,thetar,thetas,alpha,n,ksat,l,nse
0,0.09287893629423763,0.4734077124750889,0.028961117478442613,1.5925075510995064,14.084405348920214,0.5,-0.005205304071776995
1,0.09003812359237363,0.3637266085328411,0.018807818530573277,1.2720773882468452,65.44280960911314,0.5,-4.9297126616583355
2,0.07608961633802752,0.37565593367257927,0.009926295384266768,1.6447868317591317,338.25405447113,0.5,-68.0076775172604
3,0.06752613371967334,0.44203888604203034,0.018767642598952403,1.9718809398430106,63.86754172745922,0.5,-0.12704725100357717
4,0.09432587256855737,0.40357057132187113,0.01121530685930263,1.3105524344722403,479.12544452916944,0.5,-97.27282410715404
5,0.06717657800910817,0.3802745851767729,0.007594551240535069,1.503208103632757,453.6184554419036,0.5,-144.16347895898036
6,0.07527267251428739,0.48178152805597024,0.01817523137536914,1.8396734401472261,59.100647807148505,0.5,-0.887625639959156
7,0.06109322297235636,0.3646706202196045,0.028668612670508103,1.465327741514075,406.93140786428086,0.5,-7.760137044761809
8,0.0583771691035498,0.39780903750726554,0.029501143541391647,1.4825751477595897,316.14714937584534,0.5,-4.631935391633348
9,0.09118787247638535,0.3850305242779133,0.0210305625797841,1.7070045647097172,268.5946796812459,0.5,-6.39856515515617
10,0.06525848976050297,0.4711844944584551,0.018385812861375472,1.6055582540944582,438.9297146818592,0.5,-20.518744747559104
11,0.07588483475670778,0.4850559016677762,0.01119422967217067,1.2052456297573524,37.553210874660415,0.5,-10.955882828547798
12,0.09917707356992109,0.49783781792954496,0.017118248936650416,1.777575914327046,177.55967355550553,0.5,-7.042003623328162
13,0.06733990824153735,0.426510976172837,0.01971804249178489,1.9461138506626856,425.47085575535226,0.5,-5.5539866468726675
14,0.08164330201635221,0.37371423756397365,0.01206158670375582,1.6855300402052034,81.17410852758809,0.5,-14.184310197123935
15,0.05418720939976366,0.3785718298487783,0.01250881969705335,1.990927251291021,465.58541872482516,0.5,-25.07224575211475
16,0.052850466033022736,0.4863041835039138,0.018869816317973773,1.1704440854765918,71.1820195660551,0.5,-3.9873385922632574
17,0.0998047786478875,0.48798903199232974,0.03469844877259619,1.3693694903467146,372.67861623976756,0.5,-4.789096790931951
18,0.09538952238146917,0.4058464240639532,0.00719295202976297,1.945765137223361,215.45733639636757,0.5,-64.96052058675137
19,0.09074872886329165,0.4594970502577039,0.02043439811484276,1.5938918221877534,486.8482018208118,0.5,-17.311451314479765
20,0.08129610980745094,0.3985125335577576,0.036934736624966845,1.5728124319172392,486.41159335833703,0.5,-1.7985420549320055
21,0.0835408584572625,0.4134113805219062,0.021827700435845213,1.649968359791378,162.4459503932388,0.5,-3.5359342017370237
22,0.06552386040370634,0.43226488832655163,0.024922272842078576,1.6966284037041515,15.799927951080981,0.5,0.2955223811183877
23,0.08433502306692664,0.47661091697322444,0.017694509393620876,1.9689011772948295,359.66126622569396,0.5,-6.590527788042588
24,0.05401979882989132,0.4984756089616824,0.014214076724198423,1.1409681964710063,354.2457953881085,0.5,-40.1876907095542
25,0.07693736122080619,0.3826405555560538,0.0340025109009966,1.3259429119148318,269.4169140304672,0.5,-3.60903833156471
26,0.08870502712982908,0.38813641338156624,0.03392781060819663,1.1743612531791128,490.4193016721717,0.5,-9.736467548606713
27,0.07290245145033526,0.4048923764116386,0.02098812767466198,1.2195776199039523,152.6801882960954,0.5,-9.737948959187056
28,0.09307942502915001,0.46141809779102083,0.026348507889985155,1.608651379701743,376.864892995968,0.5,-5.346849305763111
29,0.08776159535498826,0.3590379624066564,0.030092823827314368,1.6365401367310959,238.27990717531884,0.5,-1.103672233482993
30,0.053316092012928556,0.4389345038320861,0.007544001025936541,1.8390783738340541,231.58432522685973,0.5,-68.07737653902853
31,0.09746866524026145,0.39237668142543203,0.03914272685180398,1.5765016786401034,441.8485780245892,0.5,-0.9238649930228957
32,0.09826816817184632,0.41992773371772196,0.028807057394249283,1.2443485640777614,309.66357543330474,0.5,-9.111558354406478
33,0.09642295953083035,0.4985777054872469,0.02299901602875526,1.3714799815054501,30.764792785131263,0.5,-0.5466941421825033
34,0.06261270039613259,0.37258110751507945,0.011762883996981794,1.8522306745246468,119.24334642823783,0.5,-14.747536971272206
35,0.07563612037036108,0.39168529375542427,0.03679569193237844,1.6712151891420821,122.34273190518192,0.5,0.6770563777053067
36,0.06382131296298067,0.3612145919075046,0.011674411838030745,1.4021462033618832,212.80451825618107,0.5,-51.36945406042652
37,0.0773998818456915,0.37927078870011754,0.023596153864917674,1.5337336689299912,456.1176972902495,0.5,-13.339877650686537
38,0.07847490269417441,0.4302028669394589,0.018674474215418964,1.7371571299300261,284.04325812777773,0.5,-9.133967637998747
39,0.0766190426964092,0.4804573873729868,0.009103108206426659,1.5963393108695911,484.75000559740363,0.5,-97.37407999530957
40,0.08876242004937862,0.3658931686399029,0.024420173106096274,1.7946819982058861,150.56824739726412,0.5,-0.5927416841730173
41,0.08068365898148262,0.47108482471322216,0.009749135360575412,1.586173877114049,87.56197121295462,0.5,-31.895888892978064
42,0.0958367211157023,0.40896918868935844,0.014682139826177006,1.1462734251126678,452.81052511350595,0.5,-54.04402511503492
43,0.09346440646340484,0.4244676223419929,0.009372941915425296,1.4604668901892495,67.10293638944398,0.5,-33.00445365162967
44,0.0666766920545364,0.38370868819119536,0.013401112188430913,1.550827188716118,284.79438145794313,0.5,-37.653793916790676
45,0.06652302364212043,0.4179420212542253,0.03457720530907162,1.6894883592119871,334.34063888542875,0.5,-0.2585790313311358
46,0.07188606693066762,0.3772737989632895,0.022362932114559204,1.7063730657111824,135.45212458060834,0.5,-1.766909812398593
47,0.06963904444776547,0.3888112921471508,0.0371966882776613,1.3835410505476486,471.9915042663055,0.5,-4.7241193239957715
48,0.07758716886587319,0.3935990380619282,0.011594310180744293,1.1338825093768197,229.86753121818273,0.5,-45.66479061227356
49,0.09276809358877905,0.37079203603795446,0.010080788768471356,1.7248353111364954,179.3814336296168,0.5,-39.54026640732506
50,0.09278615665841919,0.44018128085021774,0.029011049778614316,1.2860925018881952,272.3531205539143,0.5,-7.3241554387117365
51,0.08175158794595283,0.3929425579870483,0.03562069220913981,1.7590319128388967,451.3799464847662,0.5,-0.263260890792022
52,0.09662884090706968,0.42415346240436563,0.021480056603021214,1.346837022426767,22.39880975279883,0.5,0.14554362906608653
53,0.05172392626381822,0.42492322940716737,0.031142322125504024,1.500296890127665,241.73847399018,0.5,-2.174588387962235
54,0.06488526669362549,0.4039104697108016,0.022509064426042107,1.5576799264605452,59.69400842197667,0.5,-0.660056596226813
55,0.0835706860797906,0.45223133042443076,0.02718721955242443,1.3460940683650444,491.4340955349306,0.5,-15.45365145035587
56,0.09888054918461878,0.4953787626408977,0.01903438686443542,1.9342630144851507,103.28975350840795,0.5,-0.9775654660133586
57,0.05848507733238157,0.45599869643506974,0.033064329922204976,1.5555872320043924,198.71229647165654,0.5,-0.527876430410869
58,0.09032147063813296,0.41054768604578784,0.018504791534740776,1.8920272512439338,306.2189256046758,0.5,-6.344606393479969
59,0.050722765450356214,0.45729087975748867,0.03528494288227444,1.4496749055172633,417.52362077972583,0.5,-3.7123319872123446
60,0.0686425691933266,0.35509752187455784,0.031005227339032868,1.392435667684004,475.03722467797223,0.5,-9.307603550720486
61,0.05733915554029768,0.4968911390764063,0.027527871170196637,1.364172527390266,288.43475117920445,0.5,-8.61590831980721
62,0.06968011811743621,0.39151286762827875,0.032048076571801344,1.4845796686429455,33.14649833565947,0.5,0.5413602128564878
63,0.07454559208008413,0.44061852948162594,0.008332094436162438,1.4193368800538075,342.3333302588147,0.5,-114.07005711752811
64,0.06069849222591904,0.36150391074140786,0.03388478169431308,1.581317760009815,429.5811794141474,0.5,-2.334756132857485
65,0.05500989893534105,0.490082308774725,0.016135439488263716,1.377674832076999,300.73004813079797,0.5,-33.81518831452
66,0.06282139775011655,0.46955455726019113,0.011803276041006543,1.3384929675527877,409.118618692662,0.5,-76.12961617284093
67,0.09318971464261157,0.43922439364995564,0.03949283520595546,1.9214493802994945,159.28160369552197,0.5,0.5783113544704619
68,0.08651209227773685,0.351742457493389,0.008901950142666279,1.9127549043810412,38.419333608715185,0.5,-12.800288849248124
69,0.06463034527226702,0.42370136981777146,0.012016994194461046,1.451595719476357,448.14797428060683,0.5,-71.50838582810117
70,0.058925893104696585,0.39518344582040604,0.030153466547763963,1.3541906871040146,304.54006328025343,0.5,-6.452749853624548
71,0.058765664121252975,0.4739982857782363,0.010228189276076558,1.825564405962937,470.8961724749753,0.5,-54.470562440522684
72,0.06464303392224646,0.46928911370723764,0.03572559267533811,1.8345839072261794,149.9301830476844,0.5,0.6276394719610237
73,0.09171978897383423,0.4353823780561328,0.038911328501753426,1.2127773890738238,138.6751238065283,0.5,-0.03081886115237742
74,0.09426814223188991,0.46630329216645083,0.01583566942143339,1.8273991700014474,307.8023830773494,0.5,-13.046644753093231
75,0.06298096228151039,0.43269750430635745,0.02186669318351276,1.5136684186071039,278.5430121842974,0.5,-10.747388550531968
76,0.05023937040205818,0.3790084050994789,0.011338562882854942,1.4693043921193238,229.2391356332347,0.5,-51.97090585167003
77,0.08544390600637376,0.45674937550653005,0.03729155339619964,1.4162500329173051,388.8124050323723,0.5,-2.9500669499702905
78,0.05163810352804125,0.48709498732317674,0.029138514231265032,1.8150516994734236,303.8531844518894,0.5,-0.4531832932555435
79,0.07836895034916952,0.44461311458756236,0.03907579355463379,1.6328710375525062,29.093256308144117,0.5,-0.002808200901329272
80,0.05715585609098039,0.37490360751156393,0.021897353778675195,1.2726093579296556,413.1110353309151,0.5,-25.639462021399932
81,0.06283561968661966,0.40098021835025366,0.024981471091614575,1.9275957954378202,142.41993710836746,0.5,0.21421060069220654
82,0.08341353466088897,0.43469975794013677,0.016858756059525054,1.5799877920301997,324.34613989582573,0.5,-21.92986437581214
83,0.08318342945527135,0.4679692542680421,0.02764516906578019,1.1576357987989163,166.94823448124293,0.5,-3.1264920145435964
84,0.05795257525215604,0.40419063260387456,0.018606534576171972,1.963330653800322,269.92035873093397,0.5,-4.148063163037099
85,0.07637029371612303,0.45518287072475583,0.026898205268799984,1.5612421941086119,412.54236966044834,0.5,-6.716897328978185
86,0.09042087187447587,0.37329718929424066,0.027512725649162566,1.496458836625464,124.69300249378438,0.5,-1.2061948131493034
87,0.07970332674072583,0.45804167368141424,0.022672426470070922,1.123863525335219,197.95671730873482,0.5,-6.526742426815201
88,0.09806061294865553,0.37499139006098003,0.0362467008407136,1.5267380817241873,409.71349724688986,0.5,-2.1425658246710437
89,0.07485690600284582,0.49547412443653965,0.02675536616036034,1.2352766160748507,225.365530533623,0.5,-7.871283869380628
90,0.059576031145668146,0.42188862214072353,0.03893337185236647,1.4991745532883285,265.76628061755446,0.5,-0.3406248359496149
91,0.09295855868881503,0.45496943943248314,0.01745637722513214,1.7955010258861799,165.442844770622,0.5,-5.605783861757021
92,0.05428984846135989,0.4340421268428273,0.020456068040650782,1.7331137169687691,404.09927722196034,0.5,-9.34907785570517
93,0.06759503000384226,0.47836377980208056,0.024897073454178756,1.3853595335096678,16.79483642266992,0.5,-0.26054892029262455
94,0.09011080738796612,0.381856410882715,0.03133232834338441,1.6377125529599155,152.22988106082437,0.5,0.11586260704713747
95,0.09611180510259863,0.49227477073520154,0.02468952880537397,1.171650508947141,118.02587637462146,0.5,-3.0531165695376714
96,0.09164492117384265,0.48164692719061686,0.010962203073467378,1.8135247999128725,270.86614226566525,0.5,-34.245095235837546
97,0.050019365171828485,0.4844104227295024,0.01616081395146405,1.4245296090145962,375.900749082133,0.5,-36.90428310307379
98,0.08273880473179179,0.41938118481724107,0.03513231982142546,1.486641142096523,422.37600778279796,0.5,-3.1116300504860757
99,0.07408157444349081,0.3515393627367221,0.03327906476968657,1.4468436232458672,128.9518432127883,0.5,-0.1661812383383381
100,0.0670576258452687,0.48641915687244724,0.02178269935777357,1.941134668349807,41.86286120544135,0.5,0.4269454851257849
101,0.07828910047846009,0.3672902617810941,0.02863295817752147,1.660612166578383,401.24554714945367,0.5,-3.3759133412514686
102,0.05406022895559373,0.4888262973629229,0.027304485989913273,1.2857542124872356,313.0069655984542,0.5,-10.898052455348859
103,0.0882983743017724,0.3778759004249011,0.016014880879137557,1.3149684651960825,445.13838037078557,0.5,-52.036078644199215
104,0.05807652558639297,0.39946792893537486,0.013910312068740133,1.6462381513711974,364.1952239620474,0.5,-33.54971976995422
105,0.05491918108193911,0.4631848204315229,0.028455134802628117,1.1299741879377805,217.17957985818327,0.5,-3.355893776419439
106,0.05565296045332705,0.4834399223239775,0.011375932381141717,1.1931381974579425,13.811959729030097,0.5,-2.3822921919385704
107,0.09458523978684175,0.419700309224044,0.03601198296967113,1.4550417894947505,377.6207657261588,0.5,-2.7315539444337875
108,0.08824723034292214,0.4480675089609872,0.02461140088662489,1.3419471233132951,209.67430546057764,0.5,-8.500661447499073
109,0.06952556219767905,0.3803750399705947,0.035586393918438035,1.53244331150099,143.04423615398204,0.5,0.3211561336847013
110,0.07283820534316482,0.40760486298652665,0.009204801298337539,1.337027815989686,329.686132424652,0.5,-102.51711472067525
111,0.07721506104279158,0.4078052577854982,0.023388767907569413,1.6641970047708292,196.64892520971972,0.5,-3.0809999129348222
112,0.08668071496510707,0.43263730289610436,0.02602298129112214,1.7555641837821097,78.7288268993542,0.5,0.41475145284708204
113,0.08885364051571913,0.40643211753383734,0.038556095138014924,1.216146216113781,323.0905263085543,0.5,-3.2651241825158044
114,0.08146828299304,0.46295747577619656,0.015369869544588575,1.4801544252791148,173.72451130102704,0.5,-20.93327469012213
115,0.06891209355628553,0.3884466184830892,0.022440368346406885,1.3222659332531594,86.3209327663039,0.5,-3.6416669750501525
116,0.059237168632951365,0.46274219667944044,0.030508391747397175,1.6766363727863123,281.05023662119027,0.5,-0.9463990643689593
117,0.07657077475172822,0.439640927918075,0.03977535455541232,1.7159894196273242,226.50533483707596,0.5,0.6314656118115922
118,0.05927900388795602,0.4148433881367974,0.026490152486539117,1.9257261524271163,232.21959187986982,0.5,-0.06588702028210358
119,0.05120609027466166,0.4674542858856135,0.01804431845873028,1.164861680638429,219.30658829940296,0.5,-17.825880435538487
120,0.09191683712030879,0.4432683714674092,0.01678437696638678,1.958710157087697,467.5830780733046,0.5,-10.777945870889765
121,0.06635381043890108,0.36759779079282223,0.028752663499601483,1.993989183124669,160.54858849315383,0.5,0.599042120038846
122,0.06559516365125692,0.4636438941167821,0.010691357850826626,1.923092843809285,326.30558971719023,0.5,-33.12803247123556
123,0.05075966431468236,0.48742714926557584,0.03287251396097524,1.809055112890749,105.97053535307946,0.5,0.5538452343346176
124,0.0536609441653115,0.4643386935116188,0.026195973666295266,1.732097498430183,481.47190203867797,0.5,-4.2154046810710115
125,0.07593889739333845,0.3565273982095216,0.03502797958271944,1.236906701331792,398.2794703692866,0.5,-7.0832871558173025
126,0.07237542157616478,0.4640356771839096,0.0313604999617224,1.8680408805396587,173.07967518136493,0.5,0.5596981855517746
127,0.09036900270773995,0.47793208552181154,0.019683377571164812,1.4216369022616067,60.231554395930985,0.5,-3.5924144987110296
128,0.08989252466102352,0.43004483500340634,0.02301192384923747,1.1382874983432194,261.6868222964416,0.5,-10.920040232108649
129,0.07415242126274954,0.43302235240757136,0.036077530826876814,1.494061583496105,369.55519100904365,0.5,-2.0418881060337974
130,0.09387977482500168,0.4678365670968705,0.02203961560556851,1.692783063125054,53.58638037418152,0.5,-0.09190207810301132
131,0.08701538380553789,0.48826642733930564,0.037230572980228874,1.8163948046320928,376.09984390617024,0.5,0.43834793868380073
132,0.06984086166614102,0.37181982288298787,0.022617119590778178,1.6050315501070842,262.59981054280416,0.5,-6.708476862012444
133,0.09239950440628489,0.45536286884084576,0.016642787615529314,1.2218652958342933,345.69121197297994,0.5,-37.658492603546705
134,0.05451167377547536,0.35105187923478287,0.02064694133674562,1.5790988171692701,300.3399631855298,0.5,-11.697838517496539
135,0.06831232137750645,0.4009290287206044,0.013069373068037205,1.6745673928520541,271.24256490103954,0.5,-29.96884200814278
136,0.08859044731871968,0.36620536346755517,0.03872541221889329,1.5444352398186305,306.8438192490405,0.5,-0.43257732326471454
137,0.05241690695665629,0.4558195991649274,0.01216434527402882,1.9046420054461195,169.62142159683842,0.5,-15.40567808513168
138,0.07501044891375935,0.47003157677636576,0.024086642510677797,1.1131897379482911,260.61899637136116,0.5,-7.056107274002031
139,0.058222394107036966,0.3727760499599758,0.02347894011980737,1.2888602312383268,9.124144052903954,0.5,0.3148136436647546
140,0.0676877150548058,0.4164543172413297,0.03944646307320492,1.6563885753255918,317.26955341481647,0.5,0.27985900977897404
141,0.09718208171294225,0.4993621134321492,0.017485416068646207,1.7270482473055815,410.2520453763075,0.5,-15.952719428103112
142,0.07631664382013023,0.48078379034040086,0.02985655800425687,1.19027867663552,147.933940014878,0.5,-2.2604429350876
143,0.06451637383758198,0.3697748457202497,0.03829903592443867,1.191714928616532,309.09282127084487,0.5,-3.0501564985664045
144,0.08424911795528657,0.45310896152964975,0.027590450313962386,1.8349169009562456,440.7504594912984,0.5,-1.6556204315462115
145,0.09126797112801924,0.4145982289754767,0.010756090693770861,1.7479647532208313,279.36145026164075,0.5,-42.34276563447168
146,0.057463709176635194,0.42300562132548825,0.012876431640612834,1.2885260661543114,457.22158173295253,0.5,-73.7921639248756
147,0.057256157864435275,0.3814946278587852,0.015255917122632344,1.8971651058190526,18.146726140989067,0.5,0.10369933497065997
148,0.05980297297361153,0.41208280500835576,0.0192325099980969,1.577740737060049,236.91245356756602,0.5,-11.38789459265609
149,0.06845419753219296,0.43804970936388465,0.03565198317389391,1.6417919336608842,337.3732567854697,0.5,-0.3925451129117934
150,0.07667112123641218,0.4562834625009736,0.025989950423406044,1.3959352551964517,80.0468396085482,0.5,-1.3842786054312737
151,0.07994330739929503,0.394110472744486,0.009331259204327067,1.4332230010804319,434.7381408500258,0.5,-111.03971771073992
152,0.06851338608716515,0.45917726088261224,0.00802582094267155,1.3185644357904205,43.89270590530928,0.5,-33.99202499635592
153,0.06812152047933151,0.37404507188543384,0.03805055408924471,1.8312283268634633,351.48064604511063,0.5,0.5213637803695834
154,0.08085928584119659,0.39382275394785543,0.027703690820087598,1.6819177641583964,79.37072584475324,0.5,0.4576010124130854
155,0.06368032669523645,0.42272757273284195,0.01416153854527731,1.4659432858899872,435.90150002130025,0.5,-50.890819900488694
156,0.08590682679795152,0.3906737880160896,0.01694596847667179,1.111902757550134,309.9679314273355,0.5,-26.43984512304463
157,0.0839458401825232,0.4404936569538978,0.02869003340051538,1.9615884586993233,332.85654083774654,0.5,0.015978804772140753
158,0.09052639580882199,0.4285438924127095,0.024271908696917137,1.566210522368797,6.888013611445533,0.5,-0.05635723179530405
159,0.09711745143312042,0.42483494425160817,0.03645830997404242,1.6842957594527634,341.7268836858613,0.5,-0.054957361373072056
160,0.08932821416314024,0.4255135547797905,0.012773475672830725,1.804151098510312,420.6966029398871,0.5,-32.787213957587234
161,0.08656076015135614,0.3954643723333678,0.010950612160386834,1.103434894562334,463.5766503313139,0.5,-73.8424356768596
162,0.06959374601093077,0.3654383918473509,0.024293401673411118,1.970611198657017,146.77056956280006,0.5,0.15946449748424119
163,0.05431036118688382,0.4756123268643536,0.02064183664393194,1.2971168644148237,88.09368963340926,0.5,-6.133738599833441
164,0.08438940963101223,0.38933783622633367,0.02089216598399729,1.8439320332855054,491.28285916467615,0.5,-7.6905828564479215
165,0.09753893426641233,0.49606684977119614,0.03776949438265561,1.3413035998558598,314.9467680610576,0.5,-2.856888338676128
166,0.056861024493160196,0.422034602421499,0.03932291499527768,1.293652163537252,84.69182354887532,0.5,0.41778280649058197
167,0.07269415791111139,0.4509749019759545,0.035568226526376666,1.75216440097442,477.66775737641194,0.5,-0.2968679826276608
168,0.06780831503923823,0.46421910766982866,0.02472416654103156,1.4092614955983194,355.5705237800621,0.5,-12.771980917010685
169,0.05655610478293046,0.4022971667497939,0.025132059360392103,1.7256992465977987,58.80229452135378,0.5,0.4422348285966631
170,0.07403712694306883,0.46913381333934834,0.022259209094448243,1.8218413502217545,248.36903649974133,0.5,-2.641420568799343
171,0.09835096793327555,0.4394207776046622,0.02230711264286711,1.99189673161949,190.25928744019214,0.5,-0.5519977065894297
172,0.06783009589201552,0.3925812334688052,0.03675231782699664,1.344574632817602,39.936759326805046,0.5,0.5247739589424495
173,0.05592581314627868,0.4544195549442881,0.022605890232781742,1.8107196203256213,293.8269341088091,0.5,-3.211341420148865
174,0.06657830200442415,0.414485770085795,0.027203475618498167,1.6545488956265264,331.6711492247045,0.5,-3.1619489671610683
175,0.06574985406029749,0.4744444481854066,0.03312644177391734,1.9155955712820512,204.76093673709317,0.5,0.6142722166161088
176,0.06583448914587318,0.44472988647871325,0.008295444904879268,1.4209962806067669,356.6226156004041,0.5,-116.62839121733286
177,0.07046150332159992,0.3601264161212611,0.0307354307470577,1.6722882899528226,255.43151540719396,0.5,-0.7521485286314478
178,0.09397114369856824,0.46858977669282287,0.026904276337254014,1.1147676048536002,188.63708619087902,0.5,-2.8306315035681258
179,0.06593243871050196,0.47133332833665287,0.018967470674882143,1.3570285663165857,14.777106344450118,0.5,-0.6597884960095293
180,0.07726897254915528,0.4504677058790445,0.03972762658375018,1.1096663746128848,255.01391120864074,0.5,-0.45959492208222485
181,0.08401841179923905,0.3626091770999239,0.03779863842720202,1.6024722471860042,489.35500596975265,0.5,-1.3711909531436417
182,0.070474885445379,0.4084528779348849,0.028226807766637253,1.1662712092972842,359.17089452889894,0.5,-10.279684131347306
183,0.06143703634315885,0.4436450839671633,0.037622105900916,1.9951498146744622,39.35699049578193,0.5,-0.1701350037735576
184,0.09180838784051265,0.40628469677544854,0.024358598123797766,1.4509693564452166,117.66247614534785,0.5,-2.9057438796630297
185,0.0968434105069183,0.42541096041694915,0.015598308589794595,1.4406490067574889,136.41193568788498,0.5,-17.493491246293424
186,0.07056866397448994,0.4252262014900965,0.031620826238383866,1.5041814920393064,182.45752491906168,0.5,-1.0044385812040857
187,0.07548508533977291,0.4912497320782091,0.019612453284674106,1.471491123423525,430.07053856764264,0.5,-24.034842789325037
188,0.09698514663494988,0.4867757265713545,0.016272422990289262,1.3324925195571307,74.07320413439399,0.5,-10.184727901682416
189,0.09469758524774391,0.3949404084768942,0.03757376296210365,1.169127226387301,311.95667959222317,0.5,-3.2370792590924546
190,0.0839517072488242,0.4305869638182771,0.014087145279259257,1.3739815827688258,383.7417292280223,0.5,-53.7127784142359
191,0.0797837638563651,0.46457239748399004,0.016380051665425024,1.5710649775962697,474.19147580208846,0.5,-31.855259116255723
192,0.07645239822853497,0.49642012478659653,0.03000696665667351,1.7718171039603212,327.52251853350106,0.5,-0.6621388748433756
193,0.055426787878206894,0.386755331806929,0.0382468491210069,1.5259970115128418,73.4379724807541,0.5,0.6228203762521586
194,0.0907863946092703,0.3876748616237536,0.03966848681120349,1.1729868400036956,104.38723297991403,0.5,0.42565132760858504
195,0.09672313780616819,0.46940106225693684,0.0379317789088802,1.775331414637098,266.9323763563824,0.5,0.5840549589517952
196,0.056143932109228654,0.44610292678535524,0.017531778656795692,1.3528825275641791,220.12241373766997,0.5,-22.500423176759988
197,0.09298922891620007,0.494400387943878,0.037425216843755466,1.2497977430142093,27.063690188786182,0.5,0.04967771111032049
198,0.0973497677184511,0.4132966286792162,0.02524451877209822,1.5760844010477373,314.516545440873,0.5,-5.979684976502639
199,0.0694439495707393,0.36033022092153166,0.030626245143023936,1.4462941618363656,82.8259573680886,0.5,0.14543998421701732
200,0.05216161577241236,0.46282186241090173,0.029978012037840493,1.4102476970025684,137.0225266908714,0.5,-1.7314649967658298
201,0.06205040795256406,0.430750208564456,0.03187569578719414,1.867634392622032,218.19906324826223,0.5,0.499743450505698
202,0.08895028568833735,0.35522901224979836,0.017548148959923023,1.278927164770771,249.30452863630487,0.5,-28.5529910358518
203,0.06600907830004114,0.3972039879669736,0.036693168363900366,1.6123338549233686,388.7330158572159,0.5,-0.7285046763108007
204,0.09414737442345837,0.4158994641500009,0.012301934802972888,1.7909755641490135,382.75240063599443,0.5,-35.033037384307214
205,0.08408028280416442,0.37028697851325565,0.01068119073078596,1.6467538243286985,328.0401642909471,0.5,-58.22128005248405
206,0.07767330763537887,0.3560341126736273,0.025221071136444118,1.2453721308967627,492.453945122367,0.5,-23.187293228933385
207,0.0742252088029281,0.40461544337478983,0.034129999512585676,1.69801804411204,444.3352456355515,0.5,-0.9211546904966603
208,0.05476344935490811,0.4787699630279263,0.022946243534736538,1.1626311605631856,378.2925904835555,0.5,-17.38465949888815
209,0.07082006273547366,0.4397495191194013,0.013794316325300381,1.1874000288437778,176.4996271422909,0.5,-29.110306832079612
210,0.06980647790286174,0.3937104634940547,0.01556738389166763,1.4880575740188915,298.4708953937577,0.5,-31.00471937249656
211,0.07908089178613653,0.4258918775478204,0.021121296528573804,1.5224514186180316,225.61686023876678,0.5,-9.427552008574573
212,0.07376181022250079,0.37541997079723616,0.02509712338233846,1.3601945670003126,414.36315404157347,0.5,-16.301155801351936
213,0.059728631174028546,0.44686533767765924,0.0364902139043147,1.9321709557618196,171.14104182117532,0.5,0.6300621200958929
214,0.0631489602884153,0.4936485461004849,0.027048139578616237,1.8457152097740614,296.768203428551,0.5,-0.749574329559823
215,0.07753512196753834,0.356426522134562,0.03922093149097383,1.982373900020972,33.2216995132019,0.5,-0.2289974856575454
216,0.06005065936276823,0.4569629521334031,0.008392322867634121,1.762514014670892,174.82199884378704,0.5,-52.35182199121902
217,0.06763658398372796,0.4451175045595934,0.030221702283861188,1.1761018256999538,10.652124708171865,0.5,-0.36406435166054796
218,0.05581877125393411,0.3571384582748273,0.014266698723838088,1.5242841717719617,107.50400800578356,0.5,-15.490589060729036
219,0.07272151369548611,0.37620024353832765,0.010823312437241816,1.8009766913090894,323.41960799777985,0.5,-42.273721043304654
220,0.07165937811594192,0.4345376843857831,0.009052090607623457,1.8789704615742864,103.04866041453363,0.5,-26.46058487097212
221,0.06990167177938594,0.3657134812626524,0.01675048596038635,1.2471464867600368,364.726835458198,0.5,-41.9751953109334
222,0.05346960206890829,0.3530064708834005,0.00873071101951753,1.6797047211603773,361.16049707055566,0.5,-84.72396955216779
223,0.07717696646239876,0.364282721391221,0.026451569695396977,1.5137510142202482,410.6087920099659,0.5,-8.897399827065845
224,0.05239870982584416,0.4503324748960953,0.03736167270162919,1.1850537322133694,11.562952799773768,0.5,-0.7409111217645266
225,0.06727503569098382,0.4826466947544681,0.019302001873001608,1.9397505086801212,223.3826342762728,0.5,-2.940975945836667
226,0.06322398834537422,0.42151705400402095,0.03927312055761523,1.776801800501635,495.47602402741796,0.5,0.2428330631863942
227,0.08191397171583586,0.4708912151968075,0.025462709218022204,1.423602436543046,18.860694266182108,0.5,0.0416746798603812
228,0.05571911933392146,0.3520373723521658,0.022341849953196737,1.1941782884093892,363.11755764085564,0.5,-21.823823932301618
229,0.08309052481153872,0.45137543584037115,0.010485770393249237,1.466628855802902,232.74752672176663,0.5,-59.98373046857978
230,0.09915157836145555,0.4926445069018961,0.027018463231197866,1.7582733648080477,406.42191447224457,0.5,-2.5180886993711447
231,0.06817595384606287,0.4937458631142254,0.007170423657159893,1.6866727485000088,277.73171480866915,0.5,-97.31744165534431
232,0.07157885950154844,0.44831483768417435,0.0230847812878237,1.8758292723084597,418.6869849509473,0.5,-3.4264456944168638
233,0.07435821489345598,0.49415928025096667,0.015529633294041527,1.5520901893083814,491.89639847074784,0.5,-38.23339167860514
234,0.08386740790364153,0.3838910361172947,0.029414895393448222,1.7824735803298313,199.02058012909717,0.5,0.041165234399541895
235,0.0746689255874776,0.41501728077874067,0.03947429121543638,1.9042790212300935,366.7111482386184,0.5,0.659687783908044
236,0.052296916003368624,0.4720724684022408,0.013661074789902083,1.850103213016546,458.0778684488558,0.5,-25.37476916906873
237,0.05547023696372155,0.4463272950183358,0.032985781698839346,1.5719894728852815,430.6239995385387,0.5,-2.714948908381625
238,0.0504050742967806,0.39872399919148505,0.015181122908367107,1.2516287765543639,428.9356108743186,0.5,-54.07972970201907
239,0.09506964356516201,0.4924701826171276,0.027125279023749067,1.9713594610606355,30.553398437989784,0.5,0.33386443284226175
240,0.07901250277156564,0.41396044779086816,0.03361417739806316,1.2781238731694695,476.3181588765655,0.5,-9.19541993127212
241,0.05192197136229165,0.3713041169557455,0.038753955473359525,1.7275258076848035,336.87726508494495,0.5,0.3797418799349017
242,0.07236341201921254,0.35804371529315915,0.035547021279572356,1.4001708483970547,211.65748187456103,0.5,-1.2512034320160614
243,0.06540887796117548,0.48520488861954825,0.02196216212224132,1.5927050326183045,21.90817252967748,0.5,-0.1205155415361745
244,0.09910868004624868,0.4287017714318382,0.020120610125168095,1.5179733149326977,234.00276109503173,0.5,-11.612426352376696
245,0.05561178102734339,0.465781039482684,0.024046849829337122,1.2670760355663275,143.42434107079194,0.5,-6.492545720368492
246,0.0818457295961644,0.49575971017512976,0.010790799043682355,1.5666360903189538,396.17682542636055,0.5,-67.47144550140558
247,0.06289075477719339,0.47829883911024595,0.021354847831154482,1.2694116802766162,308.068902911859,0.5,-20.124279720942617
248,0.09021004085810563,0.3633124070376143,0.019104568264993765,1.5897882960655458,242.60104887306008,0.5,-12.034899213079319
249,0.09450615657286687,0.4854703469388268,0.03930037875290422,1.240263081267582,187.65317903079645,0.5,-0.8483273836985725
250,0.08454281371349454,0.4991429392335127,0.03465999254532689,1.6176773705041727,162.3037556396145,0.5,0.2512503023376771
251,0.07681542000193504,0.4913769614553085,0.02611141529213265,1.4545757615415797,436.6868615608301,0.5,-11.70039251953057
252,0.05143003784726013,0.4226201317392395,0.009809226348193574,1.7902075514443654,175.46072432056437,0.5,-35.61905640052327
253,0.06641862770893635,0.35270726174705475,0.031682825492526635,1.4608914547611942,9.746092531918704,0.5,-0.10031042594970407
254,0.06531907231153032,0.4153887657377515,0.02342180926458754,1.6590323840996253,24.689909006176006,0.5,0.47578283549348
255,0.09023968271199015,0.4376964821614206,0.008168589510347539,1.5362176616230703,475.87177226846956,0.5,-125.27742347881492
256,0.056480867826273956,0.43527444134339466,0.00996425543665214,1.8445814028020096,158.10050972925276,0.5,-28.977190466817408
257,0.08416498090444854,0.36736151873271233,0.007421958968036488,1.496901523791304,114.67824744614077,0.5,-73.31725463933445
258,0.0965970113509251,0.38527778197252627,0.029429765987671594,1.9195973780270612,367.632804738694,0.5,-0.2835349971969958
259,0.06215756800329603,0.4669724010335911,0.022809214997121643,1.4109555854893299,145.93610724267833,0.5,-6.496228082841128
260,0.09138155527619485,0.35087582713448123,0.02169171159966398,1.4788798766964268,218.99253317524906,0.5,-9.979005415574829
261,0.06739455373318995,0.45913563264508583,0.03501634005117324,1.9003730411283537,23.698299014941114,0.5,-0.20889968346440124
262,0.051576533107043535,0.489224724570274,0.03532615873037921,1.218548846547288,352.9288748314195,0.5,-5.568632696327705
263,0.07021213199135928,0.4828597958300522,0.021283186854193344,1.8803737286524032,133.5124201924835,0.5,-0.8882314232046413
264,0.062483684971524164,0.38583972111851594,0.02058093743779377,1.5951576855588665,201.24419610243,0.5,-7.253075048875019
265,0.057807697592018537,0.40063591081360245,0.03340368859109932,1.8842671327955463,444.6439588409509,0.5,0.07465541938117837
266,0.08858213420289601,0.36853599709259205,0.017986800142778647,1.9775896815440217,373.64750545208506,0.5,-7.011284431763693
267,0.07800792272286905,0.45848451045631355,0.02290032217964754,1.506498725862067,340.4327327658003,0.5,-11.563352784095857
268,0.08137254565856275,0.4361952004271227,0.03386473958925882,1.1128441353885081,132.11842503389477,0.5,0.04647954590224723
269,0.07076590702829111,0.4760827763608307,0.03179672563193228,1.5326587220617718,482.47875875785917,0.5,-4.723482277045751
270,0.07308098862713155,0.45395364433750346,0.008044702750332157,1.5524905577240218,355.14029620254576,0.5,-107.52951435398728
271,0.0570236373817422,0.3860869267536977,0.023939412691603892,1.7532879748072447,372.1914763080987,0.5,-4.374950308224513
272,0.05825417940823609,0.466744139327965,0.02605203233976955,1.28982717278121,106.49182865943814,0.5,-3.153980510819884
273,0.06816421376611004,0.3769942588033261,0.017014141096442763,1.3604974031845738,63.419257461943914,0.5,-6.710612251156867
274,0.09763164259437795,0.4131000606669337,0.03820789386094532,1.5100479829877977,281.9316509410628,0.5,-0.5096398965563465
275,0.09800157380325897,0.3693665883067303,0.03084219103573181,1.5214211568205376,454.18844733627486,0.5,-5.706667098155002
276,0.08007816696715853,0.36100446723755136,0.019563809979769566,1.350866620949814,92.82483362224919,0.5,-6.67410289173262
277,0.05723343076701439,0.46107258461385114,0.036608979461095204,1.6105641564366877,286.57371793935465,0.5,-0.1690754657566671
278,0.05107443555769611,0.4413943857983941,0.03642858666598136,1.2013594713135167,110.7554423494048,0.5,0.02288176981308765
279,0.08734897785072497,0.43427330107291084,0.024816928847014565,1.3730879102766687,154.84191545179755,0.5,-5.270222570896906
280,0.07092168177165993,0.4763659721515287,0.009127915155181583,1.4760934024615942,76.98571801090841,0.5,-38.381073000539324
281,0.08770308201672097,0.4434250622101683,0.0393563637298016,1.8024861549346836,425.8322652293707,0.5,0.4566921843946369
282,0.05961034964299104,0.40315679840506735,0.015280184005937298,1.4028578992442648,278.95260776261307,0.5,-35.11433800652046
283,0.06685409052916842,0.4234814337258592,0.028021495756688157,1.7020839557418315,450.07716069842616,0.5,-3.281615510381644
284,0.05018008088610397,0.4736784431752899,0.03148588883808985,1.7136143027869193,115.21801435370953,0.5,0.4405173797910893
285,0.08143148942407027,0.4968057571392046,0.018990147902772092,1.2628397670374012,221.67734427395442,0.5,-19.715681203849098
286,0.0700018518507028,0.35349739805597674,0.008639192577454956,1.144474615940202,494.9698033913508,0.5,-125.49212002612393
287,0.0844111558974932,0.37896337988010736,0.01973150238111654,1.2024506592002082,319.9667930094997,0.5,-25.97871043243775
288,0.05437440341318489,0.488187775854095,0.03263195280754372,1.8928909823803737,25.68979724717033,0.5,-0.02966746230018602
289,0.05380153778096233,0.4949423451782825,0.010895806968636543,1.9174864785366146,213.50646042270938,0.5,-24.215842693963776
290,0.06087835562130568,0.4839402882288223,0.015713645325178,1.9441500815114559,411.8425763606094,0.5,-12.146827842339329
291,0.0825438040443657,0.3715755879691115,0.01598825442009394,1.3248882516278435,74.80545004895394,0.5,-10.22863940558648
292,0.09758206231723418,0.35539717533924536,0.010001765476120415,1.7030475260979023,48.98771788590425,0.5,-15.740260983174043
293,0.0926071275871023,0.49876709891694126,0.030934818260668608,1.3865347718825731,233.07053513702652,0.5,-3.8369017539960417
294,0.07378948713688431,0.4761473918606859,0.039160819720361895,1.8532180143013728,240.75281347912477,0.5,0.6585775763675124
295,0.06236292992199136,0.49314794638249637,0.03335141766921355,1.9846785343347026,230.94781918498836,0.5,0.6275309123869659
296,0.08489403570901385,0.3879724272947461,0.02485071350790368,1.4918772359077983,183.33109788231164,0.5,-4.426526966920441
297,0.0970740966604595,0.400205101131124,0.008699667925629536,1.4687360655342934,155.5359904479383,0.5,-67.29324162411282
298,0.06413800906732577,0.43355521133490693,0.023335106256973256,1.5348041191348296,64.37887125042268,0.5,-0.8176947589672412
299,0.06701359833791304,0.43091963248065746,0.024151992755096774,1.1621929315775144,374.51426269202204,0.5,-15.721003877048215
300,0.06212613129962723,0.3840302944938495,0.03215228374654873,1.6579248402238655,292.06962535077196,0.5,-0.7528990333357701
301,0.07545756535355007,0.367809365084913,0.014940019461290146,1.6160145384010023,331.49774213825265,0.5,-29.137653984112927
302,0.09418556223986291,0.4464547462636867,0.03578493578466183,1.3564588716521022,171.3047112139725,0.5,-0.870035054241747
303,0.05987934173774231,0.39575584392235064,0.038090168913018245,1.8336053117390625,305.88183180095837,0.5,0.6105041202737839
304,0.07388337785738361,0.475636317561547,0.020544737893562457,1.7540355867689603,168.28400313876926,0.5,-3.2780574797159803
305,0.06013942102011233,0.4516931772949075,0.032857452023340436,1.5647170298290223,15.049061074432615,0.5,-0.20539622825042714
306,0.05483975508924235,0.4435849612094322,0.031268999129841935,1.7603574178411128,81.86140195217644,0.5,0.5877398489900558
307,0.0926800685016247,0.3569612373218114,0.02576491257013331,1.7084853404806397,316.45918041273694,0.5,-3.3824767826975126
308,0.08491742945845247,0.38922427864087744,0.012979789002885725,1.8561265030539484,74.41994464149457,0.5,-6.801531876396137
309,0.09957135118379637,0.40296792067458687,0.02993373220956906,1.5021161284277218,245.49949162241938,0.5,-2.722588941957757
310,0.08123063930718713,0.3507794926514014,0.03317944267727683,1.7116589495145256,374.17794327269996,0.5,-0.8335916481663275
311,0.08640932390668235,0.4140674241852647,0.01051221596454684,1.9755528794777657,64.78538770428959,0.5,-9.972712815298678
312,0.056780742319544615,0.40745534657739857,0.015152131702046148,1.965284540057005,367.3722389784257,0.5,-12.204988516368783
313,0.07986340671189351,0.36481880433186187,0.022217197182373343,1.4265235691542146,224.21800021583124,0.5,-10.6621352908404
314,0.07818676147743416,0.38720090461181805,0.013362675721832466,1.6421957356234604,449.604836240732,0.5,-43.90743430239078
315,0.06803349638009978,0.3863973134139864,0.033689421853680464,1.224505709195706,93.93907686823813,0.5,0.0057516583016270495
316,0.05455264646366758,0.4486550258016298,0.020071796762111356,1.8199390886945181,210.05748748287837,0.5,-3.647531273433274
317,0.06618109113629764,0.35217916597441334,0.00795665311727391,1.640169167589113,483.4258807179831,0.5,-121.63671595154638
318,0.08176774775750921,0.4857536198980942,0.023238446398366856,1.6479466486154783,393.5936652850351,0.5,-7.838837939068664
319,0.0604203407246626,0.3898250885249078,0.012835578180229935,1.428135161696338,179.11238045399003,0.5,-35.65878576604641
320,0.05887768827968019,0.4007503197474015,0.017946520498518168,1.7649257290503912,476.8320878067509,0.5,-15.41632453654973
321,0.07449815019612795,0.4824902723085797,0.030923952676895905,1.5277031451925045,149.26403328590442,0.5,-0.6805288875840303
322,0.08156471441722002,0.4418181928391508,0.009795003296087899,1.2530513069575862,135.94550589492496,0.5,-51.01685865654324
323,0.05250651506574166,0.39602820540781675,0.038853356371447684,1.2055904741196213,206.71978798408492,0.5,-1.035171041760448
324,0.09779756488354252,0.4441872261839757,0.037265616001551746,1.3534834141593017,90.5517740900021,0.5,0.3820068858901007
325,0.07945363383049128,0.42466912585827143,0.00784326009805893,1.472294996472115,467.1547146961662,0.5,-141.55744255968258
326,0.056935227495789505,0.4889857176677228,0.011635481246984,1.7847974012650163,447.39121867654535,0.5,-42.67146250238929
327,0.08646089064478563,0.4675536135514921,0.025861571287592117,1.3397935955723568,313.58873439711243,0.5,-11.471992424177845
328,0.0630589435976523,0.35123583217283,0.032346776014934776,1.72398901423654,360.6389745334535,0.5,-0.7829103991415287
329,0.07624328060911836,0.4861245820385213,0.014996632433148901,1.9598803379563996,389.4505587713417,0.5,-13.040205800104488
330,0.05787604280256402,0.4856156876474938,0.03478516805944443,1.4301890321924284,197.67564819970673,0.5,-1.2915134389314318
331,0.08196289160402567,0.46717269025175684,0.032236381487725146,1.127950708026631,148.4694357992415,0.5,-0.4828982436580105
332,0.05300593978414953,0.38554525384043997,0.013593727031768916,1.9267130120889346,293.05468294035,0.5,-16.05482845472179
333,0.07673536247486787,0.4279871907549586,0.030563821813780485,1.8573222892198158,259.7763913816311,0.5,0.20790010063089948
334,0.08280461870306918,0.36170180672382324,0.011293012386727143,1.1405848926065563,342.80124049486767,0.5,-69.71130021896121
335,0.08698422397819167,0.4404262479569816,0.027683229819226343,1.6489591825680143,77.82208224725868,0.5,0.3476497872611044
336,0.07082836583063123,0.42686018204622145,0.03547578318681353,1.9927194968101134,132.7403729390573,0.5,0.5764637544355313
337,0.08260468452982159,0.39425506939168287,0.01023370893000956,1.3966033045099424,361.8728956449719,0.5,-89.81442646317804
338,0.054709405201732356,0.44791026004576495,0.020239531978866323,1.2621268220125554,274.4257491876238,0.5,-20.48882146508793
339,0.06657926738855022,0.44921313127471907,0.027070373670012284,1.9368972430863,421.3814249800025,0.5,-0.8435134795000352
340,0.06796701833815848,0.4705790300302028,0.018233586737625675,1.5626071886576627,190.72308488659638,0.5,-11.71863381370181
341,0.05810856823710525,0.41267980292160344,0.038690624538195356,1.4929291381304077,315.49061170125907,0.5,-0.8300416063277705
342,0.09355310885875434,0.4233126507014306,0.015885657939072224,1.7744316437126448,205.26724510939388,0.5,-10.649692999557692
343,0.052099694780656895,0.41079806178505857,0.016355033465705243,1.5687020242187821,230.97452710861677,0.5,-18.495837411720196
344,0.08924118959940562,0.39835573775751626,0.021253379711797547,1.6965429074273382,11.174035380427998,0.5,0.4687635427734108
345,0.06158700480393206,0.48026740114864663,0.02306390078986415,1.1787013404694735,448.5128701164771,0.5,-21.527560836093453
346,0.059502393579989314,0.4742015846911505,0.021543143281683327,1.4483826599849425,446.2169860446452,0.5,-20.638572331915334
347,0.05992721756819342,0.4749938087952912,0.030454686971499417,1.7126808371286042,203.3006891401757,0.5,-0.12911883188855722
348,0.07938798053926038,0.37323091363874344,0.011087878316123033,1.4393287390525473,488.67850331542223,0.5,-91.09523719305488
349,0.05532344990211746,0.38698424732317527,0.011446547803679201,1.1701331825352963,181.4148464863998,0.5,-42.51170960377098
350,0.05165662573901478,0.4721997973539093,0.013685510516800208,1.869690668411859,95.20243324029215,0.5,-7.074888250302974
351,0.09738953644471894,0.38210237351833326,0.02364592909166051,1.4130495674599117,320.57587858244386,0.5,-13.41813516042056
352,0.05089175674282485,0.4556880662318094,0.01304366714909051,1.6387299638308,109.81225986005985,0.5,-16.480768250927937
353,0.05114265786674676,0.4299459102416126,0.01911033933856393,1.3178459348723608,464.72514226650986,0.5,-35.37198655681307
354,0.07226596563547405,0.44704625036928436,0.020776111406848673,1.8601237035592124,284.6292350603363,0.5,-3.8045999947558418
355,0.06453754344315439,0.43606856241485165,0.025529296746764935,1.9181056004173267,7.172744732756825,0.5,-0.2493087720745515
356,0.08269132790049119,0.4975439507018339,0.03106587384992996,1.3305128602107932,105.51637481122064,0.5,-1.1550763094332974
357,0.09927529005585364,0.49804756852058135,0.018703233461571316,1.7968890539410014,227.92792074873415,0.5,-5.940153935138264
358,0.07489268177998065,0.47934215984039175,0.01990688007369277,1.2489708007095432,123.33096590643336,0.5,-9.55504295712559
359,0.08206683934709874,0.4655934352243585,0.02496816864578464,1.4010938065181968,113.86234084850689,0.5,-3.214413104740127
360,0.08361062313673188,0.4061435737041241,0.012349245872998418,1.6529277503701438,363.4819417618929,0.5,-44.01302398635674
361,0.05152430505450048,0.462207185053177,0.01401791847559537,1.679105457768585,261.3400666090198,0.5,-23.714703755307607
362,0.06252920596770589,0.49613652272721986,0.027748232395605407,1.3125678798954055,46.35921775143952,0.5,-0.5397812495709848
363,0.096208793570447,0.38360153884852044,0.03268612256544724,1.9743815352750786,83.73838324971362,0.5,0.5974211598921985
364,0.058441414921810944,0.4743064638223192,0.011990264937861681,1.242113204845783,12.820491873807764,0.5,-2.6801177740373623
365,0.07786061135249954,0.41436210814179414,0.027389099251540407,1.267330525512819,357.43020809503486,0.5,-12.30177583061161
366,0.06743853077253423,0.42829008872687035,0.0195913238799895,1.6558298517030172,56.65495264098107,0.5,-1.161169927473079
367,0.09369747775052073,0.4439665242909374,0.03124815250172209,1.943581503540291,453.02457910887546,0.5,-0.02457844932398534
368,0.06331892210949205,0.35570394334881,0.03586027019080723,1.554705602076952,371.5150024796554,0.5,-1.482553061794731
369,0.09343140628457544,0.3667427236947213,0.036235584049954625,1.474545711524818,386.6372514496658,0.5,-2.6437202193747265
370,0.0765344210264541,0.48057744316357803,0.029190166724667947,1.609254999181748,479.67774270059243,0.5,-4.6467986242460775
371,0.06826240624757886,0.42097426322423936,0.03577201694269888,1.4996226084242137,339.665745810259,0.5,-1.750991849591495
372,0.06951309762106961,0.47765360374082966,0.03787486917960271,1.8231374687086943,113.21273435688023,0.5,0.5279439456842872
373,0.08505226291348877,0.37199888447455814,0.032405672040787335,1.7178741280009016,244.94983960364908,0.5,-0.06760356721741134
374,0.07794119252679352,0.4501768674048644,0.02276343529563348,1.7046995378534935,295.57557927413853,0.5,-4.938302378893786
375,0.05553108971215808,0.460349361943638,0.008665575562462492,1.5574400096352685,181.92361487377707,0.5,-65.69759242241552
376,0.09950584066956879,0.391325061555685,0.02791304568684369,1.615776232816212,403.01104642990686,0.5,-4.683703216683714
377,0.09820330234927901,0.455496862991368,0.02780857717148686,1.6306679063512513,390.6652742335205,0.5,-4.017913072666965
378,0.06434147502878462,0.3932252397034589,0.015453867377980844,1.6509055031104132,47.5133844239346,0.5,-3.514999941867668
379,0.06362453405029626,0.3567339760764908,0.008930582654097814,1.9946768504877965,235.37794516272064,0.5,-39.41005696021808
380,0.08117100105047304,0.41158496542004286,0.007258824777329924,1.7342976445423717,72.9616686531949,0.5,-44.702712449558035
381,0.06089184920690705,0.38125653855039315,0.023743342292235917,1.3075859750542533,244.1916000502073,0.5,-11.8520211120433
382,0.07103626093535698,0.48959286262820434,0.018423317922789756,1.1359251295764297,498.54699530310376,0.5,-32.78618103233831
383,0.08809148768971797,0.40662189810957944,0.03590967803453885,1.6245158425308142,345.3511895916438,0.5,-0.5440404665512528
384,0.08892105199280723,0.3798058573168702,0.014334116572852742,1.3141614240521844,212.03437138095524,0.5,-36.718592360567
385,0.07383618425810376,0.4021132581132414,0.034207627077166895,1.5188445420072711,497.0492201239228,0.5,-3.8480345158622624
386,0.07417534786562265,0.3796424358981607,0.011792689947854495,1.7975274647016355,62.0562263035961,0.5,-9.419037162736515
387,0.08410176968281229,0.4656113847199594,0.011668479725957796,1.7222347406123266,111.66134285018695,0.5,-18.957507580661584
388,0.08109445836516982,0.44711668145013667,0.013249546848349253,1.5204201944119466,325.6343954755748,0.5,-43.71552610583913
389,0.08761456880231838,0.36249756397455857,0.00771143104958698,1.4779260272176273,43.09152800594164,0.5,-36.27506915832701
390,0.07478671882042635,0.4417142952701406,0.009011514103356188,1.812367300486343,314.22288976900694,0.5,-58.835287060367726
391,0.09375692124884104,0.41226096086196684,0.009545795865354034,1.6260146318318518,210.85755961180075,0.5,-56.1617424251587
392,0.056030819867461015,0.46163194313439254,0.02277856318782371,1.8284246371308024,207.191598264804,0.5,-1.6656027827688753
393,0.08101681307506058,0.4770897615967621,0.029888800752842982,1.1771832147440136,223.84277566993407,0.5,-4.392693180297135
394,0.07321496801132463,0.4800951433260544,0.029657241830030566,1.983240209255352,203.625652763315,0.5,0.5420712613567871
395,0.09894992004256684,0.35706170790155184,0.02380950940474711,1.6296627573008893,275.52839766977485,0.5,-5.642361661079363
396,0.0805667490225301,0.44566440933456963,0.03025297040072645,1.4228614840613707,26.02146758542343,0.5,0.3254962889833326
397,0.09926084734699447,0.3805688572573597,0.03116869319790086,1.5409118253584708,450.6051734633745,0.5,-4.852837368591513
398,0.09521488916948861,0.49022814592589536,0.02963956862330113,1.7398385661373261,151.63556736807226,0.5,0.22381572409268213
399,0.06911460151454739,0.39622083877341535,0.029575237158109176,1.150465132102771,131.7754084960785,0.5,-1.248372135256679
400,0.0753936034052853,0.4898635793413858,0.028873108192180003,1.4270217584274816,469.87677168418406,0.5,-10.023822067473331
401,0.08978173179107918,0.44725649600372513,0.02163648799390171,1.6012826033292387,199.75219206457916,0.5,-5.812860468771461
402,0.08837543060258977,0.4909410133280016,0.00888056875629511,1.9854193406424698,230.32101111134418,0.5,-38.11586874944381
403,0.05759822893652957,0.4868861700010913,0.038146259344822755,1.1585687095819897,437.5009796677571,0.5,-4.590325306542538
404,0.06694589464757086,0.44218953760015156,0.015331994837449342,1.2071489060620704,157.565647241448,0.5,-21.81502935067041
405,0.06374516816299274,0.4525739260014879,0.0316876860659527,1.7043974714231933,398.09911726533187,0.5,-1.2020274230336914
406,0.07327221675319329,0.44774441296743067,0.030345961149492777,1.9503709393170685,246.26385096925347,0.5,0.461128516415778
407,0.07975515516122683,0.48429058985027884,0.025651006019677604,1.1304590566237573,254.43804583991255,0.5,-6.464024895961108
408,0.050318466771372285,0.4012067054095467,0.025059395121813953,1.7613870847007982,123.71884745261279,0.5,-0.19523577824963945
409,0.09860307311421676,0.4415201075863322,0.03612234586801741,1.1889498998728036,294.73955094239665,0.5,-3.4227785005792146
410,0.08847225569398881,0.3968004488295528,0.01740045208465834,1.8170967282389738,346.53913520206316,0.5,-11.347476125021565
411,0.09401385433944318,0.46539592442330624,0.013131678514368084,1.9624259017248196,454.68976368365645,0.5,-22.143435920860455
412,0.0988194365172391,0.4972974733976011,0.011555856958784368,1.2549443510605098,35.827992160235326,0.5,-11.494253956715417
413,0.07361277896099623,0.46153815279844224,0.0171568344066806,1.885830214674304,481.8623361432482,0.5,-12.318913489314374
414,0.07881470921813417,0.3594009373110632,0.00733498042916425,1.372953089368072,57.69948147069917,0.5,-51.25073728877143
415,0.068703459164324,0.3614277424073631,0.029700498406489702,1.5889336445763402,213.78962869167017,0.5,-1.291822912005539
416,0.0821182399786323,0.38718845040570404,0.012083679521548804,1.365876138048602,399.61454523913363,0.5,-75.03756594979328
417,0.07325849978735202,0.4257313906466915,0.026175783594852627,1.9150824504424753,289.8071255687274,0.5,-0.5388271388572443
418,0.06494665682911868,0.3644273814621486,0.009870562913976474,1.1752494923553576,238.8905576829435,0.5,-70.67625722359874
419,0.08014102554947891,0.4577816483051939,0.01127538757782168,1.675832130427897,350.593667552906,0.5,-48.94437994163633
420,0.09109880799812461,0.40875742763423745,0.016612054421048475,1.4178466187869296,339.2796099283836,0.5,-33.645020469938174
421,0.09380224889210606,0.4427816743601686,0.03278458680328124,1.2205565881358056,302.28318325047434,0.5,-5.567230913115864
422,0.055758126221446457,0.37830846022025705,0.024584160722970337,1.6334637280394972,227.27547069133644,0.5,-3.412146460244638
423,0.05738762892722039,0.39188835930015803,0.009848311109185508,1.3217912791235091,460.24782368034215,0.5,-112.76296612054078
424,0.06270838843393108,0.40552788999278727,0.029539055076652942,1.8427565466278129,126.71701124414341,0.5,0.5747555744676094
425,0.09198649966859056,0.3922173346229039,0.019325435295525925,1.3043289480691242,290.2325504758268,0.5,-24.731843455913232
426,0.07150236996872161,0.46835840675820983,0.012720106273468684,1.3703885185907962,294.3428906151448,0.5,-53.48796461297223
427,0.07007821219661392,0.4908100531936566,0.009520273809589589,1.9328929098557848,252.93640401567285,0.5,-37.07225070175584
428,0.09173783621750023,0.418457081041389,0.026430669748590367,1.8188152506553352,472.5167302653193,0.5,-2.7718705640174126
429,0.07646639982440574,0.3989601572859684,0.01692321575429348,1.2359991817938298,424.3680827696035,0.5,-44.83772013843698
430,0.08917825653033282,0.35972814793585217,0.034522588871160276,1.8946153121800293,428.64361438158926,0.5,0.15264049546507907
431,0.07842854430675561,0.47027205943195477,0.03860175806795496,1.1594676529707235,435.461403586585,0.5,-4.359653019135525
432,0.09487909634984065,0.46817146406745125,0.03292866571290541,1.2112873896867495,170.66482863635676,0.5,-1.9452678332442015
433,0.052308081001846814,0.45199644697736435,0.012668175935670652,1.5901673436944828,414.69696124728955,0.5,-49.194198725612466
434,0.08256302531979144,0.4866962202378933,0.0323241340044242,1.3202383327288776,144.96069247608915,0.5,-1.7158234760237323
435,0.08586302803433044,0.43856526841768084,0.017839356480488462,1.2685086804111805,327.0116752933706,0.5,-32.00763894163676
436,0.06431002130645451,0.4530169668891735,0.03321745464391677,1.4079847720962853,340.7157895245446,0.5,-4.35000629640898
437,0.09313474778233848,0.40921258273506933,0.012224962031125497,1.8809074296799668,116.95198253875931,0.5,-11.995920992730182
438,0.08548815582597583,0.46441217437727955,0.01666762947723533,1.258767865604386,378.58498013127314,0.5,-40.72736620128661
439,0.06878980353025638,0.3619028137928164,0.011150589143903253,1.3377182421535077,112.74558632902153,0.5,-36.99358965050769
440,0.06669007977961809,0.47532456881714313,0.032738609768945666,1.584141586795894,54.03640276245603,0.5,0.413618048224186
441,0.063115385604397,0.3692360992785394,0.03469629593526054,1.6627129412043224,172.15882603308273,0.5,0.4391244185983213
442,0.071246789825171,0.4109303716363666,0.018556211617581166,1.9547301467817042,457.85052944331676,0.5,-7.505867839770014
443,0.07956179226834811,0.45335385424718716,0.02238907671822673,1.2604427260901327,194.95196410458118,0.5,-11.184067736519664
444,0.08132362868668178,0.4660669808566333,0.03678027029177799,1.8182445253374628,377.35500575551845,0.5,0.40759454707457354
445,0.09932223175739643,0.3902556067868883,0.028597195730313385,1.9364482307789805,62.88497383033669,0.5,0.6581600955855713
446,0.09604893596276698,0.4916726526850445,0.03401259034490275,1.2232948585890477,101.33792368268463,0.5,-0.26050426652633085
447,0.06801429755152216,0.415170241667582,0.0343717357541956,1.1599892314929454,258.30859408671637,0.5,-2.860489810767645
448,0.07348210649504963,0.35925019507699263,0.010431172915505198,1.542881267113312,383.2548570610352,0.5,-77.95867826285007
449,0.09144786820934424,0.4431163160880519,0.017214952648967198,1.929104351051159,253.63921853625675,0.5,-6.066498256301048
450,0.05057829760521812,0.4355588066834107,0.032112344388182994,1.4772005500241332,7.777699296314683,0.5,-0.964295116022083
451,0.09061327662523316,0.4184743058626908,0.017354768196114055,1.1055232538632258,318.1445328999447,0.5,-23.43706403138944
452,0.09940956234287243,0.43758341257385347,0.015626553507999016,1.5823741322807585,403.42708252902116,0.5,-31.51829660559634
453,0.06447007690484241,0.4838203266492315,0.007694840743433645,1.1432116863165043,60.73844339403731,0.5,-28.914395691434805
454,0.08153778536598269,0.47373015435034294,0.035935125706179676,1.1847053779497592,166.42303765912303,0.5,-0.8531668572047584
455,0.07192256538131792,0.4666375755595095,0.032799675233512265,1.3239686982358294,98.49687931477675,0.5,-0.5047406875513105
456,0.05705879198634462,0.43246513110185203,0.03087645898060045,1.1042309163865924,468.45638032236,0.5,-7.22004621690199
457,0.08612858618687273,0.4338186254512398,0.03227432360926969,1.7792143208586098,498.2663396832619,0.5,-0.9626975799155018
458,0.08019757265932514,0.3548870588719621,0.032501607814466225,1.275481479011353,94.47523131881113,0.5,-0.24911575224187232
459,0.07135960060268506,0.3653067147242665,0.037812654854131024,1.6912805917569673,381.8697432918133,0.5,-0.06025157008931137
460,0.06394680054078936,0.3889599933552979,0.009277465276796158,1.7421788106431002,301.3401351984332,0.5,-61.65551101479753
461,0.053126204573187695,0.4796338077737603,0.021372072079570533,1.4198947802070117,158.8729663098231,0.5,-8.906125192998651
462,0.06427149439156622,0.4526174892090818,0.018933095801822095,1.9468991254267627,210.35626885349822,0.5,-2.9283231493355553
463,0.07112249786590508,0.4774646402523901,0.029276280717648782,1.9537816956572662,75.91485415587765,0.5,0.5623689513914911
464,0.09986001191107374,0.49282841541328076,0.03670236801266033,1.7301360719603742,371.00205566038125,0.5,0.12236795678545531
465,0.05460674402647982,0.38012507679847063,0.019386129493161368,1.298632293703999,442.0798626807932,0.5,-34.548874960351384
466,0.07898119439594357,0.46198944778922263,0.020202863129852124,1.4563843000168193,354.3175221655124,0.5,-19.659398573942838
467,0.07571334911661695,0.48488336664058174,0.023197692252503045,1.231807766246633,180.308218831747,0.5,-9.180398053892807
468,0.08286033628062801,0.40533597434446367,0.026720279949291485,1.8617145653452112,54.40006297108625,0.5,0.6502802587177157
469,0.09569393078516458,0.38561339974278297,0.028900571068987982,1.2214258662971171,259.00306449534526,0.5,-7.364470518939232
470,0.07601159862485743,0.4364685108321432,0.009041060434194866,1.2773716464391291,297.77118316830746,0.5,-98.37829862356762
471,0.09044730928893382,0.39799508894203645,0.033759556377265236,1.2749023459632873,328.6292288731749,0.5,-5.648015512344526
472,0.06545031590682933,0.37104773454264256,0.017730867271109764,1.2504657604512481,444.00032542054623,0.5,-43.35069691334434
473,0.08204395127969974,0.37807760156163994,0.028153701639019202,1.323046748997547,99.01075088179645,0.5,-1.3469659111611625
474,0.07782460079465664,0.40873879454723655,0.008233661365375308,1.688767354653152,289.2743414910605,0.5,-80.8065639590833
475,0.06837763521872224,0.4982398149666418,0.024198174440060116,1.1957845879981137,277.1891555721574,0.5,-12.298332641500062
476,0.07393676727959968,0.45084468301754266,0.020713832406834595,1.9795929745227019,202.5345302645837,0.5,-1.3727741232389645
477,0.08684905368698512,0.4026091351287044,0.03474207677247195,1.9223823565697318,46.76784357327002,0.5,0.25672704072467967
478,0.08476765040757087,0.4319977305843923,0.008301245864137358,1.4311198122664872,343.95316408085665,0.5,-114.91710720720006
479,0.05879861286404583,0.3700559535557356,0.03919438764791211,1.528419497622564,273.9452000561086,0.5,-0.17023024423066624
480,0.09723544648622556,0.4648182653590931,0.01074302027645989,1.2251891633680505,191.3378876809067,0.5,-53.614719269579275
481,0.07703377307521508,0.404389771321848,0.009438480159687249,1.9092084375322296,373.0339555694308,0.5,-51.27751563686727
482,0.07458684244858763,0.49565781545214144,0.02746651933975742,1.3521646617554424,423.3400375199044,0.5,-12.975101306141378
483,0.06679273133867188,0.4162737570245741,0.016480542250723262,1.800187188099186,404.74051038594035,0.5,-15.698449627503624
484,0.0635810503664479,0.48331931487105473,0.025505206235406357,1.5879062014690755,302.7559009687554,0.5,-5.253446555178041
485,0.0795049050128378,0.3916716843340644,0.01623626202026985,1.9892261213921811,317.36613710997705,0.5,-8.157292010523872
486,0.06201919573103334,0.46039907355017307,0.017181858624073336,1.8310324444195758,19.045926803918846,0.5,0.02759175594560115
487,0.07554269077971207,0.4166683852056321,0.0383513961519036,1.1368831073953598,188.05397193442462,0.5,-0.32735171098494975
488,0.08166572069003242,0.3908274672021695,0.03310296676502442,1.2543784472451665,329.2938357421356,0.5,-6.235044390297316
489,0.09691943502564412,0.37024485822311326,0.021309145088704032,1.5975485484040175,347.18180246542863,0.5,-11.849798820493493
490,0.0950076397514302,0.3900280152725504,0.019143694997687727,1.5050209048086491,50.20771069136874,0.5,-1.9412447344022805
491,0.06722435297938081,0.4091260875537751,0.008165982691854538,1.9383366761073044,260.3385827222592,0.5,-54.53144212967711
492,0.059353814859032884,0.49163571703253234,0.023707562190663327,1.5113453981745888,27.587022022387877,0.5,-0.34195630474915206
493,0.050456950809832896,0.3690357147330358,0.028275326691436342,1.7313185999023277,38.66346817747591,0.5,0.6068506482169214
494,0.06927149255657432,0.37639954299400763,0.03535803136466621,1.3933860987515363,102.09052892275584,0.5,0.26980318788926627
495,0.06408836604551019,0.498213589137078,0.01349556339396784,1.3484331062090449,201.86121036267568,0.5,-37.411479230854
496,0.09152117592576979,0.48840575308837125,0.010040800698709225,1.6908665973794303,251.10895849089044,0.5,-49.52616423304474
497,0.050959859290682974,0.4028758067733309,0.038374517225561754,1.6078667067014383,250.57607304506942,0.5,0.25054809776792064
498,0.05942591630763681,0.408419282932678,0.01944875593010679,1.9881460167944476,318.8745328522197,0.5,-3.7382224306312706
499,0.09847219095208504,0.37057230430367905,0.032728274324084455,1.381604744969212,206.07364074862247,0.5,-2.267881622134558
500,0.05908159632230299,0.3830844186225235,0.01761842116172909,1.1068981923188848,325.1231243530717,0.5,-23.58969650713057
501,0.07461921626041879,0.41298603339162315,0.011020640016775702,1.4063080702735264,235.59456058959236,0.5,-59.30165631484196
502,0.09218564333847151,0.37646504874956693,0.037178667964038806,1.6037399648672443,273.4391967256992,0.5,-0.08721691526084174
503,0.09717059724631925,0.35454395664603,0.021161585052323253,1.7761358542318753,343.2544328492109,0.5,-6.848347134454083
504,0.08080775471682064,0.4458397443340466,0.018624203717096062,1.92800433124089,347.6621695311603,0.5,-6.027880611572267
505,0.0880899980311568,0.46372417165153196,0.010419295890809942,1.8463786600582026,252.1717130278064,0.5,-34.88960193740955
506,0.05012695365939858,0.47716512910559084,0.03238269288717204,1.6186259027044638,29.43908562416354,0.5,0.12875119312730943
507,0.06469279819486572,0.4747315553298187,0.019408049360005904,1.8695217262562451,308.8035124440143,0.5,-5.384220482682228
508,0.06003696727167943,0.3986286594525731,0.023144385875953542,1.1193646328425753,100.98857985484621,0.5,-1.7867844555234833
509,0.08972990116870166,0.41419882986198797,0.010342259881829803,1.9697323281436243,454.92878410225876,0.5,-42.10989669550435
510,0.06017656995123959,0.45468017893911755,0.013516758885397558,1.5396474422647806,132.93694235936474,0.5,-21.170388992843165
511,0.06508191869722556,0.42633983938966824,0.018730729742937734,1.6201848304446194,134.20947550980472,0.5,-6.131946582563139
512,0.0832785479112314,0.4698462151763171,0.026594566641078767,1.3667439628869507,176.18722662636253,0.5,-5.066500636528506
513,0.05598168935796524,0.3975014924219914,0.00787333266340961,1.7445829473831915,499.15363787101904,0.5,-106.92855960325282
514,0.05495521449773792,0.40379265008739124,0.03698841833811683,1.1420263734725626,100.05117389674473,0.5,0.4565895242788094
515,0.09329261294540864,0.3840956337120274,0.03550462346726055,1.9088296191309364,432.28750648567546,0.5,0.3348381941915438
516,0.06676278667909769,0.4803110041033485,0.015815855866571384,1.7827260891004952,55.41999899594316,0.5,-2.7584003228672205
517,0.09769829270110988,0.41030548840007597,0.030426375815798774,1.3166878410016212,368.1603324740909,0.5,-8.744477761700033
518,0.07713903902746908,0.3724129595798977,0.031545345085970775,1.2660379604573408,283.13313177828604,0.5,-5.99963865453414
519,0.08985000476680927,0.48581321151355217,0.01309628218259385,1.5457510842628392,447.59485223383064,0.5,-52.20412268254363
520,0.09473162559772977,0.4004920910705884,0.02830699443477233,1.8935711933342865,49.795036265087425,0.5,0.6198556486700944
521,0.07627586943403607,0.36447108690006885,0.017774025045331238,1.4955524227239865,478.79306647705596,0.5,-33.34942841204155
522,0.09751945355703248,0.4348858149795927,0.012802751946543817,1.9165388753572292,287.59896638799404,0.5,-19.31308035148812
523,0.06860828623530076,0.37798174511254706,0.008977582374830654,1.2158947065154622,32.051264791672935,0.5,-16.729789697263424
524,0.06920094319352652,0.4162127779050887,0.03494896193228954,1.7216795795184971,10.445398688706327,0.5,-0.4879372824832111
525,0.05340879722995132,0.38250145387928314,0.022728310712336955,1.8145741922004337,164.6155722977151,0.5,-1.2043927450803342
526,0.08580460079256821,0.45391728356493916,0.026407892448910494,1.5387760475672496,422.0989811861204,0.5,-8.034977762951415
527,0.05775136533529418,0.3966704251436483,0.03414574348524333,1.763831521388414,8.345338179500766,0.5,-0.6073229080890881
528,0.05948522190270266,0.46181866683792766,0.03515875558839982,1.3622938095702013,147.33091433586858,0.5,-0.8060628880493266
529,0.0988336415324498,0.4527942720023607,0.013963831507494815,1.770942932840501,303.1327905076138,0.5,-21.796120843384976
530,0.07263455387665674,0.37144665052011705,0.03901652366549241,1.8416344125289876,125.6753432471359,0.5,0.6173236277221975
531,0.05291027915584802,0.42786257336830874,0.008001208365609642,1.2349072099652518,220.0739114136143,0.5,-94.87405535811972
532,0.08902161869558875,0.47149683335385184,0.018412568645739168,1.3055262304935384,401.679217908608,0.5,-34.440296904704134
533,0.0953149466227873,0.3585456467285112,0.009507009284916804,1.3985514245830426,61.48220324931299,0.5,-31.8552095878499
534,0.0874163220767651,0.43628361518794545,0.026826290491628525,1.7869249345892606,480.11605229452545,0.5,-2.9643795211670896
535,0.07601693863798943,0.48268553414575743,0.02093311908989438,1.5910420022801395,417.0366489750563,0.5,-14.176220584837
536,0.07776822853084137,0.37536375963495583,0.02069387995661876,1.210444781294269,85.52266211111085,0.5,-4.547803619964261
537,0.08725164301625415,0.3834390694388645,0.013721840466542741,1.8494736789792694,191.52969536711188,0.5,-13.66957713931535
538,0.05370277546685146,0.37585715735661196,0.023540018450765136,1.8378762364721681,415.558236512975,0.5,-3.833114171920035
539,0.09311573217585131,0.3807693041541612,0.028554340488515385,1.374870324466773,52.72506717846808,0.5,0.2932317545633396
540,0.056179604214569495,0.4946171129851035,0.03832525270009344,1.4587247358238384,47.07840456688429,0.5,0.07856102612257132
541,0.0731482498151099,0.4057094718532176,0.03481332331128452,1.9674734191610732,189.47397866202175,0.5,0.6818451974722551
542,0.08730704680239731,0.41809324599172537,0.011120861437390528,1.8473696631125365,384.81702798726366,0.5,-39.825296848492144
543,0.06256175732234429,0.3933664540681318,0.03865094743395836,1.6827871399440841,381.15018878764596,0.5,0.07288814029768076
544,0.061166049033345424,0.4541992954828901,0.035319404904273426,1.6882174698629446,333.81190849431897,0.5,-0.13825317384362834
545,0.08708541152286355,0.40706108905514743,0.008817451857483437,1.226775140144386,150.17990750026263,0.5,-65.49373184653567
546,0.06340555126089845,0.47730385890204186,0.025963933489238054,1.7489165816894476,102.48535365032967,0.5,0.06769043520218399
547,0.0657812827617161,0.4560326507725391,0.014533562015193128,1.6130736906943377,461.7298574350005,0.5,-37.62980320116215
548,0.0806106943097251,0.3575915546462881,0.03984826914899075,1.723046078961512,392.52813362353817,0.5,0.24119583499481057
549,0.0586953391378138,0.4875021932301582,0.008589711522862996,1.456337541287802,111.1769744589625,0.5,-55.293688081237015
550,0.056667197071107955,0.4344574991720021,0.010380413308862834,1.882045791420906,499.4907137222439,0.5,-50.09570507283894
551,0.07281019737190875,0.39061263709197547,0.024523031727264763,1.8962577565003447,89.04168638030606,0.5,0.45861258318202813
552,0.08026559690417176,0.4876531826149639,0.02546000632352593,1.619420637752865,378.9699163441657,0.5,-5.944980910658915
553,0.07920057239881408,0.3639294989195775,0.0351129775915906,1.4156153263875377,346.00434967168735,0.5,-3.3892186777192777
554,0.06940145299522907,0.43657991228747395,0.012385752081663516,1.4142111244820517,97.75969208531036,0.5,-24.588722503794443
555,0.08753939249818463,0.39109682405388496,0.03372083363549572,1.39942057541397,321.05918753821726,0.5,-3.814471626686627
556,0.09625629618138143,0.411650338339153,0.031125985218254312,1.2877670723693182,50.596101100711365,0.5,0.4511651556556402
557,0.07067449962948355,0.3525496293032005,0.03538673862988951,1.5648600994349808,360.0454917118277,0.5,-1.446623882015781
558,0.08689651733449033,0.45476943496806527,0.022170318443040855,1.3099270500243967,72.24572670552784,0.5,-3.1422034764567632
559,0.08526029567924645,0.40505796369943703,0.013820227773279743,1.9391202884699656,386.89222824118457,0.5,-18.507680540008277
560,0.09963723213937242,0.398200304631765,0.03131506737477371,1.600622877483986,473.0346686753955,0.5,-3.6892014036830645
561,0.09017379093885763,0.4203694507284092,0.015076811570558048,1.6652848680510677,335.0640349855517,0.5,-24.889672934662837
562,0.09204992801401268,0.35791515409182045,0.009681954805588259,1.718332252051917,88.59104445258438,0.5,-27.01691922935126
563,0.09334691073822826,0.44756512214470145,0.01651563533697712,1.6740903219482446,288.8904238355357,0.5,-16.54771860794261
564,0.06242613986399477,0.42972703244110566,0.03346838255545418,1.9062152822588043,299.3439487912776,0.5,0.4991378327087649
565,0.09444138108306271,0.45815703937682206,0.017754916675001273,1.2077580693806276,91.93986196338649,0.5,-8.294372141086374
566,0.06278246072507943,0.35245979893421897,0.016124587738796783,1.6704686369285748,226.7971288333457,0.5,-15.140737094825841
567,0.09784690830334039,0.40484546083365996,0.008102340369039748,1.980573050644547,79.65993574074268,0.5,-25.71859509369566
568,0.07998463913033538,0.40251926083913975,0.023668654038548682,1.2523085073573421,236.36694668765247,0.5,-11.882117237842124
569,0.07024718562372106,0.4349410575516243,0.029837093938862275,1.7790562738928712,299.85783396296034,0.5,-0.47414677869708677
570,0.051818454521877874,0.36666590409088046,0.007245138960226102,1.4895044008744367,489.9478922882703,0.5,-162.60704848018185
571,0.0578944462442384,0.3737301346248988,0.015234044396068163,1.3839340892780407,204.19268665240543,0.5,-28.666332141182355
572,0.08246315431918091,0.3744828272573779,0.017595195627496618,1.7894543372173186,333.23150752266787,0.5,-11.638102789697736
573,0.06609078078146506,0.4832375720245925,0.015475558209590004,1.5092216660820015,216.12651203573074,0.5,-23.3863407616263
574,0.07804014436720735,0.4412108354585583,0.007294315698178428,1.2922500621671422,286.05228248552834,0.5,-131.82616885685368
575,0.07037378052167113,0.44876211774622854,0.017411768021777078,1.9784497678730881,98.20347004994954,0.5,-1.4215863846314818
576,0.05200698865515969,0.4069100430284475,0.012688094601389694,1.540514570775837,474.0342940369211,0.5,-59.061206340559814
577,0.08320359485166443,0.39590113791106524,0.013635665985721867,1.6786247835938304,82.2530724043893,0.5,-9.834937852453505
578,0.08964658684931176,0.405922953013138,0.017806271476595546,1.9995431206396468,179.86893700518863,0.5,-2.831631831164533
579,0.06384951693510518,0.41572496169652523,0.030503147532998716,1.7933707031749169,178.55132825611162,0.5,0.361810411478649
580,0.052112355173407655,0.37715420028786345,0.013229207715479892,1.2825156611394242,267.3488656494147,0.5,-50.25538513063988
581,0.08999234726245509,0.4096622534902556,0.034616860278593266,1.24293485215973,124.3540045778606,0.5,-0.47889846040692574
582,0.09352747463936288,0.4576351602462261,0.039633213760804,1.6394759210029717,247.0218486516208,0.5,0.4549369176162421
583,0.09810315930653365,0.49704165746576123,0.012251029208373464,1.8708978339077789,395.2857601161621,0.5,-29.42513179058522
584,0.059323929185682016,0.3641108954273881,0.03325481921616869,1.8541512171436891,427.11665204953994,0.5,-0.09103620216316521
585,0.05199192115793938,0.4321155889965964,0.028499225712527346,1.7074144298454388,403.91177630273245,0.5,-2.458015054072746
586,0.05146838551003529,0.43157739418124275,0.009155728496768593,1.626984710615032,197.0123610695481,0.5,-57.04494501553492
587,0.09235142543491343,0.37749175683426855,0.024468030908010578,1.537351765596577,176.75606492985835,0.5,-3.781924404733183
588,0.06519379325485028,0.3866554057425313,0.0318874343885152,1.4907082731593921,285.5142133125712,0.5,-2.647270332483508
589,0.0730010655708597,0.40720500588665737,0.02714373962241015,1.7840545639703613,143.81780024706515,0.5,0.11345536523363786
590,0.07582708252699737,0.4731627188115529,0.011946920601103979,1.9671553465804839,160.4178912820584,0.5,-13.527455154978744
591,0.08719484953965292,0.3742546693329922,0.03746398051976197,1.3900586587467918,464.97927912134816,0.5,-4.5264932496583254
592,0.08682426692580245,0.37837272347588946,0.03666211407455856,1.6288692103775433,496.2393333373939,0.5,-1.3671305891950705
593,0.09592969368937376,0.4136933106420284,0.03902808507954147,1.694258377287416,159.6329365256098,0.5,0.6824487961908117
594,0.08558395193140383,0.4589223873821616,0.01563483335538633,1.516296714157904,366.55803292267046,0.5,-33.24998915807643
595,0.07064698863514893,0.46884104372279745,0.027411019200106315,1.3857572777521372,337.61032302971216,0.5,-9.389651640562555
596,0.07399919018358939,0.39450569766762617,0.01656208097981597,1.3111847519312985,185.79499467854112,0.5,-23.24853075432245
597,0.0756907525726912,0.39043462228842146,0.02695411476791444,1.3592087177528334,130.77438094869166,0.5,-2.8662985723570125
598,0.09070064654773605,0.3630964318490357,0.03161381468876176,1.5588382107872834,405.5405525852167,0.5,-3.65214207164407
599,0.0725411798406562,0.49200636988319035,0.009707032113064276,1.8851465232886335,371.7603241087189,0.5,-48.08983752418431
600,0.08908937041934334,0.3694486501710677,0.03331331230189457,1.2277118472357307,431.96852595721674,0.5,-9.410839684841836
601,0.08311097275288093,0.3562472197183047,0.032510408190893264,1.8408720624393005,115.89268563170423,0.5,0.692909274619779
602,0.07580182998852389,0.41825610908530997,0.03425888593565242,1.1457666253801344,205.57451941711292,0.5,-1.536320830372567
603,0.09257139978397028,0.42397230897147015,0.015403216954515549,1.5067789505697087,243.31326835235524,0.5,-26.04760490364361
604,0.05067155065792252,0.45360865097991754,0.018461749390296066,1.9036055090167094,462.3060536399522,0.5,-8.643201184723408
605,0.07058225036338076,0.3558773247320539,0.027976496066642896,1.676950085935584,496.81397239996136,0.5,-4.729022891707151
606,0.07331785791204051,0.40804538244347704,0.007473242451309649,1.780025147116303,416.73552037532414,0.5,-102.74286237807117
607,0.05262541373753947,0.445949811154034,0.011063947103022283,1.1226346663816238,131.2088225474283,0.5,-25.54208119612596
608,0.06643180032878018,0.4409408377075367,0.029754670034054284,1.5422909554698025,44.55891822318297,0.5,0.43931055837892685
609,0.0576509070725566,0.35778690582851047,0.03703148097562059,1.3156332982097576,61.04899704952962,0.5,0.6140586275082891
610,0.06165828582670911,0.4314268563346826,0.010613953360652593,1.8594042183501565,186.76090439301484,0.5,-26.751840641449878
611,0.05652544408977627,0.44541271380242964,0.0397697808513136,1.693631787729676,431.0696893587208,0.5,0.13130591724576413
612,0.07227818410679307,0.3600845839775664,0.009290083533386662,1.5489183626552094,419.13095393386703,0.5,-98.56706440127087
613,0.0630271269694587,0.3852179514674833,0.02213340674822522,1.628319991831382,352.1801592612836,0.5,-9.04977211377517
614,0.07244361009972446,0.39537805055893116,0.02589137664044326,1.4740697931982614,89.91816753517556,0.5,-0.9992758742184458
615,0.08934989395278078,0.3683147648880244,0.011924838684691224,1.6992372597449918,292.20505620316186,0.5,-39.06404105998485
616,0.05899139254835393,0.47811327938350145,0.024648393757533006,1.8742481246609048,248.96091987529343,0.5,-0.960255749465037
617,0.09405442379567218,0.4990290386083074,0.023786796958929782,1.4379208818223956,433.8924840507252,0.5,-15.939020931710068
618,0.09289968852280535,0.45319656792115814,0.013546557833996237,1.3296766727291873,396.50138327453107,0.5,-60.67506300865113
619,0.05272896006377833,0.4175284407713624,0.014755696983162725,1.7510822233287546,295.90797480340945,0.5,-19.139110103488626
620,0.053898685242885096,0.42746867573083397,0.022113782263063465,1.5682365009340913,478.1289122328194,0.5,-14.589087968409407
621,0.06603861115030403,0.3513106627754458,0.009391754636873646,1.4122196012631487,201.4646596065088,0.5,-73.51700244283549
622,0.07772213624068286,0.4098969709948605,0.020855487947539803,1.4047694344636115,397.6287159931814,0.5,-22.758337497201648
623,0.06066815992058528,0.40823798137952866,0.01603395519854483,1.452214738656231,348.332313890074,0.5,-34.44664796144658
624,0.09224953921461285,0.47680977916143985,0.008399087602871322,1.6690969088377225,310.82841993194916,0.5,-81.28522573129608
625,0.07981403061521344,0.41175836190451703,0.02632213352907338,1.9143935894455257,369.95677515181046,0.5,-1.0576559777580092
626,0.0671029785760101,0.36232940369106664,0.02837631250606129,1.4618823724704344,262.14978831917074,0.5,-4.678299217445695
627,0.08460263710821728,0.4934295715591912,0.03638609574366305,1.5167993453826032,70.27693276305241,0.5,0.41237891566985174
628,0.07522077637711115,0.49306566934229334,0.03522043795886686,1.407667936312943,182.7724724400818,0.5,-1.1094058502555253
629,0.07208157680918517,0.40732222650579,0.03419580085125227,1.3285592868997855,184.59020059737315,0.5,-1.678179806754554
630,0.0761382969533228,0.3874423908177971,0.03911857574842533,1.5296216828423375,54.94689140375035,0.5,0.5403398742126302
631,0.05539317296618926,0.3794917541587311,0.014380445327160015,1.3554154813602648,177.71312503648844,0.5,-29.90467591406578
632,0.07101008176535625,0.3895002139667868,0.011716090341743401,1.388968890438219,151.289208334708,0.5,-39.91405630992368
633,0.07176787207197717,0.3627149104644572,0.02344929061613537,1.1186839830002133,217.74065315142258,0.5,-8.333469477661444
634,0.08960557958193258,0.37668863898849225,0.02808736077643545,1.7731097467163952,121.78594483199473,0.5,0.36134710169117645
635,0.07184018750815295,0.39557725393599336,0.018316698478578967,1.948556200231669,380.4831262243219,0.5,-6.849428692828295
636,0.0838050070849293,0.3845497900285627,0.026235086687975202,1.7456359227130522,439.3233913929386,0.5,-3.8281328894865814
637,0.06176094493916173,0.3660899634548101,0.013864824118070178,1.7167494573211548,40.91755013317766,0.5,-3.847556715099607
638,0.09870427034293679,0.48475276684393775,0.015133055160531737,1.8423769841211142,365.7105300975819,0.5,-16.469012037353814
639,0.0967732778177672,0.3994046287089033,0.016444135041800194,1.434642313242106,95.55528970253204,0.5,-10.71446548785845
640,0.09944842934863526,0.45190643708989353,0.01888257926211012,1.95783263059792,446.5970313518527,0.5,-6.713239202268358
641,0.09442607630594729,0.48223201343035094,0.03739432517900942,1.6339595195540306,184.61428003488186,0.5,0.4647668416085666
642,0.08956320612997816,0.36791772185882354,0.025405017195375384,1.7720730745731612,382.2554682026429,0.5,-3.4339677272965874
643,0.08628261338822033,0.3541416013982569,0.011849903213300284,1.2763139896209819,438.3501979018787,0.5,-89.02116716155903
644,0.05394201626135083,0.3729616197905039,0.028984092842669326,1.5312939635440408,278.14896498266125,0.5,-3.3405808104199224
645,0.07556437542424613,0.3662537707742982,0.03156250111771206,1.5991944300706347,419.796342057673,0.5,-3.030122642504848
646,0.07863171083178894,0.4748458150614524,0.01765591318108738,1.2943264395648868,48.26155734313381,0.5,-4.686998994589098
647,0.09157012605989931,0.45146151616940877,0.03295923400793873,1.4679517331936565,104.85568625174731,0.5,0.0896877111494313
648,0.08226329540822808,0.46693913614956245,0.023327070411373906,1.2736048004471754,156.51956214082358,0.5,-7.778189356062619
649,0.07924174863199529,0.40348906112617217,0.02000170782494624,1.2376555423893552,344.6950293293936,0.5,-26.678598680925663
650,0.08078439116659303,0.4494901265088067,0.02254077396673298,1.2711054983978374,385.2636336467271,0.5,-21.732670910459277
651,0.08633089699563062,0.48159009040561934,0.03140758026002457,1.8208752484212538,391.22933594939724,0.5,-0.3255734133879944
652,0.08458519864716549,0.3629437678854817,0.035072846954673095,1.2911047954324886,451.6975400004528,0.5,-7.7518821347765705
653,0.05413056905627266,0.4190303218044227,0.018326647951352616,1.6647074414683782,442.72349209465483,0.5,-17.81306986684459
654,0.0955677053875719,0.41124386176080546,0.023858653678184093,1.1212279461855008,92.93819647464751,0.5,-1.4338319211155404
655,0.07304252684866519,0.4893619675266726,0.024391341236686646,1.2961625518429374,137.30965632002795,0.5,-5.915208118415482
656,0.06190214091013496,0.4493741096674438,0.03687548934542972,1.9962321283695608,167.36318944731352,0.5,0.5766574066429249
657,0.05519910206765547,0.3587888429317367,0.022552594023720254,1.8052044878322753,471.4148906161153,0.5,-6.302106179383039
658,0.05298791465833863,0.4973779674743586,0.016389211671235852,1.1528756578696013,281.6289288537594,0.5,-26.30396356900955
659,0.07746493095126569,0.43323591073863,0.017082827736765234,1.5960474793645751,276.184743389427,0.5,-17.772277524352624
660,0.06592190966816547,0.41780732481174504,0.022921428485291724,1.9421827394153333,187.55664113735088,0.5,-0.5654426353349609
661,0.053076233859539704,0.4701393347064981,0.02120415388357217,1.7295748577313912,30.122953376238577,0.5,0.11159609087622846
662,0.09973180117957792,0.36709663914671903,0.012110328772701583,1.1676590935180866,36.82020929691875,0.5,-7.672871590589095
663,0.06835022482667012,0.41003940222531565,0.007407296577657404,1.1900998951501316,394.3634986664689,0.5,-143.1234559664948
664,0.09085586535620221,0.4155485888386144,0.01143888795366914,1.8550424211418397,244.34819596436233,0.5,-27.090603004523146
665,0.05867121586432465,0.4462249534502434,0.019368129541521686,1.9358579417739525,20.5430589101155,0.5,0.4227720934100625
666,0.0924802823421213,0.38325159701576283,0.039543667491036376,1.4816326631812806,56.870176019730124,0.5,0.5984221753897707
667,0.08224914918057055,0.4102338605442989,0.03789973203089401,1.9425315594120192,194.16603719881357,0.5,0.6629199554181915
668,0.053535330957812155,0.3695848151372794,0.020342749261737063,1.899592678770796,462.22666729761477,0.5,-6.537668335042129
669,0.09108183921379723,0.42958318406875756,0.033809358752877966,1.1255317527544793,408.8663435816075,0.5,-5.641149118748731
670,0.065055816962122,0.49944492007928065,0.014905145528445761,1.5463077968108152,242.0241695123765,0.5,-25.994621361272635
671,0.07088574021842026,0.4598775677509783,0.02005510852824279,1.788339342487185,266.2354589832046,0.5,-5.3999627641481895
672,0.08617283810444719,0.4764317419989299,0.03657007617984577,1.256641306473366,220.9261767525075,0.5,-2.1138992484317414
673,0.07137455837794841,0.36083961705777207,0.023976318753444067,1.228005904641619,135.20950164950082,0.5,-5.598682622775688
674,0.09434083940340243,0.4408421022213812,0.021578413285587062,1.756131740329677,128.85298531700903,0.5,-1.541073449218172
675,0.06219217071124112,0.4769222528238798,0.008513829202857945,1.6435815772080367,34.02116339965853,0.5,-22.001023076660204
676,0.07690050463469186,0.4281222458502582,0.013898025765107614,1.536116042006356,83.043940287264,0.5,-13.073423539665887
677,0.09817094843554819,0.4921357154248022,0.0255872418486721,1.8325568741883602,493.02555305316884,0.5,-3.029429651623686
678,0.08482179361489045,0.4303980100730712,0.02629899529635958,1.4732144745373887,456.8624109217146,0.5,-11.192272344698097
679,0.06400416383368154,0.4724592088075146,0.037679718832603945,1.106123592277136,433.3182141865765,0.5,-2.769126661113369
680,0.06753444343996665,0.3635186016587211,0.033504073658154075,1.1351169454730596,186.40244331866367,0.5,-1.5650691884766603
681,0.05995277539654206,0.409478559828583,0.030180216778448135,1.2479141922569563,420.21870457406743,0.5,-11.208126555502231
682,0.0990548121868536,0.42836708005330776,0.028001191288368622,1.2150988026403855,100.68717261326748,0.5,-1.405130974267283
683,0.05101143410674284,0.4290744411267835,0.0381330243995444,1.9664110345129449,485.80036491629056,0.5,0.6025142800207135
684,0.097305029856935,0.362070256780322,0.030702472909861382,1.8732525896418968,117.18800825189412,0.5,0.668679669781219
685,0.05465665235145108,0.36889813594189125,0.025029572290696703,1.5149909038709413,413.7695734802117,0.5,-10.505307141004176
686,0.052572003944585964,0.4095617436821408,0.03077806762889787,1.7143067509784247,195.83770116790973,0.5,0.040029643693684
687,0.0750219498779158,0.39758646977552276,0.036302527527337064,1.792469804380037,350.221698005924,0.5,0.32417243493483094
688,0.08033793449804576,0.4904082741471889,0.034368165640257485,1.543880299678462,222.30208314548173,0.5,-0.6032821640632247
689,0.09840000984538491,0.42012363206452896,0.017333223416392728,1.9899722383494762,466.18152312839953,0.5,-9.016660248306412
690,0.07355135221108694,0.3760475578067661,0.02311788016403747,1.512481048517481,240.96226512554256,0.5,-7.73609474975917
691,0.05863297915362993,0.45874355294041574,0.020400885323365956,1.4579123797576155,214.42386897994882,0.5,-12.241576188697262
692,0.06094882999961186,0.43121889044547973,0.033653348134475514,1.9023132796820645,283.35441367712286,0.5,0.5338937546166214
693,0.07013318945817174,0.4652564510859943,0.028337620580840515,1.1091724122501758,36.42042047338381,0.5,0.3561409218332421
694,0.05641247942188216,0.44124648554031204,0.0360572773191791,1.3407038738501895,407.4115911957907,0.5,-5.111095799100639
695,0.06853859837041314,0.4000380563508068,0.036914188742402966,1.519304896318073,216.18452796483493,0.5,-0.13700664302238352
696,0.08537570156030783,0.43738136513461495,0.032031935486537086,1.2122784107802735,343.4288619952354,0.5,-7.150591370317716
697,0.09132066831084026,0.46869342144672066,0.022851493184024685,1.5739782474951904,357.8681896841692,0.5,-9.817480033572913
698,0.08669354231932803,0.4660009196076189,0.02080898037173909,1.489545495897736,247.88866456536417,0.5,-12.064943363691217
699,0.0551967421248637,0.42606219420916175,0.02877058339876498,1.1256567826217703,449.32176099366336,0.5,-10.104165105530482
700,0.0979384620478121,0.45742593637528367,0.025805417584142877,1.1922833520971707,165.25765591175062,0.5,-5.0512748784315695
701,0.05754878808590923,0.4270053253897366,0.026646659118086655,1.757417598566136,194.981091068182,0.5,-0.618659350589311
702,0.05851672841905822,0.4797408909998615,0.03338551250657061,1.2309731836947329,243.18952506652707,0.5,-3.991916129690903
703,0.09163153485036293,0.4136546406227102,0.009223606640141414,1.9572092331818567,99.70985971203221,0.5,-21.62416641891958
704,0.08374047504898546,0.44891474458225633,0.01919975771389196,1.232707239872839,221.57608440599603,0.5,-18.706743926150185
705,0.0823133428884176,0.3687431350719001,0.016532941982203397,1.497707154094455,51.194372121057796,0.5,-4.314828174350312
706,0.06057683179370219,0.4032218091879815,0.023583351662472357,1.2808139427770697,208.07794620132557,0.5,-10.264450178515814
707,0.0688672757272307,0.42124632421830954,0.032091159536398864,1.8356808559742381,96.9134410383116,0.5,0.6500417128317231
708,0.08570502566163851,0.4251753141744813,0.03700538712326024,1.7872067867587051,253.8054557240906,0.5,0.585653177868991
709,0.08346887239790288,0.4429271393994603,0.03798627898487725,1.4329017604092689,325.902644804162,0.5,-1.73440519030527
710,0.053641771438575896,0.43363943887468154,0.03174292605110902,1.8888842067334404,8.604846761028847,0.5,-0.5454025003541638
711,0.08981488388651401,0.49771671390677097,0.013209250551587497,1.2337791652793806,341.4338972054255,0.5,-56.11340167172989
712,0.09325183738724019,0.3843407334154034,0.02904467644408222,1.2822796621888075,385.4828515475039,0.5,-11.631749351452152
713,0.06020924321576694,0.36200075847743607,0.01951184168580994,1.4637499890467425,31.464954817993224,0.5,-0.5942888381305738
714,0.0632644419504524,0.47940389880003986,0.010267486578664402,1.3278618779605809,134.44711582929554,0.5,-47.630309352678694
715,0.08784276286665521,0.437128917650818,0.020303636064948637,1.6228665805999485,304.00214802685105,0.5,-10.589958303310484
716,0.09463207438002186,0.45511193399530336,0.03850222473650316,1.719126146159184,287.7316648419148,0.5,0.47460298787944255
717,0.0542066558940156,0.37391563821642576,0.03843691434213539,1.2083111116429233,336.50653414790895,0.5,-3.550916295336653
718,0.06623793893718728,0.4935772628825042,0.02835574866858566,1.4854667824728254,405.6366254235803,0.5,-7.4601082045036815
719,0.06915818843067202,0.35409379487159653,0.03714257607456658,1.806441124520072,139.18391682550194,0.5,0.6934654970446847
720,0.0562624100780249,0.3561649210030958,0.035974181148777644,1.8655653260060363,233.83626870071657,0.5,0.647506169899208
721,0.06182283238146413,0.4729516376191098,0.020948215408240274,1.144351221118566,71.02657089689161,0.5,-1.6642658302405962
722,0.06440382181249162,0.445300211263535,0.03653276127648855,1.8514617162801543,267.9480055619372,0.5,0.616803742733431
723,0.05140057567200246,0.3598212838845914,0.029246235110188944,1.240965857231896,273.3245814418478,0.5,-7.4662392823566925
724,0.05188376177231285,0.4019815541989916,0.026520851665742272,1.8836910868748453,144.43820080073726,0.5,0.3064209191891064
725,0.09513260096363432,0.35469057825998296,0.026688594674507828,1.7529740682038062,251.37519444144007,0.5,-1.4804204022964949
726,0.0532483106123701,0.38231242578441055,0.02383073706306426,1.60631054306568,349.599599113052,0.5,-7.41994405202575
727,0.0959054728173994,0.42735666563205016,0.03496693691578812,1.7334264090964098,69.30085845188977,0.5,0.5871164607686281
728,0.07154563306291259,0.39658215943841424,0.012537643884722654,1.154737198041714,120.43795428647536,0.5,-23.333627149961917
729,0.08071780167795681,0.38859605152654736,0.014577051537756826,1.3029750285978763,391.54394278229495,0.5,-55.800429626881645
730,0.08046781985727054,0.37686416772893666,0.015424935127929874,1.1816852885274054,80.99615711838851,0.5,-10.310391693109516
731,0.09651953857246617,0.3864732867925024,0.014961285092854432,1.6143018504050737,44.21131696053418,0.5,-3.998558931531469
732,0.09773066077331033,0.47180223879386474,0.03486210255065549,1.1176423135316058,426.41756444647854,0.5,-4.624074132041206
733,0.06974189101934868,0.4391106065171474,0.020377222322077337,1.4698777827190599,140.47164898872572,0.5,-7.58957895219592
734,0.08517198307381162,0.4537478574903423,0.008621008424388675,1.5638746387332736,459.71755005456504,0.5,-109.06418869223869
735,0.09970097668169321,0.48221522936405636,0.014104108711767139,1.1522177291060778,493.8932216824351,0.5,-57.78149333251683
736,0.050646795200810224,0.457875341404855,0.038801439220712414,1.9199897130397299,352.3328853960038,0.5,0.6565455801460709
737,0.08550568114199207,0.4170220268368932,0.02222806837373688,1.6836852401643605,91.01932531617307,0.5,-0.893769274113805
738,0.05964654004016057,0.4381044109677671,0.02350626911448636,1.7639070237267573,168.47771310312214,0.5,-1.3254099820291128
739,0.0795060431199663,0.3758171362882703,0.030326737551918483,1.394601967906289,398.6936262202408,0.5,-7.967733005956413
740,0.07825041228992212,0.35914719238934506,0.01981405344145476,1.8883798018772613,174.1458634344008,0.5,-2.453099310631174
741,0.09543403379950816,0.43573836776071284,0.008224115160210708,1.5472187482734265,411.4433515328556,0.5,-114.68252668172248
742,0.07345524979162112,0.48530441576244343,0.03099150389357181,1.1291304465746452,84.16916805341931,0.5,0.36369558394913815
743,0.06371675165598358,0.4306154078978082,0.014627730438660695,1.7206071314289735,349.02251526480126,0.5,-23.965029948994516
744,0.0769681589860132,0.3539065890624775,0.016073025507746964,1.2641856971058012,126.2530513954588,0.5,-18.04228212263973
745,0.09677661733447253,0.478935475085322,0.03754202720117374,1.7700920126068693,485.1405301077217,0.5,0.06675423497645983
746,0.090560509653818,0.42313993040836406,0.010854252874832234,1.3267024853621503,174.6463572369144,0.5,-52.60497950170486
747,0.05316743110272461,0.3910676293569293,0.02082989578196377,1.8580609998170523,192.32093400577452,0.5,-2.257884710741677
748,0.06081980638805065,0.35196112957526987,0.014428819983273361,1.391425230338864,20.8953011325103,0.5,-2.4434079857563753
749,0.06335286696644668,0.38474582888511255,0.010557117605716301,1.7366815516852578,298.6011598312672,0.5,-47.15994856130272
750,0.08767342362078041,0.48718652114408223,0.015762241600147088,1.6808619654268826,323.7882067511422,0.5,-20.266808545091
751,0.07935048554425889,0.43937154622872177,0.029378381298392348,1.4938557060036013,280.6415133216923,0.5,-3.8050050706748832
752,0.08783487590999299,0.4267455444239319,0.030043533603805107,1.8668462407458475,460.46909944911414,0.5,-0.7342199781496099
753,0.09567731323234122,0.3876093153987141,0.03257549675449307,1.445605919810907,156.33469312464103,0.5,-0.7485520372207581
754,0.08818501060029862,0.4886627785362643,0.03142727912961227,1.556300510811497,286.7715754920459,0.5,-2.01335488127446
755,0.05029504551289062,0.4334060451875918,0.018128784086720404,1.735503064401411,239.930459573365,0.5,-8.69435373762199
756,0.0949365627003354,0.3774527151315379,0.03226863842753113,1.5730903584938996,76.14121123793434,0.5,0.6222302043517378
757,0.06773880742780161,0.432922407240117,0.031030953686056524,1.620855709752132,318.55691765835115,0.5,-1.6653880816036173
758,0.0918402832077222,0.47391832696460456,0.010118427304518347,1.9770462581222579,247.55618902292954,0.5,-29.103019834082207
759,0.07216331150605661,0.4125292483384608,0.025926185255113657,1.1378475199436449,408.0313276621667,0.5,-13.553930016294542
760,0.08051541995313555,0.4607121430414625,0.027833920277532245,1.4417866850228822,108.83454080871465,0.5,-1.3382244369396403
761,0.07250031112081823,0.4127839997470779,0.02400211611628119,1.8247769671387342,361.57067142132064,0.5,-2.993435171514568
762,0.06995222365479385,0.4039724894487524,0.030298050425357652,1.747094450363372,228.53275680500727,0.5,-0.11442753309261611
763,0.06421679946322628,0.38119178469774084,0.03407092214332833,1.7280648746596516,487.91931220922595,0.5,-0.9506022241813883
764,0.07761369969667381,0.3722944429208315,0.03706645940402145,1.3361097293872086,356.936838738374,0.5,-3.8129658579336043
765,0.06790478932212644,0.46010236183796716,0.024082717717045336,1.1657139317047287,290.85467362887624,0.5,-11.766909380713098
766,0.09115384987321762,0.4778493272953059,0.029483695212050985,1.1494715188131415,163.23857597827347,0.5,-2.008115240998652
767,0.05224557377194727,0.49109831300044793,0.02145782765204437,1.230451286675783,193.4392595000867,0.5,-12.542104791329995
768,0.08998099168909693,0.38487855989028524,0.014729196479325433,1.673287676723235,71.95527502026859,0.5,-6.549535252218161
769,0.08596146311314908,0.4491199680651294,0.008847097031692447,1.5498010075345672,237.75544151908,0.5,-74.84240048072108
770,0.09877082067253287,0.42443855420793253,0.031487852930913246,1.7431343225259097,307.17700657086687,0.5,-0.4107691966262197
771,0.0884338055868481,0.3817171353096013,0.025356433446373186,1.8630406201159502,256.83961102685123,0.5,-0.9964748281819926
772,0.09508830627687573,0.47504940083785485,0.012431636824375192,1.5835327128966197,66.44010030078928,0.5,-13.87937481292674
773,0.08021977902850137,0.42283343795019124,0.03490863909151449,1.7595966089981316,470.38376837552914,0.5,-0.39141259597514755
774,0.05558937145316357,0.41527808266771915,0.015950500790021256,1.3801407318683732,401.07616039883857,0.5,-42.97301117836882
775,0.08879434077554547,0.4728319047103272,0.0373407653724852,1.7153136066238952,208.94528857825114,0.5,0.5620948163344903
776,0.09613553539871691,0.3506623234794443,0.01576785186395806,1.3581324156461294,181.0839559766984,0.5,-26.13600650940012
777,0.050527326942517874,0.35841066195239224,0.01673692868894304,1.924107099189602,137.75729141997084,0.5,-3.6398752196157247
778,0.0824457840881319,0.44819689932476237,0.029341480123313418,1.1862169830586502,108.44726523632986,0.5,-1.0241209017660284
779,0.05127169489731668,0.3650313708158202,0.03960280148305301,1.5245247578549768,441.15038694956735,0.5,-1.2938470121756684
780,0.08465748204384346,0.41692792758564184,0.02455263636854877,1.1834673072004802,379.67748463417325,0.5,-16.875136913898263
781,0.09533475973794513,0.43179863131247587,0.030582658000295297,1.1229195567924097,87.07838582452202,0.5,0.19003102578022923
782,0.05664433207378664,0.4079195999936538,0.02536718557313422,1.960508875643804,95.89373900909892,0.5,0.5559788240559587
783,0.08499037424737214,0.4894307308364464,0.014703262140971,1.6540078406548133,25.088638495803263,0.5,-2.379646660484846
784,0.051197020843540574,0.4649198181166186,0.03896319201478353,1.3772522700112066,48.474620145446025,0.5,0.18381472218107542
785,0.09478437649595484,0.4885796821729061,0.038476114013445806,1.4172716604789475,28.634459595815972,0.5,0.02790266444442968
786,0.08301269804850145,0.42049861128246346,0.020179942355951934,1.856396320541808,34.56478129767085,0.5,0.433558277845414
787,0.08713372032702273,0.4515616682548567,0.03968205010516903,1.5013922540001188,425.20196848948785,0.5,-1.3727187660264577
788,0.06894162247124798,0.4208006926602719,0.02390934213998025,1.209561594950149,127.99890415333495,0.5,-4.836985415542094
789,0.07616516575301956,0.46385275207876897,0.018546060431347496,1.883044319517697,311.78453366122676,0.5,-6.288119449772154
790,0.08472781696423726,0.46512705065158805,0.01414860912787268,1.7682053088088732,353.3620817737723,0.5,-23.524159937823903
791,0.07518138657420953,0.4217266455961408,0.010148191114803017,1.3432537848916164,114.07621632270175,0.5,-43.64493115285093
792,0.05910496296315941,0.35333612476795717,0.03598641161225546,1.182145143878365,402.36422358627567,0.5,-6.218303796741806
793,0.05513236559259313,0.3946882758144316,0.02679461044625095,1.6610501764217858,394.7554119462335,0.5,-4.219023680978147
794,0.0909729702784625,0.353100167419246,0.03794256170776824,1.9102831658881048,484.2242834415919,0.5,0.378997303118053
795,0.05741262714734224,0.40029754586047706,0.020280510557826918,1.3822150627449217,51.71347200820283,0.5,-2.36961130618154
796,0.060600463787343364,0.4898423983752962,0.033423946886551904,1.9311017577844045,458.4168776658822,0.5,0.2612529402000209
797,0.06197746999678658,0.38825802564981765,0.011516506392747455,1.7096995142842433,163.51508305701583,0.5,-26.668027719685423
798,0.05814549129579365,0.4444447442513937,0.021999138153034094,1.5700078884050235,96.32979534307465,0.5,-2.3619931825905276
799,0.07339151832089315,0.35553505074126635,0.033010816799717214,1.5304821456594575,301.6141550771341,0.5,-1.9919695942893036
800,0.09989294762522409,0.47257296874377724,0.018221332895773143,1.8227973464388474,120.61871915366612,0.5,-2.893412718814334
801,0.06614291002138159,0.44741819789560366,0.012414989992730299,1.9735743412865137,297.4923931017489,0.5,-18.697545288419043
802,0.07963300316828192,0.49294128175392216,0.015044658841791753,1.3631647212392735,37.66505263892721,0.5,-6.494235048972171
803,0.06732124929615656,0.44227148827432916,0.013418954181254019,1.3765650270930974,119.73709872691744,0.5,-24.877136634310304
804,0.0562203967196978,0.399308956440529,0.032634550474793654,1.3655182978680993,328.1465162032506,0.5,-5.073337985262107
805,0.08559564647138224,0.3606338254673211,0.033973037281388375,1.895401368455645,155.22789896397902,0.5,0.6891477652717402
806,0.07295145145380177,0.41681456432955827,0.01483973688286836,1.9552178906043234,255.83082895037825,0.5,-9.92974445590707
807,0.06513512345841477,0.46345239693377216,0.017290358563746888,1.766205140641112,348.6151305983408,0.5,-12.898678335666453
808,0.05695082258242177,0.4104291373004192,0.016894484567448964,1.6251641166426092,434.2755342995133,0.5,-24.586391720886283
809,0.05803990726236738,0.49427163172176286,0.014257411698363934,1.4420313395909563,311.21365588760136,0.5,-40.85814484679032
810,0.05009746305001401,0.37514204078759494,0.03631025415242797,1.3805533180171419,58.029840079842955,0.5,0.5851883900710553
811,0.056724015772763633,0.37094015832510374,0.02742690853921971,1.307435468128033,263.9745152124515,0.5,-8.29533353519312
812,0.07202675834877607,0.3516604624974106,0.03182455908718466,1.807377286728777,129.5831481440282,0.5,0.6384075224466792
813,0.06230723199432392,0.4681002165243343,0.02434150152122106,1.1809443744231356,154.33227823167232,0.5,-5.415598492719706
814,0.07868730295916328,0.4288425030368324,0.024480894178208354,1.8299420881112154,68.16953261300743,0.5,0.4712937503139424
815,0.09601706107562358,0.37998262667739535,0.013311614159908836,1.766812109384229,271.8629622820993,0.5,-24.215235659015054
816,0.06163682829016529,0.4665036898143846,0.039381956625322394,1.378420192016531,89.73062217676782,0.5,0.2862289795386046
817,0.0927024797293465,0.3978799232641686,0.022469571240560454,1.3894813407706486,365.2941674790013,0.5,-18.207163980957965
818,0.054459342265787795,0.46234743778403264,0.01441294175942087,1.8870462362316878,368.69917783290276,0.5,-17.055285204599297
819,0.06077436968642815,0.3998890464164052,0.01260092306406888,1.2001669276049067,86.60486468009412,0.5,-19.14215689371734
820,0.07911204007741021,0.37303534550121314,0.031961002205030294,1.873148164448848,78.35073478952498,0.5,0.6529363642985795
821,0.07535986799834571,0.43115010347914,0.03429312401540127,1.6101651010423017,263.195634340477,0.5,-0.39127313076602954
822,0.08187161083580766,0.4340021543157579,0.035690485182696546,1.553891373728557,118.9721736218943,0.5,0.48683817550614406
823,0.08622954595435,0.45859473971846937,0.033539300117850175,1.6670037221484733,265.19202657261724,0.5,-0.18848019782795467
824,0.08577477865134409,0.41235277190536046,0.011398805297057338,1.1202847617273717,62.47131794430633,0.5,-11.696757161308385
825,0.05636306657185784,0.35281749770618087,0.012981997690136181,1.257897055636946,400.13567665122395,0.5,-70.60121709950599
826,0.07850819494189011,0.4543331813176813,0.01789649645952648,1.9480498404087927,69.10455097626392,0.5,-0.6374753647245675
827,0.06406683902388004,0.40167133024106194,0.010629646587030462,1.2290021247013525,473.47600505325255,0.5,-101.6692644111969
828,0.09953998875984077,0.4045229610799525,0.011008470391758802,1.5872084091338934,75.1928034480852,0.5,-20.771500916395862
829,0.05277568941102362,0.36995753074633997,0.031766819095555565,1.443837665051197,389.8252021081355,0.5,-5.369282420247278
830,0.05915845624895438,0.4171558808297816,0.038766253094817,1.863910134160294,68.26483957797504,0.5,0.27044047126080384
831,0.06690343453695444,0.4996010491827869,0.026608072906395032,1.8777130300259075,122.79362283446856,0.5,0.34566276265337825
832,0.09647427658208574,0.4787828157406341,0.034448247699569196,1.661971632351412,356.06494050860886,0.5,-0.595861556014283
833,0.08239801755558304,0.4733698827829283,0.03485968044679341,1.1784685780631134,487.18343299330314,0.5,-7.942882387522754
834,0.09852966752363719,0.38295079664206855,0.03650852678731364,1.8775147197687252,127.00774932762329,0.5,0.6629012178108303
835,0.08513326566601531,0.3706992027482389,0.024231469553877255,1.2927200406825656,455.8007261339074,0.5,-22.43015008993854
836,0.09634131406681046,0.4904884432808475,0.027272519400610644,1.8644890263926155,433.1772106993782,0.5,-1.4067493817085053
837,0.080400052552838,0.48788588865013527,0.012158221887700816,1.811658733632008,439.66644125441815,0.5,-36.22698043301584
838,0.06932945152171435,0.43722158106077413,0.03362986026177743,1.108464931144468,45.39065410512874,0.5,0.2540771966197535
839,0.06146401622234989,0.3946680432025596,0.03193726995489045,1.9513209130740738,445.82096584160263,0.5,0.09813846683610361
840,0.09454676272120395,0.4523808041123017,0.030065737554682406,1.4872581545274852,140.88239668856932,0.5,-0.8978271874371404
841,0.09232310074884233,0.4369150629700781,0.02972828440125575,1.3199975380194242,34.997948814705744,0.5,0.4472123378848968
842,0.08003239744003549,0.41113319092807943,0.02529132243461364,1.631205160464197,164.05660003610495,0.5,-1.6996822777945173
843,0.062285658215442415,0.4625098292865887,0.01705724830088713,1.4596733245669804,268.3473385718677,0.5,-23.90823816369579
844,0.07475305631002307,0.45679247034881476,0.03773732704957961,1.6132802620529267,463.81422121908474,0.5,-0.8902240434313253
845,0.07509075000355575,0.38104214212095033,0.028431244671501446,1.876427305982544,335.93595881990933,0.5,-0.5327084613798336
846,0.0663114736036442,0.456513381925504,0.03358377213979631,1.3677274187215693,141.9111488275521,0.5,-0.9652568569795379
847,0.07706356761457869,0.3716461018664167,0.017994187778705643,1.4394734046830595,246.20120213203603,0.5,-20.709167051259513
848,0.05902313213489431,0.395043428644288,0.014040638026506878,1.898066466025922,239.6700221828038,0.5,-13.195661170701339
849,0.07814166005241634,0.42385107743038675,0.0290991832784126,1.3877726806897055,93.52984623277848,0.5,-0.7145437886583501
850,0.09410406314728284,0.4813459144540343,0.02624960556768672,1.5078860606162028,291.15544591506085,0.5,-6.109862486116234
851,0.052484055743691325,0.36046482816194714,0.008454840179984163,1.9113734990929587,437.6341045449179,0.5,-71.47450280263148
852,0.0965546726512876,0.4966522031258861,0.03583518475688987,1.2434568786446067,256.19290688615064,0.5,-3.14868116344177
853,0.055896710334002835,0.37350759436957603,0.039811512206506035,1.2028919923437285,193.8944480589791,0.5,-0.6663637114437582
854,0.06500037705238776,0.3610091336331542,0.03201186015177795,1.295353056772221,70.13230666234779,0.5,0.23407607816469733
855,0.06566155169291825,0.36755126298584445,0.023203870110697633,1.1167463102520732,452.01314975136535,0.5,-19.886473392583607
856,0.0909891331797793,0.4790898864229567,0.017266941008071086,1.2232014064323355,19.741239442876203,0.5,-0.5051507084731932
857,0.06536492832515182,0.46321864523410183,0.019985441225483454,1.602549860162731,170.18823811065633,0.5,-6.7049014838422725
858,0.06264939578045205,0.4224785621387698,0.033827749696821126,1.3064336044019316,468.13318585750534,0.5,-8.321278483109001
859,0.08339537117119167,0.42762588508679555,0.021952027660236698,1.1106658154675781,189.60138669274136,0.5,-6.5687230972400625
860,0.06931240890723259,0.3636479658194301,0.011895083514365901,1.6441554325558867,146.4521858803717,0.5,-26.080570522884056
861,0.08908528216060294,0.4466547099796947,0.02808070176985389,1.2175483266176872,238.60360671341257,0.5,-6.827265680680096
862,0.06899598654570535,0.41882764095544345,0.03683898882861043,1.2800246236447095,489.4241243700331,0.5,-6.964978446345999
863,0.06188360967105622,0.49890187430627825,0.019648475474320908,1.3478457452400092,443.4271425923067,0.5,-30.94794079537225
864,0.08951509804659244,0.4606694576176116,0.0395676119805992,1.7396287406036568,370.3890986891093,0.5,0.4188739589691578
865,0.08520716596835776,0.38783348057844813,0.013995547236469237,1.6687696520111923,17.00088832300832,0.5,-0.9759912359150877
866,0.09558439461621918,0.3787231613542149,0.01786519333906396,1.1509039510020587,400.42455741554807,0.5,-36.65019948814241
867,0.07807643240483747,0.4593616644012706,0.007661273465993192,1.7001253006086348,259.17246532184845,0.5,-83.89669831609602
868,0.050820211050487826,0.37923596357330197,0.02656486315177646,1.301580850353496,257.24953712677654,0.5,-8.967418719897895
869,0.07926835146487676,0.4998743098321946,0.009986785431197982,1.8278402868835242,427.64088452932333,0.5,-53.99258917236754
870,0.08758623022261916,0.4673184421136153,0.030666707885514115,1.3086210986413118,322.54839667987295,0.5,-7.345688070010711
871,0.06130858263930212,0.45071002887121225,0.020150892257966874,1.6370865235547272,35.33480041301277,0.5,-0.3523020841657527
872,0.07130646430359219,0.4948548134395943,0.026848917411607963,1.8048543959222743,77.19229708115874,0.5,0.43584075561092217
873,0.09791789299970008,0.4599565731707725,0.009589206041937378,1.3009995643062584,272.83434557677674,0.5,-85.43770936859845
874,0.08798469474971642,0.4272642777956278,0.025843078930535425,1.7684571313079758,53.36516593422193,0.5,0.5838986390742897
875,0.07511646076901941,0.4612100639237453,0.02930177249841249,1.7100952049930302,185.1116385294657,0.5,-0.18705504813361085
876,0.05043781840732219,0.4206274630836957,0.007128899823648903,1.9645004220446223,358.51386710448156,0.5,-80.76652790326457
877,0.054894698051167624,0.4426873322071674,0.007775193666809573,1.3132909574912368,296.5398373843975,0.5,-121.68525348173047
878,0.09631427434141612,0.4243057827354894,0.028191880581276682,1.799576202722219,477.23147214576954,0.5,-2.1639960729813144
879,0.08718711785576853,0.3972509082653212,0.03453951302381169,1.3980531589208132,125.02803012097417,0.5,-0.12576962516887558
880,0.08565162443136766,0.47046484411690437,0.02057537596298566,1.3333765999829843,107.96751004492046,0.5,-7.353264902685435
881,0.06171872597149646,0.44997811752088895,0.008485927539604796,1.3505710315482127,416.09874694531374,0.5,-127.91674215153131
882,0.053363302370264355,0.3650468142520827,0.009467796652788841,1.9749506726513415,207.63126218252177,0.5,-32.027285204651385
883,0.08940186805579556,0.35478814060270336,0.025674816610208366,1.2044009153908477,161.8328026775816,0.5,-5.863585846687094
884,0.07180821450232283,0.36324107076520123,0.03443219185523616,1.6672633660306737,28.054981409930818,0.5,0.27542793559091705
885,0.0892209592762632,0.4951128696990885,0.03750718849792087,1.6350205333996457,107.1410482482553,0.5,0.5551020901176396
886,0.05752937851786115,0.44244909020762246,0.012466528695949462,1.425839086468709,200.1874810653207,0.5,-40.54235297344355
887,0.08663277316870735,0.3827831696353494,0.03819016593104806,1.1555047768673048,469.52952016028917,0.5,-5.97551200332378
888,0.09066366238999515,0.40143457856318576,0.02513372607541032,1.8611107004139487,493.59692909676755,0.5,-3.243511318839275
889,0.05326588486995776,0.4498239453390432,0.03449187719409367,1.5802616985869116,228.31865673200838,0.5,-0.3322800592095345
890,0.07895393671593623,0.42918173755995237,0.010194688996888485,1.5752612204841676,104.02486908991729,0.5,-32.725009428399964
891,0.09863362070765291,0.44500596750910815,0.035251777464525555,1.300102126438607,440.4812995025202,0.5,-6.81214571316725
892,0.05508538675394814,0.39639341024799124,0.030685934344110925,1.3344433674702494,332.3865048580949,0.5,-7.1327710025584015
893,0.08293843062368399,0.4316827604485816,0.018824522665862757,1.361941967405738,24.03081926467517,0.5,-0.7538057015299886
894,0.09210360495496658,0.38068316298896077,0.029079185624317667,1.3491618057300243,85.43877099397332,0.5,-0.5421382469811322
895,0.08609422896983858,0.3542869528045532,0.01698277228005666,1.980845717843117,497.4723769125001,0.5,-11.327066958975532
896,0.09522879727800398,0.42615262259038267,0.027231130736521794,1.4532328414299631,130.16220307477553,0.5,-1.8857323342143215
897,0.08867332231177188,0.38221273460298316,0.007914775380726463,1.197421639356672,224.9092531137988,0.5,-98.26919185046215
898,0.0711000181182203,0.47540539495839784,0.019880705434105465,1.741302520994288,264.9231079656306,0.5,-6.663318363437697
899,0.052861715492568004,0.47582870241797304,0.026998830345789045,1.8909810605706214,423.90761102084923,0.5,-1.1933646378594869
900,0.07120616367168427,0.35873787184678313,0.013297317988747222,1.9080245057468508,165.90765454578343,0.5,-11.675639671888863
901,0.05093756640945272,0.45122861653859964,0.009655372838223266,1.4838504278198885,482.83401880907377,0.5,-101.40077754808972
902,0.0948361904607413,0.4497216821051463,0.025169121231054498,1.2458047353887938,466.30351369812325,0.5,-20.22263217925917
903,0.08853652625330208,0.39202118432717514,0.01925310807633287,1.1800003849165588,427.825470931388,0.5,-34.27425026917868
904,0.08276491452924259,0.36641840303365547,0.01344246706211483,1.4350779975766574,386.1132975345032,0.5,-57.30213287838201
905,0.05772209017193911,0.41997562153860013,0.03013605026360735,1.7854962828725611,488.428094738732,0.5,-1.5085596050698609
906,0.07732697408119683,0.45050379683620445,0.016686687338241715,1.5854290645149192,234.41535983670192,0.5,-17.00170602435108
907,0.09828529793246721,0.35818477639388996,0.02561506386353126,1.1333538858803591,282.292496156982,0.5,-10.949265344715078
908,0.09248526750503136,0.4720161970242003,0.029790884111317785,1.7007265173895858,249.93638254429604,0.5,-0.6698274032513691
909,0.08791780974115851,0.38621390453771176,0.015922669210624157,1.9562540856955348,32.45805859079478,0.5,-0.13038493173336985
910,0.09091019499757497,0.4378574312188144,0.0361878087676069,1.1536257673475836,387.44565636994344,0.5,-4.67522599004174
911,0.06344434563608109,0.4437699076301881,0.01905939427434427,1.2704763094311926,139.98334563037673,0.5,-12.38668785817044
912,0.0563144412736242,0.4223183921410659,0.038565444963564795,1.1474363161519638,276.515578596583,0.5,-1.5846815584269547
913,0.09848292489486901,0.47860982656350126,0.029604067326262667,1.9980915883980916,414.9925750381327,0.5,0.05992350857023898
914,0.07198983479175187,0.4840362607567423,0.008539347694267932,1.126960038038272,157.02466558603393,0.5,-49.03875994518295
915,0.06353121228019687,0.4717310640019212,0.01630812516574116,1.7979950561123097,13.166004682385822,0.5,-0.142574824837983
916,0.08377008260353169,0.41921043524626606,0.026123306252993174,1.4759648641921082,330.8602229545963,0.5,-8.042949595312912
917,0.07221704949270943,0.48204480175160713,0.021605828653258406,1.1155284131779575,269.98917995106007,0.5,-10.333929128692628
918,0.06390517988720705,0.44422058673278486,0.008773977304231403,1.9299834534149685,312.3807808344662,0.5,-51.3312479705113
919,0.07035038237261496,0.4697512160703239,0.021408765000800065,1.2143109087827826,393.1260335789337,0.5,-24.223423122276326
920,0.056826216632100995,0.45710889738868776,0.024749248695221188,1.701440601599507,387.82510212328685,0.5,-4.796729765047193
921,0.09390551111513099,0.48366265670667913,0.033052406648882336,1.9522037189505645,274.90579814978975,0.5,0.5776795480988953
922,0.09578691497546425,0.3505092001722533,0.024142458785604247,1.5104335067917134,41.132578013629264,0.5,0.2895647975689133
923,0.0602460709015204,0.4266647947952903,0.025297639285442937,1.1562670645536224,459.19942209335244,0.5,-17.114327661040054
924,0.09196417040080457,0.4024147522473958,0.012948669551981885,1.986260071403902,22.817975857467417,0.5,-0.9084056921726102
925,0.08111242277160721,0.3816209407111949,0.011502054352886468,1.9975615458994103,91.7449911083304,0.5,-9.328754882892756
926,0.07494479089614117,0.3859045583447497,0.030403944428853476,1.4289982140746869,65.84175530933541,0.5,0.3199738591158151
927,0.08367596549467438,0.36694790580017717,0.018279336319402678,1.8484838265414054,483.77674819953387,0.5,-12.311164341027489
928,0.07890041021218588,0.42215872233978663,0.01479857583483833,1.7464758523286419,16.317829578231017,0.5,-0.42007795390596336
929,0.07677254773395904,0.3683740926948888,0.014475082048532076,1.6871041640788549,293.53685776880997,0.5,-24.403744993144876
930,0.07144887091158328,0.43850743831406075,0.00783803125734389,1.6522860614147827,183.97666441964034,0.5,-71.34863666989907
931,0.06488064957702763,0.374426240857505,0.028143976935886786,1.2563631330092528,116.30534668967023,0.5,-2.1128329231106684
932,0.09214618184478574,0.3969554933009057,0.019792323756400693,1.6234639878578858,397.0510466102085,0.5,-15.143968260968396
933,0.07437690742662921,0.3928134370083992,0.007574974263411138,1.3702278863777977,110.46299834084522,0.5,-72.62451984737694
934,0.08634801106238124,0.48459357340729076,0.02171878463526475,1.3310866090845972,212.41564683265574,0.5,-13.009162494673888
935,0.0597487797516001,0.41764737833365784,0.007376303416655164,1.443059102100534,251.98293950871263,0.5,-114.8766209471927
936,0.05268276855556853,0.42143654296390776,0.014317240036182044,1.6213892259234566,208.57747883905364,0.5,-21.583340558662133
937,0.08445795675241471,0.42935351548703116,0.015680793812522693,1.3033162597627763,391.82842149570394,0.5,-47.387787576560555
938,0.0853235741972646,0.39007987002659944,0.035447583567599604,1.5984379307780585,127.40138786670535,0.5,0.5601230894961093
939,0.05712579709089516,0.49645736659073225,0.03121012210393144,1.1606950786555275,338.8374958145019,0.5,-6.423497609528728
940,0.061279920331847614,0.3536519108547773,0.03082559752829544,1.2615504188765936,330.50120983976234,0.5,-8.12513602183372
941,0.09361672183240388,0.4399176924778036,0.019944086265302377,1.1881517801197885,42.69028744589961,0.5,-1.0036685296890502
942,0.05444252456703442,0.3656333692459332,0.03800879661797293,1.5600695037271133,461.0655465942654,0.5,-1.4652510617128276
943,0.05857595165892243,0.40667544852092086,0.015091445136951435,1.2845955362138322,236.525002485732,0.5,-34.883724878891044
944,0.08042168597945018,0.46083216303424546,0.021530277657500096,1.1965498695948777,475.30873613299445,0.5,-28.020421425323008
945,0.06479795701490285,0.3896359092183544,0.007740934454009617,1.695192440662579,20.03660678356124,0.5,-16.500824220907425
946,0.060457027359558026,0.49466819944741924,0.03246227483086575,1.6500784690030292,200.7493067331351,0.5,-0.14010092057105727
947,0.07875392249628749,0.4919282405612332,0.027356633087540015,1.4042793368207516,257.9406382306232,0.5,-6.731006929094063
948,0.08424462294750912,0.44016531573883255,0.018120500429395232,1.744052092553727,161.22246344933868,0.5,-5.568670362724104
949,0.08216108656738813,0.4017576371616655,0.019499069837167544,1.9244674519571245,222.92330230639638,0.5,-3.0753022422270933
950,0.05399608474435808,0.45976551275304867,0.007634406591696775,1.4475452931420871,139.2565382365856,0.5,-77.29546615412231
951,0.08093019611744014,0.4358583152575038,0.027861000176306536,1.793805589819377,280.0368230107309,0.5,-0.7646400367654398
952,0.07876912315986252,0.39265799973624477,0.01682469027512671,1.8986566626595711,148.80473159786433,0.5,-4.237384739403848
953,0.07367827636400034,0.3843613696602158,0.029219385293780493,1.1392985146336452,480.5972138542181,0.5,-12.859217032168793
954,0.06121752650467957,0.4959614809824777,0.013739585786315433,1.2977175056420152,26.312617327044094,0.5,-5.8929339802562035
955,0.08502925939616458,0.4159819927510161,0.022702122213603324,1.8101474519702232,121.13277143919042,0.5,-0.5557662542607553
956,0.09549029883722027,0.4114265781992931,0.028838927576474487,1.2840259777168284,322.1333363751185,0.5,-9.319922429204155
957,0.061516011862648934,0.4620935825514253,0.036147812104271995,1.5234437164360821,364.04950996424134,0.5,-1.6333824647632835
958,0.06874392396092179,0.43880565653806547,0.021737932097960593,1.7497026624807905,141.4725496444367,0.5,-1.8218899883743904
959,0.07442432023616936,0.4708305910763877,0.014516419510636244,1.1984961616327636,334.9820823108127,0.5,-45.18689971460776
960,0.09577353512127618,0.48129563265791675,0.027779429266244854,1.148150113784913,375.4246449568821,0.5,-9.944077286958716
961,0.09900113240219838,0.4690370366268798,0.010307436005094131,1.116488991043123,468.7220654520522,0.5,-79.96456986479001
962,0.09140192155680005,0.3721196568655096,0.03711347702186732,1.4315232907016002,305.1811368278067,0.5,-1.8402639795013367
963,0.08299801101467867,0.3573051579696191,0.03841146452274286,1.2593292125981752,394.0984026231119,0.5,-4.900098298775708
964,0.0936541268333492,0.37772333461369295,0.021072970679737575,1.8901687504900742,412.12252154588276,0.5,-5.4383691036522155
965,0.07363908612730548,0.4860132202204168,0.032186926857716985,1.5483777936918162,362.40332545724823,0.5,-2.7423992216096087
966,0.0833126829415971,0.44484567728994345,0.010579072364837745,1.3346101685110008,42.29938124855269,0.5,-18.183585424822517
967,0.07429980347113951,0.38910900495612377,0.03888671942067804,1.173237721111096,215.0193831771921,0.5,-1.0341011415318548
968,0.08820834742600564,0.4383711234447397,0.023287298957452345,1.6587503746657297,319.6245183169374,0.5,-5.950071850630053
969,0.07261551839418261,0.4119148244540265,0.02182415430086169,1.9339545120982575,112.40357330189205,0.5,-0.12405644166970742
970,0.08675801864902183,0.49400090889105064,0.03634231351873618,1.987065553899141,109.54504677925733,0.5,0.429730054984372
971,0.061364217693010634,0.48094071549002093,0.021052119063455242,1.131805050551763,423.01346382033694,0.5,-20.640446488615925
972,0.060503853094179695,0.4294294432412054,0.03431272940665938,1.8262086564054227,216.79618610242827,0.5,0.5764473844113978
973,0.08604157478577344,0.41873951788428626,0.0126494259812894,1.738241574568881,172.51382272965174,0.5,-20.30203587088563
974,0.05379955890781253,0.4351382528875013,0.037600513054239955,1.4146928446436735,17.73028521447402,0.5,-0.2560192752570629
975,0.060995965333073617,0.3595680653064554,0.007501792553124171,1.436018498785051,408.23845206094035,0.5,-149.19644598520037
976,0.058340893252952004,0.4172847416788978,0.019857752776738437,1.9118320964486135,264.02483760146754,0.5,-3.5401082683237233
977,0.07833962223518057,0.3940012657671393,0.013172919968146426,1.163903037962247,420.9372209680306,0.5,-63.77033449350084
978,0.05358830212240945,0.4583759595451799,0.012579843625548918,1.9840069101341806,40.158684182379965,0.5,-3.0966264455067902
979,0.07741821719999288,0.35368943845528344,0.01229178423092727,1.5612558370155927,350.9812033294226,0.5,-53.158173768937175
980,0.051786671707482294,0.3930523024530258,0.0285332180809443,1.23903163009006,436.3362842431109,0.5,-13.784567660276725
981,0.08944318058147258,0.4052636671543503,0.024794474038394215,1.8018034575502897,321.28035105976926,0.5,-2.4497106049254556
982,0.05528576405059033,0.4907388504090755,0.027938847233568473,1.9072230660454026,12.254770292784599,0.5,-0.22015732459924764
983,0.08748188280291719,0.48307684250621064,0.03766974488149514,1.2647315250053497,145.4645688806648,0.5,-0.5407106639481025
984,0.05608785876053642,0.4210293661507445,0.009633603520822811,1.871495035646329,153.68649079966656,0.5,-29.620405543339796
985,0.07857317410848584,0.3991556405269113,0.016204114274775347,1.1683064567040038,463.11755390618396,0.5,-48.34902600420058
986,0.07171936628401063,0.47271690525271043,0.014869003864132823,1.9496404979887707,168.9008627677284,0.5,-6.816027986493614
987,0.07004889064524647,0.35742427506102165,0.03254717525353597,1.3434976985995177,192.6642321287909,0.5,-2.3359496611481507
988,0.0647546634159872,0.41926397246312247,0.020490358822010536,1.4806070192938443,21.45200965220811,0.5,-0.024025743160942747
989,0.08097888044789495,0.47994964309993926,0.02570201723353536,1.1998093838567732,153.41316164908892,0.5,-4.830710681552597
990,0.06034906029862674,0.41955219110361325,0.03408440897964191,1.1322443993918914,45.617598023420996,0.5,0.43283017539158397
991,0.06571459794018812,0.436780236282597,0.012895616290306697,1.9011387741231425,383.8775031649207,0.5,-23.753562224845865
992,0.08799713358028487,0.368165218794054,0.025723129233153473,1.405534104934755,196.15594392332318,0.5,-5.765584842924992
993,0.06905873043221047,0.3503626831265326,0.02872920849214273,1.4374120538989632,52.193711791090266,0.5,0.43101471672786706
994,0.06555326289801519,0.4014033765304444,0.018070689946252008,1.3939788544392513,431.2382235092821,0.5,-34.59939895870193
995,0.0610476799584701,0.44854115827565433,0.02758025254309491,1.807926191557629,418.0426477117895,0.5,-1.7492786737688912
996,0.060305475075837896,0.37463434394829015,0.008099163742203515,1.1946382346025382,494.60032501695645,0.5,-148.0960539231726
997,0.051326361881097016,0.48116599916916153,0.014608631843166481,1.8366840810936362,56.02629098928564,0.5,-3.5407648711848205
998,0.0969294582840749,0.45637792939923316,0.021202181091343985,1.780890553070524,380.13794174094375,0.5,-6.556076927042017
999,0.07030726611946933,0.39963046644218697,0.022074899800676027,1.4634714874319594,67.42656033899753,0.5,-1.7888657081552721
