 ******* Program HYDRUS
 ******* 
 None                                                                    
 Date:  16. 1.    Time:  15: 8:27
 Units: L = mm   , T = days , M = mmol 

----------------------------------------------------------
 Time       [T]        0.0000
----------------------------------------------------------
 Sub-region num.                     1
----------------------------------------------------------
 Length   [L]        0.15000E+03  0.15000E+03
 W-volume [L]        0.24685E+02  0.24685E+02
 In-flow  [L/T]      0.00000E+00  0.00000E+00
 h Mean   [L]       -0.15000E+02 -0.15000E+02
 Top Flux [L/T]     -0.11142E-04
 Bot Flux [L/T]     -0.55708E-05
----------------------------------------------------------

----------------------------------------------------------
 Time       [T]        1.0000
----------------------------------------------------------
 Sub-region num.                     1
----------------------------------------------------------
 Length   [L]        0.15000E+03  0.15000E+03
 W-volume [L]        0.24685E+02  0.24685E+02
 In-flow  [L/T]     -0.53353E-05 -0.53353E-05
 h Mean   [L]       -0.76000E+01 -0.76000E+01
 Top Flux [L/T]     -0.11027E-04
 Bot Flux [L/T]      0.00000E+00
 WatBalT  [L]       -0.13943E-06
 WatBalR  [%]              0.501
----------------------------------------------------------

----------------------------------------------------------
 Time       [T]        2.0000
----------------------------------------------------------
 Sub-region num.                     1
----------------------------------------------------------
 Length   [L]        0.15000E+03  0.15000E+03
 W-volume [L]        0.24650E+02  0.24650E+02
 In-flow  [L/T]     -0.35566E-01 -0.35566E-01
 h Mean   [L]       -0.77070E+01 -0.77070E+01
 Top Flux [L/T]      0.17040E-03
 Bot Flux [L/T]      0.00000E+00
 WatBalT  [L]       -0.91642E-06
 WatBalR  [%]              0.003
----------------------------------------------------------

----------------------------------------------------------
 Time       [T]        3.0000
----------------------------------------------------------
 Sub-region num.                     1
----------------------------------------------------------
 Length   [L]        0.15000E+03  0.15000E+03
 W-volume [L]        0.24543E+02  0.24543E+02
 In-flow  [L/T]     -0.10669E+00 -0.10669E+00
 h Mean   [L]       -0.29224E+02 -0.29224E+02
 Top Flux [L/T]      0.11475E-01
 Bot Flux [L/T]      0.00000E+00
 WatBalT  [L]       -0.10133E-05
 WatBalR  [%]              0.001
----------------------------------------------------------

----------------------------------------------------------
 Time       [T]        4.0000
----------------------------------------------------------
 Sub-region num.                     1
----------------------------------------------------------
 Length   [L]        0.15000E+03  0.15000E+03
 W-volume [L]        0.24523E+02  0.24523E+02
 In-flow  [L/T]     -0.85391E-03 -0.85391E-03
 h Mean   [L]       -0.33409E+04 -0.33409E+04
 Top Flux [L/T]      0.84888E-03
 Bot Flux [L/T]      0.00000E+00
 WatBalT  [L]       -0.10878E-05
 WatBalR  [%]              0.001
----------------------------------------------------------

----------------------------------------------------------
 Time       [T]        5.0000
----------------------------------------------------------
 Sub-region num.                     1
----------------------------------------------------------
 Length   [L]        0.15000E+03  0.15000E+03
 W-volume [L]        0.24523E+02  0.24523E+02
 In-flow  [L/T]     -0.52990E-03 -0.52990E-03
 h Mean   [L]       -0.33409E+04 -0.33409E+04
 Top Flux [L/T]      0.52442E-03
 Bot Flux [L/T]      0.00000E+00
 WatBalT  [L]       -0.23991E-05
 WatBalR  [%]              0.001
----------------------------------------------------------

----------------------------------------------------------
 Time       [T]        6.0000
----------------------------------------------------------
 Sub-region num.                     1
----------------------------------------------------------
 Length   [L]        0.15000E+03  0.15000E+03
 W-volume [L]        0.24522E+02  0.24522E+02
 In-flow  [L/T]     -0.51269E-03 -0.51269E-03
 h Mean   [L]       -0.33409E+04 -0.33409E+04
 Top Flux [L/T]      0.50723E-03
 Bot Flux [L/T]      0.00000E+00
 WatBalT  [L]       -0.35763E-06
 WatBalR  [%]              0.000
----------------------------------------------------------

----------------------------------------------------------
 Time       [T]        7.0000
----------------------------------------------------------
 Sub-region num.                     1
----------------------------------------------------------
 Length   [L]        0.15000E+03  0.15000E+03
 W-volume [L]        0.24522E+02  0.24522E+02
 In-flow  [L/T]     -0.49630E-03 -0.49630E-03
 h Mean   [L]       -0.33409E+04 -0.33409E+04
 Top Flux [L/T]      0.49069E-03
 Bot Flux [L/T]     -0.52682E-11
 WatBalT  [L]       -0.16838E-05
 WatBalR  [%]              0.001
----------------------------------------------------------

----------------------------------------------------------
 Time       [T]        8.0000
----------------------------------------------------------
 Sub-region num.                     1
----------------------------------------------------------
 Length   [L]        0.15000E+03  0.15000E+03
 W-volume [L]        0.24521E+02  0.24521E+02
 In-flow  [L/T]     -0.48032E-03 -0.48032E-03
 h Mean   [L]       -0.33409E+04 -0.33409E+04
 Top Flux [L/T]      0.47476E-03
 Bot Flux [L/T]     -0.52619E-11
 WatBalT  [L]       -0.19372E-05
 WatBalR  [%]              0.001
----------------------------------------------------------

----------------------------------------------------------
 Time       [T]        9.0000
----------------------------------------------------------
 Sub-region num.                     1
----------------------------------------------------------
 Length   [L]        0.15000E+03  0.15000E+03
 W-volume [L]        0.24521E+02  0.24521E+02
 In-flow  [L/T]     -0.46501E-03 -0.46501E-03
 h Mean   [L]       -0.33409E+04 -0.33409E+04
 Top Flux [L/T]      0.45942E-03
 Bot Flux [L/T]     -0.52556E-11
 WatBalT  [L]       -0.24289E-05
 WatBalR  [%]              0.001
----------------------------------------------------------

----------------------------------------------------------
 Time       [T]       10.0000
----------------------------------------------------------
 Sub-region num.                     1
----------------------------------------------------------
 Length   [L]        0.15000E+03  0.15000E+03
 W-volume [L]        0.24520E+02  0.24520E+02
 In-flow  [L/T]     -0.45016E-03 -0.45016E-03
 h Mean   [L]       -0.33409E+04 -0.33409E+04
 Top Flux [L/T]      0.44464E-03
 Bot Flux [L/T]     -0.52492E-11
 WatBalT  [L]       -0.65565E-06
 WatBalR  [%]              0.000
----------------------------------------------------------

----------------------------------------------------------
 Time       [T]       11.0000
----------------------------------------------------------
 Sub-region num.                     1
----------------------------------------------------------
 Length   [L]        0.15000E+03  0.15000E+03
 W-volume [L]        0.24520E+02  0.24520E+02
 In-flow  [L/T]     -0.43583E-03 -0.43583E-03
 h Mean   [L]       -0.33410E+04 -0.33410E+04
 Top Flux [L/T]      0.43041E-03
 Bot Flux [L/T]      0.00000E+00
 WatBalT  [L]       -0.18179E-05
 WatBalR  [%]              0.001
----------------------------------------------------------

----------------------------------------------------------
 Time       [T]       12.0000
----------------------------------------------------------
 Sub-region num.                     1
----------------------------------------------------------
 Length   [L]        0.15000E+03  0.15000E+03
 W-volume [L]        0.24519E+02  0.24519E+02
 In-flow  [L/T]     -0.42224E-03 -0.42224E-03
 h Mean   [L]       -0.33410E+04 -0.33410E+04
 Top Flux [L/T]      0.41670E-03
 Bot Flux [L/T]      0.00000E+00
 WatBalT  [L]       -0.15795E-05
 WatBalR  [%]              0.001
----------------------------------------------------------

----------------------------------------------------------
 Time       [T]       13.0000
----------------------------------------------------------
 Sub-region num.                     1
----------------------------------------------------------
 Length   [L]        0.15000E+03  0.15000E+03
 W-volume [L]        0.24519E+02  0.24519E+02
 In-flow  [L/T]     -0.40907E-03 -0.40907E-03
 h Mean   [L]       -0.33410E+04 -0.33410E+04
 Top Flux [L/T]      0.40350E-03
 Bot Flux [L/T]      0.52304E-11
 WatBalT  [L]       -0.13113E-05
 WatBalR  [%]              0.001
----------------------------------------------------------

----------------------------------------------------------
 Time       [T]       14.0000
----------------------------------------------------------
 Sub-region num.                     1
----------------------------------------------------------
 Length   [L]        0.15000E+03  0.15000E+03
 W-volume [L]        0.24519E+02  0.24519E+02
 In-flow  [L/T]     -0.39613E-03 -0.39613E-03
 h Mean   [L]       -0.33410E+04 -0.33410E+04
 Top Flux [L/T]      0.39078E-03
 Bot Flux [L/T]      0.52241E-11
 WatBalT  [L]       -0.53644E-06
 WatBalR  [%]              0.000
----------------------------------------------------------

----------------------------------------------------------
 Time       [T]       15.0000
----------------------------------------------------------
 Sub-region num.                     1
----------------------------------------------------------
 Length   [L]        0.15000E+03  0.15000E+03
 W-volume [L]        0.24518E+02  0.24518E+02
 In-flow  [L/T]     -0.38418E-03 -0.38418E-03
 h Mean   [L]       -0.33410E+04 -0.33410E+04
 Top Flux [L/T]      0.37853E-03
 Bot Flux [L/T]     -0.52178E-11
 WatBalT  [L]        0.12219E-05
 WatBalR  [%]              0.001
----------------------------------------------------------

----------------------------------------------------------
 Time       [T]       16.0000
----------------------------------------------------------
 Sub-region num.                     1
----------------------------------------------------------
 Length   [L]        0.15000E+03  0.15000E+03
 W-volume [L]        0.24518E+02  0.24518E+02
 In-flow  [L/T]     -0.37220E-03 -0.37220E-03
 h Mean   [L]       -0.33410E+04 -0.33410E+04
 Top Flux [L/T]      0.36672E-03
 Bot Flux [L/T]      0.00000E+00
 WatBalT  [L]       -0.13411E-05
 WatBalR  [%]              0.001
----------------------------------------------------------

----------------------------------------------------------
 Time       [T]       17.0000
----------------------------------------------------------
 Sub-region num.                     1
----------------------------------------------------------
 Length   [L]        0.15000E+03  0.15000E+03
 W-volume [L]        0.24518E+02  0.24518E+02
 In-flow  [L/T]     -0.36082E-03 -0.36082E-03
 h Mean   [L]       -0.33410E+04 -0.33410E+04
 Top Flux [L/T]      0.35535E-03
 Bot Flux [L/T]      0.00000E+00
 WatBalT  [L]       -0.11921E-06
 WatBalR  [%]              0.000
----------------------------------------------------------

----------------------------------------------------------
 Time       [T]       18.0000
----------------------------------------------------------
 Sub-region num.                     1
----------------------------------------------------------
 Length   [L]        0.15000E+03  0.15000E+03
 W-volume [L]        0.24517E+02  0.24517E+02
 In-flow  [L/T]     -0.34997E-03 -0.34997E-03
 h Mean   [L]       -0.33410E+04 -0.33410E+04
 Top Flux [L/T]      0.34438E-03
 Bot Flux [L/T]      0.00000E+00
 WatBalT  [L]        0.14901E-05
 WatBalR  [%]              0.001
----------------------------------------------------------

----------------------------------------------------------
 Time       [T]       19.0000
----------------------------------------------------------
 Sub-region num.                     1
----------------------------------------------------------
 Length   [L]        0.15000E+03  0.15000E+03
 W-volume [L]        0.24517E+02  0.24517E+02
 In-flow  [L/T]     -0.33924E-03 -0.33924E-03
 h Mean   [L]       -0.33410E+04 -0.33410E+04
 Top Flux [L/T]      0.33382E-03
 Bot Flux [L/T]      0.51928E-11
 WatBalT  [L]       -0.37551E-05
 WatBalR  [%]              0.002
----------------------------------------------------------

----------------------------------------------------------
 Time       [T]       20.0000
----------------------------------------------------------
 Sub-region num.                     1
----------------------------------------------------------
 Length   [L]        0.15000E+03  0.15000E+03
 W-volume [L]        0.24516E+02  0.24516E+02
 In-flow  [L/T]     -0.32914E-03 -0.32914E-03
 h Mean   [L]       -0.33410E+04 -0.33410E+04
 Top Flux [L/T]      0.32364E-03
 Bot Flux [L/T]      0.00000E+00
 WatBalT  [L]       -0.21160E-05
 WatBalR  [%]              0.001
----------------------------------------------------------

----------------------------------------------------------
 Time       [T]       21.0000
----------------------------------------------------------
 Sub-region num.                     1
----------------------------------------------------------
 Length   [L]        0.15000E+03  0.15000E+03
 W-volume [L]        0.24516E+02  0.24516E+02
 In-flow  [L/T]     -0.31909E-03 -0.31909E-03
 h Mean   [L]       -0.33410E+04 -0.33410E+04
 Top Flux [L/T]      0.31382E-03
 Bot Flux [L/T]      0.00000E+00
 WatBalT  [L]       -0.27865E-05
 WatBalR  [%]              0.002
----------------------------------------------------------

----------------------------------------------------------
 Time       [T]       22.0000
----------------------------------------------------------
 Sub-region num.                     1
----------------------------------------------------------
 Length   [L]        0.15000E+03  0.15000E+03
 W-volume [L]        0.24516E+02  0.24516E+02
 In-flow  [L/T]     -0.30971E-03 -0.30971E-03
 h Mean   [L]       -0.33410E+04 -0.33410E+04
 Top Flux [L/T]      0.30437E-03
 Bot Flux [L/T]      0.00000E+00
 WatBalT  [L]        0.35763E-06
 WatBalR  [%]              0.000
----------------------------------------------------------

----------------------------------------------------------
 Time       [T]       23.0000
----------------------------------------------------------
 Sub-region num.                     1
----------------------------------------------------------
 Length   [L]        0.15000E+03  0.15000E+03
 W-volume [L]        0.24516E+02  0.24516E+02
 In-flow  [L/T]     -0.30056E-03 -0.30056E-03
 h Mean   [L]       -0.33410E+04 -0.33410E+04
 Top Flux [L/T]      0.29525E-03
 Bot Flux [L/T]     -0.51679E-11
 WatBalT  [L]       -0.18924E-05
 WatBalR  [%]              0.001
----------------------------------------------------------

----------------------------------------------------------
 Time       [T]       24.0000
----------------------------------------------------------
 Sub-region num.                     1
----------------------------------------------------------
 Length   [L]        0.15000E+03  0.15000E+03
 W-volume [L]        0.24515E+02  0.24515E+02
 In-flow  [L/T]     -0.29182E-03 -0.29182E-03
 h Mean   [L]       -0.33410E+04 -0.33410E+04
 Top Flux [L/T]      0.28646E-03
 Bot Flux [L/T]      0.00000E+00
 WatBalT  [L]       -0.15646E-05
 WatBalR  [%]              0.001
----------------------------------------------------------

----------------------------------------------------------
 Time       [T]       25.0000
----------------------------------------------------------
 Sub-region num.                     1
----------------------------------------------------------
 Length   [L]        0.15000E+03  0.15000E+03
 W-volume [L]        0.24515E+02  0.24515E+02
 In-flow  [L/T]     -0.28336E-03 -0.28336E-03
 h Mean   [L]       -0.33410E+04 -0.33410E+04
 Top Flux [L/T]      0.27798E-03
 Bot Flux [L/T]      0.51554E-11
 WatBalT  [L]       -0.26822E-06
 WatBalR  [%]              0.000
----------------------------------------------------------

----------------------------------------------------------
 Time       [T]       26.0000
----------------------------------------------------------
 Sub-region num.                     1
----------------------------------------------------------
 Length   [L]        0.15000E+03  0.15000E+03
 W-volume [L]        0.24515E+02  0.24515E+02
 In-flow  [L/T]     -0.27534E-03 -0.27534E-03
 h Mean   [L]       -0.33410E+04 -0.33410E+04
 Top Flux [L/T]      0.26981E-03
 Bot Flux [L/T]      0.00000E+00
 WatBalT  [L]       -0.15199E-05
 WatBalR  [%]              0.001
----------------------------------------------------------

----------------------------------------------------------
 Time       [T]       27.0000
----------------------------------------------------------
 Sub-region num.                     1
----------------------------------------------------------
 Length   [L]        0.15000E+03  0.15000E+03
 W-volume [L]        0.24514E+02  0.24514E+02
 In-flow  [L/T]     -0.26736E-03 -0.26736E-03
 h Mean   [L]       -0.33410E+04 -0.33410E+04
 Top Flux [L/T]      0.26193E-03
 Bot Flux [L/T]      0.51431E-11
 WatBalT  [L]       -0.11772E-05
 WatBalR  [%]              0.001
----------------------------------------------------------

----------------------------------------------------------
 Time       [T]       28.0000
----------------------------------------------------------
 Sub-region num.                     1
----------------------------------------------------------
 Length   [L]        0.15000E+03  0.15000E+03
 W-volume [L]        0.24514E+02  0.24514E+02
 In-flow  [L/T]     -0.25991E-03 -0.25991E-03
 h Mean   [L]       -0.33410E+04 -0.33410E+04
 Top Flux [L/T]      0.25433E-03
 Bot Flux [L/T]      0.00000E+00
 WatBalT  [L]        0.10282E-05
 WatBalR  [%]              0.001
----------------------------------------------------------

----------------------------------------------------------
 Time       [T]       29.0000
----------------------------------------------------------
 Sub-region num.                     1
----------------------------------------------------------
 Length   [L]        0.15000E+03  0.15000E+03
 W-volume [L]        0.24514E+02  0.24514E+02
 In-flow  [L/T]     -0.25228E-03 -0.25228E-03
 h Mean   [L]       -0.33410E+04 -0.33410E+04
 Top Flux [L/T]      0.24700E-03
 Bot Flux [L/T]      0.00000E+00
 WatBalT  [L]        0.15646E-05
 WatBalR  [%]              0.001
----------------------------------------------------------

----------------------------------------------------------
 Time       [T]       30.0000
----------------------------------------------------------
 Sub-region num.                     1
----------------------------------------------------------
 Length   [L]        0.15000E+03  0.15000E+03
 W-volume [L]        0.24514E+02  0.24514E+02
 In-flow  [L/T]     -0.24530E-03 -0.24530E-03
 h Mean   [L]       -0.33410E+04 -0.33410E+04
 Top Flux [L/T]      0.23993E-03
 Bot Flux [L/T]     -0.51245E-11
 WatBalT  [L]       -0.12517E-05
 WatBalR  [%]              0.001
----------------------------------------------------------

----------------------------------------------------------
 Time       [T]       31.0000
----------------------------------------------------------
 Sub-region num.                     1
----------------------------------------------------------
 Length   [L]        0.15000E+03  0.15000E+03
 W-volume [L]        0.24513E+02  0.24513E+02
 In-flow  [L/T]     -0.23845E-03 -0.23845E-03
 h Mean   [L]       -0.33410E+04 -0.33410E+04
 Top Flux [L/T]      0.23311E-03
 Bot Flux [L/T]      0.00000E+00
 WatBalT  [L]       -0.33230E-05
 WatBalR  [%]              0.002
----------------------------------------------------------

----------------------------------------------------------
 Time       [T]       32.0000
----------------------------------------------------------
 Sub-region num.                     1
----------------------------------------------------------
 Length   [L]        0.15000E+03  0.15000E+03
 W-volume [L]        0.24513E+02  0.24513E+02
 In-flow  [L/T]     -0.23180E-03 -0.23180E-03
 h Mean   [L]       -0.33410E+04 -0.33410E+04
 Top Flux [L/T]      0.22653E-03
 Bot Flux [L/T]      0.00000E+00
 WatBalT  [L]       -0.59605E-06
 WatBalR  [%]              0.000
----------------------------------------------------------

----------------------------------------------------------
 Time       [T]       33.0000
----------------------------------------------------------
 Sub-region num.                     1
----------------------------------------------------------
 Length   [L]        0.15000E+03  0.15000E+03
 W-volume [L]        0.24513E+02  0.24513E+02
 In-flow  [L/T]     -0.22557E-03 -0.22557E-03
 h Mean   [L]       -0.33410E+04 -0.33410E+04
 Top Flux [L/T]      0.22018E-03
 Bot Flux [L/T]      0.00000E+00
 WatBalT  [L]        0.14603E-05
 WatBalR  [%]              0.001
----------------------------------------------------------

----------------------------------------------------------
 Time       [T]       34.0000
----------------------------------------------------------
 Sub-region num.                     1
----------------------------------------------------------
 Length   [L]        0.15000E+03  0.15000E+03
 W-volume [L]        0.24513E+02  0.24513E+02
 In-flow  [L/T]     -0.21926E-03 -0.21926E-03
 h Mean   [L]       -0.33410E+04 -0.33410E+04
 Top Flux [L/T]      0.21406E-03
 Bot Flux [L/T]      0.00000E+00
 WatBalT  [L]       -0.77486E-06
 WatBalR  [%]              0.000
----------------------------------------------------------

----------------------------------------------------------
 Time       [T]       35.0000
----------------------------------------------------------
 Sub-region num.                     1
----------------------------------------------------------
 Length   [L]        0.15000E+03  0.15000E+03
 W-volume [L]        0.24513E+02  0.24513E+02
 In-flow  [L/T]     -0.21353E-03 -0.21353E-03
 h Mean   [L]       -0.33410E+04 -0.33410E+04
 Top Flux [L/T]      0.20814E-03
 Bot Flux [L/T]     -0.50938E-11
 WatBalT  [L]        0.53644E-06
 WatBalR  [%]              0.000
----------------------------------------------------------

----------------------------------------------------------
 Time       [T]       36.0000
----------------------------------------------------------
 Sub-region num.                     1
----------------------------------------------------------
 Length   [L]        0.15000E+03  0.15000E+03
 W-volume [L]        0.24512E+02  0.24512E+02
 In-flow  [L/T]     -0.20766E-03 -0.20766E-03
 h Mean   [L]       -0.33410E+04 -0.33410E+04
 Top Flux [L/T]      0.20244E-03
 Bot Flux [L/T]      0.50877E-11
 WatBalT  [L]       -0.19819E-05
 WatBalR  [%]              0.001
----------------------------------------------------------

----------------------------------------------------------
 Time       [T]       37.0000
----------------------------------------------------------
 Sub-region num.                     1
----------------------------------------------------------
 Length   [L]        0.15000E+03  0.15000E+03
 W-volume [L]        0.24512E+02  0.24512E+02
 In-flow  [L/T]     -0.20230E-03 -0.20230E-03
 h Mean   [L]       -0.33410E+04 -0.33410E+04
 Top Flux [L/T]      0.19693E-03
 Bot Flux [L/T]      0.50816E-11
 WatBalT  [L]       -0.24289E-05
 WatBalR  [%]              0.001
----------------------------------------------------------

----------------------------------------------------------
 Time       [T]       38.0000
----------------------------------------------------------
 Sub-region num.                     1
----------------------------------------------------------
 Length   [L]        0.15000E+03  0.15000E+03
 W-volume [L]        0.24512E+02  0.24512E+02
 In-flow  [L/T]     -0.19702E-03 -0.19702E-03
 h Mean   [L]       -0.33410E+04 -0.33410E+04
 Top Flux [L/T]      0.19162E-03
 Bot Flux [L/T]      0.00000E+00
 WatBalT  [L]        0.12964E-05
 WatBalR  [%]              0.001
----------------------------------------------------------

----------------------------------------------------------
 Time       [T]       39.0000
----------------------------------------------------------
 Sub-region num.                     1
----------------------------------------------------------
 Length   [L]        0.15000E+03  0.15000E+03
 W-volume [L]        0.24512E+02  0.24512E+02
 In-flow  [L/T]     -0.19157E-03 -0.19157E-03
 h Mean   [L]       -0.33410E+04 -0.33410E+04
 Top Flux [L/T]      0.18649E-03
 Bot Flux [L/T]      0.00000E+00
 WatBalT  [L]       -0.19372E-06
 WatBalR  [%]              0.000
----------------------------------------------------------

----------------------------------------------------------
 Time       [T]       40.0000
----------------------------------------------------------
 Sub-region num.                     1
----------------------------------------------------------
 Length   [L]        0.15000E+03  0.15000E+03
 W-volume [L]        0.24512E+02  0.24512E+02
 In-flow  [L/T]     -0.18689E-03 -0.18689E-03
 h Mean   [L]       -0.33410E+04 -0.33410E+04
 Top Flux [L/T]      0.18153E-03
 Bot Flux [L/T]      0.00000E+00
 WatBalT  [L]       -0.95367E-06
 WatBalR  [%]              0.001
----------------------------------------------------------

----------------------------------------------------------
 Time       [T]       41.0000
----------------------------------------------------------
 Sub-region num.                     1
----------------------------------------------------------
 Length   [L]        0.15000E+03  0.15000E+03
 W-volume [L]        0.24511E+02  0.24511E+02
 In-flow  [L/T]     -0.18206E-03 -0.18206E-03
 h Mean   [L]       -0.33410E+04 -0.33410E+04
 Top Flux [L/T]      0.17675E-03
 Bot Flux [L/T]      0.50572E-11
 WatBalT  [L]       -0.46343E-05
 WatBalR  [%]              0.003
----------------------------------------------------------

----------------------------------------------------------
 Time       [T]       42.0000
----------------------------------------------------------
 Sub-region num.                     1
----------------------------------------------------------
 Length   [L]        0.15000E+03  0.15000E+03
 W-volume [L]        0.24511E+02  0.24511E+02
 In-flow  [L/T]     -0.17732E-03 -0.17732E-03
 h Mean   [L]       -0.33410E+04 -0.33410E+04
 Top Flux [L/T]      0.17213E-03
 Bot Flux [L/T]      0.00000E+00
 WatBalT  [L]       -0.15199E-05
 WatBalR  [%]              0.001
----------------------------------------------------------

----------------------------------------------------------
 Time       [T]       43.0000
----------------------------------------------------------
 Sub-region num.                     1
----------------------------------------------------------
 Length   [L]        0.15000E+03  0.15000E+03
 W-volume [L]        0.24511E+02  0.24511E+02
 In-flow  [L/T]     -0.17303E-03 -0.17303E-03
 h Mean   [L]       -0.33410E+04 -0.33410E+04
 Top Flux [L/T]      0.16767E-03
 Bot Flux [L/T]      0.00000E+00
 WatBalT  [L]        0.89407E-06
 WatBalR  [%]              0.001
----------------------------------------------------------

----------------------------------------------------------
 Time       [T]       44.0000
----------------------------------------------------------
 Sub-region num.                     1
----------------------------------------------------------
 Length   [L]        0.15000E+03  0.15000E+03
 W-volume [L]        0.24511E+02  0.24511E+02
 In-flow  [L/T]     -0.16841E-03 -0.16841E-03
 h Mean   [L]       -0.33410E+04 -0.33410E+04
 Top Flux [L/T]      0.16336E-03
 Bot Flux [L/T]     -0.50390E-11
 WatBalT  [L]        0.84937E-06
 WatBalR  [%]              0.000
----------------------------------------------------------

----------------------------------------------------------
 Time       [T]       45.0000
----------------------------------------------------------
 Sub-region num.                     1
----------------------------------------------------------
 Length   [L]        0.15000E+03  0.15000E+03
 W-volume [L]        0.24511E+02  0.24511E+02
 In-flow  [L/T]     -0.16445E-03 -0.16445E-03
 h Mean   [L]       -0.33410E+04 -0.33410E+04
 Top Flux [L/T]      0.15920E-03
 Bot Flux [L/T]      0.00000E+00
 WatBalT  [L]       -0.14901E-05
 WatBalR  [%]              0.001
----------------------------------------------------------

----------------------------------------------------------
 Time       [T]       46.0000
----------------------------------------------------------
 Sub-region num.                     1
----------------------------------------------------------
 Length   [L]        0.15000E+03  0.15000E+03
 W-volume [L]        0.24510E+02  0.24510E+02
 In-flow  [L/T]     -0.16043E-03 -0.16043E-03
 h Mean   [L]       -0.33410E+04 -0.33410E+04
 Top Flux [L/T]      0.15518E-03
 Bot Flux [L/T]      0.50269E-11
 WatBalT  [L]       -0.25332E-06
 WatBalR  [%]              0.000
----------------------------------------------------------

----------------------------------------------------------
 Time       [T]       47.0000
----------------------------------------------------------
 Sub-region num.                     1
----------------------------------------------------------
 Length   [L]        0.15000E+03  0.15000E+03
 W-volume [L]        0.24510E+02  0.24510E+02
 In-flow  [L/T]     -0.15661E-03 -0.15661E-03
 h Mean   [L]       -0.33410E+04 -0.33410E+04
 Top Flux [L/T]      0.15129E-03
 Bot Flux [L/T]      0.50208E-11
 WatBalT  [L]        0.87917E-06
 WatBalR  [%]              0.000
----------------------------------------------------------

----------------------------------------------------------
 Time       [T]       48.0000
----------------------------------------------------------
 Sub-region num.                     1
----------------------------------------------------------
 Length   [L]        0.15000E+03  0.15000E+03
 W-volume [L]        0.24510E+02  0.24510E+02
 In-flow  [L/T]     -0.15277E-03 -0.15277E-03
 h Mean   [L]       -0.33410E+04 -0.33410E+04
 Top Flux [L/T]      0.14754E-03
 Bot Flux [L/T]      0.00000E+00
 WatBalT  [L]        0.11921E-06
 WatBalR  [%]              0.000
----------------------------------------------------------

----------------------------------------------------------
 Time       [T]       49.0000
----------------------------------------------------------
 Sub-region num.                     1
----------------------------------------------------------
 Length   [L]        0.15000E+03  0.15000E+03
 W-volume [L]        0.24510E+02  0.24510E+02
 In-flow  [L/T]     -0.14907E-03 -0.14907E-03
 h Mean   [L]       -0.33410E+04 -0.33410E+04
 Top Flux [L/T]      0.14391E-03
 Bot Flux [L/T]      0.00000E+00
 WatBalT  [L]        0.14007E-05
 WatBalR  [%]              0.001
----------------------------------------------------------

----------------------------------------------------------
 Time       [T]       50.0000
----------------------------------------------------------
 Sub-region num.                     1
----------------------------------------------------------
 Length   [L]        0.15000E+03  0.15000E+03
 W-volume [L]        0.24510E+02  0.24510E+02
 In-flow  [L/T]     -0.14585E-03 -0.14585E-03
 h Mean   [L]       -0.33410E+04 -0.33410E+04
 Top Flux [L/T]      0.14041E-03
 Bot Flux [L/T]      0.50028E-11
 WatBalT  [L]       -0.84937E-06
 WatBalR  [%]              0.000
----------------------------------------------------------

----------------------------------------------------------
 Time       [T]       51.0000
----------------------------------------------------------
 Sub-region num.                     1
----------------------------------------------------------
 Length   [L]        0.15000E+03  0.15000E+03
 W-volume [L]        0.24510E+02  0.24510E+02
 In-flow  [L/T]     -0.14234E-03 -0.14234E-03
 h Mean   [L]       -0.33410E+04 -0.33410E+04
 Top Flux [L/T]      0.13702E-03
 Bot Flux [L/T]      0.49968E-11
 WatBalT  [L]        0.11176E-05
 WatBalR  [%]              0.001
----------------------------------------------------------

----------------------------------------------------------
 Time       [T]       52.0000
----------------------------------------------------------
 Sub-region num.                     1
----------------------------------------------------------
 Length   [L]        0.15000E+03  0.15000E+03
 W-volume [L]        0.24510E+02  0.24510E+02
 In-flow  [L/T]     -0.13906E-03 -0.13906E-03
 h Mean   [L]       -0.33410E+04 -0.33410E+04
 Top Flux [L/T]      0.13374E-03
 Bot Flux [L/T]     -0.49907E-11
 WatBalT  [L]       -0.22352E-06
 WatBalR  [%]              0.000
----------------------------------------------------------

----------------------------------------------------------
 Time       [T]       53.0000
----------------------------------------------------------
 Sub-region num.                     1
----------------------------------------------------------
 Length   [L]        0.15000E+03  0.15000E+03
 W-volume [L]        0.24509E+02  0.24509E+02
 In-flow  [L/T]     -0.13575E-03 -0.13575E-03
 h Mean   [L]       -0.33410E+04 -0.33410E+04
 Top Flux [L/T]      0.13058E-03
 Bot Flux [L/T]      0.00000E+00
 WatBalT  [L]        0.92387E-06
 WatBalR  [%]              0.001
----------------------------------------------------------

----------------------------------------------------------
 Time       [T]       54.0000
----------------------------------------------------------
 Sub-region num.                     1
----------------------------------------------------------
 Length   [L]        0.15000E+03  0.15000E+03
 W-volume [L]        0.24509E+02  0.24509E+02
 In-flow  [L/T]     -0.13274E-03 -0.13274E-03
 h Mean   [L]       -0.33410E+04 -0.33410E+04
 Top Flux [L/T]      0.12751E-03
 Bot Flux [L/T]      0.49788E-11
 WatBalT  [L]       -0.99838E-06
 WatBalR  [%]              0.001
----------------------------------------------------------

----------------------------------------------------------
 Time       [T]       55.0000
----------------------------------------------------------
 Sub-region num.                     1
----------------------------------------------------------
 Length   [L]        0.15000E+03  0.15000E+03
 W-volume [L]        0.24509E+02  0.24509E+02
 In-flow  [L/T]     -0.12982E-03 -0.12982E-03
 h Mean   [L]       -0.33410E+04 -0.33410E+04
 Top Flux [L/T]      0.12455E-03
 Bot Flux [L/T]     -0.49728E-11
 WatBalT  [L]        0.16987E-05
 WatBalR  [%]              0.001
----------------------------------------------------------

----------------------------------------------------------
 Time       [T]       56.0000
----------------------------------------------------------
 Sub-region num.                     1
----------------------------------------------------------
 Length   [L]        0.15000E+03  0.15000E+03
 W-volume [L]        0.24509E+02  0.24509E+02
 In-flow  [L/T]     -0.12693E-03 -0.12693E-03
 h Mean   [L]       -0.33410E+04 -0.33410E+04
 Top Flux [L/T]      0.12168E-03
 Bot Flux [L/T]      0.00000E+00
 WatBalT  [L]        0.15199E-05
 WatBalR  [%]              0.001
----------------------------------------------------------

----------------------------------------------------------
 Time       [T]       57.0000
----------------------------------------------------------
 Sub-region num.                     1
----------------------------------------------------------
 Length   [L]        0.15000E+03  0.15000E+03
 W-volume [L]        0.24509E+02  0.24509E+02
 In-flow  [L/T]     -0.12401E-03 -0.12401E-03
 h Mean   [L]       -0.33410E+04 -0.33410E+04
 Top Flux [L/T]      0.11891E-03
 Bot Flux [L/T]      0.00000E+00
 WatBalT  [L]        0.44703E-06
 WatBalR  [%]              0.000
----------------------------------------------------------

----------------------------------------------------------
 Time       [T]       58.0000
----------------------------------------------------------
 Sub-region num.                     1
----------------------------------------------------------
 Length   [L]        0.15000E+03  0.15000E+03
 W-volume [L]        0.24509E+02  0.24509E+02
 In-flow  [L/T]     -0.12162E-03 -0.12162E-03
 h Mean   [L]       -0.33410E+04 -0.33410E+04
 Top Flux [L/T]      0.11623E-03
 Bot Flux [L/T]      0.49549E-11
 WatBalT  [L]       -0.14454E-05
 WatBalR  [%]              0.001
----------------------------------------------------------

----------------------------------------------------------
 Time       [T]       59.0000
----------------------------------------------------------
 Sub-region num.                     1
----------------------------------------------------------
 Length   [L]        0.15000E+03  0.15000E+03
 W-volume [L]        0.24509E+02  0.24509E+02
 In-flow  [L/T]     -0.11897E-03 -0.11897E-03
 h Mean   [L]       -0.33410E+04 -0.33410E+04
 Top Flux [L/T]      0.11364E-03
 Bot Flux [L/T]      0.00000E+00
 WatBalT  [L]       -0.23842E-06
 WatBalR  [%]              0.000
----------------------------------------------------------

----------------------------------------------------------
 Time       [T]       60.0000
----------------------------------------------------------
 Sub-region num.                     1
----------------------------------------------------------
 Length   [L]        0.15000E+03  0.15000E+03
 W-volume [L]        0.24509E+02  0.24509E+02
 In-flow  [L/T]     -0.11626E-03 -0.11626E-03
 h Mean   [L]       -0.33410E+04 -0.33410E+04
 Top Flux [L/T]      0.11112E-03
 Bot Flux [L/T]      0.00000E+00
 WatBalT  [L]       -0.15497E-05
 WatBalR  [%]              0.001
----------------------------------------------------------

----------------------------------------------------------
 Time       [T]       61.0000
----------------------------------------------------------
 Sub-region num.                     1
----------------------------------------------------------
 Length   [L]        0.15000E+03  0.15000E+03
 W-volume [L]        0.24508E+02  0.24508E+02
 In-flow  [L/T]     -0.11396E-03 -0.11396E-03
 h Mean   [L]       -0.33410E+04 -0.33410E+04
 Top Flux [L/T]      0.10870E-03
 Bot Flux [L/T]      0.49371E-11
 WatBalT  [L]       -0.15050E-05
 WatBalR  [%]              0.001
----------------------------------------------------------

----------------------------------------------------------
 Time       [T]       62.0000
----------------------------------------------------------
 Sub-region num.                     1
----------------------------------------------------------
 Length   [L]        0.15000E+03  0.15000E+03
 W-volume [L]        0.24508E+02  0.24508E+02
 In-flow  [L/T]     -0.11155E-03 -0.11155E-03
 h Mean   [L]       -0.33410E+04 -0.33410E+04
 Top Flux [L/T]      0.10634E-03
 Bot Flux [L/T]      0.49311E-11
 WatBalT  [L]       -0.44703E-07
 WatBalR  [%]              0.000
----------------------------------------------------------

----------------------------------------------------------
 Time       [T]       63.0000
----------------------------------------------------------
 Sub-region num.                     1
----------------------------------------------------------
 Length   [L]        0.15000E+03  0.15000E+03
 W-volume [L]        0.24508E+02  0.24508E+02
 In-flow  [L/T]     -0.10952E-03 -0.10952E-03
 h Mean   [L]       -0.33410E+04 -0.33410E+04
 Top Flux [L/T]      0.10407E-03
 Bot Flux [L/T]     -0.49252E-11
 WatBalT  [L]       -0.87917E-06
 WatBalR  [%]              0.000
----------------------------------------------------------

----------------------------------------------------------
 Time       [T]       64.0000
----------------------------------------------------------
 Sub-region num.                     1
----------------------------------------------------------
 Length   [L]        0.15000E+03  0.15000E+03
 W-volume [L]        0.24508E+02  0.24508E+02
 In-flow  [L/T]     -0.10702E-03 -0.10702E-03
 h Mean   [L]       -0.33410E+04 -0.33410E+04
 Top Flux [L/T]      0.10186E-03
 Bot Flux [L/T]      0.49193E-11
 WatBalT  [L]       -0.11921E-06
 WatBalR  [%]              0.000
----------------------------------------------------------

----------------------------------------------------------
 Time       [T]       65.0000
----------------------------------------------------------
 Sub-region num.                     1
----------------------------------------------------------
 Length   [L]        0.15000E+03  0.15000E+03
 W-volume [L]        0.24508E+02  0.24508E+02
 In-flow  [L/T]     -0.10478E-03 -0.10478E-03
 h Mean   [L]       -0.33410E+04 -0.33410E+04
 Top Flux [L/T]      0.99724E-04
 Bot Flux [L/T]      0.00000E+00
 WatBalT  [L]       -0.15199E-05
 WatBalR  [%]              0.001
----------------------------------------------------------

----------------------------------------------------------
 Time       [T]       66.0000
----------------------------------------------------------
 Sub-region num.                     1
----------------------------------------------------------
 Length   [L]        0.15000E+03  0.15000E+03
 W-volume [L]        0.24508E+02  0.24508E+02
 In-flow  [L/T]     -0.10300E-03 -0.10300E-03
 h Mean   [L]       -0.33410E+04 -0.33410E+04
 Top Flux [L/T]      0.97656E-04
 Bot Flux [L/T]      0.00000E+00
 WatBalT  [L]       -0.11921E-05
 WatBalR  [%]              0.001
----------------------------------------------------------

----------------------------------------------------------
 Time       [T]       67.0000
----------------------------------------------------------
 Sub-region num.                     1
----------------------------------------------------------
 Length   [L]        0.15000E+03  0.15000E+03
 W-volume [L]        0.24508E+02  0.24508E+02
 In-flow  [L/T]     -0.10073E-03 -0.10073E-03
 h Mean   [L]       -0.33410E+04 -0.33410E+04
 Top Flux [L/T]      0.95652E-04
 Bot Flux [L/T]      0.00000E+00
 WatBalT  [L]       -0.98348E-06
 WatBalR  [%]              0.001
----------------------------------------------------------

----------------------------------------------------------
 Time       [T]       68.0000
----------------------------------------------------------
 Sub-region num.                     1
----------------------------------------------------------
 Length   [L]        0.15000E+03  0.15000E+03
 W-volume [L]        0.24508E+02  0.24508E+02
 In-flow  [L/T]     -0.98825E-04 -0.98825E-04
 h Mean   [L]       -0.33410E+04 -0.33410E+04
 Top Flux [L/T]      0.93712E-04
 Bot Flux [L/T]      0.48957E-11
 WatBalT  [L]       -0.27567E-05
 WatBalR  [%]              0.002
----------------------------------------------------------

----------------------------------------------------------
 Time       [T]       69.0000
----------------------------------------------------------
 Sub-region num.                     1
----------------------------------------------------------
 Length   [L]        0.15000E+03  0.15000E+03
 W-volume [L]        0.24508E+02  0.24508E+02
 In-flow  [L/T]     -0.97036E-04 -0.97036E-04
 h Mean   [L]       -0.33410E+04 -0.33410E+04
 Top Flux [L/T]      0.91832E-04
 Bot Flux [L/T]     -0.48898E-11
 WatBalT  [L]       -0.70035E-06
 WatBalR  [%]              0.000
----------------------------------------------------------

----------------------------------------------------------
 Time       [T]       70.0000
----------------------------------------------------------
 Sub-region num.                     1
----------------------------------------------------------
 Length   [L]        0.15000E+03  0.15000E+03
 W-volume [L]        0.24508E+02  0.24508E+02
 In-flow  [L/T]     -0.95218E-04 -0.95218E-04
 h Mean   [L]       -0.33410E+04 -0.33410E+04
 Top Flux [L/T]      0.90010E-04
 Bot Flux [L/T]     -0.48839E-11
 WatBalT  [L]       -0.47684E-06
 WatBalR  [%]              0.000
----------------------------------------------------------

----------------------------------------------------------
 Time       [T]       71.0000
----------------------------------------------------------
 Sub-region num.                     1
----------------------------------------------------------
 Length   [L]        0.15000E+03  0.15000E+03
 W-volume [L]        0.24507E+02  0.24507E+02
 In-flow  [L/T]     -0.93371E-04 -0.93371E-04
 h Mean   [L]       -0.33410E+04 -0.33410E+04
 Top Flux [L/T]      0.88244E-04
 Bot Flux [L/T]      0.48781E-11
 WatBalT  [L]       -0.13411E-06
 WatBalR  [%]              0.000
----------------------------------------------------------

----------------------------------------------------------
 Time       [T]       72.0000
----------------------------------------------------------
 Sub-region num.                     1
----------------------------------------------------------
 Length   [L]        0.15000E+03  0.15000E+03
 W-volume [L]        0.24507E+02  0.24507E+02
 In-flow  [L/T]     -0.91553E-04 -0.91553E-04
 h Mean   [L]       -0.33410E+04 -0.33410E+04
 Top Flux [L/T]      0.86531E-04
 Bot Flux [L/T]      0.48722E-11
 WatBalT  [L]       -0.15348E-05
 WatBalR  [%]              0.001
----------------------------------------------------------

----------------------------------------------------------
 Time       [T]       73.0000
----------------------------------------------------------
 Sub-region num.                     1
----------------------------------------------------------
 Length   [L]        0.15000E+03  0.15000E+03
 W-volume [L]        0.24507E+02  0.24507E+02
 In-flow  [L/T]     -0.89854E-04 -0.89854E-04
 h Mean   [L]       -0.33410E+04 -0.33410E+04
 Top Flux [L/T]      0.84870E-04
 Bot Flux [L/T]     -0.48663E-11
 WatBalT  [L]       -0.80466E-06
 WatBalR  [%]              0.000
----------------------------------------------------------

----------------------------------------------------------
 Time       [T]       74.0000
----------------------------------------------------------
 Sub-region num.                     1
----------------------------------------------------------
 Length   [L]        0.15000E+03  0.15000E+03
 W-volume [L]        0.24507E+02  0.24507E+02
 In-flow  [L/T]     -0.88274E-04 -0.88274E-04
 h Mean   [L]       -0.33410E+04 -0.33410E+04
 Top Flux [L/T]      0.83261E-04
 Bot Flux [L/T]      0.00000E+00
 WatBalT  [L]       -0.16838E-05
 WatBalR  [%]              0.001
----------------------------------------------------------

----------------------------------------------------------
 Time       [T]       75.0000
----------------------------------------------------------
 Sub-region num.                     1
----------------------------------------------------------
 Length   [L]        0.15000E+03  0.15000E+03
 W-volume [L]        0.24507E+02  0.24507E+02
 In-flow  [L/T]     -0.86695E-04 -0.86695E-04
 h Mean   [L]       -0.33410E+04 -0.33410E+04
 Top Flux [L/T]      0.81700E-04
 Bot Flux [L/T]      0.00000E+00
 WatBalT  [L]       -0.34273E-06
 WatBalR  [%]              0.000
----------------------------------------------------------

----------------------------------------------------------
 Time       [T]       76.0000
----------------------------------------------------------
 Sub-region num.                     1
----------------------------------------------------------
 Length   [L]        0.15000E+03  0.15000E+03
 W-volume [L]        0.24507E+02  0.24507E+02
 In-flow  [L/T]     -0.85115E-04 -0.85115E-04
 h Mean   [L]       -0.33410E+04 -0.33410E+04
 Top Flux [L/T]      0.80186E-04
 Bot Flux [L/T]      0.00000E+00
 WatBalT  [L]       -0.24140E-05
 WatBalR  [%]              0.001
----------------------------------------------------------

----------------------------------------------------------
 Time       [T]       77.0000
----------------------------------------------------------
 Sub-region num.                     1
----------------------------------------------------------
 Length   [L]        0.15000E+03  0.15000E+03
 W-volume [L]        0.24507E+02  0.24507E+02
 In-flow  [L/T]     -0.83864E-04 -0.83864E-04
 h Mean   [L]       -0.33410E+04 -0.33410E+04
 Top Flux [L/T]      0.78717E-04
 Bot Flux [L/T]      0.48430E-11
 WatBalT  [L]       -0.28312E-06
 WatBalR  [%]              0.000
----------------------------------------------------------

----------------------------------------------------------
 Time       [T]       78.0000
----------------------------------------------------------
 Sub-region num.                     1
----------------------------------------------------------
 Length   [L]        0.15000E+03  0.15000E+03
 W-volume [L]        0.24507E+02  0.24507E+02
 In-flow  [L/T]     -0.82284E-04 -0.82284E-04
 h Mean   [L]       -0.33410E+04 -0.33410E+04
 Top Flux [L/T]      0.77292E-04
 Bot Flux [L/T]     -0.48372E-11
 WatBalT  [L]       -0.14901E-05
 WatBalR  [%]              0.001
----------------------------------------------------------

----------------------------------------------------------
 Time       [T]       79.0000
----------------------------------------------------------
 Sub-region num.                     1
----------------------------------------------------------
 Length   [L]        0.15000E+03  0.15000E+03
 W-volume [L]        0.24507E+02  0.24507E+02
 In-flow  [L/T]     -0.81152E-04 -0.81152E-04
 h Mean   [L]       -0.33410E+04 -0.33410E+04
 Top Flux [L/T]      0.75909E-04
 Bot Flux [L/T]      0.00000E+00
 WatBalT  [L]       -0.28312E-06
 WatBalR  [%]              0.000
----------------------------------------------------------

----------------------------------------------------------
 Time       [T]       80.0000
----------------------------------------------------------
 Sub-region num.                     1
----------------------------------------------------------
 Length   [L]        0.15000E+03  0.15000E+03
 W-volume [L]        0.24507E+02  0.24507E+02
 In-flow  [L/T]     -0.79632E-04 -0.79632E-04
 h Mean   [L]       -0.33410E+04 -0.33410E+04
 Top Flux [L/T]      0.74566E-04
 Bot Flux [L/T]      0.48256E-11
 WatBalT  [L]       -0.42468E-05
 WatBalR  [%]              0.002
----------------------------------------------------------

----------------------------------------------------------
 Time       [T]       81.0000
----------------------------------------------------------
 Sub-region num.                     1
----------------------------------------------------------
 Length   [L]        0.15000E+03  0.15000E+03
 W-volume [L]        0.24507E+02  0.24507E+02
 In-flow  [L/T]     -0.78201E-04 -0.78201E-04
 h Mean   [L]       -0.33410E+04 -0.33410E+04
 Top Flux [L/T]      0.73263E-04
 Bot Flux [L/T]     -0.48198E-11
 WatBalT  [L]       -0.18924E-05
 WatBalR  [%]              0.001
----------------------------------------------------------

----------------------------------------------------------
 Time       [T]       82.0000
----------------------------------------------------------
 Sub-region num.                     1
----------------------------------------------------------
 Length   [L]        0.15000E+03  0.15000E+03
 W-volume [L]        0.24507E+02  0.24507E+02
 In-flow  [L/T]     -0.77069E-04 -0.77069E-04
 h Mean   [L]       -0.33410E+04 -0.33410E+04
 Top Flux [L/T]      0.71998E-04
 Bot Flux [L/T]      0.00000E+00
 WatBalT  [L]       -0.27418E-05
 WatBalR  [%]              0.002
----------------------------------------------------------

----------------------------------------------------------
 Time       [T]       83.0000
----------------------------------------------------------
 Sub-region num.                     1
----------------------------------------------------------
 Length   [L]        0.15000E+03  0.15000E+03
 W-volume [L]        0.24506E+02  0.24506E+02
 In-flow  [L/T]     -0.75817E-04 -0.75817E-04
 h Mean   [L]       -0.33410E+04 -0.33410E+04
 Top Flux [L/T]      0.70769E-04
 Bot Flux [L/T]      0.00000E+00
 WatBalT  [L]       -0.10133E-05
 WatBalR  [%]              0.001
----------------------------------------------------------

----------------------------------------------------------
 Time       [T]       84.0000
----------------------------------------------------------
 Sub-region num.                     1
----------------------------------------------------------
 Length   [L]        0.15000E+03  0.15000E+03
 W-volume [L]        0.24506E+02  0.24506E+02
 In-flow  [L/T]     -0.74804E-04 -0.74804E-04
 h Mean   [L]       -0.33410E+04 -0.33410E+04
 Top Flux [L/T]      0.69575E-04
 Bot Flux [L/T]      0.00000E+00
 WatBalT  [L]       -0.49174E-06
 WatBalR  [%]              0.000
----------------------------------------------------------

----------------------------------------------------------
 Time       [T]       85.0000
----------------------------------------------------------
 Sub-region num.                     1
----------------------------------------------------------
 Length   [L]        0.15000E+03  0.15000E+03
 W-volume [L]        0.24506E+02  0.24506E+02
 In-flow  [L/T]     -0.73552E-04 -0.73552E-04
 h Mean   [L]       -0.33410E+04 -0.33410E+04
 Top Flux [L/T]      0.68414E-04
 Bot Flux [L/T]      0.00000E+00
 WatBalT  [L]       -0.11325E-05
 WatBalR  [%]              0.001
----------------------------------------------------------

----------------------------------------------------------
 Time       [T]       86.0000
----------------------------------------------------------
 Sub-region num.                     1
----------------------------------------------------------
 Length   [L]        0.15000E+03  0.15000E+03
 W-volume [L]        0.24506E+02  0.24506E+02
 In-flow  [L/T]     -0.72449E-04 -0.72449E-04
 h Mean   [L]       -0.33410E+04 -0.33410E+04
 Top Flux [L/T]      0.67287E-04
 Bot Flux [L/T]      0.47909E-11
 WatBalT  [L]       -0.29057E-05
 WatBalR  [%]              0.002
----------------------------------------------------------

----------------------------------------------------------
 Time       [T]       87.0000
----------------------------------------------------------
 Sub-region num.                     1
----------------------------------------------------------
 Length   [L]        0.15000E+03  0.15000E+03
 W-volume [L]        0.24506E+02  0.24506E+02
 In-flow  [L/T]     -0.71228E-04 -0.71228E-04
 h Mean   [L]       -0.33410E+04 -0.33410E+04
 Top Flux [L/T]      0.66193E-04
 Bot Flux [L/T]     -0.47851E-11
 WatBalT  [L]       -0.10431E-06
 WatBalR  [%]              0.000
----------------------------------------------------------

----------------------------------------------------------
 Time       [T]       88.0000
----------------------------------------------------------
 Sub-region num.                     1
----------------------------------------------------------
 Length   [L]        0.15000E+03  0.15000E+03
 W-volume [L]        0.24506E+02  0.24506E+02
 In-flow  [L/T]     -0.70214E-04 -0.70214E-04
 h Mean   [L]       -0.33410E+04 -0.33410E+04
 Top Flux [L/T]      0.65128E-04
 Bot Flux [L/T]      0.00000E+00
 WatBalT  [L]       -0.28312E-06
 WatBalR  [%]              0.000
----------------------------------------------------------

----------------------------------------------------------
 Time       [T]       89.0000
----------------------------------------------------------
 Sub-region num.                     1
----------------------------------------------------------
 Length   [L]        0.15000E+03  0.15000E+03
 W-volume [L]        0.24506E+02  0.24506E+02
 In-flow  [L/T]     -0.69022E-04 -0.69022E-04
 h Mean   [L]       -0.33410E+04 -0.33410E+04
 Top Flux [L/T]      0.64094E-04
 Bot Flux [L/T]      0.47736E-11
 WatBalT  [L]        0.41723E-06
 WatBalR  [%]              0.000
----------------------------------------------------------

----------------------------------------------------------
 Time       [T]       90.0000
----------------------------------------------------------
 Sub-region num.                     1
----------------------------------------------------------
 Length   [L]        0.15000E+03  0.15000E+03
 W-volume [L]        0.24506E+02  0.24506E+02
 In-flow  [L/T]     -0.68247E-04 -0.68247E-04
 h Mean   [L]       -0.33410E+04 -0.33410E+04
 Top Flux [L/T]      0.63088E-04
 Bot Flux [L/T]     -0.47679E-11
 WatBalT  [L]        0.10431E-06
 WatBalR  [%]              0.000
----------------------------------------------------------

----------------------------------------------------------
 Time       [T]       91.0000
----------------------------------------------------------
 Sub-region num.                     1
----------------------------------------------------------
 Length   [L]        0.15000E+03  0.15000E+03
 W-volume [L]        0.24379E+02  0.24379E+02
 In-flow  [L/T]     -0.25400E+00 -0.25400E+00
 h Mean   [L]       -0.27690E+04 -0.27690E+04
 Top Flux [L/T]      0.20781E-14
 Bot Flux [L/T]      0.47622E-11
 WatBalT  [L]        0.12700E+00
 WatBalR  [%]             29.293
----------------------------------------------------------

----------------------------------------------------------
 Time       [T]       92.0000
----------------------------------------------------------
 Sub-region num.                     1
----------------------------------------------------------
 Length   [L]        0.15000E+03  0.15000E+03
 W-volume [L]        0.24136E+02  0.24136E+02
 In-flow  [L/T]     -0.23114E+00 -0.23114E+00
 h Mean   [L]       -0.27710E+04 -0.27710E+04
 Top Flux [L/T]      0.22407E-25
 Bot Flux [L/T]     -0.47564E-11
 WatBalT  [L]        0.11557E+00
 WatBalR  [%]             17.386
----------------------------------------------------------

----------------------------------------------------------
 Time       [T]       93.0000
----------------------------------------------------------
 Sub-region num.                     1
----------------------------------------------------------
 Length   [L]        0.15000E+03  0.15000E+03
 W-volume [L]        0.23966E+02  0.23966E+02
 In-flow  [L/T]     -0.10922E+00 -0.10922E+00
 h Mean   [L]       -0.27721E+04 -0.27721E+04
 Top Flux [L/T]      0.82857E-31
 Bot Flux [L/T]      0.00000E+00
 WatBalT  [L]        0.54607E-01
 WatBalR  [%]              7.056
----------------------------------------------------------

----------------------------------------------------------
 Time       [T]       94.0000
----------------------------------------------------------
 Sub-region num.                     1
----------------------------------------------------------
 Length   [L]        0.15000E+03  0.15000E+03
 W-volume [L]        0.23879E+02  0.23879E+02
 In-flow  [L/T]     -0.66045E-01 -0.66045E-01
 h Mean   [L]       -0.27726E+04 -0.27726E+04
 Top Flux [L/T]      0.82853E-31
 Bot Flux [L/T]      0.47450E-11
 WatBalT  [L]        0.33019E-01
 WatBalR  [%]              3.931
----------------------------------------------------------

----------------------------------------------------------
 Time       [T]       95.0000
----------------------------------------------------------
 Sub-region num.                     1
----------------------------------------------------------
 Length   [L]        0.15000E+03  0.15000E+03
 W-volume [L]        0.23764E+02  0.23764E+02
 In-flow  [L/T]     -0.16256E+00 -0.16256E+00
 h Mean   [L]       -0.27736E+04 -0.27736E+04
 Top Flux [L/T]      0.82846E-31
 Bot Flux [L/T]     -0.47393E-11
 WatBalT  [L]        0.81280E-01
 WatBalR  [%]              8.107
----------------------------------------------------------

----------------------------------------------------------
 Time       [T]       96.0000
----------------------------------------------------------
 Sub-region num.                     1
----------------------------------------------------------
 Length   [L]        0.15000E+03  0.15000E+03
 W-volume [L]        0.23524E+02  0.23524E+02
 In-flow  [L/T]     -0.31741E+00 -0.31741E+00
 h Mean   [L]       -0.27778E+04 -0.27778E+04
 Top Flux [L/T]      0.82810E-31
 Bot Flux [L/T]      0.47336E-11
 WatBalT  [L]        0.14604E+00
 WatBalR  [%]             11.171
----------------------------------------------------------

----------------------------------------------------------
 Time       [T]       97.0000
----------------------------------------------------------
 Sub-region num.                     1
----------------------------------------------------------
 Length   [L]        0.15000E+03  0.15000E+03
 W-volume [L]        0.23239E+02  0.23239E+02
 In-flow  [L/T]     -0.27778E+00 -0.27778E+00
 h Mean   [L]       -0.27882E+04 -0.27882E+04
 Top Flux [L/T]      0.82752E-31
 Bot Flux [L/T]      0.00000E+00
 WatBalT  [L]        0.11778E+00
 WatBalR  [%]              7.531
----------------------------------------------------------

----------------------------------------------------------
 Time       [T]       98.0000
----------------------------------------------------------
 Sub-region num.                     1
----------------------------------------------------------
 Length   [L]        0.15000E+03  0.15000E+03
 W-volume [L]        0.23017E+02  0.23017E+02
 In-flow  [L/T]     -0.20931E+00 -0.20931E+00
 h Mean   [L]       -0.28009E+04 -0.28009E+04
 Top Flux [L/T]      0.82722E-31
 Bot Flux [L/T]     -0.47223E-11
 WatBalT  [L]        0.85146E-01
 WatBalR  [%]              4.855
----------------------------------------------------------

----------------------------------------------------------
 Time       [T]       99.0000
----------------------------------------------------------
 Sub-region num.                     1
----------------------------------------------------------
 Length   [L]        0.15000E+03  0.15000E+03
 W-volume [L]        0.22843E+02  0.22843E+02
 In-flow  [L/T]     -0.17651E+00 -0.17651E+00
 h Mean   [L]       -0.28126E+04 -0.28126E+04
 Top Flux [L/T]      0.82714E-31
 Bot Flux [L/T]      0.47166E-11
 WatBalT  [L]        0.71301E-01
 WatBalR  [%]              3.727
----------------------------------------------------------

----------------------------------------------------------
 Time       [T]      100.0000
----------------------------------------------------------
 Sub-region num.                     1
----------------------------------------------------------
 Length   [L]        0.15000E+03  0.15000E+03
 W-volume [L]        0.22700E+02  0.22700E+02
 In-flow  [L/T]     -0.14404E+00 -0.14404E+00
 h Mean   [L]       -0.28230E+04 -0.28230E+04
 Top Flux [L/T]      0.82710E-31
 Bot Flux [L/T]     -0.47109E-11
 WatBalT  [L]        0.56416E-01
 WatBalR  [%]              2.763
----------------------------------------------------------

----------------------------------------------------------
 Time       [T]      101.0000
----------------------------------------------------------
 Sub-region num.                     1
----------------------------------------------------------
 Length   [L]        0.15000E+03  0.15000E+03
 W-volume [L]        0.22602E+02  0.22602E+02
 In-flow  [L/T]     -0.83394E-01 -0.83394E-01
 h Mean   [L]       -0.28315E+04 -0.28315E+04
 Top Flux [L/T]      0.82710E-31
 Bot Flux [L/T]      0.47053E-11
 WatBalT  [L]        0.36924E-01
 WatBalR  [%]              1.741
----------------------------------------------------------

----------------------------------------------------------
 Time       [T]      102.0000
----------------------------------------------------------
 Sub-region num.                     1
----------------------------------------------------------
 Length   [L]        0.15000E+03  0.15000E+03
 W-volume [L]        0.22550E+02  0.22550E+02
 In-flow  [L/T]     -0.29586E-01 -0.29586E-01
 h Mean   [L]       -0.28364E+04 -0.28364E+04
 Top Flux [L/T]      0.82711E-31
 Bot Flux [L/T]      0.00000E+00
 WatBalT  [L]        0.13629E-01
 WatBalR  [%]              0.634
----------------------------------------------------------

----------------------------------------------------------
 Time       [T]      103.0000
----------------------------------------------------------
 Sub-region num.                     1
----------------------------------------------------------
 Length   [L]        0.15000E+03  0.15000E+03
 W-volume [L]        0.22530E+02  0.22530E+02
 In-flow  [L/T]     -0.14274E-01 -0.14274E-01
 h Mean   [L]       -0.28386E+04 -0.28386E+04
 Top Flux [L/T]      0.82710E-31
 Bot Flux [L/T]      0.46940E-11
 WatBalT  [L]        0.68400E-02
 WatBalR  [%]              0.316
----------------------------------------------------------

----------------------------------------------------------
 Time       [T]      104.0000
----------------------------------------------------------
 Sub-region num.                     1
----------------------------------------------------------
 Length   [L]        0.15000E+03  0.15000E+03
 W-volume [L]        0.22510E+02  0.22510E+02
 In-flow  [L/T]     -0.24829E-01 -0.24829E-01
 h Mean   [L]       -0.28411E+04 -0.28411E+04
 Top Flux [L/T]      0.82711E-31
 Bot Flux [L/T]      0.46883E-11
 WatBalT  [L]        0.10856E-01
 WatBalR  [%]              0.497
----------------------------------------------------------

----------------------------------------------------------
 Time       [T]      105.0000
----------------------------------------------------------
 Sub-region num.                     1
----------------------------------------------------------
 Length   [L]        0.15000E+03  0.15000E+03
 W-volume [L]        0.22487E+02  0.22487E+02
 In-flow  [L/T]     -0.24583E-01 -0.24583E-01
 h Mean   [L]       -0.28440E+04 -0.28440E+04
 Top Flux [L/T]      0.82710E-31
 Bot Flux [L/T]      0.00000E+00
 WatBalT  [L]        0.11123E-01
 WatBalR  [%]              0.503
----------------------------------------------------------

----------------------------------------------------------
 Time       [T]      106.0000
----------------------------------------------------------
 Sub-region num.                     1
----------------------------------------------------------
 Length   [L]        0.15000E+03  0.15000E+03
 W-volume [L]        0.22462E+02  0.22462E+02
 In-flow  [L/T]     -0.28880E-01 -0.28880E-01
 h Mean   [L]       -0.28453E+04 -0.28453E+04
 Top Flux [L/T]      0.82710E-31
 Bot Flux [L/T]      0.46771E-11
 WatBalT  [L]        0.14145E-01
 WatBalR  [%]              0.632
----------------------------------------------------------

----------------------------------------------------------
 Time       [T]      107.0000
----------------------------------------------------------
 Sub-region num.                     1
----------------------------------------------------------
 Length   [L]        0.15000E+03  0.15000E+03
 W-volume [L]        0.22435E+02  0.22435E+02
 In-flow  [L/T]     -0.24195E-01 -0.24195E-01
 h Mean   [L]       -0.28462E+04 -0.28462E+04
 Top Flux [L/T]      0.82711E-31
 Bot Flux [L/T]     -0.46714E-11
 WatBalT  [L]        0.12022E-01
 WatBalR  [%]              0.531
----------------------------------------------------------

----------------------------------------------------------
 Time       [T]      108.0000
----------------------------------------------------------
 Sub-region num.                     1
----------------------------------------------------------
 Length   [L]        0.15000E+03  0.15000E+03
 W-volume [L]        0.22419E+02  0.22419E+02
 In-flow  [L/T]     -0.84945E-02 -0.84945E-02
 h Mean   [L]       -0.28469E+04 -0.28469E+04
 Top Flux [L/T]      0.82710E-31
 Bot Flux [L/T]      0.00000E+00
 WatBalT  [L]        0.42393E-02
 WatBalR  [%]              0.187
----------------------------------------------------------

----------------------------------------------------------
 Time       [T]      109.0000
----------------------------------------------------------
 Sub-region num.                     1
----------------------------------------------------------
 Length   [L]        0.15000E+03  0.15000E+03
 W-volume [L]        0.22411E+02  0.22411E+02
 In-flow  [L/T]     -0.84908E-02 -0.84908E-02
 h Mean   [L]       -0.28474E+04 -0.28474E+04
 Top Flux [L/T]      0.82710E-31
 Bot Flux [L/T]      0.00000E+00
 WatBalT  [L]        0.42422E-02
 WatBalR  [%]              0.186
----------------------------------------------------------

----------------------------------------------------------
 Time       [T]      110.0000
----------------------------------------------------------
 Sub-region num.                     1
----------------------------------------------------------
 Length   [L]        0.15000E+03  0.15000E+03
 W-volume [L]        0.22402E+02  0.22402E+02
 In-flow  [L/T]     -0.93566E-02 -0.93566E-02
 h Mean   [L]       -0.28480E+04 -0.28480E+04
 Top Flux [L/T]      0.82711E-31
 Bot Flux [L/T]      0.46546E-11
 WatBalT  [L]        0.46742E-02
 WatBalR  [%]              0.204
----------------------------------------------------------

----------------------------------------------------------
 Time       [T]      111.0000
----------------------------------------------------------
 Sub-region num.                     1
----------------------------------------------------------
 Length   [L]        0.15000E+03  0.15000E+03
 W-volume [L]        0.22393E+02  0.22393E+02
 In-flow  [L/T]     -0.77981E-02 -0.77981E-02
 h Mean   [L]       -0.28487E+04 -0.28487E+04
 Top Flux [L/T]      0.82710E-31
 Bot Flux [L/T]      0.46490E-11
 WatBalT  [L]        0.38950E-02
 WatBalR  [%]              0.170
----------------------------------------------------------

----------------------------------------------------------
 Time       [T]      112.0000
----------------------------------------------------------
 Sub-region num.                     1
----------------------------------------------------------
 Length   [L]        0.15000E+03  0.15000E+03
 W-volume [L]        0.22382E+02  0.22382E+02
 In-flow  [L/T]     -0.14725E-01 -0.14725E-01
 h Mean   [L]       -0.28502E+04 -0.28502E+04
 Top Flux [L/T]      0.82710E-31
 Bot Flux [L/T]     -0.46434E-11
 WatBalT  [L]        0.67465E-02
 WatBalR  [%]              0.292
----------------------------------------------------------

----------------------------------------------------------
 Time       [T]      113.0000
----------------------------------------------------------
 Sub-region num.                     1
----------------------------------------------------------
 Length   [L]        0.15000E+03  0.15000E+03
 W-volume [L]        0.22368E+02  0.22368E+02
 In-flow  [L/T]     -0.13247E-01 -0.13247E-01
 h Mean   [L]       -0.28527E+04 -0.28527E+04
 Top Flux [L/T]      0.82710E-31
 Bot Flux [L/T]      0.00000E+00
 WatBalT  [L]        0.51379E-02
 WatBalR  [%]              0.221
----------------------------------------------------------

----------------------------------------------------------
 Time       [T]      114.0000
----------------------------------------------------------
 Sub-region num.                     1
----------------------------------------------------------
 Length   [L]        0.15000E+03  0.15000E+03
 W-volume [L]        0.22359E+02  0.22359E+02
 In-flow  [L/T]     -0.86065E-02 -0.86065E-02
 h Mean   [L]       -0.28544E+04 -0.28544E+04
 Top Flux [L/T]      0.82710E-31
 Bot Flux [L/T]     -0.46323E-11
 WatBalT  [L]        0.37508E-02
 WatBalR  [%]              0.161
----------------------------------------------------------

----------------------------------------------------------
 Time       [T]      115.0000
----------------------------------------------------------
 Sub-region num.                     1
----------------------------------------------------------
 Length   [L]        0.15000E+03  0.15000E+03
 W-volume [L]        0.22351E+02  0.22351E+02
 In-flow  [L/T]     -0.87505E-02 -0.87505E-02
 h Mean   [L]       -0.28550E+04 -0.28550E+04
 Top Flux [L/T]      0.82711E-31
 Bot Flux [L/T]      0.00000E+00
 WatBalT  [L]        0.42350E-02
 WatBalR  [%]              0.181
----------------------------------------------------------

----------------------------------------------------------
 Time       [T]      116.0000
----------------------------------------------------------
 Sub-region num.                     1
----------------------------------------------------------
 Length   [L]        0.15000E+03  0.15000E+03
 W-volume [L]        0.22342E+02  0.22342E+02
 In-flow  [L/T]     -0.85096E-02 -0.85096E-02
 h Mean   [L]       -0.28552E+04 -0.28552E+04
 Top Flux [L/T]      0.82710E-31
 Bot Flux [L/T]      0.00000E+00
 WatBalT  [L]        0.41859E-02
 WatBalR  [%]              0.178
----------------------------------------------------------

----------------------------------------------------------
 Time       [T]      117.0000
----------------------------------------------------------
 Sub-region num.                     1
----------------------------------------------------------
 Length   [L]        0.15000E+03  0.15000E+03
 W-volume [L]        0.22335E+02  0.22335E+02
 In-flow  [L/T]     -0.53736E-02 -0.53736E-02
 h Mean   [L]       -0.28552E+04 -0.28552E+04
 Top Flux [L/T]      0.82710E-31
 Bot Flux [L/T]      0.00000E+00
 WatBalT  [L]        0.26834E-02
 WatBalR  [%]              0.114
----------------------------------------------------------

----------------------------------------------------------
 Time       [T]      118.0000
----------------------------------------------------------
 Sub-region num.                     1
----------------------------------------------------------
 Length   [L]        0.15000E+03  0.15000E+03
 W-volume [L]        0.22328E+02  0.22328E+02
 In-flow  [L/T]     -0.86062E-02 -0.86062E-02
 h Mean   [L]       -0.28553E+04 -0.28553E+04
 Top Flux [L/T]      0.82711E-31
 Bot Flux [L/T]      0.00000E+00
 WatBalT  [L]        0.43008E-02
 WatBalR  [%]              0.182
----------------------------------------------------------

----------------------------------------------------------
 Time       [T]      119.0000
----------------------------------------------------------
 Sub-region num.                     1
----------------------------------------------------------
 Length   [L]        0.15000E+03  0.15000E+03
 W-volume [L]        0.22320E+02  0.22320E+02
 In-flow  [L/T]     -0.82597E-02 -0.82597E-02
 h Mean   [L]       -0.28554E+04 -0.28554E+04
 Top Flux [L/T]      0.82710E-31
 Bot Flux [L/T]      0.00000E+00
 WatBalT  [L]        0.41263E-02
 WatBalR  [%]              0.174
----------------------------------------------------------

----------------------------------------------------------
 Time       [T]      120.0000
----------------------------------------------------------
 Sub-region num.                     1
----------------------------------------------------------
 Length   [L]        0.15000E+03  0.15000E+03
 W-volume [L]        0.22311E+02  0.22311E+02
 In-flow  [L/T]     -0.93567E-02 -0.93567E-02
 h Mean   [L]       -0.28556E+04 -0.28556E+04
 Top Flux [L/T]      0.82710E-31
 Bot Flux [L/T]      0.00000E+00
 WatBalT  [L]        0.46728E-02
 WatBalR  [%]              0.196
----------------------------------------------------------

----------------------------------------------------------
 Time       [T]      121.0000
----------------------------------------------------------
 Sub-region num.                     1
----------------------------------------------------------
 Length   [L]        0.15000E+03  0.15000E+03
 W-volume [L]        0.22266E+02  0.22266E+02
 In-flow  [L/T]     -0.81584E-01 -0.81584E-01
 h Mean   [L]       -0.28560E+04 -0.28560E+04
 Top Flux [L/T]      0.82710E-31
 Bot Flux [L/T]      0.00000E+00
 WatBalT  [L]        0.71062E-01
 WatBalR  [%]              2.853
----------------------------------------------------------

----------------------------------------------------------
 Time       [T]      122.0000
----------------------------------------------------------
 Sub-region num.                     1
----------------------------------------------------------
 Length   [L]        0.15000E+03  0.15000E+03
 W-volume [L]        0.22131E+02  0.22131E+02
 In-flow  [L/T]     -0.12665E+00 -0.12665E+00
 h Mean   [L]       -0.28572E+04 -0.28572E+04
 Top Flux [L/T]      0.82710E-31
 Bot Flux [L/T]      0.00000E+00
 WatBalT  [L]        0.63318E-01
 WatBalR  [%]              2.419
----------------------------------------------------------

----------------------------------------------------------
 Time       [T]      123.0000
----------------------------------------------------------
 Sub-region num.                     1
----------------------------------------------------------
 Length   [L]        0.15000E+03  0.15000E+03
 W-volume [L]        0.22003E+02  0.22003E+02
 In-flow  [L/T]     -0.13029E+00 -0.13029E+00
 h Mean   [L]       -0.28593E+04 -0.28593E+04
 Top Flux [L/T]      0.82711E-31
 Bot Flux [L/T]      0.00000E+00
 WatBalT  [L]        0.65112E-01
 WatBalR  [%]              2.370
----------------------------------------------------------

----------------------------------------------------------
 Time       [T]      124.0000
----------------------------------------------------------
 Sub-region num.                     1
----------------------------------------------------------
 Length   [L]        0.15000E+03  0.15000E+03
 W-volume [L]        0.21873E+02  0.21873E+02
 In-flow  [L/T]     -0.13003E+00 -0.13003E+00
 h Mean   [L]       -0.28634E+04 -0.28634E+04
 Top Flux [L/T]      0.82710E-31
 Bot Flux [L/T]      0.00000E+00
 WatBalT  [L]        0.62306E-01
 WatBalR  [%]              2.167
----------------------------------------------------------

----------------------------------------------------------
 Time       [T]      125.0000
----------------------------------------------------------
 Sub-region num.                     1
----------------------------------------------------------
 Length   [L]        0.15000E+03  0.15000E+03
 W-volume [L]        0.21773E+02  0.21773E+02
 In-flow  [L/T]     -0.74080E-01 -0.74080E-01
 h Mean   [L]       -0.28657E+04 -0.28657E+04
 Top Flux [L/T]      0.82710E-31
 Bot Flux [L/T]      0.00000E+00
 WatBalT  [L]        0.36360E-01
 WatBalR  [%]              1.233
----------------------------------------------------------

----------------------------------------------------------
 Time       [T]      126.0000
----------------------------------------------------------
 Sub-region num.                     1
----------------------------------------------------------
 Length   [L]        0.15000E+03  0.15000E+03
 W-volume [L]        0.21723E+02  0.21723E+02
 In-flow  [L/T]     -0.28634E-01 -0.28634E-01
 h Mean   [L]       -0.28664E+04 -0.28664E+04
 Top Flux [L/T]      0.82711E-31
 Bot Flux [L/T]      0.00000E+00
 WatBalT  [L]        0.14194E-01
 WatBalR  [%]              0.477
----------------------------------------------------------

----------------------------------------------------------
 Time       [T]      127.0000
----------------------------------------------------------
 Sub-region num.                     1
----------------------------------------------------------
 Length   [L]        0.15000E+03  0.15000E+03
 W-volume [L]        0.21665E+02  0.21665E+02
 In-flow  [L/T]     -0.86818E-01 -0.86818E-01
 h Mean   [L]       -0.28668E+04 -0.28668E+04
 Top Flux [L/T]      0.82710E-31
 Bot Flux [L/T]     -0.45604E-11
 WatBalT  [L]        0.43334E-01
 WatBalR  [%]              1.414
----------------------------------------------------------

----------------------------------------------------------
 Time       [T]      128.0000
----------------------------------------------------------
 Sub-region num.                     1
----------------------------------------------------------
 Length   [L]        0.15000E+03  0.15000E+03
 W-volume [L]        0.21566E+02  0.21566E+02
 In-flow  [L/T]     -0.11085E+00 -0.11085E+00
 h Mean   [L]       -0.28673E+04 -0.28673E+04
 Top Flux [L/T]      0.82710E-31
 Bot Flux [L/T]      0.45550E-11
 WatBalT  [L]        0.55423E-01
 WatBalR  [%]              1.746
----------------------------------------------------------

----------------------------------------------------------
 Time       [T]      129.0000
----------------------------------------------------------
 Sub-region num.                     1
----------------------------------------------------------
 Length   [L]        0.15000E+03  0.15000E+03
 W-volume [L]        0.21470E+02  0.21470E+02
 In-flow  [L/T]     -0.82002E-01 -0.82002E-01
 h Mean   [L]       -0.28678E+04 -0.28678E+04
 Top Flux [L/T]      0.82710E-31
 Bot Flux [L/T]      0.00000E+00
 WatBalT  [L]        0.41000E-01
 WatBalR  [%]              1.259
----------------------------------------------------------

----------------------------------------------------------
 Time       [T]      130.0000
----------------------------------------------------------
 Sub-region num.                     1
----------------------------------------------------------
 Length   [L]        0.15000E+03  0.15000E+03
 W-volume [L]        0.21380E+02  0.21380E+02
 In-flow  [L/T]     -0.97187E-01 -0.97187E-01
 h Mean   [L]       -0.28684E+04 -0.28684E+04
 Top Flux [L/T]      0.82710E-31
 Bot Flux [L/T]      0.45441E-11
 WatBalT  [L]        0.48593E-01
 WatBalR  [%]              1.449
----------------------------------------------------------

----------------------------------------------------------
 Time       [T]      131.0000
----------------------------------------------------------
 Sub-region num.                     1
----------------------------------------------------------
 Length   [L]        0.15000E+03  0.15000E+03
 W-volume [L]        0.21298E+02  0.21298E+02
 In-flow  [L/T]     -0.68336E-01 -0.68336E-01
 h Mean   [L]       -0.28691E+04 -0.28691E+04
 Top Flux [L/T]      0.82711E-31
 Bot Flux [L/T]      0.00000E+00
 WatBalT  [L]        0.34165E-01
 WatBalR  [%]              0.998
----------------------------------------------------------

----------------------------------------------------------
 Time       [T]      132.0000
----------------------------------------------------------
 Sub-region num.                     1
----------------------------------------------------------
 Length   [L]        0.15000E+03  0.15000E+03
 W-volume [L]        0.21219E+02  0.21219E+02
 In-flow  [L/T]     -0.89595E-01 -0.89595E-01
 h Mean   [L]       -0.28699E+04 -0.28699E+04
 Top Flux [L/T]      0.82710E-31
 Bot Flux [L/T]      0.45331E-11
 WatBalT  [L]        0.44794E-01
 WatBalR  [%]              1.276
----------------------------------------------------------

----------------------------------------------------------
 Time       [T]      133.0000
----------------------------------------------------------
 Sub-region num.                     1
----------------------------------------------------------
 Length   [L]        0.15000E+03  0.15000E+03
 W-volume [L]        0.21147E+02  0.21147E+02
 In-flow  [L/T]     -0.54670E-01 -0.54670E-01
 h Mean   [L]       -0.28708E+04 -0.28708E+04
 Top Flux [L/T]      0.82710E-31
 Bot Flux [L/T]      0.00000E+00
 WatBalT  [L]        0.27332E-01
 WatBalR  [%]              0.766
----------------------------------------------------------

----------------------------------------------------------
 Time       [T]      134.0000
----------------------------------------------------------
 Sub-region num.                     1
----------------------------------------------------------
 Length   [L]        0.15000E+03  0.15000E+03
 W-volume [L]        0.21087E+02  0.21087E+02
 In-flow  [L/T]     -0.63781E-01 -0.63781E-01
 h Mean   [L]       -0.28719E+04 -0.28719E+04
 Top Flux [L/T]      0.82711E-31
 Bot Flux [L/T]      0.45223E-11
 WatBalT  [L]        0.31887E-01
 WatBalR  [%]              0.878
----------------------------------------------------------

----------------------------------------------------------
 Time       [T]      135.0000
----------------------------------------------------------
 Sub-region num.                     1
----------------------------------------------------------
 Length   [L]        0.15000E+03  0.15000E+03
 W-volume [L]        0.20991E+02  0.20991E+02
 In-flow  [L/T]     -0.12832E+00 -0.12832E+00
 h Mean   [L]       -0.28746E+04 -0.28746E+04
 Top Flux [L/T]      0.82710E-31
 Bot Flux [L/T]      0.00000E+00
 WatBalT  [L]        0.63291E-01
 WatBalR  [%]              1.684
----------------------------------------------------------

----------------------------------------------------------
 Time       [T]      136.0000
----------------------------------------------------------
 Sub-region num.                     1
----------------------------------------------------------
 Length   [L]        0.15000E+03  0.15000E+03
 W-volume [L]        0.20859E+02  0.20859E+02
 In-flow  [L/T]     -0.13753E+00 -0.13753E+00
 h Mean   [L]       -0.28811E+04 -0.28811E+04
 Top Flux [L/T]      0.82710E-31
 Bot Flux [L/T]      0.00000E+00
 WatBalT  [L]        0.65782E-01
 WatBalR  [%]              1.690
----------------------------------------------------------

----------------------------------------------------------
 Time       [T]      137.0000
----------------------------------------------------------
 Sub-region num.                     1
----------------------------------------------------------
 Length   [L]        0.15000E+03  0.15000E+03
 W-volume [L]        0.20769E+02  0.20769E+02
 In-flow  [L/T]     -0.48053E-01 -0.48053E-01
 h Mean   [L]       -0.28871E+04 -0.28871E+04
 Top Flux [L/T]      0.82710E-31
 Bot Flux [L/T]      0.00000E+00
 WatBalT  [L]        0.22615E-01
 WatBalR  [%]              0.574
----------------------------------------------------------

----------------------------------------------------------
 Time       [T]      138.0000
----------------------------------------------------------
 Sub-region num.                     1
----------------------------------------------------------
 Length   [L]        0.15000E+03  0.15000E+03
 W-volume [L]        0.20710E+02  0.20710E+02
 In-flow  [L/T]     -0.73235E-01 -0.73235E-01
 h Mean   [L]       -0.28917E+04 -0.28917E+04
 Top Flux [L/T]      0.82710E-31
 Bot Flux [L/T]     -0.45005E-11
 WatBalT  [L]        0.34708E-01
 WatBalR  [%]              0.866
----------------------------------------------------------

----------------------------------------------------------
 Time       [T]      139.0000
----------------------------------------------------------
 Sub-region num.                     1
----------------------------------------------------------
 Length   [L]        0.15000E+03  0.15000E+03
 W-volume [L]        0.20633E+02  0.20633E+02
 In-flow  [L/T]     -0.83939E-01 -0.83939E-01
 h Mean   [L]       -0.28967E+04 -0.28967E+04
 Top Flux [L/T]      0.82711E-31
 Bot Flux [L/T]      0.44951E-11
 WatBalT  [L]        0.38899E-01
 WatBalR  [%]              0.951
----------------------------------------------------------

----------------------------------------------------------
 Time       [T]      140.0000
----------------------------------------------------------
 Sub-region num.                     1
----------------------------------------------------------
 Length   [L]        0.15000E+03  0.15000E+03
 W-volume [L]        0.20560E+02  0.20560E+02
 In-flow  [L/T]     -0.68266E-01 -0.68266E-01
 h Mean   [L]       -0.29020E+04 -0.29020E+04
 Top Flux [L/T]      0.82710E-31
 Bot Flux [L/T]      0.00000E+00
 WatBalT  [L]        0.32524E-01
 WatBalR  [%]              0.782
----------------------------------------------------------

----------------------------------------------------------
 Time       [T]      141.0000
----------------------------------------------------------
 Sub-region num.                     1
----------------------------------------------------------
 Length   [L]        0.15000E+03  0.15000E+03
 W-volume [L]        0.20494E+02  0.20494E+02
 In-flow  [L/T]     -0.67259E-01 -0.67259E-01
 h Mean   [L]       -0.29065E+04 -0.29065E+04
 Top Flux [L/T]      0.82710E-31
 Bot Flux [L/T]      0.44844E-11
 WatBalT  [L]        0.31450E-01
 WatBalR  [%]              0.745
----------------------------------------------------------

----------------------------------------------------------
 Time       [T]      142.0000
----------------------------------------------------------
 Sub-region num.                     1
----------------------------------------------------------
 Length   [L]        0.15000E+03  0.15000E+03
 W-volume [L]        0.20439E+02  0.20439E+02
 In-flow  [L/T]     -0.46662E-01 -0.46662E-01
 h Mean   [L]       -0.29109E+04 -0.29109E+04
 Top Flux [L/T]      0.82711E-31
 Bot Flux [L/T]      0.00000E+00
 WatBalT  [L]        0.21718E-01
 WatBalR  [%]              0.509
----------------------------------------------------------

----------------------------------------------------------
 Time       [T]      143.0000
----------------------------------------------------------
 Sub-region num.                     1
----------------------------------------------------------
 Length   [L]        0.15000E+03  0.15000E+03
 W-volume [L]        0.20394E+02  0.20394E+02
 In-flow  [L/T]     -0.48347E-01 -0.48347E-01
 h Mean   [L]       -0.29139E+04 -0.29139E+04
 Top Flux [L/T]      0.82710E-31
 Bot Flux [L/T]      0.44736E-11
 WatBalT  [L]        0.23569E-01
 WatBalR  [%]              0.546
----------------------------------------------------------

----------------------------------------------------------
 Time       [T]      144.0000
----------------------------------------------------------
 Sub-region num.                     1
----------------------------------------------------------
 Length   [L]        0.15000E+03  0.15000E+03
 W-volume [L]        0.20354E+02  0.20354E+02
 In-flow  [L/T]     -0.31764E-01 -0.31764E-01
 h Mean   [L]       -0.29167E+04 -0.29167E+04
 Top Flux [L/T]      0.82710E-31
 Bot Flux [L/T]      0.00000E+00
 WatBalT  [L]        0.15031E-01
 WatBalR  [%]              0.346
----------------------------------------------------------

----------------------------------------------------------
 Time       [T]      145.0000
----------------------------------------------------------
 Sub-region num.                     1
----------------------------------------------------------
 Length   [L]        0.15000E+03  0.15000E+03
 W-volume [L]        0.20331E+02  0.20331E+02
 In-flow  [L/T]     -0.15448E-01 -0.15448E-01
 h Mean   [L]       -0.29187E+04 -0.29187E+04
 Top Flux [L/T]      0.82711E-31
 Bot Flux [L/T]      0.00000E+00
 WatBalT  [L]        0.74592E-02
 WatBalR  [%]              0.171
----------------------------------------------------------

----------------------------------------------------------
 Time       [T]      146.0000
----------------------------------------------------------
 Sub-region num.                     1
----------------------------------------------------------
 Length   [L]        0.15000E+03  0.15000E+03
 W-volume [L]        0.20318E+02  0.20318E+02
 In-flow  [L/T]     -0.11731E-01 -0.11731E-01
 h Mean   [L]       -0.29200E+04 -0.29200E+04
 Top Flux [L/T]      0.82710E-31
 Bot Flux [L/T]     -0.44575E-11
 WatBalT  [L]        0.56581E-02
 WatBalR  [%]              0.129
----------------------------------------------------------

----------------------------------------------------------
 Time       [T]      147.0000
----------------------------------------------------------
 Sub-region num.                     1
----------------------------------------------------------
 Length   [L]        0.15000E+03  0.15000E+03
 W-volume [L]        0.20307E+02  0.20307E+02
 In-flow  [L/T]     -0.10086E-01 -0.10086E-01
 h Mean   [L]       -0.29209E+04 -0.29209E+04
 Top Flux [L/T]      0.82711E-31
 Bot Flux [L/T]      0.44521E-11
 WatBalT  [L]        0.49272E-02
 WatBalR  [%]              0.112
----------------------------------------------------------

----------------------------------------------------------
 Time       [T]      148.0000
----------------------------------------------------------
 Sub-region num.                     1
----------------------------------------------------------
 Length   [L]        0.15000E+03  0.15000E+03
 W-volume [L]        0.20286E+02  0.20286E+02
 In-flow  [L/T]     -0.32766E-01 -0.32766E-01
 h Mean   [L]       -0.29222E+04 -0.29222E+04
 Top Flux [L/T]      0.82710E-31
 Bot Flux [L/T]     -0.44468E-11
 WatBalT  [L]        0.15901E-01
 WatBalR  [%]              0.360
----------------------------------------------------------

----------------------------------------------------------
 Time       [T]      149.0000
----------------------------------------------------------
 Sub-region num.                     1
----------------------------------------------------------
 Length   [L]        0.15000E+03  0.15000E+03
 W-volume [L]        0.20252E+02  0.20252E+02
 In-flow  [L/T]     -0.36511E-01 -0.36511E-01
 h Mean   [L]       -0.29240E+04 -0.29240E+04
 Top Flux [L/T]      0.82710E-31
 Bot Flux [L/T]     -0.44414E-11
 WatBalT  [L]        0.17920E-01
 WatBalR  [%]              0.403
----------------------------------------------------------

----------------------------------------------------------
 Time       [T]      150.0000
----------------------------------------------------------
 Sub-region num.                     1
----------------------------------------------------------
 Length   [L]        0.15000E+03  0.15000E+03
 W-volume [L]        0.20217E+02  0.20217E+02
 In-flow  [L/T]     -0.34653E-01 -0.34653E-01
 h Mean   [L]       -0.29264E+04 -0.29264E+04
 Top Flux [L/T]      0.82711E-31
 Bot Flux [L/T]      0.00000E+00
 WatBalT  [L]        0.16391E-01
 WatBalR  [%]              0.365
----------------------------------------------------------

----------------------------------------------------------
 Time       [T]      151.0000
----------------------------------------------------------
 Sub-region num.                     1
----------------------------------------------------------
 Length   [L]        0.15000E+03  0.15000E+03
 W-volume [L]        0.20188E+02  0.20188E+02
 In-flow  [L/T]     -0.23550E-01 -0.23550E-01
 h Mean   [L]       -0.29288E+04 -0.29288E+04
 Top Flux [L/T]      0.82710E-31
 Bot Flux [L/T]     -0.44308E-11
 WatBalT  [L]        0.11127E-01
 WatBalR  [%]              0.247
----------------------------------------------------------

----------------------------------------------------------
 Time       [T]      152.0000
----------------------------------------------------------
 Sub-region num.                     1
----------------------------------------------------------
 Length   [L]        0.15000E+03  0.15000E+03
 W-volume [L]        0.20156E+02  0.20156E+02
 In-flow  [L/T]     -0.43511E-01 -0.43511E-01
 h Mean   [L]       -0.29309E+04 -0.29309E+04
 Top Flux [L/T]      0.82710E-31
 Bot Flux [L/T]      0.44254E-11
 WatBalT  [L]        0.33628E-01
 WatBalR  [%]              0.737
----------------------------------------------------------

----------------------------------------------------------
 Time       [T]      153.0000
----------------------------------------------------------
 Sub-region num.                     1
----------------------------------------------------------
 Length   [L]        0.15000E+03  0.15000E+03
 W-volume [L]        0.20109E+02  0.20109E+02
 In-flow  [L/T]     -0.26578E-01 -0.26578E-01
 h Mean   [L]       -0.29321E+04 -0.29321E+04
 Top Flux [L/T]      0.82711E-31
 Bot Flux [L/T]     -0.44201E-11
 WatBalT  [L]        0.13220E-01
 WatBalR  [%]              0.288
----------------------------------------------------------

----------------------------------------------------------
 Time       [T]      154.0000
----------------------------------------------------------
 Sub-region num.                     1
----------------------------------------------------------
 Length   [L]        0.15000E+03  0.15000E+03
 W-volume [L]        0.20071E+02  0.20071E+02
 In-flow  [L/T]     -0.48177E-01 -0.48177E-01
 h Mean   [L]       -0.29328E+04 -0.29328E+04
 Top Flux [L/T]      0.82710E-31
 Bot Flux [L/T]      0.00000E+00
 WatBalT  [L]        0.23985E-01
 WatBalR  [%]              0.517
----------------------------------------------------------

----------------------------------------------------------
 Time       [T]      155.0000
----------------------------------------------------------
 Sub-region num.                     1
----------------------------------------------------------
 Length   [L]        0.15000E+03  0.15000E+03
 W-volume [L]        0.19995E+02  0.19995E+02
 In-flow  [L/T]     -0.10441E+00 -0.10441E+00
 h Mean   [L]       -0.29344E+04 -0.29344E+04
 Top Flux [L/T]      0.82710E-31
 Bot Flux [L/T]      0.00000E+00
 WatBalT  [L]        0.52003E-01
 WatBalR  [%]              1.097
----------------------------------------------------------

----------------------------------------------------------
 Time       [T]      156.0000
----------------------------------------------------------
 Sub-region num.                     1
----------------------------------------------------------
 Length   [L]        0.15000E+03  0.15000E+03
 W-volume [L]        0.19897E+02  0.19897E+02
 In-flow  [L/T]     -0.92202E-01 -0.92202E-01
 h Mean   [L]       -0.29373E+04 -0.29373E+04
 Top Flux [L/T]      0.82710E-31
 Bot Flux [L/T]      0.44042E-11
 WatBalT  [L]        0.44941E-01
 WatBalR  [%]              0.930
----------------------------------------------------------

----------------------------------------------------------
 Time       [T]      157.0000
----------------------------------------------------------
 Sub-region num.                     1
----------------------------------------------------------
 Length   [L]        0.15000E+03  0.15000E+03
 W-volume [L]        0.19814E+02  0.19814E+02
 In-flow  [L/T]     -0.75206E-01 -0.75206E-01
 h Mean   [L]       -0.29403E+04 -0.29403E+04
 Top Flux [L/T]      0.82710E-31
 Bot Flux [L/T]      0.00000E+00
 WatBalT  [L]        0.36707E-01
 WatBalR  [%]              0.748
----------------------------------------------------------

----------------------------------------------------------
 Time       [T]      158.0000
----------------------------------------------------------
 Sub-region num.                     1
----------------------------------------------------------
 Length   [L]        0.15000E+03  0.15000E+03
 W-volume [L]        0.19731E+02  0.19731E+02
 In-flow  [L/T]     -0.92898E-01 -0.92898E-01
 h Mean   [L]       -0.29426E+04 -0.29426E+04
 Top Flux [L/T]      0.82711E-31
 Bot Flux [L/T]      0.00000E+00
 WatBalT  [L]        0.45922E-01
 WatBalR  [%]              0.918
----------------------------------------------------------

----------------------------------------------------------
 Time       [T]      159.0000
----------------------------------------------------------
 Sub-region num.                     1
----------------------------------------------------------
 Length   [L]        0.15000E+03  0.15000E+03
 W-volume [L]        0.19654E+02  0.19654E+02
 In-flow  [L/T]     -0.62164E-01 -0.62164E-01
 h Mean   [L]       -0.29440E+04 -0.29440E+04
 Top Flux [L/T]      0.82710E-31
 Bot Flux [L/T]      0.43884E-11
 WatBalT  [L]        0.30928E-01
 WatBalR  [%]              0.611
----------------------------------------------------------

----------------------------------------------------------
 Time       [T]      160.0000
----------------------------------------------------------
 Sub-region num.                     1
----------------------------------------------------------
 Length   [L]        0.15000E+03  0.15000E+03
 W-volume [L]        0.19602E+02  0.19602E+02
 In-flow  [L/T]     -0.41905E-01 -0.41905E-01
 h Mean   [L]       -0.29451E+04 -0.29451E+04
 Top Flux [L/T]      0.82710E-31
 Bot Flux [L/T]     -0.43831E-11
 WatBalT  [L]        0.20928E-01
 WatBalR  [%]              0.410
----------------------------------------------------------

----------------------------------------------------------
 Time       [T]      161.0000
----------------------------------------------------------
 Sub-region num.                     1
----------------------------------------------------------
 Length   [L]        0.15000E+03  0.15000E+03
 W-volume [L]        0.19555E+02  0.19555E+02
 In-flow  [L/T]     -0.53409E-01 -0.53409E-01
 h Mean   [L]       -0.29464E+04 -0.29464E+04
 Top Flux [L/T]      0.82711E-31
 Bot Flux [L/T]      0.43778E-11
 WatBalT  [L]        0.26694E-01
 WatBalR  [%]              0.518
----------------------------------------------------------

----------------------------------------------------------
 Time       [T]      162.0000
----------------------------------------------------------
 Sub-region num.                     1
----------------------------------------------------------
 Length   [L]        0.15000E+03  0.15000E+03
 W-volume [L]        0.19485E+02  0.19485E+02
 In-flow  [L/T]     -0.85974E-01 -0.85974E-01
 h Mean   [L]       -0.29488E+04 -0.29488E+04
 Top Flux [L/T]      0.82710E-31
 Bot Flux [L/T]      0.00000E+00
 WatBalT  [L]        0.41827E-01
 WatBalR  [%]              0.798
----------------------------------------------------------

----------------------------------------------------------
 Time       [T]      163.0000
----------------------------------------------------------
 Sub-region num.                     1
----------------------------------------------------------
 Length   [L]        0.15000E+03  0.15000E+03
 W-volume [L]        0.19402E+02  0.19402E+02
 In-flow  [L/T]     -0.81821E-01 -0.81821E-01
 h Mean   [L]       -0.29518E+04 -0.29518E+04
 Top Flux [L/T]      0.82710E-31
 Bot Flux [L/T]     -0.43673E-11
 WatBalT  [L]        0.39807E-01
 WatBalR  [%]              0.748
----------------------------------------------------------

----------------------------------------------------------
 Time       [T]      164.0000
----------------------------------------------------------
 Sub-region num.                     1
----------------------------------------------------------
 Length   [L]        0.15000E+03  0.15000E+03
 W-volume [L]        0.19319E+02  0.19319E+02
 In-flow  [L/T]     -0.87695E-01 -0.87695E-01
 h Mean   [L]       -0.29537E+04 -0.29537E+04
 Top Flux [L/T]      0.82710E-31
 Bot Flux [L/T]      0.43620E-11
 WatBalT  [L]        0.43501E-01
 WatBalR  [%]              0.804
----------------------------------------------------------

----------------------------------------------------------
 Time       [T]      165.0000
----------------------------------------------------------
 Sub-region num.                     1
----------------------------------------------------------
 Length   [L]        0.15000E+03  0.15000E+03
 W-volume [L]        0.19233E+02  0.19233E+02
 In-flow  [L/T]     -0.83840E-01 -0.83840E-01
 h Mean   [L]       -0.29553E+04 -0.29553E+04
 Top Flux [L/T]      0.82710E-31
 Bot Flux [L/T]      0.00000E+00
 WatBalT  [L]        0.41819E-01
 WatBalR  [%]              0.761
----------------------------------------------------------

----------------------------------------------------------
 Time       [T]      166.0000
----------------------------------------------------------
 Sub-region num.                     1
----------------------------------------------------------
 Length   [L]        0.15000E+03  0.15000E+03
 W-volume [L]        0.19166E+02  0.19166E+02
 In-flow  [L/T]     -0.50037E-01 -0.50037E-01
 h Mean   [L]       -0.29570E+04 -0.29570E+04
 Top Flux [L/T]      0.82711E-31
 Bot Flux [L/T]      0.00000E+00
 WatBalT  [L]        0.25004E-01
 WatBalR  [%]              0.451
----------------------------------------------------------

----------------------------------------------------------
 Time       [T]      167.0000
----------------------------------------------------------
 Sub-region num.                     1
----------------------------------------------------------
 Length   [L]        0.15000E+03  0.15000E+03
 W-volume [L]        0.19103E+02  0.19103E+02
 In-flow  [L/T]     -0.77606E-01 -0.77606E-01
 h Mean   [L]       -0.29592E+04 -0.29592E+04
 Top Flux [L/T]      0.82710E-31
 Bot Flux [L/T]      0.00000E+00
 WatBalT  [L]        0.37776E-01
 WatBalR  [%]              0.672
----------------------------------------------------------

----------------------------------------------------------
 Time       [T]      168.0000
----------------------------------------------------------
 Sub-region num.                     1
----------------------------------------------------------
 Length   [L]        0.15000E+03  0.15000E+03
 W-volume [L]        0.19031E+02  0.19031E+02
 In-flow  [L/T]     -0.67005E-01 -0.67005E-01
 h Mean   [L]       -0.29620E+04 -0.29620E+04
 Top Flux [L/T]      0.82710E-31
 Bot Flux [L/T]      0.00000E+00
 WatBalT  [L]        0.32660E-01
 WatBalR  [%]              0.574
----------------------------------------------------------

----------------------------------------------------------
 Time       [T]      169.0000
----------------------------------------------------------
 Sub-region num.                     1
----------------------------------------------------------
 Length   [L]        0.15000E+03  0.15000E+03
 W-volume [L]        0.18971E+02  0.18971E+02
 In-flow  [L/T]     -0.55285E-01 -0.55285E-01
 h Mean   [L]       -0.29638E+04 -0.29638E+04
 Top Flux [L/T]      0.82711E-31
 Bot Flux [L/T]      0.43359E-11
 WatBalT  [L]        0.27316E-01
 WatBalR  [%]              0.476
----------------------------------------------------------

----------------------------------------------------------
 Time       [T]      170.0000
----------------------------------------------------------
 Sub-region num.                     1
----------------------------------------------------------
 Length   [L]        0.15000E+03  0.15000E+03
 W-volume [L]        0.18906E+02  0.18906E+02
 In-flow  [L/T]     -0.74539E-01 -0.74539E-01
 h Mean   [L]       -0.29651E+04 -0.29651E+04
 Top Flux [L/T]      0.82710E-31
 Bot Flux [L/T]      0.00000E+00
 WatBalT  [L]        0.37091E-01
 WatBalR  [%]              0.638
----------------------------------------------------------

----------------------------------------------------------
 Time       [T]      171.0000
----------------------------------------------------------
 Sub-region num.                     1
----------------------------------------------------------
 Length   [L]        0.15000E+03  0.15000E+03
 W-volume [L]        0.18834E+02  0.18834E+02
 In-flow  [L/T]     -0.69995E-01 -0.69995E-01
 h Mean   [L]       -0.29665E+04 -0.29665E+04
 Top Flux [L/T]      0.82710E-31
 Bot Flux [L/T]      0.00000E+00
 WatBalT  [L]        0.34948E-01
 WatBalR  [%]              0.594
----------------------------------------------------------

----------------------------------------------------------
 Time       [T]      172.0000
----------------------------------------------------------
 Sub-region num.                     1
----------------------------------------------------------
 Length   [L]        0.15000E+03  0.15000E+03
 W-volume [L]        0.18772E+02  0.18772E+02
 In-flow  [L/T]     -0.54697E-01 -0.54697E-01
 h Mean   [L]       -0.29680E+04 -0.29680E+04
 Top Flux [L/T]      0.82710E-31
 Bot Flux [L/T]      0.00000E+00
 WatBalT  [L]        0.27339E-01
 WatBalR  [%]              0.460
----------------------------------------------------------

----------------------------------------------------------
 Time       [T]      173.0000
----------------------------------------------------------
 Sub-region num.                     1
----------------------------------------------------------
 Length   [L]        0.15000E+03  0.15000E+03
 W-volume [L]        0.18714E+02  0.18714E+02
 In-flow  [L/T]     -0.62269E-01 -0.62269E-01
 h Mean   [L]       -0.29702E+04 -0.29702E+04
 Top Flux [L/T]      0.82710E-31
 Bot Flux [L/T]     -0.43151E-11
 WatBalT  [L]        0.30375E-01
 WatBalR  [%]              0.506
----------------------------------------------------------

----------------------------------------------------------
 Time       [T]      174.0000
----------------------------------------------------------
 Sub-region num.                     1
----------------------------------------------------------
 Length   [L]        0.15000E+03  0.15000E+03
 W-volume [L]        0.18660E+02  0.18660E+02
 In-flow  [L/T]     -0.47044E-01 -0.47044E-01
 h Mean   [L]       -0.29725E+04 -0.29725E+04
 Top Flux [L/T]      0.82711E-31
 Bot Flux [L/T]      0.43099E-11
 WatBalT  [L]        0.22927E-01
 WatBalR  [%]              0.379
----------------------------------------------------------

----------------------------------------------------------
 Time       [T]      175.0000
----------------------------------------------------------
 Sub-region num.                     1
----------------------------------------------------------
 Length   [L]        0.15000E+03  0.15000E+03
 W-volume [L]        0.18609E+02  0.18609E+02
 In-flow  [L/T]     -0.55840E-01 -0.55840E-01
 h Mean   [L]       -0.29747E+04 -0.29747E+04
 Top Flux [L/T]      0.82710E-31
 Bot Flux [L/T]     -0.43047E-11
 WatBalT  [L]        0.27258E-01
 WatBalR  [%]              0.447
----------------------------------------------------------

----------------------------------------------------------
 Time       [T]      176.0000
----------------------------------------------------------
 Sub-region num.                     1
----------------------------------------------------------
 Length   [L]        0.15000E+03  0.15000E+03
 W-volume [L]        0.19778E+02  0.19778E+02
 In-flow  [L/T]      0.62173E+00  0.62173E+00
 h Mean   [L]       -0.17112E+03 -0.17112E+03
 Top Flux [L/T]     -0.72554E+00
 Bot Flux [L/T]      0.43003E-11
 WatBalT  [L]        0.27357E-01
 WatBalR  [%]              0.367
----------------------------------------------------------

----------------------------------------------------------
 Time       [T]      177.0000
----------------------------------------------------------
 Sub-region num.                     1
----------------------------------------------------------
 Length   [L]        0.15000E+03  0.15000E+03
 W-volume [L]        0.20265E+02  0.20265E+02
 In-flow  [L/T]      0.44293E+00  0.44293E+00
 h Mean   [L]       -0.15120E+03 -0.15120E+03
 Top Flux [L/T]     -0.60134E+00
 Bot Flux [L/T]      0.00000E+00
 WatBalT  [L]        0.27551E-01
 WatBalR  [%]              0.334
----------------------------------------------------------

----------------------------------------------------------
 Time       [T]      178.0000
----------------------------------------------------------
 Sub-region num.                     1
----------------------------------------------------------
 Length   [L]        0.15000E+03  0.15000E+03
 W-volume [L]        0.20701E+02  0.20701E+02
 In-flow  [L/T]      0.42568E+00  0.42568E+00
 h Mean   [L]       -0.13143E+03 -0.13143E+03
 Top Flux [L/T]     -0.54574E+00
 Bot Flux [L/T]      0.00000E+00
 WatBalT  [L]        0.25868E-01
 WatBalR  [%]              0.289
----------------------------------------------------------

----------------------------------------------------------
 Time       [T]      179.0000
----------------------------------------------------------
 Sub-region num.                     1
----------------------------------------------------------
 Length   [L]        0.15000E+03  0.15000E+03
 W-volume [L]        0.20498E+02  0.20498E+02
 In-flow  [L/T]     -0.20369E+00 -0.20369E+00
 h Mean   [L]       -0.13338E+03 -0.13338E+03
 Top Flux [L/T]     -0.27653E-02
 Bot Flux [L/T]     -0.42849E-11
 WatBalT  [L]        0.26757E-01
 WatBalR  [%]              0.293
----------------------------------------------------------

----------------------------------------------------------
 Time       [T]      180.0000
----------------------------------------------------------
 Sub-region num.                     1
----------------------------------------------------------
 Length   [L]        0.15000E+03  0.15000E+03
 W-volume [L]        0.20897E+02  0.20897E+02
 In-flow  [L/T]      0.34451E+00  0.34451E+00
 h Mean   [L]       -0.12439E+03 -0.12439E+03
 Top Flux [L/T]     -0.53122E+00
 Bot Flux [L/T]      0.00000E+00
 WatBalT  [L]        0.24982E-01
 WatBalR  [%]              0.252
----------------------------------------------------------

----------------------------------------------------------
 Time       [T]      181.0000
----------------------------------------------------------
 Sub-region num.                     1
----------------------------------------------------------
 Length   [L]        0.15000E+03  0.15000E+03
 W-volume [L]        0.20609E+02  0.20609E+02
 In-flow  [L/T]     -0.28904E+00 -0.28904E+00
 h Mean   [L]       -0.12835E+03 -0.12835E+03
 Top Flux [L/T]     -0.31313E-02
 Bot Flux [L/T]      0.42746E-11
 WatBalT  [L]        0.25722E-01
 WatBalR  [%]              0.252
----------------------------------------------------------

----------------------------------------------------------
 Time       [T]      182.0000
----------------------------------------------------------
 Sub-region num.                     1
----------------------------------------------------------
 Length   [L]        0.15000E+03  0.15000E+03
 W-volume [L]        0.20958E+02  0.20958E+02
 In-flow  [L/T]      0.30475E+00  0.30475E+00
 h Mean   [L]       -0.12248E+03 -0.12248E+03
 Top Flux [L/T]     -0.52337E+00
 Bot Flux [L/T]      0.00000E+00
 WatBalT  [L]        0.23964E-01
 WatBalR  [%]              0.216
----------------------------------------------------------

----------------------------------------------------------
 Time       [T]      183.0000
----------------------------------------------------------
 Sub-region num.                     1
----------------------------------------------------------
 Length   [L]        0.15000E+03  0.15000E+03
 W-volume [L]        0.20665E+02  0.20665E+02
 In-flow  [L/T]     -0.29286E+00 -0.29286E+00
 h Mean   [L]       -0.12654E+03 -0.12654E+03
 Top Flux [L/T]     -0.29974E-02
 Bot Flux [L/T]     -0.42644E-11
 WatBalT  [L]        0.24083E-01
 WatBalR  [%]              0.212
----------------------------------------------------------

----------------------------------------------------------
 Time       [T]      184.0000
----------------------------------------------------------
 Sub-region num.                     1
----------------------------------------------------------
 Length   [L]        0.15000E+03  0.15000E+03
 W-volume [L]        0.21097E+02  0.21097E+02
 In-flow  [L/T]      0.39836E+00  0.39836E+00
 h Mean   [L]       -0.12440E+03 -0.12440E+03
 Top Flux [L/T]     -0.51515E+00
 Bot Flux [L/T]     -0.42594E-11
 WatBalT  [L]        0.21739E-01
 WatBalR  [%]              0.179
----------------------------------------------------------

----------------------------------------------------------
 Time       [T]      185.0000
----------------------------------------------------------
 Sub-region num.                     1
----------------------------------------------------------
 Length   [L]        0.15000E+03  0.15000E+03
 W-volume [L]        0.20891E+02  0.20891E+02
 In-flow  [L/T]     -0.20600E+00 -0.20600E+00
 h Mean   [L]       -0.12293E+03 -0.12293E+03
 Top Flux [L/T]     -0.25547E-02
 Bot Flux [L/T]     -0.42543E-11
 WatBalT  [L]        0.22525E-01
 WatBalR  [%]              0.183
----------------------------------------------------------

----------------------------------------------------------
 Time       [T]      186.0000
----------------------------------------------------------
 Sub-region num.                     1
----------------------------------------------------------
 Length   [L]        0.15000E+03  0.15000E+03
 W-volume [L]        0.20639E+02  0.20639E+02
 In-flow  [L/T]     -0.26644E+00 -0.26644E+00
 h Mean   [L]       -0.12888E+03 -0.12888E+03
 Top Flux [L/T]     -0.12432E-02
 Bot Flux [L/T]     -0.42491E-11
 WatBalT  [L]        0.34104E-01
 WatBalR  [%]              0.271
----------------------------------------------------------

----------------------------------------------------------
 Time       [T]      187.0000
----------------------------------------------------------
 Sub-region num.                     1
----------------------------------------------------------
 Length   [L]        0.15000E+03  0.15000E+03
 W-volume [L]        0.20383E+02  0.20383E+02
 In-flow  [L/T]     -0.25323E+00 -0.25323E+00
 h Mean   [L]       -0.13474E+03 -0.13474E+03
 Top Flux [L/T]     -0.12983E-02
 Bot Flux [L/T]      0.42440E-11
 WatBalT  [L]        0.29377E-01
 WatBalR  [%]              0.229
----------------------------------------------------------

----------------------------------------------------------
 Time       [T]      188.0000
----------------------------------------------------------
 Sub-region num.                     1
----------------------------------------------------------
 Length   [L]        0.15000E+03  0.15000E+03
 W-volume [L]        0.20129E+02  0.20129E+02
 In-flow  [L/T]     -0.25856E+00 -0.25856E+00
 h Mean   [L]       -0.13887E+03 -0.13887E+03
 Top Flux [L/T]     -0.10704E-02
 Bot Flux [L/T]      0.00000E+00
 WatBalT  [L]        0.32957E-01
 WatBalR  [%]              0.252
----------------------------------------------------------

----------------------------------------------------------
 Time       [T]      189.0000
----------------------------------------------------------
 Sub-region num.                     1
----------------------------------------------------------
 Length   [L]        0.15000E+03  0.15000E+03
 W-volume [L]        0.19868E+02  0.19868E+02
 In-flow  [L/T]     -0.26522E+00 -0.26522E+00
 h Mean   [L]       -0.14242E+03 -0.14242E+03
 Top Flux [L/T]     -0.68456E-03
 Bot Flux [L/T]      0.00000E+00
 WatBalT  [L]        0.36589E-01
 WatBalR  [%]              0.274
----------------------------------------------------------

----------------------------------------------------------
 Time       [T]      190.0000
----------------------------------------------------------
 Sub-region num.                     1
----------------------------------------------------------
 Length   [L]        0.15000E+03  0.15000E+03
 W-volume [L]        0.19592E+02  0.19592E+02
 In-flow  [L/T]     -0.28651E+00 -0.28651E+00
 h Mean   [L]       -0.14578E+03 -0.14578E+03
 Top Flux [L/T]     -0.32032E-03
 Bot Flux [L/T]      0.42288E-11
 WatBalT  [L]        0.47196E-01
 WatBalR  [%]              0.346
----------------------------------------------------------

----------------------------------------------------------
 Time       [T]      191.0000
----------------------------------------------------------
 Sub-region num.                     1
----------------------------------------------------------
 Length   [L]        0.15000E+03  0.15000E+03
 W-volume [L]        0.19321E+02  0.19321E+02
 In-flow  [L/T]     -0.25681E+00 -0.25681E+00
 h Mean   [L]       -0.14936E+03 -0.14936E+03
 Top Flux [L/T]     -0.41501E-03
 Bot Flux [L/T]      0.00000E+00
 WatBalT  [L]        0.32478E-01
 WatBalR  [%]              0.233
----------------------------------------------------------

----------------------------------------------------------
 Time       [T]      192.0000
----------------------------------------------------------
 Sub-region num.                     1
----------------------------------------------------------
 Length   [L]        0.15000E+03  0.15000E+03
 W-volume [L]        0.19093E+02  0.19093E+02
 In-flow  [L/T]     -0.20144E+00 -0.20144E+00
 h Mean   [L]       -0.15306E+03 -0.15306E+03
 Top Flux [L/T]     -0.49753E-03
 Bot Flux [L/T]      0.00000E+00
 WatBalT  [L]        0.49081E-02
 WatBalR  [%]              0.035
----------------------------------------------------------

----------------------------------------------------------
 Time       [T]      193.0000
----------------------------------------------------------
 Sub-region num.                     1
----------------------------------------------------------
 Length   [L]        0.15000E+03  0.15000E+03
 W-volume [L]        0.18861E+02  0.18861E+02
 In-flow  [L/T]     -0.26305E+00 -0.26305E+00
 h Mean   [L]       -0.15767E+03 -0.15767E+03
 Top Flux [L/T]     -0.59633E-03
 Bot Flux [L/T]      0.00000E+00
 WatBalT  [L]        0.35683E-01
 WatBalR  [%]              0.248
----------------------------------------------------------

----------------------------------------------------------
 Time       [T]      194.0000
----------------------------------------------------------
 Sub-region num.                     1
----------------------------------------------------------
 Length   [L]        0.15000E+03  0.15000E+03
 W-volume [L]        0.19604E+02  0.19604E+02
 In-flow  [L/T]      0.44622E+00  0.44622E+00
 h Mean   [L]       -0.15587E+03 -0.15587E+03
 Top Flux [L/T]     -0.66068E+00
 Bot Flux [L/T]      0.00000E+00
 WatBalT  [L]        0.35102E-01
 WatBalR  [%]              0.225
----------------------------------------------------------

----------------------------------------------------------
 Time       [T]      195.0000
----------------------------------------------------------
 Sub-region num.                     1
----------------------------------------------------------
 Length   [L]        0.15000E+03  0.15000E+03
 W-volume [L]        0.20034E+02  0.20034E+02
 In-flow  [L/T]      0.41164E+00  0.41164E+00
 h Mean   [L]       -0.15487E+03 -0.15487E+03
 Top Flux [L/T]     -0.56310E+00
 Bot Flux [L/T]     -0.42039E-11
 WatBalT  [L]        0.34343E-01
 WatBalR  [%]              0.210
----------------------------------------------------------

----------------------------------------------------------
 Time       [T]      196.0000
----------------------------------------------------------
 Sub-region num.                     1
----------------------------------------------------------
 Length   [L]        0.15000E+03  0.15000E+03
 W-volume [L]        0.20414E+02  0.20414E+02
 In-flow  [L/T]      0.37953E+00  0.37953E+00
 h Mean   [L]       -0.15379E+03 -0.15379E+03
 Top Flux [L/T]     -0.53250E+00
 Bot Flux [L/T]      0.41989E-11
 WatBalT  [L]        0.34090E-01
 WatBalR  [%]              0.200
----------------------------------------------------------

----------------------------------------------------------
 Time       [T]      197.0000
----------------------------------------------------------
 Sub-region num.                     1
----------------------------------------------------------
 Length   [L]        0.15000E+03  0.15000E+03
 W-volume [L]        0.20798E+02  0.20798E+02
 In-flow  [L/T]      0.38533E+00  0.38533E+00
 h Mean   [L]       -0.14379E+03 -0.14379E+03
 Top Flux [L/T]     -0.51386E+00
 Bot Flux [L/T]     -0.41939E-11
 WatBalT  [L]        0.33294E-01
 WatBalR  [%]              0.188
----------------------------------------------------------

----------------------------------------------------------
 Time       [T]      198.0000
----------------------------------------------------------
 Sub-region num.                     1
----------------------------------------------------------
 Length   [L]        0.15000E+03  0.15000E+03
 W-volume [L]        0.21174E+02  0.21174E+02
 In-flow  [L/T]      0.37536E+00  0.37536E+00
 h Mean   [L]       -0.13296E+03 -0.13296E+03
 Top Flux [L/T]     -0.50755E+00
 Bot Flux [L/T]      0.00000E+00
 WatBalT  [L]        0.32980E-01
 WatBalR  [%]              0.180
----------------------------------------------------------

----------------------------------------------------------
 Time       [T]      199.0000
----------------------------------------------------------
 Sub-region num.                     1
----------------------------------------------------------
 Length   [L]        0.15000E+03  0.15000E+03
 W-volume [L]        0.21555E+02  0.21555E+02
 In-flow  [L/T]      0.37967E+00  0.37967E+00
 h Mean   [L]       -0.12021E+03 -0.12021E+03
 Top Flux [L/T]     -0.50378E+00
 Bot Flux [L/T]      0.41838E-11
 WatBalT  [L]        0.32640E-01
 WatBalR  [%]              0.172
----------------------------------------------------------

----------------------------------------------------------
 Time       [T]      200.0000
----------------------------------------------------------
 Sub-region num.                     1
----------------------------------------------------------
 Length   [L]        0.15000E+03  0.15000E+03
 W-volume [L]        0.21241E+02  0.21241E+02
 In-flow  [L/T]     -0.31652E+00 -0.31652E+00
 h Mean   [L]       -0.11915E+03 -0.11915E+03
 Top Flux [L/T]     -0.28868E-02
 Bot Flux [L/T]     -0.41788E-11
 WatBalT  [L]        0.34041E-01
 WatBalR  [%]              0.176
----------------------------------------------------------

----------------------------------------------------------
 Time       [T]      201.0000
----------------------------------------------------------
 Sub-region num.                     1
----------------------------------------------------------
 Length   [L]        0.15000E+03  0.15000E+03
 W-volume [L]        0.21616E+02  0.21616E+02
 In-flow  [L/T]      0.39201E+00  0.39201E+00
 h Mean   [L]       -0.11641E+03 -0.11641E+03
 Top Flux [L/T]     -0.50318E+00
 Bot Flux [L/T]      0.00000E+00
 WatBalT  [L]        0.30293E-01
 WatBalR  [%]              0.151
----------------------------------------------------------

----------------------------------------------------------
 Time       [T]      202.0000
----------------------------------------------------------
 Sub-region num.                     1
----------------------------------------------------------
 Length   [L]        0.15000E+03  0.15000E+03
 W-volume [L]        0.21266E+02  0.21266E+02
 In-flow  [L/T]     -0.35525E+00 -0.35525E+00
 h Mean   [L]       -0.11870E+03 -0.11870E+03
 Top Flux [L/T]     -0.30821E-02
 Bot Flux [L/T]      0.41687E-11
 WatBalT  [L]        0.35837E-01
 WatBalR  [%]              0.175
----------------------------------------------------------

----------------------------------------------------------
 Time       [T]      203.0000
----------------------------------------------------------
 Sub-region num.                     1
----------------------------------------------------------
 Length   [L]        0.15000E+03  0.15000E+03
 W-volume [L]        0.20915E+02  0.20915E+02
 In-flow  [L/T]     -0.35080E+00 -0.35080E+00
 h Mean   [L]       -0.12088E+03 -0.12088E+03
 Top Flux [L/T]     -0.14370E-02
 Bot Flux [L/T]      0.00000E+00
 WatBalT  [L]        0.34886E-01
 WatBalR  [%]              0.168
----------------------------------------------------------

----------------------------------------------------------
 Time       [T]      204.0000
----------------------------------------------------------
 Sub-region num.                     1
----------------------------------------------------------
 Length   [L]        0.15000E+03  0.15000E+03
 W-volume [L]        0.20567E+02  0.20567E+02
 In-flow  [L/T]     -0.34449E+00 -0.34449E+00
 h Mean   [L]       -0.12327E+03 -0.12327E+03
 Top Flux [L/T]     -0.13526E-02
 Bot Flux [L/T]      0.41587E-11
 WatBalT  [L]        0.31641E-01
 WatBalR  [%]              0.150
----------------------------------------------------------

----------------------------------------------------------
 Time       [T]      205.0000
----------------------------------------------------------
 Sub-region num.                     1
----------------------------------------------------------
 Length   [L]        0.15000E+03  0.15000E+03
 W-volume [L]        0.20219E+02  0.20219E+02
 In-flow  [L/T]     -0.35127E+00 -0.35127E+00
 h Mean   [L]       -0.12611E+03 -0.12611E+03
 Top Flux [L/T]     -0.95104E-03
 Bot Flux [L/T]      0.00000E+00
 WatBalT  [L]        0.34982E-01
 WatBalR  [%]              0.163
----------------------------------------------------------

----------------------------------------------------------
 Time       [T]      206.0000
----------------------------------------------------------
 Sub-region num.                     1
----------------------------------------------------------
 Length   [L]        0.15000E+03  0.15000E+03
 W-volume [L]        0.19871E+02  0.19871E+02
 In-flow  [L/T]     -0.34665E+00 -0.34665E+00
 h Mean   [L]       -0.12950E+03 -0.12950E+03
 Top Flux [L/T]     -0.39832E-03
 Bot Flux [L/T]      0.00000E+00
 WatBalT  [L]        0.32710E-01
 WatBalR  [%]              0.150
----------------------------------------------------------

----------------------------------------------------------
 Time       [T]      207.0000
----------------------------------------------------------
 Sub-region num.                     1
----------------------------------------------------------
 Length   [L]        0.15000E+03  0.15000E+03
 W-volume [L]        0.19530E+02  0.19530E+02
 In-flow  [L/T]     -0.33452E+00 -0.33452E+00
 h Mean   [L]       -0.13419E+03 -0.13419E+03
 Top Flux [L/T]     -0.42242E-03
 Bot Flux [L/T]      0.41438E-11
 WatBalT  [L]        0.26077E-01
 WatBalR  [%]              0.118
----------------------------------------------------------

----------------------------------------------------------
 Time       [T]      208.0000
----------------------------------------------------------
 Sub-region num.                     1
----------------------------------------------------------
 Length   [L]        0.15000E+03  0.15000E+03
 W-volume [L]        0.19238E+02  0.19238E+02
 In-flow  [L/T]     -0.25058E+00 -0.25058E+00
 h Mean   [L]       -0.14016E+03 -0.14016E+03
 Top Flux [L/T]     -0.51361E-03
 Bot Flux [L/T]      0.41388E-11
 WatBalT  [L]       -0.16641E-01
 WatBalR  [%]              0.074
----------------------------------------------------------

----------------------------------------------------------
 Time       [T]      209.0000
----------------------------------------------------------
 Sub-region num.                     1
----------------------------------------------------------
 Length   [L]        0.15000E+03  0.15000E+03
 W-volume [L]        0.18985E+02  0.18985E+02
 In-flow  [L/T]     -0.25848E+00 -0.25848E+00
 h Mean   [L]       -0.14651E+03 -0.14651E+03
 Top Flux [L/T]     -0.59679E-03
 Bot Flux [L/T]      0.00000E+00
 WatBalT  [L]       -0.12465E-01
 WatBalR  [%]              0.055
----------------------------------------------------------

----------------------------------------------------------
 Time       [T]      210.0000
----------------------------------------------------------
 Sub-region num.                     1
----------------------------------------------------------
 Length   [L]        0.15000E+03  0.15000E+03
 W-volume [L]        0.18719E+02  0.18719E+02
 In-flow  [L/T]     -0.27771E+00 -0.27771E+00
 h Mean   [L]       -0.15304E+03 -0.15304E+03
 Top Flux [L/T]     -0.69080E-03
 Bot Flux [L/T]      0.00000E+00
 WatBalT  [L]       -0.19417E-02
 WatBalR  [%]              0.008
----------------------------------------------------------

----------------------------------------------------------
 Time       [T]      211.0000
----------------------------------------------------------
 Sub-region num.                     1
----------------------------------------------------------
 Length   [L]        0.15000E+03  0.15000E+03
 W-volume [L]        0.18443E+02  0.18443E+02
 In-flow  [L/T]     -0.27474E+00 -0.27474E+00
 h Mean   [L]       -0.16338E+03 -0.16338E+03
 Top Flux [L/T]     -0.78545E-03
 Bot Flux [L/T]      0.41239E-11
 WatBalT  [L]       -0.31896E-02
 WatBalR  [%]              0.014
----------------------------------------------------------

----------------------------------------------------------
 Time       [T]      212.0000
----------------------------------------------------------
 Sub-region num.                     1
----------------------------------------------------------
 Length   [L]        0.15000E+03  0.15000E+03
 W-volume [L]        0.18163E+02  0.18163E+02
 In-flow  [L/T]     -0.28515E+00 -0.28515E+00
 h Mean   [L]       -0.18694E+03 -0.18694E+03
 Top Flux [L/T]     -0.84123E-03
 Bot Flux [L/T]     -0.41189E-11
 WatBalT  [L]       -0.27868E-01
 WatBalR  [%]              0.119
----------------------------------------------------------

----------------------------------------------------------
 Time       [T]      213.0000
----------------------------------------------------------
 Sub-region num.                     1
----------------------------------------------------------
 Length   [L]        0.15000E+03  0.15000E+03
 W-volume [L]        0.17959E+02  0.17959E+02
 In-flow  [L/T]     -0.18273E+00 -0.18273E+00
 h Mean   [L]       -0.21759E+03 -0.21759E+03
 Top Flux [L/T]     -0.58416E-03
 Bot Flux [L/T]     -0.41140E-11
 WatBalT  [L]       -0.67060E-01
 WatBalR  [%]              0.284
----------------------------------------------------------

----------------------------------------------------------
 Time       [T]      214.0000
----------------------------------------------------------
 Sub-region num.                     1
----------------------------------------------------------
 Length   [L]        0.15000E+03  0.15000E+03
 W-volume [L]        0.17826E+02  0.17826E+02
 In-flow  [L/T]     -0.11902E+00 -0.11902E+00
 h Mean   [L]       -0.23980E+03 -0.23980E+03
 Top Flux [L/T]     -0.22311E-03
 Bot Flux [L/T]      0.00000E+00
 WatBalT  [L]       -0.91843E-01
 WatBalR  [%]              0.387
----------------------------------------------------------

----------------------------------------------------------
 Time       [T]      215.0000
----------------------------------------------------------
 Sub-region num.                     1
----------------------------------------------------------
 Length   [L]        0.15000E+03  0.15000E+03
 W-volume [L]        0.17741E+02  0.17741E+02
 In-flow  [L/T]     -0.73491E-01 -0.73491E-01
 h Mean   [L]       -0.25586E+03 -0.25586E+03
 Top Flux [L/T]     -0.15924E-03
 Bot Flux [L/T]      0.00000E+00
 WatBalT  [L]       -0.11094E+00
 WatBalR  [%]              0.466
----------------------------------------------------------

----------------------------------------------------------
 Time       [T]      216.0000
----------------------------------------------------------
 Sub-region num.                     1
----------------------------------------------------------
 Length   [L]        0.15000E+03  0.15000E+03
 W-volume [L]        0.17690E+02  0.17690E+02
 In-flow  [L/T]     -0.42489E-01 -0.42489E-01
 h Mean   [L]       -0.26790E+03 -0.26790E+03
 Top Flux [L/T]     -0.15786E-03
 Bot Flux [L/T]     -0.40992E-11
 WatBalT  [L]       -0.12530E+00
 WatBalR  [%]              0.525
----------------------------------------------------------

----------------------------------------------------------
 Time       [T]      217.0000
----------------------------------------------------------
 Sub-region num.                     1
----------------------------------------------------------
 Length   [L]        0.15000E+03  0.15000E+03
 W-volume [L]        0.17668E+02  0.17668E+02
 In-flow  [L/T]     -0.14443E-01 -0.14443E-01
 h Mean   [L]       -0.27452E+03 -0.27452E+03
 Top Flux [L/T]     -0.15442E-03
 Bot Flux [L/T]      0.00000E+00
 WatBalT  [L]       -0.13483E+00
 WatBalR  [%]              0.565
----------------------------------------------------------

----------------------------------------------------------
 Time       [T]      218.0000
----------------------------------------------------------
 Sub-region num.                     1
----------------------------------------------------------
 Length   [L]        0.15000E+03  0.15000E+03
 W-volume [L]        0.17659E+02  0.17659E+02
 In-flow  [L/T]     -0.66038E-02 -0.66038E-02
 h Mean   [L]       -0.27743E+03 -0.27743E+03
 Top Flux [L/T]     -0.15020E-03
 Bot Flux [L/T]      0.40893E-11
 WatBalT  [L]       -0.13753E+00
 WatBalR  [%]              0.576
----------------------------------------------------------

----------------------------------------------------------
 Time       [T]      219.0000
----------------------------------------------------------
 Sub-region num.                     1
----------------------------------------------------------
 Length   [L]        0.15000E+03  0.15000E+03
 W-volume [L]        0.17651E+02  0.17651E+02
 In-flow  [L/T]     -0.93786E-02 -0.93786E-02
 h Mean   [L]       -0.27915E+03 -0.27915E+03
 Top Flux [L/T]     -0.14636E-03
 Bot Flux [L/T]      0.40844E-11
 WatBalT  [L]       -0.13629E+00
 WatBalR  [%]              0.571
----------------------------------------------------------

----------------------------------------------------------
 Time       [T]      220.0000
----------------------------------------------------------
 Sub-region num.                     1
----------------------------------------------------------
 Length   [L]        0.15000E+03  0.15000E+03
 W-volume [L]        0.17643E+02  0.17643E+02
 In-flow  [L/T]     -0.79111E-02 -0.79111E-02
 h Mean   [L]       -0.28027E+03 -0.28027E+03
 Top Flux [L/T]     -0.14258E-03
 Bot Flux [L/T]     -0.40795E-11
 WatBalT  [L]       -0.13667E+00
 WatBalR  [%]              0.572
----------------------------------------------------------

----------------------------------------------------------
 Time       [T]      221.0000
----------------------------------------------------------
 Sub-region num.                     1
----------------------------------------------------------
 Length   [L]        0.15000E+03  0.15000E+03
 W-volume [L]        0.17635E+02  0.17635E+02
 In-flow  [L/T]     -0.80501E-02 -0.80501E-02
 h Mean   [L]       -0.28114E+03 -0.28114E+03
 Top Flux [L/T]     -0.13881E-03
 Bot Flux [L/T]     -0.40746E-11
 WatBalT  [L]       -0.13651E+00
 WatBalR  [%]              0.571
----------------------------------------------------------

----------------------------------------------------------
 Time       [T]      222.0000
----------------------------------------------------------
 Sub-region num.                     1
----------------------------------------------------------
 Length   [L]        0.15000E+03  0.15000E+03
 W-volume [L]        0.17627E+02  0.17627E+02
 In-flow  [L/T]     -0.85597E-02 -0.85597E-02
 h Mean   [L]       -0.28187E+03 -0.28187E+03
 Top Flux [L/T]     -0.13511E-03
 Bot Flux [L/T]      0.00000E+00
 WatBalT  [L]       -0.13624E+00
 WatBalR  [%]              0.570
----------------------------------------------------------

----------------------------------------------------------
 Time       [T]      223.0000
----------------------------------------------------------
 Sub-region num.                     1
----------------------------------------------------------
 Length   [L]        0.15000E+03  0.15000E+03
 W-volume [L]        0.17620E+02  0.17620E+02
 In-flow  [L/T]     -0.71254E-02 -0.71254E-02
 h Mean   [L]       -0.28263E+03 -0.28263E+03
 Top Flux [L/T]     -0.13151E-03
 Bot Flux [L/T]      0.40648E-11
 WatBalT  [L]       -0.13695E+00
 WatBalR  [%]              0.573
----------------------------------------------------------

----------------------------------------------------------
 Time       [T]      224.0000
----------------------------------------------------------
 Sub-region num.                     1
----------------------------------------------------------
 Length   [L]        0.15000E+03  0.15000E+03
 W-volume [L]        0.17614E+02  0.17614E+02
 In-flow  [L/T]     -0.46986E-02 -0.46986E-02
 h Mean   [L]       -0.28318E+03 -0.28318E+03
 Top Flux [L/T]     -0.12790E-03
 Bot Flux [L/T]      0.00000E+00
 WatBalT  [L]       -0.13810E+00
 WatBalR  [%]              0.578
----------------------------------------------------------

----------------------------------------------------------
 Time       [T]      225.0000
----------------------------------------------------------
 Sub-region num.                     1
----------------------------------------------------------
 Length   [L]        0.15000E+03  0.15000E+03
 W-volume [L]        0.17608E+02  0.17608E+02
 In-flow  [L/T]     -0.59174E-02 -0.59174E-02
 h Mean   [L]       -0.28364E+03 -0.28364E+03
 Top Flux [L/T]     -0.12453E-03
 Bot Flux [L/T]      0.00000E+00
 WatBalT  [L]       -0.13751E+00
 WatBalR  [%]              0.575
----------------------------------------------------------

----------------------------------------------------------
 Time       [T]      226.0000
----------------------------------------------------------
 Sub-region num.                     1
----------------------------------------------------------
 Length   [L]        0.15000E+03  0.15000E+03
 W-volume [L]        0.17602E+02  0.17602E+02
 In-flow  [L/T]     -0.65812E-02 -0.65812E-02
 h Mean   [L]       -0.28406E+03 -0.28406E+03
 Top Flux [L/T]     -0.12123E-03
 Bot Flux [L/T]     -0.40502E-11
 WatBalT  [L]       -0.13717E+00
 WatBalR  [%]              0.573
----------------------------------------------------------

----------------------------------------------------------
 Time       [T]      227.0000
----------------------------------------------------------
 Sub-region num.                     1
----------------------------------------------------------
 Length   [L]        0.15000E+03  0.15000E+03
 W-volume [L]        0.17596E+02  0.17596E+02
 In-flow  [L/T]     -0.67986E-02 -0.67986E-02
 h Mean   [L]       -0.28442E+03 -0.28442E+03
 Top Flux [L/T]     -0.11799E-03
 Bot Flux [L/T]      0.00000E+00
 WatBalT  [L]       -0.13705E+00
 WatBalR  [%]              0.573
----------------------------------------------------------

----------------------------------------------------------
 Time       [T]      228.0000
----------------------------------------------------------
 Sub-region num.                     1
----------------------------------------------------------
 Length   [L]        0.15000E+03  0.15000E+03
 W-volume [L]        0.17590E+02  0.17590E+02
 In-flow  [L/T]     -0.49677E-02 -0.49677E-02
 h Mean   [L]       -0.28471E+03 -0.28471E+03
 Top Flux [L/T]     -0.11475E-03
 Bot Flux [L/T]      0.40405E-11
 WatBalT  [L]       -0.13794E+00
 WatBalR  [%]              0.576
----------------------------------------------------------

----------------------------------------------------------
 Time       [T]      229.0000
----------------------------------------------------------
 Sub-region num.                     1
----------------------------------------------------------
 Length   [L]        0.15000E+03  0.15000E+03
 W-volume [L]        0.17584E+02  0.17584E+02
 In-flow  [L/T]     -0.67914E-02 -0.67914E-02
 h Mean   [L]       -0.28500E+03 -0.28500E+03
 Top Flux [L/T]     -0.11173E-03
 Bot Flux [L/T]     -0.40356E-11
 WatBalT  [L]       -0.13704E+00
 WatBalR  [%]              0.572
----------------------------------------------------------

----------------------------------------------------------
 Time       [T]      230.0000
----------------------------------------------------------
 Sub-region num.                     1
----------------------------------------------------------
 Length   [L]        0.15000E+03  0.15000E+03
 W-volume [L]        0.17576E+02  0.17576E+02
 In-flow  [L/T]     -0.82255E-02 -0.82255E-02
 h Mean   [L]       -0.28535E+03 -0.28535E+03
 Top Flux [L/T]     -0.10876E-03
 Bot Flux [L/T]     -0.40307E-11
 WatBalT  [L]       -0.13633E+00
 WatBalR  [%]              0.569
----------------------------------------------------------

----------------------------------------------------------
 Time       [T]      231.0000
----------------------------------------------------------
 Sub-region num.                     1
----------------------------------------------------------
 Length   [L]        0.15000E+03  0.15000E+03
 W-volume [L]        0.17570E+02  0.17570E+02
 In-flow  [L/T]     -0.44313E-02 -0.44313E-02
 h Mean   [L]       -0.28560E+03 -0.28560E+03
 Top Flux [L/T]     -0.10572E-03
 Bot Flux [L/T]      0.40259E-11
 WatBalT  [L]       -0.13819E+00
 WatBalR  [%]              0.577
----------------------------------------------------------

----------------------------------------------------------
 Time       [T]      232.0000
----------------------------------------------------------
 Sub-region num.                     1
----------------------------------------------------------
 Length   [L]        0.15000E+03  0.15000E+03
 W-volume [L]        0.17566E+02  0.17566E+02
 In-flow  [L/T]     -0.37275E-02 -0.37275E-02
 h Mean   [L]       -0.28580E+03 -0.28580E+03
 Top Flux [L/T]     -0.10284E-03
 Bot Flux [L/T]      0.40210E-11
 WatBalT  [L]       -0.13855E+00
 WatBalR  [%]              0.578
----------------------------------------------------------

----------------------------------------------------------
 Time       [T]      233.0000
----------------------------------------------------------
 Sub-region num.                     1
----------------------------------------------------------
 Length   [L]        0.15000E+03  0.15000E+03
 W-volume [L]        0.17563E+02  0.17563E+02
 In-flow  [L/T]     -0.17825E-02 -0.17825E-02
 h Mean   [L]       -0.28591E+03 -0.28591E+03
 Top Flux [L/T]     -0.99926E-04
 Bot Flux [L/T]      0.00000E+00
 WatBalT  [L]       -0.13951E+00
 WatBalR  [%]              0.582
----------------------------------------------------------

----------------------------------------------------------
 Time       [T]      234.0000
----------------------------------------------------------
 Sub-region num.                     1
----------------------------------------------------------
 Length   [L]        0.15000E+03  0.15000E+03
 W-volume [L]        0.17560E+02  0.17560E+02
 In-flow  [L/T]     -0.53469E-02 -0.53469E-02
 h Mean   [L]       -0.28610E+03 -0.28610E+03
 Top Flux [L/T]     -0.97407E-04
 Bot Flux [L/T]     -0.40114E-11
 WatBalT  [L]       -0.13776E+00
 WatBalR  [%]              0.575
----------------------------------------------------------

----------------------------------------------------------
 Time       [T]      235.0000
----------------------------------------------------------
 Sub-region num.                     1
----------------------------------------------------------
 Length   [L]        0.15000E+03  0.15000E+03
 W-volume [L]        0.17554E+02  0.17554E+02
 In-flow  [L/T]     -0.59001E-02 -0.59001E-02
 h Mean   [L]       -0.28635E+03 -0.28635E+03
 Top Flux [L/T]     -0.94890E-04
 Bot Flux [L/T]      0.00000E+00
 WatBalT  [L]       -0.13748E+00
 WatBalR  [%]              0.574
----------------------------------------------------------

----------------------------------------------------------
 Time       [T]      236.0000
----------------------------------------------------------
 Sub-region num.                     1
----------------------------------------------------------
 Length   [L]        0.15000E+03  0.15000E+03
 W-volume [L]        0.17548E+02  0.17548E+02
 In-flow  [L/T]     -0.52943E-02 -0.52943E-02
 h Mean   [L]       -0.28666E+03 -0.28666E+03
 Top Flux [L/T]     -0.92311E-04
 Bot Flux [L/T]      0.40018E-11
 WatBalT  [L]       -0.13777E+00
 WatBalR  [%]              0.575
----------------------------------------------------------

----------------------------------------------------------
 Time       [T]      237.0000
----------------------------------------------------------
 Sub-region num.                     1
----------------------------------------------------------
 Length   [L]        0.15000E+03  0.15000E+03
 W-volume [L]        0.17544E+02  0.17544E+02
 In-flow  [L/T]     -0.41158E-02 -0.41158E-02
 h Mean   [L]       -0.28693E+03 -0.28693E+03
 Top Flux [L/T]     -0.89782E-04
 Bot Flux [L/T]      0.39970E-11
 WatBalT  [L]       -0.13835E+00
 WatBalR  [%]              0.577
----------------------------------------------------------

----------------------------------------------------------
 Time       [T]      238.0000
----------------------------------------------------------
 Sub-region num.                     1
----------------------------------------------------------
 Length   [L]        0.15000E+03  0.15000E+03
 W-volume [L]        0.17539E+02  0.17539E+02
 In-flow  [L/T]     -0.53746E-02 -0.53746E-02
 h Mean   [L]       -0.28723E+03 -0.28723E+03
 Top Flux [L/T]     -0.87422E-04
 Bot Flux [L/T]      0.00000E+00
 WatBalT  [L]       -0.13774E+00
 WatBalR  [%]              0.574
----------------------------------------------------------

----------------------------------------------------------
 Time       [T]      239.0000
----------------------------------------------------------
 Sub-region num.                     1
----------------------------------------------------------
 Length   [L]        0.15000E+03  0.15000E+03
 W-volume [L]        0.17534E+02  0.17534E+02
 In-flow  [L/T]     -0.46605E-02 -0.46605E-02
 h Mean   [L]       -0.28759E+03 -0.28759E+03
 Top Flux [L/T]     -0.85045E-04
 Bot Flux [L/T]     -0.39874E-11
 WatBalT  [L]       -0.13808E+00
 WatBalR  [%]              0.576
----------------------------------------------------------

----------------------------------------------------------
 Time       [T]      240.0000
----------------------------------------------------------
 Sub-region num.                     1
----------------------------------------------------------
 Length   [L]        0.15000E+03  0.15000E+03
 W-volume [L]        0.17529E+02  0.17529E+02
 In-flow  [L/T]     -0.43680E-02 -0.43680E-02
 h Mean   [L]       -0.28797E+03 -0.28797E+03
 Top Flux [L/T]     -0.82745E-04
 Bot Flux [L/T]     -0.39826E-11
 WatBalT  [L]       -0.13823E+00
 WatBalR  [%]              0.576
----------------------------------------------------------

----------------------------------------------------------
 Time       [T]      241.0000
----------------------------------------------------------
 Sub-region num.                     1
----------------------------------------------------------
 Length   [L]        0.15000E+03  0.15000E+03
 W-volume [L]        0.17525E+02  0.17525E+02
 In-flow  [L/T]     -0.52190E-02 -0.52190E-02
 h Mean   [L]       -0.28836E+03 -0.28836E+03
 Top Flux [L/T]     -0.80559E-04
 Bot Flux [L/T]      0.39778E-11
 WatBalT  [L]       -0.13785E+00
 WatBalR  [%]              0.574
----------------------------------------------------------

----------------------------------------------------------
 Time       [T]      242.0000
----------------------------------------------------------
 Sub-region num.                     1
----------------------------------------------------------
 Length   [L]        0.15000E+03  0.15000E+03
 W-volume [L]        0.17519E+02  0.17519E+02
 In-flow  [L/T]     -0.59538E-02 -0.59538E-02
 h Mean   [L]       -0.28891E+03 -0.28891E+03
 Top Flux [L/T]     -0.78419E-04
 Bot Flux [L/T]      0.00000E+00
 WatBalT  [L]       -0.13752E+00
 WatBalR  [%]              0.573
----------------------------------------------------------

----------------------------------------------------------
 Time       [T]      243.0000
----------------------------------------------------------
 Sub-region num.                     1
----------------------------------------------------------
 Length   [L]        0.15000E+03  0.15000E+03
 W-volume [L]        0.17514E+02  0.17514E+02
 In-flow  [L/T]     -0.47636E-02 -0.47636E-02
 h Mean   [L]       -0.28944E+03 -0.28944E+03
 Top Flux [L/T]     -0.76276E-04
 Bot Flux [L/T]      0.00000E+00
 WatBalT  [L]       -0.13808E+00
 WatBalR  [%]              0.575
----------------------------------------------------------

----------------------------------------------------------
 Time       [T]      244.0000
----------------------------------------------------------
 Sub-region num.                     1
----------------------------------------------------------
 Length   [L]        0.15000E+03  0.15000E+03
 W-volume [L]        0.17511E+02  0.17511E+02
 In-flow  [L/T]     -0.10914E-03 -0.10914E-03
 h Mean   [L]       -0.28967E+03 -0.28967E+03
 Top Flux [L/T]     -0.74302E-04
 Bot Flux [L/T]      0.00000E+00
 WatBalT  [L]        0.56463E+01
 WatBalR  [%]             18.950
----------------------------------------------------------

----------------------------------------------------------
 Time       [T]      245.0000
----------------------------------------------------------
 Sub-region num.                     1
----------------------------------------------------------
 Length   [L]        0.15000E+03  0.15000E+03
 W-volume [L]        0.88314E+01  0.88314E+01
 In-flow  [L/T]     -0.57868E+01 -0.57868E+01
 h Mean   [L]       -0.36205E+03 -0.36205E+03
 Top Flux [L/T]     -0.72356E-04
 Bot Flux [L/T]      0.00000E+00
 WatBalT  [L]        0.13063E+01
 WatBalR  [%]              3.827
----------------------------------------------------------

----------------------------------------------------------
 Time       [T]      246.0000
----------------------------------------------------------
 Sub-region num.                     1
----------------------------------------------------------
 Length   [L]        0.15000E+03  0.15000E+03
 W-volume [L]        0.66613E+01  0.66613E+01
 In-flow  [L/T]     -0.14467E+01 -0.14467E+01
 h Mean   [L]       -0.53003E+03 -0.53003E+03
 Top Flux [L/T]     -0.70257E-04
 Bot Flux [L/T]     -0.39540E-11
 WatBalT  [L]        0.22131E+00
 WatBalR  [%]              0.628
----------------------------------------------------------

----------------------------------------------------------
 Time       [T]      247.0000
----------------------------------------------------------
 Sub-region num.                     1
----------------------------------------------------------
 Length   [L]        0.15000E+03  0.15000E+03
 W-volume [L]        0.61187E+01  0.61187E+01
 In-flow  [L/T]     -0.36176E+00 -0.36176E+00
 h Mean   [L]       -0.69188E+03 -0.69188E+03
 Top Flux [L/T]     -0.68492E-04
 Bot Flux [L/T]      0.39492E-11
 WatBalT  [L]       -0.49957E-01
 WatBalR  [%]              0.141
----------------------------------------------------------

----------------------------------------------------------
 Time       [T]      248.0000
----------------------------------------------------------
 Sub-region num.                     1
----------------------------------------------------------
 Length   [L]        0.15000E+03  0.15000E+03
 W-volume [L]        0.59830E+01  0.59830E+01
 In-flow  [L/T]     -0.90421E-01 -0.90421E-01
 h Mean   [L]       -0.76137E+03 -0.76137E+03
 Top Flux [L/T]     -0.66506E-04
 Bot Flux [L/T]      0.00000E+00
 WatBalT  [L]       -0.11778E+00
 WatBalR  [%]              0.331
----------------------------------------------------------

----------------------------------------------------------
 Time       [T]      249.0000
----------------------------------------------------------
 Sub-region num.                     1
----------------------------------------------------------
 Length   [L]        0.15000E+03  0.15000E+03
 W-volume [L]        0.59491E+01  0.59491E+01
 In-flow  [L/T]     -0.22673E-01 -0.22673E-01
 h Mean   [L]       -0.78346E+03 -0.78346E+03
 Top Flux [L/T]     -0.64855E-04
 Bot Flux [L/T]      0.00000E+00
 WatBalT  [L]       -0.13473E+00
 WatBalR  [%]              0.379
----------------------------------------------------------

----------------------------------------------------------
 Time       [T]      250.0000
----------------------------------------------------------
 Sub-region num.                     1
----------------------------------------------------------
 Length   [L]        0.15000E+03  0.15000E+03
 W-volume [L]        0.59406E+01  0.59406E+01
 In-flow  [L/T]     -0.56053E-02 -0.56053E-02
 h Mean   [L]       -0.78993E+03 -0.78993E+03
 Top Flux [L/T]     -0.62986E-04
 Bot Flux [L/T]      0.00000E+00
 WatBalT  [L]       -0.14036E+00
 WatBalR  [%]              0.394
----------------------------------------------------------

----------------------------------------------------------
 Time       [T]      251.0000
----------------------------------------------------------
 Sub-region num.                     1
----------------------------------------------------------
 Length   [L]        0.15000E+03  0.15000E+03
 W-volume [L]        0.59405E+01  0.59405E+01
 In-flow  [L/T]     -0.85846E-04 -0.85846E-04
 h Mean   [L]       -0.79006E+03 -0.79006E+03
 Top Flux [L/T]     -0.61418E-04
 Bot Flux [L/T]      0.00000E+00
 WatBalT  [L]       -0.14041E+00
 WatBalR  [%]              0.395
----------------------------------------------------------

----------------------------------------------------------
 Time       [T]      252.0000
----------------------------------------------------------
 Sub-region num.                     1
----------------------------------------------------------
 Length   [L]        0.15000E+03  0.15000E+03
 W-volume [L]        0.59404E+01  0.59404E+01
 In-flow  [L/T]     -0.10595E-03 -0.10595E-03
 h Mean   [L]       -0.79006E+03 -0.79006E+03
 Top Flux [L/T]     -0.59738E-04
 Bot Flux [L/T]     -0.39255E-11
 WatBalT  [L]       -0.14037E+00
 WatBalR  [%]              0.395
----------------------------------------------------------

----------------------------------------------------------
 Time       [T]      253.0000
----------------------------------------------------------
 Sub-region num.                     1
----------------------------------------------------------
 Length   [L]        0.15000E+03  0.15000E+03
 W-volume [L]        0.59404E+01  0.59404E+01
 In-flow  [L/T]     -0.40829E-05 -0.40829E-05
 h Mean   [L]       -0.79004E+03 -0.79004E+03
 Top Flux [L/T]     -0.58032E-04
 Bot Flux [L/T]      0.00000E+00
 WatBalT  [L]       -0.14036E+00
 WatBalR  [%]              0.394
----------------------------------------------------------

----------------------------------------------------------
 Time       [T]      254.0000
----------------------------------------------------------
 Sub-region num.                     1
----------------------------------------------------------
 Length   [L]        0.15000E+03  0.15000E+03
 W-volume [L]        0.59403E+01  0.59403E+01
 In-flow  [L/T]     -0.51647E-04 -0.51647E-04
 h Mean   [L]       -0.79005E+03 -0.79005E+03
 Top Flux [L/T]     -0.56531E-04
 Bot Flux [L/T]      0.00000E+00
 WatBalT  [L]       -0.14037E+00
 WatBalR  [%]              0.395
----------------------------------------------------------

----------------------------------------------------------
 Time       [T]      255.0000
----------------------------------------------------------
 Sub-region num.                     1
----------------------------------------------------------
 Length   [L]        0.15000E+03  0.15000E+03
 W-volume [L]        0.59403E+01  0.59403E+01
 In-flow  [L/T]     -0.41127E-05 -0.41127E-05
 h Mean   [L]       -0.79004E+03 -0.79004E+03
 Top Flux [L/T]     -0.54949E-04
 Bot Flux [L/T]      0.00000E+00
 WatBalT  [L]       -0.14036E+00
 WatBalR  [%]              0.394
----------------------------------------------------------

----------------------------------------------------------
 Time       [T]      256.0000
----------------------------------------------------------
 Sub-region num.                     1
----------------------------------------------------------
 Length   [L]        0.15000E+03  0.15000E+03
 W-volume [L]        0.59402E+01  0.59402E+01
 In-flow  [L/T]     -0.40680E-05 -0.40680E-05
 h Mean   [L]       -0.79004E+03 -0.79004E+03
 Top Flux [L/T]     -0.53443E-04
 Bot Flux [L/T]      0.00000E+00
 WatBalT  [L]       -0.14036E+00
 WatBalR  [%]              0.394
----------------------------------------------------------

----------------------------------------------------------
 Time       [T]      257.0000
----------------------------------------------------------
 Sub-region num.                     1
----------------------------------------------------------
 Length   [L]        0.15000E+03  0.15000E+03
 W-volume [L]        0.59401E+01  0.59401E+01
 In-flow  [L/T]     -0.18939E-04 -0.18939E-04
 h Mean   [L]       -0.79004E+03 -0.79004E+03
 Top Flux [L/T]     -0.52025E-04
 Bot Flux [L/T]      0.00000E+00
 WatBalT  [L]       -0.14036E+00
 WatBalR  [%]              0.394
----------------------------------------------------------

----------------------------------------------------------
 Time       [T]      258.0000
----------------------------------------------------------
 Sub-region num.                     1
----------------------------------------------------------
 Length   [L]        0.15000E+03  0.15000E+03
 W-volume [L]        0.59401E+01  0.59401E+01
 In-flow  [L/T]     -0.40829E-05 -0.40829E-05
 h Mean   [L]       -0.79004E+03 -0.79004E+03
 Top Flux [L/T]     -0.50610E-04
 Bot Flux [L/T]      0.00000E+00
 WatBalT  [L]       -0.14036E+00
 WatBalR  [%]              0.394
----------------------------------------------------------

----------------------------------------------------------
 Time       [T]      259.0000
----------------------------------------------------------
 Sub-region num.                     1
----------------------------------------------------------
 Length   [L]        0.15000E+03  0.15000E+03
 W-volume [L]        0.59400E+01  0.59400E+01
 In-flow  [L/T]     -0.40382E-05 -0.40382E-05
 h Mean   [L]       -0.79004E+03 -0.79004E+03
 Top Flux [L/T]     -0.49244E-04
 Bot Flux [L/T]      0.00000E+00
 WatBalT  [L]       -0.14036E+00
 WatBalR  [%]              0.394
----------------------------------------------------------

----------------------------------------------------------
 Time       [T]      260.0000
----------------------------------------------------------
 Sub-region num.                     1
----------------------------------------------------------
 Length   [L]        0.15000E+03  0.15000E+03
 W-volume [L]        0.59400E+01  0.59400E+01
 In-flow  [L/T]     -0.40829E-05 -0.40829E-05
 h Mean   [L]       -0.79004E+03 -0.79004E+03
 Top Flux [L/T]     -0.47920E-04
 Bot Flux [L/T]      0.00000E+00
 WatBalT  [L]       -0.14036E+00
 WatBalR  [%]              0.394
----------------------------------------------------------

----------------------------------------------------------
 Time       [T]      261.0000
----------------------------------------------------------
 Sub-region num.                     1
----------------------------------------------------------
 Length   [L]        0.15000E+03  0.15000E+03
 W-volume [L]        0.59399E+01  0.59399E+01
 In-flow  [L/T]     -0.40680E-05 -0.40680E-05
 h Mean   [L]       -0.79004E+03 -0.79004E+03
 Top Flux [L/T]     -0.46633E-04
 Bot Flux [L/T]      0.00000E+00
 WatBalT  [L]       -0.14036E+00
 WatBalR  [%]              0.394
----------------------------------------------------------

----------------------------------------------------------
 Time       [T]      262.0000
----------------------------------------------------------
 Sub-region num.                     1
----------------------------------------------------------
 Length   [L]        0.15000E+03  0.15000E+03
 W-volume [L]        0.59399E+01  0.59399E+01
 In-flow  [L/T]     -0.40233E-05 -0.40233E-05
 h Mean   [L]       -0.79004E+03 -0.79004E+03
 Top Flux [L/T]     -0.45382E-04
 Bot Flux [L/T]      0.00000E+00
 WatBalT  [L]       -0.14037E+00
 WatBalR  [%]              0.394
----------------------------------------------------------

----------------------------------------------------------
 Time       [T]      263.0000
----------------------------------------------------------
 Sub-region num.                     1
----------------------------------------------------------
 Length   [L]        0.15000E+03  0.15000E+03
 W-volume [L]        0.59398E+01  0.59398E+01
 In-flow  [L/T]     -0.40531E-05 -0.40531E-05
 h Mean   [L]       -0.79004E+03 -0.79004E+03
 Top Flux [L/T]     -0.44166E-04
 Bot Flux [L/T]      0.00000E+00
 WatBalT  [L]       -0.14037E+00
 WatBalR  [%]              0.394
----------------------------------------------------------

----------------------------------------------------------
 Time       [T]      264.0000
----------------------------------------------------------
 Sub-region num.                     1
----------------------------------------------------------
 Length   [L]        0.15000E+03  0.15000E+03
 W-volume [L]        0.59398E+01  0.59398E+01
 In-flow  [L/T]     -0.40531E-05 -0.40531E-05
 h Mean   [L]       -0.79005E+03 -0.79005E+03
 Top Flux [L/T]     -0.42981E-04
 Bot Flux [L/T]      0.00000E+00
 WatBalT  [L]       -0.14037E+00
 WatBalR  [%]              0.394
----------------------------------------------------------

----------------------------------------------------------
 Time       [T]      265.0000
----------------------------------------------------------
 Sub-region num.                     1
----------------------------------------------------------
 Length   [L]        0.15000E+03  0.15000E+03
 W-volume [L]        0.59397E+01  0.59397E+01
 In-flow  [L/T]     -0.40233E-05 -0.40233E-05
 h Mean   [L]       -0.79005E+03 -0.79005E+03
 Top Flux [L/T]     -0.41828E-04
 Bot Flux [L/T]      0.00000E+00
 WatBalT  [L]       -0.14037E+00
 WatBalR  [%]              0.394
----------------------------------------------------------

----------------------------------------------------------
 Time       [T]      266.0000
----------------------------------------------------------
 Sub-region num.                     1
----------------------------------------------------------
 Length   [L]        0.15000E+03  0.15000E+03
 W-volume [L]        0.59397E+01  0.59397E+01
 In-flow  [L/T]     -0.40531E-05 -0.40531E-05
 h Mean   [L]       -0.79005E+03 -0.79005E+03
 Top Flux [L/T]     -0.40706E-04
 Bot Flux [L/T]      0.00000E+00
 WatBalT  [L]       -0.14037E+00
 WatBalR  [%]              0.395
----------------------------------------------------------

----------------------------------------------------------
 Time       [T]      267.0000
----------------------------------------------------------
 Sub-region num.                     1
----------------------------------------------------------
 Length   [L]        0.15000E+03  0.15000E+03
 W-volume [L]        0.59396E+01  0.59396E+01
 In-flow  [L/T]     -0.40382E-05 -0.40382E-05
 h Mean   [L]       -0.79005E+03 -0.79005E+03
 Top Flux [L/T]     -0.39614E-04
 Bot Flux [L/T]      0.00000E+00
 WatBalT  [L]       -0.14037E+00
 WatBalR  [%]              0.395
----------------------------------------------------------

----------------------------------------------------------
 Time       [T]      268.0000
----------------------------------------------------------
 Sub-region num.                     1
----------------------------------------------------------
 Length   [L]        0.15000E+03  0.15000E+03
 W-volume [L]        0.59396E+01  0.59396E+01
 In-flow  [L/T]     -0.40382E-05 -0.40382E-05
 h Mean   [L]       -0.79005E+03 -0.79005E+03
 Top Flux [L/T]     -0.38551E-04
 Bot Flux [L/T]      0.00000E+00
 WatBalT  [L]       -0.14037E+00
 WatBalR  [%]              0.395
----------------------------------------------------------

----------------------------------------------------------
 Time       [T]      269.0000
----------------------------------------------------------
 Sub-region num.                     1
----------------------------------------------------------
 Length   [L]        0.15000E+03  0.15000E+03
 W-volume [L]        0.59395E+01  0.59395E+01
 In-flow  [L/T]     -0.40382E-05 -0.40382E-05
 h Mean   [L]       -0.79006E+03 -0.79006E+03
 Top Flux [L/T]     -0.37516E-04
 Bot Flux [L/T]      0.00000E+00
 WatBalT  [L]       -0.14038E+00
 WatBalR  [%]              0.395
----------------------------------------------------------

----------------------------------------------------------
 Time       [T]      270.0000
----------------------------------------------------------
 Sub-region num.                     1
----------------------------------------------------------
 Length   [L]        0.15000E+03  0.15000E+03
 W-volume [L]        0.59395E+01  0.59395E+01
 In-flow  [L/T]     -0.40531E-05 -0.40531E-05
 h Mean   [L]       -0.79006E+03 -0.79006E+03
 Top Flux [L/T]     -0.36508E-04
 Bot Flux [L/T]      0.00000E+00
 WatBalT  [L]       -0.14038E+00
 WatBalR  [%]              0.395
----------------------------------------------------------

----------------------------------------------------------
 Time       [T]      271.0000
----------------------------------------------------------
 Sub-region num.                     1
----------------------------------------------------------
 Length   [L]        0.15000E+03  0.15000E+03
 W-volume [L]        0.59395E+01  0.59395E+01
 In-flow  [L/T]     -0.40233E-05 -0.40233E-05
 h Mean   [L]       -0.79006E+03 -0.79006E+03
 Top Flux [L/T]     -0.35528E-04
 Bot Flux [L/T]      0.00000E+00
 WatBalT  [L]       -0.14038E+00
 WatBalR  [%]              0.395
----------------------------------------------------------

----------------------------------------------------------
 Time       [T]      272.0000
----------------------------------------------------------
 Sub-region num.                     1
----------------------------------------------------------
 Length   [L]        0.15000E+03  0.15000E+03
 W-volume [L]        0.59394E+01  0.59394E+01
 In-flow  [L/T]     -0.40233E-05 -0.40233E-05
 h Mean   [L]       -0.79006E+03 -0.79006E+03
 Top Flux [L/T]     -0.34571E-04
 Bot Flux [L/T]      0.00000E+00
 WatBalT  [L]       -0.14040E+00
 WatBalR  [%]              0.395
----------------------------------------------------------

----------------------------------------------------------
 Time       [T]      273.0000
----------------------------------------------------------
 Sub-region num.                     1
----------------------------------------------------------
 Length   [L]        0.15000E+03  0.15000E+03
 W-volume [L]        0.59394E+01  0.59394E+01
 In-flow  [L/T]     -0.40382E-05 -0.40382E-05
 h Mean   [L]       -0.79005E+03 -0.79005E+03
 Top Flux [L/T]     -0.33601E-04
 Bot Flux [L/T]      0.00000E+00
 WatBalT  [L]       -0.14037E+00
 WatBalR  [%]              0.394
----------------------------------------------------------

----------------------------------------------------------
 Time       [T]      274.0000
----------------------------------------------------------
 Sub-region num.                     1
----------------------------------------------------------
 Length   [L]        0.15000E+03  0.15000E+03
 W-volume [L]        0.59165E+01  0.59165E+01
 In-flow  [L/T]     -0.22864E-01 -0.22864E-01
 h Mean   [L]       -0.79015E+03 -0.79015E+03
 Top Flux [L/T]     -0.97269E-13
 Bot Flux [L/T]      0.00000E+00
 WatBalT  [L]       -0.14041E+00
 WatBalR  [%]              0.394
----------------------------------------------------------

----------------------------------------------------------
 Time       [T]      275.0000
----------------------------------------------------------
 Sub-region num.                     1
----------------------------------------------------------
 Length   [L]        0.15000E+03  0.15000E+03
 W-volume [L]        0.58077E+01  0.58077E+01
 In-flow  [L/T]     -0.39736E-05 -0.39736E-05
 h Mean   [L]       -0.41233E+04 -0.41233E+04
 Top Flux [L/T]      0.99840E-31
 Bot Flux [L/T]      0.00000E+00
 WatBalT  [L]       -0.14041E+00
 WatBalR  [%]              0.393
----------------------------------------------------------

----------------------------------------------------------
 Time       [T]      276.0000
----------------------------------------------------------
 Sub-region num.                     1
----------------------------------------------------------
 Length   [L]        0.15000E+03  0.15000E+03
 W-volume [L]        0.58077E+01  0.58077E+01
 In-flow  [L/T]     -0.40233E-05 -0.40233E-05
 h Mean   [L]       -0.41233E+04 -0.41233E+04
 Top Flux [L/T]      0.99840E-31
 Bot Flux [L/T]      0.00000E+00
 WatBalT  [L]       -0.14041E+00
 WatBalR  [%]              0.393
----------------------------------------------------------

----------------------------------------------------------
 Time       [T]      277.0000
----------------------------------------------------------
 Sub-region num.                     1
----------------------------------------------------------
 Length   [L]        0.15000E+03  0.15000E+03
 W-volume [L]        0.58077E+01  0.58077E+01
 In-flow  [L/T]     -0.39935E-05 -0.39935E-05
 h Mean   [L]       -0.41233E+04 -0.41233E+04
 Top Flux [L/T]      0.99840E-31
 Bot Flux [L/T]      0.00000E+00
 WatBalT  [L]       -0.14041E+00
 WatBalR  [%]              0.393
----------------------------------------------------------

----------------------------------------------------------
 Time       [T]      278.0000
----------------------------------------------------------
 Sub-region num.                     1
----------------------------------------------------------
 Length   [L]        0.15000E+03  0.15000E+03
 W-volume [L]        0.58077E+01  0.58077E+01
 In-flow  [L/T]     -0.39935E-05 -0.39935E-05
 h Mean   [L]       -0.41233E+04 -0.41233E+04
 Top Flux [L/T]      0.99840E-31
 Bot Flux [L/T]      0.00000E+00
 WatBalT  [L]       -0.14041E+00
 WatBalR  [%]              0.393
----------------------------------------------------------

----------------------------------------------------------
 Time       [T]      279.0000
----------------------------------------------------------
 Sub-region num.                     1
----------------------------------------------------------
 Length   [L]        0.15000E+03  0.15000E+03
 W-volume [L]        0.58077E+01  0.58077E+01
 In-flow  [L/T]     -0.39935E-05 -0.39935E-05
 h Mean   [L]       -0.41233E+04 -0.41233E+04
 Top Flux [L/T]      0.99840E-31
 Bot Flux [L/T]      0.00000E+00
 WatBalT  [L]       -0.14041E+00
 WatBalR  [%]              0.393
----------------------------------------------------------

----------------------------------------------------------
 Time       [T]      280.0000
----------------------------------------------------------
 Sub-region num.                     1
----------------------------------------------------------
 Length   [L]        0.15000E+03  0.15000E+03
 W-volume [L]        0.58077E+01  0.58077E+01
 In-flow  [L/T]     -0.39935E-05 -0.39935E-05
 h Mean   [L]       -0.41233E+04 -0.41233E+04
 Top Flux [L/T]      0.99840E-31
 Bot Flux [L/T]      0.00000E+00
 WatBalT  [L]       -0.14041E+00
 WatBalR  [%]              0.393
----------------------------------------------------------

----------------------------------------------------------
 Time       [T]      281.0000
----------------------------------------------------------
 Sub-region num.                     1
----------------------------------------------------------
 Length   [L]        0.15000E+03  0.15000E+03
 W-volume [L]        0.58077E+01  0.58077E+01
 In-flow  [L/T]     -0.39637E-05 -0.39637E-05
 h Mean   [L]       -0.41233E+04 -0.41233E+04
 Top Flux [L/T]      0.99840E-31
 Bot Flux [L/T]      0.00000E+00
 WatBalT  [L]       -0.14041E+00
 WatBalR  [%]              0.393
----------------------------------------------------------

----------------------------------------------------------
 Time       [T]      282.0000
----------------------------------------------------------
 Sub-region num.                     1
----------------------------------------------------------
 Length   [L]        0.15000E+03  0.15000E+03
 W-volume [L]        0.58077E+01  0.58077E+01
 In-flow  [L/T]     -0.39637E-05 -0.39637E-05
 h Mean   [L]       -0.41233E+04 -0.41233E+04
 Top Flux [L/T]      0.99840E-31
 Bot Flux [L/T]      0.00000E+00
 WatBalT  [L]       -0.14041E+00
 WatBalR  [%]              0.393
----------------------------------------------------------

----------------------------------------------------------
 Time       [T]      283.0000
----------------------------------------------------------
 Sub-region num.                     1
----------------------------------------------------------
 Length   [L]        0.15000E+03  0.15000E+03
 W-volume [L]        0.58077E+01  0.58077E+01
 In-flow  [L/T]     -0.39637E-05 -0.39637E-05
 h Mean   [L]       -0.41233E+04 -0.41233E+04
 Top Flux [L/T]      0.99840E-31
 Bot Flux [L/T]      0.00000E+00
 WatBalT  [L]       -0.14041E+00
 WatBalR  [%]              0.393
----------------------------------------------------------

----------------------------------------------------------
 Time       [T]      284.0000
----------------------------------------------------------
 Sub-region num.                     1
----------------------------------------------------------
 Length   [L]        0.15000E+03  0.15000E+03
 W-volume [L]        0.58077E+01  0.58077E+01
 In-flow  [L/T]     -0.39637E-05 -0.39637E-05
 h Mean   [L]       -0.41233E+04 -0.41233E+04
 Top Flux [L/T]      0.99840E-31
 Bot Flux [L/T]      0.00000E+00
 WatBalT  [L]       -0.14041E+00
 WatBalR  [%]              0.393
----------------------------------------------------------

----------------------------------------------------------
 Time       [T]      285.0000
----------------------------------------------------------
 Sub-region num.                     1
----------------------------------------------------------
 Length   [L]        0.15000E+03  0.15000E+03
 W-volume [L]        0.58077E+01  0.58077E+01
 In-flow  [L/T]     -0.39637E-05 -0.39637E-05
 h Mean   [L]       -0.41233E+04 -0.41233E+04
 Top Flux [L/T]      0.99840E-31
 Bot Flux [L/T]      0.00000E+00
 WatBalT  [L]       -0.14041E+00
 WatBalR  [%]              0.393
----------------------------------------------------------

----------------------------------------------------------
 Time       [T]      286.0000
----------------------------------------------------------
 Sub-region num.                     1
----------------------------------------------------------
 Length   [L]        0.15000E+03  0.15000E+03
 W-volume [L]        0.58076E+01  0.58076E+01
 In-flow  [L/T]     -0.39637E-05 -0.39637E-05
 h Mean   [L]       -0.41233E+04 -0.41233E+04
 Top Flux [L/T]      0.99840E-31
 Bot Flux [L/T]      0.00000E+00
 WatBalT  [L]       -0.14041E+00
 WatBalR  [%]              0.393
----------------------------------------------------------

----------------------------------------------------------
 Time       [T]      287.0000
----------------------------------------------------------
 Sub-region num.                     1
----------------------------------------------------------
 Length   [L]        0.15000E+03  0.15000E+03
 W-volume [L]        0.58076E+01  0.58076E+01
 In-flow  [L/T]     -0.39339E-05 -0.39339E-05
 h Mean   [L]       -0.41233E+04 -0.41233E+04
 Top Flux [L/T]      0.99840E-31
 Bot Flux [L/T]      0.00000E+00
 WatBalT  [L]       -0.14041E+00
 WatBalR  [%]              0.393
----------------------------------------------------------

----------------------------------------------------------
 Time       [T]      288.0000
----------------------------------------------------------
 Sub-region num.                     1
----------------------------------------------------------
 Length   [L]        0.15000E+03  0.15000E+03
 W-volume [L]        0.58076E+01  0.58076E+01
 In-flow  [L/T]     -0.39339E-05 -0.39339E-05
 h Mean   [L]       -0.41233E+04 -0.41233E+04
 Top Flux [L/T]      0.99840E-31
 Bot Flux [L/T]      0.00000E+00
 WatBalT  [L]       -0.14041E+00
 WatBalR  [%]              0.393
----------------------------------------------------------

----------------------------------------------------------
 Time       [T]      289.0000
----------------------------------------------------------
 Sub-region num.                     1
----------------------------------------------------------
 Length   [L]        0.15000E+03  0.15000E+03
 W-volume [L]        0.58076E+01  0.58076E+01
 In-flow  [L/T]     -0.39339E-05 -0.39339E-05
 h Mean   [L]       -0.41233E+04 -0.41233E+04
 Top Flux [L/T]      0.99840E-31
 Bot Flux [L/T]      0.00000E+00
 WatBalT  [L]       -0.14041E+00
 WatBalR  [%]              0.393
----------------------------------------------------------

----------------------------------------------------------
 Time       [T]      290.0000
----------------------------------------------------------
 Sub-region num.                     1
----------------------------------------------------------
 Length   [L]        0.15000E+03  0.15000E+03
 W-volume [L]        0.58076E+01  0.58076E+01
 In-flow  [L/T]     -0.39339E-05 -0.39339E-05
 h Mean   [L]       -0.41233E+04 -0.41233E+04
 Top Flux [L/T]      0.99840E-31
 Bot Flux [L/T]      0.00000E+00
 WatBalT  [L]       -0.14041E+00
 WatBalR  [%]              0.393
----------------------------------------------------------

----------------------------------------------------------
 Time       [T]      291.0000
----------------------------------------------------------
 Sub-region num.                     1
----------------------------------------------------------
 Length   [L]        0.15000E+03  0.15000E+03
 W-volume [L]        0.58076E+01  0.58076E+01
 In-flow  [L/T]     -0.39339E-05 -0.39339E-05
 h Mean   [L]       -0.41233E+04 -0.41233E+04
 Top Flux [L/T]      0.99840E-31
 Bot Flux [L/T]      0.00000E+00
 WatBalT  [L]       -0.14041E+00
 WatBalR  [%]              0.393
----------------------------------------------------------

----------------------------------------------------------
 Time       [T]      292.0000
----------------------------------------------------------
 Sub-region num.                     1
----------------------------------------------------------
 Length   [L]        0.15000E+03  0.15000E+03
 W-volume [L]        0.58076E+01  0.58076E+01
 In-flow  [L/T]     -0.39339E-05 -0.39339E-05
 h Mean   [L]       -0.41233E+04 -0.41233E+04
 Top Flux [L/T]      0.99840E-31
 Bot Flux [L/T]      0.00000E+00
 WatBalT  [L]       -0.14041E+00
 WatBalR  [%]              0.393
----------------------------------------------------------

----------------------------------------------------------
 Time       [T]      293.0000
----------------------------------------------------------
 Sub-region num.                     1
----------------------------------------------------------
 Length   [L]        0.15000E+03  0.15000E+03
 W-volume [L]        0.58076E+01  0.58076E+01
 In-flow  [L/T]     -0.39041E-05 -0.39041E-05
 h Mean   [L]       -0.41233E+04 -0.41233E+04
 Top Flux [L/T]      0.99840E-31
 Bot Flux [L/T]      0.00000E+00
 WatBalT  [L]       -0.14042E+00
 WatBalR  [%]              0.393
----------------------------------------------------------

----------------------------------------------------------
 Time       [T]      294.0000
----------------------------------------------------------
 Sub-region num.                     1
----------------------------------------------------------
 Length   [L]        0.15000E+03  0.15000E+03
 W-volume [L]        0.58076E+01  0.58076E+01
 In-flow  [L/T]     -0.39041E-05 -0.39041E-05
 h Mean   [L]       -0.41233E+04 -0.41233E+04
 Top Flux [L/T]      0.99840E-31
 Bot Flux [L/T]      0.00000E+00
 WatBalT  [L]       -0.14042E+00
 WatBalR  [%]              0.393
----------------------------------------------------------

----------------------------------------------------------
 Time       [T]      295.0000
----------------------------------------------------------
 Sub-region num.                     1
----------------------------------------------------------
 Length   [L]        0.15000E+03  0.15000E+03
 W-volume [L]        0.58076E+01  0.58076E+01
 In-flow  [L/T]     -0.39041E-05 -0.39041E-05
 h Mean   [L]       -0.41233E+04 -0.41233E+04
 Top Flux [L/T]      0.99840E-31
 Bot Flux [L/T]      0.00000E+00
 WatBalT  [L]       -0.14042E+00
 WatBalR  [%]              0.393
----------------------------------------------------------

----------------------------------------------------------
 Time       [T]      296.0000
----------------------------------------------------------
 Sub-region num.                     1
----------------------------------------------------------
 Length   [L]        0.15000E+03  0.15000E+03
 W-volume [L]        0.58076E+01  0.58076E+01
 In-flow  [L/T]     -0.39041E-05 -0.39041E-05
 h Mean   [L]       -0.41233E+04 -0.41233E+04
 Top Flux [L/T]      0.99840E-31
 Bot Flux [L/T]      0.00000E+00
 WatBalT  [L]       -0.14042E+00
 WatBalR  [%]              0.393
----------------------------------------------------------

----------------------------------------------------------
 Time       [T]      297.0000
----------------------------------------------------------
 Sub-region num.                     1
----------------------------------------------------------
 Length   [L]        0.15000E+03  0.15000E+03
 W-volume [L]        0.58076E+01  0.58076E+01
 In-flow  [L/T]     -0.39041E-05 -0.39041E-05
 h Mean   [L]       -0.41233E+04 -0.41233E+04
 Top Flux [L/T]      0.99840E-31
 Bot Flux [L/T]      0.00000E+00
 WatBalT  [L]       -0.14042E+00
 WatBalR  [%]              0.393
----------------------------------------------------------

----------------------------------------------------------
 Time       [T]      298.0000
----------------------------------------------------------
 Sub-region num.                     1
----------------------------------------------------------
 Length   [L]        0.15000E+03  0.15000E+03
 W-volume [L]        0.58076E+01  0.58076E+01
 In-flow  [L/T]     -0.39041E-05 -0.39041E-05
 h Mean   [L]       -0.41233E+04 -0.41233E+04
 Top Flux [L/T]      0.99840E-31
 Bot Flux [L/T]      0.00000E+00
 WatBalT  [L]       -0.14042E+00
 WatBalR  [%]              0.393
----------------------------------------------------------

----------------------------------------------------------
 Time       [T]      299.0000
----------------------------------------------------------
 Sub-region num.                     1
----------------------------------------------------------
 Length   [L]        0.15000E+03  0.15000E+03
 W-volume [L]        0.58076E+01  0.58076E+01
 In-flow  [L/T]     -0.39041E-05 -0.39041E-05
 h Mean   [L]       -0.41233E+04 -0.41233E+04
 Top Flux [L/T]      0.99840E-31
 Bot Flux [L/T]      0.00000E+00
 WatBalT  [L]       -0.14042E+00
 WatBalR  [%]              0.393
----------------------------------------------------------

----------------------------------------------------------
 Time       [T]      300.0000
----------------------------------------------------------
 Sub-region num.                     1
----------------------------------------------------------
 Length   [L]        0.15000E+03  0.15000E+03
 W-volume [L]        0.58076E+01  0.58076E+01
 In-flow  [L/T]     -0.38743E-05 -0.38743E-05
 h Mean   [L]       -0.41233E+04 -0.41233E+04
 Top Flux [L/T]      0.99840E-31
 Bot Flux [L/T]      0.00000E+00
 WatBalT  [L]       -0.14042E+00
 WatBalR  [%]              0.393
----------------------------------------------------------

----------------------------------------------------------
 Time       [T]      301.0000
----------------------------------------------------------
 Sub-region num.                     1
----------------------------------------------------------
 Length   [L]        0.15000E+03  0.15000E+03
 W-volume [L]        0.58076E+01  0.58076E+01
 In-flow  [L/T]     -0.38743E-05 -0.38743E-05
 h Mean   [L]       -0.41233E+04 -0.41233E+04
 Top Flux [L/T]      0.99840E-31
 Bot Flux [L/T]      0.00000E+00
 WatBalT  [L]       -0.14042E+00
 WatBalR  [%]              0.393
----------------------------------------------------------

----------------------------------------------------------
 Time       [T]      302.0000
----------------------------------------------------------
 Sub-region num.                     1
----------------------------------------------------------
 Length   [L]        0.15000E+03  0.15000E+03
 W-volume [L]        0.58076E+01  0.58076E+01
 In-flow  [L/T]     -0.38743E-05 -0.38743E-05
 h Mean   [L]       -0.41233E+04 -0.41233E+04
 Top Flux [L/T]      0.99840E-31
 Bot Flux [L/T]      0.00000E+00
 WatBalT  [L]       -0.14042E+00
 WatBalR  [%]              0.393
----------------------------------------------------------

----------------------------------------------------------
 Time       [T]      303.0000
----------------------------------------------------------
 Sub-region num.                     1
----------------------------------------------------------
 Length   [L]        0.15000E+03  0.15000E+03
 W-volume [L]        0.58076E+01  0.58076E+01
 In-flow  [L/T]     -0.38743E-05 -0.38743E-05
 h Mean   [L]       -0.41233E+04 -0.41233E+04
 Top Flux [L/T]      0.99840E-31
 Bot Flux [L/T]      0.00000E+00
 WatBalT  [L]       -0.14042E+00
 WatBalR  [%]              0.393
----------------------------------------------------------

----------------------------------------------------------
 Time       [T]      304.0000
----------------------------------------------------------
 Sub-region num.                     1
----------------------------------------------------------
 Length   [L]        0.15000E+03  0.15000E+03
 W-volume [L]        0.58076E+01  0.58076E+01
 In-flow  [L/T]     -0.38743E-05 -0.38743E-05
 h Mean   [L]       -0.41233E+04 -0.41233E+04
 Top Flux [L/T]      0.99840E-31
 Bot Flux [L/T]      0.00000E+00
 WatBalT  [L]       -0.14042E+00
 WatBalR  [%]              0.393
----------------------------------------------------------

----------------------------------------------------------
 Time       [T]      305.0000
----------------------------------------------------------
 Sub-region num.                     1
----------------------------------------------------------
 Length   [L]        0.15000E+03  0.15000E+03
 W-volume [L]        0.58076E+01  0.58076E+01
 In-flow  [L/T]     -0.38743E-05 -0.38743E-05
 h Mean   [L]       -0.41233E+04 -0.41233E+04
 Top Flux [L/T]      0.99840E-31
 Bot Flux [L/T]      0.00000E+00
 WatBalT  [L]       -0.14042E+00
 WatBalR  [%]              0.393
----------------------------------------------------------

----------------------------------------------------------
 Time       [T]      306.0000
----------------------------------------------------------
 Sub-region num.                     1
----------------------------------------------------------
 Length   [L]        0.15000E+03  0.15000E+03
 W-volume [L]        0.58076E+01  0.58076E+01
 In-flow  [L/T]     -0.38445E-05 -0.38445E-05
 h Mean   [L]       -0.41233E+04 -0.41233E+04
 Top Flux [L/T]      0.99840E-31
 Bot Flux [L/T]      0.00000E+00
 WatBalT  [L]       -0.14042E+00
 WatBalR  [%]              0.393
----------------------------------------------------------

----------------------------------------------------------
 Time       [T]      307.0000
----------------------------------------------------------
 Sub-region num.                     1
----------------------------------------------------------
 Length   [L]        0.15000E+03  0.15000E+03
 W-volume [L]        0.58076E+01  0.58076E+01
 In-flow  [L/T]     -0.38445E-05 -0.38445E-05
 h Mean   [L]       -0.41233E+04 -0.41233E+04
 Top Flux [L/T]      0.99840E-31
 Bot Flux [L/T]      0.00000E+00
 WatBalT  [L]       -0.14042E+00
 WatBalR  [%]              0.393
----------------------------------------------------------

----------------------------------------------------------
 Time       [T]      308.0000
----------------------------------------------------------
 Sub-region num.                     1
----------------------------------------------------------
 Length   [L]        0.15000E+03  0.15000E+03
 W-volume [L]        0.58076E+01  0.58076E+01
 In-flow  [L/T]     -0.38445E-05 -0.38445E-05
 h Mean   [L]       -0.41233E+04 -0.41233E+04
 Top Flux [L/T]      0.99840E-31
 Bot Flux [L/T]      0.00000E+00
 WatBalT  [L]       -0.14042E+00
 WatBalR  [%]              0.393
----------------------------------------------------------

----------------------------------------------------------
 Time       [T]      309.0000
----------------------------------------------------------
 Sub-region num.                     1
----------------------------------------------------------
 Length   [L]        0.15000E+03  0.15000E+03
 W-volume [L]        0.58076E+01  0.58076E+01
 In-flow  [L/T]     -0.38445E-05 -0.38445E-05
 h Mean   [L]       -0.41233E+04 -0.41233E+04
 Top Flux [L/T]      0.99840E-31
 Bot Flux [L/T]      0.00000E+00
 WatBalT  [L]       -0.14042E+00
 WatBalR  [%]              0.393
----------------------------------------------------------

----------------------------------------------------------
 Time       [T]      310.0000
----------------------------------------------------------
 Sub-region num.                     1
----------------------------------------------------------
 Length   [L]        0.15000E+03  0.15000E+03
 W-volume [L]        0.58076E+01  0.58076E+01
 In-flow  [L/T]     -0.38445E-05 -0.38445E-05
 h Mean   [L]       -0.41233E+04 -0.41233E+04
 Top Flux [L/T]      0.99840E-31
 Bot Flux [L/T]      0.00000E+00
 WatBalT  [L]       -0.14042E+00
 WatBalR  [%]              0.393
----------------------------------------------------------

----------------------------------------------------------
 Time       [T]      311.0000
----------------------------------------------------------
 Sub-region num.                     1
----------------------------------------------------------
 Length   [L]        0.15000E+03  0.15000E+03
 W-volume [L]        0.58076E+01  0.58076E+01
 In-flow  [L/T]     -0.38445E-05 -0.38445E-05
 h Mean   [L]       -0.41233E+04 -0.41233E+04
 Top Flux [L/T]      0.99840E-31
 Bot Flux [L/T]      0.00000E+00
 WatBalT  [L]       -0.14042E+00
 WatBalR  [%]              0.393
----------------------------------------------------------

----------------------------------------------------------
 Time       [T]      312.0000
----------------------------------------------------------
 Sub-region num.                     1
----------------------------------------------------------
 Length   [L]        0.15000E+03  0.15000E+03
 W-volume [L]        0.58075E+01  0.58075E+01
 In-flow  [L/T]     -0.38147E-05 -0.38147E-05
 h Mean   [L]       -0.41233E+04 -0.41233E+04
 Top Flux [L/T]      0.99840E-31
 Bot Flux [L/T]      0.00000E+00
 WatBalT  [L]       -0.14042E+00
 WatBalR  [%]              0.393
----------------------------------------------------------

----------------------------------------------------------
 Time       [T]      313.0000
----------------------------------------------------------
 Sub-region num.                     1
----------------------------------------------------------
 Length   [L]        0.15000E+03  0.15000E+03
 W-volume [L]        0.58075E+01  0.58075E+01
 In-flow  [L/T]     -0.38147E-05 -0.38147E-05
 h Mean   [L]       -0.41233E+04 -0.41233E+04
 Top Flux [L/T]      0.99840E-31
 Bot Flux [L/T]      0.00000E+00
 WatBalT  [L]       -0.14042E+00
 WatBalR  [%]              0.393
----------------------------------------------------------

----------------------------------------------------------
 Time       [T]      314.0000
----------------------------------------------------------
 Sub-region num.                     1
----------------------------------------------------------
 Length   [L]        0.15000E+03  0.15000E+03
 W-volume [L]        0.58075E+01  0.58075E+01
 In-flow  [L/T]     -0.38147E-05 -0.38147E-05
 h Mean   [L]       -0.41233E+04 -0.41233E+04
 Top Flux [L/T]      0.99840E-31
 Bot Flux [L/T]      0.00000E+00
 WatBalT  [L]       -0.14042E+00
 WatBalR  [%]              0.393
----------------------------------------------------------

----------------------------------------------------------
 Time       [T]      315.0000
----------------------------------------------------------
 Sub-region num.                     1
----------------------------------------------------------
 Length   [L]        0.15000E+03  0.15000E+03
 W-volume [L]        0.58075E+01  0.58075E+01
 In-flow  [L/T]     -0.38147E-05 -0.38147E-05
 h Mean   [L]       -0.41233E+04 -0.41233E+04
 Top Flux [L/T]      0.99840E-31
 Bot Flux [L/T]      0.00000E+00
 WatBalT  [L]       -0.14042E+00
 WatBalR  [%]              0.393
----------------------------------------------------------

----------------------------------------------------------
 Time       [T]      316.0000
----------------------------------------------------------
 Sub-region num.                     1
----------------------------------------------------------
 Length   [L]        0.15000E+03  0.15000E+03
 W-volume [L]        0.58075E+01  0.58075E+01
 In-flow  [L/T]     -0.38147E-05 -0.38147E-05
 h Mean   [L]       -0.41233E+04 -0.41233E+04
 Top Flux [L/T]      0.99840E-31
 Bot Flux [L/T]      0.00000E+00
 WatBalT  [L]       -0.14042E+00
 WatBalR  [%]              0.393
----------------------------------------------------------

----------------------------------------------------------
 Time       [T]      317.0000
----------------------------------------------------------
 Sub-region num.                     1
----------------------------------------------------------
 Length   [L]        0.15000E+03  0.15000E+03
 W-volume [L]        0.58075E+01  0.58075E+01
 In-flow  [L/T]     -0.38147E-05 -0.38147E-05
 h Mean   [L]       -0.41233E+04 -0.41233E+04
 Top Flux [L/T]      0.99840E-31
 Bot Flux [L/T]      0.00000E+00
 WatBalT  [L]       -0.14042E+00
 WatBalR  [%]              0.393
----------------------------------------------------------

----------------------------------------------------------
 Time       [T]      318.0000
----------------------------------------------------------
 Sub-region num.                     1
----------------------------------------------------------
 Length   [L]        0.15000E+03  0.15000E+03
 W-volume [L]        0.58075E+01  0.58075E+01
 In-flow  [L/T]     -0.38147E-05 -0.38147E-05
 h Mean   [L]       -0.41233E+04 -0.41233E+04
 Top Flux [L/T]      0.99840E-31
 Bot Flux [L/T]      0.00000E+00
 WatBalT  [L]       -0.14042E+00
 WatBalR  [%]              0.393
----------------------------------------------------------

----------------------------------------------------------
 Time       [T]      319.0000
----------------------------------------------------------
 Sub-region num.                     1
----------------------------------------------------------
 Length   [L]        0.15000E+03  0.15000E+03
 W-volume [L]        0.58075E+01  0.58075E+01
 In-flow  [L/T]     -0.37849E-05 -0.37849E-05
 h Mean   [L]       -0.41233E+04 -0.41233E+04
 Top Flux [L/T]      0.99840E-31
 Bot Flux [L/T]      0.00000E+00
 WatBalT  [L]       -0.14042E+00
 WatBalR  [%]              0.393
----------------------------------------------------------

----------------------------------------------------------
 Time       [T]      320.0000
----------------------------------------------------------
 Sub-region num.                     1
----------------------------------------------------------
 Length   [L]        0.15000E+03  0.15000E+03
 W-volume [L]        0.58075E+01  0.58075E+01
 In-flow  [L/T]     -0.37849E-05 -0.37849E-05
 h Mean   [L]       -0.41233E+04 -0.41233E+04
 Top Flux [L/T]      0.99840E-31
 Bot Flux [L/T]      0.00000E+00
 WatBalT  [L]       -0.14042E+00
 WatBalR  [%]              0.393
----------------------------------------------------------

----------------------------------------------------------
 Time       [T]      321.0000
----------------------------------------------------------
 Sub-region num.                     1
----------------------------------------------------------
 Length   [L]        0.15000E+03  0.15000E+03
 W-volume [L]        0.58075E+01  0.58075E+01
 In-flow  [L/T]     -0.37849E-05 -0.37849E-05
 h Mean   [L]       -0.41233E+04 -0.41233E+04
 Top Flux [L/T]      0.99840E-31
 Bot Flux [L/T]      0.00000E+00
 WatBalT  [L]       -0.14042E+00
 WatBalR  [%]              0.393
----------------------------------------------------------

----------------------------------------------------------
 Time       [T]      322.0000
----------------------------------------------------------
 Sub-region num.                     1
----------------------------------------------------------
 Length   [L]        0.15000E+03  0.15000E+03
 W-volume [L]        0.58075E+01  0.58075E+01
 In-flow  [L/T]     -0.37849E-05 -0.37849E-05
 h Mean   [L]       -0.41233E+04 -0.41233E+04
 Top Flux [L/T]      0.99840E-31
 Bot Flux [L/T]      0.00000E+00
 WatBalT  [L]       -0.14042E+00
 WatBalR  [%]              0.393
----------------------------------------------------------

----------------------------------------------------------
 Time       [T]      323.0000
----------------------------------------------------------
 Sub-region num.                     1
----------------------------------------------------------
 Length   [L]        0.15000E+03  0.15000E+03
 W-volume [L]        0.58075E+01  0.58075E+01
 In-flow  [L/T]     -0.37849E-05 -0.37849E-05
 h Mean   [L]       -0.41233E+04 -0.41233E+04
 Top Flux [L/T]      0.99840E-31
 Bot Flux [L/T]      0.00000E+00
 WatBalT  [L]       -0.14042E+00
 WatBalR  [%]              0.393
----------------------------------------------------------

----------------------------------------------------------
 Time       [T]      324.0000
----------------------------------------------------------
 Sub-region num.                     1
----------------------------------------------------------
 Length   [L]        0.15000E+03  0.15000E+03
 W-volume [L]        0.58075E+01  0.58075E+01
 In-flow  [L/T]     -0.37849E-05 -0.37849E-05
 h Mean   [L]       -0.41233E+04 -0.41233E+04
 Top Flux [L/T]      0.99840E-31
 Bot Flux [L/T]      0.00000E+00
 WatBalT  [L]       -0.14042E+00
 WatBalR  [%]              0.393
----------------------------------------------------------

----------------------------------------------------------
 Time       [T]      325.0000
----------------------------------------------------------
 Sub-region num.                     1
----------------------------------------------------------
 Length   [L]        0.15000E+03  0.15000E+03
 W-volume [L]        0.58075E+01  0.58075E+01
 In-flow  [L/T]     -0.37849E-05 -0.37849E-05
 h Mean   [L]       -0.41233E+04 -0.41233E+04
 Top Flux [L/T]      0.99840E-31
 Bot Flux [L/T]      0.00000E+00
 WatBalT  [L]       -0.14042E+00
 WatBalR  [%]              0.393
----------------------------------------------------------

----------------------------------------------------------
 Time       [T]      326.0000
----------------------------------------------------------
 Sub-region num.                     1
----------------------------------------------------------
 Length   [L]        0.15000E+03  0.15000E+03
 W-volume [L]        0.58075E+01  0.58075E+01
 In-flow  [L/T]     -0.37551E-05 -0.37551E-05
 h Mean   [L]       -0.41233E+04 -0.41233E+04
 Top Flux [L/T]      0.99840E-31
 Bot Flux [L/T]      0.00000E+00
 WatBalT  [L]       -0.14042E+00
 WatBalR  [%]              0.393
----------------------------------------------------------

----------------------------------------------------------
 Time       [T]      327.0000
----------------------------------------------------------
 Sub-region num.                     1
----------------------------------------------------------
 Length   [L]        0.15000E+03  0.15000E+03
 W-volume [L]        0.58075E+01  0.58075E+01
 In-flow  [L/T]     -0.37551E-05 -0.37551E-05
 h Mean   [L]       -0.41233E+04 -0.41233E+04
 Top Flux [L/T]      0.99840E-31
 Bot Flux [L/T]      0.00000E+00
 WatBalT  [L]       -0.14042E+00
 WatBalR  [%]              0.393
----------------------------------------------------------

----------------------------------------------------------
 Time       [T]      328.0000
----------------------------------------------------------
 Sub-region num.                     1
----------------------------------------------------------
 Length   [L]        0.15000E+03  0.15000E+03
 W-volume [L]        0.58075E+01  0.58075E+01
 In-flow  [L/T]     -0.37551E-05 -0.37551E-05
 h Mean   [L]       -0.41233E+04 -0.41233E+04
 Top Flux [L/T]      0.99840E-31
 Bot Flux [L/T]      0.00000E+00
 WatBalT  [L]       -0.14042E+00
 WatBalR  [%]              0.393
----------------------------------------------------------

----------------------------------------------------------
 Time       [T]      329.0000
----------------------------------------------------------
 Sub-region num.                     1
----------------------------------------------------------
 Length   [L]        0.15000E+03  0.15000E+03
 W-volume [L]        0.58075E+01  0.58075E+01
 In-flow  [L/T]     -0.37551E-05 -0.37551E-05
 h Mean   [L]       -0.41233E+04 -0.41233E+04
 Top Flux [L/T]      0.99840E-31
 Bot Flux [L/T]      0.00000E+00
 WatBalT  [L]       -0.14042E+00
 WatBalR  [%]              0.393
----------------------------------------------------------

----------------------------------------------------------
 Time       [T]      330.0000
----------------------------------------------------------
 Sub-region num.                     1
----------------------------------------------------------
 Length   [L]        0.15000E+03  0.15000E+03
 W-volume [L]        0.58075E+01  0.58075E+01
 In-flow  [L/T]     -0.37551E-05 -0.37551E-05
 h Mean   [L]       -0.41233E+04 -0.41233E+04
 Top Flux [L/T]      0.99840E-31
 Bot Flux [L/T]      0.00000E+00
 WatBalT  [L]       -0.14042E+00
 WatBalR  [%]              0.393
----------------------------------------------------------

----------------------------------------------------------
 Time       [T]      331.0000
----------------------------------------------------------
 Sub-region num.                     1
----------------------------------------------------------
 Length   [L]        0.15000E+03  0.15000E+03
 W-volume [L]        0.58075E+01  0.58075E+01
 In-flow  [L/T]     -0.37551E-05 -0.37551E-05
 h Mean   [L]       -0.41233E+04 -0.41233E+04
 Top Flux [L/T]      0.99840E-31
 Bot Flux [L/T]      0.00000E+00
 WatBalT  [L]       -0.14042E+00
 WatBalR  [%]              0.393
----------------------------------------------------------

----------------------------------------------------------
 Time       [T]      332.0000
----------------------------------------------------------
 Sub-region num.                     1
----------------------------------------------------------
 Length   [L]        0.15000E+03  0.15000E+03
 W-volume [L]        0.58075E+01  0.58075E+01
 In-flow  [L/T]     -0.37253E-05 -0.37253E-05
 h Mean   [L]       -0.41233E+04 -0.41233E+04
 Top Flux [L/T]      0.99840E-31
 Bot Flux [L/T]      0.00000E+00
 WatBalT  [L]       -0.14042E+00
 WatBalR  [%]              0.393
----------------------------------------------------------

----------------------------------------------------------
 Time       [T]      333.0000
----------------------------------------------------------
 Sub-region num.                     1
----------------------------------------------------------
 Length   [L]        0.15000E+03  0.15000E+03
 W-volume [L]        0.58075E+01  0.58075E+01
 In-flow  [L/T]     -0.37253E-05 -0.37253E-05
 h Mean   [L]       -0.41233E+04 -0.41233E+04
 Top Flux [L/T]      0.99840E-31
 Bot Flux [L/T]      0.00000E+00
 WatBalT  [L]       -0.14042E+00
 WatBalR  [%]              0.393
----------------------------------------------------------

----------------------------------------------------------
 Time       [T]      334.0000
----------------------------------------------------------
 Sub-region num.                     1
----------------------------------------------------------
 Length   [L]        0.15000E+03  0.15000E+03
 W-volume [L]        0.58075E+01  0.58075E+01
 In-flow  [L/T]     -0.37253E-05 -0.37253E-05
 h Mean   [L]       -0.41233E+04 -0.41233E+04
 Top Flux [L/T]      0.99840E-31
 Bot Flux [L/T]      0.00000E+00
 WatBalT  [L]       -0.14042E+00
 WatBalR  [%]              0.393
----------------------------------------------------------

----------------------------------------------------------
 Time       [T]      335.0000
----------------------------------------------------------
 Sub-region num.                     1
----------------------------------------------------------
 Length   [L]        0.15000E+03  0.15000E+03
 W-volume [L]        0.58075E+01  0.58075E+01
 In-flow  [L/T]     -0.37253E-05 -0.37253E-05
 h Mean   [L]       -0.41233E+04 -0.41233E+04
 Top Flux [L/T]      0.99840E-31
 Bot Flux [L/T]      0.00000E+00
 WatBalT  [L]       -0.14042E+00
 WatBalR  [%]              0.393
----------------------------------------------------------

----------------------------------------------------------
 Time       [T]      336.0000
----------------------------------------------------------
 Sub-region num.                     1
----------------------------------------------------------
 Length   [L]        0.15000E+03  0.15000E+03
 W-volume [L]        0.58075E+01  0.58075E+01
 In-flow  [L/T]     -0.37253E-05 -0.37253E-05
 h Mean   [L]       -0.41233E+04 -0.41233E+04
 Top Flux [L/T]      0.99840E-31
 Bot Flux [L/T]      0.00000E+00
 WatBalT  [L]       -0.14042E+00
 WatBalR  [%]              0.393
----------------------------------------------------------

----------------------------------------------------------
 Time       [T]      337.0000
----------------------------------------------------------
 Sub-region num.                     1
----------------------------------------------------------
 Length   [L]        0.15000E+03  0.15000E+03
 W-volume [L]        0.58075E+01  0.58075E+01
 In-flow  [L/T]     -0.37253E-05 -0.37253E-05
 h Mean   [L]       -0.41233E+04 -0.41233E+04
 Top Flux [L/T]      0.99840E-31
 Bot Flux [L/T]      0.00000E+00
 WatBalT  [L]       -0.14042E+00
 WatBalR  [%]              0.393
----------------------------------------------------------

----------------------------------------------------------
 Time       [T]      338.0000
----------------------------------------------------------
 Sub-region num.                     1
----------------------------------------------------------
 Length   [L]        0.15000E+03  0.15000E+03
 W-volume [L]        0.58074E+01  0.58074E+01
 In-flow  [L/T]     -0.37253E-05 -0.37253E-05
 h Mean   [L]       -0.41233E+04 -0.41233E+04
 Top Flux [L/T]      0.99840E-31
 Bot Flux [L/T]      0.00000E+00
 WatBalT  [L]       -0.14041E+00
 WatBalR  [%]              0.393
----------------------------------------------------------

----------------------------------------------------------
 Time       [T]      339.0000
----------------------------------------------------------
 Sub-region num.                     1
----------------------------------------------------------
 Length   [L]        0.15000E+03  0.15000E+03
 W-volume [L]        0.58074E+01  0.58074E+01
 In-flow  [L/T]     -0.36955E-05 -0.36955E-05
 h Mean   [L]       -0.41233E+04 -0.41233E+04
 Top Flux [L/T]      0.99840E-31
 Bot Flux [L/T]      0.00000E+00
 WatBalT  [L]       -0.14041E+00
 WatBalR  [%]              0.393
----------------------------------------------------------

----------------------------------------------------------
 Time       [T]      340.0000
----------------------------------------------------------
 Sub-region num.                     1
----------------------------------------------------------
 Length   [L]        0.15000E+03  0.15000E+03
 W-volume [L]        0.58074E+01  0.58074E+01
 In-flow  [L/T]     -0.36955E-05 -0.36955E-05
 h Mean   [L]       -0.41233E+04 -0.41233E+04
 Top Flux [L/T]      0.99840E-31
 Bot Flux [L/T]      0.00000E+00
 WatBalT  [L]       -0.14041E+00
 WatBalR  [%]              0.393
----------------------------------------------------------

----------------------------------------------------------
 Time       [T]      341.0000
----------------------------------------------------------
 Sub-region num.                     1
----------------------------------------------------------
 Length   [L]        0.15000E+03  0.15000E+03
 W-volume [L]        0.58074E+01  0.58074E+01
 In-flow  [L/T]     -0.36955E-05 -0.36955E-05
 h Mean   [L]       -0.41233E+04 -0.41233E+04
 Top Flux [L/T]      0.99840E-31
 Bot Flux [L/T]      0.00000E+00
 WatBalT  [L]       -0.14041E+00
 WatBalR  [%]              0.393
----------------------------------------------------------

----------------------------------------------------------
 Time       [T]      342.0000
----------------------------------------------------------
 Sub-region num.                     1
----------------------------------------------------------
 Length   [L]        0.15000E+03  0.15000E+03
 W-volume [L]        0.58074E+01  0.58074E+01
 In-flow  [L/T]     -0.36955E-05 -0.36955E-05
 h Mean   [L]       -0.41233E+04 -0.41233E+04
 Top Flux [L/T]      0.99840E-31
 Bot Flux [L/T]      0.00000E+00
 WatBalT  [L]       -0.14041E+00
 WatBalR  [%]              0.393
----------------------------------------------------------

----------------------------------------------------------
 Time       [T]      343.0000
----------------------------------------------------------
 Sub-region num.                     1
----------------------------------------------------------
 Length   [L]        0.15000E+03  0.15000E+03
 W-volume [L]        0.58074E+01  0.58074E+01
 In-flow  [L/T]     -0.36955E-05 -0.36955E-05
 h Mean   [L]       -0.41233E+04 -0.41233E+04
 Top Flux [L/T]      0.99840E-31
 Bot Flux [L/T]      0.00000E+00
 WatBalT  [L]       -0.14041E+00
 WatBalR  [%]              0.393
----------------------------------------------------------

----------------------------------------------------------
 Time       [T]      344.0000
----------------------------------------------------------
 Sub-region num.                     1
----------------------------------------------------------
 Length   [L]        0.15000E+03  0.15000E+03
 W-volume [L]        0.58074E+01  0.58074E+01
 In-flow  [L/T]     -0.36955E-05 -0.36955E-05
 h Mean   [L]       -0.41233E+04 -0.41233E+04
 Top Flux [L/T]      0.99840E-31
 Bot Flux [L/T]      0.00000E+00
 WatBalT  [L]       -0.14041E+00
 WatBalR  [%]              0.393
----------------------------------------------------------

----------------------------------------------------------
 Time       [T]      345.0000
----------------------------------------------------------
 Sub-region num.                     1
----------------------------------------------------------
 Length   [L]        0.15000E+03  0.15000E+03
 W-volume [L]        0.58074E+01  0.58074E+01
 In-flow  [L/T]     -0.36955E-05 -0.36955E-05
 h Mean   [L]       -0.41233E+04 -0.41233E+04
 Top Flux [L/T]      0.99840E-31
 Bot Flux [L/T]      0.00000E+00
 WatBalT  [L]       -0.14041E+00
 WatBalR  [%]              0.393
----------------------------------------------------------

----------------------------------------------------------
 Time       [T]      346.0000
----------------------------------------------------------
 Sub-region num.                     1
----------------------------------------------------------
 Length   [L]        0.15000E+03  0.15000E+03
 W-volume [L]        0.58074E+01  0.58074E+01
 In-flow  [L/T]     -0.36657E-05 -0.36657E-05
 h Mean   [L]       -0.41233E+04 -0.41233E+04
 Top Flux [L/T]      0.99840E-31
 Bot Flux [L/T]      0.00000E+00
 WatBalT  [L]       -0.14041E+00
 WatBalR  [%]              0.393
----------------------------------------------------------

----------------------------------------------------------
 Time       [T]      347.0000
----------------------------------------------------------
 Sub-region num.                     1
----------------------------------------------------------
 Length   [L]        0.15000E+03  0.15000E+03
 W-volume [L]        0.58074E+01  0.58074E+01
 In-flow  [L/T]     -0.36657E-05 -0.36657E-05
 h Mean   [L]       -0.41233E+04 -0.41233E+04
 Top Flux [L/T]      0.99840E-31
 Bot Flux [L/T]      0.00000E+00
 WatBalT  [L]       -0.14041E+00
 WatBalR  [%]              0.393
----------------------------------------------------------

----------------------------------------------------------
 Time       [T]      348.0000
----------------------------------------------------------
 Sub-region num.                     1
----------------------------------------------------------
 Length   [L]        0.15000E+03  0.15000E+03
 W-volume [L]        0.58074E+01  0.58074E+01
 In-flow  [L/T]     -0.36657E-05 -0.36657E-05
 h Mean   [L]       -0.41233E+04 -0.41233E+04
 Top Flux [L/T]      0.99840E-31
 Bot Flux [L/T]      0.00000E+00
 WatBalT  [L]       -0.14041E+00
 WatBalR  [%]              0.393
----------------------------------------------------------

----------------------------------------------------------
 Time       [T]      349.0000
----------------------------------------------------------
 Sub-region num.                     1
----------------------------------------------------------
 Length   [L]        0.15000E+03  0.15000E+03
 W-volume [L]        0.58074E+01  0.58074E+01
 In-flow  [L/T]     -0.36657E-05 -0.36657E-05
 h Mean   [L]       -0.41233E+04 -0.41233E+04
 Top Flux [L/T]      0.99840E-31
 Bot Flux [L/T]      0.00000E+00
 WatBalT  [L]       -0.14041E+00
 WatBalR  [%]              0.393
----------------------------------------------------------

----------------------------------------------------------
 Time       [T]      350.0000
----------------------------------------------------------
 Sub-region num.                     1
----------------------------------------------------------
 Length   [L]        0.15000E+03  0.15000E+03
 W-volume [L]        0.58074E+01  0.58074E+01
 In-flow  [L/T]     -0.36657E-05 -0.36657E-05
 h Mean   [L]       -0.41233E+04 -0.41233E+04
 Top Flux [L/T]      0.99840E-31
 Bot Flux [L/T]      0.00000E+00
 WatBalT  [L]       -0.14041E+00
 WatBalR  [%]              0.393
----------------------------------------------------------

----------------------------------------------------------
 Time       [T]      351.0000
----------------------------------------------------------
 Sub-region num.                     1
----------------------------------------------------------
 Length   [L]        0.15000E+03  0.15000E+03
 W-volume [L]        0.58074E+01  0.58074E+01
 In-flow  [L/T]     -0.36657E-05 -0.36657E-05
 h Mean   [L]       -0.41233E+04 -0.41233E+04
 Top Flux [L/T]      0.99840E-31
 Bot Flux [L/T]      0.00000E+00
 WatBalT  [L]       -0.14041E+00
 WatBalR  [%]              0.393
----------------------------------------------------------

----------------------------------------------------------
 Time       [T]      352.0000
----------------------------------------------------------
 Sub-region num.                     1
----------------------------------------------------------
 Length   [L]        0.15000E+03  0.15000E+03
 W-volume [L]        0.58074E+01  0.58074E+01
 In-flow  [L/T]     -0.36359E-05 -0.36359E-05
 h Mean   [L]       -0.41233E+04 -0.41233E+04
 Top Flux [L/T]      0.99840E-31
 Bot Flux [L/T]      0.00000E+00
 WatBalT  [L]       -0.14041E+00
 WatBalR  [%]              0.393
----------------------------------------------------------

----------------------------------------------------------
 Time       [T]      353.0000
----------------------------------------------------------
 Sub-region num.                     1
----------------------------------------------------------
 Length   [L]        0.15000E+03  0.15000E+03
 W-volume [L]        0.58074E+01  0.58074E+01
 In-flow  [L/T]     -0.36359E-05 -0.36359E-05
 h Mean   [L]       -0.41233E+04 -0.41233E+04
 Top Flux [L/T]      0.99840E-31
 Bot Flux [L/T]      0.00000E+00
 WatBalT  [L]       -0.14041E+00
 WatBalR  [%]              0.393
----------------------------------------------------------

----------------------------------------------------------
 Time       [T]      354.0000
----------------------------------------------------------
 Sub-region num.                     1
----------------------------------------------------------
 Length   [L]        0.15000E+03  0.15000E+03
 W-volume [L]        0.58074E+01  0.58074E+01
 In-flow  [L/T]     -0.36359E-05 -0.36359E-05
 h Mean   [L]       -0.41233E+04 -0.41233E+04
 Top Flux [L/T]      0.99840E-31
 Bot Flux [L/T]      0.00000E+00
 WatBalT  [L]       -0.14041E+00
 WatBalR  [%]              0.393
----------------------------------------------------------

----------------------------------------------------------
 Time       [T]      355.0000
----------------------------------------------------------
 Sub-region num.                     1
----------------------------------------------------------
 Length   [L]        0.15000E+03  0.15000E+03
 W-volume [L]        0.58074E+01  0.58074E+01
 In-flow  [L/T]     -0.36359E-05 -0.36359E-05
 h Mean   [L]       -0.41233E+04 -0.41233E+04
 Top Flux [L/T]      0.99840E-31
 Bot Flux [L/T]      0.00000E+00
 WatBalT  [L]       -0.14041E+00
 WatBalR  [%]              0.393
----------------------------------------------------------

----------------------------------------------------------
 Time       [T]      356.0000
----------------------------------------------------------
 Sub-region num.                     1
----------------------------------------------------------
 Length   [L]        0.15000E+03  0.15000E+03
 W-volume [L]        0.58074E+01  0.58074E+01
 In-flow  [L/T]     -0.36359E-05 -0.36359E-05
 h Mean   [L]       -0.41233E+04 -0.41233E+04
 Top Flux [L/T]      0.99840E-31
 Bot Flux [L/T]      0.00000E+00
 WatBalT  [L]       -0.14041E+00
 WatBalR  [%]              0.393
----------------------------------------------------------

----------------------------------------------------------
 Time       [T]      357.0000
----------------------------------------------------------
 Sub-region num.                     1
----------------------------------------------------------
 Length   [L]        0.15000E+03  0.15000E+03
 W-volume [L]        0.58074E+01  0.58074E+01
 In-flow  [L/T]     -0.36359E-05 -0.36359E-05
 h Mean   [L]       -0.41233E+04 -0.41233E+04
 Top Flux [L/T]      0.99840E-31
 Bot Flux [L/T]      0.00000E+00
 WatBalT  [L]       -0.14041E+00
 WatBalR  [%]              0.393
----------------------------------------------------------

----------------------------------------------------------
 Time       [T]      358.0000
----------------------------------------------------------
 Sub-region num.                     1
----------------------------------------------------------
 Length   [L]        0.15000E+03  0.15000E+03
 W-volume [L]        0.58074E+01  0.58074E+01
 In-flow  [L/T]     -0.36359E-05 -0.36359E-05
 h Mean   [L]       -0.41233E+04 -0.41233E+04
 Top Flux [L/T]      0.99840E-31
 Bot Flux [L/T]      0.00000E+00
 WatBalT  [L]       -0.14041E+00
 WatBalR  [%]              0.393
----------------------------------------------------------

----------------------------------------------------------
 Time       [T]      359.0000
----------------------------------------------------------
 Sub-region num.                     1
----------------------------------------------------------
 Length   [L]        0.15000E+03  0.15000E+03
 W-volume [L]        0.58074E+01  0.58074E+01
 In-flow  [L/T]     -0.36061E-05 -0.36061E-05
 h Mean   [L]       -0.41233E+04 -0.41233E+04
 Top Flux [L/T]      0.99840E-31
 Bot Flux [L/T]      0.00000E+00
 WatBalT  [L]       -0.14041E+00
 WatBalR  [%]              0.393
----------------------------------------------------------

----------------------------------------------------------
 Time       [T]      360.0000
----------------------------------------------------------
 Sub-region num.                     1
----------------------------------------------------------
 Length   [L]        0.15000E+03  0.15000E+03
 W-volume [L]        0.58074E+01  0.58074E+01
 In-flow  [L/T]     -0.36061E-05 -0.36061E-05
 h Mean   [L]       -0.41233E+04 -0.41233E+04
 Top Flux [L/T]      0.99840E-31
 Bot Flux [L/T]      0.00000E+00
 WatBalT  [L]       -0.14041E+00
 WatBalR  [%]              0.393
----------------------------------------------------------

----------------------------------------------------------
 Time       [T]      361.0000
----------------------------------------------------------
 Sub-region num.                     1
----------------------------------------------------------
 Length   [L]        0.15000E+03  0.15000E+03
 W-volume [L]        0.58074E+01  0.58074E+01
 In-flow  [L/T]     -0.36061E-05 -0.36061E-05
 h Mean   [L]       -0.41233E+04 -0.41233E+04
 Top Flux [L/T]      0.99840E-31
 Bot Flux [L/T]      0.00000E+00
 WatBalT  [L]       -0.14041E+00
 WatBalR  [%]              0.393
----------------------------------------------------------

----------------------------------------------------------
 Time       [T]      362.0000
----------------------------------------------------------
 Sub-region num.                     1
----------------------------------------------------------
 Length   [L]        0.15000E+03  0.15000E+03
 W-volume [L]        0.58074E+01  0.58074E+01
 In-flow  [L/T]     -0.36061E-05 -0.36061E-05
 h Mean   [L]       -0.41233E+04 -0.41233E+04
 Top Flux [L/T]      0.99840E-31
 Bot Flux [L/T]      0.00000E+00
 WatBalT  [L]       -0.14041E+00
 WatBalR  [%]              0.393
----------------------------------------------------------

----------------------------------------------------------
 Time       [T]      363.0000
----------------------------------------------------------
 Sub-region num.                     1
----------------------------------------------------------
 Length   [L]        0.15000E+03  0.15000E+03
 W-volume [L]        0.58074E+01  0.58074E+01
 In-flow  [L/T]     -0.36061E-05 -0.36061E-05
 h Mean   [L]       -0.41233E+04 -0.41233E+04
 Top Flux [L/T]      0.99840E-31
 Bot Flux [L/T]      0.00000E+00
 WatBalT  [L]       -0.14041E+00
 WatBalR  [%]              0.393
----------------------------------------------------------

----------------------------------------------------------
 Time       [T]      364.0000
----------------------------------------------------------
 Sub-region num.                     1
----------------------------------------------------------
 Length   [L]        0.15000E+03  0.15000E+03
 W-volume [L]        0.58074E+01  0.58074E+01
 In-flow  [L/T]     -0.36061E-05 -0.36061E-05
 h Mean   [L]       -0.41233E+04 -0.41233E+04
 Top Flux [L/T]      0.99840E-31
 Bot Flux [L/T]      0.00000E+00
 WatBalT  [L]       -0.14041E+00
 WatBalR  [%]              0.393
----------------------------------------------------------

----------------------------------------------------------
 Time       [T]      365.0000
----------------------------------------------------------
 Sub-region num.                     1
----------------------------------------------------------
 Length   [L]        0.15000E+03  0.15000E+03
 W-volume [L]        0.58074E+01  0.58074E+01
 In-flow  [L/T]     -0.36061E-05 -0.36061E-05
 h Mean   [L]       -0.41233E+04 -0.41233E+04
 Top Flux [L/T]      0.99840E-31
 Bot Flux [L/T]      0.00000E+00
 WatBalT  [L]       -0.14041E+00
 WatBalR  [%]              0.393
----------------------------------------------------------

----------------------------------------------------------
 Time       [T]      366.0000
----------------------------------------------------------
 Sub-region num.                     1
----------------------------------------------------------
 Length   [L]        0.15000E+03  0.15000E+03
 W-volume [L]        0.58073E+01  0.58073E+01
 In-flow  [L/T]     -0.35763E-05 -0.35763E-05
 h Mean   [L]       -0.41233E+04 -0.41233E+04
 Top Flux [L/T]      0.99840E-31
 Bot Flux [L/T]      0.00000E+00
 WatBalT  [L]       -0.14041E+00
 WatBalR  [%]              0.393
----------------------------------------------------------

----------------------------------------------------------
 Time       [T]      367.0000
----------------------------------------------------------
 Sub-region num.                     1
----------------------------------------------------------
 Length   [L]        0.15000E+03  0.15000E+03
 W-volume [L]        0.58073E+01  0.58073E+01
 In-flow  [L/T]     -0.35763E-05 -0.35763E-05
 h Mean   [L]       -0.41233E+04 -0.41233E+04
 Top Flux [L/T]      0.99840E-31
 Bot Flux [L/T]      0.00000E+00
 WatBalT  [L]       -0.14041E+00
 WatBalR  [%]              0.393
----------------------------------------------------------

----------------------------------------------------------
 Time       [T]      368.0000
----------------------------------------------------------
 Sub-region num.                     1
----------------------------------------------------------
 Length   [L]        0.15000E+03  0.15000E+03
 W-volume [L]        0.58073E+01  0.58073E+01
 In-flow  [L/T]     -0.35763E-05 -0.35763E-05
 h Mean   [L]       -0.41233E+04 -0.41233E+04
 Top Flux [L/T]      0.99840E-31
 Bot Flux [L/T]      0.00000E+00
 WatBalT  [L]       -0.14041E+00
 WatBalR  [%]              0.393
----------------------------------------------------------

----------------------------------------------------------
 Time       [T]      369.0000
----------------------------------------------------------
 Sub-region num.                     1
----------------------------------------------------------
 Length   [L]        0.15000E+03  0.15000E+03
 W-volume [L]        0.58073E+01  0.58073E+01
 In-flow  [L/T]     -0.35763E-05 -0.35763E-05
 h Mean   [L]       -0.41233E+04 -0.41233E+04
 Top Flux [L/T]      0.99840E-31
 Bot Flux [L/T]      0.00000E+00
 WatBalT  [L]       -0.14041E+00
 WatBalR  [%]              0.393
----------------------------------------------------------

----------------------------------------------------------
 Time       [T]      370.0000
----------------------------------------------------------
 Sub-region num.                     1
----------------------------------------------------------
 Length   [L]        0.15000E+03  0.15000E+03
 W-volume [L]        0.58073E+01  0.58073E+01
 In-flow  [L/T]     -0.35763E-05 -0.35763E-05
 h Mean   [L]       -0.41233E+04 -0.41233E+04
 Top Flux [L/T]      0.99840E-31
 Bot Flux [L/T]      0.00000E+00
 WatBalT  [L]       -0.14041E+00
 WatBalR  [%]              0.393
----------------------------------------------------------

----------------------------------------------------------
 Time       [T]      371.0000
----------------------------------------------------------
 Sub-region num.                     1
----------------------------------------------------------
 Length   [L]        0.15000E+03  0.15000E+03
 W-volume [L]        0.58073E+01  0.58073E+01
 In-flow  [L/T]     -0.35763E-05 -0.35763E-05
 h Mean   [L]       -0.41233E+04 -0.41233E+04
 Top Flux [L/T]      0.99840E-31
 Bot Flux [L/T]      0.00000E+00
 WatBalT  [L]       -0.14041E+00
 WatBalR  [%]              0.393
----------------------------------------------------------

----------------------------------------------------------
 Time       [T]      372.0000
----------------------------------------------------------
 Sub-region num.                     1
----------------------------------------------------------
 Length   [L]        0.15000E+03  0.15000E+03
 W-volume [L]        0.58073E+01  0.58073E+01
 In-flow  [L/T]     -0.35763E-05 -0.35763E-05
 h Mean   [L]       -0.41233E+04 -0.41233E+04
 Top Flux [L/T]      0.99840E-31
 Bot Flux [L/T]      0.00000E+00
 WatBalT  [L]       -0.14041E+00
 WatBalR  [%]              0.393
----------------------------------------------------------

----------------------------------------------------------
 Time       [T]      373.0000
----------------------------------------------------------
 Sub-region num.                     1
----------------------------------------------------------
 Length   [L]        0.15000E+03  0.15000E+03
 W-volume [L]        0.58073E+01  0.58073E+01
 In-flow  [L/T]     -0.35465E-05 -0.35465E-05
 h Mean   [L]       -0.41233E+04 -0.41233E+04
 Top Flux [L/T]      0.99840E-31
 Bot Flux [L/T]      0.00000E+00
 WatBalT  [L]       -0.14041E+00
 WatBalR  [%]              0.393
----------------------------------------------------------

----------------------------------------------------------
 Time       [T]      374.0000
----------------------------------------------------------
 Sub-region num.                     1
----------------------------------------------------------
 Length   [L]        0.15000E+03  0.15000E+03
 W-volume [L]        0.58073E+01  0.58073E+01
 In-flow  [L/T]     -0.35465E-05 -0.35465E-05
 h Mean   [L]       -0.41233E+04 -0.41233E+04
 Top Flux [L/T]      0.99840E-31
 Bot Flux [L/T]      0.00000E+00
 WatBalT  [L]       -0.14041E+00
 WatBalR  [%]              0.393
----------------------------------------------------------

----------------------------------------------------------
 Time       [T]      375.0000
----------------------------------------------------------
 Sub-region num.                     1
----------------------------------------------------------
 Length   [L]        0.15000E+03  0.15000E+03
 W-volume [L]        0.58073E+01  0.58073E+01
 In-flow  [L/T]     -0.35465E-05 -0.35465E-05
 h Mean   [L]       -0.41233E+04 -0.41233E+04
 Top Flux [L/T]      0.99840E-31
 Bot Flux [L/T]      0.00000E+00
 WatBalT  [L]       -0.14041E+00
 WatBalR  [%]              0.393
----------------------------------------------------------

----------------------------------------------------------
 Time       [T]      376.0000
----------------------------------------------------------
 Sub-region num.                     1
----------------------------------------------------------
 Length   [L]        0.15000E+03  0.15000E+03
 W-volume [L]        0.58073E+01  0.58073E+01
 In-flow  [L/T]     -0.35465E-05 -0.35465E-05
 h Mean   [L]       -0.41233E+04 -0.41233E+04
 Top Flux [L/T]      0.99840E-31
 Bot Flux [L/T]      0.00000E+00
 WatBalT  [L]       -0.14041E+00
 WatBalR  [%]              0.393
----------------------------------------------------------

----------------------------------------------------------
 Time       [T]      377.0000
----------------------------------------------------------
 Sub-region num.                     1
----------------------------------------------------------
 Length   [L]        0.15000E+03  0.15000E+03
 W-volume [L]        0.58073E+01  0.58073E+01
 In-flow  [L/T]     -0.35465E-05 -0.35465E-05
 h Mean   [L]       -0.41233E+04 -0.41233E+04
 Top Flux [L/T]      0.99840E-31
 Bot Flux [L/T]      0.00000E+00
 WatBalT  [L]       -0.14041E+00
 WatBalR  [%]              0.393
----------------------------------------------------------

----------------------------------------------------------
 Time       [T]      378.0000
----------------------------------------------------------
 Sub-region num.                     1
----------------------------------------------------------
 Length   [L]        0.15000E+03  0.15000E+03
 W-volume [L]        0.58073E+01  0.58073E+01
 In-flow  [L/T]     -0.35465E-05 -0.35465E-05
 h Mean   [L]       -0.41233E+04 -0.41233E+04
 Top Flux [L/T]      0.99840E-31
 Bot Flux [L/T]      0.00000E+00
 WatBalT  [L]       -0.14041E+00
 WatBalR  [%]              0.393
----------------------------------------------------------

----------------------------------------------------------
 Time       [T]      379.0000
----------------------------------------------------------
 Sub-region num.                     1
----------------------------------------------------------
 Length   [L]        0.15000E+03  0.15000E+03
 W-volume [L]        0.58073E+01  0.58073E+01
 In-flow  [L/T]     -0.35465E-05 -0.35465E-05
 h Mean   [L]       -0.41233E+04 -0.41233E+04
 Top Flux [L/T]      0.99840E-31
 Bot Flux [L/T]      0.00000E+00
 WatBalT  [L]       -0.14041E+00
 WatBalR  [%]              0.393
----------------------------------------------------------

----------------------------------------------------------
 Time       [T]      380.0000
----------------------------------------------------------
 Sub-region num.                     1
----------------------------------------------------------
 Length   [L]        0.15000E+03  0.15000E+03
 W-volume [L]        0.58073E+01  0.58073E+01
 In-flow  [L/T]     -0.35167E-05 -0.35167E-05
 h Mean   [L]       -0.41233E+04 -0.41233E+04
 Top Flux [L/T]      0.99840E-31
 Bot Flux [L/T]      0.00000E+00
 WatBalT  [L]       -0.14041E+00
 WatBalR  [%]              0.393
----------------------------------------------------------

----------------------------------------------------------
 Time       [T]      381.0000
----------------------------------------------------------
 Sub-region num.                     1
----------------------------------------------------------
 Length   [L]        0.15000E+03  0.15000E+03
 W-volume [L]        0.58073E+01  0.58073E+01
 In-flow  [L/T]     -0.35167E-05 -0.35167E-05
 h Mean   [L]       -0.41233E+04 -0.41233E+04
 Top Flux [L/T]      0.99840E-31
 Bot Flux [L/T]      0.00000E+00
 WatBalT  [L]       -0.14041E+00
 WatBalR  [%]              0.393
----------------------------------------------------------

----------------------------------------------------------
 Time       [T]      382.0000
----------------------------------------------------------
 Sub-region num.                     1
----------------------------------------------------------
 Length   [L]        0.15000E+03  0.15000E+03
 W-volume [L]        0.58073E+01  0.58073E+01
 In-flow  [L/T]     -0.35167E-05 -0.35167E-05
 h Mean   [L]       -0.41233E+04 -0.41233E+04
 Top Flux [L/T]      0.99840E-31
 Bot Flux [L/T]      0.00000E+00
 WatBalT  [L]       -0.14041E+00
 WatBalR  [%]              0.393
----------------------------------------------------------

----------------------------------------------------------
 Time       [T]      383.0000
----------------------------------------------------------
 Sub-region num.                     1
----------------------------------------------------------
 Length   [L]        0.15000E+03  0.15000E+03
 W-volume [L]        0.58073E+01  0.58073E+01
 In-flow  [L/T]     -0.35167E-05 -0.35167E-05
 h Mean   [L]       -0.41233E+04 -0.41233E+04
 Top Flux [L/T]      0.99840E-31
 Bot Flux [L/T]      0.00000E+00
 WatBalT  [L]       -0.14040E+00
 WatBalR  [%]              0.393
----------------------------------------------------------

----------------------------------------------------------
 Time       [T]      384.0000
----------------------------------------------------------
 Sub-region num.                     1
----------------------------------------------------------
 Length   [L]        0.15000E+03  0.15000E+03
 W-volume [L]        0.58073E+01  0.58073E+01
 In-flow  [L/T]     -0.35167E-05 -0.35167E-05
 h Mean   [L]       -0.41233E+04 -0.41233E+04
 Top Flux [L/T]      0.99840E-31
 Bot Flux [L/T]      0.00000E+00
 WatBalT  [L]       -0.14040E+00
 WatBalR  [%]              0.393
----------------------------------------------------------

----------------------------------------------------------
 Time       [T]      385.0000
----------------------------------------------------------
 Sub-region num.                     1
----------------------------------------------------------
 Length   [L]        0.15000E+03  0.15000E+03
 W-volume [L]        0.58073E+01  0.58073E+01
 In-flow  [L/T]     -0.35167E-05 -0.35167E-05
 h Mean   [L]       -0.41233E+04 -0.41233E+04
 Top Flux [L/T]      0.99840E-31
 Bot Flux [L/T]      0.00000E+00
 WatBalT  [L]       -0.14040E+00
 WatBalR  [%]              0.393
----------------------------------------------------------

----------------------------------------------------------
 Time       [T]      386.0000
----------------------------------------------------------
 Sub-region num.                     1
----------------------------------------------------------
 Length   [L]        0.15000E+03  0.15000E+03
 W-volume [L]        0.58073E+01  0.58073E+01
 In-flow  [L/T]     -0.35167E-05 -0.35167E-05
 h Mean   [L]       -0.41233E+04 -0.41233E+04
 Top Flux [L/T]      0.99840E-31
 Bot Flux [L/T]      0.00000E+00
 WatBalT  [L]       -0.14040E+00
 WatBalR  [%]              0.393
----------------------------------------------------------

----------------------------------------------------------
 Time       [T]      387.0000
----------------------------------------------------------
 Sub-region num.                     1
----------------------------------------------------------
 Length   [L]        0.15000E+03  0.15000E+03
 W-volume [L]        0.58073E+01  0.58073E+01
 In-flow  [L/T]     -0.34869E-05 -0.34869E-05
 h Mean   [L]       -0.41233E+04 -0.41233E+04
 Top Flux [L/T]      0.99840E-31
 Bot Flux [L/T]      0.00000E+00
 WatBalT  [L]       -0.14040E+00
 WatBalR  [%]              0.393
----------------------------------------------------------

----------------------------------------------------------
 Time       [T]      388.0000
----------------------------------------------------------
 Sub-region num.                     1
----------------------------------------------------------
 Length   [L]        0.15000E+03  0.15000E+03
 W-volume [L]        0.58073E+01  0.58073E+01
 In-flow  [L/T]     -0.34869E-05 -0.34869E-05
 h Mean   [L]       -0.41233E+04 -0.41233E+04
 Top Flux [L/T]      0.99840E-31
 Bot Flux [L/T]      0.00000E+00
 WatBalT  [L]       -0.14040E+00
 WatBalR  [%]              0.393
----------------------------------------------------------

----------------------------------------------------------
 Time       [T]      389.0000
----------------------------------------------------------
 Sub-region num.                     1
----------------------------------------------------------
 Length   [L]        0.15000E+03  0.15000E+03
 W-volume [L]        0.58073E+01  0.58073E+01
 In-flow  [L/T]     -0.34869E-05 -0.34869E-05
 h Mean   [L]       -0.41233E+04 -0.41233E+04
 Top Flux [L/T]      0.99840E-31
 Bot Flux [L/T]      0.00000E+00
 WatBalT  [L]       -0.14040E+00
 WatBalR  [%]              0.393
----------------------------------------------------------

----------------------------------------------------------
 Time       [T]      390.0000
----------------------------------------------------------
 Sub-region num.                     1
----------------------------------------------------------
 Length   [L]        0.15000E+03  0.15000E+03
 W-volume [L]        0.58073E+01  0.58073E+01
 In-flow  [L/T]     -0.34869E-05 -0.34869E-05
 h Mean   [L]       -0.41233E+04 -0.41233E+04
 Top Flux [L/T]      0.99840E-31
 Bot Flux [L/T]      0.00000E+00
 WatBalT  [L]       -0.14040E+00
 WatBalR  [%]              0.393
----------------------------------------------------------

----------------------------------------------------------
 Time       [T]      391.0000
----------------------------------------------------------
 Sub-region num.                     1
----------------------------------------------------------
 Length   [L]        0.15000E+03  0.15000E+03
 W-volume [L]        0.58073E+01  0.58073E+01
 In-flow  [L/T]     -0.34869E-05 -0.34869E-05
 h Mean   [L]       -0.41233E+04 -0.41233E+04
 Top Flux [L/T]      0.99840E-31
 Bot Flux [L/T]      0.00000E+00
 WatBalT  [L]       -0.14040E+00
 WatBalR  [%]              0.393
----------------------------------------------------------

----------------------------------------------------------
 Time       [T]      392.0000
----------------------------------------------------------
 Sub-region num.                     1
----------------------------------------------------------
 Length   [L]        0.15000E+03  0.15000E+03
 W-volume [L]        0.58073E+01  0.58073E+01
 In-flow  [L/T]     -0.34869E-05 -0.34869E-05
 h Mean   [L]       -0.41233E+04 -0.41233E+04
 Top Flux [L/T]      0.99840E-31
 Bot Flux [L/T]      0.00000E+00
 WatBalT  [L]       -0.14040E+00
 WatBalR  [%]              0.393
----------------------------------------------------------

----------------------------------------------------------
 Time       [T]      393.0000
----------------------------------------------------------
 Sub-region num.                     1
----------------------------------------------------------
 Length   [L]        0.15000E+03  0.15000E+03
 W-volume [L]        0.58073E+01  0.58073E+01
 In-flow  [L/T]     -0.34869E-05 -0.34869E-05
 h Mean   [L]       -0.41233E+04 -0.41233E+04
 Top Flux [L/T]      0.99840E-31
 Bot Flux [L/T]      0.00000E+00
 WatBalT  [L]       -0.14040E+00
 WatBalR  [%]              0.393
----------------------------------------------------------

----------------------------------------------------------
 Time       [T]      394.0000
----------------------------------------------------------
 Sub-region num.                     1
----------------------------------------------------------
 Length   [L]        0.15000E+03  0.15000E+03
 W-volume [L]        0.58072E+01  0.58072E+01
 In-flow  [L/T]     -0.34571E-05 -0.34571E-05
 h Mean   [L]       -0.41233E+04 -0.41233E+04
 Top Flux [L/T]      0.99840E-31
 Bot Flux [L/T]      0.00000E+00
 WatBalT  [L]       -0.14040E+00
 WatBalR  [%]              0.393
----------------------------------------------------------

----------------------------------------------------------
 Time       [T]      395.0000
----------------------------------------------------------
 Sub-region num.                     1
----------------------------------------------------------
 Length   [L]        0.15000E+03  0.15000E+03
 W-volume [L]        0.58072E+01  0.58072E+01
 In-flow  [L/T]     -0.34571E-05 -0.34571E-05
 h Mean   [L]       -0.41233E+04 -0.41233E+04
 Top Flux [L/T]      0.99840E-31
 Bot Flux [L/T]      0.00000E+00
 WatBalT  [L]       -0.14040E+00
 WatBalR  [%]              0.393
----------------------------------------------------------

----------------------------------------------------------
 Time       [T]      396.0000
----------------------------------------------------------
 Sub-region num.                     1
----------------------------------------------------------
 Length   [L]        0.15000E+03  0.15000E+03
 W-volume [L]        0.58072E+01  0.58072E+01
 In-flow  [L/T]     -0.34571E-05 -0.34571E-05
 h Mean   [L]       -0.41233E+04 -0.41233E+04
 Top Flux [L/T]      0.99840E-31
 Bot Flux [L/T]      0.00000E+00
 WatBalT  [L]       -0.14040E+00
 WatBalR  [%]              0.393
----------------------------------------------------------

----------------------------------------------------------
 Time       [T]      397.0000
----------------------------------------------------------
 Sub-region num.                     1
----------------------------------------------------------
 Length   [L]        0.15000E+03  0.15000E+03
 W-volume [L]        0.58072E+01  0.58072E+01
 In-flow  [L/T]     -0.34571E-05 -0.34571E-05
 h Mean   [L]       -0.41233E+04 -0.41233E+04
 Top Flux [L/T]      0.99840E-31
 Bot Flux [L/T]      0.00000E+00
 WatBalT  [L]       -0.14040E+00
 WatBalR  [%]              0.393
----------------------------------------------------------

----------------------------------------------------------
 Time       [T]      398.0000
----------------------------------------------------------
 Sub-region num.                     1
----------------------------------------------------------
 Length   [L]        0.15000E+03  0.15000E+03
 W-volume [L]        0.58072E+01  0.58072E+01
 In-flow  [L/T]     -0.34571E-05 -0.34571E-05
 h Mean   [L]       -0.41233E+04 -0.41233E+04
 Top Flux [L/T]      0.99840E-31
 Bot Flux [L/T]      0.00000E+00
 WatBalT  [L]       -0.14040E+00
 WatBalR  [%]              0.393
----------------------------------------------------------

----------------------------------------------------------
 Time       [T]      399.0000
----------------------------------------------------------
 Sub-region num.                     1
----------------------------------------------------------
 Length   [L]        0.15000E+03  0.15000E+03
 W-volume [L]        0.58072E+01  0.58072E+01
 In-flow  [L/T]     -0.34571E-05 -0.34571E-05
 h Mean   [L]       -0.41233E+04 -0.41233E+04
 Top Flux [L/T]      0.99840E-31
 Bot Flux [L/T]      0.00000E+00
 WatBalT  [L]       -0.14040E+00
 WatBalR  [%]              0.393
----------------------------------------------------------

----------------------------------------------------------
 Time       [T]      400.0000
----------------------------------------------------------
 Sub-region num.                     1
----------------------------------------------------------
 Length   [L]        0.15000E+03  0.15000E+03
 W-volume [L]        0.58072E+01  0.58072E+01
 In-flow  [L/T]     -0.34571E-05 -0.34571E-05
 h Mean   [L]       -0.41233E+04 -0.41233E+04
 Top Flux [L/T]      0.99840E-31
 Bot Flux [L/T]      0.00000E+00
 WatBalT  [L]       -0.14040E+00
 WatBalR  [%]              0.393
----------------------------------------------------------

----------------------------------------------------------
 Time       [T]      401.0000
----------------------------------------------------------
 Sub-region num.                     1
----------------------------------------------------------
 Length   [L]        0.15000E+03  0.15000E+03
 W-volume [L]        0.58072E+01  0.58072E+01
 In-flow  [L/T]     -0.34273E-05 -0.34273E-05
 h Mean   [L]       -0.41233E+04 -0.41233E+04
 Top Flux [L/T]      0.99840E-31
 Bot Flux [L/T]      0.00000E+00
 WatBalT  [L]       -0.14040E+00
 WatBalR  [%]              0.393
----------------------------------------------------------

----------------------------------------------------------
 Time       [T]      402.0000
----------------------------------------------------------
 Sub-region num.                     1
----------------------------------------------------------
 Length   [L]        0.15000E+03  0.15000E+03
 W-volume [L]        0.58072E+01  0.58072E+01
 In-flow  [L/T]     -0.34273E-05 -0.34273E-05
 h Mean   [L]       -0.41233E+04 -0.41233E+04
 Top Flux [L/T]      0.99840E-31
 Bot Flux [L/T]      0.00000E+00
 WatBalT  [L]       -0.14040E+00
 WatBalR  [%]              0.393
----------------------------------------------------------

----------------------------------------------------------
 Time       [T]      403.0000
----------------------------------------------------------
 Sub-region num.                     1
----------------------------------------------------------
 Length   [L]        0.15000E+03  0.15000E+03
 W-volume [L]        0.58072E+01  0.58072E+01
 In-flow  [L/T]     -0.34273E-05 -0.34273E-05
 h Mean   [L]       -0.41233E+04 -0.41233E+04
 Top Flux [L/T]      0.99840E-31
 Bot Flux [L/T]      0.00000E+00
 WatBalT  [L]       -0.14040E+00
 WatBalR  [%]              0.393
----------------------------------------------------------

----------------------------------------------------------
 Time       [T]      404.0000
----------------------------------------------------------
 Sub-region num.                     1
----------------------------------------------------------
 Length   [L]        0.15000E+03  0.15000E+03
 W-volume [L]        0.58072E+01  0.58072E+01
 In-flow  [L/T]     -0.34273E-05 -0.34273E-05
 h Mean   [L]       -0.41233E+04 -0.41233E+04
 Top Flux [L/T]      0.99840E-31
 Bot Flux [L/T]      0.00000E+00
 WatBalT  [L]       -0.14040E+00
 WatBalR  [%]              0.393
----------------------------------------------------------

----------------------------------------------------------
 Time       [T]      405.0000
----------------------------------------------------------
 Sub-region num.                     1
----------------------------------------------------------
 Length   [L]        0.15000E+03  0.15000E+03
 W-volume [L]        0.58072E+01  0.58072E+01
 In-flow  [L/T]     -0.34273E-05 -0.34273E-05
 h Mean   [L]       -0.41233E+04 -0.41233E+04
 Top Flux [L/T]      0.99840E-31
 Bot Flux [L/T]      0.00000E+00
 WatBalT  [L]       -0.14040E+00
 WatBalR  [%]              0.393
----------------------------------------------------------

----------------------------------------------------------
 Time       [T]      406.0000
----------------------------------------------------------
 Sub-region num.                     1
----------------------------------------------------------
 Length   [L]        0.15000E+03  0.15000E+03
 W-volume [L]        0.58072E+01  0.58072E+01
 In-flow  [L/T]     -0.34273E-05 -0.34273E-05
 h Mean   [L]       -0.41233E+04 -0.41233E+04
 Top Flux [L/T]      0.99840E-31
 Bot Flux [L/T]      0.00000E+00
 WatBalT  [L]       -0.14040E+00
 WatBalR  [%]              0.393
----------------------------------------------------------

----------------------------------------------------------
 Time       [T]      407.0000
----------------------------------------------------------
 Sub-region num.                     1
----------------------------------------------------------
 Length   [L]        0.15000E+03  0.15000E+03
 W-volume [L]        0.58072E+01  0.58072E+01
 In-flow  [L/T]     -0.34273E-05 -0.34273E-05
 h Mean   [L]       -0.41233E+04 -0.41233E+04
 Top Flux [L/T]      0.99840E-31
 Bot Flux [L/T]      0.00000E+00
 WatBalT  [L]       -0.14040E+00
 WatBalR  [%]              0.393
----------------------------------------------------------

----------------------------------------------------------
 Time       [T]      408.0000
----------------------------------------------------------
 Sub-region num.                     1
----------------------------------------------------------
 Length   [L]        0.15000E+03  0.15000E+03
 W-volume [L]        0.58072E+01  0.58072E+01
 In-flow  [L/T]     -0.33975E-05 -0.33975E-05
 h Mean   [L]       -0.41233E+04 -0.41233E+04
 Top Flux [L/T]      0.99840E-31
 Bot Flux [L/T]      0.00000E+00
 WatBalT  [L]       -0.14040E+00
 WatBalR  [%]              0.393
----------------------------------------------------------

----------------------------------------------------------
 Time       [T]      409.0000
----------------------------------------------------------
 Sub-region num.                     1
----------------------------------------------------------
 Length   [L]        0.15000E+03  0.15000E+03
 W-volume [L]        0.58072E+01  0.58072E+01
 In-flow  [L/T]     -0.33975E-05 -0.33975E-05
 h Mean   [L]       -0.41233E+04 -0.41233E+04
 Top Flux [L/T]      0.99840E-31
 Bot Flux [L/T]      0.00000E+00
 WatBalT  [L]       -0.14040E+00
 WatBalR  [%]              0.393
----------------------------------------------------------

----------------------------------------------------------
 Time       [T]      410.0000
----------------------------------------------------------
 Sub-region num.                     1
----------------------------------------------------------
 Length   [L]        0.15000E+03  0.15000E+03
 W-volume [L]        0.58072E+01  0.58072E+01
 In-flow  [L/T]     -0.33975E-05 -0.33975E-05
 h Mean   [L]       -0.41233E+04 -0.41233E+04
 Top Flux [L/T]      0.99840E-31
 Bot Flux [L/T]      0.00000E+00
 WatBalT  [L]       -0.14040E+00
 WatBalR  [%]              0.393
----------------------------------------------------------

----------------------------------------------------------
 Time       [T]      411.0000
----------------------------------------------------------
 Sub-region num.                     1
----------------------------------------------------------
 Length   [L]        0.15000E+03  0.15000E+03
 W-volume [L]        0.58072E+01  0.58072E+01
 In-flow  [L/T]     -0.33975E-05 -0.33975E-05
 h Mean   [L]       -0.41233E+04 -0.41233E+04
 Top Flux [L/T]      0.99840E-31
 Bot Flux [L/T]      0.00000E+00
 WatBalT  [L]       -0.14039E+00
 WatBalR  [%]              0.393
----------------------------------------------------------

----------------------------------------------------------
 Time       [T]      412.0000
----------------------------------------------------------
 Sub-region num.                     1
----------------------------------------------------------
 Length   [L]        0.15000E+03  0.15000E+03
 W-volume [L]        0.58072E+01  0.58072E+01
 In-flow  [L/T]     -0.33975E-05 -0.33975E-05
 h Mean   [L]       -0.41233E+04 -0.41233E+04
 Top Flux [L/T]      0.99840E-31
 Bot Flux [L/T]      0.00000E+00
 WatBalT  [L]       -0.14039E+00
 WatBalR  [%]              0.393
----------------------------------------------------------

----------------------------------------------------------
 Time       [T]      413.0000
----------------------------------------------------------
 Sub-region num.                     1
----------------------------------------------------------
 Length   [L]        0.15000E+03  0.15000E+03
 W-volume [L]        0.58072E+01  0.58072E+01
 In-flow  [L/T]     -0.33975E-05 -0.33975E-05
 h Mean   [L]       -0.41233E+04 -0.41233E+04
 Top Flux [L/T]      0.99840E-31
 Bot Flux [L/T]      0.00000E+00
 WatBalT  [L]       -0.14039E+00
 WatBalR  [%]              0.393
----------------------------------------------------------

----------------------------------------------------------
 Time       [T]      414.0000
----------------------------------------------------------
 Sub-region num.                     1
----------------------------------------------------------
 Length   [L]        0.15000E+03  0.15000E+03
 W-volume [L]        0.58072E+01  0.58072E+01
 In-flow  [L/T]     -0.33975E-05 -0.33975E-05
 h Mean   [L]       -0.41233E+04 -0.41233E+04
 Top Flux [L/T]      0.99840E-31
 Bot Flux [L/T]      0.00000E+00
 WatBalT  [L]       -0.14039E+00
 WatBalR  [%]              0.393
----------------------------------------------------------

----------------------------------------------------------
 Time       [T]      415.0000
----------------------------------------------------------
 Sub-region num.                     1
----------------------------------------------------------
 Length   [L]        0.15000E+03  0.15000E+03
 W-volume [L]        0.58072E+01  0.58072E+01
 In-flow  [L/T]     -0.33677E-05 -0.33677E-05
 h Mean   [L]       -0.41233E+04 -0.41233E+04
 Top Flux [L/T]      0.99840E-31
 Bot Flux [L/T]      0.00000E+00
 WatBalT  [L]       -0.14039E+00
 WatBalR  [%]              0.393
----------------------------------------------------------

----------------------------------------------------------
 Time       [T]      416.0000
----------------------------------------------------------
 Sub-region num.                     1
----------------------------------------------------------
 Length   [L]        0.15000E+03  0.15000E+03
 W-volume [L]        0.58072E+01  0.58072E+01
 In-flow  [L/T]     -0.33677E-05 -0.33677E-05
 h Mean   [L]       -0.41233E+04 -0.41233E+04
 Top Flux [L/T]      0.99840E-31
 Bot Flux [L/T]      0.00000E+00
 WatBalT  [L]       -0.14039E+00
 WatBalR  [%]              0.393
----------------------------------------------------------

----------------------------------------------------------
 Time       [T]      417.0000
----------------------------------------------------------
 Sub-region num.                     1
----------------------------------------------------------
 Length   [L]        0.15000E+03  0.15000E+03
 W-volume [L]        0.58072E+01  0.58072E+01
 In-flow  [L/T]     -0.33677E-05 -0.33677E-05
 h Mean   [L]       -0.41233E+04 -0.41233E+04
 Top Flux [L/T]      0.99840E-31
 Bot Flux [L/T]      0.00000E+00
 WatBalT  [L]       -0.14039E+00
 WatBalR  [%]              0.393
----------------------------------------------------------

----------------------------------------------------------
 Time       [T]      418.0000
----------------------------------------------------------
 Sub-region num.                     1
----------------------------------------------------------
 Length   [L]        0.15000E+03  0.15000E+03
 W-volume [L]        0.58072E+01  0.58072E+01
 In-flow  [L/T]     -0.33677E-05 -0.33677E-05
 h Mean   [L]       -0.41233E+04 -0.41233E+04
 Top Flux [L/T]      0.99840E-31
 Bot Flux [L/T]      0.00000E+00
 WatBalT  [L]       -0.14039E+00
 WatBalR  [%]              0.393
----------------------------------------------------------

----------------------------------------------------------
 Time       [T]      419.0000
----------------------------------------------------------
 Sub-region num.                     1
----------------------------------------------------------
 Length   [L]        0.15000E+03  0.15000E+03
 W-volume [L]        0.58072E+01  0.58072E+01
 In-flow  [L/T]     -0.33677E-05 -0.33677E-05
 h Mean   [L]       -0.41233E+04 -0.41233E+04
 Top Flux [L/T]      0.99840E-31
 Bot Flux [L/T]      0.00000E+00
 WatBalT  [L]       -0.14039E+00
 WatBalR  [%]              0.393
----------------------------------------------------------

----------------------------------------------------------
 Time       [T]      420.0000
----------------------------------------------------------
 Sub-region num.                     1
----------------------------------------------------------
 Length   [L]        0.15000E+03  0.15000E+03
 W-volume [L]        0.58072E+01  0.58072E+01
 In-flow  [L/T]     -0.33677E-05 -0.33677E-05
 h Mean   [L]       -0.41233E+04 -0.41233E+04
 Top Flux [L/T]      0.99840E-31
 Bot Flux [L/T]      0.00000E+00
 WatBalT  [L]       -0.14039E+00
 WatBalR  [%]              0.393
----------------------------------------------------------

----------------------------------------------------------
 Time       [T]      421.0000
----------------------------------------------------------
 Sub-region num.                     1
----------------------------------------------------------
 Length   [L]        0.15000E+03  0.15000E+03
 W-volume [L]        0.58072E+01  0.58072E+01
 In-flow  [L/T]     -0.33677E-05 -0.33677E-05
 h Mean   [L]       -0.41233E+04 -0.41233E+04
 Top Flux [L/T]      0.99840E-31
 Bot Flux [L/T]      0.00000E+00
 WatBalT  [L]       -0.14039E+00
 WatBalR  [%]              0.393
----------------------------------------------------------

----------------------------------------------------------
 Time       [T]      422.0000
----------------------------------------------------------
 Sub-region num.                     1
----------------------------------------------------------
 Length   [L]        0.15000E+03  0.15000E+03
 W-volume [L]        0.58072E+01  0.58072E+01
 In-flow  [L/T]     -0.33677E-05 -0.33677E-05
 h Mean   [L]       -0.41233E+04 -0.41233E+04
 Top Flux [L/T]      0.99840E-31
 Bot Flux [L/T]      0.00000E+00
 WatBalT  [L]       -0.14039E+00
 WatBalR  [%]              0.393
----------------------------------------------------------

----------------------------------------------------------
 Time       [T]      423.0000
----------------------------------------------------------
 Sub-region num.                     1
----------------------------------------------------------
 Length   [L]        0.15000E+03  0.15000E+03
 W-volume [L]        0.58071E+01  0.58071E+01
 In-flow  [L/T]     -0.33379E-05 -0.33379E-05
 h Mean   [L]       -0.41233E+04 -0.41233E+04
 Top Flux [L/T]      0.99840E-31
 Bot Flux [L/T]      0.00000E+00
 WatBalT  [L]       -0.14039E+00
 WatBalR  [%]              0.393
----------------------------------------------------------

----------------------------------------------------------
 Time       [T]      424.0000
----------------------------------------------------------
 Sub-region num.                     1
----------------------------------------------------------
 Length   [L]        0.15000E+03  0.15000E+03
 W-volume [L]        0.58071E+01  0.58071E+01
 In-flow  [L/T]     -0.33379E-05 -0.33379E-05
 h Mean   [L]       -0.41233E+04 -0.41233E+04
 Top Flux [L/T]      0.99840E-31
 Bot Flux [L/T]      0.00000E+00
 WatBalT  [L]       -0.14039E+00
 WatBalR  [%]              0.393
----------------------------------------------------------

----------------------------------------------------------
 Time       [T]      425.0000
----------------------------------------------------------
 Sub-region num.                     1
----------------------------------------------------------
 Length   [L]        0.15000E+03  0.15000E+03
 W-volume [L]        0.58071E+01  0.58071E+01
 In-flow  [L/T]     -0.33379E-05 -0.33379E-05
 h Mean   [L]       -0.41233E+04 -0.41233E+04
 Top Flux [L/T]      0.99840E-31
 Bot Flux [L/T]      0.00000E+00
 WatBalT  [L]       -0.14039E+00
 WatBalR  [%]              0.393
----------------------------------------------------------

----------------------------------------------------------
 Time       [T]      426.0000
----------------------------------------------------------
 Sub-region num.                     1
----------------------------------------------------------
 Length   [L]        0.15000E+03  0.15000E+03
 W-volume [L]        0.58071E+01  0.58071E+01
 In-flow  [L/T]     -0.33379E-05 -0.33379E-05
 h Mean   [L]       -0.41233E+04 -0.41233E+04
 Top Flux [L/T]      0.99840E-31
 Bot Flux [L/T]      0.00000E+00
 WatBalT  [L]       -0.14039E+00
 WatBalR  [%]              0.393
----------------------------------------------------------

----------------------------------------------------------
 Time       [T]      427.0000
----------------------------------------------------------
 Sub-region num.                     1
----------------------------------------------------------
 Length   [L]        0.15000E+03  0.15000E+03
 W-volume [L]        0.58071E+01  0.58071E+01
 In-flow  [L/T]     -0.33379E-05 -0.33379E-05
 h Mean   [L]       -0.41233E+04 -0.41233E+04
 Top Flux [L/T]      0.99840E-31
 Bot Flux [L/T]      0.00000E+00
 WatBalT  [L]       -0.14039E+00
 WatBalR  [%]              0.393
----------------------------------------------------------

----------------------------------------------------------
 Time       [T]      428.0000
----------------------------------------------------------
 Sub-region num.                     1
----------------------------------------------------------
 Length   [L]        0.15000E+03  0.15000E+03
 W-volume [L]        0.58071E+01  0.58071E+01
 In-flow  [L/T]     -0.33379E-05 -0.33379E-05
 h Mean   [L]       -0.41233E+04 -0.41233E+04
 Top Flux [L/T]      0.99840E-31
 Bot Flux [L/T]      0.00000E+00
 WatBalT  [L]       -0.14039E+00
 WatBalR  [%]              0.393
----------------------------------------------------------

----------------------------------------------------------
 Time       [T]      429.0000
----------------------------------------------------------
 Sub-region num.                     1
----------------------------------------------------------
 Length   [L]        0.15000E+03  0.15000E+03
 W-volume [L]        0.58071E+01  0.58071E+01
 In-flow  [L/T]     -0.33379E-05 -0.33379E-05
 h Mean   [L]       -0.41233E+04 -0.41233E+04
 Top Flux [L/T]      0.99840E-31
 Bot Flux [L/T]      0.00000E+00
 WatBalT  [L]       -0.14039E+00
 WatBalR  [%]              0.393
----------------------------------------------------------

----------------------------------------------------------
 Time       [T]      430.0000
----------------------------------------------------------
 Sub-region num.                     1
----------------------------------------------------------
 Length   [L]        0.15000E+03  0.15000E+03
 W-volume [L]        0.58071E+01  0.58071E+01
 In-flow  [L/T]     -0.33081E-05 -0.33081E-05
 h Mean   [L]       -0.41233E+04 -0.41233E+04
 Top Flux [L/T]      0.99840E-31
 Bot Flux [L/T]      0.00000E+00
 WatBalT  [L]       -0.14039E+00
 WatBalR  [%]              0.393
----------------------------------------------------------

----------------------------------------------------------
 Time       [T]      431.0000
----------------------------------------------------------
 Sub-region num.                     1
----------------------------------------------------------
 Length   [L]        0.15000E+03  0.15000E+03
 W-volume [L]        0.58071E+01  0.58071E+01
 In-flow  [L/T]     -0.33081E-05 -0.33081E-05
 h Mean   [L]       -0.41233E+04 -0.41233E+04
 Top Flux [L/T]      0.99840E-31
 Bot Flux [L/T]      0.00000E+00
 WatBalT  [L]       -0.14038E+00
 WatBalR  [%]              0.393
----------------------------------------------------------

----------------------------------------------------------
 Time       [T]      432.0000
----------------------------------------------------------
 Sub-region num.                     1
----------------------------------------------------------
 Length   [L]        0.15000E+03  0.15000E+03
 W-volume [L]        0.58071E+01  0.58071E+01
 In-flow  [L/T]     -0.33081E-05 -0.33081E-05
 h Mean   [L]       -0.41233E+04 -0.41233E+04
 Top Flux [L/T]      0.99840E-31
 Bot Flux [L/T]      0.00000E+00
 WatBalT  [L]       -0.14038E+00
 WatBalR  [%]              0.393
----------------------------------------------------------

----------------------------------------------------------
 Time       [T]      433.0000
----------------------------------------------------------
 Sub-region num.                     1
----------------------------------------------------------
 Length   [L]        0.15000E+03  0.15000E+03
 W-volume [L]        0.58071E+01  0.58071E+01
 In-flow  [L/T]     -0.33081E-05 -0.33081E-05
 h Mean   [L]       -0.41233E+04 -0.41233E+04
 Top Flux [L/T]      0.99840E-31
 Bot Flux [L/T]      0.00000E+00
 WatBalT  [L]       -0.14038E+00
 WatBalR  [%]              0.393
----------------------------------------------------------

----------------------------------------------------------
 Time       [T]      434.0000
----------------------------------------------------------
 Sub-region num.                     1
----------------------------------------------------------
 Length   [L]        0.15000E+03  0.15000E+03
 W-volume [L]        0.58071E+01  0.58071E+01
 In-flow  [L/T]     -0.33081E-05 -0.33081E-05
 h Mean   [L]       -0.41233E+04 -0.41233E+04
 Top Flux [L/T]      0.99840E-31
 Bot Flux [L/T]      0.00000E+00
 WatBalT  [L]       -0.14038E+00
 WatBalR  [%]              0.393
----------------------------------------------------------

----------------------------------------------------------
 Time       [T]      435.0000
----------------------------------------------------------
 Sub-region num.                     1
----------------------------------------------------------
 Length   [L]        0.15000E+03  0.15000E+03
 W-volume [L]        0.58071E+01  0.58071E+01
 In-flow  [L/T]     -0.33081E-05 -0.33081E-05
 h Mean   [L]       -0.41233E+04 -0.41233E+04
 Top Flux [L/T]      0.99840E-31
 Bot Flux [L/T]      0.00000E+00
 WatBalT  [L]       -0.14038E+00
 WatBalR  [%]              0.393
----------------------------------------------------------

----------------------------------------------------------
 Time       [T]      436.0000
----------------------------------------------------------
 Sub-region num.                     1
----------------------------------------------------------
 Length   [L]        0.15000E+03  0.15000E+03
 W-volume [L]        0.58071E+01  0.58071E+01
 In-flow  [L/T]     -0.33081E-05 -0.33081E-05
 h Mean   [L]       -0.41233E+04 -0.41233E+04
 Top Flux [L/T]      0.99840E-31
 Bot Flux [L/T]      0.00000E+00
 WatBalT  [L]       -0.14038E+00
 WatBalR  [%]              0.393
----------------------------------------------------------

----------------------------------------------------------
 Time       [T]      437.0000
----------------------------------------------------------
 Sub-region num.                     1
----------------------------------------------------------
 Length   [L]        0.15000E+03  0.15000E+03
 W-volume [L]        0.58071E+01  0.58071E+01
 In-flow  [L/T]     -0.33081E-05 -0.33081E-05
 h Mean   [L]       -0.41233E+04 -0.41233E+04
 Top Flux [L/T]      0.99840E-31
 Bot Flux [L/T]      0.00000E+00
 WatBalT  [L]       -0.14038E+00
 WatBalR  [%]              0.393
----------------------------------------------------------

----------------------------------------------------------
 Time       [T]      438.0000
----------------------------------------------------------
 Sub-region num.                     1
----------------------------------------------------------
 Length   [L]        0.15000E+03  0.15000E+03
 W-volume [L]        0.58071E+01  0.58071E+01
 In-flow  [L/T]     -0.32783E-05 -0.32783E-05
 h Mean   [L]       -0.41233E+04 -0.41233E+04
 Top Flux [L/T]      0.99840E-31
 Bot Flux [L/T]      0.00000E+00
 WatBalT  [L]       -0.14038E+00
 WatBalR  [%]              0.393
----------------------------------------------------------

----------------------------------------------------------
 Time       [T]      439.0000
----------------------------------------------------------
 Sub-region num.                     1
----------------------------------------------------------
 Length   [L]        0.15000E+03  0.15000E+03
 W-volume [L]        0.58071E+01  0.58071E+01
 In-flow  [L/T]     -0.32783E-05 -0.32783E-05
 h Mean   [L]       -0.41233E+04 -0.41233E+04
 Top Flux [L/T]      0.99840E-31
 Bot Flux [L/T]      0.00000E+00
 WatBalT  [L]       -0.14038E+00
 WatBalR  [%]              0.393
----------------------------------------------------------

----------------------------------------------------------
 Time       [T]      440.0000
----------------------------------------------------------
 Sub-region num.                     1
----------------------------------------------------------
 Length   [L]        0.15000E+03  0.15000E+03
 W-volume [L]        0.58071E+01  0.58071E+01
 In-flow  [L/T]     -0.32783E-05 -0.32783E-05
 h Mean   [L]       -0.41233E+04 -0.41233E+04
 Top Flux [L/T]      0.99840E-31
 Bot Flux [L/T]      0.00000E+00
 WatBalT  [L]       -0.14038E+00
 WatBalR  [%]              0.393
----------------------------------------------------------

----------------------------------------------------------
 Time       [T]      441.0000
----------------------------------------------------------
 Sub-region num.                     1
----------------------------------------------------------
 Length   [L]        0.15000E+03  0.15000E+03
 W-volume [L]        0.58071E+01  0.58071E+01
 In-flow  [L/T]     -0.32783E-05 -0.32783E-05
 h Mean   [L]       -0.41233E+04 -0.41233E+04
 Top Flux [L/T]      0.99840E-31
 Bot Flux [L/T]      0.00000E+00
 WatBalT  [L]       -0.14038E+00
 WatBalR  [%]              0.393
----------------------------------------------------------

----------------------------------------------------------
 Time       [T]      442.0000
----------------------------------------------------------
 Sub-region num.                     1
----------------------------------------------------------
 Length   [L]        0.15000E+03  0.15000E+03
 W-volume [L]        0.58071E+01  0.58071E+01
 In-flow  [L/T]     -0.32783E-05 -0.32783E-05
 h Mean   [L]       -0.41233E+04 -0.41233E+04
 Top Flux [L/T]      0.99840E-31
 Bot Flux [L/T]      0.00000E+00
 WatBalT  [L]       -0.14038E+00
 WatBalR  [%]              0.393
----------------------------------------------------------

----------------------------------------------------------
 Time       [T]      443.0000
----------------------------------------------------------
 Sub-region num.                     1
----------------------------------------------------------
 Length   [L]        0.15000E+03  0.15000E+03
 W-volume [L]        0.58071E+01  0.58071E+01
 In-flow  [L/T]     -0.32783E-05 -0.32783E-05
 h Mean   [L]       -0.41233E+04 -0.41233E+04
 Top Flux [L/T]      0.99840E-31
 Bot Flux [L/T]      0.00000E+00
 WatBalT  [L]       -0.14038E+00
 WatBalR  [%]              0.393
----------------------------------------------------------

----------------------------------------------------------
 Time       [T]      444.0000
----------------------------------------------------------
 Sub-region num.                     1
----------------------------------------------------------
 Length   [L]        0.15000E+03  0.15000E+03
 W-volume [L]        0.58071E+01  0.58071E+01
 In-flow  [L/T]     -0.32783E-05 -0.32783E-05
 h Mean   [L]       -0.41233E+04 -0.41233E+04
 Top Flux [L/T]      0.99840E-31
 Bot Flux [L/T]      0.00000E+00
 WatBalT  [L]       -0.14038E+00
 WatBalR  [%]              0.393
----------------------------------------------------------

----------------------------------------------------------
 Time       [T]      445.0000
----------------------------------------------------------
 Sub-region num.                     1
----------------------------------------------------------
 Length   [L]        0.15000E+03  0.15000E+03
 W-volume [L]        0.58071E+01  0.58071E+01
 In-flow  [L/T]     -0.32783E-05 -0.32783E-05
 h Mean   [L]       -0.41233E+04 -0.41233E+04
 Top Flux [L/T]      0.99840E-31
 Bot Flux [L/T]      0.00000E+00
 WatBalT  [L]       -0.14038E+00
 WatBalR  [%]              0.393
----------------------------------------------------------

----------------------------------------------------------
 Time       [T]      446.0000
----------------------------------------------------------
 Sub-region num.                     1
----------------------------------------------------------
 Length   [L]        0.15000E+03  0.15000E+03
 W-volume [L]        0.58071E+01  0.58071E+01
 In-flow  [L/T]     -0.32485E-05 -0.32485E-05
 h Mean   [L]       -0.41233E+04 -0.41233E+04
 Top Flux [L/T]      0.99840E-31
 Bot Flux [L/T]      0.00000E+00
 WatBalT  [L]       -0.14038E+00
 WatBalR  [%]              0.393
----------------------------------------------------------

----------------------------------------------------------
 Time       [T]      447.0000
----------------------------------------------------------
 Sub-region num.                     1
----------------------------------------------------------
 Length   [L]        0.15000E+03  0.15000E+03
 W-volume [L]        0.58071E+01  0.58071E+01
 In-flow  [L/T]     -0.32485E-05 -0.32485E-05
 h Mean   [L]       -0.41233E+04 -0.41233E+04
 Top Flux [L/T]      0.99840E-31
 Bot Flux [L/T]      0.00000E+00
 WatBalT  [L]       -0.14038E+00
 WatBalR  [%]              0.393
----------------------------------------------------------

----------------------------------------------------------
 Time       [T]      448.0000
----------------------------------------------------------
 Sub-region num.                     1
----------------------------------------------------------
 Length   [L]        0.15000E+03  0.15000E+03
 W-volume [L]        0.58071E+01  0.58071E+01
 In-flow  [L/T]     -0.32485E-05 -0.32485E-05
 h Mean   [L]       -0.41233E+04 -0.41233E+04
 Top Flux [L/T]      0.99840E-31
 Bot Flux [L/T]      0.00000E+00
 WatBalT  [L]       -0.14038E+00
 WatBalR  [%]              0.393
----------------------------------------------------------

----------------------------------------------------------
 Time       [T]      449.0000
----------------------------------------------------------
 Sub-region num.                     1
----------------------------------------------------------
 Length   [L]        0.15000E+03  0.15000E+03
 W-volume [L]        0.58071E+01  0.58071E+01
 In-flow  [L/T]     -0.32485E-05 -0.32485E-05
 h Mean   [L]       -0.41233E+04 -0.41233E+04
 Top Flux [L/T]      0.99840E-31
 Bot Flux [L/T]      0.00000E+00
 WatBalT  [L]       -0.14038E+00
 WatBalR  [%]              0.393
----------------------------------------------------------

----------------------------------------------------------
 Time       [T]      450.0000
----------------------------------------------------------
 Sub-region num.                     1
----------------------------------------------------------
 Length   [L]        0.15000E+03  0.15000E+03
 W-volume [L]        0.58071E+01  0.58071E+01
 In-flow  [L/T]     -0.32485E-05 -0.32485E-05
 h Mean   [L]       -0.41233E+04 -0.41233E+04
 Top Flux [L/T]      0.99840E-31
 Bot Flux [L/T]      0.00000E+00
 WatBalT  [L]       -0.14038E+00
 WatBalR  [%]              0.393
----------------------------------------------------------

----------------------------------------------------------
 Time       [T]      451.0000
----------------------------------------------------------
 Sub-region num.                     1
----------------------------------------------------------
 Length   [L]        0.15000E+03  0.15000E+03
 W-volume [L]        0.58071E+01  0.58071E+01
 In-flow  [L/T]     -0.32485E-05 -0.32485E-05
 h Mean   [L]       -0.41233E+04 -0.41233E+04
 Top Flux [L/T]      0.99840E-31
 Bot Flux [L/T]      0.00000E+00
 WatBalT  [L]       -0.14038E+00
 WatBalR  [%]              0.393
----------------------------------------------------------

----------------------------------------------------------
 Time       [T]      452.0000
----------------------------------------------------------
 Sub-region num.                     1
----------------------------------------------------------
 Length   [L]        0.15000E+03  0.15000E+03
 W-volume [L]        0.58071E+01  0.58071E+01
 In-flow  [L/T]     -0.32485E-05 -0.32485E-05
 h Mean   [L]       -0.41233E+04 -0.41233E+04
 Top Flux [L/T]      0.99840E-31
 Bot Flux [L/T]      0.00000E+00
 WatBalT  [L]       -0.14037E+00
 WatBalR  [%]              0.393
----------------------------------------------------------

----------------------------------------------------------
 Time       [T]      453.0000
----------------------------------------------------------
 Sub-region num.                     1
----------------------------------------------------------
 Length   [L]        0.15000E+03  0.15000E+03
 W-volume [L]        0.58071E+01  0.58071E+01
 In-flow  [L/T]     -0.32187E-05 -0.32187E-05
 h Mean   [L]       -0.41233E+04 -0.41233E+04
 Top Flux [L/T]      0.99840E-31
 Bot Flux [L/T]      0.00000E+00
 WatBalT  [L]       -0.14037E+00
 WatBalR  [%]              0.393
----------------------------------------------------------

----------------------------------------------------------
 Time       [T]      454.0000
----------------------------------------------------------
 Sub-region num.                     1
----------------------------------------------------------
 Length   [L]        0.15000E+03  0.15000E+03
 W-volume [L]        0.58070E+01  0.58070E+01
 In-flow  [L/T]     -0.32187E-05 -0.32187E-05
 h Mean   [L]       -0.41233E+04 -0.41233E+04
 Top Flux [L/T]      0.99840E-31
 Bot Flux [L/T]      0.00000E+00
 WatBalT  [L]       -0.14037E+00
 WatBalR  [%]              0.393
----------------------------------------------------------

----------------------------------------------------------
 Time       [T]      455.0000
----------------------------------------------------------
 Sub-region num.                     1
----------------------------------------------------------
 Length   [L]        0.15000E+03  0.15000E+03
 W-volume [L]        0.58070E+01  0.58070E+01
 In-flow  [L/T]     -0.32187E-05 -0.32187E-05
 h Mean   [L]       -0.41233E+04 -0.41233E+04
 Top Flux [L/T]      0.99840E-31
 Bot Flux [L/T]      0.00000E+00
 WatBalT  [L]       -0.14037E+00
 WatBalR  [%]              0.393
----------------------------------------------------------

----------------------------------------------------------
 Time       [T]      456.0000
----------------------------------------------------------
 Sub-region num.                     1
----------------------------------------------------------
 Length   [L]        0.15000E+03  0.15000E+03
 W-volume [L]        0.58070E+01  0.58070E+01
 In-flow  [L/T]     -0.32187E-05 -0.32187E-05
 h Mean   [L]       -0.41233E+04 -0.41233E+04
 Top Flux [L/T]      0.99840E-31
 Bot Flux [L/T]      0.00000E+00
 WatBalT  [L]       -0.14037E+00
 WatBalR  [%]              0.393
----------------------------------------------------------

----------------------------------------------------------
 Time       [T]      457.0000
----------------------------------------------------------
 Sub-region num.                     1
----------------------------------------------------------
 Length   [L]        0.15000E+03  0.15000E+03
 W-volume [L]        0.58070E+01  0.58070E+01
 In-flow  [L/T]     -0.32187E-05 -0.32187E-05
 h Mean   [L]       -0.41233E+04 -0.41233E+04
 Top Flux [L/T]      0.99840E-31
 Bot Flux [L/T]      0.00000E+00
 WatBalT  [L]       -0.14037E+00
 WatBalR  [%]              0.393
----------------------------------------------------------

----------------------------------------------------------
 Time       [T]      458.0000
----------------------------------------------------------
 Sub-region num.                     1
----------------------------------------------------------
 Length   [L]        0.15000E+03  0.15000E+03
 W-volume [L]        0.58070E+01  0.58070E+01
 In-flow  [L/T]     -0.32187E-05 -0.32187E-05
 h Mean   [L]       -0.41233E+04 -0.41233E+04
 Top Flux [L/T]      0.99840E-31
 Bot Flux [L/T]      0.00000E+00
 WatBalT  [L]       -0.14037E+00
 WatBalR  [%]              0.393
----------------------------------------------------------

----------------------------------------------------------
 Time       [T]      459.0000
----------------------------------------------------------
 Sub-region num.                     1
----------------------------------------------------------
 Length   [L]        0.15000E+03  0.15000E+03
 W-volume [L]        0.58070E+01  0.58070E+01
 In-flow  [L/T]     -0.32187E-05 -0.32187E-05
 h Mean   [L]       -0.41233E+04 -0.41233E+04
 Top Flux [L/T]      0.99840E-31
 Bot Flux [L/T]      0.00000E+00
 WatBalT  [L]       -0.14037E+00
 WatBalR  [%]              0.393
----------------------------------------------------------

----------------------------------------------------------
 Time       [T]      460.0000
----------------------------------------------------------
 Sub-region num.                     1
----------------------------------------------------------
 Length   [L]        0.15000E+03  0.15000E+03
 W-volume [L]        0.58070E+01  0.58070E+01
 In-flow  [L/T]     -0.32187E-05 -0.32187E-05
 h Mean   [L]       -0.41233E+04 -0.41233E+04
 Top Flux [L/T]      0.99840E-31
 Bot Flux [L/T]      0.00000E+00
 WatBalT  [L]       -0.14037E+00
 WatBalR  [%]              0.393
----------------------------------------------------------

----------------------------------------------------------
 Time       [T]      461.0000
----------------------------------------------------------
 Sub-region num.                     1
----------------------------------------------------------
 Length   [L]        0.15000E+03  0.15000E+03
 W-volume [L]        0.58070E+01  0.58070E+01
 In-flow  [L/T]     -0.31888E-05 -0.31888E-05
 h Mean   [L]       -0.41233E+04 -0.41233E+04
 Top Flux [L/T]      0.99840E-31
 Bot Flux [L/T]      0.00000E+00
 WatBalT  [L]       -0.14037E+00
 WatBalR  [%]              0.393
----------------------------------------------------------

----------------------------------------------------------
 Time       [T]      462.0000
----------------------------------------------------------
 Sub-region num.                     1
----------------------------------------------------------
 Length   [L]        0.15000E+03  0.15000E+03
 W-volume [L]        0.58070E+01  0.58070E+01
 In-flow  [L/T]     -0.31888E-05 -0.31888E-05
 h Mean   [L]       -0.41233E+04 -0.41233E+04
 Top Flux [L/T]      0.99840E-31
 Bot Flux [L/T]      0.00000E+00
 WatBalT  [L]       -0.14037E+00
 WatBalR  [%]              0.393
----------------------------------------------------------

----------------------------------------------------------
 Time       [T]      463.0000
----------------------------------------------------------
 Sub-region num.                     1
----------------------------------------------------------
 Length   [L]        0.15000E+03  0.15000E+03
 W-volume [L]        0.58070E+01  0.58070E+01
 In-flow  [L/T]     -0.31888E-05 -0.31888E-05
 h Mean   [L]       -0.41233E+04 -0.41233E+04
 Top Flux [L/T]      0.99840E-31
 Bot Flux [L/T]      0.00000E+00
 WatBalT  [L]       -0.14037E+00
 WatBalR  [%]              0.393
----------------------------------------------------------

----------------------------------------------------------
 Time       [T]      464.0000
----------------------------------------------------------
 Sub-region num.                     1
----------------------------------------------------------
 Length   [L]        0.15000E+03  0.15000E+03
 W-volume [L]        0.58070E+01  0.58070E+01
 In-flow  [L/T]     -0.31888E-05 -0.31888E-05
 h Mean   [L]       -0.41233E+04 -0.41233E+04
 Top Flux [L/T]      0.99840E-31
 Bot Flux [L/T]      0.00000E+00
 WatBalT  [L]       -0.14037E+00
 WatBalR  [%]              0.393
----------------------------------------------------------

----------------------------------------------------------
 Time       [T]      465.0000
----------------------------------------------------------
 Sub-region num.                     1
----------------------------------------------------------
 Length   [L]        0.15000E+03  0.15000E+03
 W-volume [L]        0.58070E+01  0.58070E+01
 In-flow  [L/T]     -0.31888E-05 -0.31888E-05
 h Mean   [L]       -0.41233E+04 -0.41233E+04
 Top Flux [L/T]      0.99840E-31
 Bot Flux [L/T]      0.00000E+00
 WatBalT  [L]       -0.14037E+00
 WatBalR  [%]              0.393
----------------------------------------------------------

----------------------------------------------------------
 Time       [T]      466.0000
----------------------------------------------------------
 Sub-region num.                     1
----------------------------------------------------------
 Length   [L]        0.15000E+03  0.15000E+03
 W-volume [L]        0.58070E+01  0.58070E+01
 In-flow  [L/T]     -0.31888E-05 -0.31888E-05
 h Mean   [L]       -0.41233E+04 -0.41233E+04
 Top Flux [L/T]      0.99840E-31
 Bot Flux [L/T]      0.00000E+00
 WatBalT  [L]       -0.14037E+00
 WatBalR  [%]              0.393
----------------------------------------------------------

----------------------------------------------------------
 Time       [T]      467.0000
----------------------------------------------------------
 Sub-region num.                     1
----------------------------------------------------------
 Length   [L]        0.15000E+03  0.15000E+03
 W-volume [L]        0.58070E+01  0.58070E+01
 In-flow  [L/T]     -0.31888E-05 -0.31888E-05
 h Mean   [L]       -0.41233E+04 -0.41233E+04
 Top Flux [L/T]      0.99840E-31
 Bot Flux [L/T]      0.00000E+00
 WatBalT  [L]       -0.14037E+00
 WatBalR  [%]              0.393
----------------------------------------------------------

----------------------------------------------------------
 Time       [T]      468.0000
----------------------------------------------------------
 Sub-region num.                     1
----------------------------------------------------------
 Length   [L]        0.15000E+03  0.15000E+03
 W-volume [L]        0.58070E+01  0.58070E+01
 In-flow  [L/T]     -0.31888E-05 -0.31888E-05
 h Mean   [L]       -0.41233E+04 -0.41233E+04
 Top Flux [L/T]      0.99840E-31
 Bot Flux [L/T]      0.00000E+00
 WatBalT  [L]       -0.14037E+00
 WatBalR  [%]              0.393
----------------------------------------------------------

----------------------------------------------------------
 Time       [T]      469.0000
----------------------------------------------------------
 Sub-region num.                     1
----------------------------------------------------------
 Length   [L]        0.15000E+03  0.15000E+03
 W-volume [L]        0.58070E+01  0.58070E+01
 In-flow  [L/T]     -0.31590E-05 -0.31590E-05
 h Mean   [L]       -0.41233E+04 -0.41233E+04
 Top Flux [L/T]      0.99840E-31
 Bot Flux [L/T]      0.00000E+00
 WatBalT  [L]       -0.14036E+00
 WatBalR  [%]              0.393
----------------------------------------------------------

----------------------------------------------------------
 Time       [T]      470.0000
----------------------------------------------------------
 Sub-region num.                     1
----------------------------------------------------------
 Length   [L]        0.15000E+03  0.15000E+03
 W-volume [L]        0.58070E+01  0.58070E+01
 In-flow  [L/T]     -0.31590E-05 -0.31590E-05
 h Mean   [L]       -0.41233E+04 -0.41233E+04
 Top Flux [L/T]      0.99840E-31
 Bot Flux [L/T]      0.00000E+00
 WatBalT  [L]       -0.14036E+00
 WatBalR  [%]              0.393
----------------------------------------------------------

----------------------------------------------------------
 Time       [T]      471.0000
----------------------------------------------------------
 Sub-region num.                     1
----------------------------------------------------------
 Length   [L]        0.15000E+03  0.15000E+03
 W-volume [L]        0.58070E+01  0.58070E+01
 In-flow  [L/T]     -0.31590E-05 -0.31590E-05
 h Mean   [L]       -0.41233E+04 -0.41233E+04
 Top Flux [L/T]      0.99840E-31
 Bot Flux [L/T]      0.00000E+00
 WatBalT  [L]       -0.14036E+00
 WatBalR  [%]              0.393
----------------------------------------------------------

----------------------------------------------------------
 Time       [T]      472.0000
----------------------------------------------------------
 Sub-region num.                     1
----------------------------------------------------------
 Length   [L]        0.15000E+03  0.15000E+03
 W-volume [L]        0.58070E+01  0.58070E+01
 In-flow  [L/T]     -0.31590E-05 -0.31590E-05
 h Mean   [L]       -0.41233E+04 -0.41233E+04
 Top Flux [L/T]      0.99840E-31
 Bot Flux [L/T]      0.00000E+00
 WatBalT  [L]       -0.14036E+00
 WatBalR  [%]              0.393
----------------------------------------------------------

----------------------------------------------------------
 Time       [T]      473.0000
----------------------------------------------------------
 Sub-region num.                     1
----------------------------------------------------------
 Length   [L]        0.15000E+03  0.15000E+03
 W-volume [L]        0.58070E+01  0.58070E+01
 In-flow  [L/T]     -0.31590E-05 -0.31590E-05
 h Mean   [L]       -0.41233E+04 -0.41233E+04
 Top Flux [L/T]      0.99840E-31
 Bot Flux [L/T]      0.00000E+00
 WatBalT  [L]       -0.14036E+00
 WatBalR  [%]              0.393
----------------------------------------------------------

----------------------------------------------------------
 Time       [T]      474.0000
----------------------------------------------------------
 Sub-region num.                     1
----------------------------------------------------------
 Length   [L]        0.15000E+03  0.15000E+03
 W-volume [L]        0.58070E+01  0.58070E+01
 In-flow  [L/T]     -0.31590E-05 -0.31590E-05
 h Mean   [L]       -0.41233E+04 -0.41233E+04
 Top Flux [L/T]      0.99840E-31
 Bot Flux [L/T]      0.00000E+00
 WatBalT  [L]       -0.14036E+00
 WatBalR  [%]              0.393
----------------------------------------------------------

----------------------------------------------------------
 Time       [T]      475.0000
----------------------------------------------------------
 Sub-region num.                     1
----------------------------------------------------------
 Length   [L]        0.15000E+03  0.15000E+03
 W-volume [L]        0.58070E+01  0.58070E+01
 In-flow  [L/T]     -0.31590E-05 -0.31590E-05
 h Mean   [L]       -0.41233E+04 -0.41233E+04
 Top Flux [L/T]      0.99840E-31
 Bot Flux [L/T]      0.00000E+00
 WatBalT  [L]       -0.14036E+00
 WatBalR  [%]              0.393
----------------------------------------------------------

----------------------------------------------------------
 Time       [T]      476.0000
----------------------------------------------------------
 Sub-region num.                     1
----------------------------------------------------------
 Length   [L]        0.15000E+03  0.15000E+03
 W-volume [L]        0.58070E+01  0.58070E+01
 In-flow  [L/T]     -0.31590E-05 -0.31590E-05
 h Mean   [L]       -0.41233E+04 -0.41233E+04
 Top Flux [L/T]      0.99840E-31
 Bot Flux [L/T]      0.00000E+00
 WatBalT  [L]       -0.14036E+00
 WatBalR  [%]              0.393
----------------------------------------------------------

----------------------------------------------------------
 Time       [T]      477.0000
----------------------------------------------------------
 Sub-region num.                     1
----------------------------------------------------------
 Length   [L]        0.15000E+03  0.15000E+03
 W-volume [L]        0.58070E+01  0.58070E+01
 In-flow  [L/T]     -0.31292E-05 -0.31292E-05
 h Mean   [L]       -0.41233E+04 -0.41233E+04
 Top Flux [L/T]      0.99840E-31
 Bot Flux [L/T]      0.00000E+00
 WatBalT  [L]       -0.14036E+00
 WatBalR  [%]              0.393
----------------------------------------------------------

----------------------------------------------------------
 Time       [T]      478.0000
----------------------------------------------------------
 Sub-region num.                     1
----------------------------------------------------------
 Length   [L]        0.15000E+03  0.15000E+03
 W-volume [L]        0.58070E+01  0.58070E+01
 In-flow  [L/T]     -0.31292E-05 -0.31292E-05
 h Mean   [L]       -0.41233E+04 -0.41233E+04
 Top Flux [L/T]      0.99840E-31
 Bot Flux [L/T]      0.00000E+00
 WatBalT  [L]       -0.14036E+00
 WatBalR  [%]              0.393
----------------------------------------------------------

----------------------------------------------------------
 Time       [T]      479.0000
----------------------------------------------------------
 Sub-region num.                     1
----------------------------------------------------------
 Length   [L]        0.15000E+03  0.15000E+03
 W-volume [L]        0.58070E+01  0.58070E+01
 In-flow  [L/T]     -0.31292E-05 -0.31292E-05
 h Mean   [L]       -0.41233E+04 -0.41233E+04
 Top Flux [L/T]      0.99840E-31
 Bot Flux [L/T]      0.00000E+00
 WatBalT  [L]       -0.14036E+00
 WatBalR  [%]              0.393
----------------------------------------------------------

----------------------------------------------------------
 Time       [T]      480.0000
----------------------------------------------------------
 Sub-region num.                     1
----------------------------------------------------------
 Length   [L]        0.15000E+03  0.15000E+03
 W-volume [L]        0.58070E+01  0.58070E+01
 In-flow  [L/T]     -0.31292E-05 -0.31292E-05
 h Mean   [L]       -0.41233E+04 -0.41233E+04
 Top Flux [L/T]      0.99840E-31
 Bot Flux [L/T]      0.00000E+00
 WatBalT  [L]       -0.14036E+00
 WatBalR  [%]              0.393
----------------------------------------------------------

----------------------------------------------------------
 Time       [T]      481.0000
----------------------------------------------------------
 Sub-region num.                     1
----------------------------------------------------------
 Length   [L]        0.15000E+03  0.15000E+03
 W-volume [L]        0.58070E+01  0.58070E+01
 In-flow  [L/T]     -0.31292E-05 -0.31292E-05
 h Mean   [L]       -0.41233E+04 -0.41233E+04
 Top Flux [L/T]      0.99840E-31
 Bot Flux [L/T]      0.00000E+00
 WatBalT  [L]       -0.14036E+00
 WatBalR  [%]              0.393
----------------------------------------------------------

----------------------------------------------------------
 Time       [T]      482.0000
----------------------------------------------------------
 Sub-region num.                     1
----------------------------------------------------------
 Length   [L]        0.15000E+03  0.15000E+03
 W-volume [L]        0.58070E+01  0.58070E+01
 In-flow  [L/T]     -0.31292E-05 -0.31292E-05
 h Mean   [L]       -0.41233E+04 -0.41233E+04
 Top Flux [L/T]      0.99840E-31
 Bot Flux [L/T]      0.00000E+00
 WatBalT  [L]       -0.14035E+00
 WatBalR  [%]              0.393
----------------------------------------------------------

----------------------------------------------------------
 Time       [T]      483.0000
----------------------------------------------------------
 Sub-region num.                     1
----------------------------------------------------------
 Length   [L]        0.15000E+03  0.15000E+03
 W-volume [L]        0.58070E+01  0.58070E+01
 In-flow  [L/T]     -0.31292E-05 -0.31292E-05
 h Mean   [L]       -0.41233E+04 -0.41233E+04
 Top Flux [L/T]      0.99840E-31
 Bot Flux [L/T]      0.00000E+00
 WatBalT  [L]       -0.14035E+00
 WatBalR  [%]              0.393
----------------------------------------------------------

----------------------------------------------------------
 Time       [T]      484.0000
----------------------------------------------------------
 Sub-region num.                     1
----------------------------------------------------------
 Length   [L]        0.15000E+03  0.15000E+03
 W-volume [L]        0.58070E+01  0.58070E+01
 In-flow  [L/T]     -0.31292E-05 -0.31292E-05
 h Mean   [L]       -0.41233E+04 -0.41233E+04
 Top Flux [L/T]      0.99840E-31
 Bot Flux [L/T]      0.00000E+00
 WatBalT  [L]       -0.14035E+00
 WatBalR  [%]              0.393
----------------------------------------------------------

----------------------------------------------------------
 Time       [T]      485.0000
----------------------------------------------------------
 Sub-region num.                     1
----------------------------------------------------------
 Length   [L]        0.15000E+03  0.15000E+03
 W-volume [L]        0.58069E+01  0.58069E+01
 In-flow  [L/T]     -0.30994E-05 -0.30994E-05
 h Mean   [L]       -0.41233E+04 -0.41233E+04
 Top Flux [L/T]      0.99840E-31
 Bot Flux [L/T]      0.00000E+00
 WatBalT  [L]       -0.14035E+00
 WatBalR  [%]              0.393
----------------------------------------------------------

----------------------------------------------------------
 Time       [T]      486.0000
----------------------------------------------------------
 Sub-region num.                     1
----------------------------------------------------------
 Length   [L]        0.15000E+03  0.15000E+03
 W-volume [L]        0.58069E+01  0.58069E+01
 In-flow  [L/T]     -0.30994E-05 -0.30994E-05
 h Mean   [L]       -0.41233E+04 -0.41233E+04
 Top Flux [L/T]      0.99840E-31
 Bot Flux [L/T]      0.00000E+00
 WatBalT  [L]       -0.14035E+00
 WatBalR  [%]              0.393
----------------------------------------------------------

----------------------------------------------------------
 Time       [T]      487.0000
----------------------------------------------------------
 Sub-region num.                     1
----------------------------------------------------------
 Length   [L]        0.15000E+03  0.15000E+03
 W-volume [L]        0.58069E+01  0.58069E+01
 In-flow  [L/T]     -0.30994E-05 -0.30994E-05
 h Mean   [L]       -0.41233E+04 -0.41233E+04
 Top Flux [L/T]      0.99840E-31
 Bot Flux [L/T]      0.00000E+00
 WatBalT  [L]       -0.14035E+00
 WatBalR  [%]              0.393
----------------------------------------------------------

----------------------------------------------------------
 Time       [T]      488.0000
----------------------------------------------------------
 Sub-region num.                     1
----------------------------------------------------------
 Length   [L]        0.15000E+03  0.15000E+03
 W-volume [L]        0.58069E+01  0.58069E+01
 In-flow  [L/T]     -0.30994E-05 -0.30994E-05
 h Mean   [L]       -0.41233E+04 -0.41233E+04
 Top Flux [L/T]      0.99840E-31
 Bot Flux [L/T]      0.00000E+00
 WatBalT  [L]       -0.14035E+00
 WatBalR  [%]              0.393
----------------------------------------------------------

----------------------------------------------------------
 Time       [T]      489.0000
----------------------------------------------------------
 Sub-region num.                     1
----------------------------------------------------------
 Length   [L]        0.15000E+03  0.15000E+03
 W-volume [L]        0.58069E+01  0.58069E+01
 In-flow  [L/T]     -0.30994E-05 -0.30994E-05
 h Mean   [L]       -0.41233E+04 -0.41233E+04
 Top Flux [L/T]      0.99840E-31
 Bot Flux [L/T]      0.00000E+00
 WatBalT  [L]       -0.14035E+00
 WatBalR  [%]              0.393
----------------------------------------------------------

----------------------------------------------------------
 Time       [T]      490.0000
----------------------------------------------------------
 Sub-region num.                     1
----------------------------------------------------------
 Length   [L]        0.15000E+03  0.15000E+03
 W-volume [L]        0.58069E+01  0.58069E+01
 In-flow  [L/T]     -0.30994E-05 -0.30994E-05
 h Mean   [L]       -0.41233E+04 -0.41233E+04
 Top Flux [L/T]      0.99840E-31
 Bot Flux [L/T]      0.00000E+00
 WatBalT  [L]       -0.14035E+00
 WatBalR  [%]              0.393
----------------------------------------------------------

----------------------------------------------------------
 Time       [T]      491.0000
----------------------------------------------------------
 Sub-region num.                     1
----------------------------------------------------------
 Length   [L]        0.15000E+03  0.15000E+03
 W-volume [L]        0.58069E+01  0.58069E+01
 In-flow  [L/T]     -0.30994E-05 -0.30994E-05
 h Mean   [L]       -0.41233E+04 -0.41233E+04
 Top Flux [L/T]      0.99840E-31
 Bot Flux [L/T]      0.00000E+00
 WatBalT  [L]       -0.14035E+00
 WatBalR  [%]              0.393
----------------------------------------------------------

----------------------------------------------------------
 Time       [T]      492.0000
----------------------------------------------------------
 Sub-region num.                     1
----------------------------------------------------------
 Length   [L]        0.15000E+03  0.15000E+03
 W-volume [L]        0.58069E+01  0.58069E+01
 In-flow  [L/T]     -0.30994E-05 -0.30994E-05
 h Mean   [L]       -0.41233E+04 -0.41233E+04
 Top Flux [L/T]      0.99840E-31
 Bot Flux [L/T]      0.00000E+00
 WatBalT  [L]       -0.14035E+00
 WatBalR  [%]              0.393
----------------------------------------------------------

----------------------------------------------------------
 Time       [T]      493.0000
----------------------------------------------------------
 Sub-region num.                     1
----------------------------------------------------------
 Length   [L]        0.15000E+03  0.15000E+03
 W-volume [L]        0.58069E+01  0.58069E+01
 In-flow  [L/T]     -0.30696E-05 -0.30696E-05
 h Mean   [L]       -0.41233E+04 -0.41233E+04
 Top Flux [L/T]      0.99840E-31
 Bot Flux [L/T]      0.00000E+00
 WatBalT  [L]       -0.14035E+00
 WatBalR  [%]              0.393
----------------------------------------------------------

----------------------------------------------------------
 Time       [T]      494.0000
----------------------------------------------------------
 Sub-region num.                     1
----------------------------------------------------------
 Length   [L]        0.15000E+03  0.15000E+03
 W-volume [L]        0.58069E+01  0.58069E+01
 In-flow  [L/T]     -0.30696E-05 -0.30696E-05
 h Mean   [L]       -0.41233E+04 -0.41233E+04
 Top Flux [L/T]      0.99840E-31
 Bot Flux [L/T]      0.00000E+00
 WatBalT  [L]       -0.14035E+00
 WatBalR  [%]              0.393
----------------------------------------------------------

----------------------------------------------------------
 Time       [T]      495.0000
----------------------------------------------------------
 Sub-region num.                     1
----------------------------------------------------------
 Length   [L]        0.15000E+03  0.15000E+03
 W-volume [L]        0.58069E+01  0.58069E+01
 In-flow  [L/T]     -0.30696E-05 -0.30696E-05
 h Mean   [L]       -0.41233E+04 -0.41233E+04
 Top Flux [L/T]      0.99840E-31
 Bot Flux [L/T]      0.00000E+00
 WatBalT  [L]       -0.14035E+00
 WatBalR  [%]              0.393
----------------------------------------------------------

----------------------------------------------------------
 Time       [T]      496.0000
----------------------------------------------------------
 Sub-region num.                     1
----------------------------------------------------------
 Length   [L]        0.15000E+03  0.15000E+03
 W-volume [L]        0.58069E+01  0.58069E+01
 In-flow  [L/T]     -0.30696E-05 -0.30696E-05
 h Mean   [L]       -0.41233E+04 -0.41233E+04
 Top Flux [L/T]      0.99840E-31
 Bot Flux [L/T]      0.00000E+00
 WatBalT  [L]       -0.14034E+00
 WatBalR  [%]              0.393
----------------------------------------------------------

----------------------------------------------------------
 Time       [T]      497.0000
----------------------------------------------------------
 Sub-region num.                     1
----------------------------------------------------------
 Length   [L]        0.15000E+03  0.15000E+03
 W-volume [L]        0.58069E+01  0.58069E+01
 In-flow  [L/T]     -0.30696E-05 -0.30696E-05
 h Mean   [L]       -0.41233E+04 -0.41233E+04
 Top Flux [L/T]      0.99840E-31
 Bot Flux [L/T]      0.00000E+00
 WatBalT  [L]       -0.14034E+00
 WatBalR  [%]              0.393
----------------------------------------------------------

----------------------------------------------------------
 Time       [T]      498.0000
----------------------------------------------------------
 Sub-region num.                     1
----------------------------------------------------------
 Length   [L]        0.15000E+03  0.15000E+03
 W-volume [L]        0.58069E+01  0.58069E+01
 In-flow  [L/T]     -0.30696E-05 -0.30696E-05
 h Mean   [L]       -0.41233E+04 -0.41233E+04
 Top Flux [L/T]      0.99840E-31
 Bot Flux [L/T]      0.00000E+00
 WatBalT  [L]       -0.14034E+00
 WatBalR  [%]              0.393
----------------------------------------------------------

----------------------------------------------------------
 Time       [T]      499.0000
----------------------------------------------------------
 Sub-region num.                     1
----------------------------------------------------------
 Length   [L]        0.15000E+03  0.15000E+03
 W-volume [L]        0.58069E+01  0.58069E+01
 In-flow  [L/T]     -0.30696E-05 -0.30696E-05
 h Mean   [L]       -0.41233E+04 -0.41233E+04
 Top Flux [L/T]      0.99840E-31
 Bot Flux [L/T]      0.00000E+00
 WatBalT  [L]       -0.14034E+00
 WatBalR  [%]              0.393
----------------------------------------------------------

----------------------------------------------------------
 Time       [T]      500.0000
----------------------------------------------------------
 Sub-region num.                     1
----------------------------------------------------------
 Length   [L]        0.15000E+03  0.15000E+03
 W-volume [L]        0.58069E+01  0.58069E+01
 In-flow  [L/T]     -0.30398E-05 -0.30398E-05
 h Mean   [L]       -0.41233E+04 -0.41233E+04
 Top Flux [L/T]      0.99840E-31
 Bot Flux [L/T]      0.00000E+00
 WatBalT  [L]       -0.14034E+00
 WatBalR  [%]              0.393
----------------------------------------------------------

----------------------------------------------------------
 Time       [T]      501.0000
----------------------------------------------------------
 Sub-region num.                     1
----------------------------------------------------------
 Length   [L]        0.15000E+03  0.15000E+03
 W-volume [L]        0.58069E+01  0.58069E+01
 In-flow  [L/T]     -0.30398E-05 -0.30398E-05
 h Mean   [L]       -0.41233E+04 -0.41233E+04
 Top Flux [L/T]      0.99840E-31
 Bot Flux [L/T]      0.00000E+00
 WatBalT  [L]       -0.14034E+00
 WatBalR  [%]              0.393
----------------------------------------------------------

----------------------------------------------------------
 Time       [T]      502.0000
----------------------------------------------------------
 Sub-region num.                     1
----------------------------------------------------------
 Length   [L]        0.15000E+03  0.15000E+03
 W-volume [L]        0.58069E+01  0.58069E+01
 In-flow  [L/T]     -0.30398E-05 -0.30398E-05
 h Mean   [L]       -0.41233E+04 -0.41233E+04
 Top Flux [L/T]      0.99840E-31
 Bot Flux [L/T]      0.00000E+00
 WatBalT  [L]       -0.14034E+00
 WatBalR  [%]              0.393
----------------------------------------------------------

----------------------------------------------------------
 Time       [T]      503.0000
----------------------------------------------------------
 Sub-region num.                     1
----------------------------------------------------------
 Length   [L]        0.15000E+03  0.15000E+03
 W-volume [L]        0.58069E+01  0.58069E+01
 In-flow  [L/T]     -0.30398E-05 -0.30398E-05
 h Mean   [L]       -0.41233E+04 -0.41233E+04
 Top Flux [L/T]      0.99840E-31
 Bot Flux [L/T]      0.00000E+00
 WatBalT  [L]       -0.14034E+00
 WatBalR  [%]              0.393
----------------------------------------------------------

----------------------------------------------------------
 Time       [T]      504.0000
----------------------------------------------------------
 Sub-region num.                     1
----------------------------------------------------------
 Length   [L]        0.15000E+03  0.15000E+03
 W-volume [L]        0.58069E+01  0.58069E+01
 In-flow  [L/T]     -0.30398E-05 -0.30398E-05
 h Mean   [L]       -0.41233E+04 -0.41233E+04
 Top Flux [L/T]      0.99840E-31
 Bot Flux [L/T]      0.00000E+00
 WatBalT  [L]       -0.14034E+00
 WatBalR  [%]              0.393
----------------------------------------------------------

----------------------------------------------------------
 Time       [T]      505.0000
----------------------------------------------------------
 Sub-region num.                     1
----------------------------------------------------------
 Length   [L]        0.15000E+03  0.15000E+03
 W-volume [L]        0.58069E+01  0.58069E+01
 In-flow  [L/T]     -0.30398E-05 -0.30398E-05
 h Mean   [L]       -0.41233E+04 -0.41233E+04
 Top Flux [L/T]      0.99840E-31
 Bot Flux [L/T]      0.00000E+00
 WatBalT  [L]       -0.14034E+00
 WatBalR  [%]              0.393
----------------------------------------------------------

----------------------------------------------------------
 Time       [T]      506.0000
----------------------------------------------------------
 Sub-region num.                     1
----------------------------------------------------------
 Length   [L]        0.15000E+03  0.15000E+03
 W-volume [L]        0.58069E+01  0.58069E+01
 In-flow  [L/T]     -0.30398E-05 -0.30398E-05
 h Mean   [L]       -0.41233E+04 -0.41233E+04
 Top Flux [L/T]      0.99840E-31
 Bot Flux [L/T]      0.00000E+00
 WatBalT  [L]       -0.14034E+00
 WatBalR  [%]              0.393
----------------------------------------------------------

----------------------------------------------------------
 Time       [T]      507.0000
----------------------------------------------------------
 Sub-region num.                     1
----------------------------------------------------------
 Length   [L]        0.15000E+03  0.15000E+03
 W-volume [L]        0.58069E+01  0.58069E+01
 In-flow  [L/T]     -0.30398E-05 -0.30398E-05
 h Mean   [L]       -0.41233E+04 -0.41233E+04
 Top Flux [L/T]      0.99840E-31
 Bot Flux [L/T]      0.00000E+00
 WatBalT  [L]       -0.14034E+00
 WatBalR  [%]              0.393
----------------------------------------------------------

----------------------------------------------------------
 Time       [T]      508.0000
----------------------------------------------------------
 Sub-region num.                     1
----------------------------------------------------------
 Length   [L]        0.15000E+03  0.15000E+03
 W-volume [L]        0.58069E+01  0.58069E+01
 In-flow  [L/T]     -0.30100E-05 -0.30100E-05
 h Mean   [L]       -0.41233E+04 -0.41233E+04
 Top Flux [L/T]      0.99840E-31
 Bot Flux [L/T]      0.00000E+00
 WatBalT  [L]       -0.14034E+00
 WatBalR  [%]              0.393
----------------------------------------------------------

----------------------------------------------------------
 Time       [T]      509.0000
----------------------------------------------------------
 Sub-region num.                     1
----------------------------------------------------------
 Length   [L]        0.15000E+03  0.15000E+03
 W-volume [L]        0.58069E+01  0.58069E+01
 In-flow  [L/T]     -0.30100E-05 -0.30100E-05
 h Mean   [L]       -0.41233E+04 -0.41233E+04
 Top Flux [L/T]      0.99840E-31
 Bot Flux [L/T]      0.00000E+00
 WatBalT  [L]       -0.14034E+00
 WatBalR  [%]              0.393
----------------------------------------------------------

----------------------------------------------------------
 Time       [T]      510.0000
----------------------------------------------------------
 Sub-region num.                     1
----------------------------------------------------------
 Length   [L]        0.15000E+03  0.15000E+03
 W-volume [L]        0.58069E+01  0.58069E+01
 In-flow  [L/T]     -0.30100E-05 -0.30100E-05
 h Mean   [L]       -0.41233E+04 -0.41233E+04
 Top Flux [L/T]      0.99840E-31
 Bot Flux [L/T]      0.00000E+00
 WatBalT  [L]       -0.14034E+00
 WatBalR  [%]              0.393
----------------------------------------------------------

----------------------------------------------------------
 Time       [T]      511.0000
----------------------------------------------------------
 Sub-region num.                     1
----------------------------------------------------------
 Length   [L]        0.15000E+03  0.15000E+03
 W-volume [L]        0.58069E+01  0.58069E+01
 In-flow  [L/T]     -0.30100E-05 -0.30100E-05
 h Mean   [L]       -0.41233E+04 -0.41233E+04
 Top Flux [L/T]      0.99840E-31
 Bot Flux [L/T]      0.00000E+00
 WatBalT  [L]       -0.14033E+00
 WatBalR  [%]              0.393
----------------------------------------------------------

----------------------------------------------------------
 Time       [T]      512.0000
----------------------------------------------------------
 Sub-region num.                     1
----------------------------------------------------------
 Length   [L]        0.15000E+03  0.15000E+03
 W-volume [L]        0.58069E+01  0.58069E+01
 In-flow  [L/T]     -0.30100E-05 -0.30100E-05
 h Mean   [L]       -0.41233E+04 -0.41233E+04
 Top Flux [L/T]      0.99840E-31
 Bot Flux [L/T]      0.00000E+00
 WatBalT  [L]       -0.14033E+00
 WatBalR  [%]              0.393
----------------------------------------------------------

----------------------------------------------------------
 Time       [T]      513.0000
----------------------------------------------------------
 Sub-region num.                     1
----------------------------------------------------------
 Length   [L]        0.15000E+03  0.15000E+03
 W-volume [L]        0.58069E+01  0.58069E+01
 In-flow  [L/T]     -0.30100E-05 -0.30100E-05
 h Mean   [L]       -0.41233E+04 -0.41233E+04
 Top Flux [L/T]      0.99840E-31
 Bot Flux [L/T]      0.00000E+00
 WatBalT  [L]       -0.14033E+00
 WatBalR  [%]              0.393
----------------------------------------------------------

----------------------------------------------------------
 Time       [T]      514.0000
----------------------------------------------------------
 Sub-region num.                     1
----------------------------------------------------------
 Length   [L]        0.15000E+03  0.15000E+03
 W-volume [L]        0.58069E+01  0.58069E+01
 In-flow  [L/T]     -0.30100E-05 -0.30100E-05
 h Mean   [L]       -0.41233E+04 -0.41233E+04
 Top Flux [L/T]      0.99840E-31
 Bot Flux [L/T]      0.00000E+00
 WatBalT  [L]       -0.14033E+00
 WatBalR  [%]              0.393
----------------------------------------------------------

----------------------------------------------------------
 Time       [T]      515.0000
----------------------------------------------------------
 Sub-region num.                     1
----------------------------------------------------------
 Length   [L]        0.15000E+03  0.15000E+03
 W-volume [L]        0.58069E+01  0.58069E+01
 In-flow  [L/T]     -0.30100E-05 -0.30100E-05
 h Mean   [L]       -0.41233E+04 -0.41233E+04
 Top Flux [L/T]      0.99840E-31
 Bot Flux [L/T]      0.00000E+00
 WatBalT  [L]       -0.14033E+00
 WatBalR  [%]              0.393
----------------------------------------------------------

----------------------------------------------------------
 Time       [T]      516.0000
----------------------------------------------------------
 Sub-region num.                     1
----------------------------------------------------------
 Length   [L]        0.15000E+03  0.15000E+03
 W-volume [L]        0.58069E+01  0.58069E+01
 In-flow  [L/T]     -0.30100E-05 -0.30100E-05
 h Mean   [L]       -0.41233E+04 -0.41233E+04
 Top Flux [L/T]      0.99840E-31
 Bot Flux [L/T]      0.00000E+00
 WatBalT  [L]       -0.14033E+00
 WatBalR  [%]              0.393
----------------------------------------------------------

----------------------------------------------------------
 Time       [T]      517.0000
----------------------------------------------------------
 Sub-region num.                     1
----------------------------------------------------------
 Length   [L]        0.15000E+03  0.15000E+03
 W-volume [L]        0.58069E+01  0.58069E+01
 In-flow  [L/T]     -0.29802E-05 -0.29802E-05
 h Mean   [L]       -0.41233E+04 -0.41233E+04
 Top Flux [L/T]      0.99840E-31
 Bot Flux [L/T]      0.00000E+00
 WatBalT  [L]       -0.14033E+00
 WatBalR  [%]              0.393
----------------------------------------------------------

----------------------------------------------------------
 Time       [T]      518.0000
----------------------------------------------------------
 Sub-region num.                     1
----------------------------------------------------------
 Length   [L]        0.15000E+03  0.15000E+03
 W-volume [L]        0.58068E+01  0.58068E+01
 In-flow  [L/T]     -0.29802E-05 -0.29802E-05
 h Mean   [L]       -0.41233E+04 -0.41233E+04
 Top Flux [L/T]      0.99840E-31
 Bot Flux [L/T]      0.00000E+00
 WatBalT  [L]       -0.14033E+00
 WatBalR  [%]              0.393
----------------------------------------------------------

----------------------------------------------------------
 Time       [T]      519.0000
----------------------------------------------------------
 Sub-region num.                     1
----------------------------------------------------------
 Length   [L]        0.15000E+03  0.15000E+03
 W-volume [L]        0.58068E+01  0.58068E+01
 In-flow  [L/T]     -0.29802E-05 -0.29802E-05
 h Mean   [L]       -0.41233E+04 -0.41233E+04
 Top Flux [L/T]      0.99840E-31
 Bot Flux [L/T]      0.00000E+00
 WatBalT  [L]       -0.14033E+00
 WatBalR  [%]              0.393
----------------------------------------------------------

----------------------------------------------------------
 Time       [T]      520.0000
----------------------------------------------------------
 Sub-region num.                     1
----------------------------------------------------------
 Length   [L]        0.15000E+03  0.15000E+03
 W-volume [L]        0.58068E+01  0.58068E+01
 In-flow  [L/T]     -0.29802E-05 -0.29802E-05
 h Mean   [L]       -0.41233E+04 -0.41233E+04
 Top Flux [L/T]      0.99840E-31
 Bot Flux [L/T]      0.00000E+00
 WatBalT  [L]       -0.14033E+00
 WatBalR  [%]              0.393
----------------------------------------------------------

----------------------------------------------------------
 Time       [T]      521.0000
----------------------------------------------------------
 Sub-region num.                     1
----------------------------------------------------------
 Length   [L]        0.15000E+03  0.15000E+03
 W-volume [L]        0.58068E+01  0.58068E+01
 In-flow  [L/T]     -0.29802E-05 -0.29802E-05
 h Mean   [L]       -0.41233E+04 -0.41233E+04
 Top Flux [L/T]      0.99840E-31
 Bot Flux [L/T]      0.00000E+00
 WatBalT  [L]       -0.14033E+00
 WatBalR  [%]              0.393
----------------------------------------------------------

----------------------------------------------------------
 Time       [T]      522.0000
----------------------------------------------------------
 Sub-region num.                     1
----------------------------------------------------------
 Length   [L]        0.15000E+03  0.15000E+03
 W-volume [L]        0.58068E+01  0.58068E+01
 In-flow  [L/T]     -0.29802E-05 -0.29802E-05
 h Mean   [L]       -0.41233E+04 -0.41233E+04
 Top Flux [L/T]      0.99840E-31
 Bot Flux [L/T]      0.00000E+00
 WatBalT  [L]       -0.14032E+00
 WatBalR  [%]              0.393
----------------------------------------------------------

----------------------------------------------------------
 Time       [T]      523.0000
----------------------------------------------------------
 Sub-region num.                     1
----------------------------------------------------------
 Length   [L]        0.15000E+03  0.15000E+03
 W-volume [L]        0.58068E+01  0.58068E+01
 In-flow  [L/T]     -0.29802E-05 -0.29802E-05
 h Mean   [L]       -0.41233E+04 -0.41233E+04
 Top Flux [L/T]      0.99840E-31
 Bot Flux [L/T]      0.00000E+00
 WatBalT  [L]       -0.14032E+00
 WatBalR  [%]              0.393
----------------------------------------------------------

----------------------------------------------------------
 Time       [T]      524.0000
----------------------------------------------------------
 Sub-region num.                     1
----------------------------------------------------------
 Length   [L]        0.15000E+03  0.15000E+03
 W-volume [L]        0.58068E+01  0.58068E+01
 In-flow  [L/T]     -0.29802E-05 -0.29802E-05
 h Mean   [L]       -0.41233E+04 -0.41233E+04
 Top Flux [L/T]      0.99840E-31
 Bot Flux [L/T]      0.00000E+00
 WatBalT  [L]       -0.14032E+00
 WatBalR  [%]              0.393
----------------------------------------------------------

----------------------------------------------------------
 Time       [T]      525.0000
----------------------------------------------------------
 Sub-region num.                     1
----------------------------------------------------------
 Length   [L]        0.15000E+03  0.15000E+03
 W-volume [L]        0.58068E+01  0.58068E+01
 In-flow  [L/T]     -0.29802E-05 -0.29802E-05
 h Mean   [L]       -0.41233E+04 -0.41233E+04
 Top Flux [L/T]      0.99840E-31
 Bot Flux [L/T]      0.00000E+00
 WatBalT  [L]       -0.14032E+00
 WatBalR  [%]              0.393
----------------------------------------------------------

----------------------------------------------------------
 Time       [T]      526.0000
----------------------------------------------------------
 Sub-region num.                     1
----------------------------------------------------------
 Length   [L]        0.15000E+03  0.15000E+03
 W-volume [L]        0.58068E+01  0.58068E+01
 In-flow  [L/T]     -0.29504E-05 -0.29504E-05
 h Mean   [L]       -0.41233E+04 -0.41233E+04
 Top Flux [L/T]      0.99840E-31
 Bot Flux [L/T]      0.00000E+00
 WatBalT  [L]       -0.14032E+00
 WatBalR  [%]              0.393
----------------------------------------------------------

----------------------------------------------------------
 Time       [T]      527.0000
----------------------------------------------------------
 Sub-region num.                     1
----------------------------------------------------------
 Length   [L]        0.15000E+03  0.15000E+03
 W-volume [L]        0.58068E+01  0.58068E+01
 In-flow  [L/T]     -0.29504E-05 -0.29504E-05
 h Mean   [L]       -0.41233E+04 -0.41233E+04
 Top Flux [L/T]      0.99840E-31
 Bot Flux [L/T]      0.00000E+00
 WatBalT  [L]       -0.14032E+00
 WatBalR  [%]              0.393
----------------------------------------------------------

----------------------------------------------------------
 Time       [T]      528.0000
----------------------------------------------------------
 Sub-region num.                     1
----------------------------------------------------------
 Length   [L]        0.15000E+03  0.15000E+03
 W-volume [L]        0.58068E+01  0.58068E+01
 In-flow  [L/T]     -0.29504E-05 -0.29504E-05
 h Mean   [L]       -0.41233E+04 -0.41233E+04
 Top Flux [L/T]      0.99840E-31
 Bot Flux [L/T]      0.00000E+00
 WatBalT  [L]       -0.14032E+00
 WatBalR  [%]              0.393
----------------------------------------------------------

----------------------------------------------------------
 Time       [T]      529.0000
----------------------------------------------------------
 Sub-region num.                     1
----------------------------------------------------------
 Length   [L]        0.15000E+03  0.15000E+03
 W-volume [L]        0.69342E+01  0.69342E+01
 In-flow  [L/T]      0.66967E+00  0.66967E+00
 h Mean   [L]       -0.74793E+03 -0.74793E+03
 Top Flux [L/T]     -0.75894E+00
 Bot Flux [L/T]      0.00000E+00
 WatBalT  [L]       -0.13999E+00
 WatBalR  [%]              0.379
----------------------------------------------------------

----------------------------------------------------------
 Time       [T]      530.0000
----------------------------------------------------------
 Sub-region num.                     1
----------------------------------------------------------
 Length   [L]        0.15000E+03  0.15000E+03
 W-volume [L]        0.74981E+01  0.74981E+01
 In-flow  [L/T]      0.49750E+00  0.49750E+00
 h Mean   [L]       -0.72659E+03 -0.72659E+03
 Top Flux [L/T]     -0.60141E+00
 Bot Flux [L/T]      0.00000E+00
 WatBalT  [L]       -0.14004E+00
 WatBalR  [%]              0.371
----------------------------------------------------------

----------------------------------------------------------
 Time       [T]      531.0000
----------------------------------------------------------
 Sub-region num.                     1
----------------------------------------------------------
 Length   [L]        0.15000E+03  0.15000E+03
 W-volume [L]        0.79724E+01  0.79724E+01
 In-flow  [L/T]      0.43438E+00  0.43438E+00
 h Mean   [L]       -0.70659E+03 -0.70659E+03
 Top Flux [L/T]     -0.55043E+00
 Bot Flux [L/T]      0.00000E+00
 WatBalT  [L]       -0.13990E+00
 WatBalR  [%]              0.364
----------------------------------------------------------

----------------------------------------------------------
 Time       [T]      532.0000
----------------------------------------------------------
 Sub-region num.                     1
----------------------------------------------------------
 Length   [L]        0.15000E+03  0.15000E+03
 W-volume [L]        0.84260E+01  0.84260E+01
 In-flow  [L/T]      0.44011E+00  0.44011E+00
 h Mean   [L]       -0.69425E+03 -0.69425E+03
 Top Flux [L/T]     -0.52905E+00
 Bot Flux [L/T]      0.00000E+00
 WatBalT  [L]       -0.14119E+00
 WatBalR  [%]              0.362
----------------------------------------------------------

----------------------------------------------------------
 Time       [T]      533.0000
----------------------------------------------------------
 Sub-region num.                     1
----------------------------------------------------------
 Length   [L]        0.15000E+03  0.15000E+03
 W-volume [L]        0.88376E+01  0.88376E+01
 In-flow  [L/T]      0.40483E+00  0.40483E+00
 h Mean   [L]       -0.67404E+03 -0.67404E+03
 Top Flux [L/T]     -0.51277E+00
 Bot Flux [L/T]      0.00000E+00
 WatBalT  [L]       -0.14018E+00
 WatBalR  [%]              0.354
----------------------------------------------------------

----------------------------------------------------------
 Time       [T]      534.0000
----------------------------------------------------------
 Sub-region num.                     1
----------------------------------------------------------
 Length   [L]        0.15000E+03  0.15000E+03
 W-volume [L]        0.93238E+01  0.93238E+01
 In-flow  [L/T]      0.48758E+00  0.48758E+00
 h Mean   [L]       -0.66027E+03 -0.66027E+03
 Top Flux [L/T]     -0.50637E+00
 Bot Flux [L/T]      0.00000E+00
 WatBalT  [L]       -0.14032E+00
 WatBalR  [%]              0.349
----------------------------------------------------------

----------------------------------------------------------
 Time       [T]      535.0000
----------------------------------------------------------
 Sub-region num.                     1
----------------------------------------------------------
 Length   [L]        0.15000E+03  0.15000E+03
 W-volume [L]        0.91673E+01  0.91673E+01
 In-flow  [L/T]     -0.15801E+00 -0.15801E+00
 h Mean   [L]       -0.65482E+03 -0.65482E+03
 Top Flux [L/T]     -0.23037E-02
 Bot Flux [L/T]      0.00000E+00
 WatBalT  [L]       -0.13884E+00
 WatBalR  [%]              0.344
----------------------------------------------------------

----------------------------------------------------------
 Time       [T]      536.0000
----------------------------------------------------------
 Sub-region num.                     1
----------------------------------------------------------
 Length   [L]        0.15000E+03  0.15000E+03
 W-volume [L]        0.89323E+01  0.89323E+01
 In-flow  [L/T]     -0.25420E+00 -0.25420E+00
 h Mean   [L]       -0.65666E+03 -0.65666E+03
 Top Flux [L/T]     -0.13669E-02
 Bot Flux [L/T]      0.00000E+00
 WatBalT  [L]       -0.11960E+00
 WatBalR  [%]              0.295
----------------------------------------------------------

----------------------------------------------------------
 Time       [T]      537.0000
----------------------------------------------------------
 Sub-region num.                     1
----------------------------------------------------------
 Length   [L]        0.15000E+03  0.15000E+03
 W-volume [L]        0.86648E+01  0.86648E+01
 In-flow  [L/T]     -0.28091E+00 -0.28091E+00
 h Mean   [L]       -0.66002E+03 -0.66002E+03
 Top Flux [L/T]     -0.12713E-02
 Bot Flux [L/T]      0.00000E+00
 WatBalT  [L]       -0.10837E+00
 WatBalR  [%]              0.265
----------------------------------------------------------

----------------------------------------------------------
 Time       [T]      538.0000
----------------------------------------------------------
 Sub-region num.                     1
----------------------------------------------------------
 Length   [L]        0.15000E+03  0.15000E+03
 W-volume [L]        0.84173E+01  0.84173E+01
 In-flow  [L/T]     -0.21825E+00 -0.21825E+00
 h Mean   [L]       -0.66356E+03 -0.66356E+03
 Top Flux [L/T]     -0.10703E-02
 Bot Flux [L/T]      0.00000E+00
 WatBalT  [L]       -0.13885E+00
 WatBalR  [%]              0.338
----------------------------------------------------------

----------------------------------------------------------
 Time       [T]      539.0000
----------------------------------------------------------
 Sub-region num.                     1
----------------------------------------------------------
 Length   [L]        0.15000E+03  0.15000E+03
 W-volume [L]        0.81732E+01  0.81732E+01
 In-flow  [L/T]     -0.27255E+00 -0.27255E+00
 h Mean   [L]       -0.66542E+03 -0.66542E+03
 Top Flux [L/T]     -0.68858E-03
 Bot Flux [L/T]      0.00000E+00
 WatBalT  [L]       -0.11074E+00
 WatBalR  [%]              0.268
----------------------------------------------------------

----------------------------------------------------------
 Time       [T]      540.0000
----------------------------------------------------------
 Sub-region num.                     1
----------------------------------------------------------
 Length   [L]        0.15000E+03  0.15000E+03
 W-volume [L]        0.78603E+01  0.78603E+01
 In-flow  [L/T]     -0.35394E+00 -0.35394E+00
 h Mean   [L]       -0.66708E+03 -0.66708E+03
 Top Flux [L/T]     -0.32651E-03
 Bot Flux [L/T]      0.00000E+00
 WatBalT  [L]       -0.69801E-01
 WatBalR  [%]              0.167
----------------------------------------------------------

----------------------------------------------------------
 Time       [T]      541.0000
----------------------------------------------------------
 Sub-region num.                     1
----------------------------------------------------------
 Length   [L]        0.15000E+03  0.15000E+03
 W-volume [L]        0.75276E+01  0.75276E+01
 In-flow  [L/T]     -0.31166E+00 -0.31166E+00
 h Mean   [L]       -0.66914E+03 -0.66914E+03
 Top Flux [L/T]     -0.42444E-03
 Bot Flux [L/T]      0.00000E+00
 WatBalT  [L]       -0.90870E-01
 WatBalR  [%]              0.216
----------------------------------------------------------

----------------------------------------------------------
 Time       [T]      542.0000
----------------------------------------------------------
 Sub-region num.                     1
----------------------------------------------------------
 Length   [L]        0.15000E+03  0.15000E+03
 W-volume [L]        0.72409E+01  0.72409E+01
 In-flow  [L/T]     -0.26159E+00 -0.26159E+00
 h Mean   [L]       -0.67173E+03 -0.67173E+03
 Top Flux [L/T]     -0.54361E-03
 Bot Flux [L/T]      0.00000E+00
 WatBalT  [L]       -0.11590E+00
 WatBalR  [%]              0.274
----------------------------------------------------------

----------------------------------------------------------
 Time       [T]      543.0000
----------------------------------------------------------
 Sub-region num.                     1
----------------------------------------------------------
 Length   [L]        0.15000E+03  0.15000E+03
 W-volume [L]        0.69697E+01  0.69697E+01
 In-flow  [L/T]     -0.28096E+00 -0.28096E+00
 h Mean   [L]       -0.67553E+03 -0.67553E+03
 Top Flux [L/T]     -0.66544E-03
 Bot Flux [L/T]      0.00000E+00
 WatBalT  [L]       -0.10621E+00
 WatBalR  [%]              0.250
----------------------------------------------------------

----------------------------------------------------------
 Time       [T]      544.0000
----------------------------------------------------------
 Sub-region num.                     1
----------------------------------------------------------
 Length   [L]        0.15000E+03  0.15000E+03
 W-volume [L]        0.67266E+01  0.67266E+01
 In-flow  [L/T]     -0.20507E+00 -0.20507E+00
 h Mean   [L]       -0.68128E+03 -0.68128E+03
 Top Flux [L/T]     -0.76379E-03
 Bot Flux [L/T]      0.00000E+00
 WatBalT  [L]       -0.14416E+00
 WatBalR  [%]              0.337
----------------------------------------------------------

----------------------------------------------------------
 Time       [T]      545.0000
----------------------------------------------------------
 Sub-region num.                     1
----------------------------------------------------------
 Length   [L]        0.15000E+03  0.15000E+03
 W-volume [L]        0.65547E+01  0.65547E+01
 In-flow  [L/T]     -0.13887E+00 -0.13887E+00
 h Mean   [L]       -0.68848E+03 -0.68848E+03
 Top Flux [L/T]     -0.74265E-03
 Bot Flux [L/T]      0.00000E+00
 WatBalT  [L]       -0.17726E+00
 WatBalR  [%]              0.413
----------------------------------------------------------

----------------------------------------------------------
 Time       [T]      546.0000
----------------------------------------------------------
 Sub-region num.                     1
----------------------------------------------------------
 Length   [L]        0.15000E+03  0.15000E+03
 W-volume [L]        0.63657E+01  0.63657E+01
 In-flow  [L/T]     -0.23898E+00 -0.23898E+00
 h Mean   [L]       -0.70309E+03 -0.70309E+03
 Top Flux [L/T]     -0.70260E-03
 Bot Flux [L/T]      0.00000E+00
 WatBalT  [L]       -0.13932E+00
 WatBalR  [%]              0.323
----------------------------------------------------------

----------------------------------------------------------
 Time       [T]      547.0000
----------------------------------------------------------
 Sub-region num.                     1
----------------------------------------------------------
 Length   [L]        0.15000E+03  0.15000E+03
 W-volume [L]        0.61910E+01  0.61910E+01
 In-flow  [L/T]     -0.13480E+00 -0.13480E+00
 h Mean   [L]       -0.73088E+03 -0.73088E+03
 Top Flux [L/T]     -0.60346E-03
 Bot Flux [L/T]      0.00000E+00
 WatBalT  [L]       -0.19492E+00
 WatBalR  [%]              0.451
----------------------------------------------------------

----------------------------------------------------------
 Time       [T]      548.0000
----------------------------------------------------------
 Sub-region num.                     1
----------------------------------------------------------
 Length   [L]        0.15000E+03  0.15000E+03
 W-volume [L]        0.60873E+01  0.60873E+01
 In-flow  [L/T]     -0.10375E+00 -0.10375E+00
 h Mean   [L]       -0.75169E+03 -0.75169E+03
 Top Flux [L/T]     -0.18499E-03
 Bot Flux [L/T]      0.00000E+00
 WatBalT  [L]       -0.20444E+00
 WatBalR  [%]              0.472
----------------------------------------------------------

----------------------------------------------------------
 Time       [T]      549.0000
----------------------------------------------------------
 Sub-region num.                     1
----------------------------------------------------------
 Length   [L]        0.15000E+03  0.15000E+03
 W-volume [L]        0.70428E+01  0.70428E+01
 In-flow  [L/T]      0.61443E+00  0.61443E+00
 h Mean   [L]       -0.72671E+03 -0.72671E+03
 Top Flux [L/T]     -0.74798E+00
 Bot Flux [L/T]      0.00000E+00
 WatBalT  [L]       -0.20447E+00
 WatBalR  [%]              0.459
----------------------------------------------------------

----------------------------------------------------------
 Time       [T]      550.0000
----------------------------------------------------------
 Sub-region num.                     1
----------------------------------------------------------
 Length   [L]        0.15000E+03  0.15000E+03
 W-volume [L]        0.69534E+01  0.69534E+01
 In-flow  [L/T]     -0.83553E-01 -0.83553E-01
 h Mean   [L]       -0.73584E+03 -0.73584E+03
 Top Flux [L/T]     -0.22768E-02
 Bot Flux [L/T]      0.00000E+00
 WatBalT  [L]       -0.20685E+00
 WatBalR  [%]              0.463
----------------------------------------------------------

----------------------------------------------------------
 Time       [T]      551.0000
----------------------------------------------------------
 Sub-region num.                     1
----------------------------------------------------------
 Length   [L]        0.15000E+03  0.15000E+03
 W-volume [L]        0.75340E+01  0.75340E+01
 In-flow  [L/T]      0.50281E+00  0.50281E+00
 h Mean   [L]       -0.72209E+03 -0.72209E+03
 Top Flux [L/T]     -0.59577E+00
 Bot Flux [L/T]      0.00000E+00
 WatBalT  [L]       -0.20752E+00
 WatBalR  [%]              0.457
----------------------------------------------------------

----------------------------------------------------------
 Time       [T]      552.0000
----------------------------------------------------------
 Sub-region num.                     1
----------------------------------------------------------
 Length   [L]        0.15000E+03  0.15000E+03
 W-volume [L]        0.73995E+01  0.73995E+01
 In-flow  [L/T]     -0.13308E+00 -0.13308E+00
 h Mean   [L]       -0.72597E+03 -0.72597E+03
 Top Flux [L/T]     -0.28677E-02
 Bot Flux [L/T]      0.00000E+00
 WatBalT  [L]       -0.20772E+00
 WatBalR  [%]              0.456
----------------------------------------------------------

----------------------------------------------------------
 Time       [T]      553.0000
----------------------------------------------------------
 Sub-region num.                     1
----------------------------------------------------------
 Length   [L]        0.15000E+03  0.15000E+03
 W-volume [L]        0.79368E+01  0.79368E+01
 In-flow  [L/T]      0.45347E+00  0.45347E+00
 h Mean   [L]       -0.70873E+03 -0.70873E+03
 Top Flux [L/T]     -0.54688E+00
 Bot Flux [L/T]      0.00000E+00
 WatBalT  [L]       -0.20788E+00
 WatBalR  [%]              0.449
----------------------------------------------------------

----------------------------------------------------------
 Time       [T]      554.0000
----------------------------------------------------------
 Sub-region num.                     1
----------------------------------------------------------
 Length   [L]        0.15000E+03  0.15000E+03
 W-volume [L]        0.77381E+01  0.77381E+01
 In-flow  [L/T]     -0.20010E+00 -0.20010E+00
 h Mean   [L]       -0.70955E+03 -0.70955E+03
 Top Flux [L/T]     -0.29880E-02
 Bot Flux [L/T]      0.00000E+00
 WatBalT  [L]       -0.20663E+00
 WatBalR  [%]              0.445
----------------------------------------------------------

----------------------------------------------------------
 Time       [T]      555.0000
----------------------------------------------------------
 Sub-region num.                     1
----------------------------------------------------------
 Length   [L]        0.15000E+03  0.15000E+03
 W-volume [L]        0.82138E+01  0.82138E+01
 In-flow  [L/T]      0.41579E+00  0.41579E+00
 h Mean   [L]       -0.69883E+03 -0.69883E+03
 Top Flux [L/T]     -0.53576E+00
 Bot Flux [L/T]      0.00000E+00
 WatBalT  [L]       -0.20796E+00
 WatBalR  [%]              0.440
----------------------------------------------------------

----------------------------------------------------------
 Time       [T]      556.0000
----------------------------------------------------------
 Sub-region num.                     1
----------------------------------------------------------
 Length   [L]        0.15000E+03  0.15000E+03
 W-volume [L]        0.79869E+01  0.79869E+01
 In-flow  [L/T]     -0.22737E+00 -0.22737E+00
 h Mean   [L]       -0.69942E+03 -0.69942E+03
 Top Flux [L/T]     -0.29676E-02
 Bot Flux [L/T]      0.00000E+00
 WatBalT  [L]       -0.20690E+00
 WatBalR  [%]              0.436
----------------------------------------------------------

----------------------------------------------------------
 Time       [T]      557.0000
----------------------------------------------------------
 Sub-region num.                     1
----------------------------------------------------------
 Length   [L]        0.15000E+03  0.15000E+03
 W-volume [L]        0.84409E+01  0.84409E+01
 In-flow  [L/T]      0.40076E+00  0.40076E+00
 h Mean   [L]       -0.69420E+03 -0.69420E+03
 Top Flux [L/T]     -0.53038E+00
 Bot Flux [L/T]      0.00000E+00
 WatBalT  [L]       -0.20825E+00
 WatBalR  [%]              0.432
----------------------------------------------------------

----------------------------------------------------------
 Time       [T]      558.0000
----------------------------------------------------------
 Sub-region num.                     1
----------------------------------------------------------
 Length   [L]        0.15000E+03  0.15000E+03
 W-volume [L]        0.88513E+01  0.88513E+01
 In-flow  [L/T]      0.40751E+00  0.40751E+00
 h Mean   [L]       -0.67380E+03 -0.67380E+03
 Top Flux [L/T]     -0.51547E+00
 Bot Flux [L/T]      0.00000E+00
 WatBalT  [L]       -0.20902E+00
 WatBalR  [%]              0.428
----------------------------------------------------------

----------------------------------------------------------
 Time       [T]      559.0000
----------------------------------------------------------
 Sub-region num.                     1
----------------------------------------------------------
 Length   [L]        0.15000E+03  0.15000E+03
 W-volume [L]        0.85937E+01  0.85937E+01
 In-flow  [L/T]     -0.25901E+00 -0.25901E+00
 h Mean   [L]       -0.67465E+03 -0.67465E+03
 Top Flux [L/T]     -0.30294E-02
 Bot Flux [L/T]      0.00000E+00
 WatBalT  [L]       -0.20794E+00
 WatBalR  [%]              0.424
----------------------------------------------------------

----------------------------------------------------------
 Time       [T]      560.0000
----------------------------------------------------------
 Sub-region num.                     1
----------------------------------------------------------
 Length   [L]        0.15000E+03  0.15000E+03
 W-volume [L]        0.83291E+01  0.83291E+01
 In-flow  [L/T]     -0.26654E+00 -0.26654E+00
 h Mean   [L]       -0.67565E+03 -0.67565E+03
 Top Flux [L/T]     -0.13899E-02
 Bot Flux [L/T]      0.00000E+00
 WatBalT  [L]       -0.20606E+00
 WatBalR  [%]              0.418
----------------------------------------------------------

----------------------------------------------------------
 Time       [T]      561.0000
----------------------------------------------------------
 Sub-region num.                     1
----------------------------------------------------------
 Length   [L]        0.15000E+03  0.15000E+03
 W-volume [L]        0.80693E+01  0.80693E+01
 In-flow  [L/T]     -0.25299E+00 -0.25299E+00
 h Mean   [L]       -0.67689E+03 -0.67689E+03
 Top Flux [L/T]     -0.13488E-02
 Bot Flux [L/T]      0.00000E+00
 WatBalT  [L]       -0.21284E+00
 WatBalR  [%]              0.429
----------------------------------------------------------

----------------------------------------------------------
 Time       [T]      562.0000
----------------------------------------------------------
 Sub-region num.                     1
----------------------------------------------------------
 Length   [L]        0.15000E+03  0.15000E+03
 W-volume [L]        0.77997E+01  0.77997E+01
 In-flow  [L/T]     -0.28612E+00 -0.28612E+00
 h Mean   [L]       -0.67880E+03 -0.67880E+03
 Top Flux [L/T]     -0.93537E-03
 Bot Flux [L/T]      0.00000E+00
 WatBalT  [L]       -0.19627E+00
 WatBalR  [%]              0.393
----------------------------------------------------------

----------------------------------------------------------
 Time       [T]      563.0000
----------------------------------------------------------
 Sub-region num.                     1
----------------------------------------------------------
 Length   [L]        0.15000E+03  0.15000E+03
 W-volume [L]        0.75200E+01  0.75200E+01
 In-flow  [L/T]     -0.27332E+00 -0.27332E+00
 h Mean   [L]       -0.68255E+03 -0.68255E+03
 Top Flux [L/T]     -0.45478E-03
 Bot Flux [L/T]      0.00000E+00
 WatBalT  [L]       -0.20555E+00
 WatBalR  [%]              0.410
----------------------------------------------------------

----------------------------------------------------------
 Time       [T]      564.0000
----------------------------------------------------------
 Sub-region num.                     1
----------------------------------------------------------
 Length   [L]        0.15000E+03  0.15000E+03
 W-volume [L]        0.72588E+01  0.72588E+01
 In-flow  [L/T]     -0.25480E+00 -0.25480E+00
 h Mean   [L]       -0.68738E+03 -0.68738E+03
 Top Flux [L/T]     -0.41052E-03
 Bot Flux [L/T]      0.00000E+00
 WatBalT  [L]       -0.21373E+00
 WatBalR  [%]              0.424
----------------------------------------------------------

----------------------------------------------------------
 Time       [T]      565.0000
----------------------------------------------------------
 Sub-region num.                     1
----------------------------------------------------------
 Length   [L]        0.15000E+03  0.15000E+03
 W-volume [L]        0.70294E+01  0.70294E+01
 In-flow  [L/T]     -0.20766E+00 -0.20766E+00
 h Mean   [L]       -0.69072E+03 -0.69072E+03
 Top Flux [L/T]     -0.50606E-03
 Bot Flux [L/T]      0.00000E+00
 WatBalT  [L]       -0.23595E+00
 WatBalR  [%]              0.466
----------------------------------------------------------

----------------------------------------------------------
 Time       [T]      566.0000
----------------------------------------------------------
 Sub-region num.                     1
----------------------------------------------------------
 Length   [L]        0.15000E+03  0.15000E+03
 W-volume [L]        0.68138E+01  0.68138E+01
 In-flow  [L/T]     -0.22440E+00 -0.22440E+00
 h Mean   [L]       -0.69400E+03 -0.69400E+03
 Top Flux [L/T]     -0.60903E-03
 Bot Flux [L/T]      0.00000E+00
 WatBalT  [L]       -0.22725E+00
 WatBalR  [%]              0.447
----------------------------------------------------------

----------------------------------------------------------
 Time       [T]      567.0000
----------------------------------------------------------
 Sub-region num.                     1
----------------------------------------------------------
 Length   [L]        0.15000E+03  0.15000E+03
 W-volume [L]        0.65883E+01  0.65883E+01
 In-flow  [L/T]     -0.22681E+00 -0.22681E+00
 h Mean   [L]       -0.69905E+03 -0.69905E+03
 Top Flux [L/T]     -0.72734E-03
 Bot Flux [L/T]      0.00000E+00
 WatBalT  [L]       -0.22597E+00
 WatBalR  [%]              0.442
----------------------------------------------------------

----------------------------------------------------------
 Time       [T]      568.0000
----------------------------------------------------------
 Sub-region num.                     1
----------------------------------------------------------
 Length   [L]        0.15000E+03  0.15000E+03
 W-volume [L]        0.63734E+01  0.63734E+01
 In-flow  [L/T]     -0.20308E+00 -0.20308E+00
 h Mean   [L]       -0.70819E+03 -0.70819E+03
 Top Flux [L/T]     -0.82340E-03
 Bot Flux [L/T]      0.00000E+00
 WatBalT  [L]       -0.23779E+00
 WatBalR  [%]              0.464
----------------------------------------------------------

----------------------------------------------------------
 Time       [T]      569.0000
----------------------------------------------------------
 Sub-region num.                     1
----------------------------------------------------------
 Length   [L]        0.15000E+03  0.15000E+03
 W-volume [L]        0.61663E+01  0.61663E+01
 In-flow  [L/T]     -0.21124E+00 -0.21124E+00
 h Mean   [L]       -0.72980E+03 -0.72980E+03
 Top Flux [L/T]     -0.85067E-03
 Bot Flux [L/T]      0.00000E+00
 WatBalT  [L]       -0.26085E+00
 WatBalR  [%]              0.507
----------------------------------------------------------

----------------------------------------------------------
 Time       [T]      570.0000
----------------------------------------------------------
 Sub-region num.                     1
----------------------------------------------------------
 Length   [L]        0.15000E+03  0.15000E+03
 W-volume [L]        0.60269E+01  0.60269E+01
 In-flow  [L/T]     -0.12171E+00 -0.12171E+00
 h Mean   [L]       -0.75901E+03 -0.75901E+03
 Top Flux [L/T]     -0.59707E-03
 Bot Flux [L/T]      0.00000E+00
 WatBalT  [L]       -0.29895E+00
 WatBalR  [%]              0.580
----------------------------------------------------------

----------------------------------------------------------
 Time       [T]      571.0000
----------------------------------------------------------
 Sub-region num.                     1
----------------------------------------------------------
 Length   [L]        0.15000E+03  0.15000E+03
 W-volume [L]        0.59646E+01  0.59646E+01
 In-flow  [L/T]     -0.43851E-01 -0.43851E-01
 h Mean   [L]       -0.77841E+03 -0.77841E+03
 Top Flux [L/T]     -0.29757E-03
 Bot Flux [L/T]      0.00000E+00
 WatBalT  [L]       -0.32830E+00
 WatBalR  [%]              0.636
----------------------------------------------------------

----------------------------------------------------------
 Time       [T]      572.0000
----------------------------------------------------------
 Sub-region num.                     1
----------------------------------------------------------
 Length   [L]        0.15000E+03  0.15000E+03
 W-volume [L]        0.59480E+01  0.59480E+01
 In-flow  [L/T]     -0.11118E-01 -0.11118E-01
 h Mean   [L]       -0.78679E+03 -0.78679E+03
 Top Flux [L/T]     -0.15810E-03
 Bot Flux [L/T]      0.00000E+00
 WatBalT  [L]       -0.33652E+00
 WatBalR  [%]              0.652
----------------------------------------------------------

----------------------------------------------------------
 Time       [T]      573.0000
----------------------------------------------------------
 Sub-region num.                     1
----------------------------------------------------------
 Length   [L]        0.15000E+03  0.15000E+03
 W-volume [L]        0.59438E+01  0.59438E+01
 In-flow  [L/T]     -0.27161E-02 -0.27161E-02
 h Mean   [L]       -0.78934E+03 -0.78934E+03
 Top Flux [L/T]     -0.15718E-03
 Bot Flux [L/T]      0.00000E+00
 WatBalT  [L]       -0.33870E+00
 WatBalR  [%]              0.656
----------------------------------------------------------

----------------------------------------------------------
 Time       [T]      574.0000
----------------------------------------------------------
 Sub-region num.                     1
----------------------------------------------------------
 Length   [L]        0.15000E+03  0.15000E+03
 W-volume [L]        0.59429E+01  0.59429E+01
 In-flow  [L/T]     -0.64506E-03 -0.64506E-03
 h Mean   [L]       -0.78996E+03 -0.78996E+03
 Top Flux [L/T]     -0.15380E-03
 Bot Flux [L/T]      0.00000E+00
 WatBalT  [L]       -0.33919E+00
 WatBalR  [%]              0.657
----------------------------------------------------------

----------------------------------------------------------
 Time       [T]      575.0000
----------------------------------------------------------
 Sub-region num.                     1
----------------------------------------------------------
 Length   [L]        0.15000E+03  0.15000E+03
 W-volume [L]        0.59426E+01  0.59426E+01
 In-flow  [L/T]     -0.16831E-03 -0.16831E-03
 h Mean   [L]       -0.79003E+03 -0.79003E+03
 Top Flux [L/T]     -0.14990E-03
 Bot Flux [L/T]      0.00000E+00
 WatBalT  [L]       -0.33926E+00
 WatBalR  [%]              0.657
----------------------------------------------------------

----------------------------------------------------------
 Time       [T]      576.0000
----------------------------------------------------------
 Sub-region num.                     1
----------------------------------------------------------
 Length   [L]        0.15000E+03  0.15000E+03
 W-volume [L]        0.59425E+01  0.59425E+01
 In-flow  [L/T]     -0.15561E-03 -0.15561E-03
 h Mean   [L]       -0.79004E+03 -0.79004E+03
 Top Flux [L/T]     -0.14595E-03
 Bot Flux [L/T]      0.00000E+00
 WatBalT  [L]       -0.33926E+00
 WatBalR  [%]              0.657
----------------------------------------------------------

----------------------------------------------------------
 Time       [T]      577.0000
----------------------------------------------------------
 Sub-region num.                     1
----------------------------------------------------------
 Length   [L]        0.15000E+03  0.15000E+03
 W-volume [L]        0.59423E+01  0.59423E+01
 In-flow  [L/T]     -0.14944E-03 -0.14944E-03
 h Mean   [L]       -0.79005E+03 -0.79005E+03
 Top Flux [L/T]     -0.14206E-03
 Bot Flux [L/T]      0.00000E+00
 WatBalT  [L]       -0.33926E+00
 WatBalR  [%]              0.657
----------------------------------------------------------

----------------------------------------------------------
 Time       [T]      578.0000
----------------------------------------------------------
 Sub-region num.                     1
----------------------------------------------------------
 Length   [L]        0.15000E+03  0.15000E+03
 W-volume [L]        0.59422E+01  0.59422E+01
 In-flow  [L/T]     -0.14505E-03 -0.14505E-03
 h Mean   [L]       -0.79005E+03 -0.79005E+03
 Top Flux [L/T]     -0.13827E-03
 Bot Flux [L/T]      0.00000E+00
 WatBalT  [L]       -0.33927E+00
 WatBalR  [%]              0.657
----------------------------------------------------------

----------------------------------------------------------
 Time       [T]      579.0000
----------------------------------------------------------
 Sub-region num.                     1
----------------------------------------------------------
 Length   [L]        0.15000E+03  0.15000E+03
 W-volume [L]        0.59420E+01  0.59420E+01
 In-flow  [L/T]     -0.14111E-03 -0.14111E-03
 h Mean   [L]       -0.79005E+03 -0.79005E+03
 Top Flux [L/T]     -0.13458E-03
 Bot Flux [L/T]      0.00000E+00
 WatBalT  [L]       -0.33927E+00
 WatBalR  [%]              0.657
----------------------------------------------------------

----------------------------------------------------------
 Time       [T]      580.0000
----------------------------------------------------------
 Sub-region num.                     1
----------------------------------------------------------
 Length   [L]        0.15000E+03  0.15000E+03
 W-volume [L]        0.59419E+01  0.59419E+01
 In-flow  [L/T]     -0.13739E-03 -0.13739E-03
 h Mean   [L]       -0.79006E+03 -0.79006E+03
 Top Flux [L/T]     -0.13098E-03
 Bot Flux [L/T]      0.00000E+00
 WatBalT  [L]       -0.33927E+00
 WatBalR  [%]              0.657
----------------------------------------------------------

----------------------------------------------------------
 Time       [T]      581.0000
----------------------------------------------------------
 Sub-region num.                     1
----------------------------------------------------------
 Length   [L]        0.15000E+03  0.15000E+03
 W-volume [L]        0.59418E+01  0.59418E+01
 In-flow  [L/T]     -0.13378E-03 -0.13378E-03
 h Mean   [L]       -0.79006E+03 -0.79006E+03
 Top Flux [L/T]     -0.12748E-03
 Bot Flux [L/T]      0.00000E+00
 WatBalT  [L]       -0.33927E+00
 WatBalR  [%]              0.657
----------------------------------------------------------

----------------------------------------------------------
 Time       [T]      582.0000
----------------------------------------------------------
 Sub-region num.                     1
----------------------------------------------------------
 Length   [L]        0.15000E+03  0.15000E+03
 W-volume [L]        0.59417E+01  0.59417E+01
 In-flow  [L/T]     -0.63881E-04 -0.63881E-04
 h Mean   [L]       -0.79004E+03 -0.79004E+03
 Top Flux [L/T]     -0.12377E-03
 Bot Flux [L/T]      0.00000E+00
 WatBalT  [L]       -0.33928E+00
 WatBalR  [%]              0.658
----------------------------------------------------------

----------------------------------------------------------
 Time       [T]      583.0000
----------------------------------------------------------
 Sub-region num.                     1
----------------------------------------------------------
 Length   [L]        0.15000E+03  0.15000E+03
 W-volume [L]        0.59415E+01  0.59415E+01
 In-flow  [L/T]     -0.17329E-03 -0.17329E-03
 h Mean   [L]       -0.79005E+03 -0.79005E+03
 Top Flux [L/T]     -0.12058E-03
 Bot Flux [L/T]      0.00000E+00
 WatBalT  [L]       -0.33926E+00
 WatBalR  [%]              0.657
----------------------------------------------------------

----------------------------------------------------------
 Time       [T]      584.0000
----------------------------------------------------------
 Sub-region num.                     1
----------------------------------------------------------
 Length   [L]        0.15000E+03  0.15000E+03
 W-volume [L]        0.59414E+01  0.59414E+01
 In-flow  [L/T]     -0.13505E-03 -0.13505E-03
 h Mean   [L]       -0.79006E+03 -0.79006E+03
 Top Flux [L/T]     -0.11749E-03
 Bot Flux [L/T]      0.00000E+00
 WatBalT  [L]       -0.33928E+00
 WatBalR  [%]              0.657
----------------------------------------------------------

----------------------------------------------------------
 Time       [T]      585.0000
----------------------------------------------------------
 Sub-region num.                     1
----------------------------------------------------------
 Length   [L]        0.15000E+03  0.15000E+03
 W-volume [L]        0.59413E+01  0.59413E+01
 In-flow  [L/T]     -0.55477E-04 -0.55477E-04
 h Mean   [L]       -0.79004E+03 -0.79004E+03
 Top Flux [L/T]     -0.11407E-03
 Bot Flux [L/T]      0.00000E+00
 WatBalT  [L]       -0.33929E+00
 WatBalR  [%]              0.658
----------------------------------------------------------

----------------------------------------------------------
 Time       [T]      586.0000
----------------------------------------------------------
 Sub-region num.                     1
----------------------------------------------------------
 Length   [L]        0.15000E+03  0.15000E+03
 W-volume [L]        0.59412E+01  0.59412E+01
 In-flow  [L/T]     -0.17041E-03 -0.17041E-03
 h Mean   [L]       -0.79006E+03 -0.79006E+03
 Top Flux [L/T]     -0.11115E-03
 Bot Flux [L/T]      0.00000E+00
 WatBalT  [L]       -0.33927E+00
 WatBalR  [%]              0.657
----------------------------------------------------------

----------------------------------------------------------
 Time       [T]      587.0000
----------------------------------------------------------
 Sub-region num.                     1
----------------------------------------------------------
 Length   [L]        0.15000E+03  0.15000E+03
 W-volume [L]        0.59410E+01  0.59410E+01
 In-flow  [L/T]     -0.13742E-03 -0.13742E-03
 h Mean   [L]       -0.79007E+03 -0.79007E+03
 Top Flux [L/T]     -0.10828E-03
 Bot Flux [L/T]      0.00000E+00
 WatBalT  [L]       -0.33928E+00
 WatBalR  [%]              0.658
----------------------------------------------------------

----------------------------------------------------------
 Time       [T]      588.0000
----------------------------------------------------------
 Sub-region num.                     1
----------------------------------------------------------
 Length   [L]        0.15000E+03  0.15000E+03
 W-volume [L]        0.59409E+01  0.59409E+01
 In-flow  [L/T]     -0.11393E-03 -0.11393E-03
 h Mean   [L]       -0.79007E+03 -0.79007E+03
 Top Flux [L/T]     -0.10536E-03
 Bot Flux [L/T]      0.00000E+00
 WatBalT  [L]       -0.33928E+00
 WatBalR  [%]              0.658
----------------------------------------------------------

----------------------------------------------------------
 Time       [T]      589.0000
----------------------------------------------------------
 Sub-region num.                     1
----------------------------------------------------------
 Length   [L]        0.15000E+03  0.15000E+03
 W-volume [L]        0.59408E+01  0.59408E+01
 In-flow  [L/T]     -0.11888E-03 -0.11888E-03
 h Mean   [L]       -0.79007E+03 -0.79007E+03
 Top Flux [L/T]     -0.10256E-03
 Bot Flux [L/T]      0.00000E+00
 WatBalT  [L]       -0.33929E+00
 WatBalR  [%]              0.658
----------------------------------------------------------

----------------------------------------------------------
 Time       [T]      590.0000
----------------------------------------------------------
 Sub-region num.                     1
----------------------------------------------------------
 Length   [L]        0.15000E+03  0.15000E+03
 W-volume [L]        0.59407E+01  0.59407E+01
 In-flow  [L/T]     -0.10888E-03 -0.10888E-03
 h Mean   [L]       -0.79007E+03 -0.79007E+03
 Top Flux [L/T]     -0.99804E-04
 Bot Flux [L/T]      0.00000E+00
 WatBalT  [L]       -0.33928E+00
 WatBalR  [%]              0.658
----------------------------------------------------------

----------------------------------------------------------
 Time       [T]      591.0000
----------------------------------------------------------
 Sub-region num.                     1
----------------------------------------------------------
 Length   [L]        0.15000E+03  0.15000E+03
 W-volume [L]        0.59406E+01  0.59406E+01
 In-flow  [L/T]     -0.93877E-04 -0.93877E-04
 h Mean   [L]       -0.79007E+03 -0.79007E+03
 Top Flux [L/T]     -0.97083E-04
 Bot Flux [L/T]      0.00000E+00
 WatBalT  [L]       -0.33928E+00
 WatBalR  [%]              0.658
----------------------------------------------------------

----------------------------------------------------------
 Time       [T]      592.0000
----------------------------------------------------------
 Sub-region num.                     1
----------------------------------------------------------
 Length   [L]        0.15000E+03  0.15000E+03
 W-volume [L]        0.59405E+01  0.59405E+01
 In-flow  [L/T]     -0.97334E-04 -0.97334E-04
 h Mean   [L]       -0.79007E+03 -0.79007E+03
 Top Flux [L/T]     -0.94471E-04
 Bot Flux [L/T]      0.00000E+00
 WatBalT  [L]       -0.33928E+00
 WatBalR  [%]              0.658
----------------------------------------------------------

----------------------------------------------------------
 Time       [T]      593.0000
----------------------------------------------------------
 Sub-region num.                     1
----------------------------------------------------------
 Length   [L]        0.15000E+03  0.15000E+03
 W-volume [L]        0.59404E+01  0.59404E+01
 In-flow  [L/T]     -0.10948E-03 -0.10948E-03
 h Mean   [L]       -0.79008E+03 -0.79008E+03
 Top Flux [L/T]     -0.91979E-04
 Bot Flux [L/T]      0.00000E+00
 WatBalT  [L]       -0.33929E+00
 WatBalR  [%]              0.658
----------------------------------------------------------

----------------------------------------------------------
 Time       [T]      594.0000
----------------------------------------------------------
 Sub-region num.                     1
----------------------------------------------------------
 Length   [L]        0.15000E+03  0.15000E+03
 W-volume [L]        0.59403E+01  0.59403E+01
 In-flow  [L/T]     -0.93237E-04 -0.93237E-04
 h Mean   [L]       -0.79008E+03 -0.79008E+03
 Top Flux [L/T]     -0.89489E-04
 Bot Flux [L/T]      0.00000E+00
 WatBalT  [L]       -0.33929E+00
 WatBalR  [%]              0.658
----------------------------------------------------------

----------------------------------------------------------
 Time       [T]      595.0000
----------------------------------------------------------
 Sub-region num.                     1
----------------------------------------------------------
 Length   [L]        0.15000E+03  0.15000E+03
 W-volume [L]        0.59402E+01  0.59402E+01
 In-flow  [L/T]     -0.88453E-04 -0.88453E-04
 h Mean   [L]       -0.79008E+03 -0.79008E+03
 Top Flux [L/T]     -0.87068E-04
 Bot Flux [L/T]      0.00000E+00
 WatBalT  [L]       -0.33929E+00
 WatBalR  [%]              0.658
----------------------------------------------------------

----------------------------------------------------------
 Time       [T]      596.0000
----------------------------------------------------------
 Sub-region num.                     1
----------------------------------------------------------
 Length   [L]        0.15000E+03  0.15000E+03
 W-volume [L]        0.59401E+01  0.59401E+01
 In-flow  [L/T]     -0.90808E-04 -0.90808E-04
 h Mean   [L]       -0.79008E+03 -0.79008E+03
 Top Flux [L/T]     -0.84734E-04
 Bot Flux [L/T]      0.00000E+00
 WatBalT  [L]       -0.33929E+00
 WatBalR  [%]              0.658
----------------------------------------------------------

----------------------------------------------------------
 Time       [T]      597.0000
----------------------------------------------------------
 Sub-region num.                     1
----------------------------------------------------------
 Length   [L]        0.15000E+03  0.15000E+03
 W-volume [L]        0.59401E+01  0.59401E+01
 In-flow  [L/T]     -0.94056E-04 -0.94056E-04
 h Mean   [L]       -0.79008E+03 -0.79008E+03
 Top Flux [L/T]     -0.82477E-04
 Bot Flux [L/T]      0.00000E+00
 WatBalT  [L]       -0.33929E+00
 WatBalR  [%]              0.658
----------------------------------------------------------

----------------------------------------------------------
 Time       [T]      598.0000
----------------------------------------------------------
 Sub-region num.                     1
----------------------------------------------------------
 Length   [L]        0.15000E+03  0.15000E+03
 W-volume [L]        0.59400E+01  0.59400E+01
 In-flow  [L/T]     -0.75176E-04 -0.75176E-04
 h Mean   [L]       -0.79008E+03 -0.79008E+03
 Top Flux [L/T]     -0.80221E-04
 Bot Flux [L/T]      0.00000E+00
 WatBalT  [L]       -0.33929E+00
 WatBalR  [%]              0.658
----------------------------------------------------------

----------------------------------------------------------
 Time       [T]      599.0000
----------------------------------------------------------
 Sub-region num.                     1
----------------------------------------------------------
 Length   [L]        0.15000E+03  0.15000E+03
 W-volume [L]        0.59399E+01  0.59399E+01
 In-flow  [L/T]     -0.72688E-04 -0.72688E-04
 h Mean   [L]       -0.79008E+03 -0.79008E+03
 Top Flux [L/T]     -0.78040E-04
 Bot Flux [L/T]      0.00000E+00
 WatBalT  [L]       -0.33929E+00
 WatBalR  [%]              0.658
----------------------------------------------------------

----------------------------------------------------------
 Time       [T]      600.0000
----------------------------------------------------------
 Sub-region num.                     1
----------------------------------------------------------
 Length   [L]        0.15000E+03  0.15000E+03
 W-volume [L]        0.59398E+01  0.59398E+01
 In-flow  [L/T]     -0.82806E-04 -0.82806E-04
 h Mean   [L]       -0.79008E+03 -0.79008E+03
 Top Flux [L/T]     -0.75955E-04
 Bot Flux [L/T]      0.00000E+00
 WatBalT  [L]       -0.33929E+00
 WatBalR  [%]              0.657
----------------------------------------------------------

----------------------------------------------------------
 Time       [T]      601.0000
----------------------------------------------------------
 Sub-region num.                     1
----------------------------------------------------------
 Length   [L]        0.15000E+03  0.15000E+03
 W-volume [L]        0.59397E+01  0.59397E+01
 In-flow  [L/T]     -0.86948E-04 -0.86948E-04
 h Mean   [L]       -0.79009E+03 -0.79009E+03
 Top Flux [L/T]     -0.73938E-04
 Bot Flux [L/T]      0.00000E+00
 WatBalT  [L]       -0.33929E+00
 WatBalR  [%]              0.658
----------------------------------------------------------

----------------------------------------------------------
 Time       [T]      602.0000
----------------------------------------------------------
 Sub-region num.                     1
----------------------------------------------------------
 Length   [L]        0.15000E+03  0.15000E+03
 W-volume [L]        0.59397E+01  0.59397E+01
 In-flow  [L/T]     -0.73045E-04 -0.73045E-04
 h Mean   [L]       -0.79008E+03 -0.79008E+03
 Top Flux [L/T]     -0.71934E-04
 Bot Flux [L/T]      0.00000E+00
 WatBalT  [L]       -0.33929E+00
 WatBalR  [%]              0.658
----------------------------------------------------------

----------------------------------------------------------
 Time       [T]      603.0000
----------------------------------------------------------
 Sub-region num.                     1
----------------------------------------------------------
 Length   [L]        0.15000E+03  0.15000E+03
 W-volume [L]        0.59396E+01  0.59396E+01
 In-flow  [L/T]     -0.77263E-04 -0.77263E-04
 h Mean   [L]       -0.79009E+03 -0.79009E+03
 Top Flux [L/T]     -0.70007E-04
 Bot Flux [L/T]      0.00000E+00
 WatBalT  [L]       -0.33929E+00
 WatBalR  [%]              0.658
----------------------------------------------------------

----------------------------------------------------------
 Time       [T]      604.0000
----------------------------------------------------------
 Sub-region num.                     1
----------------------------------------------------------
 Length   [L]        0.15000E+03  0.15000E+03
 W-volume [L]        0.59395E+01  0.59395E+01
 In-flow  [L/T]     -0.69633E-04 -0.69633E-04
 h Mean   [L]       -0.79009E+03 -0.79009E+03
 Top Flux [L/T]     -0.68115E-04
 Bot Flux [L/T]      0.00000E+00
 WatBalT  [L]       -0.33929E+00
 WatBalR  [%]              0.658
----------------------------------------------------------

----------------------------------------------------------
 Time       [T]      605.0000
----------------------------------------------------------
 Sub-region num.                     1
----------------------------------------------------------
 Length   [L]        0.15000E+03  0.15000E+03
 W-volume [L]        0.59394E+01  0.59394E+01
 In-flow  [L/T]     -0.82031E-04 -0.82031E-04
 h Mean   [L]       -0.79009E+03 -0.79009E+03
 Top Flux [L/T]     -0.66312E-04
 Bot Flux [L/T]      0.00000E+00
 WatBalT  [L]       -0.33930E+00
 WatBalR  [%]              0.658
----------------------------------------------------------

----------------------------------------------------------
 Time       [T]      606.0000
----------------------------------------------------------
 Sub-region num.                     1
----------------------------------------------------------
 Length   [L]        0.15000E+03  0.15000E+03
 W-volume [L]        0.59394E+01  0.59394E+01
 In-flow  [L/T]     -0.51409E-04 -0.51409E-04
 h Mean   [L]       -0.79008E+03 -0.79008E+03
 Top Flux [L/T]     -0.64475E-04
 Bot Flux [L/T]      0.00000E+00
 WatBalT  [L]       -0.33930E+00
 WatBalR  [%]              0.658
----------------------------------------------------------

----------------------------------------------------------
 Time       [T]      607.0000
----------------------------------------------------------
 Sub-region num.                     1
----------------------------------------------------------
 Length   [L]        0.15000E+03  0.15000E+03
 W-volume [L]        0.59393E+01  0.59393E+01
 In-flow  [L/T]     -0.83908E-04 -0.83908E-04
 h Mean   [L]       -0.79009E+03 -0.79009E+03
 Top Flux [L/T]     -0.62781E-04
 Bot Flux [L/T]      0.00000E+00
 WatBalT  [L]       -0.33930E+00
 WatBalR  [%]              0.658
----------------------------------------------------------

----------------------------------------------------------
 Time       [T]      608.0000
----------------------------------------------------------
 Sub-region num.                     1
----------------------------------------------------------
 Length   [L]        0.15000E+03  0.15000E+03
 W-volume [L]        0.59392E+01  0.59392E+01
 In-flow  [L/T]     -0.65029E-04 -0.65029E-04
 h Mean   [L]       -0.79009E+03 -0.79009E+03
 Top Flux [L/T]     -0.61081E-04
 Bot Flux [L/T]      0.00000E+00
 WatBalT  [L]       -0.33930E+00
 WatBalR  [%]              0.658
----------------------------------------------------------

----------------------------------------------------------
 Time       [T]      609.0000
----------------------------------------------------------
 Sub-region num.                     1
----------------------------------------------------------
 Length   [L]        0.15000E+03  0.15000E+03
 W-volume [L]        0.59392E+01  0.59392E+01
 In-flow  [L/T]     -0.57220E-04 -0.57220E-04
 h Mean   [L]       -0.79009E+03 -0.79009E+03
 Top Flux [L/T]     -0.59420E-04
 Bot Flux [L/T]      0.00000E+00
 WatBalT  [L]       -0.33930E+00
 WatBalR  [%]              0.658
----------------------------------------------------------

----------------------------------------------------------
 Time       [T]      610.0000
----------------------------------------------------------
 Sub-region num.                     1
----------------------------------------------------------
 Length   [L]        0.15000E+03  0.15000E+03
 W-volume [L]        0.59391E+01  0.59391E+01
 In-flow  [L/T]     -0.10407E-03 -0.10407E-03
 h Mean   [L]       -0.79011E+03 -0.79011E+03
 Top Flux [L/T]     -0.57912E-04
 Bot Flux [L/T]      0.00000E+00
 WatBalT  [L]       -0.33929E+00
 WatBalR  [%]              0.657
----------------------------------------------------------

----------------------------------------------------------
 Time       [T]      611.0000
----------------------------------------------------------
 Sub-region num.                     1
----------------------------------------------------------
 Length   [L]        0.15000E+03  0.15000E+03
 W-volume [L]        0.59391E+01  0.59391E+01
 In-flow  [L/T]     -0.26822E-05 -0.26822E-05
 h Mean   [L]       -0.79009E+03 -0.79009E+03
 Top Flux [L/T]     -0.56270E-04
 Bot Flux [L/T]      0.00000E+00
 WatBalT  [L]       -0.33928E+00
 WatBalR  [%]              0.657
----------------------------------------------------------

----------------------------------------------------------
 Time       [T]      612.0000
----------------------------------------------------------
 Sub-region num.                     1
----------------------------------------------------------
 Length   [L]        0.15000E+03  0.15000E+03
 W-volume [L]        0.59390E+01  0.59390E+01
 In-flow  [L/T]     -0.26822E-05 -0.26822E-05
 h Mean   [L]       -0.79008E+03 -0.79008E+03
 Top Flux [L/T]     -0.54722E-04
 Bot Flux [L/T]      0.00000E+00
 WatBalT  [L]       -0.33928E+00
 WatBalR  [%]              0.657
----------------------------------------------------------

----------------------------------------------------------
 Time       [T]      613.0000
----------------------------------------------------------
 Sub-region num.                     1
----------------------------------------------------------
 Length   [L]        0.15000E+03  0.15000E+03
 W-volume [L]        0.59389E+01  0.59389E+01
 In-flow  [L/T]     -0.65684E-04 -0.65684E-04
 h Mean   [L]       -0.79011E+03 -0.79011E+03
 Top Flux [L/T]     -0.53360E-04
 Bot Flux [L/T]      0.00000E+00
 WatBalT  [L]       -0.33930E+00
 WatBalR  [%]              0.658
----------------------------------------------------------

----------------------------------------------------------
 Time       [T]      614.0000
----------------------------------------------------------
 Sub-region num.                     1
----------------------------------------------------------
 Length   [L]        0.15000E+03  0.15000E+03
 W-volume [L]        0.59389E+01  0.59389E+01
 In-flow  [L/T]     -0.58413E-05 -0.58413E-05
 h Mean   [L]       -0.79009E+03 -0.79009E+03
 Top Flux [L/T]     -0.51832E-04
 Bot Flux [L/T]      0.00000E+00
 WatBalT  [L]       -0.33928E+00
 WatBalR  [%]              0.657
----------------------------------------------------------

----------------------------------------------------------
 Time       [T]      615.0000
----------------------------------------------------------
 Sub-region num.                     1
----------------------------------------------------------
 Length   [L]        0.15000E+03  0.15000E+03
 W-volume [L]        0.59388E+01  0.59388E+01
 In-flow  [L/T]     -0.26524E-05 -0.26524E-05
 h Mean   [L]       -0.79009E+03 -0.79009E+03
 Top Flux [L/T]     -0.50423E-04
 Bot Flux [L/T]      0.00000E+00
 WatBalT  [L]       -0.33928E+00
 WatBalR  [%]              0.657
----------------------------------------------------------

----------------------------------------------------------
 Time       [T]      616.0000
----------------------------------------------------------
 Sub-region num.                     1
----------------------------------------------------------
 Length   [L]        0.15000E+03  0.15000E+03
 W-volume [L]        0.59388E+01  0.59388E+01
 In-flow  [L/T]     -0.26524E-05 -0.26524E-05
 h Mean   [L]       -0.79009E+03 -0.79009E+03
 Top Flux [L/T]     -0.49064E-04
 Bot Flux [L/T]      0.00000E+00
 WatBalT  [L]       -0.33927E+00
 WatBalR  [%]              0.657
----------------------------------------------------------

----------------------------------------------------------
 Time       [T]      617.0000
----------------------------------------------------------
 Sub-region num.                     1
----------------------------------------------------------
 Length   [L]        0.15000E+03  0.15000E+03
 W-volume [L]        0.59387E+01  0.59387E+01
 In-flow  [L/T]     -0.26524E-05 -0.26524E-05
 h Mean   [L]       -0.79009E+03 -0.79009E+03
 Top Flux [L/T]     -0.47746E-04
 Bot Flux [L/T]      0.00000E+00
 WatBalT  [L]       -0.33928E+00
 WatBalR  [%]              0.657
----------------------------------------------------------

----------------------------------------------------------
 Time       [T]      618.0000
----------------------------------------------------------
 Sub-region num.                     1
----------------------------------------------------------
 Length   [L]        0.15000E+03  0.15000E+03
 W-volume [L]        0.59387E+01  0.59387E+01
 In-flow  [L/T]     -0.26375E-05 -0.26375E-05
 h Mean   [L]       -0.79009E+03 -0.79009E+03
 Top Flux [L/T]     -0.46464E-04
 Bot Flux [L/T]      0.00000E+00
 WatBalT  [L]       -0.33928E+00
 WatBalR  [%]              0.657
----------------------------------------------------------

----------------------------------------------------------
 Time       [T]      619.0000
----------------------------------------------------------
 Sub-region num.                     1
----------------------------------------------------------
 Length   [L]        0.15000E+03  0.15000E+03
 W-volume [L]        0.59386E+01  0.59386E+01
 In-flow  [L/T]     -0.26524E-05 -0.26524E-05
 h Mean   [L]       -0.79009E+03 -0.79009E+03
 Top Flux [L/T]     -0.45219E-04
 Bot Flux [L/T]      0.00000E+00
 WatBalT  [L]       -0.33928E+00
 WatBalR  [%]              0.657
----------------------------------------------------------

----------------------------------------------------------
 Time       [T]      620.0000
----------------------------------------------------------
 Sub-region num.                     1
----------------------------------------------------------
 Length   [L]        0.15000E+03  0.15000E+03
 W-volume [L]        0.59386E+01  0.59386E+01
 In-flow  [L/T]     -0.26822E-05 -0.26822E-05
 h Mean   [L]       -0.79010E+03 -0.79010E+03
 Top Flux [L/T]     -0.44006E-04
 Bot Flux [L/T]      0.00000E+00
 WatBalT  [L]       -0.33928E+00
 WatBalR  [%]              0.657
----------------------------------------------------------

----------------------------------------------------------
 Time       [T]      621.0000
----------------------------------------------------------
 Sub-region num.                     1
----------------------------------------------------------
 Length   [L]        0.15000E+03  0.15000E+03
 W-volume [L]        0.59385E+01  0.59385E+01
 In-flow  [L/T]     -0.26375E-05 -0.26375E-05
 h Mean   [L]       -0.79010E+03 -0.79010E+03
 Top Flux [L/T]     -0.42826E-04
 Bot Flux [L/T]      0.00000E+00
 WatBalT  [L]       -0.33928E+00
 WatBalR  [%]              0.657
----------------------------------------------------------

----------------------------------------------------------
 Time       [T]      622.0000
----------------------------------------------------------
 Sub-region num.                     1
----------------------------------------------------------
 Length   [L]        0.15000E+03  0.15000E+03
 W-volume [L]        0.59385E+01  0.59385E+01
 In-flow  [L/T]     -0.26375E-05 -0.26375E-05
 h Mean   [L]       -0.79010E+03 -0.79010E+03
 Top Flux [L/T]     -0.41677E-04
 Bot Flux [L/T]      0.00000E+00
 WatBalT  [L]       -0.33928E+00
 WatBalR  [%]              0.657
----------------------------------------------------------

----------------------------------------------------------
 Time       [T]      623.0000
----------------------------------------------------------
 Sub-region num.                     1
----------------------------------------------------------
 Length   [L]        0.15000E+03  0.15000E+03
 W-volume [L]        0.59384E+01  0.59384E+01
 In-flow  [L/T]     -0.26375E-05 -0.26375E-05
 h Mean   [L]       -0.79010E+03 -0.79010E+03
 Top Flux [L/T]     -0.40560E-04
 Bot Flux [L/T]      0.00000E+00
 WatBalT  [L]       -0.33928E+00
 WatBalR  [%]              0.657
----------------------------------------------------------

----------------------------------------------------------
 Time       [T]      624.0000
----------------------------------------------------------
 Sub-region num.                     1
----------------------------------------------------------
 Length   [L]        0.15000E+03  0.15000E+03
 W-volume [L]        0.59384E+01  0.59384E+01
 In-flow  [L/T]     -0.26226E-05 -0.26226E-05
 h Mean   [L]       -0.79010E+03 -0.79010E+03
 Top Flux [L/T]     -0.39471E-04
 Bot Flux [L/T]      0.00000E+00
 WatBalT  [L]       -0.33928E+00
 WatBalR  [%]              0.657
----------------------------------------------------------

----------------------------------------------------------
 Time       [T]      625.0000
----------------------------------------------------------
 Sub-region num.                     1
----------------------------------------------------------
 Length   [L]        0.15000E+03  0.15000E+03
 W-volume [L]        0.59384E+01  0.59384E+01
 In-flow  [L/T]     -0.26077E-05 -0.26077E-05
 h Mean   [L]       -0.79010E+03 -0.79010E+03
 Top Flux [L/T]     -0.38412E-04
 Bot Flux [L/T]      0.00000E+00
 WatBalT  [L]       -0.33928E+00
 WatBalR  [%]              0.657
----------------------------------------------------------

----------------------------------------------------------
 Time       [T]      626.0000
----------------------------------------------------------
 Sub-region num.                     1
----------------------------------------------------------
 Length   [L]        0.15000E+03  0.15000E+03
 W-volume [L]        0.59383E+01  0.59383E+01
 In-flow  [L/T]     -0.26077E-05 -0.26077E-05
 h Mean   [L]       -0.79011E+03 -0.79011E+03
 Top Flux [L/T]     -0.37380E-04
 Bot Flux [L/T]      0.00000E+00
 WatBalT  [L]       -0.33928E+00
 WatBalR  [%]              0.657
----------------------------------------------------------

----------------------------------------------------------
 Time       [T]      627.0000
----------------------------------------------------------
 Sub-region num.                     1
----------------------------------------------------------
 Length   [L]        0.15000E+03  0.15000E+03
 W-volume [L]        0.59383E+01  0.59383E+01
 In-flow  [L/T]     -0.26375E-05 -0.26375E-05
 h Mean   [L]       -0.79011E+03 -0.79011E+03
 Top Flux [L/T]     -0.36377E-04
 Bot Flux [L/T]      0.00000E+00
 WatBalT  [L]       -0.33929E+00
 WatBalR  [%]              0.657
----------------------------------------------------------

----------------------------------------------------------
 Time       [T]      628.0000
----------------------------------------------------------
 Sub-region num.                     1
----------------------------------------------------------
 Length   [L]        0.15000E+03  0.15000E+03
 W-volume [L]        0.59382E+01  0.59382E+01
 In-flow  [L/T]     -0.25928E-05 -0.25928E-05
 h Mean   [L]       -0.79010E+03 -0.79010E+03
 Top Flux [L/T]     -0.35375E-04
 Bot Flux [L/T]      0.00000E+00
 WatBalT  [L]       -0.33927E+00
 WatBalR  [%]              0.657
----------------------------------------------------------

----------------------------------------------------------
 Time       [T]      629.0000
----------------------------------------------------------
 Sub-region num.                     1
----------------------------------------------------------
 Length   [L]        0.15000E+03  0.15000E+03
 W-volume [L]        0.59382E+01  0.59382E+01
 In-flow  [L/T]     -0.26375E-05 -0.26375E-05
 h Mean   [L]       -0.79011E+03 -0.79011E+03
 Top Flux [L/T]     -0.34436E-04
 Bot Flux [L/T]      0.00000E+00
 WatBalT  [L]       -0.33928E+00
 WatBalR  [%]              0.657
----------------------------------------------------------

----------------------------------------------------------
 Time       [T]      630.0000
----------------------------------------------------------
 Sub-region num.                     1
----------------------------------------------------------
 Length   [L]        0.15000E+03  0.15000E+03
 W-volume [L]        0.59382E+01  0.59382E+01
 In-flow  [L/T]     -0.26375E-05 -0.26375E-05
 h Mean   [L]       -0.79011E+03 -0.79011E+03
 Top Flux [L/T]     -0.33518E-04
 Bot Flux [L/T]      0.00000E+00
 WatBalT  [L]       -0.33931E+00
 WatBalR  [%]              0.658
----------------------------------------------------------

----------------------------------------------------------
 Time       [T]      631.0000
----------------------------------------------------------
 Sub-region num.                     1
----------------------------------------------------------
 Length   [L]        0.15000E+03  0.15000E+03
 W-volume [L]        0.59381E+01  0.59381E+01
 In-flow  [L/T]     -0.83208E-04 -0.83208E-04
 h Mean   [L]       -0.79013E+03 -0.79013E+03
 Top Flux [L/T]     -0.32658E-04
 Bot Flux [L/T]      0.00000E+00
 WatBalT  [L]       -0.33931E+00
 WatBalR  [%]              0.658
----------------------------------------------------------

----------------------------------------------------------
 Time       [T]      632.0000
----------------------------------------------------------
 Sub-region num.                     1
----------------------------------------------------------
 Length   [L]        0.15000E+03  0.15000E+03
 W-volume [L]        0.59381E+01  0.59381E+01
 In-flow  [L/T]     -0.33602E-04 -0.33602E-04
 h Mean   [L]       -0.79011E+03 -0.79011E+03
 Top Flux [L/T]     -0.31739E-04
 Bot Flux [L/T]      0.00000E+00
 WatBalT  [L]       -0.33931E+00
 WatBalR  [%]              0.658
----------------------------------------------------------

----------------------------------------------------------
 Time       [T]      633.0000
----------------------------------------------------------
 Sub-region num.                     1
----------------------------------------------------------
 Length   [L]        0.15000E+03  0.15000E+03
 W-volume [L]        0.59380E+01  0.59380E+01
 In-flow  [L/T]     -0.91255E-04 -0.91255E-04
 h Mean   [L]       -0.79012E+03 -0.79012E+03
 Top Flux [L/T]     -0.30915E-04
 Bot Flux [L/T]      0.00000E+00
 WatBalT  [L]       -0.33931E+00
 WatBalR  [%]              0.658
----------------------------------------------------------

----------------------------------------------------------
 Time       [T]      634.0000
----------------------------------------------------------
 Sub-region num.                     1
----------------------------------------------------------
 Length   [L]        0.15000E+03  0.15000E+03
 W-volume [L]        0.59380E+01  0.59380E+01
 In-flow  [L/T]     -0.77635E-04 -0.77635E-04
 h Mean   [L]       -0.79013E+03 -0.79013E+03
 Top Flux [L/T]     -0.30095E-04
 Bot Flux [L/T]      0.00000E+00
 WatBalT  [L]       -0.33931E+00
 WatBalR  [%]              0.658
----------------------------------------------------------

----------------------------------------------------------
 Time       [T]      635.0000
----------------------------------------------------------
 Sub-region num.                     1
----------------------------------------------------------
 Length   [L]        0.15000E+03  0.15000E+03
 W-volume [L]        0.59380E+01  0.59380E+01
 In-flow  [L/T]     -0.25630E-05 -0.25630E-05
 h Mean   [L]       -0.79011E+03 -0.79011E+03
 Top Flux [L/T]     -0.29218E-04
 Bot Flux [L/T]      0.00000E+00
 WatBalT  [L]       -0.33927E+00
 WatBalR  [%]              0.657
----------------------------------------------------------

----------------------------------------------------------
 Time       [T]      636.0000
----------------------------------------------------------
 Sub-region num.                     1
----------------------------------------------------------
 Length   [L]        0.15000E+03  0.15000E+03
 W-volume [L]        0.59380E+01  0.59380E+01
 In-flow  [L/T]     -0.26077E-05 -0.26077E-05
 h Mean   [L]       -0.79011E+03 -0.79011E+03
 Top Flux [L/T]     -0.28449E-04
 Bot Flux [L/T]      0.00000E+00
 WatBalT  [L]       -0.33931E+00
 WatBalR  [%]              0.658
----------------------------------------------------------

----------------------------------------------------------
 Time       [T]      637.0000
----------------------------------------------------------
 Sub-region num.                     1
----------------------------------------------------------
 Length   [L]        0.15000E+03  0.15000E+03
 W-volume [L]        0.59379E+01  0.59379E+01
 In-flow  [L/T]     -0.86278E-04 -0.86278E-04
 h Mean   [L]       -0.79013E+03 -0.79013E+03
 Top Flux [L/T]     -0.27717E-04
 Bot Flux [L/T]      0.00000E+00
 WatBalT  [L]       -0.33931E+00
 WatBalR  [%]              0.658
----------------------------------------------------------

----------------------------------------------------------
 Time       [T]      638.0000
----------------------------------------------------------
 Sub-region num.                     1
----------------------------------------------------------
 Length   [L]        0.15000E+03  0.15000E+03
 W-volume [L]        0.59379E+01  0.59379E+01
 In-flow  [L/T]     -0.25779E-05 -0.25779E-05
 h Mean   [L]       -0.79011E+03 -0.79011E+03
 Top Flux [L/T]     -0.26915E-04
 Bot Flux [L/T]      0.00000E+00
 WatBalT  [L]       -0.33927E+00
 WatBalR  [%]              0.657
----------------------------------------------------------

----------------------------------------------------------
 Time       [T]      639.0000
----------------------------------------------------------
 Sub-region num.                     1
----------------------------------------------------------
 Length   [L]        0.15000E+03  0.15000E+03
 W-volume [L]        0.59379E+01  0.59379E+01
 In-flow  [L/T]     -0.25779E-05 -0.25779E-05
 h Mean   [L]       -0.79011E+03 -0.79011E+03
 Top Flux [L/T]     -0.26211E-04
 Bot Flux [L/T]      0.00000E+00
 WatBalT  [L]       -0.33931E+00
 WatBalR  [%]              0.658
----------------------------------------------------------

----------------------------------------------------------
 Time       [T]      640.0000
----------------------------------------------------------
 Sub-region num.                     1
----------------------------------------------------------
 Length   [L]        0.15000E+03  0.15000E+03
 W-volume [L]        0.58065E+01  0.58065E+01
 In-flow  [L/T]     -0.29489E-04 -0.29489E-04
 h Mean   [L]       -0.41234E+04 -0.41234E+04
 Top Flux [L/T]      0.99840E-31
 Bot Flux [L/T]      0.00000E+00
 WatBalT  [L]       -0.33931E+00
 WatBalR  [%]              0.656
----------------------------------------------------------

----------------------------------------------------------
 Time       [T]      641.0000
----------------------------------------------------------
 Sub-region num.                     1
----------------------------------------------------------
 Length   [L]        0.15000E+03  0.15000E+03
 W-volume [L]        0.58065E+01  0.58065E+01
 In-flow  [L/T]     -0.25928E-05 -0.25928E-05
 h Mean   [L]       -0.41234E+04 -0.41234E+04
 Top Flux [L/T]      0.99840E-31
 Bot Flux [L/T]      0.00000E+00
 WatBalT  [L]       -0.33931E+00
 WatBalR  [%]              0.656
----------------------------------------------------------

----------------------------------------------------------
 Time       [T]      642.0000
----------------------------------------------------------
 Sub-region num.                     1
----------------------------------------------------------
 Length   [L]        0.15000E+03  0.15000E+03
 W-volume [L]        0.58065E+01  0.58065E+01
 In-flow  [L/T]     -0.25630E-05 -0.25630E-05
 h Mean   [L]       -0.41234E+04 -0.41234E+04
 Top Flux [L/T]      0.99840E-31
 Bot Flux [L/T]      0.00000E+00
 WatBalT  [L]       -0.33931E+00
 WatBalR  [%]              0.656
----------------------------------------------------------

----------------------------------------------------------
 Time       [T]      643.0000
----------------------------------------------------------
 Sub-region num.                     1
----------------------------------------------------------
 Length   [L]        0.15000E+03  0.15000E+03
 W-volume [L]        0.58065E+01  0.58065E+01
 In-flow  [L/T]     -0.25630E-05 -0.25630E-05
 h Mean   [L]       -0.41234E+04 -0.41234E+04
 Top Flux [L/T]      0.99840E-31
 Bot Flux [L/T]      0.00000E+00
 WatBalT  [L]       -0.33930E+00
 WatBalR  [%]              0.656
----------------------------------------------------------

----------------------------------------------------------
 Time       [T]      644.0000
----------------------------------------------------------
 Sub-region num.                     1
----------------------------------------------------------
 Length   [L]        0.15000E+03  0.15000E+03
 W-volume [L]        0.58065E+01  0.58065E+01
 In-flow  [L/T]     -0.25630E-05 -0.25630E-05
 h Mean   [L]       -0.41234E+04 -0.41234E+04
 Top Flux [L/T]      0.99840E-31
 Bot Flux [L/T]      0.00000E+00
 WatBalT  [L]       -0.33930E+00
 WatBalR  [%]              0.656
----------------------------------------------------------

----------------------------------------------------------
 Time       [T]      645.0000
----------------------------------------------------------
 Sub-region num.                     1
----------------------------------------------------------
 Length   [L]        0.15000E+03  0.15000E+03
 W-volume [L]        0.58065E+01  0.58065E+01
 In-flow  [L/T]     -0.25630E-05 -0.25630E-05
 h Mean   [L]       -0.41234E+04 -0.41234E+04
 Top Flux [L/T]      0.99840E-31
 Bot Flux [L/T]      0.00000E+00
 WatBalT  [L]       -0.33930E+00
 WatBalR  [%]              0.656
----------------------------------------------------------

----------------------------------------------------------
 Time       [T]      646.0000
----------------------------------------------------------
 Sub-region num.                     1
----------------------------------------------------------
 Length   [L]        0.15000E+03  0.15000E+03
 W-volume [L]        0.58065E+01  0.58065E+01
 In-flow  [L/T]     -0.25630E-05 -0.25630E-05
 h Mean   [L]       -0.41234E+04 -0.41234E+04
 Top Flux [L/T]      0.99840E-31
 Bot Flux [L/T]      0.00000E+00
 WatBalT  [L]       -0.33930E+00
 WatBalR  [%]              0.656
----------------------------------------------------------

----------------------------------------------------------
 Time       [T]      647.0000
----------------------------------------------------------
 Sub-region num.                     1
----------------------------------------------------------
 Length   [L]        0.15000E+03  0.15000E+03
 W-volume [L]        0.58065E+01  0.58065E+01
 In-flow  [L/T]     -0.25630E-05 -0.25630E-05
 h Mean   [L]       -0.41234E+04 -0.41234E+04
 Top Flux [L/T]      0.99840E-31
 Bot Flux [L/T]      0.00000E+00
 WatBalT  [L]       -0.33930E+00
 WatBalR  [%]              0.656
----------------------------------------------------------

----------------------------------------------------------
 Time       [T]      648.0000
----------------------------------------------------------
 Sub-region num.                     1
----------------------------------------------------------
 Length   [L]        0.15000E+03  0.15000E+03
 W-volume [L]        0.58065E+01  0.58065E+01
 In-flow  [L/T]     -0.25630E-05 -0.25630E-05
 h Mean   [L]       -0.41234E+04 -0.41234E+04
 Top Flux [L/T]      0.99840E-31
 Bot Flux [L/T]      0.00000E+00
 WatBalT  [L]       -0.33930E+00
 WatBalR  [%]              0.656
----------------------------------------------------------

----------------------------------------------------------
 Time       [T]      649.0000
----------------------------------------------------------
 Sub-region num.                     1
----------------------------------------------------------
 Length   [L]        0.15000E+03  0.15000E+03
 W-volume [L]        0.58065E+01  0.58065E+01
 In-flow  [L/T]     -0.25630E-05 -0.25630E-05
 h Mean   [L]       -0.41234E+04 -0.41234E+04
 Top Flux [L/T]      0.99840E-31
 Bot Flux [L/T]      0.00000E+00
 WatBalT  [L]       -0.33930E+00
 WatBalR  [%]              0.656
----------------------------------------------------------

----------------------------------------------------------
 Time       [T]      650.0000
----------------------------------------------------------
 Sub-region num.                     1
----------------------------------------------------------
 Length   [L]        0.15000E+03  0.15000E+03
 W-volume [L]        0.58065E+01  0.58065E+01
 In-flow  [L/T]     -0.25630E-05 -0.25630E-05
 h Mean   [L]       -0.41234E+04 -0.41234E+04
 Top Flux [L/T]      0.99840E-31
 Bot Flux [L/T]      0.00000E+00
 WatBalT  [L]       -0.33930E+00
 WatBalR  [%]              0.656
----------------------------------------------------------

----------------------------------------------------------
 Time       [T]      651.0000
----------------------------------------------------------
 Sub-region num.                     1
----------------------------------------------------------
 Length   [L]        0.15000E+03  0.15000E+03
 W-volume [L]        0.58064E+01  0.58064E+01
 In-flow  [L/T]     -0.25630E-05 -0.25630E-05
 h Mean   [L]       -0.41234E+04 -0.41234E+04
 Top Flux [L/T]      0.99840E-31
 Bot Flux [L/T]      0.00000E+00
 WatBalT  [L]       -0.33929E+00
 WatBalR  [%]              0.656
----------------------------------------------------------

----------------------------------------------------------
 Time       [T]      652.0000
----------------------------------------------------------
 Sub-region num.                     1
----------------------------------------------------------
 Length   [L]        0.15000E+03  0.15000E+03
 W-volume [L]        0.58064E+01  0.58064E+01
 In-flow  [L/T]     -0.25332E-05 -0.25332E-05
 h Mean   [L]       -0.41234E+04 -0.41234E+04
 Top Flux [L/T]      0.99840E-31
 Bot Flux [L/T]      0.00000E+00
 WatBalT  [L]       -0.33929E+00
 WatBalR  [%]              0.656
----------------------------------------------------------

----------------------------------------------------------
 Time       [T]      653.0000
----------------------------------------------------------
 Sub-region num.                     1
----------------------------------------------------------
 Length   [L]        0.15000E+03  0.15000E+03
 W-volume [L]        0.58064E+01  0.58064E+01
 In-flow  [L/T]     -0.25332E-05 -0.25332E-05
 h Mean   [L]       -0.41234E+04 -0.41234E+04
 Top Flux [L/T]      0.99840E-31
 Bot Flux [L/T]      0.00000E+00
 WatBalT  [L]       -0.33929E+00
 WatBalR  [%]              0.656
----------------------------------------------------------

----------------------------------------------------------
 Time       [T]      654.0000
----------------------------------------------------------
 Sub-region num.                     1
----------------------------------------------------------
 Length   [L]        0.15000E+03  0.15000E+03
 W-volume [L]        0.58064E+01  0.58064E+01
 In-flow  [L/T]     -0.25332E-05 -0.25332E-05
 h Mean   [L]       -0.41234E+04 -0.41234E+04
 Top Flux [L/T]      0.99840E-31
 Bot Flux [L/T]      0.00000E+00
 WatBalT  [L]       -0.33929E+00
 WatBalR  [%]              0.656
----------------------------------------------------------

----------------------------------------------------------
 Time       [T]      655.0000
----------------------------------------------------------
 Sub-region num.                     1
----------------------------------------------------------
 Length   [L]        0.15000E+03  0.15000E+03
 W-volume [L]        0.58064E+01  0.58064E+01
 In-flow  [L/T]     -0.25332E-05 -0.25332E-05
 h Mean   [L]       -0.41234E+04 -0.41234E+04
 Top Flux [L/T]      0.99840E-31
 Bot Flux [L/T]      0.00000E+00
 WatBalT  [L]       -0.33929E+00
 WatBalR  [%]              0.656
----------------------------------------------------------

----------------------------------------------------------
 Time       [T]      656.0000
----------------------------------------------------------
 Sub-region num.                     1
----------------------------------------------------------
 Length   [L]        0.15000E+03  0.15000E+03
 W-volume [L]        0.58064E+01  0.58064E+01
 In-flow  [L/T]     -0.25332E-05 -0.25332E-05
 h Mean   [L]       -0.41234E+04 -0.41234E+04
 Top Flux [L/T]      0.99840E-31
 Bot Flux [L/T]      0.00000E+00
 WatBalT  [L]       -0.33929E+00
 WatBalR  [%]              0.656
----------------------------------------------------------

----------------------------------------------------------
 Time       [T]      657.0000
----------------------------------------------------------
 Sub-region num.                     1
----------------------------------------------------------
 Length   [L]        0.15000E+03  0.15000E+03
 W-volume [L]        0.58064E+01  0.58064E+01
 In-flow  [L/T]     -0.25332E-05 -0.25332E-05
 h Mean   [L]       -0.41234E+04 -0.41234E+04
 Top Flux [L/T]      0.99840E-31
 Bot Flux [L/T]      0.00000E+00
 WatBalT  [L]       -0.33929E+00
 WatBalR  [%]              0.656
----------------------------------------------------------

----------------------------------------------------------
 Time       [T]      658.0000
----------------------------------------------------------
 Sub-region num.                     1
----------------------------------------------------------
 Length   [L]        0.15000E+03  0.15000E+03
 W-volume [L]        0.58064E+01  0.58064E+01
 In-flow  [L/T]     -0.25332E-05 -0.25332E-05
 h Mean   [L]       -0.41234E+04 -0.41234E+04
 Top Flux [L/T]      0.99840E-31
 Bot Flux [L/T]      0.00000E+00
 WatBalT  [L]       -0.33928E+00
 WatBalR  [%]              0.656
----------------------------------------------------------

----------------------------------------------------------
 Time       [T]      659.0000
----------------------------------------------------------
 Sub-region num.                     1
----------------------------------------------------------
 Length   [L]        0.15000E+03  0.15000E+03
 W-volume [L]        0.58064E+01  0.58064E+01
 In-flow  [L/T]     -0.25332E-05 -0.25332E-05
 h Mean   [L]       -0.41234E+04 -0.41234E+04
 Top Flux [L/T]      0.99840E-31
 Bot Flux [L/T]      0.00000E+00
 WatBalT  [L]       -0.33928E+00
 WatBalR  [%]              0.656
----------------------------------------------------------

----------------------------------------------------------
 Time       [T]      660.0000
----------------------------------------------------------
 Sub-region num.                     1
----------------------------------------------------------
 Length   [L]        0.15000E+03  0.15000E+03
 W-volume [L]        0.58064E+01  0.58064E+01
 In-flow  [L/T]     -0.25332E-05 -0.25332E-05
 h Mean   [L]       -0.41234E+04 -0.41234E+04
 Top Flux [L/T]      0.99840E-31
 Bot Flux [L/T]      0.00000E+00
 WatBalT  [L]       -0.33928E+00
 WatBalR  [%]              0.656
----------------------------------------------------------

----------------------------------------------------------
 Time       [T]      661.0000
----------------------------------------------------------
 Sub-region num.                     1
----------------------------------------------------------
 Length   [L]        0.15000E+03  0.15000E+03
 W-volume [L]        0.58064E+01  0.58064E+01
 In-flow  [L/T]     -0.25034E-05 -0.25034E-05
 h Mean   [L]       -0.41234E+04 -0.41234E+04
 Top Flux [L/T]      0.99840E-31
 Bot Flux [L/T]      0.00000E+00
 WatBalT  [L]       -0.33928E+00
 WatBalR  [%]              0.656
----------------------------------------------------------

----------------------------------------------------------
 Time       [T]      662.0000
----------------------------------------------------------
 Sub-region num.                     1
----------------------------------------------------------
 Length   [L]        0.15000E+03  0.15000E+03
 W-volume [L]        0.58064E+01  0.58064E+01
 In-flow  [L/T]     -0.25034E-05 -0.25034E-05
 h Mean   [L]       -0.41234E+04 -0.41234E+04
 Top Flux [L/T]      0.99840E-31
 Bot Flux [L/T]      0.00000E+00
 WatBalT  [L]       -0.33928E+00
 WatBalR  [%]              0.656
----------------------------------------------------------

----------------------------------------------------------
 Time       [T]      663.0000
----------------------------------------------------------
 Sub-region num.                     1
----------------------------------------------------------
 Length   [L]        0.15000E+03  0.15000E+03
 W-volume [L]        0.58064E+01  0.58064E+01
 In-flow  [L/T]     -0.25034E-05 -0.25034E-05
 h Mean   [L]       -0.41234E+04 -0.41234E+04
 Top Flux [L/T]      0.99840E-31
 Bot Flux [L/T]      0.00000E+00
 WatBalT  [L]       -0.33928E+00
 WatBalR  [%]              0.656
----------------------------------------------------------

----------------------------------------------------------
 Time       [T]      664.0000
----------------------------------------------------------
 Sub-region num.                     1
----------------------------------------------------------
 Length   [L]        0.15000E+03  0.15000E+03
 W-volume [L]        0.58064E+01  0.58064E+01
 In-flow  [L/T]     -0.25034E-05 -0.25034E-05
 h Mean   [L]       -0.41234E+04 -0.41234E+04
 Top Flux [L/T]      0.99840E-31
 Bot Flux [L/T]      0.00000E+00
 WatBalT  [L]       -0.33928E+00
 WatBalR  [%]              0.656
----------------------------------------------------------

----------------------------------------------------------
 Time       [T]      665.0000
----------------------------------------------------------
 Sub-region num.                     1
----------------------------------------------------------
 Length   [L]        0.15000E+03  0.15000E+03
 W-volume [L]        0.58064E+01  0.58064E+01
 In-flow  [L/T]     -0.25034E-05 -0.25034E-05
 h Mean   [L]       -0.41234E+04 -0.41234E+04
 Top Flux [L/T]      0.99840E-31
 Bot Flux [L/T]      0.00000E+00
 WatBalT  [L]       -0.33928E+00
 WatBalR  [%]              0.656
----------------------------------------------------------

----------------------------------------------------------
 Time       [T]      666.0000
----------------------------------------------------------
 Sub-region num.                     1
----------------------------------------------------------
 Length   [L]        0.15000E+03  0.15000E+03
 W-volume [L]        0.58064E+01  0.58064E+01
 In-flow  [L/T]     -0.25034E-05 -0.25034E-05
 h Mean   [L]       -0.41234E+04 -0.41234E+04
 Top Flux [L/T]      0.99840E-31
 Bot Flux [L/T]      0.00000E+00
 WatBalT  [L]       -0.33928E+00
 WatBalR  [%]              0.656
----------------------------------------------------------

----------------------------------------------------------
 Time       [T]      667.0000
----------------------------------------------------------
 Sub-region num.                     1
----------------------------------------------------------
 Length   [L]        0.15000E+03  0.15000E+03
 W-volume [L]        0.58064E+01  0.58064E+01
 In-flow  [L/T]     -0.25034E-05 -0.25034E-05
 h Mean   [L]       -0.41234E+04 -0.41234E+04
 Top Flux [L/T]      0.99840E-31
 Bot Flux [L/T]      0.00000E+00
 WatBalT  [L]       -0.33927E+00
 WatBalR  [%]              0.656
----------------------------------------------------------

----------------------------------------------------------
 Time       [T]      668.0000
----------------------------------------------------------
 Sub-region num.                     1
----------------------------------------------------------
 Length   [L]        0.15000E+03  0.15000E+03
 W-volume [L]        0.58064E+01  0.58064E+01
 In-flow  [L/T]     -0.25034E-05 -0.25034E-05
 h Mean   [L]       -0.41234E+04 -0.41234E+04
 Top Flux [L/T]      0.99840E-31
 Bot Flux [L/T]      0.00000E+00
 WatBalT  [L]       -0.33927E+00
 WatBalR  [%]              0.656
----------------------------------------------------------

----------------------------------------------------------
 Time       [T]      669.0000
----------------------------------------------------------
 Sub-region num.                     1
----------------------------------------------------------
 Length   [L]        0.15000E+03  0.15000E+03
 W-volume [L]        0.58064E+01  0.58064E+01
 In-flow  [L/T]     -0.25034E-05 -0.25034E-05
 h Mean   [L]       -0.41234E+04 -0.41234E+04
 Top Flux [L/T]      0.99840E-31
 Bot Flux [L/T]      0.00000E+00
 WatBalT  [L]       -0.33927E+00
 WatBalR  [%]              0.656
----------------------------------------------------------

----------------------------------------------------------
 Time       [T]      670.0000
----------------------------------------------------------
 Sub-region num.                     1
----------------------------------------------------------
 Length   [L]        0.15000E+03  0.15000E+03
 W-volume [L]        0.58064E+01  0.58064E+01
 In-flow  [L/T]     -0.25034E-05 -0.25034E-05
 h Mean   [L]       -0.41234E+04 -0.41234E+04
 Top Flux [L/T]      0.99840E-31
 Bot Flux [L/T]      0.00000E+00
 WatBalT  [L]       -0.33927E+00
 WatBalR  [%]              0.656
----------------------------------------------------------

----------------------------------------------------------
 Time       [T]      671.0000
----------------------------------------------------------
 Sub-region num.                     1
----------------------------------------------------------
 Length   [L]        0.15000E+03  0.15000E+03
 W-volume [L]        0.58064E+01  0.58064E+01
 In-flow  [L/T]     -0.24736E-05 -0.24736E-05
 h Mean   [L]       -0.41234E+04 -0.41234E+04
 Top Flux [L/T]      0.99840E-31
 Bot Flux [L/T]      0.00000E+00
 WatBalT  [L]       -0.33927E+00
 WatBalR  [%]              0.656
----------------------------------------------------------

----------------------------------------------------------
 Time       [T]      672.0000
----------------------------------------------------------
 Sub-region num.                     1
----------------------------------------------------------
 Length   [L]        0.15000E+03  0.15000E+03
 W-volume [L]        0.58064E+01  0.58064E+01
 In-flow  [L/T]     -0.24736E-05 -0.24736E-05
 h Mean   [L]       -0.41234E+04 -0.41234E+04
 Top Flux [L/T]      0.99840E-31
 Bot Flux [L/T]      0.00000E+00
 WatBalT  [L]       -0.33927E+00
 WatBalR  [%]              0.656
----------------------------------------------------------

----------------------------------------------------------
 Time       [T]      673.0000
----------------------------------------------------------
 Sub-region num.                     1
----------------------------------------------------------
 Length   [L]        0.15000E+03  0.15000E+03
 W-volume [L]        0.58064E+01  0.58064E+01
 In-flow  [L/T]     -0.24736E-05 -0.24736E-05
 h Mean   [L]       -0.41234E+04 -0.41234E+04
 Top Flux [L/T]      0.99840E-31
 Bot Flux [L/T]      0.00000E+00
 WatBalT  [L]       -0.33927E+00
 WatBalR  [%]              0.656
----------------------------------------------------------

----------------------------------------------------------
 Time       [T]      674.0000
----------------------------------------------------------
 Sub-region num.                     1
----------------------------------------------------------
 Length   [L]        0.15000E+03  0.15000E+03
 W-volume [L]        0.58064E+01  0.58064E+01
 In-flow  [L/T]     -0.24736E-05 -0.24736E-05
 h Mean   [L]       -0.41234E+04 -0.41234E+04
 Top Flux [L/T]      0.99840E-31
 Bot Flux [L/T]      0.00000E+00
 WatBalT  [L]       -0.33926E+00
 WatBalR  [%]              0.656
----------------------------------------------------------

----------------------------------------------------------
 Time       [T]      675.0000
----------------------------------------------------------
 Sub-region num.                     1
----------------------------------------------------------
 Length   [L]        0.15000E+03  0.15000E+03
 W-volume [L]        0.58064E+01  0.58064E+01
 In-flow  [L/T]     -0.24736E-05 -0.24736E-05
 h Mean   [L]       -0.41234E+04 -0.41234E+04
 Top Flux [L/T]      0.99840E-31
 Bot Flux [L/T]      0.00000E+00
 WatBalT  [L]       -0.33926E+00
 WatBalR  [%]              0.656
----------------------------------------------------------

----------------------------------------------------------
 Time       [T]      676.0000
----------------------------------------------------------
 Sub-region num.                     1
----------------------------------------------------------
 Length   [L]        0.15000E+03  0.15000E+03
 W-volume [L]        0.58064E+01  0.58064E+01
 In-flow  [L/T]     -0.24736E-05 -0.24736E-05
 h Mean   [L]       -0.41234E+04 -0.41234E+04
 Top Flux [L/T]      0.99840E-31
 Bot Flux [L/T]      0.00000E+00
 WatBalT  [L]       -0.33926E+00
 WatBalR  [%]              0.656
----------------------------------------------------------

----------------------------------------------------------
 Time       [T]      677.0000
----------------------------------------------------------
 Sub-region num.                     1
----------------------------------------------------------
 Length   [L]        0.15000E+03  0.15000E+03
 W-volume [L]        0.58064E+01  0.58064E+01
 In-flow  [L/T]     -0.24736E-05 -0.24736E-05
 h Mean   [L]       -0.41234E+04 -0.41234E+04
 Top Flux [L/T]      0.99840E-31
 Bot Flux [L/T]      0.00000E+00
 WatBalT  [L]       -0.33926E+00
 WatBalR  [%]              0.656
----------------------------------------------------------

----------------------------------------------------------
 Time       [T]      678.0000
----------------------------------------------------------
 Sub-region num.                     1
----------------------------------------------------------
 Length   [L]        0.15000E+03  0.15000E+03
 W-volume [L]        0.58064E+01  0.58064E+01
 In-flow  [L/T]     -0.24736E-05 -0.24736E-05
 h Mean   [L]       -0.41234E+04 -0.41234E+04
 Top Flux [L/T]      0.99840E-31
 Bot Flux [L/T]      0.00000E+00
 WatBalT  [L]       -0.33926E+00
 WatBalR  [%]              0.656
----------------------------------------------------------

----------------------------------------------------------
 Time       [T]      679.0000
----------------------------------------------------------
 Sub-region num.                     1
----------------------------------------------------------
 Length   [L]        0.15000E+03  0.15000E+03
 W-volume [L]        0.58064E+01  0.58064E+01
 In-flow  [L/T]     -0.24736E-05 -0.24736E-05
 h Mean   [L]       -0.41234E+04 -0.41234E+04
 Top Flux [L/T]      0.99840E-31
 Bot Flux [L/T]      0.00000E+00
 WatBalT  [L]       -0.33926E+00
 WatBalR  [%]              0.656
----------------------------------------------------------

----------------------------------------------------------
 Time       [T]      680.0000
----------------------------------------------------------
 Sub-region num.                     1
----------------------------------------------------------
 Length   [L]        0.15000E+03  0.15000E+03
 W-volume [L]        0.58064E+01  0.58064E+01
 In-flow  [L/T]     -0.24736E-05 -0.24736E-05
 h Mean   [L]       -0.41234E+04 -0.41234E+04
 Top Flux [L/T]      0.99840E-31
 Bot Flux [L/T]      0.00000E+00
 WatBalT  [L]       -0.33926E+00
 WatBalR  [%]              0.656
----------------------------------------------------------

----------------------------------------------------------
 Time       [T]      681.0000
----------------------------------------------------------
 Sub-region num.                     1
----------------------------------------------------------
 Length   [L]        0.15000E+03  0.15000E+03
 W-volume [L]        0.58064E+01  0.58064E+01
 In-flow  [L/T]     -0.24438E-05 -0.24438E-05
 h Mean   [L]       -0.41234E+04 -0.41234E+04
 Top Flux [L/T]      0.99840E-31
 Bot Flux [L/T]      0.00000E+00
 WatBalT  [L]       -0.33925E+00
 WatBalR  [%]              0.656
----------------------------------------------------------

----------------------------------------------------------
 Time       [T]      682.0000
----------------------------------------------------------
 Sub-region num.                     1
----------------------------------------------------------
 Length   [L]        0.15000E+03  0.15000E+03
 W-volume [L]        0.58064E+01  0.58064E+01
 In-flow  [L/T]     -0.24438E-05 -0.24438E-05
 h Mean   [L]       -0.41234E+04 -0.41234E+04
 Top Flux [L/T]      0.99840E-31
 Bot Flux [L/T]      0.00000E+00
 WatBalT  [L]       -0.33925E+00
 WatBalR  [%]              0.656
----------------------------------------------------------

----------------------------------------------------------
 Time       [T]      683.0000
----------------------------------------------------------
 Sub-region num.                     1
----------------------------------------------------------
 Length   [L]        0.15000E+03  0.15000E+03
 W-volume [L]        0.58064E+01  0.58064E+01
 In-flow  [L/T]     -0.24438E-05 -0.24438E-05
 h Mean   [L]       -0.41234E+04 -0.41234E+04
 Top Flux [L/T]      0.99840E-31
 Bot Flux [L/T]      0.00000E+00
 WatBalT  [L]       -0.33925E+00
 WatBalR  [%]              0.656
----------------------------------------------------------

----------------------------------------------------------
 Time       [T]      684.0000
----------------------------------------------------------
 Sub-region num.                     1
----------------------------------------------------------
 Length   [L]        0.15000E+03  0.15000E+03
 W-volume [L]        0.58064E+01  0.58064E+01
 In-flow  [L/T]     -0.24438E-05 -0.24438E-05
 h Mean   [L]       -0.41234E+04 -0.41234E+04
 Top Flux [L/T]      0.99840E-31
 Bot Flux [L/T]      0.00000E+00
 WatBalT  [L]       -0.33925E+00
 WatBalR  [%]              0.656
----------------------------------------------------------

----------------------------------------------------------
 Time       [T]      685.0000
----------------------------------------------------------
 Sub-region num.                     1
----------------------------------------------------------
 Length   [L]        0.15000E+03  0.15000E+03
 W-volume [L]        0.58064E+01  0.58064E+01
 In-flow  [L/T]     -0.24438E-05 -0.24438E-05
 h Mean   [L]       -0.41234E+04 -0.41234E+04
 Top Flux [L/T]      0.99840E-31
 Bot Flux [L/T]      0.00000E+00
 WatBalT  [L]       -0.33925E+00
 WatBalR  [%]              0.656
----------------------------------------------------------

----------------------------------------------------------
 Time       [T]      686.0000
----------------------------------------------------------
 Sub-region num.                     1
----------------------------------------------------------
 Length   [L]        0.15000E+03  0.15000E+03
 W-volume [L]        0.58064E+01  0.58064E+01
 In-flow  [L/T]     -0.24438E-05 -0.24438E-05
 h Mean   [L]       -0.41234E+04 -0.41234E+04
 Top Flux [L/T]      0.99840E-31
 Bot Flux [L/T]      0.00000E+00
 WatBalT  [L]       -0.33925E+00
 WatBalR  [%]              0.656
----------------------------------------------------------

----------------------------------------------------------
 Time       [T]      687.0000
----------------------------------------------------------
 Sub-region num.                     1
----------------------------------------------------------
 Length   [L]        0.15000E+03  0.15000E+03
 W-volume [L]        0.58064E+01  0.58064E+01
 In-flow  [L/T]     -0.24438E-05 -0.24438E-05
 h Mean   [L]       -0.41234E+04 -0.41234E+04
 Top Flux [L/T]      0.99840E-31
 Bot Flux [L/T]      0.00000E+00
 WatBalT  [L]       -0.33925E+00
 WatBalR  [%]              0.656
----------------------------------------------------------

----------------------------------------------------------
 Time       [T]      688.0000
----------------------------------------------------------
 Sub-region num.                     1
----------------------------------------------------------
 Length   [L]        0.15000E+03  0.15000E+03
 W-volume [L]        0.58064E+01  0.58064E+01
 In-flow  [L/T]     -0.24438E-05 -0.24438E-05
 h Mean   [L]       -0.41234E+04 -0.41234E+04
 Top Flux [L/T]      0.99840E-31
 Bot Flux [L/T]      0.00000E+00
 WatBalT  [L]       -0.33924E+00
 WatBalR  [%]              0.656
----------------------------------------------------------

----------------------------------------------------------
 Time       [T]      689.0000
----------------------------------------------------------
 Sub-region num.                     1
----------------------------------------------------------
 Length   [L]        0.15000E+03  0.15000E+03
 W-volume [L]        0.58064E+01  0.58064E+01
 In-flow  [L/T]     -0.24438E-05 -0.24438E-05
 h Mean   [L]       -0.41234E+04 -0.41234E+04
 Top Flux [L/T]      0.99840E-31
 Bot Flux [L/T]      0.00000E+00
 WatBalT  [L]       -0.33924E+00
 WatBalR  [%]              0.656
----------------------------------------------------------

----------------------------------------------------------
 Time       [T]      690.0000
----------------------------------------------------------
 Sub-region num.                     1
----------------------------------------------------------
 Length   [L]        0.15000E+03  0.15000E+03
 W-volume [L]        0.58064E+01  0.58064E+01
 In-flow  [L/T]     -0.24438E-05 -0.24438E-05
 h Mean   [L]       -0.41234E+04 -0.41234E+04
 Top Flux [L/T]      0.99840E-31
 Bot Flux [L/T]      0.00000E+00
 WatBalT  [L]       -0.33924E+00
 WatBalR  [%]              0.656
----------------------------------------------------------

----------------------------------------------------------
 Time       [T]      691.0000
----------------------------------------------------------
 Sub-region num.                     1
----------------------------------------------------------
 Length   [L]        0.15000E+03  0.15000E+03
 W-volume [L]        0.58064E+01  0.58064E+01
 In-flow  [L/T]     -0.24438E-05 -0.24438E-05
 h Mean   [L]       -0.41234E+04 -0.41234E+04
 Top Flux [L/T]      0.99840E-31
 Bot Flux [L/T]      0.00000E+00
 WatBalT  [L]       -0.33924E+00
 WatBalR  [%]              0.656
----------------------------------------------------------

----------------------------------------------------------
 Time       [T]      692.0000
----------------------------------------------------------
 Sub-region num.                     1
----------------------------------------------------------
 Length   [L]        0.15000E+03  0.15000E+03
 W-volume [L]        0.58063E+01  0.58063E+01
 In-flow  [L/T]     -0.24140E-05 -0.24140E-05
 h Mean   [L]       -0.41234E+04 -0.41234E+04
 Top Flux [L/T]      0.99840E-31
 Bot Flux [L/T]      0.00000E+00
 WatBalT  [L]       -0.33924E+00
 WatBalR  [%]              0.656
----------------------------------------------------------

----------------------------------------------------------
 Time       [T]      693.0000
----------------------------------------------------------
 Sub-region num.                     1
----------------------------------------------------------
 Length   [L]        0.15000E+03  0.15000E+03
 W-volume [L]        0.58063E+01  0.58063E+01
 In-flow  [L/T]     -0.24140E-05 -0.24140E-05
 h Mean   [L]       -0.41234E+04 -0.41234E+04
 Top Flux [L/T]      0.99840E-31
 Bot Flux [L/T]      0.00000E+00
 WatBalT  [L]       -0.33924E+00
 WatBalR  [%]              0.656
----------------------------------------------------------

----------------------------------------------------------
 Time       [T]      694.0000
----------------------------------------------------------
 Sub-region num.                     1
----------------------------------------------------------
 Length   [L]        0.15000E+03  0.15000E+03
 W-volume [L]        0.58063E+01  0.58063E+01
 In-flow  [L/T]     -0.24140E-05 -0.24140E-05
 h Mean   [L]       -0.41234E+04 -0.41234E+04
 Top Flux [L/T]      0.99840E-31
 Bot Flux [L/T]      0.00000E+00
 WatBalT  [L]       -0.33924E+00
 WatBalR  [%]              0.656
----------------------------------------------------------

----------------------------------------------------------
 Time       [T]      695.0000
----------------------------------------------------------
 Sub-region num.                     1
----------------------------------------------------------
 Length   [L]        0.15000E+03  0.15000E+03
 W-volume [L]        0.58063E+01  0.58063E+01
 In-flow  [L/T]     -0.24140E-05 -0.24140E-05
 h Mean   [L]       -0.41234E+04 -0.41234E+04
 Top Flux [L/T]      0.99840E-31
 Bot Flux [L/T]      0.00000E+00
 WatBalT  [L]       -0.33924E+00
 WatBalR  [%]              0.656
----------------------------------------------------------

----------------------------------------------------------
 Time       [T]      696.0000
----------------------------------------------------------
 Sub-region num.                     1
----------------------------------------------------------
 Length   [L]        0.15000E+03  0.15000E+03
 W-volume [L]        0.58063E+01  0.58063E+01
 In-flow  [L/T]     -0.24140E-05 -0.24140E-05
 h Mean   [L]       -0.41234E+04 -0.41234E+04
 Top Flux [L/T]      0.99840E-31
 Bot Flux [L/T]      0.00000E+00
 WatBalT  [L]       -0.33924E+00
 WatBalR  [%]              0.656
----------------------------------------------------------

----------------------------------------------------------
 Time       [T]      697.0000
----------------------------------------------------------
 Sub-region num.                     1
----------------------------------------------------------
 Length   [L]        0.15000E+03  0.15000E+03
 W-volume [L]        0.58063E+01  0.58063E+01
 In-flow  [L/T]     -0.24140E-05 -0.24140E-05
 h Mean   [L]       -0.41234E+04 -0.41234E+04
 Top Flux [L/T]      0.99840E-31
 Bot Flux [L/T]      0.00000E+00
 WatBalT  [L]       -0.33923E+00
 WatBalR  [%]              0.656
----------------------------------------------------------

----------------------------------------------------------
 Time       [T]      698.0000
----------------------------------------------------------
 Sub-region num.                     1
----------------------------------------------------------
 Length   [L]        0.15000E+03  0.15000E+03
 W-volume [L]        0.58063E+01  0.58063E+01
 In-flow  [L/T]     -0.24140E-05 -0.24140E-05
 h Mean   [L]       -0.41234E+04 -0.41234E+04
 Top Flux [L/T]      0.99840E-31
 Bot Flux [L/T]      0.00000E+00
 WatBalT  [L]       -0.33923E+00
 WatBalR  [%]              0.656
----------------------------------------------------------

----------------------------------------------------------
 Time       [T]      699.0000
----------------------------------------------------------
 Sub-region num.                     1
----------------------------------------------------------
 Length   [L]        0.15000E+03  0.15000E+03
 W-volume [L]        0.58063E+01  0.58063E+01
 In-flow  [L/T]     -0.24140E-05 -0.24140E-05
 h Mean   [L]       -0.41234E+04 -0.41234E+04
 Top Flux [L/T]      0.99840E-31
 Bot Flux [L/T]      0.00000E+00
 WatBalT  [L]       -0.33923E+00
 WatBalR  [%]              0.656
----------------------------------------------------------

----------------------------------------------------------
 Time       [T]      700.0000
----------------------------------------------------------
 Sub-region num.                     1
----------------------------------------------------------
 Length   [L]        0.15000E+03  0.15000E+03
 W-volume [L]        0.58063E+01  0.58063E+01
 In-flow  [L/T]     -0.24140E-05 -0.24140E-05
 h Mean   [L]       -0.41234E+04 -0.41234E+04
 Top Flux [L/T]      0.99840E-31
 Bot Flux [L/T]      0.00000E+00
 WatBalT  [L]       -0.33923E+00
 WatBalR  [%]              0.656
----------------------------------------------------------

----------------------------------------------------------
 Time       [T]      701.0000
----------------------------------------------------------
 Sub-region num.                     1
----------------------------------------------------------
 Length   [L]        0.15000E+03  0.15000E+03
 W-volume [L]        0.58063E+01  0.58063E+01
 In-flow  [L/T]     -0.24140E-05 -0.24140E-05
 h Mean   [L]       -0.41234E+04 -0.41234E+04
 Top Flux [L/T]      0.99840E-31
 Bot Flux [L/T]      0.00000E+00
 WatBalT  [L]       -0.33923E+00
 WatBalR  [%]              0.656
----------------------------------------------------------

----------------------------------------------------------
 Time       [T]      702.0000
----------------------------------------------------------
 Sub-region num.                     1
----------------------------------------------------------
 Length   [L]        0.15000E+03  0.15000E+03
 W-volume [L]        0.58063E+01  0.58063E+01
 In-flow  [L/T]     -0.23842E-05 -0.23842E-05
 h Mean   [L]       -0.41234E+04 -0.41234E+04
 Top Flux [L/T]      0.99840E-31
 Bot Flux [L/T]      0.00000E+00
 WatBalT  [L]       -0.33923E+00
 WatBalR  [%]              0.656
----------------------------------------------------------

----------------------------------------------------------
 Time       [T]      703.0000
----------------------------------------------------------
 Sub-region num.                     1
----------------------------------------------------------
 Length   [L]        0.15000E+03  0.15000E+03
 W-volume [L]        0.58063E+01  0.58063E+01
 In-flow  [L/T]     -0.23842E-05 -0.23842E-05
 h Mean   [L]       -0.41234E+04 -0.41234E+04
 Top Flux [L/T]      0.99840E-31
 Bot Flux [L/T]      0.00000E+00
 WatBalT  [L]       -0.33922E+00
 WatBalR  [%]              0.656
----------------------------------------------------------

----------------------------------------------------------
 Time       [T]      704.0000
----------------------------------------------------------
 Sub-region num.                     1
----------------------------------------------------------
 Length   [L]        0.15000E+03  0.15000E+03
 W-volume [L]        0.58063E+01  0.58063E+01
 In-flow  [L/T]     -0.23842E-05 -0.23842E-05
 h Mean   [L]       -0.41234E+04 -0.41234E+04
 Top Flux [L/T]      0.99840E-31
 Bot Flux [L/T]      0.00000E+00
 WatBalT  [L]       -0.33922E+00
 WatBalR  [%]              0.656
----------------------------------------------------------

----------------------------------------------------------
 Time       [T]      705.0000
----------------------------------------------------------
 Sub-region num.                     1
----------------------------------------------------------
 Length   [L]        0.15000E+03  0.15000E+03
 W-volume [L]        0.58063E+01  0.58063E+01
 In-flow  [L/T]     -0.23842E-05 -0.23842E-05
 h Mean   [L]       -0.41234E+04 -0.41234E+04
 Top Flux [L/T]      0.99840E-31
 Bot Flux [L/T]      0.00000E+00
 WatBalT  [L]       -0.33922E+00
 WatBalR  [%]              0.656
----------------------------------------------------------

----------------------------------------------------------
 Time       [T]      706.0000
----------------------------------------------------------
 Sub-region num.                     1
----------------------------------------------------------
 Length   [L]        0.15000E+03  0.15000E+03
 W-volume [L]        0.58063E+01  0.58063E+01
 In-flow  [L/T]     -0.23842E-05 -0.23842E-05
 h Mean   [L]       -0.41234E+04 -0.41234E+04
 Top Flux [L/T]      0.99840E-31
 Bot Flux [L/T]      0.00000E+00
 WatBalT  [L]       -0.33922E+00
 WatBalR  [%]              0.656
----------------------------------------------------------

----------------------------------------------------------
 Time       [T]      707.0000
----------------------------------------------------------
 Sub-region num.                     1
----------------------------------------------------------
 Length   [L]        0.15000E+03  0.15000E+03
 W-volume [L]        0.58063E+01  0.58063E+01
 In-flow  [L/T]     -0.23842E-05 -0.23842E-05
 h Mean   [L]       -0.41234E+04 -0.41234E+04
 Top Flux [L/T]      0.99840E-31
 Bot Flux [L/T]      0.00000E+00
 WatBalT  [L]       -0.33922E+00
 WatBalR  [%]              0.656
----------------------------------------------------------

----------------------------------------------------------
 Time       [T]      708.0000
----------------------------------------------------------
 Sub-region num.                     1
----------------------------------------------------------
 Length   [L]        0.15000E+03  0.15000E+03
 W-volume [L]        0.58063E+01  0.58063E+01
 In-flow  [L/T]     -0.23842E-05 -0.23842E-05
 h Mean   [L]       -0.41234E+04 -0.41234E+04
 Top Flux [L/T]      0.99840E-31
 Bot Flux [L/T]      0.00000E+00
 WatBalT  [L]       -0.33922E+00
 WatBalR  [%]              0.656
----------------------------------------------------------

----------------------------------------------------------
 Time       [T]      709.0000
----------------------------------------------------------
 Sub-region num.                     1
----------------------------------------------------------
 Length   [L]        0.15000E+03  0.15000E+03
 W-volume [L]        0.58063E+01  0.58063E+01
 In-flow  [L/T]     -0.23842E-05 -0.23842E-05
 h Mean   [L]       -0.41234E+04 -0.41234E+04
 Top Flux [L/T]      0.99840E-31
 Bot Flux [L/T]      0.00000E+00
 WatBalT  [L]       -0.33922E+00
 WatBalR  [%]              0.656
----------------------------------------------------------

----------------------------------------------------------
 Time       [T]      710.0000
----------------------------------------------------------
 Sub-region num.                     1
----------------------------------------------------------
 Length   [L]        0.15000E+03  0.15000E+03
 W-volume [L]        0.58063E+01  0.58063E+01
 In-flow  [L/T]     -0.23842E-05 -0.23842E-05
 h Mean   [L]       -0.41234E+04 -0.41234E+04
 Top Flux [L/T]      0.99840E-31
 Bot Flux [L/T]      0.00000E+00
 WatBalT  [L]       -0.33921E+00
 WatBalR  [%]              0.656
----------------------------------------------------------

----------------------------------------------------------
 Time       [T]      711.0000
----------------------------------------------------------
 Sub-region num.                     1
----------------------------------------------------------
 Length   [L]        0.15000E+03  0.15000E+03
 W-volume [L]        0.58063E+01  0.58063E+01
 In-flow  [L/T]     -0.23842E-05 -0.23842E-05
 h Mean   [L]       -0.41234E+04 -0.41234E+04
 Top Flux [L/T]      0.99840E-31
 Bot Flux [L/T]      0.00000E+00
 WatBalT  [L]       -0.33921E+00
 WatBalR  [%]              0.656
----------------------------------------------------------

----------------------------------------------------------
 Time       [T]      712.0000
----------------------------------------------------------
 Sub-region num.                     1
----------------------------------------------------------
 Length   [L]        0.15000E+03  0.15000E+03
 W-volume [L]        0.58063E+01  0.58063E+01
 In-flow  [L/T]     -0.23842E-05 -0.23842E-05
 h Mean   [L]       -0.41234E+04 -0.41234E+04
 Top Flux [L/T]      0.99840E-31
 Bot Flux [L/T]      0.00000E+00
 WatBalT  [L]       -0.33921E+00
 WatBalR  [%]              0.656
----------------------------------------------------------

----------------------------------------------------------
 Time       [T]      713.0000
----------------------------------------------------------
 Sub-region num.                     1
----------------------------------------------------------
 Length   [L]        0.15000E+03  0.15000E+03
 W-volume [L]        0.58063E+01  0.58063E+01
 In-flow  [L/T]     -0.23544E-05 -0.23544E-05
 h Mean   [L]       -0.41234E+04 -0.41234E+04
 Top Flux [L/T]      0.99840E-31
 Bot Flux [L/T]      0.00000E+00
 WatBalT  [L]       -0.33921E+00
 WatBalR  [%]              0.656
----------------------------------------------------------

----------------------------------------------------------
 Time       [T]      714.0000
----------------------------------------------------------
 Sub-region num.                     1
----------------------------------------------------------
 Length   [L]        0.15000E+03  0.15000E+03
 W-volume [L]        0.58063E+01  0.58063E+01
 In-flow  [L/T]     -0.23544E-05 -0.23544E-05
 h Mean   [L]       -0.41234E+04 -0.41234E+04
 Top Flux [L/T]      0.99840E-31
 Bot Flux [L/T]      0.00000E+00
 WatBalT  [L]       -0.33921E+00
 WatBalR  [%]              0.656
----------------------------------------------------------

----------------------------------------------------------
 Time       [T]      715.0000
----------------------------------------------------------
 Sub-region num.                     1
----------------------------------------------------------
 Length   [L]        0.15000E+03  0.15000E+03
 W-volume [L]        0.58063E+01  0.58063E+01
 In-flow  [L/T]     -0.23544E-05 -0.23544E-05
 h Mean   [L]       -0.41234E+04 -0.41234E+04
 Top Flux [L/T]      0.99840E-31
 Bot Flux [L/T]      0.00000E+00
 WatBalT  [L]       -0.33921E+00
 WatBalR  [%]              0.656
----------------------------------------------------------

----------------------------------------------------------
 Time       [T]      716.0000
----------------------------------------------------------
 Sub-region num.                     1
----------------------------------------------------------
 Length   [L]        0.15000E+03  0.15000E+03
 W-volume [L]        0.58063E+01  0.58063E+01
 In-flow  [L/T]     -0.23544E-05 -0.23544E-05
 h Mean   [L]       -0.41234E+04 -0.41234E+04
 Top Flux [L/T]      0.99840E-31
 Bot Flux [L/T]      0.00000E+00
 WatBalT  [L]       -0.33920E+00
 WatBalR  [%]              0.656
----------------------------------------------------------

----------------------------------------------------------
 Time       [T]      717.0000
----------------------------------------------------------
 Sub-region num.                     1
----------------------------------------------------------
 Length   [L]        0.15000E+03  0.15000E+03
 W-volume [L]        0.58063E+01  0.58063E+01
 In-flow  [L/T]     -0.23544E-05 -0.23544E-05
 h Mean   [L]       -0.41234E+04 -0.41234E+04
 Top Flux [L/T]      0.99840E-31
 Bot Flux [L/T]      0.00000E+00
 WatBalT  [L]       -0.33920E+00
 WatBalR  [%]              0.656
----------------------------------------------------------

----------------------------------------------------------
 Time       [T]      718.0000
----------------------------------------------------------
 Sub-region num.                     1
----------------------------------------------------------
 Length   [L]        0.15000E+03  0.15000E+03
 W-volume [L]        0.58063E+01  0.58063E+01
 In-flow  [L/T]     -0.23544E-05 -0.23544E-05
 h Mean   [L]       -0.41234E+04 -0.41234E+04
 Top Flux [L/T]      0.99840E-31
 Bot Flux [L/T]      0.00000E+00
 WatBalT  [L]       -0.33920E+00
 WatBalR  [%]              0.656
----------------------------------------------------------

----------------------------------------------------------
 Time       [T]      719.0000
----------------------------------------------------------
 Sub-region num.                     1
----------------------------------------------------------
 Length   [L]        0.15000E+03  0.15000E+03
 W-volume [L]        0.58063E+01  0.58063E+01
 In-flow  [L/T]     -0.23544E-05 -0.23544E-05
 h Mean   [L]       -0.41234E+04 -0.41234E+04
 Top Flux [L/T]      0.99840E-31
 Bot Flux [L/T]      0.00000E+00
 WatBalT  [L]       -0.33920E+00
 WatBalR  [%]              0.656
----------------------------------------------------------

----------------------------------------------------------
 Time       [T]      720.0000
----------------------------------------------------------
 Sub-region num.                     1
----------------------------------------------------------
 Length   [L]        0.15000E+03  0.15000E+03
 W-volume [L]        0.58063E+01  0.58063E+01
 In-flow  [L/T]     -0.23544E-05 -0.23544E-05
 h Mean   [L]       -0.41234E+04 -0.41234E+04
 Top Flux [L/T]      0.99840E-31
 Bot Flux [L/T]      0.00000E+00
 WatBalT  [L]       -0.33920E+00
 WatBalR  [%]              0.656
----------------------------------------------------------

----------------------------------------------------------
 Time       [T]      721.0000
----------------------------------------------------------
 Sub-region num.                     1
----------------------------------------------------------
 Length   [L]        0.15000E+03  0.15000E+03
 W-volume [L]        0.58063E+01  0.58063E+01
 In-flow  [L/T]     -0.23544E-05 -0.23544E-05
 h Mean   [L]       -0.41234E+04 -0.41234E+04
 Top Flux [L/T]      0.99840E-31
 Bot Flux [L/T]      0.00000E+00
 WatBalT  [L]       -0.33920E+00
 WatBalR  [%]              0.656
----------------------------------------------------------

----------------------------------------------------------
 Time       [T]      722.0000
----------------------------------------------------------
 Sub-region num.                     1
----------------------------------------------------------
 Length   [L]        0.15000E+03  0.15000E+03
 W-volume [L]        0.58063E+01  0.58063E+01
 In-flow  [L/T]     -0.23246E-05 -0.23246E-05
 h Mean   [L]       -0.41234E+04 -0.41234E+04
 Top Flux [L/T]      0.99840E-31
 Bot Flux [L/T]      0.00000E+00
 WatBalT  [L]       -0.33920E+00
 WatBalR  [%]              0.656
----------------------------------------------------------

----------------------------------------------------------
 Time       [T]      723.0000
----------------------------------------------------------
 Sub-region num.                     1
----------------------------------------------------------
 Length   [L]        0.15000E+03  0.15000E+03
 W-volume [L]        0.58063E+01  0.58063E+01
 In-flow  [L/T]     -0.23246E-05 -0.23246E-05
 h Mean   [L]       -0.41234E+04 -0.41234E+04
 Top Flux [L/T]      0.99840E-31
 Bot Flux [L/T]      0.00000E+00
 WatBalT  [L]       -0.33920E+00
 WatBalR  [%]              0.656
----------------------------------------------------------

----------------------------------------------------------
 Time       [T]      724.0000
----------------------------------------------------------
 Sub-region num.                     1
----------------------------------------------------------
 Length   [L]        0.15000E+03  0.15000E+03
 W-volume [L]        0.58063E+01  0.58063E+01
 In-flow  [L/T]     -0.23246E-05 -0.23246E-05
 h Mean   [L]       -0.41234E+04 -0.41234E+04
 Top Flux [L/T]      0.99840E-31
 Bot Flux [L/T]      0.00000E+00
 WatBalT  [L]       -0.33919E+00
 WatBalR  [%]              0.656
----------------------------------------------------------

----------------------------------------------------------
 Time       [T]      725.0000
----------------------------------------------------------
 Sub-region num.                     1
----------------------------------------------------------
 Length   [L]        0.15000E+03  0.15000E+03
 W-volume [L]        0.58063E+01  0.58063E+01
 In-flow  [L/T]     -0.23246E-05 -0.23246E-05
 h Mean   [L]       -0.41234E+04 -0.41234E+04
 Top Flux [L/T]      0.99840E-31
 Bot Flux [L/T]      0.00000E+00
 WatBalT  [L]       -0.33919E+00
 WatBalR  [%]              0.656
----------------------------------------------------------

----------------------------------------------------------
 Time       [T]      726.0000
----------------------------------------------------------
 Sub-region num.                     1
----------------------------------------------------------
 Length   [L]        0.15000E+03  0.15000E+03
 W-volume [L]        0.58063E+01  0.58063E+01
 In-flow  [L/T]     -0.23246E-05 -0.23246E-05
 h Mean   [L]       -0.41234E+04 -0.41234E+04
 Top Flux [L/T]      0.99840E-31
 Bot Flux [L/T]      0.00000E+00
 WatBalT  [L]       -0.33919E+00
 WatBalR  [%]              0.656
----------------------------------------------------------

----------------------------------------------------------
 Time       [T]      727.0000
----------------------------------------------------------
 Sub-region num.                     1
----------------------------------------------------------
 Length   [L]        0.15000E+03  0.15000E+03
 W-volume [L]        0.58063E+01  0.58063E+01
 In-flow  [L/T]     -0.23246E-05 -0.23246E-05
 h Mean   [L]       -0.41234E+04 -0.41234E+04
 Top Flux [L/T]      0.99840E-31
 Bot Flux [L/T]      0.00000E+00
 WatBalT  [L]       -0.33919E+00
 WatBalR  [%]              0.656
----------------------------------------------------------

----------------------------------------------------------
 Time       [T]      728.0000
----------------------------------------------------------
 Sub-region num.                     1
----------------------------------------------------------
 Length   [L]        0.15000E+03  0.15000E+03
 W-volume [L]        0.58063E+01  0.58063E+01
 In-flow  [L/T]     -0.23246E-05 -0.23246E-05
 h Mean   [L]       -0.41234E+04 -0.41234E+04
 Top Flux [L/T]      0.99840E-31
 Bot Flux [L/T]      0.00000E+00
 WatBalT  [L]       -0.33919E+00
 WatBalR  [%]              0.656
----------------------------------------------------------

----------------------------------------------------------
 Time       [T]      729.0000
----------------------------------------------------------
 Sub-region num.                     1
----------------------------------------------------------
 Length   [L]        0.15000E+03  0.15000E+03
 W-volume [L]        0.58063E+01  0.58063E+01
 In-flow  [L/T]     -0.23246E-05 -0.23246E-05
 h Mean   [L]       -0.41234E+04 -0.41234E+04
 Top Flux [L/T]      0.99840E-31
 Bot Flux [L/T]      0.00000E+00
 WatBalT  [L]       -0.33919E+00
 WatBalR  [%]              0.656
----------------------------------------------------------

----------------------------------------------------------
 Time       [T]      730.0000
----------------------------------------------------------
 Sub-region num.                     1
----------------------------------------------------------
 Length   [L]        0.15000E+03  0.15000E+03
 W-volume [L]        0.58063E+01  0.58063E+01
 In-flow  [L/T]     -0.23246E-05 -0.23246E-05
 h Mean   [L]       -0.41234E+04 -0.41234E+04
 Top Flux [L/T]      0.99840E-31
 Bot Flux [L/T]      0.00000E+00
 WatBalT  [L]       -0.33919E+00
 WatBalR  [%]              0.656
----------------------------------------------------------

----------------------------------------------------------
 Time       [T]      731.0000
----------------------------------------------------------
 Sub-region num.                     1
----------------------------------------------------------
 Length   [L]        0.15000E+03  0.15000E+03
 W-volume [L]        0.58063E+01  0.58063E+01
 In-flow  [L/T]     -0.23246E-05 -0.23246E-05
 h Mean   [L]       -0.41234E+04 -0.41234E+04
 Top Flux [L/T]      0.99840E-31
 Bot Flux [L/T]      0.00000E+00
 WatBalT  [L]       -0.33918E+00
 WatBalR  [%]              0.656
----------------------------------------------------------

----------------------------------------------------------
 Time       [T]      732.0000
----------------------------------------------------------
 Sub-region num.                     1
----------------------------------------------------------
 Length   [L]        0.15000E+03  0.15000E+03
 W-volume [L]        0.58063E+01  0.58063E+01
 In-flow  [L/T]     -0.23246E-05 -0.23246E-05
 h Mean   [L]       -0.41234E+04 -0.41234E+04
 Top Flux [L/T]      0.99840E-31
 Bot Flux [L/T]      0.00000E+00
 WatBalT  [L]       -0.33918E+00
 WatBalR  [%]              0.656
----------------------------------------------------------

----------------------------------------------------------
 Time       [T]      733.0000
----------------------------------------------------------
 Sub-region num.                     1
----------------------------------------------------------
 Length   [L]        0.15000E+03  0.15000E+03
 W-volume [L]        0.58063E+01  0.58063E+01
 In-flow  [L/T]     -0.23246E-05 -0.23246E-05
 h Mean   [L]       -0.41234E+04 -0.41234E+04
 Top Flux [L/T]      0.99840E-31
 Bot Flux [L/T]      0.00000E+00
 WatBalT  [L]       -0.33918E+00
 WatBalR  [%]              0.656
----------------------------------------------------------

----------------------------------------------------------
 Time       [T]      734.0000
----------------------------------------------------------
 Sub-region num.                     1
----------------------------------------------------------
 Length   [L]        0.15000E+03  0.15000E+03
 W-volume [L]        0.58062E+01  0.58062E+01
 In-flow  [L/T]     -0.22948E-05 -0.22948E-05
 h Mean   [L]       -0.41234E+04 -0.41234E+04
 Top Flux [L/T]      0.99840E-31
 Bot Flux [L/T]      0.00000E+00
 WatBalT  [L]       -0.33918E+00
 WatBalR  [%]              0.656
----------------------------------------------------------

----------------------------------------------------------
 Time       [T]      735.0000
----------------------------------------------------------
 Sub-region num.                     1
----------------------------------------------------------
 Length   [L]        0.15000E+03  0.15000E+03
 W-volume [L]        0.58062E+01  0.58062E+01
 In-flow  [L/T]     -0.22948E-05 -0.22948E-05
 h Mean   [L]       -0.41234E+04 -0.41234E+04
 Top Flux [L/T]      0.99840E-31
 Bot Flux [L/T]      0.00000E+00
 WatBalT  [L]       -0.33918E+00
 WatBalR  [%]              0.656
----------------------------------------------------------

----------------------------------------------------------
 Time       [T]      736.0000
----------------------------------------------------------
 Sub-region num.                     1
----------------------------------------------------------
 Length   [L]        0.15000E+03  0.15000E+03
 W-volume [L]        0.58062E+01  0.58062E+01
 In-flow  [L/T]     -0.22948E-05 -0.22948E-05
 h Mean   [L]       -0.41234E+04 -0.41234E+04
 Top Flux [L/T]      0.99840E-31
 Bot Flux [L/T]      0.00000E+00
 WatBalT  [L]       -0.33918E+00
 WatBalR  [%]              0.656
----------------------------------------------------------

----------------------------------------------------------
 Time       [T]      737.0000
----------------------------------------------------------
 Sub-region num.                     1
----------------------------------------------------------
 Length   [L]        0.15000E+03  0.15000E+03
 W-volume [L]        0.58062E+01  0.58062E+01
 In-flow  [L/T]     -0.22948E-05 -0.22948E-05
 h Mean   [L]       -0.41234E+04 -0.41234E+04
 Top Flux [L/T]      0.99840E-31
 Bot Flux [L/T]      0.00000E+00
 WatBalT  [L]       -0.33917E+00
 WatBalR  [%]              0.656
----------------------------------------------------------

----------------------------------------------------------
 Time       [T]      738.0000
----------------------------------------------------------
 Sub-region num.                     1
----------------------------------------------------------
 Length   [L]        0.15000E+03  0.15000E+03
 W-volume [L]        0.58062E+01  0.58062E+01
 In-flow  [L/T]     -0.22948E-05 -0.22948E-05
 h Mean   [L]       -0.41234E+04 -0.41234E+04
 Top Flux [L/T]      0.99840E-31
 Bot Flux [L/T]      0.00000E+00
 WatBalT  [L]       -0.33917E+00
 WatBalR  [%]              0.656
----------------------------------------------------------

----------------------------------------------------------
 Time       [T]      739.0000
----------------------------------------------------------
 Sub-region num.                     1
----------------------------------------------------------
 Length   [L]        0.15000E+03  0.15000E+03
 W-volume [L]        0.58062E+01  0.58062E+01
 In-flow  [L/T]     -0.22948E-05 -0.22948E-05
 h Mean   [L]       -0.41234E+04 -0.41234E+04
 Top Flux [L/T]      0.99840E-31
 Bot Flux [L/T]      0.00000E+00
 WatBalT  [L]       -0.33917E+00
 WatBalR  [%]              0.656
----------------------------------------------------------

----------------------------------------------------------
 Time       [T]      740.0000
----------------------------------------------------------
 Sub-region num.                     1
----------------------------------------------------------
 Length   [L]        0.15000E+03  0.15000E+03
 W-volume [L]        0.58062E+01  0.58062E+01
 In-flow  [L/T]     -0.22948E-05 -0.22948E-05
 h Mean   [L]       -0.41234E+04 -0.41234E+04
 Top Flux [L/T]      0.99840E-31
 Bot Flux [L/T]      0.00000E+00
 WatBalT  [L]       -0.33917E+00
 WatBalR  [%]              0.656
----------------------------------------------------------

----------------------------------------------------------
 Time       [T]      741.0000
----------------------------------------------------------
 Sub-region num.                     1
----------------------------------------------------------
 Length   [L]        0.15000E+03  0.15000E+03
 W-volume [L]        0.58062E+01  0.58062E+01
 In-flow  [L/T]     -0.22948E-05 -0.22948E-05
 h Mean   [L]       -0.41234E+04 -0.41234E+04
 Top Flux [L/T]      0.99840E-31
 Bot Flux [L/T]      0.00000E+00
 WatBalT  [L]       -0.33917E+00
 WatBalR  [%]              0.656
----------------------------------------------------------

----------------------------------------------------------
 Time       [T]      742.0000
----------------------------------------------------------
 Sub-region num.                     1
----------------------------------------------------------
 Length   [L]        0.15000E+03  0.15000E+03
 W-volume [L]        0.58062E+01  0.58062E+01
 In-flow  [L/T]     -0.22948E-05 -0.22948E-05
 h Mean   [L]       -0.41234E+04 -0.41234E+04
 Top Flux [L/T]      0.99840E-31
 Bot Flux [L/T]      0.00000E+00
 WatBalT  [L]       -0.33917E+00
 WatBalR  [%]              0.656
----------------------------------------------------------

----------------------------------------------------------
 Time       [T]      743.0000
----------------------------------------------------------
 Sub-region num.                     1
----------------------------------------------------------
 Length   [L]        0.15000E+03  0.15000E+03
 W-volume [L]        0.58062E+01  0.58062E+01
 In-flow  [L/T]     -0.22948E-05 -0.22948E-05
 h Mean   [L]       -0.41234E+04 -0.41234E+04
 Top Flux [L/T]      0.99840E-31
 Bot Flux [L/T]      0.00000E+00
 WatBalT  [L]       -0.33916E+00
 WatBalR  [%]              0.656
----------------------------------------------------------

----------------------------------------------------------
 Time       [T]      744.0000
----------------------------------------------------------
 Sub-region num.                     1
----------------------------------------------------------
 Length   [L]        0.15000E+03  0.15000E+03
 W-volume [L]        0.58062E+01  0.58062E+01
 In-flow  [L/T]     -0.22948E-05 -0.22948E-05
 h Mean   [L]       -0.41234E+04 -0.41234E+04
 Top Flux [L/T]      0.99840E-31
 Bot Flux [L/T]      0.00000E+00
 WatBalT  [L]       -0.33916E+00
 WatBalR  [%]              0.656
----------------------------------------------------------

----------------------------------------------------------
 Time       [T]      745.0000
----------------------------------------------------------
 Sub-region num.                     1
----------------------------------------------------------
 Length   [L]        0.15000E+03  0.15000E+03
 W-volume [L]        0.58062E+01  0.58062E+01
 In-flow  [L/T]     -0.22650E-05 -0.22650E-05
 h Mean   [L]       -0.41234E+04 -0.41234E+04
 Top Flux [L/T]      0.99840E-31
 Bot Flux [L/T]      0.00000E+00
 WatBalT  [L]       -0.33916E+00
 WatBalR  [%]              0.656
----------------------------------------------------------

----------------------------------------------------------
 Time       [T]      746.0000
----------------------------------------------------------
 Sub-region num.                     1
----------------------------------------------------------
 Length   [L]        0.15000E+03  0.15000E+03
 W-volume [L]        0.58062E+01  0.58062E+01
 In-flow  [L/T]     -0.22650E-05 -0.22650E-05
 h Mean   [L]       -0.41234E+04 -0.41234E+04
 Top Flux [L/T]      0.99840E-31
 Bot Flux [L/T]      0.00000E+00
 WatBalT  [L]       -0.33916E+00
 WatBalR  [%]              0.656
----------------------------------------------------------

----------------------------------------------------------
 Time       [T]      747.0000
----------------------------------------------------------
 Sub-region num.                     1
----------------------------------------------------------
 Length   [L]        0.15000E+03  0.15000E+03
 W-volume [L]        0.58062E+01  0.58062E+01
 In-flow  [L/T]     -0.22650E-05 -0.22650E-05
 h Mean   [L]       -0.41234E+04 -0.41234E+04
 Top Flux [L/T]      0.99840E-31
 Bot Flux [L/T]      0.00000E+00
 WatBalT  [L]       -0.33916E+00
 WatBalR  [%]              0.656
----------------------------------------------------------

----------------------------------------------------------
 Time       [T]      748.0000
----------------------------------------------------------
 Sub-region num.                     1
----------------------------------------------------------
 Length   [L]        0.15000E+03  0.15000E+03
 W-volume [L]        0.58062E+01  0.58062E+01
 In-flow  [L/T]     -0.22650E-05 -0.22650E-05
 h Mean   [L]       -0.41234E+04 -0.41234E+04
 Top Flux [L/T]      0.99840E-31
 Bot Flux [L/T]      0.00000E+00
 WatBalT  [L]       -0.33916E+00
 WatBalR  [%]              0.656
----------------------------------------------------------

----------------------------------------------------------
 Time       [T]      749.0000
----------------------------------------------------------
 Sub-region num.                     1
----------------------------------------------------------
 Length   [L]        0.15000E+03  0.15000E+03
 W-volume [L]        0.58062E+01  0.58062E+01
 In-flow  [L/T]     -0.22650E-05 -0.22650E-05
 h Mean   [L]       -0.41234E+04 -0.41234E+04
 Top Flux [L/T]      0.99840E-31
 Bot Flux [L/T]      0.00000E+00
 WatBalT  [L]       -0.33916E+00
 WatBalR  [%]              0.656
----------------------------------------------------------

----------------------------------------------------------
 Time       [T]      750.0000
----------------------------------------------------------
 Sub-region num.                     1
----------------------------------------------------------
 Length   [L]        0.15000E+03  0.15000E+03
 W-volume [L]        0.58062E+01  0.58062E+01
 In-flow  [L/T]     -0.22650E-05 -0.22650E-05
 h Mean   [L]       -0.41234E+04 -0.41234E+04
 Top Flux [L/T]      0.99840E-31
 Bot Flux [L/T]      0.00000E+00
 WatBalT  [L]       -0.33916E+00
 WatBalR  [%]              0.656
----------------------------------------------------------

----------------------------------------------------------
 Time       [T]      751.0000
----------------------------------------------------------
 Sub-region num.                     1
----------------------------------------------------------
 Length   [L]        0.15000E+03  0.15000E+03
 W-volume [L]        0.58062E+01  0.58062E+01
 In-flow  [L/T]     -0.22650E-05 -0.22650E-05
 h Mean   [L]       -0.41234E+04 -0.41234E+04
 Top Flux [L/T]      0.99840E-31
 Bot Flux [L/T]      0.00000E+00
 WatBalT  [L]       -0.33915E+00
 WatBalR  [%]              0.656
----------------------------------------------------------

----------------------------------------------------------
 Time       [T]      752.0000
----------------------------------------------------------
 Sub-region num.                     1
----------------------------------------------------------
 Length   [L]        0.15000E+03  0.15000E+03
 W-volume [L]        0.58062E+01  0.58062E+01
 In-flow  [L/T]     -0.22650E-05 -0.22650E-05
 h Mean   [L]       -0.41234E+04 -0.41234E+04
 Top Flux [L/T]      0.99840E-31
 Bot Flux [L/T]      0.00000E+00
 WatBalT  [L]       -0.33915E+00
 WatBalR  [%]              0.656
----------------------------------------------------------

----------------------------------------------------------
 Time       [T]      753.0000
----------------------------------------------------------
 Sub-region num.                     1
----------------------------------------------------------
 Length   [L]        0.15000E+03  0.15000E+03
 W-volume [L]        0.58062E+01  0.58062E+01
 In-flow  [L/T]     -0.22650E-05 -0.22650E-05
 h Mean   [L]       -0.41234E+04 -0.41234E+04
 Top Flux [L/T]      0.99840E-31
 Bot Flux [L/T]      0.00000E+00
 WatBalT  [L]       -0.33915E+00
 WatBalR  [%]              0.656
----------------------------------------------------------

----------------------------------------------------------
 Time       [T]      754.0000
----------------------------------------------------------
 Sub-region num.                     1
----------------------------------------------------------
 Length   [L]        0.15000E+03  0.15000E+03
 W-volume [L]        0.58062E+01  0.58062E+01
 In-flow  [L/T]     -0.22650E-05 -0.22650E-05
 h Mean   [L]       -0.41234E+04 -0.41234E+04
 Top Flux [L/T]      0.99840E-31
 Bot Flux [L/T]      0.00000E+00
 WatBalT  [L]       -0.33915E+00
 WatBalR  [%]              0.656
----------------------------------------------------------

----------------------------------------------------------
 Time       [T]      755.0000
----------------------------------------------------------
 Sub-region num.                     1
----------------------------------------------------------
 Length   [L]        0.15000E+03  0.15000E+03
 W-volume [L]        0.58062E+01  0.58062E+01
 In-flow  [L/T]     -0.22650E-05 -0.22650E-05
 h Mean   [L]       -0.41234E+04 -0.41234E+04
 Top Flux [L/T]      0.99840E-31
 Bot Flux [L/T]      0.00000E+00
 WatBalT  [L]       -0.33915E+00
 WatBalR  [%]              0.656
----------------------------------------------------------

----------------------------------------------------------
 Time       [T]      756.0000
----------------------------------------------------------
 Sub-region num.                     1
----------------------------------------------------------
 Length   [L]        0.15000E+03  0.15000E+03
 W-volume [L]        0.58062E+01  0.58062E+01
 In-flow  [L/T]     -0.22352E-05 -0.22352E-05
 h Mean   [L]       -0.41234E+04 -0.41234E+04
 Top Flux [L/T]      0.99840E-31
 Bot Flux [L/T]      0.00000E+00
 WatBalT  [L]       -0.33915E+00
 WatBalR  [%]              0.656
----------------------------------------------------------
 
 Calculation time [sec]  0.530000001192093     
