,Date,Precip,ET_cm,MinTemp,MaxTemp,AvgTemp,rTop,rRoot,vTop,vRoot,vBot,sum(rTop),sum(rRoot),sum(vTop),sum(vRoot),sum(vBot),hTop,hRoot,hBot,RunOff,sum(RunOff),Volume,sum(Infil),sum(Evap),Cum(WTrans),h37,theta37,temp37
0,2023-01-01,0.0,0.07112,-6.275,4.775,-1.26458333333333,0.0,0.0,2.5002e-08,0.0,-5.564e-06,0.0,0.0,2.4486e-08,0.0,-5.5581e-06,-15.009,-7.5503,-15.005,0.0,0.0,24.685,0.0,5.6692e-08,0.0,-15.0,0.3336,20.0
1,2023-01-02,0.0,0.03556,-9.8,2.45,-4.71354166666667,0.03556,0.0,0.03556,0.0,-5.5432e-06,0.03556,0.0,0.03556,0.0,-1.1101e-05,-47.004,-7.5506,-15.009,0.0,0.0,24.65,0.0,0.03556,0.0,-15.0,0.3336,20.0
2,2023-01-03,0.0,0.10668,-8.45,2.175,-3.865625,0.10668,0.0,0.10668,0.0,-5.5432e-06,0.14224,0.0,0.14224,0.0,-1.6645e-05,-6497.1,-7.5676,-15.014,0.0,0.0,24.543,0.0,0.14224,0.0,-15.0,0.3336,20.0
3,2023-01-04,0.0,0.0762,-7.55,4.15,-2.59895833333333,0.0762,0.0,0.00084888,0.0,-5.5193e-06,0.21844,0.0,0.1622,0.0,-2.2188e-05,-1000000.0,-7.6084,-15.018,0.0,0.0,24.523,0.0,0.1622,0.0,-15.0,0.3336,20.0
4,2023-01-05,0.0,0.03302,-11.3,1.75,-4.66666666666667,0.03302,0.0,0.00052442,0.0,-5.5321e-06,0.25146,0.0,0.16273,0.0,-2.7716e-05,-1000000.0,-7.6099,-15.023,0.0,0.0,24.523,0.0,0.16273,0.0,-15.0,0.3336,20.0
5,2023-01-06,0.4267,0.04826,-2.2,4.325,1.20104166666667,0.04826,0.0,0.00050723,0.0,-5.5432e-06,0.29972,0.0,0.16324,0.0,-3.3259e-05,-1000000.0,-7.6113,-15.027,0.0,0.0,24.522,0.0,0.16324,0.0,-15.0,0.3336,20.0
6,2023-01-07,0.0,0.127,-1.55,6.8,2.52291666666667,0.127,0.0,0.00049069,0.0,-5.5134e-06,0.42672,0.0,0.16374,0.0,-3.8773e-05,-1000000.0,-7.6127,-15.032,0.0,0.0,24.522,0.0,0.16374,0.0,-15.0,0.3336,20.0
7,2023-01-08,0.0,0.18542,0.45,7.175,3.51770833333333,0.18542,0.0,0.00047476,0.0,-5.5134e-06,0.61214,0.0,0.16422,0.0,-4.4286e-05,-1000000.0,-7.6141,-15.036,0.0,0.0,24.521,0.0,0.16422,0.0,-15.0,0.3336,20.0
8,2023-01-09,0.0,0.1778,-0.6,5.775,2.91770833333333,0.1778,0.0,0.00045942,0.0,-5.5134e-06,0.78994,0.0,0.16468,0.0,-4.98e-05,-1000000.0,-7.6154,-15.041,0.0,0.0,24.521,0.0,0.16468,0.0,-15.0,0.3336,20.0
9,2023-01-10,0.0,0.09652,-7.15,7.1,0.789583333333333,0.09652,0.0,0.00044464,0.0,-5.5134e-06,0.88646,0.0,0.16513,0.0,-5.5313e-05,-1000000.0,-7.6166,-15.046,0.0,0.0,24.52,0.0,0.16513,0.0,-15.0,0.3336,20.0
10,2023-01-11,0.0017,0.04572,-7.9,3.25,-3.36770833333333,0.04572,0.0,0.00043041,0.0,-5.4836e-06,0.93218,0.0,0.16556,0.0,-6.0812e-05,-1000000.0,-7.6178,-15.05,0.0,0.0,24.52,0.0,0.16556,0.0,-15.0,0.3336,20.0
11,2023-01-12,0.0,0.19304,-2.55,7.25,3.34895833333333,0.19304,0.0,0.0004167,0.0,-5.4836e-06,1.1252,0.0,0.16598,0.0,-6.6295e-05,-1000000.0,-7.619,-15.055,0.0,0.0,24.519,0.0,0.16598,0.0,-15.0,0.3336,20.0
12,2023-01-13,0.0,0.23114,5.425,10.05,7.59479166666667,0.23114,0.0,0.0004035,0.0,-5.4836e-06,1.3564,0.0,0.16639,0.0,-7.1779e-05,-1000000.0,-7.6202,-15.059,0.0,0.0,24.519,0.0,0.16639,0.0,-15.0,0.3336,20.0
13,2023-01-14,0.0,0.17272,0.625,9.625,5.56979166666667,0.17272,0.0,0.00039078,0.0,-5.4836e-06,1.5291,0.0,0.16678,0.0,-7.7263e-05,-1000000.0,-7.6213,-15.064,0.0,0.0,24.519,0.0,0.16678,0.0,-15.0,0.3336,20.0
14,2023-01-15,0.0,0.03302,-0.75,4.825,1.30833333333333,0.03302,0.0,0.00037853,0.0,-5.4836e-06,1.5621,0.0,0.16716,0.0,-8.2746e-05,-1000000.0,-7.6223,-15.068,0.0,0.0,24.518,0.0,0.16716,0.0,-15.0,0.3336,20.0
15,2023-01-16,0.068,0.02032,-1.675,3.35,0.201041666666667,0.02032,0.0,0.00036672,0.0,-5.4538e-06,1.5824,0.0,0.16753,0.0,-8.82e-05,-1000000.0,-7.6234,-15.073,0.0,0.0,24.518,0.0,0.16753,0.0,-15.0,0.3336,20.0
16,2023-01-17,0.0323,0.04318,-2.025,4.625,0.527083333333333,0.04318,0.0,0.00035535,0.0,-5.4538e-06,1.6256,0.0,0.16789,0.0,-9.3654e-05,-1000000.0,-7.6244,-15.077,0.0,0.0,24.518,0.0,0.16789,0.0,-15.0,0.3336,20.0
17,2023-01-18,0.0,0.16002,-3.125,5.925,0.075,0.16002,0.0,0.00034438,0.0,-5.4538e-06,1.7856,0.0,0.16824,0.0,-9.9108e-05,-1000000.0,-7.6254,-15.082,0.0,0.0,24.517,0.0,0.16824,0.0,-15.0,0.3336,20.0
18,2023-01-19,0.0,0.10668,-1.75,4.525,0.377083333333333,0.10668,0.0,0.00033382,0.0,-5.4538e-06,1.8923,0.0,0.16858,0.0,-0.00010456,-1000000.0,-7.6263,-15.086,0.0,0.0,24.517,0.0,0.16858,0.0,-15.0,0.3336,20.0
19,2023-01-20,0.0,0.127,-3.55,4.375,-1.03020833333333,0.127,0.0,0.00032364,0.0,-5.424e-06,2.0193,0.0,0.1689,0.0,-0.00011,-1000000.0,-7.6272,-15.09,0.0,0.0,24.516,0.0,0.1689,0.0,-15.0,0.3336,20.0
20,2023-01-21,0.0,0.18288,-3.325,5.875,0.444791666666667,0.18288,0.0,0.00031382,0.0,-5.424e-06,2.2022,0.0,0.16922,0.0,-0.00011542,-1000000.0,-7.6281,-15.095,0.0,0.0,24.516,0.0,0.16922,0.0,-15.0,0.3336,20.0
21,2023-01-22,0.0,0.07874,-3.65,2.35,-0.75,0.07874,0.0,0.00030437,0.0,-5.424e-06,2.2809,0.0,0.16952,0.0,-0.00012085,-1000000.0,-7.629,-15.099,0.0,0.0,24.516,0.0,0.16952,0.0,-15.0,0.3336,20.0
22,2023-01-23,0.0,0.0889,-6.85,0.225,-3.28854166666667,0.0889,0.0,0.00029525,0.0,-5.424e-06,2.3698,0.0,0.16982,0.0,-0.00012627,-1000000.0,-7.6298,-15.104,0.0,0.0,24.516,0.0,0.16982,0.0,-15.0,0.3336,20.0
23,2023-01-24,0.0,0.08382,-4.75,1.95,-1.86666666666667,0.08382,0.0,0.00028646,0.0,-5.424e-06,2.4536,0.0,0.17011,0.0,-0.0001317,-1000000.0,-7.6306,-15.108,0.0,0.0,24.515,0.0,0.17011,0.0,-15.0,0.3336,20.0
24,2023-01-25,0.0,0.06096,-5.5,2.5,-1.25833333333333,0.06096,0.0,0.00027798,0.0,-5.3942e-06,2.5146,0.0,0.17039,0.0,-0.00013711,-1000000.0,-7.6314,-15.113,0.0,0.0,24.515,0.0,0.17039,0.0,-15.0,0.3336,20.0
25,2023-01-26,0.0,0.1524,0.9,9.6,4.30729166666667,0.1524,0.0,0.00026981,0.0,-5.3942e-06,2.667,0.0,0.17066,0.0,-0.0001425,-1000000.0,-7.6322,-15.117,0.0,0.0,24.515,0.0,0.17066,0.0,-15.0,0.3336,20.0
26,2023-01-27,0.0612,0.04572,-7.375,2.725,-0.671875,0.04572,0.0,0.00026193,0.0,-5.3942e-06,2.7127,0.0,0.17093,0.0,-0.00014789,-1000000.0,-7.6329,-15.122,0.0,0.0,24.514,0.0,0.17093,0.0,-15.0,0.3336,20.0
27,2023-01-28,0.0,0.03429,-26.525,-10.1,-16.7625,0.03429,0.0,0.00025433,0.0,-5.3942e-06,2.747,0.0,0.17118,0.0,-0.00015329,-1000000.0,-7.6337,-15.126,0.0,0.0,24.514,0.0,0.17118,0.0,-15.0,0.3336,20.0
28,2023-01-29,0.0,0.02286,-26.575,-13.4,-20.9833333333333,0.02286,0.0,0.000247,0.0,-5.3942e-06,2.7699,0.0,0.17143,0.0,-0.00015868,-1000000.0,-7.6344,-15.131,0.0,0.0,24.514,0.0,0.17143,0.0,-15.0,0.3336,20.0
29,2023-01-30,0.0,0.05588,-17.725,-10.475,-13.7489583333333,0.05588,0.0,0.00023993,0.0,-5.3644e-06,2.8257,0.0,0.17167,0.0,-0.00016405,-1000000.0,-7.635,-15.135,0.0,0.0,24.514,0.0,0.17167,0.0,-15.0,0.3336,20.0
30,2023-01-31,0.0,0.10414,-11.325,-2.0,-5.24375,0.10414,0.0,0.00023311,0.0,-5.3644e-06,2.9299,0.0,0.17191,0.0,-0.00016941,-1000000.0,-7.6357,-15.139,0.0,0.0,24.513,0.0,0.17191,0.0,-15.0,0.3336,20.0
31,2023-02-01,0.0,0.11176,-10.6,2.05,-2.04270833333333,0.11176,0.0,0.00022653,0.0,-5.3644e-06,3.0416,0.0,0.17214,0.0,-0.00017478,-1000000.0,-7.6363,-15.144,0.0,0.0,24.513,0.0,0.17214,0.0,-15.0,0.3336,20.0
32,2023-02-02,0.0,0.14478,-11.025,5.375,-3.49479166666667,0.14478,0.0,0.00022018,0.0,-5.3644e-06,3.1864,0.0,0.17236,0.0,-0.00018014,-1000000.0,-7.637,-15.148,0.0,0.0,24.513,0.0,0.17236,0.0,-15.0,0.3336,20.0
33,2023-02-03,0.0,0.26162,1.3,9.05,4.34583333333333,0.26162,0.0,0.00021406,0.0,-5.3346e-06,3.448,0.0,0.17257,0.0,-0.00018549,-1000000.0,-7.6376,-15.153,0.0,0.0,24.513,0.0,0.17257,0.0,-15.0,0.3336,20.0
34,2023-02-04,0.0,0.19304,0.95,8.0,3.925,0.19304,0.0,0.00020814,0.0,-5.3346e-06,3.6411,0.0,0.17278,0.0,-0.00019082,-1000000.0,-7.6382,-15.157,0.0,0.0,24.513,0.0,0.17278,0.0,-15.0,0.3336,20.0
35,2023-02-05,0.0,0.20066,-0.15,7.975,3.771875,0.20066,0.0,0.00020244,0.0,-5.3346e-06,3.8417,0.0,0.17299,0.0,-0.00019616,-1000000.0,-7.6387,-15.161,0.0,0.0,24.512,0.0,0.17299,0.0,-15.0,0.3336,20.0
36,2023-02-06,0.0,0.1524,1.15,9.25,4.25833333333333,0.1524,0.0,0.00019693,0.0,-5.3346e-06,3.9941,0.0,0.17319,0.0,-0.00020149,-1000000.0,-7.6393,-15.166,0.0,0.0,24.512,0.0,0.17319,0.0,-15.0,0.3336,20.0
37,2023-02-07,0.0,0.21336,2.65,5.475,3.925,0.21336,0.0,0.00019162,0.0,-5.3346e-06,4.2075,0.0,0.17338,0.0,-0.00020683,-1000000.0,-7.6398,-15.17,0.0,0.0,24.512,0.0,0.17338,0.0,-15.0,0.3336,20.0
38,2023-02-08,0.0,0.10414,-5.125,2.65,-0.553125,0.10414,0.0,0.00018649,0.0,-5.3048e-06,4.3116,0.0,0.17357,0.0,-0.00021213,-1000000.0,-7.6403,-15.175,0.0,0.0,24.512,0.0,0.17357,0.0,-15.0,0.3336,20.0
39,2023-02-09,0.0,0.23622,-5.925,7.525,-0.103125,0.23622,0.0,0.00018153,0.0,-5.3048e-06,4.5479,0.0,0.17375,0.0,-0.00021744,-1000000.0,-7.6409,-15.179,0.0,0.0,24.512,0.0,0.17375,0.0,-15.0,0.3336,20.0
40,2023-02-10,0.0,0.27178,-0.15,9.575,3.875,0.27178,0.0,0.00017675,0.0,-5.3048e-06,4.8197,0.0,0.17393,0.0,-0.00022274,-1000000.0,-7.6414,-15.183,0.0,0.0,24.511,0.0,0.17393,0.0,-15.0,0.3336,20.0
41,2023-02-11,0.0,0.1778,-3.175,9.05,2.13854166666667,0.1778,0.0,0.00017213,0.0,-5.3048e-06,4.9975,0.0,0.1741,0.0,-0.00022805,-1000000.0,-7.6418,-15.188,0.0,0.0,24.511,0.0,0.1741,0.0,-15.0,0.3336,20.0
42,2023-02-12,0.0,0.3175,0.0,10.275,4.60729166666667,0.3175,0.0,0.00016767,0.0,-5.3048e-06,5.315,0.0,0.17427,0.0,-0.00023335,-1000000.0,-7.6423,-15.192,0.0,0.0,24.511,0.0,0.17427,0.0,-15.0,0.3336,20.0
43,2023-02-13,0.0,0.23622,-3.6,11.0,5.3125,0.23622,0.0,0.00016336,0.0,-5.275e-06,5.5512,0.0,0.17443,0.0,-0.00023863,-1000000.0,-7.6428,-15.196,0.0,0.0,24.511,0.0,0.17443,0.0,-15.0,0.3336,20.0
44,2023-02-14,0.0,0.06604,-12.475,-2.3,-6.496875,0.06604,0.0,0.0001592,0.0,-5.275e-06,5.6172,0.0,0.17459,0.0,-0.0002439,-1000000.0,-7.6432,-15.201,0.0,0.0,24.511,0.0,0.17459,0.0,-15.0,0.3336,20.0
45,2023-02-15,0.0,0.13208,-14.3,2.1,-5.7875,0.13208,0.0,0.00015518,0.0,-5.275e-06,5.7493,0.0,0.17475,0.0,-0.00024918,-1000000.0,-7.6436,-15.205,0.0,0.0,24.51,0.0,0.17475,0.0,-15.0,0.3336,20.0
46,2023-02-16,0.0,0.28702,-5.2,6.725,0.197916666666667,0.28702,0.0,0.00015129,0.0,-5.275e-06,6.0363,0.0,0.1749,0.0,-0.00025445,-1000000.0,-7.6441,-15.209,0.0,0.0,24.51,0.0,0.1749,0.0,-15.0,0.3336,20.0
47,2023-02-17,0.0,0.2413,-0.925,5.3,2.2,0.2413,0.0,0.00014754,0.0,-5.2452e-06,6.2776,0.0,0.17505,0.0,-0.00025971,-1000000.0,-7.6445,-15.214,0.0,0.0,24.51,0.0,0.17505,0.0,-15.0,0.3336,20.0
48,2023-02-18,0.0,0.14478,-3.05,4.35,1.14583333333333,0.14478,0.0,0.00014391,0.0,-5.2452e-06,6.4224,0.0,0.1752,0.0,-0.00026496,-1000000.0,-7.6449,-15.218,0.0,0.0,24.51,0.0,0.1752,0.0,-15.0,0.3336,20.0
49,2023-02-19,0.0,0.1651,-3.45,5.3,1.653125,0.1651,0.0,0.00014041,0.0,-5.2452e-06,6.5875,0.0,0.17534,0.0,-0.0002702,-1000000.0,-7.6453,-15.222,0.0,0.0,24.51,0.0,0.17534,0.0,-15.0,0.3336,20.0
50,2023-02-20,0.2329,0.0762,-5.65,2.625,-1.78541666666667,0.0762,0.0,0.00013702,0.0,-5.2452e-06,6.6637,0.0,0.17547,0.0,-0.00027545,-1000000.0,-7.6457,-15.227,0.0,0.0,24.51,0.0,0.17547,0.0,-15.0,0.3336,20.0
51,2023-02-21,0.1766,0.06604,-20.5,3.6,-12.6583333333333,0.06604,0.0,0.00013374,0.0,-5.2452e-06,6.7297,0.0,0.17561,0.0,-0.00028069,-1000000.0,-7.646,-15.231,0.0,0.0,24.51,0.0,0.17561,0.0,-15.0,0.3336,20.0
52,2023-02-22,0.0,0.02286,-24.1,-20.225,-22.0552083333333,0.02286,0.0,0.00013058,0.0,-5.2154e-06,6.7526,0.0,0.17574,0.0,-0.00028591,-1000000.0,-7.6464,-15.235,0.0,0.0,24.509,0.0,0.17574,0.0,-15.0,0.3336,20.0
53,2023-02-23,0.0,0.01778,-30.2,-21.85,-25.696875,0.01778,0.0,0.00012751,0.0,-5.2154e-06,6.7704,0.0,0.17587,0.0,-0.00029112,-1000000.0,-7.6467,-15.239,0.0,0.0,24.509,0.0,0.17587,0.0,-15.0,0.3336,20.0
54,2023-02-24,0.0,0.05588,-31.7,-6.875,-19.3125,0.05588,0.0,0.00012455,0.0,-5.2154e-06,6.8262,0.0,0.17599,0.0,-0.00029634,-1000000.0,-7.6471,-15.244,0.0,0.0,24.509,0.0,0.17599,0.0,-15.0,0.3336,20.0
55,2023-02-25,0.0,0.18542,-6.2,2.425,-1.37083333333333,0.18542,0.0,0.00012168,0.0,-5.2154e-06,7.0117,0.0,0.17612,0.0,-0.00030155,-1000000.0,-7.6474,-15.248,0.0,0.0,24.509,0.0,0.17612,0.0,-15.0,0.3336,20.0
56,2023-02-26,0.0017,0.20066,-2.4,8.75,2.865625,0.20066,0.0,0.00011891,0.0,-5.2154e-06,7.2123,0.0,0.17624,0.0,-0.00030677,-1000000.0,-7.6478,-15.252,0.0,0.0,24.509,0.0,0.17624,0.0,-15.0,0.3336,20.0
57,2023-02-27,0.0,0.14732,-5.2,2.4,-1.959375,0.14732,0.0,0.00011623,0.0,-5.1856e-06,7.3596,0.0,0.17635,0.0,-0.00031196,-1000000.0,-7.6481,-15.257,0.0,0.0,24.509,0.0,0.17635,0.0,-15.0,0.3336,20.0
58,2023-02-28,0.0,0.05588,-10.8,-1.925,-6.0875,0.05588,0.0,0.00011364,0.0,-5.1856e-06,7.4155,0.0,0.17647,0.0,-0.00031714,-1000000.0,-7.6484,-15.261,0.0,0.0,24.509,0.0,0.17647,0.0,-15.0,0.3336,20.0
59,2023-03-01,0.0,0.12446,-7.5,3.1,-4.06354166666667,0.12446,0.0,0.00011112,0.0,-5.1856e-06,7.54,0.0,0.17658,0.0,-0.00032233,-1000000.0,-7.6487,-15.265,0.0,0.0,24.509,0.0,0.17658,0.0,-15.0,0.3336,20.0
60,2023-03-02,0.0,0.21844,-4.325,5.875,-0.128125,0.21844,0.0,0.0001087,0.0,-5.1856e-06,7.7584,0.0,0.17669,0.0,-0.00032751,-1000000.0,-7.649,-15.269,0.0,0.0,24.508,0.0,0.17669,0.0,-15.0,0.3336,20.0
61,2023-03-03,0.0,0.15494,-7.55,2.625,-2.89895833333333,0.15494,0.0,0.00010634,0.0,-5.1558e-06,7.9134,0.0,0.1768,0.0,-0.00033268,-1000000.0,-7.6493,-15.274,0.0,0.0,24.508,0.0,0.1768,0.0,-15.0,0.3336,20.0
62,2023-03-04,0.0,0.17526,-6.95,4.125,-2.67395833333333,0.17526,0.0,0.00010407,0.0,-5.1558e-06,8.0886,0.0,0.1769,0.0,-0.00033784,-1000000.0,-7.6496,-15.278,0.0,0.0,24.508,0.0,0.1769,0.0,-15.0,0.3336,20.0
63,2023-03-05,0.0,0.03556,-12.225,-8.175,-10.2854166666667,0.03556,0.0,0.00010186,0.0,-5.1558e-06,8.1242,0.0,0.177,0.0,-0.00034299,-1000000.0,-7.6499,-15.282,0.0,0.0,24.508,0.0,0.177,0.0,-15.0,0.3336,20.0
64,2023-03-06,0.2465,0.0508,-14.925,-5.4,-11.0927083333333,0.0508,0.0,9.9724e-05,0.0,-5.1558e-06,8.175,0.0,0.1771,0.0,-0.00034815,-1000000.0,-7.6501,-15.286,0.0,0.0,24.508,0.0,0.1771,0.0,-15.0,0.3336,20.0
65,2023-03-07,0.0,0.06096,-19.125,-4.15,-11.20625,0.06096,0.0,9.7656e-05,0.0,-5.1558e-06,8.236,0.0,0.1772,0.0,-0.00035331,-1000000.0,-7.6504,-15.291,0.0,0.0,24.508,0.0,0.1772,0.0,-15.0,0.3336,20.0
66,2023-03-08,0.0,0.04318,-15.45,-9.15,-11.471875,0.04318,0.0,9.5652e-05,0.0,-5.126e-06,8.2791,0.0,0.1773,0.0,-0.00035845,-1000000.0,-7.6507,-15.295,0.0,0.0,24.508,0.0,0.1773,0.0,-15.0,0.3336,20.0
67,2023-03-09,0.0,0.0635,-16.5,-6.2,-11.7177083333333,0.0635,0.0,9.3712e-05,0.0,-5.126e-06,8.3426,0.0,0.17739,0.0,-0.00036357,-1000000.0,-7.6509,-15.299,0.0,0.0,24.508,0.0,0.17739,0.0,-15.0,0.3336,20.0
68,2023-03-10,0.1277,0.02794,-14.65,-9.0,-12.1697916666667,0.02794,0.0,9.1832e-05,0.0,-5.126e-06,8.3706,0.0,0.17748,0.0,-0.0003687,-1000000.0,-7.6512,-15.303,0.0,0.0,24.508,0.0,0.17748,0.0,-15.0,0.3336,20.0
69,2023-03-11,0.0,0.0508,-18.95,-5.075,-11.6197916666667,0.0508,0.0,9.001e-05,0.0,-5.126e-06,8.4214,0.0,0.17757,0.0,-0.00037383,-1000000.0,-7.6514,-15.308,0.0,0.0,24.508,0.0,0.17757,0.0,-15.0,0.3336,20.0
70,2023-03-12,0.0,0.06604,-17.675,-5.65,-12.5358695652174,0.06604,0.0,8.8244e-05,0.0,-5.126e-06,8.4874,0.0,0.17766,0.0,-0.00037895,-1000000.0,-7.6516,-15.312,0.0,0.0,24.507,0.0,0.17766,0.0,-15.0,0.3336,20.0
71,2023-03-13,0.1887,0.17272,-9.3,1.025,-4.59762228260869,0.17272,0.0,8.6531e-05,0.0,-5.0962e-06,8.6601,0.0,0.17775,0.0,-0.00038406,-1000000.0,-7.6519,-15.316,0.0,0.0,24.507,0.0,0.17775,0.0,-15.0,0.3336,20.0
72,2023-03-14,0.0,0.22098,-0.925,7.7,3.340625,0.22098,0.0,8.487e-05,0.0,-5.0962e-06,8.8811,0.0,0.17783,0.0,-0.00038916,-1000000.0,-7.6521,-15.32,0.0,0.0,24.507,0.0,0.17783,0.0,-15.0,0.3336,20.0
73,2023-03-15,0.3961,0.09398,-7.65,2.825,-1.94895833333333,0.09398,0.0,8.3261e-05,0.0,-5.0962e-06,8.9751,0.0,0.17792,0.0,-0.00039425,-1000000.0,-7.6523,-15.324,0.0,0.0,24.507,0.0,0.17792,0.0,-15.0,0.3336,20.0
74,2023-03-16,0.0493,0.10922,-9.775,1.775,-4.103125,0.10922,0.0,8.17e-05,0.0,-5.0962e-06,9.0843,0.0,0.178,0.0,-0.00039935,-1000000.0,-7.6526,-15.329,0.0,0.0,24.507,0.0,0.178,0.0,-15.0,0.3336,20.0
75,2023-03-17,0.0,0.13208,-10.075,3.925,-3.190625,0.13208,0.0,8.0186e-05,0.0,-5.0962e-06,9.2164,0.0,0.17808,0.0,-0.00040445,-1000000.0,-7.6528,-15.333,0.0,0.0,24.507,0.0,0.17808,0.0,-15.0,0.3336,20.0
76,2023-03-18,0.0,0.19304,-6.0,8.35,0.263541666666667,0.19304,0.0,7.8717e-05,0.0,-5.0664e-06,9.4094,0.0,0.17816,0.0,-0.00040951,-1000000.0,-7.653,-15.337,0.0,0.0,24.507,0.0,0.17816,0.0,-15.0,0.3336,20.0
77,2023-03-19,0.0,0.15494,-4.25,8.775,1.92395833333333,0.15494,0.0,7.7292e-05,0.0,-5.0664e-06,9.5644,0.0,0.17824,0.0,-0.00041458,-1000000.0,-7.6532,-15.341,0.0,0.0,24.507,0.0,0.17824,0.0,-15.0,0.3336,20.0
78,2023-03-20,0.0,0.08636,-7.425,0.5,-4.15833333333333,0.08636,0.0,7.5909e-05,0.0,-5.0664e-06,9.6507,0.0,0.17831,0.0,-0.00041965,-1000000.0,-7.6534,-15.345,0.0,0.0,24.507,0.0,0.17831,0.0,-15.0,0.3336,20.0
79,2023-03-21,0.0,0.12954,-7.9,5.85,-1.69479166666667,0.12954,0.0,7.4566e-05,0.0,-5.0664e-06,9.7803,0.0,0.17839,0.0,-0.00042471,-1000000.0,-7.6536,-15.349,0.0,0.0,24.507,0.0,0.17839,0.0,-15.0,0.3336,20.0
80,2023-03-22,0.0,0.1397,-7.275,5.925,-2.675,0.1397,0.0,7.3263e-05,0.0,-5.0664e-06,9.92,0.0,0.17846,0.0,-0.00042978,-1000000.0,-7.6538,-15.354,0.0,0.0,24.507,0.0,0.17846,0.0,-15.0,0.3336,20.0
81,2023-03-23,0.0,0.2032,-7.175,8.925,0.954166666666667,0.2032,0.0,7.1998e-05,0.0,-5.0366e-06,10.123,0.0,0.17853,0.0,-0.00043482,-1000000.0,-7.654,-15.358,0.0,0.0,24.507,0.0,0.17853,0.0,-15.0,0.3336,20.0
82,2023-03-24,0.0,0.15494,-2.375,7.65,1.85729166666667,0.15494,0.0,7.0769e-05,0.0,-5.0366e-06,10.278,0.0,0.17861,0.0,-0.00043985,-1000000.0,-7.6542,-15.362,0.0,0.0,24.506,0.0,0.17861,0.0,-15.0,0.3336,20.0
83,2023-03-25,0.0782,0.11176,-2.875,4.425,-0.13125,0.11176,0.0,6.9575e-05,0.0,-5.0366e-06,10.39,0.0,0.17868,0.0,-0.00044489,-1000000.0,-7.6544,-15.366,0.0,0.0,24.506,0.0,0.17868,0.0,-15.0,0.3336,20.0
84,2023-03-26,0.0,0.10922,-5.325,3.125,-2.16979166666667,0.10922,0.0,6.8414e-05,0.0,-5.0366e-06,10.499,0.0,0.17874,0.0,-0.00044993,-1000000.0,-7.6545,-15.37,0.0,0.0,24.506,0.0,0.17874,0.0,-15.0,0.3336,20.0
85,2023-03-27,0.0,0.17018,-6.6,6.05,-1.82604166666667,0.17018,0.0,6.7287e-05,0.0,-5.0366e-06,10.669,0.0,0.17881,0.0,-0.00045496,-1000000.0,-7.6547,-15.374,0.0,0.0,24.506,0.0,0.17881,0.0,-15.0,0.3336,20.0
86,2023-03-28,0.0,0.12192,-5.625,3.025,-2.63645833333333,0.12192,0.0,6.6193e-05,0.0,-5.0068e-06,10.791,0.0,0.17888,0.0,-0.00045997,-1000000.0,-7.6549,-15.378,0.0,0.0,24.506,0.0,0.17888,0.0,-15.0,0.3336,20.0
87,2023-03-29,0.0,0.12192,-6.6,3.55,-2.10833333333333,0.12192,0.0,6.5128e-05,0.0,-5.0068e-06,10.913,0.0,0.17894,0.0,-0.00046498,-1000000.0,-7.6551,-15.383,0.0,0.0,24.506,0.0,0.17894,0.0,-15.0,0.3336,20.0
88,2023-03-30,0.1462,0.08128,-4.875,0.2,-2.99479166666667,0.08128,0.0,6.4094e-05,0.0,-5.0068e-06,10.994,0.0,0.17901,0.0,-0.00046998,-1000000.0,-7.6552,-15.387,0.0,0.0,24.506,0.0,0.17901,0.0,-15.0,0.3336,20.0
89,2023-03-31,0.2009,0.19558,-7.075,8.675,0.467708333333333,0.19558,0.0,6.3088e-05,0.0,-5.0068e-06,11.19,0.0,0.17907,0.0,-0.00047499,-1000000.0,-7.6554,-15.391,0.0,0.0,24.506,0.0,0.17907,0.0,-15.0,0.3336,20.0
90,2023-04-01,0.0,0.254,-1.325,8.525,3.46354166666667,0.0,0.254,2.0781e-15,0.254,-5.0068e-06,11.19,0.254,0.17907,0.254,-0.00048,-828300.0,-23.223,-15.395,0.0,0.0,24.379,0.0,0.17907,0.0,-15.0,0.3336,20.0
91,2023-04-02,0.0,0.23114,-4.925,7.675,1.009375,0.0,0.23114,2.2407e-26,0.23114,-4.977e-06,11.19,0.48514,0.17907,0.48514,-0.00048497,-828630.0,-37.339,-15.399,0.0,0.0,24.136,0.0,0.17907,0.0,-15.0,0.3336,20.0
92,2023-04-03,0.0,0.10922,-9.75,3.275,-3.43125,0.0,0.10922,8.2857e-32,0.10922,-4.977e-06,11.19,0.59436,0.17907,0.59436,-0.00048995,-828710.0,-50.938,-15.403,0.0,0.0,23.966,0.0,0.17907,0.0,-15.0,0.3336,20.0
93,2023-04-04,0.0,0.06604,-9.225,-2.05,-4.23958333333333,0.0,0.06604,8.2853e-32,0.06604,-4.977e-06,11.19,0.6604,0.17907,0.6604,-0.00049493,-828700.0,-60.268,-15.407,0.0,0.0,23.879,0.0,0.17907,0.0,-15.0,0.3336,20.0
94,2023-04-05,0.0,0.16256,-11.275,5.25,-2.44895833333333,0.0,0.16256,8.2846e-32,0.16256,-4.977e-06,11.19,0.82296,0.17907,0.82296,-0.0004999,-828710.0,-76.654,-15.411,0.0,0.0,23.764,0.0,0.17907,0.0,-15.0,0.3336,20.0
95,2023-04-06,0.0,0.33274,-2.55,11.35,4.16354166666667,0.0,0.33274,8.281e-32,0.29208,-4.977e-06,11.19,1.1557,0.17907,1.1277,-0.00050488,-828710.0,-146.01,-15.415,0.0,0.0,23.524,0.0,0.17907,0.0,-15.0,0.3336,20.0
96,2023-04-07,0.0,0.37338,0.175,14.225,7.284375,0.0,0.37338,8.2752e-32,0.23557,-4.9472e-06,11.19,1.5291,0.17907,1.3844,-0.00050983,-828700.0,-319.84,-15.419,0.0,0.0,23.239,0.0,0.17907,0.0,-15.0,0.3336,20.0
97,2023-04-08,0.0,0.37846,3.15,14.225,8.72395833333333,0.0,0.37846,8.2722e-32,0.1703,-4.9472e-06,11.19,1.9075,0.17907,1.5742,-0.00051478,-828710.0,-532.01,-15.423,0.0,0.0,23.017,0.0,0.17907,0.0,-15.0,0.3336,20.0
98,2023-04-09,0.0,0.4572,4.4,17.075,11.2802083333333,0.0,0.4572,8.2714e-32,0.1426,-4.9472e-06,11.19,2.3647,0.17907,1.7337,-0.00051972,-828710.0,-726.72,-15.428,0.0,0.0,22.843,0.0,0.17907,0.0,-15.0,0.3336,20.0
99,2023-04-10,0.0,0.54864,10.95,23.475,16.6416666666667,0.0,0.54864,8.271e-32,0.11283,-4.9472e-06,11.19,2.9134,0.17907,1.8622,-0.00052467,-828700.0,-900.23,-15.432,0.0,0.0,22.7,0.0,0.17907,0.0,-15.0,0.3336,20.0
100,2023-04-11,0.0,0.47244,4.3,20.225,13.74375,0.0,0.47244,8.271e-32,0.07385,-4.9472e-06,11.19,3.3858,0.17907,1.9408,-0.00052962,-828710.0,-1041.7,-15.436,0.0,0.0,22.602,0.0,0.17907,0.0,-15.0,0.3336,20.0
101,2023-04-12,0.0,0.18288,-1.9,7.9,3.08541666666667,0.0,0.18288,8.2711e-32,0.027258,-4.9174e-06,11.19,3.5687,0.17907,1.9692,-0.00053453,-828710.0,-1122.9,-15.44,0.0,0.0,22.55,0.0,0.17907,0.0,-15.0,0.3336,20.0
102,2023-04-13,0.9633,0.09652,-2.75,2.2,0.173958333333333,0.0,0.09652,8.271e-32,0.013678,-4.9174e-06,11.19,3.6652,0.17907,1.9832,-0.00053945,-828710.0,-1160.1,-15.444,0.0,0.0,22.53,0.0,0.17907,0.0,-15.0,0.3336,20.0
103,2023-04-14,0.0952,0.18034,-5.825,5.825,-0.0322916666666666,0.0,0.18034,8.2711e-32,0.021712,-4.9174e-06,11.19,3.8456,0.17907,2.0064,-0.00054437,-828710.0,-1200.6,-15.448,0.0,0.0,22.51,0.0,0.17907,0.0,-15.0,0.3336,20.0
104,2023-04-15,0.0017,0.2921,-3.25,11.1,3.559375,0.0,0.2921,8.271e-32,0.022247,-4.9174e-06,11.19,4.1377,0.17907,2.0299,-0.00054929,-828700.0,-1250.6,-15.452,0.0,0.0,22.487,0.0,0.17907,0.0,-15.0,0.3336,20.0
105,2023-04-16,0.0,0.4064,0.45,17.45,9.81354166666667,0.0,0.4064,8.271e-32,0.028292,-4.9174e-06,11.19,4.5441,0.17907,2.0584,-0.0005542,-828710.0,-1271.6,-15.456,0.0,0.0,22.462,0.0,0.17907,0.0,-15.0,0.3336,20.0
106,2023-04-17,0.0119,0.35052,3.05,14.925,8.2125,0.0,0.35052,8.2711e-32,0.024045,-4.8876e-06,11.19,4.8946,0.17907,2.0826,-0.00055909,-828710.0,-1287.1,-15.46,0.0,0.0,22.435,0.0,0.17907,0.0,-15.0,0.3336,20.0
107,2023-04-18,0.2992,0.12446,-0.4,9.275,2.89166666666667,0.0,0.12446,8.271e-32,0.0084859,-4.8876e-06,11.19,5.019,0.17907,2.091,-0.00056398,-828700.0,-1298.3,-15.464,0.0,0.0,22.419,0.0,0.17907,0.0,-15.0,0.3336,20.0
108,2023-04-19,1.1389,0.12446,-1.35,1.3,-0.153125,0.0,0.12446,8.271e-32,0.0084859,-4.8876e-06,11.19,5.1435,0.17907,2.0995,-0.00056887,-828710.0,-1305.7,-15.468,0.0,0.0,22.411,0.0,0.17907,0.0,-15.0,0.3336,20.0
109,2023-04-20,0.1821,0.13716,-3.2,0.975,-1.317,0.0,0.13716,8.2711e-32,0.0093518,-4.8876e-06,11.19,5.2807,0.17907,2.1089,-0.00057375,-828710.0,-1316.1,-15.472,0.0,0.0,22.402,0.0,0.17907,0.0,-15.0,0.3336,20.0
110,2023-04-21,0.1004,0.1143,-5.425,0.5,-2.28229166666667,0.0,0.1143,8.271e-32,0.0077932,-4.8876e-06,11.19,5.395,0.17907,2.1167,-0.00057864,-828710.0,-1328.7,-15.476,0.0,0.0,22.393,0.0,0.17907,0.0,-15.0,0.3336,20.0
111,2023-04-22,0.0068,0.2159,-6.8,7.7,0.428125,0.0,0.2159,8.271e-32,0.013495,-4.8578e-06,11.19,5.6109,0.17907,2.1308,-0.0005835,-828710.0,-1353.2,-15.48,0.0,0.0,22.382,0.0,0.17907,0.0,-15.0,0.3336,20.0
112,2023-04-23,0.0,0.25908,-2.65,12.225,4.72395833333333,0.0,0.25908,8.271e-32,0.010276,-4.8578e-06,11.19,5.8699,0.17907,2.1425,-0.00058836,-828700.0,-1395.4,-15.484,0.0,0.0,22.368,0.0,0.17907,0.0,-15.0,0.3336,20.0
113,2023-04-24,0.0306,0.28194,2.175,16.6,9.33020833333333,0.0,0.28194,8.271e-32,0.0075047,-4.8578e-06,11.19,6.1519,0.17907,2.1506,-0.00059322,-828710.0,-1422.6,-15.488,0.0,0.0,22.359,0.0,0.17907,0.0,-15.0,0.3336,20.0
114,2023-04-25,0.0,0.36068,3.225,17.025,9.746875,0.0,0.36068,8.2711e-32,0.0084715,-4.8578e-06,11.19,6.5126,0.17907,2.1592,-0.00059807,-828710.0,-1432.2,-15.492,0.0,0.0,22.351,0.0,0.17907,0.0,-15.0,0.3336,20.0
115,2023-04-26,0.0,0.3683,0.725,18.975,10.3364583333333,0.0,0.3683,8.271e-32,0.0083704,-4.8578e-06,11.19,6.8809,0.17907,2.1676,-0.00060293,-828700.0,-1435.9,-15.496,0.0,0.0,22.342,0.0,0.17907,0.0,-15.0,0.3336,20.0
116,2023-04-27,0.1821,0.23622,0.35,11.7,6.65416666666667,0.0,0.23622,8.271e-32,0.0053686,-4.828e-06,11.19,7.1171,0.17907,2.173,-0.00060776,-828710.0,-1437.1,-15.5,0.0,0.0,22.335,0.0,0.17907,0.0,-15.0,0.3336,20.0
117,2023-04-28,0.0,0.37846,0.625,22.25,11.8770833333333,0.0,0.37846,8.2711e-32,0.0086014,-4.828e-06,11.19,7.4955,0.17907,2.1816,-0.00061259,-828710.0,-1438.5,-15.504,0.0,0.0,22.328,0.0,0.17907,0.0,-15.0,0.3336,20.0
118,2023-04-29,0.0,0.36322,0.55,20.9,11.8916666666667,0.0,0.36322,8.271e-32,0.008255,-4.828e-06,11.19,7.8588,0.17907,2.1899,-0.00061741,-828700.0,-1440.1,-15.508,0.0,0.0,22.32,0.0,0.17907,0.0,-15.0,0.3336,20.0
119,2023-04-30,0.0,0.41148,-0.025,23.3,12.9302083333333,0.0,0.41148,8.271e-32,0.0093518,-4.828e-06,11.19,8.2702,0.17907,2.1992,-0.00062224,-828710.0,-1442.6,-15.512,0.0,0.0,22.311,0.0,0.17907,0.0,-15.0,0.3336,20.0
120,2023-05-01,0.0,0.39624,0.975,24.125,13.765625,0.0,0.39624,8.271e-32,0.14213,-4.828e-06,11.19,8.6665,0.17907,2.3111,-0.00062707,-828700.0,-694.7,-15.516,0.0,0.0,22.266,0.0,0.17907,0.0,-15.0,0.3336,20.0
121,2023-05-02,0.0,0.35306,1.1,24.225,13.3125,0.0,0.35306,8.271e-32,0.12664,-4.7982e-06,11.19,9.0195,0.17907,2.4377,-0.00063188,-828710.0,-703.91,-15.52,0.0,0.0,22.131,0.0,0.17907,0.0,-15.0,0.3336,20.0
122,2023-05-03,0.0,0.36322,6.025,24.4,15.3395833333333,0.0,0.36322,8.2711e-32,0.13023,-4.7982e-06,11.19,9.3828,0.17907,2.568,-0.00063668,-828710.0,-720.7,-15.524,0.0,0.0,22.003,0.0,0.17907,0.0,-15.0,0.3336,20.0
123,2023-05-04,0.0,0.39878,5.85,24.775,16.06875,0.0,0.39878,8.271e-32,0.12461,-4.7982e-06,11.19,9.7815,0.17907,2.6953,-0.00064148,-828700.0,-753.23,-15.528,0.0,0.0,21.873,0.0,0.17907,0.0,-15.0,0.3336,20.0
124,2023-05-05,0.9785,0.23876,8.75,17.075,12.3020833333333,0.0,0.23876,8.271e-32,0.072722,-4.7982e-06,11.19,10.02,0.17907,2.7687,-0.00064628,-828710.0,-771.43,-15.532,0.0,0.0,21.773,0.0,0.17907,0.0,-15.0,0.3336,20.0
125,2023-05-06,0.772,0.09398,5.6,9.25,7.990625,0.0,0.09398,8.2711e-32,0.028389,-4.7982e-06,11.19,10.114,0.17907,2.7972,-0.00065108,-828710.0,-776.71,-15.536,0.0,0.0,21.723,0.0,0.17907,0.0,-15.0,0.3336,20.0
126,2023-05-07,0.1904,0.28956,5.125,15.725,10.1114583333333,0.0,0.28956,8.271e-32,0.086673,-4.7684e-06,11.19,10.404,0.17907,2.8839,-0.00065586,-828700.0,-780.09,-15.54,0.0,0.0,21.665,0.0,0.17907,0.0,-15.0,0.3336,20.0
127,2023-05-08,0.0,0.37084,4.8,17.75,10.8416666666667,0.0,0.37084,8.271e-32,0.11085,-4.7684e-06,11.19,10.775,0.17907,2.9948,-0.00066063,-828710.0,-783.91,-15.543,0.0,0.0,21.566,0.0,0.17907,0.0,-15.0,0.3336,20.0
128,2023-05-09,0.0,0.27432,1.025,15.4,8.18645833333333,0.0,0.27432,8.271e-32,0.081998,-4.7684e-06,11.19,11.049,0.17907,3.0768,-0.0006654,-828700.0,-787.97,-15.547,0.0,0.0,21.47,0.0,0.17907,0.0,-15.0,0.3336,20.0
129,2023-05-10,0.0,0.32512,3.225,17.25,10.9427083333333,0.0,0.32512,8.271e-32,0.097182,-4.7684e-06,11.19,11.374,0.17907,3.174,-0.00067016,-828710.0,-792.64,-15.551,0.0,0.0,21.38,0.0,0.17907,0.0,-15.0,0.3336,20.0
130,2023-05-11,0.1105,0.2286,5.325,15.625,10.3104166666667,0.0,0.2286,8.2711e-32,0.068331,-4.7684e-06,11.19,11.603,0.17907,3.2423,-0.00067493,-828710.0,-797.84,-15.555,0.0,0.0,21.298,0.0,0.17907,0.0,-15.0,0.3336,20.0
131,2023-05-12,0.0068,0.29972,2.25,20.025,11.2541666666667,0.0,0.29972,8.271e-32,0.08959,-4.7386e-06,11.19,11.902,0.17907,3.3319,-0.00067969,-828700.0,-804.17,-15.559,0.0,0.0,21.219,0.0,0.17907,0.0,-15.0,0.3336,20.0
132,2023-05-13,0.0,0.18288,4.425,15.375,11.121875,0.0,0.18288,8.271e-32,0.054665,-4.7386e-06,11.19,12.085,0.17907,3.3866,-0.00068443,-828710.0,-811.93,-15.563,0.0,0.0,21.147,0.0,0.17907,0.0,-15.0,0.3336,20.0
133,2023-05-14,0.0,0.21336,6.3,18.9,12.278125,0.0,0.21336,8.2711e-32,0.063776,-4.7386e-06,11.19,12.299,0.17907,3.4503,-0.00068916,-828710.0,-820.37,-15.567,0.0,0.0,21.087,0.0,0.17907,0.0,-15.0,0.3336,20.0
134,2023-05-15,0.0,0.42926,6.0,24.85,15.95,0.0,0.42926,8.271e-32,0.12659,-4.7386e-06,11.19,12.728,0.17907,3.5778,-0.0006939,-828700.0,-841.47,-15.571,0.0,0.0,20.991,0.0,0.17907,0.0,-15.0,0.3336,20.0
135,2023-05-16,0.0017,0.51816,13.125,26.95,18.9208333333333,0.0,0.51816,8.271e-32,0.13157,-4.7386e-06,11.19,13.246,0.17907,3.7123,-0.00069864,-828710.0,-892.93,-15.575,0.0,0.0,20.859,0.0,0.17907,0.0,-15.0,0.3336,20.0
136,2023-05-17,0.1327,0.18542,6.85,15.725,11.4177083333333,0.0,0.18542,8.271e-32,0.045232,-4.7386e-06,11.19,13.432,0.17907,3.759,-0.00070338,-828700.0,-940.3,-15.579,0.0,0.0,20.769,0.0,0.17907,0.0,-15.0,0.3336,20.0
137,2023-05-18,0.0051,0.33528,2.475,20.725,11.7791666666667,0.0,0.33528,8.271e-32,0.069414,-4.7088e-06,11.19,13.767,0.17907,3.8303,-0.00070809,-828710.0,-976.35,-15.583,0.0,0.0,20.71,0.0,0.17907,0.0,-15.0,0.3336,20.0
138,2023-05-19,0.0,0.42672,2.825,26.675,15.3260416666667,0.0,0.42672,8.2711e-32,0.077802,-4.7088e-06,11.19,14.194,0.17907,3.9112,-0.0007128,-828710.0,-1016.2,-15.586,0.0,0.0,20.633,0.0,0.17907,0.0,-15.0,0.3336,20.0
139,2023-05-20,0.0,0.4064,8.9,26.5,18.53125,0.0,0.4064,8.271e-32,0.065052,-4.7088e-06,11.19,14.6,0.17907,3.9778,-0.00071751,-828700.0,-1057.8,-15.59,0.0,0.0,20.56,0.0,0.17907,0.0,-15.0,0.3336,20.0
140,2023-05-21,0.0,0.4445,9.325,29.55,19.6916666666667,0.0,0.4445,8.271e-32,0.0629,-4.7088e-06,11.19,15.044,0.17907,4.0429,-0.00072221,-828710.0,-1093.3,-15.594,0.0,0.0,20.494,0.0,0.17907,0.0,-15.0,0.3336,20.0
141,2023-05-22,0.6886,0.35052,10.125,22.5,16.721875,0.0,0.35052,8.2711e-32,0.043435,-4.7088e-06,11.19,15.395,0.17907,4.0879,-0.00072692,-828710.0,-1128.2,-15.598,0.0,0.0,20.439,0.0,0.17907,0.0,-15.0,0.3336,20.0
142,2023-05-23,0.0,0.40894,6.175,21.575,14.3166666666667,0.0,0.40894,8.271e-32,0.047143,-4.679e-06,11.19,15.804,0.17907,4.1357,-0.0007316,-828700.0,-1151.5,-15.602,0.0,0.0,20.394,0.0,0.17907,0.0,-15.0,0.3336,20.0
143,2023-05-24,0.0578,0.2794,9.5,20.725,14.33125,0.0,0.2794,8.271e-32,0.03006,-4.679e-06,11.19,16.083,0.17907,4.1666,-0.00073628,-828710.0,-1174.0,-15.606,0.0,0.0,20.354,0.0,0.17907,0.0,-15.0,0.3336,20.0
144,2023-05-25,0.1445,0.14732,10.4,15.825,12.5489583333333,0.0,0.14732,8.2711e-32,0.014923,-4.679e-06,11.19,16.231,0.17907,4.1818,-0.00074096,-828710.0,-1189.6,-15.61,0.0,0.0,20.331,0.0,0.17907,0.0,-15.0,0.3336,20.0
145,2023-05-26,0.1394,0.11938,10.425,14.8,12.3583333333333,0.0,0.11938,8.271e-32,0.011324,-4.679e-06,11.19,16.35,0.17907,4.1933,-0.00074564,-828710.0,-1200.0,-15.613,0.0,0.0,20.318,0.0,0.17907,0.0,-15.0,0.3336,20.0
146,2023-05-27,1.7901,0.10922,9.75,12.975,11.4697916666667,0.0,0.10922,8.2711e-32,0.0098588,-4.679e-06,11.19,16.459,0.17907,4.2033,-0.00075032,-828710.0,-1207.3,-15.617,0.0,0.0,20.307,0.0,0.17907,0.0,-15.0,0.3336,20.0
147,2023-05-28,0.1819,0.37846,8.75,23.6,15.5322916666667,0.0,0.37846,8.271e-32,0.031806,-4.6492e-06,11.19,16.838,0.17907,4.2356,-0.00075498,-828700.0,-1217.7,-15.621,0.0,0.0,20.286,0.0,0.17907,0.0,-15.0,0.3336,20.0
148,2023-05-29,0.0374,0.44196,10.375,22.775,16.4135416666667,0.0,0.44196,8.271e-32,0.035841,-4.6492e-06,11.19,17.28,0.17907,4.2717,-0.00075963,-828710.0,-1231.5,-15.625,0.0,0.0,20.252,0.0,0.17907,0.0,-15.0,0.3336,20.0
149,2023-05-30,0.0,0.44958,9.5,25.775,17.7614583333333,0.0,0.44958,8.2711e-32,0.032785,-4.6492e-06,11.19,17.729,0.17907,4.3054,-0.00076428,-828710.0,-1250.4,-15.629,0.0,0.0,20.217,0.0,0.17907,0.0,-15.0,0.3336,20.0
150,2023-05-31,0.017,0.33528,6.725,26.0,15.9875,0.0,0.33528,8.271e-32,0.022256,-4.6492e-06,11.19,18.064,0.17907,4.3284,-0.00076893,-828700.0,-1269.5,-15.633,0.0,0.0,20.188,0.0,0.17907,0.0,-15.0,0.3336,20.0
151,2023-06-01,0.0085,0.26162,8.35,20.425,14.171875,0.0,0.26162,8.271e-32,0.067261,-4.6492e-06,11.19,18.326,0.17907,4.3837,-0.00077358,-828710.0,-847.92,-15.636,0.0,0.0,20.156,0.0,0.17907,0.0,-15.0,0.3336,20.0
152,2023-06-02,0.7684,0.10414,11.1,13.225,12.0458333333333,0.0,0.10414,8.2711e-32,0.026442,-4.6492e-06,11.19,18.43,0.17907,4.4102,-0.00077823,-828710.0,-853.77,-15.64,0.0,0.0,20.109,0.0,0.17907,0.0,-15.0,0.3336,20.0
153,2023-06-03,0.6732,0.1905,8.7,14.75,12.2625,0.0,0.1905,8.271e-32,0.047973,-4.6194e-06,11.19,18.621,0.17907,4.4583,-0.00078285,-828710.0,-857.84,-15.644,0.0,0.0,20.071,0.0,0.17907,0.0,-15.0,0.3336,20.0
154,2023-06-04,0.0153,0.41656,5.925,23.65,15.775,0.0,0.41656,8.271e-32,0.10401,-4.6194e-06,11.19,19.037,0.17907,4.5625,-0.00078747,-828710.0,-865.99,-15.648,0.0,0.0,19.995,0.0,0.17907,0.0,-15.0,0.3336,20.0
155,2023-06-05,0.017,0.37592,10.2,25.875,17.9572916666667,0.0,0.37592,8.271e-32,0.089891,-4.6194e-06,11.19,19.413,0.17907,4.6536,-0.00079209,-828700.0,-880.92,-15.652,0.0,0.0,19.897,0.0,0.17907,0.0,-15.0,0.3336,20.0
156,2023-06-06,0.0017,0.32258,9.85,21.75,15.0395833333333,0.0,0.32258,8.271e-32,0.073423,-4.6194e-06,11.19,19.736,0.17907,4.7279,-0.00079671,-828710.0,-896.24,-15.655,0.0,0.0,19.814,0.0,0.17907,0.0,-15.0,0.3336,20.0
157,2023-06-07,0.0034,0.4191,7.425,26.35,17.7479166666667,0.0,0.4191,8.2711e-32,0.091849,-4.6194e-06,11.19,20.155,0.17907,4.8203,-0.00080132,-828710.0,-907.99,-15.659,0.0,0.0,19.731,0.0,0.17907,0.0,-15.0,0.3336,20.0
158,2023-06-08,1.123,0.28448,10.95,23.25,17.1291666666667,0.0,0.28448,8.271e-32,0.061861,-4.5896e-06,11.19,20.439,0.17907,4.8823,-0.00080591,-828700.0,-915.55,-15.663,0.0,0.0,19.654,0.0,0.17907,0.0,-15.0,0.3336,20.0
159,2023-06-09,0.5614,0.19304,13.25,19.575,15.8625,0.0,0.19304,8.271e-32,0.041862,-4.5896e-06,11.19,20.632,0.17907,4.9241,-0.0008105,-828710.0,-921.27,-15.667,0.0,0.0,19.602,0.0,0.17907,0.0,-15.0,0.3336,20.0
160,2023-06-10,0.0238,0.24638,11.4,20.7,15.959375,0.0,0.24638,8.2711e-32,0.053392,-4.5896e-06,11.19,20.879,0.17907,4.9775,-0.00081509,-828710.0,-927.95,-15.671,0.0,0.0,19.555,0.0,0.17907,0.0,-15.0,0.3336,20.0
161,2023-06-11,0.0136,0.41148,8.85,23.425,16.7239583333333,0.0,0.41148,8.271e-32,0.08366,-4.5896e-06,11.19,21.29,0.17907,5.0624,-0.00081968,-828700.0,-940.24,-15.674,0.0,0.0,19.485,0.0,0.17907,0.0,-15.0,0.3336,20.0
162,2023-06-12,0.0102,0.41402,9.95,24.225,17.5041666666667,0.0,0.41402,8.271e-32,0.079615,-4.5896e-06,11.19,21.704,0.17907,5.1431,-0.00082427,-828710.0,-955.93,-15.678,0.0,0.0,19.402,0.0,0.17907,0.0,-15.0,0.3336,20.0
163,2023-06-13,0.0051,0.46482,7.65,26.175,17.7364583333333,0.0,0.46482,8.271e-32,0.087007,-4.5598e-06,11.19,22.169,0.17907,5.2304,-0.00082885,-828700.0,-965.76,-15.682,0.0,0.0,19.319,0.0,0.17907,0.0,-15.0,0.3336,20.0
164,2023-06-14,0.0,0.44958,8.75,19.225,16.26875,0.0,0.44958,8.271e-32,0.083641,-4.5598e-06,11.19,22.619,0.17907,5.3142,-0.00083341,-828710.0,-974.17,-15.686,0.0,0.0,19.233,0.0,0.17907,0.0,-15.0,0.3336,20.0
165,2023-06-15,0.0,0.26924,5.1,17.1,11.3458333333333,0.0,0.26924,8.2711e-32,0.050011,-4.5598e-06,11.19,22.888,0.17907,5.3642,-0.00083797,-828710.0,-982.88,-15.689,0.0,0.0,19.166,0.0,0.17907,0.0,-15.0,0.3336,20.0
166,2023-06-16,0.0119,0.4318,3.15,23.3,13.9916666666667,0.0,0.4318,8.271e-32,0.075561,-4.5598e-06,11.19,23.32,0.17907,5.4408,-0.00084253,-828700.0,-994.02,-15.693,0.0,0.0,19.103,0.0,0.17907,0.0,-15.0,0.3336,20.0
167,2023-06-17,0.068,0.3937,10.05,22.15,15.9583333333333,0.0,0.3937,8.271e-32,0.065326,-4.5598e-06,11.19,23.713,0.17907,5.5069,-0.00084709,-828710.0,-1008.4,-15.697,0.0,0.0,19.031,0.0,0.17907,0.0,-15.0,0.3336,20.0
168,2023-06-18,0.2451,0.34036,5.15,18.225,12.6614583333333,0.0,0.34036,8.2711e-32,0.054636,-4.5598e-06,11.19,24.054,0.17907,5.5619,-0.00085165,-828710.0,-1018.0,-15.701,0.0,0.0,18.971,0.0,0.17907,0.0,-15.0,0.3336,20.0
169,2023-06-19,0.0,0.4699,5.55,17.625,11.7541666666667,0.0,0.4699,8.271e-32,0.074188,-4.53e-06,11.19,24.524,0.17907,5.6362,-0.00085618,-828700.0,-1024.8,-15.704,0.0,0.0,18.906,0.0,0.17907,0.0,-15.0,0.3336,20.0
170,2023-06-20,0.0,0.4445,4.825,18.9,11.8979166666667,0.0,0.4445,8.271e-32,0.069895,-4.53e-06,11.19,24.968,0.17907,5.7062,-0.00086071,-828710.0,-1031.9,-15.708,0.0,0.0,18.834,0.0,0.17907,0.0,-15.0,0.3336,20.0
171,2023-06-21,0.0289,0.34798,0.75,18.575,10.0989583333333,0.0,0.34798,8.271e-32,0.054685,-4.53e-06,11.19,25.316,0.17907,5.7609,-0.00086524,-828700.0,-1039.7,-15.712,0.0,0.0,18.772,0.0,0.17907,0.0,-15.0,0.3336,20.0
172,2023-06-22,0.0051,0.4064,1.225,21.425,12.753125,0.0,0.4064,8.271e-32,0.060752,-4.53e-06,11.19,25.723,0.17907,5.8224,-0.00086977,-828710.0,-1050.8,-15.715,0.0,0.0,18.714,0.0,0.17907,0.0,-15.0,0.3336,20.0
173,2023-06-23,0.4835,0.32004,4.275,23.925,13.8770833333333,0.0,0.32004,8.2711e-32,0.045857,-4.5299e-06,11.19,26.043,0.17907,5.8688,-0.0008743,-828710.0,-1062.8,-15.719,0.0,0.0,18.66,0.0,0.17907,0.0,-15.0,0.3336,20.0
174,2023-06-24,0.0204,0.40132,9.65,24.3,16.6302083333333,0.0,0.40132,8.271e-32,0.054525,-4.5002e-06,11.19,26.444,0.17907,5.924,-0.00087881,-828700.0,-1074.2,-15.723,0.0,0.0,18.609,0.0,0.17907,0.0,-15.0,0.3336,20.0
175,2023-06-25,0.5101,0.34036,6.85,25.475,15.0083333333333,-2.1611,0.34036,-0.72554,0.10379,-4.4203e-06,9.0289,26.784,-1.0815,6.0154,-0.00088266,0.0,-861.04,-15.726,1.4356,0.90112,19.778,1.2606,0.17907,0.0,-15.0,0.3336,20.0
176,2023-06-26,0.0102,0.43942,7.55,25.375,16.71875,-1.6612,0.43942,-0.60134,0.1584,-4.3683e-06,7.3677,27.224,-1.7219,6.1694,-0.00088716,0.0,-758.05,-15.73,1.0599,1.9219,20.265,1.901,0.17907,0.0,-15.0,0.3336,20.0
177,2023-06-27,0.3195,0.34036,7.675,24.625,16.1354166666667,-1.9705,0.34036,-0.54574,0.12006,-3.6046e-06,5.3972,27.564,-2.2857,6.2952,-0.0008916,0.0,-655.78,-15.733,1.4248,3.3286,20.701,2.4648,0.17907,0.0,-15.0,0.3336,20.0
178,2023-06-28,0.6885,0.35052,10.85,22.875,16.246875,0.0,0.35052,4.6566e-10,0.20368,-4.5283e-06,5.3972,27.915,-2.2857,6.4989,-0.00089608,-10.387,-665.65,-15.737,0.0,3.3286,20.498,2.4648,0.17907,0.0,-15.0,0.3336,20.0
179,2023-06-29,0.0051,0.4699,9.825,28.45,19.3947916666667,-3.3071,0.4699,-0.53122,0.18668,-4.6537e-06,2.0901,28.384,-2.88,6.6921,-0.00090057,0.0,-619.36,-15.741,2.7759,6.0414,20.897,3.059,0.17907,0.0,-15.0,0.3336,20.0
180,2023-06-30,0.0,0.46482,12.425,30.125,22.1291666666667,0.0,0.46482,6.2864e-09,0.28803,-4.4813e-06,2.0901,28.849,-2.88,6.9814,-0.00090508,-10.703,-639.65,-15.745,0.0,6.0414,20.609,3.059,0.17907,0.0,-15.0,0.3336,20.0
181,2023-07-01,0.0,0.58928,14.4,31.125,22.9822916666667,-3.302,0.58928,-0.52337,0.21859,-4.7062e-06,-1.2119,29.439,-3.4862,7.2365,-0.00090954,0.0,-609.45,-15.748,2.7786,8.7372,20.958,3.6653,0.17907,0.0,-15.0,0.3336,20.0
182,2023-07-02,0.0,0.44958,8.7,27.4,19.7010416666667,0.0,0.44958,5.5879e-09,0.29219,-4.5069e-06,-1.2119,29.888,-3.4862,7.5302,-0.00091402,-10.673,-630.27,-15.752,0.0,8.7372,20.665,3.6653,0.17907,0.0,-15.0,0.3336,20.0
183,2023-07-03,0.8263,0.37592,8.675,23.075,14.9052083333333,-2.4773,0.37592,-0.51515,0.11979,-4.0537e-06,-3.6892,30.264,-4.0777,7.6874,-0.00091837,0.0,-619.39,-15.755,1.9622,10.623,21.097,4.2568,0.17907,0.0,-15.0,0.3336,20.0
184,2023-07-04,0.0102,0.29972,7.075,18.65,12.45,0.0,0.29972,-1.3504e-08,0.20572,-4.4627e-06,-3.6892,30.564,-4.0777,7.8937,-0.00092283,-10.233,-611.63,-15.759,0.0,10.623,20.891,4.2568,0.17907,0.0,-15.0,0.3336,20.0
185,2023-07-05,0.0,0.3937,4.425,25.325,14.9354166666667,0.0,0.3937,3.1432e-09,0.25923,-4.4704e-06,-3.6892,30.957,-4.0777,8.1572,-0.0009273,-11.758,-642.35,-15.763,0.0,10.623,20.639,4.2568,0.17907,0.0,-15.0,0.3336,20.0
186,2023-07-06,0.0,0.3937,7.475,26.875,17.6114583333333,0.0,0.3937,4.6566e-10,0.24978,-4.4405e-06,-3.6892,31.351,-4.0777,8.4087,-0.00093174,-12.906,-672.65,-15.766,0.0,10.623,20.383,4.2568,0.17907,0.0,-15.0,0.3336,20.0
187,2023-07-07,0.0,0.41148,7.825,25.75,17.7020833333333,0.0,0.41148,-6.8685e-09,0.25694,-4.4405e-06,-3.6892,31.763,-4.0777,8.6664,-0.00093618,-13.886,-693.98,-15.77,0.0,10.623,20.129,4.2568,0.17907,0.0,-15.0,0.3336,20.0
188,2023-07-08,0.0,0.42672,7.15,28.65,18.55625,0.0,0.42672,-1.397e-09,0.2642,-4.4405e-06,-3.6892,32.189,-4.0777,8.9311,-0.00094062,-14.554,-712.37,-15.774,0.0,10.623,19.868,4.2568,0.17907,0.0,-15.0,0.3336,20.0
189,2023-07-09,0.0,0.46482,9.525,32.1,20.8197916666667,0.0,0.46482,-8.5274e-09,0.28541,-4.4405e-06,-3.6892,32.654,-4.0777,9.2171,-0.00094506,-14.919,-729.73,-15.777,0.0,10.623,19.592,4.2568,0.17907,0.0,-15.0,0.3336,20.0
190,2023-07-10,0.0,0.4191,11.95,31.35,21.0125,0.0,0.4191,-8.4983e-09,0.25598,-4.4405e-06,-3.6892,33.073,-4.0777,9.4735,-0.0009495,-15.243,-748.23,-15.781,0.0,10.623,19.321,4.2568,0.17907,0.0,-15.0,0.3336,20.0
191,2023-07-11,0.0,0.3302,10.675,25.05,17.6322916666667,0.0,0.3302,-5.8208e-09,0.20084,-4.4107e-06,-3.6892,33.404,-4.0777,9.6746,-0.00095393,-15.638,-767.37,-15.785,0.0,10.623,19.093,4.2568,0.17907,0.0,-15.0,0.3336,20.0
192,2023-07-12,0.0,0.43434,9.325,29.675,19.7041666666667,0.0,0.43434,1.4727e-08,0.26239,-4.4107e-06,-3.6892,33.838,-4.0777,9.9373,-0.00095834,-16.103,-791.18,-15.788,0.0,10.623,18.861,4.2568,0.17907,0.0,-15.0,0.3336,20.0
193,2023-07-13,0.0902,0.3937,10.875,28.325,18.1260416666667,-1.3602,0.3937,-0.66068,0.21444,-5.1618e-06,-5.0494,34.232,-5.0479,10.164,-0.00096233,0.0,-782.18,-15.792,0.69952,11.016,19.604,5.227,0.17907,0.0,-15.0,0.3336,20.0
194,2023-07-14,0.0,0.35306,8.625,26.925,17.66875,-1.27,0.35306,-0.5631,0.15144,-4.2834e-06,-6.3194,34.585,-5.6488,10.333,-0.0009667,0.0,-777.02,-15.795,0.7069,11.685,20.034,5.8279,0.17907,0.0,-15.0,0.3336,20.0
195,2023-07-15,0.0,0.41402,9.325,30.425,20.0177083333333,-1.27,0.41402,-0.5325,0.15293,-4.0593e-06,-7.5894,34.999,-6.1935,10.498,-0.00097105,0.0,-771.4,-15.799,0.7375,12.41,20.414,6.3726,0.17907,0.0,-15.0,0.3336,20.0
196,2023-07-16,0.0,0.4318,10.125,31.8,21.578125,-1.27,0.4318,-0.51386,0.12851,-4.9734e-06,-8.8594,35.43,-6.7151,10.635,-0.00097546,0.0,-719.7,-15.802,0.75614,13.158,20.798,6.8942,0.17907,0.0,-15.0,0.3336,20.0
197,2023-07-17,0.0102,0.46736,11.6,31.9,21.653125,-1.2802,0.46736,-0.50755,0.13215,-4.2446e-06,-10.14,35.898,-7.2266,10.77,-0.00097993,0.0,-663.69,-15.806,0.77265,13.927,21.174,7.4057,0.17907,0.0,-15.0,0.3336,20.0
198,2023-07-18,0.0,0.4445,5.8,28.55,18.1614583333333,-2.54,0.4445,-0.50378,0.12738,-4.0496e-06,-12.68,36.342,-7.7319,10.894,-0.00098427,0.0,-597.69,-15.81,2.0362,15.962,21.555,7.9109,0.17907,0.0,-15.0,0.3336,20.0
199,2023-07-19,0.0,0.4191,5.7,27.475,18.4979166666667,0.0,0.4191,1.3737e-08,0.31634,-4.3907e-06,-12.68,36.761,-7.7319,11.209,-0.00098863,-10.595,-592.06,-15.813,0.0,15.962,21.241,7.9109,0.17907,0.0,-15.0,0.3336,20.0
200,2023-07-20,0.0,0.43942,6.725,31.125,21.0604166666667,-1.27,0.43942,-0.50318,0.11116,-4.5789e-06,-13.95,37.201,-8.3091,11.408,-0.00099303,0.0,-578.05,-15.817,0.76682,16.655,21.616,8.4882,0.17907,0.0,-15.0,0.3336,20.0
201,2023-07-21,0.0,0.47244,9.5,35.65,23.0864583333333,0.0,0.47244,8.6147e-09,0.35516,-4.3986e-06,-13.95,37.673,-8.3091,11.763,-0.00099739,-10.707,-589.74,-15.82,0.0,16.655,21.266,8.4882,0.17907,0.0,-15.0,0.3336,20.0
202,2023-07-22,0.0,0.46736,11.45,36.55,24.0,0.0,0.46736,2.6077e-08,0.3506,-4.3586e-06,-13.95,38.141,-8.3091,12.114,-0.0010018,-12.249,-600.98,-15.824,0.0,16.655,20.915,8.4882,0.17907,0.0,-15.0,0.3336,20.0
203,2023-07-23,0.0,0.45974,9.95,36.05,24.60625,0.0,0.45974,-1.1642e-08,0.34412,-4.3511e-06,-13.95,38.6,-8.3091,12.458,-0.0010061,-13.455,-613.29,-15.828,0.0,16.655,20.567,8.4882,0.17907,0.0,-15.0,0.3336,20.0
204,2023-07-24,0.0,0.4699,12.925,36.925,24.6635416666667,0.0,0.4699,1.1059e-08,0.3508,-4.3511e-06,-13.95,39.07,-8.3091,12.809,-0.0010105,-14.343,-627.95,-15.831,0.0,16.655,20.219,8.4882,0.17907,0.0,-15.0,0.3336,20.0
205,2023-07-25,0.0,0.46482,15.375,29.8,23.028125,0.0,0.46482,-1.0099e-08,0.34625,-4.3511e-06,-13.95,39.535,-8.3091,13.156,-0.0010148,-14.817,-645.49,-15.835,0.0,16.655,19.871,8.4882,0.17907,0.0,-15.0,0.3336,20.0
206,2023-07-26,0.0,0.44958,10.725,30.1,20.25,0.0,0.44958,1.3679e-09,0.33298,-4.3511e-06,-13.95,39.985,-8.3091,13.489,-0.0010192,-15.16,-669.74,-15.838,0.0,16.655,19.53,8.4882,0.17907,0.0,-15.0,0.3336,20.0
207,2023-07-27,0.0,0.34036,6.375,25.225,17.2885416666667,0.0,0.34036,2.9686e-09,0.24755,-4.3511e-06,-13.95,40.325,-8.3091,13.738,-0.0010235,-15.568,-700.63,-15.842,0.0,16.655,19.238,8.4882,0.17907,0.0,-15.0,0.3336,20.0
208,2023-07-28,0.0,0.36068,6.85,28.8,18.3135416666667,0.0,0.36068,2.3283e-09,0.2559,-4.3213e-06,-13.95,40.686,-8.3091,13.996,-0.0010279,-16.042,-733.45,-15.846,0.0,16.655,18.985,8.4882,0.17907,0.0,-15.0,0.3336,20.0
209,2023-07-29,0.0,0.3937,7.725,31.125,20.24375,0.0,0.3937,-1.0885e-08,0.27694,-4.3213e-06,-13.95,41.079,-8.3091,14.273,-0.0010322,-16.586,-767.24,-15.849,0.0,16.655,18.719,8.4882,0.17907,0.0,-15.0,0.3336,20.0
210,2023-07-30,0.0,0.39116,9.075,32.525,21.4,0.0,0.39116,-9.0222e-09,0.27445,-4.3213e-06,-13.95,41.471,-8.3091,14.548,-0.0010365,-17.215,-820.68,-15.853,0.0,16.655,18.443,8.4882,0.17907,0.0,-15.0,0.3336,20.0
211,2023-07-31,0.0,0.41402,8.5,34.65,22.3989583333333,0.0,0.41402,-5.8208e-10,0.2251,-4.3213e-06,-13.95,41.885,-8.3091,14.803,-0.0010408,-17.897,-942.57,-15.856,0.0,16.655,18.163,8.4882,0.17907,0.0,-15.0,0.3336,20.0
212,2023-08-01,0.0,0.43942,14.525,35.1,24.5697916666667,0.0,0.43942,-5.5879e-09,0.14672,-4.3213e-06,-13.95,42.324,-8.3091,14.967,-0.0010451,-18.461,-1101.0,-15.86,0.0,16.655,17.959,8.4882,0.17907,0.0,-15.0,0.3336,20.0
213,2023-08-02,0.0,0.43688,10.225,34.525,23.2104166666667,0.0,0.43688,-1.0084e-08,0.097145,-4.3213e-06,-13.95,42.761,-8.3091,15.076,-0.0010495,-18.702,-1215.9,-15.863,0.0,16.655,17.826,8.4882,0.17907,0.0,-15.0,0.3336,20.0
214,2023-08-03,0.0,0.39624,15.1,34.45,25.1635416666667,0.0,0.39624,-3.6671e-09,0.058944,-4.2915e-06,-13.95,43.157,-8.3091,15.142,-0.0010538,-18.828,-1299.0,-15.867,0.0,16.655,17.741,8.4882,0.17907,0.0,-15.0,0.3336,20.0
215,2023-08-04,0.0,0.35814,14.8,32.1,22.8239583333333,0.0,0.35814,2.0955e-09,0.030242,-4.2915e-06,-13.95,43.515,-8.3091,15.178,-0.001058,-18.956,-1361.3,-15.87,0.0,16.655,17.69,8.4882,0.17907,0.0,-15.0,0.3336,20.0
216,2023-08-05,0.0051,0.19558,14.25,22.35,17.4322916666667,0.0,0.19558,-1.0172e-08,0.011176,-4.2915e-06,-13.95,43.711,-8.3091,15.191,-0.0010623,-19.083,-1395.5,-15.874,0.0,16.655,17.668,8.4882,0.17907,0.0,-15.0,0.3336,20.0
217,2023-08-06,0.0153,0.14986,10.4,18.3,15.1177083333333,0.0,0.14986,4.8603e-09,0.0057701,-4.2915e-06,-13.95,43.861,-8.3091,15.197,-0.0010666,-19.206,-1410.6,-15.877,0.0,16.655,17.659,8.4882,0.17907,0.0,-15.0,0.3336,20.0
218,2023-08-07,0.0017,0.34036,7.9,28.625,17.475,0.0,0.34036,-3.4925e-10,0.0082398,-4.2915e-06,-13.95,44.201,-8.3091,15.206,-0.0010709,-19.326,-1419.4,-15.881,0.0,16.655,17.651,8.4882,0.17907,0.0,-15.0,0.3336,20.0
219,2023-08-08,0.0017,0.3556,8.675,30.1,19.2875,0.0,0.3556,-9.5897e-09,0.0074826,-4.2915e-06,-13.95,44.557,-8.3091,15.214,-0.0010752,-19.442,-1425.2,-15.884,0.0,16.655,17.643,8.4882,0.17907,0.0,-15.0,0.3336,20.0
220,2023-08-09,0.0034,0.4064,13.025,28.9,20.1895833333333,0.0,0.4064,6.7666e-09,0.0078132,-4.2617e-06,-13.95,44.963,-8.3091,15.222,-0.0010795,-19.556,-1429.8,-15.888,0.0,16.655,17.635,8.4882,0.17907,0.0,-15.0,0.3336,20.0
221,2023-08-10,0.0,0.46228,12.7,27.5,19.2614583333333,0.0,0.46228,9.8516e-09,0.0083573,-4.2617e-06,-13.95,45.425,-8.3091,15.23,-0.0010837,-19.667,-1433.5,-15.892,0.0,16.655,17.627,8.4882,0.17907,0.0,-15.0,0.3336,20.0
222,2023-08-11,0.0,0.39878,9.2,29.525,19.2677083333333,0.0,0.39878,1.2151e-08,0.0069353,-4.2617e-06,-13.95,45.824,-8.3091,15.237,-0.001088,-19.774,-1437.5,-15.895,0.0,16.655,17.62,8.4882,0.17907,0.0,-15.0,0.3336,20.0
223,2023-08-12,0.0017,0.26924,9.75,31.875,18.0302083333333,0.0,0.26924,7.6834e-09,0.00463,-4.2617e-06,-13.95,46.093,-8.3091,15.242,-0.0010923,-19.879,-1440.3,-15.899,0.0,16.655,17.614,8.4882,0.17907,0.0,-15.0,0.3336,20.0
224,2023-08-13,0.0,0.3556,8.125,28.05,18.1322916666667,0.0,0.3556,1.3693e-08,0.005813,-4.2617e-06,-13.95,46.449,-8.3091,15.248,-0.0010965,-19.981,-1442.7,-15.902,0.0,16.655,17.608,8.4882,0.17907,0.0,-15.0,0.3336,20.0
225,2023-08-14,0.0,0.41148,8.45,33.725,21.628125,0.0,0.41148,6.934e-09,0.0064889,-4.2617e-06,-13.95,46.86,-8.3091,15.254,-0.0011008,-20.08,-1444.8,-15.906,0.0,16.655,17.602,8.4882,0.17907,0.0,-15.0,0.3336,20.0
226,2023-08-15,0.0,0.43688,15.275,38.175,26.3229166666667,0.0,0.43688,-5.9008e-09,0.0067262,-4.2319e-06,-13.95,47.297,-8.3091,15.261,-0.001105,-20.177,-1446.7,-15.909,0.0,16.655,17.596,8.4882,0.17907,0.0,-15.0,0.3336,20.0
227,2023-08-16,0.0,0.32258,15.85,29.2,22.63125,0.0,0.32258,-1.3082e-08,0.0049515,-4.2319e-06,-13.95,47.62,-8.3091,15.266,-0.0011092,-20.271,-1448.2,-15.913,0.0,16.655,17.59,8.4882,0.17907,0.0,-15.0,0.3336,20.0
228,2023-08-17,0.0,0.44958,11.65,36.825,24.23125,0.0,0.44958,-7.4942e-10,0.0067434,-4.2319e-06,-13.95,48.07,-8.3091,15.273,-0.0011135,-20.363,-1449.7,-15.916,0.0,16.655,17.584,8.4882,0.17907,0.0,-15.0,0.3336,20.0
229,2023-08-18,0.0,0.55372,13.125,31.375,25.1322916666667,0.0,0.55372,-1.4843e-08,0.0081658,-4.2319e-06,-13.95,48.623,-8.3091,15.281,-0.0011177,-20.452,-1451.5,-15.919,0.0,16.655,17.576,8.4882,0.17907,0.0,-15.0,0.3336,20.0
230,2023-08-19,0.0,0.29972,6.5,20.4,14.4458333333333,0.0,0.29972,-1.4741e-08,0.0044493,-4.2319e-06,-13.95,48.923,-8.3091,15.285,-0.0011219,-20.538,-1452.8,-15.923,0.0,16.655,17.57,8.4882,0.17907,0.0,-15.0,0.3336,20.0
231,2023-08-20,0.0,0.25146,11.95,22.0,17.2677083333333,0.0,0.25146,4.9185e-09,0.003733,-4.2021e-06,-13.95,49.174,-8.3091,15.289,-0.0011262,-20.623,-1453.8,-15.926,0.0,16.655,17.566,8.4882,0.17907,0.0,-15.0,0.3336,20.0
232,2023-08-21,0.0936,0.11938,14.325,17.525,16.1645833333333,0.0,0.11938,1.5789e-09,0.0018019,-4.2021e-06,-13.95,49.294,-8.3091,15.291,-0.0011304,-20.705,-1454.4,-15.93,0.0,16.655,17.563,8.4882,0.17907,0.0,-15.0,0.3336,20.0
233,2023-08-22,0.277,0.36068,14.6,29.775,20.0697916666667,0.0,0.36068,-1.3046e-08,0.005302,-4.2021e-06,-13.95,49.654,-8.3091,15.296,-0.0011346,-20.784,-1455.4,-15.933,0.0,16.655,17.56,8.4882,0.17907,0.0,-15.0,0.3336,20.0
234,2023-08-23,0.034,0.40386,14.275,25.6,19.2552083333333,0.0,0.40386,3.4925e-10,0.0058772,-4.2021e-06,-13.95,50.058,-8.3091,15.302,-0.0011388,-20.862,-1456.7,-15.937,0.0,16.655,17.554,8.4882,0.17907,0.0,-15.0,0.3336,20.0
235,2023-08-24,0.0,0.36322,8.625,27.575,17.959375,0.0,0.36322,-1.3046e-08,0.0052913,-4.2021e-06,-13.95,50.422,-8.3091,15.307,-0.001143,-20.938,-1458.3,-15.94,0.0,16.655,17.548,8.4882,0.17907,0.0,-15.0,0.3336,20.0
236,2023-08-25,0.0,0.28194,6.05,24.85,15.20625,0.0,0.28194,1.2216e-08,0.0041244,-4.2021e-06,-13.95,50.703,-8.3091,15.311,-0.0011472,-21.011,-1459.7,-15.944,0.0,16.655,17.544,8.4882,0.17907,0.0,-15.0,0.3336,20.0
237,2023-08-26,0.0,0.3683,11.175,31.35,20.5875,0.0,0.3683,-1.1438e-08,0.0053504,-4.1723e-06,-13.95,51.072,-8.3091,15.317,-0.0011514,-21.083,-1461.2,-15.947,0.0,16.655,17.539,8.4882,0.17907,0.0,-15.0,0.3336,20.0
238,2023-08-27,0.0,0.32004,9.425,30.85,19.9802083333333,0.0,0.32004,1.1059e-08,0.0046592,-4.1723e-06,-13.95,51.392,-8.3091,15.321,-0.0011555,-21.152,-1463.1,-15.951,0.0,16.655,17.534,8.4882,0.17907,0.0,-15.0,0.3336,20.0
239,2023-08-28,0.0,0.29972,9.975,29.175,19.6802083333333,0.0,0.29972,-1.3948e-08,0.0043668,-4.1723e-06,-13.95,51.692,-8.3091,15.326,-0.0011597,-21.22,-1465.0,-15.954,0.0,16.655,17.529,8.4882,0.17907,0.0,-15.0,0.3336,20.0
240,2023-08-29,0.0119,0.37846,8.175,32.85,19.8739583333333,0.0,0.37846,-3.7689e-09,0.0051165,-4.1723e-06,-13.95,52.07,-8.3091,15.331,-0.0011639,-21.286,-1467.1,-15.957,0.0,16.655,17.525,8.4882,0.17907,0.0,-15.0,0.3336,20.0
241,2023-08-30,0.0017,0.46482,14.65,21.325,17.2072916666667,0.0,0.46482,-9.5679e-09,0.0057863,-4.1723e-06,-13.95,52.535,-8.3091,15.337,-0.001168,-21.35,-1469.9,-15.961,0.0,16.655,17.519,8.4882,0.17907,0.0,-15.0,0.3336,20.0
242,2023-08-31,0.0051,0.37592,10.225,25.125,17.7479166666667,0.0,0.37592,-1.218e-08,0.004665,-4.1723e-06,-13.95,52.911,-8.3091,15.341,-0.0011722,-21.413,-1472.6,-15.964,0.0,16.655,17.514,8.4882,0.17907,0.0,-15.0,0.3336,20.0
243,2023-09-01,0.0,0.28194,5.775,27.55,16.5385416666667,0.0,0.28194,-4.773e-09,11.574,-4.1425e-06,-13.95,53.193,-8.3091,21.128,-0.0011764,-21.474,-291.49,-15.968,0.0,16.655,17.511,8.4882,0.17907,0.0,-15.0,0.3336,20.0
244,2023-09-02,0.0,0.42926,11.8,32.7,21.6041666666667,0.0,0.42926,4.0018e-09,2.8934,-4.1425e-06,-13.95,53.622,-8.3091,25.468,-0.0011805,-21.533,-364.35,-15.971,0.0,16.655,8.8314,8.4882,0.17907,0.0,-229.65,0.1411,20.0
245,2023-09-03,0.0,0.37084,16.15,29.1,21.7604166666667,0.0,0.37084,-1.2988e-08,0.72344,-4.1425e-06,-13.95,53.993,-8.3091,26.553,-0.0011847,-21.59,-533.46,-15.975,0.0,16.655,6.6613,8.4882,0.17907,0.0,-760.3,0.0929,20.0
246,2023-09-04,0.3673,0.17272,10.95,18.825,14.1947916666667,0.0,0.17272,-6.3592e-09,0.18091,-4.1425e-06,-13.95,54.166,-8.3091,26.825,-0.0011888,-21.647,-696.4,-15.978,0.0,16.655,6.1187,8.4882,0.17907,0.0,-1282.25,0.0809,20.0
247,2023-09-05,0.0,0.27432,6.35,23.8,14.7916666666667,0.0,0.27432,1.25e-08,0.045273,-4.1425e-06,-13.95,54.44,-8.3091,26.893,-0.0011929,-21.701,-766.35,-15.981,0.0,16.655,5.983,8.4882,0.17907,0.0,-1508.04,0.0779,20.0
248,2023-09-06,0.1821,0.3429,7.675,26.8,17.1239583333333,0.0,0.3429,-5.5879e-09,0.011367,-4.1425e-06,-13.95,54.783,-8.3091,26.91,-0.0011971,-21.754,-788.59,-15.985,0.0,16.655,5.9491,8.4882,0.17907,0.0,-1579.74,0.0771,20.0
249,2023-09-07,0.0034,0.26924,7.6,25.825,16.9135416666667,0.0,0.26924,-1.3351e-08,0.00010119,-4.1127e-06,-13.95,55.052,-8.3091,26.912,-0.0012012,-21.806,-795.11,-15.988,0.0,16.655,5.9406,8.4882,0.17907,0.0,-1600.92,0.0769,20.0
250,2023-09-08,0.7957,0.254,8.275,23.925,14.6697916666667,0.0,0.254,4.7439e-09,0.0,-4.1127e-06,-13.95,55.306,-8.3091,26.912,-0.0012053,-21.856,-795.24,-15.992,0.0,16.655,5.9405,8.4882,0.17907,0.0,-1601.28,0.0769,20.0
251,2023-09-09,0.0068,0.21336,5.15,21.875,13.6958333333333,0.0,0.21336,1.5425e-08,8.0764e-05,-4.1127e-06,-13.95,55.519,-8.3091,26.913,-0.0012094,-21.905,-795.23,-15.995,0.0,16.655,5.9404,8.4882,0.17907,0.0,-1601.26,0.0769,20.0
252,2023-09-10,0.0,0.23622,3.875,23.075,13.9447916666667,0.0,0.23622,-7.1304e-09,9.8877e-05,-4.1127e-06,-13.95,55.756,-8.3091,26.913,-0.0012136,-21.953,-795.21,-15.998,0.0,16.655,5.9404,8.4882,0.17907,0.0,-1601.26,0.0769,20.0
253,2023-09-11,0.0,0.25146,4.475,27.375,15.6145833333333,0.0,0.25146,3.507e-09,8.2605e-05,-4.1127e-06,-13.95,56.007,-8.3091,26.913,-0.0012177,-21.999,-795.22,-16.002,0.0,16.655,5.9403,8.4882,0.17907,0.0,-1601.25,0.0769,20.0
254,2023-09-12,0.0,0.2921,9.05,28.675,18.4947916666667,0.0,0.2921,6.9049e-09,9.6694e-05,-4.1127e-06,-13.95,56.299,-8.3091,26.913,-0.0012218,-22.044,-795.21,-16.005,0.0,16.655,5.9403,8.4882,0.17907,0.0,-1601.25,0.0769,20.0
255,2023-09-13,0.0,0.24638,9.5,23.875,17.503125,0.0,0.24638,-7.7271e-09,0.00010222,-4.0829e-06,-13.95,56.545,-8.3091,26.913,-0.0012259,-22.088,-795.21,-16.008,0.0,16.655,5.9402,8.4882,0.17907,0.0,-1601.25,0.0769,20.0
256,2023-09-14,0.0,0.21844,6.8,24.85,15.1583333333333,0.0,0.21844,9.8989e-09,9.6105e-05,-4.0829e-06,-13.95,56.764,-8.3091,26.913,-0.00123,-22.13,-795.21,-16.012,0.0,16.655,5.9401,8.4882,0.17907,0.0,-1601.25,0.0769,20.0
257,2023-09-15,0.0,0.2921,3.9,27.15,15.390625,0.0,0.2921,-5.7989e-09,9.9063e-05,-4.0829e-06,-13.95,57.056,-8.3091,26.913,-0.001234,-22.172,-795.21,-16.015,0.0,16.655,5.9401,8.4882,0.17907,0.0,-1601.25,0.0769,20.0
258,2023-09-16,0.0,0.32258,8.5,30.25,18.5375,0.0,0.32258,-1.0761e-08,9.9167e-05,-4.0829e-06,-13.95,57.379,-8.3091,26.913,-0.0012381,-22.212,-795.21,-16.019,0.0,16.655,5.94,8.4882,0.17907,0.0,-1601.25,0.0769,20.0
259,2023-09-17,0.0,0.46228,10.55,29.5,20.7541666666667,0.0,0.46228,2.2337e-09,9.7886e-05,-4.0829e-06,-13.95,57.841,-8.3091,26.913,-0.0012422,-22.252,-795.21,-16.022,0.0,16.655,5.94,8.4882,0.17907,0.0,-1601.25,0.0769,20.0
260,2023-09-18,0.0,0.37592,13.05,26.9,19.0833333333333,0.0,0.37592,7.3378e-09,9.5941e-05,-4.0829e-06,-13.95,58.217,-8.3091,26.913,-0.0012463,-22.29,-795.21,-16.025,0.0,16.655,5.9399,8.4882,0.17907,0.0,-1601.25,0.0769,20.0
261,2023-09-19,0.0,0.20066,3.0,18.75,12.0010416666667,0.0,0.20066,6.5011e-09,9.3713e-05,-4.0531e-06,-13.95,58.417,-8.3091,26.913,-0.0012504,-22.327,-795.22,-16.029,0.0,16.655,5.9399,8.4882,0.17907,0.0,-1601.25,0.0769,20.0
262,2023-09-20,0.0,0.18288,2.7,17.475,10.528125,0.0,0.18288,1.477e-09,9.1374e-05,-4.0531e-06,-13.95,58.6,-8.3091,26.913,-0.0012544,-22.363,-795.22,-16.032,0.0,16.655,5.9398,8.4882,0.17907,0.0,-1601.25,0.0769,20.0
263,2023-09-21,1.5719,0.04826,5.05,8.775,6.94375,0.0,0.04826,-6.0791e-09,8.9005e-05,-4.0531e-06,-13.95,58.649,-8.3091,26.913,-0.0012585,-22.398,-795.22,-16.035,0.0,16.655,5.9398,8.4882,0.17907,0.0,-1601.25,0.0769,20.0
264,2023-09-22,2.6917,0.04572,8.4,12.425,10.015625,0.0,0.04572,-1.5487e-08,8.6658e-05,-4.0531e-06,-13.95,58.694,-8.3091,26.913,-0.0012625,-22.433,-795.22,-16.039,0.0,16.655,5.9397,8.4882,0.17907,0.0,-1601.25,0.0769,20.0
265,2023-09-23,1.0551,0.23622,8.3,20.55,13.1375,0.0,0.23622,3.678e-09,8.4355e-05,-4.0531e-06,-13.95,58.931,-8.3091,26.913,-0.0012666,-22.466,-795.22,-16.042,0.0,16.655,5.9397,8.4882,0.17907,0.0,-1601.25,0.0769,20.0
266,2023-09-24,0.0,0.2286,3.65,21.35,12.571875,0.0,0.2286,-6.6466e-09,8.2098e-05,-4.0531e-06,-13.95,59.159,-8.3091,26.913,-0.0012706,-22.499,-795.22,-16.045,0.0,16.655,5.9396,8.4882,0.17907,0.0,-1601.25,0.0769,20.0
267,2023-09-25,0.0,0.22606,6.575,24.675,15.2,0.0,0.22606,-1.6189e-08,7.99e-05,-4.0233e-06,-13.95,59.385,-8.3091,26.913,-0.0012747,-22.53,-795.23,-16.049,0.0,16.655,5.9396,8.4882,0.17907,0.0,-1601.25,0.0769,20.0
268,2023-09-26,0.0,0.28956,11.85,26.8,18.5614583333333,0.0,0.28956,5.0677e-09,7.7762e-05,-4.0233e-06,-13.95,59.675,-8.3091,26.913,-0.0012787,-22.561,-795.23,-16.052,0.0,16.655,5.9395,8.4882,0.17907,0.0,-1601.25,0.0769,20.0
269,2023-09-27,0.0,0.22098,5.15,20.725,11.69375,0.0,0.22098,-5.6025e-10,7.5668e-05,-4.0233e-06,-13.95,59.896,-8.3091,26.913,-0.0012827,-22.591,-795.23,-16.055,0.0,16.655,5.9395,8.4882,0.17907,0.0,-1601.25,0.0769,20.0
270,2023-09-28,0.0,0.28702,5.575,17.625,10.6572916666667,0.0,0.28702,-3.3469e-09,7.1178e-05,-4.0233e-06,-13.95,60.183,-8.3091,26.913,-0.0012867,-22.62,-795.23,-16.059,0.0,16.655,5.9395,8.4882,0.17907,0.0,-1601.25,0.0769,20.0
271,2023-09-29,0.0,0.23114,2.725,17.25,10.365625,0.0,0.23114,1.6735e-10,3.3812e-05,-4.0233e-06,-13.95,60.414,-8.3091,26.913,-0.0012908,-22.648,-795.23,-16.062,0.0,16.655,5.9394,8.4882,0.17907,0.0,-1601.25,0.0769,20.0
272,2023-09-30,0.4336,0.06604,5.2,7.9,6.55416666666667,0.0,0.06604,-1.4126e-08,8.9832e-05,-4.0233e-06,-13.95,60.48,-8.3091,26.914,-0.0012948,-22.676,-795.22,-16.065,0.0,16.655,5.9394,8.4882,0.17907,0.0,-1601.25,0.0769,20.0
273,2023-10-01,1.8254,0.02286,4.6,6.725,5.85833333333333,0.02286,0.0,0.02286,0.0,-3.9935e-06,-13.927,60.48,-8.2862,26.914,-0.0012988,-43.69,-795.25,-16.068,0.0,16.655,5.9165,8.4882,0.20193,0.0,-1601.25,0.0769,20.0
274,2023-10-02,0.5516,0.21844,5.475,17.625,10.428125,0.21844,0.0,9.984e-32,0.0,-3.9736e-06,-13.708,60.48,-8.1774,26.914,-0.0013028,-1000000.0,-795.25,-16.072,0.0,16.655,5.8077,8.4882,0.31072,0.0,-1601.25,0.0769,20.0
275,2023-10-03,0.034,0.13462,6.075,16.75,9.98958333333333,0.13462,0.0,9.984e-32,0.0,-4.0233e-06,-13.574,60.48,-8.1774,26.914,-0.0013068,-1000000.0,-795.25,-16.075,0.0,16.655,5.8077,8.4882,0.31072,0.0,-1601.25,0.0769,20.0
276,2023-10-04,0.0714,0.1905,3.925,19.875,10.321875,0.1905,0.0,9.984e-32,0.0,-3.9935e-06,-13.383,60.48,-8.1774,26.914,-0.0013108,-1000000.0,-795.25,-16.078,0.0,16.655,5.8077,8.4882,0.31072,0.0,-1601.25,0.0769,20.0
277,2023-10-05,0.0238,0.11938,-0.075,16.0,7.48645833333333,0.11938,0.0,9.984e-32,0.0,-3.9935e-06,-13.264,60.48,-8.1774,26.914,-0.0013148,-1000000.0,-795.25,-16.082,0.0,16.655,5.8077,8.4882,0.31072,0.0,-1601.25,0.0769,20.0
278,2023-10-06,0.0,0.19558,-0.65,19.325,8.75729166666667,0.19558,0.0,9.984e-32,0.0,-3.9935e-06,-13.068,60.48,-8.1774,26.914,-0.0013188,-1000000.0,-795.25,-16.085,0.0,16.655,5.8077,8.4882,0.31072,0.0,-1601.25,0.0769,20.0
279,2023-10-07,0.0,0.18796,5.85,23.825,12.925,0.18796,0.0,9.984e-32,0.0,-3.9935e-06,-12.88,60.48,-8.1774,26.914,-0.0013228,-1000000.0,-795.25,-16.088,0.0,16.655,5.8077,8.4882,0.31072,0.0,-1601.25,0.0769,20.0
280,2023-10-08,0.0,0.23368,1.95,25.2,13.0333333333333,0.23368,0.0,9.984e-32,0.0,-3.9637e-06,-12.647,60.48,-8.1774,26.914,-0.0013268,-1000000.0,-795.25,-16.091,0.0,16.655,5.8077,8.4882,0.31072,0.0,-1601.25,0.0769,20.0
281,2023-10-09,0.0,0.2413,4.225,26.0,14.55,0.2413,0.0,9.984e-32,0.0,-3.9637e-06,-12.405,60.48,-8.1774,26.914,-0.0013307,-1000000.0,-795.25,-16.095,0.0,16.655,5.8077,8.4882,0.31072,0.0,-1601.25,0.0769,20.0
282,2023-10-10,0.0766,0.21082,10.075,21.725,14.00625,0.21082,0.0,9.984e-32,0.0,-3.9637e-06,-12.194,60.48,-8.1774,26.914,-0.0013347,-1000000.0,-795.25,-16.098,0.0,16.655,5.8077,8.4882,0.31072,0.0,-1601.25,0.0769,20.0
283,2023-10-11,0.9952,0.15494,5.925,17.625,10.40625,0.15494,0.0,9.984e-32,0.0,-3.9637e-06,-12.04,60.48,-8.1774,26.914,-0.0013387,-1000000.0,-795.25,-16.101,0.0,16.655,5.8077,8.4882,0.31072,0.0,-1601.25,0.0769,20.0
284,2023-10-12,0.1887,0.02032,3.725,8.575,6.5375,0.02032,0.0,9.984e-32,0.0,-3.9637e-06,-12.019,60.48,-8.1774,26.914,-0.0013426,-1000000.0,-795.25,-16.104,0.0,16.655,5.8077,8.4882,0.31072,0.0,-1601.25,0.0769,20.0
285,2023-10-13,0.0306,0.07366,3.775,10.5,7.06875,0.07366,0.0,9.984e-32,0.0,-3.9637e-06,-11.946,60.48,-8.1774,26.914,-0.0013466,-1000000.0,-795.25,-16.108,0.0,16.655,5.8076,8.4882,0.31072,0.0,-1601.25,0.0769,20.0
286,2023-10-14,0.0085,0.13716,0.0,15.8,6.95833333333333,0.13716,0.0,9.984e-32,0.0,-3.9339e-06,-11.808,60.48,-8.1774,26.914,-0.0013505,-1000000.0,-795.25,-16.111,0.0,16.655,5.8076,8.4882,0.31072,0.0,-1601.25,0.0769,20.0
287,2023-10-15,0.0,0.1778,3.375,19.0,10.3677083333333,0.1778,0.0,9.984e-32,0.0,-3.9339e-06,-11.631,60.48,-8.1774,26.914,-0.0013545,-1000000.0,-795.25,-16.114,0.0,16.655,5.8076,8.4882,0.31072,0.0,-1601.25,0.0769,20.0
288,2023-10-16,0.0,0.18288,4.3,20.05,12.4822916666667,0.18288,0.0,9.984e-32,0.0,-3.9339e-06,-11.448,60.48,-8.1774,26.914,-0.0013584,-1000000.0,-795.25,-16.117,0.0,16.655,5.8076,8.4882,0.31072,0.0,-1601.25,0.0769,20.0
289,2023-10-17,0.0,0.24892,6.6,16.175,12.215625,0.24892,0.0,9.984e-32,0.0,-3.9339e-06,-11.199,60.48,-8.1774,26.914,-0.0013623,-1000000.0,-795.25,-16.121,0.0,16.655,5.8076,8.4882,0.31072,0.0,-1601.25,0.0769,20.0
290,2023-10-18,0.0,0.36322,6.2,19.9,12.8614583333333,0.36322,0.0,9.984e-32,0.0,-3.9339e-06,-10.836,60.48,-8.1774,26.914,-0.0013663,-1000000.0,-795.25,-16.124,0.0,16.655,5.8076,8.4882,0.31072,0.0,-1601.25,0.0769,20.0
291,2023-10-19,0.0,0.42164,11.4,27.0,18.1760416666667,0.42164,0.0,9.984e-32,0.0,-3.9339e-06,-10.414,60.48,-8.1774,26.914,-0.0013702,-1000000.0,-795.25,-16.127,0.0,16.655,5.8076,8.4882,0.31072,0.0,-1601.25,0.0769,20.0
292,2023-10-20,0.0,0.26924,3.375,25.65,15.0583333333333,0.26924,0.0,9.984e-32,0.0,-3.9041e-06,-10.145,60.48,-8.1774,26.914,-0.0013741,-1000000.0,-795.25,-16.13,0.0,16.655,5.8076,8.4882,0.31072,0.0,-1601.25,0.0769,20.0
293,2023-10-21,0.0,0.10922,-1.9,17.025,6.440625,0.10922,0.0,9.984e-32,0.0,-3.9041e-06,-10.035,60.48,-8.1774,26.914,-0.001378,-1000000.0,-795.26,-16.134,0.0,16.655,5.8076,8.4882,0.31072,0.0,-1601.25,0.0769,20.0
294,2023-10-22,0.0765,0.06858,2.6,9.125,5.3875,0.06858,0.0,9.984e-32,0.0,-3.9041e-06,-9.9669,60.48,-8.1774,26.914,-0.0013819,-1000000.0,-795.26,-16.137,0.0,16.655,5.8076,8.4882,0.31072,0.0,-1601.25,0.0769,20.0
295,2023-10-23,0.4765,0.03302,0.825,5.0,3.42708333333333,0.03302,0.0,9.984e-32,0.0,-3.9041e-06,-9.9339,60.48,-8.1774,26.914,-0.0013858,-1000000.0,-795.26,-16.14,0.0,16.655,5.8076,8.4882,0.31072,0.0,-1601.25,0.0769,20.0
296,2023-10-24,0.0,0.02286,-8.1,0.8,-4.26875,0.02286,0.0,9.984e-32,0.0,-3.9041e-06,-9.911,60.48,-8.1774,26.914,-0.0013897,-1000000.0,-795.26,-16.143,0.0,16.655,5.8076,8.4882,0.31072,0.0,-1601.25,0.0769,20.0
297,2023-10-25,0.0017,0.02794,-10.85,-4.875,-8.91458333333333,0.02794,0.0,9.984e-32,0.0,-3.9041e-06,-9.8831,60.48,-8.1774,26.914,-0.0013936,-1000000.0,-795.26,-16.146,0.0,16.655,5.8076,8.4882,0.31072,0.0,-1601.25,0.0769,20.0
298,2023-10-26,0.0,0.0254,-12.175,-4.675,-9.690625,0.0254,0.0,9.984e-32,0.0,-3.9041e-06,-9.8577,60.48,-8.1774,26.914,-0.0013975,-1000000.0,-795.26,-16.15,0.0,16.655,5.8076,8.4882,0.31072,0.0,-1601.25,0.0769,20.0
299,2023-10-27,0.0,0.02286,-18.325,-3.4,-11.734375,0.02286,0.0,9.984e-32,0.0,-3.8743e-06,-9.8348,60.48,-8.1774,26.914,-0.0014014,-1000000.0,-795.26,-16.153,0.0,16.655,5.8076,8.4882,0.31072,0.0,-1601.25,0.0769,20.0
300,2023-10-28,0.0,0.04064,-15.475,-2.525,-8.61458333333333,0.04064,0.0,9.984e-32,0.0,-3.8743e-06,-9.7942,60.48,-8.1774,26.914,-0.0014053,-1000000.0,-795.26,-16.156,0.0,16.655,5.8076,8.4882,0.31072,0.0,-1601.25,0.0769,20.0
301,2023-10-29,0.0034,0.06604,-8.975,0.4,-4.11875,0.06604,0.0,9.984e-32,0.0,-3.8743e-06,-9.7282,60.48,-8.1774,26.914,-0.0014092,-1000000.0,-795.26,-16.159,0.0,16.655,5.8076,8.4882,0.31072,0.0,-1601.25,0.0769,20.0
302,2023-10-30,0.0952,0.1016,-5.525,4.0,-0.882291666666667,0.1016,0.0,9.984e-32,0.0,-3.8743e-06,-9.6266,60.48,-8.1774,26.914,-0.001413,-1000000.0,-795.26,-16.162,0.0,16.655,5.8076,8.4882,0.31072,0.0,-1601.25,0.0769,20.0
303,2023-10-31,0.0,0.13462,-1.1,7.375,2.45104166666667,0.13462,0.0,9.984e-32,0.0,-3.8743e-06,-9.4919,60.48,-8.1774,26.914,-0.0014169,-1000000.0,-795.26,-16.166,0.0,16.655,5.8076,8.4882,0.31072,0.0,-1601.25,0.0769,20.0
304,2023-11-01,0.0,0.15748,-0.625,12.375,4.26770833333333,0.15748,0.0,9.984e-32,0.0,-3.8743e-06,-9.3344,60.48,-8.1774,26.914,-0.0014208,-1000000.0,-795.26,-16.169,0.0,16.655,5.8076,8.4882,0.31072,0.0,-1601.25,0.0769,20.0
305,2023-11-02,0.0068,0.11176,4.0,10.375,6.99583333333333,0.11176,0.0,9.984e-32,0.0,-3.8445e-06,-9.2227,60.48,-8.1774,26.914,-0.0014246,-1000000.0,-795.26,-16.172,0.0,16.655,5.8076,8.4882,0.31072,0.0,-1601.25,0.0769,20.0
306,2023-11-03,0.0017,0.14478,1.325,12.975,6.86979166666667,0.14478,0.0,9.984e-32,0.0,-3.8445e-06,-9.0779,60.48,-8.1774,26.914,-0.0014285,-1000000.0,-795.26,-16.175,0.0,16.655,5.8076,8.4882,0.31072,0.0,-1601.25,0.0769,20.0
307,2023-11-04,0.0136,0.1905,1.0,12.2,7.7375,0.1905,0.0,9.984e-32,0.0,-3.8445e-06,-8.8874,60.48,-8.1774,26.914,-0.0014323,-1000000.0,-795.26,-16.178,0.0,16.655,5.8076,8.4882,0.31072,0.0,-1601.25,0.0769,20.0
308,2023-11-05,0.0,0.23876,5.5,14.4,9.73368,0.23876,0.0,9.984e-32,0.0,-3.8445e-06,-8.6487,60.48,-8.1774,26.914,-0.0014362,-1000000.0,-795.26,-16.181,0.0,16.655,5.8076,8.4882,0.31072,0.0,-1601.25,0.0769,20.0
309,2023-11-06,0.0357,0.1143,0.475,10.45,6.26875,0.1143,0.0,9.984e-32,0.0,-3.8445e-06,-8.5344,60.48,-8.1774,26.914,-0.00144,-1000000.0,-795.26,-16.185,0.0,16.655,5.8076,8.4882,0.31072,0.0,-1601.25,0.0769,20.0
310,2023-11-07,0.0,0.2032,2.85,9.9,5.97395833333333,0.2032,0.0,9.984e-32,0.0,-3.8445e-06,-8.3312,60.48,-8.1774,26.914,-0.0014438,-1000000.0,-795.26,-16.188,0.0,16.655,5.8076,8.4882,0.31072,0.0,-1601.25,0.0769,20.0
311,2023-11-08,0.0,0.12954,-3.3,9.425,2.68229166666667,0.12954,0.0,9.984e-32,0.0,-3.8147e-06,-8.2016,60.48,-8.1774,26.914,-0.0014477,-1000000.0,-795.26,-16.191,0.0,16.655,5.8075,8.4882,0.31072,0.0,-1601.25,0.0769,20.0
312,2023-11-09,0.0,0.12446,-4.575,10.3,1.196875,0.12446,0.0,9.984e-32,0.0,-3.8147e-06,-8.0772,60.48,-8.1774,26.914,-0.0014515,-1000000.0,-795.26,-16.194,0.0,16.655,5.8075,8.4882,0.31072,0.0,-1601.25,0.0769,20.0
313,2023-11-10,0.0,0.15494,-4.9,9.25,2.09583333333333,0.15494,0.0,9.984e-32,0.0,-3.8147e-06,-7.9222,60.48,-8.1774,26.914,-0.0014553,-1000000.0,-795.26,-16.197,0.0,16.655,5.8075,8.4882,0.31072,0.0,-1601.25,0.0769,20.0
314,2023-11-11,0.0,0.28956,0.45,13.25,6.24270833333333,0.28956,0.0,9.984e-32,0.0,-3.8147e-06,-7.6327,60.48,-8.1774,26.914,-0.0014591,-1000000.0,-795.26,-16.2,0.0,16.655,5.8075,8.4882,0.31072,0.0,-1601.25,0.0769,20.0
315,2023-11-12,0.0,0.13462,-0.625,11.25,4.853125,0.13462,0.0,9.984e-32,0.0,-3.8147e-06,-7.498,60.48,-8.1774,26.914,-0.0014629,-1000000.0,-795.26,-16.203,0.0,16.655,5.8075,8.4882,0.31072,0.0,-1601.25,0.0769,20.0
316,2023-11-13,0.0,0.24892,-0.375,16.475,8.39895833333333,0.24892,0.0,9.984e-32,0.0,-3.8147e-06,-7.2491,60.48,-8.1774,26.914,-0.0014668,-1000000.0,-795.26,-16.207,0.0,16.655,5.8075,8.4882,0.31072,0.0,-1601.25,0.0769,20.0
317,2023-11-14,0.0,0.18542,-2.55,12.375,4.825,0.18542,0.0,9.984e-32,0.0,-3.8147e-06,-7.0637,60.48,-8.1774,26.914,-0.0014706,-1000000.0,-795.26,-16.21,0.0,16.655,5.8075,8.4882,0.31072,0.0,-1601.25,0.0769,20.0
318,2023-11-15,0.0,0.18796,0.05,14.775,7.56041666666667,0.18796,0.0,9.984e-32,0.0,-3.7849e-06,-6.8757,60.48,-8.1774,26.914,-0.0014744,-1000000.0,-795.26,-16.213,0.0,16.655,5.8075,8.4882,0.31072,0.0,-1601.25,0.0769,20.0
319,2023-11-16,0.3726,0.09906,-2.825,6.8,1.0,0.09906,0.0,9.984e-32,0.0,-3.7849e-06,-6.7767,60.48,-8.1774,26.914,-0.0014781,-1000000.0,-795.26,-16.216,0.0,16.655,5.8075,8.4882,0.31072,0.0,-1601.25,0.0769,20.0
320,2023-11-17,0.0,0.27432,3.15,13.75,7.25208333333333,0.27432,0.0,9.984e-32,0.0,-3.7849e-06,-6.5024,60.48,-8.1774,26.914,-0.0014819,-1000000.0,-795.26,-16.219,0.0,16.655,5.8075,8.4882,0.31072,0.0,-1601.25,0.0769,20.0
321,2023-11-18,0.0,0.19304,-0.125,13.35,5.53958333333333,0.19304,0.0,9.984e-32,0.0,-3.7849e-06,-6.3093,60.48,-8.1774,26.914,-0.0014857,-1000000.0,-795.26,-16.222,0.0,16.655,5.8075,8.4882,0.31072,0.0,-1601.25,0.0769,20.0
322,2023-11-19,0.0,0.18796,1.95,12.4,5.996875,0.18796,0.0,9.984e-32,0.0,-3.7849e-06,-6.1214,60.48,-8.1774,26.914,-0.0014895,-1000000.0,-795.26,-16.225,0.0,16.655,5.8075,8.4882,0.31072,0.0,-1601.25,0.0769,20.0
323,2023-11-20,0.0,0.1651,-1.325,8.125,2.86666666666667,0.1651,0.0,9.984e-32,0.0,-3.7849e-06,-5.9563,60.48,-8.1774,26.914,-0.0014933,-1000000.0,-795.26,-16.228,0.0,16.655,5.8075,8.4882,0.31072,0.0,-1601.25,0.0769,20.0
324,2023-11-21,0.0,0.33274,3.65,11.25,7.96145833333333,0.33274,0.0,9.984e-32,0.0,-3.7849e-06,-5.6235,60.48,-8.1774,26.914,-0.0014971,-1000000.0,-795.26,-16.232,0.0,16.655,5.8075,8.4882,0.31072,0.0,-1601.25,0.0769,20.0
325,2023-11-22,0.0,0.1524,-1.925,10.625,5.92395833333333,0.1524,0.0,9.984e-32,0.0,-3.7551e-06,-5.4711,60.48,-8.1774,26.914,-0.0015008,-1000000.0,-795.26,-16.235,0.0,16.655,5.8075,8.4882,0.31072,0.0,-1601.25,0.0769,20.0
326,2023-11-23,0.0,0.01016,-5.6,-2.2,-4.47291666666667,0.01016,0.0,9.984e-32,0.0,-3.7551e-06,-5.461,60.48,-8.1774,26.914,-0.0015046,-1000000.0,-795.26,-16.238,0.0,16.655,5.8075,8.4882,0.31072,0.0,-1601.25,0.0769,20.0
327,2023-11-24,0.0,0.01778,-12.725,-5.175,-6.821875,0.01778,0.0,9.984e-32,0.0,-3.7551e-06,-5.4432,60.48,-8.1774,26.914,-0.0015083,-1000000.0,-795.26,-16.241,0.0,16.655,5.8075,8.4882,0.31072,0.0,-1601.25,0.0769,20.0
328,2023-11-25,0.0527,0.06096,-10.375,3.575,-2.86458333333333,0.06096,0.0,9.984e-32,0.0,-3.7551e-06,-5.3822,60.48,-8.1774,26.914,-0.0015121,-1000000.0,-795.26,-16.244,0.0,16.655,5.8075,8.4882,0.31072,0.0,-1601.25,0.0769,20.0
329,2023-11-26,0.0,0.05842,-8.025,3.925,-2.55833333333333,0.05842,0.0,9.984e-32,0.0,-3.7551e-06,-5.3238,60.48,-8.1774,26.914,-0.0015158,-1000000.0,-795.26,-16.247,0.0,16.655,5.8075,8.4882,0.31072,0.0,-1601.25,0.0769,20.0
330,2023-11-27,0.0,0.18288,-6.825,7.8,1.12083333333333,0.18288,0.0,9.984e-32,0.0,-3.7551e-06,-5.1409,60.48,-8.1774,26.914,-0.0015196,-1000000.0,-795.26,-16.25,0.0,16.655,5.8075,8.4882,0.31072,0.0,-1601.25,0.0769,20.0
331,2023-11-28,0.0,0.28194,0.125,10.625,4.359375,0.28194,0.0,9.984e-32,0.0,-3.7253e-06,-4.859,60.48,-8.1774,26.914,-0.0015233,-1000000.0,-795.26,-16.253,0.0,16.655,5.8075,8.4882,0.31072,0.0,-1601.25,0.0769,20.0
332,2023-11-29,0.0,0.10668,-10.025,7.975,0.0031249999999998,0.10668,0.0,9.984e-32,0.0,-3.7253e-06,-4.7523,60.48,-8.1774,26.914,-0.001527,-1000000.0,-795.26,-16.256,0.0,16.655,5.8075,8.4882,0.31072,0.0,-1601.25,0.0769,20.0
333,2023-11-30,0.0,0.0254,-12.5,0.75,-7.184375,0.0254,0.0,9.984e-32,0.0,-3.7253e-06,-4.7269,60.48,-8.1774,26.914,-0.0015308,-1000000.0,-795.26,-16.259,0.0,16.655,5.8075,8.4882,0.31072,0.0,-1601.25,0.0769,20.0
334,2023-12-01,0.0,0.1143,-11.55,2.85,-2.70833333333333,0.1143,0.0,9.984e-32,0.0,-3.7253e-06,-4.6126,60.48,-8.1774,26.914,-0.0015345,-1000000.0,-795.26,-16.262,0.0,16.655,5.8075,8.4882,0.31072,0.0,-1601.25,0.0769,20.0
335,2023-12-02,0.0,0.1651,-2.725,4.55,0.510416666666667,0.1651,0.0,9.984e-32,0.0,-3.7253e-06,-4.4475,60.48,-8.1774,26.914,-0.0015382,-1000000.0,-795.26,-16.265,0.0,16.655,5.8075,8.4882,0.31072,0.0,-1601.25,0.0769,20.0
336,2023-12-03,0.0,0.17018,-3.95,6.5,1.57916666666667,0.17018,0.0,9.984e-32,0.0,-3.7253e-06,-4.2773,60.48,-8.1774,26.914,-0.0015419,-1000000.0,-795.26,-16.268,0.0,16.655,5.8075,8.4882,0.31072,0.0,-1601.25,0.0769,20.0
337,2023-12-04,0.0,0.16256,-2.625,9.575,5.40729166666667,0.16256,0.0,9.984e-32,0.0,-3.7253e-06,-4.1148,60.48,-8.1774,26.914,-0.0015457,-1000000.0,-795.26,-16.272,0.0,16.655,5.8074,8.4882,0.31072,0.0,-1601.25,0.0769,20.0
338,2023-12-05,0.0,0.33782,9.525,15.325,12.5104166666667,0.33782,0.0,9.984e-32,0.0,-3.6955e-06,-3.7769,60.48,-8.1774,26.914,-0.0015494,-1000000.0,-795.26,-16.275,0.0,16.655,5.8074,8.4882,0.31072,0.0,-1601.25,0.0769,20.0
339,2023-12-06,0.0,0.25146,6.05,15.675,11.015625,0.25146,0.0,9.984e-32,0.0,-3.6955e-06,-3.5255,60.48,-8.1774,26.914,-0.0015531,-1000000.0,-795.26,-16.278,0.0,16.655,5.8074,8.4882,0.31072,0.0,-1601.25,0.0769,20.0
340,2023-12-07,0.0,0.09144,-3.225,8.15,3.30625,0.09144,0.0,9.984e-32,0.0,-3.6955e-06,-3.434,60.48,-8.1774,26.914,-0.0015568,-1000000.0,-795.26,-16.281,0.0,16.655,5.8074,8.4882,0.31072,0.0,-1601.25,0.0769,20.0
341,2023-12-08,0.0068,0.03302,-10.3,5.75,-2.80833333333333,0.03302,0.0,9.984e-32,0.0,-3.6955e-06,-3.401,60.48,-8.1774,26.914,-0.0015604,-1000000.0,-795.26,-16.284,0.0,16.655,5.8074,8.4882,0.31072,0.0,-1601.25,0.0769,20.0
342,2023-12-09,0.0,0.1397,-6.625,3.35,-1.165625,0.1397,0.0,9.984e-32,0.0,-3.6955e-06,-3.2613,60.48,-8.1774,26.914,-0.0015641,-1000000.0,-795.26,-16.287,0.0,16.655,5.8074,8.4882,0.31072,0.0,-1601.25,0.0769,20.0
343,2023-12-10,0.0,0.21082,0.875,6.65,3.815625,0.21082,0.0,9.984e-32,0.0,-3.6955e-06,-3.0505,60.48,-8.1774,26.914,-0.0015678,-1000000.0,-795.26,-16.29,0.0,16.655,5.8074,8.4882,0.31072,0.0,-1601.25,0.0769,20.0
344,2023-12-11,0.148,0.04572,-3.725,3.875,0.255208333333333,0.04572,0.0,9.984e-32,0.0,-3.6955e-06,-3.0048,60.48,-8.1774,26.914,-0.0015715,-1000000.0,-795.26,-16.293,0.0,16.655,5.8074,8.4882,0.31072,0.0,-1601.25,0.0769,20.0
345,2023-12-12,0.0034,0.04064,-5.475,5.225,-1.43854166666667,0.04064,0.0,9.984e-32,0.0,-3.6657e-06,-2.9641,60.48,-8.1774,26.914,-0.0015752,-1000000.0,-795.26,-16.296,0.0,16.655,5.8074,8.4882,0.31072,0.0,-1601.25,0.0769,20.0
346,2023-12-13,0.0,0.13716,-4.75,9.0,0.878125,0.13716,0.0,9.984e-32,0.0,-3.6657e-06,-2.827,60.48,-8.1774,26.914,-0.0015789,-1000000.0,-795.26,-16.299,0.0,16.655,5.8074,8.4882,0.31072,0.0,-1601.25,0.0769,20.0
347,2023-12-14,0.0,0.11684,-2.925,9.275,1.02604166666667,0.11684,0.0,9.984e-32,0.0,-3.6657e-06,-2.7101,60.48,-8.1774,26.914,-0.0015825,-1000000.0,-795.26,-16.302,0.0,16.655,5.8074,8.4882,0.31072,0.0,-1601.25,0.0769,20.0
348,2023-12-15,0.0,0.10668,-6.45,8.35,0.763541666666667,0.10668,0.0,9.984e-32,0.0,-3.6657e-06,-2.6035,60.48,-8.1774,26.914,-0.0015862,-1000000.0,-795.26,-16.305,0.0,16.655,5.8074,8.4882,0.31072,0.0,-1601.25,0.0769,20.0
349,2023-12-16,0.0,0.3302,4.125,11.3,7.08645833333333,0.3302,0.0,9.984e-32,0.0,-3.6657e-06,-2.2733,60.48,-8.1774,26.914,-0.0015899,-1000000.0,-795.26,-16.308,0.0,16.655,5.8074,8.4882,0.31072,0.0,-1601.25,0.0769,20.0
350,2023-12-17,0.0,0.06604,-7.75,5.325,-0.157291666666667,0.06604,0.0,9.984e-32,0.0,-3.6657e-06,-2.2072,60.48,-8.1774,26.914,-0.0015935,-1000000.0,-795.26,-16.311,0.0,16.655,5.8074,8.4882,0.31072,0.0,-1601.25,0.0769,20.0
351,2023-12-18,0.0,0.2286,-3.35,12.575,6.90833333333333,0.2286,0.0,9.984e-32,0.0,-3.6359e-06,-1.9786,60.48,-8.1774,26.914,-0.0015972,-1000000.0,-795.26,-16.314,0.0,16.655,5.8074,8.4882,0.31072,0.0,-1601.25,0.0769,20.0
352,2023-12-19,0.0085,0.19304,1.925,13.15,7.56458333333333,0.19304,0.0,9.984e-32,0.0,-3.6359e-06,-1.7856,60.48,-8.1774,26.914,-0.0016008,-1000000.0,-795.26,-16.317,0.0,16.655,5.8074,8.4882,0.31072,0.0,-1601.25,0.0769,20.0
353,2023-12-20,0.0,0.20574,4.35,12.8,7.19166666666667,0.20574,0.0,9.984e-32,0.0,-3.6359e-06,-1.5798,60.48,-8.1774,26.914,-0.0016045,-1000000.0,-795.26,-16.32,0.0,16.655,5.8074,8.4882,0.31072,0.0,-1601.25,0.0769,20.0
354,2023-12-21,0.0,0.1651,-1.125,12.4,6.38125,0.1651,0.0,9.984e-32,0.0,-3.6359e-06,-1.4147,60.48,-8.1774,26.914,-0.0016081,-1000000.0,-795.26,-16.323,0.0,16.655,5.8074,8.4882,0.31072,0.0,-1601.25,0.0769,20.0
355,2023-12-22,0.0,0.2032,2.825,11.925,6.90625,0.2032,0.0,9.984e-32,0.0,-3.6359e-06,-1.2115,60.48,-8.1774,26.914,-0.0016117,-1000000.0,-795.26,-16.326,0.0,16.655,5.8074,8.4882,0.31072,0.0,-1601.25,0.0769,20.0
356,2023-12-23,0.0,0.07366,-4.55,3.975,0.003125,0.07366,0.0,9.984e-32,0.0,-3.6359e-06,-1.1379,60.48,-8.1774,26.914,-0.0016154,-1000000.0,-795.26,-16.329,0.0,16.655,5.8074,8.4882,0.31072,0.0,-1601.25,0.0769,20.0
357,2023-12-24,0.0,0.0762,-9.675,3.125,-4.54375,0.0762,0.0,9.984e-32,0.0,-3.6359e-06,-1.0617,60.48,-8.1774,26.914,-0.001619,-1000000.0,-795.26,-16.332,0.0,16.655,5.8074,8.4882,0.31072,0.0,-1601.25,0.0769,20.0
358,2023-12-25,0.0,0.12954,-10.325,5.575,-3.33541666666667,0.12954,0.0,9.984e-32,0.0,-3.6061e-06,-0.93213,60.48,-8.1774,26.914,-0.0016226,-1000000.0,-795.26,-16.335,0.0,16.655,5.8074,8.4882,0.31072,0.0,-1601.25,0.0769,20.0
359,2023-12-26,0.0,0.1651,-6.25,6.95,0.0583333333333333,0.1651,0.0,9.984e-32,0.0,-3.6061e-06,-0.76703,60.48,-8.1774,26.914,-0.0016262,-1000000.0,-795.26,-16.338,0.0,16.655,5.8074,8.4882,0.31072,0.0,-1601.25,0.0769,20.0
360,2023-12-27,0.0,0.09144,-6.775,7.3,-0.14375,0.09144,0.0,9.984e-32,0.0,-3.6061e-06,-0.67559,60.48,-8.1774,26.914,-0.0016298,-1000000.0,-795.26,-16.341,0.0,16.655,5.8074,8.4882,0.31072,0.0,-1601.25,0.0769,20.0
361,2023-12-28,0.0,0.1905,-2.8,11.65,4.85729166666667,0.1905,0.0,9.984e-32,0.0,-3.6061e-06,-0.48509,60.48,-8.1774,26.914,-0.0016334,-1000000.0,-795.26,-16.344,0.0,16.655,5.8074,8.4882,0.31072,0.0,-1601.25,0.0769,20.0
362,2023-12-29,0.0,0.07874,-5.25,10.55,1.37708333333333,0.07874,0.0,9.984e-32,0.0,-3.6061e-06,-0.40635,60.48,-8.1774,26.914,-0.001637,-1000000.0,-795.26,-16.347,0.0,16.655,5.8074,8.4882,0.31072,0.0,-1601.25,0.0769,20.0
363,2023-12-30,0.0,0.03302,-8.125,7.625,-1.759375,0.03302,0.0,9.984e-32,0.0,-3.6061e-06,-0.37333,60.48,-8.1774,26.914,-0.0016406,-1000000.0,-795.26,-16.35,0.0,16.655,5.8074,8.4882,0.31072,0.0,-1601.25,0.0769,20.0
364,2023-12-31,0.0,0.10668,-7.525,10.125,0.734375,0.10668,0.0,9.984e-32,0.0,-3.6061e-06,-0.26665,60.48,-8.1774,26.914,-0.0016442,-1000000.0,-795.26,-16.353,0.0,16.655,5.8074,8.4882,0.31072,0.0,-1601.25,0.0769,20.0
365,2024-01-01,0.0,0.127,-4.5,7.55,0.603125,0.127,0.0,9.984e-32,0.0,-3.5763e-06,-0.13965,60.48,-8.1774,26.914,-0.0016478,-1000000.0,-795.26,-16.356,0.0,16.655,5.8073,8.4882,0.31072,0.0,-1601.25,0.0769,20.0
366,2024-01-02,0.0,0.11684,-4.275,6.675,-0.121875,0.11684,0.0,9.984e-32,0.0,-3.5763e-06,-0.022811,60.48,-8.1774,26.914,-0.0016514,-1000000.0,-795.26,-16.358,0.0,16.655,5.8073,8.4882,0.31072,0.0,-1601.25,0.0769,20.0
367,2024-01-03,0.0,0.04064,-11.325,4.075,-4.49895833333333,0.04064,0.0,9.984e-32,0.0,-3.5763e-06,0.017829,60.48,-8.1774,26.914,-0.001655,-1000000.0,-795.26,-16.361,0.0,16.655,5.8073,8.4882,0.31072,0.0,-1601.25,0.0769,20.0
368,2024-01-04,0.0,0.11176,-4.1,7.425,0.45,0.11176,0.0,9.984e-32,0.0,-3.5763e-06,0.12959,60.48,-8.1774,26.914,-0.0016585,-1000000.0,-795.26,-16.364,0.0,16.655,5.8073,8.4882,0.31072,0.0,-1601.25,0.0769,20.0
369,2024-01-05,0.0,0.09144,-3.425,5.325,-0.651041666666667,0.09144,0.0,9.984e-32,0.0,-3.5763e-06,0.22103,60.48,-8.1774,26.914,-0.0016621,-1000000.0,-795.26,-16.367,0.0,16.655,5.8073,8.4882,0.31072,0.0,-1601.25,0.0769,20.0
370,2024-01-06,0.0,0.1524,-5.325,2.2,-0.451041666666667,0.1524,0.0,9.984e-32,0.0,-3.5763e-06,0.37343,60.48,-8.1774,26.914,-0.0016657,-1000000.0,-795.26,-16.37,0.0,16.655,5.8073,8.4882,0.31072,0.0,-1601.25,0.0769,20.0
371,2024-01-07,0.0,0.02794,-13.95,-5.325,-10.1489583333333,0.02794,0.0,9.984e-32,0.0,-3.5763e-06,0.40137,60.48,-8.1774,26.914,-0.0016693,-1000000.0,-795.26,-16.373,0.0,16.655,5.8073,8.4882,0.31072,0.0,-1601.25,0.0769,20.0
372,2024-01-08,0.0,0.08382,-18.125,-0.875,-8.43541666666667,0.08382,0.0,9.984e-32,0.0,-3.5465e-06,0.48519,60.48,-8.1774,26.914,-0.0016728,-1000000.0,-795.26,-16.376,0.0,16.655,5.8073,8.4882,0.31072,0.0,-1601.25,0.0769,20.0
373,2024-01-09,0.0,0.1905,-2.55,5.875,1.115625,0.1905,0.0,9.984e-32,0.0,-3.5465e-06,0.67569,60.48,-8.1774,26.914,-0.0016764,-1000000.0,-795.26,-16.379,0.0,16.655,5.8073,8.4882,0.31072,0.0,-1601.25,0.0769,20.0
374,2024-01-10,0.0,0.0381,-19.575,-6.725,-14.7020833333333,0.0381,0.0,9.984e-32,0.0,-3.5465e-06,0.71379,60.48,-8.1774,26.914,-0.0016799,-1000000.0,-795.26,-16.382,0.0,16.655,5.8073,8.4882,0.31072,0.0,-1601.25,0.0769,20.0
375,2024-01-11,0.0,0.01524,-30.025,-20.075,-24.8489583333333,0.01524,0.0,9.984e-32,0.0,-3.5465e-06,0.72903,60.48,-8.1774,26.914,-0.0016835,-1000000.0,-795.26,-16.385,0.0,16.655,5.8073,8.4882,0.31072,0.0,-1601.25,0.0769,20.0
376,2024-01-12,0.0,0.00508,-36.925,-30.275,-32.846875,0.00508,0.0,9.984e-32,0.0,-3.5465e-06,0.73411,60.48,-8.1774,26.914,-0.001687,-1000000.0,-795.26,-16.388,0.0,16.655,5.8073,8.4882,0.31072,0.0,-1601.25,0.0769,20.0
377,2024-01-13,0.0,0.00762,-38.025,-21.85,-31.2628333333333,0.00762,0.0,9.984e-32,0.0,-3.5465e-06,0.74173,60.48,-8.1774,26.914,-0.0016906,-1000000.0,-795.26,-16.391,0.0,16.655,5.8073,8.4882,0.31072,0.0,-1601.25,0.0769,20.0
378,2024-01-14,0.0,0.00508,-34.025,-25.925,-29.0159565217391,0.00508,0.0,9.984e-32,0.0,-3.5465e-06,0.74681,60.48,-8.1774,26.914,-0.0016941,-1000000.0,-795.26,-16.394,0.0,16.655,5.8073,8.4882,0.31072,0.0,-1601.25,0.0769,20.0
379,2024-01-15,0.0,0.02032,-34.675,-15.075,-24.7677083333333,0.02032,0.0,9.984e-32,0.0,-3.5167e-06,0.76713,60.48,-8.1774,26.914,-0.0016976,-1000000.0,-795.26,-16.397,0.0,16.655,5.8073,8.4882,0.31072,0.0,-1601.25,0.0769,20.0
380,2024-01-16,0.0,0.07874,-14.65,-3.85,-8.19375,0.07874,0.0,9.984e-32,0.0,-3.5167e-06,0.84587,60.48,-8.1774,26.914,-0.0017011,-1000000.0,-795.26,-16.399,0.0,16.655,5.8073,8.4882,0.31072,0.0,-1601.25,0.0769,20.0
381,2024-01-17,0.0,0.01778,-18.825,-7.325,-13.5770833333333,0.01778,0.0,9.984e-32,0.0,-3.5167e-06,0.86365,60.48,-8.1774,26.914,-0.0017046,-1000000.0,-795.26,-16.402,0.0,16.655,5.8073,8.4882,0.31072,0.0,-1601.25,0.0769,20.0
382,2024-01-18,0.0,0.01651,-27.575,-12.375,-19.2677083333333,0.01651,0.0,9.984e-32,0.0,-3.5167e-06,0.88016,60.48,-8.1774,26.914,-0.0017082,-1000000.0,-795.26,-16.405,0.0,16.655,5.8073,8.4882,0.31072,0.0,-1601.25,0.0769,20.0
383,2024-01-19,0.0,0.01524,-28.575,-12.7,-19.715625,0.01524,0.0,9.984e-32,0.0,-3.5167e-06,0.8954,60.48,-8.1774,26.914,-0.0017117,-1000000.0,-795.26,-16.408,0.0,16.655,5.8073,8.4882,0.31072,0.0,-1601.25,0.0769,20.0
384,2024-01-20,0.4186,0.1143,-16.0,6.175,1.03854166666667,0.1143,0.0,9.984e-32,0.0,-3.5167e-06,1.0097,60.48,-8.1774,26.914,-0.0017152,-1000000.0,-795.26,-16.411,0.0,16.655,5.8073,8.4882,0.31072,0.0,-1601.25,0.0769,20.0
385,2024-01-21,0.0,0.12954,0.775,8.775,5.02708333333333,0.12954,0.0,9.984e-32,0.0,-3.5167e-06,1.1392,60.48,-8.1774,26.914,-0.0017187,-1000000.0,-795.26,-16.414,0.0,16.655,5.8073,8.4882,0.31072,0.0,-1601.25,0.0769,20.0
386,2024-01-22,0.0,0.0381,-10.225,-2.65,-6.46979166666667,0.0381,0.0,9.984e-32,0.0,-3.4869e-06,1.1773,60.48,-8.1774,26.914,-0.0017222,-1000000.0,-795.26,-16.417,0.0,16.655,5.8073,8.4882,0.31072,0.0,-1601.25,0.0769,20.0
387,2024-01-23,0.0,0.15494,0.925,9.4,4.725,0.15494,0.0,9.984e-32,0.0,-3.4869e-06,1.3323,60.48,-8.1774,26.914,-0.0017257,-1000000.0,-795.26,-16.42,0.0,16.655,5.8073,8.4882,0.31072,0.0,-1601.25,0.0769,20.0
388,2024-01-24,0.0,0.14732,-1.15,8.75,3.42916666666667,0.14732,0.0,9.984e-32,0.0,-3.4869e-06,1.4796,60.48,-8.1774,26.914,-0.0017292,-1000000.0,-795.26,-16.422,0.0,16.655,5.8073,8.4882,0.31072,0.0,-1601.25,0.0769,20.0
389,2024-01-25,0.0,0.1651,0.275,10.45,4.19270833333333,0.1651,0.0,9.984e-32,0.0,-3.4869e-06,1.6447,60.48,-8.1774,26.914,-0.0017327,-1000000.0,-795.26,-16.425,0.0,16.655,5.8073,8.4882,0.31072,0.0,-1601.25,0.0769,20.0
390,2024-01-26,0.0,0.19304,-0.3,8.1,2.88125,0.19304,0.0,9.984e-32,0.0,-3.4869e-06,1.8377,60.48,-8.1774,26.914,-0.0017362,-1000000.0,-795.26,-16.428,0.0,16.655,5.8073,8.4882,0.31072,0.0,-1601.25,0.0769,20.0
391,2024-01-27,0.0,0.20574,0.125,8.925,5.6375,0.20574,0.0,9.984e-32,0.0,-3.4869e-06,2.0435,60.48,-8.1774,26.914,-0.0017397,-1000000.0,-795.26,-16.431,0.0,16.655,5.8073,8.4882,0.31072,0.0,-1601.25,0.0769,20.0
392,2024-01-28,0.0,0.26162,5.35,14.75,9.24791666666667,0.26162,0.0,9.984e-32,0.0,-3.4869e-06,2.3051,60.48,-8.1774,26.914,-0.0017431,-1000000.0,-795.26,-16.434,0.0,16.655,5.8073,8.4882,0.31072,0.0,-1601.25,0.0769,20.0
393,2024-01-29,0.0,0.22352,4.125,16.85,8.81145833333333,0.22352,0.0,9.984e-32,0.0,-3.4571e-06,2.5286,60.48,-8.1774,26.914,-0.0017466,-1000000.0,-795.26,-16.437,0.0,16.655,5.8072,8.4882,0.31072,0.0,-1601.25,0.0769,20.0
394,2024-01-30,0.0,0.24892,3.65,17.025,9.86875,0.24892,0.0,9.984e-32,0.0,-3.4571e-06,2.7775,60.48,-8.1774,26.914,-0.0017501,-1000000.0,-795.26,-16.44,0.0,16.655,5.8072,8.4882,0.31072,0.0,-1601.25,0.0769,20.0
395,2024-01-31,0.0,0.2413,1.325,16.275,8.66041666666667,0.2413,0.0,9.984e-32,0.0,-3.4571e-06,3.0188,60.48,-8.1774,26.914,-0.0017535,-1000000.0,-795.26,-16.443,0.0,16.655,5.8072,8.4882,0.31072,0.0,-1601.25,0.0769,20.0
396,2024-02-01,0.0,0.19558,4.5,16.625,8.975,0.19558,0.0,9.984e-32,0.0,-3.4571e-06,3.2144,60.48,-8.1774,26.914,-0.001757,-1000000.0,-795.26,-16.445,0.0,16.655,5.8072,8.4882,0.31072,0.0,-1601.25,0.0769,20.0
397,2024-02-02,0.0,0.08128,3.0,13.65,6.56770833333333,0.08128,0.0,9.984e-32,0.0,-3.4571e-06,3.2957,60.48,-8.1774,26.914,-0.0017604,-1000000.0,-795.26,-16.448,0.0,16.655,5.8072,8.4882,0.31072,0.0,-1601.25,0.0769,20.0
398,2024-02-03,0.6331,0.03048,-0.875,5.0,2.81458333333333,0.03048,0.0,9.984e-32,0.0,-3.4571e-06,3.3262,60.48,-8.1774,26.914,-0.0017639,-1000000.0,-795.26,-16.451,0.0,16.655,5.8072,8.4882,0.31072,0.0,-1601.25,0.0769,20.0
399,2024-02-04,0.0,0.0381,-10.075,-0.85,-4.96666666666667,0.0381,0.0,9.984e-32,0.0,-3.4571e-06,3.3643,60.48,-8.1774,26.914,-0.0017674,-1000000.0,-795.26,-16.454,0.0,16.655,5.8072,8.4882,0.31072,0.0,-1601.25,0.0769,20.0
400,2024-02-05,0.3507,0.04572,-14.275,4.2,-6.19791666666667,0.04572,0.0,9.984e-32,0.0,-3.4273e-06,3.41,60.48,-8.1774,26.914,-0.0017708,-1000000.0,-795.26,-16.457,0.0,16.655,5.8072,8.4882,0.31072,0.0,-1601.25,0.0769,20.0
401,2024-02-06,0.0034,0.02794,-13.925,-2.275,-8.09895833333333,0.02794,0.0,9.984e-32,0.0,-3.4273e-06,3.4379,60.48,-8.1774,26.914,-0.0017742,-1000000.0,-795.26,-16.46,0.0,16.655,5.8072,8.4882,0.31072,0.0,-1601.25,0.0769,20.0
402,2024-02-07,0.0,0.03302,-6.575,-2.35,-5.09375,0.03302,0.0,9.984e-32,0.0,-3.4273e-06,3.471,60.48,-8.1774,26.914,-0.0017776,-1000000.0,-795.26,-16.462,0.0,16.655,5.8072,8.4882,0.31072,0.0,-1601.25,0.0769,20.0
403,2024-02-08,0.1496,0.0381,-5.5,-0.85,-3.32916666666667,0.0381,0.0,9.984e-32,0.0,-3.4273e-06,3.5091,60.48,-8.1774,26.914,-0.0017811,-1000000.0,-795.26,-16.465,0.0,16.655,5.8072,8.4882,0.31072,0.0,-1601.25,0.0769,20.0
404,2024-02-09,0.0,0.0381,-11.6,-1.95,-6.17708333333333,0.0381,0.0,9.984e-32,0.0,-3.4273e-06,3.5472,60.48,-8.1774,26.914,-0.0017845,-1000000.0,-795.26,-16.468,0.0,16.655,5.8072,8.4882,0.31072,0.0,-1601.25,0.0769,20.0
405,2024-02-10,0.0068,0.06858,-16.5,-0.425,-6.90208333333333,0.06858,0.0,9.984e-32,0.0,-3.4273e-06,3.6157,60.48,-8.1774,26.914,-0.0017879,-1000000.0,-795.26,-16.471,0.0,16.655,5.8072,8.4882,0.31072,0.0,-1601.25,0.0769,20.0
406,2024-02-11,0.2856,0.0762,-2.65,2.9,-0.260416666666667,0.0762,0.0,9.984e-32,0.0,-3.4273e-06,3.6919,60.48,-8.1774,26.914,-0.0017913,-1000000.0,-795.26,-16.474,0.0,16.655,5.8072,8.4882,0.31072,0.0,-1601.25,0.0769,20.0
407,2024-02-12,0.0,0.07112,-2.375,3.275,0.904166666666667,0.07112,0.0,9.984e-32,0.0,-3.3975e-06,3.7631,60.48,-8.1774,26.914,-0.0017948,-1000000.0,-795.26,-16.476,0.0,16.655,5.8072,8.4882,0.31072,0.0,-1601.25,0.0769,20.0
408,2024-02-13,0.0,0.03556,-8.525,-2.425,-4.91979166666667,0.03556,0.0,9.984e-32,0.0,-3.3975e-06,3.7986,60.48,-8.1774,26.914,-0.0017982,-1000000.0,-795.26,-16.479,0.0,16.655,5.8072,8.4882,0.31072,0.0,-1601.25,0.0769,20.0
409,2024-02-14,0.0527,0.03175,-15.45,-6.025,-10.5802083333333,0.03175,0.0,9.984e-32,0.0,-3.3975e-06,3.8304,60.48,-8.1774,26.914,-0.0018016,-1000000.0,-795.26,-16.482,0.0,16.655,5.8072,8.4882,0.31072,0.0,-1601.25,0.0769,20.0
410,2024-02-15,0.0,0.02794,-20.3,-6.575,-12.5083333333333,0.02794,0.0,9.984e-32,0.0,-3.3975e-06,3.8583,60.48,-8.1774,26.914,-0.0018049,-1000000.0,-795.26,-16.485,0.0,16.655,5.8072,8.4882,0.31072,0.0,-1601.25,0.0769,20.0
411,2024-02-16,0.0,0.03302,-26.225,-9.9,-17.0583333333333,0.03302,0.0,9.984e-32,0.0,-3.3975e-06,3.8913,60.48,-8.1774,26.914,-0.0018083,-1000000.0,-795.26,-16.488,0.0,16.655,5.8072,8.4882,0.31072,0.0,-1601.25,0.0769,20.0
412,2024-02-17,0.0476,0.0889,-19.975,0.725,-9.134375,0.0889,0.0,9.984e-32,0.0,-3.3975e-06,3.9802,60.48,-8.1774,26.914,-0.0018117,-1000000.0,-795.26,-16.49,0.0,16.655,5.8072,8.4882,0.31072,0.0,-1601.25,0.0769,20.0
413,2024-02-18,0.0017,0.1524,-5.3,3.525,-0.666666666666667,0.1524,0.0,9.984e-32,0.0,-3.3975e-06,4.1326,60.48,-8.1774,26.914,-0.0018151,-1000000.0,-795.26,-16.493,0.0,16.655,5.8072,8.4882,0.31072,0.0,-1601.25,0.0769,20.0
414,2024-02-19,0.0,0.1016,-2.725,5.0,0.8375,0.1016,0.0,9.984e-32,0.0,-3.3677e-06,4.2342,60.48,-8.1774,26.914,-0.0018185,-1000000.0,-795.26,-16.496,0.0,16.655,5.8072,8.4882,0.31072,0.0,-1601.25,0.0769,20.0
415,2024-02-20,0.0,0.17526,1.275,6.45,3.92604166666667,0.17526,0.0,9.984e-32,0.0,-3.3677e-06,4.4095,60.48,-8.1774,26.914,-0.0018219,-1000000.0,-795.26,-16.499,0.0,16.655,5.8072,8.4882,0.31072,0.0,-1601.25,0.0769,20.0
416,2024-02-21,0.0,0.13462,-2.675,7.325,2.640625,0.13462,0.0,9.984e-32,0.0,-3.3677e-06,4.5441,60.48,-8.1774,26.914,-0.0018253,-1000000.0,-795.26,-16.502,0.0,16.655,5.8072,8.4882,0.31072,0.0,-1601.25,0.0769,20.0
417,2024-02-22,0.0,0.127,-1.6,8.0,2.21666666666667,0.127,0.0,9.984e-32,0.0,-3.3677e-06,4.6711,60.48,-8.1774,26.914,-0.0018286,-1000000.0,-795.26,-16.504,0.0,16.655,5.8072,8.4882,0.31072,0.0,-1601.25,0.0769,20.0
418,2024-02-23,0.0,0.20066,0.775,7.175,3.728125,0.20066,0.0,9.984e-32,0.0,-3.3677e-06,4.8718,60.48,-8.1774,26.914,-0.001832,-1000000.0,-795.26,-16.507,0.0,16.655,5.8072,8.4882,0.31072,0.0,-1601.25,0.0769,20.0
419,2024-02-24,0.0,0.17018,3.225,6.725,4.67395833333333,0.17018,0.0,9.984e-32,0.0,-3.3677e-06,5.0419,60.48,-8.1774,26.914,-0.0018354,-1000000.0,-795.26,-16.51,0.0,16.655,5.8072,8.4882,0.31072,0.0,-1601.25,0.0769,20.0
420,2024-02-25,0.0,0.26162,3.05,9.575,5.99791666666667,0.26162,0.0,9.984e-32,0.0,-3.3677e-06,5.3036,60.48,-8.1774,26.914,-0.0018387,-1000000.0,-795.26,-16.513,0.0,16.655,5.8072,8.4882,0.31072,0.0,-1601.25,0.0769,20.0
421,2024-02-26,0.0,0.09398,-15.95,4.475,-6.221875,0.09398,0.0,9.984e-32,0.0,-3.3677e-06,5.3975,60.48,-8.1774,26.914,-0.0018421,-1000000.0,-795.26,-16.515,0.0,16.655,5.8072,8.4882,0.31072,0.0,-1601.25,0.0769,20.0
422,2024-02-27,0.0,0.0508,-18.425,-8.475,-13.90625,0.0508,0.0,9.984e-32,0.0,-3.3379e-06,5.4483,60.48,-8.1774,26.914,-0.0018455,-1000000.0,-795.26,-16.518,0.0,16.655,5.8071,8.4882,0.31072,0.0,-1601.25,0.0769,20.0
423,2024-02-28,0.0,0.22352,-9.975,7.75,1.85104166666667,0.22352,0.0,9.984e-32,0.0,-3.3379e-06,5.6719,60.48,-8.1774,26.914,-0.0018488,-1000000.0,-795.26,-16.521,0.0,16.655,5.8071,8.4882,0.31072,0.0,-1601.25,0.0769,20.0
424,2024-02-29,0.0646,0.3302,1.35,12.825,7.26354166666667,0.3302,0.0,9.984e-32,0.0,-3.3379e-06,6.0021,60.48,-8.1774,26.914,-0.0018521,-1000000.0,-795.26,-16.524,0.0,16.655,5.8071,8.4882,0.31072,0.0,-1601.25,0.0769,20.0
425,2024-03-01,0.0,0.19558,-2.85,6.6,0.96875,0.19558,0.0,9.984e-32,0.0,-3.3379e-06,6.1976,60.48,-8.1774,26.914,-0.0018555,-1000000.0,-795.26,-16.526,0.0,16.655,5.8071,8.4882,0.31072,0.0,-1601.25,0.0769,20.0
426,2024-03-02,0.0,0.04064,-14.575,-2.4,-8.82083333333333,0.04064,0.0,9.984e-32,0.0,-3.3379e-06,6.2383,60.48,-8.1774,26.914,-0.0018588,-1000000.0,-795.26,-16.529,0.0,16.655,5.8071,8.4882,0.31072,0.0,-1601.25,0.0769,20.0
427,2024-03-03,0.0,0.04318,-19.4,-7.625,-14.0395833333333,0.04318,0.0,9.984e-32,0.0,-3.3379e-06,6.2815,60.48,-8.1774,26.914,-0.0018622,-1000000.0,-795.26,-16.532,0.0,16.655,5.8071,8.4882,0.31072,0.0,-1601.25,0.0769,20.0
428,2024-03-04,0.0,0.05334,-19.35,-8.55,-14.5427083333333,0.05334,0.0,9.984e-32,0.0,-3.3379e-06,6.3348,60.48,-8.1774,26.914,-0.0018655,-1000000.0,-795.26,-16.535,0.0,16.655,5.8071,8.4882,0.31072,0.0,-1601.25,0.0769,20.0
429,2024-03-05,0.0068,0.09144,-20.725,2.425,-10.4072916666667,0.09144,0.0,9.984e-32,0.0,-3.3081e-06,6.4262,60.48,-8.1774,26.914,-0.0018688,-1000000.0,-795.26,-16.537,0.0,16.655,5.8071,8.4882,0.31072,0.0,-1601.25,0.0769,20.0
430,2024-03-06,0.0,0.0762,-12.35,-2.275,-8.83020833333333,0.0762,0.0,9.984e-32,0.0,-3.3081e-06,6.5024,60.48,-8.1774,26.914,-0.0018721,-1000000.0,-795.26,-16.54,0.0,16.655,5.8071,8.4882,0.31072,0.0,-1601.25,0.0769,20.0
431,2024-03-07,0.0068,0.11684,-12.275,4.875,-4.01666666666667,0.11684,0.0,9.984e-32,0.0,-3.3081e-06,6.6193,60.48,-8.1774,26.914,-0.0018754,-1000000.0,-795.26,-16.543,0.0,16.655,5.8071,8.4882,0.31072,0.0,-1601.25,0.0769,20.0
432,2024-03-08,0.0,0.3175,-8.075,11.85,1.52083333333333,0.3175,0.0,9.984e-32,0.0,-3.3081e-06,6.9368,60.48,-8.1774,26.914,-0.0018787,-1000000.0,-795.26,-16.546,0.0,16.655,5.8071,8.4882,0.31072,0.0,-1601.25,0.0769,20.0
433,2024-03-09,0.0,0.41656,1.225,14.1,6.75,0.41656,0.0,9.984e-32,0.0,-3.3081e-06,7.3533,60.48,-8.1774,26.914,-0.001882,-1000000.0,-795.26,-16.548,0.0,16.655,5.8071,8.4882,0.31072,0.0,-1601.25,0.0769,20.0
434,2024-03-10,0.0,0.31242,1.325,12.9,6.64926086956522,0.31242,0.0,9.984e-32,0.0,-3.3081e-06,7.6658,60.48,-8.1774,26.914,-0.0018854,-1000000.0,-795.26,-16.551,0.0,16.655,5.8071,8.4882,0.31072,0.0,-1601.25,0.0769,20.0
435,2024-03-11,0.0,0.2159,1.025,10.2,5.228125,0.2159,0.0,9.984e-32,0.0,-3.3081e-06,7.8817,60.48,-8.1774,26.914,-0.0018887,-1000000.0,-795.26,-16.554,0.0,16.655,5.8071,8.4882,0.31072,0.0,-1601.25,0.0769,20.0
436,2024-03-12,0.0,0.23876,-1.85,12.2,5.45416666666667,0.23876,0.0,9.984e-32,0.0,-3.3081e-06,8.1204,60.48,-8.1774,26.914,-0.001892,-1000000.0,-795.26,-16.556,0.0,16.655,5.8071,8.4882,0.31072,0.0,-1601.25,0.0769,20.0
437,2024-03-13,0.0,0.13716,-2.375,8.375,2.35729166666667,0.13716,0.0,9.984e-32,0.0,-3.2783e-06,8.2576,60.48,-8.1774,26.914,-0.0018952,-1000000.0,-795.26,-16.559,0.0,16.655,5.8071,8.4882,0.31072,0.0,-1601.25,0.0769,20.0
438,2024-03-14,0.0,0.13716,-4.35,8.9,1.35104166666667,0.13716,0.0,9.984e-32,0.0,-3.2783e-06,8.3947,60.48,-8.1774,26.914,-0.0018985,-1000000.0,-795.26,-16.562,0.0,16.655,5.8071,8.4882,0.31072,0.0,-1601.25,0.0769,20.0
439,2024-03-15,0.0,0.22098,-4.525,16.125,5.12604166666667,0.22098,0.0,9.984e-32,0.0,-3.2783e-06,8.6157,60.48,-8.1774,26.914,-0.0019018,-1000000.0,-795.26,-16.564,0.0,16.655,5.8071,8.4882,0.31072,0.0,-1601.25,0.0769,20.0
440,2024-03-16,0.0,0.1651,-3.65,16.375,4.690625,0.1651,0.0,9.984e-32,0.0,-3.2783e-06,8.7808,60.48,-8.1774,26.914,-0.0019051,-1000000.0,-795.26,-16.567,0.0,16.655,5.8071,8.4882,0.31072,0.0,-1601.25,0.0769,20.0
441,2024-03-17,0.0034,0.18288,-4.35,14.925,4.671875,0.18288,0.0,9.984e-32,0.0,-3.2783e-06,8.9637,60.48,-8.1774,26.914,-0.0019084,-1000000.0,-795.26,-16.57,0.0,16.655,5.8071,8.4882,0.31072,0.0,-1601.25,0.0769,20.0
442,2024-03-18,0.0,0.2921,2.6,20.15,10.6947916666667,0.2921,0.0,9.984e-32,0.0,-3.2783e-06,9.2558,60.48,-8.1774,26.914,-0.0019116,-1000000.0,-795.26,-16.573,0.0,16.655,5.8071,8.4882,0.31072,0.0,-1601.25,0.0769,20.0
443,2024-03-19,0.0,0.22098,-1.125,14.625,6.62916666666667,0.22098,0.0,9.984e-32,0.0,-3.2783e-06,9.4768,60.48,-8.1774,26.914,-0.0019149,-1000000.0,-795.26,-16.575,0.0,16.655,5.8071,8.4882,0.31072,0.0,-1601.25,0.0769,20.0
444,2024-03-20,0.0,0.06604,-4.0,1.15,-1.53645833333333,0.06604,0.0,9.984e-32,0.0,-3.2783e-06,9.5428,60.48,-8.1774,26.914,-0.0019182,-1000000.0,-795.26,-16.578,0.0,16.655,5.8071,8.4882,0.31072,0.0,-1601.25,0.0769,20.0
445,2024-03-21,0.0,0.1143,-6.2,4.125,-2.79270833333333,0.1143,0.0,9.984e-32,0.0,-3.2485e-06,9.6571,60.48,-8.1774,26.914,-0.0019214,-1000000.0,-795.26,-16.581,0.0,16.655,5.8071,8.4882,0.31072,0.0,-1601.25,0.0769,20.0
446,2024-03-22,0.0068,0.06858,-7.225,-2.675,-5.24166666666667,0.06858,0.0,9.984e-32,0.0,-3.2485e-06,9.7257,60.48,-8.1774,26.914,-0.0019247,-1000000.0,-795.26,-16.583,0.0,16.655,5.8071,8.4882,0.31072,0.0,-1601.25,0.0769,20.0
447,2024-03-23,0.0,0.0381,-7.325,-4.725,-5.84375,0.0381,0.0,9.984e-32,0.0,-3.2485e-06,9.7638,60.48,-8.1774,26.914,-0.0019279,-1000000.0,-795.26,-16.586,0.0,16.655,5.8071,8.4882,0.31072,0.0,-1601.25,0.0769,20.0
448,2024-03-24,0.1939,0.07874,-9.675,-1.6,-6.70833333333333,0.07874,0.0,9.984e-32,0.0,-3.2485e-06,9.8425,60.48,-8.1774,26.914,-0.0019312,-1000000.0,-795.26,-16.589,0.0,16.655,5.8071,8.4882,0.31072,0.0,-1601.25,0.0769,20.0
449,2024-03-25,0.1241,0.11938,-10.475,0.65,-5.609375,0.11938,0.0,9.984e-32,0.0,-3.2485e-06,9.9619,60.48,-8.1774,26.914,-0.0019344,-1000000.0,-795.26,-16.591,0.0,16.655,5.8071,8.4882,0.31072,0.0,-1601.25,0.0769,20.0
450,2024-03-26,0.0238,0.1397,-8.45,7.1,-2.5,0.1397,0.0,9.984e-32,0.0,-3.2485e-06,10.102,60.48,-8.1774,26.914,-0.0019377,-1000000.0,-795.26,-16.594,0.0,16.655,5.8071,8.4882,0.31072,0.0,-1601.25,0.0769,20.0
451,2024-03-27,0.0,0.24638,-0.9,9.25,4.10833333333333,0.24638,0.0,9.984e-32,0.0,-3.2485e-06,10.348,60.48,-8.1774,26.914,-0.0019409,-1000000.0,-795.26,-16.597,0.0,16.655,5.8071,8.4882,0.31072,0.0,-1601.25,0.0769,20.0
452,2024-03-28,0.0,0.13208,-0.825,7.6,4.4,0.13208,0.0,9.984e-32,0.0,-3.2187e-06,10.48,60.48,-8.1774,26.914,-0.0019442,-1000000.0,-795.26,-16.599,0.0,16.655,5.8071,8.4882,0.31072,0.0,-1601.25,0.0769,20.0
453,2024-03-29,0.0,0.09398,-2.175,3.4,-0.265625,0.09398,0.0,9.984e-32,0.0,-3.2187e-06,10.574,60.48,-8.1774,26.914,-0.0019474,-1000000.0,-795.26,-16.602,0.0,16.655,5.807,8.4882,0.31072,0.0,-1601.25,0.0769,20.0
454,2024-03-30,0.0,0.1143,-4.425,4.025,-1.42604166666667,0.1143,0.0,9.984e-32,0.0,-3.2187e-06,10.688,60.48,-8.1774,26.914,-0.0019506,-1000000.0,-795.26,-16.605,0.0,16.655,5.807,8.4882,0.31072,0.0,-1601.25,0.0769,20.0
455,2024-03-31,0.0595,0.04064,-6.175,1.55,-2.26875,0.04064,0.0,9.984e-32,0.0,-3.2187e-06,10.729,60.48,-8.1774,26.914,-0.0019538,-1000000.0,-795.26,-16.607,0.0,16.655,5.807,8.4882,0.31072,0.0,-1601.25,0.0769,20.0
456,2024-04-01,0.0,0.24892,-4.7,16.05,5.675,0.0,0.24892,9.984e-32,0.0,-3.2187e-06,10.729,60.729,-8.1774,26.914,-0.001957,-1000000.0,-1600.8,-16.61,0.0,16.655,5.807,8.4882,0.31072,0.0,-1601.25,0.0769,20.0
457,2024-04-02,0.0,0.38354,2.475,23.775,12.5416666666667,0.0,0.38354,9.984e-32,0.0,-3.2187e-06,10.729,61.112,-8.1774,26.914,-0.0019603,-1000000.0,-1600.8,-16.613,0.0,16.655,5.807,8.4882,0.31072,0.0,-1601.25,0.0769,20.0
458,2024-04-03,0.2415,0.33274,5.975,18.15,12.9125,0.0,0.33274,9.984e-32,0.0,-3.2187e-06,10.729,61.445,-8.1774,26.914,-0.0019635,-1000000.0,-1600.8,-16.615,0.0,16.655,5.807,8.4882,0.31072,0.0,-1601.25,0.0769,20.0
459,2024-04-04,1.6113,0.05334,0.0,6.225,3.659375,0.0,0.05334,9.984e-32,0.0,-3.2187e-06,10.729,61.498,-8.1774,26.914,-0.0019667,-1000000.0,-1600.8,-16.618,0.0,16.655,5.807,8.4882,0.31072,0.0,-1601.25,0.0769,20.0
460,2024-04-05,0.2193,0.04064,-0.2,2.925,0.844791666666667,0.0,0.04064,9.984e-32,0.0,-3.1888e-06,10.729,61.539,-8.1774,26.914,-0.0019699,-1000000.0,-1600.8,-16.62,0.0,16.655,5.807,8.4882,0.31072,0.0,-1601.25,0.0769,20.0
461,2024-04-06,0.5678,0.05334,-1.45,1.45,0.084375,0.0,0.05334,9.984e-32,0.0,-3.1888e-06,10.729,61.592,-8.1774,26.914,-0.0019731,-1000000.0,-1600.8,-16.623,0.0,16.655,5.807,8.4882,0.31072,0.0,-1601.25,0.0769,20.0
462,2024-04-07,0.7909,0.09906,-0.375,6.275,2.84166666666667,0.0,0.09906,9.984e-32,0.0,-3.1888e-06,10.729,61.692,-8.1774,26.914,-0.0019763,-1000000.0,-1600.8,-16.626,0.0,16.655,5.807,8.4882,0.31072,0.0,-1601.25,0.0769,20.0
463,2024-04-08,0.0,0.25654,-1.0,11.95,5.259375,0.0,0.25654,9.984e-32,0.0,-3.1888e-06,10.729,61.948,-8.1774,26.914,-0.0019795,-1000000.0,-1600.8,-16.628,0.0,16.655,5.807,8.4882,0.31072,0.0,-1601.25,0.0769,20.0
464,2024-04-09,0.0051,0.36322,4.225,15.375,8.84270833333333,0.0,0.36322,9.984e-32,0.0,-3.1888e-06,10.729,62.311,-8.1774,26.914,-0.0019826,-1000000.0,-1600.8,-16.631,0.0,16.655,5.807,8.4882,0.31072,0.0,-1601.25,0.0769,20.0
465,2024-04-10,0.0085,0.2286,-0.65,12.075,5.19375,0.0,0.2286,9.984e-32,0.0,-3.1888e-06,10.729,62.54,-8.1774,26.914,-0.0019858,-1000000.0,-1600.8,-16.634,0.0,16.655,5.807,8.4882,0.31072,0.0,-1601.25,0.0769,20.0
466,2024-04-11,0.0,0.30734,-2.4,16.925,7.57708333333333,0.0,0.30734,9.984e-32,0.0,-3.1888e-06,10.729,62.847,-8.1774,26.914,-0.001989,-1000000.0,-1600.8,-16.636,0.0,16.655,5.807,8.4882,0.31072,0.0,-1601.25,0.0769,20.0
467,2024-04-12,0.0,0.3048,1.7,22.475,11.86875,0.0,0.3048,9.984e-32,0.0,-3.1888e-06,10.729,63.152,-8.1774,26.914,-0.0019922,-1000000.0,-1600.8,-16.639,0.0,16.655,5.807,8.4882,0.31072,0.0,-1601.25,0.0769,20.0
468,2024-04-13,0.0,0.381,7.675,22.875,14.7541666666667,0.0,0.381,9.984e-32,0.0,-3.159e-06,10.729,63.533,-8.1774,26.914,-0.0019954,-1000000.0,-1600.8,-16.641,0.0,16.655,5.807,8.4882,0.31072,0.0,-1601.25,0.0769,20.0
469,2024-04-14,0.0901,0.30988,3.5,23.4,13.3427083333333,0.0,0.30988,9.984e-32,0.0,-3.159e-06,10.729,63.843,-8.1774,26.914,-0.0019985,-1000000.0,-1600.8,-16.644,0.0,16.655,5.807,8.4882,0.31072,0.0,-1601.25,0.0769,20.0
470,2024-04-15,0.0,0.2921,5.65,21.35,12.6125,0.0,0.2921,9.984e-32,0.0,-3.159e-06,10.729,64.135,-8.1774,26.914,-0.0020017,-1000000.0,-1600.8,-16.647,0.0,16.655,5.807,8.4882,0.31072,0.0,-1601.25,0.0769,20.0
471,2024-04-16,0.0,0.26162,-3.375,13.25,5.696875,0.0,0.26162,9.984e-32,0.0,-3.159e-06,10.729,64.397,-8.1774,26.914,-0.0020048,-1000000.0,-1600.8,-16.649,0.0,16.655,5.807,8.4882,0.31072,0.0,-1601.25,0.0769,20.0
472,2024-04-17,0.0102,0.11938,-6.675,1.025,-1.67708333333333,0.0,0.11938,9.984e-32,0.0,-3.159e-06,10.729,64.516,-8.1774,26.914,-0.002008,-1000000.0,-1600.8,-16.652,0.0,16.655,5.807,8.4882,0.31072,0.0,-1601.25,0.0769,20.0
473,2024-04-18,0.0,0.1397,-8.675,3.975,-1.83020833333333,0.0,0.1397,9.984e-32,0.0,-3.159e-06,10.729,64.656,-8.1774,26.914,-0.0020112,-1000000.0,-1600.8,-16.654,0.0,16.655,5.807,8.4882,0.31072,0.0,-1601.25,0.0769,20.0
474,2024-04-19,0.0,0.10414,-11.625,1.4,-3.765625,0.0,0.10414,9.984e-32,0.0,-3.159e-06,10.729,64.76,-8.1774,26.914,-0.0020143,-1000000.0,-1600.8,-16.657,0.0,16.655,5.807,8.4882,0.31072,0.0,-1601.25,0.0769,20.0
475,2024-04-20,0.0,0.23622,-11.75,9.7,-0.378125,0.0,0.23622,9.984e-32,0.0,-3.159e-06,10.729,64.996,-8.1774,26.914,-0.0020175,-1000000.0,-1600.8,-16.66,0.0,16.655,5.807,8.4882,0.31072,0.0,-1601.25,0.0769,20.0
476,2024-04-21,0.0,0.43434,-0.725,17.125,8.09166666666667,0.0,0.43434,9.984e-32,0.0,-3.1292e-06,10.729,65.43,-8.1774,26.914,-0.0020206,-1000000.0,-1600.8,-16.662,0.0,16.655,5.807,8.4882,0.31072,0.0,-1601.25,0.0769,20.0
477,2024-04-22,0.0,0.35052,0.575,15.9,7.528125,0.0,0.35052,9.984e-32,0.0,-3.1292e-06,10.729,65.781,-8.1774,26.914,-0.0020237,-1000000.0,-1600.8,-16.665,0.0,16.655,5.807,8.4882,0.31072,0.0,-1601.25,0.0769,20.0
478,2024-04-23,0.0,0.32512,-3.2,16.0,7.665625,0.0,0.32512,9.984e-32,0.0,-3.1292e-06,10.729,66.106,-8.1774,26.914,-0.0020269,-1000000.0,-1600.8,-16.667,0.0,16.655,5.807,8.4882,0.31072,0.0,-1601.25,0.0769,20.0
479,2024-04-24,0.0,0.44704,0.75,22.975,13.1,0.0,0.44704,9.984e-32,0.0,-3.1292e-06,10.729,66.553,-8.1774,26.914,-0.00203,-1000000.0,-1600.8,-16.67,0.0,16.655,5.807,8.4882,0.31072,0.0,-1601.25,0.0769,20.0
480,2024-04-25,0.0,0.27432,1.325,18.175,12.0291666666667,0.0,0.27432,9.984e-32,0.0,-3.1292e-06,10.729,66.827,-8.1774,26.914,-0.0020331,-1000000.0,-1600.8,-16.673,0.0,16.655,5.807,8.4882,0.31072,0.0,-1601.25,0.0769,20.0
481,2024-04-26,0.0,0.254,-1.7,14.925,7.89166666666667,0.0,0.254,9.984e-32,0.0,-3.1292e-06,10.729,67.081,-8.1774,26.914,-0.0020363,-1000000.0,-1600.8,-16.675,0.0,16.655,5.807,8.4882,0.31072,0.0,-1601.25,0.0769,20.0
482,2024-04-27,0.5938,0.12954,3.95,8.65,5.98020833333333,0.0,0.12954,9.984e-32,0.0,-3.1292e-06,10.729,67.211,-8.1774,26.914,-0.0020394,-1000000.0,-1600.8,-16.678,0.0,16.655,5.807,8.4882,0.31072,0.0,-1601.25,0.0769,20.0
483,2024-04-28,0.0034,0.35306,4.075,15.6,9.42604166666667,0.0,0.35306,9.984e-32,0.0,-3.1292e-06,10.729,67.564,-8.1774,26.914,-0.0020425,-1000000.0,-1600.8,-16.68,0.0,16.655,5.807,8.4882,0.31072,0.0,-1601.25,0.0769,20.0
484,2024-04-29,0.0,0.32004,2.575,13.0,7.91770833333333,0.0,0.32004,9.984e-32,0.0,-3.0994e-06,10.729,67.884,-8.1774,26.914,-0.0020456,-1000000.0,-1600.8,-16.683,0.0,16.655,5.8069,8.4882,0.31072,0.0,-1601.25,0.0769,20.0
485,2024-04-30,0.0,0.29464,-2.9,12.2,4.46041666666667,0.0,0.29464,9.984e-32,0.0,-3.0994e-06,10.729,68.179,-8.1774,26.914,-0.0020487,-1000000.0,-1600.8,-16.685,0.0,16.655,5.8069,8.4882,0.31072,0.0,-1601.25,0.0769,20.0
486,2024-05-01,0.1156,0.19558,-5.575,8.2,2.05,0.0,0.19558,9.984e-32,0.0,-3.0994e-06,10.729,68.374,-8.1774,26.914,-0.0020518,-1000000.0,-1600.4,-16.688,0.0,16.655,5.8069,8.4882,0.31072,0.0,-1601.25,0.0769,20.0
487,2024-05-02,0.4098,0.13208,-0.425,5.45,1.63333333333333,0.0,0.13208,9.984e-32,0.0,-3.0994e-06,10.729,68.506,-8.1774,26.914,-0.0020549,-1000000.0,-1600.4,-16.69,0.0,16.655,5.8069,8.4882,0.31072,0.0,-1601.25,0.0769,20.0
488,2024-05-03,0.0119,0.19558,-1.4,9.775,3.46041666666667,0.0,0.19558,9.984e-32,0.0,-3.0994e-06,10.729,68.702,-8.1774,26.914,-0.002058,-1000000.0,-1600.4,-16.693,0.0,16.655,5.8069,8.4882,0.31072,0.0,-1601.25,0.0769,20.0
489,2024-05-04,0.0,0.32766,-3.95,15.875,7.5375,0.0,0.32766,9.984e-32,0.0,-3.0994e-06,10.729,69.03,-8.1774,26.914,-0.0020611,-1000000.0,-1600.4,-16.696,0.0,16.655,5.8069,8.4882,0.31072,0.0,-1601.25,0.0769,20.0
490,2024-05-05,0.0,0.22606,4.325,15.525,9.046875,0.0,0.22606,9.984e-32,0.0,-3.0994e-06,10.729,69.256,-8.1774,26.914,-0.0020642,-1000000.0,-1600.4,-16.698,0.0,16.655,5.8069,8.4882,0.31072,0.0,-1601.25,0.0769,20.0
491,2024-05-06,0.0,0.30226,4.3,16.0,9.90520833333333,0.0,0.30226,9.984e-32,0.0,-3.0994e-06,10.729,69.558,-8.1774,26.914,-0.0020673,-1000000.0,-1600.4,-16.701,0.0,16.655,5.8069,8.4882,0.31072,0.0,-1601.25,0.0769,20.0
492,2024-05-07,1.4485,0.12954,0.85,8.225,5.53229166666667,0.0,0.12954,9.984e-32,0.0,-3.0696e-06,10.729,69.688,-8.1774,26.914,-0.0020704,-1000000.0,-1600.4,-16.703,0.0,16.655,5.8069,8.4882,0.31072,0.0,-1601.25,0.0769,20.0
493,2024-05-08,1.0762,0.04572,0.1,4.125,1.85866666666667,0.0,0.04572,9.984e-32,0.0,-3.0696e-06,10.729,69.733,-8.1774,26.914,-0.0020735,-1000000.0,-1600.4,-16.706,0.0,16.655,5.8069,8.4882,0.31072,0.0,-1601.25,0.0769,20.0
494,2024-05-09,0.1497,0.2667,3.95,17.55,9.71458333333333,0.0,0.2667,9.984e-32,0.0,-3.0696e-06,10.729,70.0,-8.1774,26.914,-0.0020765,-1000000.0,-1600.4,-16.708,0.0,16.655,5.8069,8.4882,0.31072,0.0,-1601.25,0.0769,20.0
495,2024-05-10,0.0034,0.39878,1.6,21.575,12.615625,0.0,0.39878,9.984e-32,0.0,-3.0696e-06,10.729,70.399,-8.1774,26.914,-0.0020796,-1000000.0,-1600.4,-16.711,0.0,16.655,5.8069,8.4882,0.31072,0.0,-1601.25,0.0769,20.0
496,2024-05-11,0.0,0.42926,6.8,26.0,17.175,0.0,0.42926,9.984e-32,0.0,-3.0696e-06,10.729,70.828,-8.1774,26.914,-0.0020827,-1000000.0,-1600.4,-16.713,0.0,16.655,5.8069,8.4882,0.31072,0.0,-1601.25,0.0769,20.0
497,2024-05-12,0.0,0.42418,5.625,25.6,15.7104166666667,0.0,0.42418,9.984e-32,0.0,-3.0696e-06,10.729,71.252,-8.1774,26.914,-0.0020857,-1000000.0,-1600.4,-16.716,0.0,16.655,5.8069,8.4882,0.31072,0.0,-1601.25,0.0769,20.0
498,2024-05-13,0.0391,0.381,7.9,24.775,15.6208333333333,0.0,0.381,9.984e-32,0.0,-3.0696e-06,10.729,71.633,-8.1774,26.914,-0.0020888,-1000000.0,-1600.4,-16.718,0.0,16.655,5.8069,8.4882,0.31072,0.0,-1601.25,0.0769,20.0
499,2024-05-14,0.1395,0.21844,7.225,16.45,11.0875,0.0,0.21844,9.984e-32,0.0,-3.0398e-06,10.729,71.852,-8.1774,26.914,-0.0020919,-1000000.0,-1600.4,-16.721,0.0,16.655,5.8069,8.4882,0.31072,0.0,-1601.25,0.0769,20.0
500,2024-05-15,0.0,0.35814,7.6,21.575,14.1708333333333,0.0,0.35814,9.984e-32,0.0,-3.0398e-06,10.729,72.21,-8.1774,26.914,-0.0020949,-1000000.0,-1600.4,-16.723,0.0,16.655,5.8069,8.4882,0.31072,0.0,-1601.25,0.0769,20.0
501,2024-05-16,0.0,0.48006,9.725,23.3,16.353125,0.0,0.48006,9.984e-32,0.0,-3.0398e-06,10.729,72.69,-8.1774,26.914,-0.0020979,-1000000.0,-1600.4,-16.726,0.0,16.655,5.8069,8.4882,0.31072,0.0,-1601.25,0.0769,20.0
502,2024-05-17,0.1243,0.36068,1.95,15.95,10.1802083333333,0.0,0.36068,9.984e-32,0.0,-3.0398e-06,10.729,73.05,-8.1774,26.914,-0.002101,-1000000.0,-1600.4,-16.728,0.0,16.655,5.8069,8.4882,0.31072,0.0,-1601.25,0.0769,20.0
503,2024-05-18,0.0,0.35306,0.0,15.525,8.0875,0.0,0.35306,9.984e-32,0.0,-3.0398e-06,10.729,73.404,-8.1774,26.914,-0.002104,-1000000.0,-1600.4,-16.731,0.0,16.655,5.8069,8.4882,0.31072,0.0,-1601.25,0.0769,20.0
504,2024-05-19,0.1803,0.24892,2.325,13.25,7.271875,0.0,0.24892,9.984e-32,0.0,-3.0398e-06,10.729,73.652,-8.1774,26.914,-0.0021071,-1000000.0,-1600.4,-16.733,0.0,16.655,5.8069,8.4882,0.31072,0.0,-1601.25,0.0769,20.0
505,2024-05-20,0.0051,0.29718,-1.125,15.275,6.74583333333333,0.0,0.29718,9.984e-32,0.0,-3.0398e-06,10.729,73.95,-8.1774,26.914,-0.0021101,-1000000.0,-1600.4,-16.736,0.0,16.655,5.8069,8.4882,0.31072,0.0,-1601.25,0.0769,20.0
506,2024-05-21,0.0085,0.28956,-1.2,16.0,8.71770833333333,0.0,0.28956,9.984e-32,0.0,-3.0398e-06,10.729,74.239,-8.1774,26.914,-0.0021131,-1000000.0,-1600.4,-16.738,0.0,16.655,5.8069,8.4882,0.31072,0.0,-1601.25,0.0769,20.0
507,2024-05-22,0.7844,0.23368,6.175,14.175,9.075,0.0,0.23368,9.984e-32,0.0,-3.01e-06,10.729,74.473,-8.1774,26.914,-0.0021162,-1000000.0,-1600.4,-16.741,0.0,16.655,5.8069,8.4882,0.31072,0.0,-1601.25,0.0769,20.0
508,2024-05-23,0.3556,0.25654,3.85,12.85,8.15520833333333,0.0,0.25654,9.984e-32,0.0,-3.01e-06,10.729,74.729,-8.1774,26.914,-0.0021192,-1000000.0,-1600.4,-16.743,0.0,16.655,5.8069,8.4882,0.31072,0.0,-1601.25,0.0769,20.0
509,2024-05-24,0.0,0.39878,4.65,17.3,10.7052083333333,0.0,0.39878,9.984e-32,0.0,-3.01e-06,10.729,75.128,-8.1774,26.914,-0.0021222,-1000000.0,-1600.4,-16.746,0.0,16.655,5.8069,8.4882,0.31072,0.0,-1601.25,0.0769,20.0
510,2024-05-25,0.0,0.31496,1.35,18.525,9.8625,0.0,0.31496,9.984e-32,0.0,-3.01e-06,10.729,75.443,-8.1774,26.914,-0.0021252,-1000000.0,-1600.4,-16.748,0.0,16.655,5.8069,8.4882,0.31072,0.0,-1601.25,0.0769,20.0
511,2024-05-26,0.0,0.42164,4.45,18.125,10.9333333333333,0.0,0.42164,9.984e-32,0.0,-3.01e-06,10.729,75.865,-8.1774,26.914,-0.0021282,-1000000.0,-1600.4,-16.751,0.0,16.655,5.8069,8.4882,0.31072,0.0,-1601.25,0.0769,20.0
512,2024-05-27,0.0,0.41148,3.15,22.95,13.8697916666667,0.0,0.41148,9.984e-32,0.0,-3.01e-06,10.729,76.276,-8.1774,26.914,-0.0021312,-1000000.0,-1600.4,-16.753,0.0,16.655,5.8069,8.4882,0.31072,0.0,-1601.25,0.0769,20.0
513,2024-05-28,0.0885,0.4699,2.975,27.05,15.3177083333333,0.0,0.4699,9.984e-32,0.0,-3.01e-06,10.729,76.746,-8.1774,26.914,-0.0021342,-1000000.0,-1600.4,-16.756,0.0,16.655,5.8069,8.4882,0.31072,0.0,-1601.25,0.0769,20.0
514,2024-05-29,0.2349,0.41148,7.775,18.825,13.6041666666667,0.0,0.41148,9.984e-32,0.0,-3.01e-06,10.729,77.158,-8.1774,26.914,-0.0021372,-1000000.0,-1600.4,-16.758,0.0,16.655,5.8069,8.4882,0.31072,0.0,-1601.25,0.0769,20.0
515,2024-05-30,0.0,0.36576,2.35,16.8,10.0135416666667,0.0,0.36576,9.984e-32,0.0,-3.01e-06,10.729,77.523,-8.1774,26.914,-0.0021402,-1000000.0,-1600.4,-16.761,0.0,16.655,5.8069,8.4882,0.31072,0.0,-1601.25,0.0769,20.0
516,2024-05-31,0.0,0.40132,0.8,19.7,10.6260416666667,0.0,0.40132,9.984e-32,0.0,-2.9802e-06,10.729,77.925,-8.1774,26.914,-0.0021432,-1000000.0,-1600.4,-16.763,0.0,16.655,5.8069,8.4882,0.31072,0.0,-1601.25,0.0769,20.0
517,2024-06-01,0.0,0.3683,0.05,22.075,12.871875,0.0,0.3683,9.984e-32,0.0,-2.9802e-06,10.729,78.293,-8.1774,26.914,-0.0021462,-1000000.0,-1600.7,-16.766,0.0,16.655,5.8068,8.4882,0.31072,0.0,-1601.25,0.0769,20.0
518,2024-06-02,0.0,0.41148,7.875,21.3,15.5416666666667,0.0,0.41148,9.984e-32,0.0,-2.9802e-06,10.729,78.704,-8.1774,26.914,-0.0021492,-1000000.0,-1600.7,-16.768,0.0,16.655,5.8068,8.4882,0.31072,0.0,-1601.25,0.0769,20.0
519,2024-06-03,0.0,0.46482,8.275,19.75,14.65,0.0,0.46482,9.984e-32,0.0,-2.9802e-06,10.729,79.169,-8.1774,26.914,-0.0021522,-1000000.0,-1600.7,-16.77,0.0,16.655,5.8068,8.4882,0.31072,0.0,-1601.25,0.0769,20.0
520,2024-06-04,0.0,0.47752,7.375,19.7,12.3802083333333,0.0,0.47752,9.984e-32,0.0,-2.9802e-06,10.729,79.647,-8.1774,26.914,-0.0021551,-1000000.0,-1600.7,-16.773,0.0,16.655,5.8068,8.4882,0.31072,0.0,-1601.25,0.0769,20.0
521,2024-06-05,0.0,0.4445,7.375,22.775,14.9489583333333,0.0,0.4445,9.984e-32,0.0,-2.9802e-06,10.729,80.091,-8.1774,26.914,-0.0021581,-1000000.0,-1600.7,-16.775,0.0,16.655,5.8068,8.4882,0.31072,0.0,-1601.25,0.0769,20.0
522,2024-06-06,0.0,0.44196,3.6,25.925,15.89375,0.0,0.44196,9.984e-32,0.0,-2.9802e-06,10.729,80.533,-8.1774,26.914,-0.0021611,-1000000.0,-1600.7,-16.778,0.0,16.655,5.8068,8.4882,0.31072,0.0,-1601.25,0.0769,20.0
523,2024-06-07,0.0,0.42672,6.225,21.75,15.04375,0.0,0.42672,9.984e-32,0.0,-2.9802e-06,10.729,80.96,-8.1774,26.914,-0.0021641,-1000000.0,-1600.7,-16.78,0.0,16.655,5.8068,8.4882,0.31072,0.0,-1601.25,0.0769,20.0
524,2024-06-08,0.0,0.41656,3.55,23.05,14.2875,0.0,0.41656,9.984e-32,0.0,-2.9802e-06,10.729,81.377,-8.1774,26.914,-0.002167,-1000000.0,-1600.7,-16.783,0.0,16.655,5.8068,8.4882,0.31072,0.0,-1601.25,0.0769,20.0
525,2024-06-09,0.0,0.39878,2.7,21.2,13.6229166666667,0.0,0.39878,9.984e-32,0.0,-2.9504e-06,10.729,81.775,-8.1774,26.914,-0.00217,-1000000.0,-1600.7,-16.785,0.0,16.655,5.8068,8.4882,0.31072,0.0,-1601.25,0.0769,20.0
526,2024-06-10,0.1173,0.45974,12.875,25.2,18.5552083333333,0.0,0.45974,9.984e-32,0.0,-2.9504e-06,10.729,82.235,-8.1774,26.914,-0.0021729,-1000000.0,-1600.7,-16.788,0.0,16.655,5.8068,8.4882,0.31072,0.0,-1601.25,0.0769,20.0
527,2024-06-11,0.0,0.55118,10.25,28.1,19.2333333333333,0.0,0.55118,9.984e-32,0.0,-2.9504e-06,10.729,82.786,-8.1774,26.914,-0.0021759,-1000000.0,-1600.7,-16.79,0.0,16.655,5.8068,8.4882,0.31072,0.0,-1601.25,0.0769,20.0
528,2024-06-12,0.0,0.5207,6.5,25.4,17.9635416666667,-1.524,0.5207,-0.75894,0.089263,-3.5686e-06,9.205,83.307,-9.367,26.976,-0.0021781,0.0,-1383.0,-16.792,0.76506,16.991,6.9342,9.6778,0.31072,0.0,-1601.25,0.0769,20.0
529,2024-06-13,0.0,0.45466,2.55,25.225,15.58125,-1.524,0.45466,-0.60141,0.10392,-2.3387e-06,7.681,83.762,-10.026,27.072,-0.002181,0.0,-1272.7,-16.794,0.92259,17.856,7.4981,10.337,0.31072,0.0,-1601.25,0.0769,20.0
530,2024-06-14,0.0,0.41656,5.4,28.675,17.7677083333333,-1.524,0.41656,-0.55043,0.11604,-2.6178e-06,6.157,84.178,-10.598,27.169,-0.002184,0.0,-1169.2,-16.797,0.97357,18.808,7.9724,10.909,0.31072,0.0,-1601.25,0.0769,20.0
531,2024-06-15,0.1258,0.32766,6.075,20.8,12.496875,-1.6498,0.32766,-0.52905,0.070213,-3.0225e-06,4.5072,84.506,-11.136,27.252,-0.0021869,0.0,-1105.4,-16.799,1.1207,19.92,8.426,11.447,0.31072,0.0,-1601.25,0.0769,20.0
532,2024-06-16,0.0612,0.4318,5.1,17.55,11.1666666666667,-1.5852,0.4318,-0.51277,0.10795,-2.7189e-06,2.922,84.938,-11.656,27.361,-0.0021899,0.0,-1000.8,-16.801,1.0724,20.985,8.8376,11.967,0.31072,0.0,-1601.25,0.0769,20.0
533,2024-06-17,2.0693,0.09652,4.25,6.625,5.37916666666667,-3.5933,0.09652,-0.50637,0.019457,-3.5932e-06,-0.6713,85.034,-12.164,27.383,-0.0021929,0.0,-929.62,-16.804,3.0869,24.07,9.3238,12.475,0.31072,0.0,-1601.25,0.0769,20.0
534,2024-06-18,0.4488,0.23368,2.85,12.575,7.25729166666667,0.0,0.23368,-1.7928e-08,0.15801,-2.9164e-06,-0.6713,85.268,-12.164,27.541,-0.0021958,-10.034,-901.26,-16.806,0.0,24.07,9.1673,12.475,0.31072,0.0,-1601.25,0.0769,20.0
535,2024-06-19,0.2366,0.37592,0.625,19.575,10.209375,0.0,0.37592,-2.2585e-08,0.25419,-2.9057e-06,-0.6713,85.644,-12.164,27.795,-0.0021987,-11.689,-910.71,-16.809,0.0,24.07,8.9323,12.475,0.31072,0.0,-1601.25,0.0769,20.0
536,2024-06-20,0.017,0.4191,1.275,23.0,13.3677083333333,0.0,0.4191,-9.5461e-09,0.27664,-2.9206e-06,-0.6713,86.063,-12.164,28.074,-0.0022016,-12.772,-928.1,-16.811,0.0,24.07,8.6648,12.475,0.31072,0.0,-1601.25,0.0769,20.0
537,2024-06-21,0.423,0.33528,5.225,22.075,13.5125,0.0,0.33528,-1.4319e-08,0.2157,-2.9206e-06,-0.6713,86.398,-12.164,28.291,-0.0022045,-13.755,-946.39,-16.813,0.0,24.07,8.4173,12.475,0.31072,0.0,-1601.25,0.0769,20.0
538,2024-06-22,0.0051,0.42672,6.725,27.45,17.715625,0.0,0.42672,6.5193e-09,0.27191,-2.9206e-06,-0.6713,86.825,-12.164,28.563,-0.0022074,-14.45,-955.99,-16.816,0.0,24.07,8.1732,12.475,0.31072,0.0,-1601.25,0.0769,20.0
539,2024-06-23,0.0,0.55626,9.6,30.625,20.9,0.0,0.55626,6.6939e-10,0.35378,-2.9206e-06,-0.6713,87.381,-12.164,28.917,-0.0022103,-14.833,-964.59,-16.818,0.0,24.07,7.8603,12.475,0.31072,0.0,-1601.25,0.0769,20.0
540,2024-06-24,0.0119,0.49022,10.15,27.5,19.7397727272727,0.0,0.49022,6.0245e-09,0.31164,-2.9206e-06,-0.6713,87.871,-12.164,29.229,-0.0022133,-15.161,-975.24,-16.821,0.0,24.07,7.5276,12.475,0.31072,0.0,-1601.25,0.0769,20.0
541,2024-06-25,0.0,0.41148,6.525,24.95,16.6666666666667,0.0,0.41148,1.4435e-08,0.26158,-2.8908e-06,-0.6713,88.283,-12.164,29.491,-0.0022162,-15.586,-988.6,-16.823,0.0,24.07,7.2409,12.475,0.31072,0.0,-1601.25,0.0769,20.0
542,2024-06-26,0.1191,0.44196,5.55,28.55,18.09375,0.0,0.44196,-1.5018e-08,0.28096,-2.8908e-06,-0.6713,88.725,-12.164,29.771,-0.0022191,-16.101,-1008.3,-16.825,0.0,24.07,6.9697,12.475,0.31072,0.0,-1601.25,0.0769,20.0
543,2024-06-27,1.0032,0.32258,10.975,19.175,14.7322916666667,0.0,0.32258,-1.3446e-08,0.20507,-2.8908e-06,-0.6713,89.047,-12.164,29.977,-0.002222,-16.721,-1038.0,-16.828,0.0,24.07,6.7266,12.475,0.31072,0.0,-1601.25,0.0769,20.0
544,2024-06-28,0.0953,0.21844,7.875,15.275,11.94375,0.0,0.21844,-7.276e-09,0.13887,-2.8908e-06,-0.6713,89.266,-12.164,30.115,-0.0022248,-17.345,-1075.2,-16.83,0.0,24.07,6.5547,12.475,0.31072,0.0,-1601.25,0.0769,20.0
545,2024-06-29,0.0102,0.37592,3.0,21.975,13.6864583333333,0.0,0.37592,-6.2282e-09,0.21476,-2.8908e-06,-0.6713,89.642,-12.164,30.342,-0.0022277,-17.92,-1150.8,-16.833,0.0,24.07,6.3657,12.475,0.31072,0.0,-1601.25,0.0769,20.0
546,2024-06-30,0.1293,0.26924,10.1,21.3,15.3645833333333,0.0,0.26924,3.2596e-09,0.10356,-2.8908e-06,-0.6713,89.911,-12.164,30.461,-0.0022306,-18.442,-1294.5,-16.835,0.0,24.07,6.191,12.475,0.31072,0.0,-1601.25,0.0769,20.0
547,2024-07-01,0.0613,0.37084,10.775,24.25,16.6302083333333,0.0,0.37084,-7.3051e-09,0.08452,-2.8908e-06,-0.6713,90.282,-12.164,30.556,-0.0022335,-18.713,-1402.2,-16.837,0.0,24.07,6.0873,12.475,0.31072,0.0,-1601.25,0.0769,20.0
548,2024-07-02,0.0,0.42672,10.675,25.875,17.69375,-1.397,0.42672,-0.74798,0.13321,-1.8841e-06,-2.0683,90.708,-13.257,30.692,-0.0022355,0.0,-1273.3,-16.839,0.64902,24.377,7.0428,13.567,0.31072,0.0,-1601.25,0.0769,20.0
549,2024-07-03,0.6927,0.24638,9.875,19.625,12.69375,0.0,0.24638,-1.7229e-08,0.080064,-2.8621e-06,-2.0683,90.955,-13.257,30.78,-0.0022384,-10.227,-1320.3,-16.841,0.0,24.377,6.9534,13.567,0.31072,0.0,-1601.25,0.0769,20.0
550,2024-07-04,0.0119,0.35814,9.35,21.825,15.8885416666667,-2.8059,0.35814,-0.59577,0.092698,-3.2345e-06,-4.8742,91.313,-13.933,30.875,-0.0022413,0.0,-1249.4,-16.844,2.2101,26.506,7.534,14.244,0.31072,0.0,-1601.25,0.0769,20.0
551,2024-07-05,0.0374,0.37592,9.35,23.55,16.3864583333333,0.0,0.37592,1.397e-08,0.13124,-2.8515e-06,-4.8742,91.689,-13.933,31.009,-0.0022442,-10.465,-1269.2,-16.846,0.0,26.506,7.3995,14.244,0.31072,0.0,-1601.25,0.0769,20.0
552,2024-07-06,0.1683,0.34798,11.75,24.425,16.828125,-2.9623,0.34798,-0.54688,0.097367,-2.7555e-06,-7.8365,92.037,-14.555,31.093,-0.0022471,0.0,-1180.3,-16.848,2.4154,28.847,7.9368,14.865,0.31072,0.0,-1601.25,0.0769,20.0
553,2024-07-07,0.0153,0.4445,9.35,28.35,19.5072916666667,0.0,0.4445,6.5193e-09,0.19872,-2.8686e-06,-7.8365,92.481,-14.555,31.293,-0.0022499,-10.654,-1184.3,-16.851,0.0,28.847,7.7381,14.865,0.31072,0.0,-1601.25,0.0769,20.0
554,2024-07-08,0.0,0.46228,9.675,32.35,22.5375,-2.794,0.46228,-0.53576,0.12169,-3.4597e-06,-10.63,92.944,-15.165,31.426,-0.0022528,0.0,-1129.1,-16.853,2.2582,31.031,8.2138,15.476,0.31072,0.0,-1601.25,0.0769,20.0
555,2024-07-09,0.0,0.4572,10.55,32.675,23.1989583333333,0.0,0.4572,1.6531e-08,0.2257,-2.8423e-06,-10.63,93.401,-15.165,31.654,-0.0022557,-10.702,-1131.9,-16.856,0.0,31.031,7.9869,15.476,0.31072,0.0,-1601.25,0.0769,20.0
556,2024-07-10,0.0,0.47752,11.25,36.75,24.376619047619,-2.794,0.47752,-0.53038,0.12961,-2.6701e-06,-13.424,93.878,-15.768,31.802,-0.0022586,0.0,-1105.1,-16.858,2.2636,33.222,8.4409,16.079,0.31072,0.0,-1601.25,0.0769,20.0
557,2024-07-11,0.0443,0.4318,15.075,35.075,24.3770833333333,-1.4413,0.4318,-0.51547,0.10795,-3.0738e-06,-14.866,94.31,-16.288,31.911,-0.0022615,0.0,-999.57,-16.86,0.92583,34.143,8.8513,16.599,0.31072,0.0,-1601.25,0.0769,20.0
558,2024-07-12,0.0,0.43688,10.225,30.2,21.3583333333333,0.0,0.43688,4.6566e-09,0.25901,-2.8241e-06,-14.866,94.747,-16.288,32.169,-0.0022643,-10.622,-1003.8,-16.863,0.0,34.143,8.5937,16.599,0.31072,0.0,-1601.25,0.0769,20.0
559,2024-07-13,0.0,0.44958,10.175,33.55,22.7614583333333,0.0,0.44958,-4.773e-09,0.26654,-2.861e-06,-14.866,95.197,-16.288,32.436,-0.0022672,-12.137,-1008.9,-16.865,0.0,34.143,8.3291,16.599,0.31072,0.0,-1601.25,0.0769,20.0
560,2024-07-14,0.0,0.42672,10.775,34.075,23.2291666666667,0.0,0.42672,1.397e-08,0.25298,-2.8312e-06,-14.866,95.623,-16.288,32.689,-0.00227,-13.339,-1015.4,-16.867,0.0,34.143,8.0693,16.599,0.31072,0.0,-1601.25,0.0769,20.0
561,2024-07-15,0.0,0.4826,10.55,34.225,22.7958333333333,0.0,0.4826,8.4401e-09,0.28611,-2.8312e-06,-14.866,96.106,-16.288,32.975,-0.0022728,-14.252,-1025.2,-16.87,0.0,34.143,7.7997,16.599,0.31072,0.0,-1601.25,0.0769,20.0
562,2024-07-16,0.0,0.46228,9.7,35.1,23.2583333333333,0.0,0.46228,6.3155e-09,0.26756,-2.8312e-06,-14.866,96.568,-16.288,33.245,-0.0022757,-14.751,-1044.6,-16.872,0.0,34.143,7.52,16.599,0.31072,0.0,-1601.25,0.0769,20.0
563,2024-07-17,0.0,0.45212,11.35,36.625,24.59375,0.0,0.45212,1.0012e-08,0.25119,-2.8312e-06,-14.866,97.02,-16.288,33.498,-0.0022785,-15.065,-1069.6,-16.874,0.0,34.143,7.2588,16.599,0.31072,0.0,-1601.25,0.0769,20.0
564,2024-07-18,0.0408,0.37592,12.175,34.1,23.31875,0.0,0.37592,9.7789e-09,0.20676,-2.8312e-06,-14.866,97.396,-16.288,33.706,-0.0022813,-15.462,-1086.9,-16.877,0.0,34.143,7.0294,16.599,0.31072,0.0,-1601.25,0.0769,20.0
565,2024-07-19,0.0,0.40894,10.5,34.6,23.121875,0.0,0.40894,8.3237e-09,0.22417,-2.8312e-06,-14.866,97.805,-16.288,33.93,-0.0022842,-15.938,-1103.8,-16.879,0.0,34.143,6.8138,16.599,0.31072,0.0,-1601.25,0.0769,20.0
566,2024-07-20,0.0,0.41402,12.25,34.6,24.3864583333333,0.0,0.41402,-1.1816e-08,0.22673,-2.8312e-06,-14.866,98.219,-16.288,34.157,-0.002287,-16.51,-1129.9,-16.881,0.0,34.143,6.5883,16.599,0.31072,0.0,-1601.25,0.0769,20.0
567,2024-07-21,0.0,0.37084,11.225,32.9,22.7166666666667,0.0,0.37084,1.2456e-08,0.20308,-2.8312e-06,-14.866,98.59,-16.288,34.36,-0.0022898,-17.173,-1177.2,-16.884,0.0,34.143,6.3734,16.599,0.31072,0.0,-1601.25,0.0769,20.0
568,2024-07-22,0.0,0.38608,10.85,34.65,22.9427083333333,0.0,0.38608,1.0536e-08,0.15697,-2.8014e-06,-14.866,98.976,-16.288,34.544,-0.0022926,-17.87,-1288.9,-16.886,0.0,34.143,6.1663,16.599,0.31072,0.0,-1601.25,0.0769,20.0
569,2024-07-23,0.0,0.4826,15.625,38.325,26.4958333333333,0.0,0.4826,-5.6461e-09,0.080764,-2.8014e-06,-14.866,99.459,-16.288,34.645,-0.0022954,-18.455,-1440.0,-16.888,0.0,34.143,6.0269,16.599,0.31072,0.0,-1601.25,0.0769,20.0
570,2024-07-24,0.0,0.55626,12.65,37.5,26.8208333333333,0.0,0.55626,5.3842e-09,0.022073,-2.8014e-06,-14.866,100.01,-16.288,34.678,-0.0022982,-18.708,-1540.4,-16.891,0.0,34.143,5.9646,16.599,0.31072,0.0,-1601.25,0.0769,20.0
571,2024-07-25,0.0,0.58928,15.75,33.25,25.471875,0.0,0.58928,-1.7753e-09,0.0056365,-2.8014e-06,-14.866,100.6,-16.288,34.686,-0.002301,-18.846,-1583.7,-16.893,0.0,34.143,5.948,16.599,0.31072,0.0,-1601.25,0.0769,20.0
572,2024-07-26,0.0,0.47244,8.225,29.3,18.2708333333333,0.0,0.47244,-6.5047e-09,0.0012789,-2.8014e-06,-14.866,101.08,-16.288,34.688,-0.0023038,-18.975,-1596.9,-16.895,0.0,34.143,5.9438,16.599,0.31072,0.0,-1601.25,0.0769,20.0
573,2024-07-27,0.0,0.4064,5.95,31.25,18.9802083333333,0.0,0.4064,4.9477e-09,0.0003,-2.8014e-06,-14.866,101.48,-16.288,34.689,-0.0023066,-19.101,-1600.1,-16.898,0.0,34.143,5.9429,16.599,0.31072,0.0,-1601.25,0.0769,20.0
574,2024-07-28,0.0,0.3429,5.6,28.55,17.6729166666667,0.0,0.3429,7.4506e-09,0.00015771,-2.8014e-06,-14.866,101.83,-16.288,34.689,-0.0023094,-19.223,-1600.5,-16.9,0.0,34.143,5.9426,16.599,0.31072,0.0,-1601.25,0.0769,20.0
575,2024-07-29,0.0,0.44196,8.7,31.675,20.7510416666667,0.0,0.44196,-3.7398e-09,0.00014938,-2.8014e-06,-14.866,102.27,-16.288,34.689,-0.0023122,-19.343,-1600.5,-16.902,0.0,34.143,5.9425,16.599,0.31072,0.0,-1601.25,0.0769,20.0
576,2024-07-30,0.0085,0.381,13.925,25.75,19.8791666666667,0.0,0.381,6.039e-09,0.00014438,-2.7716e-06,-14.866,102.65,-16.288,34.689,-0.002315,-19.459,-1600.5,-16.904,0.0,34.143,5.9423,16.599,0.31072,0.0,-1601.25,0.0769,20.0
577,2024-07-31,0.0,0.4699,12.75,29.9,21.2708333333333,0.0,0.4699,1.1525e-08,0.00014026,-2.7716e-06,-14.866,103.12,-16.288,34.689,-0.0023178,-19.573,-1600.5,-16.907,0.0,34.143,5.9422,16.599,0.31072,0.0,-1601.25,0.0769,20.0
578,2024-08-01,0.0,0.41402,8.9,33.775,22.7385416666667,0.0,0.41402,8.8912e-09,0.00013646,-2.7716e-06,-14.866,103.53,-16.288,34.69,-0.0023206,-19.683,-1600.6,-16.909,0.0,34.143,5.942,16.599,0.31072,0.0,-1601.25,0.0769,20.0
579,2024-08-02,0.0,0.42926,13.0,38.75,25.8052083333333,0.0,0.42926,-1.1496e-09,0.0001328,-2.7716e-06,-14.866,103.96,-16.288,34.69,-0.0023233,-19.79,-1600.6,-16.911,0.0,34.143,5.9419,16.599,0.31072,0.0,-1601.25,0.0769,20.0
580,2024-08-03,0.0,0.36322,11.075,37.725,23.6145833333333,0.0,0.36322,1.3009e-08,0.00012925,-2.7716e-06,-14.866,104.33,-16.288,34.69,-0.0023261,-19.894,-1600.6,-16.914,0.0,34.143,5.9418,16.599,0.31072,0.0,-1601.25,0.0769,20.0
581,2024-08-04,0.1207,0.13208,14.5,23.95,17.85625,0.0,0.13208,-3.5507e-09,9.8753e-05,-2.7716e-06,-14.866,104.46,-16.288,34.69,-0.0023289,-19.996,-1600.5,-16.916,0.0,34.143,5.9417,16.599,0.31072,0.0,-1601.25,0.0769,20.0
582,2024-08-05,0.0238,0.33274,13.4,28.775,20.4125,0.0,0.33274,-3.6162e-09,0.00014553,-2.7716e-06,-14.866,104.79,-16.288,34.69,-0.0023317,-20.095,-1600.5,-16.918,0.0,34.143,5.9415,16.599,0.31072,0.0,-1601.25,0.0769,20.0
583,2024-08-06,0.1327,0.34544,13.1,29.075,19.9083333333333,0.0,0.34544,-6.7157e-09,0.00011799,-2.7716e-06,-14.866,105.14,-16.288,34.69,-0.0023344,-20.191,-1600.6,-16.92,0.0,34.143,5.9414,16.599,0.31072,0.0,-1601.25,0.0769,20.0
584,2024-08-07,0.558,0.11938,10.0,16.025,13.6145833333333,0.0,0.11938,1.1321e-08,8.6208e-05,-2.7716e-06,-14.866,105.25,-16.288,34.69,-0.0023372,-20.284,-1600.5,-16.923,0.0,34.143,5.9413,16.599,0.31072,0.0,-1601.25,0.0769,20.0
585,2024-08-08,0.0119,0.25146,7.15,20.45,14.13125,0.0,0.25146,1.4363e-08,0.00011878,-2.7418e-06,-14.866,105.51,-16.288,34.69,-0.00234,-20.375,-1600.6,-16.925,0.0,34.143,5.9412,16.599,0.31072,0.0,-1601.25,0.0769,20.0
586,2024-08-09,0.0,0.31242,5.075,25.425,16.2645833333333,0.0,0.31242,-5.6316e-09,0.00010177,-2.7418e-06,-14.866,105.82,-16.288,34.691,-0.0023427,-20.464,-1600.6,-16.927,0.0,34.143,5.941,16.599,0.31072,0.0,-1601.25,0.0769,20.0
587,2024-08-10,0.0323,0.31496,8.125,26.625,17.634375,0.0,0.31496,-7.909e-09,0.00010196,-2.7418e-06,-14.866,106.13,-16.288,34.691,-0.0023454,-20.55,-1600.6,-16.929,0.0,34.143,5.9409,16.599,0.31072,0.0,-1601.25,0.0769,20.0
588,2024-08-11,0.0629,0.36576,11.275,28.025,18.3125,0.0,0.36576,-9.9026e-09,9.8151e-05,-2.7418e-06,-14.866,106.5,-16.288,34.691,-0.0023482,-20.634,-1600.6,-16.932,0.0,34.143,5.9408,16.599,0.31072,0.0,-1601.25,0.0769,20.0
589,2024-08-12,0.0,0.37846,11.35,29.775,20.309375,0.0,0.37846,3.4925e-09,9.6461e-05,-2.7418e-06,-14.866,106.88,-16.288,34.691,-0.0023509,-20.716,-1600.7,-16.934,0.0,34.143,5.9407,16.599,0.31072,0.0,-1601.25,0.0769,20.0
590,2024-08-13,0.2484,0.32512,11.9,30.4,19.5364583333333,0.0,0.32512,1.2762e-08,9.7295e-05,-2.7418e-06,-14.866,107.2,-16.288,34.691,-0.0023537,-20.795,-1600.6,-16.936,0.0,34.143,5.9406,16.599,0.31072,0.0,-1601.25,0.0769,20.0
591,2024-08-14,0.0068,0.32258,11.0,28.525,18.9739583333333,0.0,0.32258,2.6266e-09,9.4978e-05,-2.7418e-06,-14.866,107.53,-16.288,34.691,-0.0023564,-20.873,-1600.6,-16.938,0.0,34.143,5.9405,16.599,0.31072,0.0,-1601.25,0.0769,20.0
592,2024-08-15,0.2366,0.40386,8.625,30.825,20.303125,0.0,0.40386,-8.5493e-09,8.7281e-05,-2.7418e-06,-14.866,107.93,-16.288,34.691,-0.0023592,-20.948,-1600.7,-16.941,0.0,34.143,5.9404,16.599,0.31072,0.0,-1601.25,0.0769,20.0
593,2024-08-16,0.0,0.381,11.025,28.85,19.0875,0.0,0.381,7.1013e-09,8.7627e-05,-2.7418e-06,-14.866,108.31,-16.288,34.691,-0.0023619,-21.021,-1600.7,-16.943,0.0,34.143,5.9403,16.599,0.31072,0.0,-1601.25,0.0769,20.0
594,2024-08-17,0.0,0.35814,7.375,30.15,19.3520833333333,0.0,0.35814,1.4224e-08,8.7135e-05,-2.7418e-06,-14.866,108.67,-16.288,34.691,-0.0023646,-21.093,-1600.7,-16.945,0.0,34.143,5.9402,16.599,0.31072,0.0,-1601.25,0.0769,20.0
595,2024-08-18,1.8799,0.37592,9.0,35.5,20.3833333333333,0.0,0.37592,-5.9808e-09,8.4028e-05,-2.712e-06,-14.866,109.04,-16.288,34.691,-0.0023673,-21.162,-1600.7,-16.947,0.0,34.143,5.9401,16.599,0.31072,0.0,-1601.25,0.0769,20.0
596,2024-08-19,0.1412,0.43434,13.275,34.175,20.3927083333333,0.0,0.43434,-1.3766e-08,7.8756e-05,-2.712e-06,-14.866,109.48,-16.288,34.692,-0.0023701,-21.23,-1600.7,-16.95,0.0,34.143,5.9401,16.599,0.31072,0.0,-1601.25,0.0769,20.0
597,2024-08-20,0.0595,0.3429,10.975,30.875,20.0,0.0,0.3429,6.381e-09,8.0861e-05,-2.712e-06,-14.866,109.82,-16.288,34.692,-0.0023728,-21.295,-1600.7,-16.952,0.0,34.143,5.94,16.599,0.31072,0.0,-1601.25,0.0769,20.0
598,2024-08-21,0.034,0.28956,9.575,26.85,17.5864583333333,0.0,0.28956,1.2144e-08,7.9329e-05,-2.712e-06,-14.866,110.11,-16.288,34.692,-0.0023755,-21.359,-1600.7,-16.954,0.0,34.143,5.9399,16.599,0.31072,0.0,-1601.25,0.0769,20.0
599,2024-08-22,0.0,0.31496,5.375,25.875,16.5552083333333,0.0,0.31496,1.1096e-08,7.6233e-05,-2.712e-06,-14.866,110.43,-16.288,34.692,-0.0023782,-21.422,-1600.7,-16.956,0.0,34.143,5.9398,16.599,0.31072,0.0,-1601.25,0.0769,20.0
600,2024-08-23,0.1107,0.37846,8.1,30.825,18.040625,0.0,0.37846,1.4188e-09,7.0913e-05,-2.712e-06,-14.866,110.8,-16.288,34.692,-0.0023809,-21.482,-1600.7,-16.959,0.0,34.143,5.9397,16.599,0.31072,0.0,-1601.25,0.0769,20.0
601,2024-08-24,0.0,0.3429,9.6,25.2,16.484375,0.0,0.3429,8.4401e-09,7.1262e-05,-2.712e-06,-14.866,111.15,-16.288,34.692,-0.0023836,-21.541,-1600.7,-16.961,0.0,34.143,5.9397,16.599,0.31072,0.0,-1601.25,0.0769,20.0
602,2024-08-25,0.0,0.37084,8.325,25.425,16.015625,0.0,0.37084,-9.5315e-10,6.885e-05,-2.712e-06,-14.866,111.52,-16.288,34.692,-0.0023863,-21.598,-1600.7,-16.963,0.0,34.143,5.9396,16.599,0.31072,0.0,-1601.25,0.0769,20.0
603,2024-08-26,0.0,0.34798,4.275,26.775,15.271875,0.0,0.34798,1.2718e-08,6.8028e-05,-2.6822e-06,-14.866,111.87,-16.288,34.692,-0.002389,-21.654,-1600.7,-16.965,0.0,34.143,5.9395,16.599,0.31072,0.0,-1601.25,0.0769,20.0
604,2024-08-27,0.051,0.46228,8.55,30.075,19.6364583333333,0.0,0.46228,-1.8481e-09,6.0687e-05,-2.6822e-06,-14.866,112.33,-16.288,34.692,-0.0023917,-21.708,-1600.7,-16.968,0.0,34.143,5.9394,16.599,0.31072,0.0,-1601.25,0.0769,20.0
605,2024-08-28,0.6089,0.26416,5.1,15.325,10.1364583333333,0.0,0.26416,-1.2908e-08,6.3444e-05,-2.6822e-06,-14.866,112.59,-16.288,34.692,-0.0023944,-21.761,-1600.7,-16.97,0.0,34.143,5.9394,16.599,0.31072,0.0,-1601.25,0.0769,20.0
606,2024-08-29,0.0,0.39624,10.725,25.9,17.8052083333333,0.0,0.39624,1.2784e-08,5.7938e-05,-2.6822e-06,-14.866,112.99,-16.288,34.692,-0.0023971,-21.813,-1600.7,-16.972,0.0,34.143,5.9393,16.599,0.31072,0.0,-1601.25,0.0769,20.0
607,2024-08-30,0.0,0.36576,6.0,32.925,18.628125,0.0,0.36576,1.3395e-08,5.8894e-05,-2.6822e-06,-14.866,113.35,-16.288,34.692,-0.0023998,-21.863,-1600.7,-16.974,0.0,34.143,5.9392,16.599,0.31072,0.0,-1601.25,0.0769,20.0
608,2024-08-31,0.0,0.3048,7.325,29.525,18.9416666666667,0.0,0.3048,6.0209e-09,5.9639e-05,-2.6822e-06,-14.866,113.66,-16.288,34.692,-0.0024025,-21.911,-1600.7,-16.976,0.0,34.143,5.9392,16.599,0.31072,0.0,-1601.25,0.0769,20.0
609,2024-09-01,0.0,0.28956,6.725,31.1,18.19375,0.0,0.28956,-6.0718e-09,7.9654e-05,-2.6822e-06,-14.866,113.95,-16.288,34.692,-0.0024051,-21.959,-795.28,-16.979,0.0,34.143,5.9391,16.599,0.31072,0.0,-1601.25,0.0769,20.0
610,2024-09-02,0.0,0.30226,10.9,34.225,21.6229166666667,0.0,0.30226,-3.2051e-09,9.6545e-05,-2.6822e-06,-14.866,114.25,-16.288,34.692,-0.0024078,-22.005,-795.26,-16.981,0.0,34.143,5.9391,16.599,0.31072,0.0,-1601.25,0.0769,20.0
611,2024-09-03,0.194,0.29718,13.225,30.075,20.4197916666667,0.0,0.29718,-4.4674e-09,0.00010344,-2.6822e-06,-14.866,114.55,-16.288,34.693,-0.0024105,-22.05,-795.26,-16.983,0.0,34.143,5.939,16.599,0.31072,0.0,-1601.25,0.0769,20.0
612,2024-09-04,0.0,0.29464,10.35,26.075,17.84375,0.0,0.29464,-1.3893e-08,5.2223e-05,-2.6822e-06,-14.866,114.84,-16.288,34.693,-0.0024132,-22.094,-795.28,-16.985,0.0,34.143,5.9389,16.599,0.31072,0.0,-1601.25,0.0769,20.0
613,2024-09-05,0.0,0.28956,5.525,30.875,17.359375,0.0,0.28956,-5.879e-09,9.8467e-05,-2.6524e-06,-14.866,115.13,-16.288,34.693,-0.0024159,-22.136,-795.26,-16.987,0.0,34.143,5.9389,16.599,0.31072,0.0,-1601.25,0.0769,20.0
614,2024-09-06,0.0,0.30226,6.95,32.7,19.6354166666667,0.0,0.30226,2.6266e-09,0.00010006,-2.6524e-06,-14.866,115.44,-16.288,34.693,-0.0024185,-22.177,-795.26,-16.99,0.0,34.143,5.9388,16.599,0.31072,0.0,-1601.25,0.0769,20.0
615,2024-09-07,0.0,0.2921,6.925,33.175,20.640625,0.0,0.2921,-9.1095e-09,9.9488e-05,-2.6524e-06,-14.866,115.73,-16.288,34.693,-0.0024212,-22.218,-795.26,-16.992,0.0,34.143,5.9388,16.599,0.31072,0.0,-1601.25,0.0769,20.0
616,2024-09-08,0.0,0.28448,7.55,33.125,20.7697916666667,0.0,0.28448,-2.2155e-09,9.7871e-05,-2.6524e-06,-14.866,116.01,-16.288,34.693,-0.0024238,-22.257,-795.26,-16.994,0.0,34.143,5.9387,16.599,0.31072,0.0,-1601.25,0.0769,20.0
617,2024-09-09,0.0,0.39624,14.725,31.3,23.3583333333333,0.0,0.39624,-2.6121e-09,9.577e-05,-2.6524e-06,-14.866,116.41,-16.288,34.693,-0.0024265,-22.295,-795.26,-16.996,0.0,34.143,5.9387,16.599,0.31072,0.0,-1601.25,0.0769,20.0
618,2024-09-10,0.0,0.18288,4.85,19.9,13.4197916666667,0.0,0.18288,-8.5092e-09,9.346e-05,-2.6524e-06,-14.866,116.59,-16.288,34.693,-0.0024291,-22.332,-795.26,-16.998,0.0,34.143,5.9386,16.599,0.31072,0.0,-1601.25,0.0769,20.0
619,2024-09-11,2.0309,0.1524,5.55,21.075,13.0770833333333,0.0,0.1524,1.1667e-08,9.1083e-05,-2.6524e-06,-14.866,116.74,-16.288,34.693,-0.0024318,-22.368,-795.27,-17.0,0.0,34.143,5.9386,16.599,0.31072,0.0,-1601.25,0.0769,20.0
620,2024-09-12,0.2568,0.0635,9.4,13.65,10.9677083333333,0.0,0.0635,1.7826e-10,8.8707e-05,-2.6524e-06,-14.866,116.81,-16.288,34.693,-0.0024344,-22.403,-795.27,-17.003,0.0,34.143,5.9385,16.599,0.31072,0.0,-1601.25,0.0769,20.0
621,2024-09-13,0.997,0.23876,8.175,19.775,12.7354166666667,0.0,0.23876,-1.3439e-08,8.636e-05,-2.6524e-06,-14.866,117.05,-16.288,34.693,-0.0024371,-22.437,-795.27,-17.005,0.0,34.143,5.9385,16.599,0.31072,0.0,-1601.25,0.0769,20.0
622,2024-09-14,0.0,0.35814,8.675,22.475,14.6447916666667,0.0,0.35814,1.3752e-09,8.4057e-05,-2.6524e-06,-14.866,117.4,-16.288,34.693,-0.0024397,-22.471,-795.27,-17.007,0.0,34.143,5.9384,16.599,0.31072,0.0,-1601.25,0.0769,20.0
623,2024-09-15,0.0,0.17272,5.75,21.275,13.36875,0.0,0.17272,-1.2627e-08,8.1807e-05,-2.6226e-06,-14.866,117.58,-16.288,34.693,-0.0024423,-22.503,-795.27,-17.009,0.0,34.143,5.9384,16.599,0.31072,0.0,-1601.25,0.0769,20.0
624,2024-09-16,0.0017,0.19812,6.225,24.45,14.034375,0.0,0.19812,3.1723e-09,7.9617e-05,-2.6226e-06,-14.866,117.77,-16.288,34.693,-0.002445,-22.534,-795.27,-17.011,0.0,34.143,5.9384,16.599,0.31072,0.0,-1601.25,0.0769,20.0
625,2024-09-17,0.0476,0.16764,7.4,23.85,14.7885416666667,0.0,0.16764,-8.3564e-09,7.7479e-05,-2.6226e-06,-14.866,117.94,-16.288,34.693,-0.0024476,-22.565,-795.28,-17.013,0.0,34.143,5.9383,16.599,0.31072,0.0,-1601.25,0.0769,20.0
626,2024-09-18,0.0646,0.0889,11.975,17.0,13.821875,0.0,0.0889,1.1809e-08,5.3408e-05,-2.6226e-06,-14.866,118.03,-16.288,34.693,-0.0024502,-22.595,-795.28,-17.016,0.0,34.143,5.9383,16.599,0.31072,0.0,-1601.25,0.0769,20.0
627,2024-09-19,0.0221,0.24384,9.125,23.15,15.7333333333333,0.0,0.24384,6.0027e-10,8.4333e-05,-2.6226e-06,-14.866,118.27,-16.288,34.693,-0.0024528,-22.624,-795.27,-17.018,0.0,34.143,5.9382,16.599,0.31072,0.0,-1601.25,0.0769,20.0
628,2024-09-20,0.0,0.34544,5.775,22.925,13.603125,0.0,0.34544,-1.4399e-08,7.6868e-05,-2.6226e-06,-14.866,118.62,-16.288,34.693,-0.0024555,-22.652,-795.28,-17.02,0.0,34.143,5.9382,16.599,0.31072,0.0,-1601.25,0.0769,20.0
629,2024-09-21,0.0,0.19558,-0.575,17.675,9.16666666666667,0.0,0.19558,9.9535e-09,1.6355e-05,-2.6226e-06,-14.866,118.82,-16.288,34.693,-0.0024581,-22.679,-795.28,-17.022,0.0,34.143,5.9382,16.599,0.31072,0.0,-1601.25,0.0769,20.0
630,2024-09-22,0.0,0.32258,3.6,24.525,13.996875,0.0,0.32258,5.6316e-09,0.0,-2.6226e-06,-14.866,119.14,-16.288,34.693,-0.0024607,-22.706,-795.29,-17.024,0.0,34.143,5.9381,16.599,0.31072,0.0,-1601.25,0.0769,20.0
631,2024-09-23,0.0,0.2667,11.325,25.3,17.1145833333333,0.0,0.2667,3.1287e-10,0.0,-2.6226e-06,-14.866,119.41,-16.288,34.693,-0.0024633,-22.732,-795.28,-17.026,0.0,34.143,5.9381,16.599,0.31072,0.0,-1601.25,0.0769,20.0
632,2024-09-24,0.0,0.44196,13.525,28.825,19.7354166666667,0.0,0.44196,-9.6734e-09,0.0,-2.5928e-06,-14.866,119.85,-16.288,34.693,-0.0024659,-22.758,-795.29,-17.029,0.0,34.143,5.938,16.599,0.31072,0.0,-1601.25,0.0769,20.0
633,2024-09-25,0.0,0.39624,11.85,31.525,21.0614583333333,0.0,0.39624,4.9913e-09,0.0,-2.5928e-06,-14.866,120.24,-16.288,34.693,-0.0024685,-22.782,-795.3,-17.031,0.0,34.143,5.938,16.599,0.31072,0.0,-1601.25,0.0769,20.0
634,2024-09-26,0.0,0.3175,10.275,22.3,16.628125,0.0,0.3175,-1.2215e-08,8.1994e-05,-2.5928e-06,-14.866,120.56,-16.288,34.693,-0.0024711,-22.806,-795.27,-17.033,0.0,34.143,5.938,16.599,0.31072,0.0,-1601.25,0.0769,20.0
635,2024-09-27,0.0,0.40894,10.7,27.65,18.9416666666667,0.0,0.40894,1.2376e-08,0.0,-2.5928e-06,-14.866,120.97,-16.288,34.693,-0.0024737,-22.829,-795.28,-17.035,0.0,34.143,5.938,16.599,0.31072,0.0,-1601.25,0.0769,20.0
636,2024-09-28,0.0,0.23368,2.175,27.9,15.0822916666667,0.0,0.23368,-6.039e-10,0.0,-2.5928e-06,-14.866,121.2,-16.288,34.694,-0.0024763,-22.852,-795.3,-17.037,0.0,34.143,5.9379,16.599,0.31072,0.0,-1601.25,0.0769,20.0
637,2024-09-29,0.0,0.3175,6.775,25.275,15.2927083333333,0.0,0.3175,-3.2524e-09,8.2806e-05,-2.5928e-06,-14.866,121.52,-16.288,34.694,-0.0024789,-22.874,-795.27,-17.039,0.0,34.143,5.9379,16.599,0.31072,0.0,-1601.25,0.0769,20.0
638,2024-09-30,0.0,0.20828,-2.1,16.375,7.54375,0.0,0.20828,-1.4352e-08,0.0,-2.5928e-06,-14.866,121.73,-16.288,34.694,-0.0024815,-22.896,-795.28,-17.041,0.0,34.143,5.9379,16.599,0.31072,0.0,-1601.25,0.0769,20.0
639,2024-10-01,0.0,0.54102,5.775,23.475,15.7708333333333,0.54102,0.0,2.6889e-05,0.0,-2.5928e-06,-14.325,121.73,-16.156,34.694,-0.0024841,-1000000.0,-795.28,-17.043,0.0,34.143,5.8065,16.599,0.44211,0.0,-1601.25,0.0769,20.0
640,2024-10-02,0.0,0.19304,6.15,18.175,13.4833333333333,0.19304,0.0,9.984e-32,0.0,-2.5928e-06,-14.132,121.73,-16.156,34.694,-0.0024867,-1000000.0,-795.28,-17.046,0.0,34.143,5.8065,16.599,0.44211,0.0,-1601.25,0.0769,20.0
641,2024-10-03,0.0,0.17526,-2.05,16.775,8.00729166666667,0.17526,0.0,9.984e-32,0.0,-2.563e-06,-13.956,121.73,-16.156,34.694,-0.0024892,-1000000.0,-795.28,-17.048,0.0,34.143,5.8065,16.599,0.44211,0.0,-1601.25,0.0769,20.0
642,2024-10-04,0.0,0.46228,-2.625,28.075,13.103125,0.46228,0.0,9.984e-32,0.0,-2.563e-06,-13.494,121.73,-16.156,34.694,-0.0024918,-1000000.0,-795.28,-17.05,0.0,34.143,5.8065,16.599,0.44211,0.0,-1601.25,0.0769,20.0
643,2024-10-05,0.0,0.254,4.625,18.825,10.7375,0.254,0.0,9.984e-32,0.0,-2.563e-06,-13.24,121.73,-16.156,34.694,-0.0024944,-1000000.0,-795.28,-17.052,0.0,34.143,5.8065,16.599,0.44211,0.0,-1601.25,0.0769,20.0
644,2024-10-06,0.0,0.22352,1.475,25.425,11.9041666666667,0.22352,0.0,9.984e-32,0.0,-2.563e-06,-13.017,121.73,-16.156,34.694,-0.0024969,-1000000.0,-795.28,-17.054,0.0,34.143,5.8065,16.599,0.44211,0.0,-1601.25,0.0769,20.0
645,2024-10-07,0.0,0.33528,7.975,26.675,15.8854166666667,0.33528,0.0,9.984e-32,0.0,-2.563e-06,-12.681,121.73,-16.156,34.694,-0.0024995,-1000000.0,-795.28,-17.056,0.0,34.143,5.8065,16.599,0.44211,0.0,-1601.25,0.0769,20.0
646,2024-10-08,0.0,0.35306,5.6,28.1,16.5020833333333,0.35306,0.0,9.984e-32,0.0,-2.563e-06,-12.328,121.73,-16.156,34.694,-0.0025021,-1000000.0,-795.28,-17.058,0.0,34.143,5.8065,16.599,0.44211,0.0,-1601.25,0.0769,20.0
647,2024-10-09,0.0,0.2794,8.575,27.2,16.3239583333333,0.2794,0.0,9.984e-32,0.0,-2.563e-06,-12.049,121.73,-16.156,34.694,-0.0025046,-1000000.0,-795.28,-17.06,0.0,34.143,5.8065,16.599,0.44211,0.0,-1601.25,0.0769,20.0
648,2024-10-10,0.0,0.17526,8.0,18.325,13.0291666666667,0.17526,0.0,9.984e-32,0.0,-2.563e-06,-11.874,121.73,-16.156,34.694,-0.0025072,-1000000.0,-795.28,-17.062,0.0,34.143,5.8065,16.599,0.44211,0.0,-1601.25,0.0769,20.0
649,2024-10-11,0.0,0.12954,-1.275,19.0,8.52083333333333,0.12954,0.0,9.984e-32,0.0,-2.563e-06,-11.744,121.73,-16.156,34.694,-0.0025097,-1000000.0,-795.28,-17.065,0.0,34.143,5.8065,16.599,0.44211,0.0,-1601.25,0.0769,20.0
650,2024-10-12,0.0,0.14732,-1.5,19.0,8.23958333333333,0.14732,0.0,9.984e-32,0.0,-2.563e-06,-11.597,121.73,-16.156,34.694,-0.0025123,-1000000.0,-795.28,-17.067,0.0,34.143,5.8064,16.599,0.44211,0.0,-1601.25,0.0769,20.0
651,2024-10-13,0.0,0.15494,-2.575,20.775,7.70520833333333,0.15494,0.0,9.984e-32,0.0,-2.5332e-06,-11.442,121.73,-16.156,34.694,-0.0025149,-1000000.0,-795.28,-17.069,0.0,34.143,5.8064,16.599,0.44211,0.0,-1601.25,0.0769,20.0
652,2024-10-14,0.0,0.3048,3.325,28.675,15.5416666666667,0.3048,0.0,9.984e-32,0.0,-2.5332e-06,-11.137,121.73,-16.156,34.694,-0.0025174,-1000000.0,-795.29,-17.071,0.0,34.143,5.8064,16.599,0.44211,0.0,-1601.25,0.0769,20.0
653,2024-10-15,0.0,0.23368,9.2,25.3,16.5291666666667,0.23368,0.0,9.984e-32,0.0,-2.5332e-06,-10.903,121.73,-16.156,34.694,-0.0025199,-1000000.0,-795.29,-17.073,0.0,34.143,5.8064,16.599,0.44211,0.0,-1601.25,0.0769,20.0
654,2024-10-16,0.0017,0.25908,3.275,23.65,13.340625,0.25908,0.0,9.984e-32,0.0,-2.5332e-06,-10.644,121.73,-16.156,34.694,-0.0025225,-1000000.0,-795.29,-17.075,0.0,34.143,5.8064,16.599,0.44211,0.0,-1601.25,0.0769,20.0
655,2024-10-17,0.0,0.13716,0.35,11.075,6.71666666666667,0.13716,0.0,9.984e-32,0.0,-2.5332e-06,-10.507,121.73,-16.156,34.694,-0.002525,-1000000.0,-795.29,-17.077,0.0,34.143,5.8064,16.599,0.44211,0.0,-1601.25,0.0769,20.0
656,2024-10-18,0.0,0.25654,-2.55,12.1,4.97708333333333,0.25654,0.0,9.984e-32,0.0,-2.5332e-06,-10.251,121.73,-16.156,34.694,-0.0025275,-1000000.0,-795.29,-17.079,0.0,34.143,5.8064,16.599,0.44211,0.0,-1601.25,0.0769,20.0
657,2024-10-19,0.0,0.48768,9.4,21.075,13.7479166666667,0.48768,0.0,9.984e-32,0.0,-2.5332e-06,-9.7629,121.73,-16.156,34.694,-0.0025301,-1000000.0,-795.29,-17.081,0.0,34.143,5.8064,16.599,0.44211,0.0,-1601.25,0.0769,20.0
658,2024-10-20,0.0,0.4064,12.475,22.075,16.8104166666667,0.4064,0.0,9.984e-32,0.0,-2.5332e-06,-9.3565,121.73,-16.156,34.694,-0.0025326,-1000000.0,-795.29,-17.083,0.0,34.143,5.8064,16.599,0.44211,0.0,-1601.25,0.0769,20.0
659,2024-10-21,0.0204,0.20066,0.875,17.675,11.209375,0.20066,0.0,9.984e-32,0.0,-2.5332e-06,-9.1559,121.73,-16.156,34.694,-0.0025351,-1000000.0,-795.29,-17.085,0.0,34.143,5.8064,16.599,0.44211,0.0,-1601.25,0.0769,20.0
660,2024-10-22,0.0017,0.17272,-1.375,13.4,4.90729166666667,0.17272,0.0,9.984e-32,0.0,-2.5034e-06,-8.9831,121.73,-16.156,34.694,-0.0025376,-1000000.0,-795.29,-17.088,0.0,34.143,5.8064,16.599,0.44211,0.0,-1601.25,0.0769,20.0
661,2024-10-23,0.0,0.254,-1.7,14.275,6.2875,0.254,0.0,9.984e-32,0.0,-2.5034e-06,-8.7291,121.73,-16.156,34.694,-0.0025402,-1000000.0,-795.29,-17.09,0.0,34.143,5.8064,16.599,0.44211,0.0,-1601.25,0.0769,20.0
662,2024-10-24,0.0,0.1651,-1.725,11.375,4.2625,0.1651,0.0,9.984e-32,0.0,-2.5034e-06,-8.564,121.73,-16.156,34.694,-0.0025427,-1000000.0,-795.29,-17.092,0.0,34.143,5.8064,16.599,0.44211,0.0,-1601.25,0.0769,20.0
663,2024-10-25,0.0,0.10668,-5.4,9.95,2.27291666666667,0.10668,0.0,9.984e-32,0.0,-2.5034e-06,-8.4574,121.73,-16.156,34.694,-0.0025452,-1000000.0,-795.29,-17.094,0.0,34.143,5.8064,16.599,0.44211,0.0,-1601.25,0.0769,20.0
664,2024-10-26,0.0,0.27686,-2.675,19.975,9.38229166666667,0.27686,0.0,9.984e-32,0.0,-2.5034e-06,-8.1805,121.73,-16.156,34.694,-0.0025477,-1000000.0,-795.29,-17.096,0.0,34.143,5.8064,16.599,0.44211,0.0,-1601.25,0.0769,20.0
665,2024-10-27,0.0,0.32766,3.925,21.775,11.284375,0.32766,0.0,9.984e-32,0.0,-2.5034e-06,-7.8528,121.73,-16.156,34.694,-0.0025502,-1000000.0,-795.29,-17.098,0.0,34.143,5.8064,16.599,0.44211,0.0,-1601.25,0.0769,20.0
666,2024-10-28,0.0,0.21336,-3.725,12.75,5.74479166666667,0.21336,0.0,9.984e-32,0.0,-2.5034e-06,-7.6395,121.73,-16.156,34.694,-0.0025527,-1000000.0,-795.29,-17.1,0.0,34.143,5.8064,16.599,0.44211,0.0,-1601.25,0.0769,20.0
667,2024-10-29,0.0,0.08128,-7.775,9.6,0.632291666666667,0.08128,0.0,9.984e-32,0.0,-2.5034e-06,-7.5582,121.73,-16.156,34.694,-0.0025552,-1000000.0,-795.29,-17.102,0.0,34.143,5.8064,16.599,0.44211,0.0,-1601.25,0.0769,20.0
668,2024-10-30,0.0,0.17526,-5.625,9.95,1.42916666666667,0.17526,0.0,9.984e-32,0.0,-2.5034e-06,-7.383,121.73,-16.156,34.694,-0.0025577,-1000000.0,-795.29,-17.104,0.0,34.143,5.8064,16.599,0.44211,0.0,-1601.25,0.0769,20.0
669,2024-10-31,0.0,0.14732,-3.35,8.6,1.44270833333333,0.14732,0.0,9.984e-32,0.0,-2.5034e-06,-7.2356,121.73,-16.156,34.694,-0.0025602,-1000000.0,-795.29,-17.106,0.0,34.143,5.8064,16.599,0.44211,0.0,-1601.25,0.0769,20.0
670,2024-11-01,0.0,0.17018,-3.825,9.1,2.42291666666667,0.17018,0.0,9.984e-32,0.0,-2.4736e-06,-7.0655,121.73,-16.156,34.694,-0.0025627,-1000000.0,-795.29,-17.108,0.0,34.143,5.8064,16.599,0.44211,0.0,-1601.25,0.0769,20.0
671,2024-11-02,0.0,0.21082,1.775,11.425,6.10416666666667,0.21082,0.0,9.984e-32,0.0,-2.4736e-06,-6.8546,121.73,-16.156,34.694,-0.0025652,-1000000.0,-795.29,-17.11,0.0,34.143,5.8064,16.599,0.44211,0.0,-1601.25,0.0769,20.0
672,2024-11-03,0.0,0.1016,-2.075,8.975,2.288,0.1016,0.0,9.984e-32,0.0,-2.4736e-06,-6.753,121.73,-16.156,34.694,-0.0025676,-1000000.0,-795.29,-17.112,0.0,34.143,5.8064,16.599,0.44211,0.0,-1601.25,0.0769,20.0
673,2024-11-04,0.0,0.21844,-3.15,7.625,2.86875,0.21844,0.0,9.984e-32,0.0,-2.4736e-06,-6.5346,121.73,-16.156,34.694,-0.0025701,-1000000.0,-795.29,-17.114,0.0,34.143,5.8064,16.599,0.44211,0.0,-1601.25,0.0769,20.0
674,2024-11-05,0.1666,0.07874,-2.95,3.575,0.690625,0.07874,0.0,9.984e-32,0.0,-2.4736e-06,-6.4559,121.73,-16.156,34.694,-0.0025726,-1000000.0,-795.29,-17.116,0.0,34.143,5.8064,16.599,0.44211,0.0,-1601.25,0.0769,20.0
675,2024-11-06,0.0357,0.1524,-8.175,8.25,-0.05625,0.1524,0.0,9.984e-32,0.0,-2.4736e-06,-6.3035,121.73,-16.156,34.694,-0.0025751,-1000000.0,-795.29,-17.118,0.0,34.143,5.8064,16.599,0.44211,0.0,-1601.25,0.0769,20.0
676,2024-11-07,0.0,0.28702,1.9,13.625,6.85,0.28702,0.0,9.984e-32,0.0,-2.4736e-06,-6.0164,121.73,-16.156,34.694,-0.0025775,-1000000.0,-795.29,-17.12,0.0,34.143,5.8064,16.599,0.44211,0.0,-1601.25,0.0769,20.0
677,2024-11-08,0.0,0.25146,2.375,17.8,9.1375,0.25146,0.0,9.984e-32,0.0,-2.4736e-06,-5.765,121.73,-16.156,34.694,-0.00258,-1000000.0,-795.29,-17.122,0.0,34.143,5.8064,16.599,0.44211,0.0,-1601.25,0.0769,20.0
678,2024-11-09,0.0,0.11176,2.375,16.425,7.759375,0.11176,0.0,9.984e-32,0.0,-2.4736e-06,-5.6532,121.73,-16.156,34.694,-0.0025825,-1000000.0,-795.29,-17.124,0.0,34.143,5.8064,16.599,0.44211,0.0,-1601.25,0.0769,20.0
679,2024-11-10,0.0,0.10414,1.475,11.075,6.82291666666667,0.10414,0.0,9.984e-32,0.0,-2.4736e-06,-5.5491,121.73,-16.156,34.694,-0.0025849,-1000000.0,-795.29,-17.126,0.0,34.143,5.8064,16.599,0.44211,0.0,-1601.25,0.0769,20.0
680,2024-11-11,0.0,0.18542,-0.1,15.325,7.02083333333333,0.18542,0.0,9.984e-32,0.0,-2.4438e-06,-5.3637,121.73,-16.156,34.694,-0.0025874,-1000000.0,-795.29,-17.128,0.0,34.143,5.8064,16.599,0.44211,0.0,-1601.25,0.0769,20.0
681,2024-11-12,0.0,0.18288,1.1,10.675,5.13958333333333,0.18288,0.0,9.984e-32,0.0,-2.4438e-06,-5.1808,121.73,-16.156,34.694,-0.0025899,-1000000.0,-795.29,-17.131,0.0,34.143,5.8064,16.599,0.44211,0.0,-1601.25,0.0769,20.0
682,2024-11-13,0.0,0.2794,0.1,11.425,5.85625,0.2794,0.0,9.984e-32,0.0,-2.4438e-06,-4.9014,121.73,-16.156,34.694,-0.0025923,-1000000.0,-795.29,-17.133,0.0,34.143,5.8064,16.599,0.44211,0.0,-1601.25,0.0769,20.0
683,2024-11-14,0.0,0.2413,-1.7,11.575,5.62083333333333,0.2413,0.0,9.984e-32,0.0,-2.4438e-06,-4.6601,121.73,-16.156,34.694,-0.0025948,-1000000.0,-795.29,-17.135,0.0,34.143,5.8064,16.599,0.44211,0.0,-1601.25,0.0769,20.0
684,2024-11-15,0.0,0.06858,-6.025,8.2,0.633333333333333,0.06858,0.0,9.984e-32,0.0,-2.4438e-06,-4.5915,121.73,-16.156,34.694,-0.0025972,-1000000.0,-795.29,-17.137,0.0,34.143,5.8064,16.599,0.44211,0.0,-1601.25,0.0769,20.0
685,2024-11-16,0.0,0.14986,-12.75,7.6,-1.82604166666667,0.14986,0.0,9.984e-32,0.0,-2.4438e-06,-4.4416,121.73,-16.156,34.694,-0.0025996,-1000000.0,-795.29,-17.139,0.0,34.143,5.8064,16.599,0.44211,0.0,-1601.25,0.0769,20.0
686,2024-11-17,0.0,0.3175,2.725,9.775,5.85416666666667,0.3175,0.0,9.984e-32,0.0,-2.4438e-06,-4.1241,121.73,-16.156,34.694,-0.0026021,-1000000.0,-795.29,-17.141,0.0,34.143,5.8064,16.599,0.44211,0.0,-1601.25,0.0769,20.0
687,2024-11-18,0.0,0.13462,-10.125,4.45,0.1625,0.13462,0.0,9.984e-32,0.0,-2.4438e-06,-3.9895,121.73,-16.156,34.694,-0.0026045,-1000000.0,-795.29,-17.143,0.0,34.143,5.8064,16.599,0.44211,0.0,-1601.25,0.0769,20.0
688,2024-11-19,0.0,0.04064,-13.8,3.675,-5.725,0.04064,0.0,9.984e-32,0.0,-2.4438e-06,-3.9489,121.73,-16.156,34.694,-0.002607,-1000000.0,-795.29,-17.145,0.0,34.143,5.8064,16.599,0.44211,0.0,-1601.25,0.0769,20.0
689,2024-11-20,0.0,0.03048,-14.175,-3.125,-9.021875,0.03048,0.0,9.984e-32,0.0,-2.4438e-06,-3.9184,121.73,-16.156,34.694,-0.0026094,-1000000.0,-795.29,-17.147,0.0,34.143,5.8064,16.599,0.44211,0.0,-1601.25,0.0769,20.0
690,2024-11-21,0.0,0.04064,-10.3,0.7,-5.24479166666667,0.04064,0.0,9.984e-32,0.0,-2.4438e-06,-3.8778,121.73,-16.156,34.694,-0.0026119,-1000000.0,-795.29,-17.149,0.0,34.143,5.8064,16.599,0.44211,0.0,-1601.25,0.0769,20.0
691,2024-11-22,0.0,0.0127,-11.55,-6.6,-8.44895833333333,0.0127,0.0,9.984e-32,0.0,-2.414e-06,-3.8651,121.73,-16.156,34.694,-0.0026143,-1000000.0,-795.29,-17.151,0.0,34.143,5.8063,16.599,0.44211,0.0,-1601.25,0.0769,20.0
692,2024-11-23,0.0,0.02032,-12.325,-5.45,-8.29583333333333,0.02032,0.0,9.984e-32,0.0,-2.414e-06,-3.8447,121.73,-16.156,34.694,-0.0026167,-1000000.0,-795.29,-17.153,0.0,34.143,5.8063,16.599,0.44211,0.0,-1601.25,0.0769,20.0
693,2024-11-24,0.0,0.01778,-17.625,-8.025,-11.8416666666667,0.01778,0.0,9.984e-32,0.0,-2.414e-06,-3.827,121.73,-16.156,34.694,-0.0026191,-1000000.0,-795.29,-17.155,0.0,34.143,5.8063,16.599,0.44211,0.0,-1601.25,0.0769,20.0
694,2024-11-25,0.0,0.01778,-16.125,-6.975,-12.503125,0.01778,0.0,9.984e-32,0.0,-2.414e-06,-3.8092,121.73,-16.156,34.694,-0.0026215,-1000000.0,-795.29,-17.157,0.0,34.143,5.8063,16.599,0.44211,0.0,-1601.25,0.0769,20.0
695,2024-11-26,0.2805,0.0762,-15.125,6.225,-2.65625,0.0762,0.0,9.984e-32,0.0,-2.414e-06,-3.733,121.73,-16.156,34.694,-0.0026239,-1000000.0,-795.29,-17.159,0.0,34.143,5.8063,16.599,0.44211,0.0,-1601.25,0.0769,20.0
696,2024-11-27,0.0,0.02286,-13.4,-3.525,-6.928125,0.02286,0.0,9.984e-32,0.0,-2.414e-06,-3.7101,121.73,-16.156,34.694,-0.0026263,-1000000.0,-795.29,-17.161,0.0,34.143,5.8063,16.599,0.44211,0.0,-1601.25,0.0769,20.0
697,2024-11-28,0.0119,0.04064,-13.2,3.8,-6.37708333333333,0.04064,0.0,9.984e-32,0.0,-2.414e-06,-3.6695,121.73,-16.156,34.694,-0.0026288,-1000000.0,-795.29,-17.162,0.0,34.143,5.8063,16.599,0.44211,0.0,-1601.25,0.0769,20.0
698,2024-11-29,0.0,0.01778,-15.55,-7.675,-11.6479166666667,0.01778,0.0,9.984e-32,0.0,-2.414e-06,-3.6517,121.73,-16.156,34.694,-0.0026312,-1000000.0,-795.29,-17.164,0.0,34.143,5.8063,16.599,0.44211,0.0,-1601.25,0.0769,20.0
699,2024-11-30,0.0,0.11938,-14.65,4.725,0.494791666666667,0.11938,0.0,9.984e-32,0.0,-2.414e-06,-3.5323,121.73,-16.156,34.694,-0.0026336,-1000000.0,-795.29,-17.166,0.0,34.143,5.8063,16.599,0.44211,0.0,-1601.25,0.0769,20.0
700,2024-12-01,0.0,0.03302,-18.475,0.575,-11.190625,0.03302,0.0,9.984e-32,0.0,-2.414e-06,-3.4993,121.73,-16.156,34.694,-0.002636,-1000000.0,-795.29,-17.168,0.0,34.143,5.8063,16.599,0.44211,0.0,-1601.25,0.0769,20.0
701,2024-12-02,0.0,0.08128,-17.525,9.175,-4.25416666666667,0.08128,0.0,9.984e-32,0.0,-2.3842e-06,-3.418,121.73,-16.156,34.694,-0.0026384,-1000000.0,-795.29,-17.17,0.0,34.143,5.8063,16.599,0.44211,0.0,-1601.25,0.0769,20.0
702,2024-12-03,0.0,0.15748,-4.2,12.9,3.23958333333333,0.15748,0.0,9.984e-32,0.0,-2.3842e-06,-3.2605,121.73,-16.156,34.694,-0.0026408,-1000000.0,-795.29,-17.172,0.0,34.143,5.8063,16.599,0.44211,0.0,-1601.25,0.0769,20.0
703,2024-12-04,0.0,0.04826,-7.125,9.45,0.595833333333333,0.04826,0.0,9.984e-32,0.0,-2.3842e-06,-3.2123,121.73,-16.156,34.694,-0.0026432,-1000000.0,-795.29,-17.174,0.0,34.143,5.8063,16.599,0.44211,0.0,-1601.25,0.0769,20.0
704,2024-12-05,0.0,0.18034,-7.7,13.975,4.06354166666667,0.18034,0.0,9.984e-32,0.0,-2.3842e-06,-3.0319,121.73,-16.156,34.694,-0.0026455,-1000000.0,-795.29,-17.176,0.0,34.143,5.8063,16.599,0.44211,0.0,-1601.25,0.0769,20.0
705,2024-12-06,0.0,0.28956,4.025,13.8,8.015625,0.28956,0.0,9.984e-32,0.0,-2.3842e-06,-2.7424,121.73,-16.156,34.694,-0.0026479,-1000000.0,-795.29,-17.178,0.0,34.143,5.8063,16.599,0.44211,0.0,-1601.25,0.0769,20.0
706,2024-12-07,0.0,0.36576,7.625,14.2,10.95,0.36576,0.0,9.984e-32,0.0,-2.3842e-06,-2.3766,121.73,-16.156,34.694,-0.0026503,-1000000.0,-795.29,-17.18,0.0,34.143,5.8063,16.599,0.44211,0.0,-1601.25,0.0769,20.0
707,2024-12-08,0.0,0.12954,-2.8,7.3,2.18020833333333,0.12954,0.0,9.984e-32,0.0,-2.3842e-06,-2.2471,121.73,-16.156,34.694,-0.0026527,-1000000.0,-795.29,-17.182,0.0,34.143,5.8063,16.599,0.44211,0.0,-1601.25,0.0769,20.0
708,2024-12-09,0.0,0.05842,-6.425,4.475,-1.75104166666667,0.05842,0.0,9.984e-32,0.0,-2.3842e-06,-2.1887,121.73,-16.156,34.694,-0.0026551,-1000000.0,-795.29,-17.184,0.0,34.143,5.8063,16.599,0.44211,0.0,-1601.25,0.0769,20.0
709,2024-12-10,0.0,0.06858,-6.675,2.775,-1.2125,0.06858,0.0,9.984e-32,0.0,-2.3842e-06,-2.1201,121.73,-16.156,34.694,-0.0026575,-1000000.0,-795.29,-17.186,0.0,34.143,5.8063,16.599,0.44211,0.0,-1601.25,0.0769,20.0
710,2024-12-11,0.0,0.10668,-0.55,8.075,3.07916666666667,0.10668,0.0,9.984e-32,0.0,-2.3842e-06,-2.0134,121.73,-16.156,34.694,-0.0026598,-1000000.0,-795.29,-17.188,0.0,34.143,5.8063,16.599,0.44211,0.0,-1601.25,0.0769,20.0
711,2024-12-12,0.0,0.05588,-8.525,7.4,-1.64479166666667,0.05588,0.0,9.984e-32,0.0,-2.3842e-06,-1.9575,121.73,-16.156,34.694,-0.0026622,-1000000.0,-795.29,-17.19,0.0,34.143,5.8063,16.599,0.44211,0.0,-1601.25,0.0769,20.0
712,2024-12-13,0.0,0.13462,-5.975,8.875,1.35416666666667,0.13462,0.0,9.984e-32,0.0,-2.3544e-06,-1.8229,121.73,-16.156,34.694,-0.0026646,-1000000.0,-795.29,-17.192,0.0,34.143,5.8063,16.599,0.44211,0.0,-1601.25,0.0769,20.0
713,2024-12-14,0.0,0.18542,-2.075,10.15,4.35833333333333,0.18542,0.0,9.984e-32,0.0,-2.3544e-06,-1.6375,121.73,-16.156,34.694,-0.0026669,-1000000.0,-795.29,-17.194,0.0,34.143,5.8063,16.599,0.44211,0.0,-1601.25,0.0769,20.0
714,2024-12-15,0.0,0.10922,-2.55,4.65,1.23958333333333,0.10922,0.0,9.984e-32,0.0,-2.3544e-06,-1.5283,121.73,-16.156,34.694,-0.0026693,-1000000.0,-795.29,-17.196,0.0,34.143,5.8063,16.599,0.44211,0.0,-1601.25,0.0769,20.0
715,2024-12-16,0.0,0.05842,-7.225,-0.025,-3.25416666666667,0.05842,0.0,9.984e-32,0.0,-2.3544e-06,-1.4698,121.73,-16.156,34.694,-0.0026716,-1000000.0,-795.29,-17.198,0.0,34.143,5.8063,16.599,0.44211,0.0,-1601.25,0.0769,20.0
716,2024-12-17,0.0,0.02032,-9.3,-4.675,-6.98541666666667,0.02032,0.0,9.984e-32,0.0,-2.3544e-06,-1.4495,121.73,-16.156,34.694,-0.002674,-1000000.0,-795.29,-17.2,0.0,34.143,5.8063,16.599,0.44211,0.0,-1601.25,0.0769,20.0
717,2024-12-18,0.0,0.17272,-11.025,10.75,1.13854166666667,0.17272,0.0,9.984e-32,0.0,-2.3544e-06,-1.2768,121.73,-16.156,34.694,-0.0026764,-1000000.0,-795.29,-17.202,0.0,34.143,5.8063,16.599,0.44211,0.0,-1601.25,0.0769,20.0
718,2024-12-19,0.0,0.12192,-12.825,9.125,-1.403125,0.12192,0.0,9.984e-32,0.0,-2.3544e-06,-1.1549,121.73,-16.156,34.694,-0.0026787,-1000000.0,-795.29,-17.204,0.0,34.143,5.8063,16.599,0.44211,0.0,-1601.25,0.0769,20.0
719,2024-12-20,0.0,0.21844,3.675,16.325,8.503125,0.21844,0.0,9.984e-32,0.0,-2.3544e-06,-0.93643,121.73,-16.156,34.694,-0.0026811,-1000000.0,-795.29,-17.206,0.0,34.143,5.8063,16.599,0.44211,0.0,-1601.25,0.0769,20.0
720,2024-12-21,0.0,0.25146,6.375,11.775,8.81875,0.25146,0.0,9.984e-32,0.0,-2.3544e-06,-0.68497,121.73,-16.156,34.694,-0.0026834,-1000000.0,-795.29,-17.207,0.0,34.143,5.8063,16.599,0.44211,0.0,-1601.25,0.0769,20.0
721,2024-12-22,0.0,0.17272,0.075,9.475,4.3375,0.17272,0.0,9.984e-32,0.0,-2.3246e-06,-0.51225,121.73,-16.156,34.694,-0.0026858,-1000000.0,-795.29,-17.209,0.0,34.143,5.8063,16.599,0.44211,0.0,-1601.25,0.0769,20.0
722,2024-12-23,0.0,0.19812,0.425,10.325,4.85520833333333,0.19812,0.0,9.984e-32,0.0,-2.3246e-06,-0.31413,121.73,-16.156,34.694,-0.0026881,-1000000.0,-795.29,-17.211,0.0,34.143,5.8063,16.599,0.44211,0.0,-1601.25,0.0769,20.0
723,2024-12-24,0.0,0.18796,-2.8,10.975,4.34375,0.18796,0.0,9.984e-32,0.0,-2.3246e-06,-0.12617,121.73,-16.156,34.694,-0.0026904,-1000000.0,-795.29,-17.213,0.0,34.143,5.8063,16.599,0.44211,0.0,-1601.25,0.0769,20.0
724,2024-12-25,0.0,0.2032,-0.1,7.125,3.17916666666667,0.2032,0.0,9.984e-32,0.0,-2.3246e-06,0.077029,121.73,-16.156,34.694,-0.0026927,-1000000.0,-795.29,-17.215,0.0,34.143,5.8063,16.599,0.44211,0.0,-1601.25,0.0769,20.0
725,2024-12-26,0.0,0.21844,1.55,6.75,3.684375,0.21844,0.0,9.984e-32,0.0,-2.3246e-06,0.29547,121.73,-16.156,34.694,-0.0026951,-1000000.0,-795.29,-17.217,0.0,34.143,5.8063,16.599,0.44211,0.0,-1601.25,0.0769,20.0
726,2024-12-27,0.0,0.17526,-1.475,6.175,2.21770833333333,0.17526,0.0,9.984e-32,0.0,-2.3246e-06,0.47073,121.73,-16.156,34.694,-0.0026974,-1000000.0,-795.29,-17.219,0.0,34.143,5.8063,16.599,0.44211,0.0,-1601.25,0.0769,20.0
727,2024-12-28,0.0,0.20574,1.4,9.45,4.14791666666667,0.20574,0.0,9.984e-32,0.0,-2.3246e-06,0.67647,121.73,-16.156,34.694,-0.0026997,-1000000.0,-795.29,-17.221,0.0,34.143,5.8063,16.599,0.44211,0.0,-1601.25,0.0769,20.0
728,2024-12-29,0.1003,0.07874,-4.1,4.5,1.5125,0.07874,0.0,9.984e-32,0.0,-2.3246e-06,0.75521,121.73,-16.156,34.694,-0.002702,-1000000.0,-795.29,-17.223,0.0,34.143,5.8063,16.599,0.44211,0.0,-1601.25,0.0769,20.0
729,2024-12-30,0.0,0.01524,-7.6,-1.525,-4.54270833333333,0.01524,0.0,9.984e-32,0.0,-2.3246e-06,0.77045,121.73,-16.156,34.694,-0.0027044,-1000000.0,-795.29,-17.225,0.0,34.143,5.8063,16.599,0.44211,0.0,-1601.25,0.0769,20.0
730,2024-12-31,0.0,0.0,-9.275,-2.3,-6.24583333333333,0.0,0.0,9.984e-32,0.0,-2.3246e-06,0.77045,121.73,-16.156,34.694,-0.0027067,-1000000.0,-795.29,-17.227,0.0,34.143,5.8063,16.599,0.44211,0.0,-1601.25,0.0769,20.0
731,2025-01-01,0.0,0.0127,-13.4,-7.125,-10.69375,0.0127,0.0,9.984e-32,0.0,-2.3246e-06,0.78315,121.73,-16.156,34.694,-0.002709,-1000000.0,-795.29,-17.229,0.0,34.143,5.8063,16.599,0.44211,0.0,-1601.25,0.0769,20.0
732,2025-01-02,0.0,0.0127,-13.5,-9.725,-12.5635416666667,0.0127,0.0,9.984e-32,0.0,-2.3246e-06,0.79585,121.73,-16.156,34.694,-0.0027113,-1000000.0,-795.29,-17.23,0.0,34.143,5.8063,16.599,0.44211,0.0,-1601.25,0.0769,20.0
733,2025-01-03,0.0,0.0127,-15.0,-11.325,-12.9666666666667,0.0127,0.0,9.984e-32,0.0,-2.2948e-06,0.80855,121.73,-16.156,34.694,-0.0027136,-1000000.0,-795.29,-17.232,0.0,34.143,5.8062,16.599,0.44211,0.0,-1601.25,0.0769,20.0
734,2025-01-04,0.0,0.01016,-21.325,-11.175,-14.390625,0.01016,0.0,9.984e-32,0.0,-2.2948e-06,0.81871,121.73,-16.156,34.694,-0.0027159,-1000000.0,-795.29,-17.234,0.0,34.143,5.8062,16.599,0.44211,0.0,-1601.25,0.0769,20.0
735,2025-01-05,0.0,0.00508,-22.6,-9.125,-14.8458333333333,0.00508,0.0,9.984e-32,0.0,-2.2948e-06,0.82379,121.73,-16.156,34.694,-0.0027182,-1000000.0,-795.29,-17.236,0.0,34.143,5.8062,16.599,0.44211,0.0,-1601.25,0.0769,20.0
736,2025-01-06,0.0,0.01524,-11.125,-4.6,-8.06354166666667,0.01524,0.0,9.984e-32,0.0,-2.2948e-06,0.83903,121.73,-16.156,34.694,-0.0027205,-1000000.0,-795.29,-17.238,0.0,34.143,5.8062,16.599,0.44211,0.0,-1601.25,0.0769,20.0
737,2025-01-07,0.0,0.07112,-11.65,-0.85,-4.471875,0.07112,0.0,9.984e-32,0.0,-2.2948e-06,0.91015,121.73,-16.156,34.694,-0.0027228,-1000000.0,-795.29,-17.24,0.0,34.143,5.8062,16.599,0.44211,0.0,-1601.25,0.0769,20.0
738,2025-01-08,0.0374,0.10668,-0.35,3.4,1.278125,0.10668,0.0,9.984e-32,0.0,-2.2948e-06,1.0168,121.73,-16.156,34.694,-0.0027251,-1000000.0,-795.29,-17.242,0.0,34.143,5.8062,16.599,0.44211,0.0,-1601.25,0.0769,20.0
739,2025-01-09,0.0,0.06604,-3.7,1.125,-1.515625,0.06604,0.0,9.984e-32,0.0,-2.2948e-06,1.0829,121.73,-16.156,34.694,-0.0027274,-1000000.0,-795.29,-17.244,0.0,34.143,5.8062,16.599,0.44211,0.0,-1601.25,0.0769,20.0
740,2025-01-10,0.0,0.1905,-1.075,6.375,2.36354166666667,0.1905,0.0,9.984e-32,0.0,-2.2948e-06,1.2734,121.73,-16.156,34.694,-0.0027297,-1000000.0,-795.29,-17.246,0.0,34.143,5.8062,16.599,0.44211,0.0,-1601.25,0.0769,20.0
741,2025-01-11,0.0085,0.04572,-1.725,2.475,-0.375,0.04572,0.0,9.984e-32,0.0,-2.2948e-06,1.3191,121.73,-16.156,34.694,-0.002732,-1000000.0,-795.29,-17.247,0.0,34.143,5.8062,16.599,0.44211,0.0,-1601.25,0.0769,20.0
742,2025-01-12,0.1139,0.02286,-6.675,0.3,-2.18229166666667,0.02286,0.0,9.984e-32,0.0,-2.2948e-06,1.3419,121.73,-16.156,34.694,-0.0027343,-1000000.0,-795.29,-17.249,0.0,34.143,5.8062,16.599,0.44211,0.0,-1601.25,0.0769,20.0
743,2025-01-13,0.0,0.05588,-5.925,0.575,-2.31666666666667,0.05588,0.0,9.984e-32,0.0,-2.2948e-06,1.3978,121.73,-16.156,34.694,-0.0027366,-1000000.0,-795.29,-17.251,0.0,34.143,5.8062,16.599,0.44211,0.0,-1601.25,0.0769,20.0
744,2025-01-14,0.0,0.10668,-4.7,2.175,-0.8375,0.10668,0.0,9.984e-32,0.0,-2.265e-06,1.5045,121.73,-16.156,34.694,-0.0027388,-1000000.0,-795.29,-17.253,0.0,34.143,5.8062,16.599,0.44211,0.0,-1601.25,0.0769,20.0
745,2025-01-15,0.0,0.127,1.125,5.75,3.30729166666667,0.127,0.0,9.984e-32,0.0,-2.265e-06,1.6315,121.73,-16.156,34.694,-0.0027411,-1000000.0,-795.29,-17.255,0.0,34.143,5.8062,16.599,0.44211,0.0,-1601.25,0.0769,20.0
746,2025-01-16,0.0,0.20574,-0.475,9.85,5.20208333333333,0.20574,0.0,9.984e-32,0.0,-2.265e-06,1.8372,121.73,-16.156,34.694,-0.0027434,-1000000.0,-795.29,-17.257,0.0,34.143,5.8062,16.599,0.44211,0.0,-1601.25,0.0769,20.0
747,2025-01-17,0.0102,0.04064,-13.675,-1.05,-8.821875,0.04064,0.0,9.984e-32,0.0,-2.265e-06,1.8779,121.73,-16.156,34.694,-0.0027456,-1000000.0,-795.29,-17.259,0.0,34.143,5.8062,16.599,0.44211,0.0,-1601.25,0.0769,20.0
748,2025-01-18,0.0,0.02032,-23.275,-11.45,-15.8322916666667,0.02032,0.0,9.984e-32,0.0,-2.265e-06,1.8982,121.73,-16.156,34.694,-0.0027479,-1000000.0,-795.29,-17.261,0.0,34.143,5.8062,16.599,0.44211,0.0,-1601.25,0.0769,20.0
749,2025-01-19,0.0,0.01778,-25.5,-12.125,-19.7854166666667,0.01778,0.0,9.984e-32,0.0,-2.265e-06,1.916,121.73,-16.156,34.694,-0.0027502,-1000000.0,-795.29,-17.262,0.0,34.143,5.8062,16.599,0.44211,0.0,-1601.25,0.0769,20.0
750,2025-01-20,0.0,0.05588,-25.125,-7.125,-15.5979166666667,0.05588,0.0,9.984e-32,0.0,-2.265e-06,1.9719,121.73,-16.156,34.694,-0.0027524,-1000000.0,-795.29,-17.264,0.0,34.143,5.8062,16.599,0.44211,0.0,-1601.25,0.0769,20.0
751,2025-01-21,0.0,0.14986,-6.725,0.8,-3.21979166666667,0.14986,0.0,9.984e-32,0.0,-2.265e-06,2.1217,121.73,-16.156,34.694,-0.0027547,-1000000.0,-795.29,-17.266,0.0,34.143,5.8062,16.599,0.44211,0.0,-1601.25,0.0769,20.0
752,2025-01-22,0.0,0.04572,-12.475,-1.4,-5.309375,0.04572,0.0,9.984e-32,0.0,-2.265e-06,2.1674,121.73,-16.156,34.694,-0.002757,-1000000.0,-795.29,-17.268,0.0,34.143,5.8062,16.599,0.44211,0.0,-1601.25,0.0769,20.0
753,2025-01-23,0.0,0.15494,-9.2,1.875,-2.871875,0.15494,0.0,9.984e-32,0.0,-2.265e-06,2.3224,121.73,-16.156,34.694,-0.0027592,-1000000.0,-795.29,-17.27,0.0,34.143,5.8062,16.599,0.44211,0.0,-1601.25,0.0769,20.0
754,2025-01-24,0.0663,0.02794,-8.5,-0.275,-4.25208333333333,0.02794,0.0,9.984e-32,0.0,-2.265e-06,2.3503,121.73,-16.156,34.694,-0.0027615,-1000000.0,-795.29,-17.272,0.0,34.143,5.8062,16.599,0.44211,0.0,-1601.25,0.0769,20.0
755,2025-01-25,0.0,0.03302,-14.9,-4.35,-9.99583333333333,0.03302,0.0,9.984e-32,0.0,-2.2352e-06,2.3833,121.73,-16.156,34.694,-0.0027637,-1000000.0,-795.29,-17.274,0.0,34.143,5.8062,16.599,0.44211,0.0,-1601.25,0.0769,20.0
