 ******* Program HYDRUS
 ******* 
 None                                                                    
 Date:  16. 1.    Time:  15: 8:27
 Units: L = mm   , T = days , M = mmol 

       Time          rTop        rRoot        vTop         vRoot        vBot       sum(rTop)   sum(rRoot)    sum(vTop)   sum(vRoot)    sum(vBot)      hTop         hRoot        hBot        RunOff    sum(RunOff)     Volume     sum(Infil)    sum(Evap) TLevel Cum(WTrans)  SnowLayer
        [T]         [L/T]        [L/T]        [L/T]        [L/T]        [L/T]         [L]          [L]          [L]         [L]           [L]         [L]           [L]         [L]          [L/T]         [L]          [L]          [L]          [L]

       1.0000  0.00000E+00  0.00000E+00  0.25002E-07  0.00000E+00 -0.55640E-05  0.00000E+00  0.00000E+00  0.24486E-07  0.00000E+00 -0.55581E-05 -0.15009E+02 -0.75503E+01 -0.15005E+02  0.00000E+00  0.00000E+00  0.24685E+02  0.00000E+00  0.56692E-07     22  0.00000E+00      0.000
       2.0000  0.35560E-01  0.00000E+00  0.35560E-01  0.00000E+00 -0.55432E-05  0.35560E-01  0.00000E+00  0.35560E-01  0.00000E+00 -0.11101E-04 -0.47004E+02 -0.75506E+01 -0.15009E+02  0.00000E+00  0.00000E+00  0.24650E+02  0.00000E+00  0.35560E-01     26  0.00000E+00      0.000
       3.0000  0.10668E+00  0.00000E+00  0.10668E+00  0.00000E+00 -0.55432E-05  0.14224E+00  0.00000E+00  0.14224E+00  0.00000E+00 -0.16645E-04 -0.64971E+04 -0.75676E+01 -0.15014E+02  0.00000E+00  0.00000E+00  0.24543E+02  0.00000E+00  0.14224E+00     28  0.00000E+00      0.000
       4.0000  0.76200E-01  0.00000E+00  0.84888E-03  0.00000E+00 -0.55193E-05  0.21844E+00  0.00000E+00  0.16220E+00  0.00000E+00 -0.22188E-04 -0.10000E+07 -0.76084E+01 -0.15018E+02  0.00000E+00  0.00000E+00  0.24523E+02  0.00000E+00  0.16220E+00     37  0.00000E+00      0.000
       5.0000  0.33020E-01  0.00000E+00  0.52442E-03  0.00000E+00 -0.55321E-05  0.25146E+00  0.00000E+00  0.16273E+00  0.00000E+00 -0.27716E-04 -0.10000E+07 -0.76099E+01 -0.15023E+02  0.00000E+00  0.00000E+00  0.24523E+02  0.00000E+00  0.16273E+00     41  0.00000E+00      0.000
       6.0000  0.48260E-01  0.00000E+00  0.50723E-03  0.00000E+00 -0.55432E-05  0.29972E+00  0.00000E+00  0.16324E+00  0.00000E+00 -0.33259E-04 -0.10000E+07 -0.76113E+01 -0.15027E+02  0.00000E+00  0.00000E+00  0.24522E+02  0.00000E+00  0.16324E+00     43  0.00000E+00      0.000
       7.0000  0.12700E+00  0.00000E+00  0.49069E-03  0.00000E+00 -0.55134E-05  0.42672E+00  0.00000E+00  0.16374E+00  0.00000E+00 -0.38773E-04 -0.10000E+07 -0.76127E+01 -0.15032E+02  0.00000E+00  0.00000E+00  0.24522E+02  0.00000E+00  0.16374E+00     45  0.00000E+00      0.000
       8.0000  0.18542E+00  0.00000E+00  0.47476E-03  0.00000E+00 -0.55134E-05  0.61214E+00  0.00000E+00  0.16422E+00  0.00000E+00 -0.44286E-04 -0.10000E+07 -0.76141E+01 -0.15036E+02  0.00000E+00  0.00000E+00  0.24521E+02  0.00000E+00  0.16422E+00     47  0.00000E+00      0.000
       9.0000  0.17780E+00  0.00000E+00  0.45942E-03  0.00000E+00 -0.55134E-05  0.78994E+00  0.00000E+00  0.16468E+00  0.00000E+00 -0.49800E-04 -0.10000E+07 -0.76154E+01 -0.15041E+02  0.00000E+00  0.00000E+00  0.24521E+02  0.00000E+00  0.16468E+00     49  0.00000E+00      0.000
      10.0000  0.96520E-01  0.00000E+00  0.44464E-03  0.00000E+00 -0.55134E-05  0.88646E+00  0.00000E+00  0.16513E+00  0.00000E+00 -0.55313E-04 -0.10000E+07 -0.76166E+01 -0.15046E+02  0.00000E+00  0.00000E+00  0.24520E+02  0.00000E+00  0.16513E+00     51  0.00000E+00      0.000
      11.0000  0.45720E-01  0.00000E+00  0.43041E-03  0.00000E+00 -0.54836E-05  0.93218E+00  0.00000E+00  0.16556E+00  0.00000E+00 -0.60812E-04 -0.10000E+07 -0.76178E+01 -0.15050E+02  0.00000E+00  0.00000E+00  0.24520E+02  0.00000E+00  0.16556E+00     53  0.00000E+00      0.000
      12.0000  0.19304E+00  0.00000E+00  0.41670E-03  0.00000E+00 -0.54836E-05  0.11252E+01  0.00000E+00  0.16598E+00  0.00000E+00 -0.66295E-04 -0.10000E+07 -0.76190E+01 -0.15055E+02  0.00000E+00  0.00000E+00  0.24519E+02  0.00000E+00  0.16598E+00     55  0.00000E+00      0.000
      13.0000  0.23114E+00  0.00000E+00  0.40350E-03  0.00000E+00 -0.54836E-05  0.13564E+01  0.00000E+00  0.16639E+00  0.00000E+00 -0.71779E-04 -0.10000E+07 -0.76202E+01 -0.15059E+02  0.00000E+00  0.00000E+00  0.24519E+02  0.00000E+00  0.16639E+00     57  0.00000E+00      0.000
      14.0000  0.17272E+00  0.00000E+00  0.39078E-03  0.00000E+00 -0.54836E-05  0.15291E+01  0.00000E+00  0.16678E+00  0.00000E+00 -0.77263E-04 -0.10000E+07 -0.76213E+01 -0.15064E+02  0.00000E+00  0.00000E+00  0.24519E+02  0.00000E+00  0.16678E+00     59  0.00000E+00      0.000
      15.0000  0.33020E-01  0.00000E+00  0.37853E-03  0.00000E+00 -0.54836E-05  0.15621E+01  0.00000E+00  0.16716E+00  0.00000E+00 -0.82746E-04 -0.10000E+07 -0.76223E+01 -0.15068E+02  0.00000E+00  0.00000E+00  0.24518E+02  0.00000E+00  0.16716E+00     61  0.00000E+00      0.000
      16.0000  0.20320E-01  0.00000E+00  0.36672E-03  0.00000E+00 -0.54538E-05  0.15824E+01  0.00000E+00  0.16753E+00  0.00000E+00 -0.88200E-04 -0.10000E+07 -0.76234E+01 -0.15073E+02  0.00000E+00  0.00000E+00  0.24518E+02  0.00000E+00  0.16753E+00     63  0.00000E+00      0.000
      17.0000  0.43180E-01  0.00000E+00  0.35535E-03  0.00000E+00 -0.54538E-05  0.16256E+01  0.00000E+00  0.16789E+00  0.00000E+00 -0.93654E-04 -0.10000E+07 -0.76244E+01 -0.15077E+02  0.00000E+00  0.00000E+00  0.24518E+02  0.00000E+00  0.16789E+00     65  0.00000E+00      0.000
      18.0000  0.16002E+00  0.00000E+00  0.34438E-03  0.00000E+00 -0.54538E-05  0.17856E+01  0.00000E+00  0.16824E+00  0.00000E+00 -0.99108E-04 -0.10000E+07 -0.76254E+01 -0.15082E+02  0.00000E+00  0.00000E+00  0.24517E+02  0.00000E+00  0.16824E+00     67  0.00000E+00      0.000
      19.0000  0.10668E+00  0.00000E+00  0.33382E-03  0.00000E+00 -0.54538E-05  0.18923E+01  0.00000E+00  0.16858E+00  0.00000E+00 -0.10456E-03 -0.10000E+07 -0.76263E+01 -0.15086E+02  0.00000E+00  0.00000E+00  0.24517E+02  0.00000E+00  0.16858E+00     69  0.00000E+00      0.000
      20.0000  0.12700E+00  0.00000E+00  0.32364E-03  0.00000E+00 -0.54240E-05  0.20193E+01  0.00000E+00  0.16890E+00  0.00000E+00 -0.11000E-03 -0.10000E+07 -0.76272E+01 -0.15090E+02  0.00000E+00  0.00000E+00  0.24516E+02  0.00000E+00  0.16890E+00     71  0.00000E+00      0.000
      21.0000  0.18288E+00  0.00000E+00  0.31382E-03  0.00000E+00 -0.54240E-05  0.22022E+01  0.00000E+00  0.16922E+00  0.00000E+00 -0.11542E-03 -0.10000E+07 -0.76281E+01 -0.15095E+02  0.00000E+00  0.00000E+00  0.24516E+02  0.00000E+00  0.16922E+00     73  0.00000E+00      0.000
      22.0000  0.78740E-01  0.00000E+00  0.30437E-03  0.00000E+00 -0.54240E-05  0.22809E+01  0.00000E+00  0.16952E+00  0.00000E+00 -0.12085E-03 -0.10000E+07 -0.76290E+01 -0.15099E+02  0.00000E+00  0.00000E+00  0.24516E+02  0.00000E+00  0.16952E+00     75  0.00000E+00      0.000
      23.0000  0.88900E-01  0.00000E+00  0.29525E-03  0.00000E+00 -0.54240E-05  0.23698E+01  0.00000E+00  0.16982E+00  0.00000E+00 -0.12627E-03 -0.10000E+07 -0.76298E+01 -0.15104E+02  0.00000E+00  0.00000E+00  0.24516E+02  0.00000E+00  0.16982E+00     77  0.00000E+00      0.000
      24.0000  0.83820E-01  0.00000E+00  0.28646E-03  0.00000E+00 -0.54240E-05  0.24536E+01  0.00000E+00  0.17011E+00  0.00000E+00 -0.13170E-03 -0.10000E+07 -0.76306E+01 -0.15108E+02  0.00000E+00  0.00000E+00  0.24515E+02  0.00000E+00  0.17011E+00     79  0.00000E+00      0.000
      25.0000  0.60960E-01  0.00000E+00  0.27798E-03  0.00000E+00 -0.53942E-05  0.25146E+01  0.00000E+00  0.17039E+00  0.00000E+00 -0.13711E-03 -0.10000E+07 -0.76314E+01 -0.15113E+02  0.00000E+00  0.00000E+00  0.24515E+02  0.00000E+00  0.17039E+00     81  0.00000E+00      0.000
      26.0000  0.15240E+00  0.00000E+00  0.26981E-03  0.00000E+00 -0.53942E-05  0.26670E+01  0.00000E+00  0.17066E+00  0.00000E+00 -0.14250E-03 -0.10000E+07 -0.76322E+01 -0.15117E+02  0.00000E+00  0.00000E+00  0.24515E+02  0.00000E+00  0.17066E+00     83  0.00000E+00      0.000
      27.0000  0.45720E-01  0.00000E+00  0.26193E-03  0.00000E+00 -0.53942E-05  0.27127E+01  0.00000E+00  0.17093E+00  0.00000E+00 -0.14789E-03 -0.10000E+07 -0.76329E+01 -0.15122E+02  0.00000E+00  0.00000E+00  0.24514E+02  0.00000E+00  0.17093E+00     85  0.00000E+00      0.000
      28.0000  0.34290E-01  0.00000E+00  0.25433E-03  0.00000E+00 -0.53942E-05  0.27470E+01  0.00000E+00  0.17118E+00  0.00000E+00 -0.15329E-03 -0.10000E+07 -0.76337E+01 -0.15126E+02  0.00000E+00  0.00000E+00  0.24514E+02  0.00000E+00  0.17118E+00     87  0.00000E+00      0.000
      29.0000  0.22860E-01  0.00000E+00  0.24700E-03  0.00000E+00 -0.53942E-05  0.27699E+01  0.00000E+00  0.17143E+00  0.00000E+00 -0.15868E-03 -0.10000E+07 -0.76344E+01 -0.15131E+02  0.00000E+00  0.00000E+00  0.24514E+02  0.00000E+00  0.17143E+00     89  0.00000E+00      0.000
      30.0000  0.55880E-01  0.00000E+00  0.23993E-03  0.00000E+00 -0.53644E-05  0.28257E+01  0.00000E+00  0.17167E+00  0.00000E+00 -0.16405E-03 -0.10000E+07 -0.76350E+01 -0.15135E+02  0.00000E+00  0.00000E+00  0.24514E+02  0.00000E+00  0.17167E+00     91  0.00000E+00      0.000
      31.0000  0.10414E+00  0.00000E+00  0.23311E-03  0.00000E+00 -0.53644E-05  0.29299E+01  0.00000E+00  0.17191E+00  0.00000E+00 -0.16941E-03 -0.10000E+07 -0.76357E+01 -0.15139E+02  0.00000E+00  0.00000E+00  0.24513E+02  0.00000E+00  0.17191E+00     93  0.00000E+00      0.000
      32.0000  0.11176E+00  0.00000E+00  0.22653E-03  0.00000E+00 -0.53644E-05  0.30416E+01  0.00000E+00  0.17214E+00  0.00000E+00 -0.17478E-03 -0.10000E+07 -0.76363E+01 -0.15144E+02  0.00000E+00  0.00000E+00  0.24513E+02  0.00000E+00  0.17214E+00     95  0.00000E+00      0.000
      33.0000  0.14478E+00  0.00000E+00  0.22018E-03  0.00000E+00 -0.53644E-05  0.31864E+01  0.00000E+00  0.17236E+00  0.00000E+00 -0.18014E-03 -0.10000E+07 -0.76370E+01 -0.15148E+02  0.00000E+00  0.00000E+00  0.24513E+02  0.00000E+00  0.17236E+00     97  0.00000E+00      0.000
      34.0000  0.26162E+00  0.00000E+00  0.21406E-03  0.00000E+00 -0.53346E-05  0.34480E+01  0.00000E+00  0.17257E+00  0.00000E+00 -0.18549E-03 -0.10000E+07 -0.76376E+01 -0.15153E+02  0.00000E+00  0.00000E+00  0.24513E+02  0.00000E+00  0.17257E+00     99  0.00000E+00      0.000
      35.0000  0.19304E+00  0.00000E+00  0.20814E-03  0.00000E+00 -0.53346E-05  0.36411E+01  0.00000E+00  0.17278E+00  0.00000E+00 -0.19082E-03 -0.10000E+07 -0.76382E+01 -0.15157E+02  0.00000E+00  0.00000E+00  0.24513E+02  0.00000E+00  0.17278E+00    101  0.00000E+00      0.000
      36.0000  0.20066E+00  0.00000E+00  0.20244E-03  0.00000E+00 -0.53346E-05  0.38417E+01  0.00000E+00  0.17299E+00  0.00000E+00 -0.19616E-03 -0.10000E+07 -0.76387E+01 -0.15161E+02  0.00000E+00  0.00000E+00  0.24512E+02  0.00000E+00  0.17299E+00    103  0.00000E+00      0.000
      37.0000  0.15240E+00  0.00000E+00  0.19693E-03  0.00000E+00 -0.53346E-05  0.39941E+01  0.00000E+00  0.17319E+00  0.00000E+00 -0.20149E-03 -0.10000E+07 -0.76393E+01 -0.15166E+02  0.00000E+00  0.00000E+00  0.24512E+02  0.00000E+00  0.17319E+00    105  0.00000E+00      0.000
      38.0000  0.21336E+00  0.00000E+00  0.19162E-03  0.00000E+00 -0.53346E-05  0.42075E+01  0.00000E+00  0.17338E+00  0.00000E+00 -0.20683E-03 -0.10000E+07 -0.76398E+01 -0.15170E+02  0.00000E+00  0.00000E+00  0.24512E+02  0.00000E+00  0.17338E+00    107  0.00000E+00      0.000
      39.0000  0.10414E+00  0.00000E+00  0.18649E-03  0.00000E+00 -0.53048E-05  0.43116E+01  0.00000E+00  0.17357E+00  0.00000E+00 -0.21213E-03 -0.10000E+07 -0.76403E+01 -0.15175E+02  0.00000E+00  0.00000E+00  0.24512E+02  0.00000E+00  0.17357E+00    109  0.00000E+00      0.000
      40.0000  0.23622E+00  0.00000E+00  0.18153E-03  0.00000E+00 -0.53048E-05  0.45479E+01  0.00000E+00  0.17375E+00  0.00000E+00 -0.21744E-03 -0.10000E+07 -0.76409E+01 -0.15179E+02  0.00000E+00  0.00000E+00  0.24512E+02  0.00000E+00  0.17375E+00    111  0.00000E+00      0.000
      41.0000  0.27178E+00  0.00000E+00  0.17675E-03  0.00000E+00 -0.53048E-05  0.48197E+01  0.00000E+00  0.17393E+00  0.00000E+00 -0.22274E-03 -0.10000E+07 -0.76414E+01 -0.15183E+02  0.00000E+00  0.00000E+00  0.24511E+02  0.00000E+00  0.17393E+00    113  0.00000E+00      0.000
      42.0000  0.17780E+00  0.00000E+00  0.17213E-03  0.00000E+00 -0.53048E-05  0.49975E+01  0.00000E+00  0.17410E+00  0.00000E+00 -0.22805E-03 -0.10000E+07 -0.76418E+01 -0.15188E+02  0.00000E+00  0.00000E+00  0.24511E+02  0.00000E+00  0.17410E+00    115  0.00000E+00      0.000
      43.0000  0.31750E+00  0.00000E+00  0.16767E-03  0.00000E+00 -0.53048E-05  0.53150E+01  0.00000E+00  0.17427E+00  0.00000E+00 -0.23335E-03 -0.10000E+07 -0.76423E+01 -0.15192E+02  0.00000E+00  0.00000E+00  0.24511E+02  0.00000E+00  0.17427E+00    117  0.00000E+00      0.000
      44.0000  0.23622E+00  0.00000E+00  0.16336E-03  0.00000E+00 -0.52750E-05  0.55512E+01  0.00000E+00  0.17443E+00  0.00000E+00 -0.23863E-03 -0.10000E+07 -0.76428E+01 -0.15196E+02  0.00000E+00  0.00000E+00  0.24511E+02  0.00000E+00  0.17443E+00    119  0.00000E+00      0.000
      45.0000  0.66040E-01  0.00000E+00  0.15920E-03  0.00000E+00 -0.52750E-05  0.56172E+01  0.00000E+00  0.17459E+00  0.00000E+00 -0.24390E-03 -0.10000E+07 -0.76432E+01 -0.15201E+02  0.00000E+00  0.00000E+00  0.24511E+02  0.00000E+00  0.17459E+00    121  0.00000E+00      0.000
      46.0000  0.13208E+00  0.00000E+00  0.15518E-03  0.00000E+00 -0.52750E-05  0.57493E+01  0.00000E+00  0.17475E+00  0.00000E+00 -0.24918E-03 -0.10000E+07 -0.76436E+01 -0.15205E+02  0.00000E+00  0.00000E+00  0.24510E+02  0.00000E+00  0.17475E+00    123  0.00000E+00      0.000
      47.0000  0.28702E+00  0.00000E+00  0.15129E-03  0.00000E+00 -0.52750E-05  0.60363E+01  0.00000E+00  0.17490E+00  0.00000E+00 -0.25445E-03 -0.10000E+07 -0.76441E+01 -0.15209E+02  0.00000E+00  0.00000E+00  0.24510E+02  0.00000E+00  0.17490E+00    125  0.00000E+00      0.000
      48.0000  0.24130E+00  0.00000E+00  0.14754E-03  0.00000E+00 -0.52452E-05  0.62776E+01  0.00000E+00  0.17505E+00  0.00000E+00 -0.25971E-03 -0.10000E+07 -0.76445E+01 -0.15214E+02  0.00000E+00  0.00000E+00  0.24510E+02  0.00000E+00  0.17505E+00    127  0.00000E+00      0.000
      49.0000  0.14478E+00  0.00000E+00  0.14391E-03  0.00000E+00 -0.52452E-05  0.64224E+01  0.00000E+00  0.17520E+00  0.00000E+00 -0.26496E-03 -0.10000E+07 -0.76449E+01 -0.15218E+02  0.00000E+00  0.00000E+00  0.24510E+02  0.00000E+00  0.17520E+00    129  0.00000E+00      0.000
      50.0000  0.16510E+00  0.00000E+00  0.14041E-03  0.00000E+00 -0.52452E-05  0.65875E+01  0.00000E+00  0.17534E+00  0.00000E+00 -0.27020E-03 -0.10000E+07 -0.76453E+01 -0.15222E+02  0.00000E+00  0.00000E+00  0.24510E+02  0.00000E+00  0.17534E+00    131  0.00000E+00      0.000
      51.0000  0.76200E-01  0.00000E+00  0.13702E-03  0.00000E+00 -0.52452E-05  0.66637E+01  0.00000E+00  0.17547E+00  0.00000E+00 -0.27545E-03 -0.10000E+07 -0.76457E+01 -0.15227E+02  0.00000E+00  0.00000E+00  0.24510E+02  0.00000E+00  0.17547E+00    133  0.00000E+00      0.000
      52.0000  0.66040E-01  0.00000E+00  0.13374E-03  0.00000E+00 -0.52452E-05  0.67297E+01  0.00000E+00  0.17561E+00  0.00000E+00 -0.28069E-03 -0.10000E+07 -0.76460E+01 -0.15231E+02  0.00000E+00  0.00000E+00  0.24510E+02  0.00000E+00  0.17561E+00    135  0.00000E+00      0.000
      53.0000  0.22860E-01  0.00000E+00  0.13058E-03  0.00000E+00 -0.52154E-05  0.67526E+01  0.00000E+00  0.17574E+00  0.00000E+00 -0.28591E-03 -0.10000E+07 -0.76464E+01 -0.15235E+02  0.00000E+00  0.00000E+00  0.24509E+02  0.00000E+00  0.17574E+00    137  0.00000E+00      0.000
      54.0000  0.17780E-01  0.00000E+00  0.12751E-03  0.00000E+00 -0.52154E-05  0.67704E+01  0.00000E+00  0.17587E+00  0.00000E+00 -0.29112E-03 -0.10000E+07 -0.76467E+01 -0.15239E+02  0.00000E+00  0.00000E+00  0.24509E+02  0.00000E+00  0.17587E+00    139  0.00000E+00      0.000
      55.0000  0.55880E-01  0.00000E+00  0.12455E-03  0.00000E+00 -0.52154E-05  0.68262E+01  0.00000E+00  0.17599E+00  0.00000E+00 -0.29634E-03 -0.10000E+07 -0.76471E+01 -0.15244E+02  0.00000E+00  0.00000E+00  0.24509E+02  0.00000E+00  0.17599E+00    141  0.00000E+00      0.000
      56.0000  0.18542E+00  0.00000E+00  0.12168E-03  0.00000E+00 -0.52154E-05  0.70117E+01  0.00000E+00  0.17612E+00  0.00000E+00 -0.30155E-03 -0.10000E+07 -0.76474E+01 -0.15248E+02  0.00000E+00  0.00000E+00  0.24509E+02  0.00000E+00  0.17612E+00    143  0.00000E+00      0.000
      57.0000  0.20066E+00  0.00000E+00  0.11891E-03  0.00000E+00 -0.52154E-05  0.72123E+01  0.00000E+00  0.17624E+00  0.00000E+00 -0.30677E-03 -0.10000E+07 -0.76478E+01 -0.15252E+02  0.00000E+00  0.00000E+00  0.24509E+02  0.00000E+00  0.17624E+00    145  0.00000E+00      0.000
      58.0000  0.14732E+00  0.00000E+00  0.11623E-03  0.00000E+00 -0.51856E-05  0.73596E+01  0.00000E+00  0.17635E+00  0.00000E+00 -0.31196E-03 -0.10000E+07 -0.76481E+01 -0.15257E+02  0.00000E+00  0.00000E+00  0.24509E+02  0.00000E+00  0.17635E+00    147  0.00000E+00      0.000
      59.0000  0.55880E-01  0.00000E+00  0.11364E-03  0.00000E+00 -0.51856E-05  0.74155E+01  0.00000E+00  0.17647E+00  0.00000E+00 -0.31714E-03 -0.10000E+07 -0.76484E+01 -0.15261E+02  0.00000E+00  0.00000E+00  0.24509E+02  0.00000E+00  0.17647E+00    149  0.00000E+00      0.000
      60.0000  0.12446E+00  0.00000E+00  0.11112E-03  0.00000E+00 -0.51856E-05  0.75400E+01  0.00000E+00  0.17658E+00  0.00000E+00 -0.32233E-03 -0.10000E+07 -0.76487E+01 -0.15265E+02  0.00000E+00  0.00000E+00  0.24509E+02  0.00000E+00  0.17658E+00    151  0.00000E+00      0.000
      61.0000  0.21844E+00  0.00000E+00  0.10870E-03  0.00000E+00 -0.51856E-05  0.77584E+01  0.00000E+00  0.17669E+00  0.00000E+00 -0.32751E-03 -0.10000E+07 -0.76490E+01 -0.15269E+02  0.00000E+00  0.00000E+00  0.24508E+02  0.00000E+00  0.17669E+00    153  0.00000E+00      0.000
      62.0000  0.15494E+00  0.00000E+00  0.10634E-03  0.00000E+00 -0.51558E-05  0.79134E+01  0.00000E+00  0.17680E+00  0.00000E+00 -0.33268E-03 -0.10000E+07 -0.76493E+01 -0.15274E+02  0.00000E+00  0.00000E+00  0.24508E+02  0.00000E+00  0.17680E+00    155  0.00000E+00      0.000
      63.0000  0.17526E+00  0.00000E+00  0.10407E-03  0.00000E+00 -0.51558E-05  0.80886E+01  0.00000E+00  0.17690E+00  0.00000E+00 -0.33784E-03 -0.10000E+07 -0.76496E+01 -0.15278E+02  0.00000E+00  0.00000E+00  0.24508E+02  0.00000E+00  0.17690E+00    157  0.00000E+00      0.000
      64.0000  0.35560E-01  0.00000E+00  0.10186E-03  0.00000E+00 -0.51558E-05  0.81242E+01  0.00000E+00  0.17700E+00  0.00000E+00 -0.34299E-03 -0.10000E+07 -0.76499E+01 -0.15282E+02  0.00000E+00  0.00000E+00  0.24508E+02  0.00000E+00  0.17700E+00    159  0.00000E+00      0.000
      65.0000  0.50800E-01  0.00000E+00  0.99724E-04  0.00000E+00 -0.51558E-05  0.81750E+01  0.00000E+00  0.17710E+00  0.00000E+00 -0.34815E-03 -0.10000E+07 -0.76501E+01 -0.15286E+02  0.00000E+00  0.00000E+00  0.24508E+02  0.00000E+00  0.17710E+00    161  0.00000E+00      0.000
      66.0000  0.60960E-01  0.00000E+00  0.97656E-04  0.00000E+00 -0.51558E-05  0.82360E+01  0.00000E+00  0.17720E+00  0.00000E+00 -0.35331E-03 -0.10000E+07 -0.76504E+01 -0.15291E+02  0.00000E+00  0.00000E+00  0.24508E+02  0.00000E+00  0.17720E+00    163  0.00000E+00      0.000
      67.0000  0.43180E-01  0.00000E+00  0.95652E-04  0.00000E+00 -0.51260E-05  0.82791E+01  0.00000E+00  0.17730E+00  0.00000E+00 -0.35845E-03 -0.10000E+07 -0.76507E+01 -0.15295E+02  0.00000E+00  0.00000E+00  0.24508E+02  0.00000E+00  0.17730E+00    165  0.00000E+00      0.000
      68.0000  0.63500E-01  0.00000E+00  0.93712E-04  0.00000E+00 -0.51260E-05  0.83426E+01  0.00000E+00  0.17739E+00  0.00000E+00 -0.36357E-03 -0.10000E+07 -0.76509E+01 -0.15299E+02  0.00000E+00  0.00000E+00  0.24508E+02  0.00000E+00  0.17739E+00    167  0.00000E+00      0.000
      69.0000  0.27940E-01  0.00000E+00  0.91832E-04  0.00000E+00 -0.51260E-05  0.83706E+01  0.00000E+00  0.17748E+00  0.00000E+00 -0.36870E-03 -0.10000E+07 -0.76512E+01 -0.15303E+02  0.00000E+00  0.00000E+00  0.24508E+02  0.00000E+00  0.17748E+00    169  0.00000E+00      0.000
      70.0000  0.50800E-01  0.00000E+00  0.90010E-04  0.00000E+00 -0.51260E-05  0.84214E+01  0.00000E+00  0.17757E+00  0.00000E+00 -0.37383E-03 -0.10000E+07 -0.76514E+01 -0.15308E+02  0.00000E+00  0.00000E+00  0.24508E+02  0.00000E+00  0.17757E+00    171  0.00000E+00      0.000
      71.0000  0.66040E-01  0.00000E+00  0.88244E-04  0.00000E+00 -0.51260E-05  0.84874E+01  0.00000E+00  0.17766E+00  0.00000E+00 -0.37895E-03 -0.10000E+07 -0.76516E+01 -0.15312E+02  0.00000E+00  0.00000E+00  0.24507E+02  0.00000E+00  0.17766E+00    173  0.00000E+00      0.000
      72.0000  0.17272E+00  0.00000E+00  0.86531E-04  0.00000E+00 -0.50962E-05  0.86601E+01  0.00000E+00  0.17775E+00  0.00000E+00 -0.38406E-03 -0.10000E+07 -0.76519E+01 -0.15316E+02  0.00000E+00  0.00000E+00  0.24507E+02  0.00000E+00  0.17775E+00    175  0.00000E+00      0.000
      73.0000  0.22098E+00  0.00000E+00  0.84870E-04  0.00000E+00 -0.50962E-05  0.88811E+01  0.00000E+00  0.17783E+00  0.00000E+00 -0.38916E-03 -0.10000E+07 -0.76521E+01 -0.15320E+02  0.00000E+00  0.00000E+00  0.24507E+02  0.00000E+00  0.17783E+00    177  0.00000E+00      0.000
      74.0000  0.93980E-01  0.00000E+00  0.83261E-04  0.00000E+00 -0.50962E-05  0.89751E+01  0.00000E+00  0.17792E+00  0.00000E+00 -0.39425E-03 -0.10000E+07 -0.76523E+01 -0.15324E+02  0.00000E+00  0.00000E+00  0.24507E+02  0.00000E+00  0.17792E+00    179  0.00000E+00      0.000
      75.0000  0.10922E+00  0.00000E+00  0.81700E-04  0.00000E+00 -0.50962E-05  0.90843E+01  0.00000E+00  0.17800E+00  0.00000E+00 -0.39935E-03 -0.10000E+07 -0.76526E+01 -0.15329E+02  0.00000E+00  0.00000E+00  0.24507E+02  0.00000E+00  0.17800E+00    181  0.00000E+00      0.000
      76.0000  0.13208E+00  0.00000E+00  0.80186E-04  0.00000E+00 -0.50962E-05  0.92164E+01  0.00000E+00  0.17808E+00  0.00000E+00 -0.40445E-03 -0.10000E+07 -0.76528E+01 -0.15333E+02  0.00000E+00  0.00000E+00  0.24507E+02  0.00000E+00  0.17808E+00    183  0.00000E+00      0.000
      77.0000  0.19304E+00  0.00000E+00  0.78717E-04  0.00000E+00 -0.50664E-05  0.94094E+01  0.00000E+00  0.17816E+00  0.00000E+00 -0.40951E-03 -0.10000E+07 -0.76530E+01 -0.15337E+02  0.00000E+00  0.00000E+00  0.24507E+02  0.00000E+00  0.17816E+00    185  0.00000E+00      0.000
      78.0000  0.15494E+00  0.00000E+00  0.77292E-04  0.00000E+00 -0.50664E-05  0.95644E+01  0.00000E+00  0.17824E+00  0.00000E+00 -0.41458E-03 -0.10000E+07 -0.76532E+01 -0.15341E+02  0.00000E+00  0.00000E+00  0.24507E+02  0.00000E+00  0.17824E+00    187  0.00000E+00      0.000
      79.0000  0.86360E-01  0.00000E+00  0.75909E-04  0.00000E+00 -0.50664E-05  0.96507E+01  0.00000E+00  0.17831E+00  0.00000E+00 -0.41965E-03 -0.10000E+07 -0.76534E+01 -0.15345E+02  0.00000E+00  0.00000E+00  0.24507E+02  0.00000E+00  0.17831E+00    189  0.00000E+00      0.000
      80.0000  0.12954E+00  0.00000E+00  0.74566E-04  0.00000E+00 -0.50664E-05  0.97803E+01  0.00000E+00  0.17839E+00  0.00000E+00 -0.42471E-03 -0.10000E+07 -0.76536E+01 -0.15349E+02  0.00000E+00  0.00000E+00  0.24507E+02  0.00000E+00  0.17839E+00    191  0.00000E+00      0.000
      81.0000  0.13970E+00  0.00000E+00  0.73263E-04  0.00000E+00 -0.50664E-05  0.99200E+01  0.00000E+00  0.17846E+00  0.00000E+00 -0.42978E-03 -0.10000E+07 -0.76538E+01 -0.15354E+02  0.00000E+00  0.00000E+00  0.24507E+02  0.00000E+00  0.17846E+00    193  0.00000E+00      0.000
      82.0000  0.20320E+00  0.00000E+00  0.71998E-04  0.00000E+00 -0.50366E-05  0.10123E+02  0.00000E+00  0.17853E+00  0.00000E+00 -0.43482E-03 -0.10000E+07 -0.76540E+01 -0.15358E+02  0.00000E+00  0.00000E+00  0.24507E+02  0.00000E+00  0.17853E+00    195  0.00000E+00      0.000
      83.0000  0.15494E+00  0.00000E+00  0.70769E-04  0.00000E+00 -0.50366E-05  0.10278E+02  0.00000E+00  0.17861E+00  0.00000E+00 -0.43985E-03 -0.10000E+07 -0.76542E+01 -0.15362E+02  0.00000E+00  0.00000E+00  0.24506E+02  0.00000E+00  0.17861E+00    197  0.00000E+00      0.000
      84.0000  0.11176E+00  0.00000E+00  0.69575E-04  0.00000E+00 -0.50366E-05  0.10390E+02  0.00000E+00  0.17868E+00  0.00000E+00 -0.44489E-03 -0.10000E+07 -0.76544E+01 -0.15366E+02  0.00000E+00  0.00000E+00  0.24506E+02  0.00000E+00  0.17868E+00    199  0.00000E+00      0.000
      85.0000  0.10922E+00  0.00000E+00  0.68414E-04  0.00000E+00 -0.50366E-05  0.10499E+02  0.00000E+00  0.17874E+00  0.00000E+00 -0.44993E-03 -0.10000E+07 -0.76545E+01 -0.15370E+02  0.00000E+00  0.00000E+00  0.24506E+02  0.00000E+00  0.17874E+00    201  0.00000E+00      0.000
      86.0000  0.17018E+00  0.00000E+00  0.67287E-04  0.00000E+00 -0.50366E-05  0.10669E+02  0.00000E+00  0.17881E+00  0.00000E+00 -0.45496E-03 -0.10000E+07 -0.76547E+01 -0.15374E+02  0.00000E+00  0.00000E+00  0.24506E+02  0.00000E+00  0.17881E+00    203  0.00000E+00      0.000
      87.0000  0.12192E+00  0.00000E+00  0.66193E-04  0.00000E+00 -0.50068E-05  0.10791E+02  0.00000E+00  0.17888E+00  0.00000E+00 -0.45997E-03 -0.10000E+07 -0.76549E+01 -0.15378E+02  0.00000E+00  0.00000E+00  0.24506E+02  0.00000E+00  0.17888E+00    205  0.00000E+00      0.000
      88.0000  0.12192E+00  0.00000E+00  0.65128E-04  0.00000E+00 -0.50068E-05  0.10913E+02  0.00000E+00  0.17894E+00  0.00000E+00 -0.46498E-03 -0.10000E+07 -0.76551E+01 -0.15383E+02  0.00000E+00  0.00000E+00  0.24506E+02  0.00000E+00  0.17894E+00    207  0.00000E+00      0.000
      89.0000  0.81280E-01  0.00000E+00  0.64094E-04  0.00000E+00 -0.50068E-05  0.10994E+02  0.00000E+00  0.17901E+00  0.00000E+00 -0.46998E-03 -0.10000E+07 -0.76552E+01 -0.15387E+02  0.00000E+00  0.00000E+00  0.24506E+02  0.00000E+00  0.17901E+00    209  0.00000E+00      0.000
      90.0000  0.19558E+00  0.00000E+00  0.63088E-04  0.00000E+00 -0.50068E-05  0.11190E+02  0.00000E+00  0.17907E+00  0.00000E+00 -0.47499E-03 -0.10000E+07 -0.76554E+01 -0.15391E+02  0.00000E+00  0.00000E+00  0.24506E+02  0.00000E+00  0.17907E+00    211  0.00000E+00      0.000
      91.0000  0.00000E+00  0.25400E+00  0.20781E-14  0.25400E+00 -0.50068E-05  0.11190E+02  0.25400E+00  0.17907E+00  0.25400E+00 -0.48000E-03 -0.82830E+06 -0.23223E+02 -0.15395E+02  0.00000E+00  0.00000E+00  0.24379E+02  0.00000E+00  0.17907E+00    213  0.00000E+00      0.000
      92.0000  0.00000E+00  0.23114E+00  0.22407E-25  0.23114E+00 -0.49770E-05  0.11190E+02  0.48514E+00  0.17907E+00  0.48514E+00 -0.48497E-03 -0.82863E+06 -0.37339E+02 -0.15399E+02  0.00000E+00  0.00000E+00  0.24136E+02  0.00000E+00  0.17907E+00    215  0.00000E+00      0.000
      93.0000  0.00000E+00  0.10922E+00  0.82857E-31  0.10922E+00 -0.49770E-05  0.11190E+02  0.59436E+00  0.17907E+00  0.59436E+00 -0.48995E-03 -0.82871E+06 -0.50938E+02 -0.15403E+02  0.00000E+00  0.00000E+00  0.23966E+02  0.00000E+00  0.17907E+00    217  0.00000E+00      0.000
      94.0000  0.00000E+00  0.66040E-01  0.82853E-31  0.66040E-01 -0.49770E-05  0.11190E+02  0.66040E+00  0.17907E+00  0.66040E+00 -0.49493E-03 -0.82870E+06 -0.60268E+02 -0.15407E+02  0.00000E+00  0.00000E+00  0.23879E+02  0.00000E+00  0.17907E+00    219  0.00000E+00      0.000
      95.0000  0.00000E+00  0.16256E+00  0.82846E-31  0.16256E+00 -0.49770E-05  0.11190E+02  0.82296E+00  0.17907E+00  0.82296E+00 -0.49990E-03 -0.82871E+06 -0.76654E+02 -0.15411E+02  0.00000E+00  0.00000E+00  0.23764E+02  0.00000E+00  0.17907E+00    221  0.00000E+00      0.000
      96.0000  0.00000E+00  0.33274E+00  0.82810E-31  0.29208E+00 -0.49770E-05  0.11190E+02  0.11557E+01  0.17907E+00  0.11277E+01 -0.50488E-03 -0.82871E+06 -0.14601E+03 -0.15415E+02  0.00000E+00  0.00000E+00  0.23524E+02  0.00000E+00  0.17907E+00    223  0.00000E+00      0.000
      97.0000  0.00000E+00  0.37338E+00  0.82752E-31  0.23557E+00 -0.49472E-05  0.11190E+02  0.15291E+01  0.17907E+00  0.13844E+01 -0.50983E-03 -0.82870E+06 -0.31984E+03 -0.15419E+02  0.00000E+00  0.00000E+00  0.23239E+02  0.00000E+00  0.17907E+00    225  0.00000E+00      0.000
      98.0000  0.00000E+00  0.37846E+00  0.82722E-31  0.17030E+00 -0.49472E-05  0.11190E+02  0.19075E+01  0.17907E+00  0.15742E+01 -0.51478E-03 -0.82871E+06 -0.53201E+03 -0.15423E+02  0.00000E+00  0.00000E+00  0.23017E+02  0.00000E+00  0.17907E+00    227  0.00000E+00      0.000
      99.0000  0.00000E+00  0.45720E+00  0.82714E-31  0.14260E+00 -0.49472E-05  0.11190E+02  0.23647E+01  0.17907E+00  0.17337E+01 -0.51972E-03 -0.82871E+06 -0.72672E+03 -0.15428E+02  0.00000E+00  0.00000E+00  0.22843E+02  0.00000E+00  0.17907E+00    229  0.00000E+00      0.000
     100.0000  0.00000E+00  0.54864E+00  0.82710E-31  0.11283E+00 -0.49472E-05  0.11190E+02  0.29134E+01  0.17907E+00  0.18622E+01 -0.52467E-03 -0.82870E+06 -0.90023E+03 -0.15432E+02  0.00000E+00  0.00000E+00  0.22700E+02  0.00000E+00  0.17907E+00    231  0.00000E+00      0.000
     101.0000  0.00000E+00  0.47244E+00  0.82710E-31  0.73850E-01 -0.49472E-05  0.11190E+02  0.33858E+01  0.17907E+00  0.19408E+01 -0.52962E-03 -0.82871E+06 -0.10417E+04 -0.15436E+02  0.00000E+00  0.00000E+00  0.22602E+02  0.00000E+00  0.17907E+00    233  0.00000E+00      0.000
     102.0000  0.00000E+00  0.18288E+00  0.82711E-31  0.27258E-01 -0.49174E-05  0.11190E+02  0.35687E+01  0.17907E+00  0.19692E+01 -0.53453E-03 -0.82871E+06 -0.11229E+04 -0.15440E+02  0.00000E+00  0.00000E+00  0.22550E+02  0.00000E+00  0.17907E+00    235  0.00000E+00      0.000
     103.0000  0.00000E+00  0.96520E-01  0.82710E-31  0.13678E-01 -0.49174E-05  0.11190E+02  0.36652E+01  0.17907E+00  0.19832E+01 -0.53945E-03 -0.82871E+06 -0.11601E+04 -0.15444E+02  0.00000E+00  0.00000E+00  0.22530E+02  0.00000E+00  0.17907E+00    237  0.00000E+00      0.000
     104.0000  0.00000E+00  0.18034E+00  0.82711E-31  0.21712E-01 -0.49174E-05  0.11190E+02  0.38456E+01  0.17907E+00  0.20064E+01 -0.54437E-03 -0.82871E+06 -0.12006E+04 -0.15448E+02  0.00000E+00  0.00000E+00  0.22510E+02  0.00000E+00  0.17907E+00    239  0.00000E+00      0.000
     105.0000  0.00000E+00  0.29210E+00  0.82710E-31  0.22247E-01 -0.49174E-05  0.11190E+02  0.41377E+01  0.17907E+00  0.20299E+01 -0.54929E-03 -0.82870E+06 -0.12506E+04 -0.15452E+02  0.00000E+00  0.00000E+00  0.22487E+02  0.00000E+00  0.17907E+00    241  0.00000E+00      0.000
     106.0000  0.00000E+00  0.40640E+00  0.82710E-31  0.28292E-01 -0.49174E-05  0.11190E+02  0.45441E+01  0.17907E+00  0.20584E+01 -0.55420E-03 -0.82871E+06 -0.12716E+04 -0.15456E+02  0.00000E+00  0.00000E+00  0.22462E+02  0.00000E+00  0.17907E+00    243  0.00000E+00      0.000
     107.0000  0.00000E+00  0.35052E+00  0.82711E-31  0.24045E-01 -0.48876E-05  0.11190E+02  0.48946E+01  0.17907E+00  0.20826E+01 -0.55909E-03 -0.82871E+06 -0.12871E+04 -0.15460E+02  0.00000E+00  0.00000E+00  0.22435E+02  0.00000E+00  0.17907E+00    245  0.00000E+00      0.000
     108.0000  0.00000E+00  0.12446E+00  0.82710E-31  0.84859E-02 -0.48876E-05  0.11190E+02  0.50190E+01  0.17907E+00  0.20910E+01 -0.56398E-03 -0.82870E+06 -0.12983E+04 -0.15464E+02  0.00000E+00  0.00000E+00  0.22419E+02  0.00000E+00  0.17907E+00    247  0.00000E+00      0.000
     109.0000  0.00000E+00  0.12446E+00  0.82710E-31  0.84859E-02 -0.48876E-05  0.11190E+02  0.51435E+01  0.17907E+00  0.20995E+01 -0.56887E-03 -0.82871E+06 -0.13057E+04 -0.15468E+02  0.00000E+00  0.00000E+00  0.22411E+02  0.00000E+00  0.17907E+00    249  0.00000E+00      0.000
     110.0000  0.00000E+00  0.13716E+00  0.82711E-31  0.93518E-02 -0.48876E-05  0.11190E+02  0.52807E+01  0.17907E+00  0.21089E+01 -0.57375E-03 -0.82871E+06 -0.13161E+04 -0.15472E+02  0.00000E+00  0.00000E+00  0.22402E+02  0.00000E+00  0.17907E+00    251  0.00000E+00      0.000
     111.0000  0.00000E+00  0.11430E+00  0.82710E-31  0.77932E-02 -0.48876E-05  0.11190E+02  0.53950E+01  0.17907E+00  0.21167E+01 -0.57864E-03 -0.82871E+06 -0.13287E+04 -0.15476E+02  0.00000E+00  0.00000E+00  0.22393E+02  0.00000E+00  0.17907E+00    253  0.00000E+00      0.000
     112.0000  0.00000E+00  0.21590E+00  0.82710E-31  0.13495E-01 -0.48578E-05  0.11190E+02  0.56109E+01  0.17907E+00  0.21308E+01 -0.58350E-03 -0.82871E+06 -0.13532E+04 -0.15480E+02  0.00000E+00  0.00000E+00  0.22382E+02  0.00000E+00  0.17907E+00    255  0.00000E+00      0.000
     113.0000  0.00000E+00  0.25908E+00  0.82710E-31  0.10276E-01 -0.48578E-05  0.11190E+02  0.58699E+01  0.17907E+00  0.21425E+01 -0.58836E-03 -0.82870E+06 -0.13954E+04 -0.15484E+02  0.00000E+00  0.00000E+00  0.22368E+02  0.00000E+00  0.17907E+00    257  0.00000E+00      0.000
     114.0000  0.00000E+00  0.28194E+00  0.82710E-31  0.75047E-02 -0.48578E-05  0.11190E+02  0.61519E+01  0.17907E+00  0.21506E+01 -0.59322E-03 -0.82871E+06 -0.14226E+04 -0.15488E+02  0.00000E+00  0.00000E+00  0.22359E+02  0.00000E+00  0.17907E+00    259  0.00000E+00      0.000
     115.0000  0.00000E+00  0.36068E+00  0.82711E-31  0.84715E-02 -0.48578E-05  0.11190E+02  0.65126E+01  0.17907E+00  0.21592E+01 -0.59807E-03 -0.82871E+06 -0.14322E+04 -0.15492E+02  0.00000E+00  0.00000E+00  0.22351E+02  0.00000E+00  0.17907E+00    261  0.00000E+00      0.000
     116.0000  0.00000E+00  0.36830E+00  0.82710E-31  0.83704E-02 -0.48578E-05  0.11190E+02  0.68809E+01  0.17907E+00  0.21676E+01 -0.60293E-03 -0.82870E+06 -0.14359E+04 -0.15496E+02  0.00000E+00  0.00000E+00  0.22342E+02  0.00000E+00  0.17907E+00    263  0.00000E+00      0.000
     117.0000  0.00000E+00  0.23622E+00  0.82710E-31  0.53686E-02 -0.48280E-05  0.11190E+02  0.71171E+01  0.17907E+00  0.21730E+01 -0.60776E-03 -0.82871E+06 -0.14371E+04 -0.15500E+02  0.00000E+00  0.00000E+00  0.22335E+02  0.00000E+00  0.17907E+00    265  0.00000E+00      0.000
     118.0000  0.00000E+00  0.37846E+00  0.82711E-31  0.86014E-02 -0.48280E-05  0.11190E+02  0.74955E+01  0.17907E+00  0.21816E+01 -0.61259E-03 -0.82871E+06 -0.14385E+04 -0.15504E+02  0.00000E+00  0.00000E+00  0.22328E+02  0.00000E+00  0.17907E+00    267  0.00000E+00      0.000
     119.0000  0.00000E+00  0.36322E+00  0.82710E-31  0.82550E-02 -0.48280E-05  0.11190E+02  0.78588E+01  0.17907E+00  0.21899E+01 -0.61741E-03 -0.82870E+06 -0.14401E+04 -0.15508E+02  0.00000E+00  0.00000E+00  0.22320E+02  0.00000E+00  0.17907E+00    269  0.00000E+00      0.000
     120.0000  0.00000E+00  0.41148E+00  0.82710E-31  0.93518E-02 -0.48280E-05  0.11190E+02  0.82702E+01  0.17907E+00  0.21992E+01 -0.62224E-03 -0.82871E+06 -0.14426E+04 -0.15512E+02  0.00000E+00  0.00000E+00  0.22311E+02  0.00000E+00  0.17907E+00    271  0.00000E+00      0.000
     121.0000  0.00000E+00  0.39624E+00  0.82710E-31  0.14213E+00 -0.48280E-05  0.11190E+02  0.86665E+01  0.17907E+00  0.23111E+01 -0.62707E-03 -0.82870E+06 -0.69470E+03 -0.15516E+02  0.00000E+00  0.00000E+00  0.22266E+02  0.00000E+00  0.17907E+00    273  0.00000E+00      0.000
     122.0000  0.00000E+00  0.35306E+00  0.82710E-31  0.12664E+00 -0.47982E-05  0.11190E+02  0.90195E+01  0.17907E+00  0.24377E+01 -0.63188E-03 -0.82871E+06 -0.70391E+03 -0.15520E+02  0.00000E+00  0.00000E+00  0.22131E+02  0.00000E+00  0.17907E+00    275  0.00000E+00      0.000
     123.0000  0.00000E+00  0.36322E+00  0.82711E-31  0.13023E+00 -0.47982E-05  0.11190E+02  0.93828E+01  0.17907E+00  0.25680E+01 -0.63668E-03 -0.82871E+06 -0.72070E+03 -0.15524E+02  0.00000E+00  0.00000E+00  0.22003E+02  0.00000E+00  0.17907E+00    277  0.00000E+00      0.000
     124.0000  0.00000E+00  0.39878E+00  0.82710E-31  0.12461E+00 -0.47982E-05  0.11190E+02  0.97815E+01  0.17907E+00  0.26953E+01 -0.64148E-03 -0.82870E+06 -0.75323E+03 -0.15528E+02  0.00000E+00  0.00000E+00  0.21873E+02  0.00000E+00  0.17907E+00    279  0.00000E+00      0.000
     125.0000  0.00000E+00  0.23876E+00  0.82710E-31  0.72722E-01 -0.47982E-05  0.11190E+02  0.10020E+02  0.17907E+00  0.27687E+01 -0.64628E-03 -0.82871E+06 -0.77143E+03 -0.15532E+02  0.00000E+00  0.00000E+00  0.21773E+02  0.00000E+00  0.17907E+00    281  0.00000E+00      0.000
     126.0000  0.00000E+00  0.93980E-01  0.82711E-31  0.28389E-01 -0.47982E-05  0.11190E+02  0.10114E+02  0.17907E+00  0.27972E+01 -0.65108E-03 -0.82871E+06 -0.77671E+03 -0.15536E+02  0.00000E+00  0.00000E+00  0.21723E+02  0.00000E+00  0.17907E+00    283  0.00000E+00      0.000
     127.0000  0.00000E+00  0.28956E+00  0.82710E-31  0.86673E-01 -0.47684E-05  0.11190E+02  0.10404E+02  0.17907E+00  0.28839E+01 -0.65586E-03 -0.82870E+06 -0.78009E+03 -0.15540E+02  0.00000E+00  0.00000E+00  0.21665E+02  0.00000E+00  0.17907E+00    285  0.00000E+00      0.000
     128.0000  0.00000E+00  0.37084E+00  0.82710E-31  0.11085E+00 -0.47684E-05  0.11190E+02  0.10775E+02  0.17907E+00  0.29948E+01 -0.66063E-03 -0.82871E+06 -0.78391E+03 -0.15543E+02  0.00000E+00  0.00000E+00  0.21566E+02  0.00000E+00  0.17907E+00    287  0.00000E+00      0.000
     129.0000  0.00000E+00  0.27432E+00  0.82710E-31  0.81998E-01 -0.47684E-05  0.11190E+02  0.11049E+02  0.17907E+00  0.30768E+01 -0.66540E-03 -0.82870E+06 -0.78797E+03 -0.15547E+02  0.00000E+00  0.00000E+00  0.21470E+02  0.00000E+00  0.17907E+00    289  0.00000E+00      0.000
     130.0000  0.00000E+00  0.32512E+00  0.82710E-31  0.97182E-01 -0.47684E-05  0.11190E+02  0.11374E+02  0.17907E+00  0.31740E+01 -0.67016E-03 -0.82871E+06 -0.79264E+03 -0.15551E+02  0.00000E+00  0.00000E+00  0.21380E+02  0.00000E+00  0.17907E+00    291  0.00000E+00      0.000
     131.0000  0.00000E+00  0.22860E+00  0.82711E-31  0.68331E-01 -0.47684E-05  0.11190E+02  0.11603E+02  0.17907E+00  0.32423E+01 -0.67493E-03 -0.82871E+06 -0.79784E+03 -0.15555E+02  0.00000E+00  0.00000E+00  0.21298E+02  0.00000E+00  0.17907E+00    293  0.00000E+00      0.000
     132.0000  0.00000E+00  0.29972E+00  0.82710E-31  0.89590E-01 -0.47386E-05  0.11190E+02  0.11902E+02  0.17907E+00  0.33319E+01 -0.67969E-03 -0.82870E+06 -0.80417E+03 -0.15559E+02  0.00000E+00  0.00000E+00  0.21219E+02  0.00000E+00  0.17907E+00    295  0.00000E+00      0.000
     133.0000  0.00000E+00  0.18288E+00  0.82710E-31  0.54665E-01 -0.47386E-05  0.11190E+02  0.12085E+02  0.17907E+00  0.33866E+01 -0.68443E-03 -0.82871E+06 -0.81193E+03 -0.15563E+02  0.00000E+00  0.00000E+00  0.21147E+02  0.00000E+00  0.17907E+00    297  0.00000E+00      0.000
     134.0000  0.00000E+00  0.21336E+00  0.82711E-31  0.63776E-01 -0.47386E-05  0.11190E+02  0.12299E+02  0.17907E+00  0.34503E+01 -0.68916E-03 -0.82871E+06 -0.82037E+03 -0.15567E+02  0.00000E+00  0.00000E+00  0.21087E+02  0.00000E+00  0.17907E+00    299  0.00000E+00      0.000
     135.0000  0.00000E+00  0.42926E+00  0.82710E-31  0.12659E+00 -0.47386E-05  0.11190E+02  0.12728E+02  0.17907E+00  0.35778E+01 -0.69390E-03 -0.82870E+06 -0.84147E+03 -0.15571E+02  0.00000E+00  0.00000E+00  0.20991E+02  0.00000E+00  0.17907E+00    301  0.00000E+00      0.000
     136.0000  0.00000E+00  0.51816E+00  0.82710E-31  0.13157E+00 -0.47386E-05  0.11190E+02  0.13246E+02  0.17907E+00  0.37123E+01 -0.69864E-03 -0.82871E+06 -0.89293E+03 -0.15575E+02  0.00000E+00  0.00000E+00  0.20859E+02  0.00000E+00  0.17907E+00    303  0.00000E+00      0.000
     137.0000  0.00000E+00  0.18542E+00  0.82710E-31  0.45232E-01 -0.47386E-05  0.11190E+02  0.13432E+02  0.17907E+00  0.37590E+01 -0.70338E-03 -0.82870E+06 -0.94030E+03 -0.15579E+02  0.00000E+00  0.00000E+00  0.20769E+02  0.00000E+00  0.17907E+00    305  0.00000E+00      0.000
     138.0000  0.00000E+00  0.33528E+00  0.82710E-31  0.69414E-01 -0.47088E-05  0.11190E+02  0.13767E+02  0.17907E+00  0.38303E+01 -0.70809E-03 -0.82871E+06 -0.97635E+03 -0.15583E+02  0.00000E+00  0.00000E+00  0.20710E+02  0.00000E+00  0.17907E+00    307  0.00000E+00      0.000
     139.0000  0.00000E+00  0.42672E+00  0.82711E-31  0.77802E-01 -0.47088E-05  0.11190E+02  0.14194E+02  0.17907E+00  0.39112E+01 -0.71280E-03 -0.82871E+06 -0.10162E+04 -0.15586E+02  0.00000E+00  0.00000E+00  0.20633E+02  0.00000E+00  0.17907E+00    309  0.00000E+00      0.000
     140.0000  0.00000E+00  0.40640E+00  0.82710E-31  0.65052E-01 -0.47088E-05  0.11190E+02  0.14600E+02  0.17907E+00  0.39778E+01 -0.71751E-03 -0.82870E+06 -0.10578E+04 -0.15590E+02  0.00000E+00  0.00000E+00  0.20560E+02  0.00000E+00  0.17907E+00    311  0.00000E+00      0.000
     141.0000  0.00000E+00  0.44450E+00  0.82710E-31  0.62900E-01 -0.47088E-05  0.11190E+02  0.15044E+02  0.17907E+00  0.40429E+01 -0.72221E-03 -0.82871E+06 -0.10933E+04 -0.15594E+02  0.00000E+00  0.00000E+00  0.20494E+02  0.00000E+00  0.17907E+00    313  0.00000E+00      0.000
     142.0000  0.00000E+00  0.35052E+00  0.82711E-31  0.43435E-01 -0.47088E-05  0.11190E+02  0.15395E+02  0.17907E+00  0.40879E+01 -0.72692E-03 -0.82871E+06 -0.11282E+04 -0.15598E+02  0.00000E+00  0.00000E+00  0.20439E+02  0.00000E+00  0.17907E+00    315  0.00000E+00      0.000
     143.0000  0.00000E+00  0.40894E+00  0.82710E-31  0.47143E-01 -0.46790E-05  0.11190E+02  0.15804E+02  0.17907E+00  0.41357E+01 -0.73160E-03 -0.82870E+06 -0.11515E+04 -0.15602E+02  0.00000E+00  0.00000E+00  0.20394E+02  0.00000E+00  0.17907E+00    317  0.00000E+00      0.000
     144.0000  0.00000E+00  0.27940E+00  0.82710E-31  0.30060E-01 -0.46790E-05  0.11190E+02  0.16083E+02  0.17907E+00  0.41666E+01 -0.73628E-03 -0.82871E+06 -0.11740E+04 -0.15606E+02  0.00000E+00  0.00000E+00  0.20354E+02  0.00000E+00  0.17907E+00    319  0.00000E+00      0.000
     145.0000  0.00000E+00  0.14732E+00  0.82711E-31  0.14923E-01 -0.46790E-05  0.11190E+02  0.16231E+02  0.17907E+00  0.41818E+01 -0.74096E-03 -0.82871E+06 -0.11896E+04 -0.15610E+02  0.00000E+00  0.00000E+00  0.20331E+02  0.00000E+00  0.17907E+00    321  0.00000E+00      0.000
     146.0000  0.00000E+00  0.11938E+00  0.82710E-31  0.11324E-01 -0.46790E-05  0.11190E+02  0.16350E+02  0.17907E+00  0.41933E+01 -0.74564E-03 -0.82871E+06 -0.12000E+04 -0.15613E+02  0.00000E+00  0.00000E+00  0.20318E+02  0.00000E+00  0.17907E+00    323  0.00000E+00      0.000
     147.0000  0.00000E+00  0.10922E+00  0.82711E-31  0.98588E-02 -0.46790E-05  0.11190E+02  0.16459E+02  0.17907E+00  0.42033E+01 -0.75032E-03 -0.82871E+06 -0.12073E+04 -0.15617E+02  0.00000E+00  0.00000E+00  0.20307E+02  0.00000E+00  0.17907E+00    325  0.00000E+00      0.000
     148.0000  0.00000E+00  0.37846E+00  0.82710E-31  0.31806E-01 -0.46492E-05  0.11190E+02  0.16838E+02  0.17907E+00  0.42356E+01 -0.75498E-03 -0.82870E+06 -0.12177E+04 -0.15621E+02  0.00000E+00  0.00000E+00  0.20286E+02  0.00000E+00  0.17907E+00    327  0.00000E+00      0.000
     149.0000  0.00000E+00  0.44196E+00  0.82710E-31  0.35841E-01 -0.46492E-05  0.11190E+02  0.17280E+02  0.17907E+00  0.42717E+01 -0.75963E-03 -0.82871E+06 -0.12315E+04 -0.15625E+02  0.00000E+00  0.00000E+00  0.20252E+02  0.00000E+00  0.17907E+00    329  0.00000E+00      0.000
     150.0000  0.00000E+00  0.44958E+00  0.82711E-31  0.32785E-01 -0.46492E-05  0.11190E+02  0.17729E+02  0.17907E+00  0.43054E+01 -0.76428E-03 -0.82871E+06 -0.12504E+04 -0.15629E+02  0.00000E+00  0.00000E+00  0.20217E+02  0.00000E+00  0.17907E+00    331  0.00000E+00      0.000
     151.0000  0.00000E+00  0.33528E+00  0.82710E-31  0.22256E-01 -0.46492E-05  0.11190E+02  0.18064E+02  0.17907E+00  0.43284E+01 -0.76893E-03 -0.82870E+06 -0.12695E+04 -0.15633E+02  0.00000E+00  0.00000E+00  0.20188E+02  0.00000E+00  0.17907E+00    333  0.00000E+00      0.000
     152.0000  0.00000E+00  0.26162E+00  0.82710E-31  0.67261E-01 -0.46492E-05  0.11190E+02  0.18326E+02  0.17907E+00  0.43837E+01 -0.77358E-03 -0.82871E+06 -0.84792E+03 -0.15636E+02  0.00000E+00  0.00000E+00  0.20156E+02  0.00000E+00  0.17907E+00    335  0.00000E+00      0.000
     153.0000  0.00000E+00  0.10414E+00  0.82711E-31  0.26442E-01 -0.46492E-05  0.11190E+02  0.18430E+02  0.17907E+00  0.44102E+01 -0.77823E-03 -0.82871E+06 -0.85377E+03 -0.15640E+02  0.00000E+00  0.00000E+00  0.20109E+02  0.00000E+00  0.17907E+00    337  0.00000E+00      0.000
     154.0000  0.00000E+00  0.19050E+00  0.82710E-31  0.47973E-01 -0.46194E-05  0.11190E+02  0.18621E+02  0.17907E+00  0.44583E+01 -0.78285E-03 -0.82871E+06 -0.85784E+03 -0.15644E+02  0.00000E+00  0.00000E+00  0.20071E+02  0.00000E+00  0.17907E+00    339  0.00000E+00      0.000
     155.0000  0.00000E+00  0.41656E+00  0.82710E-31  0.10401E+00 -0.46194E-05  0.11190E+02  0.19037E+02  0.17907E+00  0.45625E+01 -0.78747E-03 -0.82871E+06 -0.86599E+03 -0.15648E+02  0.00000E+00  0.00000E+00  0.19995E+02  0.00000E+00  0.17907E+00    341  0.00000E+00      0.000
     156.0000  0.00000E+00  0.37592E+00  0.82710E-31  0.89891E-01 -0.46194E-05  0.11190E+02  0.19413E+02  0.17907E+00  0.46536E+01 -0.79209E-03 -0.82870E+06 -0.88092E+03 -0.15652E+02  0.00000E+00  0.00000E+00  0.19897E+02  0.00000E+00  0.17907E+00    343  0.00000E+00      0.000
     157.0000  0.00000E+00  0.32258E+00  0.82710E-31  0.73423E-01 -0.46194E-05  0.11190E+02  0.19736E+02  0.17907E+00  0.47279E+01 -0.79671E-03 -0.82871E+06 -0.89624E+03 -0.15655E+02  0.00000E+00  0.00000E+00  0.19814E+02  0.00000E+00  0.17907E+00    345  0.00000E+00      0.000
     158.0000  0.00000E+00  0.41910E+00  0.82711E-31  0.91849E-01 -0.46194E-05  0.11190E+02  0.20155E+02  0.17907E+00  0.48203E+01 -0.80132E-03 -0.82871E+06 -0.90799E+03 -0.15659E+02  0.00000E+00  0.00000E+00  0.19731E+02  0.00000E+00  0.17907E+00    347  0.00000E+00      0.000
     159.0000  0.00000E+00  0.28448E+00  0.82710E-31  0.61861E-01 -0.45896E-05  0.11190E+02  0.20439E+02  0.17907E+00  0.48823E+01 -0.80591E-03 -0.82870E+06 -0.91555E+03 -0.15663E+02  0.00000E+00  0.00000E+00  0.19654E+02  0.00000E+00  0.17907E+00    349  0.00000E+00      0.000
     160.0000  0.00000E+00  0.19304E+00  0.82710E-31  0.41862E-01 -0.45896E-05  0.11190E+02  0.20632E+02  0.17907E+00  0.49241E+01 -0.81050E-03 -0.82871E+06 -0.92127E+03 -0.15667E+02  0.00000E+00  0.00000E+00  0.19602E+02  0.00000E+00  0.17907E+00    351  0.00000E+00      0.000
     161.0000  0.00000E+00  0.24638E+00  0.82711E-31  0.53392E-01 -0.45896E-05  0.11190E+02  0.20879E+02  0.17907E+00  0.49775E+01 -0.81509E-03 -0.82871E+06 -0.92795E+03 -0.15671E+02  0.00000E+00  0.00000E+00  0.19555E+02  0.00000E+00  0.17907E+00    353  0.00000E+00      0.000
     162.0000  0.00000E+00  0.41148E+00  0.82710E-31  0.83660E-01 -0.45896E-05  0.11190E+02  0.21290E+02  0.17907E+00  0.50624E+01 -0.81968E-03 -0.82870E+06 -0.94024E+03 -0.15674E+02  0.00000E+00  0.00000E+00  0.19485E+02  0.00000E+00  0.17907E+00    355  0.00000E+00      0.000
     163.0000  0.00000E+00  0.41402E+00  0.82710E-31  0.79615E-01 -0.45896E-05  0.11190E+02  0.21704E+02  0.17907E+00  0.51431E+01 -0.82427E-03 -0.82871E+06 -0.95593E+03 -0.15678E+02  0.00000E+00  0.00000E+00  0.19402E+02  0.00000E+00  0.17907E+00    357  0.00000E+00      0.000
     164.0000  0.00000E+00  0.46482E+00  0.82710E-31  0.87007E-01 -0.45598E-05  0.11190E+02  0.22169E+02  0.17907E+00  0.52304E+01 -0.82885E-03 -0.82870E+06 -0.96576E+03 -0.15682E+02  0.00000E+00  0.00000E+00  0.19319E+02  0.00000E+00  0.17907E+00    359  0.00000E+00      0.000
     165.0000  0.00000E+00  0.44958E+00  0.82710E-31  0.83641E-01 -0.45598E-05  0.11190E+02  0.22619E+02  0.17907E+00  0.53142E+01 -0.83341E-03 -0.82871E+06 -0.97417E+03 -0.15686E+02  0.00000E+00  0.00000E+00  0.19233E+02  0.00000E+00  0.17907E+00    361  0.00000E+00      0.000
     166.0000  0.00000E+00  0.26924E+00  0.82711E-31  0.50011E-01 -0.45598E-05  0.11190E+02  0.22888E+02  0.17907E+00  0.53642E+01 -0.83797E-03 -0.82871E+06 -0.98288E+03 -0.15689E+02  0.00000E+00  0.00000E+00  0.19166E+02  0.00000E+00  0.17907E+00    363  0.00000E+00      0.000
     167.0000  0.00000E+00  0.43180E+00  0.82710E-31  0.75561E-01 -0.45598E-05  0.11190E+02  0.23320E+02  0.17907E+00  0.54408E+01 -0.84253E-03 -0.82870E+06 -0.99402E+03 -0.15693E+02  0.00000E+00  0.00000E+00  0.19103E+02  0.00000E+00  0.17907E+00    365  0.00000E+00      0.000
     168.0000  0.00000E+00  0.39370E+00  0.82710E-31  0.65326E-01 -0.45598E-05  0.11190E+02  0.23713E+02  0.17907E+00  0.55069E+01 -0.84709E-03 -0.82871E+06 -0.10084E+04 -0.15697E+02  0.00000E+00  0.00000E+00  0.19031E+02  0.00000E+00  0.17907E+00    367  0.00000E+00      0.000
     169.0000  0.00000E+00  0.34036E+00  0.82711E-31  0.54636E-01 -0.45598E-05  0.11190E+02  0.24054E+02  0.17907E+00  0.55619E+01 -0.85165E-03 -0.82871E+06 -0.10180E+04 -0.15701E+02  0.00000E+00  0.00000E+00  0.18971E+02  0.00000E+00  0.17907E+00    369  0.00000E+00      0.000
     170.0000  0.00000E+00  0.46990E+00  0.82710E-31  0.74188E-01 -0.45300E-05  0.11190E+02  0.24524E+02  0.17907E+00  0.56362E+01 -0.85618E-03 -0.82870E+06 -0.10248E+04 -0.15704E+02  0.00000E+00  0.00000E+00  0.18906E+02  0.00000E+00  0.17907E+00    371  0.00000E+00      0.000
     171.0000  0.00000E+00  0.44450E+00  0.82710E-31  0.69895E-01 -0.45300E-05  0.11190E+02  0.24968E+02  0.17907E+00  0.57062E+01 -0.86071E-03 -0.82871E+06 -0.10319E+04 -0.15708E+02  0.00000E+00  0.00000E+00  0.18834E+02  0.00000E+00  0.17907E+00    373  0.00000E+00      0.000
     172.0000  0.00000E+00  0.34798E+00  0.82710E-31  0.54685E-01 -0.45300E-05  0.11190E+02  0.25316E+02  0.17907E+00  0.57609E+01 -0.86524E-03 -0.82870E+06 -0.10397E+04 -0.15712E+02  0.00000E+00  0.00000E+00  0.18772E+02  0.00000E+00  0.17907E+00    375  0.00000E+00      0.000
     173.0000  0.00000E+00  0.40640E+00  0.82710E-31  0.60752E-01 -0.45300E-05  0.11190E+02  0.25723E+02  0.17907E+00  0.58224E+01 -0.86977E-03 -0.82871E+06 -0.10508E+04 -0.15715E+02  0.00000E+00  0.00000E+00  0.18714E+02  0.00000E+00  0.17907E+00    377  0.00000E+00      0.000
     174.0000  0.00000E+00  0.32004E+00  0.82711E-31  0.45857E-01 -0.45299E-05  0.11190E+02  0.26043E+02  0.17907E+00  0.58688E+01 -0.87430E-03 -0.82871E+06 -0.10628E+04 -0.15719E+02  0.00000E+00  0.00000E+00  0.18660E+02  0.00000E+00  0.17907E+00    379  0.00000E+00      0.000
     175.0000  0.00000E+00  0.40132E+00  0.82710E-31  0.54525E-01 -0.45002E-05  0.11190E+02  0.26444E+02  0.17907E+00  0.59240E+01 -0.87881E-03 -0.82870E+06 -0.10742E+04 -0.15723E+02  0.00000E+00  0.00000E+00  0.18609E+02  0.00000E+00  0.17907E+00    381  0.00000E+00      0.000
     176.0000 -0.21611E+01  0.34036E+00 -0.72554E+00  0.10379E+00 -0.44203E-05  0.90289E+01  0.26784E+02 -0.10815E+01  0.60154E+01 -0.88266E-03  0.00000E+00 -0.86104E+03 -0.15726E+02  0.14356E+01  0.90112E+00  0.19778E+02  0.12606E+01  0.17907E+00    769  0.00000E+00      0.000
     177.0000 -0.16612E+01  0.43942E+00 -0.60134E+00  0.15840E+00 -0.43683E-05  0.73677E+01  0.27224E+02 -0.17219E+01  0.61694E+01 -0.88716E-03  0.00000E+00 -0.75805E+03 -0.15730E+02  0.10599E+01  0.19219E+01  0.20265E+02  0.19010E+01  0.17907E+00    871  0.00000E+00      0.000
     178.0000 -0.19705E+01  0.34036E+00 -0.54574E+00  0.12006E+00 -0.36046E-05  0.53972E+01  0.27564E+02 -0.22857E+01  0.62952E+01 -0.89160E-03  0.00000E+00 -0.65578E+03 -0.15733E+02  0.14248E+01  0.33286E+01  0.20701E+02  0.24648E+01  0.17907E+00    948  0.00000E+00      0.000
     179.0000  0.00000E+00  0.35052E+00  0.46566E-09  0.20368E+00 -0.45283E-05  0.53972E+01  0.27915E+02 -0.22857E+01  0.64989E+01 -0.89608E-03 -0.10387E+02 -0.66565E+03 -0.15737E+02  0.00000E+00  0.33286E+01  0.20498E+02  0.24648E+01  0.17907E+00    963  0.00000E+00      0.000
     180.0000 -0.33071E+01  0.46990E+00 -0.53122E+00  0.18668E+00 -0.46537E-05  0.20901E+01  0.28384E+02 -0.28800E+01  0.66921E+01 -0.90057E-03  0.00000E+00 -0.61936E+03 -0.15741E+02  0.27759E+01  0.60414E+01  0.20897E+02  0.30590E+01  0.17907E+00   1052  0.00000E+00      0.000
     181.0000  0.00000E+00  0.46482E+00  0.62864E-08  0.28803E+00 -0.44813E-05  0.20901E+01  0.28849E+02 -0.28800E+01  0.69814E+01 -0.90508E-03 -0.10703E+02 -0.63965E+03 -0.15745E+02  0.00000E+00  0.60414E+01  0.20609E+02  0.30590E+01  0.17907E+00   1066  0.00000E+00      0.000
     182.0000 -0.33020E+01  0.58928E+00 -0.52337E+00  0.21859E+00 -0.47062E-05 -0.12119E+01  0.29439E+02 -0.34862E+01  0.72365E+01 -0.90954E-03  0.00000E+00 -0.60945E+03 -0.15748E+02  0.27786E+01  0.87372E+01  0.20958E+02  0.36653E+01  0.17907E+00   1148  0.00000E+00      0.000
     183.0000  0.00000E+00  0.44958E+00  0.55879E-08  0.29219E+00 -0.45069E-05 -0.12119E+01  0.29888E+02 -0.34862E+01  0.75302E+01 -0.91402E-03 -0.10673E+02 -0.63027E+03 -0.15752E+02  0.00000E+00  0.87372E+01  0.20665E+02  0.36653E+01  0.17907E+00   1165  0.00000E+00      0.000
     184.0000 -0.24773E+01  0.37592E+00 -0.51515E+00  0.11979E+00 -0.40537E-05 -0.36892E+01  0.30264E+02 -0.40777E+01  0.76874E+01 -0.91837E-03  0.00000E+00 -0.61939E+03 -0.15755E+02  0.19622E+01  0.10623E+02  0.21097E+02  0.42568E+01  0.17907E+00   1242  0.00000E+00      0.000
     185.0000  0.00000E+00  0.29972E+00 -0.13504E-07  0.20572E+00 -0.44627E-05 -0.36892E+01  0.30564E+02 -0.40777E+01  0.78937E+01 -0.92283E-03 -0.10233E+02 -0.61163E+03 -0.15759E+02  0.00000E+00  0.10623E+02  0.20891E+02  0.42568E+01  0.17907E+00   1263  0.00000E+00      0.000
     186.0000  0.00000E+00  0.39370E+00  0.31432E-08  0.25923E+00 -0.44704E-05 -0.36892E+01  0.30957E+02 -0.40777E+01  0.81572E+01 -0.92730E-03 -0.11758E+02 -0.64235E+03 -0.15763E+02  0.00000E+00  0.10623E+02  0.20639E+02  0.42568E+01  0.17907E+00   1266  0.00000E+00      0.000
     187.0000  0.00000E+00  0.39370E+00  0.46566E-09  0.24978E+00 -0.44405E-05 -0.36892E+01  0.31351E+02 -0.40777E+01  0.84087E+01 -0.93174E-03 -0.12906E+02 -0.67265E+03 -0.15766E+02  0.00000E+00  0.10623E+02  0.20383E+02  0.42568E+01  0.17907E+00   1268  0.00000E+00      0.000
     188.0000  0.00000E+00  0.41148E+00 -0.68685E-08  0.25694E+00 -0.44405E-05 -0.36892E+01  0.31763E+02 -0.40777E+01  0.86664E+01 -0.93618E-03 -0.13886E+02 -0.69398E+03 -0.15770E+02  0.00000E+00  0.10623E+02  0.20129E+02  0.42568E+01  0.17907E+00   1270  0.00000E+00      0.000
     189.0000  0.00000E+00  0.42672E+00 -0.13970E-08  0.26420E+00 -0.44405E-05 -0.36892E+01  0.32189E+02 -0.40777E+01  0.89311E+01 -0.94062E-03 -0.14554E+02 -0.71237E+03 -0.15774E+02  0.00000E+00  0.10623E+02  0.19868E+02  0.42568E+01  0.17907E+00   1272  0.00000E+00      0.000
     190.0000  0.00000E+00  0.46482E+00 -0.85274E-08  0.28541E+00 -0.44405E-05 -0.36892E+01  0.32654E+02 -0.40777E+01  0.92171E+01 -0.94506E-03 -0.14919E+02 -0.72973E+03 -0.15777E+02  0.00000E+00  0.10623E+02  0.19592E+02  0.42568E+01  0.17907E+00   1274  0.00000E+00      0.000
     191.0000  0.00000E+00  0.41910E+00 -0.84983E-08  0.25598E+00 -0.44405E-05 -0.36892E+01  0.33073E+02 -0.40777E+01  0.94735E+01 -0.94950E-03 -0.15243E+02 -0.74823E+03 -0.15781E+02  0.00000E+00  0.10623E+02  0.19321E+02  0.42568E+01  0.17907E+00   1276  0.00000E+00      0.000
     192.0000  0.00000E+00  0.33020E+00 -0.58208E-08  0.20084E+00 -0.44107E-05 -0.36892E+01  0.33404E+02 -0.40777E+01  0.96746E+01 -0.95393E-03 -0.15638E+02 -0.76737E+03 -0.15785E+02  0.00000E+00  0.10623E+02  0.19093E+02  0.42568E+01  0.17907E+00   1278  0.00000E+00      0.000
     193.0000  0.00000E+00  0.43434E+00  0.14727E-07  0.26239E+00 -0.44107E-05 -0.36892E+01  0.33838E+02 -0.40777E+01  0.99373E+01 -0.95834E-03 -0.16103E+02 -0.79118E+03 -0.15788E+02  0.00000E+00  0.10623E+02  0.18861E+02  0.42568E+01  0.17907E+00   1280  0.00000E+00      0.000
     194.0000 -0.13602E+01  0.39370E+00 -0.66068E+00  0.21444E+00 -0.51618E-05 -0.50494E+01  0.34232E+02 -0.50479E+01  0.10164E+02 -0.96233E-03  0.00000E+00 -0.78218E+03 -0.15792E+02  0.69952E+00  0.11016E+02  0.19604E+02  0.52270E+01  0.17907E+00   1569  0.00000E+00      0.000
     195.0000 -0.12700E+01  0.35306E+00 -0.56310E+00  0.15144E+00 -0.42834E-05 -0.63194E+01  0.34585E+02 -0.56488E+01  0.10333E+02 -0.96670E-03  0.00000E+00 -0.77702E+03 -0.15795E+02  0.70690E+00  0.11685E+02  0.20034E+02  0.58279E+01  0.17907E+00   1647  0.00000E+00      0.000
     196.0000 -0.12700E+01  0.41402E+00 -0.53250E+00  0.15293E+00 -0.40593E-05 -0.75894E+01  0.34999E+02 -0.61935E+01  0.10498E+02 -0.97105E-03  0.00000E+00 -0.77140E+03 -0.15799E+02  0.73750E+00  0.12410E+02  0.20414E+02  0.63726E+01  0.17907E+00   1712  0.00000E+00      0.000
     197.0000 -0.12700E+01  0.43180E+00 -0.51386E+00  0.12851E+00 -0.49734E-05 -0.88594E+01  0.35430E+02 -0.67151E+01  0.10635E+02 -0.97546E-03  0.00000E+00 -0.71970E+03 -0.15802E+02  0.75614E+00  0.13158E+02  0.20798E+02  0.68942E+01  0.17907E+00   1781  0.00000E+00      0.000
     198.0000 -0.12802E+01  0.46736E+00 -0.50755E+00  0.13215E+00 -0.42446E-05 -0.10140E+02  0.35898E+02 -0.72266E+01  0.10770E+02 -0.97993E-03  0.00000E+00 -0.66369E+03 -0.15806E+02  0.77265E+00  0.13927E+02  0.21174E+02  0.74057E+01  0.17907E+00   1848  0.00000E+00      0.000
     199.0000 -0.25400E+01  0.44450E+00 -0.50378E+00  0.12738E+00 -0.40496E-05 -0.12680E+02  0.36342E+02 -0.77319E+01  0.10894E+02 -0.98427E-03  0.00000E+00 -0.59769E+03 -0.15810E+02  0.20362E+01  0.15962E+02  0.21555E+02  0.79109E+01  0.17907E+00   1920  0.00000E+00      0.000
     200.0000  0.00000E+00  0.41910E+00  0.13737E-07  0.31634E+00 -0.43907E-05 -0.12680E+02  0.36761E+02 -0.77319E+01  0.11209E+02 -0.98863E-03 -0.10595E+02 -0.59206E+03 -0.15813E+02  0.00000E+00  0.15962E+02  0.21241E+02  0.79109E+01  0.17907E+00   1941  0.00000E+00      0.000
     201.0000 -0.12700E+01  0.43942E+00 -0.50318E+00  0.11116E+00 -0.45789E-05 -0.13950E+02  0.37201E+02 -0.83091E+01  0.11408E+02 -0.99303E-03  0.00000E+00 -0.57805E+03 -0.15817E+02  0.76682E+00  0.16655E+02  0.21616E+02  0.84882E+01  0.17907E+00   2027  0.00000E+00      0.000
     202.0000  0.00000E+00  0.47244E+00  0.86147E-08  0.35516E+00 -0.43986E-05 -0.13950E+02  0.37673E+02 -0.83091E+01  0.11763E+02 -0.99739E-03 -0.10707E+02 -0.58974E+03 -0.15820E+02  0.00000E+00  0.16655E+02  0.21266E+02  0.84882E+01  0.17907E+00   2042  0.00000E+00      0.000
     203.0000  0.00000E+00  0.46736E+00  0.26077E-07  0.35060E+00 -0.43586E-05 -0.13950E+02  0.38141E+02 -0.83091E+01  0.12114E+02 -0.10018E-02 -0.12249E+02 -0.60098E+03 -0.15824E+02  0.00000E+00  0.16655E+02  0.20915E+02  0.84882E+01  0.17907E+00   2046  0.00000E+00      0.000
     204.0000  0.00000E+00  0.45974E+00 -0.11642E-07  0.34412E+00 -0.43511E-05 -0.13950E+02  0.38600E+02 -0.83091E+01  0.12458E+02 -0.10061E-02 -0.13455E+02 -0.61329E+03 -0.15828E+02  0.00000E+00  0.16655E+02  0.20567E+02  0.84882E+01  0.17907E+00   2048  0.00000E+00      0.000
     205.0000  0.00000E+00  0.46990E+00  0.11059E-07  0.35080E+00 -0.43511E-05 -0.13950E+02  0.39070E+02 -0.83091E+01  0.12809E+02 -0.10105E-02 -0.14343E+02 -0.62795E+03 -0.15831E+02  0.00000E+00  0.16655E+02  0.20219E+02  0.84882E+01  0.17907E+00   2050  0.00000E+00      0.000
     206.0000  0.00000E+00  0.46482E+00 -0.10099E-07  0.34625E+00 -0.43511E-05 -0.13950E+02  0.39535E+02 -0.83091E+01  0.13156E+02 -0.10148E-02 -0.14817E+02 -0.64549E+03 -0.15835E+02  0.00000E+00  0.16655E+02  0.19871E+02  0.84882E+01  0.17907E+00   2052  0.00000E+00      0.000
     207.0000  0.00000E+00  0.44958E+00  0.13679E-08  0.33298E+00 -0.43511E-05 -0.13950E+02  0.39985E+02 -0.83091E+01  0.13489E+02 -0.10192E-02 -0.15160E+02 -0.66974E+03 -0.15838E+02  0.00000E+00  0.16655E+02  0.19530E+02  0.84882E+01  0.17907E+00   2054  0.00000E+00      0.000
     208.0000  0.00000E+00  0.34036E+00  0.29686E-08  0.24755E+00 -0.43511E-05 -0.13950E+02  0.40325E+02 -0.83091E+01  0.13738E+02 -0.10235E-02 -0.15568E+02 -0.70063E+03 -0.15842E+02  0.00000E+00  0.16655E+02  0.19238E+02  0.84882E+01  0.17907E+00   2056  0.00000E+00      0.000
     209.0000  0.00000E+00  0.36068E+00  0.23283E-08  0.25590E+00 -0.43213E-05 -0.13950E+02  0.40686E+02 -0.83091E+01  0.13996E+02 -0.10279E-02 -0.16042E+02 -0.73345E+03 -0.15846E+02  0.00000E+00  0.16655E+02  0.18985E+02  0.84882E+01  0.17907E+00   2058  0.00000E+00      0.000
     210.0000  0.00000E+00  0.39370E+00 -0.10885E-07  0.27694E+00 -0.43213E-05 -0.13950E+02  0.41079E+02 -0.83091E+01  0.14273E+02 -0.10322E-02 -0.16586E+02 -0.76724E+03 -0.15849E+02  0.00000E+00  0.16655E+02  0.18719E+02  0.84882E+01  0.17907E+00   2060  0.00000E+00      0.000
     211.0000  0.00000E+00  0.39116E+00 -0.90222E-08  0.27445E+00 -0.43213E-05 -0.13950E+02  0.41471E+02 -0.83091E+01  0.14548E+02 -0.10365E-02 -0.17215E+02 -0.82068E+03 -0.15853E+02  0.00000E+00  0.16655E+02  0.18443E+02  0.84882E+01  0.17907E+00   2062  0.00000E+00      0.000
     212.0000  0.00000E+00  0.41402E+00 -0.58208E-09  0.22510E+00 -0.43213E-05 -0.13950E+02  0.41885E+02 -0.83091E+01  0.14803E+02 -0.10408E-02 -0.17897E+02 -0.94257E+03 -0.15856E+02  0.00000E+00  0.16655E+02  0.18163E+02  0.84882E+01  0.17907E+00   2064  0.00000E+00      0.000
     213.0000  0.00000E+00  0.43942E+00 -0.55879E-08  0.14672E+00 -0.43213E-05 -0.13950E+02  0.42324E+02 -0.83091E+01  0.14967E+02 -0.10451E-02 -0.18461E+02 -0.11010E+04 -0.15860E+02  0.00000E+00  0.16655E+02  0.17959E+02  0.84882E+01  0.17907E+00   2066  0.00000E+00      0.000
     214.0000  0.00000E+00  0.43688E+00 -0.10084E-07  0.97145E-01 -0.43213E-05 -0.13950E+02  0.42761E+02 -0.83091E+01  0.15076E+02 -0.10495E-02 -0.18702E+02 -0.12159E+04 -0.15863E+02  0.00000E+00  0.16655E+02  0.17826E+02  0.84882E+01  0.17907E+00   2068  0.00000E+00      0.000
     215.0000  0.00000E+00  0.39624E+00 -0.36671E-08  0.58944E-01 -0.42915E-05 -0.13950E+02  0.43157E+02 -0.83091E+01  0.15142E+02 -0.10538E-02 -0.18828E+02 -0.12990E+04 -0.15867E+02  0.00000E+00  0.16655E+02  0.17741E+02  0.84882E+01  0.17907E+00   2070  0.00000E+00      0.000
     216.0000  0.00000E+00  0.35814E+00  0.20955E-08  0.30242E-01 -0.42915E-05 -0.13950E+02  0.43515E+02 -0.83091E+01  0.15178E+02 -0.10580E-02 -0.18956E+02 -0.13613E+04 -0.15870E+02  0.00000E+00  0.16655E+02  0.17690E+02  0.84882E+01  0.17907E+00   2072  0.00000E+00      0.000
     217.0000  0.00000E+00  0.19558E+00 -0.10172E-07  0.11176E-01 -0.42915E-05 -0.13950E+02  0.43711E+02 -0.83091E+01  0.15191E+02 -0.10623E-02 -0.19083E+02 -0.13955E+04 -0.15874E+02  0.00000E+00  0.16655E+02  0.17668E+02  0.84882E+01  0.17907E+00   2074  0.00000E+00      0.000
     218.0000  0.00000E+00  0.14986E+00  0.48603E-08  0.57701E-02 -0.42915E-05 -0.13950E+02  0.43861E+02 -0.83091E+01  0.15197E+02 -0.10666E-02 -0.19206E+02 -0.14106E+04 -0.15877E+02  0.00000E+00  0.16655E+02  0.17659E+02  0.84882E+01  0.17907E+00   2076  0.00000E+00      0.000
     219.0000  0.00000E+00  0.34036E+00 -0.34925E-09  0.82398E-02 -0.42915E-05 -0.13950E+02  0.44201E+02 -0.83091E+01  0.15206E+02 -0.10709E-02 -0.19326E+02 -0.14194E+04 -0.15881E+02  0.00000E+00  0.16655E+02  0.17651E+02  0.84882E+01  0.17907E+00   2078  0.00000E+00      0.000
     220.0000  0.00000E+00  0.35560E+00 -0.95897E-08  0.74826E-02 -0.42915E-05 -0.13950E+02  0.44557E+02 -0.83091E+01  0.15214E+02 -0.10752E-02 -0.19442E+02 -0.14252E+04 -0.15884E+02  0.00000E+00  0.16655E+02  0.17643E+02  0.84882E+01  0.17907E+00   2080  0.00000E+00      0.000
     221.0000  0.00000E+00  0.40640E+00  0.67666E-08  0.78132E-02 -0.42617E-05 -0.13950E+02  0.44963E+02 -0.83091E+01  0.15222E+02 -0.10795E-02 -0.19556E+02 -0.14298E+04 -0.15888E+02  0.00000E+00  0.16655E+02  0.17635E+02  0.84882E+01  0.17907E+00   2082  0.00000E+00      0.000
     222.0000  0.00000E+00  0.46228E+00  0.98516E-08  0.83573E-02 -0.42617E-05 -0.13950E+02  0.45425E+02 -0.83091E+01  0.15230E+02 -0.10837E-02 -0.19667E+02 -0.14335E+04 -0.15892E+02  0.00000E+00  0.16655E+02  0.17627E+02  0.84882E+01  0.17907E+00   2084  0.00000E+00      0.000
     223.0000  0.00000E+00  0.39878E+00  0.12151E-07  0.69353E-02 -0.42617E-05 -0.13950E+02  0.45824E+02 -0.83091E+01  0.15237E+02 -0.10880E-02 -0.19774E+02 -0.14375E+04 -0.15895E+02  0.00000E+00  0.16655E+02  0.17620E+02  0.84882E+01  0.17907E+00   2086  0.00000E+00      0.000
     224.0000  0.00000E+00  0.26924E+00  0.76834E-08  0.46300E-02 -0.42617E-05 -0.13950E+02  0.46093E+02 -0.83091E+01  0.15242E+02 -0.10923E-02 -0.19879E+02 -0.14403E+04 -0.15899E+02  0.00000E+00  0.16655E+02  0.17614E+02  0.84882E+01  0.17907E+00   2088  0.00000E+00      0.000
     225.0000  0.00000E+00  0.35560E+00  0.13693E-07  0.58130E-02 -0.42617E-05 -0.13950E+02  0.46449E+02 -0.83091E+01  0.15248E+02 -0.10965E-02 -0.19981E+02 -0.14427E+04 -0.15902E+02  0.00000E+00  0.16655E+02  0.17608E+02  0.84882E+01  0.17907E+00   2090  0.00000E+00      0.000
     226.0000  0.00000E+00  0.41148E+00  0.69340E-08  0.64889E-02 -0.42617E-05 -0.13950E+02  0.46860E+02 -0.83091E+01  0.15254E+02 -0.11008E-02 -0.20080E+02 -0.14448E+04 -0.15906E+02  0.00000E+00  0.16655E+02  0.17602E+02  0.84882E+01  0.17907E+00   2092  0.00000E+00      0.000
     227.0000  0.00000E+00  0.43688E+00 -0.59008E-08  0.67262E-02 -0.42319E-05 -0.13950E+02  0.47297E+02 -0.83091E+01  0.15261E+02 -0.11050E-02 -0.20177E+02 -0.14467E+04 -0.15909E+02  0.00000E+00  0.16655E+02  0.17596E+02  0.84882E+01  0.17907E+00   2094  0.00000E+00      0.000
     228.0000  0.00000E+00  0.32258E+00 -0.13082E-07  0.49515E-02 -0.42319E-05 -0.13950E+02  0.47620E+02 -0.83091E+01  0.15266E+02 -0.11092E-02 -0.20271E+02 -0.14482E+04 -0.15913E+02  0.00000E+00  0.16655E+02  0.17590E+02  0.84882E+01  0.17907E+00   2096  0.00000E+00      0.000
     229.0000  0.00000E+00  0.44958E+00 -0.74942E-09  0.67434E-02 -0.42319E-05 -0.13950E+02  0.48070E+02 -0.83091E+01  0.15273E+02 -0.11135E-02 -0.20363E+02 -0.14497E+04 -0.15916E+02  0.00000E+00  0.16655E+02  0.17584E+02  0.84882E+01  0.17907E+00   2098  0.00000E+00      0.000
     230.0000  0.00000E+00  0.55372E+00 -0.14843E-07  0.81658E-02 -0.42319E-05 -0.13950E+02  0.48623E+02 -0.83091E+01  0.15281E+02 -0.11177E-02 -0.20452E+02 -0.14515E+04 -0.15919E+02  0.00000E+00  0.16655E+02  0.17576E+02  0.84882E+01  0.17907E+00   2100  0.00000E+00      0.000
     231.0000  0.00000E+00  0.29972E+00 -0.14741E-07  0.44493E-02 -0.42319E-05 -0.13950E+02  0.48923E+02 -0.83091E+01  0.15285E+02 -0.11219E-02 -0.20538E+02 -0.14528E+04 -0.15923E+02  0.00000E+00  0.16655E+02  0.17570E+02  0.84882E+01  0.17907E+00   2102  0.00000E+00      0.000
     232.0000  0.00000E+00  0.25146E+00  0.49185E-08  0.37330E-02 -0.42021E-05 -0.13950E+02  0.49174E+02 -0.83091E+01  0.15289E+02 -0.11262E-02 -0.20623E+02 -0.14538E+04 -0.15926E+02  0.00000E+00  0.16655E+02  0.17566E+02  0.84882E+01  0.17907E+00   2104  0.00000E+00      0.000
     233.0000  0.00000E+00  0.11938E+00  0.15789E-08  0.18019E-02 -0.42021E-05 -0.13950E+02  0.49294E+02 -0.83091E+01  0.15291E+02 -0.11304E-02 -0.20705E+02 -0.14544E+04 -0.15930E+02  0.00000E+00  0.16655E+02  0.17563E+02  0.84882E+01  0.17907E+00   2106  0.00000E+00      0.000
     234.0000  0.00000E+00  0.36068E+00 -0.13046E-07  0.53020E-02 -0.42021E-05 -0.13950E+02  0.49654E+02 -0.83091E+01  0.15296E+02 -0.11346E-02 -0.20784E+02 -0.14554E+04 -0.15933E+02  0.00000E+00  0.16655E+02  0.17560E+02  0.84882E+01  0.17907E+00   2108  0.00000E+00      0.000
     235.0000  0.00000E+00  0.40386E+00  0.34925E-09  0.58772E-02 -0.42021E-05 -0.13950E+02  0.50058E+02 -0.83091E+01  0.15302E+02 -0.11388E-02 -0.20862E+02 -0.14567E+04 -0.15937E+02  0.00000E+00  0.16655E+02  0.17554E+02  0.84882E+01  0.17907E+00   2110  0.00000E+00      0.000
     236.0000  0.00000E+00  0.36322E+00 -0.13046E-07  0.52913E-02 -0.42021E-05 -0.13950E+02  0.50422E+02 -0.83091E+01  0.15307E+02 -0.11430E-02 -0.20938E+02 -0.14583E+04 -0.15940E+02  0.00000E+00  0.16655E+02  0.17548E+02  0.84882E+01  0.17907E+00   2112  0.00000E+00      0.000
     237.0000  0.00000E+00  0.28194E+00  0.12216E-07  0.41244E-02 -0.42021E-05 -0.13950E+02  0.50703E+02 -0.83091E+01  0.15311E+02 -0.11472E-02 -0.21011E+02 -0.14597E+04 -0.15944E+02  0.00000E+00  0.16655E+02  0.17544E+02  0.84882E+01  0.17907E+00   2114  0.00000E+00      0.000
     238.0000  0.00000E+00  0.36830E+00 -0.11438E-07  0.53504E-02 -0.41723E-05 -0.13950E+02  0.51072E+02 -0.83091E+01  0.15317E+02 -0.11514E-02 -0.21083E+02 -0.14612E+04 -0.15947E+02  0.00000E+00  0.16655E+02  0.17539E+02  0.84882E+01  0.17907E+00   2116  0.00000E+00      0.000
     239.0000  0.00000E+00  0.32004E+00  0.11059E-07  0.46592E-02 -0.41723E-05 -0.13950E+02  0.51392E+02 -0.83091E+01  0.15321E+02 -0.11555E-02 -0.21152E+02 -0.14631E+04 -0.15951E+02  0.00000E+00  0.16655E+02  0.17534E+02  0.84882E+01  0.17907E+00   2118  0.00000E+00      0.000
     240.0000  0.00000E+00  0.29972E+00 -0.13948E-07  0.43668E-02 -0.41723E-05 -0.13950E+02  0.51692E+02 -0.83091E+01  0.15326E+02 -0.11597E-02 -0.21220E+02 -0.14650E+04 -0.15954E+02  0.00000E+00  0.16655E+02  0.17529E+02  0.84882E+01  0.17907E+00   2120  0.00000E+00      0.000
     241.0000  0.00000E+00  0.37846E+00 -0.37689E-08  0.51165E-02 -0.41723E-05 -0.13950E+02  0.52070E+02 -0.83091E+01  0.15331E+02 -0.11639E-02 -0.21286E+02 -0.14671E+04 -0.15957E+02  0.00000E+00  0.16655E+02  0.17525E+02  0.84882E+01  0.17907E+00   2122  0.00000E+00      0.000
     242.0000  0.00000E+00  0.46482E+00 -0.95679E-08  0.57863E-02 -0.41723E-05 -0.13950E+02  0.52535E+02 -0.83091E+01  0.15337E+02 -0.11680E-02 -0.21350E+02 -0.14699E+04 -0.15961E+02  0.00000E+00  0.16655E+02  0.17519E+02  0.84882E+01  0.17907E+00   2124  0.00000E+00      0.000
     243.0000  0.00000E+00  0.37592E+00 -0.12180E-07  0.46650E-02 -0.41723E-05 -0.13950E+02  0.52911E+02 -0.83091E+01  0.15341E+02 -0.11722E-02 -0.21413E+02 -0.14726E+04 -0.15964E+02  0.00000E+00  0.16655E+02  0.17514E+02  0.84882E+01  0.17907E+00   2126  0.00000E+00      0.000
     244.0000  0.00000E+00  0.28194E+00 -0.47730E-08  0.11574E+02 -0.41425E-05 -0.13950E+02  0.53193E+02 -0.83091E+01  0.21128E+02 -0.11764E-02 -0.21474E+02 -0.29149E+03 -0.15968E+02  0.00000E+00  0.16655E+02  0.17511E+02  0.84882E+01  0.17907E+00   2128  0.00000E+00      0.000
     245.0000  0.00000E+00  0.42926E+00  0.40018E-08  0.28934E+01 -0.41425E-05 -0.13950E+02  0.53622E+02 -0.83091E+01  0.25468E+02 -0.11805E-02 -0.21533E+02 -0.36435E+03 -0.15971E+02  0.00000E+00  0.16655E+02  0.88314E+01  0.84882E+01  0.17907E+00   2130  0.00000E+00      0.000
     246.0000  0.00000E+00  0.37084E+00 -0.12988E-07  0.72344E+00 -0.41425E-05 -0.13950E+02  0.53993E+02 -0.83091E+01  0.26553E+02 -0.11847E-02 -0.21590E+02 -0.53346E+03 -0.15975E+02  0.00000E+00  0.16655E+02  0.66613E+01  0.84882E+01  0.17907E+00   2132  0.00000E+00      0.000
     247.0000  0.00000E+00  0.17272E+00 -0.63592E-08  0.18091E+00 -0.41425E-05 -0.13950E+02  0.54166E+02 -0.83091E+01  0.26825E+02 -0.11888E-02 -0.21647E+02 -0.69640E+03 -0.15978E+02  0.00000E+00  0.16655E+02  0.61187E+01  0.84882E+01  0.17907E+00   2134  0.00000E+00      0.000
     248.0000  0.00000E+00  0.27432E+00  0.12500E-07  0.45273E-01 -0.41425E-05 -0.13950E+02  0.54440E+02 -0.83091E+01  0.26893E+02 -0.11929E-02 -0.21701E+02 -0.76635E+03 -0.15981E+02  0.00000E+00  0.16655E+02  0.59830E+01  0.84882E+01  0.17907E+00   2136  0.00000E+00      0.000
     249.0000  0.00000E+00  0.34290E+00 -0.55879E-08  0.11367E-01 -0.41425E-05 -0.13950E+02  0.54783E+02 -0.83091E+01  0.26910E+02 -0.11971E-02 -0.21754E+02 -0.78859E+03 -0.15985E+02  0.00000E+00  0.16655E+02  0.59491E+01  0.84882E+01  0.17907E+00   2138  0.00000E+00      0.000
     250.0000  0.00000E+00  0.26924E+00 -0.13351E-07  0.10119E-03 -0.41127E-05 -0.13950E+02  0.55052E+02 -0.83091E+01  0.26912E+02 -0.12012E-02 -0.21806E+02 -0.79511E+03 -0.15988E+02  0.00000E+00  0.16655E+02  0.59406E+01  0.84882E+01  0.17907E+00   2140  0.00000E+00      0.000
     251.0000  0.00000E+00  0.25400E+00  0.47439E-08  0.00000E+00 -0.41127E-05 -0.13950E+02  0.55306E+02 -0.83091E+01  0.26912E+02 -0.12053E-02 -0.21856E+02 -0.79524E+03 -0.15992E+02  0.00000E+00  0.16655E+02  0.59405E+01  0.84882E+01  0.17907E+00   2142  0.00000E+00      0.000
     252.0000  0.00000E+00  0.21336E+00  0.15425E-07  0.80764E-04 -0.41127E-05 -0.13950E+02  0.55519E+02 -0.83091E+01  0.26913E+02 -0.12094E-02 -0.21905E+02 -0.79523E+03 -0.15995E+02  0.00000E+00  0.16655E+02  0.59404E+01  0.84882E+01  0.17907E+00   2144  0.00000E+00      0.000
     253.0000  0.00000E+00  0.23622E+00 -0.71304E-08  0.98877E-04 -0.41127E-05 -0.13950E+02  0.55756E+02 -0.83091E+01  0.26913E+02 -0.12136E-02 -0.21953E+02 -0.79521E+03 -0.15998E+02  0.00000E+00  0.16655E+02  0.59404E+01  0.84882E+01  0.17907E+00   2146  0.00000E+00      0.000
     254.0000  0.00000E+00  0.25146E+00  0.35070E-08  0.82605E-04 -0.41127E-05 -0.13950E+02  0.56007E+02 -0.83091E+01  0.26913E+02 -0.12177E-02 -0.21999E+02 -0.79522E+03 -0.16002E+02  0.00000E+00  0.16655E+02  0.59403E+01  0.84882E+01  0.17907E+00   2148  0.00000E+00      0.000
     255.0000  0.00000E+00  0.29210E+00  0.69049E-08  0.96694E-04 -0.41127E-05 -0.13950E+02  0.56299E+02 -0.83091E+01  0.26913E+02 -0.12218E-02 -0.22044E+02 -0.79521E+03 -0.16005E+02  0.00000E+00  0.16655E+02  0.59403E+01  0.84882E+01  0.17907E+00   2150  0.00000E+00      0.000
     256.0000  0.00000E+00  0.24638E+00 -0.77271E-08  0.10222E-03 -0.40829E-05 -0.13950E+02  0.56545E+02 -0.83091E+01  0.26913E+02 -0.12259E-02 -0.22088E+02 -0.79521E+03 -0.16008E+02  0.00000E+00  0.16655E+02  0.59402E+01  0.84882E+01  0.17907E+00   2152  0.00000E+00      0.000
     257.0000  0.00000E+00  0.21844E+00  0.98989E-08  0.96105E-04 -0.40829E-05 -0.13950E+02  0.56764E+02 -0.83091E+01  0.26913E+02 -0.12300E-02 -0.22130E+02 -0.79521E+03 -0.16012E+02  0.00000E+00  0.16655E+02  0.59401E+01  0.84882E+01  0.17907E+00   2154  0.00000E+00      0.000
     258.0000  0.00000E+00  0.29210E+00 -0.57989E-08  0.99063E-04 -0.40829E-05 -0.13950E+02  0.57056E+02 -0.83091E+01  0.26913E+02 -0.12340E-02 -0.22172E+02 -0.79521E+03 -0.16015E+02  0.00000E+00  0.16655E+02  0.59401E+01  0.84882E+01  0.17907E+00   2156  0.00000E+00      0.000
     259.0000  0.00000E+00  0.32258E+00 -0.10761E-07  0.99167E-04 -0.40829E-05 -0.13950E+02  0.57379E+02 -0.83091E+01  0.26913E+02 -0.12381E-02 -0.22212E+02 -0.79521E+03 -0.16019E+02  0.00000E+00  0.16655E+02  0.59400E+01  0.84882E+01  0.17907E+00   2158  0.00000E+00      0.000
     260.0000  0.00000E+00  0.46228E+00  0.22337E-08  0.97886E-04 -0.40829E-05 -0.13950E+02  0.57841E+02 -0.83091E+01  0.26913E+02 -0.12422E-02 -0.22252E+02 -0.79521E+03 -0.16022E+02  0.00000E+00  0.16655E+02  0.59400E+01  0.84882E+01  0.17907E+00   2160  0.00000E+00      0.000
     261.0000  0.00000E+00  0.37592E+00  0.73378E-08  0.95941E-04 -0.40829E-05 -0.13950E+02  0.58217E+02 -0.83091E+01  0.26913E+02 -0.12463E-02 -0.22290E+02 -0.79521E+03 -0.16025E+02  0.00000E+00  0.16655E+02  0.59399E+01  0.84882E+01  0.17907E+00   2162  0.00000E+00      0.000
     262.0000  0.00000E+00  0.20066E+00  0.65011E-08  0.93713E-04 -0.40531E-05 -0.13950E+02  0.58417E+02 -0.83091E+01  0.26913E+02 -0.12504E-02 -0.22327E+02 -0.79522E+03 -0.16029E+02  0.00000E+00  0.16655E+02  0.59399E+01  0.84882E+01  0.17907E+00   2164  0.00000E+00      0.000
     263.0000  0.00000E+00  0.18288E+00  0.14770E-08  0.91374E-04 -0.40531E-05 -0.13950E+02  0.58600E+02 -0.83091E+01  0.26913E+02 -0.12544E-02 -0.22363E+02 -0.79522E+03 -0.16032E+02  0.00000E+00  0.16655E+02  0.59398E+01  0.84882E+01  0.17907E+00   2166  0.00000E+00      0.000
     264.0000  0.00000E+00  0.48260E-01 -0.60791E-08  0.89005E-04 -0.40531E-05 -0.13950E+02  0.58649E+02 -0.83091E+01  0.26913E+02 -0.12585E-02 -0.22398E+02 -0.79522E+03 -0.16035E+02  0.00000E+00  0.16655E+02  0.59398E+01  0.84882E+01  0.17907E+00   2168  0.00000E+00      0.000
     265.0000  0.00000E+00  0.45720E-01 -0.15487E-07  0.86658E-04 -0.40531E-05 -0.13950E+02  0.58694E+02 -0.83091E+01  0.26913E+02 -0.12625E-02 -0.22433E+02 -0.79522E+03 -0.16039E+02  0.00000E+00  0.16655E+02  0.59397E+01  0.84882E+01  0.17907E+00   2170  0.00000E+00      0.000
     266.0000  0.00000E+00  0.23622E+00  0.36780E-08  0.84355E-04 -0.40531E-05 -0.13950E+02  0.58931E+02 -0.83091E+01  0.26913E+02 -0.12666E-02 -0.22466E+02 -0.79522E+03 -0.16042E+02  0.00000E+00  0.16655E+02  0.59397E+01  0.84882E+01  0.17907E+00   2172  0.00000E+00      0.000
     267.0000  0.00000E+00  0.22860E+00 -0.66466E-08  0.82098E-04 -0.40531E-05 -0.13950E+02  0.59159E+02 -0.83091E+01  0.26913E+02 -0.12706E-02 -0.22499E+02 -0.79522E+03 -0.16045E+02  0.00000E+00  0.16655E+02  0.59396E+01  0.84882E+01  0.17907E+00   2174  0.00000E+00      0.000
     268.0000  0.00000E+00  0.22606E+00 -0.16189E-07  0.79900E-04 -0.40233E-05 -0.13950E+02  0.59385E+02 -0.83091E+01  0.26913E+02 -0.12747E-02 -0.22530E+02 -0.79523E+03 -0.16049E+02  0.00000E+00  0.16655E+02  0.59396E+01  0.84882E+01  0.17907E+00   2176  0.00000E+00      0.000
     269.0000  0.00000E+00  0.28956E+00  0.50677E-08  0.77762E-04 -0.40233E-05 -0.13950E+02  0.59675E+02 -0.83091E+01  0.26913E+02 -0.12787E-02 -0.22561E+02 -0.79523E+03 -0.16052E+02  0.00000E+00  0.16655E+02  0.59395E+01  0.84882E+01  0.17907E+00   2178  0.00000E+00      0.000
     270.0000  0.00000E+00  0.22098E+00 -0.56025E-09  0.75668E-04 -0.40233E-05 -0.13950E+02  0.59896E+02 -0.83091E+01  0.26913E+02 -0.12827E-02 -0.22591E+02 -0.79523E+03 -0.16055E+02  0.00000E+00  0.16655E+02  0.59395E+01  0.84882E+01  0.17907E+00   2180  0.00000E+00      0.000
     271.0000  0.00000E+00  0.28702E+00 -0.33469E-08  0.71178E-04 -0.40233E-05 -0.13950E+02  0.60183E+02 -0.83091E+01  0.26913E+02 -0.12867E-02 -0.22620E+02 -0.79523E+03 -0.16059E+02  0.00000E+00  0.16655E+02  0.59395E+01  0.84882E+01  0.17907E+00   2182  0.00000E+00      0.000
     272.0000  0.00000E+00  0.23114E+00  0.16735E-09  0.33812E-04 -0.40233E-05 -0.13950E+02  0.60414E+02 -0.83091E+01  0.26913E+02 -0.12908E-02 -0.22648E+02 -0.79523E+03 -0.16062E+02  0.00000E+00  0.16655E+02  0.59394E+01  0.84882E+01  0.17907E+00   2184  0.00000E+00      0.000
     273.0000  0.00000E+00  0.66040E-01 -0.14126E-07  0.89832E-04 -0.40233E-05 -0.13950E+02  0.60480E+02 -0.83091E+01  0.26914E+02 -0.12948E-02 -0.22676E+02 -0.79522E+03 -0.16065E+02  0.00000E+00  0.16655E+02  0.59394E+01  0.84882E+01  0.17907E+00   2186  0.00000E+00      0.000
     274.0000  0.22860E-01  0.00000E+00  0.22860E-01  0.00000E+00 -0.39935E-05 -0.13927E+02  0.60480E+02 -0.82862E+01  0.26914E+02 -0.12988E-02 -0.43690E+02 -0.79525E+03 -0.16068E+02  0.00000E+00  0.16655E+02  0.59165E+01  0.84882E+01  0.20193E+00   2188  0.00000E+00      0.000
     275.0000  0.21844E+00  0.00000E+00  0.99840E-31  0.00000E+00 -0.39736E-05 -0.13708E+02  0.60480E+02 -0.81774E+01  0.26914E+02 -0.13028E-02 -0.10000E+07 -0.79525E+03 -0.16072E+02  0.00000E+00  0.16655E+02  0.58077E+01  0.84882E+01  0.31072E+00   2194  0.00000E+00      0.000
     276.0000  0.13462E+00  0.00000E+00  0.99840E-31  0.00000E+00 -0.40233E-05 -0.13574E+02  0.60480E+02 -0.81774E+01  0.26914E+02 -0.13068E-02 -0.10000E+07 -0.79525E+03 -0.16075E+02  0.00000E+00  0.16655E+02  0.58077E+01  0.84882E+01  0.31072E+00   2198  0.00000E+00      0.000
     277.0000  0.19050E+00  0.00000E+00  0.99840E-31  0.00000E+00 -0.39935E-05 -0.13383E+02  0.60480E+02 -0.81774E+01  0.26914E+02 -0.13108E-02 -0.10000E+07 -0.79525E+03 -0.16078E+02  0.00000E+00  0.16655E+02  0.58077E+01  0.84882E+01  0.31072E+00   2200  0.00000E+00      0.000
     278.0000  0.11938E+00  0.00000E+00  0.99840E-31  0.00000E+00 -0.39935E-05 -0.13264E+02  0.60480E+02 -0.81774E+01  0.26914E+02 -0.13148E-02 -0.10000E+07 -0.79525E+03 -0.16082E+02  0.00000E+00  0.16655E+02  0.58077E+01  0.84882E+01  0.31072E+00   2202  0.00000E+00      0.000
     279.0000  0.19558E+00  0.00000E+00  0.99840E-31  0.00000E+00 -0.39935E-05 -0.13068E+02  0.60480E+02 -0.81774E+01  0.26914E+02 -0.13188E-02 -0.10000E+07 -0.79525E+03 -0.16085E+02  0.00000E+00  0.16655E+02  0.58077E+01  0.84882E+01  0.31072E+00   2204  0.00000E+00      0.000
     280.0000  0.18796E+00  0.00000E+00  0.99840E-31  0.00000E+00 -0.39935E-05 -0.12880E+02  0.60480E+02 -0.81774E+01  0.26914E+02 -0.13228E-02 -0.10000E+07 -0.79525E+03 -0.16088E+02  0.00000E+00  0.16655E+02  0.58077E+01  0.84882E+01  0.31072E+00   2206  0.00000E+00      0.000
     281.0000  0.23368E+00  0.00000E+00  0.99840E-31  0.00000E+00 -0.39637E-05 -0.12647E+02  0.60480E+02 -0.81774E+01  0.26914E+02 -0.13268E-02 -0.10000E+07 -0.79525E+03 -0.16091E+02  0.00000E+00  0.16655E+02  0.58077E+01  0.84882E+01  0.31072E+00   2208  0.00000E+00      0.000
     282.0000  0.24130E+00  0.00000E+00  0.99840E-31  0.00000E+00 -0.39637E-05 -0.12405E+02  0.60480E+02 -0.81774E+01  0.26914E+02 -0.13307E-02 -0.10000E+07 -0.79525E+03 -0.16095E+02  0.00000E+00  0.16655E+02  0.58077E+01  0.84882E+01  0.31072E+00   2210  0.00000E+00      0.000
     283.0000  0.21082E+00  0.00000E+00  0.99840E-31  0.00000E+00 -0.39637E-05 -0.12194E+02  0.60480E+02 -0.81774E+01  0.26914E+02 -0.13347E-02 -0.10000E+07 -0.79525E+03 -0.16098E+02  0.00000E+00  0.16655E+02  0.58077E+01  0.84882E+01  0.31072E+00   2212  0.00000E+00      0.000
     284.0000  0.15494E+00  0.00000E+00  0.99840E-31  0.00000E+00 -0.39637E-05 -0.12040E+02  0.60480E+02 -0.81774E+01  0.26914E+02 -0.13387E-02 -0.10000E+07 -0.79525E+03 -0.16101E+02  0.00000E+00  0.16655E+02  0.58077E+01  0.84882E+01  0.31072E+00   2214  0.00000E+00      0.000
     285.0000  0.20320E-01  0.00000E+00  0.99840E-31  0.00000E+00 -0.39637E-05 -0.12019E+02  0.60480E+02 -0.81774E+01  0.26914E+02 -0.13426E-02 -0.10000E+07 -0.79525E+03 -0.16104E+02  0.00000E+00  0.16655E+02  0.58077E+01  0.84882E+01  0.31072E+00   2216  0.00000E+00      0.000
     286.0000  0.73660E-01  0.00000E+00  0.99840E-31  0.00000E+00 -0.39637E-05 -0.11946E+02  0.60480E+02 -0.81774E+01  0.26914E+02 -0.13466E-02 -0.10000E+07 -0.79525E+03 -0.16108E+02  0.00000E+00  0.16655E+02  0.58076E+01  0.84882E+01  0.31072E+00   2218  0.00000E+00      0.000
     287.0000  0.13716E+00  0.00000E+00  0.99840E-31  0.00000E+00 -0.39339E-05 -0.11808E+02  0.60480E+02 -0.81774E+01  0.26914E+02 -0.13505E-02 -0.10000E+07 -0.79525E+03 -0.16111E+02  0.00000E+00  0.16655E+02  0.58076E+01  0.84882E+01  0.31072E+00   2220  0.00000E+00      0.000
     288.0000  0.17780E+00  0.00000E+00  0.99840E-31  0.00000E+00 -0.39339E-05 -0.11631E+02  0.60480E+02 -0.81774E+01  0.26914E+02 -0.13545E-02 -0.10000E+07 -0.79525E+03 -0.16114E+02  0.00000E+00  0.16655E+02  0.58076E+01  0.84882E+01  0.31072E+00   2222  0.00000E+00      0.000
     289.0000  0.18288E+00  0.00000E+00  0.99840E-31  0.00000E+00 -0.39339E-05 -0.11448E+02  0.60480E+02 -0.81774E+01  0.26914E+02 -0.13584E-02 -0.10000E+07 -0.79525E+03 -0.16117E+02  0.00000E+00  0.16655E+02  0.58076E+01  0.84882E+01  0.31072E+00   2224  0.00000E+00      0.000
     290.0000  0.24892E+00  0.00000E+00  0.99840E-31  0.00000E+00 -0.39339E-05 -0.11199E+02  0.60480E+02 -0.81774E+01  0.26914E+02 -0.13623E-02 -0.10000E+07 -0.79525E+03 -0.16121E+02  0.00000E+00  0.16655E+02  0.58076E+01  0.84882E+01  0.31072E+00   2226  0.00000E+00      0.000
     291.0000  0.36322E+00  0.00000E+00  0.99840E-31  0.00000E+00 -0.39339E-05 -0.10836E+02  0.60480E+02 -0.81774E+01  0.26914E+02 -0.13663E-02 -0.10000E+07 -0.79525E+03 -0.16124E+02  0.00000E+00  0.16655E+02  0.58076E+01  0.84882E+01  0.31072E+00   2228  0.00000E+00      0.000
     292.0000  0.42164E+00  0.00000E+00  0.99840E-31  0.00000E+00 -0.39339E-05 -0.10414E+02  0.60480E+02 -0.81774E+01  0.26914E+02 -0.13702E-02 -0.10000E+07 -0.79525E+03 -0.16127E+02  0.00000E+00  0.16655E+02  0.58076E+01  0.84882E+01  0.31072E+00   2230  0.00000E+00      0.000
     293.0000  0.26924E+00  0.00000E+00  0.99840E-31  0.00000E+00 -0.39041E-05 -0.10145E+02  0.60480E+02 -0.81774E+01  0.26914E+02 -0.13741E-02 -0.10000E+07 -0.79525E+03 -0.16130E+02  0.00000E+00  0.16655E+02  0.58076E+01  0.84882E+01  0.31072E+00   2232  0.00000E+00      0.000
     294.0000  0.10922E+00  0.00000E+00  0.99840E-31  0.00000E+00 -0.39041E-05 -0.10035E+02  0.60480E+02 -0.81774E+01  0.26914E+02 -0.13780E-02 -0.10000E+07 -0.79526E+03 -0.16134E+02  0.00000E+00  0.16655E+02  0.58076E+01  0.84882E+01  0.31072E+00   2234  0.00000E+00      0.000
     295.0000  0.68580E-01  0.00000E+00  0.99840E-31  0.00000E+00 -0.39041E-05 -0.99669E+01  0.60480E+02 -0.81774E+01  0.26914E+02 -0.13819E-02 -0.10000E+07 -0.79526E+03 -0.16137E+02  0.00000E+00  0.16655E+02  0.58076E+01  0.84882E+01  0.31072E+00   2236  0.00000E+00      0.000
     296.0000  0.33020E-01  0.00000E+00  0.99840E-31  0.00000E+00 -0.39041E-05 -0.99339E+01  0.60480E+02 -0.81774E+01  0.26914E+02 -0.13858E-02 -0.10000E+07 -0.79526E+03 -0.16140E+02  0.00000E+00  0.16655E+02  0.58076E+01  0.84882E+01  0.31072E+00   2238  0.00000E+00      0.000
     297.0000  0.22860E-01  0.00000E+00  0.99840E-31  0.00000E+00 -0.39041E-05 -0.99110E+01  0.60480E+02 -0.81774E+01  0.26914E+02 -0.13897E-02 -0.10000E+07 -0.79526E+03 -0.16143E+02  0.00000E+00  0.16655E+02  0.58076E+01  0.84882E+01  0.31072E+00   2240  0.00000E+00      0.000
     298.0000  0.27940E-01  0.00000E+00  0.99840E-31  0.00000E+00 -0.39041E-05 -0.98831E+01  0.60480E+02 -0.81774E+01  0.26914E+02 -0.13936E-02 -0.10000E+07 -0.79526E+03 -0.16146E+02  0.00000E+00  0.16655E+02  0.58076E+01  0.84882E+01  0.31072E+00   2242  0.00000E+00      0.000
     299.0000  0.25400E-01  0.00000E+00  0.99840E-31  0.00000E+00 -0.39041E-05 -0.98577E+01  0.60480E+02 -0.81774E+01  0.26914E+02 -0.13975E-02 -0.10000E+07 -0.79526E+03 -0.16150E+02  0.00000E+00  0.16655E+02  0.58076E+01  0.84882E+01  0.31072E+00   2244  0.00000E+00      0.000
     300.0000  0.22860E-01  0.00000E+00  0.99840E-31  0.00000E+00 -0.38743E-05 -0.98348E+01  0.60480E+02 -0.81774E+01  0.26914E+02 -0.14014E-02 -0.10000E+07 -0.79526E+03 -0.16153E+02  0.00000E+00  0.16655E+02  0.58076E+01  0.84882E+01  0.31072E+00   2246  0.00000E+00      0.000
     301.0000  0.40640E-01  0.00000E+00  0.99840E-31  0.00000E+00 -0.38743E-05 -0.97942E+01  0.60480E+02 -0.81774E+01  0.26914E+02 -0.14053E-02 -0.10000E+07 -0.79526E+03 -0.16156E+02  0.00000E+00  0.16655E+02  0.58076E+01  0.84882E+01  0.31072E+00   2248  0.00000E+00      0.000
     302.0000  0.66040E-01  0.00000E+00  0.99840E-31  0.00000E+00 -0.38743E-05 -0.97282E+01  0.60480E+02 -0.81774E+01  0.26914E+02 -0.14092E-02 -0.10000E+07 -0.79526E+03 -0.16159E+02  0.00000E+00  0.16655E+02  0.58076E+01  0.84882E+01  0.31072E+00   2250  0.00000E+00      0.000
     303.0000  0.10160E+00  0.00000E+00  0.99840E-31  0.00000E+00 -0.38743E-05 -0.96266E+01  0.60480E+02 -0.81774E+01  0.26914E+02 -0.14130E-02 -0.10000E+07 -0.79526E+03 -0.16162E+02  0.00000E+00  0.16655E+02  0.58076E+01  0.84882E+01  0.31072E+00   2252  0.00000E+00      0.000
     304.0000  0.13462E+00  0.00000E+00  0.99840E-31  0.00000E+00 -0.38743E-05 -0.94919E+01  0.60480E+02 -0.81774E+01  0.26914E+02 -0.14169E-02 -0.10000E+07 -0.79526E+03 -0.16166E+02  0.00000E+00  0.16655E+02  0.58076E+01  0.84882E+01  0.31072E+00   2254  0.00000E+00      0.000
     305.0000  0.15748E+00  0.00000E+00  0.99840E-31  0.00000E+00 -0.38743E-05 -0.93344E+01  0.60480E+02 -0.81774E+01  0.26914E+02 -0.14208E-02 -0.10000E+07 -0.79526E+03 -0.16169E+02  0.00000E+00  0.16655E+02  0.58076E+01  0.84882E+01  0.31072E+00   2256  0.00000E+00      0.000
     306.0000  0.11176E+00  0.00000E+00  0.99840E-31  0.00000E+00 -0.38445E-05 -0.92227E+01  0.60480E+02 -0.81774E+01  0.26914E+02 -0.14246E-02 -0.10000E+07 -0.79526E+03 -0.16172E+02  0.00000E+00  0.16655E+02  0.58076E+01  0.84882E+01  0.31072E+00   2258  0.00000E+00      0.000
     307.0000  0.14478E+00  0.00000E+00  0.99840E-31  0.00000E+00 -0.38445E-05 -0.90779E+01  0.60480E+02 -0.81774E+01  0.26914E+02 -0.14285E-02 -0.10000E+07 -0.79526E+03 -0.16175E+02  0.00000E+00  0.16655E+02  0.58076E+01  0.84882E+01  0.31072E+00   2260  0.00000E+00      0.000
     308.0000  0.19050E+00  0.00000E+00  0.99840E-31  0.00000E+00 -0.38445E-05 -0.88874E+01  0.60480E+02 -0.81774E+01  0.26914E+02 -0.14323E-02 -0.10000E+07 -0.79526E+03 -0.16178E+02  0.00000E+00  0.16655E+02  0.58076E+01  0.84882E+01  0.31072E+00   2262  0.00000E+00      0.000
     309.0000  0.23876E+00  0.00000E+00  0.99840E-31  0.00000E+00 -0.38445E-05 -0.86487E+01  0.60480E+02 -0.81774E+01  0.26914E+02 -0.14362E-02 -0.10000E+07 -0.79526E+03 -0.16181E+02  0.00000E+00  0.16655E+02  0.58076E+01  0.84882E+01  0.31072E+00   2264  0.00000E+00      0.000
     310.0000  0.11430E+00  0.00000E+00  0.99840E-31  0.00000E+00 -0.38445E-05 -0.85344E+01  0.60480E+02 -0.81774E+01  0.26914E+02 -0.14400E-02 -0.10000E+07 -0.79526E+03 -0.16185E+02  0.00000E+00  0.16655E+02  0.58076E+01  0.84882E+01  0.31072E+00   2266  0.00000E+00      0.000
     311.0000  0.20320E+00  0.00000E+00  0.99840E-31  0.00000E+00 -0.38445E-05 -0.83312E+01  0.60480E+02 -0.81774E+01  0.26914E+02 -0.14438E-02 -0.10000E+07 -0.79526E+03 -0.16188E+02  0.00000E+00  0.16655E+02  0.58076E+01  0.84882E+01  0.31072E+00   2268  0.00000E+00      0.000
     312.0000  0.12954E+00  0.00000E+00  0.99840E-31  0.00000E+00 -0.38147E-05 -0.82016E+01  0.60480E+02 -0.81774E+01  0.26914E+02 -0.14477E-02 -0.10000E+07 -0.79526E+03 -0.16191E+02  0.00000E+00  0.16655E+02  0.58075E+01  0.84882E+01  0.31072E+00   2270  0.00000E+00      0.000
     313.0000  0.12446E+00  0.00000E+00  0.99840E-31  0.00000E+00 -0.38147E-05 -0.80772E+01  0.60480E+02 -0.81774E+01  0.26914E+02 -0.14515E-02 -0.10000E+07 -0.79526E+03 -0.16194E+02  0.00000E+00  0.16655E+02  0.58075E+01  0.84882E+01  0.31072E+00   2272  0.00000E+00      0.000
     314.0000  0.15494E+00  0.00000E+00  0.99840E-31  0.00000E+00 -0.38147E-05 -0.79222E+01  0.60480E+02 -0.81774E+01  0.26914E+02 -0.14553E-02 -0.10000E+07 -0.79526E+03 -0.16197E+02  0.00000E+00  0.16655E+02  0.58075E+01  0.84882E+01  0.31072E+00   2274  0.00000E+00      0.000
     315.0000  0.28956E+00  0.00000E+00  0.99840E-31  0.00000E+00 -0.38147E-05 -0.76327E+01  0.60480E+02 -0.81774E+01  0.26914E+02 -0.14591E-02 -0.10000E+07 -0.79526E+03 -0.16200E+02  0.00000E+00  0.16655E+02  0.58075E+01  0.84882E+01  0.31072E+00   2276  0.00000E+00      0.000
     316.0000  0.13462E+00  0.00000E+00  0.99840E-31  0.00000E+00 -0.38147E-05 -0.74980E+01  0.60480E+02 -0.81774E+01  0.26914E+02 -0.14629E-02 -0.10000E+07 -0.79526E+03 -0.16203E+02  0.00000E+00  0.16655E+02  0.58075E+01  0.84882E+01  0.31072E+00   2278  0.00000E+00      0.000
     317.0000  0.24892E+00  0.00000E+00  0.99840E-31  0.00000E+00 -0.38147E-05 -0.72491E+01  0.60480E+02 -0.81774E+01  0.26914E+02 -0.14668E-02 -0.10000E+07 -0.79526E+03 -0.16207E+02  0.00000E+00  0.16655E+02  0.58075E+01  0.84882E+01  0.31072E+00   2280  0.00000E+00      0.000
     318.0000  0.18542E+00  0.00000E+00  0.99840E-31  0.00000E+00 -0.38147E-05 -0.70637E+01  0.60480E+02 -0.81774E+01  0.26914E+02 -0.14706E-02 -0.10000E+07 -0.79526E+03 -0.16210E+02  0.00000E+00  0.16655E+02  0.58075E+01  0.84882E+01  0.31072E+00   2282  0.00000E+00      0.000
     319.0000  0.18796E+00  0.00000E+00  0.99840E-31  0.00000E+00 -0.37849E-05 -0.68757E+01  0.60480E+02 -0.81774E+01  0.26914E+02 -0.14744E-02 -0.10000E+07 -0.79526E+03 -0.16213E+02  0.00000E+00  0.16655E+02  0.58075E+01  0.84882E+01  0.31072E+00   2284  0.00000E+00      0.000
     320.0000  0.99060E-01  0.00000E+00  0.99840E-31  0.00000E+00 -0.37849E-05 -0.67767E+01  0.60480E+02 -0.81774E+01  0.26914E+02 -0.14781E-02 -0.10000E+07 -0.79526E+03 -0.16216E+02  0.00000E+00  0.16655E+02  0.58075E+01  0.84882E+01  0.31072E+00   2286  0.00000E+00      0.000
     321.0000  0.27432E+00  0.00000E+00  0.99840E-31  0.00000E+00 -0.37849E-05 -0.65024E+01  0.60480E+02 -0.81774E+01  0.26914E+02 -0.14819E-02 -0.10000E+07 -0.79526E+03 -0.16219E+02  0.00000E+00  0.16655E+02  0.58075E+01  0.84882E+01  0.31072E+00   2288  0.00000E+00      0.000
     322.0000  0.19304E+00  0.00000E+00  0.99840E-31  0.00000E+00 -0.37849E-05 -0.63093E+01  0.60480E+02 -0.81774E+01  0.26914E+02 -0.14857E-02 -0.10000E+07 -0.79526E+03 -0.16222E+02  0.00000E+00  0.16655E+02  0.58075E+01  0.84882E+01  0.31072E+00   2290  0.00000E+00      0.000
     323.0000  0.18796E+00  0.00000E+00  0.99840E-31  0.00000E+00 -0.37849E-05 -0.61214E+01  0.60480E+02 -0.81774E+01  0.26914E+02 -0.14895E-02 -0.10000E+07 -0.79526E+03 -0.16225E+02  0.00000E+00  0.16655E+02  0.58075E+01  0.84882E+01  0.31072E+00   2292  0.00000E+00      0.000
     324.0000  0.16510E+00  0.00000E+00  0.99840E-31  0.00000E+00 -0.37849E-05 -0.59563E+01  0.60480E+02 -0.81774E+01  0.26914E+02 -0.14933E-02 -0.10000E+07 -0.79526E+03 -0.16228E+02  0.00000E+00  0.16655E+02  0.58075E+01  0.84882E+01  0.31072E+00   2294  0.00000E+00      0.000
     325.0000  0.33274E+00  0.00000E+00  0.99840E-31  0.00000E+00 -0.37849E-05 -0.56235E+01  0.60480E+02 -0.81774E+01  0.26914E+02 -0.14971E-02 -0.10000E+07 -0.79526E+03 -0.16232E+02  0.00000E+00  0.16655E+02  0.58075E+01  0.84882E+01  0.31072E+00   2296  0.00000E+00      0.000
     326.0000  0.15240E+00  0.00000E+00  0.99840E-31  0.00000E+00 -0.37551E-05 -0.54711E+01  0.60480E+02 -0.81774E+01  0.26914E+02 -0.15008E-02 -0.10000E+07 -0.79526E+03 -0.16235E+02  0.00000E+00  0.16655E+02  0.58075E+01  0.84882E+01  0.31072E+00   2298  0.00000E+00      0.000
     327.0000  0.10160E-01  0.00000E+00  0.99840E-31  0.00000E+00 -0.37551E-05 -0.54610E+01  0.60480E+02 -0.81774E+01  0.26914E+02 -0.15046E-02 -0.10000E+07 -0.79526E+03 -0.16238E+02  0.00000E+00  0.16655E+02  0.58075E+01  0.84882E+01  0.31072E+00   2300  0.00000E+00      0.000
     328.0000  0.17780E-01  0.00000E+00  0.99840E-31  0.00000E+00 -0.37551E-05 -0.54432E+01  0.60480E+02 -0.81774E+01  0.26914E+02 -0.15083E-02 -0.10000E+07 -0.79526E+03 -0.16241E+02  0.00000E+00  0.16655E+02  0.58075E+01  0.84882E+01  0.31072E+00   2302  0.00000E+00      0.000
     329.0000  0.60960E-01  0.00000E+00  0.99840E-31  0.00000E+00 -0.37551E-05 -0.53822E+01  0.60480E+02 -0.81774E+01  0.26914E+02 -0.15121E-02 -0.10000E+07 -0.79526E+03 -0.16244E+02  0.00000E+00  0.16655E+02  0.58075E+01  0.84882E+01  0.31072E+00   2304  0.00000E+00      0.000
     330.0000  0.58420E-01  0.00000E+00  0.99840E-31  0.00000E+00 -0.37551E-05 -0.53238E+01  0.60480E+02 -0.81774E+01  0.26914E+02 -0.15158E-02 -0.10000E+07 -0.79526E+03 -0.16247E+02  0.00000E+00  0.16655E+02  0.58075E+01  0.84882E+01  0.31072E+00   2306  0.00000E+00      0.000
     331.0000  0.18288E+00  0.00000E+00  0.99840E-31  0.00000E+00 -0.37551E-05 -0.51409E+01  0.60480E+02 -0.81774E+01  0.26914E+02 -0.15196E-02 -0.10000E+07 -0.79526E+03 -0.16250E+02  0.00000E+00  0.16655E+02  0.58075E+01  0.84882E+01  0.31072E+00   2308  0.00000E+00      0.000
     332.0000  0.28194E+00  0.00000E+00  0.99840E-31  0.00000E+00 -0.37253E-05 -0.48590E+01  0.60480E+02 -0.81774E+01  0.26914E+02 -0.15233E-02 -0.10000E+07 -0.79526E+03 -0.16253E+02  0.00000E+00  0.16655E+02  0.58075E+01  0.84882E+01  0.31072E+00   2310  0.00000E+00      0.000
     333.0000  0.10668E+00  0.00000E+00  0.99840E-31  0.00000E+00 -0.37253E-05 -0.47523E+01  0.60480E+02 -0.81774E+01  0.26914E+02 -0.15270E-02 -0.10000E+07 -0.79526E+03 -0.16256E+02  0.00000E+00  0.16655E+02  0.58075E+01  0.84882E+01  0.31072E+00   2312  0.00000E+00      0.000
     334.0000  0.25400E-01  0.00000E+00  0.99840E-31  0.00000E+00 -0.37253E-05 -0.47269E+01  0.60480E+02 -0.81774E+01  0.26914E+02 -0.15308E-02 -0.10000E+07 -0.79526E+03 -0.16259E+02  0.00000E+00  0.16655E+02  0.58075E+01  0.84882E+01  0.31072E+00   2314  0.00000E+00      0.000
     335.0000  0.11430E+00  0.00000E+00  0.99840E-31  0.00000E+00 -0.37253E-05 -0.46126E+01  0.60480E+02 -0.81774E+01  0.26914E+02 -0.15345E-02 -0.10000E+07 -0.79526E+03 -0.16262E+02  0.00000E+00  0.16655E+02  0.58075E+01  0.84882E+01  0.31072E+00   2316  0.00000E+00      0.000
     336.0000  0.16510E+00  0.00000E+00  0.99840E-31  0.00000E+00 -0.37253E-05 -0.44475E+01  0.60480E+02 -0.81774E+01  0.26914E+02 -0.15382E-02 -0.10000E+07 -0.79526E+03 -0.16265E+02  0.00000E+00  0.16655E+02  0.58075E+01  0.84882E+01  0.31072E+00   2318  0.00000E+00      0.000
     337.0000  0.17018E+00  0.00000E+00  0.99840E-31  0.00000E+00 -0.37253E-05 -0.42773E+01  0.60480E+02 -0.81774E+01  0.26914E+02 -0.15419E-02 -0.10000E+07 -0.79526E+03 -0.16268E+02  0.00000E+00  0.16655E+02  0.58075E+01  0.84882E+01  0.31072E+00   2320  0.00000E+00      0.000
     338.0000  0.16256E+00  0.00000E+00  0.99840E-31  0.00000E+00 -0.37253E-05 -0.41148E+01  0.60480E+02 -0.81774E+01  0.26914E+02 -0.15457E-02 -0.10000E+07 -0.79526E+03 -0.16272E+02  0.00000E+00  0.16655E+02  0.58074E+01  0.84882E+01  0.31072E+00   2322  0.00000E+00      0.000
     339.0000  0.33782E+00  0.00000E+00  0.99840E-31  0.00000E+00 -0.36955E-05 -0.37769E+01  0.60480E+02 -0.81774E+01  0.26914E+02 -0.15494E-02 -0.10000E+07 -0.79526E+03 -0.16275E+02  0.00000E+00  0.16655E+02  0.58074E+01  0.84882E+01  0.31072E+00   2324  0.00000E+00      0.000
     340.0000  0.25146E+00  0.00000E+00  0.99840E-31  0.00000E+00 -0.36955E-05 -0.35255E+01  0.60480E+02 -0.81774E+01  0.26914E+02 -0.15531E-02 -0.10000E+07 -0.79526E+03 -0.16278E+02  0.00000E+00  0.16655E+02  0.58074E+01  0.84882E+01  0.31072E+00   2326  0.00000E+00      0.000
     341.0000  0.91440E-01  0.00000E+00  0.99840E-31  0.00000E+00 -0.36955E-05 -0.34340E+01  0.60480E+02 -0.81774E+01  0.26914E+02 -0.15568E-02 -0.10000E+07 -0.79526E+03 -0.16281E+02  0.00000E+00  0.16655E+02  0.58074E+01  0.84882E+01  0.31072E+00   2328  0.00000E+00      0.000
     342.0000  0.33020E-01  0.00000E+00  0.99840E-31  0.00000E+00 -0.36955E-05 -0.34010E+01  0.60480E+02 -0.81774E+01  0.26914E+02 -0.15604E-02 -0.10000E+07 -0.79526E+03 -0.16284E+02  0.00000E+00  0.16655E+02  0.58074E+01  0.84882E+01  0.31072E+00   2330  0.00000E+00      0.000
     343.0000  0.13970E+00  0.00000E+00  0.99840E-31  0.00000E+00 -0.36955E-05 -0.32613E+01  0.60480E+02 -0.81774E+01  0.26914E+02 -0.15641E-02 -0.10000E+07 -0.79526E+03 -0.16287E+02  0.00000E+00  0.16655E+02  0.58074E+01  0.84882E+01  0.31072E+00   2332  0.00000E+00      0.000
     344.0000  0.21082E+00  0.00000E+00  0.99840E-31  0.00000E+00 -0.36955E-05 -0.30505E+01  0.60480E+02 -0.81774E+01  0.26914E+02 -0.15678E-02 -0.10000E+07 -0.79526E+03 -0.16290E+02  0.00000E+00  0.16655E+02  0.58074E+01  0.84882E+01  0.31072E+00   2334  0.00000E+00      0.000
     345.0000  0.45720E-01  0.00000E+00  0.99840E-31  0.00000E+00 -0.36955E-05 -0.30048E+01  0.60480E+02 -0.81774E+01  0.26914E+02 -0.15715E-02 -0.10000E+07 -0.79526E+03 -0.16293E+02  0.00000E+00  0.16655E+02  0.58074E+01  0.84882E+01  0.31072E+00   2336  0.00000E+00      0.000
     346.0000  0.40640E-01  0.00000E+00  0.99840E-31  0.00000E+00 -0.36657E-05 -0.29641E+01  0.60480E+02 -0.81774E+01  0.26914E+02 -0.15752E-02 -0.10000E+07 -0.79526E+03 -0.16296E+02  0.00000E+00  0.16655E+02  0.58074E+01  0.84882E+01  0.31072E+00   2338  0.00000E+00      0.000
     347.0000  0.13716E+00  0.00000E+00  0.99840E-31  0.00000E+00 -0.36657E-05 -0.28270E+01  0.60480E+02 -0.81774E+01  0.26914E+02 -0.15789E-02 -0.10000E+07 -0.79526E+03 -0.16299E+02  0.00000E+00  0.16655E+02  0.58074E+01  0.84882E+01  0.31072E+00   2340  0.00000E+00      0.000
     348.0000  0.11684E+00  0.00000E+00  0.99840E-31  0.00000E+00 -0.36657E-05 -0.27101E+01  0.60480E+02 -0.81774E+01  0.26914E+02 -0.15825E-02 -0.10000E+07 -0.79526E+03 -0.16302E+02  0.00000E+00  0.16655E+02  0.58074E+01  0.84882E+01  0.31072E+00   2342  0.00000E+00      0.000
     349.0000  0.10668E+00  0.00000E+00  0.99840E-31  0.00000E+00 -0.36657E-05 -0.26035E+01  0.60480E+02 -0.81774E+01  0.26914E+02 -0.15862E-02 -0.10000E+07 -0.79526E+03 -0.16305E+02  0.00000E+00  0.16655E+02  0.58074E+01  0.84882E+01  0.31072E+00   2344  0.00000E+00      0.000
     350.0000  0.33020E+00  0.00000E+00  0.99840E-31  0.00000E+00 -0.36657E-05 -0.22733E+01  0.60480E+02 -0.81774E+01  0.26914E+02 -0.15899E-02 -0.10000E+07 -0.79526E+03 -0.16308E+02  0.00000E+00  0.16655E+02  0.58074E+01  0.84882E+01  0.31072E+00   2346  0.00000E+00      0.000
     351.0000  0.66040E-01  0.00000E+00  0.99840E-31  0.00000E+00 -0.36657E-05 -0.22072E+01  0.60480E+02 -0.81774E+01  0.26914E+02 -0.15935E-02 -0.10000E+07 -0.79526E+03 -0.16311E+02  0.00000E+00  0.16655E+02  0.58074E+01  0.84882E+01  0.31072E+00   2348  0.00000E+00      0.000
     352.0000  0.22860E+00  0.00000E+00  0.99840E-31  0.00000E+00 -0.36359E-05 -0.19786E+01  0.60480E+02 -0.81774E+01  0.26914E+02 -0.15972E-02 -0.10000E+07 -0.79526E+03 -0.16314E+02  0.00000E+00  0.16655E+02  0.58074E+01  0.84882E+01  0.31072E+00   2350  0.00000E+00      0.000
     353.0000  0.19304E+00  0.00000E+00  0.99840E-31  0.00000E+00 -0.36359E-05 -0.17856E+01  0.60480E+02 -0.81774E+01  0.26914E+02 -0.16008E-02 -0.10000E+07 -0.79526E+03 -0.16317E+02  0.00000E+00  0.16655E+02  0.58074E+01  0.84882E+01  0.31072E+00   2352  0.00000E+00      0.000
     354.0000  0.20574E+00  0.00000E+00  0.99840E-31  0.00000E+00 -0.36359E-05 -0.15798E+01  0.60480E+02 -0.81774E+01  0.26914E+02 -0.16045E-02 -0.10000E+07 -0.79526E+03 -0.16320E+02  0.00000E+00  0.16655E+02  0.58074E+01  0.84882E+01  0.31072E+00   2354  0.00000E+00      0.000
     355.0000  0.16510E+00  0.00000E+00  0.99840E-31  0.00000E+00 -0.36359E-05 -0.14147E+01  0.60480E+02 -0.81774E+01  0.26914E+02 -0.16081E-02 -0.10000E+07 -0.79526E+03 -0.16323E+02  0.00000E+00  0.16655E+02  0.58074E+01  0.84882E+01  0.31072E+00   2356  0.00000E+00      0.000
     356.0000  0.20320E+00  0.00000E+00  0.99840E-31  0.00000E+00 -0.36359E-05 -0.12115E+01  0.60480E+02 -0.81774E+01  0.26914E+02 -0.16117E-02 -0.10000E+07 -0.79526E+03 -0.16326E+02  0.00000E+00  0.16655E+02  0.58074E+01  0.84882E+01  0.31072E+00   2358  0.00000E+00      0.000
     357.0000  0.73660E-01  0.00000E+00  0.99840E-31  0.00000E+00 -0.36359E-05 -0.11379E+01  0.60480E+02 -0.81774E+01  0.26914E+02 -0.16154E-02 -0.10000E+07 -0.79526E+03 -0.16329E+02  0.00000E+00  0.16655E+02  0.58074E+01  0.84882E+01  0.31072E+00   2360  0.00000E+00      0.000
     358.0000  0.76200E-01  0.00000E+00  0.99840E-31  0.00000E+00 -0.36359E-05 -0.10617E+01  0.60480E+02 -0.81774E+01  0.26914E+02 -0.16190E-02 -0.10000E+07 -0.79526E+03 -0.16332E+02  0.00000E+00  0.16655E+02  0.58074E+01  0.84882E+01  0.31072E+00   2362  0.00000E+00      0.000
     359.0000  0.12954E+00  0.00000E+00  0.99840E-31  0.00000E+00 -0.36061E-05 -0.93213E+00  0.60480E+02 -0.81774E+01  0.26914E+02 -0.16226E-02 -0.10000E+07 -0.79526E+03 -0.16335E+02  0.00000E+00  0.16655E+02  0.58074E+01  0.84882E+01  0.31072E+00   2364  0.00000E+00      0.000
     360.0000  0.16510E+00  0.00000E+00  0.99840E-31  0.00000E+00 -0.36061E-05 -0.76703E+00  0.60480E+02 -0.81774E+01  0.26914E+02 -0.16262E-02 -0.10000E+07 -0.79526E+03 -0.16338E+02  0.00000E+00  0.16655E+02  0.58074E+01  0.84882E+01  0.31072E+00   2366  0.00000E+00      0.000
     361.0000  0.91440E-01  0.00000E+00  0.99840E-31  0.00000E+00 -0.36061E-05 -0.67559E+00  0.60480E+02 -0.81774E+01  0.26914E+02 -0.16298E-02 -0.10000E+07 -0.79526E+03 -0.16341E+02  0.00000E+00  0.16655E+02  0.58074E+01  0.84882E+01  0.31072E+00   2368  0.00000E+00      0.000
     362.0000  0.19050E+00  0.00000E+00  0.99840E-31  0.00000E+00 -0.36061E-05 -0.48509E+00  0.60480E+02 -0.81774E+01  0.26914E+02 -0.16334E-02 -0.10000E+07 -0.79526E+03 -0.16344E+02  0.00000E+00  0.16655E+02  0.58074E+01  0.84882E+01  0.31072E+00   2370  0.00000E+00      0.000
     363.0000  0.78740E-01  0.00000E+00  0.99840E-31  0.00000E+00 -0.36061E-05 -0.40635E+00  0.60480E+02 -0.81774E+01  0.26914E+02 -0.16370E-02 -0.10000E+07 -0.79526E+03 -0.16347E+02  0.00000E+00  0.16655E+02  0.58074E+01  0.84882E+01  0.31072E+00   2372  0.00000E+00      0.000
     364.0000  0.33020E-01  0.00000E+00  0.99840E-31  0.00000E+00 -0.36061E-05 -0.37333E+00  0.60480E+02 -0.81774E+01  0.26914E+02 -0.16406E-02 -0.10000E+07 -0.79526E+03 -0.16350E+02  0.00000E+00  0.16655E+02  0.58074E+01  0.84882E+01  0.31072E+00   2374  0.00000E+00      0.000
     365.0000  0.10668E+00  0.00000E+00  0.99840E-31  0.00000E+00 -0.36061E-05 -0.26665E+00  0.60480E+02 -0.81774E+01  0.26914E+02 -0.16442E-02 -0.10000E+07 -0.79526E+03 -0.16353E+02  0.00000E+00  0.16655E+02  0.58074E+01  0.84882E+01  0.31072E+00   2376  0.00000E+00      0.000
     366.0000  0.12700E+00  0.00000E+00  0.99840E-31  0.00000E+00 -0.35763E-05 -0.13965E+00  0.60480E+02 -0.81774E+01  0.26914E+02 -0.16478E-02 -0.10000E+07 -0.79526E+03 -0.16356E+02  0.00000E+00  0.16655E+02  0.58073E+01  0.84882E+01  0.31072E+00   2378  0.00000E+00      0.000
     367.0000  0.11684E+00  0.00000E+00  0.99840E-31  0.00000E+00 -0.35763E-05 -0.22811E-01  0.60480E+02 -0.81774E+01  0.26914E+02 -0.16514E-02 -0.10000E+07 -0.79526E+03 -0.16358E+02  0.00000E+00  0.16655E+02  0.58073E+01  0.84882E+01  0.31072E+00   2380  0.00000E+00      0.000
     368.0000  0.40640E-01  0.00000E+00  0.99840E-31  0.00000E+00 -0.35763E-05  0.17829E-01  0.60480E+02 -0.81774E+01  0.26914E+02 -0.16550E-02 -0.10000E+07 -0.79526E+03 -0.16361E+02  0.00000E+00  0.16655E+02  0.58073E+01  0.84882E+01  0.31072E+00   2382  0.00000E+00      0.000
     369.0000  0.11176E+00  0.00000E+00  0.99840E-31  0.00000E+00 -0.35763E-05  0.12959E+00  0.60480E+02 -0.81774E+01  0.26914E+02 -0.16585E-02 -0.10000E+07 -0.79526E+03 -0.16364E+02  0.00000E+00  0.16655E+02  0.58073E+01  0.84882E+01  0.31072E+00   2384  0.00000E+00      0.000
     370.0000  0.91440E-01  0.00000E+00  0.99840E-31  0.00000E+00 -0.35763E-05  0.22103E+00  0.60480E+02 -0.81774E+01  0.26914E+02 -0.16621E-02 -0.10000E+07 -0.79526E+03 -0.16367E+02  0.00000E+00  0.16655E+02  0.58073E+01  0.84882E+01  0.31072E+00   2386  0.00000E+00      0.000
     371.0000  0.15240E+00  0.00000E+00  0.99840E-31  0.00000E+00 -0.35763E-05  0.37343E+00  0.60480E+02 -0.81774E+01  0.26914E+02 -0.16657E-02 -0.10000E+07 -0.79526E+03 -0.16370E+02  0.00000E+00  0.16655E+02  0.58073E+01  0.84882E+01  0.31072E+00   2388  0.00000E+00      0.000
     372.0000  0.27940E-01  0.00000E+00  0.99840E-31  0.00000E+00 -0.35763E-05  0.40137E+00  0.60480E+02 -0.81774E+01  0.26914E+02 -0.16693E-02 -0.10000E+07 -0.79526E+03 -0.16373E+02  0.00000E+00  0.16655E+02  0.58073E+01  0.84882E+01  0.31072E+00   2390  0.00000E+00      0.000
     373.0000  0.83820E-01  0.00000E+00  0.99840E-31  0.00000E+00 -0.35465E-05  0.48519E+00  0.60480E+02 -0.81774E+01  0.26914E+02 -0.16728E-02 -0.10000E+07 -0.79526E+03 -0.16376E+02  0.00000E+00  0.16655E+02  0.58073E+01  0.84882E+01  0.31072E+00   2392  0.00000E+00      0.000
     374.0000  0.19050E+00  0.00000E+00  0.99840E-31  0.00000E+00 -0.35465E-05  0.67569E+00  0.60480E+02 -0.81774E+01  0.26914E+02 -0.16764E-02 -0.10000E+07 -0.79526E+03 -0.16379E+02  0.00000E+00  0.16655E+02  0.58073E+01  0.84882E+01  0.31072E+00   2394  0.00000E+00      0.000
     375.0000  0.38100E-01  0.00000E+00  0.99840E-31  0.00000E+00 -0.35465E-05  0.71379E+00  0.60480E+02 -0.81774E+01  0.26914E+02 -0.16799E-02 -0.10000E+07 -0.79526E+03 -0.16382E+02  0.00000E+00  0.16655E+02  0.58073E+01  0.84882E+01  0.31072E+00   2396  0.00000E+00      0.000
     376.0000  0.15240E-01  0.00000E+00  0.99840E-31  0.00000E+00 -0.35465E-05  0.72903E+00  0.60480E+02 -0.81774E+01  0.26914E+02 -0.16835E-02 -0.10000E+07 -0.79526E+03 -0.16385E+02  0.00000E+00  0.16655E+02  0.58073E+01  0.84882E+01  0.31072E+00   2398  0.00000E+00      0.000
     377.0000  0.50800E-02  0.00000E+00  0.99840E-31  0.00000E+00 -0.35465E-05  0.73411E+00  0.60480E+02 -0.81774E+01  0.26914E+02 -0.16870E-02 -0.10000E+07 -0.79526E+03 -0.16388E+02  0.00000E+00  0.16655E+02  0.58073E+01  0.84882E+01  0.31072E+00   2400  0.00000E+00      0.000
     378.0000  0.76200E-02  0.00000E+00  0.99840E-31  0.00000E+00 -0.35465E-05  0.74173E+00  0.60480E+02 -0.81774E+01  0.26914E+02 -0.16906E-02 -0.10000E+07 -0.79526E+03 -0.16391E+02  0.00000E+00  0.16655E+02  0.58073E+01  0.84882E+01  0.31072E+00   2402  0.00000E+00      0.000
     379.0000  0.50800E-02  0.00000E+00  0.99840E-31  0.00000E+00 -0.35465E-05  0.74681E+00  0.60480E+02 -0.81774E+01  0.26914E+02 -0.16941E-02 -0.10000E+07 -0.79526E+03 -0.16394E+02  0.00000E+00  0.16655E+02  0.58073E+01  0.84882E+01  0.31072E+00   2404  0.00000E+00      0.000
     380.0000  0.20320E-01  0.00000E+00  0.99840E-31  0.00000E+00 -0.35167E-05  0.76713E+00  0.60480E+02 -0.81774E+01  0.26914E+02 -0.16976E-02 -0.10000E+07 -0.79526E+03 -0.16397E+02  0.00000E+00  0.16655E+02  0.58073E+01  0.84882E+01  0.31072E+00   2406  0.00000E+00      0.000
     381.0000  0.78740E-01  0.00000E+00  0.99840E-31  0.00000E+00 -0.35167E-05  0.84587E+00  0.60480E+02 -0.81774E+01  0.26914E+02 -0.17011E-02 -0.10000E+07 -0.79526E+03 -0.16399E+02  0.00000E+00  0.16655E+02  0.58073E+01  0.84882E+01  0.31072E+00   2408  0.00000E+00      0.000
     382.0000  0.17780E-01  0.00000E+00  0.99840E-31  0.00000E+00 -0.35167E-05  0.86365E+00  0.60480E+02 -0.81774E+01  0.26914E+02 -0.17046E-02 -0.10000E+07 -0.79526E+03 -0.16402E+02  0.00000E+00  0.16655E+02  0.58073E+01  0.84882E+01  0.31072E+00   2410  0.00000E+00      0.000
     383.0000  0.16510E-01  0.00000E+00  0.99840E-31  0.00000E+00 -0.35167E-05  0.88016E+00  0.60480E+02 -0.81774E+01  0.26914E+02 -0.17082E-02 -0.10000E+07 -0.79526E+03 -0.16405E+02  0.00000E+00  0.16655E+02  0.58073E+01  0.84882E+01  0.31072E+00   2412  0.00000E+00      0.000
     384.0000  0.15240E-01  0.00000E+00  0.99840E-31  0.00000E+00 -0.35167E-05  0.89540E+00  0.60480E+02 -0.81774E+01  0.26914E+02 -0.17117E-02 -0.10000E+07 -0.79526E+03 -0.16408E+02  0.00000E+00  0.16655E+02  0.58073E+01  0.84882E+01  0.31072E+00   2414  0.00000E+00      0.000
     385.0000  0.11430E+00  0.00000E+00  0.99840E-31  0.00000E+00 -0.35167E-05  0.10097E+01  0.60480E+02 -0.81774E+01  0.26914E+02 -0.17152E-02 -0.10000E+07 -0.79526E+03 -0.16411E+02  0.00000E+00  0.16655E+02  0.58073E+01  0.84882E+01  0.31072E+00   2416  0.00000E+00      0.000
     386.0000  0.12954E+00  0.00000E+00  0.99840E-31  0.00000E+00 -0.35167E-05  0.11392E+01  0.60480E+02 -0.81774E+01  0.26914E+02 -0.17187E-02 -0.10000E+07 -0.79526E+03 -0.16414E+02  0.00000E+00  0.16655E+02  0.58073E+01  0.84882E+01  0.31072E+00   2418  0.00000E+00      0.000
     387.0000  0.38100E-01  0.00000E+00  0.99840E-31  0.00000E+00 -0.34869E-05  0.11773E+01  0.60480E+02 -0.81774E+01  0.26914E+02 -0.17222E-02 -0.10000E+07 -0.79526E+03 -0.16417E+02  0.00000E+00  0.16655E+02  0.58073E+01  0.84882E+01  0.31072E+00   2420  0.00000E+00      0.000
     388.0000  0.15494E+00  0.00000E+00  0.99840E-31  0.00000E+00 -0.34869E-05  0.13323E+01  0.60480E+02 -0.81774E+01  0.26914E+02 -0.17257E-02 -0.10000E+07 -0.79526E+03 -0.16420E+02  0.00000E+00  0.16655E+02  0.58073E+01  0.84882E+01  0.31072E+00   2422  0.00000E+00      0.000
     389.0000  0.14732E+00  0.00000E+00  0.99840E-31  0.00000E+00 -0.34869E-05  0.14796E+01  0.60480E+02 -0.81774E+01  0.26914E+02 -0.17292E-02 -0.10000E+07 -0.79526E+03 -0.16422E+02  0.00000E+00  0.16655E+02  0.58073E+01  0.84882E+01  0.31072E+00   2424  0.00000E+00      0.000
     390.0000  0.16510E+00  0.00000E+00  0.99840E-31  0.00000E+00 -0.34869E-05  0.16447E+01  0.60480E+02 -0.81774E+01  0.26914E+02 -0.17327E-02 -0.10000E+07 -0.79526E+03 -0.16425E+02  0.00000E+00  0.16655E+02  0.58073E+01  0.84882E+01  0.31072E+00   2426  0.00000E+00      0.000
     391.0000  0.19304E+00  0.00000E+00  0.99840E-31  0.00000E+00 -0.34869E-05  0.18377E+01  0.60480E+02 -0.81774E+01  0.26914E+02 -0.17362E-02 -0.10000E+07 -0.79526E+03 -0.16428E+02  0.00000E+00  0.16655E+02  0.58073E+01  0.84882E+01  0.31072E+00   2428  0.00000E+00      0.000
     392.0000  0.20574E+00  0.00000E+00  0.99840E-31  0.00000E+00 -0.34869E-05  0.20435E+01  0.60480E+02 -0.81774E+01  0.26914E+02 -0.17397E-02 -0.10000E+07 -0.79526E+03 -0.16431E+02  0.00000E+00  0.16655E+02  0.58073E+01  0.84882E+01  0.31072E+00   2430  0.00000E+00      0.000
     393.0000  0.26162E+00  0.00000E+00  0.99840E-31  0.00000E+00 -0.34869E-05  0.23051E+01  0.60480E+02 -0.81774E+01  0.26914E+02 -0.17431E-02 -0.10000E+07 -0.79526E+03 -0.16434E+02  0.00000E+00  0.16655E+02  0.58073E+01  0.84882E+01  0.31072E+00   2432  0.00000E+00      0.000
     394.0000  0.22352E+00  0.00000E+00  0.99840E-31  0.00000E+00 -0.34571E-05  0.25286E+01  0.60480E+02 -0.81774E+01  0.26914E+02 -0.17466E-02 -0.10000E+07 -0.79526E+03 -0.16437E+02  0.00000E+00  0.16655E+02  0.58072E+01  0.84882E+01  0.31072E+00   2434  0.00000E+00      0.000
     395.0000  0.24892E+00  0.00000E+00  0.99840E-31  0.00000E+00 -0.34571E-05  0.27775E+01  0.60480E+02 -0.81774E+01  0.26914E+02 -0.17501E-02 -0.10000E+07 -0.79526E+03 -0.16440E+02  0.00000E+00  0.16655E+02  0.58072E+01  0.84882E+01  0.31072E+00   2436  0.00000E+00      0.000
     396.0000  0.24130E+00  0.00000E+00  0.99840E-31  0.00000E+00 -0.34571E-05  0.30188E+01  0.60480E+02 -0.81774E+01  0.26914E+02 -0.17535E-02 -0.10000E+07 -0.79526E+03 -0.16443E+02  0.00000E+00  0.16655E+02  0.58072E+01  0.84882E+01  0.31072E+00   2438  0.00000E+00      0.000
     397.0000  0.19558E+00  0.00000E+00  0.99840E-31  0.00000E+00 -0.34571E-05  0.32144E+01  0.60480E+02 -0.81774E+01  0.26914E+02 -0.17570E-02 -0.10000E+07 -0.79526E+03 -0.16445E+02  0.00000E+00  0.16655E+02  0.58072E+01  0.84882E+01  0.31072E+00   2440  0.00000E+00      0.000
     398.0000  0.81280E-01  0.00000E+00  0.99840E-31  0.00000E+00 -0.34571E-05  0.32957E+01  0.60480E+02 -0.81774E+01  0.26914E+02 -0.17604E-02 -0.10000E+07 -0.79526E+03 -0.16448E+02  0.00000E+00  0.16655E+02  0.58072E+01  0.84882E+01  0.31072E+00   2442  0.00000E+00      0.000
     399.0000  0.30480E-01  0.00000E+00  0.99840E-31  0.00000E+00 -0.34571E-05  0.33262E+01  0.60480E+02 -0.81774E+01  0.26914E+02 -0.17639E-02 -0.10000E+07 -0.79526E+03 -0.16451E+02  0.00000E+00  0.16655E+02  0.58072E+01  0.84882E+01  0.31072E+00   2444  0.00000E+00      0.000
     400.0000  0.38100E-01  0.00000E+00  0.99840E-31  0.00000E+00 -0.34571E-05  0.33643E+01  0.60480E+02 -0.81774E+01  0.26914E+02 -0.17674E-02 -0.10000E+07 -0.79526E+03 -0.16454E+02  0.00000E+00  0.16655E+02  0.58072E+01  0.84882E+01  0.31072E+00   2446  0.00000E+00      0.000
     401.0000  0.45720E-01  0.00000E+00  0.99840E-31  0.00000E+00 -0.34273E-05  0.34100E+01  0.60480E+02 -0.81774E+01  0.26914E+02 -0.17708E-02 -0.10000E+07 -0.79526E+03 -0.16457E+02  0.00000E+00  0.16655E+02  0.58072E+01  0.84882E+01  0.31072E+00   2448  0.00000E+00      0.000
     402.0000  0.27940E-01  0.00000E+00  0.99840E-31  0.00000E+00 -0.34273E-05  0.34379E+01  0.60480E+02 -0.81774E+01  0.26914E+02 -0.17742E-02 -0.10000E+07 -0.79526E+03 -0.16460E+02  0.00000E+00  0.16655E+02  0.58072E+01  0.84882E+01  0.31072E+00   2450  0.00000E+00      0.000
     403.0000  0.33020E-01  0.00000E+00  0.99840E-31  0.00000E+00 -0.34273E-05  0.34710E+01  0.60480E+02 -0.81774E+01  0.26914E+02 -0.17776E-02 -0.10000E+07 -0.79526E+03 -0.16462E+02  0.00000E+00  0.16655E+02  0.58072E+01  0.84882E+01  0.31072E+00   2452  0.00000E+00      0.000
     404.0000  0.38100E-01  0.00000E+00  0.99840E-31  0.00000E+00 -0.34273E-05  0.35091E+01  0.60480E+02 -0.81774E+01  0.26914E+02 -0.17811E-02 -0.10000E+07 -0.79526E+03 -0.16465E+02  0.00000E+00  0.16655E+02  0.58072E+01  0.84882E+01  0.31072E+00   2454  0.00000E+00      0.000
     405.0000  0.38100E-01  0.00000E+00  0.99840E-31  0.00000E+00 -0.34273E-05  0.35472E+01  0.60480E+02 -0.81774E+01  0.26914E+02 -0.17845E-02 -0.10000E+07 -0.79526E+03 -0.16468E+02  0.00000E+00  0.16655E+02  0.58072E+01  0.84882E+01  0.31072E+00   2456  0.00000E+00      0.000
     406.0000  0.68580E-01  0.00000E+00  0.99840E-31  0.00000E+00 -0.34273E-05  0.36157E+01  0.60480E+02 -0.81774E+01  0.26914E+02 -0.17879E-02 -0.10000E+07 -0.79526E+03 -0.16471E+02  0.00000E+00  0.16655E+02  0.58072E+01  0.84882E+01  0.31072E+00   2458  0.00000E+00      0.000
     407.0000  0.76200E-01  0.00000E+00  0.99840E-31  0.00000E+00 -0.34273E-05  0.36919E+01  0.60480E+02 -0.81774E+01  0.26914E+02 -0.17913E-02 -0.10000E+07 -0.79526E+03 -0.16474E+02  0.00000E+00  0.16655E+02  0.58072E+01  0.84882E+01  0.31072E+00   2460  0.00000E+00      0.000
     408.0000  0.71120E-01  0.00000E+00  0.99840E-31  0.00000E+00 -0.33975E-05  0.37631E+01  0.60480E+02 -0.81774E+01  0.26914E+02 -0.17948E-02 -0.10000E+07 -0.79526E+03 -0.16476E+02  0.00000E+00  0.16655E+02  0.58072E+01  0.84882E+01  0.31072E+00   2462  0.00000E+00      0.000
     409.0000  0.35560E-01  0.00000E+00  0.99840E-31  0.00000E+00 -0.33975E-05  0.37986E+01  0.60480E+02 -0.81774E+01  0.26914E+02 -0.17982E-02 -0.10000E+07 -0.79526E+03 -0.16479E+02  0.00000E+00  0.16655E+02  0.58072E+01  0.84882E+01  0.31072E+00   2464  0.00000E+00      0.000
     410.0000  0.31750E-01  0.00000E+00  0.99840E-31  0.00000E+00 -0.33975E-05  0.38304E+01  0.60480E+02 -0.81774E+01  0.26914E+02 -0.18016E-02 -0.10000E+07 -0.79526E+03 -0.16482E+02  0.00000E+00  0.16655E+02  0.58072E+01  0.84882E+01  0.31072E+00   2466  0.00000E+00      0.000
     411.0000  0.27940E-01  0.00000E+00  0.99840E-31  0.00000E+00 -0.33975E-05  0.38583E+01  0.60480E+02 -0.81774E+01  0.26914E+02 -0.18049E-02 -0.10000E+07 -0.79526E+03 -0.16485E+02  0.00000E+00  0.16655E+02  0.58072E+01  0.84882E+01  0.31072E+00   2468  0.00000E+00      0.000
     412.0000  0.33020E-01  0.00000E+00  0.99840E-31  0.00000E+00 -0.33975E-05  0.38913E+01  0.60480E+02 -0.81774E+01  0.26914E+02 -0.18083E-02 -0.10000E+07 -0.79526E+03 -0.16488E+02  0.00000E+00  0.16655E+02  0.58072E+01  0.84882E+01  0.31072E+00   2470  0.00000E+00      0.000
     413.0000  0.88900E-01  0.00000E+00  0.99840E-31  0.00000E+00 -0.33975E-05  0.39802E+01  0.60480E+02 -0.81774E+01  0.26914E+02 -0.18117E-02 -0.10000E+07 -0.79526E+03 -0.16490E+02  0.00000E+00  0.16655E+02  0.58072E+01  0.84882E+01  0.31072E+00   2472  0.00000E+00      0.000
     414.0000  0.15240E+00  0.00000E+00  0.99840E-31  0.00000E+00 -0.33975E-05  0.41326E+01  0.60480E+02 -0.81774E+01  0.26914E+02 -0.18151E-02 -0.10000E+07 -0.79526E+03 -0.16493E+02  0.00000E+00  0.16655E+02  0.58072E+01  0.84882E+01  0.31072E+00   2474  0.00000E+00      0.000
     415.0000  0.10160E+00  0.00000E+00  0.99840E-31  0.00000E+00 -0.33677E-05  0.42342E+01  0.60480E+02 -0.81774E+01  0.26914E+02 -0.18185E-02 -0.10000E+07 -0.79526E+03 -0.16496E+02  0.00000E+00  0.16655E+02  0.58072E+01  0.84882E+01  0.31072E+00   2476  0.00000E+00      0.000
     416.0000  0.17526E+00  0.00000E+00  0.99840E-31  0.00000E+00 -0.33677E-05  0.44095E+01  0.60480E+02 -0.81774E+01  0.26914E+02 -0.18219E-02 -0.10000E+07 -0.79526E+03 -0.16499E+02  0.00000E+00  0.16655E+02  0.58072E+01  0.84882E+01  0.31072E+00   2478  0.00000E+00      0.000
     417.0000  0.13462E+00  0.00000E+00  0.99840E-31  0.00000E+00 -0.33677E-05  0.45441E+01  0.60480E+02 -0.81774E+01  0.26914E+02 -0.18253E-02 -0.10000E+07 -0.79526E+03 -0.16502E+02  0.00000E+00  0.16655E+02  0.58072E+01  0.84882E+01  0.31072E+00   2480  0.00000E+00      0.000
     418.0000  0.12700E+00  0.00000E+00  0.99840E-31  0.00000E+00 -0.33677E-05  0.46711E+01  0.60480E+02 -0.81774E+01  0.26914E+02 -0.18286E-02 -0.10000E+07 -0.79526E+03 -0.16504E+02  0.00000E+00  0.16655E+02  0.58072E+01  0.84882E+01  0.31072E+00   2482  0.00000E+00      0.000
     419.0000  0.20066E+00  0.00000E+00  0.99840E-31  0.00000E+00 -0.33677E-05  0.48718E+01  0.60480E+02 -0.81774E+01  0.26914E+02 -0.18320E-02 -0.10000E+07 -0.79526E+03 -0.16507E+02  0.00000E+00  0.16655E+02  0.58072E+01  0.84882E+01  0.31072E+00   2484  0.00000E+00      0.000
     420.0000  0.17018E+00  0.00000E+00  0.99840E-31  0.00000E+00 -0.33677E-05  0.50419E+01  0.60480E+02 -0.81774E+01  0.26914E+02 -0.18354E-02 -0.10000E+07 -0.79526E+03 -0.16510E+02  0.00000E+00  0.16655E+02  0.58072E+01  0.84882E+01  0.31072E+00   2486  0.00000E+00      0.000
     421.0000  0.26162E+00  0.00000E+00  0.99840E-31  0.00000E+00 -0.33677E-05  0.53036E+01  0.60480E+02 -0.81774E+01  0.26914E+02 -0.18387E-02 -0.10000E+07 -0.79526E+03 -0.16513E+02  0.00000E+00  0.16655E+02  0.58072E+01  0.84882E+01  0.31072E+00   2488  0.00000E+00      0.000
     422.0000  0.93980E-01  0.00000E+00  0.99840E-31  0.00000E+00 -0.33677E-05  0.53975E+01  0.60480E+02 -0.81774E+01  0.26914E+02 -0.18421E-02 -0.10000E+07 -0.79526E+03 -0.16515E+02  0.00000E+00  0.16655E+02  0.58072E+01  0.84882E+01  0.31072E+00   2490  0.00000E+00      0.000
     423.0000  0.50800E-01  0.00000E+00  0.99840E-31  0.00000E+00 -0.33379E-05  0.54483E+01  0.60480E+02 -0.81774E+01  0.26914E+02 -0.18455E-02 -0.10000E+07 -0.79526E+03 -0.16518E+02  0.00000E+00  0.16655E+02  0.58071E+01  0.84882E+01  0.31072E+00   2492  0.00000E+00      0.000
     424.0000  0.22352E+00  0.00000E+00  0.99840E-31  0.00000E+00 -0.33379E-05  0.56719E+01  0.60480E+02 -0.81774E+01  0.26914E+02 -0.18488E-02 -0.10000E+07 -0.79526E+03 -0.16521E+02  0.00000E+00  0.16655E+02  0.58071E+01  0.84882E+01  0.31072E+00   2494  0.00000E+00      0.000
     425.0000  0.33020E+00  0.00000E+00  0.99840E-31  0.00000E+00 -0.33379E-05  0.60021E+01  0.60480E+02 -0.81774E+01  0.26914E+02 -0.18521E-02 -0.10000E+07 -0.79526E+03 -0.16524E+02  0.00000E+00  0.16655E+02  0.58071E+01  0.84882E+01  0.31072E+00   2496  0.00000E+00      0.000
     426.0000  0.19558E+00  0.00000E+00  0.99840E-31  0.00000E+00 -0.33379E-05  0.61976E+01  0.60480E+02 -0.81774E+01  0.26914E+02 -0.18555E-02 -0.10000E+07 -0.79526E+03 -0.16526E+02  0.00000E+00  0.16655E+02  0.58071E+01  0.84882E+01  0.31072E+00   2498  0.00000E+00      0.000
     427.0000  0.40640E-01  0.00000E+00  0.99840E-31  0.00000E+00 -0.33379E-05  0.62383E+01  0.60480E+02 -0.81774E+01  0.26914E+02 -0.18588E-02 -0.10000E+07 -0.79526E+03 -0.16529E+02  0.00000E+00  0.16655E+02  0.58071E+01  0.84882E+01  0.31072E+00   2500  0.00000E+00      0.000
     428.0000  0.43180E-01  0.00000E+00  0.99840E-31  0.00000E+00 -0.33379E-05  0.62815E+01  0.60480E+02 -0.81774E+01  0.26914E+02 -0.18622E-02 -0.10000E+07 -0.79526E+03 -0.16532E+02  0.00000E+00  0.16655E+02  0.58071E+01  0.84882E+01  0.31072E+00   2502  0.00000E+00      0.000
     429.0000  0.53340E-01  0.00000E+00  0.99840E-31  0.00000E+00 -0.33379E-05  0.63348E+01  0.60480E+02 -0.81774E+01  0.26914E+02 -0.18655E-02 -0.10000E+07 -0.79526E+03 -0.16535E+02  0.00000E+00  0.16655E+02  0.58071E+01  0.84882E+01  0.31072E+00   2504  0.00000E+00      0.000
     430.0000  0.91440E-01  0.00000E+00  0.99840E-31  0.00000E+00 -0.33081E-05  0.64262E+01  0.60480E+02 -0.81774E+01  0.26914E+02 -0.18688E-02 -0.10000E+07 -0.79526E+03 -0.16537E+02  0.00000E+00  0.16655E+02  0.58071E+01  0.84882E+01  0.31072E+00   2506  0.00000E+00      0.000
     431.0000  0.76200E-01  0.00000E+00  0.99840E-31  0.00000E+00 -0.33081E-05  0.65024E+01  0.60480E+02 -0.81774E+01  0.26914E+02 -0.18721E-02 -0.10000E+07 -0.79526E+03 -0.16540E+02  0.00000E+00  0.16655E+02  0.58071E+01  0.84882E+01  0.31072E+00   2508  0.00000E+00      0.000
     432.0000  0.11684E+00  0.00000E+00  0.99840E-31  0.00000E+00 -0.33081E-05  0.66193E+01  0.60480E+02 -0.81774E+01  0.26914E+02 -0.18754E-02 -0.10000E+07 -0.79526E+03 -0.16543E+02  0.00000E+00  0.16655E+02  0.58071E+01  0.84882E+01  0.31072E+00   2510  0.00000E+00      0.000
     433.0000  0.31750E+00  0.00000E+00  0.99840E-31  0.00000E+00 -0.33081E-05  0.69368E+01  0.60480E+02 -0.81774E+01  0.26914E+02 -0.18787E-02 -0.10000E+07 -0.79526E+03 -0.16546E+02  0.00000E+00  0.16655E+02  0.58071E+01  0.84882E+01  0.31072E+00   2512  0.00000E+00      0.000
     434.0000  0.41656E+00  0.00000E+00  0.99840E-31  0.00000E+00 -0.33081E-05  0.73533E+01  0.60480E+02 -0.81774E+01  0.26914E+02 -0.18820E-02 -0.10000E+07 -0.79526E+03 -0.16548E+02  0.00000E+00  0.16655E+02  0.58071E+01  0.84882E+01  0.31072E+00   2514  0.00000E+00      0.000
     435.0000  0.31242E+00  0.00000E+00  0.99840E-31  0.00000E+00 -0.33081E-05  0.76658E+01  0.60480E+02 -0.81774E+01  0.26914E+02 -0.18854E-02 -0.10000E+07 -0.79526E+03 -0.16551E+02  0.00000E+00  0.16655E+02  0.58071E+01  0.84882E+01  0.31072E+00   2516  0.00000E+00      0.000
     436.0000  0.21590E+00  0.00000E+00  0.99840E-31  0.00000E+00 -0.33081E-05  0.78817E+01  0.60480E+02 -0.81774E+01  0.26914E+02 -0.18887E-02 -0.10000E+07 -0.79526E+03 -0.16554E+02  0.00000E+00  0.16655E+02  0.58071E+01  0.84882E+01  0.31072E+00   2518  0.00000E+00      0.000
     437.0000  0.23876E+00  0.00000E+00  0.99840E-31  0.00000E+00 -0.33081E-05  0.81204E+01  0.60480E+02 -0.81774E+01  0.26914E+02 -0.18920E-02 -0.10000E+07 -0.79526E+03 -0.16556E+02  0.00000E+00  0.16655E+02  0.58071E+01  0.84882E+01  0.31072E+00   2520  0.00000E+00      0.000
     438.0000  0.13716E+00  0.00000E+00  0.99840E-31  0.00000E+00 -0.32783E-05  0.82576E+01  0.60480E+02 -0.81774E+01  0.26914E+02 -0.18952E-02 -0.10000E+07 -0.79526E+03 -0.16559E+02  0.00000E+00  0.16655E+02  0.58071E+01  0.84882E+01  0.31072E+00   2522  0.00000E+00      0.000
     439.0000  0.13716E+00  0.00000E+00  0.99840E-31  0.00000E+00 -0.32783E-05  0.83947E+01  0.60480E+02 -0.81774E+01  0.26914E+02 -0.18985E-02 -0.10000E+07 -0.79526E+03 -0.16562E+02  0.00000E+00  0.16655E+02  0.58071E+01  0.84882E+01  0.31072E+00   2524  0.00000E+00      0.000
     440.0000  0.22098E+00  0.00000E+00  0.99840E-31  0.00000E+00 -0.32783E-05  0.86157E+01  0.60480E+02 -0.81774E+01  0.26914E+02 -0.19018E-02 -0.10000E+07 -0.79526E+03 -0.16564E+02  0.00000E+00  0.16655E+02  0.58071E+01  0.84882E+01  0.31072E+00   2526  0.00000E+00      0.000
     441.0000  0.16510E+00  0.00000E+00  0.99840E-31  0.00000E+00 -0.32783E-05  0.87808E+01  0.60480E+02 -0.81774E+01  0.26914E+02 -0.19051E-02 -0.10000E+07 -0.79526E+03 -0.16567E+02  0.00000E+00  0.16655E+02  0.58071E+01  0.84882E+01  0.31072E+00   2528  0.00000E+00      0.000
     442.0000  0.18288E+00  0.00000E+00  0.99840E-31  0.00000E+00 -0.32783E-05  0.89637E+01  0.60480E+02 -0.81774E+01  0.26914E+02 -0.19084E-02 -0.10000E+07 -0.79526E+03 -0.16570E+02  0.00000E+00  0.16655E+02  0.58071E+01  0.84882E+01  0.31072E+00   2530  0.00000E+00      0.000
     443.0000  0.29210E+00  0.00000E+00  0.99840E-31  0.00000E+00 -0.32783E-05  0.92558E+01  0.60480E+02 -0.81774E+01  0.26914E+02 -0.19116E-02 -0.10000E+07 -0.79526E+03 -0.16573E+02  0.00000E+00  0.16655E+02  0.58071E+01  0.84882E+01  0.31072E+00   2532  0.00000E+00      0.000
     444.0000  0.22098E+00  0.00000E+00  0.99840E-31  0.00000E+00 -0.32783E-05  0.94768E+01  0.60480E+02 -0.81774E+01  0.26914E+02 -0.19149E-02 -0.10000E+07 -0.79526E+03 -0.16575E+02  0.00000E+00  0.16655E+02  0.58071E+01  0.84882E+01  0.31072E+00   2534  0.00000E+00      0.000
     445.0000  0.66040E-01  0.00000E+00  0.99840E-31  0.00000E+00 -0.32783E-05  0.95428E+01  0.60480E+02 -0.81774E+01  0.26914E+02 -0.19182E-02 -0.10000E+07 -0.79526E+03 -0.16578E+02  0.00000E+00  0.16655E+02  0.58071E+01  0.84882E+01  0.31072E+00   2536  0.00000E+00      0.000
     446.0000  0.11430E+00  0.00000E+00  0.99840E-31  0.00000E+00 -0.32485E-05  0.96571E+01  0.60480E+02 -0.81774E+01  0.26914E+02 -0.19214E-02 -0.10000E+07 -0.79526E+03 -0.16581E+02  0.00000E+00  0.16655E+02  0.58071E+01  0.84882E+01  0.31072E+00   2538  0.00000E+00      0.000
     447.0000  0.68580E-01  0.00000E+00  0.99840E-31  0.00000E+00 -0.32485E-05  0.97257E+01  0.60480E+02 -0.81774E+01  0.26914E+02 -0.19247E-02 -0.10000E+07 -0.79526E+03 -0.16583E+02  0.00000E+00  0.16655E+02  0.58071E+01  0.84882E+01  0.31072E+00   2540  0.00000E+00      0.000
     448.0000  0.38100E-01  0.00000E+00  0.99840E-31  0.00000E+00 -0.32485E-05  0.97638E+01  0.60480E+02 -0.81774E+01  0.26914E+02 -0.19279E-02 -0.10000E+07 -0.79526E+03 -0.16586E+02  0.00000E+00  0.16655E+02  0.58071E+01  0.84882E+01  0.31072E+00   2542  0.00000E+00      0.000
     449.0000  0.78740E-01  0.00000E+00  0.99840E-31  0.00000E+00 -0.32485E-05  0.98425E+01  0.60480E+02 -0.81774E+01  0.26914E+02 -0.19312E-02 -0.10000E+07 -0.79526E+03 -0.16589E+02  0.00000E+00  0.16655E+02  0.58071E+01  0.84882E+01  0.31072E+00   2544  0.00000E+00      0.000
     450.0000  0.11938E+00  0.00000E+00  0.99840E-31  0.00000E+00 -0.32485E-05  0.99619E+01  0.60480E+02 -0.81774E+01  0.26914E+02 -0.19344E-02 -0.10000E+07 -0.79526E+03 -0.16591E+02  0.00000E+00  0.16655E+02  0.58071E+01  0.84882E+01  0.31072E+00   2546  0.00000E+00      0.000
     451.0000  0.13970E+00  0.00000E+00  0.99840E-31  0.00000E+00 -0.32485E-05  0.10102E+02  0.60480E+02 -0.81774E+01  0.26914E+02 -0.19377E-02 -0.10000E+07 -0.79526E+03 -0.16594E+02  0.00000E+00  0.16655E+02  0.58071E+01  0.84882E+01  0.31072E+00   2548  0.00000E+00      0.000
     452.0000  0.24638E+00  0.00000E+00  0.99840E-31  0.00000E+00 -0.32485E-05  0.10348E+02  0.60480E+02 -0.81774E+01  0.26914E+02 -0.19409E-02 -0.10000E+07 -0.79526E+03 -0.16597E+02  0.00000E+00  0.16655E+02  0.58071E+01  0.84882E+01  0.31072E+00   2550  0.00000E+00      0.000
     453.0000  0.13208E+00  0.00000E+00  0.99840E-31  0.00000E+00 -0.32187E-05  0.10480E+02  0.60480E+02 -0.81774E+01  0.26914E+02 -0.19442E-02 -0.10000E+07 -0.79526E+03 -0.16599E+02  0.00000E+00  0.16655E+02  0.58071E+01  0.84882E+01  0.31072E+00   2552  0.00000E+00      0.000
     454.0000  0.93980E-01  0.00000E+00  0.99840E-31  0.00000E+00 -0.32187E-05  0.10574E+02  0.60480E+02 -0.81774E+01  0.26914E+02 -0.19474E-02 -0.10000E+07 -0.79526E+03 -0.16602E+02  0.00000E+00  0.16655E+02  0.58070E+01  0.84882E+01  0.31072E+00   2554  0.00000E+00      0.000
     455.0000  0.11430E+00  0.00000E+00  0.99840E-31  0.00000E+00 -0.32187E-05  0.10688E+02  0.60480E+02 -0.81774E+01  0.26914E+02 -0.19506E-02 -0.10000E+07 -0.79526E+03 -0.16605E+02  0.00000E+00  0.16655E+02  0.58070E+01  0.84882E+01  0.31072E+00   2556  0.00000E+00      0.000
     456.0000  0.40640E-01  0.00000E+00  0.99840E-31  0.00000E+00 -0.32187E-05  0.10729E+02  0.60480E+02 -0.81774E+01  0.26914E+02 -0.19538E-02 -0.10000E+07 -0.79526E+03 -0.16607E+02  0.00000E+00  0.16655E+02  0.58070E+01  0.84882E+01  0.31072E+00   2558  0.00000E+00      0.000
     457.0000  0.00000E+00  0.24892E+00  0.99840E-31  0.00000E+00 -0.32187E-05  0.10729E+02  0.60729E+02 -0.81774E+01  0.26914E+02 -0.19570E-02 -0.10000E+07 -0.16008E+04 -0.16610E+02  0.00000E+00  0.16655E+02  0.58070E+01  0.84882E+01  0.31072E+00   2560  0.00000E+00      0.000
     458.0000  0.00000E+00  0.38354E+00  0.99840E-31  0.00000E+00 -0.32187E-05  0.10729E+02  0.61112E+02 -0.81774E+01  0.26914E+02 -0.19603E-02 -0.10000E+07 -0.16008E+04 -0.16613E+02  0.00000E+00  0.16655E+02  0.58070E+01  0.84882E+01  0.31072E+00   2562  0.00000E+00      0.000
     459.0000  0.00000E+00  0.33274E+00  0.99840E-31  0.00000E+00 -0.32187E-05  0.10729E+02  0.61445E+02 -0.81774E+01  0.26914E+02 -0.19635E-02 -0.10000E+07 -0.16008E+04 -0.16615E+02  0.00000E+00  0.16655E+02  0.58070E+01  0.84882E+01  0.31072E+00   2564  0.00000E+00      0.000
     460.0000  0.00000E+00  0.53340E-01  0.99840E-31  0.00000E+00 -0.32187E-05  0.10729E+02  0.61498E+02 -0.81774E+01  0.26914E+02 -0.19667E-02 -0.10000E+07 -0.16008E+04 -0.16618E+02  0.00000E+00  0.16655E+02  0.58070E+01  0.84882E+01  0.31072E+00   2566  0.00000E+00      0.000
     461.0000  0.00000E+00  0.40640E-01  0.99840E-31  0.00000E+00 -0.31888E-05  0.10729E+02  0.61539E+02 -0.81774E+01  0.26914E+02 -0.19699E-02 -0.10000E+07 -0.16008E+04 -0.16620E+02  0.00000E+00  0.16655E+02  0.58070E+01  0.84882E+01  0.31072E+00   2568  0.00000E+00      0.000
     462.0000  0.00000E+00  0.53340E-01  0.99840E-31  0.00000E+00 -0.31888E-05  0.10729E+02  0.61592E+02 -0.81774E+01  0.26914E+02 -0.19731E-02 -0.10000E+07 -0.16008E+04 -0.16623E+02  0.00000E+00  0.16655E+02  0.58070E+01  0.84882E+01  0.31072E+00   2570  0.00000E+00      0.000
     463.0000  0.00000E+00  0.99060E-01  0.99840E-31  0.00000E+00 -0.31888E-05  0.10729E+02  0.61692E+02 -0.81774E+01  0.26914E+02 -0.19763E-02 -0.10000E+07 -0.16008E+04 -0.16626E+02  0.00000E+00  0.16655E+02  0.58070E+01  0.84882E+01  0.31072E+00   2572  0.00000E+00      0.000
     464.0000  0.00000E+00  0.25654E+00  0.99840E-31  0.00000E+00 -0.31888E-05  0.10729E+02  0.61948E+02 -0.81774E+01  0.26914E+02 -0.19795E-02 -0.10000E+07 -0.16008E+04 -0.16628E+02  0.00000E+00  0.16655E+02  0.58070E+01  0.84882E+01  0.31072E+00   2574  0.00000E+00      0.000
     465.0000  0.00000E+00  0.36322E+00  0.99840E-31  0.00000E+00 -0.31888E-05  0.10729E+02  0.62311E+02 -0.81774E+01  0.26914E+02 -0.19826E-02 -0.10000E+07 -0.16008E+04 -0.16631E+02  0.00000E+00  0.16655E+02  0.58070E+01  0.84882E+01  0.31072E+00   2576  0.00000E+00      0.000
     466.0000  0.00000E+00  0.22860E+00  0.99840E-31  0.00000E+00 -0.31888E-05  0.10729E+02  0.62540E+02 -0.81774E+01  0.26914E+02 -0.19858E-02 -0.10000E+07 -0.16008E+04 -0.16634E+02  0.00000E+00  0.16655E+02  0.58070E+01  0.84882E+01  0.31072E+00   2578  0.00000E+00      0.000
     467.0000  0.00000E+00  0.30734E+00  0.99840E-31  0.00000E+00 -0.31888E-05  0.10729E+02  0.62847E+02 -0.81774E+01  0.26914E+02 -0.19890E-02 -0.10000E+07 -0.16008E+04 -0.16636E+02  0.00000E+00  0.16655E+02  0.58070E+01  0.84882E+01  0.31072E+00   2580  0.00000E+00      0.000
     468.0000  0.00000E+00  0.30480E+00  0.99840E-31  0.00000E+00 -0.31888E-05  0.10729E+02  0.63152E+02 -0.81774E+01  0.26914E+02 -0.19922E-02 -0.10000E+07 -0.16008E+04 -0.16639E+02  0.00000E+00  0.16655E+02  0.58070E+01  0.84882E+01  0.31072E+00   2582  0.00000E+00      0.000
     469.0000  0.00000E+00  0.38100E+00  0.99840E-31  0.00000E+00 -0.31590E-05  0.10729E+02  0.63533E+02 -0.81774E+01  0.26914E+02 -0.19954E-02 -0.10000E+07 -0.16008E+04 -0.16641E+02  0.00000E+00  0.16655E+02  0.58070E+01  0.84882E+01  0.31072E+00   2584  0.00000E+00      0.000
     470.0000  0.00000E+00  0.30988E+00  0.99840E-31  0.00000E+00 -0.31590E-05  0.10729E+02  0.63843E+02 -0.81774E+01  0.26914E+02 -0.19985E-02 -0.10000E+07 -0.16008E+04 -0.16644E+02  0.00000E+00  0.16655E+02  0.58070E+01  0.84882E+01  0.31072E+00   2586  0.00000E+00      0.000
     471.0000  0.00000E+00  0.29210E+00  0.99840E-31  0.00000E+00 -0.31590E-05  0.10729E+02  0.64135E+02 -0.81774E+01  0.26914E+02 -0.20017E-02 -0.10000E+07 -0.16008E+04 -0.16647E+02  0.00000E+00  0.16655E+02  0.58070E+01  0.84882E+01  0.31072E+00   2588  0.00000E+00      0.000
     472.0000  0.00000E+00  0.26162E+00  0.99840E-31  0.00000E+00 -0.31590E-05  0.10729E+02  0.64397E+02 -0.81774E+01  0.26914E+02 -0.20048E-02 -0.10000E+07 -0.16008E+04 -0.16649E+02  0.00000E+00  0.16655E+02  0.58070E+01  0.84882E+01  0.31072E+00   2590  0.00000E+00      0.000
     473.0000  0.00000E+00  0.11938E+00  0.99840E-31  0.00000E+00 -0.31590E-05  0.10729E+02  0.64516E+02 -0.81774E+01  0.26914E+02 -0.20080E-02 -0.10000E+07 -0.16008E+04 -0.16652E+02  0.00000E+00  0.16655E+02  0.58070E+01  0.84882E+01  0.31072E+00   2592  0.00000E+00      0.000
     474.0000  0.00000E+00  0.13970E+00  0.99840E-31  0.00000E+00 -0.31590E-05  0.10729E+02  0.64656E+02 -0.81774E+01  0.26914E+02 -0.20112E-02 -0.10000E+07 -0.16008E+04 -0.16654E+02  0.00000E+00  0.16655E+02  0.58070E+01  0.84882E+01  0.31072E+00   2594  0.00000E+00      0.000
     475.0000  0.00000E+00  0.10414E+00  0.99840E-31  0.00000E+00 -0.31590E-05  0.10729E+02  0.64760E+02 -0.81774E+01  0.26914E+02 -0.20143E-02 -0.10000E+07 -0.16008E+04 -0.16657E+02  0.00000E+00  0.16655E+02  0.58070E+01  0.84882E+01  0.31072E+00   2596  0.00000E+00      0.000
     476.0000  0.00000E+00  0.23622E+00  0.99840E-31  0.00000E+00 -0.31590E-05  0.10729E+02  0.64996E+02 -0.81774E+01  0.26914E+02 -0.20175E-02 -0.10000E+07 -0.16008E+04 -0.16660E+02  0.00000E+00  0.16655E+02  0.58070E+01  0.84882E+01  0.31072E+00   2598  0.00000E+00      0.000
     477.0000  0.00000E+00  0.43434E+00  0.99840E-31  0.00000E+00 -0.31292E-05  0.10729E+02  0.65430E+02 -0.81774E+01  0.26914E+02 -0.20206E-02 -0.10000E+07 -0.16008E+04 -0.16662E+02  0.00000E+00  0.16655E+02  0.58070E+01  0.84882E+01  0.31072E+00   2600  0.00000E+00      0.000
     478.0000  0.00000E+00  0.35052E+00  0.99840E-31  0.00000E+00 -0.31292E-05  0.10729E+02  0.65781E+02 -0.81774E+01  0.26914E+02 -0.20237E-02 -0.10000E+07 -0.16008E+04 -0.16665E+02  0.00000E+00  0.16655E+02  0.58070E+01  0.84882E+01  0.31072E+00   2602  0.00000E+00      0.000
     479.0000  0.00000E+00  0.32512E+00  0.99840E-31  0.00000E+00 -0.31292E-05  0.10729E+02  0.66106E+02 -0.81774E+01  0.26914E+02 -0.20269E-02 -0.10000E+07 -0.16008E+04 -0.16667E+02  0.00000E+00  0.16655E+02  0.58070E+01  0.84882E+01  0.31072E+00   2604  0.00000E+00      0.000
     480.0000  0.00000E+00  0.44704E+00  0.99840E-31  0.00000E+00 -0.31292E-05  0.10729E+02  0.66553E+02 -0.81774E+01  0.26914E+02 -0.20300E-02 -0.10000E+07 -0.16008E+04 -0.16670E+02  0.00000E+00  0.16655E+02  0.58070E+01  0.84882E+01  0.31072E+00   2606  0.00000E+00      0.000
     481.0000  0.00000E+00  0.27432E+00  0.99840E-31  0.00000E+00 -0.31292E-05  0.10729E+02  0.66827E+02 -0.81774E+01  0.26914E+02 -0.20331E-02 -0.10000E+07 -0.16008E+04 -0.16673E+02  0.00000E+00  0.16655E+02  0.58070E+01  0.84882E+01  0.31072E+00   2608  0.00000E+00      0.000
     482.0000  0.00000E+00  0.25400E+00  0.99840E-31  0.00000E+00 -0.31292E-05  0.10729E+02  0.67081E+02 -0.81774E+01  0.26914E+02 -0.20363E-02 -0.10000E+07 -0.16008E+04 -0.16675E+02  0.00000E+00  0.16655E+02  0.58070E+01  0.84882E+01  0.31072E+00   2610  0.00000E+00      0.000
     483.0000  0.00000E+00  0.12954E+00  0.99840E-31  0.00000E+00 -0.31292E-05  0.10729E+02  0.67211E+02 -0.81774E+01  0.26914E+02 -0.20394E-02 -0.10000E+07 -0.16008E+04 -0.16678E+02  0.00000E+00  0.16655E+02  0.58070E+01  0.84882E+01  0.31072E+00   2612  0.00000E+00      0.000
     484.0000  0.00000E+00  0.35306E+00  0.99840E-31  0.00000E+00 -0.31292E-05  0.10729E+02  0.67564E+02 -0.81774E+01  0.26914E+02 -0.20425E-02 -0.10000E+07 -0.16008E+04 -0.16680E+02  0.00000E+00  0.16655E+02  0.58070E+01  0.84882E+01  0.31072E+00   2614  0.00000E+00      0.000
     485.0000  0.00000E+00  0.32004E+00  0.99840E-31  0.00000E+00 -0.30994E-05  0.10729E+02  0.67884E+02 -0.81774E+01  0.26914E+02 -0.20456E-02 -0.10000E+07 -0.16008E+04 -0.16683E+02  0.00000E+00  0.16655E+02  0.58069E+01  0.84882E+01  0.31072E+00   2616  0.00000E+00      0.000
     486.0000  0.00000E+00  0.29464E+00  0.99840E-31  0.00000E+00 -0.30994E-05  0.10729E+02  0.68179E+02 -0.81774E+01  0.26914E+02 -0.20487E-02 -0.10000E+07 -0.16008E+04 -0.16685E+02  0.00000E+00  0.16655E+02  0.58069E+01  0.84882E+01  0.31072E+00   2618  0.00000E+00      0.000
     487.0000  0.00000E+00  0.19558E+00  0.99840E-31  0.00000E+00 -0.30994E-05  0.10729E+02  0.68374E+02 -0.81774E+01  0.26914E+02 -0.20518E-02 -0.10000E+07 -0.16004E+04 -0.16688E+02  0.00000E+00  0.16655E+02  0.58069E+01  0.84882E+01  0.31072E+00   2620  0.00000E+00      0.000
     488.0000  0.00000E+00  0.13208E+00  0.99840E-31  0.00000E+00 -0.30994E-05  0.10729E+02  0.68506E+02 -0.81774E+01  0.26914E+02 -0.20549E-02 -0.10000E+07 -0.16004E+04 -0.16690E+02  0.00000E+00  0.16655E+02  0.58069E+01  0.84882E+01  0.31072E+00   2622  0.00000E+00      0.000
     489.0000  0.00000E+00  0.19558E+00  0.99840E-31  0.00000E+00 -0.30994E-05  0.10729E+02  0.68702E+02 -0.81774E+01  0.26914E+02 -0.20580E-02 -0.10000E+07 -0.16004E+04 -0.16693E+02  0.00000E+00  0.16655E+02  0.58069E+01  0.84882E+01  0.31072E+00   2624  0.00000E+00      0.000
     490.0000  0.00000E+00  0.32766E+00  0.99840E-31  0.00000E+00 -0.30994E-05  0.10729E+02  0.69030E+02 -0.81774E+01  0.26914E+02 -0.20611E-02 -0.10000E+07 -0.16004E+04 -0.16696E+02  0.00000E+00  0.16655E+02  0.58069E+01  0.84882E+01  0.31072E+00   2626  0.00000E+00      0.000
     491.0000  0.00000E+00  0.22606E+00  0.99840E-31  0.00000E+00 -0.30994E-05  0.10729E+02  0.69256E+02 -0.81774E+01  0.26914E+02 -0.20642E-02 -0.10000E+07 -0.16004E+04 -0.16698E+02  0.00000E+00  0.16655E+02  0.58069E+01  0.84882E+01  0.31072E+00   2628  0.00000E+00      0.000
     492.0000  0.00000E+00  0.30226E+00  0.99840E-31  0.00000E+00 -0.30994E-05  0.10729E+02  0.69558E+02 -0.81774E+01  0.26914E+02 -0.20673E-02 -0.10000E+07 -0.16004E+04 -0.16701E+02  0.00000E+00  0.16655E+02  0.58069E+01  0.84882E+01  0.31072E+00   2630  0.00000E+00      0.000
     493.0000  0.00000E+00  0.12954E+00  0.99840E-31  0.00000E+00 -0.30696E-05  0.10729E+02  0.69688E+02 -0.81774E+01  0.26914E+02 -0.20704E-02 -0.10000E+07 -0.16004E+04 -0.16703E+02  0.00000E+00  0.16655E+02  0.58069E+01  0.84882E+01  0.31072E+00   2632  0.00000E+00      0.000
     494.0000  0.00000E+00  0.45720E-01  0.99840E-31  0.00000E+00 -0.30696E-05  0.10729E+02  0.69733E+02 -0.81774E+01  0.26914E+02 -0.20735E-02 -0.10000E+07 -0.16004E+04 -0.16706E+02  0.00000E+00  0.16655E+02  0.58069E+01  0.84882E+01  0.31072E+00   2634  0.00000E+00      0.000
     495.0000  0.00000E+00  0.26670E+00  0.99840E-31  0.00000E+00 -0.30696E-05  0.10729E+02  0.70000E+02 -0.81774E+01  0.26914E+02 -0.20765E-02 -0.10000E+07 -0.16004E+04 -0.16708E+02  0.00000E+00  0.16655E+02  0.58069E+01  0.84882E+01  0.31072E+00   2636  0.00000E+00      0.000
     496.0000  0.00000E+00  0.39878E+00  0.99840E-31  0.00000E+00 -0.30696E-05  0.10729E+02  0.70399E+02 -0.81774E+01  0.26914E+02 -0.20796E-02 -0.10000E+07 -0.16004E+04 -0.16711E+02  0.00000E+00  0.16655E+02  0.58069E+01  0.84882E+01  0.31072E+00   2638  0.00000E+00      0.000
     497.0000  0.00000E+00  0.42926E+00  0.99840E-31  0.00000E+00 -0.30696E-05  0.10729E+02  0.70828E+02 -0.81774E+01  0.26914E+02 -0.20827E-02 -0.10000E+07 -0.16004E+04 -0.16713E+02  0.00000E+00  0.16655E+02  0.58069E+01  0.84882E+01  0.31072E+00   2640  0.00000E+00      0.000
     498.0000  0.00000E+00  0.42418E+00  0.99840E-31  0.00000E+00 -0.30696E-05  0.10729E+02  0.71252E+02 -0.81774E+01  0.26914E+02 -0.20857E-02 -0.10000E+07 -0.16004E+04 -0.16716E+02  0.00000E+00  0.16655E+02  0.58069E+01  0.84882E+01  0.31072E+00   2642  0.00000E+00      0.000
     499.0000  0.00000E+00  0.38100E+00  0.99840E-31  0.00000E+00 -0.30696E-05  0.10729E+02  0.71633E+02 -0.81774E+01  0.26914E+02 -0.20888E-02 -0.10000E+07 -0.16004E+04 -0.16718E+02  0.00000E+00  0.16655E+02  0.58069E+01  0.84882E+01  0.31072E+00   2644  0.00000E+00      0.000
     500.0000  0.00000E+00  0.21844E+00  0.99840E-31  0.00000E+00 -0.30398E-05  0.10729E+02  0.71852E+02 -0.81774E+01  0.26914E+02 -0.20919E-02 -0.10000E+07 -0.16004E+04 -0.16721E+02  0.00000E+00  0.16655E+02  0.58069E+01  0.84882E+01  0.31072E+00   2646  0.00000E+00      0.000
     501.0000  0.00000E+00  0.35814E+00  0.99840E-31  0.00000E+00 -0.30398E-05  0.10729E+02  0.72210E+02 -0.81774E+01  0.26914E+02 -0.20949E-02 -0.10000E+07 -0.16004E+04 -0.16723E+02  0.00000E+00  0.16655E+02  0.58069E+01  0.84882E+01  0.31072E+00   2648  0.00000E+00      0.000
     502.0000  0.00000E+00  0.48006E+00  0.99840E-31  0.00000E+00 -0.30398E-05  0.10729E+02  0.72690E+02 -0.81774E+01  0.26914E+02 -0.20979E-02 -0.10000E+07 -0.16004E+04 -0.16726E+02  0.00000E+00  0.16655E+02  0.58069E+01  0.84882E+01  0.31072E+00   2650  0.00000E+00      0.000
     503.0000  0.00000E+00  0.36068E+00  0.99840E-31  0.00000E+00 -0.30398E-05  0.10729E+02  0.73050E+02 -0.81774E+01  0.26914E+02 -0.21010E-02 -0.10000E+07 -0.16004E+04 -0.16728E+02  0.00000E+00  0.16655E+02  0.58069E+01  0.84882E+01  0.31072E+00   2652  0.00000E+00      0.000
     504.0000  0.00000E+00  0.35306E+00  0.99840E-31  0.00000E+00 -0.30398E-05  0.10729E+02  0.73404E+02 -0.81774E+01  0.26914E+02 -0.21040E-02 -0.10000E+07 -0.16004E+04 -0.16731E+02  0.00000E+00  0.16655E+02  0.58069E+01  0.84882E+01  0.31072E+00   2654  0.00000E+00      0.000
     505.0000  0.00000E+00  0.24892E+00  0.99840E-31  0.00000E+00 -0.30398E-05  0.10729E+02  0.73652E+02 -0.81774E+01  0.26914E+02 -0.21071E-02 -0.10000E+07 -0.16004E+04 -0.16733E+02  0.00000E+00  0.16655E+02  0.58069E+01  0.84882E+01  0.31072E+00   2656  0.00000E+00      0.000
     506.0000  0.00000E+00  0.29718E+00  0.99840E-31  0.00000E+00 -0.30398E-05  0.10729E+02  0.73950E+02 -0.81774E+01  0.26914E+02 -0.21101E-02 -0.10000E+07 -0.16004E+04 -0.16736E+02  0.00000E+00  0.16655E+02  0.58069E+01  0.84882E+01  0.31072E+00   2658  0.00000E+00      0.000
     507.0000  0.00000E+00  0.28956E+00  0.99840E-31  0.00000E+00 -0.30398E-05  0.10729E+02  0.74239E+02 -0.81774E+01  0.26914E+02 -0.21131E-02 -0.10000E+07 -0.16004E+04 -0.16738E+02  0.00000E+00  0.16655E+02  0.58069E+01  0.84882E+01  0.31072E+00   2660  0.00000E+00      0.000
     508.0000  0.00000E+00  0.23368E+00  0.99840E-31  0.00000E+00 -0.30100E-05  0.10729E+02  0.74473E+02 -0.81774E+01  0.26914E+02 -0.21162E-02 -0.10000E+07 -0.16004E+04 -0.16741E+02  0.00000E+00  0.16655E+02  0.58069E+01  0.84882E+01  0.31072E+00   2662  0.00000E+00      0.000
     509.0000  0.00000E+00  0.25654E+00  0.99840E-31  0.00000E+00 -0.30100E-05  0.10729E+02  0.74729E+02 -0.81774E+01  0.26914E+02 -0.21192E-02 -0.10000E+07 -0.16004E+04 -0.16743E+02  0.00000E+00  0.16655E+02  0.58069E+01  0.84882E+01  0.31072E+00   2664  0.00000E+00      0.000
     510.0000  0.00000E+00  0.39878E+00  0.99840E-31  0.00000E+00 -0.30100E-05  0.10729E+02  0.75128E+02 -0.81774E+01  0.26914E+02 -0.21222E-02 -0.10000E+07 -0.16004E+04 -0.16746E+02  0.00000E+00  0.16655E+02  0.58069E+01  0.84882E+01  0.31072E+00   2666  0.00000E+00      0.000
     511.0000  0.00000E+00  0.31496E+00  0.99840E-31  0.00000E+00 -0.30100E-05  0.10729E+02  0.75443E+02 -0.81774E+01  0.26914E+02 -0.21252E-02 -0.10000E+07 -0.16004E+04 -0.16748E+02  0.00000E+00  0.16655E+02  0.58069E+01  0.84882E+01  0.31072E+00   2668  0.00000E+00      0.000
     512.0000  0.00000E+00  0.42164E+00  0.99840E-31  0.00000E+00 -0.30100E-05  0.10729E+02  0.75865E+02 -0.81774E+01  0.26914E+02 -0.21282E-02 -0.10000E+07 -0.16004E+04 -0.16751E+02  0.00000E+00  0.16655E+02  0.58069E+01  0.84882E+01  0.31072E+00   2670  0.00000E+00      0.000
     513.0000  0.00000E+00  0.41148E+00  0.99840E-31  0.00000E+00 -0.30100E-05  0.10729E+02  0.76276E+02 -0.81774E+01  0.26914E+02 -0.21312E-02 -0.10000E+07 -0.16004E+04 -0.16753E+02  0.00000E+00  0.16655E+02  0.58069E+01  0.84882E+01  0.31072E+00   2672  0.00000E+00      0.000
     514.0000  0.00000E+00  0.46990E+00  0.99840E-31  0.00000E+00 -0.30100E-05  0.10729E+02  0.76746E+02 -0.81774E+01  0.26914E+02 -0.21342E-02 -0.10000E+07 -0.16004E+04 -0.16756E+02  0.00000E+00  0.16655E+02  0.58069E+01  0.84882E+01  0.31072E+00   2674  0.00000E+00      0.000
     515.0000  0.00000E+00  0.41148E+00  0.99840E-31  0.00000E+00 -0.30100E-05  0.10729E+02  0.77158E+02 -0.81774E+01  0.26914E+02 -0.21372E-02 -0.10000E+07 -0.16004E+04 -0.16758E+02  0.00000E+00  0.16655E+02  0.58069E+01  0.84882E+01  0.31072E+00   2676  0.00000E+00      0.000
     516.0000  0.00000E+00  0.36576E+00  0.99840E-31  0.00000E+00 -0.30100E-05  0.10729E+02  0.77523E+02 -0.81774E+01  0.26914E+02 -0.21402E-02 -0.10000E+07 -0.16004E+04 -0.16761E+02  0.00000E+00  0.16655E+02  0.58069E+01  0.84882E+01  0.31072E+00   2678  0.00000E+00      0.000
     517.0000  0.00000E+00  0.40132E+00  0.99840E-31  0.00000E+00 -0.29802E-05  0.10729E+02  0.77925E+02 -0.81774E+01  0.26914E+02 -0.21432E-02 -0.10000E+07 -0.16004E+04 -0.16763E+02  0.00000E+00  0.16655E+02  0.58069E+01  0.84882E+01  0.31072E+00   2680  0.00000E+00      0.000
     518.0000  0.00000E+00  0.36830E+00  0.99840E-31  0.00000E+00 -0.29802E-05  0.10729E+02  0.78293E+02 -0.81774E+01  0.26914E+02 -0.21462E-02 -0.10000E+07 -0.16007E+04 -0.16766E+02  0.00000E+00  0.16655E+02  0.58068E+01  0.84882E+01  0.31072E+00   2682  0.00000E+00      0.000
     519.0000  0.00000E+00  0.41148E+00  0.99840E-31  0.00000E+00 -0.29802E-05  0.10729E+02  0.78704E+02 -0.81774E+01  0.26914E+02 -0.21492E-02 -0.10000E+07 -0.16007E+04 -0.16768E+02  0.00000E+00  0.16655E+02  0.58068E+01  0.84882E+01  0.31072E+00   2684  0.00000E+00      0.000
     520.0000  0.00000E+00  0.46482E+00  0.99840E-31  0.00000E+00 -0.29802E-05  0.10729E+02  0.79169E+02 -0.81774E+01  0.26914E+02 -0.21522E-02 -0.10000E+07 -0.16007E+04 -0.16770E+02  0.00000E+00  0.16655E+02  0.58068E+01  0.84882E+01  0.31072E+00   2686  0.00000E+00      0.000
     521.0000  0.00000E+00  0.47752E+00  0.99840E-31  0.00000E+00 -0.29802E-05  0.10729E+02  0.79647E+02 -0.81774E+01  0.26914E+02 -0.21551E-02 -0.10000E+07 -0.16007E+04 -0.16773E+02  0.00000E+00  0.16655E+02  0.58068E+01  0.84882E+01  0.31072E+00   2688  0.00000E+00      0.000
     522.0000  0.00000E+00  0.44450E+00  0.99840E-31  0.00000E+00 -0.29802E-05  0.10729E+02  0.80091E+02 -0.81774E+01  0.26914E+02 -0.21581E-02 -0.10000E+07 -0.16007E+04 -0.16775E+02  0.00000E+00  0.16655E+02  0.58068E+01  0.84882E+01  0.31072E+00   2690  0.00000E+00      0.000
     523.0000  0.00000E+00  0.44196E+00  0.99840E-31  0.00000E+00 -0.29802E-05  0.10729E+02  0.80533E+02 -0.81774E+01  0.26914E+02 -0.21611E-02 -0.10000E+07 -0.16007E+04 -0.16778E+02  0.00000E+00  0.16655E+02  0.58068E+01  0.84882E+01  0.31072E+00   2692  0.00000E+00      0.000
     524.0000  0.00000E+00  0.42672E+00  0.99840E-31  0.00000E+00 -0.29802E-05  0.10729E+02  0.80960E+02 -0.81774E+01  0.26914E+02 -0.21641E-02 -0.10000E+07 -0.16007E+04 -0.16780E+02  0.00000E+00  0.16655E+02  0.58068E+01  0.84882E+01  0.31072E+00   2694  0.00000E+00      0.000
     525.0000  0.00000E+00  0.41656E+00  0.99840E-31  0.00000E+00 -0.29802E-05  0.10729E+02  0.81377E+02 -0.81774E+01  0.26914E+02 -0.21670E-02 -0.10000E+07 -0.16007E+04 -0.16783E+02  0.00000E+00  0.16655E+02  0.58068E+01  0.84882E+01  0.31072E+00   2696  0.00000E+00      0.000
     526.0000  0.00000E+00  0.39878E+00  0.99840E-31  0.00000E+00 -0.29504E-05  0.10729E+02  0.81775E+02 -0.81774E+01  0.26914E+02 -0.21700E-02 -0.10000E+07 -0.16007E+04 -0.16785E+02  0.00000E+00  0.16655E+02  0.58068E+01  0.84882E+01  0.31072E+00   2698  0.00000E+00      0.000
     527.0000  0.00000E+00  0.45974E+00  0.99840E-31  0.00000E+00 -0.29504E-05  0.10729E+02  0.82235E+02 -0.81774E+01  0.26914E+02 -0.21729E-02 -0.10000E+07 -0.16007E+04 -0.16788E+02  0.00000E+00  0.16655E+02  0.58068E+01  0.84882E+01  0.31072E+00   2700  0.00000E+00      0.000
     528.0000  0.00000E+00  0.55118E+00  0.99840E-31  0.00000E+00 -0.29504E-05  0.10729E+02  0.82786E+02 -0.81774E+01  0.26914E+02 -0.21759E-02 -0.10000E+07 -0.16007E+04 -0.16790E+02  0.00000E+00  0.16655E+02  0.58068E+01  0.84882E+01  0.31072E+00   2702  0.00000E+00      0.000
     529.0000 -0.15240E+01  0.52070E+00 -0.75894E+00  0.89263E-01 -0.35686E-05  0.92050E+01  0.83307E+02 -0.93670E+01  0.26976E+02 -0.21781E-02  0.00000E+00 -0.13830E+04 -0.16792E+02  0.76506E+00  0.16991E+02  0.69342E+01  0.96778E+01  0.31072E+00   3108  0.00000E+00      0.000
     530.0000 -0.15240E+01  0.45466E+00 -0.60141E+00  0.10392E+00 -0.23387E-05  0.76810E+01  0.83762E+02 -0.10026E+02  0.27072E+02 -0.21810E-02  0.00000E+00 -0.12727E+04 -0.16794E+02  0.92259E+00  0.17856E+02  0.74981E+01  0.10337E+02  0.31072E+00   3206  0.00000E+00      0.000
     531.0000 -0.15240E+01  0.41656E+00 -0.55043E+00  0.11604E+00 -0.26178E-05  0.61570E+01  0.84178E+02 -0.10598E+02  0.27169E+02 -0.21840E-02  0.00000E+00 -0.11692E+04 -0.16797E+02  0.97357E+00  0.18808E+02  0.79724E+01  0.10909E+02  0.31072E+00   3292  0.00000E+00      0.000
     532.0000 -0.16498E+01  0.32766E+00 -0.52905E+00  0.70213E-01 -0.30225E-05  0.45072E+01  0.84506E+02 -0.11136E+02  0.27252E+02 -0.21869E-02  0.00000E+00 -0.11054E+04 -0.16799E+02  0.11207E+01  0.19920E+02  0.84260E+01  0.11447E+02  0.31072E+00   3363  0.00000E+00      0.000
     533.0000 -0.15852E+01  0.43180E+00 -0.51277E+00  0.10795E+00 -0.27189E-05  0.29220E+01  0.84938E+02 -0.11656E+02  0.27361E+02 -0.21899E-02  0.00000E+00 -0.10008E+04 -0.16801E+02  0.10724E+01  0.20985E+02  0.88376E+01  0.11967E+02  0.31072E+00   3440  0.00000E+00      0.000
     534.0000 -0.35933E+01  0.96520E-01 -0.50637E+00  0.19457E-01 -0.35932E-05 -0.67130E+00  0.85034E+02 -0.12164E+02  0.27383E+02 -0.21929E-02  0.00000E+00 -0.92962E+03 -0.16804E+02  0.30869E+01  0.24070E+02  0.93238E+01  0.12475E+02  0.31072E+00   3519  0.00000E+00      0.000
     535.0000  0.00000E+00  0.23368E+00 -0.17928E-07  0.15801E+00 -0.29164E-05 -0.67130E+00  0.85268E+02 -0.12164E+02  0.27541E+02 -0.21958E-02 -0.10034E+02 -0.90126E+03 -0.16806E+02  0.00000E+00  0.24070E+02  0.91673E+01  0.12475E+02  0.31072E+00   3543  0.00000E+00      0.000
     536.0000  0.00000E+00  0.37592E+00 -0.22585E-07  0.25419E+00 -0.29057E-05 -0.67130E+00  0.85644E+02 -0.12164E+02  0.27795E+02 -0.21987E-02 -0.11689E+02 -0.91071E+03 -0.16809E+02  0.00000E+00  0.24070E+02  0.89323E+01  0.12475E+02  0.31072E+00   3547  0.00000E+00      0.000
     537.0000  0.00000E+00  0.41910E+00 -0.95461E-08  0.27664E+00 -0.29206E-05 -0.67130E+00  0.86063E+02 -0.12164E+02  0.28074E+02 -0.22016E-02 -0.12772E+02 -0.92810E+03 -0.16811E+02  0.00000E+00  0.24070E+02  0.86648E+01  0.12475E+02  0.31072E+00   3549  0.00000E+00      0.000
     538.0000  0.00000E+00  0.33528E+00 -0.14319E-07  0.21570E+00 -0.29206E-05 -0.67130E+00  0.86398E+02 -0.12164E+02  0.28291E+02 -0.22045E-02 -0.13755E+02 -0.94639E+03 -0.16813E+02  0.00000E+00  0.24070E+02  0.84173E+01  0.12475E+02  0.31072E+00   3551  0.00000E+00      0.000
     539.0000  0.00000E+00  0.42672E+00  0.65193E-08  0.27191E+00 -0.29206E-05 -0.67130E+00  0.86825E+02 -0.12164E+02  0.28563E+02 -0.22074E-02 -0.14450E+02 -0.95599E+03 -0.16816E+02  0.00000E+00  0.24070E+02  0.81732E+01  0.12475E+02  0.31072E+00   3553  0.00000E+00      0.000
     540.0000  0.00000E+00  0.55626E+00  0.66939E-09  0.35378E+00 -0.29206E-05 -0.67130E+00  0.87381E+02 -0.12164E+02  0.28917E+02 -0.22103E-02 -0.14833E+02 -0.96459E+03 -0.16818E+02  0.00000E+00  0.24070E+02  0.78603E+01  0.12475E+02  0.31072E+00   3555  0.00000E+00      0.000
     541.0000  0.00000E+00  0.49022E+00  0.60245E-08  0.31164E+00 -0.29206E-05 -0.67130E+00  0.87871E+02 -0.12164E+02  0.29229E+02 -0.22133E-02 -0.15161E+02 -0.97524E+03 -0.16821E+02  0.00000E+00  0.24070E+02  0.75276E+01  0.12475E+02  0.31072E+00   3557  0.00000E+00      0.000
     542.0000  0.00000E+00  0.41148E+00  0.14435E-07  0.26158E+00 -0.28908E-05 -0.67130E+00  0.88283E+02 -0.12164E+02  0.29491E+02 -0.22162E-02 -0.15586E+02 -0.98860E+03 -0.16823E+02  0.00000E+00  0.24070E+02  0.72409E+01  0.12475E+02  0.31072E+00   3559  0.00000E+00      0.000
     543.0000  0.00000E+00  0.44196E+00 -0.15018E-07  0.28096E+00 -0.28908E-05 -0.67130E+00  0.88725E+02 -0.12164E+02  0.29771E+02 -0.22191E-02 -0.16101E+02 -0.10083E+04 -0.16825E+02  0.00000E+00  0.24070E+02  0.69697E+01  0.12475E+02  0.31072E+00   3561  0.00000E+00      0.000
     544.0000  0.00000E+00  0.32258E+00 -0.13446E-07  0.20507E+00 -0.28908E-05 -0.67130E+00  0.89047E+02 -0.12164E+02  0.29977E+02 -0.22220E-02 -0.16721E+02 -0.10380E+04 -0.16828E+02  0.00000E+00  0.24070E+02  0.67266E+01  0.12475E+02  0.31072E+00   3563  0.00000E+00      0.000
     545.0000  0.00000E+00  0.21844E+00 -0.72760E-08  0.13887E+00 -0.28908E-05 -0.67130E+00  0.89266E+02 -0.12164E+02  0.30115E+02 -0.22248E-02 -0.17345E+02 -0.10752E+04 -0.16830E+02  0.00000E+00  0.24070E+02  0.65547E+01  0.12475E+02  0.31072E+00   3565  0.00000E+00      0.000
     546.0000  0.00000E+00  0.37592E+00 -0.62282E-08  0.21476E+00 -0.28908E-05 -0.67130E+00  0.89642E+02 -0.12164E+02  0.30342E+02 -0.22277E-02 -0.17920E+02 -0.11508E+04 -0.16833E+02  0.00000E+00  0.24070E+02  0.63657E+01  0.12475E+02  0.31072E+00   3567  0.00000E+00      0.000
     547.0000  0.00000E+00  0.26924E+00  0.32596E-08  0.10356E+00 -0.28908E-05 -0.67130E+00  0.89911E+02 -0.12164E+02  0.30461E+02 -0.22306E-02 -0.18442E+02 -0.12945E+04 -0.16835E+02  0.00000E+00  0.24070E+02  0.61910E+01  0.12475E+02  0.31072E+00   3569  0.00000E+00      0.000
     548.0000  0.00000E+00  0.37084E+00 -0.73051E-08  0.84520E-01 -0.28908E-05 -0.67130E+00  0.90282E+02 -0.12164E+02  0.30556E+02 -0.22335E-02 -0.18713E+02 -0.14022E+04 -0.16837E+02  0.00000E+00  0.24070E+02  0.60873E+01  0.12475E+02  0.31072E+00   3571  0.00000E+00      0.000
     549.0000 -0.13970E+01  0.42672E+00 -0.74798E+00  0.13321E+00 -0.18841E-05 -0.20683E+01  0.90708E+02 -0.13257E+02  0.30692E+02 -0.22355E-02  0.00000E+00 -0.12733E+04 -0.16839E+02  0.64902E+00  0.24377E+02  0.70428E+01  0.13567E+02  0.31072E+00   3967  0.00000E+00      0.000
     550.0000  0.00000E+00  0.24638E+00 -0.17229E-07  0.80064E-01 -0.28621E-05 -0.20683E+01  0.90955E+02 -0.13257E+02  0.30780E+02 -0.22384E-02 -0.10227E+02 -0.13203E+04 -0.16841E+02  0.00000E+00  0.24377E+02  0.69534E+01  0.13567E+02  0.31072E+00   3983  0.00000E+00      0.000
     551.0000 -0.28059E+01  0.35814E+00 -0.59577E+00  0.92698E-01 -0.32345E-05 -0.48742E+01  0.91313E+02 -0.13933E+02  0.30875E+02 -0.22413E-02  0.00000E+00 -0.12494E+04 -0.16844E+02  0.22101E+01  0.26506E+02  0.75340E+01  0.14244E+02  0.31072E+00   4095  0.00000E+00      0.000
     552.0000  0.00000E+00  0.37592E+00  0.13970E-07  0.13124E+00 -0.28515E-05 -0.48742E+01  0.91689E+02 -0.13933E+02  0.31009E+02 -0.22442E-02 -0.10465E+02 -0.12692E+04 -0.16846E+02  0.00000E+00  0.26506E+02  0.73995E+01  0.14244E+02  0.31072E+00   4107  0.00000E+00      0.000
     553.0000 -0.29623E+01  0.34798E+00 -0.54688E+00  0.97367E-01 -0.27555E-05 -0.78365E+01  0.92037E+02 -0.14555E+02  0.31093E+02 -0.22471E-02  0.00000E+00 -0.11803E+04 -0.16848E+02  0.24154E+01  0.28847E+02  0.79368E+01  0.14865E+02  0.31072E+00   4196  0.00000E+00      0.000
     554.0000  0.00000E+00  0.44450E+00  0.65193E-08  0.19872E+00 -0.28686E-05 -0.78365E+01  0.92481E+02 -0.14555E+02  0.31293E+02 -0.22499E-02 -0.10654E+02 -0.11843E+04 -0.16851E+02  0.00000E+00  0.28847E+02  0.77381E+01  0.14865E+02  0.31072E+00   4211  0.00000E+00      0.000
     555.0000 -0.27940E+01  0.46228E+00 -0.53576E+00  0.12169E+00 -0.34597E-05 -0.10630E+02  0.92944E+02 -0.15165E+02  0.31426E+02 -0.22528E-02  0.00000E+00 -0.11291E+04 -0.16853E+02  0.22582E+01  0.31031E+02  0.82138E+01  0.15476E+02  0.31072E+00   4306  0.00000E+00      0.000
     556.0000  0.00000E+00  0.45720E+00  0.16531E-07  0.22570E+00 -0.28423E-05 -0.10630E+02  0.93401E+02 -0.15165E+02  0.31654E+02 -0.22557E-02 -0.10702E+02 -0.11319E+04 -0.16856E+02  0.00000E+00  0.31031E+02  0.79869E+01  0.15476E+02  0.31072E+00   4322  0.00000E+00      0.000
     557.0000 -0.27940E+01  0.47752E+00 -0.53038E+00  0.12961E+00 -0.26701E-05 -0.13424E+02  0.93878E+02 -0.15768E+02  0.31802E+02 -0.22586E-02  0.00000E+00 -0.11051E+04 -0.16858E+02  0.22636E+01  0.33222E+02  0.84409E+01  0.16079E+02  0.31072E+00   4417  0.00000E+00      0.000
     558.0000 -0.14413E+01  0.43180E+00 -0.51547E+00  0.10795E+00 -0.30738E-05 -0.14866E+02  0.94310E+02 -0.16288E+02  0.31911E+02 -0.22615E-02  0.00000E+00 -0.99957E+03 -0.16860E+02  0.92583E+00  0.34143E+02  0.88513E+01  0.16599E+02  0.31072E+00   4500  0.00000E+00      0.000
     559.0000  0.00000E+00  0.43688E+00  0.46566E-08  0.25901E+00 -0.28241E-05 -0.14866E+02  0.94747E+02 -0.16288E+02  0.32169E+02 -0.22643E-02 -0.10622E+02 -0.10038E+04 -0.16863E+02  0.00000E+00  0.34143E+02  0.85937E+01  0.16599E+02  0.31072E+00   4516  0.00000E+00      0.000
     560.0000  0.00000E+00  0.44958E+00 -0.47730E-08  0.26654E+00 -0.28610E-05 -0.14866E+02  0.95197E+02 -0.16288E+02  0.32436E+02 -0.22672E-02 -0.12137E+02 -0.10089E+04 -0.16865E+02  0.00000E+00  0.34143E+02  0.83291E+01  0.16599E+02  0.31072E+00   4519  0.00000E+00      0.000
     561.0000  0.00000E+00  0.42672E+00  0.13970E-07  0.25298E+00 -0.28312E-05 -0.14866E+02  0.95623E+02 -0.16288E+02  0.32689E+02 -0.22700E-02 -0.13339E+02 -0.10154E+04 -0.16867E+02  0.00000E+00  0.34143E+02  0.80693E+01  0.16599E+02  0.31072E+00   4521  0.00000E+00      0.000
     562.0000  0.00000E+00  0.48260E+00  0.84401E-08  0.28611E+00 -0.28312E-05 -0.14866E+02  0.96106E+02 -0.16288E+02  0.32975E+02 -0.22728E-02 -0.14252E+02 -0.10252E+04 -0.16870E+02  0.00000E+00  0.34143E+02  0.77997E+01  0.16599E+02  0.31072E+00   4523  0.00000E+00      0.000
     563.0000  0.00000E+00  0.46228E+00  0.63155E-08  0.26756E+00 -0.28312E-05 -0.14866E+02  0.96568E+02 -0.16288E+02  0.33245E+02 -0.22757E-02 -0.14751E+02 -0.10446E+04 -0.16872E+02  0.00000E+00  0.34143E+02  0.75200E+01  0.16599E+02  0.31072E+00   4525  0.00000E+00      0.000
     564.0000  0.00000E+00  0.45212E+00  0.10012E-07  0.25119E+00 -0.28312E-05 -0.14866E+02  0.97020E+02 -0.16288E+02  0.33498E+02 -0.22785E-02 -0.15065E+02 -0.10696E+04 -0.16874E+02  0.00000E+00  0.34143E+02  0.72588E+01  0.16599E+02  0.31072E+00   4527  0.00000E+00      0.000
     565.0000  0.00000E+00  0.37592E+00  0.97789E-08  0.20676E+00 -0.28312E-05 -0.14866E+02  0.97396E+02 -0.16288E+02  0.33706E+02 -0.22813E-02 -0.15462E+02 -0.10869E+04 -0.16877E+02  0.00000E+00  0.34143E+02  0.70294E+01  0.16599E+02  0.31072E+00   4529  0.00000E+00      0.000
     566.0000  0.00000E+00  0.40894E+00  0.83237E-08  0.22417E+00 -0.28312E-05 -0.14866E+02  0.97805E+02 -0.16288E+02  0.33930E+02 -0.22842E-02 -0.15938E+02 -0.11038E+04 -0.16879E+02  0.00000E+00  0.34143E+02  0.68138E+01  0.16599E+02  0.31072E+00   4531  0.00000E+00      0.000
     567.0000  0.00000E+00  0.41402E+00 -0.11816E-07  0.22673E+00 -0.28312E-05 -0.14866E+02  0.98219E+02 -0.16288E+02  0.34157E+02 -0.22870E-02 -0.16510E+02 -0.11299E+04 -0.16881E+02  0.00000E+00  0.34143E+02  0.65883E+01  0.16599E+02  0.31072E+00   4533  0.00000E+00      0.000
     568.0000  0.00000E+00  0.37084E+00  0.12456E-07  0.20308E+00 -0.28312E-05 -0.14866E+02  0.98590E+02 -0.16288E+02  0.34360E+02 -0.22898E-02 -0.17173E+02 -0.11772E+04 -0.16884E+02  0.00000E+00  0.34143E+02  0.63734E+01  0.16599E+02  0.31072E+00   4535  0.00000E+00      0.000
     569.0000  0.00000E+00  0.38608E+00  0.10536E-07  0.15697E+00 -0.28014E-05 -0.14866E+02  0.98976E+02 -0.16288E+02  0.34544E+02 -0.22926E-02 -0.17870E+02 -0.12889E+04 -0.16886E+02  0.00000E+00  0.34143E+02  0.61663E+01  0.16599E+02  0.31072E+00   4537  0.00000E+00      0.000
     570.0000  0.00000E+00  0.48260E+00 -0.56461E-08  0.80764E-01 -0.28014E-05 -0.14866E+02  0.99459E+02 -0.16288E+02  0.34645E+02 -0.22954E-02 -0.18455E+02 -0.14400E+04 -0.16888E+02  0.00000E+00  0.34143E+02  0.60269E+01  0.16599E+02  0.31072E+00   4539  0.00000E+00      0.000
     571.0000  0.00000E+00  0.55626E+00  0.53842E-08  0.22073E-01 -0.28014E-05 -0.14866E+02  0.10001E+03 -0.16288E+02  0.34678E+02 -0.22982E-02 -0.18708E+02 -0.15404E+04 -0.16891E+02  0.00000E+00  0.34143E+02  0.59646E+01  0.16599E+02  0.31072E+00   4541  0.00000E+00      0.000
     572.0000  0.00000E+00  0.58928E+00 -0.17753E-08  0.56365E-02 -0.28014E-05 -0.14866E+02  0.10060E+03 -0.16288E+02  0.34686E+02 -0.23010E-02 -0.18846E+02 -0.15837E+04 -0.16893E+02  0.00000E+00  0.34143E+02  0.59480E+01  0.16599E+02  0.31072E+00   4543  0.00000E+00      0.000
     573.0000  0.00000E+00  0.47244E+00 -0.65047E-08  0.12789E-02 -0.28014E-05 -0.14866E+02  0.10108E+03 -0.16288E+02  0.34688E+02 -0.23038E-02 -0.18975E+02 -0.15969E+04 -0.16895E+02  0.00000E+00  0.34143E+02  0.59438E+01  0.16599E+02  0.31072E+00   4545  0.00000E+00      0.000
     574.0000  0.00000E+00  0.40640E+00  0.49477E-08  0.30000E-03 -0.28014E-05 -0.14866E+02  0.10148E+03 -0.16288E+02  0.34689E+02 -0.23066E-02 -0.19101E+02 -0.16001E+04 -0.16898E+02  0.00000E+00  0.34143E+02  0.59429E+01  0.16599E+02  0.31072E+00   4547  0.00000E+00      0.000
     575.0000  0.00000E+00  0.34290E+00  0.74506E-08  0.15771E-03 -0.28014E-05 -0.14866E+02  0.10183E+03 -0.16288E+02  0.34689E+02 -0.23094E-02 -0.19223E+02 -0.16005E+04 -0.16900E+02  0.00000E+00  0.34143E+02  0.59426E+01  0.16599E+02  0.31072E+00   4549  0.00000E+00      0.000
     576.0000  0.00000E+00  0.44196E+00 -0.37398E-08  0.14938E-03 -0.28014E-05 -0.14866E+02  0.10227E+03 -0.16288E+02  0.34689E+02 -0.23122E-02 -0.19343E+02 -0.16005E+04 -0.16902E+02  0.00000E+00  0.34143E+02  0.59425E+01  0.16599E+02  0.31072E+00   4551  0.00000E+00      0.000
     577.0000  0.00000E+00  0.38100E+00  0.60390E-08  0.14438E-03 -0.27716E-05 -0.14866E+02  0.10265E+03 -0.16288E+02  0.34689E+02 -0.23150E-02 -0.19459E+02 -0.16005E+04 -0.16904E+02  0.00000E+00  0.34143E+02  0.59423E+01  0.16599E+02  0.31072E+00   4553  0.00000E+00      0.000
     578.0000  0.00000E+00  0.46990E+00  0.11525E-07  0.14026E-03 -0.27716E-05 -0.14866E+02  0.10312E+03 -0.16288E+02  0.34689E+02 -0.23178E-02 -0.19573E+02 -0.16005E+04 -0.16907E+02  0.00000E+00  0.34143E+02  0.59422E+01  0.16599E+02  0.31072E+00   4555  0.00000E+00      0.000
     579.0000  0.00000E+00  0.41402E+00  0.88912E-08  0.13646E-03 -0.27716E-05 -0.14866E+02  0.10353E+03 -0.16288E+02  0.34690E+02 -0.23206E-02 -0.19683E+02 -0.16006E+04 -0.16909E+02  0.00000E+00  0.34143E+02  0.59420E+01  0.16599E+02  0.31072E+00   4557  0.00000E+00      0.000
     580.0000  0.00000E+00  0.42926E+00 -0.11496E-08  0.13280E-03 -0.27716E-05 -0.14866E+02  0.10396E+03 -0.16288E+02  0.34690E+02 -0.23233E-02 -0.19790E+02 -0.16006E+04 -0.16911E+02  0.00000E+00  0.34143E+02  0.59419E+01  0.16599E+02  0.31072E+00   4559  0.00000E+00      0.000
     581.0000  0.00000E+00  0.36322E+00  0.13009E-07  0.12925E-03 -0.27716E-05 -0.14866E+02  0.10433E+03 -0.16288E+02  0.34690E+02 -0.23261E-02 -0.19894E+02 -0.16006E+04 -0.16914E+02  0.00000E+00  0.34143E+02  0.59418E+01  0.16599E+02  0.31072E+00   4561  0.00000E+00      0.000
     582.0000  0.00000E+00  0.13208E+00 -0.35507E-08  0.98753E-04 -0.27716E-05 -0.14866E+02  0.10446E+03 -0.16288E+02  0.34690E+02 -0.23289E-02 -0.19996E+02 -0.16005E+04 -0.16916E+02  0.00000E+00  0.34143E+02  0.59417E+01  0.16599E+02  0.31072E+00   4563  0.00000E+00      0.000
     583.0000  0.00000E+00  0.33274E+00 -0.36162E-08  0.14553E-03 -0.27716E-05 -0.14866E+02  0.10479E+03 -0.16288E+02  0.34690E+02 -0.23317E-02 -0.20095E+02 -0.16005E+04 -0.16918E+02  0.00000E+00  0.34143E+02  0.59415E+01  0.16599E+02  0.31072E+00   4565  0.00000E+00      0.000
     584.0000  0.00000E+00  0.34544E+00 -0.67157E-08  0.11799E-03 -0.27716E-05 -0.14866E+02  0.10514E+03 -0.16288E+02  0.34690E+02 -0.23344E-02 -0.20191E+02 -0.16006E+04 -0.16920E+02  0.00000E+00  0.34143E+02  0.59414E+01  0.16599E+02  0.31072E+00   4567  0.00000E+00      0.000
     585.0000  0.00000E+00  0.11938E+00  0.11321E-07  0.86208E-04 -0.27716E-05 -0.14866E+02  0.10525E+03 -0.16288E+02  0.34690E+02 -0.23372E-02 -0.20284E+02 -0.16005E+04 -0.16923E+02  0.00000E+00  0.34143E+02  0.59413E+01  0.16599E+02  0.31072E+00   4569  0.00000E+00      0.000
     586.0000  0.00000E+00  0.25146E+00  0.14363E-07  0.11878E-03 -0.27418E-05 -0.14866E+02  0.10551E+03 -0.16288E+02  0.34690E+02 -0.23400E-02 -0.20375E+02 -0.16006E+04 -0.16925E+02  0.00000E+00  0.34143E+02  0.59412E+01  0.16599E+02  0.31072E+00   4571  0.00000E+00      0.000
     587.0000  0.00000E+00  0.31242E+00 -0.56316E-08  0.10177E-03 -0.27418E-05 -0.14866E+02  0.10582E+03 -0.16288E+02  0.34691E+02 -0.23427E-02 -0.20464E+02 -0.16006E+04 -0.16927E+02  0.00000E+00  0.34143E+02  0.59410E+01  0.16599E+02  0.31072E+00   4573  0.00000E+00      0.000
     588.0000  0.00000E+00  0.31496E+00 -0.79090E-08  0.10196E-03 -0.27418E-05 -0.14866E+02  0.10613E+03 -0.16288E+02  0.34691E+02 -0.23454E-02 -0.20550E+02 -0.16006E+04 -0.16929E+02  0.00000E+00  0.34143E+02  0.59409E+01  0.16599E+02  0.31072E+00   4575  0.00000E+00      0.000
     589.0000  0.00000E+00  0.36576E+00 -0.99026E-08  0.98151E-04 -0.27418E-05 -0.14866E+02  0.10650E+03 -0.16288E+02  0.34691E+02 -0.23482E-02 -0.20634E+02 -0.16006E+04 -0.16932E+02  0.00000E+00  0.34143E+02  0.59408E+01  0.16599E+02  0.31072E+00   4577  0.00000E+00      0.000
     590.0000  0.00000E+00  0.37846E+00  0.34925E-08  0.96461E-04 -0.27418E-05 -0.14866E+02  0.10688E+03 -0.16288E+02  0.34691E+02 -0.23509E-02 -0.20716E+02 -0.16007E+04 -0.16934E+02  0.00000E+00  0.34143E+02  0.59407E+01  0.16599E+02  0.31072E+00   4579  0.00000E+00      0.000
     591.0000  0.00000E+00  0.32512E+00  0.12762E-07  0.97295E-04 -0.27418E-05 -0.14866E+02  0.10720E+03 -0.16288E+02  0.34691E+02 -0.23537E-02 -0.20795E+02 -0.16006E+04 -0.16936E+02  0.00000E+00  0.34143E+02  0.59406E+01  0.16599E+02  0.31072E+00   4581  0.00000E+00      0.000
     592.0000  0.00000E+00  0.32258E+00  0.26266E-08  0.94978E-04 -0.27418E-05 -0.14866E+02  0.10753E+03 -0.16288E+02  0.34691E+02 -0.23564E-02 -0.20873E+02 -0.16006E+04 -0.16938E+02  0.00000E+00  0.34143E+02  0.59405E+01  0.16599E+02  0.31072E+00   4583  0.00000E+00      0.000
     593.0000  0.00000E+00  0.40386E+00 -0.85493E-08  0.87281E-04 -0.27418E-05 -0.14866E+02  0.10793E+03 -0.16288E+02  0.34691E+02 -0.23592E-02 -0.20948E+02 -0.16007E+04 -0.16941E+02  0.00000E+00  0.34143E+02  0.59404E+01  0.16599E+02  0.31072E+00   4585  0.00000E+00      0.000
     594.0000  0.00000E+00  0.38100E+00  0.71013E-08  0.87627E-04 -0.27418E-05 -0.14866E+02  0.10831E+03 -0.16288E+02  0.34691E+02 -0.23619E-02 -0.21021E+02 -0.16007E+04 -0.16943E+02  0.00000E+00  0.34143E+02  0.59403E+01  0.16599E+02  0.31072E+00   4587  0.00000E+00      0.000
     595.0000  0.00000E+00  0.35814E+00  0.14224E-07  0.87135E-04 -0.27418E-05 -0.14866E+02  0.10867E+03 -0.16288E+02  0.34691E+02 -0.23646E-02 -0.21093E+02 -0.16007E+04 -0.16945E+02  0.00000E+00  0.34143E+02  0.59402E+01  0.16599E+02  0.31072E+00   4589  0.00000E+00      0.000
     596.0000  0.00000E+00  0.37592E+00 -0.59808E-08  0.84028E-04 -0.27120E-05 -0.14866E+02  0.10904E+03 -0.16288E+02  0.34691E+02 -0.23673E-02 -0.21162E+02 -0.16007E+04 -0.16947E+02  0.00000E+00  0.34143E+02  0.59401E+01  0.16599E+02  0.31072E+00   4591  0.00000E+00      0.000
     597.0000  0.00000E+00  0.43434E+00 -0.13766E-07  0.78756E-04 -0.27120E-05 -0.14866E+02  0.10948E+03 -0.16288E+02  0.34692E+02 -0.23701E-02 -0.21230E+02 -0.16007E+04 -0.16950E+02  0.00000E+00  0.34143E+02  0.59401E+01  0.16599E+02  0.31072E+00   4593  0.00000E+00      0.000
     598.0000  0.00000E+00  0.34290E+00  0.63810E-08  0.80861E-04 -0.27120E-05 -0.14866E+02  0.10982E+03 -0.16288E+02  0.34692E+02 -0.23728E-02 -0.21295E+02 -0.16007E+04 -0.16952E+02  0.00000E+00  0.34143E+02  0.59400E+01  0.16599E+02  0.31072E+00   4595  0.00000E+00      0.000
     599.0000  0.00000E+00  0.28956E+00  0.12144E-07  0.79329E-04 -0.27120E-05 -0.14866E+02  0.11011E+03 -0.16288E+02  0.34692E+02 -0.23755E-02 -0.21359E+02 -0.16007E+04 -0.16954E+02  0.00000E+00  0.34143E+02  0.59399E+01  0.16599E+02  0.31072E+00   4597  0.00000E+00      0.000
     600.0000  0.00000E+00  0.31496E+00  0.11096E-07  0.76233E-04 -0.27120E-05 -0.14866E+02  0.11043E+03 -0.16288E+02  0.34692E+02 -0.23782E-02 -0.21422E+02 -0.16007E+04 -0.16956E+02  0.00000E+00  0.34143E+02  0.59398E+01  0.16599E+02  0.31072E+00   4599  0.00000E+00      0.000
     601.0000  0.00000E+00  0.37846E+00  0.14188E-08  0.70913E-04 -0.27120E-05 -0.14866E+02  0.11080E+03 -0.16288E+02  0.34692E+02 -0.23809E-02 -0.21482E+02 -0.16007E+04 -0.16959E+02  0.00000E+00  0.34143E+02  0.59397E+01  0.16599E+02  0.31072E+00   4601  0.00000E+00      0.000
     602.0000  0.00000E+00  0.34290E+00  0.84401E-08  0.71262E-04 -0.27120E-05 -0.14866E+02  0.11115E+03 -0.16288E+02  0.34692E+02 -0.23836E-02 -0.21541E+02 -0.16007E+04 -0.16961E+02  0.00000E+00  0.34143E+02  0.59397E+01  0.16599E+02  0.31072E+00   4603  0.00000E+00      0.000
     603.0000  0.00000E+00  0.37084E+00 -0.95315E-09  0.68850E-04 -0.27120E-05 -0.14866E+02  0.11152E+03 -0.16288E+02  0.34692E+02 -0.23863E-02 -0.21598E+02 -0.16007E+04 -0.16963E+02  0.00000E+00  0.34143E+02  0.59396E+01  0.16599E+02  0.31072E+00   4605  0.00000E+00      0.000
     604.0000  0.00000E+00  0.34798E+00  0.12718E-07  0.68028E-04 -0.26822E-05 -0.14866E+02  0.11187E+03 -0.16288E+02  0.34692E+02 -0.23890E-02 -0.21654E+02 -0.16007E+04 -0.16965E+02  0.00000E+00  0.34143E+02  0.59395E+01  0.16599E+02  0.31072E+00   4607  0.00000E+00      0.000
     605.0000  0.00000E+00  0.46228E+00 -0.18481E-08  0.60687E-04 -0.26822E-05 -0.14866E+02  0.11233E+03 -0.16288E+02  0.34692E+02 -0.23917E-02 -0.21708E+02 -0.16007E+04 -0.16968E+02  0.00000E+00  0.34143E+02  0.59394E+01  0.16599E+02  0.31072E+00   4609  0.00000E+00      0.000
     606.0000  0.00000E+00  0.26416E+00 -0.12908E-07  0.63444E-04 -0.26822E-05 -0.14866E+02  0.11259E+03 -0.16288E+02  0.34692E+02 -0.23944E-02 -0.21761E+02 -0.16007E+04 -0.16970E+02  0.00000E+00  0.34143E+02  0.59394E+01  0.16599E+02  0.31072E+00   4611  0.00000E+00      0.000
     607.0000  0.00000E+00  0.39624E+00  0.12784E-07  0.57938E-04 -0.26822E-05 -0.14866E+02  0.11299E+03 -0.16288E+02  0.34692E+02 -0.23971E-02 -0.21813E+02 -0.16007E+04 -0.16972E+02  0.00000E+00  0.34143E+02  0.59393E+01  0.16599E+02  0.31072E+00   4613  0.00000E+00      0.000
     608.0000  0.00000E+00  0.36576E+00  0.13395E-07  0.58894E-04 -0.26822E-05 -0.14866E+02  0.11335E+03 -0.16288E+02  0.34692E+02 -0.23998E-02 -0.21863E+02 -0.16007E+04 -0.16974E+02  0.00000E+00  0.34143E+02  0.59392E+01  0.16599E+02  0.31072E+00   4615  0.00000E+00      0.000
     609.0000  0.00000E+00  0.30480E+00  0.60209E-08  0.59639E-04 -0.26822E-05 -0.14866E+02  0.11366E+03 -0.16288E+02  0.34692E+02 -0.24025E-02 -0.21911E+02 -0.16007E+04 -0.16976E+02  0.00000E+00  0.34143E+02  0.59392E+01  0.16599E+02  0.31072E+00   4617  0.00000E+00      0.000
     610.0000  0.00000E+00  0.28956E+00 -0.60718E-08  0.79654E-04 -0.26822E-05 -0.14866E+02  0.11395E+03 -0.16288E+02  0.34692E+02 -0.24051E-02 -0.21959E+02 -0.79528E+03 -0.16979E+02  0.00000E+00  0.34143E+02  0.59391E+01  0.16599E+02  0.31072E+00   4619  0.00000E+00      0.000
     611.0000  0.00000E+00  0.30226E+00 -0.32051E-08  0.96545E-04 -0.26822E-05 -0.14866E+02  0.11425E+03 -0.16288E+02  0.34692E+02 -0.24078E-02 -0.22005E+02 -0.79526E+03 -0.16981E+02  0.00000E+00  0.34143E+02  0.59391E+01  0.16599E+02  0.31072E+00   4621  0.00000E+00      0.000
     612.0000  0.00000E+00  0.29718E+00 -0.44674E-08  0.10344E-03 -0.26822E-05 -0.14866E+02  0.11455E+03 -0.16288E+02  0.34693E+02 -0.24105E-02 -0.22050E+02 -0.79526E+03 -0.16983E+02  0.00000E+00  0.34143E+02  0.59390E+01  0.16599E+02  0.31072E+00   4623  0.00000E+00      0.000
     613.0000  0.00000E+00  0.29464E+00 -0.13893E-07  0.52223E-04 -0.26822E-05 -0.14866E+02  0.11484E+03 -0.16288E+02  0.34693E+02 -0.24132E-02 -0.22094E+02 -0.79528E+03 -0.16985E+02  0.00000E+00  0.34143E+02  0.59389E+01  0.16599E+02  0.31072E+00   4625  0.00000E+00      0.000
     614.0000  0.00000E+00  0.28956E+00 -0.58790E-08  0.98467E-04 -0.26524E-05 -0.14866E+02  0.11513E+03 -0.16288E+02  0.34693E+02 -0.24159E-02 -0.22136E+02 -0.79526E+03 -0.16987E+02  0.00000E+00  0.34143E+02  0.59389E+01  0.16599E+02  0.31072E+00   4627  0.00000E+00      0.000
     615.0000  0.00000E+00  0.30226E+00  0.26266E-08  0.10006E-03 -0.26524E-05 -0.14866E+02  0.11544E+03 -0.16288E+02  0.34693E+02 -0.24185E-02 -0.22177E+02 -0.79526E+03 -0.16990E+02  0.00000E+00  0.34143E+02  0.59388E+01  0.16599E+02  0.31072E+00   4629  0.00000E+00      0.000
     616.0000  0.00000E+00  0.29210E+00 -0.91095E-08  0.99488E-04 -0.26524E-05 -0.14866E+02  0.11573E+03 -0.16288E+02  0.34693E+02 -0.24212E-02 -0.22218E+02 -0.79526E+03 -0.16992E+02  0.00000E+00  0.34143E+02  0.59388E+01  0.16599E+02  0.31072E+00   4631  0.00000E+00      0.000
     617.0000  0.00000E+00  0.28448E+00 -0.22155E-08  0.97871E-04 -0.26524E-05 -0.14866E+02  0.11601E+03 -0.16288E+02  0.34693E+02 -0.24238E-02 -0.22257E+02 -0.79526E+03 -0.16994E+02  0.00000E+00  0.34143E+02  0.59387E+01  0.16599E+02  0.31072E+00   4633  0.00000E+00      0.000
     618.0000  0.00000E+00  0.39624E+00 -0.26121E-08  0.95770E-04 -0.26524E-05 -0.14866E+02  0.11641E+03 -0.16288E+02  0.34693E+02 -0.24265E-02 -0.22295E+02 -0.79526E+03 -0.16996E+02  0.00000E+00  0.34143E+02  0.59387E+01  0.16599E+02  0.31072E+00   4635  0.00000E+00      0.000
     619.0000  0.00000E+00  0.18288E+00 -0.85092E-08  0.93460E-04 -0.26524E-05 -0.14866E+02  0.11659E+03 -0.16288E+02  0.34693E+02 -0.24291E-02 -0.22332E+02 -0.79526E+03 -0.16998E+02  0.00000E+00  0.34143E+02  0.59386E+01  0.16599E+02  0.31072E+00   4637  0.00000E+00      0.000
     620.0000  0.00000E+00  0.15240E+00  0.11667E-07  0.91083E-04 -0.26524E-05 -0.14866E+02  0.11674E+03 -0.16288E+02  0.34693E+02 -0.24318E-02 -0.22368E+02 -0.79527E+03 -0.17000E+02  0.00000E+00  0.34143E+02  0.59386E+01  0.16599E+02  0.31072E+00   4639  0.00000E+00      0.000
     621.0000  0.00000E+00  0.63500E-01  0.17826E-09  0.88707E-04 -0.26524E-05 -0.14866E+02  0.11681E+03 -0.16288E+02  0.34693E+02 -0.24344E-02 -0.22403E+02 -0.79527E+03 -0.17003E+02  0.00000E+00  0.34143E+02  0.59385E+01  0.16599E+02  0.31072E+00   4641  0.00000E+00      0.000
     622.0000  0.00000E+00  0.23876E+00 -0.13439E-07  0.86360E-04 -0.26524E-05 -0.14866E+02  0.11705E+03 -0.16288E+02  0.34693E+02 -0.24371E-02 -0.22437E+02 -0.79527E+03 -0.17005E+02  0.00000E+00  0.34143E+02  0.59385E+01  0.16599E+02  0.31072E+00   4643  0.00000E+00      0.000
     623.0000  0.00000E+00  0.35814E+00  0.13752E-08  0.84057E-04 -0.26524E-05 -0.14866E+02  0.11740E+03 -0.16288E+02  0.34693E+02 -0.24397E-02 -0.22471E+02 -0.79527E+03 -0.17007E+02  0.00000E+00  0.34143E+02  0.59384E+01  0.16599E+02  0.31072E+00   4645  0.00000E+00      0.000
     624.0000  0.00000E+00  0.17272E+00 -0.12627E-07  0.81807E-04 -0.26226E-05 -0.14866E+02  0.11758E+03 -0.16288E+02  0.34693E+02 -0.24423E-02 -0.22503E+02 -0.79527E+03 -0.17009E+02  0.00000E+00  0.34143E+02  0.59384E+01  0.16599E+02  0.31072E+00   4647  0.00000E+00      0.000
     625.0000  0.00000E+00  0.19812E+00  0.31723E-08  0.79617E-04 -0.26226E-05 -0.14866E+02  0.11777E+03 -0.16288E+02  0.34693E+02 -0.24450E-02 -0.22534E+02 -0.79527E+03 -0.17011E+02  0.00000E+00  0.34143E+02  0.59384E+01  0.16599E+02  0.31072E+00   4649  0.00000E+00      0.000
     626.0000  0.00000E+00  0.16764E+00 -0.83564E-08  0.77479E-04 -0.26226E-05 -0.14866E+02  0.11794E+03 -0.16288E+02  0.34693E+02 -0.24476E-02 -0.22565E+02 -0.79528E+03 -0.17013E+02  0.00000E+00  0.34143E+02  0.59383E+01  0.16599E+02  0.31072E+00   4651  0.00000E+00      0.000
     627.0000  0.00000E+00  0.88900E-01  0.11809E-07  0.53408E-04 -0.26226E-05 -0.14866E+02  0.11803E+03 -0.16288E+02  0.34693E+02 -0.24502E-02 -0.22595E+02 -0.79528E+03 -0.17016E+02  0.00000E+00  0.34143E+02  0.59383E+01  0.16599E+02  0.31072E+00   4653  0.00000E+00      0.000
     628.0000  0.00000E+00  0.24384E+00  0.60027E-09  0.84333E-04 -0.26226E-05 -0.14866E+02  0.11827E+03 -0.16288E+02  0.34693E+02 -0.24528E-02 -0.22624E+02 -0.79527E+03 -0.17018E+02  0.00000E+00  0.34143E+02  0.59382E+01  0.16599E+02  0.31072E+00   4655  0.00000E+00      0.000
     629.0000  0.00000E+00  0.34544E+00 -0.14399E-07  0.76868E-04 -0.26226E-05 -0.14866E+02  0.11862E+03 -0.16288E+02  0.34693E+02 -0.24555E-02 -0.22652E+02 -0.79528E+03 -0.17020E+02  0.00000E+00  0.34143E+02  0.59382E+01  0.16599E+02  0.31072E+00   4657  0.00000E+00      0.000
     630.0000  0.00000E+00  0.19558E+00  0.99535E-08  0.16355E-04 -0.26226E-05 -0.14866E+02  0.11882E+03 -0.16288E+02  0.34693E+02 -0.24581E-02 -0.22679E+02 -0.79528E+03 -0.17022E+02  0.00000E+00  0.34143E+02  0.59382E+01  0.16599E+02  0.31072E+00   4659  0.00000E+00      0.000
     631.0000  0.00000E+00  0.32258E+00  0.56316E-08  0.00000E+00 -0.26226E-05 -0.14866E+02  0.11914E+03 -0.16288E+02  0.34693E+02 -0.24607E-02 -0.22706E+02 -0.79529E+03 -0.17024E+02  0.00000E+00  0.34143E+02  0.59381E+01  0.16599E+02  0.31072E+00   4661  0.00000E+00      0.000
     632.0000  0.00000E+00  0.26670E+00  0.31287E-09  0.00000E+00 -0.26226E-05 -0.14866E+02  0.11941E+03 -0.16288E+02  0.34693E+02 -0.24633E-02 -0.22732E+02 -0.79528E+03 -0.17026E+02  0.00000E+00  0.34143E+02  0.59381E+01  0.16599E+02  0.31072E+00   4663  0.00000E+00      0.000
     633.0000  0.00000E+00  0.44196E+00 -0.96734E-08  0.00000E+00 -0.25928E-05 -0.14866E+02  0.11985E+03 -0.16288E+02  0.34693E+02 -0.24659E-02 -0.22758E+02 -0.79529E+03 -0.17029E+02  0.00000E+00  0.34143E+02  0.59380E+01  0.16599E+02  0.31072E+00   4665  0.00000E+00      0.000
     634.0000  0.00000E+00  0.39624E+00  0.49913E-08  0.00000E+00 -0.25928E-05 -0.14866E+02  0.12024E+03 -0.16288E+02  0.34693E+02 -0.24685E-02 -0.22782E+02 -0.79530E+03 -0.17031E+02  0.00000E+00  0.34143E+02  0.59380E+01  0.16599E+02  0.31072E+00   4667  0.00000E+00      0.000
     635.0000  0.00000E+00  0.31750E+00 -0.12215E-07  0.81994E-04 -0.25928E-05 -0.14866E+02  0.12056E+03 -0.16288E+02  0.34693E+02 -0.24711E-02 -0.22806E+02 -0.79527E+03 -0.17033E+02  0.00000E+00  0.34143E+02  0.59380E+01  0.16599E+02  0.31072E+00   4669  0.00000E+00      0.000
     636.0000  0.00000E+00  0.40894E+00  0.12376E-07  0.00000E+00 -0.25928E-05 -0.14866E+02  0.12097E+03 -0.16288E+02  0.34693E+02 -0.24737E-02 -0.22829E+02 -0.79528E+03 -0.17035E+02  0.00000E+00  0.34143E+02  0.59380E+01  0.16599E+02  0.31072E+00   4671  0.00000E+00      0.000
     637.0000  0.00000E+00  0.23368E+00 -0.60390E-09  0.00000E+00 -0.25928E-05 -0.14866E+02  0.12120E+03 -0.16288E+02  0.34694E+02 -0.24763E-02 -0.22852E+02 -0.79530E+03 -0.17037E+02  0.00000E+00  0.34143E+02  0.59379E+01  0.16599E+02  0.31072E+00   4673  0.00000E+00      0.000
     638.0000  0.00000E+00  0.31750E+00 -0.32524E-08  0.82806E-04 -0.25928E-05 -0.14866E+02  0.12152E+03 -0.16288E+02  0.34694E+02 -0.24789E-02 -0.22874E+02 -0.79527E+03 -0.17039E+02  0.00000E+00  0.34143E+02  0.59379E+01  0.16599E+02  0.31072E+00   4675  0.00000E+00      0.000
     639.0000  0.00000E+00  0.20828E+00 -0.14352E-07  0.00000E+00 -0.25928E-05 -0.14866E+02  0.12173E+03 -0.16288E+02  0.34694E+02 -0.24815E-02 -0.22896E+02 -0.79528E+03 -0.17041E+02  0.00000E+00  0.34143E+02  0.59379E+01  0.16599E+02  0.31072E+00   4677  0.00000E+00      0.000
     640.0000  0.54102E+00  0.00000E+00  0.26889E-04  0.00000E+00 -0.25928E-05 -0.14325E+02  0.12173E+03 -0.16156E+02  0.34694E+02 -0.24841E-02 -0.10000E+07 -0.79528E+03 -0.17043E+02  0.00000E+00  0.34143E+02  0.58065E+01  0.16599E+02  0.44211E+00   4679  0.00000E+00      0.000
     641.0000  0.19304E+00  0.00000E+00  0.99840E-31  0.00000E+00 -0.25928E-05 -0.14132E+02  0.12173E+03 -0.16156E+02  0.34694E+02 -0.24867E-02 -0.10000E+07 -0.79528E+03 -0.17046E+02  0.00000E+00  0.34143E+02  0.58065E+01  0.16599E+02  0.44211E+00   4681  0.00000E+00      0.000
     642.0000  0.17526E+00  0.00000E+00  0.99840E-31  0.00000E+00 -0.25630E-05 -0.13956E+02  0.12173E+03 -0.16156E+02  0.34694E+02 -0.24892E-02 -0.10000E+07 -0.79528E+03 -0.17048E+02  0.00000E+00  0.34143E+02  0.58065E+01  0.16599E+02  0.44211E+00   4683  0.00000E+00      0.000
     643.0000  0.46228E+00  0.00000E+00  0.99840E-31  0.00000E+00 -0.25630E-05 -0.13494E+02  0.12173E+03 -0.16156E+02  0.34694E+02 -0.24918E-02 -0.10000E+07 -0.79528E+03 -0.17050E+02  0.00000E+00  0.34143E+02  0.58065E+01  0.16599E+02  0.44211E+00   4685  0.00000E+00      0.000
     644.0000  0.25400E+00  0.00000E+00  0.99840E-31  0.00000E+00 -0.25630E-05 -0.13240E+02  0.12173E+03 -0.16156E+02  0.34694E+02 -0.24944E-02 -0.10000E+07 -0.79528E+03 -0.17052E+02  0.00000E+00  0.34143E+02  0.58065E+01  0.16599E+02  0.44211E+00   4687  0.00000E+00      0.000
     645.0000  0.22352E+00  0.00000E+00  0.99840E-31  0.00000E+00 -0.25630E-05 -0.13017E+02  0.12173E+03 -0.16156E+02  0.34694E+02 -0.24969E-02 -0.10000E+07 -0.79528E+03 -0.17054E+02  0.00000E+00  0.34143E+02  0.58065E+01  0.16599E+02  0.44211E+00   4689  0.00000E+00      0.000
     646.0000  0.33528E+00  0.00000E+00  0.99840E-31  0.00000E+00 -0.25630E-05 -0.12681E+02  0.12173E+03 -0.16156E+02  0.34694E+02 -0.24995E-02 -0.10000E+07 -0.79528E+03 -0.17056E+02  0.00000E+00  0.34143E+02  0.58065E+01  0.16599E+02  0.44211E+00   4691  0.00000E+00      0.000
     647.0000  0.35306E+00  0.00000E+00  0.99840E-31  0.00000E+00 -0.25630E-05 -0.12328E+02  0.12173E+03 -0.16156E+02  0.34694E+02 -0.25021E-02 -0.10000E+07 -0.79528E+03 -0.17058E+02  0.00000E+00  0.34143E+02  0.58065E+01  0.16599E+02  0.44211E+00   4693  0.00000E+00      0.000
     648.0000  0.27940E+00  0.00000E+00  0.99840E-31  0.00000E+00 -0.25630E-05 -0.12049E+02  0.12173E+03 -0.16156E+02  0.34694E+02 -0.25046E-02 -0.10000E+07 -0.79528E+03 -0.17060E+02  0.00000E+00  0.34143E+02  0.58065E+01  0.16599E+02  0.44211E+00   4695  0.00000E+00      0.000
     649.0000  0.17526E+00  0.00000E+00  0.99840E-31  0.00000E+00 -0.25630E-05 -0.11874E+02  0.12173E+03 -0.16156E+02  0.34694E+02 -0.25072E-02 -0.10000E+07 -0.79528E+03 -0.17062E+02  0.00000E+00  0.34143E+02  0.58065E+01  0.16599E+02  0.44211E+00   4697  0.00000E+00      0.000
     650.0000  0.12954E+00  0.00000E+00  0.99840E-31  0.00000E+00 -0.25630E-05 -0.11744E+02  0.12173E+03 -0.16156E+02  0.34694E+02 -0.25097E-02 -0.10000E+07 -0.79528E+03 -0.17065E+02  0.00000E+00  0.34143E+02  0.58065E+01  0.16599E+02  0.44211E+00   4699  0.00000E+00      0.000
     651.0000  0.14732E+00  0.00000E+00  0.99840E-31  0.00000E+00 -0.25630E-05 -0.11597E+02  0.12173E+03 -0.16156E+02  0.34694E+02 -0.25123E-02 -0.10000E+07 -0.79528E+03 -0.17067E+02  0.00000E+00  0.34143E+02  0.58064E+01  0.16599E+02  0.44211E+00   4701  0.00000E+00      0.000
     652.0000  0.15494E+00  0.00000E+00  0.99840E-31  0.00000E+00 -0.25332E-05 -0.11442E+02  0.12173E+03 -0.16156E+02  0.34694E+02 -0.25149E-02 -0.10000E+07 -0.79528E+03 -0.17069E+02  0.00000E+00  0.34143E+02  0.58064E+01  0.16599E+02  0.44211E+00   4703  0.00000E+00      0.000
     653.0000  0.30480E+00  0.00000E+00  0.99840E-31  0.00000E+00 -0.25332E-05 -0.11137E+02  0.12173E+03 -0.16156E+02  0.34694E+02 -0.25174E-02 -0.10000E+07 -0.79529E+03 -0.17071E+02  0.00000E+00  0.34143E+02  0.58064E+01  0.16599E+02  0.44211E+00   4705  0.00000E+00      0.000
     654.0000  0.23368E+00  0.00000E+00  0.99840E-31  0.00000E+00 -0.25332E-05 -0.10903E+02  0.12173E+03 -0.16156E+02  0.34694E+02 -0.25199E-02 -0.10000E+07 -0.79529E+03 -0.17073E+02  0.00000E+00  0.34143E+02  0.58064E+01  0.16599E+02  0.44211E+00   4707  0.00000E+00      0.000
     655.0000  0.25908E+00  0.00000E+00  0.99840E-31  0.00000E+00 -0.25332E-05 -0.10644E+02  0.12173E+03 -0.16156E+02  0.34694E+02 -0.25225E-02 -0.10000E+07 -0.79529E+03 -0.17075E+02  0.00000E+00  0.34143E+02  0.58064E+01  0.16599E+02  0.44211E+00   4709  0.00000E+00      0.000
     656.0000  0.13716E+00  0.00000E+00  0.99840E-31  0.00000E+00 -0.25332E-05 -0.10507E+02  0.12173E+03 -0.16156E+02  0.34694E+02 -0.25250E-02 -0.10000E+07 -0.79529E+03 -0.17077E+02  0.00000E+00  0.34143E+02  0.58064E+01  0.16599E+02  0.44211E+00   4711  0.00000E+00      0.000
     657.0000  0.25654E+00  0.00000E+00  0.99840E-31  0.00000E+00 -0.25332E-05 -0.10251E+02  0.12173E+03 -0.16156E+02  0.34694E+02 -0.25275E-02 -0.10000E+07 -0.79529E+03 -0.17079E+02  0.00000E+00  0.34143E+02  0.58064E+01  0.16599E+02  0.44211E+00   4713  0.00000E+00      0.000
     658.0000  0.48768E+00  0.00000E+00  0.99840E-31  0.00000E+00 -0.25332E-05 -0.97629E+01  0.12173E+03 -0.16156E+02  0.34694E+02 -0.25301E-02 -0.10000E+07 -0.79529E+03 -0.17081E+02  0.00000E+00  0.34143E+02  0.58064E+01  0.16599E+02  0.44211E+00   4715  0.00000E+00      0.000
     659.0000  0.40640E+00  0.00000E+00  0.99840E-31  0.00000E+00 -0.25332E-05 -0.93565E+01  0.12173E+03 -0.16156E+02  0.34694E+02 -0.25326E-02 -0.10000E+07 -0.79529E+03 -0.17083E+02  0.00000E+00  0.34143E+02  0.58064E+01  0.16599E+02  0.44211E+00   4717  0.00000E+00      0.000
     660.0000  0.20066E+00  0.00000E+00  0.99840E-31  0.00000E+00 -0.25332E-05 -0.91559E+01  0.12173E+03 -0.16156E+02  0.34694E+02 -0.25351E-02 -0.10000E+07 -0.79529E+03 -0.17085E+02  0.00000E+00  0.34143E+02  0.58064E+01  0.16599E+02  0.44211E+00   4719  0.00000E+00      0.000
     661.0000  0.17272E+00  0.00000E+00  0.99840E-31  0.00000E+00 -0.25034E-05 -0.89831E+01  0.12173E+03 -0.16156E+02  0.34694E+02 -0.25376E-02 -0.10000E+07 -0.79529E+03 -0.17088E+02  0.00000E+00  0.34143E+02  0.58064E+01  0.16599E+02  0.44211E+00   4721  0.00000E+00      0.000
     662.0000  0.25400E+00  0.00000E+00  0.99840E-31  0.00000E+00 -0.25034E-05 -0.87291E+01  0.12173E+03 -0.16156E+02  0.34694E+02 -0.25402E-02 -0.10000E+07 -0.79529E+03 -0.17090E+02  0.00000E+00  0.34143E+02  0.58064E+01  0.16599E+02  0.44211E+00   4723  0.00000E+00      0.000
     663.0000  0.16510E+00  0.00000E+00  0.99840E-31  0.00000E+00 -0.25034E-05 -0.85640E+01  0.12173E+03 -0.16156E+02  0.34694E+02 -0.25427E-02 -0.10000E+07 -0.79529E+03 -0.17092E+02  0.00000E+00  0.34143E+02  0.58064E+01  0.16599E+02  0.44211E+00   4725  0.00000E+00      0.000
     664.0000  0.10668E+00  0.00000E+00  0.99840E-31  0.00000E+00 -0.25034E-05 -0.84574E+01  0.12173E+03 -0.16156E+02  0.34694E+02 -0.25452E-02 -0.10000E+07 -0.79529E+03 -0.17094E+02  0.00000E+00  0.34143E+02  0.58064E+01  0.16599E+02  0.44211E+00   4727  0.00000E+00      0.000
     665.0000  0.27686E+00  0.00000E+00  0.99840E-31  0.00000E+00 -0.25034E-05 -0.81805E+01  0.12173E+03 -0.16156E+02  0.34694E+02 -0.25477E-02 -0.10000E+07 -0.79529E+03 -0.17096E+02  0.00000E+00  0.34143E+02  0.58064E+01  0.16599E+02  0.44211E+00   4729  0.00000E+00      0.000
     666.0000  0.32766E+00  0.00000E+00  0.99840E-31  0.00000E+00 -0.25034E-05 -0.78528E+01  0.12173E+03 -0.16156E+02  0.34694E+02 -0.25502E-02 -0.10000E+07 -0.79529E+03 -0.17098E+02  0.00000E+00  0.34143E+02  0.58064E+01  0.16599E+02  0.44211E+00   4731  0.00000E+00      0.000
     667.0000  0.21336E+00  0.00000E+00  0.99840E-31  0.00000E+00 -0.25034E-05 -0.76395E+01  0.12173E+03 -0.16156E+02  0.34694E+02 -0.25527E-02 -0.10000E+07 -0.79529E+03 -0.17100E+02  0.00000E+00  0.34143E+02  0.58064E+01  0.16599E+02  0.44211E+00   4733  0.00000E+00      0.000
     668.0000  0.81280E-01  0.00000E+00  0.99840E-31  0.00000E+00 -0.25034E-05 -0.75582E+01  0.12173E+03 -0.16156E+02  0.34694E+02 -0.25552E-02 -0.10000E+07 -0.79529E+03 -0.17102E+02  0.00000E+00  0.34143E+02  0.58064E+01  0.16599E+02  0.44211E+00   4735  0.00000E+00      0.000
     669.0000  0.17526E+00  0.00000E+00  0.99840E-31  0.00000E+00 -0.25034E-05 -0.73830E+01  0.12173E+03 -0.16156E+02  0.34694E+02 -0.25577E-02 -0.10000E+07 -0.79529E+03 -0.17104E+02  0.00000E+00  0.34143E+02  0.58064E+01  0.16599E+02  0.44211E+00   4737  0.00000E+00      0.000
     670.0000  0.14732E+00  0.00000E+00  0.99840E-31  0.00000E+00 -0.25034E-05 -0.72356E+01  0.12173E+03 -0.16156E+02  0.34694E+02 -0.25602E-02 -0.10000E+07 -0.79529E+03 -0.17106E+02  0.00000E+00  0.34143E+02  0.58064E+01  0.16599E+02  0.44211E+00   4739  0.00000E+00      0.000
     671.0000  0.17018E+00  0.00000E+00  0.99840E-31  0.00000E+00 -0.24736E-05 -0.70655E+01  0.12173E+03 -0.16156E+02  0.34694E+02 -0.25627E-02 -0.10000E+07 -0.79529E+03 -0.17108E+02  0.00000E+00  0.34143E+02  0.58064E+01  0.16599E+02  0.44211E+00   4741  0.00000E+00      0.000
     672.0000  0.21082E+00  0.00000E+00  0.99840E-31  0.00000E+00 -0.24736E-05 -0.68546E+01  0.12173E+03 -0.16156E+02  0.34694E+02 -0.25652E-02 -0.10000E+07 -0.79529E+03 -0.17110E+02  0.00000E+00  0.34143E+02  0.58064E+01  0.16599E+02  0.44211E+00   4743  0.00000E+00      0.000
     673.0000  0.10160E+00  0.00000E+00  0.99840E-31  0.00000E+00 -0.24736E-05 -0.67530E+01  0.12173E+03 -0.16156E+02  0.34694E+02 -0.25676E-02 -0.10000E+07 -0.79529E+03 -0.17112E+02  0.00000E+00  0.34143E+02  0.58064E+01  0.16599E+02  0.44211E+00   4745  0.00000E+00      0.000
     674.0000  0.21844E+00  0.00000E+00  0.99840E-31  0.00000E+00 -0.24736E-05 -0.65346E+01  0.12173E+03 -0.16156E+02  0.34694E+02 -0.25701E-02 -0.10000E+07 -0.79529E+03 -0.17114E+02  0.00000E+00  0.34143E+02  0.58064E+01  0.16599E+02  0.44211E+00   4747  0.00000E+00      0.000
     675.0000  0.78740E-01  0.00000E+00  0.99840E-31  0.00000E+00 -0.24736E-05 -0.64559E+01  0.12173E+03 -0.16156E+02  0.34694E+02 -0.25726E-02 -0.10000E+07 -0.79529E+03 -0.17116E+02  0.00000E+00  0.34143E+02  0.58064E+01  0.16599E+02  0.44211E+00   4749  0.00000E+00      0.000
     676.0000  0.15240E+00  0.00000E+00  0.99840E-31  0.00000E+00 -0.24736E-05 -0.63035E+01  0.12173E+03 -0.16156E+02  0.34694E+02 -0.25751E-02 -0.10000E+07 -0.79529E+03 -0.17118E+02  0.00000E+00  0.34143E+02  0.58064E+01  0.16599E+02  0.44211E+00   4751  0.00000E+00      0.000
     677.0000  0.28702E+00  0.00000E+00  0.99840E-31  0.00000E+00 -0.24736E-05 -0.60164E+01  0.12173E+03 -0.16156E+02  0.34694E+02 -0.25775E-02 -0.10000E+07 -0.79529E+03 -0.17120E+02  0.00000E+00  0.34143E+02  0.58064E+01  0.16599E+02  0.44211E+00   4753  0.00000E+00      0.000
     678.0000  0.25146E+00  0.00000E+00  0.99840E-31  0.00000E+00 -0.24736E-05 -0.57650E+01  0.12173E+03 -0.16156E+02  0.34694E+02 -0.25800E-02 -0.10000E+07 -0.79529E+03 -0.17122E+02  0.00000E+00  0.34143E+02  0.58064E+01  0.16599E+02  0.44211E+00   4755  0.00000E+00      0.000
     679.0000  0.11176E+00  0.00000E+00  0.99840E-31  0.00000E+00 -0.24736E-05 -0.56532E+01  0.12173E+03 -0.16156E+02  0.34694E+02 -0.25825E-02 -0.10000E+07 -0.79529E+03 -0.17124E+02  0.00000E+00  0.34143E+02  0.58064E+01  0.16599E+02  0.44211E+00   4757  0.00000E+00      0.000
     680.0000  0.10414E+00  0.00000E+00  0.99840E-31  0.00000E+00 -0.24736E-05 -0.55491E+01  0.12173E+03 -0.16156E+02  0.34694E+02 -0.25849E-02 -0.10000E+07 -0.79529E+03 -0.17126E+02  0.00000E+00  0.34143E+02  0.58064E+01  0.16599E+02  0.44211E+00   4759  0.00000E+00      0.000
     681.0000  0.18542E+00  0.00000E+00  0.99840E-31  0.00000E+00 -0.24438E-05 -0.53637E+01  0.12173E+03 -0.16156E+02  0.34694E+02 -0.25874E-02 -0.10000E+07 -0.79529E+03 -0.17128E+02  0.00000E+00  0.34143E+02  0.58064E+01  0.16599E+02  0.44211E+00   4761  0.00000E+00      0.000
     682.0000  0.18288E+00  0.00000E+00  0.99840E-31  0.00000E+00 -0.24438E-05 -0.51808E+01  0.12173E+03 -0.16156E+02  0.34694E+02 -0.25899E-02 -0.10000E+07 -0.79529E+03 -0.17131E+02  0.00000E+00  0.34143E+02  0.58064E+01  0.16599E+02  0.44211E+00   4763  0.00000E+00      0.000
     683.0000  0.27940E+00  0.00000E+00  0.99840E-31  0.00000E+00 -0.24438E-05 -0.49014E+01  0.12173E+03 -0.16156E+02  0.34694E+02 -0.25923E-02 -0.10000E+07 -0.79529E+03 -0.17133E+02  0.00000E+00  0.34143E+02  0.58064E+01  0.16599E+02  0.44211E+00   4765  0.00000E+00      0.000
     684.0000  0.24130E+00  0.00000E+00  0.99840E-31  0.00000E+00 -0.24438E-05 -0.46601E+01  0.12173E+03 -0.16156E+02  0.34694E+02 -0.25948E-02 -0.10000E+07 -0.79529E+03 -0.17135E+02  0.00000E+00  0.34143E+02  0.58064E+01  0.16599E+02  0.44211E+00   4767  0.00000E+00      0.000
     685.0000  0.68580E-01  0.00000E+00  0.99840E-31  0.00000E+00 -0.24438E-05 -0.45915E+01  0.12173E+03 -0.16156E+02  0.34694E+02 -0.25972E-02 -0.10000E+07 -0.79529E+03 -0.17137E+02  0.00000E+00  0.34143E+02  0.58064E+01  0.16599E+02  0.44211E+00   4769  0.00000E+00      0.000
     686.0000  0.14986E+00  0.00000E+00  0.99840E-31  0.00000E+00 -0.24438E-05 -0.44416E+01  0.12173E+03 -0.16156E+02  0.34694E+02 -0.25996E-02 -0.10000E+07 -0.79529E+03 -0.17139E+02  0.00000E+00  0.34143E+02  0.58064E+01  0.16599E+02  0.44211E+00   4771  0.00000E+00      0.000
     687.0000  0.31750E+00  0.00000E+00  0.99840E-31  0.00000E+00 -0.24438E-05 -0.41241E+01  0.12173E+03 -0.16156E+02  0.34694E+02 -0.26021E-02 -0.10000E+07 -0.79529E+03 -0.17141E+02  0.00000E+00  0.34143E+02  0.58064E+01  0.16599E+02  0.44211E+00   4773  0.00000E+00      0.000
     688.0000  0.13462E+00  0.00000E+00  0.99840E-31  0.00000E+00 -0.24438E-05 -0.39895E+01  0.12173E+03 -0.16156E+02  0.34694E+02 -0.26045E-02 -0.10000E+07 -0.79529E+03 -0.17143E+02  0.00000E+00  0.34143E+02  0.58064E+01  0.16599E+02  0.44211E+00   4775  0.00000E+00      0.000
     689.0000  0.40640E-01  0.00000E+00  0.99840E-31  0.00000E+00 -0.24438E-05 -0.39489E+01  0.12173E+03 -0.16156E+02  0.34694E+02 -0.26070E-02 -0.10000E+07 -0.79529E+03 -0.17145E+02  0.00000E+00  0.34143E+02  0.58064E+01  0.16599E+02  0.44211E+00   4777  0.00000E+00      0.000
     690.0000  0.30480E-01  0.00000E+00  0.99840E-31  0.00000E+00 -0.24438E-05 -0.39184E+01  0.12173E+03 -0.16156E+02  0.34694E+02 -0.26094E-02 -0.10000E+07 -0.79529E+03 -0.17147E+02  0.00000E+00  0.34143E+02  0.58064E+01  0.16599E+02  0.44211E+00   4779  0.00000E+00      0.000
     691.0000  0.40640E-01  0.00000E+00  0.99840E-31  0.00000E+00 -0.24438E-05 -0.38778E+01  0.12173E+03 -0.16156E+02  0.34694E+02 -0.26119E-02 -0.10000E+07 -0.79529E+03 -0.17149E+02  0.00000E+00  0.34143E+02  0.58064E+01  0.16599E+02  0.44211E+00   4781  0.00000E+00      0.000
     692.0000  0.12700E-01  0.00000E+00  0.99840E-31  0.00000E+00 -0.24140E-05 -0.38651E+01  0.12173E+03 -0.16156E+02  0.34694E+02 -0.26143E-02 -0.10000E+07 -0.79529E+03 -0.17151E+02  0.00000E+00  0.34143E+02  0.58063E+01  0.16599E+02  0.44211E+00   4783  0.00000E+00      0.000
     693.0000  0.20320E-01  0.00000E+00  0.99840E-31  0.00000E+00 -0.24140E-05 -0.38447E+01  0.12173E+03 -0.16156E+02  0.34694E+02 -0.26167E-02 -0.10000E+07 -0.79529E+03 -0.17153E+02  0.00000E+00  0.34143E+02  0.58063E+01  0.16599E+02  0.44211E+00   4785  0.00000E+00      0.000
     694.0000  0.17780E-01  0.00000E+00  0.99840E-31  0.00000E+00 -0.24140E-05 -0.38270E+01  0.12173E+03 -0.16156E+02  0.34694E+02 -0.26191E-02 -0.10000E+07 -0.79529E+03 -0.17155E+02  0.00000E+00  0.34143E+02  0.58063E+01  0.16599E+02  0.44211E+00   4787  0.00000E+00      0.000
     695.0000  0.17780E-01  0.00000E+00  0.99840E-31  0.00000E+00 -0.24140E-05 -0.38092E+01  0.12173E+03 -0.16156E+02  0.34694E+02 -0.26215E-02 -0.10000E+07 -0.79529E+03 -0.17157E+02  0.00000E+00  0.34143E+02  0.58063E+01  0.16599E+02  0.44211E+00   4789  0.00000E+00      0.000
     696.0000  0.76200E-01  0.00000E+00  0.99840E-31  0.00000E+00 -0.24140E-05 -0.37330E+01  0.12173E+03 -0.16156E+02  0.34694E+02 -0.26239E-02 -0.10000E+07 -0.79529E+03 -0.17159E+02  0.00000E+00  0.34143E+02  0.58063E+01  0.16599E+02  0.44211E+00   4791  0.00000E+00      0.000
     697.0000  0.22860E-01  0.00000E+00  0.99840E-31  0.00000E+00 -0.24140E-05 -0.37101E+01  0.12173E+03 -0.16156E+02  0.34694E+02 -0.26263E-02 -0.10000E+07 -0.79529E+03 -0.17161E+02  0.00000E+00  0.34143E+02  0.58063E+01  0.16599E+02  0.44211E+00   4793  0.00000E+00      0.000
     698.0000  0.40640E-01  0.00000E+00  0.99840E-31  0.00000E+00 -0.24140E-05 -0.36695E+01  0.12173E+03 -0.16156E+02  0.34694E+02 -0.26288E-02 -0.10000E+07 -0.79529E+03 -0.17162E+02  0.00000E+00  0.34143E+02  0.58063E+01  0.16599E+02  0.44211E+00   4795  0.00000E+00      0.000
     699.0000  0.17780E-01  0.00000E+00  0.99840E-31  0.00000E+00 -0.24140E-05 -0.36517E+01  0.12173E+03 -0.16156E+02  0.34694E+02 -0.26312E-02 -0.10000E+07 -0.79529E+03 -0.17164E+02  0.00000E+00  0.34143E+02  0.58063E+01  0.16599E+02  0.44211E+00   4797  0.00000E+00      0.000
     700.0000  0.11938E+00  0.00000E+00  0.99840E-31  0.00000E+00 -0.24140E-05 -0.35323E+01  0.12173E+03 -0.16156E+02  0.34694E+02 -0.26336E-02 -0.10000E+07 -0.79529E+03 -0.17166E+02  0.00000E+00  0.34143E+02  0.58063E+01  0.16599E+02  0.44211E+00   4799  0.00000E+00      0.000
     701.0000  0.33020E-01  0.00000E+00  0.99840E-31  0.00000E+00 -0.24140E-05 -0.34993E+01  0.12173E+03 -0.16156E+02  0.34694E+02 -0.26360E-02 -0.10000E+07 -0.79529E+03 -0.17168E+02  0.00000E+00  0.34143E+02  0.58063E+01  0.16599E+02  0.44211E+00   4801  0.00000E+00      0.000
     702.0000  0.81280E-01  0.00000E+00  0.99840E-31  0.00000E+00 -0.23842E-05 -0.34180E+01  0.12173E+03 -0.16156E+02  0.34694E+02 -0.26384E-02 -0.10000E+07 -0.79529E+03 -0.17170E+02  0.00000E+00  0.34143E+02  0.58063E+01  0.16599E+02  0.44211E+00   4803  0.00000E+00      0.000
     703.0000  0.15748E+00  0.00000E+00  0.99840E-31  0.00000E+00 -0.23842E-05 -0.32605E+01  0.12173E+03 -0.16156E+02  0.34694E+02 -0.26408E-02 -0.10000E+07 -0.79529E+03 -0.17172E+02  0.00000E+00  0.34143E+02  0.58063E+01  0.16599E+02  0.44211E+00   4805  0.00000E+00      0.000
     704.0000  0.48260E-01  0.00000E+00  0.99840E-31  0.00000E+00 -0.23842E-05 -0.32123E+01  0.12173E+03 -0.16156E+02  0.34694E+02 -0.26432E-02 -0.10000E+07 -0.79529E+03 -0.17174E+02  0.00000E+00  0.34143E+02  0.58063E+01  0.16599E+02  0.44211E+00   4807  0.00000E+00      0.000
     705.0000  0.18034E+00  0.00000E+00  0.99840E-31  0.00000E+00 -0.23842E-05 -0.30319E+01  0.12173E+03 -0.16156E+02  0.34694E+02 -0.26455E-02 -0.10000E+07 -0.79529E+03 -0.17176E+02  0.00000E+00  0.34143E+02  0.58063E+01  0.16599E+02  0.44211E+00   4809  0.00000E+00      0.000
     706.0000  0.28956E+00  0.00000E+00  0.99840E-31  0.00000E+00 -0.23842E-05 -0.27424E+01  0.12173E+03 -0.16156E+02  0.34694E+02 -0.26479E-02 -0.10000E+07 -0.79529E+03 -0.17178E+02  0.00000E+00  0.34143E+02  0.58063E+01  0.16599E+02  0.44211E+00   4811  0.00000E+00      0.000
     707.0000  0.36576E+00  0.00000E+00  0.99840E-31  0.00000E+00 -0.23842E-05 -0.23766E+01  0.12173E+03 -0.16156E+02  0.34694E+02 -0.26503E-02 -0.10000E+07 -0.79529E+03 -0.17180E+02  0.00000E+00  0.34143E+02  0.58063E+01  0.16599E+02  0.44211E+00   4813  0.00000E+00      0.000
     708.0000  0.12954E+00  0.00000E+00  0.99840E-31  0.00000E+00 -0.23842E-05 -0.22471E+01  0.12173E+03 -0.16156E+02  0.34694E+02 -0.26527E-02 -0.10000E+07 -0.79529E+03 -0.17182E+02  0.00000E+00  0.34143E+02  0.58063E+01  0.16599E+02  0.44211E+00   4815  0.00000E+00      0.000
     709.0000  0.58420E-01  0.00000E+00  0.99840E-31  0.00000E+00 -0.23842E-05 -0.21887E+01  0.12173E+03 -0.16156E+02  0.34694E+02 -0.26551E-02 -0.10000E+07 -0.79529E+03 -0.17184E+02  0.00000E+00  0.34143E+02  0.58063E+01  0.16599E+02  0.44211E+00   4817  0.00000E+00      0.000
     710.0000  0.68580E-01  0.00000E+00  0.99840E-31  0.00000E+00 -0.23842E-05 -0.21201E+01  0.12173E+03 -0.16156E+02  0.34694E+02 -0.26575E-02 -0.10000E+07 -0.79529E+03 -0.17186E+02  0.00000E+00  0.34143E+02  0.58063E+01  0.16599E+02  0.44211E+00   4819  0.00000E+00      0.000
     711.0000  0.10668E+00  0.00000E+00  0.99840E-31  0.00000E+00 -0.23842E-05 -0.20134E+01  0.12173E+03 -0.16156E+02  0.34694E+02 -0.26598E-02 -0.10000E+07 -0.79529E+03 -0.17188E+02  0.00000E+00  0.34143E+02  0.58063E+01  0.16599E+02  0.44211E+00   4821  0.00000E+00      0.000
     712.0000  0.55880E-01  0.00000E+00  0.99840E-31  0.00000E+00 -0.23842E-05 -0.19575E+01  0.12173E+03 -0.16156E+02  0.34694E+02 -0.26622E-02 -0.10000E+07 -0.79529E+03 -0.17190E+02  0.00000E+00  0.34143E+02  0.58063E+01  0.16599E+02  0.44211E+00   4823  0.00000E+00      0.000
     713.0000  0.13462E+00  0.00000E+00  0.99840E-31  0.00000E+00 -0.23544E-05 -0.18229E+01  0.12173E+03 -0.16156E+02  0.34694E+02 -0.26646E-02 -0.10000E+07 -0.79529E+03 -0.17192E+02  0.00000E+00  0.34143E+02  0.58063E+01  0.16599E+02  0.44211E+00   4825  0.00000E+00      0.000
     714.0000  0.18542E+00  0.00000E+00  0.99840E-31  0.00000E+00 -0.23544E-05 -0.16375E+01  0.12173E+03 -0.16156E+02  0.34694E+02 -0.26669E-02 -0.10000E+07 -0.79529E+03 -0.17194E+02  0.00000E+00  0.34143E+02  0.58063E+01  0.16599E+02  0.44211E+00   4827  0.00000E+00      0.000
     715.0000  0.10922E+00  0.00000E+00  0.99840E-31  0.00000E+00 -0.23544E-05 -0.15283E+01  0.12173E+03 -0.16156E+02  0.34694E+02 -0.26693E-02 -0.10000E+07 -0.79529E+03 -0.17196E+02  0.00000E+00  0.34143E+02  0.58063E+01  0.16599E+02  0.44211E+00   4829  0.00000E+00      0.000
     716.0000  0.58420E-01  0.00000E+00  0.99840E-31  0.00000E+00 -0.23544E-05 -0.14698E+01  0.12173E+03 -0.16156E+02  0.34694E+02 -0.26716E-02 -0.10000E+07 -0.79529E+03 -0.17198E+02  0.00000E+00  0.34143E+02  0.58063E+01  0.16599E+02  0.44211E+00   4831  0.00000E+00      0.000
     717.0000  0.20320E-01  0.00000E+00  0.99840E-31  0.00000E+00 -0.23544E-05 -0.14495E+01  0.12173E+03 -0.16156E+02  0.34694E+02 -0.26740E-02 -0.10000E+07 -0.79529E+03 -0.17200E+02  0.00000E+00  0.34143E+02  0.58063E+01  0.16599E+02  0.44211E+00   4833  0.00000E+00      0.000
     718.0000  0.17272E+00  0.00000E+00  0.99840E-31  0.00000E+00 -0.23544E-05 -0.12768E+01  0.12173E+03 -0.16156E+02  0.34694E+02 -0.26764E-02 -0.10000E+07 -0.79529E+03 -0.17202E+02  0.00000E+00  0.34143E+02  0.58063E+01  0.16599E+02  0.44211E+00   4835  0.00000E+00      0.000
     719.0000  0.12192E+00  0.00000E+00  0.99840E-31  0.00000E+00 -0.23544E-05 -0.11549E+01  0.12173E+03 -0.16156E+02  0.34694E+02 -0.26787E-02 -0.10000E+07 -0.79529E+03 -0.17204E+02  0.00000E+00  0.34143E+02  0.58063E+01  0.16599E+02  0.44211E+00   4837  0.00000E+00      0.000
     720.0000  0.21844E+00  0.00000E+00  0.99840E-31  0.00000E+00 -0.23544E-05 -0.93643E+00  0.12173E+03 -0.16156E+02  0.34694E+02 -0.26811E-02 -0.10000E+07 -0.79529E+03 -0.17206E+02  0.00000E+00  0.34143E+02  0.58063E+01  0.16599E+02  0.44211E+00   4839  0.00000E+00      0.000
     721.0000  0.25146E+00  0.00000E+00  0.99840E-31  0.00000E+00 -0.23544E-05 -0.68497E+00  0.12173E+03 -0.16156E+02  0.34694E+02 -0.26834E-02 -0.10000E+07 -0.79529E+03 -0.17207E+02  0.00000E+00  0.34143E+02  0.58063E+01  0.16599E+02  0.44211E+00   4841  0.00000E+00      0.000
     722.0000  0.17272E+00  0.00000E+00  0.99840E-31  0.00000E+00 -0.23246E-05 -0.51225E+00  0.12173E+03 -0.16156E+02  0.34694E+02 -0.26858E-02 -0.10000E+07 -0.79529E+03 -0.17209E+02  0.00000E+00  0.34143E+02  0.58063E+01  0.16599E+02  0.44211E+00   4843  0.00000E+00      0.000
     723.0000  0.19812E+00  0.00000E+00  0.99840E-31  0.00000E+00 -0.23246E-05 -0.31413E+00  0.12173E+03 -0.16156E+02  0.34694E+02 -0.26881E-02 -0.10000E+07 -0.79529E+03 -0.17211E+02  0.00000E+00  0.34143E+02  0.58063E+01  0.16599E+02  0.44211E+00   4845  0.00000E+00      0.000
     724.0000  0.18796E+00  0.00000E+00  0.99840E-31  0.00000E+00 -0.23246E-05 -0.12617E+00  0.12173E+03 -0.16156E+02  0.34694E+02 -0.26904E-02 -0.10000E+07 -0.79529E+03 -0.17213E+02  0.00000E+00  0.34143E+02  0.58063E+01  0.16599E+02  0.44211E+00   4847  0.00000E+00      0.000
     725.0000  0.20320E+00  0.00000E+00  0.99840E-31  0.00000E+00 -0.23246E-05  0.77029E-01  0.12173E+03 -0.16156E+02  0.34694E+02 -0.26927E-02 -0.10000E+07 -0.79529E+03 -0.17215E+02  0.00000E+00  0.34143E+02  0.58063E+01  0.16599E+02  0.44211E+00   4849  0.00000E+00      0.000
     726.0000  0.21844E+00  0.00000E+00  0.99840E-31  0.00000E+00 -0.23246E-05  0.29547E+00  0.12173E+03 -0.16156E+02  0.34694E+02 -0.26951E-02 -0.10000E+07 -0.79529E+03 -0.17217E+02  0.00000E+00  0.34143E+02  0.58063E+01  0.16599E+02  0.44211E+00   4851  0.00000E+00      0.000
     727.0000  0.17526E+00  0.00000E+00  0.99840E-31  0.00000E+00 -0.23246E-05  0.47073E+00  0.12173E+03 -0.16156E+02  0.34694E+02 -0.26974E-02 -0.10000E+07 -0.79529E+03 -0.17219E+02  0.00000E+00  0.34143E+02  0.58063E+01  0.16599E+02  0.44211E+00   4853  0.00000E+00      0.000
     728.0000  0.20574E+00  0.00000E+00  0.99840E-31  0.00000E+00 -0.23246E-05  0.67647E+00  0.12173E+03 -0.16156E+02  0.34694E+02 -0.26997E-02 -0.10000E+07 -0.79529E+03 -0.17221E+02  0.00000E+00  0.34143E+02  0.58063E+01  0.16599E+02  0.44211E+00   4855  0.00000E+00      0.000
     729.0000  0.78740E-01  0.00000E+00  0.99840E-31  0.00000E+00 -0.23246E-05  0.75521E+00  0.12173E+03 -0.16156E+02  0.34694E+02 -0.27020E-02 -0.10000E+07 -0.79529E+03 -0.17223E+02  0.00000E+00  0.34143E+02  0.58063E+01  0.16599E+02  0.44211E+00   4857  0.00000E+00      0.000
     730.0000  0.15240E-01  0.00000E+00  0.99840E-31  0.00000E+00 -0.23246E-05  0.77045E+00  0.12173E+03 -0.16156E+02  0.34694E+02 -0.27044E-02 -0.10000E+07 -0.79529E+03 -0.17225E+02  0.00000E+00  0.34143E+02  0.58063E+01  0.16599E+02  0.44211E+00   4859  0.00000E+00      0.000
     731.0000  0.00000E+00  0.00000E+00  0.99840E-31  0.00000E+00 -0.23246E-05  0.77045E+00  0.12173E+03 -0.16156E+02  0.34694E+02 -0.27067E-02 -0.10000E+07 -0.79529E+03 -0.17227E+02  0.00000E+00  0.34143E+02  0.58063E+01  0.16599E+02  0.44211E+00   4861  0.00000E+00      0.000
     732.0000  0.12700E-01  0.00000E+00  0.99840E-31  0.00000E+00 -0.23246E-05  0.78315E+00  0.12173E+03 -0.16156E+02  0.34694E+02 -0.27090E-02 -0.10000E+07 -0.79529E+03 -0.17229E+02  0.00000E+00  0.34143E+02  0.58063E+01  0.16599E+02  0.44211E+00   4863  0.00000E+00      0.000
     733.0000  0.12700E-01  0.00000E+00  0.99840E-31  0.00000E+00 -0.23246E-05  0.79585E+00  0.12173E+03 -0.16156E+02  0.34694E+02 -0.27113E-02 -0.10000E+07 -0.79529E+03 -0.17230E+02  0.00000E+00  0.34143E+02  0.58063E+01  0.16599E+02  0.44211E+00   4865  0.00000E+00      0.000
     734.0000  0.12700E-01  0.00000E+00  0.99840E-31  0.00000E+00 -0.22948E-05  0.80855E+00  0.12173E+03 -0.16156E+02  0.34694E+02 -0.27136E-02 -0.10000E+07 -0.79529E+03 -0.17232E+02  0.00000E+00  0.34143E+02  0.58062E+01  0.16599E+02  0.44211E+00   4867  0.00000E+00      0.000
     735.0000  0.10160E-01  0.00000E+00  0.99840E-31  0.00000E+00 -0.22948E-05  0.81871E+00  0.12173E+03 -0.16156E+02  0.34694E+02 -0.27159E-02 -0.10000E+07 -0.79529E+03 -0.17234E+02  0.00000E+00  0.34143E+02  0.58062E+01  0.16599E+02  0.44211E+00   4869  0.00000E+00      0.000
     736.0000  0.50800E-02  0.00000E+00  0.99840E-31  0.00000E+00 -0.22948E-05  0.82379E+00  0.12173E+03 -0.16156E+02  0.34694E+02 -0.27182E-02 -0.10000E+07 -0.79529E+03 -0.17236E+02  0.00000E+00  0.34143E+02  0.58062E+01  0.16599E+02  0.44211E+00   4871  0.00000E+00      0.000
     737.0000  0.15240E-01  0.00000E+00  0.99840E-31  0.00000E+00 -0.22948E-05  0.83903E+00  0.12173E+03 -0.16156E+02  0.34694E+02 -0.27205E-02 -0.10000E+07 -0.79529E+03 -0.17238E+02  0.00000E+00  0.34143E+02  0.58062E+01  0.16599E+02  0.44211E+00   4873  0.00000E+00      0.000
     738.0000  0.71120E-01  0.00000E+00  0.99840E-31  0.00000E+00 -0.22948E-05  0.91015E+00  0.12173E+03 -0.16156E+02  0.34694E+02 -0.27228E-02 -0.10000E+07 -0.79529E+03 -0.17240E+02  0.00000E+00  0.34143E+02  0.58062E+01  0.16599E+02  0.44211E+00   4875  0.00000E+00      0.000
     739.0000  0.10668E+00  0.00000E+00  0.99840E-31  0.00000E+00 -0.22948E-05  0.10168E+01  0.12173E+03 -0.16156E+02  0.34694E+02 -0.27251E-02 -0.10000E+07 -0.79529E+03 -0.17242E+02  0.00000E+00  0.34143E+02  0.58062E+01  0.16599E+02  0.44211E+00   4877  0.00000E+00      0.000
     740.0000  0.66040E-01  0.00000E+00  0.99840E-31  0.00000E+00 -0.22948E-05  0.10829E+01  0.12173E+03 -0.16156E+02  0.34694E+02 -0.27274E-02 -0.10000E+07 -0.79529E+03 -0.17244E+02  0.00000E+00  0.34143E+02  0.58062E+01  0.16599E+02  0.44211E+00   4879  0.00000E+00      0.000
     741.0000  0.19050E+00  0.00000E+00  0.99840E-31  0.00000E+00 -0.22948E-05  0.12734E+01  0.12173E+03 -0.16156E+02  0.34694E+02 -0.27297E-02 -0.10000E+07 -0.79529E+03 -0.17246E+02  0.00000E+00  0.34143E+02  0.58062E+01  0.16599E+02  0.44211E+00   4881  0.00000E+00      0.000
     742.0000  0.45720E-01  0.00000E+00  0.99840E-31  0.00000E+00 -0.22948E-05  0.13191E+01  0.12173E+03 -0.16156E+02  0.34694E+02 -0.27320E-02 -0.10000E+07 -0.79529E+03 -0.17247E+02  0.00000E+00  0.34143E+02  0.58062E+01  0.16599E+02  0.44211E+00   4883  0.00000E+00      0.000
     743.0000  0.22860E-01  0.00000E+00  0.99840E-31  0.00000E+00 -0.22948E-05  0.13419E+01  0.12173E+03 -0.16156E+02  0.34694E+02 -0.27343E-02 -0.10000E+07 -0.79529E+03 -0.17249E+02  0.00000E+00  0.34143E+02  0.58062E+01  0.16599E+02  0.44211E+00   4885  0.00000E+00      0.000
     744.0000  0.55880E-01  0.00000E+00  0.99840E-31  0.00000E+00 -0.22948E-05  0.13978E+01  0.12173E+03 -0.16156E+02  0.34694E+02 -0.27366E-02 -0.10000E+07 -0.79529E+03 -0.17251E+02  0.00000E+00  0.34143E+02  0.58062E+01  0.16599E+02  0.44211E+00   4887  0.00000E+00      0.000
     745.0000  0.10668E+00  0.00000E+00  0.99840E-31  0.00000E+00 -0.22650E-05  0.15045E+01  0.12173E+03 -0.16156E+02  0.34694E+02 -0.27388E-02 -0.10000E+07 -0.79529E+03 -0.17253E+02  0.00000E+00  0.34143E+02  0.58062E+01  0.16599E+02  0.44211E+00   4889  0.00000E+00      0.000
     746.0000  0.12700E+00  0.00000E+00  0.99840E-31  0.00000E+00 -0.22650E-05  0.16315E+01  0.12173E+03 -0.16156E+02  0.34694E+02 -0.27411E-02 -0.10000E+07 -0.79529E+03 -0.17255E+02  0.00000E+00  0.34143E+02  0.58062E+01  0.16599E+02  0.44211E+00   4891  0.00000E+00      0.000
     747.0000  0.20574E+00  0.00000E+00  0.99840E-31  0.00000E+00 -0.22650E-05  0.18372E+01  0.12173E+03 -0.16156E+02  0.34694E+02 -0.27434E-02 -0.10000E+07 -0.79529E+03 -0.17257E+02  0.00000E+00  0.34143E+02  0.58062E+01  0.16599E+02  0.44211E+00   4893  0.00000E+00      0.000
     748.0000  0.40640E-01  0.00000E+00  0.99840E-31  0.00000E+00 -0.22650E-05  0.18779E+01  0.12173E+03 -0.16156E+02  0.34694E+02 -0.27456E-02 -0.10000E+07 -0.79529E+03 -0.17259E+02  0.00000E+00  0.34143E+02  0.58062E+01  0.16599E+02  0.44211E+00   4895  0.00000E+00      0.000
     749.0000  0.20320E-01  0.00000E+00  0.99840E-31  0.00000E+00 -0.22650E-05  0.18982E+01  0.12173E+03 -0.16156E+02  0.34694E+02 -0.27479E-02 -0.10000E+07 -0.79529E+03 -0.17261E+02  0.00000E+00  0.34143E+02  0.58062E+01  0.16599E+02  0.44211E+00   4897  0.00000E+00      0.000
     750.0000  0.17780E-01  0.00000E+00  0.99840E-31  0.00000E+00 -0.22650E-05  0.19160E+01  0.12173E+03 -0.16156E+02  0.34694E+02 -0.27502E-02 -0.10000E+07 -0.79529E+03 -0.17262E+02  0.00000E+00  0.34143E+02  0.58062E+01  0.16599E+02  0.44211E+00   4899  0.00000E+00      0.000
     751.0000  0.55880E-01  0.00000E+00  0.99840E-31  0.00000E+00 -0.22650E-05  0.19719E+01  0.12173E+03 -0.16156E+02  0.34694E+02 -0.27524E-02 -0.10000E+07 -0.79529E+03 -0.17264E+02  0.00000E+00  0.34143E+02  0.58062E+01  0.16599E+02  0.44211E+00   4901  0.00000E+00      0.000
     752.0000  0.14986E+00  0.00000E+00  0.99840E-31  0.00000E+00 -0.22650E-05  0.21217E+01  0.12173E+03 -0.16156E+02  0.34694E+02 -0.27547E-02 -0.10000E+07 -0.79529E+03 -0.17266E+02  0.00000E+00  0.34143E+02  0.58062E+01  0.16599E+02  0.44211E+00   4903  0.00000E+00      0.000
     753.0000  0.45720E-01  0.00000E+00  0.99840E-31  0.00000E+00 -0.22650E-05  0.21674E+01  0.12173E+03 -0.16156E+02  0.34694E+02 -0.27570E-02 -0.10000E+07 -0.79529E+03 -0.17268E+02  0.00000E+00  0.34143E+02  0.58062E+01  0.16599E+02  0.44211E+00   4905  0.00000E+00      0.000
     754.0000  0.15494E+00  0.00000E+00  0.99840E-31  0.00000E+00 -0.22650E-05  0.23224E+01  0.12173E+03 -0.16156E+02  0.34694E+02 -0.27592E-02 -0.10000E+07 -0.79529E+03 -0.17270E+02  0.00000E+00  0.34143E+02  0.58062E+01  0.16599E+02  0.44211E+00   4907  0.00000E+00      0.000
     755.0000  0.27940E-01  0.00000E+00  0.99840E-31  0.00000E+00 -0.22650E-05  0.23503E+01  0.12173E+03 -0.16156E+02  0.34694E+02 -0.27615E-02 -0.10000E+07 -0.79529E+03 -0.17272E+02  0.00000E+00  0.34143E+02  0.58062E+01  0.16599E+02  0.44211E+00   4909  0.00000E+00      0.000
     756.0000  0.33020E-01  0.00000E+00  0.99840E-31  0.00000E+00 -0.22352E-05  0.23833E+01  0.12173E+03 -0.16156E+02  0.34694E+02 -0.27637E-02 -0.10000E+07 -0.79529E+03 -0.17274E+02  0.00000E+00  0.34143E+02  0.58062E+01  0.16599E+02  0.44211E+00   4911  0.00000E+00      0.000
end
