,thetar,thetas,alpha,n,ksat,l,nse
0,0.056703187238716375,0.3780017165004575,0.018676496524565316,1.481716972344031,482.01063961889116,0.5,0.452559535112538
1,0.0650218445853768,0.48085494042136545,0.03870864804213438,1.647059868312383,425.45461107571725,0.5,0.5645081897647413
2,0.0854937922100501,0.48217722030341176,0.01463495611773185,1.6788319161815963,410.78543391151675,0.5,0.248561271608994
3,0.05975303085969378,0.4189865868745333,0.02768871361171022,1.6953644696146115,369.00199101669267,0.5,0.11217240839759879
4,0.08130324421281247,0.48850837590921525,0.036070931406563075,1.5069408291012778,254.7051935754084,0.5,-2.5420817236157744
5,0.0827971650451666,0.44986128079672205,0.02274941683949111,1.923039180013368,181.97932718703933,0.5,0.5188422442342799
6,0.06888940068064844,0.42362682530102,0.011642294155120731,1.9414316591230767,327.3471441914812,0.5,-0.6267251314421429
7,0.08320046092083386,0.49753999611497113,0.03044498855141052,1.6981541673173448,30.08096587061368,0.5,-5.729236695272228
8,0.08851921325326802,0.37276263715755276,0.00854841269636995,1.4637985737146828,32.294638706587634,0.5,-3.6884118384398947
9,0.06582513577124098,0.4476875969406089,0.03285365791331553,1.7730230831023754,259.5283923953333,0.5,0.4341487260929031
10,0.08570785596682112,0.4540627510012111,0.03921433721719375,1.7580299453813883,420.92015894073734,0.5,0.5262979957065452
11,0.07896937591994155,0.45200591399933154,0.011222113459762475,1.7564812777543475,445.17607848789635,0.5,0.4046924853173869
12,0.06284686262880781,0.418660371069119,0.025594046935382926,1.9553006969680333,480.4746219632341,0.5,-1.5782306703737694
13,0.07823261754726896,0.47470473619554715,0.009781976886407348,1.4968577653859418,316.6394997762732,0.5,-2.456672504564483
14,0.07251687497797321,0.4039735223987273,0.02196926325246218,1.4216248077605813,459.3184996323773,0.5,-0.3200565965507063
15,0.05016217641430979,0.3791632896379135,0.03562218975581169,1.4337919388462599,451.72192019216385,0.5,0.543437471755388
16,0.09422539917826794,0.3718347706177415,0.03226847835881094,1.822523914557857,293.5740805876697,0.5,0.26957697649551204
17,0.05352707101458085,0.45847884556278506,0.011460093407769215,1.5531589124857654,254.41908616670165,0.5,0.14733600026453808
18,0.06281487592593238,0.49358944370610086,0.037358265063164114,1.4893631296870893,102.01921294099104,0.5,-4.798478284479426
19,0.06011701967356287,0.36760053890985145,0.015685249187641852,1.5375975166250506,210.22930018013017,0.5,0.4949597043245759
20,0.0699976135563689,0.42786105828866433,0.019919878052528702,1.614621517067577,290.0313631412716,0.5,0.5156570490712067
21,0.05340958687175418,0.4487042712753135,0.011093584114602604,1.8859807330166036,457.4498638359479,0.5,-1.2818248544523398
22,0.07881115106148948,0.48485862246188893,0.019521643637112215,1.6721920312553356,494.7921402364972,0.5,0.45663336476977023
23,0.07833333741709138,0.46681248766376376,0.02548100849978893,1.7825827968169041,282.0593453110865,0.5,0.551798579214412
24,0.057298499207638943,0.4537056038869578,0.012058897550038946,1.5995598216941807,352.06884300400566,0.5,0.45843511383007096
25,0.06951074593240487,0.4359970169105606,0.023258597518512943,1.6107092664775173,170.43439316306285,0.5,0.2626143202511998
26,0.07226460490955854,0.47053773076685157,0.011412394998661866,1.9723099661781958,229.64392562552015,0.5,0.19147721684077268
27,0.09073747528389345,0.4575256018615677,0.019941172487945098,1.6816991844109739,406.9545452607452,0.5,0.3369352992273047
28,0.06756333823464884,0.3627446393897249,0.03464350473213289,1.8979068330092592,226.63442059004808,0.5,-0.9721918284773274
29,0.08416896258495585,0.47494720638613575,0.032535554327044525,1.9325220404339536,432.1256601402902,0.5,0.31544379765824426
30,0.07391985296793419,0.38516559759499164,0.028062109412231365,1.6830086206039538,121.32243465116213,0.5,0.5550424574906313
31,0.08264160858900213,0.39549676440686726,0.008926488241750598,1.9581274782355385,84.11849581811711,0.5,0.4416211088396512
32,0.07979889468252147,0.4196284340394146,0.022390664177961234,1.9264008032093698,341.39965550016,0.5,-0.10364235140051736
33,0.07489238995157907,0.42515364002049916,0.009067558717930316,1.910299246931254,222.16068577144853,0.5,0.09757339577275992
34,0.0815968035019238,0.45635537961519834,0.03313198312215527,1.450104877817996,186.10666647602392,0.5,-3.6232512350448296
35,0.06215698196264789,0.4693297530087466,0.020000818020601177,1.7479068993801756,77.66462548933971,0.5,0.19425437897381925
36,0.05583622399911388,0.39292155499549314,0.038933252691949166,1.488507766912885,352.80698998712376,0.5,0.5569932494703835
37,0.08640821792438381,0.3839533211968321,0.03857277409817651,1.527090313599696,413.3188939148139,0.5,0.3662551827803724
38,0.08091984155353686,0.37861248422771876,0.022253112340228746,1.654407098012082,107.66016024727023,0.5,0.4547193911581
39,0.0625030453464483,0.45983144494908507,0.028384507955153303,1.5940118607742688,216.99297842732696,0.5,0.25102059847447156
40,0.09818447658545035,0.4643948670606059,0.02602170690937895,1.8681902785253344,238.64874747050993,0.5,0.41931714839655754
41,0.05709766019676018,0.35216918162758365,0.006405193114388564,1.9706960397064925,166.93793991767743,0.5,-1.926867627866279
42,0.09496228609180751,0.4617579629937437,0.015792437269790464,1.6730770225794873,214.1003322033514,0.5,-0.36785053025772374
43,0.05825827090725876,0.35099142933536515,0.03483804259508718,1.4853298103512356,386.6315221911028,0.5,0.3914379075262958
44,0.09642095334579677,0.49124891648195723,0.03680747884362126,1.9645870501066758,389.54755903068076,0.5,0.49463638667105103
45,0.06772702901600151,0.4338859375510168,0.03889297445895365,1.9833061378670216,390.39914429951097,0.5,-0.8814374972222785
46,0.08127243170347416,0.372341612426775,0.022951713129017445,1.9629731892657334,296.2650922446681,0.5,-0.6114799664647903
47,0.08571985696003998,0.3623951569522984,0.008337610429075213,1.7705498094442809,250.08174986691242,0.5,0.17683169260421372
48,0.09224908132462442,0.4331094119108637,0.02132595152415937,1.631527524641193,331.4197906372555,0.5,0.184654008698242
49,0.0695852030002689,0.4553045903229048,0.03142395007922029,1.6742950267581649,247.4745516905717,0.5,0.533858011014053
50,0.0678191422251239,0.40723609148953793,0.01468369848901845,1.8520108399901212,481.25628377410004,0.5,-0.832755718703752
51,0.08343919240834553,0.46503387187056255,0.03387741192962683,1.621095796739146,116.32101534197672,0.5,-1.3548171952849009
52,0.08802161219751611,0.38703024786733653,0.03164804214863508,1.8721784835602613,205.3908708896234,0.5,0.3102082104210676
53,0.0997936721343761,0.4559566058673473,0.012133123354953295,1.5366711924895518,433.32220764734586,0.5,-1.5962542520677214
54,0.09087297230877489,0.4139961921218893,0.03949224355775091,1.6282237259039891,148.84796486237101,0.5,-0.13703504981076287
55,0.09173382108555901,0.41348244699081815,0.028153641197076192,1.671862821908144,74.01569059744678,0.5,-0.5857772531311418
56,0.09481281407257061,0.463617299824309,0.03103560044414184,1.7925679105742098,408.45815843151587,0.5,0.4805971164661589
57,0.07685727391920703,0.46167904908361324,0.014365529787291881,1.9603768690954801,94.58254523501571,0.5,0.5648747094302776
58,0.0770526221553958,0.39580793503709505,0.033611361154567795,1.69147960174122,45.44850631318738,0.5,-0.07167820378251477
59,0.08115648790300871,0.38544682717315,0.020310922431825522,1.8288084626851626,302.2021104617974,0.5,0.013489800609800873
60,0.08859012173438599,0.3536760665812785,0.03504948093105237,1.7638185977149443,178.87136894977843,0.5,0.35310320196189104
61,0.0857884333971422,0.4905530060757055,0.035506781321984766,1.593503009995158,294.917565271169,0.5,-0.9040936355307383
62,0.08038412954770413,0.3595425765664997,0.024755384299381247,1.9796663398087042,383.8315495664414,0.5,-1.1374240310847417
63,0.09901558277616981,0.4000427979315117,0.023102654183312338,1.9350488367208034,464.38203013303223,0.5,0.14828705537466758
64,0.05171995549129149,0.452652881725331,0.025640041091482803,1.6338924233991032,364.45549143275764,0.5,0.4679324750264381
65,0.09015866196692295,0.3732236135438473,0.03853856173551659,1.4534180614052632,105.13806007987645,0.5,-1.5513977095663
66,0.07525427249919645,0.37296608836701245,0.029621608244644455,1.9529202708738196,438.1047521181523,0.5,-1.2790863514432065
67,0.05573526917879466,0.3821311443521014,0.009540269042881837,1.603437952590519,297.85536649643547,0.5,0.19809342525744444
68,0.08879956995907148,0.36182899686426684,0.019076390491045286,1.7506281206148575,60.92801723871702,0.5,0.4530421384552197
69,0.07183212583021908,0.43542370698014266,0.01606540602731857,1.9022384724966033,349.29349149904954,0.5,-0.21110569762478226
70,0.07657614219591255,0.39964040997947103,0.015712006727117867,1.482988532468901,348.41817977359295,0.5,0.009093423695063274
71,0.057759716242332684,0.36596289441440183,0.014138496010765576,1.6947072982405227,344.4852819104744,0.5,-0.7007817179201401
72,0.06724387573401355,0.39657614268576713,0.01989320515956746,1.9544377872201446,461.73913577744656,0.5,-1.5687503037163109
73,0.0921516129898716,0.38593318928814896,0.029780431076775023,1.6934738657527735,406.04495662482606,0.5,0.43861644539788947
74,0.09571996928849573,0.43564953281025715,0.006912565760765997,1.7144118774161512,323.93067658341397,0.5,-0.0475165912244353
75,0.0893890096092851,0.4094383324861917,0.017832586378320484,1.500900908289044,142.70761724640548,0.5,-1.4569611063637002
76,0.08720477591849951,0.39757479586293304,0.009121346318650279,1.7123232950910237,28.778749783801977,0.5,-0.9469415028465689
77,0.07309253048070409,0.36985528041530497,0.007628164504913534,1.6304325925282495,365.0140834092912,0.5,0.19818994624488073
78,0.08420556208976905,0.49797364062087046,0.01946830941989796,1.6423913934548815,360.5964260857616,0.5,-0.15203330448753904
79,0.08239127744038573,0.4784062932352088,0.02201275953614544,1.7213548451195326,98.23455937418748,0.5,-0.6699464481414437
80,0.09039795901825248,0.36243841120617204,0.013949882571576842,1.6999754192811356,66.42699374637064,0.5,0.3371896784756696
81,0.06452216765692641,0.4675296609462506,0.024020014359383838,1.657947304107429,42.01093254228251,0.5,-2.0775241280943915
82,0.08429705262066284,0.4345650348544249,0.038778064331332074,1.7722162565083726,417.2291939820295,0.5,0.4554543681414098
83,0.09157103215657014,0.35665770061474367,0.03808781808081388,1.7787004492985328,430.85685275675644,0.5,0.022175530658613662
84,0.08363055903675184,0.4526969447609439,0.005235225697388033,1.978786068453317,490.84972416383533,0.5,-0.07204468638656669
85,0.09270047783343113,0.43638036778204486,0.013855983235504112,1.4643917686571766,51.293058541555766,0.5,-7.02753401461778
86,0.08326336610084586,0.4972487629354899,0.013805558709673515,1.4726421897221273,478.8535829023997,0.5,-3.0559603296603832
87,0.06467032987346946,0.4165675087798012,0.025586393518099642,1.930727974842927,187.1523435279404,0.5,-0.2749902067007479
88,0.08986096399264773,0.48721584924216566,0.029414353223347154,1.7670605293045172,131.04703547396468,0.5,-0.414840434385223
89,0.07433765742900925,0.39980537256202997,0.023723345977025422,1.4946296017244003,264.9200179046524,0.5,0.08869696694378204
90,0.06622900596175212,0.47607535593618927,0.0183105828228158,1.9101008483886832,273.49219311276704,0.5,0.14789972889959735
91,0.05631386725945393,0.45880226023660087,0.015143411448051806,1.7781667311028813,284.2984074361959,0.5,0.16061740214955733
92,0.0864227035961439,0.40607928441169655,0.011448697181701082,1.7844824625908797,414.1968913784128,0.5,0.2689303659733273
93,0.06194615354704776,0.43832343580347344,0.031047718860835193,1.6101190884149434,348.73149910693695,0.5,0.5609061892047427
94,0.09386329483418884,0.4195124748694705,0.03008112509160947,1.5212706521354205,90.24712144873469,0.5,-2.703203575923576
95,0.058532737952535004,0.4607623375399468,0.026181639228462218,1.9495282996935557,340.3189114804031,0.5,-0.7463958378139721
96,0.09522532576109531,0.38300849923676933,0.013905497637359642,1.450408833848635,58.28365125069696,0.5,-3.537600186429427
97,0.09540619091281889,0.3564186228323364,0.039151611220935495,1.9772626228158048,436.92190047433655,0.5,-0.4346269203152029
98,0.07768483898666442,0.35609712619958805,0.02037014332484691,1.4670563230286702,322.9958954803375,0.5,0.3798017921596193
99,0.07620471675594938,0.456581624950479,0.03612706454600069,1.7879274991372824,361.032063859083,0.5,0.4756873853735313
100,0.06687223237846135,0.3835619234703258,0.022083264310125326,1.444360790086826,126.76462653418517,0.5,-0.5977863713082479
101,0.05602934090869017,0.4851956470806986,0.021864015364099956,1.5354074285890889,111.61756394733996,0.5,-1.9280543031699033
102,0.08817104870839892,0.40596221652756326,0.009664932999350083,1.8542145194700799,304.2808675445533,0.5,0.26845516855368434
103,0.08600969504141677,0.42680959324875173,0.006367779919454962,1.850971943857418,196.11864756237026,0.5,0.36662124693497944
104,0.0680121649254081,0.36488660526740324,0.009146434947833477,1.9427319387844282,351.7638857023468,0.5,-1.6583300056267585
105,0.06434213183915685,0.450392762455343,0.022530974545789315,1.916362198897239,301.186009160456,0.5,-0.28437172448781656
106,0.0945853039569832,0.46961464362226696,0.010745282222246404,1.5571178989009484,373.9708092892172,0.5,-1.6074850458463708
107,0.09720914980265058,0.4830929891696948,0.020101065717277593,1.9977071123482355,318.34535669874975,0.5,0.4998426493596594
108,0.050194445561356195,0.4151076543544608,0.020896388981100893,1.4343462315740751,305.3338311764299,0.5,0.045675465950887784
109,0.0529523723980492,0.4113769490545431,0.006713265238354406,1.7395108512686255,203.6747895730763,0.5,0.06249119409083981
110,0.09400015578610335,0.37537098728949025,0.02307489186862837,1.8412968135751437,115.87649594453995,0.5,0.49401987141814474
111,0.0681977544961732,0.35418749612666445,0.033038607130863935,1.8448315581236,396.3793208396167,0.5,-1.405441547741153
112,0.05980894354222359,0.3697544565594397,0.010591381011726351,1.8808467020464104,178.01623815970004,0.5,-1.0164155185715464
113,0.08219975728365303,0.4282734230742259,0.03451129905123818,1.6033528929145635,265.81651171969463,0.5,0.2532004952864719
114,0.0875470252596227,0.3569571921739842,0.018103287220951284,1.9320273375874502,138.77763982427763,0.5,0.09593312718948754
115,0.08764171589392,0.4904700296388139,0.008086937762296749,1.8886386784245797,300.81770433812045,0.5,0.417752904282214
116,0.059140974731887404,0.4729880876405977,0.008072082780226603,1.4494400163295869,336.35683889199345,0.5,-2.924151724445507
117,0.062021821468215374,0.4215663556292923,0.01728941512685501,1.6087804468049556,388.7622307023804,0.5,0.45797750085121525
118,0.06869650870951113,0.4132544725788024,0.02840688618383352,1.8741578463717805,401.9159885733508,0.5,-0.602491469222227
119,0.05693210390545152,0.3800037529654356,0.017412832815537536,1.8211389219062484,254.097313962018,0.5,-1.0409250637002367
120,0.08443995559696368,0.43408862787118796,0.012810083453044983,1.9478651744516875,263.7724846983179,0.5,0.2514274536650166
121,0.0650845556213625,0.48431735489716465,0.030143515562160137,1.9514001658156466,451.15856789073507,0.5,-0.4086407650375783
122,0.08262975419601715,0.46041265799592745,0.006218884086019449,1.6655909766303856,176.82760584330956,0.5,-0.8244525853300606
123,0.08464006195495198,0.46722708175047856,0.015454997081582988,1.6801616464289966,173.17526411575147,0.5,-0.1739188008053021
124,0.0641197915878807,0.46524906778994,0.030023737468976124,1.6291661015313736,172.44631870285087,0.5,0.18754520960525745
125,0.08290509822175393,0.43605530092448935,0.02885897294473135,1.5978047941956062,251.29793394557447,0.5,0.07194903912323736
126,0.0665795489311897,0.4684066309709851,0.010929342385403103,1.4600015676760463,62.75738663358298,0.5,-6.515600875536095
127,0.060884990353366926,0.3690006892073653,0.02101476986813288,1.521500582262296,152.3173854290085,0.5,0.5148703293967253
128,0.08942019684493377,0.3792633437224493,0.02422734721565033,1.5518384609313813,388.65747696398074,0.5,0.3942369991791774
129,0.09512321837835315,0.3826216340399254,0.013433552264734111,1.4903322737293225,339.2854635420146,0.5,-0.38556487349630086
130,0.0736477010308608,0.41431755302297846,0.019655538882970475,1.6242493239495215,86.96357175227051,0.5,-0.03347632857103511
131,0.05073031019902985,0.3506305268348351,0.010149100539678647,1.5395276418340385,49.3039334182029,0.5,0.4254686788018792
132,0.08173081846939742,0.37902846771976767,0.012569861454048533,1.8762689270287474,109.2848383902807,0.5,0.3779428202197478
133,0.08629429777594194,0.3640516893243546,0.01979450296808862,1.9128544257649083,220.9081702609891,0.5,-0.10316595699001518
134,0.05297772470567738,0.4089773305206921,0.015509483291607718,1.964348539120207,283.12198597000497,0.5,-1.8952846182739833
135,0.05430672391406082,0.45361242828142123,0.005540605739792434,1.826023973765792,63.28372133019289,0.5,0.3855936143513179
136,0.08075033718020638,0.3928251995316617,0.030039621835941898,1.693541818386249,473.4953954361134,0.5,0.2876410210693533
137,0.07397071564197186,0.4842297144468146,0.03958761144871725,1.7909444064464028,182.99293181092423,0.5,0.5106808730627186
138,0.051636437748428306,0.3983566702988483,0.008454992513671641,1.7223180480606588,477.2829665326502,0.5,-0.8562533856344707
139,0.06180098320423981,0.47433250619381495,0.030714769944860897,1.9260545580334383,479.9047253893931,0.5,-0.6418908072715241
140,0.05758506489213997,0.4279956109415322,0.02678611352003894,1.6904050636203958,127.0932205218834,0.5,0.5854169890092231
141,0.05488956406076515,0.48629246636356294,0.016544872396669463,1.9423899304609735,343.0517867745502,0.5,-0.6291159849278627
142,0.07404337943619149,0.44839143101801776,0.015850957646540285,1.549879400831292,103.71332528490763,0.5,-1.5665810676147096
143,0.07235308409188601,0.47730082074545327,0.021771109563879742,1.8696706130917582,113.03199561561054,0.5,0.5437154893213756
144,0.08813989380583698,0.44620205128165674,0.03639858318043063,1.8925752144521852,151.87638387193977,0.5,0.5414244369508074
145,0.06363776277235521,0.49205034337187703,0.03535554247454446,1.464804341324763,107.25737964166973,0.5,-5.577107427594498
146,0.07718443008182704,0.40485591351613387,0.014765324709703227,1.5603687668128312,277.92617795411405,0.5,0.3256627419159396
147,0.06289317465098783,0.39492396669831675,0.03845153481356438,1.6402257120659893,434.9298810744644,0.5,0.13637682751917213
148,0.08994780826445248,0.4847166218542482,0.029252495324093672,1.976599273046495,449.69691426236557,0.5,0.3718560872535528
149,0.07190873667002069,0.41941770627314023,0.030898451577679346,1.5118353795839243,421.1769542886279,0.5,0.32651472465759224
150,0.09729178590320267,0.4467849129902375,0.011277516316502506,1.8669031129628584,361.9784958275749,0.5,0.45190213180072036
151,0.06459828682289884,0.410917995023924,0.021686454940567198,1.5362124385043376,377.5385555471697,0.5,0.5078652043574688
152,0.07221724356573853,0.44586847222396664,0.007138243550083747,1.435082984514863,416.63078069664857,0.5,-3.127501968623892
153,0.08017169075987723,0.42898929680812903,0.010779510203029544,1.751615708042268,154.75621533211032,0.5,0.46846876205167254
154,0.06378877918488438,0.46334238212672285,0.03766913003164357,1.842375678426316,257.87105010542473,0.5,0.29648208195816406
155,0.0790970961136081,0.4397560070804184,0.007860171906995141,1.6794960690552736,79.75977490741366,0.5,-0.5500944307057087
156,0.0968700980117892,0.4218910545056381,0.028965729126104088,1.6255094337826284,346.49780030221706,0.5,0.1570301238383608
157,0.06616148244846506,0.4355011723996972,0.025193671793058432,1.5189262101092775,219.34795143551452,0.5,-0.15261949069548097
158,0.05619134995934657,0.4242102471516393,0.03470673874500169,1.8313158814622774,353.7525671644633,0.5,-0.73374821431447
159,0.05578002888334543,0.44755313217234294,0.020309110292304897,1.936177981085061,236.81784876404836,0.5,-0.600047867959119
160,0.055305566369714475,0.4456936364889542,0.029675463906581892,1.6142287933301218,181.555431054767,0.5,0.5075511481630676
161,0.09880075942038474,0.4315154052838074,0.010316440176095882,1.5590248102609974,221.19786740995812,0.5,-1.4568104757590072
162,0.09563137276441683,0.3926671842869843,0.009733995322724186,1.6430541625399628,368.35865276732767,0.5,0.2648523297588077
163,0.09967455228564637,0.42584765321531387,0.036328654736180604,1.9548988910871157,100.1771799000128,0.5,0.41210659322210264
164,0.08953907457154295,0.366838686758909,0.03839826172846533,1.8648043062350816,206.20298148332603,0.5,0.19939721592921877
165,0.06908992555931663,0.46390014253344625,0.03206194774389122,1.7642060968711213,424.7518120463213,0.5,0.38586078856070727
166,0.09605669553908998,0.4257983953936937,0.006766551124568137,1.9033186946912204,174.9185096955996,0.5,0.3841433689614768
167,0.05320047684965114,0.48163132256495533,0.00514047471292389,1.6078743901736334,99.63605277999771,0.5,-1.9254291251631321
168,0.07990691342645634,0.4106891024749116,0.03751775335700204,1.850536265058846,38.67443117760548,0.5,0.2129111005363118
169,0.0502611451954191,0.4488491132251071,0.025734893775886992,1.7753762040113006,265.49312919285495,0.5,-0.041901657335849496
170,0.06142885430576815,0.46837486134712175,0.010469697150285567,1.709568384180798,374.8230278787146,0.5,0.40801804412826237
171,0.06488067452718126,0.43652320594714217,0.017740465143921955,1.5859829807714774,459.92563274109955,0.5,0.5050892381684124
172,0.050381105557904045,0.47581032132440204,0.03429037098606104,1.7265292312994065,278.85902377601127,0.5,0.4298041284551598
173,0.0702472303420671,0.4592686121998876,0.009549289774718297,1.7344479464708158,34.238206755677574,0.5,-1.3247531741623364
174,0.08981586973066748,0.40422692154344136,0.029398308827175257,1.877974338219757,192.05416998862958,0.5,0.4471719799811422
175,0.07518687690524169,0.4982529091848473,0.03393496586075541,1.8344720303375892,185.42590942367715,0.5,0.5230921866908267
176,0.09344310347274651,0.46289288872303347,0.03402105104450266,1.7773432233366995,159.0208474658973,0.5,0.0504303056879597
177,0.07555268060841594,0.3956678139396866,0.029344895060280072,1.9570388061300719,179.00977042140215,0.5,-0.12012429394110113
178,0.06073423319505995,0.3524049226712469,0.005847533381915354,1.7869199344671642,370.38717326207586,0.5,-1.235300294300083
179,0.07928435175277918,0.36020584501394,0.011741870603344404,1.4398987759841662,293.4729327384647,0.5,-0.11241385304484441
180,0.07467383083463913,0.45950954809492917,0.022697811261151658,1.7887757247227292,68.62975161359238,0.5,0.020957647744005103
181,0.08495276560059756,0.3562849584226049,0.03128809087864788,1.8405864975924344,441.3237315039124,0.5,-0.47070613758268753
182,0.08433108331869173,0.3685804406897344,0.03498099367670829,1.7611954755891501,197.57143977572355,0.5,0.36638526532882976
183,0.08354607799546873,0.43757788802839903,0.03572642164808018,1.7148951441930196,383.0159923220345,0.5,0.5283077780516123
184,0.0703859852359087,0.39415743877802073,0.010241011420981331,1.4292945736577576,319.1083195742863,0.5,-0.7718939832640757
185,0.05052338931798647,0.43425114676682164,0.0076796549287997985,1.6042892442478316,75.20373589037186,0.5,-0.1564397038169849
186,0.07112821377599601,0.4390133094872125,0.015591553002242485,1.8217377612203913,472.3922487801409,0.5,-0.09539897307236256
187,0.06693159126781462,0.44277501391596985,0.031173872258381783,1.5960359650848548,354.7995548866191,0.5,0.5232991946919572
188,0.09325441936489712,0.4812177955731738,0.02929564160826947,1.439379673337833,357.45274488033004,0.5,-4.457468965561
189,0.06372612549706991,0.4790645973423599,0.019172974006835437,1.7201368335647493,27.508097617835507,0.5,-2.697610321648005
190,0.08779664164985043,0.4160774965822167,0.011607434958986532,1.9043623776135088,441.9648907187818,0.5,0.037797722362861386
191,0.09135624679688066,0.4162986719667468,0.03833456912519377,1.5599063183023238,78.88127172522796,0.5,-1.9799923320190729
192,0.08450999368334006,0.36826810586907643,0.02412137495964518,1.7042953013025528,482.98616458273136,0.5,0.11399369130762438
193,0.0578420154868845,0.4970506781290005,0.014004221159431656,1.4778710476811636,142.383502160951,0.5,-3.6397817331125877
194,0.08771816888025791,0.3919900266932325,0.02176313075974173,1.5582626015092502,429.3590616172234,0.5,0.3918028955101608
195,0.05399528801119302,0.3583664503907434,0.02014933063743862,1.98749703681652,67.59362701100365,0.5,-0.8754347450327904
196,0.08236886254816506,0.4205193778291843,0.032948547203145925,1.648481208604628,36.27333436761748,0.5,-1.9088885827088218
197,0.07463098192460427,0.4472615666005529,0.033815918093909075,1.515735579487416,37.00249397819891,0.5,-5.977187625677172
198,0.07625325823274946,0.3517151228972382,0.03663187667940028,1.7598943590088536,99.14973210692148,0.5,0.40201111823274593
199,0.06227010246584255,0.3642758900470872,0.020524000815045063,1.5040476463283818,183.57980291209967,0.5,0.5118916380434033
200,0.07629453068476821,0.42731809247477476,0.012375600323444794,1.5066887432414573,433.8365453550077,0.5,-0.19293443260033394
201,0.056838488299448674,0.44260397509227534,0.006038654196819471,1.732334462080677,311.9832988281557,0.5,0.16263066772116108
202,0.09287317704609949,0.3766761722758618,0.008365273732325203,1.550986707173471,497.04302598049986,0.5,0.01024274827509608
203,0.07031976747411814,0.40286968053594846,0.03898903807190841,1.84257998300284,174.16164930084742,0.5,0.20537204870555448
204,0.07087035254162333,0.40666376359943107,0.009599634380550701,1.8011637310112574,169.12375364499204,0.5,0.31569539726590323
205,0.06538090404032511,0.3977818679967553,0.033507220417499886,1.737411577944371,162.0958646532567,0.5,0.4118477708678636
206,0.05123142646438693,0.4371575781498963,0.01587589746663742,1.5686376120601202,212.2862836709012,0.5,0.47193919597831113
207,0.05419693575270383,0.4011820603348506,0.03725414702167405,1.5181498464711831,87.01809614807279,0.5,-0.11448370460415025
208,0.06171340732998612,0.40878230476847144,0.02265231394626657,1.5902521621623809,181.1103100608731,0.5,0.5330326733628696
209,0.08710859079367786,0.4930810220392602,0.02905149584307471,1.5522517530430189,27.827327715589334,0.5,-11.478362603376242
210,0.05965550161238557,0.4578989017229942,0.009946473785371918,1.6122389530143415,224.54725678102935,0.5,0.26434643530790236
211,0.06683489346919852,0.49143130875491253,0.030592469230072084,1.8062141277659187,493.4118957754172,0.5,0.29283773463151863
212,0.06648492739973164,0.4680646227202868,0.029085188594195656,1.5548337154361516,58.67376759821569,0.5,-3.491191331018288
213,0.09832304500926863,0.48330384817785665,0.01904045782321119,1.600106139459879,101.29264523396108,0.5,-3.8401893318871174
214,0.0764836852610612,0.3522198469743083,0.012231641213574597,1.5813962072037453,329.05193643768484,0.5,0.3404068253544814
215,0.09916607172116736,0.36370786336656014,0.008127947524636903,1.8033880164905116,337.828181001529,0.5,0.2424373659353578
216,0.06940332223531463,0.36692389454719143,0.011769873714701862,1.7108336989553767,330.0400567719528,0.5,-0.2054260336867384
217,0.09756450823289653,0.4542625287534612,0.032395578821468055,1.7665807800591586,162.9329800982006,0.5,-0.03278435140963576
218,0.055481836599334255,0.3587605537791653,0.011935121592706882,1.584155343942628,295.2973759967638,0.5,0.013279013786983263
219,0.06562764569823357,0.4308272772988087,0.007249689354138746,1.4951082151177952,310.68138105401783,0.5,-0.9755140497886663
220,0.05099101034154133,0.442056771736614,0.03722778537374549,1.858979415958159,193.9492576114175,0.5,-0.20728887125157747
221,0.08228209716350904,0.4202294301768066,0.025312066016996357,1.782424169984311,423.282363686574,0.5,0.3085063638294807
222,0.09568004824338786,0.4945665955444688,0.03433485398479803,1.8239492734049445,258.5699763588872,0.5,0.22959187424153116
223,0.06066050707103732,0.44439803324076377,0.009636218794367466,1.753469351037812,475.18748040587263,0.5,-0.07916587790635354
224,0.08621619414895937,0.37945973872064764,0.017372084652083772,1.5456491302390707,311.51362651616085,0.5,0.3471833932411623
225,0.0749426753192189,0.40151907510899626,0.035010600834754976,1.8789895496961084,476.2556483640401,0.5,-0.6021499252796527
226,0.06633839709260926,0.477616072480093,0.021538423537452743,1.7953821837331354,197.1966014584219,0.5,0.5738583461590139
227,0.09595878221920334,0.3577229137875543,0.02901057825084323,1.8150994375908418,234.60788570477936,0.5,0.29813211234114834
228,0.06976400163155903,0.40974616982609846,0.009229278978469549,1.9518107884212597,390.72352828934254,0.5,-0.9745121640085268
229,0.07644795889808514,0.40017482794538906,0.022306878646309557,1.5719857339995973,102.54110109521125,0.5,-0.13458365914167691
230,0.06766964541470287,0.36957736187674783,0.02855462223031893,1.448731447900854,171.9128568583561,0.5,0.056367490589105285
231,0.08457015091263648,0.47119573748704957,0.031731971820902864,1.7876600195961247,300.404155749394,0.5,0.5287700628344439
232,0.053725756951946625,0.440242540870187,0.03338772043722604,1.7072965660551385,366.79369978411177,0.5,0.1075002860589046
233,0.05542626306797865,0.49178428723171996,0.022792640335844667,1.6118660380233945,345.454179652278,0.5,0.4803197429674989
234,0.08514071247086547,0.4777795240068258,0.01220188870531785,1.9066139108524605,499.1860254649308,0.5,0.31006642574909715
235,0.07277853678831216,0.4296348447641686,0.01502523895200068,1.9562551204293626,173.32236888546993,0.5,0.12593086089188654
236,0.07811247590474224,0.4823417124777982,0.017603896533375074,1.6407834888783905,268.1938868799686,0.5,-0.007486794261996721
237,0.05425458866546432,0.3843492226794498,0.007321902261096882,1.48736706897732,135.5542772176131,0.5,-0.1494910199670052
238,0.06203340154654101,0.41035035848125984,0.03938509681723486,1.5082991151452736,493.4928278536548,0.5,0.5426300287127599
239,0.06661604124659617,0.4431741934832599,0.020401626270670138,1.9565703809163728,152.59805778085024,0.5,0.16825225690112666
240,0.06429990908739817,0.4385413843433227,0.03192766638980377,1.6998568160837135,400.07350291869943,0.5,0.3531072762066636
241,0.05063338759125176,0.4254187374407862,0.013227283468797927,1.5151366717702477,276.13142110056214,0.5,0.37620120994933004
242,0.07729761015400409,0.4223576603704642,0.007983047020989238,1.8823168423064784,321.8322421950251,0.5,0.004058886521473792
243,0.09898892487332911,0.45995099935211814,0.026286179180100174,1.8109910570677243,420.07187804000307,0.5,0.45459232740556066
244,0.09159472344516681,0.42290403890694417,0.03866530803725138,1.5927859810803338,200.3552215742202,0.5,-0.31713404198101625
245,0.08376108270511892,0.3666163358476562,0.023266945777726887,1.7115792228560733,448.06954913458947,0.5,0.08965958506708449
246,0.06440311910171946,0.471695939695556,0.024949912589569512,1.7690387029234367,116.80344386016485,0.5,0.4849278419095491
247,0.08686700294139146,0.4545122561028813,0.03272873677213304,1.4528067602476944,118.61228942988814,0.5,-5.306469849085957
248,0.05218946996782842,0.3871409671653837,0.023008770476252056,1.6501201221235942,167.28386993818904,0.5,0.31116569635083147
249,0.052469575700731616,0.49771949253424097,0.011805044731002676,1.9338839063007782,66.99565756655784,0.5,0.5541751091777762
250,0.05874004910835473,0.48813186369430894,0.013572624823503155,1.809219605609745,164.0191855146838,0.5,0.5395839463948251
251,0.05949803473480514,0.48750206524366047,0.014288970458378505,1.7356927247694083,56.71943487636115,0.5,-0.5004476720238729
252,0.0962078965104455,0.35350246773949867,0.02353779437315632,1.6027569561422477,367.6260600509071,0.5,0.4335399977803933
253,0.07888393247839676,0.37622059957723497,0.03546360179969425,1.8055157580897003,242.29204744367993,0.5,0.08466372637394037
254,0.06716003638447636,0.4695614555299404,0.024514913585720072,1.523703940093037,319.67678549255953,0.5,-0.3555594074362953
255,0.06587623729403655,0.408438233187819,0.033829485943149086,1.8826281204357138,395.79840850652937,0.5,-0.8529083715436547
256,0.05804962739291361,0.45324803294770916,0.02107475079514213,1.6191607443562155,153.06459399502347,0.5,0.332229305039872
257,0.09205463067216416,0.4642455337252505,0.03799761378543154,1.5423229636376845,471.88769247388166,0.5,-0.7224396261759554
258,0.0997325187327571,0.4316392340988784,0.008218047242641977,1.5169817443673905,415.53103722990863,0.5,-1.9501817878499579
259,0.09626456723303799,0.4405039458317422,0.021232136166738316,1.6754629226903983,204.2043517548912,0.5,-0.12172594733670317
260,0.08379991178542409,0.4962665028584524,0.035877945691789766,1.5314812824987842,458.05740875545143,0.5,-1.1987435194342329
261,0.09775458981271988,0.3819399355658215,0.00802222906494919,1.5852390368237064,324.4949794275763,0.5,-0.1153441360100862
262,0.056455955780899146,0.4883031453218898,0.013064778650222732,1.5556971647401672,169.88977283613258,0.5,-0.8175223111180683
263,0.09239528915654074,0.40547064739363964,0.025900903856021222,1.96566230191539,257.2246331552695,0.5,0.23430392822468393
264,0.08084993000482309,0.4698404506526801,0.0072233106970416155,1.488255910035421,292.79559268232276,0.5,-3.6874967189402152
265,0.0509337094331754,0.48667197122783634,0.012984123275809107,1.492113818258721,228.10956328919548,0.5,-1.2828197553539291
266,0.08392880285194614,0.42213535545075576,0.030371946477761935,1.4959814488132397,252.1749374452296,0.5,-0.7761758505527938
267,0.05443720821401498,0.47447101241393674,0.022582227602970264,1.6775539111857594,401.1066115226704,0.5,0.4476508375812992
268,0.07347960538563178,0.4943239138265633,0.023663121599407616,1.7278777156395178,325.8884799794521,0.5,0.5203545286937152
269,0.05461501212505446,0.3671679302768856,0.029934405907788925,1.4834567953031395,466.74284129257626,0.5,0.400446002457749
270,0.053859970803136606,0.4896196148343508,0.008650304483000387,1.9235309378027377,41.726360469954244,0.5,0.3615712084247834
271,0.053024874031518975,0.4382631618664327,0.023931296876052163,1.5538425223601642,39.64908260825378,0.5,-2.2646229596313194
272,0.08978937921951796,0.3703818894897021,0.02205521047962584,1.574650003981777,327.0622970424748,0.5,0.4374259473119315
273,0.050095730007447124,0.4667180307220201,0.025781757905259196,1.985658958971317,41.17758647873431,0.5,0.5334819054418498
274,0.07950000073364738,0.4391736864141414,0.036846176906307496,1.928794976829917,177.49904155857567,0.5,0.4499193238437599
275,0.07446887949950895,0.4587232011284046,0.029472581661158126,1.4379275971168828,430.9853142501281,0.5,-1.619584017103333
276,0.06923521640742752,0.36419349689089114,0.0362184186391899,1.5130151224818544,184.2992416226169,0.5,0.48515576892216916
277,0.07531416396133217,0.4774385882391843,0.01765187182097311,1.6175315236758345,437.09887764277363,0.5,0.3050797895869305
278,0.08634400088319359,0.4506579269656692,0.010675386396811067,1.818123206591888,185.60121543698665,0.5,0.4623307736219382
279,0.05822224002830054,0.48999826590903517,0.027086123488458264,1.5705490488877292,173.9297352872805,0.5,-0.6118097770374338
280,0.07920771535664058,0.4463610283678255,0.02418318581743336,1.4417720228879083,112.37707790067954,0.5,-4.620830613369525
281,0.07043027359813607,0.36820800375438084,0.03415194052354479,1.5867724503428797,146.11861049031668,0.5,0.5492674970202978
282,0.08069167099548345,0.45698096151504247,0.034079620926183773,1.4525646271361934,120.65643418218033,0.5,-4.8731655890031504
283,0.09840851131163258,0.48547013713280607,0.00897577998574486,1.6450949034719198,438.83946315926187,0.5,-0.9622342506669479
284,0.05520578002273232,0.3834749970221689,0.03295833320743302,1.9227112870904781,88.5402991581319,0.5,-0.34207793991778335
285,0.05129405532759779,0.4554920617509938,0.009886408368655468,1.7486047731669867,323.57040762264495,0.5,0.026543382451050923
286,0.0810898760119361,0.47034252005681554,0.014254190158283803,1.7253170459948122,74.81088983729451,0.5,-0.8045549956985554
287,0.06948204708786292,0.39071854871701367,0.03732507565332774,1.847538352192474,26.870215474405434,0.5,0.3808193644071727
288,0.08273259360511749,0.46458805655105756,0.018340217708325512,1.880055858093163,479.2619210409263,0.5,0.278344559418214
289,0.05202951034850334,0.49066281355723307,0.021117658416786176,1.7312387431073408,298.99065370822075,0.5,0.4573277129301596
290,0.09406896494483899,0.4941009323088631,0.0337886617278412,1.813448085204313,279.6102407233157,0.5,0.2876020936722926
291,0.09119601007010839,0.40336857814055593,0.01350667454721913,1.9503754395808734,428.4158986713534,0.5,-0.06761303755657289
292,0.05271119594019699,0.4840478808566695,0.0169781467682546,1.6298809768856595,31.957650569970685,0.5,-3.338146270329685
293,0.072800274642353,0.3897743551789598,0.018435193575048536,1.7173661168363532,375.5971537303704,0.5,0.06961448136988746
294,0.07506938564466595,0.42848085281162274,0.0208116419766251,1.988643096066446,474.07743872607927,0.5,-0.767838465897994
295,0.09002553556190837,0.3914102049412601,0.021483529567519633,1.4822946357297544,304.47076410518395,0.5,-0.34473760616373283
296,0.058767336383476726,0.4043584977549199,0.01912713942917565,1.9835843988155306,468.9753443095703,0.5,-2.337981295885385
297,0.08146115869713122,0.3672251041239377,0.03904383130377295,1.6942582385466778,158.3284605207537,0.5,0.5032887523594601
298,0.09104015384999299,0.36803032968223676,0.02972271473822463,1.876839502071484,310.2293205888913,0.5,0.003205894693496747
299,0.0716655950451546,0.3627183550013073,0.005657105511948241,1.840243329720683,147.41626350811165,0.5,-0.0970636002725962
300,0.07591899628410666,0.437730967736402,0.010427408047577929,1.4287281752419225,33.229396739755,0.5,-9.147366311091512
301,0.05140997846067988,0.4501448295079605,0.025262169680941218,1.6186333105465316,334.3103110357828,0.5,0.5192116583362815
302,0.06401095674759205,0.4513707022217289,0.011171394353593295,1.7509430983773013,240.24186371205585,0.5,0.4352343467169796
303,0.07903426506690453,0.3831411512543854,0.029119994563836845,1.9693924275672252,260.4873366130844,0.5,-0.48388601147300836
304,0.08923419851349096,0.38875006472797713,0.0322289983255505,1.681114575848746,433.2069599371359,0.5,0.43664875305443707
305,0.058936549749195516,0.3934450102857956,0.01632298764643329,1.7468375386609636,342.747347194578,0.5,-0.5372212880298801
306,0.07140535271044522,0.4081701545121133,0.005930482981590908,1.8754765898408436,164.20517582686008,0.5,0.15709957577234424
307,0.07891682701733076,0.40748407968915046,0.014856102373595876,1.7390217217229933,210.66043584494776,0.5,0.48956683667425704
308,0.061734776197862024,0.4622088191028715,0.018896767207221492,1.6515207782577714,469.3736712247477,0.5,0.48494601003883364
309,0.07101608732541843,0.4610941658751579,0.027774182505039248,1.8715473472200743,141.19679066319446,0.5,0.5782434228603086
310,0.0710651077909578,0.41643588157384503,0.038915851172180826,1.8338037294634593,367.325584154735,0.5,-0.15366932537003564
311,0.07324442100278639,0.3876339708231354,0.029833038744618054,1.4297768001445728,459.48603589097223,0.5,0.09734606467355422
312,0.08398955662761698,0.35433978436454744,0.01496969892255933,1.503621700053828,312.4778506151162,0.5,0.3621051121648954
313,0.0504645306114037,0.35557135925448935,0.005032713677609849,1.9386737561729077,204.60034171460143,0.5,-2.2384211289989273
314,0.061012381474906195,0.3735282688731012,0.027496415010676904,1.9330817910574902,359.6201576116606,0.5,-2.014682476621486
315,0.06610414717820731,0.4022231311940185,0.02860778369850282,1.8483232758281054,106.10990369168776,0.5,0.37313782417757013
316,0.07076443334388374,0.4192687756219107,0.03863123833155992,1.7306760952536784,241.3346269973797,0.5,0.4833102441204731
317,0.060610412573944644,0.41187222876670393,0.02799081242965688,1.4405950929761975,218.15993902148355,0.5,-0.4831524250194079
318,0.07303384839955178,0.3579593749467498,0.03658973384235967,1.9175213829470832,454.6829534979372,0.5,-1.5421615786163034
319,0.08253997433330097,0.40701039811229556,0.025111804200381033,1.6305991417523054,244.25784754106064,0.5,0.45868068539262885
320,0.07721378673059909,0.4888032042186968,0.007660863791259625,1.7178199287766276,65.33977555511134,0.5,-1.5726715541416514
321,0.06310766485121652,0.47919814354246015,0.025495698530998676,1.573694352614378,51.63649610052366,0.5,-3.7053850031378053
322,0.06667354647596808,0.3524917328688808,0.01337326798620361,1.487107133842214,407.9463644065593,0.5,0.39963509215261495
323,0.09635602472743163,0.47400983399532226,0.039365472788396375,1.4301128732653887,155.87140214962318,0.5,-7.730453562101017
324,0.08008410009250175,0.3735743365181832,0.03742836179336824,1.8897974547165228,208.73872041790025,0.5,-0.09193288496432239
325,0.09627014828385061,0.35945387246638905,0.03580297406380502,1.5553535016714375,272.1640952283133,0.5,0.3063369753945604
326,0.09762422945222354,0.4104260456151621,0.024509368907911132,1.5305016696013893,412.76594925852936,0.5,-0.25593803397988313
327,0.07294407879643737,0.4329103174658254,0.012093454913922368,1.849131691753962,215.68862175995744,0.5,0.3102788830777019
328,0.07965504087955892,0.45608104130793037,0.023182592327554728,1.9781791978923282,452.5528193151147,0.5,-0.14740408513391068
329,0.06132959191716519,0.4729998577792832,0.028483563083647818,1.5002928993350713,72.64229567887087,0.5,-4.224654805035215
330,0.09561687387591741,0.4830820145160442,0.026391442142391846,1.6600106773564225,423.6064256260273,0.5,-0.13152960650462742
331,0.05493220927329004,0.36546645553744794,0.027173654515267598,1.6159397307210526,400.9810155780462,0.5,-0.3740061780064825
332,0.07781974434102991,0.37585286972077836,0.0390974745591179,1.76175833098947,480.9604810977269,0.5,-0.25042033546373754
333,0.08786766031636706,0.3606694867762088,0.019413303825983955,1.9625093405241585,346.61793446506357,0.5,-0.5520491904457303
334,0.0872757462582415,0.3947728681926656,0.021249676495958603,1.6341093305631351,193.52559680460794,0.5,0.38127985145631793
335,0.0584638602701276,0.3884020511859238,0.024155542621334222,1.8686779538388252,91.08899666974648,0.5,0.05298671160113699
336,0.050665642623100464,0.36036107493644953,0.01665079977792712,1.6882394004391523,329.37550408354195,0.5,-1.1167545224302393
337,0.09667180309109663,0.43227203928214447,0.02892387603075126,1.6700828295977745,43.04492766317518,0.5,-2.590940087917871
338,0.07346674680065288,0.46870957563912785,0.026598613014895217,1.5796793742960618,40.62858977312624,0.5,-4.782539218800282
339,0.09752747811429956,0.36007216385760293,0.01769823105711542,1.800119074723002,342.27637154064934,0.5,0.23284229837759252
340,0.0942468851746675,0.4129707095801937,0.013968096638972128,1.666900843827116,87.98037418904943,0.5,-0.48774019083602216
341,0.09517398078269379,0.3645499063727306,0.03258565083466031,1.8486545320953818,363.03939289817356,0.5,0.08302634890701532
342,0.07210577351829996,0.4523661793081617,0.006663180561875836,1.4368751845861745,245.403966068697,0.5,-4.547500969460942
343,0.08474268656001863,0.4380552060650427,0.03300981839243322,1.9143928115692206,351.1663858979302,0.5,0.2466892579253417
344,0.06389810199568183,0.4818021078820107,0.026852002192072656,1.947700020528751,207.39573799839573,0.5,0.2321752754011971
345,0.061851304074437154,0.44304256196981295,0.014418001080527256,1.9397826128212383,47.38700331374952,0.5,0.5749457705750511
346,0.06325708065709912,0.40040125969253265,0.006272800551114286,1.6358725565740475,376.5397926270268,0.5,0.15795249678009837
347,0.09640803844111795,0.43794102658713646,0.019968365779467114,1.6331403666250597,92.07684035633024,0.5,-1.556966556436918
348,0.07556860430395766,0.42999952604712105,0.01564966864363087,1.7238071561707677,86.04894759497871,0.5,0.2585887828945572
349,0.08713827027802613,0.4973507912704943,0.03246869822800241,1.7129416522106,399.29996262650263,0.5,0.2836999778701659
350,0.05287965938685988,0.3827666802616596,0.038061121199546605,1.7194215936165655,253.16317268959077,0.5,-0.4450614220483784
351,0.07748251713617643,0.4374761443537134,0.031977499962639655,1.4388378545327156,297.13238362650316,0.5,-1.7252907000316404
352,0.06913774861241548,0.49019079405080374,0.03820498057990898,1.5625963913806629,273.01054340963105,0.5,-0.5756151206639191
353,0.05566749984768002,0.45764725949990337,0.02143801713529053,1.8850371048004675,486.7378879689717,0.5,-1.0570771829154824
354,0.06858052574264017,0.43271342255808326,0.014101511525453834,1.4357146060727055,37.71862033081817,0.5,-6.931800841356955
355,0.061441836483205184,0.3580213859550269,0.0061696983869536405,1.5351989984721792,110.81389470378649,0.5,0.18231220571151274
356,0.06356972982060782,0.35266085172307526,0.025529596017594774,1.4977082994025341,180.07707716444355,0.5,0.5292596549441053
357,0.054729372887055636,0.4528699351411587,0.03719431138160702,1.790074395972923,454.0115655113331,0.5,-0.4005469249874247
358,0.08402696605958063,0.38896079103050596,0.011000469916387718,1.9202175489932167,474.6254579557275,0.5,-0.48926239931521853
359,0.05765050325745514,0.4317921537495981,0.03576096035389878,1.8296463411766573,266.98835361587624,0.5,-0.22391370702494817
360,0.08389171446494126,0.46417059679383726,0.005713672988293603,1.9970476419452234,225.45129511003964,0.5,0.3121524972034271
361,0.07022660749044018,0.47956922715363437,0.028307210885101675,1.7287729909775338,48.927154804985086,0.5,-1.4147846142870448
362,0.09342590843249306,0.39425654501462504,0.035569540817215445,1.8842083474330986,182.5365660837243,0.5,0.441777722826475
363,0.05595947008958035,0.4719628000458681,0.012760114627819452,1.502085764877435,128.66109847408507,0.5,-1.9525802386661892
364,0.07328233744129209,0.402080997778249,0.02863671640900912,1.4801783415599212,252.33118851616132,0.5,-0.08311353141670419
365,0.06466618859114055,0.3606457946807789,0.03267175181142768,1.8394022278235251,336.8405273167051,0.5,-1.3097787323097778
366,0.059263293837947144,0.44106820837678584,0.01791654157404169,1.460242911208363,127.7880049647536,0.5,-1.8890445624153682
367,0.07706228791400113,0.39028974578418146,0.026629413056296982,1.5059524072823949,307.08320344108427,0.5,0.2967693406828651
368,0.09463143449708171,0.3773131189872715,0.03080053252166487,1.853009047019448,30.455955484325685,0.5,0.054980941702223785
369,0.09683818515196509,0.40181114467528545,0.02248495789156831,1.5246096352232281,429.5608961232007,0.5,-0.12099571629936445
370,0.08081004496965412,0.4890998193478845,0.007582443611899959,1.51234278337057,280.07128353714717,0.5,-3.7127112654569157
371,0.07762258551057277,0.3904369884745242,0.02046914364855711,1.5454294629649838,118.82026405238862,0.5,-0.07932244320569581
372,0.09647889897694915,0.4648034165082011,0.0334534272424772,1.8120533531815228,166.30218360091882,0.5,0.1162972702969951
373,0.07753588236568881,0.429729455171569,0.033278042491109786,1.5887507124681628,373.4663203450483,0.5,0.4325459306474263
374,0.074794415057867,0.4006530725907368,0.01437875423741225,1.8880566336650269,322.38201298618566,0.5,-0.35799663613301225
375,0.07314259300809439,0.49032547159970097,0.006512633033117732,1.9949010090248511,111.97783237656597,0.5,0.48156811388366905
376,0.0588758031818607,0.4964620647553858,0.015034570976598568,1.7302866748130596,120.2463463850446,0.5,0.2825785557606322
377,0.061604767767595256,0.49700182081737454,0.006419579342835696,1.9068251540154755,143.53597878139593,0.5,0.4271558423553117
378,0.09940935701070967,0.3658091483368025,0.013106038466440026,1.5162117222298999,26.427302625754628,0.5,-3.2228116161453455
379,0.07599113934991908,0.47885967339924673,0.020657526459097082,1.6221448153155147,87.74727900471599,0.5,-1.8494779928647138
380,0.07779289341154477,0.3869151195155269,0.020759219535967884,1.8146985396462463,460.7060511899306,0.5,-0.3449749380904683
381,0.05409492901494316,0.4390057575319287,0.018422914570537366,1.4312042056975927,440.2867641008056,0.5,-0.3167081820621709
382,0.06962899728853904,0.39769544145973,0.010367334243182237,1.8087156964166367,488.15058324206836,0.5,-0.6044935028250069
383,0.05786755960145821,0.47512227153290065,0.03240533822922774,1.9053863314241242,375.41448633937273,0.5,-0.44809087404191295
384,0.07300331931980754,0.3518265482331272,0.008272901385471383,1.620339401774042,421.97885702487235,0.5,0.03727034197469792
385,0.09484033290258383,0.4477883405363427,0.014538394596104898,1.7747459767985498,411.16171957890646,0.5,0.45670049905662435
386,0.09388178034353326,0.41822041258018233,0.026497409313330146,1.499137247024897,476.69670544544203,0.5,-0.4238214303982921
387,0.09660451741175069,0.3586941178766348,0.02408981945332706,1.5562990498911318,273.8530633221066,0.5,0.30821649288372466
388,0.07018743001738706,0.47323353307365024,0.007544050091042509,1.623657708684376,232.56033255126025,0.5,-0.4384196245277958
389,0.0996095737742845,0.47026938412606833,0.00927603404849662,1.8020241611216945,237.55018442227114,0.5,0.05378843251898069
390,0.09949434529060945,0.4872743850540808,0.012482164103774233,1.4704200169195567,271.07220936510834,0.5,-5.650298467980677
391,0.06151884090700564,0.4288936632566887,0.027903116048897992,1.5631450791974892,188.03635148777252,0.5,0.32108052850804714
392,0.06672050318662925,0.480127533494246,0.032501675732238805,1.6835235881570798,448.7885457738566,0.5,0.5613383749262387
393,0.06548001950407162,0.48274439578026873,0.029618294827335318,1.6859165545921981,391.4126261877397,0.5,0.5671457568682714
394,0.06574560819697337,0.37329472020729537,0.020789616419322858,1.8083717447373917,57.66216414369708,0.5,0.511718329506694
395,0.07542780488552128,0.4603244655035732,0.015543745922623625,1.944709506977089,165.63922517405365,0.5,0.45344417712195095
396,0.07673435970632632,0.43884746115781964,0.02773494164392265,1.981724935881572,194.66831130297692,0.5,0.21313194368437394
397,0.08809118348223638,0.4368142485065827,0.02648817375502354,1.8129650690607881,50.42745037792249,0.5,-0.3722763230091788
398,0.06004705561383675,0.4516065226013397,0.0073874608102426215,1.6216927223035458,203.00723990991247,0.5,0.08332946016542053
399,0.06403085163378526,0.46779522398059137,0.03810770413357427,1.8462229696531611,299.27103656148375,0.5,0.2249884039849387
400,0.07439769745308716,0.4783229631009222,0.039720446030350284,1.792111013654356,114.33648954604969,0.5,0.271290568143829
401,0.09739529027315201,0.4718586805421345,0.009415513033600303,1.830196882780296,490.30582800647346,0.5,0.36995844757822505
402,0.09679829543397253,0.49791367253164515,0.005435173826911985,1.893188908810009,403.5292752745106,0.5,0.0020113132114505383
403,0.09474773192360933,0.43578017121343343,0.03458801946219647,1.632485656137738,241.7488406006827,0.5,-0.15629644513297003
404,0.09655107150696014,0.46561732667490563,0.015400354848038816,1.7899218204352447,371.9778015719137,0.5,0.41356147313893954
405,0.091966365174941,0.4470357465919441,0.025816226013841505,1.670660246475899,355.4575318844546,0.5,0.29163925153925674
406,0.08738015521158912,0.3911805767269134,0.02219583922798683,1.9794071649330354,329.71305060399595,0.5,-0.23692412651691974
407,0.07239419992065058,0.3822266561674809,0.02894250460956251,1.8354872012850265,419.2662412576307,0.5,-0.6842943230479686
408,0.09302048766975138,0.3844711490001689,0.024918010139199327,1.9184898647790973,229.11576325669853,0.5,0.24658051808457293
409,0.09318423048218308,0.40054051307893085,0.0077918443447991806,1.8698499533023654,414.6427063194853,0.5,0.16607228617793002
410,0.08971211223284489,0.37097836430988707,0.027588012661951426,1.5882072876875575,199.1254221059551,0.5,0.3663770016232889
411,0.08203452276253773,0.4056661970692029,0.030345755272872532,1.8514258549984948,295.8530860562996,0.5,0.18264064709676342
412,0.0955112127217709,0.37150071016459973,0.008222829422090079,1.6565643620317145,255.4823335003873,0.5,0.27924086447450447
413,0.05537613814275545,0.37821744218692277,0.03516533385939689,1.834906258382739,259.14813901700813,0.5,-1.2362896234802618
414,0.0935056747771793,0.4422274168683704,0.02635476403333908,1.8431940851641744,40.09309812147552,0.5,-0.9167905776646441
415,0.061233150064501064,0.4523963515448001,0.008522914597101902,1.563918927487375,123.37691855468456,0.5,-0.8604800267130528
416,0.07114602040053432,0.369114315533778,0.02999926365806371,1.7695174304900305,208.51232862833749,0.5,-0.015122993849153055
417,0.07847023047118085,0.3545737401190793,0.00932782370084824,1.6760425744591785,60.26464505908966,0.5,0.4567021414350927
418,0.0986410061799565,0.35301912856784384,0.02544788639034557,1.5805753122927555,488.45636330497376,0.5,0.410586693035633
419,0.08023271792102413,0.3646905639262718,0.02731405634111342,1.940601436968187,115.38995779314205,0.5,0.06516598008896679
420,0.06127640805000313,0.48007394837123024,0.028766631420637193,1.5295125195507453,119.59636158952233,0.5,-2.1051154134420202
421,0.05116507952971552,0.42354006734870264,0.03881920683924857,1.5775896251992276,102.8989232368092,0.5,0.26430819149117235
422,0.05196420005125722,0.43125654299527605,0.009991041974763826,1.9412154576019125,88.9674490261016,0.5,0.0060618972630756
423,0.09079985759816721,0.47081468711317587,0.025381024707119136,1.4971073206156238,69.1520060847247,0.5,-7.142647062095156
424,0.08744373426220259,0.43940907360284,0.015432761382902116,1.624882962481473,455.6259537849735,0.5,0.3209502488263922
425,0.09498388022129764,0.4929225333208569,0.029505474073558503,1.8957366128016722,131.71171915775318,0.5,0.04075775956744765
426,0.06019101893280153,0.3961816790226043,0.03222607222439064,1.6873024711307774,337.41470800083346,0.5,-0.016415168370148114
427,0.09846288471938641,0.44344326011790614,0.032702927953557316,1.5146116074153748,153.5143319487938,0.5,-3.0353320245322584
428,0.09663169860680004,0.4323750069645919,0.0057259358754730896,1.8573803115513345,167.8218730333247,0.5,0.1606134969582298
429,0.09851589528345578,0.370807822532758,0.027813293275759425,1.4610972358807301,146.32224009689864,0.5,-1.2865055901847908
430,0.06036543762297323,0.4500986229827034,0.016036612763567715,1.8837574810970756,239.52586463228948,0.5,-0.1113161757415726
431,0.0673894008204094,0.43323590325866806,0.02048559769373849,1.810625582774538,454.5389087184207,0.5,-0.21908267204526166
432,0.07060817308636652,0.39186995180473033,0.012618528146559834,1.7855513882834264,409.9796160444511,0.5,-0.37924729147775693
433,0.06809548936459167,0.39515346588020117,0.011962357750015638,1.6677521007033291,108.2086156227178,0.5,0.5145143156600591
434,0.07360400591276556,0.3723954277211851,0.03435697250524691,1.6558175385149694,90.60173213196478,0.5,0.5359573991470555
435,0.0775925161947324,0.4141594101660443,0.021182740900738257,1.45763824997046,50.63755273425503,0.5,-4.41570153398481
436,0.09200359039398537,0.4283419681848837,0.02914365530384978,1.7059720972454506,319.57122953656744,0.5,0.4474228527451859
437,0.08061049430403927,0.4916576334476037,0.023795917122594597,1.830636072052957,431.83226540891155,0.5,0.5136610341884923
438,0.08886310151816351,0.43064707118180345,0.01327756998340089,1.7455868203699159,485.95798104600965,0.5,0.43456546998802315
439,0.0922132495736663,0.4629945262731322,0.020188787318813482,1.6264141932117335,434.36764945997896,0.5,0.01385886775016143
440,0.09446714271644926,0.37480154752177813,0.00904596136550763,1.523521866883092,444.4881027725928,0.5,-0.13812535717128105
441,0.08860396398839031,0.4117210928835978,0.00890950463076064,1.6807546729956622,308.341490119677,0.5,0.3188478987038762
442,0.07608116262938115,0.4325513014250926,0.03962436877300918,1.622505675307067,412.38107947907014,0.5,0.5333126130765939
443,0.06315391904924894,0.3631879643899389,0.03784548893771006,1.667433995011322,409.2090124395641,0.5,-0.41461081509309583
444,0.07256087075290649,0.4349251475455144,0.029922699291127133,1.6438094432562733,491.08346366521647,0.5,0.5134109486348992
445,0.06751502496422002,0.49842941709342087,0.02263283441964736,1.7962259634744802,271.67338935618994,0.5,0.5700291954584443
446,0.09126261039712005,0.42910173483246083,0.030920201494865837,1.5739448597066852,332.8998677426766,0.5,-0.08720724093604715
447,0.06498140597910361,0.3925034248981326,0.03695414456966535,1.9943840825602226,495.79527686569367,0.5,-2.093677692755514
448,0.06847029582457484,0.4135403167698653,0.023640244008823665,1.6748048700784404,326.3526406217122,0.5,0.4127315017532539
449,0.05834056878116174,0.4179740187382562,0.009448545303102553,1.6162322268416518,215.35993591026102,0.5,0.45017043295123527
450,0.07835893863299682,0.3750111866712542,0.023586795674548137,1.9578565801957375,150.12873232396728,0.5,-0.13172966632967187
451,0.05311819032215344,0.4494038149035498,0.03883116288209325,1.5658218675986346,59.48616992061264,0.5,-1.5309132284658662
452,0.08915425334235774,0.42061385737250034,0.023404872859280525,1.6346537508417571,443.9369605362952,0.5,0.44644008239303934
453,0.09584076488576727,0.42274422904777265,0.0347293853010401,1.4808150678581087,47.06326124879439,0.5,-6.227735116932269
454,0.08837361007642497,0.3885457564771043,0.016210117948312175,1.7452583787468443,97.67149716864287,0.5,0.44061399203010876
455,0.07317724061775471,0.43664663226513534,0.030493510648414334,1.636358583138711,64.352378352224,0.5,-0.8685671642981896
456,0.07288822177151918,0.4219690982938162,0.007493542288642095,1.4281925303239238,392.8951146467589,0.5,-2.264507870208956
457,0.06741810460415948,0.46906813069773134,0.034618536737652736,1.4320911985968012,130.67089867098193,0.5,-5.025500899518279
458,0.05904609797755641,0.41889618149017827,0.02766872865134795,1.637663997335337,485.73139569010743,0.5,0.19583145869343754
459,0.08331392767416382,0.45913798150517393,0.03932087670677213,1.7546388378594904,361.5300787325787,0.5,0.5445013885068792
460,0.05215873967753761,0.4825491473612046,0.012674031542047954,1.6605931887096232,457.07993325182764,0.5,0.4098543951749768
461,0.08927991324082446,0.42464282089603433,0.005625476051586146,1.6846318684973696,227.53225770109532,0.5,-0.2908159028163091
462,0.09188254430760862,0.41568621604295586,0.014197226634187729,1.8043958855510753,354.4009501077371,0.5,0.4220403433117832
463,0.07067657375960354,0.3693050871048213,0.02383122114350051,1.6734381076591205,70.85493424072813,0.5,0.5476802237222435
464,0.09926872712072778,0.3952517479431755,0.01915366662851684,1.577313174075836,59.80922863259548,0.5,-1.8631186919371276
465,0.08891157927946629,0.4989031240521727,0.007928619700305,1.9222436848506521,343.39129648164226,0.5,0.4143250605989236
466,0.09530921191458569,0.4838445849224563,0.026974308470962133,1.4383604332143687,288.4010755166056,0.5,-5.5017048346910045
467,0.05743384215844187,0.3825313817345349,0.03524133155280108,1.84522981799135,155.53179332723653,0.5,-0.47956442021162227
468,0.09229321505383312,0.38567818924054204,0.019575651013898326,1.4470046333067008,424.9886083837075,0.5,-0.48923974603612375
469,0.08011210749970893,0.4095183921008849,0.03426316786195534,1.746431392237097,65.81133060049449,0.5,0.25579129381967614
470,0.07152170545822617,0.39237081498498894,0.0217272215231813,1.4763642346026356,276.8385037592732,0.5,0.14491951411878046
471,0.08545978755976902,0.481554638523207,0.023037490731181002,1.6318513905943082,231.96661136116836,0.5,-0.5483691394040104
472,0.09074344386416783,0.4737480449501318,0.014464401888338288,1.5417683399461035,263.4107784665015,0.5,-1.9421350068082814
473,0.06304480908170382,0.4269419127805221,0.02340093458021716,1.7234725280194099,134.0004057228381,0.5,0.576035096918657
474,0.06917579196029937,0.47564102088865834,0.012883398734473856,1.874875787824211,240.92601463906072,0.5,0.38592290554491404
475,0.08948228635644195,0.45486847613174053,0.03275873763584264,1.7025117359141642,338.5900169277447,0.5,0.3876479207949499
476,0.07802295484171073,0.4286724170403493,0.018599314830215503,1.875763929042349,85.76157285222504,0.5,0.559605353826407
477,0.05476898179517729,0.4662385088720753,0.023971066636981987,1.97456964928643,432.6675477327468,0.5,-1.4149602149563951
478,0.08510510217393633,0.42403356938515907,0.013653230603418267,1.8899564833955782,226.851595429359,0.5,0.3840304494966218
479,0.06156957220952067,0.38672509236545016,0.0224409456416375,1.722563373632095,498.9309771043735,0.5,-0.706348949195347
480,0.08702192789968044,0.39007982826555443,0.031577425255123866,1.7813534140542586,274.3146476568113,0.5,0.3777314910095101
481,0.09368062101579408,0.40921031706131566,0.03952645679347058,1.896484066609529,195.19600512294022,0.5,0.4708321672075033
482,0.08767312810059533,0.41063127304255287,0.023149244999479433,1.5224744371392511,338.0713017071254,0.5,-0.10130707362784852
483,0.08341920034206057,0.4922157287364066,0.008679847023430522,1.9617098449195822,43.53112361416879,0.5,-0.4184976659938706
484,0.06448894016406972,0.4148111927335762,0.01748787454435306,1.9879987683238922,81.83065929644253,0.5,0.20809056333720555
485,0.08201815230701898,0.49612075133024647,0.016104499187326128,1.9902785881554563,244.54255152976518,0.5,0.48512925863874945
486,0.07196090880276755,0.41702318749825673,0.010990722635131216,1.5765557853806307,467.0769754483476,0.5,0.36796237994546555
487,0.08348069887011307,0.41979462375283105,0.027612482605286762,1.8326864773259088,390.05229540381447,0.5,0.23615660770288827
488,0.08135637573764695,0.4701784219467208,0.0193317945196113,1.9611307411196766,404.9343589222517,0.5,0.15332759422640074
489,0.056655091793522384,0.4752286377775846,0.016664435458465122,1.6767652681145777,452.0049456713561,0.5,0.411150114025999
490,0.08315209077253372,0.3936998523384795,0.023350090869674617,1.878595627016858,305.65482369228545,0.5,-0.004150464134508036
491,0.05596102176308511,0.40774849027015225,0.016971921449740246,1.5650614526325166,61.89790581092086,0.5,-0.1919814168916374
492,0.05509697593348849,0.38138418566401716,0.005448217589886751,1.5890912468477576,284.97888088025246,0.5,0.11289187732051487
493,0.060295742116265316,0.49280430098716244,0.005485538586289779,1.7719570744527091,136.10174548922555,0.5,0.04161511973060272
494,0.08269078849815341,0.4597055454475533,0.02702634748967268,1.8390706903910177,191.1715581945342,0.5,0.5484001968142034
495,0.07155972661844706,0.4281142721218927,0.024645766385242098,1.527496442243225,183.88251504201193,0.5,-0.31870428603589107
496,0.07785786373258897,0.42712085805161665,0.03656655698365878,1.8806135071667698,331.9068821481309,0.5,0.09719086949845168
497,0.05869665879494427,0.4145356085446629,0.017869420435517796,1.6008213097117407,347.15678831726814,0.5,0.4458975029512221
498,0.09051348359793561,0.35155805702307763,0.016938654220177828,1.6448891787697704,417.1359322666526,0.5,0.32168319508744636
499,0.07378050953553278,0.3643954324528688,0.02740665769357579,1.5986977579903319,202.37737010245039,0.5,0.5121151906530577
500,0.09921837713091278,0.39679365082436113,0.019745190308793147,1.8552495915314882,214.56363943508168,0.5,0.46321406612063065
501,0.05040161174171448,0.3932993249303262,0.006736531417492595,1.598981936273174,125.55311617249959,0.5,0.3745223206131463
502,0.09931103353241541,0.4448898153795852,0.01005363276867739,1.8191436350204182,496.35589737417973,0.5,0.3911420036795542
503,0.05031033780903442,0.4625430611425282,0.03281610912840314,1.6622564077286621,363.936006957297,0.5,0.43098693164992863
504,0.08603831853955451,0.41117650047357307,0.028278481381593473,1.8641830268179511,192.87095269704653,0.5,0.45372213238329895
505,0.055904653979248604,0.36789749542889344,0.037052954093124105,1.6990955952043378,443.52123100910956,0.5,-1.037432804321078
506,0.05366152792545374,0.3706266349203418,0.012974260490841915,1.4731902990644092,104.26411330248517,0.5,0.18766204944579923
507,0.07374311461783946,0.48141548263311035,0.038750084923567144,1.7007071605840909,213.86524952244588,0.5,0.3189080007561381
508,0.0979176250523865,0.42987942756059666,0.0381442619834242,1.9863571614249316,453.1842855805731,0.5,0.21760688406822937
509,0.06492687719763647,0.41258952382339986,0.0159359901769165,1.653412851984021,171.2854943525352,0.5,0.5393708646350313
510,0.0604916873221255,0.46994798246818603,0.036927648037233515,1.4448039653887186,328.02810991270155,0.5,-1.4926562543300559
511,0.07415517157857131,0.4535302891595343,0.030550906390198567,1.6624056376271918,446.06226910315155,0.5,0.5460173478782757
512,0.0928020314885019,0.3881038826217161,0.019011742130908144,1.609507106742712,44.81614645800796,0.5,-1.3117480489640028
513,0.05971362160780084,0.36118327527709015,0.01929572203875794,1.981143034686115,32.72447069507789,0.5,-753.3651217516904
514,0.0833660306021348,0.44007112421145644,0.03826279457997665,1.7354716189808612,371.33016359281163,0.5,0.5283374673350212
515,0.07506365803365461,0.3635814397662876,0.01873091651889224,1.637437109609647,143.89549514375847,0.5,0.5154979918774788
516,0.07561782087945935,0.3599969924882656,0.00522530858384297,1.5028354968357014,456.6354808198702,0.5,-0.19023689084037043
517,0.0656860818228058,0.4803597895205913,0.012559080811834765,1.760602806310563,217.55537523151938,0.5,0.52722419157166
518,0.09838088004408949,0.4938246274999635,0.012401943363072779,1.6980973577359046,287.28353516989336,0.5,-0.59492703109147
519,0.05259148678411037,0.38481839800387757,0.010211352851233138,1.9697620935202873,430.39934150677715,0.5,-3.091788591678311
520,0.07584295759673323,0.4036689064979993,0.013631157303236363,1.4588362558081585,473.01932279893646,0.5,-0.19948667505298512
521,0.067015986246966,0.43204650565312325,0.01157509062334483,1.9674945170708797,236.32854181841762,0.5,-0.4058901158682011
522,0.05625818898667515,0.3774914180437117,0.03410708151005175,1.7445998978312969,463.76342564409435,0.5,-1.2531922983853008
523,0.05640003899229963,0.42302825908164704,0.03145951835434663,1.5404025230390113,312.750206564801,0.5,0.5451420048490017
524,0.05739005677879095,0.42382966762294705,0.037643027994117284,1.6840467781822654,140.20296918412916,0.5,0.5899577720601258
525,0.07960539574993734,0.3886471214949251,0.006996986781187715,1.661276176122823,177.2635133317348,0.5,0.30309531142281565
526,0.054470751605124546,0.44168391978516636,0.027192868968191237,1.5193052628964603,448.9703769183164,0.5,0.5089714722930554
527,0.050565805643251555,0.41000106596829716,0.013698135225737193,1.4334417232450711,160.66997358788078,0.5,-0.6791211466852125
528,0.08797670306564866,0.495814533707091,0.025101188922617826,1.493760960743648,308.9216635619661,0.5,-3.2070997870861895
529,0.05660432785331279,0.4137757872779418,0.021403636944378683,1.4479400902933928,302.574227449211,0.5,0.03652768689394914
530,0.06246503631543976,0.4709716564952086,0.00829254246305546,1.8138201000834762,366.460482248455,0.5,0.13314946958487583
531,0.06269370463525878,0.38498301339318075,0.015330022283593314,1.7791501226233164,287.4903613182077,0.5,-0.5104162087249187
532,0.05323713259674266,0.4713676548227338,0.008732892464811107,1.743694119034473,437.7174365019644,0.5,0.07286827602508794
533,0.09256347639896123,0.4208328238097579,0.02668502942439456,1.9741983887526107,81.17480082857358,0.5,0.5088770037205261
534,0.06107865268532427,0.4674404045463012,0.03363503995789263,1.7932824905789662,137.9377484488557,0.5,0.5885242804983608
535,0.05522272896764876,0.40376652679377656,0.0070715310450641285,1.8706242726562028,394.9970065717688,0.5,-1.4343820193712844
536,0.061636642028797275,0.3713239092196954,0.025845544224456004,1.9256635778483102,161.11655499475393,0.5,-0.9435572306820501
537,0.05752531510533493,0.4200485860324884,0.017793426771446706,1.8098565963142166,94.15471558670913,0.5,0.4695685188709816
538,0.06696790485708244,0.3873859844676068,0.02128942543399783,1.7565618863599284,336.0523437897753,0.5,-0.27740594219085657
539,0.085259705137961,0.48500889635338834,0.006827270254535782,1.4634526171997713,127.68846998294784,0.5,-8.483438288971374
540,0.08485745208402165,0.39391764930933404,0.036104629515912944,1.6083195977311626,344.02779534383967,0.5,0.4937894360019587
541,0.08529068384106323,0.4449845139105231,0.02623544265132285,1.6443029626659493,456.445883261642,0.5,0.4420775797872447
542,0.0716015518967485,0.47809730645923876,0.02068138194691136,1.5014634013569108,283.7662157901704,0.5,-1.3645057740030944
543,0.06778979204398913,0.38394331354275263,0.014311498261018142,1.7100995340467808,463.56668757908056,0.5,-0.29984574160239386
544,0.09359986385729707,0.4544165495929384,0.024833878151674326,1.462638214575603,186.9223602271739,0.5,-4.065692769710817
545,0.051064191585755425,0.3598448977537379,0.019249571755840144,1.729660815054138,462.6502098020473,0.5,-1.91748975402436
546,0.07533196619843001,0.4927274147137307,0.010274796950901121,1.4253564119603956,238.49572893753242,0.5,-6.572012257832941
547,0.08480230448420503,0.4153302521865784,0.006873832324050083,1.5575176718262798,248.78527452263208,0.5,-0.7983391159579507
548,0.05151455002759436,0.4657338938265869,0.03786017008517807,1.592107748255679,200.17700451423775,0.5,0.37232315678434824
549,0.06414245151646854,0.49329406082732036,0.018522893470683956,1.6128952710906392,310.0301094257882,0.5,0.22579841886164254
550,0.08304149963077724,0.38380231001238696,0.025066736607249538,1.708832359859185,313.9708882231583,0.5,0.38430862716617087
551,0.055141861176505796,0.46336614388095376,0.005325915914307434,1.6637194551840975,255.8434989978878,0.5,-0.011922472131538076
552,0.07987367958143633,0.3985528658702848,0.03674267787303384,1.6071431640279723,64.89249531225252,0.5,-0.48042028199479536
553,0.08871030060077018,0.44080565670254335,0.02321405441609123,1.572386325461895,156.17958153330218,0.5,-1.1090361293905184
554,0.05359927810382085,0.40689090780210185,0.02568909976118372,1.534087086178535,38.221669442141824,0.5,-1.4071299207870722
555,0.09827671630254195,0.46616448566374225,0.03700127161456944,1.5673518074892951,85.0192672702403,0.5,-4.533572679316164
556,0.07400657501543277,0.39902414355664173,0.02370183921281881,1.6268928201496036,61.709069387438475,0.5,-0.11986445785890809
557,0.09333588484894419,0.4765766458550066,0.008416484924860135,1.8057173883925144,413.54143586090555,0.5,0.2982310653830854
558,0.07173705261531976,0.4953796356259104,0.01735609483196771,1.758756601603142,56.65802350011221,0.5,-1.1210827736271174
559,0.0742131972704795,0.4053059083338671,0.010545279536562074,1.9153298813562925,387.25749038114947,0.5,-0.6048248514271297
560,0.09434143750437497,0.40581230699460014,0.03687124244408334,1.532100480243184,400.33157540047137,0.5,-0.06376001900642336
561,0.07070061740284576,0.40136472161864434,0.020050899133768132,1.9462843177633236,73.65406757958547,0.5,0.41298265480813934
562,0.08957370154387573,0.4440036203721065,0.024868288384436735,1.4748114663509466,132.6001956063506,0.5,-3.7493074147139316
563,0.06615695703306174,0.3676857801356108,0.03637543856347991,1.4843153420560469,238.05819456967018,0.5,0.4832935698023373
564,0.0627728742777493,0.4908318889411427,0.009840559303315498,1.765630527360339,35.24459413695437,0.5,-1.3972399382793292
565,0.09028048281374923,0.4893666617881402,0.030204118647554103,1.7347597821036336,34.82525669493705,0.5,-4.41426111344135
566,0.059431713017599766,0.46487860238268547,0.012038666358046892,1.6494629754579835,473.79993233434465,0.5,0.4332204038446057
567,0.07011358421309746,0.39175244223565175,0.02572358381484411,1.6016819216005485,262.3018199578541,0.5,0.5323164453119367
568,0.060441304873909404,0.3808259352170764,0.031553451422437026,1.8553336033449774,491.82371898263403,0.5,-1.8004983234677425
569,0.08748747169569346,0.4395153158182368,0.010486801063243394,1.7411601190993506,315.8478544106776,0.5,0.42325931719475995
570,0.07915137838390711,0.4775096479489712,0.005368000373077143,1.659078650443024,145.06341478102263,0.5,-1.7326096725470523
571,0.08193138443064334,0.37699613370149293,0.03108148368328803,1.465990692726393,427.7385097692858,0.5,0.23931214418496627
572,0.06421770807681454,0.390905850482429,0.015357050441272621,1.6926900767545694,215.98407484550597,0.5,0.2728366736786416
573,0.061931181725991304,0.4226859343678376,0.027233988672724873,1.5174490196719914,106.4277999490689,0.5,-0.6522830948690543
574,0.0861153506776566,0.4055796162460263,0.03593000226902823,1.525788399378631,117.8217234977314,0.5,-1.0893376251333438
575,0.08052655345404836,0.41838443422535904,0.0058219169430666256,1.509203872068951,122.84450177585128,0.5,-2.6757674108029113
576,0.08961147673634637,0.3557620209759064,0.02283143274054385,1.424602541088214,383.26096686677784,0.5,-0.08870014746391064
577,0.0905823927220653,0.44478661048445445,0.0077488460778317786,1.9890216458087449,288.2596595098962,0.5,0.3018758336570194
578,0.07790612691035863,0.3745007040007081,0.024714416695245458,1.4240194629959588,313.84537422373074,0.5,-0.1649531889874487
579,0.08561114613058851,0.4913896247625668,0.018631480258522445,1.6151594858589768,169.58915210093917,0.5,-1.5297471250466428
580,0.053463213591248684,0.46589211854598567,0.02643103390772921,1.6458430269422348,340.78172561879177,0.5,0.5408351358033278
581,0.0969546677202999,0.3943664992753073,0.023774341668534732,1.921266185769828,139.18178348070165,0.5,0.47747724898206223
582,0.05173435405951758,0.36741167280684,0.01454422750805231,1.5711163776931842,171.70787692432933,0.5,0.3856675376376162
583,0.08411066005420209,0.37696142660152426,0.03263688109346827,1.81763705664661,220.37608287793324,0.5,0.24415439948183537
584,0.05679547202785047,0.41169494390847905,0.02676296093816251,1.8633486118570373,307.9471329829516,0.5,-0.9649772176424061
585,0.051998243776182104,0.3916567361460857,0.030819040424998778,1.507912174216648,218.3022139999437,0.5,0.5496341261508744
586,0.09766246048638547,0.3576208367913938,0.010696819608558672,1.7272339217238237,42.69006482904446,0.5,0.04280108439288721
587,0.08679857453849915,0.4511331713997747,0.005273742050178807,1.7977813614913196,417.9189057306827,0.5,0.08945923471620165
588,0.06872832172679698,0.48051492368836457,0.01806960318797603,1.5967100081428747,261.31994016877087,0.5,-0.03524368400083833
589,0.09148336324335388,0.3660967700721208,0.02699559349418392,1.9666097359416639,80.77750642596904,0.5,0.4302537292169717
590,0.09062542105542157,0.3529245528579303,0.007488696742825582,1.58160793265493,314.44958466792735,0.5,0.20159213978198554
591,0.07946147126362821,0.45209791439240077,0.01659481553775944,1.9276964352078623,497.7085722501461,0.5,-0.10245616245344302
592,0.05242085573843337,0.3568750681180633,0.03254547449539366,1.701972783596185,184.95567290241448,0.5,-0.4823603045436222
593,0.07145507002340262,0.4853400633163967,0.03161115393501,1.4908022369468918,132.01940742843487,0.5,-3.982002683283728
594,0.08312072004624899,0.3892978700225612,0.02150744194996365,1.8166379758874291,242.55121171828034,0.5,0.26798909646088054
595,0.06262241336735234,0.4049611493807231,0.016127262424206732,1.9758626020339367,427.4223080004875,0.5,-1.8246504937383539
596,0.05652822800520882,0.38795344457379877,0.015977726877179937,1.701434779336414,404.6110291239754,0.5,-0.6018347507481416
597,0.0543775864347396,0.4681423574158655,0.027292881061599734,1.576072445614215,129.75823716275883,0.5,-0.3450928144030343
598,0.056992422013683194,0.43042571819843184,0.037783226801859734,1.6273043276683063,278.59764092319125,0.5,0.5523579202959099
599,0.09034468150586582,0.37402490871175303,0.01799410358716215,1.4917406369515995,446.90083134700757,0.5,0.1720412512671018
600,0.07634762421160143,0.4079557835338812,0.007731819066763127,1.779774159533702,385.3403851299608,0.5,0.0981708467647997
601,0.09555959457042097,0.4631228053007686,0.021375375138652106,1.5526481704069106,212.9310080598497,0.5,-1.9978240804761986
602,0.05612554543295288,0.37380842112411194,0.03521178659392172,1.8069475626072165,379.9982557258263,0.5,-1.5691422015319025
603,0.08587650920848136,0.35536333767814937,0.02824277025895017,1.948986459997876,192.48181075753828,0.5,-0.22494759360455396
604,0.08899371194721668,0.47857389598108235,0.030996216786500653,1.7701952384952135,96.8102853579942,0.5,-0.6327955061106758
605,0.06727813208041132,0.4045685685760976,0.019595370694236596,1.8610182392444998,411.7331179354776,0.5,-0.7861358299298324
606,0.07819117967668249,0.42101537279172574,0.0374512349267328,1.886762047020719,206.4710449901839,0.5,0.32556364738907706
607,0.06253168907387434,0.44515933414688313,0.032341585229457404,1.510877929071884,450.223046047739,0.5,0.3256490626635845
608,0.07741008218384432,0.4779218521007473,0.0349680884692518,1.9116095251783307,245.12299434556573,0.5,0.49734254316365556
609,0.062317470091186294,0.46011508684707003,0.019347431369315105,1.7771877968953533,175.5392591565707,0.5,0.5449529098583262
610,0.06096161029638175,0.37264281117067977,0.011834066145904005,1.755891605336198,138.3281763985861,0.5,0.0053357796869479834
611,0.09888053461348692,0.3683837473685391,0.018817390493355752,1.8834150122808349,483.5031370218753,0.5,0.001957814165430616
612,0.08175004818054957,0.3507121256494799,0.03964327133677599,1.7210498011976751,159.852601874605,0.5,0.36923924075560977
613,0.09097351746783029,0.3802207586676239,0.01622157354703726,1.7160225967540306,37.6522360628504,0.5,-0.29466153252628957
614,0.0764008840641398,0.46136045926598995,0.017151839632074367,1.4995921591764216,478.70838502224325,0.5,-0.5969878009330067
615,0.072628312381947,0.3663779111167698,0.010166925803356232,1.7198007349387499,63.752821089800875,0.5,0.5273570173239033
616,0.05329997010499457,0.4174613925369427,0.006632330651338746,1.9690204380791845,373.05220628425286,0.5,-1.9531889062809689
617,0.07578535516284426,0.39098352388577085,0.01643830181830957,1.4451087727090144,76.87082780367987,0.5,-2.1679833126070784
618,0.07547705723843065,0.45689035131002537,0.036322107364955586,1.9634183270039987,188.59104950186878,0.5,0.38587783318802404
619,0.08725215832164693,0.46187916940500784,0.01673724536757462,1.8319351703891162,436.213085007538,0.5,0.45755619770110123
620,0.06513424521350233,0.496856615076206,0.018484673130279378,1.9136417509064485,235.33295603452143,0.5,0.36264490624069534
621,0.09138927530979515,0.49817258319486396,0.019485194412662887,1.4458062824706905,365.2224242798144,0.5,-5.006452982947594
622,0.05367742458897876,0.40073942455406103,0.031773911730760385,1.5292473930575716,466.0216076250906,0.5,0.4551018867232809
623,0.09264610901760956,0.4870054989499084,0.02597558427486675,1.4227840130418914,146.78900448277034,0.5,-8.859502199813862
624,0.09277836439118214,0.36344058164286497,0.014499567260749652,1.952764344973401,397.53151982381473,0.5,-0.3569266806894589
625,0.07876331848854214,0.35195424309279655,0.01743648574590459,1.9716423486655517,325.65676967180843,0.5,-1.1903435809976517
626,0.08437346350618335,0.4019142382096375,0.017892392745295096,1.7575890507897052,356.3577122929397,0.5,0.3461773522338276
627,0.07213919511807265,0.46241307857523856,0.011554864448818557,1.9846513382753765,77.38540816373676,0.5,0.5680811283149083
628,0.0769578232065568,0.45824601939186366,0.014070139457816011,1.7162763130856424,211.13222842343737,0.5,0.43795511047029434
629,0.05896927737852669,0.4086081701858187,0.027927984772671943,1.6891274204417095,376.347005679943,0.5,-0.015024429065797928
630,0.0652552634342033,0.35654473889442495,0.009915542569382537,1.9681129654598135,455.08785998642276,0.5,-2.5104300252815164
631,0.0875583157823959,0.4492324994436509,0.03759294750869299,1.4265877285864998,482.23299309656727,0.5,-2.257829325262946
632,0.06534314378345606,0.41712797013583397,0.021145774362648386,1.7383472247540281,191.61847525382856,0.5,0.43994033075627526
633,0.07910655436111472,0.36951291663426356,0.018132364130278644,1.9195207823468472,124.24443646173097,0.5,0.0737101598333838
634,0.0785170266542172,0.42532981807977405,0.022909817253749385,1.4272723948399901,464.8684637919035,0.5,-0.9956918431219532
635,0.07806020052710473,0.42143129822352676,0.028121647521902122,1.7473797993976257,82.76228213516136,0.5,0.34441846271207477
636,0.05190696419408725,0.4686875521781486,0.011350930299864906,1.9154424091132911,441.6105364797889,0.5,-1.236556955610133
637,0.09866387140934467,0.3959359139398726,0.03919230191739512,1.6921771129006484,334.2301438520442,0.5,0.427504341231263
638,0.09305831521246838,0.38637634648308866,0.03754742942072874,1.639667493283477,442.9367890512807,0.5,0.4646387797291619
639,0.09597550196125848,0.38108629631463165,0.037153766150693934,1.6283768083387442,221.8491141166444,0.5,0.3203261661265189
640,0.09191472457550592,0.4199801839842366,0.009337546624872288,1.9803649437071138,374.49859733900485,0.5,0.08269406908892352
641,0.08866528199021398,0.476777985724683,0.037744170033929714,1.7251721085220044,76.00315719032122,0.5,-1.5295289799881369
642,0.05127989372656723,0.48965462449499664,0.02479121321272108,1.584784720691112,249.1590778885417,0.5,0.25457952786621363
643,0.07662080275688574,0.3785645181979893,0.03748751033076392,1.5975264519234282,117.63122281101408,0.5,0.398537059197985
644,0.07431738060464593,0.47924381392331883,0.039276928873234224,1.8245555791724994,418.5582719528977,0.5,0.42686951213282653
645,0.0596153422827671,0.42119931513821746,0.0337241366623315,1.804847102968434,121.94191473331418,0.5,0.43527053382130365
646,0.09674586690172268,0.49185416332867987,0.009490454650620895,1.8528301626472585,80.23984664967897,0.5,-0.8839144976414708
647,0.08283171314583407,0.46654571340298184,0.02159608810825932,1.6784512942676315,494.9898928116465,0.5,0.48136124625234755
648,0.06301165969231556,0.4025343532269635,0.024663807789696086,1.4986538916005014,393.90142787956535,0.5,0.48641779228281945
649,0.059873765956018246,0.3704497646982212,0.013818509313077008,1.9728971457086273,233.49886216540693,0.5,-1.8784761045643918
650,0.057178542138069006,0.42341739829489383,0.03514227200108403,1.6524293801313985,267.16772098240483,0.5,0.47290574989949086
651,0.08841026359663473,0.3548274473107075,0.038370726719863815,1.8918367885449867,384.55715909612275,0.5,-0.42115963684430824
652,0.09825056304934662,0.4823514670735837,0.03646669737262363,1.4423874921850919,198.36660869466374,0.5,-6.952716535219267
653,0.05178115229514656,0.47709931615861845,0.00540489874916028,1.5279479752628704,387.7948497406546,0.5,-1.428375100262011
654,0.08901024208938724,0.4558017320715518,0.030645428061452443,1.8357648711569599,222.7726627206775,0.5,0.5152902159194388
655,0.09544179831066643,0.4334655747938166,0.019754671922622778,1.5950772558360344,26.008275629414385,0.5,-5.680142643309207
656,0.0539253046894491,0.36213175631285843,0.03135295841586373,1.5480170912904772,249.62104694334877,0.5,0.34294466982992067
657,0.06267217263367925,0.46370264737126354,0.032010665274442796,1.4761166335935347,61.21935657149734,0.5,-5.378249270579547
658,0.06825962046434768,0.38585234647428984,0.01227259018663247,1.6053422806806965,95.15354484582103,0.5,0.39128036027484947
659,0.0846938311941359,0.47693970360006843,0.00885145518131991,1.6697100796711803,113.1896014236187,0.5,-1.2706956062153392
660,0.06236718473372722,0.35972316282540023,0.02437470127966412,1.4954719675853803,74.6081292518714,0.5,0.1346498190004759
661,0.09490058362676944,0.3618433902929924,0.01964993235106006,1.441291179059153,54.45258381427739,0.5,-2.680203628126902
662,0.08370509606963952,0.39740373258997175,0.022405605194021686,1.8440630137170824,130.47968406196827,0.5,0.5069007940346993
663,0.06799656295121272,0.4114902586721628,0.02357140003090969,1.5700553186763673,156.95025128693572,0.5,0.28645039053355903
664,0.0814235607097008,0.3846315312561921,0.017217518012761696,1.668672637593643,199.3277784310176,0.5,0.5092493254269608
665,0.0692522380229966,0.39633053059702844,0.01921612406904375,1.5405007826449975,447.94622670682895,0.5,0.4930680927836909
666,0.07689758592578544,0.3574326905693586,0.028748142486975003,1.5613109406186778,45.04208843413739,0.5,-0.2097262123843584
667,0.06018573282970603,0.4424462558069695,0.01829158903649499,1.6763007979491533,158.59455838843536,0.5,0.5474740420259845
668,0.07089580000748416,0.46055875123495615,0.008824099999395343,1.6234411761442336,393.1403235016513,0.5,0.16556704067422678
669,0.052317288854351655,0.4967439604597135,0.022534175547569174,1.5114716357113014,55.70975577203584,0.5,-5.580130245745684
670,0.07574250926141882,0.44373491558301087,0.007424044411606338,1.9931622496974173,190.30355767368158,0.5,0.14766421256578055
671,0.09983120253798028,0.4144746212245473,0.028846814958235992,1.6659930732939467,489.34228080852483,0.5,0.38870841274893553
672,0.09152748448498241,0.3895359227031741,0.025926471601382995,1.8992691988423283,275.23798756406376,0.5,0.20843520788825454
673,0.08361946596104698,0.43972738516576837,0.021641151664814527,1.505242272354989,98.4844727983605,0.5,-2.9985450552584463
674,0.06939294691105587,0.48600427824915365,0.024236645217753504,1.6850626750152065,213.42498072826822,0.5,0.3206424800752212
675,0.08596087457270081,0.3752625539645076,0.011887396571231825,1.5913683162881784,149.20724492195285,0.5,0.2549817244885839
676,0.08041079279751967,0.48348655265169915,0.02403553067995192,1.7056303261011276,392.019386033283,0.5,0.46636487084923894
677,0.062400588040104316,0.35931353143517136,0.02442760178871871,1.538410900618476,496.0126039604429,0.5,0.16137119338309647
678,0.06760559081775694,0.4337690486237218,0.026659029425415606,1.7841427032951782,398.2234763653387,0.5,0.04357825430726159
679,0.06210687715314988,0.4034746840623161,0.02987038201634138,1.7943870596106049,206.9427822313158,0.5,-0.007380976685551932
680,0.07841773241662482,0.43301322850539936,0.028364725926602878,1.7142168689620583,465.96684034387005,0.5,0.4476077704305219
681,0.05074738760669634,0.41667136376261016,0.037393429482599605,1.5202871187894194,108.78451920916316,0.5,-0.038575820269963756
682,0.06595609620101771,0.4762480129452882,0.038277999565157386,1.663176220621296,180.77355224728072,0.5,0.2542213126906854
683,0.08499198255583852,0.49342590984912893,0.01796821326490277,1.8030315317866066,467.77583371473435,0.5,0.514336652674182
684,0.05161102045987747,0.4868464254360458,0.0058667240107551834,1.8233509352589203,307.30348511350894,0.5,0.07639805161630264
685,0.053331126150159246,0.4157599206837731,0.025152731973245298,1.5435121640634466,286.4982400682911,0.5,0.5533853626839995
686,0.06812374610045395,0.4149096508431305,0.03850031588426982,1.5662469934520087,209.60194323062007,0.5,0.3902526694660732
687,0.055653589790637586,0.4508597467026391,0.020585587134543108,1.7997288205926558,258.23635750520543,0.5,0.06020973085109682
688,0.06520581719251181,0.41288915104834656,0.00607413238798389,1.8660676630328106,407.54857483865044,0.5,-0.6253891584625673
689,0.09431956766342925,0.4550300281269878,0.035813430869269566,1.9270633486079305,161.79675629429045,0.5,0.49452100514820185
690,0.09952032491367253,0.4530281916752086,0.021594495466256712,1.5102483146692807,465.4361881766368,0.5,-1.4320122662155366
691,0.08096195132413059,0.37147570038234634,0.020833863790356327,1.579996992346872,63.876367782132846,0.5,-0.13728388155882
692,0.07774174552325758,0.45395450382036684,0.016350398084696117,1.5490536368685546,489.6785420233477,0.5,0.049882092722225324
693,0.08822635764670769,0.4418732418282455,0.00728534904701841,1.894580209142429,289.63419894161837,0.5,0.3499804083887377
694,0.07484760058548813,0.4245969012258761,0.025238572708159122,1.7630498360867248,268.8938060403411,0.5,0.4387933306269871
695,0.052520492382245584,0.47977579976046436,0.03282223425538471,1.9373821052476452,224.99990767809572,0.5,-0.2452651698015771
696,0.05389241230941791,0.37882375389069267,0.014830336699378228,1.522643834140453,387.9375314290006,0.5,0.3591153201782964
697,0.09021948836553081,0.41772045843936795,0.03129622268954155,1.4435425258417374,498.13619919764824,0.5,-0.9664416615544544
698,0.09859537004507166,0.41390045390773317,0.017260528623053537,1.9083888944345986,282.76159080685096,0.5,0.41992385407926314
699,0.07356843403867974,0.4663579973013208,0.024329253539094143,1.7675393964865938,426.1803818451241,0.5,0.44976271526872424
700,0.06972925035313568,0.41781864577728517,0.03333595193032766,1.7970304877833496,243.1665763146332,0.5,0.2612158426124518
701,0.06475062905499455,0.4302690515964611,0.03968342918784072,1.4711495107889543,52.152151088191765,0.5,-4.156662590777035
702,0.07977887646263855,0.45673398877463683,0.024476721951321345,1.5414357774659757,260.94341055753097,0.5,-0.6948531801061382
703,0.06361603612457466,0.3765068495200487,0.01086991066583648,1.5621719634523,359.37560196267333,0.5,0.3485425770608582
704,0.06639138321564583,0.4564594819490543,0.03468964321327912,1.9169589559993292,425.99705211537497,0.5,-0.4256427622700285
705,0.08003449924887553,0.48516504521284,0.0367633615131705,1.9912791481182752,461.38826863334833,0.5,0.07670491024606318
706,0.06874937036746534,0.47984713635742327,0.019701099466509938,1.8327824664819024,55.227205033242356,0.5,-0.08544053247179839
707,0.06991319034991056,0.487839597392588,0.03342168573754045,1.7850867897800802,269.91054627012215,0.5,0.5789508535398464
708,0.06791393331107361,0.35395733085401926,0.03421111567855514,1.6907367316620825,68.16689868451022,0.5,0.5621842168951254
709,0.0851914640654011,0.44700823832749065,0.023308605458034756,1.908999282863866,140.53593621891162,0.5,0.5523978554830133
710,0.09802259258061219,0.49523583956910383,0.007010380645182116,1.658658793786813,316.7721305211872,0.5,-1.787113174454137
711,0.09363473834777891,0.49866587767703197,0.02751206439872198,1.4553465154756484,275.99920029037537,0.5,-5.617513931709546
712,0.05770497259506962,0.3862803088271332,0.03565199081443398,1.4665653640607497,331.4624346799745,0.5,0.5027128174128175
713,0.05995998711159129,0.47347135478249625,0.02980810548634606,1.858401544542861,219.7457458246059,0.5,0.31637717909884566
714,0.09607559495115914,0.4160018814983161,0.005776538997641383,1.4579567838692324,333.3638238616848,0.5,-3.605817815018602
715,0.08383841463626898,0.37988300409664116,0.030128180526619117,1.4317244113358842,462.9764760947735,0.5,-0.09117654820617149
716,0.05497495854421226,0.42434917158749696,0.031192303343883936,1.5095533259480647,120.12751268723765,0.5,-0.34422214779124016
717,0.09781775205610288,0.35855368657108216,0.021828887196858802,1.924968331509119,91.67867154217339,0.5,0.4447147567030747
718,0.09118494880493096,0.44549785128804303,0.03668829410804113,1.7964004408527947,52.502202110385916,0.5,-0.8054233005826246
719,0.07799223396629879,0.4795081177356194,0.0201253404832269,1.9060629413906858,444.67081120146247,0.5,0.22307243820069744
720,0.07334770039002159,0.46408348090779683,0.010850572708952805,1.9967296272435298,403.0709550252934,0.5,-0.3473491406515039
721,0.09247893843178753,0.3816177096785259,0.009012932284709532,1.8377200659205795,239.8446331360567,0.5,0.31484284942295426
722,0.08993656081472208,0.44069650159050844,0.01473730176050388,1.4898744148970706,385.6392451096725,0.5,-1.3465840245998755
723,0.08675228548109833,0.4670212248035418,0.006595883501896118,1.4654564003467574,223.55109522011406,0.5,-5.815370990412082
724,0.07615085618903411,0.42934084920455673,0.03217501211130212,1.8008515628721264,168.78428820867398,0.5,0.5554519214315563
725,0.09450454254639168,0.40096707021018513,0.01416177392546472,1.9731771044570134,294.4389762100215,0.5,0.1624052178367359
726,0.06117478311084973,0.48060375653410264,0.012652276479547251,1.8195753656911762,458.72943742119054,0.5,-0.035320846494304226
727,0.08210772731642879,0.4713418950270875,0.02191239404049634,1.9754419140803343,110.57878756501307,0.5,0.5560433817357171
728,0.09032024759111533,0.40769296760148144,0.0183702128174196,1.6968307659530142,290.845940391879,0.5,0.47774052590603366
729,0.08032287985215511,0.4085594647630368,0.026922559505279407,1.9019279720090954,282.2249392503844,0.5,0.0317242680621177
730,0.07956620537880428,0.4886001453975809,0.02816457050270723,1.7045896776160734,82.44703273274287,0.5,-1.3413453957519819
731,0.07737596742630837,0.4445175365704077,0.034400526968090026,1.759330711953592,394.61056461584894,0.5,0.45637092508096033
732,0.055566037038397964,0.3702798051444513,0.005985838549128824,1.4708084942442854,484.4941506306065,0.5,-0.02938932092109736
733,0.07605439103553954,0.3802485039865471,0.008173884450082549,1.9865000459843951,251.80709383610656,0.5,-0.7401734425710766
734,0.0825071427324498,0.40269484816143497,0.01687501555954385,1.664439558603738,352.6739737647704,0.5,0.480683948880954
735,0.05351459230759622,0.45339152081395995,0.013402420613213837,1.6466939612574714,85.39412693339817,0.5,0.13031895204362054
736,0.05730363447110786,0.48637478357494646,0.006467921112493592,1.8119402270704994,136.78491261210442,0.5,0.41252304995575906
737,0.08655553822584397,0.4620671419608322,0.03068197161841331,1.5729334844784977,136.4671000457751,0.5,-1.9149690435981381
738,0.06394863331235898,0.3730655662965562,0.016397865116478637,1.8910569257547662,187.66186657733837,0.5,-0.811890137733531
739,0.07451748709578859,0.49559867949856284,0.02043838892838959,1.5201754880811273,358.8548159701445,0.5,-1.254008164096271
740,0.0522622243982243,0.38603972713229945,0.011205083321271151,1.5428893753311919,488.9932720608731,0.5,0.20016396555118465
741,0.07132210922874223,0.40298306630897884,0.036248963549051605,1.7376062874813778,350.1940064422854,0.5,0.15706382343059033
742,0.06042248872009712,0.43510837898977117,0.03663956221452787,1.7541711089085363,189.18903463279437,0.5,0.4648144018938668
743,0.05813641571704809,0.4481207647275248,0.008471998986826601,1.8817427852634268,73.04870081633621,0.5,0.5086700856661788
744,0.0688034174659786,0.3741722282544474,0.007182940685898146,1.7286996119325226,290.61831714695205,0.5,-0.07588099406998317
745,0.05993547178077433,0.3818093319689311,0.00796599561127723,1.935795473328103,285.8482179304355,0.5,-1.6361176446542935
746,0.06732469070100064,0.4066302899128297,0.03942711889223678,1.587530632316093,29.24087792601654,0.5,-1.968080473557114
747,0.08534421250174432,0.39939154989601117,0.02099632560272482,1.654038207712635,380.8788598383217,0.5,0.4878600786416162
748,0.09705541604894657,0.4889185927976315,0.0188751457273946,1.6179372055085413,79.34783465036034,0.5,-4.3685322819411025
749,0.060581223052159246,0.4485167375115694,0.017558350045126896,1.7623206005537102,235.10282050292605,0.5,0.3802338895226285
750,0.09353226274424067,0.3797829006174968,0.014030352798660533,1.5046881330469886,246.9116965647377,0.5,-0.3031243470198688
751,0.054140775451139565,0.42726453530342623,0.025408067723350358,1.6409751908201098,141.7486631584888,0.5,0.5731226601619539
752,0.08699320687400627,0.4897998868212733,0.0055759930468242255,1.568950592181615,292.2385462268641,0.5,-3.518762306342743
753,0.05314806078649763,0.35360696795290897,0.018050292849195057,1.6565361583777078,67.53152437919076,0.5,0.4592972180307603
754,0.07680749302711697,0.4413571264958876,0.0170204465297002,1.56678988201153,168.29573885034455,0.5,-0.47451348235395785
755,0.05722781643463201,0.4259887531200648,0.014941853342994211,1.6166870798293116,396.27708531005896,0.5,0.37940028783831814
756,0.09067179883830702,0.4123679839908181,0.013332278383626847,1.7080049956791983,313.00827843521483,0.5,0.45495485743370256
757,0.052350123908488165,0.48287196840100854,0.03616877665209284,1.990685315340411,33.60447318301404,0.5,0.2765295918686189
758,0.09181737259430628,0.4958597260956837,0.02784961236484923,1.4546838996761933,334.8003663912862,0.5,-4.684290562748069
759,0.055341887608736554,0.374749028611031,0.03729461195868915,1.4565077974340528,303.46440697118163,0.5,0.5318902322292365
760,0.09332330569020704,0.43360182571778305,0.0056020952505458355,1.686715321572206,276.9791579116998,0.5,-0.46509235893262546
761,0.08099135106934593,0.4594294700579023,0.02847350055735358,1.7330745370511693,370.09517446995017,0.5,0.5383948620860206
762,0.06423926780184239,0.43477428599571877,0.016583079089200942,1.9818179191554268,286.0789235274032,0.5,-0.7770005469380898
763,0.08046468562219965,0.4081250730358785,0.024823107077610065,1.9293653549496268,247.63483376310597,0.5,0.03434385590587086
764,0.07046102588293382,0.3512085988271562,0.03148009168977297,1.4270674092328715,209.92400070685844,0.5,0.21353406991048063
765,0.07667823584342492,0.4062211201564954,0.02198662767694969,1.8620426334536078,103.14618138460618,0.5,0.524757013972946
766,0.071274253891701,0.4734245244506297,0.013130422751820638,1.8562972983755501,56.0751311863689,0.5,0.10666873970840896
767,0.06709932535672467,0.3719925590561019,0.006101278097759212,1.5785709995618158,368.6991363216562,0.5,0.1390297055738886
768,0.05146103430216804,0.3832898882887455,0.010381190889202325,1.4568269063001227,358.30028404698544,0.5,0.30116599451579695
769,0.07409652393832179,0.36649031243653774,0.029191489985801993,1.6571469058263288,415.0778611743686,0.5,0.08036154474924717
770,0.0656104029149804,0.37165375809987666,0.03366563723883648,1.5249498341516179,332.7717313891235,0.5,0.515406140397193
771,0.09011590630299002,0.37111322537604924,0.012782453192712808,1.8381723373994303,228.64435535810213,0.5,0.23882340706008975
772,0.06335710303192654,0.37842946619106466,0.019400854109576385,1.4324792978529421,154.33306148294838,0.5,-0.27988714848197027
773,0.0865861283554333,0.41016831965892403,0.0356902552725851,1.752981527353646,439.3860173256675,0.5,0.38324651490731054
774,0.07862982918238293,0.3533023601679466,0.035957885994895696,1.4223789445534012,277.6462301073814,0.5,0.09265081061091451
775,0.053811216069728225,0.3591222830838981,0.03974460586357159,1.5373421985832751,410.4987759514603,0.5,0.07642984196239244
776,0.09397327941458446,0.36158223183795557,0.03443680793795556,1.4934951469035984,422.3971780815772,0.5,0.24850377799028012
777,0.08781097158041265,0.48761572839131795,0.008577483269039655,1.8537071148136808,435.34148317335894,0.5,0.39850373030456554
778,0.09235731996760765,0.35599587127543353,0.03181745595425796,1.546938889314661,492.4484541220942,0.5,0.439367556083858
779,0.09532974140159244,0.46125985223820404,0.036505279438261776,1.7649950410463773,47.760687199504105,0.5,-2.0709861977784123
780,0.08506723885540411,0.36521791380312396,0.015926537275201737,1.9652349083809844,330.83239766973134,0.5,-0.6144068182603157
781,0.08490974061593534,0.472732282908848,0.039138092664831425,1.4680874239311907,378.89214958784737,0.5,-2.3217916205724096
782,0.07082481308571306,0.357383042384103,0.006960503582850154,1.8076289741187304,144.51779926783405,0.5,-0.08727531797263
783,0.09744115561268235,0.44049169890401335,0.01629970022247386,1.6528169440620892,92.86653597731386,0.5,-1.418729590442962
784,0.0662731730433139,0.37010780656337916,0.0278175605699783,1.724482840803617,96.38218475138764,0.5,0.47818307057778975
785,0.07871219646867612,0.4345218360408919,0.03074825185563119,1.9957390223482412,147.89033442289596,0.5,0.35458427180239926
786,0.08694868705181621,0.3756551326664922,0.006298197840133908,1.9849490025344192,253.51643782378787,0.5,-0.24704334439251996
787,0.09108467364236711,0.41107374900789745,0.028225795140842166,1.6824560008050335,97.38545820014012,0.5,-0.1171448000101496
788,0.07997792600923449,0.38775137667496956,0.013188704988064803,1.7989968980080757,233.93177615859088,0.5,0.22793373877415746
789,0.07055311187230145,0.4173051936623061,0.037072502357020115,1.4744064049631616,314.94122531956526,0.5,-0.1249731268608405
790,0.09506569588227454,0.38973227527907667,0.03152089986077283,1.7810011268593744,483.24789528179383,0.5,0.3016589209984507
791,0.06979388670040977,0.4626301640651562,0.015742031292437866,1.7338237908303995,381.275121300251,0.5,0.46263093189241566
792,0.08583320869888442,0.492484180631818,0.022871360646178947,1.7495170572108978,270.7579789266507,0.5,0.28176369326011763
793,0.0794264347902472,0.4010284987727115,0.03528481997925424,1.5463912580417738,475.800622930334,0.5,0.47478553114798094
794,0.056864638635838335,0.3971099269270428,0.033697678652524946,1.9452315325218363,89.61546683330505,0.5,-0.18001530975957447
795,0.08187282662848044,0.37785219901551276,0.03209143297159042,1.5958057281486044,416.01554810837115,0.5,0.47633783050754674
796,0.09089493904681226,0.4466823894718032,0.03355008364938486,1.8498076158980785,223.24549120071768,0.5,0.5221407792291897
797,0.09249909721158472,0.3959734302738242,0.027433524538819046,1.8365188579907625,301.7824348960438,0.5,0.35648068049650306
798,0.07172588157898827,0.4175686105830147,0.018168133470514058,1.4697158944324562,428.724098983852,0.5,-0.05313064468778572
799,0.06341944150824885,0.4275595798215791,0.007891493167953898,1.943488077366499,31.38920107748317,0.5,0.5025914093032872
800,0.06320134119410796,0.44908539390005914,0.03818098644551535,1.7949407422688637,72.17971930534624,0.5,0.45392039889251923
801,0.07859415088875499,0.3881595523760663,0.035425195370829485,1.9440612517292792,439.4784580193502,0.5,-0.8034249756823932
802,0.09314441680198599,0.3631573130923507,0.035996137163068584,1.4792419491364577,198.21347991247234,0.5,-0.28339044031307026
803,0.09746097106312449,0.44529843340863906,0.024567249370275067,1.9937774340158265,405.4540830437837,0.5,0.3251234277256241
804,0.08157861408194406,0.39351131558564434,0.03646265036315077,1.6011576175973736,149.8199870356462,0.5,0.2809317496444911
805,0.06543489801320408,0.46096297128922303,0.006854688760100123,1.486428064843692,421.76559481093966,0.5,-1.889430690947015
806,0.050944410570269355,0.4881872804345885,0.017573764665584385,1.5446225293798799,105.85811570678568,0.5,-1.598815330505813
807,0.07458647269050858,0.3628844155565897,0.03689356716506122,1.9123671328956524,133.24146541542765,0.5,-0.169159872092838
808,0.052812126159998043,0.375948371335025,0.007148215983418693,1.766119242245694,382.18334715894156,0.5,-1.2557789127909378
809,0.09578858401264409,0.3614966775796861,0.026826878259860104,1.7604685602423793,404.2673660823598,0.5,0.2383786764717576
810,0.08934908882459744,0.3549072778592194,0.016271879256638165,1.776218694251277,246.3419768442432,0.5,0.20902575367754594
811,0.09871778359917173,0.39502237264815104,0.01820891922222066,1.9026975108997672,194.43450576432838,0.5,0.4440847871332251
812,0.08054492275717892,0.4483177741044258,0.023876140072072664,1.7319320015744586,341.2702457100272,0.5,0.5353441958473489
813,0.0629749623383873,0.3650835902819702,0.036264717031570595,1.9192252987025928,133.54984388836323,0.5,-0.7102656038700392
814,0.07499683068209964,0.4517234304860042,0.02612132994110199,1.863829039004357,468.7616038234313,0.5,0.027413681800380285
815,0.07232926634142704,0.4342689301705149,0.007101016252664009,1.8855764269054607,256.93024478264016,0.5,0.0899785181426217
816,0.05403901129330529,0.3992366870208187,0.024375230011976473,1.7399785574186575,435.8909137477393,0.5,-0.9050555640352895
817,0.09807279968859053,0.4551270863483352,0.028717035885836722,1.8876048435464727,446.5449291033383,0.5,0.4632826653960216
818,0.08965811368378074,0.44958329309337025,0.03046274319777575,1.5678054138596604,447.1423107298139,0.5,-0.1256208382865167
819,0.06002501758118851,0.3937862889439649,0.033248278076984814,1.867525776457301,54.053348338046334,0.5,0.495012337103118
820,0.06482793042867385,0.3688802452042204,0.030966030491138476,1.6473602275974435,101.03017699683187,0.5,0.56464909607957
821,0.06843168155147486,0.49470656696625015,0.020927543166672724,1.9284422722937218,380.65751850279935,0.5,0.07521816880182397
822,0.08733559937216774,0.3824464249089751,0.02226397247860382,1.77097245858698,157.91163729680054,0.5,0.49758105627273974
823,0.06596580404441567,0.40241845173581187,0.015214779078520214,1.8941357736468858,450.7442105803909,0.5,-1.201157830833604
824,0.05704955771716821,0.40987647917026615,0.015179141688924596,1.939097066217266,151.30229229301713,0.5,-0.6036243259038907
825,0.05938431764562608,0.4893162911454127,0.007812331204677423,1.9466579318253732,320.8623378789339,0.5,-0.2917948439253968
826,0.05955580058270445,0.4857458280840543,0.023504023378891972,1.9893328362786151,357.7355536593557,0.5,-0.6499449802435149
827,0.08243280015068251,0.4262058060965127,0.017244152185211265,1.5586156324117995,95.69090632157115,0.5,-1.3290966005462366
828,0.07475486584690402,0.4861963845055982,0.02733831817735345,1.7438925340637863,356.63903130639403,0.5,0.5558424595320386
829,0.08214383614737411,0.4302410594632378,0.016155503251713665,1.845596588490353,291.2416601516011,0.5,0.36149439809917816
830,0.05156825325295576,0.36559619064130816,0.013476084400220066,1.9827684094950293,381.9981969024234,0.5,-3.5579557229215615
831,0.09912252475517117,0.49878466698130186,0.028815646460022565,1.4557512061460378,104.83337234362675,0.5,-10.518947689253256
832,0.07207811315844746,0.4440694060218149,0.03061398455736134,1.7428807028940119,139.6380568736166,0.5,0.5277274771468587
833,0.055021864291427885,0.39688342686807315,0.03317587543997509,1.4813224263366007,298.3604410590487,0.5,0.5002035076204769
834,0.06385396617833707,0.42245838067474417,0.006014750598479097,1.564450874580467,339.8596563857605,0.5,-0.171058649248794
835,0.0513408196179166,0.3890376530509228,0.03712228498705046,1.7171809899603137,160.04146369504141,0.5,0.05088225874657426
836,0.08910015041033961,0.42401750169960206,0.02212558392543918,1.9924868762847456,216.46923719703523,0.5,0.3161741796039851
837,0.05672690803164777,0.3532013053828705,0.027969843786631865,1.703760874762269,452.880699438205,0.5,-1.3649352488376678
838,0.07515757415290139,0.44933181964511515,0.024966084227081613,1.7133199840375757,84.4622902063394,0.5,-0.08291261965814112
839,0.06330151274223952,0.3661467482481106,0.009217229901883464,1.8286053552219248,124.69625440018413,0.5,-0.24320861970804475
840,0.06969015073177895,0.44979265580903727,0.03024372201081949,1.9955549192054942,402.2485468172298,0.5,-0.6601992689734741
841,0.058584278962695434,0.3850734401354009,0.03123433111130384,1.7029512272130558,233.004885524846,0.5,-0.008337734395177376
842,0.0818299822257965,0.39050893336924797,0.02923577576741053,1.7936034433357333,195.80396629579982,0.5,0.4046669178498751
843,0.08425647621889684,0.4652983002033322,0.016836901623982558,1.8602486791522246,291.7111317011666,0.5,0.5103375618747121
844,0.08228740589479655,0.4362462279172653,0.026884963998770627,1.9588813455669694,143.1805192669488,0.5,0.4994783484751937
845,0.08648148754842169,0.41521165380258807,0.0209631776369725,1.4430122851595526,162.58266086561426,0.5,-2.483748543454724
846,0.07096916097169267,0.4040247953819194,0.020258893293630093,1.8580335026954975,231.78188160530325,0.5,-0.06200756120888906
847,0.058812614064224,0.38125170746915205,0.01105480885822378,1.528401672789793,207.9921490805225,0.5,0.44410947535927814
848,0.09892902849671911,0.4051310272846229,0.031905670675385384,1.8594924130411163,44.26423852380431,0.5,-0.16190517493905654
849,0.09414091431265996,0.4263632022988757,0.037961850265775726,1.707754225519826,442.43605594777347,0.5,0.47016626302733433
850,0.09212002381306567,0.41269570163851266,0.014799059733935482,1.6550614022783776,397.26334188462613,0.5,0.4088472829425399
851,0.09612035253586931,0.435205764562964,0.0111334543355549,1.8731811107784537,478.278689080728,0.5,0.3577532309355931
852,0.07243361984190587,0.4122746532389679,0.03584931688395679,1.7739028554190102,46.480615779197876,0.5,0.25354220911676084
853,0.09165688577447731,0.4745913011089915,0.015113150850758827,1.7915463075321754,256.5208955561053,0.5,0.35225455337773537
854,0.0713610875204258,0.49488220679947714,0.009682754742428953,1.6136015802642545,69.65742824491267,0.5,-2.9787361961358862
855,0.07386203005103228,0.42168397347285186,0.0250141040680466,1.583627226466473,137.5069528242982,0.5,-0.039406062043630063
856,0.07537094174182468,0.35573601133092886,0.02059638049427102,1.9013367855562475,134.8954651219953,0.5,-0.22296517990199338
857,0.051868215975891016,0.48443713646024006,0.03447424931607723,1.9073102445962213,165.32265524350603,0.5,0.22143941997595462
858,0.0866152593010539,0.47159334780129564,0.005098896654676607,1.5503587226280426,494.3113552652234,0.5,-2.6862123245267533
859,0.06580480181826855,0.43198849833972863,0.006556896381735865,1.991879314460497,289.19776806582354,0.5,-0.7176715110186853
860,0.09131107591988372,0.3738676437302529,0.02597257637569167,1.8418448653474921,335.4899099211433,0.5,0.1150772620026429
861,0.07930722484846711,0.44289289773012563,0.03138691911448606,1.4771843172028323,109.77659492416043,0.5,-3.3708038994600678
862,0.06786237780255439,0.3609935255056318,0.005071902701979753,1.9607691529210642,269.00802488762565,0.5,-1.3230172836648668
863,0.0900892123545339,0.3608057468244565,0.018236501071903666,1.7065323673204795,300.14732287709467,0.5,0.3490610341402177
864,0.06136936096198188,0.46895987031651326,0.011727554230242961,1.893487556866265,70.11450254860154,0.5,0.5533385191068014
865,0.0665366135226797,0.4955008414094084,0.026383436447399836,1.6419755945393166,303.60556623539384,0.5,0.3199110361483445
866,0.08459357071056421,0.46780412336711724,0.029757130856428667,1.686365366287846,113.59194507202828,0.5,-0.6998977480586346
867,0.07008648037926132,0.47221926964921257,0.035095683039654456,1.4615850029143822,487.303385374775,0.5,-1.010890009204115
868,0.08566288885491662,0.45841146627994966,0.026092174901939783,1.7835779437559376,365.94662885723227,0.5,0.5257703924312103
869,0.09710835117464081,0.3552432319392617,0.0137112456674829,1.5325433302493106,398.95281202446574,0.5,0.25689424508184544
870,0.08105283271313775,0.4759201789389292,0.005902328626821261,1.5697127861886069,344.8003474884854,0.5,-2.104044733134017
871,0.05749867619506346,0.4434971385576625,0.030401401819493724,1.7891022646834265,153.79385782228118,0.5,0.47147378752031255
872,0.07569956069326424,0.4963985557401976,0.009997970670261664,1.9537590134428213,353.28041451092395,0.5,0.24184989195467776
873,0.06679784219761734,0.45541086594025604,0.015285089900021715,1.7188072998689823,477.7199373727043,0.5,0.31873276110485016
874,0.08538279051230521,0.36382348871578407,0.027377748043959794,1.918247265055693,108.46771546205744,0.5,0.27932278035163494
875,0.05482460573331611,0.3806412725095634,0.02956595734410747,1.6886808418653996,306.1598791598408,0.5,-0.39057980363486977
876,0.0812013205782689,0.40644778116419683,0.011683836738359637,1.5477888438420062,266.3976252513861,0.5,0.020526310671067693
877,0.08791619014646362,0.41683751184733775,0.02854193935716967,1.4844463395688308,402.4925968617072,0.5,-0.46083003722179283
878,0.09956333499403405,0.3981925278178757,0.01356347865904949,1.9047425242532143,297.61913110401713,0.5,0.3543413127007955
879,0.059299065165691965,0.44429319294299796,0.01893945597247071,1.8246801465564537,250.52996089210797,0.5,0.019637254490483258
880,0.08168549094275135,0.47866470759525076,0.008620556883904472,1.9669412950290919,362.42226568247423,0.5,0.24212015383826802
881,0.07198967024790118,0.44146501327497323,0.0073764198520455205,1.820228859086352,317.89782944509625,0.5,0.21444972149475006
882,0.06083138713389021,0.49441864580717987,0.026561852548499975,1.8372022285128387,360.2369561510547,0.5,0.2284400091375376
883,0.0951189445843009,0.4231671778332262,0.01771809112429999,1.8627377653126456,259.89904703882524,0.5,0.47783946491057616
884,0.06554292555461035,0.4865301905610595,0.027565772836857568,1.8956436262098064,83.24948113184395,0.5,0.5053623596948552
885,0.05453944303854027,0.3795808500974585,0.022731575759170435,1.6601237498210215,134.4313609178522,0.5,0.37350577833470266
886,0.05629075762958295,0.40313301671647367,0.014896971291752527,1.7986020683113941,392.5091257397223,0.5,-1.038579449554276
887,0.05711219316305928,0.3892392862928785,0.014659192958581327,1.6112615677847333,175.9915168266821,0.5,0.47609920589552257
888,0.07590067341601545,0.3539942656667594,0.027150684732351292,1.9709467558962688,28.357778502371204,0.5,0.542911319414237
889,0.05839029596494606,0.47063372021412897,0.012934029779488175,1.4738690276374162,262.1629882484869,0.5,-1.4276401147883484
890,0.09407694235017788,0.4518940189193942,0.006335522417963428,1.9208483371959113,281.65330699286335,0.5,0.3381000642030063
891,0.08065577979559384,0.40464274310254544,0.028678304545162875,1.7737094234978177,469.7703134853488,0.5,0.1168053874372551
892,0.07868694891264902,0.47367967864325755,0.039019407052440294,1.9597055141203332,225.9517255147069,0.5,0.4595032427069856
893,0.05285239434685678,0.3993500455275219,0.01095987729572722,1.6971986110099198,231.13871500428374,0.5,-0.043408885779986583
894,0.09799763890298935,0.47546878708193285,0.026270713745810588,1.8969228771524662,203.12333110611647,0.5,0.36866776336999074
895,0.09880780253174595,0.44605848397968517,0.03404322549002447,1.4466630411984167,440.81293091063844,0.5,-2.6015975373701044
896,0.05841002369354893,0.39000335997380126,0.03231806209120498,1.6483014746521683,262.95181544375913,0.5,0.23990796652654534
897,0.06110043471024476,0.37802859514775095,0.012504095766379345,1.8252455360561977,114.59268876700038,0.5,-0.07097584982816785
898,0.09112010830975323,0.4423112065097055,0.010651778207553853,1.8220519550734764,230.10370245027224,0.5,0.463921886162699
899,0.0586300267696119,0.3853820506251727,0.03213133782034741,1.65100625823864,486.93962630280254,0.5,-0.3211615815748159
900,0.060252702731713306,0.3776656511967014,0.015827715201348624,1.4684768967363717,426.91998834427017,0.5,0.4540182506938656
901,0.08298244329742308,0.39824169754745126,0.005168169668719827,1.8469757100413364,470.3547590807452,0.5,-0.12741061006299015
902,0.0884597470852421,0.398862375510155,0.016789400845702733,1.9007890600191935,325.10386440191104,0.5,0.10247443341654083
903,0.05921404009951728,0.4573932113059042,0.03945542722367175,1.933363621046711,264.61831449935363,0.5,-0.3442139870573382
904,0.06850199826890456,0.3763004583217022,0.018964283332899352,1.8615925995743892,129.3964247607736,0.5,-0.04079146681212875
905,0.07266511273354709,0.3589929213814508,0.03601954001276217,1.936842765992856,321.20180538519384,0.5,-1.279975512098107
906,0.08833751464280593,0.4386765128353396,0.012330527510563394,1.752165245143681,211.6980749117941,0.5,0.41177545931170834
907,0.06442838182878827,0.4308636880504792,0.037683197523575976,1.9485378026453084,201.40092788235344,0.5,-0.22300662183493247
908,0.08295519299533974,0.45470643499141206,0.023448825179501177,1.4783475152713357,317.2705889933113,0.5,-1.632354961027557
909,0.08024600961689615,0.4091643216129779,0.031805290470425775,1.435890329648553,492.60232151703684,0.5,-0.41314908121177885
910,0.0693275496765692,0.4212082539421093,0.015255652550212929,1.9299732784531036,371.10714138894923,0.5,-0.7009438638734047
911,0.08151467760320522,0.415498834993024,0.03554514315858575,1.8187581897167446,35.56656449355302,0.5,-0.14526141320529384
912,0.06899449544084882,0.4465388458644888,0.03288719681319538,1.6959013941071266,315.6328841802096,0.5,0.5509947855688424
913,0.08911434420076497,0.3772476361917144,0.02235864017831418,1.7683304440072827,394.38392213885567,0.5,0.20520081224967113
914,0.0745551827341031,0.39655072234637634,0.033370866359025524,1.8264834612391867,285.2519026929525,0.5,-0.025135943372073255
915,0.07370199445178768,0.47243736391164715,0.035270109993902024,1.7416402554765562,124.95574226838494,0.5,0.19725027080353685
916,0.0944010169065495,0.48795490185448326,0.00651854491415965,1.4594428612696162,71.6126427624161,0.5,-12.496914337385062
917,0.05255945356667424,0.44803711898480525,0.01007566208117924,1.533295170725514,346.01989337601776,0.5,0.1740656468798648
918,0.056100217879119625,0.458078818628044,0.017082761980395676,1.6504352575029824,148.19917579296992,0.5,0.4408395326860729
919,0.09289188844860641,0.4313810621456762,0.03397871732719618,1.6687067532910451,126.23439148083483,0.5,-0.38180433618627707
920,0.09699451464274597,0.47640249807580815,0.013300014346328428,1.9508909137305404,320.50912499124786,0.5,0.48998432990351404
921,0.06350909534602485,0.43110683122812354,0.011324442960660765,1.7404026504158576,201.05700570524212,0.5,0.4209189839047903
922,0.07283619472254552,0.4837918457194129,0.022163307696753957,1.6895828959933377,196.65060712605845,0.5,0.21447129524369102
923,0.054648420680577535,0.48587360173521604,0.014584343832859524,1.9982299540235604,157.4021257071163,0.5,-0.04724692181832779
924,0.09815017928087183,0.4811450458726423,0.020240832330695444,1.8274381414054521,471.62936371428106,0.5,0.45886569960045953
925,0.09047971519581155,0.4411942710868622,0.006199214964004784,1.6646642182377343,205.59633832636084,0.5,-0.69322800774882
926,0.07937637782811835,0.38145961315271504,0.033121059911324774,1.448397949328577,384.1026867193233,0.5,0.06763888631537995
927,0.06371926351685259,0.4372712264369706,0.029529757618570306,1.8163789324841733,236.0874598216619,0.5,0.21220561004077187
928,0.07053751146772684,0.4692036384617712,0.031846429735418874,1.827858644653128,406.2891945772661,0.5,0.2753979204401401
929,0.05086174893050306,0.46555514517097196,0.009381089229770281,1.4517455470026308,356.01816346927063,0.5,-1.5392905236445085
930,0.09456024269417523,0.37552043518802697,0.008769047521519146,1.8656408688574262,418.6607551464358,0.5,0.03657966125920942
931,0.09293422797090738,0.35442446248192433,0.016698187732910125,1.8667324417344895,81.46058109251545,0.5,0.47341082433377124
932,0.08196922101677688,0.40168096246901225,0.02188117175233692,1.6200192580501684,218.72198620157263,0.5,0.4331469505686434
933,0.08666756027283823,0.3613851569661685,0.011498702022233607,1.9108071948448861,71.08468568264018,0.5,0.44391800882487686
934,0.07424063974524556,0.4505652173171228,0.015094755579436445,1.8772557023047804,246.0440959914333,0.5,0.32880478948517133
935,0.09176828511994814,0.4276104605111559,0.011273894568220977,1.938358815119551,189.539117161346,0.5,0.4633352294369112
936,0.0683278589455251,0.41307002941137505,0.024583742301485863,1.5912525264618016,92.60577668449513,0.5,-0.03620879076872363
937,0.07972162576335279,0.43700063312452664,0.016803268979990845,1.7365883885504236,484.94026719496327,0.5,0.39960534148652305
938,0.09381408384240603,0.4910081613315499,0.010108791704135773,1.530743630594882,386.37686509937686,0.5,-2.9416797508351604
939,0.06604169775649572,0.4121262512727923,0.02706530214811938,1.538915468283341,57.609470330338844,0.5,-1.2893901041350135
940,0.07338585776223731,0.38052316104191614,0.03027989857177659,1.9454289324348955,363.2885546951993,0.5,-1.0588782298595403
941,0.09259661866036936,0.45124800207059457,0.012862245116122497,1.4791538678433822,306.6927861924622,0.5,-2.635426052216571
942,0.05265002776578955,0.4249937658603912,0.016460380395676655,1.5781453577946998,128.68878620463732,0.5,0.3816554308669525
943,0.06997599612013834,0.4456324390373175,0.02389708987979351,1.9241970019418808,423.81744583047436,0.5,-0.4335102297701152
944,0.07651888764568876,0.4670994349724539,0.019824676258121,1.8892271932999845,322.5146582373178,0.5,0.3299861658580774
945,0.057688876159682996,0.4264587264515683,0.03858860694671386,1.7263458143495678,93.55295677231962,0.5,0.5819858791164898
946,0.05081285690309121,0.4415882604340926,0.026212049314118878,1.4374334877383446,369.52030339695676,0.5,-0.2106471701720054
947,0.09468489763707814,0.3946012563144644,0.034192609833358915,1.8915800239995801,280.64513132796304,0.5,0.3126953892364047
948,0.06822132548333591,0.48356799805185735,0.009178243964282063,1.513501309130168,39.50382872956571,0.5,-7.587329979314687
949,0.08618626399098711,0.4204217045023222,0.01855032776434441,1.4720292239931636,461.1629353478951,0.5,-0.5866395266847362
950,0.06745564008269055,0.45715917170332554,0.03306569236196154,1.5829750754367051,274.6705862152264,0.5,0.24843170682977977
951,0.07827752617287505,0.3687816075188512,0.03391369299568135,1.898935995909231,100.50310194846084,0.5,0.2554759217434168
952,0.05553506740009501,0.39218431255910363,0.03493016289697534,1.8709294669343468,372.5013784315106,0.5,-1.6950798780843184
953,0.0579357869151671,0.3721654338257702,0.0332190871794346,1.898567504649418,484.04871083685725,0.5,-2.4721081985087383
954,0.09377609010734253,0.358182196798092,0.034788194275321385,1.503094599878438,281.0172208367207,0.5,0.1674562339378396
955,0.05815188717970712,0.3972776265425749,0.008803886168243666,1.4510170740179218,145.59653258522442,0.5,-0.8404680370248001
956,0.09788718815488018,0.38423274808823743,0.015585088610151898,1.4258617460150418,150.74517476316043,0.5,-2.481086847882896
957,0.0993970751387336,0.47648485467312385,0.018795107922924558,1.6065472328053447,76.26986712418193,0.5,-4.371946517571551
958,0.08685491222894395,0.4183592349509757,0.030306734475150733,1.6060335123497194,48.44870555587204,0.5,-2.0546832440427547
959,0.06715330862059914,0.35711203427508836,0.013168088446378358,1.4234797630108469,243.4063517970877,0.5,0.10033735372399977
960,0.09310617709266172,0.4510011010250568,0.02804045601876136,1.5863800407080406,224.19421633887566,0.5,-0.8936964977284163
961,0.06645940102061966,0.36536957558375716,0.017503106802189083,1.9768655496425374,328.58470003823385,0.5,-1.8952791063759125
962,0.06089829819022065,0.4293993350776829,0.032040062884127155,1.8736514764260337,163.70951677140312,0.5,0.10816842617291544
963,0.09734696146736817,0.4950779839511754,0.01243073064065259,1.5491864159945241,117.12126739869423,0.5,-5.364408762597309
964,0.06893894958023483,0.44746417474946093,0.025340931308562277,1.5610285541966296,179.5443678052507,0.5,-0.24840671223927413
965,0.0653048128879104,0.3513051136379273,0.031678506793383285,1.802363021448064,164.93998249217762,0.5,-0.46505524399490694
966,0.06864552798235798,0.37431242066802145,0.012304638423679293,1.671085929976209,498.3158911045773,0.5,-0.21448328310011888
967,0.07183832171883885,0.37506632774992915,0.035330376089805784,1.8568012133750593,272.47764348353894,0.5,-0.5142922648415911
968,0.059032092105832504,0.44002240587651764,0.0348895305880898,1.5822100294770423,377.35126836942555,0.5,0.569649336368097
969,0.0977810273207221,0.39996438079994884,0.009795477392976502,1.786530607744,93.92270702598066,0.5,0.22033460148386985
970,0.06988256056363373,0.4577833974008229,0.020707951281866522,1.780272449283257,269.6912452040238,0.5,0.4869806681831802
971,0.05798524384354269,0.40727362508647696,0.01081216558097731,1.9988319063625926,379.4891789678437,0.5,-2.1532524225515846
972,0.06837954368970794,0.41868350064522836,0.018755514638019027,1.4856157591781505,377.9373738143061,0.5,0.12026110779364085
973,0.05467394177454968,0.38087192788250246,0.018695165640708944,1.63900359501612,468.22232122006574,0.5,-0.4700822857768181
974,0.0773145312438748,0.4248103608342165,0.037901821297016774,1.7108649812906465,296.6243300451509,0.5,0.5348645303810324
975,0.0972586910600351,0.472603957006423,0.039290443299696415,1.775986948557189,31.04799412908175,0.5,-3.9192703118819887
976,0.08883683057436448,0.3865113667624176,0.03483045115012229,1.5139858141142728,349.44202844892595,0.5,0.15239915234010915
977,0.07712929202036817,0.36214356791620816,0.012717185875964283,1.6381596221492165,398.43726124122054,0.5,0.1859345133521989
978,0.0591831711016289,0.4939834088915913,0.013776143824739852,1.9093376418111305,470.88139034608776,0.5,-0.49121629346816453
979,0.06221132298023453,0.46148318829733936,0.026705705900408,1.5752822197093992,378.39989298253226,0.5,0.4533816093945986
980,0.06902523523434245,0.49239107731865217,0.010578016531757321,1.4756124638600805,228.32265192146062,0.5,-3.650999166428533
981,0.07700847288184272,0.3930817152690776,0.03794407727643882,1.9000887544798113,36.76199087064736,0.5,0.5159932138749342
982,0.08554505766418219,0.376779810412146,0.017117396352962264,1.4692488723700172,78.2228963975408,0.5,-1.5801609328009354
983,0.058073321810032476,0.39869852864634175,0.017077536981731076,1.6352574064298178,123.54475819994978,0.5,0.5550645359612107
984,0.05947458739868588,0.4819817862033401,0.03539948328444212,1.6048611819836767,201.6707988582095,0.5,0.06122647622174393
985,0.07122402794911584,0.45565732694624805,0.030839932022993666,1.5946754889863053,230.8796946815785,0.5,0.10247521408850557
986,0.06075292457457534,0.39132366840827204,0.02607176243284052,1.815812844569453,176.28391648395078,0.5,-0.1892954791584598
987,0.05109464581788887,0.49367109449894164,0.01650316019394986,1.9347243622690846,267.71528816412575,0.5,-0.39298561759768447
988,0.06480613494681026,0.4438263976390582,0.012149888988093483,1.4538735908306666,350.8351972376289,0.5,-1.1113115493581986
989,0.06347346596304265,0.4740780802631378,0.031128199858244214,1.5895523060048051,347.8536766021475,0.5,0.37143086396144664
990,0.08607162118910709,0.35507189285484253,0.022942389189759375,1.7495759985897437,53.45649891873343,0.5,0.48973066463315185
991,0.054350220401781134,0.4255859858699717,0.013029782794311807,1.533633915176618,53.18346540265371,0.5,-1.319460935787121
992,0.05273607867053233,0.4748931815372654,0.012006823328929044,1.913422135682882,189.93347046690374,0.5,-0.08245035368462394
993,0.05649306946438247,0.42657718874155287,0.024281534650137694,1.7424497252330422,122.40574141905793,0.5,0.5441331756282979
994,0.09715177832086364,0.3511379032105304,0.029316952451850183,1.4624212562515886,46.21106211767427,0.5,-2.1917556987892515
995,0.09909884834971773,0.45897403898455963,0.03781428668280405,1.5263462823586489,419.5865887190047,0.5,-1.4245068369078338
996,0.09591567639043318,0.38730557968337237,0.03452448052601273,1.544094703553145,248.22240927367454,0.5,-0.09536070632957028
997,0.052095189954933896,0.39795889719778466,0.021069769280825067,1.4925209550840919,408.80328102614254,0.5,0.5142530304607095
998,0.07272586974615679,0.4723974890388997,0.038437569303698835,1.9312479848132353,49.68754541931167,0.5,-753.3651217516904
999,0.08826471913770781,0.48087111675656613,0.03353196209448823,1.7549285424287102,309.3563639428943,0.5,0.3813763966838837
