,thetar,thetas,alpha,n,ksat,l,nse
0,0.09807247605862979,0.4429973592580434,0.03075017668149238,1.7775487219813138,72.80023271213612,0.5,-0.7280544125560855
1,0.07186313488159485,0.4570080615152902,0.01932733390687347,1.9505819484652787,410.062068986992,0.5,-0.31124753245298264
2,0.07017771476057544,0.38036509637736804,0.021599576625671486,1.4373589724076836,20.908419190380837,0.5,-5.029097343991243
3,0.07762956863850008,0.4565190877219676,0.03303165327866187,1.8317441281217293,124.41686728717589,0.5,0.5224395334599274
4,0.08424096673120154,0.4864406026994863,0.03480417082991981,1.4450417700810942,408.46972044346404,0.5,-3.3519522737819543
5,0.07695522112230796,0.39674147983218516,0.01632007182977604,1.1859857349637941,66.24225528136623,0.5,-21.273958478518406
6,0.061228571932574104,0.37314334863979126,0.03177228311377633,1.9909605491154994,185.7116611883752,0.5,-1.4562332116020547
7,0.08341943490489134,0.3962610747593133,0.025015034556227316,1.8528026703088583,136.00336862990648,0.5,0.47630325756792635
8,0.060483942319251444,0.4624571812552175,0.020479226855732214,1.921260742336231,414.7901150190252,0.5,-0.7148443523850481
9,0.07460780886652205,0.4136772460677473,0.018142159173484818,1.7314863132671445,22.823931914009094,0.5,-1.1352761662718875
10,0.09438298640702025,0.4868093512231864,0.018802140542280025,1.1413802309708851,77.31307593757204,0.5,-59.79579158343643
11,0.08356283688873165,0.40267565901388,0.0258397465272854,1.4163519440502406,160.73293558142092,0.5,-2.43212922026314
12,0.09672969687219293,0.4347803928228688,0.02325195765255505,1.9063619701698056,458.6550327287483,0.5,0.3566162440428121
13,0.0729792080865638,0.44741147691480654,0.024263596401617415,1.266323334881615,135.5413214345555,0.5,-15.616531554761035
14,0.08589754208330859,0.44266895925813554,0.027991850398196752,1.766812805554585,63.96896244894604,0.5,-0.38453606240516547
15,0.08045005643112635,0.42011403300435635,0.005273703556704828,1.7412664977083088,273.41121286837495,0.5,0.1436637897318115
16,0.09081895619553527,0.47333736152482575,0.011802795007912995,1.7526094570877269,440.2732400638806,0.5,0.38543148839652197
17,0.07830361370850207,0.44413023170113464,0.01165279447563045,1.8912770595797854,282.62069623899663,0.5,0.2578190363488351
18,0.09607960321538775,0.36132810556730593,0.011581334960733424,1.5906941222311757,70.17868335571723,0.5,-0.3359511516859861
19,0.06053737308017409,0.35711981584559005,0.03658827903266678,1.6559228675827173,130.26135104776608,0.5,0.3367527729927533
20,0.09349495610503303,0.3959118100052395,0.01775762660742638,1.997868145030977,25.87305938850815,0.5,0.17453873542025855
21,0.08076067422918494,0.4088925094903063,0.038399296866522284,1.9475840322699163,33.27700153650981,0.5,-753.3651217516904
22,0.0876300421212933,0.48664859421623985,0.03221713035334754,1.5892365736736278,168.83636442588278,0.5,-2.0584180826700824
23,0.08537639545989158,0.3606377552472125,0.03317473108804652,1.2819463455190587,452.2530813037604,0.5,-2.8312576541718855
24,0.09169365031539778,0.4943289518200979,0.03275189173988745,1.6574209179493546,410.63204863888694,0.5,-0.16389319832454707
25,0.07826272102455978,0.47149142082319845,0.012343597624278306,1.901093502218973,55.063383482004085,0.5,0.08871229673571779
26,0.06534477857395415,0.39860132994172004,0.012879316228431414,1.6235469371393063,42.44647162965877,0.5,-0.24617784380290453
27,0.07493198309920233,0.4926578458658125,0.019237681176399096,1.222975060097181,407.1568755583106,0.5,-24.672017330738278
28,0.07559950826061278,0.40136881847979355,0.018454179308181003,1.4426520698021008,472.29786930800987,0.5,-0.1553640579256419
29,0.05923598275366391,0.4489516419763314,0.009565009690186654,1.3918217908527144,487.2885996520583,0.5,-2.8833166456664565
30,0.08468066366346633,0.45867233244088407,0.022141115828555755,1.5963512347411135,304.0747371019924,0.5,-0.16059970854493488
31,0.09622567114668243,0.4430518303625523,0.02688771934957973,1.8342984838828322,464.7449520834542,0.5,0.46051187482468625
32,0.05390934172499672,0.44095986975536,0.0277466050282723,1.3892694472398106,234.8286361271086,0.5,-2.2835449307733384
33,0.09858036622961289,0.3781555779027699,0.018968549504837114,1.2524117462453335,115.27848828984041,0.5,-10.561502299789128
34,0.05144238791490654,0.3582260738762623,0.03189129354484131,1.6678105645651353,79.27816581820552,0.5,0.396621886549697
35,0.08061557477123639,0.49585272613160136,0.02743306699177007,1.909584045451214,64.9576712870191,0.5,-753.3651217516904
36,0.074021164424421,0.48899687522778756,0.012728126353569251,1.532005933164805,415.10844521436354,0.5,-0.9785579077578077
37,0.08221820790990919,0.46593256377925074,0.018281717838029524,1.5182641877440477,6.695126893175301,0.5,-20.63046686084323
38,0.08512983621686629,0.4389210307089903,0.013700357968953986,1.203611066451259,357.9469318961493,0.5,-21.061897186285876
39,0.0894626480247229,0.410903877299576,0.021947551386252834,1.8270386192018848,163.4513032998314,0.5,0.5186203446521233
40,0.06072167064219626,0.45842356016195573,0.02508229325244388,1.3884494424910887,475.8495427908212,0.5,-2.048697574184418
41,0.05330292506164373,0.4354813493935864,0.010769425881326143,1.6392856053236873,144.38935698807495,0.5,0.4834662736035571
42,0.06174694460736825,0.37605382696003153,0.037912569045585515,1.3783215842916579,327.5438835688307,0.5,-0.1898381680223007
43,0.05402863776166424,0.37495379351105346,0.027166510410110156,1.1597765905640696,458.5026625124012,0.5,-11.501758171787184
44,0.0815279234982865,0.49575234581943006,0.028234769384256935,1.1086044392355303,496.53669860646164,0.5,-60.13104289266132
45,0.08640037017293226,0.4297361806571789,0.029151615181579788,1.876978703180081,306.4726219790702,0.5,0.36781672247968655
46,0.07040993683319352,0.4857884940205873,0.037955213537130765,1.2681157928186075,176.8082395434179,0.5,-19.617573363148413
47,0.061846062407416386,0.4261368309565358,0.010289447652924517,1.4791471145755848,428.83523467631363,0.5,-0.19943753328445823
48,0.05958190775327435,0.3954893196575668,0.011397913250204186,1.9368514407336739,324.6244574063289,0.5,-1.646107555973718
49,0.08886404886169398,0.39479687163200766,0.01061520537556291,1.8994214317035927,305.9773076675246,0.5,0.10888100971286852
50,0.0903523962587978,0.45403112893682374,0.025823581809231843,1.5903749368410738,444.229134461604,0.5,-0.03551199783546943
51,0.059745578980062615,0.4189772941698081,0.01436566828605881,1.9207801204063317,78.41801734857077,0.5,0.3154364364511194
52,0.07681323474482181,0.49216489372569583,0.019552663293781226,1.4902201164282518,401.56581316466924,0.5,-1.7896308467303905
53,0.0551615850329088,0.3901107345794659,0.014989676659761662,1.6608649640272035,279.491737232608,0.5,-0.021348180678065543
54,0.08298872520531778,0.39726242064120715,0.03323450889925899,1.456105801972079,285.7049724982392,0.5,-0.5347652532477687
55,0.09892210303551971,0.4643434576877191,0.0252867578989165,1.420079269517795,11.671489173988936,0.5,-24.525583336996167
56,0.08012906464877528,0.3681257436790781,0.005108114229297499,1.6905359118056844,375.4669535855229,0.5,0.04208501014155197
57,0.0758187336444921,0.39391425144281694,0.03958141843883908,1.7822912019357193,289.2758418367833,0.5,0.14643062082931657
58,0.08413842690485057,0.3976447936198085,0.012278841618169542,1.1720315641515309,340.2500843701469,0.5,-18.518773827273797
59,0.08935088989983606,0.45848172084219585,0.03678340306775031,1.2490081256525385,492.76334397229505,0.5,-14.78853765210277
60,0.07002528328715422,0.43325346495101363,0.024911355985638945,1.4895520172206194,416.78472900911885,0.5,0.02370217069379288
61,0.09400518093938326,0.4590945337744099,0.026415500710420328,1.1240461291910535,330.58425659045076,0.5,-44.831207737956746
62,0.05024177975818039,0.4434911521079233,0.012826058312644804,1.9141974438152802,220.13696532877387,0.5,-0.8051008370262585
63,0.06126227509055138,0.38255551905864454,0.0289564400076474,1.4936542363057463,13.546689896909822,0.5,-4.622945366184036
64,0.06468619999370598,0.3644350429397717,0.03148929296345949,1.274513099326887,27.937542859568776,0.5,-9.661097965025325
65,0.06765327954323323,0.35995236238073974,0.036418874152906816,1.2897613899896485,36.66699114093789,0.5,-7.3557397151209845
66,0.06375896563864125,0.38021468005796666,0.01375586447792937,1.5773251355561633,9.040861665766231,0.5,-3.756890493160772
67,0.0912482376266416,0.48023755989707984,0.017562326328203766,1.8857359348929246,66.40481360748065,0.5,-753.3651217516904
68,0.08156251022435318,0.45758285999244686,0.037712733872523135,1.901929131680605,478.54190167962383,0.5,0.16605198467737348
69,0.054641077019109835,0.3667821879772917,0.014811384269795176,1.3530200082172799,370.85727853185136,0.5,-0.3092900087120092
70,0.08483727921691114,0.46494741523726746,0.03419778755990721,1.1715157985085147,391.7232793802702,0.5,-30.650687742699855
71,0.08140498308067778,0.4609498334583183,0.02365010354543713,1.5168398899735331,465.2593539591572,0.5,-0.4866190273660411
72,0.05949724680226827,0.36829714276960285,0.039171671627512936,1.5925280407353721,269.08811674820356,0.5,0.29124664824346025
73,0.09501345069656222,0.4689782257393769,0.018030396056301197,1.8787017716289554,192.0729469584752,0.5,0.4075164946128793
74,0.05480765512523994,0.36578996897324695,0.01162682635867613,1.998324227823677,366.50939486320954,0.5,-3.2564859736768392
75,0.07190223551372775,0.3714643390604454,0.03094368085926404,1.8665431251240894,270.047313792343,0.5,-0.6079570180769194
76,0.05754955426690677,0.38531873702629016,0.014869372068216057,1.2321676397556176,233.1264795674023,0.5,-7.948929640319697
77,0.0880456867837555,0.37717091981954975,0.007291026554290859,1.2912549913441715,251.45714358675613,0.5,-6.901376757953569
78,0.09679316725522616,0.4879056431969614,0.026842608059169996,1.31024104628394,250.73957186397922,0.5,-15.869188805711463
79,0.0789848736415988,0.49040831985458977,0.030263863557964604,1.8958978808244094,245.55559740510006,0.5,0.5584095500458224
80,0.08575611364263608,0.420632568059339,0.014557444418238193,1.1574391811098965,190.89358238056147,0.5,-27.948610017084082
81,0.08133603761091387,0.3770041534830138,0.015631796692774706,1.3379400364554606,387.90286134625717,0.5,-2.1853731593032983
82,0.05775234491204726,0.4014910730928929,0.036170492148848134,1.459523861167152,362.82002979315376,0.5,0.3997729161111395
83,0.0938880947896094,0.4446446264391697,0.015111431320794805,1.511760086068993,112.03158931642838,0.5,-3.52552515531144
84,0.07745720816300872,0.4336226379584345,0.020795189537628232,1.5051170062597095,169.19793543083105,0.5,-1.1888170619348015
85,0.06915556478313786,0.40550743774557857,0.03790206968200757,1.7987500626370652,363.7581899385004,0.5,-0.19072176106095662
86,0.07291984660255309,0.4184173568591395,0.03455958747487364,1.4820700063652934,472.99787248782576,0.5,0.17215057806519718
87,0.07509544548522369,0.37367477988051095,0.03814842025920562,1.7946264473897795,104.0419090844358,0.5,0.4529470296202419
88,0.05942223126200308,0.35735147121720706,0.023444728616410455,1.1427819660365484,122.01208319862434,0.5,-15.21797934632767
89,0.06854998348215616,0.4830332912735653,0.01823642501675138,1.1865338199851556,293.97025844992334,0.5,-32.039681701632375
90,0.09445154485612857,0.393160343146664,0.0380248544935377,1.8709586374037017,355.6072068729232,0.5,0.24409798815748973
91,0.07854500147852675,0.4543961431334019,0.03283063945564274,1.7540959875888826,227.01683477427338,0.5,0.5431447457256857
92,0.07129371485385375,0.49829085128332595,0.03960488876717224,1.2110082711566301,414.08467481176217,0.5,-26.492690764008675
93,0.09538999740741463,0.4341907980984475,0.02546563640193942,1.706580873123154,320.0620821236506,0.5,0.3661001297867291
94,0.08751003724745848,0.3647333310810494,0.011121130831367884,1.3313878949691291,249.37233984146175,0.5,-3.1547838975479294
95,0.07159846473310245,0.3590580362536526,0.02350563251061111,1.1550452563259703,71.1133547728848,0.5,-16.61360351256224
96,0.06389702317594144,0.4882886971217839,0.03732384339636053,1.9161389101336863,39.53642131562408,0.5,-0.18111902446193584
97,0.0997262630673359,0.38394863748434577,0.03857297418625282,1.7891453135338975,383.8682780098148,0.5,0.37788232451696946
98,0.08771053012463163,0.38947596725388933,0.030366679006611875,1.2008988937727618,275.6905643126088,0.5,-12.909485650179802
99,0.07880279779302074,0.3748752431393349,0.024456314934749392,1.608855114528617,187.93138676336267,0.5,0.5171657310743527
100,0.08811269387741529,0.4863154455450187,0.008858079337831427,1.9179339250135081,369.3803647122911,0.5,0.42838669105633254
101,0.08459968445962748,0.4572940378457636,0.023812198572556207,1.2151442714269487,169.98019997644514,0.5,-25.060544049842516
102,0.08287474712709511,0.4239015551483088,0.022858692991249693,1.7300599989961483,404.64785055423556,0.5,0.45753337996221166
103,0.09978509742504903,0.48313406873068376,0.035575940677584385,1.5036713758792266,442.28441575778567,0.5,-2.6083860452508114
104,0.08825071355672819,0.48502969598833023,0.03357163739392677,1.9721597160547892,132.419052838275,0.5,0.4963054252381207
105,0.05103461680824549,0.3744078221400041,0.027591557038861982,1.6525341132449682,498.17410216735794,0.5,-0.9504444420928801
106,0.07213308603361965,0.4020752286176642,0.024165912048172134,1.9811591909928512,50.054915564382924,0.5,-753.3651217516904
107,0.09312922607577191,0.36529662114174505,0.012146661871432585,1.3200195279220044,77.05900633554751,0.5,-6.079774364667258
108,0.0812609580776869,0.3600698147602593,0.03862858569330358,1.6047518851651412,497.2506168880126,0.5,0.30745897190312677
109,0.063642854859478,0.4437047857227696,0.015934179235011416,1.8436123566102753,263.9957330837222,0.5,0.032296397779995045
110,0.05648015944117023,0.43877662106900384,0.013041354081596918,1.370008894958998,338.1017751379684,0.5,-2.941571823947234
111,0.08044684686825164,0.3800183317375378,0.023414418179731784,1.179050002058455,386.9385722261511,0.5,-12.548045277035031
112,0.08371690539956299,0.4501226807721688,0.006012821669226167,1.1200039825689498,67.09214250255539,0.5,-54.337164250549776
113,0.07264484145224204,0.47005219262921466,0.0059768643824040565,1.2299371951695615,290.67554525882366,0.5,-26.47080109508676
114,0.07944315654579195,0.40661279969201924,0.012010077371160357,1.7178938311300458,56.21826978802155,0.5,0.07512965564665841
115,0.05497908927630973,0.38963869562594877,0.014682128727990431,1.431034803237869,294.49867492816884,0.5,0.1334308733535995
116,0.06691969664893233,0.46213905439682235,0.02526680068495346,1.501874685029998,477.30784150929344,0.5,-0.05882963108698558
117,0.07786595499816185,0.3914681875258363,0.015036462127392406,1.5249992317035428,371.85862429986037,0.5,0.34588862037105894
118,0.06623854492021594,0.4761428260756184,0.030205188228716096,1.6903753305830764,13.099125512478118,0.5,-7.379325458803059
119,0.06879381522114797,0.48600066352617444,0.03926817202217017,1.867945535370887,17.00957870166293,0.5,-3.281562686352836
120,0.08492974277507315,0.46173376875672245,0.022335315461787127,1.8538621720028194,217.42029079341864,0.5,0.5412557505403892
121,0.09371974332615722,0.3625628542163596,0.010694853675088229,1.7348080038007745,424.42277808334075,0.5,0.22606382453841856
122,0.05479831592459536,0.43522985664587305,0.005687159452388023,1.5194377442128724,43.41481263258467,0.5,-3.5471012731613856
123,0.07947242628039412,0.4380013441651548,0.0336299413458672,1.5873288336459097,193.1383198933072,0.5,-0.16156638342893004
124,0.09561684249984678,0.4120788388082796,0.007361130779845622,1.585912887492485,353.6234405050476,0.5,-0.5538704137388117
125,0.06698647549999795,0.4730864420889926,0.023101560486931103,1.614606694287613,469.4754490152273,0.5,0.507458484951355
126,0.06366163157432049,0.45538501468457787,0.03243818051029226,1.688818518438075,491.18307696737,0.5,0.3903703717989947
127,0.08161031459075363,0.421275214617165,0.0268711866392687,1.3792642509485584,310.215323514117,0.5,-2.969547595409161
128,0.09171684569182958,0.4351787419584284,0.01849631844115292,1.5763054793830626,25.77131604475802,0.5,-5.980976069930983
129,0.06338141197170187,0.4556056841544326,0.011752200270841789,1.3868734478369575,247.0766415235211,0.5,-4.539818266330528
130,0.054569846314031195,0.35060235424030134,0.019443665564333263,1.8312636960166442,443.1990538270205,0.5,-2.655465805169024
131,0.09996849650022951,0.3945475280781538,0.035690623479740016,1.7286560094593963,10.508514006799025,0.5,-4.322711987395353
132,0.054271080984896115,0.4961417490605748,0.03414222566563488,1.19665926268849,7.845679712211379,0.5,-68.82317631466354
133,0.09593454038121531,0.43993593299017697,0.0353497933876969,1.7067172003543625,48.671288396293235,0.5,-2.034809850790376
134,0.05068643553425449,0.37273006645906026,0.010151476343149422,1.2970555810622535,195.7311183782007,0.5,-3.2666467829750676
135,0.057465778665409,0.417947549120624,0.021439536976447664,1.9705287611668192,258.96620383373926,0.5,-1.2780723889142611
136,0.08866145007128516,0.4639085861566389,0.006740426741685678,1.9991347970475601,466.9237665060297,0.5,0.1200708786589999
137,0.08037471371807031,0.3522607134156637,0.0267074195014098,1.8350892429922663,35.41334987880853,0.5,0.562964424977254
138,0.09549658143517067,0.39396598961747437,0.008248603178637489,1.4126114936259966,187.00289081342495,0.5,-3.6877644465144677
139,0.09836221836142639,0.4739343777859147,0.03132108139450072,1.1581729891034114,480.33778485797154,0.5,-37.073298916912904
140,0.08202747613737614,0.40605373013376156,0.011303293012284703,1.5360196809943514,209.19890896492916,0.5,-0.2814806622522912
141,0.06243334847647741,0.4976832037629271,0.010507465014524982,1.5138813319838558,192.43955525356316,0.5,-2.4804450458102725
142,0.07109712145546727,0.49310477082968507,0.0262558465432081,1.9232037174678407,235.76218953675374,0.5,0.46260246764487456
143,0.0733969909093717,0.37966610313844473,0.01667600861545256,1.5149012900587824,499.6051041523764,0.5,0.44929023419701286
144,0.0501782780146729,0.43414799580797203,0.034043184789588274,1.9238261710270042,208.88667428973955,0.5,-0.8599048260365505
145,0.07567667398741347,0.3881389076031557,0.016450851769834973,1.3412031015293993,482.07779191990676,0.5,-1.931834641219659
146,0.08652584753881679,0.40127545865904296,0.01320972033515009,1.8921443759348895,139.83017244665223,0.5,0.4547481143707115
147,0.058327155915259866,0.41227309359886277,0.0058202614619993895,1.7331832172071229,95.59488194117749,0.5,0.396616937594246
148,0.07165935213426194,0.43013693556518096,0.03500551327616691,1.1910091041824062,424.4937413348802,0.5,-17.524050053940854
149,0.09466773599029495,0.4017478184106507,0.0387948494887627,1.5065246967790076,45.911200951615626,0.5,-3.9879204064913605
150,0.07536546242588127,0.437102412886601,0.011705191524054873,1.7114274218975893,499.255370939343,0.5,0.35222583697039345
151,0.09632317388656154,0.357665599335547,0.019128158648473552,1.411547619570166,296.09301737250814,0.5,-0.7746857900411119
152,0.08122083340249601,0.46665987992439517,0.03439720908782437,1.6183609708905777,453.25191639412293,0.5,0.3095229620093314
153,0.06926397175851567,0.4303795544688504,0.036471197491920605,1.1753174357288734,318.1093497998385,0.5,-21.423160410518324
154,0.062002767099927525,0.3733699392619913,0.01209826516659658,1.3602230973093092,190.3666230133266,0.5,-1.4778012573570178
155,0.050041210145578115,0.3822035566357447,0.030801286869961718,1.7397487209567075,380.017090968803,0.5,-1.2894297442626024
156,0.059387374647794075,0.3700643370147525,0.03169993728684498,1.7973292992568184,338.7561499953508,0.5,-1.21396067621516
157,0.08021330259612197,0.4422599382045431,0.014529287086275842,1.1623701438888014,194.1888164968283,0.5,-31.854613836531605
158,0.08182079082062976,0.4417299237291969,0.01962861047096205,1.7908015807747857,435.3115738730927,0.5,0.386517661472191
159,0.06492053381241414,0.40740084102758023,0.019851935539046493,1.5678016833851731,413.2198186342031,0.5,0.4991914297956004
160,0.09409185372229095,0.40981273706229243,0.031127131801510978,1.714962176701647,147.42063030827643,0.5,0.2578900479358742
161,0.08835221721062812,0.4204648385095687,0.023553578748644853,1.1052639097289654,84.34064593872075,0.5,-43.90451778362851
162,0.0747341708066147,0.3734416308479216,0.022908478106074267,1.8509318516047482,254.40567131054127,0.5,-0.33530968623701574
163,0.08574087326722554,0.403340308050939,0.02994626758261714,1.17661083992659,349.63775178044193,0.5,-17.374447010942564
164,0.07544428737668595,0.37256443499492103,0.01928367760644055,1.7223041050213226,24.36058367371298,0.5,-0.037513976930323656
165,0.09860001203348714,0.3525763116937483,0.01619665385197879,1.4345916500966265,439.12264657816115,0.5,-0.27822717818013176
166,0.09317230186638338,0.4834217093816921,0.006374703668706852,1.107830663389401,253.59630386000921,0.5,-66.24103294152275
167,0.09218714266155573,0.4544585509871018,0.028529420935683458,1.385664731102515,228.594304800956,0.5,-6.50974654644341
168,0.08995488520518453,0.4453284847291798,0.027281985490172685,1.9712003808157041,10.185920906886583,0.5,-753.3651217516904
169,0.06965169106437857,0.4180356102873464,0.006662862186197379,1.3720723811409727,204.53108453234037,0.5,-5.3063559839996195
170,0.08822502116218163,0.37780325959942473,0.030615487524574332,1.4640903342987068,296.5575837867021,0.5,-0.20473141996281785
171,0.05588807707740381,0.42363969478288943,0.021896191008940174,1.8393214762341552,210.35861963514455,0.5,-0.2675197735072905
172,0.07959973735256813,0.47113264929250176,0.037826208691297006,1.2607546275441535,41.322736710024216,0.5,-30.6802002129427
173,0.09292532480481021,0.39970211866258676,0.03202948094752935,1.1292063606551672,188.97219069417633,0.5,-28.166031216917663
174,0.09047911004503788,0.3729949537648812,0.027310981369387692,1.8049459127775176,418.87863864306706,0.5,0.07433453393059086
175,0.06061138547752056,0.45468644974574135,0.03230394145955652,1.9892400669662704,209.70123763424812,0.5,-0.3456549865934788
176,0.09412751511967181,0.38320552450334544,0.026649914725711408,1.1170667367044622,230.68935325646123,0.5,-25.57581680350586
177,0.08406485101144054,0.4318238797671514,0.009265586368634896,1.906702666887143,387.3855368811851,0.5,0.11014995350612455
178,0.07090195624024098,0.43199609323235866,0.027358440654537096,1.2344509052877917,392.3798939301028,0.5,-12.136606388294485
179,0.05025090997960756,0.4022215764010922,0.011019218647317886,1.742282799299888,252.6196425017149,0.5,-0.4808496945429288
180,0.07878111566487281,0.38172878273774463,0.018708528154549736,1.4551854350149953,155.96997891806538,0.5,-0.6584789548070753
181,0.0525716978312845,0.46302532717123085,0.014768987494838324,1.9693656116728637,407.76934785602066,0.5,-1.5562917475558269
182,0.06405397358329273,0.40840331924603834,0.039884954932467805,1.3029021339215774,321.50458734479804,0.5,-4.13408372669247
183,0.09960631724510141,0.3559597856298519,0.016490240347321116,1.9730403995704195,247.7204720054254,0.5,0.03510523758730466
184,0.0605557659516619,0.4383736701315538,0.014298216939190034,1.5268721321303984,172.39290708841895,0.5,-0.23034661918165122
185,0.09650387588548966,0.4536071672740909,0.013963656150068188,1.4021529551165828,32.41985750752377,0.5,-15.074527576343034
186,0.08185743852141171,0.43120630928309767,0.018629579353715658,1.989039539205763,177.18607604195958,0.5,0.30406936175524424
187,0.09984849686052236,0.3988017140280904,0.01259534887452356,1.9525564368249726,161.3484427303433,0.5,0.4512369296979144
188,0.09638028266359108,0.39787002035067043,0.0346376489207457,1.548251989669075,388.46465413932475,0.5,0.0628686840567173
189,0.09511008357174339,0.4281711243751146,0.013523933363223023,1.9250727754878758,8.5488707899084,0.5,-753.3651217516904
190,0.06646019391713108,0.4798793835248786,0.026935062393676452,1.7615842302188653,151.98819580000162,0.5,0.5038529365720412
191,0.06503048620237611,0.3567590127735834,0.024705999032332816,1.9493258874693216,129.1404530525627,0.5,-0.8645989727593766
192,0.05757157157335188,0.47588335871532683,0.016560926714700053,1.651091506424994,402.1416483055856,0.5,0.510584179216958
193,0.051125078207666035,0.47443729405310286,0.013200969388157697,1.9667095101848664,448.7238201204516,0.5,-1.6077844447081984
194,0.06259271101714829,0.4911513369176258,0.0397657527242231,1.674013986354201,262.53815746967445,0.5,0.48647022788597494
195,0.09073792042650457,0.3934713234649974,0.011338838736647074,1.816045872955217,101.66613347270398,0.5,0.4810789361927372
196,0.09751651725458826,0.45882273072118956,0.03895385596235783,1.2325857200692694,354.3568518384252,0.5,-19.718925280989257
197,0.09396983754628999,0.4133703654462427,0.020560663110994273,1.9419886481652182,47.518242461457355,0.5,0.265161582282599
198,0.09244253538958642,0.3858785675233411,0.015768548917340666,1.463514987495036,87.38136261894526,0.5,-2.3111965981604743
199,0.08930192931004041,0.4210149765573464,0.02440780669157723,1.543269801305137,113.81056267360829,0.5,-1.5270678344933657
200,0.07531234244526491,0.36649356862935284,0.022001874461733035,1.939719566727053,476.7055285736151,0.5,-1.4134429784079323
201,0.06947220862923839,0.4141552345310734,0.028615258003772338,1.530442288927203,44.2775858189778,0.5,-2.3723631100270057
202,0.06596425089546298,0.46346260105027404,0.031541717058592954,1.164095852622004,52.69030276009869,0.5,-44.74767364504403
203,0.07500564516055304,0.4852881151084788,0.01800745152337912,1.4859957007585105,495.05121630073785,0.5,-1.291712260093508
204,0.05567431750575548,0.3838768682700078,0.016642040577931748,1.4815657843580003,202.4106579684127,0.5,0.4127205813345115
205,0.08338539822034192,0.4582691421076044,0.0372362499637989,1.2708353723486976,319.4694289697015,0.5,-13.42814359016558
206,0.057166958681000114,0.4472890229008095,0.010920223837456288,1.4462639889617983,222.05764354859735,0.5,-1.769412391545068
207,0.08622687340322527,0.3656384859838985,0.006409782755257596,1.103986445596999,230.82295385593392,0.5,-24.879372947066347
208,0.06816734835378123,0.4427597465551795,0.026490141238968673,1.5800743011918912,466.1197293287907,0.5,0.5199286986315288
209,0.051468831992589864,0.4938664968853648,0.03745630673704314,1.6194540274847715,110.60297024146689,0.5,-0.5709797509709351
210,0.08639457695948657,0.35442816530214416,0.024010302220930643,1.6978908270856339,389.0890348906508,0.5,0.15729779092665563
211,0.07435142974191797,0.4467380692967668,0.007981083280556005,1.2306528934285441,197.25856098136916,0.5,-21.755685597088597
212,0.0991364803143542,0.41947805518785386,0.013101439710229746,1.8485686867910336,335.0000986474005,0.5,0.4396384526696192
213,0.053428087772627225,0.4552669068617455,0.039680253569404966,1.70228457322199,54.90376023377246,0.5,-0.1417188510205627
214,0.06745018064662672,0.47360274758108234,0.013291326542638933,1.5424880552589375,74.0049079490113,0.5,-3.1624989501754097
215,0.07756420890001953,0.4845194653466526,0.02866341939843697,1.2221356599326352,153.5480532894028,0.5,-29.28603519242984
216,0.057066923187562096,0.47206727602867593,0.03338703371723206,1.255044473117671,37.757341971460356,0.5,-29.806668208847586
217,0.098044567180244,0.4631968647426039,0.013384691058369601,1.7322399881846784,272.57775222326944,0.5,0.04696349322049864
218,0.06222774876674263,0.43081277505665894,0.020413548981117816,1.6311134473480573,263.369281813955,0.5,0.5475657830675712
219,0.07527897374953468,0.48879071225112797,0.03672001964266462,1.3567206976205486,145.42283768520818,0.5,-11.82223697690528
220,0.07429527880294984,0.36463135909464023,0.032073561600865025,1.4801662423208282,425.39784745174876,0.5,0.48743929691796295
221,0.05161316107014336,0.4413449717682697,0.020614288106894762,1.600117769793461,179.63915641949058,0.5,0.5144533446608966
222,0.08241628685112252,0.4003149126303666,0.028568874624603804,1.7965425723870037,195.90862152297353,0.5,0.45897818202825513
223,0.09101717050569001,0.45274144331821037,0.03664809657469425,1.189883569113859,350.462189718577,0.5,-25.20911251675206
224,0.09303917342757193,0.4648611618206814,0.014947688416514431,1.8058552427245336,189.74916575089034,0.5,0.2841695547895067
225,0.06111737621935425,0.4463371595428661,0.03589535364284719,1.326701419631862,191.44124409146215,0.5,-7.078629851094485
226,0.06553938509413496,0.4025957965640052,0.02952719025353168,1.7611361241462322,199.19283228934648,0.5,0.25402564000475647
227,0.06226476409852415,0.46986037292610167,0.009650307122877856,1.3524111518872817,170.53514033963518,0.5,-9.479868855870949
228,0.08964477018622792,0.41055343147754864,0.036029781735573474,1.2250657322820346,358.74708123081535,0.5,-12.427558486180983
229,0.09871651061683631,0.42172693718427634,0.026081411343856522,1.4722605885341187,328.25757859490284,0.5,-1.6367902426904175
230,0.07817592657166585,0.3925395318931004,0.008714541809274145,1.9222665306625661,258.33220888676715,0.5,-0.25711209320227013
231,0.07772784742093142,0.3746249411552573,0.02025413763198271,1.6081565180410808,206.3664726612111,0.5,0.5146318380013868
232,0.09204743983562794,0.35733897976611484,0.029772563263149955,1.147836770018158,7.173022693485617,0.5,-753.3651217516904
233,0.0901350955450966,0.3512454065853686,0.022458923045964318,1.598254676884862,21.96848002182152,0.5,-1.1906092898673424
234,0.06723129433221653,0.4901346696295409,0.024082274185082988,1.734349517006391,41.11145446372936,0.5,-1.9665554425966452
235,0.0716492069823521,0.3738666891870964,0.010485488421174641,1.6569613386070934,461.1135008524446,0.5,0.01871622370697823
236,0.061483975366246425,0.44499671637864985,0.02968809124907365,1.4438010472978953,89.82566896099216,0.5,-3.8052520800738705
237,0.05673233036184197,0.45413380053671815,0.011455536637442844,1.2175474972296323,48.14202443105567,0.5,-29.87760248823555
238,0.0681160945671267,0.4853662694735664,0.015739794291111123,1.9112127804763945,96.69145979253491,0.5,0.5620222215735522
239,0.09158482211045188,0.3527211646694643,0.02629411364798216,1.6297880894187524,39.91751565550661,0.5,-0.242792617004562
240,0.07478030050368736,0.4045724537763824,0.031837173627456986,1.9051861065676992,34.7429220664474,0.5,0.46905358369441097
241,0.098690273686734,0.47493898683757146,0.022250091754657843,1.9321419876178234,137.0340176026253,0.5,0.24766675910374625
242,0.07225656434355414,0.4654289787066157,0.025604493545600456,1.9591099412122552,242.14797857454815,0.5,0.20615295903917952
243,0.08305708012878066,0.44628878704804265,0.03513552766589852,1.878230561922346,146.44672534778275,0.5,0.5645915859992419
244,0.07979045906487545,0.38118281109844,0.024340526650072428,1.683925775006617,155.49632342201568,0.5,0.53225893001753
245,0.09281677461029836,0.3769924887235871,0.03136241502023023,1.6582093620014084,277.3723551978657,0.5,0.47097684908056714
246,0.06429383397593542,0.4554844693525408,0.019942376275432577,1.6667270669001888,403.38419239360024,0.5,0.49846427556669703
247,0.09927875127281309,0.4949731204712473,0.03052317074940528,1.1178291383617491,495.97196802944035,0.5,-57.819761298620115
248,0.05471582535244375,0.4371961174392442,0.029177983797512012,1.69459500191703,46.56370078151682,0.5,-0.06848369737261062
249,0.05011874960724733,0.36112111998683144,0.03505692531514843,1.4290231358345773,32.097969516273714,0.5,-1.6497167851267984
250,0.06330013037316964,0.4682421406157513,0.014733611421643446,1.7101673149450345,401.0217830525308,0.5,0.4266126426826041
251,0.08710127619222785,0.45313055109298905,0.006333508335076168,1.5610314923108766,157.64181753477715,0.5,-2.796663966358309
252,0.06273381195926502,0.43676067204012503,0.035235583529828335,1.6805028119146828,378.7572923628125,0.5,0.40904400734689517
253,0.053483017666427136,0.3909230329162526,0.03578146618759177,1.7595840809326626,408.8315363022236,0.5,-1.1401746889769258
254,0.0635392933428353,0.46193232284329144,0.012907061996007118,1.2860139805453399,299.95366936434635,0.5,-11.844596046104424
255,0.09956583743243251,0.42577723662625744,0.02635546163145173,1.1977338725818023,100.63301549899158,0.5,-25.906447277636822
256,0.08208400284374276,0.42960006290770036,0.007079507671567451,1.3195869520624732,486.6146185342478,0.5,-8.358922825061201
257,0.06438278622372963,0.3522124614134634,0.03931695104160644,1.2948460979440672,377.40853024880755,0.5,-1.117753186279654
258,0.0842892426856178,0.49089537898118074,0.02006351199013094,1.4986868218487972,432.07918688109737,0.5,-1.9135469843468358
259,0.06638429558028601,0.3919491342580908,0.03597563521182992,1.6054574793985412,51.153220343529874,0.5,-0.1295137261979935
260,0.0808452934553155,0.4670422318900889,0.02831943164431809,1.7794031892844946,190.063443549464,0.5,0.4694984820552106
261,0.06302030381461836,0.48145414571839795,0.026508227938747252,1.4746168568383733,337.2166912507522,0.5,-1.2132288940891565
262,0.0843878302077552,0.4773557643377967,0.03272757992248717,1.6170475315135446,170.66765319504557,0.5,-1.0820440914582723
263,0.08609714850947155,0.4233271467719978,0.010406461926471504,1.1354702875187486,26.529016865325534,0.5,-44.178897109827425
264,0.05919010721890513,0.45169047248720257,0.018344635281564974,1.2353620936310827,356.16907265771056,0.5,-14.508275730875221
265,0.09095518747122877,0.36650694198192335,0.038769956490618165,1.594946924374392,268.5056103908494,0.5,0.4437858576935676
266,0.07416794673801266,0.3530679179955043,0.00975431027730297,1.6432477133040773,158.9483755229672,0.5,0.3902776858916053
267,0.06283955149385059,0.48191828965210626,0.038909846602035746,1.6537392906368464,219.26125015996814,0.5,0.3660745369983023
268,0.0796736306604317,0.43305847121458807,0.005644172183487966,1.4521796337968462,332.96996614557315,0.5,-3.5078719309473634
269,0.08724155060302428,0.4606346604388266,0.01988251255483599,1.9454423097541247,498.67328642815306,0.5,0.18097781436759097
270,0.08054471189148178,0.4663119834016238,0.018737812213123158,1.1558118050081962,255.3701976883643,0.5,-38.04943292079016
271,0.056946895547671225,0.470643789495661,0.014838972301336944,1.961801771938575,432.5616980865142,0.5,-1.1447208100025055
272,0.05034010890497623,0.39523902753381707,0.02801467674362636,1.9921609059428462,94.3514703152645,0.5,-0.8351744040386988
273,0.09206785787947881,0.4721369281036192,0.032185307513767344,1.201735520806767,413.880478677695,0.5,-26.158895474938845
274,0.05823423977010751,0.4775650732190727,0.019499418077481987,1.8034163923750215,412.7327722043812,0.5,0.009820049633088246
275,0.055460830801788805,0.40060874479339303,0.0063633824562555185,1.1887253662027468,91.5512480962688,0.5,-20.682548890141327
276,0.06160917081475879,0.41816639075446715,0.018215474188109818,1.7857824804841598,472.38128401933454,0.5,-0.6030935272902109
277,0.08175677705065454,0.4675240977327038,0.029474105046309217,1.7625820526907856,325.7726164489393,0.5,0.5436884632185116
278,0.07889426495556356,0.3627189050675842,0.032141464293742504,1.3597307798760105,171.4341972231265,0.5,-1.6786645165501044
279,0.07972479679172742,0.4050383488367331,0.03707760965730784,1.9105319215893757,284.90791056847127,0.5,-0.05398484983794605
280,0.07150655781119827,0.4756034158849278,0.008037365796233344,1.9260832398188161,97.65297765488864,0.5,0.5119494303412095
281,0.06374029912944859,0.38668805388229005,0.019083395744737153,1.3925575621071373,309.06007858466853,0.5,-0.44329561797319705
282,0.053781338848702315,0.4145213694722131,0.031221192453549325,1.1378109041350397,102.01525992181574,0.5,-30.188045644259827
283,0.09130309307121917,0.41320620565549504,0.009101350027138175,1.9681200845091902,216.34581075392745,0.5,0.30652225091598917
284,0.09647443430975632,0.37226381232414085,0.021184701640209243,1.6126592864407576,399.5490775595405,0.5,0.42510466774671807
285,0.06613573384354628,0.4334774768693937,0.03540038910670389,1.3215596711755262,425.71201564404373,0.5,-4.212448530314354
286,0.07013234641705492,0.382507091311974,0.03336107290990918,1.607170435402855,111.54948119482412,0.5,0.4864213548546761
287,0.05736363152544338,0.4432058180294012,0.0158964039282048,1.4771335704930753,50.54061737877612,0.5,-3.9763969373227708
288,0.06357779355481982,0.4251290734914195,0.008609159512555364,1.6799939986799526,54.4096729222812,0.5,-0.03014143813308956
289,0.09702759506092476,0.35949988602378147,0.028683293544445727,1.6286324240635506,483.3821656886836,0.5,0.41165415007485484
290,0.07868077514266913,0.45371036460884717,0.03882597879865656,1.7439775658201875,115.03540388293189,0.5,0.20410017511680367
291,0.05272351151934994,0.4504305916769823,0.01867821439838756,1.1146245061402573,437.49291870132123,0.5,-40.0051470873131
292,0.09390497943241642,0.3692481520165893,0.025773800966595154,1.856398953058784,89.03664283568254,0.5,0.50511143004706
293,0.0776773368473992,0.491820276507488,0.011378808294039412,1.7743613248215273,218.31210664330325,0.5,0.38740237294929325
294,0.05116808998399316,0.4168519504959877,0.007129004370871472,1.417840548463089,423.8372049512833,0.5,-1.2169485474049009
295,0.06009412746572322,0.37651139476202194,0.008499596392917,1.6419874532227625,61.992987002622684,0.5,0.4638457327394261
296,0.07023334181403806,0.3639062586282552,0.014104906808635357,1.9074914103152087,216.9503560521734,0.5,-0.842145265051597
297,0.07245557666701759,0.39049073818665725,0.016978473489689224,1.3542710136449774,471.8423154923918,0.5,-1.4564825674125648
298,0.07916424841328687,0.38099550812677047,0.01927537073248132,1.339754348365879,287.3800365173689,0.5,-2.4108377744801364
299,0.09067623456707097,0.4230288965868849,0.021669959139819766,1.949763090455634,346.97620579481224,0.5,0.200791573078959
300,0.07732496328373245,0.4750477931517476,0.03816742663915617,1.8462479591204484,187.8217817071202,0.5,0.5754013220753713
301,0.05797071848039533,0.4215695879536342,0.027913688051823406,1.9265484682787726,171.900437150311,0.5,-0.3986678169018625
302,0.09572868612741839,0.3609824493455249,0.014915359011386277,1.9643933708824606,429.5236683230677,0.5,-0.3359151851856581
303,0.08757057606097171,0.4789304676884063,0.007452238730154689,1.8619406101306595,477.1528752164268,0.5,0.33564570984071085
304,0.09363799034535503,0.36152435564221136,0.019021452371834276,1.9339497547909263,210.75216146137157,0.5,0.08033881190975056
305,0.08657796471938227,0.36900322506763233,0.03939347438651047,1.1495506429497933,98.17782310989821,0.5,-19.395600933371295
306,0.05249082320296959,0.4260446330299757,0.009594163303943422,1.3006845546932175,303.87749160667926,0.5,-6.687937466592248
307,0.09765101552339167,0.4329348633439941,0.02263400389162585,1.7228854038506922,242.4446598061674,0.5,0.25728766692054283
308,0.06895171660855715,0.4172847728457016,0.030641321737116995,1.1229831306952427,126.38199426654342,0.5,-34.625691653369095
309,0.07650109767509386,0.4108938197393286,0.03270349261023972,1.6725805977050197,43.011393851841305,0.5,-0.6244651919473108
310,0.06103368812746235,0.36791160640938547,0.009718815296193223,1.219962310644236,198.2449956435529,0.5,-8.466511511691179
311,0.052776510970340855,0.47470790465735396,0.015389351208697558,1.77405362553751,493.7710509788159,0.5,-0.26937417992956636
312,0.05848209365543978,0.3641967282960045,0.015539605443640952,1.9853089250333777,71.76196259787935,0.5,-0.607599112899575
313,0.0938020099345629,0.4224485602301873,0.009961312047116432,1.227498062089684,491.810391145604,0.5,-15.964798505463946
314,0.06625714049628914,0.441893723471314,0.023760057437927837,1.3617604545262094,305.68517176016854,0.5,-3.70407797592505
315,0.055581577674272103,0.43608205544393885,0.026266129189111566,1.4410338329906403,208.52713295890348,0.5,-1.0018571060773063
316,0.05129333934432449,0.37185145954797405,0.02261920042416074,1.7141269911352164,259.7518227944547,0.5,-0.7602776359397379
317,0.0735306132614365,0.4656671483107713,0.02931772878314322,1.5730832784008977,420.8181831084517,0.5,0.2190091075781374
318,0.08476312548204563,0.4170760838262597,0.03331764711233157,1.6022272849439019,109.64794029191566,0.5,-0.4832077113961877
319,0.05880717103012702,0.42890677516347464,0.010179020002119003,1.8444516691484742,360.042778464599,0.5,-0.6703686004257048
320,0.0507283449617516,0.4271030857197031,0.023873738902346404,1.4613146290889716,348.44689800024247,0.5,0.2497389092125748
321,0.07693370114733009,0.3767347275602369,0.008576737627258257,1.7207151469553885,199.68919430787815,0.5,0.33008242046963543
322,0.09128674982191473,0.3686898102669243,0.02124027080197877,1.2769967210944921,284.57389000709884,0.5,-5.032789300506364
323,0.09022611394931446,0.4894109065863649,0.03699094452840759,1.133680541026601,321.0961188300037,0.5,-51.30178360848976
324,0.07265263278797256,0.3560841390869066,0.022197345287438913,1.3560980084973329,378.1138418538624,0.5,-0.3770434651679506
325,0.07393191254926985,0.3841389856582348,0.013423797341300978,1.7935101328932819,142.43263190292458,0.5,0.3277315827522318
326,0.0906054263895279,0.4304470728170491,0.03807625645259679,1.724239515508208,99.06808879232469,0.5,-0.1380979199991723
327,0.07647798934285358,0.3579980187574392,0.02331742114765673,1.1947371692982354,302.18473240416733,0.5,-8.23238497927196
328,0.06342942430818556,0.49924038139541094,0.015080366630663124,1.1129411199759198,214.173991476191,0.5,-64.85650770973032
329,0.06688845468365984,0.48208001110627186,0.02136414339339838,1.6530098225491958,463.3669374412679,0.5,0.5360414826327535
330,0.09992030171032973,0.36320273079546544,0.034671367171449335,1.879959553953778,480.84500539359004,0.5,-0.0016753722094962065
331,0.05303792123628538,0.4919993874896561,0.015364845796104844,1.6164317593543303,318.89345316232766,0.5,0.45352948429760076
332,0.05354167034193402,0.4959837138166908,0.009824421921813228,1.7861535198713905,61.75250211665304,0.5,0.09070447980100982
333,0.05306028024595196,0.487804696407101,0.011738423326155456,1.1616848301674823,92.58943042666702,0.5,-48.106907974283004
334,0.05688670747986521,0.4880271887437445,0.00985595444825985,1.2619168753639787,292.0318688154246,0.5,-19.268507817747416
335,0.0885827229946413,0.36434245548967015,0.02817334504319532,1.1941493255923898,497.028373060839,0.5,-8.694062741977095
336,0.0576948254917807,0.3789609348909064,0.017115062343804437,1.9788857970682185,68.59444086996201,0.5,-0.300516260977844
337,0.06656379720737064,0.4755031373665112,0.023821503988465182,1.751085844558263,455.79477951934933,0.5,0.38791109655975997
338,0.08730677293074546,0.39897243071818345,0.0050505812957326035,1.4518567708600731,322.7709310957199,0.5,-2.717095348113253
339,0.08841612206354084,0.47235046533535846,0.022686632812746535,1.253510137211047,352.3728162952926,0.5,-18.153016745228403
340,0.08596939494507283,0.3898635108617353,0.03038137581755851,1.8745256647189406,131.95615426181038,0.5,0.45609241812742385
341,0.09795731107442304,0.481749850577033,0.014030221263797375,1.4144456426444818,299.2468896926844,0.5,-7.3034628913567765
342,0.05676359647687288,0.4112483745827535,0.021302037457998385,1.6107214438372381,87.59211216528347,0.5,0.3783223531543065
343,0.09743399387436116,0.46373194093214487,0.03652315746361306,1.1415421473370433,62.370151360221705,0.5,-52.952140819481805
344,0.06751268471475444,0.39533112159914846,0.009156148466203579,1.779606188487492,60.89555889694792,0.5,0.5305034193212084
345,0.08675514101119025,0.4518439628156601,0.03109133935783212,1.5086671519165917,391.2157245497879,0.5,-0.8848948062036481
346,0.08505183158199248,0.35837485780485734,0.005167918256938161,1.4492671617092774,14.457850906093324,0.5,-5.418112244545434
347,0.09760997937479002,0.40611162971174136,0.03784699077816141,1.1325337286848594,212.101508834081,0.5,-29.112998789630453
348,0.07356427938398971,0.46293390164800174,0.027668149329921413,1.382155204970108,295.36013560508894,0.5,-4.652893790120845
349,0.09916251035535892,0.4933176751874433,0.03633254090421315,1.1923029490857995,74.84256127432408,0.5,-48.075883233400965
350,0.09423412910849213,0.4385588209887674,0.0368049664971239,1.8500375371650455,173.25207964657164,0.5,0.46361366326926345
351,0.07414859122123398,0.4989705318299956,0.020040220333107137,1.86578982359528,188.37464413793498,0.5,0.5683116459775364
352,0.06254670299100423,0.378535388016571,0.029969676956272152,1.8699325204274198,145.15103845981287,0.5,-0.3629222736948208
353,0.05811439098066881,0.3994007728787854,0.027226231546833072,1.637185792309048,445.4679295818925,0.5,0.012496461907504308
354,0.05075982159545364,0.44862464680115693,0.012559531197659688,1.9696138440472848,160.44364638501855,0.5,-0.6166027977224209
355,0.09715500216422152,0.49542546058024334,0.03622368135420129,1.1244864633247051,489.7669372450596,0.5,-54.84441557448798
356,0.05312721256886378,0.38357957148129523,0.010864373071437242,1.5347870394517766,274.7860626169857,0.5,0.4254967105381777
357,0.09008601906554332,0.38052473175300683,0.037005436001693336,1.2383237676016736,322.52576863620453,0.5,-7.946271071293552
358,0.05785643712810666,0.39927382482587825,0.024495433779591586,1.7380505197257818,23.373008286161543,0.5,-0.026651795013973967
359,0.0515513587018147,0.42793813346029785,0.022225612734947768,1.7999016368845762,283.5835754138043,0.5,-0.5042206370279065
360,0.06937487600052268,0.41491594350685257,0.031159846619226123,1.1672382414491314,194.90866127798108,0.5,-22.142623499750492
361,0.08089495118636067,0.37088133611480345,0.024046071620567232,1.3392848480882416,270.8360868971498,0.5,-2.0170403992242587
362,0.08106994688854365,0.43002694411223885,0.034306715749315785,1.2169680637153562,256.4807949756812,0.5,-16.862710983598134
363,0.07223586453407353,0.36615527832659756,0.0398509535069596,1.9386493863520275,348.93696345495584,0.5,-1.2793522125246115
364,0.06654514135058634,0.4718488753159256,0.029538624963448546,1.7487098385705324,420.0333959289803,0.5,0.4258945966906389
365,0.07200268884526666,0.4039045879365207,0.03366912351374186,1.6355523779931174,281.2058594143248,0.5,0.5373816077733683
366,0.05382767307359625,0.4165003195926774,0.01792195909546198,1.207655710922358,221.8881210325488,0.5,-14.403967029621574
367,0.06384065588959845,0.3604723144241017,0.02068936855027106,1.7687729806654957,85.33691720572781,0.5,0.2774467712134535
368,0.06867517908887072,0.44428332405235915,0.031915884818578606,1.8019889442818702,181.37743658306823,0.5,0.5361542520482925
369,0.061551933278092386,0.45297854894930945,0.039050154048117805,1.3329139787958943,368.7124743699609,0.5,-4.9203992465821775
370,0.09952758523762976,0.3791337637496892,0.022826839244664835,1.3338425823147182,358.4027960126404,0.5,-3.4217478338902536
371,0.06583511066842042,0.4126907505803932,0.005188916480514947,1.2597965383557344,123.13244744318064,0.5,-15.038930506750543
372,0.05711993171674228,0.4513488551199625,0.02601164162038479,1.6101126868385562,130.76059646281325,0.5,0.1934150447129913
373,0.05855688194990207,0.40587725905186367,0.024860165591302923,1.6017656437629633,262.3249526837976,0.5,0.5079927243493202
374,0.05896764389241661,0.3913677498761635,0.033943870232415754,1.7894408342800463,394.25492484382465,0.5,-0.967403241972735
375,0.08056555226598758,0.45636470351608743,0.018606828507558203,1.8299352771519102,177.66430714855554,0.5,0.5472104758248895
376,0.06065494522232685,0.47775102347172693,0.008927556536965444,1.3404615451645185,102.3964715175241,0.5,-13.67715063876886
377,0.09148251616615588,0.4154967705561229,0.014214884374760164,1.7264690900634305,447.02071268630533,0.5,0.44449734868140633
378,0.08172123187031952,0.43310436521769846,0.006125307349405001,1.5501844216824738,313.3558379263754,0.5,-1.2369309129753852
379,0.06297393433987403,0.3787061256640387,0.03327192667546021,1.644836456077369,344.9886872434848,0.5,0.0750524858007049
380,0.06989636663075871,0.42446230901449533,0.011947242994335482,1.534344716681815,274.3403875389731,0.5,0.03343078939313293
381,0.05083274056500152,0.4691496783158228,0.027484262043276753,1.9932786392254778,112.82356026370768,0.5,0.033154106392164207
382,0.08809164508614123,0.3757731912765929,0.015494409665633101,1.3460440076372158,43.94451153308157,0.5,-6.907961688574351
383,0.05901877539888811,0.4826255151869282,0.012976632795977452,1.9666319858769417,28.437593420706282,0.5,0.05242060194717246
384,0.0799536491869807,0.4667894539637329,0.024608316890506316,1.3108719590582716,490.3675533362064,0.5,-8.595417310771104
385,0.0855232266792329,0.4737875966382674,0.024985466549157412,1.3697308360726845,315.8473296417655,0.5,-7.054086060929503
386,0.0800715101348234,0.3653355400023757,0.007343065485816032,1.1928588511002662,49.19600133576176,0.5,-16.432181608817974
387,0.09286814693896127,0.37423112184237234,0.019700830416297315,1.9044610788083478,386.62922150406854,0.5,-0.0845082030432931
388,0.06536772721031323,0.45487838135079584,0.03773788970961134,1.3235758063575034,241.53498010311466,0.5,-7.525996596110323
389,0.08034896124861284,0.37804669641790295,0.016074678435693532,1.7635789120046037,471.3300368561657,0.5,-0.143298140827812
390,0.07744841175617631,0.4641726665277297,0.039514504164472865,1.1795130450234075,75.28796684669591,0.5,-39.45042552772082
391,0.059072364576993636,0.3533200076740314,0.012174610273877982,1.5193279412586034,351.41088107361287,0.5,0.28281071497904087
392,0.09456337857706892,0.4600564701398104,0.018186990090037505,1.2295837358519153,463.73423293848555,0.5,-19.8528758301248
393,0.06800323501652521,0.4780808614515315,0.017583554798537047,1.7912631457425898,157.90217656177177,0.5,0.5451971135152955
394,0.08247886400344853,0.43270195903520753,0.013626928948607099,1.1536826979096346,108.74505063856954,0.5,-34.56160758544192
395,0.09777326392860061,0.40531500857944314,0.027798513336639026,1.7257585392478925,163.6947350119843,0.5,0.28807485234921915
396,0.07870642729788023,0.42343890509567567,0.033483935072069135,1.5741767611966282,347.9295078841692,0.5,0.3716149027945391
397,0.09196216514381723,0.4063707918177992,0.008081919137246926,1.3623276700210223,374.3466426386584,0.5,-5.03485909478195
398,0.07707463802119996,0.45584274332317865,0.027885791641473163,1.4945554538423096,207.63798250775565,0.5,-1.7471933396669908
399,0.08366315962520901,0.43651695672877705,0.02030184389002328,1.6952952504714989,108.99465434275359,0.5,-0.0321398950596119
400,0.05322685045428413,0.43834368028398163,0.028795658959844532,1.6238759516719132,373.0612089146012,0.5,0.44232239295038256
401,0.07454862915162758,0.36712054952429285,0.030023039768585363,1.346622638716841,20.575013179178367,0.5,-7.848168691367908
402,0.051861791802594995,0.484979377970934,0.005563499000129292,1.4607207439187977,430.4884773061543,0.5,-3.3699621864399347
403,0.06671940138091709,0.358805023953811,0.024633788686197138,1.3041776863316907,406.11922563465305,0.5,-1.2279343798712605
404,0.05697646225284798,0.49967658024507766,0.008169654287047504,1.4676975824541731,103.42953033008077,0.5,-6.333170869586808
405,0.07574132778983932,0.36839676548077366,0.034743399962891,1.6547674111587398,464.2759811113019,0.5,0.09954844740125068
406,0.09486435015527547,0.39331632786207854,0.008762294643490823,1.9612910777371213,123.97338228707439,0.5,0.43870263660594455
407,0.050517225700278306,0.3561836637833743,0.02145867192679967,1.75167038509122,488.61282227884556,0.5,-2.319893673782235
408,0.07258641806513684,0.4935726244156492,0.03580897558352309,1.784792194062037,36.99412508840392,0.5,-2.184785598036645
409,0.09949046190358374,0.3880701478802727,0.01887619510515708,1.6794518762042518,166.34579125875106,0.5,0.24413657813757672
410,0.06291149152638667,0.4493597637753109,0.007811009428662434,1.9649216339269997,426.310698264539,0.5,-0.9823938585457004
411,0.06830259967157057,0.4622100795647154,0.0074691334488821235,1.682187294226253,313.95270195667894,0.5,0.26709835874205534
412,0.0736326781110979,0.47017851281188994,0.023383939511266313,1.5206560239007245,85.9066355440581,0.5,-3.741599508751576
413,0.05500497740192545,0.4402054408161793,0.038482631665410834,1.2138243647342566,307.35823822392695,0.5,-15.280436980250187
414,0.08489888338588496,0.45324633805243925,0.03594751230952072,1.287916931842758,334.27937364827983,0.5,-11.041834647072937
415,0.054887130066076636,0.4935298456380922,0.008282158276944332,1.2207482955217208,308.5835917503902,0.5,-28.528187134464787
416,0.0766451370230546,0.41000224369918903,0.03484833519515418,1.9087057777153824,309.4848537358399,0.5,-0.17455093805692967
417,0.07564999083596814,0.40349524305694584,0.03300888059597203,1.9430458556330175,159.86689810305725,0.5,0.10447123008468151
418,0.07907671242114614,0.46135922854482925,0.023497567497948662,1.2061565959559688,91.2015591712991,0.5,-31.185675122618036
419,0.08787554024435888,0.3873044518934143,0.024808757238400526,1.4478543218298867,340.62498006376364,0.5,-0.46208014407452014
420,0.059251106433721085,0.4152844117986852,0.00940662225670096,1.5227594047730006,267.58197120473585,0.5,0.1433241173294737
421,0.08594212237454038,0.39458638092098985,0.013649749872558029,1.8142571797087466,71.30599047158016,0.5,0.4734196754404517
422,0.05409339818849681,0.48768575398961644,0.03572158216750187,1.8895869683935533,95.02351602720736,0.5,0.5580219291999133
423,0.07993779366796688,0.36336928521587825,0.014063191151350126,1.9542447950309678,164.15314387374121,0.5,-0.29069779416786345
424,0.060351001719203864,0.4703977661718229,0.03730601664320476,1.1467341347185356,35.7159456808771,0.5,-55.19088443310597
425,0.0705097166071637,0.41504571642818056,0.029648424406609447,1.8254720572963943,394.67987947638034,0.5,-0.22802231597166567
426,0.0903345785188884,0.48157184781365964,0.0070324996001062115,1.5491402497362368,421.5119537424212,0.5,-2.660403374336668
427,0.08881319833683679,0.38297143719534066,0.025675032135395577,1.4971946002631749,343.8282545424984,0.5,0.07383207889117005
428,0.0866715722496154,0.35286888469648126,0.026029785980511113,1.6442506999636346,138.5587204579496,0.5,0.4974649595351677
429,0.07951817781469339,0.37018740857609256,0.028446238033476106,1.584843929415819,405.2223520473549,0.5,0.4520695280158349
430,0.05984190662628027,0.40822802735291797,0.038221811651412925,1.4691929058914088,155.07536257372755,0.5,-0.37548460959028684
431,0.08253381947847042,0.4069340797408243,0.005495724679812047,1.5664293360361683,116.09521712383716,0.5,-1.4284586718241408
432,0.08615295052351116,0.35322732273640806,0.007772109251882252,1.3049333781573456,247.53343191321215,0.5,-3.97020456434006
433,0.05491781967505992,0.4160417269515062,0.01588018435261029,1.405163822125862,423.2993716916637,0.5,-0.4283494954063749
434,0.07341979555753814,0.46404771148166424,0.010885803028398523,1.256674458626589,421.0593724009934,0.5,-16.32400517826729
435,0.08110846358386697,0.4183327381188422,0.03630250300280918,1.3151103481751576,402.24343565944935,0.5,-4.9234520223560985
436,0.06847328159607796,0.4230702012226988,0.029196470236943984,1.432460292664995,457.67462550722246,0.5,-0.3496600162026908
437,0.0714495575822574,0.4605105687448846,0.019972722913959264,1.8010445654284486,450.3640179709353,0.5,0.23767962765458628
438,0.05650728412636647,0.36076666373813493,0.01057491944727121,1.7196627534920368,290.5055245801819,0.5,-0.8468531721539678
439,0.05120853747471106,0.42739653912713504,0.023063074865998383,1.7465689831874207,452.05462627221186,0.5,-0.6960746403757525
440,0.08526509909565429,0.36943634920944074,0.02551187425866768,1.1220977657966307,311.3618920488583,0.5,-19.723389980281457
441,0.05610029397846712,0.3503515719355452,0.020597254076099615,1.3165590210056048,491.07674231701685,0.5,-0.201307135867538
442,0.09714011802754913,0.4869548196299174,0.03812046569061378,1.1350678000502787,257.6573106860317,0.5,-52.44439753986644
443,0.06757469456761031,0.42683294668145766,0.03159944704124464,1.1520001113450384,6.12762108033017,0.5,-753.3651217516904
444,0.07754365085549705,0.35156330353489545,0.017357373369389584,1.4076865313114475,180.32007439718586,0.5,-0.34491117736367793
445,0.07686109578113567,0.3910002825027239,0.012416413104103848,1.9190870285469916,354.861348763126,0.5,-0.5953749337429908
446,0.07796100475201373,0.3808707643253936,0.03389853779449764,1.3898702168291006,454.2603673827691,0.5,-0.436477023021137
447,0.06082186480085835,0.3545428473306077,0.024523696727257106,1.7161413811603676,429.87591233273986,0.5,-1.1236494466014175
448,0.0966709673496963,0.392738730838315,0.031505196026265836,1.8411570650654459,342.1122877251228,0.5,0.3457732590021989
449,0.0947776591746129,0.38583476683012163,0.02154645355685489,1.2652696897527733,272.8611885436891,0.5,-7.644697265816301
450,0.09888151312640421,0.38195295339679636,0.023029363189653065,1.875303699370441,103.27493500292208,0.5,0.4742197840300594
451,0.06777717680488236,0.4363332414333877,0.012212494082534008,1.271662394930659,139.11199564647882,0.5,-13.657429216331261
452,0.07590571166779211,0.48000072450050485,0.030325727616351425,1.4663626726843777,151.3481829291099,0.5,-4.486428755496244
453,0.08968803412567695,0.39294318588565963,0.029288916819623676,1.4533225812203239,419.85182298529196,0.5,-0.3869546548731808
454,0.06591561172602083,0.4572358692751602,0.03325212127058742,1.5162060314388024,324.10964381564065,0.5,-0.15480241843318376
455,0.07778616793058594,0.4139698393257257,0.013022100444921709,1.3010361936987271,104.5897571082444,0.5,-10.016131745950272
456,0.056442501992749666,0.35850016921892097,0.007880650857813497,1.131217233649555,28.796087002729053,0.5,-22.477571297206183
457,0.09697160514487059,0.4174868299850744,0.032624953764494244,1.144240923238561,368.33078482391056,0.5,-27.044848201068373
458,0.05184043040159548,0.40949577168749196,0.013890620526059144,1.355361159836389,285.5698814046677,0.5,-1.955538449244162
459,0.08918557271209322,0.35017344758320984,0.007750944965338749,1.1956078667038708,93.8405628278193,0.5,-12.23367954843185
460,0.05862093035046466,0.40683219320112524,0.00934321891774036,1.3306426830754758,400.1717080137314,0.5,-3.5086078649742385
461,0.062149208774255754,0.47262637386938144,0.02848786043602542,1.5620180928990415,404.13104199212233,0.5,0.3431006104052319
462,0.09296804847068244,0.4902629081817029,0.03853370859264833,1.995027279555592,357.7323999607375,0.5,0.48060544502423097
463,0.0823565360159475,0.354913840160934,0.03858937585953289,1.6865704336026761,260.55606586630364,0.5,0.3004532691157662
464,0.05960312125918413,0.3854056359328767,0.022794042654227305,1.446635021761502,316.95192836246997,0.5,0.35513652050871913
465,0.06882861338944322,0.4883155395724996,0.035514086673462966,1.7585961561639207,162.6316332469226,0.5,0.43410036302710187
466,0.06169467650009091,0.415188208214877,0.017276377294878402,1.584074132579866,143.04710395610243,0.5,0.3886322608419891
467,0.05816242028026235,0.44983284016286756,0.02608730713100258,1.5285484519946824,380.9316771628714,0.5,0.38906595760723317
468,0.0853216025513752,0.40355641749214755,0.006534289020770424,1.2397921826510037,18.262809666413506,0.5,-24.36944513922405
469,0.09587212854033308,0.4680805404073602,0.03567305006609037,1.23655921803126,82.72842442590509,0.5,-30.219330085897923
470,0.05192306352665762,0.37633074939938893,0.021501097537386906,1.38318539443739,148.17709180047464,0.5,-0.6250886809023732
471,0.05890872232830955,0.4241319746303588,0.015446188750634148,1.9636309798442297,14.100381773432556,0.5,-0.020036388686034412
472,0.06088660491279006,0.4787362729223481,0.03907710714470327,1.6473759935585206,325.5029542240624,0.5,0.5584634700205183
473,0.09213259324738336,0.42471536250765163,0.019372107194579144,1.5756051859545037,376.7464189055119,0.5,0.022290201569489798
474,0.05197362653176555,0.4581224501598342,0.006139118778712158,1.2866966357981688,150.36392289870912,0.5,-16.166893584145754
475,0.06996225769730524,0.4010373003175246,0.036010483727608254,1.1827909510490682,81.99474970146902,0.5,-21.0237787005272
476,0.07049273181034094,0.4840995759691867,0.02991191963608625,1.3629461323020737,58.85140874576458,0.5,-15.7979366963486
477,0.08394630728736353,0.4218804032303868,0.020351039304310953,1.716646477597593,180.68885854457233,0.5,0.472845305725755
478,0.052515019490198,0.38766381050685633,0.021329384701954956,1.6769836801932616,96.08536170274253,0.5,0.502754139991918
479,0.06738998703218566,0.4945702946007534,0.021696221330831912,1.7727771997879325,422.33147202059484,0.5,0.4708529271974582
480,0.08970241220615684,0.3948955480468606,0.02924510487175174,1.634735120461247,215.58451761458082,0.5,0.3776474275892868
481,0.07639361375980017,0.37832470862616,0.00655307159523589,1.8760010845850745,415.9411616549051,0.5,-0.6358778951171584
482,0.05681920534073379,0.48367971195958404,0.03655735898227857,1.3143503928475178,211.5689974563241,0.5,-10.900079293005383
483,0.0644366844229638,0.44482265524887454,0.029793915117811213,1.8326640800886271,223.45820691310536,0.5,0.2784629653282802
484,0.05431971720716168,0.4948543795424898,0.024569237842054756,1.224091054012336,213.36646311026257,0.5,-25.60069802882817
485,0.09235948894467157,0.4676128286776364,0.03408231275056567,1.9028795404213648,135.1352882320329,0.5,0.377577874351789
486,0.09309873684720509,0.46930941829475775,0.006802420318476488,1.4990313512002305,297.49335010240287,0.5,-4.516464512421718
487,0.07285168048311576,0.4987482989107074,0.02064660182610203,1.6404278576346774,125.93300269443613,0.5,-1.1461522921264242
488,0.09724669976833385,0.47865109218774926,0.015569556820845286,1.825289628541142,333.32804746523,0.5,0.3903749834963014
489,0.06603652660654351,0.37294329292940026,0.018544503581898165,1.980593549092203,313.0120123445772,0.5,-1.744227388548791
490,0.05609354163106427,0.4636793626310405,0.018414086013413,1.3375517436627393,427.7383655659071,0.5,-4.923632980474953
491,0.05593481152967621,0.4222460391082826,0.010014020875862334,1.5240476749566947,244.9368583913667,0.5,0.1668095236425301
492,0.0894220065209137,0.4807593370633157,0.013994626116807036,1.8378152116115882,261.0422322311868,0.5,0.4648183170691246
493,0.0798694580231343,0.49244454260592446,0.027963719096539844,1.2635262827122018,258.7077838135673,0.5,-20.122097764430386
494,0.053295398135926056,0.3850714247632342,0.01981135068501649,1.8966561157983035,100.02690245509127,0.5,-0.45092740524136676
495,0.07738373404207893,0.4762937860764694,0.02904499463925156,1.4740235735761535,52.054530177766566,0.5,-8.712315474147783
496,0.060964023024342597,0.38696328583343287,0.007177566193132607,1.5475619061149413,69.23648315138325,0.5,-0.2625345320970538
497,0.09507992308791241,0.4186102573879528,0.012939694166285258,1.6306192198171086,446.5088080207348,0.5,0.24959151451602535
498,0.06573631432320091,0.36220476224498505,0.017743836106497348,1.4928249770324824,154.4638703244995,0.5,0.40122030733857694
499,0.08354468937135051,0.4242675129450737,0.03712288496856595,1.816957334192409,198.76540873978436,0.5,0.5290571661025905
500,0.09577881266475444,0.4487412307142138,0.009684440335869588,1.9372724523164704,382.44143791833545,0.5,0.37600996623757565
501,0.08549542474337266,0.4899024412541938,0.028068245749953553,1.8124608559187283,295.76055275696604,0.5,0.5071159586939323
502,0.08847845873955983,0.4598615447160247,0.013678443775837969,1.8543252393510663,335.97023990645897,0.5,0.48520174580462094
503,0.08095714292144333,0.47315985212534867,0.016892851176614262,1.3804471180528464,68.27150658854966,0.5,-12.803770306144328
504,0.08958621203934068,0.47786329732491595,0.025652792085498588,1.208517324702385,136.48233083549425,0.5,-33.138822761834945
505,0.08265729295670046,0.36767866384367104,0.007636212875444532,1.2068287222443077,34.30376828433656,0.5,-16.777389352382176
506,0.06416802924882942,0.40773676945981374,0.03449290469097081,1.377336505826489,18.567613950622686,0.5,-11.068153788596456
507,0.05839932132730718,0.41965216475313716,0.00841547559724989,1.1373000580658625,119.2662825796763,0.5,-33.11752346007816
508,0.08104310093195054,0.4376458787161992,0.03029871940824,1.150789404380526,17.81022590118642,0.5,-48.75285702539678
509,0.09832228758104097,0.4825762558647835,0.006184084551767331,1.9276913007979686,488.10557717259957,0.5,0.24389216454259943
510,0.09558469935349097,0.3795043617872535,0.022492839800261948,1.4923763416114775,460.6071081380922,0.5,0.022811809057439736
511,0.06561027858626742,0.48556141862521246,0.014671947844618463,1.4728336526888066,411.51160267422233,0.5,-1.510503066246256
512,0.05616940482118506,0.40384998390000576,0.007943821808785815,1.559372463870115,327.1171668594903,0.5,0.3066543050487286
513,0.08275381961085661,0.44900576496461486,0.03583765833658339,1.2285062591715779,459.6474413988953,0.5,-15.712852055136437
514,0.07368277829504785,0.3984774846078113,0.006687427061079441,1.3638105438883172,239.2612602185658,0.5,-4.295760441177603
515,0.07678525086062019,0.47658256939761146,0.03912904780649927,1.8830973103465665,303.1147510372194,0.5,0.45797394273941017
516,0.08718636323292964,0.48864710118879107,0.03163743091186018,1.4763104351294036,445.84813873035966,0.5,-2.4861387664373304
517,0.05992850516457737,0.42085124033913995,0.033063497917019465,1.7669637231623416,222.52740861527784,0.5,0.1933635055061338
518,0.09597874853136984,0.4626054707814931,0.027621729825661693,1.3271905814160685,275.7570847109545,0.5,-10.740375111827836
519,0.08564248765244672,0.4281018973309949,0.029419712470514208,1.9844581107304375,65.42889907025783,0.5,0.5401878566370005
520,0.09612700583546815,0.45090194614324997,0.016469990105008922,1.5418841243377912,128.87414455490492,0.5,-2.8977171518984806
521,0.08798765051003439,0.36094649235784887,0.026631578412353498,1.4206438583584222,89.13898429205378,0.5,-1.77508495955743
522,0.0881665648384652,0.35431340248736976,0.02098257927245461,1.9537824882210455,336.1396184866446,0.5,-0.562493404545382
523,0.07449107957870588,0.4974391450579222,0.021619370988382135,1.8354772470559204,278.2931667465688,0.5,0.5633150784530481
524,0.05265510861615178,0.45231997296934345,0.012632945492774765,1.2510882378578465,80.81048554326686,0.5,-19.795199718961562
525,0.06025885969062421,0.46744121383922527,0.029336869646770024,1.1388197913847389,59.13383017294859,0.5,-51.8247150916894
526,0.07176952116630969,0.36508597024019807,0.02754324682056572,1.3433406275456548,152.86882285266967,0.5,-2.0204869078761387
527,0.052604145876035645,0.37133665726195125,0.012674251794652813,1.321174855355281,416.2182246843489,0.5,-1.145298700382444
528,0.07375498304124248,0.42075490564352164,0.037507549489003776,1.2834943564476964,139.97437392383338,0.5,-10.299097145245547
529,0.05055438847818838,0.44377292754559255,0.03872269780121059,1.2127180882082338,211.26308766101639,0.5,-17.571119726470226
530,0.07642089210308399,0.4009829497487371,0.006850199016061813,1.6331070100814429,266.58613393060836,0.5,0.22075669183285296
531,0.0691289819727767,0.49423702578049866,0.03341139686467625,1.1812468523386026,393.4737154723962,0.5,-33.14934236983837
532,0.05742538240430088,0.35637653402407987,0.03954474227037177,1.165541356892121,363.57193574757144,0.5,-8.829863524920421
533,0.07659680367509314,0.3535969093595399,0.016225230043604006,1.8433811264234827,276.2754688862616,0.5,-0.5814021527711439
534,0.05040160322607421,0.35583301587628136,0.020291533834663898,1.8808307638513004,389.3678098113564,0.5,-3.145321539790171
535,0.06944722801851336,0.3935856143427127,0.012390539726386391,1.4260996107615682,16.923864361121165,0.5,-7.26082710791025
536,0.09263575959353268,0.44035287776915083,0.03415641227720613,1.2591955722165027,379.06320067413117,0.5,-12.762437227097022
537,0.08396078431569551,0.390501861457259,0.02333900381174059,1.1180126777709467,94.69060265924821,0.5,-30.141251432501964
538,0.0660638390040733,0.42489534900999093,0.010974593330034428,1.4414185745731811,339.37461084472426,0.5,-1.0625940400594516
539,0.0786399101912872,0.42627831658205856,0.037625955005728996,1.4545582430309758,110.97951871388356,0.5,-3.1079097206835042
540,0.09418454775600847,0.44542822225228196,0.015168028950412134,1.646752071714648,397.7256743514413,0.5,0.14690686097034988
541,0.08324304350617773,0.49796708304278037,0.013360470419823339,1.5650276488054122,240.40898201341165,0.5,-1.9269587458110111
542,0.07702270310023618,0.4390437193561001,0.009921980873311496,1.400180521068685,322.07687003388367,0.5,-3.9409664839695466
543,0.06904912821002927,0.46118695569997215,0.023698250384566504,1.7721962812192362,370.1955425065227,0.5,0.393051971444937
544,0.061166455957684884,0.4478452097566126,0.03142156771950735,1.7296261940928548,442.7870029269305,0.5,0.16044625859948614
545,0.07579951249339606,0.3923510497262659,0.009989242825907452,1.664754987034796,166.65754948246814,0.5,0.46333360701720383
546,0.05045227904935391,0.39208268619771836,0.020842180330490224,1.37563947137927,197.12050030169337,0.5,-0.8663075032999208
547,0.06893967207956861,0.42258187801169783,0.018939303577073876,1.4238043966342064,327.76529254649955,0.5,-1.0193097651472929
548,0.09333427884309077,0.44144539253456805,0.016971315235081566,1.6459269065271718,298.8721200948279,0.5,0.06774770359551319
549,0.054654050744641566,0.3968664960190054,0.010527098912984801,1.2757282508501229,307.48356625312954,0.5,-5.6998899320046705
550,0.05244622851098434,0.4391404052817804,0.005758077704375954,1.3748281131415019,315.583422662992,0.5,-4.976297173737615
551,0.050623963804014696,0.4596903324668419,0.012320939682675364,1.2258714778285023,379.7241280312883,0.5,-17.315041607300685
552,0.08725625068450579,0.4984048293195361,0.008548109173104525,1.8388006315772303,236.63481612210535,0.5,0.28232542936482585
553,0.05225796480462356,0.48933745476601137,0.039145076527574305,1.368547329287408,19.065805292572975,0.5,-24.157557227432964
554,0.0978573350287917,0.3670286733781387,0.029640959657534414,1.4064499171610263,200.36625940014105,0.5,-1.6447212836939893
555,0.05968261731237916,0.38685810054848735,0.018566172004398074,1.2725933889758612,426.7240845655534,0.5,-3.764520860831758
556,0.07618947275445162,0.47699435895359377,0.019765131388878636,1.8091728285402588,256.7740127587603,0.5,0.5509334276561864
557,0.07711906684884576,0.3519407352983383,0.038005314359475025,1.4252426824616464,149.32169661656607,0.5,-0.2606746793857475
558,0.06075630580353723,0.43968827805106786,0.012451652613528996,1.4349518309260463,436.9568159483374,0.5,-0.9289289761492636
559,0.06319479219452334,0.4890846855406087,0.033708778714374305,1.3449854632271787,439.7615440714205,0.5,-6.231259951868949
560,0.06808669350436064,0.41622093903640456,0.008432329978756318,1.951625990201336,404.72904072671673,0.5,-1.0028337242507348
561,0.08670578059440961,0.4406582446666923,0.0064782203867017885,1.7560170435304363,147.22705255159832,0.5,0.00550191452771609
562,0.06958442916029894,0.3551554949741609,0.022401350898841457,1.249457332792236,117.92852643619523,0.5,-5.74683219610676
563,0.06517827503656778,0.47929082896646535,0.00921096114164573,1.957241838557735,197.89962292298654,0.5,0.18781102785188708
564,0.09733172852542672,0.428498819915037,0.016049211533950905,1.1736125460934073,47.702113168245525,0.5,-35.22743261231021
565,0.0979420462447295,0.3889740687863418,0.008782297292963455,1.783447998101122,417.03256113968024,0.5,0.30941468958592233
566,0.09783283656031118,0.42534389565225833,0.030195753944938324,1.893091860676301,229.01567865782263,0.5,0.4873882017618991
567,0.09113130386455282,0.43376644873079845,0.006581277616608255,1.9782391290049,172.99059695793645,0.5,0.4011811492059282
568,0.05209773330505626,0.35142290676117244,0.010097300326134043,1.7780792213789711,409.37034294149487,0.5,-2.222457586276318
569,0.09002604922712543,0.4808519811604645,0.02252632368254603,1.5779197735137225,360.8410269117676,0.5,-0.8306344169123674
570,0.08748953774183371,0.43104020175981295,0.0075892910261713895,1.7953048042794237,369.7079665099504,0.5,0.3378938329610066
571,0.07005161726439595,0.42887497904815897,0.02521833172278397,1.4585303744723785,176.36104105259383,0.5,-1.4579576838868449
572,0.09108729610597463,0.4030298020217995,0.03487865643609689,1.9184829422721064,15.010199199252405,0.5,-753.3651217516904
573,0.09340134925179343,0.41351401864552617,0.03736195250088113,1.237125327612806,383.2790851983852,0.5,-11.679610397369041
574,0.08138156446561665,0.4659799010801394,0.025367065785266287,1.6843234866347223,292.2851908738303,0.5,0.3708938208787016
575,0.05825933886533181,0.3917279554083224,0.026433658240680082,1.9755530638129506,141.22151456075082,0.5,-0.8748002977247655
576,0.05560393544585713,0.4717884501259085,0.014185616258252383,1.1253431226176898,244.50103230318965,0.5,-47.74205150598566
577,0.09772810722272543,0.45797369236089436,0.02572024179890294,1.4954817357920525,367.1442716943294,0.5,-2.115568202384089
578,0.0520170408384435,0.45109670512833283,0.02008964760097603,1.4757018007449836,368.0784439108679,0.5,0.03825805781534253
579,0.06209049358095207,0.4240486733989809,0.0290940491029142,1.8183530733619406,390.7313067476427,0.5,-0.45977493989791896
580,0.058895073579197384,0.3536386648830293,0.008122302581737656,1.6190774045737535,365.8341312335926,0.5,-0.24907806277093036
581,0.050397344801267105,0.48619368688263354,0.039705978560563904,1.2419739517573072,291.3033070856873,0.5,-17.885859598291233
582,0.07174324019043701,0.49068167662257123,0.026790813357396897,1.507625714591534,117.52471175105799,0.5,-4.069166530039187
583,0.06276153841949902,0.49653523521282916,0.022768568449610272,1.3993318595593465,260.35535721009666,0.5,-5.352103297321365
584,0.08541365194164431,0.3990776650258395,0.03607997046529414,1.4096616016294363,30.54514548328267,0.5,-7.747493181303712
585,0.05176766847297709,0.36396345670640795,0.012824698437684908,1.8648061437128098,38.836162090179435,0.5,0.21787722498113493
586,0.05932824225511086,0.4018737202687151,0.0351990864121154,1.3246990983514484,141.5685020584438,0.5,-4.4320834747319156
587,0.07892409106677072,0.4724485574320734,0.032857032133112855,1.9558372762216882,294.9902561690284,0.5,0.3326613342260959
588,0.080187873807963,0.4079157939287384,0.025933446538693533,1.1032973427489063,301.51128320351694,0.5,-33.66442021693581
589,0.06186530743254593,0.3890911516342233,0.009529130314928518,1.5987532742344492,127.2915596813987,0.5,0.44819599215290673
590,0.05540427443186758,0.4103423090376327,0.022962234836728504,1.307502193083404,80.19874659509381,0.5,-7.800954118538357
591,0.06496398307035076,0.4655375501845602,0.011102586016824567,1.2101893830421653,254.63289753864024,0.5,-25.139922319385256
592,0.07524425379312716,0.4315925662703822,0.017976963520806098,1.257971034932724,428.92958761304124,0.5,-10.329562806411385
593,0.0870689070668672,0.40715723033630685,0.017117221496851312,1.7648667313323592,177.986974928347,0.5,0.5148813057822261
594,0.09231722206530438,0.3688534681987115,0.021375939475944836,1.8975882747508659,86.96915608310371,0.5,0.4865739704271148
595,0.055961946440853894,0.4804832527065571,0.03446191471516689,1.558521474938641,447.492501758973,0.5,0.4419957837044567
596,0.08902536364222116,0.43574398194826214,0.03841232127459693,1.158706389117159,73.59401449785489,0.5,-37.02679455593647
597,0.063232604134144,0.37882739020971234,0.020206222602810086,1.8026868677941665,444.8733132323417,0.5,-1.1811489828915231
598,0.07270708519190137,0.38190861458641584,0.025071393229363078,1.5640146289951469,479.0986337224759,0.5,0.44623786230447016
599,0.07239499465268165,0.40989960541825987,0.03981374753111327,1.1272615213060142,167.61311909265567,0.5,-30.290535910538406
600,0.07510994748548361,0.3847161321646428,0.0056142556284459535,1.9344618054478793,386.095251755185,0.5,-0.7718211753053967
601,0.05805920982648317,0.4594176193604459,0.03247413297489727,1.7385660826572629,154.23047175514358,0.5,0.5956331139854011
602,0.07033436383058603,0.4913282947265174,0.0072691632224453386,1.5813099830988364,341.77467798052885,0.5,-1.154181143662114
603,0.0916154889783324,0.3615559758636257,0.020157552214579513,1.8205274015546156,133.35648155697143,0.5,0.42918091714543316
604,0.08516944915508003,0.37617593588998954,0.027465626503159007,1.1992202610295115,156.78297425887985,0.5,-12.764507537286356
605,0.0731241951746511,0.4101582571944491,0.03442960720046198,1.759892635722593,53.12459312037208,0.5,0.31534548838541576
606,0.0676309343674856,0.4411711493116498,0.007550166033275931,1.1542941381189802,90.81346473549556,0.5,-38.30595075421987
607,0.06391678470711552,0.44590061220630295,0.014281171645049263,1.5258393301165372,239.00676995836037,0.5,-0.19256018580367829
608,0.06701035360876952,0.4298472884386062,0.03946779673746371,1.2673813097749675,9.562325037767481,0.5,-30.872050771618664
609,0.0932826716709624,0.4265728573069094,0.01278645321340666,1.8492297716323294,328.8416781671897,0.5,0.4309703811068023
610,0.08440259555848345,0.437589909840563,0.0318708817079747,1.8229368352336421,116.6363552230722,0.5,0.4690470950670007
611,0.06191238554858896,0.4793910998136381,0.011895506264868613,1.357718416386922,434.2829239479408,0.5,-6.307428976145358
612,0.06616919800631588,0.43451073396452344,0.02205756110500727,1.9580912250628777,182.39171485912976,0.5,-0.07848108554986877
613,0.0831641071064361,0.4031616412749831,0.006777082709901841,1.4245292990479816,346.13147187720716,0.5,-2.579779427663203
614,0.05319021405467811,0.4314323356942687,0.014457884250258898,1.7000118587596993,495.25216080390356,0.5,-0.29166282305918934
615,0.05366444083628588,0.4114764434342353,0.028704243403985183,1.1317755433632195,402.8602083232321,0.5,-23.991887472632694
616,0.050088311140900205,0.38780834611590315,0.031261260228718266,1.5883580985788146,83.79749119755942,0.5,0.5509564451936328
617,0.08500044419019145,0.4392926052935976,0.010737385826382718,1.7087714450543747,206.83713266914526,0.5,0.3153163544927746
618,0.08630936595463556,0.40204913799786296,0.028757103354930966,1.6681882265573331,280.1910867860634,0.5,0.5029983241769556
619,0.06558498845217407,0.4566592499310961,0.03292136560245567,1.6606290935900958,218.57034421586326,0.5,0.5124318340317551
620,0.07408869625284029,0.369697260744007,0.03238097880766683,1.45065570678375,374.8485729287145,0.5,0.3395916654868735
621,0.06236820314358984,0.4394186004491936,0.027003231566481087,1.2730079868304192,392.895601310464,0.5,-8.134235616327471
622,0.09481057504802899,0.3509962170744132,0.01413624517369438,1.5470345191335473,381.27562160700415,0.5,0.35362129352797966
623,0.07981703381844851,0.4368562925227235,0.0352805620563271,1.1213353392852496,300.4250505405433,0.5,-37.37226634586313
624,0.07430798214339077,0.41876876075795455,0.033139958593056434,1.246342964312944,165.75944559811447,0.5,-12.86594078661392
625,0.056312525421794296,0.46179733212104673,0.026204331588407966,1.4782885285753926,173.83865856195257,0.5,-1.4085885205423163
626,0.07067544204240653,0.4325173085343515,0.011516301054407378,1.8943625202928867,333.92752971976176,0.5,-0.22732791376039962
627,0.08603192282243585,0.3943408437203969,0.029732456389148072,1.5318462762012233,252.46132091460456,0.5,0.06425892302337466
628,0.0819328403760762,0.4520938462442304,0.012057207482732334,1.5521735409445585,12.26163467692762,0.5,-11.121244728517919
629,0.053586292654216924,0.4040092313970365,0.020866472521843198,1.7367966291581363,298.41227697371687,0.5,-0.4170974635618694
630,0.06821041926016283,0.47094160013090747,0.02554449391719396,1.8909752664633988,263.8608137109593,0.5,0.28736468921295244
631,0.08690140508418089,0.3741351985061244,0.018089641811473423,1.2159102625871956,373.5763314871689,0.5,-8.949122139289912
632,0.09825909134981206,0.4144160538796139,0.02495489548356948,1.262643824576045,281.77692590908555,0.5,-11.135645720462488
633,0.06921076363866449,0.3964589338687805,0.024311198379925934,1.2406871396282184,293.2125505973648,0.5,-8.150617138417498
634,0.06885960538195998,0.4143077902494263,0.01914852398638776,1.2981728087988713,120.76147390236204,0.5,-8.517491144550803
635,0.09725552071973373,0.3597417333539322,0.03687895576029932,1.3481871857615824,412.20894886429966,0.5,-1.62609351302719
636,0.06792974115497454,0.3673347718955835,0.02363641221213258,1.9865155348869474,29.293096801542774,0.5,-753.3651217516904
637,0.09709166108856858,0.3712823404346779,0.020737249203013376,1.2809001579642723,56.75343438526266,0.5,-9.904690941257549
638,0.0856655989200824,0.4471763162933194,0.015275789387089435,1.6250554643848494,237.6708011544105,0.5,-0.05583608858346034
639,0.08227247400793375,0.42914798869392257,0.008708168866036772,1.4712134973606863,356.71199427038545,0.5,-1.7920034017311415
640,0.06003389975187795,0.41993945566986274,0.023892625366828697,1.2991588145740027,353.04855804050527,0.5,-4.738425472051773
641,0.05998242122091854,0.47280107212186456,0.011815823850936852,1.916570368872908,248.8303434183551,0.5,-0.09133634766074161
642,0.0732476947531949,0.48061334169977366,0.028387968312547213,1.539775731855943,131.25866657006478,0.5,-2.4566408990939976
643,0.06662105356990969,0.4522077067474798,0.03934677029909809,1.8593904943578554,30.908465871886452,0.5,-0.33565346530522167
644,0.05222552575466943,0.4070569386370632,0.013150729375708579,1.6830892289062191,150.04116103590493,0.5,0.37770033239870326
645,0.09987174727652037,0.407857594411636,0.008464444456159,1.7706271834760625,32.8452599735039,0.5,-1.207290937908502
646,0.07070620937215798,0.4324926032102209,0.02988305583707159,1.1061004391703144,63.29402923868091,0.5,-48.666537739044635
647,0.05420335542307632,0.3724835826723154,0.0175251423216134,1.6209466260242271,344.2731332920046,0.5,-0.2103511282229129
648,0.06565357191915044,0.3846110696976417,0.03930645160061496,1.8117663777247588,455.36237765076265,0.5,-0.9692420556081167
649,0.06310160812374886,0.37511825489286826,0.02756378993631279,1.3136327324498085,283.74210413143214,0.5,-1.9230284487489788
650,0.09255585222906884,0.4164269871913827,0.030761175117875354,1.317265511426868,297.02018111817836,0.5,-6.515288629246527
651,0.07253520773753945,0.4838820300349127,0.037776944175532845,1.8406077498896611,16.048853211735196,0.5,-4.140550978899907
652,0.08524448789074865,0.45933972438400833,0.019385891480867785,1.8954298377700656,323.1953399571248,0.5,0.4309854806743829
653,0.07465526562795449,0.38493324662332234,0.027116314133546794,1.2803491374838893,474.76519002210256,0.5,-3.6997802248524874
654,0.09091065065420163,0.3783560370311282,0.011882045538240696,1.6008071159921138,67.34675156165338,0.5,-0.4557721152123071
655,0.0771592634087849,0.41213312373738165,0.02813156243534366,1.242483101404423,251.95022482591102,0.5,-10.952740339042665
656,0.09529757645226881,0.3982239313845703,0.00940281283472204,1.6778678897626431,232.54523101131346,0.5,0.24863671948836497
657,0.08198926210108431,0.36214684127182717,0.019472883102171025,1.2922851275611824,178.44827117646446,0.5,-4.10261415047852
658,0.08401278210146544,0.4192402139877837,0.013325620143759542,1.595512667093843,249.98762627147968,0.5,0.14217982785589522
659,0.05526098796570314,0.47537502081525196,0.012502234918733052,1.1703628122387122,168.44624890814555,0.5,-37.41674699957906
660,0.08066140444323851,0.36303947016294613,0.035302814377449886,1.277906343017448,331.4495639798223,0.5,-3.371897547901648
661,0.056610372960074,0.42142464388512896,0.021076662764068797,1.3654689965971807,129.81207827513128,0.5,-3.869752793035067
662,0.07036602249651874,0.3549677357263589,0.030884571967237345,1.4431708878583356,497.770236847884,0.5,0.48239018688392477
663,0.08327441773101407,0.44688530038992047,0.01107321237882999,1.7810378162469291,377.9587001630137,0.5,0.43483602678181144
664,0.06508434387798251,0.474280341424935,0.007149813029178586,1.4088154538962545,175.22527812831697,0.5,-7.41617440881422
665,0.06732278053940514,0.49510478254327006,0.03766607332315003,1.4174466799636731,332.47053106667295,0.5,-4.001901931632057
666,0.07843789876742813,0.415948058013914,0.01082750119208849,1.9008895522082163,196.4386039878932,0.5,0.22586700266893145
667,0.08304688496330971,0.4358121920784981,0.03266865589049533,1.6375600490761684,278.0840298595326,0.5,0.34677783283129915
668,0.09189586107725711,0.3773855498639302,0.02477945174610298,1.2195439847979177,44.82416266741007,0.5,-16.356684946108107
669,0.06544757386264263,0.4874952650806227,0.025176537682000476,1.396804760723143,450.6081502154067,0.5,-3.501133435061406
670,0.07118506150762043,0.407597982014796,0.02819260524149604,1.8281286218367376,343.20555112151237,0.5,-0.18586950119206702
671,0.08852589206943035,0.39111431940180497,0.037396550942343496,1.6118121916139772,238.16115294843326,0.5,0.38142850788830307
672,0.09151052414181464,0.4089978053983942,0.03509290777650595,1.8737283418796178,229.82122969670098,0.5,0.43609030555166606
673,0.05728163331269092,0.40292906460021327,0.03544813024787663,1.4274701822039604,280.8884899381272,0.5,-0.07105274551972807
674,0.09821499565242386,0.4729383323757804,0.02001026556081103,1.7210677232159102,243.56769336503007,0.5,-0.1900251707980145
675,0.08149626933571627,0.4810831487095641,0.03833604024123301,1.9286814114415796,489.31832570286343,0.5,0.24112503232234228
676,0.06481854451561192,0.38521781316389714,0.0137721979462402,1.7816133790839923,105.70037534731705,0.5,0.34344769953598564
677,0.06953307822840868,0.3716660980411324,0.03297872408662438,1.5831311195396904,432.86256158455933,0.5,0.3174024263069529
678,0.06631024899716022,0.4538281975808114,0.011276777858022731,1.8821547036582362,422.89073325748114,0.5,-0.3367184954246065
679,0.07089869009266415,0.42112150252310804,0.011964220070362437,1.4397361292748778,239.73237878608487,0.5,-1.524969928194352
680,0.08361201323378062,0.46038960620175323,0.015681288987377074,1.5659063287768915,269.3943379665467,0.5,-0.6564103541302613
681,0.06909325746673857,0.45071148664822525,0.02983996599571242,1.693773741493597,224.4253673025362,0.5,0.5617291610342023
682,0.09442875670272019,0.3965165087300656,0.010708144648905365,1.8240226659925782,193.56767203914217,0.5,0.45703590568924934
683,0.07306580753458893,0.39034264676519653,0.03727137703556126,1.944776938086441,305.1813689786964,0.5,-0.7439062092478681
684,0.05600592867165205,0.35668856055884807,0.03666655197179583,1.3672177342291247,184.05600916763305,0.5,-0.23224904992296969
685,0.07607943615451536,0.455092535169356,0.03555001362206743,1.7880586889746177,351.10328702339734,0.5,0.47523784982451234
686,0.07932333304408601,0.38855330588055015,0.018763420593253755,1.9622316755019262,228.17301512748898,0.5,-0.2824306031734938
687,0.05722181344305578,0.4048438902671329,0.030910213487471465,1.6487570098898972,454.80182831190547,0.5,-0.029132267760848096
688,0.06984074335074827,0.47947375838917805,0.014352926066177961,1.204854401732851,270.36273780800207,0.5,-28.406236632103823
689,0.08454690362983527,0.44923523417235,0.021814205809642755,1.3512099013592294,215.38784556743502,0.5,-7.551796024874841
690,0.09900733903608179,0.4652033209929551,0.007515284168006904,1.5627924517301004,264.5209136724913,0.5,-2.877761073284154
691,0.052318609344853405,0.4684346857187911,0.005869765639682946,1.7248529489340565,494.47030548349085,0.5,0.008103091496761583
692,0.09050990543573359,0.4708317760260849,0.007224655322871627,1.329424443808587,34.08068917180801,0.5,-24.74846330708171
693,0.0887100539093897,0.4997148006913802,0.025350374698863826,1.4223347530077315,126.76220278435692,0.5,-10.247366322218138
694,0.08347655733816856,0.3711421409743107,0.006472677517205275,1.6413628177711301,375.8378365007833,0.5,0.1948599390731044
695,0.07444544445024245,0.36318011346827517,0.03768055156463021,1.7405813288490148,400.51455045269626,0.5,-0.3208800271317982
696,0.06743237912721356,0.3685811580555954,0.03171850145599123,1.6152614421334337,436.62720020726164,0.5,0.08028280241275132
697,0.07794264172865928,0.41304638116047937,0.009490680298036848,1.3340299680052088,320.4870632297629,0.5,-5.564248302943426
698,0.05109557136094266,0.3844494580795604,0.03346085202005213,1.603788100969278,132.81960978662056,0.5,0.5518886742521616
699,0.09497514084245619,0.48853144826056194,0.021754097076316366,1.6745862953466562,352.1297437585129,0.5,-0.23972245772420941
700,0.06412470403591021,0.4694879331067291,0.021969182556224393,1.2436699944191287,226.4594624398735,0.5,-18.41215949930714
701,0.06870951515551357,0.4321121001577522,0.012088369802724663,1.5238578688793354,40.35590093447679,0.5,-3.490167512296445
702,0.060323213520248206,0.39995643455164903,0.017637011186050926,1.872647616190814,459.4458361565883,0.5,-1.526312529029973
703,0.0841713803243721,0.490085510036134,0.021100797746640566,1.8852743988428182,288.00618151289837,0.5,0.548627183682066
704,0.0969224618565388,0.4118567533136094,0.027150181410295664,1.7056734880305404,134.7245361862148,0.5,0.0590230135378661
705,0.06512296467805898,0.36915571804802605,0.008913435276321312,1.1112202299598075,271.7292050839111,0.5,-22.153202290787824
706,0.07721776581321628,0.36184933484914994,0.03223751441036722,1.4214109283373242,371.27481142980406,0.5,0.15863059914837774
707,0.0529649558065806,0.3538188262009404,0.024876083178901453,1.254739004928366,280.2329771615905,0.5,-2.5604347760267006
708,0.07800901230186556,0.4425435510376729,0.020778144589291277,1.569035280396141,57.616147496672674,0.5,-2.6690064416641994
709,0.09027581643612544,0.39695869979816856,0.03920722487029242,1.7130608581129358,117.16920329019284,0.5,0.341467333436291
710,0.06972021650296738,0.3813017702924757,0.031047663663466625,1.3364748888091382,382.53250604142477,0.5,-1.3861054450814172
711,0.08499252922349113,0.43816802617017714,0.037557878048774064,1.8455078169424801,182.5437342068385,0.5,0.5506211220921498
712,0.08580913942666825,0.40808591601401006,0.03234103234523664,1.70081990225321,453.0596959455486,0.5,0.44911591238278037
713,0.09494552358130857,0.4525078322002011,0.03400858967918777,1.861238057707589,41.82155775970046,0.5,-1.0732329155702511
714,0.06842635619608889,0.4872066031819338,0.007394725883599929,1.350586095599576,397.02889749843456,0.5,-10.552924811503816
715,0.07822692544365072,0.3936515761997149,0.017369128811414756,1.1121225992425943,410.1595698712527,0.5,-26.6532256710254
716,0.09178098479277022,0.4823819081888655,0.03423750272702909,1.3879547247628274,212.72121150969687,0.5,-8.904492974254778
717,0.05986565805714311,0.3956648721095627,0.015316469652541947,1.2470722551644144,250.0809721502347,0.5,-7.773072616547351
718,0.07196340044918427,0.4664021436155061,0.03901214260522777,1.384360644440727,151.02463301304738,0.5,-7.166420435311567
719,0.07147111639395515,0.49776887580357704,0.016717088200569236,1.1266867213460598,255.7244434994557,0.5,-57.69376894581256
720,0.0751871754576072,0.49160988307089726,0.010430603185289704,1.1610212989418554,72.33121836441546,0.5,-54.674375786040855
721,0.08460626337970663,0.37991419792583186,0.008660028724684918,1.976354030075766,302.5019159097851,0.5,-0.4219213601177838
722,0.05730605640134989,0.41764525396722646,0.02707705025023716,1.4906157459927376,438.5944363169979,0.5,0.4883795515120607
723,0.08834519510031419,0.38627115359300196,0.01458372955406255,1.5745638264592323,485.38765103228576,0.5,0.3930797570764004
724,0.08990800378294844,0.44055028826278375,0.03226913610639361,1.9878728341518062,479.3225208503291,0.5,0.04421587536479876
725,0.08383486098304044,0.4439162037979037,0.011163087741832849,1.4298720896590986,184.9328799807683,0.5,-4.431376592147738
726,0.07219433113250082,0.48418490713593865,0.033900586065224225,1.5368925865668341,143.44464051400436,0.5,-2.4011384633846435
727,0.09680795823690444,0.4740874784165241,0.026730341489394623,1.9356917316419238,342.92435487495845,0.5,0.5027231727761753
728,0.06729089116624604,0.492911420703089,0.03706762690480612,1.869369043352056,361.45654327504985,0.5,0.3086966523821154
729,0.06139161308853363,0.4322448238747773,0.006219364598238535,1.2563682097409254,125.20540505473922,0.5,-17.271673954897985
730,0.09625819939859795,0.43738390928669574,0.010656536694823346,1.415548883826431,81.38924852652528,0.5,-8.243830990046268
731,0.05095733984486885,0.46083300046349784,0.024683549701403944,1.2446196719618972,60.460855867775834,0.5,-23.859457236251824
732,0.07911506316989267,0.4999990130164374,0.012698698371849695,1.5940023950444717,242.77341931143133,0.5,-1.1778195294895424
733,0.07399428808470564,0.4627032449046479,0.029461639235422263,1.3352227810385615,411.967472272583,0.5,-6.269363100149407
734,0.057643489957679615,0.37212698189876475,0.0289371813553892,1.1834090018800993,277.1367773431195,0.5,-9.888005064484997
735,0.07553730952416587,0.3916238616180073,0.035181763289002924,1.836758421175893,70.6938540935792,0.5,0.5733983163091898
736,0.06856943823260585,0.3737143303414042,0.008845605509429005,1.6992089943320798,286.95414426454806,0.5,0.023993515780228902
737,0.06642801155600991,0.39778354513006403,0.01345833037320841,1.1143361638233575,317.2793407551938,0.5,-27.7208370820954
738,0.061096385606544984,0.4305867729544327,0.006876267583528716,1.6504839138040284,74.48350817003366,0.5,-0.13073229272974496
739,0.0821469189368542,0.38073392459393945,0.01892725069696497,1.9290711133079204,451.37419437127977,0.5,-0.6817106394503654
740,0.06964357903626273,0.4506416403306336,0.02422632193091118,1.106951943846365,214.84600383993853,0.5,-47.791316799393215
741,0.09584761186427079,0.4790602778507891,0.03537780699686627,1.6961185197422148,389.9284033435439,0.5,0.06725201624548294
742,0.07623368723150241,0.37590481321833236,0.03497766344733239,1.2693219903952504,484.67719751199184,0.5,-3.609144148945715
743,0.07604267781818104,0.42677565059441824,0.015242745664221832,1.7448565571797616,240.7297073288329,0.5,0.4966209821391093
744,0.08776414430360344,0.3776806836624477,0.038665893231804825,1.9769174705112653,118.35838571700384,0.5,0.2867444504205785
745,0.0927458587717562,0.4477808918262316,0.0080705082056106,1.3088918269051775,220.67348005715257,0.5,-14.09733463556872
746,0.09842639219557703,0.3669341567148143,0.028095548213288433,1.7036393778211165,289.8729466546766,0.5,0.43801619315273477
747,0.09321113870701342,0.3836184929598989,0.03047491309319075,1.5449441993345487,205.89931368908086,0.5,-0.06895509948578904
748,0.09533623054120716,0.4596004680504766,0.028272722199964944,1.5528933614104727,38.44756107954597,0.5,-7.38521913700446
749,0.08071585069505754,0.49657535562745436,0.013522762620513152,1.2901817082972773,205.4111592227569,0.5,-19.766975063426315
750,0.054399324353396485,0.42201677689156963,0.007688426730914055,1.675995543851067,350.29545024184387,0.5,0.12925714242011654
751,0.07921948279573517,0.47045438931637507,0.00819624648548542,1.3052206190539022,229.54348702906952,0.5,-15.70624436047689
752,0.07672886558165842,0.4085353275841687,0.031004187475826873,1.546388710955264,225.675807476246,0.5,0.18128253833434793
753,0.07384975859111871,0.4782699023069841,0.031737285964812255,1.1474351188818073,448.253509135179,0.5,-38.75631658410901
754,0.0793743283341804,0.42378140586713964,0.03503026219909415,1.6497213077250417,427.17844446539266,0.5,0.5297394687117847
755,0.09565520086258976,0.4107360024707972,0.011568423317539737,1.2182004081692714,266.2230794552942,0.5,-16.693354971061233
756,0.06178902198199556,0.4465782850899924,0.0325152848140719,1.939506160955393,316.33270961774224,0.5,-0.5962888876496135
757,0.08165679739906861,0.40472778237347895,0.005924366189092145,1.5973448470472116,224.17527626629115,0.5,-0.34003589675758716
758,0.06666011439709363,0.49258093634443434,0.022373242729409867,1.4357147392158307,311.87649004395234,0.5,-3.2457291597697076
759,0.05842161912104782,0.37933004534468556,0.02185699542266938,1.9746403906553196,301.1716519616439,0.5,-2.1536241128081324
760,0.09338425953035072,0.414746095838198,0.020945632961108827,1.4034980089802558,484.0789231684363,0.5,-2.0891441640119592
761,0.09898143177732849,0.4512244883469475,0.016554413587360733,1.560420285416714,19.674740667902892,0.5,-9.962387168285508
762,0.0784998918198146,0.49693583650939527,0.01906669431381423,1.3712042805694673,79.10653465271342,0.5,-15.308275168099609
763,0.0671879318791957,0.4054506065342501,0.019688501439693255,1.3950613096813655,88.22305292306835,0.5,-3.519317781224757
764,0.07546491285781882,0.4801763678114148,0.02443700273936161,1.367669526768892,385.1133450579561,0.5,-5.969304297560856
765,0.09378041921084083,0.48119569690660896,0.03758921666854628,1.3657533816000562,398.93643757795434,0.5,-7.8925752211965605
766,0.08090511056574604,0.4420982129985105,0.03480899670653158,1.9834572047756165,121.27845332099466,0.5,0.5267980186943606
767,0.05396756391862256,0.42635132338833953,0.03716362115329788,1.813112832694007,179.20024188582875,0.5,0.029198245951242208
768,0.07455291188913554,0.4004534445073328,0.020996697115305475,1.9118053072460333,86.40268746407753,0.5,0.4607123971441994
769,0.05874661528413725,0.35864986727053155,0.005789926550238908,1.3254559388265652,235.68215095967392,0.5,-2.680149404549396
770,0.08794071472596739,0.4993933502993275,0.01630107213161349,1.1662236743156162,365.33495125706946,0.5,-43.90757914346317
771,0.08311878636285314,0.4937019286301175,0.01979603502961718,1.393883483137932,304.4752277459434,0.5,-7.111796352566037
772,0.056213880625148066,0.4757361665671528,0.00557206617101591,1.128776555186892,448.1050402956444,0.5,-49.791896095638776
773,0.06457768523614443,0.4559196555838048,0.016623747537037856,1.8180623523717845,159.36854516255553,0.5,0.5122874065714735
774,0.09881915314060673,0.4590335753731022,0.03459847904932643,1.5025920080794564,100.99529231822032,0.5,-5.526163916300473
775,0.072096218602318,0.4835823461952479,0.01708052099258628,1.7075935417906751,27.265774428230284,0.5,-3.810347379305849
776,0.09515371978428822,0.3827566828461159,0.01740256680581138,1.6594638438186515,288.4199494595055,0.5,0.43719802324220924
777,0.06677458233750558,0.4952563379931447,0.03828546548810497,1.180130829116264,488.87851568044863,0.5,-31.747852733322922
778,0.06016311847926445,0.48328750848055546,0.03562998900548058,1.5000740525148264,82.22459821268176,0.5,-4.379428541718958
779,0.07136588652733089,0.36194033688938076,0.007057394292324741,1.8579211930339619,354.0798144432022,0.5,-0.9376036684811817
780,0.08920738179820402,0.42567658546244225,0.028297467968628184,1.5579998017393915,12.837264413159218,0.5,-9.191258836687812
781,0.05414646742623455,0.49627704414279294,0.031287011335192294,1.2689367831484644,469.15459460471374,0.5,-13.101752900954224
782,0.05168551364242847,0.4519953452195483,0.01611722707213453,1.1090550022185155,417.54079907503046,0.5,-43.025070953717524
783,0.08704901957596803,0.42700268113525797,0.010263827694076837,1.4283872862714033,433.44743845148383,0.5,-2.5647091921044316
784,0.056586323577174795,0.4397259397271959,0.023934885484442846,1.8422194052379601,474.2185711756555,0.5,-0.9294805214778032
785,0.08739111119998484,0.49155339115736923,0.0283783255335437,1.1440697000904252,475.5402875847094,0.5,-45.396542548867814
786,0.08004325845790716,0.3921810009406683,0.01147866564562079,1.581628379093621,165.46961919769427,0.5,0.20675440811098678
787,0.07319070274361561,0.47673784942446185,0.017438799190651843,1.9440924774730877,253.37866563620756,0.5,0.298875592767173
788,0.056671650246505625,0.350124038586345,0.018848104808988537,1.200702005007008,231.7062730824542,0.5,-6.252458249426709
789,0.0918142963779827,0.4632814367722907,0.03963229863149533,1.2888753004411093,75.80756230418766,0.5,-21.674003083715988
790,0.05784738733658067,0.4908459930574909,0.02511632297955236,1.2337383817062144,441.0517411813129,0.5,-18.89341366754724
791,0.07925003197304303,0.4561014764580548,0.010036455421543952,1.4080941620274177,162.812577568741,0.5,-6.409283712189533
792,0.054421553062214544,0.45751298038477106,0.008344190670667212,1.9913817437147054,465.554982303906,0.5,-1.7579571345249487
793,0.05213483420167576,0.3861473888708016,0.025171689879959134,1.3588747154639351,201.97384944296135,0.5,-1.067953937619484
794,0.09846376289322221,0.4897591633575993,0.01679928705761805,1.461856565610432,310.9499612983625,0.5,-5.1939973470540455
795,0.05088424272395895,0.4813777759215294,0.016931684874493515,1.5511096217488278,204.71412929555586,0.5,-0.148882710502255
796,0.05522709349715266,0.456949411869336,0.007854279346250657,1.509862606049928,398.03725856215056,0.5,-0.5598374230604839
797,0.06548186399050615,0.4679418249759227,0.031991295297742986,1.8577531648250762,186.04069218470732,0.5,0.4940235104271673
798,0.09661604863463878,0.41152704431910453,0.015217174050770013,1.6641195612535657,64.47472247894524,0.5,-1.021672449413551
799,0.07838723203981726,0.4615524955478906,0.0308447395273822,1.74718979041036,53.4911098797476,0.5,-0.9492778607416936
800,0.07120611264699367,0.3627849549580025,0.007716159166069785,1.2260540196178296,112.54596600890456,0.5,-9.89016585016733
801,0.08976858115051789,0.4111985130868449,0.01749781560120514,1.672200101128153,318.42837410000084,0.5,0.456619816011662
802,0.06133257894639901,0.3546872594913101,0.009460055628730542,1.6872404178128668,362.4631987196242,0.5,-0.6390996105027893
803,0.051319712318742036,0.49722110963253585,0.013563879199870121,1.431874401661815,97.17265635583931,0.5,-6.657192970853285
804,0.0864908410013232,0.3516659040784933,0.011230717994194492,1.7355566460002285,219.75981875650265,0.5,0.2645159047847243
805,0.07586262047925352,0.48472305142227523,0.009063955465498933,1.8044809487207643,141.95168969482268,0.5,0.319451763434335
806,0.09685075440151054,0.39576830653430445,0.033769399475822914,1.529771810634095,245.70155629340587,0.5,-0.41381527209139946
807,0.06424362278156256,0.43775729412074527,0.012512382520828206,1.6623227174440696,146.21880035874528,0.5,0.4462444658662019
808,0.07079690591652985,0.3823901777327606,0.01766772244345712,1.986200974986069,364.6135057391004,0.5,-1.4325266341292404
809,0.0861105929451432,0.4947129945680824,0.009782708202593065,1.1745953839989511,439.3348384857383,0.5,-41.601219774242026
810,0.09553684565993188,0.3552727224074981,0.030108617773047713,1.4886272890824441,457.15249314634207,0.5,0.2644512842813759
811,0.05217695996676637,0.37970644042323015,0.023578261536966252,1.8631665529699184,357.15927527189,0.5,-2.1438768277417575
812,0.05173389554729232,0.4715436360210995,0.021203188782347497,1.4380204284608031,456.30444679882106,0.5,-0.7294850876869936
813,0.07113354694528815,0.477112813174688,0.017877114115227757,1.9332208439262388,165.04522946239578,0.5,0.5028976517655483
814,0.055395217717012515,0.3980431185670256,0.018105725943476016,1.295311536500119,437.84109790849084,0.5,-3.0151851964640874
815,0.0790026121831848,0.44436599826044443,0.0051225457465116754,1.754360981554501,221.266708431449,0.5,0.025304620734076355
816,0.05774180034998612,0.41165943473864103,0.028988365576425947,1.809507201140748,339.5964845480091,0.5,-0.6708417663368027
817,0.08986930662249137,0.43462553741389426,0.031433121478498846,1.7506551111099116,113.5900019713133,0.5,0.10435065540088384
818,0.06309365796795947,0.49851145034632494,0.005513036774487842,1.7015319207964121,434.95058091141766,0.5,-0.07625289498547705
819,0.08434647452113839,0.4166788160855228,0.021914338257830762,1.2479359744799154,431.3668546673236,0.5,-10.134072127434823
820,0.05627851881001744,0.36550330042240325,0.025946541133914456,1.5546901292577295,213.5385216599511,0.5,0.44631589530128424
821,0.05976897226934405,0.4093921834488719,0.030497080398975113,1.9479861034033918,392.28232593348264,0.5,-1.6497547758212368
822,0.09876601039920775,0.39411753070793304,0.03684563499740812,1.4044792131666495,174.73040223166456,0.5,-3.27169487798818
823,0.08470997293329421,0.4064209105163017,0.03973558974545322,1.3130886526486927,449.42534089299613,0.5,-4.240454934624246
824,0.09757743384375747,0.3565281249809671,0.017846377447197314,1.3977527564065557,435.86134134486394,0.5,-0.7357293252592969
825,0.05554222115136302,0.498873264779068,0.031974048629915985,1.6280564109808968,227.52718563950026,0.5,0.26058016936190687
826,0.06452022596233753,0.3519566439080873,0.017023525761303546,1.555569088885047,203.57691426751845,0.5,0.4364474982379668
827,0.07387002082305855,0.3698524778551555,0.036409605535236235,1.7563534851001656,336.5565991831989,0.5,-0.19547051963682938
828,0.06023520204966554,0.46788030195766167,0.01790406629185249,1.669906460564027,183.63234562330382,0.5,0.4768374134707343
829,0.0677352539964092,0.47814988444286105,0.014619523008987695,1.1902418075412784,156.24971999098707,0.5,-34.48327975159411
830,0.09278707700684738,0.45473383309949056,0.025755769530462533,1.3023053501216906,106.84929817974131,0.5,-16.376308132666637
831,0.09854322447677978,0.46716105368785554,0.016407306821049163,1.2978170152814659,148.47923890725409,0.5,-17.92531349043378
832,0.06464690140636822,0.4746363496991559,0.03209697006855039,1.5220971334784639,175.63881632922403,0.5,-1.3902713271814156
833,0.07029650702766939,0.42860849036984083,0.026383470380118273,1.9795738792488318,85.00946045708457,0.5,0.46052934539415225
834,0.05700049854857783,0.4416173151838226,0.005375819522777032,1.5140939015475823,326.4010536576851,0.5,-1.1335263838752647
835,0.09451007114544115,0.38147282824411444,0.030705900165631073,1.3180832808435747,120.51475460343676,0.5,-6.2944575651350325
836,0.09351690532817146,0.4044489528018818,0.02888609306802021,1.4653320449226774,396.08311475011595,0.5,-0.7225489732575023
837,0.07628046560959535,0.46017691207127764,0.02371681651104133,1.327979902531838,261.7277332412899,0.5,-8.523155611911115
838,0.08953416803974368,0.41985197061064383,0.023204794127542207,1.7923417561613846,315.19336240871843,0.5,0.47788851114308917
839,0.08862637600876472,0.35247009437045373,0.03612569553924297,1.6136320830665474,360.6177429442948,0.5,0.4178696733281775
840,0.08294096355140718,0.40242550669294164,0.03373479965306252,1.3123003950038177,331.9320017771781,0.5,-4.595488536558555
841,0.07277991243964396,0.41935209158523146,0.033830600592942704,1.745938199326662,479.86938877083134,0.5,0.12242904888293415
842,0.08280479026778935,0.3864064744688423,0.0369633963495599,1.9461661644860637,45.17858351060999,0.5,0.5630257204276821
843,0.09642447245993428,0.4156002284321864,0.031191800737064856,1.1692881755322773,83.42660155854696,0.5,-29.05722238003097
844,0.08913930002460388,0.4400876527125473,0.005304678286962702,1.6926302164759937,186.82292352134323,0.5,-0.6829822586073078
845,0.08686105175716337,0.45777474870644724,0.020124629916674578,1.8298126216027701,265.2306137766798,0.5,0.527822142270624
846,0.06093416943165717,0.48737453485471016,0.015139241016411509,1.871371303884093,79.87975614981214,0.5,0.51407685116597
847,0.07667716390149591,0.36958912033759606,0.014411932293252463,1.11048994066118,456.54516767292637,0.5,-20.883693250519897
848,0.08557120778045596,0.4457646161618356,0.038970230097891786,1.8879452511482926,419.3445549766584,0.5,0.2925118785117867
849,0.05584703226716803,0.4651645008579864,0.02703896513851951,1.5381672707061396,98.91431018111393,0.5,-1.4701562937291093
850,0.054166801816541384,0.399568263449916,0.009032565423218054,1.381135929463115,99.71856604906012,0.5,-3.1412481273973647
851,0.06446829934505015,0.42025801553523223,0.017238694666898133,1.6228860148621767,20.311341661710536,0.5,-2.642111171321394
852,0.06706885177483966,0.424577987005924,0.0349449356448142,1.591558079449285,110.25148858951573,0.5,-0.030018111593014485
853,0.09430662847016727,0.48425666036984094,0.010220001718959128,1.2090615853269797,8.260942022156867,0.5,-62.55572198147513
854,0.09655953870760084,0.4129591153606123,0.032557820416451055,1.3850883536573926,470.54086434159325,0.5,-2.647905664238044
855,0.0585484685838865,0.49748172361154125,0.03625637963558035,1.533100803462685,482.58224662190037,0.5,0.07146735765908041
856,0.05533250502763253,0.4735357758934785,0.01965739315589816,1.9968499229490804,234.5286721221053,0.5,-0.5780634266773945
857,0.07595704498190367,0.3906758491853511,0.02427623137067801,1.2124577668899998,107.98576724895155,0.5,-14.282402695225844
858,0.0626565762611943,0.44812112288272005,0.008320767245667158,1.5281519456614963,76.39719282504232,0.5,-2.3708226312410345
859,0.07303689556665759,0.429247111606463,0.02053411307380301,1.4861881952678269,90.44616209966098,0.5,-2.42398601358929
860,0.07859630310322589,0.42836656390666705,0.009874221889706061,1.787497774749026,289.0268885579408,0.5,0.3770768051681851
861,0.07104987074663087,0.35079340710854084,0.016247784064111065,1.4484910893363656,30.23974248900933,0.5,-1.7473398203822397
862,0.05878006180289795,0.4050553607827591,0.02779186989083865,1.5083531103201397,11.243400069886563,0.5,-6.868162287331863
863,0.09923620849540374,0.44967613403736656,0.02959684955623918,1.8601558742454891,161.8718791127508,0.5,0.30512262182208827
864,0.06260512003079816,0.35704593529567946,0.026776373666963938,1.3955659715500608,49.76111746187981,0.5,-1.8514772242589186
865,0.09265373916279795,0.44216576282970527,0.017297086400272877,1.1298004373180064,477.87613824238474,0.5,-36.66393988370601
866,0.08258817495377159,0.4940545488671497,0.022994231346988494,1.4962179626463556,418.3393965830925,0.5,-1.9640986605704125
867,0.0823430262613036,0.43389535156427583,0.01686198727253042,1.8226803378098757,127.84975865338686,0.5,0.5247360970469224
868,0.05389805519374853,0.365960628820128,0.030666268868548174,1.148954143404007,107.69684593270998,0.5,-16.157284550323492
869,0.06230988489442718,0.3900162852841937,0.0204546086679826,1.482997859035523,244.06652188101293,0.5,0.3553863463659639
870,0.06328687690937743,0.4563013677130507,0.035501052237002416,1.6321113728236987,58.22905387735452,0.5,-1.2581379201561416
871,0.09930545944982018,0.4460983876028723,0.030969603894587965,1.770292071058793,268.14790688316594,0.5,0.3094364356496925
872,0.05869250962000977,0.45341817618351055,0.02938585831818815,1.308733556639663,362.02379300434546,0.5,-6.367468747967094
873,0.09429208031158293,0.37027238167219445,0.013825697683802131,1.956398925517708,475.0918669244671,0.5,-0.3366886860440861
874,0.09460362781877146,0.413837354257361,0.02589170724311546,1.8672718129909067,396.39945325875806,0.5,0.33329359885245724
875,0.0652347033037428,0.4343735060309661,0.017701258341977878,1.6853354774480604,92.18420076195868,0.5,0.34115055357952373
876,0.09043549480544356,0.3975241579621686,0.010137181198843381,1.349514038582549,37.25364306255198,0.5,-10.15095816861386
877,0.06397649431569902,0.39989427017746804,0.00532643439531562,1.5012634648393777,217.85622441965984,0.5,-0.8636433930029788
878,0.07099730987632401,0.4096627485015816,0.006943149814417887,1.85167507697741,59.46595146032665,0.5,0.4957522063868586
879,0.08218191857647852,0.42774694815712705,0.033586227416380586,1.5409566268416102,25.23969843416492,0.5,-5.963771092893994
880,0.05281320135478485,0.3541240883968174,0.026157149886798948,1.3447506057759986,194.49858508451197,0.5,-0.370650000232823
881,0.07811052888910147,0.37068246714306113,0.03382854739880157,1.3740762111851188,485.03282485384005,0.5,-0.38369764104113036
882,0.09935890982133941,0.47640872470602863,0.017801056870536704,1.7495163677029955,167.43373475560892,0.5,-0.4943223330213231
883,0.09470136012543579,0.38655157399368834,0.006039189424818098,1.1197154968398757,15.815725149839228,0.5,-753.3651217516904
884,0.09544904588640896,0.4042778484762163,0.03259377804522016,1.6384612885435401,278.8320829469019,0.5,0.292486380777094
885,0.08683771810995919,0.37540788211012893,0.038856262870628516,1.4032328085296932,282.71404550366594,0.5,-0.9691332776498942
886,0.06681476235272565,0.4669016257824752,0.02542624543019752,1.9595202022704457,46.17852397145437,0.5,-753.3651217516904
887,0.07614368545876964,0.3775606752258047,0.025587576458056437,1.8277139075320772,114.24007986383984,0.5,0.3791595183564195
888,0.09967420229379803,0.44339145970297844,0.006978881305343486,1.53886285747385,69.48084775039413,0.5,-5.431647386162952
889,0.053639514136768644,0.4365675252104616,0.03471120186818196,1.5104022982294414,137.46292922600242,0.5,-0.3987988463540222
890,0.06433503897697737,0.4274099977695692,0.03943629543413819,1.710560279809308,266.9437965250539,0.5,0.4498856958332257
891,0.06478852065074484,0.37076992117219365,0.02155134943195064,1.1985907859056544,337.79747222271897,0.5,-8.376499269671067
892,0.0732615157337695,0.3752041957845913,0.02244816013356041,1.665539594996872,428.04294856474957,0.5,0.08690519381157336
893,0.08744609536943576,0.47726277361464275,0.036374897986615175,1.1876137800305202,271.90101799767314,0.5,-32.389010876432955
894,0.06011173111335032,0.4455654273458093,0.01715874824613299,1.91497093224334,312.69439737796245,0.5,-0.6129226976639786
895,0.08981365116758762,0.40082056410423206,0.022942778220471114,1.3915031333335859,273.9539599930009,0.5,-2.444623202674941
896,0.07630241694520891,0.363574414565961,0.00541015141580765,1.1695245352278778,118.9208075409236,0.5,-16.77128634993344
897,0.09617469529969547,0.45000685439951643,0.03241318508610141,1.101412988587585,443.8493079329387,0.5,-47.78302329477751
898,0.061969215009378034,0.43503774541130147,0.005235900389285095,1.742966012165687,174.40654598498935,0.5,0.2542171464434444
899,0.09138723157219271,0.4647385390445692,0.02207349405124643,1.5861504774165214,124.94858475041354,0.5,-2.257967282625526
900,0.0908967073207523,0.38746568796685693,0.008371723948380538,1.8070889144115463,204.05572093526013,0.5,0.3943937703241833
901,0.09909850822322622,0.37658709526982415,0.026151592101519294,1.6629289464633388,181.5055817861894,0.5,0.3205225093704043
902,0.06710040291444479,0.36620582067860463,0.02312745535510404,1.5042026776793953,398.704678781527,0.5,0.4834057002442642
903,0.07481796675996936,0.45023368529289154,0.027862453643178745,1.7275792140752966,329.77402733567965,0.5,0.5383783865605207
904,0.07234702907683677,0.36236870357308004,0.02659594501332303,1.4851290324238327,381.87633181740205,0.5,0.49222528847008473
905,0.06247235307777704,0.45288346956208886,0.02257836503331839,1.76813884117581,201.45624493387066,0.5,0.5055026779537859
906,0.08029451571041604,0.3856238384609568,0.015692538414624986,1.9960805951089278,223.1969164963821,0.5,-0.3843439974615739
907,0.09076673286435623,0.39718172029674137,0.015977586517769732,1.177743929769128,128.30683673745668,0.5,-20.967210301111628
908,0.06587384214019577,0.40012563579349164,0.02881870166724605,1.6973789233289205,201.0720383698159,0.5,0.4395328763925863
909,0.07181906842322434,0.4483740491914857,0.031589099523994926,1.2031424356424656,462.2996795462599,0.5,-18.33846155808218
910,0.08274774196048383,0.37448379333377935,0.010381903474383013,1.3734812882848557,106.13065183179414,0.5,-3.409895422977626
911,0.08375536769873232,0.36371914332711697,0.012243924539378443,1.4109027502452713,119.83829988264895,0.5,-1.5592041464672382
912,0.09746326755858378,0.4226068404085739,0.01582764114780058,1.5541678193877755,468.31855352148256,0.5,-0.2288767557297129
913,0.06993513971799091,0.47967532226789555,0.030153483950541564,1.568230358298725,246.57499456640636,0.5,-0.444033491173601
914,0.09738362031467979,0.39513480891704156,0.005023969281920445,1.8820733757314483,292.67008257615987,0.5,0.18273898730248672
915,0.05575995481970351,0.4293788193990803,0.026962226636128156,1.284601619304973,434.3606772483107,0.5,-5.430561410533589
916,0.07084831268536201,0.3983949925270459,0.03829587371614822,1.712633226553099,152.32088004794554,0.5,0.5495833948349935
917,0.05913950829079655,0.38870604218872495,0.009184205843839404,1.8637642386478368,430.9561841673232,0.5,-1.6187419133726855
918,0.08927280335724855,0.41583793382942197,0.006277092840589117,1.7039822143044536,310.7620336342974,0.5,0.11232690061474393
919,0.07055808047902977,0.444735992998641,0.018306385922854863,1.7976406161314946,365.13096563822813,0.5,0.22196782372732204
920,0.09229794836730787,0.38944165281252074,0.03746005605845231,1.2519427836287274,225.11773900149186,0.5,-9.164185693937732
921,0.05512504324708305,0.417013179400824,0.021035157363926364,1.398308963202938,78.02637290584174,0.5,-3.6435057010323613
922,0.058009731701637895,0.44522003513208996,0.03006818223164246,1.8988572654006661,106.47571564198654,0.5,0.39143705292907194
923,0.05293516903427901,0.43553137791951213,0.007594821988449771,1.6272551122428438,486.0295787525541,0.5,0.19852522063075606
924,0.09055245294268732,0.4470428115994918,0.03311828309489221,1.5567241132935203,466.70479665398085,0.5,-0.18831265798207664
925,0.07962856066623013,0.3876188731133249,0.0057116950040153915,1.8843554751190812,467.6384514711984,0.5,-0.45240057754146856
926,0.07805078037183277,0.3510778928147001,0.028503075748353132,1.940815509332677,203.05304862563162,0.5,-0.6579988031194615
927,0.052383638665736455,0.37192630828778295,0.02271587070756235,1.5442471280526184,394.9508764612558,0.5,0.14639591599493595
928,0.0550653205833677,0.44797388925415116,0.013871333467987312,1.1155849350080689,460.0383327369151,0.5,-39.81528353700916
929,0.07781908441528745,0.3554386963743941,0.024104312009861836,1.465915119060825,238.23805492896082,0.5,0.2987131499129634
930,0.06403291645114616,0.40920157443147087,0.011191722030922217,1.7651222429414495,232.0577998217876,0.5,0.10782577084823086
931,0.0528821391344593,0.3883372954711268,0.038227065660977465,1.1526985748491276,345.50670817938294,0.5,-15.411268583854195
932,0.06836501816117856,0.40573159603684644,0.03586341998239377,1.1845107693469794,63.576245058884204,0.5,-23.039635030077
933,0.06142296592525494,0.3705256455483024,0.03717884695196112,1.1019515726961246,23.198371690648933,0.5,-753.3651217516904
934,0.0833013423967208,0.47523689905938504,0.03280093779771717,1.7754088845366907,300.7718245249948,0.5,0.5201729890177407
935,0.09940206540709608,0.4228134588213795,0.03674623412312055,1.9828504178180748,384.7340116291304,0.5,0.27936326196969585
936,0.05094662229778425,0.46622335866394193,0.03353673249326048,1.9300993364759564,492.5472395848656,0.5,-1.552360833842776
937,0.09520104531772001,0.41911379728891135,0.00624523284351095,1.6878384439190512,372.98778342716986,0.5,-0.08357131813861485
938,0.062191201464621836,0.4177484217563839,0.014978658330509164,1.6338759350657273,449.9119535500399,0.5,0.2938963292379366
939,0.07422026347851164,0.4955115972030324,0.02089525051362699,1.8472557465251345,473.79408128348257,0.5,0.3637221431402935
940,0.08765801467369105,0.44078826730900067,0.010334584487496551,1.621596428894726,105.06161917140841,0.5,-1.1254014454281016
941,0.08663358839802282,0.49226807238705866,0.006909070672483698,1.4139379818272744,51.648570722843495,0.5,-16.75501554464799
942,0.08879536235345378,0.48460947131430854,0.006088019648595448,1.7765248222660968,122.2237402821425,0.5,-0.8425093473004786
943,0.0981948290667982,0.44757375316790504,0.00928279901868155,1.2935369893838178,57.40878857082541,0.5,-21.52665951243449
944,0.06931205158689518,0.4768267334294779,0.017221282636777396,1.4577433487109677,93.46804857947433,0.5,-5.663153241458027
945,0.06795137464448159,0.39615200920936217,0.02116158702868352,1.4686181650392434,366.86157919036873,0.5,0.2772204378090968
946,0.073312652110291,0.3555729024848727,0.03649928995065772,1.2643277456198836,406.29749357296896,0.5,-2.6792070027298647
947,0.09368252774894062,0.46448491584253626,0.03398592487392988,1.2797313677994007,470.2620179513282,0.5,-12.752964379285496
948,0.09812749026296863,0.35791544242660317,0.030415836855568635,1.8194305645528537,461.9558761104655,0.5,0.07198094838348879
949,0.08892064764480502,0.4125364706493425,0.006617020753982734,1.6707650685172557,21.557080608239122,0.5,-2.8698872225632694
950,0.09193904979905142,0.49683243891783424,0.03003580579744502,1.470323926175694,486.7272204768833,0.5,-3.1654512290314125
951,0.05337941569227458,0.4308526388731991,0.0277100610796045,1.4392024994319823,453.6387197329737,0.5,0.10957648572153178
952,0.07241740380389505,0.40868666591689573,0.03846324722330415,1.1001048935270903,372.56191195625854,0.5,-33.14232881657463
953,0.07283095657754352,0.3594346110453788,0.00933530492539722,1.2928897847785559,330.3943265046357,0.5,-3.3247803655519945
954,0.06782628896534092,0.38846655662828283,0.03690768317748433,1.6064738512717671,134.3579472698704,0.5,0.53361499944656
955,0.05954119052609402,0.4696878881369789,0.015414773413224298,1.4330744648162759,341.21299383685204,0.5,-1.953155618499189
956,0.06528838550257787,0.46109709807101307,0.008994765314723922,1.8887119793719764,329.29660746516697,0.5,-0.10258504414990988
957,0.08449186406368496,0.387176793216203,0.020382432749764645,1.4565610356604048,60.08589631236286,0.5,-2.8100324912269787
958,0.06040704896684951,0.42768473316858646,0.013914419413595596,1.2454925829897774,314.53256147440044,0.5,-11.295681982855339
959,0.07061033060403406,0.3892285764618105,0.038711466386247895,1.1758411955221073,140.8244133152949,0.5,-17.13772191833302
960,0.07485287117397012,0.4822266213823567,0.027399084412066437,1.3063649508973454,308.271356573661,0.5,-11.734473999228518
961,0.06347686027781932,0.48279740769427537,0.018373120316154047,1.6761776072763723,158.49696338348429,0.5,0.2357418618417313
962,0.08908325158808511,0.4361077250449198,0.034593964889746566,1.8873432698787735,376.13353731915447,0.5,0.35321821957548294
963,0.05636556026796642,0.48960160630200944,0.027268047025729252,1.571727801636924,335.11823363180326,0.5,0.2573657688489964
964,0.09250433716363117,0.4685111084726745,0.02656961945217234,1.6919534726810106,257.2939762511629,0.5,-0.0403145716556923
965,0.08699898069445494,0.3815845667451476,0.01600186841926706,1.8151260040138806,133.51766193405948,0.5,0.47826829990459263
966,0.07348591741622604,0.42551360782778214,0.022290890265802676,1.80818465201876,359.44932155910675,0.5,0.1244657312863292
967,0.09117078977196849,0.4929758542873828,0.005437807931474671,1.1682741083972576,483.1042860438508,0.5,-47.108920088764386
968,0.0678646022779049,0.4995284909419747,0.014230195326398336,1.2784819921096708,237.0660674581567,0.5,-19.200771924574422
969,0.0914012019277953,0.3834261791083815,0.02414372371157667,1.4842474409349087,23.98655875809549,0.5,-4.982126339084095
970,0.05152869571544732,0.4911040270885363,0.013120742735775136,1.3768314588279296,207.13762486550146,0.5,-6.784225896273225
971,0.06488652333505722,0.38314379128250664,0.028865043625705012,1.6260655478624058,184.44115037798213,0.5,0.5204835892459789
972,0.08782547566351455,0.46872226353636837,0.015795342631646,1.4014452762754712,441.95904626894935,0.5,-4.821991192352628
973,0.05446528614996517,0.44959667894507177,0.0132591073464856,1.3423971629208378,138.30386130923208,0.5,-7.369816126424569
974,0.09248514496414117,0.3602189929743567,0.0059154273018214775,1.1632404660654536,385.73921136620595,0.5,-15.074731223131032
975,0.06861934995296272,0.36778263430636543,0.01919482508534716,1.2746875532315123,233.6969708355589,0.5,-3.952429079520968
976,0.06287956790711632,0.3648720384540651,0.008980693171033715,1.930797916261743,347.8521882571111,0.5,-1.9713490460982204
977,0.057901720181385716,0.38428084431790344,0.02906834623766481,1.3492236271126297,55.5344491083795,0.5,-4.6414637267482615
978,0.05571048792575057,0.47852173380360935,0.014474963132183476,1.810816898260791,234.23195063759218,0.5,0.3073268917686557
979,0.05451826886872675,0.46975918088123636,0.015589769674428197,1.5123738840363936,346.80565922646326,0.5,-0.046955244914903105
980,0.09358720828812409,0.42515257222310276,0.016167513561482574,1.136312600389158,265.84859905187153,0.5,-32.85174114599146
981,0.07130298197923145,0.4856820493775508,0.03293490076553198,1.5796583924565917,286.500380334153,0.5,-0.287710232021261
982,0.09220114510807326,0.35895106457519443,0.016819229816780953,1.3223121097319677,325.0103609385981,0.5,-2.5757086347496356
983,0.06472754946222481,0.3597520372381848,0.019569249869351997,1.329866122050771,183.20783889750678,0.5,-1.544888147712435
984,0.07372962215927045,0.3505587456207313,0.02397413212309583,1.4875708676694683,462.9207545109771,0.5,0.45806523459512605
985,0.051396244122163384,0.36749429482398543,0.021771103403125186,1.8559755315753232,468.63104011536353,0.5,-2.8452209495900833
986,0.09017254721610882,0.4712172068483281,0.023274053345209152,1.7578089911365213,384.20857889841136,0.5,0.4614346945206296
987,0.06153259427119415,0.3928880564525482,0.03432935542466046,1.2838004246105565,441.2880741069963,0.5,-3.1884660443439437
988,0.06978923675570431,0.37561556567121873,0.03435638818389645,1.8211549949647505,27.371145860535844,0.5,0.4716694088935214
989,0.08386036993589147,0.4485142228529495,0.007913206766637258,1.1403647071563212,144.001492823841,0.5,-43.23484353102449
990,0.08261591033979981,0.35925242414668523,0.011008173011432053,1.4194283969328354,248.51448863213426,0.5,-0.6030881473692105
991,0.07726687786267802,0.4317074716950371,0.01635192209753733,1.5712379696802539,395.3280068358356,0.5,0.319130716026399
992,0.068272281034605,0.46893436151676865,0.023185135660642862,1.9127315284876465,122.75129371446266,0.5,0.5627487871889992
993,0.08625712984393319,0.49813548555449705,0.016766432689280627,1.5701148278738186,225.89792995522242,0.5,-2.0273904595707055
994,0.05371937486892845,0.4866897990001014,0.03616491382680229,1.7190717919309433,149.09668629027547,0.5,0.513284863460162
995,0.07497850602425576,0.49713011764330833,0.030573509802176883,1.185297378740751,31.43798256190941,0.5,-57.23321739120908
996,0.06577555263338973,0.45151039947324956,0.03427371611984143,1.9944210927690587,493.4642261301951,0.5,-1.094959325016724
997,0.09600883801145506,0.35393244043364025,0.024727882996558127,1.1451676786557523,481.6850570402556,0.5,-13.073225666680296
998,0.08117553347012184,0.35753713375934526,0.025406602032575373,1.669214673321495,406.7647818141392,0.5,0.13657996488889312
999,0.08895697191635751,0.4127018822298783,0.02211937142111327,1.2386128956099072,344.83013465665044,0.5,-11.716092879445139
