,Date,Precip,ET_cm,MinTemp,MaxTemp,AvgTemp,rTop,rRoot,vTop,vRoot,vBot,sum(rTop),sum(rRoot),sum(vTop),sum(vRoot),sum(vBot),hTop,hRoot,hBot,RunOff,sum(RunOff),Volume,sum(Infil),sum(Evap),Cum(WTrans),h3,theta3,temp3,h7,theta7,temp7,h12,theta12,temp12,h22,theta22,temp22,h32,theta32,temp32,h47,theta47,temp47,h72,theta72,temp72,h92,theta92,temp92,h112,theta112,temp112
0,2023-01-01,0.0,0.07112,-6.275,4.775,-1.26458333333333,0.0,0.0,4.9267e-07,0.0,-1.4929,0.0,0.0,3.2717e-07,0.0,-1.6149,-47.592,-24.666,-18.123,0.0,0.0,62.967,0.0,3.2717e-07,0.0,-45.68,0.3932,20.0,-42.35,0.397,20.0,-38.9,0.4009,20.0,-33.72,0.407,20.0,-30.01,0.4114,20.0,-26.14,0.416,20.0,-22.21,0.4207,20.0,-20.29,0.424,20.0,-19.13,0.4301,20.0
1,2023-01-02,0.0,0.03556,-9.8,2.45,-4.71354166666667,0.03556,0.0,0.03556,0.0,-1.1414,0.03556,0.0,0.035561,0.0,-2.8412,-61.347,-32.596,-23.27,0.0,0.0,61.705,0.0,0.035561,0.0,-59.18,0.3791,20.0,-55.35,0.3831,20.0,-51.31,0.3873,20.0,-45.02,0.3941,20.0,-40.31,0.3994,20.0,-35.19,0.4053,20.0,-29.6,0.4119,20.0,-26.8,0.4167,20.0,-24.97,0.4255,20.0
2,2023-01-03,0.0,0.10668,-8.45,2.175,-3.865625,0.10668,0.0,0.10668,0.0,-0.90869,0.14224,0.0,0.14224,0.0,-3.8085,-75.9,-39.639,-28.344,0.0,0.0,60.631,0.0,0.14224,0.0,-72.85,0.3662,20.0,-67.69,0.3711,20.0,-62.43,0.376,20.0,-54.57,0.384,20.0,-48.85,0.39,20.0,-42.69,0.3968,20.0,-36.01,0.4044,20.0,-32.57,0.4103,20.0,-30.35,0.4212,20.0
3,2023-01-04,0.0,0.0762,-7.55,4.15,-2.59895833333333,0.0762,0.0,0.0762,0.0,-0.75187,0.21844,0.0,0.21844,0.0,-4.5964,-84.266,-45.559,-32.931,0.0,0.0,59.767,0.0,0.21844,0.0,-81.33,0.3591,20.0,-76.13,0.3633,20.0,-70.68,0.3684,20.0,-62.24,0.3763,20.0,-55.99,0.3825,20.0,-49.07,0.3897,20.0,-41.55,0.3981,20.0,-37.71,0.4046,20.0,-35.33,0.4174,20.0
4,2023-01-05,0.0,0.03302,-11.3,1.75,-4.66666666666667,0.03302,0.0,0.03302,0.0,-0.62824,0.25146,0.0,0.25146,0.0,-5.254,-88.173,-50.434,-37.055,0.0,0.0,59.076,0.0,0.25146,0.0,-85.74,0.3556,20.0,-81.25,0.3592,20.0,-76.28,0.3632,20.0,-68.13,0.3708,20.0,-61.76,0.3767,20.0,-54.56,0.384,20.0,-46.49,0.3925,20.0,-42.33,0.3998,20.0,-39.58,0.4141,20.0
5,2023-01-06,0.4267,0.04826,-2.2,4.325,1.20104166666667,0.04826,0.0,0.04826,0.0,-0.5484,0.29972,0.0,0.29972,0.0,-5.821,-94.798,-54.943,-40.864,0.0,0.0,58.461,0.0,0.29972,0.0,-92.02,0.3504,20.0,-87.11,0.3544,20.0,-81.85,0.3587,20.0,-73.36,0.3659,20.0,-66.8,0.372,20.0,-59.33,0.3791,20.0,-50.81,0.388,20.0,-46.49,0.3954,20.0,-43.64,0.4111,20.0
6,2023-01-07,0.0,0.127,-1.55,6.8,2.52291666666667,0.127,0.0,0.127,0.0,-0.47917,0.42672,0.0,0.42672,0.0,-6.3172,-110.76,-59.703,-44.459,0.0,0.0,57.838,0.0,0.42672,0.0,-105.86,0.3405,20.0,-97.86,0.346,20.0,-90.21,0.352,20.0,-79.48,0.3607,20.0,-71.94,0.3672,20.0,-63.77,0.3749,20.0,-54.84,0.3837,20.0,-50.17,0.3917,20.0,-47.24,0.4084,20.0
7,2023-01-08,0.0,0.18542,0.45,7.175,3.51770833333333,0.18542,0.0,0.18542,0.0,-0.42024,0.61214,0.0,0.61214,0.0,-6.7515,-133.11,-64.688,-47.552,0.0,0.0,57.218,0.0,0.61214,0.0,-124.55,0.3284,20.0,-111.77,0.3366,20.0,-100.84,0.344,20.0,-86.63,0.3549,20.0,-77.54,0.3622,20.0,-68.29,0.3706,20.0,-58.63,0.3798,20.0,-53.73,0.3882,20.0,-50.52,0.4061,20.0
8,2023-01-09,0.0,0.1778,-0.6,5.775,2.91770833333333,0.1778,0.0,0.1778,0.0,-0.38478,0.78994,0.0,0.78994,0.0,-7.1451,-150.13,-69.511,-50.633,0.0,0.0,56.647,0.0,0.78994,0.0,-139.67,0.3201,20.0,-124.25,0.3286,20.0,-110.82,0.3372,20.0,-93.9,0.3489,20.0,-83.32,0.3575,20.0,-72.86,0.3664,20.0,-62.23,0.3763,20.0,-57.13,0.3848,20.0,-53.77,0.4038,20.0
9,2023-01-10,0.0,0.09652,-7.15,7.1,0.789583333333333,0.09652,0.0,0.09652,0.0,-0.34999,0.88646,0.0,0.88646,0.0,-7.5037,-146.47,-73.35,-53.641,0.0,0.0,56.192,0.0,0.88646,0.0,-139.91,0.3201,20.0,-128.45,0.3263,20.0,-116.64,0.3333,20.0,-99.96,0.3446,20.0,-88.63,0.3532,20.0,-77.28,0.3624,20.0,-65.82,0.3729,20.0,-60.31,0.3817,20.0,-56.9,0.4017,20.0
10,2023-01-11,0.0017,0.04572,-7.9,3.25,-3.36770833333333,0.04572,0.0,0.04572,0.0,-0.31676,0.93218,0.0,0.93218,0.0,-7.8287,-140.32,-76.482,-56.511,0.0,0.0,55.821,0.0,0.93218,0.0,-136.27,0.3221,20.0,-128.34,0.3264,20.0,-119.11,0.3316,20.0,-104.2,0.3417,20.0,-93.08,0.3496,20.0,-81.37,0.3591,20.0,-69.29,0.3697,20.0,-63.4,0.379,20.0,-59.79,0.3996,20.0
11,2023-01-12,0.0,0.19304,-2.55,7.25,3.34895833333333,0.19304,0.0,0.19304,0.0,-0.28655,1.1252,0.0,1.1252,0.0,-8.1226,-182.01,-81.1,-59.144,0.0,0.0,55.334,0.0,1.1252,0.0,-165.9,0.3072,20.0,-144.66,0.3173,20.0,-128.73,0.3261,20.0,-109.48,0.3382,20.0,-97.44,0.3463,20.0,-85.17,0.356,20.0,-72.59,0.3666,20.0,-66.42,0.3764,20.0,-62.53,0.3979,20.0
12,2023-01-13,0.0,0.23114,5.425,10.05,7.59479166666667,0.23114,0.0,0.23114,0.0,-0.26593,1.3564,0.0,1.3564,0.0,-8.3927,-235.6,-86.297,-61.662,0.0,0.0,54.833,0.0,1.3564,0.0,-202.21,0.2923,20.0,-165.89,0.3072,20.0,-141.66,0.319,20.0,-116.47,0.3334,20.0,-102.41,0.343,20.0,-88.98,0.3529,20.0,-75.71,0.3637,20.0,-69.35,0.3738,20.0,-65.27,0.3962,20.0
13,2023-01-14,0.0,0.17272,0.625,9.625,5.56979166666667,0.17272,0.0,0.17272,0.0,-0.24922,1.5291,0.0,1.5291,0.0,-8.6461,-248.18,-90.734,-64.203,0.0,0.0,54.407,0.0,1.5291,0.0,-217.3,0.2872,20.0,-179.61,0.3012,20.0,-152.76,0.3129,20.0,-123.79,0.3289,20.0,-107.65,0.3394,20.0,-92.89,0.3498,20.0,-78.78,0.3612,20.0,-72.19,0.3713,20.0,-67.98,0.3945,20.0
14,2023-01-15,0.0,0.03302,-0.75,4.825,1.30833333333333,0.03302,0.0,0.03302,0.0,-0.23276,1.5621,0.0,1.5621,0.0,-8.883,-195.21,-93.034,-66.715,0.0,0.0,54.137,0.0,1.5621,0.0,-188.75,0.2972,20.0,-173.75,0.3037,20.0,-155.72,0.3116,20.0,-129.33,0.3258,20.0,-112.51,0.3361,20.0,-96.79,0.3468,20.0,-81.81,0.3588,20.0,-74.91,0.3689,20.0,-70.62,0.3929,20.0
15,2023-01-16,0.068,0.02032,-1.675,3.35,0.201041666666667,0.02032,0.0,0.02032,0.0,-0.21668,1.5824,0.0,1.5824,0.0,-9.1036,-180.97,-95.195,-69.164,0.0,0.0,53.896,0.0,1.5824,0.0,-176.87,0.3025,20.0,-167.33,0.3066,20.0,-154.58,0.3121,20.0,-132.54,0.324,20.0,-116.46,0.3334,20.0,-100.44,0.3443,20.0,-84.79,0.3563,20.0,-77.53,0.3668,20.0,-73.16,0.3913,20.0
16,2023-01-17,0.0323,0.04318,-2.025,4.625,0.527083333333333,0.04318,0.0,0.04318,0.0,-0.2012,1.6256,0.0,1.6256,0.0,-9.3087,-182.69,-97.61,-71.524,0.0,0.0,53.647,0.0,1.6256,0.0,-176.99,0.3023,20.0,-166.56,0.3069,20.0,-154.67,0.3121,20.0,-134.8,0.3228,20.0,-119.66,0.3312,20.0,-103.73,0.3421,20.0,-87.67,0.354,20.0,-80.12,0.3648,20.0,-75.54,0.3898,20.0
17,2023-01-18,0.0,0.16002,-3.125,5.925,0.075,0.16002,0.0,0.16002,0.0,-0.1866,1.7856,0.0,1.7856,0.0,-9.4989,-237.9,-101.67,-73.759,0.0,0.0,53.297,0.0,1.7856,0.0,-212.8,0.2887,20.0,-183.07,0.2997,20.0,-162.5,0.3087,20.0,-138.19,0.3209,20.0,-122.75,0.3294,20.0,-106.74,0.34,20.0,-90.43,0.3518,20.0,-82.65,0.3629,20.0,-77.84,0.3886,20.0
18,2023-01-19,0.0,0.10668,-1.75,4.525,0.377083333333333,0.10668,0.0,0.10668,0.0,-0.17356,1.8923,0.0,1.8923,0.0,-9.6755,-240.27,-104.92,-75.828,0.0,0.0,53.014,0.0,1.8923,0.0,-220.77,0.2861,20.0,-192.77,0.2955,20.0,-170.05,0.3053,20.0,-142.69,0.3184,20.0,-126.19,0.3275,20.0,-109.64,0.338,20.0,-93.05,0.3496,20.0,-85.1,0.361,20.0,-80.13,0.3873,20.0
19,2023-01-20,0.0,0.127,-3.55,4.375,-1.03020833333333,0.127,0.0,0.127,0.0,-0.16595,2.0193,0.0,2.0193,0.0,-9.8433,-268.99,-108.51,-78.003,0.0,0.0,52.719,0.0,2.0193,0.0,-239.88,0.2795,20.0,-204.5,0.2915,20.0,-177.7,0.302,20.0,-147.48,0.3158,20.0,-129.8,0.3255,20.0,-112.55,0.3361,20.0,-95.57,0.3476,20.0,-87.49,0.3592,20.0,-82.39,0.3861,20.0
20,2023-01-21,0.0,0.18288,-3.325,5.875,0.444791666666667,0.18288,0.0,0.18288,0.0,-0.15849,2.2022,0.0,2.2022,0.0,-10.004,-363.64,-113.26,-80.132,0.0,0.0,52.376,0.0,2.2022,0.0,-288.66,0.2667,20.0,-225.22,0.2845,20.0,-188.65,0.2973,20.0,-153.03,0.3128,20.0,-133.62,0.3234,20.0,-115.5,0.3341,20.0,-98.03,0.3459,20.0,-89.8,0.3574,20.0,-84.62,0.3849,20.0
21,2023-01-22,0.0,0.07874,-3.65,2.35,-0.75,0.07874,0.0,0.07874,0.0,-0.15117,2.2809,0.0,2.2809,0.0,-10.157,-302.06,-115.91,-82.225,0.0,0.0,52.144,0.0,2.2809,0.0,-273.85,0.2706,20.0,-230.73,0.2826,20.0,-196.63,0.2942,20.0,-158.63,0.3104,20.0,-137.57,0.3212,20.0,-118.51,0.332,20.0,-100.45,0.3443,20.0,-92.06,0.3557,20.0,-86.8,0.3837,20.0
22,2023-01-23,0.0,0.0889,-6.85,0.225,-3.28854166666667,0.0889,0.0,0.0889,0.0,-0.14398,2.3698,0.0,2.3698,0.0,-10.302,-307.98,-118.77,-84.275,0.0,0.0,51.909,0.0,2.3698,0.0,-277.2,0.2698,20.0,-235.04,0.2812,20.0,-201.99,0.2924,20.0,-163.46,0.3082,20.0,-141.42,0.3191,20.0,-121.55,0.3301,20.0,-102.84,0.3427,20.0,-94.24,0.354,20.0,-88.93,0.3826,20.0
23,2023-01-24,0.0,0.08382,-4.75,1.95,-1.86666666666667,0.08382,0.0,0.08382,0.0,-0.13696,2.4536,0.0,2.4536,0.0,-10.441,-311.38,-121.54,-86.28,0.0,0.0,51.687,0.0,2.4536,0.0,-281.14,0.2687,20.0,-239.66,0.2796,20.0,-206.73,0.2908,20.0,-167.76,0.3064,20.0,-145.09,0.3171,20.0,-124.54,0.3284,20.0,-105.2,0.3411,20.0,-96.36,0.3525,20.0,-91.01,0.3814,20.0
24,2023-01-25,0.0,0.06096,-5.5,2.5,-1.25833333333333,0.06096,0.0,0.06096,0.0,-0.13011,2.5146,0.0,2.5146,0.0,-10.573,-296.16,-123.82,-88.234,0.0,0.0,51.494,0.0,2.5146,0.0,-275.13,0.2703,20.0,-240.66,0.2793,20.0,-210.07,0.2896,20.0,-171.56,0.3047,20.0,-148.57,0.3152,20.0,-127.45,0.3268,20.0,-107.54,0.3395,20.0,-98.47,0.3512,20.0,-93.02,0.3804,20.0
25,2023-01-26,0.0,0.1524,0.9,9.6,4.30729166666667,0.1524,0.0,0.1524,0.0,-0.12347,2.667,0.0,2.667,0.0,-10.698,-421.17,-128.17,-90.135,0.0,0.0,51.217,0.0,2.667,0.0,-331.42,0.2574,20.0,-258.65,0.2745,20.0,-217.28,0.2872,20.0,-175.47,0.303,20.0,-151.95,0.3133,20.0,-130.25,0.3253,20.0,-109.83,0.3379,20.0,-100.55,0.3498,20.0,-94.96,0.3793,20.0
26,2023-01-27,0.0612,0.04572,-7.375,2.725,-0.671875,0.04572,0.0,0.04572,0.0,-0.11705,2.7127,0.0,2.7127,0.0,-10.817,-327.5,-130.0,-91.969,0.0,0.0,51.052,0.0,2.7127,0.0,-303.39,0.263,20.0,-260.81,0.274,20.0,-222.87,0.2853,20.0,-179.63,0.3012,20.0,-155.37,0.3118,20.0,-132.98,0.3238,20.0,-112.09,0.3364,20.0,-102.6,0.3485,20.0,-96.83,0.3784,20.0
27,2023-01-28,0.0,0.03429,-26.525,-10.1,-16.7625,0.03429,0.0,0.03429,0.0,-0.11089,2.747,0.0,2.747,0.0,-10.929,-300.04,-131.59,-93.725,0.0,0.0,50.906,0.0,2.747,0.0,-285.32,0.2677,20.0,-255.82,0.2753,20.0,-224.36,0.2848,20.0,-183.13,0.2996,20.0,-158.61,0.3104,20.0,-135.65,0.3223,20.0,-114.3,0.3349,20.0,-104.61,0.3472,20.0,-98.68,0.3776,20.0
28,2023-01-29,0.0,0.02286,-26.575,-13.4,-20.9833333333333,0.02286,0.0,0.02286,0.0,-0.10505,2.7699,0.0,2.7699,0.0,-11.036,-279.26,-132.96,-95.395,0.0,0.0,50.776,0.0,2.7699,0.0,-270.0,0.2717,20.0,-248.94,0.277,20.0,-223.63,0.285,20.0,-185.78,0.2985,20.0,-161.54,0.3091,20.0,-138.23,0.3209,20.0,-116.48,0.3334,20.0,-106.59,0.346,20.0,-100.53,0.3767,20.0
29,2023-01-30,0.0,0.05588,-17.725,-10.475,-13.7489583333333,0.05588,0.0,0.05588,0.0,-0.10174,2.8257,0.0,2.8258,0.0,-11.138,-296.57,-135.09,-97.207,0.0,0.0,50.618,0.0,2.8258,0.0,-277.94,0.2695,20.0,-250.25,0.2767,20.0,-224.21,0.2849,20.0,-187.94,0.2975,20.0,-164.15,0.3079,20.0,-140.7,0.3195,20.0,-118.61,0.332,20.0,-108.54,0.3447,20.0,-102.37,0.3759,20.0
30,2023-01-31,0.0,0.10414,-11.325,-2.0,-5.24375,0.10414,0.0,0.10414,0.0,-0.098626,2.9299,0.0,2.9299,0.0,-11.238,-361.71,-138.36,-98.97,0.0,0.0,50.414,0.0,2.9299,0.0,-313.42,0.2609,20.0,-263.21,0.2734,20.0,-228.95,0.2832,20.0,-190.44,0.2964,20.0,-166.58,0.3069,20.0,-143.07,0.3182,20.0,-120.7,0.3306,20.0,-110.46,0.3435,20.0,-104.2,0.3751,20.0
31,2023-02-01,0.0,0.11176,-10.6,2.05,-2.04270833333333,0.11176,0.0,0.11176,0.0,-0.095556,3.0416,0.0,3.0417,0.0,-11.334,-426.13,-141.92,-100.7,0.0,0.0,50.206,0.0,3.0417,0.0,-349.4,0.2539,20.0,-279.17,0.2692,20.0,-236.78,0.2806,20.0,-193.85,0.2952,20.0,-169.1,0.3058,20.0,-145.36,0.3169,20.0,-122.75,0.3294,20.0,-112.36,0.3423,20.0,-106.0,0.3743,20.0
32,2023-02-02,0.0,0.14478,-11.025,5.375,-3.49479166666667,0.14478,0.0,0.14478,0.0,-0.09253,3.1864,0.0,3.1864,0.0,-11.427,-617.26,-146.6,-102.42,0.0,0.0,49.968,0.0,3.1864,0.0,-415.93,0.2426,20.0,-301.81,0.2634,20.0,-247.32,0.2775,20.0,-198.04,0.2937,20.0,-171.83,0.3046,20.0,-147.64,0.3157,20.0,-124.75,0.3283,20.0,-114.21,0.3411,20.0,-107.79,0.3735,20.0
33,2023-02-03,0.0,0.26162,1.3,9.05,4.34583333333333,0.26162,0.0,0.26162,0.0,-0.089547,3.448,0.0,3.4481,0.0,-11.517,-5818.4,-158.08,-104.1,0.0,0.0,49.616,0.0,3.4481,0.0,-663.27,0.2152,20.0,-342.22,0.2553,20.0,-261.86,0.2737,20.0,-203.09,0.292,20.0,-174.84,0.3033,20.0,-149.95,0.3144,20.0,-126.7,0.3272,20.0,-116.04,0.3399,20.0,-109.55,0.3727,20.0
34,2023-02-04,0.0,0.19304,0.95,8.0,3.925,0.19304,0.0,0.19304,0.0,-0.086603,3.6411,0.0,3.6411,0.0,-11.605,-27556.0,-172.12,-105.77,0.0,0.0,49.335,0.0,3.6411,0.0,-924.18,0.1981,20.0,-381.53,0.2477,20.0,-277.78,0.2696,20.0,-208.9,0.29,20.0,-178.15,0.3018,20.0,-152.34,0.3131,20.0,-128.63,0.3262,20.0,-117.83,0.3388,20.0,-111.28,0.3719,20.0
35,2023-02-05,0.0,0.20066,-0.15,7.975,3.771875,0.20066,0.0,0.17183,0.0,-0.083705,3.8417,0.0,3.8407,0.0,-11.69,-1000000.0,-217.4,-107.41,0.0,0.0,49.051,0.0,3.8407,0.0,-1490.76,0.177,20.0,-421.26,0.2418,20.0,-293.37,0.2656,20.0,-215.08,0.288,20.0,-181.78,0.3002,20.0,-154.82,0.312,20.0,-130.54,0.3251,20.0,-119.6,0.3376,20.0,-112.98,0.3711,20.0
36,2023-02-06,0.0,0.1524,1.15,9.25,4.25833333333333,0.1524,0.0,0.11581,0.0,-0.080853,3.9941,0.0,3.9672,0.0,-11.772,-1000000.0,-232.28,-109.02,0.0,0.0,48.842,0.0,3.9672,0.0,-1742.45,0.171,20.0,-455.86,0.2368,20.0,-308.54,0.2619,20.0,-221.35,0.2858,20.0,-185.62,0.2986,20.0,-157.36,0.3109,20.0,-132.43,0.3241,20.0,-121.34,0.3366,20.0,-114.66,0.3703,20.0
37,2023-02-07,0.0,0.21336,2.65,5.475,3.925,0.21336,0.0,0.099897,0.0,-0.078057,4.2075,0.0,4.0714,0.0,-11.851,-1000000.0,-239.91,-110.6,0.0,0.0,48.659,0.0,4.0714,0.0,-1848.12,0.1688,20.0,-480.11,0.2334,20.0,-321.63,0.2593,20.0,-227.47,0.2838,20.0,-189.6,0.2968,20.0,-159.96,0.3098,20.0,-134.32,0.323,20.0,-123.06,0.3357,20.0,-116.3,0.3696,20.0
38,2023-02-08,0.0,0.10414,-5.125,2.65,-0.553125,0.10414,0.0,0.092662,0.0,-0.075311,4.3116,0.0,4.1649,0.0,-11.927,-1000000.0,-245.53,-112.16,0.0,0.0,48.489,0.0,4.1649,0.0,-1911.58,0.1674,20.0,-498.63,0.2312,20.0,-332.81,0.2572,20.0,-233.38,0.2817,20.0,-193.65,0.2952,20.0,-162.59,0.3086,20.0,-136.21,0.322,20.0,-124.77,0.3348,20.0,-117.92,0.3689,20.0
39,2023-02-09,0.0,0.23622,-5.925,7.525,-0.103125,0.23622,0.0,0.084328,0.0,-0.072608,4.5479,0.0,4.251,0.0,-12.001,-1000000.0,-249.93,-113.69,0.0,0.0,48.329,0.0,4.251,0.0,-1944.09,0.1667,20.0,-513.92,0.2295,20.0,-342.41,0.2553,20.0,-239.08,0.2798,20.0,-197.61,0.2939,20.0,-165.22,0.3075,20.0,-138.11,0.3209,20.0,-126.46,0.3339,20.0,-119.51,0.3681,20.0
40,2023-02-10,0.0,0.27178,-0.15,9.575,3.875,0.27178,0.0,0.081346,0.0,-0.069958,4.8196,0.0,4.3327,0.0,-12.072,-1000000.0,-254.9,-115.18,0.0,0.0,48.176,0.0,4.3327,0.0,-1991.74,0.1659,20.0,-526.83,0.2282,20.0,-351.06,0.2536,20.0,-244.55,0.2782,20.0,-201.44,0.2926,20.0,-167.84,0.3063,20.0,-140.0,0.3199,20.0,-128.14,0.3331,20.0,-121.06,0.3675,20.0
41,2023-02-11,0.0,0.1778,-3.175,9.05,2.13854166666667,0.1778,0.0,0.075494,0.0,-0.067363,4.9974,0.0,4.4097,0.0,-12.141,-1000000.0,-258.33,-116.65,0.0,0.0,48.031,0.0,4.4097,0.0,-2040.76,0.1651,20.0,-539.34,0.2269,20.0,-358.74,0.2521,20.0,-249.72,0.2768,20.0,-205.11,0.2913,20.0,-170.44,0.3052,20.0,-141.89,0.3189,20.0,-129.81,0.3322,20.0,-122.6,0.3669,20.0
42,2023-02-12,0.0,0.3175,0.0,10.275,4.60729166666667,0.3175,0.0,0.073254,0.0,-0.064827,5.3149,0.0,4.4839,0.0,-12.206,-1000000.0,-262.94,-118.08,0.0,0.0,47.891,0.0,4.4839,0.0,-2095.41,0.1643,20.0,-552.18,0.2255,20.0,-365.99,0.2507,20.0,-254.51,0.2756,20.0,-208.65,0.2901,20.0,-173.0,0.3041,20.0,-143.79,0.3178,20.0,-131.47,0.3313,20.0,-124.12,0.3664,20.0
43,2023-02-13,0.0,0.23622,-3.6,11.0,5.3125,0.23622,0.0,0.068209,0.0,-0.06236,5.5512,0.0,4.5535,0.0,-12.27,-1000000.0,-265.66,-119.48,0.0,0.0,47.758,0.0,4.5535,0.0,-2119.25,0.164,20.0,-563.8,0.2243,20.0,-373.36,0.2493,20.0,-259.05,0.2744,20.0,-212.03,0.289,20.0,-175.52,0.303,20.0,-145.68,0.3168,20.0,-133.12,0.3305,20.0,-125.64,0.3658,20.0
44,2023-02-14,0.0,0.06604,-12.475,-2.3,-6.496875,0.06604,0.0,0.06604,0.0,-0.060261,5.6172,0.0,4.6196,0.0,-12.33,-770710.0,-266.2,-120.92,0.0,0.0,47.631,0.0,4.6196,0.0,-2126.99,0.1638,20.0,-574.57,0.2231,20.0,-380.27,0.248,20.0,-263.36,0.2733,20.0,-215.3,0.2879,20.0,-178.0,0.3019,20.0,-147.55,0.3157,20.0,-134.76,0.3296,20.0,-127.16,0.3652,20.0
45,2023-02-15,0.0,0.13208,-14.3,2.1,-5.7875,0.13208,0.0,0.065581,0.0,-0.058963,5.7493,0.0,4.6881,0.0,-12.39,-1000000.0,-273.42,-122.44,0.0,0.0,47.503,0.0,4.6881,0.0,-2193.52,0.1628,20.0,-585.32,0.222,20.0,-386.98,0.2467,20.0,-267.56,0.2722,20.0,-218.5,0.2868,20.0,-180.46,0.3008,20.0,-149.43,0.3147,20.0,-136.39,0.3288,20.0,-128.68,0.3647,20.0
46,2023-02-16,0.0,0.28702,-5.2,6.725,0.197916666666667,0.28702,0.0,0.063253,0.0,-0.057716,6.0363,0.0,4.752,0.0,-12.448,-1000000.0,-277.1,-123.91,0.0,0.0,47.381,0.0,4.752,0.0,-2230.04,0.1622,20.0,-595.34,0.2209,20.0,-393.33,0.2458,20.0,-271.56,0.2712,20.0,-221.6,0.2857,20.0,-182.88,0.2998,20.0,-151.3,0.3137,20.0,-138.01,0.3279,20.0,-130.2,0.3641,20.0
47,2023-02-17,0.0,0.2413,-0.925,5.3,2.2,0.2413,0.0,0.061088,0.0,-0.056485,6.2776,0.0,4.8136,0.0,-12.505,-1000000.0,-280.75,-125.36,0.0,0.0,47.263,0.0,4.8136,0.0,-2264.76,0.1617,20.0,-604.36,0.22,20.0,-399.37,0.245,20.0,-275.44,0.2702,20.0,-224.63,0.2847,20.0,-185.27,0.2987,20.0,-153.17,0.3128,20.0,-139.62,0.3271,20.0,-131.71,0.3636,20.0
48,2023-02-18,0.0,0.14478,-3.05,4.35,1.14583333333333,0.14478,0.0,0.058903,0.0,-0.055267,6.4224,0.0,4.8731,0.0,-12.56,-1000000.0,-284.22,-126.8,0.0,0.0,47.148,0.0,4.8731,0.0,-2295.74,0.1612,20.0,-612.4,0.2191,20.0,-405.24,0.2441,20.0,-279.17,0.2692,20.0,-227.59,0.2837,20.0,-187.63,0.2977,20.0,-155.01,0.312,20.0,-141.23,0.3263,20.0,-133.22,0.363,20.0
49,2023-02-19,0.0,0.1651,-3.45,5.3,1.653125,0.1651,0.0,0.056943,0.0,-0.054059,6.5875,0.0,4.9307,0.0,-12.615,-1000000.0,-287.46,-128.22,0.0,0.0,47.036,0.0,4.9307,0.0,-2322.21,0.1608,20.0,-620.48,0.2185,20.0,-410.88,0.2433,20.0,-282.82,0.2683,20.0,-230.5,0.2827,20.0,-189.98,0.2966,20.0,-156.83,0.3112,20.0,-142.82,0.3254,20.0,-134.71,0.3625,20.0
50,2023-02-20,0.2329,0.0762,-5.65,2.625,-1.78541666666667,0.0762,0.0,0.05588,0.0,-0.052863,6.6637,0.0,4.9868,0.0,-12.668,-1000000.0,-290.61,-129.63,0.0,0.0,46.926,0.0,4.9868,0.0,-2349.79,0.1603,20.0,-628.17,0.2179,20.0,-416.22,0.2425,20.0,-286.39,0.2674,20.0,-233.36,0.2817,20.0,-192.32,0.2957,20.0,-158.62,0.3104,20.0,-144.4,0.3246,20.0,-136.2,0.3619,20.0
51,2023-02-21,0.1766,0.06604,-20.5,3.6,-12.6583333333333,0.06604,0.0,0.055,0.0,-0.051677,6.7297,0.0,5.0418,0.0,-12.72,-1000000.0,-294.9,-131.03,0.0,0.0,46.819,0.0,5.0418,0.0,-2381.0,0.1599,20.0,-635.67,0.2173,20.0,-421.37,0.2418,20.0,-289.88,0.2665,20.0,-236.21,0.2808,20.0,-194.63,0.2949,20.0,-160.39,0.3096,20.0,-145.98,0.3238,20.0,-137.67,0.3614,20.0
52,2023-02-22,0.0,0.02286,-24.1,-20.225,-22.0552083333333,0.02286,0.0,0.02286,0.0,-0.050501,6.7526,0.0,5.0646,0.0,-12.771,-77340.0,-258.26,-132.42,0.0,0.0,46.746,0.0,5.0646,0.0,-1989.6,0.166,20.0,-639.94,0.2169,20.0,-426.12,0.2411,20.0,-293.33,0.2656,20.0,-239.03,0.2798,20.0,-196.89,0.2941,20.0,-162.14,0.3088,20.0,-147.54,0.323,20.0,-139.13,0.3608,20.0
53,2023-02-23,0.0,0.01778,-30.2,-21.85,-25.696875,0.01778,0.0,0.01778,0.0,-0.049335,6.7704,0.0,5.0824,0.0,-12.82,-18247.0,-242.38,-133.79,0.0,0.0,46.678,0.0,5.0824,0.0,-1684.15,0.1723,20.0,-641.03,0.2169,20.0,-430.37,0.2405,20.0,-296.66,0.2647,20.0,-241.81,0.2789,20.0,-199.1,0.2934,20.0,-163.87,0.3081,20.0,-149.09,0.3222,20.0,-140.58,0.3603,20.0
54,2023-02-24,0.0,0.05588,-31.7,-6.875,-19.3125,0.05588,0.0,0.05588,0.0,-0.04818,6.8262,0.0,5.1383,0.0,-12.869,-54655.0,-248.51,-135.15,0.0,0.0,46.574,0.0,5.1383,0.0,-1686.16,0.1723,20.0,-641.04,0.2169,20.0,-434.1,0.24,20.0,-300.0,0.2638,20.0,-244.58,0.2782,20.0,-201.27,0.2926,20.0,-165.58,0.3073,20.0,-150.64,0.3214,20.0,-142.02,0.3598,20.0
55,2023-02-25,0.0,0.18542,-6.2,2.425,-1.37083333333333,0.18542,0.0,0.058998,0.0,-0.047035,7.0117,0.0,5.2322,0.0,-12.916,-1000000.0,-298.49,-136.5,0.0,0.0,46.432,0.0,5.2322,0.0,-2300.12,0.1611,20.0,-649.17,0.2162,20.0,-437.88,0.2394,20.0,-303.23,0.263,20.0,-247.28,0.2775,20.0,-203.4,0.2919,20.0,-167.27,0.3066,20.0,-152.19,0.3206,20.0,-143.45,0.3592,20.0
56,2023-02-26,0.0017,0.20066,-2.4,8.75,2.865625,0.20066,0.0,0.051157,0.0,-0.045903,7.2123,0.0,5.2862,0.0,-12.963,-1000000.0,-304.86,-137.84,0.0,0.0,46.332,0.0,5.2862,0.0,-2406.2,0.1594,20.0,-659.79,0.2154,20.0,-442.36,0.2388,20.0,-306.41,0.2623,20.0,-249.88,0.2768,20.0,-205.49,0.2912,20.0,-168.94,0.3059,20.0,-153.72,0.3199,20.0,-144.87,0.3587,20.0
57,2023-02-27,0.0,0.14732,-5.2,2.4,-1.959375,0.14732,0.0,0.048289,0.0,-0.044782,7.3596,0.0,5.336,0.0,-13.008,-1000000.0,-308.39,-139.16,0.0,0.0,46.237,0.0,5.336,0.0,-2442.15,0.1589,20.0,-668.54,0.2147,20.0,-446.98,0.2381,20.0,-309.55,0.2617,20.0,-252.44,0.2761,20.0,-207.54,0.2905,20.0,-170.58,0.3051,20.0,-155.23,0.3193,20.0,-146.27,0.3582,20.0
58,2023-02-28,0.0,0.05588,-10.8,-1.925,-6.0875,0.05588,0.0,0.046556,0.0,-0.043672,7.4155,0.0,5.3841,0.0,-13.052,-1000000.0,-312.74,-140.47,0.0,0.0,46.145,0.0,5.3841,0.0,-2467.59,0.1585,20.0,-676.63,0.2141,20.0,-451.42,0.2375,20.0,-312.68,0.261,20.0,-254.93,0.2755,20.0,-209.55,0.2898,20.0,-172.21,0.3044,20.0,-156.74,0.3187,20.0,-147.67,0.3577,20.0
59,2023-03-01,0.0,0.12446,-7.5,3.1,-4.06354166666667,0.12446,0.0,0.045936,0.0,-0.042574,7.54,0.0,5.4299,0.0,-13.095,-1000000.0,-315.21,-141.76,0.0,0.0,46.056,0.0,5.4299,0.0,-2489.61,0.1583,20.0,-683.99,0.2135,20.0,-455.61,0.2369,20.0,-315.76,0.2605,20.0,-257.37,0.2749,20.0,-211.52,0.2892,20.0,-173.83,0.3037,20.0,-158.22,0.3181,20.0,-149.05,0.3572,20.0
60,2023-03-02,0.0,0.21844,-4.325,5.875,-0.128125,0.21844,0.0,0.045058,0.0,-0.041489,7.7584,0.0,5.4752,0.0,-13.136,-1000000.0,-317.97,-143.04,0.0,0.0,45.969,0.0,5.4752,0.0,-2519.64,0.1579,20.0,-691.18,0.213,20.0,-459.86,0.2363,20.0,-318.74,0.2599,20.0,-259.77,0.2742,20.0,-213.47,0.2885,20.0,-175.42,0.303,20.0,-159.68,0.3175,20.0,-150.41,0.3567,20.0
61,2023-03-03,0.0,0.15494,-7.55,2.625,-2.89895833333333,0.15494,0.0,0.044474,0.0,-0.040414,7.9134,0.0,5.5198,0.0,-13.177,-1000000.0,-320.79,-144.31,0.0,0.0,45.884,0.0,5.5198,0.0,-2547.52,0.1576,20.0,-698.49,0.2124,20.0,-464.4,0.2356,20.0,-321.68,0.2593,20.0,-262.12,0.2736,20.0,-215.39,0.2878,20.0,-177.0,0.3023,20.0,-161.12,0.3169,20.0,-151.76,0.3562,20.0
62,2023-03-04,0.0,0.17526,-6.95,4.125,-2.67395833333333,0.17526,0.0,0.043905,0.0,-0.039353,8.0886,0.0,5.5639,0.0,-13.217,-1000000.0,-323.64,-145.56,0.0,0.0,45.8,0.0,5.5639,0.0,-2575.2,0.1573,20.0,-705.82,0.2119,20.0,-468.92,0.235,20.0,-324.61,0.2587,20.0,-264.45,0.273,20.0,-217.28,0.2872,20.0,-178.56,0.3016,20.0,-162.55,0.3163,20.0,-153.09,0.3558,20.0
63,2023-03-05,0.0,0.03556,-12.225,-8.175,-10.2854166666667,0.03556,0.0,0.03556,0.0,-0.038306,8.1242,0.0,5.5994,0.0,-13.255,-481410.0,-311.15,-146.79,0.0,0.0,45.726,0.0,5.5994,0.0,-2451.61,0.1587,20.0,-711.9,0.2114,20.0,-473.34,0.2343,20.0,-327.48,0.2582,20.0,-266.74,0.2724,20.0,-219.16,0.2866,20.0,-180.11,0.301,20.0,-163.96,0.3157,20.0,-154.42,0.3554,20.0
64,2023-03-06,0.2465,0.0508,-14.925,-5.4,-11.0927083333333,0.0508,0.0,0.043425,0.0,-0.03727,8.175,0.0,5.6469,0.0,-13.293,-1000000.0,-327.1,-148.02,0.0,0.0,45.64,0.0,5.6469,0.0,-2578.43,0.1572,20.0,-718.09,0.2109,20.0,-477.59,0.2337,20.0,-330.33,0.2576,20.0,-269.0,0.2719,20.0,-221.01,0.2859,20.0,-181.65,0.3003,20.0,-165.36,0.3151,20.0,-155.74,0.355,20.0
65,2023-03-07,0.0,0.06096,-19.125,-4.15,-11.20625,0.06096,0.0,0.042307,0.0,-0.036246,8.2359,0.0,5.6894,0.0,-13.33,-1000000.0,-330.44,-149.22,0.0,0.0,45.561,0.0,5.6894,0.0,-2622.61,0.1568,20.0,-725.21,0.2104,20.0,-481.78,0.2331,20.0,-333.09,0.2571,20.0,-271.24,0.2713,20.0,-222.84,0.2853,20.0,-183.18,0.2996,20.0,-166.75,0.3146,20.0,-157.05,0.3546,20.0
66,2023-03-08,0.0,0.04318,-15.45,-9.15,-11.471875,0.04318,0.0,0.041753,0.0,-0.035234,8.2791,0.0,5.7313,0.0,-13.365,-1000000.0,-333.81,-150.42,0.0,0.0,45.484,0.0,5.7313,0.0,-2661.57,0.1563,20.0,-732.54,0.2098,20.0,-485.95,0.2325,20.0,-335.83,0.2566,20.0,-273.44,0.2707,20.0,-224.66,0.2847,20.0,-184.69,0.299,20.0,-168.12,0.314,20.0,-158.35,0.3542,20.0
67,2023-03-09,0.0,0.0635,-16.5,-6.2,-11.7177083333333,0.0635,0.0,0.04078,0.0,-0.034225,8.3426,0.0,5.7723,0.0,-13.4,-1000000.0,-336.77,-151.61,0.0,0.0,45.408,0.0,5.7723,0.0,-2694.6,0.1559,20.0,-739.77,0.2092,20.0,-490.27,0.232,20.0,-338.55,0.256,20.0,-275.62,0.2701,20.0,-226.46,0.2841,20.0,-186.2,0.2983,20.0,-169.47,0.3134,20.0,-159.63,0.3539,20.0
68,2023-03-10,0.1277,0.02794,-14.65,-9.0,-12.1697916666667,0.02794,0.0,0.02794,0.0,-0.033529,8.3706,0.0,5.8003,0.0,-13.433,-305700.0,-316.82,-152.94,0.0,0.0,45.347,0.0,5.8003,0.0,-2483.66,0.1583,20.0,-745.09,0.2088,20.0,-494.37,0.2316,20.0,-341.2,0.2555,20.0,-277.77,0.2696,20.0,-228.25,0.2835,20.0,-187.7,0.2976,20.0,-170.82,0.3129,20.0,-160.92,0.3535,20.0
69,2023-03-11,0.0,0.0508,-18.95,-5.075,-11.6197916666667,0.0508,0.0,0.042918,0.0,-0.033014,8.4214,0.0,5.8477,0.0,-13.466,-1000000.0,-338.42,-154.27,0.0,0.0,45.266,0.0,5.8477,0.0,-2649.29,0.1564,20.0,-749.73,0.2085,20.0,-498.21,0.2312,20.0,-343.83,0.255,20.0,-279.91,0.269,20.0,-230.03,0.2829,20.0,-189.2,0.297,20.0,-172.16,0.3123,20.0,-162.2,0.3531,20.0
70,2023-03-12,0.0,0.06604,-17.675,-5.65,-12.5358695652174,0.06604,0.0,0.039304,0.0,-0.032512,8.4874,0.0,5.8882,0.0,-13.499,-1000000.0,-343.21,-155.56,0.0,0.0,45.193,0.0,5.8882,0.0,-2734.23,0.1555,20.0,-756.39,0.2079,20.0,-502.01,0.2308,20.0,-346.45,0.2545,20.0,-282.03,0.2685,20.0,-231.79,0.2823,20.0,-190.68,0.2963,20.0,-173.48,0.3118,20.0,-163.47,0.3527,20.0
71,2023-03-13,0.1887,0.17272,-9.3,1.025,-4.59762228260869,0.17272,0.0,0.038008,0.0,-0.032021,8.6601,0.0,5.9264,0.0,-13.531,-1000000.0,-345.85,-156.82,0.0,0.0,45.123,0.0,5.9264,0.0,-2765.73,0.1552,20.0,-762.57,0.2075,20.0,-505.95,0.2304,20.0,-349.01,0.254,20.0,-284.12,0.2679,20.0,-233.55,0.2817,20.0,-192.17,0.2957,20.0,-174.8,0.3112,20.0,-164.74,0.3524,20.0
72,2023-03-14,0.0,0.22098,-0.925,7.7,3.340625,0.22098,0.0,0.037413,0.0,-0.031537,8.8811,0.0,5.964,0.0,-13.563,-1000000.0,-348.58,-158.06,0.0,0.0,45.053,0.0,5.964,0.0,-2793.5,0.1548,20.0,-768.28,0.207,20.0,-509.87,0.23,20.0,-351.53,0.2535,20.0,-286.2,0.2674,20.0,-235.3,0.2811,20.0,-193.65,0.2952,20.0,-176.11,0.3107,20.0,-166.01,0.352,20.0
73,2023-03-15,0.3961,0.09398,-7.65,2.825,-1.94895833333333,0.09398,0.0,0.036759,0.0,-0.031059,8.9751,0.0,6.001,0.0,-13.594,-1000000.0,-351.24,-159.29,0.0,0.0,44.985,0.0,6.001,0.0,-2819.75,0.1545,20.0,-773.72,0.2066,20.0,-513.72,0.2296,20.0,-354.0,0.253,20.0,-288.26,0.2669,20.0,-237.03,0.2805,20.0,-195.1,0.2947,20.0,-177.41,0.3102,20.0,-167.26,0.3516,20.0
74,2023-03-16,0.0493,0.10922,-9.775,1.775,-4.103125,0.10922,0.0,0.036057,0.0,-0.030587,9.0843,0.0,6.0372,0.0,-13.625,-1000000.0,-353.72,-160.51,0.0,0.0,44.918,0.0,6.0372,0.0,-2842.38,0.1543,20.0,-779.43,0.2063,20.0,-517.5,0.2292,20.0,-356.5,0.2526,20.0,-290.31,0.2664,20.0,-238.77,0.2799,20.0,-196.55,0.2942,20.0,-178.7,0.3096,20.0,-168.5,0.3513,20.0
75,2023-03-17,0.0,0.13208,-10.075,3.925,-3.190625,0.13208,0.0,0.035451,0.0,-0.030119,9.2164,0.0,6.0728,0.0,-13.655,-1000000.0,-356.07,-161.71,0.0,0.0,44.852,0.0,6.0728,0.0,-2861.87,0.1541,20.0,-784.76,0.206,20.0,-521.18,0.2288,20.0,-358.99,0.2521,20.0,-292.35,0.2658,20.0,-240.52,0.2793,20.0,-197.97,0.2938,20.0,-179.98,0.3091,20.0,-169.73,0.3509,20.0
76,2023-03-18,0.0,0.19304,-6.0,8.35,0.263541666666667,0.19304,0.0,0.034915,0.0,-0.029656,9.4094,0.0,6.1078,0.0,-13.685,-1000000.0,-358.36,-162.9,0.0,0.0,44.788,0.0,6.1078,0.0,-2879.8,0.1539,20.0,-789.86,0.2057,20.0,-524.77,0.2284,20.0,-361.44,0.2516,20.0,-294.37,0.2653,20.0,-242.24,0.2788,20.0,-199.38,0.2933,20.0,-181.26,0.3086,20.0,-170.96,0.3506,20.0
77,2023-03-19,0.0,0.15494,-4.25,8.775,1.92395833333333,0.15494,0.0,0.034394,0.0,-0.029198,9.5644,0.0,6.1423,0.0,-13.714,-1000000.0,-360.62,-164.08,0.0,0.0,44.724,0.0,6.1423,0.0,-2896.82,0.1537,20.0,-794.8,0.2054,20.0,-528.28,0.228,20.0,-363.85,0.2511,20.0,-296.4,0.2648,20.0,-243.97,0.2783,20.0,-200.78,0.2928,20.0,-182.53,0.308,20.0,-172.17,0.3502,20.0
78,2023-03-20,0.0,0.08636,-7.425,0.5,-4.15833333333333,0.08636,0.0,0.033884,0.0,-0.028744,9.6507,0.0,6.1764,0.0,-13.743,-1000000.0,-362.84,-165.24,0.0,0.0,44.661,0.0,6.1764,0.0,-2913.15,0.1535,20.0,-799.61,0.2051,20.0,-531.73,0.2277,20.0,-366.29,0.2507,20.0,-298.42,0.2643,20.0,-245.68,0.2779,20.0,-202.16,0.2923,20.0,-183.79,0.3075,20.0,-173.37,0.3499,20.0
79,2023-03-21,0.0,0.12954,-7.9,5.85,-1.69479166666667,0.12954,0.0,0.033396,0.0,-0.028295,9.7803,0.0,6.2099,0.0,-13.771,-1000000.0,-365.02,-166.4,0.0,0.0,44.599,0.0,6.2099,0.0,-2929.09,0.1533,20.0,-804.32,0.2049,20.0,-535.1,0.2273,20.0,-368.7,0.2502,20.0,-300.42,0.2637,20.0,-247.35,0.2774,20.0,-203.53,0.2919,20.0,-185.05,0.307,20.0,-174.56,0.3495,20.0
80,2023-03-22,0.0,0.1397,-7.275,5.925,-2.675,0.1397,0.0,0.032892,0.0,-0.02785,9.92,0.0,6.2429,0.0,-13.799,-1000000.0,-367.02,-167.54,0.0,0.0,44.538,0.0,6.2429,0.0,-2941.0,0.1532,20.0,-809.05,0.2046,20.0,-538.4,0.227,20.0,-371.08,0.2497,20.0,-302.45,0.2632,20.0,-249.02,0.277,20.0,-204.89,0.2914,20.0,-186.3,0.3065,20.0,-175.75,0.3492,20.0
81,2023-03-23,0.0,0.2032,-7.175,8.925,0.954166666666667,0.2032,0.0,0.032813,0.0,-0.027409,10.123,0.0,6.2757,0.0,-13.827,-1000000.0,-369.35,-168.67,0.0,0.0,44.478,0.0,6.2757,0.0,-2956.04,0.153,20.0,-813.87,0.2043,20.0,-541.63,0.2266,20.0,-373.42,0.2493,20.0,-304.45,0.2627,20.0,-250.66,0.2766,20.0,-206.23,0.291,20.0,-187.54,0.306,20.0,-176.92,0.3488,20.0
82,2023-03-24,0.0,0.15494,-2.375,7.65,1.85729166666667,0.15494,0.0,0.031953,0.0,-0.026973,10.278,0.0,6.3079,0.0,-13.854,-1000000.0,-371.17,-169.79,0.0,0.0,44.418,0.0,6.3079,0.0,-2964.35,0.1529,20.0,-818.61,0.2041,20.0,-544.94,0.2263,20.0,-375.78,0.2488,20.0,-306.46,0.2623,20.0,-252.28,0.2762,20.0,-207.57,0.2905,20.0,-188.78,0.3055,20.0,-178.09,0.3485,20.0
83,2023-03-25,0.0782,0.11176,-2.875,4.425,-0.13125,0.11176,0.0,0.032254,0.0,-0.02654,10.39,0.0,6.3401,0.0,-13.881,-1000000.0,-373.69,-170.9,0.0,0.0,44.36,0.0,6.3401,0.0,-2985.29,0.1527,20.0,-823.31,0.2038,20.0,-548.23,0.2259,20.0,-378.19,0.2484,20.0,-308.44,0.2619,20.0,-253.89,0.2758,20.0,-208.89,0.2901,20.0,-190.02,0.305,20.0,-179.24,0.3481,20.0
84,2023-03-26,0.0,0.10922,-5.325,3.125,-2.16979166666667,0.10922,0.0,0.030943,0.0,-0.026112,10.499,0.0,6.3712,0.0,-13.907,-1000000.0,-375.3,-172.0,0.0,0.0,44.302,0.0,6.3712,0.0,-2984.13,0.1527,20.0,-827.61,0.2035,20.0,-551.45,0.2256,20.0,-380.56,0.2479,20.0,-310.4,0.2615,20.0,-255.48,0.2753,20.0,-210.2,0.2896,20.0,-191.26,0.3044,20.0,-180.39,0.3478,20.0
85,2023-03-27,0.0,0.17018,-6.6,6.05,-1.82604166666667,0.17018,0.0,0.031423,0.0,-0.025687,10.669,0.0,6.403,0.0,-13.933,-1000000.0,-377.59,-173.1,0.0,0.0,44.245,0.0,6.403,0.0,-3016.1,0.1523,20.0,-832.37,0.2033,20.0,-554.64,0.2252,20.0,-382.9,0.2474,20.0,-312.35,0.2611,20.0,-257.05,0.2749,20.0,-211.49,0.2892,20.0,-192.49,0.304,20.0,-181.53,0.3475,20.0
86,2023-03-28,0.0,0.12192,-5.625,3.025,-2.63645833333333,0.12192,0.0,0.02969,0.0,-0.025267,10.791,0.0,6.4332,0.0,-13.958,-1000000.0,-379.97,-174.18,0.0,0.0,44.189,0.0,6.4332,0.0,-3009.49,0.1524,20.0,-836.26,0.2031,20.0,-557.75,0.2249,20.0,-385.21,0.247,20.0,-314.26,0.2607,20.0,-258.6,0.2745,20.0,-212.78,0.2887,20.0,-193.72,0.3036,20.0,-182.67,0.3471,20.0
87,2023-03-29,0.0,0.12192,-6.6,3.55,-2.10833333333333,0.12192,0.0,0.03029,0.0,-0.02485,10.913,0.0,6.4631,0.0,-13.983,-1000000.0,-381.59,-175.25,0.0,0.0,44.134,0.0,6.4631,0.0,-3013.85,0.1524,20.0,-839.96,0.2029,20.0,-560.76,0.2246,20.0,-387.57,0.2467,20.0,-316.15,0.2604,20.0,-260.14,0.2741,20.0,-214.06,0.2883,20.0,-194.93,0.3032,20.0,-183.8,0.3468,20.0
88,2023-03-30,0.1462,0.08128,-4.875,0.2,-2.99479166666667,0.08128,0.0,0.030717,0.0,-0.024437,10.994,0.0,6.4934,0.0,-14.007,-1000000.0,-383.93,-176.31,0.0,0.0,44.079,0.0,6.4934,0.0,-3038.09,0.1521,20.0,-844.02,0.2026,20.0,-563.73,0.2243,20.0,-389.88,0.2463,20.0,-318.03,0.26,20.0,-261.67,0.2737,20.0,-215.33,0.2879,20.0,-196.14,0.3028,20.0,-184.92,0.3465,20.0
89,2023-03-31,0.2009,0.19558,-7.075,8.675,0.467708333333333,0.19558,0.0,0.030312,0.0,-0.024027,11.19,0.0,6.5235,0.0,-14.032,-1000000.0,-385.42,-177.36,0.0,0.0,44.025,0.0,6.5235,0.0,-3060.92,0.1518,20.0,-848.87,0.2023,20.0,-566.68,0.224,20.0,-392.16,0.246,20.0,-319.88,0.2597,20.0,-263.18,0.2734,20.0,-216.59,0.2874,20.0,-197.34,0.3024,20.0,-186.04,0.3462,20.0
90,2023-04-01,0.0,0.254,-1.325,8.525,3.46354166666667,0.0,0.254,-9.3132e-10,6.5679,-0.0029417,11.19,0.254,6.5235,9.8348,-14.045,-43415.0,-629.46,-366.05,0.0,0.0,37.461,0.0,6.5235,0.0,-2793.73,0.1549,20.0,-1162.27,0.1875,20.0,-912.74,0.1987,20.0,-730.58,0.2099,20.0,-643.43,0.2167,20.0,-570.7,0.2235,20.0,-504.25,0.2306,20.0,-476.68,0.2458,20.0,-461.55,0.3046,20.0
91,2023-04-02,0.0,0.23114,-4.925,7.675,1.009375,0.0,0.23114,1.397e-09,1.661,-0.00014819,11.19,0.48514,6.5235,14.595,-14.046,-15546.0,-1431.3,-976.21,0.0,0.0,31.611,0.0,6.5235,0.0,-2761.37,0.1552,20.0,-1553.84,0.1751,20.0,-1501.87,0.1767,20.0,-1458.97,0.178,20.0,-1433.03,0.1787,20.0,-1406.94,0.1795,20.0,-1380.06,0.1803,20.0,-1367.56,0.1956,20.0,-1359.28,0.2678,20.0
92,2023-04-03,0.0,0.10922,-9.75,3.275,-3.43125,0.0,0.10922,-8.3819e-09,0.073454,-5.6244e-05,11.19,0.59436,6.5235,14.761,-14.046,-8933.0,-1620.8,-1403.1,0.0,0.0,30.915,0.0,6.5235,0.0,-2766.51,0.1551,20.0,-1640.67,0.1732,20.0,-1598.82,0.1741,20.0,-1594.58,0.1742,20.0,-1592.37,0.1743,20.0,-1590.2,0.1743,20.0,-1587.94,0.1744,20.0,-1586.88,0.1897,20.0,-1586.18,0.2635,20.0
93,2023-04-04,0.0,0.06604,-9.225,-2.05,-4.23958333333333,0.0,0.06604,3.4925e-09,0.0018454,-4.3002e-05,11.19,0.6604,6.5235,14.764,-14.046,-6191.9,-1632.9,-1524.2,0.0,0.0,30.877,0.0,6.5235,0.0,-2750.64,0.1553,20.0,-1689.58,0.1722,20.0,-1604.9,0.174,20.0,-1603.47,0.174,20.0,-1602.82,0.174,20.0,-1602.17,0.1741,20.0,-1601.5,0.1741,20.0,-1601.19,0.1894,20.0,-1600.99,0.2633,20.0
94,2023-04-05,0.0,0.16256,-11.275,5.25,-2.44895833333333,0.0,0.16256,-3.7253e-09,0.00082663,-4.0195e-05,11.19,0.82296,6.5235,14.765,-14.046,-4793.3,-1633.7,-1573.3,0.0,0.0,30.875,0.0,6.5235,0.0,-2730.72,0.1555,20.0,-1731.17,0.1713,20.0,-1609.55,0.1739,20.0,-1603.98,0.174,20.0,-1603.41,0.174,20.0,-1602.85,0.1741,20.0,-1602.27,0.1741,20.0,-1602.0,0.1894,20.0,-1601.82,0.2633,20.0
95,2023-04-06,0.0,0.33274,-2.55,11.35,4.16354166666667,0.0,0.33274,-6.5193e-09,0.00016144,-3.9375e-05,11.19,1.1557,6.5235,14.765,-14.046,-3986.8,-1633.5,-1593.4,0.0,0.0,30.875,0.0,6.5235,0.0,-2696.76,0.1559,20.0,-1767.18,0.1705,20.0,-1616.1,0.1738,20.0,-1604.02,0.174,20.0,-1603.45,0.174,20.0,-1602.9,0.1741,20.0,-1602.32,0.1741,20.0,-1602.05,0.1894,20.0,-1601.87,0.2633,20.0
96,2023-04-07,0.0,0.37338,0.175,14.225,7.284375,0.0,0.37338,-8.2655e-09,0.0,-3.9176e-05,11.19,1.5291,6.5235,14.765,-14.046,-3525.2,-1633.1,-1599.5,0.0,0.0,30.875,0.0,6.5235,0.0,-2647.86,0.1565,20.0,-1798.0,0.1699,20.0,-1624.03,0.1736,20.0,-1604.06,0.174,20.0,-1603.46,0.174,20.0,-1602.9,0.1741,20.0,-1602.33,0.1741,20.0,-1602.06,0.1894,20.0,-1601.88,0.2633,20.0
97,2023-04-08,0.0,0.37846,3.15,14.225,8.72395833333333,0.0,0.37846,1.5134e-09,0.0,-3.9168e-05,11.19,1.9075,6.5235,14.765,-14.046,-3199.5,-1632.9,-1600.4,0.0,0.0,30.875,0.0,6.5235,0.0,-2600.09,0.157,20.0,-1824.02,0.1693,20.0,-1632.8,0.1734,20.0,-1604.13,0.174,20.0,-1603.46,0.174,20.0,-1602.9,0.1741,20.0,-1602.33,0.1741,20.0,-1602.06,0.1894,20.0,-1601.88,0.2633,20.0
98,2023-04-09,0.0,0.4572,4.4,17.075,11.2802083333333,0.0,0.4572,-1.8626e-09,0.0,-3.916e-05,11.19,2.3647,6.5235,14.765,-14.046,-2994.9,-1632.7,-1600.6,0.0,0.0,30.875,0.0,6.5235,0.0,-2551.32,0.1575,20.0,-1845.86,0.1688,20.0,-1641.98,0.1732,20.0,-1604.25,0.174,20.0,-1603.47,0.174,20.0,-1602.91,0.1741,20.0,-1602.33,0.1741,20.0,-1602.06,0.1894,20.0,-1601.88,0.2633,20.0
99,2023-04-10,0.0,0.54864,10.95,23.475,16.6416666666667,0.0,0.54864,-2.5029e-09,0.0,-3.9163e-05,11.19,2.9134,6.5235,14.765,-14.046,-2837.2,-1632.4,-1600.7,0.0,0.0,30.875,0.0,6.5235,0.0,-2501.75,0.1581,20.0,-1864.36,0.1684,20.0,-1651.25,0.173,20.0,-1604.47,0.174,20.0,-1603.47,0.174,20.0,-1602.91,0.1741,20.0,-1602.33,0.1741,20.0,-1602.06,0.1894,20.0,-1601.88,0.2633,20.0
100,2023-04-11,0.0,0.47244,4.3,20.225,13.74375,0.0,0.47244,7.0431e-09,0.0,-3.9152e-05,11.19,3.3858,6.5235,14.765,-14.046,-2710.4,-1632.2,-1600.7,0.0,0.0,30.875,0.0,6.5235,0.0,-2457.62,0.1587,20.0,-1880.6,0.1681,20.0,-1660.42,0.1728,20.0,-1604.78,0.174,20.0,-1603.48,0.174,20.0,-1602.91,0.1741,20.0,-1602.33,0.1741,20.0,-1602.06,0.1894,20.0,-1601.88,0.2633,20.0
101,2023-04-12,0.0,0.18288,-1.9,7.9,3.08541666666667,0.0,0.18288,-3.3178e-09,0.0,-3.9154e-05,11.19,3.5687,6.5235,14.765,-14.046,-2608.8,-1632.1,-1600.8,0.0,0.0,30.874,0.0,6.5235,0.0,-2415.62,0.1593,20.0,-1894.12,0.1678,20.0,-1669.36,0.1726,20.0,-1605.21,0.174,20.0,-1603.48,0.174,20.0,-1602.91,0.1741,20.0,-1602.33,0.1741,20.0,-1602.06,0.1894,20.0,-1601.88,0.2633,20.0
102,2023-04-13,0.9633,0.09652,-2.75,2.2,0.173958333333333,0.0,0.09652,-9.8953e-10,0.0,-3.915e-05,11.19,3.6652,6.5235,14.765,-14.046,-2526.1,-1631.9,-1600.8,0.0,0.0,30.874,0.0,6.5235,0.0,-2374.61,0.16,20.0,-1905.11,0.1676,20.0,-1678.0,0.1724,20.0,-1605.77,0.174,20.0,-1603.49,0.174,20.0,-1602.91,0.1741,20.0,-1602.33,0.1741,20.0,-1602.06,0.1894,20.0,-1601.88,0.2633,20.0
103,2023-04-14,0.0952,0.18034,-5.825,5.825,-0.0322916666666666,0.0,0.18034,5.8499e-09,0.0,-3.9146e-05,11.19,3.8456,6.5235,14.765,-14.046,-2465.7,-1631.9,-1600.8,0.0,0.0,30.874,0.0,6.5235,0.0,-2339.37,0.1605,20.0,-1913.89,0.1674,20.0,-1686.26,0.1723,20.0,-1606.46,0.174,20.0,-1603.5,0.174,20.0,-1602.91,0.1741,20.0,-1602.33,0.1741,20.0,-1602.06,0.1894,20.0,-1601.88,0.2633,20.0
104,2023-04-15,0.0017,0.2921,-3.25,11.1,3.559375,0.0,0.2921,8.0327e-09,0.0,-3.9153e-05,11.19,4.1377,6.5235,14.765,-14.046,-2419.2,-1631.8,-1600.9,0.0,0.0,30.874,0.0,6.5235,0.0,-2308.56,0.161,20.0,-1920.76,0.1672,20.0,-1694.12,0.1721,20.0,-1607.28,0.174,20.0,-1603.52,0.174,20.0,-1602.91,0.1741,20.0,-1602.33,0.1741,20.0,-1602.06,0.1894,20.0,-1601.88,0.2633,20.0
105,2023-04-16,0.0,0.4064,0.45,17.45,9.81354166666667,0.0,0.4064,1.0186e-09,0.0,-3.9156e-05,11.19,4.5441,6.5235,14.765,-14.046,-2376.3,-1631.8,-1600.9,0.0,0.0,30.874,0.0,6.5235,0.0,-2280.65,0.1614,20.0,-1926.04,0.1671,20.0,-1701.55,0.1719,20.0,-1608.23,0.1739,20.0,-1603.54,0.174,20.0,-1602.92,0.1741,20.0,-1602.33,0.1741,20.0,-1602.06,0.1894,20.0,-1601.88,0.2633,20.0
106,2023-04-17,0.0119,0.35052,3.05,14.925,8.2125,0.0,0.35052,1.95e-09,0.0,-3.9143e-05,11.19,4.8946,6.5235,14.765,-14.046,-2337.4,-1631.7,-1600.9,0.0,0.0,30.874,0.0,6.5235,0.0,-2254.9,0.1618,20.0,-1929.98,0.167,20.0,-1708.54,0.1718,20.0,-1609.29,0.1739,20.0,-1603.58,0.174,20.0,-1602.92,0.1741,20.0,-1602.33,0.1741,20.0,-1602.06,0.1894,20.0,-1601.88,0.2633,20.0
107,2023-04-18,0.2992,0.12446,-0.4,9.275,2.89166666666667,0.0,0.12446,3.0268e-09,0.0,-3.9146e-05,11.19,5.019,6.5235,14.765,-14.046,-2302.5,-1631.7,-1600.9,0.0,0.0,30.874,0.0,6.5235,0.0,-2230.99,0.1622,20.0,-1932.76,0.167,20.0,-1715.11,0.1716,20.0,-1610.46,0.1739,20.0,-1603.62,0.174,20.0,-1602.92,0.1741,20.0,-1602.34,0.1741,20.0,-1602.06,0.1894,20.0,-1601.88,0.2633,20.0
108,2023-04-19,1.1389,0.12446,-1.35,1.3,-0.153125,0.0,0.12446,6.8248e-09,0.0,-3.9149e-05,11.19,5.1435,6.5235,14.765,-14.046,-2271.2,-1631.6,-1601.0,0.0,0.0,30.874,0.0,6.5235,0.0,-2208.73,0.1625,20.0,-1934.57,0.1669,20.0,-1721.24,0.1715,20.0,-1611.73,0.1739,20.0,-1603.68,0.174,20.0,-1602.92,0.1741,20.0,-1602.34,0.1741,20.0,-1602.06,0.1894,20.0,-1601.88,0.2633,20.0
109,2023-04-20,0.1821,0.13716,-3.2,0.975,-1.317,0.0,0.13716,6.7375e-09,0.0,-3.9151e-05,11.19,5.2807,6.5235,14.765,-14.046,-2243.0,-1631.6,-1601.0,0.0,0.0,30.874,0.0,6.5235,0.0,-2188.0,0.1629,20.0,-1935.54,0.1669,20.0,-1726.97,0.1714,20.0,-1613.09,0.1738,20.0,-1603.75,0.174,20.0,-1602.92,0.1741,20.0,-1602.34,0.1741,20.0,-1602.06,0.1894,20.0,-1601.88,0.2633,20.0
110,2023-04-21,0.1004,0.1143,-5.425,0.5,-2.28229166666667,0.0,0.1143,-6.8394e-10,0.0,-3.9146e-05,11.19,5.395,6.5235,14.765,-14.046,-2217.5,-1631.5,-1601.0,0.0,0.0,30.874,0.0,6.5235,0.0,-2168.71,0.1631,20.0,-1935.79,0.1669,20.0,-1732.3,0.1713,20.0,-1614.53,0.1738,20.0,-1603.83,0.174,20.0,-1602.92,0.1741,20.0,-1602.34,0.1741,20.0,-1602.06,0.1894,20.0,-1601.88,0.2633,20.0
111,2023-04-22,0.0068,0.2159,-6.8,7.7,0.428125,0.0,0.2159,5.0932e-09,0.0,-3.915e-05,11.19,5.6109,6.5235,14.765,-14.046,-2194.3,-1631.4,-1601.0,0.0,0.0,30.874,0.0,6.5235,0.0,-2150.74,0.1634,20.0,-1935.42,0.1669,20.0,-1737.24,0.1712,20.0,-1616.04,0.1738,20.0,-1603.94,0.174,20.0,-1602.93,0.1741,20.0,-1602.34,0.1741,20.0,-1602.06,0.1894,20.0,-1601.88,0.2633,20.0
112,2023-04-23,0.0,0.25908,-2.65,12.225,4.72395833333333,0.0,0.25908,8.4838e-09,0.0,-3.9139e-05,11.19,5.8699,6.5235,14.765,-14.046,-2173.2,-1631.4,-1601.0,0.0,0.0,30.874,0.0,6.5235,0.0,-2133.99,0.1637,20.0,-1934.55,0.1669,20.0,-1741.83,0.1711,20.0,-1617.61,0.1737,20.0,-1604.06,0.174,20.0,-1602.93,0.1741,20.0,-1602.34,0.1741,20.0,-1602.06,0.1894,20.0,-1601.88,0.2633,20.0
113,2023-04-24,0.0306,0.28194,2.175,16.6,9.33020833333333,0.0,0.28194,4.0309e-09,0.0,-3.9148e-05,11.19,6.1519,6.5235,14.765,-14.046,-2153.8,-1631.3,-1601.1,0.0,0.0,30.874,0.0,6.5235,0.0,-2118.35,0.1639,20.0,-1933.23,0.167,20.0,-1746.08,0.171,20.0,-1619.22,0.1737,20.0,-1604.21,0.174,20.0,-1602.93,0.1741,20.0,-1602.34,0.1741,20.0,-1602.06,0.1894,20.0,-1601.88,0.2633,20.0
114,2023-04-25,0.0,0.36068,3.225,17.025,9.746875,0.0,0.36068,-3.2014e-10,0.0,-3.9141e-05,11.19,6.5126,6.5235,14.765,-14.046,-2136.0,-1631.3,-1601.1,0.0,0.0,30.874,0.0,6.5235,0.0,-2103.74,0.1642,20.0,-1931.56,0.167,20.0,-1750.0,0.1709,20.0,-1620.88,0.1737,20.0,-1604.37,0.174,20.0,-1602.93,0.1741,20.0,-1602.34,0.1741,20.0,-1602.06,0.1894,20.0,-1601.88,0.2633,20.0
115,2023-04-26,0.0,0.3683,0.725,18.975,10.3364583333333,0.0,0.3683,2.3429e-09,0.0,-3.9136e-05,11.19,6.8809,6.5235,14.765,-14.047,-2119.6,-1631.2,-1601.1,0.0,0.0,30.874,0.0,6.5235,0.0,-2090.07,0.1644,20.0,-1929.6,0.167,20.0,-1753.61,0.1708,20.0,-1622.56,0.1736,20.0,-1604.56,0.174,20.0,-1602.93,0.1741,20.0,-1602.34,0.1741,20.0,-1602.07,0.1894,20.0,-1601.88,0.2633,20.0
116,2023-04-27,0.1821,0.23622,0.35,11.7,6.65416666666667,0.0,0.23622,-7.4942e-10,0.0,-3.9134e-05,11.19,7.1171,6.5235,14.765,-14.047,-2104.4,-1631.2,-1601.1,0.0,0.0,30.874,0.0,6.5235,0.0,-2077.25,0.1646,20.0,-1927.4,0.1671,20.0,-1756.93,0.1708,20.0,-1624.27,0.1736,20.0,-1604.77,0.174,20.0,-1602.94,0.1741,20.0,-1602.34,0.1741,20.0,-1602.07,0.1894,20.0,-1601.88,0.2633,20.0
117,2023-04-28,0.0,0.37846,0.625,22.25,11.8770833333333,0.0,0.37846,6.4756e-09,0.0,-3.9144e-05,11.19,7.4955,6.5235,14.765,-14.047,-2090.3,-1631.2,-1601.1,0.0,0.0,30.874,0.0,6.5235,0.0,-2065.22,0.1648,20.0,-1925.01,0.1671,20.0,-1759.97,0.1707,20.0,-1626.0,0.1736,20.0,-1605.0,0.174,20.0,-1602.94,0.1741,20.0,-1602.34,0.1741,20.0,-1602.07,0.1894,20.0,-1601.88,0.2633,20.0
118,2023-04-29,0.0,0.36322,0.55,20.9,11.8916666666667,0.0,0.36322,-3.296e-09,0.0,-3.9138e-05,11.19,7.8588,6.5235,14.765,-14.047,-2077.1,-1631.1,-1601.1,0.0,0.0,30.874,0.0,6.5235,0.0,-2053.93,0.1649,20.0,-1922.63,0.1672,20.0,-1762.76,0.1706,20.0,-1627.74,0.1735,20.0,-1605.26,0.174,20.0,-1602.95,0.1741,20.0,-1602.35,0.1741,20.0,-1602.07,0.1894,20.0,-1601.88,0.2633,20.0
119,2023-04-30,0.0,0.41148,-0.025,23.3,12.9302083333333,0.0,0.41148,-4.9549e-09,0.0,-3.9132e-05,11.19,8.2702,6.5235,14.765,-14.047,-2064.9,-1631.1,-1601.1,0.0,0.0,30.874,0.0,6.5235,0.0,-2043.34,0.1651,20.0,-1920.26,0.1672,20.0,-1765.31,0.1706,20.0,-1629.48,0.1735,20.0,-1605.54,0.174,20.0,-1602.95,0.1741,20.0,-1602.35,0.1741,20.0,-1602.07,0.1894,20.0,-1601.88,0.2633,20.0
120,2023-05-01,0.0,0.39624,0.975,24.125,13.765625,0.0,0.39624,-3.2742e-10,0.0,-3.9141e-05,11.19,8.6665,6.5235,14.765,-14.047,-2053.5,-1631.1,-1601.1,0.0,0.0,30.874,0.0,6.5235,0.0,-2033.39,0.1652,20.0,-1917.8,0.1673,20.0,-1767.64,0.1705,20.0,-1631.22,0.1734,20.0,-1605.84,0.174,20.0,-1602.96,0.1741,20.0,-1602.35,0.1741,20.0,-1602.07,0.1894,20.0,-1601.88,0.2633,20.0
121,2023-05-02,0.0,0.35306,1.1,24.225,13.3125,0.0,0.35306,-6.6429e-09,0.0,-3.9135e-05,11.19,9.0195,6.5235,14.765,-14.047,-2042.8,-1940.2,-1601.1,0.0,0.0,30.874,0.0,6.5235,0.0,-2024.01,0.1654,20.0,-1915.25,0.1674,20.0,-1769.77,0.1705,20.0,-1632.96,0.1734,20.0,-1606.16,0.174,20.0,-1602.96,0.1741,20.0,-1602.35,0.1741,20.0,-1602.07,0.1894,20.0,-1601.88,0.2633,20.0
122,2023-05-03,0.0,0.36322,6.025,24.4,15.3395833333333,0.0,0.36322,-6.5484e-10,0.0,-3.914e-05,11.19,9.3828,6.5235,14.765,-14.047,-2032.7,-1935.8,-1601.2,0.0,0.0,30.874,0.0,6.5235,0.0,-2015.14,0.1655,20.0,-1912.62,0.1674,20.0,-1771.71,0.1704,20.0,-1634.69,0.1734,20.0,-1606.51,0.174,20.0,-1602.97,0.1741,20.0,-1602.35,0.1741,20.0,-1602.07,0.1894,20.0,-1601.88,0.2633,20.0
123,2023-05-04,0.0,0.39878,5.85,24.775,16.06875,0.0,0.39878,3.1432e-09,0.0,-3.913e-05,11.19,9.7815,6.5235,14.765,-14.047,-2023.3,-1931.5,-1601.2,0.0,0.0,30.874,0.0,6.5235,0.0,-2006.75,0.1657,20.0,-1909.95,0.1675,20.0,-1773.48,0.1704,20.0,-1636.41,0.1733,20.0,-1606.88,0.174,20.0,-1602.98,0.1741,20.0,-1602.35,0.1741,20.0,-1602.07,0.1894,20.0,-1601.88,0.2633,20.0
124,2023-05-05,0.9785,0.23876,8.75,17.075,12.3020833333333,0.0,0.23876,-6.9849e-10,0.0,-3.9139e-05,11.19,10.02,6.5235,14.765,-14.047,-2014.4,-1927.5,-1601.2,0.0,0.0,30.874,0.0,6.5235,0.0,-1998.86,0.1658,20.0,-1907.3,0.1675,20.0,-1775.08,0.1704,20.0,-1638.1,0.1733,20.0,-1607.26,0.174,20.0,-1602.99,0.1741,20.0,-1602.35,0.1741,20.0,-1602.07,0.1894,20.0,-1601.88,0.2633,20.0
125,2023-05-06,0.772,0.09398,5.6,9.25,7.990625,0.0,0.09398,6.4028e-10,0.0,-3.9138e-05,11.19,10.114,6.5235,14.765,-14.047,-2006.1,-1923.6,-1601.2,0.0,0.0,30.874,0.0,6.5235,0.0,-1991.46,0.1659,20.0,-1904.73,0.1676,20.0,-1776.52,0.1703,20.0,-1639.79,0.1733,20.0,-1607.67,0.174,20.0,-1603.0,0.1741,20.0,-1602.35,0.1741,20.0,-1602.07,0.1894,20.0,-1601.88,0.2633,20.0
126,2023-05-07,0.1904,0.28956,5.125,15.725,10.1114583333333,0.0,0.28956,3.9654e-10,0.0,-3.9138e-05,11.19,10.404,6.5235,14.765,-14.047,-1998.2,-1919.9,-1601.2,0.0,0.0,30.874,0.0,6.5235,0.0,-1984.47,0.166,20.0,-1902.19,0.1676,20.0,-1777.83,0.1703,20.0,-1641.45,0.1732,20.0,-1608.09,0.1739,20.0,-1603.01,0.1741,20.0,-1602.35,0.1741,20.0,-1602.07,0.1894,20.0,-1601.88,0.2633,20.0
127,2023-05-08,0.0,0.37084,4.8,17.75,10.8416666666667,0.0,0.37084,-6.0791e-09,0.0,-3.9137e-05,11.19,10.775,6.5235,14.765,-14.047,-1990.9,-1916.2,-1601.2,0.0,0.0,30.873,0.0,6.5235,0.0,-1977.83,0.1661,20.0,-1899.66,0.1677,20.0,-1779.0,0.1703,20.0,-1643.08,0.1732,20.0,-1608.53,0.1739,20.0,-1603.03,0.1741,20.0,-1602.35,0.1741,20.0,-1602.07,0.1894,20.0,-1601.88,0.2633,20.0
128,2023-05-09,0.0,0.27432,1.025,15.4,8.18645833333333,0.0,0.27432,-3.3833e-09,0.0,-3.9136e-05,11.19,11.049,6.5235,14.765,-14.047,-1984.0,-1912.9,-1601.2,0.0,0.0,30.873,0.0,6.5235,0.0,-1971.76,0.1662,20.0,-1897.17,0.1677,20.0,-1780.05,0.1703,20.0,-1644.7,0.1732,20.0,-1608.99,0.1739,20.0,-1603.04,0.1741,20.0,-1602.35,0.1741,20.0,-1602.07,0.1894,20.0,-1601.87,0.2633,20.0
129,2023-05-10,0.0,0.32512,3.225,17.25,10.9427083333333,0.0,0.32512,1.0186e-09,0.0,-3.9132e-05,11.19,11.374,6.5235,14.765,-14.047,-1977.5,-1909.6,-1601.2,0.0,0.0,30.873,0.0,6.5235,0.0,-1966.03,0.1663,20.0,-1894.73,0.1678,20.0,-1780.99,0.1702,20.0,-1646.28,0.1731,20.0,-1609.47,0.1739,20.0,-1603.06,0.1741,20.0,-1602.36,0.1741,20.0,-1602.07,0.1894,20.0,-1601.87,0.2633,20.0
130,2023-05-11,0.1105,0.2286,5.325,15.625,10.3104166666667,0.0,0.2286,-5.457e-11,0.0,-3.9141e-05,11.19,11.603,6.5235,14.765,-14.047,-1971.5,-1906.5,-1601.2,0.0,0.0,30.873,0.0,6.5235,0.0,-1960.97,0.1664,20.0,-1892.34,0.1678,20.0,-1781.83,0.1702,20.0,-1647.84,0.1731,20.0,-1609.96,0.1739,20.0,-1603.08,0.1741,20.0,-1602.36,0.1741,20.0,-1602.07,0.1894,20.0,-1601.87,0.2633,20.0
131,2023-05-12,0.0068,0.29972,2.25,20.025,11.2541666666667,0.0,0.29972,-7.3233e-09,0.0,-3.9136e-05,11.19,11.902,6.5235,14.765,-14.047,-1966.1,-1903.6,-1601.2,0.0,0.0,30.873,0.0,6.5235,0.0,-1956.2,0.1665,20.0,-1890.0,0.1679,20.0,-1782.58,0.1702,20.0,-1649.38,0.1731,20.0,-1610.46,0.1739,20.0,-1603.11,0.174,20.0,-1602.36,0.1741,20.0,-1602.07,0.1894,20.0,-1601.87,0.2633,20.0
132,2023-05-13,0.0,0.18288,4.425,15.375,11.121875,0.0,0.18288,5.8899e-09,0.0,-3.914e-05,11.19,12.085,6.5235,14.765,-14.047,-1961.8,-1900.9,-1601.2,0.0,0.0,30.873,0.0,6.5235,0.0,-1951.78,0.1666,20.0,-1887.72,0.1679,20.0,-1783.24,0.1702,20.0,-1650.88,0.173,20.0,-1610.98,0.1739,20.0,-1603.13,0.174,20.0,-1602.36,0.1741,20.0,-1602.07,0.1894,20.0,-1601.87,0.2633,20.0
133,2023-05-14,0.0,0.21336,6.3,18.9,12.278125,0.0,0.21336,4.3001e-09,0.0,-3.913e-05,11.19,12.299,6.5235,14.765,-14.047,-1957.8,-1898.2,-1601.2,0.0,0.0,30.873,0.0,6.5235,0.0,-1947.62,0.1667,20.0,-1885.51,0.168,20.0,-1783.81,0.1702,20.0,-1652.35,0.173,20.0,-1611.51,0.1739,20.0,-1603.16,0.174,20.0,-1602.36,0.1741,20.0,-1602.07,0.1894,20.0,-1601.87,0.2633,20.0
134,2023-05-15,0.0,0.42926,6.0,24.85,15.95,0.0,0.42926,-2.9613e-09,0.0,-3.9125e-05,11.19,12.728,6.5235,14.765,-14.047,-1953.8,-1895.7,-1601.2,0.0,0.0,30.873,0.0,6.5235,0.0,-1943.62,0.1667,20.0,-1883.35,0.168,20.0,-1784.32,0.1702,20.0,-1653.8,0.173,20.0,-1612.05,0.1739,20.0,-1603.19,0.174,20.0,-1602.36,0.1741,20.0,-1602.07,0.1894,20.0,-1601.87,0.2633,20.0
135,2023-05-16,0.0017,0.51816,13.125,26.95,18.9208333333333,0.0,0.51816,1.648e-09,0.0,-3.9139e-05,11.19,13.246,6.5235,14.765,-14.047,-1949.7,-1893.2,-1601.2,0.0,0.0,30.873,0.0,6.5235,0.0,-1939.75,0.1668,20.0,-1881.26,0.1681,20.0,-1784.76,0.1702,20.0,-1655.21,0.1729,20.0,-1612.6,0.1738,20.0,-1603.23,0.174,20.0,-1602.36,0.1741,20.0,-1602.07,0.1894,20.0,-1601.87,0.2633,20.0
136,2023-05-17,0.1327,0.18542,6.85,15.725,11.4177083333333,0.0,0.18542,-1.5098e-09,0.0,-3.9124e-05,11.19,13.432,6.5235,14.765,-14.047,-1945.8,-1890.8,-1601.3,0.0,0.0,30.873,0.0,6.5235,0.0,-1935.97,0.1669,20.0,-1879.22,0.1681,20.0,-1785.14,0.1701,20.0,-1656.59,0.1729,20.0,-1613.16,0.1738,20.0,-1603.27,0.174,20.0,-1602.36,0.1741,20.0,-1602.07,0.1894,20.0,-1601.87,0.2633,20.0
137,2023-05-18,0.0051,0.33528,2.475,20.725,11.7791666666667,0.0,0.33528,-5.7771e-09,0.0,-3.9138e-05,11.19,13.767,6.5235,14.765,-14.047,-1941.9,-1888.4,-1601.3,0.0,0.0,30.873,0.0,6.5235,0.0,-1932.3,0.167,20.0,-1877.23,0.1682,20.0,-1785.46,0.1701,20.0,-1657.94,0.1729,20.0,-1613.73,0.1738,20.0,-1603.31,0.174,20.0,-1602.36,0.1741,20.0,-1602.07,0.1894,20.0,-1601.87,0.2633,20.0
138,2023-05-19,0.0,0.42672,2.825,26.675,15.3260416666667,0.0,0.42672,-8.2073e-09,0.0,-3.9128e-05,11.19,14.194,6.5235,14.765,-14.047,-1938.0,-1886.1,-1601.3,0.0,0.0,30.873,0.0,6.5235,0.0,-1928.73,0.1671,20.0,-1875.29,0.1682,20.0,-1785.73,0.1701,20.0,-1659.27,0.1728,20.0,-1614.31,0.1738,20.0,-1603.35,0.174,20.0,-1602.36,0.1741,20.0,-1602.07,0.1894,20.0,-1601.87,0.2633,20.0
139,2023-05-20,0.0,0.4064,8.9,26.5,18.53125,0.0,0.4064,-1.517e-09,0.0,-3.9138e-05,11.19,14.6,6.5235,14.765,-14.047,-1934.3,-1883.9,-1601.3,0.0,0.0,30.873,0.0,6.5235,0.0,-1925.25,0.1671,20.0,-1873.4,0.1683,20.0,-1785.96,0.1701,20.0,-1660.56,0.1728,20.0,-1614.89,0.1738,20.0,-1603.4,0.174,20.0,-1602.36,0.1741,20.0,-1602.07,0.1894,20.0,-1601.87,0.2633,20.0
140,2023-05-21,0.0,0.4445,9.325,29.55,19.6916666666667,0.0,0.4445,7.065e-09,0.0,-3.9127e-05,11.19,15.044,6.5235,14.765,-14.048,-1930.7,-1881.7,-1601.3,0.0,0.0,30.873,0.0,6.5235,0.0,-1921.86,0.1672,20.0,-1871.54,0.1683,20.0,-1786.14,0.1701,20.0,-1661.82,0.1728,20.0,-1615.48,0.1738,20.0,-1603.45,0.174,20.0,-1602.36,0.1741,20.0,-1602.08,0.1894,20.0,-1601.87,0.2633,20.0
141,2023-05-22,0.6886,0.35052,10.125,22.5,16.721875,0.0,0.35052,-2.7831e-09,0.0,-3.9136e-05,11.19,15.395,6.5235,14.765,-14.048,-1927.2,-1879.5,-1601.3,0.0,0.0,30.873,0.0,6.5235,0.0,-1918.57,0.1673,20.0,-1869.71,0.1683,20.0,-1786.28,0.1701,20.0,-1663.05,0.1728,20.0,-1616.07,0.1738,20.0,-1603.5,0.174,20.0,-1602.37,0.1741,20.0,-1602.08,0.1894,20.0,-1601.86,0.2633,20.0
142,2023-05-23,0.0,0.40894,6.175,21.575,14.3166666666667,0.0,0.40894,4.944e-09,0.0,-3.9132e-05,11.19,15.804,6.5235,14.765,-14.048,-1923.7,-1877.4,-1601.3,0.0,0.0,30.873,0.0,6.5235,0.0,-1915.36,0.1674,20.0,-1867.92,0.1684,20.0,-1786.39,0.1701,20.0,-1664.25,0.1727,20.0,-1616.67,0.1738,20.0,-1603.56,0.174,20.0,-1602.37,0.1741,20.0,-1602.08,0.1894,20.0,-1601.86,0.2633,20.0
143,2023-05-24,0.0578,0.2794,9.5,20.725,14.33125,0.0,0.2794,-3.0886e-09,0.0,-3.9126e-05,11.19,16.083,6.5235,14.765,-14.048,-1920.4,-1875.3,-1601.3,0.0,0.0,30.873,0.0,6.5235,0.0,-1912.24,0.1674,20.0,-1866.17,0.1684,20.0,-1786.46,0.1701,20.0,-1665.43,0.1727,20.0,-1617.28,0.1737,20.0,-1603.62,0.174,20.0,-1602.37,0.1741,20.0,-1602.08,0.1894,20.0,-1601.86,0.2633,20.0
144,2023-05-25,0.1445,0.14732,10.4,15.825,12.5489583333333,0.0,0.14732,3.9545e-09,0.0,-3.9131e-05,11.19,16.231,6.5235,14.765,-14.048,-1917.1,-1873.3,-1601.3,0.0,0.0,30.873,0.0,6.5235,0.0,-1909.21,0.1675,20.0,-1864.44,0.1684,20.0,-1786.5,0.1701,20.0,-1666.57,0.1727,20.0,-1617.88,0.1737,20.0,-1603.69,0.174,20.0,-1602.37,0.1741,20.0,-1602.08,0.1894,20.0,-1601.86,0.2633,20.0
145,2023-05-26,0.1394,0.11938,10.425,14.8,12.3583333333333,0.0,0.11938,2.0373e-09,0.0,-3.913e-05,11.19,16.35,6.5235,14.765,-14.048,-1914.0,-1871.3,-1601.3,0.0,0.0,30.873,0.0,6.5235,0.0,-1906.25,0.1676,20.0,-1862.73,0.1685,20.0,-1786.51,0.1701,20.0,-1667.69,0.1727,20.0,-1618.49,0.1737,20.0,-1603.76,0.174,20.0,-1602.37,0.1741,20.0,-1602.08,0.1894,20.0,-1601.86,0.2633,20.0
146,2023-05-27,1.7901,0.10922,9.75,12.975,11.4697916666667,0.0,0.10922,4.3656e-09,0.0,-3.913e-05,11.19,16.459,6.5235,14.765,-14.048,-1910.9,-1869.4,-1601.3,0.0,0.0,30.873,0.0,6.5235,0.0,-1903.37,0.1676,20.0,-1861.06,0.1685,20.0,-1786.49,0.1701,20.0,-1668.78,0.1726,20.0,-1619.1,0.1737,20.0,-1603.83,0.174,20.0,-1602.37,0.1741,20.0,-1602.08,0.1894,20.0,-1601.86,0.2633,20.0
147,2023-05-28,0.1819,0.37846,8.75,23.6,15.5322916666667,0.0,0.37846,7.2614e-09,0.0,-3.9125e-05,11.19,16.838,6.5235,14.765,-14.048,-1907.9,-1867.5,-1601.3,0.0,0.0,30.873,0.0,6.5235,0.0,-1900.57,0.1677,20.0,-1859.41,0.1686,20.0,-1786.44,0.1701,20.0,-1669.84,0.1726,20.0,-1619.71,0.1737,20.0,-1603.91,0.174,20.0,-1602.37,0.1741,20.0,-1602.08,0.1894,20.0,-1601.86,0.2633,20.0
148,2023-05-29,0.0374,0.44196,10.375,22.775,16.4135416666667,0.0,0.44196,3.8162e-09,0.0,-3.9125e-05,11.19,17.28,6.5235,14.765,-14.048,-1905.0,-1865.6,-1601.3,0.0,0.0,30.873,0.0,6.5235,0.0,-1897.84,0.1677,20.0,-1857.79,0.1686,20.0,-1786.37,0.1701,20.0,-1670.88,0.1726,20.0,-1620.33,0.1737,20.0,-1603.99,0.174,20.0,-1602.37,0.1741,20.0,-1602.08,0.1894,20.0,-1601.86,0.2633,20.0
149,2023-05-30,0.0,0.44958,9.5,25.775,17.7614583333333,0.0,0.44958,-4.8003e-09,0.0,-3.9125e-05,11.19,17.729,6.5235,14.765,-14.048,-1902.2,-1863.8,-1601.3,0.0,0.0,30.873,0.0,6.5235,0.0,-1895.18,0.1678,20.0,-1856.2,0.1686,20.0,-1786.28,0.1701,20.0,-1671.89,0.1726,20.0,-1620.94,0.1737,20.0,-1604.07,0.174,20.0,-1602.37,0.1741,20.0,-1602.08,0.1894,20.0,-1601.86,0.2633,20.0
150,2023-05-31,0.017,0.33528,6.725,26.0,15.9875,0.0,0.33528,-7.4615e-09,0.0,-3.9129e-05,11.19,18.064,6.5235,14.765,-14.048,-1899.4,-1862.0,-1601.3,0.0,0.0,30.873,0.0,6.5235,0.0,-1892.59,0.1678,20.0,-1854.62,0.1687,20.0,-1786.16,0.1701,20.0,-1672.88,0.1726,20.0,-1621.56,0.1737,20.0,-1604.16,0.174,20.0,-1602.38,0.1741,20.0,-1602.08,0.1894,20.0,-1601.86,0.2633,20.0
151,2023-06-01,0.0085,0.26162,8.35,20.425,14.171875,0.0,0.26162,2.9577e-09,0.0,-3.9129e-05,11.19,18.326,6.5235,14.765,-14.048,-1896.8,-1860.2,-1601.3,0.0,0.0,30.873,0.0,6.5235,0.0,-1890.06,0.1679,20.0,-1853.08,0.1687,20.0,-1786.02,0.1701,20.0,-1673.84,0.1725,20.0,-1622.17,0.1736,20.0,-1604.25,0.174,20.0,-1602.38,0.1741,20.0,-1602.08,0.1894,20.0,-1601.86,0.2633,20.0
152,2023-06-02,0.7684,0.10414,11.1,13.225,12.0458333333333,0.0,0.10414,6.8849e-09,0.0,-3.9129e-05,11.19,18.43,6.5235,14.765,-14.048,-1894.1,-1797.6,-1601.3,0.0,0.0,30.872,0.0,6.5235,0.0,-1887.6,0.168,20.0,-1851.55,0.1687,20.0,-1785.87,0.1701,20.0,-1674.77,0.1725,20.0,-1622.78,0.1736,20.0,-1604.35,0.174,20.0,-1602.38,0.1741,20.0,-1602.08,0.1894,20.0,-1601.86,0.2633,20.0
153,2023-06-03,0.6732,0.1905,8.7,14.75,12.2625,0.0,0.1905,-3.0977e-09,0.0,-3.9129e-05,11.19,18.621,6.5235,14.765,-14.048,-1891.6,-1797.0,-1601.3,0.0,0.0,30.872,0.0,6.5235,0.0,-1885.2,0.168,20.0,-1850.05,0.1688,20.0,-1785.69,0.1701,20.0,-1675.68,0.1725,20.0,-1623.4,0.1736,20.0,-1604.45,0.174,20.0,-1602.38,0.1741,20.0,-1602.08,0.1894,20.0,-1601.86,0.2633,20.0
154,2023-06-04,0.0153,0.41656,5.925,23.65,15.775,0.0,0.41656,-8.0672e-09,0.0,-3.9123e-05,11.19,19.037,6.5235,14.765,-14.048,-1889.1,-1796.4,-1601.3,0.0,0.0,30.872,0.0,6.5235,0.0,-1882.86,0.1681,20.0,-1848.58,0.1688,20.0,-1785.5,0.1701,20.0,-1676.57,0.1725,20.0,-1624.01,0.1736,20.0,-1604.55,0.174,20.0,-1602.38,0.1741,20.0,-1602.08,0.1894,20.0,-1601.86,0.2633,20.0
155,2023-06-05,0.017,0.37592,10.2,25.875,17.9572916666667,0.0,0.37592,-9.9553e-09,0.0,-3.9133e-05,11.19,19.413,6.5235,14.765,-14.048,-1886.7,-1795.8,-1601.3,0.0,0.0,30.872,0.0,6.5235,0.0,-1880.57,0.1681,20.0,-1847.12,0.1688,20.0,-1785.3,0.1701,20.0,-1677.44,0.1725,20.0,-1624.61,0.1736,20.0,-1604.66,0.174,20.0,-1602.38,0.1741,20.0,-1602.08,0.1894,20.0,-1601.86,0.2633,20.0
156,2023-06-06,0.0017,0.32258,9.85,21.75,15.0395833333333,0.0,0.32258,-4.7348e-09,0.0,-3.9133e-05,11.19,19.736,6.5235,14.765,-14.048,-1884.4,-1795.1,-1601.3,0.0,0.0,30.872,0.0,6.5235,0.0,-1878.35,0.1681,20.0,-1845.69,0.1688,20.0,-1785.07,0.1701,20.0,-1678.28,0.1724,20.0,-1625.22,0.1736,20.0,-1604.77,0.174,20.0,-1602.38,0.1741,20.0,-1602.08,0.1894,20.0,-1601.86,0.2633,20.0
157,2023-06-07,0.0034,0.4191,7.425,26.35,17.7479166666667,0.0,0.4191,-5.457e-10,0.0,-3.9133e-05,11.19,20.155,6.5235,14.765,-14.048,-1882.1,-1794.5,-1601.3,0.0,0.0,30.872,0.0,6.5235,0.0,-1876.17,0.1682,20.0,-1844.28,0.1689,20.0,-1784.84,0.1702,20.0,-1679.11,0.1724,20.0,-1625.83,0.1736,20.0,-1604.88,0.174,20.0,-1602.38,0.1741,20.0,-1602.08,0.1894,20.0,-1601.86,0.2633,20.0
158,2023-06-08,1.123,0.28448,10.95,23.25,17.1291666666667,0.0,0.28448,6.3537e-09,0.0,-3.9132e-05,11.19,20.439,6.5235,14.765,-14.048,-1879.8,-1793.9,-1601.4,0.0,0.0,30.872,0.0,6.5235,0.0,-1874.04,0.1682,20.0,-1842.89,0.1689,20.0,-1784.59,0.1702,20.0,-1679.91,0.1724,20.0,-1626.43,0.1735,20.0,-1605.0,0.174,20.0,-1602.39,0.1741,20.0,-1602.08,0.1894,20.0,-1601.86,0.2633,20.0
159,2023-06-09,0.5614,0.19304,13.25,19.575,15.8625,0.0,0.19304,-7.0431e-09,0.0,-3.9132e-05,11.19,20.632,6.5235,14.765,-14.048,-1877.7,-1793.4,-1601.4,0.0,0.0,30.872,0.0,6.5235,0.0,-1871.97,0.1683,20.0,-1841.52,0.1689,20.0,-1784.33,0.1702,20.0,-1680.69,0.1724,20.0,-1627.03,0.1735,20.0,-1605.12,0.174,20.0,-1602.39,0.1741,20.0,-1602.08,0.1894,20.0,-1601.85,0.2633,20.0
160,2023-06-10,0.0238,0.24638,11.4,20.7,15.959375,0.0,0.24638,-9.4587e-10,0.0,-3.9133e-05,11.19,20.879,6.5235,14.765,-14.048,-1875.5,-1792.8,-1601.4,0.0,0.0,30.872,0.0,6.5235,0.0,-1869.94,0.1683,20.0,-1840.17,0.169,20.0,-1784.05,0.1702,20.0,-1681.45,0.1724,20.0,-1627.62,0.1735,20.0,-1605.24,0.174,20.0,-1602.39,0.1741,20.0,-1602.08,0.1894,20.0,-1601.85,0.2633,20.0
161,2023-06-11,0.0136,0.41148,8.85,23.425,16.7239583333333,0.0,0.41148,-5.306e-09,0.0,-3.9126e-05,11.19,21.29,6.5235,14.765,-14.048,-1873.4,-1792.2,-1601.4,0.0,0.0,30.872,0.0,6.5235,0.0,-1867.96,0.1684,20.0,-1838.85,0.169,20.0,-1783.77,0.1702,20.0,-1682.19,0.1724,20.0,-1628.21,0.1735,20.0,-1605.37,0.174,20.0,-1602.39,0.1741,20.0,-1602.08,0.1894,20.0,-1601.85,0.2633,20.0
162,2023-06-12,0.0102,0.41402,9.95,24.225,17.5041666666667,0.0,0.41402,-1.1405e-09,0.0,-3.9131e-05,11.19,21.704,6.5235,14.765,-14.048,-1871.4,-1791.6,-1601.4,0.0,0.0,30.872,0.0,6.5235,0.0,-1866.02,0.1684,20.0,-1837.54,0.169,20.0,-1783.47,0.1702,20.0,-1682.91,0.1723,20.0,-1628.8,0.1735,20.0,-1605.5,0.174,20.0,-1602.39,0.1741,20.0,-1602.08,0.1894,20.0,-1601.85,0.2633,20.0
163,2023-06-13,0.0051,0.46482,7.65,26.175,17.7364583333333,0.0,0.46482,5.9335e-09,0.0,-3.9131e-05,11.19,22.169,6.5235,14.765,-14.048,-1869.4,-1791.0,-1601.4,0.0,0.0,30.872,0.0,6.5235,0.0,-1864.12,0.1685,20.0,-1836.25,0.1691,20.0,-1783.17,0.1702,20.0,-1683.61,0.1723,20.0,-1629.39,0.1735,20.0,-1605.64,0.174,20.0,-1602.4,0.1741,20.0,-1602.08,0.1894,20.0,-1601.85,0.2633,20.0
164,2023-06-14,0.0,0.44958,8.75,19.225,16.26875,0.0,0.44958,-1.5316e-09,0.0,-3.9116e-05,11.19,22.619,6.5235,14.765,-14.049,-1867.5,-1790.4,-1601.4,0.0,0.0,30.872,0.0,6.5235,0.0,-1862.27,0.1685,20.0,-1834.99,0.1691,20.0,-1782.86,0.1702,20.0,-1684.29,0.1723,20.0,-1629.97,0.1735,20.0,-1605.78,0.174,20.0,-1602.4,0.1741,20.0,-1602.08,0.1894,20.0,-1601.85,0.2633,20.0
165,2023-06-15,0.0,0.26924,5.1,17.1,11.3458333333333,0.0,0.26924,-5.0277e-09,0.0,-3.9125e-05,11.19,22.888,6.5235,14.765,-14.049,-1865.6,-1789.8,-1601.4,0.0,0.0,30.872,0.0,6.5235,0.0,-1860.46,0.1685,20.0,-1833.74,0.1691,20.0,-1782.54,0.1702,20.0,-1684.96,0.1723,20.0,-1630.54,0.1735,20.0,-1605.92,0.174,20.0,-1602.4,0.1741,20.0,-1602.08,0.1894,20.0,-1601.85,0.2633,20.0
166,2023-06-16,0.0119,0.4318,3.15,23.3,13.9916666666667,0.0,0.4318,-4.1036e-09,0.0,-3.9126e-05,11.19,23.32,6.5235,14.765,-14.049,-1863.7,-1789.3,-1601.4,0.0,0.0,30.872,0.0,6.5235,0.0,-1858.69,0.1686,20.0,-1832.51,0.1691,20.0,-1782.21,0.1702,20.0,-1685.6,0.1723,20.0,-1631.12,0.1734,20.0,-1606.06,0.174,20.0,-1602.4,0.1741,20.0,-1602.09,0.1894,20.0,-1601.85,0.2633,20.0
167,2023-06-17,0.068,0.3937,10.05,22.15,15.9583333333333,0.0,0.3937,1.728e-09,0.0,-3.913e-05,11.19,23.713,6.5235,14.765,-14.049,-1861.9,-1788.7,-1601.4,0.0,0.0,30.872,0.0,6.5235,0.0,-1856.95,0.1686,20.0,-1831.29,0.1692,20.0,-1781.88,0.1702,20.0,-1686.23,0.1723,20.0,-1631.68,0.1734,20.0,-1606.21,0.174,20.0,-1602.41,0.1741,20.0,-1602.09,0.1894,20.0,-1601.85,0.2633,20.0
168,2023-06-18,0.2451,0.34036,5.15,18.225,12.6614583333333,0.0,0.34036,-6.0554e-09,0.0,-3.9125e-05,11.19,24.054,6.5235,14.765,-14.049,-1860.1,-1788.1,-1601.4,0.0,0.0,30.872,0.0,6.5235,0.0,-1855.25,0.1686,20.0,-1830.1,0.1692,20.0,-1781.54,0.1702,20.0,-1686.85,0.1723,20.0,-1632.25,0.1734,20.0,-1606.36,0.174,20.0,-1602.41,0.1741,20.0,-1602.09,0.1894,20.0,-1601.85,0.2633,20.0
169,2023-06-19,0.0,0.4699,5.55,17.625,11.7541666666667,0.0,0.4699,-8.2109e-09,0.0,-3.9115e-05,11.19,24.524,6.5235,14.765,-14.049,-1858.4,-1787.6,-1601.4,0.0,0.0,30.872,0.0,6.5235,0.0,-1853.59,0.1687,20.0,-1828.93,0.1692,20.0,-1781.19,0.1702,20.0,-1687.45,0.1722,20.0,-1632.81,0.1734,20.0,-1606.51,0.174,20.0,-1602.41,0.1741,20.0,-1602.09,0.1894,20.0,-1601.85,0.2633,20.0
170,2023-06-20,0.0,0.4445,4.825,18.9,11.8979166666667,0.0,0.4445,4.2237e-09,0.0,-3.912e-05,11.19,24.968,6.5235,14.765,-14.049,-1856.7,-1787.0,-1601.4,0.0,0.0,30.872,0.0,6.5235,0.0,-1851.96,0.1687,20.0,-1827.77,0.1692,20.0,-1780.84,0.1702,20.0,-1688.03,0.1722,20.0,-1633.36,0.1734,20.0,-1606.67,0.174,20.0,-1602.41,0.1741,20.0,-1602.09,0.1894,20.0,-1601.85,0.2633,20.0
171,2023-06-21,0.0289,0.34798,0.75,18.575,10.0989583333333,0.0,0.34798,7.0631e-09,0.0,-3.9115e-05,11.19,25.316,6.5235,14.765,-14.049,-1855.1,-1786.5,-1601.4,0.0,0.0,30.872,0.0,6.5235,0.0,-1850.36,0.1687,20.0,-1826.63,0.1693,20.0,-1780.49,0.1702,20.0,-1688.59,0.1722,20.0,-1633.91,0.1734,20.0,-1606.82,0.174,20.0,-1602.42,0.1741,20.0,-1602.09,0.1894,20.0,-1601.85,0.2633,20.0
172,2023-06-22,0.0051,0.4064,1.225,21.425,12.753125,0.0,0.4064,1.6698e-09,0.0,-3.9115e-05,11.19,25.723,6.5235,14.765,-14.049,-1853.4,-1785.9,-1601.4,0.0,0.0,30.872,0.0,6.5235,0.0,-1848.8,0.1688,20.0,-1825.5,0.1693,20.0,-1780.13,0.1703,20.0,-1689.14,0.1722,20.0,-1634.46,0.1734,20.0,-1606.98,0.174,20.0,-1602.42,0.1741,20.0,-1602.09,0.1894,20.0,-1601.85,0.2633,20.0
173,2023-06-23,0.4835,0.32004,4.275,23.925,13.8770833333333,0.0,0.32004,2.1573e-09,0.0,-3.9119e-05,11.19,26.043,6.5235,14.765,-14.049,-1851.8,-1785.4,-1601.4,0.0,0.0,30.872,0.0,6.5235,0.0,-1847.27,0.1688,20.0,-1824.39,0.1693,20.0,-1779.76,0.1703,20.0,-1689.68,0.1722,20.0,-1635.0,0.1734,20.0,-1607.15,0.174,20.0,-1602.42,0.1741,20.0,-1602.09,0.1894,20.0,-1601.85,0.2633,20.0
174,2023-06-24,0.0204,0.40132,9.65,24.3,16.6302083333333,0.0,0.40132,-6.1773e-09,0.0,-3.9125e-05,11.19,26.444,6.5235,14.765,-14.049,-1850.3,-1784.8,-1601.4,0.0,0.0,30.872,0.0,6.5235,0.0,-1845.76,0.1688,20.0,-1823.3,0.1693,20.0,-1779.4,0.1703,20.0,-1690.2,0.1722,20.0,-1635.53,0.1734,20.0,-1607.31,0.174,20.0,-1602.43,0.1741,20.0,-1602.09,0.1894,20.0,-1601.85,0.2633,20.0
175,2023-06-25,0.5101,0.34036,6.85,25.475,15.0083333333333,-2.1611,0.34036,-2.1611,0.29097,-3.9095e-05,9.0289,26.784,4.3624,14.951,-14.049,-49.135,-731.8,-1601.4,0.0,0.0,32.852,2.1611,6.5235,0.0,-59.42,0.379,20.0,-97.65,0.3462,20.0,-386.0,0.2469,20.0,-1690.71,0.1722,20.0,-1636.06,0.1733,20.0,-1607.48,0.174,20.0,-1602.43,0.1741,20.0,-1602.09,0.1894,20.0,-1601.85,0.2633,20.0
176,2023-06-26,0.0102,0.43942,7.55,25.375,16.71875,-1.6612,0.43942,-1.6612,0.43914,-3.91e-05,7.3677,27.224,2.7012,15.372,-14.049,-45.429,-159.06,-1601.4,0.0,0.0,34.098,3.8223,6.5235,0.0,-51.29,0.3875,20.0,-67.33,0.3715,20.0,-105.2,0.3411,20.0,-1541.75,0.1755,20.0,-1636.59,0.1733,20.0,-1607.65,0.174,20.0,-1602.43,0.1741,20.0,-1602.09,0.1894,20.0,-1601.85,0.2633,20.0
177,2023-06-27,0.3195,0.34036,7.675,24.625,16.1354166666667,-1.9705,0.34036,-1.9705,0.34036,-3.91e-05,5.3972,27.564,0.73068,15.712,-14.049,-30.63,-59.185,-1601.4,0.0,0.0,35.722,5.7928,6.5235,0.0,-33.64,0.4072,20.0,-41.27,0.3984,20.0,-55.69,0.3829,20.0,-154.27,0.3123,20.0,-1636.91,0.1733,20.0,-1607.82,0.1739,20.0,-1602.43,0.1741,20.0,-1602.09,0.1894,20.0,-1601.85,0.2633,20.0
178,2023-06-28,0.6885,0.35052,10.85,22.875,16.246875,0.0,0.35052,-5.2154e-08,0.35052,-3.9133e-05,5.3972,27.915,0.73068,16.062,-14.049,-115.39,-117.49,-1601.4,0.0,0.0,35.372,5.7928,6.5235,0.0,-114.04,0.3351,20.0,-112.59,0.3361,20.0,-114.15,0.335,20.0,-147.87,0.3155,20.0,-682.85,0.2137,20.0,-1608.0,0.1739,20.0,-1602.44,0.1741,20.0,-1602.09,0.1894,20.0,-1601.85,0.2633,20.0
179,2023-06-29,0.0051,0.4699,9.825,28.45,19.3947916666667,-3.3071,0.4699,-3.3071,0.4699,-3.9109e-05,2.0901,28.385,-2.5764,16.532,-14.049,-13.074,-24.585,-1601.4,0.0,0.0,38.219,9.0999,6.5235,0.0,-14.51,0.4295,20.0,-18.01,0.4256,20.0,-24.13,0.4184,20.0,-50.18,0.3886,20.0,-188.86,0.2972,20.0,-1608.18,0.1739,20.0,-1602.45,0.1741,20.0,-1602.09,0.1894,20.0,-1601.85,0.2633,20.0
180,2023-06-30,0.0,0.46482,12.425,30.125,22.1291666666667,0.0,0.46482,-4.3958e-07,0.46482,-3.9138e-05,2.0901,28.849,-2.5764,16.997,-14.049,-91.098,-84.531,-1601.4,0.0,0.0,37.754,9.0999,6.5235,0.0,-89.43,0.3526,20.0,-86.12,0.3553,20.0,-82.77,0.358,20.0,-84.91,0.3562,20.0,-119.41,0.3314,20.0,-1606.34,0.174,20.0,-1602.45,0.1741,20.0,-1602.09,0.1894,20.0,-1601.85,0.2633,20.0
181,2023-07-01,0.0,0.58928,14.4,31.125,22.9822916666667,-3.302,0.58928,-3.302,0.58928,-3.9104e-05,-1.2119,29.439,-5.8784,17.586,-14.049,-11.325,-18.615,-1601.4,0.0,0.0,40.475,12.402,6.5235,0.0,-12.4,0.4318,20.0,-14.85,0.4291,20.0,-18.71,0.4248,20.0,-31.59,0.4096,20.0,-64.22,0.3745,20.0,-844.33,0.2026,20.0,-1602.46,0.1741,20.0,-1602.09,0.1894,20.0,-1601.85,0.2633,20.0
182,2023-07-02,0.0,0.44958,8.7,27.4,19.7010416666667,0.0,0.44958,-3.1665e-07,0.44958,-3.91e-05,-1.2119,29.888,-5.8784,18.036,-14.049,-76.627,-69.33,-1601.4,0.0,0.0,40.006,12.402,6.5235,0.0,-74.85,0.3645,20.0,-71.73,0.3674,20.0,-68.6,0.3703,20.0,-66.56,0.3722,20.0,-74.97,0.3644,20.0,-189.14,0.297,20.0,-1602.46,0.1741,20.0,-1602.09,0.1894,20.0,-1601.85,0.2633,20.0
183,2023-07-03,0.8263,0.37592,8.675,23.075,14.9052083333333,-2.4773,0.37592,-2.4773,0.37592,-3.9104e-05,-3.6892,30.264,-8.3557,18.412,-14.049,-15.902,-28.504,-1601.4,0.0,0.0,42.1,14.879,6.5235,0.0,-16.9,0.4268,20.0,-19.23,0.4241,20.0,-22.84,0.4199,20.0,-33.67,0.4071,20.0,-53.31,0.3854,20.0,-138.28,0.3208,20.0,-1602.47,0.1741,20.0,-1602.09,0.1894,20.0,-1601.85,0.2633,20.0
184,2023-07-04,0.0102,0.29972,7.075,18.65,12.45,0.0,0.29972,-2.3842e-07,0.29972,-3.9135e-05,-3.6892,30.564,-8.3557,18.712,-14.049,-69.126,-61.461,-1601.4,0.0,0.0,41.787,14.879,6.5235,0.0,-67.3,0.3716,20.0,-64.18,0.3745,20.0,-61.18,0.3773,20.0,-58.83,0.3796,20.0,-63.22,0.3754,20.0,-101.32,0.3437,20.0,-1602.48,0.1741,20.0,-1602.09,0.1894,20.0,-1601.85,0.2633,20.0
185,2023-07-05,0.0,0.3937,4.425,25.325,14.9354166666667,0.0,0.3937,-1.3039e-07,0.3937,-3.9109e-05,-3.6892,30.958,-8.3557,19.105,-14.049,-98.724,-86.947,-1601.4,0.0,0.0,41.409,14.879,6.5235,0.0,-96.92,0.3467,20.0,-93.26,0.3495,20.0,-88.76,0.3531,20.0,-82.06,0.3586,20.0,-81.64,0.3589,20.0,-106.66,0.3401,20.0,-1602.18,0.1741,20.0,-1602.09,0.1894,20.0,-1601.85,0.2633,20.0
186,2023-07-06,0.0,0.3937,7.475,26.875,17.6114583333333,0.0,0.3937,-1.7043e-07,0.3937,-3.913e-05,-3.6892,31.351,-8.3557,19.499,-14.049,-128.35,-111.34,-1601.4,0.0,0.0,41.016,14.879,6.5235,0.0,-126.58,0.3273,20.0,-122.01,0.3298,20.0,-115.34,0.3342,20.0,-103.6,0.3422,20.0,-98.87,0.3454,20.0,-117.09,0.333,20.0,-1578.55,0.1746,20.0,-1602.09,0.1894,20.0,-1601.85,0.2633,20.0
187,2023-07-07,0.0,0.41148,7.825,25.75,17.7020833333333,0.0,0.41148,1.9278e-07,0.41148,-3.9133e-05,-3.6892,31.763,-8.3557,19.911,-14.049,-162.1,-137.46,-1601.4,0.0,0.0,40.609,14.879,6.5235,0.0,-160.42,0.3096,20.0,-154.64,0.3121,20.0,-144.66,0.3173,20.0,-125.37,0.328,20.0,-115.21,0.3343,20.0,-128.77,0.3261,20.0,-1220.17,0.1852,20.0,-1602.09,0.1894,20.0,-1601.85,0.2633,20.0
188,2023-07-08,0.0,0.42672,7.15,28.65,18.55625,0.0,0.42672,4.3772e-08,0.42672,-3.9124e-05,-3.6892,32.189,-8.3557,20.337,-14.049,-204.22,-167.67,-1601.4,0.0,0.0,40.186,14.879,6.5235,0.0,-202.81,0.2921,20.0,-195.03,0.2948,20.0,-179.44,0.3013,20.0,-148.44,0.3152,20.0,-132.1,0.3243,20.0,-140.09,0.3199,20.0,-748.27,0.2086,20.0,-1602.09,0.1894,20.0,-1601.85,0.2633,20.0
189,2023-07-09,0.0,0.46482,9.525,32.1,20.8197916666667,0.0,0.46482,-6.333e-08,0.46482,-3.9136e-05,-3.6892,32.654,-8.3557,20.802,-14.05,-263.74,-205.98,-1601.4,0.0,0.0,39.733,14.879,6.5235,0.0,-263.1,0.2734,20.0,-251.29,0.2764,20.0,-224.66,0.2847,20.0,-174.77,0.3033,20.0,-148.46,0.3152,20.0,-151.33,0.3136,20.0,-543.52,0.2265,20.0,-1602.09,0.1894,20.0,-1601.85,0.2633,20.0
190,2023-07-10,0.0,0.4191,11.95,31.35,21.0125,0.0,0.4191,4.6566e-09,0.4191,-3.9119e-05,-3.6892,33.073,-8.3557,21.221,-14.05,-343.31,-252.04,-1601.4,0.0,0.0,39.291,14.879,6.5235,0.0,-343.89,0.255,20.0,-324.86,0.2587,20.0,-279.35,0.2692,20.0,-202.59,0.2922,20.0,-165.79,0.3072,20.0,-163.18,0.3084,20.0,-455.37,0.2369,20.0,-1602.08,0.1894,20.0,-1601.85,0.2633,20.0
191,2023-07-11,0.0,0.3302,10.675,25.05,17.6322916666667,0.0,0.3302,-1.6764e-08,0.3302,-3.9119e-05,-3.6892,33.404,-8.3557,21.551,-14.05,-434.38,-300.06,-1601.4,0.0,0.0,38.917,14.879,6.5235,0.0,-436.12,0.2397,20.0,-405.44,0.2441,20.0,-335.19,0.2567,20.0,-228.46,0.2834,20.0,-181.99,0.3001,20.0,-174.27,0.3035,20.0,-410.55,0.2434,20.0,-1602.0,0.1894,20.0,-1601.85,0.2633,20.0
192,2023-07-12,0.0,0.43434,9.325,29.675,19.7041666666667,0.0,0.43434,1.2107e-08,0.43393,-3.9129e-05,-3.6892,33.838,-8.3557,21.986,-14.05,-562.56,-364.24,-1601.4,0.0,0.0,38.534,14.879,6.5235,0.0,-573.56,0.2233,20.0,-524.56,0.2285,20.0,-408.77,0.2437,20.0,-257.8,0.2748,20.0,-197.98,0.2938,20.0,-184.5,0.299,20.0,-384.28,0.2472,20.0,-1601.64,0.1894,20.0,-1601.85,0.2633,20.0
193,2023-07-13,0.0902,0.3937,10.875,28.325,18.1260416666667,-1.3602,0.3937,-1.3602,0.3937,-3.9113e-05,-5.0494,34.232,-9.7159,22.379,-14.05,-69.573,-235.54,-1601.4,0.0,0.0,39.496,16.239,6.5235,0.0,-82.52,0.3582,20.0,-126.01,0.3277,20.0,-262.67,0.2735,20.0,-288.86,0.2667,20.0,-214.55,0.2881,20.0,-195.5,0.2946,20.0,-367.84,0.2504,20.0,-1600.82,0.1895,20.0,-1601.85,0.2633,20.0
194,2023-07-14,0.0,0.35306,8.625,26.925,17.66875,-1.27,0.35306,-1.27,0.35306,-3.9103e-05,-6.3194,34.585,-10.986,22.732,-14.05,-53.295,-153.66,-1601.4,0.0,0.0,40.408,17.509,6.5235,0.0,-58.97,0.3794,20.0,-74.18,0.3651,20.0,-105.19,0.341,20.0,-227.79,0.2837,20.0,-226.82,0.284,20.0,-206.72,0.2908,20.0,-358.39,0.2522,20.0,-1598.63,0.1895,20.0,-1601.85,0.2633,20.0
195,2023-07-15,0.0,0.41402,9.325,30.425,20.0177083333333,-1.27,0.41402,-1.27,0.41402,-3.912e-05,-7.5894,34.999,-12.256,23.146,-14.05,-44.689,-100.66,-1601.4,0.0,0.0,41.274,18.779,6.5235,0.0,-48.37,0.3905,20.0,-57.23,0.3812,20.0,-72.39,0.3668,20.0,-126.58,0.3274,20.0,-196.9,0.2941,20.0,-214.86,0.288,20.0,-353.3,0.2532,20.0,-1593.2,0.1896,20.0,-1601.85,0.2633,20.0
196,2023-07-16,0.0,0.4318,10.125,31.8,21.578125,-1.27,0.4318,-1.27,0.4318,-3.9134e-05,-8.8594,35.43,-13.526,23.578,-14.05,-40.024,-73.15,-1601.4,0.0,0.0,42.118,20.049,6.5235,0.0,-42.63,0.3969,20.0,-48.71,0.3901,20.0,-58.12,0.3803,20.0,-86.91,0.3546,20.0,-135.95,0.3222,20.0,-208.42,0.2902,20.0,-350.57,0.2537,20.0,-1580.49,0.1899,20.0,-1601.85,0.2633,20.0
197,2023-07-17,0.0102,0.46736,11.6,31.9,21.653125,-1.2802,0.46736,-1.2802,0.46736,-3.9116e-05,-10.14,35.898,-14.806,24.045,-14.05,-36.629,-59.285,-1601.4,0.0,0.0,42.943,21.33,6.5235,0.0,-38.77,0.4012,20.0,-43.41,0.396,20.0,-50.27,0.3885,20.0,-68.54,0.3704,20.0,-98.03,0.346,20.0,-175.97,0.3028,20.0,-348.37,0.2541,20.0,-1555.99,0.1904,20.0,-1601.85,0.2633,20.0
198,2023-07-18,0.0,0.4445,5.8,28.55,18.1614583333333,-2.54,0.4445,-2.54,0.4445,-3.9122e-05,-12.68,36.342,-17.346,24.49,-14.05,-15.378,-27.262,-1601.4,0.0,0.0,45.031,23.87,6.5235,0.0,-16.37,0.4274,20.0,-18.66,0.4248,20.0,-22.14,0.4208,20.0,-32.16,0.4089,20.0,-49.5,0.3893,20.0,-110.46,0.3375,20.0,-341.75,0.2554,20.0,-1516.44,0.1915,20.0,-1601.85,0.2633,20.0
199,2023-07-19,0.0,0.4191,5.7,27.475,18.4979166666667,0.0,0.4191,-3.2224e-07,0.4191,-3.9122e-05,-12.68,36.761,-17.346,24.909,-14.05,-70.951,-61.851,-1601.4,0.0,0.0,44.607,23.87,6.5235,0.0,-69.14,0.3698,20.0,-65.87,0.3729,20.0,-62.42,0.3761,20.0,-58.53,0.3799,20.0,-60.11,0.3783,20.0,-81.72,0.3588,20.0,-309.25,0.2617,20.0,-1456.15,0.1931,20.0,-1601.84,0.2633,20.0
200,2023-07-20,0.0,0.43942,6.725,31.125,21.0604166666667,-1.27,0.43942,-1.27,0.43942,-3.9108e-05,-13.95,37.201,-18.616,25.349,-14.05,-35.015,-48.798,-1601.4,0.0,0.0,45.442,25.14,6.5235,0.0,-36.82,0.4034,20.0,-40.63,0.3991,20.0,-45.38,0.3938,20.0,-54.35,0.3843,20.0,-62.57,0.376,20.0,-81.46,0.359,20.0,-241.22,0.2791,20.0,-1377.3,0.1954,20.0,-1601.84,0.2633,20.0
201,2023-07-21,0.0,0.47244,9.5,35.65,23.0864583333333,0.0,0.47244,2.6543e-07,0.47244,-3.9128e-05,-13.95,37.673,-18.616,25.821,-14.05,-85.747,-75.563,-1601.4,0.0,0.0,44.981,25.14,6.5235,0.0,-83.96,0.3569,20.0,-80.57,0.3597,20.0,-76.78,0.3628,20.0,-71.73,0.3674,20.0,-70.94,0.3682,20.0,-82.23,0.3585,20.0,-194.32,0.295,20.0,-1280.18,0.1981,20.0,-1601.83,0.2633,20.0
202,2023-07-22,0.0,0.46736,11.45,36.55,24.0,0.0,0.46736,1.3411e-07,0.46736,-3.9118e-05,-13.95,38.141,-18.616,26.288,-14.05,-117.78,-100.44,-1601.4,0.0,0.0,44.511,25.14,6.5235,0.0,-116.03,0.3337,20.0,-111.68,0.3367,20.0,-105.01,0.3412,20.0,-92.47,0.3501,20.0,-85.55,0.3557,20.0,-89.47,0.3525,20.0,-171.55,0.3047,20.0,-1139.11,0.203,20.0,-1601.8,0.2633,20.0
203,2023-07-23,0.0,0.45974,9.95,36.05,24.60625,0.0,0.45974,1.0245e-07,0.45974,-3.9128e-05,-13.95,38.6,-18.616,26.748,-14.05,-151.74,-125.91,-1601.4,0.0,0.0,44.047,25.14,6.5235,0.0,-150.08,0.3143,20.0,-144.42,0.3175,20.0,-134.11,0.3232,20.0,-113.04,0.3357,20.0,-100.07,0.3446,20.0,-98.86,0.3454,20.0,-161.99,0.3089,20.0,-929.4,0.2118,20.0,-1601.74,0.2633,20.0
204,2023-07-24,0.0,0.4699,12.925,36.925,24.6635416666667,0.0,0.4699,6.0536e-08,0.4699,-3.9118e-05,-13.95,39.07,-18.616,27.218,-14.05,-192.87,-154.53,-1601.4,0.0,0.0,43.583,25.14,6.5235,0.0,-191.43,0.296,20.0,-183.62,0.2994,20.0,-167.42,0.3065,20.0,-134.59,0.3229,20.0,-114.66,0.3346,20.0,-108.57,0.3388,20.0,-159.22,0.3101,20.0,-717.45,0.2242,20.0,-1601.62,0.2633,20.0
205,2023-07-25,0.0,0.46482,15.375,29.8,23.028125,0.0,0.46482,4.3772e-08,0.46482,-3.9123e-05,-13.95,39.535,-18.616,27.683,-14.05,-246.47,-188.34,-1601.4,0.0,0.0,43.115,25.14,6.5235,0.0,-245.46,0.2779,20.0,-233.66,0.2817,20.0,-207.41,0.2906,20.0,-157.36,0.3109,20.0,-129.23,0.3259,20.0,-117.79,0.3325,20.0,-160.05,0.3097,20.0,-564.9,0.2367,20.0,-1601.39,0.2633,20.0
206,2023-07-26,0.0,0.44958,10.725,30.1,20.25,0.0,0.44958,4.8429e-08,0.44958,-3.9127e-05,-13.95,39.985,-18.616,28.132,-14.05,-317.84,-228.87,-1601.4,0.0,0.0,42.658,25.14,6.5235,0.0,-317.8,0.2601,20.0,-298.6,0.2642,20.0,-255.35,0.2754,20.0,-181.13,0.3005,20.0,-143.6,0.3179,20.0,-127.89,0.3266,20.0,-162.81,0.3085,20.0,-469.27,0.2468,20.0,-1600.92,0.2633,20.0
207,2023-07-27,0.0,0.34036,6.375,25.225,17.2885416666667,0.0,0.34036,-7.4506e-09,0.34036,-3.9122e-05,-13.95,40.325,-18.616,28.473,-14.05,-400.07,-271.07,-1601.4,0.0,0.0,42.263,25.14,6.5235,0.0,-400.51,0.2448,20.0,-370.04,0.2499,20.0,-303.51,0.2629,20.0,-204.04,0.2917,20.0,-157.74,0.3108,20.0,-137.22,0.3214,20.0,-166.61,0.3069,20.0,-411.46,0.2546,20.0,-1599.88,0.2633,20.0
208,2023-07-28,0.0,0.36068,6.85,28.8,18.3135416666667,0.0,0.36068,-1.1642e-08,0.36068,-3.9122e-05,-13.95,40.686,-18.616,28.833,-14.05,-494.49,-316.83,-1601.4,0.0,0.0,41.912,25.14,6.5235,0.0,-498.23,0.2312,20.0,-452.95,0.2373,20.0,-355.13,0.2528,20.0,-225.46,0.2844,20.0,-170.74,0.3051,20.0,-145.77,0.3167,20.0,-170.91,0.305,20.0,-374.31,0.2602,20.0,-1597.38,0.2633,20.0
209,2023-07-29,0.0,0.3937,7.725,31.125,20.24375,0.0,0.3937,-4.6566e-09,0.38972,-3.9122e-05,-13.95,41.079,-18.616,29.225,-14.05,-643.42,-382.48,-1601.4,0.0,0.0,41.535,25.14,6.5235,0.0,-657.83,0.2156,20.0,-581.94,0.2224,20.0,-426.7,0.241,20.0,-250.43,0.2767,20.0,-183.53,0.2995,20.0,-154.3,0.3123,20.0,-175.48,0.303,20.0,-350.43,0.2645,20.0,-1591.28,0.2634,20.0
210,2023-07-30,0.0,0.39116,9.075,32.525,21.4,0.0,0.39116,-4.6566e-10,0.3542,-3.9112e-05,-13.95,41.471,-18.616,29.589,-14.05,-856.34,-473.29,-1601.4,0.0,0.0,41.153,25.14,6.5235,0.0,-892.18,0.2,20.0,-776.01,0.2065,20.0,-522.88,0.2286,20.0,-277.44,0.2697,20.0,-197.04,0.2941,20.0,-163.29,0.3083,20.0,-180.27,0.3009,20.0,-334.59,0.2674,20.0,-1577.18,0.2636,20.0
211,2023-07-31,0.0,0.41402,8.5,34.65,22.3989583333333,0.0,0.41402,-7.9162e-09,0.31949,-3.9127e-05,-13.95,41.885,-18.616,29.922,-14.05,-1091.2,-580.84,-1601.5,0.0,0.0,40.802,25.14,6.5235,0.0,-1151.28,0.188,20.0,-1012.68,0.1937,20.0,-647.68,0.2164,20.0,-307.12,0.2622,20.0,-210.52,0.2895,20.0,-171.62,0.3047,20.0,-185.16,0.2988,20.0,-323.2,0.2695,20.0,-1547.57,0.2641,20.0
212,2023-08-01,0.0,0.43942,14.525,35.1,24.5697916666667,0.0,0.43942,0.0,0.27634,-3.9117e-05,-13.95,42.324,-18.616,30.214,-14.05,-1302.2,-692.37,-1601.5,0.0,0.0,40.489,25.14,6.5235,0.0,-1375.44,0.1804,20.0,-1247.31,0.1842,20.0,-800.08,0.2051,20.0,-340.84,0.2556,20.0,-223.86,0.285,20.0,-179.5,0.3012,20.0,-190.15,0.2966,20.0,-315.01,0.271,20.0,-1490.11,0.2652,20.0
213,2023-08-02,0.0,0.43688,10.225,34.525,23.2104166666667,0.0,0.43688,4.5402e-09,0.22758,-3.9122e-05,-13.95,42.761,-18.616,30.453,-14.05,-1448.0,-787.24,-1601.5,0.0,0.0,40.226,25.14,6.5235,0.0,-1498.78,0.1767,20.0,-1423.28,0.1789,20.0,-966.31,0.1957,20.0,-376.39,0.2487,20.0,-237.45,0.2804,20.0,-187.21,0.2979,20.0,-195.27,0.2947,20.0,-309.06,0.2721,20.0,-1394.11,0.2671,20.0
214,2023-08-03,0.0,0.39624,15.1,34.45,25.1635416666667,0.0,0.39624,4.7148e-09,0.1807,-3.9127e-05,-13.95,43.157,-18.616,30.64,-14.05,-1523.3,-857.06,-1601.5,0.0,0.0,40.015,25.14,6.5235,0.0,-1552.83,0.1751,20.0,-1508.54,0.1764,20.0,-1116.84,0.1893,20.0,-411.52,0.2432,20.0,-251.22,0.2764,20.0,-195.11,0.2947,20.0,-200.26,0.293,20.0,-304.83,0.2729,20.0,-1267.15,0.2696,20.0
215,2023-08-04,0.0,0.35814,14.8,32.1,22.8239583333333,0.0,0.35814,4.773e-09,0.14789,-3.9116e-05,-13.95,43.515,-18.616,30.792,-14.051,-1565.9,-907.85,-1601.5,0.0,0.0,39.847,25.14,6.5235,0.0,-1581.16,0.1745,20.0,-1549.28,0.1752,20.0,-1229.19,0.1847,20.0,-442.69,0.2387,20.0,-264.09,0.2731,20.0,-202.99,0.292,20.0,-205.15,0.2913,20.0,-301.95,0.2736,20.0,-1134.33,0.273,20.0
216,2023-08-05,0.0051,0.19558,14.25,22.35,17.4322916666667,0.0,0.19558,6.4756e-09,0.082839,-3.9126e-05,-13.95,43.711,-18.616,30.875,-14.051,-1586.2,-932.74,-1601.5,0.0,0.0,39.731,25.14,6.5235,0.0,-1590.21,0.1743,20.0,-1564.83,0.1749,20.0,-1284.94,0.1831,20.0,-462.01,0.236,20.0,-275.68,0.2701,20.0,-210.62,0.2895,20.0,-210.01,0.2897,20.0,-300.02,0.2741,20.0,-1013.71,0.2763,20.0
217,2023-08-06,0.0153,0.14986,10.4,18.3,15.1177083333333,0.0,0.14986,3.9399e-09,0.064844,-3.9121e-05,-13.95,43.861,-18.616,30.94,-14.051,-1592.9,-936.7,-1601.5,0.0,0.0,39.658,25.14,6.5235,0.0,-1592.89,0.1743,20.0,-1565.76,0.1748,20.0,-1285.29,0.1831,20.0,-469.43,0.2348,20.0,-285.21,0.2677,20.0,-217.8,0.287,20.0,-214.71,0.2881,20.0,-298.92,0.2743,20.0,-912.05,0.2798,20.0
218,2023-08-07,0.0017,0.34036,7.9,28.625,17.475,0.0,0.34036,-5.0932e-11,0.1281,-3.9126e-05,-13.95,44.201,-18.616,31.071,-14.051,-1596.5,-956.87,-1601.5,0.0,0.0,39.558,25.14,6.5235,0.0,-1595.83,0.1742,20.0,-1572.97,0.1747,20.0,-1319.86,0.1821,20.0,-491.96,0.2319,20.0,-294.76,0.2652,20.0,-224.57,0.2847,20.0,-219.21,0.2865,20.0,-298.44,0.2744,20.0,-830.02,0.2828,20.0
219,2023-08-08,0.0017,0.3556,8.675,30.1,19.2875,0.0,0.3556,4.9604e-09,0.12146,-3.9115e-05,-13.95,44.557,-18.616,31.195,-14.051,-1599.1,-993.32,-1601.5,0.0,0.0,39.431,25.14,6.5235,0.0,-1598.05,0.1742,20.0,-1582.99,0.1745,20.0,-1385.62,0.1801,20.0,-529.94,0.2279,20.0,-306.02,0.2623,20.0,-231.07,0.2825,20.0,-223.53,0.2851,20.0,-298.47,0.2744,20.0,-764.01,0.2855,20.0
220,2023-08-09,0.0034,0.4064,13.025,28.9,20.1895833333333,0.0,0.4064,8.0154e-09,0.12169,-3.911e-05,-13.95,44.963,-18.616,31.32,-14.051,-1600.4,-1031.0,-1601.5,0.0,0.0,39.306,25.14,6.5235,0.0,-1599.2,0.1741,20.0,-1589.87,0.1743,20.0,-1444.0,0.1784,20.0,-571.72,0.2235,20.0,-318.04,0.26,20.0,-237.53,0.2803,20.0,-227.69,0.2837,20.0,-298.9,0.2743,20.0,-712.09,0.2881,20.0
221,2023-08-10,0.0,0.46228,12.7,27.5,19.2614583333333,0.0,0.46228,-1.0459e-11,0.11902,-3.912e-05,-13.95,45.425,-18.616,31.443,-14.051,-1601.2,-1069.8,-1601.5,0.0,0.0,39.181,25.14,6.5235,0.0,-1599.83,0.1741,20.0,-1594.45,0.1742,20.0,-1493.44,0.1769,20.0,-620.67,0.2185,20.0,-330.38,0.2576,20.0,-244.12,0.2783,20.0,-231.74,0.2823,20.0,-299.64,0.2741,20.0,-671.02,0.2903,20.0
222,2023-08-11,0.0,0.39878,9.2,29.525,19.2677083333333,0.0,0.39878,-3.296e-09,0.09715,-3.9115e-05,-13.95,45.824,-18.616,31.542,-14.051,-1601.7,-1101.9,-1601.5,0.0,0.0,39.071,25.14,6.5235,0.0,-1600.19,0.1741,20.0,-1596.62,0.1742,20.0,-1525.5,0.1759,20.0,-667.03,0.2148,20.0,-342.55,0.2553,20.0,-250.68,0.2766,20.0,-235.74,0.2809,20.0,-300.61,0.2739,20.0,-637.41,0.292,20.0
223,2023-08-12,0.0017,0.26924,9.75,31.875,18.0302083333333,0.0,0.26924,-5.5288e-09,0.067687,-3.912e-05,-13.95,46.093,-18.616,31.61,-14.051,-1602.1,-1119.8,-1601.5,0.0,0.0,38.988,25.14,6.5235,0.0,-1600.5,0.1741,20.0,-1597.25,0.1742,20.0,-1539.96,0.1755,20.0,-692.5,0.2128,20.0,-353.41,0.2531,20.0,-257.03,0.2749,20.0,-239.78,0.2796,20.0,-301.79,0.2736,20.0,-609.32,0.2935,20.0
224,2023-08-13,0.0,0.3556,8.125,28.05,18.1322916666667,0.0,0.3556,3.8826e-09,0.080312,-3.9114e-05,-13.95,46.449,-18.616,31.692,-14.051,-1602.4,-1136.1,-1601.5,0.0,0.0,38.913,25.14,6.5235,0.0,-1600.74,0.1741,20.0,-1597.79,0.1742,20.0,-1550.44,0.1752,20.0,-720.37,0.2108,20.0,-363.79,0.2512,20.0,-263.17,0.2734,20.0,-244.03,0.2783,20.0,-303.13,0.2733,20.0,-586.4,0.2951,20.0
225,2023-08-14,0.0,0.41148,8.45,33.725,21.628125,0.0,0.41148,-3.7362e-09,0.083027,-3.9121e-05,-13.95,46.86,-18.616,31.777,-14.051,-1602.7,-1157.4,-1601.5,0.0,0.0,38.829,25.14,6.5235,0.0,-1600.99,0.1741,20.0,-1598.51,0.1741,20.0,-1562.93,0.1749,20.0,-759.37,0.2077,20.0,-374.61,0.2491,20.0,-269.14,0.2718,20.0,-248.46,0.2772,20.0,-304.61,0.2729,20.0,-567.74,0.2965,20.0
226,2023-08-15,0.0,0.43688,15.275,38.175,26.3229166666667,0.0,0.43688,-3.9076e-09,0.079788,-3.9128e-05,-13.95,47.297,-18.616,31.858,-14.051,-1603.0,-1179.6,-1601.4,0.0,0.0,38.746,25.14,6.5235,0.0,-1601.24,0.1741,20.0,-1599.05,0.1741,20.0,-1572.95,0.1747,20.0,-803.48,0.2049,20.0,-386.02,0.2469,20.0,-275.02,0.2703,20.0,-252.82,0.276,20.0,-306.26,0.2726,20.0,-551.93,0.2976,20.0
227,2023-08-16,0.0,0.32258,15.85,29.2,22.63125,0.0,0.32258,2.3458e-09,0.060852,-3.9128e-05,-13.95,47.62,-18.616,31.92,-14.051,-1603.2,-1195.1,-1601.4,0.0,0.0,38.675,25.14,6.5235,0.0,-1601.48,0.1741,20.0,-1599.27,0.1741,20.0,-1577.95,0.1746,20.0,-836.0,0.203,20.0,-397.25,0.2453,20.0,-280.82,0.2688,20.0,-256.98,0.275,20.0,-308.03,0.2723,20.0,-538.75,0.2985,20.0
228,2023-08-17,0.0,0.44958,11.65,36.825,24.23125,0.0,0.44958,-3.469e-09,0.072111,-3.9122e-05,-13.95,48.07,-18.616,31.993,-14.051,-1603.4,-1211.2,-1601.4,0.0,0.0,38.607,25.14,6.5235,0.0,-1601.7,0.1741,20.0,-1599.5,0.1741,20.0,-1582.78,0.1745,20.0,-870.71,0.2012,20.0,-408.12,0.2437,20.0,-286.54,0.2673,20.0,-260.96,0.2739,20.0,-309.89,0.2719,20.0,-527.34,0.2993,20.0
229,2023-08-18,0.0,0.55372,13.125,31.375,25.1322916666667,0.0,0.55372,7.3085e-09,0.077281,-3.9136e-05,-13.95,48.623,-18.616,32.073,-14.051,-1603.7,-1233.7,-1601.3,0.0,0.0,38.53,25.14,6.5235,0.0,-1601.92,0.1741,20.0,-1599.8,0.1741,20.0,-1588.63,0.1744,20.0,-922.99,0.1982,20.0,-419.49,0.2421,20.0,-292.19,0.2659,20.0,-264.78,0.2729,20.0,-311.84,0.2716,20.0,-517.49,0.3,20.0
230,2023-08-19,0.0,0.29972,6.5,20.4,14.4458333333333,0.0,0.29972,-4.59e-09,0.047024,-3.9133e-05,-13.95,48.923,-18.616,32.12,-14.051,-1603.9,-1246.1,-1601.2,0.0,0.0,38.468,25.14,6.5235,0.0,-1602.13,0.1741,20.0,-1599.92,0.1741,20.0,-1590.34,0.1743,20.0,-952.94,0.1963,20.0,-430.21,0.2405,20.0,-297.86,0.2644,20.0,-268.45,0.272,20.0,-313.82,0.2712,20.0,-508.93,0.3006,20.0
231,2023-08-20,0.0,0.25146,11.95,22.0,17.2677083333333,0.0,0.25146,6.6439e-09,0.040802,-3.9149e-05,-13.95,49.174,-18.616,32.161,-14.051,-1604.1,-1248.9,-1601.0,0.0,0.0,38.424,25.14,6.5235,0.0,-1602.33,0.1741,20.0,-1599.94,0.1741,20.0,-1589.74,0.1743,20.0,-958.87,0.1961,20.0,-439.0,0.2393,20.0,-303.58,0.2629,20.0,-272.0,0.2711,20.0,-315.84,0.2708,20.0,-501.5,0.3011,20.0
232,2023-08-21,0.0936,0.11938,14.325,17.525,16.1645833333333,0.0,0.11938,-4.3551e-09,0.022276,-3.9169e-05,-13.95,49.294,-18.616,32.183,-14.051,-1604.3,-1243.4,-1600.7,0.0,0.0,38.393,25.14,6.5235,0.0,-1602.51,0.1741,20.0,-1599.87,0.1741,20.0,-1587.06,0.1744,20.0,-943.76,0.1969,20.0,-446.36,0.2382,20.0,-309.27,0.2617,20.0,-275.43,0.2702,20.0,-317.88,0.2705,20.0,-494.94,0.3016,20.0
233,2023-08-22,0.277,0.36068,14.6,29.775,20.0697916666667,0.0,0.36068,1.0596e-09,0.055079,-3.9193e-05,-13.95,49.654,-18.616,32.239,-14.051,-1604.5,-1246.8,-1600.3,0.0,0.0,38.353,25.14,6.5235,0.0,-1602.66,0.1741,20.0,-1599.84,0.1741,20.0,-1587.0,0.1744,20.0,-951.64,0.1967,20.0,-453.52,0.2372,20.0,-314.77,0.2606,20.0,-278.77,0.2693,20.0,-319.93,0.2701,20.0,-489.21,0.302,20.0
234,2023-08-23,0.034,0.40386,14.275,25.6,19.2552083333333,0.0,0.40386,-2.5641e-09,0.055901,-3.9211e-05,-13.95,50.058,-18.616,32.296,-14.051,-1604.6,-1260.7,-1599.7,0.0,0.0,38.297,25.14,6.5235,0.0,-1602.8,0.1741,20.0,-1599.98,0.1741,20.0,-1589.57,0.1743,20.0,-987.11,0.1947,20.0,-461.97,0.236,20.0,-320.02,0.2596,20.0,-282.02,0.2685,20.0,-321.99,0.2697,20.0,-484.32,0.3024,20.0
235,2023-08-24,0.0,0.36322,8.625,27.575,17.959375,0.0,0.36322,-2.5229e-09,0.049273,-3.925e-05,-13.95,50.422,-18.616,32.346,-14.051,-1604.8,-1273.3,-1599.0,0.0,0.0,38.243,25.14,6.5235,0.0,-1602.94,0.1741,20.0,-1600.11,0.1741,20.0,-1591.31,0.1743,20.0,-1021.16,0.1933,20.0,-471.36,0.2346,20.0,-325.09,0.2586,20.0,-285.2,0.2677,20.0,-324.05,0.2693,20.0,-480.07,0.3028,20.0
236,2023-08-25,0.0,0.28194,6.05,24.85,15.20625,0.0,0.28194,-4.7705e-09,0.039841,-3.9314e-05,-13.95,50.703,-18.616,32.386,-14.051,-1604.9,-1280.8,-1597.9,0.0,0.0,38.199,25.14,6.5235,0.0,-1603.07,0.1741,20.0,-1600.22,0.1741,20.0,-1591.81,0.1743,20.0,-1040.61,0.1925,20.0,-480.1,0.2333,20.0,-330.02,0.2577,20.0,-288.31,0.2669,20.0,-326.11,0.269,20.0,-476.3,0.3032,20.0
237,2023-08-26,0.0,0.3683,11.175,31.35,20.5875,0.0,0.3683,-1.0242e-09,0.046339,-3.9382e-05,-13.95,51.072,-18.616,32.433,-14.051,-1605.1,-1289.2,-1596.5,0.0,0.0,38.155,25.14,6.5235,0.0,-1603.2,0.174,20.0,-1600.31,0.1741,20.0,-1592.68,0.1743,20.0,-1062.29,0.1916,20.0,-488.65,0.2322,20.0,-334.83,0.2568,20.0,-291.37,0.2661,20.0,-328.16,0.2686,20.0,-473.01,0.3035,20.0
238,2023-08-27,0.0,0.32004,9.425,30.85,19.9802083333333,0.0,0.32004,2.0693e-09,0.040558,-3.9475e-05,-13.95,51.392,-18.616,32.473,-14.051,-1605.2,-1297.3,-1594.7,0.0,0.0,38.111,25.14,6.5235,0.0,-1603.33,0.174,20.0,-1600.42,0.1741,20.0,-1593.48,0.1743,20.0,-1083.89,0.1907,20.0,-497.53,0.2313,20.0,-339.53,0.2558,20.0,-294.39,0.2653,20.0,-330.21,0.2682,20.0,-470.27,0.3037,20.0
239,2023-08-28,0.0,0.29972,9.975,29.175,19.6802083333333,0.0,0.29972,1.025e-09,0.037714,-3.9605e-05,-13.95,51.692,-18.616,32.511,-14.051,-1605.3,-1303.2,-1592.4,0.0,0.0,38.072,25.14,6.5235,0.0,-1603.45,0.174,20.0,-1600.51,0.1741,20.0,-1593.84,0.1742,20.0,-1098.54,0.1901,20.0,-505.82,0.2304,20.0,-344.13,0.255,20.0,-297.39,0.2645,20.0,-332.25,0.2678,20.0,-467.9,0.304,20.0
240,2023-08-29,0.0119,0.37846,8.175,32.85,19.8739583333333,0.0,0.37846,4.7189e-09,0.042509,-3.9764e-05,-13.95,52.07,-18.616,32.554,-14.052,-1605.4,-1311.0,-1589.4,0.0,0.0,38.031,25.14,6.5235,0.0,-1603.57,0.174,20.0,-1600.6,0.1741,20.0,-1594.58,0.1742,20.0,-1118.38,0.1894,20.0,-513.99,0.2295,20.0,-348.65,0.2541,20.0,-300.41,0.2637,20.0,-334.28,0.2675,20.0,-465.82,0.3042,20.0
241,2023-08-30,0.0017,0.46482,14.65,21.325,17.2072916666667,0.0,0.46482,3.0001e-09,0.04516,-3.9943e-05,-13.95,52.535,-18.616,32.601,-14.052,-1605.6,-1322.3,-1585.8,0.0,0.0,37.986,25.14,6.5235,0.0,-1603.69,0.174,20.0,-1600.71,0.1741,20.0,-1595.77,0.1742,20.0,-1149.13,0.1881,20.0,-522.64,0.2286,20.0,-353.09,0.2532,20.0,-303.51,0.2629,20.0,-336.32,0.2671,20.0,-463.99,0.3043,20.0
242,2023-08-31,0.0051,0.37592,10.225,25.125,17.7479166666667,0.0,0.37592,2.5544e-09,0.037817,-4.0191e-05,-13.95,52.911,-18.616,32.639,-14.052,-1605.7,-1331.4,-1581.3,0.0,0.0,37.944,25.14,6.5235,0.0,-1603.81,0.174,20.0,-1600.84,0.1741,20.0,-1596.46,0.1742,20.0,-1175.18,0.187,20.0,-531.38,0.2277,20.0,-357.49,0.2524,20.0,-307.19,0.2621,20.0,-338.36,0.2667,20.0,-462.41,0.3045,20.0
243,2023-09-01,0.0,0.28194,5.775,27.55,16.5385416666667,0.0,0.28194,-7.3993e-09,0.030539,-4.0466e-05,-13.95,53.193,-18.616,32.669,-14.052,-1605.8,-1335.5,-1575.9,0.0,0.0,37.91,25.14,6.5235,0.0,-1603.92,0.174,20.0,-1600.95,0.1741,20.0,-1596.49,0.1742,20.0,-1185.07,0.1866,20.0,-539.22,0.2269,20.0,-361.87,0.2515,20.0,-310.93,0.2614,20.0,-340.42,0.2664,20.0,-461.13,0.3046,20.0
244,2023-09-02,0.0,0.42926,11.8,32.7,21.6041666666667,0.0,0.42926,2.2968e-09,0.32308,-4.081e-05,-13.95,53.622,-18.616,32.831,-14.052,-1605.9,-710.46,-1569.4,0.0,0.0,37.895,25.14,6.5235,0.0,-1604.04,0.174,20.0,-1601.05,0.1741,20.0,-1596.03,0.1742,20.0,-1148.51,0.1879,20.0,-544.68,0.2263,20.0,-366.23,0.2507,20.0,-314.45,0.2607,20.0,-342.49,0.266,20.0,-460.04,0.3047,20.0
245,2023-09-03,0.0,0.37084,16.15,29.1,21.7604166666667,0.0,0.37084,-2.2603e-09,3.3877,-4.0307e-05,-13.95,53.993,-18.616,37.913,-14.052,-1606.0,-978.74,-1576.0,0.0,0.0,34.345,25.14,6.5235,0.0,-1604.16,0.174,20.0,-1601.39,0.1741,20.0,-1599.23,0.1741,20.0,-1335.36,0.1816,20.0,-902.77,0.1992,20.0,-711.85,0.2113,20.0,-646.57,0.2164,20.0,-681.0,0.2268,20.0,-818.93,0.2832,20.0
246,2023-09-04,0.3673,0.17272,10.95,18.825,14.1947916666667,0.0,0.17272,5.8028e-09,0.84674,-3.9554e-05,-13.95,54.166,-18.616,39.183,-14.052,-1606.2,-1381.6,-1591.2,0.0,0.0,31.804,25.14,6.5235,0.0,-1604.3,0.174,20.0,-1601.85,0.1741,20.0,-1601.27,0.1741,20.0,-1526.12,0.176,20.0,-1380.85,0.1802,20.0,-1276.94,0.1833,20.0,-1234.03,0.1846,20.0,-1256.52,0.1987,20.0,-1338.78,0.2682,20.0
247,2023-09-05,0.0,0.27432,6.35,23.8,14.7916666666667,0.0,0.27432,1.0367e-09,0.21097,-3.9172e-05,-13.95,54.44,-18.616,39.5,-14.052,-1606.3,-1538.2,-1599.0,0.0,0.0,31.169,25.14,6.5235,0.0,-1604.48,0.174,20.0,-1602.13,0.1741,20.0,-1601.15,0.1741,20.0,-1582.79,0.1745,20.0,-1536.49,0.1755,20.0,-1507.37,0.1763,20.0,-1495.23,0.1766,20.0,-1501.62,0.1917,20.0,-1524.6,0.2644,20.0
248,2023-09-06,0.1821,0.3429,7.675,26.8,17.1239583333333,0.0,0.3429,4.8942e-10,0.051762,-3.9185e-05,-13.95,54.783,-18.616,39.578,-14.052,-1606.5,-1587.1,-1600.2,0.0,0.0,31.011,25.14,6.5235,0.0,-1604.66,0.174,20.0,-1602.33,0.1741,20.0,-1601.18,0.1741,20.0,-1600.38,0.1741,20.0,-1588.11,0.1744,20.0,-1579.0,0.1745,20.0,-1575.13,0.1746,20.0,-1577.2,0.1899,20.0,-1584.33,0.2635,20.0
249,2023-09-07,0.0034,0.26924,7.6,25.825,16.9135416666667,0.0,0.26924,5.5695e-09,0.0079565,-3.9164e-05,-13.95,55.052,-18.616,39.595,-14.052,-1606.6,-1600.7,-1600.5,0.0,0.0,30.973,25.14,6.5235,0.0,-1604.85,0.174,20.0,-1602.49,0.1741,20.0,-1601.25,0.1741,20.0,-1601.68,0.1741,20.0,-1602.14,0.1741,20.0,-1599.78,0.1741,20.0,-1598.77,0.1741,20.0,-1599.31,0.1895,20.0,-1601.17,0.2633,20.0
250,2023-09-08,0.7957,0.254,8.275,23.925,14.6697916666667,0.0,0.254,-2.1171e-09,0.0,-3.9153e-05,-13.95,55.306,-18.616,39.595,-14.052,-1606.8,-1602.1,-1600.7,0.0,0.0,30.969,25.14,6.5235,0.0,-1605.03,0.174,20.0,-1602.64,0.1741,20.0,-1601.32,0.1741,20.0,-1601.73,0.1741,20.0,-1602.35,0.1741,20.0,-1601.67,0.1741,20.0,-1602.82,0.1741,20.0,-1603.06,0.1894,20.0,-1601.5,0.2633,20.0
251,2023-09-09,0.0068,0.21336,5.15,21.875,13.6958333333333,0.0,0.21336,3.1046e-09,0.0,-3.9148e-05,-13.95,55.519,-18.616,39.595,-14.052,-1607.0,-1602.2,-1600.8,0.0,0.0,30.969,25.14,6.5235,0.0,-1605.22,0.174,20.0,-1602.78,0.1741,20.0,-1601.4,0.1741,20.0,-1601.69,0.1741,20.0,-1602.23,0.1741,20.0,-1601.78,0.1741,20.0,-1603.04,0.1741,20.0,-1603.22,0.1894,20.0,-1601.5,0.2633,20.0
252,2023-09-10,0.0,0.23622,3.875,23.075,13.9447916666667,0.0,0.23622,-7.9315e-09,0.0,-3.9154e-05,-13.95,55.756,-18.616,39.595,-14.052,-1607.2,-1602.2,-1600.9,0.0,0.0,30.969,25.14,6.5235,0.0,-1605.39,0.174,20.0,-1602.92,0.1741,20.0,-1601.49,0.1741,20.0,-1601.67,0.1741,20.0,-1602.15,0.1741,20.0,-1601.82,0.1741,20.0,-1603.05,0.1741,20.0,-1603.18,0.1894,20.0,-1601.51,0.2633,20.0
253,2023-09-11,0.0,0.25146,4.475,27.375,15.6145833333333,0.0,0.25146,6.4847e-10,0.0,-3.9144e-05,-13.95,56.007,-18.616,39.595,-14.052,-1607.4,-1602.2,-1600.9,0.0,0.0,30.969,25.14,6.5235,0.0,-1605.57,0.174,20.0,-1603.06,0.1741,20.0,-1601.58,0.1741,20.0,-1601.65,0.1741,20.0,-1602.08,0.1741,20.0,-1601.85,0.1741,20.0,-1603.06,0.1741,20.0,-1603.13,0.1894,20.0,-1601.52,0.2633,20.0
254,2023-09-12,0.0,0.2921,9.05,28.675,18.4947916666667,0.0,0.2921,4.4616e-09,0.0,-3.9147e-05,-13.95,56.299,-18.616,39.595,-14.052,-1607.5,-1602.3,-1601.0,0.0,0.0,30.969,25.14,6.5235,0.0,-1605.74,0.174,20.0,-1603.2,0.174,20.0,-1601.67,0.1741,20.0,-1601.65,0.1741,20.0,-1602.02,0.1741,20.0,-1601.87,0.1741,20.0,-1603.06,0.1741,20.0,-1603.07,0.1894,20.0,-1601.53,0.2633,20.0
255,2023-09-13,0.0,0.24638,9.5,23.875,17.503125,0.0,0.24638,-7.3343e-09,0.0,-3.9136e-05,-13.95,56.546,-18.616,39.595,-14.052,-1607.7,-1602.3,-1601.0,0.0,0.0,30.969,25.14,6.5235,0.0,-1605.9,0.174,20.0,-1603.34,0.174,20.0,-1601.75,0.1741,20.0,-1601.65,0.1741,20.0,-1601.98,0.1741,20.0,-1601.89,0.1741,20.0,-1603.06,0.1741,20.0,-1603.03,0.1894,20.0,-1601.55,0.2633,20.0
256,2023-09-14,0.0,0.21844,6.8,24.85,15.1583333333333,0.0,0.21844,1.1656e-09,0.0,-3.9136e-05,-13.95,56.764,-18.616,39.595,-14.052,-1607.9,-1602.3,-1601.1,0.0,0.0,30.969,25.14,6.5235,0.0,-1606.07,0.174,20.0,-1603.47,0.174,20.0,-1601.84,0.1741,20.0,-1601.65,0.1741,20.0,-1601.94,0.1741,20.0,-1601.91,0.1741,20.0,-1603.07,0.1741,20.0,-1602.98,0.1894,20.0,-1601.56,0.2633,20.0
257,2023-09-15,0.0,0.2921,3.9,27.15,15.390625,0.0,0.2921,4.9056e-09,0.0,-3.9137e-05,-13.95,57.056,-18.616,39.595,-14.052,-1608.0,-1602.3,-1601.1,0.0,0.0,30.969,25.14,6.5235,0.0,-1606.23,0.174,20.0,-1603.61,0.174,20.0,-1601.93,0.1741,20.0,-1601.66,0.1741,20.0,-1601.91,0.1741,20.0,-1601.93,0.1741,20.0,-1603.07,0.1741,20.0,-1602.94,0.1894,20.0,-1601.58,0.2633,20.0
258,2023-09-16,0.0,0.32258,8.5,30.25,18.5375,0.0,0.32258,3.8865e-09,0.0,-3.9138e-05,-13.95,57.379,-18.616,39.595,-14.052,-1608.2,-1602.3,-1601.2,0.0,0.0,30.969,25.14,6.5235,0.0,-1606.38,0.174,20.0,-1603.74,0.174,20.0,-1602.02,0.1741,20.0,-1601.66,0.1741,20.0,-1601.88,0.1741,20.0,-1601.95,0.1741,20.0,-1603.07,0.1741,20.0,-1602.91,0.1894,20.0,-1601.59,0.2633,20.0
259,2023-09-17,0.0,0.46228,10.55,29.5,20.7541666666667,0.0,0.46228,-2.5819e-09,0.0,-3.9131e-05,-13.95,57.841,-18.616,39.595,-14.052,-1608.4,-1602.3,-1601.2,0.0,0.0,30.969,25.14,6.5235,0.0,-1606.54,0.174,20.0,-1603.87,0.174,20.0,-1602.11,0.1741,20.0,-1601.67,0.1741,20.0,-1601.85,0.1741,20.0,-1601.97,0.1741,20.0,-1603.07,0.1741,20.0,-1602.88,0.1894,20.0,-1601.61,0.2633,20.0
260,2023-09-18,0.0,0.37592,13.05,26.9,19.0833333333333,0.0,0.37592,1.7945e-09,0.0,-3.9139e-05,-13.95,58.217,-18.616,39.595,-14.052,-1608.5,-1602.3,-1601.2,0.0,0.0,30.969,25.14,6.5235,0.0,-1606.69,0.174,20.0,-1604.0,0.174,20.0,-1602.2,0.1741,20.0,-1601.68,0.1741,20.0,-1601.83,0.1741,20.0,-1601.98,0.1741,20.0,-1603.07,0.1741,20.0,-1602.85,0.1894,20.0,-1601.62,0.2633,20.0
261,2023-09-19,0.0,0.20066,3.0,18.75,12.0010416666667,0.0,0.20066,2.2169e-11,0.0,-3.9136e-05,-13.95,58.417,-18.616,39.595,-14.052,-1608.7,-1602.3,-1601.2,0.0,0.0,30.969,25.14,6.5235,0.0,-1606.84,0.174,20.0,-1604.13,0.174,20.0,-1602.29,0.1741,20.0,-1601.69,0.1741,20.0,-1601.82,0.1741,20.0,-1602.0,0.1741,20.0,-1603.08,0.1741,20.0,-1602.83,0.1894,20.0,-1601.64,0.2633,20.0
262,2023-09-20,0.0,0.18288,2.7,17.475,10.528125,0.0,0.18288,4.3676e-09,0.0,-3.9135e-05,-13.95,58.6,-18.616,39.595,-14.052,-1608.8,-1602.4,-1601.3,0.0,0.0,30.969,25.14,6.5235,0.0,-1606.98,0.174,20.0,-1604.26,0.174,20.0,-1602.38,0.1741,20.0,-1601.7,0.1741,20.0,-1601.8,0.1741,20.0,-1602.01,0.1741,20.0,-1603.08,0.1741,20.0,-1602.8,0.1894,20.0,-1601.66,0.2633,20.0
263,2023-09-21,1.5719,0.04826,5.05,8.775,6.94375,0.0,0.04826,8.7011e-09,0.0,-3.9124e-05,-13.95,58.649,-18.616,39.595,-14.052,-1609.0,-1602.4,-1601.3,0.0,0.0,30.969,25.14,6.5235,0.0,-1607.13,0.174,20.0,-1604.39,0.174,20.0,-1602.47,0.1741,20.0,-1601.71,0.1741,20.0,-1601.79,0.1741,20.0,-1602.02,0.1741,20.0,-1603.08,0.1741,20.0,-1602.78,0.1894,20.0,-1601.67,0.2633,20.0
264,2023-09-22,2.6917,0.04572,8.4,12.425,10.015625,0.0,0.04572,2.8524e-09,0.0,-3.9127e-05,-13.95,58.694,-18.616,39.595,-14.052,-1609.1,-1602.4,-1601.3,0.0,0.0,30.969,25.14,6.5235,0.0,-1607.27,0.174,20.0,-1604.51,0.174,20.0,-1602.56,0.1741,20.0,-1601.72,0.1741,20.0,-1601.78,0.1741,20.0,-1602.03,0.1741,20.0,-1603.08,0.1741,20.0,-1602.77,0.1894,20.0,-1601.68,0.2633,20.0
265,2023-09-23,1.0551,0.23622,8.3,20.55,13.1375,0.0,0.23622,-7.7389e-09,0.0,-3.913e-05,-13.95,58.931,-18.616,39.595,-14.053,-1609.3,-1602.4,-1601.3,0.0,0.0,30.969,25.14,6.5235,0.0,-1607.41,0.174,20.0,-1604.63,0.174,20.0,-1602.65,0.1741,20.0,-1601.73,0.1741,20.0,-1601.77,0.1741,20.0,-1602.05,0.1741,20.0,-1603.08,0.1741,20.0,-1602.75,0.1894,20.0,-1601.7,0.2633,20.0
266,2023-09-24,0.0,0.2286,3.65,21.35,12.571875,0.0,0.2286,6.0171e-09,0.0,-3.9124e-05,-13.95,59.159,-18.616,39.595,-14.053,-1609.4,-1602.4,-1601.3,0.0,0.0,30.969,25.14,6.5235,0.0,-1607.55,0.174,20.0,-1604.76,0.174,20.0,-1602.74,0.1741,20.0,-1601.75,0.1741,20.0,-1601.76,0.1741,20.0,-1602.06,0.1741,20.0,-1603.08,0.1741,20.0,-1602.73,0.1894,20.0,-1601.71,0.2633,20.0
267,2023-09-25,0.0,0.22606,6.575,24.675,15.2,0.0,0.22606,5.5743e-09,0.0,-3.9133e-05,-13.95,59.385,-18.616,39.595,-14.053,-1609.5,-1602.4,-1601.3,0.0,0.0,30.969,25.14,6.5235,0.0,-1607.69,0.174,20.0,-1604.88,0.174,20.0,-1602.82,0.1741,20.0,-1601.76,0.1741,20.0,-1601.75,0.1741,20.0,-1602.07,0.1741,20.0,-1603.08,0.1741,20.0,-1602.72,0.1894,20.0,-1601.73,0.2633,20.0
268,2023-09-26,0.0,0.28956,11.85,26.8,18.5614583333333,0.0,0.28956,4.403e-09,0.0,-3.9117e-05,-13.95,59.675,-18.616,39.595,-14.053,-1609.7,-1602.4,-1601.4,0.0,0.0,30.968,25.14,6.5235,0.0,-1607.82,0.1739,20.0,-1605.0,0.174,20.0,-1602.91,0.1741,20.0,-1601.78,0.1741,20.0,-1601.75,0.1741,20.0,-1602.08,0.1741,20.0,-1603.08,0.1741,20.0,-1602.71,0.1894,20.0,-1601.74,0.2633,20.0
269,2023-09-27,0.0,0.22098,5.15,20.725,11.69375,0.0,0.22098,-7.8569e-10,0.0,-3.9121e-05,-13.95,59.896,-18.616,39.595,-14.053,-1609.8,-1602.4,-1601.4,0.0,0.0,30.968,25.14,6.5235,0.0,-1607.96,0.1739,20.0,-1605.12,0.174,20.0,-1603.0,0.1741,20.0,-1601.79,0.1741,20.0,-1601.75,0.1741,20.0,-1602.09,0.1741,20.0,-1603.08,0.1741,20.0,-1602.7,0.1894,20.0,-1601.75,0.2633,20.0
270,2023-09-28,0.0,0.28702,5.575,17.625,10.6572916666667,0.0,0.28702,-1.9808e-09,0.0,-3.913e-05,-13.95,60.183,-18.616,39.595,-14.053,-1609.9,-1602.4,-1601.4,0.0,0.0,30.968,25.14,6.5235,0.0,-1608.09,0.1739,20.0,-1605.24,0.174,20.0,-1603.08,0.1741,20.0,-1601.81,0.1741,20.0,-1601.74,0.1741,20.0,-1602.09,0.1741,20.0,-1603.08,0.1741,20.0,-1602.69,0.1894,20.0,-1601.76,0.2633,20.0
271,2023-09-29,0.0,0.23114,2.725,17.25,10.365625,0.0,0.23114,2.9911e-09,0.0,-3.9124e-05,-13.95,60.414,-18.616,39.595,-14.053,-1610.1,-1602.5,-1601.4,0.0,0.0,30.968,25.14,6.5235,0.0,-1608.22,0.1739,20.0,-1605.35,0.174,20.0,-1603.17,0.174,20.0,-1601.83,0.1741,20.0,-1601.74,0.1741,20.0,-1602.1,0.1741,20.0,-1603.08,0.1741,20.0,-1602.68,0.1894,20.0,-1601.77,0.2633,20.0
272,2023-09-30,0.4336,0.06604,5.2,7.9,6.55416666666667,0.0,0.06604,1.7747e-09,0.0,-3.9124e-05,-13.95,60.48,-18.616,39.595,-14.053,-1610.2,-1602.5,-1601.4,0.0,0.0,30.968,25.14,6.5235,0.0,-1608.35,0.1739,20.0,-1605.47,0.174,20.0,-1603.25,0.174,20.0,-1601.85,0.1741,20.0,-1601.74,0.1741,20.0,-1602.11,0.1741,20.0,-1603.08,0.1741,20.0,-1602.67,0.1894,20.0,-1601.79,0.2633,20.0
273,2023-10-01,1.8254,0.02286,4.6,6.725,5.85833333333333,0.02286,0.0,0.02286,0.0,-3.9118e-05,-13.927,60.48,-18.593,39.595,-14.053,-2987.8,-1606.4,-1601.4,0.0,0.0,30.945,25.14,6.5463,0.0,-1740.55,0.1712,20.0,-1609.56,0.1739,20.0,-1603.38,0.174,20.0,-1601.87,0.1741,20.0,-1601.74,0.1741,20.0,-1602.12,0.1741,20.0,-1603.08,0.1741,20.0,-1602.66,0.1894,20.0,-1601.8,0.2633,20.0
274,2023-10-02,0.5516,0.21844,5.475,17.625,10.428125,0.21844,0.0,0.03072,0.0,-3.9149e-05,-13.708,60.48,-18.48,39.595,-14.053,-1000000.0,-1695.8,-1601.4,0.0,0.0,30.832,25.14,6.6594,0.0,-3182.0,0.1507,20.0,-1628.01,0.1735,20.0,-1603.67,0.174,20.0,-1601.89,0.1741,20.0,-1601.74,0.1741,20.0,-1602.12,0.1741,20.0,-1603.08,0.1741,20.0,-1602.66,0.1894,20.0,-1601.8,0.2633,20.0
275,2023-10-03,0.034,0.13462,6.075,16.75,9.98958333333333,0.13462,0.0,0.017744,0.0,-3.9115e-05,-13.574,60.48,-18.459,39.595,-14.053,-1000000.0,-1721.6,-1601.4,0.0,0.0,30.811,25.14,6.6808,0.0,-3896.64,0.1449,20.0,-1677.55,0.1725,20.0,-1604.96,0.174,20.0,-1601.91,0.1741,20.0,-1601.75,0.1741,20.0,-1602.13,0.1741,20.0,-1603.08,0.1741,20.0,-1602.65,0.1894,20.0,-1601.81,0.2633,20.0
276,2023-10-04,0.0714,0.1905,3.925,19.875,10.321875,0.1905,0.0,0.014055,0.0,-3.9124e-05,-13.383,60.48,-18.444,39.595,-14.053,-1000000.0,-1739.8,-1601.4,0.0,0.0,30.796,25.14,6.6959,0.0,-4395.44,0.1419,20.0,-1733.44,0.1713,20.0,-1608.85,0.1739,20.0,-1601.94,0.1741,20.0,-1601.75,0.1741,20.0,-1602.14,0.1741,20.0,-1603.08,0.1741,20.0,-1602.65,0.1894,20.0,-1601.82,0.2633,20.0
277,2023-10-05,0.0238,0.11938,-0.075,16.0,7.48645833333333,0.11938,0.0,0.011311,0.0,-3.9115e-05,-13.264,60.48,-18.432,39.595,-14.053,-1000000.0,-1752.0,-1601.4,0.0,0.0,30.784,25.14,6.7077,0.0,-4714.15,0.1401,20.0,-1787.81,0.1701,20.0,-1615.3,0.1738,20.0,-1601.97,0.1741,20.0,-1601.75,0.1741,20.0,-1602.14,0.1741,20.0,-1603.07,0.1741,20.0,-1602.64,0.1894,20.0,-1601.83,0.2633,20.0
278,2023-10-06,0.0,0.19558,-0.65,19.325,8.75729166666667,0.19558,0.0,0.009886,0.0,-3.9119e-05,-13.068,60.48,-18.422,39.595,-14.053,-1000000.0,-1763.1,-1601.5,0.0,0.0,30.774,25.14,6.7179,0.0,-4941.16,0.1387,20.0,-1839.2,0.169,20.0,-1623.93,0.1736,20.0,-1602.03,0.1741,20.0,-1601.76,0.1741,20.0,-1602.15,0.1741,20.0,-1603.07,0.1741,20.0,-1602.63,0.1894,20.0,-1601.84,0.2633,20.0
279,2023-10-07,0.0,0.18796,5.85,23.825,12.925,0.18796,0.0,0.0089535,0.0,-3.9119e-05,-12.88,60.48,-18.413,39.595,-14.053,-1000000.0,-1773.3,-1601.5,0.0,0.0,30.764,25.14,6.7271,0.0,-5204.34,0.1376,20.0,-1888.36,0.1679,20.0,-1634.18,0.1734,20.0,-1602.12,0.1741,20.0,-1601.76,0.1741,20.0,-1602.15,0.1741,20.0,-1603.07,0.1741,20.0,-1602.63,0.1894,20.0,-1601.85,0.2633,20.0
280,2023-10-08,0.0,0.23368,1.95,25.2,13.0333333333333,0.23368,0.0,0.0080848,0.0,-3.9123e-05,-12.647,60.48,-18.404,39.595,-14.053,-1000000.0,-1781.6,-1601.5,0.0,0.0,30.756,25.14,6.7354,0.0,-5447.5,0.1366,20.0,-1932.44,0.167,20.0,-1645.52,0.1731,20.0,-1602.28,0.1741,20.0,-1601.77,0.1741,20.0,-1602.16,0.1741,20.0,-1603.07,0.1741,20.0,-1602.63,0.1894,20.0,-1601.86,0.2633,20.0
281,2023-10-09,0.0,0.2413,4.225,26.0,14.55,0.2413,0.0,0.0074886,0.0,-3.9123e-05,-12.405,60.48,-18.397,39.595,-14.053,-1000000.0,-1789.2,-1601.5,0.0,0.0,30.748,25.14,6.743,0.0,-5640.39,0.1358,20.0,-1975.01,0.1661,20.0,-1657.48,0.1729,20.0,-1602.54,0.1741,20.0,-1601.77,0.1741,20.0,-1602.16,0.1741,20.0,-1603.06,0.1741,20.0,-1602.62,0.1894,20.0,-1601.86,0.2633,20.0
282,2023-10-10,0.0766,0.21082,10.075,21.725,14.00625,0.21082,0.0,0.0070048,0.0,-3.9117e-05,-12.194,60.48,-18.389,39.595,-14.053,-1000000.0,-1796.3,-1601.5,0.0,0.0,30.741,25.14,6.7501,0.0,-5798.63,0.1351,20.0,-2019.46,0.1655,20.0,-1669.81,0.1726,20.0,-1602.91,0.1741,20.0,-1601.78,0.1741,20.0,-1602.17,0.1741,20.0,-1603.06,0.1741,20.0,-1602.62,0.1894,20.0,-1601.87,0.2633,20.0
283,2023-10-11,0.9952,0.15494,5.925,17.625,10.40625,0.15494,0.0,0.006587,0.0,-3.9116e-05,-12.04,60.48,-18.383,39.595,-14.053,-1000000.0,-1802.8,-1601.5,0.0,0.0,30.735,25.14,6.7568,0.0,-5932.68,0.1346,20.0,-2059.97,0.1648,20.0,-1682.34,0.1724,20.0,-1603.42,0.174,20.0,-1601.79,0.1741,20.0,-1602.17,0.1741,20.0,-1603.06,0.1741,20.0,-1602.61,0.1894,20.0,-1601.88,0.2633,20.0
284,2023-10-12,0.1887,0.02032,3.725,8.575,6.5375,0.02032,0.0,0.006223,0.0,-3.9115e-05,-12.019,60.48,-18.376,39.595,-14.053,-1000000.0,-1808.8,-1601.5,0.0,0.0,30.728,25.14,6.7631,0.0,-6048.98,0.1341,20.0,-2097.49,0.1643,20.0,-1694.92,0.1721,20.0,-1604.08,0.174,20.0,-1601.8,0.1741,20.0,-1602.18,0.1741,20.0,-1603.05,0.1741,20.0,-1602.61,0.1894,20.0,-1601.89,0.2633,20.0
285,2023-10-13,0.0306,0.07366,3.775,10.5,7.06875,0.07366,0.0,0.0058999,0.0,-3.9115e-05,-11.946,60.48,-18.371,39.595,-14.053,-1000000.0,-1814.4,-1601.5,0.0,0.0,30.722,25.14,6.7691,0.0,-6151.78,0.1336,20.0,-2132.65,0.1637,20.0,-1707.44,0.1718,20.0,-1604.9,0.174,20.0,-1601.82,0.1741,20.0,-1602.18,0.1741,20.0,-1603.05,0.1741,20.0,-1602.61,0.1894,20.0,-1601.89,0.2633,20.0
286,2023-10-14,0.0085,0.13716,0.0,15.8,6.95833333333333,0.13716,0.0,0.0056085,0.0,-3.9115e-05,-11.808,60.48,-18.365,39.595,-14.053,-1000000.0,-1819.8,-1601.5,0.0,0.0,30.716,25.14,6.7748,0.0,-6243.98,0.1333,20.0,-2165.37,0.1632,20.0,-1719.89,0.1715,20.0,-1605.89,0.174,20.0,-1601.85,0.1741,20.0,-1602.18,0.1741,20.0,-1603.05,0.1741,20.0,-1602.61,0.1894,20.0,-1601.9,0.2633,20.0
287,2023-10-15,0.0,0.1778,3.375,19.0,10.3677083333333,0.1778,0.0,0.0053882,0.0,-3.9124e-05,-11.631,60.48,-18.359,39.595,-14.053,-1000000.0,-1824.9,-1601.5,0.0,0.0,30.711,25.14,6.7802,0.0,-6352.26,0.1329,20.0,-2195.09,0.1627,20.0,-1732.24,0.1713,20.0,-1607.05,0.174,20.0,-1601.88,0.1741,20.0,-1602.19,0.1741,20.0,-1603.04,0.1741,20.0,-1602.6,0.1894,20.0,-1601.91,0.2633,20.0
288,2023-10-16,0.0,0.18288,4.3,20.05,12.4822916666667,0.18288,0.0,0.005187,0.0,-3.9119e-05,-11.448,60.48,-18.354,39.595,-14.053,-1000000.0,-1829.6,-1601.5,0.0,0.0,30.706,25.14,6.7854,0.0,-6473.32,0.1325,20.0,-2222.25,0.1623,20.0,-1744.39,0.171,20.0,-1608.37,0.1739,20.0,-1601.92,0.1741,20.0,-1602.19,0.1741,20.0,-1603.04,0.1741,20.0,-1602.6,0.1894,20.0,-1601.91,0.2633,20.0
289,2023-10-17,0.0,0.24892,6.6,16.175,12.215625,0.24892,0.0,0.0050187,0.0,-3.9114e-05,-11.199,60.48,-18.349,39.595,-14.053,-1000000.0,-1834.1,-1601.5,0.0,0.0,30.701,25.14,6.7905,0.0,-6594.52,0.1322,20.0,-2250.07,0.1619,20.0,-1756.26,0.1708,20.0,-1609.85,0.1739,20.0,-1601.98,0.1741,20.0,-1602.19,0.1741,20.0,-1603.03,0.1741,20.0,-1602.6,0.1894,20.0,-1601.92,0.2633,20.0
290,2023-10-18,0.0,0.36322,6.2,19.9,12.8614583333333,0.36322,0.0,0.0048577,0.0,-3.9119e-05,-10.836,60.48,-18.344,39.595,-14.054,-1000000.0,-1838.6,-1601.5,0.0,0.0,30.696,25.14,6.7954,0.0,-6714.25,0.1318,20.0,-2277.1,0.1615,20.0,-1767.88,0.1705,20.0,-1611.48,0.1739,20.0,-1602.05,0.1741,20.0,-1602.2,0.1741,20.0,-1603.03,0.1741,20.0,-1602.6,0.1894,20.0,-1601.92,0.2633,20.0
291,2023-10-19,0.0,0.42164,11.4,27.0,18.1760416666667,0.42164,0.0,0.0047008,0.0,-3.9113e-05,-10.414,60.48,-18.339,39.595,-14.054,-1000000.0,-1843.0,-1601.5,0.0,0.0,30.691,25.14,6.8001,0.0,-6827.95,0.1315,20.0,-2302.9,0.1611,20.0,-1779.42,0.1703,20.0,-1613.26,0.1738,20.0,-1602.14,0.1741,20.0,-1602.2,0.1741,20.0,-1603.02,0.1741,20.0,-1602.59,0.1894,20.0,-1601.93,0.2633,20.0
292,2023-10-20,0.0,0.26924,3.375,25.65,15.0583333333333,0.26924,0.0,0.0045615,0.0,-3.9123e-05,-10.145,60.48,-18.335,39.595,-14.054,-1000000.0,-1847.3,-1601.5,0.0,0.0,30.686,25.14,6.8047,0.0,-6927.03,0.1312,20.0,-2327.4,0.1607,20.0,-1790.81,0.17,20.0,-1615.16,0.1738,20.0,-1602.25,0.1741,20.0,-1602.2,0.1741,20.0,-1603.02,0.1741,20.0,-1602.59,0.1894,20.0,-1601.93,0.2633,20.0
293,2023-10-21,0.0,0.10922,-1.9,17.025,6.440625,0.10922,0.0,0.0044354,0.0,-3.9122e-05,-10.035,60.48,-18.33,39.595,-14.054,-1000000.0,-1851.3,-1601.5,0.0,0.0,30.682,25.14,6.8092,0.0,-7015.77,0.1309,20.0,-2350.72,0.1603,20.0,-1801.97,0.1698,20.0,-1617.19,0.1737,20.0,-1602.38,0.1741,20.0,-1602.21,0.1741,20.0,-1603.02,0.1741,20.0,-1602.59,0.1894,20.0,-1601.94,0.2633,20.0
294,2023-10-22,0.0765,0.06858,2.6,9.125,5.3875,0.06858,0.0,0.0043196,0.0,-3.9113e-05,-9.9669,60.48,-18.326,39.595,-14.054,-1000000.0,-1855.2,-1601.6,0.0,0.0,30.677,25.14,6.8135,0.0,-7097.68,0.1306,20.0,-2373.14,0.16,20.0,-1812.87,0.1696,20.0,-1619.33,0.1737,20.0,-1602.54,0.1741,20.0,-1602.21,0.1741,20.0,-1603.01,0.1741,20.0,-1602.59,0.1894,20.0,-1601.94,0.2633,20.0
295,2023-10-23,0.4765,0.03302,0.825,5.0,3.42708333333333,0.03302,0.0,0.0042125,0.0,-3.9118e-05,-9.9339,60.48,-18.322,39.595,-14.054,-1000000.0,-1859.0,-1601.6,0.0,0.0,30.673,25.14,6.8178,0.0,-7173.52,0.1304,20.0,-2395.35,0.1596,20.0,-1823.47,0.1693,20.0,-1621.57,0.1737,20.0,-1602.72,0.1741,20.0,-1602.21,0.1741,20.0,-1603.01,0.1741,20.0,-1602.59,0.1894,20.0,-1601.95,0.2633,20.0
296,2023-10-24,0.0,0.02286,-8.1,0.8,-4.26875,0.02286,0.0,0.0041134,0.0,-3.9112e-05,-9.911,60.48,-18.318,39.595,-14.054,-1000000.0,-1862.6,-1601.6,0.0,0.0,30.669,25.14,6.8219,0.0,-7243.52,0.1302,20.0,-2417.38,0.1593,20.0,-1834.05,0.1691,20.0,-1623.9,0.1736,20.0,-1602.93,0.1741,20.0,-1602.22,0.1741,20.0,-1603.0,0.1741,20.0,-1602.59,0.1894,20.0,-1601.95,0.2633,20.0
297,2023-10-25,0.0017,0.02794,-10.85,-4.875,-8.91458333333333,0.02794,0.0,0.0040215,0.0,-3.9121e-05,-9.8831,60.48,-18.314,39.595,-14.054,-1000000.0,-1866.1,-1601.6,0.0,0.0,30.665,25.14,6.826,0.0,-7308.45,0.13,20.0,-2439.06,0.159,20.0,-1844.62,0.1689,20.0,-1626.32,0.1736,20.0,-1603.17,0.174,20.0,-1602.22,0.1741,20.0,-1603.0,0.1741,20.0,-1602.59,0.1894,20.0,-1601.96,0.2633,20.0
298,2023-10-26,0.0,0.0254,-12.175,-4.675,-9.690625,0.0254,0.0,0.0039356,0.0,-3.9116e-05,-9.8577,60.48,-18.31,39.595,-14.054,-1000000.0,-1869.5,-1601.6,0.0,0.0,30.661,25.14,6.8299,0.0,-7369.19,0.1298,20.0,-2460.19,0.1586,20.0,-1855.04,0.1686,20.0,-1628.81,0.1735,20.0,-1603.44,0.174,20.0,-1602.23,0.1741,20.0,-1602.99,0.1741,20.0,-1602.58,0.1894,20.0,-1601.96,0.2633,20.0
299,2023-10-27,0.0,0.02286,-18.325,-3.4,-11.734375,0.02286,0.0,0.0038547,0.0,-3.9111e-05,-9.8348,60.48,-18.306,39.595,-14.054,-1000000.0,-1872.7,-1601.6,0.0,0.0,30.657,25.14,6.8338,0.0,-7426.52,0.1297,20.0,-2481.55,0.1583,20.0,-1865.23,0.1684,20.0,-1631.36,0.1734,20.0,-1603.75,0.174,20.0,-1602.23,0.1741,20.0,-1602.99,0.1741,20.0,-1602.58,0.1894,20.0,-1601.97,0.2633,20.0
300,2023-10-28,0.0,0.04064,-15.475,-2.525,-8.61458333333333,0.04064,0.0,0.0037779,0.0,-3.9106e-05,-9.7942,60.48,-18.302,39.595,-14.054,-1000000.0,-1875.9,-1601.6,0.0,0.0,30.653,25.14,6.8376,0.0,-7481.06,0.1295,20.0,-2504.92,0.1581,20.0,-1875.18,0.1682,20.0,-1633.98,0.1734,20.0,-1604.08,0.174,20.0,-1602.24,0.1741,20.0,-1602.99,0.1741,20.0,-1602.58,0.1894,20.0,-1601.97,0.2633,20.0
301,2023-10-29,0.0034,0.06604,-8.975,0.4,-4.11875,0.06604,0.0,0.0037044,0.0,-3.911e-05,-9.7282,60.48,-18.298,39.595,-14.054,-1000000.0,-1879.1,-1601.6,0.0,0.0,30.649,25.14,6.8413,0.0,-7533.24,0.1293,20.0,-2526.4,0.1578,20.0,-1884.93,0.168,20.0,-1636.65,0.1733,20.0,-1604.45,0.174,20.0,-1602.24,0.1741,20.0,-1602.98,0.1741,20.0,-1602.58,0.1894,20.0,-1601.97,0.2633,20.0
302,2023-10-30,0.0952,0.1016,-5.525,4.0,-0.882291666666667,0.1016,0.0,0.0036339,0.0,-3.9116e-05,-9.6266,60.48,-18.295,39.595,-14.054,-1000000.0,-1882.1,-1601.6,0.0,0.0,30.646,25.14,6.845,0.0,-7583.32,0.1292,20.0,-2546.77,0.1576,20.0,-1894.67,0.1678,20.0,-1639.36,0.1733,20.0,-1604.86,0.174,20.0,-1602.25,0.1741,20.0,-1602.98,0.1741,20.0,-1602.58,0.1894,20.0,-1601.98,0.2633,20.0
303,2023-10-31,0.0,0.13462,-1.1,7.375,2.45104166666667,0.13462,0.0,0.003566,0.0,-3.911e-05,-9.4919,60.48,-18.291,39.595,-14.054,-1000000.0,-1885.2,-1601.6,0.0,0.0,30.642,25.14,6.8485,0.0,-7631.43,0.129,20.0,-2566.35,0.1574,20.0,-1904.89,0.1676,20.0,-1642.12,0.1732,20.0,-1605.29,0.174,20.0,-1602.26,0.1741,20.0,-1602.97,0.1741,20.0,-1602.58,0.1894,20.0,-1601.98,0.2633,20.0
304,2023-11-01,0.0,0.15748,-0.625,12.375,4.26770833333333,0.15748,0.0,0.0035005,0.0,-3.911e-05,-9.3345,60.48,-18.288,39.595,-14.054,-1000000.0,-1888.1,-1601.6,0.0,0.0,30.638,25.14,6.8521,0.0,-7677.69,0.1289,20.0,-2585.24,0.1572,20.0,-1915.0,0.1674,20.0,-1644.91,0.1732,20.0,-1605.76,0.174,20.0,-1602.27,0.1741,20.0,-1602.97,0.1741,20.0,-1602.58,0.1894,20.0,-1601.98,0.2633,20.0
305,2023-11-02,0.0068,0.11176,4.0,10.375,6.99583333333333,0.11176,0.0,0.0034373,0.0,-3.9105e-05,-9.2227,60.48,-18.284,39.595,-14.054,-1000000.0,-1891.0,-1601.6,0.0,0.0,30.635,25.14,6.8555,0.0,-7722.22,0.1288,20.0,-2603.5,0.157,20.0,-1924.89,0.1672,20.0,-1647.73,0.1731,20.0,-1606.26,0.174,20.0,-1602.28,0.1741,20.0,-1602.96,0.1741,20.0,-1602.58,0.1894,20.0,-1601.99,0.2633,20.0
306,2023-11-03,0.0017,0.14478,1.325,12.975,6.86979166666667,0.14478,0.0,0.0033762,0.0,-3.911e-05,-9.0779,60.48,-18.281,39.595,-14.054,-1000000.0,-1893.8,-1601.6,0.0,0.0,30.632,25.14,6.8589,0.0,-7765.11,0.1286,20.0,-2621.15,0.1568,20.0,-1934.57,0.1669,20.0,-1650.58,0.173,20.0,-1606.8,0.174,20.0,-1602.29,0.1741,20.0,-1602.96,0.1741,20.0,-1602.57,0.1894,20.0,-1601.99,0.2633,20.0
307,2023-11-04,0.0136,0.1905,1.0,12.2,7.7375,0.1905,0.0,0.0033172,0.0,-3.912e-05,-8.8874,60.48,-18.277,39.595,-14.054,-1000000.0,-1896.6,-1601.6,0.0,0.0,30.628,25.14,6.8622,0.0,-7806.49,0.1285,20.0,-2638.22,0.1566,20.0,-1944.03,0.1667,20.0,-1653.45,0.173,20.0,-1607.36,0.174,20.0,-1602.3,0.1741,20.0,-1602.95,0.1741,20.0,-1602.57,0.1894,20.0,-1601.99,0.2633,20.0
308,2023-11-05,0.0,0.23876,5.5,14.4,9.73368,0.23876,0.0,0.0032599,0.0,-3.9119e-05,-8.6487,60.48,-18.274,39.595,-14.054,-1000000.0,-1899.4,-1601.6,0.0,0.0,30.625,25.14,6.8655,0.0,-7846.44,0.1284,20.0,-2654.72,0.1564,20.0,-1953.29,0.1665,20.0,-1656.35,0.1729,20.0,-1607.96,0.1739,20.0,-1602.32,0.1741,20.0,-1602.95,0.1741,20.0,-1602.57,0.1894,20.0,-1602.0,0.2633,20.0
309,2023-11-06,0.0357,0.1143,0.475,10.45,6.26875,0.1143,0.0,0.0032044,0.0,-3.9113e-05,-8.5344,60.48,-18.271,39.595,-14.054,-1000000.0,-1902.0,-1601.6,0.0,0.0,30.622,25.14,6.8687,0.0,-7885.05,0.1283,20.0,-2670.68,0.1562,20.0,-1962.35,0.1663,20.0,-1659.26,0.1728,20.0,-1608.59,0.1739,20.0,-1602.34,0.1741,20.0,-1602.94,0.1741,20.0,-1602.57,0.1894,20.0,-1602.0,0.2633,20.0
310,2023-11-07,0.0,0.2032,2.85,9.9,5.97395833333333,0.2032,0.0,0.0031506,0.0,-3.9114e-05,-8.3312,60.48,-18.268,39.595,-14.054,-1000000.0,-1904.7,-1601.6,0.0,0.0,30.618,25.14,6.8719,0.0,-7922.41,0.1282,20.0,-2686.14,0.156,20.0,-1972.56,0.1662,20.0,-1662.18,0.1728,20.0,-1609.25,0.1739,20.0,-1602.36,0.1741,20.0,-1602.94,0.1741,20.0,-1602.57,0.1894,20.0,-1602.0,0.2633,20.0
311,2023-11-08,0.0,0.12954,-3.3,9.425,2.68229166666667,0.12954,0.0,0.0031066,0.0,-3.9118e-05,-8.2016,60.48,-18.265,39.595,-14.054,-1000000.0,-1907.3,-1601.6,0.0,0.0,30.615,25.14,6.875,0.0,-7974.37,0.128,20.0,-2701.14,0.1559,20.0,-1982.01,0.166,20.0,-1665.12,0.1727,20.0,-1609.94,0.1739,20.0,-1602.39,0.1741,20.0,-1602.93,0.1741,20.0,-1602.57,0.1894,20.0,-1602.01,0.2633,20.0
312,2023-11-09,0.0,0.12446,-4.575,10.3,1.196875,0.12446,0.0,0.0030687,0.0,-3.9108e-05,-8.0772,60.48,-18.262,39.595,-14.054,-1000000.0,-1909.7,-1601.6,0.0,0.0,30.612,25.14,6.8781,0.0,-8028.58,0.1279,20.0,-2715.72,0.1557,20.0,-1991.05,0.1659,20.0,-1668.06,0.1727,20.0,-1610.66,0.1739,20.0,-1602.41,0.1741,20.0,-1602.93,0.1741,20.0,-1602.57,0.1894,20.0,-1602.01,0.2633,20.0
313,2023-11-10,0.0,0.15494,-4.9,9.25,2.09583333333333,0.15494,0.0,0.0030332,0.0,-3.9108e-05,-7.9222,60.48,-18.258,39.595,-14.054,-1000000.0,-1912.2,-1601.6,0.0,0.0,30.609,25.14,6.8811,0.0,-8083.76,0.1278,20.0,-2730.08,0.1555,20.0,-1999.82,0.1658,20.0,-1671.01,0.1726,20.0,-1611.4,0.1739,20.0,-1602.44,0.1741,20.0,-1602.93,0.1741,20.0,-1602.57,0.1894,20.0,-1602.01,0.2633,20.0
314,2023-11-11,0.0,0.28956,0.45,13.25,6.24270833333333,0.28956,0.0,0.0029984,0.0,-3.9117e-05,-7.6327,60.48,-18.255,39.595,-14.055,-1000000.0,-1914.6,-1601.6,0.0,0.0,30.606,25.14,6.8841,0.0,-8139.77,0.1277,20.0,-2743.94,0.1554,20.0,-2008.42,0.1656,20.0,-1673.97,0.1725,20.0,-1612.18,0.1739,20.0,-1602.48,0.1741,20.0,-1602.92,0.1741,20.0,-1602.57,0.1894,20.0,-1602.01,0.2633,20.0
315,2023-11-12,0.0,0.13462,-0.625,11.25,4.853125,0.13462,0.0,0.0029635,0.0,-3.9113e-05,-7.498,60.48,-18.252,39.595,-14.055,-1000000.0,-1917.0,-1601.6,0.0,0.0,30.603,25.14,6.8871,0.0,-8196.49,0.1276,20.0,-2757.13,0.1552,20.0,-2016.87,0.1655,20.0,-1676.93,0.1725,20.0,-1612.97,0.1738,20.0,-1602.52,0.1741,20.0,-1602.92,0.1741,20.0,-1602.57,0.1894,20.0,-1602.02,0.2633,20.0
316,2023-11-13,0.0,0.24892,-0.375,16.475,8.39895833333333,0.24892,0.0,0.0029284,0.0,-3.9102e-05,-7.2491,60.48,-18.25,39.595,-14.055,-1000000.0,-1919.4,-1601.6,0.0,0.0,30.6,25.14,6.89,0.0,-8253.77,0.1274,20.0,-2769.75,0.1551,20.0,-2025.19,0.1654,20.0,-1679.89,0.1724,20.0,-1613.8,0.1738,20.0,-1602.56,0.1741,20.0,-1602.91,0.1741,20.0,-1602.57,0.1894,20.0,-1602.02,0.2633,20.0
317,2023-11-14,0.0,0.18542,-2.55,12.375,4.825,0.18542,0.0,0.0028931,0.0,-3.9102e-05,-7.0637,60.48,-18.247,39.595,-14.055,-1000000.0,-1921.9,-1601.6,0.0,0.0,30.597,25.14,6.8929,0.0,-8311.43,0.1273,20.0,-2783.06,0.155,20.0,-2033.39,0.1652,20.0,-1682.86,0.1723,20.0,-1614.65,0.1738,20.0,-1602.6,0.1741,20.0,-1602.91,0.1741,20.0,-1602.56,0.1894,20.0,-1602.02,0.2633,20.0
318,2023-11-15,0.0,0.18796,0.05,14.775,7.56041666666667,0.18796,0.0,0.0028577,0.0,-3.9117e-05,-6.8757,60.48,-18.244,39.595,-14.055,-1000000.0,-1924.3,-1601.6,0.0,0.0,30.594,25.14,6.8958,0.0,-8369.15,0.1272,20.0,-2796.44,0.1548,20.0,-2041.68,0.1651,20.0,-1685.82,0.1723,20.0,-1615.52,0.1738,20.0,-1602.65,0.1741,20.0,-1602.9,0.1741,20.0,-1602.56,0.1894,20.0,-1602.02,0.2633,20.0
319,2023-11-16,0.3726,0.09906,-2.825,6.8,1.0,0.09906,0.0,0.0028223,0.0,-3.9103e-05,-6.7767,60.48,-18.241,39.595,-14.055,-1000000.0,-1926.8,-1601.6,0.0,0.0,30.591,25.14,6.8986,0.0,-8426.55,0.1271,20.0,-2809.58,0.1547,20.0,-2049.9,0.165,20.0,-1688.77,0.1722,20.0,-1616.41,0.1738,20.0,-1602.71,0.1741,20.0,-1602.9,0.1741,20.0,-1602.56,0.1894,20.0,-1602.03,0.2633,20.0
320,2023-11-17,0.0,0.27432,3.15,13.75,7.25208333333333,0.27432,0.0,0.0027871,0.0,-3.9103e-05,-6.5024,60.48,-18.238,39.595,-14.055,-1000000.0,-1929.2,-1601.6,0.0,0.0,30.588,25.14,6.9014,0.0,-8483.34,0.1269,20.0,-2822.43,0.1545,20.0,-2057.88,0.1649,20.0,-1691.72,0.1721,20.0,-1617.33,0.1737,20.0,-1602.77,0.1741,20.0,-1602.9,0.1741,20.0,-1602.56,0.1894,20.0,-1602.03,0.2633,20.0
321,2023-11-18,0.0,0.19304,-0.125,13.35,5.53958333333333,0.19304,0.0,0.0027532,0.0,-3.9108e-05,-6.3093,60.48,-18.235,39.595,-14.055,-1000000.0,-1931.6,-1601.6,0.0,0.0,30.586,25.14,6.9042,0.0,-8535.58,0.1268,20.0,-2835.03,0.1544,20.0,-2065.66,0.1647,20.0,-1694.67,0.1721,20.0,-1618.26,0.1737,20.0,-1602.83,0.1741,20.0,-1602.89,0.1741,20.0,-1602.56,0.1894,20.0,-1602.03,0.2633,20.0
322,2023-11-19,0.0,0.18796,1.95,12.4,5.996875,0.18796,0.0,0.0027217,0.0,-3.9108e-05,-6.1214,60.48,-18.233,39.595,-14.055,-1000000.0,-1933.9,-1601.6,0.0,0.0,30.583,25.14,6.9069,0.0,-8583.01,0.1267,20.0,-2847.42,0.1542,20.0,-2073.26,0.1646,20.0,-1697.61,0.172,20.0,-1619.22,0.1737,20.0,-1602.9,0.1741,20.0,-1602.89,0.1741,20.0,-1602.56,0.1894,20.0,-1602.03,0.2633,20.0
323,2023-11-20,0.0,0.1651,-1.325,8.125,2.86666666666667,0.1651,0.0,0.0026925,0.0,-3.9117e-05,-5.9563,60.48,-18.23,39.595,-14.055,-1000000.0,-1936.2,-1601.6,0.0,0.0,30.58,25.14,6.9096,0.0,-8627.02,0.1266,20.0,-2859.66,0.1541,20.0,-2080.71,0.1645,20.0,-1700.55,0.172,20.0,-1620.19,0.1737,20.0,-1602.98,0.1741,20.0,-1602.88,0.1741,20.0,-1602.56,0.1894,20.0,-1602.03,0.2633,20.0
324,2023-11-21,0.0,0.33274,3.65,11.25,7.96145833333333,0.33274,0.0,0.0026651,0.0,-3.9106e-05,-5.6235,60.48,-18.227,39.595,-14.055,-1000000.0,-1938.3,-1601.6,0.0,0.0,30.577,25.14,6.9123,0.0,-8668.63,0.1265,20.0,-2871.76,0.154,20.0,-2088.02,0.1644,20.0,-1703.48,0.1719,20.0,-1621.19,0.1737,20.0,-1603.06,0.1741,20.0,-1602.88,0.1741,20.0,-1602.56,0.1894,20.0,-1602.04,0.2633,20.0
325,2023-11-22,0.0,0.1524,-1.925,10.625,5.92395833333333,0.1524,0.0,0.0026392,0.0,-3.9106e-05,-5.4711,60.48,-18.225,39.595,-14.055,-1000000.0,-1940.5,-1601.6,0.0,0.0,30.575,25.14,6.9149,0.0,-8708.53,0.1265,20.0,-2883.71,0.1538,20.0,-2095.19,0.1643,20.0,-1706.4,0.1718,20.0,-1622.2,0.1736,20.0,-1603.14,0.174,20.0,-1602.87,0.1741,20.0,-1602.56,0.1894,20.0,-1602.04,0.2633,20.0
326,2023-11-23,0.0,0.01016,-5.6,-2.2,-4.47291666666667,0.01016,0.0,0.0026143,0.0,-3.9111e-05,-5.461,60.48,-18.222,39.595,-14.055,-1000000.0,-1942.6,-1601.6,0.0,0.0,30.572,25.14,6.9176,0.0,-8747.16,0.1264,20.0,-2895.51,0.1537,20.0,-2102.25,0.1642,20.0,-1709.31,0.1718,20.0,-1623.23,0.1736,20.0,-1603.24,0.174,20.0,-1602.87,0.1741,20.0,-1602.56,0.1894,20.0,-1602.04,0.2633,20.0
327,2023-11-24,0.0,0.01778,-12.725,-5.175,-6.821875,0.01778,0.0,0.0025903,0.0,-3.9112e-05,-5.4432,60.48,-18.219,39.595,-14.055,-1000000.0,-1944.6,-1601.6,0.0,0.0,30.569,25.14,6.9202,0.0,-8784.81,0.1263,20.0,-2907.14,0.1536,20.0,-2109.24,0.1641,20.0,-1712.22,0.1717,20.0,-1624.27,0.1736,20.0,-1603.33,0.174,20.0,-1602.87,0.1741,20.0,-1602.56,0.1894,20.0,-1602.04,0.2633,20.0
328,2023-11-25,0.0527,0.06096,-10.375,3.575,-2.86458333333333,0.06096,0.0,0.0025669,0.0,-3.9107e-05,-5.3822,60.48,-18.217,39.595,-14.055,-1000000.0,-1946.7,-1601.6,0.0,0.0,30.567,25.14,6.9227,0.0,-8821.73,0.1262,20.0,-2918.62,0.1534,20.0,-2116.2,0.164,20.0,-1715.11,0.1716,20.0,-1625.33,0.1736,20.0,-1603.44,0.174,20.0,-1602.86,0.1741,20.0,-1602.56,0.1894,20.0,-1602.04,0.2633,20.0
329,2023-11-26,0.0,0.05842,-8.025,3.925,-2.55833333333333,0.05842,0.0,0.002544,0.0,-3.9107e-05,-5.3238,60.48,-18.214,39.595,-14.055,-1000000.0,-1948.7,-1601.7,0.0,0.0,30.564,25.14,6.9253,0.0,-8858.03,0.1261,20.0,-2929.93,0.1533,20.0,-2123.05,0.1639,20.0,-1717.99,0.1716,20.0,-1626.4,0.1736,20.0,-1603.55,0.174,20.0,-1602.86,0.1741,20.0,-1602.55,0.1894,20.0,-1602.05,0.2633,20.0
330,2023-11-27,0.0,0.18288,-6.825,7.8,1.12083333333333,0.18288,0.0,0.0025216,0.0,-3.9111e-05,-5.1409,60.48,-18.212,39.595,-14.055,-1000000.0,-1950.7,-1601.7,0.0,0.0,30.562,25.14,6.9278,0.0,-8893.59,0.1261,20.0,-2941.3,0.1532,20.0,-2129.78,0.1638,20.0,-1720.86,0.1715,20.0,-1627.49,0.1735,20.0,-1603.66,0.174,20.0,-1602.86,0.1741,20.0,-1602.55,0.1894,20.0,-1602.05,0.2633,20.0
331,2023-11-28,0.0,0.28194,0.125,10.625,4.359375,0.28194,0.0,0.0024996,0.0,-3.9106e-05,-4.859,60.48,-18.209,39.595,-14.055,-1000000.0,-1952.8,-1601.7,0.0,0.0,30.559,25.14,6.9303,0.0,-8928.09,0.126,20.0,-2952.89,0.1531,20.0,-2136.46,0.1636,20.0,-1723.72,0.1715,20.0,-1628.59,0.1735,20.0,-1603.78,0.174,20.0,-1602.85,0.1741,20.0,-1602.55,0.1894,20.0,-1602.05,0.2633,20.0
332,2023-11-29,0.0,0.10668,-10.025,7.975,0.0031249999999998,0.10668,0.0,0.0024783,0.0,-3.9116e-05,-4.7523,60.48,-18.207,39.595,-14.055,-1000000.0,-1954.7,-1601.7,0.0,0.0,30.557,25.14,6.9328,0.0,-8961.35,0.1259,20.0,-2964.54,0.1529,20.0,-2143.11,0.1635,20.0,-1726.58,0.1714,20.0,-1629.71,0.1735,20.0,-1603.91,0.174,20.0,-1602.85,0.1741,20.0,-1602.55,0.1894,20.0,-1602.05,0.2633,20.0
333,2023-11-30,0.0,0.0254,-12.5,0.75,-7.184375,0.0254,0.0,0.0024578,0.0,-3.9116e-05,-4.7269,60.48,-18.204,39.595,-14.055,-1000000.0,-1956.7,-1601.7,0.0,0.0,30.554,25.14,6.9353,0.0,-8993.39,0.1258,20.0,-2976.16,0.1528,20.0,-2149.69,0.1634,20.0,-1729.42,0.1713,20.0,-1630.83,0.1735,20.0,-1604.05,0.174,20.0,-1602.84,0.1741,20.0,-1602.55,0.1894,20.0,-1602.05,0.2633,20.0
334,2023-12-01,0.0,0.1143,-11.55,2.85,-2.70833333333333,0.1143,0.0,0.0024379,0.0,-3.9116e-05,-4.6126,60.48,-18.202,39.595,-14.055,-1000000.0,-1958.6,-1601.7,0.0,0.0,30.552,25.14,6.9377,0.0,-9024.31,0.1258,20.0,-2987.67,0.1527,20.0,-2156.21,0.1633,20.0,-1732.25,0.1713,20.0,-1631.97,0.1734,20.0,-1604.19,0.174,20.0,-1602.84,0.1741,20.0,-1602.55,0.1894,20.0,-1602.06,0.2633,20.0
335,2023-12-02,0.0,0.1651,-2.725,4.55,0.510416666666667,0.1651,0.0,0.0024186,0.0,-3.9111e-05,-4.4475,60.48,-18.199,39.595,-14.055,-1000000.0,-1960.5,-1601.7,0.0,0.0,30.549,25.14,6.9401,0.0,-9054.25,0.1257,20.0,-2999.06,0.1525,20.0,-2162.65,0.1632,20.0,-1735.07,0.1712,20.0,-1633.12,0.1734,20.0,-1604.33,0.174,20.0,-1602.84,0.1741,20.0,-1602.55,0.1894,20.0,-1602.06,0.2633,20.0
336,2023-12-03,0.0,0.17018,-3.95,6.5,1.57916666666667,0.17018,0.0,0.0024,0.0,-3.9106e-05,-4.2773,60.48,-18.197,39.595,-14.055,-1000000.0,-1962.3,-1601.7,0.0,0.0,30.547,25.14,6.9425,0.0,-9083.33,0.1256,20.0,-3010.31,0.1524,20.0,-2169.02,0.1631,20.0,-1737.88,0.1712,20.0,-1634.27,0.1734,20.0,-1604.49,0.174,20.0,-1602.84,0.1741,20.0,-1602.55,0.1894,20.0,-1602.06,0.2633,20.0
337,2023-12-04,0.0,0.16256,-2.625,9.575,5.40729166666667,0.16256,0.0,0.0023818,0.0,-3.9116e-05,-4.1148,60.48,-18.195,39.595,-14.055,-1000000.0,-1964.2,-1601.7,0.0,0.0,30.544,25.14,6.9449,0.0,-9111.66,0.1256,20.0,-3021.41,0.1523,20.0,-2175.33,0.163,20.0,-1740.67,0.1711,20.0,-1635.44,0.1734,20.0,-1604.65,0.174,20.0,-1602.83,0.1741,20.0,-1602.55,0.1894,20.0,-1602.06,0.2633,20.0
338,2023-12-05,0.0,0.33782,9.525,15.325,12.5104166666667,0.33782,0.0,0.0023641,0.0,-3.911e-05,-3.7769,60.48,-18.192,39.595,-14.055,-1000000.0,-1966.0,-1601.7,0.0,0.0,30.542,25.14,6.9473,0.0,-9139.35,0.1255,20.0,-3032.36,0.1522,20.0,-2181.6,0.1629,20.0,-1743.45,0.171,20.0,-1636.62,0.1733,20.0,-1604.81,0.174,20.0,-1602.83,0.1741,20.0,-1602.55,0.1894,20.0,-1602.06,0.2633,20.0
339,2023-12-06,0.0,0.25146,6.05,15.675,11.015625,0.25146,0.0,0.0023468,0.0,-3.911e-05,-3.5255,60.48,-18.19,39.595,-14.056,-1000000.0,-1967.8,-1601.7,0.0,0.0,30.54,25.14,6.9496,0.0,-9166.47,0.1255,20.0,-3043.16,0.1521,20.0,-2187.83,0.1629,20.0,-1746.22,0.171,20.0,-1637.8,0.1733,20.0,-1604.99,0.174,20.0,-1602.83,0.1741,20.0,-1602.55,0.1894,20.0,-1602.06,0.2633,20.0
340,2023-12-07,0.0,0.09144,-3.225,8.15,3.30625,0.09144,0.0,0.0023299,0.0,-3.9105e-05,-3.434,60.48,-18.188,39.595,-14.056,-1000000.0,-1969.6,-1601.7,0.0,0.0,30.537,25.14,6.952,0.0,-9193.09,0.1254,20.0,-3053.81,0.1519,20.0,-2193.97,0.1628,20.0,-1748.98,0.1709,20.0,-1638.99,0.1733,20.0,-1605.17,0.174,20.0,-1602.82,0.1741,20.0,-1602.55,0.1894,20.0,-1602.07,0.2633,20.0
341,2023-12-08,0.0068,0.03302,-10.3,5.75,-2.80833333333333,0.03302,0.0,0.0023132,0.0,-3.911e-05,-3.401,60.48,-18.185,39.595,-14.056,-1000000.0,-1971.3,-1601.7,0.0,0.0,30.535,25.14,6.9543,0.0,-9219.27,0.1254,20.0,-3064.32,0.1518,20.0,-2200.03,0.1627,20.0,-1751.73,0.1709,20.0,-1640.19,0.1733,20.0,-1605.35,0.174,20.0,-1602.82,0.1741,20.0,-1602.55,0.1894,20.0,-1602.07,0.2633,20.0
342,2023-12-09,0.0,0.1397,-6.625,3.35,-1.165625,0.1397,0.0,0.0022969,0.0,-3.911e-05,-3.2613,60.48,-18.183,39.595,-14.056,-1000000.0,-1973.1,-1601.7,0.0,0.0,30.532,25.14,6.9566,0.0,-9245.05,0.1253,20.0,-3074.69,0.1517,20.0,-2206.0,0.1626,20.0,-1754.47,0.1708,20.0,-1641.4,0.1732,20.0,-1605.54,0.174,20.0,-1602.82,0.1741,20.0,-1602.54,0.1894,20.0,-1602.07,0.2633,20.0
343,2023-12-10,0.0,0.21082,0.875,6.65,3.815625,0.21082,0.0,0.0022807,0.0,-3.9105e-05,-3.0505,60.48,-18.181,39.595,-14.056,-1000000.0,-1974.8,-1601.7,0.0,0.0,30.53,25.14,6.9589,0.0,-9270.47,0.1252,20.0,-3084.91,0.1516,20.0,-2211.88,0.1625,20.0,-1757.2,0.1707,20.0,-1642.61,0.1732,20.0,-1605.74,0.174,20.0,-1602.82,0.1741,20.0,-1602.54,0.1894,20.0,-1602.07,0.2633,20.0
344,2023-12-11,0.148,0.04572,-3.725,3.875,0.255208333333333,0.04572,0.0,0.0022648,0.0,-3.9115e-05,-3.0048,60.48,-18.178,39.595,-14.056,-1000000.0,-1976.5,-1601.7,0.0,0.0,30.528,25.14,6.9611,0.0,-9295.57,0.1252,20.0,-3094.99,0.1515,20.0,-2217.68,0.1624,20.0,-1759.92,0.1707,20.0,-1643.83,0.1732,20.0,-1605.95,0.174,20.0,-1602.82,0.1741,20.0,-1602.54,0.1894,20.0,-1602.07,0.2633,20.0
345,2023-12-12,0.0034,0.04064,-5.475,5.225,-1.43854166666667,0.04064,0.0,0.0022491,0.0,-3.9105e-05,-2.9641,60.48,-18.176,39.595,-14.056,-1000000.0,-1978.2,-1601.7,0.0,0.0,30.526,25.14,6.9634,0.0,-9320.37,0.1251,20.0,-3104.94,0.1514,20.0,-2223.39,0.1623,20.0,-1762.63,0.1706,20.0,-1645.06,0.1732,20.0,-1606.16,0.174,20.0,-1602.81,0.1741,20.0,-1602.54,0.1894,20.0,-1602.07,0.2633,20.0
346,2023-12-13,0.0,0.13716,-4.75,9.0,0.878125,0.13716,0.0,0.0022336,0.0,-3.911e-05,-2.827,60.48,-18.174,39.595,-14.056,-1000000.0,-1979.9,-1601.7,0.0,0.0,30.523,25.14,6.9656,0.0,-9344.89,0.1251,20.0,-3114.75,0.1513,20.0,-2229.01,0.1622,20.0,-1765.33,0.1706,20.0,-1646.29,0.1731,20.0,-1606.38,0.174,20.0,-1602.81,0.1741,20.0,-1602.54,0.1894,20.0,-1602.07,0.2633,20.0
347,2023-12-14,0.0,0.11684,-2.925,9.275,1.02604166666667,0.11684,0.0,0.0022182,0.0,-3.9104e-05,-2.7101,60.48,-18.172,39.595,-14.056,-1000000.0,-1981.6,-1601.7,0.0,0.0,30.521,25.14,6.9679,0.0,-9369.16,0.125,20.0,-3124.43,0.1511,20.0,-2234.56,0.1621,20.0,-1768.01,0.1705,20.0,-1647.53,0.1731,20.0,-1606.6,0.174,20.0,-1602.81,0.1741,20.0,-1602.54,0.1894,20.0,-1602.08,0.2633,20.0
348,2023-12-15,0.0,0.10668,-6.45,8.35,0.763541666666667,0.10668,0.0,0.0022029,0.0,-3.911e-05,-2.6035,60.48,-18.17,39.595,-14.056,-1000000.0,-1983.3,-1601.7,0.0,0.0,30.519,25.14,6.9701,0.0,-9393.2,0.125,20.0,-3135.92,0.151,20.0,-2240.03,0.162,20.0,-1770.68,0.1705,20.0,-1648.77,0.1731,20.0,-1606.83,0.174,20.0,-1602.81,0.1741,20.0,-1602.54,0.1894,20.0,-1602.08,0.2633,20.0
349,2023-12-16,0.0,0.3302,4.125,11.3,7.08645833333333,0.3302,0.0,0.0021878,0.0,-3.9109e-05,-2.2733,60.48,-18.167,39.595,-14.056,-1000000.0,-1985.0,-1601.7,0.0,0.0,30.517,25.14,6.9723,0.0,-9417.02,0.1249,20.0,-3146.82,0.151,20.0,-2245.46,0.162,20.0,-1773.33,0.1704,20.0,-1650.02,0.173,20.0,-1607.07,0.174,20.0,-1602.81,0.1741,20.0,-1602.54,0.1894,20.0,-1602.08,0.2633,20.0
350,2023-12-17,0.0,0.06604,-7.75,5.325,-0.157291666666667,0.06604,0.0,0.0021729,0.0,-3.9104e-05,-2.2072,60.48,-18.165,39.595,-14.056,-1000000.0,-1986.7,-1601.7,0.0,0.0,30.514,25.14,6.9744,0.0,-9440.62,0.1249,20.0,-3157.29,0.1509,20.0,-2250.98,0.1619,20.0,-1775.98,0.1703,20.0,-1651.27,0.173,20.0,-1607.32,0.174,20.0,-1602.81,0.1741,20.0,-1602.54,0.1894,20.0,-1602.08,0.2633,20.0
351,2023-12-18,0.0,0.2286,-3.35,12.575,6.90833333333333,0.2286,0.0,0.002158,0.0,-3.9109e-05,-1.9786,60.48,-18.163,39.595,-14.056,-1000000.0,-1988.4,-1601.7,0.0,0.0,30.512,25.14,6.9766,0.0,-9463.98,0.1248,20.0,-3167.54,0.1508,20.0,-2256.58,0.1618,20.0,-1778.62,0.1703,20.0,-1652.53,0.173,20.0,-1607.57,0.174,20.0,-1602.81,0.1741,20.0,-1602.54,0.1894,20.0,-1602.08,0.2633,20.0
352,2023-12-19,0.0085,0.19304,1.925,13.15,7.56458333333333,0.19304,0.0,0.0021433,0.0,-3.911e-05,-1.7856,60.48,-18.161,39.595,-14.056,-1000000.0,-1990.1,-1601.7,0.0,0.0,30.51,25.14,6.9787,0.0,-9487.08,0.1248,20.0,-3177.59,0.1507,20.0,-2262.21,0.1617,20.0,-1781.25,0.1702,20.0,-1653.79,0.173,20.0,-1607.82,0.1739,20.0,-1602.81,0.1741,20.0,-1602.53,0.1894,20.0,-1602.08,0.2633,20.0
353,2023-12-20,0.0,0.20574,4.35,12.8,7.19166666666667,0.20574,0.0,0.0021288,0.0,-3.9114e-05,-1.5798,60.48,-18.159,39.595,-14.056,-1000000.0,-1991.7,-1601.7,0.0,0.0,30.508,25.14,6.9809,0.0,-9509.9,0.1247,20.0,-3187.46,0.1506,20.0,-2267.82,0.1616,20.0,-1783.88,0.1702,20.0,-1655.05,0.1729,20.0,-1608.09,0.1739,20.0,-1602.81,0.1741,20.0,-1602.53,0.1894,20.0,-1602.08,0.2633,20.0
354,2023-12-21,0.0,0.1651,-1.125,12.4,6.38125,0.1651,0.0,0.0021144,0.0,-3.9109e-05,-1.4147,60.48,-18.157,39.595,-14.056,-1000000.0,-1993.4,-1601.7,0.0,0.0,30.506,25.14,6.983,0.0,-9532.42,0.1247,20.0,-3197.15,0.1506,20.0,-2273.38,0.1615,20.0,-1786.49,0.1701,20.0,-1656.31,0.1729,20.0,-1608.35,0.1739,20.0,-1602.81,0.1741,20.0,-1602.53,0.1894,20.0,-1602.08,0.2633,20.0
355,2023-12-22,0.0,0.2032,2.825,11.925,6.90625,0.2032,0.0,0.0021002,0.0,-3.911e-05,-1.2115,60.48,-18.154,39.595,-14.056,-1000000.0,-1995.0,-1601.7,0.0,0.0,30.503,25.14,6.9851,0.0,-9554.63,0.1246,20.0,-3206.68,0.1505,20.0,-2278.91,0.1614,20.0,-1789.09,0.1701,20.0,-1657.58,0.1729,20.0,-1608.63,0.1739,20.0,-1602.81,0.1741,20.0,-1602.53,0.1894,20.0,-1602.08,0.2633,20.0
356,2023-12-23,0.0,0.07366,-4.55,3.975,0.003125,0.07366,0.0,0.0020861,0.0,-3.9099e-05,-1.1379,60.48,-18.152,39.595,-14.056,-1000000.0,-1996.6,-1601.7,0.0,0.0,30.501,25.14,6.9872,0.0,-9576.54,0.1246,20.0,-3216.04,0.1504,20.0,-2284.38,0.1614,20.0,-1791.68,0.17,20.0,-1658.85,0.1729,20.0,-1608.91,0.1739,20.0,-1602.81,0.1741,20.0,-1602.53,0.1894,20.0,-1602.08,0.2633,20.0
357,2023-12-24,0.0,0.0762,-9.675,3.125,-4.54375,0.0762,0.0,0.0020722,0.0,-3.9109e-05,-1.0617,60.48,-18.15,39.595,-14.056,-1000000.0,-1998.2,-1601.7,0.0,0.0,30.499,25.14,6.9893,0.0,-9598.12,0.1245,20.0,-3225.25,0.1503,20.0,-2289.79,0.1613,20.0,-1794.26,0.17,20.0,-1660.13,0.1728,20.0,-1609.19,0.1739,20.0,-1602.81,0.1741,20.0,-1602.53,0.1894,20.0,-1602.09,0.2633,20.0
358,2023-12-25,0.0,0.12954,-10.325,5.575,-3.33541666666667,0.12954,0.0,0.0020586,0.0,-3.9109e-05,-0.93213,60.48,-18.148,39.595,-14.056,-1000000.0,-1999.8,-1601.7,0.0,0.0,30.497,25.14,6.9913,0.0,-9619.39,0.1245,20.0,-3234.31,0.1503,20.0,-2295.15,0.1612,20.0,-1796.82,0.1699,20.0,-1661.4,0.1728,20.0,-1609.49,0.1739,20.0,-1602.82,0.1741,20.0,-1602.53,0.1894,20.0,-1602.09,0.2633,20.0
359,2023-12-26,0.0,0.1651,-6.25,6.95,0.0583333333333333,0.1651,0.0,0.002045,0.0,-3.9099e-05,-0.76703,60.48,-18.146,39.595,-14.056,-1000000.0,-2001.4,-1601.7,0.0,0.0,30.495,25.14,6.9934,0.0,-9640.35,0.1244,20.0,-3243.22,0.1502,20.0,-2300.46,0.1611,20.0,-1799.37,0.1698,20.0,-1662.68,0.1728,20.0,-1609.78,0.1739,20.0,-1602.82,0.1741,20.0,-1602.53,0.1894,20.0,-1602.09,0.2633,20.0
360,2023-12-27,0.0,0.09144,-6.775,7.3,-0.14375,0.09144,0.0,0.0020317,0.0,-3.9104e-05,-0.67559,60.48,-18.144,39.595,-14.056,-1000000.0,-2002.9,-1601.7,0.0,0.0,30.493,25.14,6.9954,0.0,-9661.0,0.1244,20.0,-3252.01,0.1501,20.0,-2305.71,0.161,20.0,-1801.91,0.1698,20.0,-1663.96,0.1727,20.0,-1610.09,0.1739,20.0,-1602.82,0.1741,20.0,-1602.53,0.1894,20.0,-1602.09,0.2633,20.0
361,2023-12-28,0.0,0.1905,-2.8,11.65,4.85729166666667,0.1905,0.0,0.0020186,0.0,-3.9114e-05,-0.48509,60.48,-18.142,39.595,-14.056,-1000000.0,-2004.5,-1601.7,0.0,0.0,30.491,25.14,6.9974,0.0,-9681.35,0.1244,20.0,-3260.66,0.15,20.0,-2310.91,0.1609,20.0,-1804.44,0.1697,20.0,-1665.24,0.1727,20.0,-1610.4,0.1739,20.0,-1602.82,0.1741,20.0,-1602.53,0.1894,20.0,-1602.09,0.2633,20.0
362,2023-12-29,0.0,0.07874,-5.25,10.55,1.37708333333333,0.07874,0.0,0.0020056,0.0,-3.9114e-05,-0.40635,60.48,-18.14,39.595,-14.056,-1000000.0,-2006.0,-1601.7,0.0,0.0,30.489,25.14,6.9994,0.0,-9701.41,0.1243,20.0,-3269.18,0.15,20.0,-2316.07,0.1609,20.0,-1806.98,0.1697,20.0,-1666.52,0.1727,20.0,-1610.71,0.1739,20.0,-1602.83,0.1741,20.0,-1602.53,0.1894,20.0,-1602.09,0.2633,20.0
363,2023-12-30,0.0,0.03302,-8.125,7.625,-1.759375,0.03302,0.0,0.0019928,0.0,-3.9108e-05,-0.37333,60.48,-18.138,39.595,-14.056,-1000000.0,-2007.6,-1601.7,0.0,0.0,30.487,25.14,7.0014,0.0,-9721.18,0.1243,20.0,-3277.59,0.1499,20.0,-2321.18,0.1608,20.0,-1809.51,0.1696,20.0,-1667.81,0.1727,20.0,-1611.03,0.1739,20.0,-1602.83,0.1741,20.0,-1602.53,0.1894,20.0,-1602.09,0.2633,20.0
364,2023-12-31,0.0,0.10668,-7.525,10.125,0.734375,0.10668,0.0,0.0019802,0.0,-3.9104e-05,-0.26665,60.48,-18.136,39.595,-14.056,-1000000.0,-2009.1,-1601.7,0.0,0.0,30.485,25.14,7.0034,0.0,-9740.67,0.1242,20.0,-3285.88,0.1498,20.0,-2326.24,0.1607,20.0,-1812.03,0.1696,20.0,-1669.09,0.1726,20.0,-1611.36,0.1739,20.0,-1602.84,0.1741,20.0,-1602.52,0.1894,20.0,-1602.09,0.2633,20.0
365,2024-01-01,0.0,0.127,-4.5,7.55,0.603125,0.127,0.0,0.0019677,0.0,-3.9109e-05,-0.13965,60.48,-18.134,39.595,-14.057,-1000000.0,-2010.6,-1601.7,0.0,0.0,30.483,25.14,7.0054,0.0,-9759.9,0.1242,20.0,-3294.06,0.1498,20.0,-2331.24,0.1606,20.0,-1814.55,0.1695,20.0,-1670.38,0.1726,20.0,-1611.69,0.1739,20.0,-1602.84,0.1741,20.0,-1602.52,0.1894,20.0,-1602.09,0.2633,20.0
366,2024-01-02,0.0,0.11684,-4.275,6.675,-0.121875,0.11684,0.0,0.0019554,0.0,-3.9104e-05,-0.022814,60.48,-18.132,39.595,-14.057,-1000000.0,-2012.1,-1601.7,0.0,0.0,30.481,25.14,7.0073,0.0,-9778.86,0.1241,20.0,-3302.14,0.1497,20.0,-2336.19,0.1606,20.0,-1817.05,0.1695,20.0,-1671.66,0.1726,20.0,-1612.02,0.1739,20.0,-1602.85,0.1741,20.0,-1602.52,0.1894,20.0,-1602.09,0.2633,20.0
367,2024-01-03,0.0,0.04064,-11.325,4.075,-4.49895833333333,0.04064,0.0,0.0019432,0.0,-3.9113e-05,0.017826,60.48,-18.13,39.595,-14.057,-1000000.0,-2013.6,-1601.7,0.0,0.0,30.479,25.14,7.0093,0.0,-9797.57,0.1241,20.0,-3310.11,0.1496,20.0,-2341.07,0.1605,20.0,-1819.55,0.1694,20.0,-1672.95,0.1726,20.0,-1612.37,0.1739,20.0,-1602.85,0.1741,20.0,-1602.52,0.1894,20.0,-1602.1,0.2633,20.0
368,2024-01-04,0.0,0.11176,-4.1,7.425,0.45,0.11176,0.0,0.0019312,0.0,-3.9104e-05,0.12959,60.48,-18.128,39.595,-14.057,-1000000.0,-2015.1,-1601.7,0.0,0.0,30.477,25.14,7.0112,0.0,-9816.04,0.1241,20.0,-3317.97,0.1496,20.0,-2345.91,0.1604,20.0,-1822.03,0.1694,20.0,-1674.24,0.1725,20.0,-1612.71,0.1738,20.0,-1602.86,0.1741,20.0,-1602.52,0.1894,20.0,-1602.1,0.2633,20.0
369,2024-01-05,0.0,0.09144,-3.425,5.325,-0.651041666666667,0.09144,0.0,0.0019193,0.0,-3.9109e-05,0.22103,60.48,-18.126,39.595,-14.057,-1000000.0,-2016.5,-1601.7,0.0,0.0,30.475,25.14,7.0132,0.0,-9834.26,0.124,20.0,-3325.75,0.1495,20.0,-2350.68,0.1603,20.0,-1824.5,0.1693,20.0,-1675.53,0.1725,20.0,-1613.06,0.1738,20.0,-1602.87,0.1741,20.0,-1602.52,0.1894,20.0,-1602.1,0.2633,20.0
370,2024-01-06,0.0,0.1524,-5.325,2.2,-0.451041666666667,0.1524,0.0,0.0019076,0.0,-3.9104e-05,0.37343,60.48,-18.125,39.595,-14.057,-1000000.0,-2018.0,-1601.7,0.0,0.0,30.473,25.14,7.0151,0.0,-9852.25,0.124,20.0,-3333.42,0.1495,20.0,-2355.4,0.1603,20.0,-1826.96,0.1693,20.0,-1676.82,0.1725,20.0,-1613.42,0.1738,20.0,-1602.88,0.1741,20.0,-1602.52,0.1894,20.0,-1602.1,0.2633,20.0
371,2024-01-07,0.0,0.02794,-13.95,-5.325,-10.1489583333333,0.02794,0.0,0.001896,0.0,-3.9113e-05,0.40137,60.48,-18.123,39.595,-14.057,-1000000.0,-2019.4,-1601.7,0.0,0.0,30.471,25.14,7.017,0.0,-9870.02,0.1239,20.0,-3341.0,0.1494,20.0,-2360.06,0.1602,20.0,-1829.4,0.1692,20.0,-1678.11,0.1724,20.0,-1613.78,0.1738,20.0,-1602.88,0.1741,20.0,-1602.52,0.1894,20.0,-1602.1,0.2633,20.0
372,2024-01-08,0.0,0.08382,-18.125,-0.875,-8.43541666666667,0.08382,0.0,0.0018845,0.0,-3.9108e-05,0.48519,60.48,-18.121,39.595,-14.057,-1000000.0,-2020.9,-1601.7,0.0,0.0,30.469,25.14,7.0188,0.0,-9887.57,0.1239,20.0,-3348.5,0.1493,20.0,-2364.99,0.1601,20.0,-1831.83,0.1691,20.0,-1679.39,0.1724,20.0,-1614.15,0.1738,20.0,-1602.89,0.1741,20.0,-1602.52,0.1894,20.0,-1602.1,0.2633,20.0
373,2024-01-09,0.0,0.1905,-2.55,5.875,1.115625,0.1905,0.0,0.0018732,0.0,-3.9113e-05,0.67569,60.48,-18.119,39.595,-14.057,-1000000.0,-2022.3,-1601.7,0.0,0.0,30.467,25.14,7.0207,0.0,-9904.9,0.1239,20.0,-3355.92,0.1493,20.0,-2370.01,0.16,20.0,-1834.27,0.1691,20.0,-1680.68,0.1724,20.0,-1614.52,0.1738,20.0,-1602.9,0.1741,20.0,-1602.52,0.1894,20.0,-1602.1,0.2633,20.0
374,2024-01-10,0.0,0.0381,-19.575,-6.725,-14.7020833333333,0.0381,0.0,0.001862,0.0,-3.9103e-05,0.71379,60.48,-18.117,39.595,-14.057,-1000000.0,-2023.7,-1601.7,0.0,0.0,30.465,25.14,7.0226,0.0,-9922.04,0.1238,20.0,-3363.27,0.1492,20.0,-2375.0,0.16,20.0,-1836.71,0.169,20.0,-1681.97,0.1724,20.0,-1614.89,0.1738,20.0,-1602.91,0.1741,20.0,-1602.52,0.1894,20.0,-1602.1,0.2633,20.0
375,2024-01-11,0.0,0.01524,-30.025,-20.075,-24.8489583333333,0.01524,0.0,0.0018509,0.0,-3.9102e-05,0.72903,60.48,-18.115,39.595,-14.057,-1000000.0,-2025.2,-1601.7,0.0,0.0,30.463,25.14,7.0244,0.0,-9938.97,0.1238,20.0,-3370.54,0.1492,20.0,-2379.92,0.1599,20.0,-1839.14,0.169,20.0,-1683.26,0.1723,20.0,-1615.27,0.1738,20.0,-1602.92,0.1741,20.0,-1602.52,0.1894,20.0,-1602.1,0.2633,20.0
376,2024-01-12,0.0,0.00508,-36.925,-30.275,-32.846875,0.00508,0.0,0.0018399,0.0,-3.9113e-05,0.73411,60.48,-18.113,39.595,-14.057,-1000000.0,-2026.6,-1601.7,0.0,0.0,30.461,25.14,7.0263,0.0,-9955.71,0.1238,20.0,-3377.72,0.1491,20.0,-2384.79,0.1598,20.0,-1841.57,0.1689,20.0,-1684.55,0.1723,20.0,-1615.66,0.1738,20.0,-1602.94,0.1741,20.0,-1602.52,0.1894,20.0,-1602.1,0.2633,20.0
377,2024-01-13,0.0,0.00762,-38.025,-21.85,-31.2628333333333,0.00762,0.0,0.001829,0.0,-3.9098e-05,0.74173,60.48,-18.111,39.595,-14.057,-1000000.0,-2028.0,-1601.7,0.0,0.0,30.46,25.14,7.0281,0.0,-9972.27,0.1237,20.0,-3384.81,0.149,20.0,-2389.61,0.1597,20.0,-1844.0,0.1689,20.0,-1685.84,0.1723,20.0,-1616.04,0.1738,20.0,-1602.95,0.1741,20.0,-1602.51,0.1894,20.0,-1602.1,0.2633,20.0
378,2024-01-14,0.0,0.00508,-34.025,-25.925,-29.0159565217391,0.00508,0.0,0.0018182,0.0,-3.9108e-05,0.74681,60.48,-18.11,39.595,-14.057,-1000000.0,-2029.4,-1601.7,0.0,0.0,30.458,25.14,7.0299,0.0,-9988.66,0.1237,20.0,-3391.81,0.149,20.0,-2394.37,0.1597,20.0,-1846.41,0.1688,20.0,-1687.12,0.1722,20.0,-1616.44,0.1738,20.0,-1602.96,0.1741,20.0,-1602.51,0.1894,20.0,-1602.1,0.2633,20.0
379,2024-01-15,0.0,0.02032,-34.675,-15.075,-24.7677083333333,0.02032,0.0,0.0018079,0.0,-3.9097e-05,0.76713,60.48,-18.108,39.595,-14.057,-1000000.0,-2030.8,-1601.7,0.0,0.0,30.456,25.14,7.0317,0.0,-10005.93,0.1237,20.0,-3398.71,0.1489,20.0,-2399.07,0.1596,20.0,-1848.82,0.1688,20.0,-1688.41,0.1722,20.0,-1616.83,0.1738,20.0,-1602.98,0.1741,20.0,-1602.51,0.1894,20.0,-1602.1,0.2633,20.0
380,2024-01-16,0.0,0.07874,-14.65,-3.85,-8.19375,0.07874,0.0,0.0017982,0.0,-3.9098e-05,0.84587,60.48,-18.106,39.595,-14.057,-1000000.0,-2032.1,-1601.7,0.0,0.0,30.454,25.14,7.0335,0.0,-10025.46,0.1236,20.0,-3405.53,0.1489,20.0,-2403.73,0.1595,20.0,-1851.21,0.1687,20.0,-1689.7,0.1722,20.0,-1617.23,0.1737,20.0,-1602.99,0.1741,20.0,-1602.51,0.1894,20.0,-1602.1,0.2633,20.0
381,2024-01-17,0.0,0.01778,-18.825,-7.325,-13.5770833333333,0.01778,0.0,0.0017893,0.0,-3.9107e-05,0.86365,60.48,-18.104,39.595,-14.057,-1000000.0,-2033.5,-1601.7,0.0,0.0,30.452,25.14,7.0353,0.0,-10045.43,0.1236,20.0,-3412.25,0.1488,20.0,-2408.33,0.1594,20.0,-1853.59,0.1687,20.0,-1690.98,0.1722,20.0,-1617.64,0.1737,20.0,-1603.01,0.1741,20.0,-1602.51,0.1894,20.0,-1602.11,0.2633,20.0
382,2024-01-18,0.0,0.01651,-27.575,-12.375,-19.2677083333333,0.01651,0.0,0.0017806,0.0,-3.9107e-05,0.88016,60.48,-18.102,39.595,-14.057,-1000000.0,-2034.8,-1601.7,0.0,0.0,30.45,25.14,7.0371,0.0,-10065.67,0.1235,20.0,-3418.89,0.1488,20.0,-2412.89,0.1594,20.0,-1855.95,0.1686,20.0,-1692.26,0.1721,20.0,-1618.05,0.1737,20.0,-1603.02,0.1741,20.0,-1602.51,0.1894,20.0,-1602.11,0.2633,20.0
383,2024-01-19,0.0,0.01524,-28.575,-12.7,-19.715625,0.01524,0.0,0.0017721,0.0,-3.9103e-05,0.8954,60.48,-18.101,39.595,-14.057,-1000000.0,-2036.1,-1601.7,0.0,0.0,30.449,25.14,7.0389,0.0,-10086.14,0.1235,20.0,-3425.44,0.1487,20.0,-2417.39,0.1593,20.0,-1858.3,0.1686,20.0,-1693.55,0.1721,20.0,-1618.46,0.1737,20.0,-1603.04,0.1741,20.0,-1602.51,0.1894,20.0,-1602.11,0.2633,20.0
384,2024-01-20,0.4186,0.1143,-16.0,6.175,1.03854166666667,0.1143,0.0,0.0017636,0.0,-3.9107e-05,1.0097,60.48,-18.099,39.595,-14.057,-1000000.0,-2037.4,-1601.7,0.0,0.0,30.447,25.14,7.0407,0.0,-10106.81,0.1235,20.0,-3431.91,0.1487,20.0,-2421.84,0.1592,20.0,-1860.65,0.1685,20.0,-1694.83,0.1721,20.0,-1618.88,0.1737,20.0,-1603.06,0.1741,20.0,-1602.51,0.1894,20.0,-1602.11,0.2633,20.0
385,2024-01-21,0.0,0.12954,0.775,8.775,5.02708333333333,0.12954,0.0,0.0017552,0.0,-3.9102e-05,1.1392,60.48,-18.097,39.595,-14.057,-1000000.0,-2038.7,-1601.7,0.0,0.0,30.445,25.14,7.0424,0.0,-10127.64,0.1234,20.0,-3438.3,0.1486,20.0,-2426.25,0.1592,20.0,-1862.98,0.1685,20.0,-1696.11,0.1721,20.0,-1619.3,0.1737,20.0,-1603.07,0.1741,20.0,-1602.51,0.1894,20.0,-1602.11,0.2633,20.0
386,2024-01-22,0.0,0.0381,-10.225,-2.65,-6.46979166666667,0.0381,0.0,0.0017468,0.0,-3.9098e-05,1.1773,60.48,-18.095,39.595,-14.057,-1000000.0,-2040.1,-1601.7,0.0,0.0,30.443,25.14,7.0442,0.0,-10148.63,0.1234,20.0,-3444.62,0.1486,20.0,-2430.61,0.1591,20.0,-1865.32,0.1684,20.0,-1697.39,0.172,20.0,-1619.72,0.1737,20.0,-1603.09,0.1741,20.0,-1602.51,0.1894,20.0,-1602.11,0.2633,20.0
387,2024-01-23,0.0,0.15494,0.925,9.4,4.725,0.15494,0.0,0.0017384,0.0,-3.9098e-05,1.3323,60.48,-18.094,39.595,-14.057,-1000000.0,-2041.4,-1601.7,0.0,0.0,30.441,25.14,7.0459,0.0,-10169.76,0.1234,20.0,-3450.86,0.1485,20.0,-2434.93,0.159,20.0,-1867.68,0.1684,20.0,-1698.67,0.172,20.0,-1620.15,0.1737,20.0,-1603.11,0.174,20.0,-1602.51,0.1894,20.0,-1602.11,0.2633,20.0
388,2024-01-24,0.0,0.14732,-1.15,8.75,3.42916666666667,0.14732,0.0,0.0017299,0.0,-3.9097e-05,1.4796,60.48,-18.092,39.595,-14.057,-1000000.0,-2042.7,-1601.7,0.0,0.0,30.44,25.14,7.0476,0.0,-10191.01,0.1233,20.0,-3457.1,0.1485,20.0,-2439.2,0.159,20.0,-1870.04,0.1683,20.0,-1699.95,0.172,20.0,-1620.58,0.1737,20.0,-1603.13,0.174,20.0,-1602.51,0.1894,20.0,-1602.11,0.2633,20.0
389,2024-01-25,0.0,0.1651,0.275,10.45,4.19270833333333,0.1651,0.0,0.0017215,0.0,-3.9097e-05,1.6447,60.48,-18.09,39.595,-14.057,-1000000.0,-2044.0,-1601.7,0.0,0.0,30.438,25.14,7.0494,0.0,-10212.38,0.1233,20.0,-3463.28,0.1484,20.0,-2443.45,0.1589,20.0,-1872.4,0.1683,20.0,-1701.22,0.1719,20.0,-1621.02,0.1737,20.0,-1603.16,0.174,20.0,-1602.51,0.1894,20.0,-1602.11,0.2633,20.0
390,2024-01-26,0.0,0.19304,-0.3,8.1,2.88125,0.19304,0.0,0.0017131,0.0,-3.9102e-05,1.8377,60.48,-18.089,39.595,-14.058,-1000000.0,-2045.3,-1601.7,0.0,0.0,30.436,25.14,7.0511,0.0,-10233.85,0.1232,20.0,-3469.29,0.1484,20.0,-2447.68,0.1588,20.0,-1874.75,0.1682,20.0,-1702.5,0.1719,20.0,-1621.46,0.1737,20.0,-1603.18,0.174,20.0,-1602.51,0.1894,20.0,-1602.11,0.2633,20.0
391,2024-01-27,0.0,0.20574,0.125,8.925,5.6375,0.20574,0.0,0.0017048,0.0,-3.9102e-05,2.0435,60.48,-18.087,39.595,-14.058,-1000000.0,-2046.6,-1601.7,0.0,0.0,30.434,25.14,7.0528,0.0,-10255.41,0.1232,20.0,-3475.12,0.1483,20.0,-2451.89,0.1588,20.0,-1877.08,0.1682,20.0,-1703.77,0.1719,20.0,-1621.9,0.1736,20.0,-1603.2,0.174,20.0,-1602.51,0.1894,20.0,-1602.11,0.2633,20.0
392,2024-01-28,0.0,0.26162,5.35,14.75,9.24791666666667,0.26162,0.0,0.0016964,0.0,-3.9107e-05,2.3051,60.48,-18.085,39.595,-14.058,-1000000.0,-2048.0,-1601.7,0.0,0.0,30.433,25.14,7.0545,0.0,-10277.05,0.1232,20.0,-3481.13,0.1483,20.0,-2456.08,0.1587,20.0,-1879.4,0.1681,20.0,-1705.04,0.1719,20.0,-1622.35,0.1736,20.0,-1603.23,0.174,20.0,-1602.51,0.1894,20.0,-1602.11,0.2633,20.0
393,2024-01-29,0.0,0.22352,4.125,16.85,8.81145833333333,0.22352,0.0,0.0016881,0.0,-3.9112e-05,2.5286,60.48,-18.083,39.595,-14.058,-1000000.0,-2049.3,-1601.7,0.0,0.0,30.431,25.14,7.0562,0.0,-10298.74,0.1231,20.0,-3487.36,0.1482,20.0,-2460.25,0.1586,20.0,-1881.71,0.1681,20.0,-1706.31,0.1718,20.0,-1622.79,0.1736,20.0,-1603.25,0.174,20.0,-1602.51,0.1894,20.0,-1602.11,0.2633,20.0
394,2024-01-30,0.0,0.24892,3.65,17.025,9.86875,0.24892,0.0,0.0016798,0.0,-3.9107e-05,2.7775,60.48,-18.082,39.595,-14.058,-1000000.0,-2050.6,-1601.7,0.0,0.0,30.429,25.14,7.0579,0.0,-10320.43,0.1231,20.0,-3493.62,0.1482,20.0,-2464.4,0.1586,20.0,-1884.01,0.168,20.0,-1707.58,0.1718,20.0,-1623.25,0.1736,20.0,-1603.28,0.174,20.0,-1602.51,0.1894,20.0,-1602.11,0.2633,20.0
395,2024-01-31,0.0,0.2413,1.325,16.275,8.66041666666667,0.2413,0.0,0.0016716,0.0,-3.9096e-05,3.0188,60.48,-18.08,39.595,-14.058,-1000000.0,-2051.9,-1601.7,0.0,0.0,30.427,25.14,7.0595,0.0,-10342.04,0.123,20.0,-3499.85,0.1481,20.0,-2468.53,0.1585,20.0,-1886.29,0.168,20.0,-1708.85,0.1718,20.0,-1623.7,0.1736,20.0,-1603.31,0.174,20.0,-1602.51,0.1894,20.0,-1602.12,0.2633,20.0
396,2024-02-01,0.0,0.19558,4.5,16.625,8.975,0.19558,0.0,0.0016634,0.0,-3.9101e-05,3.2144,60.48,-18.078,39.595,-14.058,-1000000.0,-2053.2,-1601.7,0.0,0.0,30.426,25.14,7.0612,0.0,-10363.54,0.123,20.0,-3506.03,0.1481,20.0,-2472.64,0.1584,20.0,-1888.55,0.1679,20.0,-1710.12,0.1718,20.0,-1624.16,0.1736,20.0,-1603.33,0.174,20.0,-1602.51,0.1894,20.0,-1602.12,0.2633,20.0
397,2024-02-02,0.0,0.08128,3.0,13.65,6.56770833333333,0.08128,0.0,0.0016554,0.0,-3.9106e-05,3.2957,60.48,-18.077,39.595,-14.058,-1000000.0,-2054.5,-1601.7,0.0,0.0,30.424,25.14,7.0629,0.0,-10384.86,0.123,20.0,-3512.14,0.148,20.0,-2476.73,0.1584,20.0,-1890.81,0.1679,20.0,-1711.38,0.1717,20.0,-1624.62,0.1736,20.0,-1603.36,0.174,20.0,-1602.51,0.1894,20.0,-1602.12,0.2633,20.0
398,2024-02-03,0.6331,0.03048,-0.875,5.0,2.81458333333333,0.03048,0.0,0.0016474,0.0,-3.9111e-05,3.3262,60.48,-18.075,39.595,-14.058,-1000000.0,-2055.8,-1601.7,0.0,0.0,30.422,25.14,7.0645,0.0,-10405.99,0.1229,20.0,-3518.19,0.148,20.0,-2481.5,0.1583,20.0,-1893.05,0.1678,20.0,-1712.64,0.1717,20.0,-1625.08,0.1736,20.0,-1603.39,0.174,20.0,-1602.51,0.1894,20.0,-1602.12,0.2633,20.0
399,2024-02-04,0.0,0.0381,-10.075,-0.85,-4.96666666666667,0.0381,0.0,0.0016396,0.0,-3.9106e-05,3.3643,60.48,-18.073,39.595,-14.058,-1000000.0,-2057.1,-1601.7,0.0,0.0,30.421,25.14,7.0661,0.0,-10426.91,0.1229,20.0,-3524.19,0.1479,20.0,-2485.99,0.1583,20.0,-1895.28,0.1678,20.0,-1713.91,0.1717,20.0,-1625.55,0.1736,20.0,-1603.42,0.174,20.0,-1602.51,0.1894,20.0,-1602.12,0.2633,20.0
400,2024-02-05,0.3507,0.04572,-14.275,4.2,-6.19791666666667,0.04572,0.0,0.0016319,0.0,-3.9106e-05,3.41,60.48,-18.072,39.595,-14.058,-1000000.0,-2058.3,-1601.7,0.0,0.0,30.419,25.14,7.0678,0.0,-10447.6,0.1229,20.0,-3530.13,0.1479,20.0,-2490.33,0.1582,20.0,-1897.56,0.1677,20.0,-1715.16,0.1716,20.0,-1626.02,0.1736,20.0,-1603.45,0.174,20.0,-1602.51,0.1894,20.0,-1602.12,0.2633,20.0
401,2024-02-06,0.0034,0.02794,-13.925,-2.275,-8.09895833333333,0.02794,0.0,0.0016243,0.0,-3.9101e-05,3.4379,60.48,-18.07,39.595,-14.058,-1000000.0,-2059.6,-1601.7,0.0,0.0,30.417,25.14,7.0694,0.0,-10468.06,0.1228,20.0,-3536.03,0.1478,20.0,-2494.59,0.1582,20.0,-1899.86,0.1677,20.0,-1716.42,0.1716,20.0,-1626.49,0.1735,20.0,-1603.49,0.174,20.0,-1602.51,0.1894,20.0,-1602.12,0.2633,20.0
402,2024-02-07,0.0,0.03302,-6.575,-2.35,-5.09375,0.03302,0.0,0.0016168,0.0,-3.9102e-05,3.471,60.48,-18.069,39.595,-14.058,-1000000.0,-2060.9,-1601.8,0.0,0.0,30.416,25.14,7.071,0.0,-10488.31,0.1228,20.0,-3541.87,0.1478,20.0,-2498.8,0.1581,20.0,-1902.15,0.1676,20.0,-1717.68,0.1716,20.0,-1626.97,0.1735,20.0,-1603.52,0.174,20.0,-1602.52,0.1894,20.0,-1602.12,0.2633,20.0
403,2024-02-08,0.1496,0.0381,-5.5,-0.85,-3.32916666666667,0.0381,0.0,0.0016095,0.0,-3.9101e-05,3.5091,60.48,-18.067,39.595,-14.058,-1000000.0,-2062.1,-1601.8,0.0,0.0,30.414,25.14,7.0726,0.0,-10508.34,0.1228,20.0,-3547.67,0.1477,20.0,-2502.97,0.1581,20.0,-1904.44,0.1676,20.0,-1718.93,0.1716,20.0,-1627.44,0.1735,20.0,-1603.56,0.174,20.0,-1602.52,0.1894,20.0,-1602.12,0.2633,20.0
404,2024-02-09,0.0,0.0381,-11.6,-1.95,-6.17708333333333,0.0381,0.0,0.0016023,0.0,-3.9106e-05,3.5472,60.48,-18.065,39.595,-14.058,-1000000.0,-2063.3,-1601.8,0.0,0.0,30.412,25.14,7.0742,0.0,-10527.75,0.1227,20.0,-3553.41,0.1477,20.0,-2507.09,0.158,20.0,-1906.71,0.1675,20.0,-1720.18,0.1715,20.0,-1627.93,0.1735,20.0,-1603.59,0.174,20.0,-1602.52,0.1894,20.0,-1602.12,0.2633,20.0
405,2024-02-10,0.0068,0.06858,-16.5,-0.425,-6.90208333333333,0.06858,0.0,0.0015954,0.0,-3.9101e-05,3.6157,60.48,-18.064,39.595,-14.058,-1000000.0,-2064.6,-1601.8,0.0,0.0,30.411,25.14,7.0758,0.0,-10545.83,0.1227,20.0,-3559.12,0.1476,20.0,-2511.19,0.158,20.0,-1908.96,0.1675,20.0,-1721.43,0.1715,20.0,-1628.41,0.1735,20.0,-1603.63,0.174,20.0,-1602.52,0.1894,20.0,-1602.12,0.2633,20.0
406,2024-02-11,0.2856,0.0762,-2.65,2.9,-0.260416666666667,0.0762,0.0,0.0015889,0.0,-3.9096e-05,3.6919,60.48,-18.062,39.595,-14.058,-1000000.0,-2065.8,-1601.8,0.0,0.0,30.409,25.14,7.0774,0.0,-10562.8,0.1227,20.0,-3564.8,0.1476,20.0,-2515.25,0.1579,20.0,-1911.21,0.1674,20.0,-1722.68,0.1715,20.0,-1628.89,0.1735,20.0,-1603.67,0.174,20.0,-1602.52,0.1894,20.0,-1602.12,0.2633,20.0
407,2024-02-12,0.0,0.07112,-2.375,3.275,0.904166666666667,0.07112,0.0,0.0015828,0.0,-3.9111e-05,3.7631,60.48,-18.061,39.595,-14.058,-1000000.0,-2067.0,-1601.8,0.0,0.0,30.408,25.14,7.079,0.0,-10578.94,0.1226,20.0,-3570.46,0.1476,20.0,-2519.29,0.1579,20.0,-1913.44,0.1674,20.0,-1723.92,0.1715,20.0,-1629.38,0.1735,20.0,-1603.71,0.174,20.0,-1602.52,0.1894,20.0,-1602.12,0.2633,20.0
408,2024-02-13,0.0,0.03556,-8.525,-2.425,-4.91979166666667,0.03556,0.0,0.0015769,0.0,-3.9096e-05,3.7986,60.48,-18.059,39.595,-14.058,-1000000.0,-2068.1,-1601.8,0.0,0.0,30.406,25.14,7.0806,0.0,-10594.48,0.1226,20.0,-3576.11,0.1475,20.0,-2523.29,0.1579,20.0,-1915.66,0.1673,20.0,-1725.17,0.1714,20.0,-1629.87,0.1735,20.0,-1603.75,0.174,20.0,-1602.52,0.1894,20.0,-1602.12,0.2633,20.0
409,2024-02-14,0.0527,0.03175,-15.45,-6.025,-10.5802083333333,0.03175,0.0,0.0015713,0.0,-3.9106e-05,3.8304,60.48,-18.057,39.595,-14.058,-1000000.0,-2069.3,-1601.8,0.0,0.0,30.404,25.14,7.0822,0.0,-10609.55,0.1226,20.0,-3581.75,0.1475,20.0,-2527.27,0.1578,20.0,-1917.86,0.1673,20.0,-1726.41,0.1714,20.0,-1630.36,0.1735,20.0,-1603.79,0.174,20.0,-1602.53,0.1894,20.0,-1602.13,0.2633,20.0
410,2024-02-15,0.0,0.02794,-20.3,-6.575,-12.5083333333333,0.02794,0.0,0.0015659,0.0,-3.9101e-05,3.8583,60.48,-18.056,39.595,-14.058,-1000000.0,-2070.4,-1601.8,0.0,0.0,30.403,25.14,7.0837,0.0,-10624.29,0.1226,20.0,-3587.37,0.1474,20.0,-2531.22,0.1578,20.0,-1920.06,0.1673,20.0,-1727.65,0.1714,20.0,-1630.86,0.1735,20.0,-1603.83,0.174,20.0,-1602.53,0.1894,20.0,-1602.13,0.2633,20.0
411,2024-02-16,0.0,0.03302,-26.225,-9.9,-17.0583333333333,0.03302,0.0,0.0015607,0.0,-3.911e-05,3.8913,60.48,-18.054,39.595,-14.058,-1000000.0,-2071.5,-1601.8,0.0,0.0,30.401,25.14,7.0853,0.0,-10638.76,0.1225,20.0,-3592.97,0.1474,20.0,-2535.14,0.1577,20.0,-1922.24,0.1672,20.0,-1728.89,0.1714,20.0,-1631.35,0.1734,20.0,-1603.87,0.174,20.0,-1602.53,0.1894,20.0,-1602.13,0.2633,20.0
412,2024-02-17,0.0476,0.0889,-19.975,0.725,-9.134375,0.0889,0.0,0.0015557,0.0,-3.9105e-05,3.9802,60.48,-18.053,39.595,-14.058,-1000000.0,-2072.6,-1601.8,0.0,0.0,30.399,25.14,7.0868,0.0,-10653.04,0.1225,20.0,-3598.56,0.1473,20.0,-2539.04,0.1577,20.0,-1924.42,0.1672,20.0,-1730.12,0.1713,20.0,-1631.85,0.1734,20.0,-1603.92,0.174,20.0,-1602.53,0.1894,20.0,-1602.13,0.2633,20.0
413,2024-02-18,0.0017,0.1524,-5.3,3.525,-0.666666666666667,0.1524,0.0,0.0015507,0.0,-3.9096e-05,4.1326,60.48,-18.051,39.595,-14.058,-1000000.0,-2073.7,-1601.8,0.0,0.0,30.398,25.14,7.0884,0.0,-10667.18,0.1225,20.0,-3604.12,0.1473,20.0,-2542.91,0.1576,20.0,-1926.58,0.1671,20.0,-1731.36,0.1713,20.0,-1632.35,0.1734,20.0,-1603.96,0.174,20.0,-1602.53,0.1894,20.0,-1602.13,0.2633,20.0
414,2024-02-19,0.0,0.1016,-2.725,5.0,0.8375,0.1016,0.0,0.0015458,0.0,-3.9101e-05,4.2342,60.48,-18.05,39.595,-14.058,-1000000.0,-2074.8,-1601.8,0.0,0.0,30.396,25.14,7.0899,0.0,-10681.2,0.1225,20.0,-3609.66,0.1472,20.0,-2546.75,0.1576,20.0,-1928.75,0.1671,20.0,-1732.59,0.1713,20.0,-1632.86,0.1734,20.0,-1604.01,0.174,20.0,-1602.54,0.1894,20.0,-1602.13,0.2633,20.0
415,2024-02-20,0.0,0.17526,1.275,6.45,3.92604166666667,0.17526,0.0,0.001541,0.0,-3.911e-05,4.4095,60.48,-18.048,39.595,-14.059,-1000000.0,-2075.9,-1601.8,0.0,0.0,30.395,25.14,7.0915,0.0,-10695.15,0.1224,20.0,-3615.18,0.1472,20.0,-2550.57,0.1576,20.0,-1931.04,0.167,20.0,-1733.82,0.1712,20.0,-1633.36,0.1734,20.0,-1604.06,0.174,20.0,-1602.54,0.1894,20.0,-1602.13,0.2633,20.0
416,2024-02-21,0.0,0.13462,-2.675,7.325,2.640625,0.13462,0.0,0.0015363,0.0,-3.91e-05,4.5441,60.48,-18.047,39.595,-14.059,-1000000.0,-2077.0,-1601.8,0.0,0.0,30.393,25.14,7.093,0.0,-10709.05,0.1224,20.0,-3620.68,0.1471,20.0,-2554.37,0.1575,20.0,-1933.33,0.167,20.0,-1735.04,0.1712,20.0,-1633.87,0.1734,20.0,-1604.1,0.174,20.0,-1602.54,0.1894,20.0,-1602.13,0.2633,20.0
417,2024-02-22,0.0,0.127,-1.6,8.0,2.21666666666667,0.127,0.0,0.0015316,0.0,-3.9095e-05,4.6711,60.48,-18.045,39.595,-14.059,-1000000.0,-2078.1,-1601.8,0.0,0.0,30.392,25.14,7.0946,0.0,-10722.91,0.1224,20.0,-3626.15,0.1471,20.0,-2558.14,0.1575,20.0,-1935.59,0.1669,20.0,-1736.27,0.1712,20.0,-1634.38,0.1734,20.0,-1604.15,0.174,20.0,-1602.54,0.1894,20.0,-1602.13,0.2633,20.0
418,2024-02-23,0.0,0.20066,0.775,7.175,3.728125,0.20066,0.0,0.0015269,0.0,-3.9105e-05,4.8718,60.48,-18.043,39.595,-14.059,-1000000.0,-2079.2,-1601.8,0.0,0.0,30.39,25.14,7.0961,0.0,-10736.75,0.1224,20.0,-3631.6,0.1471,20.0,-2561.89,0.1574,20.0,-1937.84,0.1669,20.0,-1737.49,0.1712,20.0,-1634.89,0.1734,20.0,-1604.21,0.174,20.0,-1602.55,0.1894,20.0,-1602.13,0.2633,20.0
419,2024-02-24,0.0,0.17018,3.225,6.725,4.67395833333333,0.17018,0.0,0.0015223,0.0,-3.9104e-05,5.0419,60.48,-18.042,39.595,-14.059,-1000000.0,-2080.2,-1601.8,0.0,0.0,30.388,25.14,7.0976,0.0,-10750.57,0.1223,20.0,-3637.03,0.147,20.0,-2565.62,0.1574,20.0,-1940.06,0.1668,20.0,-1738.71,0.1711,20.0,-1635.4,0.1734,20.0,-1604.26,0.174,20.0,-1602.55,0.1894,20.0,-1602.13,0.2633,20.0
420,2024-02-25,0.0,0.26162,3.05,9.575,5.99791666666667,0.26162,0.0,0.0015177,0.0,-3.91e-05,5.3036,60.48,-18.04,39.595,-14.059,-1000000.0,-2081.3,-1601.8,0.0,0.0,30.387,25.14,7.0991,0.0,-10764.39,0.1223,20.0,-3642.43,0.147,20.0,-2569.33,0.1573,20.0,-1942.27,0.1668,20.0,-1739.93,0.1711,20.0,-1635.92,0.1733,20.0,-1604.31,0.174,20.0,-1602.55,0.1894,20.0,-1602.13,0.2633,20.0
421,2024-02-26,0.0,0.09398,-15.95,4.475,-6.221875,0.09398,0.0,0.0015131,0.0,-3.9105e-05,5.3975,60.48,-18.039,39.595,-14.059,-1000000.0,-2082.4,-1601.8,0.0,0.0,30.385,25.14,7.1006,0.0,-10778.21,0.1223,20.0,-3647.8,0.1469,20.0,-2573.01,0.1573,20.0,-1944.46,0.1667,20.0,-1741.14,0.1711,20.0,-1636.43,0.1733,20.0,-1604.36,0.174,20.0,-1602.56,0.1894,20.0,-1602.13,0.2633,20.0
422,2024-02-27,0.0,0.0508,-18.425,-8.475,-13.90625,0.0508,0.0,0.0015086,0.0,-3.91e-05,5.4483,60.48,-18.037,39.595,-14.059,-1000000.0,-2083.5,-1601.8,0.0,0.0,30.384,25.14,7.1022,0.0,-10792.04,0.1223,20.0,-3653.15,0.1469,20.0,-2576.68,0.1573,20.0,-1946.64,0.1667,20.0,-1742.36,0.1711,20.0,-1636.95,0.1733,20.0,-1604.42,0.174,20.0,-1602.56,0.1894,20.0,-1602.13,0.2633,20.0
423,2024-02-28,0.0,0.22352,-9.975,7.75,1.85104166666667,0.22352,0.0,0.001504,0.0,-3.91e-05,5.6719,60.48,-18.036,39.595,-14.059,-1000000.0,-2084.5,-1601.8,0.0,0.0,30.382,25.14,7.1037,0.0,-10805.88,0.1223,20.0,-3658.47,0.1468,20.0,-2580.32,0.1572,20.0,-1948.8,0.1666,20.0,-1743.57,0.171,20.0,-1637.47,0.1733,20.0,-1604.48,0.174,20.0,-1602.56,0.1894,20.0,-1602.13,0.2633,20.0
424,2024-02-29,0.0646,0.3302,1.35,12.825,7.26354166666667,0.3302,0.0,0.0014995,0.0,-3.911e-05,6.0021,60.48,-18.034,39.595,-14.059,-1000000.0,-2085.6,-1601.8,0.0,0.0,30.381,25.14,7.1052,0.0,-10819.74,0.1222,20.0,-3663.77,0.1468,20.0,-2583.95,0.1572,20.0,-1950.95,0.1666,20.0,-1744.78,0.171,20.0,-1637.99,0.1733,20.0,-1604.53,0.174,20.0,-1602.57,0.1894,20.0,-1602.14,0.2633,20.0
425,2024-03-01,0.0,0.19558,-2.85,6.6,0.96875,0.19558,0.0,0.001495,0.0,-3.9105e-05,6.1976,60.48,-18.033,39.595,-14.059,-1000000.0,-2086.6,-1601.8,0.0,0.0,30.379,25.14,7.1067,0.0,-10833.61,0.1222,20.0,-3669.04,0.1468,20.0,-2587.55,0.1571,20.0,-1953.09,0.1665,20.0,-1745.99,0.171,20.0,-1638.52,0.1733,20.0,-1604.59,0.174,20.0,-1602.57,0.1894,20.0,-1602.14,0.2633,20.0
426,2024-03-02,0.0,0.04064,-14.575,-2.4,-8.82083333333333,0.04064,0.0,0.0014906,0.0,-3.91e-05,6.2383,60.48,-18.031,39.595,-14.059,-1000000.0,-2087.7,-1601.8,0.0,0.0,30.378,25.14,7.1081,0.0,-10847.5,0.1222,20.0,-3674.28,0.1467,20.0,-2591.15,0.1571,20.0,-1955.22,0.1665,20.0,-1747.19,0.171,20.0,-1639.04,0.1733,20.0,-1604.65,0.174,20.0,-1602.58,0.1894,20.0,-1602.14,0.2633,20.0
427,2024-03-03,0.0,0.04318,-19.4,-7.625,-14.0395833333333,0.04318,0.0,0.0014861,0.0,-3.9099e-05,6.2815,60.48,-18.03,39.595,-14.059,-1000000.0,-2088.8,-1601.8,0.0,0.0,30.376,25.14,7.1096,0.0,-10861.42,0.1222,20.0,-3679.5,0.1467,20.0,-2594.85,0.1571,20.0,-1957.34,0.1665,20.0,-1748.4,0.1709,20.0,-1639.57,0.1733,20.0,-1604.71,0.174,20.0,-1602.58,0.1894,20.0,-1602.14,0.2633,20.0
428,2024-03-04,0.0,0.05334,-19.35,-8.55,-14.5427083333333,0.05334,0.0,0.0014816,0.0,-3.9104e-05,6.3348,60.48,-18.028,39.595,-14.059,-1000000.0,-2089.8,-1601.8,0.0,0.0,30.375,25.14,7.1111,0.0,-10875.35,0.1221,20.0,-3684.7,0.1466,20.0,-2598.51,0.157,20.0,-1959.44,0.1664,20.0,-1749.6,0.1709,20.0,-1640.09,0.1733,20.0,-1604.77,0.174,20.0,-1602.58,0.1894,20.0,-1602.14,0.2633,20.0
429,2024-03-05,0.0068,0.09144,-20.725,2.425,-10.4072916666667,0.09144,0.0,0.0014772,0.0,-3.9105e-05,6.4262,60.48,-18.027,39.595,-14.059,-1000000.0,-2090.9,-1601.8,0.0,0.0,30.373,25.14,7.1126,0.0,-10889.29,0.1221,20.0,-3689.89,0.1466,20.0,-2602.1,0.157,20.0,-1961.54,0.1664,20.0,-1750.8,0.1709,20.0,-1640.62,0.1732,20.0,-1604.84,0.174,20.0,-1602.59,0.1894,20.0,-1602.14,0.2633,20.0
430,2024-03-06,0.0,0.0762,-12.35,-2.275,-8.83020833333333,0.0762,0.0,0.0014728,0.0,-3.9104e-05,6.5024,60.48,-18.026,39.595,-14.059,-1000000.0,-2092.0,-1601.8,0.0,0.0,30.372,25.14,7.1141,0.0,-10903.16,0.1221,20.0,-3695.16,0.1465,20.0,-2605.63,0.1569,20.0,-1963.74,0.1663,20.0,-1751.99,0.1709,20.0,-1641.15,0.1732,20.0,-1604.9,0.174,20.0,-1602.59,0.1894,20.0,-1602.14,0.2633,20.0
431,2024-03-07,0.0068,0.11684,-12.275,4.875,-4.01666666666667,0.11684,0.0,0.0014684,0.0,-3.9095e-05,6.6193,60.48,-18.024,39.595,-14.059,-1000000.0,-2093.0,-1601.8,0.0,0.0,30.37,25.14,7.1155,0.0,-10916.85,0.1221,20.0,-3700.5,0.1465,20.0,-2609.11,0.1569,20.0,-1966.08,0.1663,20.0,-1753.19,0.1708,20.0,-1641.68,0.1732,20.0,-1604.97,0.174,20.0,-1602.6,0.1894,20.0,-1602.14,0.2633,20.0
432,2024-03-08,0.0,0.3175,-8.075,11.85,1.52083333333333,0.3175,0.0,0.0014641,0.0,-3.9099e-05,6.9368,60.48,-18.023,39.595,-14.059,-1000000.0,-2094.1,-1601.8,0.0,0.0,30.369,25.14,7.117,0.0,-10930.33,0.1221,20.0,-3705.92,0.1465,20.0,-2612.56,0.1569,20.0,-1968.3,0.1663,20.0,-1754.38,0.1708,20.0,-1642.22,0.1732,20.0,-1605.03,0.174,20.0,-1602.61,0.1894,20.0,-1602.14,0.2633,20.0
433,2024-03-09,0.0,0.41656,1.225,14.1,6.75,0.41656,0.0,0.0014598,0.0,-3.9095e-05,7.3533,60.48,-18.021,39.595,-14.059,-1000000.0,-2095.2,-1601.8,0.0,0.0,30.367,25.14,7.1185,0.0,-10943.58,0.122,20.0,-3711.38,0.1464,20.0,-2615.96,0.1568,20.0,-1970.47,0.1662,20.0,-1755.57,0.1708,20.0,-1642.75,0.1732,20.0,-1605.1,0.174,20.0,-1602.61,0.1894,20.0,-1602.14,0.2633,20.0
434,2024-03-10,0.0,0.31242,1.325,12.9,6.64926086956522,0.31242,0.0,0.0014556,0.0,-3.9099e-05,7.6658,60.48,-18.02,39.595,-14.059,-1000000.0,-2096.2,-1601.8,0.0,0.0,30.366,25.14,7.1199,0.0,-10956.59,0.122,20.0,-3716.88,0.1464,20.0,-2619.34,0.1568,20.0,-1972.62,0.1662,20.0,-1756.76,0.1708,20.0,-1643.29,0.1732,20.0,-1605.17,0.174,20.0,-1602.62,0.1894,20.0,-1602.14,0.2633,20.0
435,2024-03-11,0.0,0.2159,1.025,10.2,5.228125,0.2159,0.0,0.0014515,0.0,-3.9094e-05,7.8817,60.48,-18.018,39.595,-14.059,-1000000.0,-2097.2,-1601.8,0.0,0.0,30.364,25.14,7.1214,0.0,-10969.39,0.122,20.0,-3722.4,0.1463,20.0,-2622.69,0.1567,20.0,-1974.74,0.1662,20.0,-1757.94,0.1707,20.0,-1643.82,0.1732,20.0,-1605.24,0.174,20.0,-1602.62,0.1894,20.0,-1602.15,0.2633,20.0
436,2024-03-12,0.0,0.23876,-1.85,12.2,5.45416666666667,0.23876,0.0,0.0014475,0.0,-3.9109e-05,8.1204,60.48,-18.017,39.595,-14.059,-1000000.0,-2098.3,-1601.8,0.0,0.0,30.363,25.14,7.1228,0.0,-10982.0,0.122,20.0,-3727.94,0.1463,20.0,-2626.01,0.1567,20.0,-1976.85,0.1661,20.0,-1759.12,0.1707,20.0,-1644.36,0.1732,20.0,-1605.31,0.174,20.0,-1602.63,0.1894,20.0,-1602.15,0.2633,20.0
437,2024-03-13,0.0,0.13716,-2.375,8.375,2.35729166666667,0.13716,0.0,0.0014436,0.0,-3.9109e-05,8.2576,60.48,-18.015,39.595,-14.059,-1000000.0,-2099.3,-1601.8,0.0,0.0,30.361,25.14,7.1243,0.0,-10994.43,0.1219,20.0,-3733.49,0.1462,20.0,-2629.31,0.1567,20.0,-1978.94,0.1661,20.0,-1760.31,0.1707,20.0,-1644.9,0.1732,20.0,-1605.38,0.174,20.0,-1602.64,0.1894,20.0,-1602.15,0.2633,20.0
438,2024-03-14,0.0,0.13716,-4.35,8.9,1.35104166666667,0.13716,0.0,0.0014397,0.0,-3.9109e-05,8.3947,60.48,-18.014,39.595,-14.059,-1000000.0,-2100.3,-1601.8,0.0,0.0,30.36,25.14,7.1257,0.0,-11006.72,0.1219,20.0,-3739.04,0.1462,20.0,-2632.59,0.1566,20.0,-1981.03,0.1661,20.0,-1761.48,0.1707,20.0,-1645.44,0.1731,20.0,-1605.46,0.174,20.0,-1602.64,0.1894,20.0,-1602.15,0.2633,20.0
439,2024-03-15,0.0,0.22098,-4.525,16.125,5.12604166666667,0.22098,0.0,0.0014359,0.0,-3.9094e-05,8.6157,60.48,-18.012,39.595,-14.059,-1000000.0,-2101.3,-1601.8,0.0,0.0,30.358,25.14,7.1271,0.0,-11018.88,0.1219,20.0,-3744.62,0.1461,20.0,-2635.86,0.1566,20.0,-1983.1,0.166,20.0,-1762.66,0.1706,20.0,-1645.98,0.1731,20.0,-1605.53,0.174,20.0,-1602.65,0.1894,20.0,-1602.15,0.2633,20.0
440,2024-03-16,0.0,0.1651,-3.65,16.375,4.690625,0.1651,0.0,0.0014322,0.0,-3.9094e-05,8.7808,60.48,-18.011,39.595,-14.059,-1000000.0,-2102.4,-1601.8,0.0,0.0,30.357,25.14,7.1286,0.0,-11030.93,0.1219,20.0,-3750.21,0.1461,20.0,-2639.15,0.1566,20.0,-1985.16,0.166,20.0,-1763.84,0.1706,20.0,-1646.52,0.1731,20.0,-1605.61,0.174,20.0,-1602.66,0.1894,20.0,-1602.15,0.2633,20.0
441,2024-03-17,0.0034,0.18288,-4.35,14.925,4.671875,0.18288,0.0,0.0014285,0.0,-3.9108e-05,8.9637,60.48,-18.01,39.595,-14.06,-1000000.0,-2103.4,-1601.8,0.0,0.0,30.355,25.14,7.13,0.0,-11042.89,0.1219,20.0,-3755.79,0.1461,20.0,-2642.45,0.1565,20.0,-1987.21,0.166,20.0,-1765.01,0.1706,20.0,-1647.07,0.1731,20.0,-1605.68,0.174,20.0,-1602.67,0.1894,20.0,-1602.15,0.2633,20.0
442,2024-03-18,0.0,0.2921,2.6,20.15,10.6947916666667,0.2921,0.0,0.0014248,0.0,-3.9104e-05,9.2558,60.48,-18.008,39.595,-14.06,-1000000.0,-2104.4,-1601.8,0.0,0.0,30.354,25.14,7.1314,0.0,-11054.79,0.1219,20.0,-3761.33,0.146,20.0,-2645.76,0.1565,20.0,-1989.24,0.1659,20.0,-1766.18,0.1706,20.0,-1647.61,0.1731,20.0,-1605.76,0.174,20.0,-1602.67,0.1894,20.0,-1602.15,0.2633,20.0
443,2024-03-19,0.0,0.22098,-1.125,14.625,6.62916666666667,0.22098,0.0,0.0014212,0.0,-3.9104e-05,9.4768,60.48,-18.007,39.595,-14.06,-1000000.0,-2105.4,-1601.8,0.0,0.0,30.352,25.14,7.1329,0.0,-11066.62,0.1218,20.0,-3766.83,0.146,20.0,-2649.08,0.1565,20.0,-1991.27,0.1659,20.0,-1767.35,0.1705,20.0,-1648.16,0.1731,20.0,-1605.84,0.174,20.0,-1602.68,0.1894,20.0,-1602.15,0.2633,20.0
444,2024-03-20,0.0,0.06604,-4.0,1.15,-1.53645833333333,0.06604,0.0,0.0014176,0.0,-3.9103e-05,9.5428,60.48,-18.005,39.595,-14.06,-1000000.0,-2106.4,-1601.8,0.0,0.0,30.351,25.14,7.1343,0.0,-11078.41,0.1218,20.0,-3772.29,0.1459,20.0,-2652.39,0.1564,20.0,-1993.29,0.1659,20.0,-1768.52,0.1705,20.0,-1648.7,0.1731,20.0,-1605.92,0.174,20.0,-1602.69,0.1894,20.0,-1602.15,0.2633,20.0
445,2024-03-21,0.0,0.1143,-6.2,4.125,-2.79270833333333,0.1143,0.0,0.0014141,0.0,-3.9103e-05,9.6571,60.48,-18.004,39.595,-14.06,-1000000.0,-2107.4,-1601.8,0.0,0.0,30.349,25.14,7.1357,0.0,-11090.17,0.1218,20.0,-3777.71,0.1459,20.0,-2655.7,0.1564,20.0,-1995.3,0.1658,20.0,-1769.68,0.1705,20.0,-1649.25,0.1731,20.0,-1606.0,0.174,20.0,-1602.7,0.1894,20.0,-1602.16,0.2633,20.0
446,2024-03-22,0.0068,0.06858,-7.225,-2.675,-5.24166666666667,0.06858,0.0,0.0014105,0.0,-3.9094e-05,9.7257,60.48,-18.002,39.595,-14.06,-1000000.0,-2108.4,-1601.8,0.0,0.0,30.348,25.14,7.1371,0.0,-11101.89,0.1218,20.0,-3783.09,0.1458,20.0,-2659.0,0.1563,20.0,-1997.3,0.1658,20.0,-1770.84,0.1705,20.0,-1649.8,0.173,20.0,-1606.09,0.174,20.0,-1602.71,0.1894,20.0,-1602.16,0.2633,20.0
447,2024-03-23,0.0,0.0381,-7.325,-4.725,-5.84375,0.0381,0.0,0.001407,0.0,-3.9099e-05,9.7638,60.48,-18.001,39.595,-14.06,-1000000.0,-2109.3,-1601.8,0.0,0.0,30.346,25.14,7.1385,0.0,-11113.6,0.1218,20.0,-3788.43,0.1458,20.0,-2662.29,0.1563,20.0,-1999.35,0.1658,20.0,-1772.0,0.1704,20.0,-1650.35,0.173,20.0,-1606.17,0.174,20.0,-1602.72,0.1894,20.0,-1602.16,0.2633,20.0
448,2024-03-24,0.1939,0.07874,-9.675,-1.6,-6.70833333333333,0.07874,0.0,0.0014035,0.0,-3.9098e-05,9.8425,60.48,-18.0,39.595,-14.06,-1000000.0,-2110.3,-1601.8,0.0,0.0,30.345,25.14,7.1399,0.0,-11125.28,0.1217,20.0,-3793.73,0.1458,20.0,-2665.57,0.1563,20.0,-2001.44,0.1657,20.0,-1773.16,0.1704,20.0,-1650.9,0.173,20.0,-1606.25,0.174,20.0,-1602.72,0.1894,20.0,-1602.16,0.2633,20.0
449,2024-03-25,0.1241,0.11938,-10.475,0.65,-5.609375,0.11938,0.0,0.0014001,0.0,-3.9098e-05,9.9619,60.48,-17.998,39.595,-14.06,-1000000.0,-2111.3,-1601.8,0.0,0.0,30.344,25.14,7.1413,0.0,-11136.95,0.1217,20.0,-3799.0,0.1457,20.0,-2668.84,0.1562,20.0,-2003.49,0.1657,20.0,-1774.31,0.1704,20.0,-1651.45,0.173,20.0,-1606.34,0.174,20.0,-1602.73,0.1894,20.0,-1602.16,0.2633,20.0
450,2024-03-26,0.0238,0.1397,-8.45,7.1,-2.5,0.1397,0.0,0.0013966,0.0,-3.9108e-05,10.102,60.48,-17.997,39.595,-14.06,-1000000.0,-2112.3,-1601.8,0.0,0.0,30.342,25.14,7.1427,0.0,-11148.59,0.1217,20.0,-3804.24,0.1457,20.0,-2672.1,0.1562,20.0,-2005.51,0.1657,20.0,-1775.47,0.1704,20.0,-1652.0,0.173,20.0,-1606.43,0.174,20.0,-1602.74,0.1894,20.0,-1602.16,0.2633,20.0
451,2024-03-27,0.0,0.24638,-0.9,9.25,4.10833333333333,0.24638,0.0,0.0013932,0.0,-3.9103e-05,10.348,60.48,-17.995,39.595,-14.06,-1000000.0,-2113.3,-1601.8,0.0,0.0,30.341,25.14,7.1441,0.0,-11160.23,0.1217,20.0,-3809.44,0.1456,20.0,-2675.34,0.1562,20.0,-2007.51,0.1656,20.0,-1776.62,0.1703,20.0,-1652.55,0.173,20.0,-1606.51,0.174,20.0,-1602.75,0.1894,20.0,-1602.16,0.2633,20.0
452,2024-03-28,0.0,0.13208,-0.825,7.6,4.4,0.13208,0.0,0.0013898,0.0,-3.9102e-05,10.48,60.48,-17.994,39.595,-14.06,-1000000.0,-2114.3,-1601.8,0.0,0.0,30.339,25.14,7.1455,0.0,-11171.85,0.1217,20.0,-3814.61,0.1456,20.0,-2678.57,0.1561,20.0,-2009.5,0.1656,20.0,-1777.77,0.1703,20.0,-1653.1,0.173,20.0,-1606.6,0.174,20.0,-1602.77,0.1894,20.0,-1602.16,0.2633,20.0
453,2024-03-29,0.0,0.09398,-2.175,3.4,-0.265625,0.09398,0.0,0.0013864,0.0,-3.9103e-05,10.574,60.48,-17.993,39.595,-14.06,-1000000.0,-2115.2,-1601.8,0.0,0.0,30.338,25.14,7.1469,0.0,-11183.46,0.1216,20.0,-3819.76,0.1455,20.0,-2681.79,0.1561,20.0,-2011.46,0.1656,20.0,-1778.91,0.1703,20.0,-1653.66,0.173,20.0,-1606.69,0.174,20.0,-1602.78,0.1894,20.0,-1602.17,0.2633,20.0
454,2024-03-30,0.0,0.1143,-4.425,4.025,-1.42604166666667,0.1143,0.0,0.001383,0.0,-3.9107e-05,10.688,60.48,-17.991,39.595,-14.06,-1000000.0,-2116.2,-1601.8,0.0,0.0,30.336,25.14,7.1483,0.0,-11195.06,0.1216,20.0,-3824.87,0.1455,20.0,-2685.0,0.1561,20.0,-2013.42,0.1656,20.0,-1780.06,0.1703,20.0,-1654.21,0.173,20.0,-1606.79,0.174,20.0,-1602.79,0.1894,20.0,-1602.17,0.2633,20.0
455,2024-03-31,0.0595,0.04064,-6.175,1.55,-2.26875,0.04064,0.0,0.0013797,0.0,-3.9103e-05,10.729,60.48,-17.99,39.595,-14.06,-1000000.0,-2117.2,-1601.8,0.0,0.0,30.335,25.14,7.1496,0.0,-11206.65,0.1216,20.0,-3829.96,0.1455,20.0,-2688.2,0.156,20.0,-2015.36,0.1655,20.0,-1781.2,0.1702,20.0,-1654.76,0.1729,20.0,-1606.88,0.174,20.0,-1602.8,0.1894,20.0,-1602.17,0.2633,20.0
456,2024-04-01,0.0,0.24892,-4.7,16.05,5.675,0.0,0.24892,-3.2596e-09,0.0,-3.9107e-05,10.729,60.729,-17.99,39.595,-14.06,-542880.0,-2108.3,-1601.8,0.0,0.0,30.335,25.14,7.1496,0.0,-11190.43,0.1216,20.0,-3835.02,0.1454,20.0,-2691.38,0.156,20.0,-2017.29,0.1655,20.0,-1782.35,0.1702,20.0,-1655.32,0.1729,20.0,-1606.97,0.174,20.0,-1602.81,0.1894,20.0,-1602.17,0.2633,20.0
457,2024-04-02,0.0,0.38354,2.475,23.775,12.5416666666667,0.0,0.38354,-2.6193e-09,0.0,-3.9103e-05,10.729,61.112,-17.99,39.595,-14.06,-385690.0,-2097.1,-1601.8,0.0,0.0,30.335,25.14,7.1496,0.0,-11140.57,0.1217,20.0,-3840.04,0.1454,20.0,-2694.55,0.1559,20.0,-2019.21,0.1655,20.0,-1783.49,0.1702,20.0,-1655.88,0.1729,20.0,-1607.07,0.174,20.0,-1602.82,0.1894,20.0,-1602.17,0.2633,20.0
458,2024-04-03,0.2415,0.33274,5.975,18.15,12.9125,0.0,0.33274,3.1432e-09,0.0,-3.9107e-05,10.729,61.445,-17.99,39.595,-14.06,-292780.0,-2085.6,-1601.8,0.0,0.0,30.335,25.14,7.1496,0.0,-11063.39,0.1218,20.0,-3845.02,0.1453,20.0,-2697.71,0.1559,20.0,-2021.12,0.1654,20.0,-1784.62,0.1702,20.0,-1656.43,0.1729,20.0,-1607.16,0.174,20.0,-1602.83,0.1894,20.0,-1602.17,0.2633,20.0
459,2024-04-04,1.6113,0.05334,0.0,6.225,3.659375,0.0,0.05334,-1.4552e-09,0.0,-3.9103e-05,10.729,61.499,-17.99,39.595,-14.06,-233570.0,-2074.8,-1601.8,0.0,0.0,30.335,25.14,7.1496,0.0,-10967.0,0.122,20.0,-3849.93,0.1453,20.0,-2700.91,0.1559,20.0,-2023.01,0.1654,20.0,-1785.76,0.1701,20.0,-1656.99,0.1729,20.0,-1607.26,0.174,20.0,-1602.85,0.1894,20.0,-1602.18,0.2633,20.0
460,2024-04-05,0.2193,0.04064,-0.2,2.925,0.844791666666667,0.0,0.04064,-5.2387e-10,0.0,-3.9108e-05,10.729,61.539,-17.99,39.595,-14.06,-192510.0,-2064.6,-1601.8,0.0,0.0,30.335,25.14,7.1496,0.0,-10858.05,0.1222,20.0,-3854.74,0.1453,20.0,-2704.1,0.1558,20.0,-2024.9,0.1654,20.0,-1786.89,0.1701,20.0,-1657.55,0.1729,20.0,-1607.36,0.174,20.0,-1602.86,0.1894,20.0,-1602.18,0.2633,20.0
461,2024-04-06,0.5678,0.05334,-1.45,1.45,0.084375,0.0,0.05334,-2.9977e-09,0.0,-3.9102e-05,10.729,61.592,-17.99,39.595,-14.06,-162320.0,-2055.3,-1601.8,0.0,0.0,30.335,25.14,7.1496,0.0,-10741.39,0.1224,20.0,-3859.43,0.1452,20.0,-2707.28,0.1558,20.0,-2026.79,0.1653,20.0,-1788.03,0.1701,20.0,-1658.11,0.1729,20.0,-1607.46,0.174,20.0,-1602.87,0.1894,20.0,-1602.18,0.2633,20.0
462,2024-04-07,0.7909,0.09906,-0.375,6.275,2.84166666666667,0.0,0.09906,3.4925e-10,0.0,-3.9098e-05,10.729,61.692,-17.99,39.595,-14.06,-139220.0,-2046.7,-1601.8,0.0,0.0,30.335,25.14,7.1496,0.0,-10620.4,0.1226,20.0,-3863.97,0.1452,20.0,-2710.43,0.1558,20.0,-2028.66,0.1653,20.0,-1789.15,0.1701,20.0,-1658.67,0.1729,20.0,-1607.56,0.174,20.0,-1602.89,0.1894,20.0,-1602.18,0.2633,20.0
463,2024-04-08,0.0,0.25654,-1.0,11.95,5.259375,0.0,0.25654,-3.7835e-10,0.0,-3.9102e-05,10.729,61.948,-17.99,39.595,-14.06,-120990.0,-2038.7,-1601.8,0.0,0.0,30.335,25.14,7.1496,0.0,-10497.42,0.1228,20.0,-3868.35,0.1452,20.0,-2713.54,0.1557,20.0,-2030.53,0.1653,20.0,-1790.28,0.17,20.0,-1659.22,0.1728,20.0,-1607.66,0.174,20.0,-1602.9,0.1894,20.0,-1602.19,0.2633,20.0
464,2024-04-09,0.0051,0.36322,4.225,15.375,8.84270833333333,0.0,0.36322,-3.7253e-09,0.0,-3.9102e-05,10.729,62.311,-17.99,39.595,-14.06,-106280.0,-2031.3,-1601.8,0.0,0.0,30.335,25.14,7.1496,0.0,-10374.05,0.123,20.0,-3872.54,0.1451,20.0,-2716.63,0.1557,20.0,-2032.39,0.1653,20.0,-1791.41,0.17,20.0,-1659.78,0.1728,20.0,-1607.76,0.174,20.0,-1602.92,0.1894,20.0,-1602.19,0.2633,20.0
465,2024-04-10,0.0085,0.2286,-0.65,12.075,5.19375,0.0,0.2286,-3.0559e-09,0.0,-3.9107e-05,10.729,62.54,-17.99,39.595,-14.06,-94199.0,-2024.5,-1601.8,0.0,0.0,30.335,25.14,7.1496,0.0,-10251.39,0.1232,20.0,-3876.52,0.1451,20.0,-2719.69,0.1557,20.0,-2034.28,0.1652,20.0,-1792.53,0.17,20.0,-1660.34,0.1728,20.0,-1607.86,0.1739,20.0,-1602.93,0.1894,20.0,-1602.19,0.2633,20.0
466,2024-04-11,0.0,0.30734,-2.4,16.925,7.57708333333333,0.0,0.30734,3.5216e-09,0.0,-3.9102e-05,10.729,62.847,-17.99,39.595,-14.061,-84124.0,-2018.1,-1601.8,0.0,0.0,30.335,25.14,7.1496,0.0,-10130.17,0.1234,20.0,-3880.29,0.1451,20.0,-2722.73,0.1556,20.0,-2036.18,0.1652,20.0,-1793.65,0.17,20.0,-1660.91,0.1728,20.0,-1607.97,0.1739,20.0,-1602.95,0.1894,20.0,-1602.19,0.2633,20.0
467,2024-04-12,0.0,0.3048,1.7,22.475,11.86875,0.0,0.3048,3.4925e-10,0.0,-3.9107e-05,10.729,63.152,-17.99,39.595,-14.061,-75619.0,-2012.1,-1601.8,0.0,0.0,30.335,25.14,7.1496,0.0,-10010.88,0.1236,20.0,-3883.83,0.145,20.0,-2725.74,0.1556,20.0,-2038.08,0.1652,20.0,-1794.76,0.1699,20.0,-1661.47,0.1728,20.0,-1608.08,0.1739,20.0,-1602.96,0.1894,20.0,-1602.19,0.2633,20.0
468,2024-04-13,0.0,0.381,7.675,22.875,14.7541666666667,0.0,0.381,2.9104e-09,0.0,-3.9102e-05,10.729,63.533,-17.99,39.595,-14.061,-68359.0,-2006.6,-1601.8,0.0,0.0,30.335,25.14,7.1496,0.0,-9909.11,0.1239,20.0,-3887.15,0.145,20.0,-2728.71,0.1556,20.0,-2039.96,0.1651,20.0,-1795.88,0.1699,20.0,-1662.03,0.1728,20.0,-1608.18,0.1739,20.0,-1602.98,0.1894,20.0,-1602.2,0.2633,20.0
469,2024-04-14,0.0901,0.30988,3.5,23.4,13.3427083333333,0.0,0.30988,-3.085e-09,0.0,-3.9092e-05,10.729,63.843,-17.99,39.595,-14.061,-62099.0,-2001.4,-1601.8,0.0,0.0,30.334,25.14,7.1496,0.0,-9809.47,0.1241,20.0,-3890.24,0.145,20.0,-2731.67,0.1555,20.0,-2041.83,0.1651,20.0,-1796.99,0.1699,20.0,-1662.59,0.1728,20.0,-1608.29,0.1739,20.0,-1602.99,0.1894,20.0,-1602.2,0.2633,20.0
470,2024-04-15,0.0,0.2921,5.65,21.35,12.6125,0.0,0.2921,-1.6298e-09,0.0,-3.9102e-05,10.729,64.135,-17.99,39.595,-14.061,-56658.0,-1996.5,-1601.8,0.0,0.0,30.334,25.14,7.1496,0.0,-9710.26,0.1243,20.0,-3893.12,0.145,20.0,-2734.59,0.1555,20.0,-2043.69,0.1651,20.0,-1798.11,0.1699,20.0,-1663.15,0.1728,20.0,-1608.4,0.1739,20.0,-1603.01,0.1894,20.0,-1602.2,0.2633,20.0
471,2024-04-16,0.0,0.26162,-3.375,13.25,5.696875,0.0,0.26162,-9.3132e-10,0.0,-3.9107e-05,10.729,64.397,-17.99,39.595,-14.061,-51896.0,-1991.9,-1601.8,0.0,0.0,30.334,25.14,7.1496,0.0,-9611.41,0.1245,20.0,-3895.8,0.1449,20.0,-2737.49,0.1555,20.0,-2045.54,0.1651,20.0,-1799.22,0.1698,20.0,-1663.72,0.1728,20.0,-1608.51,0.1739,20.0,-1603.02,0.1894,20.0,-1602.2,0.2633,20.0
472,2024-04-17,0.0102,0.11938,-6.675,1.025,-1.67708333333333,0.0,0.11938,2.6484e-09,0.0,-3.9106e-05,10.729,64.516,-17.99,39.595,-14.061,-47705.0,-1987.5,-1601.8,0.0,0.0,30.334,25.14,7.1496,0.0,-9512.94,0.1247,20.0,-3898.28,0.1449,20.0,-2740.36,0.1554,20.0,-2047.37,0.165,20.0,-1800.33,0.1698,20.0,-1664.28,0.1727,20.0,-1608.62,0.1739,20.0,-1603.04,0.1894,20.0,-1602.21,0.2633,20.0
473,2024-04-18,0.0,0.1397,-8.675,3.975,-1.83020833333333,0.0,0.1397,-1.5134e-09,0.0,-3.9107e-05,10.729,64.656,-17.99,39.595,-14.061,-43997.0,-1983.3,-1601.8,0.0,0.0,30.334,25.14,7.1496,0.0,-9414.9,0.1249,20.0,-3900.57,0.1449,20.0,-2743.2,0.1554,20.0,-2049.2,0.165,20.0,-1801.44,0.1698,20.0,-1664.84,0.1727,20.0,-1608.73,0.1739,20.0,-1603.06,0.1894,20.0,-1602.21,0.2633,20.0
474,2024-04-19,0.0,0.10414,-11.625,1.4,-3.765625,0.0,0.10414,-1.4261e-09,0.0,-3.9102e-05,10.729,64.76,-17.99,39.595,-14.061,-40703.0,-1979.4,-1601.8,0.0,0.0,30.334,25.14,7.1496,0.0,-9317.35,0.1251,20.0,-3902.68,0.1449,20.0,-2746.01,0.1554,20.0,-2051.02,0.165,20.0,-1802.55,0.1698,20.0,-1665.4,0.1727,20.0,-1608.84,0.1739,20.0,-1603.08,0.1894,20.0,-1602.21,0.2633,20.0
475,2024-04-20,0.0,0.23622,-11.75,9.7,-0.378125,0.0,0.23622,-3.2887e-09,0.0,-3.9101e-05,10.729,64.996,-17.99,39.595,-14.061,-37765.0,-1975.7,-1601.8,0.0,0.0,30.334,25.14,7.1496,0.0,-9220.37,0.1254,20.0,-3904.61,0.1449,20.0,-2748.79,0.1553,20.0,-2052.83,0.1649,20.0,-1803.65,0.1698,20.0,-1665.97,0.1727,20.0,-1608.96,0.1739,20.0,-1603.1,0.1894,20.0,-1602.22,0.2633,20.0
476,2024-04-21,0.0,0.43434,-0.725,17.125,8.09166666666667,0.0,0.43434,2.8813e-09,0.0,-3.9107e-05,10.729,65.43,-17.99,39.595,-14.061,-35135.0,-1972.2,-1601.8,0.0,0.0,30.334,25.14,7.1496,0.0,-9124.03,0.1256,20.0,-3906.36,0.1448,20.0,-2751.54,0.1553,20.0,-2054.63,0.1649,20.0,-1804.76,0.1697,20.0,-1666.53,0.1727,20.0,-1609.07,0.1739,20.0,-1603.11,0.1894,20.0,-1602.22,0.2633,20.0
477,2024-04-22,0.0,0.35052,0.575,15.9,7.528125,0.0,0.35052,1.3679e-09,0.0,-3.9097e-05,10.729,65.781,-17.99,39.595,-14.061,-32773.0,-1968.8,-1601.8,0.0,0.0,30.334,25.14,7.1496,0.0,-9028.41,0.1258,20.0,-3907.94,0.1448,20.0,-2754.26,0.1553,20.0,-2056.42,0.1649,20.0,-1805.86,0.1697,20.0,-1667.1,0.1727,20.0,-1609.19,0.1739,20.0,-1603.13,0.1894,20.0,-1602.22,0.2633,20.0
478,2024-04-23,0.0,0.32512,-3.2,16.0,7.665625,0.0,0.32512,-2.1828e-09,0.0,-3.9097e-05,10.729,66.106,-17.99,39.595,-14.061,-30644.0,-1965.6,-1601.8,0.0,0.0,30.334,25.14,7.1496,0.0,-8933.6,0.126,20.0,-3909.34,0.1448,20.0,-2756.95,0.1552,20.0,-2058.2,0.1649,20.0,-1806.96,0.1697,20.0,-1667.66,0.1727,20.0,-1609.31,0.1739,20.0,-1603.15,0.1894,20.0,-1602.22,0.2633,20.0
479,2024-04-24,0.0,0.44704,0.75,22.975,13.1,0.0,0.44704,2.0955e-09,0.0,-3.9101e-05,10.729,66.553,-17.99,39.595,-14.061,-28722.0,-1962.5,-1601.8,0.0,0.0,30.334,25.14,7.1496,0.0,-8839.66,0.1262,20.0,-3910.57,0.1448,20.0,-2759.61,0.1552,20.0,-2059.98,0.1648,20.0,-1808.05,0.1697,20.0,-1668.23,0.1727,20.0,-1609.43,0.1739,20.0,-1603.17,0.1894,20.0,-1602.23,0.2633,20.0
480,2024-04-25,0.0,0.27432,1.325,18.175,12.0291666666667,0.0,0.27432,-3.9581e-09,0.0,-3.9097e-05,10.729,66.827,-17.99,39.595,-14.061,-26980.0,-1959.6,-1601.8,0.0,0.0,30.334,25.14,7.1496,0.0,-8746.65,0.1264,20.0,-3911.61,0.1448,20.0,-2762.23,0.1552,20.0,-2061.75,0.1648,20.0,-1809.15,0.1696,20.0,-1668.79,0.1726,20.0,-1609.55,0.1739,20.0,-1603.19,0.1894,20.0,-1602.23,0.2633,20.0
481,2024-04-26,0.0,0.254,-1.7,14.925,7.89166666666667,0.0,0.254,3.1141e-09,0.0,-3.9101e-05,10.729,67.081,-17.99,39.595,-14.061,-25398.0,-1956.8,-1601.8,0.0,0.0,30.334,25.14,7.1496,0.0,-8654.63,0.1266,20.0,-3912.47,0.1448,20.0,-2764.83,0.1552,20.0,-2063.51,0.1648,20.0,-1810.24,0.1696,20.0,-1669.36,0.1726,20.0,-1609.67,0.1739,20.0,-1603.21,0.1894,20.0,-1602.23,0.2633,20.0
482,2024-04-27,0.5938,0.12954,3.95,8.65,5.98020833333333,0.0,0.12954,-2.3283e-10,0.0,-3.9096e-05,10.729,67.211,-17.99,39.595,-14.061,-23958.0,-1954.1,-1601.8,0.0,0.0,30.334,25.14,7.1496,0.0,-8563.67,0.1268,20.0,-3913.15,0.1448,20.0,-2767.39,0.1551,20.0,-2065.26,0.1648,20.0,-1811.33,0.1696,20.0,-1669.92,0.1726,20.0,-1609.79,0.1739,20.0,-1603.23,0.1894,20.0,-1602.24,0.2633,20.0
483,2024-04-28,0.0034,0.35306,4.075,15.6,9.42604166666667,0.0,0.35306,3.1432e-09,0.0,-3.9092e-05,10.729,67.564,-17.99,39.595,-14.061,-22645.0,-1951.5,-1601.8,0.0,0.0,30.334,25.14,7.1496,0.0,-8473.74,0.127,20.0,-3913.64,0.1448,20.0,-2769.92,0.1551,20.0,-2067.01,0.1647,20.0,-1812.42,0.1696,20.0,-1670.49,0.1726,20.0,-1609.91,0.1739,20.0,-1603.25,0.1894,20.0,-1602.24,0.2633,20.0
484,2024-04-29,0.0,0.32004,2.575,13.0,7.91770833333333,0.0,0.32004,3.4343e-09,0.0,-3.9096e-05,10.729,67.884,-17.99,39.595,-14.061,-21445.0,-1949.1,-1601.8,0.0,0.0,30.334,25.14,7.1496,0.0,-8384.26,0.1272,20.0,-3913.96,0.1448,20.0,-2772.41,0.1551,20.0,-2068.77,0.1647,20.0,-1813.5,0.1695,20.0,-1671.05,0.1726,20.0,-1610.03,0.1739,20.0,-1603.27,0.1894,20.0,-1602.24,0.2633,20.0
485,2024-04-30,0.0,0.29464,-2.9,12.2,4.46041666666667,0.0,0.29464,-2.2119e-09,0.0,-3.9101e-05,10.729,68.179,-17.99,39.595,-14.061,-20346.0,-1946.7,-1601.8,0.0,0.0,30.334,25.14,7.1496,0.0,-8295.0,0.1274,20.0,-3914.15,0.1448,20.0,-2774.88,0.155,20.0,-2070.53,0.1647,20.0,-1814.59,0.1695,20.0,-1671.62,0.1726,20.0,-1610.16,0.1739,20.0,-1603.3,0.1894,20.0,-1602.25,0.2633,20.0
486,2024-05-01,0.1156,0.19558,-5.575,8.2,2.05,0.0,0.19558,1.2224e-09,0.0,-3.91e-05,10.729,68.374,-17.99,39.595,-14.061,-19337.0,-1944.4,-1601.8,0.0,0.0,30.334,25.14,7.1496,0.0,-8206.14,0.1275,20.0,-3914.23,0.1448,20.0,-2777.31,0.155,20.0,-2072.29,0.1646,20.0,-1815.67,0.1695,20.0,-1672.19,0.1726,20.0,-1610.28,0.1739,20.0,-1603.32,0.1894,20.0,-1602.25,0.2633,20.0
487,2024-05-02,0.4098,0.13208,-0.425,5.45,1.63333333333333,0.0,0.13208,1.397e-09,0.0,-3.9096e-05,10.729,68.506,-17.99,39.595,-14.061,-18410.0,-5515.6,-1601.8,0.0,0.0,30.334,25.14,7.1496,0.0,-8117.84,0.1277,20.0,-3914.21,0.1448,20.0,-2779.71,0.155,20.0,-2074.03,0.1646,20.0,-1816.76,0.1695,20.0,-1672.75,0.1726,20.0,-1610.41,0.1739,20.0,-1603.34,0.1894,20.0,-1602.25,0.2633,20.0
488,2024-05-03,0.0119,0.19558,-1.4,9.775,3.46041666666667,0.0,0.19558,-1.9791e-09,0.0,-3.9091e-05,10.729,68.702,-17.99,39.595,-14.061,-17557.0,-5473.6,-1601.8,0.0,0.0,30.334,25.14,7.1496,0.0,-8030.25,0.1279,20.0,-3914.1,0.1448,20.0,-2782.07,0.155,20.0,-2075.77,0.1646,20.0,-1817.84,0.1694,20.0,-1673.32,0.1725,20.0,-1610.54,0.1739,20.0,-1603.36,0.1894,20.0,-1602.26,0.2633,20.0
489,2024-05-04,0.0,0.32766,-3.95,15.875,7.5375,0.0,0.32766,-1.7171e-09,0.0,-3.9096e-05,10.729,69.03,-17.99,39.595,-14.061,-16770.0,-5432.6,-1601.9,0.0,0.0,30.334,25.14,7.1496,0.0,-7943.53,0.1281,20.0,-3913.89,0.1448,20.0,-2784.41,0.1549,20.0,-2077.49,0.1646,20.0,-1818.92,0.1694,20.0,-1673.88,0.1725,20.0,-1610.66,0.1739,20.0,-1603.39,0.1894,20.0,-1602.26,0.2633,20.0
490,2024-05-05,0.0,0.22606,4.325,15.525,9.046875,0.0,0.22606,-1.9791e-09,0.0,-3.9096e-05,10.729,69.256,-17.99,39.595,-14.061,-16044.0,-5394.6,-1601.9,0.0,0.0,30.334,25.14,7.1496,0.0,-7875.17,0.1283,20.0,-3913.59,0.1448,20.0,-2786.71,0.1549,20.0,-2079.21,0.1645,20.0,-1820.0,0.1694,20.0,-1674.45,0.1725,20.0,-1610.79,0.1739,20.0,-1603.41,0.1894,20.0,-1602.27,0.2633,20.0
491,2024-05-06,0.0,0.30226,4.3,16.0,9.90520833333333,0.0,0.30226,-2.8813e-09,0.0,-3.9101e-05,10.729,69.558,-17.99,39.595,-14.061,-15371.0,-5357.8,-1601.9,0.0,0.0,30.334,25.14,7.1496,0.0,-7809.67,0.1285,20.0,-3913.19,0.1448,20.0,-2788.98,0.1549,20.0,-2080.91,0.1645,20.0,-1821.08,0.1694,20.0,-1675.02,0.1725,20.0,-1610.92,0.1739,20.0,-1603.43,0.1894,20.0,-1602.27,0.2633,20.0
492,2024-05-07,1.4485,0.12954,0.85,8.225,5.53229166666667,0.0,0.12954,1.4552e-09,0.0,-3.9096e-05,10.729,69.688,-17.99,39.595,-14.062,-14747.0,-5321.6,-1601.9,0.0,0.0,30.334,25.14,7.1496,0.0,-7743.38,0.1287,20.0,-3912.7,0.1448,20.0,-2791.21,0.1549,20.0,-2082.6,0.1645,20.0,-1822.16,0.1694,20.0,-1675.58,0.1725,20.0,-1611.06,0.1739,20.0,-1603.46,0.1894,20.0,-1602.27,0.2633,20.0
493,2024-05-08,1.0762,0.04572,0.1,4.125,1.85866666666667,0.0,0.04572,-1.397e-09,0.0,-3.9106e-05,10.729,69.733,-17.99,39.595,-14.062,-14168.0,-5286.2,-1601.9,0.0,0.0,30.334,25.14,7.1496,0.0,-7676.44,0.1289,20.0,-3912.13,0.1448,20.0,-2793.42,0.1548,20.0,-2084.29,0.1645,20.0,-1823.23,0.1693,20.0,-1676.15,0.1725,20.0,-1611.19,0.1739,20.0,-1603.48,0.1894,20.0,-1602.28,0.2633,20.0
494,2024-05-09,0.1497,0.2667,3.95,17.55,9.71458333333333,0.0,0.2667,2.1246e-09,0.0,-3.9091e-05,10.729,70.0,-17.99,39.595,-14.062,-13629.0,-5251.5,-1601.9,0.0,0.0,30.333,25.14,7.1496,0.0,-7609.09,0.1291,20.0,-3911.47,0.1448,20.0,-2795.62,0.1548,20.0,-2085.96,0.1644,20.0,-1824.31,0.1693,20.0,-1676.72,0.1725,20.0,-1611.32,0.1739,20.0,-1603.51,0.1894,20.0,-1602.28,0.2633,20.0
495,2024-05-10,0.0034,0.39878,1.6,21.575,12.615625,0.0,0.39878,1.3388e-09,0.0,-3.9096e-05,10.729,70.399,-17.99,39.595,-14.062,-13127.0,-5217.4,-1601.9,0.0,0.0,30.333,25.14,7.1496,0.0,-7541.53,0.1293,20.0,-3910.74,0.1448,20.0,-2797.79,0.1548,20.0,-2087.63,0.1644,20.0,-1825.38,0.1693,20.0,-1677.28,0.1725,20.0,-1611.45,0.1739,20.0,-1603.53,0.1894,20.0,-1602.29,0.2633,20.0
496,2024-05-11,0.0,0.42926,6.8,26.0,17.175,0.0,0.42926,2.9686e-09,0.0,-3.909e-05,10.729,70.828,-17.99,39.595,-14.062,-12659.0,-5184.7,-1601.9,0.0,0.0,30.333,25.14,7.1496,0.0,-7474.23,0.1295,20.0,-3909.94,0.1448,20.0,-2799.94,0.1548,20.0,-2089.29,0.1644,20.0,-1826.45,0.1693,20.0,-1677.85,0.1724,20.0,-1611.59,0.1739,20.0,-1603.56,0.1894,20.0,-1602.29,0.2633,20.0
497,2024-05-12,0.0,0.42418,5.625,25.6,15.7104166666667,0.0,0.42418,2.6193e-10,0.0,-3.91e-05,10.729,71.252,-17.99,39.595,-14.062,-12221.0,-5154.7,-1601.9,0.0,0.0,30.333,25.14,7.1496,0.0,-7409.23,0.1297,20.0,-3909.07,0.1448,20.0,-2802.06,0.1547,20.0,-2090.94,0.1644,20.0,-1827.51,0.1692,20.0,-1678.42,0.1724,20.0,-1611.72,0.1739,20.0,-1603.59,0.1894,20.0,-1602.3,0.2633,20.0
498,2024-05-13,0.0391,0.381,7.9,24.775,15.6208333333333,0.0,0.381,-3.1723e-09,0.0,-3.91e-05,10.729,71.633,-17.99,39.595,-14.062,-11811.0,-5125.0,-1601.9,0.0,0.0,30.333,25.14,7.1496,0.0,-7345.87,0.1299,20.0,-3908.19,0.1448,20.0,-2804.14,0.1547,20.0,-2092.58,0.1643,20.0,-1828.58,0.1692,20.0,-1678.98,0.1724,20.0,-1611.86,0.1739,20.0,-1603.61,0.1894,20.0,-1602.3,0.2633,20.0
499,2024-05-14,0.1395,0.21844,7.225,16.45,11.0875,0.0,0.21844,3.6962e-09,0.0,-3.91e-05,10.729,71.852,-17.99,39.595,-14.062,-11428.0,-5095.3,-1601.9,0.0,0.0,30.333,25.14,7.1496,0.0,-7283.21,0.1301,20.0,-3907.33,0.1448,20.0,-2806.19,0.1547,20.0,-2094.22,0.1643,20.0,-1829.64,0.1692,20.0,-1679.55,0.1724,20.0,-1612.0,0.1739,20.0,-1603.64,0.1894,20.0,-1602.31,0.2633,20.0
500,2024-05-15,0.0,0.35814,7.6,21.575,14.1708333333333,0.0,0.35814,-8.4401e-10,0.0,-3.91e-05,10.729,72.21,-17.99,39.595,-14.062,-11071.0,-5065.5,-1601.9,0.0,0.0,30.333,25.14,7.1496,0.0,-7220.52,0.1303,20.0,-3906.48,0.1448,20.0,-2808.21,0.1547,20.0,-2095.85,0.1643,20.0,-1830.7,0.1692,20.0,-1680.12,0.1724,20.0,-1612.14,0.1739,20.0,-1603.67,0.1894,20.0,-1602.31,0.2633,20.0
501,2024-05-16,0.0,0.48006,9.725,23.3,16.353125,0.0,0.48006,-3.2887e-09,0.0,-3.9091e-05,10.729,72.69,-17.99,39.595,-14.062,-10736.0,-5035.8,-1601.9,0.0,0.0,30.333,25.14,7.1496,0.0,-7157.34,0.1305,20.0,-3905.63,0.1449,20.0,-2810.19,0.1547,20.0,-2097.48,0.1643,20.0,-1831.76,0.1691,20.0,-1680.68,0.1724,20.0,-1612.28,0.1739,20.0,-1603.7,0.1894,20.0,-1602.32,0.2633,20.0
502,2024-05-17,0.1243,0.36068,1.95,15.95,10.1802083333333,0.0,0.36068,2.7358e-09,0.0,-3.9095e-05,10.729,73.05,-17.99,39.595,-14.062,-10423.0,-5006.1,-1601.9,0.0,0.0,30.333,25.14,7.1496,0.0,-7093.33,0.1307,20.0,-3904.77,0.1449,20.0,-2812.15,0.1546,20.0,-2099.1,0.1642,20.0,-1832.81,0.1691,20.0,-1681.25,0.1724,20.0,-1612.42,0.1739,20.0,-1603.72,0.1894,20.0,-1602.32,0.2633,20.0
503,2024-05-18,0.0,0.35306,0.0,15.525,8.0875,0.0,0.35306,1.1933e-09,0.0,-3.9095e-05,10.729,73.404,-17.99,39.595,-14.062,-10131.0,-4976.4,-1601.9,0.0,0.0,30.333,25.14,7.1496,0.0,-7028.35,0.1309,20.0,-3903.87,0.1449,20.0,-2814.07,0.1546,20.0,-2100.72,0.1642,20.0,-1833.87,0.1691,20.0,-1681.82,0.1724,20.0,-1612.56,0.1738,20.0,-1603.75,0.1894,20.0,-1602.33,0.2633,20.0
504,2024-05-19,0.1803,0.24892,2.325,13.25,7.271875,0.0,0.24892,2.6193e-09,0.0,-3.9095e-05,10.729,73.652,-17.99,39.595,-14.062,-9875.4,-4947.1,-1601.9,0.0,0.0,30.333,25.14,7.1496,0.0,-6962.4,0.1311,20.0,-3902.92,0.1449,20.0,-2815.96,0.1546,20.0,-2102.34,0.1642,20.0,-1834.92,0.1691,20.0,-1682.38,0.1724,20.0,-1612.7,0.1738,20.0,-1603.78,0.1894,20.0,-1602.33,0.2633,20.0
505,2024-05-20,0.0051,0.29718,-1.125,15.275,6.74583333333333,0.0,0.29718,-1.1642e-09,0.0,-3.9101e-05,10.729,73.95,-17.99,39.595,-14.062,-9636.7,-4918.2,-1601.9,0.0,0.0,30.333,25.14,7.1496,0.0,-6895.73,0.1313,20.0,-3901.9,0.1449,20.0,-2817.82,0.1546,20.0,-2103.96,0.1642,20.0,-1835.97,0.1691,20.0,-1682.95,0.1723,20.0,-1612.84,0.1738,20.0,-1603.81,0.1894,20.0,-1602.34,0.2633,20.0
506,2024-05-21,0.0085,0.28956,-1.2,16.0,8.71770833333333,0.0,0.28956,2.4738e-09,0.0,-3.9095e-05,10.729,74.239,-17.99,39.595,-14.062,-9401.8,-4889.6,-1601.9,0.0,0.0,30.333,25.14,7.1496,0.0,-6828.51,0.1315,20.0,-3900.8,0.1449,20.0,-2819.66,0.1545,20.0,-2105.57,0.1641,20.0,-1837.02,0.169,20.0,-1683.52,0.1723,20.0,-1612.99,0.1738,20.0,-1603.84,0.1894,20.0,-1602.34,0.2633,20.0
507,2024-05-22,0.7844,0.23368,6.175,14.175,9.075,0.0,0.23368,-7.567e-10,0.0,-3.9095e-05,10.729,74.473,-17.99,39.595,-14.062,-9171.8,-4861.3,-1601.9,0.0,0.0,30.333,25.14,7.1496,0.0,-6760.83,0.1317,20.0,-3899.61,0.1449,20.0,-2821.5,0.1545,20.0,-2107.18,0.1641,20.0,-1838.08,0.169,20.0,-1684.08,0.1723,20.0,-1613.13,0.1738,20.0,-1603.87,0.1894,20.0,-1602.35,0.2633,20.0
508,2024-05-23,0.3556,0.25654,3.85,12.85,8.15520833333333,0.0,0.25654,4.1036e-09,0.0,-3.9105e-05,10.729,74.729,-17.99,39.595,-14.062,-8948.5,-4833.0,-1601.9,0.0,0.0,30.333,25.14,7.1496,0.0,-6692.72,0.1319,20.0,-3898.32,0.1449,20.0,-2823.34,0.1545,20.0,-2108.78,0.1641,20.0,-1839.13,0.169,20.0,-1684.65,0.1723,20.0,-1613.28,0.1738,20.0,-1603.9,0.1894,20.0,-1602.36,0.2633,20.0
509,2024-05-24,0.0,0.39878,4.65,17.3,10.7052083333333,0.0,0.39878,-3.376e-09,0.0,-3.9105e-05,10.729,75.128,-17.99,39.595,-14.062,-8733.9,-4806.3,-1601.9,0.0,0.0,30.333,25.14,7.1496,0.0,-6625.26,0.1321,20.0,-3896.91,0.1449,20.0,-2825.16,0.1545,20.0,-2110.37,0.1641,20.0,-1840.18,0.169,20.0,-1685.21,0.1723,20.0,-1613.42,0.1738,20.0,-1603.94,0.1894,20.0,-1602.36,0.2633,20.0
510,2024-05-25,0.0,0.31496,1.35,18.525,9.8625,0.0,0.31496,-1.5425e-09,0.0,-3.91e-05,10.729,75.443,-17.99,39.595,-14.062,-8531.2,-4782.0,-1601.9,0.0,0.0,30.333,25.14,7.1496,0.0,-6561.57,0.1323,20.0,-3895.36,0.1449,20.0,-2826.96,0.1545,20.0,-2111.95,0.164,20.0,-1841.23,0.1689,20.0,-1685.78,0.1723,20.0,-1613.57,0.1738,20.0,-1603.97,0.1894,20.0,-1602.37,0.2633,20.0
511,2024-05-26,0.0,0.42164,4.45,18.125,10.9333333333333,0.0,0.42164,-3.2742e-09,0.0,-3.9105e-05,10.729,75.865,-17.99,39.595,-14.062,-8340.1,-4757.7,-1601.9,0.0,0.0,30.333,25.14,7.1496,0.0,-6500.69,0.1324,20.0,-3893.66,0.1449,20.0,-2828.75,0.1544,20.0,-2113.53,0.164,20.0,-1842.27,0.1689,20.0,-1686.35,0.1723,20.0,-1613.72,0.1738,20.0,-1604.0,0.1894,20.0,-1602.37,0.2633,20.0
512,2024-05-27,0.0,0.41148,3.15,22.95,13.8697916666667,0.0,0.41148,-2.2847e-09,0.0,-3.9105e-05,10.729,76.276,-17.99,39.595,-14.062,-8159.5,-4733.2,-1601.9,0.0,0.0,30.333,25.14,7.1496,0.0,-6441.33,0.1326,20.0,-3891.8,0.145,20.0,-2830.51,0.1544,20.0,-2115.09,0.164,20.0,-1843.32,0.1689,20.0,-1686.91,0.1723,20.0,-1613.87,0.1738,20.0,-1604.03,0.1894,20.0,-1602.38,0.2633,20.0
513,2024-05-28,0.0885,0.4699,2.975,27.05,15.3177083333333,0.0,0.4699,-7.6398e-09,0.0,-3.9099e-05,10.729,76.746,-17.99,39.595,-14.062,-7988.4,-4708.6,-1601.9,0.0,0.0,30.333,25.14,7.1496,0.0,-6382.68,0.1328,20.0,-3889.78,0.145,20.0,-2832.24,0.1544,20.0,-2116.65,0.164,20.0,-1844.36,0.1689,20.0,-1687.48,0.1722,20.0,-1614.02,0.1738,20.0,-1604.07,0.1894,20.0,-1602.39,0.2633,20.0
514,2024-05-29,0.2349,0.41148,7.775,18.825,13.6041666666667,0.0,0.41148,3.929e-10,0.0,-3.9095e-05,10.729,77.158,-17.99,39.595,-14.062,-7851.3,-4684.1,-1601.9,0.0,0.0,30.333,25.14,7.1496,0.0,-6324.36,0.133,20.0,-3887.59,0.145,20.0,-2833.95,0.1544,20.0,-2118.19,0.1639,20.0,-1845.4,0.1689,20.0,-1688.04,0.1722,20.0,-1614.17,0.1738,20.0,-1604.1,0.1894,20.0,-1602.39,0.2633,20.0
515,2024-05-30,0.0,0.36576,2.35,16.8,10.0135416666667,0.0,0.36576,1.8772e-09,0.0,-3.91e-05,10.729,77.523,-17.99,39.595,-14.062,-7725.9,-4660.5,-1601.9,0.0,0.0,30.333,25.14,7.1496,0.0,-6270.16,0.1331,20.0,-3885.22,0.145,20.0,-2835.62,0.1544,20.0,-2119.73,0.1639,20.0,-1846.44,0.1688,20.0,-1688.61,0.1722,20.0,-1614.32,0.1738,20.0,-1604.13,0.1894,20.0,-1602.4,0.2633,20.0
516,2024-05-31,0.0,0.40132,0.8,19.7,10.6260416666667,0.0,0.40132,-6.2573e-09,0.0,-3.9104e-05,10.729,77.925,-17.99,39.595,-14.062,-7600.8,-4638.5,-1601.9,0.0,0.0,30.333,25.14,7.1496,0.0,-6224.78,0.1333,20.0,-3882.68,0.145,20.0,-2837.27,0.1544,20.0,-2121.26,0.1639,20.0,-1847.48,0.1688,20.0,-1689.17,0.1722,20.0,-1614.47,0.1738,20.0,-1604.17,0.1894,20.0,-1602.41,0.2633,20.0
517,2024-06-01,0.0,0.3683,0.05,22.075,12.871875,0.0,0.3683,-3.3906e-09,0.0,-3.9089e-05,10.729,78.293,-17.99,39.595,-14.063,-7476.4,-4616.7,-1601.9,0.0,0.0,30.333,25.14,7.1496,0.0,-6177.74,0.1335,20.0,-3879.97,0.1451,20.0,-2838.89,0.1543,20.0,-2122.78,0.1639,20.0,-1848.51,0.1688,20.0,-1689.74,0.1722,20.0,-1614.62,0.1738,20.0,-1604.2,0.1894,20.0,-1602.41,0.2633,20.0
518,2024-06-02,0.0,0.41148,7.875,21.3,15.5416666666667,0.0,0.41148,1.4115e-09,0.0,-3.9098e-05,10.729,78.704,-17.99,39.595,-14.063,-7353.7,-3508.3,-1601.9,0.0,0.0,30.333,25.14,7.1496,0.0,-6129.21,0.1337,20.0,-3877.12,0.1451,20.0,-2840.48,0.1543,20.0,-2124.29,0.1638,20.0,-1849.55,0.1688,20.0,-1690.3,0.1722,20.0,-1614.78,0.1738,20.0,-1604.24,0.1894,20.0,-1602.42,0.2633,20.0
519,2024-06-03,0.0,0.46482,8.275,19.75,14.65,0.0,0.46482,-6.0099e-09,0.0,-3.9099e-05,10.729,79.169,-17.99,39.595,-14.063,-7233.4,-3499.0,-1601.9,0.0,0.0,30.333,25.14,7.1496,0.0,-6079.67,0.1339,20.0,-3874.12,0.1451,20.0,-2842.04,0.1543,20.0,-2125.8,0.1638,20.0,-1850.57,0.1687,20.0,-1690.87,0.1722,20.0,-1614.93,0.1738,20.0,-1604.27,0.1894,20.0,-1602.43,0.2633,20.0
520,2024-06-04,0.0,0.47752,7.375,19.7,12.3802083333333,0.0,0.47752,4.4674e-09,0.0,-3.9099e-05,10.729,79.647,-17.99,39.595,-14.063,-7116.2,-3489.7,-1601.9,0.0,0.0,30.332,25.14,7.1496,0.0,-6029.4,0.1342,20.0,-3870.99,0.1451,20.0,-2843.57,0.1543,20.0,-2127.3,0.1638,20.0,-1851.6,0.1687,20.0,-1691.43,0.1722,20.0,-1615.09,0.1738,20.0,-1604.31,0.1894,20.0,-1602.44,0.2633,20.0
521,2024-06-05,0.0,0.4445,7.375,22.775,14.9489583333333,0.0,0.4445,6.7812e-09,0.0,-3.9094e-05,10.729,80.091,-17.99,39.595,-14.063,-7002.3,-3480.4,-1601.9,0.0,0.0,30.332,25.14,7.1496,0.0,-5978.63,0.1344,20.0,-3867.73,0.1452,20.0,-2845.07,0.1543,20.0,-2128.78,0.1638,20.0,-1852.62,0.1687,20.0,-1692.0,0.1721,20.0,-1615.24,0.1738,20.0,-1604.35,0.1894,20.0,-1602.44,0.2633,20.0
522,2024-06-06,0.0,0.44196,3.6,25.925,15.89375,0.0,0.44196,7.4797e-09,0.0,-3.9104e-05,10.729,80.533,-17.99,39.595,-14.063,-6891.8,-3471.1,-1601.9,0.0,0.0,30.332,25.14,7.1496,0.0,-5927.51,0.1346,20.0,-3864.34,0.1452,20.0,-2846.53,0.1542,20.0,-2130.26,0.1637,20.0,-1853.64,0.1687,20.0,-1692.56,0.1721,20.0,-1615.4,0.1738,20.0,-1604.38,0.1894,20.0,-1602.45,0.2633,20.0
523,2024-06-07,0.0,0.42672,6.225,21.75,15.04375,0.0,0.42672,6.8248e-09,0.0,-3.9095e-05,10.729,80.96,-17.99,39.595,-14.063,-6784.9,-3461.9,-1601.9,0.0,0.0,30.332,25.14,7.1496,0.0,-5876.15,0.1348,20.0,-3860.82,0.1452,20.0,-2847.96,0.1542,20.0,-2131.74,0.1637,20.0,-1854.66,0.1687,20.0,-1693.13,0.1721,20.0,-1615.56,0.1738,20.0,-1604.42,0.1894,20.0,-1602.46,0.2633,20.0
524,2024-06-08,0.0,0.41656,3.55,23.05,14.2875,0.0,0.41656,-5.5006e-09,0.0,-3.9095e-05,10.729,81.377,-17.99,39.595,-14.063,-6681.5,-3452.7,-1601.9,0.0,0.0,30.332,25.14,7.1496,0.0,-5824.69,0.135,20.0,-3857.17,0.1452,20.0,-2849.36,0.1542,20.0,-2133.21,0.1637,20.0,-1855.68,0.1686,20.0,-1693.69,0.1721,20.0,-1615.72,0.1738,20.0,-1604.46,0.1894,20.0,-1602.47,0.2633,20.0
525,2024-06-09,0.0,0.39878,2.7,21.2,13.6229166666667,0.0,0.39878,-1.528e-09,0.0,-3.9088e-05,10.729,81.775,-17.99,39.595,-14.063,-6581.5,-3443.5,-1601.9,0.0,0.0,30.332,25.14,7.1496,0.0,-5773.21,0.1352,20.0,-3853.38,0.1453,20.0,-2850.72,0.1542,20.0,-2134.68,0.1637,20.0,-1856.71,0.1686,20.0,-1694.25,0.1721,20.0,-1615.88,0.1738,20.0,-1604.5,0.1894,20.0,-1602.47,0.2633,20.0
526,2024-06-10,0.1173,0.45974,12.875,25.2,18.5552083333333,0.0,0.45974,-6.2573e-09,0.0,-3.9099e-05,10.729,82.235,-17.99,39.595,-14.063,-6486.6,-3434.9,-1601.9,0.0,0.0,30.332,25.14,7.1496,0.0,-5722.88,0.1354,20.0,-3849.43,0.1453,20.0,-2852.05,0.1542,20.0,-2136.14,0.1637,20.0,-1857.73,0.1686,20.0,-1694.82,0.1721,20.0,-1616.04,0.1738,20.0,-1604.54,0.1894,20.0,-1602.48,0.2633,20.0
527,2024-06-11,0.0,0.55118,10.25,28.1,19.2333333333333,0.0,0.55118,1.6007e-10,0.0,-3.9094e-05,10.729,82.786,-17.99,39.595,-14.063,-6398.5,-3426.8,-1601.9,0.0,0.0,30.332,25.14,7.1496,0.0,-5675.26,0.1356,20.0,-3845.33,0.1453,20.0,-2853.34,0.1542,20.0,-2137.59,0.1636,20.0,-1858.75,0.1686,20.0,-1695.38,0.1721,20.0,-1616.2,0.1738,20.0,-1604.58,0.1894,20.0,-1602.49,0.2633,20.0
528,2024-06-12,0.0,0.5207,6.5,25.4,17.9635416666667,-1.524,0.5207,-1.524,0.32628,-3.9069e-05,9.205,83.307,-19.514,39.781,-14.063,-83.959,-1535.3,-1601.9,0.0,0.0,31.678,26.664,7.1496,0.0,-109.1,0.3384,20.0,-264.36,0.2731,20.0,-2849.47,0.1542,20.0,-2139.04,0.1636,20.0,-1859.77,0.1685,20.0,-1695.94,0.1721,20.0,-1616.36,0.1738,20.0,-1604.61,0.1894,20.0,-1602.49,0.2633,20.0
529,2024-06-13,0.0,0.45466,2.55,25.225,15.58125,-1.524,0.45466,-1.524,0.41543,-3.906e-05,7.681,83.762,-21.038,40.144,-14.063,-59.26,-705.5,-1601.9,0.0,0.0,32.843,28.188,7.1496,0.0,-69.17,0.3698,20.0,-101.17,0.3438,20.0,-226.66,0.284,20.0,-2140.48,0.1636,20.0,-1860.79,0.1685,20.0,-1696.5,0.172,20.0,-1616.52,0.1738,20.0,-1604.65,0.1894,20.0,-1602.49,0.2633,20.0
530,2024-06-14,0.0,0.41656,5.4,28.675,17.7677083333333,-1.524,0.41656,-1.524,0.41655,-3.9069e-05,6.157,84.178,-22.562,40.55,-14.063,-48.223,-150.94,-1601.9,0.0,0.0,33.961,29.712,7.1496,0.0,-54.13,0.3845,20.0,-70.2,0.3688,20.0,-107.14,0.3398,20.0,-1729.12,0.1714,20.0,-1861.81,0.1685,20.0,-1697.07,0.172,20.0,-1616.68,0.1738,20.0,-1604.69,0.1894,20.0,-1602.49,0.2633,20.0
531,2024-06-15,0.1258,0.32766,6.075,20.8,12.496875,-1.6498,0.32766,-1.6498,0.32766,-3.9069e-05,4.5072,84.506,-24.212,40.878,-14.063,-37.299,-71.288,-1601.9,0.0,0.0,35.276,31.361,7.1496,0.0,-40.87,0.3989,20.0,-49.86,0.3889,20.0,-66.92,0.3719,20.0,-190.49,0.2964,20.0,-1862.81,0.1685,20.0,-1697.63,0.172,20.0,-1616.85,0.1738,20.0,-1604.73,0.1894,20.0,-1602.5,0.2633,20.0
532,2024-06-16,0.0612,0.4318,5.1,17.55,11.1666666666667,-1.5852,0.4318,-1.5852,0.4318,-3.9064e-05,2.922,84.938,-25.797,41.31,-14.063,-35.086,-55.995,-1601.9,0.0,0.0,36.437,32.947,7.1496,0.0,-37.92,0.4022,20.0,-44.51,0.3948,20.0,-55.38,0.3832,20.0,-101.97,0.3433,20.0,-862.83,0.2016,20.0,-1698.19,0.172,20.0,-1617.02,0.1738,20.0,-1604.78,0.1894,20.0,-1602.5,0.2633,20.0
533,2024-06-17,2.0693,0.09652,4.25,6.625,5.37916666666667,-3.5933,0.09652,-3.5933,0.09652,-3.906e-05,-0.67129,85.034,-29.39,41.406,-14.063,-7.3461,-11.823,-1601.9,0.0,0.0,39.909,36.54,7.1496,0.0,-7.88,0.4364,20.0,-9.21,0.4351,20.0,-11.64,0.4326,20.0,-21.63,0.4213,20.0,-56.76,0.3818,20.0,-1698.75,0.172,20.0,-1617.18,0.1737,20.0,-1604.82,0.1894,20.0,-1602.5,0.2633,20.0
534,2024-06-18,0.4488,0.23368,2.85,12.575,7.25729166666667,0.0,0.23368,4.2468e-07,0.23368,-3.9064e-05,-0.67129,85.268,-29.39,41.64,-14.063,-69.622,-63.125,-1601.9,0.0,0.0,39.68,36.54,7.1496,0.0,-67.8,0.3711,20.0,-64.66,0.374,20.0,-61.76,0.3767,20.0,-61.38,0.3771,20.0,-73.89,0.3654,20.0,-317.84,0.2601,20.0,-1617.35,0.1737,20.0,-1604.86,0.1894,20.0,-1602.5,0.2633,20.0
535,2024-06-19,0.2366,0.37592,0.625,19.575,10.209375,0.0,0.37592,-2.645e-07,0.37592,-3.9093e-05,-0.67129,85.644,-29.39,42.016,-14.063,-107.26,-96.445,-1601.9,0.0,0.0,39.313,36.54,7.1496,0.0,-105.47,0.3409,20.0,-100.93,0.344,20.0,-94.64,0.3483,20.0,-87.75,0.3539,20.0,-95.12,0.348,20.0,-191.87,0.2958,20.0,-1617.51,0.1737,20.0,-1604.9,0.1894,20.0,-1602.51,0.2633,20.0
536,2024-06-20,0.017,0.4191,1.275,23.0,13.3677083333333,0.0,0.4191,-3.1665e-08,0.4191,-3.9103e-05,-0.67129,86.063,-29.39,42.435,-14.063,-149.72,-131.69,-1601.9,0.0,0.0,38.898,36.54,7.1496,0.0,-148.07,0.3154,20.0,-141.12,0.3193,20.0,-129.21,0.3259,20.0,-112.13,0.3364,20.0,-114.37,0.3348,20.0,-182.64,0.2999,20.0,-1617.68,0.1737,20.0,-1604.94,0.1894,20.0,-1602.53,0.2633,20.0
537,2024-06-21,0.423,0.33528,5.225,22.075,13.5125,0.0,0.33528,-1.2759e-07,0.33528,-3.9088e-05,-0.67129,86.398,-29.39,42.77,-14.063,-190.33,-164.47,-1601.9,0.0,0.0,38.549,36.54,7.1496,0.0,-188.64,0.2972,20.0,-178.8,0.3015,20.0,-160.85,0.3094,20.0,-134.73,0.3228,20.0,-132.71,0.3239,20.0,-186.63,0.2981,20.0,-1617.85,0.1737,20.0,-1604.99,0.1894,20.0,-1602.54,0.2633,20.0
538,2024-06-22,0.0051,0.42672,6.725,27.45,17.715625,0.0,0.42672,5.3085e-08,0.42672,-3.9093e-05,-0.67129,86.825,-29.39,43.197,-14.063,-255.03,-209.73,-1601.9,0.0,0.0,38.153,36.54,7.1496,0.0,-254.12,0.2757,20.0,-235.8,0.2809,20.0,-202.19,0.2923,20.0,-156.85,0.3111,20.0,-148.66,0.3151,20.0,-194.61,0.2949,20.0,-1617.85,0.1737,20.0,-1605.03,0.1894,20.0,-1602.55,0.2633,20.0
539,2024-06-23,0.0,0.55626,9.6,30.625,20.9,0.0,0.55626,-1.4901e-08,0.55626,-3.9088e-05,-0.67129,87.381,-29.39,43.753,-14.063,-394.64,-293.3,-1601.9,0.0,0.0,37.64,36.54,7.1496,0.0,-400.54,0.2448,20.0,-353.49,0.2532,20.0,-269.48,0.2717,20.0,-182.51,0.2999,20.0,-166.39,0.307,20.0,-203.96,0.2917,20.0,-1616.14,0.1738,20.0,-1605.08,0.1894,20.0,-1602.56,0.2633,20.0
540,2024-06-24,0.0119,0.49022,10.15,27.5,19.7397727272727,0.0,0.49022,1.5832e-08,0.45595,-3.9089e-05,-0.67129,87.871,-29.39,44.225,-14.063,-677.02,-433.59,-1601.9,0.0,0.0,37.118,36.54,7.1496,0.0,-711.78,0.2114,20.0,-559.15,0.2247,20.0,-355.93,0.2527,20.0,-210.3,0.2896,20.0,-182.84,0.2998,20.0,-213.83,0.2884,20.0,-1603.96,0.174,20.0,-1605.12,0.1894,20.0,-1602.57,0.2633,20.0
541,2024-06-25,0.0,0.41148,6.525,24.95,16.6666666666667,0.0,0.41148,-4.6566e-09,0.30931,-3.9098e-05,-0.67129,88.283,-29.39,44.558,-14.063,-1040.8,-608.37,-1601.9,0.0,0.0,36.712,36.54,7.1496,0.0,-1129.0,0.1889,20.0,-830.32,0.2034,20.0,-447.21,0.2381,20.0,-236.41,0.2807,20.0,-200.1,0.293,20.0,-223.91,0.285,20.0,-1563.62,0.1749,20.0,-1605.16,0.1894,20.0,-1602.58,0.2633,20.0
542,2024-06-26,0.1191,0.44196,5.55,28.55,18.09375,0.0,0.44196,-6.5193e-09,0.24637,-3.9093e-05,-0.67129,88.725,-29.39,44.822,-14.063,-1312.7,-760.02,-1601.9,0.0,0.0,36.416,36.54,7.1496,0.0,-1393.79,0.1798,20.0,-1103.91,0.1899,20.0,-551.79,0.2256,20.0,-262.44,0.2736,20.0,-216.58,0.2874,20.0,-234.27,0.2814,20.0,-1475.24,0.1774,20.0,-1605.21,0.1894,20.0,-1602.59,0.2633,20.0
543,2024-06-27,1.0032,0.32258,10.975,19.175,14.7322916666667,0.0,0.32258,-3.4925e-10,0.16024,-3.9098e-05,-0.67129,89.047,-29.39,44.989,-14.064,-1468.3,-863.82,-1601.9,0.0,0.0,36.206,36.54,7.1496,0.0,-1514.14,0.1763,20.0,-1294.37,0.1828,20.0,-644.79,0.2165,20.0,-286.48,0.2674,20.0,-231.52,0.2824,20.0,-244.82,0.2781,20.0,-1334.32,0.1816,20.0,-1605.26,0.1894,20.0,-1602.6,0.2633,20.0
544,2024-06-28,0.0953,0.21844,7.875,15.275,11.94375,0.0,0.21844,2.1537e-09,0.10502,-3.9098e-05,-0.67129,89.266,-29.39,45.096,-14.064,-1534.6,-910.52,-1601.9,0.0,0.0,36.071,36.54,7.1496,0.0,-1555.13,0.1751,20.0,-1361.77,0.1808,20.0,-697.73,0.2125,20.0,-307.81,0.262,20.0,-246.06,0.2778,20.0,-255.16,0.2754,20.0,-1177.9,0.1869,20.0,-1605.3,0.1894,20.0,-1602.62,0.2633,20.0
545,2024-06-29,0.0102,0.37592,3.0,21.975,13.6864583333333,0.0,0.37592,5.035e-09,0.14521,-3.9088e-05,-0.67129,89.642,-29.39,45.248,-14.064,-1569.5,-963.36,-1601.9,0.0,0.0,35.94,36.54,7.1496,0.0,-1577.01,0.1746,20.0,-1429.8,0.1788,20.0,-776.98,0.2065,20.0,-328.1,0.2581,20.0,-260.63,0.274,20.0,-265.21,0.2728,20.0,-1040.5,0.1925,20.0,-1605.34,0.1894,20.0,-1602.63,0.2633,20.0
546,2024-06-30,0.1293,0.26924,10.1,21.3,15.3645833333333,0.0,0.26924,-6.9849e-10,0.099355,-3.9098e-05,-0.67129,89.911,-29.39,45.349,-14.064,-1588.1,-1014.4,-1601.9,0.0,0.0,35.815,36.54,7.1496,0.0,-1589.44,0.1743,20.0,-1483.68,0.1772,20.0,-863.51,0.2015,20.0,-349.03,0.254,20.0,-274.03,0.2706,20.0,-274.69,0.2704,20.0,-934.89,0.1975,20.0,-1605.38,0.1894,20.0,-1602.64,0.2633,20.0
547,2024-07-01,0.0613,0.37084,10.775,24.25,16.6302083333333,0.0,0.37084,-4.6421e-09,0.11302,-3.9102e-05,-0.67129,90.282,-29.39,45.467,-14.064,-1595.9,-1060.6,-1601.9,0.0,0.0,35.704,36.54,7.1496,0.0,-1595.28,0.1742,20.0,-1520.14,0.1762,20.0,-951.5,0.1967,20.0,-368.93,0.2502,20.0,-286.44,0.2673,20.0,-283.55,0.2681,20.0,-855.1,0.202,20.0,-1605.39,0.1894,20.0,-1602.65,0.2633,20.0
548,2024-07-02,0.0,0.42672,10.675,25.875,17.69375,-1.397,0.42672,-1.397,0.39947,-3.9083e-05,-2.0683,90.709,-30.787,45.781,-14.064,-80.995,-435.06,-1601.9,0.0,0.0,36.796,37.937,7.1496,0.0,-100.78,0.3441,20.0,-193.77,0.2952,20.0,-966.52,0.1957,20.0,-415.48,0.2426,20.0,-299.49,0.264,20.0,-292.08,0.2659,20.0,-791.52,0.2056,20.0,-1605.38,0.1894,20.0,-1602.65,0.2633,20.0
549,2024-07-03,0.6927,0.24638,9.875,19.625,12.69375,0.0,0.24638,5.5879e-08,0.24638,-3.9104e-05,-2.0683,90.955,-30.787,46.026,-14.064,-245.0,-401.36,-1601.9,0.0,0.0,36.543,37.937,7.1496,0.0,-248.32,0.2772,20.0,-281.43,0.2686,20.0,-423.95,0.2414,20.0,-451.48,0.2375,20.0,-317.35,0.2601,20.0,-300.48,0.2637,20.0,-747.14,0.2087,20.0,-1605.3,0.1894,20.0,-1602.66,0.2633,20.0
550,2024-07-04,0.0119,0.35814,9.35,21.825,15.8885416666667,-2.8059,0.35814,-2.8059,0.35814,-3.9102e-05,-4.8742,91.313,-33.593,46.384,-14.064,-24.228,-174.96,-1601.9,0.0,0.0,38.997,40.743,7.1496,0.0,-27.65,0.4142,20.0,-37.24,0.4029,20.0,-59.21,0.3792,20.0,-333.88,0.257,20.0,-334.98,0.2567,20.0,-309.68,0.2616,20.0,-711.25,0.2114,20.0,-1605.12,0.1894,20.0,-1602.66,0.2633,20.0
551,2024-07-05,0.0374,0.37592,9.35,23.55,16.3864583333333,0.0,0.37592,-2.9244e-07,0.37592,-3.9083e-05,-4.8742,91.689,-33.593,46.76,-14.064,-114.1,-148.4,-1601.9,0.0,0.0,38.622,40.743,7.1496,0.0,-112.81,0.3359,20.0,-112.68,0.336,20.0,-117.63,0.3326,20.0,-160.44,0.3095,20.0,-283.98,0.268,20.0,-319.28,0.2598,20.0,-685.93,0.2134,20.0,-1604.75,0.1894,20.0,-1602.67,0.2633,20.0
552,2024-07-06,0.1683,0.34798,11.75,24.425,16.828125,-2.9623,0.34798,-2.9623,0.34798,-3.9102e-05,-7.8365,92.037,-36.555,47.108,-14.064,-15.317,-45.759,-1601.9,0.0,0.0,41.231,43.705,7.1496,0.0,-16.8,0.4269,20.0,-20.51,0.4226,20.0,-27.18,0.4147,20.0,-55.44,0.3831,20.0,-150.32,0.3143,20.0,-322.0,0.2592,20.0,-664.94,0.215,20.0,-1604.11,0.1894,20.0,-1602.69,0.2633,20.0
553,2024-07-07,0.0153,0.4445,9.35,28.35,19.5072916666667,0.0,0.4445,9.6858e-08,0.4445,-3.9083e-05,-7.8365,92.481,-36.555,47.553,-14.064,-84.573,-82.135,-1601.9,0.0,0.0,40.796,43.705,7.1496,0.0,-82.88,0.3579,20.0,-80.21,0.36,20.0,-78.31,0.3616,20.0,-81.53,0.359,20.0,-101.97,0.3433,20.0,-248.01,0.2773,20.0,-648.9,0.2163,20.0,-1603.03,0.1894,20.0,-1602.7,0.2633,20.0
554,2024-07-08,0.0,0.46228,9.675,32.35,22.5375,-2.794,0.46228,-2.794,0.46228,-3.9122e-05,-10.63,92.944,-39.349,48.015,-14.064,-14.359,-29.336,-1601.9,0.0,0.0,43.131,46.499,7.1496,0.0,-15.44,0.4285,20.0,-17.97,0.4256,20.0,-22.07,0.4208,20.0,-35.36,0.4051,20.0,-62.06,0.3765,20.0,-169.53,0.3056,20.0,-635.0,0.2173,20.0,-1601.33,0.1894,20.0,-1602.71,0.2633,20.0
555,2024-07-09,0.0,0.4572,10.55,32.675,23.1989583333333,0.0,0.4572,2.794e-07,0.4572,-3.9087e-05,-10.63,93.401,-39.349,48.472,-14.064,-74.801,-66.813,-1601.9,0.0,0.0,42.673,46.499,7.1496,0.0,-73.03,0.3662,20.0,-69.9,0.3691,20.0,-66.73,0.3721,20.0,-63.89,0.3747,20.0,-68.31,0.3706,20.0,-108.8,0.3386,20.0,-618.1,0.2186,20.0,-1598.77,0.1895,20.0,-1602.73,0.2633,20.0
556,2024-07-10,0.0,0.47752,11.25,36.75,24.376619047619,-2.794,0.47752,-2.794,0.47752,-3.9087e-05,-13.424,93.878,-42.143,48.95,-14.064,-13.092,-23.306,-1601.9,0.0,0.0,44.993,49.293,7.1496,0.0,-13.98,0.4301,20.0,-16.0,0.4279,20.0,-19.03,0.4244,20.0,-27.52,0.4144,20.0,-41.53,0.3981,20.0,-84.32,0.3567,20.0,-564.2,0.2242,20.0,-1595.12,0.1896,20.0,-1602.75,0.2633,20.0
557,2024-07-11,0.0443,0.4318,15.075,35.075,24.3770833333333,-1.4413,0.4318,-1.4413,0.4318,-3.9087e-05,-14.866,94.31,-43.585,49.382,-14.064,-24.591,-29.798,-1601.9,0.0,0.0,45.995,50.734,7.1496,0.0,-25.27,0.4171,20.0,-26.6,0.4155,20.0,-28.22,0.4136,20.0,-31.78,0.4093,20.0,-36.93,0.4033,20.0,-55.67,0.3828,20.0,-381.25,0.2478,20.0,-1590.07,0.1897,20.0,-1602.76,0.2633,20.0
558,2024-07-12,0.0,0.43688,10.225,30.2,21.3583333333333,0.0,0.43688,8.7824e-07,0.43688,-3.9101e-05,-14.866,94.747,-43.585,49.819,-14.064,-71.334,-60.084,-1601.9,0.0,0.0,45.559,50.734,7.1496,0.0,-69.49,0.3695,20.0,-65.97,0.3728,20.0,-61.87,0.3766,20.0,-55.74,0.3828,20.0,-53.29,0.3854,20.0,-60.13,0.3782,20.0,-200.21,0.293,20.0,-1583.41,0.1898,20.0,-1602.77,0.2633,20.0
559,2024-07-13,0.0,0.44958,10.175,33.55,22.7614583333333,0.0,0.44958,-8.1025e-08,0.44958,-3.9083e-05,-14.866,95.197,-43.585,50.268,-14.064,-99.546,-83.624,-1601.9,0.0,0.0,45.112,50.734,7.1496,0.0,-97.69,0.3462,20.0,-93.46,0.3493,20.0,-87.59,0.3541,20.0,-76.64,0.3629,20.0,-70.06,0.369,20.0,-71.66,0.3675,20.0,-151.39,0.3136,20.0,-1574.6,0.19,20.0,-1602.78,0.2633,20.0
560,2024-07-14,0.0,0.42672,10.775,34.075,23.2291666666667,0.0,0.42672,-1.8161e-07,0.42672,-3.9097e-05,-14.866,95.623,-43.585,50.695,-14.064,-127.26,-105.79,-1601.9,0.0,0.0,44.68,50.734,7.1496,0.0,-125.41,0.328,20.0,-120.18,0.3309,20.0,-112.0,0.3364,20.0,-95.72,0.3475,20.0,-85.2,0.356,20.0,-83.26,0.3576,20.0,-140.46,0.3196,20.0,-1551.76,0.1905,20.0,-1602.79,0.2633,20.0
561,2024-07-15,0.0,0.4826,10.55,34.225,22.7958333333333,0.0,0.4826,-2.2817e-07,0.4826,-3.9097e-05,-14.866,96.106,-43.585,51.177,-14.064,-162.4,-131.41,-1601.9,0.0,0.0,44.212,50.734,7.1496,0.0,-160.67,0.3095,20.0,-153.79,0.3125,20.0,-141.27,0.3192,20.0,-115.87,0.3338,20.0,-99.71,0.3448,20.0,-93.66,0.3491,20.0,-139.49,0.3202,20.0,-1321.55,0.1969,20.0,-1602.8,0.2633,20.0
562,2024-07-16,0.0,0.46228,9.7,35.1,23.2583333333333,0.0,0.46228,-2.0489e-08,0.46228,-3.9095e-05,-14.866,96.568,-43.585,51.64,-14.064,-205.48,-160.4,-1601.9,0.0,0.0,43.743,50.734,7.1496,0.0,-203.91,0.2917,20.0,-194.27,0.295,20.0,-174.99,0.3032,20.0,-137.1,0.3215,20.0,-114.19,0.335,20.0,-104.55,0.3415,20.0,-142.11,0.3187,20.0,-821.46,0.2176,20.0,-1602.8,0.2633,20.0
563,2024-07-17,0.0,0.45212,11.35,36.625,24.59375,0.0,0.45212,5.1223e-08,0.45212,-3.9092e-05,-14.866,97.02,-43.585,52.092,-14.064,-259.52,-193.7,-1601.9,0.0,0.0,43.287,50.734,7.1496,0.0,-258.37,0.2746,20.0,-244.14,0.2783,20.0,-214.26,0.2882,20.0,-159.19,0.3101,20.0,-128.58,0.3262,20.0,-114.3,0.3349,20.0,-146.21,0.3165,20.0,-554.72,0.2377,20.0,-1602.79,0.2633,20.0
564,2024-07-18,0.0408,0.37592,12.175,34.1,23.31875,0.0,0.37592,3.1199e-08,0.37592,-3.9102e-05,-14.866,97.396,-43.585,52.468,-14.064,-323.19,-229.58,-1601.9,0.0,0.0,42.873,50.734,7.1496,0.0,-322.39,0.2592,20.0,-301.2,0.2635,20.0,-256.22,0.2752,20.0,-180.44,0.3008,20.0,-142.15,0.3187,20.0,-124.06,0.3287,20.0,-151.2,0.3137,20.0,-438.34,0.2509,20.0,-1602.74,0.2633,20.0
565,2024-07-19,0.0,0.40894,10.5,34.6,23.121875,0.0,0.40894,2.3283e-08,0.40894,-3.9102e-05,-14.866,97.805,-43.585,52.877,-14.064,-402.95,-271.28,-1601.9,0.0,0.0,42.481,50.734,7.1496,0.0,-404.26,0.2443,20.0,-372.64,0.2494,20.0,-303.98,0.2628,20.0,-202.74,0.2921,20.0,-155.56,0.3117,20.0,-133.68,0.3234,20.0,-156.7,0.3112,20.0,-378.89,0.2593,20.0,-1602.43,0.2633,20.0
566,2024-07-20,0.0,0.41402,12.25,34.6,24.3864583333333,0.0,0.41402,3.9116e-08,0.41402,-3.9097e-05,-14.866,98.219,-43.585,53.291,-14.064,-526.77,-328.81,-1601.9,0.0,0.0,42.069,50.734,7.1496,0.0,-533.59,0.2275,20.0,-480.64,0.2333,20.0,-368.69,0.2502,20.0,-226.94,0.2839,20.0,-169.01,0.3058,20.0,-142.42,0.3186,20.0,-162.18,0.3088,20.0,-346.24,0.2653,20.0,-1601.04,0.2633,20.0
567,2024-07-21,0.0,0.37084,11.225,32.9,22.7166666666667,0.0,0.37084,-1.8626e-09,0.36287,-3.9091e-05,-14.866,98.59,-43.585,53.658,-14.064,-702.3,-401.95,-1601.9,0.0,0.0,41.677,50.734,7.1496,0.0,-721.42,0.2107,20.0,-629.28,0.2178,20.0,-445.64,0.2383,20.0,-252.09,0.2762,20.0,-182.01,0.3001,20.0,-150.84,0.3139,20.0,-167.54,0.3065,20.0,-325.62,0.2691,20.0,-1596.13,0.2633,20.0
568,2024-07-22,0.0,0.38608,10.85,34.65,22.9427083333333,0.0,0.38608,-9.7789e-09,0.34063,-3.9097e-05,-14.866,98.976,-43.585,54.008,-14.064,-912.61,-491.14,-1601.9,0.0,0.0,41.315,50.734,7.1496,0.0,-952.14,0.1965,20.0,-826.01,0.2037,20.0,-539.23,0.2269,20.0,-277.53,0.2697,20.0,-195.09,0.2947,20.0,-159.71,0.3099,20.0,-172.86,0.3041,20.0,-311.6,0.2716,20.0,-1581.89,0.2636,20.0
569,2024-07-23,0.0,0.4826,15.625,38.325,26.4958333333333,0.0,0.4826,6.0536e-09,0.3441,-3.9092e-05,-14.866,99.459,-43.585,54.37,-14.065,-1148.5,-604.89,-1601.9,0.0,0.0,40.955,50.734,7.1496,0.0,-1215.92,0.1853,20.0,-1077.94,0.191,20.0,-677.05,0.2141,20.0,-309.15,0.2618,20.0,-208.57,0.2902,20.0,-168.24,0.3062,20.0,-178.12,0.3018,20.0,-302.09,0.2735,20.0,-1547.7,0.2641,20.0
570,2024-07-24,0.0,0.55626,12.65,37.5,26.8208333333333,0.0,0.55626,-5.3551e-09,0.30868,-3.9092e-05,-14.866,100.02,-43.585,54.701,-14.065,-1370.4,-735.59,-1601.9,0.0,0.0,40.606,50.734,7.1496,0.0,-1445.66,0.1783,20.0,-1347.79,0.1813,20.0,-874.47,0.201,20.0,-350.53,0.2538,20.0,-222.77,0.2854,20.0,-176.32,0.3026,20.0,-183.3,0.2996,20.0,-295.67,0.2751,20.0,-1475.19,0.2655,20.0
571,2024-07-25,0.0,0.58928,15.75,33.25,25.471875,0.0,0.58928,1.0361e-08,0.25635,-3.9091e-05,-14.866,100.6,-43.585,54.973,-14.065,-1494.3,-844.94,-1601.9,0.0,0.0,40.307,50.734,7.1496,0.0,-1539.77,0.1755,20.0,-1500.87,0.1766,20.0,-1105.89,0.1899,20.0,-398.5,0.2451,20.0,-237.71,0.2803,20.0,-184.23,0.2992,20.0,-188.43,0.2973,20.0,-291.28,0.2762,20.0,-1353.76,0.2679,20.0
572,2024-07-26,0.0,0.47244,8.225,29.3,18.2708333333333,0.0,0.47244,-3.376e-09,0.17606,-3.9091e-05,-14.866,101.08,-43.585,55.156,-14.065,-1553.9,-918.24,-1601.9,0.0,0.0,40.085,50.734,7.1496,0.0,-1579.43,0.1746,20.0,-1560.09,0.175,20.0,-1276.34,0.1833,20.0,-441.16,0.2388,20.0,-252.87,0.276,20.0,-192.25,0.2957,20.0,-193.68,0.2952,20.0,-288.42,0.2769,20.0,-1202.48,0.2711,20.0
573,2024-07-27,0.0,0.4064,5.95,31.25,18.9802083333333,0.0,0.4064,-7.2469e-09,0.14022,-3.9097e-05,-14.866,101.48,-43.585,55.3,-14.065,-1585.0,-962.82,-1601.9,0.0,0.0,39.923,50.734,7.1496,0.0,-1593.03,0.1743,20.0,-1581.91,0.1745,20.0,-1371.54,0.1805,20.0,-475.75,0.2339,20.0,-266.52,0.2725,20.0,-200.37,0.2929,20.0,-198.88,0.2934,20.0,-286.53,0.2773,20.0,-1057.44,0.2751,20.0
574,2024-07-28,0.0,0.3429,5.6,28.55,17.6729166666667,0.0,0.3429,1.7899e-09,0.11405,-3.9095e-05,-14.866,101.83,-43.585,55.415,-14.065,-1595.7,-991.26,-1601.9,0.0,0.0,39.794,50.734,7.1496,0.0,-1597.31,0.1742,20.0,-1588.72,0.1744,20.0,-1421.61,0.179,20.0,-503.31,0.2306,20.0,-278.79,0.2693,20.0,-208.16,0.2903,20.0,-204.01,0.2917,20.0,-285.49,0.2776,20.0,-933.42,0.279,20.0
575,2024-07-29,0.0,0.44196,8.7,31.675,20.7510416666667,0.0,0.44196,-4.0054e-09,0.12879,-3.9091e-05,-14.866,102.27,-43.585,55.547,-14.065,-1599.5,-1020.7,-1601.9,0.0,0.0,39.67,50.734,7.1496,0.0,-1599.11,0.1741,20.0,-1592.93,0.1743,20.0,-1463.38,0.1778,20.0,-538.71,0.227,20.0,-290.75,0.2662,20.0,-215.64,0.2878,20.0,-209.02,0.29,20.0,-285.15,0.2777,20.0,-835.66,0.2826,20.0
576,2024-07-30,0.0085,0.381,13.925,25.75,19.8791666666667,0.0,0.381,8.0763e-09,0.10713,-3.9101e-05,-14.866,102.65,-43.585,55.656,-14.065,-1600.9,-1047.9,-1601.9,0.0,0.0,39.55,50.734,7.1496,0.0,-1599.8,0.1741,20.0,-1595.22,0.1742,20.0,-1494.91,0.1769,20.0,-573.09,0.2233,20.0,-302.96,0.2631,20.0,-222.81,0.2853,20.0,-213.8,0.2884,20.0,-285.31,0.2776,20.0,-759.06,0.2857,20.0
577,2024-07-31,0.0,0.4699,12.75,29.9,21.2708333333333,0.0,0.4699,4.4524e-09,0.11534,-3.9101e-05,-14.866,103.12,-43.585,55.774,-14.065,-1601.6,-1075.7,-1602.0,0.0,0.0,39.436,50.734,7.1496,0.0,-1600.16,0.1741,20.0,-1596.89,0.1742,20.0,-1521.5,0.1761,20.0,-612.34,0.2192,20.0,-315.5,0.2605,20.0,-229.73,0.283,20.0,-218.36,0.2868,20.0,-285.89,0.2775,20.0,-700.64,0.2887,20.0
578,2024-08-01,0.0,0.41402,8.9,33.775,22.7385416666667,0.0,0.41402,-4.6434e-09,0.097693,-3.9101e-05,-14.866,103.53,-43.585,55.873,-14.065,-1602.0,-1101.5,-1602.0,0.0,0.0,39.328,50.734,7.1496,0.0,-1600.5,0.1741,20.0,-1597.87,0.1742,20.0,-1541.35,0.1755,20.0,-653.1,0.2159,20.0,-327.82,0.2581,20.0,-236.57,0.2807,20.0,-222.72,0.2854,20.0,-286.77,0.2773,20.0,-655.13,0.2911,20.0
579,2024-08-02,0.0,0.42926,13.0,38.75,25.8052083333333,0.0,0.42926,-4.2651e-09,0.093584,-3.9101e-05,-14.866,103.96,-43.585,55.969,-14.065,-1602.4,-1123.6,-1602.0,0.0,0.0,39.23,50.734,7.1496,0.0,-1600.8,0.1741,20.0,-1598.46,0.1741,20.0,-1555.01,0.1751,20.0,-689.75,0.2131,20.0,-339.53,0.2558,20.0,-243.45,0.2784,20.0,-226.91,0.2839,20.0,-287.91,0.277,20.0,-617.96,0.293,20.0
580,2024-08-03,0.0,0.36322,11.075,37.725,23.6145833333333,0.0,0.36322,2.2512e-09,0.078395,-3.909e-05,-14.866,104.33,-43.585,56.048,-14.065,-1602.7,-1141.4,-1602.0,0.0,0.0,39.143,50.734,7.1496,0.0,-1601.07,0.1741,20.0,-1598.78,0.1741,20.0,-1564.12,0.1749,20.0,-721.71,0.2106,20.0,-350.56,0.2537,20.0,-250.23,0.2767,20.0,-230.99,0.2826,20.0,-289.25,0.2767,20.0,-588.93,0.295,20.0
581,2024-08-04,0.1207,0.13208,14.5,23.95,17.85625,0.0,0.13208,-6.097e-09,0.033411,-3.9094e-05,-14.866,104.46,-43.585,56.081,-14.065,-1603.0,-1142.2,-1602.0,0.0,0.0,39.088,50.734,7.1496,0.0,-1601.3,0.1741,20.0,-1598.5,0.1741,20.0,-1561.58,0.1749,20.0,-722.58,0.2105,20.0,-360.38,0.2518,20.0,-256.71,0.275,20.0,-235.01,0.2812,20.0,-290.73,0.2763,20.0,-565.56,0.2966,20.0
582,2024-08-05,0.0238,0.33274,13.4,28.775,20.4125,0.0,0.33274,-5.4381e-09,0.0739,-3.9093e-05,-14.866,104.79,-43.585,56.156,-14.065,-1603.2,-1144.9,-1601.9,0.0,0.0,39.033,50.734,7.1496,0.0,-1601.46,0.1741,20.0,-1598.37,0.1742,20.0,-1560.35,0.175,20.0,-730.96,0.2099,20.0,-368.34,0.2503,20.0,-262.84,0.2734,20.0,-239.05,0.2798,20.0,-292.34,0.2759,20.0,-546.4,0.298,20.0
583,2024-08-06,0.1327,0.34544,13.1,29.075,19.9083333333333,0.0,0.34544,-4.4721e-09,0.072368,-3.9091e-05,-14.866,105.14,-43.585,56.229,-14.065,-1603.4,-1160.6,-1601.9,0.0,0.0,38.959,50.734,7.1496,0.0,-1601.61,0.1741,20.0,-1598.72,0.1741,20.0,-1566.2,0.1748,20.0,-763.02,0.2074,20.0,-377.96,0.2484,20.0,-268.7,0.2719,20.0,-243.33,0.2785,20.0,-294.07,0.2755,20.0,-530.72,0.2991,20.0
584,2024-08-07,0.558,0.11938,10.0,16.025,13.6145833333333,0.0,0.11938,-1.8019e-09,0.029392,-3.9106e-05,-14.866,105.26,-43.585,56.258,-14.065,-1603.6,-1161.6,-1601.9,0.0,0.0,38.909,50.734,7.1496,0.0,-1601.76,0.1741,20.0,-1598.5,0.1741,20.0,-1563.34,0.1749,20.0,-765.23,0.207,20.0,-386.68,0.2468,20.0,-274.38,0.2705,20.0,-247.94,0.2773,20.0,-295.91,0.2751,20.0,-517.33,0.3,20.0
585,2024-08-08,0.0119,0.25146,7.15,20.45,14.13125,0.0,0.25146,3.5571e-09,0.056944,-3.91e-05,-14.866,105.51,-43.585,56.315,-14.065,-1603.7,-1162.9,-1601.9,0.0,0.0,38.865,50.734,7.1496,0.0,-1601.85,0.1741,20.0,-1598.25,0.1742,20.0,-1561.01,0.175,20.0,-771.2,0.2069,20.0,-394.52,0.2457,20.0,-279.92,0.269,20.0,-252.36,0.2761,20.0,-297.87,0.2746,20.0,-505.83,0.3008,20.0
586,2024-08-09,0.0,0.31242,5.075,25.425,16.2645833333333,0.0,0.31242,7.6604e-09,0.06517,-3.911e-05,-14.866,105.82,-43.585,56.381,-14.065,-1603.8,-1175.2,-1601.8,0.0,0.0,38.803,50.734,7.1496,0.0,-1601.94,0.1741,20.0,-1598.51,0.1741,20.0,-1565.17,0.1749,20.0,-797.94,0.2053,20.0,-402.91,0.2445,20.0,-285.32,0.2676,20.0,-256.54,0.2751,20.0,-299.92,0.2741,20.0,-496.01,0.3015,20.0
587,2024-08-10,0.0323,0.31496,8.125,26.625,17.634375,0.0,0.31496,-8.3202e-09,0.062316,-3.9105e-05,-14.866,106.13,-43.585,56.444,-14.065,-1603.9,-1190.1,-1601.7,0.0,0.0,38.739,50.734,7.1496,0.0,-1602.04,0.1741,20.0,-1598.84,0.1741,20.0,-1570.38,0.1748,20.0,-830.24,0.2034,20.0,-411.86,0.2432,20.0,-290.63,0.2663,20.0,-260.51,0.274,20.0,-302.07,0.2736,20.0,-487.47,0.3021,20.0
588,2024-08-11,0.0629,0.36576,11.275,28.025,18.3125,0.0,0.36576,-5.0994e-09,0.065273,-3.9115e-05,-14.866,106.5,-43.585,56.511,-14.065,-1604.0,-1206.7,-1601.5,0.0,0.0,38.673,50.734,7.1496,0.0,-1602.15,0.1741,20.0,-1599.17,0.1741,20.0,-1576.15,0.1746,20.0,-865.66,0.2014,20.0,-421.08,0.2418,20.0,-295.89,0.2649,20.0,-264.3,0.2731,20.0,-304.28,0.273,20.0,-480.44,0.3028,20.0
589,2024-08-12,0.0,0.37846,11.35,29.775,20.309375,0.0,0.37846,-4.7519e-09,0.062388,-3.9128e-05,-14.866,106.88,-43.585,56.575,-14.065,-1604.2,-1224.0,-1601.3,0.0,0.0,38.608,50.734,7.1496,0.0,-1602.28,0.1741,20.0,-1599.46,0.1741,20.0,-1581.61,0.1745,20.0,-903.06,0.1993,20.0,-430.7,0.2405,20.0,-301.16,0.2636,20.0,-267.93,0.2721,20.0,-306.56,0.2725,20.0,-474.27,0.3034,20.0
590,2024-08-13,0.2484,0.32512,11.9,30.4,19.5364583333333,0.0,0.32512,-2.068e-10,0.053071,-3.9153e-05,-14.866,107.2,-43.585,56.628,-14.065,-1604.3,-1237.2,-1600.9,0.0,0.0,38.55,50.734,7.1496,0.0,-1602.42,0.1741,20.0,-1599.64,0.1741,20.0,-1584.75,0.1744,20.0,-933.77,0.1975,20.0,-439.99,0.2391,20.0,-306.54,0.2622,20.0,-271.43,0.2712,20.0,-308.83,0.2721,20.0,-468.99,0.3039,20.0
591,2024-08-14,0.0068,0.32258,11.0,28.525,18.9739583333333,0.0,0.32258,-2.2401e-09,0.050546,-3.918e-05,-14.866,107.53,-43.585,56.679,-14.065,-1604.4,-1247.8,-1600.3,0.0,0.0,38.498,50.734,7.1496,0.0,-1602.56,0.1741,20.0,-1599.77,0.1741,20.0,-1586.8,0.1744,20.0,-958.33,0.1962,20.0,-449.03,0.2378,20.0,-311.89,0.2612,20.0,-274.82,0.2704,20.0,-311.11,0.2717,20.0,-464.67,0.3043,20.0
592,2024-08-15,0.2366,0.40386,8.625,30.825,20.303125,0.0,0.40386,9.4059e-09,0.055756,-3.9235e-05,-14.866,107.93,-43.585,56.736,-14.065,-1604.5,-1260.6,-1599.5,0.0,0.0,38.444,50.734,7.1496,0.0,-1602.7,0.1741,20.0,-1599.92,0.1741,20.0,-1589.39,0.1743,20.0,-989.37,0.1946,20.0,-458.06,0.2365,20.0,-317.06,0.2602,20.0,-278.09,0.2695,20.0,-313.37,0.2713,20.0,-460.88,0.3046,20.0
593,2024-08-16,0.0,0.381,11.025,28.85,19.0875,0.0,0.381,-4.6015e-09,0.050681,-3.9273e-05,-14.866,108.31,-43.585,56.787,-14.065,-1604.7,-1273.2,-1598.4,0.0,0.0,38.39,50.734,7.1496,0.0,-1602.84,0.1741,20.0,-1600.06,0.1741,20.0,-1591.45,0.1743,20.0,-1022.09,0.1933,20.0,-467.52,0.2352,20.0,-322.12,0.2592,20.0,-281.28,0.2687,20.0,-315.61,0.2709,20.0,-457.56,0.305,20.0
594,2024-08-17,0.0,0.35814,7.375,30.15,19.3520833333333,0.0,0.35814,-3.7013e-09,0.046394,-3.9354e-05,-14.866,108.67,-43.585,56.834,-14.066,-1604.8,-1283.4,-1597.0,0.0,0.0,38.341,50.734,7.1496,0.0,-1602.98,0.1741,20.0,-1600.2,0.1741,20.0,-1592.68,0.1743,20.0,-1048.63,0.1922,20.0,-476.83,0.2338,20.0,-327.04,0.2583,20.0,-284.39,0.2679,20.0,-317.84,0.2705,20.0,-454.84,0.3052,20.0
595,2024-08-18,1.8799,0.37592,9.0,35.5,20.3833333333333,0.0,0.37592,-2.795e-09,0.045833,-3.9454e-05,-14.866,109.04,-43.585,56.881,-14.066,-1605.0,-1292.8,-1595.0,0.0,0.0,38.294,50.734,7.1496,0.0,-1603.12,0.174,20.0,-1600.33,0.1741,20.0,-1593.71,0.1743,20.0,-1073.52,0.1912,20.0,-485.79,0.2325,20.0,-331.86,0.2573,20.0,-287.43,0.2671,20.0,-320.05,0.2701,20.0,-452.47,0.3054,20.0
596,2024-08-19,0.1412,0.43434,13.275,34.175,20.3927083333333,0.0,0.43434,-3.153e-09,0.047486,-3.9599e-05,-14.866,109.48,-43.585,56.929,-14.066,-1605.1,-1303.5,-1592.5,0.0,0.0,38.246,50.734,7.1496,0.0,-1603.25,0.174,20.0,-1600.46,0.1741,20.0,-1594.88,0.1742,20.0,-1101.94,0.19,20.0,-495.39,0.2315,20.0,-336.58,0.2564,20.0,-290.42,0.2663,20.0,-322.23,0.2697,20.0,-450.4,0.3056,20.0
597,2024-08-20,0.0595,0.3429,10.975,30.875,20.0,0.0,0.3429,1.8748e-09,0.039316,-3.9775e-05,-14.866,109.82,-43.585,56.968,-14.066,-1605.2,-1311.4,-1589.2,0.0,0.0,38.203,50.734,7.1496,0.0,-1603.39,0.174,20.0,-1600.58,0.1741,20.0,-1595.46,0.1742,20.0,-1122.12,0.1891,20.0,-504.45,0.2305,20.0,-341.2,0.2555,20.0,-293.38,0.2656,20.0,-324.4,0.2693,20.0,-448.61,0.3058,20.0
598,2024-08-21,0.034,0.28956,9.575,26.85,17.5864583333333,0.0,0.28956,-8.6425e-09,0.034364,-3.9992e-05,-14.866,110.11,-43.585,57.003,-14.066,-1605.4,-1315.4,-1585.1,0.0,0.0,38.166,50.734,7.1496,0.0,-1603.53,0.174,20.0,-1600.68,0.1741,20.0,-1595.45,0.1742,20.0,-1131.23,0.1888,20.0,-512.55,0.2297,20.0,-345.74,0.2546,20.0,-296.31,0.2648,20.0,-326.55,0.2689,20.0,-447.15,0.306,20.0
599,2024-08-22,0.0,0.31496,5.375,25.875,16.5552083333333,0.0,0.31496,-1.603e-10,0.0359,-4.0254e-05,-14.866,110.43,-43.585,57.039,-14.066,-1605.5,-1319.3,-1580.0,0.0,0.0,38.13,50.734,7.1496,0.0,-1603.66,0.174,20.0,-1600.76,0.1741,20.0,-1595.49,0.1742,20.0,-1140.3,0.1884,20.0,-520.06,0.2289,20.0,-350.21,0.2538,20.0,-299.24,0.264,20.0,-328.68,0.2685,20.0,-445.91,0.3061,20.0
600,2024-08-23,0.1107,0.37846,8.1,30.825,18.040625,0.0,0.37846,2.9034e-09,0.039246,-4.0586e-05,-14.866,110.8,-43.585,57.079,-14.066,-1605.6,-1325.8,-1573.8,0.0,0.0,38.092,50.734,7.1496,0.0,-1603.78,0.174,20.0,-1600.84,0.1741,20.0,-1595.93,0.1742,20.0,-1157.8,0.1877,20.0,-527.81,0.2281,20.0,-354.58,0.2529,20.0,-302.22,0.2633,20.0,-330.81,0.2681,20.0,-444.86,0.3062,20.0
601,2024-08-24,0.0,0.3429,9.6,25.2,16.484375,0.0,0.3429,1.1911e-09,0.035602,-4.0968e-05,-14.866,111.15,-43.585,57.114,-14.066,-1605.8,-1332.2,-1566.5,0.0,0.0,38.055,50.734,7.1496,0.0,-1603.9,0.174,20.0,-1600.94,0.1741,20.0,-1596.32,0.1742,20.0,-1175.54,0.187,20.0,-535.6,0.2272,20.0,-358.91,0.2521,20.0,-305.43,0.2625,20.0,-332.92,0.2677,20.0,-443.97,0.3063,20.0
602,2024-08-25,0.0,0.37084,8.325,25.425,16.015625,0.0,0.37084,-5.4138e-10,0.0362,-4.1396e-05,-14.866,111.52,-43.585,57.151,-14.066,-1605.9,-1338.5,-1558.1,0.0,0.0,38.018,50.734,7.1496,0.0,-1604.02,0.174,20.0,-1601.03,0.1741,20.0,-1596.67,0.1742,20.0,-1192.33,0.1863,20.0,-543.06,0.2265,20.0,-363.2,0.2513,20.0,-309.25,0.2617,20.0,-335.05,0.2673,20.0,-443.25,0.3063,20.0
603,2024-08-26,0.0,0.34798,4.275,26.775,15.271875,0.0,0.34798,3.1079e-09,0.033701,-4.2368e-05,-14.866,111.87,-43.585,57.185,-14.066,-1606.0,-1344.2,-1550.1,0.0,0.0,37.983,50.734,7.1496,0.0,-1604.14,0.174,20.0,-1601.12,0.1741,20.0,-1596.94,0.1742,20.0,-1207.28,0.1857,20.0,-550.31,0.2257,20.0,-367.45,0.2504,20.0,-312.79,0.261,20.0,-337.19,0.2669,20.0,-442.71,0.3064,20.0
604,2024-08-27,0.051,0.46228,8.55,30.075,19.6364583333333,0.0,0.46228,1.993e-09,0.038181,-4.3719e-05,-14.866,112.33,-43.585,57.224,-14.066,-1606.1,-1351.9,-1540.1,0.0,0.0,37.947,50.734,7.1496,0.0,-1604.25,0.174,20.0,-1601.22,0.1741,20.0,-1597.44,0.1742,20.0,-1228.3,0.1849,20.0,-558.0,0.2249,20.0,-371.71,0.2496,20.0,-316.15,0.2604,20.0,-339.33,0.2666,20.0,-442.32,0.3064,20.0
605,2024-08-28,0.6089,0.26416,5.1,15.325,10.1364583333333,0.0,0.26416,8.6459e-10,0.026131,-4.5386e-05,-14.866,112.59,-43.585,57.25,-14.066,-1606.2,-1355.6,-1527.8,0.0,0.0,37.914,50.734,7.1496,0.0,-1604.36,0.174,20.0,-1601.31,0.1741,20.0,-1597.48,0.1742,20.0,-1238.15,0.1845,20.0,-565.3,0.2241,20.0,-375.99,0.2488,20.0,-319.38,0.2598,20.0,-341.46,0.2662,20.0,-442.04,0.3064,20.0
606,2024-08-29,0.0,0.39624,10.725,25.9,17.8052083333333,0.0,0.39624,4.4733e-09,0.033476,-4.7354e-05,-14.866,112.99,-43.585,57.284,-14.066,-1606.3,-1359.6,-1512.8,0.0,0.0,37.884,50.734,7.1496,0.0,-1604.47,0.174,20.0,-1601.39,0.1741,20.0,-1597.59,0.1742,20.0,-1247.89,0.1842,20.0,-572.04,0.2234,20.0,-380.27,0.248,20.0,-322.5,0.2591,20.0,-343.58,0.2658,20.0,-441.88,0.3065,20.0
607,2024-08-30,0.0,0.36576,6.0,32.925,18.628125,0.0,0.36576,8.7277e-09,0.030869,-4.9667e-05,-14.866,113.36,-43.585,57.315,-14.066,-1606.5,-1365.0,-1495.3,0.0,0.0,37.852,50.734,7.1496,0.0,-1604.57,0.174,20.0,-1601.48,0.1741,20.0,-1597.82,0.1742,20.0,-1262.63,0.1838,20.0,-578.88,0.2227,20.0,-384.58,0.2471,20.0,-325.53,0.2586,20.0,-345.67,0.2654,20.0,-441.81,0.3065,20.0
608,2024-08-31,0.0,0.3048,7.325,29.525,18.9416666666667,0.0,0.3048,-7.3351e-09,0.02696,-5.2313e-05,-14.866,113.66,-43.585,57.342,-14.066,-1606.6,-1368.2,-1475.2,0.0,0.0,37.823,50.734,7.1496,0.0,-1604.68,0.174,20.0,-1601.56,0.1741,20.0,-1597.85,0.1742,20.0,-1269.91,0.1835,20.0,-585.67,0.2219,20.0,-388.93,0.2465,20.0,-328.47,0.258,20.0,-347.74,0.265,20.0,-441.85,0.3065,20.0
609,2024-09-01,0.0,0.28956,6.725,31.1,18.19375,0.0,0.28956,6.3914e-09,0.025866,-5.5283e-05,-14.866,113.95,-43.585,57.368,-14.066,-1606.7,-1370.0,-1452.7,0.0,0.0,37.796,50.734,7.1496,0.0,-1604.78,0.174,20.0,-1601.64,0.1741,20.0,-1597.77,0.1742,20.0,-1272.57,0.1835,20.0,-592.06,0.2213,20.0,-393.17,0.2459,20.0,-331.34,0.2574,20.0,-349.79,0.2646,20.0,-441.96,0.3065,20.0
610,2024-09-02,0.0,0.30226,10.9,34.225,21.6229166666667,0.0,0.30226,4.6077e-10,6.8239,-5.8552e-05,-14.866,114.25,-43.585,60.78,-14.066,-1606.8,-688.3,-1427.7,0.0,0.0,37.783,50.734,7.1496,0.0,-1604.88,0.174,20.0,-1601.7,0.1741,20.0,-1597.28,0.1742,20.0,-1237.44,0.1844,20.0,-596.62,0.2208,20.0,-397.3,0.2453,20.0,-334.14,0.2569,20.0,-351.81,0.2643,20.0,-442.16,0.3064,20.0
611,2024-09-03,0.194,0.29718,13.225,30.075,20.4197916666667,0.0,0.29718,6.0145e-09,1.7064,-4.7483e-05,-14.866,114.55,-43.585,63.339,-14.066,-1606.9,-1200.5,-1497.5,0.0,0.0,32.665,50.734,7.1496,0.0,-1604.98,0.174,20.0,-1602.0,0.1741,20.0,-1601.33,0.1741,20.0,-1485.27,0.1769,20.0,-1203.1,0.1855,20.0,-1058.09,0.1918,20.0,-988.23,0.1947,20.0,-1008.85,0.208,20.0,-1097.7,0.274,20.0
612,2024-09-04,0.0,0.29464,10.35,26.075,17.84375,0.0,0.29464,6.977e-10,0.42691,-4.1624e-05,-14.866,114.84,-43.585,63.979,-14.066,-1607.0,-1478.6,-1547.9,0.0,0.0,31.385,50.734,7.1496,0.0,-1605.1,0.174,20.0,-1602.3,0.1741,20.0,-1601.39,0.1741,20.0,-1569.09,0.1747,20.0,-1485.05,0.1768,20.0,-1433.79,0.1784,20.0,-1409.82,0.1791,20.0,-1416.89,0.194,20.0,-1447.29,0.2659,20.0
613,2024-09-05,0.0,0.28956,5.525,30.875,17.359375,0.0,0.28956,8.2764e-09,0.10663,-3.9893e-05,-14.866,115.13,-43.585,64.139,-14.066,-1607.1,-1567.4,-1581.1,0.0,0.0,31.065,50.734,7.1496,0.0,-1605.23,0.174,20.0,-1602.54,0.1741,20.0,-1601.32,0.1741,20.0,-1596.79,0.1742,20.0,-1572.24,0.1747,20.0,-1553.35,0.1751,20.0,-1544.75,0.1753,20.0,-1547.17,0.1905,20.0,-1558.27,0.2639,20.0
614,2024-09-06,0.0,0.30226,6.95,32.7,19.6354166666667,0.0,0.30226,-3.173e-10,0.024869,-3.9278e-05,-14.866,115.44,-43.585,64.178,-14.066,-1607.2,-1596.1,-1595.9,0.0,0.0,30.985,50.734,7.1496,0.0,-1605.38,0.174,20.0,-1602.74,0.1741,20.0,-1601.35,0.1741,20.0,-1601.44,0.1741,20.0,-1598.14,0.1741,20.0,-1593.19,0.1742,20.0,-1590.91,0.1743,20.0,-1591.58,0.1896,20.0,-1594.46,0.2634,20.0
615,2024-09-07,0.0,0.2921,6.925,33.175,20.640625,0.0,0.2921,-4.7808e-09,0.0,-3.9168e-05,-14.866,115.73,-43.585,64.182,-14.066,-1607.4,-1602.0,-1600.0,0.0,0.0,30.969,50.734,7.1496,0.0,-1605.53,0.174,20.0,-1602.91,0.1741,20.0,-1601.42,0.1741,20.0,-1601.73,0.1741,20.0,-1602.32,0.1741,20.0,-1600.15,0.1741,20.0,-1602.9,0.174,20.0,-1603.06,0.1894,20.0,-1600.69,0.2633,20.0
616,2024-09-08,0.0,0.28448,7.55,33.125,20.7697916666667,0.0,0.28448,-7.1695e-09,0.0,-3.9163e-05,-14.866,116.01,-43.585,64.182,-14.066,-1607.5,-1602.2,-1600.6,0.0,0.0,30.969,50.734,7.1496,0.0,-1605.69,0.174,20.0,-1603.06,0.1741,20.0,-1601.5,0.1741,20.0,-1601.73,0.1741,20.0,-1602.39,0.1741,20.0,-1600.72,0.1741,20.0,-1603.16,0.174,20.0,-1603.3,0.1894,20.0,-1601.05,0.2633,20.0
617,2024-09-09,0.0,0.39624,14.725,31.3,23.3583333333333,0.0,0.39624,4.6857e-09,0.0,-3.9148e-05,-14.866,116.41,-43.585,64.182,-14.067,-1607.7,-1602.3,-1600.8,0.0,0.0,30.969,50.734,7.1496,0.0,-1605.84,0.174,20.0,-1603.2,0.174,20.0,-1601.6,0.1741,20.0,-1601.71,0.1741,20.0,-1602.28,0.1741,20.0,-1600.9,0.1741,20.0,-1603.15,0.174,20.0,-1603.28,0.1894,20.0,-1601.09,0.2633,20.0
618,2024-09-10,0.0,0.18288,4.85,19.9,13.4197916666667,0.0,0.18288,2.841e-10,0.0,-3.9148e-05,-14.866,116.59,-43.585,64.182,-14.067,-1607.8,-1602.3,-1600.9,0.0,0.0,30.969,50.734,7.1496,0.0,-1606.0,0.174,20.0,-1603.35,0.174,20.0,-1601.69,0.1741,20.0,-1601.69,0.1741,20.0,-1602.2,0.1741,20.0,-1601.02,0.1741,20.0,-1603.15,0.174,20.0,-1603.25,0.1894,20.0,-1601.12,0.2633,20.0
619,2024-09-11,2.0309,0.1524,5.55,21.075,13.0770833333333,0.0,0.1524,-6.8553e-11,0.0,-3.9138e-05,-14.866,116.74,-43.585,64.182,-14.067,-1608.0,-1602.3,-1601.0,0.0,0.0,30.969,50.734,7.1496,0.0,-1606.15,0.174,20.0,-1603.48,0.174,20.0,-1601.79,0.1741,20.0,-1601.68,0.1741,20.0,-1602.14,0.1741,20.0,-1601.12,0.1741,20.0,-1603.15,0.174,20.0,-1603.22,0.1894,20.0,-1601.16,0.2633,20.0
620,2024-09-12,0.2568,0.0635,9.4,13.65,10.9677083333333,0.0,0.0635,4.999e-09,0.0,-3.9138e-05,-14.866,116.81,-43.585,64.182,-14.067,-1608.1,-1602.3,-1601.1,0.0,0.0,30.969,50.734,7.1496,0.0,-1606.3,0.174,20.0,-1603.62,0.174,20.0,-1601.88,0.1741,20.0,-1601.68,0.1741,20.0,-1602.09,0.1741,20.0,-1601.21,0.1741,20.0,-1603.15,0.174,20.0,-1603.19,0.1894,20.0,-1601.2,0.2633,20.0
621,2024-09-13,0.997,0.23876,8.175,19.775,12.7354166666667,0.0,0.23876,-7.9865e-10,0.0,-3.9146e-05,-14.866,117.05,-43.585,64.182,-14.067,-1608.3,-1602.3,-1601.1,0.0,0.0,30.969,50.734,7.1496,0.0,-1606.45,0.174,20.0,-1603.75,0.174,20.0,-1601.98,0.1741,20.0,-1601.68,0.1741,20.0,-1602.05,0.1741,20.0,-1601.28,0.1741,20.0,-1603.15,0.174,20.0,-1603.16,0.1894,20.0,-1601.24,0.2633,20.0
622,2024-09-14,0.0,0.35814,8.675,22.475,14.6447916666667,0.0,0.35814,-1.1773e-09,0.0,-3.9135e-05,-14.866,117.4,-43.585,64.182,-14.067,-1608.4,-1602.3,-1601.2,0.0,0.0,30.969,50.734,7.1496,0.0,-1606.6,0.174,20.0,-1603.88,0.174,20.0,-1602.07,0.1741,20.0,-1601.68,0.1741,20.0,-1602.02,0.1741,20.0,-1601.34,0.1741,20.0,-1603.15,0.174,20.0,-1603.13,0.1894,20.0,-1601.29,0.2633,20.0
623,2024-09-15,0.0,0.17272,5.75,21.275,13.36875,0.0,0.17272,3.1686e-09,0.0,-3.9134e-05,-14.866,117.58,-43.585,64.182,-14.067,-1608.6,-1602.3,-1601.2,0.0,0.0,30.969,50.734,7.1496,0.0,-1606.75,0.174,20.0,-1604.02,0.174,20.0,-1602.17,0.1741,20.0,-1601.69,0.1741,20.0,-1601.98,0.1741,20.0,-1601.4,0.1741,20.0,-1603.16,0.174,20.0,-1603.1,0.1894,20.0,-1601.33,0.2633,20.0
624,2024-09-16,0.0017,0.19812,6.225,24.45,14.034375,0.0,0.19812,-1.9628e-09,0.0,-3.913e-05,-14.866,117.77,-43.585,64.182,-14.067,-1608.7,-1602.3,-1601.2,0.0,0.0,30.969,50.734,7.1496,0.0,-1606.89,0.174,20.0,-1604.14,0.174,20.0,-1602.26,0.1741,20.0,-1601.7,0.1741,20.0,-1601.96,0.1741,20.0,-1601.45,0.1741,20.0,-1603.16,0.174,20.0,-1603.07,0.1894,20.0,-1601.37,0.2633,20.0
625,2024-09-17,0.0476,0.16764,7.4,23.85,14.7885416666667,0.0,0.16764,-3.0751e-09,0.0,-3.9128e-05,-14.866,117.94,-43.585,64.182,-14.067,-1608.9,-1602.4,-1601.3,0.0,0.0,30.969,50.734,7.1496,0.0,-1607.03,0.174,20.0,-1604.27,0.174,20.0,-1602.35,0.1741,20.0,-1601.71,0.1741,20.0,-1601.93,0.1741,20.0,-1601.49,0.1741,20.0,-1603.16,0.174,20.0,-1603.05,0.1894,20.0,-1601.4,0.2633,20.0
626,2024-09-18,0.0646,0.0889,11.975,17.0,13.821875,0.0,0.0889,-3.4935e-09,0.0,-3.913e-05,-14.866,118.03,-43.585,64.182,-14.067,-1609.0,-1602.4,-1601.3,0.0,0.0,30.969,50.734,7.1496,0.0,-1607.17,0.174,20.0,-1604.4,0.174,20.0,-1602.45,0.1741,20.0,-1601.72,0.1741,20.0,-1601.91,0.1741,20.0,-1601.53,0.1741,20.0,-1603.16,0.174,20.0,-1603.03,0.1894,20.0,-1601.44,0.2633,20.0
627,2024-09-19,0.0221,0.24384,9.125,23.15,15.7333333333333,0.0,0.24384,8.1013e-10,0.0,-3.9118e-05,-14.866,118.28,-43.585,64.182,-14.067,-1609.2,-1602.4,-1601.3,0.0,0.0,30.969,50.734,7.1496,0.0,-1607.31,0.174,20.0,-1604.52,0.174,20.0,-1602.54,0.1741,20.0,-1601.74,0.1741,20.0,-1601.89,0.1741,20.0,-1601.57,0.1741,20.0,-1603.16,0.174,20.0,-1603.0,0.1894,20.0,-1601.47,0.2633,20.0
628,2024-09-20,0.0,0.34544,5.775,22.925,13.603125,0.0,0.34544,3.7357e-10,0.0,-3.912e-05,-14.866,118.62,-43.585,64.182,-14.067,-1609.3,-1602.4,-1601.4,0.0,0.0,30.969,50.734,7.1496,0.0,-1607.45,0.174,20.0,-1604.65,0.174,20.0,-1602.63,0.1741,20.0,-1601.75,0.1741,20.0,-1601.87,0.1741,20.0,-1601.6,0.1741,20.0,-1603.16,0.174,20.0,-1602.98,0.1894,20.0,-1601.5,0.2633,20.0
629,2024-09-21,0.0,0.19558,-0.575,17.675,9.16666666666667,0.0,0.19558,4.6577e-09,0.0,-3.9128e-05,-14.866,118.82,-43.585,64.182,-14.067,-1609.4,-1602.4,-1601.4,0.0,0.0,30.969,50.734,7.1496,0.0,-1607.58,0.174,20.0,-1604.77,0.174,20.0,-1602.72,0.1741,20.0,-1601.77,0.1741,20.0,-1601.85,0.1741,20.0,-1601.63,0.1741,20.0,-1603.16,0.174,20.0,-1602.96,0.1894,20.0,-1601.53,0.2633,20.0
630,2024-09-22,0.0,0.32258,3.6,24.525,13.996875,0.0,0.32258,-1.0697e-08,0.0,-3.9126e-05,-14.866,119.14,-43.585,64.182,-14.067,-1609.6,-1602.4,-1601.4,0.0,0.0,30.969,50.734,7.1496,0.0,-1607.72,0.174,20.0,-1604.89,0.174,20.0,-1602.81,0.1741,20.0,-1601.78,0.1741,20.0,-1601.84,0.1741,20.0,-1601.66,0.1741,20.0,-1603.16,0.174,20.0,-1602.94,0.1894,20.0,-1601.56,0.2633,20.0
631,2024-09-23,0.0,0.2667,11.325,25.3,17.1145833333333,0.0,0.2667,3.7421e-09,0.0,-3.912e-05,-14.866,119.41,-43.585,64.182,-14.067,-1609.7,-1602.4,-1601.4,0.0,0.0,30.968,50.734,7.1496,0.0,-1607.85,0.1739,20.0,-1605.01,0.174,20.0,-1602.9,0.1741,20.0,-1601.8,0.1741,20.0,-1601.83,0.1741,20.0,-1601.68,0.1741,20.0,-1603.16,0.174,20.0,-1602.93,0.1894,20.0,-1601.59,0.2633,20.0
632,2024-09-24,0.0,0.44196,13.525,28.825,19.7354166666667,0.0,0.44196,-2.1768e-09,0.0,-3.9114e-05,-14.866,119.85,-43.585,64.182,-14.067,-1609.8,-1602.4,-1601.4,0.0,0.0,30.968,50.734,7.1496,0.0,-1607.98,0.1739,20.0,-1605.13,0.174,20.0,-1602.99,0.1741,20.0,-1601.82,0.1741,20.0,-1601.82,0.1741,20.0,-1601.71,0.1741,20.0,-1603.16,0.174,20.0,-1602.91,0.1894,20.0,-1601.61,0.2633,20.0
633,2024-09-25,0.0,0.39624,11.85,31.525,21.0614583333333,0.0,0.39624,-7.3808e-09,0.0,-3.9122e-05,-14.866,120.24,-43.585,64.182,-14.067,-1610.0,-1602.5,-1601.4,0.0,0.0,30.968,50.734,7.1496,0.0,-1608.11,0.1739,20.0,-1605.25,0.174,20.0,-1603.08,0.1741,20.0,-1601.83,0.1741,20.0,-1601.81,0.1741,20.0,-1601.73,0.1741,20.0,-1603.16,0.174,20.0,-1602.9,0.1894,20.0,-1601.63,0.2633,20.0
634,2024-09-26,0.0,0.3175,10.275,22.3,16.628125,0.0,0.3175,7.0354e-09,0.0,-3.9126e-05,-14.866,120.56,-43.585,64.182,-14.067,-1610.1,-1602.5,-1601.5,0.0,0.0,30.968,50.734,7.1496,0.0,-1608.24,0.1739,20.0,-1605.36,0.174,20.0,-1603.16,0.174,20.0,-1601.85,0.1741,20.0,-1601.8,0.1741,20.0,-1601.75,0.1741,20.0,-1603.16,0.174,20.0,-1602.88,0.1894,20.0,-1601.66,0.2633,20.0
635,2024-09-27,0.0,0.40894,10.7,27.65,18.9416666666667,0.0,0.40894,-3.6356e-09,0.0,-3.9115e-05,-14.866,120.97,-43.585,64.182,-14.067,-1610.2,-1602.5,-1601.5,0.0,0.0,30.968,50.734,7.1496,0.0,-1608.37,0.1739,20.0,-1605.48,0.174,20.0,-1603.25,0.174,20.0,-1601.87,0.1741,20.0,-1601.79,0.1741,20.0,-1601.77,0.1741,20.0,-1603.15,0.174,20.0,-1602.87,0.1894,20.0,-1601.68,0.2633,20.0
636,2024-09-28,0.0,0.23368,2.175,27.9,15.0822916666667,0.0,0.23368,5.8571e-10,0.0,-3.9124e-05,-14.866,121.2,-43.585,64.182,-14.067,-1610.4,-1602.5,-1601.5,0.0,0.0,30.968,50.734,7.1496,0.0,-1608.49,0.1739,20.0,-1605.59,0.174,20.0,-1603.34,0.174,20.0,-1601.89,0.1741,20.0,-1601.78,0.1741,20.0,-1601.79,0.1741,20.0,-1603.15,0.174,20.0,-1602.86,0.1894,20.0,-1601.7,0.2633,20.0
637,2024-09-29,0.0,0.3175,6.775,25.275,15.2927083333333,0.0,0.3175,7.6398e-11,0.0,-3.9118e-05,-14.866,121.52,-43.585,64.182,-14.067,-1610.5,-1602.5,-1601.5,0.0,0.0,30.968,50.734,7.1496,0.0,-1608.62,0.1739,20.0,-1605.7,0.174,20.0,-1603.42,0.174,20.0,-1601.92,0.1741,20.0,-1601.78,0.1741,20.0,-1601.8,0.1741,20.0,-1603.15,0.174,20.0,-1602.85,0.1894,20.0,-1601.71,0.2633,20.0
638,2024-09-30,0.0,0.20828,-2.1,16.375,7.54375,0.0,0.20828,4.281e-09,0.0,-3.9123e-05,-14.866,121.73,-43.585,64.182,-14.067,-1610.6,-1602.5,-1601.5,0.0,0.0,30.968,50.734,7.1496,0.0,-1608.74,0.1739,20.0,-1605.82,0.174,20.0,-1603.51,0.174,20.0,-1601.94,0.1741,20.0,-1601.78,0.1741,20.0,-1601.82,0.1741,20.0,-1603.14,0.174,20.0,-1602.84,0.1894,20.0,-1601.73,0.2633,20.0
639,2024-10-01,0.0,0.54102,5.775,23.475,15.7708333333333,0.54102,0.0,0.029334,0.0,-3.9132e-05,-14.325,121.73,-43.448,64.182,-14.067,-1000000.0,-1698.2,-1601.5,0.0,0.0,30.831,50.734,7.2865,0.0,-3262.45,0.15,20.0,-1623.31,0.1736,20.0,-1603.63,0.174,20.0,-1601.96,0.1741,20.0,-1601.77,0.1741,20.0,-1601.84,0.1741,20.0,-1603.14,0.174,20.0,-1602.83,0.1894,20.0,-1601.75,0.2633,20.0
640,2024-10-02,0.0,0.19304,6.15,18.175,13.4833333333333,0.19304,0.0,0.017445,0.0,-3.9119e-05,-14.132,121.73,-43.427,64.182,-14.067,-1000000.0,-1722.5,-1601.5,0.0,0.0,30.811,50.734,7.3071,0.0,-3917.29,0.1447,20.0,-1675.11,0.1725,20.0,-1604.66,0.174,20.0,-1601.98,0.1741,20.0,-1601.77,0.1741,20.0,-1601.85,0.1741,20.0,-1603.14,0.174,20.0,-1602.82,0.1894,20.0,-1601.76,0.2633,20.0
641,2024-10-03,0.0,0.17526,-2.05,16.775,8.00729166666667,0.17526,0.0,0.013774,0.0,-3.9121e-05,-13.956,121.73,-43.413,64.182,-14.067,-1000000.0,-1738.7,-1601.5,0.0,0.0,30.796,50.734,7.3216,0.0,-4388.72,0.1419,20.0,-1731.89,0.1713,20.0,-1608.39,0.1739,20.0,-1602.01,0.1741,20.0,-1601.77,0.1741,20.0,-1601.86,0.1741,20.0,-1603.13,0.174,20.0,-1602.81,0.1894,20.0,-1601.78,0.2633,20.0
642,2024-10-04,0.0,0.46228,-2.625,28.075,13.103125,0.46228,0.0,0.011477,0.0,-3.9114e-05,-13.494,121.73,-43.401,64.182,-14.068,-1000000.0,-1751.6,-1601.5,0.0,0.0,30.784,50.734,7.3335,0.0,-4707.3,0.1401,20.0,-1786.58,0.1701,20.0,-1614.77,0.1738,20.0,-1602.04,0.1741,20.0,-1601.77,0.1741,20.0,-1601.88,0.1741,20.0,-1603.13,0.174,20.0,-1602.8,0.1894,20.0,-1601.79,0.2633,20.0
643,2024-10-05,0.0,0.254,4.625,18.825,10.7375,0.254,0.0,0.0099124,0.0,-3.9114e-05,-13.24,121.73,-43.391,64.182,-14.068,-1000000.0,-1762.9,-1601.6,0.0,0.0,30.774,50.734,7.3438,0.0,-4937.93,0.1388,20.0,-1838.06,0.169,20.0,-1623.39,0.1736,20.0,-1602.1,0.1741,20.0,-1601.77,0.1741,20.0,-1601.89,0.1741,20.0,-1603.12,0.174,20.0,-1602.79,0.1894,20.0,-1601.81,0.2633,20.0
644,2024-10-06,0.0,0.22352,1.475,25.425,11.9041666666667,0.22352,0.0,0.0089737,0.0,-3.9118e-05,-13.017,121.73,-43.381,64.182,-14.068,-1000000.0,-1773.1,-1601.6,0.0,0.0,30.765,50.734,7.353,0.0,-5200.67,0.1376,20.0,-1887.31,0.168,20.0,-1633.65,0.1734,20.0,-1602.19,0.1741,20.0,-1601.77,0.1741,20.0,-1601.9,0.1741,20.0,-1603.12,0.174,20.0,-1602.79,0.1894,20.0,-1601.82,0.2633,20.0
645,2024-10-07,0.0,0.33528,7.975,26.675,15.8854166666667,0.33528,0.0,0.0080955,0.0,-3.9118e-05,-12.681,121.73,-43.373,64.182,-14.068,-1000000.0,-1781.5,-1601.6,0.0,0.0,30.756,50.734,7.3613,0.0,-5444.44,0.1366,20.0,-1931.48,0.167,20.0,-1645.0,0.1732,20.0,-1602.34,0.1741,20.0,-1601.78,0.1741,20.0,-1601.91,0.1741,20.0,-1603.12,0.174,20.0,-1602.78,0.1894,20.0,-1601.83,0.2633,20.0
646,2024-10-08,0.0,0.35306,5.6,28.1,16.5020833333333,0.35306,0.0,0.0074961,0.0,-3.9107e-05,-12.328,121.73,-43.365,64.182,-14.068,-1000000.0,-1789.1,-1601.6,0.0,0.0,30.749,50.734,7.3689,0.0,-5637.81,0.1358,20.0,-1973.88,0.1662,20.0,-1656.99,0.1729,20.0,-1602.59,0.1741,20.0,-1601.78,0.1741,20.0,-1601.92,0.1741,20.0,-1603.11,0.174,20.0,-1602.77,0.1894,20.0,-1601.84,0.2633,20.0
647,2024-10-09,0.0,0.2794,8.575,27.2,16.3239583333333,0.2794,0.0,0.0070117,0.0,-3.9112e-05,-12.049,121.73,-43.358,64.182,-14.068,-1000000.0,-1796.2,-1601.6,0.0,0.0,30.741,50.734,7.376,0.0,-5796.34,0.1351,20.0,-2018.46,0.1655,20.0,-1669.34,0.1726,20.0,-1602.95,0.1741,20.0,-1601.78,0.1741,20.0,-1601.93,0.1741,20.0,-1603.11,0.174,20.0,-1602.77,0.1894,20.0,-1601.85,0.2633,20.0
648,2024-10-10,0.0,0.17526,8.0,18.325,13.0291666666667,0.17526,0.0,0.0065933,0.0,-3.9122e-05,-11.874,121.73,-43.352,64.182,-14.068,-1000000.0,-1802.6,-1601.6,0.0,0.0,30.735,50.734,7.3827,0.0,-5930.59,0.1346,20.0,-2059.05,0.1648,20.0,-1681.89,0.1724,20.0,-1603.44,0.174,20.0,-1601.79,0.1741,20.0,-1601.94,0.1741,20.0,-1603.1,0.174,20.0,-1602.76,0.1894,20.0,-1601.86,0.2633,20.0
649,2024-10-11,0.0,0.12954,-1.275,19.0,8.52083333333333,0.12954,0.0,0.0062289,0.0,-3.9117e-05,-11.744,121.73,-43.345,64.182,-14.068,-1000000.0,-1808.6,-1601.6,0.0,0.0,30.728,50.734,7.389,0.0,-6047.04,0.1341,20.0,-2096.62,0.1643,20.0,-1694.49,0.1721,20.0,-1604.09,0.174,20.0,-1601.8,0.1741,20.0,-1601.95,0.1741,20.0,-1603.1,0.1741,20.0,-1602.76,0.1894,20.0,-1601.87,0.2633,20.0
650,2024-10-12,0.0,0.14732,-1.5,19.0,8.23958333333333,0.14732,0.0,0.0059055,0.0,-3.9106e-05,-11.597,121.73,-43.339,64.182,-14.068,-1000000.0,-1814.3,-1601.6,0.0,0.0,30.722,50.734,7.395,0.0,-6149.96,0.1336,20.0,-2131.81,0.1637,20.0,-1707.02,0.1718,20.0,-1604.91,0.174,20.0,-1601.82,0.1741,20.0,-1601.95,0.1741,20.0,-1603.09,0.1741,20.0,-1602.75,0.1894,20.0,-1601.88,0.2633,20.0
651,2024-10-13,0.0,0.15494,-2.575,20.775,7.70520833333333,0.15494,0.0,0.0056138,0.0,-3.9116e-05,-11.442,121.73,-43.334,64.182,-14.068,-1000000.0,-1819.7,-1601.6,0.0,0.0,30.717,50.734,7.4007,0.0,-6242.27,0.1333,20.0,-2164.6,0.1632,20.0,-1719.49,0.1716,20.0,-1605.89,0.174,20.0,-1601.84,0.1741,20.0,-1601.96,0.1741,20.0,-1603.08,0.1741,20.0,-1602.75,0.1894,20.0,-1601.89,0.2633,20.0
652,2024-10-14,0.0,0.3048,3.325,28.675,15.5416666666667,0.3048,0.0,0.0053929,0.0,-3.911e-05,-11.137,121.73,-43.328,64.182,-14.068,-1000000.0,-1824.8,-1601.6,0.0,0.0,30.711,50.734,7.4062,0.0,-6349.81,0.1329,20.0,-2194.38,0.1628,20.0,-1731.85,0.1713,20.0,-1607.04,0.174,20.0,-1601.87,0.1741,20.0,-1601.97,0.1741,20.0,-1603.08,0.1741,20.0,-1602.74,0.1894,20.0,-1601.9,0.2633,20.0
653,2024-10-15,0.0,0.23368,9.2,25.3,16.5291666666667,0.23368,0.0,0.0051907,0.0,-3.9114e-05,-10.903,121.73,-43.323,64.182,-14.068,-1000000.0,-1829.5,-1601.6,0.0,0.0,30.706,50.734,7.4114,0.0,-6470.74,0.1325,20.0,-2221.57,0.1623,20.0,-1744.01,0.171,20.0,-1608.35,0.1739,20.0,-1601.91,0.1741,20.0,-1601.98,0.1741,20.0,-1603.07,0.1741,20.0,-1602.74,0.1894,20.0,-1601.91,0.2633,20.0
654,2024-10-16,0.0017,0.25908,3.275,23.65,13.340625,0.25908,0.0,0.0050222,0.0,-3.9114e-05,-10.644,121.73,-43.318,64.182,-14.068,-1000000.0,-1834.0,-1601.6,0.0,0.0,30.701,50.734,7.4164,0.0,-6591.88,0.1322,20.0,-2249.38,0.1619,20.0,-1755.9,0.1708,20.0,-1609.83,0.1739,20.0,-1601.96,0.1741,20.0,-1601.98,0.1741,20.0,-1603.07,0.1741,20.0,-1602.73,0.1894,20.0,-1601.92,0.2633,20.0
655,2024-10-17,0.0,0.13716,0.35,11.075,6.71666666666667,0.13716,0.0,0.0048612,0.0,-3.9113e-05,-10.507,121.73,-43.313,64.182,-14.068,-1000000.0,-1838.5,-1601.6,0.0,0.0,30.696,50.734,7.4213,0.0,-6711.61,0.1318,20.0,-2276.42,0.1615,20.0,-1767.54,0.1705,20.0,-1611.45,0.1739,20.0,-1602.03,0.1741,20.0,-1601.99,0.1741,20.0,-1603.06,0.1741,20.0,-1602.73,0.1894,20.0,-1601.92,0.2633,20.0
656,2024-10-18,0.0,0.25654,-2.55,12.1,4.97708333333333,0.25654,0.0,0.0047043,0.0,-3.9108e-05,-10.251,121.73,-43.308,64.182,-14.068,-1000000.0,-1842.9,-1601.6,0.0,0.0,30.691,50.734,7.4261,0.0,-6825.55,0.1315,20.0,-2302.25,0.1611,20.0,-1779.07,0.1703,20.0,-1613.22,0.1738,20.0,-1602.12,0.1741,20.0,-1602.0,0.1741,20.0,-1603.06,0.1741,20.0,-1602.73,0.1894,20.0,-1601.93,0.2633,20.0
657,2024-10-19,0.0,0.48768,9.4,21.075,13.7479166666667,0.48768,0.0,0.0045645,0.0,-3.9107e-05,-9.7629,121.73,-43.304,64.182,-14.068,-1000000.0,-1847.2,-1601.6,0.0,0.0,30.686,50.734,7.4307,0.0,-6924.88,0.1312,20.0,-2326.78,0.1607,20.0,-1790.47,0.17,20.0,-1615.12,0.1738,20.0,-1602.23,0.1741,20.0,-1602.0,0.1741,20.0,-1603.05,0.1741,20.0,-1602.72,0.1894,20.0,-1601.94,0.2633,20.0
658,2024-10-20,0.0,0.4064,12.475,22.075,16.8104166666667,0.4064,0.0,0.0044382,0.0,-3.9112e-05,-9.3565,121.73,-43.299,64.182,-14.068,-1000000.0,-1851.2,-1601.6,0.0,0.0,30.682,50.734,7.4352,0.0,-7013.78,0.1309,20.0,-2350.12,0.1603,20.0,-1801.65,0.1698,20.0,-1617.14,0.1737,20.0,-1602.35,0.1741,20.0,-1602.01,0.1741,20.0,-1603.05,0.1741,20.0,-1602.72,0.1894,20.0,-1601.95,0.2633,20.0
659,2024-10-21,0.0204,0.20066,0.875,17.675,11.209375,0.20066,0.0,0.0043222,0.0,-3.9112e-05,-9.1559,121.73,-43.295,64.182,-14.068,-1000000.0,-1855.1,-1601.6,0.0,0.0,30.678,50.734,7.4395,0.0,-7095.81,0.1307,20.0,-2372.55,0.16,20.0,-1812.56,0.1696,20.0,-1619.28,0.1737,20.0,-1602.51,0.1741,20.0,-1602.02,0.1741,20.0,-1603.04,0.1741,20.0,-1602.72,0.1894,20.0,-1601.95,0.2633,20.0
660,2024-10-22,0.0017,0.17272,-1.375,13.4,4.90729166666667,0.17272,0.0,0.0042149,0.0,-3.9117e-05,-8.9831,121.73,-43.291,64.182,-14.068,-1000000.0,-1858.9,-1601.7,0.0,0.0,30.673,50.734,7.4438,0.0,-7171.76,0.1304,20.0,-2394.77,0.1596,20.0,-1823.17,0.1693,20.0,-1621.52,0.1737,20.0,-1602.69,0.1741,20.0,-1602.02,0.1741,20.0,-1603.03,0.1741,20.0,-1602.71,0.1894,20.0,-1601.96,0.2633,20.0
661,2024-10-23,0.0,0.254,-1.7,14.275,6.2875,0.254,0.0,0.0041157,0.0,-3.9102e-05,-8.7291,121.73,-43.287,64.182,-14.068,-1000000.0,-1862.5,-1601.7,0.0,0.0,30.669,50.734,7.4479,0.0,-7241.88,0.1302,20.0,-2416.81,0.1593,20.0,-1833.74,0.1691,20.0,-1623.84,0.1736,20.0,-1602.9,0.1741,20.0,-1602.03,0.1741,20.0,-1603.03,0.1741,20.0,-1602.71,0.1894,20.0,-1601.96,0.2633,20.0
662,2024-10-24,0.0,0.1651,-1.725,11.375,4.2625,0.1651,0.0,0.0040237,0.0,-3.9106e-05,-8.564,121.73,-43.282,64.182,-14.068,-1000000.0,-1866.0,-1601.7,0.0,0.0,30.665,50.734,7.4519,0.0,-7306.91,0.13,20.0,-2438.5,0.159,20.0,-1844.32,0.1689,20.0,-1626.26,0.1736,20.0,-1603.14,0.174,20.0,-1602.04,0.1741,20.0,-1603.02,0.1741,20.0,-1602.71,0.1894,20.0,-1601.97,0.2633,20.0
663,2024-10-25,0.0,0.10668,-5.4,9.95,2.27291666666667,0.10668,0.0,0.0039377,0.0,-3.9111e-05,-8.4574,121.73,-43.278,64.182,-14.068,-1000000.0,-1869.4,-1601.7,0.0,0.0,30.661,50.734,7.4559,0.0,-7367.74,0.1298,20.0,-2459.64,0.1586,20.0,-1854.75,0.1687,20.0,-1628.74,0.1735,20.0,-1603.41,0.174,20.0,-1602.04,0.1741,20.0,-1603.02,0.1741,20.0,-1602.7,0.1894,20.0,-1601.98,0.2633,20.0
664,2024-10-26,0.0,0.27686,-2.675,19.975,9.38229166666667,0.27686,0.0,0.0038567,0.0,-3.9106e-05,-8.1805,121.73,-43.275,64.182,-14.068,-1000000.0,-1872.7,-1601.7,0.0,0.0,30.657,50.734,7.4598,0.0,-7425.13,0.1297,20.0,-2480.89,0.1583,20.0,-1864.94,0.1684,20.0,-1631.3,0.1734,20.0,-1603.71,0.174,20.0,-1602.05,0.1741,20.0,-1603.01,0.1741,20.0,-1602.7,0.1894,20.0,-1601.98,0.2633,20.0
665,2024-10-27,0.0,0.32766,3.925,21.775,11.284375,0.32766,0.0,0.0037797,0.0,-3.9115e-05,-7.8529,121.73,-43.271,64.182,-14.068,-1000000.0,-1875.9,-1601.7,0.0,0.0,30.653,50.734,7.4636,0.0,-7479.72,0.1295,20.0,-2504.33,0.1581,20.0,-1874.9,0.1682,20.0,-1633.91,0.1734,20.0,-1604.04,0.174,20.0,-1602.06,0.1741,20.0,-1603.01,0.1741,20.0,-1602.7,0.1894,20.0,-1601.99,0.2633,20.0
666,2024-10-28,0.0,0.21336,-3.725,12.75,5.74479166666667,0.21336,0.0,0.0037062,0.0,-3.911e-05,-7.6395,121.73,-43.267,64.182,-14.068,-1000000.0,-1879.0,-1601.7,0.0,0.0,30.649,50.734,7.4673,0.0,-7531.95,0.1293,20.0,-2525.85,0.1578,20.0,-1884.66,0.168,20.0,-1636.58,0.1733,20.0,-1604.41,0.174,20.0,-1602.07,0.1741,20.0,-1603.0,0.1741,20.0,-1602.7,0.1894,20.0,-1601.99,0.2633,20.0
667,2024-10-29,0.0,0.08128,-7.775,9.6,0.632291666666667,0.08128,0.0,0.0036356,0.0,-3.9106e-05,-7.5582,121.73,-43.263,64.182,-14.069,-1000000.0,-1882.1,-1601.7,0.0,0.0,30.646,50.734,7.4709,0.0,-7582.06,0.1292,20.0,-2546.24,0.1576,20.0,-1894.38,0.1678,20.0,-1639.29,0.1733,20.0,-1604.81,0.174,20.0,-1602.08,0.1741,20.0,-1603.0,0.1741,20.0,-1602.69,0.1894,20.0,-1602.0,0.2633,20.0
668,2024-10-30,0.0,0.17526,-5.625,9.95,1.42916666666667,0.17526,0.0,0.0035677,0.0,-3.911e-05,-7.383,121.73,-43.26,64.182,-14.069,-1000000.0,-1885.1,-1601.7,0.0,0.0,30.642,50.734,7.4745,0.0,-7630.22,0.129,20.0,-2565.83,0.1574,20.0,-1904.6,0.1676,20.0,-1642.04,0.1732,20.0,-1605.24,0.174,20.0,-1602.09,0.1741,20.0,-1602.99,0.1741,20.0,-1602.69,0.1894,20.0,-1602.0,0.2633,20.0
669,2024-10-31,0.0,0.14732,-3.35,8.6,1.44270833333333,0.14732,0.0,0.0035022,0.0,-3.911e-05,-7.2356,121.73,-43.256,64.182,-14.069,-1000000.0,-1888.0,-1601.7,0.0,0.0,30.639,50.734,7.4781,0.0,-7676.52,0.1289,20.0,-2584.74,0.1572,20.0,-1914.72,0.1674,20.0,-1644.83,0.1732,20.0,-1605.71,0.174,20.0,-1602.1,0.1741,20.0,-1602.98,0.1741,20.0,-1602.69,0.1894,20.0,-1602.01,0.2633,20.0
670,2024-11-01,0.0,0.17018,-3.825,9.1,2.42291666666667,0.17018,0.0,0.0034389,0.0,-3.9109e-05,-7.0655,121.73,-43.253,64.182,-14.069,-1000000.0,-1890.9,-1601.7,0.0,0.0,30.635,50.734,7.4815,0.0,-7721.08,0.1288,20.0,-2603.02,0.157,20.0,-1924.62,0.1672,20.0,-1647.65,0.1731,20.0,-1606.21,0.174,20.0,-1602.11,0.1741,20.0,-1602.98,0.1741,20.0,-1602.69,0.1894,20.0,-1602.01,0.2633,20.0
671,2024-11-02,0.0,0.21082,1.775,11.425,6.10416666666667,0.21082,0.0,0.0033778,0.0,-3.9099e-05,-6.8546,121.73,-43.249,64.182,-14.069,-1000000.0,-1893.8,-1601.7,0.0,0.0,30.632,50.734,7.4849,0.0,-7764.02,0.1286,20.0,-2620.69,0.1568,20.0,-1934.3,0.1669,20.0,-1650.5,0.173,20.0,-1606.74,0.174,20.0,-1602.13,0.1741,20.0,-1602.97,0.1741,20.0,-1602.68,0.1894,20.0,-1602.02,0.2633,20.0
672,2024-11-03,0.0,0.1016,-2.075,8.975,2.288,0.1016,0.0,0.0033187,0.0,-3.9109e-05,-6.753,121.73,-43.246,64.182,-14.069,-1000000.0,-1896.6,-1601.7,0.0,0.0,30.628,50.734,7.4882,0.0,-7805.42,0.1285,20.0,-2637.76,0.1566,20.0,-1943.77,0.1667,20.0,-1653.37,0.173,20.0,-1607.31,0.174,20.0,-1602.14,0.1741,20.0,-1602.97,0.1741,20.0,-1602.68,0.1894,20.0,-1602.02,0.2633,20.0
673,2024-11-04,0.0,0.21844,-3.15,7.625,2.86875,0.21844,0.0,0.0032614,0.0,-3.9115e-05,-6.5346,121.73,-43.243,64.182,-14.069,-1000000.0,-1899.3,-1601.7,0.0,0.0,30.625,50.734,7.4915,0.0,-7845.4,0.1284,20.0,-2654.28,0.1564,20.0,-1953.03,0.1665,20.0,-1656.26,0.1729,20.0,-1607.9,0.1739,20.0,-1602.16,0.1741,20.0,-1602.96,0.1741,20.0,-1602.68,0.1894,20.0,-1602.02,0.2633,20.0
674,2024-11-05,0.1666,0.07874,-2.95,3.575,0.690625,0.07874,0.0,0.0032059,0.0,-3.911e-05,-6.4559,121.73,-43.24,64.182,-14.069,-1000000.0,-1902.0,-1601.7,0.0,0.0,30.622,50.734,7.4947,0.0,-7884.05,0.1283,20.0,-2670.25,0.1562,20.0,-1962.1,0.1664,20.0,-1659.17,0.1728,20.0,-1608.53,0.1739,20.0,-1602.18,0.1741,20.0,-1602.96,0.1741,20.0,-1602.68,0.1894,20.0,-1602.03,0.2633,20.0
675,2024-11-06,0.0357,0.1524,-8.175,8.25,-0.05625,0.1524,0.0,0.003152,0.0,-3.9114e-05,-6.3035,121.73,-43.236,64.182,-14.069,-1000000.0,-1904.6,-1601.7,0.0,0.0,30.619,50.734,7.4979,0.0,-7921.43,0.1282,20.0,-2685.73,0.156,20.0,-1972.29,0.1662,20.0,-1662.09,0.1728,20.0,-1609.19,0.1739,20.0,-1602.21,0.1741,20.0,-1602.95,0.1741,20.0,-1602.68,0.1894,20.0,-1602.03,0.2633,20.0
676,2024-11-07,0.0,0.28702,1.9,13.625,6.85,0.28702,0.0,0.0031079,0.0,-3.911e-05,-6.0164,121.73,-43.233,64.182,-14.069,-1000000.0,-1907.2,-1601.7,0.0,0.0,30.615,50.734,7.501,0.0,-7972.99,0.1281,20.0,-2700.74,0.1559,20.0,-1981.75,0.166,20.0,-1665.03,0.1727,20.0,-1609.88,0.1739,20.0,-1602.23,0.1741,20.0,-1602.95,0.1741,20.0,-1602.67,0.1894,20.0,-1602.04,0.2633,20.0
677,2024-11-08,0.0,0.25146,2.375,17.8,9.1375,0.25146,0.0,0.0030697,0.0,-3.9104e-05,-5.765,121.73,-43.23,64.182,-14.069,-1000000.0,-1909.7,-1601.7,0.0,0.0,30.612,50.734,7.5041,0.0,-8027.13,0.1279,20.0,-2715.32,0.1557,20.0,-1990.8,0.1659,20.0,-1667.97,0.1727,20.0,-1610.59,0.1739,20.0,-1602.26,0.1741,20.0,-1602.94,0.1741,20.0,-1602.67,0.1894,20.0,-1602.04,0.2633,20.0
678,2024-11-09,0.0,0.11176,2.375,16.425,7.759375,0.11176,0.0,0.0030341,0.0,-3.9108e-05,-5.6532,121.73,-43.227,64.182,-14.069,-1000000.0,-1912.1,-1601.7,0.0,0.0,30.609,50.734,7.5071,0.0,-8082.29,0.1278,20.0,-2729.69,0.1556,20.0,-1999.58,0.1658,20.0,-1670.92,0.1726,20.0,-1611.34,0.1739,20.0,-1602.3,0.1741,20.0,-1602.94,0.1741,20.0,-1602.67,0.1894,20.0,-1602.04,0.2633,20.0
679,2024-11-10,0.0,0.10414,1.475,11.075,6.82291666666667,0.10414,0.0,0.0029993,0.0,-3.9113e-05,-5.5491,121.73,-43.224,64.182,-14.069,-1000000.0,-1914.5,-1601.7,0.0,0.0,30.606,50.734,7.5101,0.0,-8138.27,0.1277,20.0,-2743.57,0.1554,20.0,-2008.18,0.1656,20.0,-1673.88,0.1725,20.0,-1612.11,0.1739,20.0,-1602.33,0.1741,20.0,-1602.93,0.1741,20.0,-1602.67,0.1894,20.0,-1602.05,0.2633,20.0
680,2024-11-11,0.0,0.18542,-0.1,15.325,7.02083333333333,0.18542,0.0,0.0029644,0.0,-3.9099e-05,-5.3637,121.73,-43.221,64.182,-14.069,-1000000.0,-1916.9,-1601.7,0.0,0.0,30.603,50.734,7.5131,0.0,-8194.98,0.1276,20.0,-2756.78,0.1553,20.0,-2016.64,0.1655,20.0,-1676.84,0.1725,20.0,-1612.9,0.1738,20.0,-1602.37,0.1741,20.0,-1602.93,0.1741,20.0,-1602.67,0.1894,20.0,-1602.05,0.2633,20.0
681,2024-11-12,0.0,0.18288,1.1,10.675,5.13958333333333,0.18288,0.0,0.0029294,0.0,-3.9099e-05,-5.1808,121.73,-43.218,64.182,-14.069,-1000000.0,-1919.4,-1601.7,0.0,0.0,30.6,50.734,7.5161,0.0,-8252.24,0.1274,20.0,-2769.41,0.1551,20.0,-2024.96,0.1654,20.0,-1679.8,0.1724,20.0,-1613.73,0.1738,20.0,-1602.41,0.1741,20.0,-1602.92,0.1741,20.0,-1602.66,0.1894,20.0,-1602.05,0.2633,20.0
682,2024-11-13,0.0,0.2794,0.1,11.425,5.85625,0.2794,0.0,0.0028941,0.0,-3.9104e-05,-4.9014,121.73,-43.215,64.182,-14.069,-1000000.0,-1921.8,-1601.7,0.0,0.0,30.597,50.734,7.519,0.0,-8309.89,0.1273,20.0,-2782.7,0.155,20.0,-2033.16,0.1652,20.0,-1682.76,0.1723,20.0,-1614.57,0.1738,20.0,-1602.46,0.1741,20.0,-1602.92,0.1741,20.0,-1602.66,0.1894,20.0,-1602.06,0.2633,20.0
683,2024-11-14,0.0,0.2413,-1.7,11.575,5.62083333333333,0.2413,0.0,0.0028586,0.0,-3.9113e-05,-4.6601,121.73,-43.213,64.182,-14.069,-1000000.0,-1924.3,-1601.7,0.0,0.0,30.594,50.734,7.5218,0.0,-8367.61,0.1272,20.0,-2796.07,0.1548,20.0,-2041.45,0.1651,20.0,-1685.72,0.1723,20.0,-1615.44,0.1738,20.0,-1602.51,0.1741,20.0,-1602.91,0.1741,20.0,-1602.66,0.1894,20.0,-1602.06,0.2633,20.0
684,2024-11-15,0.0,0.06858,-6.025,8.2,0.633333333333333,0.06858,0.0,0.0028232,0.0,-3.9113e-05,-4.5915,121.73,-43.21,64.182,-14.069,-1000000.0,-1926.7,-1601.7,0.0,0.0,30.591,50.734,7.5247,0.0,-8425.02,0.1271,20.0,-2809.23,0.1547,20.0,-2049.68,0.165,20.0,-1688.68,0.1722,20.0,-1616.34,0.1738,20.0,-1602.57,0.1741,20.0,-1602.91,0.1741,20.0,-1602.66,0.1894,20.0,-1602.06,0.2633,20.0
685,2024-11-16,0.0,0.14986,-12.75,7.6,-1.82604166666667,0.14986,0.0,0.002788,0.0,-3.9114e-05,-4.4416,121.73,-43.207,64.182,-14.069,-1000000.0,-1929.1,-1601.7,0.0,0.0,30.589,50.734,7.5275,0.0,-8481.82,0.127,20.0,-2822.09,0.1545,20.0,-2057.66,0.1649,20.0,-1691.63,0.1722,20.0,-1617.25,0.1737,20.0,-1602.63,0.1741,20.0,-1602.9,0.1741,20.0,-1602.66,0.1894,20.0,-1602.07,0.2633,20.0
686,2024-11-17,0.0,0.3175,2.725,9.775,5.85416666666667,0.3175,0.0,0.002754,0.0,-3.9108e-05,-4.1241,121.73,-43.204,64.182,-14.069,-1000000.0,-1931.5,-1601.7,0.0,0.0,30.586,50.734,7.5302,0.0,-8534.22,0.1268,20.0,-2834.68,0.1544,20.0,-2065.44,0.1647,20.0,-1694.58,0.1721,20.0,-1618.19,0.1737,20.0,-1602.7,0.1741,20.0,-1602.9,0.1741,20.0,-1602.66,0.1894,20.0,-1602.07,0.2633,20.0
687,2024-11-18,0.0,0.13462,-10.125,4.45,0.1625,0.13462,0.0,0.0027225,0.0,-3.9108e-05,-3.9895,121.73,-43.201,64.182,-14.069,-1000000.0,-1933.9,-1601.7,0.0,0.0,30.583,50.734,7.5329,0.0,-8581.77,0.1267,20.0,-2847.08,0.1542,20.0,-2073.05,0.1646,20.0,-1697.52,0.172,20.0,-1619.14,0.1737,20.0,-1602.77,0.1741,20.0,-1602.89,0.1741,20.0,-1602.65,0.1894,20.0,-1602.07,0.2633,20.0
688,2024-11-19,0.0,0.04064,-13.8,3.675,-5.725,0.04064,0.0,0.0026932,0.0,-3.9103e-05,-3.9489,121.73,-43.199,64.182,-14.069,-1000000.0,-1936.1,-1601.7,0.0,0.0,30.58,50.734,7.5356,0.0,-8625.86,0.1266,20.0,-2859.33,0.1541,20.0,-2080.5,0.1645,20.0,-1700.45,0.172,20.0,-1620.11,0.1737,20.0,-1602.84,0.1741,20.0,-1602.89,0.1741,20.0,-1602.65,0.1894,20.0,-1602.08,0.2633,20.0
689,2024-11-20,0.0,0.03048,-14.175,-3.125,-9.021875,0.03048,0.0,0.0026658,0.0,-3.9108e-05,-3.9184,121.73,-43.196,64.182,-14.069,-1000000.0,-1938.3,-1601.7,0.0,0.0,30.578,50.734,7.5383,0.0,-8667.54,0.1265,20.0,-2871.43,0.154,20.0,-2087.81,0.1644,20.0,-1703.38,0.1719,20.0,-1621.11,0.1737,20.0,-1602.92,0.1741,20.0,-1602.88,0.1741,20.0,-1602.65,0.1894,20.0,-1602.08,0.2633,20.0
690,2024-11-21,0.0,0.04064,-10.3,0.7,-5.24479166666667,0.04064,0.0,0.0026399,0.0,-3.9107e-05,-3.8778,121.73,-43.193,64.182,-14.069,-1000000.0,-1940.4,-1601.7,0.0,0.0,30.575,50.734,7.541,0.0,-8707.47,0.1265,20.0,-2883.38,0.1538,20.0,-2095.0,0.1643,20.0,-1706.31,0.1718,20.0,-1622.12,0.1736,20.0,-1603.01,0.1741,20.0,-1602.88,0.1741,20.0,-1602.65,0.1894,20.0,-1602.08,0.2633,20.0
691,2024-11-22,0.0,0.0127,-11.55,-6.6,-8.44895833333333,0.0127,0.0,0.002615,0.0,-3.9103e-05,-3.8651,121.73,-43.191,64.182,-14.069,-1000000.0,-1942.5,-1601.7,0.0,0.0,30.572,50.734,7.5436,0.0,-8746.12,0.1264,20.0,-2895.19,0.1537,20.0,-2102.05,0.1642,20.0,-1709.22,0.1718,20.0,-1623.14,0.1736,20.0,-1603.1,0.174,20.0,-1602.88,0.1741,20.0,-1602.65,0.1894,20.0,-1602.09,0.2633,20.0
692,2024-11-23,0.0,0.02032,-12.325,-5.45,-8.29583333333333,0.02032,0.0,0.002591,0.0,-3.9104e-05,-3.8447,121.73,-43.188,64.182,-14.07,-1000000.0,-1944.6,-1601.7,0.0,0.0,30.57,50.734,7.5462,0.0,-8783.81,0.1263,20.0,-2906.83,0.1536,20.0,-2109.04,0.1641,20.0,-1712.12,0.1717,20.0,-1624.19,0.1736,20.0,-1603.2,0.174,20.0,-1602.87,0.1741,20.0,-1602.65,0.1894,20.0,-1602.09,0.2633,20.0
693,2024-11-24,0.0,0.01778,-17.625,-8.025,-11.8416666666667,0.01778,0.0,0.0025676,0.0,-3.9113e-05,-3.827,121.73,-43.186,64.182,-14.07,-1000000.0,-1946.6,-1601.7,0.0,0.0,30.567,50.734,7.5488,0.0,-8820.73,0.1262,20.0,-2918.3,0.1534,20.0,-2116.01,0.164,20.0,-1715.01,0.1717,20.0,-1625.25,0.1736,20.0,-1603.31,0.174,20.0,-1602.87,0.1741,20.0,-1602.64,0.1894,20.0,-1602.09,0.2633,20.0
694,2024-11-25,0.0,0.01778,-16.125,-6.975,-12.503125,0.01778,0.0,0.0025447,0.0,-3.9107e-05,-3.8092,121.73,-43.183,64.182,-14.07,-1000000.0,-1948.6,-1601.7,0.0,0.0,30.564,50.734,7.5513,0.0,-8857.05,0.1261,20.0,-2929.62,0.1533,20.0,-2122.86,0.1639,20.0,-1717.89,0.1716,20.0,-1626.32,0.1736,20.0,-1603.42,0.174,20.0,-1602.86,0.1741,20.0,-1602.64,0.1894,20.0,-1602.09,0.2633,20.0
695,2024-11-26,0.2805,0.0762,-15.125,6.225,-2.65625,0.0762,0.0,0.0025222,0.0,-3.9102e-05,-3.733,121.73,-43.181,64.182,-14.07,-1000000.0,-1950.7,-1601.7,0.0,0.0,30.562,50.734,7.5538,0.0,-8892.63,0.1261,20.0,-2940.99,0.1532,20.0,-2129.59,0.1638,20.0,-1720.77,0.1715,20.0,-1627.41,0.1735,20.0,-1603.53,0.174,20.0,-1602.86,0.1741,20.0,-1602.64,0.1894,20.0,-1602.1,0.2633,20.0
696,2024-11-27,0.0,0.02286,-13.4,-3.525,-6.928125,0.02286,0.0,0.0025002,0.0,-3.9108e-05,-3.7101,121.73,-43.178,64.182,-14.07,-1000000.0,-1952.7,-1601.7,0.0,0.0,30.559,50.734,7.5563,0.0,-8927.16,0.126,20.0,-2952.56,0.1531,20.0,-2136.28,0.1637,20.0,-1723.63,0.1715,20.0,-1628.51,0.1735,20.0,-1603.66,0.174,20.0,-1602.85,0.1741,20.0,-1602.64,0.1894,20.0,-1602.1,0.2633,20.0
697,2024-11-28,0.0119,0.04064,-13.2,3.8,-6.37708333333333,0.04064,0.0,0.0024789,0.0,-3.9103e-05,-3.6695,121.73,-43.176,64.182,-14.07,-1000000.0,-1954.7,-1601.7,0.0,0.0,30.557,50.734,7.5588,0.0,-8960.46,0.1259,20.0,-2964.22,0.1529,20.0,-2142.92,0.1635,20.0,-1726.48,0.1714,20.0,-1629.62,0.1735,20.0,-1603.78,0.174,20.0,-1602.85,0.1741,20.0,-1602.64,0.1894,20.0,-1602.1,0.2633,20.0
698,2024-11-29,0.0,0.01778,-15.55,-7.675,-11.6479166666667,0.01778,0.0,0.0024583,0.0,-3.9103e-05,-3.6517,121.73,-43.173,64.182,-14.07,-1000000.0,-1956.6,-1601.7,0.0,0.0,30.554,50.734,7.5613,0.0,-8992.52,0.1258,20.0,-2975.84,0.1528,20.0,-2149.51,0.1634,20.0,-1729.32,0.1713,20.0,-1630.74,0.1735,20.0,-1603.92,0.174,20.0,-1602.85,0.1741,20.0,-1602.64,0.1894,20.0,-1602.1,0.2633,20.0
699,2024-11-30,0.0,0.11938,-14.65,4.725,0.494791666666667,0.11938,0.0,0.0024384,0.0,-3.9103e-05,-3.5323,121.73,-43.171,64.182,-14.07,-1000000.0,-1958.6,-1601.7,0.0,0.0,30.552,50.734,7.5637,0.0,-9023.48,0.1258,20.0,-2987.36,0.1527,20.0,-2156.03,0.1633,20.0,-1732.15,0.1713,20.0,-1631.88,0.1734,20.0,-1604.06,0.174,20.0,-1602.84,0.1741,20.0,-1602.64,0.1894,20.0,-1602.1,0.2633,20.0
700,2024-12-01,0.0,0.03302,-18.475,0.575,-11.190625,0.03302,0.0,0.0024191,0.0,-3.9108e-05,-3.4993,121.73,-43.168,64.182,-14.07,-1000000.0,-1960.4,-1601.7,0.0,0.0,30.549,50.734,7.5662,0.0,-9053.44,0.1257,20.0,-2998.75,0.1525,20.0,-2162.47,0.1632,20.0,-1734.97,0.1712,20.0,-1633.03,0.1734,20.0,-1604.21,0.174,20.0,-1602.84,0.1741,20.0,-1602.63,0.1894,20.0,-1602.11,0.2633,20.0
701,2024-12-02,0.0,0.08128,-17.525,9.175,-4.25416666666667,0.08128,0.0,0.0024005,0.0,-3.9112e-05,-3.418,121.73,-43.166,64.182,-14.07,-1000000.0,-1962.3,-1601.7,0.0,0.0,30.547,50.734,7.5686,0.0,-9082.54,0.1256,20.0,-3010.0,0.1524,20.0,-2168.84,0.1631,20.0,-1737.78,0.1712,20.0,-1634.18,0.1734,20.0,-1604.36,0.174,20.0,-1602.84,0.1741,20.0,-1602.63,0.1894,20.0,-1602.11,0.2633,20.0
702,2024-12-03,0.0,0.15748,-4.2,12.9,3.23958333333333,0.15748,0.0,0.0023823,0.0,-3.9102e-05,-3.2605,121.73,-43.163,64.182,-14.07,-1000000.0,-1964.1,-1601.7,0.0,0.0,30.544,50.734,7.5709,0.0,-9110.89,0.1256,20.0,-3021.1,0.1523,20.0,-2175.15,0.163,20.0,-1740.57,0.1711,20.0,-1635.35,0.1734,20.0,-1604.52,0.174,20.0,-1602.83,0.1741,20.0,-1602.63,0.1894,20.0,-1602.11,0.2633,20.0
703,2024-12-04,0.0,0.04826,-7.125,9.45,0.595833333333333,0.04826,0.0,0.0023646,0.0,-3.9102e-05,-3.2123,121.73,-43.161,64.182,-14.07,-1000000.0,-1966.0,-1601.7,0.0,0.0,30.542,50.734,7.5733,0.0,-9138.6,0.1255,20.0,-3032.06,0.1522,20.0,-2181.43,0.163,20.0,-1743.35,0.171,20.0,-1636.52,0.1733,20.0,-1604.69,0.174,20.0,-1602.83,0.1741,20.0,-1602.63,0.1894,20.0,-1602.11,0.2633,20.0
704,2024-12-05,0.0,0.18034,-7.7,13.975,4.06354166666667,0.18034,0.0,0.0023473,0.0,-3.9102e-05,-3.0319,121.73,-43.159,64.182,-14.07,-1000000.0,-1967.8,-1601.7,0.0,0.0,30.54,50.734,7.5757,0.0,-9165.74,0.1255,20.0,-3042.86,0.1521,20.0,-2187.65,0.1629,20.0,-1746.12,0.171,20.0,-1637.71,0.1733,20.0,-1604.86,0.174,20.0,-1602.83,0.1741,20.0,-1602.63,0.1894,20.0,-1602.11,0.2633,20.0
705,2024-12-06,0.0,0.28956,4.025,13.8,8.015625,0.28956,0.0,0.0023303,0.0,-3.9102e-05,-2.7424,121.73,-43.156,64.182,-14.07,-1000000.0,-1969.5,-1601.7,0.0,0.0,30.537,50.734,7.578,0.0,-9192.38,0.1254,20.0,-3053.52,0.1519,20.0,-2193.8,0.1628,20.0,-1748.88,0.1709,20.0,-1638.9,0.1733,20.0,-1605.05,0.174,20.0,-1602.82,0.1741,20.0,-1602.63,0.1894,20.0,-1602.12,0.2633,20.0
706,2024-12-07,0.0,0.36576,7.625,14.2,10.95,0.36576,0.0,0.0023137,0.0,-3.9112e-05,-2.3766,121.73,-43.154,64.182,-14.07,-1000000.0,-1971.3,-1601.7,0.0,0.0,30.535,50.734,7.5803,0.0,-9218.56,0.1254,20.0,-3064.03,0.1518,20.0,-2199.86,0.1627,20.0,-1751.63,0.1709,20.0,-1640.1,0.1733,20.0,-1605.23,0.174,20.0,-1602.82,0.1741,20.0,-1602.62,0.1894,20.0,-1602.12,0.2633,20.0
707,2024-12-08,0.0,0.12954,-2.8,7.3,2.18020833333333,0.12954,0.0,0.0022973,0.0,-3.9107e-05,-2.2471,121.73,-43.152,64.182,-14.07,-1000000.0,-1973.0,-1601.7,0.0,0.0,30.533,50.734,7.5826,0.0,-9244.35,0.1253,20.0,-3074.4,0.1517,20.0,-2205.83,0.1626,20.0,-1754.37,0.1708,20.0,-1641.31,0.1732,20.0,-1605.43,0.174,20.0,-1602.82,0.1741,20.0,-1602.62,0.1894,20.0,-1602.12,0.2633,20.0
708,2024-12-09,0.0,0.05842,-6.425,4.475,-1.75104166666667,0.05842,0.0,0.0022812,0.0,-3.9107e-05,-2.1887,121.73,-43.149,64.182,-14.07,-1000000.0,-1974.8,-1601.7,0.0,0.0,30.53,50.734,7.5849,0.0,-9269.78,0.1252,20.0,-3084.63,0.1516,20.0,-2211.71,0.1625,20.0,-1757.1,0.1707,20.0,-1642.52,0.1732,20.0,-1605.63,0.174,20.0,-1602.82,0.1741,20.0,-1602.62,0.1894,20.0,-1602.12,0.2633,20.0
709,2024-12-10,0.0,0.06858,-6.675,2.775,-1.2125,0.06858,0.0,0.0022653,0.0,-3.9111e-05,-2.1201,121.73,-43.147,64.182,-14.07,-1000000.0,-1976.5,-1601.7,0.0,0.0,30.528,50.734,7.5872,0.0,-9294.88,0.1252,20.0,-3094.72,0.1515,20.0,-2217.51,0.1624,20.0,-1759.83,0.1707,20.0,-1643.74,0.1732,20.0,-1605.83,0.174,20.0,-1602.81,0.1741,20.0,-1602.62,0.1894,20.0,-1602.12,0.2633,20.0
710,2024-12-11,0.0,0.10668,-0.55,8.075,3.07916666666667,0.10668,0.0,0.0022495,0.0,-3.9102e-05,-2.0134,121.73,-43.145,64.182,-14.07,-1000000.0,-1978.2,-1601.7,0.0,0.0,30.526,50.734,7.5894,0.0,-9319.69,0.1251,20.0,-3104.67,0.1514,20.0,-2223.22,0.1623,20.0,-1762.53,0.1706,20.0,-1644.97,0.1732,20.0,-1606.04,0.174,20.0,-1602.81,0.1741,20.0,-1602.62,0.1894,20.0,-1602.12,0.2633,20.0
711,2024-12-12,0.0,0.05588,-8.525,7.4,-1.64479166666667,0.05588,0.0,0.002234,0.0,-3.9106e-05,-1.9575,121.73,-43.143,64.182,-14.07,-1000000.0,-1979.9,-1601.7,0.0,0.0,30.523,50.734,7.5917,0.0,-9344.22,0.1251,20.0,-3114.48,0.1513,20.0,-2228.85,0.1622,20.0,-1765.23,0.1706,20.0,-1646.2,0.1731,20.0,-1606.26,0.174,20.0,-1602.81,0.1741,20.0,-1602.62,0.1894,20.0,-1602.13,0.2633,20.0
712,2024-12-13,0.0,0.13462,-5.975,8.875,1.35416666666667,0.13462,0.0,0.0022186,0.0,-3.9102e-05,-1.8229,121.73,-43.14,64.182,-14.07,-1000000.0,-1981.6,-1601.7,0.0,0.0,30.521,50.734,7.5939,0.0,-9368.49,0.125,20.0,-3124.16,0.1511,20.0,-2234.4,0.1621,20.0,-1767.91,0.1705,20.0,-1647.44,0.1731,20.0,-1606.49,0.174,20.0,-1602.81,0.1741,20.0,-1602.62,0.1894,20.0,-1602.13,0.2633,20.0
713,2024-12-14,0.0,0.18542,-2.075,10.15,4.35833333333333,0.18542,0.0,0.0022034,0.0,-3.9097e-05,-1.6375,121.73,-43.138,64.182,-14.07,-1000000.0,-1983.3,-1601.7,0.0,0.0,30.519,50.734,7.5961,0.0,-9392.53,0.125,20.0,-3135.61,0.1511,20.0,-2239.88,0.162,20.0,-1770.58,0.1705,20.0,-1648.68,0.1731,20.0,-1606.72,0.174,20.0,-1602.81,0.1741,20.0,-1602.61,0.1894,20.0,-1602.13,0.2633,20.0
714,2024-12-15,0.0,0.10922,-2.55,4.65,1.23958333333333,0.10922,0.0,0.0021883,0.0,-3.9102e-05,-1.5283,121.73,-43.136,64.182,-14.07,-1000000.0,-1985.0,-1601.7,0.0,0.0,30.517,50.734,7.5983,0.0,-9416.36,0.1249,20.0,-3146.52,0.151,20.0,-2245.3,0.162,20.0,-1773.23,0.1704,20.0,-1649.93,0.173,20.0,-1606.96,0.174,20.0,-1602.81,0.1741,20.0,-1602.61,0.1894,20.0,-1602.13,0.2633,20.0
715,2024-12-16,0.0,0.05842,-7.225,-0.025,-3.25416666666667,0.05842,0.0,0.0021733,0.0,-3.9107e-05,-1.4698,121.73,-43.134,64.182,-14.07,-1000000.0,-1986.7,-1601.7,0.0,0.0,30.514,50.734,7.6005,0.0,-9439.97,0.1249,20.0,-3157.01,0.1509,20.0,-2250.82,0.1619,20.0,-1775.88,0.1703,20.0,-1651.18,0.173,20.0,-1607.2,0.174,20.0,-1602.8,0.1741,20.0,-1602.61,0.1894,20.0,-1602.13,0.2633,20.0
716,2024-12-17,0.0,0.02032,-9.3,-4.675,-6.98541666666667,0.02032,0.0,0.0021584,0.0,-3.9096e-05,-1.4495,121.73,-43.132,64.182,-14.07,-1000000.0,-1988.3,-1601.7,0.0,0.0,30.512,50.734,7.6026,0.0,-9463.34,0.1248,20.0,-3167.25,0.1508,20.0,-2256.42,0.1618,20.0,-1778.52,0.1703,20.0,-1652.43,0.173,20.0,-1607.45,0.174,20.0,-1602.8,0.1741,20.0,-1602.61,0.1894,20.0,-1602.13,0.2633,20.0
717,2024-12-18,0.0,0.17272,-11.025,10.75,1.13854166666667,0.17272,0.0,0.0021437,0.0,-3.9106e-05,-1.2768,121.73,-43.13,64.182,-14.071,-1000000.0,-1990.0,-1601.7,0.0,0.0,30.51,50.734,7.6048,0.0,-9486.44,0.1248,20.0,-3177.31,0.1507,20.0,-2262.04,0.1617,20.0,-1781.15,0.1702,20.0,-1653.69,0.173,20.0,-1607.71,0.174,20.0,-1602.8,0.1741,20.0,-1602.61,0.1894,20.0,-1602.13,0.2633,20.0
718,2024-12-19,0.0,0.12192,-12.825,9.125,-1.403125,0.12192,0.0,0.0021292,0.0,-3.9112e-05,-1.1549,121.73,-43.127,64.182,-14.071,-1000000.0,-1991.7,-1601.7,0.0,0.0,30.508,50.734,7.6069,0.0,-9509.27,0.1247,20.0,-3187.19,0.1506,20.0,-2267.65,0.1616,20.0,-1783.78,0.1702,20.0,-1654.95,0.1729,20.0,-1607.97,0.1739,20.0,-1602.8,0.1741,20.0,-1602.61,0.1894,20.0,-1602.14,0.2633,20.0
719,2024-12-20,0.0,0.21844,3.675,16.325,8.503125,0.21844,0.0,0.0021148,0.0,-3.9101e-05,-0.93643,121.73,-43.125,64.182,-14.071,-1000000.0,-1993.3,-1601.7,0.0,0.0,30.506,50.734,7.609,0.0,-9531.8,0.1247,20.0,-3196.88,0.1506,20.0,-2273.22,0.1615,20.0,-1786.39,0.1701,20.0,-1656.22,0.1729,20.0,-1608.24,0.1739,20.0,-1602.81,0.1741,20.0,-1602.6,0.1894,20.0,-1602.14,0.2633,20.0
720,2024-12-21,0.0,0.25146,6.375,11.775,8.81875,0.25146,0.0,0.0021006,0.0,-3.9111e-05,-0.68497,121.73,-43.123,64.182,-14.071,-1000000.0,-1994.9,-1601.7,0.0,0.0,30.504,50.734,7.6111,0.0,-9554.02,0.1246,20.0,-3206.41,0.1505,20.0,-2278.74,0.1614,20.0,-1788.99,0.1701,20.0,-1657.49,0.1729,20.0,-1608.52,0.1739,20.0,-1602.81,0.1741,20.0,-1602.6,0.1894,20.0,-1602.14,0.2633,20.0
721,2024-12-22,0.0,0.17272,0.075,9.475,4.3375,0.17272,0.0,0.0020865,0.0,-3.9101e-05,-0.51225,121.73,-43.121,64.182,-14.071,-1000000.0,-1996.6,-1601.7,0.0,0.0,30.501,50.734,7.6132,0.0,-9575.93,0.1246,20.0,-3215.78,0.1504,20.0,-2284.21,0.1614,20.0,-1791.58,0.17,20.0,-1658.76,0.1729,20.0,-1608.8,0.1739,20.0,-1602.81,0.1741,20.0,-1602.6,0.1894,20.0,-1602.14,0.2633,20.0
722,2024-12-23,0.0,0.19812,0.425,10.325,4.85520833333333,0.19812,0.0,0.0020726,0.0,-3.9111e-05,-0.31413,121.73,-43.119,64.182,-14.071,-1000000.0,-1998.2,-1601.7,0.0,0.0,30.499,50.734,7.6153,0.0,-9597.52,0.1245,20.0,-3224.99,0.1503,20.0,-2289.63,0.1613,20.0,-1794.16,0.17,20.0,-1660.03,0.1728,20.0,-1609.09,0.1739,20.0,-1602.81,0.1741,20.0,-1602.6,0.1894,20.0,-1602.14,0.2633,20.0
723,2024-12-24,0.0,0.18796,-2.8,10.975,4.34375,0.18796,0.0,0.0020589,0.0,-3.9101e-05,-0.12617,121.73,-43.117,64.182,-14.071,-1000000.0,-1999.7,-1601.8,0.0,0.0,30.497,50.734,7.6174,0.0,-9618.8,0.1245,20.0,-3234.05,0.1503,20.0,-2294.99,0.1612,20.0,-1796.72,0.1699,20.0,-1661.31,0.1728,20.0,-1609.38,0.1739,20.0,-1602.81,0.1741,20.0,-1602.6,0.1894,20.0,-1602.14,0.2633,20.0
724,2024-12-25,0.0,0.2032,-0.1,7.125,3.17916666666667,0.2032,0.0,0.0020454,0.0,-3.9101e-05,0.077028,121.73,-43.115,64.182,-14.071,-1000000.0,-2001.3,-1601.8,0.0,0.0,30.495,50.734,7.6194,0.0,-9639.76,0.1244,20.0,-3242.97,0.1502,20.0,-2300.3,0.1611,20.0,-1799.27,0.1698,20.0,-1662.58,0.1728,20.0,-1609.68,0.1739,20.0,-1602.81,0.1741,20.0,-1602.6,0.1894,20.0,-1602.14,0.2633,20.0
725,2024-12-26,0.0,0.21844,1.55,6.75,3.684375,0.21844,0.0,0.0020321,0.0,-3.9101e-05,0.29547,121.73,-43.113,64.182,-14.071,-1000000.0,-2002.9,-1601.8,0.0,0.0,30.493,50.734,7.6214,0.0,-9660.42,0.1244,20.0,-3251.75,0.1501,20.0,-2305.55,0.161,20.0,-1801.81,0.1698,20.0,-1663.86,0.1727,20.0,-1609.98,0.1739,20.0,-1602.82,0.1741,20.0,-1602.6,0.1894,20.0,-1602.15,0.2633,20.0
726,2024-12-27,0.0,0.17526,-1.475,6.175,2.21770833333333,0.17526,0.0,0.0020189,0.0,-3.9106e-05,0.47073,121.73,-43.111,64.182,-14.071,-1000000.0,-2004.5,-1601.8,0.0,0.0,30.491,50.734,7.6235,0.0,-9680.78,0.1244,20.0,-3260.41,0.15,20.0,-2310.76,0.1609,20.0,-1804.35,0.1697,20.0,-1665.15,0.1727,20.0,-1610.29,0.1739,20.0,-1602.82,0.1741,20.0,-1602.59,0.1894,20.0,-1602.15,0.2633,20.0
727,2024-12-28,0.0,0.20574,1.4,9.45,4.14791666666667,0.20574,0.0,0.002006,0.0,-3.9106e-05,0.67647,121.73,-43.109,64.182,-14.071,-1000000.0,-2006.0,-1601.8,0.0,0.0,30.489,50.734,7.6255,0.0,-9700.85,0.1243,20.0,-3268.94,0.15,20.0,-2315.92,0.1609,20.0,-1806.88,0.1697,20.0,-1666.43,0.1727,20.0,-1610.61,0.1739,20.0,-1602.82,0.1741,20.0,-1602.59,0.1894,20.0,-1602.15,0.2633,20.0
728,2024-12-29,0.1003,0.07874,-4.1,4.5,1.5125,0.07874,0.0,0.0019931,0.0,-3.9101e-05,0.75521,121.73,-43.107,64.182,-14.071,-1000000.0,-2007.5,-1601.8,0.0,0.0,30.487,50.734,7.6275,0.0,-9720.63,0.1243,20.0,-3277.35,0.1499,20.0,-2321.03,0.1608,20.0,-1809.41,0.1696,20.0,-1667.71,0.1727,20.0,-1610.93,0.1739,20.0,-1602.83,0.1741,20.0,-1602.59,0.1894,20.0,-1602.15,0.2633,20.0
729,2024-12-30,0.0,0.01524,-7.6,-1.525,-4.54270833333333,0.01524,0.0,0.0019805,0.0,-3.91e-05,0.77045,121.73,-43.105,64.182,-14.071,-1000000.0,-2009.1,-1601.8,0.0,0.0,30.485,50.734,7.6295,0.0,-9740.13,0.1242,20.0,-3285.64,0.1498,20.0,-2326.08,0.1607,20.0,-1811.93,0.1696,20.0,-1669.0,0.1726,20.0,-1611.25,0.1739,20.0,-1602.83,0.1741,20.0,-1602.59,0.1894,20.0,-1602.15,0.2633,20.0
730,2024-12-31,0.0,0.0,-9.275,-2.3,-6.24583333333333,0.0,0.0,-3.6089e-09,0.0,-3.9106e-05,0.77045,121.73,-43.105,64.182,-14.071,-472370.0,-1997.4,-1601.8,0.0,0.0,30.485,50.734,7.6295,0.0,-9719.47,0.1243,20.0,-3293.83,0.1498,20.0,-2331.09,0.1606,20.0,-1814.45,0.1695,20.0,-1670.28,0.1726,20.0,-1611.58,0.1739,20.0,-1602.84,0.1741,20.0,-1602.59,0.1894,20.0,-1602.15,0.2633,20.0
731,2025-01-01,0.0,0.0127,-13.4,-7.125,-10.69375,0.0127,0.0,0.0024008,0.0,-3.9105e-05,0.78315,121.73,-43.102,64.182,-14.071,-1000000.0,-2003.2,-1601.8,0.0,0.0,30.481,50.734,7.6328,0.0,-9717.29,0.1243,20.0,-3301.89,0.1497,20.0,-2336.03,0.1606,20.0,-1816.95,0.1695,20.0,-1671.57,0.1726,20.0,-1611.92,0.1739,20.0,-1602.84,0.1741,20.0,-1602.59,0.1894,20.0,-1602.15,0.2633,20.0
732,2025-01-02,0.0,0.0127,-13.5,-9.725,-12.5635416666667,0.0127,0.0,0.0020889,0.0,-3.9105e-05,0.79585,121.73,-43.099,64.182,-14.071,-1000000.0,-2008.0,-1601.8,0.0,0.0,30.479,50.734,7.6349,0.0,-9736.09,0.1242,20.0,-3309.83,0.1496,20.0,-2340.92,0.1605,20.0,-1819.45,0.1694,20.0,-1672.86,0.1726,20.0,-1612.26,0.1739,20.0,-1602.85,0.1741,20.0,-1602.59,0.1894,20.0,-1602.15,0.2633,20.0
733,2025-01-03,0.0,0.0127,-15.0,-11.325,-12.9666666666667,0.0127,0.0,0.0020215,0.0,-3.9101e-05,0.80855,121.73,-43.097,64.182,-14.071,-1000000.0,-2011.4,-1601.8,0.0,0.0,30.477,50.734,7.6369,0.0,-9762.08,0.1242,20.0,-3317.66,0.1496,20.0,-2345.76,0.1604,20.0,-1821.93,0.1694,20.0,-1674.14,0.1725,20.0,-1612.61,0.1738,20.0,-1602.85,0.1741,20.0,-1602.59,0.1894,20.0,-1602.16,0.2633,20.0
734,2025-01-04,0.0,0.01016,-21.325,-11.175,-14.390625,0.01016,0.0,0.00198,0.0,-3.911e-05,0.81871,121.73,-43.095,64.182,-14.071,-1000000.0,-2013.9,-1601.8,0.0,0.0,30.475,50.734,7.6389,0.0,-9789.13,0.1241,20.0,-3325.38,0.1495,20.0,-2350.53,0.1603,20.0,-1824.4,0.1693,20.0,-1675.43,0.1725,20.0,-1612.96,0.1738,20.0,-1602.86,0.1741,20.0,-1602.58,0.1894,20.0,-1602.16,0.2633,20.0
735,2025-01-05,0.0,0.00508,-22.6,-9.125,-14.8458333333333,0.00508,0.0,0.0019509,0.0,-3.9105e-05,0.82379,121.73,-43.093,64.182,-14.071,-1000000.0,-2016.0,-1601.8,0.0,0.0,30.473,50.734,7.6409,0.0,-9815.14,0.1241,20.0,-3333.0,0.1495,20.0,-2355.25,0.1603,20.0,-1826.86,0.1693,20.0,-1676.72,0.1725,20.0,-1613.32,0.1738,20.0,-1602.87,0.1741,20.0,-1602.58,0.1894,20.0,-1602.16,0.2633,20.0
736,2025-01-06,0.0,0.01524,-11.125,-4.6,-8.06354166666667,0.01524,0.0,0.0019283,0.0,-3.9105e-05,0.83903,121.73,-43.092,64.182,-14.071,-1000000.0,-2017.9,-1601.8,0.0,0.0,30.471,50.734,7.6428,0.0,-9839.58,0.124,20.0,-3340.54,0.1494,20.0,-2359.92,0.1602,20.0,-1829.3,0.1692,20.0,-1678.01,0.1724,20.0,-1613.68,0.1738,20.0,-1602.88,0.1741,20.0,-1602.58,0.1894,20.0,-1602.16,0.2633,20.0
737,2025-01-07,0.0,0.07112,-11.65,-0.85,-4.471875,0.07112,0.0,0.0019095,0.0,-3.9105e-05,0.91015,121.73,-43.09,64.182,-14.071,-1000000.0,-2019.7,-1601.8,0.0,0.0,30.469,50.734,7.6447,0.0,-9862.51,0.124,20.0,-3347.99,0.1493,20.0,-2364.83,0.1601,20.0,-1831.74,0.1691,20.0,-1679.3,0.1724,20.0,-1614.05,0.1738,20.0,-1602.89,0.1741,20.0,-1602.58,0.1894,20.0,-1602.16,0.2633,20.0
738,2025-01-08,0.0374,0.10668,-0.35,3.4,1.278125,0.10668,0.0,0.0018929,0.0,-3.9105e-05,1.0168,121.73,-43.088,64.182,-14.071,-1000000.0,-2021.3,-1601.8,0.0,0.0,30.467,50.734,7.6466,0.0,-9884.13,0.1239,20.0,-3355.37,0.1493,20.0,-2369.85,0.16,20.0,-1834.17,0.1691,20.0,-1680.59,0.1724,20.0,-1614.42,0.1738,20.0,-1602.9,0.1741,20.0,-1602.58,0.1894,20.0,-1602.16,0.2633,20.0
739,2025-01-09,0.0,0.06604,-3.7,1.125,-1.515625,0.06604,0.0,0.0018779,0.0,-3.9105e-05,1.0829,121.73,-43.086,64.182,-14.071,-1000000.0,-2022.9,-1601.8,0.0,0.0,30.465,50.734,7.6485,0.0,-9904.67,0.1239,20.0,-3362.69,0.1492,20.0,-2374.83,0.16,20.0,-1836.6,0.169,20.0,-1681.88,0.1724,20.0,-1614.79,0.1738,20.0,-1602.91,0.1741,20.0,-1602.58,0.1894,20.0,-1602.16,0.2633,20.0
740,2025-01-10,0.0,0.1905,-1.075,6.375,2.36354166666667,0.1905,0.0,0.0018639,0.0,-3.9104e-05,1.2734,121.73,-43.084,64.182,-14.071,-1000000.0,-2024.5,-1601.8,0.0,0.0,30.463,50.734,7.6504,0.0,-9924.33,0.1238,20.0,-3369.94,0.1492,20.0,-2379.75,0.1599,20.0,-1839.04,0.169,20.0,-1683.17,0.1723,20.0,-1615.17,0.1738,20.0,-1602.92,0.1741,20.0,-1602.58,0.1894,20.0,-1602.16,0.2633,20.0
741,2025-01-11,0.0085,0.04572,-1.725,2.475,-0.375,0.04572,0.0,0.0018507,0.0,-3.9105e-05,1.3191,121.73,-43.082,64.182,-14.071,-1000000.0,-2026.0,-1601.8,0.0,0.0,30.462,50.734,7.6522,0.0,-9943.27,0.1238,20.0,-3377.11,0.1491,20.0,-2384.62,0.1598,20.0,-1841.47,0.1689,20.0,-1684.45,0.1723,20.0,-1615.56,0.1738,20.0,-1602.93,0.1741,20.0,-1602.58,0.1894,20.0,-1602.16,0.2633,20.0
742,2025-01-12,0.1139,0.02286,-6.675,0.3,-2.18229166666667,0.02286,0.0,0.0018381,0.0,-3.9109e-05,1.3419,121.73,-43.08,64.182,-14.072,-1000000.0,-2027.5,-1601.8,0.0,0.0,30.46,50.734,7.6541,0.0,-9961.6,0.1237,20.0,-3384.2,0.1491,20.0,-2389.44,0.1597,20.0,-1843.9,0.1689,20.0,-1685.74,0.1723,20.0,-1615.95,0.1738,20.0,-1602.94,0.1741,20.0,-1602.58,0.1894,20.0,-1602.16,0.2633,20.0
743,2025-01-13,0.0,0.05588,-5.925,0.575,-2.31666666666667,0.05588,0.0,0.001826,0.0,-3.9105e-05,1.3978,121.73,-43.078,64.182,-14.072,-1000000.0,-2028.9,-1601.8,0.0,0.0,30.458,50.734,7.6559,0.0,-9979.43,0.1237,20.0,-3391.2,0.149,20.0,-2394.19,0.1597,20.0,-1846.31,0.1688,20.0,-1687.03,0.1723,20.0,-1616.34,0.1738,20.0,-1602.95,0.1741,20.0,-1602.57,0.1894,20.0,-1602.16,0.2633,20.0
744,2025-01-14,0.0,0.10668,-4.7,2.175,-0.8375,0.10668,0.0,0.0018142,0.0,-3.9105e-05,1.5045,121.73,-43.077,64.182,-14.072,-1000000.0,-2030.4,-1601.8,0.0,0.0,30.456,50.734,7.6577,0.0,-9996.82,0.1237,20.0,-3398.11,0.1489,20.0,-2398.9,0.1596,20.0,-1848.72,0.1688,20.0,-1688.32,0.1722,20.0,-1616.74,0.1738,20.0,-1602.97,0.1741,20.0,-1602.57,0.1894,20.0,-1602.17,0.2633,20.0
745,2025-01-15,0.0,0.127,1.125,5.75,3.30729166666667,0.127,0.0,0.0018035,0.0,-3.9105e-05,1.6315,121.73,-43.075,64.182,-14.072,-1000000.0,-2031.8,-1601.8,0.0,0.0,30.454,50.734,7.6595,0.0,-10016.78,0.1236,20.0,-3404.93,0.1489,20.0,-2403.55,0.1595,20.0,-1851.11,0.1687,20.0,-1689.6,0.1722,20.0,-1617.14,0.1737,20.0,-1602.98,0.1741,20.0,-1602.57,0.1894,20.0,-1602.17,0.2633,20.0
746,2025-01-16,0.0,0.20574,-0.475,9.85,5.20208333333333,0.20574,0.0,0.0017937,0.0,-3.91e-05,1.8372,121.73,-43.073,64.182,-14.072,-1000000.0,-2033.2,-1601.8,0.0,0.0,30.452,50.734,7.6613,0.0,-10037.5,0.1236,20.0,-3411.66,0.1488,20.0,-2408.15,0.1594,20.0,-1853.49,0.1687,20.0,-1690.89,0.1722,20.0,-1617.54,0.1737,20.0,-1603.0,0.1741,20.0,-1602.57,0.1894,20.0,-1602.17,0.2633,20.0
747,2025-01-17,0.0102,0.04064,-13.675,-1.05,-8.821875,0.04064,0.0,0.0017844,0.0,-3.9095e-05,1.8779,121.73,-43.071,64.182,-14.072,-1000000.0,-2034.5,-1601.8,0.0,0.0,30.45,50.734,7.6631,0.0,-10058.41,0.1236,20.0,-3418.31,0.1488,20.0,-2412.71,0.1594,20.0,-1855.85,0.1686,20.0,-1692.17,0.1721,20.0,-1617.95,0.1737,20.0,-1603.01,0.1741,20.0,-1602.57,0.1894,20.0,-1602.17,0.2633,20.0
748,2025-01-18,0.0,0.02032,-23.275,-11.45,-15.8322916666667,0.02032,0.0,0.0017754,0.0,-3.91e-05,1.8982,121.73,-43.07,64.182,-14.072,-1000000.0,-2035.9,-1601.8,0.0,0.0,30.449,50.734,7.6649,0.0,-10079.47,0.1235,20.0,-3424.87,0.1487,20.0,-2417.21,0.1593,20.0,-1858.2,0.1686,20.0,-1693.45,0.1721,20.0,-1618.37,0.1737,20.0,-1603.03,0.1741,20.0,-1602.57,0.1894,20.0,-1602.17,0.2633,20.0
749,2025-01-19,0.0,0.01778,-25.5,-12.125,-19.7854166666667,0.01778,0.0,0.0017666,0.0,-3.91e-05,1.916,121.73,-43.068,64.182,-14.072,-1000000.0,-2037.2,-1601.8,0.0,0.0,30.447,50.734,7.6667,0.0,-10100.64,0.1235,20.0,-3431.35,0.1487,20.0,-2421.66,0.1592,20.0,-1860.54,0.1685,20.0,-1694.74,0.1721,20.0,-1618.78,0.1737,20.0,-1603.05,0.1741,20.0,-1602.57,0.1894,20.0,-1602.17,0.2633,20.0
750,2025-01-20,0.0,0.05588,-25.125,-7.125,-15.5979166666667,0.05588,0.0,0.0017579,0.0,-3.9109e-05,1.9719,121.73,-43.066,64.182,-14.072,-1000000.0,-2038.5,-1601.8,0.0,0.0,30.445,50.734,7.6684,0.0,-10121.92,0.1234,20.0,-3437.75,0.1486,20.0,-2426.07,0.1592,20.0,-1862.88,0.1685,20.0,-1696.02,0.1721,20.0,-1619.21,0.1737,20.0,-1603.07,0.1741,20.0,-1602.57,0.1894,20.0,-1602.17,0.2633,20.0
751,2025-01-21,0.0,0.14986,-6.725,0.8,-3.21979166666667,0.14986,0.0,0.0017492,0.0,-3.91e-05,2.1217,121.73,-43.064,64.182,-14.072,-1000000.0,-2039.9,-1601.8,0.0,0.0,30.443,50.734,7.6702,0.0,-10143.3,0.1234,20.0,-3444.08,0.1486,20.0,-2430.43,0.1591,20.0,-1865.22,0.1684,20.0,-1697.3,0.172,20.0,-1619.63,0.1737,20.0,-1603.08,0.1741,20.0,-1602.57,0.1894,20.0,-1602.17,0.2633,20.0
752,2025-01-22,0.0,0.04572,-12.475,-1.4,-5.309375,0.04572,0.0,0.0017406,0.0,-3.9094e-05,2.1674,121.73,-43.062,64.182,-14.072,-1000000.0,-2041.2,-1601.8,0.0,0.0,30.442,50.734,7.6719,0.0,-10164.77,0.1234,20.0,-3450.33,0.1485,20.0,-2434.74,0.159,20.0,-1867.58,0.1684,20.0,-1698.58,0.172,20.0,-1620.06,0.1737,20.0,-1603.1,0.174,20.0,-1602.57,0.1894,20.0,-1602.17,0.2633,20.0
753,2025-01-23,0.0,0.15494,-9.2,1.875,-2.871875,0.15494,0.0,0.001732,0.0,-3.9105e-05,2.3224,121.73,-43.061,64.182,-14.072,-1000000.0,-2042.5,-1601.8,0.0,0.0,30.44,50.734,7.6736,0.0,-10186.32,0.1233,20.0,-3456.58,0.1485,20.0,-2439.02,0.159,20.0,-1869.94,0.1683,20.0,-1699.85,0.172,20.0,-1620.49,0.1737,20.0,-1603.13,0.174,20.0,-1602.57,0.1894,20.0,-1602.17,0.2633,20.0
754,2025-01-24,0.0663,0.02794,-8.5,-0.275,-4.25208333333333,0.02794,0.0,0.0017235,0.0,-3.9099e-05,2.3503,121.73,-43.059,64.182,-14.072,-1000000.0,-2043.9,-1601.8,0.0,0.0,30.438,50.734,7.6754,0.0,-10207.95,0.1233,20.0,-3462.78,0.1484,20.0,-2443.26,0.1589,20.0,-1872.3,0.1683,20.0,-1701.13,0.1719,20.0,-1620.93,0.1737,20.0,-1603.15,0.174,20.0,-1602.57,0.1894,20.0,-1602.17,0.2633,20.0
755,2025-01-25,0.0,0.03302,-14.9,-4.35,-9.99583333333333,0.03302,0.0,0.001715,0.0,-3.9109e-05,2.3833,121.73,-43.057,64.182,-14.072,-1000000.0,-2045.2,-1601.8,0.0,0.0,30.436,50.734,7.6771,0.0,-10229.66,0.1232,20.0,-3468.8,0.1484,20.0,-2447.49,0.1588,20.0,-1874.64,0.1682,20.0,-1702.4,0.1719,20.0,-1621.37,0.1737,20.0,-1603.17,0.174,20.0,-1602.57,0.1894,20.0,-1602.17,0.2633,20.0
