 ******* Program HYDRUS
 ******* 
 None                                                                    
 Date:  16. 1.    Time:  15:28: 4
 Units: L = mm   , T = days , M = mmol 

----------------------------------------------------------
 Time       [T]        0.0000
----------------------------------------------------------
 Sub-region num.                     1
----------------------------------------------------------
 Length   [L]        0.15000E+03  0.15000E+03
 W-volume [L]        0.32933E+02  0.32933E+02
 In-flow  [L/T]      0.00000E+00  0.00000E+00
 h Mean   [L]       -0.15000E+02 -0.15000E+02
 Top Flux [L/T]     -0.15999E-04
 Bot Flux [L/T]     -0.79996E-05
----------------------------------------------------------

----------------------------------------------------------
 Time       [T]        1.0000
----------------------------------------------------------
 Sub-region num.                     1
----------------------------------------------------------
 Length   [L]        0.15000E+03  0.15000E+03
 W-volume [L]        0.32933E+02  0.32933E+02
 In-flow  [L/T]     -0.78976E-05 -0.78976E-05
 h Mean   [L]       -0.76000E+01 -0.76000E+01
 Top Flux [L/T]     -0.15709E-04
 Bot Flux [L/T]     -0.76129E-11
 WatBalT  [L]        0.36627E-06
 WatBalR  [%]              0.916
----------------------------------------------------------

----------------------------------------------------------
 Time       [T]        2.0000
----------------------------------------------------------
 Sub-region num.                     1
----------------------------------------------------------
 Length   [L]        0.15000E+03  0.15000E+03
 W-volume [L]        0.32898E+02  0.32898E+02
 In-flow  [L/T]     -0.35568E-01 -0.35568E-01
 h Mean   [L]       -0.77220E+01 -0.77220E+01
 Top Flux [L/T]      0.27423E-03
 Bot Flux [L/T]     -0.75966E-11
 WatBalT  [L]        0.10803E-06
 WatBalR  [%]              0.000
----------------------------------------------------------

----------------------------------------------------------
 Time       [T]        3.0000
----------------------------------------------------------
 Sub-region num.                     1
----------------------------------------------------------
 Length   [L]        0.15000E+03  0.15000E+03
 W-volume [L]        0.32791E+02  0.32791E+02
 In-flow  [L/T]     -0.10669E+00 -0.10669E+00
 h Mean   [L]       -0.93885E+01 -0.93885E+01
 Top Flux [L/T]      0.30144E-02
 Bot Flux [L/T]     -0.75806E-11
 WatBalT  [L]       -0.14007E-05
 WatBalR  [%]              0.001
----------------------------------------------------------

----------------------------------------------------------
 Time       [T]        4.0000
----------------------------------------------------------
 Sub-region num.                     1
----------------------------------------------------------
 Length   [L]        0.15000E+03  0.15000E+03
 W-volume [L]        0.32722E+02  0.32722E+02
 In-flow  [L/T]     -0.91901E-02 -0.91901E-02
 h Mean   [L]       -0.33409E+04 -0.33409E+04
 Top Flux [L/T]      0.91823E-02
 Bot Flux [L/T]      0.75645E-11
 WatBalT  [L]       -0.12666E-05
 WatBalR  [%]              0.001
----------------------------------------------------------

----------------------------------------------------------
 Time       [T]        5.0000
----------------------------------------------------------
 Sub-region num.                     1
----------------------------------------------------------
 Length   [L]        0.15000E+03  0.15000E+03
 W-volume [L]        0.32720E+02  0.32720E+02
 In-flow  [L/T]     -0.12679E-02 -0.12679E-02
 h Mean   [L]       -0.33409E+04 -0.33409E+04
 Top Flux [L/T]      0.12602E-02
 Bot Flux [L/T]      0.00000E+00
 WatBalT  [L]       -0.99838E-06
 WatBalR  [%]              0.000
----------------------------------------------------------

----------------------------------------------------------
 Time       [T]        6.0000
----------------------------------------------------------
 Sub-region num.                     1
----------------------------------------------------------
 Length   [L]        0.15000E+03  0.15000E+03
 W-volume [L]        0.32719E+02  0.32719E+02
 In-flow  [L/T]     -0.11491E-02 -0.11491E-02
 h Mean   [L]       -0.33409E+04 -0.33409E+04
 Top Flux [L/T]      0.11412E-02
 Bot Flux [L/T]      0.00000E+00
 WatBalT  [L]        0.42617E-05
 WatBalR  [%]              0.002
----------------------------------------------------------

----------------------------------------------------------
 Time       [T]        7.0000
----------------------------------------------------------
 Sub-region num.                     1
----------------------------------------------------------
 Length   [L]        0.15000E+03  0.15000E+03
 W-volume [L]        0.32718E+02  0.32718E+02
 In-flow  [L/T]     -0.10430E-02 -0.10430E-02
 h Mean   [L]       -0.33410E+04 -0.33410E+04
 Top Flux [L/T]      0.10351E-02
 Bot Flux [L/T]      0.75164E-11
 WatBalT  [L]        0.49174E-05
 WatBalR  [%]              0.002
----------------------------------------------------------

----------------------------------------------------------
 Time       [T]        8.0000
----------------------------------------------------------
 Sub-region num.                     1
----------------------------------------------------------
 Length   [L]        0.15000E+03  0.15000E+03
 W-volume [L]        0.32717E+02  0.32717E+02
 In-flow  [L/T]     -0.94765E-03 -0.94765E-03
 h Mean   [L]       -0.33410E+04 -0.33410E+04
 Top Flux [L/T]      0.93979E-03
 Bot Flux [L/T]      0.75005E-11
 WatBalT  [L]        0.68247E-05
 WatBalR  [%]              0.003
----------------------------------------------------------

----------------------------------------------------------
 Time       [T]        9.0000
----------------------------------------------------------
 Sub-region num.                     1
----------------------------------------------------------
 Length   [L]        0.15000E+03  0.15000E+03
 W-volume [L]        0.32716E+02  0.32716E+02
 In-flow  [L/T]     -0.86182E-03 -0.86182E-03
 h Mean   [L]       -0.33410E+04 -0.33410E+04
 Top Flux [L/T]      0.85408E-03
 Bot Flux [L/T]      0.74846E-11
 WatBalT  [L]        0.78976E-06
 WatBalR  [%]              0.000
----------------------------------------------------------

----------------------------------------------------------
 Time       [T]       10.0000
----------------------------------------------------------
 Sub-region num.                     1
----------------------------------------------------------
 Length   [L]        0.15000E+03  0.15000E+03
 W-volume [L]        0.32715E+02  0.32715E+02
 In-flow  [L/T]     -0.78475E-03 -0.78475E-03
 h Mean   [L]       -0.33410E+04 -0.33410E+04
 Top Flux [L/T]      0.77700E-03
 Bot Flux [L/T]      0.74688E-11
 WatBalT  [L]       -0.43213E-05
 WatBalR  [%]              0.002
----------------------------------------------------------

----------------------------------------------------------
 Time       [T]       11.0000
----------------------------------------------------------
 Sub-region num.                     1
----------------------------------------------------------
 Length   [L]        0.15000E+03  0.15000E+03
 W-volume [L]        0.32715E+02  0.32715E+02
 In-flow  [L/T]     -0.71543E-03 -0.71543E-03
 h Mean   [L]       -0.33410E+04 -0.33410E+04
 Top Flux [L/T]      0.70764E-03
 Bot Flux [L/T]      0.00000E+00
 WatBalT  [L]       -0.58115E-06
 WatBalR  [%]              0.000
----------------------------------------------------------

----------------------------------------------------------
 Time       [T]       12.0000
----------------------------------------------------------
 Sub-region num.                     1
----------------------------------------------------------
 Length   [L]        0.15000E+03  0.15000E+03
 W-volume [L]        0.32714E+02  0.32714E+02
 In-flow  [L/T]     -0.65306E-03 -0.65306E-03
 h Mean   [L]       -0.33410E+04 -0.33410E+04
 Top Flux [L/T]      0.64523E-03
 Bot Flux [L/T]      0.00000E+00
 WatBalT  [L]        0.74506E-07
 WatBalR  [%]              0.000
----------------------------------------------------------

----------------------------------------------------------
 Time       [T]       13.0000
----------------------------------------------------------
 Sub-region num.                     1
----------------------------------------------------------
 Length   [L]        0.15000E+03  0.15000E+03
 W-volume [L]        0.32713E+02  0.32713E+02
 In-flow  [L/T]     -0.59676E-03 -0.59676E-03
 h Mean   [L]       -0.33410E+04 -0.33410E+04
 Top Flux [L/T]      0.58905E-03
 Bot Flux [L/T]      0.00000E+00
 WatBalT  [L]        0.22352E-06
 WatBalR  [%]              0.000
----------------------------------------------------------

----------------------------------------------------------
 Time       [T]       14.0000
----------------------------------------------------------
 Sub-region num.                     1
----------------------------------------------------------
 Length   [L]        0.15000E+03  0.15000E+03
 W-volume [L]        0.32713E+02  0.32713E+02
 In-flow  [L/T]     -0.54619E-03 -0.54619E-03
 h Mean   [L]       -0.33410E+04 -0.33410E+04
 Top Flux [L/T]      0.53845E-03
 Bot Flux [L/T]      0.00000E+00
 WatBalT  [L]        0.18179E-05
 WatBalR  [%]              0.001
----------------------------------------------------------

----------------------------------------------------------
 Time       [T]       15.0000
----------------------------------------------------------
 Sub-region num.                     1
----------------------------------------------------------
 Length   [L]        0.15000E+03  0.15000E+03
 W-volume [L]        0.32712E+02  0.32712E+02
 In-flow  [L/T]     -0.50056E-03 -0.50056E-03
 h Mean   [L]       -0.33410E+04 -0.33410E+04
 Top Flux [L/T]      0.49287E-03
 Bot Flux [L/T]      0.00000E+00
 WatBalT  [L]       -0.14454E-05
 WatBalR  [%]              0.001
----------------------------------------------------------

----------------------------------------------------------
 Time       [T]       16.0000
----------------------------------------------------------
 Sub-region num.                     1
----------------------------------------------------------
 Length   [L]        0.15000E+03  0.15000E+03
 W-volume [L]        0.32712E+02  0.32712E+02
 In-flow  [L/T]     -0.45949E-03 -0.45949E-03
 h Mean   [L]       -0.33410E+04 -0.33410E+04
 Top Flux [L/T]      0.45181E-03
 Bot Flux [L/T]      0.00000E+00
 WatBalT  [L]       -0.11176E-05
 WatBalR  [%]              0.001
----------------------------------------------------------

----------------------------------------------------------
 Time       [T]       17.0000
----------------------------------------------------------
 Sub-region num.                     1
----------------------------------------------------------
 Length   [L]        0.15000E+03  0.15000E+03
 W-volume [L]        0.32711E+02  0.32711E+02
 In-flow  [L/T]     -0.42251E-03 -0.42251E-03
 h Mean   [L]       -0.33410E+04 -0.33410E+04
 Top Flux [L/T]      0.41479E-03
 Bot Flux [L/T]      0.00000E+00
 WatBalT  [L]       -0.65565E-06
 WatBalR  [%]              0.000
----------------------------------------------------------

----------------------------------------------------------
 Time       [T]       18.0000
----------------------------------------------------------
 Sub-region num.                     1
----------------------------------------------------------
 Length   [L]        0.15000E+03  0.15000E+03
 W-volume [L]        0.32711E+02  0.32711E+02
 In-flow  [L/T]     -0.38922E-03 -0.38922E-03
 h Mean   [L]       -0.33410E+04 -0.33410E+04
 Top Flux [L/T]      0.38140E-03
 Bot Flux [L/T]      0.00000E+00
 WatBalT  [L]        0.36657E-05
 WatBalR  [%]              0.002
----------------------------------------------------------

----------------------------------------------------------
 Time       [T]       19.0000
----------------------------------------------------------
 Sub-region num.                     1
----------------------------------------------------------
 Length   [L]        0.15000E+03  0.15000E+03
 W-volume [L]        0.32711E+02  0.32711E+02
 In-flow  [L/T]     -0.35900E-03 -0.35900E-03
 h Mean   [L]       -0.33410E+04 -0.33410E+04
 Top Flux [L/T]      0.35128E-03
 Bot Flux [L/T]      0.00000E+00
 WatBalT  [L]        0.37551E-05
 WatBalR  [%]              0.002
----------------------------------------------------------

----------------------------------------------------------
 Time       [T]       20.0000
----------------------------------------------------------
 Sub-region num.                     1
----------------------------------------------------------
 Length   [L]        0.15000E+03  0.15000E+03
 W-volume [L]        0.32710E+02  0.32710E+02
 In-flow  [L/T]     -0.33188E-03 -0.33188E-03
 h Mean   [L]       -0.33410E+04 -0.33410E+04
 Top Flux [L/T]      0.32409E-03
 Bot Flux [L/T]      0.00000E+00
 WatBalT  [L]       -0.11772E-05
 WatBalR  [%]              0.001
----------------------------------------------------------

----------------------------------------------------------
 Time       [T]       21.0000
----------------------------------------------------------
 Sub-region num.                     1
----------------------------------------------------------
 Length   [L]        0.15000E+03  0.15000E+03
 W-volume [L]        0.32710E+02  0.32710E+02
 In-flow  [L/T]     -0.30732E-03 -0.30732E-03
 h Mean   [L]       -0.33410E+04 -0.33410E+04
 Top Flux [L/T]      0.29954E-03
 Bot Flux [L/T]      0.00000E+00
 WatBalT  [L]       -0.80466E-06
 WatBalR  [%]              0.000
----------------------------------------------------------

----------------------------------------------------------
 Time       [T]       22.0000
----------------------------------------------------------
 Sub-region num.                     1
----------------------------------------------------------
 Length   [L]        0.15000E+03  0.15000E+03
 W-volume [L]        0.32710E+02  0.32710E+02
 In-flow  [L/T]     -0.28512E-03 -0.28512E-03
 h Mean   [L]       -0.33410E+04 -0.33410E+04
 Top Flux [L/T]      0.27736E-03
 Bot Flux [L/T]     -0.72810E-11
 WatBalT  [L]       -0.32783E-06
 WatBalR  [%]              0.000
----------------------------------------------------------

----------------------------------------------------------
 Time       [T]       23.0000
----------------------------------------------------------
 Sub-region num.                     1
----------------------------------------------------------
 Length   [L]        0.15000E+03  0.15000E+03
 W-volume [L]        0.32709E+02  0.32709E+02
 In-flow  [L/T]     -0.26476E-03 -0.26476E-03
 h Mean   [L]       -0.33410E+04 -0.33410E+04
 Top Flux [L/T]      0.25730E-03
 Bot Flux [L/T]      0.72656E-11
 WatBalT  [L]       -0.13411E-05
 WatBalR  [%]              0.001
----------------------------------------------------------

----------------------------------------------------------
 Time       [T]       24.0000
----------------------------------------------------------
 Sub-region num.                     1
----------------------------------------------------------
 Length   [L]        0.15000E+03  0.15000E+03
 W-volume [L]        0.32709E+02  0.32709E+02
 In-flow  [L/T]     -0.24679E-03 -0.24679E-03
 h Mean   [L]       -0.33410E+04 -0.33410E+04
 Top Flux [L/T]      0.23916E-03
 Bot Flux [L/T]     -0.72502E-11
 WatBalT  [L]        0.18924E-05
 WatBalR  [%]              0.001
----------------------------------------------------------

----------------------------------------------------------
 Time       [T]       25.0000
----------------------------------------------------------
 Sub-region num.                     1
----------------------------------------------------------
 Length   [L]        0.15000E+03  0.15000E+03
 W-volume [L]        0.32709E+02  0.32709E+02
 In-flow  [L/T]     -0.23028E-03 -0.23028E-03
 h Mean   [L]       -0.33410E+04 -0.33410E+04
 Top Flux [L/T]      0.22274E-03
 Bot Flux [L/T]     -0.72348E-11
 WatBalT  [L]       -0.26822E-06
 WatBalR  [%]              0.000
----------------------------------------------------------

----------------------------------------------------------
 Time       [T]       26.0000
----------------------------------------------------------
 Sub-region num.                     1
----------------------------------------------------------
 Length   [L]        0.15000E+03  0.15000E+03
 W-volume [L]        0.32709E+02  0.32709E+02
 In-flow  [L/T]     -0.21547E-03 -0.21547E-03
 h Mean   [L]       -0.33410E+04 -0.33410E+04
 Top Flux [L/T]      0.20787E-03
 Bot Flux [L/T]      0.72195E-11
 WatBalT  [L]        0.13560E-05
 WatBalR  [%]              0.001
----------------------------------------------------------

----------------------------------------------------------
 Time       [T]       27.0000
----------------------------------------------------------
 Sub-region num.                     1
----------------------------------------------------------
 Length   [L]        0.15000E+03  0.15000E+03
 W-volume [L]        0.32708E+02  0.32708E+02
 In-flow  [L/T]     -0.20206E-03 -0.20206E-03
 h Mean   [L]       -0.33410E+04 -0.33410E+04
 Top Flux [L/T]      0.19440E-03
 Bot Flux [L/T]      0.00000E+00
 WatBalT  [L]        0.59605E-06
 WatBalR  [%]              0.000
----------------------------------------------------------

----------------------------------------------------------
 Time       [T]       28.0000
----------------------------------------------------------
 Sub-region num.                     1
----------------------------------------------------------
 Length   [L]        0.15000E+03  0.15000E+03
 W-volume [L]        0.32708E+02  0.32708E+02
 In-flow  [L/T]     -0.18972E-03 -0.18972E-03
 h Mean   [L]       -0.33410E+04 -0.33410E+04
 Top Flux [L/T]      0.18217E-03
 Bot Flux [L/T]      0.00000E+00
 WatBalT  [L]       -0.12517E-05
 WatBalR  [%]              0.001
----------------------------------------------------------

----------------------------------------------------------
 Time       [T]       29.0000
----------------------------------------------------------
 Sub-region num.                     1
----------------------------------------------------------
 Length   [L]        0.15000E+03  0.15000E+03
 W-volume [L]        0.32708E+02  0.32708E+02
 In-flow  [L/T]     -0.17878E-03 -0.17878E-03
 h Mean   [L]       -0.33410E+04 -0.33410E+04
 Top Flux [L/T]      0.17108E-03
 Bot Flux [L/T]      0.00000E+00
 WatBalT  [L]        0.75996E-06
 WatBalR  [%]              0.000
----------------------------------------------------------

----------------------------------------------------------
 Time       [T]       30.0000
----------------------------------------------------------
 Sub-region num.                     1
----------------------------------------------------------
 Length   [L]        0.15000E+03  0.15000E+03
 W-volume [L]        0.32708E+02  0.32708E+02
 In-flow  [L/T]     -0.16835E-03 -0.16835E-03
 h Mean   [L]       -0.33410E+04 -0.33410E+04
 Top Flux [L/T]      0.16099E-03
 Bot Flux [L/T]      0.00000E+00
 WatBalT  [L]        0.59605E-07
 WatBalR  [%]              0.000
----------------------------------------------------------

----------------------------------------------------------
 Time       [T]       31.0000
----------------------------------------------------------
 Sub-region num.                     1
----------------------------------------------------------
 Length   [L]        0.15000E+03  0.15000E+03
 W-volume [L]        0.32708E+02  0.32708E+02
 In-flow  [L/T]     -0.15941E-03 -0.15941E-03
 h Mean   [L]       -0.33410E+04 -0.33410E+04
 Top Flux [L/T]      0.15183E-03
 Bot Flux [L/T]      0.00000E+00
 WatBalT  [L]        0.52154E-05
 WatBalR  [%]              0.002
----------------------------------------------------------

----------------------------------------------------------
 Time       [T]       32.0000
----------------------------------------------------------
 Sub-region num.                     1
----------------------------------------------------------
 Length   [L]        0.15000E+03  0.15000E+03
 W-volume [L]        0.32708E+02  0.32708E+02
 In-flow  [L/T]     -0.15098E-03 -0.15098E-03
 h Mean   [L]       -0.33410E+04 -0.33410E+04
 Top Flux [L/T]      0.14348E-03
 Bot Flux [L/T]      0.00000E+00
 WatBalT  [L]        0.18030E-05
 WatBalR  [%]              0.001
----------------------------------------------------------

----------------------------------------------------------
 Time       [T]       33.0000
----------------------------------------------------------
 Sub-region num.                     1
----------------------------------------------------------
 Length   [L]        0.15000E+03  0.15000E+03
 W-volume [L]        0.32707E+02  0.32707E+02
 In-flow  [L/T]     -0.14332E-03 -0.14332E-03
 h Mean   [L]       -0.33410E+04 -0.33410E+04
 Top Flux [L/T]      0.13588E-03
 Bot Flux [L/T]      0.71131E-11
 WatBalT  [L]        0.20415E-05
 WatBalR  [%]              0.001
----------------------------------------------------------

----------------------------------------------------------
 Time       [T]       34.0000
----------------------------------------------------------
 Sub-region num.                     1
----------------------------------------------------------
 Length   [L]        0.15000E+03  0.15000E+03
 W-volume [L]        0.32707E+02  0.32707E+02
 In-flow  [L/T]     -0.13655E-03 -0.13655E-03
 h Mean   [L]       -0.33410E+04 -0.33410E+04
 Top Flux [L/T]      0.12895E-03
 Bot Flux [L/T]     -0.70980E-11
 WatBalT  [L]       -0.10133E-05
 WatBalR  [%]              0.000
----------------------------------------------------------

----------------------------------------------------------
 Time       [T]       35.0000
----------------------------------------------------------
 Sub-region num.                     1
----------------------------------------------------------
 Length   [L]        0.15000E+03  0.15000E+03
 W-volume [L]        0.32707E+02  0.32707E+02
 In-flow  [L/T]     -0.12994E-03 -0.12994E-03
 h Mean   [L]       -0.33410E+04 -0.33410E+04
 Top Flux [L/T]      0.12262E-03
 Bot Flux [L/T]      0.70830E-11
 WatBalT  [L]        0.86427E-06
 WatBalR  [%]              0.000
----------------------------------------------------------

----------------------------------------------------------
 Time       [T]       36.0000
----------------------------------------------------------
 Sub-region num.                     1
----------------------------------------------------------
 Length   [L]        0.15000E+03  0.15000E+03
 W-volume [L]        0.32707E+02  0.32707E+02
 In-flow  [L/T]     -0.12431E-03 -0.12431E-03
 h Mean   [L]       -0.33410E+04 -0.33410E+04
 Top Flux [L/T]      0.11683E-03
 Bot Flux [L/T]     -0.70680E-11
 WatBalT  [L]        0.44554E-05
 WatBalR  [%]              0.002
----------------------------------------------------------

----------------------------------------------------------
 Time       [T]       37.0000
----------------------------------------------------------
 Sub-region num.                     1
----------------------------------------------------------
 Length   [L]        0.15000E+03  0.15000E+03
 W-volume [L]        0.32707E+02  0.32707E+02
 In-flow  [L/T]     -0.11882E-03 -0.11882E-03
 h Mean   [L]       -0.33410E+04 -0.33410E+04
 Top Flux [L/T]      0.11154E-03
 Bot Flux [L/T]      0.00000E+00
 WatBalT  [L]        0.25928E-05
 WatBalR  [%]              0.001
----------------------------------------------------------

----------------------------------------------------------
 Time       [T]       38.0000
----------------------------------------------------------
 Sub-region num.                     1
----------------------------------------------------------
 Length   [L]        0.15000E+03  0.15000E+03
 W-volume [L]        0.32707E+02  0.32707E+02
 In-flow  [L/T]     -0.11390E-03 -0.11390E-03
 h Mean   [L]       -0.33410E+04 -0.33410E+04
 Top Flux [L/T]      0.10668E-03
 Bot Flux [L/T]      0.00000E+00
 WatBalT  [L]        0.34124E-05
 WatBalR  [%]              0.001
----------------------------------------------------------

----------------------------------------------------------
 Time       [T]       39.0000
----------------------------------------------------------
 Sub-region num.                     1
----------------------------------------------------------
 Length   [L]        0.15000E+03  0.15000E+03
 W-volume [L]        0.32707E+02  0.32707E+02
 In-flow  [L/T]     -0.10961E-03 -0.10961E-03
 h Mean   [L]       -0.33410E+04 -0.33410E+04
 Top Flux [L/T]      0.10223E-03
 Bot Flux [L/T]     -0.70231E-11
 WatBalT  [L]        0.34571E-05
 WatBalR  [%]              0.002
----------------------------------------------------------

----------------------------------------------------------
 Time       [T]       40.0000
----------------------------------------------------------
 Sub-region num.                     1
----------------------------------------------------------
 Length   [L]        0.15000E+03  0.15000E+03
 W-volume [L]        0.32707E+02  0.32707E+02
 In-flow  [L/T]     -0.10556E-03 -0.10556E-03
 h Mean   [L]       -0.33410E+04 -0.33410E+04
 Top Flux [L/T]      0.98141E-04
 Bot Flux [L/T]      0.70083E-11
 WatBalT  [L]       -0.67055E-06
 WatBalR  [%]              0.000
----------------------------------------------------------

----------------------------------------------------------
 Time       [T]       41.0000
----------------------------------------------------------
 Sub-region num.                     1
----------------------------------------------------------
 Length   [L]        0.15000E+03  0.15000E+03
 W-volume [L]        0.32706E+02  0.32706E+02
 In-flow  [L/T]     -0.10163E-03 -0.10163E-03
 h Mean   [L]       -0.33410E+04 -0.33410E+04
 Top Flux [L/T]      0.94379E-04
 Bot Flux [L/T]      0.00000E+00
 WatBalT  [L]        0.27865E-05
 WatBalR  [%]              0.001
----------------------------------------------------------

----------------------------------------------------------
 Time       [T]       42.0000
----------------------------------------------------------
 Sub-region num.                     1
----------------------------------------------------------
 Length   [L]        0.15000E+03  0.15000E+03
 W-volume [L]        0.32706E+02  0.32706E+02
 In-flow  [L/T]     -0.98199E-04 -0.98199E-04
 h Mean   [L]       -0.33410E+04 -0.33410E+04
 Top Flux [L/T]      0.90909E-04
 Bot Flux [L/T]     -0.69786E-11
 WatBalT  [L]        0.26822E-05
 WatBalR  [%]              0.001
----------------------------------------------------------

----------------------------------------------------------
 Time       [T]       43.0000
----------------------------------------------------------
 Sub-region num.                     1
----------------------------------------------------------
 Length   [L]        0.15000E+03  0.15000E+03
 W-volume [L]        0.32706E+02  0.32706E+02
 In-flow  [L/T]     -0.95069E-04 -0.95069E-04
 h Mean   [L]       -0.33410E+04 -0.33410E+04
 Top Flux [L/T]      0.87705E-04
 Bot Flux [L/T]      0.69638E-11
 WatBalT  [L]        0.31143E-05
 WatBalR  [%]              0.001
----------------------------------------------------------

----------------------------------------------------------
 Time       [T]       44.0000
----------------------------------------------------------
 Sub-region num.                     1
----------------------------------------------------------
 Length   [L]        0.15000E+03  0.15000E+03
 W-volume [L]        0.32706E+02  0.32706E+02
 In-flow  [L/T]     -0.92268E-04 -0.92268E-04
 h Mean   [L]       -0.33410E+04 -0.33410E+04
 Top Flux [L/T]      0.84745E-04
 Bot Flux [L/T]      0.69490E-11
 WatBalT  [L]        0.50664E-06
 WatBalR  [%]              0.000
----------------------------------------------------------

----------------------------------------------------------
 Time       [T]       45.0000
----------------------------------------------------------
 Sub-region num.                     1
----------------------------------------------------------
 Length   [L]        0.15000E+03  0.15000E+03
 W-volume [L]        0.32706E+02  0.32706E+02
 In-flow  [L/T]     -0.89228E-04 -0.89228E-04
 h Mean   [L]       -0.33410E+04 -0.33410E+04
 Top Flux [L/T]      0.82000E-04
 Bot Flux [L/T]     -0.69343E-11
 WatBalT  [L]        0.27120E-05
 WatBalR  [%]              0.001
----------------------------------------------------------

----------------------------------------------------------
 Time       [T]       46.0000
----------------------------------------------------------
 Sub-region num.                     1
----------------------------------------------------------
 Length   [L]        0.15000E+03  0.15000E+03
 W-volume [L]        0.32706E+02  0.32706E+02
 In-flow  [L/T]     -0.86755E-04 -0.86755E-04
 h Mean   [L]       -0.33410E+04 -0.33410E+04
 Top Flux [L/T]      0.79457E-04
 Bot Flux [L/T]     -0.69196E-11
 WatBalT  [L]       -0.15050E-05
 WatBalR  [%]              0.001
----------------------------------------------------------

----------------------------------------------------------
 Time       [T]       47.0000
----------------------------------------------------------
 Sub-region num.                     1
----------------------------------------------------------
 Length   [L]        0.15000E+03  0.15000E+03
 W-volume [L]        0.32706E+02  0.32706E+02
 In-flow  [L/T]     -0.84370E-04 -0.84370E-04
 h Mean   [L]       -0.33410E+04 -0.33410E+04
 Top Flux [L/T]      0.77095E-04
 Bot Flux [L/T]      0.69050E-11
 WatBalT  [L]       -0.43213E-05
 WatBalR  [%]              0.002
----------------------------------------------------------

----------------------------------------------------------
 Time       [T]       48.0000
----------------------------------------------------------
 Sub-region num.                     1
----------------------------------------------------------
 Length   [L]        0.15000E+03  0.15000E+03
 W-volume [L]        0.32706E+02  0.32706E+02
 In-flow  [L/T]     -0.82165E-04 -0.82165E-04
 h Mean   [L]       -0.33410E+04 -0.33410E+04
 Top Flux [L/T]      0.74895E-04
 Bot Flux [L/T]      0.68903E-11
 WatBalT  [L]       -0.17732E-05
 WatBalR  [%]              0.001
----------------------------------------------------------

----------------------------------------------------------
 Time       [T]       49.0000
----------------------------------------------------------
 Sub-region num.                     1
----------------------------------------------------------
 Length   [L]        0.15000E+03  0.15000E+03
 W-volume [L]        0.32706E+02  0.32706E+02
 In-flow  [L/T]     -0.80079E-04 -0.80079E-04
 h Mean   [L]       -0.33410E+04 -0.33410E+04
 Top Flux [L/T]      0.72844E-04
 Bot Flux [L/T]     -0.68757E-11
 WatBalT  [L]        0.24885E-05
 WatBalR  [%]              0.001
----------------------------------------------------------

----------------------------------------------------------
 Time       [T]       50.0000
----------------------------------------------------------
 Sub-region num.                     1
----------------------------------------------------------
 Length   [L]        0.15000E+03  0.15000E+03
 W-volume [L]        0.32706E+02  0.32706E+02
 In-flow  [L/T]     -0.77963E-04 -0.77963E-04
 h Mean   [L]       -0.33410E+04 -0.33410E+04
 Top Flux [L/T]      0.70927E-04
 Bot Flux [L/T]      0.00000E+00
 WatBalT  [L]        0.98348E-06
 WatBalR  [%]              0.000
----------------------------------------------------------

----------------------------------------------------------
 Time       [T]       51.0000
----------------------------------------------------------
 Sub-region num.                     1
----------------------------------------------------------
 Length   [L]        0.15000E+03  0.15000E+03
 W-volume [L]        0.32706E+02  0.32706E+02
 In-flow  [L/T]     -0.76264E-04 -0.76264E-04
 h Mean   [L]       -0.33410E+04 -0.33410E+04
 Top Flux [L/T]      0.69132E-04
 Bot Flux [L/T]      0.68466E-11
 WatBalT  [L]        0.14454E-05
 WatBalR  [%]              0.001
----------------------------------------------------------

----------------------------------------------------------
 Time       [T]       52.0000
----------------------------------------------------------
 Sub-region num.                     1
----------------------------------------------------------
 Length   [L]        0.15000E+03  0.15000E+03
 W-volume [L]        0.32706E+02  0.32706E+02
 In-flow  [L/T]     -0.74565E-04 -0.74565E-04
 h Mean   [L]       -0.33410E+04 -0.33410E+04
 Top Flux [L/T]      0.67452E-04
 Bot Flux [L/T]     -0.68321E-11
 WatBalT  [L]        0.17881E-06
 WatBalR  [%]              0.000
----------------------------------------------------------

----------------------------------------------------------
 Time       [T]       53.0000
----------------------------------------------------------
 Sub-region num.                     1
----------------------------------------------------------
 Length   [L]        0.15000E+03  0.15000E+03
 W-volume [L]        0.32705E+02  0.32705E+02
 In-flow  [L/T]     -0.72837E-04 -0.72837E-04
 h Mean   [L]       -0.33410E+04 -0.33410E+04
 Top Flux [L/T]      0.65871E-04
 Bot Flux [L/T]     -0.68176E-11
 WatBalT  [L]        0.11027E-05
 WatBalR  [%]              0.000
----------------------------------------------------------

----------------------------------------------------------
 Time       [T]       54.0000
----------------------------------------------------------
 Sub-region num.                     1
----------------------------------------------------------
 Length   [L]        0.15000E+03  0.15000E+03
 W-volume [L]        0.32705E+02  0.32705E+02
 In-flow  [L/T]     -0.71645E-04 -0.71645E-04
 h Mean   [L]       -0.33410E+04 -0.33410E+04
 Top Flux [L/T]      0.64387E-04
 Bot Flux [L/T]     -0.68032E-11
 WatBalT  [L]        0.50664E-06
 WatBalR  [%]              0.000
----------------------------------------------------------

----------------------------------------------------------
 Time       [T]       55.0000
----------------------------------------------------------
 Sub-region num.                     1
----------------------------------------------------------
 Length   [L]        0.15000E+03  0.15000E+03
 W-volume [L]        0.32705E+02  0.32705E+02
 In-flow  [L/T]     -0.69916E-04 -0.69916E-04
 h Mean   [L]       -0.33410E+04 -0.33410E+04
 Top Flux [L/T]      0.62985E-04
 Bot Flux [L/T]     -0.67888E-11
 WatBalT  [L]       -0.15199E-05
 WatBalR  [%]              0.001
----------------------------------------------------------

----------------------------------------------------------
 Time       [T]       56.0000
----------------------------------------------------------
 Sub-region num.                     1
----------------------------------------------------------
 Length   [L]        0.15000E+03  0.15000E+03
 W-volume [L]        0.32705E+02  0.32705E+02
 In-flow  [L/T]     -0.68724E-04 -0.68724E-04
 h Mean   [L]       -0.33410E+04 -0.33410E+04
 Top Flux [L/T]      0.61661E-04
 Bot Flux [L/T]      0.00000E+00
 WatBalT  [L]        0.27269E-05
 WatBalR  [%]              0.001
----------------------------------------------------------

----------------------------------------------------------
 Time       [T]       57.0000
----------------------------------------------------------
 Sub-region num.                     1
----------------------------------------------------------
 Length   [L]        0.15000E+03  0.15000E+03
 W-volume [L]        0.32705E+02  0.32705E+02
 In-flow  [L/T]     -0.67532E-04 -0.67532E-04
 h Mean   [L]       -0.33410E+04 -0.33410E+04
 Top Flux [L/T]      0.60406E-04
 Bot Flux [L/T]     -0.67600E-11
 WatBalT  [L]        0.18775E-05
 WatBalR  [%]              0.001
----------------------------------------------------------

----------------------------------------------------------
 Time       [T]       58.0000
----------------------------------------------------------
 Sub-region num.                     1
----------------------------------------------------------
 Length   [L]        0.15000E+03  0.15000E+03
 W-volume [L]        0.32705E+02  0.32705E+02
 In-flow  [L/T]     -0.66221E-04 -0.66221E-04
 h Mean   [L]       -0.33410E+04 -0.33410E+04
 Top Flux [L/T]      0.59216E-04
 Bot Flux [L/T]      0.67457E-11
 WatBalT  [L]       -0.19372E-06
 WatBalR  [%]              0.000
----------------------------------------------------------

----------------------------------------------------------
 Time       [T]       59.0000
----------------------------------------------------------
 Sub-region num.                     1
----------------------------------------------------------
 Length   [L]        0.15000E+03  0.15000E+03
 W-volume [L]        0.32705E+02  0.32705E+02
 In-flow  [L/T]     -0.65088E-04 -0.65088E-04
 h Mean   [L]       -0.33410E+04 -0.33410E+04
 Top Flux [L/T]      0.58087E-04
 Bot Flux [L/T]      0.00000E+00
 WatBalT  [L]        0.42021E-05
 WatBalR  [%]              0.002
----------------------------------------------------------

----------------------------------------------------------
 Time       [T]       60.0000
----------------------------------------------------------
 Sub-region num.                     1
----------------------------------------------------------
 Length   [L]        0.15000E+03  0.15000E+03
 W-volume [L]        0.32705E+02  0.32705E+02
 In-flow  [L/T]     -0.64015E-04 -0.64015E-04
 h Mean   [L]       -0.33410E+04 -0.33410E+04
 Top Flux [L/T]      0.57012E-04
 Bot Flux [L/T]      0.67171E-11
 WatBalT  [L]        0.36806E-05
 WatBalR  [%]              0.002
----------------------------------------------------------

----------------------------------------------------------
 Time       [T]       61.0000
----------------------------------------------------------
 Sub-region num.                     1
----------------------------------------------------------
 Length   [L]        0.15000E+03  0.15000E+03
 W-volume [L]        0.32705E+02  0.32705E+02
 In-flow  [L/T]     -0.63092E-04 -0.63092E-04
 h Mean   [L]       -0.33410E+04 -0.33410E+04
 Top Flux [L/T]      0.55988E-04
 Bot Flux [L/T]      0.00000E+00
 WatBalT  [L]        0.21160E-05
 WatBalR  [%]              0.001
----------------------------------------------------------

----------------------------------------------------------
 Time       [T]       62.0000
----------------------------------------------------------
 Sub-region num.                     1
----------------------------------------------------------
 Length   [L]        0.15000E+03  0.15000E+03
 W-volume [L]        0.32705E+02  0.32705E+02
 In-flow  [L/T]     -0.61810E-04 -0.61810E-04
 h Mean   [L]       -0.33410E+04 -0.33410E+04
 Top Flux [L/T]      0.55010E-04
 Bot Flux [L/T]      0.00000E+00
 WatBalT  [L]        0.33528E-05
 WatBalR  [%]              0.001
----------------------------------------------------------

----------------------------------------------------------
 Time       [T]       63.0000
----------------------------------------------------------
 Sub-region num.                     1
----------------------------------------------------------
 Length   [L]        0.15000E+03  0.15000E+03
 W-volume [L]        0.32705E+02  0.32705E+02
 In-flow  [L/T]     -0.61005E-04 -0.61005E-04
 h Mean   [L]       -0.33410E+04 -0.33410E+04
 Top Flux [L/T]      0.54073E-04
 Bot Flux [L/T]      0.00000E+00
 WatBalT  [L]        0.36210E-05
 WatBalR  [%]              0.002
----------------------------------------------------------

----------------------------------------------------------
 Time       [T]       64.0000
----------------------------------------------------------
 Sub-region num.                     1
----------------------------------------------------------
 Length   [L]        0.15000E+03  0.15000E+03
 W-volume [L]        0.32705E+02  0.32705E+02
 In-flow  [L/T]     -0.59992E-04 -0.59992E-04
 h Mean   [L]       -0.33410E+04 -0.33410E+04
 Top Flux [L/T]      0.53177E-04
 Bot Flux [L/T]     -0.66604E-11
 WatBalT  [L]        0.29653E-05
 WatBalR  [%]              0.001
----------------------------------------------------------

----------------------------------------------------------
 Time       [T]       65.0000
----------------------------------------------------------
 Sub-region num.                     1
----------------------------------------------------------
 Length   [L]        0.15000E+03  0.15000E+03
 W-volume [L]        0.32705E+02  0.32705E+02
 In-flow  [L/T]     -0.59128E-04 -0.59128E-04
 h Mean   [L]       -0.33410E+04 -0.33410E+04
 Top Flux [L/T]      0.52317E-04
 Bot Flux [L/T]     -0.66463E-11
 WatBalT  [L]        0.14305E-05
 WatBalR  [%]              0.001
----------------------------------------------------------

----------------------------------------------------------
 Time       [T]       66.0000
----------------------------------------------------------
 Sub-region num.                     1
----------------------------------------------------------
 Length   [L]        0.15000E+03  0.15000E+03
 W-volume [L]        0.32705E+02  0.32705E+02
 In-flow  [L/T]     -0.58085E-04 -0.58085E-04
 h Mean   [L]       -0.33410E+04 -0.33410E+04
 Top Flux [L/T]      0.51491E-04
 Bot Flux [L/T]     -0.66321E-11
 WatBalT  [L]        0.28610E-05
 WatBalR  [%]              0.001
----------------------------------------------------------

----------------------------------------------------------
 Time       [T]       67.0000
----------------------------------------------------------
 Sub-region num.                     1
----------------------------------------------------------
 Length   [L]        0.15000E+03  0.15000E+03
 W-volume [L]        0.32705E+02  0.32705E+02
 In-flow  [L/T]     -0.57518E-04 -0.57518E-04
 h Mean   [L]       -0.33410E+04 -0.33410E+04
 Top Flux [L/T]      0.50694E-04
 Bot Flux [L/T]     -0.66181E-11
 WatBalT  [L]       -0.34273E-06
 WatBalR  [%]              0.000
----------------------------------------------------------

----------------------------------------------------------
 Time       [T]       68.0000
----------------------------------------------------------
 Sub-region num.                     1
----------------------------------------------------------
 Length   [L]        0.15000E+03  0.15000E+03
 W-volume [L]        0.32705E+02  0.32705E+02
 In-flow  [L/T]     -0.56803E-04 -0.56803E-04
 h Mean   [L]       -0.33410E+04 -0.33410E+04
 Top Flux [L/T]      0.49926E-04
 Bot Flux [L/T]     -0.66041E-11
 WatBalT  [L]       -0.52154E-06
 WatBalR  [%]              0.000
----------------------------------------------------------

----------------------------------------------------------
 Time       [T]       69.0000
----------------------------------------------------------
 Sub-region num.                     1
----------------------------------------------------------
 Length   [L]        0.15000E+03  0.15000E+03
 W-volume [L]        0.32704E+02  0.32704E+02
 In-flow  [L/T]     -0.55999E-04 -0.55999E-04
 h Mean   [L]       -0.33410E+04 -0.33410E+04
 Top Flux [L/T]      0.49189E-04
 Bot Flux [L/T]     -0.65901E-11
 WatBalT  [L]        0.23693E-05
 WatBalR  [%]              0.001
----------------------------------------------------------

----------------------------------------------------------
 Time       [T]       70.0000
----------------------------------------------------------
 Sub-region num.                     1
----------------------------------------------------------
 Length   [L]        0.15000E+03  0.15000E+03
 W-volume [L]        0.32704E+02  0.32704E+02
 In-flow  [L/T]     -0.55373E-04 -0.55373E-04
 h Mean   [L]       -0.33410E+04 -0.33410E+04
 Top Flux [L/T]      0.48477E-04
 Bot Flux [L/T]     -0.65761E-11
 WatBalT  [L]        0.45151E-05
 WatBalR  [%]              0.002
----------------------------------------------------------

----------------------------------------------------------
 Time       [T]       71.0000
----------------------------------------------------------
 Sub-region num.                     1
----------------------------------------------------------
 Length   [L]        0.15000E+03  0.15000E+03
 W-volume [L]        0.32704E+02  0.32704E+02
 In-flow  [L/T]     -0.54657E-04 -0.54657E-04
 h Mean   [L]       -0.33410E+04 -0.33410E+04
 Top Flux [L/T]      0.47786E-04
 Bot Flux [L/T]      0.65622E-11
 WatBalT  [L]        0.59456E-05
 WatBalR  [%]              0.003
----------------------------------------------------------

----------------------------------------------------------
 Time       [T]       72.0000
----------------------------------------------------------
 Sub-region num.                     1
----------------------------------------------------------
 Length   [L]        0.15000E+03  0.15000E+03
 W-volume [L]        0.32704E+02  0.32704E+02
 In-flow  [L/T]     -0.54121E-04 -0.54121E-04
 h Mean   [L]       -0.33410E+04 -0.33410E+04
 Top Flux [L/T]      0.47119E-04
 Bot Flux [L/T]      0.65482E-11
 WatBalT  [L]       -0.93877E-06
 WatBalR  [%]              0.000
----------------------------------------------------------

----------------------------------------------------------
 Time       [T]       73.0000
----------------------------------------------------------
 Sub-region num.                     1
----------------------------------------------------------
 Length   [L]        0.15000E+03  0.15000E+03
 W-volume [L]        0.32704E+02  0.32704E+02
 In-flow  [L/T]     -0.53316E-04 -0.53316E-04
 h Mean   [L]       -0.33410E+04 -0.33410E+04
 Top Flux [L/T]      0.46470E-04
 Bot Flux [L/T]     -0.65344E-11
 WatBalT  [L]       -0.86427E-06
 WatBalR  [%]              0.000
----------------------------------------------------------

----------------------------------------------------------
 Time       [T]       74.0000
----------------------------------------------------------
 Sub-region num.                     1
----------------------------------------------------------
 Length   [L]        0.15000E+03  0.15000E+03
 W-volume [L]        0.32704E+02  0.32704E+02
 In-flow  [L/T]     -0.52691E-04 -0.52691E-04
 h Mean   [L]       -0.33410E+04 -0.33410E+04
 Top Flux [L/T]      0.45842E-04
 Bot Flux [L/T]     -0.65205E-11
 WatBalT  [L]        0.23842E-05
 WatBalR  [%]              0.001
----------------------------------------------------------

----------------------------------------------------------
 Time       [T]       75.0000
----------------------------------------------------------
 Sub-region num.                     1
----------------------------------------------------------
 Length   [L]        0.15000E+03  0.15000E+03
 W-volume [L]        0.32704E+02  0.32704E+02
 In-flow  [L/T]     -0.52005E-04 -0.52005E-04
 h Mean   [L]       -0.33410E+04 -0.33410E+04
 Top Flux [L/T]      0.45232E-04
 Bot Flux [L/T]     -0.65067E-11
 WatBalT  [L]        0.11921E-05
 WatBalR  [%]              0.001
----------------------------------------------------------

----------------------------------------------------------
 Time       [T]       76.0000
----------------------------------------------------------
 Sub-region num.                     1
----------------------------------------------------------
 Length   [L]        0.15000E+03  0.15000E+03
 W-volume [L]        0.32704E+02  0.32704E+02
 In-flow  [L/T]     -0.51349E-04 -0.51349E-04
 h Mean   [L]       -0.33410E+04 -0.33410E+04
 Top Flux [L/T]      0.44638E-04
 Bot Flux [L/T]      0.64929E-11
 WatBalT  [L]       -0.61095E-06
 WatBalR  [%]              0.000
----------------------------------------------------------

----------------------------------------------------------
 Time       [T]       77.0000
----------------------------------------------------------
 Sub-region num.                     1
----------------------------------------------------------
 Length   [L]        0.15000E+03  0.15000E+03
 W-volume [L]        0.32704E+02  0.32704E+02
 In-flow  [L/T]     -0.50932E-04 -0.50932E-04
 h Mean   [L]       -0.33410E+04 -0.33410E+04
 Top Flux [L/T]      0.44062E-04
 Bot Flux [L/T]      0.64792E-11
 WatBalT  [L]        0.78976E-06
 WatBalR  [%]              0.000
----------------------------------------------------------

----------------------------------------------------------
 Time       [T]       78.0000
----------------------------------------------------------
 Sub-region num.                     1
----------------------------------------------------------
 Length   [L]        0.15000E+03  0.15000E+03
 W-volume [L]        0.32704E+02  0.32704E+02
 In-flow  [L/T]     -0.50247E-04 -0.50247E-04
 h Mean   [L]       -0.33410E+04 -0.33410E+04
 Top Flux [L/T]      0.43502E-04
 Bot Flux [L/T]     -0.64655E-11
 WatBalT  [L]        0.54389E-05
 WatBalR  [%]              0.002
----------------------------------------------------------

----------------------------------------------------------
 Time       [T]       79.0000
----------------------------------------------------------
 Sub-region num.                     1
----------------------------------------------------------
 Length   [L]        0.15000E+03  0.15000E+03
 W-volume [L]        0.32704E+02  0.32704E+02
 In-flow  [L/T]     -0.49680E-04 -0.49680E-04
 h Mean   [L]       -0.33410E+04 -0.33410E+04
 Top Flux [L/T]      0.42953E-04
 Bot Flux [L/T]      0.64518E-11
 WatBalT  [L]        0.18775E-05
 WatBalR  [%]              0.001
----------------------------------------------------------

----------------------------------------------------------
 Time       [T]       80.0000
----------------------------------------------------------
 Sub-region num.                     1
----------------------------------------------------------
 Length   [L]        0.15000E+03  0.15000E+03
 W-volume [L]        0.32704E+02  0.32704E+02
 In-flow  [L/T]     -0.49233E-04 -0.49233E-04
 h Mean   [L]       -0.33410E+04 -0.33410E+04
 Top Flux [L/T]      0.42422E-04
 Bot Flux [L/T]      0.64381E-11
 WatBalT  [L]        0.15795E-05
 WatBalR  [%]              0.001
----------------------------------------------------------

----------------------------------------------------------
 Time       [T]       81.0000
----------------------------------------------------------
 Sub-region num.                     1
----------------------------------------------------------
 Length   [L]        0.15000E+03  0.15000E+03
 W-volume [L]        0.32704E+02  0.32704E+02
 In-flow  [L/T]     -0.48399E-04 -0.48399E-04
 h Mean   [L]       -0.33410E+04 -0.33410E+04
 Top Flux [L/T]      0.41902E-04
 Bot Flux [L/T]     -0.64245E-11
 WatBalT  [L]        0.75996E-06
 WatBalR  [%]              0.000
----------------------------------------------------------

----------------------------------------------------------
 Time       [T]       82.0000
----------------------------------------------------------
 Sub-region num.                     1
----------------------------------------------------------
 Length   [L]        0.15000E+03  0.15000E+03
 W-volume [L]        0.32704E+02  0.32704E+02
 In-flow  [L/T]     -0.48041E-04 -0.48041E-04
 h Mean   [L]       -0.33410E+04 -0.33410E+04
 Top Flux [L/T]      0.41398E-04
 Bot Flux [L/T]      0.64109E-11
 WatBalT  [L]       -0.56624E-06
 WatBalR  [%]              0.000
----------------------------------------------------------

----------------------------------------------------------
 Time       [T]       83.0000
----------------------------------------------------------
 Sub-region num.                     1
----------------------------------------------------------
 Length   [L]        0.15000E+03  0.15000E+03
 W-volume [L]        0.32704E+02  0.32704E+02
 In-flow  [L/T]     -0.47624E-04 -0.47624E-04
 h Mean   [L]       -0.33410E+04 -0.33410E+04
 Top Flux [L/T]      0.40903E-04
 Bot Flux [L/T]      0.63973E-11
 WatBalT  [L]        0.13858E-05
 WatBalR  [%]              0.001
----------------------------------------------------------

----------------------------------------------------------
 Time       [T]       84.0000
----------------------------------------------------------
 Sub-region num.                     1
----------------------------------------------------------
 Length   [L]        0.15000E+03  0.15000E+03
 W-volume [L]        0.32704E+02  0.32704E+02
 In-flow  [L/T]     -0.47088E-04 -0.47088E-04
 h Mean   [L]       -0.33410E+04 -0.33410E+04
 Top Flux [L/T]      0.40416E-04
 Bot Flux [L/T]     -0.63837E-11
 WatBalT  [L]       -0.96858E-06
 WatBalR  [%]              0.000
----------------------------------------------------------

----------------------------------------------------------
 Time       [T]       85.0000
----------------------------------------------------------
 Sub-region num.                     1
----------------------------------------------------------
 Length   [L]        0.15000E+03  0.15000E+03
 W-volume [L]        0.32704E+02  0.32704E+02
 In-flow  [L/T]     -0.46700E-04 -0.46700E-04
 h Mean   [L]       -0.33410E+04 -0.33410E+04
 Top Flux [L/T]      0.39939E-04
 Bot Flux [L/T]      0.63702E-11
 WatBalT  [L]       -0.14901E-07
 WatBalR  [%]              0.000
----------------------------------------------------------

----------------------------------------------------------
 Time       [T]       86.0000
----------------------------------------------------------
 Sub-region num.                     1
----------------------------------------------------------
 Length   [L]        0.15000E+03  0.15000E+03
 W-volume [L]        0.32704E+02  0.32704E+02
 In-flow  [L/T]     -0.45925E-04 -0.45925E-04
 h Mean   [L]       -0.33410E+04 -0.33410E+04
 Top Flux [L/T]      0.39477E-04
 Bot Flux [L/T]      0.00000E+00
 WatBalT  [L]        0.47684E-06
 WatBalR  [%]              0.000
----------------------------------------------------------

----------------------------------------------------------
 Time       [T]       87.0000
----------------------------------------------------------
 Sub-region num.                     1
----------------------------------------------------------
 Length   [L]        0.15000E+03  0.15000E+03
 W-volume [L]        0.32704E+02  0.32704E+02
 In-flow  [L/T]     -0.45627E-04 -0.45627E-04
 h Mean   [L]       -0.33410E+04 -0.33410E+04
 Top Flux [L/T]      0.39024E-04
 Bot Flux [L/T]      0.00000E+00
 WatBalT  [L]        0.47684E-06
 WatBalR  [%]              0.000
----------------------------------------------------------

----------------------------------------------------------
 Time       [T]       88.0000
----------------------------------------------------------
 Sub-region num.                     1
----------------------------------------------------------
 Length   [L]        0.15000E+03  0.15000E+03
 W-volume [L]        0.32704E+02  0.32704E+02
 In-flow  [L/T]     -0.45270E-04 -0.45270E-04
 h Mean   [L]       -0.33410E+04 -0.33410E+04
 Top Flux [L/T]      0.38577E-04
 Bot Flux [L/T]      0.00000E+00
 WatBalT  [L]        0.29802E-07
 WatBalR  [%]              0.000
----------------------------------------------------------

----------------------------------------------------------
 Time       [T]       89.0000
----------------------------------------------------------
 Sub-region num.                     1
----------------------------------------------------------
 Length   [L]        0.15000E+03  0.15000E+03
 W-volume [L]        0.32703E+02  0.32703E+02
 In-flow  [L/T]     -0.44912E-04 -0.44912E-04
 h Mean   [L]       -0.33410E+04 -0.33410E+04
 Top Flux [L/T]      0.38144E-04
 Bot Flux [L/T]     -0.63164E-11
 WatBalT  [L]        0.29355E-05
 WatBalR  [%]              0.001
----------------------------------------------------------

----------------------------------------------------------
 Time       [T]       90.0000
----------------------------------------------------------
 Sub-region num.                     1
----------------------------------------------------------
 Length   [L]        0.15000E+03  0.15000E+03
 W-volume [L]        0.32703E+02  0.32703E+02
 In-flow  [L/T]     -0.44525E-04 -0.44525E-04
 h Mean   [L]       -0.33410E+04 -0.33410E+04
 Top Flux [L/T]      0.37719E-04
 Bot Flux [L/T]      0.63030E-11
 WatBalT  [L]        0.16093E-05
 WatBalR  [%]              0.001
----------------------------------------------------------

----------------------------------------------------------
 Time       [T]       91.0000
----------------------------------------------------------
 Sub-region num.                     1
----------------------------------------------------------
 Length   [L]        0.15000E+03  0.15000E+03
 W-volume [L]        0.32576E+02  0.32576E+02
 In-flow  [L/T]     -0.25401E+00 -0.25401E+00
 h Mean   [L]       -0.32290E+04 -0.32290E+04
 Top Flux [L/T]      0.44138E-14
 Bot Flux [L/T]      0.00000E+00
 WatBalT  [L]        0.12700E+00
 WatBalR  [%]             26.236
----------------------------------------------------------

----------------------------------------------------------
 Time       [T]       92.0000
----------------------------------------------------------
 Sub-region num.                     1
----------------------------------------------------------
 Length   [L]        0.15000E+03  0.15000E+03
 W-volume [L]        0.32334E+02  0.32334E+02
 In-flow  [L/T]     -0.23115E+00 -0.23115E+00
 h Mean   [L]       -0.32280E+04 -0.32280E+04
 Top Flux [L/T]      0.15582E-25
 Bot Flux [L/T]      0.00000E+00
 WatBalT  [L]        0.11557E+00
 WatBalR  [%]             16.159
----------------------------------------------------------

----------------------------------------------------------
 Time       [T]       93.0000
----------------------------------------------------------
 Sub-region num.                     1
----------------------------------------------------------
 Length   [L]        0.15000E+03  0.15000E+03
 W-volume [L]        0.32164E+02  0.32164E+02
 In-flow  [L/T]     -0.10923E+00 -0.10923E+00
 h Mean   [L]       -0.32285E+04 -0.32285E+04
 Top Flux [L/T]      0.96551E-31
 Bot Flux [L/T]      0.00000E+00
 WatBalT  [L]        0.54613E-01
 WatBalR  [%]              6.624
----------------------------------------------------------

----------------------------------------------------------
 Time       [T]       94.0000
----------------------------------------------------------
 Sub-region num.                     1
----------------------------------------------------------
 Length   [L]        0.15000E+03  0.15000E+03
 W-volume [L]        0.32076E+02  0.32076E+02
 In-flow  [L/T]     -0.66047E-01 -0.66047E-01
 h Mean   [L]       -0.32290E+04 -0.32290E+04
 Top Flux [L/T]      0.96549E-31
 Bot Flux [L/T]      0.00000E+00
 WatBalT  [L]        0.33021E-01
 WatBalR  [%]              3.708
----------------------------------------------------------

----------------------------------------------------------
 Time       [T]       95.0000
----------------------------------------------------------
 Sub-region num.                     1
----------------------------------------------------------
 Length   [L]        0.15000E+03  0.15000E+03
 W-volume [L]        0.31962E+02  0.31962E+02
 In-flow  [L/T]     -0.16257E+00 -0.16257E+00
 h Mean   [L]       -0.32296E+04 -0.32296E+04
 Top Flux [L/T]      0.96546E-31
 Bot Flux [L/T]      0.00000E+00
 WatBalT  [L]        0.81280E-01
 WatBalR  [%]              7.718
----------------------------------------------------------

----------------------------------------------------------
 Time       [T]       96.0000
----------------------------------------------------------
 Sub-region num.                     1
----------------------------------------------------------
 Length   [L]        0.15000E+03  0.15000E+03
 W-volume [L]        0.31714E+02  0.31714E+02
 In-flow  [L/T]     -0.33275E+00 -0.33275E+00
 h Mean   [L]       -0.32317E+04 -0.32317E+04
 Top Flux [L/T]      0.96534E-31
 Bot Flux [L/T]      0.62232E-11
 WatBalT  [L]        0.16637E+00
 WatBalR  [%]             12.005
----------------------------------------------------------

----------------------------------------------------------
 Time       [T]       97.0000
----------------------------------------------------------
 Sub-region num.                     1
----------------------------------------------------------
 Length   [L]        0.15000E+03  0.15000E+03
 W-volume [L]        0.31364E+02  0.31364E+02
 In-flow  [L/T]     -0.36699E+00 -0.36699E+00
 h Mean   [L]       -0.32380E+04 -0.32380E+04
 Top Flux [L/T]      0.96487E-31
 Bot Flux [L/T]     -0.62100E-11
 WatBalT  [L]        0.16684E+00
 WatBalR  [%]              9.610
----------------------------------------------------------

----------------------------------------------------------
 Time       [T]       98.0000
----------------------------------------------------------
 Sub-region num.                     1
----------------------------------------------------------
 Length   [L]        0.15000E+03  0.15000E+03
 W-volume [L]        0.31053E+02  0.31053E+02
 In-flow  [L/T]     -0.28888E+00 -0.28888E+00
 h Mean   [L]       -0.32494E+04 -0.32494E+04
 Top Flux [L/T]      0.96433E-31
 Bot Flux [L/T]      0.00000E+00
 WatBalT  [L]        0.12701E+00
 WatBalR  [%]              6.327
----------------------------------------------------------

----------------------------------------------------------
 Time       [T]       99.0000
----------------------------------------------------------
 Sub-region num.                     1
----------------------------------------------------------
 Length   [L]        0.15000E+03  0.15000E+03
 W-volume [L]        0.30798E+02  0.30798E+02
 In-flow  [L/T]     -0.25491E+00 -0.25491E+00
 h Mean   [L]       -0.32611E+04 -0.32611E+04
 Top Flux [L/T]      0.96411E-31
 Bot Flux [L/T]      0.61838E-11
 WatBalT  [L]        0.10821E+00
 WatBalR  [%]              4.824
----------------------------------------------------------

----------------------------------------------------------
 Time       [T]      100.0000
----------------------------------------------------------
 Sub-region num.                     1
----------------------------------------------------------
 Length   [L]        0.15000E+03  0.15000E+03
 W-volume [L]        0.30582E+02  0.30582E+02
 In-flow  [L/T]     -0.21732E+00 -0.21732E+00
 h Mean   [L]       -0.32717E+04 -0.32717E+04
 Top Flux [L/T]      0.96405E-31
 Bot Flux [L/T]     -0.61707E-11
 WatBalT  [L]        0.91711E-01
 WatBalR  [%]              3.753
----------------------------------------------------------

----------------------------------------------------------
 Time       [T]      101.0000
----------------------------------------------------------
 Sub-region num.                     1
----------------------------------------------------------
 Length   [L]        0.15000E+03  0.15000E+03
 W-volume [L]        0.30421E+02  0.30421E+02
 In-flow  [L/T]     -0.13674E+00 -0.13674E+00
 h Mean   [L]       -0.32808E+04 -0.32808E+04
 Top Flux [L/T]      0.96403E-31
 Bot Flux [L/T]      0.00000E+00
 WatBalT  [L]        0.60967E-01
 WatBalR  [%]              2.369
----------------------------------------------------------

----------------------------------------------------------
 Time       [T]      102.0000
----------------------------------------------------------
 Sub-region num.                     1
----------------------------------------------------------
 Length   [L]        0.15000E+03  0.15000E+03
 W-volume [L]        0.30336E+02  0.30336E+02
 In-flow  [L/T]     -0.48723E-01 -0.48723E-01
 h Mean   [L]       -0.32864E+04 -0.32864E+04
 Top Flux [L/T]      0.96403E-31
 Bot Flux [L/T]      0.00000E+00
 WatBalT  [L]        0.22051E-01
 WatBalR  [%]              0.842
----------------------------------------------------------

----------------------------------------------------------
 Time       [T]      103.0000
----------------------------------------------------------
 Sub-region num.                     1
----------------------------------------------------------
 Length   [L]        0.15000E+03  0.15000E+03
 W-volume [L]        0.30303E+02  0.30303E+02
 In-flow  [L/T]     -0.21318E-01 -0.21318E-01
 h Mean   [L]       -0.32891E+04 -0.32891E+04
 Top Flux [L/T]      0.96403E-31
 Bot Flux [L/T]      0.00000E+00
 WatBalT  [L]        0.99659E-02
 WatBalR  [%]              0.377
----------------------------------------------------------

----------------------------------------------------------
 Time       [T]      104.0000
----------------------------------------------------------
 Sub-region num.                     1
----------------------------------------------------------
 Length   [L]        0.15000E+03  0.15000E+03
 W-volume [L]        0.30277E+02  0.30277E+02
 In-flow  [L/T]     -0.33356E-01 -0.33356E-01
 h Mean   [L]       -0.32913E+04 -0.32913E+04
 Top Flux [L/T]      0.96403E-31
 Bot Flux [L/T]      0.00000E+00
 WatBalT  [L]        0.14932E-01
 WatBalR  [%]              0.559
----------------------------------------------------------

----------------------------------------------------------
 Time       [T]      105.0000
----------------------------------------------------------
 Sub-region num.                     1
----------------------------------------------------------
 Length   [L]        0.15000E+03  0.15000E+03
 W-volume [L]        0.30240E+02  0.30240E+02
 In-flow  [L/T]     -0.43567E-01 -0.43567E-01
 h Mean   [L]       -0.32931E+04 -0.32931E+04
 Top Flux [L/T]      0.96403E-31
 Bot Flux [L/T]      0.61055E-11
 WatBalT  [L]        0.20821E-01
 WatBalR  [%]              0.767
----------------------------------------------------------

----------------------------------------------------------
 Time       [T]      106.0000
----------------------------------------------------------
 Sub-region num.                     1
----------------------------------------------------------
 Length   [L]        0.15000E+03  0.15000E+03
 W-volume [L]        0.30191E+02  0.30191E+02
 In-flow  [L/T]     -0.56332E-01 -0.56332E-01
 h Mean   [L]       -0.32951E+04 -0.32951E+04
 Top Flux [L/T]      0.96403E-31
 Bot Flux [L/T]     -0.60926E-11
 WatBalT  [L]        0.27586E-01
 WatBalR  [%]              0.996
----------------------------------------------------------

----------------------------------------------------------
 Time       [T]      107.0000
----------------------------------------------------------
 Sub-region num.                     1
----------------------------------------------------------
 Length   [L]        0.15000E+03  0.15000E+03
 W-volume [L]        0.30141E+02  0.30141E+02
 In-flow  [L/T]     -0.44066E-01 -0.44066E-01
 h Mean   [L]       -0.32980E+04 -0.32980E+04
 Top Flux [L/T]      0.96403E-31
 Bot Flux [L/T]     -0.60797E-11
 WatBalT  [L]        0.19541E-01
 WatBalR  [%]              0.695
----------------------------------------------------------

----------------------------------------------------------
 Time       [T]      108.0000
----------------------------------------------------------
 Sub-region num.                     1
----------------------------------------------------------
 Length   [L]        0.15000E+03  0.15000E+03
 W-volume [L]        0.30115E+02  0.30115E+02
 In-flow  [L/T]     -0.13183E-01 -0.13183E-01
 h Mean   [L]       -0.32999E+04 -0.32999E+04
 Top Flux [L/T]      0.96403E-31
 Bot Flux [L/T]      0.60668E-11
 WatBalT  [L]        0.62251E-02
 WatBalR  [%]              0.220
----------------------------------------------------------

----------------------------------------------------------
 Time       [T]      109.0000
----------------------------------------------------------
 Sub-region num.                     1
----------------------------------------------------------
 Length   [L]        0.15000E+03  0.15000E+03
 W-volume [L]        0.30103E+02  0.30103E+02
 In-flow  [L/T]     -0.11419E-01 -0.11419E-01
 h Mean   [L]       -0.33010E+04 -0.33010E+04
 Top Flux [L/T]      0.96403E-31
 Bot Flux [L/T]      0.60539E-11
 WatBalT  [L]        0.54121E-02
 WatBalR  [%]              0.191
----------------------------------------------------------

----------------------------------------------------------
 Time       [T]      110.0000
----------------------------------------------------------
 Sub-region num.                     1
----------------------------------------------------------
 Length   [L]        0.15000E+03  0.15000E+03
 W-volume [L]        0.30092E+02  0.30092E+02
 In-flow  [L/T]     -0.11285E-01 -0.11285E-01
 h Mean   [L]       -0.33017E+04 -0.33017E+04
 Top Flux [L/T]      0.96403E-31
 Bot Flux [L/T]     -0.60411E-11
 WatBalT  [L]        0.54121E-02
 WatBalR  [%]              0.190
----------------------------------------------------------

----------------------------------------------------------
 Time       [T]      111.0000
----------------------------------------------------------
 Sub-region num.                     1
----------------------------------------------------------
 Length   [L]        0.15000E+03  0.15000E+03
 W-volume [L]        0.30083E+02  0.30083E+02
 In-flow  [L/T]     -0.87562E-02 -0.87562E-02
 h Mean   [L]       -0.33021E+04 -0.33021E+04
 Top Flux [L/T]      0.96403E-31
 Bot Flux [L/T]      0.00000E+00
 WatBalT  [L]        0.42787E-02
 WatBalR  [%]              0.150
----------------------------------------------------------

----------------------------------------------------------
 Time       [T]      112.0000
----------------------------------------------------------
 Sub-region num.                     1
----------------------------------------------------------
 Length   [L]        0.15000E+03  0.15000E+03
 W-volume [L]        0.30070E+02  0.30070E+02
 In-flow  [L/T]     -0.15711E-01 -0.15711E-01
 h Mean   [L]       -0.33026E+04 -0.33026E+04
 Top Flux [L/T]      0.96403E-31
 Bot Flux [L/T]      0.00000E+00
 WatBalT  [L]        0.76470E-02
 WatBalR  [%]              0.266
----------------------------------------------------------

----------------------------------------------------------
 Time       [T]      113.0000
----------------------------------------------------------
 Sub-region num.                     1
----------------------------------------------------------
 Length   [L]        0.15000E+03  0.15000E+03
 W-volume [L]        0.30054E+02  0.30054E+02
 In-flow  [L/T]     -0.18015E-01 -0.18015E-01
 h Mean   [L]       -0.33032E+04 -0.33032E+04
 Top Flux [L/T]      0.96403E-31
 Bot Flux [L/T]      0.00000E+00
 WatBalT  [L]        0.89059E-02
 WatBalR  [%]              0.308
----------------------------------------------------------

----------------------------------------------------------
 Time       [T]      114.0000
----------------------------------------------------------
 Sub-region num.                     1
----------------------------------------------------------
 Length   [L]        0.15000E+03  0.15000E+03
 W-volume [L]        0.30035E+02  0.30035E+02
 In-flow  [L/T]     -0.19300E-01 -0.19300E-01
 h Mean   [L]       -0.33037E+04 -0.33037E+04
 Top Flux [L/T]      0.96403E-31
 Bot Flux [L/T]      0.00000E+00
 WatBalT  [L]        0.96242E-02
 WatBalR  [%]              0.331
----------------------------------------------------------

----------------------------------------------------------
 Time       [T]      115.0000
----------------------------------------------------------
 Sub-region num.                     1
----------------------------------------------------------
 Length   [L]        0.15000E+03  0.15000E+03
 W-volume [L]        0.30013E+02  0.30013E+02
 In-flow  [L/T]     -0.24609E-01 -0.24609E-01
 h Mean   [L]       -0.33046E+04 -0.33046E+04
 Top Flux [L/T]      0.96403E-31
 Bot Flux [L/T]     -0.59773E-11
 WatBalT  [L]        0.12296E-01
 WatBalR  [%]              0.419
----------------------------------------------------------

----------------------------------------------------------
 Time       [T]      116.0000
----------------------------------------------------------
 Sub-region num.                     1
----------------------------------------------------------
 Length   [L]        0.15000E+03  0.15000E+03
 W-volume [L]        0.29989E+02  0.29989E+02
 In-flow  [L/T]     -0.24682E-01 -0.24682E-01
 h Mean   [L]       -0.33060E+04 -0.33060E+04
 Top Flux [L/T]      0.96403E-31
 Bot Flux [L/T]     -0.59647E-11
 WatBalT  [L]        0.11399E-01
 WatBalR  [%]              0.386
----------------------------------------------------------

----------------------------------------------------------
 Time       [T]      117.0000
----------------------------------------------------------
 Sub-region num.                     1
----------------------------------------------------------
 Length   [L]        0.15000E+03  0.15000E+03
 W-volume [L]        0.29970E+02  0.29970E+02
 In-flow  [L/T]     -0.14420E-01 -0.14420E-01
 h Mean   [L]       -0.33074E+04 -0.33074E+04
 Top Flux [L/T]      0.96403E-31
 Bot Flux [L/T]     -0.59520E-11
 WatBalT  [L]        0.66934E-02
 WatBalR  [%]              0.225
----------------------------------------------------------

----------------------------------------------------------
 Time       [T]      118.0000
----------------------------------------------------------
 Sub-region num.                     1
----------------------------------------------------------
 Length   [L]        0.15000E+03  0.15000E+03
 W-volume [L]        0.29954E+02  0.29954E+02
 In-flow  [L/T]     -0.17614E-01 -0.17614E-01
 h Mean   [L]       -0.33090E+04 -0.33090E+04
 Top Flux [L/T]      0.96403E-31
 Bot Flux [L/T]      0.00000E+00
 WatBalT  [L]        0.77617E-02
 WatBalR  [%]              0.260
----------------------------------------------------------

----------------------------------------------------------
 Time       [T]      119.0000
----------------------------------------------------------
 Sub-region num.                     1
----------------------------------------------------------
 Length   [L]        0.15000E+03  0.15000E+03
 W-volume [L]        0.29940E+02  0.29940E+02
 In-flow  [L/T]     -0.12970E-01 -0.12970E-01
 h Mean   [L]       -0.33104E+04 -0.33104E+04
 Top Flux [L/T]      0.96403E-31
 Bot Flux [L/T]      0.59268E-11
 WatBalT  [L]        0.57404E-02
 WatBalR  [%]              0.191
----------------------------------------------------------

----------------------------------------------------------
 Time       [T]      120.0000
----------------------------------------------------------
 Sub-region num.                     1
----------------------------------------------------------
 Length   [L]        0.15000E+03  0.15000E+03
 W-volume [L]        0.29929E+02  0.29929E+02
 In-flow  [L/T]     -0.11694E-01 -0.11694E-01
 h Mean   [L]       -0.33112E+04 -0.33112E+04
 Top Flux [L/T]      0.96403E-31
 Bot Flux [L/T]      0.59143E-11
 WatBalT  [L]        0.54257E-02
 WatBalR  [%]              0.180
----------------------------------------------------------

----------------------------------------------------------
 Time       [T]      121.0000
----------------------------------------------------------
 Sub-region num.                     1
----------------------------------------------------------
 Length   [L]        0.15000E+03  0.15000E+03
 W-volume [L]        0.29882E+02  0.29882E+02
 In-flow  [L/T]     -0.82716E-01 -0.82716E-01
 h Mean   [L]       -0.33119E+04 -0.33119E+04
 Top Flux [L/T]      0.96403E-31
 Bot Flux [L/T]      0.59018E-11
 WatBalT  [L]        0.71345E-01
 WatBalR  [%]              2.285
----------------------------------------------------------

----------------------------------------------------------
 Time       [T]      122.0000
----------------------------------------------------------
 Sub-region num.                     1
----------------------------------------------------------
 Length   [L]        0.15000E+03  0.15000E+03
 W-volume [L]        0.29747E+02  0.29747E+02
 In-flow  [L/T]     -0.12683E+00 -0.12683E+00
 h Mean   [L]       -0.33127E+04 -0.33127E+04
 Top Flux [L/T]      0.96403E-31
 Bot Flux [L/T]      0.58892E-11
 WatBalT  [L]        0.63357E-01
 WatBalR  [%]              1.950
----------------------------------------------------------

----------------------------------------------------------
 Time       [T]      123.0000
----------------------------------------------------------
 Sub-region num.                     1
----------------------------------------------------------
 Length   [L]        0.15000E+03  0.15000E+03
 W-volume [L]        0.29619E+02  0.29619E+02
 In-flow  [L/T]     -0.13031E+00 -0.13031E+00
 h Mean   [L]       -0.33135E+04 -0.33135E+04
 Top Flux [L/T]      0.96403E-31
 Bot Flux [L/T]      0.58768E-11
 WatBalT  [L]        0.65144E-01
 WatBalR  [%]              1.927
----------------------------------------------------------

----------------------------------------------------------
 Time       [T]      124.0000
----------------------------------------------------------
 Sub-region num.                     1
----------------------------------------------------------
 Length   [L]        0.15000E+03  0.15000E+03
 W-volume [L]        0.29482E+02  0.29482E+02
 In-flow  [L/T]     -0.14305E+00 -0.14305E+00
 h Mean   [L]       -0.33146E+04 -0.33146E+04
 Top Flux [L/T]      0.96403E-31
 Bot Flux [L/T]      0.58643E-11
 WatBalT  [L]        0.71518E-01
 WatBalR  [%]              2.030
----------------------------------------------------------

----------------------------------------------------------
 Time       [T]      125.0000
----------------------------------------------------------
 Sub-region num.                     1
----------------------------------------------------------
 Length   [L]        0.15000E+03  0.15000E+03
 W-volume [L]        0.29368E+02  0.29368E+02
 In-flow  [L/T]     -0.85648E-01 -0.85648E-01
 h Mean   [L]       -0.33158E+04 -0.33158E+04
 Top Flux [L/T]      0.96403E-31
 Bot Flux [L/T]      0.58519E-11
 WatBalT  [L]        0.42822E-01
 WatBalR  [%]              1.187
----------------------------------------------------------

----------------------------------------------------------
 Time       [T]      126.0000
----------------------------------------------------------
 Sub-region num.                     1
----------------------------------------------------------
 Length   [L]        0.15000E+03  0.15000E+03
 W-volume [L]        0.29308E+02  0.29308E+02
 In-flow  [L/T]     -0.33716E-01 -0.33716E-01
 h Mean   [L]       -0.33166E+04 -0.33166E+04
 Top Flux [L/T]      0.96403E-31
 Bot Flux [L/T]      0.58395E-11
 WatBalT  [L]        0.16856E-01
 WatBalR  [%]              0.463
----------------------------------------------------------

----------------------------------------------------------
 Time       [T]      127.0000
----------------------------------------------------------
 Sub-region num.                     1
----------------------------------------------------------
 Length   [L]        0.15000E+03  0.15000E+03
 W-volume [L]        0.29239E+02  0.29239E+02
 In-flow  [L/T]     -0.10387E+00 -0.10387E+00
 h Mean   [L]       -0.33178E+04 -0.33178E+04
 Top Flux [L/T]      0.96403E-31
 Bot Flux [L/T]      0.58271E-11
 WatBalT  [L]        0.51494E-01
 WatBalR  [%]              1.375
----------------------------------------------------------

----------------------------------------------------------
 Time       [T]      128.0000
----------------------------------------------------------
 Sub-region num.                     1
----------------------------------------------------------
 Length   [L]        0.15000E+03  0.15000E+03
 W-volume [L]        0.29124E+02  0.29124E+02
 In-flow  [L/T]     -0.12670E+00 -0.12670E+00
 h Mean   [L]       -0.33204E+04 -0.33204E+04
 Top Flux [L/T]      0.96403E-31
 Bot Flux [L/T]      0.58148E-11
 WatBalT  [L]        0.61316E-01
 WatBalR  [%]              1.584
----------------------------------------------------------

----------------------------------------------------------
 Time       [T]      129.0000
----------------------------------------------------------
 Sub-region num.                     1
----------------------------------------------------------
 Length   [L]        0.15000E+03  0.15000E+03
 W-volume [L]        0.29019E+02  0.29019E+02
 In-flow  [L/T]     -0.88750E-01 -0.88750E-01
 h Mean   [L]       -0.33228E+04 -0.33228E+04
 Top Flux [L/T]      0.96403E-31
 Bot Flux [L/T]      0.00000E+00
 WatBalT  [L]        0.43181E-01
 WatBalR  [%]              1.091
----------------------------------------------------------

----------------------------------------------------------
 Time       [T]      130.0000
----------------------------------------------------------
 Sub-region num.                     1
----------------------------------------------------------
 Length   [L]        0.15000E+03  0.15000E+03
 W-volume [L]        0.28925E+02  0.28925E+02
 In-flow  [L/T]     -0.10038E+00 -0.10038E+00
 h Mean   [L]       -0.33242E+04 -0.33242E+04
 Top Flux [L/T]      0.96403E-31
 Bot Flux [L/T]     -0.57901E-11
 WatBalT  [L]        0.49499E-01
 WatBalR  [%]              1.220
----------------------------------------------------------

----------------------------------------------------------
 Time       [T]      131.0000
----------------------------------------------------------
 Sub-region num.                     1
----------------------------------------------------------
 Length   [L]        0.15000E+03  0.15000E+03
 W-volume [L]        0.28841E+02  0.28841E+02
 In-flow  [L/T]     -0.69262E-01 -0.69262E-01
 h Mean   [L]       -0.33251E+04 -0.33251E+04
 Top Flux [L/T]      0.96403E-31
 Bot Flux [L/T]     -0.57779E-11
 WatBalT  [L]        0.34416E-01
 WatBalR  [%]              0.834
----------------------------------------------------------

----------------------------------------------------------
 Time       [T]      132.0000
----------------------------------------------------------
 Sub-region num.                     1
----------------------------------------------------------
 Length   [L]        0.15000E+03  0.15000E+03
 W-volume [L]        0.28762E+02  0.28762E+02
 In-flow  [L/T]     -0.89941E-01 -0.89941E-01
 h Mean   [L]       -0.33258E+04 -0.33258E+04
 Top Flux [L/T]      0.96403E-31
 Bot Flux [L/T]     -0.57656E-11
 WatBalT  [L]        0.44868E-01
 WatBalR  [%]              1.064
----------------------------------------------------------

----------------------------------------------------------
 Time       [T]      133.0000
----------------------------------------------------------
 Sub-region num.                     1
----------------------------------------------------------
 Length   [L]        0.15000E+03  0.15000E+03
 W-volume [L]        0.28689E+02  0.28689E+02
 In-flow  [L/T]     -0.54721E-01 -0.54721E-01
 h Mean   [L]       -0.33264E+04 -0.33264E+04
 Top Flux [L/T]      0.96403E-31
 Bot Flux [L/T]     -0.57534E-11
 WatBalT  [L]        0.27344E-01
 WatBalR  [%]              0.640
----------------------------------------------------------

----------------------------------------------------------
 Time       [T]      134.0000
----------------------------------------------------------
 Sub-region num.                     1
----------------------------------------------------------
 Length   [L]        0.15000E+03  0.15000E+03
 W-volume [L]        0.28630E+02  0.28630E+02
 In-flow  [L/T]     -0.63800E-01 -0.63800E-01
 h Mean   [L]       -0.33269E+04 -0.33269E+04
 Top Flux [L/T]      0.96403E-31
 Bot Flux [L/T]      0.57412E-11
 WatBalT  [L]        0.31892E-01
 WatBalR  [%]              0.736
----------------------------------------------------------

----------------------------------------------------------
 Time       [T]      135.0000
----------------------------------------------------------
 Sub-region num.                     1
----------------------------------------------------------
 Length   [L]        0.15000E+03  0.15000E+03
 W-volume [L]        0.28534E+02  0.28534E+02
 In-flow  [L/T]     -0.12833E+00 -0.12833E+00
 h Mean   [L]       -0.33279E+04 -0.33279E+04
 Top Flux [L/T]      0.96403E-31
 Bot Flux [L/T]      0.57291E-11
 WatBalT  [L]        0.64156E-01
 WatBalR  [%]              1.437
----------------------------------------------------------

----------------------------------------------------------
 Time       [T]      136.0000
----------------------------------------------------------
 Sub-region num.                     1
----------------------------------------------------------
 Length   [L]        0.15000E+03  0.15000E+03
 W-volume [L]        0.28392E+02  0.28392E+02
 In-flow  [L/T]     -0.15489E+00 -0.15489E+00
 h Mean   [L]       -0.33298E+04 -0.33298E+04
 Top Flux [L/T]      0.96403E-31
 Bot Flux [L/T]      0.57169E-11
 WatBalT  [L]        0.77438E-01
 WatBalR  [%]              1.677
----------------------------------------------------------

----------------------------------------------------------
 Time       [T]      137.0000
----------------------------------------------------------
 Sub-region num.                     1
----------------------------------------------------------
 Length   [L]        0.15000E+03  0.15000E+03
 W-volume [L]        0.28287E+02  0.28287E+02
 In-flow  [L/T]     -0.55430E-01 -0.55430E-01
 h Mean   [L]       -0.33318E+04 -0.33318E+04
 Top Flux [L/T]      0.96403E-31
 Bot Flux [L/T]      0.00000E+00
 WatBalT  [L]        0.27710E-01
 WatBalR  [%]              0.593
----------------------------------------------------------

----------------------------------------------------------
 Time       [T]      138.0000
----------------------------------------------------------
 Sub-region num.                     1
----------------------------------------------------------
 Length   [L]        0.15000E+03  0.15000E+03
 W-volume [L]        0.28209E+02  0.28209E+02
 In-flow  [L/T]     -0.10023E+00 -0.10023E+00
 h Mean   [L]       -0.33339E+04 -0.33339E+04
 Top Flux [L/T]      0.96403E-31
 Bot Flux [L/T]     -0.56927E-11
 WatBalT  [L]        0.49642E-01
 WatBalR  [%]              1.040
----------------------------------------------------------

----------------------------------------------------------
 Time       [T]      139.0000
----------------------------------------------------------
 Sub-region num.                     1
----------------------------------------------------------
 Length   [L]        0.15000E+03  0.15000E+03
 W-volume [L]        0.28099E+02  0.28099E+02
 In-flow  [L/T]     -0.12135E+00 -0.12135E+00
 h Mean   [L]       -0.33377E+04 -0.33377E+04
 Top Flux [L/T]      0.96403E-31
 Bot Flux [L/T]      0.56807E-11
 WatBalT  [L]        0.58754E-01
 WatBalR  [%]              1.201
----------------------------------------------------------

----------------------------------------------------------
 Time       [T]      140.0000
----------------------------------------------------------
 Sub-region num.                     1
----------------------------------------------------------
 Length   [L]        0.15000E+03  0.15000E+03
 W-volume [L]        0.27987E+02  0.27987E+02
 In-flow  [L/T]     -0.10759E+00 -0.10759E+00
 h Mean   [L]       -0.33427E+04 -0.33427E+04
 Top Flux [L/T]      0.96403E-31
 Bot Flux [L/T]      0.56686E-11
 WatBalT  [L]        0.50891E-01
 WatBalR  [%]              1.018
----------------------------------------------------------

----------------------------------------------------------
 Time       [T]      141.0000
----------------------------------------------------------
 Sub-region num.                     1
----------------------------------------------------------
 Length   [L]        0.15000E+03  0.15000E+03
 W-volume [L]        0.27883E+02  0.27883E+02
 In-flow  [L/T]     -0.10496E+00 -0.10496E+00
 h Mean   [L]       -0.33477E+04 -0.33477E+04
 Top Flux [L/T]      0.96403E-31
 Bot Flux [L/T]      0.56566E-11
 WatBalT  [L]        0.49857E-01
 WatBalR  [%]              0.978
----------------------------------------------------------

----------------------------------------------------------
 Time       [T]      142.0000
----------------------------------------------------------
 Sub-region num.                     1
----------------------------------------------------------
 Length   [L]        0.15000E+03  0.15000E+03
 W-volume [L]        0.27795E+02  0.27795E+02
 In-flow  [L/T]     -0.76126E-01 -0.76126E-01
 h Mean   [L]       -0.33522E+04 -0.33522E+04
 Top Flux [L/T]      0.96403E-31
 Bot Flux [L/T]     -0.56446E-11
 WatBalT  [L]        0.35903E-01
 WatBalR  [%]              0.694
----------------------------------------------------------

----------------------------------------------------------
 Time       [T]      143.0000
----------------------------------------------------------
 Sub-region num.                     1
----------------------------------------------------------
 Length   [L]        0.15000E+03  0.15000E+03
 W-volume [L]        0.27720E+02  0.27720E+02
 In-flow  [L/T]     -0.78294E-01 -0.78294E-01
 h Mean   [L]       -0.33563E+04 -0.33563E+04
 Top Flux [L/T]      0.96403E-31
 Bot Flux [L/T]      0.00000E+00
 WatBalT  [L]        0.37282E-01
 WatBalR  [%]              0.710
----------------------------------------------------------

----------------------------------------------------------
 Time       [T]      144.0000
----------------------------------------------------------
 Sub-region num.                     1
----------------------------------------------------------
 Length   [L]        0.15000E+03  0.15000E+03
 W-volume [L]        0.27658E+02  0.27658E+02
 In-flow  [L/T]     -0.49663E-01 -0.49663E-01
 h Mean   [L]       -0.33595E+04 -0.33595E+04
 Top Flux [L/T]      0.96403E-31
 Bot Flux [L/T]      0.00000E+00
 WatBalT  [L]        0.24096E-01
 WatBalR  [%]              0.455
----------------------------------------------------------

----------------------------------------------------------
 Time       [T]      145.0000
----------------------------------------------------------
 Sub-region num.                     1
----------------------------------------------------------
 Length   [L]        0.15000E+03  0.15000E+03
 W-volume [L]        0.27622E+02  0.27622E+02
 In-flow  [L/T]     -0.24906E-01 -0.24906E-01
 h Mean   [L]       -0.33616E+04 -0.33616E+04
 Top Flux [L/T]      0.96403E-31
 Bot Flux [L/T]      0.00000E+00
 WatBalT  [L]        0.12266E-01
 WatBalR  [%]              0.230
----------------------------------------------------------

----------------------------------------------------------
 Time       [T]      146.0000
----------------------------------------------------------
 Sub-region num.                     1
----------------------------------------------------------
 Length   [L]        0.15000E+03  0.15000E+03
 W-volume [L]        0.27600E+02  0.27600E+02
 In-flow  [L/T]     -0.19597E-01 -0.19597E-01
 h Mean   [L]       -0.33629E+04 -0.33629E+04
 Top Flux [L/T]      0.96403E-31
 Bot Flux [L/T]      0.00000E+00
 WatBalT  [L]        0.97032E-02
 WatBalR  [%]              0.182
----------------------------------------------------------

----------------------------------------------------------
 Time       [T]      147.0000
----------------------------------------------------------
 Sub-region num.                     1
----------------------------------------------------------
 Length   [L]        0.15000E+03  0.15000E+03
 W-volume [L]        0.27581E+02  0.27581E+02
 In-flow  [L/T]     -0.17596E-01 -0.17596E-01
 h Mean   [L]       -0.33640E+04 -0.33640E+04
 Top Flux [L/T]      0.96403E-31
 Bot Flux [L/T]      0.00000E+00
 WatBalT  [L]        0.87166E-02
 WatBalR  [%]              0.163
----------------------------------------------------------

----------------------------------------------------------
 Time       [T]      148.0000
----------------------------------------------------------
 Sub-region num.                     1
----------------------------------------------------------
 Length   [L]        0.15000E+03  0.15000E+03
 W-volume [L]        0.27545E+02  0.27545E+02
 In-flow  [L/T]     -0.54811E-01 -0.54811E-01
 h Mean   [L]       -0.33659E+04 -0.33659E+04
 Top Flux [L/T]      0.96403E-31
 Bot Flux [L/T]      0.00000E+00
 WatBalT  [L]        0.26256E-01
 WatBalR  [%]              0.485
----------------------------------------------------------

----------------------------------------------------------
 Time       [T]      149.0000
----------------------------------------------------------
 Sub-region num.                     1
----------------------------------------------------------
 Length   [L]        0.15000E+03  0.15000E+03
 W-volume [L]        0.27489E+02  0.27489E+02
 In-flow  [L/T]     -0.58554E-01 -0.58554E-01
 h Mean   [L]       -0.33688E+04 -0.33688E+04
 Top Flux [L/T]      0.96403E-31
 Bot Flux [L/T]      0.00000E+00
 WatBalT  [L]        0.28112E-01
 WatBalR  [%]              0.514
----------------------------------------------------------

----------------------------------------------------------
 Time       [T]      150.0000
----------------------------------------------------------
 Sub-region num.                     1
----------------------------------------------------------
 Length   [L]        0.15000E+03  0.15000E+03
 W-volume [L]        0.27434E+02  0.27434E+02
 In-flow  [L/T]     -0.54124E-01 -0.54124E-01
 h Mean   [L]       -0.33717E+04 -0.33717E+04
 Top Flux [L/T]      0.96403E-31
 Bot Flux [L/T]      0.00000E+00
 WatBalT  [L]        0.25799E-01
 WatBalR  [%]              0.467
----------------------------------------------------------

----------------------------------------------------------
 Time       [T]      151.0000
----------------------------------------------------------
 Sub-region num.                     1
----------------------------------------------------------
 Length   [L]        0.15000E+03  0.15000E+03
 W-volume [L]        0.27389E+02  0.27389E+02
 In-flow  [L/T]     -0.37985E-01 -0.37985E-01
 h Mean   [L]       -0.33740E+04 -0.33740E+04
 Top Flux [L/T]      0.96403E-31
 Bot Flux [L/T]      0.00000E+00
 WatBalT  [L]        0.18297E-01
 WatBalR  [%]              0.329
----------------------------------------------------------

----------------------------------------------------------
 Time       [T]      152.0000
----------------------------------------------------------
 Sub-region num.                     1
----------------------------------------------------------
 Length   [L]        0.15000E+03  0.15000E+03
 W-volume [L]        0.27342E+02  0.27342E+02
 In-flow  [L/T]     -0.57443E-01 -0.57443E-01
 h Mean   [L]       -0.33760E+04 -0.33760E+04
 Top Flux [L/T]      0.96403E-31
 Bot Flux [L/T]      0.00000E+00
 WatBalT  [L]        0.40651E-01
 WatBalR  [%]              0.722
----------------------------------------------------------

----------------------------------------------------------
 Time       [T]      153.0000
----------------------------------------------------------
 Sub-region num.                     1
----------------------------------------------------------
 Length   [L]        0.15000E+03  0.15000E+03
 W-volume [L]        0.27285E+02  0.27285E+02
 In-flow  [L/T]     -0.32424E-01 -0.32424E-01
 h Mean   [L]       -0.33774E+04 -0.33774E+04
 Top Flux [L/T]      0.96403E-31
 Bot Flux [L/T]      0.00000E+00
 WatBalT  [L]        0.16110E-01
 WatBalR  [%]              0.284
----------------------------------------------------------

----------------------------------------------------------
 Time       [T]      154.0000
----------------------------------------------------------
 Sub-region num.                     1
----------------------------------------------------------
 Length   [L]        0.15000E+03  0.15000E+03
 W-volume [L]        0.27240E+02  0.27240E+02
 In-flow  [L/T]     -0.58077E-01 -0.58077E-01
 h Mean   [L]       -0.33787E+04 -0.33787E+04
 Top Flux [L/T]      0.96403E-31
 Bot Flux [L/T]      0.00000E+00
 WatBalT  [L]        0.28718E-01
 WatBalR  [%]              0.502
----------------------------------------------------------

----------------------------------------------------------
 Time       [T]      155.0000
----------------------------------------------------------
 Sub-region num.                     1
----------------------------------------------------------
 Length   [L]        0.15000E+03  0.15000E+03
 W-volume [L]        0.27150E+02  0.27150E+02
 In-flow  [L/T]     -0.12326E+00 -0.12326E+00
 h Mean   [L]       -0.33809E+04 -0.33809E+04
 Top Flux [L/T]      0.96403E-31
 Bot Flux [L/T]      0.00000E+00
 WatBalT  [L]        0.60659E-01
 WatBalR  [%]              1.038
----------------------------------------------------------

----------------------------------------------------------
 Time       [T]      156.0000
----------------------------------------------------------
 Sub-region num.                     1
----------------------------------------------------------
 Length   [L]        0.15000E+03  0.15000E+03
 W-volume [L]        0.27035E+02  0.27035E+02
 In-flow  [L/T]     -0.10804E+00 -0.10804E+00
 h Mean   [L]       -0.33835E+04 -0.33835E+04
 Top Flux [L/T]      0.96403E-31
 Bot Flux [L/T]      0.00000E+00
 WatBalT  [L]        0.53126E-01
 WatBalR  [%]              0.893
----------------------------------------------------------

----------------------------------------------------------
 Time       [T]      157.0000
----------------------------------------------------------
 Sub-region num.                     1
----------------------------------------------------------
 Length   [L]        0.15000E+03  0.15000E+03
 W-volume [L]        0.26937E+02  0.26937E+02
 In-flow  [L/T]     -0.90142E-01 -0.90142E-01
 h Mean   [L]       -0.33858E+04 -0.33858E+04
 Top Flux [L/T]      0.96403E-31
 Bot Flux [L/T]      0.00000E+00
 WatBalT  [L]        0.44425E-01
 WatBalR  [%]              0.735
----------------------------------------------------------

----------------------------------------------------------
 Time       [T]      158.0000
----------------------------------------------------------
 Sub-region num.                     1
----------------------------------------------------------
 Length   [L]        0.15000E+03  0.15000E+03
 W-volume [L]        0.26836E+02  0.26836E+02
 In-flow  [L/T]     -0.11265E+00 -0.11265E+00
 h Mean   [L]       -0.33883E+04 -0.33883E+04
 Top Flux [L/T]      0.96403E-31
 Bot Flux [L/T]      0.00000E+00
 WatBalT  [L]        0.55509E-01
 WatBalR  [%]              0.902
----------------------------------------------------------

----------------------------------------------------------
 Time       [T]      159.0000
----------------------------------------------------------
 Sub-region num.                     1
----------------------------------------------------------
 Length   [L]        0.15000E+03  0.15000E+03
 W-volume [L]        0.26743E+02  0.26743E+02
 In-flow  [L/T]     -0.74791E-01 -0.74791E-01
 h Mean   [L]       -0.33906E+04 -0.33906E+04
 Top Flux [L/T]      0.96403E-31
 Bot Flux [L/T]      0.00000E+00
 WatBalT  [L]        0.37002E-01
 WatBalR  [%]              0.594
----------------------------------------------------------

----------------------------------------------------------
 Time       [T]      160.0000
----------------------------------------------------------
 Sub-region num.                     1
----------------------------------------------------------
 Length   [L]        0.15000E+03  0.15000E+03
 W-volume [L]        0.26681E+02  0.26681E+02
 In-flow  [L/T]     -0.49944E-01 -0.49944E-01
 h Mean   [L]       -0.33922E+04 -0.33922E+04
 Top Flux [L/T]      0.96403E-31
 Bot Flux [L/T]      0.00000E+00
 WatBalT  [L]        0.24834E-01
 WatBalR  [%]              0.396
----------------------------------------------------------

----------------------------------------------------------
 Time       [T]      161.0000
----------------------------------------------------------
 Sub-region num.                     1
----------------------------------------------------------
 Length   [L]        0.15000E+03  0.15000E+03
 W-volume [L]        0.26625E+02  0.26625E+02
 In-flow  [L/T]     -0.62981E-01 -0.62981E-01
 h Mean   [L]       -0.33935E+04 -0.33935E+04
 Top Flux [L/T]      0.96403E-31
 Bot Flux [L/T]      0.00000E+00
 WatBalT  [L]        0.31322E-01
 WatBalR  [%]              0.494
----------------------------------------------------------

----------------------------------------------------------
 Time       [T]      162.0000
----------------------------------------------------------
 Sub-region num.                     1
----------------------------------------------------------
 Length   [L]        0.15000E+03  0.15000E+03
 W-volume [L]        0.26543E+02  0.26543E+02
 In-flow  [L/T]     -0.10086E+00 -0.10086E+00
 h Mean   [L]       -0.33956E+04 -0.33956E+04
 Top Flux [L/T]      0.96403E-31
 Bot Flux [L/T]      0.00000E+00
 WatBalT  [L]        0.49595E-01
 WatBalR  [%]              0.770
----------------------------------------------------------

----------------------------------------------------------
 Time       [T]      163.0000
----------------------------------------------------------
 Sub-region num.                     1
----------------------------------------------------------
 Length   [L]        0.15000E+03  0.15000E+03
 W-volume [L]        0.26445E+02  0.26445E+02
 In-flow  [L/T]     -0.98171E-01 -0.98171E-01
 h Mean   [L]       -0.33980E+04 -0.33980E+04
 Top Flux [L/T]      0.96403E-31
 Bot Flux [L/T]      0.00000E+00
 WatBalT  [L]        0.48242E-01
 WatBalR  [%]              0.738
----------------------------------------------------------

----------------------------------------------------------
 Time       [T]      164.0000
----------------------------------------------------------
 Sub-region num.                     1
----------------------------------------------------------
 Length   [L]        0.15000E+03  0.15000E+03
 W-volume [L]        0.26343E+02  0.26343E+02
 In-flow  [L/T]     -0.10661E+00 -0.10661E+00
 h Mean   [L]       -0.34005E+04 -0.34005E+04
 Top Flux [L/T]      0.96403E-31
 Bot Flux [L/T]      0.00000E+00
 WatBalT  [L]        0.52496E-01
 WatBalR  [%]              0.790
----------------------------------------------------------

----------------------------------------------------------
 Time       [T]      165.0000
----------------------------------------------------------
 Sub-region num.                     1
----------------------------------------------------------
 Length   [L]        0.15000E+03  0.15000E+03
 W-volume [L]        0.26241E+02  0.26241E+02
 In-flow  [L/T]     -0.10012E+00 -0.10012E+00
 h Mean   [L]       -0.34030E+04 -0.34030E+04
 Top Flux [L/T]      0.96403E-31
 Bot Flux [L/T]      0.00000E+00
 WatBalT  [L]        0.49141E-01
 WatBalR  [%]              0.729
----------------------------------------------------------

----------------------------------------------------------
 Time       [T]      166.0000
----------------------------------------------------------
 Sub-region num.                     1
----------------------------------------------------------
 Length   [L]        0.15000E+03  0.15000E+03
 W-volume [L]        0.26162E+02  0.26162E+02
 In-flow  [L/T]     -0.59467E-01 -0.59467E-01
 h Mean   [L]       -0.34048E+04 -0.34048E+04
 Top Flux [L/T]      0.96403E-31
 Bot Flux [L/T]      0.00000E+00
 WatBalT  [L]        0.29336E-01
 WatBalR  [%]              0.431
----------------------------------------------------------

----------------------------------------------------------
 Time       [T]      167.0000
----------------------------------------------------------
 Sub-region num.                     1
----------------------------------------------------------
 Length   [L]        0.15000E+03  0.15000E+03
 W-volume [L]        0.26087E+02  0.26087E+02
 In-flow  [L/T]     -0.90672E-01 -0.90672E-01
 h Mean   [L]       -0.34068E+04 -0.34068E+04
 Top Flux [L/T]      0.96403E-31
 Bot Flux [L/T]      0.00000E+00
 WatBalT  [L]        0.44636E-01
 WatBalR  [%]              0.648
----------------------------------------------------------

----------------------------------------------------------
 Time       [T]      168.0000
----------------------------------------------------------
 Sub-region num.                     1
----------------------------------------------------------
 Length   [L]        0.15000E+03  0.15000E+03
 W-volume [L]        0.26002E+02  0.26002E+02
 In-flow  [L/T]     -0.80234E-01 -0.80234E-01
 h Mean   [L]       -0.34090E+04 -0.34090E+04
 Top Flux [L/T]      0.96403E-31
 Bot Flux [L/T]      0.00000E+00
 WatBalT  [L]        0.39501E-01
 WatBalR  [%]              0.567
----------------------------------------------------------

----------------------------------------------------------
 Time       [T]      169.0000
----------------------------------------------------------
 Sub-region num.                     1
----------------------------------------------------------
 Length   [L]        0.15000E+03  0.15000E+03
 W-volume [L]        0.25929E+02  0.25929E+02
 In-flow  [L/T]     -0.67661E-01 -0.67661E-01
 h Mean   [L]       -0.34109E+04 -0.34109E+04
 Top Flux [L/T]      0.96403E-31
 Bot Flux [L/T]      0.00000E+00
 WatBalT  [L]        0.33363E-01
 WatBalR  [%]              0.474
----------------------------------------------------------

----------------------------------------------------------
 Time       [T]      170.0000
----------------------------------------------------------
 Sub-region num.                     1
----------------------------------------------------------
 Length   [L]        0.15000E+03  0.15000E+03
 W-volume [L]        0.25850E+02  0.25850E+02
 In-flow  [L/T]     -0.90640E-01 -0.90640E-01
 h Mean   [L]       -0.34129E+04 -0.34129E+04
 Top Flux [L/T]      0.96403E-31
 Bot Flux [L/T]      0.00000E+00
 WatBalT  [L]        0.44642E-01
 WatBalR  [%]              0.626
----------------------------------------------------------

----------------------------------------------------------
 Time       [T]      171.0000
----------------------------------------------------------
 Sub-region num.                     1
----------------------------------------------------------
 Length   [L]        0.15000E+03  0.15000E+03
 W-volume [L]        0.25764E+02  0.25764E+02
 In-flow  [L/T]     -0.83478E-01 -0.83478E-01
 h Mean   [L]       -0.34149E+04 -0.34149E+04
 Top Flux [L/T]      0.96403E-31
 Bot Flux [L/T]      0.00000E+00
 WatBalT  [L]        0.41016E-01
 WatBalR  [%]              0.569
----------------------------------------------------------

----------------------------------------------------------
 Time       [T]      172.0000
----------------------------------------------------------
 Sub-region num.                     1
----------------------------------------------------------
 Length   [L]        0.15000E+03  0.15000E+03
 W-volume [L]        0.25691E+02  0.25691E+02
 In-flow  [L/T]     -0.64177E-01 -0.64177E-01
 h Mean   [L]       -0.34167E+04 -0.34167E+04
 Top Flux [L/T]      0.96403E-31
 Bot Flux [L/T]      0.00000E+00
 WatBalT  [L]        0.31557E-01
 WatBalR  [%]              0.434
----------------------------------------------------------

----------------------------------------------------------
 Time       [T]      173.0000
----------------------------------------------------------
 Sub-region num.                     1
----------------------------------------------------------
 Length   [L]        0.15000E+03  0.15000E+03
 W-volume [L]        0.25623E+02  0.25623E+02
 In-flow  [L/T]     -0.72174E-01 -0.72174E-01
 h Mean   [L]       -0.34185E+04 -0.34185E+04
 Top Flux [L/T]      0.96403E-31
 Bot Flux [L/T]      0.00000E+00
 WatBalT  [L]        0.35489E-01
 WatBalR  [%]              0.483
----------------------------------------------------------

----------------------------------------------------------
 Time       [T]      174.0000
----------------------------------------------------------
 Sub-region num.                     1
----------------------------------------------------------
 Length   [L]        0.15000E+03  0.15000E+03
 W-volume [L]        0.25560E+02  0.25560E+02
 In-flow  [L/T]     -0.55441E-01 -0.55441E-01
 h Mean   [L]       -0.34202E+04 -0.34202E+04
 Top Flux [L/T]      0.96403E-31
 Bot Flux [L/T]      0.00000E+00
 WatBalT  [L]        0.27370E-01
 WatBalR  [%]              0.370
----------------------------------------------------------

----------------------------------------------------------
 Time       [T]      175.0000
----------------------------------------------------------
 Sub-region num.                     1
----------------------------------------------------------
 Length   [L]        0.15000E+03  0.15000E+03
 W-volume [L]        0.25499E+02  0.25499E+02
 In-flow  [L/T]     -0.67469E-01 -0.67469E-01
 h Mean   [L]       -0.34220E+04 -0.34220E+04
 Top Flux [L/T]      0.96403E-31
 Bot Flux [L/T]      0.00000E+00
 WatBalT  [L]        0.33249E-01
 WatBalR  [%]              0.445
----------------------------------------------------------

----------------------------------------------------------
 Time       [T]      176.0000
----------------------------------------------------------
 Sub-region num.                     1
----------------------------------------------------------
 Length   [L]        0.15000E+03  0.15000E+03
 W-volume [L]        0.26784E+02  0.26784E+02
 In-flow  [L/T]      0.63177E+00  0.63177E+00
 h Mean   [L]       -0.16377E+03 -0.16377E+03
 Top Flux [L/T]     -0.74570E+00
 Bot Flux [L/T]      0.00000E+00
 WatBalT  [L]        0.33097E-01
 WatBalR  [%]              0.370
----------------------------------------------------------

----------------------------------------------------------
 Time       [T]      177.0000
----------------------------------------------------------
 Sub-region num.                     1
----------------------------------------------------------
 Length   [L]        0.15000E+03  0.15000E+03
 W-volume [L]        0.27286E+02  0.27286E+02
 In-flow  [L/T]      0.45087E+00  0.45087E+00
 h Mean   [L]       -0.15309E+03 -0.15309E+03
 Top Flux [L/T]     -0.59660E+00
 Bot Flux [L/T]      0.00000E+00
 WatBalT  [L]        0.33182E-01
 WatBalR  [%]              0.340
----------------------------------------------------------

----------------------------------------------------------
 Time       [T]      178.0000
----------------------------------------------------------
 Sub-region num.                     1
----------------------------------------------------------
 Length   [L]        0.15000E+03  0.15000E+03
 W-volume [L]        0.27722E+02  0.27722E+02
 In-flow  [L/T]      0.41482E+00  0.41482E+00
 h Mean   [L]       -0.13453E+03 -0.13453E+03
 Top Flux [L/T]     -0.54592E+00
 Bot Flux [L/T]      0.00000E+00
 WatBalT  [L]        0.32503E-01
 WatBalR  [%]              0.311
----------------------------------------------------------

----------------------------------------------------------
 Time       [T]      179.0000
----------------------------------------------------------
 Sub-region num.                     1
----------------------------------------------------------
 Length   [L]        0.15000E+03  0.15000E+03
 W-volume [L]        0.27527E+02  0.27527E+02
 In-flow  [L/T]     -0.19386E+00 -0.19386E+00
 h Mean   [L]       -0.13661E+03 -0.13661E+03
 Top Flux [L/T]     -0.24414E-02
 Bot Flux [L/T]      0.00000E+00
 WatBalT  [L]        0.32549E-01
 WatBalR  [%]              0.306
----------------------------------------------------------

----------------------------------------------------------
 Time       [T]      180.0000
----------------------------------------------------------
 Sub-region num.                     1
----------------------------------------------------------
 Length   [L]        0.15000E+03  0.15000E+03
 W-volume [L]        0.27921E+02  0.27921E+02
 In-flow  [L/T]      0.35007E+00  0.35007E+00
 h Mean   [L]       -0.12777E+03 -0.12777E+03
 Top Flux [L/T]     -0.52343E+00
 Bot Flux [L/T]      0.00000E+00
 WatBalT  [L]        0.35423E-01
 WatBalR  [%]              0.310
----------------------------------------------------------

----------------------------------------------------------
 Time       [T]      181.0000
----------------------------------------------------------
 Sub-region num.                     1
----------------------------------------------------------
 Length   [L]        0.15000E+03  0.15000E+03
 W-volume [L]        0.27645E+02  0.27645E+02
 In-flow  [L/T]     -0.27598E+00 -0.27598E+00
 h Mean   [L]       -0.13078E+03 -0.13078E+03
 Top Flux [L/T]     -0.24546E-02
 Bot Flux [L/T]      0.00000E+00
 WatBalT  [L]        0.35651E-01
 WatBalR  [%]              0.305
----------------------------------------------------------

----------------------------------------------------------
 Time       [T]      182.0000
----------------------------------------------------------
 Sub-region num.                     1
----------------------------------------------------------
 Length   [L]        0.15000E+03  0.15000E+03
 W-volume [L]        0.27987E+02  0.27987E+02
 In-flow  [L/T]      0.30351E+00  0.30351E+00
 h Mean   [L]       -0.13038E+03 -0.13038E+03
 Top Flux [L/T]     -0.51576E+00
 Bot Flux [L/T]      0.00000E+00
 WatBalT  [L]        0.38546E-01
 WatBalR  [%]              0.308
----------------------------------------------------------

----------------------------------------------------------
 Time       [T]      183.0000
----------------------------------------------------------
 Sub-region num.                     1
----------------------------------------------------------
 Length   [L]        0.15000E+03  0.15000E+03
 W-volume [L]        0.27725E+02  0.27725E+02
 In-flow  [L/T]     -0.26365E+00 -0.26365E+00
 h Mean   [L]       -0.13322E+03 -0.13322E+03
 Top Flux [L/T]     -0.25308E-02
 Bot Flux [L/T]      0.00000E+00
 WatBalT  [L]        0.40323E-01
 WatBalR  [%]              0.315
----------------------------------------------------------

----------------------------------------------------------
 Time       [T]      184.0000
----------------------------------------------------------
 Sub-region num.                     1
----------------------------------------------------------
 Length   [L]        0.15000E+03  0.15000E+03
 W-volume [L]        0.28141E+02  0.28141E+02
 In-flow  [L/T]      0.37716E+00  0.37716E+00
 h Mean   [L]       -0.12363E+03 -0.12363E+03
 Top Flux [L/T]     -0.50836E+00
 Bot Flux [L/T]      0.00000E+00
 WatBalT  [L]        0.35348E-01
 WatBalR  [%]              0.261
----------------------------------------------------------

----------------------------------------------------------
 Time       [T]      185.0000
----------------------------------------------------------
 Sub-region num.                     1
----------------------------------------------------------
 Length   [L]        0.15000E+03  0.15000E+03
 W-volume [L]        0.27952E+02  0.27952E+02
 In-flow  [L/T]     -0.19003E+00 -0.19003E+00
 h Mean   [L]       -0.12577E+03 -0.12577E+03
 Top Flux [L/T]     -0.23693E-02
 Bot Flux [L/T]      0.00000E+00
 WatBalT  [L]        0.35864E-01
 WatBalR  [%]              0.262
----------------------------------------------------------

----------------------------------------------------------
 Time       [T]      186.0000
----------------------------------------------------------
 Sub-region num.                     1
----------------------------------------------------------
 Length   [L]        0.15000E+03  0.15000E+03
 W-volume [L]        0.27718E+02  0.27718E+02
 In-flow  [L/T]     -0.24779E+00 -0.24779E+00
 h Mean   [L]       -0.12815E+03 -0.12815E+03
 Top Flux [L/T]     -0.13203E-02
 Bot Flux [L/T]      0.00000E+00
 WatBalT  [L]        0.49933E-01
 WatBalR  [%]              0.358
----------------------------------------------------------

----------------------------------------------------------
 Time       [T]      187.0000
----------------------------------------------------------
 Sub-region num.                     1
----------------------------------------------------------
 Length   [L]        0.15000E+03  0.15000E+03
 W-volume [L]        0.27471E+02  0.27471E+02
 In-flow  [L/T]     -0.24622E+00 -0.24622E+00
 h Mean   [L]       -0.13083E+03 -0.13083E+03
 Top Flux [L/T]     -0.11562E-02
 Bot Flux [L/T]      0.00000E+00
 WatBalT  [L]        0.49201E-01
 WatBalR  [%]              0.346
----------------------------------------------------------

----------------------------------------------------------
 Time       [T]      188.0000
----------------------------------------------------------
 Sub-region num.                     1
----------------------------------------------------------
 Length   [L]        0.15000E+03  0.15000E+03
 W-volume [L]        0.27221E+02  0.27221E+02
 In-flow  [L/T]     -0.25564E+00 -0.25564E+00
 h Mean   [L]       -0.13378E+03 -0.13378E+03
 Top Flux [L/T]     -0.69353E-03
 Bot Flux [L/T]      0.00000E+00
 WatBalT  [L]        0.53720E-01
 WatBalR  [%]              0.372
----------------------------------------------------------

----------------------------------------------------------
 Time       [T]      189.0000
----------------------------------------------------------
 Sub-region num.                     1
----------------------------------------------------------
 Length   [L]        0.15000E+03  0.15000E+03
 W-volume [L]        0.26962E+02  0.26962E+02
 In-flow  [L/T]     -0.26258E+00 -0.26258E+00
 h Mean   [L]       -0.13696E+03 -0.13696E+03
 Top Flux [L/T]     -0.36369E-03
 Bot Flux [L/T]      0.00000E+00
 WatBalT  [L]        0.57191E-01
 WatBalR  [%]              0.388
----------------------------------------------------------

----------------------------------------------------------
 Time       [T]      190.0000
----------------------------------------------------------
 Sub-region num.                     1
----------------------------------------------------------
 Length   [L]        0.15000E+03  0.15000E+03
 W-volume [L]        0.26690E+02  0.26690E+02
 In-flow  [L/T]     -0.28313E+00 -0.28313E+00
 h Mean   [L]       -0.14065E+03 -0.14065E+03
 Top Flux [L/T]     -0.44274E-03
 Bot Flux [L/T]      0.00000E+00
 WatBalT  [L]        0.67348E-01
 WatBalR  [%]              0.449
----------------------------------------------------------

----------------------------------------------------------
 Time       [T]      191.0000
----------------------------------------------------------
 Sub-region num.                     1
----------------------------------------------------------
 Length   [L]        0.15000E+03  0.15000E+03
 W-volume [L]        0.26422E+02  0.26422E+02
 In-flow  [L/T]     -0.25344E+00 -0.25344E+00
 h Mean   [L]       -0.14445E+03 -0.14445E+03
 Top Flux [L/T]     -0.50083E-03
 Bot Flux [L/T]      0.00000E+00
 WatBalT  [L]        0.52722E-01
 WatBalR  [%]              0.346
----------------------------------------------------------

----------------------------------------------------------
 Time       [T]      192.0000
----------------------------------------------------------
 Sub-region num.                     1
----------------------------------------------------------
 Length   [L]        0.15000E+03  0.15000E+03
 W-volume [L]        0.26197E+02  0.26197E+02
 In-flow  [L/T]     -0.19869E+00 -0.19869E+00
 h Mean   [L]       -0.14813E+03 -0.14813E+03
 Top Flux [L/T]     -0.51437E-03
 Bot Flux [L/T]      0.00000E+00
 WatBalT  [L]        0.25486E-01
 WatBalR  [%]              0.165
----------------------------------------------------------

----------------------------------------------------------
 Time       [T]      193.0000
----------------------------------------------------------
 Sub-region num.                     1
----------------------------------------------------------
 Length   [L]        0.15000E+03  0.15000E+03
 W-volume [L]        0.25968E+02  0.25968E+02
 In-flow  [L/T]     -0.25857E+00 -0.25857E+00
 h Mean   [L]       -0.15227E+03 -0.15227E+03
 Top Flux [L/T]     -0.50891E-03
 Bot Flux [L/T]      0.00000E+00
 WatBalT  [L]        0.55202E-01
 WatBalR  [%]              0.351
----------------------------------------------------------

----------------------------------------------------------
 Time       [T]      194.0000
----------------------------------------------------------
 Sub-region num.                     1
----------------------------------------------------------
 Length   [L]        0.15000E+03  0.15000E+03
 W-volume [L]        0.26560E+02  0.26560E+02
 In-flow  [L/T]      0.48740E+00  0.48740E+00
 h Mean   [L]       -0.15246E+03 -0.15246E+03
 Top Flux [L/T]     -0.69693E+00
 Bot Flux [L/T]      0.00000E+00
 WatBalT  [L]        0.46563E-01
 WatBalR  [%]              0.278
----------------------------------------------------------

----------------------------------------------------------
 Time       [T]      195.0000
----------------------------------------------------------
 Sub-region num.                     1
----------------------------------------------------------
 Length   [L]        0.15000E+03  0.15000E+03
 W-volume [L]        0.26988E+02  0.26988E+02
 In-flow  [L/T]      0.39173E+00  0.39173E+00
 h Mean   [L]       -0.15316E+03 -0.15316E+03
 Top Flux [L/T]     -0.55675E+00
 Bot Flux [L/T]      0.00000E+00
 WatBalT  [L]        0.45733E-01
 WatBalR  [%]              0.261
----------------------------------------------------------

----------------------------------------------------------
 Time       [T]      196.0000
----------------------------------------------------------
 Sub-region num.                     1
----------------------------------------------------------
 Length   [L]        0.15000E+03  0.15000E+03
 W-volume [L]        0.27365E+02  0.27365E+02
 In-flow  [L/T]      0.38380E+00  0.38380E+00
 h Mean   [L]       -0.15392E+03 -0.15392E+03
 Top Flux [L/T]     -0.52152E+00
 Bot Flux [L/T]      0.00000E+00
 WatBalT  [L]        0.45711E-01
 WatBalR  [%]              0.251
----------------------------------------------------------

----------------------------------------------------------
 Time       [T]      197.0000
----------------------------------------------------------
 Sub-region num.                     1
----------------------------------------------------------
 Length   [L]        0.15000E+03  0.15000E+03
 W-volume [L]        0.27739E+02  0.27739E+02
 In-flow  [L/T]      0.36978E+00  0.36978E+00
 h Mean   [L]       -0.14430E+03 -0.14430E+03
 Top Flux [L/T]     -0.50816E+00
 Bot Flux [L/T]      0.00000E+00
 WatBalT  [L]        0.45337E-01
 WatBalR  [%]              0.240
----------------------------------------------------------

----------------------------------------------------------
 Time       [T]      198.0000
----------------------------------------------------------
 Sub-region num.                     1
----------------------------------------------------------
 Length   [L]        0.15000E+03  0.15000E+03
 W-volume [L]        0.28098E+02  0.28098E+02
 In-flow  [L/T]      0.34844E+00  0.34844E+00
 h Mean   [L]       -0.13216E+03 -0.13216E+03
 Top Flux [L/T]     -0.49943E+00
 Bot Flux [L/T]      0.00000E+00
 WatBalT  [L]        0.45658E-01
 WatBalR  [%]              0.234
----------------------------------------------------------

----------------------------------------------------------
 Time       [T]      199.0000
----------------------------------------------------------
 Sub-region num.                     1
----------------------------------------------------------
 Length   [L]        0.15000E+03  0.15000E+03
 W-volume [L]        0.28465E+02  0.28465E+02
 In-flow  [L/T]      0.36253E+00  0.36253E+00
 h Mean   [L]       -0.12186E+03 -0.12186E+03
 Top Flux [L/T]     -0.49947E+00
 Bot Flux [L/T]      0.00000E+00
 WatBalT  [L]        0.45634E-01
 WatBalR  [%]              0.226
----------------------------------------------------------

----------------------------------------------------------
 Time       [T]      200.0000
----------------------------------------------------------
 Sub-region num.                     1
----------------------------------------------------------
 Length   [L]        0.15000E+03  0.15000E+03
 W-volume [L]        0.28171E+02  0.28171E+02
 In-flow  [L/T]     -0.29477E+00 -0.29477E+00
 h Mean   [L]       -0.12458E+03 -0.12458E+03
 Top Flux [L/T]     -0.24609E-02
 Bot Flux [L/T]      0.00000E+00
 WatBalT  [L]        0.46768E-01
 WatBalR  [%]              0.229
----------------------------------------------------------

----------------------------------------------------------
 Time       [T]      201.0000
----------------------------------------------------------
 Sub-region num.                     1
----------------------------------------------------------
 Length   [L]        0.15000E+03  0.15000E+03
 W-volume [L]        0.28547E+02  0.28547E+02
 In-flow  [L/T]      0.38550E+00  0.38550E+00
 h Mean   [L]       -0.12387E+03 -0.12387E+03
 Top Flux [L/T]     -0.49521E+00
 Bot Flux [L/T]      0.00000E+00
 WatBalT  [L]        0.43623E-01
 WatBalR  [%]              0.206
----------------------------------------------------------

----------------------------------------------------------
 Time       [T]      202.0000
----------------------------------------------------------
 Sub-region num.                     1
----------------------------------------------------------
 Length   [L]        0.15000E+03  0.15000E+03
 W-volume [L]        0.28220E+02  0.28220E+02
 In-flow  [L/T]     -0.32932E+00 -0.32932E+00
 h Mean   [L]       -0.12676E+03 -0.12676E+03
 Top Flux [L/T]     -0.24910E-02
 Bot Flux [L/T]      0.00000E+00
 WatBalT  [L]        0.45306E-01
 WatBalR  [%]              0.210
----------------------------------------------------------

----------------------------------------------------------
 Time       [T]      203.0000
----------------------------------------------------------
 Sub-region num.                     1
----------------------------------------------------------
 Length   [L]        0.15000E+03  0.15000E+03
 W-volume [L]        0.27894E+02  0.27894E+02
 In-flow  [L/T]     -0.32484E+00 -0.32484E+00
 h Mean   [L]       -0.12931E+03 -0.12931E+03
 Top Flux [L/T]     -0.15256E-02
 Bot Flux [L/T]      0.00000E+00
 WatBalT  [L]        0.43986E-01
 WatBalR  [%]              0.201
----------------------------------------------------------

----------------------------------------------------------
 Time       [T]      204.0000
----------------------------------------------------------
 Sub-region num.                     1
----------------------------------------------------------
 Length   [L]        0.15000E+03  0.15000E+03
 W-volume [L]        0.27572E+02  0.27572E+02
 In-flow  [L/T]     -0.31848E+00 -0.31848E+00
 h Mean   [L]       -0.13173E+03 -0.13173E+03
 Top Flux [L/T]     -0.10585E-02
 Bot Flux [L/T]      0.00000E+00
 WatBalT  [L]        0.40765E-01
 WatBalR  [%]              0.184
----------------------------------------------------------

----------------------------------------------------------
 Time       [T]      205.0000
----------------------------------------------------------
 Sub-region num.                     1
----------------------------------------------------------
 Length   [L]        0.15000E+03  0.15000E+03
 W-volume [L]        0.27251E+02  0.27251E+02
 In-flow  [L/T]     -0.32411E+00 -0.32411E+00
 h Mean   [L]       -0.13445E+03 -0.13445E+03
 Top Flux [L/T]     -0.36312E-03
 Bot Flux [L/T]      0.00000E+00
 WatBalT  [L]        0.43557E-01
 WatBalR  [%]              0.194
----------------------------------------------------------

----------------------------------------------------------
 Time       [T]      206.0000
----------------------------------------------------------
 Sub-region num.                     1
----------------------------------------------------------
 Length   [L]        0.15000E+03  0.15000E+03
 W-volume [L]        0.26930E+02  0.26930E+02
 In-flow  [L/T]     -0.31942E+00 -0.31942E+00
 h Mean   [L]       -0.13721E+03 -0.13721E+03
 Top Flux [L/T]     -0.44912E-03
 Bot Flux [L/T]      0.00000E+00
 WatBalT  [L]        0.41266E-01
 WatBalR  [%]              0.181
----------------------------------------------------------

----------------------------------------------------------
 Time       [T]      207.0000
----------------------------------------------------------
 Sub-region num.                     1
----------------------------------------------------------
 Length   [L]        0.15000E+03  0.15000E+03
 W-volume [L]        0.26616E+02  0.26616E+02
 In-flow  [L/T]     -0.30799E+00 -0.30799E+00
 h Mean   [L]       -0.14021E+03 -0.14021E+03
 Top Flux [L/T]     -0.51491E-03
 Bot Flux [L/T]      0.00000E+00
 WatBalT  [L]        0.35581E-01
 WatBalR  [%]              0.154
----------------------------------------------------------

----------------------------------------------------------
 Time       [T]      208.0000
----------------------------------------------------------
 Sub-region num.                     1
----------------------------------------------------------
 Length   [L]        0.15000E+03  0.15000E+03
 W-volume [L]        0.26346E+02  0.26346E+02
 In-flow  [L/T]     -0.23294E+00 -0.23294E+00
 h Mean   [L]       -0.14310E+03 -0.14310E+03
 Top Flux [L/T]     -0.53413E-03
 Bot Flux [L/T]      0.00000E+00
 WatBalT  [L]       -0.18482E-02
 WatBalR  [%]              0.008
----------------------------------------------------------

----------------------------------------------------------
 Time       [T]      209.0000
----------------------------------------------------------
 Sub-region num.                     1
----------------------------------------------------------
 Length   [L]        0.15000E+03  0.15000E+03
 W-volume [L]        0.26107E+02  0.26107E+02
 In-flow  [L/T]     -0.24619E+00 -0.24619E+00
 h Mean   [L]       -0.14613E+03 -0.14613E+03
 Top Flux [L/T]     -0.51774E-03
 Bot Flux [L/T]      0.00000E+00
 WatBalT  [L]        0.47507E-02
 WatBalR  [%]              0.020
----------------------------------------------------------

----------------------------------------------------------
 Time       [T]      210.0000
----------------------------------------------------------
 Sub-region num.                     1
----------------------------------------------------------
 Length   [L]        0.15000E+03  0.15000E+03
 W-volume [L]        0.25850E+02  0.25850E+02
 In-flow  [L/T]     -0.26793E+00 -0.26793E+00
 h Mean   [L]       -0.14989E+03 -0.14989E+03
 Top Flux [L/T]     -0.48324E-03
 Bot Flux [L/T]      0.00000E+00
 WatBalT  [L]        0.15634E-01
 WatBalR  [%]              0.066
----------------------------------------------------------

----------------------------------------------------------
 Time       [T]      211.0000
----------------------------------------------------------
 Sub-region num.                     1
----------------------------------------------------------
 Length   [L]        0.15000E+03  0.15000E+03
 W-volume [L]        0.25583E+02  0.25583E+02
 In-flow  [L/T]     -0.26564E+00 -0.26564E+00
 h Mean   [L]       -0.15473E+03 -0.15473E+03
 Top Flux [L/T]     -0.42435E-03
 Bot Flux [L/T]      0.00000E+00
 WatBalT  [L]        0.14513E-01
 WatBalR  [%]              0.060
----------------------------------------------------------

----------------------------------------------------------
 Time       [T]      212.0000
----------------------------------------------------------
 Sub-region num.                     1
----------------------------------------------------------
 Length   [L]        0.15000E+03  0.15000E+03
 W-volume [L]        0.25310E+02  0.25310E+02
 In-flow  [L/T]     -0.28060E+00 -0.28060E+00
 h Mean   [L]       -0.16135E+03 -0.16135E+03
 Top Flux [L/T]     -0.34223E-03
 Bot Flux [L/T]      0.00000E+00
 WatBalT  [L]        0.21992E-01
 WatBalR  [%]              0.090
----------------------------------------------------------

----------------------------------------------------------
 Time       [T]      213.0000
----------------------------------------------------------
 Sub-region num.                     1
----------------------------------------------------------
 Length   [L]        0.15000E+03  0.15000E+03
 W-volume [L]        0.25021E+02  0.25021E+02
 In-flow  [L/T]     -0.29715E+00 -0.29715E+00
 h Mean   [L]       -0.17161E+03 -0.17161E+03
 Top Flux [L/T]     -0.24585E-03
 Bot Flux [L/T]      0.00000E+00
 WatBalT  [L]        0.30208E-01
 WatBalR  [%]              0.122
----------------------------------------------------------

----------------------------------------------------------
 Time       [T]      214.0000
----------------------------------------------------------
 Sub-region num.                     1
----------------------------------------------------------
 Length   [L]        0.15000E+03  0.15000E+03
 W-volume [L]        0.24730E+02  0.24730E+02
 In-flow  [L/T]     -0.28719E+00 -0.28719E+00
 h Mean   [L]       -0.18841E+03 -0.18841E+03
 Top Flux [L/T]     -0.14539E-03
 Bot Flux [L/T]      0.00000E+00
 WatBalT  [L]        0.13090E-01
 WatBalR  [%]              0.052
----------------------------------------------------------

----------------------------------------------------------
 Time       [T]      215.0000
----------------------------------------------------------
 Sub-region num.                     1
----------------------------------------------------------
 Length   [L]        0.15000E+03  0.15000E+03
 W-volume [L]        0.24492E+02  0.24492E+02
 In-flow  [L/T]     -0.21334E+00 -0.21334E+00
 h Mean   [L]       -0.21146E+03 -0.21146E+03
 Top Flux [L/T]     -0.18726E-03
 Bot Flux [L/T]      0.00000E+00
 WatBalT  [L]       -0.27763E-01
 WatBalR  [%]              0.110
----------------------------------------------------------

----------------------------------------------------------
 Time       [T]      216.0000
----------------------------------------------------------
 Sub-region num.                     1
----------------------------------------------------------
 Length   [L]        0.15000E+03  0.15000E+03
 W-volume [L]        0.24333E+02  0.24333E+02
 In-flow  [L/T]     -0.13728E+00 -0.13728E+00
 h Mean   [L]       -0.23243E+03 -0.23243E+03
 Top Flux [L/T]     -0.23680E-03
 Bot Flux [L/T]      0.00000E+00
 WatBalT  [L]       -0.62062E-01
 WatBalR  [%]              0.245
----------------------------------------------------------

----------------------------------------------------------
 Time       [T]      217.0000
----------------------------------------------------------
 Sub-region num.                     1
----------------------------------------------------------
 Length   [L]        0.15000E+03  0.15000E+03
 W-volume [L]        0.24249E+02  0.24249E+02
 In-flow  [L/T]     -0.55301E-01 -0.55301E-01
 h Mean   [L]       -0.24511E+03 -0.24511E+03
 Top Flux [L/T]     -0.25109E-03
 Bot Flux [L/T]      0.00000E+00
 WatBalT  [L]       -0.93715E-01
 WatBalR  [%]              0.370
----------------------------------------------------------

----------------------------------------------------------
 Time       [T]      218.0000
----------------------------------------------------------
 Sub-region num.                     1
----------------------------------------------------------
 Length   [L]        0.15000E+03  0.15000E+03
 W-volume [L]        0.24207E+02  0.24207E+02
 In-flow  [L/T]     -0.34444E-01 -0.34444E-01
 h Mean   [L]       -0.25148E+03 -0.25148E+03
 Top Flux [L/T]     -0.24433E-03
 Bot Flux [L/T]      0.00000E+00
 WatBalT  [L]       -0.10260E+00
 WatBalR  [%]              0.404
----------------------------------------------------------

----------------------------------------------------------
 Time       [T]      219.0000
----------------------------------------------------------
 Sub-region num.                     1
----------------------------------------------------------
 Length   [L]        0.15000E+03  0.15000E+03
 W-volume [L]        0.24165E+02  0.24165E+02
 In-flow  [L/T]     -0.53587E-01 -0.53587E-01
 h Mean   [L]       -0.25851E+03 -0.25851E+03
 Top Flux [L/T]     -0.23600E-03
 Bot Flux [L/T]      0.00000E+00
 WatBalT  [L]       -0.97128E-01
 WatBalR  [%]              0.382
----------------------------------------------------------

----------------------------------------------------------
 Time       [T]      220.0000
----------------------------------------------------------
 Sub-region num.                     1
----------------------------------------------------------
 Length   [L]        0.15000E+03  0.15000E+03
 W-volume [L]        0.24126E+02  0.24126E+02
 In-flow  [L/T]     -0.35261E-01 -0.35261E-01
 h Mean   [L]       -0.26481E+03 -0.26481E+03
 Top Flux [L/T]     -0.22627E-03
 Bot Flux [L/T]      0.00000E+00
 WatBalT  [L]       -0.10433E+00
 WatBalR  [%]              0.410
----------------------------------------------------------

----------------------------------------------------------
 Time       [T]      221.0000
----------------------------------------------------------
 Sub-region num.                     1
----------------------------------------------------------
 Length   [L]        0.15000E+03  0.15000E+03
 W-volume [L]        0.24100E+02  0.24100E+02
 In-flow  [L/T]     -0.25151E-01 -0.25151E-01
 h Mean   [L]       -0.26899E+03 -0.26899E+03
 Top Flux [L/T]     -0.21394E-03
 Bot Flux [L/T]      0.00000E+00
 WatBalT  [L]       -0.10808E+00
 WatBalR  [%]              0.424
----------------------------------------------------------

----------------------------------------------------------
 Time       [T]      222.0000
----------------------------------------------------------
 Sub-region num.                     1
----------------------------------------------------------
 Length   [L]        0.15000E+03  0.15000E+03
 W-volume [L]        0.24080E+02  0.24080E+02
 In-flow  [L/T]     -0.19298E-01 -0.19298E-01
 h Mean   [L]       -0.27141E+03 -0.27141E+03
 Top Flux [L/T]     -0.20159E-03
 Bot Flux [L/T]      0.00000E+00
 WatBalT  [L]       -0.10977E+00
 WatBalR  [%]              0.430
----------------------------------------------------------

----------------------------------------------------------
 Time       [T]      223.0000
----------------------------------------------------------
 Sub-region num.                     1
----------------------------------------------------------
 Length   [L]        0.15000E+03  0.15000E+03
 W-volume [L]        0.24065E+02  0.24065E+02
 In-flow  [L/T]     -0.13570E-01 -0.13570E-01
 h Mean   [L]       -0.27277E+03 -0.27277E+03
 Top Flux [L/T]     -0.18973E-03
 Bot Flux [L/T]      0.00000E+00
 WatBalT  [L]       -0.11183E+00
 WatBalR  [%]              0.438
----------------------------------------------------------

----------------------------------------------------------
 Time       [T]      224.0000
----------------------------------------------------------
 Sub-region num.                     1
----------------------------------------------------------
 Length   [L]        0.15000E+03  0.15000E+03
 W-volume [L]        0.24054E+02  0.24054E+02
 In-flow  [L/T]     -0.84900E-02 -0.84900E-02
 h Mean   [L]       -0.27351E+03 -0.27351E+03
 Top Flux [L/T]     -0.17843E-03
 Bot Flux [L/T]      0.00000E+00
 WatBalT  [L]       -0.11403E+00
 WatBalR  [%]              0.447
----------------------------------------------------------

----------------------------------------------------------
 Time       [T]      225.0000
----------------------------------------------------------
 Sub-region num.                     1
----------------------------------------------------------
 Length   [L]        0.15000E+03  0.15000E+03
 W-volume [L]        0.24045E+02  0.24045E+02
 In-flow  [L/T]     -0.10555E-01 -0.10555E-01
 h Mean   [L]       -0.27411E+03 -0.27411E+03
 Top Flux [L/T]     -0.16798E-03
 Bot Flux [L/T]      0.00000E+00
 WatBalT  [L]       -0.11301E+00
 WatBalR  [%]              0.442
----------------------------------------------------------

----------------------------------------------------------
 Time       [T]      226.0000
----------------------------------------------------------
 Sub-region num.                     1
----------------------------------------------------------
 Length   [L]        0.15000E+03  0.15000E+03
 W-volume [L]        0.24034E+02  0.24034E+02
 In-flow  [L/T]     -0.11645E-01 -0.11645E-01
 h Mean   [L]       -0.27478E+03 -0.27478E+03
 Top Flux [L/T]     -0.15819E-03
 Bot Flux [L/T]      0.00000E+00
 WatBalT  [L]       -0.11246E+00
 WatBalR  [%]              0.440
----------------------------------------------------------

----------------------------------------------------------
 Time       [T]      227.0000
----------------------------------------------------------
 Sub-region num.                     1
----------------------------------------------------------
 Length   [L]        0.15000E+03  0.15000E+03
 W-volume [L]        0.24022E+02  0.24022E+02
 In-flow  [L/T]     -0.11952E-01 -0.11952E-01
 h Mean   [L]       -0.27543E+03 -0.27543E+03
 Top Flux [L/T]     -0.14894E-03
 Bot Flux [L/T]      0.00000E+00
 WatBalT  [L]       -0.11228E+00
 WatBalR  [%]              0.439
----------------------------------------------------------

----------------------------------------------------------
 Time       [T]      228.0000
----------------------------------------------------------
 Sub-region num.                     1
----------------------------------------------------------
 Length   [L]        0.15000E+03  0.15000E+03
 W-volume [L]        0.24012E+02  0.24012E+02
 In-flow  [L/T]     -0.87346E-02 -0.87346E-02
 h Mean   [L]       -0.27598E+03 -0.27598E+03
 Top Flux [L/T]     -0.14012E-03
 Bot Flux [L/T]      0.00000E+00
 WatBalT  [L]       -0.11385E+00
 WatBalR  [%]              0.445
----------------------------------------------------------

----------------------------------------------------------
 Time       [T]      229.0000
----------------------------------------------------------
 Sub-region num.                     1
----------------------------------------------------------
 Length   [L]        0.15000E+03  0.15000E+03
 W-volume [L]        0.24001E+02  0.24001E+02
 In-flow  [L/T]     -0.11827E-01 -0.11827E-01
 h Mean   [L]       -0.27652E+03 -0.27652E+03
 Top Flux [L/T]     -0.13192E-03
 Bot Flux [L/T]      0.00000E+00
 WatBalT  [L]       -0.11237E+00
 WatBalR  [%]              0.439
----------------------------------------------------------

----------------------------------------------------------
 Time       [T]      230.0000
----------------------------------------------------------
 Sub-region num.                     1
----------------------------------------------------------
 Length   [L]        0.15000E+03  0.15000E+03
 W-volume [L]        0.23989E+02  0.23989E+02
 In-flow  [L/T]     -0.13828E-01 -0.13828E-01
 h Mean   [L]       -0.27712E+03 -0.27712E+03
 Top Flux [L/T]     -0.12423E-03
 Bot Flux [L/T]      0.00000E+00
 WatBalT  [L]       -0.11139E+00
 WatBalR  [%]              0.435
----------------------------------------------------------

----------------------------------------------------------
 Time       [T]      231.0000
----------------------------------------------------------
 Sub-region num.                     1
----------------------------------------------------------
 Length   [L]        0.15000E+03  0.15000E+03
 W-volume [L]        0.23978E+02  0.23978E+02
 In-flow  [L/T]     -0.76949E-02 -0.76949E-02
 h Mean   [L]       -0.27766E+03 -0.27766E+03
 Top Flux [L/T]     -0.11684E-03
 Bot Flux [L/T]      0.00000E+00
 WatBalT  [L]       -0.11435E+00
 WatBalR  [%]              0.447
----------------------------------------------------------

----------------------------------------------------------
 Time       [T]      232.0000
----------------------------------------------------------
 Sub-region num.                     1
----------------------------------------------------------
 Length   [L]        0.15000E+03  0.15000E+03
 W-volume [L]        0.23971E+02  0.23971E+02
 In-flow  [L/T]     -0.64401E-02 -0.64401E-02
 h Mean   [L]       -0.27803E+03 -0.27803E+03
 Top Flux [L/T]     -0.10989E-03
 Bot Flux [L/T]      0.00000E+00
 WatBalT  [L]       -0.11497E+00
 WatBalR  [%]              0.449
----------------------------------------------------------

----------------------------------------------------------
 Time       [T]      233.0000
----------------------------------------------------------
 Sub-region num.                     1
----------------------------------------------------------
 Length   [L]        0.15000E+03  0.15000E+03
 W-volume [L]        0.23966E+02  0.23966E+02
 In-flow  [L/T]     -0.30786E-02 -0.30786E-02
 h Mean   [L]       -0.27827E+03 -0.27827E+03
 Top Flux [L/T]     -0.10332E-03
 Bot Flux [L/T]      0.00000E+00
 WatBalT  [L]       -0.11664E+00
 WatBalR  [%]              0.455
----------------------------------------------------------

----------------------------------------------------------
 Time       [T]      234.0000
----------------------------------------------------------
 Sub-region num.                     1
----------------------------------------------------------
 Length   [L]        0.15000E+03  0.15000E+03
 W-volume [L]        0.23960E+02  0.23960E+02
 In-flow  [L/T]     -0.88157E-02 -0.88157E-02
 h Mean   [L]       -0.27860E+03 -0.27860E+03
 Top Flux [L/T]     -0.97326E-04
 Bot Flux [L/T]      0.00000E+00
 WatBalT  [L]       -0.11385E+00
 WatBalR  [%]              0.444
----------------------------------------------------------

----------------------------------------------------------
 Time       [T]      235.0000
----------------------------------------------------------
 Sub-region num.                     1
----------------------------------------------------------
 Length   [L]        0.15000E+03  0.15000E+03
 W-volume [L]        0.23951E+02  0.23951E+02
 In-flow  [L/T]     -0.94118E-02 -0.94118E-02
 h Mean   [L]       -0.27908E+03 -0.27908E+03
 Top Flux [L/T]     -0.91670E-04
 Bot Flux [L/T]      0.00000E+00
 WatBalT  [L]       -0.11355E+00
 WatBalR  [%]              0.443
----------------------------------------------------------

----------------------------------------------------------
 Time       [T]      236.0000
----------------------------------------------------------
 Sub-region num.                     1
----------------------------------------------------------
 Length   [L]        0.15000E+03  0.15000E+03
 W-volume [L]        0.23942E+02  0.23942E+02
 In-flow  [L/T]     -0.83231E-02 -0.83231E-02
 h Mean   [L]       -0.27959E+03 -0.27959E+03
 Top Flux [L/T]     -0.86277E-04
 Bot Flux [L/T]      0.00000E+00
 WatBalT  [L]       -0.11408E+00
 WatBalR  [%]              0.445
----------------------------------------------------------

----------------------------------------------------------
 Time       [T]      237.0000
----------------------------------------------------------
 Sub-region num.                     1
----------------------------------------------------------
 Length   [L]        0.15000E+03  0.15000E+03
 W-volume [L]        0.23935E+02  0.23935E+02
 In-flow  [L/T]     -0.64912E-02 -0.64912E-02
 h Mean   [L]       -0.28001E+03 -0.28001E+03
 Top Flux [L/T]     -0.81174E-04
 Bot Flux [L/T]      0.00000E+00
 WatBalT  [L]       -0.11497E+00
 WatBalR  [%]              0.448
----------------------------------------------------------

----------------------------------------------------------
 Time       [T]      238.0000
----------------------------------------------------------
 Sub-region num.                     1
----------------------------------------------------------
 Length   [L]        0.15000E+03  0.15000E+03
 W-volume [L]        0.23928E+02  0.23928E+02
 In-flow  [L/T]     -0.80114E-02 -0.80114E-02
 h Mean   [L]       -0.28044E+03 -0.28044E+03
 Top Flux [L/T]     -0.76402E-04
 Bot Flux [L/T]      0.00000E+00
 WatBalT  [L]       -0.11423E+00
 WatBalR  [%]              0.445
----------------------------------------------------------

----------------------------------------------------------
 Time       [T]      239.0000
----------------------------------------------------------
 Sub-region num.                     1
----------------------------------------------------------
 Length   [L]        0.15000E+03  0.15000E+03
 W-volume [L]        0.23920E+02  0.23920E+02
 In-flow  [L/T]     -0.68882E-02 -0.68882E-02
 h Mean   [L]       -0.28085E+03 -0.28085E+03
 Top Flux [L/T]     -0.71900E-04
 Bot Flux [L/T]      0.00000E+00
 WatBalT  [L]       -0.11478E+00
 WatBalR  [%]              0.447
----------------------------------------------------------

----------------------------------------------------------
 Time       [T]      240.0000
----------------------------------------------------------
 Sub-region num.                     1
----------------------------------------------------------
 Length   [L]        0.15000E+03  0.15000E+03
 W-volume [L]        0.23914E+02  0.23914E+02
 In-flow  [L/T]     -0.63182E-02 -0.63182E-02
 h Mean   [L]       -0.28130E+03 -0.28130E+03
 Top Flux [L/T]     -0.67657E-04
 Bot Flux [L/T]      0.00000E+00
 WatBalT  [L]       -0.11506E+00
 WatBalR  [%]              0.448
----------------------------------------------------------

----------------------------------------------------------
 Time       [T]      241.0000
----------------------------------------------------------
 Sub-region num.                     1
----------------------------------------------------------
 Length   [L]        0.15000E+03  0.15000E+03
 W-volume [L]        0.23907E+02  0.23907E+02
 In-flow  [L/T]     -0.75690E-02 -0.75690E-02
 h Mean   [L]       -0.28174E+03 -0.28174E+03
 Top Flux [L/T]     -0.63681E-04
 Bot Flux [L/T]      0.00000E+00
 WatBalT  [L]       -0.11446E+00
 WatBalR  [%]              0.446
----------------------------------------------------------

----------------------------------------------------------
 Time       [T]      242.0000
----------------------------------------------------------
 Sub-region num.                     1
----------------------------------------------------------
 Length   [L]        0.15000E+03  0.15000E+03
 W-volume [L]        0.23899E+02  0.23899E+02
 In-flow  [L/T]     -0.88294E-02 -0.88294E-02
 h Mean   [L]       -0.28224E+03 -0.28224E+03
 Top Flux [L/T]     -0.59941E-04
 Bot Flux [L/T]      0.00000E+00
 WatBalT  [L]       -0.11383E+00
 WatBalR  [%]              0.443
----------------------------------------------------------

----------------------------------------------------------
 Time       [T]      243.0000
----------------------------------------------------------
 Sub-region num.                     1
----------------------------------------------------------
 Length   [L]        0.15000E+03  0.15000E+03
 W-volume [L]        0.23891E+02  0.23891E+02
 In-flow  [L/T]     -0.70808E-02 -0.70808E-02
 h Mean   [L]       -0.28268E+03 -0.28268E+03
 Top Flux [L/T]     -0.56403E-04
 Bot Flux [L/T]      0.00000E+00
 WatBalT  [L]       -0.11468E+00
 WatBalR  [%]              0.446
----------------------------------------------------------

----------------------------------------------------------
 Time       [T]      244.0000
----------------------------------------------------------
 Sub-region num.                     1
----------------------------------------------------------
 Length   [L]        0.15000E+03  0.15000E+03
 W-volume [L]        0.23887E+02  0.23887E+02
 In-flow  [L/T]     -0.97930E-04 -0.97930E-04
 h Mean   [L]       -0.28287E+03 -0.28287E+03
 Top Flux [L/T]     -0.53109E-04
 Bot Flux [L/T]      0.00000E+00
 WatBalT  [L]        0.63388E+01
 WatBalR  [%]             19.714
----------------------------------------------------------

----------------------------------------------------------
 Time       [T]      245.0000
----------------------------------------------------------
 Sub-region num.                     1
----------------------------------------------------------
 Length   [L]        0.15000E+03  0.15000E+03
 W-volume [L]        0.13166E+02  0.13166E+02
 In-flow  [L/T]     -0.85296E+01 -0.85296E+01
 h Mean   [L]       -0.37606E+03 -0.37606E+03
 Top Flux [L/T]     -0.50023E-04
 Bot Flux [L/T]      0.00000E+00
 WatBalT  [L]        0.20142E+01
 WatBalR  [%]              5.225
----------------------------------------------------------

----------------------------------------------------------
 Time       [T]      246.0000
----------------------------------------------------------
 Sub-region num.                     1
----------------------------------------------------------
 Length   [L]        0.15000E+03  0.15000E+03
 W-volume [L]        0.99670E+01  0.99670E+01
 In-flow  [L/T]     -0.21326E+01 -0.21326E+01
 h Mean   [L]       -0.57112E+03 -0.57112E+03
 Top Flux [L/T]     -0.47119E-04
 Bot Flux [L/T]      0.00000E+00
 WatBalT  [L]        0.41491E+00
 WatBalR  [%]              1.033
----------------------------------------------------------

----------------------------------------------------------
 Time       [T]      247.0000
----------------------------------------------------------
 Sub-region num.                     1
----------------------------------------------------------
 Length   [L]        0.15000E+03  0.15000E+03
 W-volume [L]        0.91673E+01  0.91673E+01
 In-flow  [L/T]     -0.53310E+00 -0.53310E+00
 h Mean   [L]       -0.71596E+03 -0.71596E+03
 Top Flux [L/T]     -0.44257E-04
 Bot Flux [L/T]      0.00000E+00
 WatBalT  [L]        0.15125E-01
 WatBalR  [%]              0.037
----------------------------------------------------------

----------------------------------------------------------
 Time       [T]      248.0000
----------------------------------------------------------
 Sub-region num.                     1
----------------------------------------------------------
 Length   [L]        0.15000E+03  0.15000E+03
 W-volume [L]        0.89674E+01  0.89674E+01
 In-flow  [L/T]     -0.13320E+00 -0.13320E+00
 h Mean   [L]       -0.76833E+03 -0.76833E+03
 Top Flux [L/T]     -0.41630E-04
 Bot Flux [L/T]      0.00000E+00
 WatBalT  [L]       -0.84822E-01
 WatBalR  [%]              0.209
----------------------------------------------------------

----------------------------------------------------------
 Time       [T]      249.0000
----------------------------------------------------------
 Sub-region num.                     1
----------------------------------------------------------
 Length   [L]        0.15000E+03  0.15000E+03
 W-volume [L]        0.89174E+01  0.89174E+01
 In-flow  [L/T]     -0.33303E-01 -0.33303E-01
 h Mean   [L]       -0.78564E+03 -0.78564E+03
 Top Flux [L/T]     -0.39210E-04
 Bot Flux [L/T]      0.00000E+00
 WatBalT  [L]       -0.10991E+00
 WatBalR  [%]              0.270
----------------------------------------------------------

----------------------------------------------------------
 Time       [T]      250.0000
----------------------------------------------------------
 Sub-region num.                     1
----------------------------------------------------------
 Length   [L]        0.15000E+03  0.15000E+03
 W-volume [L]        0.89051E+01  0.89051E+01
 In-flow  [L/T]     -0.80867E-02 -0.80867E-02
 h Mean   [L]       -0.79036E+03 -0.79036E+03
 Top Flux [L/T]     -0.36849E-04
 Bot Flux [L/T]      0.00000E+00
 WatBalT  [L]       -0.11812E+00
 WatBalR  [%]              0.290
----------------------------------------------------------

----------------------------------------------------------
 Time       [T]      251.0000
----------------------------------------------------------
 Sub-region num.                     1
----------------------------------------------------------
 Length   [L]        0.15000E+03  0.15000E+03
 W-volume [L]        0.89050E+01  0.89050E+01
 In-flow  [L/T]     -0.47088E-05 -0.47088E-05
 h Mean   [L]       -0.79046E+03 -0.79046E+03
 Top Flux [L/T]     -0.34712E-04
 Bot Flux [L/T]      0.00000E+00
 WatBalT  [L]       -0.11819E+00
 WatBalR  [%]              0.291
----------------------------------------------------------

----------------------------------------------------------
 Time       [T]      252.0000
----------------------------------------------------------
 Sub-region num.                     1
----------------------------------------------------------
 Length   [L]        0.15000E+03  0.15000E+03
 W-volume [L]        0.89050E+01  0.89050E+01
 In-flow  [L/T]     -0.47088E-05 -0.47088E-05
 h Mean   [L]       -0.79045E+03 -0.79045E+03
 Top Flux [L/T]     -0.32628E-04
 Bot Flux [L/T]      0.00000E+00
 WatBalT  [L]       -0.11816E+00
 WatBalR  [%]              0.290
----------------------------------------------------------

----------------------------------------------------------
 Time       [T]      253.0000
----------------------------------------------------------
 Sub-region num.                     1
----------------------------------------------------------
 Length   [L]        0.15000E+03  0.15000E+03
 W-volume [L]        0.89049E+01  0.89049E+01
 In-flow  [L/T]     -0.46492E-05 -0.46492E-05
 h Mean   [L]       -0.79045E+03 -0.79045E+03
 Top Flux [L/T]     -0.30699E-04
 Bot Flux [L/T]      0.00000E+00
 WatBalT  [L]       -0.11817E+00
 WatBalR  [%]              0.290
----------------------------------------------------------

----------------------------------------------------------
 Time       [T]      254.0000
----------------------------------------------------------
 Sub-region num.                     1
----------------------------------------------------------
 Length   [L]        0.15000E+03  0.15000E+03
 W-volume [L]        0.89049E+01  0.89049E+01
 In-flow  [L/T]     -0.46492E-05 -0.46492E-05
 h Mean   [L]       -0.79045E+03 -0.79045E+03
 Top Flux [L/T]     -0.28881E-04
 Bot Flux [L/T]      0.00000E+00
 WatBalT  [L]       -0.11815E+00
 WatBalR  [%]              0.290
----------------------------------------------------------

----------------------------------------------------------
 Time       [T]      255.0000
----------------------------------------------------------
 Sub-region num.                     1
----------------------------------------------------------
 Length   [L]        0.15000E+03  0.15000E+03
 W-volume [L]        0.89049E+01  0.89049E+01
 In-flow  [L/T]     -0.46492E-05 -0.46492E-05
 h Mean   [L]       -0.79045E+03 -0.79045E+03
 Top Flux [L/T]     -0.27185E-04
 Bot Flux [L/T]      0.00000E+00
 WatBalT  [L]       -0.11820E+00
 WatBalR  [%]              0.291
----------------------------------------------------------

----------------------------------------------------------
 Time       [T]      256.0000
----------------------------------------------------------
 Sub-region num.                     1
----------------------------------------------------------
 Length   [L]        0.15000E+03  0.15000E+03
 W-volume [L]        0.89048E+01  0.89048E+01
 In-flow  [L/T]     -0.37968E-04 -0.37968E-04
 h Mean   [L]       -0.79045E+03 -0.79045E+03
 Top Flux [L/T]     -0.25575E-04
 Bot Flux [L/T]      0.00000E+00
 WatBalT  [L]       -0.11820E+00
 WatBalR  [%]              0.291
----------------------------------------------------------

----------------------------------------------------------
 Time       [T]      257.0000
----------------------------------------------------------
 Sub-region num.                     1
----------------------------------------------------------
 Length   [L]        0.15000E+03  0.15000E+03
 W-volume [L]        0.89048E+01  0.89048E+01
 In-flow  [L/T]     -0.15599E-03 -0.15599E-03
 h Mean   [L]       -0.79047E+03 -0.79047E+03
 Top Flux [L/T]     -0.24107E-04
 Bot Flux [L/T]      0.00000E+00
 WatBalT  [L]       -0.11820E+00
 WatBalR  [%]              0.291
----------------------------------------------------------

----------------------------------------------------------
 Time       [T]      258.0000
----------------------------------------------------------
 Sub-region num.                     1
----------------------------------------------------------
 Length   [L]        0.15000E+03  0.15000E+03
 W-volume [L]        0.89047E+01  0.89047E+01
 In-flow  [L/T]     -0.45598E-05 -0.45598E-05
 h Mean   [L]       -0.79046E+03 -0.79046E+03
 Top Flux [L/T]     -0.22659E-04
 Bot Flux [L/T]      0.00000E+00
 WatBalT  [L]       -0.11820E+00
 WatBalR  [%]              0.291
----------------------------------------------------------

----------------------------------------------------------
 Time       [T]      259.0000
----------------------------------------------------------
 Sub-region num.                     1
----------------------------------------------------------
 Length   [L]        0.15000E+03  0.15000E+03
 W-volume [L]        0.89047E+01  0.89047E+01
 In-flow  [L/T]     -0.46343E-05 -0.46343E-05
 h Mean   [L]       -0.79045E+03 -0.79045E+03
 Top Flux [L/T]     -0.21303E-04
 Bot Flux [L/T]      0.00000E+00
 WatBalT  [L]       -0.11820E+00
 WatBalR  [%]              0.291
----------------------------------------------------------

----------------------------------------------------------
 Time       [T]      260.0000
----------------------------------------------------------
 Sub-region num.                     1
----------------------------------------------------------
 Length   [L]        0.15000E+03  0.15000E+03
 W-volume [L]        0.89047E+01  0.89047E+01
 In-flow  [L/T]     -0.63583E-04 -0.63583E-04
 h Mean   [L]       -0.79045E+03 -0.79045E+03
 Top Flux [L/T]     -0.20051E-04
 Bot Flux [L/T]      0.00000E+00
 WatBalT  [L]       -0.11820E+00
 WatBalR  [%]              0.291
----------------------------------------------------------

----------------------------------------------------------
 Time       [T]      261.0000
----------------------------------------------------------
 Sub-region num.                     1
----------------------------------------------------------
 Length   [L]        0.15000E+03  0.15000E+03
 W-volume [L]        0.89047E+01  0.89047E+01
 In-flow  [L/T]     -0.46492E-05 -0.46492E-05
 h Mean   [L]       -0.79045E+03 -0.79045E+03
 Top Flux [L/T]     -0.18852E-04
 Bot Flux [L/T]      0.00000E+00
 WatBalT  [L]       -0.11818E+00
 WatBalR  [%]              0.291
----------------------------------------------------------

----------------------------------------------------------
 Time       [T]      262.0000
----------------------------------------------------------
 Sub-region num.                     1
----------------------------------------------------------
 Length   [L]        0.15000E+03  0.15000E+03
 W-volume [L]        0.89047E+01  0.89047E+01
 In-flow  [L/T]     -0.45896E-05 -0.45896E-05
 h Mean   [L]       -0.79045E+03 -0.79045E+03
 Top Flux [L/T]     -0.17738E-04
 Bot Flux [L/T]      0.00000E+00
 WatBalT  [L]       -0.11819E+00
 WatBalR  [%]              0.291
----------------------------------------------------------

----------------------------------------------------------
 Time       [T]      263.0000
----------------------------------------------------------
 Sub-region num.                     1
----------------------------------------------------------
 Length   [L]        0.15000E+03  0.15000E+03
 W-volume [L]        0.89047E+01  0.89047E+01
 In-flow  [L/T]     -0.45896E-05 -0.45896E-05
 h Mean   [L]       -0.79045E+03 -0.79045E+03
 Top Flux [L/T]     -0.16688E-04
 Bot Flux [L/T]      0.00000E+00
 WatBalT  [L]       -0.11816E+00
 WatBalR  [%]              0.290
----------------------------------------------------------

----------------------------------------------------------
 Time       [T]      264.0000
----------------------------------------------------------
 Sub-region num.                     1
----------------------------------------------------------
 Length   [L]        0.15000E+03  0.15000E+03
 W-volume [L]        0.89046E+01  0.89046E+01
 In-flow  [L/T]     -0.45598E-05 -0.45598E-05
 h Mean   [L]       -0.79045E+03 -0.79045E+03
 Top Flux [L/T]     -0.15711E-04
 Bot Flux [L/T]      0.00000E+00
 WatBalT  [L]       -0.11820E+00
 WatBalR  [%]              0.291
----------------------------------------------------------

----------------------------------------------------------
 Time       [T]      265.0000
----------------------------------------------------------
 Sub-region num.                     1
----------------------------------------------------------
 Length   [L]        0.15000E+03  0.15000E+03
 W-volume [L]        0.89046E+01  0.89046E+01
 In-flow  [L/T]     -0.45598E-05 -0.45598E-05
 h Mean   [L]       -0.79045E+03 -0.79045E+03
 Top Flux [L/T]     -0.14776E-04
 Bot Flux [L/T]      0.00000E+00
 WatBalT  [L]       -0.11820E+00
 WatBalR  [%]              0.291
----------------------------------------------------------

----------------------------------------------------------
 Time       [T]      266.0000
----------------------------------------------------------
 Sub-region num.                     1
----------------------------------------------------------
 Length   [L]        0.15000E+03  0.15000E+03
 W-volume [L]        0.89046E+01  0.89046E+01
 In-flow  [L/T]     -0.10055E-03 -0.10055E-03
 h Mean   [L]       -0.79046E+03 -0.79046E+03
 Top Flux [L/T]     -0.13920E-04
 Bot Flux [L/T]      0.00000E+00
 WatBalT  [L]       -0.11820E+00
 WatBalR  [%]              0.291
----------------------------------------------------------

----------------------------------------------------------
 Time       [T]      267.0000
----------------------------------------------------------
 Sub-region num.                     1
----------------------------------------------------------
 Length   [L]        0.15000E+03  0.15000E+03
 W-volume [L]        0.89046E+01  0.89046E+01
 In-flow  [L/T]     -0.45449E-05 -0.45449E-05
 h Mean   [L]       -0.79046E+03 -0.79046E+03
 Top Flux [L/T]     -0.13089E-04
 Bot Flux [L/T]      0.00000E+00
 WatBalT  [L]       -0.11820E+00
 WatBalR  [%]              0.291
----------------------------------------------------------

----------------------------------------------------------
 Time       [T]      268.0000
----------------------------------------------------------
 Sub-region num.                     1
----------------------------------------------------------
 Length   [L]        0.15000E+03  0.15000E+03
 W-volume [L]        0.89046E+01  0.89046E+01
 In-flow  [L/T]     -0.45151E-05 -0.45151E-05
 h Mean   [L]       -0.79045E+03 -0.79045E+03
 Top Flux [L/T]     -0.12310E-04
 Bot Flux [L/T]      0.00000E+00
 WatBalT  [L]       -0.11821E+00
 WatBalR  [%]              0.291
----------------------------------------------------------

----------------------------------------------------------
 Time       [T]      269.0000
----------------------------------------------------------
 Sub-region num.                     1
----------------------------------------------------------
 Length   [L]        0.15000E+03  0.15000E+03
 W-volume [L]        0.89046E+01  0.89046E+01
 In-flow  [L/T]     -0.45300E-05 -0.45300E-05
 h Mean   [L]       -0.79045E+03 -0.79045E+03
 Top Flux [L/T]     -0.11577E-04
 Bot Flux [L/T]      0.00000E+00
 WatBalT  [L]       -0.11818E+00
 WatBalR  [%]              0.291
----------------------------------------------------------

----------------------------------------------------------
 Time       [T]      270.0000
----------------------------------------------------------
 Sub-region num.                     1
----------------------------------------------------------
 Length   [L]        0.15000E+03  0.15000E+03
 W-volume [L]        0.89045E+01  0.89045E+01
 In-flow  [L/T]     -0.45747E-05 -0.45747E-05
 h Mean   [L]       -0.79045E+03 -0.79045E+03
 Top Flux [L/T]     -0.10898E-04
 Bot Flux [L/T]      0.00000E+00
 WatBalT  [L]       -0.11821E+00
 WatBalR  [%]              0.291
----------------------------------------------------------

----------------------------------------------------------
 Time       [T]      271.0000
----------------------------------------------------------
 Sub-region num.                     1
----------------------------------------------------------
 Length   [L]        0.15000E+03  0.15000E+03
 W-volume [L]        0.89045E+01  0.89045E+01
 In-flow  [L/T]     -0.45002E-05 -0.45002E-05
 h Mean   [L]       -0.79045E+03 -0.79045E+03
 Top Flux [L/T]     -0.10250E-04
 Bot Flux [L/T]      0.00000E+00
 WatBalT  [L]       -0.11821E+00
 WatBalR  [%]              0.291
----------------------------------------------------------

----------------------------------------------------------
 Time       [T]      272.0000
----------------------------------------------------------
 Sub-region num.                     1
----------------------------------------------------------
 Length   [L]        0.15000E+03  0.15000E+03
 W-volume [L]        0.89045E+01  0.89045E+01
 In-flow  [L/T]     -0.70632E-04 -0.70632E-04
 h Mean   [L]       -0.79046E+03 -0.79046E+03
 Top Flux [L/T]     -0.96520E-05
 Bot Flux [L/T]      0.00000E+00
 WatBalT  [L]       -0.11821E+00
 WatBalR  [%]              0.291
----------------------------------------------------------

----------------------------------------------------------
 Time       [T]      273.0000
----------------------------------------------------------
 Sub-region num.                     1
----------------------------------------------------------
 Length   [L]        0.15000E+03  0.15000E+03
 W-volume [L]        0.89045E+01  0.89045E+01
 In-flow  [L/T]     -0.45449E-05 -0.45449E-05
 h Mean   [L]       -0.79045E+03 -0.79045E+03
 Top Flux [L/T]     -0.90775E-05
 Bot Flux [L/T]      0.00000E+00
 WatBalT  [L]       -0.11821E+00
 WatBalR  [%]              0.291
----------------------------------------------------------

----------------------------------------------------------
 Time       [T]      274.0000
----------------------------------------------------------
 Sub-region num.                     1
----------------------------------------------------------
 Length   [L]        0.15000E+03  0.15000E+03
 W-volume [L]        0.88816E+01  0.88816E+01
 In-flow  [L/T]     -0.22864E-01 -0.22864E-01
 h Mean   [L]       -0.79053E+03 -0.79053E+03
 Top Flux [L/T]     -0.72241E-13
 Bot Flux [L/T]      0.00000E+00
 WatBalT  [L]       -0.11821E+00
 WatBalR  [%]              0.290
----------------------------------------------------------

----------------------------------------------------------
 Time       [T]      275.0000
----------------------------------------------------------
 Sub-region num.                     1
----------------------------------------------------------
 Length   [L]        0.15000E+03  0.15000E+03
 W-volume [L]        0.87183E+01  0.87183E+01
 In-flow  [L/T]     -0.10823E+00 -0.10823E+00
 h Mean   [L]       -0.41237E+04 -0.41237E+04
 Top Flux [L/T]      0.99840E-31
 Bot Flux [L/T]      0.00000E+00
 WatBalT  [L]       -0.11821E+00
 WatBalR  [%]              0.289
----------------------------------------------------------

----------------------------------------------------------
 Time       [T]      276.0000
----------------------------------------------------------
 Sub-region num.                     1
----------------------------------------------------------
 Length   [L]        0.15000E+03  0.15000E+03
 W-volume [L]        0.87182E+01  0.87182E+01
 In-flow  [L/T]      0.90569E-04  0.90569E-04
 h Mean   [L]       -0.41237E+04 -0.41237E+04
 Top Flux [L/T]      0.99840E-31
 Bot Flux [L/T]      0.00000E+00
 WatBalT  [L]       -0.11821E+00
 WatBalR  [%]              0.289
----------------------------------------------------------

----------------------------------------------------------
 Time       [T]      277.0000
----------------------------------------------------------
 Sub-region num.                     1
----------------------------------------------------------
 Length   [L]        0.15000E+03  0.15000E+03
 W-volume [L]        0.87182E+01  0.87182E+01
 In-flow  [L/T]     -0.44405E-05 -0.44405E-05
 h Mean   [L]       -0.41237E+04 -0.41237E+04
 Top Flux [L/T]      0.99840E-31
 Bot Flux [L/T]      0.00000E+00
 WatBalT  [L]       -0.11821E+00
 WatBalR  [%]              0.289
----------------------------------------------------------

----------------------------------------------------------
 Time       [T]      278.0000
----------------------------------------------------------
 Sub-region num.                     1
----------------------------------------------------------
 Length   [L]        0.15000E+03  0.15000E+03
 W-volume [L]        0.87182E+01  0.87182E+01
 In-flow  [L/T]     -0.44405E-05 -0.44405E-05
 h Mean   [L]       -0.41237E+04 -0.41237E+04
 Top Flux [L/T]      0.99840E-31
 Bot Flux [L/T]      0.00000E+00
 WatBalT  [L]       -0.11821E+00
 WatBalR  [%]              0.289
----------------------------------------------------------

----------------------------------------------------------
 Time       [T]      279.0000
----------------------------------------------------------
 Sub-region num.                     1
----------------------------------------------------------
 Length   [L]        0.15000E+03  0.15000E+03
 W-volume [L]        0.87182E+01  0.87182E+01
 In-flow  [L/T]     -0.44405E-05 -0.44405E-05
 h Mean   [L]       -0.41237E+04 -0.41237E+04
 Top Flux [L/T]      0.99840E-31
 Bot Flux [L/T]      0.00000E+00
 WatBalT  [L]       -0.11821E+00
 WatBalR  [%]              0.289
----------------------------------------------------------

----------------------------------------------------------
 Time       [T]      280.0000
----------------------------------------------------------
 Sub-region num.                     1
----------------------------------------------------------
 Length   [L]        0.15000E+03  0.15000E+03
 W-volume [L]        0.87182E+01  0.87182E+01
 In-flow  [L/T]     -0.44107E-05 -0.44107E-05
 h Mean   [L]       -0.41237E+04 -0.41237E+04
 Top Flux [L/T]      0.99840E-31
 Bot Flux [L/T]      0.00000E+00
 WatBalT  [L]       -0.11821E+00
 WatBalR  [%]              0.289
----------------------------------------------------------

----------------------------------------------------------
 Time       [T]      281.0000
----------------------------------------------------------
 Sub-region num.                     1
----------------------------------------------------------
 Length   [L]        0.15000E+03  0.15000E+03
 W-volume [L]        0.87182E+01  0.87182E+01
 In-flow  [L/T]     -0.44107E-05 -0.44107E-05
 h Mean   [L]       -0.41237E+04 -0.41237E+04
 Top Flux [L/T]      0.99840E-31
 Bot Flux [L/T]      0.00000E+00
 WatBalT  [L]       -0.11821E+00
 WatBalR  [%]              0.289
----------------------------------------------------------

----------------------------------------------------------
 Time       [T]      282.0000
----------------------------------------------------------
 Sub-region num.                     1
----------------------------------------------------------
 Length   [L]        0.15000E+03  0.15000E+03
 W-volume [L]        0.87182E+01  0.87182E+01
 In-flow  [L/T]     -0.44107E-05 -0.44107E-05
 h Mean   [L]       -0.41237E+04 -0.41237E+04
 Top Flux [L/T]      0.99840E-31
 Bot Flux [L/T]      0.00000E+00
 WatBalT  [L]       -0.11821E+00
 WatBalR  [%]              0.289
----------------------------------------------------------

----------------------------------------------------------
 Time       [T]      283.0000
----------------------------------------------------------
 Sub-region num.                     1
----------------------------------------------------------
 Length   [L]        0.15000E+03  0.15000E+03
 W-volume [L]        0.87182E+01  0.87182E+01
 In-flow  [L/T]     -0.43809E-05 -0.43809E-05
 h Mean   [L]       -0.41237E+04 -0.41237E+04
 Top Flux [L/T]      0.99840E-31
 Bot Flux [L/T]      0.00000E+00
 WatBalT  [L]       -0.11821E+00
 WatBalR  [%]              0.289
----------------------------------------------------------

----------------------------------------------------------
 Time       [T]      284.0000
----------------------------------------------------------
 Sub-region num.                     1
----------------------------------------------------------
 Length   [L]        0.15000E+03  0.15000E+03
 W-volume [L]        0.87182E+01  0.87182E+01
 In-flow  [L/T]     -0.43809E-05 -0.43809E-05
 h Mean   [L]       -0.41237E+04 -0.41237E+04
 Top Flux [L/T]      0.99840E-31
 Bot Flux [L/T]      0.00000E+00
 WatBalT  [L]       -0.11821E+00
 WatBalR  [%]              0.289
----------------------------------------------------------

----------------------------------------------------------
 Time       [T]      285.0000
----------------------------------------------------------
 Sub-region num.                     1
----------------------------------------------------------
 Length   [L]        0.15000E+03  0.15000E+03
 W-volume [L]        0.87182E+01  0.87182E+01
 In-flow  [L/T]     -0.43809E-05 -0.43809E-05
 h Mean   [L]       -0.41237E+04 -0.41237E+04
 Top Flux [L/T]      0.99840E-31
 Bot Flux [L/T]      0.00000E+00
 WatBalT  [L]       -0.11821E+00
 WatBalR  [%]              0.289
----------------------------------------------------------

----------------------------------------------------------
 Time       [T]      286.0000
----------------------------------------------------------
 Sub-region num.                     1
----------------------------------------------------------
 Length   [L]        0.15000E+03  0.15000E+03
 W-volume [L]        0.87182E+01  0.87182E+01
 In-flow  [L/T]     -0.43511E-05 -0.43511E-05
 h Mean   [L]       -0.41237E+04 -0.41237E+04
 Top Flux [L/T]      0.99840E-31
 Bot Flux [L/T]      0.00000E+00
 WatBalT  [L]       -0.11821E+00
 WatBalR  [%]              0.289
----------------------------------------------------------

----------------------------------------------------------
 Time       [T]      287.0000
----------------------------------------------------------
 Sub-region num.                     1
----------------------------------------------------------
 Length   [L]        0.15000E+03  0.15000E+03
 W-volume [L]        0.87182E+01  0.87182E+01
 In-flow  [L/T]     -0.43511E-05 -0.43511E-05
 h Mean   [L]       -0.41237E+04 -0.41237E+04
 Top Flux [L/T]      0.99840E-31
 Bot Flux [L/T]      0.00000E+00
 WatBalT  [L]       -0.11821E+00
 WatBalR  [%]              0.289
----------------------------------------------------------

----------------------------------------------------------
 Time       [T]      288.0000
----------------------------------------------------------
 Sub-region num.                     1
----------------------------------------------------------
 Length   [L]        0.15000E+03  0.15000E+03
 W-volume [L]        0.87182E+01  0.87182E+01
 In-flow  [L/T]     -0.43511E-05 -0.43511E-05
 h Mean   [L]       -0.41237E+04 -0.41237E+04
 Top Flux [L/T]      0.99840E-31
 Bot Flux [L/T]      0.00000E+00
 WatBalT  [L]       -0.11822E+00
 WatBalR  [%]              0.289
----------------------------------------------------------

----------------------------------------------------------
 Time       [T]      289.0000
----------------------------------------------------------
 Sub-region num.                     1
----------------------------------------------------------
 Length   [L]        0.15000E+03  0.15000E+03
 W-volume [L]        0.87182E+01  0.87182E+01
 In-flow  [L/T]     -0.43511E-05 -0.43511E-05
 h Mean   [L]       -0.41237E+04 -0.41237E+04
 Top Flux [L/T]      0.99840E-31
 Bot Flux [L/T]      0.00000E+00
 WatBalT  [L]       -0.11822E+00
 WatBalR  [%]              0.289
----------------------------------------------------------

----------------------------------------------------------
 Time       [T]      290.0000
----------------------------------------------------------
 Sub-region num.                     1
----------------------------------------------------------
 Length   [L]        0.15000E+03  0.15000E+03
 W-volume [L]        0.87182E+01  0.87182E+01
 In-flow  [L/T]     -0.43213E-05 -0.43213E-05
 h Mean   [L]       -0.41237E+04 -0.41237E+04
 Top Flux [L/T]      0.99840E-31
 Bot Flux [L/T]      0.00000E+00
 WatBalT  [L]       -0.11822E+00
 WatBalR  [%]              0.289
----------------------------------------------------------

----------------------------------------------------------
 Time       [T]      291.0000
----------------------------------------------------------
 Sub-region num.                     1
----------------------------------------------------------
 Length   [L]        0.15000E+03  0.15000E+03
 W-volume [L]        0.87182E+01  0.87182E+01
 In-flow  [L/T]     -0.43213E-05 -0.43213E-05
 h Mean   [L]       -0.41237E+04 -0.41237E+04
 Top Flux [L/T]      0.99840E-31
 Bot Flux [L/T]      0.00000E+00
 WatBalT  [L]       -0.11822E+00
 WatBalR  [%]              0.289
----------------------------------------------------------

----------------------------------------------------------
 Time       [T]      292.0000
----------------------------------------------------------
 Sub-region num.                     1
----------------------------------------------------------
 Length   [L]        0.15000E+03  0.15000E+03
 W-volume [L]        0.87182E+01  0.87182E+01
 In-flow  [L/T]     -0.43213E-05 -0.43213E-05
 h Mean   [L]       -0.41237E+04 -0.41237E+04
 Top Flux [L/T]      0.99840E-31
 Bot Flux [L/T]      0.00000E+00
 WatBalT  [L]       -0.11822E+00
 WatBalR  [%]              0.289
----------------------------------------------------------

----------------------------------------------------------
 Time       [T]      293.0000
----------------------------------------------------------
 Sub-region num.                     1
----------------------------------------------------------
 Length   [L]        0.15000E+03  0.15000E+03
 W-volume [L]        0.87181E+01  0.87181E+01
 In-flow  [L/T]     -0.42915E-05 -0.42915E-05
 h Mean   [L]       -0.41237E+04 -0.41237E+04
 Top Flux [L/T]      0.99840E-31
 Bot Flux [L/T]      0.00000E+00
 WatBalT  [L]       -0.11822E+00
 WatBalR  [%]              0.289
----------------------------------------------------------

----------------------------------------------------------
 Time       [T]      294.0000
----------------------------------------------------------
 Sub-region num.                     1
----------------------------------------------------------
 Length   [L]        0.15000E+03  0.15000E+03
 W-volume [L]        0.87181E+01  0.87181E+01
 In-flow  [L/T]     -0.42915E-05 -0.42915E-05
 h Mean   [L]       -0.41237E+04 -0.41237E+04
 Top Flux [L/T]      0.99840E-31
 Bot Flux [L/T]      0.00000E+00
 WatBalT  [L]       -0.11822E+00
 WatBalR  [%]              0.289
----------------------------------------------------------

----------------------------------------------------------
 Time       [T]      295.0000
----------------------------------------------------------
 Sub-region num.                     1
----------------------------------------------------------
 Length   [L]        0.15000E+03  0.15000E+03
 W-volume [L]        0.87181E+01  0.87181E+01
 In-flow  [L/T]     -0.42915E-05 -0.42915E-05
 h Mean   [L]       -0.41237E+04 -0.41237E+04
 Top Flux [L/T]      0.99840E-31
 Bot Flux [L/T]      0.00000E+00
 WatBalT  [L]       -0.11822E+00
 WatBalR  [%]              0.289
----------------------------------------------------------

----------------------------------------------------------
 Time       [T]      296.0000
----------------------------------------------------------
 Sub-region num.                     1
----------------------------------------------------------
 Length   [L]        0.15000E+03  0.15000E+03
 W-volume [L]        0.87181E+01  0.87181E+01
 In-flow  [L/T]     -0.42617E-05 -0.42617E-05
 h Mean   [L]       -0.41237E+04 -0.41237E+04
 Top Flux [L/T]      0.99840E-31
 Bot Flux [L/T]      0.00000E+00
 WatBalT  [L]       -0.11822E+00
 WatBalR  [%]              0.289
----------------------------------------------------------

----------------------------------------------------------
 Time       [T]      297.0000
----------------------------------------------------------
 Sub-region num.                     1
----------------------------------------------------------
 Length   [L]        0.15000E+03  0.15000E+03
 W-volume [L]        0.87181E+01  0.87181E+01
 In-flow  [L/T]     -0.42617E-05 -0.42617E-05
 h Mean   [L]       -0.41237E+04 -0.41237E+04
 Top Flux [L/T]      0.99840E-31
 Bot Flux [L/T]      0.00000E+00
 WatBalT  [L]       -0.11822E+00
 WatBalR  [%]              0.289
----------------------------------------------------------

----------------------------------------------------------
 Time       [T]      298.0000
----------------------------------------------------------
 Sub-region num.                     1
----------------------------------------------------------
 Length   [L]        0.15000E+03  0.15000E+03
 W-volume [L]        0.87181E+01  0.87181E+01
 In-flow  [L/T]     -0.42617E-05 -0.42617E-05
 h Mean   [L]       -0.41237E+04 -0.41237E+04
 Top Flux [L/T]      0.99840E-31
 Bot Flux [L/T]      0.00000E+00
 WatBalT  [L]       -0.11822E+00
 WatBalR  [%]              0.289
----------------------------------------------------------

----------------------------------------------------------
 Time       [T]      299.0000
----------------------------------------------------------
 Sub-region num.                     1
----------------------------------------------------------
 Length   [L]        0.15000E+03  0.15000E+03
 W-volume [L]        0.87181E+01  0.87181E+01
 In-flow  [L/T]     -0.42319E-05 -0.42319E-05
 h Mean   [L]       -0.41237E+04 -0.41237E+04
 Top Flux [L/T]      0.99840E-31
 Bot Flux [L/T]      0.00000E+00
 WatBalT  [L]       -0.11822E+00
 WatBalR  [%]              0.289
----------------------------------------------------------

----------------------------------------------------------
 Time       [T]      300.0000
----------------------------------------------------------
 Sub-region num.                     1
----------------------------------------------------------
 Length   [L]        0.15000E+03  0.15000E+03
 W-volume [L]        0.87181E+01  0.87181E+01
 In-flow  [L/T]     -0.42319E-05 -0.42319E-05
 h Mean   [L]       -0.41237E+04 -0.41237E+04
 Top Flux [L/T]      0.99840E-31
 Bot Flux [L/T]      0.00000E+00
 WatBalT  [L]       -0.11822E+00
 WatBalR  [%]              0.289
----------------------------------------------------------

----------------------------------------------------------
 Time       [T]      301.0000
----------------------------------------------------------
 Sub-region num.                     1
----------------------------------------------------------
 Length   [L]        0.15000E+03  0.15000E+03
 W-volume [L]        0.87181E+01  0.87181E+01
 In-flow  [L/T]     -0.42319E-05 -0.42319E-05
 h Mean   [L]       -0.41237E+04 -0.41237E+04
 Top Flux [L/T]      0.99840E-31
 Bot Flux [L/T]      0.00000E+00
 WatBalT  [L]       -0.11822E+00
 WatBalR  [%]              0.289
----------------------------------------------------------

----------------------------------------------------------
 Time       [T]      302.0000
----------------------------------------------------------
 Sub-region num.                     1
----------------------------------------------------------
 Length   [L]        0.15000E+03  0.15000E+03
 W-volume [L]        0.87181E+01  0.87181E+01
 In-flow  [L/T]     -0.42021E-05 -0.42021E-05
 h Mean   [L]       -0.41237E+04 -0.41237E+04
 Top Flux [L/T]      0.99840E-31
 Bot Flux [L/T]      0.00000E+00
 WatBalT  [L]       -0.11822E+00
 WatBalR  [%]              0.289
----------------------------------------------------------

----------------------------------------------------------
 Time       [T]      303.0000
----------------------------------------------------------
 Sub-region num.                     1
----------------------------------------------------------
 Length   [L]        0.15000E+03  0.15000E+03
 W-volume [L]        0.87181E+01  0.87181E+01
 In-flow  [L/T]     -0.42021E-05 -0.42021E-05
 h Mean   [L]       -0.41237E+04 -0.41237E+04
 Top Flux [L/T]      0.99840E-31
 Bot Flux [L/T]      0.00000E+00
 WatBalT  [L]       -0.11822E+00
 WatBalR  [%]              0.289
----------------------------------------------------------

----------------------------------------------------------
 Time       [T]      304.0000
----------------------------------------------------------
 Sub-region num.                     1
----------------------------------------------------------
 Length   [L]        0.15000E+03  0.15000E+03
 W-volume [L]        0.87181E+01  0.87181E+01
 In-flow  [L/T]     -0.42021E-05 -0.42021E-05
 h Mean   [L]       -0.41237E+04 -0.41237E+04
 Top Flux [L/T]      0.99840E-31
 Bot Flux [L/T]      0.00000E+00
 WatBalT  [L]       -0.11822E+00
 WatBalR  [%]              0.289
----------------------------------------------------------

----------------------------------------------------------
 Time       [T]      305.0000
----------------------------------------------------------
 Sub-region num.                     1
----------------------------------------------------------
 Length   [L]        0.15000E+03  0.15000E+03
 W-volume [L]        0.87181E+01  0.87181E+01
 In-flow  [L/T]     -0.42021E-05 -0.42021E-05
 h Mean   [L]       -0.41237E+04 -0.41237E+04
 Top Flux [L/T]      0.99840E-31
 Bot Flux [L/T]      0.00000E+00
 WatBalT  [L]       -0.11822E+00
 WatBalR  [%]              0.289
----------------------------------------------------------

----------------------------------------------------------
 Time       [T]      306.0000
----------------------------------------------------------
 Sub-region num.                     1
----------------------------------------------------------
 Length   [L]        0.15000E+03  0.15000E+03
 W-volume [L]        0.87181E+01  0.87181E+01
 In-flow  [L/T]     -0.41723E-05 -0.41723E-05
 h Mean   [L]       -0.41237E+04 -0.41237E+04
 Top Flux [L/T]      0.99840E-31
 Bot Flux [L/T]      0.00000E+00
 WatBalT  [L]       -0.11822E+00
 WatBalR  [%]              0.289
----------------------------------------------------------

----------------------------------------------------------
 Time       [T]      307.0000
----------------------------------------------------------
 Sub-region num.                     1
----------------------------------------------------------
 Length   [L]        0.15000E+03  0.15000E+03
 W-volume [L]        0.87181E+01  0.87181E+01
 In-flow  [L/T]     -0.41723E-05 -0.41723E-05
 h Mean   [L]       -0.41237E+04 -0.41237E+04
 Top Flux [L/T]      0.99840E-31
 Bot Flux [L/T]      0.00000E+00
 WatBalT  [L]       -0.11822E+00
 WatBalR  [%]              0.289
----------------------------------------------------------

----------------------------------------------------------
 Time       [T]      308.0000
----------------------------------------------------------
 Sub-region num.                     1
----------------------------------------------------------
 Length   [L]        0.15000E+03  0.15000E+03
 W-volume [L]        0.87181E+01  0.87181E+01
 In-flow  [L/T]     -0.41723E-05 -0.41723E-05
 h Mean   [L]       -0.41237E+04 -0.41237E+04
 Top Flux [L/T]      0.99840E-31
 Bot Flux [L/T]      0.00000E+00
 WatBalT  [L]       -0.11822E+00
 WatBalR  [%]              0.289
----------------------------------------------------------

----------------------------------------------------------
 Time       [T]      309.0000
----------------------------------------------------------
 Sub-region num.                     1
----------------------------------------------------------
 Length   [L]        0.15000E+03  0.15000E+03
 W-volume [L]        0.87181E+01  0.87181E+01
 In-flow  [L/T]     -0.41425E-05 -0.41425E-05
 h Mean   [L]       -0.41237E+04 -0.41237E+04
 Top Flux [L/T]      0.99840E-31
 Bot Flux [L/T]      0.00000E+00
 WatBalT  [L]       -0.11822E+00
 WatBalR  [%]              0.289
----------------------------------------------------------

----------------------------------------------------------
 Time       [T]      310.0000
----------------------------------------------------------
 Sub-region num.                     1
----------------------------------------------------------
 Length   [L]        0.15000E+03  0.15000E+03
 W-volume [L]        0.87181E+01  0.87181E+01
 In-flow  [L/T]     -0.41425E-05 -0.41425E-05
 h Mean   [L]       -0.41237E+04 -0.41237E+04
 Top Flux [L/T]      0.99840E-31
 Bot Flux [L/T]      0.00000E+00
 WatBalT  [L]       -0.11822E+00
 WatBalR  [%]              0.289
----------------------------------------------------------

----------------------------------------------------------
 Time       [T]      311.0000
----------------------------------------------------------
 Sub-region num.                     1
----------------------------------------------------------
 Length   [L]        0.15000E+03  0.15000E+03
 W-volume [L]        0.87181E+01  0.87181E+01
 In-flow  [L/T]     -0.41425E-05 -0.41425E-05
 h Mean   [L]       -0.41237E+04 -0.41237E+04
 Top Flux [L/T]      0.99840E-31
 Bot Flux [L/T]      0.00000E+00
 WatBalT  [L]       -0.11822E+00
 WatBalR  [%]              0.289
----------------------------------------------------------

----------------------------------------------------------
 Time       [T]      312.0000
----------------------------------------------------------
 Sub-region num.                     1
----------------------------------------------------------
 Length   [L]        0.15000E+03  0.15000E+03
 W-volume [L]        0.87181E+01  0.87181E+01
 In-flow  [L/T]     -0.41425E-05 -0.41425E-05
 h Mean   [L]       -0.41237E+04 -0.41237E+04
 Top Flux [L/T]      0.99840E-31
 Bot Flux [L/T]      0.00000E+00
 WatBalT  [L]       -0.11823E+00
 WatBalR  [%]              0.289
----------------------------------------------------------

----------------------------------------------------------
 Time       [T]      313.0000
----------------------------------------------------------
 Sub-region num.                     1
----------------------------------------------------------
 Length   [L]        0.15000E+03  0.15000E+03
 W-volume [L]        0.87181E+01  0.87181E+01
 In-flow  [L/T]     -0.41127E-05 -0.41127E-05
 h Mean   [L]       -0.41237E+04 -0.41237E+04
 Top Flux [L/T]      0.99840E-31
 Bot Flux [L/T]      0.00000E+00
 WatBalT  [L]       -0.11823E+00
 WatBalR  [%]              0.289
----------------------------------------------------------

----------------------------------------------------------
 Time       [T]      314.0000
----------------------------------------------------------
 Sub-region num.                     1
----------------------------------------------------------
 Length   [L]        0.15000E+03  0.15000E+03
 W-volume [L]        0.87181E+01  0.87181E+01
 In-flow  [L/T]     -0.41127E-05 -0.41127E-05
 h Mean   [L]       -0.41237E+04 -0.41237E+04
 Top Flux [L/T]      0.99840E-31
 Bot Flux [L/T]      0.00000E+00
 WatBalT  [L]       -0.11823E+00
 WatBalR  [%]              0.289
----------------------------------------------------------

----------------------------------------------------------
 Time       [T]      315.0000
----------------------------------------------------------
 Sub-region num.                     1
----------------------------------------------------------
 Length   [L]        0.15000E+03  0.15000E+03
 W-volume [L]        0.87181E+01  0.87181E+01
 In-flow  [L/T]     -0.41127E-05 -0.41127E-05
 h Mean   [L]       -0.41237E+04 -0.41237E+04
 Top Flux [L/T]      0.99840E-31
 Bot Flux [L/T]      0.00000E+00
 WatBalT  [L]       -0.11823E+00
 WatBalR  [%]              0.289
----------------------------------------------------------

----------------------------------------------------------
 Time       [T]      316.0000
----------------------------------------------------------
 Sub-region num.                     1
----------------------------------------------------------
 Length   [L]        0.15000E+03  0.15000E+03
 W-volume [L]        0.87180E+01  0.87180E+01
 In-flow  [L/T]     -0.40829E-05 -0.40829E-05
 h Mean   [L]       -0.41237E+04 -0.41237E+04
 Top Flux [L/T]      0.99840E-31
 Bot Flux [L/T]      0.00000E+00
 WatBalT  [L]       -0.11823E+00
 WatBalR  [%]              0.289
----------------------------------------------------------

----------------------------------------------------------
 Time       [T]      317.0000
----------------------------------------------------------
 Sub-region num.                     1
----------------------------------------------------------
 Length   [L]        0.15000E+03  0.15000E+03
 W-volume [L]        0.87180E+01  0.87180E+01
 In-flow  [L/T]     -0.40829E-05 -0.40829E-05
 h Mean   [L]       -0.41237E+04 -0.41237E+04
 Top Flux [L/T]      0.99840E-31
 Bot Flux [L/T]      0.00000E+00
 WatBalT  [L]       -0.11823E+00
 WatBalR  [%]              0.289
----------------------------------------------------------

----------------------------------------------------------
 Time       [T]      318.0000
----------------------------------------------------------
 Sub-region num.                     1
----------------------------------------------------------
 Length   [L]        0.15000E+03  0.15000E+03
 W-volume [L]        0.87180E+01  0.87180E+01
 In-flow  [L/T]     -0.40829E-05 -0.40829E-05
 h Mean   [L]       -0.41237E+04 -0.41237E+04
 Top Flux [L/T]      0.99840E-31
 Bot Flux [L/T]      0.00000E+00
 WatBalT  [L]       -0.11823E+00
 WatBalR  [%]              0.289
----------------------------------------------------------

----------------------------------------------------------
 Time       [T]      319.0000
----------------------------------------------------------
 Sub-region num.                     1
----------------------------------------------------------
 Length   [L]        0.15000E+03  0.15000E+03
 W-volume [L]        0.87180E+01  0.87180E+01
 In-flow  [L/T]     -0.40829E-05 -0.40829E-05
 h Mean   [L]       -0.41237E+04 -0.41237E+04
 Top Flux [L/T]      0.99840E-31
 Bot Flux [L/T]      0.00000E+00
 WatBalT  [L]       -0.11823E+00
 WatBalR  [%]              0.289
----------------------------------------------------------

----------------------------------------------------------
 Time       [T]      320.0000
----------------------------------------------------------
 Sub-region num.                     1
----------------------------------------------------------
 Length   [L]        0.15000E+03  0.15000E+03
 W-volume [L]        0.87180E+01  0.87180E+01
 In-flow  [L/T]     -0.40531E-05 -0.40531E-05
 h Mean   [L]       -0.41237E+04 -0.41237E+04
 Top Flux [L/T]      0.99840E-31
 Bot Flux [L/T]      0.00000E+00
 WatBalT  [L]       -0.11823E+00
 WatBalR  [%]              0.289
----------------------------------------------------------

----------------------------------------------------------
 Time       [T]      321.0000
----------------------------------------------------------
 Sub-region num.                     1
----------------------------------------------------------
 Length   [L]        0.15000E+03  0.15000E+03
 W-volume [L]        0.87180E+01  0.87180E+01
 In-flow  [L/T]     -0.40531E-05 -0.40531E-05
 h Mean   [L]       -0.41237E+04 -0.41237E+04
 Top Flux [L/T]      0.99840E-31
 Bot Flux [L/T]      0.00000E+00
 WatBalT  [L]       -0.11823E+00
 WatBalR  [%]              0.289
----------------------------------------------------------

----------------------------------------------------------
 Time       [T]      322.0000
----------------------------------------------------------
 Sub-region num.                     1
----------------------------------------------------------
 Length   [L]        0.15000E+03  0.15000E+03
 W-volume [L]        0.87180E+01  0.87180E+01
 In-flow  [L/T]     -0.40531E-05 -0.40531E-05
 h Mean   [L]       -0.41237E+04 -0.41237E+04
 Top Flux [L/T]      0.99840E-31
 Bot Flux [L/T]      0.00000E+00
 WatBalT  [L]       -0.11823E+00
 WatBalR  [%]              0.289
----------------------------------------------------------

----------------------------------------------------------
 Time       [T]      323.0000
----------------------------------------------------------
 Sub-region num.                     1
----------------------------------------------------------
 Length   [L]        0.15000E+03  0.15000E+03
 W-volume [L]        0.87180E+01  0.87180E+01
 In-flow  [L/T]     -0.40233E-05 -0.40233E-05
 h Mean   [L]       -0.41237E+04 -0.41237E+04
 Top Flux [L/T]      0.99840E-31
 Bot Flux [L/T]      0.00000E+00
 WatBalT  [L]       -0.11823E+00
 WatBalR  [%]              0.289
----------------------------------------------------------

----------------------------------------------------------
 Time       [T]      324.0000
----------------------------------------------------------
 Sub-region num.                     1
----------------------------------------------------------
 Length   [L]        0.15000E+03  0.15000E+03
 W-volume [L]        0.87180E+01  0.87180E+01
 In-flow  [L/T]     -0.40233E-05 -0.40233E-05
 h Mean   [L]       -0.41237E+04 -0.41237E+04
 Top Flux [L/T]      0.99840E-31
 Bot Flux [L/T]      0.00000E+00
 WatBalT  [L]       -0.11823E+00
 WatBalR  [%]              0.289
----------------------------------------------------------

----------------------------------------------------------
 Time       [T]      325.0000
----------------------------------------------------------
 Sub-region num.                     1
----------------------------------------------------------
 Length   [L]        0.15000E+03  0.15000E+03
 W-volume [L]        0.87180E+01  0.87180E+01
 In-flow  [L/T]     -0.40233E-05 -0.40233E-05
 h Mean   [L]       -0.41237E+04 -0.41237E+04
 Top Flux [L/T]      0.99840E-31
 Bot Flux [L/T]      0.00000E+00
 WatBalT  [L]       -0.11823E+00
 WatBalR  [%]              0.289
----------------------------------------------------------

----------------------------------------------------------
 Time       [T]      326.0000
----------------------------------------------------------
 Sub-region num.                     1
----------------------------------------------------------
 Length   [L]        0.15000E+03  0.15000E+03
 W-volume [L]        0.87180E+01  0.87180E+01
 In-flow  [L/T]     -0.40233E-05 -0.40233E-05
 h Mean   [L]       -0.41237E+04 -0.41237E+04
 Top Flux [L/T]      0.99840E-31
 Bot Flux [L/T]      0.00000E+00
 WatBalT  [L]       -0.11823E+00
 WatBalR  [%]              0.289
----------------------------------------------------------

----------------------------------------------------------
 Time       [T]      327.0000
----------------------------------------------------------
 Sub-region num.                     1
----------------------------------------------------------
 Length   [L]        0.15000E+03  0.15000E+03
 W-volume [L]        0.87180E+01  0.87180E+01
 In-flow  [L/T]     -0.39935E-05 -0.39935E-05
 h Mean   [L]       -0.41237E+04 -0.41237E+04
 Top Flux [L/T]      0.99840E-31
 Bot Flux [L/T]      0.00000E+00
 WatBalT  [L]       -0.11823E+00
 WatBalR  [%]              0.289
----------------------------------------------------------

----------------------------------------------------------
 Time       [T]      328.0000
----------------------------------------------------------
 Sub-region num.                     1
----------------------------------------------------------
 Length   [L]        0.15000E+03  0.15000E+03
 W-volume [L]        0.87180E+01  0.87180E+01
 In-flow  [L/T]     -0.39935E-05 -0.39935E-05
 h Mean   [L]       -0.41237E+04 -0.41237E+04
 Top Flux [L/T]      0.99840E-31
 Bot Flux [L/T]      0.00000E+00
 WatBalT  [L]       -0.11823E+00
 WatBalR  [%]              0.289
----------------------------------------------------------

----------------------------------------------------------
 Time       [T]      329.0000
----------------------------------------------------------
 Sub-region num.                     1
----------------------------------------------------------
 Length   [L]        0.15000E+03  0.15000E+03
 W-volume [L]        0.87180E+01  0.87180E+01
 In-flow  [L/T]     -0.39935E-05 -0.39935E-05
 h Mean   [L]       -0.41237E+04 -0.41237E+04
 Top Flux [L/T]      0.99840E-31
 Bot Flux [L/T]      0.00000E+00
 WatBalT  [L]       -0.11823E+00
 WatBalR  [%]              0.289
----------------------------------------------------------

----------------------------------------------------------
 Time       [T]      330.0000
----------------------------------------------------------
 Sub-region num.                     1
----------------------------------------------------------
 Length   [L]        0.15000E+03  0.15000E+03
 W-volume [L]        0.87180E+01  0.87180E+01
 In-flow  [L/T]     -0.39637E-05 -0.39637E-05
 h Mean   [L]       -0.41237E+04 -0.41237E+04
 Top Flux [L/T]      0.99840E-31
 Bot Flux [L/T]      0.00000E+00
 WatBalT  [L]       -0.11823E+00
 WatBalR  [%]              0.289
----------------------------------------------------------

----------------------------------------------------------
 Time       [T]      331.0000
----------------------------------------------------------
 Sub-region num.                     1
----------------------------------------------------------
 Length   [L]        0.15000E+03  0.15000E+03
 W-volume [L]        0.87180E+01  0.87180E+01
 In-flow  [L/T]     -0.39637E-05 -0.39637E-05
 h Mean   [L]       -0.41237E+04 -0.41237E+04
 Top Flux [L/T]      0.99840E-31
 Bot Flux [L/T]      0.00000E+00
 WatBalT  [L]       -0.11823E+00
 WatBalR  [%]              0.289
----------------------------------------------------------

----------------------------------------------------------
 Time       [T]      332.0000
----------------------------------------------------------
 Sub-region num.                     1
----------------------------------------------------------
 Length   [L]        0.15000E+03  0.15000E+03
 W-volume [L]        0.87180E+01  0.87180E+01
 In-flow  [L/T]     -0.39637E-05 -0.39637E-05
 h Mean   [L]       -0.41237E+04 -0.41237E+04
 Top Flux [L/T]      0.99840E-31
 Bot Flux [L/T]      0.00000E+00
 WatBalT  [L]       -0.11823E+00
 WatBalR  [%]              0.289
----------------------------------------------------------

----------------------------------------------------------
 Time       [T]      333.0000
----------------------------------------------------------
 Sub-region num.                     1
----------------------------------------------------------
 Length   [L]        0.15000E+03  0.15000E+03
 W-volume [L]        0.87180E+01  0.87180E+01
 In-flow  [L/T]     -0.39637E-05 -0.39637E-05
 h Mean   [L]       -0.41237E+04 -0.41237E+04
 Top Flux [L/T]      0.99840E-31
 Bot Flux [L/T]      0.00000E+00
 WatBalT  [L]       -0.11823E+00
 WatBalR  [%]              0.289
----------------------------------------------------------

----------------------------------------------------------
 Time       [T]      334.0000
----------------------------------------------------------
 Sub-region num.                     1
----------------------------------------------------------
 Length   [L]        0.15000E+03  0.15000E+03
 W-volume [L]        0.87180E+01  0.87180E+01
 In-flow  [L/T]     -0.39339E-05 -0.39339E-05
 h Mean   [L]       -0.41237E+04 -0.41237E+04
 Top Flux [L/T]      0.99840E-31
 Bot Flux [L/T]      0.00000E+00
 WatBalT  [L]       -0.11823E+00
 WatBalR  [%]              0.289
----------------------------------------------------------

----------------------------------------------------------
 Time       [T]      335.0000
----------------------------------------------------------
 Sub-region num.                     1
----------------------------------------------------------
 Length   [L]        0.15000E+03  0.15000E+03
 W-volume [L]        0.87180E+01  0.87180E+01
 In-flow  [L/T]     -0.39339E-05 -0.39339E-05
 h Mean   [L]       -0.41237E+04 -0.41237E+04
 Top Flux [L/T]      0.99840E-31
 Bot Flux [L/T]      0.00000E+00
 WatBalT  [L]       -0.11823E+00
 WatBalR  [%]              0.289
----------------------------------------------------------

----------------------------------------------------------
 Time       [T]      336.0000
----------------------------------------------------------
 Sub-region num.                     1
----------------------------------------------------------
 Length   [L]        0.15000E+03  0.15000E+03
 W-volume [L]        0.87180E+01  0.87180E+01
 In-flow  [L/T]     -0.39339E-05 -0.39339E-05
 h Mean   [L]       -0.41237E+04 -0.41237E+04
 Top Flux [L/T]      0.99840E-31
 Bot Flux [L/T]      0.00000E+00
 WatBalT  [L]       -0.11823E+00
 WatBalR  [%]              0.289
----------------------------------------------------------

----------------------------------------------------------
 Time       [T]      337.0000
----------------------------------------------------------
 Sub-region num.                     1
----------------------------------------------------------
 Length   [L]        0.15000E+03  0.15000E+03
 W-volume [L]        0.87180E+01  0.87180E+01
 In-flow  [L/T]     -0.39041E-05 -0.39041E-05
 h Mean   [L]       -0.41237E+04 -0.41237E+04
 Top Flux [L/T]      0.99840E-31
 Bot Flux [L/T]      0.00000E+00
 WatBalT  [L]       -0.11823E+00
 WatBalR  [%]              0.289
----------------------------------------------------------

----------------------------------------------------------
 Time       [T]      338.0000
----------------------------------------------------------
 Sub-region num.                     1
----------------------------------------------------------
 Length   [L]        0.15000E+03  0.15000E+03
 W-volume [L]        0.87180E+01  0.87180E+01
 In-flow  [L/T]     -0.39041E-05 -0.39041E-05
 h Mean   [L]       -0.41237E+04 -0.41237E+04
 Top Flux [L/T]      0.99840E-31
 Bot Flux [L/T]      0.00000E+00
 WatBalT  [L]       -0.11823E+00
 WatBalR  [%]              0.289
----------------------------------------------------------

----------------------------------------------------------
 Time       [T]      339.0000
----------------------------------------------------------
 Sub-region num.                     1
----------------------------------------------------------
 Length   [L]        0.15000E+03  0.15000E+03
 W-volume [L]        0.87180E+01  0.87180E+01
 In-flow  [L/T]     -0.39041E-05 -0.39041E-05
 h Mean   [L]       -0.41237E+04 -0.41237E+04
 Top Flux [L/T]      0.99840E-31
 Bot Flux [L/T]      0.00000E+00
 WatBalT  [L]       -0.11823E+00
 WatBalR  [%]              0.289
----------------------------------------------------------

----------------------------------------------------------
 Time       [T]      340.0000
----------------------------------------------------------
 Sub-region num.                     1
----------------------------------------------------------
 Length   [L]        0.15000E+03  0.15000E+03
 W-volume [L]        0.87180E+01  0.87180E+01
 In-flow  [L/T]     -0.38743E-05 -0.38743E-05
 h Mean   [L]       -0.41237E+04 -0.41237E+04
 Top Flux [L/T]      0.99840E-31
 Bot Flux [L/T]      0.00000E+00
 WatBalT  [L]       -0.11823E+00
 WatBalR  [%]              0.289
----------------------------------------------------------

----------------------------------------------------------
 Time       [T]      341.0000
----------------------------------------------------------
 Sub-region num.                     1
----------------------------------------------------------
 Length   [L]        0.15000E+03  0.15000E+03
 W-volume [L]        0.87179E+01  0.87179E+01
 In-flow  [L/T]     -0.38743E-05 -0.38743E-05
 h Mean   [L]       -0.41237E+04 -0.41237E+04
 Top Flux [L/T]      0.99840E-31
 Bot Flux [L/T]      0.00000E+00
 WatBalT  [L]       -0.11823E+00
 WatBalR  [%]              0.289
----------------------------------------------------------

----------------------------------------------------------
 Time       [T]      342.0000
----------------------------------------------------------
 Sub-region num.                     1
----------------------------------------------------------
 Length   [L]        0.15000E+03  0.15000E+03
 W-volume [L]        0.87179E+01  0.87179E+01
 In-flow  [L/T]     -0.38743E-05 -0.38743E-05
 h Mean   [L]       -0.41237E+04 -0.41237E+04
 Top Flux [L/T]      0.99840E-31
 Bot Flux [L/T]      0.00000E+00
 WatBalT  [L]       -0.11823E+00
 WatBalR  [%]              0.289
----------------------------------------------------------

----------------------------------------------------------
 Time       [T]      343.0000
----------------------------------------------------------
 Sub-region num.                     1
----------------------------------------------------------
 Length   [L]        0.15000E+03  0.15000E+03
 W-volume [L]        0.87179E+01  0.87179E+01
 In-flow  [L/T]     -0.38743E-05 -0.38743E-05
 h Mean   [L]       -0.41237E+04 -0.41237E+04
 Top Flux [L/T]      0.99840E-31
 Bot Flux [L/T]      0.00000E+00
 WatBalT  [L]       -0.11823E+00
 WatBalR  [%]              0.289
----------------------------------------------------------

----------------------------------------------------------
 Time       [T]      344.0000
----------------------------------------------------------
 Sub-region num.                     1
----------------------------------------------------------
 Length   [L]        0.15000E+03  0.15000E+03
 W-volume [L]        0.87179E+01  0.87179E+01
 In-flow  [L/T]     -0.38445E-05 -0.38445E-05
 h Mean   [L]       -0.41237E+04 -0.41237E+04
 Top Flux [L/T]      0.99840E-31
 Bot Flux [L/T]      0.00000E+00
 WatBalT  [L]       -0.11823E+00
 WatBalR  [%]              0.289
----------------------------------------------------------

----------------------------------------------------------
 Time       [T]      345.0000
----------------------------------------------------------
 Sub-region num.                     1
----------------------------------------------------------
 Length   [L]        0.15000E+03  0.15000E+03
 W-volume [L]        0.87179E+01  0.87179E+01
 In-flow  [L/T]     -0.38445E-05 -0.38445E-05
 h Mean   [L]       -0.41237E+04 -0.41237E+04
 Top Flux [L/T]      0.99840E-31
 Bot Flux [L/T]      0.00000E+00
 WatBalT  [L]       -0.11823E+00
 WatBalR  [%]              0.289
----------------------------------------------------------

----------------------------------------------------------
 Time       [T]      346.0000
----------------------------------------------------------
 Sub-region num.                     1
----------------------------------------------------------
 Length   [L]        0.15000E+03  0.15000E+03
 W-volume [L]        0.87179E+01  0.87179E+01
 In-flow  [L/T]     -0.38445E-05 -0.38445E-05
 h Mean   [L]       -0.41237E+04 -0.41237E+04
 Top Flux [L/T]      0.99840E-31
 Bot Flux [L/T]      0.00000E+00
 WatBalT  [L]       -0.11823E+00
 WatBalR  [%]              0.289
----------------------------------------------------------

----------------------------------------------------------
 Time       [T]      347.0000
----------------------------------------------------------
 Sub-region num.                     1
----------------------------------------------------------
 Length   [L]        0.15000E+03  0.15000E+03
 W-volume [L]        0.87179E+01  0.87179E+01
 In-flow  [L/T]     -0.38445E-05 -0.38445E-05
 h Mean   [L]       -0.41237E+04 -0.41237E+04
 Top Flux [L/T]      0.99840E-31
 Bot Flux [L/T]      0.00000E+00
 WatBalT  [L]       -0.11823E+00
 WatBalR  [%]              0.289
----------------------------------------------------------

----------------------------------------------------------
 Time       [T]      348.0000
----------------------------------------------------------
 Sub-region num.                     1
----------------------------------------------------------
 Length   [L]        0.15000E+03  0.15000E+03
 W-volume [L]        0.87179E+01  0.87179E+01
 In-flow  [L/T]     -0.38147E-05 -0.38147E-05
 h Mean   [L]       -0.41237E+04 -0.41237E+04
 Top Flux [L/T]      0.99840E-31
 Bot Flux [L/T]      0.00000E+00
 WatBalT  [L]       -0.11823E+00
 WatBalR  [%]              0.289
----------------------------------------------------------

----------------------------------------------------------
 Time       [T]      349.0000
----------------------------------------------------------
 Sub-region num.                     1
----------------------------------------------------------
 Length   [L]        0.15000E+03  0.15000E+03
 W-volume [L]        0.87179E+01  0.87179E+01
 In-flow  [L/T]     -0.38147E-05 -0.38147E-05
 h Mean   [L]       -0.41237E+04 -0.41237E+04
 Top Flux [L/T]      0.99840E-31
 Bot Flux [L/T]      0.00000E+00
 WatBalT  [L]       -0.11823E+00
 WatBalR  [%]              0.289
----------------------------------------------------------

----------------------------------------------------------
 Time       [T]      350.0000
----------------------------------------------------------
 Sub-region num.                     1
----------------------------------------------------------
 Length   [L]        0.15000E+03  0.15000E+03
 W-volume [L]        0.87179E+01  0.87179E+01
 In-flow  [L/T]     -0.38147E-05 -0.38147E-05
 h Mean   [L]       -0.41237E+04 -0.41237E+04
 Top Flux [L/T]      0.99840E-31
 Bot Flux [L/T]      0.00000E+00
 WatBalT  [L]       -0.11823E+00
 WatBalR  [%]              0.289
----------------------------------------------------------

----------------------------------------------------------
 Time       [T]      351.0000
----------------------------------------------------------
 Sub-region num.                     1
----------------------------------------------------------
 Length   [L]        0.15000E+03  0.15000E+03
 W-volume [L]        0.87179E+01  0.87179E+01
 In-flow  [L/T]     -0.37849E-05 -0.37849E-05
 h Mean   [L]       -0.41237E+04 -0.41237E+04
 Top Flux [L/T]      0.99840E-31
 Bot Flux [L/T]      0.00000E+00
 WatBalT  [L]       -0.11823E+00
 WatBalR  [%]              0.289
----------------------------------------------------------

----------------------------------------------------------
 Time       [T]      352.0000
----------------------------------------------------------
 Sub-region num.                     1
----------------------------------------------------------
 Length   [L]        0.15000E+03  0.15000E+03
 W-volume [L]        0.87179E+01  0.87179E+01
 In-flow  [L/T]     -0.37849E-05 -0.37849E-05
 h Mean   [L]       -0.41237E+04 -0.41237E+04
 Top Flux [L/T]      0.99840E-31
 Bot Flux [L/T]      0.00000E+00
 WatBalT  [L]       -0.11823E+00
 WatBalR  [%]              0.289
----------------------------------------------------------

----------------------------------------------------------
 Time       [T]      353.0000
----------------------------------------------------------
 Sub-region num.                     1
----------------------------------------------------------
 Length   [L]        0.15000E+03  0.15000E+03
 W-volume [L]        0.87179E+01  0.87179E+01
 In-flow  [L/T]     -0.37849E-05 -0.37849E-05
 h Mean   [L]       -0.41237E+04 -0.41237E+04
 Top Flux [L/T]      0.99840E-31
 Bot Flux [L/T]      0.00000E+00
 WatBalT  [L]       -0.11823E+00
 WatBalR  [%]              0.289
----------------------------------------------------------

----------------------------------------------------------
 Time       [T]      354.0000
----------------------------------------------------------
 Sub-region num.                     1
----------------------------------------------------------
 Length   [L]        0.15000E+03  0.15000E+03
 W-volume [L]        0.87179E+01  0.87179E+01
 In-flow  [L/T]     -0.37849E-05 -0.37849E-05
 h Mean   [L]       -0.41237E+04 -0.41237E+04
 Top Flux [L/T]      0.99840E-31
 Bot Flux [L/T]      0.00000E+00
 WatBalT  [L]       -0.11823E+00
 WatBalR  [%]              0.289
----------------------------------------------------------

----------------------------------------------------------
 Time       [T]      355.0000
----------------------------------------------------------
 Sub-region num.                     1
----------------------------------------------------------
 Length   [L]        0.15000E+03  0.15000E+03
 W-volume [L]        0.87179E+01  0.87179E+01
 In-flow  [L/T]     -0.37551E-05 -0.37551E-05
 h Mean   [L]       -0.41237E+04 -0.41237E+04
 Top Flux [L/T]      0.99840E-31
 Bot Flux [L/T]      0.00000E+00
 WatBalT  [L]       -0.11823E+00
 WatBalR  [%]              0.289
----------------------------------------------------------

----------------------------------------------------------
 Time       [T]      356.0000
----------------------------------------------------------
 Sub-region num.                     1
----------------------------------------------------------
 Length   [L]        0.15000E+03  0.15000E+03
 W-volume [L]        0.87179E+01  0.87179E+01
 In-flow  [L/T]     -0.37551E-05 -0.37551E-05
 h Mean   [L]       -0.41237E+04 -0.41237E+04
 Top Flux [L/T]      0.99840E-31
 Bot Flux [L/T]      0.00000E+00
 WatBalT  [L]       -0.11823E+00
 WatBalR  [%]              0.289
----------------------------------------------------------

----------------------------------------------------------
 Time       [T]      357.0000
----------------------------------------------------------
 Sub-region num.                     1
----------------------------------------------------------
 Length   [L]        0.15000E+03  0.15000E+03
 W-volume [L]        0.87179E+01  0.87179E+01
 In-flow  [L/T]     -0.37551E-05 -0.37551E-05
 h Mean   [L]       -0.41237E+04 -0.41237E+04
 Top Flux [L/T]      0.99840E-31
 Bot Flux [L/T]      0.00000E+00
 WatBalT  [L]       -0.11823E+00
 WatBalR  [%]              0.289
----------------------------------------------------------

----------------------------------------------------------
 Time       [T]      358.0000
----------------------------------------------------------
 Sub-region num.                     1
----------------------------------------------------------
 Length   [L]        0.15000E+03  0.15000E+03
 W-volume [L]        0.87179E+01  0.87179E+01
 In-flow  [L/T]     -0.37551E-05 -0.37551E-05
 h Mean   [L]       -0.41237E+04 -0.41237E+04
 Top Flux [L/T]      0.99840E-31
 Bot Flux [L/T]      0.00000E+00
 WatBalT  [L]       -0.11823E+00
 WatBalR  [%]              0.289
----------------------------------------------------------

----------------------------------------------------------
 Time       [T]      359.0000
----------------------------------------------------------
 Sub-region num.                     1
----------------------------------------------------------
 Length   [L]        0.15000E+03  0.15000E+03
 W-volume [L]        0.87179E+01  0.87179E+01
 In-flow  [L/T]     -0.37253E-05 -0.37253E-05
 h Mean   [L]       -0.41237E+04 -0.41237E+04
 Top Flux [L/T]      0.99840E-31
 Bot Flux [L/T]      0.00000E+00
 WatBalT  [L]       -0.11823E+00
 WatBalR  [%]              0.289
----------------------------------------------------------

----------------------------------------------------------
 Time       [T]      360.0000
----------------------------------------------------------
 Sub-region num.                     1
----------------------------------------------------------
 Length   [L]        0.15000E+03  0.15000E+03
 W-volume [L]        0.87179E+01  0.87179E+01
 In-flow  [L/T]     -0.37253E-05 -0.37253E-05
 h Mean   [L]       -0.41237E+04 -0.41237E+04
 Top Flux [L/T]      0.99840E-31
 Bot Flux [L/T]      0.00000E+00
 WatBalT  [L]       -0.11823E+00
 WatBalR  [%]              0.289
----------------------------------------------------------

----------------------------------------------------------
 Time       [T]      361.0000
----------------------------------------------------------
 Sub-region num.                     1
----------------------------------------------------------
 Length   [L]        0.15000E+03  0.15000E+03
 W-volume [L]        0.87179E+01  0.87179E+01
 In-flow  [L/T]     -0.37253E-05 -0.37253E-05
 h Mean   [L]       -0.41237E+04 -0.41237E+04
 Top Flux [L/T]      0.99840E-31
 Bot Flux [L/T]      0.00000E+00
 WatBalT  [L]       -0.11823E+00
 WatBalR  [%]              0.289
----------------------------------------------------------

----------------------------------------------------------
 Time       [T]      362.0000
----------------------------------------------------------
 Sub-region num.                     1
----------------------------------------------------------
 Length   [L]        0.15000E+03  0.15000E+03
 W-volume [L]        0.87179E+01  0.87179E+01
 In-flow  [L/T]     -0.37253E-05 -0.37253E-05
 h Mean   [L]       -0.41237E+04 -0.41237E+04
 Top Flux [L/T]      0.99840E-31
 Bot Flux [L/T]      0.00000E+00
 WatBalT  [L]       -0.11823E+00
 WatBalR  [%]              0.289
----------------------------------------------------------

----------------------------------------------------------
 Time       [T]      363.0000
----------------------------------------------------------
 Sub-region num.                     1
----------------------------------------------------------
 Length   [L]        0.15000E+03  0.15000E+03
 W-volume [L]        0.87179E+01  0.87179E+01
 In-flow  [L/T]     -0.36955E-05 -0.36955E-05
 h Mean   [L]       -0.41237E+04 -0.41237E+04
 Top Flux [L/T]      0.99840E-31
 Bot Flux [L/T]      0.00000E+00
 WatBalT  [L]       -0.11823E+00
 WatBalR  [%]              0.289
----------------------------------------------------------

----------------------------------------------------------
 Time       [T]      364.0000
----------------------------------------------------------
 Sub-region num.                     1
----------------------------------------------------------
 Length   [L]        0.15000E+03  0.15000E+03
 W-volume [L]        0.87179E+01  0.87179E+01
 In-flow  [L/T]     -0.36955E-05 -0.36955E-05
 h Mean   [L]       -0.41237E+04 -0.41237E+04
 Top Flux [L/T]      0.99840E-31
 Bot Flux [L/T]      0.00000E+00
 WatBalT  [L]       -0.11823E+00
 WatBalR  [%]              0.289
----------------------------------------------------------

----------------------------------------------------------
 Time       [T]      365.0000
----------------------------------------------------------
 Sub-region num.                     1
----------------------------------------------------------
 Length   [L]        0.15000E+03  0.15000E+03
 W-volume [L]        0.87179E+01  0.87179E+01
 In-flow  [L/T]     -0.36955E-05 -0.36955E-05
 h Mean   [L]       -0.41237E+04 -0.41237E+04
 Top Flux [L/T]      0.99840E-31
 Bot Flux [L/T]      0.00000E+00
 WatBalT  [L]       -0.11823E+00
 WatBalR  [%]              0.289
----------------------------------------------------------

----------------------------------------------------------
 Time       [T]      366.0000
----------------------------------------------------------
 Sub-region num.                     1
----------------------------------------------------------
 Length   [L]        0.15000E+03  0.15000E+03
 W-volume [L]        0.87179E+01  0.87179E+01
 In-flow  [L/T]     -0.36955E-05 -0.36955E-05
 h Mean   [L]       -0.41237E+04 -0.41237E+04
 Top Flux [L/T]      0.99840E-31
 Bot Flux [L/T]      0.00000E+00
 WatBalT  [L]       -0.11823E+00
 WatBalR  [%]              0.289
----------------------------------------------------------

----------------------------------------------------------
 Time       [T]      367.0000
----------------------------------------------------------
 Sub-region num.                     1
----------------------------------------------------------
 Length   [L]        0.15000E+03  0.15000E+03
 W-volume [L]        0.87179E+01  0.87179E+01
 In-flow  [L/T]     -0.36657E-05 -0.36657E-05
 h Mean   [L]       -0.41237E+04 -0.41237E+04
 Top Flux [L/T]      0.99840E-31
 Bot Flux [L/T]      0.00000E+00
 WatBalT  [L]       -0.11823E+00
 WatBalR  [%]              0.289
----------------------------------------------------------

----------------------------------------------------------
 Time       [T]      368.0000
----------------------------------------------------------
 Sub-region num.                     1
----------------------------------------------------------
 Length   [L]        0.15000E+03  0.15000E+03
 W-volume [L]        0.87178E+01  0.87178E+01
 In-flow  [L/T]     -0.36657E-05 -0.36657E-05
 h Mean   [L]       -0.41237E+04 -0.41237E+04
 Top Flux [L/T]      0.99840E-31
 Bot Flux [L/T]      0.00000E+00
 WatBalT  [L]       -0.11823E+00
 WatBalR  [%]              0.289
----------------------------------------------------------

----------------------------------------------------------
 Time       [T]      369.0000
----------------------------------------------------------
 Sub-region num.                     1
----------------------------------------------------------
 Length   [L]        0.15000E+03  0.15000E+03
 W-volume [L]        0.87178E+01  0.87178E+01
 In-flow  [L/T]     -0.36657E-05 -0.36657E-05
 h Mean   [L]       -0.41237E+04 -0.41237E+04
 Top Flux [L/T]      0.99840E-31
 Bot Flux [L/T]      0.00000E+00
 WatBalT  [L]       -0.11823E+00
 WatBalR  [%]              0.289
----------------------------------------------------------

----------------------------------------------------------
 Time       [T]      370.0000
----------------------------------------------------------
 Sub-region num.                     1
----------------------------------------------------------
 Length   [L]        0.15000E+03  0.15000E+03
 W-volume [L]        0.87178E+01  0.87178E+01
 In-flow  [L/T]     -0.36657E-05 -0.36657E-05
 h Mean   [L]       -0.41237E+04 -0.41237E+04
 Top Flux [L/T]      0.99840E-31
 Bot Flux [L/T]      0.00000E+00
 WatBalT  [L]       -0.11823E+00
 WatBalR  [%]              0.289
----------------------------------------------------------

----------------------------------------------------------
 Time       [T]      371.0000
----------------------------------------------------------
 Sub-region num.                     1
----------------------------------------------------------
 Length   [L]        0.15000E+03  0.15000E+03
 W-volume [L]        0.87178E+01  0.87178E+01
 In-flow  [L/T]     -0.36359E-05 -0.36359E-05
 h Mean   [L]       -0.41237E+04 -0.41237E+04
 Top Flux [L/T]      0.99840E-31
 Bot Flux [L/T]      0.00000E+00
 WatBalT  [L]       -0.11823E+00
 WatBalR  [%]              0.289
----------------------------------------------------------

----------------------------------------------------------
 Time       [T]      372.0000
----------------------------------------------------------
 Sub-region num.                     1
----------------------------------------------------------
 Length   [L]        0.15000E+03  0.15000E+03
 W-volume [L]        0.87178E+01  0.87178E+01
 In-flow  [L/T]     -0.36359E-05 -0.36359E-05
 h Mean   [L]       -0.41237E+04 -0.41237E+04
 Top Flux [L/T]      0.99840E-31
 Bot Flux [L/T]      0.00000E+00
 WatBalT  [L]       -0.11823E+00
 WatBalR  [%]              0.289
----------------------------------------------------------

----------------------------------------------------------
 Time       [T]      373.0000
----------------------------------------------------------
 Sub-region num.                     1
----------------------------------------------------------
 Length   [L]        0.15000E+03  0.15000E+03
 W-volume [L]        0.87178E+01  0.87178E+01
 In-flow  [L/T]     -0.36359E-05 -0.36359E-05
 h Mean   [L]       -0.41237E+04 -0.41237E+04
 Top Flux [L/T]      0.99840E-31
 Bot Flux [L/T]      0.00000E+00
 WatBalT  [L]       -0.11823E+00
 WatBalR  [%]              0.289
----------------------------------------------------------

----------------------------------------------------------
 Time       [T]      374.0000
----------------------------------------------------------
 Sub-region num.                     1
----------------------------------------------------------
 Length   [L]        0.15000E+03  0.15000E+03
 W-volume [L]        0.87178E+01  0.87178E+01
 In-flow  [L/T]     -0.36061E-05 -0.36061E-05
 h Mean   [L]       -0.41237E+04 -0.41237E+04
 Top Flux [L/T]      0.99840E-31
 Bot Flux [L/T]      0.00000E+00
 WatBalT  [L]       -0.11823E+00
 WatBalR  [%]              0.289
----------------------------------------------------------

----------------------------------------------------------
 Time       [T]      375.0000
----------------------------------------------------------
 Sub-region num.                     1
----------------------------------------------------------
 Length   [L]        0.15000E+03  0.15000E+03
 W-volume [L]        0.87178E+01  0.87178E+01
 In-flow  [L/T]     -0.36061E-05 -0.36061E-05
 h Mean   [L]       -0.41237E+04 -0.41237E+04
 Top Flux [L/T]      0.99840E-31
 Bot Flux [L/T]      0.00000E+00
 WatBalT  [L]       -0.11823E+00
 WatBalR  [%]              0.289
----------------------------------------------------------

----------------------------------------------------------
 Time       [T]      376.0000
----------------------------------------------------------
 Sub-region num.                     1
----------------------------------------------------------
 Length   [L]        0.15000E+03  0.15000E+03
 W-volume [L]        0.87178E+01  0.87178E+01
 In-flow  [L/T]     -0.36061E-05 -0.36061E-05
 h Mean   [L]       -0.41237E+04 -0.41237E+04
 Top Flux [L/T]      0.99840E-31
 Bot Flux [L/T]      0.00000E+00
 WatBalT  [L]       -0.11823E+00
 WatBalR  [%]              0.289
----------------------------------------------------------

----------------------------------------------------------
 Time       [T]      377.0000
----------------------------------------------------------
 Sub-region num.                     1
----------------------------------------------------------
 Length   [L]        0.15000E+03  0.15000E+03
 W-volume [L]        0.87178E+01  0.87178E+01
 In-flow  [L/T]     -0.36061E-05 -0.36061E-05
 h Mean   [L]       -0.41237E+04 -0.41237E+04
 Top Flux [L/T]      0.99840E-31
 Bot Flux [L/T]      0.00000E+00
 WatBalT  [L]       -0.11823E+00
 WatBalR  [%]              0.289
----------------------------------------------------------

----------------------------------------------------------
 Time       [T]      378.0000
----------------------------------------------------------
 Sub-region num.                     1
----------------------------------------------------------
 Length   [L]        0.15000E+03  0.15000E+03
 W-volume [L]        0.87178E+01  0.87178E+01
 In-flow  [L/T]     -0.35763E-05 -0.35763E-05
 h Mean   [L]       -0.41237E+04 -0.41237E+04
 Top Flux [L/T]      0.99840E-31
 Bot Flux [L/T]      0.00000E+00
 WatBalT  [L]       -0.11823E+00
 WatBalR  [%]              0.289
----------------------------------------------------------

----------------------------------------------------------
 Time       [T]      379.0000
----------------------------------------------------------
 Sub-region num.                     1
----------------------------------------------------------
 Length   [L]        0.15000E+03  0.15000E+03
 W-volume [L]        0.87178E+01  0.87178E+01
 In-flow  [L/T]     -0.35763E-05 -0.35763E-05
 h Mean   [L]       -0.41237E+04 -0.41237E+04
 Top Flux [L/T]      0.99840E-31
 Bot Flux [L/T]      0.00000E+00
 WatBalT  [L]       -0.11823E+00
 WatBalR  [%]              0.289
----------------------------------------------------------

----------------------------------------------------------
 Time       [T]      380.0000
----------------------------------------------------------
 Sub-region num.                     1
----------------------------------------------------------
 Length   [L]        0.15000E+03  0.15000E+03
 W-volume [L]        0.87178E+01  0.87178E+01
 In-flow  [L/T]     -0.35763E-05 -0.35763E-05
 h Mean   [L]       -0.41237E+04 -0.41237E+04
 Top Flux [L/T]      0.99840E-31
 Bot Flux [L/T]      0.00000E+00
 WatBalT  [L]       -0.11823E+00
 WatBalR  [%]              0.289
----------------------------------------------------------

----------------------------------------------------------
 Time       [T]      381.0000
----------------------------------------------------------
 Sub-region num.                     1
----------------------------------------------------------
 Length   [L]        0.15000E+03  0.15000E+03
 W-volume [L]        0.87178E+01  0.87178E+01
 In-flow  [L/T]     -0.35763E-05 -0.35763E-05
 h Mean   [L]       -0.41237E+04 -0.41237E+04
 Top Flux [L/T]      0.99840E-31
 Bot Flux [L/T]      0.00000E+00
 WatBalT  [L]       -0.11823E+00
 WatBalR  [%]              0.289
----------------------------------------------------------

----------------------------------------------------------
 Time       [T]      382.0000
----------------------------------------------------------
 Sub-region num.                     1
----------------------------------------------------------
 Length   [L]        0.15000E+03  0.15000E+03
 W-volume [L]        0.87178E+01  0.87178E+01
 In-flow  [L/T]     -0.35465E-05 -0.35465E-05
 h Mean   [L]       -0.41237E+04 -0.41237E+04
 Top Flux [L/T]      0.99840E-31
 Bot Flux [L/T]      0.00000E+00
 WatBalT  [L]       -0.11823E+00
 WatBalR  [%]              0.289
----------------------------------------------------------

----------------------------------------------------------
 Time       [T]      383.0000
----------------------------------------------------------
 Sub-region num.                     1
----------------------------------------------------------
 Length   [L]        0.15000E+03  0.15000E+03
 W-volume [L]        0.87178E+01  0.87178E+01
 In-flow  [L/T]     -0.35465E-05 -0.35465E-05
 h Mean   [L]       -0.41237E+04 -0.41237E+04
 Top Flux [L/T]      0.99840E-31
 Bot Flux [L/T]      0.00000E+00
 WatBalT  [L]       -0.11823E+00
 WatBalR  [%]              0.289
----------------------------------------------------------

----------------------------------------------------------
 Time       [T]      384.0000
----------------------------------------------------------
 Sub-region num.                     1
----------------------------------------------------------
 Length   [L]        0.15000E+03  0.15000E+03
 W-volume [L]        0.87178E+01  0.87178E+01
 In-flow  [L/T]     -0.35465E-05 -0.35465E-05
 h Mean   [L]       -0.41237E+04 -0.41237E+04
 Top Flux [L/T]      0.99840E-31
 Bot Flux [L/T]      0.00000E+00
 WatBalT  [L]       -0.11823E+00
 WatBalR  [%]              0.289
----------------------------------------------------------

----------------------------------------------------------
 Time       [T]      385.0000
----------------------------------------------------------
 Sub-region num.                     1
----------------------------------------------------------
 Length   [L]        0.15000E+03  0.15000E+03
 W-volume [L]        0.87178E+01  0.87178E+01
 In-flow  [L/T]     -0.35465E-05 -0.35465E-05
 h Mean   [L]       -0.41237E+04 -0.41237E+04
 Top Flux [L/T]      0.99840E-31
 Bot Flux [L/T]      0.00000E+00
 WatBalT  [L]       -0.11823E+00
 WatBalR  [%]              0.289
----------------------------------------------------------

----------------------------------------------------------
 Time       [T]      386.0000
----------------------------------------------------------
 Sub-region num.                     1
----------------------------------------------------------
 Length   [L]        0.15000E+03  0.15000E+03
 W-volume [L]        0.87178E+01  0.87178E+01
 In-flow  [L/T]     -0.35167E-05 -0.35167E-05
 h Mean   [L]       -0.41237E+04 -0.41237E+04
 Top Flux [L/T]      0.99840E-31
 Bot Flux [L/T]      0.00000E+00
 WatBalT  [L]       -0.11823E+00
 WatBalR  [%]              0.289
----------------------------------------------------------

----------------------------------------------------------
 Time       [T]      387.0000
----------------------------------------------------------
 Sub-region num.                     1
----------------------------------------------------------
 Length   [L]        0.15000E+03  0.15000E+03
 W-volume [L]        0.87178E+01  0.87178E+01
 In-flow  [L/T]     -0.35167E-05 -0.35167E-05
 h Mean   [L]       -0.41237E+04 -0.41237E+04
 Top Flux [L/T]      0.99840E-31
 Bot Flux [L/T]      0.00000E+00
 WatBalT  [L]       -0.11823E+00
 WatBalR  [%]              0.289
----------------------------------------------------------

----------------------------------------------------------
 Time       [T]      388.0000
----------------------------------------------------------
 Sub-region num.                     1
----------------------------------------------------------
 Length   [L]        0.15000E+03  0.15000E+03
 W-volume [L]        0.87178E+01  0.87178E+01
 In-flow  [L/T]     -0.35167E-05 -0.35167E-05
 h Mean   [L]       -0.41237E+04 -0.41237E+04
 Top Flux [L/T]      0.99840E-31
 Bot Flux [L/T]      0.00000E+00
 WatBalT  [L]       -0.11822E+00
 WatBalR  [%]              0.289
----------------------------------------------------------

----------------------------------------------------------
 Time       [T]      389.0000
----------------------------------------------------------
 Sub-region num.                     1
----------------------------------------------------------
 Length   [L]        0.15000E+03  0.15000E+03
 W-volume [L]        0.87178E+01  0.87178E+01
 In-flow  [L/T]     -0.35167E-05 -0.35167E-05
 h Mean   [L]       -0.41237E+04 -0.41237E+04
 Top Flux [L/T]      0.99840E-31
 Bot Flux [L/T]      0.00000E+00
 WatBalT  [L]       -0.11822E+00
 WatBalR  [%]              0.289
----------------------------------------------------------

----------------------------------------------------------
 Time       [T]      390.0000
----------------------------------------------------------
 Sub-region num.                     1
----------------------------------------------------------
 Length   [L]        0.15000E+03  0.15000E+03
 W-volume [L]        0.87178E+01  0.87178E+01
 In-flow  [L/T]     -0.34869E-05 -0.34869E-05
 h Mean   [L]       -0.41237E+04 -0.41237E+04
 Top Flux [L/T]      0.99840E-31
 Bot Flux [L/T]      0.00000E+00
 WatBalT  [L]       -0.11822E+00
 WatBalR  [%]              0.289
----------------------------------------------------------

----------------------------------------------------------
 Time       [T]      391.0000
----------------------------------------------------------
 Sub-region num.                     1
----------------------------------------------------------
 Length   [L]        0.15000E+03  0.15000E+03
 W-volume [L]        0.87178E+01  0.87178E+01
 In-flow  [L/T]     -0.34869E-05 -0.34869E-05
 h Mean   [L]       -0.41237E+04 -0.41237E+04
 Top Flux [L/T]      0.99840E-31
 Bot Flux [L/T]      0.00000E+00
 WatBalT  [L]       -0.11822E+00
 WatBalR  [%]              0.289
----------------------------------------------------------

----------------------------------------------------------
 Time       [T]      392.0000
----------------------------------------------------------
 Sub-region num.                     1
----------------------------------------------------------
 Length   [L]        0.15000E+03  0.15000E+03
 W-volume [L]        0.87178E+01  0.87178E+01
 In-flow  [L/T]     -0.34869E-05 -0.34869E-05
 h Mean   [L]       -0.41237E+04 -0.41237E+04
 Top Flux [L/T]      0.99840E-31
 Bot Flux [L/T]      0.00000E+00
 WatBalT  [L]       -0.11822E+00
 WatBalR  [%]              0.289
----------------------------------------------------------

----------------------------------------------------------
 Time       [T]      393.0000
----------------------------------------------------------
 Sub-region num.                     1
----------------------------------------------------------
 Length   [L]        0.15000E+03  0.15000E+03
 W-volume [L]        0.87178E+01  0.87178E+01
 In-flow  [L/T]     -0.34869E-05 -0.34869E-05
 h Mean   [L]       -0.41237E+04 -0.41237E+04
 Top Flux [L/T]      0.99840E-31
 Bot Flux [L/T]      0.00000E+00
 WatBalT  [L]       -0.11822E+00
 WatBalR  [%]              0.289
----------------------------------------------------------

----------------------------------------------------------
 Time       [T]      394.0000
----------------------------------------------------------
 Sub-region num.                     1
----------------------------------------------------------
 Length   [L]        0.15000E+03  0.15000E+03
 W-volume [L]        0.87178E+01  0.87178E+01
 In-flow  [L/T]     -0.34571E-05 -0.34571E-05
 h Mean   [L]       -0.41237E+04 -0.41237E+04
 Top Flux [L/T]      0.99840E-31
 Bot Flux [L/T]      0.00000E+00
 WatBalT  [L]       -0.11822E+00
 WatBalR  [%]              0.289
----------------------------------------------------------

----------------------------------------------------------
 Time       [T]      395.0000
----------------------------------------------------------
 Sub-region num.                     1
----------------------------------------------------------
 Length   [L]        0.15000E+03  0.15000E+03
 W-volume [L]        0.87178E+01  0.87178E+01
 In-flow  [L/T]     -0.34571E-05 -0.34571E-05
 h Mean   [L]       -0.41237E+04 -0.41237E+04
 Top Flux [L/T]      0.99840E-31
 Bot Flux [L/T]      0.00000E+00
 WatBalT  [L]       -0.11822E+00
 WatBalR  [%]              0.289
----------------------------------------------------------

----------------------------------------------------------
 Time       [T]      396.0000
----------------------------------------------------------
 Sub-region num.                     1
----------------------------------------------------------
 Length   [L]        0.15000E+03  0.15000E+03
 W-volume [L]        0.87177E+01  0.87177E+01
 In-flow  [L/T]     -0.34571E-05 -0.34571E-05
 h Mean   [L]       -0.41237E+04 -0.41237E+04
 Top Flux [L/T]      0.99840E-31
 Bot Flux [L/T]      0.00000E+00
 WatBalT  [L]       -0.11822E+00
 WatBalR  [%]              0.289
----------------------------------------------------------

----------------------------------------------------------
 Time       [T]      397.0000
----------------------------------------------------------
 Sub-region num.                     1
----------------------------------------------------------
 Length   [L]        0.15000E+03  0.15000E+03
 W-volume [L]        0.87177E+01  0.87177E+01
 In-flow  [L/T]     -0.34571E-05 -0.34571E-05
 h Mean   [L]       -0.41237E+04 -0.41237E+04
 Top Flux [L/T]      0.99840E-31
 Bot Flux [L/T]      0.00000E+00
 WatBalT  [L]       -0.11822E+00
 WatBalR  [%]              0.289
----------------------------------------------------------

----------------------------------------------------------
 Time       [T]      398.0000
----------------------------------------------------------
 Sub-region num.                     1
----------------------------------------------------------
 Length   [L]        0.15000E+03  0.15000E+03
 W-volume [L]        0.87177E+01  0.87177E+01
 In-flow  [L/T]     -0.34273E-05 -0.34273E-05
 h Mean   [L]       -0.41237E+04 -0.41237E+04
 Top Flux [L/T]      0.99840E-31
 Bot Flux [L/T]      0.00000E+00
 WatBalT  [L]       -0.11822E+00
 WatBalR  [%]              0.289
----------------------------------------------------------

----------------------------------------------------------
 Time       [T]      399.0000
----------------------------------------------------------
 Sub-region num.                     1
----------------------------------------------------------
 Length   [L]        0.15000E+03  0.15000E+03
 W-volume [L]        0.87177E+01  0.87177E+01
 In-flow  [L/T]     -0.34273E-05 -0.34273E-05
 h Mean   [L]       -0.41237E+04 -0.41237E+04
 Top Flux [L/T]      0.99840E-31
 Bot Flux [L/T]      0.00000E+00
 WatBalT  [L]       -0.11822E+00
 WatBalR  [%]              0.289
----------------------------------------------------------

----------------------------------------------------------
 Time       [T]      400.0000
----------------------------------------------------------
 Sub-region num.                     1
----------------------------------------------------------
 Length   [L]        0.15000E+03  0.15000E+03
 W-volume [L]        0.87177E+01  0.87177E+01
 In-flow  [L/T]     -0.34273E-05 -0.34273E-05
 h Mean   [L]       -0.41237E+04 -0.41237E+04
 Top Flux [L/T]      0.99840E-31
 Bot Flux [L/T]      0.00000E+00
 WatBalT  [L]       -0.11822E+00
 WatBalR  [%]              0.289
----------------------------------------------------------

----------------------------------------------------------
 Time       [T]      401.0000
----------------------------------------------------------
 Sub-region num.                     1
----------------------------------------------------------
 Length   [L]        0.15000E+03  0.15000E+03
 W-volume [L]        0.87177E+01  0.87177E+01
 In-flow  [L/T]     -0.34273E-05 -0.34273E-05
 h Mean   [L]       -0.41237E+04 -0.41237E+04
 Top Flux [L/T]      0.99840E-31
 Bot Flux [L/T]      0.00000E+00
 WatBalT  [L]       -0.11822E+00
 WatBalR  [%]              0.289
----------------------------------------------------------

----------------------------------------------------------
 Time       [T]      402.0000
----------------------------------------------------------
 Sub-region num.                     1
----------------------------------------------------------
 Length   [L]        0.15000E+03  0.15000E+03
 W-volume [L]        0.87177E+01  0.87177E+01
 In-flow  [L/T]     -0.33975E-05 -0.33975E-05
 h Mean   [L]       -0.41237E+04 -0.41237E+04
 Top Flux [L/T]      0.99840E-31
 Bot Flux [L/T]      0.00000E+00
 WatBalT  [L]       -0.11822E+00
 WatBalR  [%]              0.289
----------------------------------------------------------

----------------------------------------------------------
 Time       [T]      403.0000
----------------------------------------------------------
 Sub-region num.                     1
----------------------------------------------------------
 Length   [L]        0.15000E+03  0.15000E+03
 W-volume [L]        0.87177E+01  0.87177E+01
 In-flow  [L/T]     -0.33975E-05 -0.33975E-05
 h Mean   [L]       -0.41237E+04 -0.41237E+04
 Top Flux [L/T]      0.99840E-31
 Bot Flux [L/T]      0.00000E+00
 WatBalT  [L]       -0.11822E+00
 WatBalR  [%]              0.289
----------------------------------------------------------

----------------------------------------------------------
 Time       [T]      404.0000
----------------------------------------------------------
 Sub-region num.                     1
----------------------------------------------------------
 Length   [L]        0.15000E+03  0.15000E+03
 W-volume [L]        0.87177E+01  0.87177E+01
 In-flow  [L/T]     -0.33975E-05 -0.33975E-05
 h Mean   [L]       -0.41237E+04 -0.41237E+04
 Top Flux [L/T]      0.99840E-31
 Bot Flux [L/T]      0.00000E+00
 WatBalT  [L]       -0.11822E+00
 WatBalR  [%]              0.289
----------------------------------------------------------

----------------------------------------------------------
 Time       [T]      405.0000
----------------------------------------------------------
 Sub-region num.                     1
----------------------------------------------------------
 Length   [L]        0.15000E+03  0.15000E+03
 W-volume [L]        0.87177E+01  0.87177E+01
 In-flow  [L/T]     -0.33975E-05 -0.33975E-05
 h Mean   [L]       -0.41237E+04 -0.41237E+04
 Top Flux [L/T]      0.99840E-31
 Bot Flux [L/T]      0.00000E+00
 WatBalT  [L]       -0.11822E+00
 WatBalR  [%]              0.289
----------------------------------------------------------

----------------------------------------------------------
 Time       [T]      406.0000
----------------------------------------------------------
 Sub-region num.                     1
----------------------------------------------------------
 Length   [L]        0.15000E+03  0.15000E+03
 W-volume [L]        0.87177E+01  0.87177E+01
 In-flow  [L/T]     -0.33975E-05 -0.33975E-05
 h Mean   [L]       -0.41237E+04 -0.41237E+04
 Top Flux [L/T]      0.99840E-31
 Bot Flux [L/T]      0.00000E+00
 WatBalT  [L]       -0.11822E+00
 WatBalR  [%]              0.289
----------------------------------------------------------

----------------------------------------------------------
 Time       [T]      407.0000
----------------------------------------------------------
 Sub-region num.                     1
----------------------------------------------------------
 Length   [L]        0.15000E+03  0.15000E+03
 W-volume [L]        0.87177E+01  0.87177E+01
 In-flow  [L/T]     -0.33677E-05 -0.33677E-05
 h Mean   [L]       -0.41237E+04 -0.41237E+04
 Top Flux [L/T]      0.99840E-31
 Bot Flux [L/T]      0.00000E+00
 WatBalT  [L]       -0.11822E+00
 WatBalR  [%]              0.289
----------------------------------------------------------

----------------------------------------------------------
 Time       [T]      408.0000
----------------------------------------------------------
 Sub-region num.                     1
----------------------------------------------------------
 Length   [L]        0.15000E+03  0.15000E+03
 W-volume [L]        0.87177E+01  0.87177E+01
 In-flow  [L/T]     -0.33677E-05 -0.33677E-05
 h Mean   [L]       -0.41237E+04 -0.41237E+04
 Top Flux [L/T]      0.99840E-31
 Bot Flux [L/T]      0.00000E+00
 WatBalT  [L]       -0.11822E+00
 WatBalR  [%]              0.289
----------------------------------------------------------

----------------------------------------------------------
 Time       [T]      409.0000
----------------------------------------------------------
 Sub-region num.                     1
----------------------------------------------------------
 Length   [L]        0.15000E+03  0.15000E+03
 W-volume [L]        0.87177E+01  0.87177E+01
 In-flow  [L/T]     -0.33677E-05 -0.33677E-05
 h Mean   [L]       -0.41237E+04 -0.41237E+04
 Top Flux [L/T]      0.99840E-31
 Bot Flux [L/T]      0.00000E+00
 WatBalT  [L]       -0.11822E+00
 WatBalR  [%]              0.289
----------------------------------------------------------

----------------------------------------------------------
 Time       [T]      410.0000
----------------------------------------------------------
 Sub-region num.                     1
----------------------------------------------------------
 Length   [L]        0.15000E+03  0.15000E+03
 W-volume [L]        0.87177E+01  0.87177E+01
 In-flow  [L/T]     -0.33379E-05 -0.33379E-05
 h Mean   [L]       -0.41237E+04 -0.41237E+04
 Top Flux [L/T]      0.99840E-31
 Bot Flux [L/T]      0.00000E+00
 WatBalT  [L]       -0.11822E+00
 WatBalR  [%]              0.289
----------------------------------------------------------

----------------------------------------------------------
 Time       [T]      411.0000
----------------------------------------------------------
 Sub-region num.                     1
----------------------------------------------------------
 Length   [L]        0.15000E+03  0.15000E+03
 W-volume [L]        0.87177E+01  0.87177E+01
 In-flow  [L/T]     -0.33379E-05 -0.33379E-05
 h Mean   [L]       -0.41237E+04 -0.41237E+04
 Top Flux [L/T]      0.99840E-31
 Bot Flux [L/T]      0.00000E+00
 WatBalT  [L]       -0.11822E+00
 WatBalR  [%]              0.289
----------------------------------------------------------

----------------------------------------------------------
 Time       [T]      412.0000
----------------------------------------------------------
 Sub-region num.                     1
----------------------------------------------------------
 Length   [L]        0.15000E+03  0.15000E+03
 W-volume [L]        0.87177E+01  0.87177E+01
 In-flow  [L/T]     -0.33379E-05 -0.33379E-05
 h Mean   [L]       -0.41237E+04 -0.41237E+04
 Top Flux [L/T]      0.99840E-31
 Bot Flux [L/T]      0.00000E+00
 WatBalT  [L]       -0.11822E+00
 WatBalR  [%]              0.289
----------------------------------------------------------

----------------------------------------------------------
 Time       [T]      413.0000
----------------------------------------------------------
 Sub-region num.                     1
----------------------------------------------------------
 Length   [L]        0.15000E+03  0.15000E+03
 W-volume [L]        0.87177E+01  0.87177E+01
 In-flow  [L/T]     -0.33379E-05 -0.33379E-05
 h Mean   [L]       -0.41237E+04 -0.41237E+04
 Top Flux [L/T]      0.99840E-31
 Bot Flux [L/T]      0.00000E+00
 WatBalT  [L]       -0.11822E+00
 WatBalR  [%]              0.289
----------------------------------------------------------

----------------------------------------------------------
 Time       [T]      414.0000
----------------------------------------------------------
 Sub-region num.                     1
----------------------------------------------------------
 Length   [L]        0.15000E+03  0.15000E+03
 W-volume [L]        0.87177E+01  0.87177E+01
 In-flow  [L/T]     -0.33379E-05 -0.33379E-05
 h Mean   [L]       -0.41237E+04 -0.41237E+04
 Top Flux [L/T]      0.99840E-31
 Bot Flux [L/T]      0.00000E+00
 WatBalT  [L]       -0.11821E+00
 WatBalR  [%]              0.289
----------------------------------------------------------

----------------------------------------------------------
 Time       [T]      415.0000
----------------------------------------------------------
 Sub-region num.                     1
----------------------------------------------------------
 Length   [L]        0.15000E+03  0.15000E+03
 W-volume [L]        0.87177E+01  0.87177E+01
 In-flow  [L/T]     -0.33081E-05 -0.33081E-05
 h Mean   [L]       -0.41237E+04 -0.41237E+04
 Top Flux [L/T]      0.99840E-31
 Bot Flux [L/T]      0.00000E+00
 WatBalT  [L]       -0.11821E+00
 WatBalR  [%]              0.289
----------------------------------------------------------

----------------------------------------------------------
 Time       [T]      416.0000
----------------------------------------------------------
 Sub-region num.                     1
----------------------------------------------------------
 Length   [L]        0.15000E+03  0.15000E+03
 W-volume [L]        0.87177E+01  0.87177E+01
 In-flow  [L/T]     -0.33081E-05 -0.33081E-05
 h Mean   [L]       -0.41237E+04 -0.41237E+04
 Top Flux [L/T]      0.99840E-31
 Bot Flux [L/T]      0.00000E+00
 WatBalT  [L]       -0.11821E+00
 WatBalR  [%]              0.289
----------------------------------------------------------

----------------------------------------------------------
 Time       [T]      417.0000
----------------------------------------------------------
 Sub-region num.                     1
----------------------------------------------------------
 Length   [L]        0.15000E+03  0.15000E+03
 W-volume [L]        0.87177E+01  0.87177E+01
 In-flow  [L/T]     -0.33081E-05 -0.33081E-05
 h Mean   [L]       -0.41237E+04 -0.41237E+04
 Top Flux [L/T]      0.99840E-31
 Bot Flux [L/T]      0.00000E+00
 WatBalT  [L]       -0.11821E+00
 WatBalR  [%]              0.289
----------------------------------------------------------

----------------------------------------------------------
 Time       [T]      418.0000
----------------------------------------------------------
 Sub-region num.                     1
----------------------------------------------------------
 Length   [L]        0.15000E+03  0.15000E+03
 W-volume [L]        0.87177E+01  0.87177E+01
 In-flow  [L/T]     -0.33081E-05 -0.33081E-05
 h Mean   [L]       -0.41237E+04 -0.41237E+04
 Top Flux [L/T]      0.99840E-31
 Bot Flux [L/T]      0.00000E+00
 WatBalT  [L]       -0.11821E+00
 WatBalR  [%]              0.289
----------------------------------------------------------

----------------------------------------------------------
 Time       [T]      419.0000
----------------------------------------------------------
 Sub-region num.                     1
----------------------------------------------------------
 Length   [L]        0.15000E+03  0.15000E+03
 W-volume [L]        0.87177E+01  0.87177E+01
 In-flow  [L/T]     -0.32783E-05 -0.32783E-05
 h Mean   [L]       -0.41237E+04 -0.41237E+04
 Top Flux [L/T]      0.99840E-31
 Bot Flux [L/T]      0.00000E+00
 WatBalT  [L]       -0.11821E+00
 WatBalR  [%]              0.289
----------------------------------------------------------

----------------------------------------------------------
 Time       [T]      420.0000
----------------------------------------------------------
 Sub-region num.                     1
----------------------------------------------------------
 Length   [L]        0.15000E+03  0.15000E+03
 W-volume [L]        0.87177E+01  0.87177E+01
 In-flow  [L/T]     -0.32783E-05 -0.32783E-05
 h Mean   [L]       -0.41237E+04 -0.41237E+04
 Top Flux [L/T]      0.99840E-31
 Bot Flux [L/T]      0.00000E+00
 WatBalT  [L]       -0.11821E+00
 WatBalR  [%]              0.289
----------------------------------------------------------

----------------------------------------------------------
 Time       [T]      421.0000
----------------------------------------------------------
 Sub-region num.                     1
----------------------------------------------------------
 Length   [L]        0.15000E+03  0.15000E+03
 W-volume [L]        0.87177E+01  0.87177E+01
 In-flow  [L/T]     -0.32783E-05 -0.32783E-05
 h Mean   [L]       -0.41237E+04 -0.41237E+04
 Top Flux [L/T]      0.99840E-31
 Bot Flux [L/T]      0.00000E+00
 WatBalT  [L]       -0.11821E+00
 WatBalR  [%]              0.289
----------------------------------------------------------

----------------------------------------------------------
 Time       [T]      422.0000
----------------------------------------------------------
 Sub-region num.                     1
----------------------------------------------------------
 Length   [L]        0.15000E+03  0.15000E+03
 W-volume [L]        0.87177E+01  0.87177E+01
 In-flow  [L/T]     -0.32783E-05 -0.32783E-05
 h Mean   [L]       -0.41237E+04 -0.41237E+04
 Top Flux [L/T]      0.99840E-31
 Bot Flux [L/T]      0.00000E+00
 WatBalT  [L]       -0.11821E+00
 WatBalR  [%]              0.289
----------------------------------------------------------

----------------------------------------------------------
 Time       [T]      423.0000
----------------------------------------------------------
 Sub-region num.                     1
----------------------------------------------------------
 Length   [L]        0.15000E+03  0.15000E+03
 W-volume [L]        0.87177E+01  0.87177E+01
 In-flow  [L/T]     -0.32783E-05 -0.32783E-05
 h Mean   [L]       -0.41237E+04 -0.41237E+04
 Top Flux [L/T]      0.99840E-31
 Bot Flux [L/T]      0.00000E+00
 WatBalT  [L]       -0.11821E+00
 WatBalR  [%]              0.289
----------------------------------------------------------

----------------------------------------------------------
 Time       [T]      424.0000
----------------------------------------------------------
 Sub-region num.                     1
----------------------------------------------------------
 Length   [L]        0.15000E+03  0.15000E+03
 W-volume [L]        0.87177E+01  0.87177E+01
 In-flow  [L/T]     -0.32485E-05 -0.32485E-05
 h Mean   [L]       -0.41237E+04 -0.41237E+04
 Top Flux [L/T]      0.99840E-31
 Bot Flux [L/T]      0.00000E+00
 WatBalT  [L]       -0.11821E+00
 WatBalR  [%]              0.289
----------------------------------------------------------

----------------------------------------------------------
 Time       [T]      425.0000
----------------------------------------------------------
 Sub-region num.                     1
----------------------------------------------------------
 Length   [L]        0.15000E+03  0.15000E+03
 W-volume [L]        0.87177E+01  0.87177E+01
 In-flow  [L/T]     -0.32485E-05 -0.32485E-05
 h Mean   [L]       -0.41237E+04 -0.41237E+04
 Top Flux [L/T]      0.99840E-31
 Bot Flux [L/T]      0.00000E+00
 WatBalT  [L]       -0.11821E+00
 WatBalR  [%]              0.289
----------------------------------------------------------

----------------------------------------------------------
 Time       [T]      426.0000
----------------------------------------------------------
 Sub-region num.                     1
----------------------------------------------------------
 Length   [L]        0.15000E+03  0.15000E+03
 W-volume [L]        0.87176E+01  0.87176E+01
 In-flow  [L/T]     -0.32485E-05 -0.32485E-05
 h Mean   [L]       -0.41237E+04 -0.41237E+04
 Top Flux [L/T]      0.99840E-31
 Bot Flux [L/T]      0.00000E+00
 WatBalT  [L]       -0.11821E+00
 WatBalR  [%]              0.289
----------------------------------------------------------

----------------------------------------------------------
 Time       [T]      427.0000
----------------------------------------------------------
 Sub-region num.                     1
----------------------------------------------------------
 Length   [L]        0.15000E+03  0.15000E+03
 W-volume [L]        0.87176E+01  0.87176E+01
 In-flow  [L/T]     -0.32485E-05 -0.32485E-05
 h Mean   [L]       -0.41237E+04 -0.41237E+04
 Top Flux [L/T]      0.99840E-31
 Bot Flux [L/T]      0.00000E+00
 WatBalT  [L]       -0.11821E+00
 WatBalR  [%]              0.289
----------------------------------------------------------

----------------------------------------------------------
 Time       [T]      428.0000
----------------------------------------------------------
 Sub-region num.                     1
----------------------------------------------------------
 Length   [L]        0.15000E+03  0.15000E+03
 W-volume [L]        0.87176E+01  0.87176E+01
 In-flow  [L/T]     -0.32187E-05 -0.32187E-05
 h Mean   [L]       -0.41237E+04 -0.41237E+04
 Top Flux [L/T]      0.99840E-31
 Bot Flux [L/T]      0.00000E+00
 WatBalT  [L]       -0.11821E+00
 WatBalR  [%]              0.289
----------------------------------------------------------

----------------------------------------------------------
 Time       [T]      429.0000
----------------------------------------------------------
 Sub-region num.                     1
----------------------------------------------------------
 Length   [L]        0.15000E+03  0.15000E+03
 W-volume [L]        0.87176E+01  0.87176E+01
 In-flow  [L/T]     -0.32187E-05 -0.32187E-05
 h Mean   [L]       -0.41237E+04 -0.41237E+04
 Top Flux [L/T]      0.99840E-31
 Bot Flux [L/T]      0.00000E+00
 WatBalT  [L]       -0.11821E+00
 WatBalR  [%]              0.289
----------------------------------------------------------

----------------------------------------------------------
 Time       [T]      430.0000
----------------------------------------------------------
 Sub-region num.                     1
----------------------------------------------------------
 Length   [L]        0.15000E+03  0.15000E+03
 W-volume [L]        0.87176E+01  0.87176E+01
 In-flow  [L/T]     -0.32187E-05 -0.32187E-05
 h Mean   [L]       -0.41237E+04 -0.41237E+04
 Top Flux [L/T]      0.99840E-31
 Bot Flux [L/T]      0.00000E+00
 WatBalT  [L]       -0.11820E+00
 WatBalR  [%]              0.289
----------------------------------------------------------

----------------------------------------------------------
 Time       [T]      431.0000
----------------------------------------------------------
 Sub-region num.                     1
----------------------------------------------------------
 Length   [L]        0.15000E+03  0.15000E+03
 W-volume [L]        0.87176E+01  0.87176E+01
 In-flow  [L/T]     -0.32187E-05 -0.32187E-05
 h Mean   [L]       -0.41237E+04 -0.41237E+04
 Top Flux [L/T]      0.99840E-31
 Bot Flux [L/T]      0.00000E+00
 WatBalT  [L]       -0.11820E+00
 WatBalR  [%]              0.289
----------------------------------------------------------

----------------------------------------------------------
 Time       [T]      432.0000
----------------------------------------------------------
 Sub-region num.                     1
----------------------------------------------------------
 Length   [L]        0.15000E+03  0.15000E+03
 W-volume [L]        0.87176E+01  0.87176E+01
 In-flow  [L/T]     -0.31888E-05 -0.31888E-05
 h Mean   [L]       -0.41237E+04 -0.41237E+04
 Top Flux [L/T]      0.99840E-31
 Bot Flux [L/T]      0.00000E+00
 WatBalT  [L]       -0.11820E+00
 WatBalR  [%]              0.289
----------------------------------------------------------

----------------------------------------------------------
 Time       [T]      433.0000
----------------------------------------------------------
 Sub-region num.                     1
----------------------------------------------------------
 Length   [L]        0.15000E+03  0.15000E+03
 W-volume [L]        0.87176E+01  0.87176E+01
 In-flow  [L/T]     -0.31888E-05 -0.31888E-05
 h Mean   [L]       -0.41237E+04 -0.41237E+04
 Top Flux [L/T]      0.99840E-31
 Bot Flux [L/T]      0.00000E+00
 WatBalT  [L]       -0.11820E+00
 WatBalR  [%]              0.289
----------------------------------------------------------

----------------------------------------------------------
 Time       [T]      434.0000
----------------------------------------------------------
 Sub-region num.                     1
----------------------------------------------------------
 Length   [L]        0.15000E+03  0.15000E+03
 W-volume [L]        0.87176E+01  0.87176E+01
 In-flow  [L/T]     -0.31888E-05 -0.31888E-05
 h Mean   [L]       -0.41237E+04 -0.41237E+04
 Top Flux [L/T]      0.99840E-31
 Bot Flux [L/T]      0.00000E+00
 WatBalT  [L]       -0.11820E+00
 WatBalR  [%]              0.289
----------------------------------------------------------

----------------------------------------------------------
 Time       [T]      435.0000
----------------------------------------------------------
 Sub-region num.                     1
----------------------------------------------------------
 Length   [L]        0.15000E+03  0.15000E+03
 W-volume [L]        0.87176E+01  0.87176E+01
 In-flow  [L/T]     -0.31888E-05 -0.31888E-05
 h Mean   [L]       -0.41237E+04 -0.41237E+04
 Top Flux [L/T]      0.99840E-31
 Bot Flux [L/T]      0.00000E+00
 WatBalT  [L]       -0.11820E+00
 WatBalR  [%]              0.289
----------------------------------------------------------

----------------------------------------------------------
 Time       [T]      436.0000
----------------------------------------------------------
 Sub-region num.                     1
----------------------------------------------------------
 Length   [L]        0.15000E+03  0.15000E+03
 W-volume [L]        0.87176E+01  0.87176E+01
 In-flow  [L/T]     -0.31590E-05 -0.31590E-05
 h Mean   [L]       -0.41237E+04 -0.41237E+04
 Top Flux [L/T]      0.99840E-31
 Bot Flux [L/T]      0.00000E+00
 WatBalT  [L]       -0.11820E+00
 WatBalR  [%]              0.289
----------------------------------------------------------

----------------------------------------------------------
 Time       [T]      437.0000
----------------------------------------------------------
 Sub-region num.                     1
----------------------------------------------------------
 Length   [L]        0.15000E+03  0.15000E+03
 W-volume [L]        0.87176E+01  0.87176E+01
 In-flow  [L/T]     -0.31590E-05 -0.31590E-05
 h Mean   [L]       -0.41237E+04 -0.41237E+04
 Top Flux [L/T]      0.99840E-31
 Bot Flux [L/T]      0.00000E+00
 WatBalT  [L]       -0.11820E+00
 WatBalR  [%]              0.289
----------------------------------------------------------

----------------------------------------------------------
 Time       [T]      438.0000
----------------------------------------------------------
 Sub-region num.                     1
----------------------------------------------------------
 Length   [L]        0.15000E+03  0.15000E+03
 W-volume [L]        0.87176E+01  0.87176E+01
 In-flow  [L/T]     -0.31590E-05 -0.31590E-05
 h Mean   [L]       -0.41237E+04 -0.41237E+04
 Top Flux [L/T]      0.99840E-31
 Bot Flux [L/T]      0.00000E+00
 WatBalT  [L]       -0.11820E+00
 WatBalR  [%]              0.289
----------------------------------------------------------

----------------------------------------------------------
 Time       [T]      439.0000
----------------------------------------------------------
 Sub-region num.                     1
----------------------------------------------------------
 Length   [L]        0.15000E+03  0.15000E+03
 W-volume [L]        0.87176E+01  0.87176E+01
 In-flow  [L/T]     -0.31590E-05 -0.31590E-05
 h Mean   [L]       -0.41237E+04 -0.41237E+04
 Top Flux [L/T]      0.99840E-31
 Bot Flux [L/T]      0.00000E+00
 WatBalT  [L]       -0.11820E+00
 WatBalR  [%]              0.289
----------------------------------------------------------

----------------------------------------------------------
 Time       [T]      440.0000
----------------------------------------------------------
 Sub-region num.                     1
----------------------------------------------------------
 Length   [L]        0.15000E+03  0.15000E+03
 W-volume [L]        0.87176E+01  0.87176E+01
 In-flow  [L/T]     -0.31590E-05 -0.31590E-05
 h Mean   [L]       -0.41237E+04 -0.41237E+04
 Top Flux [L/T]      0.99840E-31
 Bot Flux [L/T]      0.00000E+00
 WatBalT  [L]       -0.11820E+00
 WatBalR  [%]              0.289
----------------------------------------------------------

----------------------------------------------------------
 Time       [T]      441.0000
----------------------------------------------------------
 Sub-region num.                     1
----------------------------------------------------------
 Length   [L]        0.15000E+03  0.15000E+03
 W-volume [L]        0.87176E+01  0.87176E+01
 In-flow  [L/T]     -0.31292E-05 -0.31292E-05
 h Mean   [L]       -0.41237E+04 -0.41237E+04
 Top Flux [L/T]      0.99840E-31
 Bot Flux [L/T]      0.00000E+00
 WatBalT  [L]       -0.11820E+00
 WatBalR  [%]              0.289
----------------------------------------------------------

----------------------------------------------------------
 Time       [T]      442.0000
----------------------------------------------------------
 Sub-region num.                     1
----------------------------------------------------------
 Length   [L]        0.15000E+03  0.15000E+03
 W-volume [L]        0.87176E+01  0.87176E+01
 In-flow  [L/T]     -0.31292E-05 -0.31292E-05
 h Mean   [L]       -0.41237E+04 -0.41237E+04
 Top Flux [L/T]      0.99840E-31
 Bot Flux [L/T]      0.00000E+00
 WatBalT  [L]       -0.11820E+00
 WatBalR  [%]              0.289
----------------------------------------------------------

----------------------------------------------------------
 Time       [T]      443.0000
----------------------------------------------------------
 Sub-region num.                     1
----------------------------------------------------------
 Length   [L]        0.15000E+03  0.15000E+03
 W-volume [L]        0.87176E+01  0.87176E+01
 In-flow  [L/T]     -0.31292E-05 -0.31292E-05
 h Mean   [L]       -0.41237E+04 -0.41237E+04
 Top Flux [L/T]      0.99840E-31
 Bot Flux [L/T]      0.00000E+00
 WatBalT  [L]       -0.11820E+00
 WatBalR  [%]              0.289
----------------------------------------------------------

----------------------------------------------------------
 Time       [T]      444.0000
----------------------------------------------------------
 Sub-region num.                     1
----------------------------------------------------------
 Length   [L]        0.15000E+03  0.15000E+03
 W-volume [L]        0.87176E+01  0.87176E+01
 In-flow  [L/T]     -0.31292E-05 -0.31292E-05
 h Mean   [L]       -0.41237E+04 -0.41237E+04
 Top Flux [L/T]      0.99840E-31
 Bot Flux [L/T]      0.00000E+00
 WatBalT  [L]       -0.11820E+00
 WatBalR  [%]              0.289
----------------------------------------------------------

----------------------------------------------------------
 Time       [T]      445.0000
----------------------------------------------------------
 Sub-region num.                     1
----------------------------------------------------------
 Length   [L]        0.15000E+03  0.15000E+03
 W-volume [L]        0.87176E+01  0.87176E+01
 In-flow  [L/T]     -0.30994E-05 -0.30994E-05
 h Mean   [L]       -0.41237E+04 -0.41237E+04
 Top Flux [L/T]      0.99840E-31
 Bot Flux [L/T]      0.00000E+00
 WatBalT  [L]       -0.11820E+00
 WatBalR  [%]              0.289
----------------------------------------------------------

----------------------------------------------------------
 Time       [T]      446.0000
----------------------------------------------------------
 Sub-region num.                     1
----------------------------------------------------------
 Length   [L]        0.15000E+03  0.15000E+03
 W-volume [L]        0.87176E+01  0.87176E+01
 In-flow  [L/T]     -0.30994E-05 -0.30994E-05
 h Mean   [L]       -0.41237E+04 -0.41237E+04
 Top Flux [L/T]      0.99840E-31
 Bot Flux [L/T]      0.00000E+00
 WatBalT  [L]       -0.11819E+00
 WatBalR  [%]              0.289
----------------------------------------------------------

----------------------------------------------------------
 Time       [T]      447.0000
----------------------------------------------------------
 Sub-region num.                     1
----------------------------------------------------------
 Length   [L]        0.15000E+03  0.15000E+03
 W-volume [L]        0.87176E+01  0.87176E+01
 In-flow  [L/T]     -0.30994E-05 -0.30994E-05
 h Mean   [L]       -0.41237E+04 -0.41237E+04
 Top Flux [L/T]      0.99840E-31
 Bot Flux [L/T]      0.00000E+00
 WatBalT  [L]       -0.11819E+00
 WatBalR  [%]              0.289
----------------------------------------------------------

----------------------------------------------------------
 Time       [T]      448.0000
----------------------------------------------------------
 Sub-region num.                     1
----------------------------------------------------------
 Length   [L]        0.15000E+03  0.15000E+03
 W-volume [L]        0.87176E+01  0.87176E+01
 In-flow  [L/T]     -0.30994E-05 -0.30994E-05
 h Mean   [L]       -0.41237E+04 -0.41237E+04
 Top Flux [L/T]      0.99840E-31
 Bot Flux [L/T]      0.00000E+00
 WatBalT  [L]       -0.11819E+00
 WatBalR  [%]              0.289
----------------------------------------------------------

----------------------------------------------------------
 Time       [T]      449.0000
----------------------------------------------------------
 Sub-region num.                     1
----------------------------------------------------------
 Length   [L]        0.15000E+03  0.15000E+03
 W-volume [L]        0.87176E+01  0.87176E+01
 In-flow  [L/T]     -0.30994E-05 -0.30994E-05
 h Mean   [L]       -0.41237E+04 -0.41237E+04
 Top Flux [L/T]      0.99840E-31
 Bot Flux [L/T]      0.00000E+00
 WatBalT  [L]       -0.11819E+00
 WatBalR  [%]              0.289
----------------------------------------------------------

----------------------------------------------------------
 Time       [T]      450.0000
----------------------------------------------------------
 Sub-region num.                     1
----------------------------------------------------------
 Length   [L]        0.15000E+03  0.15000E+03
 W-volume [L]        0.87176E+01  0.87176E+01
 In-flow  [L/T]     -0.30696E-05 -0.30696E-05
 h Mean   [L]       -0.41237E+04 -0.41237E+04
 Top Flux [L/T]      0.99840E-31
 Bot Flux [L/T]      0.00000E+00
 WatBalT  [L]       -0.11819E+00
 WatBalR  [%]              0.289
----------------------------------------------------------

----------------------------------------------------------
 Time       [T]      451.0000
----------------------------------------------------------
 Sub-region num.                     1
----------------------------------------------------------
 Length   [L]        0.15000E+03  0.15000E+03
 W-volume [L]        0.87176E+01  0.87176E+01
 In-flow  [L/T]     -0.30696E-05 -0.30696E-05
 h Mean   [L]       -0.41237E+04 -0.41237E+04
 Top Flux [L/T]      0.99840E-31
 Bot Flux [L/T]      0.00000E+00
 WatBalT  [L]       -0.11819E+00
 WatBalR  [%]              0.289
----------------------------------------------------------

----------------------------------------------------------
 Time       [T]      452.0000
----------------------------------------------------------
 Sub-region num.                     1
----------------------------------------------------------
 Length   [L]        0.15000E+03  0.15000E+03
 W-volume [L]        0.87176E+01  0.87176E+01
 In-flow  [L/T]     -0.30696E-05 -0.30696E-05
 h Mean   [L]       -0.41237E+04 -0.41237E+04
 Top Flux [L/T]      0.99840E-31
 Bot Flux [L/T]      0.00000E+00
 WatBalT  [L]       -0.11819E+00
 WatBalR  [%]              0.289
----------------------------------------------------------

----------------------------------------------------------
 Time       [T]      453.0000
----------------------------------------------------------
 Sub-region num.                     1
----------------------------------------------------------
 Length   [L]        0.15000E+03  0.15000E+03
 W-volume [L]        0.87176E+01  0.87176E+01
 In-flow  [L/T]     -0.30696E-05 -0.30696E-05
 h Mean   [L]       -0.41237E+04 -0.41237E+04
 Top Flux [L/T]      0.99840E-31
 Bot Flux [L/T]      0.00000E+00
 WatBalT  [L]       -0.11819E+00
 WatBalR  [%]              0.289
----------------------------------------------------------

----------------------------------------------------------
 Time       [T]      454.0000
----------------------------------------------------------
 Sub-region num.                     1
----------------------------------------------------------
 Length   [L]        0.15000E+03  0.15000E+03
 W-volume [L]        0.87176E+01  0.87176E+01
 In-flow  [L/T]     -0.30398E-05 -0.30398E-05
 h Mean   [L]       -0.41237E+04 -0.41237E+04
 Top Flux [L/T]      0.99840E-31
 Bot Flux [L/T]      0.00000E+00
 WatBalT  [L]       -0.11819E+00
 WatBalR  [%]              0.289
----------------------------------------------------------

----------------------------------------------------------
 Time       [T]      455.0000
----------------------------------------------------------
 Sub-region num.                     1
----------------------------------------------------------
 Length   [L]        0.15000E+03  0.15000E+03
 W-volume [L]        0.87176E+01  0.87176E+01
 In-flow  [L/T]     -0.30398E-05 -0.30398E-05
 h Mean   [L]       -0.41237E+04 -0.41237E+04
 Top Flux [L/T]      0.99840E-31
 Bot Flux [L/T]      0.00000E+00
 WatBalT  [L]       -0.11819E+00
 WatBalR  [%]              0.289
----------------------------------------------------------

----------------------------------------------------------
 Time       [T]      456.0000
----------------------------------------------------------
 Sub-region num.                     1
----------------------------------------------------------
 Length   [L]        0.15000E+03  0.15000E+03
 W-volume [L]        0.87176E+01  0.87176E+01
 In-flow  [L/T]     -0.30398E-05 -0.30398E-05
 h Mean   [L]       -0.41237E+04 -0.41237E+04
 Top Flux [L/T]      0.99840E-31
 Bot Flux [L/T]      0.00000E+00
 WatBalT  [L]       -0.11819E+00
 WatBalR  [%]              0.289
----------------------------------------------------------

----------------------------------------------------------
 Time       [T]      457.0000
----------------------------------------------------------
 Sub-region num.                     1
----------------------------------------------------------
 Length   [L]        0.15000E+03  0.15000E+03
 W-volume [L]        0.87176E+01  0.87176E+01
 In-flow  [L/T]     -0.30398E-05 -0.30398E-05
 h Mean   [L]       -0.41237E+04 -0.41237E+04
 Top Flux [L/T]      0.99840E-31
 Bot Flux [L/T]      0.00000E+00
 WatBalT  [L]       -0.11819E+00
 WatBalR  [%]              0.289
----------------------------------------------------------

----------------------------------------------------------
 Time       [T]      458.0000
----------------------------------------------------------
 Sub-region num.                     1
----------------------------------------------------------
 Length   [L]        0.15000E+03  0.15000E+03
 W-volume [L]        0.87175E+01  0.87175E+01
 In-flow  [L/T]     -0.30398E-05 -0.30398E-05
 h Mean   [L]       -0.41237E+04 -0.41237E+04
 Top Flux [L/T]      0.99840E-31
 Bot Flux [L/T]      0.00000E+00
 WatBalT  [L]       -0.11819E+00
 WatBalR  [%]              0.289
----------------------------------------------------------

----------------------------------------------------------
 Time       [T]      459.0000
----------------------------------------------------------
 Sub-region num.                     1
----------------------------------------------------------
 Length   [L]        0.15000E+03  0.15000E+03
 W-volume [L]        0.87175E+01  0.87175E+01
 In-flow  [L/T]     -0.30100E-05 -0.30100E-05
 h Mean   [L]       -0.41237E+04 -0.41237E+04
 Top Flux [L/T]      0.99840E-31
 Bot Flux [L/T]      0.00000E+00
 WatBalT  [L]       -0.11819E+00
 WatBalR  [%]              0.289
----------------------------------------------------------

----------------------------------------------------------
 Time       [T]      460.0000
----------------------------------------------------------
 Sub-region num.                     1
----------------------------------------------------------
 Length   [L]        0.15000E+03  0.15000E+03
 W-volume [L]        0.87175E+01  0.87175E+01
 In-flow  [L/T]     -0.30100E-05 -0.30100E-05
 h Mean   [L]       -0.41237E+04 -0.41237E+04
 Top Flux [L/T]      0.99840E-31
 Bot Flux [L/T]      0.00000E+00
 WatBalT  [L]       -0.11819E+00
 WatBalR  [%]              0.289
----------------------------------------------------------

----------------------------------------------------------
 Time       [T]      461.0000
----------------------------------------------------------
 Sub-region num.                     1
----------------------------------------------------------
 Length   [L]        0.15000E+03  0.15000E+03
 W-volume [L]        0.87175E+01  0.87175E+01
 In-flow  [L/T]     -0.30100E-05 -0.30100E-05
 h Mean   [L]       -0.41237E+04 -0.41237E+04
 Top Flux [L/T]      0.99840E-31
 Bot Flux [L/T]      0.00000E+00
 WatBalT  [L]       -0.11818E+00
 WatBalR  [%]              0.289
----------------------------------------------------------

----------------------------------------------------------
 Time       [T]      462.0000
----------------------------------------------------------
 Sub-region num.                     1
----------------------------------------------------------
 Length   [L]        0.15000E+03  0.15000E+03
 W-volume [L]        0.87175E+01  0.87175E+01
 In-flow  [L/T]     -0.30100E-05 -0.30100E-05
 h Mean   [L]       -0.41237E+04 -0.41237E+04
 Top Flux [L/T]      0.99840E-31
 Bot Flux [L/T]      0.00000E+00
 WatBalT  [L]       -0.11818E+00
 WatBalR  [%]              0.289
----------------------------------------------------------

----------------------------------------------------------
 Time       [T]      463.0000
----------------------------------------------------------
 Sub-region num.                     1
----------------------------------------------------------
 Length   [L]        0.15000E+03  0.15000E+03
 W-volume [L]        0.87175E+01  0.87175E+01
 In-flow  [L/T]     -0.30100E-05 -0.30100E-05
 h Mean   [L]       -0.41237E+04 -0.41237E+04
 Top Flux [L/T]      0.99840E-31
 Bot Flux [L/T]      0.00000E+00
 WatBalT  [L]       -0.11818E+00
 WatBalR  [%]              0.289
----------------------------------------------------------

----------------------------------------------------------
 Time       [T]      464.0000
----------------------------------------------------------
 Sub-region num.                     1
----------------------------------------------------------
 Length   [L]        0.15000E+03  0.15000E+03
 W-volume [L]        0.87175E+01  0.87175E+01
 In-flow  [L/T]     -0.29802E-05 -0.29802E-05
 h Mean   [L]       -0.41237E+04 -0.41237E+04
 Top Flux [L/T]      0.99840E-31
 Bot Flux [L/T]      0.00000E+00
 WatBalT  [L]       -0.11818E+00
 WatBalR  [%]              0.289
----------------------------------------------------------

----------------------------------------------------------
 Time       [T]      465.0000
----------------------------------------------------------
 Sub-region num.                     1
----------------------------------------------------------
 Length   [L]        0.15000E+03  0.15000E+03
 W-volume [L]        0.87175E+01  0.87175E+01
 In-flow  [L/T]     -0.29802E-05 -0.29802E-05
 h Mean   [L]       -0.41237E+04 -0.41237E+04
 Top Flux [L/T]      0.99840E-31
 Bot Flux [L/T]      0.00000E+00
 WatBalT  [L]       -0.11818E+00
 WatBalR  [%]              0.289
----------------------------------------------------------

----------------------------------------------------------
 Time       [T]      466.0000
----------------------------------------------------------
 Sub-region num.                     1
----------------------------------------------------------
 Length   [L]        0.15000E+03  0.15000E+03
 W-volume [L]        0.87175E+01  0.87175E+01
 In-flow  [L/T]     -0.29802E-05 -0.29802E-05
 h Mean   [L]       -0.41237E+04 -0.41237E+04
 Top Flux [L/T]      0.99840E-31
 Bot Flux [L/T]      0.00000E+00
 WatBalT  [L]       -0.11818E+00
 WatBalR  [%]              0.289
----------------------------------------------------------

----------------------------------------------------------
 Time       [T]      467.0000
----------------------------------------------------------
 Sub-region num.                     1
----------------------------------------------------------
 Length   [L]        0.15000E+03  0.15000E+03
 W-volume [L]        0.87175E+01  0.87175E+01
 In-flow  [L/T]     -0.29802E-05 -0.29802E-05
 h Mean   [L]       -0.41237E+04 -0.41237E+04
 Top Flux [L/T]      0.99840E-31
 Bot Flux [L/T]      0.00000E+00
 WatBalT  [L]       -0.11818E+00
 WatBalR  [%]              0.289
----------------------------------------------------------

----------------------------------------------------------
 Time       [T]      468.0000
----------------------------------------------------------
 Sub-region num.                     1
----------------------------------------------------------
 Length   [L]        0.15000E+03  0.15000E+03
 W-volume [L]        0.87175E+01  0.87175E+01
 In-flow  [L/T]     -0.29802E-05 -0.29802E-05
 h Mean   [L]       -0.41237E+04 -0.41237E+04
 Top Flux [L/T]      0.99840E-31
 Bot Flux [L/T]      0.00000E+00
 WatBalT  [L]       -0.11818E+00
 WatBalR  [%]              0.289
----------------------------------------------------------

----------------------------------------------------------
 Time       [T]      469.0000
----------------------------------------------------------
 Sub-region num.                     1
----------------------------------------------------------
 Length   [L]        0.15000E+03  0.15000E+03
 W-volume [L]        0.87175E+01  0.87175E+01
 In-flow  [L/T]     -0.29504E-05 -0.29504E-05
 h Mean   [L]       -0.41237E+04 -0.41237E+04
 Top Flux [L/T]      0.99840E-31
 Bot Flux [L/T]      0.00000E+00
 WatBalT  [L]       -0.11818E+00
 WatBalR  [%]              0.289
----------------------------------------------------------

----------------------------------------------------------
 Time       [T]      470.0000
----------------------------------------------------------
 Sub-region num.                     1
----------------------------------------------------------
 Length   [L]        0.15000E+03  0.15000E+03
 W-volume [L]        0.87175E+01  0.87175E+01
 In-flow  [L/T]     -0.29504E-05 -0.29504E-05
 h Mean   [L]       -0.41237E+04 -0.41237E+04
 Top Flux [L/T]      0.99840E-31
 Bot Flux [L/T]      0.00000E+00
 WatBalT  [L]       -0.11818E+00
 WatBalR  [%]              0.289
----------------------------------------------------------

----------------------------------------------------------
 Time       [T]      471.0000
----------------------------------------------------------
 Sub-region num.                     1
----------------------------------------------------------
 Length   [L]        0.15000E+03  0.15000E+03
 W-volume [L]        0.87175E+01  0.87175E+01
 In-flow  [L/T]     -0.29504E-05 -0.29504E-05
 h Mean   [L]       -0.41237E+04 -0.41237E+04
 Top Flux [L/T]      0.99840E-31
 Bot Flux [L/T]      0.00000E+00
 WatBalT  [L]       -0.11817E+00
 WatBalR  [%]              0.289
----------------------------------------------------------

----------------------------------------------------------
 Time       [T]      472.0000
----------------------------------------------------------
 Sub-region num.                     1
----------------------------------------------------------
 Length   [L]        0.15000E+03  0.15000E+03
 W-volume [L]        0.87175E+01  0.87175E+01
 In-flow  [L/T]     -0.29504E-05 -0.29504E-05
 h Mean   [L]       -0.41237E+04 -0.41237E+04
 Top Flux [L/T]      0.99840E-31
 Bot Flux [L/T]      0.00000E+00
 WatBalT  [L]       -0.11817E+00
 WatBalR  [%]              0.289
----------------------------------------------------------

----------------------------------------------------------
 Time       [T]      473.0000
----------------------------------------------------------
 Sub-region num.                     1
----------------------------------------------------------
 Length   [L]        0.15000E+03  0.15000E+03
 W-volume [L]        0.87175E+01  0.87175E+01
 In-flow  [L/T]     -0.29504E-05 -0.29504E-05
 h Mean   [L]       -0.41237E+04 -0.41237E+04
 Top Flux [L/T]      0.99840E-31
 Bot Flux [L/T]      0.00000E+00
 WatBalT  [L]       -0.11817E+00
 WatBalR  [%]              0.289
----------------------------------------------------------

----------------------------------------------------------
 Time       [T]      474.0000
----------------------------------------------------------
 Sub-region num.                     1
----------------------------------------------------------
 Length   [L]        0.15000E+03  0.15000E+03
 W-volume [L]        0.87175E+01  0.87175E+01
 In-flow  [L/T]     -0.29206E-05 -0.29206E-05
 h Mean   [L]       -0.41237E+04 -0.41237E+04
 Top Flux [L/T]      0.99840E-31
 Bot Flux [L/T]      0.00000E+00
 WatBalT  [L]       -0.11817E+00
 WatBalR  [%]              0.289
----------------------------------------------------------

----------------------------------------------------------
 Time       [T]      475.0000
----------------------------------------------------------
 Sub-region num.                     1
----------------------------------------------------------
 Length   [L]        0.15000E+03  0.15000E+03
 W-volume [L]        0.87175E+01  0.87175E+01
 In-flow  [L/T]     -0.29206E-05 -0.29206E-05
 h Mean   [L]       -0.41237E+04 -0.41237E+04
 Top Flux [L/T]      0.99840E-31
 Bot Flux [L/T]      0.00000E+00
 WatBalT  [L]       -0.11817E+00
 WatBalR  [%]              0.289
----------------------------------------------------------

----------------------------------------------------------
 Time       [T]      476.0000
----------------------------------------------------------
 Sub-region num.                     1
----------------------------------------------------------
 Length   [L]        0.15000E+03  0.15000E+03
 W-volume [L]        0.87175E+01  0.87175E+01
 In-flow  [L/T]     -0.29206E-05 -0.29206E-05
 h Mean   [L]       -0.41237E+04 -0.41237E+04
 Top Flux [L/T]      0.99840E-31
 Bot Flux [L/T]      0.00000E+00
 WatBalT  [L]       -0.11817E+00
 WatBalR  [%]              0.289
----------------------------------------------------------

----------------------------------------------------------
 Time       [T]      477.0000
----------------------------------------------------------
 Sub-region num.                     1
----------------------------------------------------------
 Length   [L]        0.15000E+03  0.15000E+03
 W-volume [L]        0.87175E+01  0.87175E+01
 In-flow  [L/T]     -0.29206E-05 -0.29206E-05
 h Mean   [L]       -0.41237E+04 -0.41237E+04
 Top Flux [L/T]      0.99840E-31
 Bot Flux [L/T]      0.00000E+00
 WatBalT  [L]       -0.11817E+00
 WatBalR  [%]              0.289
----------------------------------------------------------

----------------------------------------------------------
 Time       [T]      478.0000
----------------------------------------------------------
 Sub-region num.                     1
----------------------------------------------------------
 Length   [L]        0.15000E+03  0.15000E+03
 W-volume [L]        0.87175E+01  0.87175E+01
 In-flow  [L/T]     -0.28908E-05 -0.28908E-05
 h Mean   [L]       -0.41237E+04 -0.41237E+04
 Top Flux [L/T]      0.99840E-31
 Bot Flux [L/T]      0.00000E+00
 WatBalT  [L]       -0.11817E+00
 WatBalR  [%]              0.289
----------------------------------------------------------

----------------------------------------------------------
 Time       [T]      479.0000
----------------------------------------------------------
 Sub-region num.                     1
----------------------------------------------------------
 Length   [L]        0.15000E+03  0.15000E+03
 W-volume [L]        0.87175E+01  0.87175E+01
 In-flow  [L/T]     -0.28908E-05 -0.28908E-05
 h Mean   [L]       -0.41237E+04 -0.41237E+04
 Top Flux [L/T]      0.99840E-31
 Bot Flux [L/T]      0.00000E+00
 WatBalT  [L]       -0.11817E+00
 WatBalR  [%]              0.289
----------------------------------------------------------

----------------------------------------------------------
 Time       [T]      480.0000
----------------------------------------------------------
 Sub-region num.                     1
----------------------------------------------------------
 Length   [L]        0.15000E+03  0.15000E+03
 W-volume [L]        0.87175E+01  0.87175E+01
 In-flow  [L/T]     -0.28908E-05 -0.28908E-05
 h Mean   [L]       -0.41237E+04 -0.41237E+04
 Top Flux [L/T]      0.99840E-31
 Bot Flux [L/T]      0.00000E+00
 WatBalT  [L]       -0.11817E+00
 WatBalR  [%]              0.289
----------------------------------------------------------

----------------------------------------------------------
 Time       [T]      481.0000
----------------------------------------------------------
 Sub-region num.                     1
----------------------------------------------------------
 Length   [L]        0.15000E+03  0.15000E+03
 W-volume [L]        0.87175E+01  0.87175E+01
 In-flow  [L/T]     -0.28908E-05 -0.28908E-05
 h Mean   [L]       -0.41237E+04 -0.41237E+04
 Top Flux [L/T]      0.99840E-31
 Bot Flux [L/T]      0.00000E+00
 WatBalT  [L]       -0.11817E+00
 WatBalR  [%]              0.289
----------------------------------------------------------

----------------------------------------------------------
 Time       [T]      482.0000
----------------------------------------------------------
 Sub-region num.                     1
----------------------------------------------------------
 Length   [L]        0.15000E+03  0.15000E+03
 W-volume [L]        0.87175E+01  0.87175E+01
 In-flow  [L/T]     -0.28908E-05 -0.28908E-05
 h Mean   [L]       -0.41237E+04 -0.41237E+04
 Top Flux [L/T]      0.99840E-31
 Bot Flux [L/T]      0.00000E+00
 WatBalT  [L]       -0.11817E+00
 WatBalR  [%]              0.289
----------------------------------------------------------

----------------------------------------------------------
 Time       [T]      483.0000
----------------------------------------------------------
 Sub-region num.                     1
----------------------------------------------------------
 Length   [L]        0.15000E+03  0.15000E+03
 W-volume [L]        0.87175E+01  0.87175E+01
 In-flow  [L/T]     -0.28610E-05 -0.28610E-05
 h Mean   [L]       -0.41237E+04 -0.41237E+04
 Top Flux [L/T]      0.99840E-31
 Bot Flux [L/T]      0.00000E+00
 WatBalT  [L]       -0.11816E+00
 WatBalR  [%]              0.289
----------------------------------------------------------

----------------------------------------------------------
 Time       [T]      484.0000
----------------------------------------------------------
 Sub-region num.                     1
----------------------------------------------------------
 Length   [L]        0.15000E+03  0.15000E+03
 W-volume [L]        0.87175E+01  0.87175E+01
 In-flow  [L/T]     -0.28610E-05 -0.28610E-05
 h Mean   [L]       -0.41237E+04 -0.41237E+04
 Top Flux [L/T]      0.99840E-31
 Bot Flux [L/T]      0.00000E+00
 WatBalT  [L]       -0.11816E+00
 WatBalR  [%]              0.289
----------------------------------------------------------

----------------------------------------------------------
 Time       [T]      485.0000
----------------------------------------------------------
 Sub-region num.                     1
----------------------------------------------------------
 Length   [L]        0.15000E+03  0.15000E+03
 W-volume [L]        0.87175E+01  0.87175E+01
 In-flow  [L/T]     -0.28610E-05 -0.28610E-05
 h Mean   [L]       -0.41237E+04 -0.41237E+04
 Top Flux [L/T]      0.99840E-31
 Bot Flux [L/T]      0.00000E+00
 WatBalT  [L]       -0.11816E+00
 WatBalR  [%]              0.289
----------------------------------------------------------

----------------------------------------------------------
 Time       [T]      486.0000
----------------------------------------------------------
 Sub-region num.                     1
----------------------------------------------------------
 Length   [L]        0.15000E+03  0.15000E+03
 W-volume [L]        0.87175E+01  0.87175E+01
 In-flow  [L/T]     -0.28610E-05 -0.28610E-05
 h Mean   [L]       -0.41237E+04 -0.41237E+04
 Top Flux [L/T]      0.99840E-31
 Bot Flux [L/T]      0.00000E+00
 WatBalT  [L]       -0.11816E+00
 WatBalR  [%]              0.289
----------------------------------------------------------

----------------------------------------------------------
 Time       [T]      487.0000
----------------------------------------------------------
 Sub-region num.                     1
----------------------------------------------------------
 Length   [L]        0.15000E+03  0.15000E+03
 W-volume [L]        0.87175E+01  0.87175E+01
 In-flow  [L/T]     -0.28610E-05 -0.28610E-05
 h Mean   [L]       -0.41237E+04 -0.41237E+04
 Top Flux [L/T]      0.99840E-31
 Bot Flux [L/T]      0.00000E+00
 WatBalT  [L]       -0.11816E+00
 WatBalR  [%]              0.289
----------------------------------------------------------

----------------------------------------------------------
 Time       [T]      488.0000
----------------------------------------------------------
 Sub-region num.                     1
----------------------------------------------------------
 Length   [L]        0.15000E+03  0.15000E+03
 W-volume [L]        0.87175E+01  0.87175E+01
 In-flow  [L/T]     -0.28312E-05 -0.28312E-05
 h Mean   [L]       -0.41237E+04 -0.41237E+04
 Top Flux [L/T]      0.99840E-31
 Bot Flux [L/T]      0.00000E+00
 WatBalT  [L]       -0.11816E+00
 WatBalR  [%]              0.289
----------------------------------------------------------

----------------------------------------------------------
 Time       [T]      489.0000
----------------------------------------------------------
 Sub-region num.                     1
----------------------------------------------------------
 Length   [L]        0.15000E+03  0.15000E+03
 W-volume [L]        0.87175E+01  0.87175E+01
 In-flow  [L/T]     -0.28312E-05 -0.28312E-05
 h Mean   [L]       -0.41237E+04 -0.41237E+04
 Top Flux [L/T]      0.99840E-31
 Bot Flux [L/T]      0.00000E+00
 WatBalT  [L]       -0.11816E+00
 WatBalR  [%]              0.289
----------------------------------------------------------

----------------------------------------------------------
 Time       [T]      490.0000
----------------------------------------------------------
 Sub-region num.                     1
----------------------------------------------------------
 Length   [L]        0.15000E+03  0.15000E+03
 W-volume [L]        0.87175E+01  0.87175E+01
 In-flow  [L/T]     -0.28312E-05 -0.28312E-05
 h Mean   [L]       -0.41237E+04 -0.41237E+04
 Top Flux [L/T]      0.99840E-31
 Bot Flux [L/T]      0.00000E+00
 WatBalT  [L]       -0.11816E+00
 WatBalR  [%]              0.289
----------------------------------------------------------

----------------------------------------------------------
 Time       [T]      491.0000
----------------------------------------------------------
 Sub-region num.                     1
----------------------------------------------------------
 Length   [L]        0.15000E+03  0.15000E+03
 W-volume [L]        0.87175E+01  0.87175E+01
 In-flow  [L/T]     -0.28312E-05 -0.28312E-05
 h Mean   [L]       -0.41237E+04 -0.41237E+04
 Top Flux [L/T]      0.99840E-31
 Bot Flux [L/T]      0.00000E+00
 WatBalT  [L]       -0.11816E+00
 WatBalR  [%]              0.289
----------------------------------------------------------

----------------------------------------------------------
 Time       [T]      492.0000
----------------------------------------------------------
 Sub-region num.                     1
----------------------------------------------------------
 Length   [L]        0.15000E+03  0.15000E+03
 W-volume [L]        0.87174E+01  0.87174E+01
 In-flow  [L/T]     -0.28312E-05 -0.28312E-05
 h Mean   [L]       -0.41237E+04 -0.41237E+04
 Top Flux [L/T]      0.99840E-31
 Bot Flux [L/T]      0.00000E+00
 WatBalT  [L]       -0.11815E+00
 WatBalR  [%]              0.289
----------------------------------------------------------

----------------------------------------------------------
 Time       [T]      493.0000
----------------------------------------------------------
 Sub-region num.                     1
----------------------------------------------------------
 Length   [L]        0.15000E+03  0.15000E+03
 W-volume [L]        0.87174E+01  0.87174E+01
 In-flow  [L/T]     -0.28014E-05 -0.28014E-05
 h Mean   [L]       -0.41237E+04 -0.41237E+04
 Top Flux [L/T]      0.99840E-31
 Bot Flux [L/T]      0.00000E+00
 WatBalT  [L]       -0.11815E+00
 WatBalR  [%]              0.289
----------------------------------------------------------

----------------------------------------------------------
 Time       [T]      494.0000
----------------------------------------------------------
 Sub-region num.                     1
----------------------------------------------------------
 Length   [L]        0.15000E+03  0.15000E+03
 W-volume [L]        0.87174E+01  0.87174E+01
 In-flow  [L/T]     -0.28014E-05 -0.28014E-05
 h Mean   [L]       -0.41237E+04 -0.41237E+04
 Top Flux [L/T]      0.99840E-31
 Bot Flux [L/T]      0.00000E+00
 WatBalT  [L]       -0.11815E+00
 WatBalR  [%]              0.289
----------------------------------------------------------

----------------------------------------------------------
 Time       [T]      495.0000
----------------------------------------------------------
 Sub-region num.                     1
----------------------------------------------------------
 Length   [L]        0.15000E+03  0.15000E+03
 W-volume [L]        0.87174E+01  0.87174E+01
 In-flow  [L/T]     -0.28014E-05 -0.28014E-05
 h Mean   [L]       -0.41237E+04 -0.41237E+04
 Top Flux [L/T]      0.99840E-31
 Bot Flux [L/T]      0.00000E+00
 WatBalT  [L]       -0.11815E+00
 WatBalR  [%]              0.289
----------------------------------------------------------

----------------------------------------------------------
 Time       [T]      496.0000
----------------------------------------------------------
 Sub-region num.                     1
----------------------------------------------------------
 Length   [L]        0.15000E+03  0.15000E+03
 W-volume [L]        0.87174E+01  0.87174E+01
 In-flow  [L/T]     -0.28014E-05 -0.28014E-05
 h Mean   [L]       -0.41237E+04 -0.41237E+04
 Top Flux [L/T]      0.99840E-31
 Bot Flux [L/T]      0.00000E+00
 WatBalT  [L]       -0.11815E+00
 WatBalR  [%]              0.289
----------------------------------------------------------

----------------------------------------------------------
 Time       [T]      497.0000
----------------------------------------------------------
 Sub-region num.                     1
----------------------------------------------------------
 Length   [L]        0.15000E+03  0.15000E+03
 W-volume [L]        0.87174E+01  0.87174E+01
 In-flow  [L/T]     -0.28014E-05 -0.28014E-05
 h Mean   [L]       -0.41237E+04 -0.41237E+04
 Top Flux [L/T]      0.99840E-31
 Bot Flux [L/T]      0.00000E+00
 WatBalT  [L]       -0.11815E+00
 WatBalR  [%]              0.289
----------------------------------------------------------

----------------------------------------------------------
 Time       [T]      498.0000
----------------------------------------------------------
 Sub-region num.                     1
----------------------------------------------------------
 Length   [L]        0.15000E+03  0.15000E+03
 W-volume [L]        0.87174E+01  0.87174E+01
 In-flow  [L/T]     -0.27716E-05 -0.27716E-05
 h Mean   [L]       -0.41237E+04 -0.41237E+04
 Top Flux [L/T]      0.99840E-31
 Bot Flux [L/T]      0.00000E+00
 WatBalT  [L]       -0.11815E+00
 WatBalR  [%]              0.289
----------------------------------------------------------

----------------------------------------------------------
 Time       [T]      499.0000
----------------------------------------------------------
 Sub-region num.                     1
----------------------------------------------------------
 Length   [L]        0.15000E+03  0.15000E+03
 W-volume [L]        0.87174E+01  0.87174E+01
 In-flow  [L/T]     -0.27716E-05 -0.27716E-05
 h Mean   [L]       -0.41237E+04 -0.41237E+04
 Top Flux [L/T]      0.99840E-31
 Bot Flux [L/T]      0.00000E+00
 WatBalT  [L]       -0.11815E+00
 WatBalR  [%]              0.289
----------------------------------------------------------

----------------------------------------------------------
 Time       [T]      500.0000
----------------------------------------------------------
 Sub-region num.                     1
----------------------------------------------------------
 Length   [L]        0.15000E+03  0.15000E+03
 W-volume [L]        0.87174E+01  0.87174E+01
 In-flow  [L/T]     -0.27716E-05 -0.27716E-05
 h Mean   [L]       -0.41237E+04 -0.41237E+04
 Top Flux [L/T]      0.99840E-31
 Bot Flux [L/T]      0.00000E+00
 WatBalT  [L]       -0.11815E+00
 WatBalR  [%]              0.289
----------------------------------------------------------

----------------------------------------------------------
 Time       [T]      501.0000
----------------------------------------------------------
 Sub-region num.                     1
----------------------------------------------------------
 Length   [L]        0.15000E+03  0.15000E+03
 W-volume [L]        0.87174E+01  0.87174E+01
 In-flow  [L/T]     -0.27716E-05 -0.27716E-05
 h Mean   [L]       -0.41237E+04 -0.41237E+04
 Top Flux [L/T]      0.99840E-31
 Bot Flux [L/T]      0.00000E+00
 WatBalT  [L]       -0.11815E+00
 WatBalR  [%]              0.289
----------------------------------------------------------

----------------------------------------------------------
 Time       [T]      502.0000
----------------------------------------------------------
 Sub-region num.                     1
----------------------------------------------------------
 Length   [L]        0.15000E+03  0.15000E+03
 W-volume [L]        0.87174E+01  0.87174E+01
 In-flow  [L/T]     -0.27716E-05 -0.27716E-05
 h Mean   [L]       -0.41237E+04 -0.41237E+04
 Top Flux [L/T]      0.99840E-31
 Bot Flux [L/T]      0.00000E+00
 WatBalT  [L]       -0.11814E+00
 WatBalR  [%]              0.289
----------------------------------------------------------

----------------------------------------------------------
 Time       [T]      503.0000
----------------------------------------------------------
 Sub-region num.                     1
----------------------------------------------------------
 Length   [L]        0.15000E+03  0.15000E+03
 W-volume [L]        0.87174E+01  0.87174E+01
 In-flow  [L/T]     -0.27418E-05 -0.27418E-05
 h Mean   [L]       -0.41237E+04 -0.41237E+04
 Top Flux [L/T]      0.99840E-31
 Bot Flux [L/T]      0.00000E+00
 WatBalT  [L]       -0.11814E+00
 WatBalR  [%]              0.289
----------------------------------------------------------

----------------------------------------------------------
 Time       [T]      504.0000
----------------------------------------------------------
 Sub-region num.                     1
----------------------------------------------------------
 Length   [L]        0.15000E+03  0.15000E+03
 W-volume [L]        0.87174E+01  0.87174E+01
 In-flow  [L/T]     -0.27418E-05 -0.27418E-05
 h Mean   [L]       -0.41237E+04 -0.41237E+04
 Top Flux [L/T]      0.99840E-31
 Bot Flux [L/T]      0.00000E+00
 WatBalT  [L]       -0.11814E+00
 WatBalR  [%]              0.289
----------------------------------------------------------

----------------------------------------------------------
 Time       [T]      505.0000
----------------------------------------------------------
 Sub-region num.                     1
----------------------------------------------------------
 Length   [L]        0.15000E+03  0.15000E+03
 W-volume [L]        0.87174E+01  0.87174E+01
 In-flow  [L/T]     -0.27418E-05 -0.27418E-05
 h Mean   [L]       -0.41237E+04 -0.41237E+04
 Top Flux [L/T]      0.99840E-31
 Bot Flux [L/T]      0.00000E+00
 WatBalT  [L]       -0.11814E+00
 WatBalR  [%]              0.289
----------------------------------------------------------

----------------------------------------------------------
 Time       [T]      506.0000
----------------------------------------------------------
 Sub-region num.                     1
----------------------------------------------------------
 Length   [L]        0.15000E+03  0.15000E+03
 W-volume [L]        0.87174E+01  0.87174E+01
 In-flow  [L/T]     -0.27418E-05 -0.27418E-05
 h Mean   [L]       -0.41237E+04 -0.41237E+04
 Top Flux [L/T]      0.99840E-31
 Bot Flux [L/T]      0.00000E+00
 WatBalT  [L]       -0.11814E+00
 WatBalR  [%]              0.289
----------------------------------------------------------

----------------------------------------------------------
 Time       [T]      507.0000
----------------------------------------------------------
 Sub-region num.                     1
----------------------------------------------------------
 Length   [L]        0.15000E+03  0.15000E+03
 W-volume [L]        0.87174E+01  0.87174E+01
 In-flow  [L/T]     -0.27418E-05 -0.27418E-05
 h Mean   [L]       -0.41237E+04 -0.41237E+04
 Top Flux [L/T]      0.99840E-31
 Bot Flux [L/T]      0.00000E+00
 WatBalT  [L]       -0.11814E+00
 WatBalR  [%]              0.289
----------------------------------------------------------

----------------------------------------------------------
 Time       [T]      508.0000
----------------------------------------------------------
 Sub-region num.                     1
----------------------------------------------------------
 Length   [L]        0.15000E+03  0.15000E+03
 W-volume [L]        0.87174E+01  0.87174E+01
 In-flow  [L/T]     -0.27120E-05 -0.27120E-05
 h Mean   [L]       -0.41237E+04 -0.41237E+04
 Top Flux [L/T]      0.99840E-31
 Bot Flux [L/T]      0.00000E+00
 WatBalT  [L]       -0.11814E+00
 WatBalR  [%]              0.289
----------------------------------------------------------

----------------------------------------------------------
 Time       [T]      509.0000
----------------------------------------------------------
 Sub-region num.                     1
----------------------------------------------------------
 Length   [L]        0.15000E+03  0.15000E+03
 W-volume [L]        0.87174E+01  0.87174E+01
 In-flow  [L/T]     -0.27120E-05 -0.27120E-05
 h Mean   [L]       -0.41237E+04 -0.41237E+04
 Top Flux [L/T]      0.99840E-31
 Bot Flux [L/T]      0.00000E+00
 WatBalT  [L]       -0.11814E+00
 WatBalR  [%]              0.289
----------------------------------------------------------

----------------------------------------------------------
 Time       [T]      510.0000
----------------------------------------------------------
 Sub-region num.                     1
----------------------------------------------------------
 Length   [L]        0.15000E+03  0.15000E+03
 W-volume [L]        0.87174E+01  0.87174E+01
 In-flow  [L/T]     -0.27120E-05 -0.27120E-05
 h Mean   [L]       -0.41237E+04 -0.41237E+04
 Top Flux [L/T]      0.99840E-31
 Bot Flux [L/T]      0.00000E+00
 WatBalT  [L]       -0.11814E+00
 WatBalR  [%]              0.289
----------------------------------------------------------

----------------------------------------------------------
 Time       [T]      511.0000
----------------------------------------------------------
 Sub-region num.                     1
----------------------------------------------------------
 Length   [L]        0.15000E+03  0.15000E+03
 W-volume [L]        0.87174E+01  0.87174E+01
 In-flow  [L/T]     -0.27120E-05 -0.27120E-05
 h Mean   [L]       -0.41237E+04 -0.41237E+04
 Top Flux [L/T]      0.99840E-31
 Bot Flux [L/T]      0.00000E+00
 WatBalT  [L]       -0.11814E+00
 WatBalR  [%]              0.289
----------------------------------------------------------

----------------------------------------------------------
 Time       [T]      512.0000
----------------------------------------------------------
 Sub-region num.                     1
----------------------------------------------------------
 Length   [L]        0.15000E+03  0.15000E+03
 W-volume [L]        0.87174E+01  0.87174E+01
 In-flow  [L/T]     -0.27120E-05 -0.27120E-05
 h Mean   [L]       -0.41237E+04 -0.41237E+04
 Top Flux [L/T]      0.99840E-31
 Bot Flux [L/T]      0.00000E+00
 WatBalT  [L]       -0.11814E+00
 WatBalR  [%]              0.289
----------------------------------------------------------

----------------------------------------------------------
 Time       [T]      513.0000
----------------------------------------------------------
 Sub-region num.                     1
----------------------------------------------------------
 Length   [L]        0.15000E+03  0.15000E+03
 W-volume [L]        0.87174E+01  0.87174E+01
 In-flow  [L/T]     -0.26822E-05 -0.26822E-05
 h Mean   [L]       -0.41237E+04 -0.41237E+04
 Top Flux [L/T]      0.99840E-31
 Bot Flux [L/T]      0.00000E+00
 WatBalT  [L]       -0.11813E+00
 WatBalR  [%]              0.289
----------------------------------------------------------

----------------------------------------------------------
 Time       [T]      514.0000
----------------------------------------------------------
 Sub-region num.                     1
----------------------------------------------------------
 Length   [L]        0.15000E+03  0.15000E+03
 W-volume [L]        0.87174E+01  0.87174E+01
 In-flow  [L/T]     -0.26822E-05 -0.26822E-05
 h Mean   [L]       -0.41237E+04 -0.41237E+04
 Top Flux [L/T]      0.99840E-31
 Bot Flux [L/T]      0.00000E+00
 WatBalT  [L]       -0.11813E+00
 WatBalR  [%]              0.289
----------------------------------------------------------

----------------------------------------------------------
 Time       [T]      515.0000
----------------------------------------------------------
 Sub-region num.                     1
----------------------------------------------------------
 Length   [L]        0.15000E+03  0.15000E+03
 W-volume [L]        0.87174E+01  0.87174E+01
 In-flow  [L/T]     -0.26822E-05 -0.26822E-05
 h Mean   [L]       -0.41237E+04 -0.41237E+04
 Top Flux [L/T]      0.99840E-31
 Bot Flux [L/T]      0.00000E+00
 WatBalT  [L]       -0.11813E+00
 WatBalR  [%]              0.289
----------------------------------------------------------

----------------------------------------------------------
 Time       [T]      516.0000
----------------------------------------------------------
 Sub-region num.                     1
----------------------------------------------------------
 Length   [L]        0.15000E+03  0.15000E+03
 W-volume [L]        0.87174E+01  0.87174E+01
 In-flow  [L/T]     -0.26822E-05 -0.26822E-05
 h Mean   [L]       -0.41237E+04 -0.41237E+04
 Top Flux [L/T]      0.99840E-31
 Bot Flux [L/T]      0.00000E+00
 WatBalT  [L]       -0.11813E+00
 WatBalR  [%]              0.289
----------------------------------------------------------

----------------------------------------------------------
 Time       [T]      517.0000
----------------------------------------------------------
 Sub-region num.                     1
----------------------------------------------------------
 Length   [L]        0.15000E+03  0.15000E+03
 W-volume [L]        0.87174E+01  0.87174E+01
 In-flow  [L/T]     -0.26822E-05 -0.26822E-05
 h Mean   [L]       -0.41237E+04 -0.41237E+04
 Top Flux [L/T]      0.99840E-31
 Bot Flux [L/T]      0.00000E+00
 WatBalT  [L]       -0.11813E+00
 WatBalR  [%]              0.289
----------------------------------------------------------

----------------------------------------------------------
 Time       [T]      518.0000
----------------------------------------------------------
 Sub-region num.                     1
----------------------------------------------------------
 Length   [L]        0.15000E+03  0.15000E+03
 W-volume [L]        0.87174E+01  0.87174E+01
 In-flow  [L/T]     -0.26524E-05 -0.26524E-05
 h Mean   [L]       -0.41237E+04 -0.41237E+04
 Top Flux [L/T]      0.99840E-31
 Bot Flux [L/T]      0.00000E+00
 WatBalT  [L]       -0.11813E+00
 WatBalR  [%]              0.289
----------------------------------------------------------

----------------------------------------------------------
 Time       [T]      519.0000
----------------------------------------------------------
 Sub-region num.                     1
----------------------------------------------------------
 Length   [L]        0.15000E+03  0.15000E+03
 W-volume [L]        0.87174E+01  0.87174E+01
 In-flow  [L/T]     -0.26524E-05 -0.26524E-05
 h Mean   [L]       -0.41237E+04 -0.41237E+04
 Top Flux [L/T]      0.99840E-31
 Bot Flux [L/T]      0.00000E+00
 WatBalT  [L]       -0.11813E+00
 WatBalR  [%]              0.289
----------------------------------------------------------

----------------------------------------------------------
 Time       [T]      520.0000
----------------------------------------------------------
 Sub-region num.                     1
----------------------------------------------------------
 Length   [L]        0.15000E+03  0.15000E+03
 W-volume [L]        0.87174E+01  0.87174E+01
 In-flow  [L/T]     -0.26524E-05 -0.26524E-05
 h Mean   [L]       -0.41237E+04 -0.41237E+04
 Top Flux [L/T]      0.99840E-31
 Bot Flux [L/T]      0.00000E+00
 WatBalT  [L]       -0.11812E+00
 WatBalR  [%]              0.289
----------------------------------------------------------

----------------------------------------------------------
 Time       [T]      521.0000
----------------------------------------------------------
 Sub-region num.                     1
----------------------------------------------------------
 Length   [L]        0.15000E+03  0.15000E+03
 W-volume [L]        0.87174E+01  0.87174E+01
 In-flow  [L/T]     -0.26524E-05 -0.26524E-05
 h Mean   [L]       -0.41237E+04 -0.41237E+04
 Top Flux [L/T]      0.99840E-31
 Bot Flux [L/T]      0.00000E+00
 WatBalT  [L]       -0.11812E+00
 WatBalR  [%]              0.289
----------------------------------------------------------

----------------------------------------------------------
 Time       [T]      522.0000
----------------------------------------------------------
 Sub-region num.                     1
----------------------------------------------------------
 Length   [L]        0.15000E+03  0.15000E+03
 W-volume [L]        0.87174E+01  0.87174E+01
 In-flow  [L/T]     -0.26524E-05 -0.26524E-05
 h Mean   [L]       -0.41237E+04 -0.41237E+04
 Top Flux [L/T]      0.99840E-31
 Bot Flux [L/T]      0.00000E+00
 WatBalT  [L]       -0.11812E+00
 WatBalR  [%]              0.289
----------------------------------------------------------

----------------------------------------------------------
 Time       [T]      523.0000
----------------------------------------------------------
 Sub-region num.                     1
----------------------------------------------------------
 Length   [L]        0.15000E+03  0.15000E+03
 W-volume [L]        0.87174E+01  0.87174E+01
 In-flow  [L/T]     -0.26524E-05 -0.26524E-05
 h Mean   [L]       -0.41237E+04 -0.41237E+04
 Top Flux [L/T]      0.99840E-31
 Bot Flux [L/T]      0.00000E+00
 WatBalT  [L]       -0.11812E+00
 WatBalR  [%]              0.289
----------------------------------------------------------

----------------------------------------------------------
 Time       [T]      524.0000
----------------------------------------------------------
 Sub-region num.                     1
----------------------------------------------------------
 Length   [L]        0.15000E+03  0.15000E+03
 W-volume [L]        0.87174E+01  0.87174E+01
 In-flow  [L/T]     -0.26226E-05 -0.26226E-05
 h Mean   [L]       -0.41237E+04 -0.41237E+04
 Top Flux [L/T]      0.99840E-31
 Bot Flux [L/T]      0.00000E+00
 WatBalT  [L]       -0.11812E+00
 WatBalR  [%]              0.289
----------------------------------------------------------

----------------------------------------------------------
 Time       [T]      525.0000
----------------------------------------------------------
 Sub-region num.                     1
----------------------------------------------------------
 Length   [L]        0.15000E+03  0.15000E+03
 W-volume [L]        0.87174E+01  0.87174E+01
 In-flow  [L/T]     -0.26226E-05 -0.26226E-05
 h Mean   [L]       -0.41237E+04 -0.41237E+04
 Top Flux [L/T]      0.99840E-31
 Bot Flux [L/T]      0.00000E+00
 WatBalT  [L]       -0.11812E+00
 WatBalR  [%]              0.289
----------------------------------------------------------

----------------------------------------------------------
 Time       [T]      526.0000
----------------------------------------------------------
 Sub-region num.                     1
----------------------------------------------------------
 Length   [L]        0.15000E+03  0.15000E+03
 W-volume [L]        0.87174E+01  0.87174E+01
 In-flow  [L/T]     -0.26226E-05 -0.26226E-05
 h Mean   [L]       -0.41237E+04 -0.41237E+04
 Top Flux [L/T]      0.99840E-31
 Bot Flux [L/T]      0.00000E+00
 WatBalT  [L]       -0.11812E+00
 WatBalR  [%]              0.289
----------------------------------------------------------

----------------------------------------------------------
 Time       [T]      527.0000
----------------------------------------------------------
 Sub-region num.                     1
----------------------------------------------------------
 Length   [L]        0.15000E+03  0.15000E+03
 W-volume [L]        0.87174E+01  0.87174E+01
 In-flow  [L/T]     -0.26226E-05 -0.26226E-05
 h Mean   [L]       -0.41237E+04 -0.41237E+04
 Top Flux [L/T]      0.99840E-31
 Bot Flux [L/T]      0.00000E+00
 WatBalT  [L]       -0.11812E+00
 WatBalR  [%]              0.289
----------------------------------------------------------

----------------------------------------------------------
 Time       [T]      528.0000
----------------------------------------------------------
 Sub-region num.                     1
----------------------------------------------------------
 Length   [L]        0.15000E+03  0.15000E+03
 W-volume [L]        0.87174E+01  0.87174E+01
 In-flow  [L/T]     -0.26226E-05 -0.26226E-05
 h Mean   [L]       -0.41237E+04 -0.41237E+04
 Top Flux [L/T]      0.99840E-31
 Bot Flux [L/T]      0.00000E+00
 WatBalT  [L]       -0.11812E+00
 WatBalR  [%]              0.289
----------------------------------------------------------

----------------------------------------------------------
 Time       [T]      529.0000
----------------------------------------------------------
 Sub-region num.                     1
----------------------------------------------------------
 Length   [L]        0.15000E+03  0.15000E+03
 W-volume [L]        0.99502E+01  0.99502E+01
 In-flow  [L/T]      0.72992E+00  0.72992E+00
 h Mean   [L]       -0.75821E+03 -0.75821E+03
 Top Flux [L/T]     -0.81919E+00
 Bot Flux [L/T]      0.00000E+00
 WatBalT  [L]       -0.11876E+00
 WatBalR  [%]              0.281
----------------------------------------------------------

----------------------------------------------------------
 Time       [T]      530.0000
----------------------------------------------------------
 Sub-region num.                     1
----------------------------------------------------------
 Length   [L]        0.15000E+03  0.15000E+03
 W-volume [L]        0.10545E+02  0.10545E+02
 In-flow  [L/T]      0.52087E+00  0.52087E+00
 h Mean   [L]       -0.73756E+03 -0.73756E+03
 Top Flux [L/T]     -0.62480E+00
 Bot Flux [L/T]      0.00000E+00
 WatBalT  [L]       -0.11833E+00
 WatBalR  [%]              0.275
----------------------------------------------------------

----------------------------------------------------------
 Time       [T]      531.0000
----------------------------------------------------------
 Sub-region num.                     1
----------------------------------------------------------
 Length   [L]        0.15000E+03  0.15000E+03
 W-volume [L]        0.11035E+02  0.11035E+02
 In-flow  [L/T]      0.46003E+00  0.46003E+00
 h Mean   [L]       -0.72091E+03 -0.72091E+03
 Top Flux [L/T]     -0.54770E+00
 Bot Flux [L/T]      0.00000E+00
 WatBalT  [L]       -0.11870E+00
 WatBalR  [%]              0.272
----------------------------------------------------------

----------------------------------------------------------
 Time       [T]      532.0000
----------------------------------------------------------
 Sub-region num.                     1
----------------------------------------------------------
 Length   [L]        0.15000E+03  0.15000E+03
 W-volume [L]        0.11496E+02  0.11496E+02
 In-flow  [L/T]      0.45313E+00  0.45313E+00
 h Mean   [L]       -0.70628E+03 -0.70628E+03
 Top Flux [L/T]     -0.52568E+00
 Bot Flux [L/T]      0.00000E+00
 WatBalT  [L]       -0.11887E+00
 WatBalR  [%]              0.269
----------------------------------------------------------

----------------------------------------------------------
 Time       [T]      533.0000
----------------------------------------------------------
 Sub-region num.                     1
----------------------------------------------------------
 Length   [L]        0.15000E+03  0.15000E+03
 W-volume [L]        0.11911E+02  0.11911E+02
 In-flow  [L/T]      0.41602E+00  0.41602E+00
 h Mean   [L]       -0.69508E+03 -0.69508E+03
 Top Flux [L/T]     -0.50856E+00
 Bot Flux [L/T]      0.00000E+00
 WatBalT  [L]       -0.11858E+00
 WatBalR  [%]              0.264
----------------------------------------------------------

----------------------------------------------------------
 Time       [T]      534.0000
----------------------------------------------------------
 Sub-region num.                     1
----------------------------------------------------------
 Length   [L]        0.15000E+03  0.15000E+03
 W-volume [L]        0.12395E+02  0.12395E+02
 In-flow  [L/T]      0.48548E+00  0.48548E+00
 h Mean   [L]       -0.68362E+03 -0.68362E+03
 Top Flux [L/T]     -0.50527E+00
 Bot Flux [L/T]      0.00000E+00
 WatBalT  [L]       -0.11898E+00
 WatBalR  [%]              0.262
----------------------------------------------------------

----------------------------------------------------------
 Time       [T]      535.0000
----------------------------------------------------------
 Sub-region num.                     1
----------------------------------------------------------
 Length   [L]        0.15000E+03  0.15000E+03
 W-volume [L]        0.12260E+02  0.12260E+02
 In-flow  [L/T]     -0.13678E+00 -0.13678E+00
 h Mean   [L]       -0.68015E+03 -0.68015E+03
 Top Flux [L/T]     -0.21643E-02
 Bot Flux [L/T]      0.00000E+00
 WatBalT  [L]       -0.11687E+00
 WatBalR  [%]              0.257
----------------------------------------------------------

----------------------------------------------------------
 Time       [T]      536.0000
----------------------------------------------------------
 Sub-region num.                     1
----------------------------------------------------------
 Length   [L]        0.15000E+03  0.15000E+03
 W-volume [L]        0.12064E+02  0.12064E+02
 In-flow  [L/T]     -0.21501E+00 -0.21501E+00
 h Mean   [L]       -0.68233E+03 -0.68233E+03
 Top Flux [L/T]     -0.11946E-02
 Bot Flux [L/T]      0.00000E+00
 WatBalT  [L]       -0.98040E-01
 WatBalR  [%]              0.214
----------------------------------------------------------

----------------------------------------------------------
 Time       [T]      537.0000
----------------------------------------------------------
 Sub-region num.                     1
----------------------------------------------------------
 Length   [L]        0.15000E+03  0.15000E+03
 W-volume [L]        0.11836E+02  0.11836E+02
 In-flow  [L/T]     -0.23475E+00 -0.23475E+00
 h Mean   [L]       -0.68453E+03 -0.68453E+03
 Top Flux [L/T]     -0.11851E-02
 Bot Flux [L/T]      0.00000E+00
 WatBalT  [L]       -0.91354E-01
 WatBalR  [%]              0.199
----------------------------------------------------------

----------------------------------------------------------
 Time       [T]      538.0000
----------------------------------------------------------
 Sub-region num.                     1
----------------------------------------------------------
 Length   [L]        0.15000E+03  0.15000E+03
 W-volume [L]        0.11626E+02  0.11626E+02
 In-flow  [L/T]     -0.18589E+00 -0.18589E+00
 h Mean   [L]       -0.68603E+03 -0.68603E+03
 Top Flux [L/T]     -0.74899E-03
 Bot Flux [L/T]      0.00000E+00
 WatBalT  [L]       -0.11553E+00
 WatBalR  [%]              0.250
----------------------------------------------------------

----------------------------------------------------------
 Time       [T]      539.0000
----------------------------------------------------------
 Sub-region num.                     1
----------------------------------------------------------
 Length   [L]        0.15000E+03  0.15000E+03
 W-volume [L]        0.11416E+02  0.11416E+02
 In-flow  [L/T]     -0.23492E+00 -0.23492E+00
 h Mean   [L]       -0.68723E+03 -0.68723E+03
 Top Flux [L/T]     -0.33442E-03
 Bot Flux [L/T]      0.00000E+00
 WatBalT  [L]       -0.90918E-01
 WatBalR  [%]              0.196
----------------------------------------------------------

----------------------------------------------------------
 Time       [T]      540.0000
----------------------------------------------------------
 Sub-region num.                     1
----------------------------------------------------------
 Length   [L]        0.15000E+03  0.15000E+03
 W-volume [L]        0.11146E+02  0.11146E+02
 In-flow  [L/T]     -0.30507E+00 -0.30507E+00
 h Mean   [L]       -0.68864E+03 -0.68864E+03
 Top Flux [L/T]     -0.42666E-03
 Bot Flux [L/T]      0.00000E+00
 WatBalT  [L]       -0.55750E-01
 WatBalR  [%]              0.119
----------------------------------------------------------

----------------------------------------------------------
 Time       [T]      541.0000
----------------------------------------------------------
 Sub-region num.                     1
----------------------------------------------------------
 Length   [L]        0.15000E+03  0.15000E+03
 W-volume [L]        0.10860E+02  0.10860E+02
 In-flow  [L/T]     -0.26852E+00 -0.26852E+00
 h Mean   [L]       -0.69029E+03 -0.69029E+03
 Top Flux [L/T]     -0.51237E-03
 Bot Flux [L/T]      0.00000E+00
 WatBalT  [L]       -0.73906E-01
 WatBalR  [%]              0.157
----------------------------------------------------------

----------------------------------------------------------
 Time       [T]      542.0000
----------------------------------------------------------
 Sub-region num.                     1
----------------------------------------------------------
 Length   [L]        0.15000E+03  0.15000E+03
 W-volume [L]        0.10613E+02  0.10613E+02
 In-flow  [L/T]     -0.22535E+00 -0.22535E+00
 h Mean   [L]       -0.69210E+03 -0.69210E+03
 Top Flux [L/T]     -0.55046E-03
 Bot Flux [L/T]      0.00000E+00
 WatBalT  [L]       -0.95472E-01
 WatBalR  [%]              0.202
----------------------------------------------------------

----------------------------------------------------------
 Time       [T]      543.0000
----------------------------------------------------------
 Sub-region num.                     1
----------------------------------------------------------
 Length   [L]        0.15000E+03  0.15000E+03
 W-volume [L]        0.10379E+02  0.10379E+02
 In-flow  [L/T]     -0.24203E+00 -0.24203E+00
 h Mean   [L]       -0.69433E+03 -0.69433E+03
 Top Flux [L/T]     -0.55136E-03
 Bot Flux [L/T]      0.00000E+00
 WatBalT  [L]       -0.87132E-01
 WatBalR  [%]              0.184
----------------------------------------------------------

----------------------------------------------------------
 Time       [T]      544.0000
----------------------------------------------------------
 Sub-region num.                     1
----------------------------------------------------------
 Length   [L]        0.15000E+03  0.15000E+03
 W-volume [L]        0.10170E+02  0.10170E+02
 In-flow  [L/T]     -0.17665E+00 -0.17665E+00
 h Mean   [L]       -0.69698E+03 -0.69698E+03
 Top Flux [L/T]     -0.50225E-03
 Bot Flux [L/T]      0.00000E+00
 WatBalT  [L]       -0.11982E+00
 WatBalR  [%]              0.252
----------------------------------------------------------

----------------------------------------------------------
 Time       [T]      545.0000
----------------------------------------------------------
 Sub-region num.                     1
----------------------------------------------------------
 Length   [L]        0.15000E+03  0.15000E+03
 W-volume [L]        0.10022E+02  0.10022E+02
 In-flow  [L/T]     -0.11962E+00 -0.11962E+00
 h Mean   [L]       -0.69937E+03 -0.69937E+03
 Top Flux [L/T]     -0.39909E-03
 Bot Flux [L/T]      0.00000E+00
 WatBalT  [L]       -0.14833E+00
 WatBalR  [%]              0.311
----------------------------------------------------------

----------------------------------------------------------
 Time       [T]      546.0000
----------------------------------------------------------
 Sub-region num.                     1
----------------------------------------------------------
 Length   [L]        0.15000E+03  0.15000E+03
 W-volume [L]        0.98588E+01  0.98588E+01
 In-flow  [L/T]     -0.20586E+00 -0.20586E+00
 h Mean   [L]       -0.70284E+03 -0.70284E+03
 Top Flux [L/T]     -0.30647E-03
 Bot Flux [L/T]      0.00000E+00
 WatBalT  [L]       -0.10521E+00
 WatBalR  [%]              0.219
----------------------------------------------------------

----------------------------------------------------------
 Time       [T]      547.0000
----------------------------------------------------------
 Sub-region num.                     1
----------------------------------------------------------
 Length   [L]        0.15000E+03  0.15000E+03
 W-volume [L]        0.96822E+01  0.96822E+01
 In-flow  [L/T]     -0.14744E+00 -0.14744E+00
 h Mean   [L]       -0.70796E+03 -0.70796E+03
 Top Flux [L/T]     -0.21755E-03
 Bot Flux [L/T]      0.00000E+00
 WatBalT  [L]       -0.13442E+00
 WatBalR  [%]              0.279
----------------------------------------------------------

----------------------------------------------------------
 Time       [T]      548.0000
----------------------------------------------------------
 Sub-region num.                     1
----------------------------------------------------------
 Length   [L]        0.15000E+03  0.15000E+03
 W-volume [L]        0.95069E+01  0.95069E+01
 In-flow  [L/T]     -0.20308E+00 -0.20308E+00
 h Mean   [L]       -0.71543E+03 -0.71543E+03
 Top Flux [L/T]     -0.13299E-03
 Bot Flux [L/T]      0.00000E+00
 WatBalT  [L]       -0.10660E+00
 WatBalR  [%]              0.221
----------------------------------------------------------

----------------------------------------------------------
 Time       [T]      549.0000
----------------------------------------------------------
 Sub-region num.                     1
----------------------------------------------------------
 Length   [L]        0.15000E+03  0.15000E+03
 W-volume [L]        0.10385E+02  0.10385E+02
 In-flow  [L/T]      0.52974E+00  0.52974E+00
 h Mean   [L]       -0.70970E+03 -0.70970E+03
 Top Flux [L/T]     -0.72468E+00
 Bot Flux [L/T]      0.00000E+00
 WatBalT  [L]       -0.10715E+00
 WatBalR  [%]              0.216
----------------------------------------------------------

----------------------------------------------------------
 Time       [T]      550.0000
----------------------------------------------------------
 Sub-region num.                     1
----------------------------------------------------------
 Length   [L]        0.15000E+03  0.15000E+03
 W-volume [L]        0.10256E+02  0.10256E+02
 In-flow  [L/T]     -0.12510E+00 -0.12510E+00
 h Mean   [L]       -0.71655E+03 -0.71655E+03
 Top Flux [L/T]     -0.21167E-02
 Bot Flux [L/T]      0.00000E+00
 WatBalT  [L]       -0.10876E+00
 WatBalR  [%]              0.219
----------------------------------------------------------

----------------------------------------------------------
 Time       [T]      551.0000
----------------------------------------------------------
 Sub-region num.                     1
----------------------------------------------------------
 Length   [L]        0.15000E+03  0.15000E+03
 W-volume [L]        0.10784E+02  0.10784E+02
 In-flow  [L/T]      0.45241E+00  0.45241E+00
 h Mean   [L]       -0.71274E+03 -0.71274E+03
 Top Flux [L/T]     -0.58358E+00
 Bot Flux [L/T]      0.00000E+00
 WatBalT  [L]       -0.10830E+00
 WatBalR  [%]              0.214
----------------------------------------------------------

----------------------------------------------------------
 Time       [T]      552.0000
----------------------------------------------------------
 Sub-region num.                     1
----------------------------------------------------------
 Length   [L]        0.15000E+03  0.15000E+03
 W-volume [L]        0.10609E+02  0.10609E+02
 In-flow  [L/T]     -0.16843E+00 -0.16843E+00
 h Mean   [L]       -0.72015E+03 -0.72015E+03
 Top Flux [L/T]     -0.26605E-02
 Bot Flux [L/T]      0.00000E+00
 WatBalT  [L]       -0.11166E+00
 WatBalR  [%]              0.220
----------------------------------------------------------

----------------------------------------------------------
 Time       [T]      553.0000
----------------------------------------------------------
 Sub-region num.                     1
----------------------------------------------------------
 Length   [L]        0.15000E+03  0.15000E+03
 W-volume [L]        0.11111E+02  0.11111E+02
 In-flow  [L/T]      0.44927E+00  0.44927E+00
 h Mean   [L]       -0.71158E+03 -0.71158E+03
 Top Flux [L/T]     -0.54587E+00
 Bot Flux [L/T]      0.00000E+00
 WatBalT  [L]       -0.11264E+00
 WatBalR  [%]              0.219
----------------------------------------------------------

----------------------------------------------------------
 Time       [T]      554.0000
----------------------------------------------------------
 Sub-region num.                     1
----------------------------------------------------------
 Length   [L]        0.15000E+03  0.15000E+03
 W-volume [L]        0.10920E+02  0.10920E+02
 In-flow  [L/T]     -0.18732E+00 -0.18732E+00
 h Mean   [L]       -0.71608E+03 -0.71608E+03
 Top Flux [L/T]     -0.24322E-02
 Bot Flux [L/T]      0.00000E+00
 WatBalT  [L]       -0.11349E+00
 WatBalR  [%]              0.220
----------------------------------------------------------

----------------------------------------------------------
 Time       [T]      555.0000
----------------------------------------------------------
 Sub-region num.                     1
----------------------------------------------------------
 Length   [L]        0.15000E+03  0.15000E+03
 W-volume [L]        0.11389E+02  0.11389E+02
 In-flow  [L/T]      0.40814E+00  0.40814E+00
 h Mean   [L]       -0.70899E+03 -0.70899E+03
 Top Flux [L/T]     -0.53401E+00
 Bot Flux [L/T]      0.00000E+00
 WatBalT  [L]       -0.11502E+00
 WatBalR  [%]              0.220
----------------------------------------------------------

----------------------------------------------------------
 Time       [T]      556.0000
----------------------------------------------------------
 Sub-region num.                     1
----------------------------------------------------------
 Length   [L]        0.15000E+03  0.15000E+03
 W-volume [L]        0.11184E+02  0.11184E+02
 In-flow  [L/T]     -0.20323E+00 -0.20323E+00
 h Mean   [L]       -0.71068E+03 -0.71068E+03
 Top Flux [L/T]     -0.24281E-02
 Bot Flux [L/T]      0.00000E+00
 WatBalT  [L]       -0.11458E+00
 WatBalR  [%]              0.218
----------------------------------------------------------

----------------------------------------------------------
 Time       [T]      557.0000
----------------------------------------------------------
 Sub-region num.                     1
----------------------------------------------------------
 Length   [L]        0.15000E+03  0.15000E+03
 W-volume [L]        0.11638E+02  0.11638E+02
 In-flow  [L/T]      0.41825E+00  0.41825E+00
 h Mean   [L]       -0.70527E+03 -0.70527E+03
 Top Flux [L/T]     -0.52442E+00
 Bot Flux [L/T]      0.00000E+00
 WatBalT  [L]       -0.11662E+00
 WatBalR  [%]              0.219
----------------------------------------------------------

----------------------------------------------------------
 Time       [T]      558.0000
----------------------------------------------------------
 Sub-region num.                     1
----------------------------------------------------------
 Length   [L]        0.15000E+03  0.15000E+03
 W-volume [L]        0.12048E+02  0.12048E+02
 In-flow  [L/T]      0.41281E+00  0.41281E+00
 h Mean   [L]       -0.69388E+03 -0.69388E+03
 Top Flux [L/T]     -0.50552E+00
 Bot Flux [L/T]      0.00000E+00
 WatBalT  [L]       -0.11711E+00
 WatBalR  [%]              0.217
----------------------------------------------------------

----------------------------------------------------------
 Time       [T]      559.0000
----------------------------------------------------------
 Sub-region num.                     1
----------------------------------------------------------
 Length   [L]        0.15000E+03  0.15000E+03
 W-volume [L]        0.11822E+02  0.11822E+02
 In-flow  [L/T]     -0.22798E+00 -0.22798E+00
 h Mean   [L]       -0.69291E+03 -0.69291E+03
 Top Flux [L/T]     -0.24334E-02
 Bot Flux [L/T]      0.00000E+00
 WatBalT  [L]       -0.11506E+00
 WatBalR  [%]              0.213
----------------------------------------------------------

----------------------------------------------------------
 Time       [T]      560.0000
----------------------------------------------------------
 Sub-region num.                     1
----------------------------------------------------------
 Length   [L]        0.15000E+03  0.15000E+03
 W-volume [L]        0.11593E+02  0.11593E+02
 In-flow  [L/T]     -0.22958E+00 -0.22958E+00
 h Mean   [L]       -0.69513E+03 -0.69513E+03
 Top Flux [L/T]     -0.14728E-02
 Bot Flux [L/T]      0.00000E+00
 WatBalT  [L]       -0.11500E+00
 WatBalR  [%]              0.212
----------------------------------------------------------

----------------------------------------------------------
 Time       [T]      561.0000
----------------------------------------------------------
 Sub-region num.                     1
----------------------------------------------------------
 Length   [L]        0.15000E+03  0.15000E+03
 W-volume [L]        0.11371E+02  0.11371E+02
 In-flow  [L/T]     -0.21540E+00 -0.21540E+00
 h Mean   [L]       -0.69658E+03 -0.69658E+03
 Top Flux [L/T]     -0.10599E-02
 Bot Flux [L/T]      0.00000E+00
 WatBalT  [L]       -0.12180E+00
 WatBalR  [%]              0.223
----------------------------------------------------------

----------------------------------------------------------
 Time       [T]      562.0000
----------------------------------------------------------
 Sub-region num.                     1
----------------------------------------------------------
 Length   [L]        0.15000E+03  0.15000E+03
 W-volume [L]        0.11142E+02  0.11142E+02
 In-flow  [L/T]     -0.24205E+00 -0.24205E+00
 h Mean   [L]       -0.69779E+03 -0.69779E+03
 Top Flux [L/T]     -0.37909E-03
 Bot Flux [L/T]      0.00000E+00
 WatBalT  [L]       -0.10832E+00
 WatBalR  [%]              0.198
----------------------------------------------------------

----------------------------------------------------------
 Time       [T]      563.0000
----------------------------------------------------------
 Sub-region num.                     1
----------------------------------------------------------
 Length   [L]        0.15000E+03  0.15000E+03
 W-volume [L]        0.10906E+02  0.10906E+02
 In-flow  [L/T]     -0.23128E+00 -0.23128E+00
 h Mean   [L]       -0.69893E+03 -0.69893E+03
 Top Flux [L/T]     -0.43708E-03
 Bot Flux [L/T]      0.00000E+00
 WatBalT  [L]       -0.11353E+00
 WatBalR  [%]              0.206
----------------------------------------------------------

----------------------------------------------------------
 Time       [T]      564.0000
----------------------------------------------------------
 Sub-region num.                     1
----------------------------------------------------------
 Length   [L]        0.15000E+03  0.15000E+03
 W-volume [L]        0.10677E+02  0.10677E+02
 In-flow  [L/T]     -0.22608E+00 -0.22608E+00
 h Mean   [L]       -0.70022E+03 -0.70022E+03
 Top Flux [L/T]     -0.50544E-03
 Bot Flux [L/T]      0.00000E+00
 WatBalT  [L]       -0.11609E+00
 WatBalR  [%]              0.210
----------------------------------------------------------

----------------------------------------------------------
 Time       [T]      565.0000
----------------------------------------------------------
 Sub-region num.                     1
----------------------------------------------------------
 Length   [L]        0.15000E+03  0.15000E+03
 W-volume [L]        0.10470E+02  0.10470E+02
 In-flow  [L/T]     -0.18797E+00 -0.18797E+00
 h Mean   [L]       -0.70167E+03 -0.70167E+03
 Top Flux [L/T]     -0.53642E-03
 Bot Flux [L/T]      0.00000E+00
 WatBalT  [L]       -0.13515E+00
 WatBalR  [%]              0.244
----------------------------------------------------------

----------------------------------------------------------
 Time       [T]      566.0000
----------------------------------------------------------
 Sub-region num.                     1
----------------------------------------------------------
 Length   [L]        0.15000E+03  0.15000E+03
 W-volume [L]        0.10274E+02  0.10274E+02
 In-flow  [L/T]     -0.20447E+00 -0.20447E+00
 h Mean   [L]       -0.70346E+03 -0.70346E+03
 Top Flux [L/T]     -0.53780E-03
 Bot Flux [L/T]      0.00000E+00
 WatBalT  [L]       -0.12689E+00
 WatBalR  [%]              0.228
----------------------------------------------------------

----------------------------------------------------------
 Time       [T]      567.0000
----------------------------------------------------------
 Sub-region num.                     1
----------------------------------------------------------
 Length   [L]        0.15000E+03  0.15000E+03
 W-volume [L]        0.10068E+02  0.10068E+02
 In-flow  [L/T]     -0.20701E+00 -0.20701E+00
 h Mean   [L]       -0.70591E+03 -0.70591E+03
 Top Flux [L/T]     -0.51101E-03
 Bot Flux [L/T]      0.00000E+00
 WatBalT  [L]       -0.12562E+00
 WatBalR  [%]              0.225
----------------------------------------------------------

----------------------------------------------------------
 Time       [T]      568.0000
----------------------------------------------------------
 Sub-region num.                     1
----------------------------------------------------------
 Length   [L]        0.15000E+03  0.15000E+03
 W-volume [L]        0.98721E+01  0.98721E+01
 In-flow  [L/T]     -0.18542E+00 -0.18542E+00
 h Mean   [L]       -0.70916E+03 -0.70916E+03
 Top Flux [L/T]     -0.44663E-03
 Bot Flux [L/T]      0.00000E+00
 WatBalT  [L]       -0.13642E+00
 WatBalR  [%]              0.243
----------------------------------------------------------

----------------------------------------------------------
 Time       [T]      569.0000
----------------------------------------------------------
 Sub-region num.                     1
----------------------------------------------------------
 Length   [L]        0.15000E+03  0.15000E+03
 W-volume [L]        0.96829E+01  0.96829E+01
 In-flow  [L/T]     -0.19304E+00 -0.19304E+00
 h Mean   [L]       -0.71360E+03 -0.71360E+03
 Top Flux [L/T]     -0.35481E-03
 Bot Flux [L/T]      0.00000E+00
 WatBalT  [L]       -0.13261E+00
 WatBalR  [%]              0.236
----------------------------------------------------------

----------------------------------------------------------
 Time       [T]      570.0000
----------------------------------------------------------
 Sub-region num.                     1
----------------------------------------------------------
 Length   [L]        0.15000E+03  0.15000E+03
 W-volume [L]        0.94657E+01  0.94657E+01
 In-flow  [L/T]     -0.24130E+00 -0.24130E+00
 h Mean   [L]       -0.72142E+03 -0.72142E+03
 Top Flux [L/T]     -0.25683E-03
 Bot Flux [L/T]      0.00000E+00
 WatBalT  [L]       -0.10848E+00
 WatBalR  [%]              0.192
----------------------------------------------------------

----------------------------------------------------------
 Time       [T]      571.0000
----------------------------------------------------------
 Sub-region num.                     1
----------------------------------------------------------
 Length   [L]        0.15000E+03  0.15000E+03
 W-volume [L]        0.92161E+01  0.92161E+01
 In-flow  [L/T]     -0.25794E+00 -0.25794E+00
 h Mean   [L]       -0.73847E+03 -0.73847E+03
 Top Flux [L/T]     -0.15815E-03
 Bot Flux [L/T]      0.00000E+00
 WatBalT  [L]       -0.12026E+00
 WatBalR  [%]              0.212
----------------------------------------------------------

----------------------------------------------------------
 Time       [T]      572.0000
----------------------------------------------------------
 Sub-region num.                     1
----------------------------------------------------------
 Length   [L]        0.15000E+03  0.15000E+03
 W-volume [L]        0.90213E+01  0.90213E+01
 In-flow  [L/T]     -0.17186E+00 -0.17186E+00
 h Mean   [L]       -0.76436E+03 -0.76436E+03
 Top Flux [L/T]     -0.22021E-03
 Bot Flux [L/T]      0.00000E+00
 WatBalT  [L]       -0.17653E+00
 WatBalR  [%]              0.310
----------------------------------------------------------

----------------------------------------------------------
 Time       [T]      573.0000
----------------------------------------------------------
 Sub-region num.                     1
----------------------------------------------------------
 Length   [L]        0.15000E+03  0.15000E+03
 W-volume [L]        0.89412E+01  0.89412E+01
 In-flow  [L/T]     -0.55042E-01 -0.55042E-01
 h Mean   [L]       -0.78084E+03 -0.78084E+03
 Top Flux [L/T]     -0.26148E-03
 Bot Flux [L/T]      0.00000E+00
 WatBalT  [L]       -0.21289E+00
 WatBalR  [%]              0.374
----------------------------------------------------------

----------------------------------------------------------
 Time       [T]      574.0000
----------------------------------------------------------
 Sub-region num.                     1
----------------------------------------------------------
 Length   [L]        0.15000E+03  0.15000E+03
 W-volume [L]        0.89167E+01  0.89167E+01
 In-flow  [L/T]     -0.16526E-01 -0.16526E-01
 h Mean   [L]       -0.78746E+03 -0.78746E+03
 Top Flux [L/T]     -0.26143E-03
 Bot Flux [L/T]      0.00000E+00
 WatBalT  [L]       -0.22439E+00
 WatBalR  [%]              0.394
----------------------------------------------------------

----------------------------------------------------------
 Time       [T]      575.0000
----------------------------------------------------------
 Sub-region num.                     1
----------------------------------------------------------
 Length   [L]        0.15000E+03  0.15000E+03
 W-volume [L]        0.89098E+01  0.89098E+01
 In-flow  [L/T]     -0.42959E-02 -0.42959E-02
 h Mean   [L]       -0.78956E+03 -0.78956E+03
 Top Flux [L/T]     -0.25063E-03
 Bot Flux [L/T]      0.00000E+00
 WatBalT  [L]       -0.22786E+00
 WatBalR  [%]              0.400
----------------------------------------------------------

----------------------------------------------------------
 Time       [T]      576.0000
----------------------------------------------------------
 Sub-region num.                     1
----------------------------------------------------------
 Length   [L]        0.15000E+03  0.15000E+03
 W-volume [L]        0.89078E+01  0.89078E+01
 In-flow  [L/T]     -0.14691E-02 -0.14691E-02
 h Mean   [L]       -0.79023E+03 -0.79023E+03
 Top Flux [L/T]     -0.23696E-03
 Bot Flux [L/T]      0.00000E+00
 WatBalT  [L]       -0.22876E+00
 WatBalR  [%]              0.402
----------------------------------------------------------

----------------------------------------------------------
 Time       [T]      577.0000
----------------------------------------------------------
 Sub-region num.                     1
----------------------------------------------------------
 Length   [L]        0.15000E+03  0.15000E+03
 W-volume [L]        0.89072E+01  0.89072E+01
 In-flow  [L/T]     -0.38232E-03 -0.38232E-03
 h Mean   [L]       -0.79036E+03 -0.79036E+03
 Top Flux [L/T]     -0.22314E-03
 Bot Flux [L/T]      0.00000E+00
 WatBalT  [L]       -0.22899E+00
 WatBalR  [%]              0.402
----------------------------------------------------------

----------------------------------------------------------
 Time       [T]      578.0000
----------------------------------------------------------
 Sub-region num.                     1
----------------------------------------------------------
 Length   [L]        0.15000E+03  0.15000E+03
 W-volume [L]        0.89069E+01  0.89069E+01
 In-flow  [L/T]     -0.27473E-03 -0.27473E-03
 h Mean   [L]       -0.79039E+03 -0.79039E+03
 Top Flux [L/T]     -0.21014E-03
 Bot Flux [L/T]      0.00000E+00
 WatBalT  [L]       -0.22902E+00
 WatBalR  [%]              0.402
----------------------------------------------------------

----------------------------------------------------------
 Time       [T]      579.0000
----------------------------------------------------------
 Sub-region num.                     1
----------------------------------------------------------
 Length   [L]        0.15000E+03  0.15000E+03
 W-volume [L]        0.89067E+01  0.89067E+01
 In-flow  [L/T]     -0.20112E-03 -0.20112E-03
 h Mean   [L]       -0.79039E+03 -0.79039E+03
 Top Flux [L/T]     -0.19779E-03
 Bot Flux [L/T]      0.00000E+00
 WatBalT  [L]       -0.22903E+00
 WatBalR  [%]              0.402
----------------------------------------------------------

----------------------------------------------------------
 Time       [T]      580.0000
----------------------------------------------------------
 Sub-region num.                     1
----------------------------------------------------------
 Length   [L]        0.15000E+03  0.15000E+03
 W-volume [L]        0.89065E+01  0.89065E+01
 In-flow  [L/T]     -0.19971E-03 -0.19971E-03
 h Mean   [L]       -0.79040E+03 -0.79040E+03
 Top Flux [L/T]     -0.18617E-03
 Bot Flux [L/T]      0.00000E+00
 WatBalT  [L]       -0.22904E+00
 WatBalR  [%]              0.402
----------------------------------------------------------

----------------------------------------------------------
 Time       [T]      581.0000
----------------------------------------------------------
 Sub-region num.                     1
----------------------------------------------------------
 Length   [L]        0.15000E+03  0.15000E+03
 W-volume [L]        0.89063E+01  0.89063E+01
 In-flow  [L/T]     -0.16890E-03 -0.16890E-03
 h Mean   [L]       -0.79040E+03 -0.79040E+03
 Top Flux [L/T]     -0.17518E-03
 Bot Flux [L/T]      0.00000E+00
 WatBalT  [L]       -0.22905E+00
 WatBalR  [%]              0.402
----------------------------------------------------------

----------------------------------------------------------
 Time       [T]      582.0000
----------------------------------------------------------
 Sub-region num.                     1
----------------------------------------------------------
 Length   [L]        0.15000E+03  0.15000E+03
 W-volume [L]        0.89062E+01  0.89062E+01
 In-flow  [L/T]     -0.83625E-04 -0.83625E-04
 h Mean   [L]       -0.79038E+03 -0.79038E+03
 Top Flux [L/T]     -0.16461E-03
 Bot Flux [L/T]      0.00000E+00
 WatBalT  [L]       -0.22908E+00
 WatBalR  [%]              0.402
----------------------------------------------------------

----------------------------------------------------------
 Time       [T]      583.0000
----------------------------------------------------------
 Sub-region num.                     1
----------------------------------------------------------
 Length   [L]        0.15000E+03  0.15000E+03
 W-volume [L]        0.89060E+01  0.89060E+01
 In-flow  [L/T]     -0.23803E-03 -0.23803E-03
 h Mean   [L]       -0.79039E+03 -0.79039E+03
 Top Flux [L/T]     -0.15502E-03
 Bot Flux [L/T]      0.00000E+00
 WatBalT  [L]       -0.22904E+00
 WatBalR  [%]              0.402
----------------------------------------------------------

----------------------------------------------------------
 Time       [T]      584.0000
----------------------------------------------------------
 Sub-region num.                     1
----------------------------------------------------------
 Length   [L]        0.15000E+03  0.15000E+03
 W-volume [L]        0.89058E+01  0.89058E+01
 In-flow  [L/T]     -0.17922E-03 -0.17922E-03
 h Mean   [L]       -0.79040E+03 -0.79040E+03
 Top Flux [L/T]     -0.14603E-03
 Bot Flux [L/T]      0.00000E+00
 WatBalT  [L]       -0.22906E+00
 WatBalR  [%]              0.402
----------------------------------------------------------

----------------------------------------------------------
 Time       [T]      585.0000
----------------------------------------------------------
 Sub-region num.                     1
----------------------------------------------------------
 Length   [L]        0.15000E+03  0.15000E+03
 W-volume [L]        0.89057E+01  0.89057E+01
 In-flow  [L/T]     -0.70110E-04 -0.70110E-04
 h Mean   [L]       -0.79039E+03 -0.79039E+03
 Top Flux [L/T]     -0.13728E-03
 Bot Flux [L/T]      0.00000E+00
 WatBalT  [L]       -0.22909E+00
 WatBalR  [%]              0.402
----------------------------------------------------------

----------------------------------------------------------
 Time       [T]      586.0000
----------------------------------------------------------
 Sub-region num.                     1
----------------------------------------------------------
 Length   [L]        0.15000E+03  0.15000E+03
 W-volume [L]        0.89056E+01  0.89056E+01
 In-flow  [L/T]     -0.17494E-03 -0.17494E-03
 h Mean   [L]       -0.79039E+03 -0.79039E+03
 Top Flux [L/T]     -0.12921E-03
 Bot Flux [L/T]      0.00000E+00
 WatBalT  [L]       -0.22906E+00
 WatBalR  [%]              0.402
----------------------------------------------------------

----------------------------------------------------------
 Time       [T]      587.0000
----------------------------------------------------------
 Sub-region num.                     1
----------------------------------------------------------
 Length   [L]        0.15000E+03  0.15000E+03
 W-volume [L]        0.89054E+01  0.89054E+01
 In-flow  [L/T]     -0.16710E-03 -0.16710E-03
 h Mean   [L]       -0.79041E+03 -0.79041E+03
 Top Flux [L/T]     -0.12173E-03
 Bot Flux [L/T]      0.00000E+00
 WatBalT  [L]       -0.22907E+00
 WatBalR  [%]              0.402
----------------------------------------------------------

----------------------------------------------------------
 Time       [T]      588.0000
----------------------------------------------------------
 Sub-region num.                     1
----------------------------------------------------------
 Length   [L]        0.15000E+03  0.15000E+03
 W-volume [L]        0.89053E+01  0.89053E+01
 In-flow  [L/T]     -0.13301E-03 -0.13301E-03
 h Mean   [L]       -0.79041E+03 -0.79041E+03
 Top Flux [L/T]     -0.11463E-03
 Bot Flux [L/T]      0.00000E+00
 WatBalT  [L]       -0.22908E+00
 WatBalR  [%]              0.402
----------------------------------------------------------

----------------------------------------------------------
 Time       [T]      589.0000
----------------------------------------------------------
 Sub-region num.                     1
----------------------------------------------------------
 Length   [L]        0.15000E+03  0.15000E+03
 W-volume [L]        0.89052E+01  0.89052E+01
 In-flow  [L/T]     -0.13006E-03 -0.13006E-03
 h Mean   [L]       -0.79042E+03 -0.79042E+03
 Top Flux [L/T]     -0.10792E-03
 Bot Flux [L/T]      0.00000E+00
 WatBalT  [L]       -0.22908E+00
 WatBalR  [%]              0.402
----------------------------------------------------------

----------------------------------------------------------
 Time       [T]      590.0000
----------------------------------------------------------
 Sub-region num.                     1
----------------------------------------------------------
 Length   [L]        0.15000E+03  0.15000E+03
 W-volume [L]        0.89050E+01  0.89050E+01
 In-flow  [L/T]     -0.11453E-03 -0.11453E-03
 h Mean   [L]       -0.79042E+03 -0.79042E+03
 Top Flux [L/T]     -0.10158E-03
 Bot Flux [L/T]      0.00000E+00
 WatBalT  [L]       -0.22908E+00
 WatBalR  [%]              0.402
----------------------------------------------------------

----------------------------------------------------------
 Time       [T]      591.0000
----------------------------------------------------------
 Sub-region num.                     1
----------------------------------------------------------
 Length   [L]        0.15000E+03  0.15000E+03
 W-volume [L]        0.89049E+01  0.89049E+01
 In-flow  [L/T]     -0.94548E-04 -0.94548E-04
 h Mean   [L]       -0.79042E+03 -0.79042E+03
 Top Flux [L/T]     -0.95592E-04
 Bot Flux [L/T]      0.00000E+00
 WatBalT  [L]       -0.22909E+00
 WatBalR  [%]              0.402
----------------------------------------------------------

----------------------------------------------------------
 Time       [T]      592.0000
----------------------------------------------------------
 Sub-region num.                     1
----------------------------------------------------------
 Length   [L]        0.15000E+03  0.15000E+03
 W-volume [L]        0.89048E+01  0.89048E+01
 In-flow  [L/T]     -0.94756E-04 -0.94756E-04
 h Mean   [L]       -0.79043E+03 -0.79043E+03
 Top Flux [L/T]     -0.89955E-04
 Bot Flux [L/T]      0.00000E+00
 WatBalT  [L]       -0.22909E+00
 WatBalR  [%]              0.402
----------------------------------------------------------

----------------------------------------------------------
 Time       [T]      593.0000
----------------------------------------------------------
 Sub-region num.                     1
----------------------------------------------------------
 Length   [L]        0.15000E+03  0.15000E+03
 W-volume [L]        0.89047E+01  0.89047E+01
 In-flow  [L/T]     -0.10467E-03 -0.10467E-03
 h Mean   [L]       -0.79043E+03 -0.79043E+03
 Top Flux [L/T]     -0.84679E-04
 Bot Flux [L/T]      0.00000E+00
 WatBalT  [L]       -0.22909E+00
 WatBalR  [%]              0.402
----------------------------------------------------------

----------------------------------------------------------
 Time       [T]      594.0000
----------------------------------------------------------
 Sub-region num.                     1
----------------------------------------------------------
 Length   [L]        0.15000E+03  0.15000E+03
 W-volume [L]        0.89047E+01  0.89047E+01
 In-flow  [L/T]     -0.85548E-04 -0.85548E-04
 h Mean   [L]       -0.79043E+03 -0.79043E+03
 Top Flux [L/T]     -0.79695E-04
 Bot Flux [L/T]      0.00000E+00
 WatBalT  [L]       -0.22910E+00
 WatBalR  [%]              0.402
----------------------------------------------------------

----------------------------------------------------------
 Time       [T]      595.0000
----------------------------------------------------------
 Sub-region num.                     1
----------------------------------------------------------
 Length   [L]        0.15000E+03  0.15000E+03
 W-volume [L]        0.89046E+01  0.89046E+01
 In-flow  [L/T]     -0.77888E-04 -0.77888E-04
 h Mean   [L]       -0.79043E+03 -0.79043E+03
 Top Flux [L/T]     -0.74994E-04
 Bot Flux [L/T]      0.00000E+00
 WatBalT  [L]       -0.22910E+00
 WatBalR  [%]              0.402
----------------------------------------------------------

----------------------------------------------------------
 Time       [T]      596.0000
----------------------------------------------------------
 Sub-region num.                     1
----------------------------------------------------------
 Length   [L]        0.15000E+03  0.15000E+03
 W-volume [L]        0.89045E+01  0.89045E+01
 In-flow  [L/T]     -0.78201E-04 -0.78201E-04
 h Mean   [L]       -0.79043E+03 -0.79043E+03
 Top Flux [L/T]     -0.70576E-04
 Bot Flux [L/T]      0.00000E+00
 WatBalT  [L]       -0.22910E+00
 WatBalR  [%]              0.402
----------------------------------------------------------

----------------------------------------------------------
 Time       [T]      597.0000
----------------------------------------------------------
 Sub-region num.                     1
----------------------------------------------------------
 Length   [L]        0.15000E+03  0.15000E+03
 W-volume [L]        0.89044E+01  0.89044E+01
 In-flow  [L/T]     -0.78902E-04 -0.78902E-04
 h Mean   [L]       -0.79044E+03 -0.79044E+03
 Top Flux [L/T]     -0.66426E-04
 Bot Flux [L/T]      0.00000E+00
 WatBalT  [L]       -0.22910E+00
 WatBalR  [%]              0.403
----------------------------------------------------------

----------------------------------------------------------
 Time       [T]      598.0000
----------------------------------------------------------
 Sub-region num.                     1
----------------------------------------------------------
 Length   [L]        0.15000E+03  0.15000E+03
 W-volume [L]        0.89044E+01  0.89044E+01
 In-flow  [L/T]     -0.60037E-04 -0.60037E-04
 h Mean   [L]       -0.79044E+03 -0.79044E+03
 Top Flux [L/T]     -0.62502E-04
 Bot Flux [L/T]      0.00000E+00
 WatBalT  [L]       -0.22911E+00
 WatBalR  [%]              0.403
----------------------------------------------------------

----------------------------------------------------------
 Time       [T]      599.0000
----------------------------------------------------------
 Sub-region num.                     1
----------------------------------------------------------
 Length   [L]        0.15000E+03  0.15000E+03
 W-volume [L]        0.89043E+01  0.89043E+01
 In-flow  [L/T]     -0.56088E-04 -0.56088E-04
 h Mean   [L]       -0.79044E+03 -0.79044E+03
 Top Flux [L/T]     -0.58807E-04
 Bot Flux [L/T]      0.00000E+00
 WatBalT  [L]       -0.22911E+00
 WatBalR  [%]              0.403
----------------------------------------------------------

----------------------------------------------------------
 Time       [T]      600.0000
----------------------------------------------------------
 Sub-region num.                     1
----------------------------------------------------------
 Length   [L]        0.15000E+03  0.15000E+03
 W-volume [L]        0.89042E+01  0.89042E+01
 In-flow  [L/T]     -0.62048E-04 -0.62048E-04
 h Mean   [L]       -0.79044E+03 -0.79044E+03
 Top Flux [L/T]     -0.55339E-04
 Bot Flux [L/T]      0.00000E+00
 WatBalT  [L]       -0.22911E+00
 WatBalR  [%]              0.403
----------------------------------------------------------

----------------------------------------------------------
 Time       [T]      601.0000
----------------------------------------------------------
 Sub-region num.                     1
----------------------------------------------------------
 Length   [L]        0.15000E+03  0.15000E+03
 W-volume [L]        0.89042E+01  0.89042E+01
 In-flow  [L/T]     -0.64701E-04 -0.64701E-04
 h Mean   [L]       -0.79044E+03 -0.79044E+03
 Top Flux [L/T]     -0.52085E-04
 Bot Flux [L/T]      0.00000E+00
 WatBalT  [L]       -0.22911E+00
 WatBalR  [%]              0.403
----------------------------------------------------------

----------------------------------------------------------
 Time       [T]      602.0000
----------------------------------------------------------
 Sub-region num.                     1
----------------------------------------------------------
 Length   [L]        0.15000E+03  0.15000E+03
 W-volume [L]        0.89041E+01  0.89041E+01
 In-flow  [L/T]     -0.52169E-04 -0.52169E-04
 h Mean   [L]       -0.79044E+03 -0.79044E+03
 Top Flux [L/T]     -0.49014E-04
 Bot Flux [L/T]      0.00000E+00
 WatBalT  [L]       -0.22911E+00
 WatBalR  [%]              0.403
----------------------------------------------------------

----------------------------------------------------------
 Time       [T]      603.0000
----------------------------------------------------------
 Sub-region num.                     1
----------------------------------------------------------
 Length   [L]        0.15000E+03  0.15000E+03
 W-volume [L]        0.89041E+01  0.89041E+01
 In-flow  [L/T]     -0.52869E-04 -0.52869E-04
 h Mean   [L]       -0.79044E+03 -0.79044E+03
 Top Flux [L/T]     -0.46124E-04
 Bot Flux [L/T]      0.00000E+00
 WatBalT  [L]       -0.22911E+00
 WatBalR  [%]              0.403
----------------------------------------------------------

----------------------------------------------------------
 Time       [T]      604.0000
----------------------------------------------------------
 Sub-region num.                     1
----------------------------------------------------------
 Length   [L]        0.15000E+03  0.15000E+03
 W-volume [L]        0.89040E+01  0.89040E+01
 In-flow  [L/T]     -0.46581E-04 -0.46581E-04
 h Mean   [L]       -0.79044E+03 -0.79044E+03
 Top Flux [L/T]     -0.43403E-04
 Bot Flux [L/T]      0.00000E+00
 WatBalT  [L]       -0.22912E+00
 WatBalR  [%]              0.403
----------------------------------------------------------

----------------------------------------------------------
 Time       [T]      605.0000
----------------------------------------------------------
 Sub-region num.                     1
----------------------------------------------------------
 Length   [L]        0.15000E+03  0.15000E+03
 W-volume [L]        0.89040E+01  0.89040E+01
 In-flow  [L/T]     -0.52929E-04 -0.52929E-04
 h Mean   [L]       -0.79045E+03 -0.79045E+03
 Top Flux [L/T]     -0.40848E-04
 Bot Flux [L/T]      0.00000E+00
 WatBalT  [L]       -0.22912E+00
 WatBalR  [%]              0.403
----------------------------------------------------------

----------------------------------------------------------
 Time       [T]      606.0000
----------------------------------------------------------
 Sub-region num.                     1
----------------------------------------------------------
 Length   [L]        0.15000E+03  0.15000E+03
 W-volume [L]        0.89039E+01  0.89039E+01
 In-flow  [L/T]     -0.31367E-04 -0.31367E-04
 h Mean   [L]       -0.79045E+03 -0.79045E+03
 Top Flux [L/T]     -0.38430E-04
 Bot Flux [L/T]      0.00000E+00
 WatBalT  [L]       -0.22912E+00
 WatBalR  [%]              0.403
----------------------------------------------------------

----------------------------------------------------------
 Time       [T]      607.0000
----------------------------------------------------------
 Sub-region num.                     1
----------------------------------------------------------
 Length   [L]        0.15000E+03  0.15000E+03
 W-volume [L]        0.89039E+01  0.89039E+01
 In-flow  [L/T]     -0.47594E-04 -0.47594E-04
 h Mean   [L]       -0.79045E+03 -0.79045E+03
 Top Flux [L/T]     -0.36165E-04
 Bot Flux [L/T]      0.00000E+00
 WatBalT  [L]       -0.22912E+00
 WatBalR  [%]              0.403
----------------------------------------------------------

----------------------------------------------------------
 Time       [T]      608.0000
----------------------------------------------------------
 Sub-region num.                     1
----------------------------------------------------------
 Length   [L]        0.15000E+03  0.15000E+03
 W-volume [L]        0.89039E+01  0.89039E+01
 In-flow  [L/T]     -0.37789E-04 -0.37789E-04
 h Mean   [L]       -0.79045E+03 -0.79045E+03
 Top Flux [L/T]     -0.34032E-04
 Bot Flux [L/T]      0.00000E+00
 WatBalT  [L]       -0.22912E+00
 WatBalR  [%]              0.403
----------------------------------------------------------

----------------------------------------------------------
 Time       [T]      609.0000
----------------------------------------------------------
 Sub-region num.                     1
----------------------------------------------------------
 Length   [L]        0.15000E+03  0.15000E+03
 W-volume [L]        0.89038E+01  0.89038E+01
 In-flow  [L/T]     -0.32067E-04 -0.32067E-04
 h Mean   [L]       -0.79045E+03 -0.79045E+03
 Top Flux [L/T]     -0.32021E-04
 Bot Flux [L/T]      0.00000E+00
 WatBalT  [L]       -0.22913E+00
 WatBalR  [%]              0.403
----------------------------------------------------------

----------------------------------------------------------
 Time       [T]      610.0000
----------------------------------------------------------
 Sub-region num.                     1
----------------------------------------------------------
 Length   [L]        0.15000E+03  0.15000E+03
 W-volume [L]        0.89038E+01  0.89038E+01
 In-flow  [L/T]     -0.63702E-04 -0.63702E-04
 h Mean   [L]       -0.79045E+03 -0.79045E+03
 Top Flux [L/T]     -0.30147E-04
 Bot Flux [L/T]      0.00000E+00
 WatBalT  [L]       -0.22914E+00
 WatBalR  [%]              0.403
----------------------------------------------------------

----------------------------------------------------------
 Time       [T]      611.0000
----------------------------------------------------------
 Sub-region num.                     1
----------------------------------------------------------
 Length   [L]        0.15000E+03  0.15000E+03
 W-volume [L]        0.89037E+01  0.89037E+01
 In-flow  [L/T]     -0.17028E-03 -0.17028E-03
 h Mean   [L]       -0.79048E+03 -0.79048E+03
 Top Flux [L/T]     -0.28423E-04
 Bot Flux [L/T]      0.00000E+00
 WatBalT  [L]       -0.22914E+00
 WatBalR  [%]              0.403
----------------------------------------------------------

----------------------------------------------------------
 Time       [T]      612.0000
----------------------------------------------------------
 Sub-region num.                     1
----------------------------------------------------------
 Length   [L]        0.15000E+03  0.15000E+03
 W-volume [L]        0.89037E+01  0.89037E+01
 In-flow  [L/T]     -0.21756E-05 -0.21756E-05
 h Mean   [L]       -0.79047E+03 -0.79047E+03
 Top Flux [L/T]     -0.26712E-04
 Bot Flux [L/T]      0.00000E+00
 WatBalT  [L]       -0.22914E+00
 WatBalR  [%]              0.403
----------------------------------------------------------

----------------------------------------------------------
 Time       [T]      613.0000
----------------------------------------------------------
 Sub-region num.                     1
----------------------------------------------------------
 Length   [L]        0.15000E+03  0.15000E+03
 W-volume [L]        0.89037E+01  0.89037E+01
 In-flow  [L/T]     -0.22054E-05 -0.22054E-05
 h Mean   [L]       -0.79046E+03 -0.79046E+03
 Top Flux [L/T]     -0.25112E-04
 Bot Flux [L/T]      0.00000E+00
 WatBalT  [L]       -0.22906E+00
 WatBalR  [%]              0.402
----------------------------------------------------------

----------------------------------------------------------
 Time       [T]      614.0000
----------------------------------------------------------
 Sub-region num.                     1
----------------------------------------------------------
 Length   [L]        0.15000E+03  0.15000E+03
 W-volume [L]        0.89036E+01  0.89036E+01
 In-flow  [L/T]     -0.22054E-05 -0.22054E-05
 h Mean   [L]       -0.79047E+03 -0.79047E+03
 Top Flux [L/T]     -0.23662E-04
 Bot Flux [L/T]      0.00000E+00
 WatBalT  [L]       -0.22914E+00
 WatBalR  [%]              0.403
----------------------------------------------------------

----------------------------------------------------------
 Time       [T]      615.0000
----------------------------------------------------------
 Sub-region num.                     1
----------------------------------------------------------
 Length   [L]        0.15000E+03  0.15000E+03
 W-volume [L]        0.89036E+01  0.89036E+01
 In-flow  [L/T]     -0.22054E-05 -0.22054E-05
 h Mean   [L]       -0.79047E+03 -0.79047E+03
 Top Flux [L/T]     -0.22248E-04
 Bot Flux [L/T]      0.00000E+00
 WatBalT  [L]       -0.22913E+00
 WatBalR  [%]              0.403
----------------------------------------------------------

----------------------------------------------------------
 Time       [T]      616.0000
----------------------------------------------------------
 Sub-region num.                     1
----------------------------------------------------------
 Length   [L]        0.15000E+03  0.15000E+03
 W-volume [L]        0.89036E+01  0.89036E+01
 In-flow  [L/T]     -0.21458E-05 -0.21458E-05
 h Mean   [L]       -0.79046E+03 -0.79046E+03
 Top Flux [L/T]     -0.20918E-04
 Bot Flux [L/T]      0.00000E+00
 WatBalT  [L]       -0.22910E+00
 WatBalR  [%]              0.402
----------------------------------------------------------

----------------------------------------------------------
 Time       [T]      617.0000
----------------------------------------------------------
 Sub-region num.                     1
----------------------------------------------------------
 Length   [L]        0.15000E+03  0.15000E+03
 W-volume [L]        0.89036E+01  0.89036E+01
 In-flow  [L/T]     -0.21756E-05 -0.21756E-05
 h Mean   [L]       -0.79046E+03 -0.79046E+03
 Top Flux [L/T]     -0.19685E-04
 Bot Flux [L/T]      0.00000E+00
 WatBalT  [L]       -0.22913E+00
 WatBalR  [%]              0.403
----------------------------------------------------------

----------------------------------------------------------
 Time       [T]      618.0000
----------------------------------------------------------
 Sub-region num.                     1
----------------------------------------------------------
 Length   [L]        0.15000E+03  0.15000E+03
 W-volume [L]        0.89035E+01  0.89035E+01
 In-flow  [L/T]     -0.10179E-03 -0.10179E-03
 h Mean   [L]       -0.79047E+03 -0.79047E+03
 Top Flux [L/T]     -0.18543E-04
 Bot Flux [L/T]      0.00000E+00
 WatBalT  [L]       -0.22913E+00
 WatBalR  [%]              0.403
----------------------------------------------------------

----------------------------------------------------------
 Time       [T]      619.0000
----------------------------------------------------------
 Sub-region num.                     1
----------------------------------------------------------
 Length   [L]        0.15000E+03  0.15000E+03
 W-volume [L]        0.89035E+01  0.89035E+01
 In-flow  [L/T]     -0.21458E-05 -0.21458E-05
 h Mean   [L]       -0.79047E+03 -0.79047E+03
 Top Flux [L/T]     -0.17435E-04
 Bot Flux [L/T]      0.00000E+00
 WatBalT  [L]       -0.22913E+00
 WatBalR  [%]              0.403
----------------------------------------------------------

----------------------------------------------------------
 Time       [T]      620.0000
----------------------------------------------------------
 Sub-region num.                     1
----------------------------------------------------------
 Length   [L]        0.15000E+03  0.15000E+03
 W-volume [L]        0.89035E+01  0.89035E+01
 In-flow  [L/T]     -0.21160E-05 -0.21160E-05
 h Mean   [L]       -0.79046E+03 -0.79046E+03
 Top Flux [L/T]     -0.16394E-04
 Bot Flux [L/T]      0.00000E+00
 WatBalT  [L]       -0.22913E+00
 WatBalR  [%]              0.403
----------------------------------------------------------

----------------------------------------------------------
 Time       [T]      621.0000
----------------------------------------------------------
 Sub-region num.                     1
----------------------------------------------------------
 Length   [L]        0.15000E+03  0.15000E+03
 W-volume [L]        0.89035E+01  0.89035E+01
 In-flow  [L/T]     -0.34958E-04 -0.34958E-04
 h Mean   [L]       -0.79046E+03 -0.79046E+03
 Top Flux [L/T]     -0.15427E-04
 Bot Flux [L/T]      0.00000E+00
 WatBalT  [L]       -0.22912E+00
 WatBalR  [%]              0.403
----------------------------------------------------------

----------------------------------------------------------
 Time       [T]      622.0000
----------------------------------------------------------
 Sub-region num.                     1
----------------------------------------------------------
 Length   [L]        0.15000E+03  0.15000E+03
 W-volume [L]        0.89034E+01  0.89034E+01
 In-flow  [L/T]     -0.10206E-03 -0.10206E-03
 h Mean   [L]       -0.79047E+03 -0.79047E+03
 Top Flux [L/T]     -0.14533E-04
 Bot Flux [L/T]      0.00000E+00
 WatBalT  [L]       -0.22912E+00
 WatBalR  [%]              0.403
----------------------------------------------------------

----------------------------------------------------------
 Time       [T]      623.0000
----------------------------------------------------------
 Sub-region num.                     1
----------------------------------------------------------
 Length   [L]        0.15000E+03  0.15000E+03
 W-volume [L]        0.89034E+01  0.89034E+01
 In-flow  [L/T]     -0.21756E-05 -0.21756E-05
 h Mean   [L]       -0.79047E+03 -0.79047E+03
 Top Flux [L/T]     -0.13665E-04
 Bot Flux [L/T]      0.00000E+00
 WatBalT  [L]       -0.22912E+00
 WatBalR  [%]              0.403
----------------------------------------------------------

----------------------------------------------------------
 Time       [T]      624.0000
----------------------------------------------------------
 Sub-region num.                     1
----------------------------------------------------------
 Length   [L]        0.15000E+03  0.15000E+03
 W-volume [L]        0.89034E+01  0.89034E+01
 In-flow  [L/T]     -0.21458E-05 -0.21458E-05
 h Mean   [L]       -0.79046E+03 -0.79046E+03
 Top Flux [L/T]     -0.12851E-04
 Bot Flux [L/T]      0.00000E+00
 WatBalT  [L]       -0.22912E+00
 WatBalR  [%]              0.403
----------------------------------------------------------

----------------------------------------------------------
 Time       [T]      625.0000
----------------------------------------------------------
 Sub-region num.                     1
----------------------------------------------------------
 Length   [L]        0.15000E+03  0.15000E+03
 W-volume [L]        0.89034E+01  0.89034E+01
 In-flow  [L/T]     -0.21607E-05 -0.21607E-05
 h Mean   [L]       -0.79046E+03 -0.79046E+03
 Top Flux [L/T]     -0.12086E-04
 Bot Flux [L/T]      0.00000E+00
 WatBalT  [L]       -0.22911E+00
 WatBalR  [%]              0.403
----------------------------------------------------------

----------------------------------------------------------
 Time       [T]      626.0000
----------------------------------------------------------
 Sub-region num.                     1
----------------------------------------------------------
 Length   [L]        0.15000E+03  0.15000E+03
 W-volume [L]        0.89034E+01  0.89034E+01
 In-flow  [L/T]     -0.20862E-05 -0.20862E-05
 h Mean   [L]       -0.79046E+03 -0.79046E+03
 Top Flux [L/T]     -0.11372E-04
 Bot Flux [L/T]      0.00000E+00
 WatBalT  [L]       -0.22911E+00
 WatBalR  [%]              0.403
----------------------------------------------------------

----------------------------------------------------------
 Time       [T]      627.0000
----------------------------------------------------------
 Sub-region num.                     1
----------------------------------------------------------
 Length   [L]        0.15000E+03  0.15000E+03
 W-volume [L]        0.89034E+01  0.89034E+01
 In-flow  [L/T]     -0.21309E-05 -0.21309E-05
 h Mean   [L]       -0.79046E+03 -0.79046E+03
 Top Flux [L/T]     -0.10698E-04
 Bot Flux [L/T]      0.00000E+00
 WatBalT  [L]       -0.22910E+00
 WatBalR  [%]              0.402
----------------------------------------------------------

----------------------------------------------------------
 Time       [T]      628.0000
----------------------------------------------------------
 Sub-region num.                     1
----------------------------------------------------------
 Length   [L]        0.15000E+03  0.15000E+03
 W-volume [L]        0.89034E+01  0.89034E+01
 In-flow  [L/T]     -0.21011E-05 -0.21011E-05
 h Mean   [L]       -0.79046E+03 -0.79046E+03
 Top Flux [L/T]     -0.10068E-04
 Bot Flux [L/T]      0.00000E+00
 WatBalT  [L]       -0.22912E+00
 WatBalR  [%]              0.403
----------------------------------------------------------

----------------------------------------------------------
 Time       [T]      629.0000
----------------------------------------------------------
 Sub-region num.                     1
----------------------------------------------------------
 Length   [L]        0.15000E+03  0.15000E+03
 W-volume [L]        0.89034E+01  0.89034E+01
 In-flow  [L/T]     -0.67621E-04 -0.67621E-04
 h Mean   [L]       -0.79047E+03 -0.79047E+03
 Top Flux [L/T]     -0.94812E-05
 Bot Flux [L/T]      0.00000E+00
 WatBalT  [L]       -0.22912E+00
 WatBalR  [%]              0.403
----------------------------------------------------------

----------------------------------------------------------
 Time       [T]      630.0000
----------------------------------------------------------
 Sub-region num.                     1
----------------------------------------------------------
 Length   [L]        0.15000E+03  0.15000E+03
 W-volume [L]        0.89034E+01  0.89034E+01
 In-flow  [L/T]     -0.20564E-05 -0.20564E-05
 h Mean   [L]       -0.79047E+03 -0.79047E+03
 Top Flux [L/T]     -0.89174E-05
 Bot Flux [L/T]      0.00000E+00
 WatBalT  [L]       -0.22912E+00
 WatBalR  [%]              0.403
----------------------------------------------------------

----------------------------------------------------------
 Time       [T]      631.0000
----------------------------------------------------------
 Sub-region num.                     1
----------------------------------------------------------
 Length   [L]        0.15000E+03  0.15000E+03
 W-volume [L]        0.89033E+01  0.89033E+01
 In-flow  [L/T]     -0.20564E-05 -0.20564E-05
 h Mean   [L]       -0.79046E+03 -0.79046E+03
 Top Flux [L/T]     -0.83884E-05
 Bot Flux [L/T]      0.00000E+00
 WatBalT  [L]       -0.22911E+00
 WatBalR  [%]              0.403
----------------------------------------------------------

----------------------------------------------------------
 Time       [T]      632.0000
----------------------------------------------------------
 Sub-region num.                     1
----------------------------------------------------------
 Length   [L]        0.15000E+03  0.15000E+03
 W-volume [L]        0.89033E+01  0.89033E+01
 In-flow  [L/T]     -0.20713E-05 -0.20713E-05
 h Mean   [L]       -0.79046E+03 -0.79046E+03
 Top Flux [L/T]     -0.78911E-05
 Bot Flux [L/T]      0.00000E+00
 WatBalT  [L]       -0.22910E+00
 WatBalR  [%]              0.402
----------------------------------------------------------

----------------------------------------------------------
 Time       [T]      633.0000
----------------------------------------------------------
 Sub-region num.                     1
----------------------------------------------------------
 Length   [L]        0.15000E+03  0.15000E+03
 W-volume [L]        0.89033E+01  0.89033E+01
 In-flow  [L/T]     -0.20713E-05 -0.20713E-05
 h Mean   [L]       -0.79046E+03 -0.79046E+03
 Top Flux [L/T]     -0.74245E-05
 Bot Flux [L/T]      0.00000E+00
 WatBalT  [L]       -0.22910E+00
 WatBalR  [%]              0.402
----------------------------------------------------------

----------------------------------------------------------
 Time       [T]      634.0000
----------------------------------------------------------
 Sub-region num.                     1
----------------------------------------------------------
 Length   [L]        0.15000E+03  0.15000E+03
 W-volume [L]        0.89033E+01  0.89033E+01
 In-flow  [L/T]     -0.21160E-05 -0.21160E-05
 h Mean   [L]       -0.79046E+03 -0.79046E+03
 Top Flux [L/T]     -0.69848E-05
 Bot Flux [L/T]      0.00000E+00
 WatBalT  [L]       -0.22909E+00
 WatBalR  [%]              0.402
----------------------------------------------------------

----------------------------------------------------------
 Time       [T]      635.0000
----------------------------------------------------------
 Sub-region num.                     1
----------------------------------------------------------
 Length   [L]        0.15000E+03  0.15000E+03
 W-volume [L]        0.89033E+01  0.89033E+01
 In-flow  [L/T]     -0.20713E-05 -0.20713E-05
 h Mean   [L]       -0.79046E+03 -0.79046E+03
 Top Flux [L/T]     -0.65746E-05
 Bot Flux [L/T]      0.00000E+00
 WatBalT  [L]       -0.22911E+00
 WatBalR  [%]              0.403
----------------------------------------------------------

----------------------------------------------------------
 Time       [T]      636.0000
----------------------------------------------------------
 Sub-region num.                     1
----------------------------------------------------------
 Length   [L]        0.15000E+03  0.15000E+03
 W-volume [L]        0.89033E+01  0.89033E+01
 In-flow  [L/T]     -0.21011E-05 -0.21011E-05
 h Mean   [L]       -0.79046E+03 -0.79046E+03
 Top Flux [L/T]     -0.61852E-05
 Bot Flux [L/T]      0.00000E+00
 WatBalT  [L]       -0.22911E+00
 WatBalR  [%]              0.402
----------------------------------------------------------

----------------------------------------------------------
 Time       [T]      637.0000
----------------------------------------------------------
 Sub-region num.                     1
----------------------------------------------------------
 Length   [L]        0.15000E+03  0.15000E+03
 W-volume [L]        0.89033E+01  0.89033E+01
 In-flow  [L/T]     -0.16794E-04 -0.16794E-04
 h Mean   [L]       -0.79046E+03 -0.79046E+03
 Top Flux [L/T]     -0.58197E-05
 Bot Flux [L/T]      0.00000E+00
 WatBalT  [L]       -0.22911E+00
 WatBalR  [%]              0.402
----------------------------------------------------------

----------------------------------------------------------
 Time       [T]      638.0000
----------------------------------------------------------
 Sub-region num.                     1
----------------------------------------------------------
 Length   [L]        0.15000E+03  0.15000E+03
 W-volume [L]        0.89033E+01  0.89033E+01
 In-flow  [L/T]     -0.20862E-05 -0.20862E-05
 h Mean   [L]       -0.79046E+03 -0.79046E+03
 Top Flux [L/T]     -0.54749E-05
 Bot Flux [L/T]      0.00000E+00
 WatBalT  [L]       -0.22909E+00
 WatBalR  [%]              0.402
----------------------------------------------------------

----------------------------------------------------------
 Time       [T]      639.0000
----------------------------------------------------------
 Sub-region num.                     1
----------------------------------------------------------
 Length   [L]        0.15000E+03  0.15000E+03
 W-volume [L]        0.89033E+01  0.89033E+01
 In-flow  [L/T]     -0.21011E-05 -0.21011E-05
 h Mean   [L]       -0.79046E+03 -0.79046E+03
 Top Flux [L/T]     -0.51534E-05
 Bot Flux [L/T]      0.00000E+00
 WatBalT  [L]       -0.22910E+00
 WatBalR  [%]              0.402
----------------------------------------------------------

----------------------------------------------------------
 Time       [T]      640.0000
----------------------------------------------------------
 Sub-region num.                     1
----------------------------------------------------------
 Length   [L]        0.15000E+03  0.15000E+03
 W-volume [L]        0.87171E+01  0.87171E+01
 In-flow  [L/T]     -0.99376E-04 -0.99376E-04
 h Mean   [L]       -0.41237E+04 -0.41237E+04
 Top Flux [L/T]      0.99840E-31
 Bot Flux [L/T]      0.00000E+00
 WatBalT  [L]       -0.22910E+00
 WatBalR  [%]              0.401
----------------------------------------------------------

----------------------------------------------------------
 Time       [T]      641.0000
----------------------------------------------------------
 Sub-region num.                     1
----------------------------------------------------------
 Length   [L]        0.15000E+03  0.15000E+03
 W-volume [L]        0.87171E+01  0.87171E+01
 In-flow  [L/T]     -0.20564E-05 -0.20564E-05
 h Mean   [L]       -0.41237E+04 -0.41237E+04
 Top Flux [L/T]      0.99840E-31
 Bot Flux [L/T]      0.00000E+00
 WatBalT  [L]       -0.22910E+00
 WatBalR  [%]              0.401
----------------------------------------------------------

----------------------------------------------------------
 Time       [T]      642.0000
----------------------------------------------------------
 Sub-region num.                     1
----------------------------------------------------------
 Length   [L]        0.15000E+03  0.15000E+03
 W-volume [L]        0.87171E+01  0.87171E+01
 In-flow  [L/T]     -0.20564E-05 -0.20564E-05
 h Mean   [L]       -0.41237E+04 -0.41237E+04
 Top Flux [L/T]      0.99840E-31
 Bot Flux [L/T]      0.00000E+00
 WatBalT  [L]       -0.22910E+00
 WatBalR  [%]              0.401
----------------------------------------------------------

----------------------------------------------------------
 Time       [T]      643.0000
----------------------------------------------------------
 Sub-region num.                     1
----------------------------------------------------------
 Length   [L]        0.15000E+03  0.15000E+03
 W-volume [L]        0.87171E+01  0.87171E+01
 In-flow  [L/T]     -0.20564E-05 -0.20564E-05
 h Mean   [L]       -0.41237E+04 -0.41237E+04
 Top Flux [L/T]      0.99840E-31
 Bot Flux [L/T]      0.00000E+00
 WatBalT  [L]       -0.22910E+00
 WatBalR  [%]              0.401
----------------------------------------------------------

----------------------------------------------------------
 Time       [T]      644.0000
----------------------------------------------------------
 Sub-region num.                     1
----------------------------------------------------------
 Length   [L]        0.15000E+03  0.15000E+03
 W-volume [L]        0.87171E+01  0.87171E+01
 In-flow  [L/T]     -0.20564E-05 -0.20564E-05
 h Mean   [L]       -0.41237E+04 -0.41237E+04
 Top Flux [L/T]      0.99840E-31
 Bot Flux [L/T]      0.00000E+00
 WatBalT  [L]       -0.22910E+00
 WatBalR  [%]              0.401
----------------------------------------------------------

----------------------------------------------------------
 Time       [T]      645.0000
----------------------------------------------------------
 Sub-region num.                     1
----------------------------------------------------------
 Length   [L]        0.15000E+03  0.15000E+03
 W-volume [L]        0.87171E+01  0.87171E+01
 In-flow  [L/T]     -0.20266E-05 -0.20266E-05
 h Mean   [L]       -0.41237E+04 -0.41237E+04
 Top Flux [L/T]      0.99840E-31
 Bot Flux [L/T]      0.00000E+00
 WatBalT  [L]       -0.22909E+00
 WatBalR  [%]              0.401
----------------------------------------------------------

----------------------------------------------------------
 Time       [T]      646.0000
----------------------------------------------------------
 Sub-region num.                     1
----------------------------------------------------------
 Length   [L]        0.15000E+03  0.15000E+03
 W-volume [L]        0.87171E+01  0.87171E+01
 In-flow  [L/T]     -0.20266E-05 -0.20266E-05
 h Mean   [L]       -0.41237E+04 -0.41237E+04
 Top Flux [L/T]      0.99840E-31
 Bot Flux [L/T]      0.00000E+00
 WatBalT  [L]       -0.22909E+00
 WatBalR  [%]              0.401
----------------------------------------------------------

----------------------------------------------------------
 Time       [T]      647.0000
----------------------------------------------------------
 Sub-region num.                     1
----------------------------------------------------------
 Length   [L]        0.15000E+03  0.15000E+03
 W-volume [L]        0.87171E+01  0.87171E+01
 In-flow  [L/T]     -0.20266E-05 -0.20266E-05
 h Mean   [L]       -0.41237E+04 -0.41237E+04
 Top Flux [L/T]      0.99840E-31
 Bot Flux [L/T]      0.00000E+00
 WatBalT  [L]       -0.22909E+00
 WatBalR  [%]              0.401
----------------------------------------------------------

----------------------------------------------------------
 Time       [T]      648.0000
----------------------------------------------------------
 Sub-region num.                     1
----------------------------------------------------------
 Length   [L]        0.15000E+03  0.15000E+03
 W-volume [L]        0.87171E+01  0.87171E+01
 In-flow  [L/T]     -0.20266E-05 -0.20266E-05
 h Mean   [L]       -0.41237E+04 -0.41237E+04
 Top Flux [L/T]      0.99840E-31
 Bot Flux [L/T]      0.00000E+00
 WatBalT  [L]       -0.22909E+00
 WatBalR  [%]              0.401
----------------------------------------------------------

----------------------------------------------------------
 Time       [T]      649.0000
----------------------------------------------------------
 Sub-region num.                     1
----------------------------------------------------------
 Length   [L]        0.15000E+03  0.15000E+03
 W-volume [L]        0.87171E+01  0.87171E+01
 In-flow  [L/T]     -0.20266E-05 -0.20266E-05
 h Mean   [L]       -0.41237E+04 -0.41237E+04
 Top Flux [L/T]      0.99840E-31
 Bot Flux [L/T]      0.00000E+00
 WatBalT  [L]       -0.22909E+00
 WatBalR  [%]              0.401
----------------------------------------------------------

----------------------------------------------------------
 Time       [T]      650.0000
----------------------------------------------------------
 Sub-region num.                     1
----------------------------------------------------------
 Length   [L]        0.15000E+03  0.15000E+03
 W-volume [L]        0.87171E+01  0.87171E+01
 In-flow  [L/T]     -0.20266E-05 -0.20266E-05
 h Mean   [L]       -0.41237E+04 -0.41237E+04
 Top Flux [L/T]      0.99840E-31
 Bot Flux [L/T]      0.00000E+00
 WatBalT  [L]       -0.22908E+00
 WatBalR  [%]              0.401
----------------------------------------------------------

----------------------------------------------------------
 Time       [T]      651.0000
----------------------------------------------------------
 Sub-region num.                     1
----------------------------------------------------------
 Length   [L]        0.15000E+03  0.15000E+03
 W-volume [L]        0.87171E+01  0.87171E+01
 In-flow  [L/T]     -0.20266E-05 -0.20266E-05
 h Mean   [L]       -0.41237E+04 -0.41237E+04
 Top Flux [L/T]      0.99840E-31
 Bot Flux [L/T]      0.00000E+00
 WatBalT  [L]       -0.22908E+00
 WatBalR  [%]              0.401
----------------------------------------------------------

----------------------------------------------------------
 Time       [T]      652.0000
----------------------------------------------------------
 Sub-region num.                     1
----------------------------------------------------------
 Length   [L]        0.15000E+03  0.15000E+03
 W-volume [L]        0.87171E+01  0.87171E+01
 In-flow  [L/T]     -0.19968E-05 -0.19968E-05
 h Mean   [L]       -0.41237E+04 -0.41237E+04
 Top Flux [L/T]      0.99840E-31
 Bot Flux [L/T]      0.00000E+00
 WatBalT  [L]       -0.22908E+00
 WatBalR  [%]              0.401
----------------------------------------------------------

----------------------------------------------------------
 Time       [T]      653.0000
----------------------------------------------------------
 Sub-region num.                     1
----------------------------------------------------------
 Length   [L]        0.15000E+03  0.15000E+03
 W-volume [L]        0.87171E+01  0.87171E+01
 In-flow  [L/T]     -0.19968E-05 -0.19968E-05
 h Mean   [L]       -0.41237E+04 -0.41237E+04
 Top Flux [L/T]      0.99840E-31
 Bot Flux [L/T]      0.00000E+00
 WatBalT  [L]       -0.22908E+00
 WatBalR  [%]              0.401
----------------------------------------------------------

----------------------------------------------------------
 Time       [T]      654.0000
----------------------------------------------------------
 Sub-region num.                     1
----------------------------------------------------------
 Length   [L]        0.15000E+03  0.15000E+03
 W-volume [L]        0.87171E+01  0.87171E+01
 In-flow  [L/T]     -0.19968E-05 -0.19968E-05
 h Mean   [L]       -0.41237E+04 -0.41237E+04
 Top Flux [L/T]      0.99840E-31
 Bot Flux [L/T]      0.00000E+00
 WatBalT  [L]       -0.22908E+00
 WatBalR  [%]              0.401
----------------------------------------------------------

----------------------------------------------------------
 Time       [T]      655.0000
----------------------------------------------------------
 Sub-region num.                     1
----------------------------------------------------------
 Length   [L]        0.15000E+03  0.15000E+03
 W-volume [L]        0.87171E+01  0.87171E+01
 In-flow  [L/T]     -0.19968E-05 -0.19968E-05
 h Mean   [L]       -0.41237E+04 -0.41237E+04
 Top Flux [L/T]      0.99840E-31
 Bot Flux [L/T]      0.00000E+00
 WatBalT  [L]       -0.22908E+00
 WatBalR  [%]              0.401
----------------------------------------------------------

----------------------------------------------------------
 Time       [T]      656.0000
----------------------------------------------------------
 Sub-region num.                     1
----------------------------------------------------------
 Length   [L]        0.15000E+03  0.15000E+03
 W-volume [L]        0.87171E+01  0.87171E+01
 In-flow  [L/T]     -0.19968E-05 -0.19968E-05
 h Mean   [L]       -0.41237E+04 -0.41237E+04
 Top Flux [L/T]      0.99840E-31
 Bot Flux [L/T]      0.00000E+00
 WatBalT  [L]       -0.22907E+00
 WatBalR  [%]              0.401
----------------------------------------------------------

----------------------------------------------------------
 Time       [T]      657.0000
----------------------------------------------------------
 Sub-region num.                     1
----------------------------------------------------------
 Length   [L]        0.15000E+03  0.15000E+03
 W-volume [L]        0.87171E+01  0.87171E+01
 In-flow  [L/T]     -0.19968E-05 -0.19968E-05
 h Mean   [L]       -0.41237E+04 -0.41237E+04
 Top Flux [L/T]      0.99840E-31
 Bot Flux [L/T]      0.00000E+00
 WatBalT  [L]       -0.22907E+00
 WatBalR  [%]              0.401
----------------------------------------------------------

----------------------------------------------------------
 Time       [T]      658.0000
----------------------------------------------------------
 Sub-region num.                     1
----------------------------------------------------------
 Length   [L]        0.15000E+03  0.15000E+03
 W-volume [L]        0.87171E+01  0.87171E+01
 In-flow  [L/T]     -0.19968E-05 -0.19968E-05
 h Mean   [L]       -0.41237E+04 -0.41237E+04
 Top Flux [L/T]      0.99840E-31
 Bot Flux [L/T]      0.00000E+00
 WatBalT  [L]       -0.22907E+00
 WatBalR  [%]              0.401
----------------------------------------------------------

----------------------------------------------------------
 Time       [T]      659.0000
----------------------------------------------------------
 Sub-region num.                     1
----------------------------------------------------------
 Length   [L]        0.15000E+03  0.15000E+03
 W-volume [L]        0.87171E+01  0.87171E+01
 In-flow  [L/T]     -0.19670E-05 -0.19670E-05
 h Mean   [L]       -0.41237E+04 -0.41237E+04
 Top Flux [L/T]      0.99840E-31
 Bot Flux [L/T]      0.00000E+00
 WatBalT  [L]       -0.22907E+00
 WatBalR  [%]              0.401
----------------------------------------------------------

----------------------------------------------------------
 Time       [T]      660.0000
----------------------------------------------------------
 Sub-region num.                     1
----------------------------------------------------------
 Length   [L]        0.15000E+03  0.15000E+03
 W-volume [L]        0.87171E+01  0.87171E+01
 In-flow  [L/T]     -0.19670E-05 -0.19670E-05
 h Mean   [L]       -0.41237E+04 -0.41237E+04
 Top Flux [L/T]      0.99840E-31
 Bot Flux [L/T]      0.00000E+00
 WatBalT  [L]       -0.22907E+00
 WatBalR  [%]              0.401
----------------------------------------------------------

----------------------------------------------------------
 Time       [T]      661.0000
----------------------------------------------------------
 Sub-region num.                     1
----------------------------------------------------------
 Length   [L]        0.15000E+03  0.15000E+03
 W-volume [L]        0.87171E+01  0.87171E+01
 In-flow  [L/T]     -0.19670E-05 -0.19670E-05
 h Mean   [L]       -0.41237E+04 -0.41237E+04
 Top Flux [L/T]      0.99840E-31
 Bot Flux [L/T]      0.00000E+00
 WatBalT  [L]       -0.22906E+00
 WatBalR  [%]              0.401
----------------------------------------------------------

----------------------------------------------------------
 Time       [T]      662.0000
----------------------------------------------------------
 Sub-region num.                     1
----------------------------------------------------------
 Length   [L]        0.15000E+03  0.15000E+03
 W-volume [L]        0.87171E+01  0.87171E+01
 In-flow  [L/T]     -0.19670E-05 -0.19670E-05
 h Mean   [L]       -0.41237E+04 -0.41237E+04
 Top Flux [L/T]      0.99840E-31
 Bot Flux [L/T]      0.00000E+00
 WatBalT  [L]       -0.22906E+00
 WatBalR  [%]              0.401
----------------------------------------------------------

----------------------------------------------------------
 Time       [T]      663.0000
----------------------------------------------------------
 Sub-region num.                     1
----------------------------------------------------------
 Length   [L]        0.15000E+03  0.15000E+03
 W-volume [L]        0.87170E+01  0.87170E+01
 In-flow  [L/T]     -0.19670E-05 -0.19670E-05
 h Mean   [L]       -0.41237E+04 -0.41237E+04
 Top Flux [L/T]      0.99840E-31
 Bot Flux [L/T]      0.00000E+00
 WatBalT  [L]       -0.22906E+00
 WatBalR  [%]              0.401
----------------------------------------------------------

----------------------------------------------------------
 Time       [T]      664.0000
----------------------------------------------------------
 Sub-region num.                     1
----------------------------------------------------------
 Length   [L]        0.15000E+03  0.15000E+03
 W-volume [L]        0.87170E+01  0.87170E+01
 In-flow  [L/T]     -0.19670E-05 -0.19670E-05
 h Mean   [L]       -0.41237E+04 -0.41237E+04
 Top Flux [L/T]      0.99840E-31
 Bot Flux [L/T]      0.00000E+00
 WatBalT  [L]       -0.22906E+00
 WatBalR  [%]              0.401
----------------------------------------------------------

----------------------------------------------------------
 Time       [T]      665.0000
----------------------------------------------------------
 Sub-region num.                     1
----------------------------------------------------------
 Length   [L]        0.15000E+03  0.15000E+03
 W-volume [L]        0.87170E+01  0.87170E+01
 In-flow  [L/T]     -0.19670E-05 -0.19670E-05
 h Mean   [L]       -0.41237E+04 -0.41237E+04
 Top Flux [L/T]      0.99840E-31
 Bot Flux [L/T]      0.00000E+00
 WatBalT  [L]       -0.22906E+00
 WatBalR  [%]              0.401
----------------------------------------------------------

----------------------------------------------------------
 Time       [T]      666.0000
----------------------------------------------------------
 Sub-region num.                     1
----------------------------------------------------------
 Length   [L]        0.15000E+03  0.15000E+03
 W-volume [L]        0.87170E+01  0.87170E+01
 In-flow  [L/T]     -0.19670E-05 -0.19670E-05
 h Mean   [L]       -0.41237E+04 -0.41237E+04
 Top Flux [L/T]      0.99840E-31
 Bot Flux [L/T]      0.00000E+00
 WatBalT  [L]       -0.22906E+00
 WatBalR  [%]              0.401
----------------------------------------------------------

----------------------------------------------------------
 Time       [T]      667.0000
----------------------------------------------------------
 Sub-region num.                     1
----------------------------------------------------------
 Length   [L]        0.15000E+03  0.15000E+03
 W-volume [L]        0.87170E+01  0.87170E+01
 In-flow  [L/T]     -0.19372E-05 -0.19372E-05
 h Mean   [L]       -0.41237E+04 -0.41237E+04
 Top Flux [L/T]      0.99840E-31
 Bot Flux [L/T]      0.00000E+00
 WatBalT  [L]       -0.22905E+00
 WatBalR  [%]              0.401
----------------------------------------------------------

----------------------------------------------------------
 Time       [T]      668.0000
----------------------------------------------------------
 Sub-region num.                     1
----------------------------------------------------------
 Length   [L]        0.15000E+03  0.15000E+03
 W-volume [L]        0.87170E+01  0.87170E+01
 In-flow  [L/T]     -0.19372E-05 -0.19372E-05
 h Mean   [L]       -0.41237E+04 -0.41237E+04
 Top Flux [L/T]      0.99840E-31
 Bot Flux [L/T]      0.00000E+00
 WatBalT  [L]       -0.22905E+00
 WatBalR  [%]              0.401
----------------------------------------------------------

----------------------------------------------------------
 Time       [T]      669.0000
----------------------------------------------------------
 Sub-region num.                     1
----------------------------------------------------------
 Length   [L]        0.15000E+03  0.15000E+03
 W-volume [L]        0.87170E+01  0.87170E+01
 In-flow  [L/T]     -0.19372E-05 -0.19372E-05
 h Mean   [L]       -0.41237E+04 -0.41237E+04
 Top Flux [L/T]      0.99840E-31
 Bot Flux [L/T]      0.00000E+00
 WatBalT  [L]       -0.22905E+00
 WatBalR  [%]              0.401
----------------------------------------------------------

----------------------------------------------------------
 Time       [T]      670.0000
----------------------------------------------------------
 Sub-region num.                     1
----------------------------------------------------------
 Length   [L]        0.15000E+03  0.15000E+03
 W-volume [L]        0.87170E+01  0.87170E+01
 In-flow  [L/T]     -0.19372E-05 -0.19372E-05
 h Mean   [L]       -0.41237E+04 -0.41237E+04
 Top Flux [L/T]      0.99840E-31
 Bot Flux [L/T]      0.00000E+00
 WatBalT  [L]       -0.22905E+00
 WatBalR  [%]              0.401
----------------------------------------------------------

----------------------------------------------------------
 Time       [T]      671.0000
----------------------------------------------------------
 Sub-region num.                     1
----------------------------------------------------------
 Length   [L]        0.15000E+03  0.15000E+03
 W-volume [L]        0.87170E+01  0.87170E+01
 In-flow  [L/T]     -0.19372E-05 -0.19372E-05
 h Mean   [L]       -0.41237E+04 -0.41237E+04
 Top Flux [L/T]      0.99840E-31
 Bot Flux [L/T]      0.00000E+00
 WatBalT  [L]       -0.22905E+00
 WatBalR  [%]              0.401
----------------------------------------------------------

----------------------------------------------------------
 Time       [T]      672.0000
----------------------------------------------------------
 Sub-region num.                     1
----------------------------------------------------------
 Length   [L]        0.15000E+03  0.15000E+03
 W-volume [L]        0.87170E+01  0.87170E+01
 In-flow  [L/T]     -0.19372E-05 -0.19372E-05
 h Mean   [L]       -0.41237E+04 -0.41237E+04
 Top Flux [L/T]      0.99840E-31
 Bot Flux [L/T]      0.00000E+00
 WatBalT  [L]       -0.22904E+00
 WatBalR  [%]              0.401
----------------------------------------------------------

----------------------------------------------------------
 Time       [T]      673.0000
----------------------------------------------------------
 Sub-region num.                     1
----------------------------------------------------------
 Length   [L]        0.15000E+03  0.15000E+03
 W-volume [L]        0.87170E+01  0.87170E+01
 In-flow  [L/T]     -0.19073E-05 -0.19073E-05
 h Mean   [L]       -0.41237E+04 -0.41237E+04
 Top Flux [L/T]      0.99840E-31
 Bot Flux [L/T]      0.00000E+00
 WatBalT  [L]       -0.22904E+00
 WatBalR  [%]              0.401
----------------------------------------------------------

----------------------------------------------------------
 Time       [T]      674.0000
----------------------------------------------------------
 Sub-region num.                     1
----------------------------------------------------------
 Length   [L]        0.15000E+03  0.15000E+03
 W-volume [L]        0.87170E+01  0.87170E+01
 In-flow  [L/T]     -0.19073E-05 -0.19073E-05
 h Mean   [L]       -0.41237E+04 -0.41237E+04
 Top Flux [L/T]      0.99840E-31
 Bot Flux [L/T]      0.00000E+00
 WatBalT  [L]       -0.22904E+00
 WatBalR  [%]              0.401
----------------------------------------------------------

----------------------------------------------------------
 Time       [T]      675.0000
----------------------------------------------------------
 Sub-region num.                     1
----------------------------------------------------------
 Length   [L]        0.15000E+03  0.15000E+03
 W-volume [L]        0.87170E+01  0.87170E+01
 In-flow  [L/T]     -0.19073E-05 -0.19073E-05
 h Mean   [L]       -0.41237E+04 -0.41237E+04
 Top Flux [L/T]      0.99840E-31
 Bot Flux [L/T]      0.00000E+00
 WatBalT  [L]       -0.22905E+00
 WatBalR  [%]              0.401
----------------------------------------------------------

----------------------------------------------------------
 Time       [T]      676.0000
----------------------------------------------------------
 Sub-region num.                     1
----------------------------------------------------------
 Length   [L]        0.15000E+03  0.15000E+03
 W-volume [L]        0.87170E+01  0.87170E+01
 In-flow  [L/T]     -0.19073E-05 -0.19073E-05
 h Mean   [L]       -0.41237E+04 -0.41237E+04
 Top Flux [L/T]      0.99840E-31
 Bot Flux [L/T]      0.00000E+00
 WatBalT  [L]       -0.22905E+00
 WatBalR  [%]              0.401
----------------------------------------------------------

----------------------------------------------------------
 Time       [T]      677.0000
----------------------------------------------------------
 Sub-region num.                     1
----------------------------------------------------------
 Length   [L]        0.15000E+03  0.15000E+03
 W-volume [L]        0.87170E+01  0.87170E+01
 In-flow  [L/T]     -0.19073E-05 -0.19073E-05
 h Mean   [L]       -0.41237E+04 -0.41237E+04
 Top Flux [L/T]      0.99840E-31
 Bot Flux [L/T]      0.00000E+00
 WatBalT  [L]       -0.22905E+00
 WatBalR  [%]              0.401
----------------------------------------------------------

----------------------------------------------------------
 Time       [T]      678.0000
----------------------------------------------------------
 Sub-region num.                     1
----------------------------------------------------------
 Length   [L]        0.15000E+03  0.15000E+03
 W-volume [L]        0.87170E+01  0.87170E+01
 In-flow  [L/T]     -0.19073E-05 -0.19073E-05
 h Mean   [L]       -0.41237E+04 -0.41237E+04
 Top Flux [L/T]      0.99840E-31
 Bot Flux [L/T]      0.00000E+00
 WatBalT  [L]       -0.22905E+00
 WatBalR  [%]              0.401
----------------------------------------------------------

----------------------------------------------------------
 Time       [T]      679.0000
----------------------------------------------------------
 Sub-region num.                     1
----------------------------------------------------------
 Length   [L]        0.15000E+03  0.15000E+03
 W-volume [L]        0.87170E+01  0.87170E+01
 In-flow  [L/T]     -0.19073E-05 -0.19073E-05
 h Mean   [L]       -0.41237E+04 -0.41237E+04
 Top Flux [L/T]      0.99840E-31
 Bot Flux [L/T]      0.00000E+00
 WatBalT  [L]       -0.22905E+00
 WatBalR  [%]              0.401
----------------------------------------------------------

----------------------------------------------------------
 Time       [T]      680.0000
----------------------------------------------------------
 Sub-region num.                     1
----------------------------------------------------------
 Length   [L]        0.15000E+03  0.15000E+03
 W-volume [L]        0.87170E+01  0.87170E+01
 In-flow  [L/T]     -0.19073E-05 -0.19073E-05
 h Mean   [L]       -0.41237E+04 -0.41237E+04
 Top Flux [L/T]      0.99840E-31
 Bot Flux [L/T]      0.00000E+00
 WatBalT  [L]       -0.22906E+00
 WatBalR  [%]              0.401
----------------------------------------------------------

----------------------------------------------------------
 Time       [T]      681.0000
----------------------------------------------------------
 Sub-region num.                     1
----------------------------------------------------------
 Length   [L]        0.15000E+03  0.15000E+03
 W-volume [L]        0.87170E+01  0.87170E+01
 In-flow  [L/T]     -0.18775E-05 -0.18775E-05
 h Mean   [L]       -0.41237E+04 -0.41237E+04
 Top Flux [L/T]      0.99840E-31
 Bot Flux [L/T]      0.00000E+00
 WatBalT  [L]       -0.22906E+00
 WatBalR  [%]              0.401
----------------------------------------------------------

----------------------------------------------------------
 Time       [T]      682.0000
----------------------------------------------------------
 Sub-region num.                     1
----------------------------------------------------------
 Length   [L]        0.15000E+03  0.15000E+03
 W-volume [L]        0.87170E+01  0.87170E+01
 In-flow  [L/T]     -0.18775E-05 -0.18775E-05
 h Mean   [L]       -0.41237E+04 -0.41237E+04
 Top Flux [L/T]      0.99840E-31
 Bot Flux [L/T]      0.00000E+00
 WatBalT  [L]       -0.22906E+00
 WatBalR  [%]              0.401
----------------------------------------------------------

----------------------------------------------------------
 Time       [T]      683.0000
----------------------------------------------------------
 Sub-region num.                     1
----------------------------------------------------------
 Length   [L]        0.15000E+03  0.15000E+03
 W-volume [L]        0.87170E+01  0.87170E+01
 In-flow  [L/T]     -0.18775E-05 -0.18775E-05
 h Mean   [L]       -0.41237E+04 -0.41237E+04
 Top Flux [L/T]      0.99840E-31
 Bot Flux [L/T]      0.00000E+00
 WatBalT  [L]       -0.22906E+00
 WatBalR  [%]              0.401
----------------------------------------------------------

----------------------------------------------------------
 Time       [T]      684.0000
----------------------------------------------------------
 Sub-region num.                     1
----------------------------------------------------------
 Length   [L]        0.15000E+03  0.15000E+03
 W-volume [L]        0.87170E+01  0.87170E+01
 In-flow  [L/T]     -0.18775E-05 -0.18775E-05
 h Mean   [L]       -0.41237E+04 -0.41237E+04
 Top Flux [L/T]      0.99840E-31
 Bot Flux [L/T]      0.00000E+00
 WatBalT  [L]       -0.22906E+00
 WatBalR  [%]              0.401
----------------------------------------------------------

----------------------------------------------------------
 Time       [T]      685.0000
----------------------------------------------------------
 Sub-region num.                     1
----------------------------------------------------------
 Length   [L]        0.15000E+03  0.15000E+03
 W-volume [L]        0.87170E+01  0.87170E+01
 In-flow  [L/T]     -0.18775E-05 -0.18775E-05
 h Mean   [L]       -0.41237E+04 -0.41237E+04
 Top Flux [L/T]      0.99840E-31
 Bot Flux [L/T]      0.00000E+00
 WatBalT  [L]       -0.22906E+00
 WatBalR  [%]              0.401
----------------------------------------------------------

----------------------------------------------------------
 Time       [T]      686.0000
----------------------------------------------------------
 Sub-region num.                     1
----------------------------------------------------------
 Length   [L]        0.15000E+03  0.15000E+03
 W-volume [L]        0.87170E+01  0.87170E+01
 In-flow  [L/T]     -0.18775E-05 -0.18775E-05
 h Mean   [L]       -0.41237E+04 -0.41237E+04
 Top Flux [L/T]      0.99840E-31
 Bot Flux [L/T]      0.00000E+00
 WatBalT  [L]       -0.22907E+00
 WatBalR  [%]              0.401
----------------------------------------------------------

----------------------------------------------------------
 Time       [T]      687.0000
----------------------------------------------------------
 Sub-region num.                     1
----------------------------------------------------------
 Length   [L]        0.15000E+03  0.15000E+03
 W-volume [L]        0.87170E+01  0.87170E+01
 In-flow  [L/T]     -0.18775E-05 -0.18775E-05
 h Mean   [L]       -0.41237E+04 -0.41237E+04
 Top Flux [L/T]      0.99840E-31
 Bot Flux [L/T]      0.00000E+00
 WatBalT  [L]       -0.22907E+00
 WatBalR  [%]              0.401
----------------------------------------------------------

----------------------------------------------------------
 Time       [T]      688.0000
----------------------------------------------------------
 Sub-region num.                     1
----------------------------------------------------------
 Length   [L]        0.15000E+03  0.15000E+03
 W-volume [L]        0.87170E+01  0.87170E+01
 In-flow  [L/T]     -0.18477E-05 -0.18477E-05
 h Mean   [L]       -0.41237E+04 -0.41237E+04
 Top Flux [L/T]      0.99840E-31
 Bot Flux [L/T]      0.00000E+00
 WatBalT  [L]       -0.22907E+00
 WatBalR  [%]              0.401
----------------------------------------------------------

----------------------------------------------------------
 Time       [T]      689.0000
----------------------------------------------------------
 Sub-region num.                     1
----------------------------------------------------------
 Length   [L]        0.15000E+03  0.15000E+03
 W-volume [L]        0.87170E+01  0.87170E+01
 In-flow  [L/T]     -0.18477E-05 -0.18477E-05
 h Mean   [L]       -0.41237E+04 -0.41237E+04
 Top Flux [L/T]      0.99840E-31
 Bot Flux [L/T]      0.00000E+00
 WatBalT  [L]       -0.22907E+00
 WatBalR  [%]              0.401
----------------------------------------------------------

----------------------------------------------------------
 Time       [T]      690.0000
----------------------------------------------------------
 Sub-region num.                     1
----------------------------------------------------------
 Length   [L]        0.15000E+03  0.15000E+03
 W-volume [L]        0.87170E+01  0.87170E+01
 In-flow  [L/T]     -0.18477E-05 -0.18477E-05
 h Mean   [L]       -0.41237E+04 -0.41237E+04
 Top Flux [L/T]      0.99840E-31
 Bot Flux [L/T]      0.00000E+00
 WatBalT  [L]       -0.22907E+00
 WatBalR  [%]              0.401
----------------------------------------------------------

----------------------------------------------------------
 Time       [T]      691.0000
----------------------------------------------------------
 Sub-region num.                     1
----------------------------------------------------------
 Length   [L]        0.15000E+03  0.15000E+03
 W-volume [L]        0.87170E+01  0.87170E+01
 In-flow  [L/T]     -0.18477E-05 -0.18477E-05
 h Mean   [L]       -0.41237E+04 -0.41237E+04
 Top Flux [L/T]      0.99840E-31
 Bot Flux [L/T]      0.00000E+00
 WatBalT  [L]       -0.22908E+00
 WatBalR  [%]              0.401
----------------------------------------------------------

----------------------------------------------------------
 Time       [T]      692.0000
----------------------------------------------------------
 Sub-region num.                     1
----------------------------------------------------------
 Length   [L]        0.15000E+03  0.15000E+03
 W-volume [L]        0.87170E+01  0.87170E+01
 In-flow  [L/T]     -0.18477E-05 -0.18477E-05
 h Mean   [L]       -0.41237E+04 -0.41237E+04
 Top Flux [L/T]      0.99840E-31
 Bot Flux [L/T]      0.00000E+00
 WatBalT  [L]       -0.22908E+00
 WatBalR  [%]              0.401
----------------------------------------------------------

----------------------------------------------------------
 Time       [T]      693.0000
----------------------------------------------------------
 Sub-region num.                     1
----------------------------------------------------------
 Length   [L]        0.15000E+03  0.15000E+03
 W-volume [L]        0.87170E+01  0.87170E+01
 In-flow  [L/T]     -0.18477E-05 -0.18477E-05
 h Mean   [L]       -0.41237E+04 -0.41237E+04
 Top Flux [L/T]      0.99840E-31
 Bot Flux [L/T]      0.00000E+00
 WatBalT  [L]       -0.22908E+00
 WatBalR  [%]              0.401
----------------------------------------------------------

----------------------------------------------------------
 Time       [T]      694.0000
----------------------------------------------------------
 Sub-region num.                     1
----------------------------------------------------------
 Length   [L]        0.15000E+03  0.15000E+03
 W-volume [L]        0.87170E+01  0.87170E+01
 In-flow  [L/T]     -0.18477E-05 -0.18477E-05
 h Mean   [L]       -0.41237E+04 -0.41237E+04
 Top Flux [L/T]      0.99840E-31
 Bot Flux [L/T]      0.00000E+00
 WatBalT  [L]       -0.22908E+00
 WatBalR  [%]              0.401
----------------------------------------------------------

----------------------------------------------------------
 Time       [T]      695.0000
----------------------------------------------------------
 Sub-region num.                     1
----------------------------------------------------------
 Length   [L]        0.15000E+03  0.15000E+03
 W-volume [L]        0.87170E+01  0.87170E+01
 In-flow  [L/T]     -0.18477E-05 -0.18477E-05
 h Mean   [L]       -0.41237E+04 -0.41237E+04
 Top Flux [L/T]      0.99840E-31
 Bot Flux [L/T]      0.00000E+00
 WatBalT  [L]       -0.22908E+00
 WatBalR  [%]              0.401
----------------------------------------------------------

----------------------------------------------------------
 Time       [T]      696.0000
----------------------------------------------------------
 Sub-region num.                     1
----------------------------------------------------------
 Length   [L]        0.15000E+03  0.15000E+03
 W-volume [L]        0.87170E+01  0.87170E+01
 In-flow  [L/T]     -0.18179E-05 -0.18179E-05
 h Mean   [L]       -0.41237E+04 -0.41237E+04
 Top Flux [L/T]      0.99840E-31
 Bot Flux [L/T]      0.00000E+00
 WatBalT  [L]       -0.22908E+00
 WatBalR  [%]              0.401
----------------------------------------------------------

----------------------------------------------------------
 Time       [T]      697.0000
----------------------------------------------------------
 Sub-region num.                     1
----------------------------------------------------------
 Length   [L]        0.15000E+03  0.15000E+03
 W-volume [L]        0.87170E+01  0.87170E+01
 In-flow  [L/T]     -0.18179E-05 -0.18179E-05
 h Mean   [L]       -0.41237E+04 -0.41237E+04
 Top Flux [L/T]      0.99840E-31
 Bot Flux [L/T]      0.00000E+00
 WatBalT  [L]       -0.22909E+00
 WatBalR  [%]              0.401
----------------------------------------------------------

----------------------------------------------------------
 Time       [T]      698.0000
----------------------------------------------------------
 Sub-region num.                     1
----------------------------------------------------------
 Length   [L]        0.15000E+03  0.15000E+03
 W-volume [L]        0.87170E+01  0.87170E+01
 In-flow  [L/T]     -0.18179E-05 -0.18179E-05
 h Mean   [L]       -0.41237E+04 -0.41237E+04
 Top Flux [L/T]      0.99840E-31
 Bot Flux [L/T]      0.00000E+00
 WatBalT  [L]       -0.22909E+00
 WatBalR  [%]              0.401
----------------------------------------------------------

----------------------------------------------------------
 Time       [T]      699.0000
----------------------------------------------------------
 Sub-region num.                     1
----------------------------------------------------------
 Length   [L]        0.15000E+03  0.15000E+03
 W-volume [L]        0.87170E+01  0.87170E+01
 In-flow  [L/T]     -0.18179E-05 -0.18179E-05
 h Mean   [L]       -0.41237E+04 -0.41237E+04
 Top Flux [L/T]      0.99840E-31
 Bot Flux [L/T]      0.00000E+00
 WatBalT  [L]       -0.22909E+00
 WatBalR  [%]              0.401
----------------------------------------------------------

----------------------------------------------------------
 Time       [T]      700.0000
----------------------------------------------------------
 Sub-region num.                     1
----------------------------------------------------------
 Length   [L]        0.15000E+03  0.15000E+03
 W-volume [L]        0.87170E+01  0.87170E+01
 In-flow  [L/T]     -0.18179E-05 -0.18179E-05
 h Mean   [L]       -0.41237E+04 -0.41237E+04
 Top Flux [L/T]      0.99840E-31
 Bot Flux [L/T]      0.00000E+00
 WatBalT  [L]       -0.22909E+00
 WatBalR  [%]              0.401
----------------------------------------------------------

----------------------------------------------------------
 Time       [T]      701.0000
----------------------------------------------------------
 Sub-region num.                     1
----------------------------------------------------------
 Length   [L]        0.15000E+03  0.15000E+03
 W-volume [L]        0.87170E+01  0.87170E+01
 In-flow  [L/T]     -0.18179E-05 -0.18179E-05
 h Mean   [L]       -0.41237E+04 -0.41237E+04
 Top Flux [L/T]      0.99840E-31
 Bot Flux [L/T]      0.00000E+00
 WatBalT  [L]       -0.22910E+00
 WatBalR  [%]              0.401
----------------------------------------------------------

----------------------------------------------------------
 Time       [T]      702.0000
----------------------------------------------------------
 Sub-region num.                     1
----------------------------------------------------------
 Length   [L]        0.15000E+03  0.15000E+03
 W-volume [L]        0.87170E+01  0.87170E+01
 In-flow  [L/T]     -0.18179E-05 -0.18179E-05
 h Mean   [L]       -0.41237E+04 -0.41237E+04
 Top Flux [L/T]      0.99840E-31
 Bot Flux [L/T]      0.00000E+00
 WatBalT  [L]       -0.22910E+00
 WatBalR  [%]              0.401
----------------------------------------------------------

----------------------------------------------------------
 Time       [T]      703.0000
----------------------------------------------------------
 Sub-region num.                     1
----------------------------------------------------------
 Length   [L]        0.15000E+03  0.15000E+03
 W-volume [L]        0.87170E+01  0.87170E+01
 In-flow  [L/T]     -0.17881E-05 -0.17881E-05
 h Mean   [L]       -0.41237E+04 -0.41237E+04
 Top Flux [L/T]      0.99840E-31
 Bot Flux [L/T]      0.00000E+00
 WatBalT  [L]       -0.22910E+00
 WatBalR  [%]              0.401
----------------------------------------------------------

----------------------------------------------------------
 Time       [T]      704.0000
----------------------------------------------------------
 Sub-region num.                     1
----------------------------------------------------------
 Length   [L]        0.15000E+03  0.15000E+03
 W-volume [L]        0.87170E+01  0.87170E+01
 In-flow  [L/T]     -0.17881E-05 -0.17881E-05
 h Mean   [L]       -0.41237E+04 -0.41237E+04
 Top Flux [L/T]      0.99840E-31
 Bot Flux [L/T]      0.00000E+00
 WatBalT  [L]       -0.22910E+00
 WatBalR  [%]              0.401
----------------------------------------------------------

----------------------------------------------------------
 Time       [T]      705.0000
----------------------------------------------------------
 Sub-region num.                     1
----------------------------------------------------------
 Length   [L]        0.15000E+03  0.15000E+03
 W-volume [L]        0.87170E+01  0.87170E+01
 In-flow  [L/T]     -0.17881E-05 -0.17881E-05
 h Mean   [L]       -0.41237E+04 -0.41237E+04
 Top Flux [L/T]      0.99840E-31
 Bot Flux [L/T]      0.00000E+00
 WatBalT  [L]       -0.22910E+00
 WatBalR  [%]              0.401
----------------------------------------------------------

----------------------------------------------------------
 Time       [T]      706.0000
----------------------------------------------------------
 Sub-region num.                     1
----------------------------------------------------------
 Length   [L]        0.15000E+03  0.15000E+03
 W-volume [L]        0.87170E+01  0.87170E+01
 In-flow  [L/T]     -0.17881E-05 -0.17881E-05
 h Mean   [L]       -0.41237E+04 -0.41237E+04
 Top Flux [L/T]      0.99840E-31
 Bot Flux [L/T]      0.00000E+00
 WatBalT  [L]       -0.22910E+00
 WatBalR  [%]              0.401
----------------------------------------------------------

----------------------------------------------------------
 Time       [T]      707.0000
----------------------------------------------------------
 Sub-region num.                     1
----------------------------------------------------------
 Length   [L]        0.15000E+03  0.15000E+03
 W-volume [L]        0.87170E+01  0.87170E+01
 In-flow  [L/T]     -0.17881E-05 -0.17881E-05
 h Mean   [L]       -0.41237E+04 -0.41237E+04
 Top Flux [L/T]      0.99840E-31
 Bot Flux [L/T]      0.00000E+00
 WatBalT  [L]       -0.22910E+00
 WatBalR  [%]              0.401
----------------------------------------------------------

----------------------------------------------------------
 Time       [T]      708.0000
----------------------------------------------------------
 Sub-region num.                     1
----------------------------------------------------------
 Length   [L]        0.15000E+03  0.15000E+03
 W-volume [L]        0.87170E+01  0.87170E+01
 In-flow  [L/T]     -0.17881E-05 -0.17881E-05
 h Mean   [L]       -0.41237E+04 -0.41237E+04
 Top Flux [L/T]      0.99840E-31
 Bot Flux [L/T]      0.00000E+00
 WatBalT  [L]       -0.22911E+00
 WatBalR  [%]              0.401
----------------------------------------------------------

----------------------------------------------------------
 Time       [T]      709.0000
----------------------------------------------------------
 Sub-region num.                     1
----------------------------------------------------------
 Length   [L]        0.15000E+03  0.15000E+03
 W-volume [L]        0.87170E+01  0.87170E+01
 In-flow  [L/T]     -0.17881E-05 -0.17881E-05
 h Mean   [L]       -0.41237E+04 -0.41237E+04
 Top Flux [L/T]      0.99840E-31
 Bot Flux [L/T]      0.00000E+00
 WatBalT  [L]       -0.22911E+00
 WatBalR  [%]              0.401
----------------------------------------------------------

----------------------------------------------------------
 Time       [T]      710.0000
----------------------------------------------------------
 Sub-region num.                     1
----------------------------------------------------------
 Length   [L]        0.15000E+03  0.15000E+03
 W-volume [L]        0.87170E+01  0.87170E+01
 In-flow  [L/T]     -0.17881E-05 -0.17881E-05
 h Mean   [L]       -0.41237E+04 -0.41237E+04
 Top Flux [L/T]      0.99840E-31
 Bot Flux [L/T]      0.00000E+00
 WatBalT  [L]       -0.22911E+00
 WatBalR  [%]              0.401
----------------------------------------------------------

----------------------------------------------------------
 Time       [T]      711.0000
----------------------------------------------------------
 Sub-region num.                     1
----------------------------------------------------------
 Length   [L]        0.15000E+03  0.15000E+03
 W-volume [L]        0.87170E+01  0.87170E+01
 In-flow  [L/T]     -0.17881E-05 -0.17881E-05
 h Mean   [L]       -0.41237E+04 -0.41237E+04
 Top Flux [L/T]      0.99840E-31
 Bot Flux [L/T]      0.00000E+00
 WatBalT  [L]       -0.22911E+00
 WatBalR  [%]              0.401
----------------------------------------------------------

----------------------------------------------------------
 Time       [T]      712.0000
----------------------------------------------------------
 Sub-region num.                     1
----------------------------------------------------------
 Length   [L]        0.15000E+03  0.15000E+03
 W-volume [L]        0.87170E+01  0.87170E+01
 In-flow  [L/T]     -0.17583E-05 -0.17583E-05
 h Mean   [L]       -0.41237E+04 -0.41237E+04
 Top Flux [L/T]      0.99840E-31
 Bot Flux [L/T]      0.00000E+00
 WatBalT  [L]       -0.22911E+00
 WatBalR  [%]              0.401
----------------------------------------------------------

----------------------------------------------------------
 Time       [T]      713.0000
----------------------------------------------------------
 Sub-region num.                     1
----------------------------------------------------------
 Length   [L]        0.15000E+03  0.15000E+03
 W-volume [L]        0.87170E+01  0.87170E+01
 In-flow  [L/T]     -0.17583E-05 -0.17583E-05
 h Mean   [L]       -0.41237E+04 -0.41237E+04
 Top Flux [L/T]      0.99840E-31
 Bot Flux [L/T]      0.00000E+00
 WatBalT  [L]       -0.22911E+00
 WatBalR  [%]              0.401
----------------------------------------------------------

----------------------------------------------------------
 Time       [T]      714.0000
----------------------------------------------------------
 Sub-region num.                     1
----------------------------------------------------------
 Length   [L]        0.15000E+03  0.15000E+03
 W-volume [L]        0.87170E+01  0.87170E+01
 In-flow  [L/T]     -0.17583E-05 -0.17583E-05
 h Mean   [L]       -0.41237E+04 -0.41237E+04
 Top Flux [L/T]      0.99840E-31
 Bot Flux [L/T]      0.00000E+00
 WatBalT  [L]       -0.22912E+00
 WatBalR  [%]              0.401
----------------------------------------------------------

----------------------------------------------------------
 Time       [T]      715.0000
----------------------------------------------------------
 Sub-region num.                     1
----------------------------------------------------------
 Length   [L]        0.15000E+03  0.15000E+03
 W-volume [L]        0.87170E+01  0.87170E+01
 In-flow  [L/T]     -0.17583E-05 -0.17583E-05
 h Mean   [L]       -0.41237E+04 -0.41237E+04
 Top Flux [L/T]      0.99840E-31
 Bot Flux [L/T]      0.00000E+00
 WatBalT  [L]       -0.22912E+00
 WatBalR  [%]              0.401
----------------------------------------------------------

----------------------------------------------------------
 Time       [T]      716.0000
----------------------------------------------------------
 Sub-region num.                     1
----------------------------------------------------------
 Length   [L]        0.15000E+03  0.15000E+03
 W-volume [L]        0.87170E+01  0.87170E+01
 In-flow  [L/T]     -0.17583E-05 -0.17583E-05
 h Mean   [L]       -0.41237E+04 -0.41237E+04
 Top Flux [L/T]      0.99840E-31
 Bot Flux [L/T]      0.00000E+00
 WatBalT  [L]       -0.22912E+00
 WatBalR  [%]              0.401
----------------------------------------------------------

----------------------------------------------------------
 Time       [T]      717.0000
----------------------------------------------------------
 Sub-region num.                     1
----------------------------------------------------------
 Length   [L]        0.15000E+03  0.15000E+03
 W-volume [L]        0.87169E+01  0.87169E+01
 In-flow  [L/T]     -0.17583E-05 -0.17583E-05
 h Mean   [L]       -0.41237E+04 -0.41237E+04
 Top Flux [L/T]      0.99840E-31
 Bot Flux [L/T]      0.00000E+00
 WatBalT  [L]       -0.22912E+00
 WatBalR  [%]              0.401
----------------------------------------------------------

----------------------------------------------------------
 Time       [T]      718.0000
----------------------------------------------------------
 Sub-region num.                     1
----------------------------------------------------------
 Length   [L]        0.15000E+03  0.15000E+03
 W-volume [L]        0.87169E+01  0.87169E+01
 In-flow  [L/T]     -0.17583E-05 -0.17583E-05
 h Mean   [L]       -0.41237E+04 -0.41237E+04
 Top Flux [L/T]      0.99840E-31
 Bot Flux [L/T]      0.00000E+00
 WatBalT  [L]       -0.22913E+00
 WatBalR  [%]              0.401
----------------------------------------------------------

----------------------------------------------------------
 Time       [T]      719.0000
----------------------------------------------------------
 Sub-region num.                     1
----------------------------------------------------------
 Length   [L]        0.15000E+03  0.15000E+03
 W-volume [L]        0.87169E+01  0.87169E+01
 In-flow  [L/T]     -0.17583E-05 -0.17583E-05
 h Mean   [L]       -0.41237E+04 -0.41237E+04
 Top Flux [L/T]      0.99840E-31
 Bot Flux [L/T]      0.00000E+00
 WatBalT  [L]       -0.22913E+00
 WatBalR  [%]              0.401
----------------------------------------------------------

----------------------------------------------------------
 Time       [T]      720.0000
----------------------------------------------------------
 Sub-region num.                     1
----------------------------------------------------------
 Length   [L]        0.15000E+03  0.15000E+03
 W-volume [L]        0.87169E+01  0.87169E+01
 In-flow  [L/T]     -0.17285E-05 -0.17285E-05
 h Mean   [L]       -0.41237E+04 -0.41237E+04
 Top Flux [L/T]      0.99840E-31
 Bot Flux [L/T]      0.00000E+00
 WatBalT  [L]       -0.22913E+00
 WatBalR  [%]              0.401
----------------------------------------------------------

----------------------------------------------------------
 Time       [T]      721.0000
----------------------------------------------------------
 Sub-region num.                     1
----------------------------------------------------------
 Length   [L]        0.15000E+03  0.15000E+03
 W-volume [L]        0.87169E+01  0.87169E+01
 In-flow  [L/T]     -0.17285E-05 -0.17285E-05
 h Mean   [L]       -0.41237E+04 -0.41237E+04
 Top Flux [L/T]      0.99840E-31
 Bot Flux [L/T]      0.00000E+00
 WatBalT  [L]       -0.22913E+00
 WatBalR  [%]              0.401
----------------------------------------------------------

----------------------------------------------------------
 Time       [T]      722.0000
----------------------------------------------------------
 Sub-region num.                     1
----------------------------------------------------------
 Length   [L]        0.15000E+03  0.15000E+03
 W-volume [L]        0.87169E+01  0.87169E+01
 In-flow  [L/T]     -0.17285E-05 -0.17285E-05
 h Mean   [L]       -0.41237E+04 -0.41237E+04
 Top Flux [L/T]      0.99840E-31
 Bot Flux [L/T]      0.00000E+00
 WatBalT  [L]       -0.22913E+00
 WatBalR  [%]              0.401
----------------------------------------------------------

----------------------------------------------------------
 Time       [T]      723.0000
----------------------------------------------------------
 Sub-region num.                     1
----------------------------------------------------------
 Length   [L]        0.15000E+03  0.15000E+03
 W-volume [L]        0.87169E+01  0.87169E+01
 In-flow  [L/T]     -0.17285E-05 -0.17285E-05
 h Mean   [L]       -0.41237E+04 -0.41237E+04
 Top Flux [L/T]      0.99840E-31
 Bot Flux [L/T]      0.00000E+00
 WatBalT  [L]       -0.22913E+00
 WatBalR  [%]              0.401
----------------------------------------------------------

----------------------------------------------------------
 Time       [T]      724.0000
----------------------------------------------------------
 Sub-region num.                     1
----------------------------------------------------------
 Length   [L]        0.15000E+03  0.15000E+03
 W-volume [L]        0.87169E+01  0.87169E+01
 In-flow  [L/T]     -0.17285E-05 -0.17285E-05
 h Mean   [L]       -0.41237E+04 -0.41237E+04
 Top Flux [L/T]      0.99840E-31
 Bot Flux [L/T]      0.00000E+00
 WatBalT  [L]       -0.22914E+00
 WatBalR  [%]              0.401
----------------------------------------------------------

----------------------------------------------------------
 Time       [T]      725.0000
----------------------------------------------------------
 Sub-region num.                     1
----------------------------------------------------------
 Length   [L]        0.15000E+03  0.15000E+03
 W-volume [L]        0.87169E+01  0.87169E+01
 In-flow  [L/T]     -0.17285E-05 -0.17285E-05
 h Mean   [L]       -0.41237E+04 -0.41237E+04
 Top Flux [L/T]      0.99840E-31
 Bot Flux [L/T]      0.00000E+00
 WatBalT  [L]       -0.22914E+00
 WatBalR  [%]              0.401
----------------------------------------------------------

----------------------------------------------------------
 Time       [T]      726.0000
----------------------------------------------------------
 Sub-region num.                     1
----------------------------------------------------------
 Length   [L]        0.15000E+03  0.15000E+03
 W-volume [L]        0.87169E+01  0.87169E+01
 In-flow  [L/T]     -0.17285E-05 -0.17285E-05
 h Mean   [L]       -0.41237E+04 -0.41237E+04
 Top Flux [L/T]      0.99840E-31
 Bot Flux [L/T]      0.00000E+00
 WatBalT  [L]       -0.22914E+00
 WatBalR  [%]              0.401
----------------------------------------------------------

----------------------------------------------------------
 Time       [T]      727.0000
----------------------------------------------------------
 Sub-region num.                     1
----------------------------------------------------------
 Length   [L]        0.15000E+03  0.15000E+03
 W-volume [L]        0.87169E+01  0.87169E+01
 In-flow  [L/T]     -0.17285E-05 -0.17285E-05
 h Mean   [L]       -0.41237E+04 -0.41237E+04
 Top Flux [L/T]      0.99840E-31
 Bot Flux [L/T]      0.00000E+00
 WatBalT  [L]       -0.22914E+00
 WatBalR  [%]              0.401
----------------------------------------------------------

----------------------------------------------------------
 Time       [T]      728.0000
----------------------------------------------------------
 Sub-region num.                     1
----------------------------------------------------------
 Length   [L]        0.15000E+03  0.15000E+03
 W-volume [L]        0.87169E+01  0.87169E+01
 In-flow  [L/T]     -0.16987E-05 -0.16987E-05
 h Mean   [L]       -0.41237E+04 -0.41237E+04
 Top Flux [L/T]      0.99840E-31
 Bot Flux [L/T]      0.00000E+00
 WatBalT  [L]       -0.22914E+00
 WatBalR  [%]              0.401
----------------------------------------------------------

----------------------------------------------------------
 Time       [T]      729.0000
----------------------------------------------------------
 Sub-region num.                     1
----------------------------------------------------------
 Length   [L]        0.15000E+03  0.15000E+03
 W-volume [L]        0.87169E+01  0.87169E+01
 In-flow  [L/T]     -0.16987E-05 -0.16987E-05
 h Mean   [L]       -0.41237E+04 -0.41237E+04
 Top Flux [L/T]      0.99840E-31
 Bot Flux [L/T]      0.00000E+00
 WatBalT  [L]       -0.22915E+00
 WatBalR  [%]              0.401
----------------------------------------------------------

----------------------------------------------------------
 Time       [T]      730.0000
----------------------------------------------------------
 Sub-region num.                     1
----------------------------------------------------------
 Length   [L]        0.15000E+03  0.15000E+03
 W-volume [L]        0.87169E+01  0.87169E+01
 In-flow  [L/T]     -0.16987E-05 -0.16987E-05
 h Mean   [L]       -0.41237E+04 -0.41237E+04
 Top Flux [L/T]      0.99840E-31
 Bot Flux [L/T]      0.00000E+00
 WatBalT  [L]       -0.22915E+00
 WatBalR  [%]              0.401
----------------------------------------------------------

----------------------------------------------------------
 Time       [T]      731.0000
----------------------------------------------------------
 Sub-region num.                     1
----------------------------------------------------------
 Length   [L]        0.15000E+03  0.15000E+03
 W-volume [L]        0.87169E+01  0.87169E+01
 In-flow  [L/T]     -0.16987E-05 -0.16987E-05
 h Mean   [L]       -0.41237E+04 -0.41237E+04
 Top Flux [L/T]      0.99840E-31
 Bot Flux [L/T]      0.00000E+00
 WatBalT  [L]       -0.22915E+00
 WatBalR  [%]              0.401
----------------------------------------------------------

----------------------------------------------------------
 Time       [T]      732.0000
----------------------------------------------------------
 Sub-region num.                     1
----------------------------------------------------------
 Length   [L]        0.15000E+03  0.15000E+03
 W-volume [L]        0.87169E+01  0.87169E+01
 In-flow  [L/T]     -0.16987E-05 -0.16987E-05
 h Mean   [L]       -0.41237E+04 -0.41237E+04
 Top Flux [L/T]      0.99840E-31
 Bot Flux [L/T]      0.00000E+00
 WatBalT  [L]       -0.22915E+00
 WatBalR  [%]              0.401
----------------------------------------------------------

----------------------------------------------------------
 Time       [T]      733.0000
----------------------------------------------------------
 Sub-region num.                     1
----------------------------------------------------------
 Length   [L]        0.15000E+03  0.15000E+03
 W-volume [L]        0.87169E+01  0.87169E+01
 In-flow  [L/T]     -0.16987E-05 -0.16987E-05
 h Mean   [L]       -0.41237E+04 -0.41237E+04
 Top Flux [L/T]      0.99840E-31
 Bot Flux [L/T]      0.00000E+00
 WatBalT  [L]       -0.22915E+00
 WatBalR  [%]              0.401
----------------------------------------------------------

----------------------------------------------------------
 Time       [T]      734.0000
----------------------------------------------------------
 Sub-region num.                     1
----------------------------------------------------------
 Length   [L]        0.15000E+03  0.15000E+03
 W-volume [L]        0.87169E+01  0.87169E+01
 In-flow  [L/T]     -0.16987E-05 -0.16987E-05
 h Mean   [L]       -0.41237E+04 -0.41237E+04
 Top Flux [L/T]      0.99840E-31
 Bot Flux [L/T]      0.00000E+00
 WatBalT  [L]       -0.22915E+00
 WatBalR  [%]              0.401
----------------------------------------------------------

----------------------------------------------------------
 Time       [T]      735.0000
----------------------------------------------------------
 Sub-region num.                     1
----------------------------------------------------------
 Length   [L]        0.15000E+03  0.15000E+03
 W-volume [L]        0.87169E+01  0.87169E+01
 In-flow  [L/T]     -0.16987E-05 -0.16987E-05
 h Mean   [L]       -0.41237E+04 -0.41237E+04
 Top Flux [L/T]      0.99840E-31
 Bot Flux [L/T]      0.00000E+00
 WatBalT  [L]       -0.22915E+00
 WatBalR  [%]              0.401
----------------------------------------------------------

----------------------------------------------------------
 Time       [T]      736.0000
----------------------------------------------------------
 Sub-region num.                     1
----------------------------------------------------------
 Length   [L]        0.15000E+03  0.15000E+03
 W-volume [L]        0.87169E+01  0.87169E+01
 In-flow  [L/T]     -0.16689E-05 -0.16689E-05
 h Mean   [L]       -0.41237E+04 -0.41237E+04
 Top Flux [L/T]      0.99840E-31
 Bot Flux [L/T]      0.00000E+00
 WatBalT  [L]       -0.22916E+00
 WatBalR  [%]              0.401
----------------------------------------------------------

----------------------------------------------------------
 Time       [T]      737.0000
----------------------------------------------------------
 Sub-region num.                     1
----------------------------------------------------------
 Length   [L]        0.15000E+03  0.15000E+03
 W-volume [L]        0.87169E+01  0.87169E+01
 In-flow  [L/T]     -0.16689E-05 -0.16689E-05
 h Mean   [L]       -0.41237E+04 -0.41237E+04
 Top Flux [L/T]      0.99840E-31
 Bot Flux [L/T]      0.00000E+00
 WatBalT  [L]       -0.22916E+00
 WatBalR  [%]              0.401
----------------------------------------------------------

----------------------------------------------------------
 Time       [T]      738.0000
----------------------------------------------------------
 Sub-region num.                     1
----------------------------------------------------------
 Length   [L]        0.15000E+03  0.15000E+03
 W-volume [L]        0.87169E+01  0.87169E+01
 In-flow  [L/T]     -0.16689E-05 -0.16689E-05
 h Mean   [L]       -0.41237E+04 -0.41237E+04
 Top Flux [L/T]      0.99840E-31
 Bot Flux [L/T]      0.00000E+00
 WatBalT  [L]       -0.22916E+00
 WatBalR  [%]              0.401
----------------------------------------------------------

----------------------------------------------------------
 Time       [T]      739.0000
----------------------------------------------------------
 Sub-region num.                     1
----------------------------------------------------------
 Length   [L]        0.15000E+03  0.15000E+03
 W-volume [L]        0.87169E+01  0.87169E+01
 In-flow  [L/T]     -0.16689E-05 -0.16689E-05
 h Mean   [L]       -0.41237E+04 -0.41237E+04
 Top Flux [L/T]      0.99840E-31
 Bot Flux [L/T]      0.00000E+00
 WatBalT  [L]       -0.22916E+00
 WatBalR  [%]              0.401
----------------------------------------------------------

----------------------------------------------------------
 Time       [T]      740.0000
----------------------------------------------------------
 Sub-region num.                     1
----------------------------------------------------------
 Length   [L]        0.15000E+03  0.15000E+03
 W-volume [L]        0.87169E+01  0.87169E+01
 In-flow  [L/T]     -0.16689E-05 -0.16689E-05
 h Mean   [L]       -0.41237E+04 -0.41237E+04
 Top Flux [L/T]      0.99840E-31
 Bot Flux [L/T]      0.00000E+00
 WatBalT  [L]       -0.22916E+00
 WatBalR  [%]              0.401
----------------------------------------------------------

----------------------------------------------------------
 Time       [T]      741.0000
----------------------------------------------------------
 Sub-region num.                     1
----------------------------------------------------------
 Length   [L]        0.15000E+03  0.15000E+03
 W-volume [L]        0.87169E+01  0.87169E+01
 In-flow  [L/T]     -0.16689E-05 -0.16689E-05
 h Mean   [L]       -0.41237E+04 -0.41237E+04
 Top Flux [L/T]      0.99840E-31
 Bot Flux [L/T]      0.00000E+00
 WatBalT  [L]       -0.22916E+00
 WatBalR  [%]              0.401
----------------------------------------------------------

----------------------------------------------------------
 Time       [T]      742.0000
----------------------------------------------------------
 Sub-region num.                     1
----------------------------------------------------------
 Length   [L]        0.15000E+03  0.15000E+03
 W-volume [L]        0.87169E+01  0.87169E+01
 In-flow  [L/T]     -0.16689E-05 -0.16689E-05
 h Mean   [L]       -0.41237E+04 -0.41237E+04
 Top Flux [L/T]      0.99840E-31
 Bot Flux [L/T]      0.00000E+00
 WatBalT  [L]       -0.22917E+00
 WatBalR  [%]              0.401
----------------------------------------------------------

----------------------------------------------------------
 Time       [T]      743.0000
----------------------------------------------------------
 Sub-region num.                     1
----------------------------------------------------------
 Length   [L]        0.15000E+03  0.15000E+03
 W-volume [L]        0.87169E+01  0.87169E+01
 In-flow  [L/T]     -0.16689E-05 -0.16689E-05
 h Mean   [L]       -0.41237E+04 -0.41237E+04
 Top Flux [L/T]      0.99840E-31
 Bot Flux [L/T]      0.00000E+00
 WatBalT  [L]       -0.22917E+00
 WatBalR  [%]              0.401
----------------------------------------------------------

----------------------------------------------------------
 Time       [T]      744.0000
----------------------------------------------------------
 Sub-region num.                     1
----------------------------------------------------------
 Length   [L]        0.15000E+03  0.15000E+03
 W-volume [L]        0.87169E+01  0.87169E+01
 In-flow  [L/T]     -0.16391E-05 -0.16391E-05
 h Mean   [L]       -0.41237E+04 -0.41237E+04
 Top Flux [L/T]      0.99840E-31
 Bot Flux [L/T]      0.00000E+00
 WatBalT  [L]       -0.22917E+00
 WatBalR  [%]              0.401
----------------------------------------------------------

----------------------------------------------------------
 Time       [T]      745.0000
----------------------------------------------------------
 Sub-region num.                     1
----------------------------------------------------------
 Length   [L]        0.15000E+03  0.15000E+03
 W-volume [L]        0.87169E+01  0.87169E+01
 In-flow  [L/T]     -0.16391E-05 -0.16391E-05
 h Mean   [L]       -0.41237E+04 -0.41237E+04
 Top Flux [L/T]      0.99840E-31
 Bot Flux [L/T]      0.00000E+00
 WatBalT  [L]       -0.22917E+00
 WatBalR  [%]              0.401
----------------------------------------------------------

----------------------------------------------------------
 Time       [T]      746.0000
----------------------------------------------------------
 Sub-region num.                     1
----------------------------------------------------------
 Length   [L]        0.15000E+03  0.15000E+03
 W-volume [L]        0.87169E+01  0.87169E+01
 In-flow  [L/T]     -0.16391E-05 -0.16391E-05
 h Mean   [L]       -0.41237E+04 -0.41237E+04
 Top Flux [L/T]      0.99840E-31
 Bot Flux [L/T]      0.00000E+00
 WatBalT  [L]       -0.22917E+00
 WatBalR  [%]              0.401
----------------------------------------------------------

----------------------------------------------------------
 Time       [T]      747.0000
----------------------------------------------------------
 Sub-region num.                     1
----------------------------------------------------------
 Length   [L]        0.15000E+03  0.15000E+03
 W-volume [L]        0.87169E+01  0.87169E+01
 In-flow  [L/T]     -0.16391E-05 -0.16391E-05
 h Mean   [L]       -0.41237E+04 -0.41237E+04
 Top Flux [L/T]      0.99840E-31
 Bot Flux [L/T]      0.00000E+00
 WatBalT  [L]       -0.22917E+00
 WatBalR  [%]              0.401
----------------------------------------------------------

----------------------------------------------------------
 Time       [T]      748.0000
----------------------------------------------------------
 Sub-region num.                     1
----------------------------------------------------------
 Length   [L]        0.15000E+03  0.15000E+03
 W-volume [L]        0.87169E+01  0.87169E+01
 In-flow  [L/T]     -0.16391E-05 -0.16391E-05
 h Mean   [L]       -0.41237E+04 -0.41237E+04
 Top Flux [L/T]      0.99840E-31
 Bot Flux [L/T]      0.00000E+00
 WatBalT  [L]       -0.22918E+00
 WatBalR  [%]              0.401
----------------------------------------------------------

----------------------------------------------------------
 Time       [T]      749.0000
----------------------------------------------------------
 Sub-region num.                     1
----------------------------------------------------------
 Length   [L]        0.15000E+03  0.15000E+03
 W-volume [L]        0.87169E+01  0.87169E+01
 In-flow  [L/T]     -0.16391E-05 -0.16391E-05
 h Mean   [L]       -0.41237E+04 -0.41237E+04
 Top Flux [L/T]      0.99840E-31
 Bot Flux [L/T]      0.00000E+00
 WatBalT  [L]       -0.22918E+00
 WatBalR  [%]              0.401
----------------------------------------------------------

----------------------------------------------------------
 Time       [T]      750.0000
----------------------------------------------------------
 Sub-region num.                     1
----------------------------------------------------------
 Length   [L]        0.15000E+03  0.15000E+03
 W-volume [L]        0.87169E+01  0.87169E+01
 In-flow  [L/T]     -0.16391E-05 -0.16391E-05
 h Mean   [L]       -0.41237E+04 -0.41237E+04
 Top Flux [L/T]      0.99840E-31
 Bot Flux [L/T]      0.00000E+00
 WatBalT  [L]       -0.22918E+00
 WatBalR  [%]              0.401
----------------------------------------------------------

----------------------------------------------------------
 Time       [T]      751.0000
----------------------------------------------------------
 Sub-region num.                     1
----------------------------------------------------------
 Length   [L]        0.15000E+03  0.15000E+03
 W-volume [L]        0.87169E+01  0.87169E+01
 In-flow  [L/T]     -0.16391E-05 -0.16391E-05
 h Mean   [L]       -0.41237E+04 -0.41237E+04
 Top Flux [L/T]      0.99840E-31
 Bot Flux [L/T]      0.00000E+00
 WatBalT  [L]       -0.22918E+00
 WatBalR  [%]              0.401
----------------------------------------------------------

----------------------------------------------------------
 Time       [T]      752.0000
----------------------------------------------------------
 Sub-region num.                     1
----------------------------------------------------------
 Length   [L]        0.15000E+03  0.15000E+03
 W-volume [L]        0.87169E+01  0.87169E+01
 In-flow  [L/T]     -0.16391E-05 -0.16391E-05
 h Mean   [L]       -0.41237E+04 -0.41237E+04
 Top Flux [L/T]      0.99840E-31
 Bot Flux [L/T]      0.00000E+00
 WatBalT  [L]       -0.22918E+00
 WatBalR  [%]              0.401
----------------------------------------------------------

----------------------------------------------------------
 Time       [T]      753.0000
----------------------------------------------------------
 Sub-region num.                     1
----------------------------------------------------------
 Length   [L]        0.15000E+03  0.15000E+03
 W-volume [L]        0.87169E+01  0.87169E+01
 In-flow  [L/T]     -0.16093E-05 -0.16093E-05
 h Mean   [L]       -0.41237E+04 -0.41237E+04
 Top Flux [L/T]      0.99840E-31
 Bot Flux [L/T]      0.00000E+00
 WatBalT  [L]       -0.22918E+00
 WatBalR  [%]              0.401
----------------------------------------------------------

----------------------------------------------------------
 Time       [T]      754.0000
----------------------------------------------------------
 Sub-region num.                     1
----------------------------------------------------------
 Length   [L]        0.15000E+03  0.15000E+03
 W-volume [L]        0.87169E+01  0.87169E+01
 In-flow  [L/T]     -0.16093E-05 -0.16093E-05
 h Mean   [L]       -0.41237E+04 -0.41237E+04
 Top Flux [L/T]      0.99840E-31
 Bot Flux [L/T]      0.00000E+00
 WatBalT  [L]       -0.22919E+00
 WatBalR  [%]              0.401
----------------------------------------------------------

----------------------------------------------------------
 Time       [T]      755.0000
----------------------------------------------------------
 Sub-region num.                     1
----------------------------------------------------------
 Length   [L]        0.15000E+03  0.15000E+03
 W-volume [L]        0.87169E+01  0.87169E+01
 In-flow  [L/T]     -0.16093E-05 -0.16093E-05
 h Mean   [L]       -0.41237E+04 -0.41237E+04
 Top Flux [L/T]      0.99840E-31
 Bot Flux [L/T]      0.00000E+00
 WatBalT  [L]       -0.22919E+00
 WatBalR  [%]              0.401
----------------------------------------------------------

----------------------------------------------------------
 Time       [T]      756.0000
----------------------------------------------------------
 Sub-region num.                     1
----------------------------------------------------------
 Length   [L]        0.15000E+03  0.15000E+03
 W-volume [L]        0.87169E+01  0.87169E+01
 In-flow  [L/T]     -0.16093E-05 -0.16093E-05
 h Mean   [L]       -0.41237E+04 -0.41237E+04
 Top Flux [L/T]      0.99840E-31
 Bot Flux [L/T]      0.00000E+00
 WatBalT  [L]       -0.22919E+00
 WatBalR  [%]              0.401
----------------------------------------------------------
 
 Calculation time [sec]  0.539999991655350     
