 ******* Program HYDRUS
 ******* 
 None                                                                    
 Date:  16. 1.    Time:  15:28:29
 Units: L = mm   , T = days , M = mmol 

----------------------------------------------------------
 Time       [T]        0.0000
----------------------------------------------------------
 Sub-region num.                     1
----------------------------------------------------------
 Length   [L]        0.15000E+03  0.15000E+03
 W-volume [L]        0.24024E+02  0.24024E+02
 In-flow  [L/T]      0.00000E+00  0.00000E+00
 h Mean   [L]       -0.15000E+02 -0.15000E+02
 Top Flux [L/T]     -0.51905E-06
 Bot Flux [L/T]     -0.25952E-06
----------------------------------------------------------

----------------------------------------------------------
 Time       [T]        1.0000
----------------------------------------------------------
 Sub-region num.                     1
----------------------------------------------------------
 Length   [L]        0.15000E+03  0.15000E+03
 W-volume [L]        0.24024E+02  0.24024E+02
 In-flow  [L/T]     -0.45732E-06 -0.45732E-06
 h Mean   [L]       -0.76000E+01 -0.76000E+01
 Top Flux [L/T]     -0.51886E-06
 Bot Flux [L/T]      0.24749E-12
 WatBalT  [L]        0.21121E-06
 WatBalR  [%]             17.285
----------------------------------------------------------

----------------------------------------------------------
 Time       [T]        2.0000
----------------------------------------------------------
 Sub-region num.                     1
----------------------------------------------------------
 Length   [L]        0.15000E+03  0.15000E+03
 W-volume [L]        0.23989E+02  0.23989E+02
 In-flow  [L/T]     -0.35560E-01 -0.35560E-01
 h Mean   [L]       -0.76871E+01 -0.76871E+01
 Top Flux [L/T]      0.65209E-05
 Bot Flux [L/T]     -0.24748E-12
 WatBalT  [L]        0.17583E-05
 WatBalR  [%]              0.005
----------------------------------------------------------

----------------------------------------------------------
 Time       [T]        3.0000
----------------------------------------------------------
 Sub-region num.                     1
----------------------------------------------------------
 Length   [L]        0.15000E+03  0.15000E+03
 W-volume [L]        0.23882E+02  0.23882E+02
 In-flow  [L/T]     -0.10668E+00 -0.10668E+00
 h Mean   [L]       -0.32093E+03 -0.32093E+03
 Top Flux [L/T]      0.11844E-01
 Bot Flux [L/T]      0.00000E+00
 WatBalT  [L]        0.21160E-05
 WatBalR  [%]              0.001
----------------------------------------------------------

----------------------------------------------------------
 Time       [T]        4.0000
----------------------------------------------------------
 Sub-region num.                     1
----------------------------------------------------------
 Length   [L]        0.15000E+03  0.15000E+03
 W-volume [L]        0.23874E+02  0.23874E+02
 In-flow  [L/T]     -0.15989E-02 -0.15989E-02
 h Mean   [L]       -0.33409E+04 -0.33409E+04
 Top Flux [L/T]      0.15985E-02
 Bot Flux [L/T]      0.00000E+00
 WatBalT  [L]        0.20862E-06
 WatBalR  [%]              0.000
----------------------------------------------------------

----------------------------------------------------------
 Time       [T]        5.0000
----------------------------------------------------------
 Sub-region num.                     1
----------------------------------------------------------
 Length   [L]        0.15000E+03  0.15000E+03
 W-volume [L]        0.23873E+02  0.23873E+02
 In-flow  [L/T]     -0.14275E-02 -0.14275E-02
 h Mean   [L]       -0.33409E+04 -0.33409E+04
 Top Flux [L/T]      0.14271E-02
 Bot Flux [L/T]      0.24745E-12
 WatBalT  [L]        0.35763E-06
 WatBalR  [%]              0.000
----------------------------------------------------------

----------------------------------------------------------
 Time       [T]        6.0000
----------------------------------------------------------
 Sub-region num.                     1
----------------------------------------------------------
 Length   [L]        0.15000E+03  0.15000E+03
 W-volume [L]        0.23872E+02  0.23872E+02
 In-flow  [L/T]     -0.12746E-02 -0.12746E-02
 h Mean   [L]       -0.33409E+04 -0.33409E+04
 Top Flux [L/T]      0.12742E-02
 Bot Flux [L/T]      0.24744E-12
 WatBalT  [L]        0.81956E-06
 WatBalR  [%]              0.001
----------------------------------------------------------

----------------------------------------------------------
 Time       [T]        7.0000
----------------------------------------------------------
 Sub-region num.                     1
----------------------------------------------------------
 Length   [L]        0.15000E+03  0.15000E+03
 W-volume [L]        0.23870E+02  0.23870E+02
 In-flow  [L/T]     -0.11391E-02 -0.11391E-02
 h Mean   [L]       -0.33409E+04 -0.33409E+04
 Top Flux [L/T]      0.11388E-02
 Bot Flux [L/T]      0.24743E-12
 WatBalT  [L]       -0.26822E-06
 WatBalR  [%]              0.000
----------------------------------------------------------

----------------------------------------------------------
 Time       [T]        8.0000
----------------------------------------------------------
 Sub-region num.                     1
----------------------------------------------------------
 Length   [L]        0.15000E+03  0.15000E+03
 W-volume [L]        0.23869E+02  0.23869E+02
 In-flow  [L/T]     -0.10180E-02 -0.10180E-02
 h Mean   [L]       -0.33409E+04 -0.33409E+04
 Top Flux [L/T]      0.10179E-02
 Bot Flux [L/T]      0.24741E-12
 WatBalT  [L]        0.10431E-06
 WatBalR  [%]              0.000
----------------------------------------------------------

----------------------------------------------------------
 Time       [T]        9.0000
----------------------------------------------------------
 Sub-region num.                     1
----------------------------------------------------------
 Length   [L]        0.15000E+03  0.15000E+03
 W-volume [L]        0.23868E+02  0.23868E+02
 In-flow  [L/T]     -0.91010E-03 -0.91010E-03
 h Mean   [L]       -0.33409E+04 -0.33409E+04
 Top Flux [L/T]      0.90980E-03
 Bot Flux [L/T]      0.24740E-12
 WatBalT  [L]        0.18328E-05
 WatBalR  [%]              0.001
----------------------------------------------------------

----------------------------------------------------------
 Time       [T]       10.0000
----------------------------------------------------------
 Sub-region num.                     1
----------------------------------------------------------
 Length   [L]        0.15000E+03  0.15000E+03
 W-volume [L]        0.23868E+02  0.23868E+02
 In-flow  [L/T]     -0.81342E-03 -0.81342E-03
 h Mean   [L]       -0.33409E+04 -0.33409E+04
 Top Flux [L/T]      0.81324E-03
 Bot Flux [L/T]      0.24739E-12
 WatBalT  [L]        0.14752E-05
 WatBalR  [%]              0.001
----------------------------------------------------------

----------------------------------------------------------
 Time       [T]       11.0000
----------------------------------------------------------
 Sub-region num.                     1
----------------------------------------------------------
 Length   [L]        0.15000E+03  0.15000E+03
 W-volume [L]        0.23867E+02  0.23867E+02
 In-flow  [L/T]     -0.72718E-03 -0.72718E-03
 h Mean   [L]       -0.33409E+04 -0.33409E+04
 Top Flux [L/T]      0.72694E-03
 Bot Flux [L/T]      0.24738E-12
 WatBalT  [L]        0.19670E-05
 WatBalR  [%]              0.001
----------------------------------------------------------

----------------------------------------------------------
 Time       [T]       12.0000
----------------------------------------------------------
 Sub-region num.                     1
----------------------------------------------------------
 Length   [L]        0.15000E+03  0.15000E+03
 W-volume [L]        0.23866E+02  0.23866E+02
 In-flow  [L/T]     -0.65008E-03 -0.65008E-03
 h Mean   [L]       -0.33409E+04 -0.33409E+04
 Top Flux [L/T]      0.64982E-03
 Bot Flux [L/T]      0.24737E-12
 WatBalT  [L]        0.13113E-05
 WatBalR  [%]              0.001
----------------------------------------------------------

----------------------------------------------------------
 Time       [T]       13.0000
----------------------------------------------------------
 Sub-region num.                     1
----------------------------------------------------------
 Length   [L]        0.15000E+03  0.15000E+03
 W-volume [L]        0.23866E+02  0.23866E+02
 In-flow  [L/T]     -0.58120E-03 -0.58120E-03
 h Mean   [L]       -0.33409E+04 -0.33409E+04
 Top Flux [L/T]      0.58090E-03
 Bot Flux [L/T]      0.24736E-12
 WatBalT  [L]        0.32783E-06
 WatBalR  [%]              0.000
----------------------------------------------------------

----------------------------------------------------------
 Time       [T]       14.0000
----------------------------------------------------------
 Sub-region num.                     1
----------------------------------------------------------
 Length   [L]        0.15000E+03  0.15000E+03
 W-volume [L]        0.23865E+02  0.23865E+02
 In-flow  [L/T]     -0.51957E-03 -0.51957E-03
 h Mean   [L]       -0.33409E+04 -0.33409E+04
 Top Flux [L/T]      0.51932E-03
 Bot Flux [L/T]      0.24735E-12
 WatBalT  [L]        0.81956E-06
 WatBalR  [%]              0.001
----------------------------------------------------------

----------------------------------------------------------
 Time       [T]       15.0000
----------------------------------------------------------
 Sub-region num.                     1
----------------------------------------------------------
 Length   [L]        0.15000E+03  0.15000E+03
 W-volume [L]        0.23865E+02  0.23865E+02
 In-flow  [L/T]     -0.46450E-03 -0.46450E-03
 h Mean   [L]       -0.33409E+04 -0.33409E+04
 Top Flux [L/T]      0.46428E-03
 Bot Flux [L/T]     -0.24734E-12
 WatBalT  [L]        0.00000E+00
 WatBalR  [%]              0.000
----------------------------------------------------------

----------------------------------------------------------
 Time       [T]       16.0000
----------------------------------------------------------
 Sub-region num.                     1
----------------------------------------------------------
 Length   [L]        0.15000E+03  0.15000E+03
 W-volume [L]        0.23864E+02  0.23864E+02
 In-flow  [L/T]     -0.41533E-03 -0.41533E-03
 h Mean   [L]       -0.33409E+04 -0.33409E+04
 Top Flux [L/T]      0.41510E-03
 Bot Flux [L/T]      0.24732E-12
 WatBalT  [L]        0.19670E-05
 WatBalR  [%]              0.001
----------------------------------------------------------

----------------------------------------------------------
 Time       [T]       17.0000
----------------------------------------------------------
 Sub-region num.                     1
----------------------------------------------------------
 Length   [L]        0.15000E+03  0.15000E+03
 W-volume [L]        0.23864E+02  0.23864E+02
 In-flow  [L/T]     -0.37146E-03 -0.37146E-03
 h Mean   [L]       -0.33409E+04 -0.33409E+04
 Top Flux [L/T]      0.37115E-03
 Bot Flux [L/T]     -0.24731E-12
 WatBalT  [L]        0.68545E-06
 WatBalR  [%]              0.000
----------------------------------------------------------

----------------------------------------------------------
 Time       [T]       18.0000
----------------------------------------------------------
 Sub-region num.                     1
----------------------------------------------------------
 Length   [L]        0.15000E+03  0.15000E+03
 W-volume [L]        0.23863E+02  0.23863E+02
 In-flow  [L/T]     -0.33221E-03 -0.33221E-03
 h Mean   [L]       -0.33409E+04 -0.33409E+04
 Top Flux [L/T]      0.33188E-03
 Bot Flux [L/T]      0.24730E-12
 WatBalT  [L]        0.95367E-06
 WatBalR  [%]              0.001
----------------------------------------------------------

----------------------------------------------------------
 Time       [T]       19.0000
----------------------------------------------------------
 Sub-region num.                     1
----------------------------------------------------------
 Length   [L]        0.15000E+03  0.15000E+03
 W-volume [L]        0.23863E+02  0.23863E+02
 In-flow  [L/T]     -0.29713E-03 -0.29713E-03
 h Mean   [L]       -0.33409E+04 -0.33409E+04
 Top Flux [L/T]      0.29679E-03
 Bot Flux [L/T]      0.24729E-12
 WatBalT  [L]        0.13560E-05
 WatBalR  [%]              0.001
----------------------------------------------------------

----------------------------------------------------------
 Time       [T]       20.0000
----------------------------------------------------------
 Sub-region num.                     1
----------------------------------------------------------
 Length   [L]        0.15000E+03  0.15000E+03
 W-volume [L]        0.23863E+02  0.23863E+02
 In-flow  [L/T]     -0.26575E-03 -0.26575E-03
 h Mean   [L]       -0.33409E+04 -0.33409E+04
 Top Flux [L/T]      0.26542E-03
 Bot Flux [L/T]      0.24728E-12
 WatBalT  [L]        0.00000E+00
 WatBalR  [%]              0.000
----------------------------------------------------------

----------------------------------------------------------
 Time       [T]       21.0000
----------------------------------------------------------
 Sub-region num.                     1
----------------------------------------------------------
 Length   [L]        0.15000E+03  0.15000E+03
 W-volume [L]        0.23863E+02  0.23863E+02
 In-flow  [L/T]     -0.23758E-03 -0.23758E-03
 h Mean   [L]       -0.33409E+04 -0.33409E+04
 Top Flux [L/T]      0.23740E-03
 Bot Flux [L/T]     -0.24727E-12
 WatBalT  [L]        0.34273E-06
 WatBalR  [%]              0.000
----------------------------------------------------------

----------------------------------------------------------
 Time       [T]       22.0000
----------------------------------------------------------
 Sub-region num.                     1
----------------------------------------------------------
 Length   [L]        0.15000E+03  0.15000E+03
 W-volume [L]        0.23862E+02  0.23862E+02
 In-flow  [L/T]     -0.21261E-03 -0.21261E-03
 h Mean   [L]       -0.33409E+04 -0.33409E+04
 Top Flux [L/T]      0.21235E-03
 Bot Flux [L/T]      0.24726E-12
 WatBalT  [L]       -0.29802E-06
 WatBalR  [%]              0.000
----------------------------------------------------------

----------------------------------------------------------
 Time       [T]       23.0000
----------------------------------------------------------
 Sub-region num.                     1
----------------------------------------------------------
 Length   [L]        0.15000E+03  0.15000E+03
 W-volume [L]        0.23862E+02  0.23862E+02
 In-flow  [L/T]     -0.19014E-03 -0.19014E-03
 h Mean   [L]       -0.33409E+04 -0.33409E+04
 Top Flux [L/T]      0.18997E-03
 Bot Flux [L/T]      0.24725E-12
 WatBalT  [L]        0.81956E-06
 WatBalR  [%]              0.001
----------------------------------------------------------

----------------------------------------------------------
 Time       [T]       24.0000
----------------------------------------------------------
 Sub-region num.                     1
----------------------------------------------------------
 Length   [L]        0.15000E+03  0.15000E+03
 W-volume [L]        0.23862E+02  0.23862E+02
 In-flow  [L/T]     -0.17020E-03 -0.17020E-03
 h Mean   [L]       -0.33409E+04 -0.33409E+04
 Top Flux [L/T]      0.16997E-03
 Bot Flux [L/T]      0.24723E-12
 WatBalT  [L]        0.23395E-05
 WatBalR  [%]              0.001
----------------------------------------------------------

----------------------------------------------------------
 Time       [T]       25.0000
----------------------------------------------------------
 Sub-region num.                     1
----------------------------------------------------------
 Length   [L]        0.15000E+03  0.15000E+03
 W-volume [L]        0.23862E+02  0.23862E+02
 In-flow  [L/T]     -0.15238E-03 -0.15238E-03
 h Mean   [L]       -0.33409E+04 -0.33409E+04
 Top Flux [L/T]      0.15210E-03
 Bot Flux [L/T]     -0.24722E-12
 WatBalT  [L]        0.74506E-06
 WatBalR  [%]              0.000
----------------------------------------------------------

----------------------------------------------------------
 Time       [T]       26.0000
----------------------------------------------------------
 Sub-region num.                     1
----------------------------------------------------------
 Length   [L]        0.15000E+03  0.15000E+03
 W-volume [L]        0.23862E+02  0.23862E+02
 In-flow  [L/T]     -0.13632E-03 -0.13632E-03
 h Mean   [L]       -0.33409E+04 -0.33409E+04
 Top Flux [L/T]      0.13613E-03
 Bot Flux [L/T]     -0.24721E-12
 WatBalT  [L]        0.17881E-05
 WatBalR  [%]              0.001
----------------------------------------------------------

----------------------------------------------------------
 Time       [T]       27.0000
----------------------------------------------------------
 Sub-region num.                     1
----------------------------------------------------------
 Length   [L]        0.15000E+03  0.15000E+03
 W-volume [L]        0.23862E+02  0.23862E+02
 In-flow  [L/T]     -0.12210E-03 -0.12210E-03
 h Mean   [L]       -0.33409E+04 -0.33409E+04
 Top Flux [L/T]      0.12186E-03
 Bot Flux [L/T]     -0.24720E-12
 WatBalT  [L]        0.14901E-05
 WatBalR  [%]              0.001
----------------------------------------------------------

----------------------------------------------------------
 Time       [T]       28.0000
----------------------------------------------------------
 Sub-region num.                     1
----------------------------------------------------------
 Length   [L]        0.15000E+03  0.15000E+03
 W-volume [L]        0.23861E+02  0.23861E+02
 In-flow  [L/T]     -0.10934E-03 -0.10934E-03
 h Mean   [L]       -0.33409E+04 -0.33409E+04
 Top Flux [L/T]      0.10910E-03
 Bot Flux [L/T]     -0.24719E-12
 WatBalT  [L]        0.14305E-05
 WatBalR  [%]              0.001
----------------------------------------------------------

----------------------------------------------------------
 Time       [T]       29.0000
----------------------------------------------------------
 Sub-region num.                     1
----------------------------------------------------------
 Length   [L]        0.15000E+03  0.15000E+03
 W-volume [L]        0.23861E+02  0.23861E+02
 In-flow  [L/T]     -0.97901E-04 -0.97901E-04
 h Mean   [L]       -0.33409E+04 -0.33409E+04
 Top Flux [L/T]      0.97704E-04
 Bot Flux [L/T]     -0.24718E-12
 WatBalT  [L]        0.10729E-05
 WatBalR  [%]              0.001
----------------------------------------------------------

----------------------------------------------------------
 Time       [T]       30.0000
----------------------------------------------------------
 Sub-region num.                     1
----------------------------------------------------------
 Length   [L]        0.15000E+03  0.15000E+03
 W-volume [L]        0.23861E+02  0.23861E+02
 In-flow  [L/T]     -0.87798E-04 -0.87798E-04
 h Mean   [L]       -0.33409E+04 -0.33409E+04
 Top Flux [L/T]      0.87520E-04
 Bot Flux [L/T]     -0.24717E-12
 WatBalT  [L]       -0.20862E-06
 WatBalR  [%]              0.000
----------------------------------------------------------

----------------------------------------------------------
 Time       [T]       31.0000
----------------------------------------------------------
 Sub-region num.                     1
----------------------------------------------------------
 Length   [L]        0.15000E+03  0.15000E+03
 W-volume [L]        0.23861E+02  0.23861E+02
 In-flow  [L/T]     -0.78648E-04 -0.78648E-04
 h Mean   [L]       -0.33409E+04 -0.33409E+04
 Top Flux [L/T]      0.78420E-04
 Bot Flux [L/T]     -0.24716E-12
 WatBalT  [L]        0.24885E-05
 WatBalR  [%]              0.002
----------------------------------------------------------

----------------------------------------------------------
 Time       [T]       32.0000
----------------------------------------------------------
 Sub-region num.                     1
----------------------------------------------------------
 Length   [L]        0.15000E+03  0.15000E+03
 W-volume [L]        0.23861E+02  0.23861E+02
 In-flow  [L/T]     -0.70542E-04 -0.70542E-04
 h Mean   [L]       -0.33409E+04 -0.33409E+04
 Top Flux [L/T]      0.70290E-04
 Bot Flux [L/T]     -0.24715E-12
 WatBalT  [L]        0.25481E-05
 WatBalR  [%]              0.002
----------------------------------------------------------

----------------------------------------------------------
 Time       [T]       33.0000
----------------------------------------------------------
 Sub-region num.                     1
----------------------------------------------------------
 Length   [L]        0.15000E+03  0.15000E+03
 W-volume [L]        0.23861E+02  0.23861E+02
 In-flow  [L/T]     -0.63330E-04 -0.63330E-04
 h Mean   [L]       -0.33409E+04 -0.33409E+04
 Top Flux [L/T]      0.63022E-04
 Bot Flux [L/T]     -0.24713E-12
 WatBalT  [L]        0.84937E-06
 WatBalR  [%]              0.001
----------------------------------------------------------

----------------------------------------------------------
 Time       [T]       34.0000
----------------------------------------------------------
 Sub-region num.                     1
----------------------------------------------------------
 Length   [L]        0.15000E+03  0.15000E+03
 W-volume [L]        0.23861E+02  0.23861E+02
 In-flow  [L/T]     -0.56803E-04 -0.56803E-04
 h Mean   [L]       -0.33409E+04 -0.33409E+04
 Top Flux [L/T]      0.56526E-04
 Bot Flux [L/T]     -0.24712E-12
 WatBalT  [L]        0.20117E-05
 WatBalR  [%]              0.001
----------------------------------------------------------

----------------------------------------------------------
 Time       [T]       35.0000
----------------------------------------------------------
 Sub-region num.                     1
----------------------------------------------------------
 Length   [L]        0.15000E+03  0.15000E+03
 W-volume [L]        0.23861E+02  0.23861E+02
 In-flow  [L/T]     -0.50992E-04 -0.50992E-04
 h Mean   [L]       -0.33409E+04 -0.33409E+04
 Top Flux [L/T]      0.50723E-04
 Bot Flux [L/T]     -0.24711E-12
 WatBalT  [L]       -0.89407E-06
 WatBalR  [%]              0.001
----------------------------------------------------------

----------------------------------------------------------
 Time       [T]       36.0000
----------------------------------------------------------
 Sub-region num.                     1
----------------------------------------------------------
 Length   [L]        0.15000E+03  0.15000E+03
 W-volume [L]        0.23861E+02  0.23861E+02
 In-flow  [L/T]     -0.45747E-04 -0.45747E-04
 h Mean   [L]       -0.33409E+04 -0.33409E+04
 Top Flux [L/T]      0.45534E-04
 Bot Flux [L/T]     -0.24710E-12
 WatBalT  [L]        0.38743E-06
 WatBalR  [%]              0.000
----------------------------------------------------------

----------------------------------------------------------
 Time       [T]       37.0000
----------------------------------------------------------
 Sub-region num.                     1
----------------------------------------------------------
 Length   [L]        0.15000E+03  0.15000E+03
 W-volume [L]        0.23861E+02  0.23861E+02
 In-flow  [L/T]     -0.41187E-04 -0.41187E-04
 h Mean   [L]       -0.33409E+04 -0.33409E+04
 Top Flux [L/T]      0.40902E-04
 Bot Flux [L/T]     -0.24709E-12
 WatBalT  [L]        0.71526E-06
 WatBalR  [%]              0.000
----------------------------------------------------------

----------------------------------------------------------
 Time       [T]       38.0000
----------------------------------------------------------
 Sub-region num.                     1
----------------------------------------------------------
 Length   [L]        0.15000E+03  0.15000E+03
 W-volume [L]        0.23861E+02  0.23861E+02
 In-flow  [L/T]     -0.37014E-04 -0.37014E-04
 h Mean   [L]       -0.33409E+04 -0.33409E+04
 Top Flux [L/T]      0.36759E-04
 Bot Flux [L/T]     -0.24708E-12
 WatBalT  [L]        0.25034E-05
 WatBalR  [%]              0.002
----------------------------------------------------------

----------------------------------------------------------
 Time       [T]       39.0000
----------------------------------------------------------
 Sub-region num.                     1
----------------------------------------------------------
 Length   [L]        0.15000E+03  0.15000E+03
 W-volume [L]        0.23861E+02  0.23861E+02
 In-flow  [L/T]     -0.33319E-04 -0.33319E-04
 h Mean   [L]       -0.33409E+04 -0.33409E+04
 Top Flux [L/T]      0.33057E-04
 Bot Flux [L/T]     -0.24707E-12
 WatBalT  [L]        0.23991E-05
 WatBalR  [%]              0.001
----------------------------------------------------------

----------------------------------------------------------
 Time       [T]       40.0000
----------------------------------------------------------
 Sub-region num.                     1
----------------------------------------------------------
 Length   [L]        0.15000E+03  0.15000E+03
 W-volume [L]        0.23861E+02  0.23861E+02
 In-flow  [L/T]     -0.29981E-04 -0.29981E-04
 h Mean   [L]       -0.33409E+04 -0.33409E+04
 Top Flux [L/T]      0.29751E-04
 Bot Flux [L/T]     -0.24706E-12
 WatBalT  [L]        0.26971E-05
 WatBalR  [%]              0.002
----------------------------------------------------------

----------------------------------------------------------
 Time       [T]       41.0000
----------------------------------------------------------
 Sub-region num.                     1
----------------------------------------------------------
 Length   [L]        0.15000E+03  0.15000E+03
 W-volume [L]        0.23861E+02  0.23861E+02
 In-flow  [L/T]     -0.27031E-04 -0.27031E-04
 h Mean   [L]       -0.33409E+04 -0.33409E+04
 Top Flux [L/T]      0.26797E-04
 Bot Flux [L/T]     -0.24704E-12
 WatBalT  [L]        0.18626E-05
 WatBalR  [%]              0.001
----------------------------------------------------------

----------------------------------------------------------
 Time       [T]       42.0000
----------------------------------------------------------
 Sub-region num.                     1
----------------------------------------------------------
 Length   [L]        0.15000E+03  0.15000E+03
 W-volume [L]        0.23861E+02  0.23861E+02
 In-flow  [L/T]     -0.24348E-04 -0.24348E-04
 h Mean   [L]       -0.33409E+04 -0.33409E+04
 Top Flux [L/T]      0.24156E-04
 Bot Flux [L/T]     -0.24703E-12
 WatBalT  [L]        0.23842E-06
 WatBalR  [%]              0.000
----------------------------------------------------------

----------------------------------------------------------
 Time       [T]       43.0000
----------------------------------------------------------
 Sub-region num.                     1
----------------------------------------------------------
 Length   [L]        0.15000E+03  0.15000E+03
 W-volume [L]        0.23861E+02  0.23861E+02
 In-flow  [L/T]     -0.22024E-04 -0.22024E-04
 h Mean   [L]       -0.33409E+04 -0.33409E+04
 Top Flux [L/T]      0.21793E-04
 Bot Flux [L/T]     -0.24702E-12
 WatBalT  [L]        0.18924E-05
 WatBalR  [%]              0.001
----------------------------------------------------------

----------------------------------------------------------
 Time       [T]       44.0000
----------------------------------------------------------
 Sub-region num.                     1
----------------------------------------------------------
 Length   [L]        0.15000E+03  0.15000E+03
 W-volume [L]        0.23861E+02  0.23861E+02
 In-flow  [L/T]     -0.19878E-04 -0.19878E-04
 h Mean   [L]       -0.33409E+04 -0.33409E+04
 Top Flux [L/T]      0.19682E-04
 Bot Flux [L/T]     -0.24701E-12
 WatBalT  [L]        0.13709E-05
 WatBalR  [%]              0.001
----------------------------------------------------------

----------------------------------------------------------
 Time       [T]       45.0000
----------------------------------------------------------
 Sub-region num.                     1
----------------------------------------------------------
 Length   [L]        0.15000E+03  0.15000E+03
 W-volume [L]        0.23861E+02  0.23861E+02
 In-flow  [L/T]     -0.18060E-04 -0.18060E-04
 h Mean   [L]       -0.33409E+04 -0.33409E+04
 Top Flux [L/T]      0.17799E-04
 Bot Flux [L/T]     -0.24700E-12
 WatBalT  [L]        0.27269E-05
 WatBalR  [%]              0.002
----------------------------------------------------------

----------------------------------------------------------
 Time       [T]       46.0000
----------------------------------------------------------
 Sub-region num.                     1
----------------------------------------------------------
 Length   [L]        0.15000E+03  0.15000E+03
 W-volume [L]        0.23861E+02  0.23861E+02
 In-flow  [L/T]     -0.16332E-04 -0.16332E-04
 h Mean   [L]       -0.33409E+04 -0.33409E+04
 Top Flux [L/T]      0.16115E-04
 Bot Flux [L/T]     -0.24699E-12
 WatBalT  [L]        0.23544E-05
 WatBalR  [%]              0.001
----------------------------------------------------------

----------------------------------------------------------
 Time       [T]       47.0000
----------------------------------------------------------
 Sub-region num.                     1
----------------------------------------------------------
 Length   [L]        0.15000E+03  0.15000E+03
 W-volume [L]        0.23861E+02  0.23861E+02
 In-flow  [L/T]     -0.14782E-04 -0.14782E-04
 h Mean   [L]       -0.33409E+04 -0.33409E+04
 Top Flux [L/T]      0.14607E-04
 Bot Flux [L/T]     -0.24698E-12
 WatBalT  [L]        0.23395E-05
 WatBalR  [%]              0.001
----------------------------------------------------------

----------------------------------------------------------
 Time       [T]       48.0000
----------------------------------------------------------
 Sub-region num.                     1
----------------------------------------------------------
 Length   [L]        0.15000E+03  0.15000E+03
 W-volume [L]        0.23861E+02  0.23861E+02
 In-flow  [L/T]     -0.13471E-04 -0.13471E-04
 h Mean   [L]       -0.33409E+04 -0.33409E+04
 Top Flux [L/T]      0.13263E-04
 Bot Flux [L/T]     -0.24697E-12
 WatBalT  [L]        0.28461E-05
 WatBalR  [%]              0.002
----------------------------------------------------------

----------------------------------------------------------
 Time       [T]       49.0000
----------------------------------------------------------
 Sub-region num.                     1
----------------------------------------------------------
 Length   [L]        0.15000E+03  0.15000E+03
 W-volume [L]        0.23861E+02  0.23861E+02
 In-flow  [L/T]     -0.12279E-04 -0.12279E-04
 h Mean   [L]       -0.33409E+04 -0.33409E+04
 Top Flux [L/T]      0.12061E-04
 Bot Flux [L/T]     -0.24696E-12
 WatBalT  [L]        0.20862E-06
 WatBalR  [%]              0.000
----------------------------------------------------------

----------------------------------------------------------
 Time       [T]       50.0000
----------------------------------------------------------
 Sub-region num.                     1
----------------------------------------------------------
 Length   [L]        0.15000E+03  0.15000E+03
 W-volume [L]        0.23861E+02  0.23861E+02
 In-flow  [L/T]     -0.11265E-04 -0.11265E-04
 h Mean   [L]       -0.33409E+04 -0.33409E+04
 Top Flux [L/T]      0.10987E-04
 Bot Flux [L/T]     -0.24694E-12
 WatBalT  [L]        0.21905E-05
 WatBalR  [%]              0.001
----------------------------------------------------------

----------------------------------------------------------
 Time       [T]       51.0000
----------------------------------------------------------
 Sub-region num.                     1
----------------------------------------------------------
 Length   [L]        0.15000E+03  0.15000E+03
 W-volume [L]        0.23861E+02  0.23861E+02
 In-flow  [L/T]     -0.10222E-04 -0.10222E-04
 h Mean   [L]       -0.33409E+04 -0.33409E+04
 Top Flux [L/T]      0.10022E-04
 Bot Flux [L/T]     -0.24693E-12
 WatBalT  [L]        0.12666E-05
 WatBalR  [%]              0.001
----------------------------------------------------------

----------------------------------------------------------
 Time       [T]       52.0000
----------------------------------------------------------
 Sub-region num.                     1
----------------------------------------------------------
 Length   [L]        0.15000E+03  0.15000E+03
 W-volume [L]        0.23861E+02  0.23861E+02
 In-flow  [L/T]     -0.93877E-05 -0.93877E-05
 h Mean   [L]       -0.33409E+04 -0.33409E+04
 Top Flux [L/T]      0.91682E-05
 Bot Flux [L/T]     -0.24692E-12
 WatBalT  [L]        0.32932E-05
 WatBalR  [%]              0.002
----------------------------------------------------------

----------------------------------------------------------
 Time       [T]       53.0000
----------------------------------------------------------
 Sub-region num.                     1
----------------------------------------------------------
 Length   [L]        0.15000E+03  0.15000E+03
 W-volume [L]        0.23861E+02  0.23861E+02
 In-flow  [L/T]     -0.86427E-05 -0.86427E-05
 h Mean   [L]       -0.33409E+04 -0.33409E+04
 Top Flux [L/T]      0.84000E-05
 Bot Flux [L/T]     -0.24691E-12
 WatBalT  [L]        0.26077E-05
 WatBalR  [%]              0.002
----------------------------------------------------------

----------------------------------------------------------
 Time       [T]       54.0000
----------------------------------------------------------
 Sub-region num.                     1
----------------------------------------------------------
 Length   [L]        0.15000E+03  0.15000E+03
 W-volume [L]        0.23861E+02  0.23861E+02
 In-flow  [L/T]     -0.79572E-05 -0.79572E-05
 h Mean   [L]       -0.33409E+04 -0.33409E+04
 Top Flux [L/T]      0.77162E-05
 Bot Flux [L/T]     -0.24690E-12
 WatBalT  [L]        0.31292E-05
 WatBalR  [%]              0.002
----------------------------------------------------------

----------------------------------------------------------
 Time       [T]       55.0000
----------------------------------------------------------
 Sub-region num.                     1
----------------------------------------------------------
 Length   [L]        0.15000E+03  0.15000E+03
 W-volume [L]        0.23860E+02  0.23860E+02
 In-flow  [L/T]     -0.73314E-05 -0.73314E-05
 h Mean   [L]       -0.33409E+04 -0.33409E+04
 Top Flux [L/T]      0.71014E-05
 Bot Flux [L/T]     -0.24689E-12
 WatBalT  [L]        0.30100E-05
 WatBalR  [%]              0.002
----------------------------------------------------------

----------------------------------------------------------
 Time       [T]       56.0000
----------------------------------------------------------
 Sub-region num.                     1
----------------------------------------------------------
 Length   [L]        0.15000E+03  0.15000E+03
 W-volume [L]        0.23860E+02  0.23860E+02
 In-flow  [L/T]     -0.67651E-05 -0.67651E-05
 h Mean   [L]       -0.33409E+04 -0.33409E+04
 Top Flux [L/T]      0.65563E-05
 Bot Flux [L/T]     -0.24688E-12
 WatBalT  [L]        0.43213E-06
 WatBalR  [%]              0.000
----------------------------------------------------------

----------------------------------------------------------
 Time       [T]       57.0000
----------------------------------------------------------
 Sub-region num.                     1
----------------------------------------------------------
 Length   [L]        0.15000E+03  0.15000E+03
 W-volume [L]        0.23860E+02  0.23860E+02
 In-flow  [L/T]     -0.62883E-05 -0.62883E-05
 h Mean   [L]       -0.33409E+04 -0.33409E+04
 Top Flux [L/T]      0.60666E-05
 Bot Flux [L/T]     -0.24686E-12
 WatBalT  [L]        0.11772E-05
 WatBalR  [%]              0.001
----------------------------------------------------------

----------------------------------------------------------
 Time       [T]       58.0000
----------------------------------------------------------
 Sub-region num.                     1
----------------------------------------------------------
 Length   [L]        0.15000E+03  0.15000E+03
 W-volume [L]        0.23860E+02  0.23860E+02
 In-flow  [L/T]     -0.58413E-05 -0.58413E-05
 h Mean   [L]       -0.33409E+04 -0.33409E+04
 Top Flux [L/T]      0.56317E-05
 Bot Flux [L/T]     -0.24685E-12
 WatBalT  [L]        0.14603E-05
 WatBalR  [%]              0.001
----------------------------------------------------------

----------------------------------------------------------
 Time       [T]       59.0000
----------------------------------------------------------
 Sub-region num.                     1
----------------------------------------------------------
 Length   [L]        0.15000E+03  0.15000E+03
 W-volume [L]        0.23860E+02  0.23860E+02
 In-flow  [L/T]     -0.54538E-05 -0.54538E-05
 h Mean   [L]       -0.33409E+04 -0.33409E+04
 Top Flux [L/T]      0.52375E-05
 Bot Flux [L/T]     -0.24684E-12
 WatBalT  [L]        0.32485E-05
 WatBalR  [%]              0.002
----------------------------------------------------------

----------------------------------------------------------
 Time       [T]       60.0000
----------------------------------------------------------
 Sub-region num.                     1
----------------------------------------------------------
 Length   [L]        0.15000E+03  0.15000E+03
 W-volume [L]        0.23860E+02  0.23860E+02
 In-flow  [L/T]     -0.51558E-05 -0.51558E-05
 h Mean   [L]       -0.33409E+04 -0.33409E+04
 Top Flux [L/T]      0.48904E-05
 Bot Flux [L/T]     -0.24683E-12
 WatBalT  [L]        0.27716E-05
 WatBalR  [%]              0.002
----------------------------------------------------------

----------------------------------------------------------
 Time       [T]       61.0000
----------------------------------------------------------
 Sub-region num.                     1
----------------------------------------------------------
 Length   [L]        0.15000E+03  0.15000E+03
 W-volume [L]        0.23860E+02  0.23860E+02
 In-flow  [L/T]     -0.47684E-05 -0.47684E-05
 h Mean   [L]       -0.33409E+04 -0.33409E+04
 Top Flux [L/T]      0.45793E-05
 Bot Flux [L/T]     -0.24682E-12
 WatBalT  [L]        0.19819E-05
 WatBalR  [%]              0.001
----------------------------------------------------------

----------------------------------------------------------
 Time       [T]       62.0000
----------------------------------------------------------
 Sub-region num.                     1
----------------------------------------------------------
 Length   [L]        0.15000E+03  0.15000E+03
 W-volume [L]        0.23860E+02  0.23860E+02
 In-flow  [L/T]     -0.45002E-05 -0.45002E-05
 h Mean   [L]       -0.33409E+04 -0.33409E+04
 Top Flux [L/T]      0.42966E-05
 Bot Flux [L/T]     -0.24681E-12
 WatBalT  [L]        0.28014E-05
 WatBalR  [%]              0.002
----------------------------------------------------------

----------------------------------------------------------
 Time       [T]       63.0000
----------------------------------------------------------
 Sub-region num.                     1
----------------------------------------------------------
 Length   [L]        0.15000E+03  0.15000E+03
 W-volume [L]        0.23860E+02  0.23860E+02
 In-flow  [L/T]     -0.42617E-05 -0.42617E-05
 h Mean   [L]       -0.33409E+04 -0.33409E+04
 Top Flux [L/T]      0.40491E-05
 Bot Flux [L/T]     -0.24680E-12
 WatBalT  [L]        0.33677E-05
 WatBalR  [%]              0.002
----------------------------------------------------------

----------------------------------------------------------
 Time       [T]       64.0000
----------------------------------------------------------
 Sub-region num.                     1
----------------------------------------------------------
 Length   [L]        0.15000E+03  0.15000E+03
 W-volume [L]        0.23860E+02  0.23860E+02
 In-flow  [L/T]     -0.40531E-05 -0.40531E-05
 h Mean   [L]       -0.33409E+04 -0.33409E+04
 Top Flux [L/T]      0.38280E-05
 Bot Flux [L/T]     -0.24679E-12
 WatBalT  [L]        0.17881E-05
 WatBalR  [%]              0.001
----------------------------------------------------------

----------------------------------------------------------
 Time       [T]       65.0000
----------------------------------------------------------
 Sub-region num.                     1
----------------------------------------------------------
 Length   [L]        0.15000E+03  0.15000E+03
 W-volume [L]        0.23860E+02  0.23860E+02
 In-flow  [L/T]     -0.38147E-05 -0.38147E-05
 h Mean   [L]       -0.33409E+04 -0.33409E+04
 Top Flux [L/T]      0.36277E-05
 Bot Flux [L/T]     -0.24678E-12
 WatBalT  [L]        0.19222E-05
 WatBalR  [%]              0.001
----------------------------------------------------------

----------------------------------------------------------
 Time       [T]       66.0000
----------------------------------------------------------
 Sub-region num.                     1
----------------------------------------------------------
 Length   [L]        0.15000E+03  0.15000E+03
 W-volume [L]        0.23860E+02  0.23860E+02
 In-flow  [L/T]     -0.36657E-05 -0.36657E-05
 h Mean   [L]       -0.33409E+04 -0.33409E+04
 Top Flux [L/T]      0.34485E-05
 Bot Flux [L/T]     -0.24676E-12
 WatBalT  [L]        0.37849E-05
 WatBalR  [%]              0.002
----------------------------------------------------------

----------------------------------------------------------
 Time       [T]       67.0000
----------------------------------------------------------
 Sub-region num.                     1
----------------------------------------------------------
 Length   [L]        0.15000E+03  0.15000E+03
 W-volume [L]        0.23860E+02  0.23860E+02
 In-flow  [L/T]     -0.34571E-05 -0.34571E-05
 h Mean   [L]       -0.33409E+04 -0.33409E+04
 Top Flux [L/T]      0.32868E-05
 Bot Flux [L/T]     -0.24675E-12
 WatBalT  [L]        0.35614E-05
 WatBalR  [%]              0.002
----------------------------------------------------------

----------------------------------------------------------
 Time       [T]       68.0000
----------------------------------------------------------
 Sub-region num.                     1
----------------------------------------------------------
 Length   [L]        0.15000E+03  0.15000E+03
 W-volume [L]        0.23860E+02  0.23860E+02
 In-flow  [L/T]     -0.33379E-05 -0.33379E-05
 h Mean   [L]       -0.33409E+04 -0.33409E+04
 Top Flux [L/T]      0.31495E-05
 Bot Flux [L/T]     -0.24674E-12
 WatBalT  [L]        0.32037E-05
 WatBalR  [%]              0.002
----------------------------------------------------------

----------------------------------------------------------
 Time       [T]       69.0000
----------------------------------------------------------
 Sub-region num.                     1
----------------------------------------------------------
 Length   [L]        0.15000E+03  0.15000E+03
 W-volume [L]        0.23860E+02  0.23860E+02
 In-flow  [L/T]     -0.32783E-05 -0.32783E-05
 h Mean   [L]       -0.33409E+04 -0.33409E+04
 Top Flux [L/T]      0.30191E-05
 Bot Flux [L/T]     -0.24673E-12
 WatBalT  [L]        0.26971E-05
 WatBalR  [%]              0.002
----------------------------------------------------------

----------------------------------------------------------
 Time       [T]       70.0000
----------------------------------------------------------
 Sub-region num.                     1
----------------------------------------------------------
 Length   [L]        0.15000E+03  0.15000E+03
 W-volume [L]        0.23860E+02  0.23860E+02
 In-flow  [L/T]     -0.31590E-05 -0.31590E-05
 h Mean   [L]       -0.33409E+04 -0.33409E+04
 Top Flux [L/T]      0.29075E-05
 Bot Flux [L/T]     -0.24672E-12
 WatBalT  [L]        0.20862E-05
 WatBalR  [%]              0.001
----------------------------------------------------------

----------------------------------------------------------
 Time       [T]       71.0000
----------------------------------------------------------
 Sub-region num.                     1
----------------------------------------------------------
 Length   [L]        0.15000E+03  0.15000E+03
 W-volume [L]        0.23860E+02  0.23860E+02
 In-flow  [L/T]     -0.29802E-05 -0.29802E-05
 h Mean   [L]       -0.33409E+04 -0.33409E+04
 Top Flux [L/T]      0.28074E-05
 Bot Flux [L/T]     -0.24671E-12
 WatBalT  [L]        0.32783E-05
 WatBalR  [%]              0.002
----------------------------------------------------------

----------------------------------------------------------
 Time       [T]       72.0000
----------------------------------------------------------
 Sub-region num.                     1
----------------------------------------------------------
 Length   [L]        0.15000E+03  0.15000E+03
 W-volume [L]        0.23860E+02  0.23860E+02
 In-flow  [L/T]     -0.30100E-05 -0.30100E-05
 h Mean   [L]       -0.33409E+04 -0.33409E+04
 Top Flux [L/T]      0.27153E-05
 Bot Flux [L/T]     -0.24670E-12
 WatBalT  [L]        0.24736E-05
 WatBalR  [%]              0.002
----------------------------------------------------------

----------------------------------------------------------
 Time       [T]       73.0000
----------------------------------------------------------
 Sub-region num.                     1
----------------------------------------------------------
 Length   [L]        0.15000E+03  0.15000E+03
 W-volume [L]        0.23860E+02  0.23860E+02
 In-flow  [L/T]     -0.28610E-05 -0.28610E-05
 h Mean   [L]       -0.33409E+04 -0.33409E+04
 Top Flux [L/T]      0.26383E-05
 Bot Flux [L/T]     -0.24669E-12
 WatBalT  [L]        0.35018E-05
 WatBalR  [%]              0.002
----------------------------------------------------------

----------------------------------------------------------
 Time       [T]       74.0000
----------------------------------------------------------
 Sub-region num.                     1
----------------------------------------------------------
 Length   [L]        0.15000E+03  0.15000E+03
 W-volume [L]        0.23860E+02  0.23860E+02
 In-flow  [L/T]     -0.29206E-05 -0.29206E-05
 h Mean   [L]       -0.33409E+04 -0.33409E+04
 Top Flux [L/T]      0.26382E-05
 Bot Flux [L/T]     -0.24667E-12
 WatBalT  [L]        0.45151E-05
 WatBalR  [%]              0.003
----------------------------------------------------------

----------------------------------------------------------
 Time       [T]       75.0000
----------------------------------------------------------
 Sub-region num.                     1
----------------------------------------------------------
 Length   [L]        0.15000E+03  0.15000E+03
 W-volume [L]        0.23860E+02  0.23860E+02
 In-flow  [L/T]     -0.28610E-05 -0.28610E-05
 h Mean   [L]       -0.33409E+04 -0.33409E+04
 Top Flux [L/T]      0.26381E-05
 Bot Flux [L/T]     -0.24666E-12
 WatBalT  [L]        0.36210E-05
 WatBalR  [%]              0.002
----------------------------------------------------------

----------------------------------------------------------
 Time       [T]       76.0000
----------------------------------------------------------
 Sub-region num.                     1
----------------------------------------------------------
 Length   [L]        0.15000E+03  0.15000E+03
 W-volume [L]        0.23860E+02  0.23860E+02
 In-flow  [L/T]     -0.29206E-05 -0.29206E-05
 h Mean   [L]       -0.33409E+04 -0.33409E+04
 Top Flux [L/T]      0.26380E-05
 Bot Flux [L/T]     -0.24665E-12
 WatBalT  [L]        0.27269E-05
 WatBalR  [%]              0.002
----------------------------------------------------------

----------------------------------------------------------
 Time       [T]       77.0000
----------------------------------------------------------
 Sub-region num.                     1
----------------------------------------------------------
 Length   [L]        0.15000E+03  0.15000E+03
 W-volume [L]        0.23860E+02  0.23860E+02
 In-flow  [L/T]     -0.28610E-05 -0.28610E-05
 h Mean   [L]       -0.33409E+04 -0.33409E+04
 Top Flux [L/T]      0.26379E-05
 Bot Flux [L/T]     -0.24664E-12
 WatBalT  [L]        0.37402E-05
 WatBalR  [%]              0.002
----------------------------------------------------------

----------------------------------------------------------
 Time       [T]       78.0000
----------------------------------------------------------
 Sub-region num.                     1
----------------------------------------------------------
 Length   [L]        0.15000E+03  0.15000E+03
 W-volume [L]        0.23860E+02  0.23860E+02
 In-flow  [L/T]     -0.29206E-05 -0.29206E-05
 h Mean   [L]       -0.33409E+04 -0.33409E+04
 Top Flux [L/T]      0.26378E-05
 Bot Flux [L/T]     -0.24663E-12
 WatBalT  [L]        0.28461E-05
 WatBalR  [%]              0.002
----------------------------------------------------------

----------------------------------------------------------
 Time       [T]       79.0000
----------------------------------------------------------
 Sub-region num.                     1
----------------------------------------------------------
 Length   [L]        0.15000E+03  0.15000E+03
 W-volume [L]        0.23860E+02  0.23860E+02
 In-flow  [L/T]     -0.29802E-05 -0.29802E-05
 h Mean   [L]       -0.33409E+04 -0.33409E+04
 Top Flux [L/T]      0.26377E-05
 Bot Flux [L/T]     -0.24662E-12
 WatBalT  [L]        0.19521E-05
 WatBalR  [%]              0.001
----------------------------------------------------------

----------------------------------------------------------
 Time       [T]       80.0000
----------------------------------------------------------
 Sub-region num.                     1
----------------------------------------------------------
 Length   [L]        0.15000E+03  0.15000E+03
 W-volume [L]        0.23860E+02  0.23860E+02
 In-flow  [L/T]     -0.29206E-05 -0.29206E-05
 h Mean   [L]       -0.33409E+04 -0.33409E+04
 Top Flux [L/T]      0.26376E-05
 Bot Flux [L/T]     -0.24661E-12
 WatBalT  [L]        0.48727E-05
 WatBalR  [%]              0.003
----------------------------------------------------------

----------------------------------------------------------
 Time       [T]       81.0000
----------------------------------------------------------
 Sub-region num.                     1
----------------------------------------------------------
 Length   [L]        0.15000E+03  0.15000E+03
 W-volume [L]        0.23860E+02  0.23860E+02
 In-flow  [L/T]     -0.29802E-05 -0.29802E-05
 h Mean   [L]       -0.33409E+04 -0.33409E+04
 Top Flux [L/T]      0.26375E-05
 Bot Flux [L/T]     -0.24660E-12
 WatBalT  [L]        0.39488E-05
 WatBalR  [%]              0.002
----------------------------------------------------------

----------------------------------------------------------
 Time       [T]       82.0000
----------------------------------------------------------
 Sub-region num.                     1
----------------------------------------------------------
 Length   [L]        0.15000E+03  0.15000E+03
 W-volume [L]        0.23860E+02  0.23860E+02
 In-flow  [L/T]     -0.29206E-05 -0.29206E-05
 h Mean   [L]       -0.33409E+04 -0.33409E+04
 Top Flux [L/T]      0.26373E-05
 Bot Flux [L/T]     -0.24659E-12
 WatBalT  [L]        0.30249E-05
 WatBalR  [%]              0.002
----------------------------------------------------------

----------------------------------------------------------
 Time       [T]       83.0000
----------------------------------------------------------
 Sub-region num.                     1
----------------------------------------------------------
 Length   [L]        0.15000E+03  0.15000E+03
 W-volume [L]        0.23860E+02  0.23860E+02
 In-flow  [L/T]     -0.29802E-05 -0.29802E-05
 h Mean   [L]       -0.33409E+04 -0.33409E+04
 Top Flux [L/T]      0.26372E-05
 Bot Flux [L/T]     -0.24657E-12
 WatBalT  [L]        0.40084E-05
 WatBalR  [%]              0.002
----------------------------------------------------------

----------------------------------------------------------
 Time       [T]       84.0000
----------------------------------------------------------
 Sub-region num.                     1
----------------------------------------------------------
 Length   [L]        0.15000E+03  0.15000E+03
 W-volume [L]        0.23860E+02  0.23860E+02
 In-flow  [L/T]     -0.29206E-05 -0.29206E-05
 h Mean   [L]       -0.33409E+04 -0.33409E+04
 Top Flux [L/T]      0.26371E-05
 Bot Flux [L/T]     -0.24656E-12
 WatBalT  [L]        0.30845E-05
 WatBalR  [%]              0.002
----------------------------------------------------------

----------------------------------------------------------
 Time       [T]       85.0000
----------------------------------------------------------
 Sub-region num.                     1
----------------------------------------------------------
 Length   [L]        0.15000E+03  0.15000E+03
 W-volume [L]        0.23860E+02  0.23860E+02
 In-flow  [L/T]     -0.29802E-05 -0.29802E-05
 h Mean   [L]       -0.33409E+04 -0.33409E+04
 Top Flux [L/T]      0.26370E-05
 Bot Flux [L/T]     -0.24655E-12
 WatBalT  [L]        0.21607E-05
 WatBalR  [%]              0.001
----------------------------------------------------------

----------------------------------------------------------
 Time       [T]       86.0000
----------------------------------------------------------
 Sub-region num.                     1
----------------------------------------------------------
 Length   [L]        0.15000E+03  0.15000E+03
 W-volume [L]        0.23860E+02  0.23860E+02
 In-flow  [L/T]     -0.29206E-05 -0.29206E-05
 h Mean   [L]       -0.33409E+04 -0.33409E+04
 Top Flux [L/T]      0.26369E-05
 Bot Flux [L/T]     -0.24654E-12
 WatBalT  [L]        0.12368E-05
 WatBalR  [%]              0.001
----------------------------------------------------------

----------------------------------------------------------
 Time       [T]       87.0000
----------------------------------------------------------
 Sub-region num.                     1
----------------------------------------------------------
 Length   [L]        0.15000E+03  0.15000E+03
 W-volume [L]        0.23860E+02  0.23860E+02
 In-flow  [L/T]     -0.29802E-05 -0.29802E-05
 h Mean   [L]       -0.33409E+04 -0.33409E+04
 Top Flux [L/T]      0.26368E-05
 Bot Flux [L/T]     -0.24653E-12
 WatBalT  [L]        0.41276E-05
 WatBalR  [%]              0.003
----------------------------------------------------------

----------------------------------------------------------
 Time       [T]       88.0000
----------------------------------------------------------
 Sub-region num.                     1
----------------------------------------------------------
 Length   [L]        0.15000E+03  0.15000E+03
 W-volume [L]        0.23860E+02  0.23860E+02
 In-flow  [L/T]     -0.29206E-05 -0.29206E-05
 h Mean   [L]       -0.33409E+04 -0.33409E+04
 Top Flux [L/T]      0.26367E-05
 Bot Flux [L/T]     -0.24652E-12
 WatBalT  [L]        0.32037E-05
 WatBalR  [%]              0.002
----------------------------------------------------------

----------------------------------------------------------
 Time       [T]       89.0000
----------------------------------------------------------
 Sub-region num.                     1
----------------------------------------------------------
 Length   [L]        0.15000E+03  0.15000E+03
 W-volume [L]        0.23860E+02  0.23860E+02
 In-flow  [L/T]     -0.29802E-05 -0.29802E-05
 h Mean   [L]       -0.33409E+04 -0.33409E+04
 Top Flux [L/T]      0.26366E-05
 Bot Flux [L/T]     -0.24651E-12
 WatBalT  [L]        0.22799E-05
 WatBalR  [%]              0.001
----------------------------------------------------------

----------------------------------------------------------
 Time       [T]       90.0000
----------------------------------------------------------
 Sub-region num.                     1
----------------------------------------------------------
 Length   [L]        0.15000E+03  0.15000E+03
 W-volume [L]        0.23860E+02  0.23860E+02
 In-flow  [L/T]     -0.28014E-05 -0.28014E-05
 h Mean   [L]       -0.33409E+04 -0.33409E+04
 Top Flux [L/T]      0.26365E-05
 Bot Flux [L/T]     -0.24650E-12
 WatBalT  [L]        0.32634E-05
 WatBalR  [%]              0.002
----------------------------------------------------------

----------------------------------------------------------
 Time       [T]       91.0000
----------------------------------------------------------
 Sub-region num.                     1
----------------------------------------------------------
 Length   [L]        0.15000E+03  0.15000E+03
 W-volume [L]        0.23733E+02  0.23733E+02
 In-flow  [L/T]     -0.25400E+00 -0.25400E+00
 h Mean   [L]       -0.32949E+04 -0.32949E+04
 Top Flux [L/T]      0.16907E-13
 Bot Flux [L/T]      0.00000E+00
 WatBalT  [L]        0.12700E+00
 WatBalR  [%]             30.396
----------------------------------------------------------

----------------------------------------------------------
 Time       [T]       92.0000
----------------------------------------------------------
 Sub-region num.                     1
----------------------------------------------------------
 Length   [L]        0.15000E+03  0.15000E+03
 W-volume [L]        0.23491E+02  0.23491E+02
 In-flow  [L/T]     -0.23114E+00 -0.23114E+00
 h Mean   [L]       -0.32942E+04 -0.32942E+04
 Top Flux [L/T]      0.42412E-24
 Bot Flux [L/T]      0.00000E+00
 WatBalT  [L]        0.11557E+00
 WatBalR  [%]             17.809
----------------------------------------------------------

----------------------------------------------------------
 Time       [T]       93.0000
----------------------------------------------------------
 Sub-region num.                     1
----------------------------------------------------------
 Length   [L]        0.15000E+03  0.15000E+03
 W-volume [L]        0.23321E+02  0.23321E+02
 In-flow  [L/T]     -0.10922E+00 -0.10922E+00
 h Mean   [L]       -0.32947E+04 -0.32947E+04
 Top Flux [L/T]      0.98552E-31
 Bot Flux [L/T]      0.00000E+00
 WatBalT  [L]        0.54611E-01
 WatBalR  [%]              7.203
----------------------------------------------------------

----------------------------------------------------------
 Time       [T]       94.0000
----------------------------------------------------------
 Sub-region num.                     1
----------------------------------------------------------
 Length   [L]        0.15000E+03  0.15000E+03
 W-volume [L]        0.23233E+02  0.23233E+02
 In-flow  [L/T]     -0.66040E-01 -0.66040E-01
 h Mean   [L]       -0.32951E+04 -0.32951E+04
 Top Flux [L/T]      0.98549E-31
 Bot Flux [L/T]      0.00000E+00
 WatBalT  [L]        0.33020E-01
 WatBalR  [%]              4.006
----------------------------------------------------------

----------------------------------------------------------
 Time       [T]       95.0000
----------------------------------------------------------
 Sub-region num.                     1
----------------------------------------------------------
 Length   [L]        0.15000E+03  0.15000E+03
 W-volume [L]        0.23119E+02  0.23119E+02
 In-flow  [L/T]     -0.16256E+00 -0.16256E+00
 h Mean   [L]       -0.32959E+04 -0.32959E+04
 Top Flux [L/T]      0.98544E-31
 Bot Flux [L/T]      0.00000E+00
 WatBalT  [L]        0.81281E-01
 WatBalR  [%]              8.237
----------------------------------------------------------

----------------------------------------------------------
 Time       [T]       96.0000
----------------------------------------------------------
 Sub-region num.                     1
----------------------------------------------------------
 Length   [L]        0.15000E+03  0.15000E+03
 W-volume [L]        0.22877E+02  0.22877E+02
 In-flow  [L/T]     -0.32163E+00 -0.32163E+00
 h Mean   [L]       -0.32994E+04 -0.32994E+04
 Top Flux [L/T]      0.98513E-31
 Bot Flux [L/T]     -0.24643E-12
 WatBalT  [L]        0.14745E+00
 WatBalR  [%]             11.386
----------------------------------------------------------

----------------------------------------------------------
 Time       [T]       97.0000
----------------------------------------------------------
 Sub-region num.                     1
----------------------------------------------------------
 Length   [L]        0.15000E+03  0.15000E+03
 W-volume [L]        0.22590E+02  0.22590E+02
 In-flow  [L/T]     -0.27918E+00 -0.27918E+00
 h Mean   [L]       -0.33094E+04 -0.33094E+04
 Top Flux [L/T]      0.98455E-31
 Bot Flux [L/T]      0.00000E+00
 WatBalT  [L]        0.11689E+00
 WatBalR  [%]              7.534
----------------------------------------------------------

----------------------------------------------------------
 Time       [T]       98.0000
----------------------------------------------------------
 Sub-region num.                     1
----------------------------------------------------------
 Length   [L]        0.15000E+03  0.15000E+03
 W-volume [L]        0.22369E+02  0.22369E+02
 In-flow  [L/T]     -0.20647E+00 -0.20647E+00
 h Mean   [L]       -0.33224E+04 -0.33224E+04
 Top Flux [L/T]      0.98419E-31
 Bot Flux [L/T]      0.00000E+00
 WatBalT  [L]        0.83872E-01
 WatBalR  [%]              4.824
----------------------------------------------------------

----------------------------------------------------------
 Time       [T]       99.0000
----------------------------------------------------------
 Sub-region num.                     1
----------------------------------------------------------
 Length   [L]        0.15000E+03  0.15000E+03
 W-volume [L]        0.22198E+02  0.22198E+02
 In-flow  [L/T]     -0.17449E+00 -0.17449E+00
 h Mean   [L]       -0.33345E+04 -0.33345E+04
 Top Flux [L/T]      0.98408E-31
 Bot Flux [L/T]     -0.24639E-12
 WatBalT  [L]        0.69600E-01
 WatBalR  [%]              3.672
----------------------------------------------------------

----------------------------------------------------------
 Time       [T]      100.0000
----------------------------------------------------------
 Sub-region num.                     1
----------------------------------------------------------
 Length   [L]        0.15000E+03  0.15000E+03
 W-volume [L]        0.22058E+02  0.22058E+02
 In-flow  [L/T]     -0.14234E+00 -0.14234E+00
 h Mean   [L]       -0.33452E+04 -0.33452E+04
 Top Flux [L/T]      0.98404E-31
 Bot Flux [L/T]      0.00000E+00
 WatBalT  [L]        0.54408E-01
 WatBalR  [%]              2.692
----------------------------------------------------------

----------------------------------------------------------
 Time       [T]      101.0000
----------------------------------------------------------
 Sub-region num.                     1
----------------------------------------------------------
 Length   [L]        0.15000E+03  0.15000E+03
 W-volume [L]        0.21962E+02  0.21962E+02
 In-flow  [L/T]     -0.81379E-01 -0.81379E-01
 h Mean   [L]       -0.33539E+04 -0.33539E+04
 Top Flux [L/T]      0.98403E-31
 Bot Flux [L/T]     -0.24637E-12
 WatBalT  [L]        0.36419E-01
 WatBalR  [%]              1.736
----------------------------------------------------------

----------------------------------------------------------
 Time       [T]      102.0000
----------------------------------------------------------
 Sub-region num.                     1
----------------------------------------------------------
 Length   [L]        0.15000E+03  0.15000E+03
 W-volume [L]        0.21911E+02  0.21911E+02
 In-flow  [L/T]     -0.29121E-01 -0.29121E-01
 h Mean   [L]       -0.33590E+04 -0.33590E+04
 Top Flux [L/T]      0.98403E-31
 Bot Flux [L/T]     -0.24636E-12
 WatBalT  [L]        0.13505E-01
 WatBalR  [%]              0.635
----------------------------------------------------------

----------------------------------------------------------
 Time       [T]      103.0000
----------------------------------------------------------
 Sub-region num.                     1
----------------------------------------------------------
 Length   [L]        0.15000E+03  0.15000E+03
 W-volume [L]        0.21891E+02  0.21891E+02
 In-flow  [L/T]     -0.14149E-01 -0.14149E-01
 h Mean   [L]       -0.33615E+04 -0.33615E+04
 Top Flux [L/T]      0.98403E-31
 Bot Flux [L/T]     -0.24635E-12
 WatBalT  [L]        0.68223E-02
 WatBalR  [%]              0.319
----------------------------------------------------------

----------------------------------------------------------
 Time       [T]      104.0000
----------------------------------------------------------
 Sub-region num.                     1
----------------------------------------------------------
 Length   [L]        0.15000E+03  0.15000E+03
 W-volume [L]        0.21872E+02  0.21872E+02
 In-flow  [L/T]     -0.24789E-01 -0.24789E-01
 h Mean   [L]       -0.33646E+04 -0.33646E+04
 Top Flux [L/T]      0.98403E-31
 Bot Flux [L/T]      0.00000E+00
 WatBalT  [L]        0.92769E-02
 WatBalR  [%]              0.429
----------------------------------------------------------

----------------------------------------------------------
 Time       [T]      105.0000
----------------------------------------------------------
 Sub-region num.                     1
----------------------------------------------------------
 Length   [L]        0.15000E+03  0.15000E+03
 W-volume [L]        0.21851E+02  0.21851E+02
 In-flow  [L/T]     -0.22997E-01 -0.22997E-01
 h Mean   [L]       -0.33671E+04 -0.33671E+04
 Top Flux [L/T]      0.98403E-31
 Bot Flux [L/T]     -0.24633E-12
 WatBalT  [L]        0.10727E-01
 WatBalR  [%]              0.491
----------------------------------------------------------

----------------------------------------------------------
 Time       [T]      106.0000
----------------------------------------------------------
 Sub-region num.                     1
----------------------------------------------------------
 Length   [L]        0.15000E+03  0.15000E+03
 W-volume [L]        0.21826E+02  0.21826E+02
 In-flow  [L/T]     -0.28480E-01 -0.28480E-01
 h Mean   [L]       -0.33682E+04 -0.33682E+04
 Top Flux [L/T]      0.98402E-31
 Bot Flux [L/T]      0.00000E+00
 WatBalT  [L]        0.14045E-01
 WatBalR  [%]              0.635
----------------------------------------------------------

----------------------------------------------------------
 Time       [T]      107.0000
----------------------------------------------------------
 Sub-region num.                     1
----------------------------------------------------------
 Length   [L]        0.15000E+03  0.15000E+03
 W-volume [L]        0.21800E+02  0.21800E+02
 In-flow  [L/T]     -0.24092E-01 -0.24092E-01
 h Mean   [L]       -0.33691E+04 -0.33691E+04
 Top Flux [L/T]      0.98404E-31
 Bot Flux [L/T]      0.00000E+00
 WatBalT  [L]        0.11994E-01
 WatBalR  [%]              0.536
----------------------------------------------------------

----------------------------------------------------------
 Time       [T]      108.0000
----------------------------------------------------------
 Sub-region num.                     1
----------------------------------------------------------
 Length   [L]        0.15000E+03  0.15000E+03
 W-volume [L]        0.21784E+02  0.21784E+02
 In-flow  [L/T]     -0.84861E-02 -0.84861E-02
 h Mean   [L]       -0.33698E+04 -0.33698E+04
 Top Flux [L/T]      0.98404E-31
 Bot Flux [L/T]      0.00000E+00
 WatBalT  [L]        0.42393E-02
 WatBalR  [%]              0.189
----------------------------------------------------------

----------------------------------------------------------
 Time       [T]      109.0000
----------------------------------------------------------
 Sub-region num.                     1
----------------------------------------------------------
 Length   [L]        0.15000E+03  0.15000E+03
 W-volume [L]        0.21775E+02  0.21775E+02
 In-flow  [L/T]     -0.84862E-02 -0.84862E-02
 h Mean   [L]       -0.33702E+04 -0.33702E+04
 Top Flux [L/T]      0.98404E-31
 Bot Flux [L/T]      0.00000E+00
 WatBalT  [L]        0.42417E-02
 WatBalR  [%]              0.188
----------------------------------------------------------

----------------------------------------------------------
 Time       [T]      110.0000
----------------------------------------------------------
 Sub-region num.                     1
----------------------------------------------------------
 Length   [L]        0.15000E+03  0.15000E+03
 W-volume [L]        0.21766E+02  0.21766E+02
 In-flow  [L/T]     -0.93520E-02 -0.93520E-02
 h Mean   [L]       -0.33709E+04 -0.33709E+04
 Top Flux [L/T]      0.98404E-31
 Bot Flux [L/T]      0.00000E+00
 WatBalT  [L]        0.46751E-02
 WatBalR  [%]              0.207
----------------------------------------------------------

----------------------------------------------------------
 Time       [T]      111.0000
----------------------------------------------------------
 Sub-region num.                     1
----------------------------------------------------------
 Length   [L]        0.15000E+03  0.15000E+03
 W-volume [L]        0.21758E+02  0.21758E+02
 In-flow  [L/T]     -0.77934E-02 -0.77934E-02
 h Mean   [L]       -0.33717E+04 -0.33717E+04
 Top Flux [L/T]      0.98403E-31
 Bot Flux [L/T]      0.00000E+00
 WatBalT  [L]        0.38950E-02
 WatBalR  [%]              0.172
----------------------------------------------------------

----------------------------------------------------------
 Time       [T]      112.0000
----------------------------------------------------------
 Sub-region num.                     1
----------------------------------------------------------
 Length   [L]        0.15000E+03  0.15000E+03
 W-volume [L]        0.21746E+02  0.21746E+02
 In-flow  [L/T]     -0.14721E-01 -0.14721E-01
 h Mean   [L]       -0.33735E+04 -0.33735E+04
 Top Flux [L/T]      0.98403E-31
 Bot Flux [L/T]     -0.24625E-12
 WatBalT  [L]        0.64883E-02
 WatBalR  [%]              0.284
----------------------------------------------------------

----------------------------------------------------------
 Time       [T]      113.0000
----------------------------------------------------------
 Sub-region num.                     1
----------------------------------------------------------
 Length   [L]        0.15000E+03  0.15000E+03
 W-volume [L]        0.21734E+02  0.21734E+02
 In-flow  [L/T]     -0.11045E-01 -0.11045E-01
 h Mean   [L]       -0.33764E+04 -0.33764E+04
 Top Flux [L/T]      0.98403E-31
 Bot Flux [L/T]     -0.24624E-12
 WatBalT  [L]        0.42281E-02
 WatBalR  [%]              0.184
----------------------------------------------------------

----------------------------------------------------------
 Time       [T]      114.0000
----------------------------------------------------------
 Sub-region num.                     1
----------------------------------------------------------
 Length   [L]        0.15000E+03  0.15000E+03
 W-volume [L]        0.21726E+02  0.21726E+02
 In-flow  [L/T]     -0.76971E-02 -0.76971E-02
 h Mean   [L]       -0.33776E+04 -0.33776E+04
 Top Flux [L/T]      0.98403E-31
 Bot Flux [L/T]     -0.24623E-12
 WatBalT  [L]        0.35233E-02
 WatBalR  [%]              0.153
----------------------------------------------------------

----------------------------------------------------------
 Time       [T]      115.0000
----------------------------------------------------------
 Sub-region num.                     1
----------------------------------------------------------
 Length   [L]        0.15000E+03  0.15000E+03
 W-volume [L]        0.21718E+02  0.21718E+02
 In-flow  [L/T]     -0.85199E-02 -0.85199E-02
 h Mean   [L]       -0.33780E+04 -0.33780E+04
 Top Flux [L/T]      0.98403E-31
 Bot Flux [L/T]     -0.24622E-12
 WatBalT  [L]        0.41766E-02
 WatBalR  [%]              0.181
----------------------------------------------------------

----------------------------------------------------------
 Time       [T]      116.0000
----------------------------------------------------------
 Sub-region num.                     1
----------------------------------------------------------
 Length   [L]        0.15000E+03  0.15000E+03
 W-volume [L]        0.21710E+02  0.21710E+02
 In-flow  [L/T]     -0.84249E-02 -0.84249E-02
 h Mean   [L]       -0.33782E+04 -0.33782E+04
 Top Flux [L/T]      0.98402E-31
 Bot Flux [L/T]     -0.24620E-12
 WatBalT  [L]        0.41840E-02
 WatBalR  [%]              0.180
----------------------------------------------------------

----------------------------------------------------------
 Time       [T]      117.0000
----------------------------------------------------------
 Sub-region num.                     1
----------------------------------------------------------
 Length   [L]        0.15000E+03  0.15000E+03
 W-volume [L]        0.21703E+02  0.21703E+02
 In-flow  [L/T]     -0.53689E-02 -0.53689E-02
 h Mean   [L]       -0.33783E+04 -0.33783E+04
 Top Flux [L/T]      0.98404E-31
 Bot Flux [L/T]     -0.24619E-12
 WatBalT  [L]        0.26824E-02
 WatBalR  [%]              0.115
----------------------------------------------------------

----------------------------------------------------------
 Time       [T]      118.0000
----------------------------------------------------------
 Sub-region num.                     1
----------------------------------------------------------
 Length   [L]        0.15000E+03  0.15000E+03
 W-volume [L]        0.21696E+02  0.21696E+02
 In-flow  [L/T]     -0.86015E-02 -0.86015E-02
 h Mean   [L]       -0.33784E+04 -0.33784E+04
 Top Flux [L/T]      0.98404E-31
 Bot Flux [L/T]      0.00000E+00
 WatBalT  [L]        0.42975E-02
 WatBalR  [%]              0.184
----------------------------------------------------------

----------------------------------------------------------
 Time       [T]      119.0000
----------------------------------------------------------
 Sub-region num.                     1
----------------------------------------------------------
 Length   [L]        0.15000E+03  0.15000E+03
 W-volume [L]        0.21688E+02  0.21688E+02
 In-flow  [L/T]     -0.82553E-02 -0.82553E-02
 h Mean   [L]       -0.33785E+04 -0.33785E+04
 Top Flux [L/T]      0.98404E-31
 Bot Flux [L/T]      0.00000E+00
 WatBalT  [L]        0.41244E-02
 WatBalR  [%]              0.176
----------------------------------------------------------

----------------------------------------------------------
 Time       [T]      120.0000
----------------------------------------------------------
 Sub-region num.                     1
----------------------------------------------------------
 Length   [L]        0.15000E+03  0.15000E+03
 W-volume [L]        0.21679E+02  0.21679E+02
 In-flow  [L/T]     -0.93520E-02 -0.93520E-02
 h Mean   [L]       -0.33786E+04 -0.33786E+04
 Top Flux [L/T]      0.98404E-31
 Bot Flux [L/T]      0.00000E+00
 WatBalT  [L]        0.46723E-02
 WatBalR  [%]              0.199
----------------------------------------------------------

----------------------------------------------------------
 Time       [T]      121.0000
----------------------------------------------------------
 Sub-region num.                     1
----------------------------------------------------------
 Length   [L]        0.15000E+03  0.15000E+03
 W-volume [L]        0.21634E+02  0.21634E+02
 In-flow  [L/T]     -0.81579E-01 -0.81579E-01
 h Mean   [L]       -0.33790E+04 -0.33790E+04
 Top Flux [L/T]      0.98403E-31
 Bot Flux [L/T]      0.00000E+00
 WatBalT  [L]        0.71063E-01
 WatBalR  [%]              2.887
----------------------------------------------------------

----------------------------------------------------------
 Time       [T]      122.0000
----------------------------------------------------------
 Sub-region num.                     1
----------------------------------------------------------
 Length   [L]        0.15000E+03  0.15000E+03
 W-volume [L]        0.21499E+02  0.21499E+02
 In-flow  [L/T]     -0.12664E+00 -0.12664E+00
 h Mean   [L]       -0.33803E+04 -0.33803E+04
 Top Flux [L/T]      0.98403E-31
 Bot Flux [L/T]      0.00000E+00
 WatBalT  [L]        0.63316E-01
 WatBalR  [%]              2.446
----------------------------------------------------------

----------------------------------------------------------
 Time       [T]      123.0000
----------------------------------------------------------
 Sub-region num.                     1
----------------------------------------------------------
 Length   [L]        0.15000E+03  0.15000E+03
 W-volume [L]        0.21371E+02  0.21371E+02
 In-flow  [L/T]     -0.13029E+00 -0.13029E+00
 h Mean   [L]       -0.33831E+04 -0.33831E+04
 Top Flux [L/T]      0.98403E-31
 Bot Flux [L/T]      0.00000E+00
 WatBalT  [L]        0.60967E-01
 WatBalR  [%]              2.246
----------------------------------------------------------

----------------------------------------------------------
 Time       [T]      124.0000
----------------------------------------------------------
 Sub-region num.                     1
----------------------------------------------------------
 Length   [L]        0.15000E+03  0.15000E+03
 W-volume [L]        0.21247E+02  0.21247E+02
 In-flow  [L/T]     -0.12588E+00 -0.12588E+00
 h Mean   [L]       -0.33868E+04 -0.33868E+04
 Top Flux [L/T]      0.98403E-31
 Bot Flux [L/T]      0.00000E+00
 WatBalT  [L]        0.61269E-01
 WatBalR  [%]              2.158
----------------------------------------------------------

----------------------------------------------------------
 Time       [T]      125.0000
----------------------------------------------------------
 Sub-region num.                     1
----------------------------------------------------------
 Length   [L]        0.15000E+03  0.15000E+03
 W-volume [L]        0.21149E+02  0.21149E+02
 In-flow  [L/T]     -0.73040E-01 -0.73040E-01
 h Mean   [L]       -0.33887E+04 -0.33887E+04
 Top Flux [L/T]      0.98403E-31
 Bot Flux [L/T]      0.00000E+00
 WatBalT  [L]        0.36099E-01
 WatBalR  [%]              1.240
----------------------------------------------------------

----------------------------------------------------------
 Time       [T]      126.0000
----------------------------------------------------------
 Sub-region num.                     1
----------------------------------------------------------
 Length   [L]        0.15000E+03  0.15000E+03
 W-volume [L]        0.21099E+02  0.21099E+02
 In-flow  [L/T]     -0.28497E-01 -0.28497E-01
 h Mean   [L]       -0.33893E+04 -0.33893E+04
 Top Flux [L/T]      0.98402E-31
 Bot Flux [L/T]      0.00000E+00
 WatBalT  [L]        0.14125E-01
 WatBalR  [%]              0.481
----------------------------------------------------------

----------------------------------------------------------
 Time       [T]      127.0000
----------------------------------------------------------
 Sub-region num.                     1
----------------------------------------------------------
 Length   [L]        0.15000E+03  0.15000E+03
 W-volume [L]        0.21041E+02  0.21041E+02
 In-flow  [L/T]     -0.86685E-01 -0.86685E-01
 h Mean   [L]       -0.33896E+04 -0.33896E+04
 Top Flux [L/T]      0.98404E-31
 Bot Flux [L/T]      0.00000E+00
 WatBalT  [L]        0.43278E-01
 WatBalR  [%]              1.430
----------------------------------------------------------

----------------------------------------------------------
 Time       [T]      128.0000
----------------------------------------------------------
 Sub-region num.                     1
----------------------------------------------------------
 Length   [L]        0.15000E+03  0.15000E+03
 W-volume [L]        0.20942E+02  0.20942E+02
 In-flow  [L/T]     -0.11086E+00 -0.11086E+00
 h Mean   [L]       -0.33900E+04 -0.33900E+04
 Top Flux [L/T]      0.98404E-31
 Bot Flux [L/T]     -0.24607E-12
 WatBalT  [L]        0.55421E-01
 WatBalR  [%]              1.767
----------------------------------------------------------

----------------------------------------------------------
 Time       [T]      129.0000
----------------------------------------------------------
 Sub-region num.                     1
----------------------------------------------------------
 Length   [L]        0.15000E+03  0.15000E+03
 W-volume [L]        0.20846E+02  0.20846E+02
 In-flow  [L/T]     -0.81998E-01 -0.81998E-01
 h Mean   [L]       -0.33904E+04 -0.33904E+04
 Top Flux [L/T]      0.98404E-31
 Bot Flux [L/T]     -0.24606E-12
 WatBalT  [L]        0.40993E-01
 WatBalR  [%]              1.273
----------------------------------------------------------

----------------------------------------------------------
 Time       [T]      130.0000
----------------------------------------------------------
 Sub-region num.                     1
----------------------------------------------------------
 Length   [L]        0.15000E+03  0.15000E+03
 W-volume [L]        0.20756E+02  0.20756E+02
 In-flow  [L/T]     -0.97183E-01 -0.97183E-01
 h Mean   [L]       -0.33909E+04 -0.33909E+04
 Top Flux [L/T]      0.98404E-31
 Bot Flux [L/T]     -0.24605E-12
 WatBalT  [L]        0.48588E-01
 WatBalR  [%]              1.465
----------------------------------------------------------

----------------------------------------------------------
 Time       [T]      131.0000
----------------------------------------------------------
 Sub-region num.                     1
----------------------------------------------------------
 Length   [L]        0.15000E+03  0.15000E+03
 W-volume [L]        0.20674E+02  0.20674E+02
 In-flow  [L/T]     -0.68332E-01 -0.68332E-01
 h Mean   [L]       -0.33914E+04 -0.33914E+04
 Top Flux [L/T]      0.98403E-31
 Bot Flux [L/T]     -0.24604E-12
 WatBalT  [L]        0.34162E-01
 WatBalR  [%]              1.009
----------------------------------------------------------

----------------------------------------------------------
 Time       [T]      132.0000
----------------------------------------------------------
 Sub-region num.                     1
----------------------------------------------------------
 Length   [L]        0.15000E+03  0.15000E+03
 W-volume [L]        0.20595E+02  0.20595E+02
 In-flow  [L/T]     -0.89590E-01 -0.89590E-01
 h Mean   [L]       -0.33921E+04 -0.33921E+04
 Top Flux [L/T]      0.98403E-31
 Bot Flux [L/T]      0.00000E+00
 WatBalT  [L]        0.44792E-01
 WatBalR  [%]              1.289
----------------------------------------------------------

----------------------------------------------------------
 Time       [T]      133.0000
----------------------------------------------------------
 Sub-region num.                     1
----------------------------------------------------------
 Length   [L]        0.15000E+03  0.15000E+03
 W-volume [L]        0.20523E+02  0.20523E+02
 In-flow  [L/T]     -0.54665E-01 -0.54665E-01
 h Mean   [L]       -0.33929E+04 -0.33929E+04
 Top Flux [L/T]      0.98403E-31
 Bot Flux [L/T]     -0.24601E-12
 WatBalT  [L]        0.27329E-01
 WatBalR  [%]              0.774
----------------------------------------------------------

----------------------------------------------------------
 Time       [T]      134.0000
----------------------------------------------------------
 Sub-region num.                     1
----------------------------------------------------------
 Length   [L]        0.15000E+03  0.15000E+03
 W-volume [L]        0.20463E+02  0.20463E+02
 In-flow  [L/T]     -0.63776E-01 -0.63776E-01
 h Mean   [L]       -0.33938E+04 -0.33938E+04
 Top Flux [L/T]      0.98403E-31
 Bot Flux [L/T]     -0.24600E-12
 WatBalT  [L]        0.31884E-01
 WatBalR  [%]              0.887
----------------------------------------------------------

----------------------------------------------------------
 Time       [T]      135.0000
----------------------------------------------------------
 Sub-region num.                     1
----------------------------------------------------------
 Length   [L]        0.15000E+03  0.15000E+03
 W-volume [L]        0.20367E+02  0.20367E+02
 In-flow  [L/T]     -0.12831E+00 -0.12831E+00
 h Mean   [L]       -0.33961E+04 -0.33961E+04
 Top Flux [L/T]      0.98403E-31
 Bot Flux [L/T]     -0.24599E-12
 WatBalT  [L]        0.64151E-01
 WatBalR  [%]              1.724
----------------------------------------------------------

----------------------------------------------------------
 Time       [T]      136.0000
----------------------------------------------------------
 Sub-region num.                     1
----------------------------------------------------------
 Length   [L]        0.15000E+03  0.15000E+03
 W-volume [L]        0.20234E+02  0.20234E+02
 In-flow  [L/T]     -0.13870E+00 -0.13870E+00
 h Mean   [L]       -0.34026E+04 -0.34026E+04
 Top Flux [L/T]      0.98402E-31
 Bot Flux [L/T]      0.00000E+00
 WatBalT  [L]        0.66059E-01
 WatBalR  [%]              1.713
----------------------------------------------------------

----------------------------------------------------------
 Time       [T]      137.0000
----------------------------------------------------------
 Sub-region num.                     1
----------------------------------------------------------
 Length   [L]        0.15000E+03  0.15000E+03
 W-volume [L]        0.20144E+02  0.20144E+02
 In-flow  [L/T]     -0.48341E-01 -0.48341E-01
 h Mean   [L]       -0.34095E+04 -0.34095E+04
 Top Flux [L/T]      0.98402E-31
 Bot Flux [L/T]      0.00000E+00
 WatBalT  [L]        0.22417E-01
 WatBalR  [%]              0.574
----------------------------------------------------------

----------------------------------------------------------
 Time       [T]      138.0000
----------------------------------------------------------
 Sub-region num.                     1
----------------------------------------------------------
 Length   [L]        0.15000E+03  0.15000E+03
 W-volume [L]        0.20086E+02  0.20086E+02
 In-flow  [L/T]     -0.70657E-01 -0.70657E-01
 h Mean   [L]       -0.34144E+04 -0.34144E+04
 Top Flux [L/T]      0.98404E-31
 Bot Flux [L/T]     -0.24596E-12
 WatBalT  [L]        0.34060E-01
 WatBalR  [%]              0.857
----------------------------------------------------------

----------------------------------------------------------
 Time       [T]      139.0000
----------------------------------------------------------
 Sub-region num.                     1
----------------------------------------------------------
 Length   [L]        0.15000E+03  0.15000E+03
 W-volume [L]        0.20010E+02  0.20010E+02
 In-flow  [L/T]     -0.83457E-01 -0.83457E-01
 h Mean   [L]       -0.34196E+04 -0.34196E+04
 Top Flux [L/T]      0.98404E-31
 Bot Flux [L/T]      0.00000E+00
 WatBalT  [L]        0.37146E-01
 WatBalR  [%]              0.917
----------------------------------------------------------

----------------------------------------------------------
 Time       [T]      140.0000
----------------------------------------------------------
 Sub-region num.                     1
----------------------------------------------------------
 Length   [L]        0.15000E+03  0.15000E+03
 W-volume [L]        0.19940E+02  0.19940E+02
 In-flow  [L/T]     -0.66478E-01 -0.66478E-01
 h Mean   [L]       -0.34246E+04 -0.34246E+04
 Top Flux [L/T]      0.98404E-31
 Bot Flux [L/T]      0.00000E+00
 WatBalT  [L]        0.32077E-01
 WatBalR  [%]              0.779
----------------------------------------------------------

----------------------------------------------------------
 Time       [T]      141.0000
----------------------------------------------------------
 Sub-region num.                     1
----------------------------------------------------------
 Length   [L]        0.15000E+03  0.15000E+03
 W-volume [L]        0.19874E+02  0.19874E+02
 In-flow  [L/T]     -0.66854E-01 -0.66854E-01
 h Mean   [L]       -0.34294E+04 -0.34294E+04
 Top Flux [L/T]      0.98404E-31
 Bot Flux [L/T]      0.00000E+00
 WatBalT  [L]        0.30083E-01
 WatBalR  [%]              0.720
----------------------------------------------------------

----------------------------------------------------------
 Time       [T]      142.0000
----------------------------------------------------------
 Sub-region num.                     1
----------------------------------------------------------
 Length   [L]        0.15000E+03  0.15000E+03
 W-volume [L]        0.19822E+02  0.19822E+02
 In-flow  [L/T]     -0.44727E-01 -0.44727E-01
 h Mean   [L]       -0.34337E+04 -0.34337E+04
 Top Flux [L/T]      0.98403E-31
 Bot Flux [L/T]      0.24591E-12
 WatBalT  [L]        0.21175E-01
 WatBalR  [%]              0.501
----------------------------------------------------------

----------------------------------------------------------
 Time       [T]      143.0000
----------------------------------------------------------
 Sub-region num.                     1
----------------------------------------------------------
 Length   [L]        0.15000E+03  0.15000E+03
 W-volume [L]        0.19777E+02  0.19777E+02
 In-flow  [L/T]     -0.47809E-01 -0.47809E-01
 h Mean   [L]       -0.34365E+04 -0.34365E+04
 Top Flux [L/T]      0.98403E-31
 Bot Flux [L/T]     -0.24590E-12
 WatBalT  [L]        0.23546E-01
 WatBalR  [%]              0.551
----------------------------------------------------------

----------------------------------------------------------
 Time       [T]      144.0000
----------------------------------------------------------
 Sub-region num.                     1
----------------------------------------------------------
 Length   [L]        0.15000E+03  0.15000E+03
 W-volume [L]        0.19737E+02  0.19737E+02
 In-flow  [L/T]     -0.31407E-01 -0.31407E-01
 h Mean   [L]       -0.34397E+04 -0.34397E+04
 Top Flux [L/T]      0.98403E-31
 Bot Flux [L/T]     -0.24589E-12
 WatBalT  [L]        0.14751E-01
 WatBalR  [%]              0.343
----------------------------------------------------------

----------------------------------------------------------
 Time       [T]      145.0000
----------------------------------------------------------
 Sub-region num.                     1
----------------------------------------------------------
 Length   [L]        0.15000E+03  0.15000E+03
 W-volume [L]        0.19715E+02  0.19715E+02
 In-flow  [L/T]     -0.14798E-01 -0.14798E-01
 h Mean   [L]       -0.34420E+04 -0.34420E+04
 Top Flux [L/T]      0.98403E-31
 Bot Flux [L/T]      0.24588E-12
 WatBalT  [L]        0.71235E-02
 WatBalR  [%]              0.165
----------------------------------------------------------

----------------------------------------------------------
 Time       [T]      146.0000
----------------------------------------------------------
 Sub-region num.                     1
----------------------------------------------------------
 Length   [L]        0.15000E+03  0.15000E+03
 W-volume [L]        0.19703E+02  0.19703E+02
 In-flow  [L/T]     -0.11002E-01 -0.11002E-01
 h Mean   [L]       -0.34433E+04 -0.34433E+04
 Top Flux [L/T]      0.98403E-31
 Bot Flux [L/T]     -0.24587E-12
 WatBalT  [L]        0.53630E-02
 WatBalR  [%]              0.124
----------------------------------------------------------

----------------------------------------------------------
 Time       [T]      147.0000
----------------------------------------------------------
 Sub-region num.                     1
----------------------------------------------------------
 Length   [L]        0.15000E+03  0.15000E+03
 W-volume [L]        0.19692E+02  0.19692E+02
 In-flow  [L/T]     -0.95689E-02 -0.95689E-02
 h Mean   [L]       -0.34441E+04 -0.34441E+04
 Top Flux [L/T]      0.98402E-31
 Bot Flux [L/T]      0.00000E+00
 WatBalT  [L]        0.47116E-02
 WatBalR  [%]              0.109
----------------------------------------------------------

----------------------------------------------------------
 Time       [T]      148.0000
----------------------------------------------------------
 Sub-region num.                     1
----------------------------------------------------------
 Length   [L]        0.15000E+03  0.15000E+03
 W-volume [L]        0.19672E+02  0.19672E+02
 In-flow  [L/T]     -0.31609E-01 -0.31609E-01
 h Mean   [L]       -0.34451E+04 -0.34451E+04
 Top Flux [L/T]      0.98404E-31
 Bot Flux [L/T]     -0.24584E-12
 WatBalT  [L]        0.15612E-01
 WatBalR  [%]              0.357
----------------------------------------------------------

----------------------------------------------------------
 Time       [T]      149.0000
----------------------------------------------------------
 Sub-region num.                     1
----------------------------------------------------------
 Length   [L]        0.15000E+03  0.15000E+03
 W-volume [L]        0.19638E+02  0.19638E+02
 In-flow  [L/T]     -0.36218E-01 -0.36218E-01
 h Mean   [L]       -0.34468E+04 -0.34468E+04
 Top Flux [L/T]      0.98404E-31
 Bot Flux [L/T]      0.00000E+00
 WatBalT  [L]        0.17891E-01
 WatBalR  [%]              0.406
----------------------------------------------------------

----------------------------------------------------------
 Time       [T]      150.0000
----------------------------------------------------------
 Sub-region num.                     1
----------------------------------------------------------
 Length   [L]        0.15000E+03  0.15000E+03
 W-volume [L]        0.19603E+02  0.19603E+02
 In-flow  [L/T]     -0.34488E-01 -0.34488E-01
 h Mean   [L]       -0.34495E+04 -0.34495E+04
 Top Flux [L/T]      0.98404E-31
 Bot Flux [L/T]      0.00000E+00
 WatBalT  [L]        0.16116E-01
 WatBalR  [%]              0.363
----------------------------------------------------------

----------------------------------------------------------
 Time       [T]      151.0000
----------------------------------------------------------
 Sub-region num.                     1
----------------------------------------------------------
 Length   [L]        0.15000E+03  0.15000E+03
 W-volume [L]        0.19576E+02  0.19576E+02
 In-flow  [L/T]     -0.22645E-01 -0.22645E-01
 h Mean   [L]       -0.34523E+04 -0.34523E+04
 Top Flux [L/T]      0.98404E-31
 Bot Flux [L/T]     -0.24581E-12
 WatBalT  [L]        0.10569E-01
 WatBalR  [%]              0.237
----------------------------------------------------------

----------------------------------------------------------
 Time       [T]      152.0000
----------------------------------------------------------
 Sub-region num.                     1
----------------------------------------------------------
 Length   [L]        0.15000E+03  0.15000E+03
 W-volume [L]        0.19544E+02  0.19544E+02
 In-flow  [L/T]     -0.42260E-01 -0.42260E-01
 h Mean   [L]       -0.34541E+04 -0.34541E+04
 Top Flux [L/T]      0.98403E-31
 Bot Flux [L/T]      0.24580E-12
 WatBalT  [L]        0.33113E-01
 WatBalR  [%]              0.734
----------------------------------------------------------

----------------------------------------------------------
 Time       [T]      153.0000
----------------------------------------------------------
 Sub-region num.                     1
----------------------------------------------------------
 Length   [L]        0.15000E+03  0.15000E+03
 W-volume [L]        0.19498E+02  0.19498E+02
 In-flow  [L/T]     -0.26295E-01 -0.26295E-01
 h Mean   [L]       -0.34550E+04 -0.34550E+04
 Top Flux [L/T]      0.98403E-31
 Bot Flux [L/T]      0.24579E-12
 WatBalT  [L]        0.13096E-01
 WatBalR  [%]              0.288
----------------------------------------------------------

----------------------------------------------------------
 Time       [T]      154.0000
----------------------------------------------------------
 Sub-region num.                     1
----------------------------------------------------------
 Length   [L]        0.15000E+03  0.15000E+03
 W-volume [L]        0.19461E+02  0.19461E+02
 In-flow  [L/T]     -0.47792E-01 -0.47792E-01
 h Mean   [L]       -0.34557E+04 -0.34557E+04
 Top Flux [L/T]      0.98403E-31
 Bot Flux [L/T]      0.24578E-12
 WatBalT  [L]        0.23840E-01
 WatBalR  [%]              0.520
----------------------------------------------------------

----------------------------------------------------------
 Time       [T]      155.0000
----------------------------------------------------------
 Sub-region num.                     1
----------------------------------------------------------
 Length   [L]        0.15000E+03  0.15000E+03
 W-volume [L]        0.19385E+02  0.19385E+02
 In-flow  [L/T]     -0.10419E+00 -0.10419E+00
 h Mean   [L]       -0.34572E+04 -0.34572E+04
 Top Flux [L/T]      0.98403E-31
 Bot Flux [L/T]      0.24577E-12
 WatBalT  [L]        0.52029E-01
 WatBalR  [%]              1.109
----------------------------------------------------------

----------------------------------------------------------
 Time       [T]      156.0000
----------------------------------------------------------
 Sub-region num.                     1
----------------------------------------------------------
 Length   [L]        0.15000E+03  0.15000E+03
 W-volume [L]        0.19287E+02  0.19287E+02
 In-flow  [L/T]     -0.91976E-01 -0.91976E-01
 h Mean   [L]       -0.34604E+04 -0.34604E+04
 Top Flux [L/T]      0.98403E-31
 Bot Flux [L/T]      0.24576E-12
 WatBalT  [L]        0.44510E-01
 WatBalR  [%]              0.931
----------------------------------------------------------

----------------------------------------------------------
 Time       [T]      157.0000
----------------------------------------------------------
 Sub-region num.                     1
----------------------------------------------------------
 Length   [L]        0.15000E+03  0.15000E+03
 W-volume [L]        0.19205E+02  0.19205E+02
 In-flow  [L/T]     -0.73686E-01 -0.73686E-01
 h Mean   [L]       -0.34636E+04 -0.34636E+04
 Top Flux [L/T]      0.98402E-31
 Bot Flux [L/T]      0.24574E-12
 WatBalT  [L]        0.35886E-01
 WatBalR  [%]              0.739
----------------------------------------------------------

----------------------------------------------------------
 Time       [T]      158.0000
----------------------------------------------------------
 Sub-region num.                     1
----------------------------------------------------------
 Length   [L]        0.15000E+03  0.15000E+03
 W-volume [L]        0.19123E+02  0.19123E+02
 In-flow  [L/T]     -0.91754E-01 -0.91754E-01
 h Mean   [L]       -0.34654E+04 -0.34654E+04
 Top Flux [L/T]      0.98404E-31
 Bot Flux [L/T]      0.24573E-12
 WatBalT  [L]        0.45632E-01
 WatBalR  [%]              0.923
----------------------------------------------------------

----------------------------------------------------------
 Time       [T]      159.0000
----------------------------------------------------------
 Sub-region num.                     1
----------------------------------------------------------
 Length   [L]        0.15000E+03  0.15000E+03
 W-volume [L]        0.19047E+02  0.19047E+02
 In-flow  [L/T]     -0.61875E-01 -0.61875E-01
 h Mean   [L]       -0.34667E+04 -0.34667E+04
 Top Flux [L/T]      0.98404E-31
 Bot Flux [L/T]      0.00000E+00
 WatBalT  [L]        0.30854E-01
 WatBalR  [%]              0.616
----------------------------------------------------------

----------------------------------------------------------
 Time       [T]      160.0000
----------------------------------------------------------
 Sub-region num.                     1
----------------------------------------------------------
 Length   [L]        0.15000E+03  0.15000E+03
 W-volume [L]        0.18995E+02  0.18995E+02
 In-flow  [L/T]     -0.41844E-01 -0.41844E-01
 h Mean   [L]       -0.34678E+04 -0.34678E+04
 Top Flux [L/T]      0.98404E-31
 Bot Flux [L/T]      0.00000E+00
 WatBalT  [L]        0.20907E-01
 WatBalR  [%]              0.414
----------------------------------------------------------

----------------------------------------------------------
 Time       [T]      161.0000
----------------------------------------------------------
 Sub-region num.                     1
----------------------------------------------------------
 Length   [L]        0.15000E+03  0.15000E+03
 W-volume [L]        0.18948E+02  0.18948E+02
 In-flow  [L/T]     -0.53384E-01 -0.53384E-01
 h Mean   [L]       -0.34692E+04 -0.34692E+04
 Top Flux [L/T]      0.98404E-31
 Bot Flux [L/T]      0.00000E+00
 WatBalT  [L]        0.26685E-01
 WatBalR  [%]              0.523
----------------------------------------------------------

----------------------------------------------------------
 Time       [T]      162.0000
----------------------------------------------------------
 Sub-region num.                     1
----------------------------------------------------------
 Length   [L]        0.15000E+03  0.15000E+03
 W-volume [L]        0.18878E+02  0.18878E+02
 In-flow  [L/T]     -0.85519E-01 -0.85519E-01
 h Mean   [L]       -0.34720E+04 -0.34720E+04
 Top Flux [L/T]      0.98403E-31
 Bot Flux [L/T]      0.00000E+00
 WatBalT  [L]        0.41138E-01
 WatBalR  [%]              0.793
----------------------------------------------------------

----------------------------------------------------------
 Time       [T]      163.0000
----------------------------------------------------------
 Sub-region num.                     1
----------------------------------------------------------
 Length   [L]        0.15000E+03  0.15000E+03
 W-volume [L]        0.18797E+02  0.18797E+02
 In-flow  [L/T]     -0.79827E-01 -0.79827E-01
 h Mean   [L]       -0.34748E+04 -0.34748E+04
 Top Flux [L/T]      0.98403E-31
 Bot Flux [L/T]      0.00000E+00
 WatBalT  [L]        0.39170E-01
 WatBalR  [%]              0.744
----------------------------------------------------------

----------------------------------------------------------
 Time       [T]      164.0000
----------------------------------------------------------
 Sub-region num.                     1
----------------------------------------------------------
 Length   [L]        0.15000E+03  0.15000E+03
 W-volume [L]        0.18714E+02  0.18714E+02
 In-flow  [L/T]     -0.87058E-01 -0.87058E-01
 h Mean   [L]       -0.34763E+04 -0.34763E+04
 Top Flux [L/T]      0.98403E-31
 Bot Flux [L/T]      0.00000E+00
 WatBalT  [L]        0.43336E-01
 WatBalR  [%]              0.810
----------------------------------------------------------

----------------------------------------------------------
 Time       [T]      165.0000
----------------------------------------------------------
 Sub-region num.                     1
----------------------------------------------------------
 Length   [L]        0.15000E+03  0.15000E+03
 W-volume [L]        0.18629E+02  0.18629E+02
 In-flow  [L/T]     -0.83677E-01 -0.83677E-01
 h Mean   [L]       -0.34779E+04 -0.34779E+04
 Top Flux [L/T]      0.98403E-31
 Bot Flux [L/T]      0.00000E+00
 WatBalT  [L]        0.41769E-01
 WatBalR  [%]              0.768
----------------------------------------------------------

----------------------------------------------------------
 Time       [T]      166.0000
----------------------------------------------------------
 Sub-region num.                     1
----------------------------------------------------------
 Length   [L]        0.15000E+03  0.15000E+03
 W-volume [L]        0.18562E+02  0.18562E+02
 In-flow  [L/T]     -0.50004E-01 -0.50004E-01
 h Mean   [L]       -0.34796E+04 -0.34796E+04
 Top Flux [L/T]      0.98403E-31
 Bot Flux [L/T]      0.00000E+00
 WatBalT  [L]        0.24992E-01
 WatBalR  [%]              0.455
----------------------------------------------------------

----------------------------------------------------------
 Time       [T]      167.0000
----------------------------------------------------------
 Sub-region num.                     1
----------------------------------------------------------
 Length   [L]        0.15000E+03  0.15000E+03
 W-volume [L]        0.18499E+02  0.18499E+02
 In-flow  [L/T]     -0.77307E-01 -0.77307E-01
 h Mean   [L]       -0.34822E+04 -0.34822E+04
 Top Flux [L/T]      0.98402E-31
 Bot Flux [L/T]      0.00000E+00
 WatBalT  [L]        0.37362E-01
 WatBalR  [%]              0.672
----------------------------------------------------------

----------------------------------------------------------
 Time       [T]      168.0000
----------------------------------------------------------
 Sub-region num.                     1
----------------------------------------------------------
 Length   [L]        0.15000E+03  0.15000E+03
 W-volume [L]        0.18428E+02  0.18428E+02
 In-flow  [L/T]     -0.65712E-01 -0.65712E-01
 h Mean   [L]       -0.34853E+04 -0.34853E+04
 Top Flux [L/T]      0.98404E-31
 Bot Flux [L/T]      0.00000E+00
 WatBalT  [L]        0.31888E-01
 WatBalR  [%]              0.567
----------------------------------------------------------

----------------------------------------------------------
 Time       [T]      169.0000
----------------------------------------------------------
 Sub-region num.                     1
----------------------------------------------------------
 Length   [L]        0.15000E+03  0.15000E+03
 W-volume [L]        0.18369E+02  0.18369E+02
 In-flow  [L/T]     -0.54447E-01 -0.54447E-01
 h Mean   [L]       -0.34867E+04 -0.34867E+04
 Top Flux [L/T]      0.98404E-31
 Bot Flux [L/T]      0.00000E+00
 WatBalT  [L]        0.26975E-01
 WatBalR  [%]              0.475
----------------------------------------------------------

----------------------------------------------------------
 Time       [T]      170.0000
----------------------------------------------------------
 Sub-region num.                     1
----------------------------------------------------------
 Length   [L]        0.15000E+03  0.15000E+03
 W-volume [L]        0.18305E+02  0.18305E+02
 In-flow  [L/T]     -0.74082E-01 -0.74082E-01
 h Mean   [L]       -0.34878E+04 -0.34878E+04
 Top Flux [L/T]      0.98404E-31
 Bot Flux [L/T]      0.00000E+00
 WatBalT  [L]        0.36963E-01
 WatBalR  [%]              0.642
----------------------------------------------------------

----------------------------------------------------------
 Time       [T]      171.0000
----------------------------------------------------------
 Sub-region num.                     1
----------------------------------------------------------
 Length   [L]        0.15000E+03  0.15000E+03
 W-volume [L]        0.18233E+02  0.18233E+02
 In-flow  [L/T]     -0.69867E-01 -0.69867E-01
 h Mean   [L]       -0.34890E+04 -0.34890E+04
 Top Flux [L/T]      0.98404E-31
 Bot Flux [L/T]      0.00000E+00
 WatBalT  [L]        0.34914E-01
 WatBalR  [%]              0.599
----------------------------------------------------------

----------------------------------------------------------
 Time       [T]      172.0000
----------------------------------------------------------
 Sub-region num.                     1
----------------------------------------------------------
 Length   [L]        0.15000E+03  0.15000E+03
 W-volume [L]        0.18171E+02  0.18171E+02
 In-flow  [L/T]     -0.54683E-01 -0.54683E-01
 h Mean   [L]       -0.34907E+04 -0.34907E+04
 Top Flux [L/T]      0.98403E-31
 Bot Flux [L/T]      0.00000E+00
 WatBalT  [L]        0.27294E-01
 WatBalR  [%]              0.464
----------------------------------------------------------

----------------------------------------------------------
 Time       [T]      173.0000
----------------------------------------------------------
 Sub-region num.                     1
----------------------------------------------------------
 Length   [L]        0.15000E+03  0.15000E+03
 W-volume [L]        0.18113E+02  0.18113E+02
 In-flow  [L/T]     -0.61696E-01 -0.61696E-01
 h Mean   [L]       -0.34932E+04 -0.34932E+04
 Top Flux [L/T]      0.98403E-31
 Bot Flux [L/T]      0.00000E+00
 WatBalT  [L]        0.29882E-01
 WatBalR  [%]              0.503
----------------------------------------------------------

----------------------------------------------------------
 Time       [T]      174.0000
----------------------------------------------------------
 Sub-region num.                     1
----------------------------------------------------------
 Length   [L]        0.15000E+03  0.15000E+03
 W-volume [L]        0.18060E+02  0.18060E+02
 In-flow  [L/T]     -0.45731E-01 -0.45731E-01
 h Mean   [L]       -0.34959E+04 -0.34959E+04
 Top Flux [L/T]      0.98403E-31
 Bot Flux [L/T]      0.00000E+00
 WatBalT  [L]        0.22204E-01
 WatBalR  [%]              0.371
----------------------------------------------------------

----------------------------------------------------------
 Time       [T]      175.0000
----------------------------------------------------------
 Sub-region num.                     1
----------------------------------------------------------
 Length   [L]        0.15000E+03  0.15000E+03
 W-volume [L]        0.18011E+02  0.18011E+02
 In-flow  [L/T]     -0.54161E-01 -0.54161E-01
 h Mean   [L]       -0.34977E+04 -0.34977E+04
 Top Flux [L/T]      0.98403E-31
 Bot Flux [L/T]      0.00000E+00
 WatBalT  [L]        0.26670E-01
 WatBalR  [%]              0.442
----------------------------------------------------------

----------------------------------------------------------
 Time       [T]      176.0000
----------------------------------------------------------
 Sub-region num.                     1
----------------------------------------------------------
 Length   [L]        0.15000E+03  0.15000E+03
 W-volume [L]        0.19134E+02  0.19134E+02
 In-flow  [L/T]      0.59401E+00  0.59401E+00
 h Mean   [L]       -0.17080E+03 -0.17080E+03
 Top Flux [L/T]     -0.69722E+00
 Bot Flux [L/T]      0.24554E-12
 WatBalT  [L]        0.26766E-01
 WatBalR  [%]              0.365
----------------------------------------------------------

----------------------------------------------------------
 Time       [T]      177.0000
----------------------------------------------------------
 Sub-region num.                     1
----------------------------------------------------------
 Length   [L]        0.15000E+03  0.15000E+03
 W-volume [L]        0.19612E+02  0.19612E+02
 In-flow  [L/T]      0.41813E+00  0.41813E+00
 h Mean   [L]       -0.15071E+03 -0.15071E+03
 Top Flux [L/T]     -0.57619E+00
 Bot Flux [L/T]     -0.24554E-12
 WatBalT  [L]        0.27195E-01
 WatBalR  [%]              0.336
----------------------------------------------------------

----------------------------------------------------------
 Time       [T]      178.0000
----------------------------------------------------------
 Sub-region num.                     1
----------------------------------------------------------
 Length   [L]        0.15000E+03  0.15000E+03
 W-volume [L]        0.20048E+02  0.20048E+02
 In-flow  [L/T]      0.41200E+00  0.41200E+00
 h Mean   [L]       -0.13244E+03 -0.13244E+03
 Top Flux [L/T]     -0.53195E+00
 Bot Flux [L/T]     -0.24553E-12
 WatBalT  [L]        0.26062E-01
 WatBalR  [%]              0.297
----------------------------------------------------------

----------------------------------------------------------
 Time       [T]      179.0000
----------------------------------------------------------
 Sub-region num.                     1
----------------------------------------------------------
 Length   [L]        0.15000E+03  0.15000E+03
 W-volume [L]        0.19846E+02  0.19846E+02
 In-flow  [L/T]     -0.20364E+00 -0.20364E+00
 h Mean   [L]       -0.13357E+03 -0.13357E+03
 Top Flux [L/T]     -0.28220E-02
 Bot Flux [L/T]     -0.24552E-12
 WatBalT  [L]        0.27555E-01
 WatBalR  [%]              0.307
----------------------------------------------------------

----------------------------------------------------------
 Time       [T]      180.0000
----------------------------------------------------------
 Sub-region num.                     1
----------------------------------------------------------
 Length   [L]        0.15000E+03  0.15000E+03
 W-volume [L]        0.20244E+02  0.20244E+02
 In-flow  [L/T]      0.36139E+00  0.36139E+00
 h Mean   [L]       -0.12477E+03 -0.12477E+03
 Top Flux [L/T]     -0.52152E+00
 Bot Flux [L/T]      0.24552E-12
 WatBalT  [L]        0.25872E-01
 WatBalR  [%]              0.266
----------------------------------------------------------

----------------------------------------------------------
 Time       [T]      181.0000
----------------------------------------------------------
 Sub-region num.                     1
----------------------------------------------------------
 Length   [L]        0.15000E+03  0.15000E+03
 W-volume [L]        0.19956E+02  0.19956E+02
 In-flow  [L/T]     -0.28886E+00 -0.28886E+00
 h Mean   [L]       -0.12871E+03 -0.12871E+03
 Top Flux [L/T]     -0.28570E-02
 Bot Flux [L/T]      0.00000E+00
 WatBalT  [L]        0.27548E-01
 WatBalR  [%]              0.275
----------------------------------------------------------

----------------------------------------------------------
 Time       [T]      182.0000
----------------------------------------------------------
 Sub-region num.                     1
----------------------------------------------------------
 Length   [L]        0.15000E+03  0.15000E+03
 W-volume [L]        0.20310E+02  0.20310E+02
 In-flow  [L/T]      0.32680E+00  0.32680E+00
 h Mean   [L]       -0.13110E+03 -0.13110E+03
 Top Flux [L/T]     -0.51683E+00
 Bot Flux [L/T]      0.24551E-12
 WatBalT  [L]        0.25554E-01
 WatBalR  [%]              0.236
----------------------------------------------------------

----------------------------------------------------------
 Time       [T]      183.0000
----------------------------------------------------------
 Sub-region num.                     1
----------------------------------------------------------
 Length   [L]        0.15000E+03  0.15000E+03
 W-volume [L]        0.20039E+02  0.20039E+02
 In-flow  [L/T]     -0.27097E+00 -0.27097E+00
 h Mean   [L]       -0.13522E+03 -0.13522E+03
 Top Flux [L/T]     -0.28610E-02
 Bot Flux [L/T]      0.24550E-12
 WatBalT  [L]        0.26032E-01
 WatBalR  [%]              0.234
----------------------------------------------------------

----------------------------------------------------------
 Time       [T]      184.0000
----------------------------------------------------------
 Sub-region num.                     1
----------------------------------------------------------
 Length   [L]        0.15000E+03  0.15000E+03
 W-volume [L]        0.20478E+02  0.20478E+02
 In-flow  [L/T]      0.39689E+00  0.39689E+00
 h Mean   [L]       -0.12691E+03 -0.12691E+03
 Top Flux [L/T]     -0.50955E+00
 Bot Flux [L/T]      0.00000E+00
 WatBalT  [L]        0.24440E-01
 WatBalR  [%]              0.207
----------------------------------------------------------

----------------------------------------------------------
 Time       [T]      185.0000
----------------------------------------------------------
 Sub-region num.                     1
----------------------------------------------------------
 Length   [L]        0.15000E+03  0.15000E+03
 W-volume [L]        0.20288E+02  0.20288E+02
 In-flow  [L/T]     -0.19166E+00 -0.19166E+00
 h Mean   [L]       -0.12979E+03 -0.12979E+03
 Top Flux [L/T]     -0.26864E-02
 Bot Flux [L/T]      0.00000E+00
 WatBalT  [L]        0.26390E-01
 WatBalR  [%]              0.220
----------------------------------------------------------

----------------------------------------------------------
 Time       [T]      186.0000
----------------------------------------------------------
 Sub-region num.                     1
----------------------------------------------------------
 Length   [L]        0.15000E+03  0.15000E+03
 W-volume [L]        0.20052E+02  0.20052E+02
 In-flow  [L/T]     -0.24981E+00 -0.24981E+00
 h Mean   [L]       -0.13266E+03 -0.13266E+03
 Top Flux [L/T]     -0.14336E-02
 Bot Flux [L/T]     -0.24547E-12
 WatBalT  [L]        0.40573E-01
 WatBalR  [%]              0.331
----------------------------------------------------------

----------------------------------------------------------
 Time       [T]      187.0000
----------------------------------------------------------
 Sub-region num.                     1
----------------------------------------------------------
 Length   [L]        0.15000E+03  0.15000E+03
 W-volume [L]        0.19804E+02  0.19804E+02
 In-flow  [L/T]     -0.24770E+00 -0.24770E+00
 h Mean   [L]       -0.13576E+03 -0.13576E+03
 Top Flux [L/T]     -0.14181E-02
 Bot Flux [L/T]      0.24546E-12
 WatBalT  [L]        0.39371E-01
 WatBalR  [%]              0.315
----------------------------------------------------------

----------------------------------------------------------
 Time       [T]      188.0000
----------------------------------------------------------
 Sub-region num.                     1
----------------------------------------------------------
 Length   [L]        0.15000E+03  0.15000E+03
 W-volume [L]        0.19552E+02  0.19552E+02
 In-flow  [L/T]     -0.25638E+00 -0.25638E+00
 h Mean   [L]       -0.13886E+03 -0.13886E+03
 Top Flux [L/T]     -0.98787E-03
 Bot Flux [L/T]      0.24545E-12
 WatBalT  [L]        0.43807E-01
 WatBalR  [%]              0.343
----------------------------------------------------------

----------------------------------------------------------
 Time       [T]      189.0000
----------------------------------------------------------
 Sub-region num.                     1
----------------------------------------------------------
 Length   [L]        0.15000E+03  0.15000E+03
 W-volume [L]        0.19293E+02  0.19293E+02
 In-flow  [L/T]     -0.26386E+00 -0.26386E+00
 h Mean   [L]       -0.14187E+03 -0.14187E+03
 Top Flux [L/T]     -0.42354E-03
 Bot Flux [L/T]      0.24544E-12
 WatBalT  [L]        0.47703E-01
 WatBalR  [%]              0.366
----------------------------------------------------------

----------------------------------------------------------
 Time       [T]      190.0000
----------------------------------------------------------
 Sub-region num.                     1
----------------------------------------------------------
 Length   [L]        0.15000E+03  0.15000E+03
 W-volume [L]        0.19018E+02  0.19018E+02
 In-flow  [L/T]     -0.28591E+00 -0.28591E+00
 h Mean   [L]       -0.14479E+03 -0.14479E+03
 Top Flux [L/T]     -0.48029E-03
 Bot Flux [L/T]      0.24543E-12
 WatBalT  [L]        0.58549E-01
 WatBalR  [%]              0.440
----------------------------------------------------------

----------------------------------------------------------
 Time       [T]      191.0000
----------------------------------------------------------
 Sub-region num.                     1
----------------------------------------------------------
 Length   [L]        0.15000E+03  0.15000E+03
 W-volume [L]        0.18748E+02  0.18748E+02
 In-flow  [L/T]     -0.25633E+00 -0.25633E+00
 h Mean   [L]       -0.14816E+03 -0.14816E+03
 Top Flux [L/T]     -0.58709E-03
 Bot Flux [L/T]      0.24542E-12
 WatBalT  [L]        0.43779E-01
 WatBalR  [%]              0.323
----------------------------------------------------------

----------------------------------------------------------
 Time       [T]      192.0000
----------------------------------------------------------
 Sub-region num.                     1
----------------------------------------------------------
 Length   [L]        0.15000E+03  0.15000E+03
 W-volume [L]        0.18519E+02  0.18519E+02
 In-flow  [L/T]     -0.20089E+00 -0.20089E+00
 h Mean   [L]       -0.15161E+03 -0.15161E+03
 Top Flux [L/T]     -0.65070E-03
 Bot Flux [L/T]      0.24541E-12
 WatBalT  [L]        0.16196E-01
 WatBalR  [%]              0.118
----------------------------------------------------------

----------------------------------------------------------
 Time       [T]      193.0000
----------------------------------------------------------
 Sub-region num.                     1
----------------------------------------------------------
 Length   [L]        0.15000E+03  0.15000E+03
 W-volume [L]        0.18288E+02  0.18288E+02
 In-flow  [L/T]     -0.26234E+00 -0.26234E+00
 h Mean   [L]       -0.15581E+03 -0.15581E+03
 Top Flux [L/T]     -0.70641E-03
 Bot Flux [L/T]      0.24540E-12
 WatBalT  [L]        0.46860E-01
 WatBalR  [%]              0.334
----------------------------------------------------------

----------------------------------------------------------
 Time       [T]      194.0000
----------------------------------------------------------
 Sub-region num.                     1
----------------------------------------------------------
 Length   [L]        0.15000E+03  0.15000E+03
 W-volume [L]        0.18993E+02  0.18993E+02
 In-flow  [L/T]      0.43057E+00  0.43057E+00
 h Mean   [L]       -0.15545E+03 -0.15545E+03
 Top Flux [L/T]     -0.62187E+00
 Bot Flux [L/T]      0.00000E+00
 WatBalT  [L]        0.46371E-01
 WatBalR  [%]              0.305
----------------------------------------------------------

----------------------------------------------------------
 Time       [T]      195.0000
----------------------------------------------------------
 Sub-region num.                     1
----------------------------------------------------------
 Length   [L]        0.15000E+03  0.15000E+03
 W-volume [L]        0.19409E+02  0.19409E+02
 In-flow  [L/T]      0.39773E+00  0.39773E+00
 h Mean   [L]       -0.15576E+03 -0.15576E+03
 Top Flux [L/T]     -0.54873E+00
 Bot Flux [L/T]     -0.24539E-12
 WatBalT  [L]        0.45712E-01
 WatBalR  [%]              0.287
----------------------------------------------------------

----------------------------------------------------------
 Time       [T]      196.0000
----------------------------------------------------------
 Sub-region num.                     1
----------------------------------------------------------
 Length   [L]        0.15000E+03  0.15000E+03
 W-volume [L]        0.19789E+02  0.19789E+02
 In-flow  [L/T]      0.39851E+00  0.39851E+00
 h Mean   [L]       -0.15806E+03 -0.15806E+03
 Top Flux [L/T]     -0.51974E+00
 Bot Flux [L/T]      0.00000E+00
 WatBalT  [L]        0.44758E-01
 WatBalR  [%]              0.269
----------------------------------------------------------

----------------------------------------------------------
 Time       [T]      197.0000
----------------------------------------------------------
 Sub-region num.                     1
----------------------------------------------------------
 Length   [L]        0.15000E+03  0.15000E+03
 W-volume [L]        0.20188E+02  0.20188E+02
 In-flow  [L/T]      0.40038E+00  0.40038E+00
 h Mean   [L]       -0.15235E+03 -0.15235E+03
 Top Flux [L/T]     -0.50899E+00
 Bot Flux [L/T]     -0.24537E-12
 WatBalT  [L]        0.44713E-01
 WatBalR  [%]              0.259
----------------------------------------------------------

----------------------------------------------------------
 Time       [T]      198.0000
----------------------------------------------------------
 Sub-region num.                     1
----------------------------------------------------------
 Length   [L]        0.15000E+03  0.15000E+03
 W-volume [L]        0.20581E+02  0.20581E+02
 In-flow  [L/T]      0.39618E+00  0.39618E+00
 h Mean   [L]       -0.13348E+03 -0.13348E+03
 Top Flux [L/T]     -0.50334E+00
 Bot Flux [L/T]      0.00000E+00
 WatBalT  [L]        0.44399E-01
 WatBalR  [%]              0.249
----------------------------------------------------------

----------------------------------------------------------
 Time       [T]      199.0000
----------------------------------------------------------
 Sub-region num.                     1
----------------------------------------------------------
 Length   [L]        0.15000E+03  0.15000E+03
 W-volume [L]        0.20982E+02  0.20982E+02
 In-flow  [L/T]      0.40688E+00  0.40688E+00
 h Mean   [L]       -0.12367E+03 -0.12367E+03
 Top Flux [L/T]     -0.50350E+00
 Bot Flux [L/T]     -0.24537E-12
 WatBalT  [L]        0.43975E-01
 WatBalR  [%]              0.238
----------------------------------------------------------

----------------------------------------------------------
 Time       [T]      200.0000
----------------------------------------------------------
 Sub-region num.                     1
----------------------------------------------------------
 Length   [L]        0.15000E+03  0.15000E+03
 W-volume [L]        0.20687E+02  0.20687E+02
 In-flow  [L/T]     -0.29991E+00 -0.29991E+00
 h Mean   [L]       -0.12601E+03 -0.12601E+03
 Top Flux [L/T]     -0.28513E-02
 Bot Flux [L/T]      0.00000E+00
 WatBalT  [L]        0.48316E-01
 WatBalR  [%]              0.257
----------------------------------------------------------

----------------------------------------------------------
 Time       [T]      201.0000
----------------------------------------------------------
 Sub-region num.                     1
----------------------------------------------------------
 Length   [L]        0.15000E+03  0.15000E+03
 W-volume [L]        0.21075E+02  0.21075E+02
 In-flow  [L/T]      0.41030E+00  0.41030E+00
 h Mean   [L]       -0.11688E+03 -0.11688E+03
 Top Flux [L/T]     -0.50004E+00
 Bot Flux [L/T]      0.24536E-12
 WatBalT  [L]        0.44561E-01
 WatBalR  [%]              0.228
----------------------------------------------------------

----------------------------------------------------------
 Time       [T]      202.0000
----------------------------------------------------------
 Sub-region num.                     1
----------------------------------------------------------
 Length   [L]        0.15000E+03  0.15000E+03
 W-volume [L]        0.20725E+02  0.20725E+02
 In-flow  [L/T]     -0.35485E+00 -0.35485E+00
 h Mean   [L]       -0.11856E+03 -0.11856E+03
 Top Flux [L/T]     -0.29238E-02
 Bot Flux [L/T]     -0.24535E-12
 WatBalT  [L]        0.46588E-01
 WatBalR  [%]              0.235
----------------------------------------------------------

----------------------------------------------------------
 Time       [T]      203.0000
----------------------------------------------------------
 Sub-region num.                     1
----------------------------------------------------------
 Length   [L]        0.15000E+03  0.15000E+03
 W-volume [L]        0.20373E+02  0.20373E+02
 In-flow  [L/T]     -0.35067E+00 -0.35067E+00
 h Mean   [L]       -0.12071E+03 -0.12071E+03
 Top Flux [L/T]     -0.17052E-02
 Bot Flux [L/T]     -0.24534E-12
 WatBalT  [L]        0.45420E-01
 WatBalR  [%]              0.225
----------------------------------------------------------

----------------------------------------------------------
 Time       [T]      204.0000
----------------------------------------------------------
 Sub-region num.                     1
----------------------------------------------------------
 Length   [L]        0.15000E+03  0.15000E+03
 W-volume [L]        0.20027E+02  0.20027E+02
 In-flow  [L/T]     -0.34413E+00 -0.34413E+00
 h Mean   [L]       -0.12325E+03 -0.12325E+03
 Top Flux [L/T]     -0.13025E-02
 Bot Flux [L/T]      0.00000E+00
 WatBalT  [L]        0.43246E-01
 WatBalR  [%]              0.210
----------------------------------------------------------

----------------------------------------------------------
 Time       [T]      205.0000
----------------------------------------------------------
 Sub-region num.                     1
----------------------------------------------------------
 Length   [L]        0.15000E+03  0.15000E+03
 W-volume [L]        0.19679E+02  0.19679E+02
 In-flow  [L/T]     -0.35098E+00 -0.35098E+00
 h Mean   [L]       -0.12676E+03 -0.12676E+03
 Top Flux [L/T]     -0.60522E-03
 Bot Flux [L/T]      0.00000E+00
 WatBalT  [L]        0.46567E-01
 WatBalR  [%]              0.223
----------------------------------------------------------

----------------------------------------------------------
 Time       [T]      206.0000
----------------------------------------------------------
 Sub-region num.                     1
----------------------------------------------------------
 Length   [L]        0.15000E+03  0.15000E+03
 W-volume [L]        0.19332E+02  0.19332E+02
 In-flow  [L/T]     -0.34340E+00 -0.34340E+00
 h Mean   [L]       -0.13256E+03 -0.13256E+03
 Top Flux [L/T]     -0.49474E-03
 Bot Flux [L/T]      0.00000E+00
 WatBalT  [L]        0.39199E-01
 WatBalR  [%]              0.185
----------------------------------------------------------

----------------------------------------------------------
 Time       [T]      207.0000
----------------------------------------------------------
 Sub-region num.                     1
----------------------------------------------------------
 Length   [L]        0.15000E+03  0.15000E+03
 W-volume [L]        0.19004E+02  0.19004E+02
 In-flow  [L/T]     -0.32080E+00 -0.32080E+00
 h Mean   [L]       -0.13789E+03 -0.13789E+03
 Top Flux [L/T]     -0.61064E-03
 Bot Flux [L/T]      0.00000E+00
 WatBalT  [L]        0.30563E-01
 WatBalR  [%]              0.142
----------------------------------------------------------

----------------------------------------------------------
 Time       [T]      208.0000
----------------------------------------------------------
 Sub-region num.                     1
----------------------------------------------------------
 Length   [L]        0.15000E+03  0.15000E+03
 W-volume [L]        0.18725E+02  0.18725E+02
 In-flow  [L/T]     -0.24042E+00 -0.24042E+00
 h Mean   [L]       -0.14163E+03 -0.14163E+03
 Top Flux [L/T]     -0.68535E-03
 Bot Flux [L/T]      0.00000E+00
 WatBalT  [L]       -0.88363E-02
 WatBalR  [%]              0.041
----------------------------------------------------------

----------------------------------------------------------
 Time       [T]      209.0000
----------------------------------------------------------
 Sub-region num.                     1
----------------------------------------------------------
 Length   [L]        0.15000E+03  0.15000E+03
 W-volume [L]        0.18478E+02  0.18478E+02
 In-flow  [L/T]     -0.25353E+00 -0.25353E+00
 h Mean   [L]       -0.14480E+03 -0.14480E+03
 Top Flux [L/T]     -0.72080E-03
 Bot Flux [L/T]      0.00000E+00
 WatBalT  [L]       -0.20719E-02
 WatBalR  [%]              0.009
----------------------------------------------------------

----------------------------------------------------------
 Time       [T]      210.0000
----------------------------------------------------------
 Sub-region num.                     1
----------------------------------------------------------
 Length   [L]        0.15000E+03  0.15000E+03
 W-volume [L]        0.18213E+02  0.18213E+02
 In-flow  [L/T]     -0.27613E+00 -0.27613E+00
 h Mean   [L]       -0.14900E+03 -0.14900E+03
 Top Flux [L/T]     -0.74461E-03
 Bot Flux [L/T]      0.00000E+00
 WatBalT  [L]        0.93155E-02
 WatBalR  [%]              0.042
----------------------------------------------------------

----------------------------------------------------------
 Time       [T]      211.0000
----------------------------------------------------------
 Sub-region num.                     1
----------------------------------------------------------
 Length   [L]        0.15000E+03  0.15000E+03
 W-volume [L]        0.17938E+02  0.17938E+02
 In-flow  [L/T]     -0.27414E+00 -0.27414E+00
 h Mean   [L]       -0.15620E+03 -0.15620E+03
 Top Flux [L/T]     -0.71588E-03
 Bot Flux [L/T]      0.00000E+00
 WatBalT  [L]        0.83432E-02
 WatBalR  [%]              0.037
----------------------------------------------------------

----------------------------------------------------------
 Time       [T]      212.0000
----------------------------------------------------------
 Sub-region num.                     1
----------------------------------------------------------
 Length   [L]        0.15000E+03  0.15000E+03
 W-volume [L]        0.17656E+02  0.17656E+02
 In-flow  [L/T]     -0.29002E+00 -0.29002E+00
 h Mean   [L]       -0.17318E+03 -0.17318E+03
 Top Flux [L/T]     -0.59665E-03
 Bot Flux [L/T]      0.00000E+00
 WatBalT  [L]       -0.13914E-02
 WatBalR  [%]              0.006
----------------------------------------------------------

----------------------------------------------------------
 Time       [T]      213.0000
----------------------------------------------------------
 Sub-region num.                     1
----------------------------------------------------------
 Length   [L]        0.15000E+03  0.15000E+03
 W-volume [L]        0.17426E+02  0.17426E+02
 In-flow  [L/T]     -0.20638E+00 -0.20638E+00
 h Mean   [L]       -0.20429E+03 -0.20429E+03
 Top Flux [L/T]     -0.33965E-03
 Bot Flux [L/T]      0.00000E+00
 WatBalT  [L]       -0.46656E-01
 WatBalR  [%]              0.202
----------------------------------------------------------

----------------------------------------------------------
 Time       [T]      214.0000
----------------------------------------------------------
 Sub-region num.                     1
----------------------------------------------------------
 Length   [L]        0.15000E+03  0.15000E+03
 W-volume [L]        0.17277E+02  0.17277E+02
 In-flow  [L/T]     -0.13309E+00 -0.13309E+00
 h Mean   [L]       -0.23068E+03 -0.23068E+03
 Top Flux [L/T]     -0.35310E-03
 Bot Flux [L/T]      0.00000E+00
 WatBalT  [L]       -0.73600E-01
 WatBalR  [%]              0.317
----------------------------------------------------------

----------------------------------------------------------
 Time       [T]      215.0000
----------------------------------------------------------
 Sub-region num.                     1
----------------------------------------------------------
 Length   [L]        0.15000E+03  0.15000E+03
 W-volume [L]        0.17181E+02  0.17181E+02
 In-flow  [L/T]     -0.82369E-01 -0.82369E-01
 h Mean   [L]       -0.24884E+03 -0.24884E+03
 Top Flux [L/T]     -0.36121E-03
 Bot Flux [L/T]      0.00000E+00
 WatBalT  [L]       -0.94698E-01
 WatBalR  [%]              0.407
----------------------------------------------------------

----------------------------------------------------------
 Time       [T]      216.0000
----------------------------------------------------------
 Sub-region num.                     1
----------------------------------------------------------
 Length   [L]        0.15000E+03  0.15000E+03
 W-volume [L]        0.17121E+02  0.17121E+02
 In-flow  [L/T]     -0.51214E-01 -0.51214E-01
 h Mean   [L]       -0.26269E+03 -0.26269E+03
 Top Flux [L/T]     -0.34507E-03
 Bot Flux [L/T]      0.00000E+00
 WatBalT  [L]       -0.10884E+00
 WatBalR  [%]              0.467
----------------------------------------------------------

----------------------------------------------------------
 Time       [T]      217.0000
----------------------------------------------------------
 Sub-region num.                     1
----------------------------------------------------------
 Length   [L]        0.15000E+03  0.15000E+03
 W-volume [L]        0.17092E+02  0.17092E+02
 In-flow  [L/T]     -0.19687E-01 -0.19687E-01
 h Mean   [L]       -0.27196E+03 -0.27196E+03
 Top Flux [L/T]     -0.32494E-03
 Bot Flux [L/T]      0.00000E+00
 WatBalT  [L]       -0.12142E+00
 WatBalR  [%]              0.521
----------------------------------------------------------

----------------------------------------------------------
 Time       [T]      218.0000
----------------------------------------------------------
 Sub-region num.                     1
----------------------------------------------------------
 Length   [L]        0.15000E+03  0.15000E+03
 W-volume [L]        0.17080E+02  0.17080E+02
 In-flow  [L/T]     -0.85488E-02 -0.85488E-02
 h Mean   [L]       -0.27660E+03 -0.27660E+03
 Top Flux [L/T]     -0.30500E-03
 Bot Flux [L/T]      0.00000E+00
 WatBalT  [L]       -0.12534E+00
 WatBalR  [%]              0.537
----------------------------------------------------------

----------------------------------------------------------
 Time       [T]      219.0000
----------------------------------------------------------
 Sub-region num.                     1
----------------------------------------------------------
 Length   [L]        0.15000E+03  0.15000E+03
 W-volume [L]        0.17072E+02  0.17072E+02
 In-flow  [L/T]     -0.94932E-02 -0.94932E-02
 h Mean   [L]       -0.27889E+03 -0.27889E+03
 Top Flux [L/T]     -0.28585E-03
 Bot Flux [L/T]      0.00000E+00
 WatBalT  [L]       -0.12456E+00
 WatBalR  [%]              0.534
----------------------------------------------------------

----------------------------------------------------------
 Time       [T]      220.0000
----------------------------------------------------------
 Sub-region num.                     1
----------------------------------------------------------
 Length   [L]        0.15000E+03  0.15000E+03
 W-volume [L]        0.17064E+02  0.17064E+02
 In-flow  [L/T]     -0.78599E-02 -0.78599E-02
 h Mean   [L]       -0.28033E+03 -0.28033E+03
 Top Flux [L/T]     -0.26775E-03
 Bot Flux [L/T]      0.00000E+00
 WatBalT  [L]       -0.12502E+00
 WatBalR  [%]              0.536
----------------------------------------------------------

----------------------------------------------------------
 Time       [T]      221.0000
----------------------------------------------------------
 Sub-region num.                     1
----------------------------------------------------------
 Length   [L]        0.15000E+03  0.15000E+03
 W-volume [L]        0.17056E+02  0.17056E+02
 In-flow  [L/T]     -0.78915E-02 -0.78915E-02
 h Mean   [L]       -0.28126E+03 -0.28126E+03
 Top Flux [L/T]     -0.25074E-03
 Bot Flux [L/T]      0.00000E+00
 WatBalT  [L]       -0.12489E+00
 WatBalR  [%]              0.535
----------------------------------------------------------

----------------------------------------------------------
 Time       [T]      222.0000
----------------------------------------------------------
 Sub-region num.                     1
----------------------------------------------------------
 Length   [L]        0.15000E+03  0.15000E+03
 W-volume [L]        0.17048E+02  0.17048E+02
 In-flow  [L/T]     -0.82901E-02 -0.82901E-02
 h Mean   [L]       -0.28219E+03 -0.28219E+03
 Top Flux [L/T]     -0.23476E-03
 Bot Flux [L/T]      0.00000E+00
 WatBalT  [L]       -0.12469E+00
 WatBalR  [%]              0.534
----------------------------------------------------------

----------------------------------------------------------
 Time       [T]      223.0000
----------------------------------------------------------
 Sub-region num.                     1
----------------------------------------------------------
 Length   [L]        0.15000E+03  0.15000E+03
 W-volume [L]        0.17041E+02  0.17041E+02
 In-flow  [L/T]     -0.68007E-02 -0.68007E-02
 h Mean   [L]       -0.28292E+03 -0.28292E+03
 Top Flux [L/T]     -0.21976E-03
 Bot Flux [L/T]      0.00000E+00
 WatBalT  [L]       -0.12537E+00
 WatBalR  [%]              0.537
----------------------------------------------------------

----------------------------------------------------------
 Time       [T]      224.0000
----------------------------------------------------------
 Sub-region num.                     1
----------------------------------------------------------
 Length   [L]        0.15000E+03  0.15000E+03
 W-volume [L]        0.17035E+02  0.17035E+02
 In-flow  [L/T]     -0.45239E-02 -0.45239E-02
 h Mean   [L]       -0.28337E+03 -0.28337E+03
 Top Flux [L/T]     -0.20568E-03
 Bot Flux [L/T]      0.00000E+00
 WatBalT  [L]       -0.12646E+00
 WatBalR  [%]              0.541
----------------------------------------------------------

----------------------------------------------------------
 Time       [T]      225.0000
----------------------------------------------------------
 Sub-region num.                     1
----------------------------------------------------------
 Length   [L]        0.15000E+03  0.15000E+03
 W-volume [L]        0.17030E+02  0.17030E+02
 In-flow  [L/T]     -0.56946E-02 -0.56946E-02
 h Mean   [L]       -0.28372E+03 -0.28372E+03
 Top Flux [L/T]     -0.19248E-03
 Bot Flux [L/T]      0.00000E+00
 WatBalT  [L]       -0.12588E+00
 WatBalR  [%]              0.538
----------------------------------------------------------

----------------------------------------------------------
 Time       [T]      226.0000
----------------------------------------------------------
 Sub-region num.                     1
----------------------------------------------------------
 Length   [L]        0.15000E+03  0.15000E+03
 W-volume [L]        0.17024E+02  0.17024E+02
 In-flow  [L/T]     -0.63851E-02 -0.63851E-02
 h Mean   [L]       -0.28404E+03 -0.28404E+03
 Top Flux [L/T]     -0.18010E-03
 Bot Flux [L/T]      0.00000E+00
 WatBalT  [L]       -0.12553E+00
 WatBalR  [%]              0.537
----------------------------------------------------------

----------------------------------------------------------
 Time       [T]      227.0000
----------------------------------------------------------
 Sub-region num.                     1
----------------------------------------------------------
 Length   [L]        0.15000E+03  0.15000E+03
 W-volume [L]        0.17018E+02  0.17018E+02
 In-flow  [L/T]     -0.66416E-02 -0.66416E-02
 h Mean   [L]       -0.28434E+03 -0.28434E+03
 Top Flux [L/T]     -0.16850E-03
 Bot Flux [L/T]      0.00000E+00
 WatBalT  [L]       -0.12539E+00
 WatBalR  [%]              0.536
----------------------------------------------------------

----------------------------------------------------------
 Time       [T]      228.0000
----------------------------------------------------------
 Sub-region num.                     1
----------------------------------------------------------
 Length   [L]        0.15000E+03  0.15000E+03
 W-volume [L]        0.17012E+02  0.17012E+02
 In-flow  [L/T]     -0.48847E-02 -0.48847E-02
 h Mean   [L]       -0.28460E+03 -0.28460E+03
 Top Flux [L/T]     -0.15762E-03
 Bot Flux [L/T]      0.00000E+00
 WatBalT  [L]       -0.12626E+00
 WatBalR  [%]              0.540
----------------------------------------------------------

----------------------------------------------------------
 Time       [T]      229.0000
----------------------------------------------------------
 Sub-region num.                     1
----------------------------------------------------------
 Length   [L]        0.15000E+03  0.15000E+03
 W-volume [L]        0.17006E+02  0.17006E+02
 In-flow  [L/T]     -0.66598E-02 -0.66598E-02
 h Mean   [L]       -0.28482E+03 -0.28482E+03
 Top Flux [L/T]     -0.14743E-03
 Bot Flux [L/T]      0.00000E+00
 WatBalT  [L]       -0.12537E+00
 WatBalR  [%]              0.536
----------------------------------------------------------

----------------------------------------------------------
 Time       [T]      230.0000
----------------------------------------------------------
 Sub-region num.                     1
----------------------------------------------------------
 Length   [L]        0.15000E+03  0.15000E+03
 W-volume [L]        0.16999E+02  0.16999E+02
 In-flow  [L/T]     -0.81071E-02 -0.81071E-02
 h Mean   [L]       -0.28511E+03 -0.28511E+03
 Top Flux [L/T]     -0.13788E-03
 Bot Flux [L/T]      0.00000E+00
 WatBalT  [L]       -0.12465E+00
 WatBalR  [%]              0.532
----------------------------------------------------------

----------------------------------------------------------
 Time       [T]      231.0000
----------------------------------------------------------
 Sub-region num.                     1
----------------------------------------------------------
 Length   [L]        0.15000E+03  0.15000E+03
 W-volume [L]        0.16993E+02  0.16993E+02
 In-flow  [L/T]     -0.44348E-02 -0.44348E-02
 h Mean   [L]       -0.28533E+03 -0.28533E+03
 Top Flux [L/T]     -0.12894E-03
 Bot Flux [L/T]      0.00000E+00
 WatBalT  [L]       -0.12648E+00
 WatBalR  [%]              0.540
----------------------------------------------------------

----------------------------------------------------------
 Time       [T]      232.0000
----------------------------------------------------------
 Sub-region num.                     1
----------------------------------------------------------
 Length   [L]        0.15000E+03  0.15000E+03
 W-volume [L]        0.16989E+02  0.16989E+02
 In-flow  [L/T]     -0.37295E-02 -0.37295E-02
 h Mean   [L]       -0.28549E+03 -0.28549E+03
 Top Flux [L/T]     -0.12057E-03
 Bot Flux [L/T]      0.00000E+00
 WatBalT  [L]       -0.12683E+00
 WatBalR  [%]              0.542
----------------------------------------------------------

----------------------------------------------------------
 Time       [T]      233.0000
----------------------------------------------------------
 Sub-region num.                     1
----------------------------------------------------------
 Length   [L]        0.15000E+03  0.15000E+03
 W-volume [L]        0.16986E+02  0.16986E+02
 In-flow  [L/T]     -0.17848E-02 -0.17848E-02
 h Mean   [L]       -0.28559E+03 -0.28559E+03
 Top Flux [L/T]     -0.11251E-03
 Bot Flux [L/T]      0.00000E+00
 WatBalT  [L]       -0.12779E+00
 WatBalR  [%]              0.546
----------------------------------------------------------

----------------------------------------------------------
 Time       [T]      234.0000
----------------------------------------------------------
 Sub-region num.                     1
----------------------------------------------------------
 Length   [L]        0.15000E+03  0.15000E+03
 W-volume [L]        0.16982E+02  0.16982E+02
 In-flow  [L/T]     -0.53010E-02 -0.53010E-02
 h Mean   [L]       -0.28578E+03 -0.28578E+03
 Top Flux [L/T]     -0.10528E-03
 Bot Flux [L/T]      0.00000E+00
 WatBalT  [L]       -0.12605E+00
 WatBalR  [%]              0.538
----------------------------------------------------------

----------------------------------------------------------
 Time       [T]      235.0000
----------------------------------------------------------
 Sub-region num.                     1
----------------------------------------------------------
 Length   [L]        0.15000E+03  0.15000E+03
 W-volume [L]        0.16977E+02  0.16977E+02
 In-flow  [L/T]     -0.58860E-02 -0.58860E-02
 h Mean   [L]       -0.28606E+03 -0.28606E+03
 Top Flux [L/T]     -0.98508E-04
 Bot Flux [L/T]      0.00000E+00
 WatBalT  [L]       -0.12575E+00
 WatBalR  [%]              0.537
----------------------------------------------------------

----------------------------------------------------------
 Time       [T]      236.0000
----------------------------------------------------------
 Sub-region num.                     1
----------------------------------------------------------
 Length   [L]        0.15000E+03  0.15000E+03
 W-volume [L]        0.16971E+02  0.16971E+02
 In-flow  [L/T]     -0.52913E-02 -0.52913E-02
 h Mean   [L]       -0.28634E+03 -0.28634E+03
 Top Flux [L/T]     -0.92105E-04
 Bot Flux [L/T]      0.00000E+00
 WatBalT  [L]       -0.12605E+00
 WatBalR  [%]              0.538
----------------------------------------------------------

----------------------------------------------------------
 Time       [T]      237.0000
----------------------------------------------------------
 Sub-region num.                     1
----------------------------------------------------------
 Length   [L]        0.15000E+03  0.15000E+03
 W-volume [L]        0.16966E+02  0.16966E+02
 In-flow  [L/T]     -0.41060E-02 -0.41060E-02
 h Mean   [L]       -0.28665E+03 -0.28665E+03
 Top Flux [L/T]     -0.86037E-04
 Bot Flux [L/T]      0.00000E+00
 WatBalT  [L]       -0.12664E+00
 WatBalR  [%]              0.540
----------------------------------------------------------

----------------------------------------------------------
 Time       [T]      238.0000
----------------------------------------------------------
 Sub-region num.                     1
----------------------------------------------------------
 Length   [L]        0.15000E+03  0.15000E+03
 W-volume [L]        0.16962E+02  0.16962E+02
 In-flow  [L/T]     -0.53565E-02 -0.53565E-02
 h Mean   [L]       -0.28699E+03 -0.28699E+03
 Top Flux [L/T]     -0.80448E-04
 Bot Flux [L/T]      0.00000E+00
 WatBalT  [L]       -0.12602E+00
 WatBalR  [%]              0.537
----------------------------------------------------------

----------------------------------------------------------
 Time       [T]      239.0000
----------------------------------------------------------
 Sub-region num.                     1
----------------------------------------------------------
 Length   [L]        0.15000E+03  0.15000E+03
 W-volume [L]        0.16957E+02  0.16957E+02
 In-flow  [L/T]     -0.46461E-02 -0.46461E-02
 h Mean   [L]       -0.28737E+03 -0.28737E+03
 Top Flux [L/T]     -0.75141E-04
 Bot Flux [L/T]      0.00000E+00
 WatBalT  [L]       -0.12637E+00
 WatBalR  [%]              0.539
----------------------------------------------------------

----------------------------------------------------------
 Time       [T]      240.0000
----------------------------------------------------------
 Sub-region num.                     1
----------------------------------------------------------
 Length   [L]        0.15000E+03  0.15000E+03
 W-volume [L]        0.16952E+02  0.16952E+02
 In-flow  [L/T]     -0.43510E-02 -0.43510E-02
 h Mean   [L]       -0.28781E+03 -0.28781E+03
 Top Flux [L/T]     -0.70198E-04
 Bot Flux [L/T]      0.00000E+00
 WatBalT  [L]       -0.12652E+00
 WatBalR  [%]              0.539
----------------------------------------------------------

----------------------------------------------------------
 Time       [T]      241.0000
----------------------------------------------------------
 Sub-region num.                     1
----------------------------------------------------------
 Length   [L]        0.15000E+03  0.15000E+03
 W-volume [L]        0.16947E+02  0.16947E+02
 In-flow  [L/T]     -0.51833E-02 -0.51833E-02
 h Mean   [L]       -0.28827E+03 -0.28827E+03
 Top Flux [L/T]     -0.65620E-04
 Bot Flux [L/T]      0.00000E+00
 WatBalT  [L]       -0.12616E+00
 WatBalR  [%]              0.538
----------------------------------------------------------

----------------------------------------------------------
 Time       [T]      242.0000
----------------------------------------------------------
 Sub-region num.                     1
----------------------------------------------------------
 Length   [L]        0.15000E+03  0.15000E+03
 W-volume [L]        0.16942E+02  0.16942E+02
 In-flow  [L/T]     -0.58609E-02 -0.58609E-02
 h Mean   [L]       -0.28895E+03 -0.28895E+03
 Top Flux [L/T]     -0.61328E-04
 Bot Flux [L/T]      0.00000E+00
 WatBalT  [L]       -0.12586E+00
 WatBalR  [%]              0.536
----------------------------------------------------------

----------------------------------------------------------
 Time       [T]      243.0000
----------------------------------------------------------
 Sub-region num.                     1
----------------------------------------------------------
 Length   [L]        0.15000E+03  0.15000E+03
 W-volume [L]        0.16937E+02  0.16937E+02
 In-flow  [L/T]     -0.46485E-02 -0.46485E-02
 h Mean   [L]       -0.28956E+03 -0.28956E+03
 Top Flux [L/T]     -0.57276E-04
 Bot Flux [L/T]      0.00000E+00
 WatBalT  [L]       -0.12643E+00
 WatBalR  [%]              0.539
----------------------------------------------------------

----------------------------------------------------------
 Time       [T]      244.0000
----------------------------------------------------------
 Sub-region num.                     1
----------------------------------------------------------
 Length   [L]        0.15000E+03  0.15000E+03
 W-volume [L]        0.16935E+02  0.16935E+02
 In-flow  [L/T]     -0.81420E-04 -0.81420E-04
 h Mean   [L]       -0.28985E+03 -0.28985E+03
 Top Flux [L/T]     -0.53559E-04
 Bot Flux [L/T]      0.00000E+00
 WatBalT  [L]        0.55830E+01
 WatBalR  [%]             19.131
----------------------------------------------------------

----------------------------------------------------------
 Time       [T]      245.0000
----------------------------------------------------------
 Sub-region num.                     1
----------------------------------------------------------
 Length   [L]        0.15000E+03  0.15000E+03
 W-volume [L]        0.83670E+01  0.83670E+01
 In-flow  [L/T]     -0.57117E+01 -0.57117E+01
 h Mean   [L]       -0.35013E+03 -0.35013E+03
 Top Flux [L/T]     -0.49957E-04
 Bot Flux [L/T]      0.00000E+00
 WatBalT  [L]        0.12993E+01
 WatBalR  [%]              3.882
----------------------------------------------------------

----------------------------------------------------------
 Time       [T]      246.0000
----------------------------------------------------------
 Sub-region num.                     1
----------------------------------------------------------
 Length   [L]        0.15000E+03  0.15000E+03
 W-volume [L]        0.62250E+01  0.62250E+01
 In-flow  [L/T]     -0.14280E+01 -0.14280E+01
 h Mean   [L]       -0.50799E+03 -0.50799E+03
 Top Flux [L/T]     -0.46780E-04
 Bot Flux [L/T]      0.00000E+00
 WatBalT  [L]        0.22829E+00
 WatBalR  [%]              0.661
----------------------------------------------------------

----------------------------------------------------------
 Time       [T]      247.0000
----------------------------------------------------------
 Sub-region num.                     1
----------------------------------------------------------
 Length   [L]        0.15000E+03  0.15000E+03
 W-volume [L]        0.56895E+01  0.56895E+01
 In-flow  [L/T]     -0.35706E+00 -0.35706E+00
 h Mean   [L]       -0.67445E+03 -0.67445E+03
 Top Flux [L/T]     -0.43680E-04
 Bot Flux [L/T]      0.00000E+00
 WatBalT  [L]       -0.39448E-01
 WatBalR  [%]              0.113
----------------------------------------------------------

----------------------------------------------------------
 Time       [T]      248.0000
----------------------------------------------------------
 Sub-region num.                     1
----------------------------------------------------------
 Length   [L]        0.15000E+03  0.15000E+03
 W-volume [L]        0.55556E+01  0.55556E+01
 In-flow  [L/T]     -0.89328E-01 -0.89328E-01
 h Mean   [L]       -0.75629E+03 -0.75629E+03
 Top Flux [L/T]     -0.40803E-04
 Bot Flux [L/T]      0.00000E+00
 WatBalT  [L]       -0.10639E+00
 WatBalR  [%]              0.305
----------------------------------------------------------

----------------------------------------------------------
 Time       [T]      249.0000
----------------------------------------------------------
 Sub-region num.                     1
----------------------------------------------------------
 Length   [L]        0.15000E+03  0.15000E+03
 W-volume [L]        0.55221E+01  0.55221E+01
 In-flow  [L/T]     -0.22377E-01 -0.22377E-01
 h Mean   [L]       -0.78170E+03 -0.78170E+03
 Top Flux [L/T]     -0.38122E-04
 Bot Flux [L/T]      0.00000E+00
 WatBalT  [L]       -0.12312E+00
 WatBalR  [%]              0.353
----------------------------------------------------------

----------------------------------------------------------
 Time       [T]      250.0000
----------------------------------------------------------
 Sub-region num.                     1
----------------------------------------------------------
 Length   [L]        0.15000E+03  0.15000E+03
 W-volume [L]        0.55138E+01  0.55138E+01
 In-flow  [L/T]     -0.56097E-02 -0.56097E-02
 h Mean   [L]       -0.78952E+03 -0.78952E+03
 Top Flux [L/T]     -0.35619E-04
 Bot Flux [L/T]      0.00000E+00
 WatBalT  [L]       -0.12733E+00
 WatBalR  [%]              0.365
----------------------------------------------------------

----------------------------------------------------------
 Time       [T]      251.0000
----------------------------------------------------------
 Sub-region num.                     1
----------------------------------------------------------
 Length   [L]        0.15000E+03  0.15000E+03
 W-volume [L]        0.55124E+01  0.55124E+01
 In-flow  [L/T]     -0.74327E-04 -0.74327E-04
 h Mean   [L]       -0.79084E+03 -0.79084E+03
 Top Flux [L/T]     -0.33280E-04
 Bot Flux [L/T]      0.00000E+00
 WatBalT  [L]       -0.12869E+00
 WatBalR  [%]              0.369
----------------------------------------------------------

----------------------------------------------------------
 Time       [T]      252.0000
----------------------------------------------------------
 Sub-region num.                     1
----------------------------------------------------------
 Length   [L]        0.15000E+03  0.15000E+03
 W-volume [L]        0.55123E+01  0.55123E+01
 In-flow  [L/T]     -0.69976E-04 -0.69976E-04
 h Mean   [L]       -0.79091E+03 -0.79091E+03
 Top Flux [L/T]     -0.31094E-04
 Bot Flux [L/T]      0.00000E+00
 WatBalT  [L]       -0.12869E+00
 WatBalR  [%]              0.369
----------------------------------------------------------

----------------------------------------------------------
 Time       [T]      253.0000
----------------------------------------------------------
 Sub-region num.                     1
----------------------------------------------------------
 Length   [L]        0.15000E+03  0.15000E+03
 W-volume [L]        0.55123E+01  0.55123E+01
 In-flow  [L/T]     -0.65684E-04 -0.65684E-04
 h Mean   [L]       -0.79091E+03 -0.79091E+03
 Top Flux [L/T]     -0.29051E-04
 Bot Flux [L/T]      0.00000E+00
 WatBalT  [L]       -0.12869E+00
 WatBalR  [%]              0.369
----------------------------------------------------------

----------------------------------------------------------
 Time       [T]      254.0000
----------------------------------------------------------
 Sub-region num.                     1
----------------------------------------------------------
 Length   [L]        0.15000E+03  0.15000E+03
 W-volume [L]        0.55123E+01  0.55123E+01
 In-flow  [L/T]     -0.61557E-04 -0.61557E-04
 h Mean   [L]       -0.79091E+03 -0.79091E+03
 Top Flux [L/T]     -0.27141E-04
 Bot Flux [L/T]      0.00000E+00
 WatBalT  [L]       -0.12869E+00
 WatBalR  [%]              0.369
----------------------------------------------------------

----------------------------------------------------------
 Time       [T]      255.0000
----------------------------------------------------------
 Sub-region num.                     1
----------------------------------------------------------
 Length   [L]        0.15000E+03  0.15000E+03
 W-volume [L]        0.55123E+01  0.55123E+01
 In-flow  [L/T]     -0.29802E-06 -0.29802E-06
 h Mean   [L]       -0.79089E+03 -0.79089E+03
 Top Flux [L/T]     -0.25292E-04
 Bot Flux [L/T]      0.00000E+00
 WatBalT  [L]       -0.12866E+00
 WatBalR  [%]              0.369
----------------------------------------------------------

----------------------------------------------------------
 Time       [T]      256.0000
----------------------------------------------------------
 Sub-region num.                     1
----------------------------------------------------------
 Length   [L]        0.15000E+03  0.15000E+03
 W-volume [L]        0.55122E+01  0.55122E+01
 In-flow  [L/T]     -0.29802E-06 -0.29802E-06
 h Mean   [L]       -0.79090E+03 -0.79090E+03
 Top Flux [L/T]     -0.23641E-04
 Bot Flux [L/T]      0.00000E+00
 WatBalT  [L]       -0.12869E+00
 WatBalR  [%]              0.369
----------------------------------------------------------

----------------------------------------------------------
 Time       [T]      257.0000
----------------------------------------------------------
 Sub-region num.                     1
----------------------------------------------------------
 Length   [L]        0.15000E+03  0.15000E+03
 W-volume [L]        0.55122E+01  0.55122E+01
 In-flow  [L/T]     -0.70676E-04 -0.70676E-04
 h Mean   [L]       -0.79091E+03 -0.79091E+03
 Top Flux [L/T]     -0.22113E-04
 Bot Flux [L/T]      0.00000E+00
 WatBalT  [L]       -0.12869E+00
 WatBalR  [%]              0.369
----------------------------------------------------------

----------------------------------------------------------
 Time       [T]      258.0000
----------------------------------------------------------
 Sub-region num.                     1
----------------------------------------------------------
 Length   [L]        0.15000E+03  0.15000E+03
 W-volume [L]        0.55122E+01  0.55122E+01
 In-flow  [L/T]     -0.26822E-06 -0.26822E-06
 h Mean   [L]       -0.79089E+03 -0.79089E+03
 Top Flux [L/T]     -0.20617E-04
 Bot Flux [L/T]      0.00000E+00
 WatBalT  [L]       -0.12866E+00
 WatBalR  [%]              0.369
----------------------------------------------------------

----------------------------------------------------------
 Time       [T]      259.0000
----------------------------------------------------------
 Sub-region num.                     1
----------------------------------------------------------
 Length   [L]        0.15000E+03  0.15000E+03
 W-volume [L]        0.55122E+01  0.55122E+01
 In-flow  [L/T]     -0.28312E-06 -0.28312E-06
 h Mean   [L]       -0.79090E+03 -0.79090E+03
 Top Flux [L/T]     -0.19275E-04
 Bot Flux [L/T]      0.00000E+00
 WatBalT  [L]       -0.12869E+00
 WatBalR  [%]              0.369
----------------------------------------------------------

----------------------------------------------------------
 Time       [T]      260.0000
----------------------------------------------------------
 Sub-region num.                     1
----------------------------------------------------------
 Length   [L]        0.15000E+03  0.15000E+03
 W-volume [L]        0.55121E+01  0.55121E+01
 In-flow  [L/T]     -0.47207E-04 -0.47207E-04
 h Mean   [L]       -0.79091E+03 -0.79091E+03
 Top Flux [L/T]     -0.18017E-04
 Bot Flux [L/T]      0.00000E+00
 WatBalT  [L]       -0.12869E+00
 WatBalR  [%]              0.369
----------------------------------------------------------

----------------------------------------------------------
 Time       [T]      261.0000
----------------------------------------------------------
 Sub-region num.                     1
----------------------------------------------------------
 Length   [L]        0.15000E+03  0.15000E+03
 W-volume [L]        0.55121E+01  0.55121E+01
 In-flow  [L/T]     -0.26822E-06 -0.26822E-06
 h Mean   [L]       -0.79089E+03 -0.79089E+03
 Top Flux [L/T]     -0.16803E-04
 Bot Flux [L/T]      0.00000E+00
 WatBalT  [L]       -0.12866E+00
 WatBalR  [%]              0.369
----------------------------------------------------------

----------------------------------------------------------
 Time       [T]      262.0000
----------------------------------------------------------
 Sub-region num.                     1
----------------------------------------------------------
 Length   [L]        0.15000E+03  0.15000E+03
 W-volume [L]        0.55121E+01  0.55121E+01
 In-flow  [L/T]     -0.25332E-06 -0.25332E-06
 h Mean   [L]       -0.79091E+03 -0.79091E+03
 Top Flux [L/T]     -0.15713E-04
 Bot Flux [L/T]      0.00000E+00
 WatBalT  [L]       -0.12869E+00
 WatBalR  [%]              0.369
----------------------------------------------------------

----------------------------------------------------------
 Time       [T]      263.0000
----------------------------------------------------------
 Sub-region num.                     1
----------------------------------------------------------
 Length   [L]        0.15000E+03  0.15000E+03
 W-volume [L]        0.55121E+01  0.55121E+01
 In-flow  [L/T]     -0.26822E-06 -0.26822E-06
 h Mean   [L]       -0.79090E+03 -0.79090E+03
 Top Flux [L/T]     -0.14661E-04
 Bot Flux [L/T]      0.00000E+00
 WatBalT  [L]       -0.12866E+00
 WatBalR  [%]              0.369
----------------------------------------------------------

----------------------------------------------------------
 Time       [T]      264.0000
----------------------------------------------------------
 Sub-region num.                     1
----------------------------------------------------------
 Length   [L]        0.15000E+03  0.15000E+03
 W-volume [L]        0.55121E+01  0.55121E+01
 In-flow  [L/T]     -0.26822E-06 -0.26822E-06
 h Mean   [L]       -0.79091E+03 -0.79091E+03
 Top Flux [L/T]     -0.13711E-04
 Bot Flux [L/T]      0.00000E+00
 WatBalT  [L]       -0.12869E+00
 WatBalR  [%]              0.369
----------------------------------------------------------

----------------------------------------------------------
 Time       [T]      265.0000
----------------------------------------------------------
 Sub-region num.                     1
----------------------------------------------------------
 Length   [L]        0.15000E+03  0.15000E+03
 W-volume [L]        0.55121E+01  0.55121E+01
 In-flow  [L/T]     -0.23842E-06 -0.23842E-06
 h Mean   [L]       -0.79090E+03 -0.79090E+03
 Top Flux [L/T]     -0.12796E-04
 Bot Flux [L/T]      0.00000E+00
 WatBalT  [L]       -0.12869E+00
 WatBalR  [%]              0.369
----------------------------------------------------------

----------------------------------------------------------
 Time       [T]      266.0000
----------------------------------------------------------
 Sub-region num.                     1
----------------------------------------------------------
 Length   [L]        0.15000E+03  0.15000E+03
 W-volume [L]        0.55120E+01  0.55120E+01
 In-flow  [L/T]     -0.65178E-04 -0.65178E-04
 h Mean   [L]       -0.79092E+03 -0.79092E+03
 Top Flux [L/T]     -0.11975E-04
 Bot Flux [L/T]      0.00000E+00
 WatBalT  [L]       -0.12869E+00
 WatBalR  [%]              0.369
----------------------------------------------------------

----------------------------------------------------------
 Time       [T]      267.0000
----------------------------------------------------------
 Sub-region num.                     1
----------------------------------------------------------
 Length   [L]        0.15000E+03  0.15000E+03
 W-volume [L]        0.55120E+01  0.55120E+01
 In-flow  [L/T]     -0.29802E-06 -0.29802E-06
 h Mean   [L]       -0.79091E+03 -0.79091E+03
 Top Flux [L/T]     -0.11173E-04
 Bot Flux [L/T]      0.00000E+00
 WatBalT  [L]       -0.12869E+00
 WatBalR  [%]              0.369
----------------------------------------------------------

----------------------------------------------------------
 Time       [T]      268.0000
----------------------------------------------------------
 Sub-region num.                     1
----------------------------------------------------------
 Length   [L]        0.15000E+03  0.15000E+03
 W-volume [L]        0.55120E+01  0.55120E+01
 In-flow  [L/T]     -0.26822E-06 -0.26822E-06
 h Mean   [L]       -0.79090E+03 -0.79090E+03
 Top Flux [L/T]     -0.10426E-04
 Bot Flux [L/T]      0.00000E+00
 WatBalT  [L]       -0.12869E+00
 WatBalR  [%]              0.369
----------------------------------------------------------

----------------------------------------------------------
 Time       [T]      269.0000
----------------------------------------------------------
 Sub-region num.                     1
----------------------------------------------------------
 Length   [L]        0.15000E+03  0.15000E+03
 W-volume [L]        0.55120E+01  0.55120E+01
 In-flow  [L/T]     -0.65729E-04 -0.65729E-04
 h Mean   [L]       -0.79092E+03 -0.79092E+03
 Top Flux [L/T]     -0.97581E-05
 Bot Flux [L/T]      0.00000E+00
 WatBalT  [L]       -0.12869E+00
 WatBalR  [%]              0.369
----------------------------------------------------------

----------------------------------------------------------
 Time       [T]      270.0000
----------------------------------------------------------
 Sub-region num.                     1
----------------------------------------------------------
 Length   [L]        0.15000E+03  0.15000E+03
 W-volume [L]        0.55120E+01  0.55120E+01
 In-flow  [L/T]     -0.28312E-06 -0.28312E-06
 h Mean   [L]       -0.79091E+03 -0.79091E+03
 Top Flux [L/T]     -0.91072E-05
 Bot Flux [L/T]      0.00000E+00
 WatBalT  [L]       -0.12869E+00
 WatBalR  [%]              0.369
----------------------------------------------------------

----------------------------------------------------------
 Time       [T]      271.0000
----------------------------------------------------------
 Sub-region num.                     1
----------------------------------------------------------
 Length   [L]        0.15000E+03  0.15000E+03
 W-volume [L]        0.55120E+01  0.55120E+01
 In-flow  [L/T]     -0.29802E-06 -0.29802E-06
 h Mean   [L]       -0.79090E+03 -0.79090E+03
 Top Flux [L/T]     -0.84989E-05
 Bot Flux [L/T]      0.00000E+00
 WatBalT  [L]       -0.12869E+00
 WatBalR  [%]              0.369
----------------------------------------------------------

----------------------------------------------------------
 Time       [T]      272.0000
----------------------------------------------------------
 Sub-region num.                     1
----------------------------------------------------------
 Length   [L]        0.15000E+03  0.15000E+03
 W-volume [L]        0.55120E+01  0.55120E+01
 In-flow  [L/T]     -0.26822E-06 -0.26822E-06
 h Mean   [L]       -0.79090E+03 -0.79090E+03
 Top Flux [L/T]     -0.79335E-05
 Bot Flux [L/T]      0.00000E+00
 WatBalT  [L]       -0.12866E+00
 WatBalR  [%]              0.369
----------------------------------------------------------

----------------------------------------------------------
 Time       [T]      273.0000
----------------------------------------------------------
 Sub-region num.                     1
----------------------------------------------------------
 Length   [L]        0.15000E+03  0.15000E+03
 W-volume [L]        0.55120E+01  0.55120E+01
 In-flow  [L/T]     -0.23842E-06 -0.23842E-06
 h Mean   [L]       -0.79092E+03 -0.79092E+03
 Top Flux [L/T]     -0.74237E-05
 Bot Flux [L/T]      0.00000E+00
 WatBalT  [L]       -0.12869E+00
 WatBalR  [%]              0.369
----------------------------------------------------------

----------------------------------------------------------
 Time       [T]      274.0000
----------------------------------------------------------
 Sub-region num.                     1
----------------------------------------------------------
 Length   [L]        0.15000E+03  0.15000E+03
 W-volume [L]        0.54891E+01  0.54891E+01
 In-flow  [L/T]     -0.22860E-01 -0.22860E-01
 h Mean   [L]       -0.79097E+03 -0.79097E+03
 Top Flux [L/T]     -0.45010E-12
 Bot Flux [L/T]      0.00000E+00
 WatBalT  [L]       -0.12869E+00
 WatBalR  [%]              0.369
----------------------------------------------------------

----------------------------------------------------------
 Time       [T]      275.0000
----------------------------------------------------------
 Sub-region num.                     1
----------------------------------------------------------
 Length   [L]        0.15000E+03  0.15000E+03
 W-volume [L]        0.53810E+01  0.53810E+01
 In-flow  [L/T]     -0.30473E-05 -0.30473E-05
 h Mean   [L]       -0.41242E+04 -0.41242E+04
 Top Flux [L/T]      0.99840E-31
 Bot Flux [L/T]      0.00000E+00
 WatBalT  [L]       -0.12869E+00
 WatBalR  [%]              0.367
----------------------------------------------------------

----------------------------------------------------------
 Time       [T]      276.0000
----------------------------------------------------------
 Sub-region num.                     1
----------------------------------------------------------
 Length   [L]        0.15000E+03  0.15000E+03
 W-volume [L]        0.53810E+01  0.53810E+01
 In-flow  [L/T]     -0.26822E-06 -0.26822E-06
 h Mean   [L]       -0.41242E+04 -0.41242E+04
 Top Flux [L/T]      0.99840E-31
 Bot Flux [L/T]      0.00000E+00
 WatBalT  [L]       -0.12869E+00
 WatBalR  [%]              0.367
----------------------------------------------------------

----------------------------------------------------------
 Time       [T]      277.0000
----------------------------------------------------------
 Sub-region num.                     1
----------------------------------------------------------
 Length   [L]        0.15000E+03  0.15000E+03
 W-volume [L]        0.53810E+01  0.53810E+01
 In-flow  [L/T]     -0.26822E-06 -0.26822E-06
 h Mean   [L]       -0.41242E+04 -0.41242E+04
 Top Flux [L/T]      0.99840E-31
 Bot Flux [L/T]      0.00000E+00
 WatBalT  [L]       -0.12869E+00
 WatBalR  [%]              0.367
----------------------------------------------------------

----------------------------------------------------------
 Time       [T]      278.0000
----------------------------------------------------------
 Sub-region num.                     1
----------------------------------------------------------
 Length   [L]        0.15000E+03  0.15000E+03
 W-volume [L]        0.53810E+01  0.53810E+01
 In-flow  [L/T]     -0.26822E-06 -0.26822E-06
 h Mean   [L]       -0.41242E+04 -0.41242E+04
 Top Flux [L/T]      0.99840E-31
 Bot Flux [L/T]      0.00000E+00
 WatBalT  [L]       -0.12869E+00
 WatBalR  [%]              0.367
----------------------------------------------------------

----------------------------------------------------------
 Time       [T]      279.0000
----------------------------------------------------------
 Sub-region num.                     1
----------------------------------------------------------
 Length   [L]        0.15000E+03  0.15000E+03
 W-volume [L]        0.53810E+01  0.53810E+01
 In-flow  [L/T]     -0.26822E-06 -0.26822E-06
 h Mean   [L]       -0.41242E+04 -0.41242E+04
 Top Flux [L/T]      0.99840E-31
 Bot Flux [L/T]      0.00000E+00
 WatBalT  [L]       -0.12869E+00
 WatBalR  [%]              0.367
----------------------------------------------------------

----------------------------------------------------------
 Time       [T]      280.0000
----------------------------------------------------------
 Sub-region num.                     1
----------------------------------------------------------
 Length   [L]        0.15000E+03  0.15000E+03
 W-volume [L]        0.53810E+01  0.53810E+01
 In-flow  [L/T]     -0.26822E-06 -0.26822E-06
 h Mean   [L]       -0.41242E+04 -0.41242E+04
 Top Flux [L/T]      0.99840E-31
 Bot Flux [L/T]      0.00000E+00
 WatBalT  [L]       -0.12869E+00
 WatBalR  [%]              0.367
----------------------------------------------------------

----------------------------------------------------------
 Time       [T]      281.0000
----------------------------------------------------------
 Sub-region num.                     1
----------------------------------------------------------
 Length   [L]        0.15000E+03  0.15000E+03
 W-volume [L]        0.53810E+01  0.53810E+01
 In-flow  [L/T]     -0.26822E-06 -0.26822E-06
 h Mean   [L]       -0.41242E+04 -0.41242E+04
 Top Flux [L/T]      0.99840E-31
 Bot Flux [L/T]      0.00000E+00
 WatBalT  [L]       -0.12869E+00
 WatBalR  [%]              0.367
----------------------------------------------------------

----------------------------------------------------------
 Time       [T]      282.0000
----------------------------------------------------------
 Sub-region num.                     1
----------------------------------------------------------
 Length   [L]        0.15000E+03  0.15000E+03
 W-volume [L]        0.53810E+01  0.53810E+01
 In-flow  [L/T]     -0.26822E-06 -0.26822E-06
 h Mean   [L]       -0.41242E+04 -0.41242E+04
 Top Flux [L/T]      0.99840E-31
 Bot Flux [L/T]      0.00000E+00
 WatBalT  [L]       -0.12869E+00
 WatBalR  [%]              0.367
----------------------------------------------------------

----------------------------------------------------------
 Time       [T]      283.0000
----------------------------------------------------------
 Sub-region num.                     1
----------------------------------------------------------
 Length   [L]        0.15000E+03  0.15000E+03
 W-volume [L]        0.53810E+01  0.53810E+01
 In-flow  [L/T]     -0.26822E-06 -0.26822E-06
 h Mean   [L]       -0.41242E+04 -0.41242E+04
 Top Flux [L/T]      0.99840E-31
 Bot Flux [L/T]      0.00000E+00
 WatBalT  [L]       -0.12869E+00
 WatBalR  [%]              0.367
----------------------------------------------------------

----------------------------------------------------------
 Time       [T]      284.0000
----------------------------------------------------------
 Sub-region num.                     1
----------------------------------------------------------
 Length   [L]        0.15000E+03  0.15000E+03
 W-volume [L]        0.53810E+01  0.53810E+01
 In-flow  [L/T]     -0.26822E-06 -0.26822E-06
 h Mean   [L]       -0.41242E+04 -0.41242E+04
 Top Flux [L/T]      0.99840E-31
 Bot Flux [L/T]      0.00000E+00
 WatBalT  [L]       -0.12870E+00
 WatBalR  [%]              0.367
----------------------------------------------------------

----------------------------------------------------------
 Time       [T]      285.0000
----------------------------------------------------------
 Sub-region num.                     1
----------------------------------------------------------
 Length   [L]        0.15000E+03  0.15000E+03
 W-volume [L]        0.53810E+01  0.53810E+01
 In-flow  [L/T]     -0.26822E-06 -0.26822E-06
 h Mean   [L]       -0.41242E+04 -0.41242E+04
 Top Flux [L/T]      0.99840E-31
 Bot Flux [L/T]      0.00000E+00
 WatBalT  [L]       -0.12870E+00
 WatBalR  [%]              0.367
----------------------------------------------------------

----------------------------------------------------------
 Time       [T]      286.0000
----------------------------------------------------------
 Sub-region num.                     1
----------------------------------------------------------
 Length   [L]        0.15000E+03  0.15000E+03
 W-volume [L]        0.53810E+01  0.53810E+01
 In-flow  [L/T]     -0.26822E-06 -0.26822E-06
 h Mean   [L]       -0.41242E+04 -0.41242E+04
 Top Flux [L/T]      0.99840E-31
 Bot Flux [L/T]      0.00000E+00
 WatBalT  [L]       -0.12870E+00
 WatBalR  [%]              0.367
----------------------------------------------------------

----------------------------------------------------------
 Time       [T]      287.0000
----------------------------------------------------------
 Sub-region num.                     1
----------------------------------------------------------
 Length   [L]        0.15000E+03  0.15000E+03
 W-volume [L]        0.53810E+01  0.53810E+01
 In-flow  [L/T]     -0.26822E-06 -0.26822E-06
 h Mean   [L]       -0.41242E+04 -0.41242E+04
 Top Flux [L/T]      0.99840E-31
 Bot Flux [L/T]      0.00000E+00
 WatBalT  [L]       -0.12870E+00
 WatBalR  [%]              0.367
----------------------------------------------------------

----------------------------------------------------------
 Time       [T]      288.0000
----------------------------------------------------------
 Sub-region num.                     1
----------------------------------------------------------
 Length   [L]        0.15000E+03  0.15000E+03
 W-volume [L]        0.53810E+01  0.53810E+01
 In-flow  [L/T]     -0.26822E-06 -0.26822E-06
 h Mean   [L]       -0.41242E+04 -0.41242E+04
 Top Flux [L/T]      0.99840E-31
 Bot Flux [L/T]      0.00000E+00
 WatBalT  [L]       -0.12870E+00
 WatBalR  [%]              0.367
----------------------------------------------------------

----------------------------------------------------------
 Time       [T]      289.0000
----------------------------------------------------------
 Sub-region num.                     1
----------------------------------------------------------
 Length   [L]        0.15000E+03  0.15000E+03
 W-volume [L]        0.53810E+01  0.53810E+01
 In-flow  [L/T]     -0.26822E-06 -0.26822E-06
 h Mean   [L]       -0.41242E+04 -0.41242E+04
 Top Flux [L/T]      0.99840E-31
 Bot Flux [L/T]      0.00000E+00
 WatBalT  [L]       -0.12870E+00
 WatBalR  [%]              0.367
----------------------------------------------------------

----------------------------------------------------------
 Time       [T]      290.0000
----------------------------------------------------------
 Sub-region num.                     1
----------------------------------------------------------
 Length   [L]        0.15000E+03  0.15000E+03
 W-volume [L]        0.53810E+01  0.53810E+01
 In-flow  [L/T]     -0.26822E-06 -0.26822E-06
 h Mean   [L]       -0.41242E+04 -0.41242E+04
 Top Flux [L/T]      0.99840E-31
 Bot Flux [L/T]      0.00000E+00
 WatBalT  [L]       -0.12870E+00
 WatBalR  [%]              0.367
----------------------------------------------------------

----------------------------------------------------------
 Time       [T]      291.0000
----------------------------------------------------------
 Sub-region num.                     1
----------------------------------------------------------
 Length   [L]        0.15000E+03  0.15000E+03
 W-volume [L]        0.53810E+01  0.53810E+01
 In-flow  [L/T]     -0.26822E-06 -0.26822E-06
 h Mean   [L]       -0.41242E+04 -0.41242E+04
 Top Flux [L/T]      0.99840E-31
 Bot Flux [L/T]      0.00000E+00
 WatBalT  [L]       -0.12870E+00
 WatBalR  [%]              0.367
----------------------------------------------------------

----------------------------------------------------------
 Time       [T]      292.0000
----------------------------------------------------------
 Sub-region num.                     1
----------------------------------------------------------
 Length   [L]        0.15000E+03  0.15000E+03
 W-volume [L]        0.53810E+01  0.53810E+01
 In-flow  [L/T]     -0.26822E-06 -0.26822E-06
 h Mean   [L]       -0.41242E+04 -0.41242E+04
 Top Flux [L/T]      0.99840E-31
 Bot Flux [L/T]      0.00000E+00
 WatBalT  [L]       -0.12870E+00
 WatBalR  [%]              0.367
----------------------------------------------------------

----------------------------------------------------------
 Time       [T]      293.0000
----------------------------------------------------------
 Sub-region num.                     1
----------------------------------------------------------
 Length   [L]        0.15000E+03  0.15000E+03
 W-volume [L]        0.53810E+01  0.53810E+01
 In-flow  [L/T]     -0.26822E-06 -0.26822E-06
 h Mean   [L]       -0.41242E+04 -0.41242E+04
 Top Flux [L/T]      0.99840E-31
 Bot Flux [L/T]      0.00000E+00
 WatBalT  [L]       -0.12870E+00
 WatBalR  [%]              0.367
----------------------------------------------------------

----------------------------------------------------------
 Time       [T]      294.0000
----------------------------------------------------------
 Sub-region num.                     1
----------------------------------------------------------
 Length   [L]        0.15000E+03  0.15000E+03
 W-volume [L]        0.53810E+01  0.53810E+01
 In-flow  [L/T]     -0.26822E-06 -0.26822E-06
 h Mean   [L]       -0.41242E+04 -0.41242E+04
 Top Flux [L/T]      0.99840E-31
 Bot Flux [L/T]      0.00000E+00
 WatBalT  [L]       -0.12870E+00
 WatBalR  [%]              0.367
----------------------------------------------------------

----------------------------------------------------------
 Time       [T]      295.0000
----------------------------------------------------------
 Sub-region num.                     1
----------------------------------------------------------
 Length   [L]        0.15000E+03  0.15000E+03
 W-volume [L]        0.53810E+01  0.53810E+01
 In-flow  [L/T]     -0.26822E-06 -0.26822E-06
 h Mean   [L]       -0.41242E+04 -0.41242E+04
 Top Flux [L/T]      0.99840E-31
 Bot Flux [L/T]      0.00000E+00
 WatBalT  [L]       -0.12870E+00
 WatBalR  [%]              0.367
----------------------------------------------------------

----------------------------------------------------------
 Time       [T]      296.0000
----------------------------------------------------------
 Sub-region num.                     1
----------------------------------------------------------
 Length   [L]        0.15000E+03  0.15000E+03
 W-volume [L]        0.53810E+01  0.53810E+01
 In-flow  [L/T]     -0.26822E-06 -0.26822E-06
 h Mean   [L]       -0.41242E+04 -0.41242E+04
 Top Flux [L/T]      0.99840E-31
 Bot Flux [L/T]      0.00000E+00
 WatBalT  [L]       -0.12870E+00
 WatBalR  [%]              0.367
----------------------------------------------------------

----------------------------------------------------------
 Time       [T]      297.0000
----------------------------------------------------------
 Sub-region num.                     1
----------------------------------------------------------
 Length   [L]        0.15000E+03  0.15000E+03
 W-volume [L]        0.53810E+01  0.53810E+01
 In-flow  [L/T]     -0.26822E-06 -0.26822E-06
 h Mean   [L]       -0.41242E+04 -0.41242E+04
 Top Flux [L/T]      0.99840E-31
 Bot Flux [L/T]      0.00000E+00
 WatBalT  [L]       -0.12870E+00
 WatBalR  [%]              0.367
----------------------------------------------------------

----------------------------------------------------------
 Time       [T]      298.0000
----------------------------------------------------------
 Sub-region num.                     1
----------------------------------------------------------
 Length   [L]        0.15000E+03  0.15000E+03
 W-volume [L]        0.53810E+01  0.53810E+01
 In-flow  [L/T]     -0.26822E-06 -0.26822E-06
 h Mean   [L]       -0.41242E+04 -0.41242E+04
 Top Flux [L/T]      0.99840E-31
 Bot Flux [L/T]      0.00000E+00
 WatBalT  [L]       -0.12870E+00
 WatBalR  [%]              0.367
----------------------------------------------------------

----------------------------------------------------------
 Time       [T]      299.0000
----------------------------------------------------------
 Sub-region num.                     1
----------------------------------------------------------
 Length   [L]        0.15000E+03  0.15000E+03
 W-volume [L]        0.53810E+01  0.53810E+01
 In-flow  [L/T]     -0.26822E-06 -0.26822E-06
 h Mean   [L]       -0.41242E+04 -0.41242E+04
 Top Flux [L/T]      0.99840E-31
 Bot Flux [L/T]      0.00000E+00
 WatBalT  [L]       -0.12870E+00
 WatBalR  [%]              0.367
----------------------------------------------------------

----------------------------------------------------------
 Time       [T]      300.0000
----------------------------------------------------------
 Sub-region num.                     1
----------------------------------------------------------
 Length   [L]        0.15000E+03  0.15000E+03
 W-volume [L]        0.53810E+01  0.53810E+01
 In-flow  [L/T]     -0.26822E-06 -0.26822E-06
 h Mean   [L]       -0.41242E+04 -0.41242E+04
 Top Flux [L/T]      0.99840E-31
 Bot Flux [L/T]      0.00000E+00
 WatBalT  [L]       -0.12870E+00
 WatBalR  [%]              0.367
----------------------------------------------------------

----------------------------------------------------------
 Time       [T]      301.0000
----------------------------------------------------------
 Sub-region num.                     1
----------------------------------------------------------
 Length   [L]        0.15000E+03  0.15000E+03
 W-volume [L]        0.53810E+01  0.53810E+01
 In-flow  [L/T]     -0.26822E-06 -0.26822E-06
 h Mean   [L]       -0.41242E+04 -0.41242E+04
 Top Flux [L/T]      0.99840E-31
 Bot Flux [L/T]      0.00000E+00
 WatBalT  [L]       -0.12870E+00
 WatBalR  [%]              0.367
----------------------------------------------------------

----------------------------------------------------------
 Time       [T]      302.0000
----------------------------------------------------------
 Sub-region num.                     1
----------------------------------------------------------
 Length   [L]        0.15000E+03  0.15000E+03
 W-volume [L]        0.53810E+01  0.53810E+01
 In-flow  [L/T]     -0.26822E-06 -0.26822E-06
 h Mean   [L]       -0.41242E+04 -0.41242E+04
 Top Flux [L/T]      0.99840E-31
 Bot Flux [L/T]      0.00000E+00
 WatBalT  [L]       -0.12870E+00
 WatBalR  [%]              0.367
----------------------------------------------------------

----------------------------------------------------------
 Time       [T]      303.0000
----------------------------------------------------------
 Sub-region num.                     1
----------------------------------------------------------
 Length   [L]        0.15000E+03  0.15000E+03
 W-volume [L]        0.53810E+01  0.53810E+01
 In-flow  [L/T]     -0.26822E-06 -0.26822E-06
 h Mean   [L]       -0.41242E+04 -0.41242E+04
 Top Flux [L/T]      0.99840E-31
 Bot Flux [L/T]      0.00000E+00
 WatBalT  [L]       -0.12870E+00
 WatBalR  [%]              0.367
----------------------------------------------------------

----------------------------------------------------------
 Time       [T]      304.0000
----------------------------------------------------------
 Sub-region num.                     1
----------------------------------------------------------
 Length   [L]        0.15000E+03  0.15000E+03
 W-volume [L]        0.53810E+01  0.53810E+01
 In-flow  [L/T]     -0.26822E-06 -0.26822E-06
 h Mean   [L]       -0.41242E+04 -0.41242E+04
 Top Flux [L/T]      0.99840E-31
 Bot Flux [L/T]      0.00000E+00
 WatBalT  [L]       -0.12870E+00
 WatBalR  [%]              0.367
----------------------------------------------------------

----------------------------------------------------------
 Time       [T]      305.0000
----------------------------------------------------------
 Sub-region num.                     1
----------------------------------------------------------
 Length   [L]        0.15000E+03  0.15000E+03
 W-volume [L]        0.53810E+01  0.53810E+01
 In-flow  [L/T]     -0.26822E-06 -0.26822E-06
 h Mean   [L]       -0.41242E+04 -0.41242E+04
 Top Flux [L/T]      0.99840E-31
 Bot Flux [L/T]      0.00000E+00
 WatBalT  [L]       -0.12870E+00
 WatBalR  [%]              0.367
----------------------------------------------------------

----------------------------------------------------------
 Time       [T]      306.0000
----------------------------------------------------------
 Sub-region num.                     1
----------------------------------------------------------
 Length   [L]        0.15000E+03  0.15000E+03
 W-volume [L]        0.53810E+01  0.53810E+01
 In-flow  [L/T]     -0.26822E-06 -0.26822E-06
 h Mean   [L]       -0.41242E+04 -0.41242E+04
 Top Flux [L/T]      0.99840E-31
 Bot Flux [L/T]      0.00000E+00
 WatBalT  [L]       -0.12870E+00
 WatBalR  [%]              0.367
----------------------------------------------------------

----------------------------------------------------------
 Time       [T]      307.0000
----------------------------------------------------------
 Sub-region num.                     1
----------------------------------------------------------
 Length   [L]        0.15000E+03  0.15000E+03
 W-volume [L]        0.53810E+01  0.53810E+01
 In-flow  [L/T]     -0.26822E-06 -0.26822E-06
 h Mean   [L]       -0.41242E+04 -0.41242E+04
 Top Flux [L/T]      0.99840E-31
 Bot Flux [L/T]      0.00000E+00
 WatBalT  [L]       -0.12870E+00
 WatBalR  [%]              0.367
----------------------------------------------------------

----------------------------------------------------------
 Time       [T]      308.0000
----------------------------------------------------------
 Sub-region num.                     1
----------------------------------------------------------
 Length   [L]        0.15000E+03  0.15000E+03
 W-volume [L]        0.53810E+01  0.53810E+01
 In-flow  [L/T]     -0.26822E-06 -0.26822E-06
 h Mean   [L]       -0.41242E+04 -0.41242E+04
 Top Flux [L/T]      0.99840E-31
 Bot Flux [L/T]      0.00000E+00
 WatBalT  [L]       -0.12870E+00
 WatBalR  [%]              0.367
----------------------------------------------------------

----------------------------------------------------------
 Time       [T]      309.0000
----------------------------------------------------------
 Sub-region num.                     1
----------------------------------------------------------
 Length   [L]        0.15000E+03  0.15000E+03
 W-volume [L]        0.53810E+01  0.53810E+01
 In-flow  [L/T]     -0.26822E-06 -0.26822E-06
 h Mean   [L]       -0.41242E+04 -0.41242E+04
 Top Flux [L/T]      0.99840E-31
 Bot Flux [L/T]      0.00000E+00
 WatBalT  [L]       -0.12870E+00
 WatBalR  [%]              0.367
----------------------------------------------------------

----------------------------------------------------------
 Time       [T]      310.0000
----------------------------------------------------------
 Sub-region num.                     1
----------------------------------------------------------
 Length   [L]        0.15000E+03  0.15000E+03
 W-volume [L]        0.53810E+01  0.53810E+01
 In-flow  [L/T]     -0.26822E-06 -0.26822E-06
 h Mean   [L]       -0.41242E+04 -0.41242E+04
 Top Flux [L/T]      0.99840E-31
 Bot Flux [L/T]      0.00000E+00
 WatBalT  [L]       -0.12870E+00
 WatBalR  [%]              0.367
----------------------------------------------------------

----------------------------------------------------------
 Time       [T]      311.0000
----------------------------------------------------------
 Sub-region num.                     1
----------------------------------------------------------
 Length   [L]        0.15000E+03  0.15000E+03
 W-volume [L]        0.53810E+01  0.53810E+01
 In-flow  [L/T]     -0.26822E-06 -0.26822E-06
 h Mean   [L]       -0.41242E+04 -0.41242E+04
 Top Flux [L/T]      0.99840E-31
 Bot Flux [L/T]      0.00000E+00
 WatBalT  [L]       -0.12870E+00
 WatBalR  [%]              0.367
----------------------------------------------------------

----------------------------------------------------------
 Time       [T]      312.0000
----------------------------------------------------------
 Sub-region num.                     1
----------------------------------------------------------
 Length   [L]        0.15000E+03  0.15000E+03
 W-volume [L]        0.53810E+01  0.53810E+01
 In-flow  [L/T]     -0.26822E-06 -0.26822E-06
 h Mean   [L]       -0.41242E+04 -0.41242E+04
 Top Flux [L/T]      0.99840E-31
 Bot Flux [L/T]      0.00000E+00
 WatBalT  [L]       -0.12870E+00
 WatBalR  [%]              0.367
----------------------------------------------------------

----------------------------------------------------------
 Time       [T]      313.0000
----------------------------------------------------------
 Sub-region num.                     1
----------------------------------------------------------
 Length   [L]        0.15000E+03  0.15000E+03
 W-volume [L]        0.53810E+01  0.53810E+01
 In-flow  [L/T]     -0.26822E-06 -0.26822E-06
 h Mean   [L]       -0.41242E+04 -0.41242E+04
 Top Flux [L/T]      0.99840E-31
 Bot Flux [L/T]      0.00000E+00
 WatBalT  [L]       -0.12870E+00
 WatBalR  [%]              0.367
----------------------------------------------------------

----------------------------------------------------------
 Time       [T]      314.0000
----------------------------------------------------------
 Sub-region num.                     1
----------------------------------------------------------
 Length   [L]        0.15000E+03  0.15000E+03
 W-volume [L]        0.53810E+01  0.53810E+01
 In-flow  [L/T]     -0.26822E-06 -0.26822E-06
 h Mean   [L]       -0.41242E+04 -0.41242E+04
 Top Flux [L/T]      0.99840E-31
 Bot Flux [L/T]      0.00000E+00
 WatBalT  [L]       -0.12870E+00
 WatBalR  [%]              0.367
----------------------------------------------------------

----------------------------------------------------------
 Time       [T]      315.0000
----------------------------------------------------------
 Sub-region num.                     1
----------------------------------------------------------
 Length   [L]        0.15000E+03  0.15000E+03
 W-volume [L]        0.53810E+01  0.53810E+01
 In-flow  [L/T]     -0.26822E-06 -0.26822E-06
 h Mean   [L]       -0.41242E+04 -0.41242E+04
 Top Flux [L/T]      0.99840E-31
 Bot Flux [L/T]      0.00000E+00
 WatBalT  [L]       -0.12870E+00
 WatBalR  [%]              0.367
----------------------------------------------------------

----------------------------------------------------------
 Time       [T]      316.0000
----------------------------------------------------------
 Sub-region num.                     1
----------------------------------------------------------
 Length   [L]        0.15000E+03  0.15000E+03
 W-volume [L]        0.53810E+01  0.53810E+01
 In-flow  [L/T]     -0.26822E-06 -0.26822E-06
 h Mean   [L]       -0.41242E+04 -0.41242E+04
 Top Flux [L/T]      0.99840E-31
 Bot Flux [L/T]      0.00000E+00
 WatBalT  [L]       -0.12870E+00
 WatBalR  [%]              0.367
----------------------------------------------------------

----------------------------------------------------------
 Time       [T]      317.0000
----------------------------------------------------------
 Sub-region num.                     1
----------------------------------------------------------
 Length   [L]        0.15000E+03  0.15000E+03
 W-volume [L]        0.53810E+01  0.53810E+01
 In-flow  [L/T]     -0.26822E-06 -0.26822E-06
 h Mean   [L]       -0.41242E+04 -0.41242E+04
 Top Flux [L/T]      0.99840E-31
 Bot Flux [L/T]      0.00000E+00
 WatBalT  [L]       -0.12870E+00
 WatBalR  [%]              0.367
----------------------------------------------------------

----------------------------------------------------------
 Time       [T]      318.0000
----------------------------------------------------------
 Sub-region num.                     1
----------------------------------------------------------
 Length   [L]        0.15000E+03  0.15000E+03
 W-volume [L]        0.53810E+01  0.53810E+01
 In-flow  [L/T]     -0.26822E-06 -0.26822E-06
 h Mean   [L]       -0.41242E+04 -0.41242E+04
 Top Flux [L/T]      0.99840E-31
 Bot Flux [L/T]      0.00000E+00
 WatBalT  [L]       -0.12870E+00
 WatBalR  [%]              0.367
----------------------------------------------------------

----------------------------------------------------------
 Time       [T]      319.0000
----------------------------------------------------------
 Sub-region num.                     1
----------------------------------------------------------
 Length   [L]        0.15000E+03  0.15000E+03
 W-volume [L]        0.53810E+01  0.53810E+01
 In-flow  [L/T]     -0.26822E-06 -0.26822E-06
 h Mean   [L]       -0.41242E+04 -0.41242E+04
 Top Flux [L/T]      0.99840E-31
 Bot Flux [L/T]      0.00000E+00
 WatBalT  [L]       -0.12870E+00
 WatBalR  [%]              0.367
----------------------------------------------------------

----------------------------------------------------------
 Time       [T]      320.0000
----------------------------------------------------------
 Sub-region num.                     1
----------------------------------------------------------
 Length   [L]        0.15000E+03  0.15000E+03
 W-volume [L]        0.53810E+01  0.53810E+01
 In-flow  [L/T]     -0.26822E-06 -0.26822E-06
 h Mean   [L]       -0.41242E+04 -0.41242E+04
 Top Flux [L/T]      0.99840E-31
 Bot Flux [L/T]      0.00000E+00
 WatBalT  [L]       -0.12870E+00
 WatBalR  [%]              0.367
----------------------------------------------------------

----------------------------------------------------------
 Time       [T]      321.0000
----------------------------------------------------------
 Sub-region num.                     1
----------------------------------------------------------
 Length   [L]        0.15000E+03  0.15000E+03
 W-volume [L]        0.53810E+01  0.53810E+01
 In-flow  [L/T]     -0.26822E-06 -0.26822E-06
 h Mean   [L]       -0.41242E+04 -0.41242E+04
 Top Flux [L/T]      0.99840E-31
 Bot Flux [L/T]      0.00000E+00
 WatBalT  [L]       -0.12871E+00
 WatBalR  [%]              0.367
----------------------------------------------------------

----------------------------------------------------------
 Time       [T]      322.0000
----------------------------------------------------------
 Sub-region num.                     1
----------------------------------------------------------
 Length   [L]        0.15000E+03  0.15000E+03
 W-volume [L]        0.53810E+01  0.53810E+01
 In-flow  [L/T]     -0.26822E-06 -0.26822E-06
 h Mean   [L]       -0.41242E+04 -0.41242E+04
 Top Flux [L/T]      0.99840E-31
 Bot Flux [L/T]      0.00000E+00
 WatBalT  [L]       -0.12871E+00
 WatBalR  [%]              0.367
----------------------------------------------------------

----------------------------------------------------------
 Time       [T]      323.0000
----------------------------------------------------------
 Sub-region num.                     1
----------------------------------------------------------
 Length   [L]        0.15000E+03  0.15000E+03
 W-volume [L]        0.53810E+01  0.53810E+01
 In-flow  [L/T]     -0.26822E-06 -0.26822E-06
 h Mean   [L]       -0.41242E+04 -0.41242E+04
 Top Flux [L/T]      0.99840E-31
 Bot Flux [L/T]      0.00000E+00
 WatBalT  [L]       -0.12871E+00
 WatBalR  [%]              0.367
----------------------------------------------------------

----------------------------------------------------------
 Time       [T]      324.0000
----------------------------------------------------------
 Sub-region num.                     1
----------------------------------------------------------
 Length   [L]        0.15000E+03  0.15000E+03
 W-volume [L]        0.53810E+01  0.53810E+01
 In-flow  [L/T]     -0.26822E-06 -0.26822E-06
 h Mean   [L]       -0.41242E+04 -0.41242E+04
 Top Flux [L/T]      0.99840E-31
 Bot Flux [L/T]      0.00000E+00
 WatBalT  [L]       -0.12871E+00
 WatBalR  [%]              0.367
----------------------------------------------------------

----------------------------------------------------------
 Time       [T]      325.0000
----------------------------------------------------------
 Sub-region num.                     1
----------------------------------------------------------
 Length   [L]        0.15000E+03  0.15000E+03
 W-volume [L]        0.53810E+01  0.53810E+01
 In-flow  [L/T]     -0.26822E-06 -0.26822E-06
 h Mean   [L]       -0.41242E+04 -0.41242E+04
 Top Flux [L/T]      0.99840E-31
 Bot Flux [L/T]      0.00000E+00
 WatBalT  [L]       -0.12871E+00
 WatBalR  [%]              0.367
----------------------------------------------------------

----------------------------------------------------------
 Time       [T]      326.0000
----------------------------------------------------------
 Sub-region num.                     1
----------------------------------------------------------
 Length   [L]        0.15000E+03  0.15000E+03
 W-volume [L]        0.53810E+01  0.53810E+01
 In-flow  [L/T]     -0.26822E-06 -0.26822E-06
 h Mean   [L]       -0.41242E+04 -0.41242E+04
 Top Flux [L/T]      0.99840E-31
 Bot Flux [L/T]      0.00000E+00
 WatBalT  [L]       -0.12871E+00
 WatBalR  [%]              0.367
----------------------------------------------------------

----------------------------------------------------------
 Time       [T]      327.0000
----------------------------------------------------------
 Sub-region num.                     1
----------------------------------------------------------
 Length   [L]        0.15000E+03  0.15000E+03
 W-volume [L]        0.53810E+01  0.53810E+01
 In-flow  [L/T]     -0.26822E-06 -0.26822E-06
 h Mean   [L]       -0.41242E+04 -0.41242E+04
 Top Flux [L/T]      0.99840E-31
 Bot Flux [L/T]      0.00000E+00
 WatBalT  [L]       -0.12871E+00
 WatBalR  [%]              0.367
----------------------------------------------------------

----------------------------------------------------------
 Time       [T]      328.0000
----------------------------------------------------------
 Sub-region num.                     1
----------------------------------------------------------
 Length   [L]        0.15000E+03  0.15000E+03
 W-volume [L]        0.53810E+01  0.53810E+01
 In-flow  [L/T]     -0.26822E-06 -0.26822E-06
 h Mean   [L]       -0.41242E+04 -0.41242E+04
 Top Flux [L/T]      0.99840E-31
 Bot Flux [L/T]      0.00000E+00
 WatBalT  [L]       -0.12871E+00
 WatBalR  [%]              0.367
----------------------------------------------------------

----------------------------------------------------------
 Time       [T]      329.0000
----------------------------------------------------------
 Sub-region num.                     1
----------------------------------------------------------
 Length   [L]        0.15000E+03  0.15000E+03
 W-volume [L]        0.53810E+01  0.53810E+01
 In-flow  [L/T]     -0.26822E-06 -0.26822E-06
 h Mean   [L]       -0.41242E+04 -0.41242E+04
 Top Flux [L/T]      0.99840E-31
 Bot Flux [L/T]      0.00000E+00
 WatBalT  [L]       -0.12871E+00
 WatBalR  [%]              0.367
----------------------------------------------------------

----------------------------------------------------------
 Time       [T]      330.0000
----------------------------------------------------------
 Sub-region num.                     1
----------------------------------------------------------
 Length   [L]        0.15000E+03  0.15000E+03
 W-volume [L]        0.53810E+01  0.53810E+01
 In-flow  [L/T]     -0.26822E-06 -0.26822E-06
 h Mean   [L]       -0.41242E+04 -0.41242E+04
 Top Flux [L/T]      0.99840E-31
 Bot Flux [L/T]      0.00000E+00
 WatBalT  [L]       -0.12871E+00
 WatBalR  [%]              0.367
----------------------------------------------------------

----------------------------------------------------------
 Time       [T]      331.0000
----------------------------------------------------------
 Sub-region num.                     1
----------------------------------------------------------
 Length   [L]        0.15000E+03  0.15000E+03
 W-volume [L]        0.53810E+01  0.53810E+01
 In-flow  [L/T]     -0.26822E-06 -0.26822E-06
 h Mean   [L]       -0.41242E+04 -0.41242E+04
 Top Flux [L/T]      0.99840E-31
 Bot Flux [L/T]      0.00000E+00
 WatBalT  [L]       -0.12871E+00
 WatBalR  [%]              0.367
----------------------------------------------------------

----------------------------------------------------------
 Time       [T]      332.0000
----------------------------------------------------------
 Sub-region num.                     1
----------------------------------------------------------
 Length   [L]        0.15000E+03  0.15000E+03
 W-volume [L]        0.53810E+01  0.53810E+01
 In-flow  [L/T]     -0.26822E-06 -0.26822E-06
 h Mean   [L]       -0.41242E+04 -0.41242E+04
 Top Flux [L/T]      0.99840E-31
 Bot Flux [L/T]      0.00000E+00
 WatBalT  [L]       -0.12871E+00
 WatBalR  [%]              0.367
----------------------------------------------------------

----------------------------------------------------------
 Time       [T]      333.0000
----------------------------------------------------------
 Sub-region num.                     1
----------------------------------------------------------
 Length   [L]        0.15000E+03  0.15000E+03
 W-volume [L]        0.53810E+01  0.53810E+01
 In-flow  [L/T]     -0.26822E-06 -0.26822E-06
 h Mean   [L]       -0.41242E+04 -0.41242E+04
 Top Flux [L/T]      0.99840E-31
 Bot Flux [L/T]      0.00000E+00
 WatBalT  [L]       -0.12871E+00
 WatBalR  [%]              0.367
----------------------------------------------------------

----------------------------------------------------------
 Time       [T]      334.0000
----------------------------------------------------------
 Sub-region num.                     1
----------------------------------------------------------
 Length   [L]        0.15000E+03  0.15000E+03
 W-volume [L]        0.53810E+01  0.53810E+01
 In-flow  [L/T]     -0.26822E-06 -0.26822E-06
 h Mean   [L]       -0.41242E+04 -0.41242E+04
 Top Flux [L/T]      0.99840E-31
 Bot Flux [L/T]      0.00000E+00
 WatBalT  [L]       -0.12871E+00
 WatBalR  [%]              0.367
----------------------------------------------------------

----------------------------------------------------------
 Time       [T]      335.0000
----------------------------------------------------------
 Sub-region num.                     1
----------------------------------------------------------
 Length   [L]        0.15000E+03  0.15000E+03
 W-volume [L]        0.53810E+01  0.53810E+01
 In-flow  [L/T]     -0.26822E-06 -0.26822E-06
 h Mean   [L]       -0.41242E+04 -0.41242E+04
 Top Flux [L/T]      0.99840E-31
 Bot Flux [L/T]      0.00000E+00
 WatBalT  [L]       -0.12871E+00
 WatBalR  [%]              0.367
----------------------------------------------------------

----------------------------------------------------------
 Time       [T]      336.0000
----------------------------------------------------------
 Sub-region num.                     1
----------------------------------------------------------
 Length   [L]        0.15000E+03  0.15000E+03
 W-volume [L]        0.53810E+01  0.53810E+01
 In-flow  [L/T]     -0.26822E-06 -0.26822E-06
 h Mean   [L]       -0.41242E+04 -0.41242E+04
 Top Flux [L/T]      0.99840E-31
 Bot Flux [L/T]      0.00000E+00
 WatBalT  [L]       -0.12871E+00
 WatBalR  [%]              0.367
----------------------------------------------------------

----------------------------------------------------------
 Time       [T]      337.0000
----------------------------------------------------------
 Sub-region num.                     1
----------------------------------------------------------
 Length   [L]        0.15000E+03  0.15000E+03
 W-volume [L]        0.53810E+01  0.53810E+01
 In-flow  [L/T]     -0.26822E-06 -0.26822E-06
 h Mean   [L]       -0.41242E+04 -0.41242E+04
 Top Flux [L/T]      0.99840E-31
 Bot Flux [L/T]      0.00000E+00
 WatBalT  [L]       -0.12871E+00
 WatBalR  [%]              0.367
----------------------------------------------------------

----------------------------------------------------------
 Time       [T]      338.0000
----------------------------------------------------------
 Sub-region num.                     1
----------------------------------------------------------
 Length   [L]        0.15000E+03  0.15000E+03
 W-volume [L]        0.53810E+01  0.53810E+01
 In-flow  [L/T]     -0.26822E-06 -0.26822E-06
 h Mean   [L]       -0.41242E+04 -0.41242E+04
 Top Flux [L/T]      0.99840E-31
 Bot Flux [L/T]      0.00000E+00
 WatBalT  [L]       -0.12871E+00
 WatBalR  [%]              0.367
----------------------------------------------------------

----------------------------------------------------------
 Time       [T]      339.0000
----------------------------------------------------------
 Sub-region num.                     1
----------------------------------------------------------
 Length   [L]        0.15000E+03  0.15000E+03
 W-volume [L]        0.53810E+01  0.53810E+01
 In-flow  [L/T]     -0.26822E-06 -0.26822E-06
 h Mean   [L]       -0.41242E+04 -0.41242E+04
 Top Flux [L/T]      0.99840E-31
 Bot Flux [L/T]      0.00000E+00
 WatBalT  [L]       -0.12871E+00
 WatBalR  [%]              0.367
----------------------------------------------------------

----------------------------------------------------------
 Time       [T]      340.0000
----------------------------------------------------------
 Sub-region num.                     1
----------------------------------------------------------
 Length   [L]        0.15000E+03  0.15000E+03
 W-volume [L]        0.53810E+01  0.53810E+01
 In-flow  [L/T]     -0.26822E-06 -0.26822E-06
 h Mean   [L]       -0.41242E+04 -0.41242E+04
 Top Flux [L/T]      0.99840E-31
 Bot Flux [L/T]      0.00000E+00
 WatBalT  [L]       -0.12871E+00
 WatBalR  [%]              0.367
----------------------------------------------------------

----------------------------------------------------------
 Time       [T]      341.0000
----------------------------------------------------------
 Sub-region num.                     1
----------------------------------------------------------
 Length   [L]        0.15000E+03  0.15000E+03
 W-volume [L]        0.53809E+01  0.53809E+01
 In-flow  [L/T]     -0.26822E-06 -0.26822E-06
 h Mean   [L]       -0.41242E+04 -0.41242E+04
 Top Flux [L/T]      0.99840E-31
 Bot Flux [L/T]      0.00000E+00
 WatBalT  [L]       -0.12871E+00
 WatBalR  [%]              0.367
----------------------------------------------------------

----------------------------------------------------------
 Time       [T]      342.0000
----------------------------------------------------------
 Sub-region num.                     1
----------------------------------------------------------
 Length   [L]        0.15000E+03  0.15000E+03
 W-volume [L]        0.53809E+01  0.53809E+01
 In-flow  [L/T]     -0.26822E-06 -0.26822E-06
 h Mean   [L]       -0.41242E+04 -0.41242E+04
 Top Flux [L/T]      0.99840E-31
 Bot Flux [L/T]      0.00000E+00
 WatBalT  [L]       -0.12871E+00
 WatBalR  [%]              0.367
----------------------------------------------------------

----------------------------------------------------------
 Time       [T]      343.0000
----------------------------------------------------------
 Sub-region num.                     1
----------------------------------------------------------
 Length   [L]        0.15000E+03  0.15000E+03
 W-volume [L]        0.53809E+01  0.53809E+01
 In-flow  [L/T]     -0.26822E-06 -0.26822E-06
 h Mean   [L]       -0.41242E+04 -0.41242E+04
 Top Flux [L/T]      0.99840E-31
 Bot Flux [L/T]      0.00000E+00
 WatBalT  [L]       -0.12871E+00
 WatBalR  [%]              0.367
----------------------------------------------------------

----------------------------------------------------------
 Time       [T]      344.0000
----------------------------------------------------------
 Sub-region num.                     1
----------------------------------------------------------
 Length   [L]        0.15000E+03  0.15000E+03
 W-volume [L]        0.53809E+01  0.53809E+01
 In-flow  [L/T]     -0.26822E-06 -0.26822E-06
 h Mean   [L]       -0.41242E+04 -0.41242E+04
 Top Flux [L/T]      0.99840E-31
 Bot Flux [L/T]      0.00000E+00
 WatBalT  [L]       -0.12871E+00
 WatBalR  [%]              0.367
----------------------------------------------------------

----------------------------------------------------------
 Time       [T]      345.0000
----------------------------------------------------------
 Sub-region num.                     1
----------------------------------------------------------
 Length   [L]        0.15000E+03  0.15000E+03
 W-volume [L]        0.53809E+01  0.53809E+01
 In-flow  [L/T]     -0.26822E-06 -0.26822E-06
 h Mean   [L]       -0.41242E+04 -0.41242E+04
 Top Flux [L/T]      0.99840E-31
 Bot Flux [L/T]      0.00000E+00
 WatBalT  [L]       -0.12871E+00
 WatBalR  [%]              0.367
----------------------------------------------------------

----------------------------------------------------------
 Time       [T]      346.0000
----------------------------------------------------------
 Sub-region num.                     1
----------------------------------------------------------
 Length   [L]        0.15000E+03  0.15000E+03
 W-volume [L]        0.53809E+01  0.53809E+01
 In-flow  [L/T]     -0.26822E-06 -0.26822E-06
 h Mean   [L]       -0.41242E+04 -0.41242E+04
 Top Flux [L/T]      0.99840E-31
 Bot Flux [L/T]      0.00000E+00
 WatBalT  [L]       -0.12871E+00
 WatBalR  [%]              0.367
----------------------------------------------------------

----------------------------------------------------------
 Time       [T]      347.0000
----------------------------------------------------------
 Sub-region num.                     1
----------------------------------------------------------
 Length   [L]        0.15000E+03  0.15000E+03
 W-volume [L]        0.53809E+01  0.53809E+01
 In-flow  [L/T]     -0.26822E-06 -0.26822E-06
 h Mean   [L]       -0.41242E+04 -0.41242E+04
 Top Flux [L/T]      0.99840E-31
 Bot Flux [L/T]      0.00000E+00
 WatBalT  [L]       -0.12871E+00
 WatBalR  [%]              0.367
----------------------------------------------------------

----------------------------------------------------------
 Time       [T]      348.0000
----------------------------------------------------------
 Sub-region num.                     1
----------------------------------------------------------
 Length   [L]        0.15000E+03  0.15000E+03
 W-volume [L]        0.53809E+01  0.53809E+01
 In-flow  [L/T]     -0.26822E-06 -0.26822E-06
 h Mean   [L]       -0.41242E+04 -0.41242E+04
 Top Flux [L/T]      0.99840E-31
 Bot Flux [L/T]      0.00000E+00
 WatBalT  [L]       -0.12871E+00
 WatBalR  [%]              0.367
----------------------------------------------------------

----------------------------------------------------------
 Time       [T]      349.0000
----------------------------------------------------------
 Sub-region num.                     1
----------------------------------------------------------
 Length   [L]        0.15000E+03  0.15000E+03
 W-volume [L]        0.53809E+01  0.53809E+01
 In-flow  [L/T]     -0.26822E-06 -0.26822E-06
 h Mean   [L]       -0.41242E+04 -0.41242E+04
 Top Flux [L/T]      0.99840E-31
 Bot Flux [L/T]      0.00000E+00
 WatBalT  [L]       -0.12871E+00
 WatBalR  [%]              0.367
----------------------------------------------------------

----------------------------------------------------------
 Time       [T]      350.0000
----------------------------------------------------------
 Sub-region num.                     1
----------------------------------------------------------
 Length   [L]        0.15000E+03  0.15000E+03
 W-volume [L]        0.53809E+01  0.53809E+01
 In-flow  [L/T]     -0.26822E-06 -0.26822E-06
 h Mean   [L]       -0.41242E+04 -0.41242E+04
 Top Flux [L/T]      0.99840E-31
 Bot Flux [L/T]      0.00000E+00
 WatBalT  [L]       -0.12871E+00
 WatBalR  [%]              0.367
----------------------------------------------------------

----------------------------------------------------------
 Time       [T]      351.0000
----------------------------------------------------------
 Sub-region num.                     1
----------------------------------------------------------
 Length   [L]        0.15000E+03  0.15000E+03
 W-volume [L]        0.53809E+01  0.53809E+01
 In-flow  [L/T]     -0.26822E-06 -0.26822E-06
 h Mean   [L]       -0.41242E+04 -0.41242E+04
 Top Flux [L/T]      0.99840E-31
 Bot Flux [L/T]      0.00000E+00
 WatBalT  [L]       -0.12871E+00
 WatBalR  [%]              0.367
----------------------------------------------------------

----------------------------------------------------------
 Time       [T]      352.0000
----------------------------------------------------------
 Sub-region num.                     1
----------------------------------------------------------
 Length   [L]        0.15000E+03  0.15000E+03
 W-volume [L]        0.53809E+01  0.53809E+01
 In-flow  [L/T]     -0.26822E-06 -0.26822E-06
 h Mean   [L]       -0.41242E+04 -0.41242E+04
 Top Flux [L/T]      0.99840E-31
 Bot Flux [L/T]      0.00000E+00
 WatBalT  [L]       -0.12871E+00
 WatBalR  [%]              0.367
----------------------------------------------------------

----------------------------------------------------------
 Time       [T]      353.0000
----------------------------------------------------------
 Sub-region num.                     1
----------------------------------------------------------
 Length   [L]        0.15000E+03  0.15000E+03
 W-volume [L]        0.53809E+01  0.53809E+01
 In-flow  [L/T]     -0.26822E-06 -0.26822E-06
 h Mean   [L]       -0.41242E+04 -0.41242E+04
 Top Flux [L/T]      0.99840E-31
 Bot Flux [L/T]      0.00000E+00
 WatBalT  [L]       -0.12871E+00
 WatBalR  [%]              0.367
----------------------------------------------------------

----------------------------------------------------------
 Time       [T]      354.0000
----------------------------------------------------------
 Sub-region num.                     1
----------------------------------------------------------
 Length   [L]        0.15000E+03  0.15000E+03
 W-volume [L]        0.53809E+01  0.53809E+01
 In-flow  [L/T]     -0.26822E-06 -0.26822E-06
 h Mean   [L]       -0.41242E+04 -0.41242E+04
 Top Flux [L/T]      0.99840E-31
 Bot Flux [L/T]      0.00000E+00
 WatBalT  [L]       -0.12871E+00
 WatBalR  [%]              0.367
----------------------------------------------------------

----------------------------------------------------------
 Time       [T]      355.0000
----------------------------------------------------------
 Sub-region num.                     1
----------------------------------------------------------
 Length   [L]        0.15000E+03  0.15000E+03
 W-volume [L]        0.53809E+01  0.53809E+01
 In-flow  [L/T]     -0.26822E-06 -0.26822E-06
 h Mean   [L]       -0.41242E+04 -0.41242E+04
 Top Flux [L/T]      0.99840E-31
 Bot Flux [L/T]      0.00000E+00
 WatBalT  [L]       -0.12872E+00
 WatBalR  [%]              0.367
----------------------------------------------------------

----------------------------------------------------------
 Time       [T]      356.0000
----------------------------------------------------------
 Sub-region num.                     1
----------------------------------------------------------
 Length   [L]        0.15000E+03  0.15000E+03
 W-volume [L]        0.53809E+01  0.53809E+01
 In-flow  [L/T]     -0.26822E-06 -0.26822E-06
 h Mean   [L]       -0.41242E+04 -0.41242E+04
 Top Flux [L/T]      0.99840E-31
 Bot Flux [L/T]      0.00000E+00
 WatBalT  [L]       -0.12872E+00
 WatBalR  [%]              0.367
----------------------------------------------------------

----------------------------------------------------------
 Time       [T]      357.0000
----------------------------------------------------------
 Sub-region num.                     1
----------------------------------------------------------
 Length   [L]        0.15000E+03  0.15000E+03
 W-volume [L]        0.53809E+01  0.53809E+01
 In-flow  [L/T]     -0.26822E-06 -0.26822E-06
 h Mean   [L]       -0.41242E+04 -0.41242E+04
 Top Flux [L/T]      0.99840E-31
 Bot Flux [L/T]      0.00000E+00
 WatBalT  [L]       -0.12872E+00
 WatBalR  [%]              0.367
----------------------------------------------------------

----------------------------------------------------------
 Time       [T]      358.0000
----------------------------------------------------------
 Sub-region num.                     1
----------------------------------------------------------
 Length   [L]        0.15000E+03  0.15000E+03
 W-volume [L]        0.53809E+01  0.53809E+01
 In-flow  [L/T]     -0.26822E-06 -0.26822E-06
 h Mean   [L]       -0.41242E+04 -0.41242E+04
 Top Flux [L/T]      0.99840E-31
 Bot Flux [L/T]      0.00000E+00
 WatBalT  [L]       -0.12872E+00
 WatBalR  [%]              0.367
----------------------------------------------------------

----------------------------------------------------------
 Time       [T]      359.0000
----------------------------------------------------------
 Sub-region num.                     1
----------------------------------------------------------
 Length   [L]        0.15000E+03  0.15000E+03
 W-volume [L]        0.53809E+01  0.53809E+01
 In-flow  [L/T]     -0.26822E-06 -0.26822E-06
 h Mean   [L]       -0.41242E+04 -0.41242E+04
 Top Flux [L/T]      0.99840E-31
 Bot Flux [L/T]      0.00000E+00
 WatBalT  [L]       -0.12872E+00
 WatBalR  [%]              0.367
----------------------------------------------------------

----------------------------------------------------------
 Time       [T]      360.0000
----------------------------------------------------------
 Sub-region num.                     1
----------------------------------------------------------
 Length   [L]        0.15000E+03  0.15000E+03
 W-volume [L]        0.53809E+01  0.53809E+01
 In-flow  [L/T]     -0.26822E-06 -0.26822E-06
 h Mean   [L]       -0.41242E+04 -0.41242E+04
 Top Flux [L/T]      0.99840E-31
 Bot Flux [L/T]      0.00000E+00
 WatBalT  [L]       -0.12872E+00
 WatBalR  [%]              0.367
----------------------------------------------------------

----------------------------------------------------------
 Time       [T]      361.0000
----------------------------------------------------------
 Sub-region num.                     1
----------------------------------------------------------
 Length   [L]        0.15000E+03  0.15000E+03
 W-volume [L]        0.53809E+01  0.53809E+01
 In-flow  [L/T]     -0.26822E-06 -0.26822E-06
 h Mean   [L]       -0.41242E+04 -0.41242E+04
 Top Flux [L/T]      0.99840E-31
 Bot Flux [L/T]      0.00000E+00
 WatBalT  [L]       -0.12872E+00
 WatBalR  [%]              0.367
----------------------------------------------------------

----------------------------------------------------------
 Time       [T]      362.0000
----------------------------------------------------------
 Sub-region num.                     1
----------------------------------------------------------
 Length   [L]        0.15000E+03  0.15000E+03
 W-volume [L]        0.53809E+01  0.53809E+01
 In-flow  [L/T]     -0.26822E-06 -0.26822E-06
 h Mean   [L]       -0.41242E+04 -0.41242E+04
 Top Flux [L/T]      0.99840E-31
 Bot Flux [L/T]      0.00000E+00
 WatBalT  [L]       -0.12872E+00
 WatBalR  [%]              0.367
----------------------------------------------------------

----------------------------------------------------------
 Time       [T]      363.0000
----------------------------------------------------------
 Sub-region num.                     1
----------------------------------------------------------
 Length   [L]        0.15000E+03  0.15000E+03
 W-volume [L]        0.53809E+01  0.53809E+01
 In-flow  [L/T]     -0.26822E-06 -0.26822E-06
 h Mean   [L]       -0.41242E+04 -0.41242E+04
 Top Flux [L/T]      0.99840E-31
 Bot Flux [L/T]      0.00000E+00
 WatBalT  [L]       -0.12872E+00
 WatBalR  [%]              0.367
----------------------------------------------------------

----------------------------------------------------------
 Time       [T]      364.0000
----------------------------------------------------------
 Sub-region num.                     1
----------------------------------------------------------
 Length   [L]        0.15000E+03  0.15000E+03
 W-volume [L]        0.53809E+01  0.53809E+01
 In-flow  [L/T]     -0.26822E-06 -0.26822E-06
 h Mean   [L]       -0.41242E+04 -0.41242E+04
 Top Flux [L/T]      0.99840E-31
 Bot Flux [L/T]      0.00000E+00
 WatBalT  [L]       -0.12872E+00
 WatBalR  [%]              0.368
----------------------------------------------------------

----------------------------------------------------------
 Time       [T]      365.0000
----------------------------------------------------------
 Sub-region num.                     1
----------------------------------------------------------
 Length   [L]        0.15000E+03  0.15000E+03
 W-volume [L]        0.53809E+01  0.53809E+01
 In-flow  [L/T]     -0.26822E-06 -0.26822E-06
 h Mean   [L]       -0.41242E+04 -0.41242E+04
 Top Flux [L/T]      0.99840E-31
 Bot Flux [L/T]      0.00000E+00
 WatBalT  [L]       -0.12872E+00
 WatBalR  [%]              0.368
----------------------------------------------------------

----------------------------------------------------------
 Time       [T]      366.0000
----------------------------------------------------------
 Sub-region num.                     1
----------------------------------------------------------
 Length   [L]        0.15000E+03  0.15000E+03
 W-volume [L]        0.53809E+01  0.53809E+01
 In-flow  [L/T]     -0.26822E-06 -0.26822E-06
 h Mean   [L]       -0.41242E+04 -0.41242E+04
 Top Flux [L/T]      0.99840E-31
 Bot Flux [L/T]      0.00000E+00
 WatBalT  [L]       -0.12872E+00
 WatBalR  [%]              0.368
----------------------------------------------------------

----------------------------------------------------------
 Time       [T]      367.0000
----------------------------------------------------------
 Sub-region num.                     1
----------------------------------------------------------
 Length   [L]        0.15000E+03  0.15000E+03
 W-volume [L]        0.53809E+01  0.53809E+01
 In-flow  [L/T]     -0.26822E-06 -0.26822E-06
 h Mean   [L]       -0.41242E+04 -0.41242E+04
 Top Flux [L/T]      0.99840E-31
 Bot Flux [L/T]      0.00000E+00
 WatBalT  [L]       -0.12872E+00
 WatBalR  [%]              0.368
----------------------------------------------------------

----------------------------------------------------------
 Time       [T]      368.0000
----------------------------------------------------------
 Sub-region num.                     1
----------------------------------------------------------
 Length   [L]        0.15000E+03  0.15000E+03
 W-volume [L]        0.53809E+01  0.53809E+01
 In-flow  [L/T]     -0.26822E-06 -0.26822E-06
 h Mean   [L]       -0.41242E+04 -0.41242E+04
 Top Flux [L/T]      0.99840E-31
 Bot Flux [L/T]      0.00000E+00
 WatBalT  [L]       -0.12872E+00
 WatBalR  [%]              0.368
----------------------------------------------------------

----------------------------------------------------------
 Time       [T]      369.0000
----------------------------------------------------------
 Sub-region num.                     1
----------------------------------------------------------
 Length   [L]        0.15000E+03  0.15000E+03
 W-volume [L]        0.53809E+01  0.53809E+01
 In-flow  [L/T]     -0.26822E-06 -0.26822E-06
 h Mean   [L]       -0.41242E+04 -0.41242E+04
 Top Flux [L/T]      0.99840E-31
 Bot Flux [L/T]      0.00000E+00
 WatBalT  [L]       -0.12872E+00
 WatBalR  [%]              0.368
----------------------------------------------------------

----------------------------------------------------------
 Time       [T]      370.0000
----------------------------------------------------------
 Sub-region num.                     1
----------------------------------------------------------
 Length   [L]        0.15000E+03  0.15000E+03
 W-volume [L]        0.53809E+01  0.53809E+01
 In-flow  [L/T]     -0.26822E-06 -0.26822E-06
 h Mean   [L]       -0.41242E+04 -0.41242E+04
 Top Flux [L/T]      0.99840E-31
 Bot Flux [L/T]      0.00000E+00
 WatBalT  [L]       -0.12872E+00
 WatBalR  [%]              0.368
----------------------------------------------------------

----------------------------------------------------------
 Time       [T]      371.0000
----------------------------------------------------------
 Sub-region num.                     1
----------------------------------------------------------
 Length   [L]        0.15000E+03  0.15000E+03
 W-volume [L]        0.53809E+01  0.53809E+01
 In-flow  [L/T]     -0.26822E-06 -0.26822E-06
 h Mean   [L]       -0.41242E+04 -0.41242E+04
 Top Flux [L/T]      0.99840E-31
 Bot Flux [L/T]      0.00000E+00
 WatBalT  [L]       -0.12872E+00
 WatBalR  [%]              0.368
----------------------------------------------------------

----------------------------------------------------------
 Time       [T]      372.0000
----------------------------------------------------------
 Sub-region num.                     1
----------------------------------------------------------
 Length   [L]        0.15000E+03  0.15000E+03
 W-volume [L]        0.53809E+01  0.53809E+01
 In-flow  [L/T]     -0.26822E-06 -0.26822E-06
 h Mean   [L]       -0.41242E+04 -0.41242E+04
 Top Flux [L/T]      0.99840E-31
 Bot Flux [L/T]      0.00000E+00
 WatBalT  [L]       -0.12872E+00
 WatBalR  [%]              0.368
----------------------------------------------------------

----------------------------------------------------------
 Time       [T]      373.0000
----------------------------------------------------------
 Sub-region num.                     1
----------------------------------------------------------
 Length   [L]        0.15000E+03  0.15000E+03
 W-volume [L]        0.53809E+01  0.53809E+01
 In-flow  [L/T]     -0.26822E-06 -0.26822E-06
 h Mean   [L]       -0.41242E+04 -0.41242E+04
 Top Flux [L/T]      0.99840E-31
 Bot Flux [L/T]      0.00000E+00
 WatBalT  [L]       -0.12872E+00
 WatBalR  [%]              0.368
----------------------------------------------------------

----------------------------------------------------------
 Time       [T]      374.0000
----------------------------------------------------------
 Sub-region num.                     1
----------------------------------------------------------
 Length   [L]        0.15000E+03  0.15000E+03
 W-volume [L]        0.53809E+01  0.53809E+01
 In-flow  [L/T]     -0.26822E-06 -0.26822E-06
 h Mean   [L]       -0.41242E+04 -0.41242E+04
 Top Flux [L/T]      0.99840E-31
 Bot Flux [L/T]      0.00000E+00
 WatBalT  [L]       -0.12872E+00
 WatBalR  [%]              0.368
----------------------------------------------------------

----------------------------------------------------------
 Time       [T]      375.0000
----------------------------------------------------------
 Sub-region num.                     1
----------------------------------------------------------
 Length   [L]        0.15000E+03  0.15000E+03
 W-volume [L]        0.53809E+01  0.53809E+01
 In-flow  [L/T]     -0.26822E-06 -0.26822E-06
 h Mean   [L]       -0.41242E+04 -0.41242E+04
 Top Flux [L/T]      0.99840E-31
 Bot Flux [L/T]      0.00000E+00
 WatBalT  [L]       -0.12872E+00
 WatBalR  [%]              0.368
----------------------------------------------------------

----------------------------------------------------------
 Time       [T]      376.0000
----------------------------------------------------------
 Sub-region num.                     1
----------------------------------------------------------
 Length   [L]        0.15000E+03  0.15000E+03
 W-volume [L]        0.53809E+01  0.53809E+01
 In-flow  [L/T]     -0.26822E-06 -0.26822E-06
 h Mean   [L]       -0.41242E+04 -0.41242E+04
 Top Flux [L/T]      0.99840E-31
 Bot Flux [L/T]      0.00000E+00
 WatBalT  [L]       -0.12872E+00
 WatBalR  [%]              0.368
----------------------------------------------------------

----------------------------------------------------------
 Time       [T]      377.0000
----------------------------------------------------------
 Sub-region num.                     1
----------------------------------------------------------
 Length   [L]        0.15000E+03  0.15000E+03
 W-volume [L]        0.53809E+01  0.53809E+01
 In-flow  [L/T]     -0.26822E-06 -0.26822E-06
 h Mean   [L]       -0.41242E+04 -0.41242E+04
 Top Flux [L/T]      0.99840E-31
 Bot Flux [L/T]      0.00000E+00
 WatBalT  [L]       -0.12872E+00
 WatBalR  [%]              0.368
----------------------------------------------------------

----------------------------------------------------------
 Time       [T]      378.0000
----------------------------------------------------------
 Sub-region num.                     1
----------------------------------------------------------
 Length   [L]        0.15000E+03  0.15000E+03
 W-volume [L]        0.53809E+01  0.53809E+01
 In-flow  [L/T]     -0.26822E-06 -0.26822E-06
 h Mean   [L]       -0.41242E+04 -0.41242E+04
 Top Flux [L/T]      0.99840E-31
 Bot Flux [L/T]      0.00000E+00
 WatBalT  [L]       -0.12872E+00
 WatBalR  [%]              0.368
----------------------------------------------------------

----------------------------------------------------------
 Time       [T]      379.0000
----------------------------------------------------------
 Sub-region num.                     1
----------------------------------------------------------
 Length   [L]        0.15000E+03  0.15000E+03
 W-volume [L]        0.53809E+01  0.53809E+01
 In-flow  [L/T]     -0.26822E-06 -0.26822E-06
 h Mean   [L]       -0.41242E+04 -0.41242E+04
 Top Flux [L/T]      0.99840E-31
 Bot Flux [L/T]      0.00000E+00
 WatBalT  [L]       -0.12872E+00
 WatBalR  [%]              0.368
----------------------------------------------------------

----------------------------------------------------------
 Time       [T]      380.0000
----------------------------------------------------------
 Sub-region num.                     1
----------------------------------------------------------
 Length   [L]        0.15000E+03  0.15000E+03
 W-volume [L]        0.53809E+01  0.53809E+01
 In-flow  [L/T]     -0.26822E-06 -0.26822E-06
 h Mean   [L]       -0.41242E+04 -0.41242E+04
 Top Flux [L/T]      0.99840E-31
 Bot Flux [L/T]      0.00000E+00
 WatBalT  [L]       -0.12872E+00
 WatBalR  [%]              0.368
----------------------------------------------------------

----------------------------------------------------------
 Time       [T]      381.0000
----------------------------------------------------------
 Sub-region num.                     1
----------------------------------------------------------
 Length   [L]        0.15000E+03  0.15000E+03
 W-volume [L]        0.53809E+01  0.53809E+01
 In-flow  [L/T]     -0.26822E-06 -0.26822E-06
 h Mean   [L]       -0.41242E+04 -0.41242E+04
 Top Flux [L/T]      0.99840E-31
 Bot Flux [L/T]      0.00000E+00
 WatBalT  [L]       -0.12872E+00
 WatBalR  [%]              0.368
----------------------------------------------------------

----------------------------------------------------------
 Time       [T]      382.0000
----------------------------------------------------------
 Sub-region num.                     1
----------------------------------------------------------
 Length   [L]        0.15000E+03  0.15000E+03
 W-volume [L]        0.53809E+01  0.53809E+01
 In-flow  [L/T]     -0.26822E-06 -0.26822E-06
 h Mean   [L]       -0.41242E+04 -0.41242E+04
 Top Flux [L/T]      0.99840E-31
 Bot Flux [L/T]      0.00000E+00
 WatBalT  [L]       -0.12872E+00
 WatBalR  [%]              0.368
----------------------------------------------------------

----------------------------------------------------------
 Time       [T]      383.0000
----------------------------------------------------------
 Sub-region num.                     1
----------------------------------------------------------
 Length   [L]        0.15000E+03  0.15000E+03
 W-volume [L]        0.53809E+01  0.53809E+01
 In-flow  [L/T]     -0.26822E-06 -0.26822E-06
 h Mean   [L]       -0.41242E+04 -0.41242E+04
 Top Flux [L/T]      0.99840E-31
 Bot Flux [L/T]      0.00000E+00
 WatBalT  [L]       -0.12872E+00
 WatBalR  [%]              0.368
----------------------------------------------------------

----------------------------------------------------------
 Time       [T]      384.0000
----------------------------------------------------------
 Sub-region num.                     1
----------------------------------------------------------
 Length   [L]        0.15000E+03  0.15000E+03
 W-volume [L]        0.53809E+01  0.53809E+01
 In-flow  [L/T]     -0.26822E-06 -0.26822E-06
 h Mean   [L]       -0.41242E+04 -0.41242E+04
 Top Flux [L/T]      0.99840E-31
 Bot Flux [L/T]      0.00000E+00
 WatBalT  [L]       -0.12872E+00
 WatBalR  [%]              0.368
----------------------------------------------------------

----------------------------------------------------------
 Time       [T]      385.0000
----------------------------------------------------------
 Sub-region num.                     1
----------------------------------------------------------
 Length   [L]        0.15000E+03  0.15000E+03
 W-volume [L]        0.53809E+01  0.53809E+01
 In-flow  [L/T]     -0.26822E-06 -0.26822E-06
 h Mean   [L]       -0.41242E+04 -0.41242E+04
 Top Flux [L/T]      0.99840E-31
 Bot Flux [L/T]      0.00000E+00
 WatBalT  [L]       -0.12872E+00
 WatBalR  [%]              0.368
----------------------------------------------------------

----------------------------------------------------------
 Time       [T]      386.0000
----------------------------------------------------------
 Sub-region num.                     1
----------------------------------------------------------
 Length   [L]        0.15000E+03  0.15000E+03
 W-volume [L]        0.53809E+01  0.53809E+01
 In-flow  [L/T]     -0.26822E-06 -0.26822E-06
 h Mean   [L]       -0.41242E+04 -0.41242E+04
 Top Flux [L/T]      0.99840E-31
 Bot Flux [L/T]      0.00000E+00
 WatBalT  [L]       -0.12872E+00
 WatBalR  [%]              0.368
----------------------------------------------------------

----------------------------------------------------------
 Time       [T]      387.0000
----------------------------------------------------------
 Sub-region num.                     1
----------------------------------------------------------
 Length   [L]        0.15000E+03  0.15000E+03
 W-volume [L]        0.53809E+01  0.53809E+01
 In-flow  [L/T]     -0.26822E-06 -0.26822E-06
 h Mean   [L]       -0.41242E+04 -0.41242E+04
 Top Flux [L/T]      0.99840E-31
 Bot Flux [L/T]      0.00000E+00
 WatBalT  [L]       -0.12872E+00
 WatBalR  [%]              0.368
----------------------------------------------------------

----------------------------------------------------------
 Time       [T]      388.0000
----------------------------------------------------------
 Sub-region num.                     1
----------------------------------------------------------
 Length   [L]        0.15000E+03  0.15000E+03
 W-volume [L]        0.53809E+01  0.53809E+01
 In-flow  [L/T]     -0.26822E-06 -0.26822E-06
 h Mean   [L]       -0.41242E+04 -0.41242E+04
 Top Flux [L/T]      0.99840E-31
 Bot Flux [L/T]      0.00000E+00
 WatBalT  [L]       -0.12872E+00
 WatBalR  [%]              0.368
----------------------------------------------------------

----------------------------------------------------------
 Time       [T]      389.0000
----------------------------------------------------------
 Sub-region num.                     1
----------------------------------------------------------
 Length   [L]        0.15000E+03  0.15000E+03
 W-volume [L]        0.53809E+01  0.53809E+01
 In-flow  [L/T]     -0.26822E-06 -0.26822E-06
 h Mean   [L]       -0.41242E+04 -0.41242E+04
 Top Flux [L/T]      0.99840E-31
 Bot Flux [L/T]      0.00000E+00
 WatBalT  [L]       -0.12872E+00
 WatBalR  [%]              0.368
----------------------------------------------------------

----------------------------------------------------------
 Time       [T]      390.0000
----------------------------------------------------------
 Sub-region num.                     1
----------------------------------------------------------
 Length   [L]        0.15000E+03  0.15000E+03
 W-volume [L]        0.53809E+01  0.53809E+01
 In-flow  [L/T]     -0.26822E-06 -0.26822E-06
 h Mean   [L]       -0.41242E+04 -0.41242E+04
 Top Flux [L/T]      0.99840E-31
 Bot Flux [L/T]      0.00000E+00
 WatBalT  [L]       -0.12872E+00
 WatBalR  [%]              0.368
----------------------------------------------------------

----------------------------------------------------------
 Time       [T]      391.0000
----------------------------------------------------------
 Sub-region num.                     1
----------------------------------------------------------
 Length   [L]        0.15000E+03  0.15000E+03
 W-volume [L]        0.53809E+01  0.53809E+01
 In-flow  [L/T]     -0.26822E-06 -0.26822E-06
 h Mean   [L]       -0.41242E+04 -0.41242E+04
 Top Flux [L/T]      0.99840E-31
 Bot Flux [L/T]      0.00000E+00
 WatBalT  [L]       -0.12872E+00
 WatBalR  [%]              0.368
----------------------------------------------------------

----------------------------------------------------------
 Time       [T]      392.0000
----------------------------------------------------------
 Sub-region num.                     1
----------------------------------------------------------
 Length   [L]        0.15000E+03  0.15000E+03
 W-volume [L]        0.53809E+01  0.53809E+01
 In-flow  [L/T]     -0.26822E-06 -0.26822E-06
 h Mean   [L]       -0.41242E+04 -0.41242E+04
 Top Flux [L/T]      0.99840E-31
 Bot Flux [L/T]      0.00000E+00
 WatBalT  [L]       -0.12872E+00
 WatBalR  [%]              0.368
----------------------------------------------------------

----------------------------------------------------------
 Time       [T]      393.0000
----------------------------------------------------------
 Sub-region num.                     1
----------------------------------------------------------
 Length   [L]        0.15000E+03  0.15000E+03
 W-volume [L]        0.53809E+01  0.53809E+01
 In-flow  [L/T]     -0.26822E-06 -0.26822E-06
 h Mean   [L]       -0.41242E+04 -0.41242E+04
 Top Flux [L/T]      0.99840E-31
 Bot Flux [L/T]      0.00000E+00
 WatBalT  [L]       -0.12873E+00
 WatBalR  [%]              0.368
----------------------------------------------------------

----------------------------------------------------------
 Time       [T]      394.0000
----------------------------------------------------------
 Sub-region num.                     1
----------------------------------------------------------
 Length   [L]        0.15000E+03  0.15000E+03
 W-volume [L]        0.53809E+01  0.53809E+01
 In-flow  [L/T]     -0.26822E-06 -0.26822E-06
 h Mean   [L]       -0.41242E+04 -0.41242E+04
 Top Flux [L/T]      0.99840E-31
 Bot Flux [L/T]      0.00000E+00
 WatBalT  [L]       -0.12873E+00
 WatBalR  [%]              0.368
----------------------------------------------------------

----------------------------------------------------------
 Time       [T]      395.0000
----------------------------------------------------------
 Sub-region num.                     1
----------------------------------------------------------
 Length   [L]        0.15000E+03  0.15000E+03
 W-volume [L]        0.53809E+01  0.53809E+01
 In-flow  [L/T]     -0.26822E-06 -0.26822E-06
 h Mean   [L]       -0.41242E+04 -0.41242E+04
 Top Flux [L/T]      0.99840E-31
 Bot Flux [L/T]      0.00000E+00
 WatBalT  [L]       -0.12873E+00
 WatBalR  [%]              0.368
----------------------------------------------------------

----------------------------------------------------------
 Time       [T]      396.0000
----------------------------------------------------------
 Sub-region num.                     1
----------------------------------------------------------
 Length   [L]        0.15000E+03  0.15000E+03
 W-volume [L]        0.53809E+01  0.53809E+01
 In-flow  [L/T]     -0.26822E-06 -0.26822E-06
 h Mean   [L]       -0.41242E+04 -0.41242E+04
 Top Flux [L/T]      0.99840E-31
 Bot Flux [L/T]      0.00000E+00
 WatBalT  [L]       -0.12873E+00
 WatBalR  [%]              0.368
----------------------------------------------------------

----------------------------------------------------------
 Time       [T]      397.0000
----------------------------------------------------------
 Sub-region num.                     1
----------------------------------------------------------
 Length   [L]        0.15000E+03  0.15000E+03
 W-volume [L]        0.53809E+01  0.53809E+01
 In-flow  [L/T]     -0.26822E-06 -0.26822E-06
 h Mean   [L]       -0.41242E+04 -0.41242E+04
 Top Flux [L/T]      0.99840E-31
 Bot Flux [L/T]     -0.24316E-12
 WatBalT  [L]       -0.12873E+00
 WatBalR  [%]              0.368
----------------------------------------------------------

----------------------------------------------------------
 Time       [T]      398.0000
----------------------------------------------------------
 Sub-region num.                     1
----------------------------------------------------------
 Length   [L]        0.15000E+03  0.15000E+03
 W-volume [L]        0.53809E+01  0.53809E+01
 In-flow  [L/T]     -0.26822E-06 -0.26822E-06
 h Mean   [L]       -0.41242E+04 -0.41242E+04
 Top Flux [L/T]      0.99840E-31
 Bot Flux [L/T]     -0.24315E-12
 WatBalT  [L]       -0.12873E+00
 WatBalR  [%]              0.368
----------------------------------------------------------

----------------------------------------------------------
 Time       [T]      399.0000
----------------------------------------------------------
 Sub-region num.                     1
----------------------------------------------------------
 Length   [L]        0.15000E+03  0.15000E+03
 W-volume [L]        0.53809E+01  0.53809E+01
 In-flow  [L/T]     -0.26822E-06 -0.26822E-06
 h Mean   [L]       -0.41242E+04 -0.41242E+04
 Top Flux [L/T]      0.99840E-31
 Bot Flux [L/T]     -0.24314E-12
 WatBalT  [L]       -0.12873E+00
 WatBalR  [%]              0.368
----------------------------------------------------------

----------------------------------------------------------
 Time       [T]      400.0000
----------------------------------------------------------
 Sub-region num.                     1
----------------------------------------------------------
 Length   [L]        0.15000E+03  0.15000E+03
 W-volume [L]        0.53809E+01  0.53809E+01
 In-flow  [L/T]     -0.26822E-06 -0.26822E-06
 h Mean   [L]       -0.41242E+04 -0.41242E+04
 Top Flux [L/T]      0.99840E-31
 Bot Flux [L/T]     -0.24313E-12
 WatBalT  [L]       -0.12873E+00
 WatBalR  [%]              0.368
----------------------------------------------------------

----------------------------------------------------------
 Time       [T]      401.0000
----------------------------------------------------------
 Sub-region num.                     1
----------------------------------------------------------
 Length   [L]        0.15000E+03  0.15000E+03
 W-volume [L]        0.53809E+01  0.53809E+01
 In-flow  [L/T]     -0.26822E-06 -0.26822E-06
 h Mean   [L]       -0.41242E+04 -0.41242E+04
 Top Flux [L/T]      0.99840E-31
 Bot Flux [L/T]     -0.24312E-12
 WatBalT  [L]       -0.12873E+00
 WatBalR  [%]              0.368
----------------------------------------------------------

----------------------------------------------------------
 Time       [T]      402.0000
----------------------------------------------------------
 Sub-region num.                     1
----------------------------------------------------------
 Length   [L]        0.15000E+03  0.15000E+03
 W-volume [L]        0.53809E+01  0.53809E+01
 In-flow  [L/T]     -0.26822E-06 -0.26822E-06
 h Mean   [L]       -0.41242E+04 -0.41242E+04
 Top Flux [L/T]      0.99840E-31
 Bot Flux [L/T]     -0.24311E-12
 WatBalT  [L]       -0.12873E+00
 WatBalR  [%]              0.368
----------------------------------------------------------

----------------------------------------------------------
 Time       [T]      403.0000
----------------------------------------------------------
 Sub-region num.                     1
----------------------------------------------------------
 Length   [L]        0.15000E+03  0.15000E+03
 W-volume [L]        0.53809E+01  0.53809E+01
 In-flow  [L/T]     -0.26822E-06 -0.26822E-06
 h Mean   [L]       -0.41242E+04 -0.41242E+04
 Top Flux [L/T]      0.99840E-31
 Bot Flux [L/T]     -0.24310E-12
 WatBalT  [L]       -0.12873E+00
 WatBalR  [%]              0.368
----------------------------------------------------------

----------------------------------------------------------
 Time       [T]      404.0000
----------------------------------------------------------
 Sub-region num.                     1
----------------------------------------------------------
 Length   [L]        0.15000E+03  0.15000E+03
 W-volume [L]        0.53809E+01  0.53809E+01
 In-flow  [L/T]     -0.26822E-06 -0.26822E-06
 h Mean   [L]       -0.41242E+04 -0.41242E+04
 Top Flux [L/T]      0.99840E-31
 Bot Flux [L/T]     -0.24308E-12
 WatBalT  [L]       -0.12873E+00
 WatBalR  [%]              0.368
----------------------------------------------------------

----------------------------------------------------------
 Time       [T]      405.0000
----------------------------------------------------------
 Sub-region num.                     1
----------------------------------------------------------
 Length   [L]        0.15000E+03  0.15000E+03
 W-volume [L]        0.53809E+01  0.53809E+01
 In-flow  [L/T]     -0.26822E-06 -0.26822E-06
 h Mean   [L]       -0.41242E+04 -0.41242E+04
 Top Flux [L/T]      0.99840E-31
 Bot Flux [L/T]     -0.24307E-12
 WatBalT  [L]       -0.12873E+00
 WatBalR  [%]              0.368
----------------------------------------------------------

----------------------------------------------------------
 Time       [T]      406.0000
----------------------------------------------------------
 Sub-region num.                     1
----------------------------------------------------------
 Length   [L]        0.15000E+03  0.15000E+03
 W-volume [L]        0.53809E+01  0.53809E+01
 In-flow  [L/T]     -0.26822E-06 -0.26822E-06
 h Mean   [L]       -0.41242E+04 -0.41242E+04
 Top Flux [L/T]      0.99840E-31
 Bot Flux [L/T]      0.24306E-12
 WatBalT  [L]       -0.12873E+00
 WatBalR  [%]              0.368
----------------------------------------------------------

----------------------------------------------------------
 Time       [T]      407.0000
----------------------------------------------------------
 Sub-region num.                     1
----------------------------------------------------------
 Length   [L]        0.15000E+03  0.15000E+03
 W-volume [L]        0.53809E+01  0.53809E+01
 In-flow  [L/T]     -0.26822E-06 -0.26822E-06
 h Mean   [L]       -0.41242E+04 -0.41242E+04
 Top Flux [L/T]      0.99840E-31
 Bot Flux [L/T]      0.00000E+00
 WatBalT  [L]       -0.12873E+00
 WatBalR  [%]              0.368
----------------------------------------------------------

----------------------------------------------------------
 Time       [T]      408.0000
----------------------------------------------------------
 Sub-region num.                     1
----------------------------------------------------------
 Length   [L]        0.15000E+03  0.15000E+03
 W-volume [L]        0.53809E+01  0.53809E+01
 In-flow  [L/T]     -0.26822E-06 -0.26822E-06
 h Mean   [L]       -0.41242E+04 -0.41242E+04
 Top Flux [L/T]      0.99840E-31
 Bot Flux [L/T]     -0.24304E-12
 WatBalT  [L]       -0.12873E+00
 WatBalR  [%]              0.368
----------------------------------------------------------

----------------------------------------------------------
 Time       [T]      409.0000
----------------------------------------------------------
 Sub-region num.                     1
----------------------------------------------------------
 Length   [L]        0.15000E+03  0.15000E+03
 W-volume [L]        0.53809E+01  0.53809E+01
 In-flow  [L/T]     -0.26822E-06 -0.26822E-06
 h Mean   [L]       -0.41242E+04 -0.41242E+04
 Top Flux [L/T]      0.99840E-31
 Bot Flux [L/T]      0.00000E+00
 WatBalT  [L]       -0.12873E+00
 WatBalR  [%]              0.368
----------------------------------------------------------

----------------------------------------------------------
 Time       [T]      410.0000
----------------------------------------------------------
 Sub-region num.                     1
----------------------------------------------------------
 Length   [L]        0.15000E+03  0.15000E+03
 W-volume [L]        0.53809E+01  0.53809E+01
 In-flow  [L/T]     -0.26822E-06 -0.26822E-06
 h Mean   [L]       -0.41242E+04 -0.41242E+04
 Top Flux [L/T]      0.99840E-31
 Bot Flux [L/T]      0.00000E+00
 WatBalT  [L]       -0.12873E+00
 WatBalR  [%]              0.368
----------------------------------------------------------

----------------------------------------------------------
 Time       [T]      411.0000
----------------------------------------------------------
 Sub-region num.                     1
----------------------------------------------------------
 Length   [L]        0.15000E+03  0.15000E+03
 W-volume [L]        0.53809E+01  0.53809E+01
 In-flow  [L/T]     -0.26822E-06 -0.26822E-06
 h Mean   [L]       -0.41242E+04 -0.41242E+04
 Top Flux [L/T]      0.99840E-31
 Bot Flux [L/T]     -0.24301E-12
 WatBalT  [L]       -0.12873E+00
 WatBalR  [%]              0.368
----------------------------------------------------------

----------------------------------------------------------
 Time       [T]      412.0000
----------------------------------------------------------
 Sub-region num.                     1
----------------------------------------------------------
 Length   [L]        0.15000E+03  0.15000E+03
 W-volume [L]        0.53809E+01  0.53809E+01
 In-flow  [L/T]     -0.26822E-06 -0.26822E-06
 h Mean   [L]       -0.41242E+04 -0.41242E+04
 Top Flux [L/T]      0.99840E-31
 Bot Flux [L/T]     -0.24300E-12
 WatBalT  [L]       -0.12873E+00
 WatBalR  [%]              0.368
----------------------------------------------------------

----------------------------------------------------------
 Time       [T]      413.0000
----------------------------------------------------------
 Sub-region num.                     1
----------------------------------------------------------
 Length   [L]        0.15000E+03  0.15000E+03
 W-volume [L]        0.53809E+01  0.53809E+01
 In-flow  [L/T]     -0.26822E-06 -0.26822E-06
 h Mean   [L]       -0.41242E+04 -0.41242E+04
 Top Flux [L/T]      0.99840E-31
 Bot Flux [L/T]     -0.24298E-12
 WatBalT  [L]       -0.12873E+00
 WatBalR  [%]              0.368
----------------------------------------------------------

----------------------------------------------------------
 Time       [T]      414.0000
----------------------------------------------------------
 Sub-region num.                     1
----------------------------------------------------------
 Length   [L]        0.15000E+03  0.15000E+03
 W-volume [L]        0.53809E+01  0.53809E+01
 In-flow  [L/T]     -0.26822E-06 -0.26822E-06
 h Mean   [L]       -0.41242E+04 -0.41242E+04
 Top Flux [L/T]      0.99840E-31
 Bot Flux [L/T]      0.00000E+00
 WatBalT  [L]       -0.12873E+00
 WatBalR  [%]              0.368
----------------------------------------------------------

----------------------------------------------------------
 Time       [T]      415.0000
----------------------------------------------------------
 Sub-region num.                     1
----------------------------------------------------------
 Length   [L]        0.15000E+03  0.15000E+03
 W-volume [L]        0.53809E+01  0.53809E+01
 In-flow  [L/T]     -0.26822E-06 -0.26822E-06
 h Mean   [L]       -0.41242E+04 -0.41242E+04
 Top Flux [L/T]      0.99840E-31
 Bot Flux [L/T]      0.00000E+00
 WatBalT  [L]       -0.12873E+00
 WatBalR  [%]              0.368
----------------------------------------------------------

----------------------------------------------------------
 Time       [T]      416.0000
----------------------------------------------------------
 Sub-region num.                     1
----------------------------------------------------------
 Length   [L]        0.15000E+03  0.15000E+03
 W-volume [L]        0.53809E+01  0.53809E+01
 In-flow  [L/T]     -0.23842E-06 -0.23842E-06
 h Mean   [L]       -0.41242E+04 -0.41242E+04
 Top Flux [L/T]      0.99840E-31
 Bot Flux [L/T]      0.00000E+00
 WatBalT  [L]       -0.12873E+00
 WatBalR  [%]              0.368
----------------------------------------------------------

----------------------------------------------------------
 Time       [T]      417.0000
----------------------------------------------------------
 Sub-region num.                     1
----------------------------------------------------------
 Length   [L]        0.15000E+03  0.15000E+03
 W-volume [L]        0.53809E+01  0.53809E+01
 In-flow  [L/T]     -0.26822E-06 -0.26822E-06
 h Mean   [L]       -0.41242E+04 -0.41242E+04
 Top Flux [L/T]      0.99840E-31
 Bot Flux [L/T]      0.00000E+00
 WatBalT  [L]       -0.12873E+00
 WatBalR  [%]              0.368
----------------------------------------------------------

----------------------------------------------------------
 Time       [T]      418.0000
----------------------------------------------------------
 Sub-region num.                     1
----------------------------------------------------------
 Length   [L]        0.15000E+03  0.15000E+03
 W-volume [L]        0.53809E+01  0.53809E+01
 In-flow  [L/T]     -0.23842E-06 -0.23842E-06
 h Mean   [L]       -0.41242E+04 -0.41242E+04
 Top Flux [L/T]      0.99840E-31
 Bot Flux [L/T]      0.00000E+00
 WatBalT  [L]       -0.12873E+00
 WatBalR  [%]              0.368
----------------------------------------------------------

----------------------------------------------------------
 Time       [T]      419.0000
----------------------------------------------------------
 Sub-region num.                     1
----------------------------------------------------------
 Length   [L]        0.15000E+03  0.15000E+03
 W-volume [L]        0.53809E+01  0.53809E+01
 In-flow  [L/T]     -0.26822E-06 -0.26822E-06
 h Mean   [L]       -0.41242E+04 -0.41242E+04
 Top Flux [L/T]      0.99840E-31
 Bot Flux [L/T]      0.00000E+00
 WatBalT  [L]       -0.12873E+00
 WatBalR  [%]              0.368
----------------------------------------------------------

----------------------------------------------------------
 Time       [T]      420.0000
----------------------------------------------------------
 Sub-region num.                     1
----------------------------------------------------------
 Length   [L]        0.15000E+03  0.15000E+03
 W-volume [L]        0.53809E+01  0.53809E+01
 In-flow  [L/T]     -0.23842E-06 -0.23842E-06
 h Mean   [L]       -0.41242E+04 -0.41242E+04
 Top Flux [L/T]      0.99840E-31
 Bot Flux [L/T]      0.00000E+00
 WatBalT  [L]       -0.12873E+00
 WatBalR  [%]              0.368
----------------------------------------------------------

----------------------------------------------------------
 Time       [T]      421.0000
----------------------------------------------------------
 Sub-region num.                     1
----------------------------------------------------------
 Length   [L]        0.15000E+03  0.15000E+03
 W-volume [L]        0.53809E+01  0.53809E+01
 In-flow  [L/T]     -0.26822E-06 -0.26822E-06
 h Mean   [L]       -0.41242E+04 -0.41242E+04
 Top Flux [L/T]      0.99840E-31
 Bot Flux [L/T]      0.00000E+00
 WatBalT  [L]       -0.12873E+00
 WatBalR  [%]              0.368
----------------------------------------------------------

----------------------------------------------------------
 Time       [T]      422.0000
----------------------------------------------------------
 Sub-region num.                     1
----------------------------------------------------------
 Length   [L]        0.15000E+03  0.15000E+03
 W-volume [L]        0.53809E+01  0.53809E+01
 In-flow  [L/T]     -0.23842E-06 -0.23842E-06
 h Mean   [L]       -0.41242E+04 -0.41242E+04
 Top Flux [L/T]      0.99840E-31
 Bot Flux [L/T]      0.00000E+00
 WatBalT  [L]       -0.12873E+00
 WatBalR  [%]              0.368
----------------------------------------------------------

----------------------------------------------------------
 Time       [T]      423.0000
----------------------------------------------------------
 Sub-region num.                     1
----------------------------------------------------------
 Length   [L]        0.15000E+03  0.15000E+03
 W-volume [L]        0.53809E+01  0.53809E+01
 In-flow  [L/T]     -0.23842E-06 -0.23842E-06
 h Mean   [L]       -0.41242E+04 -0.41242E+04
 Top Flux [L/T]      0.99840E-31
 Bot Flux [L/T]      0.00000E+00
 WatBalT  [L]       -0.12873E+00
 WatBalR  [%]              0.368
----------------------------------------------------------

----------------------------------------------------------
 Time       [T]      424.0000
----------------------------------------------------------
 Sub-region num.                     1
----------------------------------------------------------
 Length   [L]        0.15000E+03  0.15000E+03
 W-volume [L]        0.53809E+01  0.53809E+01
 In-flow  [L/T]     -0.26822E-06 -0.26822E-06
 h Mean   [L]       -0.41242E+04 -0.41242E+04
 Top Flux [L/T]      0.99840E-31
 Bot Flux [L/T]      0.00000E+00
 WatBalT  [L]       -0.12873E+00
 WatBalR  [%]              0.368
----------------------------------------------------------

----------------------------------------------------------
 Time       [T]      425.0000
----------------------------------------------------------
 Sub-region num.                     1
----------------------------------------------------------
 Length   [L]        0.15000E+03  0.15000E+03
 W-volume [L]        0.53809E+01  0.53809E+01
 In-flow  [L/T]     -0.23842E-06 -0.23842E-06
 h Mean   [L]       -0.41242E+04 -0.41242E+04
 Top Flux [L/T]      0.99840E-31
 Bot Flux [L/T]      0.00000E+00
 WatBalT  [L]       -0.12873E+00
 WatBalR  [%]              0.368
----------------------------------------------------------

----------------------------------------------------------
 Time       [T]      426.0000
----------------------------------------------------------
 Sub-region num.                     1
----------------------------------------------------------
 Length   [L]        0.15000E+03  0.15000E+03
 W-volume [L]        0.53809E+01  0.53809E+01
 In-flow  [L/T]     -0.26822E-06 -0.26822E-06
 h Mean   [L]       -0.41242E+04 -0.41242E+04
 Top Flux [L/T]      0.99840E-31
 Bot Flux [L/T]      0.00000E+00
 WatBalT  [L]       -0.12873E+00
 WatBalR  [%]              0.368
----------------------------------------------------------

----------------------------------------------------------
 Time       [T]      427.0000
----------------------------------------------------------
 Sub-region num.                     1
----------------------------------------------------------
 Length   [L]        0.15000E+03  0.15000E+03
 W-volume [L]        0.53809E+01  0.53809E+01
 In-flow  [L/T]     -0.23842E-06 -0.23842E-06
 h Mean   [L]       -0.41242E+04 -0.41242E+04
 Top Flux [L/T]      0.99840E-31
 Bot Flux [L/T]      0.00000E+00
 WatBalT  [L]       -0.12873E+00
 WatBalR  [%]              0.368
----------------------------------------------------------

----------------------------------------------------------
 Time       [T]      428.0000
----------------------------------------------------------
 Sub-region num.                     1
----------------------------------------------------------
 Length   [L]        0.15000E+03  0.15000E+03
 W-volume [L]        0.53809E+01  0.53809E+01
 In-flow  [L/T]     -0.26822E-06 -0.26822E-06
 h Mean   [L]       -0.41242E+04 -0.41242E+04
 Top Flux [L/T]      0.99840E-31
 Bot Flux [L/T]      0.00000E+00
 WatBalT  [L]       -0.12873E+00
 WatBalR  [%]              0.368
----------------------------------------------------------

----------------------------------------------------------
 Time       [T]      429.0000
----------------------------------------------------------
 Sub-region num.                     1
----------------------------------------------------------
 Length   [L]        0.15000E+03  0.15000E+03
 W-volume [L]        0.53809E+01  0.53809E+01
 In-flow  [L/T]     -0.23842E-06 -0.23842E-06
 h Mean   [L]       -0.41242E+04 -0.41242E+04
 Top Flux [L/T]      0.99840E-31
 Bot Flux [L/T]      0.00000E+00
 WatBalT  [L]       -0.12873E+00
 WatBalR  [%]              0.368
----------------------------------------------------------

----------------------------------------------------------
 Time       [T]      430.0000
----------------------------------------------------------
 Sub-region num.                     1
----------------------------------------------------------
 Length   [L]        0.15000E+03  0.15000E+03
 W-volume [L]        0.53809E+01  0.53809E+01
 In-flow  [L/T]     -0.26822E-06 -0.26822E-06
 h Mean   [L]       -0.41242E+04 -0.41242E+04
 Top Flux [L/T]      0.99840E-31
 Bot Flux [L/T]      0.00000E+00
 WatBalT  [L]       -0.12873E+00
 WatBalR  [%]              0.368
----------------------------------------------------------

----------------------------------------------------------
 Time       [T]      431.0000
----------------------------------------------------------
 Sub-region num.                     1
----------------------------------------------------------
 Length   [L]        0.15000E+03  0.15000E+03
 W-volume [L]        0.53809E+01  0.53809E+01
 In-flow  [L/T]     -0.23842E-06 -0.23842E-06
 h Mean   [L]       -0.41242E+04 -0.41242E+04
 Top Flux [L/T]      0.99840E-31
 Bot Flux [L/T]      0.00000E+00
 WatBalT  [L]       -0.12873E+00
 WatBalR  [%]              0.368
----------------------------------------------------------

----------------------------------------------------------
 Time       [T]      432.0000
----------------------------------------------------------
 Sub-region num.                     1
----------------------------------------------------------
 Length   [L]        0.15000E+03  0.15000E+03
 W-volume [L]        0.53809E+01  0.53809E+01
 In-flow  [L/T]     -0.26822E-06 -0.26822E-06
 h Mean   [L]       -0.41242E+04 -0.41242E+04
 Top Flux [L/T]      0.99840E-31
 Bot Flux [L/T]      0.00000E+00
 WatBalT  [L]       -0.12873E+00
 WatBalR  [%]              0.368
----------------------------------------------------------

----------------------------------------------------------
 Time       [T]      433.0000
----------------------------------------------------------
 Sub-region num.                     1
----------------------------------------------------------
 Length   [L]        0.15000E+03  0.15000E+03
 W-volume [L]        0.53809E+01  0.53809E+01
 In-flow  [L/T]     -0.23842E-06 -0.23842E-06
 h Mean   [L]       -0.41242E+04 -0.41242E+04
 Top Flux [L/T]      0.99840E-31
 Bot Flux [L/T]      0.00000E+00
 WatBalT  [L]       -0.12873E+00
 WatBalR  [%]              0.368
----------------------------------------------------------

----------------------------------------------------------
 Time       [T]      434.0000
----------------------------------------------------------
 Sub-region num.                     1
----------------------------------------------------------
 Length   [L]        0.15000E+03  0.15000E+03
 W-volume [L]        0.53809E+01  0.53809E+01
 In-flow  [L/T]     -0.26822E-06 -0.26822E-06
 h Mean   [L]       -0.41242E+04 -0.41242E+04
 Top Flux [L/T]      0.99840E-31
 Bot Flux [L/T]      0.00000E+00
 WatBalT  [L]       -0.12873E+00
 WatBalR  [%]              0.368
----------------------------------------------------------

----------------------------------------------------------
 Time       [T]      435.0000
----------------------------------------------------------
 Sub-region num.                     1
----------------------------------------------------------
 Length   [L]        0.15000E+03  0.15000E+03
 W-volume [L]        0.53809E+01  0.53809E+01
 In-flow  [L/T]     -0.23842E-06 -0.23842E-06
 h Mean   [L]       -0.41242E+04 -0.41242E+04
 Top Flux [L/T]      0.99840E-31
 Bot Flux [L/T]      0.00000E+00
 WatBalT  [L]       -0.12873E+00
 WatBalR  [%]              0.368
----------------------------------------------------------

----------------------------------------------------------
 Time       [T]      436.0000
----------------------------------------------------------
 Sub-region num.                     1
----------------------------------------------------------
 Length   [L]        0.15000E+03  0.15000E+03
 W-volume [L]        0.53809E+01  0.53809E+01
 In-flow  [L/T]     -0.26822E-06 -0.26822E-06
 h Mean   [L]       -0.41242E+04 -0.41242E+04
 Top Flux [L/T]      0.99840E-31
 Bot Flux [L/T]      0.00000E+00
 WatBalT  [L]       -0.12874E+00
 WatBalR  [%]              0.368
----------------------------------------------------------

----------------------------------------------------------
 Time       [T]      437.0000
----------------------------------------------------------
 Sub-region num.                     1
----------------------------------------------------------
 Length   [L]        0.15000E+03  0.15000E+03
 W-volume [L]        0.53809E+01  0.53809E+01
 In-flow  [L/T]     -0.23842E-06 -0.23842E-06
 h Mean   [L]       -0.41242E+04 -0.41242E+04
 Top Flux [L/T]      0.99840E-31
 Bot Flux [L/T]      0.00000E+00
 WatBalT  [L]       -0.12874E+00
 WatBalR  [%]              0.368
----------------------------------------------------------

----------------------------------------------------------
 Time       [T]      438.0000
----------------------------------------------------------
 Sub-region num.                     1
----------------------------------------------------------
 Length   [L]        0.15000E+03  0.15000E+03
 W-volume [L]        0.53809E+01  0.53809E+01
 In-flow  [L/T]     -0.26822E-06 -0.26822E-06
 h Mean   [L]       -0.41242E+04 -0.41242E+04
 Top Flux [L/T]      0.99840E-31
 Bot Flux [L/T]      0.00000E+00
 WatBalT  [L]       -0.12874E+00
 WatBalR  [%]              0.368
----------------------------------------------------------

----------------------------------------------------------
 Time       [T]      439.0000
----------------------------------------------------------
 Sub-region num.                     1
----------------------------------------------------------
 Length   [L]        0.15000E+03  0.15000E+03
 W-volume [L]        0.53809E+01  0.53809E+01
 In-flow  [L/T]     -0.23842E-06 -0.23842E-06
 h Mean   [L]       -0.41242E+04 -0.41242E+04
 Top Flux [L/T]      0.99840E-31
 Bot Flux [L/T]      0.00000E+00
 WatBalT  [L]       -0.12874E+00
 WatBalR  [%]              0.368
----------------------------------------------------------

----------------------------------------------------------
 Time       [T]      440.0000
----------------------------------------------------------
 Sub-region num.                     1
----------------------------------------------------------
 Length   [L]        0.15000E+03  0.15000E+03
 W-volume [L]        0.53809E+01  0.53809E+01
 In-flow  [L/T]     -0.26822E-06 -0.26822E-06
 h Mean   [L]       -0.41242E+04 -0.41242E+04
 Top Flux [L/T]      0.99840E-31
 Bot Flux [L/T]      0.00000E+00
 WatBalT  [L]       -0.12874E+00
 WatBalR  [%]              0.368
----------------------------------------------------------

----------------------------------------------------------
 Time       [T]      441.0000
----------------------------------------------------------
 Sub-region num.                     1
----------------------------------------------------------
 Length   [L]        0.15000E+03  0.15000E+03
 W-volume [L]        0.53809E+01  0.53809E+01
 In-flow  [L/T]     -0.23842E-06 -0.23842E-06
 h Mean   [L]       -0.41242E+04 -0.41242E+04
 Top Flux [L/T]      0.99840E-31
 Bot Flux [L/T]      0.00000E+00
 WatBalT  [L]       -0.12874E+00
 WatBalR  [%]              0.368
----------------------------------------------------------

----------------------------------------------------------
 Time       [T]      442.0000
----------------------------------------------------------
 Sub-region num.                     1
----------------------------------------------------------
 Length   [L]        0.15000E+03  0.15000E+03
 W-volume [L]        0.53809E+01  0.53809E+01
 In-flow  [L/T]     -0.26822E-06 -0.26822E-06
 h Mean   [L]       -0.41242E+04 -0.41242E+04
 Top Flux [L/T]      0.99840E-31
 Bot Flux [L/T]      0.00000E+00
 WatBalT  [L]       -0.12874E+00
 WatBalR  [%]              0.368
----------------------------------------------------------

----------------------------------------------------------
 Time       [T]      443.0000
----------------------------------------------------------
 Sub-region num.                     1
----------------------------------------------------------
 Length   [L]        0.15000E+03  0.15000E+03
 W-volume [L]        0.53809E+01  0.53809E+01
 In-flow  [L/T]     -0.23842E-06 -0.23842E-06
 h Mean   [L]       -0.41242E+04 -0.41242E+04
 Top Flux [L/T]      0.99840E-31
 Bot Flux [L/T]      0.00000E+00
 WatBalT  [L]       -0.12874E+00
 WatBalR  [%]              0.368
----------------------------------------------------------

----------------------------------------------------------
 Time       [T]      444.0000
----------------------------------------------------------
 Sub-region num.                     1
----------------------------------------------------------
 Length   [L]        0.15000E+03  0.15000E+03
 W-volume [L]        0.53809E+01  0.53809E+01
 In-flow  [L/T]     -0.26822E-06 -0.26822E-06
 h Mean   [L]       -0.41242E+04 -0.41242E+04
 Top Flux [L/T]      0.99840E-31
 Bot Flux [L/T]      0.00000E+00
 WatBalT  [L]       -0.12874E+00
 WatBalR  [%]              0.368
----------------------------------------------------------

----------------------------------------------------------
 Time       [T]      445.0000
----------------------------------------------------------
 Sub-region num.                     1
----------------------------------------------------------
 Length   [L]        0.15000E+03  0.15000E+03
 W-volume [L]        0.53809E+01  0.53809E+01
 In-flow  [L/T]     -0.23842E-06 -0.23842E-06
 h Mean   [L]       -0.41242E+04 -0.41242E+04
 Top Flux [L/T]      0.99840E-31
 Bot Flux [L/T]      0.00000E+00
 WatBalT  [L]       -0.12874E+00
 WatBalR  [%]              0.368
----------------------------------------------------------

----------------------------------------------------------
 Time       [T]      446.0000
----------------------------------------------------------
 Sub-region num.                     1
----------------------------------------------------------
 Length   [L]        0.15000E+03  0.15000E+03
 W-volume [L]        0.53809E+01  0.53809E+01
 In-flow  [L/T]     -0.26822E-06 -0.26822E-06
 h Mean   [L]       -0.41242E+04 -0.41242E+04
 Top Flux [L/T]      0.99840E-31
 Bot Flux [L/T]      0.00000E+00
 WatBalT  [L]       -0.12874E+00
 WatBalR  [%]              0.368
----------------------------------------------------------

----------------------------------------------------------
 Time       [T]      447.0000
----------------------------------------------------------
 Sub-region num.                     1
----------------------------------------------------------
 Length   [L]        0.15000E+03  0.15000E+03
 W-volume [L]        0.53809E+01  0.53809E+01
 In-flow  [L/T]     -0.23842E-06 -0.23842E-06
 h Mean   [L]       -0.41242E+04 -0.41242E+04
 Top Flux [L/T]      0.99840E-31
 Bot Flux [L/T]      0.00000E+00
 WatBalT  [L]       -0.12874E+00
 WatBalR  [%]              0.368
----------------------------------------------------------

----------------------------------------------------------
 Time       [T]      448.0000
----------------------------------------------------------
 Sub-region num.                     1
----------------------------------------------------------
 Length   [L]        0.15000E+03  0.15000E+03
 W-volume [L]        0.53809E+01  0.53809E+01
 In-flow  [L/T]     -0.26822E-06 -0.26822E-06
 h Mean   [L]       -0.41242E+04 -0.41242E+04
 Top Flux [L/T]      0.99840E-31
 Bot Flux [L/T]      0.00000E+00
 WatBalT  [L]       -0.12874E+00
 WatBalR  [%]              0.368
----------------------------------------------------------

----------------------------------------------------------
 Time       [T]      449.0000
----------------------------------------------------------
 Sub-region num.                     1
----------------------------------------------------------
 Length   [L]        0.15000E+03  0.15000E+03
 W-volume [L]        0.53809E+01  0.53809E+01
 In-flow  [L/T]     -0.23842E-06 -0.23842E-06
 h Mean   [L]       -0.41242E+04 -0.41242E+04
 Top Flux [L/T]      0.99840E-31
 Bot Flux [L/T]      0.00000E+00
 WatBalT  [L]       -0.12874E+00
 WatBalR  [%]              0.368
----------------------------------------------------------

----------------------------------------------------------
 Time       [T]      450.0000
----------------------------------------------------------
 Sub-region num.                     1
----------------------------------------------------------
 Length   [L]        0.15000E+03  0.15000E+03
 W-volume [L]        0.53809E+01  0.53809E+01
 In-flow  [L/T]     -0.26822E-06 -0.26822E-06
 h Mean   [L]       -0.41242E+04 -0.41242E+04
 Top Flux [L/T]      0.99840E-31
 Bot Flux [L/T]      0.00000E+00
 WatBalT  [L]       -0.12874E+00
 WatBalR  [%]              0.368
----------------------------------------------------------

----------------------------------------------------------
 Time       [T]      451.0000
----------------------------------------------------------
 Sub-region num.                     1
----------------------------------------------------------
 Length   [L]        0.15000E+03  0.15000E+03
 W-volume [L]        0.53809E+01  0.53809E+01
 In-flow  [L/T]     -0.26822E-06 -0.26822E-06
 h Mean   [L]       -0.41242E+04 -0.41242E+04
 Top Flux [L/T]      0.99840E-31
 Bot Flux [L/T]      0.00000E+00
 WatBalT  [L]       -0.12874E+00
 WatBalR  [%]              0.368
----------------------------------------------------------

----------------------------------------------------------
 Time       [T]      452.0000
----------------------------------------------------------
 Sub-region num.                     1
----------------------------------------------------------
 Length   [L]        0.15000E+03  0.15000E+03
 W-volume [L]        0.53809E+01  0.53809E+01
 In-flow  [L/T]     -0.23842E-06 -0.23842E-06
 h Mean   [L]       -0.41242E+04 -0.41242E+04
 Top Flux [L/T]      0.99840E-31
 Bot Flux [L/T]      0.00000E+00
 WatBalT  [L]       -0.12874E+00
 WatBalR  [%]              0.368
----------------------------------------------------------

----------------------------------------------------------
 Time       [T]      453.0000
----------------------------------------------------------
 Sub-region num.                     1
----------------------------------------------------------
 Length   [L]        0.15000E+03  0.15000E+03
 W-volume [L]        0.53809E+01  0.53809E+01
 In-flow  [L/T]     -0.26822E-06 -0.26822E-06
 h Mean   [L]       -0.41242E+04 -0.41242E+04
 Top Flux [L/T]      0.99840E-31
 Bot Flux [L/T]      0.00000E+00
 WatBalT  [L]       -0.12874E+00
 WatBalR  [%]              0.368
----------------------------------------------------------

----------------------------------------------------------
 Time       [T]      454.0000
----------------------------------------------------------
 Sub-region num.                     1
----------------------------------------------------------
 Length   [L]        0.15000E+03  0.15000E+03
 W-volume [L]        0.53809E+01  0.53809E+01
 In-flow  [L/T]     -0.23842E-06 -0.23842E-06
 h Mean   [L]       -0.41242E+04 -0.41242E+04
 Top Flux [L/T]      0.99840E-31
 Bot Flux [L/T]      0.00000E+00
 WatBalT  [L]       -0.12874E+00
 WatBalR  [%]              0.368
----------------------------------------------------------

----------------------------------------------------------
 Time       [T]      455.0000
----------------------------------------------------------
 Sub-region num.                     1
----------------------------------------------------------
 Length   [L]        0.15000E+03  0.15000E+03
 W-volume [L]        0.53809E+01  0.53809E+01
 In-flow  [L/T]     -0.23842E-06 -0.23842E-06
 h Mean   [L]       -0.41242E+04 -0.41242E+04
 Top Flux [L/T]      0.99840E-31
 Bot Flux [L/T]      0.00000E+00
 WatBalT  [L]       -0.12874E+00
 WatBalR  [%]              0.368
----------------------------------------------------------

----------------------------------------------------------
 Time       [T]      456.0000
----------------------------------------------------------
 Sub-region num.                     1
----------------------------------------------------------
 Length   [L]        0.15000E+03  0.15000E+03
 W-volume [L]        0.53809E+01  0.53809E+01
 In-flow  [L/T]     -0.26822E-06 -0.26822E-06
 h Mean   [L]       -0.41242E+04 -0.41242E+04
 Top Flux [L/T]      0.99840E-31
 Bot Flux [L/T]      0.00000E+00
 WatBalT  [L]       -0.12874E+00
 WatBalR  [%]              0.368
----------------------------------------------------------

----------------------------------------------------------
 Time       [T]      457.0000
----------------------------------------------------------
 Sub-region num.                     1
----------------------------------------------------------
 Length   [L]        0.15000E+03  0.15000E+03
 W-volume [L]        0.53809E+01  0.53809E+01
 In-flow  [L/T]     -0.26822E-06 -0.26822E-06
 h Mean   [L]       -0.41242E+04 -0.41242E+04
 Top Flux [L/T]      0.99840E-31
 Bot Flux [L/T]      0.00000E+00
 WatBalT  [L]       -0.12874E+00
 WatBalR  [%]              0.368
----------------------------------------------------------

----------------------------------------------------------
 Time       [T]      458.0000
----------------------------------------------------------
 Sub-region num.                     1
----------------------------------------------------------
 Length   [L]        0.15000E+03  0.15000E+03
 W-volume [L]        0.53809E+01  0.53809E+01
 In-flow  [L/T]     -0.23842E-06 -0.23842E-06
 h Mean   [L]       -0.41242E+04 -0.41242E+04
 Top Flux [L/T]      0.99840E-31
 Bot Flux [L/T]      0.00000E+00
 WatBalT  [L]       -0.12874E+00
 WatBalR  [%]              0.368
----------------------------------------------------------

----------------------------------------------------------
 Time       [T]      459.0000
----------------------------------------------------------
 Sub-region num.                     1
----------------------------------------------------------
 Length   [L]        0.15000E+03  0.15000E+03
 W-volume [L]        0.53809E+01  0.53809E+01
 In-flow  [L/T]     -0.26822E-06 -0.26822E-06
 h Mean   [L]       -0.41242E+04 -0.41242E+04
 Top Flux [L/T]      0.99840E-31
 Bot Flux [L/T]      0.00000E+00
 WatBalT  [L]       -0.12874E+00
 WatBalR  [%]              0.368
----------------------------------------------------------

----------------------------------------------------------
 Time       [T]      460.0000
----------------------------------------------------------
 Sub-region num.                     1
----------------------------------------------------------
 Length   [L]        0.15000E+03  0.15000E+03
 W-volume [L]        0.53809E+01  0.53809E+01
 In-flow  [L/T]     -0.23842E-06 -0.23842E-06
 h Mean   [L]       -0.41242E+04 -0.41242E+04
 Top Flux [L/T]      0.99840E-31
 Bot Flux [L/T]      0.00000E+00
 WatBalT  [L]       -0.12874E+00
 WatBalR  [%]              0.368
----------------------------------------------------------

----------------------------------------------------------
 Time       [T]      461.0000
----------------------------------------------------------
 Sub-region num.                     1
----------------------------------------------------------
 Length   [L]        0.15000E+03  0.15000E+03
 W-volume [L]        0.53809E+01  0.53809E+01
 In-flow  [L/T]     -0.26822E-06 -0.26822E-06
 h Mean   [L]       -0.41242E+04 -0.41242E+04
 Top Flux [L/T]      0.99840E-31
 Bot Flux [L/T]      0.00000E+00
 WatBalT  [L]       -0.12874E+00
 WatBalR  [%]              0.368
----------------------------------------------------------

----------------------------------------------------------
 Time       [T]      462.0000
----------------------------------------------------------
 Sub-region num.                     1
----------------------------------------------------------
 Length   [L]        0.15000E+03  0.15000E+03
 W-volume [L]        0.53809E+01  0.53809E+01
 In-flow  [L/T]     -0.23842E-06 -0.23842E-06
 h Mean   [L]       -0.41242E+04 -0.41242E+04
 Top Flux [L/T]      0.99840E-31
 Bot Flux [L/T]      0.00000E+00
 WatBalT  [L]       -0.12874E+00
 WatBalR  [%]              0.368
----------------------------------------------------------

----------------------------------------------------------
 Time       [T]      463.0000
----------------------------------------------------------
 Sub-region num.                     1
----------------------------------------------------------
 Length   [L]        0.15000E+03  0.15000E+03
 W-volume [L]        0.53809E+01  0.53809E+01
 In-flow  [L/T]     -0.26822E-06 -0.26822E-06
 h Mean   [L]       -0.41242E+04 -0.41242E+04
 Top Flux [L/T]      0.99840E-31
 Bot Flux [L/T]      0.00000E+00
 WatBalT  [L]       -0.12874E+00
 WatBalR  [%]              0.368
----------------------------------------------------------

----------------------------------------------------------
 Time       [T]      464.0000
----------------------------------------------------------
 Sub-region num.                     1
----------------------------------------------------------
 Length   [L]        0.15000E+03  0.15000E+03
 W-volume [L]        0.53809E+01  0.53809E+01
 In-flow  [L/T]     -0.23842E-06 -0.23842E-06
 h Mean   [L]       -0.41242E+04 -0.41242E+04
 Top Flux [L/T]      0.99840E-31
 Bot Flux [L/T]      0.00000E+00
 WatBalT  [L]       -0.12874E+00
 WatBalR  [%]              0.368
----------------------------------------------------------

----------------------------------------------------------
 Time       [T]      465.0000
----------------------------------------------------------
 Sub-region num.                     1
----------------------------------------------------------
 Length   [L]        0.15000E+03  0.15000E+03
 W-volume [L]        0.53809E+01  0.53809E+01
 In-flow  [L/T]     -0.26822E-06 -0.26822E-06
 h Mean   [L]       -0.41242E+04 -0.41242E+04
 Top Flux [L/T]      0.99840E-31
 Bot Flux [L/T]      0.00000E+00
 WatBalT  [L]       -0.12874E+00
 WatBalR  [%]              0.368
----------------------------------------------------------

----------------------------------------------------------
 Time       [T]      466.0000
----------------------------------------------------------
 Sub-region num.                     1
----------------------------------------------------------
 Length   [L]        0.15000E+03  0.15000E+03
 W-volume [L]        0.53809E+01  0.53809E+01
 In-flow  [L/T]     -0.23842E-06 -0.23842E-06
 h Mean   [L]       -0.41242E+04 -0.41242E+04
 Top Flux [L/T]      0.99840E-31
 Bot Flux [L/T]      0.00000E+00
 WatBalT  [L]       -0.12874E+00
 WatBalR  [%]              0.368
----------------------------------------------------------

----------------------------------------------------------
 Time       [T]      467.0000
----------------------------------------------------------
 Sub-region num.                     1
----------------------------------------------------------
 Length   [L]        0.15000E+03  0.15000E+03
 W-volume [L]        0.53809E+01  0.53809E+01
 In-flow  [L/T]     -0.26822E-06 -0.26822E-06
 h Mean   [L]       -0.41242E+04 -0.41242E+04
 Top Flux [L/T]      0.99840E-31
 Bot Flux [L/T]      0.00000E+00
 WatBalT  [L]       -0.12874E+00
 WatBalR  [%]              0.368
----------------------------------------------------------

----------------------------------------------------------
 Time       [T]      468.0000
----------------------------------------------------------
 Sub-region num.                     1
----------------------------------------------------------
 Length   [L]        0.15000E+03  0.15000E+03
 W-volume [L]        0.53809E+01  0.53809E+01
 In-flow  [L/T]     -0.23842E-06 -0.23842E-06
 h Mean   [L]       -0.41242E+04 -0.41242E+04
 Top Flux [L/T]      0.99840E-31
 Bot Flux [L/T]      0.00000E+00
 WatBalT  [L]       -0.12874E+00
 WatBalR  [%]              0.368
----------------------------------------------------------

----------------------------------------------------------
 Time       [T]      469.0000
----------------------------------------------------------
 Sub-region num.                     1
----------------------------------------------------------
 Length   [L]        0.15000E+03  0.15000E+03
 W-volume [L]        0.53809E+01  0.53809E+01
 In-flow  [L/T]     -0.26822E-06 -0.26822E-06
 h Mean   [L]       -0.41242E+04 -0.41242E+04
 Top Flux [L/T]      0.99840E-31
 Bot Flux [L/T]      0.00000E+00
 WatBalT  [L]       -0.12874E+00
 WatBalR  [%]              0.368
----------------------------------------------------------

----------------------------------------------------------
 Time       [T]      470.0000
----------------------------------------------------------
 Sub-region num.                     1
----------------------------------------------------------
 Length   [L]        0.15000E+03  0.15000E+03
 W-volume [L]        0.53809E+01  0.53809E+01
 In-flow  [L/T]     -0.23842E-06 -0.23842E-06
 h Mean   [L]       -0.41242E+04 -0.41242E+04
 Top Flux [L/T]      0.99840E-31
 Bot Flux [L/T]      0.00000E+00
 WatBalT  [L]       -0.12874E+00
 WatBalR  [%]              0.368
----------------------------------------------------------

----------------------------------------------------------
 Time       [T]      471.0000
----------------------------------------------------------
 Sub-region num.                     1
----------------------------------------------------------
 Length   [L]        0.15000E+03  0.15000E+03
 W-volume [L]        0.53809E+01  0.53809E+01
 In-flow  [L/T]     -0.26822E-06 -0.26822E-06
 h Mean   [L]       -0.41242E+04 -0.41242E+04
 Top Flux [L/T]      0.99840E-31
 Bot Flux [L/T]      0.00000E+00
 WatBalT  [L]       -0.12874E+00
 WatBalR  [%]              0.368
----------------------------------------------------------

----------------------------------------------------------
 Time       [T]      472.0000
----------------------------------------------------------
 Sub-region num.                     1
----------------------------------------------------------
 Length   [L]        0.15000E+03  0.15000E+03
 W-volume [L]        0.53809E+01  0.53809E+01
 In-flow  [L/T]     -0.23842E-06 -0.23842E-06
 h Mean   [L]       -0.41242E+04 -0.41242E+04
 Top Flux [L/T]      0.99840E-31
 Bot Flux [L/T]      0.00000E+00
 WatBalT  [L]       -0.12875E+00
 WatBalR  [%]              0.368
----------------------------------------------------------

----------------------------------------------------------
 Time       [T]      473.0000
----------------------------------------------------------
 Sub-region num.                     1
----------------------------------------------------------
 Length   [L]        0.15000E+03  0.15000E+03
 W-volume [L]        0.53809E+01  0.53809E+01
 In-flow  [L/T]     -0.26822E-06 -0.26822E-06
 h Mean   [L]       -0.41242E+04 -0.41242E+04
 Top Flux [L/T]      0.99840E-31
 Bot Flux [L/T]      0.00000E+00
 WatBalT  [L]       -0.12875E+00
 WatBalR  [%]              0.368
----------------------------------------------------------

----------------------------------------------------------
 Time       [T]      474.0000
----------------------------------------------------------
 Sub-region num.                     1
----------------------------------------------------------
 Length   [L]        0.15000E+03  0.15000E+03
 W-volume [L]        0.53809E+01  0.53809E+01
 In-flow  [L/T]     -0.23842E-06 -0.23842E-06
 h Mean   [L]       -0.41242E+04 -0.41242E+04
 Top Flux [L/T]      0.99840E-31
 Bot Flux [L/T]      0.00000E+00
 WatBalT  [L]       -0.12875E+00
 WatBalR  [%]              0.368
----------------------------------------------------------

----------------------------------------------------------
 Time       [T]      475.0000
----------------------------------------------------------
 Sub-region num.                     1
----------------------------------------------------------
 Length   [L]        0.15000E+03  0.15000E+03
 W-volume [L]        0.53809E+01  0.53809E+01
 In-flow  [L/T]     -0.26822E-06 -0.26822E-06
 h Mean   [L]       -0.41242E+04 -0.41242E+04
 Top Flux [L/T]      0.99840E-31
 Bot Flux [L/T]      0.00000E+00
 WatBalT  [L]       -0.12875E+00
 WatBalR  [%]              0.368
----------------------------------------------------------

----------------------------------------------------------
 Time       [T]      476.0000
----------------------------------------------------------
 Sub-region num.                     1
----------------------------------------------------------
 Length   [L]        0.15000E+03  0.15000E+03
 W-volume [L]        0.53809E+01  0.53809E+01
 In-flow  [L/T]     -0.23842E-06 -0.23842E-06
 h Mean   [L]       -0.41242E+04 -0.41242E+04
 Top Flux [L/T]      0.99840E-31
 Bot Flux [L/T]      0.00000E+00
 WatBalT  [L]       -0.12875E+00
 WatBalR  [%]              0.368
----------------------------------------------------------

----------------------------------------------------------
 Time       [T]      477.0000
----------------------------------------------------------
 Sub-region num.                     1
----------------------------------------------------------
 Length   [L]        0.15000E+03  0.15000E+03
 W-volume [L]        0.53809E+01  0.53809E+01
 In-flow  [L/T]     -0.26822E-06 -0.26822E-06
 h Mean   [L]       -0.41242E+04 -0.41242E+04
 Top Flux [L/T]      0.99840E-31
 Bot Flux [L/T]      0.00000E+00
 WatBalT  [L]       -0.12875E+00
 WatBalR  [%]              0.368
----------------------------------------------------------

----------------------------------------------------------
 Time       [T]      478.0000
----------------------------------------------------------
 Sub-region num.                     1
----------------------------------------------------------
 Length   [L]        0.15000E+03  0.15000E+03
 W-volume [L]        0.53809E+01  0.53809E+01
 In-flow  [L/T]     -0.23842E-06 -0.23842E-06
 h Mean   [L]       -0.41242E+04 -0.41242E+04
 Top Flux [L/T]      0.99840E-31
 Bot Flux [L/T]      0.00000E+00
 WatBalT  [L]       -0.12875E+00
 WatBalR  [%]              0.368
----------------------------------------------------------

----------------------------------------------------------
 Time       [T]      479.0000
----------------------------------------------------------
 Sub-region num.                     1
----------------------------------------------------------
 Length   [L]        0.15000E+03  0.15000E+03
 W-volume [L]        0.53809E+01  0.53809E+01
 In-flow  [L/T]     -0.26822E-06 -0.26822E-06
 h Mean   [L]       -0.41242E+04 -0.41242E+04
 Top Flux [L/T]      0.99840E-31
 Bot Flux [L/T]      0.00000E+00
 WatBalT  [L]       -0.12875E+00
 WatBalR  [%]              0.368
----------------------------------------------------------

----------------------------------------------------------
 Time       [T]      480.0000
----------------------------------------------------------
 Sub-region num.                     1
----------------------------------------------------------
 Length   [L]        0.15000E+03  0.15000E+03
 W-volume [L]        0.53809E+01  0.53809E+01
 In-flow  [L/T]     -0.23842E-06 -0.23842E-06
 h Mean   [L]       -0.41242E+04 -0.41242E+04
 Top Flux [L/T]      0.99840E-31
 Bot Flux [L/T]      0.00000E+00
 WatBalT  [L]       -0.12875E+00
 WatBalR  [%]              0.368
----------------------------------------------------------

----------------------------------------------------------
 Time       [T]      481.0000
----------------------------------------------------------
 Sub-region num.                     1
----------------------------------------------------------
 Length   [L]        0.15000E+03  0.15000E+03
 W-volume [L]        0.53809E+01  0.53809E+01
 In-flow  [L/T]     -0.26822E-06 -0.26822E-06
 h Mean   [L]       -0.41242E+04 -0.41242E+04
 Top Flux [L/T]      0.99840E-31
 Bot Flux [L/T]      0.00000E+00
 WatBalT  [L]       -0.12875E+00
 WatBalR  [%]              0.368
----------------------------------------------------------

----------------------------------------------------------
 Time       [T]      482.0000
----------------------------------------------------------
 Sub-region num.                     1
----------------------------------------------------------
 Length   [L]        0.15000E+03  0.15000E+03
 W-volume [L]        0.53809E+01  0.53809E+01
 In-flow  [L/T]     -0.23842E-06 -0.23842E-06
 h Mean   [L]       -0.41242E+04 -0.41242E+04
 Top Flux [L/T]      0.99840E-31
 Bot Flux [L/T]      0.00000E+00
 WatBalT  [L]       -0.12875E+00
 WatBalR  [%]              0.368
----------------------------------------------------------

----------------------------------------------------------
 Time       [T]      483.0000
----------------------------------------------------------
 Sub-region num.                     1
----------------------------------------------------------
 Length   [L]        0.15000E+03  0.15000E+03
 W-volume [L]        0.53809E+01  0.53809E+01
 In-flow  [L/T]     -0.23842E-06 -0.23842E-06
 h Mean   [L]       -0.41242E+04 -0.41242E+04
 Top Flux [L/T]      0.99840E-31
 Bot Flux [L/T]      0.00000E+00
 WatBalT  [L]       -0.12875E+00
 WatBalR  [%]              0.368
----------------------------------------------------------

----------------------------------------------------------
 Time       [T]      484.0000
----------------------------------------------------------
 Sub-region num.                     1
----------------------------------------------------------
 Length   [L]        0.15000E+03  0.15000E+03
 W-volume [L]        0.53809E+01  0.53809E+01
 In-flow  [L/T]     -0.26822E-06 -0.26822E-06
 h Mean   [L]       -0.41242E+04 -0.41242E+04
 Top Flux [L/T]      0.99840E-31
 Bot Flux [L/T]      0.00000E+00
 WatBalT  [L]       -0.12875E+00
 WatBalR  [%]              0.368
----------------------------------------------------------

----------------------------------------------------------
 Time       [T]      485.0000
----------------------------------------------------------
 Sub-region num.                     1
----------------------------------------------------------
 Length   [L]        0.15000E+03  0.15000E+03
 W-volume [L]        0.53809E+01  0.53809E+01
 In-flow  [L/T]     -0.23842E-06 -0.23842E-06
 h Mean   [L]       -0.41242E+04 -0.41242E+04
 Top Flux [L/T]      0.99840E-31
 Bot Flux [L/T]      0.00000E+00
 WatBalT  [L]       -0.12875E+00
 WatBalR  [%]              0.368
----------------------------------------------------------

----------------------------------------------------------
 Time       [T]      486.0000
----------------------------------------------------------
 Sub-region num.                     1
----------------------------------------------------------
 Length   [L]        0.15000E+03  0.15000E+03
 W-volume [L]        0.53809E+01  0.53809E+01
 In-flow  [L/T]     -0.26822E-06 -0.26822E-06
 h Mean   [L]       -0.41242E+04 -0.41242E+04
 Top Flux [L/T]      0.99840E-31
 Bot Flux [L/T]      0.00000E+00
 WatBalT  [L]       -0.12875E+00
 WatBalR  [%]              0.368
----------------------------------------------------------

----------------------------------------------------------
 Time       [T]      487.0000
----------------------------------------------------------
 Sub-region num.                     1
----------------------------------------------------------
 Length   [L]        0.15000E+03  0.15000E+03
 W-volume [L]        0.53809E+01  0.53809E+01
 In-flow  [L/T]     -0.23842E-06 -0.23842E-06
 h Mean   [L]       -0.41242E+04 -0.41242E+04
 Top Flux [L/T]      0.99840E-31
 Bot Flux [L/T]      0.00000E+00
 WatBalT  [L]       -0.12875E+00
 WatBalR  [%]              0.368
----------------------------------------------------------

----------------------------------------------------------
 Time       [T]      488.0000
----------------------------------------------------------
 Sub-region num.                     1
----------------------------------------------------------
 Length   [L]        0.15000E+03  0.15000E+03
 W-volume [L]        0.53809E+01  0.53809E+01
 In-flow  [L/T]     -0.26822E-06 -0.26822E-06
 h Mean   [L]       -0.41242E+04 -0.41242E+04
 Top Flux [L/T]      0.99840E-31
 Bot Flux [L/T]      0.00000E+00
 WatBalT  [L]       -0.12875E+00
 WatBalR  [%]              0.368
----------------------------------------------------------

----------------------------------------------------------
 Time       [T]      489.0000
----------------------------------------------------------
 Sub-region num.                     1
----------------------------------------------------------
 Length   [L]        0.15000E+03  0.15000E+03
 W-volume [L]        0.53809E+01  0.53809E+01
 In-flow  [L/T]     -0.23842E-06 -0.23842E-06
 h Mean   [L]       -0.41242E+04 -0.41242E+04
 Top Flux [L/T]      0.99840E-31
 Bot Flux [L/T]      0.00000E+00
 WatBalT  [L]       -0.12875E+00
 WatBalR  [%]              0.368
----------------------------------------------------------

----------------------------------------------------------
 Time       [T]      490.0000
----------------------------------------------------------
 Sub-region num.                     1
----------------------------------------------------------
 Length   [L]        0.15000E+03  0.15000E+03
 W-volume [L]        0.53809E+01  0.53809E+01
 In-flow  [L/T]     -0.26822E-06 -0.26822E-06
 h Mean   [L]       -0.41242E+04 -0.41242E+04
 Top Flux [L/T]      0.99840E-31
 Bot Flux [L/T]      0.00000E+00
 WatBalT  [L]       -0.12875E+00
 WatBalR  [%]              0.368
----------------------------------------------------------

----------------------------------------------------------
 Time       [T]      491.0000
----------------------------------------------------------
 Sub-region num.                     1
----------------------------------------------------------
 Length   [L]        0.15000E+03  0.15000E+03
 W-volume [L]        0.53809E+01  0.53809E+01
 In-flow  [L/T]     -0.23842E-06 -0.23842E-06
 h Mean   [L]       -0.41242E+04 -0.41242E+04
 Top Flux [L/T]      0.99840E-31
 Bot Flux [L/T]      0.00000E+00
 WatBalT  [L]       -0.12875E+00
 WatBalR  [%]              0.368
----------------------------------------------------------

----------------------------------------------------------
 Time       [T]      492.0000
----------------------------------------------------------
 Sub-region num.                     1
----------------------------------------------------------
 Length   [L]        0.15000E+03  0.15000E+03
 W-volume [L]        0.53809E+01  0.53809E+01
 In-flow  [L/T]     -0.26822E-06 -0.26822E-06
 h Mean   [L]       -0.41242E+04 -0.41242E+04
 Top Flux [L/T]      0.99840E-31
 Bot Flux [L/T]      0.00000E+00
 WatBalT  [L]       -0.12875E+00
 WatBalR  [%]              0.368
----------------------------------------------------------

----------------------------------------------------------
 Time       [T]      493.0000
----------------------------------------------------------
 Sub-region num.                     1
----------------------------------------------------------
 Length   [L]        0.15000E+03  0.15000E+03
 W-volume [L]        0.53809E+01  0.53809E+01
 In-flow  [L/T]     -0.23842E-06 -0.23842E-06
 h Mean   [L]       -0.41242E+04 -0.41242E+04
 Top Flux [L/T]      0.99840E-31
 Bot Flux [L/T]      0.00000E+00
 WatBalT  [L]       -0.12875E+00
 WatBalR  [%]              0.368
----------------------------------------------------------

----------------------------------------------------------
 Time       [T]      494.0000
----------------------------------------------------------
 Sub-region num.                     1
----------------------------------------------------------
 Length   [L]        0.15000E+03  0.15000E+03
 W-volume [L]        0.53809E+01  0.53809E+01
 In-flow  [L/T]     -0.26822E-06 -0.26822E-06
 h Mean   [L]       -0.41242E+04 -0.41242E+04
 Top Flux [L/T]      0.99840E-31
 Bot Flux [L/T]      0.00000E+00
 WatBalT  [L]       -0.12875E+00
 WatBalR  [%]              0.368
----------------------------------------------------------

----------------------------------------------------------
 Time       [T]      495.0000
----------------------------------------------------------
 Sub-region num.                     1
----------------------------------------------------------
 Length   [L]        0.15000E+03  0.15000E+03
 W-volume [L]        0.53809E+01  0.53809E+01
 In-flow  [L/T]     -0.23842E-06 -0.23842E-06
 h Mean   [L]       -0.41242E+04 -0.41242E+04
 Top Flux [L/T]      0.99840E-31
 Bot Flux [L/T]      0.00000E+00
 WatBalT  [L]       -0.12875E+00
 WatBalR  [%]              0.368
----------------------------------------------------------

----------------------------------------------------------
 Time       [T]      496.0000
----------------------------------------------------------
 Sub-region num.                     1
----------------------------------------------------------
 Length   [L]        0.15000E+03  0.15000E+03
 W-volume [L]        0.53809E+01  0.53809E+01
 In-flow  [L/T]     -0.26822E-06 -0.26822E-06
 h Mean   [L]       -0.41242E+04 -0.41242E+04
 Top Flux [L/T]      0.99840E-31
 Bot Flux [L/T]      0.00000E+00
 WatBalT  [L]       -0.12875E+00
 WatBalR  [%]              0.368
----------------------------------------------------------

----------------------------------------------------------
 Time       [T]      497.0000
----------------------------------------------------------
 Sub-region num.                     1
----------------------------------------------------------
 Length   [L]        0.15000E+03  0.15000E+03
 W-volume [L]        0.53809E+01  0.53809E+01
 In-flow  [L/T]     -0.23842E-06 -0.23842E-06
 h Mean   [L]       -0.41242E+04 -0.41242E+04
 Top Flux [L/T]      0.99840E-31
 Bot Flux [L/T]      0.00000E+00
 WatBalT  [L]       -0.12875E+00
 WatBalR  [%]              0.368
----------------------------------------------------------

----------------------------------------------------------
 Time       [T]      498.0000
----------------------------------------------------------
 Sub-region num.                     1
----------------------------------------------------------
 Length   [L]        0.15000E+03  0.15000E+03
 W-volume [L]        0.53809E+01  0.53809E+01
 In-flow  [L/T]     -0.26822E-06 -0.26822E-06
 h Mean   [L]       -0.41242E+04 -0.41242E+04
 Top Flux [L/T]      0.99840E-31
 Bot Flux [L/T]      0.00000E+00
 WatBalT  [L]       -0.12875E+00
 WatBalR  [%]              0.368
----------------------------------------------------------

----------------------------------------------------------
 Time       [T]      499.0000
----------------------------------------------------------
 Sub-region num.                     1
----------------------------------------------------------
 Length   [L]        0.15000E+03  0.15000E+03
 W-volume [L]        0.53809E+01  0.53809E+01
 In-flow  [L/T]     -0.23842E-06 -0.23842E-06
 h Mean   [L]       -0.41242E+04 -0.41242E+04
 Top Flux [L/T]      0.99840E-31
 Bot Flux [L/T]      0.00000E+00
 WatBalT  [L]       -0.12875E+00
 WatBalR  [%]              0.368
----------------------------------------------------------

----------------------------------------------------------
 Time       [T]      500.0000
----------------------------------------------------------
 Sub-region num.                     1
----------------------------------------------------------
 Length   [L]        0.15000E+03  0.15000E+03
 W-volume [L]        0.53809E+01  0.53809E+01
 In-flow  [L/T]     -0.26822E-06 -0.26822E-06
 h Mean   [L]       -0.41242E+04 -0.41242E+04
 Top Flux [L/T]      0.99840E-31
 Bot Flux [L/T]      0.00000E+00
 WatBalT  [L]       -0.12875E+00
 WatBalR  [%]              0.368
----------------------------------------------------------

----------------------------------------------------------
 Time       [T]      501.0000
----------------------------------------------------------
 Sub-region num.                     1
----------------------------------------------------------
 Length   [L]        0.15000E+03  0.15000E+03
 W-volume [L]        0.53809E+01  0.53809E+01
 In-flow  [L/T]     -0.23842E-06 -0.23842E-06
 h Mean   [L]       -0.41242E+04 -0.41242E+04
 Top Flux [L/T]      0.99840E-31
 Bot Flux [L/T]      0.00000E+00
 WatBalT  [L]       -0.12875E+00
 WatBalR  [%]              0.368
----------------------------------------------------------

----------------------------------------------------------
 Time       [T]      502.0000
----------------------------------------------------------
 Sub-region num.                     1
----------------------------------------------------------
 Length   [L]        0.15000E+03  0.15000E+03
 W-volume [L]        0.53809E+01  0.53809E+01
 In-flow  [L/T]     -0.26822E-06 -0.26822E-06
 h Mean   [L]       -0.41242E+04 -0.41242E+04
 Top Flux [L/T]      0.99840E-31
 Bot Flux [L/T]      0.00000E+00
 WatBalT  [L]       -0.12875E+00
 WatBalR  [%]              0.368
----------------------------------------------------------

----------------------------------------------------------
 Time       [T]      503.0000
----------------------------------------------------------
 Sub-region num.                     1
----------------------------------------------------------
 Length   [L]        0.15000E+03  0.15000E+03
 W-volume [L]        0.53809E+01  0.53809E+01
 In-flow  [L/T]     -0.23842E-06 -0.23842E-06
 h Mean   [L]       -0.41242E+04 -0.41242E+04
 Top Flux [L/T]      0.99840E-31
 Bot Flux [L/T]      0.00000E+00
 WatBalT  [L]       -0.12875E+00
 WatBalR  [%]              0.368
----------------------------------------------------------

----------------------------------------------------------
 Time       [T]      504.0000
----------------------------------------------------------
 Sub-region num.                     1
----------------------------------------------------------
 Length   [L]        0.15000E+03  0.15000E+03
 W-volume [L]        0.53809E+01  0.53809E+01
 In-flow  [L/T]     -0.26822E-06 -0.26822E-06
 h Mean   [L]       -0.41242E+04 -0.41242E+04
 Top Flux [L/T]      0.99840E-31
 Bot Flux [L/T]      0.00000E+00
 WatBalT  [L]       -0.12875E+00
 WatBalR  [%]              0.368
----------------------------------------------------------

----------------------------------------------------------
 Time       [T]      505.0000
----------------------------------------------------------
 Sub-region num.                     1
----------------------------------------------------------
 Length   [L]        0.15000E+03  0.15000E+03
 W-volume [L]        0.53809E+01  0.53809E+01
 In-flow  [L/T]     -0.23842E-06 -0.23842E-06
 h Mean   [L]       -0.41242E+04 -0.41242E+04
 Top Flux [L/T]      0.99840E-31
 Bot Flux [L/T]      0.00000E+00
 WatBalT  [L]       -0.12875E+00
 WatBalR  [%]              0.368
----------------------------------------------------------

----------------------------------------------------------
 Time       [T]      506.0000
----------------------------------------------------------
 Sub-region num.                     1
----------------------------------------------------------
 Length   [L]        0.15000E+03  0.15000E+03
 W-volume [L]        0.53809E+01  0.53809E+01
 In-flow  [L/T]     -0.26822E-06 -0.26822E-06
 h Mean   [L]       -0.41242E+04 -0.41242E+04
 Top Flux [L/T]      0.99840E-31
 Bot Flux [L/T]      0.00000E+00
 WatBalT  [L]       -0.12875E+00
 WatBalR  [%]              0.368
----------------------------------------------------------

----------------------------------------------------------
 Time       [T]      507.0000
----------------------------------------------------------
 Sub-region num.                     1
----------------------------------------------------------
 Length   [L]        0.15000E+03  0.15000E+03
 W-volume [L]        0.53809E+01  0.53809E+01
 In-flow  [L/T]     -0.23842E-06 -0.23842E-06
 h Mean   [L]       -0.41242E+04 -0.41242E+04
 Top Flux [L/T]      0.99840E-31
 Bot Flux [L/T]      0.00000E+00
 WatBalT  [L]       -0.12875E+00
 WatBalR  [%]              0.368
----------------------------------------------------------

----------------------------------------------------------
 Time       [T]      508.0000
----------------------------------------------------------
 Sub-region num.                     1
----------------------------------------------------------
 Length   [L]        0.15000E+03  0.15000E+03
 W-volume [L]        0.53809E+01  0.53809E+01
 In-flow  [L/T]     -0.26822E-06 -0.26822E-06
 h Mean   [L]       -0.41242E+04 -0.41242E+04
 Top Flux [L/T]      0.99840E-31
 Bot Flux [L/T]      0.00000E+00
 WatBalT  [L]       -0.12875E+00
 WatBalR  [%]              0.368
----------------------------------------------------------

----------------------------------------------------------
 Time       [T]      509.0000
----------------------------------------------------------
 Sub-region num.                     1
----------------------------------------------------------
 Length   [L]        0.15000E+03  0.15000E+03
 W-volume [L]        0.53809E+01  0.53809E+01
 In-flow  [L/T]     -0.26822E-06 -0.26822E-06
 h Mean   [L]       -0.41242E+04 -0.41242E+04
 Top Flux [L/T]      0.99840E-31
 Bot Flux [L/T]      0.00000E+00
 WatBalT  [L]       -0.12875E+00
 WatBalR  [%]              0.368
----------------------------------------------------------

----------------------------------------------------------
 Time       [T]      510.0000
----------------------------------------------------------
 Sub-region num.                     1
----------------------------------------------------------
 Length   [L]        0.15000E+03  0.15000E+03
 W-volume [L]        0.53809E+01  0.53809E+01
 In-flow  [L/T]     -0.23842E-06 -0.23842E-06
 h Mean   [L]       -0.41242E+04 -0.41242E+04
 Top Flux [L/T]      0.99840E-31
 Bot Flux [L/T]      0.00000E+00
 WatBalT  [L]       -0.12875E+00
 WatBalR  [%]              0.368
----------------------------------------------------------

----------------------------------------------------------
 Time       [T]      511.0000
----------------------------------------------------------
 Sub-region num.                     1
----------------------------------------------------------
 Length   [L]        0.15000E+03  0.15000E+03
 W-volume [L]        0.53809E+01  0.53809E+01
 In-flow  [L/T]     -0.26822E-06 -0.26822E-06
 h Mean   [L]       -0.41242E+04 -0.41242E+04
 Top Flux [L/T]      0.99840E-31
 Bot Flux [L/T]      0.00000E+00
 WatBalT  [L]       -0.12875E+00
 WatBalR  [%]              0.368
----------------------------------------------------------

----------------------------------------------------------
 Time       [T]      512.0000
----------------------------------------------------------
 Sub-region num.                     1
----------------------------------------------------------
 Length   [L]        0.15000E+03  0.15000E+03
 W-volume [L]        0.53809E+01  0.53809E+01
 In-flow  [L/T]     -0.23842E-06 -0.23842E-06
 h Mean   [L]       -0.41242E+04 -0.41242E+04
 Top Flux [L/T]      0.99840E-31
 Bot Flux [L/T]      0.00000E+00
 WatBalT  [L]       -0.12876E+00
 WatBalR  [%]              0.368
----------------------------------------------------------

----------------------------------------------------------
 Time       [T]      513.0000
----------------------------------------------------------
 Sub-region num.                     1
----------------------------------------------------------
 Length   [L]        0.15000E+03  0.15000E+03
 W-volume [L]        0.53809E+01  0.53809E+01
 In-flow  [L/T]     -0.26822E-06 -0.26822E-06
 h Mean   [L]       -0.41242E+04 -0.41242E+04
 Top Flux [L/T]      0.99840E-31
 Bot Flux [L/T]      0.00000E+00
 WatBalT  [L]       -0.12876E+00
 WatBalR  [%]              0.368
----------------------------------------------------------

----------------------------------------------------------
 Time       [T]      514.0000
----------------------------------------------------------
 Sub-region num.                     1
----------------------------------------------------------
 Length   [L]        0.15000E+03  0.15000E+03
 W-volume [L]        0.53809E+01  0.53809E+01
 In-flow  [L/T]     -0.23842E-06 -0.23842E-06
 h Mean   [L]       -0.41242E+04 -0.41242E+04
 Top Flux [L/T]      0.99840E-31
 Bot Flux [L/T]      0.00000E+00
 WatBalT  [L]       -0.12876E+00
 WatBalR  [%]              0.368
----------------------------------------------------------

----------------------------------------------------------
 Time       [T]      515.0000
----------------------------------------------------------
 Sub-region num.                     1
----------------------------------------------------------
 Length   [L]        0.15000E+03  0.15000E+03
 W-volume [L]        0.53809E+01  0.53809E+01
 In-flow  [L/T]     -0.26822E-06 -0.26822E-06
 h Mean   [L]       -0.41242E+04 -0.41242E+04
 Top Flux [L/T]      0.99840E-31
 Bot Flux [L/T]      0.00000E+00
 WatBalT  [L]       -0.12876E+00
 WatBalR  [%]              0.368
----------------------------------------------------------

----------------------------------------------------------
 Time       [T]      516.0000
----------------------------------------------------------
 Sub-region num.                     1
----------------------------------------------------------
 Length   [L]        0.15000E+03  0.15000E+03
 W-volume [L]        0.53809E+01  0.53809E+01
 In-flow  [L/T]     -0.23842E-06 -0.23842E-06
 h Mean   [L]       -0.41242E+04 -0.41242E+04
 Top Flux [L/T]      0.99840E-31
 Bot Flux [L/T]      0.00000E+00
 WatBalT  [L]       -0.12876E+00
 WatBalR  [%]              0.368
----------------------------------------------------------

----------------------------------------------------------
 Time       [T]      517.0000
----------------------------------------------------------
 Sub-region num.                     1
----------------------------------------------------------
 Length   [L]        0.15000E+03  0.15000E+03
 W-volume [L]        0.53809E+01  0.53809E+01
 In-flow  [L/T]     -0.26822E-06 -0.26822E-06
 h Mean   [L]       -0.41242E+04 -0.41242E+04
 Top Flux [L/T]      0.99840E-31
 Bot Flux [L/T]      0.00000E+00
 WatBalT  [L]       -0.12876E+00
 WatBalR  [%]              0.368
----------------------------------------------------------

----------------------------------------------------------
 Time       [T]      518.0000
----------------------------------------------------------
 Sub-region num.                     1
----------------------------------------------------------
 Length   [L]        0.15000E+03  0.15000E+03
 W-volume [L]        0.53809E+01  0.53809E+01
 In-flow  [L/T]     -0.23842E-06 -0.23842E-06
 h Mean   [L]       -0.41242E+04 -0.41242E+04
 Top Flux [L/T]      0.99840E-31
 Bot Flux [L/T]      0.00000E+00
 WatBalT  [L]       -0.12876E+00
 WatBalR  [%]              0.368
----------------------------------------------------------

----------------------------------------------------------
 Time       [T]      519.0000
----------------------------------------------------------
 Sub-region num.                     1
----------------------------------------------------------
 Length   [L]        0.15000E+03  0.15000E+03
 W-volume [L]        0.53809E+01  0.53809E+01
 In-flow  [L/T]     -0.26822E-06 -0.26822E-06
 h Mean   [L]       -0.41242E+04 -0.41242E+04
 Top Flux [L/T]      0.99840E-31
 Bot Flux [L/T]      0.00000E+00
 WatBalT  [L]       -0.12876E+00
 WatBalR  [%]              0.368
----------------------------------------------------------

----------------------------------------------------------
 Time       [T]      520.0000
----------------------------------------------------------
 Sub-region num.                     1
----------------------------------------------------------
 Length   [L]        0.15000E+03  0.15000E+03
 W-volume [L]        0.53809E+01  0.53809E+01
 In-flow  [L/T]     -0.23842E-06 -0.23842E-06
 h Mean   [L]       -0.41242E+04 -0.41242E+04
 Top Flux [L/T]      0.99840E-31
 Bot Flux [L/T]      0.00000E+00
 WatBalT  [L]       -0.12876E+00
 WatBalR  [%]              0.368
----------------------------------------------------------

----------------------------------------------------------
 Time       [T]      521.0000
----------------------------------------------------------
 Sub-region num.                     1
----------------------------------------------------------
 Length   [L]        0.15000E+03  0.15000E+03
 W-volume [L]        0.53809E+01  0.53809E+01
 In-flow  [L/T]     -0.26822E-06 -0.26822E-06
 h Mean   [L]       -0.41242E+04 -0.41242E+04
 Top Flux [L/T]      0.99840E-31
 Bot Flux [L/T]      0.00000E+00
 WatBalT  [L]       -0.12876E+00
 WatBalR  [%]              0.368
----------------------------------------------------------

----------------------------------------------------------
 Time       [T]      522.0000
----------------------------------------------------------
 Sub-region num.                     1
----------------------------------------------------------
 Length   [L]        0.15000E+03  0.15000E+03
 W-volume [L]        0.53809E+01  0.53809E+01
 In-flow  [L/T]     -0.23842E-06 -0.23842E-06
 h Mean   [L]       -0.41242E+04 -0.41242E+04
 Top Flux [L/T]      0.99840E-31
 Bot Flux [L/T]      0.00000E+00
 WatBalT  [L]       -0.12876E+00
 WatBalR  [%]              0.368
----------------------------------------------------------

----------------------------------------------------------
 Time       [T]      523.0000
----------------------------------------------------------
 Sub-region num.                     1
----------------------------------------------------------
 Length   [L]        0.15000E+03  0.15000E+03
 W-volume [L]        0.53809E+01  0.53809E+01
 In-flow  [L/T]     -0.26822E-06 -0.26822E-06
 h Mean   [L]       -0.41242E+04 -0.41242E+04
 Top Flux [L/T]      0.99840E-31
 Bot Flux [L/T]      0.00000E+00
 WatBalT  [L]       -0.12876E+00
 WatBalR  [%]              0.368
----------------------------------------------------------

----------------------------------------------------------
 Time       [T]      524.0000
----------------------------------------------------------
 Sub-region num.                     1
----------------------------------------------------------
 Length   [L]        0.15000E+03  0.15000E+03
 W-volume [L]        0.53809E+01  0.53809E+01
 In-flow  [L/T]     -0.23842E-06 -0.23842E-06
 h Mean   [L]       -0.41242E+04 -0.41242E+04
 Top Flux [L/T]      0.99840E-31
 Bot Flux [L/T]      0.00000E+00
 WatBalT  [L]       -0.12876E+00
 WatBalR  [%]              0.368
----------------------------------------------------------

----------------------------------------------------------
 Time       [T]      525.0000
----------------------------------------------------------
 Sub-region num.                     1
----------------------------------------------------------
 Length   [L]        0.15000E+03  0.15000E+03
 W-volume [L]        0.53809E+01  0.53809E+01
 In-flow  [L/T]     -0.26822E-06 -0.26822E-06
 h Mean   [L]       -0.41242E+04 -0.41242E+04
 Top Flux [L/T]      0.99840E-31
 Bot Flux [L/T]      0.00000E+00
 WatBalT  [L]       -0.12876E+00
 WatBalR  [%]              0.368
----------------------------------------------------------

----------------------------------------------------------
 Time       [T]      526.0000
----------------------------------------------------------
 Sub-region num.                     1
----------------------------------------------------------
 Length   [L]        0.15000E+03  0.15000E+03
 W-volume [L]        0.53809E+01  0.53809E+01
 In-flow  [L/T]     -0.23842E-06 -0.23842E-06
 h Mean   [L]       -0.41242E+04 -0.41242E+04
 Top Flux [L/T]      0.99840E-31
 Bot Flux [L/T]      0.00000E+00
 WatBalT  [L]       -0.12876E+00
 WatBalR  [%]              0.368
----------------------------------------------------------

----------------------------------------------------------
 Time       [T]      527.0000
----------------------------------------------------------
 Sub-region num.                     1
----------------------------------------------------------
 Length   [L]        0.15000E+03  0.15000E+03
 W-volume [L]        0.53809E+01  0.53809E+01
 In-flow  [L/T]     -0.26822E-06 -0.26822E-06
 h Mean   [L]       -0.41242E+04 -0.41242E+04
 Top Flux [L/T]      0.99840E-31
 Bot Flux [L/T]      0.00000E+00
 WatBalT  [L]       -0.12876E+00
 WatBalR  [%]              0.368
----------------------------------------------------------

----------------------------------------------------------
 Time       [T]      528.0000
----------------------------------------------------------
 Sub-region num.                     1
----------------------------------------------------------
 Length   [L]        0.15000E+03  0.15000E+03
 W-volume [L]        0.53809E+01  0.53809E+01
 In-flow  [L/T]     -0.23842E-06 -0.23842E-06
 h Mean   [L]       -0.41242E+04 -0.41242E+04
 Top Flux [L/T]      0.99840E-31
 Bot Flux [L/T]      0.00000E+00
 WatBalT  [L]       -0.12876E+00
 WatBalR  [%]              0.368
----------------------------------------------------------

----------------------------------------------------------
 Time       [T]      529.0000
----------------------------------------------------------
 Sub-region num.                     1
----------------------------------------------------------
 Length   [L]        0.15000E+03  0.15000E+03
 W-volume [L]        0.64738E+01  0.64738E+01
 In-flow  [L/T]      0.62724E+00  0.62724E+00
 h Mean   [L]       -0.74911E+03 -0.74911E+03
 Top Flux [L/T]     -0.71650E+00
 Bot Flux [L/T]     -0.24176E-12
 WatBalT  [L]       -0.12841E+00
 WatBalR  [%]              0.354
----------------------------------------------------------

----------------------------------------------------------
 Time       [T]      530.0000
----------------------------------------------------------
 Sub-region num.                     1
----------------------------------------------------------
 Length   [L]        0.15000E+03  0.15000E+03
 W-volume [L]        0.70254E+01  0.70254E+01
 In-flow  [L/T]      0.47856E+00  0.47856E+00
 h Mean   [L]       -0.72815E+03 -0.72815E+03
 Top Flux [L/T]     -0.58249E+00
 Bot Flux [L/T]      0.00000E+00
 WatBalT  [L]       -0.12837E+00
 WatBalR  [%]              0.347
----------------------------------------------------------

----------------------------------------------------------
 Time       [T]      531.0000
----------------------------------------------------------
 Sub-region num.                     1
----------------------------------------------------------
 Length   [L]        0.15000E+03  0.15000E+03
 W-volume [L]        0.74935E+01  0.74935E+01
 In-flow  [L/T]      0.45280E+00  0.45280E+00
 h Mean   [L]       -0.71634E+03 -0.71634E+03
 Top Flux [L/T]     -0.54702E+00
 Bot Flux [L/T]      0.00000E+00
 WatBalT  [L]       -0.12895E+00
 WatBalR  [%]              0.343
----------------------------------------------------------

----------------------------------------------------------
 Time       [T]      532.0000
----------------------------------------------------------
 Sub-region num.                     1
----------------------------------------------------------
 Length   [L]        0.15000E+03  0.15000E+03
 W-volume [L]        0.79499E+01  0.79499E+01
 In-flow  [L/T]      0.44878E+00  0.44878E+00
 h Mean   [L]       -0.69543E+03 -0.69543E+03
 Top Flux [L/T]     -0.51899E+00
 Bot Flux [L/T]     -0.24175E-12
 WatBalT  [L]       -0.12986E+00
 WatBalR  [%]              0.340
----------------------------------------------------------

----------------------------------------------------------
 Time       [T]      533.0000
----------------------------------------------------------
 Sub-region num.                     1
----------------------------------------------------------
 Length   [L]        0.15000E+03  0.15000E+03
 W-volume [L]        0.83741E+01  0.83741E+01
 In-flow  [L/T]      0.42099E+00  0.42099E+00
 h Mean   [L]       -0.68429E+03 -0.68429E+03
 Top Flux [L/T]     -0.50941E+00
 Bot Flux [L/T]      0.24175E-12
 WatBalT  [L]       -0.12920E+00
 WatBalR  [%]              0.333
----------------------------------------------------------

----------------------------------------------------------
 Time       [T]      534.0000
----------------------------------------------------------
 Sub-region num.                     1
----------------------------------------------------------
 Length   [L]        0.15000E+03  0.15000E+03
 W-volume [L]        0.88614E+01  0.88614E+01
 In-flow  [L/T]      0.48634E+00  0.48634E+00
 h Mean   [L]       -0.66319E+03 -0.66319E+03
 Top Flux [L/T]     -0.50428E+00
 Bot Flux [L/T]      0.24175E-12
 WatBalT  [L]       -0.12947E+00
 WatBalR  [%]              0.329
----------------------------------------------------------

----------------------------------------------------------
 Time       [T]      535.0000
----------------------------------------------------------
 Sub-region num.                     1
----------------------------------------------------------
 Length   [L]        0.15000E+03  0.15000E+03
 W-volume [L]        0.87156E+01  0.87156E+01
 In-flow  [L/T]     -0.14855E+00 -0.14855E+00
 h Mean   [L]       -0.66371E+03 -0.66371E+03
 Top Flux [L/T]     -0.23143E-02
 Bot Flux [L/T]      0.00000E+00
 WatBalT  [L]       -0.12677E+00
 WatBalR  [%]              0.321
----------------------------------------------------------

----------------------------------------------------------
 Time       [T]      536.0000
----------------------------------------------------------
 Sub-region num.                     1
----------------------------------------------------------
 Length   [L]        0.15000E+03  0.15000E+03
 W-volume [L]        0.84992E+01  0.84992E+01
 In-flow  [L/T]     -0.23898E+00 -0.23898E+00
 h Mean   [L]       -0.66419E+03 -0.66419E+03
 Top Flux [L/T]     -0.13054E-02
 Bot Flux [L/T]      0.00000E+00
 WatBalT  [L]       -0.10416E+00
 WatBalR  [%]              0.262
----------------------------------------------------------

----------------------------------------------------------
 Time       [T]      537.0000
----------------------------------------------------------
 Sub-region num.                     1
----------------------------------------------------------
 Length   [L]        0.15000E+03  0.15000E+03
 W-volume [L]        0.82465E+01  0.82465E+01
 In-flow  [L/T]     -0.26643E+00 -0.26643E+00
 h Mean   [L]       -0.66476E+03 -0.66476E+03
 Top Flux [L/T]     -0.14568E-02
 Bot Flux [L/T]      0.00000E+00
 WatBalT  [L]       -0.90438E-01
 WatBalR  [%]              0.226
----------------------------------------------------------

----------------------------------------------------------
 Time       [T]      538.0000
----------------------------------------------------------
 Sub-region num.                     1
----------------------------------------------------------
 Length   [L]        0.15000E+03  0.15000E+03
 W-volume [L]        0.80067E+01  0.80067E+01
 In-flow  [L/T]     -0.21314E+00 -0.21314E+00
 h Mean   [L]       -0.66533E+03 -0.66533E+03
 Top Flux [L/T]     -0.10439E-02
 Bot Flux [L/T]      0.00000E+00
 WatBalT  [L]       -0.11708E+00
 WatBalR  [%]              0.291
----------------------------------------------------------

----------------------------------------------------------
 Time       [T]      539.0000
----------------------------------------------------------
 Sub-region num.                     1
----------------------------------------------------------
 Length   [L]        0.15000E+03  0.15000E+03
 W-volume [L]        0.77645E+01  0.77645E+01
 In-flow  [L/T]     -0.27127E+00 -0.27127E+00
 h Mean   [L]       -0.66601E+03 -0.66601E+03
 Top Flux [L/T]     -0.48156E-03
 Bot Flux [L/T]      0.24169E-12
 WatBalT  [L]       -0.88018E-01
 WatBalR  [%]              0.217
----------------------------------------------------------

----------------------------------------------------------
 Time       [T]      540.0000
----------------------------------------------------------
 Sub-region num.                     1
----------------------------------------------------------
 Length   [L]        0.15000E+03  0.15000E+03
 W-volume [L]        0.74520E+01  0.74520E+01
 In-flow  [L/T]     -0.35362E+00 -0.35362E+00
 h Mean   [L]       -0.66709E+03 -0.66709E+03
 Top Flux [L/T]     -0.46161E-03
 Bot Flux [L/T]      0.24168E-12
 WatBalT  [L]       -0.46844E-01
 WatBalR  [%]              0.115
----------------------------------------------------------

----------------------------------------------------------
 Time       [T]      541.0000
----------------------------------------------------------
 Sub-region num.                     1
----------------------------------------------------------
 Length   [L]        0.15000E+03  0.15000E+03
 W-volume [L]        0.71194E+01  0.71194E+01
 In-flow  [L/T]     -0.31164E+00 -0.31164E+00
 h Mean   [L]       -0.66868E+03 -0.66868E+03
 Top Flux [L/T]     -0.60445E-03
 Bot Flux [L/T]      0.24167E-12
 WatBalT  [L]       -0.67833E-01
 WatBalR  [%]              0.165
----------------------------------------------------------

----------------------------------------------------------
 Time       [T]      542.0000
----------------------------------------------------------
 Sub-region num.                     1
----------------------------------------------------------
 Length   [L]        0.15000E+03  0.15000E+03
 W-volume [L]        0.68328E+01  0.68328E+01
 In-flow  [L/T]     -0.26158E+00 -0.26158E+00
 h Mean   [L]       -0.67073E+03 -0.67073E+03
 Top Flux [L/T]     -0.70833E-03
 Bot Flux [L/T]      0.24166E-12
 WatBalT  [L]       -0.92861E-01
 WatBalR  [%]              0.224
----------------------------------------------------------

----------------------------------------------------------
 Time       [T]      543.0000
----------------------------------------------------------
 Sub-region num.                     1
----------------------------------------------------------
 Length   [L]        0.15000E+03  0.15000E+03
 W-volume [L]        0.65615E+01  0.65615E+01
 In-flow  [L/T]     -0.28096E+00 -0.28096E+00
 h Mean   [L]       -0.67372E+03 -0.67372E+03
 Top Flux [L/T]     -0.78961E-03
 Bot Flux [L/T]      0.24165E-12
 WatBalT  [L]       -0.83176E-01
 WatBalR  [%]              0.200
----------------------------------------------------------

----------------------------------------------------------
 Time       [T]      544.0000
----------------------------------------------------------
 Sub-region num.                     1
----------------------------------------------------------
 Length   [L]        0.15000E+03  0.15000E+03
 W-volume [L]        0.63185E+01  0.63185E+01
 In-flow  [L/T]     -0.20507E+00 -0.20507E+00
 h Mean   [L]       -0.67830E+03 -0.67830E+03
 Top Flux [L/T]     -0.78336E-03
 Bot Flux [L/T]      0.00000E+00
 WatBalT  [L]       -0.12112E+00
 WatBalR  [%]              0.289
----------------------------------------------------------

----------------------------------------------------------
 Time       [T]      545.0000
----------------------------------------------------------
 Sub-region num.                     1
----------------------------------------------------------
 Length   [L]        0.15000E+03  0.15000E+03
 W-volume [L]        0.61465E+01  0.61465E+01
 In-flow  [L/T]     -0.13887E+00 -0.13887E+00
 h Mean   [L]       -0.68370E+03 -0.68370E+03
 Top Flux [L/T]     -0.65249E-03
 Bot Flux [L/T]      0.00000E+00
 WatBalT  [L]       -0.15422E+00
 WatBalR  [%]              0.367
----------------------------------------------------------

----------------------------------------------------------
 Time       [T]      546.0000
----------------------------------------------------------
 Sub-region num.                     1
----------------------------------------------------------
 Length   [L]        0.15000E+03  0.15000E+03
 W-volume [L]        0.59576E+01  0.59576E+01
 In-flow  [L/T]     -0.23898E+00 -0.23898E+00
 h Mean   [L]       -0.69491E+03 -0.69491E+03
 Top Flux [L/T]     -0.49145E-03
 Bot Flux [L/T]      0.00000E+00
 WatBalT  [L]       -0.10416E+00
 WatBalR  [%]              0.246
----------------------------------------------------------

----------------------------------------------------------
 Time       [T]      547.0000
----------------------------------------------------------
 Sub-region num.                     1
----------------------------------------------------------
 Length   [L]        0.15000E+03  0.15000E+03
 W-volume [L]        0.57607E+01  0.57607E+01
 In-flow  [L/T]     -0.15495E+00 -0.15495E+00
 h Mean   [L]       -0.72382E+03 -0.72382E+03
 Top Flux [L/T]     -0.36902E-03
 Bot Flux [L/T]      0.00000E+00
 WatBalT  [L]       -0.16416E+00
 WatBalR  [%]              0.387
----------------------------------------------------------

----------------------------------------------------------
 Time       [T]      548.0000
----------------------------------------------------------
 Sub-region num.                     1
----------------------------------------------------------
 Length   [L]        0.15000E+03  0.15000E+03
 W-volume [L]        0.56472E+01  0.56472E+01
 In-flow  [L/T]     -0.10785E+00 -0.10785E+00
 h Mean   [L]       -0.75031E+03 -0.75031E+03
 Top Flux [L/T]     -0.31998E-03
 Bot Flux [L/T]      0.00000E+00
 WatBalT  [L]       -0.18242E+00
 WatBalR  [%]              0.429
----------------------------------------------------------

----------------------------------------------------------
 Time       [T]      549.0000
----------------------------------------------------------
 Sub-region num.                     1
----------------------------------------------------------
 Length   [L]        0.15000E+03  0.15000E+03
 W-volume [L]        0.65693E+01  0.65693E+01
 In-flow  [L/T]      0.57065E+00  0.57065E+00
 h Mean   [L]       -0.73026E+03 -0.73026E+03
 Top Flux [L/T]     -0.69789E+00
 Bot Flux [L/T]      0.00000E+00
 WatBalT  [L]       -0.18253E+00
 WatBalR  [%]              0.418
----------------------------------------------------------

----------------------------------------------------------
 Time       [T]      550.0000
----------------------------------------------------------
 Sub-region num.                     1
----------------------------------------------------------
 Length   [L]        0.15000E+03  0.15000E+03
 W-volume [L]        0.64844E+01  0.64844E+01
 In-flow  [L/T]     -0.80157E-01 -0.80157E-01
 h Mean   [L]       -0.73955E+03 -0.73955E+03
 Top Flux [L/T]     -0.23990E-02
 Bot Flux [L/T]      0.24159E-12
 WatBalT  [L]       -0.18535E+00
 WatBalR  [%]              0.424
----------------------------------------------------------

----------------------------------------------------------
 Time       [T]      551.0000
----------------------------------------------------------
 Sub-region num.                     1
----------------------------------------------------------
 Length   [L]        0.15000E+03  0.15000E+03
 W-volume [L]        0.70557E+01  0.70557E+01
 In-flow  [L/T]      0.49062E+00  0.49062E+00
 h Mean   [L]       -0.72518E+03 -0.72518E+03
 Top Flux [L/T]     -0.57917E+00
 Bot Flux [L/T]      0.24159E-12
 WatBalT  [L]       -0.18549E+00
 WatBalR  [%]              0.417
----------------------------------------------------------

----------------------------------------------------------
 Time       [T]      552.0000
----------------------------------------------------------
 Sub-region num.                     1
----------------------------------------------------------
 Length   [L]        0.15000E+03  0.15000E+03
 W-volume [L]        0.69237E+01  0.69237E+01
 In-flow  [L/T]     -0.13030E+00 -0.13030E+00
 h Mean   [L]       -0.72771E+03 -0.72771E+03
 Top Flux [L/T]     -0.27162E-02
 Bot Flux [L/T]      0.00000E+00
 WatBalT  [L]       -0.18575E+00
 WatBalR  [%]              0.416
----------------------------------------------------------

----------------------------------------------------------
 Time       [T]      553.0000
----------------------------------------------------------
 Sub-region num.                     1
----------------------------------------------------------
 Length   [L]        0.15000E+03  0.15000E+03
 W-volume [L]        0.74490E+01  0.74490E+01
 In-flow  [L/T]      0.46616E+00  0.46616E+00
 h Mean   [L]       -0.71640E+03 -0.71640E+03
 Top Flux [L/T]     -0.54496E+00
 Bot Flux [L/T]      0.00000E+00
 WatBalT  [L]       -0.18648E+00
 WatBalR  [%]              0.412
----------------------------------------------------------

----------------------------------------------------------
 Time       [T]      554.0000
----------------------------------------------------------
 Sub-region num.                     1
----------------------------------------------------------
 Length   [L]        0.15000E+03  0.15000E+03
 W-volume [L]        0.72734E+01  0.72734E+01
 In-flow  [L/T]     -0.17675E+00 -0.17675E+00
 h Mean   [L]       -0.71694E+03 -0.71694E+03
 Top Flux [L/T]     -0.27849E-02
 Bot Flux [L/T]      0.00000E+00
 WatBalT  [L]       -0.18536E+00
 WatBalR  [%]              0.408
----------------------------------------------------------

----------------------------------------------------------
 Time       [T]      555.0000
----------------------------------------------------------
 Sub-region num.                     1
----------------------------------------------------------
 Length   [L]        0.15000E+03  0.15000E+03
 W-volume [L]        0.77529E+01  0.77529E+01
 In-flow  [L/T]      0.42500E+00  0.42500E+00
 h Mean   [L]       -0.70573E+03 -0.70573E+03
 Top Flux [L/T]     -0.52737E+00
 Bot Flux [L/T]      0.00000E+00
 WatBalT  [L]       -0.18685E+00
 WatBalR  [%]              0.405
----------------------------------------------------------

----------------------------------------------------------
 Time       [T]      556.0000
----------------------------------------------------------
 Sub-region num.                     1
----------------------------------------------------------
 Length   [L]        0.15000E+03  0.15000E+03
 W-volume [L]        0.75512E+01  0.75512E+01
 In-flow  [L/T]     -0.20574E+00 -0.20574E+00
 h Mean   [L]       -0.70631E+03 -0.70631E+03
 Top Flux [L/T]     -0.29107E-02
 Bot Flux [L/T]     -0.24155E-12
 WatBalT  [L]       -0.18276E+00
 WatBalR  [%]              0.394
----------------------------------------------------------

----------------------------------------------------------
 Time       [T]      557.0000
----------------------------------------------------------
 Sub-region num.                     1
----------------------------------------------------------
 Length   [L]        0.15000E+03  0.15000E+03
 W-volume [L]        0.80125E+01  0.80125E+01
 In-flow  [L/T]      0.41533E+00  0.41533E+00
 h Mean   [L]       -0.69514E+03 -0.69514E+03
 Top Flux [L/T]     -0.51766E+00
 Bot Flux [L/T]     -0.24155E-12
 WatBalT  [L]       -0.18444E+00
 WatBalR  [%]              0.392
----------------------------------------------------------

----------------------------------------------------------
 Time       [T]      558.0000
----------------------------------------------------------
 Sub-region num.                     1
----------------------------------------------------------
 Length   [L]        0.15000E+03  0.15000E+03
 W-volume [L]        0.84353E+01  0.84353E+01
 In-flow  [L/T]      0.42192E+00  0.42192E+00
 h Mean   [L]       -0.67580E+03 -0.67580E+03
 Top Flux [L/T]     -0.50622E+00
 Bot Flux [L/T]     -0.24154E-12
 WatBalT  [L]       -0.18486E+00
 WatBalR  [%]              0.388
----------------------------------------------------------

----------------------------------------------------------
 Time       [T]      559.0000
----------------------------------------------------------
 Sub-region num.                     1
----------------------------------------------------------
 Length   [L]        0.15000E+03  0.15000E+03
 W-volume [L]        0.81809E+01  0.81809E+01
 In-flow  [L/T]     -0.25901E+00 -0.25901E+00
 h Mean   [L]       -0.67604E+03 -0.67604E+03
 Top Flux [L/T]     -0.28255E-02
 Bot Flux [L/T]     -0.24153E-12
 WatBalT  [L]       -0.18029E+00
 WatBalR  [%]              0.376
----------------------------------------------------------

----------------------------------------------------------
 Time       [T]      560.0000
----------------------------------------------------------
 Sub-region num.                     1
----------------------------------------------------------
 Length   [L]        0.15000E+03  0.15000E+03
 W-volume [L]        0.79162E+01  0.79162E+01
 In-flow  [L/T]     -0.26654E+00 -0.26654E+00
 h Mean   [L]       -0.67772E+03 -0.67772E+03
 Top Flux [L/T]     -0.16212E-02
 Bot Flux [L/T]     -0.24152E-12
 WatBalT  [L]       -0.17841E+00
 WatBalR  [%]              0.370
----------------------------------------------------------

----------------------------------------------------------
 Time       [T]      561.0000
----------------------------------------------------------
 Sub-region num.                     1
----------------------------------------------------------
 Length   [L]        0.15000E+03  0.15000E+03
 W-volume [L]        0.76567E+01  0.76567E+01
 In-flow  [L/T]     -0.25255E+00 -0.25255E+00
 h Mean   [L]       -0.68143E+03 -0.68143E+03
 Top Flux [L/T]     -0.13217E-02
 Bot Flux [L/T]      0.00000E+00
 WatBalT  [L]       -0.18990E+00
 WatBalR  [%]              0.392
----------------------------------------------------------

----------------------------------------------------------
 Time       [T]      562.0000
----------------------------------------------------------
 Sub-region num.                     1
----------------------------------------------------------
 Length   [L]        0.15000E+03  0.15000E+03
 W-volume [L]        0.74003E+01  0.74003E+01
 In-flow  [L/T]     -0.26922E+00 -0.26922E+00
 h Mean   [L]       -0.68518E+03 -0.68518E+03
 Top Flux [L/T]     -0.69004E-03
 Bot Flux [L/T]     -0.24150E-12
 WatBalT  [L]       -0.17830E+00
 WatBalR  [%]              0.366
----------------------------------------------------------

----------------------------------------------------------
 Time       [T]      563.0000
----------------------------------------------------------
 Sub-region num.                     1
----------------------------------------------------------
 Length   [L]        0.15000E+03  0.15000E+03
 W-volume [L]        0.71397E+01  0.71397E+01
 In-flow  [L/T]     -0.25439E+00 -0.25439E+00
 h Mean   [L]       -0.68717E+03 -0.68717E+03
 Top Flux [L/T]     -0.46575E-03
 Bot Flux [L/T]     -0.24149E-12
 WatBalT  [L]       -0.18479E+00
 WatBalR  [%]              0.377
----------------------------------------------------------

----------------------------------------------------------
 Time       [T]      564.0000
----------------------------------------------------------
 Sub-region num.                     1
----------------------------------------------------------
 Length   [L]        0.15000E+03  0.15000E+03
 W-volume [L]        0.68889E+01  0.68889E+01
 In-flow  [L/T]     -0.24790E+00 -0.24790E+00
 h Mean   [L]       -0.68869E+03 -0.68869E+03
 Top Flux [L/T]     -0.58471E-03
 Bot Flux [L/T]     -0.24148E-12
 WatBalT  [L]       -0.18781E+00
 WatBalR  [%]              0.381
----------------------------------------------------------

----------------------------------------------------------
 Time       [T]      565.0000
----------------------------------------------------------
 Sub-region num.                     1
----------------------------------------------------------
 Length   [L]        0.15000E+03  0.15000E+03
 W-volume [L]        0.66620E+01  0.66620E+01
 In-flow  [L/T]     -0.20590E+00 -0.20590E+00
 h Mean   [L]       -0.69023E+03 -0.69023E+03
 Top Flux [L/T]     -0.67305E-03
 Bot Flux [L/T]     -0.24147E-12
 WatBalT  [L]       -0.20875E+00
 WatBalR  [%]              0.422
----------------------------------------------------------

----------------------------------------------------------
 Time       [T]      566.0000
----------------------------------------------------------
 Sub-region num.                     1
----------------------------------------------------------
 Length   [L]        0.15000E+03  0.15000E+03
 W-volume [L]        0.64471E+01  0.64471E+01
 In-flow  [L/T]     -0.22394E+00 -0.22394E+00
 h Mean   [L]       -0.69231E+03 -0.69231E+03
 Top Flux [L/T]     -0.73002E-03
 Bot Flux [L/T]      0.00000E+00
 WatBalT  [L]       -0.19971E+00
 WatBalR  [%]              0.402
----------------------------------------------------------

----------------------------------------------------------
 Time       [T]      567.0000
----------------------------------------------------------
 Sub-region num.                     1
----------------------------------------------------------
 Length   [L]        0.15000E+03  0.15000E+03
 W-volume [L]        0.62218E+01  0.62218E+01
 In-flow  [L/T]     -0.22673E+00 -0.22673E+00
 h Mean   [L]       -0.69586E+03 -0.69586E+03
 Top Flux [L/T]     -0.78004E-03
 Bot Flux [L/T]     -0.24145E-12
 WatBalT  [L]       -0.19831E+00
 WatBalR  [%]              0.397
----------------------------------------------------------

----------------------------------------------------------
 Time       [T]      568.0000
----------------------------------------------------------
 Sub-region num.                     1
----------------------------------------------------------
 Length   [L]        0.15000E+03  0.15000E+03
 W-volume [L]        0.60069E+01  0.60069E+01
 In-flow  [L/T]     -0.20308E+00 -0.20308E+00
 h Mean   [L]       -0.70231E+03 -0.70231E+03
 Top Flux [L/T]     -0.74597E-03
 Bot Flux [L/T]      0.00000E+00
 WatBalT  [L]       -0.21014E+00
 WatBalR  [%]              0.419
----------------------------------------------------------

----------------------------------------------------------
 Time       [T]      569.0000
----------------------------------------------------------
 Sub-region num.                     1
----------------------------------------------------------
 Length   [L]        0.15000E+03  0.15000E+03
 W-volume [L]        0.57996E+01  0.57996E+01
 In-flow  [L/T]     -0.21143E+00 -0.21143E+00
 h Mean   [L]       -0.71713E+03 -0.71713E+03
 Top Flux [L/T]     -0.60392E-03
 Bot Flux [L/T]     -0.24143E-12
 WatBalT  [L]       -0.21749E+00
 WatBalR  [%]              0.432
----------------------------------------------------------

----------------------------------------------------------
 Time       [T]      570.0000
----------------------------------------------------------
 Sub-region num.                     1
----------------------------------------------------------
 Length   [L]        0.15000E+03  0.15000E+03
 W-volume [L]        0.56300E+01  0.56300E+01
 In-flow  [L/T]     -0.15085E+00 -0.15085E+00
 h Mean   [L]       -0.74730E+03 -0.74730E+03
 Top Flux [L/T]     -0.30033E-03
 Bot Flux [L/T]      0.00000E+00
 WatBalT  [L]       -0.26002E+00
 WatBalR  [%]              0.516
----------------------------------------------------------

----------------------------------------------------------
 Time       [T]      571.0000
----------------------------------------------------------
 Sub-region num.                     1
----------------------------------------------------------
 Length   [L]        0.15000E+03  0.15000E+03
 W-volume [L]        0.55478E+01  0.55478E+01
 In-flow  [L/T]     -0.61084E-01 -0.61084E-01
 h Mean   [L]       -0.77338E+03 -0.77338E+03
 Top Flux [L/T]     -0.35071E-03
 Bot Flux [L/T]     -0.24141E-12
 WatBalT  [L]       -0.29632E+00
 WatBalR  [%]              0.587
----------------------------------------------------------

----------------------------------------------------------
 Time       [T]      572.0000
----------------------------------------------------------
 Sub-region num.                     1
----------------------------------------------------------
 Length   [L]        0.15000E+03  0.15000E+03
 W-volume [L]        0.55247E+01  0.55247E+01
 In-flow  [L/T]     -0.15539E-01 -0.15539E-01
 h Mean   [L]       -0.78539E+03 -0.78539E+03
 Top Flux [L/T]     -0.36175E-03
 Bot Flux [L/T]     -0.24140E-12
 WatBalT  [L]       -0.30770E+00
 WatBalR  [%]              0.609
----------------------------------------------------------

----------------------------------------------------------
 Time       [T]      573.0000
----------------------------------------------------------
 Sub-region num.                     1
----------------------------------------------------------
 Length   [L]        0.15000E+03  0.15000E+03
 W-volume [L]        0.55186E+01  0.55186E+01
 In-flow  [L/T]     -0.41533E-02 -0.41533E-02
 h Mean   [L]       -0.78939E+03 -0.78939E+03
 Top Flux [L/T]     -0.34709E-03
 Bot Flux [L/T]     -0.24139E-12
 WatBalT  [L]       -0.31064E+00
 WatBalR  [%]              0.615
----------------------------------------------------------

----------------------------------------------------------
 Time       [T]      574.0000
----------------------------------------------------------
 Sub-region num.                     1
----------------------------------------------------------
 Length   [L]        0.15000E+03  0.15000E+03
 W-volume [L]        0.55171E+01  0.55171E+01
 In-flow  [L/T]     -0.10933E-02 -0.10933E-02
 h Mean   [L]       -0.79049E+03 -0.79049E+03
 Top Flux [L/T]     -0.32725E-03
 Bot Flux [L/T]     -0.24138E-12
 WatBalT  [L]       -0.31136E+00
 WatBalR  [%]              0.617
----------------------------------------------------------

----------------------------------------------------------
 Time       [T]      575.0000
----------------------------------------------------------
 Sub-region num.                     1
----------------------------------------------------------
 Length   [L]        0.15000E+03  0.15000E+03
 W-volume [L]        0.55166E+01  0.55166E+01
 In-flow  [L/T]     -0.36933E-03 -0.36933E-03
 h Mean   [L]       -0.79068E+03 -0.79068E+03
 Top Flux [L/T]     -0.30723E-03
 Bot Flux [L/T]     -0.24136E-12
 WatBalT  [L]       -0.31152E+00
 WatBalR  [%]              0.617
----------------------------------------------------------

----------------------------------------------------------
 Time       [T]      576.0000
----------------------------------------------------------
 Sub-region num.                     1
----------------------------------------------------------
 Length   [L]        0.15000E+03  0.15000E+03
 W-volume [L]        0.55162E+01  0.55162E+01
 In-flow  [L/T]     -0.31132E-03 -0.31132E-03
 h Mean   [L]       -0.79071E+03 -0.79071E+03
 Top Flux [L/T]     -0.28795E-03
 Bot Flux [L/T]     -0.24135E-12
 WatBalT  [L]       -0.31153E+00
 WatBalR  [%]              0.617
----------------------------------------------------------

----------------------------------------------------------
 Time       [T]      577.0000
----------------------------------------------------------
 Sub-region num.                     1
----------------------------------------------------------
 Length   [L]        0.15000E+03  0.15000E+03
 W-volume [L]        0.55159E+01  0.55159E+01
 In-flow  [L/T]     -0.28938E-03 -0.28938E-03
 h Mean   [L]       -0.79073E+03 -0.79073E+03
 Top Flux [L/T]     -0.26974E-03
 Bot Flux [L/T]     -0.24134E-12
 WatBalT  [L]       -0.31154E+00
 WatBalR  [%]              0.617
----------------------------------------------------------

----------------------------------------------------------
 Time       [T]      578.0000
----------------------------------------------------------
 Sub-region num.                     1
----------------------------------------------------------
 Length   [L]        0.15000E+03  0.15000E+03
 W-volume [L]        0.55157E+01  0.55157E+01
 In-flow  [L/T]     -0.27050E-03 -0.27050E-03
 h Mean   [L]       -0.79075E+03 -0.79075E+03
 Top Flux [L/T]     -0.25260E-03
 Bot Flux [L/T]     -0.24133E-12
 WatBalT  [L]       -0.31155E+00
 WatBalR  [%]              0.617
----------------------------------------------------------

----------------------------------------------------------
 Time       [T]      579.0000
----------------------------------------------------------
 Sub-region num.                     1
----------------------------------------------------------
 Length   [L]        0.15000E+03  0.15000E+03
 W-volume [L]        0.55154E+01  0.55154E+01
 In-flow  [L/T]     -0.25317E-03 -0.25317E-03
 h Mean   [L]       -0.79076E+03 -0.79076E+03
 Top Flux [L/T]     -0.23651E-03
 Bot Flux [L/T]     -0.24132E-12
 WatBalT  [L]       -0.31156E+00
 WatBalR  [%]              0.617
----------------------------------------------------------

----------------------------------------------------------
 Time       [T]      580.0000
----------------------------------------------------------
 Sub-region num.                     1
----------------------------------------------------------
 Length   [L]        0.15000E+03  0.15000E+03
 W-volume [L]        0.55152E+01  0.55152E+01
 In-flow  [L/T]     -0.23705E-03 -0.23705E-03
 h Mean   [L]       -0.79078E+03 -0.79078E+03
 Top Flux [L/T]     -0.22140E-03
 Bot Flux [L/T]     -0.24131E-12
 WatBalT  [L]       -0.31156E+00
 WatBalR  [%]              0.617
----------------------------------------------------------

----------------------------------------------------------
 Time       [T]      581.0000
----------------------------------------------------------
 Sub-region num.                     1
----------------------------------------------------------
 Length   [L]        0.15000E+03  0.15000E+03
 W-volume [L]        0.55149E+01  0.55149E+01
 In-flow  [L/T]     -0.22188E-03 -0.22188E-03
 h Mean   [L]       -0.79079E+03 -0.79079E+03
 Top Flux [L/T]     -0.20722E-03
 Bot Flux [L/T]     -0.24130E-12
 WatBalT  [L]       -0.31157E+00
 WatBalR  [%]              0.617
----------------------------------------------------------

----------------------------------------------------------
 Time       [T]      582.0000
----------------------------------------------------------
 Sub-region num.                     1
----------------------------------------------------------
 Length   [L]        0.15000E+03  0.15000E+03
 W-volume [L]        0.55147E+01  0.55147E+01
 In-flow  [L/T]     -0.20404E-03 -0.20404E-03
 h Mean   [L]       -0.79080E+03 -0.79080E+03
 Top Flux [L/T]     -0.19390E-03
 Bot Flux [L/T]     -0.24129E-12
 WatBalT  [L]       -0.31158E+00
 WatBalR  [%]              0.617
----------------------------------------------------------

----------------------------------------------------------
 Time       [T]      583.0000
----------------------------------------------------------
 Sub-region num.                     1
----------------------------------------------------------
 Length   [L]        0.15000E+03  0.15000E+03
 W-volume [L]        0.55145E+01  0.55145E+01
 In-flow  [L/T]     -0.19801E-03 -0.19801E-03
 h Mean   [L]       -0.79082E+03 -0.79082E+03
 Top Flux [L/T]     -0.18144E-03
 Bot Flux [L/T]     -0.24128E-12
 WatBalT  [L]       -0.31158E+00
 WatBalR  [%]              0.617
----------------------------------------------------------

----------------------------------------------------------
 Time       [T]      584.0000
----------------------------------------------------------
 Sub-region num.                     1
----------------------------------------------------------
 Length   [L]        0.15000E+03  0.15000E+03
 W-volume [L]        0.55143E+01  0.55143E+01
 In-flow  [L/T]     -0.18282E-03 -0.18282E-03
 h Mean   [L]       -0.79083E+03 -0.79083E+03
 Top Flux [L/T]     -0.16976E-03
 Bot Flux [L/T]     -0.24127E-12
 WatBalT  [L]       -0.31159E+00
 WatBalR  [%]              0.617
----------------------------------------------------------

----------------------------------------------------------
 Time       [T]      585.0000
----------------------------------------------------------
 Sub-region num.                     1
----------------------------------------------------------
 Length   [L]        0.15000E+03  0.15000E+03
 W-volume [L]        0.55142E+01  0.55142E+01
 In-flow  [L/T]     -0.13991E-03 -0.13991E-03
 h Mean   [L]       -0.79082E+03 -0.79082E+03
 Top Flux [L/T]     -0.15860E-03
 Bot Flux [L/T]     -0.24126E-12
 WatBalT  [L]       -0.31160E+00
 WatBalR  [%]              0.617
----------------------------------------------------------

----------------------------------------------------------
 Time       [T]      586.0000
----------------------------------------------------------
 Sub-region num.                     1
----------------------------------------------------------
 Length   [L]        0.15000E+03  0.15000E+03
 W-volume [L]        0.55140E+01  0.55140E+01
 In-flow  [L/T]     -0.18021E-03 -0.18021E-03
 h Mean   [L]       -0.79084E+03 -0.79084E+03
 Top Flux [L/T]     -0.14844E-03
 Bot Flux [L/T]     -0.24125E-12
 WatBalT  [L]       -0.31160E+00
 WatBalR  [%]              0.617
----------------------------------------------------------

----------------------------------------------------------
 Time       [T]      587.0000
----------------------------------------------------------
 Sub-region num.                     1
----------------------------------------------------------
 Length   [L]        0.15000E+03  0.15000E+03
 W-volume [L]        0.55139E+01  0.55139E+01
 In-flow  [L/T]     -0.15415E-03 -0.15415E-03
 h Mean   [L]       -0.79086E+03 -0.79086E+03
 Top Flux [L/T]     -0.13892E-03
 Bot Flux [L/T]     -0.24124E-12
 WatBalT  [L]       -0.31161E+00
 WatBalR  [%]              0.617
----------------------------------------------------------

----------------------------------------------------------
 Time       [T]      588.0000
----------------------------------------------------------
 Sub-region num.                     1
----------------------------------------------------------
 Length   [L]        0.15000E+03  0.15000E+03
 W-volume [L]        0.55137E+01  0.55137E+01
 In-flow  [L/T]     -0.14067E-03 -0.14067E-03
 h Mean   [L]       -0.79087E+03 -0.79087E+03
 Top Flux [L/T]     -0.12994E-03
 Bot Flux [L/T]     -0.24123E-12
 WatBalT  [L]       -0.31161E+00
 WatBalR  [%]              0.617
----------------------------------------------------------

----------------------------------------------------------
 Time       [T]      589.0000
----------------------------------------------------------
 Sub-region num.                     1
----------------------------------------------------------
 Length   [L]        0.15000E+03  0.15000E+03
 W-volume [L]        0.55136E+01  0.55136E+01
 In-flow  [L/T]     -0.13065E-03 -0.13065E-03
 h Mean   [L]       -0.79087E+03 -0.79087E+03
 Top Flux [L/T]     -0.12150E-03
 Bot Flux [L/T]     -0.24122E-12
 WatBalT  [L]       -0.31162E+00
 WatBalR  [%]              0.617
----------------------------------------------------------

----------------------------------------------------------
 Time       [T]      590.0000
----------------------------------------------------------
 Sub-region num.                     1
----------------------------------------------------------
 Length   [L]        0.15000E+03  0.15000E+03
 W-volume [L]        0.55135E+01  0.55135E+01
 In-flow  [L/T]     -0.12195E-03 -0.12195E-03
 h Mean   [L]       -0.79088E+03 -0.79088E+03
 Top Flux [L/T]     -0.11361E-03
 Bot Flux [L/T]     -0.24121E-12
 WatBalT  [L]       -0.31162E+00
 WatBalR  [%]              0.617
----------------------------------------------------------

----------------------------------------------------------
 Time       [T]      591.0000
----------------------------------------------------------
 Sub-region num.                     1
----------------------------------------------------------
 Length   [L]        0.15000E+03  0.15000E+03
 W-volume [L]        0.55133E+01  0.55133E+01
 In-flow  [L/T]     -0.11404E-03 -0.11404E-03
 h Mean   [L]       -0.79089E+03 -0.79089E+03
 Top Flux [L/T]     -0.10621E-03
 Bot Flux [L/T]     -0.24120E-12
 WatBalT  [L]       -0.31162E+00
 WatBalR  [%]              0.617
----------------------------------------------------------

----------------------------------------------------------
 Time       [T]      592.0000
----------------------------------------------------------
 Sub-region num.                     1
----------------------------------------------------------
 Length   [L]        0.15000E+03  0.15000E+03
 W-volume [L]        0.55132E+01  0.55132E+01
 In-flow  [L/T]     -0.10663E-03 -0.10663E-03
 h Mean   [L]       -0.79090E+03 -0.79090E+03
 Top Flux [L/T]     -0.99290E-04
 Bot Flux [L/T]     -0.24119E-12
 WatBalT  [L]       -0.31163E+00
 WatBalR  [%]              0.617
----------------------------------------------------------

----------------------------------------------------------
 Time       [T]      593.0000
----------------------------------------------------------
 Sub-region num.                     1
----------------------------------------------------------
 Length   [L]        0.15000E+03  0.15000E+03
 W-volume [L]        0.55131E+01  0.55131E+01
 In-flow  [L/T]     -0.99644E-04 -0.99644E-04
 h Mean   [L]       -0.79090E+03 -0.79090E+03
 Top Flux [L/T]     -0.92812E-04
 Bot Flux [L/T]     -0.24117E-12
 WatBalT  [L]       -0.31163E+00
 WatBalR  [%]              0.617
----------------------------------------------------------

----------------------------------------------------------
 Time       [T]      594.0000
----------------------------------------------------------
 Sub-region num.                     1
----------------------------------------------------------
 Length   [L]        0.15000E+03  0.15000E+03
 W-volume [L]        0.55130E+01  0.55130E+01
 In-flow  [L/T]     -0.93177E-04 -0.93177E-04
 h Mean   [L]       -0.79091E+03 -0.79091E+03
 Top Flux [L/T]     -0.86753E-04
 Bot Flux [L/T]     -0.24116E-12
 WatBalT  [L]       -0.31164E+00
 WatBalR  [%]              0.617
----------------------------------------------------------

----------------------------------------------------------
 Time       [T]      595.0000
----------------------------------------------------------
 Sub-region num.                     1
----------------------------------------------------------
 Length   [L]        0.15000E+03  0.15000E+03
 W-volume [L]        0.55130E+01  0.55130E+01
 In-flow  [L/T]     -0.80630E-04 -0.80630E-04
 h Mean   [L]       -0.79091E+03 -0.79091E+03
 Top Flux [L/T]     -0.81045E-04
 Bot Flux [L/T]     -0.24115E-12
 WatBalT  [L]       -0.31164E+00
 WatBalR  [%]              0.617
----------------------------------------------------------

----------------------------------------------------------
 Time       [T]      596.0000
----------------------------------------------------------
 Sub-region num.                     1
----------------------------------------------------------
 Length   [L]        0.15000E+03  0.15000E+03
 W-volume [L]        0.55129E+01  0.55129E+01
 In-flow  [L/T]     -0.79364E-04 -0.79364E-04
 h Mean   [L]       -0.79091E+03 -0.79091E+03
 Top Flux [L/T]     -0.75732E-04
 Bot Flux [L/T]     -0.24114E-12
 WatBalT  [L]       -0.31165E+00
 WatBalR  [%]              0.617
----------------------------------------------------------

----------------------------------------------------------
 Time       [T]      597.0000
----------------------------------------------------------
 Sub-region num.                     1
----------------------------------------------------------
 Length   [L]        0.15000E+03  0.15000E+03
 W-volume [L]        0.55128E+01  0.55128E+01
 In-flow  [L/T]     -0.79632E-04 -0.79632E-04
 h Mean   [L]       -0.79092E+03 -0.79092E+03
 Top Flux [L/T]     -0.70777E-04
 Bot Flux [L/T]     -0.24113E-12
 WatBalT  [L]       -0.31165E+00
 WatBalR  [%]              0.617
----------------------------------------------------------

----------------------------------------------------------
 Time       [T]      598.0000
----------------------------------------------------------
 Sub-region num.                     1
----------------------------------------------------------
 Length   [L]        0.15000E+03  0.15000E+03
 W-volume [L]        0.55127E+01  0.55127E+01
 In-flow  [L/T]     -0.63017E-04 -0.63017E-04
 h Mean   [L]       -0.79091E+03 -0.79091E+03
 Top Flux [L/T]     -0.66097E-04
 Bot Flux [L/T]     -0.24112E-12
 WatBalT  [L]       -0.31165E+00
 WatBalR  [%]              0.617
----------------------------------------------------------

----------------------------------------------------------
 Time       [T]      599.0000
----------------------------------------------------------
 Sub-region num.                     1
----------------------------------------------------------
 Length   [L]        0.15000E+03  0.15000E+03
 W-volume [L]        0.55127E+01  0.55127E+01
 In-flow  [L/T]     -0.56371E-04 -0.56371E-04
 h Mean   [L]       -0.79091E+03 -0.79091E+03
 Top Flux [L/T]     -0.61736E-04
 Bot Flux [L/T]     -0.24111E-12
 WatBalT  [L]       -0.31165E+00
 WatBalR  [%]              0.617
----------------------------------------------------------

----------------------------------------------------------
 Time       [T]      600.0000
----------------------------------------------------------
 Sub-region num.                     1
----------------------------------------------------------
 Length   [L]        0.15000E+03  0.15000E+03
 W-volume [L]        0.55126E+01  0.55126E+01
 In-flow  [L/T]     -0.60841E-04 -0.60841E-04
 h Mean   [L]       -0.79091E+03 -0.79091E+03
 Top Flux [L/T]     -0.57691E-04
 Bot Flux [L/T]     -0.24110E-12
 WatBalT  [L]       -0.31165E+00
 WatBalR  [%]              0.617
----------------------------------------------------------

----------------------------------------------------------
 Time       [T]      601.0000
----------------------------------------------------------
 Sub-region num.                     1
----------------------------------------------------------
 Length   [L]        0.15000E+03  0.15000E+03
 W-volume [L]        0.55126E+01  0.55126E+01
 In-flow  [L/T]     -0.61989E-04 -0.61989E-04
 h Mean   [L]       -0.79092E+03 -0.79092E+03
 Top Flux [L/T]     -0.53916E-04
 Bot Flux [L/T]     -0.24109E-12
 WatBalT  [L]       -0.31166E+00
 WatBalR  [%]              0.617
----------------------------------------------------------

----------------------------------------------------------
 Time       [T]      602.0000
----------------------------------------------------------
 Sub-region num.                     1
----------------------------------------------------------
 Length   [L]        0.15000E+03  0.15000E+03
 W-volume [L]        0.55125E+01  0.55125E+01
 In-flow  [L/T]     -0.51633E-04 -0.51633E-04
 h Mean   [L]       -0.79092E+03 -0.79092E+03
 Top Flux [L/T]     -0.50363E-04
 Bot Flux [L/T]     -0.24108E-12
 WatBalT  [L]       -0.31166E+00
 WatBalR  [%]              0.617
----------------------------------------------------------

----------------------------------------------------------
 Time       [T]      603.0000
----------------------------------------------------------
 Sub-region num.                     1
----------------------------------------------------------
 Length   [L]        0.15000E+03  0.15000E+03
 W-volume [L]        0.55125E+01  0.55125E+01
 In-flow  [L/T]     -0.51826E-04 -0.51826E-04
 h Mean   [L]       -0.79092E+03 -0.79092E+03
 Top Flux [L/T]     -0.47057E-04
 Bot Flux [L/T]     -0.24107E-12
 WatBalT  [L]       -0.31166E+00
 WatBalR  [%]              0.617
----------------------------------------------------------

----------------------------------------------------------
 Time       [T]      604.0000
----------------------------------------------------------
 Sub-region num.                     1
----------------------------------------------------------
 Length   [L]        0.15000E+03  0.15000E+03
 W-volume [L]        0.55124E+01  0.55124E+01
 In-flow  [L/T]     -0.45180E-04 -0.45180E-04
 h Mean   [L]       -0.79092E+03 -0.79092E+03
 Top Flux [L/T]     -0.43958E-04
 Bot Flux [L/T]     -0.24106E-12
 WatBalT  [L]       -0.31166E+00
 WatBalR  [%]              0.617
----------------------------------------------------------

----------------------------------------------------------
 Time       [T]      605.0000
----------------------------------------------------------
 Sub-region num.                     1
----------------------------------------------------------
 Length   [L]        0.15000E+03  0.15000E+03
 W-volume [L]        0.55124E+01  0.55124E+01
 In-flow  [L/T]     -0.50783E-04 -0.50783E-04
 h Mean   [L]       -0.79093E+03 -0.79093E+03
 Top Flux [L/T]     -0.41080E-04
 Bot Flux [L/T]     -0.24105E-12
 WatBalT  [L]       -0.31166E+00
 WatBalR  [%]              0.617
----------------------------------------------------------

----------------------------------------------------------
 Time       [T]      606.0000
----------------------------------------------------------
 Sub-region num.                     1
----------------------------------------------------------
 Length   [L]        0.15000E+03  0.15000E+03
 W-volume [L]        0.55123E+01  0.55123E+01
 In-flow  [L/T]     -0.32544E-04 -0.32544E-04
 h Mean   [L]       -0.79092E+03 -0.79092E+03
 Top Flux [L/T]     -0.38355E-04
 Bot Flux [L/T]     -0.24104E-12
 WatBalT  [L]       -0.31166E+00
 WatBalR  [%]              0.617
----------------------------------------------------------

----------------------------------------------------------
 Time       [T]      607.0000
----------------------------------------------------------
 Sub-region num.                     1
----------------------------------------------------------
 Length   [L]        0.15000E+03  0.15000E+03
 W-volume [L]        0.55123E+01  0.55123E+01
 In-flow  [L/T]     -0.47833E-04 -0.47833E-04
 h Mean   [L]       -0.79093E+03 -0.79093E+03
 Top Flux [L/T]     -0.35850E-04
 Bot Flux [L/T]     -0.24102E-12
 WatBalT  [L]       -0.31166E+00
 WatBalR  [%]              0.617
----------------------------------------------------------

----------------------------------------------------------
 Time       [T]      608.0000
----------------------------------------------------------
 Sub-region num.                     1
----------------------------------------------------------
 Length   [L]        0.15000E+03  0.15000E+03
 W-volume [L]        0.55123E+01  0.55123E+01
 In-flow  [L/T]     -0.38087E-04 -0.38087E-04
 h Mean   [L]       -0.79093E+03 -0.79093E+03
 Top Flux [L/T]     -0.33488E-04
 Bot Flux [L/T]     -0.24101E-12
 WatBalT  [L]       -0.31166E+00
 WatBalR  [%]              0.617
----------------------------------------------------------

----------------------------------------------------------
 Time       [T]      609.0000
----------------------------------------------------------
 Sub-region num.                     1
----------------------------------------------------------
 Length   [L]        0.15000E+03  0.15000E+03
 W-volume [L]        0.55122E+01  0.55122E+01
 In-flow  [L/T]     -0.31739E-04 -0.31739E-04
 h Mean   [L]       -0.79092E+03 -0.79092E+03
 Top Flux [L/T]     -0.31277E-04
 Bot Flux [L/T]     -0.24100E-12
 WatBalT  [L]       -0.31166E+00
 WatBalR  [%]              0.617
----------------------------------------------------------

----------------------------------------------------------
 Time       [T]      610.0000
----------------------------------------------------------
 Sub-region num.                     1
----------------------------------------------------------
 Length   [L]        0.15000E+03  0.15000E+03
 W-volume [L]        0.55122E+01  0.55122E+01
 In-flow  [L/T]     -0.61154E-04 -0.61154E-04
 h Mean   [L]       -0.79094E+03 -0.79094E+03
 Top Flux [L/T]     -0.29258E-04
 Bot Flux [L/T]     -0.24099E-12
 WatBalT  [L]       -0.31168E+00
 WatBalR  [%]              0.617
----------------------------------------------------------

----------------------------------------------------------
 Time       [T]      611.0000
----------------------------------------------------------
 Sub-region num.                     1
----------------------------------------------------------
 Length   [L]        0.15000E+03  0.15000E+03
 W-volume [L]        0.55121E+01  0.55121E+01
 In-flow  [L/T]     -0.71734E-04 -0.71734E-04
 h Mean   [L]       -0.79095E+03 -0.79095E+03
 Top Flux [L/T]     -0.27350E-04
 Bot Flux [L/T]     -0.24098E-12
 WatBalT  [L]       -0.31168E+00
 WatBalR  [%]              0.617
----------------------------------------------------------

----------------------------------------------------------
 Time       [T]      612.0000
----------------------------------------------------------
 Sub-region num.                     1
----------------------------------------------------------
 Length   [L]        0.15000E+03  0.15000E+03
 W-volume [L]        0.55121E+01  0.55121E+01
 In-flow  [L/T]     -0.62883E-04 -0.62883E-04
 h Mean   [L]       -0.79095E+03 -0.79095E+03
 Top Flux [L/T]     -0.25557E-04
 Bot Flux [L/T]     -0.24097E-12
 WatBalT  [L]       -0.31168E+00
 WatBalR  [%]              0.617
----------------------------------------------------------

----------------------------------------------------------
 Time       [T]      613.0000
----------------------------------------------------------
 Sub-region num.                     1
----------------------------------------------------------
 Length   [L]        0.15000E+03  0.15000E+03
 W-volume [L]        0.55121E+01  0.55121E+01
 In-flow  [L/T]     -0.25332E-06 -0.25332E-06
 h Mean   [L]       -0.79093E+03 -0.79093E+03
 Top Flux [L/T]     -0.23818E-04
 Bot Flux [L/T]     -0.24096E-12
 WatBalT  [L]       -0.31165E+00
 WatBalR  [%]              0.617
----------------------------------------------------------

----------------------------------------------------------
 Time       [T]      614.0000
----------------------------------------------------------
 Sub-region num.                     1
----------------------------------------------------------
 Length   [L]        0.15000E+03  0.15000E+03
 W-volume [L]        0.55121E+01  0.55121E+01
 In-flow  [L/T]     -0.23842E-06 -0.23842E-06
 h Mean   [L]       -0.79094E+03 -0.79094E+03
 Top Flux [L/T]     -0.22265E-04
 Bot Flux [L/T]     -0.24095E-12
 WatBalT  [L]       -0.31168E+00
 WatBalR  [%]              0.617
----------------------------------------------------------

----------------------------------------------------------
 Time       [T]      615.0000
----------------------------------------------------------
 Sub-region num.                     1
----------------------------------------------------------
 Length   [L]        0.15000E+03  0.15000E+03
 W-volume [L]        0.55120E+01  0.55120E+01
 In-flow  [L/T]     -0.67815E-04 -0.67815E-04
 h Mean   [L]       -0.79095E+03 -0.79095E+03
 Top Flux [L/T]     -0.20826E-04
 Bot Flux [L/T]     -0.24094E-12
 WatBalT  [L]       -0.31168E+00
 WatBalR  [%]              0.617
----------------------------------------------------------

----------------------------------------------------------
 Time       [T]      616.0000
----------------------------------------------------------
 Sub-region num.                     1
----------------------------------------------------------
 Length   [L]        0.15000E+03  0.15000E+03
 W-volume [L]        0.55120E+01  0.55120E+01
 In-flow  [L/T]     -0.28312E-06 -0.28312E-06
 h Mean   [L]       -0.79093E+03 -0.79093E+03
 Top Flux [L/T]     -0.19417E-04
 Bot Flux [L/T]     -0.24093E-12
 WatBalT  [L]       -0.31165E+00
 WatBalR  [%]              0.617
----------------------------------------------------------

----------------------------------------------------------
 Time       [T]      617.0000
----------------------------------------------------------
 Sub-region num.                     1
----------------------------------------------------------
 Length   [L]        0.15000E+03  0.15000E+03
 W-volume [L]        0.55120E+01  0.55120E+01
 In-flow  [L/T]     -0.25332E-06 -0.25332E-06
 h Mean   [L]       -0.79094E+03 -0.79094E+03
 Top Flux [L/T]     -0.18152E-04
 Bot Flux [L/T]     -0.24092E-12
 WatBalT  [L]       -0.31168E+00
 WatBalR  [%]              0.617
----------------------------------------------------------

----------------------------------------------------------
 Time       [T]      618.0000
----------------------------------------------------------
 Sub-region num.                     1
----------------------------------------------------------
 Length   [L]        0.15000E+03  0.15000E+03
 W-volume [L]        0.55120E+01  0.55120E+01
 In-flow  [L/T]     -0.23842E-06 -0.23842E-06
 h Mean   [L]       -0.79093E+03 -0.79093E+03
 Top Flux [L/T]     -0.16934E-04
 Bot Flux [L/T]     -0.24091E-12
 WatBalT  [L]       -0.31165E+00
 WatBalR  [%]              0.617
----------------------------------------------------------

----------------------------------------------------------
 Time       [T]      619.0000
----------------------------------------------------------
 Sub-region num.                     1
----------------------------------------------------------
 Length   [L]        0.15000E+03  0.15000E+03
 W-volume [L]        0.55120E+01  0.55120E+01
 In-flow  [L/T]     -0.25332E-06 -0.25332E-06
 h Mean   [L]       -0.79094E+03 -0.79094E+03
 Top Flux [L/T]     -0.15838E-04
 Bot Flux [L/T]     -0.24090E-12
 WatBalT  [L]       -0.31168E+00
 WatBalR  [%]              0.617
----------------------------------------------------------

----------------------------------------------------------
 Time       [T]      620.0000
----------------------------------------------------------
 Sub-region num.                     1
----------------------------------------------------------
 Length   [L]        0.15000E+03  0.15000E+03
 W-volume [L]        0.55120E+01  0.55120E+01
 In-flow  [L/T]     -0.26822E-06 -0.26822E-06
 h Mean   [L]       -0.79093E+03 -0.79093E+03
 Top Flux [L/T]     -0.14780E-04
 Bot Flux [L/T]     -0.24089E-12
 WatBalT  [L]       -0.31165E+00
 WatBalR  [%]              0.617
----------------------------------------------------------

----------------------------------------------------------
 Time       [T]      621.0000
----------------------------------------------------------
 Sub-region num.                     1
----------------------------------------------------------
 Length   [L]        0.15000E+03  0.15000E+03
 W-volume [L]        0.55119E+01  0.55119E+01
 In-flow  [L/T]     -0.23842E-06 -0.23842E-06
 h Mean   [L]       -0.79095E+03 -0.79095E+03
 Top Flux [L/T]     -0.13823E-04
 Bot Flux [L/T]     -0.24088E-12
 WatBalT  [L]       -0.31168E+00
 WatBalR  [%]              0.617
----------------------------------------------------------

----------------------------------------------------------
 Time       [T]      622.0000
----------------------------------------------------------
 Sub-region num.                     1
----------------------------------------------------------
 Length   [L]        0.15000E+03  0.15000E+03
 W-volume [L]        0.55119E+01  0.55119E+01
 In-flow  [L/T]     -0.23842E-06 -0.23842E-06
 h Mean   [L]       -0.79094E+03 -0.79094E+03
 Top Flux [L/T]     -0.12900E-04
 Bot Flux [L/T]     -0.24087E-12
 WatBalT  [L]       -0.31168E+00
 WatBalR  [%]              0.617
----------------------------------------------------------

----------------------------------------------------------
 Time       [T]      623.0000
----------------------------------------------------------
 Sub-region num.                     1
----------------------------------------------------------
 Length   [L]        0.15000E+03  0.15000E+03
 W-volume [L]        0.55119E+01  0.55119E+01
 In-flow  [L/T]     -0.66191E-04 -0.66191E-04
 h Mean   [L]       -0.79096E+03 -0.79096E+03
 Top Flux [L/T]     -0.12072E-04
 Bot Flux [L/T]     -0.24086E-12
 WatBalT  [L]       -0.31168E+00
 WatBalR  [%]              0.617
----------------------------------------------------------

----------------------------------------------------------
 Time       [T]      624.0000
----------------------------------------------------------
 Sub-region num.                     1
----------------------------------------------------------
 Length   [L]        0.15000E+03  0.15000E+03
 W-volume [L]        0.55119E+01  0.55119E+01
 In-flow  [L/T]     -0.26822E-06 -0.26822E-06
 h Mean   [L]       -0.79095E+03 -0.79095E+03
 Top Flux [L/T]     -0.11263E-04
 Bot Flux [L/T]     -0.24084E-12
 WatBalT  [L]       -0.31168E+00
 WatBalR  [%]              0.617
----------------------------------------------------------

----------------------------------------------------------
 Time       [T]      625.0000
----------------------------------------------------------
 Sub-region num.                     1
----------------------------------------------------------
 Length   [L]        0.15000E+03  0.15000E+03
 W-volume [L]        0.55119E+01  0.55119E+01
 In-flow  [L/T]     -0.26822E-06 -0.26822E-06
 h Mean   [L]       -0.79094E+03 -0.79094E+03
 Top Flux [L/T]     -0.10511E-04
 Bot Flux [L/T]     -0.24083E-12
 WatBalT  [L]       -0.31168E+00
 WatBalR  [%]              0.617
----------------------------------------------------------

----------------------------------------------------------
 Time       [T]      626.0000
----------------------------------------------------------
 Sub-region num.                     1
----------------------------------------------------------
 Length   [L]        0.15000E+03  0.15000E+03
 W-volume [L]        0.55119E+01  0.55119E+01
 In-flow  [L/T]     -0.66489E-04 -0.66489E-04
 h Mean   [L]       -0.79096E+03 -0.79096E+03
 Top Flux [L/T]     -0.98390E-05
 Bot Flux [L/T]     -0.24082E-12
 WatBalT  [L]       -0.31168E+00
 WatBalR  [%]              0.617
----------------------------------------------------------

----------------------------------------------------------
 Time       [T]      627.0000
----------------------------------------------------------
 Sub-region num.                     1
----------------------------------------------------------
 Length   [L]        0.15000E+03  0.15000E+03
 W-volume [L]        0.55119E+01  0.55119E+01
 In-flow  [L/T]     -0.26822E-06 -0.26822E-06
 h Mean   [L]       -0.79095E+03 -0.79095E+03
 Top Flux [L/T]     -0.91802E-05
 Bot Flux [L/T]     -0.24081E-12
 WatBalT  [L]       -0.31168E+00
 WatBalR  [%]              0.617
----------------------------------------------------------

----------------------------------------------------------
 Time       [T]      628.0000
----------------------------------------------------------
 Sub-region num.                     1
----------------------------------------------------------
 Length   [L]        0.15000E+03  0.15000E+03
 W-volume [L]        0.55119E+01  0.55119E+01
 In-flow  [L/T]     -0.22352E-06 -0.22352E-06
 h Mean   [L]       -0.79094E+03 -0.79094E+03
 Top Flux [L/T]     -0.85680E-05
 Bot Flux [L/T]     -0.24080E-12
 WatBalT  [L]       -0.31168E+00
 WatBalR  [%]              0.617
----------------------------------------------------------

----------------------------------------------------------
 Time       [T]      629.0000
----------------------------------------------------------
 Sub-region num.                     1
----------------------------------------------------------
 Length   [L]        0.15000E+03  0.15000E+03
 W-volume [L]        0.55119E+01  0.55119E+01
 In-flow  [L/T]     -0.22352E-06 -0.22352E-06
 h Mean   [L]       -0.79093E+03 -0.79093E+03
 Top Flux [L/T]     -0.79975E-05
 Bot Flux [L/T]     -0.24079E-12
 WatBalT  [L]       -0.31165E+00
 WatBalR  [%]              0.617
----------------------------------------------------------

----------------------------------------------------------
 Time       [T]      630.0000
----------------------------------------------------------
 Sub-region num.                     1
----------------------------------------------------------
 Length   [L]        0.15000E+03  0.15000E+03
 W-volume [L]        0.55118E+01  0.55118E+01
 In-flow  [L/T]     -0.26822E-06 -0.26822E-06
 h Mean   [L]       -0.79095E+03 -0.79095E+03
 Top Flux [L/T]     -0.74851E-05
 Bot Flux [L/T]     -0.24078E-12
 WatBalT  [L]       -0.31168E+00
 WatBalR  [%]              0.617
----------------------------------------------------------

----------------------------------------------------------
 Time       [T]      631.0000
----------------------------------------------------------
 Sub-region num.                     1
----------------------------------------------------------
 Length   [L]        0.15000E+03  0.15000E+03
 W-volume [L]        0.55118E+01  0.55118E+01
 In-flow  [L/T]     -0.25332E-06 -0.25332E-06
 h Mean   [L]       -0.79095E+03 -0.79095E+03
 Top Flux [L/T]     -0.69876E-05
 Bot Flux [L/T]     -0.24077E-12
 WatBalT  [L]       -0.31168E+00
 WatBalR  [%]              0.617
----------------------------------------------------------

----------------------------------------------------------
 Time       [T]      632.0000
----------------------------------------------------------
 Sub-region num.                     1
----------------------------------------------------------
 Length   [L]        0.15000E+03  0.15000E+03
 W-volume [L]        0.55118E+01  0.55118E+01
 In-flow  [L/T]     -0.25332E-06 -0.25332E-06
 h Mean   [L]       -0.79094E+03 -0.79094E+03
 Top Flux [L/T]     -0.65235E-05
 Bot Flux [L/T]     -0.24076E-12
 WatBalT  [L]       -0.31168E+00
 WatBalR  [%]              0.617
----------------------------------------------------------

----------------------------------------------------------
 Time       [T]      633.0000
----------------------------------------------------------
 Sub-region num.                     1
----------------------------------------------------------
 Length   [L]        0.15000E+03  0.15000E+03
 W-volume [L]        0.55118E+01  0.55118E+01
 In-flow  [L/T]     -0.25332E-06 -0.25332E-06
 h Mean   [L]       -0.79094E+03 -0.79094E+03
 Top Flux [L/T]     -0.60901E-05
 Bot Flux [L/T]     -0.24075E-12
 WatBalT  [L]       -0.31168E+00
 WatBalR  [%]              0.617
----------------------------------------------------------

----------------------------------------------------------
 Time       [T]      634.0000
----------------------------------------------------------
 Sub-region num.                     1
----------------------------------------------------------
 Length   [L]        0.15000E+03  0.15000E+03
 W-volume [L]        0.55118E+01  0.55118E+01
 In-flow  [L/T]     -0.61378E-04 -0.61378E-04
 h Mean   [L]       -0.79096E+03 -0.79096E+03
 Top Flux [L/T]     -0.57025E-05
 Bot Flux [L/T]     -0.24074E-12
 WatBalT  [L]       -0.31168E+00
 WatBalR  [%]              0.617
----------------------------------------------------------

----------------------------------------------------------
 Time       [T]      635.0000
----------------------------------------------------------
 Sub-region num.                     1
----------------------------------------------------------
 Length   [L]        0.15000E+03  0.15000E+03
 W-volume [L]        0.55118E+01  0.55118E+01
 In-flow  [L/T]     -0.26822E-06 -0.26822E-06
 h Mean   [L]       -0.79096E+03 -0.79096E+03
 Top Flux [L/T]     -0.53226E-05
 Bot Flux [L/T]     -0.24073E-12
 WatBalT  [L]       -0.31168E+00
 WatBalR  [%]              0.617
----------------------------------------------------------

----------------------------------------------------------
 Time       [T]      636.0000
----------------------------------------------------------
 Sub-region num.                     1
----------------------------------------------------------
 Length   [L]        0.15000E+03  0.15000E+03
 W-volume [L]        0.55118E+01  0.55118E+01
 In-flow  [L/T]     -0.25332E-06 -0.25332E-06
 h Mean   [L]       -0.79095E+03 -0.79095E+03
 Top Flux [L/T]     -0.49684E-05
 Bot Flux [L/T]     -0.24072E-12
 WatBalT  [L]       -0.31168E+00
 WatBalR  [%]              0.617
----------------------------------------------------------

----------------------------------------------------------
 Time       [T]      637.0000
----------------------------------------------------------
 Sub-region num.                     1
----------------------------------------------------------
 Length   [L]        0.15000E+03  0.15000E+03
 W-volume [L]        0.55118E+01  0.55118E+01
 In-flow  [L/T]     -0.29802E-06 -0.29802E-06
 h Mean   [L]       -0.79095E+03 -0.79095E+03
 Top Flux [L/T]     -0.46381E-05
 Bot Flux [L/T]     -0.24071E-12
 WatBalT  [L]       -0.31169E+00
 WatBalR  [%]              0.617
----------------------------------------------------------

----------------------------------------------------------
 Time       [T]      638.0000
----------------------------------------------------------
 Sub-region num.                     1
----------------------------------------------------------
 Length   [L]        0.15000E+03  0.15000E+03
 W-volume [L]        0.55118E+01  0.55118E+01
 In-flow  [L/T]     -0.23842E-06 -0.23842E-06
 h Mean   [L]       -0.79094E+03 -0.79094E+03
 Top Flux [L/T]     -0.43309E-05
 Bot Flux [L/T]     -0.24070E-12
 WatBalT  [L]       -0.31169E+00
 WatBalR  [%]              0.617
----------------------------------------------------------

----------------------------------------------------------
 Time       [T]      639.0000
----------------------------------------------------------
 Sub-region num.                     1
----------------------------------------------------------
 Length   [L]        0.15000E+03  0.15000E+03
 W-volume [L]        0.55118E+01  0.55118E+01
 In-flow  [L/T]     -0.23842E-06 -0.23842E-06
 h Mean   [L]       -0.79094E+03 -0.79094E+03
 Top Flux [L/T]     -0.40444E-05
 Bot Flux [L/T]     -0.24068E-12
 WatBalT  [L]       -0.31169E+00
 WatBalR  [%]              0.617
----------------------------------------------------------

----------------------------------------------------------
 Time       [T]      640.0000
----------------------------------------------------------
 Sub-region num.                     1
----------------------------------------------------------
 Length   [L]        0.15000E+03  0.15000E+03
 W-volume [L]        0.53809E+01  0.53809E+01
 In-flow  [L/T]     -0.19297E-04 -0.19297E-04
 h Mean   [L]       -0.41242E+04 -0.41242E+04
 Top Flux [L/T]      0.99840E-31
 Bot Flux [L/T]     -0.24067E-12
 WatBalT  [L]       -0.31169E+00
 WatBalR  [%]              0.616
----------------------------------------------------------

----------------------------------------------------------
 Time       [T]      641.0000
----------------------------------------------------------
 Sub-region num.                     1
----------------------------------------------------------
 Length   [L]        0.15000E+03  0.15000E+03
 W-volume [L]        0.53809E+01  0.53809E+01
 In-flow  [L/T]     -0.26822E-06 -0.26822E-06
 h Mean   [L]       -0.41242E+04 -0.41242E+04
 Top Flux [L/T]      0.99840E-31
 Bot Flux [L/T]     -0.24066E-12
 WatBalT  [L]       -0.31169E+00
 WatBalR  [%]              0.616
----------------------------------------------------------

----------------------------------------------------------
 Time       [T]      642.0000
----------------------------------------------------------
 Sub-region num.                     1
----------------------------------------------------------
 Length   [L]        0.15000E+03  0.15000E+03
 W-volume [L]        0.53809E+01  0.53809E+01
 In-flow  [L/T]     -0.23842E-06 -0.23842E-06
 h Mean   [L]       -0.41242E+04 -0.41242E+04
 Top Flux [L/T]      0.99840E-31
 Bot Flux [L/T]     -0.24065E-12
 WatBalT  [L]       -0.31169E+00
 WatBalR  [%]              0.616
----------------------------------------------------------

----------------------------------------------------------
 Time       [T]      643.0000
----------------------------------------------------------
 Sub-region num.                     1
----------------------------------------------------------
 Length   [L]        0.15000E+03  0.15000E+03
 W-volume [L]        0.53809E+01  0.53809E+01
 In-flow  [L/T]     -0.23842E-06 -0.23842E-06
 h Mean   [L]       -0.41242E+04 -0.41242E+04
 Top Flux [L/T]      0.99840E-31
 Bot Flux [L/T]     -0.24064E-12
 WatBalT  [L]       -0.31169E+00
 WatBalR  [%]              0.616
----------------------------------------------------------

----------------------------------------------------------
 Time       [T]      644.0000
----------------------------------------------------------
 Sub-region num.                     1
----------------------------------------------------------
 Length   [L]        0.15000E+03  0.15000E+03
 W-volume [L]        0.53809E+01  0.53809E+01
 In-flow  [L/T]     -0.26822E-06 -0.26822E-06
 h Mean   [L]       -0.41242E+04 -0.41242E+04
 Top Flux [L/T]      0.99840E-31
 Bot Flux [L/T]     -0.24063E-12
 WatBalT  [L]       -0.31169E+00
 WatBalR  [%]              0.616
----------------------------------------------------------

----------------------------------------------------------
 Time       [T]      645.0000
----------------------------------------------------------
 Sub-region num.                     1
----------------------------------------------------------
 Length   [L]        0.15000E+03  0.15000E+03
 W-volume [L]        0.53809E+01  0.53809E+01
 In-flow  [L/T]     -0.26822E-06 -0.26822E-06
 h Mean   [L]       -0.41242E+04 -0.41242E+04
 Top Flux [L/T]      0.99840E-31
 Bot Flux [L/T]     -0.24062E-12
 WatBalT  [L]       -0.31169E+00
 WatBalR  [%]              0.616
----------------------------------------------------------

----------------------------------------------------------
 Time       [T]      646.0000
----------------------------------------------------------
 Sub-region num.                     1
----------------------------------------------------------
 Length   [L]        0.15000E+03  0.15000E+03
 W-volume [L]        0.53809E+01  0.53809E+01
 In-flow  [L/T]     -0.23842E-06 -0.23842E-06
 h Mean   [L]       -0.41242E+04 -0.41242E+04
 Top Flux [L/T]      0.99840E-31
 Bot Flux [L/T]     -0.24061E-12
 WatBalT  [L]       -0.31169E+00
 WatBalR  [%]              0.616
----------------------------------------------------------

----------------------------------------------------------
 Time       [T]      647.0000
----------------------------------------------------------
 Sub-region num.                     1
----------------------------------------------------------
 Length   [L]        0.15000E+03  0.15000E+03
 W-volume [L]        0.53809E+01  0.53809E+01
 In-flow  [L/T]     -0.23842E-06 -0.23842E-06
 h Mean   [L]       -0.41242E+04 -0.41242E+04
 Top Flux [L/T]      0.99840E-31
 Bot Flux [L/T]     -0.24060E-12
 WatBalT  [L]       -0.31169E+00
 WatBalR  [%]              0.616
----------------------------------------------------------

----------------------------------------------------------
 Time       [T]      648.0000
----------------------------------------------------------
 Sub-region num.                     1
----------------------------------------------------------
 Length   [L]        0.15000E+03  0.15000E+03
 W-volume [L]        0.53809E+01  0.53809E+01
 In-flow  [L/T]     -0.26822E-06 -0.26822E-06
 h Mean   [L]       -0.41242E+04 -0.41242E+04
 Top Flux [L/T]      0.99840E-31
 Bot Flux [L/T]     -0.24059E-12
 WatBalT  [L]       -0.31169E+00
 WatBalR  [%]              0.616
----------------------------------------------------------

----------------------------------------------------------
 Time       [T]      649.0000
----------------------------------------------------------
 Sub-region num.                     1
----------------------------------------------------------
 Length   [L]        0.15000E+03  0.15000E+03
 W-volume [L]        0.53809E+01  0.53809E+01
 In-flow  [L/T]     -0.26822E-06 -0.26822E-06
 h Mean   [L]       -0.41242E+04 -0.41242E+04
 Top Flux [L/T]      0.99840E-31
 Bot Flux [L/T]     -0.24058E-12
 WatBalT  [L]       -0.31169E+00
 WatBalR  [%]              0.616
----------------------------------------------------------

----------------------------------------------------------
 Time       [T]      650.0000
----------------------------------------------------------
 Sub-region num.                     1
----------------------------------------------------------
 Length   [L]        0.15000E+03  0.15000E+03
 W-volume [L]        0.53809E+01  0.53809E+01
 In-flow  [L/T]     -0.23842E-06 -0.23842E-06
 h Mean   [L]       -0.41242E+04 -0.41242E+04
 Top Flux [L/T]      0.99840E-31
 Bot Flux [L/T]     -0.24057E-12
 WatBalT  [L]       -0.31169E+00
 WatBalR  [%]              0.616
----------------------------------------------------------

----------------------------------------------------------
 Time       [T]      651.0000
----------------------------------------------------------
 Sub-region num.                     1
----------------------------------------------------------
 Length   [L]        0.15000E+03  0.15000E+03
 W-volume [L]        0.53809E+01  0.53809E+01
 In-flow  [L/T]     -0.26822E-06 -0.26822E-06
 h Mean   [L]       -0.41242E+04 -0.41242E+04
 Top Flux [L/T]      0.99840E-31
 Bot Flux [L/T]     -0.24056E-12
 WatBalT  [L]       -0.31169E+00
 WatBalR  [%]              0.616
----------------------------------------------------------

----------------------------------------------------------
 Time       [T]      652.0000
----------------------------------------------------------
 Sub-region num.                     1
----------------------------------------------------------
 Length   [L]        0.15000E+03  0.15000E+03
 W-volume [L]        0.53808E+01  0.53808E+01
 In-flow  [L/T]     -0.26822E-06 -0.26822E-06
 h Mean   [L]       -0.41242E+04 -0.41242E+04
 Top Flux [L/T]      0.99840E-31
 Bot Flux [L/T]     -0.24055E-12
 WatBalT  [L]       -0.31169E+00
 WatBalR  [%]              0.616
----------------------------------------------------------

----------------------------------------------------------
 Time       [T]      653.0000
----------------------------------------------------------
 Sub-region num.                     1
----------------------------------------------------------
 Length   [L]        0.15000E+03  0.15000E+03
 W-volume [L]        0.53808E+01  0.53808E+01
 In-flow  [L/T]     -0.23842E-06 -0.23842E-06
 h Mean   [L]       -0.41242E+04 -0.41242E+04
 Top Flux [L/T]      0.99840E-31
 Bot Flux [L/T]     -0.24054E-12
 WatBalT  [L]       -0.31169E+00
 WatBalR  [%]              0.616
----------------------------------------------------------

----------------------------------------------------------
 Time       [T]      654.0000
----------------------------------------------------------
 Sub-region num.                     1
----------------------------------------------------------
 Length   [L]        0.15000E+03  0.15000E+03
 W-volume [L]        0.53808E+01  0.53808E+01
 In-flow  [L/T]     -0.23842E-06 -0.23842E-06
 h Mean   [L]       -0.41242E+04 -0.41242E+04
 Top Flux [L/T]      0.99840E-31
 Bot Flux [L/T]     -0.24053E-12
 WatBalT  [L]       -0.31169E+00
 WatBalR  [%]              0.616
----------------------------------------------------------

----------------------------------------------------------
 Time       [T]      655.0000
----------------------------------------------------------
 Sub-region num.                     1
----------------------------------------------------------
 Length   [L]        0.15000E+03  0.15000E+03
 W-volume [L]        0.53808E+01  0.53808E+01
 In-flow  [L/T]     -0.26822E-06 -0.26822E-06
 h Mean   [L]       -0.41242E+04 -0.41242E+04
 Top Flux [L/T]      0.99840E-31
 Bot Flux [L/T]     -0.24052E-12
 WatBalT  [L]       -0.31169E+00
 WatBalR  [%]              0.616
----------------------------------------------------------

----------------------------------------------------------
 Time       [T]      656.0000
----------------------------------------------------------
 Sub-region num.                     1
----------------------------------------------------------
 Length   [L]        0.15000E+03  0.15000E+03
 W-volume [L]        0.53808E+01  0.53808E+01
 In-flow  [L/T]     -0.26822E-06 -0.26822E-06
 h Mean   [L]       -0.41242E+04 -0.41242E+04
 Top Flux [L/T]      0.99840E-31
 Bot Flux [L/T]     -0.24050E-12
 WatBalT  [L]       -0.31169E+00
 WatBalR  [%]              0.616
----------------------------------------------------------

----------------------------------------------------------
 Time       [T]      657.0000
----------------------------------------------------------
 Sub-region num.                     1
----------------------------------------------------------
 Length   [L]        0.15000E+03  0.15000E+03
 W-volume [L]        0.53808E+01  0.53808E+01
 In-flow  [L/T]     -0.23842E-06 -0.23842E-06
 h Mean   [L]       -0.41242E+04 -0.41242E+04
 Top Flux [L/T]      0.99840E-31
 Bot Flux [L/T]     -0.24049E-12
 WatBalT  [L]       -0.31169E+00
 WatBalR  [%]              0.616
----------------------------------------------------------

----------------------------------------------------------
 Time       [T]      658.0000
----------------------------------------------------------
 Sub-region num.                     1
----------------------------------------------------------
 Length   [L]        0.15000E+03  0.15000E+03
 W-volume [L]        0.53808E+01  0.53808E+01
 In-flow  [L/T]     -0.26822E-06 -0.26822E-06
 h Mean   [L]       -0.41242E+04 -0.41242E+04
 Top Flux [L/T]      0.99840E-31
 Bot Flux [L/T]     -0.24048E-12
 WatBalT  [L]       -0.31169E+00
 WatBalR  [%]              0.616
----------------------------------------------------------

----------------------------------------------------------
 Time       [T]      659.0000
----------------------------------------------------------
 Sub-region num.                     1
----------------------------------------------------------
 Length   [L]        0.15000E+03  0.15000E+03
 W-volume [L]        0.53808E+01  0.53808E+01
 In-flow  [L/T]     -0.26822E-06 -0.26822E-06
 h Mean   [L]       -0.41242E+04 -0.41242E+04
 Top Flux [L/T]      0.99840E-31
 Bot Flux [L/T]     -0.24047E-12
 WatBalT  [L]       -0.31169E+00
 WatBalR  [%]              0.616
----------------------------------------------------------

----------------------------------------------------------
 Time       [T]      660.0000
----------------------------------------------------------
 Sub-region num.                     1
----------------------------------------------------------
 Length   [L]        0.15000E+03  0.15000E+03
 W-volume [L]        0.53808E+01  0.53808E+01
 In-flow  [L/T]     -0.23842E-06 -0.23842E-06
 h Mean   [L]       -0.41242E+04 -0.41242E+04
 Top Flux [L/T]      0.99840E-31
 Bot Flux [L/T]     -0.24046E-12
 WatBalT  [L]       -0.31169E+00
 WatBalR  [%]              0.616
----------------------------------------------------------

----------------------------------------------------------
 Time       [T]      661.0000
----------------------------------------------------------
 Sub-region num.                     1
----------------------------------------------------------
 Length   [L]        0.15000E+03  0.15000E+03
 W-volume [L]        0.53808E+01  0.53808E+01
 In-flow  [L/T]     -0.23842E-06 -0.23842E-06
 h Mean   [L]       -0.41242E+04 -0.41242E+04
 Top Flux [L/T]      0.99840E-31
 Bot Flux [L/T]     -0.24045E-12
 WatBalT  [L]       -0.31169E+00
 WatBalR  [%]              0.616
----------------------------------------------------------

----------------------------------------------------------
 Time       [T]      662.0000
----------------------------------------------------------
 Sub-region num.                     1
----------------------------------------------------------
 Length   [L]        0.15000E+03  0.15000E+03
 W-volume [L]        0.53808E+01  0.53808E+01
 In-flow  [L/T]     -0.26822E-06 -0.26822E-06
 h Mean   [L]       -0.41242E+04 -0.41242E+04
 Top Flux [L/T]      0.99840E-31
 Bot Flux [L/T]     -0.24044E-12
 WatBalT  [L]       -0.31169E+00
 WatBalR  [%]              0.616
----------------------------------------------------------

----------------------------------------------------------
 Time       [T]      663.0000
----------------------------------------------------------
 Sub-region num.                     1
----------------------------------------------------------
 Length   [L]        0.15000E+03  0.15000E+03
 W-volume [L]        0.53808E+01  0.53808E+01
 In-flow  [L/T]     -0.26822E-06 -0.26822E-06
 h Mean   [L]       -0.41242E+04 -0.41242E+04
 Top Flux [L/T]      0.99840E-31
 Bot Flux [L/T]     -0.24043E-12
 WatBalT  [L]       -0.31169E+00
 WatBalR  [%]              0.616
----------------------------------------------------------

----------------------------------------------------------
 Time       [T]      664.0000
----------------------------------------------------------
 Sub-region num.                     1
----------------------------------------------------------
 Length   [L]        0.15000E+03  0.15000E+03
 W-volume [L]        0.53808E+01  0.53808E+01
 In-flow  [L/T]     -0.23842E-06 -0.23842E-06
 h Mean   [L]       -0.41242E+04 -0.41242E+04
 Top Flux [L/T]      0.99840E-31
 Bot Flux [L/T]     -0.24042E-12
 WatBalT  [L]       -0.31169E+00
 WatBalR  [%]              0.616
----------------------------------------------------------

----------------------------------------------------------
 Time       [T]      665.0000
----------------------------------------------------------
 Sub-region num.                     1
----------------------------------------------------------
 Length   [L]        0.15000E+03  0.15000E+03
 W-volume [L]        0.53808E+01  0.53808E+01
 In-flow  [L/T]     -0.26822E-06 -0.26822E-06
 h Mean   [L]       -0.41242E+04 -0.41242E+04
 Top Flux [L/T]      0.99840E-31
 Bot Flux [L/T]     -0.24041E-12
 WatBalT  [L]       -0.31169E+00
 WatBalR  [%]              0.616
----------------------------------------------------------

----------------------------------------------------------
 Time       [T]      666.0000
----------------------------------------------------------
 Sub-region num.                     1
----------------------------------------------------------
 Length   [L]        0.15000E+03  0.15000E+03
 W-volume [L]        0.53808E+01  0.53808E+01
 In-flow  [L/T]     -0.26822E-06 -0.26822E-06
 h Mean   [L]       -0.41242E+04 -0.41242E+04
 Top Flux [L/T]      0.99840E-31
 Bot Flux [L/T]     -0.24040E-12
 WatBalT  [L]       -0.31169E+00
 WatBalR  [%]              0.616
----------------------------------------------------------

----------------------------------------------------------
 Time       [T]      667.0000
----------------------------------------------------------
 Sub-region num.                     1
----------------------------------------------------------
 Length   [L]        0.15000E+03  0.15000E+03
 W-volume [L]        0.53808E+01  0.53808E+01
 In-flow  [L/T]     -0.23842E-06 -0.23842E-06
 h Mean   [L]       -0.41242E+04 -0.41242E+04
 Top Flux [L/T]      0.99840E-31
 Bot Flux [L/T]     -0.24039E-12
 WatBalT  [L]       -0.31169E+00
 WatBalR  [%]              0.616
----------------------------------------------------------

----------------------------------------------------------
 Time       [T]      668.0000
----------------------------------------------------------
 Sub-region num.                     1
----------------------------------------------------------
 Length   [L]        0.15000E+03  0.15000E+03
 W-volume [L]        0.53808E+01  0.53808E+01
 In-flow  [L/T]     -0.23842E-06 -0.23842E-06
 h Mean   [L]       -0.41242E+04 -0.41242E+04
 Top Flux [L/T]      0.99840E-31
 Bot Flux [L/T]     -0.24038E-12
 WatBalT  [L]       -0.31169E+00
 WatBalR  [%]              0.616
----------------------------------------------------------

----------------------------------------------------------
 Time       [T]      669.0000
----------------------------------------------------------
 Sub-region num.                     1
----------------------------------------------------------
 Length   [L]        0.15000E+03  0.15000E+03
 W-volume [L]        0.53808E+01  0.53808E+01
 In-flow  [L/T]     -0.26822E-06 -0.26822E-06
 h Mean   [L]       -0.41242E+04 -0.41242E+04
 Top Flux [L/T]      0.99840E-31
 Bot Flux [L/T]     -0.24037E-12
 WatBalT  [L]       -0.31169E+00
 WatBalR  [%]              0.616
----------------------------------------------------------

----------------------------------------------------------
 Time       [T]      670.0000
----------------------------------------------------------
 Sub-region num.                     1
----------------------------------------------------------
 Length   [L]        0.15000E+03  0.15000E+03
 W-volume [L]        0.53808E+01  0.53808E+01
 In-flow  [L/T]     -0.26822E-06 -0.26822E-06
 h Mean   [L]       -0.41242E+04 -0.41242E+04
 Top Flux [L/T]      0.99840E-31
 Bot Flux [L/T]     -0.24036E-12
 WatBalT  [L]       -0.31169E+00
 WatBalR  [%]              0.616
----------------------------------------------------------

----------------------------------------------------------
 Time       [T]      671.0000
----------------------------------------------------------
 Sub-region num.                     1
----------------------------------------------------------
 Length   [L]        0.15000E+03  0.15000E+03
 W-volume [L]        0.53808E+01  0.53808E+01
 In-flow  [L/T]     -0.23842E-06 -0.23842E-06
 h Mean   [L]       -0.41242E+04 -0.41242E+04
 Top Flux [L/T]      0.99840E-31
 Bot Flux [L/T]     -0.24034E-12
 WatBalT  [L]       -0.31169E+00
 WatBalR  [%]              0.616
----------------------------------------------------------

----------------------------------------------------------
 Time       [T]      672.0000
----------------------------------------------------------
 Sub-region num.                     1
----------------------------------------------------------
 Length   [L]        0.15000E+03  0.15000E+03
 W-volume [L]        0.53808E+01  0.53808E+01
 In-flow  [L/T]     -0.23842E-06 -0.23842E-06
 h Mean   [L]       -0.41242E+04 -0.41242E+04
 Top Flux [L/T]      0.99840E-31
 Bot Flux [L/T]     -0.24033E-12
 WatBalT  [L]       -0.31169E+00
 WatBalR  [%]              0.616
----------------------------------------------------------

----------------------------------------------------------
 Time       [T]      673.0000
----------------------------------------------------------
 Sub-region num.                     1
----------------------------------------------------------
 Length   [L]        0.15000E+03  0.15000E+03
 W-volume [L]        0.53808E+01  0.53808E+01
 In-flow  [L/T]     -0.26822E-06 -0.26822E-06
 h Mean   [L]       -0.41242E+04 -0.41242E+04
 Top Flux [L/T]      0.99840E-31
 Bot Flux [L/T]     -0.24032E-12
 WatBalT  [L]       -0.31170E+00
 WatBalR  [%]              0.616
----------------------------------------------------------

----------------------------------------------------------
 Time       [T]      674.0000
----------------------------------------------------------
 Sub-region num.                     1
----------------------------------------------------------
 Length   [L]        0.15000E+03  0.15000E+03
 W-volume [L]        0.53808E+01  0.53808E+01
 In-flow  [L/T]     -0.23842E-06 -0.23842E-06
 h Mean   [L]       -0.41242E+04 -0.41242E+04
 Top Flux [L/T]      0.99840E-31
 Bot Flux [L/T]     -0.24031E-12
 WatBalT  [L]       -0.31170E+00
 WatBalR  [%]              0.616
----------------------------------------------------------

----------------------------------------------------------
 Time       [T]      675.0000
----------------------------------------------------------
 Sub-region num.                     1
----------------------------------------------------------
 Length   [L]        0.15000E+03  0.15000E+03
 W-volume [L]        0.53808E+01  0.53808E+01
 In-flow  [L/T]     -0.23842E-06 -0.23842E-06
 h Mean   [L]       -0.41242E+04 -0.41242E+04
 Top Flux [L/T]      0.99840E-31
 Bot Flux [L/T]     -0.24030E-12
 WatBalT  [L]       -0.31170E+00
 WatBalR  [%]              0.616
----------------------------------------------------------

----------------------------------------------------------
 Time       [T]      676.0000
----------------------------------------------------------
 Sub-region num.                     1
----------------------------------------------------------
 Length   [L]        0.15000E+03  0.15000E+03
 W-volume [L]        0.53808E+01  0.53808E+01
 In-flow  [L/T]     -0.26822E-06 -0.26822E-06
 h Mean   [L]       -0.41242E+04 -0.41242E+04
 Top Flux [L/T]      0.99840E-31
 Bot Flux [L/T]     -0.24029E-12
 WatBalT  [L]       -0.31170E+00
 WatBalR  [%]              0.616
----------------------------------------------------------

----------------------------------------------------------
 Time       [T]      677.0000
----------------------------------------------------------
 Sub-region num.                     1
----------------------------------------------------------
 Length   [L]        0.15000E+03  0.15000E+03
 W-volume [L]        0.53808E+01  0.53808E+01
 In-flow  [L/T]     -0.26822E-06 -0.26822E-06
 h Mean   [L]       -0.41242E+04 -0.41242E+04
 Top Flux [L/T]      0.99840E-31
 Bot Flux [L/T]     -0.24028E-12
 WatBalT  [L]       -0.31170E+00
 WatBalR  [%]              0.616
----------------------------------------------------------

----------------------------------------------------------
 Time       [T]      678.0000
----------------------------------------------------------
 Sub-region num.                     1
----------------------------------------------------------
 Length   [L]        0.15000E+03  0.15000E+03
 W-volume [L]        0.53808E+01  0.53808E+01
 In-flow  [L/T]     -0.23842E-06 -0.23842E-06
 h Mean   [L]       -0.41242E+04 -0.41242E+04
 Top Flux [L/T]      0.99840E-31
 Bot Flux [L/T]     -0.24027E-12
 WatBalT  [L]       -0.31170E+00
 WatBalR  [%]              0.616
----------------------------------------------------------

----------------------------------------------------------
 Time       [T]      679.0000
----------------------------------------------------------
 Sub-region num.                     1
----------------------------------------------------------
 Length   [L]        0.15000E+03  0.15000E+03
 W-volume [L]        0.53808E+01  0.53808E+01
 In-flow  [L/T]     -0.26822E-06 -0.26822E-06
 h Mean   [L]       -0.41242E+04 -0.41242E+04
 Top Flux [L/T]      0.99840E-31
 Bot Flux [L/T]     -0.24026E-12
 WatBalT  [L]       -0.31170E+00
 WatBalR  [%]              0.616
----------------------------------------------------------

----------------------------------------------------------
 Time       [T]      680.0000
----------------------------------------------------------
 Sub-region num.                     1
----------------------------------------------------------
 Length   [L]        0.15000E+03  0.15000E+03
 W-volume [L]        0.53808E+01  0.53808E+01
 In-flow  [L/T]     -0.26822E-06 -0.26822E-06
 h Mean   [L]       -0.41242E+04 -0.41242E+04
 Top Flux [L/T]      0.99840E-31
 Bot Flux [L/T]     -0.24025E-12
 WatBalT  [L]       -0.31170E+00
 WatBalR  [%]              0.616
----------------------------------------------------------

----------------------------------------------------------
 Time       [T]      681.0000
----------------------------------------------------------
 Sub-region num.                     1
----------------------------------------------------------
 Length   [L]        0.15000E+03  0.15000E+03
 W-volume [L]        0.53808E+01  0.53808E+01
 In-flow  [L/T]     -0.26822E-06 -0.26822E-06
 h Mean   [L]       -0.41242E+04 -0.41242E+04
 Top Flux [L/T]      0.99840E-31
 Bot Flux [L/T]     -0.24024E-12
 WatBalT  [L]       -0.31170E+00
 WatBalR  [%]              0.616
----------------------------------------------------------

----------------------------------------------------------
 Time       [T]      682.0000
----------------------------------------------------------
 Sub-region num.                     1
----------------------------------------------------------
 Length   [L]        0.15000E+03  0.15000E+03
 W-volume [L]        0.53808E+01  0.53808E+01
 In-flow  [L/T]     -0.23842E-06 -0.23842E-06
 h Mean   [L]       -0.41242E+04 -0.41242E+04
 Top Flux [L/T]      0.99840E-31
 Bot Flux [L/T]     -0.24023E-12
 WatBalT  [L]       -0.31170E+00
 WatBalR  [%]              0.616
----------------------------------------------------------

----------------------------------------------------------
 Time       [T]      683.0000
----------------------------------------------------------
 Sub-region num.                     1
----------------------------------------------------------
 Length   [L]        0.15000E+03  0.15000E+03
 W-volume [L]        0.53808E+01  0.53808E+01
 In-flow  [L/T]     -0.26822E-06 -0.26822E-06
 h Mean   [L]       -0.41242E+04 -0.41242E+04
 Top Flux [L/T]      0.99840E-31
 Bot Flux [L/T]     -0.24022E-12
 WatBalT  [L]       -0.31170E+00
 WatBalR  [%]              0.616
----------------------------------------------------------

----------------------------------------------------------
 Time       [T]      684.0000
----------------------------------------------------------
 Sub-region num.                     1
----------------------------------------------------------
 Length   [L]        0.15000E+03  0.15000E+03
 W-volume [L]        0.53808E+01  0.53808E+01
 In-flow  [L/T]     -0.23842E-06 -0.23842E-06
 h Mean   [L]       -0.41242E+04 -0.41242E+04
 Top Flux [L/T]      0.99840E-31
 Bot Flux [L/T]     -0.24021E-12
 WatBalT  [L]       -0.31170E+00
 WatBalR  [%]              0.616
----------------------------------------------------------

----------------------------------------------------------
 Time       [T]      685.0000
----------------------------------------------------------
 Sub-region num.                     1
----------------------------------------------------------
 Length   [L]        0.15000E+03  0.15000E+03
 W-volume [L]        0.53808E+01  0.53808E+01
 In-flow  [L/T]     -0.23842E-06 -0.23842E-06
 h Mean   [L]       -0.41242E+04 -0.41242E+04
 Top Flux [L/T]      0.99840E-31
 Bot Flux [L/T]      0.24020E-12
 WatBalT  [L]       -0.31170E+00
 WatBalR  [%]              0.616
----------------------------------------------------------

----------------------------------------------------------
 Time       [T]      686.0000
----------------------------------------------------------
 Sub-region num.                     1
----------------------------------------------------------
 Length   [L]        0.15000E+03  0.15000E+03
 W-volume [L]        0.53808E+01  0.53808E+01
 In-flow  [L/T]     -0.23842E-06 -0.23842E-06
 h Mean   [L]       -0.41242E+04 -0.41242E+04
 Top Flux [L/T]      0.99840E-31
 Bot Flux [L/T]      0.00000E+00
 WatBalT  [L]       -0.31170E+00
 WatBalR  [%]              0.616
----------------------------------------------------------

----------------------------------------------------------
 Time       [T]      687.0000
----------------------------------------------------------
 Sub-region num.                     1
----------------------------------------------------------
 Length   [L]        0.15000E+03  0.15000E+03
 W-volume [L]        0.53808E+01  0.53808E+01
 In-flow  [L/T]     -0.23842E-06 -0.23842E-06
 h Mean   [L]       -0.41242E+04 -0.41242E+04
 Top Flux [L/T]      0.99840E-31
 Bot Flux [L/T]      0.00000E+00
 WatBalT  [L]       -0.31170E+00
 WatBalR  [%]              0.616
----------------------------------------------------------

----------------------------------------------------------
 Time       [T]      688.0000
----------------------------------------------------------
 Sub-region num.                     1
----------------------------------------------------------
 Length   [L]        0.15000E+03  0.15000E+03
 W-volume [L]        0.53808E+01  0.53808E+01
 In-flow  [L/T]     -0.23842E-06 -0.23842E-06
 h Mean   [L]       -0.41242E+04 -0.41242E+04
 Top Flux [L/T]      0.99840E-31
 Bot Flux [L/T]      0.00000E+00
 WatBalT  [L]       -0.31170E+00
 WatBalR  [%]              0.616
----------------------------------------------------------

----------------------------------------------------------
 Time       [T]      689.0000
----------------------------------------------------------
 Sub-region num.                     1
----------------------------------------------------------
 Length   [L]        0.15000E+03  0.15000E+03
 W-volume [L]        0.53808E+01  0.53808E+01
 In-flow  [L/T]     -0.23842E-06 -0.23842E-06
 h Mean   [L]       -0.41242E+04 -0.41242E+04
 Top Flux [L/T]      0.99840E-31
 Bot Flux [L/T]      0.24016E-12
 WatBalT  [L]       -0.31170E+00
 WatBalR  [%]              0.616
----------------------------------------------------------

----------------------------------------------------------
 Time       [T]      690.0000
----------------------------------------------------------
 Sub-region num.                     1
----------------------------------------------------------
 Length   [L]        0.15000E+03  0.15000E+03
 W-volume [L]        0.53808E+01  0.53808E+01
 In-flow  [L/T]     -0.23842E-06 -0.23842E-06
 h Mean   [L]       -0.41242E+04 -0.41242E+04
 Top Flux [L/T]      0.99840E-31
 Bot Flux [L/T]      0.24015E-12
 WatBalT  [L]       -0.31170E+00
 WatBalR  [%]              0.616
----------------------------------------------------------

----------------------------------------------------------
 Time       [T]      691.0000
----------------------------------------------------------
 Sub-region num.                     1
----------------------------------------------------------
 Length   [L]        0.15000E+03  0.15000E+03
 W-volume [L]        0.53808E+01  0.53808E+01
 In-flow  [L/T]     -0.23842E-06 -0.23842E-06
 h Mean   [L]       -0.41242E+04 -0.41242E+04
 Top Flux [L/T]      0.99840E-31
 Bot Flux [L/T]      0.24014E-12
 WatBalT  [L]       -0.31170E+00
 WatBalR  [%]              0.616
----------------------------------------------------------

----------------------------------------------------------
 Time       [T]      692.0000
----------------------------------------------------------
 Sub-region num.                     1
----------------------------------------------------------
 Length   [L]        0.15000E+03  0.15000E+03
 W-volume [L]        0.53808E+01  0.53808E+01
 In-flow  [L/T]     -0.23842E-06 -0.23842E-06
 h Mean   [L]       -0.41242E+04 -0.41242E+04
 Top Flux [L/T]      0.99840E-31
 Bot Flux [L/T]      0.00000E+00
 WatBalT  [L]       -0.31170E+00
 WatBalR  [%]              0.616
----------------------------------------------------------

----------------------------------------------------------
 Time       [T]      693.0000
----------------------------------------------------------
 Sub-region num.                     1
----------------------------------------------------------
 Length   [L]        0.15000E+03  0.15000E+03
 W-volume [L]        0.53808E+01  0.53808E+01
 In-flow  [L/T]     -0.23842E-06 -0.23842E-06
 h Mean   [L]       -0.41242E+04 -0.41242E+04
 Top Flux [L/T]      0.99840E-31
 Bot Flux [L/T]      0.24012E-12
 WatBalT  [L]       -0.31170E+00
 WatBalR  [%]              0.616
----------------------------------------------------------

----------------------------------------------------------
 Time       [T]      694.0000
----------------------------------------------------------
 Sub-region num.                     1
----------------------------------------------------------
 Length   [L]        0.15000E+03  0.15000E+03
 W-volume [L]        0.53808E+01  0.53808E+01
 In-flow  [L/T]     -0.23842E-06 -0.23842E-06
 h Mean   [L]       -0.41242E+04 -0.41242E+04
 Top Flux [L/T]      0.99840E-31
 Bot Flux [L/T]      0.24011E-12
 WatBalT  [L]       -0.31170E+00
 WatBalR  [%]              0.616
----------------------------------------------------------

----------------------------------------------------------
 Time       [T]      695.0000
----------------------------------------------------------
 Sub-region num.                     1
----------------------------------------------------------
 Length   [L]        0.15000E+03  0.15000E+03
 W-volume [L]        0.53808E+01  0.53808E+01
 In-flow  [L/T]     -0.23842E-06 -0.23842E-06
 h Mean   [L]       -0.41242E+04 -0.41242E+04
 Top Flux [L/T]      0.99840E-31
 Bot Flux [L/T]      0.24010E-12
 WatBalT  [L]       -0.31170E+00
 WatBalR  [%]              0.616
----------------------------------------------------------

----------------------------------------------------------
 Time       [T]      696.0000
----------------------------------------------------------
 Sub-region num.                     1
----------------------------------------------------------
 Length   [L]        0.15000E+03  0.15000E+03
 W-volume [L]        0.53808E+01  0.53808E+01
 In-flow  [L/T]     -0.23842E-06 -0.23842E-06
 h Mean   [L]       -0.41242E+04 -0.41242E+04
 Top Flux [L/T]      0.99840E-31
 Bot Flux [L/T]      0.24009E-12
 WatBalT  [L]       -0.31170E+00
 WatBalR  [%]              0.616
----------------------------------------------------------

----------------------------------------------------------
 Time       [T]      697.0000
----------------------------------------------------------
 Sub-region num.                     1
----------------------------------------------------------
 Length   [L]        0.15000E+03  0.15000E+03
 W-volume [L]        0.53808E+01  0.53808E+01
 In-flow  [L/T]     -0.23842E-06 -0.23842E-06
 h Mean   [L]       -0.41242E+04 -0.41242E+04
 Top Flux [L/T]      0.99840E-31
 Bot Flux [L/T]      0.24008E-12
 WatBalT  [L]       -0.31170E+00
 WatBalR  [%]              0.616
----------------------------------------------------------

----------------------------------------------------------
 Time       [T]      698.0000
----------------------------------------------------------
 Sub-region num.                     1
----------------------------------------------------------
 Length   [L]        0.15000E+03  0.15000E+03
 W-volume [L]        0.53808E+01  0.53808E+01
 In-flow  [L/T]     -0.23842E-06 -0.23842E-06
 h Mean   [L]       -0.41242E+04 -0.41242E+04
 Top Flux [L/T]      0.99840E-31
 Bot Flux [L/T]      0.24007E-12
 WatBalT  [L]       -0.31170E+00
 WatBalR  [%]              0.616
----------------------------------------------------------

----------------------------------------------------------
 Time       [T]      699.0000
----------------------------------------------------------
 Sub-region num.                     1
----------------------------------------------------------
 Length   [L]        0.15000E+03  0.15000E+03
 W-volume [L]        0.53808E+01  0.53808E+01
 In-flow  [L/T]     -0.23842E-06 -0.23842E-06
 h Mean   [L]       -0.41242E+04 -0.41242E+04
 Top Flux [L/T]      0.99840E-31
 Bot Flux [L/T]      0.24006E-12
 WatBalT  [L]       -0.31170E+00
 WatBalR  [%]              0.616
----------------------------------------------------------

----------------------------------------------------------
 Time       [T]      700.0000
----------------------------------------------------------
 Sub-region num.                     1
----------------------------------------------------------
 Length   [L]        0.15000E+03  0.15000E+03
 W-volume [L]        0.53808E+01  0.53808E+01
 In-flow  [L/T]     -0.23842E-06 -0.23842E-06
 h Mean   [L]       -0.41242E+04 -0.41242E+04
 Top Flux [L/T]      0.99840E-31
 Bot Flux [L/T]      0.24005E-12
 WatBalT  [L]       -0.31170E+00
 WatBalR  [%]              0.616
----------------------------------------------------------

----------------------------------------------------------
 Time       [T]      701.0000
----------------------------------------------------------
 Sub-region num.                     1
----------------------------------------------------------
 Length   [L]        0.15000E+03  0.15000E+03
 W-volume [L]        0.53808E+01  0.53808E+01
 In-flow  [L/T]     -0.23842E-06 -0.23842E-06
 h Mean   [L]       -0.41242E+04 -0.41242E+04
 Top Flux [L/T]      0.99840E-31
 Bot Flux [L/T]      0.24004E-12
 WatBalT  [L]       -0.31170E+00
 WatBalR  [%]              0.616
----------------------------------------------------------

----------------------------------------------------------
 Time       [T]      702.0000
----------------------------------------------------------
 Sub-region num.                     1
----------------------------------------------------------
 Length   [L]        0.15000E+03  0.15000E+03
 W-volume [L]        0.53808E+01  0.53808E+01
 In-flow  [L/T]     -0.23842E-06 -0.23842E-06
 h Mean   [L]       -0.41242E+04 -0.41242E+04
 Top Flux [L/T]      0.99840E-31
 Bot Flux [L/T]      0.24003E-12
 WatBalT  [L]       -0.31170E+00
 WatBalR  [%]              0.616
----------------------------------------------------------

----------------------------------------------------------
 Time       [T]      703.0000
----------------------------------------------------------
 Sub-region num.                     1
----------------------------------------------------------
 Length   [L]        0.15000E+03  0.15000E+03
 W-volume [L]        0.53808E+01  0.53808E+01
 In-flow  [L/T]     -0.23842E-06 -0.23842E-06
 h Mean   [L]       -0.41242E+04 -0.41242E+04
 Top Flux [L/T]      0.99840E-31
 Bot Flux [L/T]      0.24002E-12
 WatBalT  [L]       -0.31170E+00
 WatBalR  [%]              0.616
----------------------------------------------------------

----------------------------------------------------------
 Time       [T]      704.0000
----------------------------------------------------------
 Sub-region num.                     1
----------------------------------------------------------
 Length   [L]        0.15000E+03  0.15000E+03
 W-volume [L]        0.53808E+01  0.53808E+01
 In-flow  [L/T]     -0.23842E-06 -0.23842E-06
 h Mean   [L]       -0.41242E+04 -0.41242E+04
 Top Flux [L/T]      0.99840E-31
 Bot Flux [L/T]      0.24001E-12
 WatBalT  [L]       -0.31170E+00
 WatBalR  [%]              0.616
----------------------------------------------------------

----------------------------------------------------------
 Time       [T]      705.0000
----------------------------------------------------------
 Sub-region num.                     1
----------------------------------------------------------
 Length   [L]        0.15000E+03  0.15000E+03
 W-volume [L]        0.53808E+01  0.53808E+01
 In-flow  [L/T]     -0.23842E-06 -0.23842E-06
 h Mean   [L]       -0.41242E+04 -0.41242E+04
 Top Flux [L/T]      0.99840E-31
 Bot Flux [L/T]      0.24000E-12
 WatBalT  [L]       -0.31170E+00
 WatBalR  [%]              0.616
----------------------------------------------------------

----------------------------------------------------------
 Time       [T]      706.0000
----------------------------------------------------------
 Sub-region num.                     1
----------------------------------------------------------
 Length   [L]        0.15000E+03  0.15000E+03
 W-volume [L]        0.53808E+01  0.53808E+01
 In-flow  [L/T]     -0.23842E-06 -0.23842E-06
 h Mean   [L]       -0.41242E+04 -0.41242E+04
 Top Flux [L/T]      0.99840E-31
 Bot Flux [L/T]      0.23999E-12
 WatBalT  [L]       -0.31170E+00
 WatBalR  [%]              0.616
----------------------------------------------------------

----------------------------------------------------------
 Time       [T]      707.0000
----------------------------------------------------------
 Sub-region num.                     1
----------------------------------------------------------
 Length   [L]        0.15000E+03  0.15000E+03
 W-volume [L]        0.53808E+01  0.53808E+01
 In-flow  [L/T]     -0.23842E-06 -0.23842E-06
 h Mean   [L]       -0.41242E+04 -0.41242E+04
 Top Flux [L/T]      0.99840E-31
 Bot Flux [L/T]      0.23998E-12
 WatBalT  [L]       -0.31170E+00
 WatBalR  [%]              0.616
----------------------------------------------------------

----------------------------------------------------------
 Time       [T]      708.0000
----------------------------------------------------------
 Sub-region num.                     1
----------------------------------------------------------
 Length   [L]        0.15000E+03  0.15000E+03
 W-volume [L]        0.53808E+01  0.53808E+01
 In-flow  [L/T]     -0.23842E-06 -0.23842E-06
 h Mean   [L]       -0.41242E+04 -0.41242E+04
 Top Flux [L/T]      0.99840E-31
 Bot Flux [L/T]      0.23997E-12
 WatBalT  [L]       -0.31170E+00
 WatBalR  [%]              0.616
----------------------------------------------------------

----------------------------------------------------------
 Time       [T]      709.0000
----------------------------------------------------------
 Sub-region num.                     1
----------------------------------------------------------
 Length   [L]        0.15000E+03  0.15000E+03
 W-volume [L]        0.53808E+01  0.53808E+01
 In-flow  [L/T]     -0.23842E-06 -0.23842E-06
 h Mean   [L]       -0.41242E+04 -0.41242E+04
 Top Flux [L/T]      0.99840E-31
 Bot Flux [L/T]      0.23996E-12
 WatBalT  [L]       -0.31170E+00
 WatBalR  [%]              0.616
----------------------------------------------------------

----------------------------------------------------------
 Time       [T]      710.0000
----------------------------------------------------------
 Sub-region num.                     1
----------------------------------------------------------
 Length   [L]        0.15000E+03  0.15000E+03
 W-volume [L]        0.53808E+01  0.53808E+01
 In-flow  [L/T]     -0.23842E-06 -0.23842E-06
 h Mean   [L]       -0.41242E+04 -0.41242E+04
 Top Flux [L/T]      0.99840E-31
 Bot Flux [L/T]      0.23995E-12
 WatBalT  [L]       -0.31170E+00
 WatBalR  [%]              0.616
----------------------------------------------------------

----------------------------------------------------------
 Time       [T]      711.0000
----------------------------------------------------------
 Sub-region num.                     1
----------------------------------------------------------
 Length   [L]        0.15000E+03  0.15000E+03
 W-volume [L]        0.53808E+01  0.53808E+01
 In-flow  [L/T]     -0.23842E-06 -0.23842E-06
 h Mean   [L]       -0.41242E+04 -0.41242E+04
 Top Flux [L/T]      0.99840E-31
 Bot Flux [L/T]      0.23994E-12
 WatBalT  [L]       -0.31170E+00
 WatBalR  [%]              0.616
----------------------------------------------------------

----------------------------------------------------------
 Time       [T]      712.0000
----------------------------------------------------------
 Sub-region num.                     1
----------------------------------------------------------
 Length   [L]        0.15000E+03  0.15000E+03
 W-volume [L]        0.53808E+01  0.53808E+01
 In-flow  [L/T]     -0.23842E-06 -0.23842E-06
 h Mean   [L]       -0.41242E+04 -0.41242E+04
 Top Flux [L/T]      0.99840E-31
 Bot Flux [L/T]      0.23993E-12
 WatBalT  [L]       -0.31170E+00
 WatBalR  [%]              0.616
----------------------------------------------------------

----------------------------------------------------------
 Time       [T]      713.0000
----------------------------------------------------------
 Sub-region num.                     1
----------------------------------------------------------
 Length   [L]        0.15000E+03  0.15000E+03
 W-volume [L]        0.53808E+01  0.53808E+01
 In-flow  [L/T]     -0.23842E-06 -0.23842E-06
 h Mean   [L]       -0.41242E+04 -0.41242E+04
 Top Flux [L/T]      0.99840E-31
 Bot Flux [L/T]      0.23992E-12
 WatBalT  [L]       -0.31170E+00
 WatBalR  [%]              0.616
----------------------------------------------------------

----------------------------------------------------------
 Time       [T]      714.0000
----------------------------------------------------------
 Sub-region num.                     1
----------------------------------------------------------
 Length   [L]        0.15000E+03  0.15000E+03
 W-volume [L]        0.53808E+01  0.53808E+01
 In-flow  [L/T]     -0.23842E-06 -0.23842E-06
 h Mean   [L]       -0.41242E+04 -0.41242E+04
 Top Flux [L/T]      0.99840E-31
 Bot Flux [L/T]      0.23991E-12
 WatBalT  [L]       -0.31170E+00
 WatBalR  [%]              0.616
----------------------------------------------------------

----------------------------------------------------------
 Time       [T]      715.0000
----------------------------------------------------------
 Sub-region num.                     1
----------------------------------------------------------
 Length   [L]        0.15000E+03  0.15000E+03
 W-volume [L]        0.53808E+01  0.53808E+01
 In-flow  [L/T]     -0.23842E-06 -0.23842E-06
 h Mean   [L]       -0.41242E+04 -0.41242E+04
 Top Flux [L/T]      0.99840E-31
 Bot Flux [L/T]      0.23990E-12
 WatBalT  [L]       -0.31170E+00
 WatBalR  [%]              0.616
----------------------------------------------------------

----------------------------------------------------------
 Time       [T]      716.0000
----------------------------------------------------------
 Sub-region num.                     1
----------------------------------------------------------
 Length   [L]        0.15000E+03  0.15000E+03
 W-volume [L]        0.53808E+01  0.53808E+01
 In-flow  [L/T]     -0.23842E-06 -0.23842E-06
 h Mean   [L]       -0.41242E+04 -0.41242E+04
 Top Flux [L/T]      0.99840E-31
 Bot Flux [L/T]      0.23989E-12
 WatBalT  [L]       -0.31170E+00
 WatBalR  [%]              0.616
----------------------------------------------------------

----------------------------------------------------------
 Time       [T]      717.0000
----------------------------------------------------------
 Sub-region num.                     1
----------------------------------------------------------
 Length   [L]        0.15000E+03  0.15000E+03
 W-volume [L]        0.53808E+01  0.53808E+01
 In-flow  [L/T]     -0.23842E-06 -0.23842E-06
 h Mean   [L]       -0.41242E+04 -0.41242E+04
 Top Flux [L/T]      0.99840E-31
 Bot Flux [L/T]      0.23988E-12
 WatBalT  [L]       -0.31170E+00
 WatBalR  [%]              0.616
----------------------------------------------------------

----------------------------------------------------------
 Time       [T]      718.0000
----------------------------------------------------------
 Sub-region num.                     1
----------------------------------------------------------
 Length   [L]        0.15000E+03  0.15000E+03
 W-volume [L]        0.53808E+01  0.53808E+01
 In-flow  [L/T]     -0.23842E-06 -0.23842E-06
 h Mean   [L]       -0.41242E+04 -0.41242E+04
 Top Flux [L/T]      0.99840E-31
 Bot Flux [L/T]      0.23987E-12
 WatBalT  [L]       -0.31170E+00
 WatBalR  [%]              0.616
----------------------------------------------------------

----------------------------------------------------------
 Time       [T]      719.0000
----------------------------------------------------------
 Sub-region num.                     1
----------------------------------------------------------
 Length   [L]        0.15000E+03  0.15000E+03
 W-volume [L]        0.53808E+01  0.53808E+01
 In-flow  [L/T]     -0.23842E-06 -0.23842E-06
 h Mean   [L]       -0.41242E+04 -0.41242E+04
 Top Flux [L/T]      0.99840E-31
 Bot Flux [L/T]      0.23986E-12
 WatBalT  [L]       -0.31170E+00
 WatBalR  [%]              0.616
----------------------------------------------------------

----------------------------------------------------------
 Time       [T]      720.0000
----------------------------------------------------------
 Sub-region num.                     1
----------------------------------------------------------
 Length   [L]        0.15000E+03  0.15000E+03
 W-volume [L]        0.53808E+01  0.53808E+01
 In-flow  [L/T]     -0.23842E-06 -0.23842E-06
 h Mean   [L]       -0.41242E+04 -0.41242E+04
 Top Flux [L/T]      0.99840E-31
 Bot Flux [L/T]      0.23985E-12
 WatBalT  [L]       -0.31171E+00
 WatBalR  [%]              0.616
----------------------------------------------------------

----------------------------------------------------------
 Time       [T]      721.0000
----------------------------------------------------------
 Sub-region num.                     1
----------------------------------------------------------
 Length   [L]        0.15000E+03  0.15000E+03
 W-volume [L]        0.53808E+01  0.53808E+01
 In-flow  [L/T]     -0.23842E-06 -0.23842E-06
 h Mean   [L]       -0.41242E+04 -0.41242E+04
 Top Flux [L/T]      0.99840E-31
 Bot Flux [L/T]      0.23984E-12
 WatBalT  [L]       -0.31171E+00
 WatBalR  [%]              0.616
----------------------------------------------------------

----------------------------------------------------------
 Time       [T]      722.0000
----------------------------------------------------------
 Sub-region num.                     1
----------------------------------------------------------
 Length   [L]        0.15000E+03  0.15000E+03
 W-volume [L]        0.53808E+01  0.53808E+01
 In-flow  [L/T]     -0.23842E-06 -0.23842E-06
 h Mean   [L]       -0.41242E+04 -0.41242E+04
 Top Flux [L/T]      0.99840E-31
 Bot Flux [L/T]      0.23983E-12
 WatBalT  [L]       -0.31171E+00
 WatBalR  [%]              0.616
----------------------------------------------------------

----------------------------------------------------------
 Time       [T]      723.0000
----------------------------------------------------------
 Sub-region num.                     1
----------------------------------------------------------
 Length   [L]        0.15000E+03  0.15000E+03
 W-volume [L]        0.53808E+01  0.53808E+01
 In-flow  [L/T]     -0.23842E-06 -0.23842E-06
 h Mean   [L]       -0.41242E+04 -0.41242E+04
 Top Flux [L/T]      0.99840E-31
 Bot Flux [L/T]      0.23982E-12
 WatBalT  [L]       -0.31171E+00
 WatBalR  [%]              0.616
----------------------------------------------------------

----------------------------------------------------------
 Time       [T]      724.0000
----------------------------------------------------------
 Sub-region num.                     1
----------------------------------------------------------
 Length   [L]        0.15000E+03  0.15000E+03
 W-volume [L]        0.53808E+01  0.53808E+01
 In-flow  [L/T]     -0.23842E-06 -0.23842E-06
 h Mean   [L]       -0.41242E+04 -0.41242E+04
 Top Flux [L/T]      0.99840E-31
 Bot Flux [L/T]      0.23981E-12
 WatBalT  [L]       -0.31171E+00
 WatBalR  [%]              0.616
----------------------------------------------------------

----------------------------------------------------------
 Time       [T]      725.0000
----------------------------------------------------------
 Sub-region num.                     1
----------------------------------------------------------
 Length   [L]        0.15000E+03  0.15000E+03
 W-volume [L]        0.53808E+01  0.53808E+01
 In-flow  [L/T]     -0.23842E-06 -0.23842E-06
 h Mean   [L]       -0.41242E+04 -0.41242E+04
 Top Flux [L/T]      0.99840E-31
 Bot Flux [L/T]      0.23980E-12
 WatBalT  [L]       -0.31171E+00
 WatBalR  [%]              0.616
----------------------------------------------------------

----------------------------------------------------------
 Time       [T]      726.0000
----------------------------------------------------------
 Sub-region num.                     1
----------------------------------------------------------
 Length   [L]        0.15000E+03  0.15000E+03
 W-volume [L]        0.53808E+01  0.53808E+01
 In-flow  [L/T]     -0.23842E-06 -0.23842E-06
 h Mean   [L]       -0.41242E+04 -0.41242E+04
 Top Flux [L/T]      0.99840E-31
 Bot Flux [L/T]      0.23979E-12
 WatBalT  [L]       -0.31171E+00
 WatBalR  [%]              0.616
----------------------------------------------------------

----------------------------------------------------------
 Time       [T]      727.0000
----------------------------------------------------------
 Sub-region num.                     1
----------------------------------------------------------
 Length   [L]        0.15000E+03  0.15000E+03
 W-volume [L]        0.53808E+01  0.53808E+01
 In-flow  [L/T]     -0.23842E-06 -0.23842E-06
 h Mean   [L]       -0.41242E+04 -0.41242E+04
 Top Flux [L/T]      0.99840E-31
 Bot Flux [L/T]      0.23978E-12
 WatBalT  [L]       -0.31171E+00
 WatBalR  [%]              0.616
----------------------------------------------------------

----------------------------------------------------------
 Time       [T]      728.0000
----------------------------------------------------------
 Sub-region num.                     1
----------------------------------------------------------
 Length   [L]        0.15000E+03  0.15000E+03
 W-volume [L]        0.53808E+01  0.53808E+01
 In-flow  [L/T]     -0.23842E-06 -0.23842E-06
 h Mean   [L]       -0.41242E+04 -0.41242E+04
 Top Flux [L/T]      0.99840E-31
 Bot Flux [L/T]      0.23977E-12
 WatBalT  [L]       -0.31171E+00
 WatBalR  [%]              0.616
----------------------------------------------------------

----------------------------------------------------------
 Time       [T]      729.0000
----------------------------------------------------------
 Sub-region num.                     1
----------------------------------------------------------
 Length   [L]        0.15000E+03  0.15000E+03
 W-volume [L]        0.53808E+01  0.53808E+01
 In-flow  [L/T]     -0.23842E-06 -0.23842E-06
 h Mean   [L]       -0.41242E+04 -0.41242E+04
 Top Flux [L/T]      0.99840E-31
 Bot Flux [L/T]      0.23976E-12
 WatBalT  [L]       -0.31171E+00
 WatBalR  [%]              0.616
----------------------------------------------------------

----------------------------------------------------------
 Time       [T]      730.0000
----------------------------------------------------------
 Sub-region num.                     1
----------------------------------------------------------
 Length   [L]        0.15000E+03  0.15000E+03
 W-volume [L]        0.53808E+01  0.53808E+01
 In-flow  [L/T]     -0.23842E-06 -0.23842E-06
 h Mean   [L]       -0.41242E+04 -0.41242E+04
 Top Flux [L/T]      0.99840E-31
 Bot Flux [L/T]      0.23975E-12
 WatBalT  [L]       -0.31171E+00
 WatBalR  [%]              0.616
----------------------------------------------------------

----------------------------------------------------------
 Time       [T]      731.0000
----------------------------------------------------------
 Sub-region num.                     1
----------------------------------------------------------
 Length   [L]        0.15000E+03  0.15000E+03
 W-volume [L]        0.53808E+01  0.53808E+01
 In-flow  [L/T]     -0.23842E-06 -0.23842E-06
 h Mean   [L]       -0.41242E+04 -0.41242E+04
 Top Flux [L/T]      0.99840E-31
 Bot Flux [L/T]      0.23974E-12
 WatBalT  [L]       -0.31171E+00
 WatBalR  [%]              0.616
----------------------------------------------------------

----------------------------------------------------------
 Time       [T]      732.0000
----------------------------------------------------------
 Sub-region num.                     1
----------------------------------------------------------
 Length   [L]        0.15000E+03  0.15000E+03
 W-volume [L]        0.53808E+01  0.53808E+01
 In-flow  [L/T]     -0.23842E-06 -0.23842E-06
 h Mean   [L]       -0.41242E+04 -0.41242E+04
 Top Flux [L/T]      0.99840E-31
 Bot Flux [L/T]      0.23973E-12
 WatBalT  [L]       -0.31171E+00
 WatBalR  [%]              0.616
----------------------------------------------------------

----------------------------------------------------------
 Time       [T]      733.0000
----------------------------------------------------------
 Sub-region num.                     1
----------------------------------------------------------
 Length   [L]        0.15000E+03  0.15000E+03
 W-volume [L]        0.53808E+01  0.53808E+01
 In-flow  [L/T]     -0.23842E-06 -0.23842E-06
 h Mean   [L]       -0.41242E+04 -0.41242E+04
 Top Flux [L/T]      0.99840E-31
 Bot Flux [L/T]      0.23972E-12
 WatBalT  [L]       -0.31171E+00
 WatBalR  [%]              0.616
----------------------------------------------------------

----------------------------------------------------------
 Time       [T]      734.0000
----------------------------------------------------------
 Sub-region num.                     1
----------------------------------------------------------
 Length   [L]        0.15000E+03  0.15000E+03
 W-volume [L]        0.53808E+01  0.53808E+01
 In-flow  [L/T]     -0.23842E-06 -0.23842E-06
 h Mean   [L]       -0.41242E+04 -0.41242E+04
 Top Flux [L/T]      0.99840E-31
 Bot Flux [L/T]      0.23971E-12
 WatBalT  [L]       -0.31171E+00
 WatBalR  [%]              0.616
----------------------------------------------------------

----------------------------------------------------------
 Time       [T]      735.0000
----------------------------------------------------------
 Sub-region num.                     1
----------------------------------------------------------
 Length   [L]        0.15000E+03  0.15000E+03
 W-volume [L]        0.53808E+01  0.53808E+01
 In-flow  [L/T]     -0.23842E-06 -0.23842E-06
 h Mean   [L]       -0.41242E+04 -0.41242E+04
 Top Flux [L/T]      0.99840E-31
 Bot Flux [L/T]      0.23970E-12
 WatBalT  [L]       -0.31171E+00
 WatBalR  [%]              0.616
----------------------------------------------------------

----------------------------------------------------------
 Time       [T]      736.0000
----------------------------------------------------------
 Sub-region num.                     1
----------------------------------------------------------
 Length   [L]        0.15000E+03  0.15000E+03
 W-volume [L]        0.53808E+01  0.53808E+01
 In-flow  [L/T]     -0.23842E-06 -0.23842E-06
 h Mean   [L]       -0.41242E+04 -0.41242E+04
 Top Flux [L/T]      0.99840E-31
 Bot Flux [L/T]      0.23969E-12
 WatBalT  [L]       -0.31171E+00
 WatBalR  [%]              0.616
----------------------------------------------------------

----------------------------------------------------------
 Time       [T]      737.0000
----------------------------------------------------------
 Sub-region num.                     1
----------------------------------------------------------
 Length   [L]        0.15000E+03  0.15000E+03
 W-volume [L]        0.53808E+01  0.53808E+01
 In-flow  [L/T]     -0.23842E-06 -0.23842E-06
 h Mean   [L]       -0.41242E+04 -0.41242E+04
 Top Flux [L/T]      0.99840E-31
 Bot Flux [L/T]      0.23968E-12
 WatBalT  [L]       -0.31171E+00
 WatBalR  [%]              0.616
----------------------------------------------------------

----------------------------------------------------------
 Time       [T]      738.0000
----------------------------------------------------------
 Sub-region num.                     1
----------------------------------------------------------
 Length   [L]        0.15000E+03  0.15000E+03
 W-volume [L]        0.53808E+01  0.53808E+01
 In-flow  [L/T]     -0.23842E-06 -0.23842E-06
 h Mean   [L]       -0.41242E+04 -0.41242E+04
 Top Flux [L/T]      0.99840E-31
 Bot Flux [L/T]      0.23967E-12
 WatBalT  [L]       -0.31171E+00
 WatBalR  [%]              0.616
----------------------------------------------------------

----------------------------------------------------------
 Time       [T]      739.0000
----------------------------------------------------------
 Sub-region num.                     1
----------------------------------------------------------
 Length   [L]        0.15000E+03  0.15000E+03
 W-volume [L]        0.53808E+01  0.53808E+01
 In-flow  [L/T]     -0.23842E-06 -0.23842E-06
 h Mean   [L]       -0.41242E+04 -0.41242E+04
 Top Flux [L/T]      0.99840E-31
 Bot Flux [L/T]      0.23966E-12
 WatBalT  [L]       -0.31171E+00
 WatBalR  [%]              0.616
----------------------------------------------------------

----------------------------------------------------------
 Time       [T]      740.0000
----------------------------------------------------------
 Sub-region num.                     1
----------------------------------------------------------
 Length   [L]        0.15000E+03  0.15000E+03
 W-volume [L]        0.53808E+01  0.53808E+01
 In-flow  [L/T]     -0.23842E-06 -0.23842E-06
 h Mean   [L]       -0.41242E+04 -0.41242E+04
 Top Flux [L/T]      0.99840E-31
 Bot Flux [L/T]      0.23965E-12
 WatBalT  [L]       -0.31171E+00
 WatBalR  [%]              0.616
----------------------------------------------------------

----------------------------------------------------------
 Time       [T]      741.0000
----------------------------------------------------------
 Sub-region num.                     1
----------------------------------------------------------
 Length   [L]        0.15000E+03  0.15000E+03
 W-volume [L]        0.53808E+01  0.53808E+01
 In-flow  [L/T]     -0.23842E-06 -0.23842E-06
 h Mean   [L]       -0.41242E+04 -0.41242E+04
 Top Flux [L/T]      0.99840E-31
 Bot Flux [L/T]      0.23964E-12
 WatBalT  [L]       -0.31171E+00
 WatBalR  [%]              0.616
----------------------------------------------------------

----------------------------------------------------------
 Time       [T]      742.0000
----------------------------------------------------------
 Sub-region num.                     1
----------------------------------------------------------
 Length   [L]        0.15000E+03  0.15000E+03
 W-volume [L]        0.53808E+01  0.53808E+01
 In-flow  [L/T]     -0.23842E-06 -0.23842E-06
 h Mean   [L]       -0.41242E+04 -0.41242E+04
 Top Flux [L/T]      0.99840E-31
 Bot Flux [L/T]      0.23963E-12
 WatBalT  [L]       -0.31171E+00
 WatBalR  [%]              0.616
----------------------------------------------------------

----------------------------------------------------------
 Time       [T]      743.0000
----------------------------------------------------------
 Sub-region num.                     1
----------------------------------------------------------
 Length   [L]        0.15000E+03  0.15000E+03
 W-volume [L]        0.53808E+01  0.53808E+01
 In-flow  [L/T]     -0.23842E-06 -0.23842E-06
 h Mean   [L]       -0.41242E+04 -0.41242E+04
 Top Flux [L/T]      0.99840E-31
 Bot Flux [L/T]      0.23962E-12
 WatBalT  [L]       -0.31171E+00
 WatBalR  [%]              0.616
----------------------------------------------------------

----------------------------------------------------------
 Time       [T]      744.0000
----------------------------------------------------------
 Sub-region num.                     1
----------------------------------------------------------
 Length   [L]        0.15000E+03  0.15000E+03
 W-volume [L]        0.53808E+01  0.53808E+01
 In-flow  [L/T]     -0.23842E-06 -0.23842E-06
 h Mean   [L]       -0.41242E+04 -0.41242E+04
 Top Flux [L/T]      0.99840E-31
 Bot Flux [L/T]      0.23961E-12
 WatBalT  [L]       -0.31171E+00
 WatBalR  [%]              0.616
----------------------------------------------------------

----------------------------------------------------------
 Time       [T]      745.0000
----------------------------------------------------------
 Sub-region num.                     1
----------------------------------------------------------
 Length   [L]        0.15000E+03  0.15000E+03
 W-volume [L]        0.53808E+01  0.53808E+01
 In-flow  [L/T]     -0.23842E-06 -0.23842E-06
 h Mean   [L]       -0.41242E+04 -0.41242E+04
 Top Flux [L/T]      0.99840E-31
 Bot Flux [L/T]      0.23960E-12
 WatBalT  [L]       -0.31171E+00
 WatBalR  [%]              0.616
----------------------------------------------------------

----------------------------------------------------------
 Time       [T]      746.0000
----------------------------------------------------------
 Sub-region num.                     1
----------------------------------------------------------
 Length   [L]        0.15000E+03  0.15000E+03
 W-volume [L]        0.53808E+01  0.53808E+01
 In-flow  [L/T]     -0.23842E-06 -0.23842E-06
 h Mean   [L]       -0.41242E+04 -0.41242E+04
 Top Flux [L/T]      0.99840E-31
 Bot Flux [L/T]      0.23959E-12
 WatBalT  [L]       -0.31171E+00
 WatBalR  [%]              0.616
----------------------------------------------------------

----------------------------------------------------------
 Time       [T]      747.0000
----------------------------------------------------------
 Sub-region num.                     1
----------------------------------------------------------
 Length   [L]        0.15000E+03  0.15000E+03
 W-volume [L]        0.53808E+01  0.53808E+01
 In-flow  [L/T]     -0.23842E-06 -0.23842E-06
 h Mean   [L]       -0.41242E+04 -0.41242E+04
 Top Flux [L/T]      0.99840E-31
 Bot Flux [L/T]      0.23958E-12
 WatBalT  [L]       -0.31171E+00
 WatBalR  [%]              0.616
----------------------------------------------------------

----------------------------------------------------------
 Time       [T]      748.0000
----------------------------------------------------------
 Sub-region num.                     1
----------------------------------------------------------
 Length   [L]        0.15000E+03  0.15000E+03
 W-volume [L]        0.53808E+01  0.53808E+01
 In-flow  [L/T]     -0.23842E-06 -0.23842E-06
 h Mean   [L]       -0.41242E+04 -0.41242E+04
 Top Flux [L/T]      0.99840E-31
 Bot Flux [L/T]      0.23957E-12
 WatBalT  [L]       -0.31171E+00
 WatBalR  [%]              0.616
----------------------------------------------------------

----------------------------------------------------------
 Time       [T]      749.0000
----------------------------------------------------------
 Sub-region num.                     1
----------------------------------------------------------
 Length   [L]        0.15000E+03  0.15000E+03
 W-volume [L]        0.53808E+01  0.53808E+01
 In-flow  [L/T]     -0.23842E-06 -0.23842E-06
 h Mean   [L]       -0.41242E+04 -0.41242E+04
 Top Flux [L/T]      0.99840E-31
 Bot Flux [L/T]      0.23956E-12
 WatBalT  [L]       -0.31171E+00
 WatBalR  [%]              0.616
----------------------------------------------------------

----------------------------------------------------------
 Time       [T]      750.0000
----------------------------------------------------------
 Sub-region num.                     1
----------------------------------------------------------
 Length   [L]        0.15000E+03  0.15000E+03
 W-volume [L]        0.53808E+01  0.53808E+01
 In-flow  [L/T]     -0.23842E-06 -0.23842E-06
 h Mean   [L]       -0.41242E+04 -0.41242E+04
 Top Flux [L/T]      0.99840E-31
 Bot Flux [L/T]      0.23955E-12
 WatBalT  [L]       -0.31171E+00
 WatBalR  [%]              0.616
----------------------------------------------------------

----------------------------------------------------------
 Time       [T]      751.0000
----------------------------------------------------------
 Sub-region num.                     1
----------------------------------------------------------
 Length   [L]        0.15000E+03  0.15000E+03
 W-volume [L]        0.53808E+01  0.53808E+01
 In-flow  [L/T]     -0.23842E-06 -0.23842E-06
 h Mean   [L]       -0.41242E+04 -0.41242E+04
 Top Flux [L/T]      0.99840E-31
 Bot Flux [L/T]      0.23954E-12
 WatBalT  [L]       -0.31171E+00
 WatBalR  [%]              0.616
----------------------------------------------------------

----------------------------------------------------------
 Time       [T]      752.0000
----------------------------------------------------------
 Sub-region num.                     1
----------------------------------------------------------
 Length   [L]        0.15000E+03  0.15000E+03
 W-volume [L]        0.53808E+01  0.53808E+01
 In-flow  [L/T]     -0.23842E-06 -0.23842E-06
 h Mean   [L]       -0.41242E+04 -0.41242E+04
 Top Flux [L/T]      0.99840E-31
 Bot Flux [L/T]      0.23953E-12
 WatBalT  [L]       -0.31171E+00
 WatBalR  [%]              0.616
----------------------------------------------------------

----------------------------------------------------------
 Time       [T]      753.0000
----------------------------------------------------------
 Sub-region num.                     1
----------------------------------------------------------
 Length   [L]        0.15000E+03  0.15000E+03
 W-volume [L]        0.53808E+01  0.53808E+01
 In-flow  [L/T]     -0.23842E-06 -0.23842E-06
 h Mean   [L]       -0.41242E+04 -0.41242E+04
 Top Flux [L/T]      0.99840E-31
 Bot Flux [L/T]      0.23952E-12
 WatBalT  [L]       -0.31171E+00
 WatBalR  [%]              0.616
----------------------------------------------------------

----------------------------------------------------------
 Time       [T]      754.0000
----------------------------------------------------------
 Sub-region num.                     1
----------------------------------------------------------
 Length   [L]        0.15000E+03  0.15000E+03
 W-volume [L]        0.53808E+01  0.53808E+01
 In-flow  [L/T]     -0.23842E-06 -0.23842E-06
 h Mean   [L]       -0.41242E+04 -0.41242E+04
 Top Flux [L/T]      0.99840E-31
 Bot Flux [L/T]      0.23951E-12
 WatBalT  [L]       -0.31171E+00
 WatBalR  [%]              0.616
----------------------------------------------------------

----------------------------------------------------------
 Time       [T]      755.0000
----------------------------------------------------------
 Sub-region num.                     1
----------------------------------------------------------
 Length   [L]        0.15000E+03  0.15000E+03
 W-volume [L]        0.53808E+01  0.53808E+01
 In-flow  [L/T]     -0.23842E-06 -0.23842E-06
 h Mean   [L]       -0.41242E+04 -0.41242E+04
 Top Flux [L/T]      0.99840E-31
 Bot Flux [L/T]      0.23950E-12
 WatBalT  [L]       -0.31171E+00
 WatBalR  [%]              0.616
----------------------------------------------------------

----------------------------------------------------------
 Time       [T]      756.0000
----------------------------------------------------------
 Sub-region num.                     1
----------------------------------------------------------
 Length   [L]        0.15000E+03  0.15000E+03
 W-volume [L]        0.53808E+01  0.53808E+01
 In-flow  [L/T]     -0.23842E-06 -0.23842E-06
 h Mean   [L]       -0.41242E+04 -0.41242E+04
 Top Flux [L/T]      0.99840E-31
 Bot Flux [L/T]      0.23949E-12
 WatBalT  [L]       -0.31171E+00
 WatBalR  [%]              0.616
----------------------------------------------------------
 
 Calculation time [sec]  0.510000020265579     
