,Date,Precip,ET_cm,MinTemp,MaxTemp,AvgTemp,rTop,rRoot,vTop,vRoot,vBot,sum(rTop),sum(rRoot),sum(vTop),sum(vRoot),sum(vBot),hTop,hRoot,hBot,RunOff,sum(RunOff),Volume,sum(Infil),sum(Evap),Cum(WTrans),h37,theta37,temp37
0,2023-01-01,0.0,0.07112,-6.275,4.775,-1.26458333333333,0.0,0.0,1.4671e-08,0.0,-2.2866e-07,0.0,0.0,-2.721e-08,0.0,-2.3842e-07,-15.0,-7.5503,-15.0,0.0,0.0,24.024,0.0,2.2866e-08,0.0,-15.0,0.3247,20.0
1,2023-01-02,0.0,0.03556,-9.8,2.45,-4.71354166666667,0.03556,0.0,0.03556,0.0,-2.3842e-07,0.03556,0.0,0.03556,0.0,-4.7684e-07,-41.137,-7.5503,-15.0,0.0,0.0,23.989,0.0,0.03556,0.0,-15.0,0.3247,20.0
2,2023-01-03,0.0,0.10668,-8.45,2.175,-3.865625,0.10668,0.0,0.10668,0.0,-2.6822e-07,0.14224,0.0,0.14224,0.0,-7.4506e-07,-94010.0,-7.5632,-15.0,0.0,0.0,23.882,0.0,0.14224,0.0,-15.0,0.3247,20.0
3,2023-01-04,0.0,0.0762,-7.55,4.15,-2.59895833333333,0.0762,0.0,0.0015985,0.0,-2.2738e-07,0.21844,0.0,0.14982,0.0,-9.9838e-07,-1000000.0,-7.5781,-15.001,0.0,0.0,23.874,0.0,0.14982,0.0,-15.0,0.3247,20.0
4,2023-01-05,0.0,0.03302,-11.3,1.75,-4.66666666666667,0.03302,0.0,0.0014271,0.0,-2.3842e-07,0.25146,0.0,0.15131,0.0,-1.2517e-06,-1000000.0,-7.5814,-15.001,0.0,0.0,23.873,0.0,0.15131,0.0,-15.0,0.3247,20.0
5,2023-01-06,0.4267,0.04826,-2.2,4.325,1.20104166666667,0.04826,0.0,0.0012742,0.0,-2.6822e-07,0.29972,0.0,0.15263,0.0,-1.5199e-06,-1000000.0,-7.5843,-15.001,0.0,0.0,23.872,0.0,0.15263,0.0,-15.0,0.3247,20.0
6,2023-01-07,0.0,0.127,-1.55,6.8,2.52291666666667,0.127,0.0,0.0011388,0.0,-2.6822e-07,0.42672,0.0,0.1538,0.0,-1.7881e-06,-1000000.0,-7.5868,-15.001,0.0,0.0,23.87,0.0,0.1538,0.0,-15.0,0.3247,20.0
7,2023-01-08,0.0,0.18542,0.45,7.175,3.51770833333333,0.18542,0.0,0.0010179,0.0,-2.6822e-07,0.61214,0.0,0.15485,0.0,-2.0564e-06,-1000000.0,-7.5891,-15.001,0.0,0.0,23.869,0.0,0.15485,0.0,-15.0,0.3247,20.0
8,2023-01-09,0.0,0.1778,-0.6,5.775,2.91770833333333,0.1778,0.0,0.0009098,0.0,-2.6822e-07,0.78994,0.0,0.15578,0.0,-2.3246e-06,-1000000.0,-7.5912,-15.001,0.0,0.0,23.868,0.0,0.15578,0.0,-15.0,0.3247,20.0
9,2023-01-10,0.0,0.09652,-7.15,7.1,0.789583333333333,0.09652,0.0,0.00081324,0.0,-2.6822e-07,0.88646,0.0,0.15662,0.0,-2.5928e-06,-1000000.0,-7.593,-15.002,0.0,0.0,23.868,0.0,0.15662,0.0,-15.0,0.3247,20.0
10,2023-01-11,0.0017,0.04572,-7.9,3.25,-3.36770833333333,0.04572,0.0,0.00072694,0.0,-2.6822e-07,0.93218,0.0,0.15737,0.0,-2.861e-06,-1000000.0,-7.5947,-15.002,0.0,0.0,23.867,0.0,0.15737,0.0,-15.0,0.3247,20.0
11,2023-01-12,0.0,0.19304,-2.55,7.25,3.34895833333333,0.19304,0.0,0.00064982,0.0,-2.6822e-07,1.1252,0.0,0.15804,0.0,-3.1292e-06,-1000000.0,-7.5961,-15.002,0.0,0.0,23.866,0.0,0.15804,0.0,-15.0,0.3247,20.0
12,2023-01-13,0.0,0.23114,5.425,10.05,7.59479166666667,0.23114,0.0,0.0005809,0.0,-2.6822e-07,1.3564,0.0,0.15863,0.0,-3.3975e-06,-1000000.0,-7.5974,-15.002,0.0,0.0,23.866,0.0,0.15863,0.0,-15.0,0.3247,20.0
13,2023-01-14,0.0,0.17272,0.625,9.625,5.56979166666667,0.17272,0.0,0.00051932,0.0,-2.6822e-07,1.5291,0.0,0.15917,0.0,-3.6657e-06,-1000000.0,-7.5986,-15.002,0.0,0.0,23.865,0.0,0.15917,0.0,-15.0,0.3247,20.0
14,2023-01-15,0.0,0.03302,-0.75,4.825,1.30833333333333,0.03302,0.0,0.00046428,0.0,-2.6822e-07,1.5621,0.0,0.15965,0.0,-3.9339e-06,-1000000.0,-7.5996,-15.002,0.0,0.0,23.865,0.0,0.15965,0.0,-15.0,0.3247,20.0
15,2023-01-16,0.068,0.02032,-1.675,3.35,0.201041666666667,0.02032,0.0,0.0004151,0.0,-2.6822e-07,1.5824,0.0,0.16007,0.0,-4.2021e-06,-1000000.0,-7.6006,-15.003,0.0,0.0,23.864,0.0,0.16007,0.0,-15.0,0.3247,20.0
16,2023-01-17,0.0323,0.04318,-2.025,4.625,0.527083333333333,0.04318,0.0,0.00037115,0.0,-2.6822e-07,1.6256,0.0,0.16046,0.0,-4.4703e-06,-1000000.0,-7.6014,-15.003,0.0,0.0,23.864,0.0,0.16046,0.0,-15.0,0.3247,20.0
17,2023-01-18,0.0,0.16002,-3.125,5.925,0.075,0.16002,0.0,0.00033188,0.0,-2.6822e-07,1.7856,0.0,0.1608,0.0,-4.7386e-06,-1000000.0,-7.6022,-15.003,0.0,0.0,23.863,0.0,0.1608,0.0,-15.0,0.3247,20.0
18,2023-01-19,0.0,0.10668,-1.75,4.525,0.377083333333333,0.10668,0.0,0.00029679,0.0,-2.6822e-07,1.8923,0.0,0.1611,0.0,-5.0068e-06,-1000000.0,-7.6028,-15.003,0.0,0.0,23.863,0.0,0.1611,0.0,-15.0,0.3247,20.0
19,2023-01-20,0.0,0.127,-3.55,4.375,-1.03020833333333,0.127,0.0,0.00026542,0.0,-2.6822e-07,2.0193,0.0,0.16138,0.0,-5.275e-06,-1000000.0,-7.6034,-15.003,0.0,0.0,23.863,0.0,0.16138,0.0,-15.0,0.3247,20.0
20,2023-01-21,0.0,0.18288,-3.325,5.875,0.444791666666667,0.18288,0.0,0.0002374,0.0,-2.6822e-07,2.2022,0.0,0.16162,0.0,-5.5432e-06,-1000000.0,-7.604,-15.004,0.0,0.0,23.863,0.0,0.16162,0.0,-15.0,0.3247,20.0
21,2023-01-22,0.0,0.07874,-3.65,2.35,-0.75,0.07874,0.0,0.00021235,0.0,-2.6822e-07,2.2809,0.0,0.16184,0.0,-5.8115e-06,-1000000.0,-7.6044,-15.004,0.0,0.0,23.862,0.0,0.16184,0.0,-15.0,0.3247,20.0
22,2023-01-23,0.0,0.0889,-6.85,0.225,-3.28854166666667,0.0889,0.0,0.00018997,0.0,-2.6822e-07,2.3698,0.0,0.16203,0.0,-6.0797e-06,-1000000.0,-7.6049,-15.004,0.0,0.0,23.862,0.0,0.16203,0.0,-15.0,0.3247,20.0
23,2023-01-24,0.0,0.08382,-4.75,1.95,-1.86666666666667,0.08382,0.0,0.00016997,0.0,-2.6822e-07,2.4536,0.0,0.16221,0.0,-6.3479e-06,-1000000.0,-7.6052,-15.004,0.0,0.0,23.862,0.0,0.16221,0.0,-15.0,0.3247,20.0
24,2023-01-25,0.0,0.06096,-5.5,2.5,-1.25833333333333,0.06096,0.0,0.0001521,0.0,-2.6822e-07,2.5146,0.0,0.16236,0.0,-6.6161e-06,-1000000.0,-7.6056,-15.004,0.0,0.0,23.862,0.0,0.16236,0.0,-15.0,0.3247,20.0
25,2023-01-26,0.0,0.1524,0.9,9.6,4.30729166666667,0.1524,0.0,0.00013613,0.0,-2.6822e-07,2.667,0.0,0.1625,0.0,-6.8843e-06,-1000000.0,-7.6059,-15.004,0.0,0.0,23.862,0.0,0.1625,0.0,-15.0,0.3247,20.0
26,2023-01-27,0.0612,0.04572,-7.375,2.725,-0.671875,0.04572,0.0,0.00012186,0.0,-2.6822e-07,2.7127,0.0,0.16263,0.0,-7.1526e-06,-1000000.0,-7.6062,-15.005,0.0,0.0,23.862,0.0,0.16263,0.0,-15.0,0.3247,20.0
27,2023-01-28,0.0,0.03429,-26.525,-10.1,-16.7625,0.03429,0.0,0.0001091,0.0,-2.6822e-07,2.747,0.0,0.16274,0.0,-7.4208e-06,-1000000.0,-7.6064,-15.005,0.0,0.0,23.861,0.0,0.16274,0.0,-15.0,0.3247,20.0
28,2023-01-29,0.0,0.02286,-26.575,-13.4,-20.9833333333333,0.02286,0.0,9.7704e-05,0.0,-2.6822e-07,2.7699,0.0,0.16284,0.0,-7.689e-06,-1000000.0,-7.6066,-15.005,0.0,0.0,23.861,0.0,0.16284,0.0,-15.0,0.3247,20.0
29,2023-01-30,0.0,0.05588,-17.725,-10.475,-13.7489583333333,0.05588,0.0,8.752e-05,0.0,-2.6822e-07,2.8257,0.0,0.16293,0.0,-7.9572e-06,-1000000.0,-7.6068,-15.005,0.0,0.0,23.861,0.0,0.16293,0.0,-15.0,0.3247,20.0
30,2023-01-31,0.0,0.10414,-11.325,-2.0,-5.24375,0.10414,0.0,7.842e-05,0.0,-2.6822e-07,2.9299,0.0,0.16301,0.0,-8.2254e-06,-1000000.0,-7.607,-15.005,0.0,0.0,23.861,0.0,0.16301,0.0,-15.0,0.3247,20.0
31,2023-02-01,0.0,0.11176,-10.6,2.05,-2.04270833333333,0.11176,0.0,7.029e-05,0.0,-2.6822e-07,3.0416,0.0,0.16309,0.0,-8.4937e-06,-1000000.0,-7.6072,-15.005,0.0,0.0,23.861,0.0,0.16309,0.0,-15.0,0.3247,20.0
32,2023-02-02,0.0,0.14478,-11.025,5.375,-3.49479166666667,0.14478,0.0,6.3022e-05,0.0,-2.6822e-07,3.1864,0.0,0.16315,0.0,-8.7619e-06,-1000000.0,-7.6073,-15.006,0.0,0.0,23.861,0.0,0.16315,0.0,-15.0,0.3247,20.0
33,2023-02-03,0.0,0.26162,1.3,9.05,4.34583333333333,0.26162,0.0,5.6526e-05,0.0,-2.6822e-07,3.448,0.0,0.16321,0.0,-9.0301e-06,-1000000.0,-7.6074,-15.006,0.0,0.0,23.861,0.0,0.16321,0.0,-15.0,0.3247,20.0
34,2023-02-04,0.0,0.19304,0.95,8.0,3.925,0.19304,0.0,5.0723e-05,0.0,-2.6822e-07,3.6411,0.0,0.16326,0.0,-9.2983e-06,-1000000.0,-7.6076,-15.006,0.0,0.0,23.861,0.0,0.16326,0.0,-15.0,0.3247,20.0
35,2023-02-05,0.0,0.20066,-0.15,7.975,3.771875,0.20066,0.0,4.5534e-05,0.0,-2.6822e-07,3.8417,0.0,0.16331,0.0,-9.5665e-06,-1000000.0,-7.6077,-15.006,0.0,0.0,23.861,0.0,0.16331,0.0,-15.0,0.3247,20.0
36,2023-02-06,0.0,0.1524,1.15,9.25,4.25833333333333,0.1524,0.0,4.0902e-05,0.0,-2.6822e-07,3.9941,0.0,0.16335,0.0,-9.8348e-06,-1000000.0,-7.6077,-15.006,0.0,0.0,23.861,0.0,0.16335,0.0,-15.0,0.3247,20.0
37,2023-02-07,0.0,0.21336,2.65,5.475,3.925,0.21336,0.0,3.6759e-05,0.0,-2.6822e-07,4.2075,0.0,0.16339,0.0,-1.0103e-05,-1000000.0,-7.6078,-15.006,0.0,0.0,23.861,0.0,0.16339,0.0,-15.0,0.3247,20.0
38,2023-02-08,0.0,0.10414,-5.125,2.65,-0.553125,0.10414,0.0,3.3057e-05,0.0,-2.6822e-07,4.3116,0.0,0.16342,0.0,-1.0371e-05,-1000000.0,-7.6079,-15.007,0.0,0.0,23.861,0.0,0.16342,0.0,-15.0,0.3247,20.0
39,2023-02-09,0.0,0.23622,-5.925,7.525,-0.103125,0.23622,0.0,2.9751e-05,0.0,-2.6822e-07,4.5479,0.0,0.16345,0.0,-1.0639e-05,-1000000.0,-7.608,-15.007,0.0,0.0,23.861,0.0,0.16345,0.0,-15.0,0.3247,20.0
40,2023-02-10,0.0,0.27178,-0.15,9.575,3.875,0.27178,0.0,2.6797e-05,0.0,-2.6822e-07,4.8197,0.0,0.16348,0.0,-1.0908e-05,-1000000.0,-7.608,-15.007,0.0,0.0,23.861,0.0,0.16348,0.0,-15.0,0.3247,20.0
41,2023-02-11,0.0,0.1778,-3.175,9.05,2.13854166666667,0.1778,0.0,2.4156e-05,0.0,-2.6822e-07,4.9975,0.0,0.1635,0.0,-1.1176e-05,-1000000.0,-7.6081,-15.007,0.0,0.0,23.861,0.0,0.1635,0.0,-15.0,0.3247,20.0
42,2023-02-12,0.0,0.3175,0.0,10.275,4.60729166666667,0.3175,0.0,2.1793e-05,0.0,-2.6822e-07,5.315,0.0,0.16353,0.0,-1.1444e-05,-1000000.0,-7.6081,-15.007,0.0,0.0,23.861,0.0,0.16353,0.0,-15.0,0.3247,20.0
43,2023-02-13,0.0,0.23622,-3.6,11.0,5.3125,0.23622,0.0,1.9682e-05,0.0,-2.6822e-07,5.5512,0.0,0.16355,0.0,-1.1712e-05,-1000000.0,-7.6082,-15.007,0.0,0.0,23.861,0.0,0.16355,0.0,-15.0,0.3247,20.0
44,2023-02-14,0.0,0.06604,-12.475,-2.3,-6.496875,0.06604,0.0,1.7799e-05,0.0,-2.6822e-07,5.6172,0.0,0.16356,0.0,-1.1981e-05,-1000000.0,-7.6082,-15.008,0.0,0.0,23.861,0.0,0.16357,0.0,-15.0,0.3247,20.0
45,2023-02-15,0.0,0.13208,-14.3,2.1,-5.7875,0.13208,0.0,1.6115e-05,0.0,-2.6822e-07,5.7493,0.0,0.16358,0.0,-1.2249e-05,-1000000.0,-7.6083,-15.008,0.0,0.0,23.861,0.0,0.16358,0.0,-15.0,0.3247,20.0
46,2023-02-16,0.0,0.28702,-5.2,6.725,0.197916666666667,0.28702,0.0,1.4607e-05,0.0,-2.6822e-07,6.0363,0.0,0.1636,0.0,-1.2517e-05,-1000000.0,-7.6083,-15.008,0.0,0.0,23.861,0.0,0.1636,0.0,-15.0,0.3247,20.0
47,2023-02-17,0.0,0.2413,-0.925,5.3,2.2,0.2413,0.0,1.3263e-05,0.0,-2.6822e-07,6.2776,0.0,0.16361,0.0,-1.2785e-05,-1000000.0,-7.6083,-15.008,0.0,0.0,23.861,0.0,0.16361,0.0,-15.0,0.3247,20.0
48,2023-02-18,0.0,0.14478,-3.05,4.35,1.14583333333333,0.14478,0.0,1.2061e-05,0.0,-2.6822e-07,6.4224,0.0,0.16362,0.0,-1.3053e-05,-1000000.0,-7.6083,-15.008,0.0,0.0,23.861,0.0,0.16362,0.0,-15.0,0.3247,20.0
49,2023-02-19,0.0,0.1651,-3.45,5.3,1.653125,0.1651,0.0,1.0987e-05,0.0,-2.6822e-07,6.5875,0.0,0.16363,0.0,-1.3322e-05,-1000000.0,-7.6084,-15.008,0.0,0.0,23.861,0.0,0.16363,0.0,-15.0,0.3247,20.0
50,2023-02-20,0.2329,0.0762,-5.65,2.625,-1.78541666666667,0.0762,0.0,1.0022e-05,0.0,-2.6822e-07,6.6637,0.0,0.16364,0.0,-1.359e-05,-1000000.0,-7.6084,-15.009,0.0,0.0,23.861,0.0,0.16364,0.0,-15.0,0.3247,20.0
51,2023-02-21,0.1766,0.06604,-20.5,3.6,-12.6583333333333,0.06604,0.0,9.1682e-06,0.0,-2.6822e-07,6.7297,0.0,0.16365,0.0,-1.3858e-05,-1000000.0,-7.6084,-15.009,0.0,0.0,23.861,0.0,0.16365,0.0,-15.0,0.3247,20.0
52,2023-02-22,0.0,0.02286,-24.1,-20.225,-22.0552083333333,0.02286,0.0,8.4e-06,0.0,-2.6822e-07,6.7526,0.0,0.16366,0.0,-1.4126e-05,-1000000.0,-7.6084,-15.009,0.0,0.0,23.861,0.0,0.16366,0.0,-15.0,0.3247,20.0
53,2023-02-23,0.0,0.01778,-30.2,-21.85,-25.696875,0.01778,0.0,7.7162e-06,0.0,-2.6822e-07,6.7704,0.0,0.16367,0.0,-1.4395e-05,-1000000.0,-7.6084,-15.009,0.0,0.0,23.861,0.0,0.16367,0.0,-15.0,0.3247,20.0
54,2023-02-24,0.0,0.05588,-31.7,-6.875,-19.3125,0.05588,0.0,7.1014e-06,0.0,-2.6822e-07,6.8262,0.0,0.16368,0.0,-1.4663e-05,-1000000.0,-7.6085,-15.009,0.0,0.0,23.86,0.0,0.16368,0.0,-15.0,0.3247,20.0
55,2023-02-25,0.0,0.18542,-6.2,2.425,-1.37083333333333,0.18542,0.0,6.5563e-06,0.0,-2.6822e-07,7.0117,0.0,0.16368,0.0,-1.4931e-05,-1000000.0,-7.6085,-15.009,0.0,0.0,23.86,0.0,0.16368,0.0,-15.0,0.3247,20.0
56,2023-02-26,0.0017,0.20066,-2.4,8.75,2.865625,0.20066,0.0,6.0666e-06,0.0,-2.6822e-07,7.2123,0.0,0.16369,0.0,-1.5199e-05,-1000000.0,-7.6085,-15.01,0.0,0.0,23.86,0.0,0.16369,0.0,-15.0,0.3247,20.0
57,2023-02-27,0.0,0.14732,-5.2,2.4,-1.959375,0.14732,0.0,5.6317e-06,0.0,-2.6822e-07,7.3596,0.0,0.1637,0.0,-1.5467e-05,-1000000.0,-7.6085,-15.01,0.0,0.0,23.86,0.0,0.1637,0.0,-15.0,0.3247,20.0
58,2023-02-28,0.0,0.05588,-10.8,-1.925,-6.0875,0.05588,0.0,5.2375e-06,0.0,-2.6822e-07,7.4155,0.0,0.1637,0.0,-1.5736e-05,-1000000.0,-7.6085,-15.01,0.0,0.0,23.86,0.0,0.1637,0.0,-15.0,0.3247,20.0
59,2023-03-01,0.0,0.12446,-7.5,3.1,-4.06354166666667,0.12446,0.0,4.8904e-06,0.0,-2.6822e-07,7.54,0.0,0.16371,0.0,-1.6004e-05,-1000000.0,-7.6085,-15.01,0.0,0.0,23.86,0.0,0.16371,0.0,-15.0,0.3247,20.0
60,2023-03-02,0.0,0.21844,-4.325,5.875,-0.128125,0.21844,0.0,4.5793e-06,0.0,-2.6822e-07,7.7584,0.0,0.16371,0.0,-1.6272e-05,-1000000.0,-7.6085,-15.01,0.0,0.0,23.86,0.0,0.16371,0.0,-15.0,0.3247,20.0
61,2023-03-03,0.0,0.15494,-7.55,2.625,-2.89895833333333,0.15494,0.0,4.2966e-06,0.0,-2.6822e-07,7.9134,0.0,0.16371,0.0,-1.654e-05,-1000000.0,-7.6085,-15.011,0.0,0.0,23.86,0.0,0.16372,0.0,-15.0,0.3247,20.0
62,2023-03-04,0.0,0.17526,-6.95,4.125,-2.67395833333333,0.17526,0.0,4.0491e-06,0.0,-2.6822e-07,8.0886,0.0,0.16372,0.0,-1.6809e-05,-1000000.0,-7.6085,-15.011,0.0,0.0,23.86,0.0,0.16372,0.0,-15.0,0.3247,20.0
63,2023-03-05,0.0,0.03556,-12.225,-8.175,-10.2854166666667,0.03556,0.0,3.828e-06,0.0,-2.6822e-07,8.1242,0.0,0.16372,0.0,-1.7077e-05,-1000000.0,-7.6086,-15.011,0.0,0.0,23.86,0.0,0.16372,0.0,-15.0,0.3247,20.0
64,2023-03-06,0.2465,0.0508,-14.925,-5.4,-11.0927083333333,0.0508,0.0,3.6277e-06,0.0,-2.6822e-07,8.175,0.0,0.16373,0.0,-1.7345e-05,-1000000.0,-7.6086,-15.011,0.0,0.0,23.86,0.0,0.16373,0.0,-15.0,0.3247,20.0
65,2023-03-07,0.0,0.06096,-19.125,-4.15,-11.20625,0.06096,0.0,3.4485e-06,0.0,-2.6822e-07,8.236,0.0,0.16373,0.0,-1.7613e-05,-1000000.0,-7.6086,-15.011,0.0,0.0,23.86,0.0,0.16373,0.0,-15.0,0.3247,20.0
66,2023-03-08,0.0,0.04318,-15.45,-9.15,-11.471875,0.04318,0.0,3.2868e-06,0.0,-2.6822e-07,8.2791,0.0,0.16373,0.0,-1.7881e-05,-1000000.0,-7.6086,-15.011,0.0,0.0,23.86,0.0,0.16373,0.0,-15.0,0.3247,20.0
67,2023-03-09,0.0,0.0635,-16.5,-6.2,-11.7177083333333,0.0635,0.0,3.1495e-06,0.0,-2.6822e-07,8.3426,0.0,0.16374,0.0,-1.815e-05,-1000000.0,-7.6086,-15.012,0.0,0.0,23.86,0.0,0.16374,0.0,-15.0,0.3247,20.0
68,2023-03-10,0.1277,0.02794,-14.65,-9.0,-12.1697916666667,0.02794,0.0,3.0191e-06,0.0,-2.6822e-07,8.3706,0.0,0.16374,0.0,-1.8418e-05,-1000000.0,-7.6086,-15.012,0.0,0.0,23.86,0.0,0.16374,0.0,-15.0,0.3247,20.0
69,2023-03-11,0.0,0.0508,-18.95,-5.075,-11.6197916666667,0.0508,0.0,2.9075e-06,0.0,-2.6822e-07,8.4214,0.0,0.16374,0.0,-1.8686e-05,-1000000.0,-7.6086,-15.012,0.0,0.0,23.86,0.0,0.16374,0.0,-15.0,0.3247,20.0
70,2023-03-12,0.0,0.06604,-17.675,-5.65,-12.5358695652174,0.06604,0.0,2.8074e-06,0.0,-2.6822e-07,8.4874,0.0,0.16375,0.0,-1.8954e-05,-1000000.0,-7.6086,-15.012,0.0,0.0,23.86,0.0,0.16375,0.0,-15.0,0.3247,20.0
71,2023-03-13,0.1887,0.17272,-9.3,1.025,-4.59762228260869,0.17272,0.0,2.7153e-06,0.0,-2.6822e-07,8.6601,0.0,0.16375,0.0,-1.9222e-05,-1000000.0,-7.6086,-15.012,0.0,0.0,23.86,0.0,0.16375,0.0,-15.0,0.3247,20.0
72,2023-03-14,0.0,0.22098,-0.925,7.7,3.340625,0.22098,0.0,2.6383e-06,0.0,-2.6822e-07,8.8811,0.0,0.16375,0.0,-1.9491e-05,-1000000.0,-7.6086,-15.012,0.0,0.0,23.86,0.0,0.16375,0.0,-15.0,0.3247,20.0
73,2023-03-15,0.3961,0.09398,-7.65,2.825,-1.94895833333333,0.09398,0.0,2.6382e-06,0.0,-2.6822e-07,8.9751,0.0,0.16375,0.0,-1.9759e-05,-1000000.0,-7.6086,-15.013,0.0,0.0,23.86,0.0,0.16375,0.0,-15.0,0.3247,20.0
74,2023-03-16,0.0493,0.10922,-9.775,1.775,-4.103125,0.10922,0.0,2.6381e-06,0.0,-2.6822e-07,9.0843,0.0,0.16376,0.0,-2.0027e-05,-1000000.0,-7.6086,-15.013,0.0,0.0,23.86,0.0,0.16376,0.0,-15.0,0.3247,20.0
75,2023-03-17,0.0,0.13208,-10.075,3.925,-3.190625,0.13208,0.0,2.638e-06,0.0,-2.6822e-07,9.2164,0.0,0.16376,0.0,-2.0295e-05,-1000000.0,-7.6086,-15.013,0.0,0.0,23.86,0.0,0.16376,0.0,-15.0,0.3247,20.0
76,2023-03-18,0.0,0.19304,-6.0,8.35,0.263541666666667,0.19304,0.0,2.6379e-06,0.0,-2.6822e-07,9.4094,0.0,0.16376,0.0,-2.0564e-05,-1000000.0,-7.6086,-15.013,0.0,0.0,23.86,0.0,0.16376,0.0,-15.0,0.3247,20.0
77,2023-03-19,0.0,0.15494,-4.25,8.775,1.92395833333333,0.15494,0.0,2.6378e-06,0.0,-2.6822e-07,9.5644,0.0,0.16376,0.0,-2.0832e-05,-1000000.0,-7.6086,-15.013,0.0,0.0,23.86,0.0,0.16376,0.0,-15.0,0.3247,20.0
78,2023-03-20,0.0,0.08636,-7.425,0.5,-4.15833333333333,0.08636,0.0,2.6377e-06,0.0,-2.6822e-07,9.6507,0.0,0.16377,0.0,-2.11e-05,-1000000.0,-7.6087,-15.013,0.0,0.0,23.86,0.0,0.16377,0.0,-15.0,0.3247,20.0
79,2023-03-21,0.0,0.12954,-7.9,5.85,-1.69479166666667,0.12954,0.0,2.6376e-06,0.0,-2.6822e-07,9.7803,0.0,0.16377,0.0,-2.1368e-05,-1000000.0,-7.6087,-15.014,0.0,0.0,23.86,0.0,0.16377,0.0,-15.0,0.3247,20.0
80,2023-03-22,0.0,0.1397,-7.275,5.925,-2.675,0.1397,0.0,2.6375e-06,0.0,-2.6822e-07,9.92,0.0,0.16377,0.0,-2.1636e-05,-1000000.0,-7.6087,-15.014,0.0,0.0,23.86,0.0,0.16377,0.0,-15.0,0.3247,20.0
81,2023-03-23,0.0,0.2032,-7.175,8.925,0.954166666666667,0.2032,0.0,2.6373e-06,0.0,-2.6822e-07,10.123,0.0,0.16377,0.0,-2.1905e-05,-1000000.0,-7.6087,-15.014,0.0,0.0,23.86,0.0,0.16377,0.0,-15.0,0.3247,20.0
82,2023-03-24,0.0,0.15494,-2.375,7.65,1.85729166666667,0.15494,0.0,2.6372e-06,0.0,-2.6822e-07,10.278,0.0,0.16378,0.0,-2.2173e-05,-1000000.0,-7.6087,-15.014,0.0,0.0,23.86,0.0,0.16378,0.0,-15.0,0.3247,20.0
83,2023-03-25,0.0782,0.11176,-2.875,4.425,-0.13125,0.11176,0.0,2.6371e-06,0.0,-2.6822e-07,10.39,0.0,0.16378,0.0,-2.2441e-05,-1000000.0,-7.6087,-15.014,0.0,0.0,23.86,0.0,0.16378,0.0,-15.0,0.3247,20.0
84,2023-03-26,0.0,0.10922,-5.325,3.125,-2.16979166666667,0.10922,0.0,2.637e-06,0.0,-2.6822e-07,10.499,0.0,0.16378,0.0,-2.2709e-05,-1000000.0,-7.6087,-15.014,0.0,0.0,23.86,0.0,0.16378,0.0,-15.0,0.3247,20.0
85,2023-03-27,0.0,0.17018,-6.6,6.05,-1.82604166666667,0.17018,0.0,2.6369e-06,0.0,-2.6822e-07,10.669,0.0,0.16379,0.0,-2.2978e-05,-1000000.0,-7.6087,-15.015,0.0,0.0,23.86,0.0,0.16379,0.0,-15.0,0.3247,20.0
86,2023-03-28,0.0,0.12192,-5.625,3.025,-2.63645833333333,0.12192,0.0,2.6368e-06,0.0,-2.6822e-07,10.791,0.0,0.16379,0.0,-2.3246e-05,-1000000.0,-7.6087,-15.015,0.0,0.0,23.86,0.0,0.16379,0.0,-15.0,0.3247,20.0
87,2023-03-29,0.0,0.12192,-6.6,3.55,-2.10833333333333,0.12192,0.0,2.6367e-06,0.0,-2.6822e-07,10.913,0.0,0.16379,0.0,-2.3514e-05,-1000000.0,-7.6087,-15.015,0.0,0.0,23.86,0.0,0.16379,0.0,-15.0,0.3247,20.0
88,2023-03-30,0.1462,0.08128,-4.875,0.2,-2.99479166666667,0.08128,0.0,2.6366e-06,0.0,-2.6822e-07,10.994,0.0,0.16379,0.0,-2.3782e-05,-1000000.0,-7.6087,-15.015,0.0,0.0,23.86,0.0,0.16379,0.0,-15.0,0.3247,20.0
89,2023-03-31,0.2009,0.19558,-7.075,8.675,0.467708333333333,0.19558,0.0,2.6365e-06,0.0,-2.6822e-07,11.19,0.0,0.1638,0.0,-2.405e-05,-1000000.0,-7.6087,-15.015,0.0,0.0,23.86,0.0,0.1638,0.0,-15.0,0.3247,20.0
90,2023-04-01,0.0,0.254,-1.325,8.525,3.46354166666667,0.0,0.254,1.6907e-14,0.254,-2.6822e-07,11.19,0.254,0.1638,0.254,-2.4319e-05,-986100.0,-20.998,-15.015,0.0,0.0,23.733,0.0,0.1638,0.0,-15.0,0.3247,20.0
91,2023-04-02,0.0,0.23114,-4.925,7.675,1.009375,0.0,0.23114,4.2412000000000005e-25,0.23114,-2.6822e-07,11.19,0.48514,0.1638,0.48514,-2.4587e-05,-985670.0,-32.117,-15.016,0.0,0.0,23.491,0.0,0.1638,0.0,-15.0,0.3247,20.0
92,2023-04-03,0.0,0.10922,-9.75,3.275,-3.43125,0.0,0.10922,9.855199999999999e-32,0.10922,-2.6822e-07,11.19,0.59436,0.1638,0.59436,-2.4855e-05,-985630.0,-42.994,-15.016,0.0,0.0,23.321,0.0,0.1638,0.0,-15.0,0.3247,20.0
93,2023-04-04,0.0,0.06604,-9.225,-2.05,-4.23958333333333,0.0,0.06604,9.8549e-32,0.06604,-2.6822e-07,11.19,0.6604,0.1638,0.6604,-2.5123e-05,-985630.0,-50.322,-15.016,0.0,0.0,23.233,0.0,0.1638,0.0,-15.0,0.3247,20.0
94,2023-04-05,0.0,0.16256,-11.275,5.25,-2.44895833333333,0.0,0.16256,9.8544e-32,0.16256,-2.6822e-07,11.19,0.82296,0.1638,0.82296,-2.5392e-05,-985630.0,-63.202,-15.016,0.0,0.0,23.119,0.0,0.1638,0.0,-15.0,0.3247,20.0
95,2023-04-06,0.0,0.33274,-2.55,11.35,4.16354166666667,0.0,0.33274,9.8513e-32,0.2949,-2.6822e-07,11.19,1.1557,0.1638,1.1312,-2.566e-05,-985630.0,-121.37,-15.016,0.0,0.0,22.877,0.0,0.1638,0.0,-15.0,0.3247,20.0
96,2023-04-07,0.0,0.37338,0.175,14.225,7.284375,0.0,0.37338,9.8455e-32,0.23379,-2.6822e-07,11.19,1.5291,0.1638,1.3877,-2.5928e-05,-985640.0,-288.19,-15.016,0.0,0.0,22.59,0.0,0.1638,0.0,-15.0,0.3247,20.0
97,2023-04-08,0.0,0.37846,3.15,14.225,8.72395833333333,0.0,0.37846,9.8419e-32,0.16775,-2.6822e-07,11.19,1.9075,0.1638,1.5748,-2.6196e-05,-985640.0,-503.84,-15.017,0.0,0.0,22.369,0.0,0.1638,0.0,-15.0,0.3247,20.0
98,2023-04-09,0.0,0.4572,4.4,17.075,11.2802083333333,0.0,0.4572,9.8408e-32,0.1392,-2.6822e-07,11.19,2.3647,0.1638,1.7317,-2.6464e-05,-985640.0,-706.8,-15.017,0.0,0.0,22.198,0.0,0.1638,0.0,-15.0,0.3247,20.0
99,2023-04-10,0.0,0.54864,10.95,23.475,16.6416666666667,0.0,0.54864,9.840399999999999e-32,0.10882,-2.6822e-07,11.19,2.9134,0.1638,1.8572,-2.6733e-05,-985640.0,-885.07,-15.017,0.0,0.0,22.058,0.0,0.1638,0.0,-15.0,0.3247,20.0
100,2023-04-11,0.0,0.47244,4.3,20.225,13.74375,0.0,0.47244,9.8403e-32,0.072844,-2.6822e-07,11.19,3.3858,0.1638,1.9344,-2.7001e-05,-985640.0,-1030.3,-15.017,0.0,0.0,21.962,0.0,0.1638,0.0,-15.0,0.3247,20.0
101,2023-04-12,0.0,0.18288,-1.9,7.9,3.08541666666667,0.0,0.18288,9.8403e-32,0.027009,-2.6822e-07,11.19,3.5687,0.1638,1.9624,-2.7269e-05,-985630.0,-1115.3,-15.017,0.0,0.0,21.911,0.0,0.1638,0.0,-15.0,0.3247,20.0
102,2023-04-13,0.9633,0.09652,-2.75,2.2,0.173958333333333,0.0,0.09652,9.8403e-32,0.013647,-2.6822e-07,11.19,3.6652,0.1638,1.9763,-2.7537e-05,-985630.0,-1156.2,-15.017,0.0,0.0,21.891,0.0,0.1638,0.0,-15.0,0.3247,20.0
103,2023-04-14,0.0952,0.18034,-5.825,5.825,-0.0322916666666666,0.0,0.18034,9.8403e-32,0.018557,-2.6822e-07,11.19,3.8456,0.1638,1.998,-2.7806e-05,-985630.0,-1208.1,-15.018,0.0,0.0,21.872,0.0,0.1638,0.0,-15.0,0.3247,20.0
104,2023-04-15,0.0017,0.2921,-3.25,11.1,3.559375,0.0,0.2921,9.8403e-32,0.021456,-2.6822e-07,11.19,4.1377,0.1638,2.0202,-2.8074e-05,-985630.0,-1250.9,-15.018,0.0,0.0,21.851,0.0,0.1638,0.0,-15.0,0.3247,20.0
105,2023-04-16,0.0,0.4064,0.45,17.45,9.81354166666667,0.0,0.4064,9.8402e-32,0.028094,-2.6822e-07,11.19,4.5441,0.1638,2.0485,-2.8342e-05,-985630.0,-1268.5,-15.018,0.0,0.0,21.826,0.0,0.1638,0.0,-15.0,0.3247,20.0
106,2023-04-17,0.0119,0.35052,3.05,14.925,8.2125,0.0,0.35052,9.840399999999999e-32,0.023995,-2.6822e-07,11.19,4.8946,0.1638,2.0725,-2.861e-05,-985640.0,-1283.0,-15.018,0.0,0.0,21.8,0.0,0.1638,0.0,-15.0,0.3247,20.0
107,2023-04-18,0.2992,0.12446,-0.4,9.275,2.89166666666667,0.0,0.12446,9.840399999999999e-32,0.0084859,-2.6822e-07,11.19,5.019,0.1638,2.081,-2.8878e-05,-985640.0,-1294.0,-15.018,0.0,0.0,21.784,0.0,0.1638,0.0,-15.0,0.3247,20.0
108,2023-04-19,1.1389,0.12446,-1.35,1.3,-0.153125,0.0,0.12446,9.840399999999999e-32,0.0084859,-2.6822e-07,11.19,5.1435,0.1638,2.0895,-2.9147e-05,-985640.0,-1302.0,-15.019,0.0,0.0,21.775,0.0,0.1638,0.0,-15.0,0.3247,20.0
109,2023-04-20,0.1821,0.13716,-3.2,0.975,-1.317,0.0,0.13716,9.840399999999999e-32,0.0093518,-2.6822e-07,11.19,5.2807,0.1638,2.0989,-2.9415e-05,-985640.0,-1312.8,-15.019,0.0,0.0,21.766,0.0,0.1638,0.0,-15.0,0.3247,20.0
110,2023-04-21,0.1004,0.1143,-5.425,0.5,-2.28229166666667,0.0,0.1143,9.8403e-32,0.0077932,-2.6822e-07,11.19,5.395,0.1638,2.1067,-2.9683e-05,-985640.0,-1327.1,-15.019,0.0,0.0,21.758,0.0,0.1638,0.0,-15.0,0.3247,20.0
111,2023-04-22,0.0068,0.2159,-6.8,7.7,0.428125,0.0,0.2159,9.8403e-32,0.01298,-2.6822e-07,11.19,5.6109,0.1638,2.1205,-2.9951e-05,-985630.0,-1356.9,-15.019,0.0,0.0,21.746,0.0,0.1638,0.0,-15.0,0.3247,20.0
112,2023-04-23,0.0,0.25908,-2.65,12.225,4.72395833333333,0.0,0.25908,9.8403e-32,0.0084666,-2.6822e-07,11.19,5.8699,0.1638,2.1303,-3.022e-05,-985630.0,-1404.4,-15.019,0.0,0.0,21.734,0.0,0.1638,0.0,-15.0,0.3247,20.0
113,2023-04-24,0.0306,0.28194,2.175,16.6,9.33020833333333,0.0,0.28194,9.8403e-32,0.0070523,-2.6822e-07,11.19,6.1519,0.1638,2.1376,-3.0488e-05,-985630.0,-1424.6,-15.019,0.0,0.0,21.726,0.0,0.1638,0.0,-15.0,0.3247,20.0
114,2023-04-25,0.0,0.36068,3.225,17.025,9.746875,0.0,0.36068,9.8403e-32,0.0083584,-2.6822e-07,11.19,6.5126,0.1638,2.1461,-3.0756e-05,-985630.0,-1432.0,-15.02,0.0,0.0,21.718,0.0,0.1638,0.0,-15.0,0.3247,20.0
115,2023-04-26,0.0,0.3683,0.725,18.975,10.3364583333333,0.0,0.3683,9.8402e-32,0.0083704,-2.6822e-07,11.19,6.8809,0.1638,2.1545,-3.1024e-05,-985630.0,-1434.9,-15.02,0.0,0.0,21.71,0.0,0.1638,0.0,-15.0,0.3247,20.0
116,2023-04-27,0.1821,0.23622,0.35,11.7,6.65416666666667,0.0,0.23622,9.840399999999999e-32,0.0053686,-2.6822e-07,11.19,7.1171,0.1638,2.1598,-3.1292e-05,-985650.0,-1436.0,-15.02,0.0,0.0,21.703,0.0,0.1638,0.0,-15.0,0.3247,20.0
117,2023-04-28,0.0,0.37846,0.625,22.25,11.8770833333333,0.0,0.37846,9.840399999999999e-32,0.0086014,-2.6822e-07,11.19,7.4955,0.1638,2.1685,-3.1561e-05,-985640.0,-1437.3,-15.02,0.0,0.0,21.696,0.0,0.1638,0.0,-15.0,0.3247,20.0
118,2023-04-29,0.0,0.36322,0.55,20.9,11.8916666666667,0.0,0.36322,9.840399999999999e-32,0.008255,-2.6822e-07,11.19,7.8588,0.1638,2.1767,-3.1829e-05,-985640.0,-1439.2,-15.02,0.0,0.0,21.688,0.0,0.1638,0.0,-15.0,0.3247,20.0
119,2023-04-30,0.0,0.41148,-0.025,23.3,12.9302083333333,0.0,0.41148,9.840399999999999e-32,0.0093518,-2.6822e-07,11.19,8.2702,0.1638,2.1861,-3.2097e-05,-985640.0,-1441.5,-15.02,0.0,0.0,21.679,0.0,0.1638,0.0,-15.0,0.3247,20.0
120,2023-05-01,0.0,0.39624,0.975,24.125,13.765625,0.0,0.39624,9.8403e-32,0.14213,-2.6822e-07,11.19,8.6665,0.1638,2.2979,-3.2365e-05,-985640.0,-694.16,-15.021,0.0,0.0,21.634,0.0,0.1638,0.0,-15.0,0.3247,20.0
121,2023-05-02,0.0,0.35306,1.1,24.225,13.3125,0.0,0.35306,9.8403e-32,0.12664,-2.6822e-07,11.19,9.0195,0.1638,2.4246,-3.2634e-05,-985640.0,-703.92,-15.021,0.0,0.0,21.499,0.0,0.1638,0.0,-15.0,0.3247,20.0
122,2023-05-03,0.0,0.36322,6.025,24.4,15.3395833333333,0.0,0.36322,9.8403e-32,0.12194,-2.6822e-07,11.19,9.3828,0.1638,2.5507,-3.2902e-05,-985630.0,-726.33,-15.021,0.0,0.0,21.371,0.0,0.1638,0.0,-15.0,0.3247,20.0
123,2023-05-04,0.0,0.39878,5.85,24.775,16.06875,0.0,0.39878,9.8403e-32,0.12254,-2.6822e-07,11.19,9.7815,0.1638,2.6749,-3.317e-05,-985630.0,-755.99,-15.021,0.0,0.0,21.247,0.0,0.1638,0.0,-15.0,0.3247,20.0
124,2023-05-05,0.9785,0.23876,8.75,17.075,12.3020833333333,0.0,0.23876,9.8403e-32,0.072204,-2.6822e-07,11.19,10.02,0.1638,2.7475,-3.3438e-05,-985630.0,-770.55,-15.021,0.0,0.0,21.149,0.0,0.1638,0.0,-15.0,0.3247,20.0
125,2023-05-06,0.772,0.09398,5.6,9.25,7.990625,0.0,0.09398,9.8402e-32,0.028259,-2.6822e-07,11.19,10.114,0.1638,2.7759,-3.3706e-05,-985630.0,-775.07,-15.021,0.0,0.0,21.099,0.0,0.1638,0.0,-15.0,0.3247,20.0
126,2023-05-07,0.1904,0.28956,5.125,15.725,10.1114583333333,0.0,0.28956,9.840399999999999e-32,0.086565,-2.6822e-07,11.19,10.404,0.1638,2.8625,-3.3975e-05,-985650.0,-777.59,-15.022,0.0,0.0,21.041,0.0,0.1638,0.0,-15.0,0.3247,20.0
127,2023-05-08,0.0,0.37084,4.8,17.75,10.8416666666667,0.0,0.37084,9.840399999999999e-32,0.11085,-2.6822e-07,11.19,10.775,0.1638,2.9734,-3.4243e-05,-985640.0,-780.51,-15.022,0.0,0.0,20.942,0.0,0.1638,0.0,-15.0,0.3247,20.0
128,2023-05-09,0.0,0.27432,1.025,15.4,8.18645833333333,0.0,0.27432,9.840399999999999e-32,0.081998,-2.6822e-07,11.19,11.049,0.1638,3.0554,-3.4511e-05,-985640.0,-783.8,-15.022,0.0,0.0,20.846,0.0,0.1638,0.0,-15.0,0.3247,20.0
129,2023-05-10,0.0,0.32512,3.225,17.25,10.9427083333333,0.0,0.32512,9.840399999999999e-32,0.097182,-2.6822e-07,11.19,11.374,0.1638,3.1525,-3.4779e-05,-985640.0,-787.65,-15.022,0.0,0.0,20.756,0.0,0.1638,0.0,-15.0,0.3247,20.0
130,2023-05-11,0.1105,0.2286,5.325,15.625,10.3104166666667,0.0,0.2286,9.8403e-32,0.068331,-2.6822e-07,11.19,11.603,0.1638,3.2209,-3.5048e-05,-985640.0,-791.98,-15.022,0.0,0.0,20.674,0.0,0.1638,0.0,-15.0,0.3247,20.0
131,2023-05-12,0.0068,0.29972,2.25,20.025,11.2541666666667,0.0,0.29972,9.8403e-32,0.08959,-2.6822e-07,11.19,11.902,0.1638,3.3105,-3.5316e-05,-985640.0,-797.42,-15.022,0.0,0.0,20.595,0.0,0.1638,0.0,-15.0,0.3247,20.0
132,2023-05-13,0.0,0.18288,4.425,15.375,11.121875,0.0,0.18288,9.8403e-32,0.054665,-2.6822e-07,11.19,12.085,0.1638,3.3651,-3.5584e-05,-985630.0,-803.82,-15.023,0.0,0.0,20.523,0.0,0.1638,0.0,-15.0,0.3247,20.0
133,2023-05-14,0.0,0.21336,6.3,18.9,12.278125,0.0,0.21336,9.8403e-32,0.063776,-2.6822e-07,11.19,12.299,0.1638,3.4289,-3.5852e-05,-985630.0,-810.88,-15.023,0.0,0.0,20.463,0.0,0.1638,0.0,-15.0,0.3247,20.0
134,2023-05-15,0.0,0.42926,6.0,24.85,15.95,0.0,0.42926,9.8403e-32,0.12831,-2.6822e-07,11.19,12.728,0.1638,3.5572,-3.612e-05,-985630.0,-829.41,-15.023,0.0,0.0,20.367,0.0,0.1638,0.0,-15.0,0.3247,20.0
135,2023-05-16,0.0017,0.51816,13.125,26.95,18.9208333333333,0.0,0.51816,9.8402e-32,0.13213,-2.6822e-07,11.19,13.246,0.1638,3.6926,-3.6389e-05,-985630.0,-880.6,-15.023,0.0,0.0,20.234,0.0,0.1638,0.0,-15.0,0.3247,20.0
136,2023-05-17,0.1327,0.18542,6.85,15.725,11.4177083333333,0.0,0.18542,9.8402e-32,0.044847,-2.6822e-07,11.19,13.432,0.1638,3.7392,-3.6657e-05,-985630.0,-934.93,-15.023,0.0,0.0,20.144,0.0,0.1638,0.0,-15.0,0.3247,20.0
137,2023-05-18,0.0051,0.33528,2.475,20.725,11.7791666666667,0.0,0.33528,9.840399999999999e-32,0.068127,-2.6822e-07,11.19,13.767,0.1638,3.8086,-3.6925e-05,-985640.0,-972.82,-15.023,0.0,0.0,20.086,0.0,0.1638,0.0,-15.0,0.3247,20.0
138,2023-05-19,0.0,0.42672,2.825,26.675,15.3260416666667,0.0,0.42672,9.840399999999999e-32,0.074298,-2.6822e-07,11.19,14.194,0.1638,3.8875,-3.7193e-05,-985640.0,-1014.2,-15.024,0.0,0.0,20.01,0.0,0.1638,0.0,-15.0,0.3247,20.0
139,2023-05-20,0.0,0.4064,8.9,26.5,18.53125,0.0,0.4064,9.840399999999999e-32,0.064161,-2.6822e-07,11.19,14.6,0.1638,3.9528,-3.7462e-05,-985640.0,-1053.9,-15.024,0.0,0.0,19.94,0.0,0.1638,0.0,-15.0,0.3247,20.0
140,2023-05-21,0.0,0.4445,9.325,29.55,19.6916666666667,0.0,0.4445,9.840399999999999e-32,0.060173,-2.6822e-07,11.19,15.044,0.1638,4.0163,-3.773e-05,-985640.0,-1091.6,-15.024,0.0,0.0,19.874,0.0,0.1638,0.0,-15.0,0.3247,20.0
141,2023-05-22,0.6886,0.35052,10.125,22.5,16.721875,0.0,0.35052,9.8403e-32,0.042366,-2.6822e-07,11.19,15.395,0.1638,4.0599,-3.7998e-05,-985640.0,-1125.7,-15.024,0.0,0.0,19.822,0.0,0.1638,0.0,-15.0,0.3247,20.0
142,2023-05-23,0.0,0.40894,6.175,21.575,14.3166666666667,0.0,0.40894,9.8403e-32,0.047104,-2.6822e-07,11.19,15.804,0.1638,4.1073,-3.8266e-05,-985630.0,-1148.2,-15.024,0.0,0.0,19.777,0.0,0.1638,0.0,-15.0,0.3247,20.0
143,2023-05-24,0.0578,0.2794,9.5,20.725,14.33125,0.0,0.2794,9.8403e-32,0.029513,-2.6822e-07,11.19,16.083,0.1638,4.1378,-3.8534e-05,-985630.0,-1173.0,-15.024,0.0,0.0,19.737,0.0,0.1638,0.0,-15.0,0.3247,20.0
144,2023-05-25,0.1445,0.14732,10.4,15.825,12.5489583333333,0.0,0.14732,9.8403e-32,0.014257,-2.6822e-07,11.19,16.231,0.1638,4.1523,-3.8803e-05,-985630.0,-1191.2,-15.025,0.0,0.0,19.715,0.0,0.1638,0.0,-15.0,0.3247,20.0
145,2023-05-26,0.1394,0.11938,10.425,14.8,12.3583333333333,0.0,0.11938,9.8403e-32,0.010734,-2.6822e-07,11.19,16.35,0.1638,4.1632,-3.9071e-05,-985630.0,-1201.7,-15.025,0.0,0.0,19.703,0.0,0.1638,0.0,-15.0,0.3247,20.0
146,2023-05-27,1.7901,0.10922,9.75,12.975,11.4697916666667,0.0,0.10922,9.8402e-32,0.0094293,-2.6822e-07,11.19,16.459,0.1638,4.1727,-3.9339e-05,-985630.0,-1207.8,-15.025,0.0,0.0,19.692,0.0,0.1638,0.0,-15.0,0.3247,20.0
147,2023-05-28,0.1819,0.37846,8.75,23.6,15.5322916666667,0.0,0.37846,9.840399999999999e-32,0.031231,-2.6822e-07,11.19,16.838,0.1638,4.2041,-3.9607e-05,-985640.0,-1215.6,-15.025,0.0,0.0,19.672,0.0,0.1638,0.0,-15.0,0.3247,20.0
148,2023-05-29,0.0374,0.44196,10.375,22.775,16.4135416666667,0.0,0.44196,9.840399999999999e-32,0.035795,-2.6822e-07,11.19,17.28,0.1638,4.2401,-3.9876e-05,-985640.0,-1229.0,-15.025,0.0,0.0,19.638,0.0,0.1638,0.0,-15.0,0.3247,20.0
149,2023-05-30,0.0,0.44958,9.5,25.775,17.7614583333333,0.0,0.44958,9.840399999999999e-32,0.032243,-2.6822e-07,11.19,17.729,0.1638,4.2735,-4.0144e-05,-985640.0,-1250.1,-15.026,0.0,0.0,19.603,0.0,0.1638,0.0,-15.0,0.3247,20.0
150,2023-05-31,0.017,0.33528,6.725,26.0,15.9875,0.0,0.33528,9.840399999999999e-32,0.021146,-2.6822e-07,11.19,18.064,0.1638,4.2954,-4.0412e-05,-985640.0,-1272.4,-15.026,0.0,0.0,19.576,0.0,0.1638,0.0,-15.0,0.3247,20.0
151,2023-06-01,0.0085,0.26162,8.35,20.425,14.171875,0.0,0.26162,9.8403e-32,0.066237,-2.6822e-07,11.19,18.326,0.1638,4.3496,-4.068e-05,-985640.0,-848.32,-15.026,0.0,0.0,19.544,0.0,0.1638,0.0,-15.0,0.3247,20.0
152,2023-06-02,0.7684,0.10414,11.1,13.225,12.0458333333333,0.0,0.10414,9.8403e-32,0.026201,-2.6822e-07,11.19,18.43,0.1638,4.3759,-4.0948e-05,-985630.0,-852.98,-15.026,0.0,0.0,19.498,0.0,0.1638,0.0,-15.0,0.3247,20.0
153,2023-06-03,0.6732,0.1905,8.7,14.75,12.2625,0.0,0.1905,9.8403e-32,0.047693,-2.6822e-07,11.19,18.621,0.1638,4.4236,-4.1217e-05,-985630.0,-856.58,-15.026,0.0,0.0,19.461,0.0,0.1638,0.0,-15.0,0.3247,20.0
154,2023-06-04,0.0153,0.41656,5.925,23.65,15.775,0.0,0.41656,9.8403e-32,0.10407,-2.6822e-07,11.19,19.037,0.1638,4.5277,-4.1485e-05,-985630.0,-864.2,-15.026,0.0,0.0,19.385,0.0,0.1638,0.0,-15.0,0.3247,20.0
155,2023-06-05,0.017,0.37592,10.2,25.875,17.9572916666667,0.0,0.37592,9.8403e-32,0.089036,-2.6822e-07,11.19,19.413,0.1638,4.6182,-4.1753e-05,-985630.0,-881.04,-15.027,0.0,0.0,19.287,0.0,0.1638,0.0,-15.0,0.3247,20.0
156,2023-06-06,0.0017,0.32258,9.85,21.75,15.0395833333333,0.0,0.32258,9.8402e-32,0.071789,-2.6822e-07,11.19,19.736,0.1638,4.691,-4.2021e-05,-985630.0,-897.74,-15.027,0.0,0.0,19.205,0.0,0.1638,0.0,-15.0,0.3247,20.0
157,2023-06-07,0.0034,0.4191,7.425,26.35,17.7479166666667,0.0,0.4191,9.840399999999999e-32,0.091279,-2.6822e-07,11.19,20.155,0.1638,4.7825,-4.2289e-05,-985640.0,-906.47,-15.027,0.0,0.0,19.123,0.0,0.1638,0.0,-15.0,0.3247,20.0
158,2023-06-08,1.123,0.28448,10.95,23.25,17.1291666666667,0.0,0.28448,9.840399999999999e-32,0.061726,-2.6822e-07,11.19,20.439,0.1638,4.8443,-4.2558e-05,-985640.0,-913.36,-15.027,0.0,0.0,19.047,0.0,0.1638,0.0,-15.0,0.3247,20.0
159,2023-06-09,0.5614,0.19304,13.25,19.575,15.8625,0.0,0.19304,9.840399999999999e-32,0.041831,-2.6822e-07,11.19,20.632,0.1638,4.8861,-4.2826e-05,-985640.0,-918.86,-15.027,0.0,0.0,18.995,0.0,0.1638,0.0,-15.0,0.3247,20.0
160,2023-06-10,0.0238,0.24638,11.4,20.7,15.959375,0.0,0.24638,9.840399999999999e-32,0.053383,-2.6822e-07,11.19,20.879,0.1638,4.9395,-4.3094e-05,-985640.0,-926.1,-15.027,0.0,0.0,18.948,0.0,0.1638,0.0,-15.0,0.3247,20.0
161,2023-06-11,0.0136,0.41148,8.85,23.425,16.7239583333333,0.0,0.41148,9.8403e-32,0.082292,-2.6822e-07,11.19,21.29,0.1638,5.0234,-4.3362e-05,-985640.0,-940.8,-15.028,0.0,0.0,18.878,0.0,0.1638,0.0,-15.0,0.3247,20.0
162,2023-06-12,0.0102,0.41402,9.95,24.225,17.5041666666667,0.0,0.41402,9.8403e-32,0.078358,-2.6822e-07,11.19,21.704,0.1638,5.1025,-4.3631e-05,-985630.0,-955.27,-15.028,0.0,0.0,18.797,0.0,0.1638,0.0,-15.0,0.3247,20.0
163,2023-06-13,0.0051,0.46482,7.65,26.175,17.7364583333333,0.0,0.46482,9.8403e-32,0.086691,-2.6822e-07,11.19,22.169,0.1638,5.1894,-4.3899e-05,-985630.0,-963.35,-15.028,0.0,0.0,18.714,0.0,0.1638,0.0,-15.0,0.3247,20.0
164,2023-06-14,0.0,0.44958,8.75,19.225,16.26875,0.0,0.44958,9.8403e-32,0.083556,-2.6822e-07,11.19,22.619,0.1638,5.273,-4.4167e-05,-985630.0,-971.38,-15.028,0.0,0.0,18.629,0.0,0.1638,0.0,-15.0,0.3247,20.0
165,2023-06-15,0.0,0.26924,5.1,17.1,11.3458333333333,0.0,0.26924,9.8403e-32,0.050002,-2.6822e-07,11.19,22.888,0.1638,5.323,-4.4435e-05,-985630.0,-980.3,-15.028,0.0,0.0,18.562,0.0,0.1638,0.0,-15.0,0.3247,20.0
166,2023-06-16,0.0119,0.4318,3.15,23.3,13.9916666666667,0.0,0.4318,9.8402e-32,0.074741,-2.6822e-07,11.19,23.32,0.1638,5.399,-4.4703e-05,-985630.0,-993.78,-15.028,0.0,0.0,18.499,0.0,0.1638,0.0,-15.0,0.3247,20.0
167,2023-06-17,0.068,0.3937,10.05,22.15,15.9583333333333,0.0,0.3937,9.840399999999999e-32,0.06379,-2.6822e-07,11.19,23.713,0.1638,5.4638,-4.4972e-05,-985650.0,-1009.5,-15.029,0.0,0.0,18.428,0.0,0.1638,0.0,-15.0,0.3247,20.0
168,2023-06-18,0.2451,0.34036,5.15,18.225,12.6614583333333,0.0,0.34036,9.840399999999999e-32,0.053966,-2.6822e-07,11.19,24.054,0.1638,5.518,-4.524e-05,-985640.0,-1016.7,-15.029,0.0,0.0,18.369,0.0,0.1638,0.0,-15.0,0.3247,20.0
169,2023-06-19,0.0,0.4699,5.55,17.625,11.7541666666667,0.0,0.4699,9.840399999999999e-32,0.073945,-2.6822e-07,11.19,24.524,0.1638,5.592,-4.5508e-05,-985640.0,-1022.2,-15.029,0.0,0.0,18.305,0.0,0.1638,0.0,-15.0,0.3247,20.0
170,2023-06-20,0.0,0.4445,4.825,18.9,11.8979166666667,0.0,0.4445,9.840399999999999e-32,0.06985,-2.6822e-07,11.19,24.968,0.1638,5.6619,-4.5776e-05,-985640.0,-1028.8,-15.029,0.0,0.0,18.233,0.0,0.1638,0.0,-15.0,0.3247,20.0
171,2023-06-21,0.0289,0.34798,0.75,18.575,10.0989583333333,0.0,0.34798,9.8403e-32,0.054609,-2.6822e-07,11.19,25.316,0.1638,5.7165,-4.6045e-05,-985640.0,-1037.5,-15.029,0.0,0.0,18.171,0.0,0.1638,0.0,-15.0,0.3247,20.0
172,2023-06-22,0.0051,0.4064,1.225,21.425,12.753125,0.0,0.4064,9.8403e-32,0.059783,-2.6822e-07,11.19,25.723,0.1638,5.7772,-4.6313e-05,-985640.0,-1050.4,-15.029,0.0,0.0,18.113,0.0,0.1638,0.0,-15.0,0.3247,20.0
173,2023-06-23,0.4835,0.32004,4.275,23.925,13.8770833333333,0.0,0.32004,9.8403e-32,0.044427,-2.6822e-07,11.19,26.043,0.1638,5.8223,-4.6581e-05,-985630.0,-1064.4,-15.03,0.0,0.0,18.06,0.0,0.1638,0.0,-15.0,0.3247,20.0
174,2023-06-24,0.0204,0.40132,9.65,24.3,16.6302083333333,0.0,0.40132,9.8403e-32,0.053357,-2.6822e-07,11.19,26.444,0.1638,5.8761,-4.6849e-05,-985630.0,-1073.7,-15.03,0.0,0.0,18.011,0.0,0.1638,0.0,-15.0,0.3247,20.0
175,2023-06-25,0.5101,0.34036,6.85,25.475,15.0083333333333,-2.1611,0.34036,-0.69722,0.10321,2.4554e-13,9.0289,26.784,-1.0477,5.9647,-4.6849e-05,0.0,-859.39,-15.03,1.4639,0.94981,19.134,1.2115,0.1638,0.0,-15.0,0.3247,20.0
176,2023-06-26,0.0102,0.43942,7.55,25.375,16.71875,-1.6612,0.43942,-0.57619,0.15806,-5.6141e-07,7.3677,27.224,-1.6665,6.1057,-4.6968e-05,0.0,-755.47,-15.03,1.085,1.9922,19.612,1.8303,0.1638,0.0,-15.0,0.3247,20.0
177,2023-06-27,0.3195,0.34036,7.675,24.625,16.1354166666667,-1.9705,0.34036,-0.53195,0.11995,-2.4553e-13,5.3972,27.564,-2.2188,6.2213,-4.7073e-05,0.0,-660.96,-15.03,1.4386,3.4104,20.048,2.3826,0.1638,0.0,-15.0,0.3247,20.0
178,2023-06-28,0.6885,0.35052,10.85,22.875,16.246875,0.0,0.35052,-2.0023e-08,0.20364,-2.5774e-07,5.3972,27.915,-2.2188,6.4249,-4.7326e-05,-8.5571,-666.69,-15.03,0.0,3.4104,19.846,2.3826,0.1638,0.0,-15.0,0.3247,20.0
179,2023-06-29,0.0051,0.4699,9.825,28.45,19.3947916666667,-3.3071,0.4699,-0.52152,0.16009,2.4552e-13,2.0901,28.385,-2.7971,6.603,-4.7356e-05,0.0,-621.3,-15.03,2.7856,6.1392,20.244,2.9609,0.1638,0.0,-15.0,0.3247,20.0
180,2023-06-30,0.0,0.46482,12.425,30.125,22.1291666666667,0.0,0.46482,-1.5134e-08,0.28776,-2.7341e-07,2.0901,28.849,-2.7971,6.8923,-4.7609e-05,-8.7933,-641.55,-15.03,0.0,6.1392,19.956,2.9609,0.1638,0.0,-15.0,0.3247,20.0
181,2023-07-01,0.0,0.58928,14.4,31.125,22.9822916666667,-3.302,0.58928,-0.51683,0.18975,-3.5283e-07,-1.2119,29.439,-3.3851,7.125,-4.7684e-05,0.0,-654.06,-15.03,2.7852,8.8532,20.31,3.5489,0.1638,0.0,-15.0,0.3247,20.0
182,2023-07-02,0.0,0.44958,8.7,27.4,19.7010416666667,0.0,0.44958,-1.8161e-08,0.26993,-2.5527e-07,-1.2119,29.888,-3.3851,7.3966,-4.7937e-05,-8.7553,-675.21,-15.03,0.0,8.8532,20.039,3.5489,0.1638,0.0,-15.0,0.3247,20.0
183,2023-07-03,0.8263,0.37592,8.675,23.075,14.9052083333333,-2.4773,0.37592,-0.50955,0.11262,0.0,-3.6892,30.264,-3.9619,7.5327,-4.7952e-05,0.0,-632.38,-15.03,1.9677,10.754,20.478,4.1257,0.1638,0.0,-15.0,0.3247,20.0
184,2023-07-04,0.0102,0.29972,7.075,18.65,12.45,0.0,0.29972,6.5193e-09,0.19131,-2.6273e-07,-3.6892,30.564,-3.9619,7.7246,-4.822e-05,-8.4339,-647.15,-15.031,0.0,10.754,20.288,4.1257,0.1638,0.0,-15.0,0.3247,20.0
185,2023-07-05,0.0,0.3937,4.425,25.325,14.9354166666667,0.0,0.3937,1.9791e-08,0.24896,-2.7816e-07,-3.6892,30.958,-3.9619,7.9743,-4.8473e-05,-9.6058,-661.94,-15.031,0.0,10.754,20.052,4.1257,0.1638,0.0,-15.0,0.3247,20.0
186,2023-07-06,0.0,0.3937,7.475,26.875,17.6114583333333,0.0,0.3937,-6.2864e-09,0.24656,-2.6822e-07,-3.6892,31.351,-3.9619,8.2214,-4.8742e-05,-10.602,-677.98,-15.031,0.0,10.754,19.804,4.1257,0.1638,0.0,-15.0,0.3247,20.0
187,2023-07-07,0.0,0.41148,7.825,25.75,17.7020833333333,0.0,0.41148,-8.0327e-09,0.25543,-2.6822e-07,-3.6892,31.763,-3.9619,8.4774,-4.901e-05,-11.348,-693.97,-15.031,0.0,10.754,19.552,4.1257,0.1638,0.0,-15.0,0.3247,20.0
188,2023-07-08,0.0,0.42672,7.15,28.65,18.55625,0.0,0.42672,1.4901e-08,0.26323,-2.6822e-07,-3.6892,32.189,-3.9619,8.7409,-4.9278e-05,-11.76,-709.56,-15.031,0.0,10.754,19.293,4.1257,0.1638,0.0,-15.0,0.3247,20.0
189,2023-07-09,0.0,0.46482,9.525,32.1,20.8197916666667,0.0,0.46482,4.5402e-09,0.28492,-2.6822e-07,-3.6892,32.654,-3.9619,9.0263,-4.9546e-05,-12.051,-724.64,-15.031,0.0,10.754,19.018,4.1257,0.1638,0.0,-15.0,0.3247,20.0
190,2023-07-10,0.0,0.4191,11.95,31.35,21.0125,0.0,0.4191,-1.4203e-08,0.25538,-2.6822e-07,-3.6892,33.073,-3.9619,9.2822,-4.9815e-05,-12.417,-742.07,-15.032,0.0,10.754,18.748,4.1257,0.1638,0.0,-15.0,0.3247,20.0
191,2023-07-11,0.0,0.3302,10.675,25.05,17.6322916666667,0.0,0.3302,6.6357e-09,0.20022,-2.6822e-07,-3.6892,33.404,-3.9619,9.4827,-5.0083e-05,-12.832,-759.94,-15.032,0.0,10.754,18.519,4.1257,0.1638,0.0,-15.0,0.3247,20.0
192,2023-07-12,0.0,0.43434,9.325,29.675,19.7041666666667,0.0,0.43434,-7.2177e-09,0.26155,-2.6822e-07,-3.6892,33.838,-3.9619,9.7447,-5.0351e-05,-13.277,-781.62,-15.032,0.0,10.754,18.288,4.1257,0.1638,0.0,-15.0,0.3247,20.0
193,2023-07-13,0.0902,0.3937,10.875,28.325,18.1260416666667,-1.3602,0.3937,-0.62187,0.1913,0.0,-5.0494,34.232,-4.8907,9.9684,-5.0396e-05,0.0,-780.01,-15.032,0.73833,11.187,18.993,5.0544,0.1638,0.0,-15.0,0.3247,20.0
194,2023-07-14,0.0,0.35306,8.625,26.925,17.66875,-1.27,0.35306,-0.54873,0.15101,-2.4539e-13,-6.3194,34.585,-5.47,10.131,-5.0575e-05,0.0,-781.58,-15.032,0.72127,11.878,19.409,5.6338,0.1638,0.0,-15.0,0.3247,20.0
195,2023-07-15,0.0,0.41402,9.325,30.425,20.0177083333333,-1.27,0.41402,-0.51974,0.12095,0.0,-7.5894,34.999,-6.0031,10.283,-5.0694e-05,0.0,-793.48,-15.032,0.75026,12.615,19.789,6.1669,0.1638,0.0,-15.0,0.3247,20.0
196,2023-07-16,0.0,0.4318,10.125,31.8,21.578125,-1.27,0.4318,-0.50899,0.10856,-3.9148e-07,-8.8594,35.43,-6.5173,10.398,-5.0858e-05,0.0,-763.99,-15.032,0.76101,13.371,20.188,6.6811,0.1638,0.0,-15.0,0.3247,20.0
197,2023-07-17,0.0102,0.46736,11.6,31.9,21.653125,-1.2802,0.46736,-0.50334,0.10713,0.0,-10.14,35.898,-7.0241,10.511,-5.0917e-05,0.0,-666.37,-15.032,0.77686,14.144,20.581,7.1879,0.1638,0.0,-15.0,0.3247,20.0
198,2023-07-18,0.0,0.4445,5.8,28.55,18.1614583333333,-2.54,0.4445,-0.5035,0.096601,-2.4537e-13,-12.68,36.342,-7.5268,10.613,-5.0977e-05,0.0,-615.63,-15.032,2.0365,16.181,20.982,7.6906,0.1638,0.0,-15.0,0.3247,20.0
199,2023-07-19,0.0,0.4191,5.7,27.475,18.4979166666667,0.0,0.4191,-2.3283e-09,0.29973,-2.8304e-07,-12.68,36.761,-7.5268,10.913,-5.123e-05,-8.6881,-627.58,-15.033,0.0,16.181,20.687,7.6906,0.1638,0.0,-15.0,0.3247,20.0
200,2023-07-20,0.0,0.43942,6.725,31.125,21.0604166666667,-1.27,0.43942,-0.50004,0.089735,2.4536e-13,-13.95,37.201,-8.0913,11.085,-5.1245e-05,0.0,-580.51,-15.033,0.76996,16.887,21.075,8.2551,0.1638,0.0,-15.0,0.3247,20.0
201,2023-07-21,0.0,0.47244,9.5,35.65,23.0864583333333,0.0,0.47244,3.5157e-08,0.35479,-2.231e-07,-13.95,37.673,-8.0913,11.437,-5.1469e-05,-8.8145,-589.02,-15.033,0.0,16.887,20.725,8.2551,0.1638,0.0,-15.0,0.3247,20.0
202,2023-07-22,0.0,0.46736,11.45,36.55,24.0,0.0,0.46736,6.0536e-09,0.35038,-2.7816e-07,-13.95,38.141,-8.0913,11.788,-5.1722e-05,-10.058,-600.15,-15.033,0.0,16.887,20.373,8.2551,0.1638,0.0,-15.0,0.3247,20.0
203,2023-07-23,0.0,0.45974,9.95,36.05,24.60625,0.0,0.45974,2.1071e-08,0.34387,-2.6822e-07,-13.95,38.6,-8.0913,12.132,-5.199e-05,-11.059,-613.26,-15.033,0.0,16.887,20.027,8.2551,0.1638,0.0,-15.0,0.3247,20.0
204,2023-07-24,0.0,0.4699,12.925,36.925,24.6635416666667,0.0,0.4699,1.0245e-08,0.35051,-2.6822e-07,-13.95,39.07,-8.0913,12.483,-5.2258e-05,-11.644,-631.43,-15.033,0.0,16.887,19.679,8.2551,0.1638,0.0,-15.0,0.3247,20.0
205,2023-07-25,0.0,0.46482,15.375,29.8,23.028125,0.0,0.46482,6.8685e-09,0.33577,-2.6822e-07,-13.95,39.535,-8.0913,12.822,-5.2527e-05,-11.942,-661.37,-15.033,0.0,16.887,19.332,8.2551,0.1638,0.0,-15.0,0.3247,20.0
206,2023-07-26,0.0,0.44958,10.725,30.1,20.25,0.0,0.44958,1.2747e-08,0.3185,-2.6822e-07,-13.95,39.985,-8.0913,13.142,-5.2795e-05,-12.317,-688.95,-15.034,0.0,16.887,19.004,8.2551,0.1638,0.0,-15.0,0.3247,20.0
207,2023-07-27,0.0,0.34036,6.375,25.225,17.2885416666667,0.0,0.34036,1.4435e-08,0.23971,-2.6822e-07,-13.95,40.325,-8.0913,13.382,-5.3063e-05,-12.753,-708.32,-15.034,0.0,16.887,18.725,8.2551,0.1638,0.0,-15.0,0.3247,20.0
208,2023-07-28,0.0,0.36068,6.85,28.8,18.3135416666667,0.0,0.36068,-3.376e-09,0.25324,-2.6822e-07,-13.95,40.686,-8.0913,13.635,-5.3331e-05,-13.216,-724.69,-15.034,0.0,16.887,18.478,8.2551,0.1638,0.0,-15.0,0.3247,20.0
209,2023-07-29,0.0,0.3937,7.725,31.125,20.24375,0.0,0.3937,8.1491e-10,0.27601,-2.6822e-07,-13.95,41.079,-8.0913,13.911,-5.3599e-05,-13.694,-746.4,-15.034,0.0,16.887,18.213,8.2551,0.1638,0.0,-15.0,0.3247,20.0
210,2023-07-30,0.0,0.39116,9.075,32.525,21.4,0.0,0.39116,4.0163e-09,0.27407,-2.6822e-07,-13.95,41.471,-8.0913,14.185,-5.3868e-05,-14.165,-783.64,-15.034,0.0,16.887,17.938,8.2551,0.1638,0.0,-15.0,0.3247,20.0
211,2023-07-31,0.0,0.41402,8.5,34.65,22.3989583333333,0.0,0.41402,-1.1816e-08,0.2546,-2.6822e-07,-13.95,41.885,-8.0913,14.458,-5.4136e-05,-14.574,-871.46,-15.034,0.0,16.887,17.656,8.2551,0.1638,0.0,-15.0,0.3247,20.0
212,2023-08-01,0.0,0.43942,14.525,35.1,24.5697916666667,0.0,0.43942,3.7253e-09,0.16407,-2.6822e-07,-13.95,42.324,-8.0913,14.643,-5.4404e-05,-14.835,-1032.4,-15.035,0.0,16.887,17.426,8.2551,0.1638,0.0,-15.0,0.3247,20.0
213,2023-08-02,0.0,0.43688,10.225,34.525,23.2104166666667,0.0,0.43688,8.1491e-10,0.11018,-2.6822e-07,-13.95,42.761,-8.0913,14.765,-5.4672e-05,-15.05,-1168.9,-15.035,0.0,16.887,17.277,8.2551,0.1638,0.0,-15.0,0.3247,20.0
214,2023-08-03,0.0,0.39624,15.1,34.45,25.1635416666667,0.0,0.39624,-6.5775e-09,0.067983,-2.6822e-07,-13.95,43.157,-8.0913,14.84,-5.4941e-05,-15.281,-1262.8,-15.035,0.0,16.887,17.181,8.2551,0.1638,0.0,-15.0,0.3247,20.0
215,2023-08-04,0.0,0.35814,14.8,32.1,22.8239583333333,0.0,0.35814,7.4506e-09,0.039697,-2.6822e-07,-13.95,43.515,-8.0913,14.885,-5.5209e-05,-15.503,-1334.4,-15.035,0.0,16.887,17.121,8.2551,0.1638,0.0,-15.0,0.3247,20.0
216,2023-08-05,0.0051,0.19558,14.25,22.35,17.4322916666667,0.0,0.19558,-7.6834e-09,0.014544,-2.6822e-07,-13.95,43.711,-8.0913,14.902,-5.5477e-05,-15.712,-1382.4,-15.035,0.0,16.887,17.092,8.2551,0.1638,0.0,-15.0,0.3247,20.0
217,2023-08-06,0.0153,0.14986,10.4,18.3,15.1177083333333,0.0,0.14986,-1.7753e-09,0.0067082,-2.6822e-07,-13.95,43.861,-8.0913,14.91,-5.5745e-05,-15.909,-1406.4,-15.035,0.0,16.887,17.08,8.2551,0.1638,0.0,-15.0,0.3247,20.0
218,2023-08-07,0.0017,0.34036,7.9,28.625,17.475,0.0,0.34036,-1.1612e-08,0.0082548,-2.6822e-07,-13.95,44.201,-8.0913,14.919,-5.6013e-05,-16.094,-1418.2,-15.036,0.0,16.887,17.072,8.2551,0.1638,0.0,-15.0,0.3247,20.0
219,2023-08-08,0.0017,0.3556,8.675,30.1,19.2875,0.0,0.3556,-9.4005e-09,0.0073411,-2.6822e-07,-13.95,44.557,-8.0913,14.926,-5.6282e-05,-16.267,-1425.7,-15.036,0.0,16.887,17.064,8.2551,0.1638,0.0,-15.0,0.3247,20.0
220,2023-08-09,0.0034,0.4064,13.025,28.9,20.1895833333333,0.0,0.4064,-1.1642e-08,0.0076071,-2.6822e-07,-13.95,44.963,-8.0913,14.934,-5.655e-05,-16.429,-1430.5,-15.036,0.0,16.887,17.056,8.2551,0.1638,0.0,-15.0,0.3247,20.0
221,2023-08-10,0.0,0.46228,12.7,27.5,19.2614583333333,0.0,0.46228,-5.9081e-09,0.0080053,-2.6822e-07,-13.95,45.425,-8.0913,14.942,-5.6818e-05,-16.581,-1435.3,-15.036,0.0,16.887,17.048,8.2551,0.1638,0.0,-15.0,0.3247,20.0
222,2023-08-11,0.0,0.39878,9.2,29.525,19.2677083333333,0.0,0.39878,4.2055e-09,0.0066399,-2.6822e-07,-13.95,45.824,-8.0913,14.949,-5.7086e-05,-16.723,-1439.0,-15.036,0.0,16.887,17.041,8.2551,0.1638,0.0,-15.0,0.3247,20.0
223,2023-08-12,0.0017,0.26924,9.75,31.875,18.0302083333333,0.0,0.26924,1.1307e-08,0.0044562,-2.6822e-07,-13.95,46.093,-8.0913,14.954,-5.7355e-05,-16.856,-1441.4,-15.036,0.0,16.887,17.035,8.2551,0.1638,0.0,-15.0,0.3247,20.0
224,2023-08-13,0.0,0.3556,8.125,28.05,18.1322916666667,0.0,0.3556,1.0943e-08,0.005621,-2.6822e-07,-13.95,46.449,-8.0913,14.959,-5.7623e-05,-16.98,-1443.2,-15.037,0.0,16.887,17.03,8.2551,0.1638,0.0,-15.0,0.3247,20.0
225,2023-08-14,0.0,0.41148,8.45,33.725,21.628125,0.0,0.41148,-6.6502e-09,0.0063217,-2.6822e-07,-13.95,46.86,-8.0913,14.966,-5.7891e-05,-17.096,-1444.8,-15.037,0.0,16.887,17.024,8.2551,0.1638,0.0,-15.0,0.3247,20.0
226,2023-08-15,0.0,0.43688,15.275,38.175,26.3229166666667,0.0,0.43688,4.4529e-09,0.0065939,-2.6822e-07,-13.95,47.297,-8.0913,14.972,-5.8159e-05,-17.205,-1446.4,-15.037,0.0,16.887,17.018,8.2551,0.1638,0.0,-15.0,0.3247,20.0
227,2023-08-16,0.0,0.32258,15.85,29.2,22.63125,0.0,0.32258,2.6193e-09,0.0048556,-2.6822e-07,-13.95,47.62,-8.0913,14.977,-5.8427e-05,-17.307,-1447.7,-15.037,0.0,16.887,17.012,8.2551,0.1638,0.0,-15.0,0.3247,20.0
228,2023-08-17,0.0,0.44958,11.65,36.825,24.23125,0.0,0.44958,9.6043e-10,0.0066324,-2.6822e-07,-13.95,48.069,-8.0913,14.984,-5.8696e-05,-17.403,-1448.9,-15.037,0.0,16.887,17.006,8.2551,0.1638,0.0,-15.0,0.3247,20.0
229,2023-08-18,0.0,0.55372,13.125,31.375,25.1322916666667,0.0,0.55372,1.1249e-08,0.0080858,-2.6822e-07,-13.95,48.623,-8.0913,14.992,-5.8964e-05,-17.492,-1450.3,-15.037,0.0,16.887,16.999,8.2551,0.1638,0.0,-15.0,0.3247,20.0
230,2023-08-19,0.0,0.29972,6.5,20.4,14.4458333333333,0.0,0.29972,1.298e-08,0.0044268,-2.6822e-07,-13.95,48.923,-8.0913,14.996,-5.9232e-05,-17.575,-1451.5,-15.038,0.0,16.887,16.993,8.2551,0.1638,0.0,-15.0,0.3247,20.0
231,2023-08-20,0.0,0.25146,11.95,22.0,17.2677083333333,0.0,0.25146,1.2828e-08,0.0037236,-2.6822e-07,-13.95,49.174,-8.0913,15.0,-5.95e-05,-17.653,-1452.3,-15.038,0.0,16.887,16.989,8.2551,0.1638,0.0,-15.0,0.3247,20.0
232,2023-08-21,0.0936,0.11938,14.325,17.525,16.1645833333333,0.0,0.11938,-3.4706e-09,0.0018089,-2.6822e-07,-13.95,49.294,-8.0913,15.002,-5.9769e-05,-17.726,-1452.8,-15.038,0.0,16.887,16.986,8.2551,0.1638,0.0,-15.0,0.3247,20.0
233,2023-08-22,0.277,0.36068,14.6,29.775,20.0697916666667,0.0,0.36068,8.5493e-09,0.0052806,-2.6822e-07,-13.95,49.654,-8.0913,15.007,-6.0037e-05,-17.794,-1453.8,-15.038,0.0,16.887,16.982,8.2551,0.1638,0.0,-15.0,0.3247,20.0
234,2023-08-23,0.034,0.40386,14.275,25.6,19.2552083333333,0.0,0.40386,-1.1612e-08,0.0058776,-2.6822e-07,-13.95,50.058,-8.0913,15.013,-6.0305e-05,-17.858,-1455.2,-15.038,0.0,16.887,16.977,8.2551,0.1638,0.0,-15.0,0.3247,20.0
235,2023-08-24,0.0,0.36322,8.625,27.575,17.959375,0.0,0.36322,1.3722e-08,0.0052864,-2.6822e-07,-13.95,50.422,-8.0913,15.018,-6.0573e-05,-17.917,-1456.7,-15.038,0.0,16.887,16.971,8.2551,0.1638,0.0,-15.0,0.3247,20.0
236,2023-08-25,0.0,0.28194,6.05,24.85,15.20625,0.0,0.28194,2.161e-09,0.0041174,-2.6822e-07,-13.95,50.703,-8.0913,15.022,-6.0841e-05,-17.973,-1458.3,-15.039,0.0,16.887,16.966,8.2551,0.1638,0.0,-15.0,0.3247,20.0
237,2023-08-26,0.0,0.3683,11.175,31.35,20.5875,0.0,0.3683,-1.1132e-08,0.0053375,-2.6822e-07,-13.95,51.072,-8.0913,15.028,-6.111e-05,-18.025,-1460.1,-15.039,0.0,16.887,16.962,8.2551,0.1638,0.0,-15.0,0.3247,20.0
238,2023-08-27,0.0,0.32004,9.425,30.85,19.9802083333333,0.0,0.32004,-9.1241e-09,0.0046468,-2.6822e-07,-13.95,51.392,-8.0913,15.032,-6.1378e-05,-18.073,-1462.0,-15.039,0.0,16.887,16.957,8.2551,0.1638,0.0,-15.0,0.3247,20.0
239,2023-08-28,0.0,0.29972,9.975,29.175,19.6802083333333,0.0,0.29972,-1.3286e-08,0.0043528,-2.6822e-07,-13.95,51.692,-8.0913,15.037,-6.1646e-05,-18.119,-1464.3,-15.039,0.0,16.887,16.952,8.2551,0.1638,0.0,-15.0,0.3247,20.0
240,2023-08-29,0.0119,0.37846,8.175,32.85,19.8739583333333,0.0,0.37846,4.9768e-09,0.0050695,-2.6822e-07,-13.95,52.07,-8.0913,15.042,-6.1914e-05,-18.161,-1466.7,-15.039,0.0,16.887,16.947,8.2551,0.1638,0.0,-15.0,0.3247,20.0
241,2023-08-30,0.0017,0.46482,14.65,21.325,17.2072916666667,0.0,0.46482,4.9986e-09,0.0056706,-2.6822e-07,-13.95,52.535,-8.0913,15.048,-6.2183e-05,-18.201,-1470.2,-15.04,0.0,16.887,16.942,8.2551,0.1638,0.0,-15.0,0.3247,20.0
242,2023-08-31,0.0051,0.37592,10.225,25.125,17.7479166666667,0.0,0.37592,3.8781e-09,0.0045273,-2.6822e-07,-13.95,52.911,-8.0913,15.052,-6.2451e-05,-18.238,-1473.3,-15.04,0.0,16.887,16.937,8.2551,0.1638,0.0,-15.0,0.3247,20.0
243,2023-09-01,0.0,0.28194,5.775,27.55,16.5385416666667,0.0,0.28194,-4.5948e-09,11.423,-2.6822e-07,-13.95,53.193,-8.0913,20.764,-6.2719e-05,-18.272,-291.69,-15.04,0.0,16.887,16.935,8.2551,0.1638,0.0,-15.0,0.3247,20.0
244,2023-09-02,0.0,0.42926,11.8,32.7,21.6041666666667,0.0,0.42926,-7.8617e-09,2.8559,-2.6822e-07,-13.95,53.622,-8.0913,25.048,-6.2987e-05,-18.305,-352.36,-15.04,0.0,16.887,8.367,8.2551,0.1638,0.0,-191.8,0.1345,20.0
245,2023-09-03,0.0,0.37084,16.15,29.1,21.7604166666667,0.0,0.37084,1.0135e-08,0.71396,-2.6822e-07,-13.95,53.993,-8.0913,26.119,-6.3255e-05,-18.335,-511.28,-15.04,0.0,16.887,6.225,8.2551,0.1638,0.0,-689.21,0.0869,20.0
246,2023-09-04,0.3673,0.17272,10.95,18.825,14.1947916666667,0.0,0.17272,9.7898e-09,0.17849,-2.6822e-07,-13.95,54.166,-8.0913,26.386,-6.3524e-05,-18.363,-678.86,-15.04,0.0,16.887,5.6895,8.2551,0.1638,0.0,-1225.33,0.0751,20.0
247,2023-09-05,0.0,0.27432,6.35,23.8,14.7916666666667,0.0,0.27432,-3.5616e-09,0.044592,-2.6822e-07,-13.95,54.44,-8.0913,26.453,-6.3792e-05,-18.39,-761.26,-15.041,0.0,16.887,5.5556,8.2551,0.1638,0.0,-1491.47,0.0721,20.0
248,2023-09-06,0.1821,0.3429,7.675,26.8,17.1239583333333,0.0,0.3429,-5.286e-09,0.011148,-2.6822e-07,-13.95,54.783,-8.0913,26.47,-6.406e-05,-18.414,-786.83,-15.041,0.0,16.887,5.5221,8.2551,0.1638,0.0,-1574.0,0.0713,20.0
249,2023-09-07,0.0034,0.26924,7.6,25.825,16.9135416666667,0.0,0.26924,-4.7439e-09,0.0027235,-2.6822e-07,-13.95,55.052,-8.0913,26.474,-6.4328e-05,-18.437,-794.71,-15.041,0.0,16.887,5.5138,8.2551,0.1638,0.0,-1599.54,0.0712,20.0
250,2023-09-08,0.7957,0.254,8.275,23.925,14.6697916666667,0.0,0.254,9.1786e-09,0.0,-2.6822e-07,-13.95,55.306,-8.0913,26.474,-6.4597e-05,-18.459,-796.04,-15.041,0.0,16.887,5.5124,8.2551,0.1638,0.0,-1603.92,0.0711,20.0
251,2023-09-09,0.0068,0.21336,5.15,21.875,13.6958333333333,0.0,0.21336,-1.0044e-08,0.0,-2.6822e-07,-13.95,55.519,-8.0913,26.474,-6.4865e-05,-18.479,-796.1,-15.041,0.0,16.887,5.5123,8.2551,0.1638,0.0,-1604.12,0.0711,20.0
252,2023-09-10,0.0,0.23622,3.875,23.075,13.9447916666667,0.0,0.23622,6.4265e-09,0.0,-2.6822e-07,-13.95,55.756,-8.0913,26.474,-6.5133e-05,-18.498,-796.11,-15.041,0.0,16.887,5.5123,8.2551,0.1638,0.0,-1604.13,0.0711,20.0
253,2023-09-11,0.0,0.25146,4.475,27.375,15.6145833333333,0.0,0.25146,9.1622e-09,0.0,-2.6822e-07,-13.95,56.007,-8.0913,26.474,-6.5401e-05,-18.515,-796.11,-15.042,0.0,16.887,5.5123,8.2551,0.1638,0.0,-1604.14,0.0711,20.0
254,2023-09-12,0.0,0.2921,9.05,28.675,18.4947916666667,0.0,0.2921,9.848e-09,6.9931e-05,-2.6822e-07,-13.95,56.299,-8.0913,26.475,-6.5669e-05,-18.531,-796.09,-15.042,0.0,16.887,5.5123,8.2551,0.1638,0.0,-1604.14,0.0711,20.0
255,2023-09-13,0.0,0.24638,9.5,23.875,17.503125,0.0,0.24638,-7.3978e-09,0.0,-2.6822e-07,-13.95,56.545,-8.0913,26.475,-6.5938e-05,-18.547,-796.09,-15.042,0.0,16.887,5.5122,8.2551,0.1638,0.0,-1604.14,0.0711,20.0
256,2023-09-14,0.0,0.21844,6.8,24.85,15.1583333333333,0.0,0.21844,1.4734e-10,0.0,-2.6822e-07,-13.95,56.764,-8.0913,26.475,-6.6206e-05,-18.561,-796.11,-15.042,0.0,16.887,5.5122,8.2551,0.1638,0.0,-1604.14,0.0711,20.0
257,2023-09-15,0.0,0.2921,3.9,27.15,15.390625,0.0,0.2921,6.2137e-09,6.7271e-05,-2.6822e-07,-13.95,57.056,-8.0913,26.475,-6.6474e-05,-18.574,-796.09,-15.042,0.0,16.887,5.5122,8.2551,0.1638,0.0,-1604.14,0.0711,20.0
258,2023-09-16,0.0,0.32258,8.5,30.25,18.5375,0.0,0.32258,7.1377e-09,0.0,-2.6822e-07,-13.95,57.379,-8.0913,26.475,-6.6742e-05,-18.587,-796.1,-15.042,0.0,16.887,5.5122,8.2551,0.1638,0.0,-1604.14,0.0711,20.0
259,2023-09-17,0.0,0.46228,10.55,29.5,20.7541666666667,0.0,0.46228,1.385e-08,0.0,-2.6822e-07,-13.95,57.841,-8.0913,26.475,-6.7011e-05,-18.598,-796.11,-15.043,0.0,16.887,5.5121,8.2551,0.1638,0.0,-1604.14,0.0711,20.0
260,2023-09-18,0.0,0.37592,13.05,26.9,19.0833333333333,0.0,0.37592,5.9063e-09,6.5222e-05,-2.6822e-07,-13.95,58.217,-8.0913,26.475,-6.7279e-05,-18.609,-796.09,-15.043,0.0,16.887,5.5121,8.2551,0.1638,0.0,-1604.14,0.0711,20.0
261,2023-09-19,0.0,0.20066,3.0,18.75,12.0010416666667,0.0,0.20066,-7.2505e-09,0.0,-2.6822e-07,-13.95,58.417,-8.0913,26.475,-6.7547e-05,-18.62,-796.1,-15.043,0.0,16.887,5.5121,8.2551,0.1638,0.0,-1604.14,0.0711,20.0
262,2023-09-20,0.0,0.18288,2.7,17.475,10.528125,0.0,0.18288,2.1382e-09,6.3531e-05,-2.6822e-07,-13.95,58.6,-8.0913,26.475,-6.7815e-05,-18.629,-796.09,-15.043,0.0,16.887,5.5121,8.2551,0.1638,0.0,-1604.14,0.0711,20.0
263,2023-09-21,1.5719,0.04826,5.05,8.775,6.94375,0.0,0.04826,-2.2974e-09,0.0,-2.6822e-07,-13.95,58.649,-8.0913,26.475,-6.8083e-05,-18.638,-796.11,-15.043,0.0,16.887,5.5121,8.2551,0.1638,0.0,-1604.14,0.0711,20.0
264,2023-09-22,2.6917,0.04572,8.4,12.425,10.015625,0.0,0.04572,-1.125e-08,0.0,-2.6822e-07,-13.95,58.694,-8.0913,26.475,-6.8352e-05,-18.646,-796.1,-15.043,0.0,16.887,5.5121,8.2551,0.1638,0.0,-1604.14,0.0711,20.0
265,2023-09-23,1.0551,0.23622,8.3,20.55,13.1375,0.0,0.23622,5.9244e-09,0.0,-2.6822e-07,-13.95,58.931,-8.0913,26.475,-6.862e-05,-18.654,-796.12,-15.044,0.0,16.887,5.512,8.2551,0.1638,0.0,-1604.14,0.0711,20.0
266,2023-09-24,0.0,0.2286,3.65,21.35,12.571875,0.0,0.2286,3.3406e-09,0.0,-2.6822e-07,-13.95,59.159,-8.0913,26.475,-6.8888e-05,-18.661,-796.1,-15.044,0.0,16.887,5.512,8.2551,0.1638,0.0,-1604.14,0.0711,20.0
267,2023-09-25,0.0,0.22606,6.575,24.675,15.2,0.0,0.22606,5.2833e-09,0.0,-2.6822e-07,-13.95,59.385,-8.0913,26.475,-6.9156e-05,-18.668,-796.09,-15.044,0.0,16.887,5.512,8.2551,0.1638,0.0,-1604.14,0.0711,20.0
268,2023-09-26,0.0,0.28956,11.85,26.8,18.5614583333333,0.0,0.28956,-1.2772e-08,0.0,-2.6822e-07,-13.95,59.675,-8.0913,26.475,-6.9425e-05,-18.674,-796.12,-15.044,0.0,16.887,5.512,8.2551,0.1638,0.0,-1604.14,0.0711,20.0
269,2023-09-27,0.0,0.22098,5.15,20.725,11.69375,0.0,0.22098,1.2321e-08,0.0,-2.6822e-07,-13.95,59.896,-8.0913,26.475,-6.9693e-05,-18.68,-796.11,-15.044,0.0,16.887,5.512,8.2551,0.1638,0.0,-1604.14,0.0711,20.0
270,2023-09-28,0.0,0.28702,5.575,17.625,10.6572916666667,0.0,0.28702,-5.2532e-09,0.0,-2.6822e-07,-13.95,60.183,-8.0913,26.475,-6.9961e-05,-18.686,-796.1,-15.044,0.0,16.887,5.512,8.2551,0.1638,0.0,-1604.14,0.0711,20.0
271,2023-09-29,0.0,0.23114,2.725,17.25,10.365625,0.0,0.23114,-6.0536e-09,6.3583e-05,-2.6822e-07,-13.95,60.414,-8.0913,26.475,-7.0229e-05,-18.691,-796.09,-15.045,0.0,16.887,5.512,8.2551,0.1638,0.0,-1604.14,0.0711,20.0
272,2023-09-30,0.4336,0.06604,5.2,7.9,6.55416666666667,0.0,0.06604,-2.9095e-09,0.0,-2.6822e-07,-13.95,60.48,-8.0913,26.475,-7.0497e-05,-18.695,-796.11,-15.045,0.0,16.887,5.512,8.2551,0.1638,0.0,-1604.14,0.0711,20.0
273,2023-10-01,1.8254,0.02286,4.6,6.725,5.85833333333333,0.02286,0.0,0.02286,0.0,-2.6822e-07,-13.927,60.48,-8.0684,26.475,-7.0766e-05,-35.106,-796.11,-15.045,0.0,16.887,5.4891,8.2551,0.18666,0.0,-1604.14,0.0711,20.0
274,2023-10-02,0.5516,0.21844,5.475,17.625,10.428125,0.21844,0.0,2.7791e-06,0.0,-2.6822e-07,-13.708,60.48,-7.9603,26.475,-7.1034e-05,-1000000.0,-796.11,-15.045,0.0,16.887,5.381,8.2551,0.29481,0.0,-1604.14,0.0711,20.0
275,2023-10-03,0.034,0.13462,6.075,16.75,9.98958333333333,0.13462,0.0,9.984e-32,0.0,-2.6822e-07,-13.574,60.48,-7.9603,26.475,-7.1302e-05,-1000000.0,-796.11,-15.045,0.0,16.887,5.381,8.2551,0.29481,0.0,-1604.14,0.0711,20.0
276,2023-10-04,0.0714,0.1905,3.925,19.875,10.321875,0.1905,0.0,9.984e-32,0.0,-2.6822e-07,-13.383,60.48,-7.9603,26.475,-7.157e-05,-1000000.0,-796.11,-15.045,0.0,16.887,5.381,8.2551,0.29481,0.0,-1604.14,0.0711,20.0
277,2023-10-05,0.0238,0.11938,-0.075,16.0,7.48645833333333,0.11938,0.0,9.984e-32,0.0,-2.6822e-07,-13.264,60.48,-7.9603,26.475,-7.1838e-05,-1000000.0,-796.11,-15.046,0.0,16.887,5.381,8.2551,0.29481,0.0,-1604.14,0.0711,20.0
278,2023-10-06,0.0,0.19558,-0.65,19.325,8.75729166666667,0.19558,0.0,9.984e-32,0.0,-2.6822e-07,-13.068,60.48,-7.9603,26.475,-7.2107e-05,-1000000.0,-796.11,-15.046,0.0,16.887,5.381,8.2551,0.29481,0.0,-1604.14,0.0711,20.0
279,2023-10-07,0.0,0.18796,5.85,23.825,12.925,0.18796,0.0,9.984e-32,0.0,-2.6822e-07,-12.88,60.48,-7.9603,26.475,-7.2375e-05,-1000000.0,-796.11,-15.046,0.0,16.887,5.381,8.2551,0.29481,0.0,-1604.14,0.0711,20.0
280,2023-10-08,0.0,0.23368,1.95,25.2,13.0333333333333,0.23368,0.0,9.984e-32,0.0,-2.6822e-07,-12.647,60.48,-7.9603,26.475,-7.2643e-05,-1000000.0,-796.11,-15.046,0.0,16.887,5.381,8.2551,0.29481,0.0,-1604.14,0.0711,20.0
281,2023-10-09,0.0,0.2413,4.225,26.0,14.55,0.2413,0.0,9.984e-32,0.0,-2.6822e-07,-12.405,60.48,-7.9603,26.475,-7.2911e-05,-1000000.0,-796.11,-15.046,0.0,16.887,5.381,8.2551,0.29481,0.0,-1604.14,0.0711,20.0
282,2023-10-10,0.0766,0.21082,10.075,21.725,14.00625,0.21082,0.0,9.984e-32,0.0,-2.6822e-07,-12.194,60.48,-7.9603,26.475,-7.318e-05,-1000000.0,-796.11,-15.047,0.0,16.887,5.381,8.2551,0.29481,0.0,-1604.14,0.0711,20.0
283,2023-10-11,0.9952,0.15494,5.925,17.625,10.40625,0.15494,0.0,9.984e-32,0.0,-2.6822e-07,-12.04,60.48,-7.9603,26.475,-7.3448e-05,-1000000.0,-796.11,-15.047,0.0,16.887,5.381,8.2551,0.29481,0.0,-1604.14,0.0711,20.0
284,2023-10-12,0.1887,0.02032,3.725,8.575,6.5375,0.02032,0.0,9.984e-32,0.0,-2.6822e-07,-12.019,60.48,-7.9603,26.475,-7.3716e-05,-1000000.0,-796.11,-15.047,0.0,16.887,5.381,8.2551,0.29481,0.0,-1604.14,0.0711,20.0
285,2023-10-13,0.0306,0.07366,3.775,10.5,7.06875,0.07366,0.0,9.984e-32,0.0,-2.6822e-07,-11.946,60.48,-7.9603,26.475,-7.3984e-05,-1000000.0,-796.11,-15.047,0.0,16.887,5.381,8.2551,0.29481,0.0,-1604.14,0.0711,20.0
286,2023-10-14,0.0085,0.13716,0.0,15.8,6.95833333333333,0.13716,0.0,9.984e-32,0.0,-2.6822e-07,-11.808,60.48,-7.9603,26.475,-7.4252e-05,-1000000.0,-796.11,-15.047,0.0,16.887,5.381,8.2551,0.29481,0.0,-1604.14,0.0711,20.0
287,2023-10-15,0.0,0.1778,3.375,19.0,10.3677083333333,0.1778,0.0,9.984e-32,0.0,-2.6822e-07,-11.631,60.48,-7.9603,26.475,-7.4521e-05,-1000000.0,-796.11,-15.047,0.0,16.887,5.381,8.2551,0.29481,0.0,-1604.14,0.0711,20.0
288,2023-10-16,0.0,0.18288,4.3,20.05,12.4822916666667,0.18288,0.0,9.984e-32,0.0,-2.6822e-07,-11.448,60.48,-7.9603,26.475,-7.4789e-05,-1000000.0,-796.11,-15.048,0.0,16.887,5.381,8.2551,0.29481,0.0,-1604.14,0.0711,20.0
289,2023-10-17,0.0,0.24892,6.6,16.175,12.215625,0.24892,0.0,9.984e-32,0.0,-2.6822e-07,-11.199,60.48,-7.9603,26.475,-7.5057e-05,-1000000.0,-796.11,-15.048,0.0,16.887,5.381,8.2551,0.29481,0.0,-1604.14,0.0711,20.0
290,2023-10-18,0.0,0.36322,6.2,19.9,12.8614583333333,0.36322,0.0,9.984e-32,0.0,-2.6822e-07,-10.836,60.48,-7.9603,26.475,-7.5325e-05,-1000000.0,-796.11,-15.048,0.0,16.887,5.381,8.2551,0.29481,0.0,-1604.14,0.0711,20.0
291,2023-10-19,0.0,0.42164,11.4,27.0,18.1760416666667,0.42164,0.0,9.984e-32,0.0,-2.6822e-07,-10.414,60.48,-7.9603,26.475,-7.5594e-05,-1000000.0,-796.11,-15.048,0.0,16.887,5.381,8.2551,0.29481,0.0,-1604.14,0.0711,20.0
292,2023-10-20,0.0,0.26924,3.375,25.65,15.0583333333333,0.26924,0.0,9.984e-32,0.0,-2.6822e-07,-10.145,60.48,-7.9603,26.475,-7.5862e-05,-1000000.0,-796.11,-15.048,0.0,16.887,5.381,8.2551,0.29481,0.0,-1604.14,0.0711,20.0
293,2023-10-21,0.0,0.10922,-1.9,17.025,6.440625,0.10922,0.0,9.984e-32,0.0,-2.6822e-07,-10.035,60.48,-7.9603,26.475,-7.613e-05,-1000000.0,-796.11,-15.048,0.0,16.887,5.381,8.2551,0.29481,0.0,-1604.14,0.0711,20.0
294,2023-10-22,0.0765,0.06858,2.6,9.125,5.3875,0.06858,0.0,9.984e-32,0.0,-2.6822e-07,-9.9669,60.48,-7.9603,26.475,-7.6398e-05,-1000000.0,-796.11,-15.049,0.0,16.887,5.381,8.2551,0.29481,0.0,-1604.14,0.0711,20.0
295,2023-10-23,0.4765,0.03302,0.825,5.0,3.42708333333333,0.03302,0.0,9.984e-32,0.0,-2.6822e-07,-9.9339,60.48,-7.9603,26.475,-7.6666e-05,-1000000.0,-796.11,-15.049,0.0,16.887,5.381,8.2551,0.29481,0.0,-1604.14,0.0711,20.0
296,2023-10-24,0.0,0.02286,-8.1,0.8,-4.26875,0.02286,0.0,9.984e-32,0.0,-2.6822e-07,-9.911,60.48,-7.9603,26.475,-7.6935e-05,-1000000.0,-796.11,-15.049,0.0,16.887,5.381,8.2551,0.29481,0.0,-1604.14,0.0711,20.0
297,2023-10-25,0.0017,0.02794,-10.85,-4.875,-8.91458333333333,0.02794,0.0,9.984e-32,0.0,-2.6822e-07,-9.8831,60.48,-7.9603,26.475,-7.7203e-05,-1000000.0,-796.11,-15.049,0.0,16.887,5.381,8.2551,0.29481,0.0,-1604.14,0.0711,20.0
298,2023-10-26,0.0,0.0254,-12.175,-4.675,-9.690625,0.0254,0.0,9.984e-32,0.0,-2.6822e-07,-9.8577,60.48,-7.9603,26.475,-7.7471e-05,-1000000.0,-796.11,-15.049,0.0,16.887,5.381,8.2551,0.29481,0.0,-1604.14,0.0711,20.0
299,2023-10-27,0.0,0.02286,-18.325,-3.4,-11.734375,0.02286,0.0,9.984e-32,0.0,-2.6822e-07,-9.8348,60.48,-7.9603,26.475,-7.7739e-05,-1000000.0,-796.11,-15.049,0.0,16.887,5.381,8.2551,0.29481,0.0,-1604.14,0.0711,20.0
300,2023-10-28,0.0,0.04064,-15.475,-2.525,-8.61458333333333,0.04064,0.0,9.984e-32,0.0,-2.6822e-07,-9.7942,60.48,-7.9603,26.475,-7.8008e-05,-1000000.0,-796.11,-15.05,0.0,16.887,5.381,8.2551,0.29481,0.0,-1604.14,0.0711,20.0
301,2023-10-29,0.0034,0.06604,-8.975,0.4,-4.11875,0.06604,0.0,9.984e-32,0.0,-2.6822e-07,-9.7281,60.48,-7.9603,26.475,-7.8276e-05,-1000000.0,-796.11,-15.05,0.0,16.887,5.381,8.2551,0.29481,0.0,-1604.14,0.0711,20.0
302,2023-10-30,0.0952,0.1016,-5.525,4.0,-0.882291666666667,0.1016,0.0,9.984e-32,0.0,-2.6822e-07,-9.6265,60.48,-7.9603,26.475,-7.8544e-05,-1000000.0,-796.11,-15.05,0.0,16.887,5.381,8.2551,0.29481,0.0,-1604.14,0.0711,20.0
303,2023-10-31,0.0,0.13462,-1.1,7.375,2.45104166666667,0.13462,0.0,9.984e-32,0.0,-2.6822e-07,-9.4919,60.48,-7.9603,26.475,-7.8812e-05,-1000000.0,-796.11,-15.05,0.0,16.887,5.381,8.2551,0.29481,0.0,-1604.14,0.0711,20.0
304,2023-11-01,0.0,0.15748,-0.625,12.375,4.26770833333333,0.15748,0.0,9.984e-32,0.0,-2.6822e-07,-9.3344,60.48,-7.9603,26.475,-7.908e-05,-1000000.0,-796.11,-15.05,0.0,16.887,5.381,8.2551,0.29481,0.0,-1604.14,0.0711,20.0
305,2023-11-02,0.0068,0.11176,4.0,10.375,6.99583333333333,0.11176,0.0,9.984e-32,0.0,-2.6822e-07,-9.2227,60.48,-7.9603,26.475,-7.9349e-05,-1000000.0,-796.11,-15.05,0.0,16.887,5.381,8.2551,0.29481,0.0,-1604.14,0.0711,20.0
306,2023-11-03,0.0017,0.14478,1.325,12.975,6.86979166666667,0.14478,0.0,9.984e-32,0.0,-2.6822e-07,-9.0779,60.48,-7.9603,26.475,-7.9617e-05,-1000000.0,-796.11,-15.051,0.0,16.887,5.381,8.2551,0.29481,0.0,-1604.14,0.0711,20.0
307,2023-11-04,0.0136,0.1905,1.0,12.2,7.7375,0.1905,0.0,9.984e-32,0.0,-2.6822e-07,-8.8874,60.48,-7.9603,26.475,-7.9885e-05,-1000000.0,-796.11,-15.051,0.0,16.887,5.381,8.2551,0.29481,0.0,-1604.14,0.0711,20.0
308,2023-11-05,0.0,0.23876,5.5,14.4,9.73368,0.23876,0.0,9.984e-32,0.0,-2.6822e-07,-8.6486,60.48,-7.9603,26.475,-8.0153e-05,-1000000.0,-796.11,-15.051,0.0,16.887,5.381,8.2551,0.29481,0.0,-1604.14,0.0711,20.0
309,2023-11-06,0.0357,0.1143,0.475,10.45,6.26875,0.1143,0.0,9.984e-32,0.0,-2.6822e-07,-8.5343,60.48,-7.9603,26.475,-8.0422e-05,-1000000.0,-796.11,-15.051,0.0,16.887,5.381,8.2551,0.29481,0.0,-1604.14,0.0711,20.0
310,2023-11-07,0.0,0.2032,2.85,9.9,5.97395833333333,0.2032,0.0,9.984e-32,0.0,-2.6822e-07,-8.3311,60.48,-7.9603,26.475,-8.069e-05,-1000000.0,-796.11,-15.051,0.0,16.887,5.381,8.2551,0.29481,0.0,-1604.14,0.0711,20.0
311,2023-11-08,0.0,0.12954,-3.3,9.425,2.68229166666667,0.12954,0.0,9.984e-32,0.0,-2.6822e-07,-8.2016,60.48,-7.9603,26.475,-8.0958e-05,-1000000.0,-796.11,-15.051,0.0,16.887,5.381,8.2551,0.29481,0.0,-1604.14,0.0711,20.0
312,2023-11-09,0.0,0.12446,-4.575,10.3,1.196875,0.12446,0.0,9.984e-32,0.0,-2.6822e-07,-8.0771,60.48,-7.9603,26.475,-8.1226e-05,-1000000.0,-796.11,-15.052,0.0,16.887,5.381,8.2551,0.29481,0.0,-1604.14,0.0711,20.0
313,2023-11-10,0.0,0.15494,-4.9,9.25,2.09583333333333,0.15494,0.0,9.984e-32,0.0,-2.6822e-07,-7.9222,60.48,-7.9603,26.475,-8.1494e-05,-1000000.0,-796.11,-15.052,0.0,16.887,5.381,8.2551,0.29481,0.0,-1604.14,0.0711,20.0
314,2023-11-11,0.0,0.28956,0.45,13.25,6.24270833333333,0.28956,0.0,9.984e-32,0.0,-2.6822e-07,-7.6326,60.48,-7.9603,26.475,-8.1763e-05,-1000000.0,-796.11,-15.052,0.0,16.887,5.381,8.2551,0.29481,0.0,-1604.14,0.0711,20.0
315,2023-11-12,0.0,0.13462,-0.625,11.25,4.853125,0.13462,0.0,9.984e-32,0.0,-2.6822e-07,-7.498,60.48,-7.9603,26.475,-8.2031e-05,-1000000.0,-796.11,-15.052,0.0,16.887,5.381,8.2551,0.29481,0.0,-1604.14,0.0711,20.0
316,2023-11-13,0.0,0.24892,-0.375,16.475,8.39895833333333,0.24892,0.0,9.984e-32,0.0,-2.6822e-07,-7.2491,60.48,-7.9603,26.475,-8.2299e-05,-1000000.0,-796.11,-15.052,0.0,16.887,5.381,8.2551,0.29481,0.0,-1604.14,0.0711,20.0
317,2023-11-14,0.0,0.18542,-2.55,12.375,4.825,0.18542,0.0,9.984e-32,0.0,-2.6822e-07,-7.0637,60.48,-7.9603,26.475,-8.2567e-05,-1000000.0,-796.11,-15.052,0.0,16.887,5.381,8.2551,0.29481,0.0,-1604.14,0.0711,20.0
318,2023-11-15,0.0,0.18796,0.05,14.775,7.56041666666667,0.18796,0.0,9.984e-32,0.0,-2.6822e-07,-6.8757,60.48,-7.9603,26.475,-8.2836e-05,-1000000.0,-796.11,-15.053,0.0,16.887,5.381,8.2551,0.29481,0.0,-1604.14,0.0711,20.0
319,2023-11-16,0.3726,0.09906,-2.825,6.8,1.0,0.09906,0.0,9.984e-32,0.0,-2.6822e-07,-6.7767,60.48,-7.9603,26.475,-8.3104e-05,-1000000.0,-796.11,-15.053,0.0,16.887,5.381,8.2551,0.29481,0.0,-1604.14,0.0711,20.0
320,2023-11-17,0.0,0.27432,3.15,13.75,7.25208333333333,0.27432,0.0,9.984e-32,0.0,-2.6822e-07,-6.5023,60.48,-7.9603,26.475,-8.3372e-05,-1000000.0,-796.11,-15.053,0.0,16.887,5.381,8.2551,0.29481,0.0,-1604.14,0.0711,20.0
321,2023-11-18,0.0,0.19304,-0.125,13.35,5.53958333333333,0.19304,0.0,9.984e-32,0.0,-2.6822e-07,-6.3093,60.48,-7.9603,26.475,-8.364e-05,-1000000.0,-796.11,-15.053,0.0,16.887,5.381,8.2551,0.29481,0.0,-1604.14,0.0711,20.0
322,2023-11-19,0.0,0.18796,1.95,12.4,5.996875,0.18796,0.0,9.984e-32,0.0,-2.6822e-07,-6.1213,60.48,-7.9603,26.475,-8.3908e-05,-1000000.0,-796.11,-15.053,0.0,16.887,5.381,8.2551,0.29481,0.0,-1604.14,0.0711,20.0
323,2023-11-20,0.0,0.1651,-1.325,8.125,2.86666666666667,0.1651,0.0,9.984e-32,0.0,-2.6822e-07,-5.9562,60.48,-7.9603,26.475,-8.4177e-05,-1000000.0,-796.11,-15.053,0.0,16.887,5.381,8.2551,0.29481,0.0,-1604.14,0.0711,20.0
324,2023-11-21,0.0,0.33274,3.65,11.25,7.96145833333333,0.33274,0.0,9.984e-32,0.0,-2.6822e-07,-5.6235,60.48,-7.9603,26.475,-8.4445e-05,-1000000.0,-796.11,-15.054,0.0,16.887,5.381,8.2551,0.29481,0.0,-1604.14,0.0711,20.0
325,2023-11-22,0.0,0.1524,-1.925,10.625,5.92395833333333,0.1524,0.0,9.984e-32,0.0,-2.6822e-07,-5.4711,60.48,-7.9603,26.475,-8.4713e-05,-1000000.0,-796.11,-15.054,0.0,16.887,5.381,8.2551,0.29481,0.0,-1604.14,0.0711,20.0
326,2023-11-23,0.0,0.01016,-5.6,-2.2,-4.47291666666667,0.01016,0.0,9.984e-32,0.0,-2.6822e-07,-5.4609,60.48,-7.9603,26.475,-8.4981e-05,-1000000.0,-796.11,-15.054,0.0,16.887,5.381,8.2551,0.29481,0.0,-1604.14,0.0711,20.0
327,2023-11-24,0.0,0.01778,-12.725,-5.175,-6.821875,0.01778,0.0,9.984e-32,0.0,-2.6822e-07,-5.4432,60.48,-7.9603,26.475,-8.525e-05,-1000000.0,-796.11,-15.054,0.0,16.887,5.381,8.2551,0.29481,0.0,-1604.14,0.0711,20.0
328,2023-11-25,0.0527,0.06096,-10.375,3.575,-2.86458333333333,0.06096,0.0,9.984e-32,0.0,-2.6822e-07,-5.3822,60.48,-7.9603,26.475,-8.5518e-05,-1000000.0,-796.11,-15.054,0.0,16.887,5.381,8.2551,0.29481,0.0,-1604.14,0.0711,20.0
329,2023-11-26,0.0,0.05842,-8.025,3.925,-2.55833333333333,0.05842,0.0,9.984e-32,0.0,-2.6822e-07,-5.3238,60.48,-7.9603,26.475,-8.5786e-05,-1000000.0,-796.11,-15.055,0.0,16.887,5.381,8.2551,0.29481,0.0,-1604.14,0.0711,20.0
330,2023-11-27,0.0,0.18288,-6.825,7.8,1.12083333333333,0.18288,0.0,9.984e-32,0.0,-2.6822e-07,-5.1409,60.48,-7.9603,26.475,-8.6054e-05,-1000000.0,-796.11,-15.055,0.0,16.887,5.381,8.2551,0.29481,0.0,-1604.14,0.0711,20.0
331,2023-11-28,0.0,0.28194,0.125,10.625,4.359375,0.28194,0.0,9.984e-32,0.0,-2.6822e-07,-4.859,60.48,-7.9603,26.475,-8.6322e-05,-1000000.0,-796.11,-15.055,0.0,16.887,5.381,8.2551,0.29481,0.0,-1604.14,0.0711,20.0
332,2023-11-29,0.0,0.10668,-10.025,7.975,0.0031249999999998,0.10668,0.0,9.984e-32,0.0,-2.6822e-07,-4.7523,60.48,-7.9603,26.475,-8.6591e-05,-1000000.0,-796.11,-15.055,0.0,16.887,5.381,8.2551,0.29481,0.0,-1604.14,0.0711,20.0
333,2023-11-30,0.0,0.0254,-12.5,0.75,-7.184375,0.0254,0.0,9.984e-32,0.0,-2.6822e-07,-4.7269,60.48,-7.9603,26.475,-8.6859e-05,-1000000.0,-796.11,-15.055,0.0,16.887,5.381,8.2551,0.29481,0.0,-1604.14,0.0711,20.0
334,2023-12-01,0.0,0.1143,-11.55,2.85,-2.70833333333333,0.1143,0.0,9.984e-32,0.0,-2.6822e-07,-4.6126,60.48,-7.9603,26.475,-8.7127e-05,-1000000.0,-796.11,-15.055,0.0,16.887,5.381,8.2551,0.29481,0.0,-1604.14,0.0711,20.0
335,2023-12-02,0.0,0.1651,-2.725,4.55,0.510416666666667,0.1651,0.0,9.984e-32,0.0,-2.6822e-07,-4.4475,60.48,-7.9603,26.475,-8.7395e-05,-1000000.0,-796.11,-15.056,0.0,16.887,5.381,8.2551,0.29481,0.0,-1604.14,0.0711,20.0
336,2023-12-03,0.0,0.17018,-3.95,6.5,1.57916666666667,0.17018,0.0,9.984e-32,0.0,-2.6822e-07,-4.2773,60.48,-7.9603,26.475,-8.7664e-05,-1000000.0,-796.11,-15.056,0.0,16.887,5.381,8.2551,0.29481,0.0,-1604.14,0.0711,20.0
337,2023-12-04,0.0,0.16256,-2.625,9.575,5.40729166666667,0.16256,0.0,9.984e-32,0.0,-2.6822e-07,-4.1147,60.48,-7.9603,26.475,-8.7932e-05,-1000000.0,-796.11,-15.056,0.0,16.887,5.381,8.2551,0.29481,0.0,-1604.14,0.0711,20.0
338,2023-12-05,0.0,0.33782,9.525,15.325,12.5104166666667,0.33782,0.0,9.984e-32,0.0,-2.6822e-07,-3.7769,60.48,-7.9603,26.475,-8.82e-05,-1000000.0,-796.11,-15.056,0.0,16.887,5.381,8.2551,0.29481,0.0,-1604.14,0.0711,20.0
339,2023-12-06,0.0,0.25146,6.05,15.675,11.015625,0.25146,0.0,9.984e-32,0.0,-2.6822e-07,-3.5255,60.48,-7.9603,26.475,-8.8468e-05,-1000000.0,-796.11,-15.056,0.0,16.887,5.381,8.2551,0.29481,0.0,-1604.14,0.0711,20.0
340,2023-12-07,0.0,0.09144,-3.225,8.15,3.30625,0.09144,0.0,9.984e-32,0.0,-2.6822e-07,-3.434,60.48,-7.9603,26.475,-8.8736e-05,-1000000.0,-796.11,-15.056,0.0,16.887,5.3809,8.2551,0.29481,0.0,-1604.14,0.0711,20.0
341,2023-12-08,0.0068,0.03302,-10.3,5.75,-2.80833333333333,0.03302,0.0,9.984e-32,0.0,-2.6822e-07,-3.401,60.48,-7.9603,26.475,-8.9005e-05,-1000000.0,-796.11,-15.057,0.0,16.887,5.3809,8.2551,0.29481,0.0,-1604.14,0.0711,20.0
342,2023-12-09,0.0,0.1397,-6.625,3.35,-1.165625,0.1397,0.0,9.984e-32,0.0,-2.6822e-07,-3.2613,60.48,-7.9603,26.475,-8.9273e-05,-1000000.0,-796.11,-15.057,0.0,16.887,5.3809,8.2551,0.29481,0.0,-1604.14,0.0711,20.0
343,2023-12-10,0.0,0.21082,0.875,6.65,3.815625,0.21082,0.0,9.984e-32,0.0,-2.6822e-07,-3.0505,60.48,-7.9603,26.475,-8.9541e-05,-1000000.0,-796.11,-15.057,0.0,16.887,5.3809,8.2551,0.29481,0.0,-1604.14,0.0711,20.0
344,2023-12-11,0.148,0.04572,-3.725,3.875,0.255208333333333,0.04572,0.0,9.984e-32,0.0,-2.6822e-07,-3.0048,60.48,-7.9603,26.475,-8.9809e-05,-1000000.0,-796.11,-15.057,0.0,16.887,5.3809,8.2551,0.29481,0.0,-1604.14,0.0711,20.0
345,2023-12-12,0.0034,0.04064,-5.475,5.225,-1.43854166666667,0.04064,0.0,9.984e-32,0.0,-2.6822e-07,-2.9641,60.48,-7.9603,26.475,-9.0078e-05,-1000000.0,-796.11,-15.057,0.0,16.887,5.3809,8.2551,0.29481,0.0,-1604.14,0.0711,20.0
346,2023-12-13,0.0,0.13716,-4.75,9.0,0.878125,0.13716,0.0,9.984e-32,0.0,-2.6822e-07,-2.827,60.48,-7.9603,26.475,-9.0346e-05,-1000000.0,-796.11,-15.057,0.0,16.887,5.3809,8.2551,0.29481,0.0,-1604.14,0.0711,20.0
347,2023-12-14,0.0,0.11684,-2.925,9.275,1.02604166666667,0.11684,0.0,9.984e-32,0.0,-2.6822e-07,-2.7101,60.48,-7.9603,26.475,-9.0614e-05,-1000000.0,-796.11,-15.058,0.0,16.887,5.3809,8.2551,0.29481,0.0,-1604.14,0.0711,20.0
348,2023-12-15,0.0,0.10668,-6.45,8.35,0.763541666666667,0.10668,0.0,9.984e-32,0.0,-2.6822e-07,-2.6034,60.48,-7.9603,26.475,-9.0882e-05,-1000000.0,-796.11,-15.058,0.0,16.887,5.3809,8.2551,0.29481,0.0,-1604.14,0.0711,20.0
349,2023-12-16,0.0,0.3302,4.125,11.3,7.08645833333333,0.3302,0.0,9.984e-32,0.0,-2.6822e-07,-2.2732,60.48,-7.9603,26.475,-9.115e-05,-1000000.0,-796.11,-15.058,0.0,16.887,5.3809,8.2551,0.29481,0.0,-1604.14,0.0711,20.0
350,2023-12-17,0.0,0.06604,-7.75,5.325,-0.157291666666667,0.06604,0.0,9.984e-32,0.0,-2.6822e-07,-2.2072,60.48,-7.9603,26.475,-9.1419e-05,-1000000.0,-796.11,-15.058,0.0,16.887,5.3809,8.2551,0.29481,0.0,-1604.14,0.0711,20.0
351,2023-12-18,0.0,0.2286,-3.35,12.575,6.90833333333333,0.2286,0.0,9.984e-32,0.0,-2.6822e-07,-1.9786,60.48,-7.9603,26.475,-9.1687e-05,-1000000.0,-796.11,-15.058,0.0,16.887,5.3809,8.2551,0.29481,0.0,-1604.14,0.0711,20.0
352,2023-12-19,0.0085,0.19304,1.925,13.15,7.56458333333333,0.19304,0.0,9.984e-32,0.0,-2.6822e-07,-1.7856,60.48,-7.9603,26.475,-9.1955e-05,-1000000.0,-796.11,-15.058,0.0,16.887,5.3809,8.2551,0.29481,0.0,-1604.14,0.0711,20.0
353,2023-12-20,0.0,0.20574,4.35,12.8,7.19166666666667,0.20574,0.0,9.984e-32,0.0,-2.6822e-07,-1.5798,60.48,-7.9603,26.475,-9.2223e-05,-1000000.0,-796.11,-15.059,0.0,16.887,5.3809,8.2551,0.29481,0.0,-1604.14,0.0711,20.0
354,2023-12-21,0.0,0.1651,-1.125,12.4,6.38125,0.1651,0.0,9.984e-32,0.0,-2.6822e-07,-1.4147,60.48,-7.9603,26.475,-9.2492e-05,-1000000.0,-796.11,-15.059,0.0,16.887,5.3809,8.2551,0.29481,0.0,-1604.14,0.0711,20.0
355,2023-12-22,0.0,0.2032,2.825,11.925,6.90625,0.2032,0.0,9.984e-32,0.0,-2.6822e-07,-1.2115,60.48,-7.9603,26.475,-9.276e-05,-1000000.0,-796.11,-15.059,0.0,16.887,5.3809,8.2551,0.29481,0.0,-1604.14,0.0711,20.0
356,2023-12-23,0.0,0.07366,-4.55,3.975,0.003125,0.07366,0.0,9.984e-32,0.0,-2.6822e-07,-1.1379,60.48,-7.9603,26.475,-9.3028e-05,-1000000.0,-796.11,-15.059,0.0,16.887,5.3809,8.2551,0.29481,0.0,-1604.14,0.0711,20.0
357,2023-12-24,0.0,0.0762,-9.675,3.125,-4.54375,0.0762,0.0,9.984e-32,0.0,-2.6822e-07,-1.0617,60.48,-7.9603,26.475,-9.3296e-05,-1000000.0,-796.11,-15.059,0.0,16.887,5.3809,8.2551,0.29481,0.0,-1604.14,0.0711,20.0
358,2023-12-25,0.0,0.12954,-10.325,5.575,-3.33541666666667,0.12954,0.0,9.984e-32,0.0,-2.6822e-07,-0.93213,60.48,-7.9603,26.475,-9.3564e-05,-1000000.0,-796.11,-15.059,0.0,16.887,5.3809,8.2551,0.29481,0.0,-1604.14,0.0711,20.0
359,2023-12-26,0.0,0.1651,-6.25,6.95,0.0583333333333333,0.1651,0.0,9.984e-32,0.0,-2.6822e-07,-0.76703,60.48,-7.9603,26.475,-9.3833e-05,-1000000.0,-796.11,-15.06,0.0,16.887,5.3809,8.2551,0.29481,0.0,-1604.14,0.0711,20.0
360,2023-12-27,0.0,0.09144,-6.775,7.3,-0.14375,0.09144,0.0,9.984e-32,0.0,-2.6822e-07,-0.67559,60.48,-7.9603,26.475,-9.4101e-05,-1000000.0,-796.11,-15.06,0.0,16.887,5.3809,8.2551,0.29481,0.0,-1604.14,0.0711,20.0
361,2023-12-28,0.0,0.1905,-2.8,11.65,4.85729166666667,0.1905,0.0,9.984e-32,0.0,-2.6822e-07,-0.48509,60.48,-7.9603,26.475,-9.4369e-05,-1000000.0,-796.11,-15.06,0.0,16.887,5.3809,8.2551,0.29481,0.0,-1604.14,0.0711,20.0
362,2023-12-29,0.0,0.07874,-5.25,10.55,1.37708333333333,0.07874,0.0,9.984e-32,0.0,-2.6822e-07,-0.40635,60.48,-7.9603,26.475,-9.4637e-05,-1000000.0,-796.11,-15.06,0.0,16.887,5.3809,8.2551,0.29481,0.0,-1604.14,0.0711,20.0
363,2023-12-30,0.0,0.03302,-8.125,7.625,-1.759375,0.03302,0.0,9.984e-32,0.0,-2.6822e-07,-0.37333,60.48,-7.9603,26.475,-9.4905e-05,-1000000.0,-796.11,-15.06,0.0,16.887,5.3809,8.2551,0.29481,0.0,-1604.14,0.0711,20.0
364,2023-12-31,0.0,0.10668,-7.525,10.125,0.734375,0.10668,0.0,9.984e-32,0.0,-2.6822e-07,-0.26665,60.48,-7.9603,26.475,-9.5174e-05,-1000000.0,-796.11,-15.06,0.0,16.887,5.3809,8.2551,0.29481,0.0,-1604.14,0.0711,20.0
365,2024-01-01,0.0,0.127,-4.5,7.55,0.603125,0.127,0.0,9.984e-32,0.0,-2.6822e-07,-0.13965,60.48,-7.9603,26.475,-9.5442e-05,-1000000.0,-796.11,-15.061,0.0,16.887,5.3809,8.2551,0.29481,0.0,-1604.14,0.0711,20.0
366,2024-01-02,0.0,0.11684,-4.275,6.675,-0.121875,0.11684,0.0,9.984e-32,0.0,-2.6822e-07,-0.022807,60.48,-7.9603,26.475,-9.571e-05,-1000000.0,-796.11,-15.061,0.0,16.887,5.3809,8.2551,0.29481,0.0,-1604.14,0.0711,20.0
367,2024-01-03,0.0,0.04064,-11.325,4.075,-4.49895833333333,0.04064,0.0,9.984e-32,0.0,-2.6822e-07,0.017833,60.48,-7.9603,26.475,-9.5978e-05,-1000000.0,-796.11,-15.061,0.0,16.887,5.3809,8.2551,0.29481,0.0,-1604.14,0.0711,20.0
368,2024-01-04,0.0,0.11176,-4.1,7.425,0.45,0.11176,0.0,9.984e-32,0.0,-2.6822e-07,0.12959,60.48,-7.9603,26.475,-9.6247e-05,-1000000.0,-796.11,-15.061,0.0,16.887,5.3809,8.2551,0.29481,0.0,-1604.14,0.0711,20.0
369,2024-01-05,0.0,0.09144,-3.425,5.325,-0.651041666666667,0.09144,0.0,9.984e-32,0.0,-2.6822e-07,0.22103,60.48,-7.9603,26.475,-9.6515e-05,-1000000.0,-796.11,-15.061,0.0,16.887,5.3809,8.2551,0.29481,0.0,-1604.14,0.0711,20.0
370,2024-01-06,0.0,0.1524,-5.325,2.2,-0.451041666666667,0.1524,0.0,9.984e-32,0.0,-2.6822e-07,0.37343,60.48,-7.9603,26.475,-9.6783e-05,-1000000.0,-796.11,-15.062,0.0,16.887,5.3809,8.2551,0.29481,0.0,-1604.14,0.0711,20.0
371,2024-01-07,0.0,0.02794,-13.95,-5.325,-10.1489583333333,0.02794,0.0,9.984e-32,0.0,-2.6822e-07,0.40137,60.48,-7.9603,26.475,-9.7051e-05,-1000000.0,-796.11,-15.062,0.0,16.887,5.3809,8.2551,0.29481,0.0,-1604.14,0.0711,20.0
372,2024-01-08,0.0,0.08382,-18.125,-0.875,-8.43541666666667,0.08382,0.0,9.984e-32,0.0,-2.6822e-07,0.48519,60.48,-7.9603,26.475,-9.7319e-05,-1000000.0,-796.11,-15.062,0.0,16.887,5.3809,8.2551,0.29481,0.0,-1604.14,0.0711,20.0
373,2024-01-09,0.0,0.1905,-2.55,5.875,1.115625,0.1905,0.0,9.984e-32,0.0,-2.6822e-07,0.67569,60.48,-7.9603,26.475,-9.7588e-05,-1000000.0,-796.11,-15.062,0.0,16.887,5.3809,8.2551,0.29481,0.0,-1604.14,0.0711,20.0
374,2024-01-10,0.0,0.0381,-19.575,-6.725,-14.7020833333333,0.0381,0.0,9.984e-32,0.0,-2.6822e-07,0.71379,60.48,-7.9603,26.475,-9.7856e-05,-1000000.0,-796.11,-15.062,0.0,16.887,5.3809,8.2551,0.29481,0.0,-1604.14,0.0711,20.0
375,2024-01-11,0.0,0.01524,-30.025,-20.075,-24.8489583333333,0.01524,0.0,9.984e-32,0.0,-2.6822e-07,0.72903,60.48,-7.9603,26.475,-9.8124e-05,-1000000.0,-796.11,-15.062,0.0,16.887,5.3809,8.2551,0.29481,0.0,-1604.14,0.0711,20.0
376,2024-01-12,0.0,0.00508,-36.925,-30.275,-32.846875,0.00508,0.0,9.984e-32,0.0,-2.6822e-07,0.73411,60.48,-7.9603,26.475,-9.8392e-05,-1000000.0,-796.11,-15.063,0.0,16.887,5.3809,8.2551,0.29481,0.0,-1604.14,0.0711,20.0
377,2024-01-13,0.0,0.00762,-38.025,-21.85,-31.2628333333333,0.00762,0.0,9.984e-32,0.0,-2.6822e-07,0.74173,60.48,-7.9603,26.475,-9.8661e-05,-1000000.0,-796.11,-15.063,0.0,16.887,5.3809,8.2551,0.29481,0.0,-1604.14,0.0711,20.0
378,2024-01-14,0.0,0.00508,-34.025,-25.925,-29.0159565217391,0.00508,0.0,9.984e-32,0.0,-2.6822e-07,0.74681,60.48,-7.9603,26.475,-9.8929e-05,-1000000.0,-796.11,-15.063,0.0,16.887,5.3809,8.2551,0.29481,0.0,-1604.14,0.0711,20.0
379,2024-01-15,0.0,0.02032,-34.675,-15.075,-24.7677083333333,0.02032,0.0,9.984e-32,0.0,-2.6822e-07,0.76713,60.48,-7.9603,26.475,-9.9197e-05,-1000000.0,-796.11,-15.063,0.0,16.887,5.3809,8.2551,0.29481,0.0,-1604.14,0.0711,20.0
380,2024-01-16,0.0,0.07874,-14.65,-3.85,-8.19375,0.07874,0.0,9.984e-32,0.0,-2.6822e-07,0.84587,60.48,-7.9603,26.475,-9.9465e-05,-1000000.0,-796.11,-15.063,0.0,16.887,5.3809,8.2551,0.29481,0.0,-1604.14,0.0711,20.0
381,2024-01-17,0.0,0.01778,-18.825,-7.325,-13.5770833333333,0.01778,0.0,9.984e-32,0.0,-2.6822e-07,0.86365,60.48,-7.9603,26.475,-9.9733e-05,-1000000.0,-796.11,-15.063,0.0,16.887,5.3809,8.2551,0.29481,0.0,-1604.14,0.0711,20.0
382,2024-01-18,0.0,0.01651,-27.575,-12.375,-19.2677083333333,0.01651,0.0,9.984e-32,0.0,-2.6822e-07,0.88016,60.48,-7.9603,26.475,-0.0001,-1000000.0,-796.11,-15.064,0.0,16.887,5.3809,8.2551,0.29481,0.0,-1604.14,0.0711,20.0
383,2024-01-19,0.0,0.01524,-28.575,-12.7,-19.715625,0.01524,0.0,9.984e-32,0.0,-2.6822e-07,0.8954,60.48,-7.9603,26.475,-0.00010027,-1000000.0,-796.11,-15.064,0.0,16.887,5.3809,8.2551,0.29481,0.0,-1604.14,0.0711,20.0
384,2024-01-20,0.4186,0.1143,-16.0,6.175,1.03854166666667,0.1143,0.0,9.984e-32,0.0,-2.6822e-07,1.0097,60.48,-7.9603,26.475,-0.00010054,-1000000.0,-796.11,-15.064,0.0,16.887,5.3809,8.2551,0.29481,0.0,-1604.14,0.0711,20.0
385,2024-01-21,0.0,0.12954,0.775,8.775,5.02708333333333,0.12954,0.0,9.984e-32,0.0,-2.6822e-07,1.1392,60.48,-7.9603,26.475,-0.00010081,-1000000.0,-796.11,-15.064,0.0,16.887,5.3809,8.2551,0.29481,0.0,-1604.14,0.0711,20.0
386,2024-01-22,0.0,0.0381,-10.225,-2.65,-6.46979166666667,0.0381,0.0,9.984e-32,0.0,-2.6822e-07,1.1773,60.48,-7.9603,26.475,-0.00010107,-1000000.0,-796.11,-15.064,0.0,16.887,5.3809,8.2551,0.29481,0.0,-1604.14,0.0711,20.0
387,2024-01-23,0.0,0.15494,0.925,9.4,4.725,0.15494,0.0,9.984e-32,0.0,-2.6822e-07,1.3323,60.48,-7.9603,26.475,-0.00010134,-1000000.0,-796.11,-15.064,0.0,16.887,5.3809,8.2551,0.29481,0.0,-1604.14,0.0711,20.0
388,2024-01-24,0.0,0.14732,-1.15,8.75,3.42916666666667,0.14732,0.0,9.984e-32,0.0,-2.6822e-07,1.4796,60.48,-7.9603,26.475,-0.00010161,-1000000.0,-796.11,-15.065,0.0,16.887,5.3809,8.2551,0.29481,0.0,-1604.14,0.0711,20.0
389,2024-01-25,0.0,0.1651,0.275,10.45,4.19270833333333,0.1651,0.0,9.984e-32,0.0,-2.6822e-07,1.6447,60.48,-7.9603,26.475,-0.00010188,-1000000.0,-796.11,-15.065,0.0,16.887,5.3809,8.2551,0.29481,0.0,-1604.14,0.0711,20.0
390,2024-01-26,0.0,0.19304,-0.3,8.1,2.88125,0.19304,0.0,9.984e-32,0.0,-2.6822e-07,1.8377,60.48,-7.9603,26.475,-0.00010215,-1000000.0,-796.11,-15.065,0.0,16.887,5.3809,8.2551,0.29481,0.0,-1604.14,0.0711,20.0
391,2024-01-27,0.0,0.20574,0.125,8.925,5.6375,0.20574,0.0,9.984e-32,0.0,-2.6822e-07,2.0435,60.48,-7.9603,26.475,-0.00010242,-1000000.0,-796.11,-15.065,0.0,16.887,5.3809,8.2551,0.29481,0.0,-1604.14,0.0711,20.0
392,2024-01-28,0.0,0.26162,5.35,14.75,9.24791666666667,0.26162,0.0,9.984e-32,0.0,-2.6822e-07,2.3051,60.48,-7.9603,26.475,-0.00010268,-1000000.0,-796.11,-15.065,0.0,16.887,5.3809,8.2551,0.29481,0.0,-1604.14,0.0711,20.0
393,2024-01-29,0.0,0.22352,4.125,16.85,8.81145833333333,0.22352,0.0,9.984e-32,0.0,-2.6822e-07,2.5286,60.48,-7.9603,26.475,-0.00010295,-1000000.0,-796.11,-15.065,0.0,16.887,5.3809,8.2551,0.29481,0.0,-1604.14,0.0711,20.0
394,2024-01-30,0.0,0.24892,3.65,17.025,9.86875,0.24892,0.0,9.984e-32,0.0,-2.6822e-07,2.7775,60.48,-7.9603,26.475,-0.00010322,-1000000.0,-796.11,-15.066,0.0,16.887,5.3809,8.2551,0.29481,0.0,-1604.14,0.0711,20.0
395,2024-01-31,0.0,0.2413,1.325,16.275,8.66041666666667,0.2413,0.0,9.984e-32,0.0,-2.6822e-07,3.0188,60.48,-7.9603,26.475,-0.00010349,-1000000.0,-796.11,-15.066,0.0,16.887,5.3809,8.2551,0.29481,0.0,-1604.14,0.0711,20.0
396,2024-02-01,0.0,0.19558,4.5,16.625,8.975,0.19558,0.0,9.984e-32,0.0,-2.6822e-07,3.2144,60.48,-7.9603,26.475,-0.00010376,-1000000.0,-796.11,-15.066,0.0,16.887,5.3809,8.2551,0.29481,0.0,-1604.14,0.0711,20.0
397,2024-02-02,0.0,0.08128,3.0,13.65,6.56770833333333,0.08128,0.0,9.984e-32,0.0,-2.6822e-07,3.2957,60.48,-7.9603,26.475,-0.00010403,-1000000.0,-796.11,-15.066,0.0,16.887,5.3809,8.2551,0.29481,0.0,-1604.14,0.0711,20.0
398,2024-02-03,0.6331,0.03048,-0.875,5.0,2.81458333333333,0.03048,0.0,9.984e-32,0.0,-2.6822e-07,3.3262,60.48,-7.9603,26.475,-0.00010429,-1000000.0,-796.11,-15.066,0.0,16.887,5.3809,8.2551,0.29481,0.0,-1604.14,0.0711,20.0
399,2024-02-04,0.0,0.0381,-10.075,-0.85,-4.96666666666667,0.0381,0.0,9.984e-32,0.0,-2.6822e-07,3.3643,60.48,-7.9603,26.475,-0.00010456,-1000000.0,-796.11,-15.066,0.0,16.887,5.3809,8.2551,0.29481,0.0,-1604.14,0.0711,20.0
400,2024-02-05,0.3507,0.04572,-14.275,4.2,-6.19791666666667,0.04572,0.0,9.984e-32,0.0,-2.6822e-07,3.41,60.48,-7.9603,26.475,-0.00010483,-1000000.0,-796.11,-15.067,0.0,16.887,5.3809,8.2551,0.29481,0.0,-1604.14,0.0711,20.0
401,2024-02-06,0.0034,0.02794,-13.925,-2.275,-8.09895833333333,0.02794,0.0,9.984e-32,0.0,-2.6822e-07,3.4379,60.48,-7.9603,26.475,-0.0001051,-1000000.0,-796.11,-15.067,0.0,16.887,5.3809,8.2551,0.29481,0.0,-1604.14,0.0711,20.0
402,2024-02-07,0.0,0.03302,-6.575,-2.35,-5.09375,0.03302,0.0,9.984e-32,0.0,-2.6822e-07,3.471,60.48,-7.9603,26.475,-0.00010537,-1000000.0,-796.11,-15.067,0.0,16.887,5.3809,8.2551,0.29481,0.0,-1604.14,0.0711,20.0
403,2024-02-08,0.1496,0.0381,-5.5,-0.85,-3.32916666666667,0.0381,0.0,9.984e-32,0.0,-2.6822e-07,3.5091,60.48,-7.9603,26.475,-0.00010563,-1000000.0,-796.11,-15.067,0.0,16.887,5.3809,8.2551,0.29481,0.0,-1604.14,0.0711,20.0
404,2024-02-09,0.0,0.0381,-11.6,-1.95,-6.17708333333333,0.0381,0.0,9.984e-32,0.0,-2.6822e-07,3.5472,60.48,-7.9603,26.475,-0.0001059,-1000000.0,-796.11,-15.067,0.0,16.887,5.3809,8.2551,0.29481,0.0,-1604.14,0.0711,20.0
405,2024-02-10,0.0068,0.06858,-16.5,-0.425,-6.90208333333333,0.06858,0.0,9.984e-32,0.0,-2.6822e-07,3.6157,60.48,-7.9603,26.475,-0.00010617,-1000000.0,-796.11,-15.067,0.0,16.887,5.3809,8.2551,0.29481,0.0,-1604.14,0.0711,20.0
406,2024-02-11,0.2856,0.0762,-2.65,2.9,-0.260416666666667,0.0762,0.0,9.984e-32,0.0,-2.6822e-07,3.6919,60.48,-7.9603,26.475,-0.00010644,-1000000.0,-796.11,-15.068,0.0,16.887,5.3809,8.2551,0.29481,0.0,-1604.14,0.0711,20.0
407,2024-02-12,0.0,0.07112,-2.375,3.275,0.904166666666667,0.07112,0.0,9.984e-32,0.0,-2.6822e-07,3.7631,60.48,-7.9603,26.475,-0.00010671,-1000000.0,-796.11,-15.068,0.0,16.887,5.3809,8.2551,0.29481,0.0,-1604.14,0.0711,20.0
408,2024-02-13,0.0,0.03556,-8.525,-2.425,-4.91979166666667,0.03556,0.0,9.984e-32,0.0,-2.6822e-07,3.7986,60.48,-7.9603,26.475,-0.00010698,-1000000.0,-796.11,-15.068,0.0,16.887,5.3809,8.2551,0.29481,0.0,-1604.14,0.0711,20.0
409,2024-02-14,0.0527,0.03175,-15.45,-6.025,-10.5802083333333,0.03175,0.0,9.984e-32,0.0,-2.6822e-07,3.8304,60.48,-7.9603,26.475,-0.00010724,-1000000.0,-796.11,-15.068,0.0,16.887,5.3809,8.2551,0.29481,0.0,-1604.14,0.0711,20.0
410,2024-02-15,0.0,0.02794,-20.3,-6.575,-12.5083333333333,0.02794,0.0,9.984e-32,0.0,-2.6822e-07,3.8583,60.48,-7.9603,26.475,-0.00010751,-1000000.0,-796.11,-15.068,0.0,16.887,5.3809,8.2551,0.29481,0.0,-1604.14,0.0711,20.0
411,2024-02-16,0.0,0.03302,-26.225,-9.9,-17.0583333333333,0.03302,0.0,9.984e-32,0.0,-2.6822e-07,3.8913,60.48,-7.9603,26.475,-0.00010778,-1000000.0,-796.11,-15.068,0.0,16.887,5.3809,8.2551,0.29481,0.0,-1604.14,0.0711,20.0
412,2024-02-17,0.0476,0.0889,-19.975,0.725,-9.134375,0.0889,0.0,9.984e-32,0.0,-2.6822e-07,3.9802,60.48,-7.9603,26.475,-0.00010805,-1000000.0,-796.11,-15.069,0.0,16.887,5.3809,8.2551,0.29481,0.0,-1604.14,0.0711,20.0
413,2024-02-18,0.0017,0.1524,-5.3,3.525,-0.666666666666667,0.1524,0.0,9.984e-32,0.0,-2.6822e-07,4.1326,60.48,-7.9603,26.475,-0.00010832,-1000000.0,-796.11,-15.069,0.0,16.887,5.3809,8.2551,0.29481,0.0,-1604.14,0.0711,20.0
414,2024-02-19,0.0,0.1016,-2.725,5.0,0.8375,0.1016,0.0,9.984e-32,0.0,-2.6822e-07,4.2342,60.48,-7.9603,26.475,-0.00010858,-1000000.0,-796.11,-15.069,0.0,16.887,5.3809,8.2551,0.29481,0.0,-1604.14,0.0711,20.0
415,2024-02-20,0.0,0.17526,1.275,6.45,3.92604166666667,0.17526,0.0,9.984e-32,0.0,-2.3842e-07,4.4095,60.48,-7.9603,26.475,-0.00010884,-1000000.0,-796.11,-15.069,0.0,16.887,5.3809,8.2551,0.29481,0.0,-1604.14,0.0711,20.0
416,2024-02-21,0.0,0.13462,-2.675,7.325,2.640625,0.13462,0.0,9.984e-32,0.0,-2.6822e-07,4.5441,60.48,-7.9603,26.475,-0.00010909,-1000000.0,-796.11,-15.069,0.0,16.887,5.3809,8.2551,0.29481,0.0,-1604.14,0.0711,20.0
417,2024-02-22,0.0,0.127,-1.6,8.0,2.21666666666667,0.127,0.0,9.984e-32,0.0,-2.3842e-07,4.6711,60.48,-7.9603,26.475,-0.00010934,-1000000.0,-796.11,-15.069,0.0,16.887,5.3809,8.2551,0.29481,0.0,-1604.14,0.0711,20.0
418,2024-02-23,0.0,0.20066,0.775,7.175,3.728125,0.20066,0.0,9.984e-32,0.0,-2.6822e-07,4.8718,60.48,-7.9603,26.475,-0.0001096,-1000000.0,-796.11,-15.07,0.0,16.887,5.3809,8.2551,0.29481,0.0,-1604.14,0.0711,20.0
419,2024-02-24,0.0,0.17018,3.225,6.725,4.67395833333333,0.17018,0.0,9.984e-32,0.0,-2.3842e-07,5.042,60.48,-7.9603,26.475,-0.00010985,-1000000.0,-796.11,-15.07,0.0,16.887,5.3809,8.2551,0.29481,0.0,-1604.14,0.0711,20.0
420,2024-02-25,0.0,0.26162,3.05,9.575,5.99791666666667,0.26162,0.0,9.984e-32,0.0,-2.6822e-07,5.3036,60.48,-7.9603,26.475,-0.0001101,-1000000.0,-796.11,-15.07,0.0,16.887,5.3809,8.2551,0.29481,0.0,-1604.14,0.0711,20.0
421,2024-02-26,0.0,0.09398,-15.95,4.475,-6.221875,0.09398,0.0,9.984e-32,0.0,-2.3842e-07,5.3976,60.48,-7.9603,26.475,-0.00011036,-1000000.0,-796.11,-15.07,0.0,16.887,5.3809,8.2551,0.29481,0.0,-1604.14,0.0711,20.0
422,2024-02-27,0.0,0.0508,-18.425,-8.475,-13.90625,0.0508,0.0,9.984e-32,0.0,-2.3842e-07,5.4484,60.48,-7.9603,26.475,-0.0001106,-1000000.0,-796.11,-15.07,0.0,16.887,5.3809,8.2551,0.29481,0.0,-1604.14,0.0711,20.0
423,2024-02-28,0.0,0.22352,-9.975,7.75,1.85104166666667,0.22352,0.0,9.984e-32,0.0,-2.6822e-07,5.6719,60.48,-7.9603,26.475,-0.00011086,-1000000.0,-796.11,-15.07,0.0,16.887,5.3809,8.2551,0.29481,0.0,-1604.14,0.0711,20.0
424,2024-02-29,0.0646,0.3302,1.35,12.825,7.26354166666667,0.3302,0.0,9.984e-32,0.0,-2.3842e-07,6.0021,60.48,-7.9603,26.475,-0.0001111,-1000000.0,-796.11,-15.071,0.0,16.887,5.3809,8.2551,0.29481,0.0,-1604.14,0.0711,20.0
425,2024-03-01,0.0,0.19558,-2.85,6.6,0.96875,0.19558,0.0,9.984e-32,0.0,-2.6822e-07,6.1977,60.48,-7.9603,26.475,-0.00011137,-1000000.0,-796.11,-15.071,0.0,16.887,5.3809,8.2551,0.29481,0.0,-1604.14,0.0711,20.0
426,2024-03-02,0.0,0.04064,-14.575,-2.4,-8.82083333333333,0.04064,0.0,9.984e-32,0.0,-2.3842e-07,6.2383,60.48,-7.9603,26.475,-0.00011161,-1000000.0,-796.11,-15.071,0.0,16.887,5.3809,8.2551,0.29481,0.0,-1604.14,0.0711,20.0
427,2024-03-03,0.0,0.04318,-19.4,-7.625,-14.0395833333333,0.04318,0.0,9.984e-32,0.0,-2.6822e-07,6.2815,60.48,-7.9603,26.475,-0.00011188,-1000000.0,-796.11,-15.071,0.0,16.887,5.3809,8.2551,0.29481,0.0,-1604.14,0.0711,20.0
428,2024-03-04,0.0,0.05334,-19.35,-8.55,-14.5427083333333,0.05334,0.0,9.984e-32,0.0,-2.3842e-07,6.3348,60.48,-7.9603,26.475,-0.00011212,-1000000.0,-796.11,-15.071,0.0,16.887,5.3809,8.2551,0.29481,0.0,-1604.14,0.0711,20.0
429,2024-03-05,0.0068,0.09144,-20.725,2.425,-10.4072916666667,0.09144,0.0,9.984e-32,0.0,-2.6822e-07,6.4263,60.48,-7.9603,26.475,-0.00011238,-1000000.0,-796.11,-15.071,0.0,16.887,5.3809,8.2551,0.29481,0.0,-1604.14,0.0711,20.0
430,2024-03-06,0.0,0.0762,-12.35,-2.275,-8.83020833333333,0.0762,0.0,9.984e-32,0.0,-2.3842e-07,6.5025,60.48,-7.9603,26.475,-0.00011262,-1000000.0,-796.11,-15.072,0.0,16.887,5.3809,8.2551,0.29481,0.0,-1604.14,0.0711,20.0
431,2024-03-07,0.0068,0.11684,-12.275,4.875,-4.01666666666667,0.11684,0.0,9.984e-32,0.0,-2.6822e-07,6.6193,60.48,-7.9603,26.475,-0.00011289,-1000000.0,-796.11,-15.072,0.0,16.887,5.3809,8.2551,0.29481,0.0,-1604.14,0.0711,20.0
432,2024-03-08,0.0,0.3175,-8.075,11.85,1.52083333333333,0.3175,0.0,9.984e-32,0.0,-2.3842e-07,6.9368,60.48,-7.9603,26.475,-0.00011313,-1000000.0,-796.11,-15.072,0.0,16.887,5.3809,8.2551,0.29481,0.0,-1604.14,0.0711,20.0
433,2024-03-09,0.0,0.41656,1.225,14.1,6.75,0.41656,0.0,9.984e-32,0.0,-2.6822e-07,7.3534,60.48,-7.9603,26.475,-0.0001134,-1000000.0,-796.11,-15.072,0.0,16.887,5.3809,8.2551,0.29481,0.0,-1604.14,0.0711,20.0
434,2024-03-10,0.0,0.31242,1.325,12.9,6.64926086956522,0.31242,0.0,9.984e-32,0.0,-2.3842e-07,7.6658,60.48,-7.9603,26.475,-0.00011364,-1000000.0,-796.11,-15.072,0.0,16.887,5.3809,8.2551,0.29481,0.0,-1604.14,0.0711,20.0
435,2024-03-11,0.0,0.2159,1.025,10.2,5.228125,0.2159,0.0,9.984e-32,0.0,-2.6822e-07,7.8817,60.48,-7.9603,26.475,-0.0001139,-1000000.0,-796.11,-15.072,0.0,16.887,5.3809,8.2551,0.29481,0.0,-1604.14,0.0711,20.0
436,2024-03-12,0.0,0.23876,-1.85,12.2,5.45416666666667,0.23876,0.0,9.984e-32,0.0,-2.3842e-07,8.1204,60.48,-7.9603,26.475,-0.00011414,-1000000.0,-796.11,-15.073,0.0,16.887,5.3809,8.2551,0.29481,0.0,-1604.14,0.0711,20.0
437,2024-03-13,0.0,0.13716,-2.375,8.375,2.35729166666667,0.13716,0.0,9.984e-32,0.0,-2.6822e-07,8.2576,60.48,-7.9603,26.475,-0.00011441,-1000000.0,-796.11,-15.073,0.0,16.887,5.3809,8.2551,0.29481,0.0,-1604.14,0.0711,20.0
438,2024-03-14,0.0,0.13716,-4.35,8.9,1.35104166666667,0.13716,0.0,9.984e-32,0.0,-2.3842e-07,8.3948,60.48,-7.9603,26.475,-0.00011465,-1000000.0,-796.11,-15.073,0.0,16.887,5.3809,8.2551,0.29481,0.0,-1604.14,0.0711,20.0
439,2024-03-15,0.0,0.22098,-4.525,16.125,5.12604166666667,0.22098,0.0,9.984e-32,0.0,-2.6822e-07,8.6157,60.48,-7.9603,26.475,-0.00011492,-1000000.0,-796.11,-15.073,0.0,16.887,5.3809,8.2551,0.29481,0.0,-1604.14,0.0711,20.0
440,2024-03-16,0.0,0.1651,-3.65,16.375,4.690625,0.1651,0.0,9.984e-32,0.0,-2.3842e-07,8.7808,60.48,-7.9603,26.475,-0.00011517,-1000000.0,-796.11,-15.073,0.0,16.887,5.3809,8.2551,0.29481,0.0,-1604.14,0.0711,20.0
441,2024-03-17,0.0034,0.18288,-4.35,14.925,4.671875,0.18288,0.0,9.984e-32,0.0,-2.6822e-07,8.9637,60.48,-7.9603,26.475,-0.00011542,-1000000.0,-796.11,-15.073,0.0,16.887,5.3809,8.2551,0.29481,0.0,-1604.14,0.0711,20.0
442,2024-03-18,0.0,0.2921,2.6,20.15,10.6947916666667,0.2921,0.0,9.984e-32,0.0,-2.3842e-07,9.2558,60.48,-7.9603,26.475,-0.00011568,-1000000.0,-796.11,-15.074,0.0,16.887,5.3809,8.2551,0.29481,0.0,-1604.14,0.0711,20.0
443,2024-03-19,0.0,0.22098,-1.125,14.625,6.62916666666667,0.22098,0.0,9.984e-32,0.0,-2.6822e-07,9.4768,60.48,-7.9603,26.475,-0.00011593,-1000000.0,-796.11,-15.074,0.0,16.887,5.3809,8.2551,0.29481,0.0,-1604.14,0.0711,20.0
444,2024-03-20,0.0,0.06604,-4.0,1.15,-1.53645833333333,0.06604,0.0,9.984e-32,0.0,-2.3842e-07,9.5428,60.48,-7.9603,26.475,-0.00011618,-1000000.0,-796.11,-15.074,0.0,16.887,5.3809,8.2551,0.29481,0.0,-1604.14,0.0711,20.0
445,2024-03-21,0.0,0.1143,-6.2,4.125,-2.79270833333333,0.1143,0.0,9.984e-32,0.0,-2.6822e-07,9.6571,60.48,-7.9603,26.475,-0.00011644,-1000000.0,-796.11,-15.074,0.0,16.887,5.3809,8.2551,0.29481,0.0,-1604.14,0.0711,20.0
446,2024-03-22,0.0068,0.06858,-7.225,-2.675,-5.24166666666667,0.06858,0.0,9.984e-32,0.0,-2.3842e-07,9.7257,60.48,-7.9603,26.475,-0.00011669,-1000000.0,-796.11,-15.074,0.0,16.887,5.3809,8.2551,0.29481,0.0,-1604.14,0.0711,20.0
447,2024-03-23,0.0,0.0381,-7.325,-4.725,-5.84375,0.0381,0.0,9.984e-32,0.0,-2.6822e-07,9.7638,60.48,-7.9603,26.475,-0.00011694,-1000000.0,-796.11,-15.074,0.0,16.887,5.3809,8.2551,0.29481,0.0,-1604.14,0.0711,20.0
448,2024-03-24,0.1939,0.07874,-9.675,-1.6,-6.70833333333333,0.07874,0.0,9.984e-32,0.0,-2.3842e-07,9.8426,60.48,-7.9603,26.475,-0.0001172,-1000000.0,-796.11,-15.074,0.0,16.887,5.3809,8.2551,0.29481,0.0,-1604.14,0.0711,20.0
449,2024-03-25,0.1241,0.11938,-10.475,0.65,-5.609375,0.11938,0.0,9.984e-32,0.0,-2.6822e-07,9.9619,60.48,-7.9603,26.475,-0.00011745,-1000000.0,-796.11,-15.075,0.0,16.887,5.3809,8.2551,0.29481,0.0,-1604.14,0.0711,20.0
450,2024-03-26,0.0238,0.1397,-8.45,7.1,-2.5,0.1397,0.0,9.984e-32,0.0,-2.6822e-07,10.102,60.48,-7.9603,26.475,-0.00011772,-1000000.0,-796.11,-15.075,0.0,16.887,5.3809,8.2551,0.29481,0.0,-1604.14,0.0711,20.0
451,2024-03-27,0.0,0.24638,-0.9,9.25,4.10833333333333,0.24638,0.0,9.984e-32,0.0,-2.3842e-07,10.348,60.48,-7.9603,26.475,-0.00011796,-1000000.0,-796.11,-15.075,0.0,16.887,5.3809,8.2551,0.29481,0.0,-1604.14,0.0711,20.0
452,2024-03-28,0.0,0.13208,-0.825,7.6,4.4,0.13208,0.0,9.984e-32,0.0,-2.6822e-07,10.48,60.48,-7.9603,26.475,-0.00011823,-1000000.0,-796.11,-15.075,0.0,16.887,5.3809,8.2551,0.29481,0.0,-1604.14,0.0711,20.0
453,2024-03-29,0.0,0.09398,-2.175,3.4,-0.265625,0.09398,0.0,9.984e-32,0.0,-2.3842e-07,10.574,60.48,-7.9603,26.475,-0.00011846,-1000000.0,-796.11,-15.075,0.0,16.887,5.3809,8.2551,0.29481,0.0,-1604.14,0.0711,20.0
454,2024-03-30,0.0,0.1143,-4.425,4.025,-1.42604166666667,0.1143,0.0,9.984e-32,0.0,-2.3842e-07,10.688,60.48,-7.9603,26.475,-0.00011872,-1000000.0,-796.11,-15.075,0.0,16.887,5.3809,8.2551,0.29481,0.0,-1604.14,0.0711,20.0
455,2024-03-31,0.0595,0.04064,-6.175,1.55,-2.26875,0.04064,0.0,9.984e-32,0.0,-2.6822e-07,10.729,60.48,-7.9603,26.475,-0.00011897,-1000000.0,-796.11,-15.076,0.0,16.887,5.3809,8.2551,0.29481,0.0,-1604.14,0.0711,20.0
456,2024-04-01,0.0,0.24892,-4.7,16.05,5.675,0.0,0.24892,9.984e-32,0.0,-2.6822e-07,10.729,60.729,-7.9603,26.475,-0.00011924,-1000000.0,-1600.7,-15.076,0.0,16.887,5.3809,8.2551,0.29481,0.0,-1604.14,0.0711,20.0
457,2024-04-02,0.0,0.38354,2.475,23.775,12.5416666666667,0.0,0.38354,9.984e-32,0.0,-2.3842e-07,10.729,61.112,-7.9603,26.475,-0.00011948,-1000000.0,-1600.7,-15.076,0.0,16.887,5.3809,8.2551,0.29481,0.0,-1604.14,0.0711,20.0
458,2024-04-03,0.2415,0.33274,5.975,18.15,12.9125,0.0,0.33274,9.984e-32,0.0,-2.6822e-07,10.729,61.445,-7.9603,26.475,-0.00011975,-1000000.0,-1600.7,-15.076,0.0,16.887,5.3809,8.2551,0.29481,0.0,-1604.14,0.0711,20.0
459,2024-04-04,1.6113,0.05334,0.0,6.225,3.659375,0.0,0.05334,9.984e-32,0.0,-2.3842e-07,10.729,61.498,-7.9603,26.475,-0.00011998,-1000000.0,-1600.7,-15.076,0.0,16.887,5.3809,8.2551,0.29481,0.0,-1604.14,0.0711,20.0
460,2024-04-05,0.2193,0.04064,-0.2,2.925,0.844791666666667,0.0,0.04064,9.984e-32,0.0,-2.6822e-07,10.729,61.539,-7.9603,26.475,-0.00012025,-1000000.0,-1600.7,-15.076,0.0,16.887,5.3809,8.2551,0.29481,0.0,-1604.14,0.0711,20.0
461,2024-04-06,0.5678,0.05334,-1.45,1.45,0.084375,0.0,0.05334,9.984e-32,0.0,-2.3842e-07,10.729,61.592,-7.9603,26.475,-0.00012049,-1000000.0,-1600.7,-15.077,0.0,16.887,5.3809,8.2551,0.29481,0.0,-1604.14,0.0711,20.0
462,2024-04-07,0.7909,0.09906,-0.375,6.275,2.84166666666667,0.0,0.09906,9.984e-32,0.0,-2.6822e-07,10.729,61.692,-7.9603,26.475,-0.00012076,-1000000.0,-1600.7,-15.077,0.0,16.887,5.3809,8.2551,0.29481,0.0,-1604.14,0.0711,20.0
463,2024-04-08,0.0,0.25654,-1.0,11.95,5.259375,0.0,0.25654,9.984e-32,0.0,-2.3842e-07,10.729,61.948,-7.9603,26.475,-0.000121,-1000000.0,-1600.7,-15.077,0.0,16.887,5.3809,8.2551,0.29481,0.0,-1604.14,0.0711,20.0
464,2024-04-09,0.0051,0.36322,4.225,15.375,8.84270833333333,0.0,0.36322,9.984e-32,0.0,-2.6822e-07,10.729,62.311,-7.9603,26.475,-0.00012127,-1000000.0,-1600.7,-15.077,0.0,16.887,5.3809,8.2551,0.29481,0.0,-1604.14,0.0711,20.0
465,2024-04-10,0.0085,0.2286,-0.65,12.075,5.19375,0.0,0.2286,9.984e-32,0.0,-2.3842e-07,10.729,62.54,-7.9603,26.475,-0.00012152,-1000000.0,-1600.7,-15.077,0.0,16.887,5.3809,8.2551,0.29481,0.0,-1604.14,0.0711,20.0
466,2024-04-11,0.0,0.30734,-2.4,16.925,7.57708333333333,0.0,0.30734,9.984e-32,0.0,-2.6822e-07,10.729,62.847,-7.9603,26.475,-0.00012177,-1000000.0,-1600.7,-15.077,0.0,16.887,5.3809,8.2551,0.29481,0.0,-1604.14,0.0711,20.0
467,2024-04-12,0.0,0.3048,1.7,22.475,11.86875,0.0,0.3048,9.984e-32,0.0,-2.3842e-07,10.729,63.152,-7.9603,26.475,-0.00012203,-1000000.0,-1600.7,-15.078,0.0,16.887,5.3809,8.2551,0.29481,0.0,-1604.14,0.0711,20.0
468,2024-04-13,0.0,0.381,7.675,22.875,14.7541666666667,0.0,0.381,9.984e-32,0.0,-2.6822e-07,10.729,63.533,-7.9603,26.475,-0.00012228,-1000000.0,-1600.7,-15.078,0.0,16.887,5.3809,8.2551,0.29481,0.0,-1604.14,0.0711,20.0
469,2024-04-14,0.0901,0.30988,3.5,23.4,13.3427083333333,0.0,0.30988,9.984e-32,0.0,-2.3842e-07,10.729,63.843,-7.9603,26.475,-0.00012253,-1000000.0,-1600.7,-15.078,0.0,16.887,5.3809,8.2551,0.29481,0.0,-1604.14,0.0711,20.0
470,2024-04-15,0.0,0.2921,5.65,21.35,12.6125,0.0,0.2921,9.984e-32,0.0,-2.6822e-07,10.729,64.135,-7.9603,26.475,-0.00012279,-1000000.0,-1600.7,-15.078,0.0,16.887,5.3809,8.2551,0.29481,0.0,-1604.14,0.0711,20.0
471,2024-04-16,0.0,0.26162,-3.375,13.25,5.696875,0.0,0.26162,9.984e-32,0.0,-2.3842e-07,10.729,64.397,-7.9603,26.475,-0.00012304,-1000000.0,-1600.7,-15.078,0.0,16.887,5.3809,8.2551,0.29481,0.0,-1604.14,0.0711,20.0
472,2024-04-17,0.0102,0.11938,-6.675,1.025,-1.67708333333333,0.0,0.11938,9.984e-32,0.0,-2.6822e-07,10.729,64.516,-7.9603,26.475,-0.00012329,-1000000.0,-1600.7,-15.078,0.0,16.887,5.3809,8.2551,0.29481,0.0,-1604.14,0.0711,20.0
473,2024-04-18,0.0,0.1397,-8.675,3.975,-1.83020833333333,0.0,0.1397,9.984e-32,0.0,-2.3842e-07,10.729,64.656,-7.9603,26.475,-0.00012355,-1000000.0,-1600.7,-15.079,0.0,16.887,5.3809,8.2551,0.29481,0.0,-1604.14,0.0711,20.0
474,2024-04-19,0.0,0.10414,-11.625,1.4,-3.765625,0.0,0.10414,9.984e-32,0.0,-2.6822e-07,10.729,64.76,-7.9603,26.475,-0.0001238,-1000000.0,-1600.7,-15.079,0.0,16.887,5.3809,8.2551,0.29481,0.0,-1604.14,0.0711,20.0
475,2024-04-20,0.0,0.23622,-11.75,9.7,-0.378125,0.0,0.23622,9.984e-32,0.0,-2.3842e-07,10.729,64.996,-7.9603,26.475,-0.00012405,-1000000.0,-1600.7,-15.079,0.0,16.887,5.3809,8.2551,0.29481,0.0,-1604.14,0.0711,20.0
476,2024-04-21,0.0,0.43434,-0.725,17.125,8.09166666666667,0.0,0.43434,9.984e-32,0.0,-2.6822e-07,10.729,65.43,-7.9603,26.475,-0.00012431,-1000000.0,-1600.7,-15.079,0.0,16.887,5.3809,8.2551,0.29481,0.0,-1604.14,0.0711,20.0
477,2024-04-22,0.0,0.35052,0.575,15.9,7.528125,0.0,0.35052,9.984e-32,0.0,-2.3842e-07,10.729,65.781,-7.9603,26.475,-0.00012456,-1000000.0,-1600.7,-15.079,0.0,16.887,5.3809,8.2551,0.29481,0.0,-1604.14,0.0711,20.0
478,2024-04-23,0.0,0.32512,-3.2,16.0,7.665625,0.0,0.32512,9.984e-32,0.0,-2.6822e-07,10.729,66.106,-7.9603,26.475,-0.00012481,-1000000.0,-1600.7,-15.079,0.0,16.887,5.3809,8.2551,0.29481,0.0,-1604.14,0.0711,20.0
479,2024-04-24,0.0,0.44704,0.75,22.975,13.1,0.0,0.44704,9.984e-32,0.0,-2.3842e-07,10.729,66.553,-7.9603,26.475,-0.00012507,-1000000.0,-1600.7,-15.079,0.0,16.887,5.3809,8.2551,0.29481,0.0,-1604.14,0.0711,20.0
480,2024-04-25,0.0,0.27432,1.325,18.175,12.0291666666667,0.0,0.27432,9.984e-32,0.0,-2.6822e-07,10.729,66.827,-7.9603,26.475,-0.00012532,-1000000.0,-1600.7,-15.08,0.0,16.887,5.3809,8.2551,0.29481,0.0,-1604.14,0.0711,20.0
481,2024-04-26,0.0,0.254,-1.7,14.925,7.89166666666667,0.0,0.254,9.984e-32,0.0,-2.3842e-07,10.729,67.081,-7.9603,26.475,-0.00012557,-1000000.0,-1600.7,-15.08,0.0,16.887,5.3809,8.2551,0.29481,0.0,-1604.14,0.0711,20.0
482,2024-04-27,0.5938,0.12954,3.95,8.65,5.98020833333333,0.0,0.12954,9.984e-32,0.0,-2.3842e-07,10.729,67.211,-7.9603,26.475,-0.00012581,-1000000.0,-1600.7,-15.08,0.0,16.887,5.3809,8.2551,0.29481,0.0,-1604.14,0.0711,20.0
483,2024-04-28,0.0034,0.35306,4.075,15.6,9.42604166666667,0.0,0.35306,9.984e-32,0.0,-2.6822e-07,10.729,67.564,-7.9603,26.475,-0.00012608,-1000000.0,-1600.7,-15.08,0.0,16.887,5.3809,8.2551,0.29481,0.0,-1604.14,0.0711,20.0
484,2024-04-29,0.0,0.32004,2.575,13.0,7.91770833333333,0.0,0.32004,9.984e-32,0.0,-2.3842e-07,10.729,67.884,-7.9603,26.475,-0.00012632,-1000000.0,-1600.7,-15.08,0.0,16.887,5.3809,8.2551,0.29481,0.0,-1604.14,0.0711,20.0
485,2024-04-30,0.0,0.29464,-2.9,12.2,4.46041666666667,0.0,0.29464,9.984e-32,0.0,-2.6822e-07,10.729,68.179,-7.9603,26.475,-0.00012659,-1000000.0,-1600.7,-15.08,0.0,16.887,5.3809,8.2551,0.29481,0.0,-1604.14,0.0711,20.0
486,2024-05-01,0.1156,0.19558,-5.575,8.2,2.05,0.0,0.19558,9.984e-32,0.0,-2.3842e-07,10.729,68.374,-7.9603,26.475,-0.00012682,-1000000.0,-1600.5,-15.081,0.0,16.887,5.3809,8.2551,0.29481,0.0,-1604.14,0.0711,20.0
487,2024-05-02,0.4098,0.13208,-0.425,5.45,1.63333333333333,0.0,0.13208,9.984e-32,0.0,-2.6822e-07,10.729,68.506,-7.9603,26.475,-0.00012709,-1000000.0,-1600.5,-15.081,0.0,16.887,5.3809,8.2551,0.29481,0.0,-1604.14,0.0711,20.0
488,2024-05-03,0.0119,0.19558,-1.4,9.775,3.46041666666667,0.0,0.19558,9.984e-32,0.0,-2.3842e-07,10.729,68.702,-7.9603,26.475,-0.00012733,-1000000.0,-1600.5,-15.081,0.0,16.887,5.3809,8.2551,0.29481,0.0,-1604.14,0.0711,20.0
489,2024-05-04,0.0,0.32766,-3.95,15.875,7.5375,0.0,0.32766,9.984e-32,0.0,-2.6822e-07,10.729,69.03,-7.9603,26.475,-0.0001276,-1000000.0,-1600.5,-15.081,0.0,16.887,5.3809,8.2551,0.29481,0.0,-1604.14,0.0711,20.0
490,2024-05-05,0.0,0.22606,4.325,15.525,9.046875,0.0,0.22606,9.984e-32,0.0,-2.3842e-07,10.729,69.256,-7.9603,26.475,-0.00012784,-1000000.0,-1600.5,-15.081,0.0,16.887,5.3809,8.2551,0.29481,0.0,-1604.14,0.0711,20.0
491,2024-05-06,0.0,0.30226,4.3,16.0,9.90520833333333,0.0,0.30226,9.984e-32,0.0,-2.6822e-07,10.729,69.558,-7.9603,26.475,-0.00012811,-1000000.0,-1600.5,-15.081,0.0,16.887,5.3809,8.2551,0.29481,0.0,-1604.14,0.0711,20.0
492,2024-05-07,1.4485,0.12954,0.85,8.225,5.53229166666667,0.0,0.12954,9.984e-32,0.0,-2.3842e-07,10.729,69.687,-7.9603,26.475,-0.00012834,-1000000.0,-1600.5,-15.082,0.0,16.887,5.3809,8.2551,0.29481,0.0,-1604.14,0.0711,20.0
493,2024-05-08,1.0762,0.04572,0.1,4.125,1.85866666666667,0.0,0.04572,9.984e-32,0.0,-2.6822e-07,10.729,69.733,-7.9603,26.475,-0.00012861,-1000000.0,-1600.5,-15.082,0.0,16.887,5.3809,8.2551,0.29481,0.0,-1604.14,0.0711,20.0
494,2024-05-09,0.1497,0.2667,3.95,17.55,9.71458333333333,0.0,0.2667,9.984e-32,0.0,-2.3842e-07,10.729,70.0,-7.9603,26.475,-0.00012887,-1000000.0,-1600.5,-15.082,0.0,16.887,5.3809,8.2551,0.29481,0.0,-1604.14,0.0711,20.0
495,2024-05-10,0.0034,0.39878,1.6,21.575,12.615625,0.0,0.39878,9.984e-32,0.0,-2.6822e-07,10.729,70.399,-7.9603,26.475,-0.00012912,-1000000.0,-1600.5,-15.082,0.0,16.887,5.3809,8.2551,0.29481,0.0,-1604.14,0.0711,20.0
496,2024-05-11,0.0,0.42926,6.8,26.0,17.175,0.0,0.42926,9.984e-32,0.0,-2.3842e-07,10.729,70.828,-7.9603,26.475,-0.00012936,-1000000.0,-1600.5,-15.082,0.0,16.887,5.3809,8.2551,0.29481,0.0,-1604.14,0.0711,20.0
497,2024-05-12,0.0,0.42418,5.625,25.6,15.7104166666667,0.0,0.42418,9.984e-32,0.0,-2.6822e-07,10.729,71.252,-7.9603,26.475,-0.00012963,-1000000.0,-1600.5,-15.082,0.0,16.887,5.3809,8.2551,0.29481,0.0,-1604.14,0.0711,20.0
498,2024-05-13,0.0391,0.381,7.9,24.775,15.6208333333333,0.0,0.381,9.984e-32,0.0,-2.3842e-07,10.729,71.633,-7.9603,26.475,-0.00012986,-1000000.0,-1600.5,-15.083,0.0,16.887,5.3809,8.2551,0.29481,0.0,-1604.14,0.0711,20.0
499,2024-05-14,0.1395,0.21844,7.225,16.45,11.0875,0.0,0.21844,9.984e-32,0.0,-2.6822e-07,10.729,71.852,-7.9603,26.475,-0.00013013,-1000000.0,-1600.5,-15.083,0.0,16.887,5.3809,8.2551,0.29481,0.0,-1604.14,0.0711,20.0
500,2024-05-15,0.0,0.35814,7.6,21.575,14.1708333333333,0.0,0.35814,9.984e-32,0.0,-2.3842e-07,10.729,72.21,-7.9603,26.475,-0.00013039,-1000000.0,-1600.5,-15.083,0.0,16.887,5.3809,8.2551,0.29481,0.0,-1604.14,0.0711,20.0
501,2024-05-16,0.0,0.48006,9.725,23.3,16.353125,0.0,0.48006,9.984e-32,0.0,-2.6822e-07,10.729,72.69,-7.9603,26.475,-0.00013064,-1000000.0,-1600.5,-15.083,0.0,16.887,5.3809,8.2551,0.29481,0.0,-1604.14,0.0711,20.0
502,2024-05-17,0.1243,0.36068,1.95,15.95,10.1802083333333,0.0,0.36068,9.984e-32,0.0,-2.3842e-07,10.729,73.05,-7.9603,26.475,-0.00013089,-1000000.0,-1600.5,-15.083,0.0,16.887,5.3809,8.2551,0.29481,0.0,-1604.14,0.0711,20.0
503,2024-05-18,0.0,0.35306,0.0,15.525,8.0875,0.0,0.35306,9.984e-32,0.0,-2.6822e-07,10.729,73.403,-7.9603,26.475,-0.00013115,-1000000.0,-1600.5,-15.083,0.0,16.887,5.3809,8.2551,0.29481,0.0,-1604.14,0.0711,20.0
504,2024-05-19,0.1803,0.24892,2.325,13.25,7.271875,0.0,0.24892,9.984e-32,0.0,-2.3842e-07,10.729,73.652,-7.9603,26.475,-0.0001314,-1000000.0,-1600.5,-15.084,0.0,16.887,5.3809,8.2551,0.29481,0.0,-1604.14,0.0711,20.0
505,2024-05-20,0.0051,0.29718,-1.125,15.275,6.74583333333333,0.0,0.29718,9.984e-32,0.0,-2.6822e-07,10.729,73.95,-7.9603,26.475,-0.00013165,-1000000.0,-1600.5,-15.084,0.0,16.887,5.3809,8.2551,0.29481,0.0,-1604.14,0.0711,20.0
506,2024-05-21,0.0085,0.28956,-1.2,16.0,8.71770833333333,0.0,0.28956,9.984e-32,0.0,-2.3842e-07,10.729,74.239,-7.9603,26.475,-0.00013191,-1000000.0,-1600.5,-15.084,0.0,16.887,5.3809,8.2551,0.29481,0.0,-1604.14,0.0711,20.0
507,2024-05-22,0.7844,0.23368,6.175,14.175,9.075,0.0,0.23368,9.984e-32,0.0,-2.6822e-07,10.729,74.473,-7.9603,26.475,-0.00013216,-1000000.0,-1600.5,-15.084,0.0,16.887,5.3809,8.2551,0.29481,0.0,-1604.14,0.0711,20.0
508,2024-05-23,0.3556,0.25654,3.85,12.85,8.15520833333333,0.0,0.25654,9.984e-32,0.0,-2.6822e-07,10.729,74.729,-7.9603,26.475,-0.00013243,-1000000.0,-1600.5,-15.084,0.0,16.887,5.3809,8.2551,0.29481,0.0,-1604.14,0.0711,20.0
509,2024-05-24,0.0,0.39878,4.65,17.3,10.7052083333333,0.0,0.39878,9.984e-32,0.0,-2.3842e-07,10.729,75.128,-7.9603,26.475,-0.00013267,-1000000.0,-1600.5,-15.084,0.0,16.887,5.3809,8.2551,0.29481,0.0,-1604.14,0.0711,20.0
510,2024-05-25,0.0,0.31496,1.35,18.525,9.8625,0.0,0.31496,9.984e-32,0.0,-2.6822e-07,10.729,75.443,-7.9603,26.475,-0.00013293,-1000000.0,-1600.5,-15.084,0.0,16.887,5.3809,8.2551,0.29481,0.0,-1604.14,0.0711,20.0
511,2024-05-26,0.0,0.42164,4.45,18.125,10.9333333333333,0.0,0.42164,9.984e-32,0.0,-2.3842e-07,10.729,75.865,-7.9603,26.475,-0.00013317,-1000000.0,-1600.5,-15.085,0.0,16.887,5.3809,8.2551,0.29481,0.0,-1604.14,0.0711,20.0
512,2024-05-27,0.0,0.41148,3.15,22.95,13.8697916666667,0.0,0.41148,9.984e-32,0.0,-2.6822e-07,10.729,76.276,-7.9603,26.475,-0.00013344,-1000000.0,-1600.5,-15.085,0.0,16.887,5.3809,8.2551,0.29481,0.0,-1604.14,0.0711,20.0
513,2024-05-28,0.0885,0.4699,2.975,27.05,15.3177083333333,0.0,0.4699,9.984e-32,0.0,-2.3842e-07,10.729,76.746,-7.9603,26.475,-0.00013368,-1000000.0,-1600.5,-15.085,0.0,16.887,5.3809,8.2551,0.29481,0.0,-1604.14,0.0711,20.0
514,2024-05-29,0.2349,0.41148,7.775,18.825,13.6041666666667,0.0,0.41148,9.984e-32,0.0,-2.6822e-07,10.729,77.158,-7.9603,26.475,-0.00013395,-1000000.0,-1600.5,-15.085,0.0,16.887,5.3809,8.2551,0.29481,0.0,-1604.14,0.0711,20.0
515,2024-05-30,0.0,0.36576,2.35,16.8,10.0135416666667,0.0,0.36576,9.984e-32,0.0,-2.3842e-07,10.729,77.523,-7.9603,26.475,-0.00013418,-1000000.0,-1600.5,-15.085,0.0,16.887,5.3809,8.2551,0.29481,0.0,-1604.14,0.0711,20.0
516,2024-05-31,0.0,0.40132,0.8,19.7,10.6260416666667,0.0,0.40132,9.984e-32,0.0,-2.6822e-07,10.729,77.925,-7.9603,26.475,-0.00013445,-1000000.0,-1600.5,-15.085,0.0,16.887,5.3809,8.2551,0.29481,0.0,-1604.14,0.0711,20.0
517,2024-06-01,0.0,0.3683,0.05,22.075,12.871875,0.0,0.3683,9.984e-32,0.0,-2.3842e-07,10.729,78.293,-7.9603,26.475,-0.00013469,-1000000.0,-1600.7,-15.086,0.0,16.887,5.3809,8.2551,0.29481,0.0,-1604.14,0.0711,20.0
518,2024-06-02,0.0,0.41148,7.875,21.3,15.5416666666667,0.0,0.41148,9.984e-32,0.0,-2.6822e-07,10.729,78.704,-7.9603,26.475,-0.00013496,-1000000.0,-1600.7,-15.086,0.0,16.887,5.3809,8.2551,0.29481,0.0,-1604.14,0.0711,20.0
519,2024-06-03,0.0,0.46482,8.275,19.75,14.65,0.0,0.46482,9.984e-32,0.0,-2.3842e-07,10.729,79.169,-7.9603,26.475,-0.0001352,-1000000.0,-1600.7,-15.086,0.0,16.887,5.3809,8.2551,0.29481,0.0,-1604.14,0.0711,20.0
520,2024-06-04,0.0,0.47752,7.375,19.7,12.3802083333333,0.0,0.47752,9.984e-32,0.0,-2.6822e-07,10.729,79.647,-7.9603,26.475,-0.00013547,-1000000.0,-1600.7,-15.086,0.0,16.887,5.3809,8.2551,0.29481,0.0,-1604.14,0.0711,20.0
521,2024-06-05,0.0,0.4445,7.375,22.775,14.9489583333333,0.0,0.4445,9.984e-32,0.0,-2.3842e-07,10.729,80.091,-7.9603,26.475,-0.0001357,-1000000.0,-1600.7,-15.086,0.0,16.887,5.3809,8.2551,0.29481,0.0,-1604.14,0.0711,20.0
522,2024-06-06,0.0,0.44196,3.6,25.925,15.89375,0.0,0.44196,9.984e-32,0.0,-2.6822e-07,10.729,80.533,-7.9603,26.475,-0.00013597,-1000000.0,-1600.7,-15.086,0.0,16.887,5.3809,8.2551,0.29481,0.0,-1604.14,0.0711,20.0
523,2024-06-07,0.0,0.42672,6.225,21.75,15.04375,0.0,0.42672,9.984e-32,0.0,-2.3842e-07,10.729,80.96,-7.9603,26.475,-0.00013621,-1000000.0,-1600.7,-15.087,0.0,16.887,5.3809,8.2551,0.29481,0.0,-1604.14,0.0711,20.0
524,2024-06-08,0.0,0.41656,3.55,23.05,14.2875,0.0,0.41656,9.984e-32,0.0,-2.6822e-07,10.729,81.377,-7.9603,26.475,-0.00013648,-1000000.0,-1600.7,-15.087,0.0,16.887,5.3809,8.2551,0.29481,0.0,-1604.14,0.0711,20.0
525,2024-06-09,0.0,0.39878,2.7,21.2,13.6229166666667,0.0,0.39878,9.984e-32,0.0,-2.3842e-07,10.729,81.775,-7.9603,26.475,-0.00013673,-1000000.0,-1600.7,-15.087,0.0,16.887,5.3809,8.2551,0.29481,0.0,-1604.14,0.0711,20.0
526,2024-06-10,0.1173,0.45974,12.875,25.2,18.5552083333333,0.0,0.45974,9.984e-32,0.0,-2.6822e-07,10.729,82.235,-7.9603,26.475,-0.00013699,-1000000.0,-1600.7,-15.087,0.0,16.887,5.3809,8.2551,0.29481,0.0,-1604.14,0.0711,20.0
527,2024-06-11,0.0,0.55118,10.25,28.1,19.2333333333333,0.0,0.55118,9.984e-32,0.0,-2.3842e-07,10.729,82.786,-7.9603,26.475,-0.00013724,-1000000.0,-1600.7,-15.087,0.0,16.887,5.3809,8.2551,0.29481,0.0,-1604.14,0.0711,20.0
528,2024-06-12,0.0,0.5207,6.5,25.4,17.9635416666667,-1.524,0.5207,-0.7165,0.089263,-2.4176e-13,9.205,83.307,-9.1131,26.535,-0.00013725,0.0,-1384.8,-15.087,0.8075,17.26,6.4738,9.4079,0.29481,0.0,-1604.14,0.0711,20.0
529,2024-06-13,0.0,0.45466,2.55,25.225,15.58125,-1.524,0.45466,-0.58249,0.10392,0.0,7.681,83.762,-9.7479,26.618,-0.00013727,0.0,-1276.3,-15.087,0.94151,18.149,7.0254,10.043,0.29481,0.0,-1604.14,0.0711,20.0
530,2024-06-14,0.0,0.41656,5.4,28.675,17.7677083333333,-1.524,0.41656,-0.54702,0.094222,0.0,6.157,84.178,-10.307,26.708,-0.00013737,0.0,-1215.2,-15.087,0.97698,19.114,7.4935,10.601,0.29481,0.0,-1604.14,0.0711,20.0
531,2024-06-15,0.1258,0.32766,6.075,20.8,12.496875,-1.6498,0.32766,-0.51899,0.070213,-5.3262e-07,4.5072,84.506,-10.834,26.779,-0.00013748,0.0,-1107.1,-15.087,1.1308,20.236,7.9499,11.129,0.29481,0.0,-1604.14,0.0711,20.0
532,2024-06-16,0.0612,0.4318,5.1,17.55,11.1666666666667,-1.5852,0.4318,-0.50941,0.088439,-4.8694e-07,2.922,84.938,-11.348,26.869,-0.00013761,0.0,-1049.5,-15.087,1.0758,21.308,8.3741,11.643,0.29481,0.0,-1604.14,0.0711,20.0
533,2024-06-17,2.0693,0.09652,4.25,6.625,5.37916666666667,-3.5933,0.09652,-0.50428,0.017925,2.4175e-13,-0.67129,85.034,-11.854,26.887,-0.00013767,0.0,-940.34,-15.087,3.089,24.395,8.8614,12.148,0.29481,0.0,-1604.14,0.0711,20.0
534,2024-06-18,0.4488,0.23368,2.85,12.575,7.25729166666667,0.0,0.23368,5.5879e-09,0.14855,-2.6956e-07,-0.67129,85.268,-11.854,27.035,-0.00013791,-8.2913,-942.88,-15.088,0.0,24.395,8.7156,12.148,0.29481,0.0,-1604.14,0.0711,20.0
535,2024-06-19,0.2366,0.37592,0.625,19.575,10.209375,0.0,0.37592,-1.8743e-08,0.23898,-2.3842e-07,-0.67129,85.644,-11.854,27.274,-0.00013815,-9.4479,-945.36,-15.088,0.0,24.395,8.4992,12.148,0.29481,0.0,-1604.14,0.0711,20.0
536,2024-06-20,0.017,0.4191,1.275,23.0,13.3677083333333,0.0,0.4191,1.1176e-08,0.26643,-2.3842e-07,-0.67129,86.063,-11.854,27.541,-0.0001384,-10.445,-948.26,-15.088,0.0,24.395,8.2465,12.148,0.29481,0.0,-1604.14,0.0711,20.0
537,2024-06-21,0.423,0.33528,5.225,22.075,13.5125,0.0,0.33528,8.4983e-09,0.21314,-2.3842e-07,-0.67129,86.398,-11.854,27.754,-0.00013864,-11.235,-951.19,-15.088,0.0,24.395,8.0067,12.148,0.29481,0.0,-1604.14,0.0711,20.0
538,2024-06-22,0.0051,0.42672,6.725,27.45,17.715625,0.0,0.42672,-9.5752e-09,0.27127,-2.3842e-07,-0.67129,86.825,-11.854,28.025,-0.00013888,-11.69,-954.7,-15.088,0.0,24.395,7.7645,12.148,0.29481,0.0,-1604.14,0.0711,20.0
539,2024-06-23,0.0,0.55626,9.6,30.625,20.9,0.0,0.55626,5.8208e-10,0.35362,-2.3842e-07,-0.67129,87.381,-11.854,28.379,-0.00013913,-11.962,-960.31,-15.088,0.0,24.395,7.452,12.148,0.29481,0.0,-1604.14,0.0711,20.0
540,2024-06-24,0.0119,0.49022,10.15,27.5,19.7397727272727,0.0,0.49022,9.8953e-10,0.31164,-2.6822e-07,-0.67129,87.871,-11.854,28.69,-0.0001394,-12.334,-968.52,-15.089,0.0,24.395,7.1194,12.148,0.29481,0.0,-1604.14,0.0711,20.0
541,2024-06-25,0.0,0.41148,6.525,24.95,16.6666666666667,0.0,0.41148,1.2573e-08,0.26158,-2.6822e-07,-0.67129,88.283,-11.854,28.952,-0.00013967,-12.779,-979.14,-15.089,0.0,24.395,6.8328,12.148,0.29481,0.0,-1604.14,0.0711,20.0
542,2024-06-26,0.1191,0.44196,5.55,28.55,18.09375,0.0,0.44196,4.6566e-09,0.28096,-2.3842e-07,-0.67129,88.725,-11.854,29.233,-0.00013992,-13.274,-994.56,-15.089,0.0,24.395,6.5615,12.148,0.29481,0.0,-1604.14,0.0711,20.0
543,2024-06-27,1.0032,0.32258,10.975,19.175,14.7322916666667,0.0,0.32258,-5.7626e-09,0.20507,-2.3842e-07,-0.67129,89.047,-11.854,29.438,-0.00014018,-13.793,-1018.3,-15.089,0.0,24.395,6.3185,12.148,0.29481,0.0,-1604.14,0.0711,20.0
544,2024-06-28,0.0953,0.21844,7.875,15.275,11.94375,0.0,0.21844,-2.6193e-09,0.13887,-2.3842e-07,-0.67129,89.266,-11.854,29.577,-0.00014043,-14.24,-1046.2,-15.089,0.0,24.395,6.1465,12.148,0.29481,0.0,-1604.14,0.0711,20.0
545,2024-06-29,0.0102,0.37592,3.0,21.975,13.6864583333333,0.0,0.37592,-1.3097e-08,0.23898,-2.6822e-07,-0.67129,89.642,-11.854,29.816,-0.00014068,-14.583,-1104.2,-15.089,0.0,24.395,5.9576,12.148,0.29481,0.0,-1604.14,0.0711,20.0
546,2024-06-30,0.1293,0.26924,10.1,21.3,15.3645833333333,0.0,0.26924,-1.0652e-08,0.11899,-2.6822e-07,-0.67129,89.911,-11.854,29.953,-0.00014095,-14.828,-1253.7,-15.09,0.0,24.395,5.7607,12.148,0.29481,0.0,-1604.14,0.0711,20.0
547,2024-07-01,0.0613,0.37084,10.775,24.25,16.6302083333333,0.0,0.37084,1.17e-08,0.082469,-2.3842e-07,-0.67129,90.282,-11.854,30.048,-0.00014119,-15.025,-1390.7,-15.09,0.0,24.395,5.6472,12.148,0.29481,0.0,-1604.14,0.0711,20.0
548,2024-07-02,0.0,0.42672,10.675,25.875,17.69375,-1.397,0.42672,-0.69789,0.12697,0.0,-2.0683,90.709,-12.908,30.181,-0.0001412,0.0,-1287.2,-15.09,0.69911,24.739,6.5693,13.203,0.29481,0.0,-1604.14,0.0711,20.0
549,2024-07-03,0.6927,0.24638,9.875,19.625,12.69375,0.0,0.24638,-2.0722e-08,0.075186,-2.5755e-07,-2.0683,90.955,-12.908,30.263,-0.00014146,-8.449,-1335.2,-15.09,0.0,24.739,6.4844,13.203,0.29481,0.0,-1604.14,0.0711,20.0
550,2024-07-04,0.0119,0.35814,9.35,21.825,15.8885416666667,-2.8059,0.35814,-0.57917,0.088398,2.4159e-13,-4.8742,91.313,-13.561,30.344,-0.00014147,0.0,-1261.0,-15.09,2.2267,26.893,7.0557,13.856,0.29481,0.0,-1604.14,0.0711,20.0
551,2024-07-05,0.0374,0.37592,9.35,23.55,16.3864583333333,0.0,0.37592,-4.6566e-10,0.12979,-2.2663e-07,-4.8742,91.689,-13.561,30.475,-0.00014171,-8.6489,-1273.9,-15.09,0.0,26.893,6.9237,13.856,0.29481,0.0,-1604.14,0.0711,20.0
552,2024-07-06,0.1683,0.34798,11.75,24.425,16.828125,-2.9623,0.34798,-0.54496,0.078794,0.0,-7.8365,92.037,-14.165,30.553,-0.0001418,0.0,-1215.6,-15.09,2.4173,29.251,7.449,14.46,0.29481,0.0,-1604.14,0.0711,20.0
553,2024-07-07,0.0153,0.4445,9.35,28.35,19.5072916666667,0.0,0.4445,-1.234e-08,0.17675,-2.7844e-07,-7.8365,92.482,-14.165,30.73,-0.00014205,-8.7756,-1218.2,-15.09,0.0,29.251,7.2734,14.46,0.29481,0.0,-1604.14,0.0711,20.0
554,2024-07-08,0.0,0.46228,9.675,32.35,22.5375,-2.794,0.46228,-0.52737,0.10236,-4.1001e-07,-10.63,92.944,-14.758,30.842,-0.00014211,0.0,-1160.4,-15.09,2.2666,31.452,7.7529,15.053,0.29481,0.0,-1604.14,0.0711,20.0
555,2024-07-09,0.0,0.4572,10.55,32.675,23.1989583333333,0.0,0.4572,1.2573e-08,0.20574,-2.5357e-07,-10.63,93.401,-14.758,31.048,-0.00014238,-8.7416,-1163.2,-15.09,0.0,31.452,7.5512,15.053,0.29481,0.0,-1604.14,0.0711,20.0
556,2024-07-10,0.0,0.47752,11.25,36.75,24.376619047619,-2.794,0.47752,-0.51766,0.10233,-2.4155e-13,-13.424,93.879,-15.342,31.169,-0.00014241,0.0,-1105.6,-15.091,2.2763,33.662,8.0125,15.637,0.29481,0.0,-1604.14,0.0711,20.0
557,2024-07-11,0.0443,0.4318,15.075,35.075,24.3770833333333,-1.4413,0.4318,-0.50622,0.084304,-2.4154e-13,-14.866,94.31,-15.854,31.258,-0.00014253,0.0,-1005.5,-15.091,0.93508,34.591,8.4353,16.149,0.29481,0.0,-1604.14,0.0711,20.0
558,2024-07-12,0.0,0.43688,10.225,30.2,21.3583333333333,0.0,0.43688,-3.3062e-08,0.25901,-2.7228e-07,-14.866,94.747,-15.854,31.517,-0.00014275,-8.7346,-1006.7,-15.091,0.0,34.591,8.1809,16.149,0.29481,0.0,-1604.14,0.0711,20.0
559,2024-07-13,0.0,0.44958,10.175,33.55,22.7614583333333,0.0,0.44958,1.0477e-09,0.26654,-2.3842e-07,-14.866,95.197,-15.854,31.783,-0.00014299,-9.9904,-1015.3,-15.091,0.0,34.591,7.9162,16.149,0.29481,0.0,-1604.14,0.0711,20.0
560,2024-07-14,0.0,0.42672,10.775,34.075,23.2291666666667,0.0,0.42672,4.773e-09,0.24356,-2.6822e-07,-14.866,95.624,-15.854,32.032,-0.00014326,-10.976,-1034.5,-15.091,0.0,34.591,7.6567,16.149,0.29481,0.0,-1604.14,0.0711,20.0
561,2024-07-15,0.0,0.4826,10.55,34.225,22.7958333333333,0.0,0.4826,1.3388e-09,0.26675,-2.3842e-07,-14.866,96.106,-15.854,32.3,-0.0001435,-11.589,-1053.9,-15.091,0.0,34.591,7.4003,16.149,0.29481,0.0,-1604.14,0.0711,20.0
562,2024-07-16,0.0,0.46228,9.7,35.1,23.2583333333333,0.0,0.46228,-1.7462e-09,0.25377,-2.6822e-07,-14.866,96.568,-15.854,32.554,-0.00014377,-11.907,-1064.2,-15.091,0.0,34.591,7.1397,16.149,0.29481,0.0,-1604.14,0.0711,20.0
563,2024-07-17,0.0,0.45212,11.35,36.625,24.59375,0.0,0.45212,1.333e-08,0.24774,-2.6822e-07,-14.866,97.021,-15.854,32.801,-0.00014403,-12.266,-1072.0,-15.092,0.0,34.591,6.8889,16.149,0.29481,0.0,-1604.14,0.0711,20.0
564,2024-07-18,0.0408,0.37592,12.175,34.1,23.31875,0.0,0.37592,4.4238e-09,0.20586,-2.3842e-07,-14.866,97.396,-15.854,33.007,-0.00014429,-12.689,-1080.0,-15.092,0.0,34.591,6.662,16.149,0.29481,0.0,-1604.14,0.0711,20.0
565,2024-07-19,0.0,0.40894,10.5,34.6,23.121875,0.0,0.40894,-9.7207e-09,0.22394,-2.3842e-07,-14.866,97.805,-15.854,33.231,-0.00014453,-13.151,-1090.8,-15.092,0.0,34.591,6.4471,16.149,0.29481,0.0,-1604.14,0.0711,20.0
566,2024-07-20,0.0,0.41402,12.25,34.6,24.3864583333333,0.0,0.41402,4.4238e-09,0.22673,-2.6822e-07,-14.866,98.219,-15.854,33.458,-0.00014478,-13.65,-1109.1,-15.092,0.0,34.591,6.2218,16.149,0.29481,0.0,-1604.14,0.0711,20.0
567,2024-07-21,0.0,0.37084,11.225,32.9,22.7166666666667,0.0,0.37084,8.7894e-09,0.20308,-2.3842e-07,-14.866,98.59,-15.854,33.661,-0.00014502,-14.145,-1142.4,-15.092,0.0,34.591,6.0069,16.149,0.29481,0.0,-1604.14,0.0711,20.0
568,2024-07-22,0.0,0.38608,10.85,34.65,22.9427083333333,0.0,0.38608,-3.7253e-09,0.18838,-2.3842e-07,-14.866,98.976,-15.854,33.861,-0.00014527,-14.564,-1219.1,-15.092,0.0,34.591,5.7996,16.149,0.29481,0.0,-1604.14,0.0711,20.0
569,2024-07-23,0.0,0.4826,15.625,38.325,26.4958333333333,0.0,0.4826,-1.3621e-08,0.10331,-2.3842e-07,-14.866,99.459,-15.854,33.988,-0.00014551,-14.817,-1375.1,-15.092,0.0,34.591,5.63,16.149,0.29481,0.0,-1604.14,0.0711,20.0
570,2024-07-24,0.0,0.55626,12.65,37.5,26.8208333333333,0.0,0.55626,4.6857e-09,0.030717,-2.3842e-07,-14.866,100.02,-15.854,34.034,-0.00014575,-15.025,-1510.0,-15.093,0.0,34.591,5.5478,16.149,0.29481,0.0,-1604.14,0.0711,20.0
571,2024-07-25,0.0,0.58928,15.75,33.25,25.471875,0.0,0.58928,-9.8662e-09,0.0079504,-2.3842e-07,-14.866,100.6,-15.854,34.046,-0.000146,-15.255,-1572.2,-15.093,0.0,34.591,5.5247,16.149,0.29481,0.0,-1604.14,0.0711,20.0
572,2024-07-26,0.0,0.47244,8.225,29.3,18.2708333333333,0.0,0.47244,-8.5856e-09,0.0020736,-2.6822e-07,-14.866,101.08,-15.854,34.049,-0.00014627,-15.478,-1592.8,-15.093,0.0,34.591,5.5186,16.149,0.29481,0.0,-1604.14,0.0711,20.0
573,2024-07-27,0.0,0.4064,5.95,31.25,18.9802083333333,0.0,0.4064,8.6147e-09,0.00064474,-2.6822e-07,-14.866,101.48,-15.854,34.05,-0.00014652,-15.689,-1598.5,-15.093,0.0,34.591,5.5171,16.149,0.29481,0.0,-1604.14,0.0711,20.0
574,2024-07-28,0.0,0.3429,5.6,28.55,17.6729166666667,0.0,0.3429,4.8603e-09,0.00032493,-2.3842e-07,-14.866,101.83,-15.854,34.05,-0.00014678,-15.888,-1599.5,-15.093,0.0,34.591,5.5166,16.149,0.29481,0.0,-1604.14,0.0711,20.0
575,2024-07-29,0.0,0.44196,8.7,31.675,20.7510416666667,0.0,0.44196,-3.7544e-09,0.00029952,-2.3842e-07,-14.866,102.27,-15.854,34.05,-0.00014703,-16.074,-1599.7,-15.093,0.0,34.591,5.5162,16.149,0.29481,0.0,-1604.14,0.0711,20.0
576,2024-07-30,0.0085,0.381,13.925,25.75,19.8791666666667,0.0,0.381,4.0163e-09,0.00027943,-2.6822e-07,-14.866,102.65,-15.854,34.051,-0.00014728,-16.248,-1599.8,-15.094,0.0,34.591,5.5159,16.149,0.29481,0.0,-1604.14,0.0711,20.0
577,2024-07-31,0.0,0.4699,12.75,29.9,21.2708333333333,0.0,0.4699,3.2305e-09,0.00026142,-2.6822e-07,-14.866,103.12,-15.854,34.051,-0.00014754,-16.411,-1599.8,-15.094,0.0,34.591,5.5157,16.149,0.29481,0.0,-1604.14,0.0711,20.0
578,2024-08-01,0.0,0.41402,8.9,33.775,22.7385416666667,0.0,0.41402,5.1223e-09,0.00024471,-2.3842e-07,-14.866,103.53,-15.854,34.051,-0.00014779,-16.564,-1599.9,-15.094,0.0,34.591,5.5154,16.149,0.29481,0.0,-1604.14,0.0711,20.0
579,2024-08-02,0.0,0.42926,13.0,38.75,25.8052083333333,0.0,0.42926,2.794e-09,0.00022908,-2.6822e-07,-14.866,103.96,-15.854,34.051,-0.00014806,-16.707,-1600.0,-15.094,0.0,34.591,5.5152,16.149,0.29481,0.0,-1604.14,0.0711,20.0
580,2024-08-03,0.0,0.36322,11.075,37.725,23.6145833333333,0.0,0.36322,-7.6107e-09,0.00021443,-2.6822e-07,-14.866,104.33,-15.854,34.052,-0.00014831,-16.841,-1600.1,-15.094,0.0,34.591,5.5149,16.149,0.29481,0.0,-1604.14,0.0711,20.0
581,2024-08-04,0.1207,0.13208,14.5,23.95,17.85625,0.0,0.13208,-2.1682e-09,0.000197,-2.3842e-07,-14.866,104.46,-15.854,34.052,-0.00014855,-16.966,-1600.1,-15.094,0.0,34.591,5.5147,16.149,0.29481,0.0,-1604.14,0.0711,20.0
582,2024-08-05,0.0238,0.33274,13.4,28.775,20.4125,0.0,0.33274,1.2078e-09,0.00018959,-2.3842e-07,-14.866,104.79,-15.854,34.052,-0.0001488,-17.084,-1600.2,-15.095,0.0,34.591,5.5145,16.149,0.29481,0.0,-1604.14,0.0711,20.0
583,2024-08-06,0.1327,0.34544,13.1,29.075,19.9083333333333,0.0,0.34544,-1.0477e-08,0.00017616,-2.6822e-07,-14.866,105.14,-15.854,34.052,-0.00014906,-17.193,-1600.2,-15.095,0.0,34.591,5.5143,16.149,0.29481,0.0,-1604.14,0.0711,20.0
584,2024-08-07,0.558,0.11938,10.0,16.025,13.6145833333333,0.0,0.11938,6.723e-09,0.0001527,-2.6822e-07,-14.866,105.26,-15.854,34.052,-0.00014931,-17.296,-1600.2,-15.095,0.0,34.591,5.5142,16.149,0.29481,0.0,-1604.14,0.0711,20.0
585,2024-08-08,0.0119,0.25146,7.15,20.45,14.13125,0.0,0.25146,5.0932e-10,0.00016421,-2.3842e-07,-14.866,105.51,-15.854,34.052,-0.00014956,-17.392,-1600.3,-15.095,0.0,34.591,5.514,16.149,0.29481,0.0,-1604.14,0.0711,20.0
586,2024-08-09,0.0,0.31242,5.075,25.425,16.2645833333333,0.0,0.31242,-1.1394e-08,0.00014642,-2.3842e-07,-14.866,105.82,-15.854,34.053,-0.00014982,-17.482,-1600.4,-15.095,0.0,34.591,5.5139,16.149,0.29481,0.0,-1604.14,0.0711,20.0
587,2024-08-10,0.0323,0.31496,8.125,26.625,17.634375,0.0,0.31496,2.1537e-09,0.00013516,-2.6822e-07,-14.866,106.13,-15.854,34.053,-0.00015007,-17.566,-1600.4,-15.095,0.0,34.591,5.5137,16.149,0.29481,0.0,-1604.14,0.0711,20.0
588,2024-08-11,0.0629,0.36576,11.275,28.025,18.3125,0.0,0.36576,-1.0186e-10,0.00012595,-2.3842e-07,-14.866,106.5,-15.854,34.053,-0.00015031,-17.644,-1600.5,-15.096,0.0,34.591,5.5136,16.149,0.29481,0.0,-1604.14,0.0711,20.0
589,2024-08-12,0.0,0.37846,11.35,29.775,20.309375,0.0,0.37846,-4.1473e-10,0.00011767,-2.3842e-07,-14.866,106.88,-15.854,34.053,-0.00015056,-17.718,-1600.5,-15.096,0.0,34.591,5.5135,16.149,0.29481,0.0,-1604.14,0.0711,20.0
590,2024-08-13,0.2484,0.32512,11.9,30.4,19.5364583333333,0.0,0.32512,3.3906e-09,0.00010999,-2.6822e-07,-14.866,107.2,-15.854,34.053,-0.00015083,-17.786,-1600.5,-15.096,0.0,34.591,5.5133,16.149,0.29481,0.0,-1604.14,0.0711,20.0
591,2024-08-14,0.0068,0.32258,11.0,28.525,18.9739583333333,0.0,0.32258,1.138e-08,0.00010282,-2.6822e-07,-14.866,107.53,-15.854,34.053,-0.00015108,-17.851,-1600.6,-15.096,0.0,34.591,5.5132,16.149,0.29481,0.0,-1604.14,0.0711,20.0
592,2024-08-15,0.2366,0.40386,8.625,30.825,20.303125,0.0,0.40386,-7.8653e-09,9.6112e-05,-2.3842e-07,-14.866,107.93,-15.854,34.053,-0.00015134,-17.911,-1600.6,-15.096,0.0,34.591,5.5131,16.149,0.29481,0.0,-1604.14,0.0711,20.0
593,2024-08-16,0.0,0.381,11.025,28.85,19.0875,0.0,0.381,1.8845e-09,8.5229e-05,-2.6822e-07,-14.866,108.31,-15.854,34.053,-0.0001516,-17.967,-1600.6,-15.096,0.0,34.591,5.513,16.149,0.29481,0.0,-1604.14,0.0711,20.0
594,2024-08-17,0.0,0.35814,7.375,30.15,19.3520833333333,0.0,0.35814,-1.2442e-08,8.1112e-05,-2.6822e-07,-14.866,108.67,-15.854,34.053,-0.00015186,-18.019,-1600.6,-15.097,0.0,34.591,5.513,16.149,0.29481,0.0,-1604.14,0.0711,20.0
595,2024-08-18,1.8799,0.37592,9.0,35.5,20.3833333333333,0.0,0.37592,-3.8781e-09,7.4309e-05,-2.6822e-07,-14.866,109.04,-15.854,34.054,-0.00015211,-18.068,-1600.7,-15.097,0.0,34.591,5.5129,16.149,0.29481,0.0,-1604.14,0.0711,20.0
596,2024-08-19,0.1412,0.43434,13.275,34.175,20.3927083333333,0.0,0.43434,3.8563e-09,6.4614e-05,-2.3842e-07,-14.866,109.48,-15.854,34.054,-0.00015236,-18.114,-1600.7,-15.097,0.0,34.591,5.5128,16.149,0.29481,0.0,-1604.14,0.0711,20.0
597,2024-08-20,0.0595,0.3429,10.975,30.875,20.0,0.0,0.3429,4.7876e-09,6.6402e-05,-2.6822e-07,-14.866,109.82,-15.854,34.054,-0.00015263,-18.157,-1600.7,-15.097,0.0,34.591,5.5127,16.149,0.29481,0.0,-1604.14,0.0711,20.0
598,2024-08-21,0.034,0.28956,9.575,26.85,17.5864583333333,0.0,0.28956,1.4224e-08,6.4073e-05,-2.6822e-07,-14.866,110.11,-15.854,34.054,-0.00015289,-18.196,-1600.7,-15.097,0.0,34.591,5.5127,16.149,0.29481,0.0,-1604.14,0.0711,20.0
599,2024-08-22,0.0,0.31496,5.375,25.875,16.5552083333333,0.0,0.31496,6.5047e-09,5.7653e-05,-2.3842e-07,-14.866,110.43,-15.854,34.054,-0.00015314,-18.234,-1600.7,-15.097,0.0,34.591,5.5126,16.149,0.29481,0.0,-1604.14,0.0711,20.0
600,2024-08-23,0.1107,0.37846,8.1,30.825,18.040625,0.0,0.37846,-3.8344e-09,4.9574e-05,-2.3842e-07,-14.866,110.81,-15.854,34.054,-0.00015339,-18.269,-1600.7,-15.097,0.0,34.591,5.5126,16.149,0.29481,0.0,-1604.14,0.0711,20.0
601,2024-08-24,0.0,0.3429,9.6,25.2,16.484375,0.0,0.3429,2.6484e-09,4.8845e-05,-2.6822e-07,-14.866,111.15,-15.854,34.054,-0.00015365,-18.301,-1600.7,-15.098,0.0,34.591,5.5125,16.149,0.29481,0.0,-1604.14,0.0711,20.0
602,2024-08-25,0.0,0.37084,8.325,25.425,16.015625,0.0,0.37084,1.0623e-09,4.4425e-05,-2.6822e-07,-14.866,111.52,-15.854,34.054,-0.0001539,-18.332,-1600.7,-15.098,0.0,34.591,5.5125,16.149,0.29481,0.0,-1604.14,0.0711,20.0
603,2024-08-26,0.0,0.34798,4.275,26.775,15.271875,0.0,0.34798,3.929e-10,4.2896e-05,-2.3842e-07,-14.866,111.87,-15.854,34.054,-0.00015415,-18.36,-1600.7,-15.098,0.0,34.591,5.5124,16.149,0.29481,0.0,-1604.14,0.0711,20.0
604,2024-08-27,0.051,0.46228,8.55,30.075,19.6364583333333,0.0,0.46228,-1.2518e-08,3.3725e-05,-2.6822e-07,-14.866,112.33,-15.854,34.054,-0.00015442,-18.387,-1600.7,-15.098,0.0,34.591,5.5124,16.149,0.29481,0.0,-1604.14,0.0711,20.0
605,2024-08-28,0.6089,0.26416,5.1,15.325,10.1364583333333,0.0,0.26416,8.4401e-10,3.8362e-05,-2.6822e-07,-14.866,112.59,-15.854,34.054,-0.00015467,-18.411,-1600.7,-15.098,0.0,34.591,5.5123,16.149,0.29481,0.0,-1604.14,0.0711,20.0
606,2024-08-29,0.0,0.39624,10.725,25.9,17.8052083333333,0.0,0.39624,2.2774e-09,2.922e-05,-2.3842e-07,-14.866,112.99,-15.854,34.054,-0.00015493,-18.435,-1600.7,-15.098,0.0,34.591,5.5123,16.149,0.29481,0.0,-1604.14,0.0711,20.0
607,2024-08-30,0.0,0.36576,6.0,32.925,18.628125,0.0,0.36576,1.0186e-08,2.9253e-05,-2.3842e-07,-14.866,113.36,-15.854,34.054,-0.00015518,-18.456,-1600.7,-15.099,0.0,34.591,5.5123,16.149,0.29481,0.0,-1604.14,0.0711,20.0
608,2024-08-31,0.0,0.3048,7.325,29.525,18.9416666666667,0.0,0.3048,-1.4246e-08,3.0266e-05,-2.6822e-07,-14.866,113.66,-15.854,34.054,-0.00015543,-18.476,-1600.7,-15.099,0.0,34.591,5.5122,16.149,0.29481,0.0,-1604.14,0.0711,20.0
609,2024-09-01,0.0,0.28956,6.725,31.1,18.19375,0.0,0.28956,7.4269e-09,0.0,-2.3842e-07,-14.866,113.95,-15.854,34.054,-0.00015567,-18.495,-796.14,-15.099,0.0,34.591,5.5122,16.149,0.29481,0.0,-1604.14,0.0711,20.0
610,2024-09-02,0.0,0.30226,10.9,34.225,21.6229166666667,0.0,0.30226,8.4328e-09,0.0,-2.3842e-07,-14.866,114.25,-15.854,34.054,-0.00015591,-18.513,-796.14,-15.099,0.0,34.591,5.5121,16.149,0.29481,0.0,-1604.14,0.0711,20.0
611,2024-09-03,0.194,0.29718,13.225,30.075,20.4197916666667,0.0,0.29718,1.2975e-08,0.0,-2.6822e-07,-14.866,114.55,-15.854,34.054,-0.00015618,-18.53,-796.15,-15.099,0.0,34.591,5.5121,16.149,0.29481,0.0,-1604.14,0.0711,20.0
612,2024-09-04,0.0,0.29464,10.35,26.075,17.84375,0.0,0.29464,-6.4065e-09,6.8322e-05,-2.6822e-07,-14.866,114.84,-15.854,34.054,-0.00015643,-18.545,-796.13,-15.099,0.0,34.591,5.5121,16.149,0.29481,0.0,-1604.14,0.0711,20.0
613,2024-09-05,0.0,0.28956,5.525,30.875,17.359375,0.0,0.28956,-2.3992e-09,0.0,-2.3842e-07,-14.866,115.13,-15.854,34.054,-0.00015669,-18.559,-796.13,-15.1,0.0,34.591,5.5121,16.149,0.29481,0.0,-1604.14,0.0711,20.0
614,2024-09-06,0.0,0.30226,6.95,32.7,19.6354166666667,0.0,0.30226,5.8262e-09,0.0,-2.3842e-07,-14.866,115.44,-15.854,34.054,-0.00015694,-18.573,-796.15,-15.1,0.0,34.591,5.512,16.149,0.29481,0.0,-1604.14,0.0711,20.0
615,2024-09-07,0.0,0.2921,6.925,33.175,20.640625,0.0,0.2921,1.4126e-08,6.3963e-05,-2.6822e-07,-14.866,115.73,-15.854,34.054,-0.00015721,-18.585,-796.13,-15.1,0.0,34.591,5.512,16.149,0.29481,0.0,-1604.14,0.0711,20.0
616,2024-09-08,0.0,0.28448,7.55,33.125,20.7697916666667,0.0,0.28448,-2.4811e-09,0.0,-2.3842e-07,-14.866,116.01,-15.854,34.054,-0.00015745,-18.597,-796.14,-15.1,0.0,34.591,5.512,16.149,0.29481,0.0,-1604.14,0.0711,20.0
617,2024-09-09,0.0,0.39624,14.725,31.3,23.3583333333333,0.0,0.39624,-6.512e-09,6.7689e-05,-2.3842e-07,-14.866,116.41,-15.854,34.054,-0.0001577,-18.608,-796.13,-15.1,0.0,34.591,5.512,16.149,0.29481,0.0,-1604.14,0.0711,20.0
618,2024-09-10,0.0,0.18288,4.85,19.9,13.4197916666667,0.0,0.18288,-1.3339e-08,0.0,-2.6822e-07,-14.866,116.59,-15.854,34.054,-0.00015797,-18.618,-796.14,-15.1,0.0,34.591,5.512,16.149,0.29481,0.0,-1604.14,0.0711,20.0
619,2024-09-11,2.0309,0.1524,5.55,21.075,13.0770833333333,0.0,0.1524,2.2956e-09,6.5006e-05,-2.6822e-07,-14.866,116.74,-15.854,34.054,-0.00015822,-18.628,-796.13,-15.101,0.0,34.591,5.512,16.149,0.29481,0.0,-1604.14,0.0711,20.0
620,2024-09-12,0.2568,0.0635,9.4,13.65,10.9677083333333,0.0,0.0635,5.1996e-09,0.0,-2.3842e-07,-14.866,116.81,-15.854,34.054,-0.00015846,-18.637,-796.14,-15.101,0.0,34.591,5.5119,16.149,0.29481,0.0,-1604.14,0.0711,20.0
621,2024-09-13,0.997,0.23876,8.175,19.775,12.7354166666667,0.0,0.23876,4.6912e-09,0.0,-2.3842e-07,-14.866,117.05,-15.854,34.054,-0.00015871,-18.645,-796.13,-15.101,0.0,34.591,5.5119,16.149,0.29481,0.0,-1604.14,0.0711,20.0
622,2024-09-14,0.0,0.35814,8.675,22.475,14.6447916666667,0.0,0.35814,-2.3429e-09,0.0,-2.6822e-07,-14.866,117.4,-15.854,34.054,-0.00015898,-18.653,-796.15,-15.101,0.0,34.591,5.5119,16.149,0.29481,0.0,-1604.14,0.0711,20.0
623,2024-09-15,0.0,0.17272,5.75,21.275,13.36875,0.0,0.17272,2.0973e-09,0.0,-2.6822e-07,-14.866,117.58,-15.854,34.054,-0.00015923,-18.66,-796.14,-15.101,0.0,34.591,5.5119,16.149,0.29481,0.0,-1604.14,0.0711,20.0
624,2024-09-16,0.0017,0.19812,6.225,24.45,14.034375,0.0,0.19812,8.7612e-09,0.0,-2.3842e-07,-14.866,117.77,-15.854,34.054,-0.00015949,-18.667,-796.13,-15.101,0.0,34.591,5.5119,16.149,0.29481,0.0,-1604.14,0.0711,20.0
625,2024-09-17,0.0476,0.16764,7.4,23.85,14.7885416666667,0.0,0.16764,-4.2055e-09,0.0,-2.6822e-07,-14.866,117.94,-15.854,34.055,-0.00015976,-18.673,-796.15,-15.102,0.0,34.591,5.5119,16.149,0.29481,0.0,-1604.14,0.0711,20.0
626,2024-09-18,0.0646,0.0889,11.975,17.0,13.821875,0.0,0.0889,-1.035e-09,0.0,-2.6822e-07,-14.866,118.03,-15.854,34.055,-0.00016001,-18.679,-796.14,-15.102,0.0,34.591,5.5119,16.149,0.29481,0.0,-1604.14,0.0711,20.0
627,2024-09-19,0.0221,0.24384,9.125,23.15,15.7333333333333,0.0,0.24384,-1.4747e-08,0.0,-2.3842e-07,-14.866,118.28,-15.854,34.055,-0.00016025,-18.685,-796.14,-15.102,0.0,34.591,5.5119,16.149,0.29481,0.0,-1604.14,0.0711,20.0
628,2024-09-20,0.0,0.34544,5.775,22.925,13.603125,0.0,0.34544,-1.0484e-08,6.4239e-05,-2.3842e-07,-14.866,118.62,-15.854,34.055,-0.0001605,-18.69,-796.13,-15.102,0.0,34.591,5.5119,16.149,0.29481,0.0,-1604.14,0.0711,20.0
629,2024-09-21,0.0,0.19558,-0.575,17.675,9.16666666666667,0.0,0.19558,-4.7644e-09,0.0,-2.6822e-07,-14.866,118.82,-15.854,34.055,-0.00016077,-18.695,-796.15,-15.102,0.0,34.591,5.5118,16.149,0.29481,0.0,-1604.14,0.0711,20.0
630,2024-09-22,0.0,0.32258,3.6,24.525,13.996875,0.0,0.32258,-1.3862e-08,0.0,-2.6822e-07,-14.866,119.14,-15.854,34.055,-0.00016102,-18.699,-796.14,-15.102,0.0,34.591,5.5118,16.149,0.29481,0.0,-1604.14,0.0711,20.0
631,2024-09-23,0.0,0.2667,11.325,25.3,17.1145833333333,0.0,0.2667,3.2569e-09,0.0,-2.3842e-07,-14.866,119.41,-15.854,34.055,-0.00016128,-18.704,-796.14,-15.103,0.0,34.591,5.5118,16.149,0.29481,0.0,-1604.14,0.0711,20.0
632,2024-09-24,0.0,0.44196,13.525,28.825,19.7354166666667,0.0,0.44196,-1.0451e-08,0.0,-2.6822e-07,-14.866,119.85,-15.854,34.055,-0.00016154,-18.708,-796.13,-15.103,0.0,34.591,5.5118,16.149,0.29481,0.0,-1604.14,0.0711,20.0
633,2024-09-25,0.0,0.39624,11.85,31.525,21.0614583333333,0.0,0.39624,-1.0245e-08,0.0,-2.6822e-07,-14.866,120.24,-15.854,34.055,-0.0001618,-18.711,-796.16,-15.103,0.0,34.591,5.5118,16.149,0.29481,0.0,-1604.14,0.0711,20.0
634,2024-09-26,0.0,0.3175,10.275,22.3,16.628125,0.0,0.3175,1.1971e-08,0.0,-2.3842e-07,-14.866,120.56,-15.854,34.055,-0.00016204,-18.715,-796.15,-15.103,0.0,34.591,5.5118,16.149,0.29481,0.0,-1604.14,0.0711,20.0
635,2024-09-27,0.0,0.40894,10.7,27.65,18.9416666666667,0.0,0.40894,8.5588e-09,0.0,-2.3842e-07,-14.866,120.97,-15.854,34.055,-0.00016229,-18.718,-796.15,-15.103,0.0,34.591,5.5118,16.149,0.29481,0.0,-1604.14,0.0711,20.0
636,2024-09-28,0.0,0.23368,2.175,27.9,15.0822916666667,0.0,0.23368,1.105e-08,0.0,-2.6822e-07,-14.866,121.2,-15.854,34.055,-0.00016254,-18.721,-796.14,-15.103,0.0,34.591,5.5118,16.149,0.29481,0.0,-1604.14,0.0711,20.0
637,2024-09-29,0.0,0.3175,6.775,25.275,15.2927083333333,0.0,0.3175,-9.5292e-09,0.0,-2.6822e-07,-14.866,121.52,-15.854,34.055,-0.0001628,-18.724,-796.14,-15.103,0.0,34.591,5.5118,16.149,0.29481,0.0,-1604.14,0.0711,20.0
638,2024-09-30,0.0,0.20828,-2.1,16.375,7.54375,0.0,0.20828,8.7452e-09,0.0,-2.3842e-07,-14.866,121.73,-15.854,34.055,-0.00016305,-18.726,-796.13,-15.104,0.0,34.591,5.5118,16.149,0.29481,0.0,-1604.14,0.0711,20.0
639,2024-10-01,0.0,0.54102,5.775,23.475,15.7708333333333,0.54102,0.0,1.9033e-05,0.0,-2.6822e-07,-14.325,121.73,-15.723,34.055,-0.0001633,-1000000.0,-796.13,-15.104,0.0,34.591,5.3809,16.149,0.42576,0.0,-1604.14,0.0711,20.0
640,2024-10-02,0.0,0.19304,6.15,18.175,13.4833333333333,0.19304,0.0,9.984e-32,0.0,-2.6822e-07,-14.132,121.73,-15.723,34.055,-0.00016357,-1000000.0,-796.13,-15.104,0.0,34.591,5.3809,16.149,0.42576,0.0,-1604.14,0.0711,20.0
641,2024-10-03,0.0,0.17526,-2.05,16.775,8.00729166666667,0.17526,0.0,9.984e-32,0.0,-2.3842e-07,-13.956,121.73,-15.723,34.055,-0.00016382,-1000000.0,-796.13,-15.104,0.0,34.591,5.3809,16.149,0.42576,0.0,-1604.14,0.0711,20.0
642,2024-10-04,0.0,0.46228,-2.625,28.075,13.103125,0.46228,0.0,9.984e-32,0.0,-2.3842e-07,-13.494,121.73,-15.723,34.055,-0.00016406,-1000000.0,-796.13,-15.104,0.0,34.591,5.3809,16.149,0.42576,0.0,-1604.14,0.0711,20.0
643,2024-10-05,0.0,0.254,4.625,18.825,10.7375,0.254,0.0,9.984e-32,0.0,-2.6822e-07,-13.24,121.73,-15.723,34.055,-0.00016432,-1000000.0,-796.13,-15.104,0.0,34.591,5.3809,16.149,0.42576,0.0,-1604.14,0.0711,20.0
644,2024-10-06,0.0,0.22352,1.475,25.425,11.9041666666667,0.22352,0.0,9.984e-32,0.0,-2.6822e-07,-13.017,121.73,-15.723,34.055,-0.00016458,-1000000.0,-796.13,-15.105,0.0,34.591,5.3809,16.149,0.42576,0.0,-1604.14,0.0711,20.0
645,2024-10-07,0.0,0.33528,7.975,26.675,15.8854166666667,0.33528,0.0,9.984e-32,0.0,-2.3842e-07,-12.681,121.73,-15.723,34.055,-0.00016484,-1000000.0,-796.13,-15.105,0.0,34.591,5.3809,16.149,0.42576,0.0,-1604.14,0.0711,20.0
646,2024-10-08,0.0,0.35306,5.6,28.1,16.5020833333333,0.35306,0.0,9.984e-32,0.0,-2.3842e-07,-12.328,121.73,-15.723,34.055,-0.00016508,-1000000.0,-796.13,-15.105,0.0,34.591,5.3809,16.149,0.42576,0.0,-1604.14,0.0711,20.0
647,2024-10-09,0.0,0.2794,8.575,27.2,16.3239583333333,0.2794,0.0,9.984e-32,0.0,-2.6822e-07,-12.049,121.73,-15.723,34.055,-0.00016534,-1000000.0,-796.13,-15.105,0.0,34.591,5.3809,16.149,0.42576,0.0,-1604.14,0.0711,20.0
648,2024-10-10,0.0,0.17526,8.0,18.325,13.0291666666667,0.17526,0.0,9.984e-32,0.0,-2.6822e-07,-11.874,121.73,-15.723,34.055,-0.00016561,-1000000.0,-796.13,-15.105,0.0,34.591,5.3809,16.149,0.42576,0.0,-1604.14,0.0711,20.0
649,2024-10-11,0.0,0.12954,-1.275,19.0,8.52083333333333,0.12954,0.0,9.984e-32,0.0,-2.3842e-07,-11.744,121.73,-15.723,34.055,-0.00016585,-1000000.0,-796.13,-15.105,0.0,34.591,5.3809,16.149,0.42576,0.0,-1604.14,0.0711,20.0
650,2024-10-12,0.0,0.14732,-1.5,19.0,8.23958333333333,0.14732,0.0,9.984e-32,0.0,-2.6822e-07,-11.597,121.73,-15.723,34.055,-0.0001661,-1000000.0,-796.13,-15.106,0.0,34.591,5.3809,16.149,0.42576,0.0,-1604.14,0.0711,20.0
651,2024-10-13,0.0,0.15494,-2.575,20.775,7.70520833333333,0.15494,0.0,9.984e-32,0.0,-2.6822e-07,-11.442,121.73,-15.723,34.055,-0.00016637,-1000000.0,-796.13,-15.106,0.0,34.591,5.3808,16.149,0.42576,0.0,-1604.14,0.0711,20.0
652,2024-10-14,0.0,0.3048,3.325,28.675,15.5416666666667,0.3048,0.0,9.984e-32,0.0,-2.3842e-07,-11.137,121.73,-15.723,34.055,-0.00016661,-1000000.0,-796.13,-15.106,0.0,34.591,5.3808,16.149,0.42576,0.0,-1604.14,0.0711,20.0
653,2024-10-15,0.0,0.23368,9.2,25.3,16.5291666666667,0.23368,0.0,9.984e-32,0.0,-2.3842e-07,-10.903,121.73,-15.723,34.055,-0.00016685,-1000000.0,-796.13,-15.106,0.0,34.591,5.3808,16.149,0.42576,0.0,-1604.14,0.0711,20.0
654,2024-10-16,0.0017,0.25908,3.275,23.65,13.340625,0.25908,0.0,9.984e-32,0.0,-2.6822e-07,-10.644,121.73,-15.723,34.055,-0.00016712,-1000000.0,-796.13,-15.106,0.0,34.591,5.3808,16.149,0.42576,0.0,-1604.14,0.0711,20.0
655,2024-10-17,0.0,0.13716,0.35,11.075,6.71666666666667,0.13716,0.0,9.984e-32,0.0,-2.6822e-07,-10.507,121.73,-15.723,34.055,-0.00016738,-1000000.0,-796.13,-15.106,0.0,34.591,5.3808,16.149,0.42576,0.0,-1604.14,0.0711,20.0
656,2024-10-18,0.0,0.25654,-2.55,12.1,4.97708333333333,0.25654,0.0,9.984e-32,0.0,-2.3842e-07,-10.251,121.73,-15.723,34.055,-0.00016762,-1000000.0,-796.13,-15.107,0.0,34.591,5.3808,16.149,0.42576,0.0,-1604.14,0.0711,20.0
657,2024-10-19,0.0,0.48768,9.4,21.075,13.7479166666667,0.48768,0.0,9.984e-32,0.0,-2.6822e-07,-9.7629,121.73,-15.723,34.055,-0.00016788,-1000000.0,-796.13,-15.107,0.0,34.591,5.3808,16.149,0.42576,0.0,-1604.14,0.0711,20.0
658,2024-10-20,0.0,0.4064,12.475,22.075,16.8104166666667,0.4064,0.0,9.984e-32,0.0,-2.6822e-07,-9.3565,121.73,-15.723,34.055,-0.00016814,-1000000.0,-796.13,-15.107,0.0,34.591,5.3808,16.149,0.42576,0.0,-1604.14,0.0711,20.0
659,2024-10-21,0.0204,0.20066,0.875,17.675,11.209375,0.20066,0.0,9.984e-32,0.0,-2.3842e-07,-9.1559,121.73,-15.723,34.055,-0.00016838,-1000000.0,-796.13,-15.107,0.0,34.591,5.3808,16.149,0.42576,0.0,-1604.14,0.0711,20.0
660,2024-10-22,0.0017,0.17272,-1.375,13.4,4.90729166666667,0.17272,0.0,9.984e-32,0.0,-2.3842e-07,-8.9832,121.73,-15.723,34.055,-0.00016862,-1000000.0,-796.13,-15.107,0.0,34.591,5.3808,16.149,0.42576,0.0,-1604.14,0.0711,20.0
661,2024-10-23,0.0,0.254,-1.7,14.275,6.2875,0.254,0.0,9.984e-32,0.0,-2.6822e-07,-8.7292,121.73,-15.723,34.055,-0.00016889,-1000000.0,-796.13,-15.107,0.0,34.591,5.3808,16.149,0.42576,0.0,-1604.14,0.0711,20.0
662,2024-10-24,0.0,0.1651,-1.725,11.375,4.2625,0.1651,0.0,9.984e-32,0.0,-2.6822e-07,-8.5641,121.73,-15.723,34.055,-0.00016916,-1000000.0,-796.13,-15.108,0.0,34.591,5.3808,16.149,0.42576,0.0,-1604.14,0.0711,20.0
663,2024-10-25,0.0,0.10668,-5.4,9.95,2.27291666666667,0.10668,0.0,9.984e-32,0.0,-2.3842e-07,-8.4574,121.73,-15.723,34.055,-0.0001694,-1000000.0,-796.13,-15.108,0.0,34.591,5.3808,16.149,0.42576,0.0,-1604.14,0.0711,20.0
664,2024-10-26,0.0,0.27686,-2.675,19.975,9.38229166666667,0.27686,0.0,9.984e-32,0.0,-2.6822e-07,-8.1805,121.73,-15.723,34.055,-0.00016965,-1000000.0,-796.13,-15.108,0.0,34.591,5.3808,16.149,0.42576,0.0,-1604.14,0.0711,20.0
665,2024-10-27,0.0,0.32766,3.925,21.775,11.284375,0.32766,0.0,9.984e-32,0.0,-2.6822e-07,-7.8529,121.73,-15.723,34.055,-0.00016992,-1000000.0,-796.13,-15.108,0.0,34.591,5.3808,16.149,0.42576,0.0,-1604.14,0.0711,20.0
666,2024-10-28,0.0,0.21336,-3.725,12.75,5.74479166666667,0.21336,0.0,9.984e-32,0.0,-2.3842e-07,-7.6395,121.73,-15.723,34.055,-0.00017017,-1000000.0,-796.13,-15.108,0.0,34.591,5.3808,16.149,0.42576,0.0,-1604.14,0.0711,20.0
667,2024-10-29,0.0,0.08128,-7.775,9.6,0.632291666666667,0.08128,0.0,9.984e-32,0.0,-2.3842e-07,-7.5582,121.73,-15.723,34.055,-0.00017041,-1000000.0,-796.13,-15.108,0.0,34.591,5.3808,16.149,0.42576,0.0,-1604.14,0.0711,20.0
668,2024-10-30,0.0,0.17526,-5.625,9.95,1.42916666666667,0.17526,0.0,9.984e-32,0.0,-2.6822e-07,-7.383,121.73,-15.723,34.055,-0.00017068,-1000000.0,-796.13,-15.108,0.0,34.591,5.3808,16.149,0.42576,0.0,-1604.14,0.0711,20.0
669,2024-10-31,0.0,0.14732,-3.35,8.6,1.44270833333333,0.14732,0.0,9.984e-32,0.0,-2.6822e-07,-7.2356,121.73,-15.723,34.055,-0.00017095,-1000000.0,-796.13,-15.109,0.0,34.591,5.3808,16.149,0.42576,0.0,-1604.14,0.0711,20.0
670,2024-11-01,0.0,0.17018,-3.825,9.1,2.42291666666667,0.17018,0.0,9.984e-32,0.0,-2.3842e-07,-7.0655,121.73,-15.723,34.055,-0.00017118,-1000000.0,-796.13,-15.109,0.0,34.591,5.3808,16.149,0.42576,0.0,-1604.14,0.0711,20.0
671,2024-11-02,0.0,0.21082,1.775,11.425,6.10416666666667,0.21082,0.0,9.984e-32,0.0,-2.3842e-07,-6.8546,121.73,-15.723,34.055,-0.00017142,-1000000.0,-796.13,-15.109,0.0,34.591,5.3808,16.149,0.42576,0.0,-1604.14,0.0711,20.0
672,2024-11-03,0.0,0.1016,-2.075,8.975,2.288,0.1016,0.0,9.984e-32,0.0,-2.6822e-07,-6.753,121.73,-15.723,34.055,-0.00017169,-1000000.0,-796.13,-15.109,0.0,34.591,5.3808,16.149,0.42576,0.0,-1604.14,0.0711,20.0
673,2024-11-04,0.0,0.21844,-3.15,7.625,2.86875,0.21844,0.0,9.984e-32,0.0,-2.3842e-07,-6.5346,121.73,-15.723,34.055,-0.00017194,-1000000.0,-796.13,-15.109,0.0,34.591,5.3808,16.149,0.42576,0.0,-1604.14,0.0711,20.0
674,2024-11-05,0.1666,0.07874,-2.95,3.575,0.690625,0.07874,0.0,9.984e-32,0.0,-2.3842e-07,-6.4559,121.73,-15.723,34.055,-0.00017218,-1000000.0,-796.13,-15.109,0.0,34.591,5.3808,16.149,0.42576,0.0,-1604.14,0.0711,20.0
675,2024-11-06,0.0357,0.1524,-8.175,8.25,-0.05625,0.1524,0.0,9.984e-32,0.0,-2.6822e-07,-6.3035,121.73,-15.723,34.055,-0.00017245,-1000000.0,-796.13,-15.11,0.0,34.591,5.3808,16.149,0.42576,0.0,-1604.14,0.0711,20.0
676,2024-11-07,0.0,0.28702,1.9,13.625,6.85,0.28702,0.0,9.984e-32,0.0,-2.6822e-07,-6.0164,121.73,-15.723,34.055,-0.00017272,-1000000.0,-796.13,-15.11,0.0,34.591,5.3808,16.149,0.42576,0.0,-1604.14,0.0711,20.0
677,2024-11-08,0.0,0.25146,2.375,17.8,9.1375,0.25146,0.0,9.984e-32,0.0,-2.3842e-07,-5.765,121.73,-15.723,34.055,-0.00017296,-1000000.0,-796.13,-15.11,0.0,34.591,5.3808,16.149,0.42576,0.0,-1604.14,0.0711,20.0
678,2024-11-09,0.0,0.11176,2.375,16.425,7.759375,0.11176,0.0,9.984e-32,0.0,-2.6822e-07,-5.6532,121.73,-15.723,34.055,-0.00017321,-1000000.0,-796.13,-15.11,0.0,34.591,5.3808,16.149,0.42576,0.0,-1604.14,0.0711,20.0
679,2024-11-10,0.0,0.10414,1.475,11.075,6.82291666666667,0.10414,0.0,9.984e-32,0.0,-2.6822e-07,-5.5491,121.73,-15.723,34.055,-0.00017348,-1000000.0,-796.13,-15.11,0.0,34.591,5.3808,16.149,0.42576,0.0,-1604.14,0.0711,20.0
680,2024-11-11,0.0,0.18542,-0.1,15.325,7.02083333333333,0.18542,0.0,9.984e-32,0.0,-2.6822e-07,-5.3637,121.73,-15.723,34.055,-0.00017375,-1000000.0,-796.13,-15.11,0.0,34.591,5.3808,16.149,0.42576,0.0,-1604.14,0.0711,20.0
681,2024-11-12,0.0,0.18288,1.1,10.675,5.13958333333333,0.18288,0.0,9.984e-32,0.0,-2.3842e-07,-5.1808,121.73,-15.723,34.055,-0.00017399,-1000000.0,-796.13,-15.111,0.0,34.591,5.3808,16.149,0.42576,0.0,-1604.14,0.0711,20.0
682,2024-11-13,0.0,0.2794,0.1,11.425,5.85625,0.2794,0.0,9.984e-32,0.0,-2.6822e-07,-4.9014,121.73,-15.723,34.055,-0.00017425,-1000000.0,-796.13,-15.111,0.0,34.591,5.3808,16.149,0.42576,0.0,-1604.14,0.0711,20.0
683,2024-11-14,0.0,0.2413,-1.7,11.575,5.62083333333333,0.2413,0.0,9.984e-32,0.0,-2.3842e-07,-4.6601,121.73,-15.723,34.055,-0.00017449,-1000000.0,-796.13,-15.111,0.0,34.591,5.3808,16.149,0.42576,0.0,-1604.14,0.0711,20.0
684,2024-11-15,0.0,0.06858,-6.025,8.2,0.633333333333333,0.06858,0.0,9.984e-32,0.0,-2.3842e-07,-4.5915,121.73,-15.723,34.055,-0.00017473,-1000000.0,-796.13,-15.111,0.0,34.591,5.3808,16.149,0.42576,0.0,-1604.14,0.0711,20.0
685,2024-11-16,0.0,0.14986,-12.75,7.6,-1.82604166666667,0.14986,0.0,9.984e-32,0.0,-2.3842e-07,-4.4416,121.73,-15.723,34.055,-0.00017497,-1000000.0,-796.13,-15.111,0.0,34.591,5.3808,16.149,0.42576,0.0,-1604.14,0.0711,20.0
686,2024-11-17,0.0,0.3175,2.725,9.775,5.85416666666667,0.3175,0.0,9.984e-32,0.0,-2.3842e-07,-4.1241,121.73,-15.723,34.055,-0.00017521,-1000000.0,-796.13,-15.111,0.0,34.591,5.3808,16.149,0.42576,0.0,-1604.14,0.0711,20.0
687,2024-11-18,0.0,0.13462,-10.125,4.45,0.1625,0.13462,0.0,9.984e-32,0.0,-2.3842e-07,-3.9895,121.73,-15.723,34.055,-0.00017545,-1000000.0,-796.13,-15.112,0.0,34.591,5.3808,16.149,0.42576,0.0,-1604.14,0.0711,20.0
688,2024-11-19,0.0,0.04064,-13.8,3.675,-5.725,0.04064,0.0,9.984e-32,0.0,-2.3842e-07,-3.9489,121.73,-15.723,34.055,-0.00017568,-1000000.0,-796.13,-15.112,0.0,34.591,5.3808,16.149,0.42576,0.0,-1604.14,0.0711,20.0
689,2024-11-20,0.0,0.03048,-14.175,-3.125,-9.021875,0.03048,0.0,9.984e-32,0.0,-2.3842e-07,-3.9184,121.73,-15.723,34.055,-0.00017592,-1000000.0,-796.13,-15.112,0.0,34.591,5.3808,16.149,0.42576,0.0,-1604.14,0.0711,20.0
690,2024-11-21,0.0,0.04064,-10.3,0.7,-5.24479166666667,0.04064,0.0,9.984e-32,0.0,-2.3842e-07,-3.8778,121.73,-15.723,34.055,-0.00017616,-1000000.0,-796.13,-15.112,0.0,34.591,5.3808,16.149,0.42576,0.0,-1604.14,0.0711,20.0
691,2024-11-22,0.0,0.0127,-11.55,-6.6,-8.44895833333333,0.0127,0.0,9.984e-32,0.0,-2.3842e-07,-3.8651,121.73,-15.723,34.055,-0.0001764,-1000000.0,-796.13,-15.112,0.0,34.591,5.3808,16.149,0.42576,0.0,-1604.14,0.0711,20.0
692,2024-11-23,0.0,0.02032,-12.325,-5.45,-8.29583333333333,0.02032,0.0,9.984e-32,0.0,-2.3842e-07,-3.8447,121.73,-15.723,34.055,-0.00017664,-1000000.0,-796.13,-15.112,0.0,34.591,5.3808,16.149,0.42576,0.0,-1604.14,0.0711,20.0
693,2024-11-24,0.0,0.01778,-17.625,-8.025,-11.8416666666667,0.01778,0.0,9.984e-32,0.0,-2.3842e-07,-3.827,121.73,-15.723,34.055,-0.00017688,-1000000.0,-796.13,-15.112,0.0,34.591,5.3808,16.149,0.42576,0.0,-1604.14,0.0711,20.0
694,2024-11-25,0.0,0.01778,-16.125,-6.975,-12.503125,0.01778,0.0,9.984e-32,0.0,-2.3842e-07,-3.8092,121.73,-15.723,34.055,-0.00017712,-1000000.0,-796.13,-15.113,0.0,34.591,5.3808,16.149,0.42576,0.0,-1604.14,0.0711,20.0
695,2024-11-26,0.2805,0.0762,-15.125,6.225,-2.65625,0.0762,0.0,9.984e-32,0.0,-2.3842e-07,-3.733,121.73,-15.723,34.055,-0.00017735,-1000000.0,-796.13,-15.113,0.0,34.591,5.3808,16.149,0.42576,0.0,-1604.14,0.0711,20.0
696,2024-11-27,0.0,0.02286,-13.4,-3.525,-6.928125,0.02286,0.0,9.984e-32,0.0,-2.3842e-07,-3.7101,121.73,-15.723,34.055,-0.00017759,-1000000.0,-796.13,-15.113,0.0,34.591,5.3808,16.149,0.42576,0.0,-1604.14,0.0711,20.0
697,2024-11-28,0.0119,0.04064,-13.2,3.8,-6.37708333333333,0.04064,0.0,9.984e-32,0.0,-2.3842e-07,-3.6695,121.73,-15.723,34.055,-0.00017783,-1000000.0,-796.13,-15.113,0.0,34.591,5.3808,16.149,0.42576,0.0,-1604.14,0.0711,20.0
698,2024-11-29,0.0,0.01778,-15.55,-7.675,-11.6479166666667,0.01778,0.0,9.984e-32,0.0,-2.3842e-07,-3.6517,121.73,-15.723,34.055,-0.00017807,-1000000.0,-796.13,-15.113,0.0,34.591,5.3808,16.149,0.42576,0.0,-1604.14,0.0711,20.0
699,2024-11-30,0.0,0.11938,-14.65,4.725,0.494791666666667,0.11938,0.0,9.984e-32,0.0,-2.3842e-07,-3.5323,121.73,-15.723,34.055,-0.00017831,-1000000.0,-796.13,-15.113,0.0,34.591,5.3808,16.149,0.42576,0.0,-1604.14,0.0711,20.0
700,2024-12-01,0.0,0.03302,-18.475,0.575,-11.190625,0.03302,0.0,9.984e-32,0.0,-2.3842e-07,-3.4993,121.73,-15.723,34.055,-0.00017855,-1000000.0,-796.13,-15.113,0.0,34.591,5.3808,16.149,0.42576,0.0,-1604.14,0.0711,20.0
701,2024-12-02,0.0,0.08128,-17.525,9.175,-4.25416666666667,0.08128,0.0,9.984e-32,0.0,-2.3842e-07,-3.418,121.73,-15.723,34.055,-0.00017878,-1000000.0,-796.13,-15.114,0.0,34.591,5.3808,16.149,0.42576,0.0,-1604.14,0.0711,20.0
702,2024-12-03,0.0,0.15748,-4.2,12.9,3.23958333333333,0.15748,0.0,9.984e-32,0.0,-2.3842e-07,-3.2605,121.73,-15.723,34.055,-0.00017902,-1000000.0,-796.13,-15.114,0.0,34.591,5.3808,16.149,0.42576,0.0,-1604.14,0.0711,20.0
703,2024-12-04,0.0,0.04826,-7.125,9.45,0.595833333333333,0.04826,0.0,9.984e-32,0.0,-2.3842e-07,-3.2123,121.73,-15.723,34.055,-0.00017926,-1000000.0,-796.13,-15.114,0.0,34.591,5.3808,16.149,0.42576,0.0,-1604.14,0.0711,20.0
704,2024-12-05,0.0,0.18034,-7.7,13.975,4.06354166666667,0.18034,0.0,9.984e-32,0.0,-2.3842e-07,-3.0319,121.73,-15.723,34.055,-0.0001795,-1000000.0,-796.13,-15.114,0.0,34.591,5.3808,16.149,0.42576,0.0,-1604.14,0.0711,20.0
705,2024-12-06,0.0,0.28956,4.025,13.8,8.015625,0.28956,0.0,9.984e-32,0.0,-2.3842e-07,-2.7424,121.73,-15.723,34.055,-0.00017974,-1000000.0,-796.13,-15.114,0.0,34.591,5.3808,16.149,0.42576,0.0,-1604.14,0.0711,20.0
706,2024-12-07,0.0,0.36576,7.625,14.2,10.95,0.36576,0.0,9.984e-32,0.0,-2.3842e-07,-2.3766,121.73,-15.723,34.055,-0.00017998,-1000000.0,-796.13,-15.114,0.0,34.591,5.3808,16.149,0.42576,0.0,-1604.14,0.0711,20.0
707,2024-12-08,0.0,0.12954,-2.8,7.3,2.18020833333333,0.12954,0.0,9.984e-32,0.0,-2.3842e-07,-2.2471,121.73,-15.723,34.055,-0.00018021,-1000000.0,-796.13,-15.115,0.0,34.591,5.3808,16.149,0.42576,0.0,-1604.14,0.0711,20.0
708,2024-12-09,0.0,0.05842,-6.425,4.475,-1.75104166666667,0.05842,0.0,9.984e-32,0.0,-2.3842e-07,-2.1887,121.73,-15.723,34.055,-0.00018045,-1000000.0,-796.13,-15.115,0.0,34.591,5.3808,16.149,0.42576,0.0,-1604.14,0.0711,20.0
709,2024-12-10,0.0,0.06858,-6.675,2.775,-1.2125,0.06858,0.0,9.984e-32,0.0,-2.3842e-07,-2.1201,121.73,-15.723,34.055,-0.00018069,-1000000.0,-796.13,-15.115,0.0,34.591,5.3808,16.149,0.42576,0.0,-1604.14,0.0711,20.0
710,2024-12-11,0.0,0.10668,-0.55,8.075,3.07916666666667,0.10668,0.0,9.984e-32,0.0,-2.3842e-07,-2.0134,121.73,-15.723,34.055,-0.00018093,-1000000.0,-796.13,-15.115,0.0,34.591,5.3808,16.149,0.42576,0.0,-1604.14,0.0711,20.0
711,2024-12-12,0.0,0.05588,-8.525,7.4,-1.64479166666667,0.05588,0.0,9.984e-32,0.0,-2.3842e-07,-1.9575,121.73,-15.723,34.055,-0.00018117,-1000000.0,-796.13,-15.115,0.0,34.591,5.3808,16.149,0.42576,0.0,-1604.14,0.0711,20.0
712,2024-12-13,0.0,0.13462,-5.975,8.875,1.35416666666667,0.13462,0.0,9.984e-32,0.0,-2.3842e-07,-1.8229,121.73,-15.723,34.055,-0.00018141,-1000000.0,-796.13,-15.115,0.0,34.591,5.3808,16.149,0.42576,0.0,-1604.14,0.0711,20.0
713,2024-12-14,0.0,0.18542,-2.075,10.15,4.35833333333333,0.18542,0.0,9.984e-32,0.0,-2.3842e-07,-1.6375,121.73,-15.723,34.055,-0.00018165,-1000000.0,-796.13,-15.115,0.0,34.591,5.3808,16.149,0.42576,0.0,-1604.14,0.0711,20.0
714,2024-12-15,0.0,0.10922,-2.55,4.65,1.23958333333333,0.10922,0.0,9.984e-32,0.0,-2.3842e-07,-1.5283,121.73,-15.723,34.055,-0.00018188,-1000000.0,-796.13,-15.116,0.0,34.591,5.3808,16.149,0.42576,0.0,-1604.14,0.0711,20.0
715,2024-12-16,0.0,0.05842,-7.225,-0.025,-3.25416666666667,0.05842,0.0,9.984e-32,0.0,-2.3842e-07,-1.4698,121.73,-15.723,34.055,-0.00018212,-1000000.0,-796.13,-15.116,0.0,34.591,5.3808,16.149,0.42576,0.0,-1604.14,0.0711,20.0
716,2024-12-17,0.0,0.02032,-9.3,-4.675,-6.98541666666667,0.02032,0.0,9.984e-32,0.0,-2.3842e-07,-1.4495,121.73,-15.723,34.055,-0.00018236,-1000000.0,-796.13,-15.116,0.0,34.591,5.3808,16.149,0.42576,0.0,-1604.14,0.0711,20.0
717,2024-12-18,0.0,0.17272,-11.025,10.75,1.13854166666667,0.17272,0.0,9.984e-32,0.0,-2.3842e-07,-1.2768,121.73,-15.723,34.055,-0.0001826,-1000000.0,-796.13,-15.116,0.0,34.591,5.3808,16.149,0.42576,0.0,-1604.14,0.0711,20.0
718,2024-12-19,0.0,0.12192,-12.825,9.125,-1.403125,0.12192,0.0,9.984e-32,0.0,-2.3842e-07,-1.1549,121.73,-15.723,34.055,-0.00018284,-1000000.0,-796.13,-15.116,0.0,34.591,5.3808,16.149,0.42576,0.0,-1604.14,0.0711,20.0
719,2024-12-20,0.0,0.21844,3.675,16.325,8.503125,0.21844,0.0,9.984e-32,0.0,-2.3842e-07,-0.93643,121.73,-15.723,34.055,-0.00018308,-1000000.0,-796.13,-15.116,0.0,34.591,5.3808,16.149,0.42576,0.0,-1604.14,0.0711,20.0
720,2024-12-21,0.0,0.25146,6.375,11.775,8.81875,0.25146,0.0,9.984e-32,0.0,-2.3842e-07,-0.68497,121.73,-15.723,34.055,-0.00018331,-1000000.0,-796.13,-15.117,0.0,34.591,5.3808,16.149,0.42576,0.0,-1604.14,0.0711,20.0
721,2024-12-22,0.0,0.17272,0.075,9.475,4.3375,0.17272,0.0,9.984e-32,0.0,-2.3842e-07,-0.51225,121.73,-15.723,34.055,-0.00018355,-1000000.0,-796.13,-15.117,0.0,34.591,5.3808,16.149,0.42576,0.0,-1604.14,0.0711,20.0
722,2024-12-23,0.0,0.19812,0.425,10.325,4.85520833333333,0.19812,0.0,9.984e-32,0.0,-2.3842e-07,-0.31413,121.73,-15.723,34.055,-0.00018379,-1000000.0,-796.13,-15.117,0.0,34.591,5.3808,16.149,0.42576,0.0,-1604.14,0.0711,20.0
723,2024-12-24,0.0,0.18796,-2.8,10.975,4.34375,0.18796,0.0,9.984e-32,0.0,-2.3842e-07,-0.12617,121.73,-15.723,34.055,-0.00018403,-1000000.0,-796.13,-15.117,0.0,34.591,5.3808,16.149,0.42576,0.0,-1604.14,0.0711,20.0
724,2024-12-25,0.0,0.2032,-0.1,7.125,3.17916666666667,0.2032,0.0,9.984e-32,0.0,-2.3842e-07,0.077027,121.73,-15.723,34.055,-0.00018427,-1000000.0,-796.13,-15.117,0.0,34.591,5.3808,16.149,0.42576,0.0,-1604.14,0.0711,20.0
725,2024-12-26,0.0,0.21844,1.55,6.75,3.684375,0.21844,0.0,9.984e-32,0.0,-2.3842e-07,0.29547,121.73,-15.723,34.055,-0.00018451,-1000000.0,-796.13,-15.117,0.0,34.591,5.3808,16.149,0.42576,0.0,-1604.14,0.0711,20.0
726,2024-12-27,0.0,0.17526,-1.475,6.175,2.21770833333333,0.17526,0.0,9.984e-32,0.0,-2.3842e-07,0.47073,121.73,-15.723,34.055,-0.00018474,-1000000.0,-796.13,-15.117,0.0,34.591,5.3808,16.149,0.42576,0.0,-1604.14,0.0711,20.0
727,2024-12-28,0.0,0.20574,1.4,9.45,4.14791666666667,0.20574,0.0,9.984e-32,0.0,-2.3842e-07,0.67647,121.73,-15.723,34.055,-0.00018498,-1000000.0,-796.13,-15.118,0.0,34.591,5.3808,16.149,0.42576,0.0,-1604.14,0.0711,20.0
728,2024-12-29,0.1003,0.07874,-4.1,4.5,1.5125,0.07874,0.0,9.984e-32,0.0,-2.3842e-07,0.75521,121.73,-15.723,34.055,-0.00018522,-1000000.0,-796.13,-15.118,0.0,34.591,5.3808,16.149,0.42576,0.0,-1604.14,0.0711,20.0
729,2024-12-30,0.0,0.01524,-7.6,-1.525,-4.54270833333333,0.01524,0.0,9.984e-32,0.0,-2.3842e-07,0.77045,121.73,-15.723,34.055,-0.00018546,-1000000.0,-796.13,-15.118,0.0,34.591,5.3808,16.149,0.42576,0.0,-1604.14,0.0711,20.0
730,2024-12-31,0.0,0.0,-9.275,-2.3,-6.24583333333333,0.0,0.0,9.984e-32,0.0,-2.3842e-07,0.77045,121.73,-15.723,34.055,-0.0001857,-1000000.0,-796.13,-15.118,0.0,34.591,5.3808,16.149,0.42576,0.0,-1604.14,0.0711,20.0
731,2025-01-01,0.0,0.0127,-13.4,-7.125,-10.69375,0.0127,0.0,9.984e-32,0.0,-2.3842e-07,0.78315,121.73,-15.723,34.055,-0.00018594,-1000000.0,-796.13,-15.118,0.0,34.591,5.3808,16.149,0.42576,0.0,-1604.14,0.0711,20.0
732,2025-01-02,0.0,0.0127,-13.5,-9.725,-12.5635416666667,0.0127,0.0,9.984e-32,0.0,-2.3842e-07,0.79585,121.73,-15.723,34.055,-0.00018618,-1000000.0,-796.13,-15.118,0.0,34.591,5.3808,16.149,0.42576,0.0,-1604.14,0.0711,20.0
733,2025-01-03,0.0,0.0127,-15.0,-11.325,-12.9666666666667,0.0127,0.0,9.984e-32,0.0,-2.3842e-07,0.80855,121.73,-15.723,34.055,-0.00018641,-1000000.0,-796.13,-15.118,0.0,34.591,5.3808,16.149,0.42576,0.0,-1604.14,0.0711,20.0
734,2025-01-04,0.0,0.01016,-21.325,-11.175,-14.390625,0.01016,0.0,9.984e-32,0.0,-2.3842e-07,0.81871,121.73,-15.723,34.055,-0.00018665,-1000000.0,-796.13,-15.119,0.0,34.591,5.3808,16.149,0.42576,0.0,-1604.14,0.0711,20.0
735,2025-01-05,0.0,0.00508,-22.6,-9.125,-14.8458333333333,0.00508,0.0,9.984e-32,0.0,-2.3842e-07,0.82379,121.73,-15.723,34.055,-0.00018689,-1000000.0,-796.13,-15.119,0.0,34.591,5.3808,16.149,0.42576,0.0,-1604.14,0.0711,20.0
736,2025-01-06,0.0,0.01524,-11.125,-4.6,-8.06354166666667,0.01524,0.0,9.984e-32,0.0,-2.3842e-07,0.83903,121.73,-15.723,34.055,-0.00018713,-1000000.0,-796.13,-15.119,0.0,34.591,5.3808,16.149,0.42576,0.0,-1604.14,0.0711,20.0
737,2025-01-07,0.0,0.07112,-11.65,-0.85,-4.471875,0.07112,0.0,9.984e-32,0.0,-2.3842e-07,0.91015,121.73,-15.723,34.055,-0.00018737,-1000000.0,-796.13,-15.119,0.0,34.591,5.3808,16.149,0.42576,0.0,-1604.14,0.0711,20.0
738,2025-01-08,0.0374,0.10668,-0.35,3.4,1.278125,0.10668,0.0,9.984e-32,0.0,-2.3842e-07,1.0168,121.73,-15.723,34.055,-0.00018761,-1000000.0,-796.13,-15.119,0.0,34.591,5.3808,16.149,0.42576,0.0,-1604.14,0.0711,20.0
739,2025-01-09,0.0,0.06604,-3.7,1.125,-1.515625,0.06604,0.0,9.984e-32,0.0,-2.3842e-07,1.0829,121.73,-15.723,34.055,-0.00018784,-1000000.0,-796.13,-15.119,0.0,34.591,5.3808,16.149,0.42576,0.0,-1604.14,0.0711,20.0
740,2025-01-10,0.0,0.1905,-1.075,6.375,2.36354166666667,0.1905,0.0,9.984e-32,0.0,-2.3842e-07,1.2734,121.73,-15.723,34.055,-0.00018808,-1000000.0,-796.13,-15.12,0.0,34.591,5.3808,16.149,0.42576,0.0,-1604.14,0.0711,20.0
741,2025-01-11,0.0085,0.04572,-1.725,2.475,-0.375,0.04572,0.0,9.984e-32,0.0,-2.3842e-07,1.3191,121.73,-15.723,34.055,-0.00018832,-1000000.0,-796.13,-15.12,0.0,34.591,5.3808,16.149,0.42576,0.0,-1604.14,0.0711,20.0
742,2025-01-12,0.1139,0.02286,-6.675,0.3,-2.18229166666667,0.02286,0.0,9.984e-32,0.0,-2.3842e-07,1.3419,121.73,-15.723,34.055,-0.00018856,-1000000.0,-796.13,-15.12,0.0,34.591,5.3808,16.149,0.42576,0.0,-1604.14,0.0711,20.0
743,2025-01-13,0.0,0.05588,-5.925,0.575,-2.31666666666667,0.05588,0.0,9.984e-32,0.0,-2.3842e-07,1.3978,121.73,-15.723,34.055,-0.0001888,-1000000.0,-796.13,-15.12,0.0,34.591,5.3808,16.149,0.42576,0.0,-1604.14,0.0711,20.0
744,2025-01-14,0.0,0.10668,-4.7,2.175,-0.8375,0.10668,0.0,9.984e-32,0.0,-2.3842e-07,1.5045,121.73,-15.723,34.055,-0.00018904,-1000000.0,-796.13,-15.12,0.0,34.591,5.3808,16.149,0.42576,0.0,-1604.14,0.0711,20.0
745,2025-01-15,0.0,0.127,1.125,5.75,3.30729166666667,0.127,0.0,9.984e-32,0.0,-2.3842e-07,1.6315,121.73,-15.723,34.055,-0.00018927,-1000000.0,-796.13,-15.12,0.0,34.591,5.3808,16.149,0.42576,0.0,-1604.14,0.0711,20.0
746,2025-01-16,0.0,0.20574,-0.475,9.85,5.20208333333333,0.20574,0.0,9.984e-32,0.0,-2.3842e-07,1.8372,121.73,-15.723,34.055,-0.00018951,-1000000.0,-796.13,-15.12,0.0,34.591,5.3808,16.149,0.42576,0.0,-1604.14,0.0711,20.0
747,2025-01-17,0.0102,0.04064,-13.675,-1.05,-8.821875,0.04064,0.0,9.984e-32,0.0,-2.3842e-07,1.8779,121.73,-15.723,34.055,-0.00018975,-1000000.0,-796.13,-15.121,0.0,34.591,5.3808,16.149,0.42576,0.0,-1604.14,0.0711,20.0
748,2025-01-18,0.0,0.02032,-23.275,-11.45,-15.8322916666667,0.02032,0.0,9.984e-32,0.0,-2.3842e-07,1.8982,121.73,-15.723,34.055,-0.00018999,-1000000.0,-796.13,-15.121,0.0,34.591,5.3808,16.149,0.42576,0.0,-1604.14,0.0711,20.0
749,2025-01-19,0.0,0.01778,-25.5,-12.125,-19.7854166666667,0.01778,0.0,9.984e-32,0.0,-2.3842e-07,1.916,121.73,-15.723,34.055,-0.00019023,-1000000.0,-796.13,-15.121,0.0,34.591,5.3808,16.149,0.42576,0.0,-1604.14,0.0711,20.0
750,2025-01-20,0.0,0.05588,-25.125,-7.125,-15.5979166666667,0.05588,0.0,9.984e-32,0.0,-2.3842e-07,1.9719,121.73,-15.723,34.055,-0.00019047,-1000000.0,-796.13,-15.121,0.0,34.591,5.3808,16.149,0.42576,0.0,-1604.14,0.0711,20.0
751,2025-01-21,0.0,0.14986,-6.725,0.8,-3.21979166666667,0.14986,0.0,9.984e-32,0.0,-2.3842e-07,2.1217,121.73,-15.723,34.055,-0.00019071,-1000000.0,-796.13,-15.121,0.0,34.591,5.3808,16.149,0.42576,0.0,-1604.14,0.0711,20.0
752,2025-01-22,0.0,0.04572,-12.475,-1.4,-5.309375,0.04572,0.0,9.984e-32,0.0,-2.3842e-07,2.1674,121.73,-15.723,34.055,-0.00019094,-1000000.0,-796.13,-15.121,0.0,34.591,5.3808,16.149,0.42576,0.0,-1604.14,0.0711,20.0
753,2025-01-23,0.0,0.15494,-9.2,1.875,-2.871875,0.15494,0.0,9.984e-32,0.0,-2.3842e-07,2.3224,121.73,-15.723,34.055,-0.00019118,-1000000.0,-796.13,-15.122,0.0,34.591,5.3808,16.149,0.42576,0.0,-1604.14,0.0711,20.0
754,2025-01-24,0.0663,0.02794,-8.5,-0.275,-4.25208333333333,0.02794,0.0,9.984e-32,0.0,-2.3842e-07,2.3503,121.73,-15.723,34.055,-0.00019142,-1000000.0,-796.13,-15.122,0.0,34.591,5.3808,16.149,0.42576,0.0,-1604.14,0.0711,20.0
755,2025-01-25,0.0,0.03302,-14.9,-4.35,-9.99583333333333,0.03302,0.0,9.984e-32,0.0,-2.3842e-07,2.3833,121.73,-15.723,34.055,-0.00019166,-1000000.0,-796.13,-15.122,0.0,34.591,5.3808,16.149,0.42576,0.0,-1604.14,0.0711,20.0
