 ******* Program HYDRUS
 ******* 
 None                                                                    
 Date:  16. 1.    Time:  15:28:29
 Units: L = mm   , T = days , M = mmol 

       Time          rTop        rRoot        vTop         vRoot        vBot       sum(rTop)   sum(rRoot)    sum(vTop)   sum(vRoot)    sum(vBot)      hTop         hRoot        hBot        RunOff    sum(RunOff)     Volume     sum(Infil)    sum(Evap) TLevel Cum(WTrans)  SnowLayer
        [T]         [L/T]        [L/T]        [L/T]        [L/T]        [L/T]         [L]          [L]          [L]         [L]           [L]         [L]           [L]         [L]          [L/T]         [L]          [L]          [L]          [L]

       1.0000  0.00000E+00  0.00000E+00  0.14671E-07  0.00000E+00 -0.22866E-06  0.00000E+00  0.00000E+00 -0.27210E-07  0.00000E+00 -0.23842E-06 -0.15000E+02 -0.75503E+01 -0.15000E+02  0.00000E+00  0.00000E+00  0.24024E+02  0.00000E+00  0.22866E-07     22  0.00000E+00      0.000
       2.0000  0.35560E-01  0.00000E+00  0.35560E-01  0.00000E+00 -0.23842E-06  0.35560E-01  0.00000E+00  0.35560E-01  0.00000E+00 -0.47684E-06 -0.41137E+02 -0.75503E+01 -0.15000E+02  0.00000E+00  0.00000E+00  0.23989E+02  0.00000E+00  0.35560E-01     26  0.00000E+00      0.000
       3.0000  0.10668E+00  0.00000E+00  0.10668E+00  0.00000E+00 -0.26822E-06  0.14224E+00  0.00000E+00  0.14224E+00  0.00000E+00 -0.74506E-06 -0.94010E+05 -0.75632E+01 -0.15000E+02  0.00000E+00  0.00000E+00  0.23882E+02  0.00000E+00  0.14224E+00     28  0.00000E+00      0.000
       4.0000  0.76200E-01  0.00000E+00  0.15985E-02  0.00000E+00 -0.22738E-06  0.21844E+00  0.00000E+00  0.14982E+00  0.00000E+00 -0.99838E-06 -0.10000E+07 -0.75781E+01 -0.15001E+02  0.00000E+00  0.00000E+00  0.23874E+02  0.00000E+00  0.14982E+00     39  0.00000E+00      0.000
       5.0000  0.33020E-01  0.00000E+00  0.14271E-02  0.00000E+00 -0.23842E-06  0.25146E+00  0.00000E+00  0.15131E+00  0.00000E+00 -0.12517E-05 -0.10000E+07 -0.75814E+01 -0.15001E+02  0.00000E+00  0.00000E+00  0.23873E+02  0.00000E+00  0.15131E+00     42  0.00000E+00      0.000
       6.0000  0.48260E-01  0.00000E+00  0.12742E-02  0.00000E+00 -0.26822E-06  0.29972E+00  0.00000E+00  0.15263E+00  0.00000E+00 -0.15199E-05 -0.10000E+07 -0.75843E+01 -0.15001E+02  0.00000E+00  0.00000E+00  0.23872E+02  0.00000E+00  0.15263E+00     45  0.00000E+00      0.000
       7.0000  0.12700E+00  0.00000E+00  0.11388E-02  0.00000E+00 -0.26822E-06  0.42672E+00  0.00000E+00  0.15380E+00  0.00000E+00 -0.17881E-05 -0.10000E+07 -0.75868E+01 -0.15001E+02  0.00000E+00  0.00000E+00  0.23870E+02  0.00000E+00  0.15380E+00     47  0.00000E+00      0.000
       8.0000  0.18542E+00  0.00000E+00  0.10179E-02  0.00000E+00 -0.26822E-06  0.61214E+00  0.00000E+00  0.15485E+00  0.00000E+00 -0.20564E-05 -0.10000E+07 -0.75891E+01 -0.15001E+02  0.00000E+00  0.00000E+00  0.23869E+02  0.00000E+00  0.15485E+00     49  0.00000E+00      0.000
       9.0000  0.17780E+00  0.00000E+00  0.90980E-03  0.00000E+00 -0.26822E-06  0.78994E+00  0.00000E+00  0.15578E+00  0.00000E+00 -0.23246E-05 -0.10000E+07 -0.75912E+01 -0.15001E+02  0.00000E+00  0.00000E+00  0.23868E+02  0.00000E+00  0.15578E+00     51  0.00000E+00      0.000
      10.0000  0.96520E-01  0.00000E+00  0.81324E-03  0.00000E+00 -0.26822E-06  0.88646E+00  0.00000E+00  0.15662E+00  0.00000E+00 -0.25928E-05 -0.10000E+07 -0.75930E+01 -0.15002E+02  0.00000E+00  0.00000E+00  0.23868E+02  0.00000E+00  0.15662E+00     53  0.00000E+00      0.000
      11.0000  0.45720E-01  0.00000E+00  0.72694E-03  0.00000E+00 -0.26822E-06  0.93218E+00  0.00000E+00  0.15737E+00  0.00000E+00 -0.28610E-05 -0.10000E+07 -0.75947E+01 -0.15002E+02  0.00000E+00  0.00000E+00  0.23867E+02  0.00000E+00  0.15737E+00     55  0.00000E+00      0.000
      12.0000  0.19304E+00  0.00000E+00  0.64982E-03  0.00000E+00 -0.26822E-06  0.11252E+01  0.00000E+00  0.15804E+00  0.00000E+00 -0.31292E-05 -0.10000E+07 -0.75961E+01 -0.15002E+02  0.00000E+00  0.00000E+00  0.23866E+02  0.00000E+00  0.15804E+00     57  0.00000E+00      0.000
      13.0000  0.23114E+00  0.00000E+00  0.58090E-03  0.00000E+00 -0.26822E-06  0.13564E+01  0.00000E+00  0.15863E+00  0.00000E+00 -0.33975E-05 -0.10000E+07 -0.75974E+01 -0.15002E+02  0.00000E+00  0.00000E+00  0.23866E+02  0.00000E+00  0.15863E+00     59  0.00000E+00      0.000
      14.0000  0.17272E+00  0.00000E+00  0.51932E-03  0.00000E+00 -0.26822E-06  0.15291E+01  0.00000E+00  0.15917E+00  0.00000E+00 -0.36657E-05 -0.10000E+07 -0.75986E+01 -0.15002E+02  0.00000E+00  0.00000E+00  0.23865E+02  0.00000E+00  0.15917E+00     61  0.00000E+00      0.000
      15.0000  0.33020E-01  0.00000E+00  0.46428E-03  0.00000E+00 -0.26822E-06  0.15621E+01  0.00000E+00  0.15965E+00  0.00000E+00 -0.39339E-05 -0.10000E+07 -0.75996E+01 -0.15002E+02  0.00000E+00  0.00000E+00  0.23865E+02  0.00000E+00  0.15965E+00     63  0.00000E+00      0.000
      16.0000  0.20320E-01  0.00000E+00  0.41510E-03  0.00000E+00 -0.26822E-06  0.15824E+01  0.00000E+00  0.16007E+00  0.00000E+00 -0.42021E-05 -0.10000E+07 -0.76006E+01 -0.15003E+02  0.00000E+00  0.00000E+00  0.23864E+02  0.00000E+00  0.16007E+00     65  0.00000E+00      0.000
      17.0000  0.43180E-01  0.00000E+00  0.37115E-03  0.00000E+00 -0.26822E-06  0.16256E+01  0.00000E+00  0.16046E+00  0.00000E+00 -0.44703E-05 -0.10000E+07 -0.76014E+01 -0.15003E+02  0.00000E+00  0.00000E+00  0.23864E+02  0.00000E+00  0.16046E+00     67  0.00000E+00      0.000
      18.0000  0.16002E+00  0.00000E+00  0.33188E-03  0.00000E+00 -0.26822E-06  0.17856E+01  0.00000E+00  0.16080E+00  0.00000E+00 -0.47386E-05 -0.10000E+07 -0.76022E+01 -0.15003E+02  0.00000E+00  0.00000E+00  0.23863E+02  0.00000E+00  0.16080E+00     69  0.00000E+00      0.000
      19.0000  0.10668E+00  0.00000E+00  0.29679E-03  0.00000E+00 -0.26822E-06  0.18923E+01  0.00000E+00  0.16110E+00  0.00000E+00 -0.50068E-05 -0.10000E+07 -0.76028E+01 -0.15003E+02  0.00000E+00  0.00000E+00  0.23863E+02  0.00000E+00  0.16110E+00     71  0.00000E+00      0.000
      20.0000  0.12700E+00  0.00000E+00  0.26542E-03  0.00000E+00 -0.26822E-06  0.20193E+01  0.00000E+00  0.16138E+00  0.00000E+00 -0.52750E-05 -0.10000E+07 -0.76034E+01 -0.15003E+02  0.00000E+00  0.00000E+00  0.23863E+02  0.00000E+00  0.16138E+00     73  0.00000E+00      0.000
      21.0000  0.18288E+00  0.00000E+00  0.23740E-03  0.00000E+00 -0.26822E-06  0.22022E+01  0.00000E+00  0.16162E+00  0.00000E+00 -0.55432E-05 -0.10000E+07 -0.76040E+01 -0.15004E+02  0.00000E+00  0.00000E+00  0.23863E+02  0.00000E+00  0.16162E+00     75  0.00000E+00      0.000
      22.0000  0.78740E-01  0.00000E+00  0.21235E-03  0.00000E+00 -0.26822E-06  0.22809E+01  0.00000E+00  0.16184E+00  0.00000E+00 -0.58115E-05 -0.10000E+07 -0.76044E+01 -0.15004E+02  0.00000E+00  0.00000E+00  0.23862E+02  0.00000E+00  0.16184E+00     77  0.00000E+00      0.000
      23.0000  0.88900E-01  0.00000E+00  0.18997E-03  0.00000E+00 -0.26822E-06  0.23698E+01  0.00000E+00  0.16203E+00  0.00000E+00 -0.60797E-05 -0.10000E+07 -0.76049E+01 -0.15004E+02  0.00000E+00  0.00000E+00  0.23862E+02  0.00000E+00  0.16203E+00     79  0.00000E+00      0.000
      24.0000  0.83820E-01  0.00000E+00  0.16997E-03  0.00000E+00 -0.26822E-06  0.24536E+01  0.00000E+00  0.16221E+00  0.00000E+00 -0.63479E-05 -0.10000E+07 -0.76052E+01 -0.15004E+02  0.00000E+00  0.00000E+00  0.23862E+02  0.00000E+00  0.16221E+00     81  0.00000E+00      0.000
      25.0000  0.60960E-01  0.00000E+00  0.15210E-03  0.00000E+00 -0.26822E-06  0.25146E+01  0.00000E+00  0.16236E+00  0.00000E+00 -0.66161E-05 -0.10000E+07 -0.76056E+01 -0.15004E+02  0.00000E+00  0.00000E+00  0.23862E+02  0.00000E+00  0.16236E+00     83  0.00000E+00      0.000
      26.0000  0.15240E+00  0.00000E+00  0.13613E-03  0.00000E+00 -0.26822E-06  0.26670E+01  0.00000E+00  0.16250E+00  0.00000E+00 -0.68843E-05 -0.10000E+07 -0.76059E+01 -0.15004E+02  0.00000E+00  0.00000E+00  0.23862E+02  0.00000E+00  0.16250E+00     85  0.00000E+00      0.000
      27.0000  0.45720E-01  0.00000E+00  0.12186E-03  0.00000E+00 -0.26822E-06  0.27127E+01  0.00000E+00  0.16263E+00  0.00000E+00 -0.71526E-05 -0.10000E+07 -0.76062E+01 -0.15005E+02  0.00000E+00  0.00000E+00  0.23862E+02  0.00000E+00  0.16263E+00     87  0.00000E+00      0.000
      28.0000  0.34290E-01  0.00000E+00  0.10910E-03  0.00000E+00 -0.26822E-06  0.27470E+01  0.00000E+00  0.16274E+00  0.00000E+00 -0.74208E-05 -0.10000E+07 -0.76064E+01 -0.15005E+02  0.00000E+00  0.00000E+00  0.23861E+02  0.00000E+00  0.16274E+00     89  0.00000E+00      0.000
      29.0000  0.22860E-01  0.00000E+00  0.97704E-04  0.00000E+00 -0.26822E-06  0.27699E+01  0.00000E+00  0.16284E+00  0.00000E+00 -0.76890E-05 -0.10000E+07 -0.76066E+01 -0.15005E+02  0.00000E+00  0.00000E+00  0.23861E+02  0.00000E+00  0.16284E+00     91  0.00000E+00      0.000
      30.0000  0.55880E-01  0.00000E+00  0.87520E-04  0.00000E+00 -0.26822E-06  0.28257E+01  0.00000E+00  0.16293E+00  0.00000E+00 -0.79572E-05 -0.10000E+07 -0.76068E+01 -0.15005E+02  0.00000E+00  0.00000E+00  0.23861E+02  0.00000E+00  0.16293E+00     93  0.00000E+00      0.000
      31.0000  0.10414E+00  0.00000E+00  0.78420E-04  0.00000E+00 -0.26822E-06  0.29299E+01  0.00000E+00  0.16301E+00  0.00000E+00 -0.82254E-05 -0.10000E+07 -0.76070E+01 -0.15005E+02  0.00000E+00  0.00000E+00  0.23861E+02  0.00000E+00  0.16301E+00     95  0.00000E+00      0.000
      32.0000  0.11176E+00  0.00000E+00  0.70290E-04  0.00000E+00 -0.26822E-06  0.30416E+01  0.00000E+00  0.16309E+00  0.00000E+00 -0.84937E-05 -0.10000E+07 -0.76072E+01 -0.15005E+02  0.00000E+00  0.00000E+00  0.23861E+02  0.00000E+00  0.16309E+00     97  0.00000E+00      0.000
      33.0000  0.14478E+00  0.00000E+00  0.63022E-04  0.00000E+00 -0.26822E-06  0.31864E+01  0.00000E+00  0.16315E+00  0.00000E+00 -0.87619E-05 -0.10000E+07 -0.76073E+01 -0.15006E+02  0.00000E+00  0.00000E+00  0.23861E+02  0.00000E+00  0.16315E+00     99  0.00000E+00      0.000
      34.0000  0.26162E+00  0.00000E+00  0.56526E-04  0.00000E+00 -0.26822E-06  0.34480E+01  0.00000E+00  0.16321E+00  0.00000E+00 -0.90301E-05 -0.10000E+07 -0.76074E+01 -0.15006E+02  0.00000E+00  0.00000E+00  0.23861E+02  0.00000E+00  0.16321E+00    101  0.00000E+00      0.000
      35.0000  0.19304E+00  0.00000E+00  0.50723E-04  0.00000E+00 -0.26822E-06  0.36411E+01  0.00000E+00  0.16326E+00  0.00000E+00 -0.92983E-05 -0.10000E+07 -0.76076E+01 -0.15006E+02  0.00000E+00  0.00000E+00  0.23861E+02  0.00000E+00  0.16326E+00    103  0.00000E+00      0.000
      36.0000  0.20066E+00  0.00000E+00  0.45534E-04  0.00000E+00 -0.26822E-06  0.38417E+01  0.00000E+00  0.16331E+00  0.00000E+00 -0.95665E-05 -0.10000E+07 -0.76077E+01 -0.15006E+02  0.00000E+00  0.00000E+00  0.23861E+02  0.00000E+00  0.16331E+00    105  0.00000E+00      0.000
      37.0000  0.15240E+00  0.00000E+00  0.40902E-04  0.00000E+00 -0.26822E-06  0.39941E+01  0.00000E+00  0.16335E+00  0.00000E+00 -0.98348E-05 -0.10000E+07 -0.76077E+01 -0.15006E+02  0.00000E+00  0.00000E+00  0.23861E+02  0.00000E+00  0.16335E+00    107  0.00000E+00      0.000
      38.0000  0.21336E+00  0.00000E+00  0.36759E-04  0.00000E+00 -0.26822E-06  0.42075E+01  0.00000E+00  0.16339E+00  0.00000E+00 -0.10103E-04 -0.10000E+07 -0.76078E+01 -0.15006E+02  0.00000E+00  0.00000E+00  0.23861E+02  0.00000E+00  0.16339E+00    109  0.00000E+00      0.000
      39.0000  0.10414E+00  0.00000E+00  0.33057E-04  0.00000E+00 -0.26822E-06  0.43116E+01  0.00000E+00  0.16342E+00  0.00000E+00 -0.10371E-04 -0.10000E+07 -0.76079E+01 -0.15007E+02  0.00000E+00  0.00000E+00  0.23861E+02  0.00000E+00  0.16342E+00    111  0.00000E+00      0.000
      40.0000  0.23622E+00  0.00000E+00  0.29751E-04  0.00000E+00 -0.26822E-06  0.45479E+01  0.00000E+00  0.16345E+00  0.00000E+00 -0.10639E-04 -0.10000E+07 -0.76080E+01 -0.15007E+02  0.00000E+00  0.00000E+00  0.23861E+02  0.00000E+00  0.16345E+00    113  0.00000E+00      0.000
      41.0000  0.27178E+00  0.00000E+00  0.26797E-04  0.00000E+00 -0.26822E-06  0.48197E+01  0.00000E+00  0.16348E+00  0.00000E+00 -0.10908E-04 -0.10000E+07 -0.76080E+01 -0.15007E+02  0.00000E+00  0.00000E+00  0.23861E+02  0.00000E+00  0.16348E+00    115  0.00000E+00      0.000
      42.0000  0.17780E+00  0.00000E+00  0.24156E-04  0.00000E+00 -0.26822E-06  0.49975E+01  0.00000E+00  0.16350E+00  0.00000E+00 -0.11176E-04 -0.10000E+07 -0.76081E+01 -0.15007E+02  0.00000E+00  0.00000E+00  0.23861E+02  0.00000E+00  0.16350E+00    117  0.00000E+00      0.000
      43.0000  0.31750E+00  0.00000E+00  0.21793E-04  0.00000E+00 -0.26822E-06  0.53150E+01  0.00000E+00  0.16353E+00  0.00000E+00 -0.11444E-04 -0.10000E+07 -0.76081E+01 -0.15007E+02  0.00000E+00  0.00000E+00  0.23861E+02  0.00000E+00  0.16353E+00    119  0.00000E+00      0.000
      44.0000  0.23622E+00  0.00000E+00  0.19682E-04  0.00000E+00 -0.26822E-06  0.55512E+01  0.00000E+00  0.16355E+00  0.00000E+00 -0.11712E-04 -0.10000E+07 -0.76082E+01 -0.15007E+02  0.00000E+00  0.00000E+00  0.23861E+02  0.00000E+00  0.16355E+00    121  0.00000E+00      0.000
      45.0000  0.66040E-01  0.00000E+00  0.17799E-04  0.00000E+00 -0.26822E-06  0.56172E+01  0.00000E+00  0.16356E+00  0.00000E+00 -0.11981E-04 -0.10000E+07 -0.76082E+01 -0.15008E+02  0.00000E+00  0.00000E+00  0.23861E+02  0.00000E+00  0.16357E+00    123  0.00000E+00      0.000
      46.0000  0.13208E+00  0.00000E+00  0.16115E-04  0.00000E+00 -0.26822E-06  0.57493E+01  0.00000E+00  0.16358E+00  0.00000E+00 -0.12249E-04 -0.10000E+07 -0.76083E+01 -0.15008E+02  0.00000E+00  0.00000E+00  0.23861E+02  0.00000E+00  0.16358E+00    125  0.00000E+00      0.000
      47.0000  0.28702E+00  0.00000E+00  0.14607E-04  0.00000E+00 -0.26822E-06  0.60363E+01  0.00000E+00  0.16360E+00  0.00000E+00 -0.12517E-04 -0.10000E+07 -0.76083E+01 -0.15008E+02  0.00000E+00  0.00000E+00  0.23861E+02  0.00000E+00  0.16360E+00    127  0.00000E+00      0.000
      48.0000  0.24130E+00  0.00000E+00  0.13263E-04  0.00000E+00 -0.26822E-06  0.62776E+01  0.00000E+00  0.16361E+00  0.00000E+00 -0.12785E-04 -0.10000E+07 -0.76083E+01 -0.15008E+02  0.00000E+00  0.00000E+00  0.23861E+02  0.00000E+00  0.16361E+00    129  0.00000E+00      0.000
      49.0000  0.14478E+00  0.00000E+00  0.12061E-04  0.00000E+00 -0.26822E-06  0.64224E+01  0.00000E+00  0.16362E+00  0.00000E+00 -0.13053E-04 -0.10000E+07 -0.76083E+01 -0.15008E+02  0.00000E+00  0.00000E+00  0.23861E+02  0.00000E+00  0.16362E+00    131  0.00000E+00      0.000
      50.0000  0.16510E+00  0.00000E+00  0.10987E-04  0.00000E+00 -0.26822E-06  0.65875E+01  0.00000E+00  0.16363E+00  0.00000E+00 -0.13322E-04 -0.10000E+07 -0.76084E+01 -0.15008E+02  0.00000E+00  0.00000E+00  0.23861E+02  0.00000E+00  0.16363E+00    133  0.00000E+00      0.000
      51.0000  0.76200E-01  0.00000E+00  0.10022E-04  0.00000E+00 -0.26822E-06  0.66637E+01  0.00000E+00  0.16364E+00  0.00000E+00 -0.13590E-04 -0.10000E+07 -0.76084E+01 -0.15009E+02  0.00000E+00  0.00000E+00  0.23861E+02  0.00000E+00  0.16364E+00    135  0.00000E+00      0.000
      52.0000  0.66040E-01  0.00000E+00  0.91682E-05  0.00000E+00 -0.26822E-06  0.67297E+01  0.00000E+00  0.16365E+00  0.00000E+00 -0.13858E-04 -0.10000E+07 -0.76084E+01 -0.15009E+02  0.00000E+00  0.00000E+00  0.23861E+02  0.00000E+00  0.16365E+00    137  0.00000E+00      0.000
      53.0000  0.22860E-01  0.00000E+00  0.84000E-05  0.00000E+00 -0.26822E-06  0.67526E+01  0.00000E+00  0.16366E+00  0.00000E+00 -0.14126E-04 -0.10000E+07 -0.76084E+01 -0.15009E+02  0.00000E+00  0.00000E+00  0.23861E+02  0.00000E+00  0.16366E+00    139  0.00000E+00      0.000
      54.0000  0.17780E-01  0.00000E+00  0.77162E-05  0.00000E+00 -0.26822E-06  0.67704E+01  0.00000E+00  0.16367E+00  0.00000E+00 -0.14395E-04 -0.10000E+07 -0.76084E+01 -0.15009E+02  0.00000E+00  0.00000E+00  0.23861E+02  0.00000E+00  0.16367E+00    141  0.00000E+00      0.000
      55.0000  0.55880E-01  0.00000E+00  0.71014E-05  0.00000E+00 -0.26822E-06  0.68262E+01  0.00000E+00  0.16368E+00  0.00000E+00 -0.14663E-04 -0.10000E+07 -0.76085E+01 -0.15009E+02  0.00000E+00  0.00000E+00  0.23860E+02  0.00000E+00  0.16368E+00    143  0.00000E+00      0.000
      56.0000  0.18542E+00  0.00000E+00  0.65563E-05  0.00000E+00 -0.26822E-06  0.70117E+01  0.00000E+00  0.16368E+00  0.00000E+00 -0.14931E-04 -0.10000E+07 -0.76085E+01 -0.15009E+02  0.00000E+00  0.00000E+00  0.23860E+02  0.00000E+00  0.16368E+00    145  0.00000E+00      0.000
      57.0000  0.20066E+00  0.00000E+00  0.60666E-05  0.00000E+00 -0.26822E-06  0.72123E+01  0.00000E+00  0.16369E+00  0.00000E+00 -0.15199E-04 -0.10000E+07 -0.76085E+01 -0.15010E+02  0.00000E+00  0.00000E+00  0.23860E+02  0.00000E+00  0.16369E+00    147  0.00000E+00      0.000
      58.0000  0.14732E+00  0.00000E+00  0.56317E-05  0.00000E+00 -0.26822E-06  0.73596E+01  0.00000E+00  0.16370E+00  0.00000E+00 -0.15467E-04 -0.10000E+07 -0.76085E+01 -0.15010E+02  0.00000E+00  0.00000E+00  0.23860E+02  0.00000E+00  0.16370E+00    149  0.00000E+00      0.000
      59.0000  0.55880E-01  0.00000E+00  0.52375E-05  0.00000E+00 -0.26822E-06  0.74155E+01  0.00000E+00  0.16370E+00  0.00000E+00 -0.15736E-04 -0.10000E+07 -0.76085E+01 -0.15010E+02  0.00000E+00  0.00000E+00  0.23860E+02  0.00000E+00  0.16370E+00    151  0.00000E+00      0.000
      60.0000  0.12446E+00  0.00000E+00  0.48904E-05  0.00000E+00 -0.26822E-06  0.75400E+01  0.00000E+00  0.16371E+00  0.00000E+00 -0.16004E-04 -0.10000E+07 -0.76085E+01 -0.15010E+02  0.00000E+00  0.00000E+00  0.23860E+02  0.00000E+00  0.16371E+00    153  0.00000E+00      0.000
      61.0000  0.21844E+00  0.00000E+00  0.45793E-05  0.00000E+00 -0.26822E-06  0.77584E+01  0.00000E+00  0.16371E+00  0.00000E+00 -0.16272E-04 -0.10000E+07 -0.76085E+01 -0.15010E+02  0.00000E+00  0.00000E+00  0.23860E+02  0.00000E+00  0.16371E+00    155  0.00000E+00      0.000
      62.0000  0.15494E+00  0.00000E+00  0.42966E-05  0.00000E+00 -0.26822E-06  0.79134E+01  0.00000E+00  0.16371E+00  0.00000E+00 -0.16540E-04 -0.10000E+07 -0.76085E+01 -0.15011E+02  0.00000E+00  0.00000E+00  0.23860E+02  0.00000E+00  0.16372E+00    157  0.00000E+00      0.000
      63.0000  0.17526E+00  0.00000E+00  0.40491E-05  0.00000E+00 -0.26822E-06  0.80886E+01  0.00000E+00  0.16372E+00  0.00000E+00 -0.16809E-04 -0.10000E+07 -0.76085E+01 -0.15011E+02  0.00000E+00  0.00000E+00  0.23860E+02  0.00000E+00  0.16372E+00    159  0.00000E+00      0.000
      64.0000  0.35560E-01  0.00000E+00  0.38280E-05  0.00000E+00 -0.26822E-06  0.81242E+01  0.00000E+00  0.16372E+00  0.00000E+00 -0.17077E-04 -0.10000E+07 -0.76086E+01 -0.15011E+02  0.00000E+00  0.00000E+00  0.23860E+02  0.00000E+00  0.16372E+00    161  0.00000E+00      0.000
      65.0000  0.50800E-01  0.00000E+00  0.36277E-05  0.00000E+00 -0.26822E-06  0.81750E+01  0.00000E+00  0.16373E+00  0.00000E+00 -0.17345E-04 -0.10000E+07 -0.76086E+01 -0.15011E+02  0.00000E+00  0.00000E+00  0.23860E+02  0.00000E+00  0.16373E+00    163  0.00000E+00      0.000
      66.0000  0.60960E-01  0.00000E+00  0.34485E-05  0.00000E+00 -0.26822E-06  0.82360E+01  0.00000E+00  0.16373E+00  0.00000E+00 -0.17613E-04 -0.10000E+07 -0.76086E+01 -0.15011E+02  0.00000E+00  0.00000E+00  0.23860E+02  0.00000E+00  0.16373E+00    165  0.00000E+00      0.000
      67.0000  0.43180E-01  0.00000E+00  0.32868E-05  0.00000E+00 -0.26822E-06  0.82791E+01  0.00000E+00  0.16373E+00  0.00000E+00 -0.17881E-04 -0.10000E+07 -0.76086E+01 -0.15011E+02  0.00000E+00  0.00000E+00  0.23860E+02  0.00000E+00  0.16373E+00    167  0.00000E+00      0.000
      68.0000  0.63500E-01  0.00000E+00  0.31495E-05  0.00000E+00 -0.26822E-06  0.83426E+01  0.00000E+00  0.16374E+00  0.00000E+00 -0.18150E-04 -0.10000E+07 -0.76086E+01 -0.15012E+02  0.00000E+00  0.00000E+00  0.23860E+02  0.00000E+00  0.16374E+00    169  0.00000E+00      0.000
      69.0000  0.27940E-01  0.00000E+00  0.30191E-05  0.00000E+00 -0.26822E-06  0.83706E+01  0.00000E+00  0.16374E+00  0.00000E+00 -0.18418E-04 -0.10000E+07 -0.76086E+01 -0.15012E+02  0.00000E+00  0.00000E+00  0.23860E+02  0.00000E+00  0.16374E+00    171  0.00000E+00      0.000
      70.0000  0.50800E-01  0.00000E+00  0.29075E-05  0.00000E+00 -0.26822E-06  0.84214E+01  0.00000E+00  0.16374E+00  0.00000E+00 -0.18686E-04 -0.10000E+07 -0.76086E+01 -0.15012E+02  0.00000E+00  0.00000E+00  0.23860E+02  0.00000E+00  0.16374E+00    173  0.00000E+00      0.000
      71.0000  0.66040E-01  0.00000E+00  0.28074E-05  0.00000E+00 -0.26822E-06  0.84874E+01  0.00000E+00  0.16375E+00  0.00000E+00 -0.18954E-04 -0.10000E+07 -0.76086E+01 -0.15012E+02  0.00000E+00  0.00000E+00  0.23860E+02  0.00000E+00  0.16375E+00    175  0.00000E+00      0.000
      72.0000  0.17272E+00  0.00000E+00  0.27153E-05  0.00000E+00 -0.26822E-06  0.86601E+01  0.00000E+00  0.16375E+00  0.00000E+00 -0.19222E-04 -0.10000E+07 -0.76086E+01 -0.15012E+02  0.00000E+00  0.00000E+00  0.23860E+02  0.00000E+00  0.16375E+00    177  0.00000E+00      0.000
      73.0000  0.22098E+00  0.00000E+00  0.26383E-05  0.00000E+00 -0.26822E-06  0.88811E+01  0.00000E+00  0.16375E+00  0.00000E+00 -0.19491E-04 -0.10000E+07 -0.76086E+01 -0.15012E+02  0.00000E+00  0.00000E+00  0.23860E+02  0.00000E+00  0.16375E+00    179  0.00000E+00      0.000
      74.0000  0.93980E-01  0.00000E+00  0.26382E-05  0.00000E+00 -0.26822E-06  0.89751E+01  0.00000E+00  0.16375E+00  0.00000E+00 -0.19759E-04 -0.10000E+07 -0.76086E+01 -0.15013E+02  0.00000E+00  0.00000E+00  0.23860E+02  0.00000E+00  0.16375E+00    181  0.00000E+00      0.000
      75.0000  0.10922E+00  0.00000E+00  0.26381E-05  0.00000E+00 -0.26822E-06  0.90843E+01  0.00000E+00  0.16376E+00  0.00000E+00 -0.20027E-04 -0.10000E+07 -0.76086E+01 -0.15013E+02  0.00000E+00  0.00000E+00  0.23860E+02  0.00000E+00  0.16376E+00    183  0.00000E+00      0.000
      76.0000  0.13208E+00  0.00000E+00  0.26380E-05  0.00000E+00 -0.26822E-06  0.92164E+01  0.00000E+00  0.16376E+00  0.00000E+00 -0.20295E-04 -0.10000E+07 -0.76086E+01 -0.15013E+02  0.00000E+00  0.00000E+00  0.23860E+02  0.00000E+00  0.16376E+00    185  0.00000E+00      0.000
      77.0000  0.19304E+00  0.00000E+00  0.26379E-05  0.00000E+00 -0.26822E-06  0.94094E+01  0.00000E+00  0.16376E+00  0.00000E+00 -0.20564E-04 -0.10000E+07 -0.76086E+01 -0.15013E+02  0.00000E+00  0.00000E+00  0.23860E+02  0.00000E+00  0.16376E+00    187  0.00000E+00      0.000
      78.0000  0.15494E+00  0.00000E+00  0.26378E-05  0.00000E+00 -0.26822E-06  0.95644E+01  0.00000E+00  0.16376E+00  0.00000E+00 -0.20832E-04 -0.10000E+07 -0.76086E+01 -0.15013E+02  0.00000E+00  0.00000E+00  0.23860E+02  0.00000E+00  0.16376E+00    189  0.00000E+00      0.000
      79.0000  0.86360E-01  0.00000E+00  0.26377E-05  0.00000E+00 -0.26822E-06  0.96507E+01  0.00000E+00  0.16377E+00  0.00000E+00 -0.21100E-04 -0.10000E+07 -0.76087E+01 -0.15013E+02  0.00000E+00  0.00000E+00  0.23860E+02  0.00000E+00  0.16377E+00    191  0.00000E+00      0.000
      80.0000  0.12954E+00  0.00000E+00  0.26376E-05  0.00000E+00 -0.26822E-06  0.97803E+01  0.00000E+00  0.16377E+00  0.00000E+00 -0.21368E-04 -0.10000E+07 -0.76087E+01 -0.15014E+02  0.00000E+00  0.00000E+00  0.23860E+02  0.00000E+00  0.16377E+00    193  0.00000E+00      0.000
      81.0000  0.13970E+00  0.00000E+00  0.26375E-05  0.00000E+00 -0.26822E-06  0.99200E+01  0.00000E+00  0.16377E+00  0.00000E+00 -0.21636E-04 -0.10000E+07 -0.76087E+01 -0.15014E+02  0.00000E+00  0.00000E+00  0.23860E+02  0.00000E+00  0.16377E+00    195  0.00000E+00      0.000
      82.0000  0.20320E+00  0.00000E+00  0.26373E-05  0.00000E+00 -0.26822E-06  0.10123E+02  0.00000E+00  0.16377E+00  0.00000E+00 -0.21905E-04 -0.10000E+07 -0.76087E+01 -0.15014E+02  0.00000E+00  0.00000E+00  0.23860E+02  0.00000E+00  0.16377E+00    197  0.00000E+00      0.000
      83.0000  0.15494E+00  0.00000E+00  0.26372E-05  0.00000E+00 -0.26822E-06  0.10278E+02  0.00000E+00  0.16378E+00  0.00000E+00 -0.22173E-04 -0.10000E+07 -0.76087E+01 -0.15014E+02  0.00000E+00  0.00000E+00  0.23860E+02  0.00000E+00  0.16378E+00    199  0.00000E+00      0.000
      84.0000  0.11176E+00  0.00000E+00  0.26371E-05  0.00000E+00 -0.26822E-06  0.10390E+02  0.00000E+00  0.16378E+00  0.00000E+00 -0.22441E-04 -0.10000E+07 -0.76087E+01 -0.15014E+02  0.00000E+00  0.00000E+00  0.23860E+02  0.00000E+00  0.16378E+00    201  0.00000E+00      0.000
      85.0000  0.10922E+00  0.00000E+00  0.26370E-05  0.00000E+00 -0.26822E-06  0.10499E+02  0.00000E+00  0.16378E+00  0.00000E+00 -0.22709E-04 -0.10000E+07 -0.76087E+01 -0.15014E+02  0.00000E+00  0.00000E+00  0.23860E+02  0.00000E+00  0.16378E+00    203  0.00000E+00      0.000
      86.0000  0.17018E+00  0.00000E+00  0.26369E-05  0.00000E+00 -0.26822E-06  0.10669E+02  0.00000E+00  0.16379E+00  0.00000E+00 -0.22978E-04 -0.10000E+07 -0.76087E+01 -0.15015E+02  0.00000E+00  0.00000E+00  0.23860E+02  0.00000E+00  0.16379E+00    205  0.00000E+00      0.000
      87.0000  0.12192E+00  0.00000E+00  0.26368E-05  0.00000E+00 -0.26822E-06  0.10791E+02  0.00000E+00  0.16379E+00  0.00000E+00 -0.23246E-04 -0.10000E+07 -0.76087E+01 -0.15015E+02  0.00000E+00  0.00000E+00  0.23860E+02  0.00000E+00  0.16379E+00    207  0.00000E+00      0.000
      88.0000  0.12192E+00  0.00000E+00  0.26367E-05  0.00000E+00 -0.26822E-06  0.10913E+02  0.00000E+00  0.16379E+00  0.00000E+00 -0.23514E-04 -0.10000E+07 -0.76087E+01 -0.15015E+02  0.00000E+00  0.00000E+00  0.23860E+02  0.00000E+00  0.16379E+00    209  0.00000E+00      0.000
      89.0000  0.81280E-01  0.00000E+00  0.26366E-05  0.00000E+00 -0.26822E-06  0.10994E+02  0.00000E+00  0.16379E+00  0.00000E+00 -0.23782E-04 -0.10000E+07 -0.76087E+01 -0.15015E+02  0.00000E+00  0.00000E+00  0.23860E+02  0.00000E+00  0.16379E+00    211  0.00000E+00      0.000
      90.0000  0.19558E+00  0.00000E+00  0.26365E-05  0.00000E+00 -0.26822E-06  0.11190E+02  0.00000E+00  0.16380E+00  0.00000E+00 -0.24050E-04 -0.10000E+07 -0.76087E+01 -0.15015E+02  0.00000E+00  0.00000E+00  0.23860E+02  0.00000E+00  0.16380E+00    213  0.00000E+00      0.000
      91.0000  0.00000E+00  0.25400E+00  0.16907E-13  0.25400E+00 -0.26822E-06  0.11190E+02  0.25400E+00  0.16380E+00  0.25400E+00 -0.24319E-04 -0.98610E+06 -0.20998E+02 -0.15015E+02  0.00000E+00  0.00000E+00  0.23733E+02  0.00000E+00  0.16380E+00    215  0.00000E+00      0.000
      92.0000  0.00000E+00  0.23114E+00  0.42412E-24  0.23114E+00 -0.26822E-06  0.11190E+02  0.48514E+00  0.16380E+00  0.48514E+00 -0.24587E-04 -0.98567E+06 -0.32117E+02 -0.15016E+02  0.00000E+00  0.00000E+00  0.23491E+02  0.00000E+00  0.16380E+00    217  0.00000E+00      0.000
      93.0000  0.00000E+00  0.10922E+00  0.98552E-31  0.10922E+00 -0.26822E-06  0.11190E+02  0.59436E+00  0.16380E+00  0.59436E+00 -0.24855E-04 -0.98563E+06 -0.42994E+02 -0.15016E+02  0.00000E+00  0.00000E+00  0.23321E+02  0.00000E+00  0.16380E+00    219  0.00000E+00      0.000
      94.0000  0.00000E+00  0.66040E-01  0.98549E-31  0.66040E-01 -0.26822E-06  0.11190E+02  0.66040E+00  0.16380E+00  0.66040E+00 -0.25123E-04 -0.98563E+06 -0.50322E+02 -0.15016E+02  0.00000E+00  0.00000E+00  0.23233E+02  0.00000E+00  0.16380E+00    221  0.00000E+00      0.000
      95.0000  0.00000E+00  0.16256E+00  0.98544E-31  0.16256E+00 -0.26822E-06  0.11190E+02  0.82296E+00  0.16380E+00  0.82296E+00 -0.25392E-04 -0.98563E+06 -0.63202E+02 -0.15016E+02  0.00000E+00  0.00000E+00  0.23119E+02  0.00000E+00  0.16380E+00    223  0.00000E+00      0.000
      96.0000  0.00000E+00  0.33274E+00  0.98513E-31  0.29490E+00 -0.26822E-06  0.11190E+02  0.11557E+01  0.16380E+00  0.11312E+01 -0.25660E-04 -0.98563E+06 -0.12137E+03 -0.15016E+02  0.00000E+00  0.00000E+00  0.22877E+02  0.00000E+00  0.16380E+00    225  0.00000E+00      0.000
      97.0000  0.00000E+00  0.37338E+00  0.98455E-31  0.23379E+00 -0.26822E-06  0.11190E+02  0.15291E+01  0.16380E+00  0.13877E+01 -0.25928E-04 -0.98564E+06 -0.28819E+03 -0.15016E+02  0.00000E+00  0.00000E+00  0.22590E+02  0.00000E+00  0.16380E+00    227  0.00000E+00      0.000
      98.0000  0.00000E+00  0.37846E+00  0.98419E-31  0.16775E+00 -0.26822E-06  0.11190E+02  0.19075E+01  0.16380E+00  0.15748E+01 -0.26196E-04 -0.98564E+06 -0.50384E+03 -0.15017E+02  0.00000E+00  0.00000E+00  0.22369E+02  0.00000E+00  0.16380E+00    229  0.00000E+00      0.000
      99.0000  0.00000E+00  0.45720E+00  0.98408E-31  0.13920E+00 -0.26822E-06  0.11190E+02  0.23647E+01  0.16380E+00  0.17317E+01 -0.26464E-04 -0.98564E+06 -0.70680E+03 -0.15017E+02  0.00000E+00  0.00000E+00  0.22198E+02  0.00000E+00  0.16380E+00    231  0.00000E+00      0.000
     100.0000  0.00000E+00  0.54864E+00  0.98404E-31  0.10882E+00 -0.26822E-06  0.11190E+02  0.29134E+01  0.16380E+00  0.18572E+01 -0.26733E-04 -0.98564E+06 -0.88507E+03 -0.15017E+02  0.00000E+00  0.00000E+00  0.22058E+02  0.00000E+00  0.16380E+00    233  0.00000E+00      0.000
     101.0000  0.00000E+00  0.47244E+00  0.98403E-31  0.72844E-01 -0.26822E-06  0.11190E+02  0.33858E+01  0.16380E+00  0.19344E+01 -0.27001E-04 -0.98564E+06 -0.10303E+04 -0.15017E+02  0.00000E+00  0.00000E+00  0.21962E+02  0.00000E+00  0.16380E+00    235  0.00000E+00      0.000
     102.0000  0.00000E+00  0.18288E+00  0.98403E-31  0.27009E-01 -0.26822E-06  0.11190E+02  0.35687E+01  0.16380E+00  0.19624E+01 -0.27269E-04 -0.98563E+06 -0.11153E+04 -0.15017E+02  0.00000E+00  0.00000E+00  0.21911E+02  0.00000E+00  0.16380E+00    237  0.00000E+00      0.000
     103.0000  0.00000E+00  0.96520E-01  0.98403E-31  0.13647E-01 -0.26822E-06  0.11190E+02  0.36652E+01  0.16380E+00  0.19763E+01 -0.27537E-04 -0.98563E+06 -0.11562E+04 -0.15017E+02  0.00000E+00  0.00000E+00  0.21891E+02  0.00000E+00  0.16380E+00    239  0.00000E+00      0.000
     104.0000  0.00000E+00  0.18034E+00  0.98403E-31  0.18557E-01 -0.26822E-06  0.11190E+02  0.38456E+01  0.16380E+00  0.19980E+01 -0.27806E-04 -0.98563E+06 -0.12081E+04 -0.15018E+02  0.00000E+00  0.00000E+00  0.21872E+02  0.00000E+00  0.16380E+00    241  0.00000E+00      0.000
     105.0000  0.00000E+00  0.29210E+00  0.98403E-31  0.21456E-01 -0.26822E-06  0.11190E+02  0.41377E+01  0.16380E+00  0.20202E+01 -0.28074E-04 -0.98563E+06 -0.12509E+04 -0.15018E+02  0.00000E+00  0.00000E+00  0.21851E+02  0.00000E+00  0.16380E+00    243  0.00000E+00      0.000
     106.0000  0.00000E+00  0.40640E+00  0.98402E-31  0.28094E-01 -0.26822E-06  0.11190E+02  0.45441E+01  0.16380E+00  0.20485E+01 -0.28342E-04 -0.98563E+06 -0.12685E+04 -0.15018E+02  0.00000E+00  0.00000E+00  0.21826E+02  0.00000E+00  0.16380E+00    245  0.00000E+00      0.000
     107.0000  0.00000E+00  0.35052E+00  0.98404E-31  0.23995E-01 -0.26822E-06  0.11190E+02  0.48946E+01  0.16380E+00  0.20725E+01 -0.28610E-04 -0.98564E+06 -0.12830E+04 -0.15018E+02  0.00000E+00  0.00000E+00  0.21800E+02  0.00000E+00  0.16380E+00    247  0.00000E+00      0.000
     108.0000  0.00000E+00  0.12446E+00  0.98404E-31  0.84859E-02 -0.26822E-06  0.11190E+02  0.50190E+01  0.16380E+00  0.20810E+01 -0.28878E-04 -0.98564E+06 -0.12940E+04 -0.15018E+02  0.00000E+00  0.00000E+00  0.21784E+02  0.00000E+00  0.16380E+00    249  0.00000E+00      0.000
     109.0000  0.00000E+00  0.12446E+00  0.98404E-31  0.84859E-02 -0.26822E-06  0.11190E+02  0.51435E+01  0.16380E+00  0.20895E+01 -0.29147E-04 -0.98564E+06 -0.13020E+04 -0.15019E+02  0.00000E+00  0.00000E+00  0.21775E+02  0.00000E+00  0.16380E+00    251  0.00000E+00      0.000
     110.0000  0.00000E+00  0.13716E+00  0.98404E-31  0.93518E-02 -0.26822E-06  0.11190E+02  0.52807E+01  0.16380E+00  0.20989E+01 -0.29415E-04 -0.98564E+06 -0.13128E+04 -0.15019E+02  0.00000E+00  0.00000E+00  0.21766E+02  0.00000E+00  0.16380E+00    253  0.00000E+00      0.000
     111.0000  0.00000E+00  0.11430E+00  0.98403E-31  0.77932E-02 -0.26822E-06  0.11190E+02  0.53950E+01  0.16380E+00  0.21067E+01 -0.29683E-04 -0.98564E+06 -0.13271E+04 -0.15019E+02  0.00000E+00  0.00000E+00  0.21758E+02  0.00000E+00  0.16380E+00    255  0.00000E+00      0.000
     112.0000  0.00000E+00  0.21590E+00  0.98403E-31  0.12980E-01 -0.26822E-06  0.11190E+02  0.56109E+01  0.16380E+00  0.21205E+01 -0.29951E-04 -0.98563E+06 -0.13569E+04 -0.15019E+02  0.00000E+00  0.00000E+00  0.21746E+02  0.00000E+00  0.16380E+00    257  0.00000E+00      0.000
     113.0000  0.00000E+00  0.25908E+00  0.98403E-31  0.84666E-02 -0.26822E-06  0.11190E+02  0.58699E+01  0.16380E+00  0.21303E+01 -0.30220E-04 -0.98563E+06 -0.14044E+04 -0.15019E+02  0.00000E+00  0.00000E+00  0.21734E+02  0.00000E+00  0.16380E+00    259  0.00000E+00      0.000
     114.0000  0.00000E+00  0.28194E+00  0.98403E-31  0.70523E-02 -0.26822E-06  0.11190E+02  0.61519E+01  0.16380E+00  0.21376E+01 -0.30488E-04 -0.98563E+06 -0.14246E+04 -0.15019E+02  0.00000E+00  0.00000E+00  0.21726E+02  0.00000E+00  0.16380E+00    261  0.00000E+00      0.000
     115.0000  0.00000E+00  0.36068E+00  0.98403E-31  0.83584E-02 -0.26822E-06  0.11190E+02  0.65126E+01  0.16380E+00  0.21461E+01 -0.30756E-04 -0.98563E+06 -0.14320E+04 -0.15020E+02  0.00000E+00  0.00000E+00  0.21718E+02  0.00000E+00  0.16380E+00    263  0.00000E+00      0.000
     116.0000  0.00000E+00  0.36830E+00  0.98402E-31  0.83704E-02 -0.26822E-06  0.11190E+02  0.68809E+01  0.16380E+00  0.21545E+01 -0.31024E-04 -0.98563E+06 -0.14349E+04 -0.15020E+02  0.00000E+00  0.00000E+00  0.21710E+02  0.00000E+00  0.16380E+00    265  0.00000E+00      0.000
     117.0000  0.00000E+00  0.23622E+00  0.98404E-31  0.53686E-02 -0.26822E-06  0.11190E+02  0.71171E+01  0.16380E+00  0.21598E+01 -0.31292E-04 -0.98565E+06 -0.14360E+04 -0.15020E+02  0.00000E+00  0.00000E+00  0.21703E+02  0.00000E+00  0.16380E+00    267  0.00000E+00      0.000
     118.0000  0.00000E+00  0.37846E+00  0.98404E-31  0.86014E-02 -0.26822E-06  0.11190E+02  0.74955E+01  0.16380E+00  0.21685E+01 -0.31561E-04 -0.98564E+06 -0.14373E+04 -0.15020E+02  0.00000E+00  0.00000E+00  0.21696E+02  0.00000E+00  0.16380E+00    269  0.00000E+00      0.000
     119.0000  0.00000E+00  0.36322E+00  0.98404E-31  0.82550E-02 -0.26822E-06  0.11190E+02  0.78588E+01  0.16380E+00  0.21767E+01 -0.31829E-04 -0.98564E+06 -0.14392E+04 -0.15020E+02  0.00000E+00  0.00000E+00  0.21688E+02  0.00000E+00  0.16380E+00    271  0.00000E+00      0.000
     120.0000  0.00000E+00  0.41148E+00  0.98404E-31  0.93518E-02 -0.26822E-06  0.11190E+02  0.82702E+01  0.16380E+00  0.21861E+01 -0.32097E-04 -0.98564E+06 -0.14415E+04 -0.15020E+02  0.00000E+00  0.00000E+00  0.21679E+02  0.00000E+00  0.16380E+00    273  0.00000E+00      0.000
     121.0000  0.00000E+00  0.39624E+00  0.98403E-31  0.14213E+00 -0.26822E-06  0.11190E+02  0.86665E+01  0.16380E+00  0.22979E+01 -0.32365E-04 -0.98564E+06 -0.69416E+03 -0.15021E+02  0.00000E+00  0.00000E+00  0.21634E+02  0.00000E+00  0.16380E+00    275  0.00000E+00      0.000
     122.0000  0.00000E+00  0.35306E+00  0.98403E-31  0.12664E+00 -0.26822E-06  0.11190E+02  0.90195E+01  0.16380E+00  0.24246E+01 -0.32634E-04 -0.98564E+06 -0.70392E+03 -0.15021E+02  0.00000E+00  0.00000E+00  0.21499E+02  0.00000E+00  0.16380E+00    277  0.00000E+00      0.000
     123.0000  0.00000E+00  0.36322E+00  0.98403E-31  0.12194E+00 -0.26822E-06  0.11190E+02  0.93828E+01  0.16380E+00  0.25507E+01 -0.32902E-04 -0.98563E+06 -0.72633E+03 -0.15021E+02  0.00000E+00  0.00000E+00  0.21371E+02  0.00000E+00  0.16380E+00    279  0.00000E+00      0.000
     124.0000  0.00000E+00  0.39878E+00  0.98403E-31  0.12254E+00 -0.26822E-06  0.11190E+02  0.97815E+01  0.16380E+00  0.26749E+01 -0.33170E-04 -0.98563E+06 -0.75599E+03 -0.15021E+02  0.00000E+00  0.00000E+00  0.21247E+02  0.00000E+00  0.16380E+00    281  0.00000E+00      0.000
     125.0000  0.00000E+00  0.23876E+00  0.98403E-31  0.72204E-01 -0.26822E-06  0.11190E+02  0.10020E+02  0.16380E+00  0.27475E+01 -0.33438E-04 -0.98563E+06 -0.77055E+03 -0.15021E+02  0.00000E+00  0.00000E+00  0.21149E+02  0.00000E+00  0.16380E+00    283  0.00000E+00      0.000
     126.0000  0.00000E+00  0.93980E-01  0.98402E-31  0.28259E-01 -0.26822E-06  0.11190E+02  0.10114E+02  0.16380E+00  0.27759E+01 -0.33706E-04 -0.98563E+06 -0.77507E+03 -0.15021E+02  0.00000E+00  0.00000E+00  0.21099E+02  0.00000E+00  0.16380E+00    285  0.00000E+00      0.000
     127.0000  0.00000E+00  0.28956E+00  0.98404E-31  0.86565E-01 -0.26822E-06  0.11190E+02  0.10404E+02  0.16380E+00  0.28625E+01 -0.33975E-04 -0.98565E+06 -0.77759E+03 -0.15022E+02  0.00000E+00  0.00000E+00  0.21041E+02  0.00000E+00  0.16380E+00    287  0.00000E+00      0.000
     128.0000  0.00000E+00  0.37084E+00  0.98404E-31  0.11085E+00 -0.26822E-06  0.11190E+02  0.10775E+02  0.16380E+00  0.29734E+01 -0.34243E-04 -0.98564E+06 -0.78051E+03 -0.15022E+02  0.00000E+00  0.00000E+00  0.20942E+02  0.00000E+00  0.16380E+00    289  0.00000E+00      0.000
     129.0000  0.00000E+00  0.27432E+00  0.98404E-31  0.81998E-01 -0.26822E-06  0.11190E+02  0.11049E+02  0.16380E+00  0.30554E+01 -0.34511E-04 -0.98564E+06 -0.78380E+03 -0.15022E+02  0.00000E+00  0.00000E+00  0.20846E+02  0.00000E+00  0.16380E+00    291  0.00000E+00      0.000
     130.0000  0.00000E+00  0.32512E+00  0.98404E-31  0.97182E-01 -0.26822E-06  0.11190E+02  0.11374E+02  0.16380E+00  0.31525E+01 -0.34779E-04 -0.98564E+06 -0.78765E+03 -0.15022E+02  0.00000E+00  0.00000E+00  0.20756E+02  0.00000E+00  0.16380E+00    293  0.00000E+00      0.000
     131.0000  0.00000E+00  0.22860E+00  0.98403E-31  0.68331E-01 -0.26822E-06  0.11190E+02  0.11603E+02  0.16380E+00  0.32209E+01 -0.35048E-04 -0.98564E+06 -0.79198E+03 -0.15022E+02  0.00000E+00  0.00000E+00  0.20674E+02  0.00000E+00  0.16380E+00    295  0.00000E+00      0.000
     132.0000  0.00000E+00  0.29972E+00  0.98403E-31  0.89590E-01 -0.26822E-06  0.11190E+02  0.11902E+02  0.16380E+00  0.33105E+01 -0.35316E-04 -0.98564E+06 -0.79742E+03 -0.15022E+02  0.00000E+00  0.00000E+00  0.20595E+02  0.00000E+00  0.16380E+00    297  0.00000E+00      0.000
     133.0000  0.00000E+00  0.18288E+00  0.98403E-31  0.54665E-01 -0.26822E-06  0.11190E+02  0.12085E+02  0.16380E+00  0.33651E+01 -0.35584E-04 -0.98563E+06 -0.80382E+03 -0.15023E+02  0.00000E+00  0.00000E+00  0.20523E+02  0.00000E+00  0.16380E+00    299  0.00000E+00      0.000
     134.0000  0.00000E+00  0.21336E+00  0.98403E-31  0.63776E-01 -0.26822E-06  0.11190E+02  0.12299E+02  0.16380E+00  0.34289E+01 -0.35852E-04 -0.98563E+06 -0.81088E+03 -0.15023E+02  0.00000E+00  0.00000E+00  0.20463E+02  0.00000E+00  0.16380E+00    301  0.00000E+00      0.000
     135.0000  0.00000E+00  0.42926E+00  0.98403E-31  0.12831E+00 -0.26822E-06  0.11190E+02  0.12728E+02  0.16380E+00  0.35572E+01 -0.36120E-04 -0.98563E+06 -0.82941E+03 -0.15023E+02  0.00000E+00  0.00000E+00  0.20367E+02  0.00000E+00  0.16380E+00    303  0.00000E+00      0.000
     136.0000  0.00000E+00  0.51816E+00  0.98402E-31  0.13213E+00 -0.26822E-06  0.11190E+02  0.13246E+02  0.16380E+00  0.36926E+01 -0.36389E-04 -0.98563E+06 -0.88060E+03 -0.15023E+02  0.00000E+00  0.00000E+00  0.20234E+02  0.00000E+00  0.16380E+00    305  0.00000E+00      0.000
     137.0000  0.00000E+00  0.18542E+00  0.98402E-31  0.44847E-01 -0.26822E-06  0.11190E+02  0.13432E+02  0.16380E+00  0.37392E+01 -0.36657E-04 -0.98563E+06 -0.93493E+03 -0.15023E+02  0.00000E+00  0.00000E+00  0.20144E+02  0.00000E+00  0.16380E+00    307  0.00000E+00      0.000
     138.0000  0.00000E+00  0.33528E+00  0.98404E-31  0.68127E-01 -0.26822E-06  0.11190E+02  0.13767E+02  0.16380E+00  0.38086E+01 -0.36925E-04 -0.98564E+06 -0.97282E+03 -0.15023E+02  0.00000E+00  0.00000E+00  0.20086E+02  0.00000E+00  0.16380E+00    309  0.00000E+00      0.000
     139.0000  0.00000E+00  0.42672E+00  0.98404E-31  0.74298E-01 -0.26822E-06  0.11190E+02  0.14194E+02  0.16380E+00  0.38875E+01 -0.37193E-04 -0.98564E+06 -0.10142E+04 -0.15024E+02  0.00000E+00  0.00000E+00  0.20010E+02  0.00000E+00  0.16380E+00    311  0.00000E+00      0.000
     140.0000  0.00000E+00  0.40640E+00  0.98404E-31  0.64161E-01 -0.26822E-06  0.11190E+02  0.14600E+02  0.16380E+00  0.39528E+01 -0.37462E-04 -0.98564E+06 -0.10539E+04 -0.15024E+02  0.00000E+00  0.00000E+00  0.19940E+02  0.00000E+00  0.16380E+00    313  0.00000E+00      0.000
     141.0000  0.00000E+00  0.44450E+00  0.98404E-31  0.60173E-01 -0.26822E-06  0.11190E+02  0.15044E+02  0.16380E+00  0.40163E+01 -0.37730E-04 -0.98564E+06 -0.10916E+04 -0.15024E+02  0.00000E+00  0.00000E+00  0.19874E+02  0.00000E+00  0.16380E+00    315  0.00000E+00      0.000
     142.0000  0.00000E+00  0.35052E+00  0.98403E-31  0.42366E-01 -0.26822E-06  0.11190E+02  0.15395E+02  0.16380E+00  0.40599E+01 -0.37998E-04 -0.98564E+06 -0.11257E+04 -0.15024E+02  0.00000E+00  0.00000E+00  0.19822E+02  0.00000E+00  0.16380E+00    317  0.00000E+00      0.000
     143.0000  0.00000E+00  0.40894E+00  0.98403E-31  0.47104E-01 -0.26822E-06  0.11190E+02  0.15804E+02  0.16380E+00  0.41073E+01 -0.38266E-04 -0.98563E+06 -0.11482E+04 -0.15024E+02  0.00000E+00  0.00000E+00  0.19777E+02  0.00000E+00  0.16380E+00    319  0.00000E+00      0.000
     144.0000  0.00000E+00  0.27940E+00  0.98403E-31  0.29513E-01 -0.26822E-06  0.11190E+02  0.16083E+02  0.16380E+00  0.41378E+01 -0.38534E-04 -0.98563E+06 -0.11730E+04 -0.15024E+02  0.00000E+00  0.00000E+00  0.19737E+02  0.00000E+00  0.16380E+00    321  0.00000E+00      0.000
     145.0000  0.00000E+00  0.14732E+00  0.98403E-31  0.14257E-01 -0.26822E-06  0.11190E+02  0.16231E+02  0.16380E+00  0.41523E+01 -0.38803E-04 -0.98563E+06 -0.11912E+04 -0.15025E+02  0.00000E+00  0.00000E+00  0.19715E+02  0.00000E+00  0.16380E+00    323  0.00000E+00      0.000
     146.0000  0.00000E+00  0.11938E+00  0.98403E-31  0.10734E-01 -0.26822E-06  0.11190E+02  0.16350E+02  0.16380E+00  0.41632E+01 -0.39071E-04 -0.98563E+06 -0.12017E+04 -0.15025E+02  0.00000E+00  0.00000E+00  0.19703E+02  0.00000E+00  0.16380E+00    325  0.00000E+00      0.000
     147.0000  0.00000E+00  0.10922E+00  0.98402E-31  0.94293E-02 -0.26822E-06  0.11190E+02  0.16459E+02  0.16380E+00  0.41727E+01 -0.39339E-04 -0.98563E+06 -0.12078E+04 -0.15025E+02  0.00000E+00  0.00000E+00  0.19692E+02  0.00000E+00  0.16380E+00    327  0.00000E+00      0.000
     148.0000  0.00000E+00  0.37846E+00  0.98404E-31  0.31231E-01 -0.26822E-06  0.11190E+02  0.16838E+02  0.16380E+00  0.42041E+01 -0.39607E-04 -0.98564E+06 -0.12156E+04 -0.15025E+02  0.00000E+00  0.00000E+00  0.19672E+02  0.00000E+00  0.16380E+00    329  0.00000E+00      0.000
     149.0000  0.00000E+00  0.44196E+00  0.98404E-31  0.35795E-01 -0.26822E-06  0.11190E+02  0.17280E+02  0.16380E+00  0.42401E+01 -0.39876E-04 -0.98564E+06 -0.12290E+04 -0.15025E+02  0.00000E+00  0.00000E+00  0.19638E+02  0.00000E+00  0.16380E+00    331  0.00000E+00      0.000
     150.0000  0.00000E+00  0.44958E+00  0.98404E-31  0.32243E-01 -0.26822E-06  0.11190E+02  0.17729E+02  0.16380E+00  0.42735E+01 -0.40144E-04 -0.98564E+06 -0.12501E+04 -0.15026E+02  0.00000E+00  0.00000E+00  0.19603E+02  0.00000E+00  0.16380E+00    333  0.00000E+00      0.000
     151.0000  0.00000E+00  0.33528E+00  0.98404E-31  0.21146E-01 -0.26822E-06  0.11190E+02  0.18064E+02  0.16380E+00  0.42954E+01 -0.40412E-04 -0.98564E+06 -0.12724E+04 -0.15026E+02  0.00000E+00  0.00000E+00  0.19576E+02  0.00000E+00  0.16380E+00    335  0.00000E+00      0.000
     152.0000  0.00000E+00  0.26162E+00  0.98403E-31  0.66237E-01 -0.26822E-06  0.11190E+02  0.18326E+02  0.16380E+00  0.43496E+01 -0.40680E-04 -0.98564E+06 -0.84832E+03 -0.15026E+02  0.00000E+00  0.00000E+00  0.19544E+02  0.00000E+00  0.16380E+00    337  0.00000E+00      0.000
     153.0000  0.00000E+00  0.10414E+00  0.98403E-31  0.26201E-01 -0.26822E-06  0.11190E+02  0.18430E+02  0.16380E+00  0.43759E+01 -0.40948E-04 -0.98563E+06 -0.85298E+03 -0.15026E+02  0.00000E+00  0.00000E+00  0.19498E+02  0.00000E+00  0.16380E+00    339  0.00000E+00      0.000
     154.0000  0.00000E+00  0.19050E+00  0.98403E-31  0.47693E-01 -0.26822E-06  0.11190E+02  0.18621E+02  0.16380E+00  0.44236E+01 -0.41217E-04 -0.98563E+06 -0.85658E+03 -0.15026E+02  0.00000E+00  0.00000E+00  0.19461E+02  0.00000E+00  0.16380E+00    341  0.00000E+00      0.000
     155.0000  0.00000E+00  0.41656E+00  0.98403E-31  0.10407E+00 -0.26822E-06  0.11190E+02  0.19037E+02  0.16380E+00  0.45277E+01 -0.41485E-04 -0.98563E+06 -0.86420E+03 -0.15026E+02  0.00000E+00  0.00000E+00  0.19385E+02  0.00000E+00  0.16380E+00    343  0.00000E+00      0.000
     156.0000  0.00000E+00  0.37592E+00  0.98403E-31  0.89036E-01 -0.26822E-06  0.11190E+02  0.19413E+02  0.16380E+00  0.46182E+01 -0.41753E-04 -0.98563E+06 -0.88104E+03 -0.15027E+02  0.00000E+00  0.00000E+00  0.19287E+02  0.00000E+00  0.16380E+00    345  0.00000E+00      0.000
     157.0000  0.00000E+00  0.32258E+00  0.98402E-31  0.71789E-01 -0.26822E-06  0.11190E+02  0.19736E+02  0.16380E+00  0.46910E+01 -0.42021E-04 -0.98563E+06 -0.89774E+03 -0.15027E+02  0.00000E+00  0.00000E+00  0.19205E+02  0.00000E+00  0.16380E+00    347  0.00000E+00      0.000
     158.0000  0.00000E+00  0.41910E+00  0.98404E-31  0.91279E-01 -0.26822E-06  0.11190E+02  0.20155E+02  0.16380E+00  0.47825E+01 -0.42289E-04 -0.98564E+06 -0.90647E+03 -0.15027E+02  0.00000E+00  0.00000E+00  0.19123E+02  0.00000E+00  0.16380E+00    349  0.00000E+00      0.000
     159.0000  0.00000E+00  0.28448E+00  0.98404E-31  0.61726E-01 -0.26822E-06  0.11190E+02  0.20439E+02  0.16380E+00  0.48443E+01 -0.42558E-04 -0.98564E+06 -0.91336E+03 -0.15027E+02  0.00000E+00  0.00000E+00  0.19047E+02  0.00000E+00  0.16380E+00    351  0.00000E+00      0.000
     160.0000  0.00000E+00  0.19304E+00  0.98404E-31  0.41831E-01 -0.26822E-06  0.11190E+02  0.20632E+02  0.16380E+00  0.48861E+01 -0.42826E-04 -0.98564E+06 -0.91886E+03 -0.15027E+02  0.00000E+00  0.00000E+00  0.18995E+02  0.00000E+00  0.16380E+00    353  0.00000E+00      0.000
     161.0000  0.00000E+00  0.24638E+00  0.98404E-31  0.53383E-01 -0.26822E-06  0.11190E+02  0.20879E+02  0.16380E+00  0.49395E+01 -0.43094E-04 -0.98564E+06 -0.92610E+03 -0.15027E+02  0.00000E+00  0.00000E+00  0.18948E+02  0.00000E+00  0.16380E+00    355  0.00000E+00      0.000
     162.0000  0.00000E+00  0.41148E+00  0.98403E-31  0.82292E-01 -0.26822E-06  0.11190E+02  0.21290E+02  0.16380E+00  0.50234E+01 -0.43362E-04 -0.98564E+06 -0.94080E+03 -0.15028E+02  0.00000E+00  0.00000E+00  0.18878E+02  0.00000E+00  0.16380E+00    357  0.00000E+00      0.000
     163.0000  0.00000E+00  0.41402E+00  0.98403E-31  0.78358E-01 -0.26822E-06  0.11190E+02  0.21704E+02  0.16380E+00  0.51025E+01 -0.43631E-04 -0.98563E+06 -0.95527E+03 -0.15028E+02  0.00000E+00  0.00000E+00  0.18797E+02  0.00000E+00  0.16380E+00    359  0.00000E+00      0.000
     164.0000  0.00000E+00  0.46482E+00  0.98403E-31  0.86691E-01 -0.26822E-06  0.11190E+02  0.22169E+02  0.16380E+00  0.51894E+01 -0.43899E-04 -0.98563E+06 -0.96335E+03 -0.15028E+02  0.00000E+00  0.00000E+00  0.18714E+02  0.00000E+00  0.16380E+00    361  0.00000E+00      0.000
     165.0000  0.00000E+00  0.44958E+00  0.98403E-31  0.83556E-01 -0.26822E-06  0.11190E+02  0.22619E+02  0.16380E+00  0.52730E+01 -0.44167E-04 -0.98563E+06 -0.97138E+03 -0.15028E+02  0.00000E+00  0.00000E+00  0.18629E+02  0.00000E+00  0.16380E+00    363  0.00000E+00      0.000
     166.0000  0.00000E+00  0.26924E+00  0.98403E-31  0.50002E-01 -0.26822E-06  0.11190E+02  0.22888E+02  0.16380E+00  0.53230E+01 -0.44435E-04 -0.98563E+06 -0.98030E+03 -0.15028E+02  0.00000E+00  0.00000E+00  0.18562E+02  0.00000E+00  0.16380E+00    365  0.00000E+00      0.000
     167.0000  0.00000E+00  0.43180E+00  0.98402E-31  0.74741E-01 -0.26822E-06  0.11190E+02  0.23320E+02  0.16380E+00  0.53990E+01 -0.44703E-04 -0.98563E+06 -0.99378E+03 -0.15028E+02  0.00000E+00  0.00000E+00  0.18499E+02  0.00000E+00  0.16380E+00    367  0.00000E+00      0.000
     168.0000  0.00000E+00  0.39370E+00  0.98404E-31  0.63790E-01 -0.26822E-06  0.11190E+02  0.23713E+02  0.16380E+00  0.54638E+01 -0.44972E-04 -0.98565E+06 -0.10095E+04 -0.15029E+02  0.00000E+00  0.00000E+00  0.18428E+02  0.00000E+00  0.16380E+00    369  0.00000E+00      0.000
     169.0000  0.00000E+00  0.34036E+00  0.98404E-31  0.53966E-01 -0.26822E-06  0.11190E+02  0.24054E+02  0.16380E+00  0.55180E+01 -0.45240E-04 -0.98564E+06 -0.10167E+04 -0.15029E+02  0.00000E+00  0.00000E+00  0.18369E+02  0.00000E+00  0.16380E+00    371  0.00000E+00      0.000
     170.0000  0.00000E+00  0.46990E+00  0.98404E-31  0.73945E-01 -0.26822E-06  0.11190E+02  0.24524E+02  0.16380E+00  0.55920E+01 -0.45508E-04 -0.98564E+06 -0.10222E+04 -0.15029E+02  0.00000E+00  0.00000E+00  0.18305E+02  0.00000E+00  0.16380E+00    373  0.00000E+00      0.000
     171.0000  0.00000E+00  0.44450E+00  0.98404E-31  0.69850E-01 -0.26822E-06  0.11190E+02  0.24968E+02  0.16380E+00  0.56619E+01 -0.45776E-04 -0.98564E+06 -0.10288E+04 -0.15029E+02  0.00000E+00  0.00000E+00  0.18233E+02  0.00000E+00  0.16380E+00    375  0.00000E+00      0.000
     172.0000  0.00000E+00  0.34798E+00  0.98403E-31  0.54609E-01 -0.26822E-06  0.11190E+02  0.25316E+02  0.16380E+00  0.57165E+01 -0.46045E-04 -0.98564E+06 -0.10375E+04 -0.15029E+02  0.00000E+00  0.00000E+00  0.18171E+02  0.00000E+00  0.16380E+00    377  0.00000E+00      0.000
     173.0000  0.00000E+00  0.40640E+00  0.98403E-31  0.59783E-01 -0.26822E-06  0.11190E+02  0.25723E+02  0.16380E+00  0.57772E+01 -0.46313E-04 -0.98564E+06 -0.10504E+04 -0.15029E+02  0.00000E+00  0.00000E+00  0.18113E+02  0.00000E+00  0.16380E+00    379  0.00000E+00      0.000
     174.0000  0.00000E+00  0.32004E+00  0.98403E-31  0.44427E-01 -0.26822E-06  0.11190E+02  0.26043E+02  0.16380E+00  0.58223E+01 -0.46581E-04 -0.98563E+06 -0.10644E+04 -0.15030E+02  0.00000E+00  0.00000E+00  0.18060E+02  0.00000E+00  0.16380E+00    381  0.00000E+00      0.000
     175.0000  0.00000E+00  0.40132E+00  0.98403E-31  0.53357E-01 -0.26822E-06  0.11190E+02  0.26444E+02  0.16380E+00  0.58761E+01 -0.46849E-04 -0.98563E+06 -0.10737E+04 -0.15030E+02  0.00000E+00  0.00000E+00  0.18011E+02  0.00000E+00  0.16380E+00    383  0.00000E+00      0.000
     176.0000 -0.21611E+01  0.34036E+00 -0.69722E+00  0.10321E+00  0.24554E-12  0.90289E+01  0.26784E+02 -0.10477E+01  0.59647E+01 -0.46849E-04  0.00000E+00 -0.85939E+03 -0.15030E+02  0.14639E+01  0.94981E+00  0.19134E+02  0.12115E+01  0.16380E+00    750  0.00000E+00      0.000
     177.0000 -0.16612E+01  0.43942E+00 -0.57619E+00  0.15806E+00 -0.56141E-06  0.73677E+01  0.27224E+02 -0.16665E+01  0.61057E+01 -0.46968E-04  0.00000E+00 -0.75547E+03 -0.15030E+02  0.10850E+01  0.19922E+01  0.19612E+02  0.18303E+01  0.16380E+00    834  0.00000E+00      0.000
     178.0000 -0.19705E+01  0.34036E+00 -0.53195E+00  0.11995E+00 -0.24553E-12  0.53972E+01  0.27564E+02 -0.22188E+01  0.62213E+01 -0.47073E-04  0.00000E+00 -0.66096E+03 -0.15030E+02  0.14386E+01  0.34104E+01  0.20048E+02  0.23826E+01  0.16380E+00    906  0.00000E+00      0.000
     179.0000  0.00000E+00  0.35052E+00 -0.20023E-07  0.20364E+00 -0.25774E-06  0.53972E+01  0.27915E+02 -0.22188E+01  0.64249E+01 -0.47326E-04 -0.85571E+01 -0.66669E+03 -0.15030E+02  0.00000E+00  0.34104E+01  0.19846E+02  0.23826E+01  0.16380E+00    920  0.00000E+00      0.000
     180.0000 -0.33071E+01  0.46990E+00 -0.52152E+00  0.16009E+00  0.24552E-12  0.20901E+01  0.28385E+02 -0.27971E+01  0.66030E+01 -0.47356E-04  0.00000E+00 -0.62130E+03 -0.15030E+02  0.27856E+01  0.61392E+01  0.20244E+02  0.29609E+01  0.16380E+00   1003  0.00000E+00      0.000
     181.0000  0.00000E+00  0.46482E+00 -0.15134E-07  0.28776E+00 -0.27341E-06  0.20901E+01  0.28849E+02 -0.27971E+01  0.68923E+01 -0.47609E-04 -0.87933E+01 -0.64155E+03 -0.15030E+02  0.00000E+00  0.61392E+01  0.19956E+02  0.29609E+01  0.16380E+00   1018  0.00000E+00      0.000
     182.0000 -0.33020E+01  0.58928E+00 -0.51683E+00  0.18975E+00 -0.35283E-06 -0.12119E+01  0.29439E+02 -0.33851E+01  0.71250E+01 -0.47684E-04  0.00000E+00 -0.65406E+03 -0.15030E+02  0.27852E+01  0.88532E+01  0.20310E+02  0.35489E+01  0.16380E+00   1098  0.00000E+00      0.000
     183.0000  0.00000E+00  0.44958E+00 -0.18161E-07  0.26993E+00 -0.25527E-06 -0.12119E+01  0.29888E+02 -0.33851E+01  0.73966E+01 -0.47937E-04 -0.87553E+01 -0.67521E+03 -0.15030E+02  0.00000E+00  0.88532E+01  0.20039E+02  0.35489E+01  0.16380E+00   1112  0.00000E+00      0.000
     184.0000 -0.24773E+01  0.37592E+00 -0.50955E+00  0.11262E+00  0.00000E+00 -0.36892E+01  0.30264E+02 -0.39619E+01  0.75327E+01 -0.47952E-04  0.00000E+00 -0.63238E+03 -0.15030E+02  0.19677E+01  0.10754E+02  0.20478E+02  0.41257E+01  0.16380E+00   1203  0.00000E+00      0.000
     185.0000  0.00000E+00  0.29972E+00  0.65193E-08  0.19131E+00 -0.26273E-06 -0.36892E+01  0.30564E+02 -0.39619E+01  0.77246E+01 -0.48220E-04 -0.84339E+01 -0.64715E+03 -0.15031E+02  0.00000E+00  0.10754E+02  0.20288E+02  0.41257E+01  0.16380E+00   1215  0.00000E+00      0.000
     186.0000  0.00000E+00  0.39370E+00  0.19791E-07  0.24896E+00 -0.27816E-06 -0.36892E+01  0.30958E+02 -0.39619E+01  0.79743E+01 -0.48473E-04 -0.96058E+01 -0.66194E+03 -0.15031E+02  0.00000E+00  0.10754E+02  0.20052E+02  0.41257E+01  0.16380E+00   1218  0.00000E+00      0.000
     187.0000  0.00000E+00  0.39370E+00 -0.62864E-08  0.24656E+00 -0.26822E-06 -0.36892E+01  0.31351E+02 -0.39619E+01  0.82214E+01 -0.48742E-04 -0.10602E+02 -0.67798E+03 -0.15031E+02  0.00000E+00  0.10754E+02  0.19804E+02  0.41257E+01  0.16380E+00   1220  0.00000E+00      0.000
     188.0000  0.00000E+00  0.41148E+00 -0.80327E-08  0.25543E+00 -0.26822E-06 -0.36892E+01  0.31763E+02 -0.39619E+01  0.84774E+01 -0.49010E-04 -0.11348E+02 -0.69397E+03 -0.15031E+02  0.00000E+00  0.10754E+02  0.19552E+02  0.41257E+01  0.16380E+00   1222  0.00000E+00      0.000
     189.0000  0.00000E+00  0.42672E+00  0.14901E-07  0.26323E+00 -0.26822E-06 -0.36892E+01  0.32189E+02 -0.39619E+01  0.87409E+01 -0.49278E-04 -0.11760E+02 -0.70956E+03 -0.15031E+02  0.00000E+00  0.10754E+02  0.19293E+02  0.41257E+01  0.16380E+00   1224  0.00000E+00      0.000
     190.0000  0.00000E+00  0.46482E+00  0.45402E-08  0.28492E+00 -0.26822E-06 -0.36892E+01  0.32654E+02 -0.39619E+01  0.90263E+01 -0.49546E-04 -0.12051E+02 -0.72464E+03 -0.15031E+02  0.00000E+00  0.10754E+02  0.19018E+02  0.41257E+01  0.16380E+00   1226  0.00000E+00      0.000
     191.0000  0.00000E+00  0.41910E+00 -0.14203E-07  0.25538E+00 -0.26822E-06 -0.36892E+01  0.33073E+02 -0.39619E+01  0.92822E+01 -0.49815E-04 -0.12417E+02 -0.74207E+03 -0.15032E+02  0.00000E+00  0.10754E+02  0.18748E+02  0.41257E+01  0.16380E+00   1228  0.00000E+00      0.000
     192.0000  0.00000E+00  0.33020E+00  0.66357E-08  0.20022E+00 -0.26822E-06 -0.36892E+01  0.33404E+02 -0.39619E+01  0.94827E+01 -0.50083E-04 -0.12832E+02 -0.75994E+03 -0.15032E+02  0.00000E+00  0.10754E+02  0.18519E+02  0.41257E+01  0.16380E+00   1230  0.00000E+00      0.000
     193.0000  0.00000E+00  0.43434E+00 -0.72177E-08  0.26155E+00 -0.26822E-06 -0.36892E+01  0.33838E+02 -0.39619E+01  0.97447E+01 -0.50351E-04 -0.13277E+02 -0.78162E+03 -0.15032E+02  0.00000E+00  0.10754E+02  0.18288E+02  0.41257E+01  0.16380E+00   1232  0.00000E+00      0.000
     194.0000 -0.13602E+01  0.39370E+00 -0.62187E+00  0.19130E+00  0.00000E+00 -0.50494E+01  0.34232E+02 -0.48907E+01  0.99684E+01 -0.50396E-04  0.00000E+00 -0.78001E+03 -0.15032E+02  0.73833E+00  0.11187E+02  0.18993E+02  0.50544E+01  0.16380E+00   1481  0.00000E+00      0.000
     195.0000 -0.12700E+01  0.35306E+00 -0.54873E+00  0.15101E+00 -0.24539E-12 -0.63194E+01  0.34585E+02 -0.54700E+01  0.10131E+02 -0.50575E-04  0.00000E+00 -0.78158E+03 -0.15032E+02  0.72127E+00  0.11878E+02  0.19409E+02  0.56338E+01  0.16380E+00   1548  0.00000E+00      0.000
     196.0000 -0.12700E+01  0.41402E+00 -0.51974E+00  0.12095E+00  0.00000E+00 -0.75894E+01  0.34999E+02 -0.60031E+01  0.10283E+02 -0.50694E-04  0.00000E+00 -0.79348E+03 -0.15032E+02  0.75026E+00  0.12615E+02  0.19789E+02  0.61669E+01  0.16380E+00   1608  0.00000E+00      0.000
     197.0000 -0.12700E+01  0.43180E+00 -0.50899E+00  0.10856E+00 -0.39148E-06 -0.88594E+01  0.35430E+02 -0.65173E+01  0.10398E+02 -0.50858E-04  0.00000E+00 -0.76399E+03 -0.15032E+02  0.76101E+00  0.13371E+02  0.20188E+02  0.66811E+01  0.16380E+00   1669  0.00000E+00      0.000
     198.0000 -0.12802E+01  0.46736E+00 -0.50334E+00  0.10713E+00  0.00000E+00 -0.10140E+02  0.35898E+02 -0.70241E+01  0.10511E+02 -0.50917E-04  0.00000E+00 -0.66637E+03 -0.15032E+02  0.77686E+00  0.14144E+02  0.20581E+02  0.71879E+01  0.16380E+00   1740  0.00000E+00      0.000
     199.0000 -0.25400E+01  0.44450E+00 -0.50350E+00  0.96601E-01 -0.24537E-12 -0.12680E+02  0.36342E+02 -0.75268E+01  0.10613E+02 -0.50977E-04  0.00000E+00 -0.61563E+03 -0.15032E+02  0.20365E+01  0.16181E+02  0.20982E+02  0.76906E+01  0.16380E+00   1813  0.00000E+00      0.000
     200.0000  0.00000E+00  0.41910E+00 -0.23283E-08  0.29973E+00 -0.28304E-06 -0.12680E+02  0.36761E+02 -0.75268E+01  0.10913E+02 -0.51230E-04 -0.86881E+01 -0.62758E+03 -0.15033E+02  0.00000E+00  0.16181E+02  0.20687E+02  0.76906E+01  0.16380E+00   1825  0.00000E+00      0.000
     201.0000 -0.12700E+01  0.43942E+00 -0.50004E+00  0.89735E-01  0.24536E-12 -0.13950E+02  0.37201E+02 -0.80913E+01  0.11085E+02 -0.51245E-04  0.00000E+00 -0.58051E+03 -0.15033E+02  0.76996E+00  0.16887E+02  0.21075E+02  0.82551E+01  0.16380E+00   1906  0.00000E+00      0.000
     202.0000  0.00000E+00  0.47244E+00  0.35157E-07  0.35479E+00 -0.22310E-06 -0.13950E+02  0.37673E+02 -0.80913E+01  0.11437E+02 -0.51469E-04 -0.88145E+01 -0.58902E+03 -0.15033E+02  0.00000E+00  0.16887E+02  0.20725E+02  0.82551E+01  0.16380E+00   1923  0.00000E+00      0.000
     203.0000  0.00000E+00  0.46736E+00  0.60536E-08  0.35038E+00 -0.27816E-06 -0.13950E+02  0.38141E+02 -0.80913E+01  0.11788E+02 -0.51722E-04 -0.10058E+02 -0.60015E+03 -0.15033E+02  0.00000E+00  0.16887E+02  0.20373E+02  0.82551E+01  0.16380E+00   1926  0.00000E+00      0.000
     204.0000  0.00000E+00  0.45974E+00  0.21071E-07  0.34387E+00 -0.26822E-06 -0.13950E+02  0.38600E+02 -0.80913E+01  0.12132E+02 -0.51990E-04 -0.11059E+02 -0.61326E+03 -0.15033E+02  0.00000E+00  0.16887E+02  0.20027E+02  0.82551E+01  0.16380E+00   1929  0.00000E+00      0.000
     205.0000  0.00000E+00  0.46990E+00  0.10245E-07  0.35051E+00 -0.26822E-06 -0.13950E+02  0.39070E+02 -0.80913E+01  0.12483E+02 -0.52258E-04 -0.11644E+02 -0.63143E+03 -0.15033E+02  0.00000E+00  0.16887E+02  0.19679E+02  0.82551E+01  0.16380E+00   1931  0.00000E+00      0.000
     206.0000  0.00000E+00  0.46482E+00  0.68685E-08  0.33577E+00 -0.26822E-06 -0.13950E+02  0.39535E+02 -0.80913E+01  0.12822E+02 -0.52527E-04 -0.11942E+02 -0.66137E+03 -0.15033E+02  0.00000E+00  0.16887E+02  0.19332E+02  0.82551E+01  0.16380E+00   1933  0.00000E+00      0.000
     207.0000  0.00000E+00  0.44958E+00  0.12747E-07  0.31850E+00 -0.26822E-06 -0.13950E+02  0.39985E+02 -0.80913E+01  0.13142E+02 -0.52795E-04 -0.12317E+02 -0.68895E+03 -0.15034E+02  0.00000E+00  0.16887E+02  0.19004E+02  0.82551E+01  0.16380E+00   1935  0.00000E+00      0.000
     208.0000  0.00000E+00  0.34036E+00  0.14435E-07  0.23971E+00 -0.26822E-06 -0.13950E+02  0.40325E+02 -0.80913E+01  0.13382E+02 -0.53063E-04 -0.12753E+02 -0.70832E+03 -0.15034E+02  0.00000E+00  0.16887E+02  0.18725E+02  0.82551E+01  0.16380E+00   1937  0.00000E+00      0.000
     209.0000  0.00000E+00  0.36068E+00 -0.33760E-08  0.25324E+00 -0.26822E-06 -0.13950E+02  0.40686E+02 -0.80913E+01  0.13635E+02 -0.53331E-04 -0.13216E+02 -0.72469E+03 -0.15034E+02  0.00000E+00  0.16887E+02  0.18478E+02  0.82551E+01  0.16380E+00   1939  0.00000E+00      0.000
     210.0000  0.00000E+00  0.39370E+00  0.81491E-09  0.27601E+00 -0.26822E-06 -0.13950E+02  0.41079E+02 -0.80913E+01  0.13911E+02 -0.53599E-04 -0.13694E+02 -0.74640E+03 -0.15034E+02  0.00000E+00  0.16887E+02  0.18213E+02  0.82551E+01  0.16380E+00   1941  0.00000E+00      0.000
     211.0000  0.00000E+00  0.39116E+00  0.40163E-08  0.27407E+00 -0.26822E-06 -0.13950E+02  0.41471E+02 -0.80913E+01  0.14185E+02 -0.53868E-04 -0.14165E+02 -0.78364E+03 -0.15034E+02  0.00000E+00  0.16887E+02  0.17938E+02  0.82551E+01  0.16380E+00   1943  0.00000E+00      0.000
     212.0000  0.00000E+00  0.41402E+00 -0.11816E-07  0.25460E+00 -0.26822E-06 -0.13950E+02  0.41885E+02 -0.80913E+01  0.14458E+02 -0.54136E-04 -0.14574E+02 -0.87146E+03 -0.15034E+02  0.00000E+00  0.16887E+02  0.17656E+02  0.82551E+01  0.16380E+00   1945  0.00000E+00      0.000
     213.0000  0.00000E+00  0.43942E+00  0.37253E-08  0.16407E+00 -0.26822E-06 -0.13950E+02  0.42324E+02 -0.80913E+01  0.14643E+02 -0.54404E-04 -0.14835E+02 -0.10324E+04 -0.15035E+02  0.00000E+00  0.16887E+02  0.17426E+02  0.82551E+01  0.16380E+00   1947  0.00000E+00      0.000
     214.0000  0.00000E+00  0.43688E+00  0.81491E-09  0.11018E+00 -0.26822E-06 -0.13950E+02  0.42761E+02 -0.80913E+01  0.14765E+02 -0.54672E-04 -0.15050E+02 -0.11689E+04 -0.15035E+02  0.00000E+00  0.16887E+02  0.17277E+02  0.82551E+01  0.16380E+00   1949  0.00000E+00      0.000
     215.0000  0.00000E+00  0.39624E+00 -0.65775E-08  0.67983E-01 -0.26822E-06 -0.13950E+02  0.43157E+02 -0.80913E+01  0.14840E+02 -0.54941E-04 -0.15281E+02 -0.12628E+04 -0.15035E+02  0.00000E+00  0.16887E+02  0.17181E+02  0.82551E+01  0.16380E+00   1951  0.00000E+00      0.000
     216.0000  0.00000E+00  0.35814E+00  0.74506E-08  0.39697E-01 -0.26822E-06 -0.13950E+02  0.43515E+02 -0.80913E+01  0.14885E+02 -0.55209E-04 -0.15503E+02 -0.13344E+04 -0.15035E+02  0.00000E+00  0.16887E+02  0.17121E+02  0.82551E+01  0.16380E+00   1953  0.00000E+00      0.000
     217.0000  0.00000E+00  0.19558E+00 -0.76834E-08  0.14544E-01 -0.26822E-06 -0.13950E+02  0.43711E+02 -0.80913E+01  0.14902E+02 -0.55477E-04 -0.15712E+02 -0.13824E+04 -0.15035E+02  0.00000E+00  0.16887E+02  0.17092E+02  0.82551E+01  0.16380E+00   1955  0.00000E+00      0.000
     218.0000  0.00000E+00  0.14986E+00 -0.17753E-08  0.67082E-02 -0.26822E-06 -0.13950E+02  0.43861E+02 -0.80913E+01  0.14910E+02 -0.55745E-04 -0.15909E+02 -0.14064E+04 -0.15035E+02  0.00000E+00  0.16887E+02  0.17080E+02  0.82551E+01  0.16380E+00   1957  0.00000E+00      0.000
     219.0000  0.00000E+00  0.34036E+00 -0.11612E-07  0.82548E-02 -0.26822E-06 -0.13950E+02  0.44201E+02 -0.80913E+01  0.14919E+02 -0.56013E-04 -0.16094E+02 -0.14182E+04 -0.15036E+02  0.00000E+00  0.16887E+02  0.17072E+02  0.82551E+01  0.16380E+00   1959  0.00000E+00      0.000
     220.0000  0.00000E+00  0.35560E+00 -0.94005E-08  0.73411E-02 -0.26822E-06 -0.13950E+02  0.44557E+02 -0.80913E+01  0.14926E+02 -0.56282E-04 -0.16267E+02 -0.14257E+04 -0.15036E+02  0.00000E+00  0.16887E+02  0.17064E+02  0.82551E+01  0.16380E+00   1961  0.00000E+00      0.000
     221.0000  0.00000E+00  0.40640E+00 -0.11642E-07  0.76071E-02 -0.26822E-06 -0.13950E+02  0.44963E+02 -0.80913E+01  0.14934E+02 -0.56550E-04 -0.16429E+02 -0.14305E+04 -0.15036E+02  0.00000E+00  0.16887E+02  0.17056E+02  0.82551E+01  0.16380E+00   1963  0.00000E+00      0.000
     222.0000  0.00000E+00  0.46228E+00 -0.59081E-08  0.80053E-02 -0.26822E-06 -0.13950E+02  0.45425E+02 -0.80913E+01  0.14942E+02 -0.56818E-04 -0.16581E+02 -0.14353E+04 -0.15036E+02  0.00000E+00  0.16887E+02  0.17048E+02  0.82551E+01  0.16380E+00   1965  0.00000E+00      0.000
     223.0000  0.00000E+00  0.39878E+00  0.42055E-08  0.66399E-02 -0.26822E-06 -0.13950E+02  0.45824E+02 -0.80913E+01  0.14949E+02 -0.57086E-04 -0.16723E+02 -0.14390E+04 -0.15036E+02  0.00000E+00  0.16887E+02  0.17041E+02  0.82551E+01  0.16380E+00   1967  0.00000E+00      0.000
     224.0000  0.00000E+00  0.26924E+00  0.11307E-07  0.44562E-02 -0.26822E-06 -0.13950E+02  0.46093E+02 -0.80913E+01  0.14954E+02 -0.57355E-04 -0.16856E+02 -0.14414E+04 -0.15036E+02  0.00000E+00  0.16887E+02  0.17035E+02  0.82551E+01  0.16380E+00   1969  0.00000E+00      0.000
     225.0000  0.00000E+00  0.35560E+00  0.10943E-07  0.56210E-02 -0.26822E-06 -0.13950E+02  0.46449E+02 -0.80913E+01  0.14959E+02 -0.57623E-04 -0.16980E+02 -0.14432E+04 -0.15037E+02  0.00000E+00  0.16887E+02  0.17030E+02  0.82551E+01  0.16380E+00   1971  0.00000E+00      0.000
     226.0000  0.00000E+00  0.41148E+00 -0.66502E-08  0.63217E-02 -0.26822E-06 -0.13950E+02  0.46860E+02 -0.80913E+01  0.14966E+02 -0.57891E-04 -0.17096E+02 -0.14448E+04 -0.15037E+02  0.00000E+00  0.16887E+02  0.17024E+02  0.82551E+01  0.16380E+00   1973  0.00000E+00      0.000
     227.0000  0.00000E+00  0.43688E+00  0.44529E-08  0.65939E-02 -0.26822E-06 -0.13950E+02  0.47297E+02 -0.80913E+01  0.14972E+02 -0.58159E-04 -0.17205E+02 -0.14464E+04 -0.15037E+02  0.00000E+00  0.16887E+02  0.17018E+02  0.82551E+01  0.16380E+00   1975  0.00000E+00      0.000
     228.0000  0.00000E+00  0.32258E+00  0.26193E-08  0.48556E-02 -0.26822E-06 -0.13950E+02  0.47620E+02 -0.80913E+01  0.14977E+02 -0.58427E-04 -0.17307E+02 -0.14477E+04 -0.15037E+02  0.00000E+00  0.16887E+02  0.17012E+02  0.82551E+01  0.16380E+00   1977  0.00000E+00      0.000
     229.0000  0.00000E+00  0.44958E+00  0.96043E-09  0.66324E-02 -0.26822E-06 -0.13950E+02  0.48069E+02 -0.80913E+01  0.14984E+02 -0.58696E-04 -0.17403E+02 -0.14489E+04 -0.15037E+02  0.00000E+00  0.16887E+02  0.17006E+02  0.82551E+01  0.16380E+00   1979  0.00000E+00      0.000
     230.0000  0.00000E+00  0.55372E+00  0.11249E-07  0.80858E-02 -0.26822E-06 -0.13950E+02  0.48623E+02 -0.80913E+01  0.14992E+02 -0.58964E-04 -0.17492E+02 -0.14503E+04 -0.15037E+02  0.00000E+00  0.16887E+02  0.16999E+02  0.82551E+01  0.16380E+00   1981  0.00000E+00      0.000
     231.0000  0.00000E+00  0.29972E+00  0.12980E-07  0.44268E-02 -0.26822E-06 -0.13950E+02  0.48923E+02 -0.80913E+01  0.14996E+02 -0.59232E-04 -0.17575E+02 -0.14515E+04 -0.15038E+02  0.00000E+00  0.16887E+02  0.16993E+02  0.82551E+01  0.16380E+00   1983  0.00000E+00      0.000
     232.0000  0.00000E+00  0.25146E+00  0.12828E-07  0.37236E-02 -0.26822E-06 -0.13950E+02  0.49174E+02 -0.80913E+01  0.15000E+02 -0.59500E-04 -0.17653E+02 -0.14523E+04 -0.15038E+02  0.00000E+00  0.16887E+02  0.16989E+02  0.82551E+01  0.16380E+00   1985  0.00000E+00      0.000
     233.0000  0.00000E+00  0.11938E+00 -0.34706E-08  0.18089E-02 -0.26822E-06 -0.13950E+02  0.49294E+02 -0.80913E+01  0.15002E+02 -0.59769E-04 -0.17726E+02 -0.14528E+04 -0.15038E+02  0.00000E+00  0.16887E+02  0.16986E+02  0.82551E+01  0.16380E+00   1987  0.00000E+00      0.000
     234.0000  0.00000E+00  0.36068E+00  0.85493E-08  0.52806E-02 -0.26822E-06 -0.13950E+02  0.49654E+02 -0.80913E+01  0.15007E+02 -0.60037E-04 -0.17794E+02 -0.14538E+04 -0.15038E+02  0.00000E+00  0.16887E+02  0.16982E+02  0.82551E+01  0.16380E+00   1989  0.00000E+00      0.000
     235.0000  0.00000E+00  0.40386E+00 -0.11612E-07  0.58776E-02 -0.26822E-06 -0.13950E+02  0.50058E+02 -0.80913E+01  0.15013E+02 -0.60305E-04 -0.17858E+02 -0.14552E+04 -0.15038E+02  0.00000E+00  0.16887E+02  0.16977E+02  0.82551E+01  0.16380E+00   1991  0.00000E+00      0.000
     236.0000  0.00000E+00  0.36322E+00  0.13722E-07  0.52864E-02 -0.26822E-06 -0.13950E+02  0.50422E+02 -0.80913E+01  0.15018E+02 -0.60573E-04 -0.17917E+02 -0.14567E+04 -0.15038E+02  0.00000E+00  0.16887E+02  0.16971E+02  0.82551E+01  0.16380E+00   1993  0.00000E+00      0.000
     237.0000  0.00000E+00  0.28194E+00  0.21610E-08  0.41174E-02 -0.26822E-06 -0.13950E+02  0.50703E+02 -0.80913E+01  0.15022E+02 -0.60841E-04 -0.17973E+02 -0.14583E+04 -0.15039E+02  0.00000E+00  0.16887E+02  0.16966E+02  0.82551E+01  0.16380E+00   1995  0.00000E+00      0.000
     238.0000  0.00000E+00  0.36830E+00 -0.11132E-07  0.53375E-02 -0.26822E-06 -0.13950E+02  0.51072E+02 -0.80913E+01  0.15028E+02 -0.61110E-04 -0.18025E+02 -0.14601E+04 -0.15039E+02  0.00000E+00  0.16887E+02  0.16962E+02  0.82551E+01  0.16380E+00   1997  0.00000E+00      0.000
     239.0000  0.00000E+00  0.32004E+00 -0.91241E-08  0.46468E-02 -0.26822E-06 -0.13950E+02  0.51392E+02 -0.80913E+01  0.15032E+02 -0.61378E-04 -0.18073E+02 -0.14620E+04 -0.15039E+02  0.00000E+00  0.16887E+02  0.16957E+02  0.82551E+01  0.16380E+00   1999  0.00000E+00      0.000
     240.0000  0.00000E+00  0.29972E+00 -0.13286E-07  0.43528E-02 -0.26822E-06 -0.13950E+02  0.51692E+02 -0.80913E+01  0.15037E+02 -0.61646E-04 -0.18119E+02 -0.14643E+04 -0.15039E+02  0.00000E+00  0.16887E+02  0.16952E+02  0.82551E+01  0.16380E+00   2001  0.00000E+00      0.000
     241.0000  0.00000E+00  0.37846E+00  0.49768E-08  0.50695E-02 -0.26822E-06 -0.13950E+02  0.52070E+02 -0.80913E+01  0.15042E+02 -0.61914E-04 -0.18161E+02 -0.14667E+04 -0.15039E+02  0.00000E+00  0.16887E+02  0.16947E+02  0.82551E+01  0.16380E+00   2003  0.00000E+00      0.000
     242.0000  0.00000E+00  0.46482E+00  0.49986E-08  0.56706E-02 -0.26822E-06 -0.13950E+02  0.52535E+02 -0.80913E+01  0.15048E+02 -0.62183E-04 -0.18201E+02 -0.14702E+04 -0.15040E+02  0.00000E+00  0.16887E+02  0.16942E+02  0.82551E+01  0.16380E+00   2005  0.00000E+00      0.000
     243.0000  0.00000E+00  0.37592E+00  0.38781E-08  0.45273E-02 -0.26822E-06 -0.13950E+02  0.52911E+02 -0.80913E+01  0.15052E+02 -0.62451E-04 -0.18238E+02 -0.14733E+04 -0.15040E+02  0.00000E+00  0.16887E+02  0.16937E+02  0.82551E+01  0.16380E+00   2007  0.00000E+00      0.000
     244.0000  0.00000E+00  0.28194E+00 -0.45948E-08  0.11423E+02 -0.26822E-06 -0.13950E+02  0.53193E+02 -0.80913E+01  0.20764E+02 -0.62719E-04 -0.18272E+02 -0.29169E+03 -0.15040E+02  0.00000E+00  0.16887E+02  0.16935E+02  0.82551E+01  0.16380E+00   2009  0.00000E+00      0.000
     245.0000  0.00000E+00  0.42926E+00 -0.78617E-08  0.28559E+01 -0.26822E-06 -0.13950E+02  0.53622E+02 -0.80913E+01  0.25048E+02 -0.62987E-04 -0.18305E+02 -0.35236E+03 -0.15040E+02  0.00000E+00  0.16887E+02  0.83670E+01  0.82551E+01  0.16380E+00   2011  0.00000E+00      0.000
     246.0000  0.00000E+00  0.37084E+00  0.10135E-07  0.71396E+00 -0.26822E-06 -0.13950E+02  0.53993E+02 -0.80913E+01  0.26119E+02 -0.63255E-04 -0.18335E+02 -0.51128E+03 -0.15040E+02  0.00000E+00  0.16887E+02  0.62250E+01  0.82551E+01  0.16380E+00   2013  0.00000E+00      0.000
     247.0000  0.00000E+00  0.17272E+00  0.97898E-08  0.17849E+00 -0.26822E-06 -0.13950E+02  0.54166E+02 -0.80913E+01  0.26386E+02 -0.63524E-04 -0.18363E+02 -0.67886E+03 -0.15040E+02  0.00000E+00  0.16887E+02  0.56895E+01  0.82551E+01  0.16380E+00   2015  0.00000E+00      0.000
     248.0000  0.00000E+00  0.27432E+00 -0.35616E-08  0.44592E-01 -0.26822E-06 -0.13950E+02  0.54440E+02 -0.80913E+01  0.26453E+02 -0.63792E-04 -0.18390E+02 -0.76126E+03 -0.15041E+02  0.00000E+00  0.16887E+02  0.55556E+01  0.82551E+01  0.16380E+00   2017  0.00000E+00      0.000
     249.0000  0.00000E+00  0.34290E+00 -0.52860E-08  0.11148E-01 -0.26822E-06 -0.13950E+02  0.54783E+02 -0.80913E+01  0.26470E+02 -0.64060E-04 -0.18414E+02 -0.78683E+03 -0.15041E+02  0.00000E+00  0.16887E+02  0.55221E+01  0.82551E+01  0.16380E+00   2019  0.00000E+00      0.000
     250.0000  0.00000E+00  0.26924E+00 -0.47439E-08  0.27235E-02 -0.26822E-06 -0.13950E+02  0.55052E+02 -0.80913E+01  0.26474E+02 -0.64328E-04 -0.18437E+02 -0.79471E+03 -0.15041E+02  0.00000E+00  0.16887E+02  0.55138E+01  0.82551E+01  0.16380E+00   2021  0.00000E+00      0.000
     251.0000  0.00000E+00  0.25400E+00  0.91786E-08  0.00000E+00 -0.26822E-06 -0.13950E+02  0.55306E+02 -0.80913E+01  0.26474E+02 -0.64597E-04 -0.18459E+02 -0.79604E+03 -0.15041E+02  0.00000E+00  0.16887E+02  0.55124E+01  0.82551E+01  0.16380E+00   2023  0.00000E+00      0.000
     252.0000  0.00000E+00  0.21336E+00 -0.10044E-07  0.00000E+00 -0.26822E-06 -0.13950E+02  0.55519E+02 -0.80913E+01  0.26474E+02 -0.64865E-04 -0.18479E+02 -0.79610E+03 -0.15041E+02  0.00000E+00  0.16887E+02  0.55123E+01  0.82551E+01  0.16380E+00   2025  0.00000E+00      0.000
     253.0000  0.00000E+00  0.23622E+00  0.64265E-08  0.00000E+00 -0.26822E-06 -0.13950E+02  0.55756E+02 -0.80913E+01  0.26474E+02 -0.65133E-04 -0.18498E+02 -0.79611E+03 -0.15041E+02  0.00000E+00  0.16887E+02  0.55123E+01  0.82551E+01  0.16380E+00   2027  0.00000E+00      0.000
     254.0000  0.00000E+00  0.25146E+00  0.91622E-08  0.00000E+00 -0.26822E-06 -0.13950E+02  0.56007E+02 -0.80913E+01  0.26474E+02 -0.65401E-04 -0.18515E+02 -0.79611E+03 -0.15042E+02  0.00000E+00  0.16887E+02  0.55123E+01  0.82551E+01  0.16380E+00   2029  0.00000E+00      0.000
     255.0000  0.00000E+00  0.29210E+00  0.98480E-08  0.69931E-04 -0.26822E-06 -0.13950E+02  0.56299E+02 -0.80913E+01  0.26475E+02 -0.65669E-04 -0.18531E+02 -0.79609E+03 -0.15042E+02  0.00000E+00  0.16887E+02  0.55123E+01  0.82551E+01  0.16380E+00   2031  0.00000E+00      0.000
     256.0000  0.00000E+00  0.24638E+00 -0.73978E-08  0.00000E+00 -0.26822E-06 -0.13950E+02  0.56545E+02 -0.80913E+01  0.26475E+02 -0.65938E-04 -0.18547E+02 -0.79609E+03 -0.15042E+02  0.00000E+00  0.16887E+02  0.55122E+01  0.82551E+01  0.16380E+00   2033  0.00000E+00      0.000
     257.0000  0.00000E+00  0.21844E+00  0.14734E-09  0.00000E+00 -0.26822E-06 -0.13950E+02  0.56764E+02 -0.80913E+01  0.26475E+02 -0.66206E-04 -0.18561E+02 -0.79611E+03 -0.15042E+02  0.00000E+00  0.16887E+02  0.55122E+01  0.82551E+01  0.16380E+00   2035  0.00000E+00      0.000
     258.0000  0.00000E+00  0.29210E+00  0.62137E-08  0.67271E-04 -0.26822E-06 -0.13950E+02  0.57056E+02 -0.80913E+01  0.26475E+02 -0.66474E-04 -0.18574E+02 -0.79609E+03 -0.15042E+02  0.00000E+00  0.16887E+02  0.55122E+01  0.82551E+01  0.16380E+00   2037  0.00000E+00      0.000
     259.0000  0.00000E+00  0.32258E+00  0.71377E-08  0.00000E+00 -0.26822E-06 -0.13950E+02  0.57379E+02 -0.80913E+01  0.26475E+02 -0.66742E-04 -0.18587E+02 -0.79610E+03 -0.15042E+02  0.00000E+00  0.16887E+02  0.55122E+01  0.82551E+01  0.16380E+00   2039  0.00000E+00      0.000
     260.0000  0.00000E+00  0.46228E+00  0.13850E-07  0.00000E+00 -0.26822E-06 -0.13950E+02  0.57841E+02 -0.80913E+01  0.26475E+02 -0.67011E-04 -0.18598E+02 -0.79611E+03 -0.15043E+02  0.00000E+00  0.16887E+02  0.55121E+01  0.82551E+01  0.16380E+00   2041  0.00000E+00      0.000
     261.0000  0.00000E+00  0.37592E+00  0.59063E-08  0.65222E-04 -0.26822E-06 -0.13950E+02  0.58217E+02 -0.80913E+01  0.26475E+02 -0.67279E-04 -0.18609E+02 -0.79609E+03 -0.15043E+02  0.00000E+00  0.16887E+02  0.55121E+01  0.82551E+01  0.16380E+00   2043  0.00000E+00      0.000
     262.0000  0.00000E+00  0.20066E+00 -0.72505E-08  0.00000E+00 -0.26822E-06 -0.13950E+02  0.58417E+02 -0.80913E+01  0.26475E+02 -0.67547E-04 -0.18620E+02 -0.79610E+03 -0.15043E+02  0.00000E+00  0.16887E+02  0.55121E+01  0.82551E+01  0.16380E+00   2045  0.00000E+00      0.000
     263.0000  0.00000E+00  0.18288E+00  0.21382E-08  0.63531E-04 -0.26822E-06 -0.13950E+02  0.58600E+02 -0.80913E+01  0.26475E+02 -0.67815E-04 -0.18629E+02 -0.79609E+03 -0.15043E+02  0.00000E+00  0.16887E+02  0.55121E+01  0.82551E+01  0.16380E+00   2047  0.00000E+00      0.000
     264.0000  0.00000E+00  0.48260E-01 -0.22974E-08  0.00000E+00 -0.26822E-06 -0.13950E+02  0.58649E+02 -0.80913E+01  0.26475E+02 -0.68083E-04 -0.18638E+02 -0.79611E+03 -0.15043E+02  0.00000E+00  0.16887E+02  0.55121E+01  0.82551E+01  0.16380E+00   2049  0.00000E+00      0.000
     265.0000  0.00000E+00  0.45720E-01 -0.11250E-07  0.00000E+00 -0.26822E-06 -0.13950E+02  0.58694E+02 -0.80913E+01  0.26475E+02 -0.68352E-04 -0.18646E+02 -0.79610E+03 -0.15043E+02  0.00000E+00  0.16887E+02  0.55121E+01  0.82551E+01  0.16380E+00   2051  0.00000E+00      0.000
     266.0000  0.00000E+00  0.23622E+00  0.59244E-08  0.00000E+00 -0.26822E-06 -0.13950E+02  0.58931E+02 -0.80913E+01  0.26475E+02 -0.68620E-04 -0.18654E+02 -0.79612E+03 -0.15044E+02  0.00000E+00  0.16887E+02  0.55120E+01  0.82551E+01  0.16380E+00   2053  0.00000E+00      0.000
     267.0000  0.00000E+00  0.22860E+00  0.33406E-08  0.00000E+00 -0.26822E-06 -0.13950E+02  0.59159E+02 -0.80913E+01  0.26475E+02 -0.68888E-04 -0.18661E+02 -0.79610E+03 -0.15044E+02  0.00000E+00  0.16887E+02  0.55120E+01  0.82551E+01  0.16380E+00   2055  0.00000E+00      0.000
     268.0000  0.00000E+00  0.22606E+00  0.52833E-08  0.00000E+00 -0.26822E-06 -0.13950E+02  0.59385E+02 -0.80913E+01  0.26475E+02 -0.69156E-04 -0.18668E+02 -0.79609E+03 -0.15044E+02  0.00000E+00  0.16887E+02  0.55120E+01  0.82551E+01  0.16380E+00   2057  0.00000E+00      0.000
     269.0000  0.00000E+00  0.28956E+00 -0.12772E-07  0.00000E+00 -0.26822E-06 -0.13950E+02  0.59675E+02 -0.80913E+01  0.26475E+02 -0.69425E-04 -0.18674E+02 -0.79612E+03 -0.15044E+02  0.00000E+00  0.16887E+02  0.55120E+01  0.82551E+01  0.16380E+00   2059  0.00000E+00      0.000
     270.0000  0.00000E+00  0.22098E+00  0.12321E-07  0.00000E+00 -0.26822E-06 -0.13950E+02  0.59896E+02 -0.80913E+01  0.26475E+02 -0.69693E-04 -0.18680E+02 -0.79611E+03 -0.15044E+02  0.00000E+00  0.16887E+02  0.55120E+01  0.82551E+01  0.16380E+00   2061  0.00000E+00      0.000
     271.0000  0.00000E+00  0.28702E+00 -0.52532E-08  0.00000E+00 -0.26822E-06 -0.13950E+02  0.60183E+02 -0.80913E+01  0.26475E+02 -0.69961E-04 -0.18686E+02 -0.79610E+03 -0.15044E+02  0.00000E+00  0.16887E+02  0.55120E+01  0.82551E+01  0.16380E+00   2063  0.00000E+00      0.000
     272.0000  0.00000E+00  0.23114E+00 -0.60536E-08  0.63583E-04 -0.26822E-06 -0.13950E+02  0.60414E+02 -0.80913E+01  0.26475E+02 -0.70229E-04 -0.18691E+02 -0.79609E+03 -0.15045E+02  0.00000E+00  0.16887E+02  0.55120E+01  0.82551E+01  0.16380E+00   2065  0.00000E+00      0.000
     273.0000  0.00000E+00  0.66040E-01 -0.29095E-08  0.00000E+00 -0.26822E-06 -0.13950E+02  0.60480E+02 -0.80913E+01  0.26475E+02 -0.70497E-04 -0.18695E+02 -0.79611E+03 -0.15045E+02  0.00000E+00  0.16887E+02  0.55120E+01  0.82551E+01  0.16380E+00   2067  0.00000E+00      0.000
     274.0000  0.22860E-01  0.00000E+00  0.22860E-01  0.00000E+00 -0.26822E-06 -0.13927E+02  0.60480E+02 -0.80684E+01  0.26475E+02 -0.70766E-04 -0.35106E+02 -0.79611E+03 -0.15045E+02  0.00000E+00  0.16887E+02  0.54891E+01  0.82551E+01  0.18666E+00   2069  0.00000E+00      0.000
     275.0000  0.21844E+00  0.00000E+00  0.27791E-05  0.00000E+00 -0.26822E-06 -0.13708E+02  0.60480E+02 -0.79603E+01  0.26475E+02 -0.71034E-04 -0.10000E+07 -0.79611E+03 -0.15045E+02  0.00000E+00  0.16887E+02  0.53810E+01  0.82551E+01  0.29481E+00   2071  0.00000E+00      0.000
     276.0000  0.13462E+00  0.00000E+00  0.99840E-31  0.00000E+00 -0.26822E-06 -0.13574E+02  0.60480E+02 -0.79603E+01  0.26475E+02 -0.71302E-04 -0.10000E+07 -0.79611E+03 -0.15045E+02  0.00000E+00  0.16887E+02  0.53810E+01  0.82551E+01  0.29481E+00   2073  0.00000E+00      0.000
     277.0000  0.19050E+00  0.00000E+00  0.99840E-31  0.00000E+00 -0.26822E-06 -0.13383E+02  0.60480E+02 -0.79603E+01  0.26475E+02 -0.71570E-04 -0.10000E+07 -0.79611E+03 -0.15045E+02  0.00000E+00  0.16887E+02  0.53810E+01  0.82551E+01  0.29481E+00   2075  0.00000E+00      0.000
     278.0000  0.11938E+00  0.00000E+00  0.99840E-31  0.00000E+00 -0.26822E-06 -0.13264E+02  0.60480E+02 -0.79603E+01  0.26475E+02 -0.71838E-04 -0.10000E+07 -0.79611E+03 -0.15046E+02  0.00000E+00  0.16887E+02  0.53810E+01  0.82551E+01  0.29481E+00   2077  0.00000E+00      0.000
     279.0000  0.19558E+00  0.00000E+00  0.99840E-31  0.00000E+00 -0.26822E-06 -0.13068E+02  0.60480E+02 -0.79603E+01  0.26475E+02 -0.72107E-04 -0.10000E+07 -0.79611E+03 -0.15046E+02  0.00000E+00  0.16887E+02  0.53810E+01  0.82551E+01  0.29481E+00   2079  0.00000E+00      0.000
     280.0000  0.18796E+00  0.00000E+00  0.99840E-31  0.00000E+00 -0.26822E-06 -0.12880E+02  0.60480E+02 -0.79603E+01  0.26475E+02 -0.72375E-04 -0.10000E+07 -0.79611E+03 -0.15046E+02  0.00000E+00  0.16887E+02  0.53810E+01  0.82551E+01  0.29481E+00   2081  0.00000E+00      0.000
     281.0000  0.23368E+00  0.00000E+00  0.99840E-31  0.00000E+00 -0.26822E-06 -0.12647E+02  0.60480E+02 -0.79603E+01  0.26475E+02 -0.72643E-04 -0.10000E+07 -0.79611E+03 -0.15046E+02  0.00000E+00  0.16887E+02  0.53810E+01  0.82551E+01  0.29481E+00   2083  0.00000E+00      0.000
     282.0000  0.24130E+00  0.00000E+00  0.99840E-31  0.00000E+00 -0.26822E-06 -0.12405E+02  0.60480E+02 -0.79603E+01  0.26475E+02 -0.72911E-04 -0.10000E+07 -0.79611E+03 -0.15046E+02  0.00000E+00  0.16887E+02  0.53810E+01  0.82551E+01  0.29481E+00   2085  0.00000E+00      0.000
     283.0000  0.21082E+00  0.00000E+00  0.99840E-31  0.00000E+00 -0.26822E-06 -0.12194E+02  0.60480E+02 -0.79603E+01  0.26475E+02 -0.73180E-04 -0.10000E+07 -0.79611E+03 -0.15047E+02  0.00000E+00  0.16887E+02  0.53810E+01  0.82551E+01  0.29481E+00   2087  0.00000E+00      0.000
     284.0000  0.15494E+00  0.00000E+00  0.99840E-31  0.00000E+00 -0.26822E-06 -0.12040E+02  0.60480E+02 -0.79603E+01  0.26475E+02 -0.73448E-04 -0.10000E+07 -0.79611E+03 -0.15047E+02  0.00000E+00  0.16887E+02  0.53810E+01  0.82551E+01  0.29481E+00   2089  0.00000E+00      0.000
     285.0000  0.20320E-01  0.00000E+00  0.99840E-31  0.00000E+00 -0.26822E-06 -0.12019E+02  0.60480E+02 -0.79603E+01  0.26475E+02 -0.73716E-04 -0.10000E+07 -0.79611E+03 -0.15047E+02  0.00000E+00  0.16887E+02  0.53810E+01  0.82551E+01  0.29481E+00   2091  0.00000E+00      0.000
     286.0000  0.73660E-01  0.00000E+00  0.99840E-31  0.00000E+00 -0.26822E-06 -0.11946E+02  0.60480E+02 -0.79603E+01  0.26475E+02 -0.73984E-04 -0.10000E+07 -0.79611E+03 -0.15047E+02  0.00000E+00  0.16887E+02  0.53810E+01  0.82551E+01  0.29481E+00   2093  0.00000E+00      0.000
     287.0000  0.13716E+00  0.00000E+00  0.99840E-31  0.00000E+00 -0.26822E-06 -0.11808E+02  0.60480E+02 -0.79603E+01  0.26475E+02 -0.74252E-04 -0.10000E+07 -0.79611E+03 -0.15047E+02  0.00000E+00  0.16887E+02  0.53810E+01  0.82551E+01  0.29481E+00   2095  0.00000E+00      0.000
     288.0000  0.17780E+00  0.00000E+00  0.99840E-31  0.00000E+00 -0.26822E-06 -0.11631E+02  0.60480E+02 -0.79603E+01  0.26475E+02 -0.74521E-04 -0.10000E+07 -0.79611E+03 -0.15047E+02  0.00000E+00  0.16887E+02  0.53810E+01  0.82551E+01  0.29481E+00   2097  0.00000E+00      0.000
     289.0000  0.18288E+00  0.00000E+00  0.99840E-31  0.00000E+00 -0.26822E-06 -0.11448E+02  0.60480E+02 -0.79603E+01  0.26475E+02 -0.74789E-04 -0.10000E+07 -0.79611E+03 -0.15048E+02  0.00000E+00  0.16887E+02  0.53810E+01  0.82551E+01  0.29481E+00   2099  0.00000E+00      0.000
     290.0000  0.24892E+00  0.00000E+00  0.99840E-31  0.00000E+00 -0.26822E-06 -0.11199E+02  0.60480E+02 -0.79603E+01  0.26475E+02 -0.75057E-04 -0.10000E+07 -0.79611E+03 -0.15048E+02  0.00000E+00  0.16887E+02  0.53810E+01  0.82551E+01  0.29481E+00   2101  0.00000E+00      0.000
     291.0000  0.36322E+00  0.00000E+00  0.99840E-31  0.00000E+00 -0.26822E-06 -0.10836E+02  0.60480E+02 -0.79603E+01  0.26475E+02 -0.75325E-04 -0.10000E+07 -0.79611E+03 -0.15048E+02  0.00000E+00  0.16887E+02  0.53810E+01  0.82551E+01  0.29481E+00   2103  0.00000E+00      0.000
     292.0000  0.42164E+00  0.00000E+00  0.99840E-31  0.00000E+00 -0.26822E-06 -0.10414E+02  0.60480E+02 -0.79603E+01  0.26475E+02 -0.75594E-04 -0.10000E+07 -0.79611E+03 -0.15048E+02  0.00000E+00  0.16887E+02  0.53810E+01  0.82551E+01  0.29481E+00   2105  0.00000E+00      0.000
     293.0000  0.26924E+00  0.00000E+00  0.99840E-31  0.00000E+00 -0.26822E-06 -0.10145E+02  0.60480E+02 -0.79603E+01  0.26475E+02 -0.75862E-04 -0.10000E+07 -0.79611E+03 -0.15048E+02  0.00000E+00  0.16887E+02  0.53810E+01  0.82551E+01  0.29481E+00   2107  0.00000E+00      0.000
     294.0000  0.10922E+00  0.00000E+00  0.99840E-31  0.00000E+00 -0.26822E-06 -0.10035E+02  0.60480E+02 -0.79603E+01  0.26475E+02 -0.76130E-04 -0.10000E+07 -0.79611E+03 -0.15048E+02  0.00000E+00  0.16887E+02  0.53810E+01  0.82551E+01  0.29481E+00   2109  0.00000E+00      0.000
     295.0000  0.68580E-01  0.00000E+00  0.99840E-31  0.00000E+00 -0.26822E-06 -0.99669E+01  0.60480E+02 -0.79603E+01  0.26475E+02 -0.76398E-04 -0.10000E+07 -0.79611E+03 -0.15049E+02  0.00000E+00  0.16887E+02  0.53810E+01  0.82551E+01  0.29481E+00   2111  0.00000E+00      0.000
     296.0000  0.33020E-01  0.00000E+00  0.99840E-31  0.00000E+00 -0.26822E-06 -0.99339E+01  0.60480E+02 -0.79603E+01  0.26475E+02 -0.76666E-04 -0.10000E+07 -0.79611E+03 -0.15049E+02  0.00000E+00  0.16887E+02  0.53810E+01  0.82551E+01  0.29481E+00   2113  0.00000E+00      0.000
     297.0000  0.22860E-01  0.00000E+00  0.99840E-31  0.00000E+00 -0.26822E-06 -0.99110E+01  0.60480E+02 -0.79603E+01  0.26475E+02 -0.76935E-04 -0.10000E+07 -0.79611E+03 -0.15049E+02  0.00000E+00  0.16887E+02  0.53810E+01  0.82551E+01  0.29481E+00   2115  0.00000E+00      0.000
     298.0000  0.27940E-01  0.00000E+00  0.99840E-31  0.00000E+00 -0.26822E-06 -0.98831E+01  0.60480E+02 -0.79603E+01  0.26475E+02 -0.77203E-04 -0.10000E+07 -0.79611E+03 -0.15049E+02  0.00000E+00  0.16887E+02  0.53810E+01  0.82551E+01  0.29481E+00   2117  0.00000E+00      0.000
     299.0000  0.25400E-01  0.00000E+00  0.99840E-31  0.00000E+00 -0.26822E-06 -0.98577E+01  0.60480E+02 -0.79603E+01  0.26475E+02 -0.77471E-04 -0.10000E+07 -0.79611E+03 -0.15049E+02  0.00000E+00  0.16887E+02  0.53810E+01  0.82551E+01  0.29481E+00   2119  0.00000E+00      0.000
     300.0000  0.22860E-01  0.00000E+00  0.99840E-31  0.00000E+00 -0.26822E-06 -0.98348E+01  0.60480E+02 -0.79603E+01  0.26475E+02 -0.77739E-04 -0.10000E+07 -0.79611E+03 -0.15049E+02  0.00000E+00  0.16887E+02  0.53810E+01  0.82551E+01  0.29481E+00   2121  0.00000E+00      0.000
     301.0000  0.40640E-01  0.00000E+00  0.99840E-31  0.00000E+00 -0.26822E-06 -0.97942E+01  0.60480E+02 -0.79603E+01  0.26475E+02 -0.78008E-04 -0.10000E+07 -0.79611E+03 -0.15050E+02  0.00000E+00  0.16887E+02  0.53810E+01  0.82551E+01  0.29481E+00   2123  0.00000E+00      0.000
     302.0000  0.66040E-01  0.00000E+00  0.99840E-31  0.00000E+00 -0.26822E-06 -0.97281E+01  0.60480E+02 -0.79603E+01  0.26475E+02 -0.78276E-04 -0.10000E+07 -0.79611E+03 -0.15050E+02  0.00000E+00  0.16887E+02  0.53810E+01  0.82551E+01  0.29481E+00   2125  0.00000E+00      0.000
     303.0000  0.10160E+00  0.00000E+00  0.99840E-31  0.00000E+00 -0.26822E-06 -0.96265E+01  0.60480E+02 -0.79603E+01  0.26475E+02 -0.78544E-04 -0.10000E+07 -0.79611E+03 -0.15050E+02  0.00000E+00  0.16887E+02  0.53810E+01  0.82551E+01  0.29481E+00   2127  0.00000E+00      0.000
     304.0000  0.13462E+00  0.00000E+00  0.99840E-31  0.00000E+00 -0.26822E-06 -0.94919E+01  0.60480E+02 -0.79603E+01  0.26475E+02 -0.78812E-04 -0.10000E+07 -0.79611E+03 -0.15050E+02  0.00000E+00  0.16887E+02  0.53810E+01  0.82551E+01  0.29481E+00   2129  0.00000E+00      0.000
     305.0000  0.15748E+00  0.00000E+00  0.99840E-31  0.00000E+00 -0.26822E-06 -0.93344E+01  0.60480E+02 -0.79603E+01  0.26475E+02 -0.79080E-04 -0.10000E+07 -0.79611E+03 -0.15050E+02  0.00000E+00  0.16887E+02  0.53810E+01  0.82551E+01  0.29481E+00   2131  0.00000E+00      0.000
     306.0000  0.11176E+00  0.00000E+00  0.99840E-31  0.00000E+00 -0.26822E-06 -0.92227E+01  0.60480E+02 -0.79603E+01  0.26475E+02 -0.79349E-04 -0.10000E+07 -0.79611E+03 -0.15050E+02  0.00000E+00  0.16887E+02  0.53810E+01  0.82551E+01  0.29481E+00   2133  0.00000E+00      0.000
     307.0000  0.14478E+00  0.00000E+00  0.99840E-31  0.00000E+00 -0.26822E-06 -0.90779E+01  0.60480E+02 -0.79603E+01  0.26475E+02 -0.79617E-04 -0.10000E+07 -0.79611E+03 -0.15051E+02  0.00000E+00  0.16887E+02  0.53810E+01  0.82551E+01  0.29481E+00   2135  0.00000E+00      0.000
     308.0000  0.19050E+00  0.00000E+00  0.99840E-31  0.00000E+00 -0.26822E-06 -0.88874E+01  0.60480E+02 -0.79603E+01  0.26475E+02 -0.79885E-04 -0.10000E+07 -0.79611E+03 -0.15051E+02  0.00000E+00  0.16887E+02  0.53810E+01  0.82551E+01  0.29481E+00   2137  0.00000E+00      0.000
     309.0000  0.23876E+00  0.00000E+00  0.99840E-31  0.00000E+00 -0.26822E-06 -0.86486E+01  0.60480E+02 -0.79603E+01  0.26475E+02 -0.80153E-04 -0.10000E+07 -0.79611E+03 -0.15051E+02  0.00000E+00  0.16887E+02  0.53810E+01  0.82551E+01  0.29481E+00   2139  0.00000E+00      0.000
     310.0000  0.11430E+00  0.00000E+00  0.99840E-31  0.00000E+00 -0.26822E-06 -0.85343E+01  0.60480E+02 -0.79603E+01  0.26475E+02 -0.80422E-04 -0.10000E+07 -0.79611E+03 -0.15051E+02  0.00000E+00  0.16887E+02  0.53810E+01  0.82551E+01  0.29481E+00   2141  0.00000E+00      0.000
     311.0000  0.20320E+00  0.00000E+00  0.99840E-31  0.00000E+00 -0.26822E-06 -0.83311E+01  0.60480E+02 -0.79603E+01  0.26475E+02 -0.80690E-04 -0.10000E+07 -0.79611E+03 -0.15051E+02  0.00000E+00  0.16887E+02  0.53810E+01  0.82551E+01  0.29481E+00   2143  0.00000E+00      0.000
     312.0000  0.12954E+00  0.00000E+00  0.99840E-31  0.00000E+00 -0.26822E-06 -0.82016E+01  0.60480E+02 -0.79603E+01  0.26475E+02 -0.80958E-04 -0.10000E+07 -0.79611E+03 -0.15051E+02  0.00000E+00  0.16887E+02  0.53810E+01  0.82551E+01  0.29481E+00   2145  0.00000E+00      0.000
     313.0000  0.12446E+00  0.00000E+00  0.99840E-31  0.00000E+00 -0.26822E-06 -0.80771E+01  0.60480E+02 -0.79603E+01  0.26475E+02 -0.81226E-04 -0.10000E+07 -0.79611E+03 -0.15052E+02  0.00000E+00  0.16887E+02  0.53810E+01  0.82551E+01  0.29481E+00   2147  0.00000E+00      0.000
     314.0000  0.15494E+00  0.00000E+00  0.99840E-31  0.00000E+00 -0.26822E-06 -0.79222E+01  0.60480E+02 -0.79603E+01  0.26475E+02 -0.81494E-04 -0.10000E+07 -0.79611E+03 -0.15052E+02  0.00000E+00  0.16887E+02  0.53810E+01  0.82551E+01  0.29481E+00   2149  0.00000E+00      0.000
     315.0000  0.28956E+00  0.00000E+00  0.99840E-31  0.00000E+00 -0.26822E-06 -0.76326E+01  0.60480E+02 -0.79603E+01  0.26475E+02 -0.81763E-04 -0.10000E+07 -0.79611E+03 -0.15052E+02  0.00000E+00  0.16887E+02  0.53810E+01  0.82551E+01  0.29481E+00   2151  0.00000E+00      0.000
     316.0000  0.13462E+00  0.00000E+00  0.99840E-31  0.00000E+00 -0.26822E-06 -0.74980E+01  0.60480E+02 -0.79603E+01  0.26475E+02 -0.82031E-04 -0.10000E+07 -0.79611E+03 -0.15052E+02  0.00000E+00  0.16887E+02  0.53810E+01  0.82551E+01  0.29481E+00   2153  0.00000E+00      0.000
     317.0000  0.24892E+00  0.00000E+00  0.99840E-31  0.00000E+00 -0.26822E-06 -0.72491E+01  0.60480E+02 -0.79603E+01  0.26475E+02 -0.82299E-04 -0.10000E+07 -0.79611E+03 -0.15052E+02  0.00000E+00  0.16887E+02  0.53810E+01  0.82551E+01  0.29481E+00   2155  0.00000E+00      0.000
     318.0000  0.18542E+00  0.00000E+00  0.99840E-31  0.00000E+00 -0.26822E-06 -0.70637E+01  0.60480E+02 -0.79603E+01  0.26475E+02 -0.82567E-04 -0.10000E+07 -0.79611E+03 -0.15052E+02  0.00000E+00  0.16887E+02  0.53810E+01  0.82551E+01  0.29481E+00   2157  0.00000E+00      0.000
     319.0000  0.18796E+00  0.00000E+00  0.99840E-31  0.00000E+00 -0.26822E-06 -0.68757E+01  0.60480E+02 -0.79603E+01  0.26475E+02 -0.82836E-04 -0.10000E+07 -0.79611E+03 -0.15053E+02  0.00000E+00  0.16887E+02  0.53810E+01  0.82551E+01  0.29481E+00   2159  0.00000E+00      0.000
     320.0000  0.99060E-01  0.00000E+00  0.99840E-31  0.00000E+00 -0.26822E-06 -0.67767E+01  0.60480E+02 -0.79603E+01  0.26475E+02 -0.83104E-04 -0.10000E+07 -0.79611E+03 -0.15053E+02  0.00000E+00  0.16887E+02  0.53810E+01  0.82551E+01  0.29481E+00   2161  0.00000E+00      0.000
     321.0000  0.27432E+00  0.00000E+00  0.99840E-31  0.00000E+00 -0.26822E-06 -0.65023E+01  0.60480E+02 -0.79603E+01  0.26475E+02 -0.83372E-04 -0.10000E+07 -0.79611E+03 -0.15053E+02  0.00000E+00  0.16887E+02  0.53810E+01  0.82551E+01  0.29481E+00   2163  0.00000E+00      0.000
     322.0000  0.19304E+00  0.00000E+00  0.99840E-31  0.00000E+00 -0.26822E-06 -0.63093E+01  0.60480E+02 -0.79603E+01  0.26475E+02 -0.83640E-04 -0.10000E+07 -0.79611E+03 -0.15053E+02  0.00000E+00  0.16887E+02  0.53810E+01  0.82551E+01  0.29481E+00   2165  0.00000E+00      0.000
     323.0000  0.18796E+00  0.00000E+00  0.99840E-31  0.00000E+00 -0.26822E-06 -0.61213E+01  0.60480E+02 -0.79603E+01  0.26475E+02 -0.83908E-04 -0.10000E+07 -0.79611E+03 -0.15053E+02  0.00000E+00  0.16887E+02  0.53810E+01  0.82551E+01  0.29481E+00   2167  0.00000E+00      0.000
     324.0000  0.16510E+00  0.00000E+00  0.99840E-31  0.00000E+00 -0.26822E-06 -0.59562E+01  0.60480E+02 -0.79603E+01  0.26475E+02 -0.84177E-04 -0.10000E+07 -0.79611E+03 -0.15053E+02  0.00000E+00  0.16887E+02  0.53810E+01  0.82551E+01  0.29481E+00   2169  0.00000E+00      0.000
     325.0000  0.33274E+00  0.00000E+00  0.99840E-31  0.00000E+00 -0.26822E-06 -0.56235E+01  0.60480E+02 -0.79603E+01  0.26475E+02 -0.84445E-04 -0.10000E+07 -0.79611E+03 -0.15054E+02  0.00000E+00  0.16887E+02  0.53810E+01  0.82551E+01  0.29481E+00   2171  0.00000E+00      0.000
     326.0000  0.15240E+00  0.00000E+00  0.99840E-31  0.00000E+00 -0.26822E-06 -0.54711E+01  0.60480E+02 -0.79603E+01  0.26475E+02 -0.84713E-04 -0.10000E+07 -0.79611E+03 -0.15054E+02  0.00000E+00  0.16887E+02  0.53810E+01  0.82551E+01  0.29481E+00   2173  0.00000E+00      0.000
     327.0000  0.10160E-01  0.00000E+00  0.99840E-31  0.00000E+00 -0.26822E-06 -0.54609E+01  0.60480E+02 -0.79603E+01  0.26475E+02 -0.84981E-04 -0.10000E+07 -0.79611E+03 -0.15054E+02  0.00000E+00  0.16887E+02  0.53810E+01  0.82551E+01  0.29481E+00   2175  0.00000E+00      0.000
     328.0000  0.17780E-01  0.00000E+00  0.99840E-31  0.00000E+00 -0.26822E-06 -0.54432E+01  0.60480E+02 -0.79603E+01  0.26475E+02 -0.85250E-04 -0.10000E+07 -0.79611E+03 -0.15054E+02  0.00000E+00  0.16887E+02  0.53810E+01  0.82551E+01  0.29481E+00   2177  0.00000E+00      0.000
     329.0000  0.60960E-01  0.00000E+00  0.99840E-31  0.00000E+00 -0.26822E-06 -0.53822E+01  0.60480E+02 -0.79603E+01  0.26475E+02 -0.85518E-04 -0.10000E+07 -0.79611E+03 -0.15054E+02  0.00000E+00  0.16887E+02  0.53810E+01  0.82551E+01  0.29481E+00   2179  0.00000E+00      0.000
     330.0000  0.58420E-01  0.00000E+00  0.99840E-31  0.00000E+00 -0.26822E-06 -0.53238E+01  0.60480E+02 -0.79603E+01  0.26475E+02 -0.85786E-04 -0.10000E+07 -0.79611E+03 -0.15055E+02  0.00000E+00  0.16887E+02  0.53810E+01  0.82551E+01  0.29481E+00   2181  0.00000E+00      0.000
     331.0000  0.18288E+00  0.00000E+00  0.99840E-31  0.00000E+00 -0.26822E-06 -0.51409E+01  0.60480E+02 -0.79603E+01  0.26475E+02 -0.86054E-04 -0.10000E+07 -0.79611E+03 -0.15055E+02  0.00000E+00  0.16887E+02  0.53810E+01  0.82551E+01  0.29481E+00   2183  0.00000E+00      0.000
     332.0000  0.28194E+00  0.00000E+00  0.99840E-31  0.00000E+00 -0.26822E-06 -0.48590E+01  0.60480E+02 -0.79603E+01  0.26475E+02 -0.86322E-04 -0.10000E+07 -0.79611E+03 -0.15055E+02  0.00000E+00  0.16887E+02  0.53810E+01  0.82551E+01  0.29481E+00   2185  0.00000E+00      0.000
     333.0000  0.10668E+00  0.00000E+00  0.99840E-31  0.00000E+00 -0.26822E-06 -0.47523E+01  0.60480E+02 -0.79603E+01  0.26475E+02 -0.86591E-04 -0.10000E+07 -0.79611E+03 -0.15055E+02  0.00000E+00  0.16887E+02  0.53810E+01  0.82551E+01  0.29481E+00   2187  0.00000E+00      0.000
     334.0000  0.25400E-01  0.00000E+00  0.99840E-31  0.00000E+00 -0.26822E-06 -0.47269E+01  0.60480E+02 -0.79603E+01  0.26475E+02 -0.86859E-04 -0.10000E+07 -0.79611E+03 -0.15055E+02  0.00000E+00  0.16887E+02  0.53810E+01  0.82551E+01  0.29481E+00   2189  0.00000E+00      0.000
     335.0000  0.11430E+00  0.00000E+00  0.99840E-31  0.00000E+00 -0.26822E-06 -0.46126E+01  0.60480E+02 -0.79603E+01  0.26475E+02 -0.87127E-04 -0.10000E+07 -0.79611E+03 -0.15055E+02  0.00000E+00  0.16887E+02  0.53810E+01  0.82551E+01  0.29481E+00   2191  0.00000E+00      0.000
     336.0000  0.16510E+00  0.00000E+00  0.99840E-31  0.00000E+00 -0.26822E-06 -0.44475E+01  0.60480E+02 -0.79603E+01  0.26475E+02 -0.87395E-04 -0.10000E+07 -0.79611E+03 -0.15056E+02  0.00000E+00  0.16887E+02  0.53810E+01  0.82551E+01  0.29481E+00   2193  0.00000E+00      0.000
     337.0000  0.17018E+00  0.00000E+00  0.99840E-31  0.00000E+00 -0.26822E-06 -0.42773E+01  0.60480E+02 -0.79603E+01  0.26475E+02 -0.87664E-04 -0.10000E+07 -0.79611E+03 -0.15056E+02  0.00000E+00  0.16887E+02  0.53810E+01  0.82551E+01  0.29481E+00   2195  0.00000E+00      0.000
     338.0000  0.16256E+00  0.00000E+00  0.99840E-31  0.00000E+00 -0.26822E-06 -0.41147E+01  0.60480E+02 -0.79603E+01  0.26475E+02 -0.87932E-04 -0.10000E+07 -0.79611E+03 -0.15056E+02  0.00000E+00  0.16887E+02  0.53810E+01  0.82551E+01  0.29481E+00   2197  0.00000E+00      0.000
     339.0000  0.33782E+00  0.00000E+00  0.99840E-31  0.00000E+00 -0.26822E-06 -0.37769E+01  0.60480E+02 -0.79603E+01  0.26475E+02 -0.88200E-04 -0.10000E+07 -0.79611E+03 -0.15056E+02  0.00000E+00  0.16887E+02  0.53810E+01  0.82551E+01  0.29481E+00   2199  0.00000E+00      0.000
     340.0000  0.25146E+00  0.00000E+00  0.99840E-31  0.00000E+00 -0.26822E-06 -0.35255E+01  0.60480E+02 -0.79603E+01  0.26475E+02 -0.88468E-04 -0.10000E+07 -0.79611E+03 -0.15056E+02  0.00000E+00  0.16887E+02  0.53810E+01  0.82551E+01  0.29481E+00   2201  0.00000E+00      0.000
     341.0000  0.91440E-01  0.00000E+00  0.99840E-31  0.00000E+00 -0.26822E-06 -0.34340E+01  0.60480E+02 -0.79603E+01  0.26475E+02 -0.88736E-04 -0.10000E+07 -0.79611E+03 -0.15056E+02  0.00000E+00  0.16887E+02  0.53809E+01  0.82551E+01  0.29481E+00   2203  0.00000E+00      0.000
     342.0000  0.33020E-01  0.00000E+00  0.99840E-31  0.00000E+00 -0.26822E-06 -0.34010E+01  0.60480E+02 -0.79603E+01  0.26475E+02 -0.89005E-04 -0.10000E+07 -0.79611E+03 -0.15057E+02  0.00000E+00  0.16887E+02  0.53809E+01  0.82551E+01  0.29481E+00   2205  0.00000E+00      0.000
     343.0000  0.13970E+00  0.00000E+00  0.99840E-31  0.00000E+00 -0.26822E-06 -0.32613E+01  0.60480E+02 -0.79603E+01  0.26475E+02 -0.89273E-04 -0.10000E+07 -0.79611E+03 -0.15057E+02  0.00000E+00  0.16887E+02  0.53809E+01  0.82551E+01  0.29481E+00   2207  0.00000E+00      0.000
     344.0000  0.21082E+00  0.00000E+00  0.99840E-31  0.00000E+00 -0.26822E-06 -0.30505E+01  0.60480E+02 -0.79603E+01  0.26475E+02 -0.89541E-04 -0.10000E+07 -0.79611E+03 -0.15057E+02  0.00000E+00  0.16887E+02  0.53809E+01  0.82551E+01  0.29481E+00   2209  0.00000E+00      0.000
     345.0000  0.45720E-01  0.00000E+00  0.99840E-31  0.00000E+00 -0.26822E-06 -0.30048E+01  0.60480E+02 -0.79603E+01  0.26475E+02 -0.89809E-04 -0.10000E+07 -0.79611E+03 -0.15057E+02  0.00000E+00  0.16887E+02  0.53809E+01  0.82551E+01  0.29481E+00   2211  0.00000E+00      0.000
     346.0000  0.40640E-01  0.00000E+00  0.99840E-31  0.00000E+00 -0.26822E-06 -0.29641E+01  0.60480E+02 -0.79603E+01  0.26475E+02 -0.90078E-04 -0.10000E+07 -0.79611E+03 -0.15057E+02  0.00000E+00  0.16887E+02  0.53809E+01  0.82551E+01  0.29481E+00   2213  0.00000E+00      0.000
     347.0000  0.13716E+00  0.00000E+00  0.99840E-31  0.00000E+00 -0.26822E-06 -0.28270E+01  0.60480E+02 -0.79603E+01  0.26475E+02 -0.90346E-04 -0.10000E+07 -0.79611E+03 -0.15057E+02  0.00000E+00  0.16887E+02  0.53809E+01  0.82551E+01  0.29481E+00   2215  0.00000E+00      0.000
     348.0000  0.11684E+00  0.00000E+00  0.99840E-31  0.00000E+00 -0.26822E-06 -0.27101E+01  0.60480E+02 -0.79603E+01  0.26475E+02 -0.90614E-04 -0.10000E+07 -0.79611E+03 -0.15058E+02  0.00000E+00  0.16887E+02  0.53809E+01  0.82551E+01  0.29481E+00   2217  0.00000E+00      0.000
     349.0000  0.10668E+00  0.00000E+00  0.99840E-31  0.00000E+00 -0.26822E-06 -0.26034E+01  0.60480E+02 -0.79603E+01  0.26475E+02 -0.90882E-04 -0.10000E+07 -0.79611E+03 -0.15058E+02  0.00000E+00  0.16887E+02  0.53809E+01  0.82551E+01  0.29481E+00   2219  0.00000E+00      0.000
     350.0000  0.33020E+00  0.00000E+00  0.99840E-31  0.00000E+00 -0.26822E-06 -0.22732E+01  0.60480E+02 -0.79603E+01  0.26475E+02 -0.91150E-04 -0.10000E+07 -0.79611E+03 -0.15058E+02  0.00000E+00  0.16887E+02  0.53809E+01  0.82551E+01  0.29481E+00   2221  0.00000E+00      0.000
     351.0000  0.66040E-01  0.00000E+00  0.99840E-31  0.00000E+00 -0.26822E-06 -0.22072E+01  0.60480E+02 -0.79603E+01  0.26475E+02 -0.91419E-04 -0.10000E+07 -0.79611E+03 -0.15058E+02  0.00000E+00  0.16887E+02  0.53809E+01  0.82551E+01  0.29481E+00   2223  0.00000E+00      0.000
     352.0000  0.22860E+00  0.00000E+00  0.99840E-31  0.00000E+00 -0.26822E-06 -0.19786E+01  0.60480E+02 -0.79603E+01  0.26475E+02 -0.91687E-04 -0.10000E+07 -0.79611E+03 -0.15058E+02  0.00000E+00  0.16887E+02  0.53809E+01  0.82551E+01  0.29481E+00   2225  0.00000E+00      0.000
     353.0000  0.19304E+00  0.00000E+00  0.99840E-31  0.00000E+00 -0.26822E-06 -0.17856E+01  0.60480E+02 -0.79603E+01  0.26475E+02 -0.91955E-04 -0.10000E+07 -0.79611E+03 -0.15058E+02  0.00000E+00  0.16887E+02  0.53809E+01  0.82551E+01  0.29481E+00   2227  0.00000E+00      0.000
     354.0000  0.20574E+00  0.00000E+00  0.99840E-31  0.00000E+00 -0.26822E-06 -0.15798E+01  0.60480E+02 -0.79603E+01  0.26475E+02 -0.92223E-04 -0.10000E+07 -0.79611E+03 -0.15059E+02  0.00000E+00  0.16887E+02  0.53809E+01  0.82551E+01  0.29481E+00   2229  0.00000E+00      0.000
     355.0000  0.16510E+00  0.00000E+00  0.99840E-31  0.00000E+00 -0.26822E-06 -0.14147E+01  0.60480E+02 -0.79603E+01  0.26475E+02 -0.92492E-04 -0.10000E+07 -0.79611E+03 -0.15059E+02  0.00000E+00  0.16887E+02  0.53809E+01  0.82551E+01  0.29481E+00   2231  0.00000E+00      0.000
     356.0000  0.20320E+00  0.00000E+00  0.99840E-31  0.00000E+00 -0.26822E-06 -0.12115E+01  0.60480E+02 -0.79603E+01  0.26475E+02 -0.92760E-04 -0.10000E+07 -0.79611E+03 -0.15059E+02  0.00000E+00  0.16887E+02  0.53809E+01  0.82551E+01  0.29481E+00   2233  0.00000E+00      0.000
     357.0000  0.73660E-01  0.00000E+00  0.99840E-31  0.00000E+00 -0.26822E-06 -0.11379E+01  0.60480E+02 -0.79603E+01  0.26475E+02 -0.93028E-04 -0.10000E+07 -0.79611E+03 -0.15059E+02  0.00000E+00  0.16887E+02  0.53809E+01  0.82551E+01  0.29481E+00   2235  0.00000E+00      0.000
     358.0000  0.76200E-01  0.00000E+00  0.99840E-31  0.00000E+00 -0.26822E-06 -0.10617E+01  0.60480E+02 -0.79603E+01  0.26475E+02 -0.93296E-04 -0.10000E+07 -0.79611E+03 -0.15059E+02  0.00000E+00  0.16887E+02  0.53809E+01  0.82551E+01  0.29481E+00   2237  0.00000E+00      0.000
     359.0000  0.12954E+00  0.00000E+00  0.99840E-31  0.00000E+00 -0.26822E-06 -0.93213E+00  0.60480E+02 -0.79603E+01  0.26475E+02 -0.93564E-04 -0.10000E+07 -0.79611E+03 -0.15059E+02  0.00000E+00  0.16887E+02  0.53809E+01  0.82551E+01  0.29481E+00   2239  0.00000E+00      0.000
     360.0000  0.16510E+00  0.00000E+00  0.99840E-31  0.00000E+00 -0.26822E-06 -0.76703E+00  0.60480E+02 -0.79603E+01  0.26475E+02 -0.93833E-04 -0.10000E+07 -0.79611E+03 -0.15060E+02  0.00000E+00  0.16887E+02  0.53809E+01  0.82551E+01  0.29481E+00   2241  0.00000E+00      0.000
     361.0000  0.91440E-01  0.00000E+00  0.99840E-31  0.00000E+00 -0.26822E-06 -0.67559E+00  0.60480E+02 -0.79603E+01  0.26475E+02 -0.94101E-04 -0.10000E+07 -0.79611E+03 -0.15060E+02  0.00000E+00  0.16887E+02  0.53809E+01  0.82551E+01  0.29481E+00   2243  0.00000E+00      0.000
     362.0000  0.19050E+00  0.00000E+00  0.99840E-31  0.00000E+00 -0.26822E-06 -0.48509E+00  0.60480E+02 -0.79603E+01  0.26475E+02 -0.94369E-04 -0.10000E+07 -0.79611E+03 -0.15060E+02  0.00000E+00  0.16887E+02  0.53809E+01  0.82551E+01  0.29481E+00   2245  0.00000E+00      0.000
     363.0000  0.78740E-01  0.00000E+00  0.99840E-31  0.00000E+00 -0.26822E-06 -0.40635E+00  0.60480E+02 -0.79603E+01  0.26475E+02 -0.94637E-04 -0.10000E+07 -0.79611E+03 -0.15060E+02  0.00000E+00  0.16887E+02  0.53809E+01  0.82551E+01  0.29481E+00   2247  0.00000E+00      0.000
     364.0000  0.33020E-01  0.00000E+00  0.99840E-31  0.00000E+00 -0.26822E-06 -0.37333E+00  0.60480E+02 -0.79603E+01  0.26475E+02 -0.94905E-04 -0.10000E+07 -0.79611E+03 -0.15060E+02  0.00000E+00  0.16887E+02  0.53809E+01  0.82551E+01  0.29481E+00   2249  0.00000E+00      0.000
     365.0000  0.10668E+00  0.00000E+00  0.99840E-31  0.00000E+00 -0.26822E-06 -0.26665E+00  0.60480E+02 -0.79603E+01  0.26475E+02 -0.95174E-04 -0.10000E+07 -0.79611E+03 -0.15060E+02  0.00000E+00  0.16887E+02  0.53809E+01  0.82551E+01  0.29481E+00   2251  0.00000E+00      0.000
     366.0000  0.12700E+00  0.00000E+00  0.99840E-31  0.00000E+00 -0.26822E-06 -0.13965E+00  0.60480E+02 -0.79603E+01  0.26475E+02 -0.95442E-04 -0.10000E+07 -0.79611E+03 -0.15061E+02  0.00000E+00  0.16887E+02  0.53809E+01  0.82551E+01  0.29481E+00   2253  0.00000E+00      0.000
     367.0000  0.11684E+00  0.00000E+00  0.99840E-31  0.00000E+00 -0.26822E-06 -0.22807E-01  0.60480E+02 -0.79603E+01  0.26475E+02 -0.95710E-04 -0.10000E+07 -0.79611E+03 -0.15061E+02  0.00000E+00  0.16887E+02  0.53809E+01  0.82551E+01  0.29481E+00   2255  0.00000E+00      0.000
     368.0000  0.40640E-01  0.00000E+00  0.99840E-31  0.00000E+00 -0.26822E-06  0.17833E-01  0.60480E+02 -0.79603E+01  0.26475E+02 -0.95978E-04 -0.10000E+07 -0.79611E+03 -0.15061E+02  0.00000E+00  0.16887E+02  0.53809E+01  0.82551E+01  0.29481E+00   2257  0.00000E+00      0.000
     369.0000  0.11176E+00  0.00000E+00  0.99840E-31  0.00000E+00 -0.26822E-06  0.12959E+00  0.60480E+02 -0.79603E+01  0.26475E+02 -0.96247E-04 -0.10000E+07 -0.79611E+03 -0.15061E+02  0.00000E+00  0.16887E+02  0.53809E+01  0.82551E+01  0.29481E+00   2259  0.00000E+00      0.000
     370.0000  0.91440E-01  0.00000E+00  0.99840E-31  0.00000E+00 -0.26822E-06  0.22103E+00  0.60480E+02 -0.79603E+01  0.26475E+02 -0.96515E-04 -0.10000E+07 -0.79611E+03 -0.15061E+02  0.00000E+00  0.16887E+02  0.53809E+01  0.82551E+01  0.29481E+00   2261  0.00000E+00      0.000
     371.0000  0.15240E+00  0.00000E+00  0.99840E-31  0.00000E+00 -0.26822E-06  0.37343E+00  0.60480E+02 -0.79603E+01  0.26475E+02 -0.96783E-04 -0.10000E+07 -0.79611E+03 -0.15062E+02  0.00000E+00  0.16887E+02  0.53809E+01  0.82551E+01  0.29481E+00   2263  0.00000E+00      0.000
     372.0000  0.27940E-01  0.00000E+00  0.99840E-31  0.00000E+00 -0.26822E-06  0.40137E+00  0.60480E+02 -0.79603E+01  0.26475E+02 -0.97051E-04 -0.10000E+07 -0.79611E+03 -0.15062E+02  0.00000E+00  0.16887E+02  0.53809E+01  0.82551E+01  0.29481E+00   2265  0.00000E+00      0.000
     373.0000  0.83820E-01  0.00000E+00  0.99840E-31  0.00000E+00 -0.26822E-06  0.48519E+00  0.60480E+02 -0.79603E+01  0.26475E+02 -0.97319E-04 -0.10000E+07 -0.79611E+03 -0.15062E+02  0.00000E+00  0.16887E+02  0.53809E+01  0.82551E+01  0.29481E+00   2267  0.00000E+00      0.000
     374.0000  0.19050E+00  0.00000E+00  0.99840E-31  0.00000E+00 -0.26822E-06  0.67569E+00  0.60480E+02 -0.79603E+01  0.26475E+02 -0.97588E-04 -0.10000E+07 -0.79611E+03 -0.15062E+02  0.00000E+00  0.16887E+02  0.53809E+01  0.82551E+01  0.29481E+00   2269  0.00000E+00      0.000
     375.0000  0.38100E-01  0.00000E+00  0.99840E-31  0.00000E+00 -0.26822E-06  0.71379E+00  0.60480E+02 -0.79603E+01  0.26475E+02 -0.97856E-04 -0.10000E+07 -0.79611E+03 -0.15062E+02  0.00000E+00  0.16887E+02  0.53809E+01  0.82551E+01  0.29481E+00   2271  0.00000E+00      0.000
     376.0000  0.15240E-01  0.00000E+00  0.99840E-31  0.00000E+00 -0.26822E-06  0.72903E+00  0.60480E+02 -0.79603E+01  0.26475E+02 -0.98124E-04 -0.10000E+07 -0.79611E+03 -0.15062E+02  0.00000E+00  0.16887E+02  0.53809E+01  0.82551E+01  0.29481E+00   2273  0.00000E+00      0.000
     377.0000  0.50800E-02  0.00000E+00  0.99840E-31  0.00000E+00 -0.26822E-06  0.73411E+00  0.60480E+02 -0.79603E+01  0.26475E+02 -0.98392E-04 -0.10000E+07 -0.79611E+03 -0.15063E+02  0.00000E+00  0.16887E+02  0.53809E+01  0.82551E+01  0.29481E+00   2275  0.00000E+00      0.000
     378.0000  0.76200E-02  0.00000E+00  0.99840E-31  0.00000E+00 -0.26822E-06  0.74173E+00  0.60480E+02 -0.79603E+01  0.26475E+02 -0.98661E-04 -0.10000E+07 -0.79611E+03 -0.15063E+02  0.00000E+00  0.16887E+02  0.53809E+01  0.82551E+01  0.29481E+00   2277  0.00000E+00      0.000
     379.0000  0.50800E-02  0.00000E+00  0.99840E-31  0.00000E+00 -0.26822E-06  0.74681E+00  0.60480E+02 -0.79603E+01  0.26475E+02 -0.98929E-04 -0.10000E+07 -0.79611E+03 -0.15063E+02  0.00000E+00  0.16887E+02  0.53809E+01  0.82551E+01  0.29481E+00   2279  0.00000E+00      0.000
     380.0000  0.20320E-01  0.00000E+00  0.99840E-31  0.00000E+00 -0.26822E-06  0.76713E+00  0.60480E+02 -0.79603E+01  0.26475E+02 -0.99197E-04 -0.10000E+07 -0.79611E+03 -0.15063E+02  0.00000E+00  0.16887E+02  0.53809E+01  0.82551E+01  0.29481E+00   2281  0.00000E+00      0.000
     381.0000  0.78740E-01  0.00000E+00  0.99840E-31  0.00000E+00 -0.26822E-06  0.84587E+00  0.60480E+02 -0.79603E+01  0.26475E+02 -0.99465E-04 -0.10000E+07 -0.79611E+03 -0.15063E+02  0.00000E+00  0.16887E+02  0.53809E+01  0.82551E+01  0.29481E+00   2283  0.00000E+00      0.000
     382.0000  0.17780E-01  0.00000E+00  0.99840E-31  0.00000E+00 -0.26822E-06  0.86365E+00  0.60480E+02 -0.79603E+01  0.26475E+02 -0.99733E-04 -0.10000E+07 -0.79611E+03 -0.15063E+02  0.00000E+00  0.16887E+02  0.53809E+01  0.82551E+01  0.29481E+00   2285  0.00000E+00      0.000
     383.0000  0.16510E-01  0.00000E+00  0.99840E-31  0.00000E+00 -0.26822E-06  0.88016E+00  0.60480E+02 -0.79603E+01  0.26475E+02 -0.10000E-03 -0.10000E+07 -0.79611E+03 -0.15064E+02  0.00000E+00  0.16887E+02  0.53809E+01  0.82551E+01  0.29481E+00   2287  0.00000E+00      0.000
     384.0000  0.15240E-01  0.00000E+00  0.99840E-31  0.00000E+00 -0.26822E-06  0.89540E+00  0.60480E+02 -0.79603E+01  0.26475E+02 -0.10027E-03 -0.10000E+07 -0.79611E+03 -0.15064E+02  0.00000E+00  0.16887E+02  0.53809E+01  0.82551E+01  0.29481E+00   2289  0.00000E+00      0.000
     385.0000  0.11430E+00  0.00000E+00  0.99840E-31  0.00000E+00 -0.26822E-06  0.10097E+01  0.60480E+02 -0.79603E+01  0.26475E+02 -0.10054E-03 -0.10000E+07 -0.79611E+03 -0.15064E+02  0.00000E+00  0.16887E+02  0.53809E+01  0.82551E+01  0.29481E+00   2291  0.00000E+00      0.000
     386.0000  0.12954E+00  0.00000E+00  0.99840E-31  0.00000E+00 -0.26822E-06  0.11392E+01  0.60480E+02 -0.79603E+01  0.26475E+02 -0.10081E-03 -0.10000E+07 -0.79611E+03 -0.15064E+02  0.00000E+00  0.16887E+02  0.53809E+01  0.82551E+01  0.29481E+00   2293  0.00000E+00      0.000
     387.0000  0.38100E-01  0.00000E+00  0.99840E-31  0.00000E+00 -0.26822E-06  0.11773E+01  0.60480E+02 -0.79603E+01  0.26475E+02 -0.10107E-03 -0.10000E+07 -0.79611E+03 -0.15064E+02  0.00000E+00  0.16887E+02  0.53809E+01  0.82551E+01  0.29481E+00   2295  0.00000E+00      0.000
     388.0000  0.15494E+00  0.00000E+00  0.99840E-31  0.00000E+00 -0.26822E-06  0.13323E+01  0.60480E+02 -0.79603E+01  0.26475E+02 -0.10134E-03 -0.10000E+07 -0.79611E+03 -0.15064E+02  0.00000E+00  0.16887E+02  0.53809E+01  0.82551E+01  0.29481E+00   2297  0.00000E+00      0.000
     389.0000  0.14732E+00  0.00000E+00  0.99840E-31  0.00000E+00 -0.26822E-06  0.14796E+01  0.60480E+02 -0.79603E+01  0.26475E+02 -0.10161E-03 -0.10000E+07 -0.79611E+03 -0.15065E+02  0.00000E+00  0.16887E+02  0.53809E+01  0.82551E+01  0.29481E+00   2299  0.00000E+00      0.000
     390.0000  0.16510E+00  0.00000E+00  0.99840E-31  0.00000E+00 -0.26822E-06  0.16447E+01  0.60480E+02 -0.79603E+01  0.26475E+02 -0.10188E-03 -0.10000E+07 -0.79611E+03 -0.15065E+02  0.00000E+00  0.16887E+02  0.53809E+01  0.82551E+01  0.29481E+00   2301  0.00000E+00      0.000
     391.0000  0.19304E+00  0.00000E+00  0.99840E-31  0.00000E+00 -0.26822E-06  0.18377E+01  0.60480E+02 -0.79603E+01  0.26475E+02 -0.10215E-03 -0.10000E+07 -0.79611E+03 -0.15065E+02  0.00000E+00  0.16887E+02  0.53809E+01  0.82551E+01  0.29481E+00   2303  0.00000E+00      0.000
     392.0000  0.20574E+00  0.00000E+00  0.99840E-31  0.00000E+00 -0.26822E-06  0.20435E+01  0.60480E+02 -0.79603E+01  0.26475E+02 -0.10242E-03 -0.10000E+07 -0.79611E+03 -0.15065E+02  0.00000E+00  0.16887E+02  0.53809E+01  0.82551E+01  0.29481E+00   2305  0.00000E+00      0.000
     393.0000  0.26162E+00  0.00000E+00  0.99840E-31  0.00000E+00 -0.26822E-06  0.23051E+01  0.60480E+02 -0.79603E+01  0.26475E+02 -0.10268E-03 -0.10000E+07 -0.79611E+03 -0.15065E+02  0.00000E+00  0.16887E+02  0.53809E+01  0.82551E+01  0.29481E+00   2307  0.00000E+00      0.000
     394.0000  0.22352E+00  0.00000E+00  0.99840E-31  0.00000E+00 -0.26822E-06  0.25286E+01  0.60480E+02 -0.79603E+01  0.26475E+02 -0.10295E-03 -0.10000E+07 -0.79611E+03 -0.15065E+02  0.00000E+00  0.16887E+02  0.53809E+01  0.82551E+01  0.29481E+00   2309  0.00000E+00      0.000
     395.0000  0.24892E+00  0.00000E+00  0.99840E-31  0.00000E+00 -0.26822E-06  0.27775E+01  0.60480E+02 -0.79603E+01  0.26475E+02 -0.10322E-03 -0.10000E+07 -0.79611E+03 -0.15066E+02  0.00000E+00  0.16887E+02  0.53809E+01  0.82551E+01  0.29481E+00   2311  0.00000E+00      0.000
     396.0000  0.24130E+00  0.00000E+00  0.99840E-31  0.00000E+00 -0.26822E-06  0.30188E+01  0.60480E+02 -0.79603E+01  0.26475E+02 -0.10349E-03 -0.10000E+07 -0.79611E+03 -0.15066E+02  0.00000E+00  0.16887E+02  0.53809E+01  0.82551E+01  0.29481E+00   2313  0.00000E+00      0.000
     397.0000  0.19558E+00  0.00000E+00  0.99840E-31  0.00000E+00 -0.26822E-06  0.32144E+01  0.60480E+02 -0.79603E+01  0.26475E+02 -0.10376E-03 -0.10000E+07 -0.79611E+03 -0.15066E+02  0.00000E+00  0.16887E+02  0.53809E+01  0.82551E+01  0.29481E+00   2315  0.00000E+00      0.000
     398.0000  0.81280E-01  0.00000E+00  0.99840E-31  0.00000E+00 -0.26822E-06  0.32957E+01  0.60480E+02 -0.79603E+01  0.26475E+02 -0.10403E-03 -0.10000E+07 -0.79611E+03 -0.15066E+02  0.00000E+00  0.16887E+02  0.53809E+01  0.82551E+01  0.29481E+00   2317  0.00000E+00      0.000
     399.0000  0.30480E-01  0.00000E+00  0.99840E-31  0.00000E+00 -0.26822E-06  0.33262E+01  0.60480E+02 -0.79603E+01  0.26475E+02 -0.10429E-03 -0.10000E+07 -0.79611E+03 -0.15066E+02  0.00000E+00  0.16887E+02  0.53809E+01  0.82551E+01  0.29481E+00   2319  0.00000E+00      0.000
     400.0000  0.38100E-01  0.00000E+00  0.99840E-31  0.00000E+00 -0.26822E-06  0.33643E+01  0.60480E+02 -0.79603E+01  0.26475E+02 -0.10456E-03 -0.10000E+07 -0.79611E+03 -0.15066E+02  0.00000E+00  0.16887E+02  0.53809E+01  0.82551E+01  0.29481E+00   2321  0.00000E+00      0.000
     401.0000  0.45720E-01  0.00000E+00  0.99840E-31  0.00000E+00 -0.26822E-06  0.34100E+01  0.60480E+02 -0.79603E+01  0.26475E+02 -0.10483E-03 -0.10000E+07 -0.79611E+03 -0.15067E+02  0.00000E+00  0.16887E+02  0.53809E+01  0.82551E+01  0.29481E+00   2323  0.00000E+00      0.000
     402.0000  0.27940E-01  0.00000E+00  0.99840E-31  0.00000E+00 -0.26822E-06  0.34379E+01  0.60480E+02 -0.79603E+01  0.26475E+02 -0.10510E-03 -0.10000E+07 -0.79611E+03 -0.15067E+02  0.00000E+00  0.16887E+02  0.53809E+01  0.82551E+01  0.29481E+00   2325  0.00000E+00      0.000
     403.0000  0.33020E-01  0.00000E+00  0.99840E-31  0.00000E+00 -0.26822E-06  0.34710E+01  0.60480E+02 -0.79603E+01  0.26475E+02 -0.10537E-03 -0.10000E+07 -0.79611E+03 -0.15067E+02  0.00000E+00  0.16887E+02  0.53809E+01  0.82551E+01  0.29481E+00   2327  0.00000E+00      0.000
     404.0000  0.38100E-01  0.00000E+00  0.99840E-31  0.00000E+00 -0.26822E-06  0.35091E+01  0.60480E+02 -0.79603E+01  0.26475E+02 -0.10563E-03 -0.10000E+07 -0.79611E+03 -0.15067E+02  0.00000E+00  0.16887E+02  0.53809E+01  0.82551E+01  0.29481E+00   2329  0.00000E+00      0.000
     405.0000  0.38100E-01  0.00000E+00  0.99840E-31  0.00000E+00 -0.26822E-06  0.35472E+01  0.60480E+02 -0.79603E+01  0.26475E+02 -0.10590E-03 -0.10000E+07 -0.79611E+03 -0.15067E+02  0.00000E+00  0.16887E+02  0.53809E+01  0.82551E+01  0.29481E+00   2331  0.00000E+00      0.000
     406.0000  0.68580E-01  0.00000E+00  0.99840E-31  0.00000E+00 -0.26822E-06  0.36157E+01  0.60480E+02 -0.79603E+01  0.26475E+02 -0.10617E-03 -0.10000E+07 -0.79611E+03 -0.15067E+02  0.00000E+00  0.16887E+02  0.53809E+01  0.82551E+01  0.29481E+00   2333  0.00000E+00      0.000
     407.0000  0.76200E-01  0.00000E+00  0.99840E-31  0.00000E+00 -0.26822E-06  0.36919E+01  0.60480E+02 -0.79603E+01  0.26475E+02 -0.10644E-03 -0.10000E+07 -0.79611E+03 -0.15068E+02  0.00000E+00  0.16887E+02  0.53809E+01  0.82551E+01  0.29481E+00   2335  0.00000E+00      0.000
     408.0000  0.71120E-01  0.00000E+00  0.99840E-31  0.00000E+00 -0.26822E-06  0.37631E+01  0.60480E+02 -0.79603E+01  0.26475E+02 -0.10671E-03 -0.10000E+07 -0.79611E+03 -0.15068E+02  0.00000E+00  0.16887E+02  0.53809E+01  0.82551E+01  0.29481E+00   2337  0.00000E+00      0.000
     409.0000  0.35560E-01  0.00000E+00  0.99840E-31  0.00000E+00 -0.26822E-06  0.37986E+01  0.60480E+02 -0.79603E+01  0.26475E+02 -0.10698E-03 -0.10000E+07 -0.79611E+03 -0.15068E+02  0.00000E+00  0.16887E+02  0.53809E+01  0.82551E+01  0.29481E+00   2339  0.00000E+00      0.000
     410.0000  0.31750E-01  0.00000E+00  0.99840E-31  0.00000E+00 -0.26822E-06  0.38304E+01  0.60480E+02 -0.79603E+01  0.26475E+02 -0.10724E-03 -0.10000E+07 -0.79611E+03 -0.15068E+02  0.00000E+00  0.16887E+02  0.53809E+01  0.82551E+01  0.29481E+00   2341  0.00000E+00      0.000
     411.0000  0.27940E-01  0.00000E+00  0.99840E-31  0.00000E+00 -0.26822E-06  0.38583E+01  0.60480E+02 -0.79603E+01  0.26475E+02 -0.10751E-03 -0.10000E+07 -0.79611E+03 -0.15068E+02  0.00000E+00  0.16887E+02  0.53809E+01  0.82551E+01  0.29481E+00   2343  0.00000E+00      0.000
     412.0000  0.33020E-01  0.00000E+00  0.99840E-31  0.00000E+00 -0.26822E-06  0.38913E+01  0.60480E+02 -0.79603E+01  0.26475E+02 -0.10778E-03 -0.10000E+07 -0.79611E+03 -0.15068E+02  0.00000E+00  0.16887E+02  0.53809E+01  0.82551E+01  0.29481E+00   2345  0.00000E+00      0.000
     413.0000  0.88900E-01  0.00000E+00  0.99840E-31  0.00000E+00 -0.26822E-06  0.39802E+01  0.60480E+02 -0.79603E+01  0.26475E+02 -0.10805E-03 -0.10000E+07 -0.79611E+03 -0.15069E+02  0.00000E+00  0.16887E+02  0.53809E+01  0.82551E+01  0.29481E+00   2347  0.00000E+00      0.000
     414.0000  0.15240E+00  0.00000E+00  0.99840E-31  0.00000E+00 -0.26822E-06  0.41326E+01  0.60480E+02 -0.79603E+01  0.26475E+02 -0.10832E-03 -0.10000E+07 -0.79611E+03 -0.15069E+02  0.00000E+00  0.16887E+02  0.53809E+01  0.82551E+01  0.29481E+00   2349  0.00000E+00      0.000
     415.0000  0.10160E+00  0.00000E+00  0.99840E-31  0.00000E+00 -0.26822E-06  0.42342E+01  0.60480E+02 -0.79603E+01  0.26475E+02 -0.10858E-03 -0.10000E+07 -0.79611E+03 -0.15069E+02  0.00000E+00  0.16887E+02  0.53809E+01  0.82551E+01  0.29481E+00   2351  0.00000E+00      0.000
     416.0000  0.17526E+00  0.00000E+00  0.99840E-31  0.00000E+00 -0.23842E-06  0.44095E+01  0.60480E+02 -0.79603E+01  0.26475E+02 -0.10884E-03 -0.10000E+07 -0.79611E+03 -0.15069E+02  0.00000E+00  0.16887E+02  0.53809E+01  0.82551E+01  0.29481E+00   2353  0.00000E+00      0.000
     417.0000  0.13462E+00  0.00000E+00  0.99840E-31  0.00000E+00 -0.26822E-06  0.45441E+01  0.60480E+02 -0.79603E+01  0.26475E+02 -0.10909E-03 -0.10000E+07 -0.79611E+03 -0.15069E+02  0.00000E+00  0.16887E+02  0.53809E+01  0.82551E+01  0.29481E+00   2355  0.00000E+00      0.000
     418.0000  0.12700E+00  0.00000E+00  0.99840E-31  0.00000E+00 -0.23842E-06  0.46711E+01  0.60480E+02 -0.79603E+01  0.26475E+02 -0.10934E-03 -0.10000E+07 -0.79611E+03 -0.15069E+02  0.00000E+00  0.16887E+02  0.53809E+01  0.82551E+01  0.29481E+00   2357  0.00000E+00      0.000
     419.0000  0.20066E+00  0.00000E+00  0.99840E-31  0.00000E+00 -0.26822E-06  0.48718E+01  0.60480E+02 -0.79603E+01  0.26475E+02 -0.10960E-03 -0.10000E+07 -0.79611E+03 -0.15070E+02  0.00000E+00  0.16887E+02  0.53809E+01  0.82551E+01  0.29481E+00   2359  0.00000E+00      0.000
     420.0000  0.17018E+00  0.00000E+00  0.99840E-31  0.00000E+00 -0.23842E-06  0.50420E+01  0.60480E+02 -0.79603E+01  0.26475E+02 -0.10985E-03 -0.10000E+07 -0.79611E+03 -0.15070E+02  0.00000E+00  0.16887E+02  0.53809E+01  0.82551E+01  0.29481E+00   2361  0.00000E+00      0.000
     421.0000  0.26162E+00  0.00000E+00  0.99840E-31  0.00000E+00 -0.26822E-06  0.53036E+01  0.60480E+02 -0.79603E+01  0.26475E+02 -0.11010E-03 -0.10000E+07 -0.79611E+03 -0.15070E+02  0.00000E+00  0.16887E+02  0.53809E+01  0.82551E+01  0.29481E+00   2363  0.00000E+00      0.000
     422.0000  0.93980E-01  0.00000E+00  0.99840E-31  0.00000E+00 -0.23842E-06  0.53976E+01  0.60480E+02 -0.79603E+01  0.26475E+02 -0.11036E-03 -0.10000E+07 -0.79611E+03 -0.15070E+02  0.00000E+00  0.16887E+02  0.53809E+01  0.82551E+01  0.29481E+00   2365  0.00000E+00      0.000
     423.0000  0.50800E-01  0.00000E+00  0.99840E-31  0.00000E+00 -0.23842E-06  0.54484E+01  0.60480E+02 -0.79603E+01  0.26475E+02 -0.11060E-03 -0.10000E+07 -0.79611E+03 -0.15070E+02  0.00000E+00  0.16887E+02  0.53809E+01  0.82551E+01  0.29481E+00   2367  0.00000E+00      0.000
     424.0000  0.22352E+00  0.00000E+00  0.99840E-31  0.00000E+00 -0.26822E-06  0.56719E+01  0.60480E+02 -0.79603E+01  0.26475E+02 -0.11086E-03 -0.10000E+07 -0.79611E+03 -0.15070E+02  0.00000E+00  0.16887E+02  0.53809E+01  0.82551E+01  0.29481E+00   2369  0.00000E+00      0.000
     425.0000  0.33020E+00  0.00000E+00  0.99840E-31  0.00000E+00 -0.23842E-06  0.60021E+01  0.60480E+02 -0.79603E+01  0.26475E+02 -0.11110E-03 -0.10000E+07 -0.79611E+03 -0.15071E+02  0.00000E+00  0.16887E+02  0.53809E+01  0.82551E+01  0.29481E+00   2371  0.00000E+00      0.000
     426.0000  0.19558E+00  0.00000E+00  0.99840E-31  0.00000E+00 -0.26822E-06  0.61977E+01  0.60480E+02 -0.79603E+01  0.26475E+02 -0.11137E-03 -0.10000E+07 -0.79611E+03 -0.15071E+02  0.00000E+00  0.16887E+02  0.53809E+01  0.82551E+01  0.29481E+00   2373  0.00000E+00      0.000
     427.0000  0.40640E-01  0.00000E+00  0.99840E-31  0.00000E+00 -0.23842E-06  0.62383E+01  0.60480E+02 -0.79603E+01  0.26475E+02 -0.11161E-03 -0.10000E+07 -0.79611E+03 -0.15071E+02  0.00000E+00  0.16887E+02  0.53809E+01  0.82551E+01  0.29481E+00   2375  0.00000E+00      0.000
     428.0000  0.43180E-01  0.00000E+00  0.99840E-31  0.00000E+00 -0.26822E-06  0.62815E+01  0.60480E+02 -0.79603E+01  0.26475E+02 -0.11188E-03 -0.10000E+07 -0.79611E+03 -0.15071E+02  0.00000E+00  0.16887E+02  0.53809E+01  0.82551E+01  0.29481E+00   2377  0.00000E+00      0.000
     429.0000  0.53340E-01  0.00000E+00  0.99840E-31  0.00000E+00 -0.23842E-06  0.63348E+01  0.60480E+02 -0.79603E+01  0.26475E+02 -0.11212E-03 -0.10000E+07 -0.79611E+03 -0.15071E+02  0.00000E+00  0.16887E+02  0.53809E+01  0.82551E+01  0.29481E+00   2379  0.00000E+00      0.000
     430.0000  0.91440E-01  0.00000E+00  0.99840E-31  0.00000E+00 -0.26822E-06  0.64263E+01  0.60480E+02 -0.79603E+01  0.26475E+02 -0.11238E-03 -0.10000E+07 -0.79611E+03 -0.15071E+02  0.00000E+00  0.16887E+02  0.53809E+01  0.82551E+01  0.29481E+00   2381  0.00000E+00      0.000
     431.0000  0.76200E-01  0.00000E+00  0.99840E-31  0.00000E+00 -0.23842E-06  0.65025E+01  0.60480E+02 -0.79603E+01  0.26475E+02 -0.11262E-03 -0.10000E+07 -0.79611E+03 -0.15072E+02  0.00000E+00  0.16887E+02  0.53809E+01  0.82551E+01  0.29481E+00   2383  0.00000E+00      0.000
     432.0000  0.11684E+00  0.00000E+00  0.99840E-31  0.00000E+00 -0.26822E-06  0.66193E+01  0.60480E+02 -0.79603E+01  0.26475E+02 -0.11289E-03 -0.10000E+07 -0.79611E+03 -0.15072E+02  0.00000E+00  0.16887E+02  0.53809E+01  0.82551E+01  0.29481E+00   2385  0.00000E+00      0.000
     433.0000  0.31750E+00  0.00000E+00  0.99840E-31  0.00000E+00 -0.23842E-06  0.69368E+01  0.60480E+02 -0.79603E+01  0.26475E+02 -0.11313E-03 -0.10000E+07 -0.79611E+03 -0.15072E+02  0.00000E+00  0.16887E+02  0.53809E+01  0.82551E+01  0.29481E+00   2387  0.00000E+00      0.000
     434.0000  0.41656E+00  0.00000E+00  0.99840E-31  0.00000E+00 -0.26822E-06  0.73534E+01  0.60480E+02 -0.79603E+01  0.26475E+02 -0.11340E-03 -0.10000E+07 -0.79611E+03 -0.15072E+02  0.00000E+00  0.16887E+02  0.53809E+01  0.82551E+01  0.29481E+00   2389  0.00000E+00      0.000
     435.0000  0.31242E+00  0.00000E+00  0.99840E-31  0.00000E+00 -0.23842E-06  0.76658E+01  0.60480E+02 -0.79603E+01  0.26475E+02 -0.11364E-03 -0.10000E+07 -0.79611E+03 -0.15072E+02  0.00000E+00  0.16887E+02  0.53809E+01  0.82551E+01  0.29481E+00   2391  0.00000E+00      0.000
     436.0000  0.21590E+00  0.00000E+00  0.99840E-31  0.00000E+00 -0.26822E-06  0.78817E+01  0.60480E+02 -0.79603E+01  0.26475E+02 -0.11390E-03 -0.10000E+07 -0.79611E+03 -0.15072E+02  0.00000E+00  0.16887E+02  0.53809E+01  0.82551E+01  0.29481E+00   2393  0.00000E+00      0.000
     437.0000  0.23876E+00  0.00000E+00  0.99840E-31  0.00000E+00 -0.23842E-06  0.81204E+01  0.60480E+02 -0.79603E+01  0.26475E+02 -0.11414E-03 -0.10000E+07 -0.79611E+03 -0.15073E+02  0.00000E+00  0.16887E+02  0.53809E+01  0.82551E+01  0.29481E+00   2395  0.00000E+00      0.000
     438.0000  0.13716E+00  0.00000E+00  0.99840E-31  0.00000E+00 -0.26822E-06  0.82576E+01  0.60480E+02 -0.79603E+01  0.26475E+02 -0.11441E-03 -0.10000E+07 -0.79611E+03 -0.15073E+02  0.00000E+00  0.16887E+02  0.53809E+01  0.82551E+01  0.29481E+00   2397  0.00000E+00      0.000
     439.0000  0.13716E+00  0.00000E+00  0.99840E-31  0.00000E+00 -0.23842E-06  0.83948E+01  0.60480E+02 -0.79603E+01  0.26475E+02 -0.11465E-03 -0.10000E+07 -0.79611E+03 -0.15073E+02  0.00000E+00  0.16887E+02  0.53809E+01  0.82551E+01  0.29481E+00   2399  0.00000E+00      0.000
     440.0000  0.22098E+00  0.00000E+00  0.99840E-31  0.00000E+00 -0.26822E-06  0.86157E+01  0.60480E+02 -0.79603E+01  0.26475E+02 -0.11492E-03 -0.10000E+07 -0.79611E+03 -0.15073E+02  0.00000E+00  0.16887E+02  0.53809E+01  0.82551E+01  0.29481E+00   2401  0.00000E+00      0.000
     441.0000  0.16510E+00  0.00000E+00  0.99840E-31  0.00000E+00 -0.23842E-06  0.87808E+01  0.60480E+02 -0.79603E+01  0.26475E+02 -0.11517E-03 -0.10000E+07 -0.79611E+03 -0.15073E+02  0.00000E+00  0.16887E+02  0.53809E+01  0.82551E+01  0.29481E+00   2403  0.00000E+00      0.000
     442.0000  0.18288E+00  0.00000E+00  0.99840E-31  0.00000E+00 -0.26822E-06  0.89637E+01  0.60480E+02 -0.79603E+01  0.26475E+02 -0.11542E-03 -0.10000E+07 -0.79611E+03 -0.15073E+02  0.00000E+00  0.16887E+02  0.53809E+01  0.82551E+01  0.29481E+00   2405  0.00000E+00      0.000
     443.0000  0.29210E+00  0.00000E+00  0.99840E-31  0.00000E+00 -0.23842E-06  0.92558E+01  0.60480E+02 -0.79603E+01  0.26475E+02 -0.11568E-03 -0.10000E+07 -0.79611E+03 -0.15074E+02  0.00000E+00  0.16887E+02  0.53809E+01  0.82551E+01  0.29481E+00   2407  0.00000E+00      0.000
     444.0000  0.22098E+00  0.00000E+00  0.99840E-31  0.00000E+00 -0.26822E-06  0.94768E+01  0.60480E+02 -0.79603E+01  0.26475E+02 -0.11593E-03 -0.10000E+07 -0.79611E+03 -0.15074E+02  0.00000E+00  0.16887E+02  0.53809E+01  0.82551E+01  0.29481E+00   2409  0.00000E+00      0.000
     445.0000  0.66040E-01  0.00000E+00  0.99840E-31  0.00000E+00 -0.23842E-06  0.95428E+01  0.60480E+02 -0.79603E+01  0.26475E+02 -0.11618E-03 -0.10000E+07 -0.79611E+03 -0.15074E+02  0.00000E+00  0.16887E+02  0.53809E+01  0.82551E+01  0.29481E+00   2411  0.00000E+00      0.000
     446.0000  0.11430E+00  0.00000E+00  0.99840E-31  0.00000E+00 -0.26822E-06  0.96571E+01  0.60480E+02 -0.79603E+01  0.26475E+02 -0.11644E-03 -0.10000E+07 -0.79611E+03 -0.15074E+02  0.00000E+00  0.16887E+02  0.53809E+01  0.82551E+01  0.29481E+00   2413  0.00000E+00      0.000
     447.0000  0.68580E-01  0.00000E+00  0.99840E-31  0.00000E+00 -0.23842E-06  0.97257E+01  0.60480E+02 -0.79603E+01  0.26475E+02 -0.11669E-03 -0.10000E+07 -0.79611E+03 -0.15074E+02  0.00000E+00  0.16887E+02  0.53809E+01  0.82551E+01  0.29481E+00   2415  0.00000E+00      0.000
     448.0000  0.38100E-01  0.00000E+00  0.99840E-31  0.00000E+00 -0.26822E-06  0.97638E+01  0.60480E+02 -0.79603E+01  0.26475E+02 -0.11694E-03 -0.10000E+07 -0.79611E+03 -0.15074E+02  0.00000E+00  0.16887E+02  0.53809E+01  0.82551E+01  0.29481E+00   2417  0.00000E+00      0.000
     449.0000  0.78740E-01  0.00000E+00  0.99840E-31  0.00000E+00 -0.23842E-06  0.98426E+01  0.60480E+02 -0.79603E+01  0.26475E+02 -0.11720E-03 -0.10000E+07 -0.79611E+03 -0.15074E+02  0.00000E+00  0.16887E+02  0.53809E+01  0.82551E+01  0.29481E+00   2419  0.00000E+00      0.000
     450.0000  0.11938E+00  0.00000E+00  0.99840E-31  0.00000E+00 -0.26822E-06  0.99619E+01  0.60480E+02 -0.79603E+01  0.26475E+02 -0.11745E-03 -0.10000E+07 -0.79611E+03 -0.15075E+02  0.00000E+00  0.16887E+02  0.53809E+01  0.82551E+01  0.29481E+00   2421  0.00000E+00      0.000
     451.0000  0.13970E+00  0.00000E+00  0.99840E-31  0.00000E+00 -0.26822E-06  0.10102E+02  0.60480E+02 -0.79603E+01  0.26475E+02 -0.11772E-03 -0.10000E+07 -0.79611E+03 -0.15075E+02  0.00000E+00  0.16887E+02  0.53809E+01  0.82551E+01  0.29481E+00   2423  0.00000E+00      0.000
     452.0000  0.24638E+00  0.00000E+00  0.99840E-31  0.00000E+00 -0.23842E-06  0.10348E+02  0.60480E+02 -0.79603E+01  0.26475E+02 -0.11796E-03 -0.10000E+07 -0.79611E+03 -0.15075E+02  0.00000E+00  0.16887E+02  0.53809E+01  0.82551E+01  0.29481E+00   2425  0.00000E+00      0.000
     453.0000  0.13208E+00  0.00000E+00  0.99840E-31  0.00000E+00 -0.26822E-06  0.10480E+02  0.60480E+02 -0.79603E+01  0.26475E+02 -0.11823E-03 -0.10000E+07 -0.79611E+03 -0.15075E+02  0.00000E+00  0.16887E+02  0.53809E+01  0.82551E+01  0.29481E+00   2427  0.00000E+00      0.000
     454.0000  0.93980E-01  0.00000E+00  0.99840E-31  0.00000E+00 -0.23842E-06  0.10574E+02  0.60480E+02 -0.79603E+01  0.26475E+02 -0.11846E-03 -0.10000E+07 -0.79611E+03 -0.15075E+02  0.00000E+00  0.16887E+02  0.53809E+01  0.82551E+01  0.29481E+00   2429  0.00000E+00      0.000
     455.0000  0.11430E+00  0.00000E+00  0.99840E-31  0.00000E+00 -0.23842E-06  0.10688E+02  0.60480E+02 -0.79603E+01  0.26475E+02 -0.11872E-03 -0.10000E+07 -0.79611E+03 -0.15075E+02  0.00000E+00  0.16887E+02  0.53809E+01  0.82551E+01  0.29481E+00   2431  0.00000E+00      0.000
     456.0000  0.40640E-01  0.00000E+00  0.99840E-31  0.00000E+00 -0.26822E-06  0.10729E+02  0.60480E+02 -0.79603E+01  0.26475E+02 -0.11897E-03 -0.10000E+07 -0.79611E+03 -0.15076E+02  0.00000E+00  0.16887E+02  0.53809E+01  0.82551E+01  0.29481E+00   2433  0.00000E+00      0.000
     457.0000  0.00000E+00  0.24892E+00  0.99840E-31  0.00000E+00 -0.26822E-06  0.10729E+02  0.60729E+02 -0.79603E+01  0.26475E+02 -0.11924E-03 -0.10000E+07 -0.16007E+04 -0.15076E+02  0.00000E+00  0.16887E+02  0.53809E+01  0.82551E+01  0.29481E+00   2435  0.00000E+00      0.000
     458.0000  0.00000E+00  0.38354E+00  0.99840E-31  0.00000E+00 -0.23842E-06  0.10729E+02  0.61112E+02 -0.79603E+01  0.26475E+02 -0.11948E-03 -0.10000E+07 -0.16007E+04 -0.15076E+02  0.00000E+00  0.16887E+02  0.53809E+01  0.82551E+01  0.29481E+00   2437  0.00000E+00      0.000
     459.0000  0.00000E+00  0.33274E+00  0.99840E-31  0.00000E+00 -0.26822E-06  0.10729E+02  0.61445E+02 -0.79603E+01  0.26475E+02 -0.11975E-03 -0.10000E+07 -0.16007E+04 -0.15076E+02  0.00000E+00  0.16887E+02  0.53809E+01  0.82551E+01  0.29481E+00   2439  0.00000E+00      0.000
     460.0000  0.00000E+00  0.53340E-01  0.99840E-31  0.00000E+00 -0.23842E-06  0.10729E+02  0.61498E+02 -0.79603E+01  0.26475E+02 -0.11998E-03 -0.10000E+07 -0.16007E+04 -0.15076E+02  0.00000E+00  0.16887E+02  0.53809E+01  0.82551E+01  0.29481E+00   2441  0.00000E+00      0.000
     461.0000  0.00000E+00  0.40640E-01  0.99840E-31  0.00000E+00 -0.26822E-06  0.10729E+02  0.61539E+02 -0.79603E+01  0.26475E+02 -0.12025E-03 -0.10000E+07 -0.16007E+04 -0.15076E+02  0.00000E+00  0.16887E+02  0.53809E+01  0.82551E+01  0.29481E+00   2443  0.00000E+00      0.000
     462.0000  0.00000E+00  0.53340E-01  0.99840E-31  0.00000E+00 -0.23842E-06  0.10729E+02  0.61592E+02 -0.79603E+01  0.26475E+02 -0.12049E-03 -0.10000E+07 -0.16007E+04 -0.15077E+02  0.00000E+00  0.16887E+02  0.53809E+01  0.82551E+01  0.29481E+00   2445  0.00000E+00      0.000
     463.0000  0.00000E+00  0.99060E-01  0.99840E-31  0.00000E+00 -0.26822E-06  0.10729E+02  0.61692E+02 -0.79603E+01  0.26475E+02 -0.12076E-03 -0.10000E+07 -0.16007E+04 -0.15077E+02  0.00000E+00  0.16887E+02  0.53809E+01  0.82551E+01  0.29481E+00   2447  0.00000E+00      0.000
     464.0000  0.00000E+00  0.25654E+00  0.99840E-31  0.00000E+00 -0.23842E-06  0.10729E+02  0.61948E+02 -0.79603E+01  0.26475E+02 -0.12100E-03 -0.10000E+07 -0.16007E+04 -0.15077E+02  0.00000E+00  0.16887E+02  0.53809E+01  0.82551E+01  0.29481E+00   2449  0.00000E+00      0.000
     465.0000  0.00000E+00  0.36322E+00  0.99840E-31  0.00000E+00 -0.26822E-06  0.10729E+02  0.62311E+02 -0.79603E+01  0.26475E+02 -0.12127E-03 -0.10000E+07 -0.16007E+04 -0.15077E+02  0.00000E+00  0.16887E+02  0.53809E+01  0.82551E+01  0.29481E+00   2451  0.00000E+00      0.000
     466.0000  0.00000E+00  0.22860E+00  0.99840E-31  0.00000E+00 -0.23842E-06  0.10729E+02  0.62540E+02 -0.79603E+01  0.26475E+02 -0.12152E-03 -0.10000E+07 -0.16007E+04 -0.15077E+02  0.00000E+00  0.16887E+02  0.53809E+01  0.82551E+01  0.29481E+00   2453  0.00000E+00      0.000
     467.0000  0.00000E+00  0.30734E+00  0.99840E-31  0.00000E+00 -0.26822E-06  0.10729E+02  0.62847E+02 -0.79603E+01  0.26475E+02 -0.12177E-03 -0.10000E+07 -0.16007E+04 -0.15077E+02  0.00000E+00  0.16887E+02  0.53809E+01  0.82551E+01  0.29481E+00   2455  0.00000E+00      0.000
     468.0000  0.00000E+00  0.30480E+00  0.99840E-31  0.00000E+00 -0.23842E-06  0.10729E+02  0.63152E+02 -0.79603E+01  0.26475E+02 -0.12203E-03 -0.10000E+07 -0.16007E+04 -0.15078E+02  0.00000E+00  0.16887E+02  0.53809E+01  0.82551E+01  0.29481E+00   2457  0.00000E+00      0.000
     469.0000  0.00000E+00  0.38100E+00  0.99840E-31  0.00000E+00 -0.26822E-06  0.10729E+02  0.63533E+02 -0.79603E+01  0.26475E+02 -0.12228E-03 -0.10000E+07 -0.16007E+04 -0.15078E+02  0.00000E+00  0.16887E+02  0.53809E+01  0.82551E+01  0.29481E+00   2459  0.00000E+00      0.000
     470.0000  0.00000E+00  0.30988E+00  0.99840E-31  0.00000E+00 -0.23842E-06  0.10729E+02  0.63843E+02 -0.79603E+01  0.26475E+02 -0.12253E-03 -0.10000E+07 -0.16007E+04 -0.15078E+02  0.00000E+00  0.16887E+02  0.53809E+01  0.82551E+01  0.29481E+00   2461  0.00000E+00      0.000
     471.0000  0.00000E+00  0.29210E+00  0.99840E-31  0.00000E+00 -0.26822E-06  0.10729E+02  0.64135E+02 -0.79603E+01  0.26475E+02 -0.12279E-03 -0.10000E+07 -0.16007E+04 -0.15078E+02  0.00000E+00  0.16887E+02  0.53809E+01  0.82551E+01  0.29481E+00   2463  0.00000E+00      0.000
     472.0000  0.00000E+00  0.26162E+00  0.99840E-31  0.00000E+00 -0.23842E-06  0.10729E+02  0.64397E+02 -0.79603E+01  0.26475E+02 -0.12304E-03 -0.10000E+07 -0.16007E+04 -0.15078E+02  0.00000E+00  0.16887E+02  0.53809E+01  0.82551E+01  0.29481E+00   2465  0.00000E+00      0.000
     473.0000  0.00000E+00  0.11938E+00  0.99840E-31  0.00000E+00 -0.26822E-06  0.10729E+02  0.64516E+02 -0.79603E+01  0.26475E+02 -0.12329E-03 -0.10000E+07 -0.16007E+04 -0.15078E+02  0.00000E+00  0.16887E+02  0.53809E+01  0.82551E+01  0.29481E+00   2467  0.00000E+00      0.000
     474.0000  0.00000E+00  0.13970E+00  0.99840E-31  0.00000E+00 -0.23842E-06  0.10729E+02  0.64656E+02 -0.79603E+01  0.26475E+02 -0.12355E-03 -0.10000E+07 -0.16007E+04 -0.15079E+02  0.00000E+00  0.16887E+02  0.53809E+01  0.82551E+01  0.29481E+00   2469  0.00000E+00      0.000
     475.0000  0.00000E+00  0.10414E+00  0.99840E-31  0.00000E+00 -0.26822E-06  0.10729E+02  0.64760E+02 -0.79603E+01  0.26475E+02 -0.12380E-03 -0.10000E+07 -0.16007E+04 -0.15079E+02  0.00000E+00  0.16887E+02  0.53809E+01  0.82551E+01  0.29481E+00   2471  0.00000E+00      0.000
     476.0000  0.00000E+00  0.23622E+00  0.99840E-31  0.00000E+00 -0.23842E-06  0.10729E+02  0.64996E+02 -0.79603E+01  0.26475E+02 -0.12405E-03 -0.10000E+07 -0.16007E+04 -0.15079E+02  0.00000E+00  0.16887E+02  0.53809E+01  0.82551E+01  0.29481E+00   2473  0.00000E+00      0.000
     477.0000  0.00000E+00  0.43434E+00  0.99840E-31  0.00000E+00 -0.26822E-06  0.10729E+02  0.65430E+02 -0.79603E+01  0.26475E+02 -0.12431E-03 -0.10000E+07 -0.16007E+04 -0.15079E+02  0.00000E+00  0.16887E+02  0.53809E+01  0.82551E+01  0.29481E+00   2475  0.00000E+00      0.000
     478.0000  0.00000E+00  0.35052E+00  0.99840E-31  0.00000E+00 -0.23842E-06  0.10729E+02  0.65781E+02 -0.79603E+01  0.26475E+02 -0.12456E-03 -0.10000E+07 -0.16007E+04 -0.15079E+02  0.00000E+00  0.16887E+02  0.53809E+01  0.82551E+01  0.29481E+00   2477  0.00000E+00      0.000
     479.0000  0.00000E+00  0.32512E+00  0.99840E-31  0.00000E+00 -0.26822E-06  0.10729E+02  0.66106E+02 -0.79603E+01  0.26475E+02 -0.12481E-03 -0.10000E+07 -0.16007E+04 -0.15079E+02  0.00000E+00  0.16887E+02  0.53809E+01  0.82551E+01  0.29481E+00   2479  0.00000E+00      0.000
     480.0000  0.00000E+00  0.44704E+00  0.99840E-31  0.00000E+00 -0.23842E-06  0.10729E+02  0.66553E+02 -0.79603E+01  0.26475E+02 -0.12507E-03 -0.10000E+07 -0.16007E+04 -0.15079E+02  0.00000E+00  0.16887E+02  0.53809E+01  0.82551E+01  0.29481E+00   2481  0.00000E+00      0.000
     481.0000  0.00000E+00  0.27432E+00  0.99840E-31  0.00000E+00 -0.26822E-06  0.10729E+02  0.66827E+02 -0.79603E+01  0.26475E+02 -0.12532E-03 -0.10000E+07 -0.16007E+04 -0.15080E+02  0.00000E+00  0.16887E+02  0.53809E+01  0.82551E+01  0.29481E+00   2483  0.00000E+00      0.000
     482.0000  0.00000E+00  0.25400E+00  0.99840E-31  0.00000E+00 -0.23842E-06  0.10729E+02  0.67081E+02 -0.79603E+01  0.26475E+02 -0.12557E-03 -0.10000E+07 -0.16007E+04 -0.15080E+02  0.00000E+00  0.16887E+02  0.53809E+01  0.82551E+01  0.29481E+00   2485  0.00000E+00      0.000
     483.0000  0.00000E+00  0.12954E+00  0.99840E-31  0.00000E+00 -0.23842E-06  0.10729E+02  0.67211E+02 -0.79603E+01  0.26475E+02 -0.12581E-03 -0.10000E+07 -0.16007E+04 -0.15080E+02  0.00000E+00  0.16887E+02  0.53809E+01  0.82551E+01  0.29481E+00   2487  0.00000E+00      0.000
     484.0000  0.00000E+00  0.35306E+00  0.99840E-31  0.00000E+00 -0.26822E-06  0.10729E+02  0.67564E+02 -0.79603E+01  0.26475E+02 -0.12608E-03 -0.10000E+07 -0.16007E+04 -0.15080E+02  0.00000E+00  0.16887E+02  0.53809E+01  0.82551E+01  0.29481E+00   2489  0.00000E+00      0.000
     485.0000  0.00000E+00  0.32004E+00  0.99840E-31  0.00000E+00 -0.23842E-06  0.10729E+02  0.67884E+02 -0.79603E+01  0.26475E+02 -0.12632E-03 -0.10000E+07 -0.16007E+04 -0.15080E+02  0.00000E+00  0.16887E+02  0.53809E+01  0.82551E+01  0.29481E+00   2491  0.00000E+00      0.000
     486.0000  0.00000E+00  0.29464E+00  0.99840E-31  0.00000E+00 -0.26822E-06  0.10729E+02  0.68179E+02 -0.79603E+01  0.26475E+02 -0.12659E-03 -0.10000E+07 -0.16007E+04 -0.15080E+02  0.00000E+00  0.16887E+02  0.53809E+01  0.82551E+01  0.29481E+00   2493  0.00000E+00      0.000
     487.0000  0.00000E+00  0.19558E+00  0.99840E-31  0.00000E+00 -0.23842E-06  0.10729E+02  0.68374E+02 -0.79603E+01  0.26475E+02 -0.12682E-03 -0.10000E+07 -0.16005E+04 -0.15081E+02  0.00000E+00  0.16887E+02  0.53809E+01  0.82551E+01  0.29481E+00   2495  0.00000E+00      0.000
     488.0000  0.00000E+00  0.13208E+00  0.99840E-31  0.00000E+00 -0.26822E-06  0.10729E+02  0.68506E+02 -0.79603E+01  0.26475E+02 -0.12709E-03 -0.10000E+07 -0.16005E+04 -0.15081E+02  0.00000E+00  0.16887E+02  0.53809E+01  0.82551E+01  0.29481E+00   2497  0.00000E+00      0.000
     489.0000  0.00000E+00  0.19558E+00  0.99840E-31  0.00000E+00 -0.23842E-06  0.10729E+02  0.68702E+02 -0.79603E+01  0.26475E+02 -0.12733E-03 -0.10000E+07 -0.16005E+04 -0.15081E+02  0.00000E+00  0.16887E+02  0.53809E+01  0.82551E+01  0.29481E+00   2499  0.00000E+00      0.000
     490.0000  0.00000E+00  0.32766E+00  0.99840E-31  0.00000E+00 -0.26822E-06  0.10729E+02  0.69030E+02 -0.79603E+01  0.26475E+02 -0.12760E-03 -0.10000E+07 -0.16005E+04 -0.15081E+02  0.00000E+00  0.16887E+02  0.53809E+01  0.82551E+01  0.29481E+00   2501  0.00000E+00      0.000
     491.0000  0.00000E+00  0.22606E+00  0.99840E-31  0.00000E+00 -0.23842E-06  0.10729E+02  0.69256E+02 -0.79603E+01  0.26475E+02 -0.12784E-03 -0.10000E+07 -0.16005E+04 -0.15081E+02  0.00000E+00  0.16887E+02  0.53809E+01  0.82551E+01  0.29481E+00   2503  0.00000E+00      0.000
     492.0000  0.00000E+00  0.30226E+00  0.99840E-31  0.00000E+00 -0.26822E-06  0.10729E+02  0.69558E+02 -0.79603E+01  0.26475E+02 -0.12811E-03 -0.10000E+07 -0.16005E+04 -0.15081E+02  0.00000E+00  0.16887E+02  0.53809E+01  0.82551E+01  0.29481E+00   2505  0.00000E+00      0.000
     493.0000  0.00000E+00  0.12954E+00  0.99840E-31  0.00000E+00 -0.23842E-06  0.10729E+02  0.69687E+02 -0.79603E+01  0.26475E+02 -0.12834E-03 -0.10000E+07 -0.16005E+04 -0.15082E+02  0.00000E+00  0.16887E+02  0.53809E+01  0.82551E+01  0.29481E+00   2507  0.00000E+00      0.000
     494.0000  0.00000E+00  0.45720E-01  0.99840E-31  0.00000E+00 -0.26822E-06  0.10729E+02  0.69733E+02 -0.79603E+01  0.26475E+02 -0.12861E-03 -0.10000E+07 -0.16005E+04 -0.15082E+02  0.00000E+00  0.16887E+02  0.53809E+01  0.82551E+01  0.29481E+00   2509  0.00000E+00      0.000
     495.0000  0.00000E+00  0.26670E+00  0.99840E-31  0.00000E+00 -0.23842E-06  0.10729E+02  0.70000E+02 -0.79603E+01  0.26475E+02 -0.12887E-03 -0.10000E+07 -0.16005E+04 -0.15082E+02  0.00000E+00  0.16887E+02  0.53809E+01  0.82551E+01  0.29481E+00   2511  0.00000E+00      0.000
     496.0000  0.00000E+00  0.39878E+00  0.99840E-31  0.00000E+00 -0.26822E-06  0.10729E+02  0.70399E+02 -0.79603E+01  0.26475E+02 -0.12912E-03 -0.10000E+07 -0.16005E+04 -0.15082E+02  0.00000E+00  0.16887E+02  0.53809E+01  0.82551E+01  0.29481E+00   2513  0.00000E+00      0.000
     497.0000  0.00000E+00  0.42926E+00  0.99840E-31  0.00000E+00 -0.23842E-06  0.10729E+02  0.70828E+02 -0.79603E+01  0.26475E+02 -0.12936E-03 -0.10000E+07 -0.16005E+04 -0.15082E+02  0.00000E+00  0.16887E+02  0.53809E+01  0.82551E+01  0.29481E+00   2515  0.00000E+00      0.000
     498.0000  0.00000E+00  0.42418E+00  0.99840E-31  0.00000E+00 -0.26822E-06  0.10729E+02  0.71252E+02 -0.79603E+01  0.26475E+02 -0.12963E-03 -0.10000E+07 -0.16005E+04 -0.15082E+02  0.00000E+00  0.16887E+02  0.53809E+01  0.82551E+01  0.29481E+00   2517  0.00000E+00      0.000
     499.0000  0.00000E+00  0.38100E+00  0.99840E-31  0.00000E+00 -0.23842E-06  0.10729E+02  0.71633E+02 -0.79603E+01  0.26475E+02 -0.12986E-03 -0.10000E+07 -0.16005E+04 -0.15083E+02  0.00000E+00  0.16887E+02  0.53809E+01  0.82551E+01  0.29481E+00   2519  0.00000E+00      0.000
     500.0000  0.00000E+00  0.21844E+00  0.99840E-31  0.00000E+00 -0.26822E-06  0.10729E+02  0.71852E+02 -0.79603E+01  0.26475E+02 -0.13013E-03 -0.10000E+07 -0.16005E+04 -0.15083E+02  0.00000E+00  0.16887E+02  0.53809E+01  0.82551E+01  0.29481E+00   2521  0.00000E+00      0.000
     501.0000  0.00000E+00  0.35814E+00  0.99840E-31  0.00000E+00 -0.23842E-06  0.10729E+02  0.72210E+02 -0.79603E+01  0.26475E+02 -0.13039E-03 -0.10000E+07 -0.16005E+04 -0.15083E+02  0.00000E+00  0.16887E+02  0.53809E+01  0.82551E+01  0.29481E+00   2523  0.00000E+00      0.000
     502.0000  0.00000E+00  0.48006E+00  0.99840E-31  0.00000E+00 -0.26822E-06  0.10729E+02  0.72690E+02 -0.79603E+01  0.26475E+02 -0.13064E-03 -0.10000E+07 -0.16005E+04 -0.15083E+02  0.00000E+00  0.16887E+02  0.53809E+01  0.82551E+01  0.29481E+00   2525  0.00000E+00      0.000
     503.0000  0.00000E+00  0.36068E+00  0.99840E-31  0.00000E+00 -0.23842E-06  0.10729E+02  0.73050E+02 -0.79603E+01  0.26475E+02 -0.13089E-03 -0.10000E+07 -0.16005E+04 -0.15083E+02  0.00000E+00  0.16887E+02  0.53809E+01  0.82551E+01  0.29481E+00   2527  0.00000E+00      0.000
     504.0000  0.00000E+00  0.35306E+00  0.99840E-31  0.00000E+00 -0.26822E-06  0.10729E+02  0.73403E+02 -0.79603E+01  0.26475E+02 -0.13115E-03 -0.10000E+07 -0.16005E+04 -0.15083E+02  0.00000E+00  0.16887E+02  0.53809E+01  0.82551E+01  0.29481E+00   2529  0.00000E+00      0.000
     505.0000  0.00000E+00  0.24892E+00  0.99840E-31  0.00000E+00 -0.23842E-06  0.10729E+02  0.73652E+02 -0.79603E+01  0.26475E+02 -0.13140E-03 -0.10000E+07 -0.16005E+04 -0.15084E+02  0.00000E+00  0.16887E+02  0.53809E+01  0.82551E+01  0.29481E+00   2531  0.00000E+00      0.000
     506.0000  0.00000E+00  0.29718E+00  0.99840E-31  0.00000E+00 -0.26822E-06  0.10729E+02  0.73950E+02 -0.79603E+01  0.26475E+02 -0.13165E-03 -0.10000E+07 -0.16005E+04 -0.15084E+02  0.00000E+00  0.16887E+02  0.53809E+01  0.82551E+01  0.29481E+00   2533  0.00000E+00      0.000
     507.0000  0.00000E+00  0.28956E+00  0.99840E-31  0.00000E+00 -0.23842E-06  0.10729E+02  0.74239E+02 -0.79603E+01  0.26475E+02 -0.13191E-03 -0.10000E+07 -0.16005E+04 -0.15084E+02  0.00000E+00  0.16887E+02  0.53809E+01  0.82551E+01  0.29481E+00   2535  0.00000E+00      0.000
     508.0000  0.00000E+00  0.23368E+00  0.99840E-31  0.00000E+00 -0.26822E-06  0.10729E+02  0.74473E+02 -0.79603E+01  0.26475E+02 -0.13216E-03 -0.10000E+07 -0.16005E+04 -0.15084E+02  0.00000E+00  0.16887E+02  0.53809E+01  0.82551E+01  0.29481E+00   2537  0.00000E+00      0.000
     509.0000  0.00000E+00  0.25654E+00  0.99840E-31  0.00000E+00 -0.26822E-06  0.10729E+02  0.74729E+02 -0.79603E+01  0.26475E+02 -0.13243E-03 -0.10000E+07 -0.16005E+04 -0.15084E+02  0.00000E+00  0.16887E+02  0.53809E+01  0.82551E+01  0.29481E+00   2539  0.00000E+00      0.000
     510.0000  0.00000E+00  0.39878E+00  0.99840E-31  0.00000E+00 -0.23842E-06  0.10729E+02  0.75128E+02 -0.79603E+01  0.26475E+02 -0.13267E-03 -0.10000E+07 -0.16005E+04 -0.15084E+02  0.00000E+00  0.16887E+02  0.53809E+01  0.82551E+01  0.29481E+00   2541  0.00000E+00      0.000
     511.0000  0.00000E+00  0.31496E+00  0.99840E-31  0.00000E+00 -0.26822E-06  0.10729E+02  0.75443E+02 -0.79603E+01  0.26475E+02 -0.13293E-03 -0.10000E+07 -0.16005E+04 -0.15084E+02  0.00000E+00  0.16887E+02  0.53809E+01  0.82551E+01  0.29481E+00   2543  0.00000E+00      0.000
     512.0000  0.00000E+00  0.42164E+00  0.99840E-31  0.00000E+00 -0.23842E-06  0.10729E+02  0.75865E+02 -0.79603E+01  0.26475E+02 -0.13317E-03 -0.10000E+07 -0.16005E+04 -0.15085E+02  0.00000E+00  0.16887E+02  0.53809E+01  0.82551E+01  0.29481E+00   2545  0.00000E+00      0.000
     513.0000  0.00000E+00  0.41148E+00  0.99840E-31  0.00000E+00 -0.26822E-06  0.10729E+02  0.76276E+02 -0.79603E+01  0.26475E+02 -0.13344E-03 -0.10000E+07 -0.16005E+04 -0.15085E+02  0.00000E+00  0.16887E+02  0.53809E+01  0.82551E+01  0.29481E+00   2547  0.00000E+00      0.000
     514.0000  0.00000E+00  0.46990E+00  0.99840E-31  0.00000E+00 -0.23842E-06  0.10729E+02  0.76746E+02 -0.79603E+01  0.26475E+02 -0.13368E-03 -0.10000E+07 -0.16005E+04 -0.15085E+02  0.00000E+00  0.16887E+02  0.53809E+01  0.82551E+01  0.29481E+00   2549  0.00000E+00      0.000
     515.0000  0.00000E+00  0.41148E+00  0.99840E-31  0.00000E+00 -0.26822E-06  0.10729E+02  0.77158E+02 -0.79603E+01  0.26475E+02 -0.13395E-03 -0.10000E+07 -0.16005E+04 -0.15085E+02  0.00000E+00  0.16887E+02  0.53809E+01  0.82551E+01  0.29481E+00   2551  0.00000E+00      0.000
     516.0000  0.00000E+00  0.36576E+00  0.99840E-31  0.00000E+00 -0.23842E-06  0.10729E+02  0.77523E+02 -0.79603E+01  0.26475E+02 -0.13418E-03 -0.10000E+07 -0.16005E+04 -0.15085E+02  0.00000E+00  0.16887E+02  0.53809E+01  0.82551E+01  0.29481E+00   2553  0.00000E+00      0.000
     517.0000  0.00000E+00  0.40132E+00  0.99840E-31  0.00000E+00 -0.26822E-06  0.10729E+02  0.77925E+02 -0.79603E+01  0.26475E+02 -0.13445E-03 -0.10000E+07 -0.16005E+04 -0.15085E+02  0.00000E+00  0.16887E+02  0.53809E+01  0.82551E+01  0.29481E+00   2555  0.00000E+00      0.000
     518.0000  0.00000E+00  0.36830E+00  0.99840E-31  0.00000E+00 -0.23842E-06  0.10729E+02  0.78293E+02 -0.79603E+01  0.26475E+02 -0.13469E-03 -0.10000E+07 -0.16007E+04 -0.15086E+02  0.00000E+00  0.16887E+02  0.53809E+01  0.82551E+01  0.29481E+00   2557  0.00000E+00      0.000
     519.0000  0.00000E+00  0.41148E+00  0.99840E-31  0.00000E+00 -0.26822E-06  0.10729E+02  0.78704E+02 -0.79603E+01  0.26475E+02 -0.13496E-03 -0.10000E+07 -0.16007E+04 -0.15086E+02  0.00000E+00  0.16887E+02  0.53809E+01  0.82551E+01  0.29481E+00   2559  0.00000E+00      0.000
     520.0000  0.00000E+00  0.46482E+00  0.99840E-31  0.00000E+00 -0.23842E-06  0.10729E+02  0.79169E+02 -0.79603E+01  0.26475E+02 -0.13520E-03 -0.10000E+07 -0.16007E+04 -0.15086E+02  0.00000E+00  0.16887E+02  0.53809E+01  0.82551E+01  0.29481E+00   2561  0.00000E+00      0.000
     521.0000  0.00000E+00  0.47752E+00  0.99840E-31  0.00000E+00 -0.26822E-06  0.10729E+02  0.79647E+02 -0.79603E+01  0.26475E+02 -0.13547E-03 -0.10000E+07 -0.16007E+04 -0.15086E+02  0.00000E+00  0.16887E+02  0.53809E+01  0.82551E+01  0.29481E+00   2563  0.00000E+00      0.000
     522.0000  0.00000E+00  0.44450E+00  0.99840E-31  0.00000E+00 -0.23842E-06  0.10729E+02  0.80091E+02 -0.79603E+01  0.26475E+02 -0.13570E-03 -0.10000E+07 -0.16007E+04 -0.15086E+02  0.00000E+00  0.16887E+02  0.53809E+01  0.82551E+01  0.29481E+00   2565  0.00000E+00      0.000
     523.0000  0.00000E+00  0.44196E+00  0.99840E-31  0.00000E+00 -0.26822E-06  0.10729E+02  0.80533E+02 -0.79603E+01  0.26475E+02 -0.13597E-03 -0.10000E+07 -0.16007E+04 -0.15086E+02  0.00000E+00  0.16887E+02  0.53809E+01  0.82551E+01  0.29481E+00   2567  0.00000E+00      0.000
     524.0000  0.00000E+00  0.42672E+00  0.99840E-31  0.00000E+00 -0.23842E-06  0.10729E+02  0.80960E+02 -0.79603E+01  0.26475E+02 -0.13621E-03 -0.10000E+07 -0.16007E+04 -0.15087E+02  0.00000E+00  0.16887E+02  0.53809E+01  0.82551E+01  0.29481E+00   2569  0.00000E+00      0.000
     525.0000  0.00000E+00  0.41656E+00  0.99840E-31  0.00000E+00 -0.26822E-06  0.10729E+02  0.81377E+02 -0.79603E+01  0.26475E+02 -0.13648E-03 -0.10000E+07 -0.16007E+04 -0.15087E+02  0.00000E+00  0.16887E+02  0.53809E+01  0.82551E+01  0.29481E+00   2571  0.00000E+00      0.000
     526.0000  0.00000E+00  0.39878E+00  0.99840E-31  0.00000E+00 -0.23842E-06  0.10729E+02  0.81775E+02 -0.79603E+01  0.26475E+02 -0.13673E-03 -0.10000E+07 -0.16007E+04 -0.15087E+02  0.00000E+00  0.16887E+02  0.53809E+01  0.82551E+01  0.29481E+00   2573  0.00000E+00      0.000
     527.0000  0.00000E+00  0.45974E+00  0.99840E-31  0.00000E+00 -0.26822E-06  0.10729E+02  0.82235E+02 -0.79603E+01  0.26475E+02 -0.13699E-03 -0.10000E+07 -0.16007E+04 -0.15087E+02  0.00000E+00  0.16887E+02  0.53809E+01  0.82551E+01  0.29481E+00   2575  0.00000E+00      0.000
     528.0000  0.00000E+00  0.55118E+00  0.99840E-31  0.00000E+00 -0.23842E-06  0.10729E+02  0.82786E+02 -0.79603E+01  0.26475E+02 -0.13724E-03 -0.10000E+07 -0.16007E+04 -0.15087E+02  0.00000E+00  0.16887E+02  0.53809E+01  0.82551E+01  0.29481E+00   2577  0.00000E+00      0.000
     529.0000 -0.15240E+01  0.52070E+00 -0.71650E+00  0.89263E-01 -0.24176E-12  0.92050E+01  0.83307E+02 -0.91131E+01  0.26535E+02 -0.13725E-03  0.00000E+00 -0.13848E+04 -0.15087E+02  0.80750E+00  0.17260E+02  0.64738E+01  0.94079E+01  0.29481E+00   2958  0.00000E+00      0.000
     530.0000 -0.15240E+01  0.45466E+00 -0.58249E+00  0.10392E+00  0.00000E+00  0.76810E+01  0.83762E+02 -0.97479E+01  0.26618E+02 -0.13727E-03  0.00000E+00 -0.12763E+04 -0.15087E+02  0.94151E+00  0.18149E+02  0.70254E+01  0.10043E+02  0.29481E+00   3047  0.00000E+00      0.000
     531.0000 -0.15240E+01  0.41656E+00 -0.54702E+00  0.94222E-01  0.00000E+00  0.61570E+01  0.84178E+02 -0.10307E+02  0.26708E+02 -0.13737E-03  0.00000E+00 -0.12152E+04 -0.15087E+02  0.97698E+00  0.19114E+02  0.74935E+01  0.10601E+02  0.29481E+00   3120  0.00000E+00      0.000
     532.0000 -0.16498E+01  0.32766E+00 -0.51899E+00  0.70213E-01 -0.53262E-06  0.45072E+01  0.84506E+02 -0.10834E+02  0.26779E+02 -0.13748E-03  0.00000E+00 -0.11071E+04 -0.15087E+02  0.11308E+01  0.20236E+02  0.79499E+01  0.11129E+02  0.29481E+00   3203  0.00000E+00      0.000
     533.0000 -0.15852E+01  0.43180E+00 -0.50941E+00  0.88439E-01 -0.48694E-06  0.29220E+01  0.84938E+02 -0.11348E+02  0.26869E+02 -0.13761E-03  0.00000E+00 -0.10495E+04 -0.15087E+02  0.10758E+01  0.21308E+02  0.83741E+01  0.11643E+02  0.29481E+00   3262  0.00000E+00      0.000
     534.0000 -0.35933E+01  0.96520E-01 -0.50428E+00  0.17925E-01  0.24175E-12 -0.67129E+00  0.85034E+02 -0.11854E+02  0.26887E+02 -0.13767E-03  0.00000E+00 -0.94034E+03 -0.15087E+02  0.30890E+01  0.24395E+02  0.88614E+01  0.12148E+02  0.29481E+00   3353  0.00000E+00      0.000
     535.0000  0.00000E+00  0.23368E+00  0.55879E-08  0.14855E+00 -0.26956E-06 -0.67129E+00  0.85268E+02 -0.11854E+02  0.27035E+02 -0.13791E-03 -0.82913E+01 -0.94288E+03 -0.15088E+02  0.00000E+00  0.24395E+02  0.87156E+01  0.12148E+02  0.29481E+00   3367  0.00000E+00      0.000
     536.0000  0.00000E+00  0.37592E+00 -0.18743E-07  0.23898E+00 -0.23842E-06 -0.67129E+00  0.85644E+02 -0.11854E+02  0.27274E+02 -0.13815E-03 -0.94479E+01 -0.94536E+03 -0.15088E+02  0.00000E+00  0.24395E+02  0.84992E+01  0.12148E+02  0.29481E+00   3370  0.00000E+00      0.000
     537.0000  0.00000E+00  0.41910E+00  0.11176E-07  0.26643E+00 -0.23842E-06 -0.67129E+00  0.86063E+02 -0.11854E+02  0.27541E+02 -0.13840E-03 -0.10445E+02 -0.94826E+03 -0.15088E+02  0.00000E+00  0.24395E+02  0.82465E+01  0.12148E+02  0.29481E+00   3372  0.00000E+00      0.000
     538.0000  0.00000E+00  0.33528E+00  0.84983E-08  0.21314E+00 -0.23842E-06 -0.67129E+00  0.86398E+02 -0.11854E+02  0.27754E+02 -0.13864E-03 -0.11235E+02 -0.95119E+03 -0.15088E+02  0.00000E+00  0.24395E+02  0.80067E+01  0.12148E+02  0.29481E+00   3374  0.00000E+00      0.000
     539.0000  0.00000E+00  0.42672E+00 -0.95752E-08  0.27127E+00 -0.23842E-06 -0.67129E+00  0.86825E+02 -0.11854E+02  0.28025E+02 -0.13888E-03 -0.11690E+02 -0.95470E+03 -0.15088E+02  0.00000E+00  0.24395E+02  0.77645E+01  0.12148E+02  0.29481E+00   3376  0.00000E+00      0.000
     540.0000  0.00000E+00  0.55626E+00  0.58208E-09  0.35362E+00 -0.23842E-06 -0.67129E+00  0.87381E+02 -0.11854E+02  0.28379E+02 -0.13913E-03 -0.11962E+02 -0.96031E+03 -0.15088E+02  0.00000E+00  0.24395E+02  0.74520E+01  0.12148E+02  0.29481E+00   3378  0.00000E+00      0.000
     541.0000  0.00000E+00  0.49022E+00  0.98953E-09  0.31164E+00 -0.26822E-06 -0.67129E+00  0.87871E+02 -0.11854E+02  0.28690E+02 -0.13940E-03 -0.12334E+02 -0.96852E+03 -0.15089E+02  0.00000E+00  0.24395E+02  0.71194E+01  0.12148E+02  0.29481E+00   3380  0.00000E+00      0.000
     542.0000  0.00000E+00  0.41148E+00  0.12573E-07  0.26158E+00 -0.26822E-06 -0.67129E+00  0.88283E+02 -0.11854E+02  0.28952E+02 -0.13967E-03 -0.12779E+02 -0.97914E+03 -0.15089E+02  0.00000E+00  0.24395E+02  0.68328E+01  0.12148E+02  0.29481E+00   3382  0.00000E+00      0.000
     543.0000  0.00000E+00  0.44196E+00  0.46566E-08  0.28096E+00 -0.23842E-06 -0.67129E+00  0.88725E+02 -0.11854E+02  0.29233E+02 -0.13992E-03 -0.13274E+02 -0.99456E+03 -0.15089E+02  0.00000E+00  0.24395E+02  0.65615E+01  0.12148E+02  0.29481E+00   3384  0.00000E+00      0.000
     544.0000  0.00000E+00  0.32258E+00 -0.57626E-08  0.20507E+00 -0.23842E-06 -0.67129E+00  0.89047E+02 -0.11854E+02  0.29438E+02 -0.14018E-03 -0.13793E+02 -0.10183E+04 -0.15089E+02  0.00000E+00  0.24395E+02  0.63185E+01  0.12148E+02  0.29481E+00   3386  0.00000E+00      0.000
     545.0000  0.00000E+00  0.21844E+00 -0.26193E-08  0.13887E+00 -0.23842E-06 -0.67129E+00  0.89266E+02 -0.11854E+02  0.29577E+02 -0.14043E-03 -0.14240E+02 -0.10462E+04 -0.15089E+02  0.00000E+00  0.24395E+02  0.61465E+01  0.12148E+02  0.29481E+00   3388  0.00000E+00      0.000
     546.0000  0.00000E+00  0.37592E+00 -0.13097E-07  0.23898E+00 -0.26822E-06 -0.67129E+00  0.89642E+02 -0.11854E+02  0.29816E+02 -0.14068E-03 -0.14583E+02 -0.11042E+04 -0.15089E+02  0.00000E+00  0.24395E+02  0.59576E+01  0.12148E+02  0.29481E+00   3390  0.00000E+00      0.000
     547.0000  0.00000E+00  0.26924E+00 -0.10652E-07  0.11899E+00 -0.26822E-06 -0.67129E+00  0.89911E+02 -0.11854E+02  0.29953E+02 -0.14095E-03 -0.14828E+02 -0.12537E+04 -0.15090E+02  0.00000E+00  0.24395E+02  0.57607E+01  0.12148E+02  0.29481E+00   3392  0.00000E+00      0.000
     548.0000  0.00000E+00  0.37084E+00  0.11700E-07  0.82469E-01 -0.23842E-06 -0.67129E+00  0.90282E+02 -0.11854E+02  0.30048E+02 -0.14119E-03 -0.15025E+02 -0.13907E+04 -0.15090E+02  0.00000E+00  0.24395E+02  0.56472E+01  0.12148E+02  0.29481E+00   3394  0.00000E+00      0.000
     549.0000 -0.13970E+01  0.42672E+00 -0.69789E+00  0.12697E+00  0.00000E+00 -0.20683E+01  0.90709E+02 -0.12908E+02  0.30181E+02 -0.14120E-03  0.00000E+00 -0.12872E+04 -0.15090E+02  0.69911E+00  0.24739E+02  0.65693E+01  0.13203E+02  0.29481E+00   3763  0.00000E+00      0.000
     550.0000  0.00000E+00  0.24638E+00 -0.20722E-07  0.75186E-01 -0.25755E-06 -0.20683E+01  0.90955E+02 -0.12908E+02  0.30263E+02 -0.14146E-03 -0.84490E+01 -0.13352E+04 -0.15090E+02  0.00000E+00  0.24739E+02  0.64844E+01  0.13203E+02  0.29481E+00   3779  0.00000E+00      0.000
     551.0000 -0.28059E+01  0.35814E+00 -0.57917E+00  0.88398E-01  0.24159E-12 -0.48742E+01  0.91313E+02 -0.13561E+02  0.30344E+02 -0.14147E-03  0.00000E+00 -0.12610E+04 -0.15090E+02  0.22267E+01  0.26893E+02  0.70557E+01  0.13856E+02  0.29481E+00   3883  0.00000E+00      0.000
     552.0000  0.00000E+00  0.37592E+00 -0.46566E-09  0.12979E+00 -0.22663E-06 -0.48742E+01  0.91689E+02 -0.13561E+02  0.30475E+02 -0.14171E-03 -0.86489E+01 -0.12739E+04 -0.15090E+02  0.00000E+00  0.26893E+02  0.69237E+01  0.13856E+02  0.29481E+00   3900  0.00000E+00      0.000
     553.0000 -0.29623E+01  0.34798E+00 -0.54496E+00  0.78794E-01  0.00000E+00 -0.78365E+01  0.92037E+02 -0.14165E+02  0.30553E+02 -0.14180E-03  0.00000E+00 -0.12156E+04 -0.15090E+02  0.24173E+01  0.29251E+02  0.74490E+01  0.14460E+02  0.29481E+00   3992  0.00000E+00      0.000
     554.0000  0.00000E+00  0.44450E+00 -0.12340E-07  0.17675E+00 -0.27844E-06 -0.78365E+01  0.92482E+02 -0.14165E+02  0.30730E+02 -0.14205E-03 -0.87756E+01 -0.12182E+04 -0.15090E+02  0.00000E+00  0.29251E+02  0.72734E+01  0.14460E+02  0.29481E+00   4007  0.00000E+00      0.000
     555.0000 -0.27940E+01  0.46228E+00 -0.52737E+00  0.10236E+00 -0.41001E-06 -0.10630E+02  0.92944E+02 -0.14758E+02  0.30842E+02 -0.14211E-03  0.00000E+00 -0.11604E+04 -0.15090E+02  0.22666E+01  0.31452E+02  0.77529E+01  0.15053E+02  0.29481E+00   4092  0.00000E+00      0.000
     556.0000  0.00000E+00  0.45720E+00  0.12573E-07  0.20574E+00 -0.25357E-06 -0.10630E+02  0.93401E+02 -0.14758E+02  0.31048E+02 -0.14238E-03 -0.87416E+01 -0.11632E+04 -0.15090E+02  0.00000E+00  0.31452E+02  0.75512E+01  0.15053E+02  0.29481E+00   4103  0.00000E+00      0.000
     557.0000 -0.27940E+01  0.47752E+00 -0.51766E+00  0.10233E+00 -0.24155E-12 -0.13424E+02  0.93879E+02 -0.15342E+02  0.31169E+02 -0.14241E-03  0.00000E+00 -0.11056E+04 -0.15091E+02  0.22763E+01  0.33662E+02  0.80125E+01  0.15637E+02  0.29481E+00   4191  0.00000E+00      0.000
     558.0000 -0.14413E+01  0.43180E+00 -0.50622E+00  0.84304E-01 -0.24154E-12 -0.14866E+02  0.94310E+02 -0.15854E+02  0.31258E+02 -0.14253E-03  0.00000E+00 -0.10055E+04 -0.15091E+02  0.93508E+00  0.34591E+02  0.84353E+01  0.16149E+02  0.29481E+00   4264  0.00000E+00      0.000
     559.0000  0.00000E+00  0.43688E+00 -0.33062E-07  0.25901E+00 -0.27228E-06 -0.14866E+02  0.94747E+02 -0.15854E+02  0.31517E+02 -0.14275E-03 -0.87346E+01 -0.10067E+04 -0.15091E+02  0.00000E+00  0.34591E+02  0.81809E+01  0.16149E+02  0.29481E+00   4278  0.00000E+00      0.000
     560.0000  0.00000E+00  0.44958E+00  0.10477E-08  0.26654E+00 -0.23842E-06 -0.14866E+02  0.95197E+02 -0.15854E+02  0.31783E+02 -0.14299E-03 -0.99904E+01 -0.10153E+04 -0.15091E+02  0.00000E+00  0.34591E+02  0.79162E+01  0.16149E+02  0.29481E+00   4281  0.00000E+00      0.000
     561.0000  0.00000E+00  0.42672E+00  0.47730E-08  0.24356E+00 -0.26822E-06 -0.14866E+02  0.95624E+02 -0.15854E+02  0.32032E+02 -0.14326E-03 -0.10976E+02 -0.10345E+04 -0.15091E+02  0.00000E+00  0.34591E+02  0.76567E+01  0.16149E+02  0.29481E+00   4283  0.00000E+00      0.000
     562.0000  0.00000E+00  0.48260E+00  0.13388E-08  0.26675E+00 -0.23842E-06 -0.14866E+02  0.96106E+02 -0.15854E+02  0.32300E+02 -0.14350E-03 -0.11589E+02 -0.10539E+04 -0.15091E+02  0.00000E+00  0.34591E+02  0.74003E+01  0.16149E+02  0.29481E+00   4285  0.00000E+00      0.000
     563.0000  0.00000E+00  0.46228E+00 -0.17462E-08  0.25377E+00 -0.26822E-06 -0.14866E+02  0.96568E+02 -0.15854E+02  0.32554E+02 -0.14377E-03 -0.11907E+02 -0.10642E+04 -0.15091E+02  0.00000E+00  0.34591E+02  0.71397E+01  0.16149E+02  0.29481E+00   4287  0.00000E+00      0.000
     564.0000  0.00000E+00  0.45212E+00  0.13330E-07  0.24774E+00 -0.26822E-06 -0.14866E+02  0.97021E+02 -0.15854E+02  0.32801E+02 -0.14403E-03 -0.12266E+02 -0.10720E+04 -0.15092E+02  0.00000E+00  0.34591E+02  0.68889E+01  0.16149E+02  0.29481E+00   4289  0.00000E+00      0.000
     565.0000  0.00000E+00  0.37592E+00  0.44238E-08  0.20586E+00 -0.23842E-06 -0.14866E+02  0.97396E+02 -0.15854E+02  0.33007E+02 -0.14429E-03 -0.12689E+02 -0.10800E+04 -0.15092E+02  0.00000E+00  0.34591E+02  0.66620E+01  0.16149E+02  0.29481E+00   4291  0.00000E+00      0.000
     566.0000  0.00000E+00  0.40894E+00 -0.97207E-08  0.22394E+00 -0.23842E-06 -0.14866E+02  0.97805E+02 -0.15854E+02  0.33231E+02 -0.14453E-03 -0.13151E+02 -0.10908E+04 -0.15092E+02  0.00000E+00  0.34591E+02  0.64471E+01  0.16149E+02  0.29481E+00   4293  0.00000E+00      0.000
     567.0000  0.00000E+00  0.41402E+00  0.44238E-08  0.22673E+00 -0.26822E-06 -0.14866E+02  0.98219E+02 -0.15854E+02  0.33458E+02 -0.14478E-03 -0.13650E+02 -0.11091E+04 -0.15092E+02  0.00000E+00  0.34591E+02  0.62218E+01  0.16149E+02  0.29481E+00   4295  0.00000E+00      0.000
     568.0000  0.00000E+00  0.37084E+00  0.87894E-08  0.20308E+00 -0.23842E-06 -0.14866E+02  0.98590E+02 -0.15854E+02  0.33661E+02 -0.14502E-03 -0.14145E+02 -0.11424E+04 -0.15092E+02  0.00000E+00  0.34591E+02  0.60069E+01  0.16149E+02  0.29481E+00   4297  0.00000E+00      0.000
     569.0000  0.00000E+00  0.38608E+00 -0.37253E-08  0.18838E+00 -0.23842E-06 -0.14866E+02  0.98976E+02 -0.15854E+02  0.33861E+02 -0.14527E-03 -0.14564E+02 -0.12191E+04 -0.15092E+02  0.00000E+00  0.34591E+02  0.57996E+01  0.16149E+02  0.29481E+00   4299  0.00000E+00      0.000
     570.0000  0.00000E+00  0.48260E+00 -0.13621E-07  0.10331E+00 -0.23842E-06 -0.14866E+02  0.99459E+02 -0.15854E+02  0.33988E+02 -0.14551E-03 -0.14817E+02 -0.13751E+04 -0.15092E+02  0.00000E+00  0.34591E+02  0.56300E+01  0.16149E+02  0.29481E+00   4301  0.00000E+00      0.000
     571.0000  0.00000E+00  0.55626E+00  0.46857E-08  0.30717E-01 -0.23842E-06 -0.14866E+02  0.10002E+03 -0.15854E+02  0.34034E+02 -0.14575E-03 -0.15025E+02 -0.15100E+04 -0.15093E+02  0.00000E+00  0.34591E+02  0.55478E+01  0.16149E+02  0.29481E+00   4303  0.00000E+00      0.000
     572.0000  0.00000E+00  0.58928E+00 -0.98662E-08  0.79504E-02 -0.23842E-06 -0.14866E+02  0.10060E+03 -0.15854E+02  0.34046E+02 -0.14600E-03 -0.15255E+02 -0.15722E+04 -0.15093E+02  0.00000E+00  0.34591E+02  0.55247E+01  0.16149E+02  0.29481E+00   4305  0.00000E+00      0.000
     573.0000  0.00000E+00  0.47244E+00 -0.85856E-08  0.20736E-02 -0.26822E-06 -0.14866E+02  0.10108E+03 -0.15854E+02  0.34049E+02 -0.14627E-03 -0.15478E+02 -0.15928E+04 -0.15093E+02  0.00000E+00  0.34591E+02  0.55186E+01  0.16149E+02  0.29481E+00   4307  0.00000E+00      0.000
     574.0000  0.00000E+00  0.40640E+00  0.86147E-08  0.64474E-03 -0.26822E-06 -0.14866E+02  0.10148E+03 -0.15854E+02  0.34050E+02 -0.14652E-03 -0.15689E+02 -0.15985E+04 -0.15093E+02  0.00000E+00  0.34591E+02  0.55171E+01  0.16149E+02  0.29481E+00   4309  0.00000E+00      0.000
     575.0000  0.00000E+00  0.34290E+00  0.48603E-08  0.32493E-03 -0.23842E-06 -0.14866E+02  0.10183E+03 -0.15854E+02  0.34050E+02 -0.14678E-03 -0.15888E+02 -0.15995E+04 -0.15093E+02  0.00000E+00  0.34591E+02  0.55166E+01  0.16149E+02  0.29481E+00   4311  0.00000E+00      0.000
     576.0000  0.00000E+00  0.44196E+00 -0.37544E-08  0.29952E-03 -0.23842E-06 -0.14866E+02  0.10227E+03 -0.15854E+02  0.34050E+02 -0.14703E-03 -0.16074E+02 -0.15997E+04 -0.15093E+02  0.00000E+00  0.34591E+02  0.55162E+01  0.16149E+02  0.29481E+00   4313  0.00000E+00      0.000
     577.0000  0.00000E+00  0.38100E+00  0.40163E-08  0.27943E-03 -0.26822E-06 -0.14866E+02  0.10265E+03 -0.15854E+02  0.34051E+02 -0.14728E-03 -0.16248E+02 -0.15998E+04 -0.15094E+02  0.00000E+00  0.34591E+02  0.55159E+01  0.16149E+02  0.29481E+00   4315  0.00000E+00      0.000
     578.0000  0.00000E+00  0.46990E+00  0.32305E-08  0.26142E-03 -0.26822E-06 -0.14866E+02  0.10312E+03 -0.15854E+02  0.34051E+02 -0.14754E-03 -0.16411E+02 -0.15998E+04 -0.15094E+02  0.00000E+00  0.34591E+02  0.55157E+01  0.16149E+02  0.29481E+00   4317  0.00000E+00      0.000
     579.0000  0.00000E+00  0.41402E+00  0.51223E-08  0.24471E-03 -0.23842E-06 -0.14866E+02  0.10353E+03 -0.15854E+02  0.34051E+02 -0.14779E-03 -0.16564E+02 -0.15999E+04 -0.15094E+02  0.00000E+00  0.34591E+02  0.55154E+01  0.16149E+02  0.29481E+00   4319  0.00000E+00      0.000
     580.0000  0.00000E+00  0.42926E+00  0.27940E-08  0.22908E-03 -0.26822E-06 -0.14866E+02  0.10396E+03 -0.15854E+02  0.34051E+02 -0.14806E-03 -0.16707E+02 -0.16000E+04 -0.15094E+02  0.00000E+00  0.34591E+02  0.55152E+01  0.16149E+02  0.29481E+00   4321  0.00000E+00      0.000
     581.0000  0.00000E+00  0.36322E+00 -0.76107E-08  0.21443E-03 -0.26822E-06 -0.14866E+02  0.10433E+03 -0.15854E+02  0.34052E+02 -0.14831E-03 -0.16841E+02 -0.16001E+04 -0.15094E+02  0.00000E+00  0.34591E+02  0.55149E+01  0.16149E+02  0.29481E+00   4323  0.00000E+00      0.000
     582.0000  0.00000E+00  0.13208E+00 -0.21682E-08  0.19700E-03 -0.23842E-06 -0.14866E+02  0.10446E+03 -0.15854E+02  0.34052E+02 -0.14855E-03 -0.16966E+02 -0.16001E+04 -0.15094E+02  0.00000E+00  0.34591E+02  0.55147E+01  0.16149E+02  0.29481E+00   4325  0.00000E+00      0.000
     583.0000  0.00000E+00  0.33274E+00  0.12078E-08  0.18959E-03 -0.23842E-06 -0.14866E+02  0.10479E+03 -0.15854E+02  0.34052E+02 -0.14880E-03 -0.17084E+02 -0.16002E+04 -0.15095E+02  0.00000E+00  0.34591E+02  0.55145E+01  0.16149E+02  0.29481E+00   4327  0.00000E+00      0.000
     584.0000  0.00000E+00  0.34544E+00 -0.10477E-07  0.17616E-03 -0.26822E-06 -0.14866E+02  0.10514E+03 -0.15854E+02  0.34052E+02 -0.14906E-03 -0.17193E+02 -0.16002E+04 -0.15095E+02  0.00000E+00  0.34591E+02  0.55143E+01  0.16149E+02  0.29481E+00   4329  0.00000E+00      0.000
     585.0000  0.00000E+00  0.11938E+00  0.67230E-08  0.15270E-03 -0.26822E-06 -0.14866E+02  0.10526E+03 -0.15854E+02  0.34052E+02 -0.14931E-03 -0.17296E+02 -0.16002E+04 -0.15095E+02  0.00000E+00  0.34591E+02  0.55142E+01  0.16149E+02  0.29481E+00   4331  0.00000E+00      0.000
     586.0000  0.00000E+00  0.25146E+00  0.50932E-09  0.16421E-03 -0.23842E-06 -0.14866E+02  0.10551E+03 -0.15854E+02  0.34052E+02 -0.14956E-03 -0.17392E+02 -0.16003E+04 -0.15095E+02  0.00000E+00  0.34591E+02  0.55140E+01  0.16149E+02  0.29481E+00   4333  0.00000E+00      0.000
     587.0000  0.00000E+00  0.31242E+00 -0.11394E-07  0.14642E-03 -0.23842E-06 -0.14866E+02  0.10582E+03 -0.15854E+02  0.34053E+02 -0.14982E-03 -0.17482E+02 -0.16004E+04 -0.15095E+02  0.00000E+00  0.34591E+02  0.55139E+01  0.16149E+02  0.29481E+00   4335  0.00000E+00      0.000
     588.0000  0.00000E+00  0.31496E+00  0.21537E-08  0.13516E-03 -0.26822E-06 -0.14866E+02  0.10613E+03 -0.15854E+02  0.34053E+02 -0.15007E-03 -0.17566E+02 -0.16004E+04 -0.15095E+02  0.00000E+00  0.34591E+02  0.55137E+01  0.16149E+02  0.29481E+00   4337  0.00000E+00      0.000
     589.0000  0.00000E+00  0.36576E+00 -0.10186E-09  0.12595E-03 -0.23842E-06 -0.14866E+02  0.10650E+03 -0.15854E+02  0.34053E+02 -0.15031E-03 -0.17644E+02 -0.16005E+04 -0.15096E+02  0.00000E+00  0.34591E+02  0.55136E+01  0.16149E+02  0.29481E+00   4339  0.00000E+00      0.000
     590.0000  0.00000E+00  0.37846E+00 -0.41473E-09  0.11767E-03 -0.23842E-06 -0.14866E+02  0.10688E+03 -0.15854E+02  0.34053E+02 -0.15056E-03 -0.17718E+02 -0.16005E+04 -0.15096E+02  0.00000E+00  0.34591E+02  0.55135E+01  0.16149E+02  0.29481E+00   4341  0.00000E+00      0.000
     591.0000  0.00000E+00  0.32512E+00  0.33906E-08  0.10999E-03 -0.26822E-06 -0.14866E+02  0.10720E+03 -0.15854E+02  0.34053E+02 -0.15083E-03 -0.17786E+02 -0.16005E+04 -0.15096E+02  0.00000E+00  0.34591E+02  0.55133E+01  0.16149E+02  0.29481E+00   4343  0.00000E+00      0.000
     592.0000  0.00000E+00  0.32258E+00  0.11380E-07  0.10282E-03 -0.26822E-06 -0.14866E+02  0.10753E+03 -0.15854E+02  0.34053E+02 -0.15108E-03 -0.17851E+02 -0.16006E+04 -0.15096E+02  0.00000E+00  0.34591E+02  0.55132E+01  0.16149E+02  0.29481E+00   4345  0.00000E+00      0.000
     593.0000  0.00000E+00  0.40386E+00 -0.78653E-08  0.96112E-04 -0.23842E-06 -0.14866E+02  0.10793E+03 -0.15854E+02  0.34053E+02 -0.15134E-03 -0.17911E+02 -0.16006E+04 -0.15096E+02  0.00000E+00  0.34591E+02  0.55131E+01  0.16149E+02  0.29481E+00   4347  0.00000E+00      0.000
     594.0000  0.00000E+00  0.38100E+00  0.18845E-08  0.85229E-04 -0.26822E-06 -0.14866E+02  0.10831E+03 -0.15854E+02  0.34053E+02 -0.15160E-03 -0.17967E+02 -0.16006E+04 -0.15096E+02  0.00000E+00  0.34591E+02  0.55130E+01  0.16149E+02  0.29481E+00   4349  0.00000E+00      0.000
     595.0000  0.00000E+00  0.35814E+00 -0.12442E-07  0.81112E-04 -0.26822E-06 -0.14866E+02  0.10867E+03 -0.15854E+02  0.34053E+02 -0.15186E-03 -0.18019E+02 -0.16006E+04 -0.15097E+02  0.00000E+00  0.34591E+02  0.55130E+01  0.16149E+02  0.29481E+00   4351  0.00000E+00      0.000
     596.0000  0.00000E+00  0.37592E+00 -0.38781E-08  0.74309E-04 -0.26822E-06 -0.14866E+02  0.10904E+03 -0.15854E+02  0.34054E+02 -0.15211E-03 -0.18068E+02 -0.16007E+04 -0.15097E+02  0.00000E+00  0.34591E+02  0.55129E+01  0.16149E+02  0.29481E+00   4353  0.00000E+00      0.000
     597.0000  0.00000E+00  0.43434E+00  0.38563E-08  0.64614E-04 -0.23842E-06 -0.14866E+02  0.10948E+03 -0.15854E+02  0.34054E+02 -0.15236E-03 -0.18114E+02 -0.16007E+04 -0.15097E+02  0.00000E+00  0.34591E+02  0.55128E+01  0.16149E+02  0.29481E+00   4355  0.00000E+00      0.000
     598.0000  0.00000E+00  0.34290E+00  0.47876E-08  0.66402E-04 -0.26822E-06 -0.14866E+02  0.10982E+03 -0.15854E+02  0.34054E+02 -0.15263E-03 -0.18157E+02 -0.16007E+04 -0.15097E+02  0.00000E+00  0.34591E+02  0.55127E+01  0.16149E+02  0.29481E+00   4357  0.00000E+00      0.000
     599.0000  0.00000E+00  0.28956E+00  0.14224E-07  0.64073E-04 -0.26822E-06 -0.14866E+02  0.11011E+03 -0.15854E+02  0.34054E+02 -0.15289E-03 -0.18196E+02 -0.16007E+04 -0.15097E+02  0.00000E+00  0.34591E+02  0.55127E+01  0.16149E+02  0.29481E+00   4359  0.00000E+00      0.000
     600.0000  0.00000E+00  0.31496E+00  0.65047E-08  0.57653E-04 -0.23842E-06 -0.14866E+02  0.11043E+03 -0.15854E+02  0.34054E+02 -0.15314E-03 -0.18234E+02 -0.16007E+04 -0.15097E+02  0.00000E+00  0.34591E+02  0.55126E+01  0.16149E+02  0.29481E+00   4361  0.00000E+00      0.000
     601.0000  0.00000E+00  0.37846E+00 -0.38344E-08  0.49574E-04 -0.23842E-06 -0.14866E+02  0.11081E+03 -0.15854E+02  0.34054E+02 -0.15339E-03 -0.18269E+02 -0.16007E+04 -0.15097E+02  0.00000E+00  0.34591E+02  0.55126E+01  0.16149E+02  0.29481E+00   4363  0.00000E+00      0.000
     602.0000  0.00000E+00  0.34290E+00  0.26484E-08  0.48845E-04 -0.26822E-06 -0.14866E+02  0.11115E+03 -0.15854E+02  0.34054E+02 -0.15365E-03 -0.18301E+02 -0.16007E+04 -0.15098E+02  0.00000E+00  0.34591E+02  0.55125E+01  0.16149E+02  0.29481E+00   4365  0.00000E+00      0.000
     603.0000  0.00000E+00  0.37084E+00  0.10623E-08  0.44425E-04 -0.26822E-06 -0.14866E+02  0.11152E+03 -0.15854E+02  0.34054E+02 -0.15390E-03 -0.18332E+02 -0.16007E+04 -0.15098E+02  0.00000E+00  0.34591E+02  0.55125E+01  0.16149E+02  0.29481E+00   4367  0.00000E+00      0.000
     604.0000  0.00000E+00  0.34798E+00  0.39290E-09  0.42896E-04 -0.23842E-06 -0.14866E+02  0.11187E+03 -0.15854E+02  0.34054E+02 -0.15415E-03 -0.18360E+02 -0.16007E+04 -0.15098E+02  0.00000E+00  0.34591E+02  0.55124E+01  0.16149E+02  0.29481E+00   4369  0.00000E+00      0.000
     605.0000  0.00000E+00  0.46228E+00 -0.12518E-07  0.33725E-04 -0.26822E-06 -0.14866E+02  0.11233E+03 -0.15854E+02  0.34054E+02 -0.15442E-03 -0.18387E+02 -0.16007E+04 -0.15098E+02  0.00000E+00  0.34591E+02  0.55124E+01  0.16149E+02  0.29481E+00   4371  0.00000E+00      0.000
     606.0000  0.00000E+00  0.26416E+00  0.84401E-09  0.38362E-04 -0.26822E-06 -0.14866E+02  0.11259E+03 -0.15854E+02  0.34054E+02 -0.15467E-03 -0.18411E+02 -0.16007E+04 -0.15098E+02  0.00000E+00  0.34591E+02  0.55123E+01  0.16149E+02  0.29481E+00   4373  0.00000E+00      0.000
     607.0000  0.00000E+00  0.39624E+00  0.22774E-08  0.29220E-04 -0.23842E-06 -0.14866E+02  0.11299E+03 -0.15854E+02  0.34054E+02 -0.15493E-03 -0.18435E+02 -0.16007E+04 -0.15098E+02  0.00000E+00  0.34591E+02  0.55123E+01  0.16149E+02  0.29481E+00   4375  0.00000E+00      0.000
     608.0000  0.00000E+00  0.36576E+00  0.10186E-07  0.29253E-04 -0.23842E-06 -0.14866E+02  0.11336E+03 -0.15854E+02  0.34054E+02 -0.15518E-03 -0.18456E+02 -0.16007E+04 -0.15099E+02  0.00000E+00  0.34591E+02  0.55123E+01  0.16149E+02  0.29481E+00   4377  0.00000E+00      0.000
     609.0000  0.00000E+00  0.30480E+00 -0.14246E-07  0.30266E-04 -0.26822E-06 -0.14866E+02  0.11366E+03 -0.15854E+02  0.34054E+02 -0.15543E-03 -0.18476E+02 -0.16007E+04 -0.15099E+02  0.00000E+00  0.34591E+02  0.55122E+01  0.16149E+02  0.29481E+00   4379  0.00000E+00      0.000
     610.0000  0.00000E+00  0.28956E+00  0.74269E-08  0.00000E+00 -0.23842E-06 -0.14866E+02  0.11395E+03 -0.15854E+02  0.34054E+02 -0.15567E-03 -0.18495E+02 -0.79614E+03 -0.15099E+02  0.00000E+00  0.34591E+02  0.55122E+01  0.16149E+02  0.29481E+00   4381  0.00000E+00      0.000
     611.0000  0.00000E+00  0.30226E+00  0.84328E-08  0.00000E+00 -0.23842E-06 -0.14866E+02  0.11425E+03 -0.15854E+02  0.34054E+02 -0.15591E-03 -0.18513E+02 -0.79614E+03 -0.15099E+02  0.00000E+00  0.34591E+02  0.55121E+01  0.16149E+02  0.29481E+00   4383  0.00000E+00      0.000
     612.0000  0.00000E+00  0.29718E+00  0.12975E-07  0.00000E+00 -0.26822E-06 -0.14866E+02  0.11455E+03 -0.15854E+02  0.34054E+02 -0.15618E-03 -0.18530E+02 -0.79615E+03 -0.15099E+02  0.00000E+00  0.34591E+02  0.55121E+01  0.16149E+02  0.29481E+00   4385  0.00000E+00      0.000
     613.0000  0.00000E+00  0.29464E+00 -0.64065E-08  0.68322E-04 -0.26822E-06 -0.14866E+02  0.11484E+03 -0.15854E+02  0.34054E+02 -0.15643E-03 -0.18545E+02 -0.79613E+03 -0.15099E+02  0.00000E+00  0.34591E+02  0.55121E+01  0.16149E+02  0.29481E+00   4387  0.00000E+00      0.000
     614.0000  0.00000E+00  0.28956E+00 -0.23992E-08  0.00000E+00 -0.23842E-06 -0.14866E+02  0.11513E+03 -0.15854E+02  0.34054E+02 -0.15669E-03 -0.18559E+02 -0.79613E+03 -0.15100E+02  0.00000E+00  0.34591E+02  0.55121E+01  0.16149E+02  0.29481E+00   4389  0.00000E+00      0.000
     615.0000  0.00000E+00  0.30226E+00  0.58262E-08  0.00000E+00 -0.23842E-06 -0.14866E+02  0.11544E+03 -0.15854E+02  0.34054E+02 -0.15694E-03 -0.18573E+02 -0.79615E+03 -0.15100E+02  0.00000E+00  0.34591E+02  0.55120E+01  0.16149E+02  0.29481E+00   4391  0.00000E+00      0.000
     616.0000  0.00000E+00  0.29210E+00  0.14126E-07  0.63963E-04 -0.26822E-06 -0.14866E+02  0.11573E+03 -0.15854E+02  0.34054E+02 -0.15721E-03 -0.18585E+02 -0.79613E+03 -0.15100E+02  0.00000E+00  0.34591E+02  0.55120E+01  0.16149E+02  0.29481E+00   4393  0.00000E+00      0.000
     617.0000  0.00000E+00  0.28448E+00 -0.24811E-08  0.00000E+00 -0.23842E-06 -0.14866E+02  0.11601E+03 -0.15854E+02  0.34054E+02 -0.15745E-03 -0.18597E+02 -0.79614E+03 -0.15100E+02  0.00000E+00  0.34591E+02  0.55120E+01  0.16149E+02  0.29481E+00   4395  0.00000E+00      0.000
     618.0000  0.00000E+00  0.39624E+00 -0.65120E-08  0.67689E-04 -0.23842E-06 -0.14866E+02  0.11641E+03 -0.15854E+02  0.34054E+02 -0.15770E-03 -0.18608E+02 -0.79613E+03 -0.15100E+02  0.00000E+00  0.34591E+02  0.55120E+01  0.16149E+02  0.29481E+00   4397  0.00000E+00      0.000
     619.0000  0.00000E+00  0.18288E+00 -0.13339E-07  0.00000E+00 -0.26822E-06 -0.14866E+02  0.11659E+03 -0.15854E+02  0.34054E+02 -0.15797E-03 -0.18618E+02 -0.79614E+03 -0.15100E+02  0.00000E+00  0.34591E+02  0.55120E+01  0.16149E+02  0.29481E+00   4399  0.00000E+00      0.000
     620.0000  0.00000E+00  0.15240E+00  0.22956E-08  0.65006E-04 -0.26822E-06 -0.14866E+02  0.11674E+03 -0.15854E+02  0.34054E+02 -0.15822E-03 -0.18628E+02 -0.79613E+03 -0.15101E+02  0.00000E+00  0.34591E+02  0.55120E+01  0.16149E+02  0.29481E+00   4401  0.00000E+00      0.000
     621.0000  0.00000E+00  0.63500E-01  0.51996E-08  0.00000E+00 -0.23842E-06 -0.14866E+02  0.11681E+03 -0.15854E+02  0.34054E+02 -0.15846E-03 -0.18637E+02 -0.79614E+03 -0.15101E+02  0.00000E+00  0.34591E+02  0.55119E+01  0.16149E+02  0.29481E+00   4403  0.00000E+00      0.000
     622.0000  0.00000E+00  0.23876E+00  0.46912E-08  0.00000E+00 -0.23842E-06 -0.14866E+02  0.11705E+03 -0.15854E+02  0.34054E+02 -0.15871E-03 -0.18645E+02 -0.79613E+03 -0.15101E+02  0.00000E+00  0.34591E+02  0.55119E+01  0.16149E+02  0.29481E+00   4405  0.00000E+00      0.000
     623.0000  0.00000E+00  0.35814E+00 -0.23429E-08  0.00000E+00 -0.26822E-06 -0.14866E+02  0.11740E+03 -0.15854E+02  0.34054E+02 -0.15898E-03 -0.18653E+02 -0.79615E+03 -0.15101E+02  0.00000E+00  0.34591E+02  0.55119E+01  0.16149E+02  0.29481E+00   4407  0.00000E+00      0.000
     624.0000  0.00000E+00  0.17272E+00  0.20973E-08  0.00000E+00 -0.26822E-06 -0.14866E+02  0.11758E+03 -0.15854E+02  0.34054E+02 -0.15923E-03 -0.18660E+02 -0.79614E+03 -0.15101E+02  0.00000E+00  0.34591E+02  0.55119E+01  0.16149E+02  0.29481E+00   4409  0.00000E+00      0.000
     625.0000  0.00000E+00  0.19812E+00  0.87612E-08  0.00000E+00 -0.23842E-06 -0.14866E+02  0.11777E+03 -0.15854E+02  0.34054E+02 -0.15949E-03 -0.18667E+02 -0.79613E+03 -0.15101E+02  0.00000E+00  0.34591E+02  0.55119E+01  0.16149E+02  0.29481E+00   4411  0.00000E+00      0.000
     626.0000  0.00000E+00  0.16764E+00 -0.42055E-08  0.00000E+00 -0.26822E-06 -0.14866E+02  0.11794E+03 -0.15854E+02  0.34055E+02 -0.15976E-03 -0.18673E+02 -0.79615E+03 -0.15102E+02  0.00000E+00  0.34591E+02  0.55119E+01  0.16149E+02  0.29481E+00   4413  0.00000E+00      0.000
     627.0000  0.00000E+00  0.88900E-01 -0.10350E-08  0.00000E+00 -0.26822E-06 -0.14866E+02  0.11803E+03 -0.15854E+02  0.34055E+02 -0.16001E-03 -0.18679E+02 -0.79614E+03 -0.15102E+02  0.00000E+00  0.34591E+02  0.55119E+01  0.16149E+02  0.29481E+00   4415  0.00000E+00      0.000
     628.0000  0.00000E+00  0.24384E+00 -0.14747E-07  0.00000E+00 -0.23842E-06 -0.14866E+02  0.11828E+03 -0.15854E+02  0.34055E+02 -0.16025E-03 -0.18685E+02 -0.79614E+03 -0.15102E+02  0.00000E+00  0.34591E+02  0.55119E+01  0.16149E+02  0.29481E+00   4417  0.00000E+00      0.000
     629.0000  0.00000E+00  0.34544E+00 -0.10484E-07  0.64239E-04 -0.23842E-06 -0.14866E+02  0.11862E+03 -0.15854E+02  0.34055E+02 -0.16050E-03 -0.18690E+02 -0.79613E+03 -0.15102E+02  0.00000E+00  0.34591E+02  0.55119E+01  0.16149E+02  0.29481E+00   4419  0.00000E+00      0.000
     630.0000  0.00000E+00  0.19558E+00 -0.47644E-08  0.00000E+00 -0.26822E-06 -0.14866E+02  0.11882E+03 -0.15854E+02  0.34055E+02 -0.16077E-03 -0.18695E+02 -0.79615E+03 -0.15102E+02  0.00000E+00  0.34591E+02  0.55118E+01  0.16149E+02  0.29481E+00   4421  0.00000E+00      0.000
     631.0000  0.00000E+00  0.32258E+00 -0.13862E-07  0.00000E+00 -0.26822E-06 -0.14866E+02  0.11914E+03 -0.15854E+02  0.34055E+02 -0.16102E-03 -0.18699E+02 -0.79614E+03 -0.15102E+02  0.00000E+00  0.34591E+02  0.55118E+01  0.16149E+02  0.29481E+00   4423  0.00000E+00      0.000
     632.0000  0.00000E+00  0.26670E+00  0.32569E-08  0.00000E+00 -0.23842E-06 -0.14866E+02  0.11941E+03 -0.15854E+02  0.34055E+02 -0.16128E-03 -0.18704E+02 -0.79614E+03 -0.15103E+02  0.00000E+00  0.34591E+02  0.55118E+01  0.16149E+02  0.29481E+00   4425  0.00000E+00      0.000
     633.0000  0.00000E+00  0.44196E+00 -0.10451E-07  0.00000E+00 -0.26822E-06 -0.14866E+02  0.11985E+03 -0.15854E+02  0.34055E+02 -0.16154E-03 -0.18708E+02 -0.79613E+03 -0.15103E+02  0.00000E+00  0.34591E+02  0.55118E+01  0.16149E+02  0.29481E+00   4427  0.00000E+00      0.000
     634.0000  0.00000E+00  0.39624E+00 -0.10245E-07  0.00000E+00 -0.26822E-06 -0.14866E+02  0.12024E+03 -0.15854E+02  0.34055E+02 -0.16180E-03 -0.18711E+02 -0.79616E+03 -0.15103E+02  0.00000E+00  0.34591E+02  0.55118E+01  0.16149E+02  0.29481E+00   4429  0.00000E+00      0.000
     635.0000  0.00000E+00  0.31750E+00  0.11971E-07  0.00000E+00 -0.23842E-06 -0.14866E+02  0.12056E+03 -0.15854E+02  0.34055E+02 -0.16204E-03 -0.18715E+02 -0.79615E+03 -0.15103E+02  0.00000E+00  0.34591E+02  0.55118E+01  0.16149E+02  0.29481E+00   4431  0.00000E+00      0.000
     636.0000  0.00000E+00  0.40894E+00  0.85588E-08  0.00000E+00 -0.23842E-06 -0.14866E+02  0.12097E+03 -0.15854E+02  0.34055E+02 -0.16229E-03 -0.18718E+02 -0.79615E+03 -0.15103E+02  0.00000E+00  0.34591E+02  0.55118E+01  0.16149E+02  0.29481E+00   4433  0.00000E+00      0.000
     637.0000  0.00000E+00  0.23368E+00  0.11050E-07  0.00000E+00 -0.26822E-06 -0.14866E+02  0.12120E+03 -0.15854E+02  0.34055E+02 -0.16254E-03 -0.18721E+02 -0.79614E+03 -0.15103E+02  0.00000E+00  0.34591E+02  0.55118E+01  0.16149E+02  0.29481E+00   4435  0.00000E+00      0.000
     638.0000  0.00000E+00  0.31750E+00 -0.95292E-08  0.00000E+00 -0.26822E-06 -0.14866E+02  0.12152E+03 -0.15854E+02  0.34055E+02 -0.16280E-03 -0.18724E+02 -0.79614E+03 -0.15103E+02  0.00000E+00  0.34591E+02  0.55118E+01  0.16149E+02  0.29481E+00   4437  0.00000E+00      0.000
     639.0000  0.00000E+00  0.20828E+00  0.87452E-08  0.00000E+00 -0.23842E-06 -0.14866E+02  0.12173E+03 -0.15854E+02  0.34055E+02 -0.16305E-03 -0.18726E+02 -0.79613E+03 -0.15104E+02  0.00000E+00  0.34591E+02  0.55118E+01  0.16149E+02  0.29481E+00   4439  0.00000E+00      0.000
     640.0000  0.54102E+00  0.00000E+00  0.19033E-04  0.00000E+00 -0.26822E-06 -0.14325E+02  0.12173E+03 -0.15723E+02  0.34055E+02 -0.16330E-03 -0.10000E+07 -0.79613E+03 -0.15104E+02  0.00000E+00  0.34591E+02  0.53809E+01  0.16149E+02  0.42576E+00   4441  0.00000E+00      0.000
     641.0000  0.19304E+00  0.00000E+00  0.99840E-31  0.00000E+00 -0.26822E-06 -0.14132E+02  0.12173E+03 -0.15723E+02  0.34055E+02 -0.16357E-03 -0.10000E+07 -0.79613E+03 -0.15104E+02  0.00000E+00  0.34591E+02  0.53809E+01  0.16149E+02  0.42576E+00   4443  0.00000E+00      0.000
     642.0000  0.17526E+00  0.00000E+00  0.99840E-31  0.00000E+00 -0.23842E-06 -0.13956E+02  0.12173E+03 -0.15723E+02  0.34055E+02 -0.16382E-03 -0.10000E+07 -0.79613E+03 -0.15104E+02  0.00000E+00  0.34591E+02  0.53809E+01  0.16149E+02  0.42576E+00   4445  0.00000E+00      0.000
     643.0000  0.46228E+00  0.00000E+00  0.99840E-31  0.00000E+00 -0.23842E-06 -0.13494E+02  0.12173E+03 -0.15723E+02  0.34055E+02 -0.16406E-03 -0.10000E+07 -0.79613E+03 -0.15104E+02  0.00000E+00  0.34591E+02  0.53809E+01  0.16149E+02  0.42576E+00   4447  0.00000E+00      0.000
     644.0000  0.25400E+00  0.00000E+00  0.99840E-31  0.00000E+00 -0.26822E-06 -0.13240E+02  0.12173E+03 -0.15723E+02  0.34055E+02 -0.16432E-03 -0.10000E+07 -0.79613E+03 -0.15104E+02  0.00000E+00  0.34591E+02  0.53809E+01  0.16149E+02  0.42576E+00   4449  0.00000E+00      0.000
     645.0000  0.22352E+00  0.00000E+00  0.99840E-31  0.00000E+00 -0.26822E-06 -0.13017E+02  0.12173E+03 -0.15723E+02  0.34055E+02 -0.16458E-03 -0.10000E+07 -0.79613E+03 -0.15105E+02  0.00000E+00  0.34591E+02  0.53809E+01  0.16149E+02  0.42576E+00   4451  0.00000E+00      0.000
     646.0000  0.33528E+00  0.00000E+00  0.99840E-31  0.00000E+00 -0.23842E-06 -0.12681E+02  0.12173E+03 -0.15723E+02  0.34055E+02 -0.16484E-03 -0.10000E+07 -0.79613E+03 -0.15105E+02  0.00000E+00  0.34591E+02  0.53809E+01  0.16149E+02  0.42576E+00   4453  0.00000E+00      0.000
     647.0000  0.35306E+00  0.00000E+00  0.99840E-31  0.00000E+00 -0.23842E-06 -0.12328E+02  0.12173E+03 -0.15723E+02  0.34055E+02 -0.16508E-03 -0.10000E+07 -0.79613E+03 -0.15105E+02  0.00000E+00  0.34591E+02  0.53809E+01  0.16149E+02  0.42576E+00   4455  0.00000E+00      0.000
     648.0000  0.27940E+00  0.00000E+00  0.99840E-31  0.00000E+00 -0.26822E-06 -0.12049E+02  0.12173E+03 -0.15723E+02  0.34055E+02 -0.16534E-03 -0.10000E+07 -0.79613E+03 -0.15105E+02  0.00000E+00  0.34591E+02  0.53809E+01  0.16149E+02  0.42576E+00   4457  0.00000E+00      0.000
     649.0000  0.17526E+00  0.00000E+00  0.99840E-31  0.00000E+00 -0.26822E-06 -0.11874E+02  0.12173E+03 -0.15723E+02  0.34055E+02 -0.16561E-03 -0.10000E+07 -0.79613E+03 -0.15105E+02  0.00000E+00  0.34591E+02  0.53809E+01  0.16149E+02  0.42576E+00   4459  0.00000E+00      0.000
     650.0000  0.12954E+00  0.00000E+00  0.99840E-31  0.00000E+00 -0.23842E-06 -0.11744E+02  0.12173E+03 -0.15723E+02  0.34055E+02 -0.16585E-03 -0.10000E+07 -0.79613E+03 -0.15105E+02  0.00000E+00  0.34591E+02  0.53809E+01  0.16149E+02  0.42576E+00   4461  0.00000E+00      0.000
     651.0000  0.14732E+00  0.00000E+00  0.99840E-31  0.00000E+00 -0.26822E-06 -0.11597E+02  0.12173E+03 -0.15723E+02  0.34055E+02 -0.16610E-03 -0.10000E+07 -0.79613E+03 -0.15106E+02  0.00000E+00  0.34591E+02  0.53809E+01  0.16149E+02  0.42576E+00   4463  0.00000E+00      0.000
     652.0000  0.15494E+00  0.00000E+00  0.99840E-31  0.00000E+00 -0.26822E-06 -0.11442E+02  0.12173E+03 -0.15723E+02  0.34055E+02 -0.16637E-03 -0.10000E+07 -0.79613E+03 -0.15106E+02  0.00000E+00  0.34591E+02  0.53808E+01  0.16149E+02  0.42576E+00   4465  0.00000E+00      0.000
     653.0000  0.30480E+00  0.00000E+00  0.99840E-31  0.00000E+00 -0.23842E-06 -0.11137E+02  0.12173E+03 -0.15723E+02  0.34055E+02 -0.16661E-03 -0.10000E+07 -0.79613E+03 -0.15106E+02  0.00000E+00  0.34591E+02  0.53808E+01  0.16149E+02  0.42576E+00   4467  0.00000E+00      0.000
     654.0000  0.23368E+00  0.00000E+00  0.99840E-31  0.00000E+00 -0.23842E-06 -0.10903E+02  0.12173E+03 -0.15723E+02  0.34055E+02 -0.16685E-03 -0.10000E+07 -0.79613E+03 -0.15106E+02  0.00000E+00  0.34591E+02  0.53808E+01  0.16149E+02  0.42576E+00   4469  0.00000E+00      0.000
     655.0000  0.25908E+00  0.00000E+00  0.99840E-31  0.00000E+00 -0.26822E-06 -0.10644E+02  0.12173E+03 -0.15723E+02  0.34055E+02 -0.16712E-03 -0.10000E+07 -0.79613E+03 -0.15106E+02  0.00000E+00  0.34591E+02  0.53808E+01  0.16149E+02  0.42576E+00   4471  0.00000E+00      0.000
     656.0000  0.13716E+00  0.00000E+00  0.99840E-31  0.00000E+00 -0.26822E-06 -0.10507E+02  0.12173E+03 -0.15723E+02  0.34055E+02 -0.16738E-03 -0.10000E+07 -0.79613E+03 -0.15106E+02  0.00000E+00  0.34591E+02  0.53808E+01  0.16149E+02  0.42576E+00   4473  0.00000E+00      0.000
     657.0000  0.25654E+00  0.00000E+00  0.99840E-31  0.00000E+00 -0.23842E-06 -0.10251E+02  0.12173E+03 -0.15723E+02  0.34055E+02 -0.16762E-03 -0.10000E+07 -0.79613E+03 -0.15107E+02  0.00000E+00  0.34591E+02  0.53808E+01  0.16149E+02  0.42576E+00   4475  0.00000E+00      0.000
     658.0000  0.48768E+00  0.00000E+00  0.99840E-31  0.00000E+00 -0.26822E-06 -0.97629E+01  0.12173E+03 -0.15723E+02  0.34055E+02 -0.16788E-03 -0.10000E+07 -0.79613E+03 -0.15107E+02  0.00000E+00  0.34591E+02  0.53808E+01  0.16149E+02  0.42576E+00   4477  0.00000E+00      0.000
     659.0000  0.40640E+00  0.00000E+00  0.99840E-31  0.00000E+00 -0.26822E-06 -0.93565E+01  0.12173E+03 -0.15723E+02  0.34055E+02 -0.16814E-03 -0.10000E+07 -0.79613E+03 -0.15107E+02  0.00000E+00  0.34591E+02  0.53808E+01  0.16149E+02  0.42576E+00   4479  0.00000E+00      0.000
     660.0000  0.20066E+00  0.00000E+00  0.99840E-31  0.00000E+00 -0.23842E-06 -0.91559E+01  0.12173E+03 -0.15723E+02  0.34055E+02 -0.16838E-03 -0.10000E+07 -0.79613E+03 -0.15107E+02  0.00000E+00  0.34591E+02  0.53808E+01  0.16149E+02  0.42576E+00   4481  0.00000E+00      0.000
     661.0000  0.17272E+00  0.00000E+00  0.99840E-31  0.00000E+00 -0.23842E-06 -0.89832E+01  0.12173E+03 -0.15723E+02  0.34055E+02 -0.16862E-03 -0.10000E+07 -0.79613E+03 -0.15107E+02  0.00000E+00  0.34591E+02  0.53808E+01  0.16149E+02  0.42576E+00   4483  0.00000E+00      0.000
     662.0000  0.25400E+00  0.00000E+00  0.99840E-31  0.00000E+00 -0.26822E-06 -0.87292E+01  0.12173E+03 -0.15723E+02  0.34055E+02 -0.16889E-03 -0.10000E+07 -0.79613E+03 -0.15107E+02  0.00000E+00  0.34591E+02  0.53808E+01  0.16149E+02  0.42576E+00   4485  0.00000E+00      0.000
     663.0000  0.16510E+00  0.00000E+00  0.99840E-31  0.00000E+00 -0.26822E-06 -0.85641E+01  0.12173E+03 -0.15723E+02  0.34055E+02 -0.16916E-03 -0.10000E+07 -0.79613E+03 -0.15108E+02  0.00000E+00  0.34591E+02  0.53808E+01  0.16149E+02  0.42576E+00   4487  0.00000E+00      0.000
     664.0000  0.10668E+00  0.00000E+00  0.99840E-31  0.00000E+00 -0.23842E-06 -0.84574E+01  0.12173E+03 -0.15723E+02  0.34055E+02 -0.16940E-03 -0.10000E+07 -0.79613E+03 -0.15108E+02  0.00000E+00  0.34591E+02  0.53808E+01  0.16149E+02  0.42576E+00   4489  0.00000E+00      0.000
     665.0000  0.27686E+00  0.00000E+00  0.99840E-31  0.00000E+00 -0.26822E-06 -0.81805E+01  0.12173E+03 -0.15723E+02  0.34055E+02 -0.16965E-03 -0.10000E+07 -0.79613E+03 -0.15108E+02  0.00000E+00  0.34591E+02  0.53808E+01  0.16149E+02  0.42576E+00   4491  0.00000E+00      0.000
     666.0000  0.32766E+00  0.00000E+00  0.99840E-31  0.00000E+00 -0.26822E-06 -0.78529E+01  0.12173E+03 -0.15723E+02  0.34055E+02 -0.16992E-03 -0.10000E+07 -0.79613E+03 -0.15108E+02  0.00000E+00  0.34591E+02  0.53808E+01  0.16149E+02  0.42576E+00   4493  0.00000E+00      0.000
     667.0000  0.21336E+00  0.00000E+00  0.99840E-31  0.00000E+00 -0.23842E-06 -0.76395E+01  0.12173E+03 -0.15723E+02  0.34055E+02 -0.17017E-03 -0.10000E+07 -0.79613E+03 -0.15108E+02  0.00000E+00  0.34591E+02  0.53808E+01  0.16149E+02  0.42576E+00   4495  0.00000E+00      0.000
     668.0000  0.81280E-01  0.00000E+00  0.99840E-31  0.00000E+00 -0.23842E-06 -0.75582E+01  0.12173E+03 -0.15723E+02  0.34055E+02 -0.17041E-03 -0.10000E+07 -0.79613E+03 -0.15108E+02  0.00000E+00  0.34591E+02  0.53808E+01  0.16149E+02  0.42576E+00   4497  0.00000E+00      0.000
     669.0000  0.17526E+00  0.00000E+00  0.99840E-31  0.00000E+00 -0.26822E-06 -0.73830E+01  0.12173E+03 -0.15723E+02  0.34055E+02 -0.17068E-03 -0.10000E+07 -0.79613E+03 -0.15108E+02  0.00000E+00  0.34591E+02  0.53808E+01  0.16149E+02  0.42576E+00   4499  0.00000E+00      0.000
     670.0000  0.14732E+00  0.00000E+00  0.99840E-31  0.00000E+00 -0.26822E-06 -0.72356E+01  0.12173E+03 -0.15723E+02  0.34055E+02 -0.17095E-03 -0.10000E+07 -0.79613E+03 -0.15109E+02  0.00000E+00  0.34591E+02  0.53808E+01  0.16149E+02  0.42576E+00   4501  0.00000E+00      0.000
     671.0000  0.17018E+00  0.00000E+00  0.99840E-31  0.00000E+00 -0.23842E-06 -0.70655E+01  0.12173E+03 -0.15723E+02  0.34055E+02 -0.17118E-03 -0.10000E+07 -0.79613E+03 -0.15109E+02  0.00000E+00  0.34591E+02  0.53808E+01  0.16149E+02  0.42576E+00   4503  0.00000E+00      0.000
     672.0000  0.21082E+00  0.00000E+00  0.99840E-31  0.00000E+00 -0.23842E-06 -0.68546E+01  0.12173E+03 -0.15723E+02  0.34055E+02 -0.17142E-03 -0.10000E+07 -0.79613E+03 -0.15109E+02  0.00000E+00  0.34591E+02  0.53808E+01  0.16149E+02  0.42576E+00   4505  0.00000E+00      0.000
     673.0000  0.10160E+00  0.00000E+00  0.99840E-31  0.00000E+00 -0.26822E-06 -0.67530E+01  0.12173E+03 -0.15723E+02  0.34055E+02 -0.17169E-03 -0.10000E+07 -0.79613E+03 -0.15109E+02  0.00000E+00  0.34591E+02  0.53808E+01  0.16149E+02  0.42576E+00   4507  0.00000E+00      0.000
     674.0000  0.21844E+00  0.00000E+00  0.99840E-31  0.00000E+00 -0.23842E-06 -0.65346E+01  0.12173E+03 -0.15723E+02  0.34055E+02 -0.17194E-03 -0.10000E+07 -0.79613E+03 -0.15109E+02  0.00000E+00  0.34591E+02  0.53808E+01  0.16149E+02  0.42576E+00   4509  0.00000E+00      0.000
     675.0000  0.78740E-01  0.00000E+00  0.99840E-31  0.00000E+00 -0.23842E-06 -0.64559E+01  0.12173E+03 -0.15723E+02  0.34055E+02 -0.17218E-03 -0.10000E+07 -0.79613E+03 -0.15109E+02  0.00000E+00  0.34591E+02  0.53808E+01  0.16149E+02  0.42576E+00   4511  0.00000E+00      0.000
     676.0000  0.15240E+00  0.00000E+00  0.99840E-31  0.00000E+00 -0.26822E-06 -0.63035E+01  0.12173E+03 -0.15723E+02  0.34055E+02 -0.17245E-03 -0.10000E+07 -0.79613E+03 -0.15110E+02  0.00000E+00  0.34591E+02  0.53808E+01  0.16149E+02  0.42576E+00   4513  0.00000E+00      0.000
     677.0000  0.28702E+00  0.00000E+00  0.99840E-31  0.00000E+00 -0.26822E-06 -0.60164E+01  0.12173E+03 -0.15723E+02  0.34055E+02 -0.17272E-03 -0.10000E+07 -0.79613E+03 -0.15110E+02  0.00000E+00  0.34591E+02  0.53808E+01  0.16149E+02  0.42576E+00   4515  0.00000E+00      0.000
     678.0000  0.25146E+00  0.00000E+00  0.99840E-31  0.00000E+00 -0.23842E-06 -0.57650E+01  0.12173E+03 -0.15723E+02  0.34055E+02 -0.17296E-03 -0.10000E+07 -0.79613E+03 -0.15110E+02  0.00000E+00  0.34591E+02  0.53808E+01  0.16149E+02  0.42576E+00   4517  0.00000E+00      0.000
     679.0000  0.11176E+00  0.00000E+00  0.99840E-31  0.00000E+00 -0.26822E-06 -0.56532E+01  0.12173E+03 -0.15723E+02  0.34055E+02 -0.17321E-03 -0.10000E+07 -0.79613E+03 -0.15110E+02  0.00000E+00  0.34591E+02  0.53808E+01  0.16149E+02  0.42576E+00   4519  0.00000E+00      0.000
     680.0000  0.10414E+00  0.00000E+00  0.99840E-31  0.00000E+00 -0.26822E-06 -0.55491E+01  0.12173E+03 -0.15723E+02  0.34055E+02 -0.17348E-03 -0.10000E+07 -0.79613E+03 -0.15110E+02  0.00000E+00  0.34591E+02  0.53808E+01  0.16149E+02  0.42576E+00   4521  0.00000E+00      0.000
     681.0000  0.18542E+00  0.00000E+00  0.99840E-31  0.00000E+00 -0.26822E-06 -0.53637E+01  0.12173E+03 -0.15723E+02  0.34055E+02 -0.17375E-03 -0.10000E+07 -0.79613E+03 -0.15110E+02  0.00000E+00  0.34591E+02  0.53808E+01  0.16149E+02  0.42576E+00   4523  0.00000E+00      0.000
     682.0000  0.18288E+00  0.00000E+00  0.99840E-31  0.00000E+00 -0.23842E-06 -0.51808E+01  0.12173E+03 -0.15723E+02  0.34055E+02 -0.17399E-03 -0.10000E+07 -0.79613E+03 -0.15111E+02  0.00000E+00  0.34591E+02  0.53808E+01  0.16149E+02  0.42576E+00   4525  0.00000E+00      0.000
     683.0000  0.27940E+00  0.00000E+00  0.99840E-31  0.00000E+00 -0.26822E-06 -0.49014E+01  0.12173E+03 -0.15723E+02  0.34055E+02 -0.17425E-03 -0.10000E+07 -0.79613E+03 -0.15111E+02  0.00000E+00  0.34591E+02  0.53808E+01  0.16149E+02  0.42576E+00   4527  0.00000E+00      0.000
     684.0000  0.24130E+00  0.00000E+00  0.99840E-31  0.00000E+00 -0.23842E-06 -0.46601E+01  0.12173E+03 -0.15723E+02  0.34055E+02 -0.17449E-03 -0.10000E+07 -0.79613E+03 -0.15111E+02  0.00000E+00  0.34591E+02  0.53808E+01  0.16149E+02  0.42576E+00   4529  0.00000E+00      0.000
     685.0000  0.68580E-01  0.00000E+00  0.99840E-31  0.00000E+00 -0.23842E-06 -0.45915E+01  0.12173E+03 -0.15723E+02  0.34055E+02 -0.17473E-03 -0.10000E+07 -0.79613E+03 -0.15111E+02  0.00000E+00  0.34591E+02  0.53808E+01  0.16149E+02  0.42576E+00   4531  0.00000E+00      0.000
     686.0000  0.14986E+00  0.00000E+00  0.99840E-31  0.00000E+00 -0.23842E-06 -0.44416E+01  0.12173E+03 -0.15723E+02  0.34055E+02 -0.17497E-03 -0.10000E+07 -0.79613E+03 -0.15111E+02  0.00000E+00  0.34591E+02  0.53808E+01  0.16149E+02  0.42576E+00   4533  0.00000E+00      0.000
     687.0000  0.31750E+00  0.00000E+00  0.99840E-31  0.00000E+00 -0.23842E-06 -0.41241E+01  0.12173E+03 -0.15723E+02  0.34055E+02 -0.17521E-03 -0.10000E+07 -0.79613E+03 -0.15111E+02  0.00000E+00  0.34591E+02  0.53808E+01  0.16149E+02  0.42576E+00   4535  0.00000E+00      0.000
     688.0000  0.13462E+00  0.00000E+00  0.99840E-31  0.00000E+00 -0.23842E-06 -0.39895E+01  0.12173E+03 -0.15723E+02  0.34055E+02 -0.17545E-03 -0.10000E+07 -0.79613E+03 -0.15112E+02  0.00000E+00  0.34591E+02  0.53808E+01  0.16149E+02  0.42576E+00   4537  0.00000E+00      0.000
     689.0000  0.40640E-01  0.00000E+00  0.99840E-31  0.00000E+00 -0.23842E-06 -0.39489E+01  0.12173E+03 -0.15723E+02  0.34055E+02 -0.17568E-03 -0.10000E+07 -0.79613E+03 -0.15112E+02  0.00000E+00  0.34591E+02  0.53808E+01  0.16149E+02  0.42576E+00   4539  0.00000E+00      0.000
     690.0000  0.30480E-01  0.00000E+00  0.99840E-31  0.00000E+00 -0.23842E-06 -0.39184E+01  0.12173E+03 -0.15723E+02  0.34055E+02 -0.17592E-03 -0.10000E+07 -0.79613E+03 -0.15112E+02  0.00000E+00  0.34591E+02  0.53808E+01  0.16149E+02  0.42576E+00   4541  0.00000E+00      0.000
     691.0000  0.40640E-01  0.00000E+00  0.99840E-31  0.00000E+00 -0.23842E-06 -0.38778E+01  0.12173E+03 -0.15723E+02  0.34055E+02 -0.17616E-03 -0.10000E+07 -0.79613E+03 -0.15112E+02  0.00000E+00  0.34591E+02  0.53808E+01  0.16149E+02  0.42576E+00   4543  0.00000E+00      0.000
     692.0000  0.12700E-01  0.00000E+00  0.99840E-31  0.00000E+00 -0.23842E-06 -0.38651E+01  0.12173E+03 -0.15723E+02  0.34055E+02 -0.17640E-03 -0.10000E+07 -0.79613E+03 -0.15112E+02  0.00000E+00  0.34591E+02  0.53808E+01  0.16149E+02  0.42576E+00   4545  0.00000E+00      0.000
     693.0000  0.20320E-01  0.00000E+00  0.99840E-31  0.00000E+00 -0.23842E-06 -0.38447E+01  0.12173E+03 -0.15723E+02  0.34055E+02 -0.17664E-03 -0.10000E+07 -0.79613E+03 -0.15112E+02  0.00000E+00  0.34591E+02  0.53808E+01  0.16149E+02  0.42576E+00   4547  0.00000E+00      0.000
     694.0000  0.17780E-01  0.00000E+00  0.99840E-31  0.00000E+00 -0.23842E-06 -0.38270E+01  0.12173E+03 -0.15723E+02  0.34055E+02 -0.17688E-03 -0.10000E+07 -0.79613E+03 -0.15112E+02  0.00000E+00  0.34591E+02  0.53808E+01  0.16149E+02  0.42576E+00   4549  0.00000E+00      0.000
     695.0000  0.17780E-01  0.00000E+00  0.99840E-31  0.00000E+00 -0.23842E-06 -0.38092E+01  0.12173E+03 -0.15723E+02  0.34055E+02 -0.17712E-03 -0.10000E+07 -0.79613E+03 -0.15113E+02  0.00000E+00  0.34591E+02  0.53808E+01  0.16149E+02  0.42576E+00   4551  0.00000E+00      0.000
     696.0000  0.76200E-01  0.00000E+00  0.99840E-31  0.00000E+00 -0.23842E-06 -0.37330E+01  0.12173E+03 -0.15723E+02  0.34055E+02 -0.17735E-03 -0.10000E+07 -0.79613E+03 -0.15113E+02  0.00000E+00  0.34591E+02  0.53808E+01  0.16149E+02  0.42576E+00   4553  0.00000E+00      0.000
     697.0000  0.22860E-01  0.00000E+00  0.99840E-31  0.00000E+00 -0.23842E-06 -0.37101E+01  0.12173E+03 -0.15723E+02  0.34055E+02 -0.17759E-03 -0.10000E+07 -0.79613E+03 -0.15113E+02  0.00000E+00  0.34591E+02  0.53808E+01  0.16149E+02  0.42576E+00   4555  0.00000E+00      0.000
     698.0000  0.40640E-01  0.00000E+00  0.99840E-31  0.00000E+00 -0.23842E-06 -0.36695E+01  0.12173E+03 -0.15723E+02  0.34055E+02 -0.17783E-03 -0.10000E+07 -0.79613E+03 -0.15113E+02  0.00000E+00  0.34591E+02  0.53808E+01  0.16149E+02  0.42576E+00   4557  0.00000E+00      0.000
     699.0000  0.17780E-01  0.00000E+00  0.99840E-31  0.00000E+00 -0.23842E-06 -0.36517E+01  0.12173E+03 -0.15723E+02  0.34055E+02 -0.17807E-03 -0.10000E+07 -0.79613E+03 -0.15113E+02  0.00000E+00  0.34591E+02  0.53808E+01  0.16149E+02  0.42576E+00   4559  0.00000E+00      0.000
     700.0000  0.11938E+00  0.00000E+00  0.99840E-31  0.00000E+00 -0.23842E-06 -0.35323E+01  0.12173E+03 -0.15723E+02  0.34055E+02 -0.17831E-03 -0.10000E+07 -0.79613E+03 -0.15113E+02  0.00000E+00  0.34591E+02  0.53808E+01  0.16149E+02  0.42576E+00   4561  0.00000E+00      0.000
     701.0000  0.33020E-01  0.00000E+00  0.99840E-31  0.00000E+00 -0.23842E-06 -0.34993E+01  0.12173E+03 -0.15723E+02  0.34055E+02 -0.17855E-03 -0.10000E+07 -0.79613E+03 -0.15113E+02  0.00000E+00  0.34591E+02  0.53808E+01  0.16149E+02  0.42576E+00   4563  0.00000E+00      0.000
     702.0000  0.81280E-01  0.00000E+00  0.99840E-31  0.00000E+00 -0.23842E-06 -0.34180E+01  0.12173E+03 -0.15723E+02  0.34055E+02 -0.17878E-03 -0.10000E+07 -0.79613E+03 -0.15114E+02  0.00000E+00  0.34591E+02  0.53808E+01  0.16149E+02  0.42576E+00   4565  0.00000E+00      0.000
     703.0000  0.15748E+00  0.00000E+00  0.99840E-31  0.00000E+00 -0.23842E-06 -0.32605E+01  0.12173E+03 -0.15723E+02  0.34055E+02 -0.17902E-03 -0.10000E+07 -0.79613E+03 -0.15114E+02  0.00000E+00  0.34591E+02  0.53808E+01  0.16149E+02  0.42576E+00   4567  0.00000E+00      0.000
     704.0000  0.48260E-01  0.00000E+00  0.99840E-31  0.00000E+00 -0.23842E-06 -0.32123E+01  0.12173E+03 -0.15723E+02  0.34055E+02 -0.17926E-03 -0.10000E+07 -0.79613E+03 -0.15114E+02  0.00000E+00  0.34591E+02  0.53808E+01  0.16149E+02  0.42576E+00   4569  0.00000E+00      0.000
     705.0000  0.18034E+00  0.00000E+00  0.99840E-31  0.00000E+00 -0.23842E-06 -0.30319E+01  0.12173E+03 -0.15723E+02  0.34055E+02 -0.17950E-03 -0.10000E+07 -0.79613E+03 -0.15114E+02  0.00000E+00  0.34591E+02  0.53808E+01  0.16149E+02  0.42576E+00   4571  0.00000E+00      0.000
     706.0000  0.28956E+00  0.00000E+00  0.99840E-31  0.00000E+00 -0.23842E-06 -0.27424E+01  0.12173E+03 -0.15723E+02  0.34055E+02 -0.17974E-03 -0.10000E+07 -0.79613E+03 -0.15114E+02  0.00000E+00  0.34591E+02  0.53808E+01  0.16149E+02  0.42576E+00   4573  0.00000E+00      0.000
     707.0000  0.36576E+00  0.00000E+00  0.99840E-31  0.00000E+00 -0.23842E-06 -0.23766E+01  0.12173E+03 -0.15723E+02  0.34055E+02 -0.17998E-03 -0.10000E+07 -0.79613E+03 -0.15114E+02  0.00000E+00  0.34591E+02  0.53808E+01  0.16149E+02  0.42576E+00   4575  0.00000E+00      0.000
     708.0000  0.12954E+00  0.00000E+00  0.99840E-31  0.00000E+00 -0.23842E-06 -0.22471E+01  0.12173E+03 -0.15723E+02  0.34055E+02 -0.18021E-03 -0.10000E+07 -0.79613E+03 -0.15115E+02  0.00000E+00  0.34591E+02  0.53808E+01  0.16149E+02  0.42576E+00   4577  0.00000E+00      0.000
     709.0000  0.58420E-01  0.00000E+00  0.99840E-31  0.00000E+00 -0.23842E-06 -0.21887E+01  0.12173E+03 -0.15723E+02  0.34055E+02 -0.18045E-03 -0.10000E+07 -0.79613E+03 -0.15115E+02  0.00000E+00  0.34591E+02  0.53808E+01  0.16149E+02  0.42576E+00   4579  0.00000E+00      0.000
     710.0000  0.68580E-01  0.00000E+00  0.99840E-31  0.00000E+00 -0.23842E-06 -0.21201E+01  0.12173E+03 -0.15723E+02  0.34055E+02 -0.18069E-03 -0.10000E+07 -0.79613E+03 -0.15115E+02  0.00000E+00  0.34591E+02  0.53808E+01  0.16149E+02  0.42576E+00   4581  0.00000E+00      0.000
     711.0000  0.10668E+00  0.00000E+00  0.99840E-31  0.00000E+00 -0.23842E-06 -0.20134E+01  0.12173E+03 -0.15723E+02  0.34055E+02 -0.18093E-03 -0.10000E+07 -0.79613E+03 -0.15115E+02  0.00000E+00  0.34591E+02  0.53808E+01  0.16149E+02  0.42576E+00   4583  0.00000E+00      0.000
     712.0000  0.55880E-01  0.00000E+00  0.99840E-31  0.00000E+00 -0.23842E-06 -0.19575E+01  0.12173E+03 -0.15723E+02  0.34055E+02 -0.18117E-03 -0.10000E+07 -0.79613E+03 -0.15115E+02  0.00000E+00  0.34591E+02  0.53808E+01  0.16149E+02  0.42576E+00   4585  0.00000E+00      0.000
     713.0000  0.13462E+00  0.00000E+00  0.99840E-31  0.00000E+00 -0.23842E-06 -0.18229E+01  0.12173E+03 -0.15723E+02  0.34055E+02 -0.18141E-03 -0.10000E+07 -0.79613E+03 -0.15115E+02  0.00000E+00  0.34591E+02  0.53808E+01  0.16149E+02  0.42576E+00   4587  0.00000E+00      0.000
     714.0000  0.18542E+00  0.00000E+00  0.99840E-31  0.00000E+00 -0.23842E-06 -0.16375E+01  0.12173E+03 -0.15723E+02  0.34055E+02 -0.18165E-03 -0.10000E+07 -0.79613E+03 -0.15115E+02  0.00000E+00  0.34591E+02  0.53808E+01  0.16149E+02  0.42576E+00   4589  0.00000E+00      0.000
     715.0000  0.10922E+00  0.00000E+00  0.99840E-31  0.00000E+00 -0.23842E-06 -0.15283E+01  0.12173E+03 -0.15723E+02  0.34055E+02 -0.18188E-03 -0.10000E+07 -0.79613E+03 -0.15116E+02  0.00000E+00  0.34591E+02  0.53808E+01  0.16149E+02  0.42576E+00   4591  0.00000E+00      0.000
     716.0000  0.58420E-01  0.00000E+00  0.99840E-31  0.00000E+00 -0.23842E-06 -0.14698E+01  0.12173E+03 -0.15723E+02  0.34055E+02 -0.18212E-03 -0.10000E+07 -0.79613E+03 -0.15116E+02  0.00000E+00  0.34591E+02  0.53808E+01  0.16149E+02  0.42576E+00   4593  0.00000E+00      0.000
     717.0000  0.20320E-01  0.00000E+00  0.99840E-31  0.00000E+00 -0.23842E-06 -0.14495E+01  0.12173E+03 -0.15723E+02  0.34055E+02 -0.18236E-03 -0.10000E+07 -0.79613E+03 -0.15116E+02  0.00000E+00  0.34591E+02  0.53808E+01  0.16149E+02  0.42576E+00   4595  0.00000E+00      0.000
     718.0000  0.17272E+00  0.00000E+00  0.99840E-31  0.00000E+00 -0.23842E-06 -0.12768E+01  0.12173E+03 -0.15723E+02  0.34055E+02 -0.18260E-03 -0.10000E+07 -0.79613E+03 -0.15116E+02  0.00000E+00  0.34591E+02  0.53808E+01  0.16149E+02  0.42576E+00   4597  0.00000E+00      0.000
     719.0000  0.12192E+00  0.00000E+00  0.99840E-31  0.00000E+00 -0.23842E-06 -0.11549E+01  0.12173E+03 -0.15723E+02  0.34055E+02 -0.18284E-03 -0.10000E+07 -0.79613E+03 -0.15116E+02  0.00000E+00  0.34591E+02  0.53808E+01  0.16149E+02  0.42576E+00   4599  0.00000E+00      0.000
     720.0000  0.21844E+00  0.00000E+00  0.99840E-31  0.00000E+00 -0.23842E-06 -0.93643E+00  0.12173E+03 -0.15723E+02  0.34055E+02 -0.18308E-03 -0.10000E+07 -0.79613E+03 -0.15116E+02  0.00000E+00  0.34591E+02  0.53808E+01  0.16149E+02  0.42576E+00   4601  0.00000E+00      0.000
     721.0000  0.25146E+00  0.00000E+00  0.99840E-31  0.00000E+00 -0.23842E-06 -0.68497E+00  0.12173E+03 -0.15723E+02  0.34055E+02 -0.18331E-03 -0.10000E+07 -0.79613E+03 -0.15117E+02  0.00000E+00  0.34591E+02  0.53808E+01  0.16149E+02  0.42576E+00   4603  0.00000E+00      0.000
     722.0000  0.17272E+00  0.00000E+00  0.99840E-31  0.00000E+00 -0.23842E-06 -0.51225E+00  0.12173E+03 -0.15723E+02  0.34055E+02 -0.18355E-03 -0.10000E+07 -0.79613E+03 -0.15117E+02  0.00000E+00  0.34591E+02  0.53808E+01  0.16149E+02  0.42576E+00   4605  0.00000E+00      0.000
     723.0000  0.19812E+00  0.00000E+00  0.99840E-31  0.00000E+00 -0.23842E-06 -0.31413E+00  0.12173E+03 -0.15723E+02  0.34055E+02 -0.18379E-03 -0.10000E+07 -0.79613E+03 -0.15117E+02  0.00000E+00  0.34591E+02  0.53808E+01  0.16149E+02  0.42576E+00   4607  0.00000E+00      0.000
     724.0000  0.18796E+00  0.00000E+00  0.99840E-31  0.00000E+00 -0.23842E-06 -0.12617E+00  0.12173E+03 -0.15723E+02  0.34055E+02 -0.18403E-03 -0.10000E+07 -0.79613E+03 -0.15117E+02  0.00000E+00  0.34591E+02  0.53808E+01  0.16149E+02  0.42576E+00   4609  0.00000E+00      0.000
     725.0000  0.20320E+00  0.00000E+00  0.99840E-31  0.00000E+00 -0.23842E-06  0.77027E-01  0.12173E+03 -0.15723E+02  0.34055E+02 -0.18427E-03 -0.10000E+07 -0.79613E+03 -0.15117E+02  0.00000E+00  0.34591E+02  0.53808E+01  0.16149E+02  0.42576E+00   4611  0.00000E+00      0.000
     726.0000  0.21844E+00  0.00000E+00  0.99840E-31  0.00000E+00 -0.23842E-06  0.29547E+00  0.12173E+03 -0.15723E+02  0.34055E+02 -0.18451E-03 -0.10000E+07 -0.79613E+03 -0.15117E+02  0.00000E+00  0.34591E+02  0.53808E+01  0.16149E+02  0.42576E+00   4613  0.00000E+00      0.000
     727.0000  0.17526E+00  0.00000E+00  0.99840E-31  0.00000E+00 -0.23842E-06  0.47073E+00  0.12173E+03 -0.15723E+02  0.34055E+02 -0.18474E-03 -0.10000E+07 -0.79613E+03 -0.15117E+02  0.00000E+00  0.34591E+02  0.53808E+01  0.16149E+02  0.42576E+00   4615  0.00000E+00      0.000
     728.0000  0.20574E+00  0.00000E+00  0.99840E-31  0.00000E+00 -0.23842E-06  0.67647E+00  0.12173E+03 -0.15723E+02  0.34055E+02 -0.18498E-03 -0.10000E+07 -0.79613E+03 -0.15118E+02  0.00000E+00  0.34591E+02  0.53808E+01  0.16149E+02  0.42576E+00   4617  0.00000E+00      0.000
     729.0000  0.78740E-01  0.00000E+00  0.99840E-31  0.00000E+00 -0.23842E-06  0.75521E+00  0.12173E+03 -0.15723E+02  0.34055E+02 -0.18522E-03 -0.10000E+07 -0.79613E+03 -0.15118E+02  0.00000E+00  0.34591E+02  0.53808E+01  0.16149E+02  0.42576E+00   4619  0.00000E+00      0.000
     730.0000  0.15240E-01  0.00000E+00  0.99840E-31  0.00000E+00 -0.23842E-06  0.77045E+00  0.12173E+03 -0.15723E+02  0.34055E+02 -0.18546E-03 -0.10000E+07 -0.79613E+03 -0.15118E+02  0.00000E+00  0.34591E+02  0.53808E+01  0.16149E+02  0.42576E+00   4621  0.00000E+00      0.000
     731.0000  0.00000E+00  0.00000E+00  0.99840E-31  0.00000E+00 -0.23842E-06  0.77045E+00  0.12173E+03 -0.15723E+02  0.34055E+02 -0.18570E-03 -0.10000E+07 -0.79613E+03 -0.15118E+02  0.00000E+00  0.34591E+02  0.53808E+01  0.16149E+02  0.42576E+00   4623  0.00000E+00      0.000
     732.0000  0.12700E-01  0.00000E+00  0.99840E-31  0.00000E+00 -0.23842E-06  0.78315E+00  0.12173E+03 -0.15723E+02  0.34055E+02 -0.18594E-03 -0.10000E+07 -0.79613E+03 -0.15118E+02  0.00000E+00  0.34591E+02  0.53808E+01  0.16149E+02  0.42576E+00   4625  0.00000E+00      0.000
     733.0000  0.12700E-01  0.00000E+00  0.99840E-31  0.00000E+00 -0.23842E-06  0.79585E+00  0.12173E+03 -0.15723E+02  0.34055E+02 -0.18618E-03 -0.10000E+07 -0.79613E+03 -0.15118E+02  0.00000E+00  0.34591E+02  0.53808E+01  0.16149E+02  0.42576E+00   4627  0.00000E+00      0.000
     734.0000  0.12700E-01  0.00000E+00  0.99840E-31  0.00000E+00 -0.23842E-06  0.80855E+00  0.12173E+03 -0.15723E+02  0.34055E+02 -0.18641E-03 -0.10000E+07 -0.79613E+03 -0.15118E+02  0.00000E+00  0.34591E+02  0.53808E+01  0.16149E+02  0.42576E+00   4629  0.00000E+00      0.000
     735.0000  0.10160E-01  0.00000E+00  0.99840E-31  0.00000E+00 -0.23842E-06  0.81871E+00  0.12173E+03 -0.15723E+02  0.34055E+02 -0.18665E-03 -0.10000E+07 -0.79613E+03 -0.15119E+02  0.00000E+00  0.34591E+02  0.53808E+01  0.16149E+02  0.42576E+00   4631  0.00000E+00      0.000
     736.0000  0.50800E-02  0.00000E+00  0.99840E-31  0.00000E+00 -0.23842E-06  0.82379E+00  0.12173E+03 -0.15723E+02  0.34055E+02 -0.18689E-03 -0.10000E+07 -0.79613E+03 -0.15119E+02  0.00000E+00  0.34591E+02  0.53808E+01  0.16149E+02  0.42576E+00   4633  0.00000E+00      0.000
     737.0000  0.15240E-01  0.00000E+00  0.99840E-31  0.00000E+00 -0.23842E-06  0.83903E+00  0.12173E+03 -0.15723E+02  0.34055E+02 -0.18713E-03 -0.10000E+07 -0.79613E+03 -0.15119E+02  0.00000E+00  0.34591E+02  0.53808E+01  0.16149E+02  0.42576E+00   4635  0.00000E+00      0.000
     738.0000  0.71120E-01  0.00000E+00  0.99840E-31  0.00000E+00 -0.23842E-06  0.91015E+00  0.12173E+03 -0.15723E+02  0.34055E+02 -0.18737E-03 -0.10000E+07 -0.79613E+03 -0.15119E+02  0.00000E+00  0.34591E+02  0.53808E+01  0.16149E+02  0.42576E+00   4637  0.00000E+00      0.000
     739.0000  0.10668E+00  0.00000E+00  0.99840E-31  0.00000E+00 -0.23842E-06  0.10168E+01  0.12173E+03 -0.15723E+02  0.34055E+02 -0.18761E-03 -0.10000E+07 -0.79613E+03 -0.15119E+02  0.00000E+00  0.34591E+02  0.53808E+01  0.16149E+02  0.42576E+00   4639  0.00000E+00      0.000
     740.0000  0.66040E-01  0.00000E+00  0.99840E-31  0.00000E+00 -0.23842E-06  0.10829E+01  0.12173E+03 -0.15723E+02  0.34055E+02 -0.18784E-03 -0.10000E+07 -0.79613E+03 -0.15119E+02  0.00000E+00  0.34591E+02  0.53808E+01  0.16149E+02  0.42576E+00   4641  0.00000E+00      0.000
     741.0000  0.19050E+00  0.00000E+00  0.99840E-31  0.00000E+00 -0.23842E-06  0.12734E+01  0.12173E+03 -0.15723E+02  0.34055E+02 -0.18808E-03 -0.10000E+07 -0.79613E+03 -0.15120E+02  0.00000E+00  0.34591E+02  0.53808E+01  0.16149E+02  0.42576E+00   4643  0.00000E+00      0.000
     742.0000  0.45720E-01  0.00000E+00  0.99840E-31  0.00000E+00 -0.23842E-06  0.13191E+01  0.12173E+03 -0.15723E+02  0.34055E+02 -0.18832E-03 -0.10000E+07 -0.79613E+03 -0.15120E+02  0.00000E+00  0.34591E+02  0.53808E+01  0.16149E+02  0.42576E+00   4645  0.00000E+00      0.000
     743.0000  0.22860E-01  0.00000E+00  0.99840E-31  0.00000E+00 -0.23842E-06  0.13419E+01  0.12173E+03 -0.15723E+02  0.34055E+02 -0.18856E-03 -0.10000E+07 -0.79613E+03 -0.15120E+02  0.00000E+00  0.34591E+02  0.53808E+01  0.16149E+02  0.42576E+00   4647  0.00000E+00      0.000
     744.0000  0.55880E-01  0.00000E+00  0.99840E-31  0.00000E+00 -0.23842E-06  0.13978E+01  0.12173E+03 -0.15723E+02  0.34055E+02 -0.18880E-03 -0.10000E+07 -0.79613E+03 -0.15120E+02  0.00000E+00  0.34591E+02  0.53808E+01  0.16149E+02  0.42576E+00   4649  0.00000E+00      0.000
     745.0000  0.10668E+00  0.00000E+00  0.99840E-31  0.00000E+00 -0.23842E-06  0.15045E+01  0.12173E+03 -0.15723E+02  0.34055E+02 -0.18904E-03 -0.10000E+07 -0.79613E+03 -0.15120E+02  0.00000E+00  0.34591E+02  0.53808E+01  0.16149E+02  0.42576E+00   4651  0.00000E+00      0.000
     746.0000  0.12700E+00  0.00000E+00  0.99840E-31  0.00000E+00 -0.23842E-06  0.16315E+01  0.12173E+03 -0.15723E+02  0.34055E+02 -0.18927E-03 -0.10000E+07 -0.79613E+03 -0.15120E+02  0.00000E+00  0.34591E+02  0.53808E+01  0.16149E+02  0.42576E+00   4653  0.00000E+00      0.000
     747.0000  0.20574E+00  0.00000E+00  0.99840E-31  0.00000E+00 -0.23842E-06  0.18372E+01  0.12173E+03 -0.15723E+02  0.34055E+02 -0.18951E-03 -0.10000E+07 -0.79613E+03 -0.15120E+02  0.00000E+00  0.34591E+02  0.53808E+01  0.16149E+02  0.42576E+00   4655  0.00000E+00      0.000
     748.0000  0.40640E-01  0.00000E+00  0.99840E-31  0.00000E+00 -0.23842E-06  0.18779E+01  0.12173E+03 -0.15723E+02  0.34055E+02 -0.18975E-03 -0.10000E+07 -0.79613E+03 -0.15121E+02  0.00000E+00  0.34591E+02  0.53808E+01  0.16149E+02  0.42576E+00   4657  0.00000E+00      0.000
     749.0000  0.20320E-01  0.00000E+00  0.99840E-31  0.00000E+00 -0.23842E-06  0.18982E+01  0.12173E+03 -0.15723E+02  0.34055E+02 -0.18999E-03 -0.10000E+07 -0.79613E+03 -0.15121E+02  0.00000E+00  0.34591E+02  0.53808E+01  0.16149E+02  0.42576E+00   4659  0.00000E+00      0.000
     750.0000  0.17780E-01  0.00000E+00  0.99840E-31  0.00000E+00 -0.23842E-06  0.19160E+01  0.12173E+03 -0.15723E+02  0.34055E+02 -0.19023E-03 -0.10000E+07 -0.79613E+03 -0.15121E+02  0.00000E+00  0.34591E+02  0.53808E+01  0.16149E+02  0.42576E+00   4661  0.00000E+00      0.000
     751.0000  0.55880E-01  0.00000E+00  0.99840E-31  0.00000E+00 -0.23842E-06  0.19719E+01  0.12173E+03 -0.15723E+02  0.34055E+02 -0.19047E-03 -0.10000E+07 -0.79613E+03 -0.15121E+02  0.00000E+00  0.34591E+02  0.53808E+01  0.16149E+02  0.42576E+00   4663  0.00000E+00      0.000
     752.0000  0.14986E+00  0.00000E+00  0.99840E-31  0.00000E+00 -0.23842E-06  0.21217E+01  0.12173E+03 -0.15723E+02  0.34055E+02 -0.19071E-03 -0.10000E+07 -0.79613E+03 -0.15121E+02  0.00000E+00  0.34591E+02  0.53808E+01  0.16149E+02  0.42576E+00   4665  0.00000E+00      0.000
     753.0000  0.45720E-01  0.00000E+00  0.99840E-31  0.00000E+00 -0.23842E-06  0.21674E+01  0.12173E+03 -0.15723E+02  0.34055E+02 -0.19094E-03 -0.10000E+07 -0.79613E+03 -0.15121E+02  0.00000E+00  0.34591E+02  0.53808E+01  0.16149E+02  0.42576E+00   4667  0.00000E+00      0.000
     754.0000  0.15494E+00  0.00000E+00  0.99840E-31  0.00000E+00 -0.23842E-06  0.23224E+01  0.12173E+03 -0.15723E+02  0.34055E+02 -0.19118E-03 -0.10000E+07 -0.79613E+03 -0.15122E+02  0.00000E+00  0.34591E+02  0.53808E+01  0.16149E+02  0.42576E+00   4669  0.00000E+00      0.000
     755.0000  0.27940E-01  0.00000E+00  0.99840E-31  0.00000E+00 -0.23842E-06  0.23503E+01  0.12173E+03 -0.15723E+02  0.34055E+02 -0.19142E-03 -0.10000E+07 -0.79613E+03 -0.15122E+02  0.00000E+00  0.34591E+02  0.53808E+01  0.16149E+02  0.42576E+00   4671  0.00000E+00      0.000
     756.0000  0.33020E-01  0.00000E+00  0.99840E-31  0.00000E+00 -0.23842E-06  0.23833E+01  0.12173E+03 -0.15723E+02  0.34055E+02 -0.19166E-03 -0.10000E+07 -0.79613E+03 -0.15122E+02  0.00000E+00  0.34591E+02  0.53808E+01  0.16149E+02  0.42576E+00   4673  0.00000E+00      0.000
end
