,Date,Precip,ET_cm,MinTemp,MaxTemp,AvgTemp,rTop,rRoot,vTop,vRoot,vBot,sum(rTop),sum(rRoot),sum(vTop),sum(vRoot),sum(vBot),hTop,hRoot,hBot,RunOff,sum(RunOff),Volume,sum(Infil),sum(Evap),Cum(WTrans),h37,theta37,temp37
0,2023-01-01,0.0,0.07112,-6.275,4.775,-1.26458333333333,0.0,0.0,-6.7707e-07,0.0,-0.016842,0.0,0.0,6.7424e-08,0.0,-0.057945,-43.22,-4.3388,-151.99,0.0,0.0,31.688,0.0,2.4891e-07,0.0,-8.41,0.4359,20.0
1,2023-01-02,0.0,0.03556,-9.8,2.45,-4.71354166666667,0.03556,0.0,0.03556,0.0,-0.0082743,0.03556,0.0,0.03556,0.0,-0.068409,-45.366,-4.8975,-202.42,0.0,0.0,31.642,0.0,0.035561,0.0,-8.51,0.4358,20.0
2,2023-01-03,0.0,0.10668,-8.45,2.175,-3.865625,0.10668,0.0,0.10668,0.0,-0.0052837,0.14224,0.0,0.14224,0.0,-0.074364,-49.264,-6.1215,-237.92,0.0,0.0,31.529,0.0,0.14224,0.0,-10.24,0.4341,20.0
3,2023-01-04,0.0,0.0762,-7.55,4.15,-2.59895833333333,0.0762,0.0,0.0762,0.0,-0.0038983,0.21844,0.0,0.21844,0.0,-0.078541,-50.383,-7.1064,-268.69,0.0,0.0,31.449,0.0,0.21844,0.0,-11.84,0.4324,20.0
4,2023-01-05,0.0,0.03302,-11.3,1.75,-4.66666666666667,0.03302,0.0,0.03302,0.0,-0.002989,0.25146,0.0,0.25146,0.0,-0.081742,-50.019,-7.6529,-293.42,0.0,0.0,31.412,0.0,0.25146,0.0,-12.76,0.4314,20.0
5,2023-01-06,0.4267,0.04826,-2.2,4.325,1.20104166666667,0.04826,0.0,0.048261,0.0,-0.0023932,0.29972,0.0,0.29972,0.0,-0.084248,-51.256,-8.2439,-315.66,0.0,0.0,31.362,0.0,0.29972,0.0,-13.61,0.4305,20.0
6,2023-01-07,0.0,0.127,-1.55,6.8,2.52291666666667,0.127,0.0,0.127,0.0,-0.0020481,0.42672,0.0,0.42672,0.0,-0.086378,-56.029,-9.4459,-337.45,0.0,0.0,31.233,0.0,0.42672,0.0,-15.38,0.4286,20.0
7,2023-01-08,0.0,0.18542,0.45,7.175,3.51770833333333,0.18542,0.0,0.18542,0.0,-0.0017567,0.61214,0.0,0.61214,0.0,-0.088204,-62.276,-11.103,-356.3,0.0,0.0,31.045,0.0,0.61214,0.0,-18.03,0.4256,20.0
8,2023-01-09,0.0,0.1778,-0.6,5.775,2.91770833333333,0.1778,0.0,0.1778,0.0,-0.0015068,0.78994,0.0,0.78994,0.0,-0.089771,-66.355,-12.687,-372.49,0.0,0.0,30.866,0.0,0.78994,0.0,-20.81,0.4223,20.0
9,2023-01-10,0.0,0.09652,-7.15,7.1,0.789583333333333,0.09652,0.0,0.09652,0.0,-0.0012984,0.88646,0.0,0.88646,0.0,-0.091118,-65.173,-13.642,-386.85,0.0,0.0,30.768,0.0,0.88646,0.0,-22.87,0.4199,20.0
10,2023-01-11,0.0017,0.04572,-7.9,3.25,-3.36770833333333,0.04572,0.0,0.04572,0.0,-0.0011899,0.93218,0.0,0.93218,0.0,-0.092336,-63.503,-14.183,-403.74,0.0,0.0,30.721,0.0,0.93218,0.0,-24.1,0.4184,20.0
11,2023-01-12,0.0,0.19304,-2.55,7.25,3.34895833333333,0.19304,0.0,0.19304,0.0,-0.0010913,1.1252,0.0,1.1252,0.0,-0.093451,-73.488,-15.666,-419.28,0.0,0.0,30.527,0.0,1.1252,0.0,-26.03,0.4162,20.0
12,2023-01-13,0.0,0.23114,5.425,10.05,7.59479166666667,0.23114,0.0,0.23114,0.0,-0.0010008,1.3564,0.0,1.3564,0.0,-0.094474,-82.231,-17.439,-433.52,0.0,0.0,30.295,0.0,1.3564,0.0,-28.7,0.413,20.0
13,2023-01-14,0.0,0.17272,0.625,9.625,5.56979166666667,0.17272,0.0,0.17272,0.0,-0.00091764,1.5291,0.0,1.5291,0.0,-0.095412,-83.409,-18.799,-446.56,0.0,0.0,30.121,0.0,1.5291,0.0,-31.3,0.4099,20.0
14,2023-01-15,0.0,0.03302,-0.75,4.825,1.30833333333333,0.03302,0.0,0.03302,0.0,-0.00084144,1.5621,0.0,1.5621,0.0,-0.096273,-75.152,-19.158,-458.53,0.0,0.0,30.087,0.0,1.5621,0.0,-32.92,0.408,20.0
15,2023-01-16,0.068,0.02032,-1.675,3.35,0.201041666666667,0.02032,0.0,0.02032,0.0,-0.00077157,1.5824,0.0,1.5824,0.0,-0.097061,-72.931,-19.397,-469.51,0.0,0.0,30.066,0.0,1.5824,0.0,-33.72,0.4071,20.0
16,2023-01-17,0.0323,0.04318,-2.025,4.625,0.527083333333333,0.04318,0.0,0.04318,0.0,-0.00070748,1.6256,0.0,1.6256,0.0,-0.097784,-74.041,-19.762,-479.58,0.0,0.0,30.022,0.0,1.6256,0.0,-34.32,0.4064,20.0
17,2023-01-18,0.0,0.16002,-3.125,5.925,0.075,0.16002,0.0,0.16002,0.0,-0.00065614,1.7856,0.0,1.7856,0.0,-0.098451,-84.224,-20.916,-489.86,0.0,0.0,29.862,0.0,1.7856,0.0,-35.55,0.4049,20.0
18,2023-01-19,0.0,0.10668,-1.75,4.525,0.377083333333333,0.10668,0.0,0.10668,0.0,-0.00062472,1.8923,0.0,1.8923,0.0,-0.099084,-84.469,-21.721,-501.76,0.0,0.0,29.754,0.0,1.8923,0.0,-37.0,0.4032,20.0
19,2023-01-20,0.0,0.127,-3.55,4.375,-1.03020833333333,0.127,0.0,0.127,0.0,-0.00059526,2.0193,0.0,2.0193,0.0,-0.099686,-88.104,-22.651,-513.15,0.0,0.0,29.627,0.0,2.0193,0.0,-38.51,0.4015,20.0
20,2023-01-21,0.0,0.18288,-3.325,5.875,0.444791666666667,0.18288,0.0,0.18288,0.0,-0.00056718,2.2022,0.0,2.2022,0.0,-0.10026,-96.991,-23.974,-524.0,0.0,0.0,29.443,0.0,2.2022,0.0,-40.32,0.3995,20.0
21,2023-01-22,0.0,0.07874,-3.65,2.35,-0.75,0.07874,0.0,0.07874,0.0,-0.00054042,2.2809,0.0,2.2809,0.0,-0.10081,-91.066,-24.531,-534.33,0.0,0.0,29.364,0.0,2.2809,0.0,-41.92,0.3977,20.0
22,2023-01-23,0.0,0.0889,-6.85,0.225,-3.28854166666667,0.0889,0.0,0.0889,0.0,-0.00051494,2.3698,0.0,2.3698,0.0,-0.10133,-91.763,-25.167,-544.19,0.0,0.0,29.275,0.0,2.3698,0.0,-43.22,0.3962,20.0
23,2023-01-24,0.0,0.08382,-4.75,1.95,-1.86666666666667,0.08382,0.0,0.08382,0.0,-0.00049065,2.4536,0.0,2.4536,0.0,-0.10183,-92.362,-25.772,-553.57,0.0,0.0,29.19,0.0,2.4536,0.0,-44.4,0.3949,20.0
24,2023-01-25,0.0,0.06096,-5.5,2.5,-1.25833333333333,0.06096,0.0,0.06096,0.0,-0.00046751,2.5146,0.0,2.5146,0.0,-0.1023,-91.166,-26.213,-562.52,0.0,0.0,29.129,0.0,2.5146,0.0,-45.4,0.3938,20.0
25,2023-01-26,0.0,0.1524,0.9,9.6,4.30729166666667,0.1524,0.0,0.1524,0.0,-0.00044546,2.667,0.0,2.667,0.0,-0.10275,-101.64,-27.333,-571.04,0.0,0.0,28.976,0.0,2.667,0.0,-46.69,0.3923,20.0
26,2023-01-27,0.0612,0.04572,-7.375,2.725,-0.671875,0.04572,0.0,0.04572,0.0,-0.00042443,2.7127,0.0,2.7127,0.0,-0.10318,-94.519,-27.64,-579.16,0.0,0.0,28.93,0.0,2.7127,0.0,-47.87,0.391,20.0
27,2023-01-28,0.0,0.03429,-26.525,-10.1,-16.7625,0.03429,0.0,0.03429,0.0,-0.00040442,2.747,0.0,2.747,0.0,-0.10359,-92.23,-27.877,-586.9,0.0,0.0,28.895,0.0,2.747,0.0,-48.68,0.3902,20.0
28,2023-01-29,0.0,0.02286,-26.575,-13.4,-20.9833333333333,0.02286,0.0,0.02286,0.0,-0.00038534,2.7699,0.0,2.7699,0.0,-0.10398,-90.514,-28.045,-594.27,0.0,0.0,28.872,0.0,2.7699,0.0,-49.22,0.3896,20.0
29,2023-01-30,0.0,0.05588,-17.725,-10.475,-13.7489583333333,0.05588,0.0,0.05588,0.0,-0.00036716,2.8257,0.0,2.8258,0.0,-0.10435,-93.235,-28.463,-601.29,0.0,0.0,28.816,0.0,2.8258,0.0,-49.78,0.389,20.0
30,2023-01-31,0.0,0.10414,-11.325,-2.0,-5.24375,0.10414,0.0,0.10414,0.0,-0.00034985,2.9299,0.0,2.9299,0.0,-0.1047,-99.939,-29.244,-607.99,0.0,0.0,28.711,0.0,2.9299,0.0,-50.66,0.3881,20.0
31,2023-02-01,0.0,0.11176,-10.6,2.05,-2.04270833333333,0.11176,0.0,0.11176,0.0,-0.00033428,3.0416,0.0,3.0417,0.0,-0.10504,-104.63,-30.086,-614.68,0.0,0.0,28.599,0.0,3.0417,0.0,-51.81,0.3869,20.0
32,2023-02-02,0.0,0.14478,-11.025,5.375,-3.49479166666667,0.14478,0.0,0.14478,0.0,-0.00032538,3.1864,0.0,3.1864,0.0,-0.10537,-112.69,-31.198,-623.12,0.0,0.0,28.454,0.0,3.1864,0.0,-53.25,0.3854,20.0
33,2023-02-03,0.0,0.26162,1.3,9.05,4.34583333333333,0.26162,0.0,0.26162,0.0,-0.00031684,3.448,0.0,3.4481,0.0,-0.10569,-140.55,-33.332,-631.37,0.0,0.0,28.192,0.0,3.4481,0.0,-55.27,0.3833,20.0
34,2023-02-04,0.0,0.19304,0.95,8.0,3.925,0.19304,0.0,0.19304,0.0,-0.00030848,3.6411,0.0,3.6411,0.0,-0.106,-143.15,-34.843,-639.39,0.0,0.0,27.999,0.0,3.6411,0.0,-57.66,0.3808,20.0
35,2023-02-05,0.0,0.20066,-0.15,7.975,3.771875,0.20066,0.0,0.20066,0.0,-0.00030035,3.8417,0.0,3.8417,0.0,-0.1063,-153.17,-36.443,-647.2,0.0,0.0,27.798,0.0,3.8417,0.0,-60.11,0.3783,20.0
36,2023-02-06,0.0,0.1524,1.15,9.25,4.25833333333333,0.1524,0.0,0.1524,0.0,-0.00029244,3.9941,0.0,3.9941,0.0,-0.1066,-150.07,-37.584,-654.8,0.0,0.0,27.645,0.0,3.9941,0.0,-62.49,0.376,20.0
37,2023-02-07,0.0,0.21336,2.65,5.475,3.925,0.21336,0.0,0.21336,0.0,-0.00028473,4.2075,0.0,4.2075,0.0,-0.10688,-171.17,-39.399,-662.2,0.0,0.0,27.431,0.0,4.2075,0.0,-64.87,0.3738,20.0
38,2023-02-08,0.0,0.10414,-5.125,2.65,-0.553125,0.10414,0.0,0.10414,0.0,-0.00027725,4.3116,0.0,4.3116,0.0,-0.10716,-152.37,-40.057,-669.42,0.0,0.0,27.327,0.0,4.3116,0.0,-67.15,0.3717,20.0
39,2023-02-09,0.0,0.23622,-5.925,7.525,-0.103125,0.23622,0.0,0.23622,0.0,-0.00026993,4.5479,0.0,4.5479,0.0,-0.10743,-191.62,-42.243,-676.44,0.0,0.0,27.09,0.0,4.5479,0.0,-69.43,0.3696,20.0
40,2023-02-10,0.0,0.27178,-0.15,9.575,3.875,0.27178,0.0,0.27178,0.0,-0.00026281,4.8197,0.0,4.8197,0.0,-0.1077,-241.95,-44.982,-683.27,0.0,0.0,26.818,0.0,4.8197,0.0,-72.05,0.3671,20.0
41,2023-02-11,0.0,0.1778,-3.175,9.05,2.13854166666667,0.1778,0.0,0.1778,0.0,-0.0002559,4.9975,0.0,4.9975,0.0,-0.10796,-224.66,-46.503,-689.92,0.0,0.0,26.64,0.0,4.9975,0.0,-74.87,0.3645,20.0
42,2023-02-12,0.0,0.3175,0.0,10.275,4.60729166666667,0.3175,0.0,0.3175,0.0,-0.00024915,5.315,0.0,5.315,0.0,-0.10821,-375.49,-50.276,-696.4,0.0,0.0,26.322,0.0,5.315,0.0,-77.82,0.362,20.0
43,2023-02-13,0.0,0.23622,-3.6,11.0,5.3125,0.23622,0.0,0.23622,0.0,-0.00024259,5.5512,0.0,5.5512,0.0,-0.10845,-388.06,-52.886,-702.71,0.0,0.0,26.086,0.0,5.5512,0.0,-80.93,0.3595,20.0
44,2023-02-14,0.0,0.06604,-12.475,-2.3,-6.496875,0.06604,0.0,0.06604,0.0,-0.00023621,5.6172,0.0,5.6172,0.0,-0.10869,-240.5,-52.542,-708.85,0.0,0.0,26.02,0.0,5.6172,0.0,-83.97,0.357,20.0
45,2023-02-15,0.0,0.13208,-14.3,2.1,-5.7875,0.13208,0.0,0.13208,0.0,-0.00022997,5.7493,0.0,5.7493,0.0,-0.10892,-250.61,-53.585,-714.83,0.0,0.0,25.887,0.0,5.7493,0.0,-86.69,0.3548,20.0
46,2023-02-16,0.0,0.28702,-5.2,6.725,0.197916666666667,0.28702,0.0,0.28702,0.0,-0.00022392,6.0363,0.0,6.0363,0.0,-0.10915,-466.21,-57.569,-720.65,0.0,0.0,25.6,0.0,6.0363,0.0,-89.35,0.3526,20.0
47,2023-02-17,0.0,0.2413,-0.925,5.3,2.2,0.2413,0.0,0.2413,0.0,-0.00021802,6.2776,0.0,6.2776,0.0,-0.10937,-604.55,-61.006,-726.32,0.0,0.0,25.359,0.0,6.2776,0.0,-92.16,0.3504,20.0
48,2023-02-18,0.0,0.14478,-3.05,4.35,1.14583333333333,0.14478,0.0,0.14478,0.0,-0.00021228,6.4224,0.0,6.4224,0.0,-0.10958,-444.22,-62.221,-731.84,0.0,0.0,25.214,0.0,6.4224,0.0,-95.14,0.3479,20.0
49,2023-02-19,0.0,0.1651,-3.45,5.3,1.653125,0.1651,0.0,0.1651,0.0,-0.00020668,6.5875,0.0,6.5875,0.0,-0.10979,-480.13,-64.101,-737.21,0.0,0.0,25.048,0.0,6.5875,0.0,-98.12,0.3459,20.0
50,2023-02-20,0.2329,0.0762,-5.65,2.625,-1.78541666666667,0.0762,0.0,0.0762,0.0,-0.00020124,6.6637,0.0,6.6637,0.0,-0.10999,-335.77,-64.031,-742.45,0.0,0.0,24.972,0.0,6.6637,0.0,-100.99,0.3439,20.0
51,2023-02-21,0.1766,0.06604,-20.5,3.6,-12.6583333333333,0.06604,0.0,0.06604,0.0,-0.00019594,6.7297,0.0,6.7297,0.0,-0.11019,-290.88,-64.042,-747.54,0.0,0.0,24.906,0.0,6.7297,0.0,-103.65,0.3421,20.0
52,2023-02-22,0.0,0.02286,-24.1,-20.225,-22.0552083333333,0.02286,0.0,0.02286,0.0,-0.00019078,6.7526,0.0,6.7526,0.0,-0.11038,-240.38,-63.473,-752.5,0.0,0.0,24.883,0.0,6.7526,0.0,-106.01,0.3405,20.0
53,2023-02-23,0.0,0.01778,-30.2,-21.85,-25.696875,0.01778,0.0,0.01778,0.0,-0.00018574,6.7704,0.0,6.7704,0.0,-0.11057,-217.45,-63.082,-757.33,0.0,0.0,24.865,0.0,6.7704,0.0,-108.01,0.3392,20.0
54,2023-02-24,0.0,0.05588,-31.7,-6.875,-19.3125,0.05588,0.0,0.05588,0.0,-0.00018086,6.8262,0.0,6.8263,0.0,-0.11075,-221.76,-63.449,-762.03,0.0,0.0,24.809,0.0,6.8263,0.0,-109.68,0.338,20.0
55,2023-02-25,0.0,0.18542,-6.2,2.425,-1.37083333333333,0.18542,0.0,0.18542,0.0,-0.00017609,7.0117,0.0,7.0117,0.0,-0.11093,-318.98,-66.125,-766.62,0.0,0.0,24.623,0.0,7.0117,0.0,-111.27,0.3369,20.0
56,2023-02-26,0.0017,0.20066,-2.4,8.75,2.865625,0.20066,0.0,0.20066,0.0,-0.00017145,7.2123,0.0,7.2123,0.0,-0.1111,-438.13,-69.401,-771.07,0.0,0.0,24.422,0.0,7.2123,0.0,-113.12,0.3357,20.0
57,2023-02-27,0.0,0.14732,-5.2,2.4,-1.959375,0.14732,0.0,0.14732,0.0,-0.00016746,7.3596,0.0,7.3596,0.0,-0.11127,-440.04,-71.572,-775.86,0.0,0.0,24.275,0.0,7.3596,0.0,-115.29,0.3342,20.0
58,2023-02-28,0.0,0.05588,-10.8,-1.925,-6.0875,0.05588,0.0,0.05588,0.0,-0.00016503,7.4155,0.0,7.4155,0.0,-0.11143,-321.87,-71.635,-781.73,0.0,0.0,24.219,0.0,7.4155,0.0,-117.64,0.3326,20.0
59,2023-03-01,0.0,0.12446,-7.5,3.1,-4.06354166666667,0.12446,0.0,0.12446,0.0,-0.00016262,7.54,0.0,7.54,0.0,-0.1116,-380.78,-73.396,-787.51,0.0,0.0,24.094,0.0,7.54,0.0,-120.0,0.331,20.0
60,2023-03-02,0.0,0.21844,-4.325,5.875,-0.128125,0.21844,0.0,0.21844,0.0,-0.00016026,7.7584,0.0,7.7584,0.0,-0.11176,-787.29,-77.853,-793.22,0.0,0.0,23.875,0.0,7.7584,0.0,-122.35,0.3297,20.0
61,2023-03-03,0.0,0.15494,-7.55,2.625,-2.89895833333333,0.15494,0.0,0.15494,0.0,-0.00015792,7.9134,0.0,7.9134,0.0,-0.11191,-826.28,-80.833,-798.84,0.0,0.0,23.72,0.0,7.9134,0.0,-124.79,0.3283,20.0
62,2023-03-04,0.0,0.17526,-6.95,4.125,-2.67395833333333,0.17526,0.0,0.17526,0.0,-0.00015563,8.0886,0.0,8.0886,0.0,-0.11207,-1395.0,-84.852,-804.38,0.0,0.0,23.545,0.0,8.0886,0.0,-127.33,0.3269,20.0
63,2023-03-05,0.0,0.03556,-12.225,-8.175,-10.2854166666667,0.03556,0.0,0.03556,0.0,-0.00015336,8.1242,0.0,8.1242,0.0,-0.11222,-515.12,-83.479,-809.83,0.0,0.0,23.509,0.0,8.1242,0.0,-129.93,0.3255,20.0
64,2023-03-06,0.2465,0.0508,-14.925,-5.4,-11.0927083333333,0.0508,0.0,0.0508,0.0,-0.00015112,8.175,0.0,8.175,0.0,-0.11238,-435.33,-83.196,-815.22,0.0,0.0,23.458,0.0,8.175,0.0,-132.49,0.324,20.0
65,2023-03-07,0.0,0.06096,-19.125,-4.15,-11.20625,0.06096,0.0,0.06096,0.0,-0.00014892,8.236,0.0,8.236,0.0,-0.11253,-414.19,-83.511,-820.52,0.0,0.0,23.397,0.0,8.236,0.0,-134.92,0.3227,20.0
66,2023-03-08,0.0,0.04318,-15.45,-9.15,-11.471875,0.04318,0.0,0.04318,0.0,-0.00014675,8.2791,0.0,8.2791,0.0,-0.11267,-368.11,-83.508,-825.74,0.0,0.0,23.354,0.0,8.2791,0.0,-137.2,0.3214,20.0
67,2023-03-09,0.0,0.0635,-16.5,-6.2,-11.7177083333333,0.0635,0.0,0.0635,0.0,-0.0001446,8.3426,0.0,8.3426,0.0,-0.11282,-374.58,-84.134,-830.89,0.0,0.0,23.29,0.0,8.3426,0.0,-139.33,0.3203,20.0
68,2023-03-10,0.1277,0.02794,-14.65,-9.0,-12.1697916666667,0.02794,0.0,0.02794,0.0,-0.0001425,8.3706,0.0,8.3706,0.0,-0.11296,-325.77,-83.941,-835.96,0.0,0.0,23.262,0.0,8.3706,0.0,-141.32,0.3192,20.0
69,2023-03-11,0.0,0.0508,-18.95,-5.075,-11.6197916666667,0.0508,0.0,0.0508,0.0,-0.00014043,8.4214,0.0,8.4214,0.0,-0.1131,-330.83,-84.408,-840.96,0.0,0.0,23.211,0.0,8.4214,0.0,-143.18,0.3181,20.0
70,2023-03-12,0.0,0.06604,-17.675,-5.65,-12.5358695652174,0.06604,0.0,0.06604,0.0,-0.00013839,8.4874,0.0,8.4874,0.0,-0.11324,-346.76,-85.314,-845.88,0.0,0.0,23.145,0.0,8.4874,0.0,-144.93,0.3172,20.0
71,2023-03-13,0.1887,0.17272,-9.3,1.025,-4.59762228260869,0.17272,0.0,0.17272,0.0,-0.00013638,8.6601,0.0,8.6601,0.0,-0.11338,-633.1,-89.21,-850.73,0.0,0.0,22.972,0.0,8.6601,0.0,-146.65,0.3162,20.0
72,2023-03-14,0.0,0.22098,-0.925,7.7,3.340625,0.22098,0.0,0.22098,0.0,-0.00013438,8.8811,0.0,8.8811,0.0,-0.11351,-2282.9,-96.115,-855.52,0.0,0.0,22.751,0.0,8.8811,0.0,-148.49,0.3152,20.0
73,2023-03-15,0.3961,0.09398,-7.65,2.825,-1.94895833333333,0.09398,0.0,0.09398,0.0,-0.00013243,8.9751,0.0,8.9751,0.0,-0.11365,-1166.6,-97.706,-860.23,0.0,0.0,22.657,0.0,8.9751,0.0,-150.55,0.3141,20.0
74,2023-03-16,0.0493,0.10922,-9.775,1.775,-4.103125,0.10922,0.0,0.10922,0.0,-0.00013049,9.0843,0.0,9.0843,0.0,-0.11378,-1342.7,-100.13,-864.88,0.0,0.0,22.548,0.0,9.0843,0.0,-152.81,0.3129,20.0
75,2023-03-17,0.0,0.13208,-10.075,3.925,-3.190625,0.13208,0.0,0.13208,0.0,-0.0001286,9.2164,0.0,9.2164,0.0,-0.11391,-2388.6,-104.23,-869.46,0.0,0.0,22.415,0.0,9.2164,0.0,-155.19,0.3119,20.0
76,2023-03-18,0.0,0.19304,-6.0,8.35,0.263541666666667,0.19304,0.0,0.19304,0.0,-0.00012672,9.4094,0.0,9.4094,0.0,-0.11403,-26961.0,-117.92,-873.97,0.0,0.0,22.222,0.0,9.4094,0.0,-157.62,0.3108,20.0
77,2023-03-19,0.0,0.15494,-4.25,8.775,1.92395833333333,0.15494,0.0,0.15494,0.0,-0.00012487,9.5644,0.0,9.5644,0.0,-0.11416,-148530.0,-136.39,-878.42,0.0,0.0,22.067,0.0,9.5644,0.0,-160.07,0.3097,20.0
78,2023-03-20,0.0,0.08636,-7.425,0.5,-4.15833333333333,0.08636,0.0,0.08636,0.0,-0.00012305,9.6507,0.0,9.6507,0.0,-0.11428,-42362.0,-131.95,-882.8,0.0,0.0,21.981,0.0,9.6507,0.0,-162.56,0.3086,20.0
79,2023-03-21,0.0,0.12954,-7.9,5.85,-1.69479166666667,0.12954,0.0,0.12954,0.0,-0.00012126,9.7803,0.0,9.7803,0.0,-0.1144,-339680.0,-154.33,-887.12,0.0,0.0,21.851,0.0,9.7803,0.0,-165.06,0.3076,20.0
80,2023-03-22,0.0,0.1397,-7.275,5.925,-2.675,0.1397,0.0,0.1006,0.0,-0.00011949,9.92,0.0,9.9001,0.0,-0.11452,-1000000.0,-181.66,-891.39,0.0,0.0,21.731,0.0,9.9001,0.0,-167.57,0.3065,20.0
81,2023-03-23,0.0,0.2032,-7.175,8.925,0.954166666666667,0.2032,0.0,0.090517,0.0,-0.00011772,10.123,0.0,9.9926,0.0,-0.11464,-1000000.0,-186.6,-895.59,0.0,0.0,21.638,0.0,9.9926,0.0,-170.08,0.3054,20.0
82,2023-03-24,0.0,0.15494,-2.375,7.65,1.85729166666667,0.15494,0.0,0.083047,0.0,-0.00011601,10.278,0.0,10.078,0.0,-0.11476,-1000000.0,-189.03,-899.72,0.0,0.0,21.553,0.0,10.078,0.0,-172.58,0.3043,20.0
83,2023-03-25,0.0782,0.11176,-2.875,4.425,-0.13125,0.11176,0.0,0.07865,0.0,-0.00011431,10.39,0.0,10.16,0.0,-0.11487,-1000000.0,-192.5,-903.81,0.0,0.0,21.471,0.0,10.16,0.0,-175.07,0.3032,20.0
84,2023-03-26,0.0,0.10922,-5.325,3.125,-2.16979166666667,0.10922,0.0,0.077283,0.0,-0.00011269,10.499,0.0,10.238,0.0,-0.11499,-1000000.0,-195.0,-907.82,0.0,0.0,21.393,0.0,10.238,0.0,-177.54,0.3021,20.0
85,2023-03-27,0.0,0.17018,-6.6,6.05,-1.82604166666667,0.17018,0.0,0.075235,0.0,-0.00011103,10.669,0.0,10.314,0.0,-0.1151,-1000000.0,-197.5,-911.78,0.0,0.0,21.317,0.0,10.314,0.0,-179.99,0.301,20.0
86,2023-03-28,0.0,0.12192,-5.625,3.025,-2.63645833333333,0.12192,0.0,0.071377,0.0,-0.00010939,10.791,0.0,10.387,0.0,-0.11521,-1000000.0,-199.95,-915.69,0.0,0.0,21.243,0.0,10.387,0.0,-182.44,0.2999,20.0
87,2023-03-29,0.0,0.12192,-6.6,3.55,-2.10833333333333,0.12192,0.0,0.07292,0.0,-0.0001078,10.913,0.0,10.458,0.0,-0.11532,-1000000.0,-202.16,-919.53,0.0,0.0,21.172,0.0,10.458,0.0,-184.87,0.2989,20.0
88,2023-03-30,0.1462,0.08128,-4.875,0.2,-2.99479166666667,0.08128,0.0,0.067856,0.0,-0.00010623,10.994,0.0,10.526,0.0,-0.11542,-1000000.0,-203.44,-923.31,0.0,0.0,21.104,0.0,10.526,0.0,-187.3,0.2978,20.0
89,2023-03-31,0.2009,0.19558,-7.075,8.675,0.467708333333333,0.19558,0.0,0.068152,0.0,-0.00010467,11.19,0.0,10.594,0.0,-0.11553,-1000000.0,-206.08,-927.04,0.0,0.0,21.036,0.0,10.594,0.0,-189.73,0.2968,20.0
90,2023-04-01,0.0,0.254,-1.325,8.525,3.46354166666667,0.0,0.254,-1.8626e-09,0.13073,-0.00010313,11.19,0.254,10.594,0.076083,-0.11563,-11918.0,-1151.0,-930.72,0.0,0.0,20.995,0.0,10.594,0.0,-192.17,0.2957,20.0
91,2023-04-02,0.0,0.23114,-4.925,7.675,1.009375,0.0,0.23114,1.3039e-08,0.099013,-0.00010164,11.19,0.48514,10.594,0.18197,-0.11574,-4265.4,-1146.5,-934.34,0.0,0.0,20.882,0.0,10.594,0.0,-194.59,0.2949,20.0
92,2023-04-03,0.0,0.10922,-9.75,3.275,-3.43125,0.0,0.10922,9.3132e-10,0.048957,-0.00010017,11.19,0.59436,10.594,0.22974,-0.11584,-2710.6,-1117.0,-937.91,0.0,0.0,20.809,0.0,10.594,0.0,-197.05,0.2941,20.0
93,2023-04-04,0.0,0.06604,-9.225,-2.05,-4.23958333333333,0.0,0.06604,-8.8476e-09,0.033712,-9.8705e-05,11.19,0.6604,10.594,0.26198,-0.11594,-2069.5,-1029.3,-941.42,0.0,0.0,20.769,0.0,10.594,0.0,-199.56,0.2932,20.0
94,2023-04-05,0.0,0.16256,-11.275,5.25,-2.44895833333333,0.0,0.16256,-2.3283e-09,0.078836,-9.7275e-05,11.19,0.82296,10.594,0.34291,-0.11603,-1721.5,-1005.0,-944.88,0.0,0.0,20.71,0.0,10.594,0.0,-202.09,0.2924,20.0
95,2023-04-06,0.0,0.33274,-2.55,11.35,4.16354166666667,0.0,0.33274,2.4447e-09,0.10402,-9.5859e-05,11.19,1.1557,10.594,0.45362,-0.11613,-1575.6,-1064.8,-948.29,0.0,0.0,20.612,0.0,10.594,0.0,-204.61,0.2915,20.0
96,2023-04-07,0.0,0.37338,0.175,14.225,7.284375,0.0,0.37338,3.6016e-09,0.090072,-9.4458e-05,11.19,1.5291,10.594,0.54824,-0.11622,-1552.4,-1136.2,-951.65,0.0,0.0,20.51,0.0,10.594,0.0,-207.14,0.2906,20.0
97,2023-04-08,0.0,0.37846,3.15,14.225,8.72395833333333,0.0,0.37846,-7.4797e-09,0.079326,-9.3088e-05,11.19,1.9075,10.594,0.62994,-0.11632,-1556.8,-1180.1,-954.96,0.0,0.0,20.423,0.0,10.594,0.0,-209.67,0.2898,20.0
98,2023-04-09,0.0,0.4572,4.4,17.075,11.2802083333333,0.0,0.4572,-7.7853e-10,0.076115,-9.1732e-05,11.19,2.3647,10.594,0.70819,-0.11641,-1566.3,-1212.3,-958.23,0.0,0.0,20.343,0.0,10.594,0.0,-212.23,0.2889,20.0
99,2023-04-10,0.0,0.54864,10.95,23.475,16.6416666666667,0.0,0.54864,-4.8021e-09,0.074694,-9.039e-05,11.19,2.9134,10.594,0.78525,-0.1165,-1574.1,-1243.0,-961.45,0.0,0.0,20.265,0.0,10.594,0.0,-214.81,0.288,20.0
100,2023-04-11,0.0,0.47244,4.3,20.225,13.74375,0.0,0.47244,7.2214e-09,0.064868,-8.9079e-05,11.19,3.3858,10.594,0.85073,-0.11659,-1580.2,-1260.6,-964.62,0.0,0.0,20.195,0.0,10.594,0.0,-217.4,0.2872,20.0
101,2023-04-12,0.0,0.18288,-1.9,7.9,3.08541666666667,0.0,0.18288,-7.738e-09,0.043959,-8.7783e-05,11.19,3.5687,10.594,0.893,-0.11668,-1583.3,-1245.0,-967.74,0.0,0.0,20.142,0.0,10.594,0.0,-220.0,0.2863,20.0
102,2023-04-13,0.9633,0.09652,-2.75,2.2,0.173958333333333,0.0,0.09652,-2.7358e-09,0.031627,-8.6501e-05,11.19,3.6652,10.594,0.92263,-0.11676,-1579.3,-1199.1,-970.82,0.0,0.0,20.106,0.0,10.594,0.0,-222.6,0.2854,20.0
103,2023-04-14,0.0952,0.18034,-5.825,5.825,-0.0322916666666666,0.0,0.18034,7.0577e-10,0.054717,-8.5235e-05,11.19,3.8456,10.594,0.9781,-0.11685,-1570.9,-1184.7,-973.85,0.0,0.0,20.062,0.0,10.594,0.0,-225.17,0.2845,20.0
104,2023-04-15,0.0017,0.2921,-3.25,11.1,3.559375,0.0,0.2921,-5.4024e-09,0.065302,-8.3998e-05,11.19,4.1377,10.594,1.0459,-0.11693,-1570.0,-1212.8,-976.84,0.0,0.0,20.0,0.0,10.594,0.0,-227.71,0.2837,20.0
105,2023-04-16,0.0,0.4064,0.45,17.45,9.81354166666667,0.0,0.4064,-8.8912e-09,0.064955,-8.3297e-05,11.19,4.5441,10.594,1.1134,-0.11702,-1574.5,-1249.2,-980.86,0.0,0.0,19.932,0.0,10.594,0.0,-230.22,0.2828,20.0
106,2023-04-17,0.0119,0.35052,3.05,14.925,8.2125,0.0,0.35052,1.9427e-09,0.056483,-8.2627e-05,11.19,4.8946,10.594,1.1708,-0.1171,-1580.3,-1270.3,-984.9,0.0,0.0,19.87,0.0,10.594,0.0,-232.71,0.282,20.0
107,2023-04-18,0.2992,0.12446,-0.4,9.275,2.89166666666667,0.0,0.12446,5.9463e-09,0.033017,-8.1971e-05,11.19,5.019,10.594,1.2022,-0.11718,-1583.3,-1250.5,-988.91,0.0,0.0,19.827,0.0,10.594,0.0,-235.21,0.2811,20.0
108,2023-04-19,1.1389,0.12446,-1.35,1.3,-0.153125,0.0,0.12446,5.3551e-09,0.037459,-8.1316e-05,11.19,5.1435,10.594,1.2387,-0.11726,-1579.9,-1219.6,-992.89,0.0,0.0,19.793,0.0,10.594,0.0,-237.69,0.2803,20.0
109,2023-04-20,0.1821,0.13716,-3.2,0.975,-1.317,0.0,0.13716,6.3555e-09,0.042534,-8.066e-05,11.19,5.2807,10.594,1.2809,-0.11735,-1574.8,-1206.9,-996.84,0.0,0.0,19.753,0.0,10.594,0.0,-240.21,0.2794,20.0
110,2023-04-21,0.1004,0.1143,-5.425,0.5,-2.28229166666667,0.0,0.1143,2.3028e-09,0.038432,-8.0019e-05,11.19,5.395,10.594,1.3187,-0.11743,-1570.7,-1195.7,-1000.8,0.0,0.0,19.713,0.0,10.594,0.0,-242.69,0.2786,20.0
111,2023-04-22,0.0068,0.2159,-6.8,7.7,0.428125,0.0,0.2159,6.5687e-09,0.056625,-7.9378e-05,11.19,5.6109,10.594,1.3778,-0.1175,-1568.5,-1214.0,-1004.6,0.0,0.0,19.663,0.0,10.594,0.0,-245.15,0.278,20.0
112,2023-04-23,0.0,0.25908,-2.65,12.225,4.72395833333333,0.0,0.25908,-6.4756e-09,0.055114,-7.8738e-05,11.19,5.8699,10.594,1.4347,-0.11758,-1572.8,-1246.8,-1008.5,0.0,0.0,19.605,0.0,10.594,0.0,-247.56,0.2774,20.0
113,2023-04-24,0.0306,0.28194,2.175,16.6,9.33020833333333,0.0,0.28194,-4.0673e-09,0.052343,-7.8112e-05,11.19,6.1519,10.594,1.4884,-0.11766,-1578.8,-1271.4,-1012.3,0.0,0.0,19.55,0.0,10.594,0.0,-249.91,0.2768,20.0
114,2023-04-25,0.0,0.36068,3.225,17.025,9.746875,0.0,0.36068,4.2673e-09,0.05254,-7.7486e-05,11.19,6.5126,10.594,1.5423,-0.11774,-1583.8,-1293.8,-1016.1,0.0,0.0,19.496,0.0,10.594,0.0,-252.25,0.2762,20.0
115,2023-04-26,0.0,0.3683,0.725,18.975,10.3364583333333,0.0,0.3683,6.0827e-09,0.04916,-7.686e-05,11.19,6.8809,10.594,1.5924,-0.11782,-1587.6,-1311.3,-1019.9,0.0,0.0,19.444,0.0,10.594,0.0,-254.56,0.2756,20.0
116,2023-04-27,0.1821,0.23622,0.35,11.7,6.65416666666667,0.0,0.23622,9.9681e-10,0.040048,-7.6249e-05,11.19,7.1171,10.594,1.6319,-0.11789,-1590.2,-1311.9,-1023.6,0.0,0.0,19.4,0.0,10.594,0.0,-256.86,0.275,20.0
117,2023-04-28,0.0,0.37846,0.625,22.25,11.8770833333333,0.0,0.37846,-2.5984e-09,0.048104,-7.5638e-05,11.19,7.4955,10.594,1.6811,-0.11797,-1591.2,-1320.1,-1027.3,0.0,0.0,19.355,0.0,10.594,0.0,-259.15,0.2744,20.0
118,2023-04-29,0.0,0.36322,0.55,20.9,11.8916666666667,0.0,0.36322,-5.6225e-09,0.044752,-7.5027e-05,11.19,7.8588,10.594,1.7264,-0.11804,-1592.4,-1331.7,-1031.0,0.0,0.0,19.308,0.0,10.594,0.0,-261.42,0.2738,20.0
119,2023-04-30,0.0,0.41148,-0.025,23.3,12.9302083333333,0.0,0.41148,-3.6052e-09,0.044886,-7.4431e-05,11.19,8.2702,10.594,1.7719,-0.11812,-1593.7,-1341.9,-1034.6,0.0,0.0,19.262,0.0,10.594,0.0,-263.68,0.2732,20.0
120,2023-05-01,0.0,0.39624,0.975,24.125,13.765625,0.0,0.39624,-6.5211e-09,0.16184,-7.3835e-05,11.19,8.6665,10.594,1.9111,-0.11819,-1595.1,-943.21,-1038.2,0.0,0.0,19.181,0.0,10.594,0.0,-265.95,0.2726,20.0
121,2023-05-02,0.0,0.35306,1.1,24.225,13.3125,0.0,0.35306,-7.6961e-09,0.12352,-7.3254e-05,11.19,9.0195,10.594,2.0405,-0.11827,-1596.5,-1025.7,-1041.8,0.0,0.0,19.033,0.0,10.594,0.0,-268.32,0.272,20.0
122,2023-05-03,0.0,0.36322,6.025,24.4,15.3395833333333,0.0,0.36322,8.8294e-09,0.10452,-7.2658e-05,11.19,9.3828,10.594,2.15,-0.11834,-1598.4,-1091.6,-1045.4,0.0,0.0,18.914,0.0,10.594,0.0,-271.0,0.2713,20.0
123,2023-05-04,0.0,0.39878,5.85,24.775,16.06875,0.0,0.39878,-4.9913e-09,0.093386,-7.2077e-05,11.19,9.7815,10.594,2.2478,-0.11841,-1600.0,-1144.7,-1048.9,0.0,0.0,18.81,0.0,10.594,0.0,-274.02,0.2706,20.0
124,2023-05-05,0.9785,0.23876,8.75,17.075,12.3020833333333,0.0,0.23876,6.9576e-11,0.058474,-7.1496e-05,11.19,10.02,10.594,2.3065,-0.11848,-1600.7,-1170.4,-1052.4,0.0,0.0,18.734,0.0,10.594,0.0,-277.29,0.2697,20.0
125,2023-05-06,0.772,0.09398,5.6,9.25,7.990625,0.0,0.09398,-7.0668e-09,0.026766,-7.093e-05,11.19,10.114,10.594,2.3325,-0.11855,-1600.7,-1162.9,-1055.9,0.0,0.0,18.692,0.0,10.594,0.0,-280.71,0.2688,20.0
126,2023-05-07,0.1904,0.28956,5.125,15.725,10.1114583333333,0.0,0.28956,4.0143e-09,0.069781,-7.0363e-05,11.19,10.404,10.594,2.4043,-0.11862,-1600.5,-1170.1,-1059.3,0.0,0.0,18.642,0.0,10.594,0.0,-284.14,0.2679,20.0
127,2023-05-08,0.0,0.37084,4.8,17.75,10.8416666666667,0.0,0.37084,-3.3497e-09,0.073628,-6.9797e-05,11.19,10.775,10.594,2.4809,-0.11869,-1600.9,-1201.8,-1062.7,0.0,0.0,18.567,0.0,10.594,0.0,-287.54,0.2671,20.0
128,2023-05-09,0.0,0.27432,1.025,15.4,8.18645833333333,0.0,0.27432,-2.3979e-09,0.054558,-6.9246e-05,11.19,11.049,10.594,2.536,-0.11876,-1601.3,-1223.0,-1066.1,0.0,0.0,18.502,0.0,10.594,0.0,-290.96,0.2662,20.0
129,2023-05-10,0.0,0.32512,3.225,17.25,10.9427083333333,0.0,0.32512,-6.879e-09,0.057957,-6.8694e-05,11.19,11.374,10.594,2.5951,-0.11883,-1601.6,-1238.7,-1069.5,0.0,0.0,18.445,0.0,10.594,0.0,-294.4,0.2653,20.0
130,2023-05-11,0.1105,0.2286,5.325,15.625,10.3104166666667,0.0,0.2286,-2.5302e-09,0.043332,-6.8143e-05,11.19,11.603,10.594,2.6383,-0.1189,-1601.8,-1245.8,-1072.8,0.0,0.0,18.394,0.0,10.594,0.0,-297.86,0.2644,20.0
131,2023-05-12,0.0068,0.29972,2.25,20.025,11.2541666666667,0.0,0.29972,-7.9084e-09,0.051598,-6.7592e-05,11.19,11.902,10.594,2.6907,-0.11897,-1601.9,-1254.1,-1076.1,0.0,0.0,18.346,0.0,10.594,0.0,-301.35,0.2635,20.0
132,2023-05-13,0.0,0.18288,4.425,15.375,11.121875,0.0,0.18288,-1.707e-09,0.035063,-6.7055e-05,11.19,12.085,10.594,2.7253,-0.11904,-1602.0,-1255.4,-1079.4,0.0,0.0,18.303,0.0,10.594,0.0,-304.8,0.2626,20.0
133,2023-05-14,0.0,0.21336,6.3,18.9,12.278125,0.0,0.21336,-3.8653e-09,0.040309,-6.6519e-05,11.19,12.299,10.594,2.7656,-0.1191,-1602.0,-1254.5,-1082.7,0.0,0.0,18.265,0.0,10.594,0.0,-308.25,0.2619,20.0
134,2023-05-15,0.0,0.42926,6.0,24.85,15.95,0.0,0.42926,1.5519e-09,0.060347,-6.5982e-05,11.19,12.728,10.594,2.8287,-0.11917,-1602.1,-1273.1,-1085.9,0.0,0.0,18.212,0.0,10.594,0.0,-311.59,0.2613,20.0
135,2023-05-16,0.0017,0.51816,13.125,26.95,18.9208333333333,0.0,0.51816,-5.7912e-09,0.058936,-6.5461e-05,11.19,13.246,10.594,2.8902,-0.11923,-1602.3,-1300.1,-1089.1,0.0,0.0,18.15,0.0,10.594,0.0,-314.89,0.2606,20.0
136,2023-05-17,0.1327,0.18542,6.85,15.725,11.4177083333333,0.0,0.18542,6.5284e-09,0.028317,-6.4924e-05,11.19,13.432,10.594,2.9179,-0.1193,-1602.5,-1304.1,-1092.3,0.0,0.0,18.107,0.0,10.594,0.0,-318.14,0.26,20.0
137,2023-05-18,0.0051,0.33528,2.475,20.725,11.7791666666667,0.0,0.33528,2.1568e-09,0.044333,-6.4418e-05,11.19,13.767,10.594,2.9629,-0.11936,-1602.7,-1304.8,-1095.4,0.0,0.0,18.07,0.0,10.594,0.0,-321.38,0.2594,20.0
138,2023-05-19,0.0,0.42672,2.825,26.675,15.3260416666667,0.0,0.42672,-2.8799e-09,0.047998,-6.3896e-05,11.19,14.194,10.594,3.0122,-0.11943,-1602.8,-1317.5,-1098.5,0.0,0.0,18.022,0.0,10.594,0.0,-324.56,0.2587,20.0
139,2023-05-20,0.0,0.4064,8.9,26.5,18.53125,0.0,0.4064,8.1445e-09,0.043536,-6.339e-05,11.19,14.6,10.594,3.0564,-0.11949,-1603.0,-1329.6,-1101.7,0.0,0.0,17.976,0.0,10.594,0.0,-327.7,0.2581,20.0
140,2023-05-21,0.0,0.4445,9.325,29.55,19.6916666666667,0.0,0.4445,7.9576e-09,0.043261,-6.2883e-05,11.19,15.044,10.594,3.1004,-0.11955,-1603.2,-1339.8,-1104.7,0.0,0.0,17.931,0.0,10.594,0.0,-330.82,0.2575,20.0
141,2023-05-22,0.6886,0.35052,10.125,22.5,16.721875,0.0,0.35052,-6.0015e-10,0.036569,-6.2376e-05,11.19,15.395,10.594,3.137,-0.11962,-1603.3,-1344.6,-1107.8,0.0,0.0,17.892,0.0,10.594,0.0,-333.9,0.2569,20.0
142,2023-05-23,0.0,0.40894,6.175,21.575,14.3166666666667,0.0,0.40894,-5.7663e-09,0.039163,-6.1885e-05,11.19,15.804,10.594,3.1765,-0.11968,-1603.5,-1349.5,-1110.8,0.0,0.0,17.853,0.0,10.594,0.0,-336.97,0.2563,20.0
143,2023-05-24,0.0578,0.2794,9.5,20.725,14.33125,0.0,0.2794,4.4556e-09,0.030808,-6.1378e-05,11.19,16.083,10.594,3.207,-0.11974,-1603.6,-1349.6,-1113.8,0.0,0.0,17.818,0.0,10.594,0.0,-340.0,0.2558,20.0
144,2023-05-25,0.1445,0.14732,10.4,15.825,12.5489583333333,0.0,0.14732,-2.9794e-09,0.020167,-6.0886e-05,11.19,16.231,10.594,3.2265,-0.1198,-1603.7,-1339.2,-1116.8,0.0,0.0,17.794,0.0,10.594,0.0,-342.98,0.2552,20.0
145,2023-05-26,0.1394,0.11938,10.425,14.8,12.3583333333333,0.0,0.11938,-7.4685e-09,0.018658,-6.0409e-05,11.19,16.35,10.594,3.2447,-0.11986,-1603.7,-1323.8,-1119.8,0.0,0.0,17.775,0.0,10.594,0.0,-345.93,0.2546,20.0
146,2023-05-27,1.7901,0.10922,9.75,12.975,11.4697916666667,0.0,0.10922,-1.7551e-09,0.018901,-5.9918e-05,11.19,16.459,10.594,3.2631,-0.11992,-1603.5,-1309.4,-1122.7,0.0,0.0,17.756,0.0,10.594,0.0,-348.79,0.2541,20.0
147,2023-05-28,0.1819,0.37846,8.75,23.6,15.5322916666667,0.0,0.37846,3.2612e-09,0.046509,-5.9441e-05,11.19,16.838,10.594,3.3119,-0.11998,-1603.3,-1319.3,-1125.6,0.0,0.0,17.721,0.0,10.594,0.0,-351.55,0.2535,20.0
148,2023-05-29,0.0374,0.44196,10.375,22.775,16.4135416666667,0.0,0.44196,5.5581e-10,0.044471,-5.8964e-05,11.19,17.28,10.594,3.3584,-0.12004,-1603.2,-1341.2,-1128.5,0.0,0.0,17.674,0.0,10.594,0.0,-354.26,0.253,20.0
149,2023-05-30,0.0,0.44958,9.5,25.775,17.7614583333333,0.0,0.44958,1.9151e-10,0.04014,-5.8487e-05,11.19,17.729,10.594,3.3997,-0.1201,-1603.2,-1358.0,-1131.3,0.0,0.0,17.63,0.0,10.594,0.0,-356.95,0.2525,20.0
150,2023-05-31,0.017,0.33528,6.725,26.0,15.9875,0.0,0.33528,2.9631e-09,0.032043,-5.8025e-05,11.19,18.064,10.594,3.4318,-0.12016,-1603.4,-1365.4,-1134.2,0.0,0.0,17.594,0.0,10.594,0.0,-359.64,0.252,20.0
151,2023-06-01,0.0085,0.26162,8.35,20.425,14.171875,0.0,0.26162,-2.2122e-09,0.077098,-5.7563e-05,11.19,18.326,10.594,3.4971,-0.12021,-1603.5,-1082.5,-1137.0,0.0,0.0,17.551,0.0,10.594,0.0,-362.4,0.2514,20.0
152,2023-06-02,0.7684,0.10414,11.1,13.225,12.0458333333333,0.0,0.10414,-7.3163e-09,0.033809,-5.7101e-05,11.19,18.43,10.594,3.5306,-0.12027,-1603.6,-1091.2,-1139.8,0.0,0.0,17.496,0.0,10.594,0.0,-365.75,0.2508,20.0
153,2023-06-03,0.6732,0.1905,8.7,14.75,12.2625,0.0,0.1905,1.7968e-10,0.058415,-5.6639e-05,11.19,18.621,10.594,3.5894,-0.12033,-1603.5,-1100.2,-1142.6,0.0,0.0,17.449,0.0,10.594,0.0,-369.54,0.25,20.0
154,2023-06-04,0.0153,0.41656,5.925,23.65,15.775,0.0,0.41656,-7.0684e-09,0.098056,-5.6192e-05,11.19,19.037,10.594,3.6917,-0.12039,-1603.4,-1132.6,-1145.3,0.0,0.0,17.367,0.0,10.594,0.0,-373.93,0.2492,20.0
155,2023-06-05,0.017,0.37592,10.2,25.875,17.9572916666667,0.0,0.37592,-5.4979e-09,0.080075,-5.5745e-05,11.19,19.413,10.594,3.7745,-0.12044,-1603.4,-1170.3,-1148.0,0.0,0.0,17.275,0.0,10.594,0.0,-379.23,0.2482,20.0
156,2023-06-06,0.0017,0.32258,9.85,21.75,15.0395833333333,0.0,0.32258,-1.5532e-09,0.064452,-5.5298e-05,11.19,19.736,10.594,3.8405,-0.1205,-1603.4,-1198.6,-1150.7,0.0,0.0,17.201,0.0,10.594,0.0,-385.05,0.247,20.0
157,2023-06-07,0.0034,0.4191,7.425,26.35,17.7479166666667,0.0,0.4191,7.1732e-09,0.068833,-5.4851e-05,11.19,20.155,10.594,3.9117,-0.12055,-1603.5,-1225.1,-1153.4,0.0,0.0,17.132,0.0,10.594,0.0,-391.27,0.2461,20.0
158,2023-06-08,1.123,0.28448,10.95,23.25,17.1291666666667,0.0,0.28448,-1.2849e-09,0.04851,-5.4419e-05,11.19,20.439,10.594,3.9608,-0.12061,-1603.6,-1243.6,-1156.1,0.0,0.0,17.073,0.0,10.594,0.0,-397.47,0.2452,20.0
159,2023-06-09,0.5614,0.19304,13.25,19.575,15.8625,0.0,0.19304,-3.8049e-09,0.034619,-5.3972e-05,11.19,20.632,10.594,3.9954,-0.12066,-1603.8,-1250.8,-1158.7,0.0,0.0,17.031,0.0,10.594,0.0,-403.4,0.2444,20.0
160,2023-06-10,0.0238,0.24638,11.4,20.7,15.959375,0.0,0.24638,6.7917e-10,0.041244,-5.354e-05,11.19,20.879,10.594,4.037,-0.12071,-1603.9,-1256.8,-1161.4,0.0,0.0,16.993,0.0,10.594,0.0,-408.9,0.2436,20.0
161,2023-06-11,0.0136,0.41148,8.85,23.425,16.7239583333333,0.0,0.41148,2.6814e-09,0.055309,-5.3123e-05,11.19,21.29,10.594,4.0939,-0.12077,-1604.1,-1271.4,-1164.0,0.0,0.0,16.943,0.0,10.594,0.0,-414.18,0.2428,20.0
162,2023-06-12,0.0102,0.41402,9.95,24.225,17.5041666666667,0.0,0.41402,-5.4126e-10,0.050841,-5.2691e-05,11.19,21.704,10.594,4.1459,-0.12082,-1604.2,-1288.8,-1166.5,0.0,0.0,16.889,0.0,10.594,0.0,-419.58,0.2421,20.0
163,2023-06-13,0.0051,0.46482,7.65,26.175,17.7364583333333,0.0,0.46482,-1.8728e-09,0.049807,-5.2273e-05,11.19,22.169,10.594,4.1969,-0.12087,-1604.4,-1305.0,-1169.1,0.0,0.0,16.837,0.0,10.594,0.0,-425.03,0.2413,20.0
164,2023-06-14,0.0,0.44958,8.75,19.225,16.26875,0.0,0.44958,-3.1561e-09,0.045198,-5.1856e-05,11.19,22.619,10.594,4.243,-0.12092,-1604.5,-1318.8,-1171.6,0.0,0.0,16.789,0.0,10.594,0.0,-430.57,0.2405,20.0
165,2023-06-15,0.0,0.26924,5.1,17.1,11.3458333333333,0.0,0.26924,-8.9233e-10,0.031243,-5.1439e-05,11.19,22.888,10.594,4.2742,-0.12098,-1604.7,-1325.0,-1174.1,0.0,0.0,16.75,0.0,10.594,0.0,-435.99,0.2397,20.0
166,2023-06-16,0.0119,0.4318,3.15,23.3,13.9916666666667,0.0,0.4318,4.8899e-09,0.041123,-5.1022e-05,11.19,23.32,10.594,4.316,-0.12103,-1604.9,-1331.9,-1176.6,0.0,0.0,16.713,0.0,10.594,0.0,-441.19,0.2389,20.0
167,2023-06-17,0.068,0.3937,10.05,22.15,15.9583333333333,0.0,0.3937,-1.0888e-08,0.037109,-5.0619e-05,11.19,23.713,10.594,4.3535,-0.12108,-1605.0,-1340.1,-1179.1,0.0,0.0,16.674,0.0,10.594,0.0,-446.32,0.2382,20.0
168,2023-06-18,0.2451,0.34036,5.15,18.225,12.6614583333333,0.0,0.34036,-2.9096e-09,0.032847,-5.0217e-05,11.19,24.054,10.594,4.3865,-0.12113,-1605.2,-1345.6,-1181.6,0.0,0.0,16.639,0.0,10.594,0.0,-451.29,0.2375,20.0
169,2023-06-19,0.0,0.4699,5.55,17.625,11.7541666666667,0.0,0.4699,9.2223e-10,0.038209,-4.9815e-05,11.19,24.524,10.594,4.4253,-0.12118,-1605.4,-1352.8,-1184.0,0.0,0.0,16.602,0.0,10.594,0.0,-456.17,0.2368,20.0
170,2023-06-20,0.0,0.4445,4.825,18.9,11.8979166666667,0.0,0.4445,-6.6393e-10,0.035231,-4.9412e-05,11.19,24.968,10.594,4.461,-0.12123,-1605.5,-1360.6,-1186.4,0.0,0.0,16.565,0.0,10.594,0.0,-461.15,0.2361,20.0
171,2023-06-21,0.0289,0.34798,0.75,18.575,10.0989583333333,0.0,0.34798,3.1218e-09,0.029585,-4.901e-05,11.19,25.316,10.594,4.4906,-0.12128,-1605.7,-1365.0,-1188.8,0.0,0.0,16.533,0.0,10.594,0.0,-466.02,0.2354,20.0
172,2023-06-22,0.0051,0.4064,1.225,21.425,12.753125,0.0,0.4064,6.2396e-09,0.031774,-4.8622e-05,11.19,25.723,10.594,4.5227,-0.12132,-1605.8,-1369.1,-1191.2,0.0,0.0,16.502,0.0,10.594,0.0,-470.74,0.2347,20.0
173,2023-06-23,0.4835,0.32004,4.275,23.925,13.8770833333333,0.0,0.32004,-1.6894e-10,0.02696,-4.8235e-05,11.19,26.043,10.594,4.5496,-0.12137,-1606.0,-1371.8,-1193.6,0.0,0.0,16.472,0.0,10.594,0.0,-475.54,0.234,20.0
174,2023-06-24,0.0204,0.40132,9.65,24.3,16.6302083333333,0.0,0.40132,7.6482e-09,0.030476,-4.7848e-05,11.19,26.444,10.594,4.5803,-0.12142,-1606.1,-1375.2,-1195.9,0.0,0.0,16.443,0.0,10.594,0.0,-480.18,0.2333,20.0
175,2023-06-25,0.5101,0.34036,6.85,25.475,15.0083333333333,-2.1611,0.34036,-2.1611,0.25406,-4.7457e-05,9.0289,26.784,8.433,4.7471,-0.12147,-47.274,-753.03,-1198.2,0.0,0.0,18.442,2.1611,10.594,0.0,-484.73,0.2327,20.0
176,2023-06-26,0.0102,0.43942,7.55,25.375,16.71875,-1.6612,0.43942,-1.6612,0.41843,-4.7108e-05,7.3677,27.224,6.7718,5.1296,-0.12152,-42.842,-392.65,-1200.6,0.0,0.0,19.728,3.8223,10.594,0.0,-489.35,0.2321,20.0
177,2023-06-27,0.3195,0.34036,7.675,24.625,16.1354166666667,-1.9705,0.34036,-1.9705,0.34036,-4.6756e-05,5.3972,27.564,4.8012,5.4667,-0.12156,-28.846,-135.49,-1202.8,0.0,0.0,21.356,5.7928,10.594,0.0,-493.79,0.2317,20.0
178,2023-06-28,0.6885,0.35052,10.85,22.875,16.246875,0.0,0.35052,-1.8813e-07,0.35052,-4.6315e-05,5.3972,27.915,4.8012,5.8172,-0.12161,-103.74,-123.88,-1205.1,0.0,0.0,21.006,5.7928,10.594,0.0,-413.92,0.2429,20.0
179,2023-06-29,0.0051,0.4699,9.825,28.45,19.3947916666667,-3.3071,0.4699,-3.3071,0.4699,-4.5948e-05,2.0901,28.384,1.4941,6.2871,-0.12166,-11.824,-33.501,-1207.4,0.0,0.0,23.86,9.0999,10.594,0.0,-207.03,0.2907,20.0
180,2023-06-30,0.0,0.46482,12.425,30.125,22.1291666666667,0.0,0.46482,-6.6683e-07,0.46482,-4.5583e-05,2.0901,28.849,1.4941,6.752,-0.1217,-80.108,-75.469,-1209.6,0.0,0.0,23.395,9.0999,10.594,0.0,-108.03,0.3391,20.0
181,2023-07-01,0.0,0.58928,14.4,31.125,22.9822916666667,-3.302,0.58928,-3.302,0.58928,-4.5262e-05,-1.2119,29.439,-1.8078,7.3412,-0.12175,-10.144,-20.768,-1211.8,0.0,0.0,26.125,12.402,10.594,0.0,-61.38,0.3771,20.0
182,2023-07-02,0.0,0.44958,8.7,27.4,19.7010416666667,0.0,0.44958,-4.787e-07,0.44958,-4.4882e-05,-1.2119,29.888,-1.8079,7.7908,-0.12179,-70.05,-60.658,-1214.0,0.0,0.0,25.658,12.402,10.594,0.0,-62.82,0.3757,20.0
183,2023-07-03,0.8263,0.37592,8.675,23.075,14.9052083333333,-2.4773,0.37592,-2.4773,0.37592,-4.4508e-05,-3.6892,30.264,-4.2852,8.1667,-0.12184,-14.972,-23.982,-1216.2,0.0,0.0,27.748,14.879,10.594,0.0,-47.05,0.392,20.0
184,2023-07-04,0.0102,0.29972,7.075,18.65,12.45,0.0,0.29972,3.0641e-07,0.29972,-4.4161e-05,-3.6892,30.564,-4.2852,8.4665,-0.12188,-64.831,-55.131,-1218.4,0.0,0.0,27.437,14.879,10.594,0.0,-52.3,0.3864,20.0
185,2023-07-05,0.0,0.3937,4.425,25.325,14.9354166666667,0.0,0.3937,1.9092e-07,0.3937,-4.3787e-05,-3.6892,30.958,-4.2852,8.8602,-0.12192,-90.02,-76.208,-1220.5,0.0,0.0,27.075,14.879,10.594,0.0,-64.53,0.3741,20.0
186,2023-07-06,0.0,0.3937,7.475,26.875,17.6114583333333,0.0,0.3937,-1.6671e-07,0.3937,-4.3452e-05,-3.6892,31.351,-4.2852,9.2539,-0.12197,-114.21,-95.361,-1222.6,0.0,0.0,26.681,14.879,10.594,0.0,-73.91,0.3654,20.0
187,2023-07-07,0.0,0.41148,7.825,25.75,17.7020833333333,0.0,0.41148,2.17e-07,0.41148,-4.3094e-05,-3.6892,31.763,-4.2852,9.6653,-0.12201,-140.28,-114.35,-1224.7,0.0,0.0,26.278,14.879,10.594,0.0,-81.29,0.3592,20.0
188,2023-07-08,0.0,0.42672,7.15,28.65,18.55625,0.0,0.42672,1.0198e-07,0.42672,-4.2751e-05,-3.6892,32.189,-4.2852,10.092,-0.12205,-170.71,-134.57,-1226.8,0.0,0.0,25.859,14.879,10.594,0.0,-87.56,0.3541,20.0
189,2023-07-09,0.0,0.46482,9.525,32.1,20.8197916666667,0.0,0.46482,-1.0896e-07,0.46482,-4.2409e-05,-3.6892,32.654,-4.2852,10.557,-0.1221,-209.68,-158.19,-1228.9,0.0,0.0,25.413,14.879,10.594,0.0,-93.49,0.3493,20.0
190,2023-07-10,0.0,0.4191,11.95,31.35,21.0125,0.0,0.4191,6.659e-08,0.4191,-4.2081e-05,-3.6892,33.073,-4.2852,10.976,-0.12214,-257.2,-184.14,-1231.0,0.0,0.0,24.971,14.879,10.594,0.0,-99.39,0.345,20.0
191,2023-07-11,0.0,0.3302,10.675,25.05,17.6322916666667,0.0,0.3302,1.0477e-07,0.3302,-4.1753e-05,-3.6892,33.404,-4.2852,11.306,-0.12218,-303.25,-207.67,-1233.1,0.0,0.0,24.597,14.879,10.594,0.0,-104.96,0.3412,20.0
192,2023-07-12,0.0,0.43434,9.325,29.675,19.7041666666667,0.0,0.43434,-1.0245e-08,0.43434,-4.1574e-05,-3.6892,33.838,-4.2852,11.741,-0.12222,-364.87,-236.74,-1235.9,0.0,0.0,24.214,14.879,10.594,0.0,-110.22,0.3377,20.0
193,2023-07-13,0.0902,0.3937,10.875,28.325,18.1260416666667,-1.3602,0.3937,-1.3602,0.3937,-4.1397e-05,-5.0494,34.232,-5.6453,12.134,-0.12226,-61.044,-142.96,-1238.7,0.0,0.0,25.176,16.239,10.594,0.0,-115.64,0.334,20.0
194,2023-07-14,0.0,0.35306,8.625,26.925,17.66875,-1.27,0.35306,-1.27,0.35306,-4.1217e-05,-6.3194,34.585,-6.9153,12.487,-0.12231,-45.997,-89.432,-1241.5,0.0,0.0,26.089,17.509,10.594,0.0,-114.45,0.3348,20.0
195,2023-07-15,0.0,0.41402,9.325,30.425,20.0177083333333,-1.27,0.41402,-1.27,0.41402,-4.1015e-05,-7.5894,34.999,-8.1854,12.901,-0.12235,-38.377,-61.942,-1244.2,0.0,0.0,26.957,18.779,10.594,0.0,-93.47,0.3493,20.0
196,2023-07-16,0.0,0.4318,10.125,31.8,21.578125,-1.27,0.4318,-1.27,0.4318,-4.0837e-05,-8.8594,35.43,-9.4554,13.333,-0.12239,-34.141,-48.484,-1247.0,0.0,0.0,27.801,20.049,10.594,0.0,-70.0,0.3691,20.0
197,2023-07-17,0.0102,0.46736,11.6,31.9,21.653125,-1.2802,0.46736,-1.2802,0.46736,-4.0665e-05,-10.14,35.898,-10.736,13.8,-0.12243,-31.667,-41.25,-1249.7,0.0,0.0,28.632,21.33,10.594,0.0,-54.4,0.3842,20.0
198,2023-07-18,0.0,0.4445,5.8,28.55,18.1614583333333,-2.54,0.4445,-2.54,0.4445,-4.0479e-05,-12.68,36.342,-13.276,14.245,-0.12247,-13.223,-18.22,-1252.5,0.0,0.0,30.72,23.87,10.594,0.0,-27.13,0.4148,20.0
199,2023-07-19,0.0,0.4191,5.7,27.475,18.4979166666667,0.0,0.4191,-4.2934e-07,0.4191,-4.0293e-05,-12.68,36.761,-13.276,14.664,-0.12251,-60.111,-46.964,-1255.2,0.0,0.0,30.294,23.87,10.594,0.0,-31.38,0.4098,20.0
200,2023-07-20,0.0,0.43942,6.725,31.125,21.0604166666667,-1.27,0.43942,-1.27,0.43942,-4.0144e-05,-13.95,37.201,-14.546,15.103,-0.12255,-28.768,-31.454,-1257.9,0.0,0.0,31.13,25.14,10.594,0.0,-24.87,0.4175,20.0
201,2023-07-21,0.0,0.47244,9.5,35.65,23.0864583333333,0.0,0.47244,-5.0198e-07,0.47244,-3.9965e-05,-13.95,37.673,-14.546,15.576,-0.12259,-63.921,-47.276,-1260.6,0.0,0.0,30.668,25.14,10.594,0.0,-24.04,0.4186,20.0
202,2023-07-22,0.0,0.46736,11.45,36.55,24.0,0.0,0.46736,2.5705e-07,0.46736,-3.9786e-05,-13.95,38.141,-14.546,16.043,-0.12263,-78.415,-57.744,-1263.3,0.0,0.0,30.198,25.14,10.594,0.0,-29.06,0.4126,20.0
203,2023-07-23,0.0,0.45974,9.95,36.05,24.60625,0.0,0.45974,-2.5146e-08,0.45974,-3.9607e-05,-13.95,38.6,-14.546,16.503,-0.12267,-90.942,-67.236,-1266.0,0.0,0.0,29.735,25.14,10.594,0.0,-34.65,0.406,20.0
204,2023-07-24,0.0,0.4699,12.925,36.925,24.6635416666667,0.0,0.4699,-1.397e-07,0.4699,-3.9428e-05,-13.95,39.07,-14.546,16.973,-0.12271,-103.9,-76.854,-1268.6,0.0,0.0,29.27,25.14,10.594,0.0,-40.15,0.3997,20.0
205,2023-07-25,0.0,0.46482,15.375,29.8,23.028125,0.0,0.46482,1.369e-07,0.46482,-3.9265e-05,-13.95,39.535,-14.546,17.438,-0.12275,-117.87,-86.952,-1271.3,0.0,0.0,28.803,25.14,10.594,0.0,-45.54,0.3936,20.0
206,2023-07-26,0.0,0.44958,10.725,30.1,20.25,0.0,0.44958,1.3504e-08,0.44958,-3.9086e-05,-13.95,39.985,-14.546,17.887,-0.12279,-133.03,-97.359,-1273.9,0.0,0.0,28.345,25.14,10.594,0.0,-50.9,0.3879,20.0
207,2023-07-27,0.0,0.34036,6.375,25.225,17.2885416666667,0.0,0.34036,-1.3446e-07,0.34036,-3.8922e-05,-13.95,40.325,-14.546,18.228,-0.12283,-144.37,-105.75,-1276.5,0.0,0.0,27.95,25.14,10.594,0.0,-55.99,0.3826,20.0
208,2023-07-28,0.0,0.36068,6.85,28.8,18.3135416666667,0.0,0.36068,1.872e-07,0.36068,-3.8743e-05,-13.95,40.686,-14.546,18.588,-0.12286,-153.9,-113.18,-1279.2,0.0,0.0,27.6,25.14,10.594,0.0,-60.69,0.3777,20.0
209,2023-07-29,0.0,0.3937,7.725,31.125,20.24375,0.0,0.3937,-1.3597e-07,0.3937,-3.8579e-05,-13.95,41.079,-14.546,18.982,-0.1229,-169.2,-123.19,-1281.8,0.0,0.0,27.222,25.14,10.594,0.0,-65.45,0.3733,20.0
210,2023-07-30,0.0,0.39116,9.075,32.525,21.4,0.0,0.39116,-6.9384e-08,0.39116,-3.8415e-05,-13.95,41.471,-14.546,19.373,-0.12294,-188.06,-135.01,-1284.4,0.0,0.0,26.83,25.14,10.594,0.0,-70.32,0.3687,20.0
211,2023-07-31,0.0,0.41402,8.5,34.65,22.3989583333333,0.0,0.41402,1.0198e-07,0.41402,-3.8236e-05,-13.95,41.885,-14.546,19.787,-0.12298,-213.07,-149.22,-1286.9,0.0,0.0,26.427,25.14,10.594,0.0,-75.39,0.364,20.0
212,2023-08-01,0.0,0.43942,14.525,35.1,24.5697916666667,0.0,0.43942,5.4948e-08,0.43942,-3.8072e-05,-13.95,42.324,-14.546,20.227,-0.12302,-245.9,-167.08,-1289.5,0.0,0.0,26.001,25.14,10.594,0.0,-80.7,0.3597,20.0
213,2023-08-02,0.0,0.43688,10.225,34.525,23.2104166666667,0.0,0.43688,-1.4901e-08,0.43688,-3.7909e-05,-13.95,42.761,-14.546,20.664,-0.12306,-291.7,-189.13,-1292.1,0.0,0.0,25.562,25.14,10.594,0.0,-86.16,0.3552,20.0
214,2023-08-03,0.0,0.39624,15.1,34.45,25.1635416666667,0.0,0.39624,-3.7253e-08,0.39624,-3.7745e-05,-13.95,43.157,-14.546,21.06,-0.12309,-346.36,-212.9,-1294.6,0.0,0.0,25.146,25.14,10.594,0.0,-91.66,0.3508,20.0
215,2023-08-04,0.0,0.35814,14.8,32.1,22.8239583333333,0.0,0.35814,-1.7695e-08,0.35814,-3.7581e-05,-13.95,43.515,-14.546,21.418,-0.12313,-403.87,-236.44,-1297.2,0.0,0.0,24.769,25.14,10.594,0.0,-97.16,0.3465,20.0
216,2023-08-05,0.0051,0.19558,14.25,22.35,17.4322916666667,0.0,0.19558,1.3388e-08,0.19558,-3.7417e-05,-13.95,43.711,-14.546,21.613,-0.12317,-442.13,-249.97,-1299.7,0.0,0.0,24.492,25.14,10.594,0.0,-102.35,0.343,20.0
217,2023-08-06,0.0153,0.14986,10.4,18.3,15.1177083333333,0.0,0.14986,1.071e-08,0.14986,-3.7253e-05,-13.95,43.861,-14.546,21.763,-0.12321,-439.32,-250.17,-1302.2,0.0,0.0,24.319,25.14,10.594,0.0,-106.76,0.34,20.0
218,2023-08-07,0.0017,0.34036,7.9,28.625,17.475,0.0,0.34036,-1.6531e-08,0.34036,-3.7089e-05,-13.95,44.201,-14.546,22.104,-0.12324,-460.81,-263.91,-1304.7,0.0,0.0,24.074,25.14,10.594,0.0,-111.03,0.3371,20.0
219,2023-08-08,0.0017,0.3556,8.675,30.1,19.2875,0.0,0.3556,-4.61e-08,0.3556,-3.6925e-05,-13.95,44.557,-14.546,22.459,-0.12328,-545.08,-297.52,-1307.2,0.0,0.0,23.726,25.14,10.594,0.0,-115.95,0.3338,20.0
220,2023-08-09,0.0034,0.4064,13.025,28.9,20.1895833333333,0.0,0.4064,7.4506e-09,0.39869,-3.6761e-05,-13.95,44.963,-14.546,22.862,-0.12332,-682.53,-347.34,-1309.7,0.0,0.0,23.345,25.14,10.594,0.0,-121.25,0.3303,20.0
221,2023-08-10,0.0,0.46228,12.7,27.5,19.2614583333333,0.0,0.46228,-1.2573e-08,0.41086,-3.6597e-05,-13.95,45.425,-14.546,23.283,-0.12335,-887.25,-422.86,-1312.1,0.0,0.0,22.929,25.14,10.594,0.0,-126.93,0.3271,20.0
222,2023-08-11,0.0,0.39878,9.2,29.525,19.2677083333333,0.0,0.39878,1.397e-08,0.32342,-3.6433e-05,-13.95,45.824,-14.546,23.616,-0.12339,-1113.6,-506.51,-1314.6,0.0,0.0,22.553,25.14,10.594,0.0,-132.73,0.3239,20.0
223,2023-08-12,0.0017,0.26924,9.75,31.875,18.0302083333333,0.0,0.26924,-8.8476e-09,0.20942,-3.6284e-05,-13.95,46.093,-14.546,23.829,-0.12343,-1284.5,-562.71,-1317.1,0.0,0.0,22.282,25.14,10.594,0.0,-138.32,0.3208,20.0
224,2023-08-13,0.0,0.3556,8.125,28.05,18.1322916666667,0.0,0.3556,5.7044e-09,0.24717,-3.612e-05,-13.95,46.449,-14.546,24.083,-0.12346,-1404.6,-607.92,-1319.5,0.0,0.0,22.048,25.14,10.594,0.0,-143.48,0.318,20.0
225,2023-08-14,0.0,0.41148,8.45,33.725,21.628125,0.0,0.41148,1.5134e-09,0.25484,-3.5957e-05,-13.95,46.86,-14.546,24.344,-0.1235,-1485.6,-661.54,-1321.9,0.0,0.0,21.79,25.14,10.594,0.0,-148.94,0.315,20.0
226,2023-08-15,0.0,0.43688,15.275,38.175,26.3229166666667,0.0,0.43688,2.5611e-09,0.24287,-3.5807e-05,-13.95,47.297,-14.546,24.594,-0.12353,-1536.2,-714.54,-1324.3,0.0,0.0,21.535,25.14,10.594,0.0,-154.73,0.3121,20.0
227,2023-08-16,0.0,0.32258,15.85,29.2,22.63125,0.0,0.32258,1.3097e-09,0.17492,-3.5644e-05,-13.95,47.62,-14.546,24.771,-0.12357,-1569.1,-751.38,-1326.7,0.0,0.0,21.324,25.14,10.594,0.0,-160.5,0.3096,20.0
228,2023-08-17,0.0,0.44958,11.65,36.825,24.23125,0.0,0.44958,-3.7835e-09,0.21601,-3.5495e-05,-13.95,48.069,-14.546,24.992,-0.12361,-1586.0,-785.68,-1329.1,0.0,0.0,21.123,25.14,10.594,0.0,-165.96,0.3072,20.0
229,2023-08-18,0.0,0.55372,13.125,31.375,25.1322916666667,0.0,0.55372,-5.959e-09,0.23379,-3.5346e-05,-13.95,48.623,-14.546,25.233,-0.12364,-1595.0,-835.18,-1331.5,0.0,0.0,20.891,25.14,10.594,0.0,-171.71,0.3046,20.0
230,2023-08-19,0.0,0.29972,6.5,20.4,14.4458333333333,0.0,0.29972,-1.3988e-09,0.13002,-3.5182e-05,-13.95,48.923,-14.546,25.364,-0.12368,-1598.7,-864.77,-1333.9,0.0,0.0,20.708,25.14,10.594,0.0,-177.68,0.302,20.0
231,2023-08-20,0.0,0.25146,11.95,22.0,17.2677083333333,0.0,0.25146,3.2737e-09,0.11057,-3.5033e-05,-13.95,49.174,-14.546,25.474,-0.12371,-1599.7,-868.85,-1336.3,0.0,0.0,20.588,25.14,10.594,0.0,-182.99,0.2997,20.0
232,2023-08-21,0.0936,0.11938,14.325,17.525,16.1645833333333,0.0,0.11938,-5.5197e-09,0.057248,-3.4869e-05,-13.95,49.294,-14.546,25.53,-0.12375,-1599.8,-857.48,-1338.6,0.0,0.0,20.505,25.14,10.594,0.0,-187.91,0.2976,20.0
233,2023-08-22,0.277,0.36068,14.6,29.775,20.0697916666667,0.0,0.36068,-3.4081e-09,0.1566,-3.472e-05,-13.95,49.654,-14.546,25.689,-0.12378,-1599.6,-860.81,-1341.0,0.0,0.0,20.396,25.14,10.594,0.0,-192.43,0.2956,20.0
234,2023-08-23,0.034,0.40386,14.275,25.6,19.2552083333333,0.0,0.40386,8.3319e-09,0.16199,-3.4571e-05,-13.95,50.058,-14.546,25.854,-0.12382,-1600.1,-889.91,-1343.3,0.0,0.0,20.234,25.14,10.594,0.0,-197.53,0.2939,20.0
235,2023-08-24,0.0,0.36322,8.625,27.575,17.959375,0.0,0.36322,-4.411e-09,0.13976,-3.4422e-05,-13.95,50.422,-14.546,25.996,-0.12385,-1600.6,-917.28,-1345.6,0.0,0.0,20.081,25.14,10.594,0.0,-202.85,0.2921,20.0
236,2023-08-25,0.0,0.28194,6.05,24.85,15.20625,0.0,0.28194,-6.5045e-09,0.10886,-3.4273e-05,-13.95,50.703,-14.546,26.105,-0.12388,-1600.9,-933.05,-1347.9,0.0,0.0,19.956,25.14,10.594,0.0,-208.05,0.2903,20.0
237,2023-08-26,0.0,0.3683,11.175,31.35,20.5875,0.0,0.3683,5.5797e-09,0.13113,-3.4124e-05,-13.95,51.072,-14.546,26.238,-0.12392,-1601.1,-950.25,-1350.2,0.0,0.0,19.834,25.14,10.594,0.0,-213.1,0.2886,20.0
238,2023-08-27,0.0,0.32004,9.425,30.85,19.9802083333333,0.0,0.32004,1.872e-09,0.11206,-3.396e-05,-13.95,51.392,-14.546,26.351,-0.12395,-1601.3,-967.93,-1352.5,0.0,0.0,19.712,25.14,10.594,0.0,-218.19,0.2869,20.0
239,2023-08-28,0.0,0.29972,9.975,29.175,19.6802083333333,0.0,0.29972,8.1855e-10,0.10309,-3.3811e-05,-13.95,51.692,-14.546,26.455,-0.12399,-1601.5,-980.4,-1354.8,0.0,0.0,19.603,25.14,10.594,0.0,-223.21,0.2852,20.0
240,2023-08-29,0.0119,0.37846,8.175,32.85,19.8739583333333,0.0,0.37846,-1.4729e-09,0.11998,-3.3677e-05,-13.95,52.07,-14.546,26.576,-0.12402,-1601.7,-997.29,-1357.1,0.0,0.0,19.49,25.14,10.594,0.0,-228.17,0.2835,20.0
241,2023-08-30,0.0017,0.46482,14.65,21.325,17.2072916666667,0.0,0.46482,1.7135e-09,0.13097,-3.3528e-05,-13.95,52.535,-14.546,26.71,-0.12405,-1602.0,-1022.7,-1359.4,0.0,0.0,19.362,25.14,10.594,0.0,-233.43,0.2817,20.0
242,2023-08-31,0.0051,0.37592,10.225,25.125,17.7479166666667,0.0,0.37592,8.8612e-09,0.10517,-3.3379e-05,-13.95,52.911,-14.546,26.817,-0.12409,-1602.2,-1044.2,-1361.6,0.0,0.0,19.243,25.14,10.594,0.0,-238.99,0.2798,20.0
243,2023-09-01,0.0,0.28194,5.775,27.55,16.5385416666667,0.0,0.28194,-9.1995e-10,0.11209,-3.323e-05,-13.95,53.193,-14.546,26.876,-0.12412,-1602.5,-268.39,-1363.9,0.0,0.0,19.187,25.14,10.594,0.0,-244.33,0.2782,20.0
244,2023-09-02,0.0,0.42926,11.8,32.7,21.6041666666667,0.0,0.42926,2.7444e-09,3.1263,-3.3081e-05,-13.95,53.622,-14.546,31.566,-0.12415,-1602.8,-385.96,-1366.1,0.0,0.0,16.004,25.14,10.594,0.0,-552.98,0.2254,20.0
245,2023-09-03,0.0,0.37084,16.15,29.1,21.7604166666667,0.0,0.37084,-1.0059e-09,0.78141,-3.2946e-05,-13.95,53.993,-14.546,32.738,-0.12419,-1603.2,-632.91,-1368.3,0.0,0.0,13.659,25.14,10.594,0.0,-1180.77,0.1868,20.0
246,2023-09-04,0.3673,0.17272,10.95,18.825,14.1947916666667,0.0,0.17272,-4.7908e-09,0.19516,-3.2797e-05,-13.95,54.165,-14.546,33.031,-0.12422,-1603.7,-753.19,-1370.5,0.0,0.0,13.073,25.14,10.594,0.0,-1476.98,0.1772,20.0
247,2023-09-05,0.0,0.27432,6.35,23.8,14.7916666666667,0.0,0.27432,5.1491e-09,0.048387,-3.2648e-05,-13.95,54.44,-14.546,33.104,-0.12425,-1604.1,-790.79,-1372.7,0.0,0.0,12.927,25.14,10.594,0.0,-1568.55,0.1748,20.0
248,2023-09-06,0.1821,0.3429,7.675,26.8,17.1239583333333,0.0,0.3429,6.7946e-09,0.01101,-3.2514e-05,-13.95,54.783,-14.546,33.121,-0.12428,-1604.4,-802.63,-1374.9,0.0,0.0,12.891,25.14,10.594,0.0,-1597.09,0.1742,20.0
249,2023-09-07,0.0034,0.26924,7.6,25.825,16.9135416666667,0.0,0.26924,-5.487e-09,0.0,-3.2365e-05,-13.95,55.052,-14.546,33.121,-0.12432,-1604.8,-804.59,-1377.1,0.0,0.0,12.885,25.14,10.594,0.0,-1601.98,0.1741,20.0
250,2023-09-08,0.7957,0.254,8.275,23.925,14.6697916666667,0.0,0.254,1.2185e-09,0.0,-3.2231e-05,-13.95,55.306,-14.546,33.121,-0.12435,-1605.1,-804.69,-1379.3,0.0,0.0,12.885,25.14,10.594,0.0,-1602.26,0.1741,20.0
251,2023-09-09,0.0068,0.21336,5.15,21.875,13.6958333333333,0.0,0.21336,4.2207e-09,4.6527e-05,-3.2082e-05,-13.95,55.519,-14.546,33.121,-0.12438,-1605.3,-804.7,-1381.4,0.0,0.0,12.885,25.14,10.594,0.0,-1602.28,0.1741,20.0
252,2023-09-10,0.0,0.23622,3.875,23.075,13.9447916666667,0.0,0.23622,-1.1801e-09,9.876e-05,-3.1948e-05,-13.95,55.756,-14.546,33.121,-0.12441,-1605.6,-804.72,-1383.6,0.0,0.0,12.885,25.14,10.594,0.0,-1602.28,0.1741,20.0
253,2023-09-11,0.0,0.25146,4.475,27.375,15.6145833333333,0.0,0.25146,-6.0736e-09,0.0,-3.1799e-05,-13.95,56.007,-14.546,33.121,-0.12444,-1605.9,-804.76,-1385.8,0.0,0.0,12.885,25.14,10.594,0.0,-1602.27,0.1741,20.0
254,2023-09-12,0.0,0.2921,9.05,28.675,18.4947916666667,0.0,0.2921,-5.0322e-09,0.0,-3.1665e-05,-13.95,56.299,-14.546,33.121,-0.12448,-1606.1,-804.79,-1387.9,0.0,0.0,12.885,25.14,10.594,0.0,-1602.26,0.1741,20.0
255,2023-09-13,0.0,0.24638,9.5,23.875,17.503125,0.0,0.24638,-4.0895e-09,8.5745e-05,-3.1531e-05,-13.95,56.545,-14.546,33.121,-0.12451,-1606.3,-804.8,-1390.0,0.0,0.0,12.885,25.14,10.594,0.0,-1602.25,0.1741,20.0
256,2023-09-14,0.0,0.21844,6.8,24.85,15.1583333333333,0.0,0.21844,2.1685e-09,4.7991e-05,-3.1397e-05,-13.95,56.764,-14.546,33.121,-0.12454,-1606.6,-804.82,-1392.1,0.0,0.0,12.885,25.14,10.594,0.0,-1602.24,0.1741,20.0
257,2023-09-15,0.0,0.2921,3.9,27.15,15.390625,0.0,0.2921,-5.2191e-09,0.00013765,-3.1248e-05,-13.95,57.056,-14.546,33.121,-0.12457,-1606.8,-804.84,-1394.2,0.0,0.0,12.885,25.14,10.594,0.0,-1602.22,0.1741,20.0
258,2023-09-16,0.0,0.32258,8.5,30.25,18.5375,0.0,0.32258,6.3083e-09,0.0,-3.1114e-05,-13.95,57.379,-14.546,33.121,-0.1246,-1607.0,-804.88,-1396.3,0.0,0.0,12.885,25.14,10.594,0.0,-1602.21,0.1741,20.0
259,2023-09-17,0.0,0.46228,10.55,29.5,20.7541666666667,0.0,0.46228,3.5427e-09,0.0,-3.098e-05,-13.95,57.841,-14.546,33.121,-0.12463,-1607.2,-804.9,-1398.4,0.0,0.0,12.885,25.14,10.594,0.0,-1602.19,0.1741,20.0
260,2023-09-18,0.0,0.37592,13.05,26.9,19.0833333333333,0.0,0.37592,-8.7614e-09,0.0,-3.0845e-05,-13.95,58.217,-14.546,33.121,-0.12466,-1607.4,-804.95,-1400.5,0.0,0.0,12.884,25.14,10.594,0.0,-1602.18,0.1741,20.0
261,2023-09-19,0.0,0.20066,3.0,18.75,12.0010416666667,0.0,0.20066,8.6904e-09,0.0,-3.0711e-05,-13.95,58.417,-14.546,33.121,-0.12469,-1607.6,-804.96,-1402.6,0.0,0.0,12.884,25.14,10.594,0.0,-1602.17,0.1741,20.0
262,2023-09-20,0.0,0.18288,2.7,17.475,10.528125,0.0,0.18288,1.7192e-09,0.0,-3.0577e-05,-13.95,58.6,-14.546,33.122,-0.12473,-1607.8,-804.99,-1404.7,0.0,0.0,12.884,25.14,10.594,0.0,-1602.15,0.1741,20.0
263,2023-09-21,1.5719,0.04826,5.05,8.775,6.94375,0.0,0.04826,1.3461e-10,2.1418e-05,-3.0443e-05,-13.95,58.649,-14.546,33.122,-0.12476,-1608.0,-805.0,-1406.7,0.0,0.0,12.884,25.14,10.594,0.0,-1602.14,0.1741,20.0
264,2023-09-22,2.6917,0.04572,8.4,12.425,10.015625,0.0,0.04572,3.2563e-09,3.0082e-05,-3.0309e-05,-13.95,58.694,-14.546,33.122,-0.12479,-1608.1,-805.02,-1408.8,0.0,0.0,12.884,25.14,10.594,0.0,-1602.13,0.1741,20.0
265,2023-09-23,1.0551,0.23622,8.3,20.55,13.1375,0.0,0.23622,-3.821e-09,0.0,-3.0175e-05,-13.95,58.931,-14.546,33.122,-0.12482,-1608.3,-805.07,-1410.8,0.0,0.0,12.884,25.14,10.594,0.0,-1602.12,0.1741,20.0
266,2023-09-24,0.0,0.2286,3.65,21.35,12.571875,0.0,0.2286,4.6666e-09,5.3918e-05,-3.0041e-05,-13.95,59.159,-14.546,33.122,-0.12485,-1608.5,-805.07,-1412.8,0.0,0.0,12.884,25.14,10.594,0.0,-1602.1,0.1741,20.0
267,2023-09-25,0.0,0.22606,6.575,24.675,15.2,0.0,0.22606,-6.5044e-09,0.00012019,-2.9907e-05,-13.95,59.385,-14.546,33.122,-0.12488,-1608.7,-805.09,-1414.8,0.0,0.0,12.884,25.14,10.594,0.0,-1602.09,0.1741,20.0
268,2023-09-26,0.0,0.28956,11.85,26.8,18.5614583333333,0.0,0.28956,-8.234e-09,0.0,-2.9773e-05,-13.95,59.675,-14.546,33.122,-0.12491,-1608.8,-805.12,-1416.9,0.0,0.0,12.884,25.14,10.594,0.0,-1602.08,0.1741,20.0
269,2023-09-27,0.0,0.22098,5.15,20.725,11.69375,0.0,0.22098,1.8042e-10,0.0,-2.9653e-05,-13.95,59.896,-14.546,33.122,-0.12494,-1609.0,-805.15,-1418.9,0.0,0.0,12.884,25.14,10.594,0.0,-1602.07,0.1741,20.0
270,2023-09-28,0.0,0.28702,5.575,17.625,10.6572916666667,0.0,0.28702,3.8417e-09,0.0,-2.9519e-05,-13.95,60.183,-14.546,33.122,-0.12497,-1609.1,-805.19,-1420.9,0.0,0.0,12.884,25.14,10.594,0.0,-1602.06,0.1741,20.0
271,2023-09-29,0.0,0.23114,2.725,17.25,10.365625,0.0,0.23114,2.7547e-09,6.4569e-05,-2.9385e-05,-13.95,60.414,-14.546,33.122,-0.12499,-1609.3,-805.19,-1422.8,0.0,0.0,12.884,25.14,10.594,0.0,-1602.05,0.1741,20.0
272,2023-09-30,0.4336,0.06604,5.2,7.9,6.55416666666667,0.0,0.06604,-3.0794e-09,3.6864e-05,-2.9266e-05,-13.95,60.48,-14.546,33.122,-0.12502,-1609.4,-805.21,-1424.8,0.0,0.0,12.884,25.14,10.594,0.0,-1602.05,0.1741,20.0
273,2023-10-01,1.8254,0.02286,4.6,6.725,5.85833333333333,0.02286,0.0,0.02286,0.0,-2.9132e-05,-13.927,60.48,-14.523,33.122,-0.12505,-2985.4,-809.13,-1426.8,0.0,0.0,12.861,25.14,10.617,0.0,-1602.04,0.1741,20.0
274,2023-10-02,0.5516,0.21844,5.475,17.625,10.428125,0.21844,0.0,0.030731,0.0,-2.8996e-05,-13.708,60.48,-14.41,33.122,-0.12508,-1000000.0,-898.55,-1428.7,0.0,0.0,12.748,25.14,10.73,0.0,-1602.03,0.1741,20.0
275,2023-10-03,0.034,0.13462,6.075,16.75,9.98958333333333,0.13462,0.0,0.017752,0.0,-2.889e-05,-13.574,60.48,-14.388,33.122,-0.12511,-1000000.0,-924.31,-1430.7,0.0,0.0,12.726,25.14,10.751,0.0,-1602.02,0.1741,20.0
276,2023-10-04,0.0714,0.1905,3.925,19.875,10.321875,0.1905,0.0,0.014065,0.0,-2.8744e-05,-13.383,60.48,-14.373,33.122,-0.12514,-1000000.0,-942.55,-1432.6,0.0,0.0,12.711,25.14,10.767,0.0,-1602.01,0.1741,20.0
277,2023-10-05,0.0238,0.11938,-0.075,16.0,7.48645833333333,0.11938,0.0,0.011313,0.0,-2.8625e-05,-13.264,60.48,-14.361,33.122,-0.12517,-1000000.0,-954.78,-1434.6,0.0,0.0,12.699,25.14,10.778,0.0,-1602.01,0.1741,20.0
278,2023-10-06,0.0,0.19558,-0.65,19.325,8.75729166666667,0.19558,0.0,0.0098896,0.0,-2.8506e-05,-13.068,60.48,-14.351,33.122,-0.1252,-1000000.0,-965.82,-1436.5,0.0,0.0,12.689,25.14,10.789,0.0,-1602.0,0.1741,20.0
279,2023-10-07,0.0,0.18796,5.85,23.825,12.925,0.18796,0.0,0.0089574,0.0,-2.8372e-05,-12.88,60.48,-14.342,33.122,-0.12523,-1000000.0,-976.02,-1438.4,0.0,0.0,12.68,25.14,10.798,0.0,-1601.99,0.1741,20.0
280,2023-10-08,0.0,0.23368,1.95,25.2,13.0333333333333,0.23368,0.0,0.0080876,0.0,-2.8253e-05,-12.647,60.48,-14.334,33.122,-0.12525,-1000000.0,-984.33,-1440.3,0.0,0.0,12.671,25.14,10.806,0.0,-1601.99,0.1741,20.0
281,2023-10-09,0.0,0.2413,4.225,26.0,14.55,0.2413,0.0,0.0074908,0.0,-2.8133e-05,-12.405,60.48,-14.326,33.122,-0.12528,-1000000.0,-991.94,-1442.2,0.0,0.0,12.664,25.14,10.814,0.0,-1601.98,0.1741,20.0
282,2023-10-10,0.0766,0.21082,10.075,21.725,14.00625,0.21082,0.0,0.0070069,0.0,-2.7999e-05,-12.194,60.48,-14.319,33.122,-0.12531,-1000000.0,-999.01,-1444.1,0.0,0.0,12.657,25.14,10.821,0.0,-1601.97,0.1741,20.0
283,2023-10-11,0.9952,0.15494,5.925,17.625,10.40625,0.15494,0.0,0.0065889,0.0,-2.788e-05,-12.04,60.48,-14.312,33.122,-0.12534,-1000000.0,-1005.5,-1446.0,0.0,0.0,12.65,25.14,10.827,0.0,-1601.97,0.1741,20.0
284,2023-10-12,0.1887,0.02032,3.725,8.575,6.5375,0.02032,0.0,0.0062249,0.0,-2.7761e-05,-12.019,60.48,-14.306,33.122,-0.12537,-1000000.0,-1011.5,-1447.9,0.0,0.0,12.644,25.14,10.834,0.0,-1601.96,0.1741,20.0
285,2023-10-13,0.0306,0.07366,3.775,10.5,7.06875,0.07366,0.0,0.0059017,0.0,-2.7642e-05,-11.946,60.48,-14.3,33.122,-0.12539,-1000000.0,-1017.1,-1449.7,0.0,0.0,12.638,25.14,10.84,0.0,-1601.96,0.1741,20.0
286,2023-10-14,0.0085,0.13716,0.0,15.8,6.95833333333333,0.13716,0.0,0.0056101,0.0,-2.7522e-05,-11.808,60.48,-14.294,33.122,-0.12542,-1000000.0,-1022.5,-1451.6,0.0,0.0,12.632,25.14,10.845,0.0,-1601.95,0.1741,20.0
287,2023-10-15,0.0,0.1778,3.375,19.0,10.3677083333333,0.1778,0.0,0.0053897,0.0,-2.7403e-05,-11.631,60.48,-14.289,33.122,-0.12545,-1000000.0,-1027.7,-1453.4,0.0,0.0,12.626,25.14,10.851,0.0,-1601.95,0.1741,20.0
288,2023-10-16,0.0,0.18288,4.3,20.05,12.4822916666667,0.18288,0.0,0.0051882,0.0,-2.7284e-05,-11.448,60.48,-14.284,33.122,-0.12548,-1000000.0,-1032.3,-1455.3,0.0,0.0,12.621,25.14,10.856,0.0,-1601.95,0.1741,20.0
289,2023-10-17,0.0,0.24892,6.6,16.175,12.215625,0.24892,0.0,0.0050198,0.0,-2.7165e-05,-11.199,60.48,-14.278,33.122,-0.1255,-1000000.0,-1036.9,-1457.1,0.0,0.0,12.616,25.14,10.861,0.0,-1601.95,0.1741,20.0
290,2023-10-18,0.0,0.36322,6.2,19.9,12.8614583333333,0.36322,0.0,0.0048588,0.0,-2.7046e-05,-10.836,60.48,-14.274,33.122,-0.12553,-1000000.0,-1041.3,-1458.9,0.0,0.0,12.611,25.14,10.866,0.0,-1601.96,0.1741,20.0
291,2023-10-19,0.0,0.42164,11.4,27.0,18.1760416666667,0.42164,0.0,0.0047019,0.0,-2.6926e-05,-10.414,60.48,-14.269,33.122,-0.12556,-1000000.0,-1045.8,-1460.7,0.0,0.0,12.606,25.14,10.871,0.0,-1601.96,0.1741,20.0
292,2023-10-20,0.0,0.26924,3.375,25.65,15.0583333333333,0.26924,0.0,0.0045624,0.0,-2.6807e-05,-10.145,60.48,-14.264,33.122,-0.12558,-1000000.0,-1050.0,-1462.6,0.0,0.0,12.602,25.14,10.875,0.0,-1601.98,0.1741,20.0
293,2023-10-21,0.0,0.10922,-1.9,17.025,6.440625,0.10922,0.0,0.0044363,0.0,-2.6688e-05,-10.035,60.48,-14.26,33.122,-0.12561,-1000000.0,-1054.1,-1464.4,0.0,0.0,12.597,25.14,10.88,0.0,-1601.99,0.1741,20.0
294,2023-10-22,0.0765,0.06858,2.6,9.125,5.3875,0.06858,0.0,0.0043204,0.0,-2.6569e-05,-9.9669,60.48,-14.255,33.122,-0.12564,-1000000.0,-1057.9,-1466.2,0.0,0.0,12.593,25.14,10.884,0.0,-1602.02,0.1741,20.0
295,2023-10-23,0.4765,0.03302,0.825,5.0,3.42708333333333,0.03302,0.0,0.0042133,0.0,-2.645e-05,-9.9339,60.48,-14.251,33.122,-0.12566,-1000000.0,-1061.7,-1467.9,0.0,0.0,12.589,25.14,10.888,0.0,-1602.05,0.1741,20.0
296,2023-10-24,0.0,0.02286,-8.1,0.8,-4.26875,0.02286,0.0,0.0041142,0.0,-2.633e-05,-9.911,60.48,-14.247,33.122,-0.12569,-1000000.0,-1065.3,-1469.7,0.0,0.0,12.584,25.14,10.893,0.0,-1602.08,0.1741,20.0
297,2023-10-25,0.0017,0.02794,-10.85,-4.875,-8.91458333333333,0.02794,0.0,0.0040222,0.0,-2.6226e-05,-9.8831,60.48,-14.243,33.122,-0.12572,-1000000.0,-1068.8,-1471.5,0.0,0.0,12.58,25.14,10.897,0.0,-1602.13,0.1741,20.0
298,2023-10-26,0.0,0.0254,-12.175,-4.675,-9.690625,0.0254,0.0,0.0039363,0.0,-2.6107e-05,-9.8577,60.48,-14.239,33.122,-0.12574,-1000000.0,-1072.2,-1473.3,0.0,0.0,12.576,25.14,10.901,0.0,-1602.19,0.1741,20.0
299,2023-10-27,0.0,0.02286,-18.325,-3.4,-11.734375,0.02286,0.0,0.0038553,0.0,-2.5988e-05,-9.8348,60.48,-14.235,33.122,-0.12577,-1000000.0,-1075.4,-1475.0,0.0,0.0,12.572,25.14,10.904,0.0,-1602.26,0.1741,20.0
300,2023-10-28,0.0,0.04064,-15.475,-2.525,-8.61458333333333,0.04064,0.0,0.0037785,0.0,-2.5883e-05,-9.7942,60.48,-14.231,33.122,-0.12579,-1000000.0,-1078.7,-1476.8,0.0,0.0,12.569,25.14,10.908,0.0,-1602.34,0.1741,20.0
301,2023-10-29,0.0034,0.06604,-8.975,0.4,-4.11875,0.06604,0.0,0.003705,0.0,-2.5764e-05,-9.7281,60.48,-14.228,33.122,-0.12582,-1000000.0,-1081.8,-1478.5,0.0,0.0,12.565,25.14,10.912,0.0,-1602.43,0.1741,20.0
302,2023-10-30,0.0952,0.1016,-5.525,4.0,-0.882291666666667,0.1016,0.0,0.0036345,0.0,-2.5645e-05,-9.6265,60.48,-14.224,33.122,-0.12585,-1000000.0,-1084.9,-1480.2,0.0,0.0,12.561,25.14,10.916,0.0,-1602.54,0.1741,20.0
303,2023-10-31,0.0,0.13462,-1.1,7.375,2.45104166666667,0.13462,0.0,0.0035665,0.0,-2.5541e-05,-9.4919,60.48,-14.22,33.122,-0.12587,-1000000.0,-1087.9,-1481.9,0.0,0.0,12.558,25.14,10.919,0.0,-1602.66,0.1741,20.0
304,2023-11-01,0.0,0.15748,-0.625,12.375,4.26770833333333,0.15748,0.0,0.003501,0.0,-2.5421e-05,-9.3344,60.48,-14.217,33.122,-0.1259,-1000000.0,-1090.8,-1483.7,0.0,0.0,12.554,25.14,10.923,0.0,-1602.8,0.1741,20.0
305,2023-11-02,0.0068,0.11176,4.0,10.375,6.99583333333333,0.11176,0.0,0.0034378,0.0,-2.5317e-05,-9.2227,60.48,-14.213,33.122,-0.12592,-1000000.0,-1093.7,-1485.4,0.0,0.0,12.551,25.14,10.926,0.0,-1602.95,0.1741,20.0
306,2023-11-03,0.0017,0.14478,1.325,12.975,6.86979166666667,0.14478,0.0,0.0033767,0.0,-2.5198e-05,-9.0779,60.48,-14.21,33.122,-0.12595,-1000000.0,-1096.6,-1487.1,0.0,0.0,12.547,25.14,10.93,0.0,-1603.12,0.174,20.0
307,2023-11-04,0.0136,0.1905,1.0,12.2,7.7375,0.1905,0.0,0.0033176,0.0,-2.5094e-05,-8.8874,60.48,-14.207,33.122,-0.12597,-1000000.0,-1099.3,-1488.8,0.0,0.0,12.544,25.14,10.933,0.0,-1603.3,0.174,20.0
308,2023-11-05,0.0,0.23876,5.5,14.4,9.73368,0.23876,0.0,0.0032604,0.0,-2.4989e-05,-8.6486,60.48,-14.203,33.122,-0.126,-1000000.0,-1102.1,-1490.5,0.0,0.0,12.541,25.14,10.936,0.0,-1603.5,0.174,20.0
309,2023-11-06,0.0357,0.1143,0.475,10.45,6.26875,0.1143,0.0,0.0032049,0.0,-2.487e-05,-8.5343,60.48,-14.2,33.122,-0.12602,-1000000.0,-1104.7,-1492.1,0.0,0.0,12.537,25.14,10.939,0.0,-1603.72,0.174,20.0
310,2023-11-07,0.0,0.2032,2.85,9.9,5.97395833333333,0.2032,0.0,0.003151,0.0,-2.4766e-05,-8.3311,60.48,-14.197,33.122,-0.12605,-1000000.0,-1107.4,-1493.8,0.0,0.0,12.534,25.14,10.943,0.0,-1603.96,0.174,20.0
311,2023-11-08,0.0,0.12954,-3.3,9.425,2.68229166666667,0.12954,0.0,0.003107,0.0,-2.4661e-05,-8.2016,60.48,-14.194,33.122,-0.12607,-1000000.0,-1110.0,-1495.5,0.0,0.0,12.531,25.14,10.946,0.0,-1604.21,0.174,20.0
312,2023-11-09,0.0,0.12446,-4.575,10.3,1.196875,0.12446,0.0,0.003069,0.0,-2.4557e-05,-8.0771,60.48,-14.191,33.122,-0.1261,-1000000.0,-1112.4,-1497.1,0.0,0.0,12.528,25.14,10.949,0.0,-1604.49,0.174,20.0
313,2023-11-10,0.0,0.15494,-4.9,9.25,2.09583333333333,0.15494,0.0,0.0030335,0.0,-2.4438e-05,-7.9222,60.48,-14.188,33.122,-0.12612,-1000000.0,-1114.9,-1498.8,0.0,0.0,12.525,25.14,10.952,0.0,-1604.78,0.174,20.0
314,2023-11-11,0.0,0.28956,0.45,13.25,6.24270833333333,0.28956,0.0,0.0029986,0.0,-2.4334e-05,-7.6326,60.48,-14.185,33.122,-0.12615,-1000000.0,-1117.3,-1500.4,0.0,0.0,12.522,25.14,10.955,0.0,-1605.08,0.174,20.0
315,2023-11-12,0.0,0.13462,-0.625,11.25,4.853125,0.13462,0.0,0.0029638,0.0,-2.4229e-05,-7.498,60.48,-14.182,33.122,-0.12617,-1000000.0,-1119.7,-1502.1,0.0,0.0,12.519,25.14,10.958,0.0,-1605.41,0.174,20.0
316,2023-11-13,0.0,0.24892,-0.375,16.475,8.39895833333333,0.24892,0.0,0.0029287,0.0,-2.4125e-05,-7.2491,60.48,-14.179,33.122,-0.12619,-1000000.0,-1122.1,-1503.7,0.0,0.0,12.516,25.14,10.961,0.0,-1605.75,0.174,20.0
317,2023-11-14,0.0,0.18542,-2.55,12.375,4.825,0.18542,0.0,0.0028934,0.0,-2.4021e-05,-7.0637,60.48,-14.176,33.122,-0.12622,-1000000.0,-1124.6,-1505.3,0.0,0.0,12.513,25.14,10.964,0.0,-1606.12,0.174,20.0
318,2023-11-15,0.0,0.18796,0.05,14.775,7.56041666666667,0.18796,0.0,0.0028579,0.0,-2.3916e-05,-6.8757,60.48,-14.173,33.122,-0.12624,-1000000.0,-1127.0,-1506.9,0.0,0.0,12.51,25.14,10.966,0.0,-1606.49,0.174,20.0
319,2023-11-16,0.3726,0.09906,-2.825,6.8,1.0,0.09906,0.0,0.0028225,0.0,-2.3812e-05,-6.7767,60.48,-14.17,33.122,-0.12627,-1000000.0,-1129.4,-1508.5,0.0,0.0,12.507,25.14,10.969,0.0,-1606.89,0.174,20.0
320,2023-11-17,0.0,0.27432,3.15,13.75,7.25208333333333,0.27432,0.0,0.0027873,0.0,-2.3708e-05,-6.5023,60.48,-14.167,33.122,-0.12629,-1000000.0,-1131.9,-1510.1,0.0,0.0,12.504,25.14,10.972,0.0,-1607.3,0.174,20.0
321,2023-11-18,0.0,0.19304,-0.125,13.35,5.53958333333333,0.19304,0.0,0.0027534,0.0,-2.3603e-05,-6.3093,60.48,-14.165,33.122,-0.12631,-1000000.0,-1134.3,-1511.7,0.0,0.0,12.502,25.14,10.975,0.0,-1607.73,0.174,20.0
322,2023-11-19,0.0,0.18796,1.95,12.4,5.996875,0.18796,0.0,0.0027219,0.0,-2.3499e-05,-6.1213,60.48,-14.162,33.122,-0.12634,-1000000.0,-1136.6,-1513.3,0.0,0.0,12.499,25.14,10.978,0.0,-1608.18,0.1739,20.0
323,2023-11-20,0.0,0.1651,-1.325,8.125,2.86666666666667,0.1651,0.0,0.0026927,0.0,-2.3395e-05,-5.9562,60.48,-14.159,33.122,-0.12636,-1000000.0,-1138.8,-1514.9,0.0,0.0,12.496,25.14,10.98,0.0,-1608.65,0.1739,20.0
324,2023-11-21,0.0,0.33274,3.65,11.25,7.96145833333333,0.33274,0.0,0.0026653,0.0,-2.3291e-05,-5.6235,60.48,-14.157,33.122,-0.12638,-1000000.0,-1141.0,-1516.5,0.0,0.0,12.493,25.14,10.983,0.0,-1609.12,0.1739,20.0
325,2023-11-22,0.0,0.1524,-1.925,10.625,5.92395833333333,0.1524,0.0,0.0026393,0.0,-2.3186e-05,-5.4711,60.48,-14.154,33.122,-0.12641,-1000000.0,-1143.1,-1518.0,0.0,0.0,12.491,25.14,10.986,0.0,-1609.62,0.1739,20.0
326,2023-11-23,0.0,0.01016,-5.6,-2.2,-4.47291666666667,0.01016,0.0,0.0026145,0.0,-2.3082e-05,-5.4609,60.48,-14.151,33.122,-0.12643,-1000000.0,-1145.2,-1519.6,0.0,0.0,12.488,25.14,10.988,0.0,-1610.13,0.1739,20.0
327,2023-11-24,0.0,0.01778,-12.725,-5.175,-6.821875,0.01778,0.0,0.0025905,0.0,-2.2978e-05,-5.4432,60.48,-14.149,33.122,-0.12645,-1000000.0,-1147.3,-1521.1,0.0,0.0,12.485,25.14,10.991,0.0,-1610.65,0.1739,20.0
328,2023-11-25,0.0527,0.06096,-10.375,3.575,-2.86458333333333,0.06096,0.0,0.0025671,0.0,-2.2888e-05,-5.3822,60.48,-14.146,33.122,-0.12648,-1000000.0,-1149.3,-1522.7,0.0,0.0,12.483,25.14,10.993,0.0,-1611.19,0.1739,20.0
329,2023-11-26,0.0,0.05842,-8.025,3.925,-2.55833333333333,0.05842,0.0,0.0025442,0.0,-2.2784e-05,-5.3238,60.48,-14.144,33.122,-0.1265,-1000000.0,-1151.4,-1524.2,0.0,0.0,12.48,25.14,10.996,0.0,-1611.75,0.1739,20.0
330,2023-11-27,0.0,0.18288,-6.825,7.8,1.12083333333333,0.18288,0.0,0.0025217,0.0,-2.268e-05,-5.1409,60.48,-14.141,33.122,-0.12652,-1000000.0,-1153.4,-1525.8,0.0,0.0,12.478,25.14,10.998,0.0,-1612.32,0.1739,20.0
331,2023-11-28,0.0,0.28194,0.125,10.625,4.359375,0.28194,0.0,0.0024997,0.0,-2.259e-05,-4.859,60.48,-14.139,33.122,-0.12654,-1000000.0,-1155.4,-1527.3,0.0,0.0,12.475,25.14,11.001,0.0,-1612.9,0.1738,20.0
332,2023-11-29,0.0,0.10668,-10.025,7.975,0.0031249999999998,0.10668,0.0,0.0024784,0.0,-2.2486e-05,-4.7523,60.48,-14.136,33.122,-0.12657,-1000000.0,-1157.4,-1528.8,0.0,0.0,12.473,25.14,11.003,0.0,-1613.49,0.1738,20.0
333,2023-11-30,0.0,0.0254,-12.5,0.75,-7.184375,0.0254,0.0,0.0024578,0.0,-2.2382e-05,-4.7269,60.48,-14.134,33.122,-0.12659,-1000000.0,-1159.3,-1530.3,0.0,0.0,12.47,25.14,11.006,0.0,-1614.1,0.1738,20.0
334,2023-12-01,0.0,0.1143,-11.55,2.85,-2.70833333333333,0.1143,0.0,0.002438,0.0,-2.2292e-05,-4.6126,60.48,-14.131,33.122,-0.12661,-1000000.0,-1161.3,-1531.8,0.0,0.0,12.468,25.14,11.008,0.0,-1614.72,0.1738,20.0
335,2023-12-02,0.0,0.1651,-2.725,4.55,0.510416666666667,0.1651,0.0,0.0024187,0.0,-2.2188e-05,-4.4475,60.48,-14.129,33.122,-0.12663,-1000000.0,-1163.1,-1533.3,0.0,0.0,12.465,25.14,11.011,0.0,-1615.36,0.1738,20.0
336,2023-12-03,0.0,0.17018,-3.95,6.5,1.57916666666667,0.17018,0.0,0.0024,0.0,-2.2098e-05,-4.2773,60.48,-14.126,33.122,-0.12665,-1000000.0,-1165.0,-1534.8,0.0,0.0,12.463,25.14,11.013,0.0,-1616.0,0.1738,20.0
337,2023-12-04,0.0,0.16256,-2.625,9.575,5.40729166666667,0.16256,0.0,0.0023819,0.0,-2.1994e-05,-4.1147,60.48,-14.124,33.122,-0.12668,-1000000.0,-1166.8,-1536.3,0.0,0.0,12.46,25.14,11.016,0.0,-1616.66,0.1738,20.0
338,2023-12-05,0.0,0.33782,9.525,15.325,12.5104166666667,0.33782,0.0,0.0023642,0.0,-2.1905e-05,-3.7769,60.48,-14.122,33.122,-0.1267,-1000000.0,-1168.6,-1537.8,0.0,0.0,12.458,25.14,11.018,0.0,-1617.33,0.1737,20.0
339,2023-12-06,0.0,0.25146,6.05,15.675,11.015625,0.25146,0.0,0.0023469,0.0,-2.18e-05,-3.5255,60.48,-14.119,33.122,-0.12672,-1000000.0,-1170.4,-1539.2,0.0,0.0,12.456,25.14,11.02,0.0,-1618.0,0.1737,20.0
340,2023-12-07,0.0,0.09144,-3.225,8.15,3.30625,0.09144,0.0,0.0023299,0.0,-2.1711e-05,-3.434,60.48,-14.117,33.122,-0.12674,-1000000.0,-1172.2,-1540.7,0.0,0.0,12.453,25.14,11.023,0.0,-1618.69,0.1737,20.0
341,2023-12-08,0.0068,0.03302,-10.3,5.75,-2.80833333333333,0.03302,0.0,0.0023133,0.0,-2.1622e-05,-3.401,60.48,-14.115,33.122,-0.12676,-1000000.0,-1174.0,-1542.2,0.0,0.0,12.451,25.14,11.025,0.0,-1619.39,0.1737,20.0
342,2023-12-09,0.0,0.1397,-6.625,3.35,-1.165625,0.1397,0.0,0.0022969,0.0,-2.1517e-05,-3.2613,60.48,-14.112,33.122,-0.12679,-1000000.0,-1175.7,-1543.6,0.0,0.0,12.449,25.14,11.027,0.0,-1620.1,0.1737,20.0
343,2023-12-10,0.0,0.21082,0.875,6.65,3.815625,0.21082,0.0,0.0022808,0.0,-2.1428e-05,-3.0505,60.48,-14.11,33.122,-0.12681,-1000000.0,-1177.4,-1545.1,0.0,0.0,12.446,25.14,11.03,0.0,-1620.82,0.1737,20.0
344,2023-12-11,0.148,0.04572,-3.725,3.875,0.255208333333333,0.04572,0.0,0.0022649,0.0,-2.1338e-05,-3.0048,60.48,-14.108,33.122,-0.12683,-1000000.0,-1179.2,-1546.5,0.0,0.0,12.444,25.14,11.032,0.0,-1621.55,0.1737,20.0
345,2023-12-12,0.0034,0.04064,-5.475,5.225,-1.43854166666667,0.04064,0.0,0.0022491,0.0,-2.1234e-05,-2.9641,60.48,-14.106,33.122,-0.12685,-1000000.0,-1180.9,-1547.9,0.0,0.0,12.442,25.14,11.034,0.0,-1622.28,0.1736,20.0
346,2023-12-13,0.0,0.13716,-4.75,9.0,0.878125,0.13716,0.0,0.0022336,0.0,-2.1145e-05,-2.827,60.48,-14.103,33.122,-0.12687,-1000000.0,-1182.6,-1549.4,0.0,0.0,12.44,25.14,11.036,0.0,-1623.03,0.1736,20.0
347,2023-12-14,0.0,0.11684,-2.925,9.275,1.02604166666667,0.11684,0.0,0.0022182,0.0,-2.1055e-05,-2.7101,60.48,-14.101,33.122,-0.12689,-1000000.0,-1184.2,-1550.8,0.0,0.0,12.437,25.14,11.039,0.0,-1623.78,0.1736,20.0
348,2023-12-15,0.0,0.10668,-6.45,8.35,0.763541666666667,0.10668,0.0,0.002203,0.0,-2.0966e-05,-2.6034,60.48,-14.099,33.122,-0.12691,-1000000.0,-1185.9,-1552.2,0.0,0.0,12.435,25.14,11.041,0.0,-1624.54,0.1736,20.0
349,2023-12-16,0.0,0.3302,4.125,11.3,7.08645833333333,0.3302,0.0,0.0021879,0.0,-2.0877e-05,-2.2732,60.48,-14.097,33.122,-0.12693,-1000000.0,-1187.6,-1553.6,0.0,0.0,12.433,25.14,11.043,0.0,-1625.31,0.1736,20.0
350,2023-12-17,0.0,0.06604,-7.75,5.325,-0.157291666666667,0.06604,0.0,0.0021729,0.0,-2.0772e-05,-2.2072,60.48,-14.094,33.122,-0.12695,-1000000.0,-1189.3,-1555.0,0.0,0.0,12.431,25.14,11.045,0.0,-1626.09,0.1736,20.0
351,2023-12-18,0.0,0.2286,-3.35,12.575,6.90833333333333,0.2286,0.0,0.0021581,0.0,-2.0713e-05,-1.9786,60.48,-14.092,33.122,-0.12698,-1000000.0,-1191.0,-1556.7,0.0,0.0,12.428,25.14,11.047,0.0,-1626.87,0.1735,20.0
352,2023-12-19,0.0085,0.19304,1.925,13.15,7.56458333333333,0.19304,0.0,0.0021433,0.0,-2.0668e-05,-1.7856,60.48,-14.09,33.122,-0.127,-1000000.0,-1192.7,-1558.6,0.0,0.0,12.426,25.14,11.049,0.0,-1627.66,0.1735,20.0
353,2023-12-20,0.0,0.20574,4.35,12.8,7.19166666666667,0.20574,0.0,0.0021288,0.0,-2.0608e-05,-1.5798,60.48,-14.088,33.122,-0.12702,-1000000.0,-1194.3,-1560.5,0.0,0.0,12.424,25.14,11.052,0.0,-1628.46,0.1735,20.0
354,2023-12-21,0.0,0.1651,-1.125,12.4,6.38125,0.1651,0.0,0.0021144,0.0,-2.0564e-05,-1.4147,60.48,-14.086,33.122,-0.12704,-1000000.0,-1196.0,-1562.5,0.0,0.0,12.422,25.14,11.054,0.0,-1629.26,0.1735,20.0
355,2023-12-22,0.0,0.2032,2.825,11.925,6.90625,0.2032,0.0,0.0021002,0.0,-2.0519e-05,-1.2115,60.48,-14.084,33.122,-0.12706,-1000000.0,-1197.6,-1564.4,0.0,0.0,12.42,25.14,11.056,0.0,-1630.07,0.1735,20.0
356,2023-12-23,0.0,0.07366,-4.55,3.975,0.003125,0.07366,0.0,0.0020861,0.0,-2.0459e-05,-1.1379,60.48,-14.082,33.122,-0.12708,-1000000.0,-1199.2,-1566.3,0.0,0.0,12.418,25.14,11.058,0.0,-1630.89,0.1735,20.0
357,2023-12-24,0.0,0.0762,-9.675,3.125,-4.54375,0.0762,0.0,0.0020723,0.0,-2.0415e-05,-1.0617,60.48,-14.08,33.122,-0.1271,-1000000.0,-1200.8,-1568.2,0.0,0.0,12.416,25.14,11.06,0.0,-1631.71,0.1734,20.0
358,2023-12-25,0.0,0.12954,-10.325,5.575,-3.33541666666667,0.12954,0.0,0.0020586,0.0,-2.037e-05,-0.93213,60.48,-14.078,33.122,-0.12712,-1000000.0,-1202.4,-1570.1,0.0,0.0,12.414,25.14,11.062,0.0,-1632.53,0.1734,20.0
359,2023-12-26,0.0,0.1651,-6.25,6.95,0.0583333333333333,0.1651,0.0,0.0020451,0.0,-2.031e-05,-0.76703,60.48,-14.076,33.122,-0.12714,-1000000.0,-1204.0,-1572.0,0.0,0.0,12.412,25.14,11.064,0.0,-1633.37,0.1734,20.0
360,2023-12-27,0.0,0.09144,-6.775,7.3,-0.14375,0.09144,0.0,0.0020317,0.0,-2.0266e-05,-0.67559,60.48,-14.074,33.122,-0.12716,-1000000.0,-1205.5,-1573.9,0.0,0.0,12.409,25.14,11.066,0.0,-1634.2,0.1734,20.0
361,2023-12-28,0.0,0.1905,-2.8,11.65,4.85729166666667,0.1905,0.0,0.0020186,0.0,-2.0221e-05,-0.48509,60.48,-14.071,33.122,-0.12718,-1000000.0,-1207.1,-1575.8,0.0,0.0,12.407,25.14,11.068,0.0,-1635.05,0.1734,20.0
362,2023-12-29,0.0,0.07874,-5.25,10.55,1.37708333333333,0.07874,0.0,0.0020056,0.0,-2.0176e-05,-0.40635,60.48,-14.069,33.122,-0.1272,-1000000.0,-1208.6,-1577.7,0.0,0.0,12.405,25.14,11.07,0.0,-1635.89,0.1733,20.0
363,2023-12-30,0.0,0.03302,-8.125,7.625,-1.759375,0.03302,0.0,0.0019928,0.0,-2.0117e-05,-0.37333,60.48,-14.067,33.122,-0.12722,-1000000.0,-1210.2,-1579.5,0.0,0.0,12.403,25.14,11.072,0.0,-1636.74,0.1733,20.0
364,2023-12-31,0.0,0.10668,-7.525,10.125,0.734375,0.10668,0.0,0.0019802,0.0,-2.0072e-05,-0.26665,60.48,-14.066,33.122,-0.12724,-1000000.0,-1211.7,-1581.4,0.0,0.0,12.401,25.14,11.074,0.0,-1637.6,0.1733,20.0
365,2024-01-01,0.0,0.127,-4.5,7.55,0.603125,0.127,0.0,0.0019677,0.0,-2.0027e-05,-0.13965,60.48,-14.064,33.122,-0.12726,-1000000.0,-1213.2,-1583.3,0.0,0.0,12.399,25.14,11.076,0.0,-1638.46,0.1733,20.0
366,2024-01-02,0.0,0.11684,-4.275,6.675,-0.121875,0.11684,0.0,0.0019554,0.0,-1.9982e-05,-0.022807,60.48,-14.062,33.122,-0.12728,-1000000.0,-1214.7,-1585.1,0.0,0.0,12.397,25.14,11.078,0.0,-1639.32,0.1733,20.0
367,2024-01-03,0.0,0.04064,-11.325,4.075,-4.49895833333333,0.04064,0.0,0.0019432,0.0,-1.9938e-05,0.017833,60.48,-14.06,33.122,-0.1273,-1000000.0,-1216.2,-1587.0,0.0,0.0,12.395,25.14,11.08,0.0,-1640.19,0.1733,20.0
368,2024-01-04,0.0,0.11176,-4.1,7.425,0.45,0.11176,0.0,0.0019312,0.0,-1.9878e-05,0.12959,60.48,-14.058,33.122,-0.12732,-1000000.0,-1217.7,-1588.9,0.0,0.0,12.393,25.14,11.082,0.0,-1641.06,0.1732,20.0
369,2024-01-05,0.0,0.09144,-3.425,5.325,-0.651041666666667,0.09144,0.0,0.0019193,0.0,-1.9833e-05,0.22103,60.48,-14.056,33.122,-0.12734,-1000000.0,-1219.1,-1590.7,0.0,0.0,12.392,25.14,11.084,0.0,-1641.93,0.1732,20.0
370,2024-01-06,0.0,0.1524,-5.325,2.2,-0.451041666666667,0.1524,0.0,0.0019076,0.0,-1.9789e-05,0.37343,60.48,-14.054,33.122,-0.12736,-1000000.0,-1220.6,-1592.6,0.0,0.0,12.39,25.14,11.086,0.0,-1642.81,0.1732,20.0
371,2024-01-07,0.0,0.02794,-13.95,-5.325,-10.1489583333333,0.02794,0.0,0.001896,0.0,-1.9744e-05,0.40137,60.48,-14.052,33.122,-0.12738,-1000000.0,-1222.0,-1594.4,0.0,0.0,12.388,25.14,11.088,0.0,-1643.69,0.1732,20.0
372,2024-01-08,0.0,0.08382,-18.125,-0.875,-8.43541666666667,0.08382,0.0,0.0018845,0.0,-1.9699e-05,0.48519,60.48,-14.05,33.122,-0.1274,-1000000.0,-1223.5,-1596.2,0.0,0.0,12.386,25.14,11.09,0.0,-1644.57,0.1732,20.0
373,2024-01-09,0.0,0.1905,-2.55,5.875,1.115625,0.1905,0.0,0.0018732,0.0,-1.9655e-05,0.67569,60.48,-14.048,33.122,-0.12742,-1000000.0,-1224.9,-1598.1,0.0,0.0,12.384,25.14,11.091,0.0,-1645.46,0.1731,20.0
374,2024-01-10,0.0,0.0381,-19.575,-6.725,-14.7020833333333,0.0381,0.0,0.0018619,0.0,-1.9595e-05,0.71379,60.48,-14.046,33.122,-0.12744,-1000000.0,-1226.3,-1599.9,0.0,0.0,12.382,25.14,11.093,0.0,-1646.35,0.1731,20.0
375,2024-01-11,0.0,0.01524,-30.025,-20.075,-24.8489583333333,0.01524,0.0,0.0018508,0.0,-1.955e-05,0.72903,60.48,-14.044,33.122,-0.12746,-1000000.0,-1227.8,-1601.7,0.0,0.0,12.38,25.14,11.095,0.0,-1647.24,0.1731,20.0
376,2024-01-12,0.0,0.00508,-36.925,-30.275,-32.846875,0.00508,0.0,0.0018399,0.0,-1.9506e-05,0.73411,60.48,-14.043,33.122,-0.12748,-1000000.0,-1229.2,-1603.5,0.0,0.0,12.378,25.14,11.097,0.0,-1648.14,0.1731,20.0
377,2024-01-13,0.0,0.00762,-38.025,-21.85,-31.2628333333333,0.00762,0.0,0.001829,0.0,-1.9461e-05,0.74173,60.48,-14.041,33.122,-0.1275,-1000000.0,-1230.6,-1605.4,0.0,0.0,12.376,25.14,11.099,0.0,-1649.03,0.1731,20.0
378,2024-01-14,0.0,0.00508,-34.025,-25.925,-29.0159565217391,0.00508,0.0,0.0018182,0.0,-1.9416e-05,0.74681,60.48,-14.039,33.122,-0.12752,-1000000.0,-1232.0,-1607.2,0.0,0.0,12.375,25.14,11.101,0.0,-1649.93,0.173,20.0
379,2024-01-15,0.0,0.02032,-34.675,-15.075,-24.7677083333333,0.02032,0.0,0.0018079,0.0,-1.9372e-05,0.76713,60.48,-14.037,33.122,-0.12754,-1000000.0,-1233.4,-1609.0,0.0,0.0,12.373,25.14,11.102,0.0,-1650.83,0.173,20.0
380,2024-01-16,0.0,0.07874,-14.65,-3.85,-8.19375,0.07874,0.0,0.0017982,0.0,-1.9327e-05,0.84587,60.48,-14.035,33.122,-0.12756,-1000000.0,-1234.7,-1610.8,0.0,0.0,12.371,25.14,11.104,0.0,-1651.74,0.173,20.0
381,2024-01-17,0.0,0.01778,-18.825,-7.325,-13.5770833333333,0.01778,0.0,0.0017893,0.0,-1.9282e-05,0.86365,60.48,-14.034,33.122,-0.12757,-1000000.0,-1236.0,-1612.6,0.0,0.0,12.369,25.14,11.106,0.0,-1652.64,0.173,20.0
382,2024-01-18,0.0,0.01651,-27.575,-12.375,-19.2677083333333,0.01651,0.0,0.0017806,0.0,-1.9222e-05,0.88016,60.48,-14.032,33.122,-0.12759,-1000000.0,-1237.4,-1614.4,0.0,0.0,12.367,25.14,11.108,0.0,-1653.55,0.173,20.0
383,2024-01-19,0.0,0.01524,-28.575,-12.7,-19.715625,0.01524,0.0,0.0017721,0.0,-1.9178e-05,0.8954,60.48,-14.03,33.122,-0.12761,-1000000.0,-1238.7,-1616.2,0.0,0.0,12.366,25.14,11.11,0.0,-1654.46,0.1729,20.0
384,2024-01-20,0.4186,0.1143,-16.0,6.175,1.03854166666667,0.1143,0.0,0.0017636,0.0,-1.9133e-05,1.0097,60.48,-14.028,33.122,-0.12763,-1000000.0,-1240.0,-1618.0,0.0,0.0,12.364,25.14,11.111,0.0,-1655.37,0.1729,20.0
385,2024-01-21,0.0,0.12954,0.775,8.775,5.02708333333333,0.12954,0.0,0.0017552,0.0,-1.9088e-05,1.1392,60.48,-14.027,33.122,-0.12765,-1000000.0,-1241.3,-1619.7,0.0,0.0,12.362,25.14,11.113,0.0,-1656.28,0.1729,20.0
386,2024-01-22,0.0,0.0381,-10.225,-2.65,-6.46979166666667,0.0381,0.0,0.0017468,0.0,-1.9044e-05,1.1773,60.48,-14.025,33.122,-0.12767,-1000000.0,-1242.6,-1621.5,0.0,0.0,12.36,25.14,11.115,0.0,-1657.19,0.1729,20.0
387,2024-01-23,0.0,0.15494,0.925,9.4,4.725,0.15494,0.0,0.0017384,0.0,-1.8999e-05,1.3323,60.48,-14.023,33.122,-0.12769,-1000000.0,-1244.0,-1623.3,0.0,0.0,12.358,25.14,11.117,0.0,-1658.1,0.1729,20.0
388,2024-01-24,0.0,0.14732,-1.15,8.75,3.42916666666667,0.14732,0.0,0.0017299,0.0,-1.8954e-05,1.4796,60.48,-14.021,33.122,-0.12771,-1000000.0,-1245.3,-1625.1,0.0,0.0,12.357,25.14,11.118,0.0,-1659.02,0.1729,20.0
389,2024-01-25,0.0,0.1651,0.275,10.45,4.19270833333333,0.1651,0.0,0.0017215,0.0,-1.891e-05,1.6447,60.48,-14.02,33.122,-0.12773,-1000000.0,-1246.6,-1626.8,0.0,0.0,12.355,25.14,11.12,0.0,-1659.94,0.1728,20.0
390,2024-01-26,0.0,0.19304,-0.3,8.1,2.88125,0.19304,0.0,0.0017132,0.0,-1.8865e-05,1.8377,60.48,-14.018,33.122,-0.12775,-1000000.0,-1247.9,-1628.6,0.0,0.0,12.353,25.14,11.122,0.0,-1660.85,0.1728,20.0
391,2024-01-27,0.0,0.20574,0.125,8.925,5.6375,0.20574,0.0,0.0017048,0.0,-1.882e-05,2.0435,60.48,-14.016,33.122,-0.12776,-1000000.0,-1249.2,-1630.3,0.0,0.0,12.351,25.14,11.123,0.0,-1661.77,0.1728,20.0
392,2024-01-28,0.0,0.26162,5.35,14.75,9.24791666666667,0.26162,0.0,0.0016964,0.0,-1.8775e-05,2.3051,60.48,-14.014,33.122,-0.12778,-1000000.0,-1250.6,-1632.1,0.0,0.0,12.35,25.14,11.125,0.0,-1662.69,0.1728,20.0
393,2024-01-29,0.0,0.22352,4.125,16.85,8.81145833333333,0.22352,0.0,0.0016881,0.0,-1.8731e-05,2.5286,60.48,-14.013,33.122,-0.1278,-1000000.0,-1251.9,-1633.8,0.0,0.0,12.348,25.14,11.127,0.0,-1663.61,0.1728,20.0
394,2024-01-30,0.0,0.24892,3.65,17.025,9.86875,0.24892,0.0,0.0016798,0.0,-1.8686e-05,2.7775,60.48,-14.011,33.122,-0.12782,-1000000.0,-1253.2,-1635.6,0.0,0.0,12.346,25.14,11.129,0.0,-1664.53,0.1727,20.0
395,2024-01-31,0.0,0.2413,1.325,16.275,8.66041666666667,0.2413,0.0,0.0016716,0.0,-1.8641e-05,3.0188,60.48,-14.009,33.122,-0.12784,-1000000.0,-1254.5,-1637.3,0.0,0.0,12.345,25.14,11.13,0.0,-1665.46,0.1727,20.0
396,2024-02-01,0.0,0.19558,4.5,16.625,8.975,0.19558,0.0,0.0016635,0.0,-1.8597e-05,3.2144,60.48,-14.008,33.122,-0.12786,-1000000.0,-1255.8,-1639.1,0.0,0.0,12.343,25.14,11.132,0.0,-1666.38,0.1727,20.0
397,2024-02-02,0.0,0.08128,3.0,13.65,6.56770833333333,0.08128,0.0,0.0016554,0.0,-1.8552e-05,3.2957,60.48,-14.006,33.122,-0.12788,-1000000.0,-1257.1,-1640.8,0.0,0.0,12.341,25.14,11.134,0.0,-1667.3,0.1727,20.0
398,2024-02-03,0.6331,0.03048,-0.875,5.0,2.81458333333333,0.03048,0.0,0.0016474,0.0,-1.8507e-05,3.3262,60.48,-14.004,33.122,-0.1279,-1000000.0,-1258.4,-1642.5,0.0,0.0,12.34,25.14,11.135,0.0,-1668.22,0.1727,20.0
399,2024-02-04,0.0,0.0381,-10.075,-0.85,-4.96666666666667,0.0381,0.0,0.0016396,0.0,-1.8463e-05,3.3643,60.48,-14.003,33.122,-0.12791,-1000000.0,-1259.6,-1644.2,0.0,0.0,12.338,25.14,11.137,0.0,-1669.15,0.1726,20.0
400,2024-02-05,0.3507,0.04572,-14.275,4.2,-6.19791666666667,0.04572,0.0,0.0016319,0.0,-1.8418e-05,3.41,60.48,-14.001,33.122,-0.12793,-1000000.0,-1260.9,-1646.0,0.0,0.0,12.336,25.14,11.138,0.0,-1670.07,0.1726,20.0
401,2024-02-06,0.0034,0.02794,-13.925,-2.275,-8.09895833333333,0.02794,0.0,0.0016243,0.0,-1.8373e-05,3.4379,60.48,-14.0,33.122,-0.12795,-1000000.0,-1262.2,-1647.7,0.0,0.0,12.335,25.14,11.14,0.0,-1671.0,0.1726,20.0
402,2024-02-07,0.0,0.03302,-6.575,-2.35,-5.09375,0.03302,0.0,0.0016169,0.0,-1.8328e-05,3.471,60.48,-13.998,33.122,-0.12797,-1000000.0,-1263.4,-1649.4,0.0,0.0,12.333,25.14,11.142,0.0,-1671.92,0.1726,20.0
403,2024-02-08,0.1496,0.0381,-5.5,-0.85,-3.32916666666667,0.0381,0.0,0.0016095,0.0,-1.8284e-05,3.5091,60.48,-13.996,33.122,-0.12799,-1000000.0,-1264.7,-1651.1,0.0,0.0,12.331,25.14,11.143,0.0,-1672.85,0.1726,20.0
404,2024-02-09,0.0,0.0381,-11.6,-1.95,-6.17708333333333,0.0381,0.0,0.0016023,0.0,-1.8239e-05,3.5472,60.48,-13.995,33.122,-0.12801,-1000000.0,-1265.9,-1652.8,0.0,0.0,12.33,25.14,11.145,0.0,-1673.77,0.1725,20.0
405,2024-02-10,0.0068,0.06858,-16.5,-0.425,-6.90208333333333,0.06858,0.0,0.0015955,0.0,-1.8194e-05,3.6157,60.48,-13.993,33.122,-0.12802,-1000000.0,-1267.1,-1654.5,0.0,0.0,12.328,25.14,11.147,0.0,-1674.7,0.1725,20.0
406,2024-02-11,0.2856,0.0762,-2.65,2.9,-0.260416666666667,0.0762,0.0,0.001589,0.0,-1.815e-05,3.6919,60.48,-13.991,33.122,-0.12804,-1000000.0,-1268.3,-1656.2,0.0,0.0,12.327,25.14,11.148,0.0,-1675.62,0.1725,20.0
407,2024-02-12,0.0,0.07112,-2.375,3.275,0.904166666666667,0.07112,0.0,0.0015828,0.0,-1.8105e-05,3.7631,60.48,-13.99,33.122,-0.12806,-1000000.0,-1269.5,-1657.9,0.0,0.0,12.325,25.14,11.15,0.0,-1676.55,0.1725,20.0
408,2024-02-13,0.0,0.03556,-8.525,-2.425,-4.91979166666667,0.03556,0.0,0.0015769,0.0,-1.8075e-05,3.7986,60.48,-13.988,33.122,-0.12808,-1000000.0,-1270.7,-1659.6,0.0,0.0,12.323,25.14,11.151,0.0,-1677.47,0.1725,20.0
409,2024-02-14,0.0527,0.03175,-15.45,-6.025,-10.5802083333333,0.03175,0.0,0.0015714,0.0,-1.803e-05,3.8304,60.48,-13.987,33.122,-0.1281,-1000000.0,-1271.8,-1661.2,0.0,0.0,12.322,25.14,11.153,0.0,-1678.4,0.1724,20.0
410,2024-02-15,0.0,0.02794,-20.3,-6.575,-12.5083333333333,0.02794,0.0,0.001566,0.0,-1.7986e-05,3.8583,60.48,-13.985,33.122,-0.12811,-1000000.0,-1273.0,-1662.9,0.0,0.0,12.32,25.14,11.154,0.0,-1679.32,0.1724,20.0
411,2024-02-16,0.0,0.03302,-26.225,-9.9,-17.0583333333333,0.03302,0.0,0.0015608,0.0,-1.7941e-05,3.8913,60.48,-13.984,33.122,-0.12813,-1000000.0,-1274.1,-1664.6,0.0,0.0,12.319,25.14,11.156,0.0,-1680.25,0.1724,20.0
412,2024-02-17,0.0476,0.0889,-19.975,0.725,-9.134375,0.0889,0.0,0.0015557,0.0,-1.7896e-05,3.9802,60.48,-13.982,33.122,-0.12815,-1000000.0,-1275.2,-1666.3,0.0,0.0,12.317,25.14,11.158,0.0,-1681.17,0.1724,20.0
413,2024-02-18,0.0017,0.1524,-5.3,3.525,-0.666666666666667,0.1524,0.0,0.0015507,0.0,-1.7852e-05,4.1326,60.48,-13.981,33.122,-0.12817,-1000000.0,-1276.3,-1667.9,0.0,0.0,12.315,25.14,11.159,0.0,-1682.1,0.1724,20.0
414,2024-02-19,0.0,0.1016,-2.725,5.0,0.8375,0.1016,0.0,0.0015459,0.0,-1.7807e-05,4.2342,60.48,-13.979,33.122,-0.12819,-1000000.0,-1277.4,-1669.6,0.0,0.0,12.314,25.14,11.161,0.0,-1683.02,0.1723,20.0
415,2024-02-20,0.0,0.17526,1.275,6.45,3.92604166666667,0.17526,0.0,0.0015411,0.0,-1.7762e-05,4.4095,60.48,-13.977,33.122,-0.1282,-1000000.0,-1278.5,-1671.3,0.0,0.0,12.312,25.14,11.162,0.0,-1683.94,0.1723,20.0
416,2024-02-21,0.0,0.13462,-2.675,7.325,2.640625,0.13462,0.0,0.0015363,0.0,-1.7732e-05,4.5441,60.48,-13.976,33.122,-0.12822,-1000000.0,-1279.6,-1672.9,0.0,0.0,12.311,25.14,11.164,0.0,-1684.87,0.1723,20.0
417,2024-02-22,0.0,0.127,-1.6,8.0,2.21666666666667,0.127,0.0,0.0015316,0.0,-1.7688e-05,4.6711,60.48,-13.974,33.122,-0.12824,-1000000.0,-1280.6,-1674.6,0.0,0.0,12.309,25.14,11.165,0.0,-1685.79,0.1723,20.0
418,2024-02-23,0.0,0.20066,0.775,7.175,3.728125,0.20066,0.0,0.001527,0.0,-1.7643e-05,4.8718,60.48,-13.973,33.122,-0.12826,-1000000.0,-1281.7,-1676.2,0.0,0.0,12.308,25.14,11.167,0.0,-1686.71,0.1723,20.0
419,2024-02-24,0.0,0.17018,3.225,6.725,4.67395833333333,0.17018,0.0,0.0015223,0.0,-1.7598e-05,5.042,60.48,-13.971,33.122,-0.12827,-1000000.0,-1282.8,-1677.8,0.0,0.0,12.306,25.14,11.168,0.0,-1687.63,0.1722,20.0
420,2024-02-25,0.0,0.26162,3.05,9.575,5.99791666666667,0.26162,0.0,0.0015177,0.0,-1.7554e-05,5.3036,60.48,-13.97,33.122,-0.12829,-1000000.0,-1283.9,-1679.5,0.0,0.0,12.305,25.14,11.17,0.0,-1688.56,0.1722,20.0
421,2024-02-26,0.0,0.09398,-15.95,4.475,-6.221875,0.09398,0.0,0.0015132,0.0,-1.7509e-05,5.3976,60.48,-13.968,33.122,-0.12831,-1000000.0,-1284.9,-1681.1,0.0,0.0,12.303,25.14,11.171,0.0,-1689.48,0.1722,20.0
422,2024-02-27,0.0,0.0508,-18.425,-8.475,-13.90625,0.0508,0.0,0.0015086,0.0,-1.7479e-05,5.4484,60.48,-13.967,33.122,-0.12833,-1000000.0,-1286.0,-1682.8,0.0,0.0,12.302,25.14,11.173,0.0,-1690.4,0.1722,20.0
423,2024-02-28,0.0,0.22352,-9.975,7.75,1.85104166666667,0.22352,0.0,0.0015041,0.0,-1.7434e-05,5.6719,60.48,-13.965,33.122,-0.12834,-1000000.0,-1287.1,-1684.4,0.0,0.0,12.3,25.14,11.174,0.0,-1691.32,0.1722,20.0
424,2024-02-29,0.0646,0.3302,1.35,12.825,7.26354166666667,0.3302,0.0,0.0014996,0.0,-1.739e-05,6.0021,60.48,-13.964,33.122,-0.12836,-1000000.0,-1288.1,-1686.0,0.0,0.0,12.299,25.14,11.176,0.0,-1692.23,0.1721,20.0
425,2024-03-01,0.0,0.19558,-2.85,6.6,0.96875,0.19558,0.0,0.0014951,0.0,-1.7345e-05,6.1977,60.48,-13.962,33.122,-0.12838,-1000000.0,-1289.2,-1687.6,0.0,0.0,12.297,25.14,11.177,0.0,-1693.15,0.1721,20.0
426,2024-03-02,0.0,0.04064,-14.575,-2.4,-8.82083333333333,0.04064,0.0,0.0014906,0.0,-1.73e-05,6.2383,60.48,-13.961,33.122,-0.1284,-1000000.0,-1290.2,-1689.2,0.0,0.0,12.296,25.14,11.179,0.0,-1694.07,0.1721,20.0
427,2024-03-03,0.0,0.04318,-19.4,-7.625,-14.0395833333333,0.04318,0.0,0.0014861,0.0,-1.727e-05,6.2815,60.48,-13.959,33.122,-0.12841,-1000000.0,-1291.3,-1690.8,0.0,0.0,12.294,25.14,11.18,0.0,-1694.99,0.1721,20.0
428,2024-03-04,0.0,0.05334,-19.35,-8.55,-14.5427083333333,0.05334,0.0,0.0014817,0.0,-1.7226e-05,6.3348,60.48,-13.958,33.122,-0.12843,-1000000.0,-1292.4,-1692.5,0.0,0.0,12.292,25.14,11.182,0.0,-1695.9,0.1721,20.0
429,2024-03-05,0.0068,0.09144,-20.725,2.425,-10.4072916666667,0.09144,0.0,0.0014772,0.0,-1.7181e-05,6.4263,60.48,-13.956,33.122,-0.12845,-1000000.0,-1293.4,-1694.1,0.0,0.0,12.291,25.14,11.183,0.0,-1696.82,0.172,20.0
430,2024-03-06,0.0,0.0762,-12.35,-2.275,-8.83020833333333,0.0762,0.0,0.0014728,0.0,-1.7136e-05,6.5025,60.48,-13.955,33.122,-0.12846,-1000000.0,-1294.5,-1695.7,0.0,0.0,12.29,25.14,11.185,0.0,-1697.73,0.172,20.0
431,2024-03-07,0.0068,0.11684,-12.275,4.875,-4.01666666666667,0.11684,0.0,0.0014685,0.0,-1.7107e-05,6.6193,60.48,-13.953,33.122,-0.12848,-1000000.0,-1295.6,-1697.3,0.0,0.0,12.288,25.14,11.186,0.0,-1698.65,0.172,20.0
432,2024-03-08,0.0,0.3175,-8.075,11.85,1.52083333333333,0.3175,0.0,0.0014641,0.0,-1.7062e-05,6.9368,60.48,-13.952,33.122,-0.1285,-1000000.0,-1296.6,-1698.9,0.0,0.0,12.287,25.14,11.188,0.0,-1699.56,0.172,20.0
433,2024-03-09,0.0,0.41656,1.225,14.1,6.75,0.41656,0.0,0.0014599,0.0,-1.7017e-05,7.3534,60.48,-13.95,33.122,-0.12852,-1000000.0,-1297.7,-1700.4,0.0,0.0,12.285,25.14,11.189,0.0,-1700.47,0.172,20.0
434,2024-03-10,0.0,0.31242,1.325,12.9,6.64926086956522,0.31242,0.0,0.0014557,0.0,-1.6972e-05,7.6658,60.48,-13.949,33.122,-0.12853,-1000000.0,-1298.7,-1702.0,0.0,0.0,12.284,25.14,11.191,0.0,-1701.38,0.1719,20.0
435,2024-03-11,0.0,0.2159,1.025,10.2,5.228125,0.2159,0.0,0.0014516,0.0,-1.6943e-05,7.8817,60.48,-13.948,33.122,-0.12855,-1000000.0,-1299.8,-1703.6,0.0,0.0,12.282,25.14,11.192,0.0,-1702.29,0.1719,20.0
436,2024-03-12,0.0,0.23876,-1.85,12.2,5.45416666666667,0.23876,0.0,0.0014476,0.0,-1.6898e-05,8.1204,60.48,-13.946,33.122,-0.12857,-1000000.0,-1300.8,-1705.2,0.0,0.0,12.281,25.14,11.193,0.0,-1703.2,0.1719,20.0
437,2024-03-13,0.0,0.13716,-2.375,8.375,2.35729166666667,0.13716,0.0,0.0014437,0.0,-1.6853e-05,8.2576,60.48,-13.945,33.122,-0.12858,-1000000.0,-1301.8,-1706.8,0.0,0.0,12.279,25.14,11.195,0.0,-1704.11,0.1719,20.0
438,2024-03-14,0.0,0.13716,-4.35,8.9,1.35104166666667,0.13716,0.0,0.0014398,0.0,-1.6823e-05,8.3948,60.48,-13.943,33.122,-0.1286,-1000000.0,-1302.8,-1708.3,0.0,0.0,12.278,25.14,11.196,0.0,-1705.02,0.1719,20.0
439,2024-03-15,0.0,0.22098,-4.525,16.125,5.12604166666667,0.22098,0.0,0.001436,0.0,-1.6779e-05,8.6157,60.48,-13.942,33.122,-0.12862,-1000000.0,-1303.8,-1709.9,0.0,0.0,12.276,25.14,11.198,0.0,-1705.92,0.1718,20.0
440,2024-03-16,0.0,0.1651,-3.65,16.375,4.690625,0.1651,0.0,0.0014323,0.0,-1.6734e-05,8.7808,60.48,-13.94,33.122,-0.12863,-1000000.0,-1304.9,-1711.5,0.0,0.0,12.275,25.14,11.199,0.0,-1706.83,0.1718,20.0
441,2024-03-17,0.0034,0.18288,-4.35,14.925,4.671875,0.18288,0.0,0.0014286,0.0,-1.6689e-05,8.9637,60.48,-13.939,33.122,-0.12865,-1000000.0,-1305.9,-1713.0,0.0,0.0,12.273,25.14,11.201,0.0,-1707.73,0.1718,20.0
442,2024-03-18,0.0,0.2921,2.6,20.15,10.6947916666667,0.2921,0.0,0.0014249,0.0,-1.6659e-05,9.2558,60.48,-13.937,33.122,-0.12867,-1000000.0,-1306.9,-1714.6,0.0,0.0,12.272,25.14,11.202,0.0,-1708.64,0.1718,20.0
443,2024-03-19,0.0,0.22098,-1.125,14.625,6.62916666666667,0.22098,0.0,0.0014213,0.0,-1.6615e-05,9.4768,60.48,-13.936,33.122,-0.12868,-1000000.0,-1307.9,-1716.1,0.0,0.0,12.271,25.14,11.204,0.0,-1709.54,0.1718,20.0
444,2024-03-20,0.0,0.06604,-4.0,1.15,-1.53645833333333,0.06604,0.0,0.0014177,0.0,-1.6585e-05,9.5428,60.48,-13.935,33.122,-0.1287,-1000000.0,-1308.9,-1717.7,0.0,0.0,12.269,25.14,11.205,0.0,-1710.44,0.1717,20.0
445,2024-03-21,0.0,0.1143,-6.2,4.125,-2.79270833333333,0.1143,0.0,0.0014142,0.0,-1.654e-05,9.6571,60.48,-13.933,33.122,-0.12872,-1000000.0,-1309.9,-1719.2,0.0,0.0,12.268,25.14,11.206,0.0,-1711.34,0.1717,20.0
446,2024-03-22,0.0068,0.06858,-7.225,-2.675,-5.24166666666667,0.06858,0.0,0.0014106,0.0,-1.6496e-05,9.7257,60.48,-13.932,33.122,-0.12873,-1000000.0,-1310.8,-1720.7,0.0,0.0,12.266,25.14,11.208,0.0,-1712.24,0.1717,20.0
447,2024-03-23,0.0,0.0381,-7.325,-4.725,-5.84375,0.0381,0.0,0.0014071,0.0,-1.6451e-05,9.7638,60.48,-13.93,33.122,-0.12875,-1000000.0,-1311.8,-1722.3,0.0,0.0,12.265,25.14,11.209,0.0,-1713.14,0.1717,20.0
448,2024-03-24,0.1939,0.07874,-9.675,-1.6,-6.70833333333333,0.07874,0.0,0.0014036,0.0,-1.6421e-05,9.8426,60.48,-13.929,33.122,-0.12877,-1000000.0,-1312.8,-1723.8,0.0,0.0,12.263,25.14,11.211,0.0,-1714.04,0.1717,20.0
449,2024-03-25,0.1241,0.11938,-10.475,0.65,-5.609375,0.11938,0.0,0.0014002,0.0,-1.6376e-05,9.9619,60.48,-13.928,33.122,-0.12878,-1000000.0,-1313.8,-1725.3,0.0,0.0,12.262,25.14,11.212,0.0,-1714.94,0.1717,20.0
450,2024-03-26,0.0238,0.1397,-8.45,7.1,-2.5,0.1397,0.0,0.0013967,0.0,-1.6347e-05,10.102,60.48,-13.926,33.122,-0.1288,-1000000.0,-1314.8,-1726.9,0.0,0.0,12.261,25.14,11.213,0.0,-1715.83,0.1716,20.0
451,2024-03-27,0.0,0.24638,-0.9,9.25,4.10833333333333,0.24638,0.0,0.0013933,0.0,-1.6302e-05,10.348,60.48,-13.925,33.122,-0.12882,-1000000.0,-1315.8,-1728.4,0.0,0.0,12.259,25.14,11.215,0.0,-1716.73,0.1716,20.0
452,2024-03-28,0.0,0.13208,-0.825,7.6,4.4,0.13208,0.0,0.0013899,0.0,-1.6257e-05,10.48,60.48,-13.923,33.122,-0.12883,-1000000.0,-1316.7,-1729.9,0.0,0.0,12.258,25.14,11.216,0.0,-1717.62,0.1716,20.0
453,2024-03-29,0.0,0.09398,-2.175,3.4,-0.265625,0.09398,0.0,0.0013865,0.0,-1.6227e-05,10.574,60.48,-13.922,33.122,-0.12885,-1000000.0,-1317.7,-1731.4,0.0,0.0,12.256,25.14,11.218,0.0,-1718.51,0.1716,20.0
454,2024-03-30,0.0,0.1143,-4.425,4.025,-1.42604166666667,0.1143,0.0,0.0013832,0.0,-1.6183e-05,10.688,60.48,-13.921,33.122,-0.12886,-1000000.0,-1318.7,-1732.9,0.0,0.0,12.255,25.14,11.219,0.0,-1719.4,0.1716,20.0
455,2024-03-31,0.0595,0.04064,-6.175,1.55,-2.26875,0.04064,0.0,0.0013798,0.0,-1.6153e-05,10.729,60.48,-13.919,33.122,-0.12888,-1000000.0,-1319.7,-1734.4,0.0,0.0,12.254,25.14,11.22,0.0,-1720.29,0.1715,20.0
456,2024-04-01,0.0,0.24892,-4.7,16.05,5.675,0.0,0.24892,-2.2701e-09,0.0,-1.6108e-05,10.729,60.729,-13.919,33.122,-0.1289,-542630.0,-8480.2,-1735.9,0.0,0.0,12.254,25.14,11.22,0.0,-1721.18,0.1715,20.0
457,2024-04-02,0.0,0.38354,2.475,23.775,12.5416666666667,0.0,0.38354,3.2014e-09,0.0,-1.6063e-05,10.729,61.112,-13.919,33.122,-0.12891,-385650.0,-8287.5,-1737.4,0.0,0.0,12.253,25.14,11.22,0.0,-1722.07,0.1715,20.0
458,2024-04-03,0.2415,0.33274,5.975,18.15,12.9125,0.0,0.33274,-1.1642e-10,0.0,-1.6034e-05,10.729,61.445,-13.919,33.122,-0.12893,-292760.0,-8090.8,-1738.9,0.0,0.0,12.253,25.14,11.22,0.0,-1722.96,0.1715,20.0
459,2024-04-04,1.6113,0.05334,0.0,6.225,3.659375,0.0,0.05334,-4.0745e-10,0.0,-1.5989e-05,10.729,61.498,-13.919,33.122,-0.12895,-233550.0,-7903.3,-1740.4,0.0,0.0,12.253,25.14,11.22,0.0,-1723.84,0.1715,20.0
460,2024-04-05,0.2193,0.04064,-0.2,2.925,0.844791666666667,0.0,0.04064,-1.2806e-09,0.0,-1.5959e-05,10.729,61.539,-13.919,33.122,-0.12896,-192490.0,-7728.5,-1741.9,0.0,0.0,12.253,25.14,11.22,0.0,-1724.73,0.1714,20.0
461,2024-04-06,0.5678,0.05334,-1.45,1.45,0.084375,0.0,0.05334,1.1642e-10,0.0,-1.5914e-05,10.729,61.592,-13.919,33.122,-0.12898,-162310.0,-7566.6,-1743.4,0.0,0.0,12.253,25.14,11.22,0.0,-1725.61,0.1714,20.0
462,2024-04-07,0.7909,0.09906,-0.375,6.275,2.84166666666667,0.0,0.09906,3.0268e-09,0.0,-1.5885e-05,10.729,61.692,-13.919,33.122,-0.12899,-139200.0,-7416.8,-1744.9,0.0,0.0,12.253,25.14,11.22,0.0,-1726.49,0.1714,20.0
463,2024-04-08,0.0,0.25654,-1.0,11.95,5.259375,0.0,0.25654,1.0186e-09,0.0,-1.584e-05,10.729,61.948,-13.919,33.122,-0.12901,-120980.0,-7277.8,-1746.4,0.0,0.0,12.253,25.14,11.22,0.0,-1727.38,0.1714,20.0
464,2024-04-09,0.0051,0.36322,4.225,15.375,8.84270833333333,0.0,0.36322,-1.8335e-09,0.0,-1.5795e-05,10.729,62.311,-13.919,33.122,-0.12902,-106270.0,-7148.5,-1747.8,0.0,0.0,12.253,25.14,11.22,0.0,-1728.26,0.1714,20.0
465,2024-04-10,0.0085,0.2286,-0.65,12.075,5.19375,0.0,0.2286,-6.4028e-10,0.0,-1.5765e-05,10.729,62.54,-13.919,33.122,-0.12904,-94188.0,-7028.0,-1749.3,0.0,0.0,12.253,25.14,11.22,0.0,-1729.13,0.1713,20.0
466,2024-04-11,0.0,0.30734,-2.4,16.925,7.57708333333333,0.0,0.30734,-6.6939e-10,0.0,-1.5721e-05,10.729,62.847,-13.919,33.122,-0.12906,-84113.0,-6915.3,-1750.8,0.0,0.0,12.253,25.14,11.22,0.0,-1730.01,0.1713,20.0
467,2024-04-12,0.0,0.3048,1.7,22.475,11.86875,0.0,0.3048,3.1723e-09,0.0,-1.5691e-05,10.729,63.152,-13.919,33.122,-0.12907,-75609.0,-6809.7,-1752.2,0.0,0.0,12.253,25.14,11.22,0.0,-1730.89,0.1713,20.0
468,2024-04-13,0.0,0.381,7.675,22.875,14.7541666666667,0.0,0.381,2.0373e-09,0.0,-1.5646e-05,10.729,63.533,-13.919,33.122,-0.12909,-68349.0,-6711.4,-1753.7,0.0,0.0,12.253,25.14,11.22,0.0,-1731.76,0.1713,20.0
469,2024-04-14,0.0901,0.30988,3.5,23.4,13.3427083333333,0.0,0.30988,9.0222e-10,0.0,-1.5616e-05,10.729,63.843,-13.919,33.122,-0.1291,-62090.0,-6618.2,-1755.2,0.0,0.0,12.253,25.14,11.22,0.0,-1732.64,0.1713,20.0
470,2024-04-15,0.0,0.2921,5.65,21.35,12.6125,0.0,0.2921,-2.9977e-09,0.0,-1.5572e-05,10.729,64.135,-13.919,33.122,-0.12912,-56649.0,-6529.8,-1756.6,0.0,0.0,12.253,25.14,11.22,0.0,-1733.51,0.1713,20.0
471,2024-04-16,0.0,0.26162,-3.375,13.25,5.696875,0.0,0.26162,-1.3388e-09,0.0,-1.5542e-05,10.729,64.397,-13.919,33.122,-0.12913,-51887.0,-6445.9,-1758.1,0.0,0.0,12.253,25.14,11.22,0.0,-1734.38,0.1712,20.0
472,2024-04-17,0.0102,0.11938,-6.675,1.025,-1.67708333333333,0.0,0.11938,3.2596e-09,0.0,-1.5497e-05,10.729,64.516,-13.919,33.122,-0.12915,-47696.0,-6366.3,-1759.5,0.0,0.0,12.253,25.14,11.22,0.0,-1735.25,0.1712,20.0
473,2024-04-18,0.0,0.1397,-8.675,3.975,-1.83020833333333,0.0,0.1397,-1.4261e-09,0.0,-1.5467e-05,10.729,64.656,-13.919,33.122,-0.12917,-43989.0,-6290.7,-1761.0,0.0,0.0,12.253,25.14,11.22,0.0,-1736.12,0.1712,20.0
474,2024-04-19,0.0,0.10414,-11.625,1.4,-3.765625,0.0,0.10414,-1.6298e-09,0.0,-1.5423e-05,10.729,64.76,-13.919,33.122,-0.12918,-40696.0,-6218.7,-1762.4,0.0,0.0,12.253,25.14,11.22,0.0,-1736.99,0.1712,20.0
475,2024-04-20,0.0,0.23622,-11.75,9.7,-0.378125,0.0,0.23622,3.4051e-09,0.0,-1.5393e-05,10.729,64.996,-13.919,33.122,-0.1292,-37758.0,-6150.1,-1763.8,0.0,0.0,12.253,25.14,11.22,0.0,-1737.86,0.1712,20.0
476,2024-04-21,0.0,0.43434,-0.725,17.125,8.09166666666667,0.0,0.43434,1.397e-09,0.0,-1.5363e-05,10.729,65.43,-13.919,33.122,-0.12921,-35128.0,-6084.6,-1765.3,0.0,0.0,12.253,25.14,11.22,0.0,-1738.72,0.1711,20.0
477,2024-04-22,0.0,0.35052,0.575,15.9,7.528125,0.0,0.35052,-9.6043e-10,0.0,-1.5318e-05,10.729,65.781,-13.919,33.122,-0.12923,-32766.0,-6022.0,-1766.7,0.0,0.0,12.253,25.14,11.22,0.0,-1739.59,0.1711,20.0
478,2024-04-23,0.0,0.32512,-3.2,16.0,7.665625,0.0,0.32512,1.9209e-09,0.0,-1.5274e-05,10.729,66.106,-13.919,33.122,-0.12924,-30638.0,-5962.0,-1768.1,0.0,0.0,12.253,25.14,11.22,0.0,-1740.45,0.1711,20.0
479,2024-04-24,0.0,0.44704,0.75,22.975,13.1,0.0,0.44704,-2.1828e-09,0.0,-1.5244e-05,10.729,66.553,-13.919,33.122,-0.12926,-28716.0,-5904.5,-1769.5,0.0,0.0,12.253,25.14,11.22,0.0,-1741.32,0.1711,20.0
480,2024-04-25,0.0,0.27432,1.325,18.175,12.0291666666667,0.0,0.27432,-6.4028e-10,0.0,-1.5214e-05,10.729,66.827,-13.919,33.122,-0.12927,-26974.0,-5849.1,-1771.0,0.0,0.0,12.253,25.14,11.22,0.0,-1742.18,0.1711,20.0
481,2024-04-26,0.0,0.254,-1.7,14.925,7.89166666666667,0.0,0.254,-1.95e-09,0.0,-1.5169e-05,10.729,67.081,-13.919,33.122,-0.12929,-25393.0,-5795.9,-1772.4,0.0,0.0,12.253,25.14,11.22,0.0,-1743.04,0.171,20.0
482,2024-04-27,0.5938,0.12954,3.95,8.65,5.98020833333333,0.0,0.12954,1.2224e-09,0.0,-1.514e-05,10.729,67.211,-13.919,33.122,-0.1293,-23953.0,-5744.5,-1773.8,0.0,0.0,12.253,25.14,11.22,0.0,-1743.9,0.171,20.0
483,2024-04-28,0.0034,0.35306,4.075,15.6,9.42604166666667,0.0,0.35306,3.6962e-09,0.0,-1.5095e-05,10.729,67.564,-13.919,33.122,-0.12932,-22640.0,-5695.0,-1775.2,0.0,0.0,12.253,25.14,11.22,0.0,-1744.76,0.171,20.0
484,2024-04-29,0.0,0.32004,2.575,13.0,7.91770833333333,0.0,0.32004,3.085e-09,0.0,-1.5065e-05,10.729,67.884,-13.919,33.122,-0.12933,-21440.0,-5647.9,-1776.6,0.0,0.0,12.253,25.14,11.22,0.0,-1745.61,0.171,20.0
485,2024-04-30,0.0,0.29464,-2.9,12.2,4.46041666666667,0.0,0.29464,-1.9209e-09,0.0,-1.502e-05,10.729,68.179,-13.919,33.122,-0.12935,-20341.0,-5602.2,-1778.0,0.0,0.0,12.253,25.14,11.22,0.0,-1746.47,0.171,20.0
486,2024-05-01,0.1156,0.19558,-5.575,8.2,2.05,0.0,0.19558,1.2224e-09,0.0,-1.4991e-05,10.729,68.374,-13.919,33.122,-0.12936,-19333.0,-3931.4,-1779.4,0.0,0.0,12.253,25.14,11.22,0.0,-1747.32,0.171,20.0
487,2024-05-02,0.4098,0.13208,-0.425,5.45,1.63333333333333,0.0,0.13208,2.2992e-09,0.0,-1.4961e-05,10.729,68.506,-13.919,33.122,-0.12938,-18406.0,-3912.1,-1780.8,0.0,0.0,12.253,25.14,11.22,0.0,-1748.18,0.1709,20.0
488,2024-05-03,0.0119,0.19558,-1.4,9.775,3.46041666666667,0.0,0.19558,1.7462e-10,0.0,-1.4916e-05,10.729,68.702,-13.919,33.122,-0.12939,-17553.0,-3893.3,-1782.2,0.0,0.0,12.253,25.14,11.22,0.0,-1749.03,0.1709,20.0
489,2024-05-04,0.0,0.32766,-3.95,15.875,7.5375,0.0,0.32766,-2.9104e-11,0.0,-1.4886e-05,10.729,69.03,-13.919,33.122,-0.12941,-16766.0,-3875.0,-1783.6,0.0,0.0,12.253,25.14,11.22,0.0,-1749.88,0.1709,20.0
490,2024-05-05,0.0,0.22606,4.325,15.525,9.046875,0.0,0.22606,2.0082e-09,0.0,-1.4856e-05,10.729,69.256,-13.919,33.122,-0.12942,-16040.0,-3858.1,-1785.0,0.0,0.0,12.253,25.14,11.22,0.0,-1750.73,0.1709,20.0
491,2024-05-06,0.0,0.30226,4.3,16.0,9.90520833333333,0.0,0.30226,7.276e-10,0.0,-1.4812e-05,10.729,69.558,-13.919,33.122,-0.12944,-15367.0,-3841.8,-1786.4,0.0,0.0,12.253,25.14,11.22,0.0,-1751.58,0.1709,20.0
492,2024-05-07,1.4485,0.12954,0.85,8.225,5.53229166666667,0.0,0.12954,2.9104e-11,0.0,-1.4782e-05,10.729,69.687,-13.919,33.122,-0.12945,-14744.0,-3825.7,-1787.7,0.0,0.0,12.253,25.14,11.22,0.0,-1752.43,0.1708,20.0
493,2024-05-08,1.0762,0.04572,0.1,4.125,1.85866666666667,0.0,0.04572,-1.3388e-09,0.0,-1.4737e-05,10.729,69.733,-13.919,33.122,-0.12947,-14164.0,-3810.0,-1789.1,0.0,0.0,12.253,25.14,11.22,0.0,-1753.27,0.1708,20.0
494,2024-05-09,0.1497,0.2667,3.95,17.55,9.71458333333333,0.0,0.2667,2.7649e-09,0.0,-1.4707e-05,10.729,70.0,-13.919,33.122,-0.12948,-13625.0,-3794.7,-1790.5,0.0,0.0,12.253,25.14,11.22,0.0,-1754.12,0.1708,20.0
495,2024-05-10,0.0034,0.39878,1.6,21.575,12.615625,0.0,0.39878,2.4156e-09,0.0,-1.4678e-05,10.729,70.399,-13.919,33.122,-0.1295,-13124.0,-3779.6,-1791.9,0.0,0.0,12.253,25.14,11.22,0.0,-1754.96,0.1708,20.0
496,2024-05-11,0.0,0.42926,6.8,26.0,17.175,0.0,0.42926,-8.7311e-11,0.0,-1.4633e-05,10.729,70.828,-13.919,33.122,-0.12951,-12656.0,-3765.2,-1793.2,0.0,0.0,12.253,25.14,11.22,0.0,-1755.81,0.1708,20.0
497,2024-05-12,0.0,0.42418,5.625,25.6,15.7104166666667,0.0,0.42418,1.2515e-09,0.0,-1.4603e-05,10.729,71.252,-13.919,33.122,-0.12953,-12218.0,-3752.1,-1794.6,0.0,0.0,12.253,25.14,11.22,0.0,-1756.65,0.1708,20.0
498,2024-05-13,0.0391,0.381,7.9,24.775,15.6208333333333,0.0,0.381,-2.6193e-10,0.0,-1.4573e-05,10.729,71.633,-13.919,33.122,-0.12954,-11808.0,-3739.1,-1795.9,0.0,0.0,12.253,25.14,11.22,0.0,-1757.49,0.1707,20.0
499,2024-05-14,0.1395,0.21844,7.225,16.45,11.0875,0.0,0.21844,1.9791e-09,0.0,-1.4529e-05,10.729,71.852,-13.919,33.122,-0.12955,-11425.0,-3726.0,-1797.3,0.0,0.0,12.253,25.14,11.22,0.0,-1758.33,0.1707,20.0
500,2024-05-15,0.0,0.35814,7.6,21.575,14.1708333333333,0.0,0.35814,1.2224e-09,0.0,-1.4499e-05,10.729,72.21,-13.919,33.122,-0.12957,-11067.0,-3713.0,-1798.7,0.0,0.0,12.253,25.14,11.22,0.0,-1759.17,0.1707,20.0
501,2024-05-16,0.0,0.48006,9.725,23.3,16.353125,0.0,0.48006,1.5134e-09,0.0,-1.4469e-05,10.729,72.69,-13.919,33.122,-0.12958,-10733.0,-3699.9,-1800.0,0.0,0.0,12.253,25.14,11.22,0.0,-1760.01,0.1707,20.0
502,2024-05-17,0.1243,0.36068,1.95,15.95,10.1802083333333,0.0,0.36068,0.0,0.0,-1.4424e-05,10.729,73.05,-13.919,33.122,-0.1296,-10420.0,-3686.8,-1801.4,0.0,0.0,12.253,25.14,11.22,0.0,-1760.85,0.1707,20.0
503,2024-05-18,0.0,0.35306,0.0,15.525,8.0875,0.0,0.35306,3.0559e-09,0.0,-1.4395e-05,10.729,73.403,-13.919,33.122,-0.12961,-10128.0,-3673.8,-1802.7,0.0,0.0,12.253,25.14,11.22,0.0,-1761.68,0.1706,20.0
504,2024-05-19,0.1803,0.24892,2.325,13.25,7.271875,0.0,0.24892,-1.8917e-09,0.0,-1.4365e-05,10.729,73.652,-13.919,33.122,-0.12963,-9872.7,-3660.8,-1804.0,0.0,0.0,12.253,25.14,11.22,0.0,-1762.52,0.1706,20.0
505,2024-05-20,0.0051,0.29718,-1.125,15.275,6.74583333333333,0.0,0.29718,2.0373e-09,0.0,-1.432e-05,10.729,73.95,-13.919,33.122,-0.12964,-9634.0,-3648.1,-1805.4,0.0,0.0,12.253,25.14,11.22,0.0,-1763.35,0.1706,20.0
506,2024-05-21,0.0085,0.28956,-1.2,16.0,8.71770833333333,0.0,0.28956,-3.6089e-09,0.0,-1.429e-05,10.729,74.239,-13.919,33.122,-0.12966,-9399.0,-3635.5,-1806.7,0.0,0.0,12.253,25.14,11.22,0.0,-1764.18,0.1706,20.0
507,2024-05-22,0.7844,0.23368,6.175,14.175,9.075,0.0,0.23368,-2.7358e-09,0.0,-1.426e-05,10.729,74.473,-13.919,33.122,-0.12967,-9169.0,-3623.1,-1808.0,0.0,0.0,12.253,25.14,11.22,0.0,-1765.01,0.1706,20.0
508,2024-05-23,0.3556,0.25654,3.85,12.85,8.15520833333333,0.0,0.25654,-4.2637e-09,0.0,-1.4216e-05,10.729,74.729,-13.919,33.122,-0.12968,-8945.7,-3610.7,-1809.4,0.0,0.0,12.253,25.14,11.22,0.0,-1765.84,0.1706,20.0
509,2024-05-24,0.0,0.39878,4.65,17.3,10.7052083333333,0.0,0.39878,6.7375e-09,0.0,-1.4186e-05,10.729,75.128,-13.919,33.122,-0.1297,-8731.1,-3599.0,-1810.7,0.0,0.0,12.253,25.14,11.22,0.0,-1766.67,0.1705,20.0
510,2024-05-25,0.0,0.31496,1.35,18.525,9.8625,0.0,0.31496,6.0245e-09,0.0,-1.4156e-05,10.729,75.443,-13.919,33.122,-0.12971,-8528.5,-3588.4,-1812.0,0.0,0.0,12.253,25.14,11.22,0.0,-1767.5,0.1705,20.0
511,2024-05-26,0.0,0.42164,4.45,18.125,10.9333333333333,0.0,0.42164,4.8458e-09,0.0,-1.4126e-05,10.729,75.865,-13.919,33.122,-0.12973,-8337.4,-3577.8,-1813.3,0.0,0.0,12.253,25.14,11.22,0.0,-1768.33,0.1705,20.0
512,2024-05-27,0.0,0.41148,3.15,22.95,13.8697916666667,0.0,0.41148,4.9768e-09,0.0,-1.4082e-05,10.729,76.276,-13.919,33.122,-0.12974,-8156.8,-3567.1,-1814.6,0.0,0.0,12.253,25.14,11.22,0.0,-1769.15,0.1705,20.0
513,2024-05-28,0.0885,0.4699,2.975,27.05,15.3177083333333,0.0,0.4699,-3.1432e-09,0.0,-1.4052e-05,10.729,76.746,-13.919,33.122,-0.12975,-7985.8,-3556.4,-1816.0,0.0,0.0,12.253,25.14,11.22,0.0,-1769.98,0.1705,20.0
514,2024-05-29,0.2349,0.41148,7.775,18.825,13.6041666666667,0.0,0.41148,4.5111e-09,0.0,-1.4022e-05,10.729,77.158,-13.919,33.122,-0.12977,-7849.1,-3545.7,-1817.3,0.0,0.0,12.253,25.14,11.22,0.0,-1770.8,0.1705,20.0
515,2024-05-30,0.0,0.36576,2.35,16.8,10.0135416666667,0.0,0.36576,5.3697e-09,0.0,-1.3992e-05,10.729,77.523,-13.919,33.122,-0.12978,-7723.8,-3535.4,-1818.6,0.0,0.0,12.253,25.14,11.22,0.0,-1771.62,0.1704,20.0
516,2024-05-31,0.0,0.40132,0.8,19.7,10.6260416666667,0.0,0.40132,2.372e-09,0.0,-1.3947e-05,10.729,77.925,-13.919,33.122,-0.1298,-7598.6,-3525.9,-1819.9,0.0,0.0,12.253,25.14,11.22,0.0,-1772.45,0.1704,20.0
517,2024-06-01,0.0,0.3683,0.05,22.075,12.871875,0.0,0.3683,2.9249e-09,0.0,-1.3918e-05,10.729,78.293,-13.919,33.122,-0.12981,-7474.1,-2996.4,-1821.2,0.0,0.0,12.253,25.14,11.22,0.0,-1773.27,0.1704,20.0
518,2024-06-02,0.0,0.41148,7.875,21.3,15.5416666666667,0.0,0.41148,4.4092e-09,0.0,-1.3888e-05,10.729,78.704,-13.919,33.122,-0.12982,-7351.3,-2990.8,-1822.5,0.0,0.0,12.253,25.14,11.22,0.0,-1774.09,0.1704,20.0
519,2024-06-03,0.0,0.46482,8.275,19.75,14.65,0.0,0.46482,-6.1264e-09,0.0,-1.3858e-05,10.729,79.169,-13.919,33.122,-0.12984,-7231.1,-2985.1,-1823.8,0.0,0.0,12.253,25.14,11.22,0.0,-1774.9,0.1704,20.0
520,2024-06-04,0.0,0.47752,7.375,19.7,12.3802083333333,0.0,0.47752,-6.5338e-09,0.0,-1.3828e-05,10.729,79.647,-13.919,33.122,-0.12985,-7113.8,-2979.5,-1825.0,0.0,0.0,12.253,25.14,11.22,0.0,-1775.72,0.1703,20.0
521,2024-06-05,0.0,0.4445,7.375,22.775,14.9489583333333,0.0,0.4445,6.2573e-10,0.0,-1.3784e-05,10.729,80.091,-13.919,33.122,-0.12987,-6999.8,-2973.8,-1826.3,0.0,0.0,12.253,25.14,11.22,0.0,-1776.54,0.1703,20.0
522,2024-06-06,0.0,0.44196,3.6,25.925,15.89375,0.0,0.44196,-6.9413e-09,0.0,-1.3754e-05,10.729,80.533,-13.919,33.122,-0.12988,-6889.4,-2968.2,-1827.6,0.0,0.0,12.253,25.14,11.22,0.0,-1777.35,0.1703,20.0
523,2024-06-07,0.0,0.42672,6.225,21.75,15.04375,0.0,0.42672,3.9145e-09,0.0,-1.3724e-05,10.729,80.96,-13.919,33.122,-0.12989,-6782.4,-2962.6,-1828.9,0.0,0.0,12.253,25.14,11.22,0.0,-1778.17,0.1703,20.0
524,2024-06-08,0.0,0.41656,3.55,23.05,14.2875,0.0,0.41656,7.7125e-10,0.0,-1.3694e-05,10.729,81.377,-13.919,33.122,-0.12991,-6679.0,-2957.0,-1830.2,0.0,0.0,12.252,25.14,11.22,0.0,-1778.98,0.1703,20.0
525,2024-06-09,0.0,0.39878,2.7,21.2,13.6229166666667,0.0,0.39878,2.1828e-10,0.0,-1.3649e-05,10.729,81.775,-13.919,33.122,-0.12992,-6579.1,-2951.4,-1831.5,0.0,0.0,12.252,25.14,11.22,0.0,-1779.79,0.1703,20.0
526,2024-06-10,0.1173,0.45974,12.875,25.2,18.5552083333333,0.0,0.45974,5.7335e-09,0.0,-1.362e-05,10.729,82.235,-13.919,33.122,-0.12993,-6484.2,-2946.3,-1832.7,0.0,0.0,12.252,25.14,11.22,0.0,-1780.6,0.1702,20.0
527,2024-06-11,0.0,0.55118,10.25,28.1,19.2333333333333,0.0,0.55118,6.4319e-09,0.0,-1.359e-05,10.729,82.786,-13.919,33.122,-0.12995,-6396.3,-2941.4,-1834.0,0.0,0.0,12.252,25.14,11.22,0.0,-1781.41,0.1702,20.0
528,2024-06-12,0.0,0.5207,6.5,25.4,17.9635416666667,-1.524,0.5207,-1.524,0.23485,-1.36e-05,9.205,83.307,-15.443,33.25,-0.12996,-81.384,-1680.4,-1835.3,0.0,0.0,13.654,26.664,11.22,0.0,-1782.22,0.1702,20.0
529,2024-06-13,0.0,0.45466,2.55,25.225,15.58125,-1.524,0.45466,-1.524,0.33302,-1.3603e-05,7.681,83.762,-16.967,33.528,-0.12998,-56.255,-1116.4,-1836.5,0.0,0.0,14.905,28.188,11.22,0.0,-1783.02,0.1702,20.0
530,2024-06-14,0.0,0.41656,5.4,28.675,17.7677083333333,-1.524,0.41656,-1.524,0.37436,-1.349e-05,6.157,84.178,-18.491,33.872,-0.12999,-45.347,-688.44,-1837.8,0.0,0.0,16.087,29.712,11.22,0.0,-1783.83,0.1702,20.0
531,2024-06-15,0.1258,0.32766,6.075,20.8,12.496875,-1.6498,0.32766,-1.6498,0.32315,-1.3506e-05,4.5072,84.506,-20.141,34.184,-0.13,-35.315,-298.44,-1839.0,0.0,0.0,17.422,31.361,11.22,0.0,-1784.63,0.1702,20.0
532,2024-06-16,0.0612,0.4318,5.1,17.55,11.1666666666667,-1.5852,0.4318,-1.5852,0.4318,-1.3422e-05,2.922,84.938,-21.726,34.615,-0.13002,-33.161,-86.691,-1840.3,0.0,0.0,18.584,32.947,11.22,0.0,-1784.41,0.1702,20.0
533,2024-06-17,2.0693,0.09652,4.25,6.625,5.37916666666667,-3.5933,0.09652,-3.5933,0.09652,-1.3286e-05,-0.67129,85.034,-25.32,34.711,-0.13003,-7.1163,-16.972,-1841.5,0.0,0.0,22.057,36.54,11.22,0.0,-115.39,0.3342,20.0
534,2024-06-18,0.4488,0.23368,2.85,12.575,7.25729166666667,0.0,0.23368,-3.5297e-07,0.23368,-1.3281e-05,-0.67129,85.268,-25.32,34.945,-0.13004,-67.218,-61.901,-1842.8,0.0,0.0,21.828,36.54,11.22,0.0,-86.92,0.3546,20.0
535,2024-06-19,0.2366,0.37592,0.625,19.575,10.209375,0.0,0.37592,2.468e-07,0.37592,-1.331e-05,-0.67129,85.644,-25.32,35.321,-0.13006,-99.846,-90.978,-1844.0,0.0,0.0,21.461,36.54,11.22,0.0,-104.68,0.3414,20.0
536,2024-06-20,0.017,0.4191,1.275,23.0,13.3677083333333,0.0,0.4191,-3.0547e-07,0.4191,-1.3299e-05,-0.67129,86.063,-25.32,35.74,-0.13007,-134.49,-119.82,-1845.3,0.0,0.0,21.046,36.54,11.22,0.0,-122.25,0.3297,20.0
537,2024-06-21,0.423,0.33528,5.225,22.075,13.5125,0.0,0.33528,1.0151e-07,0.33528,-1.328e-05,-0.67129,86.398,-25.32,36.075,-0.13008,-166.16,-145.99,-1846.5,0.0,0.0,20.696,36.54,11.22,0.0,-138.96,0.3205,20.0
538,2024-06-22,0.0051,0.42672,6.725,27.45,17.715625,0.0,0.42672,-9.3132e-10,0.42672,-1.3232e-05,-0.67129,86.825,-25.32,36.502,-0.1301,-209.64,-178.02,-1847.8,0.0,0.0,20.3,36.54,11.22,0.0,-154.68,0.3121,20.0
539,2024-06-23,0.0,0.55626,9.6,30.625,20.9,0.0,0.55626,1.0245e-07,0.55626,-1.321e-05,-0.67129,87.381,-25.32,37.058,-0.13011,-286.4,-228.2,-1849.0,0.0,0.0,19.787,36.54,11.22,0.0,-171.77,0.3046,20.0
540,2024-06-24,0.0119,0.49022,10.15,27.5,19.7397727272727,0.0,0.49022,9.3132e-09,0.49022,-1.3173e-05,-0.67129,87.871,-25.32,37.549,-0.13012,-404.43,-295.34,-1850.2,0.0,0.0,19.264,36.54,11.22,0.0,-188.22,0.2974,20.0
541,2024-06-25,0.0,0.41148,6.525,24.95,16.6666666666667,0.0,0.41148,2.7008e-08,0.41148,-1.3143e-05,-0.67129,88.283,-25.32,37.96,-0.13014,-563.19,-375.4,-1851.4,0.0,0.0,18.813,36.54,11.22,0.0,-206.63,0.2908,20.0
542,2024-06-26,0.1191,0.44196,5.55,28.55,18.09375,0.0,0.44196,6.5193e-09,0.40015,-1.3113e-05,-0.67129,88.725,-25.32,38.373,-0.13015,-774.9,-480.42,-1852.7,0.0,0.0,18.395,36.54,11.22,0.0,-222.98,0.2853,20.0
543,2024-06-27,1.0032,0.32258,10.975,19.175,14.7322916666667,0.0,0.32258,-1.0245e-08,0.26733,-1.3083e-05,-0.67129,89.047,-25.32,38.65,-0.13016,-1012.2,-593.37,-1853.9,0.0,0.0,18.051,36.54,11.22,0.0,-238.34,0.2801,20.0
544,2024-06-28,0.0953,0.21844,7.875,15.275,11.94375,0.0,0.21844,-8.6147e-09,0.16819,-1.3053e-05,-0.67129,89.266,-25.32,38.822,-0.13017,-1189.5,-675.15,-1855.1,0.0,0.0,17.83,36.54,11.22,0.0,-254.91,0.2755,20.0
545,2024-06-29,0.0102,0.37592,3.0,21.975,13.6864583333333,0.0,0.37592,-8.6147e-09,0.22539,-1.3024e-05,-0.67129,89.642,-25.32,39.059,-0.13019,-1351.1,-764.92,-1856.3,0.0,0.0,17.62,36.54,11.22,0.0,-269.86,0.2716,20.0
546,2024-06-30,0.1293,0.26924,10.1,21.3,15.3645833333333,0.0,0.26924,-7.7998e-09,0.14618,-1.2979e-05,-0.67129,89.911,-25.32,39.21,-0.1302,-1458.2,-843.08,-1857.5,0.0,0.0,17.43,36.54,11.22,0.0,-283.73,0.268,20.0
547,2024-07-01,0.0613,0.37084,10.775,24.25,16.6302083333333,0.0,0.37084,7.3342e-09,0.16294,-1.2949e-05,-0.67129,90.282,-25.32,39.381,-0.13021,-1520.0,-911.43,-1858.7,0.0,0.0,17.268,36.54,11.22,0.0,-297.07,0.2646,20.0
548,2024-07-02,0.0,0.42672,10.675,25.875,17.69375,-1.397,0.42672,-1.397,0.36852,-1.2961e-05,-2.0683,90.708,-26.717,39.68,-0.13023,-80.234,-541.98,-1859.9,0.0,0.0,18.373,37.937,11.22,0.0,-311.57,0.2613,20.0
549,2024-07-03,0.6927,0.24638,9.875,19.625,12.69375,0.0,0.24638,3.539e-08,0.24444,-1.2892e-05,-2.0683,90.955,-26.717,39.918,-0.13024,-246.22,-484.14,-1861.2,0.0,0.0,18.128,37.937,11.22,0.0,-326.19,0.2584,20.0
550,2024-07-04,0.0119,0.35814,9.35,21.825,15.8885416666667,-2.8059,0.35814,-2.8059,0.35814,-1.2828e-05,-4.8742,91.313,-29.522,40.272,-0.13025,-24.774,-216.36,-1862.4,0.0,0.0,20.586,40.743,11.22,0.0,-339.97,0.2558,20.0
551,2024-07-05,0.0374,0.37592,9.35,23.55,16.3864583333333,0.0,0.37592,2.0675e-07,0.37592,-1.2823e-05,-4.8742,91.689,-29.522,40.648,-0.13027,-118.51,-167.34,-1863.6,0.0,0.0,20.211,40.743,11.22,0.0,-348.05,0.2542,20.0
552,2024-07-06,0.1683,0.34798,11.75,24.425,16.828125,-2.9623,0.34798,-2.9623,0.34798,-1.2773e-05,-7.8365,92.037,-32.485,40.996,-0.13028,-15.73,-51.281,-1864.7,0.0,0.0,22.82,43.705,11.22,0.0,-297.93,0.2644,20.0
553,2024-07-07,0.0153,0.4445,9.35,28.35,19.5072916666667,0.0,0.4445,1.1921e-07,0.4445,-1.2755e-05,-7.8365,92.481,-32.485,41.44,-0.13029,-86.78,-86.232,-1865.9,0.0,0.0,22.386,43.705,11.22,0.0,-147.38,0.3158,20.0
554,2024-07-08,0.0,0.46228,9.675,32.35,22.5375,-2.794,0.46228,-2.794,0.46228,-1.2705e-05,-10.63,92.944,-35.279,41.903,-0.1303,-14.523,-31.112,-1867.1,0.0,0.0,24.72,46.499,11.22,0.0,-96.16,0.3472,20.0
555,2024-07-09,0.0,0.4572,10.55,32.675,23.1989583333333,0.0,0.4572,2.1607e-07,0.4572,-1.2713e-05,-10.63,93.401,-35.279,42.36,-0.13032,-76.059,-68.728,-1868.3,0.0,0.0,24.262,46.499,11.22,0.0,-80.66,0.3597,20.0
556,2024-07-10,0.0,0.47752,11.25,36.75,24.376619047619,-2.794,0.47752,-2.794,0.47752,-1.2693e-05,-13.424,93.878,-38.073,42.837,-0.13033,-13.061,-23.809,-1869.5,0.0,0.0,26.583,49.293,11.22,0.0,-55.57,0.383,20.0
557,2024-07-11,0.0443,0.4318,15.075,35.075,24.3770833333333,-1.4413,0.4318,-1.4413,0.4318,-1.2657e-05,-14.866,94.31,-39.514,43.269,-0.13034,-24.795,-30.326,-1870.7,0.0,0.0,27.587,50.734,11.22,0.0,-42.63,0.3969,20.0
558,2024-07-12,0.0,0.43688,10.225,30.2,21.3583333333333,0.0,0.43688,6.78e-07,0.43688,-1.2616e-05,-14.866,94.747,-39.514,43.706,-0.13035,-71.283,-60.272,-1871.9,0.0,0.0,27.151,50.734,11.22,0.0,-54.77,0.3838,20.0
559,2024-07-13,0.0,0.44958,10.175,33.55,22.7614583333333,0.0,0.44958,-2.6077e-08,0.44958,-1.2584e-05,-14.866,95.197,-39.514,44.156,-0.13037,-99.086,-83.304,-1873.0,0.0,0.0,26.705,50.734,11.22,0.0,-68.47,0.3705,20.0
560,2024-07-14,0.0,0.42672,10.775,34.075,23.2291666666667,0.0,0.42672,-1.4342e-07,0.42672,-1.2562e-05,-14.866,95.623,-39.514,44.582,-0.13038,-126.3,-104.41,-1874.2,0.0,0.0,26.267,50.734,11.22,0.0,-78.79,0.3612,20.0
561,2024-07-15,0.0,0.4826,10.55,34.225,22.7958333333333,0.0,0.4826,-2.2165e-07,0.4826,-1.2532e-05,-14.866,96.106,-39.514,45.065,-0.13039,-158.39,-127.07,-1875.4,0.0,0.0,25.813,50.734,11.22,0.0,-87.16,0.3544,20.0
562,2024-07-16,0.0,0.46228,9.7,35.1,23.2583333333333,0.0,0.46228,9.2201e-08,0.46228,-1.2502e-05,-14.866,96.568,-39.514,45.527,-0.1304,-198.26,-152.31,-1876.5,0.0,0.0,25.34,50.734,11.22,0.0,-94.41,0.3485,20.0
563,2024-07-17,0.0,0.45212,11.35,36.625,24.59375,0.0,0.45212,2.9802e-08,0.45212,-1.2472e-05,-14.866,97.02,-39.514,45.979,-0.13042,-246.35,-179.97,-1877.7,0.0,0.0,24.883,50.734,11.22,0.0,-101.06,0.3439,20.0
564,2024-07-18,0.0408,0.37592,12.175,34.1,23.31875,0.0,0.37592,-8.0559e-08,0.37592,-1.2442e-05,-14.866,97.396,-39.514,46.355,-0.13043,-300.04,-207.7,-1878.9,0.0,0.0,24.469,50.734,11.22,0.0,-107.12,0.3397,20.0
565,2024-07-19,0.0,0.40894,10.5,34.6,23.121875,0.0,0.40894,-6.1002e-08,0.40894,-1.2413e-05,-14.866,97.805,-39.514,46.764,-0.13044,-366.56,-239.13,-1880.0,0.0,0.0,24.076,50.734,11.22,0.0,-112.82,0.3359,20.0
566,2024-07-20,0.0,0.41402,12.25,34.6,24.3864583333333,0.0,0.41402,-1.8626e-08,0.41402,-1.2383e-05,-14.866,98.219,-39.514,47.178,-0.13045,-461.72,-279.78,-1881.2,0.0,0.0,23.665,50.734,11.22,0.0,-118.56,0.332,20.0
567,2024-07-21,0.0,0.37084,11.225,32.9,22.7166666666667,0.0,0.37084,-1.7229e-08,0.37084,-1.2353e-05,-14.866,98.59,-39.514,47.549,-0.13047,-588.8,-327.83,-1882.3,0.0,0.0,23.273,50.734,11.22,0.0,-124.36,0.3285,20.0
568,2024-07-22,0.0,0.38608,10.85,34.65,22.9427083333333,0.0,0.38608,1.2573e-08,0.37034,-1.2323e-05,-14.866,98.976,-39.514,47.925,-0.13048,-757.51,-388.02,-1883.5,0.0,0.0,22.896,50.734,11.22,0.0,-129.99,0.3254,20.0
569,2024-07-23,0.0,0.4826,15.625,38.325,26.4958333333333,0.0,0.4826,-3.2596e-09,0.40113,-1.2293e-05,-14.866,99.459,-39.514,48.339,-0.13049,-979.61,-473.69,-1884.6,0.0,0.0,22.497,50.734,11.22,0.0,-135.64,0.3223,20.0
570,2024-07-24,0.0,0.55626,12.65,37.5,26.8208333333333,0.0,0.55626,4.191e-09,0.38397,-1.2264e-05,-14.866,100.01,-39.514,48.744,-0.1305,-1228.9,-587.52,-1885.8,0.0,0.0,22.084,50.734,11.22,0.0,-141.69,0.319,20.0
571,2024-07-25,0.0,0.58928,15.75,33.25,25.471875,0.0,0.58928,9.3132e-10,0.32855,-1.2234e-05,-14.866,100.6,-39.514,49.09,-0.13052,-1425.9,-697.07,-1886.9,0.0,0.0,21.71,50.734,11.22,0.0,-148.17,0.3154,20.0
572,2024-07-26,0.0,0.47244,8.225,29.3,18.2708333333333,0.0,0.47244,4.4238e-09,0.23213,-1.2204e-05,-14.866,101.08,-39.514,49.329,-0.13053,-1521.3,-767.51,-1888.1,0.0,0.0,21.423,50.734,11.22,0.0,-154.89,0.312,20.0
573,2024-07-27,0.0,0.4064,5.95,31.25,18.9802083333333,0.0,0.4064,-2.532e-09,0.1892,-1.2174e-05,-14.866,101.48,-39.514,49.521,-0.13054,-1566.4,-805.41,-1889.2,0.0,0.0,21.209,50.734,11.22,0.0,-161.14,0.3093,20.0
574,2024-07-28,0.0,0.3429,5.6,28.55,17.6729166666667,0.0,0.3429,-8.2946e-10,0.15659,-1.2144e-05,-14.866,101.83,-39.514,49.679,-0.13055,-1587.7,-826.89,-1890.3,0.0,0.0,21.035,50.734,11.22,0.0,-166.92,0.3067,20.0
575,2024-07-29,0.0,0.44196,8.7,31.675,20.7510416666667,0.0,0.44196,-1.4552e-11,0.18459,-1.2115e-05,-14.866,102.27,-39.514,49.867,-0.13056,-1595.8,-849.92,-1891.5,0.0,0.0,20.862,50.734,11.22,0.0,-172.44,0.3043,20.0
576,2024-07-30,0.0085,0.381,13.925,25.75,19.8791666666667,0.0,0.381,6.7175e-09,0.15608,-1.2085e-05,-14.866,102.65,-39.514,50.024,-0.13058,-1599.1,-872.67,-1892.6,0.0,0.0,20.69,50.734,11.22,0.0,-178.0,0.3019,20.0
577,2024-07-31,0.0,0.4699,12.75,29.9,21.2708333333333,0.0,0.4699,2.5202e-09,0.17493,-1.2055e-05,-14.866,103.12,-39.514,50.202,-0.13059,-1600.4,-897.76,-1893.7,0.0,0.0,20.521,50.734,11.22,0.0,-183.57,0.2995,20.0
578,2024-08-01,0.0,0.41402,8.9,33.775,22.7385416666667,0.0,0.41402,-7.7657e-09,0.14996,-1.2025e-05,-14.866,103.53,-39.514,50.354,-0.1306,-1601.0,-921.85,-1894.8,0.0,0.0,20.357,50.734,11.22,0.0,-189.33,0.2969,20.0
579,2024-08-02,0.0,0.42926,13.0,38.75,25.8052083333333,0.0,0.42926,-1.5543e-09,0.14697,-1.1995e-05,-14.866,103.96,-39.514,50.503,-0.13061,-1601.4,-942.99,-1896.0,0.0,0.0,20.207,50.734,11.22,0.0,-195.13,0.2947,20.0
580,2024-08-03,0.0,0.36322,11.075,37.725,23.6145833333333,0.0,0.36322,-7.0327e-09,0.12384,-1.1966e-05,-14.866,104.33,-39.514,50.628,-0.13062,-1601.7,-959.03,-1897.1,0.0,0.0,20.07,50.734,11.22,0.0,-200.8,0.2928,20.0
581,2024-08-04,0.1207,0.13208,14.5,23.95,17.85625,0.0,0.13208,-3.409e-09,0.051224,-1.1936e-05,-14.866,104.46,-39.514,50.678,-0.13064,-1601.9,-953.21,-1898.2,0.0,0.0,19.984,50.734,11.22,0.0,-206.05,0.291,20.0
582,2024-08-05,0.0238,0.33274,13.4,28.775,20.4125,0.0,0.33274,-5.1561e-09,0.11954,-1.1921e-05,-14.866,104.79,-39.514,50.798,-0.13065,-1601.9,-950.22,-1899.3,0.0,0.0,19.897,50.734,11.22,0.0,-210.6,0.2895,20.0
583,2024-08-06,0.1327,0.34544,13.1,29.075,19.9083333333333,0.0,0.34544,1.1525e-09,0.11944,-1.1891e-05,-14.866,105.14,-39.514,50.919,-0.13066,-1601.9,-965.45,-1900.4,0.0,0.0,19.777,50.734,11.22,0.0,-215.35,0.2879,20.0
584,2024-08-07,0.558,0.11938,10.0,16.025,13.6145833333333,0.0,0.11938,1.8503e-10,0.046719,-1.1861e-05,-14.866,105.25,-39.514,50.965,-0.13067,-1601.9,-962.63,-1901.5,0.0,0.0,19.694,50.734,11.22,0.0,-220.1,0.2863,20.0
585,2024-08-08,0.0119,0.25146,7.15,20.45,14.13125,0.0,0.25146,-9.1461e-10,0.0944,-1.1832e-05,-14.866,105.51,-39.514,51.06,-0.13068,-1601.8,-957.33,-1902.6,0.0,0.0,19.624,50.734,11.22,0.0,-224.35,0.2848,20.0
586,2024-08-09,0.0,0.31242,5.075,25.425,16.2645833333333,0.0,0.31242,3.0576e-09,0.11093,-1.1802e-05,-14.866,105.82,-39.514,51.172,-0.1307,-1601.7,-970.18,-1903.7,0.0,0.0,19.52,50.734,11.22,0.0,-228.71,0.2833,20.0
587,2024-08-10,0.0323,0.31496,8.125,26.625,17.634375,0.0,0.31496,8.4032e-10,0.10744,-1.1772e-05,-14.866,106.13,-39.514,51.28,-0.13071,-1601.7,-987.12,-1904.8,0.0,0.0,19.409,50.734,11.22,0.0,-233.38,0.2817,20.0
588,2024-08-11,0.0629,0.36576,11.275,28.025,18.3125,0.0,0.36576,6.0198e-09,0.11514,-1.1742e-05,-14.866,106.5,-39.514,51.397,-0.13072,-1601.8,-1007.9,-1905.9,0.0,0.0,19.296,50.734,11.22,0.0,-238.29,0.2801,20.0
589,2024-08-12,0.0,0.37846,11.35,29.775,20.309375,0.0,0.37846,-5.7798e-09,0.11137,-1.1712e-05,-14.866,106.88,-39.514,51.51,-0.13073,-1602.0,-1030.0,-1907.0,0.0,0.0,19.181,50.734,11.22,0.0,-243.48,0.2784,20.0
590,2024-08-13,0.2484,0.32512,11.9,30.4,19.5364583333333,0.0,0.32512,6.9451e-09,0.094002,-1.1683e-05,-14.866,107.2,-39.514,51.605,-0.13074,-1602.2,-1047.5,-1908.1,0.0,0.0,19.078,50.734,11.22,0.0,-248.78,0.2771,20.0
591,2024-08-14,0.0068,0.32258,11.0,28.525,18.9739583333333,0.0,0.32258,-1.337e-10,0.090101,-1.1653e-05,-14.866,107.53,-39.514,51.696,-0.13075,-1602.4,-1060.7,-1909.2,0.0,0.0,18.985,50.734,11.22,0.0,-253.96,0.2757,20.0
592,2024-08-15,0.2366,0.40386,8.625,30.825,20.303125,0.0,0.40386,-8.4606e-09,0.1023,-1.1638e-05,-14.866,107.93,-39.514,51.8,-0.13077,-1602.6,-1077.6,-1910.3,0.0,0.0,18.887,50.734,11.22,0.0,-259.09,0.2744,20.0
593,2024-08-16,0.0,0.381,11.025,28.85,19.0875,0.0,0.381,-5.5434e-09,0.092745,-1.1608e-05,-14.866,108.31,-39.514,51.894,-0.13078,-1602.8,-1095.4,-1911.4,0.0,0.0,18.788,50.734,11.22,0.0,-264.29,0.2731,20.0
594,2024-08-17,0.0,0.35814,7.375,30.15,19.3520833333333,0.0,0.35814,-3.7767e-09,0.08475,-1.1578e-05,-14.866,108.67,-39.514,51.98,-0.13079,-1603.0,-1109.5,-1912.4,0.0,0.0,18.699,50.734,11.22,0.0,-269.47,0.2717,20.0
595,2024-08-18,1.8799,0.37592,9.0,35.5,20.3833333333333,0.0,0.37592,-6.2048e-09,0.084518,-1.1548e-05,-14.866,109.04,-39.514,52.065,-0.1308,-1603.2,-1122.3,-1913.5,0.0,0.0,18.613,50.734,11.22,0.0,-274.59,0.2704,20.0
596,2024-08-19,0.1412,0.43434,13.275,34.175,20.3927083333333,0.0,0.43434,5.0027e-09,0.08914,-1.1519e-05,-14.866,109.48,-39.514,52.156,-0.13081,-1603.4,-1137.9,-1914.6,0.0,0.0,18.525,50.734,11.22,0.0,-279.75,0.2691,20.0
597,2024-08-20,0.0595,0.3429,10.975,30.875,20.0,0.0,0.3429,4.281e-09,0.072174,-1.1489e-05,-14.866,109.82,-39.514,52.228,-0.13082,-1603.6,-1149.6,-1915.7,0.0,0.0,18.444,50.734,11.22,0.0,-284.92,0.2677,20.0
598,2024-08-21,0.034,0.28956,9.575,26.85,17.5864583333333,0.0,0.28956,1.0928e-09,0.062252,-1.1459e-05,-14.866,110.11,-39.514,52.29,-0.13084,-1603.7,-1154.7,-1916.7,0.0,0.0,18.376,50.734,11.22,0.0,-289.99,0.2664,20.0
599,2024-08-22,0.0,0.31496,5.375,25.875,16.5552083333333,0.0,0.31496,1.4575e-10,0.065834,-1.1444e-05,-14.866,110.43,-39.514,52.357,-0.13085,-1603.9,-1159.4,-1917.8,0.0,0.0,18.312,50.734,11.22,0.0,-294.83,0.2652,20.0
600,2024-08-23,0.1107,0.37846,8.1,30.825,18.040625,0.0,0.37846,-8.971e-10,0.073498,-1.1414e-05,-14.866,110.8,-39.514,52.431,-0.13086,-1604.1,-1168.5,-1918.9,0.0,0.0,18.242,50.734,11.22,0.0,-299.77,0.2639,20.0
601,2024-08-24,0.0,0.3429,9.6,25.2,16.484375,0.0,0.3429,-5.5433e-09,0.066125,-1.1384e-05,-14.866,111.15,-39.514,52.497,-0.13087,-1604.2,-1178.2,-1919.9,0.0,0.0,18.171,50.734,11.22,0.0,-304.71,0.2626,20.0
602,2024-08-25,0.0,0.37084,8.325,25.425,16.015625,0.0,0.37084,7.1373e-09,0.067806,-1.1355e-05,-14.866,111.52,-39.514,52.566,-0.13088,-1604.3,-1187.6,-1921.0,0.0,0.0,18.104,50.734,11.22,0.0,-309.82,0.2616,20.0
603,2024-08-26,0.0,0.34798,4.275,26.775,15.271875,0.0,0.34798,1.0273e-08,0.062783,-1.1325e-05,-14.866,111.87,-39.514,52.629,-0.13089,-1604.5,-1196.2,-1922.0,0.0,0.0,18.038,50.734,11.22,0.0,-314.86,0.2606,20.0
604,2024-08-27,0.051,0.46228,8.55,30.075,19.6364583333333,0.0,0.46228,-2.6432e-10,0.072877,-1.1295e-05,-14.866,112.33,-39.514,52.703,-0.1309,-1604.6,-1208.2,-1923.1,0.0,0.0,17.969,50.734,11.22,0.0,-319.86,0.2597,20.0
605,2024-08-28,0.6089,0.26416,5.1,15.325,10.1364583333333,0.0,0.26416,5.8969e-10,0.047533,-1.128e-05,-14.866,112.59,-39.514,52.75,-0.13092,-1604.7,-1214.0,-1924.2,0.0,0.0,17.909,50.734,11.22,0.0,-324.88,0.2587,20.0
606,2024-08-29,0.0,0.39624,10.725,25.9,17.8052083333333,0.0,0.39624,3.6832e-09,0.063123,-1.125e-05,-14.866,112.99,-39.514,52.814,-0.13093,-1604.8,-1220.1,-1925.2,0.0,0.0,17.853,50.734,11.22,0.0,-329.7,0.2578,20.0
607,2024-08-30,0.0,0.36576,6.0,32.925,18.628125,0.0,0.36576,1.9967e-09,0.057758,-1.1221e-05,-14.866,113.36,-39.514,52.872,-0.13094,-1605.0,-1228.5,-1926.3,0.0,0.0,17.792,50.734,11.22,0.0,-334.47,0.2568,20.0
608,2024-08-31,0.0,0.3048,7.325,29.525,18.9416666666667,0.0,0.3048,-9.8543e-09,0.049647,-1.1191e-05,-14.866,113.66,-39.514,52.922,-0.13095,-1605.1,-1233.5,-1927.3,0.0,0.0,17.738,50.734,11.22,0.0,-339.19,0.2559,20.0
609,2024-09-01,0.0,0.28956,6.725,31.1,18.19375,0.0,0.28956,3.3197e-09,4.8421,-1.1176e-05,-14.866,113.95,-39.514,55.344,-0.13096,-1605.2,-331.86,-1928.3,0.0,0.0,17.713,50.734,11.22,0.0,-343.66,0.2551,20.0
610,2024-09-02,0.0,0.30226,10.9,34.225,21.6229166666667,0.0,0.30226,4.2262e-09,1.2103,-1.1146e-05,-14.866,114.25,-39.514,57.159,-0.13097,-1605.3,-573.42,-1929.4,0.0,0.0,14.082,50.734,11.22,0.0,-1001.72,0.1941,20.0
611,2024-09-03,0.194,0.29718,13.225,30.075,20.4197916666667,0.0,0.29718,3.4833e-09,0.30239,-1.1116e-05,-14.866,114.55,-39.514,57.613,-0.13098,-1605.5,-731.59,-1930.4,0.0,0.0,13.174,50.734,11.22,0.0,-1414.96,0.179,20.0
612,2024-09-04,0.0,0.29464,10.35,26.075,17.84375,0.0,0.29464,1.967e-09,0.075338,-1.1086e-05,-14.866,114.84,-39.514,57.726,-0.13099,-1605.7,-786.46,-1931.5,0.0,0.0,12.947,50.734,11.22,0.0,-1546.7,0.1752,20.0
613,2024-09-05,0.0,0.28956,5.525,30.875,17.359375,0.0,0.28956,-7.1529e-09,0.018207,-1.1057e-05,-14.866,115.13,-39.514,57.754,-0.131,-1605.9,-804.11,-1932.5,0.0,0.0,12.891,50.734,11.22,0.0,-1591.49,0.1743,20.0
614,2024-09-06,0.0,0.30226,6.95,32.7,19.6354166666667,0.0,0.30226,3.6221e-09,0.0,-1.1042e-05,-14.866,115.44,-39.514,57.758,-0.13102,-1606.1,-808.53,-1933.5,0.0,0.0,12.878,50.734,11.22,0.0,-1602.86,0.174,20.0
615,2024-09-07,0.0,0.2921,6.925,33.175,20.640625,0.0,0.2921,7.6707e-09,0.0,-1.1012e-05,-14.866,115.73,-39.514,57.758,-0.13103,-1606.3,-808.64,-1934.5,0.0,0.0,12.878,50.734,11.22,0.0,-1602.84,0.1741,20.0
616,2024-09-08,0.0,0.28448,7.55,33.125,20.7697916666667,0.0,0.28448,8.7175e-10,0.0,-1.0982e-05,-14.866,116.01,-39.514,57.758,-0.13104,-1606.5,-808.66,-1935.6,0.0,0.0,12.878,50.734,11.22,0.0,-1602.65,0.1741,20.0
617,2024-09-09,0.0,0.39624,14.725,31.3,23.3583333333333,0.0,0.39624,-5.9699e-09,6.9769e-05,-1.0952e-05,-14.866,116.41,-39.514,57.758,-0.13105,-1606.7,-808.65,-1936.6,0.0,0.0,12.878,50.734,11.22,0.0,-1602.54,0.1741,20.0
618,2024-09-10,0.0,0.18288,4.85,19.9,13.4197916666667,0.0,0.18288,2.0495e-09,9.8093e-06,-1.0937e-05,-14.866,116.59,-39.514,57.758,-0.13106,-1606.9,-808.67,-1937.6,0.0,0.0,12.878,50.734,11.22,0.0,-1602.48,0.1741,20.0
619,2024-09-11,2.0309,0.1524,5.55,21.075,13.0770833333333,0.0,0.1524,5.2883e-09,9.9397e-06,-1.0908e-05,-14.866,116.74,-39.514,57.758,-0.13107,-1607.1,-808.69,-1938.6,0.0,0.0,12.878,50.734,11.22,0.0,-1602.44,0.1741,20.0
620,2024-09-12,0.2568,0.0635,9.4,13.65,10.9677083333333,0.0,0.0635,4.4265e-09,1.6599e-05,-1.0878e-05,-14.866,116.81,-39.514,57.758,-0.13108,-1607.3,-808.7,-1939.6,0.0,0.0,12.878,50.734,11.22,0.0,-1602.41,0.1741,20.0
621,2024-09-13,0.997,0.23876,8.175,19.775,12.7354166666667,0.0,0.23876,7.6034e-09,0.0,-1.0848e-05,-14.866,117.05,-39.514,57.758,-0.13109,-1607.4,-808.73,-1940.7,0.0,0.0,12.877,50.734,11.22,0.0,-1602.39,0.1741,20.0
622,2024-09-14,0.0,0.35814,8.675,22.475,14.6447916666667,0.0,0.35814,-4.1533e-09,0.00010558,-1.0833e-05,-14.866,117.4,-39.514,57.758,-0.1311,-1607.6,-808.73,-1941.7,0.0,0.0,12.877,50.734,11.22,0.0,-1602.37,0.1741,20.0
623,2024-09-15,0.0,0.17272,5.75,21.275,13.36875,0.0,0.17272,-3.5402e-10,0.0,-1.0803e-05,-14.866,117.58,-39.514,57.758,-0.13111,-1607.8,-808.75,-1942.7,0.0,0.0,12.877,50.734,11.22,0.0,-1602.36,0.1741,20.0
624,2024-09-16,0.0017,0.19812,6.225,24.45,14.034375,0.0,0.19812,-6.0511e-09,0.0,-1.0774e-05,-14.866,117.77,-39.514,57.758,-0.13112,-1608.0,-808.77,-1943.7,0.0,0.0,12.877,50.734,11.22,0.0,-1602.35,0.1741,20.0
625,2024-09-17,0.0476,0.16764,7.4,23.85,14.7885416666667,0.0,0.16764,3.1337e-09,0.0,-1.0744e-05,-14.866,117.94,-39.514,57.758,-0.13114,-1608.1,-808.79,-1944.7,0.0,0.0,12.877,50.734,11.22,0.0,-1602.34,0.1741,20.0
626,2024-09-18,0.0646,0.0889,11.975,17.0,13.821875,0.0,0.0889,1.442e-09,1.9301e-05,-1.0729e-05,-14.866,118.03,-39.514,57.758,-0.13115,-1608.3,-808.79,-1945.7,0.0,0.0,12.877,50.734,11.22,0.0,-1602.33,0.1741,20.0
627,2024-09-19,0.0221,0.24384,9.125,23.15,15.7333333333333,0.0,0.24384,5.1571e-09,0.0,-1.0699e-05,-14.866,118.28,-39.514,57.758,-0.13116,-1608.5,-808.82,-1946.7,0.0,0.0,12.877,50.734,11.22,0.0,-1602.32,0.1741,20.0
628,2024-09-20,0.0,0.34544,5.775,22.925,13.603125,0.0,0.34544,-6.1527e-10,0.0,-1.0669e-05,-14.866,118.62,-39.514,57.758,-0.13117,-1608.6,-808.83,-1947.7,0.0,0.0,12.877,50.734,11.22,0.0,-1602.31,0.1741,20.0
629,2024-09-21,0.0,0.19558,-0.575,17.675,9.16666666666667,0.0,0.19558,3.0617e-09,0.0,-1.0654e-05,-14.866,118.82,-39.514,57.758,-0.13118,-1608.8,-808.86,-1948.7,0.0,0.0,12.877,50.734,11.22,0.0,-1602.31,0.1741,20.0
630,2024-09-22,0.0,0.32258,3.6,24.525,13.996875,0.0,0.32258,1.9879e-09,9.9833e-05,-1.0625e-05,-14.866,119.14,-39.514,57.758,-0.13119,-1608.9,-808.85,-1949.7,0.0,0.0,12.877,50.734,11.22,0.0,-1602.3,0.1741,20.0
631,2024-09-23,0.0,0.2667,11.325,25.3,17.1145833333333,0.0,0.2667,-3.834e-09,0.0,-1.0595e-05,-14.866,119.41,-39.514,57.758,-0.1312,-1609.1,-808.88,-1950.7,0.0,0.0,12.877,50.734,11.22,0.0,-1602.3,0.1741,20.0
632,2024-09-24,0.0,0.44196,13.525,28.825,19.7354166666667,0.0,0.44196,-4.9401e-09,0.0,-1.0565e-05,-14.866,119.85,-39.514,57.758,-0.13121,-1609.2,-808.91,-1951.6,0.0,0.0,12.877,50.734,11.22,0.0,-1602.29,0.1741,20.0
633,2024-09-25,0.0,0.39624,11.85,31.525,21.0614583333333,0.0,0.39624,-5.3478e-09,2.1703e-05,-1.055e-05,-14.866,120.24,-39.514,57.758,-0.13122,-1609.4,-808.91,-1952.6,0.0,0.0,12.877,50.734,11.22,0.0,-1602.28,0.1741,20.0
634,2024-09-26,0.0,0.3175,10.275,22.3,16.628125,0.0,0.3175,3.6899e-09,0.0,-1.052e-05,-14.866,120.56,-39.514,57.758,-0.13123,-1609.5,-808.93,-1953.6,0.0,0.0,12.877,50.734,11.22,0.0,-1602.28,0.1741,20.0
635,2024-09-27,0.0,0.40894,10.7,27.65,18.9416666666667,0.0,0.40894,7.2679e-09,0.0,-1.049e-05,-14.866,120.97,-39.514,57.759,-0.13124,-1609.7,-808.97,-1954.6,0.0,0.0,12.877,50.734,11.22,0.0,-1602.28,0.1741,20.0
636,2024-09-28,0.0,0.23368,2.175,27.9,15.0822916666667,0.0,0.23368,-3.3478e-09,0.0,-1.0476e-05,-14.866,121.2,-39.514,57.759,-0.13125,-1609.8,-808.96,-1955.6,0.0,0.0,12.877,50.734,11.22,0.0,-1602.27,0.1741,20.0
637,2024-09-29,0.0,0.3175,6.775,25.275,15.2927083333333,0.0,0.3175,5.6492e-09,0.0,-1.0446e-05,-14.866,121.52,-39.514,57.759,-0.13126,-1609.9,-809.0,-1956.5,0.0,0.0,12.877,50.734,11.22,0.0,-1602.27,0.1741,20.0
638,2024-09-30,0.0,0.20828,-2.1,16.375,7.54375,0.0,0.20828,4.618e-10,0.0,-1.0416e-05,-14.866,121.73,-39.514,57.759,-0.13127,-1610.1,-809.0,-1957.5,0.0,0.0,12.877,50.734,11.22,0.0,-1602.26,0.1741,20.0
639,2024-10-01,0.0,0.54102,5.775,23.475,15.7708333333333,0.54102,0.0,0.029339,0.0,-1.039e-05,-14.325,121.73,-39.377,57.759,-0.13128,-1000000.0,-904.7,-1958.5,0.0,0.0,12.74,50.734,11.357,0.0,-1602.26,0.1741,20.0
640,2024-10-02,0.0,0.19304,6.15,18.175,13.4833333333333,0.19304,0.0,0.017448,0.0,-1.0366e-05,-14.132,121.73,-39.357,57.759,-0.13129,-1000000.0,-928.94,-1959.4,0.0,0.0,12.719,50.734,11.378,0.0,-1602.25,0.1741,20.0
641,2024-10-03,0.0,0.17526,-2.05,16.775,8.00729166666667,0.17526,0.0,0.01378,0.0,-1.0341e-05,-13.956,121.73,-39.342,57.759,-0.1313,-1000000.0,-945.12,-1960.4,0.0,0.0,12.705,50.734,11.392,0.0,-1602.25,0.1741,20.0
642,2024-10-04,0.0,0.46228,-2.625,28.075,13.103125,0.46228,0.0,0.011477,0.0,-1.0327e-05,-13.494,121.73,-39.33,57.759,-0.13131,-1000000.0,-958.09,-1961.4,0.0,0.0,12.693,50.734,11.404,0.0,-1602.25,0.1741,20.0
643,2024-10-05,0.0,0.254,4.625,18.825,10.7375,0.254,0.0,0.0099146,0.0,-1.0297e-05,-13.24,121.73,-39.32,57.759,-0.13132,-1000000.0,-969.32,-1962.3,0.0,0.0,12.683,50.734,11.414,0.0,-1602.24,0.1741,20.0
644,2024-10-06,0.0,0.22352,1.475,25.425,11.9041666666667,0.22352,0.0,0.0089761,0.0,-1.0267e-05,-13.017,121.73,-39.311,57.759,-0.13134,-1000000.0,-979.57,-1963.4,0.0,0.0,12.673,50.734,11.424,0.0,-1602.24,0.1741,20.0
645,2024-10-07,0.0,0.33528,7.975,26.675,15.8854166666667,0.33528,0.0,0.0080974,0.0,-1.0267e-05,-12.681,121.73,-39.302,57.759,-0.13135,-1000000.0,-987.9,-1964.7,0.0,0.0,12.665,50.734,11.432,0.0,-1602.24,0.1741,20.0
646,2024-10-08,0.0,0.35306,5.6,28.1,16.5020833333333,0.35306,0.0,0.0074976,0.0,-1.0252e-05,-12.328,121.73,-39.295,57.759,-0.13136,-1000000.0,-995.5,-1966.0,0.0,0.0,12.657,50.734,11.44,0.0,-1602.23,0.1741,20.0
647,2024-10-09,0.0,0.2794,8.575,27.2,16.3239583333333,0.2794,0.0,0.0070132,0.0,-1.0237e-05,-12.049,121.73,-39.288,57.759,-0.13137,-1000000.0,-1002.6,-1967.4,0.0,0.0,12.65,50.734,11.447,0.0,-1602.23,0.1741,20.0
648,2024-10-10,0.0,0.17526,8.0,18.325,13.0291666666667,0.17526,0.0,0.0065947,0.0,-1.0222e-05,-11.874,121.73,-39.281,57.759,-0.13138,-1000000.0,-1009.0,-1968.7,0.0,0.0,12.644,50.734,11.453,0.0,-1602.23,0.1741,20.0
649,2024-10-11,0.0,0.12954,-1.275,19.0,8.52083333333333,0.12954,0.0,0.0062303,0.0,-1.0207e-05,-11.744,121.73,-39.275,57.759,-0.13139,-1000000.0,-1015.0,-1970.0,0.0,0.0,12.637,50.734,11.46,0.0,-1602.23,0.1741,20.0
650,2024-10-12,0.0,0.14732,-1.5,19.0,8.23958333333333,0.14732,0.0,0.0059068,0.0,-1.0192e-05,-11.597,121.73,-39.269,57.759,-0.1314,-1000000.0,-1020.7,-1971.3,0.0,0.0,12.631,50.734,11.466,0.0,-1602.22,0.1741,20.0
651,2024-10-13,0.0,0.15494,-2.575,20.775,7.70520833333333,0.15494,0.0,0.005615,0.0,-1.0177e-05,-11.442,121.73,-39.263,57.759,-0.13141,-1000000.0,-1026.1,-1972.6,0.0,0.0,12.625,50.734,11.471,0.0,-1602.22,0.1741,20.0
652,2024-10-14,0.0,0.3048,3.325,28.675,15.5416666666667,0.3048,0.0,0.0053941,0.0,-1.0163e-05,-11.137,121.73,-39.258,57.759,-0.13142,-1000000.0,-1031.2,-1974.0,0.0,0.0,12.62,50.734,11.477,0.0,-1602.22,0.1741,20.0
653,2024-10-15,0.0,0.23368,9.2,25.3,16.5291666666667,0.23368,0.0,0.0051916,0.0,-1.0148e-05,-10.903,121.73,-39.252,57.759,-0.13143,-1000000.0,-1035.9,-1975.3,0.0,0.0,12.615,50.734,11.482,0.0,-1602.22,0.1741,20.0
654,2024-10-16,0.0017,0.25908,3.275,23.65,13.340625,0.25908,0.0,0.0050231,0.0,-1.0148e-05,-10.644,121.73,-39.247,57.759,-0.13144,-1000000.0,-1040.4,-1976.6,0.0,0.0,12.61,50.734,11.487,0.0,-1602.23,0.1741,20.0
655,2024-10-17,0.0,0.13716,0.35,11.075,6.71666666666667,0.13716,0.0,0.0048621,0.0,-1.0133e-05,-10.507,121.73,-39.242,57.759,-0.13145,-1000000.0,-1044.9,-1977.9,0.0,0.0,12.605,50.734,11.492,0.0,-1602.23,0.1741,20.0
656,2024-10-18,0.0,0.25654,-2.55,12.1,4.97708333333333,0.25654,0.0,0.0047052,0.0,-1.0118e-05,-10.251,121.73,-39.238,57.759,-0.13146,-1000000.0,-1049.3,-1979.2,0.0,0.0,12.6,50.734,11.497,0.0,-1602.24,0.1741,20.0
657,2024-10-19,0.0,0.48768,9.4,21.075,13.7479166666667,0.48768,0.0,0.0045653,0.0,-1.0103e-05,-9.7629,121.73,-39.233,57.759,-0.13147,-1000000.0,-1053.6,-1980.5,0.0,0.0,12.595,50.734,11.501,0.0,-1602.26,0.1741,20.0
658,2024-10-20,0.0,0.4064,12.475,22.075,16.8104166666667,0.4064,0.0,0.004439,0.0,-1.0088e-05,-9.3565,121.73,-39.229,57.759,-0.13148,-1000000.0,-1057.6,-1981.8,0.0,0.0,12.591,50.734,11.506,0.0,-1602.28,0.1741,20.0
659,2024-10-21,0.0204,0.20066,0.875,17.675,11.209375,0.20066,0.0,0.0043229,0.0,-1.0073e-05,-9.1559,121.73,-39.224,57.759,-0.13149,-1000000.0,-1061.5,-1983.1,0.0,0.0,12.587,50.734,11.51,0.0,-1602.3,0.1741,20.0
660,2024-10-22,0.0017,0.17272,-1.375,13.4,4.90729166666667,0.17272,0.0,0.0042156,0.0,-1.0058e-05,-8.9831,121.73,-39.22,57.759,-0.1315,-1000000.0,-1065.2,-1984.4,0.0,0.0,12.582,50.734,11.514,0.0,-1602.33,0.1741,20.0
661,2024-10-23,0.0,0.254,-1.7,14.275,6.2875,0.254,0.0,0.0041164,0.0,-1.0043e-05,-8.7291,121.73,-39.216,57.759,-0.13151,-1000000.0,-1068.9,-1985.7,0.0,0.0,12.578,50.734,11.519,0.0,-1602.37,0.1741,20.0
662,2024-10-24,0.0,0.1651,-1.725,11.375,4.2625,0.1651,0.0,0.0040243,0.0,-1.0028e-05,-8.564,121.73,-39.212,57.759,-0.13152,-1000000.0,-1072.4,-1987.0,0.0,0.0,12.574,50.734,11.523,0.0,-1602.42,0.1741,20.0
663,2024-10-25,0.0,0.10668,-5.4,9.95,2.27291666666667,0.10668,0.0,0.0039382,0.0,-1.0028e-05,-8.4574,121.73,-39.208,57.759,-0.13153,-1000000.0,-1075.7,-1988.3,0.0,0.0,12.57,50.734,11.527,0.0,-1602.48,0.1741,20.0
664,2024-10-26,0.0,0.27686,-2.675,19.975,9.38229166666667,0.27686,0.0,0.0038572,0.0,-1.0014e-05,-8.1805,121.73,-39.204,57.759,-0.13154,-1000000.0,-1079.0,-1989.6,0.0,0.0,12.566,50.734,11.531,0.0,-1602.55,0.1741,20.0
665,2024-10-27,0.0,0.32766,3.925,21.775,11.284375,0.32766,0.0,0.0037803,0.0,-9.9987e-06,-7.8528,121.73,-39.2,57.759,-0.13155,-1000000.0,-1082.2,-1990.9,0.0,0.0,12.562,50.734,11.534,0.0,-1602.63,0.1741,20.0
666,2024-10-28,0.0,0.21336,-3.725,12.75,5.74479166666667,0.21336,0.0,0.0037068,0.0,-9.9838e-06,-7.6395,121.73,-39.196,57.759,-0.13156,-1000000.0,-1085.3,-1992.2,0.0,0.0,12.559,50.734,11.538,0.0,-1602.73,0.1741,20.0
667,2024-10-29,0.0,0.08128,-7.775,9.6,0.632291666666667,0.08128,0.0,0.0036362,0.0,-9.9689e-06,-7.5582,121.73,-39.193,57.759,-0.13157,-1000000.0,-1088.4,-1993.5,0.0,0.0,12.555,50.734,11.542,0.0,-1602.83,0.1741,20.0
668,2024-10-30,0.0,0.17526,-5.625,9.95,1.42916666666667,0.17526,0.0,0.0035682,0.0,-9.954e-06,-7.3829,121.73,-39.189,57.759,-0.13158,-1000000.0,-1091.4,-1994.7,0.0,0.0,12.551,50.734,11.545,0.0,-1602.96,0.1741,20.0
669,2024-10-31,0.0,0.14732,-3.35,8.6,1.44270833333333,0.14732,0.0,0.0035027,0.0,-9.9391e-06,-7.2356,121.73,-39.186,57.759,-0.13159,-1000000.0,-1094.4,-1996.0,0.0,0.0,12.548,50.734,11.549,0.0,-1603.09,0.1741,20.0
670,2024-11-01,0.0,0.17018,-3.825,9.1,2.42291666666667,0.17018,0.0,0.0034394,0.0,-9.9391e-06,-7.0654,121.73,-39.182,57.759,-0.1316,-1000000.0,-1097.2,-1997.3,0.0,0.0,12.545,50.734,11.552,0.0,-1603.25,0.174,20.0
671,2024-11-02,0.0,0.21082,1.775,11.425,6.10416666666667,0.21082,0.0,0.0033783,0.0,-9.9242e-06,-6.8546,121.73,-39.179,57.759,-0.13161,-1000000.0,-1100.1,-1998.6,0.0,0.0,12.541,50.734,11.556,0.0,-1603.41,0.174,20.0
672,2024-11-03,0.0,0.1016,-2.075,8.975,2.288,0.1016,0.0,0.0033191,0.0,-9.9093e-06,-6.753,121.73,-39.175,57.759,-0.13162,-1000000.0,-1102.9,-1999.9,0.0,0.0,12.538,50.734,11.559,0.0,-1603.6,0.174,20.0
673,2024-11-04,0.0,0.21844,-3.15,7.625,2.86875,0.21844,0.0,0.0032619,0.0,-9.8944e-06,-6.5346,121.73,-39.172,57.759,-0.13163,-1000000.0,-1105.6,-2001.2,0.0,0.0,12.534,50.734,11.562,0.0,-1603.8,0.174,20.0
674,2024-11-05,0.1666,0.07874,-2.95,3.575,0.690625,0.07874,0.0,0.0032063,0.0,-9.8795e-06,-6.4558,121.73,-39.169,57.759,-0.13164,-1000000.0,-1108.3,-2002.4,0.0,0.0,12.531,50.734,11.565,0.0,-1604.02,0.174,20.0
675,2024-11-06,0.0357,0.1524,-8.175,8.25,-0.05625,0.1524,0.0,0.0031524,0.0,-9.8646e-06,-6.3034,121.73,-39.166,57.759,-0.13165,-1000000.0,-1110.9,-2003.7,0.0,0.0,12.528,50.734,11.569,0.0,-1604.26,0.174,20.0
676,2024-11-07,0.0,0.28702,1.9,13.625,6.85,0.28702,0.0,0.0031082,0.0,-9.8497e-06,-6.0164,121.73,-39.163,57.759,-0.13166,-1000000.0,-1113.5,-2005.0,0.0,0.0,12.525,50.734,11.572,0.0,-1604.51,0.174,20.0
677,2024-11-08,0.0,0.25146,2.375,17.8,9.1375,0.25146,0.0,0.00307,0.0,-9.8348e-06,-5.765,121.73,-39.16,57.759,-0.13167,-1000000.0,-1116.0,-2006.3,0.0,0.0,12.522,50.734,11.575,0.0,-1604.79,0.174,20.0
678,2024-11-09,0.0,0.11176,2.375,16.425,7.759375,0.11176,0.0,0.0030344,0.0,-9.8348e-06,-5.6532,121.73,-39.157,57.759,-0.13168,-1000000.0,-1118.4,-2007.5,0.0,0.0,12.519,50.734,11.578,0.0,-1605.08,0.174,20.0
679,2024-11-10,0.0,0.10414,1.475,11.075,6.82291666666667,0.10414,0.0,0.0029996,0.0,-9.8199e-06,-5.5491,121.73,-39.154,57.759,-0.13169,-1000000.0,-1120.8,-2008.8,0.0,0.0,12.516,50.734,11.581,0.0,-1605.39,0.174,20.0
680,2024-11-11,0.0,0.18542,-0.1,15.325,7.02083333333333,0.18542,0.0,0.0029647,0.0,-9.805e-06,-5.3636,121.73,-39.151,57.759,-0.1317,-1000000.0,-1123.2,-2010.1,0.0,0.0,12.513,50.734,11.584,0.0,-1605.71,0.174,20.0
681,2024-11-12,0.0,0.18288,1.1,10.675,5.13958333333333,0.18288,0.0,0.0029297,0.0,-9.7901e-06,-5.1808,121.73,-39.148,57.759,-0.13171,-1000000.0,-1125.6,-2011.3,0.0,0.0,12.51,50.734,11.587,0.0,-1606.06,0.174,20.0
682,2024-11-13,0.0,0.2794,0.1,11.425,5.85625,0.2794,0.0,0.0028943,0.0,-9.7752e-06,-4.9014,121.73,-39.145,57.759,-0.13172,-1000000.0,-1128.1,-2012.6,0.0,0.0,12.507,50.734,11.59,0.0,-1606.42,0.174,20.0
683,2024-11-14,0.0,0.2413,-1.7,11.575,5.62083333333333,0.2413,0.0,0.0028589,0.0,-9.7603e-06,-4.6601,121.73,-39.142,57.759,-0.13173,-1000000.0,-1130.5,-2013.9,0.0,0.0,12.504,50.734,11.593,0.0,-1606.8,0.174,20.0
684,2024-11-15,0.0,0.06858,-6.025,8.2,0.633333333333333,0.06858,0.0,0.0028235,0.0,-9.7454e-06,-4.5915,121.73,-39.139,57.759,-0.13174,-1000000.0,-1133.0,-2015.1,0.0,0.0,12.501,50.734,11.595,0.0,-1607.19,0.174,20.0
685,2024-11-16,0.0,0.14986,-12.75,7.6,-1.82604166666667,0.14986,0.0,0.0027883,0.0,-9.7454e-06,-4.4416,121.73,-39.136,57.759,-0.13175,-1000000.0,-1135.4,-2016.4,0.0,0.0,12.498,50.734,11.598,0.0,-1607.61,0.174,20.0
686,2024-11-17,0.0,0.3175,2.725,9.775,5.85416666666667,0.3175,0.0,0.0027543,0.0,-9.7305e-06,-4.1241,121.73,-39.133,57.759,-0.13175,-1000000.0,-1137.8,-2017.6,0.0,0.0,12.496,50.734,11.601,0.0,-1608.04,0.1739,20.0
687,2024-11-18,0.0,0.13462,-10.125,4.45,0.1625,0.13462,0.0,0.0027227,0.0,-9.7156e-06,-3.9895,121.73,-39.131,57.759,-0.13176,-1000000.0,-1140.1,-2018.9,0.0,0.0,12.493,50.734,11.604,0.0,-1608.48,0.1739,20.0
688,2024-11-19,0.0,0.04064,-13.8,3.675,-5.725,0.04064,0.0,0.0026935,0.0,-9.7007e-06,-3.9489,121.73,-39.128,57.759,-0.13177,-1000000.0,-1142.3,-2020.1,0.0,0.0,12.49,50.734,11.606,0.0,-1608.95,0.1739,20.0
689,2024-11-20,0.0,0.03048,-14.175,-3.125,-9.021875,0.03048,0.0,0.002666,0.0,-9.6858e-06,-3.9184,121.73,-39.125,57.759,-0.13178,-1000000.0,-1144.5,-2021.4,0.0,0.0,12.487,50.734,11.609,0.0,-1609.43,0.1739,20.0
690,2024-11-21,0.0,0.04064,-10.3,0.7,-5.24479166666667,0.04064,0.0,0.00264,0.0,-9.6709e-06,-3.8777,121.73,-39.123,57.759,-0.13179,-1000000.0,-1146.6,-2022.6,0.0,0.0,12.485,50.734,11.612,0.0,-1609.92,0.1739,20.0
691,2024-11-22,0.0,0.0127,-11.55,-6.6,-8.44895833333333,0.0127,0.0,0.0026152,0.0,-9.6709e-06,-3.865,121.73,-39.12,57.759,-0.1318,-1000000.0,-1148.7,-2023.9,0.0,0.0,12.482,50.734,11.614,0.0,-1610.43,0.1739,20.0
692,2024-11-23,0.0,0.02032,-12.325,-5.45,-8.29583333333333,0.02032,0.0,0.0025911,0.0,-9.656e-06,-3.8447,121.73,-39.117,57.759,-0.13181,-1000000.0,-1150.8,-2025.1,0.0,0.0,12.48,50.734,11.617,0.0,-1610.96,0.1739,20.0
693,2024-11-24,0.0,0.01778,-17.625,-8.025,-11.8416666666667,0.01778,0.0,0.0025677,0.0,-9.6411e-06,-3.8269,121.73,-39.115,57.759,-0.13182,-1000000.0,-1152.8,-2026.4,0.0,0.0,12.477,50.734,11.62,0.0,-1611.5,0.1739,20.0
694,2024-11-25,0.0,0.01778,-16.125,-6.975,-12.503125,0.01778,0.0,0.0025448,0.0,-9.6262e-06,-3.8092,121.73,-39.112,57.759,-0.13183,-1000000.0,-1154.8,-2027.6,0.0,0.0,12.474,50.734,11.622,0.0,-1612.05,0.1739,20.0
695,2024-11-26,0.2805,0.0762,-15.125,6.225,-2.65625,0.0762,0.0,0.0025223,0.0,-9.6112e-06,-3.733,121.73,-39.11,57.759,-0.13184,-1000000.0,-1156.9,-2028.9,0.0,0.0,12.472,50.734,11.625,0.0,-1612.62,0.1738,20.0
696,2024-11-27,0.0,0.02286,-13.4,-3.525,-6.928125,0.02286,0.0,0.0025003,0.0,-9.5963e-06,-3.7101,121.73,-39.107,57.759,-0.13185,-1000000.0,-1158.9,-2030.1,0.0,0.0,12.469,50.734,11.627,0.0,-1613.2,0.1738,20.0
697,2024-11-28,0.0119,0.04064,-13.2,3.8,-6.37708333333333,0.04064,0.0,0.002479,0.0,-9.5814e-06,-3.6695,121.73,-39.105,57.759,-0.13186,-1000000.0,-1160.9,-2031.3,0.0,0.0,12.467,50.734,11.63,0.0,-1613.8,0.1738,20.0
698,2024-11-29,0.0,0.01778,-15.55,-7.675,-11.6479166666667,0.01778,0.0,0.0024584,0.0,-9.5814e-06,-3.6517,121.73,-39.102,57.759,-0.13187,-1000000.0,-1162.8,-2032.6,0.0,0.0,12.464,50.734,11.632,0.0,-1614.4,0.1738,20.0
699,2024-11-30,0.0,0.11938,-14.65,4.725,0.494791666666667,0.11938,0.0,0.0024385,0.0,-9.5665e-06,-3.5323,121.73,-39.1,57.759,-0.13188,-1000000.0,-1164.7,-2033.8,0.0,0.0,12.462,50.734,11.634,0.0,-1615.02,0.1738,20.0
700,2024-12-01,0.0,0.03302,-18.475,0.575,-11.190625,0.03302,0.0,0.0024193,0.0,-9.5516e-06,-3.4993,121.73,-39.097,57.759,-0.13189,-1000000.0,-1166.6,-2035.1,0.0,0.0,12.46,50.734,11.637,0.0,-1615.66,0.1738,20.0
701,2024-12-02,0.0,0.08128,-17.525,9.175,-4.25416666666667,0.08128,0.0,0.0024006,0.0,-9.5367e-06,-3.418,121.73,-39.095,57.759,-0.1319,-1000000.0,-1168.5,-2036.3,0.0,0.0,12.457,50.734,11.639,0.0,-1616.3,0.1738,20.0
702,2024-12-03,0.0,0.15748,-4.2,12.9,3.23958333333333,0.15748,0.0,0.0023824,0.0,-9.5218e-06,-3.2605,121.73,-39.093,57.759,-0.13191,-1000000.0,-1170.3,-2037.5,0.0,0.0,12.455,50.734,11.642,0.0,-1616.96,0.1738,20.0
703,2024-12-04,0.0,0.04826,-7.125,9.45,0.595833333333333,0.04826,0.0,0.0023647,0.0,-9.5069e-06,-3.2123,121.73,-39.09,57.759,-0.13192,-1000000.0,-1172.1,-2038.7,0.0,0.0,12.452,50.734,11.644,0.0,-1617.63,0.1737,20.0
704,2024-12-05,0.0,0.18034,-7.7,13.975,4.06354166666667,0.18034,0.0,0.0023474,0.0,-9.5069e-06,-3.0319,121.73,-39.088,57.759,-0.13193,-1000000.0,-1173.9,-2040.0,0.0,0.0,12.45,50.734,11.646,0.0,-1618.31,0.1737,20.0
705,2024-12-06,0.0,0.28956,4.025,13.8,8.015625,0.28956,0.0,0.0023304,0.0,-9.492e-06,-2.7424,121.73,-39.086,57.759,-0.13194,-1000000.0,-1175.7,-2041.2,0.0,0.0,12.448,50.734,11.649,0.0,-1618.99,0.1737,20.0
706,2024-12-07,0.0,0.36576,7.625,14.2,10.95,0.36576,0.0,0.0023138,0.0,-9.4771e-06,-2.3766,121.73,-39.083,57.759,-0.13195,-1000000.0,-1177.5,-2042.4,0.0,0.0,12.445,50.734,11.651,0.0,-1619.69,0.1737,20.0
707,2024-12-08,0.0,0.12954,-2.8,7.3,2.18020833333333,0.12954,0.0,0.0022974,0.0,-9.4622e-06,-2.2471,121.73,-39.081,57.759,-0.13196,-1000000.0,-1179.2,-2043.6,0.0,0.0,12.443,50.734,11.653,0.0,-1620.4,0.1737,20.0
708,2024-12-09,0.0,0.05842,-6.425,4.475,-1.75104166666667,0.05842,0.0,0.0022812,0.0,-9.4473e-06,-2.1886,121.73,-39.079,57.759,-0.13197,-1000000.0,-1180.9,-2044.9,0.0,0.0,12.441,50.734,11.656,0.0,-1621.12,0.1737,20.0
709,2024-12-10,0.0,0.06858,-6.675,2.775,-1.2125,0.06858,0.0,0.0022653,0.0,-9.4324e-06,-2.1201,121.73,-39.076,57.759,-0.13198,-1000000.0,-1182.6,-2046.1,0.0,0.0,12.438,50.734,11.658,0.0,-1621.85,0.1736,20.0
710,2024-12-11,0.0,0.10668,-0.55,8.075,3.07916666666667,0.10668,0.0,0.0022496,0.0,-9.4324e-06,-2.0134,121.73,-39.074,57.759,-0.13198,-1000000.0,-1184.3,-2047.3,0.0,0.0,12.436,50.734,11.66,0.0,-1622.58,0.1736,20.0
711,2024-12-12,0.0,0.05588,-8.525,7.4,-1.64479166666667,0.05588,0.0,0.002234,0.0,-9.4175e-06,-1.9575,121.73,-39.072,57.759,-0.13199,-1000000.0,-1186.0,-2048.5,0.0,0.0,12.434,50.734,11.662,0.0,-1623.33,0.1736,20.0
712,2024-12-13,0.0,0.13462,-5.975,8.875,1.35416666666667,0.13462,0.0,0.0022187,0.0,-9.4026e-06,-1.8229,121.73,-39.07,57.759,-0.132,-1000000.0,-1187.7,-2049.7,0.0,0.0,12.432,50.734,11.665,0.0,-1624.08,0.1736,20.0
713,2024-12-14,0.0,0.18542,-2.075,10.15,4.35833333333333,0.18542,0.0,0.0022034,0.0,-9.3877e-06,-1.6375,121.73,-39.068,57.759,-0.13201,-1000000.0,-1189.4,-2051.0,0.0,0.0,12.429,50.734,11.667,0.0,-1624.84,0.1736,20.0
714,2024-12-15,0.0,0.10922,-2.55,4.65,1.23958333333333,0.10922,0.0,0.0021883,0.0,-9.3728e-06,-1.5282,121.73,-39.065,57.759,-0.13202,-1000000.0,-1191.1,-2052.2,0.0,0.0,12.427,50.734,11.669,0.0,-1625.61,0.1736,20.0
715,2024-12-16,0.0,0.05842,-7.225,-0.025,-3.25416666666667,0.05842,0.0,0.0021733,0.0,-9.3579e-06,-1.4698,121.73,-39.063,57.759,-0.13203,-1000000.0,-1192.8,-2053.4,0.0,0.0,12.425,50.734,11.671,0.0,-1626.39,0.1736,20.0
716,2024-12-17,0.0,0.02032,-9.3,-4.675,-6.98541666666667,0.02032,0.0,0.0021585,0.0,-9.3579e-06,-1.4495,121.73,-39.061,57.759,-0.13204,-1000000.0,-1194.5,-2054.6,0.0,0.0,12.423,50.734,11.673,0.0,-1627.17,0.1735,20.0
717,2024-12-18,0.0,0.17272,-11.025,10.75,1.13854166666667,0.17272,0.0,0.0021438,0.0,-9.343e-06,-1.2768,121.73,-39.059,57.759,-0.13205,-1000000.0,-1196.1,-2055.8,0.0,0.0,12.421,50.734,11.676,0.0,-1627.96,0.1735,20.0
718,2024-12-19,0.0,0.12192,-12.825,9.125,-1.403125,0.12192,0.0,0.0021292,0.0,-9.3281e-06,-1.1549,121.73,-39.057,57.759,-0.13206,-1000000.0,-1197.8,-2057.0,0.0,0.0,12.419,50.734,11.678,0.0,-1628.76,0.1735,20.0
719,2024-12-20,0.0,0.21844,3.675,16.325,8.503125,0.21844,0.0,0.0021148,0.0,-9.3132e-06,-0.93643,121.73,-39.055,57.759,-0.13207,-1000000.0,-1199.4,-2058.2,0.0,0.0,12.417,50.734,11.68,0.0,-1629.56,0.1735,20.0
720,2024-12-21,0.0,0.25146,6.375,11.775,8.81875,0.25146,0.0,0.0021006,0.0,-9.3132e-06,-0.68497,121.73,-39.053,57.759,-0.13208,-1000000.0,-1201.0,-2059.4,0.0,0.0,12.414,50.734,11.682,0.0,-1630.37,0.1735,20.0
721,2024-12-22,0.0,0.17272,0.075,9.475,4.3375,0.17272,0.0,0.0020865,0.0,-9.2983e-06,-0.51225,121.73,-39.05,57.759,-0.13209,-1000000.0,-1202.6,-2060.6,0.0,0.0,12.412,50.734,11.684,0.0,-1631.19,0.1734,20.0
722,2024-12-23,0.0,0.19812,0.425,10.325,4.85520833333333,0.19812,0.0,0.0020726,0.0,-9.2834e-06,-0.31413,121.73,-39.048,57.759,-0.1321,-1000000.0,-1204.2,-2061.8,0.0,0.0,12.41,50.734,11.686,0.0,-1632.01,0.1734,20.0
723,2024-12-24,0.0,0.18796,-2.8,10.975,4.34375,0.18796,0.0,0.0020589,0.0,-9.2685e-06,-0.12617,121.73,-39.046,57.759,-0.13211,-1000000.0,-1205.8,-2063.0,0.0,0.0,12.408,50.734,11.688,0.0,-1632.83,0.1734,20.0
724,2024-12-25,0.0,0.2032,-0.1,7.125,3.17916666666667,0.2032,0.0,0.0020454,0.0,-9.2536e-06,0.077033,121.73,-39.044,57.759,-0.13212,-1000000.0,-1207.4,-2064.2,0.0,0.0,12.406,50.734,11.69,0.0,-1633.67,0.1734,20.0
725,2024-12-26,0.0,0.21844,1.55,6.75,3.684375,0.21844,0.0,0.0020321,0.0,-9.2387e-06,0.29547,121.73,-39.042,57.759,-0.13212,-1000000.0,-1209.0,-2065.4,0.0,0.0,12.404,50.734,11.692,0.0,-1634.5,0.1734,20.0
726,2024-12-27,0.0,0.17526,-1.475,6.175,2.21770833333333,0.17526,0.0,0.0020189,0.0,-9.2238e-06,0.47073,121.73,-39.04,57.759,-0.13213,-1000000.0,-1210.5,-2066.6,0.0,0.0,12.402,50.734,11.694,0.0,-1635.35,0.1734,20.0
727,2024-12-28,0.0,0.20574,1.4,9.45,4.14791666666667,0.20574,0.0,0.002006,0.0,-9.2238e-06,0.67647,121.73,-39.038,57.759,-0.13214,-1000000.0,-1212.1,-2067.8,0.0,0.0,12.4,50.734,11.696,0.0,-1636.19,0.1733,20.0
728,2024-12-29,0.1003,0.07874,-4.1,4.5,1.5125,0.07874,0.0,0.0019931,0.0,-9.2089e-06,0.75521,121.73,-39.036,57.759,-0.13215,-1000000.0,-1213.6,-2069.0,0.0,0.0,12.398,50.734,11.698,0.0,-1637.04,0.1733,20.0
729,2024-12-30,0.0,0.01524,-7.6,-1.525,-4.54270833333333,0.01524,0.0,0.0019805,0.0,-9.194e-06,0.77045,121.73,-39.034,57.759,-0.13216,-1000000.0,-1215.1,-2070.2,0.0,0.0,12.396,50.734,11.7,0.0,-1637.9,0.1733,20.0
730,2024-12-31,0.0,0.0,-9.275,-2.3,-6.24583333333333,0.0,0.0,-1.397e-09,0.0,-9.1791e-06,0.77045,121.73,-39.034,57.759,-0.13217,-472230.0,-1203.4,-2071.3,0.0,0.0,12.396,50.734,11.7,0.0,-1638.76,0.1733,20.0
731,2025-01-01,0.0,0.0127,-13.4,-7.125,-10.69375,0.0127,0.0,0.0024009,0.0,-9.1642e-06,0.78315,121.73,-39.031,57.759,-0.13218,-1000000.0,-1209.2,-2072.5,0.0,0.0,12.393,50.734,11.704,0.0,-1639.62,0.1733,20.0
732,2025-01-02,0.0,0.0127,-13.5,-9.725,-12.5635416666667,0.0127,0.0,0.0020888,0.0,-9.1642e-06,0.79585,121.73,-39.029,57.759,-0.13219,-1000000.0,-1214.1,-2073.7,0.0,0.0,12.391,50.734,11.706,0.0,-1640.49,0.1732,20.0
733,2025-01-03,0.0,0.0127,-15.0,-11.325,-12.9666666666667,0.0127,0.0,0.0020215,0.0,-9.1493e-06,0.80855,121.73,-39.027,57.759,-0.1322,-1000000.0,-1217.4,-2074.9,0.0,0.0,12.388,50.734,11.708,0.0,-1641.36,0.1732,20.0
734,2025-01-04,0.0,0.01016,-21.325,-11.175,-14.390625,0.01016,0.0,0.0019799,0.0,-9.1344e-06,0.81871,121.73,-39.025,57.759,-0.13221,-1000000.0,-1219.9,-2076.1,0.0,0.0,12.386,50.734,11.71,0.0,-1642.23,0.1732,20.0
735,2025-01-05,0.0,0.00508,-22.6,-9.125,-14.8458333333333,0.00508,0.0,0.0019508,0.0,-9.1195e-06,0.82379,121.73,-39.023,57.759,-0.13222,-1000000.0,-1222.0,-2077.3,0.0,0.0,12.384,50.734,11.712,0.0,-1643.11,0.1732,20.0
736,2025-01-06,0.0,0.01524,-11.125,-4.6,-8.06354166666667,0.01524,0.0,0.0019283,0.0,-9.1195e-06,0.83903,121.73,-39.021,57.759,-0.13223,-1000000.0,-1223.9,-2078.4,0.0,0.0,12.383,50.734,11.714,0.0,-1643.99,0.1732,20.0
737,2025-01-07,0.0,0.07112,-11.65,-0.85,-4.471875,0.07112,0.0,0.0019094,0.0,-9.1046e-06,0.91015,121.73,-39.019,57.759,-0.13223,-1000000.0,-1225.7,-2079.6,0.0,0.0,12.381,50.734,11.715,0.0,-1644.88,0.1732,20.0
738,2025-01-08,0.0374,0.10668,-0.35,3.4,1.278125,0.10668,0.0,0.0018929,0.0,-9.0897e-06,1.0168,121.73,-39.017,57.759,-0.13224,-1000000.0,-1227.3,-2080.8,0.0,0.0,12.379,50.734,11.717,0.0,-1645.76,0.1731,20.0
739,2025-01-09,0.0,0.06604,-3.7,1.125,-1.515625,0.06604,0.0,0.0018778,0.0,-9.0748e-06,1.0829,121.73,-39.015,57.759,-0.13225,-1000000.0,-1228.9,-2082.0,0.0,0.0,12.377,50.734,11.719,0.0,-1646.65,0.1731,20.0
740,2025-01-10,0.0,0.1905,-1.075,6.375,2.36354166666667,0.1905,0.0,0.0018639,0.0,-9.0599e-06,1.2734,121.73,-39.013,57.759,-0.13226,-1000000.0,-1230.5,-2083.1,0.0,0.0,12.375,50.734,11.721,0.0,-1647.54,0.1731,20.0
741,2025-01-11,0.0085,0.04572,-1.725,2.475,-0.375,0.04572,0.0,0.0018507,0.0,-9.045e-06,1.3191,121.73,-39.011,57.759,-0.13227,-1000000.0,-1232.0,-2084.3,0.0,0.0,12.373,50.734,11.723,0.0,-1648.44,0.1731,20.0
742,2025-01-12,0.1139,0.02286,-6.675,0.3,-2.18229166666667,0.02286,0.0,0.0018381,0.0,-9.045e-06,1.342,121.73,-39.01,57.759,-0.13228,-1000000.0,-1233.5,-2085.5,0.0,0.0,12.371,50.734,11.725,0.0,-1649.33,0.1731,20.0
743,2025-01-13,0.0,0.05588,-5.925,0.575,-2.31666666666667,0.05588,0.0,0.0018259,0.0,-9.0301e-06,1.3978,121.73,-39.008,57.759,-0.13229,-1000000.0,-1234.9,-2086.6,0.0,0.0,12.369,50.734,11.727,0.0,-1650.23,0.173,20.0
744,2025-01-14,0.0,0.10668,-4.7,2.175,-0.8375,0.10668,0.0,0.0018142,0.0,-9.0152e-06,1.5045,121.73,-39.006,57.759,-0.1323,-1000000.0,-1236.4,-2087.8,0.0,0.0,12.368,50.734,11.728,0.0,-1651.13,0.173,20.0
745,2025-01-15,0.0,0.127,1.125,5.75,3.30729166666667,0.127,0.0,0.0018034,0.0,-9.0003e-06,1.6315,121.73,-39.004,57.759,-0.13231,-1000000.0,-1237.8,-2089.0,0.0,0.0,12.366,50.734,11.73,0.0,-1652.04,0.173,20.0
746,2025-01-16,0.0,0.20574,-0.475,9.85,5.20208333333333,0.20574,0.0,0.0017936,0.0,-9.0003e-06,1.8373,121.73,-39.002,57.759,-0.13232,-1000000.0,-1239.1,-2090.1,0.0,0.0,12.364,50.734,11.732,0.0,-1652.94,0.173,20.0
747,2025-01-17,0.0102,0.04064,-13.675,-1.05,-8.821875,0.04064,0.0,0.0017843,0.0,-8.9854e-06,1.8779,121.73,-39.001,57.759,-0.13233,-1000000.0,-1240.5,-2091.3,0.0,0.0,12.362,50.734,11.734,0.0,-1653.85,0.173,20.0
748,2025-01-18,0.0,0.02032,-23.275,-11.45,-15.8322916666667,0.02032,0.0,0.0017754,0.0,-8.9705e-06,1.8982,121.73,-38.999,57.759,-0.13233,-1000000.0,-1241.8,-2092.4,0.0,0.0,12.36,50.734,11.736,0.0,-1654.76,0.1729,20.0
749,2025-01-19,0.0,0.01778,-25.5,-12.125,-19.7854166666667,0.01778,0.0,0.0017666,0.0,-8.9556e-06,1.916,121.73,-38.997,57.759,-0.13234,-1000000.0,-1243.2,-2093.6,0.0,0.0,12.359,50.734,11.737,0.0,-1655.67,0.1729,20.0
750,2025-01-20,0.0,0.05588,-25.125,-7.125,-15.5979166666667,0.05588,0.0,0.0017578,0.0,-8.9407e-06,1.9719,121.73,-38.995,57.759,-0.13235,-1000000.0,-1244.5,-2094.8,0.0,0.0,12.357,50.734,11.739,0.0,-1656.58,0.1729,20.0
751,2025-01-21,0.0,0.14986,-6.725,0.8,-3.21979166666667,0.14986,0.0,0.0017492,0.0,-8.9407e-06,2.1217,121.73,-38.993,57.759,-0.13236,-1000000.0,-1245.8,-2095.9,0.0,0.0,12.355,50.734,11.741,0.0,-1657.49,0.1729,20.0
752,2025-01-22,0.0,0.04572,-12.475,-1.4,-5.309375,0.04572,0.0,0.0017406,0.0,-8.9258e-06,2.1675,121.73,-38.992,57.759,-0.13237,-1000000.0,-1247.1,-2097.1,0.0,0.0,12.353,50.734,11.743,0.0,-1658.41,0.1729,20.0
753,2025-01-23,0.0,0.15494,-9.2,1.875,-2.871875,0.15494,0.0,0.001732,0.0,-8.9109e-06,2.3224,121.73,-38.99,57.759,-0.13238,-1000000.0,-1248.5,-2098.2,0.0,0.0,12.352,50.734,11.744,0.0,-1659.32,0.1728,20.0
754,2025-01-24,0.0663,0.02794,-8.5,-0.275,-4.25208333333333,0.02794,0.0,0.0017234,0.0,-8.896e-06,2.3503,121.73,-38.988,57.759,-0.13239,-1000000.0,-1249.8,-2099.4,0.0,0.0,12.35,50.734,11.746,0.0,-1660.24,0.1728,20.0
755,2025-01-25,0.0,0.03302,-14.9,-4.35,-9.99583333333333,0.03302,0.0,0.0017149,0.0,-8.896e-06,2.3834,121.73,-38.987,57.759,-0.1324,-1000000.0,-1251.1,-2100.5,0.0,0.0,12.348,50.734,11.748,0.0,-1661.16,0.1728,20.0
