,Date,Precip,ET_cm,MinTemp,MaxTemp,AvgTemp,rTop,rRoot,vTop,vRoot,vBot,sum(rTop),sum(rRoot),sum(vTop),sum(vRoot),sum(vBot),hTop,hRoot,hBot,RunOff,sum(RunOff),Volume,sum(Infil),sum(Evap),Cum(WTrans),h3,theta3,temp3,h7,theta7,temp7,h12,theta12,temp12,h22,theta22,temp22,h32,theta32,temp32,h47,theta47,temp47,h72,theta72,temp72,h92,theta92,temp92,h112,theta112,temp112
0,2023-01-01,0.0,0.07112,-6.275,4.775,-1.26458333333333,0.0,0.0,4.9267e-07,0.0,-1.4929,0.0,0.0,3.2717e-07,0.0,-1.6149,-47.592,-24.666,-18.123,0.0,0.0,62.967,0.0,3.2717e-07,0.0,-45.68,0.3932,20.0,-42.35,0.397,20.0,-38.9,0.4009,20.0,-33.72,0.407,20.0,-30.01,0.4114,20.0,-26.14,0.416,20.0,-22.21,0.4207,20.0,-20.29,0.424,20.0,-19.13,0.4301,20.0
1,2023-01-02,0.0,0.03556,-9.8,2.45,-4.71354166666667,0.03556,0.0,0.03556,0.0,-1.1414,0.03556,0.0,0.035561,0.0,-2.8412,-61.347,-32.596,-23.27,0.0,0.0,61.705,0.0,0.035561,0.0,-59.18,0.3791,20.0,-55.35,0.3831,20.0,-51.31,0.3873,20.0,-45.02,0.3941,20.0,-40.31,0.3994,20.0,-35.19,0.4053,20.0,-29.6,0.4119,20.0,-26.8,0.4167,20.0,-24.97,0.4255,20.0
2,2023-01-03,0.0,0.10668,-8.45,2.175,-3.865625,0.10668,0.0,0.10668,0.0,-0.90869,0.14224,0.0,0.14224,0.0,-3.8085,-75.9,-39.639,-28.344,0.0,0.0,60.631,0.0,0.14224,0.0,-72.85,0.3662,20.0,-67.69,0.3711,20.0,-62.43,0.376,20.0,-54.57,0.384,20.0,-48.85,0.39,20.0,-42.69,0.3968,20.0,-36.01,0.4044,20.0,-32.57,0.4103,20.0,-30.35,0.4212,20.0
3,2023-01-04,0.0,0.0762,-7.55,4.15,-2.59895833333333,0.0762,0.0,0.0762,0.0,-0.75187,0.21844,0.0,0.21844,0.0,-4.5964,-84.266,-45.559,-32.931,0.0,0.0,59.767,0.0,0.21844,0.0,-81.33,0.3591,20.0,-76.13,0.3633,20.0,-70.68,0.3684,20.0,-62.24,0.3763,20.0,-55.99,0.3825,20.0,-49.07,0.3897,20.0,-41.55,0.3981,20.0,-37.71,0.4046,20.0,-35.33,0.4174,20.0
4,2023-01-05,0.0,0.03302,-11.3,1.75,-4.66666666666667,0.03302,0.0,0.03302,0.0,-0.62824,0.25146,0.0,0.25146,0.0,-5.254,-88.173,-50.434,-37.055,0.0,0.0,59.076,0.0,0.25146,0.0,-85.74,0.3556,20.0,-81.25,0.3592,20.0,-76.28,0.3632,20.0,-68.13,0.3708,20.0,-61.76,0.3767,20.0,-54.56,0.384,20.0,-46.49,0.3925,20.0,-42.33,0.3998,20.0,-39.58,0.4141,20.0
5,2023-01-06,0.4267,0.04826,-2.2,4.325,1.20104166666667,0.04826,0.0,0.04826,0.0,-0.5484,0.29972,0.0,0.29972,0.0,-5.821,-94.798,-54.943,-40.864,0.0,0.0,58.461,0.0,0.29972,0.0,-92.02,0.3504,20.0,-87.11,0.3544,20.0,-81.85,0.3587,20.0,-73.36,0.3659,20.0,-66.8,0.372,20.0,-59.33,0.3791,20.0,-50.81,0.388,20.0,-46.49,0.3954,20.0,-43.64,0.4111,20.0
6,2023-01-07,0.0,0.127,-1.55,6.8,2.52291666666667,0.127,0.0,0.127,0.0,-0.47917,0.42672,0.0,0.42672,0.0,-6.3172,-110.76,-59.703,-44.459,0.0,0.0,57.838,0.0,0.42672,0.0,-105.86,0.3405,20.0,-97.86,0.346,20.0,-90.21,0.352,20.0,-79.48,0.3607,20.0,-71.94,0.3672,20.0,-63.77,0.3749,20.0,-54.84,0.3837,20.0,-50.17,0.3917,20.0,-47.24,0.4084,20.0
7,2023-01-08,0.0,0.18542,0.45,7.175,3.51770833333333,0.18542,0.0,0.18542,0.0,-0.42024,0.61214,0.0,0.61214,0.0,-6.7515,-133.11,-64.688,-47.552,0.0,0.0,57.218,0.0,0.61214,0.0,-124.55,0.3284,20.0,-111.77,0.3366,20.0,-100.84,0.344,20.0,-86.63,0.3549,20.0,-77.54,0.3622,20.0,-68.29,0.3706,20.0,-58.63,0.3798,20.0,-53.73,0.3882,20.0,-50.52,0.4061,20.0
8,2023-01-09,0.0,0.1778,-0.6,5.775,2.91770833333333,0.1778,0.0,0.1778,0.0,-0.38478,0.78994,0.0,0.78994,0.0,-7.1451,-150.13,-69.511,-50.633,0.0,0.0,56.647,0.0,0.78994,0.0,-139.67,0.3201,20.0,-124.25,0.3286,20.0,-110.82,0.3372,20.0,-93.9,0.3489,20.0,-83.32,0.3575,20.0,-72.86,0.3664,20.0,-62.23,0.3763,20.0,-57.13,0.3848,20.0,-53.77,0.4038,20.0
9,2023-01-10,0.0,0.09652,-7.15,7.1,0.789583333333333,0.09652,0.0,0.09652,0.0,-0.34999,0.88646,0.0,0.88646,0.0,-7.5037,-146.47,-73.35,-53.641,0.0,0.0,56.192,0.0,0.88646,0.0,-139.91,0.3201,20.0,-128.45,0.3263,20.0,-116.64,0.3333,20.0,-99.96,0.3446,20.0,-88.63,0.3532,20.0,-77.28,0.3624,20.0,-65.82,0.3729,20.0,-60.31,0.3817,20.0,-56.9,0.4017,20.0
10,2023-01-11,0.0017,0.04572,-7.9,3.25,-3.36770833333333,0.04572,0.0,0.04572,0.0,-0.31676,0.93218,0.0,0.93218,0.0,-7.8287,-140.32,-76.482,-56.511,0.0,0.0,55.821,0.0,0.93218,0.0,-136.27,0.3221,20.0,-128.34,0.3264,20.0,-119.11,0.3316,20.0,-104.2,0.3417,20.0,-93.08,0.3496,20.0,-81.37,0.3591,20.0,-69.29,0.3697,20.0,-63.4,0.379,20.0,-59.79,0.3996,20.0
11,2023-01-12,0.0,0.19304,-2.55,7.25,3.34895833333333,0.19304,0.0,0.19304,0.0,-0.28655,1.1252,0.0,1.1252,0.0,-8.1226,-182.01,-81.1,-59.144,0.0,0.0,55.334,0.0,1.1252,0.0,-165.9,0.3072,20.0,-144.66,0.3173,20.0,-128.73,0.3261,20.0,-109.48,0.3382,20.0,-97.44,0.3463,20.0,-85.17,0.356,20.0,-72.59,0.3666,20.0,-66.42,0.3764,20.0,-62.53,0.3979,20.0
12,2023-01-13,0.0,0.23114,5.425,10.05,7.59479166666667,0.23114,0.0,0.23114,0.0,-0.26593,1.3564,0.0,1.3564,0.0,-8.3927,-235.6,-86.297,-61.662,0.0,0.0,54.833,0.0,1.3564,0.0,-202.21,0.2923,20.0,-165.89,0.3072,20.0,-141.66,0.319,20.0,-116.47,0.3334,20.0,-102.41,0.343,20.0,-88.98,0.3529,20.0,-75.71,0.3637,20.0,-69.35,0.3738,20.0,-65.27,0.3962,20.0
13,2023-01-14,0.0,0.17272,0.625,9.625,5.56979166666667,0.17272,0.0,0.17272,0.0,-0.24922,1.5291,0.0,1.5291,0.0,-8.6461,-248.18,-90.734,-64.203,0.0,0.0,54.407,0.0,1.5291,0.0,-217.3,0.2872,20.0,-179.61,0.3012,20.0,-152.76,0.3129,20.0,-123.79,0.3289,20.0,-107.65,0.3394,20.0,-92.89,0.3498,20.0,-78.78,0.3612,20.0,-72.19,0.3713,20.0,-67.98,0.3945,20.0
14,2023-01-15,0.0,0.03302,-0.75,4.825,1.30833333333333,0.03302,0.0,0.03302,0.0,-0.23276,1.5621,0.0,1.5621,0.0,-8.883,-195.21,-93.034,-66.715,0.0,0.0,54.137,0.0,1.5621,0.0,-188.75,0.2972,20.0,-173.75,0.3037,20.0,-155.72,0.3116,20.0,-129.33,0.3258,20.0,-112.51,0.3361,20.0,-96.79,0.3468,20.0,-81.81,0.3588,20.0,-74.91,0.3689,20.0,-70.62,0.3929,20.0
15,2023-01-16,0.068,0.02032,-1.675,3.35,0.201041666666667,0.02032,0.0,0.02032,0.0,-0.21668,1.5824,0.0,1.5824,0.0,-9.1036,-180.97,-95.195,-69.164,0.0,0.0,53.896,0.0,1.5824,0.0,-176.87,0.3025,20.0,-167.33,0.3066,20.0,-154.58,0.3121,20.0,-132.54,0.324,20.0,-116.46,0.3334,20.0,-100.44,0.3443,20.0,-84.79,0.3563,20.0,-77.53,0.3668,20.0,-73.16,0.3913,20.0
16,2023-01-17,0.0323,0.04318,-2.025,4.625,0.527083333333333,0.04318,0.0,0.04318,0.0,-0.2012,1.6256,0.0,1.6256,0.0,-9.3087,-182.69,-97.61,-71.524,0.0,0.0,53.647,0.0,1.6256,0.0,-176.99,0.3023,20.0,-166.56,0.3069,20.0,-154.67,0.3121,20.0,-134.8,0.3228,20.0,-119.66,0.3312,20.0,-103.73,0.3421,20.0,-87.67,0.354,20.0,-80.12,0.3648,20.0,-75.54,0.3898,20.0
17,2023-01-18,0.0,0.16002,-3.125,5.925,0.075,0.16002,0.0,0.16002,0.0,-0.1866,1.7856,0.0,1.7856,0.0,-9.4989,-237.9,-101.67,-73.759,0.0,0.0,53.297,0.0,1.7856,0.0,-212.8,0.2887,20.0,-183.07,0.2997,20.0,-162.5,0.3087,20.0,-138.19,0.3209,20.0,-122.75,0.3294,20.0,-106.74,0.34,20.0,-90.43,0.3518,20.0,-82.65,0.3629,20.0,-77.84,0.3886,20.0
18,2023-01-19,0.0,0.10668,-1.75,4.525,0.377083333333333,0.10668,0.0,0.10668,0.0,-0.17356,1.8923,0.0,1.8923,0.0,-9.6755,-240.27,-104.92,-75.828,0.0,0.0,53.014,0.0,1.8923,0.0,-220.77,0.2861,20.0,-192.77,0.2955,20.0,-170.05,0.3053,20.0,-142.69,0.3184,20.0,-126.19,0.3275,20.0,-109.64,0.338,20.0,-93.05,0.3496,20.0,-85.1,0.361,20.0,-80.13,0.3873,20.0
19,2023-01-20,0.0,0.127,-3.55,4.375,-1.03020833333333,0.127,0.0,0.127,0.0,-0.16595,2.0193,0.0,2.0193,0.0,-9.8433,-268.99,-108.51,-78.003,0.0,0.0,52.719,0.0,2.0193,0.0,-239.88,0.2795,20.0,-204.5,0.2915,20.0,-177.7,0.302,20.0,-147.48,0.3158,20.0,-129.8,0.3255,20.0,-112.55,0.3361,20.0,-95.57,0.3476,20.0,-87.49,0.3592,20.0,-82.39,0.3861,20.0
20,2023-01-21,0.0,0.18288,-3.325,5.875,0.444791666666667,0.18288,0.0,0.18288,0.0,-0.15849,2.2022,0.0,2.2022,0.0,-10.004,-363.64,-113.26,-80.132,0.0,0.0,52.376,0.0,2.2022,0.0,-288.66,0.2667,20.0,-225.22,0.2845,20.0,-188.65,0.2973,20.0,-153.03,0.3128,20.0,-133.62,0.3234,20.0,-115.5,0.3341,20.0,-98.03,0.3459,20.0,-89.8,0.3574,20.0,-84.62,0.3849,20.0
21,2023-01-22,0.0,0.07874,-3.65,2.35,-0.75,0.07874,0.0,0.07874,0.0,-0.15117,2.2809,0.0,2.2809,0.0,-10.157,-302.06,-115.91,-82.225,0.0,0.0,52.144,0.0,2.2809,0.0,-273.85,0.2706,20.0,-230.73,0.2826,20.0,-196.63,0.2942,20.0,-158.63,0.3104,20.0,-137.57,0.3212,20.0,-118.51,0.332,20.0,-100.45,0.3443,20.0,-92.06,0.3557,20.0,-86.8,0.3837,20.0
22,2023-01-23,0.0,0.0889,-6.85,0.225,-3.28854166666667,0.0889,0.0,0.0889,0.0,-0.14398,2.3698,0.0,2.3698,0.0,-10.302,-307.98,-118.77,-84.275,0.0,0.0,51.909,0.0,2.3698,0.0,-277.2,0.2698,20.0,-235.04,0.2812,20.0,-201.99,0.2924,20.0,-163.46,0.3082,20.0,-141.42,0.3191,20.0,-121.55,0.3301,20.0,-102.84,0.3427,20.0,-94.24,0.354,20.0,-88.93,0.3826,20.0
23,2023-01-24,0.0,0.08382,-4.75,1.95,-1.86666666666667,0.08382,0.0,0.08382,0.0,-0.13696,2.4536,0.0,2.4536,0.0,-10.441,-311.38,-121.54,-86.28,0.0,0.0,51.687,0.0,2.4536,0.0,-281.14,0.2687,20.0,-239.66,0.2796,20.0,-206.73,0.2908,20.0,-167.76,0.3064,20.0,-145.09,0.3171,20.0,-124.54,0.3284,20.0,-105.2,0.3411,20.0,-96.36,0.3525,20.0,-91.01,0.3814,20.0
24,2023-01-25,0.0,0.06096,-5.5,2.5,-1.25833333333333,0.06096,0.0,0.06096,0.0,-0.13011,2.5146,0.0,2.5146,0.0,-10.573,-296.16,-123.82,-88.234,0.0,0.0,51.494,0.0,2.5146,0.0,-275.13,0.2703,20.0,-240.66,0.2793,20.0,-210.07,0.2896,20.0,-171.56,0.3047,20.0,-148.57,0.3152,20.0,-127.45,0.3268,20.0,-107.54,0.3395,20.0,-98.47,0.3512,20.0,-93.02,0.3804,20.0
25,2023-01-26,0.0,0.1524,0.9,9.6,4.30729166666667,0.1524,0.0,0.1524,0.0,-0.12347,2.667,0.0,2.667,0.0,-10.698,-421.17,-128.17,-90.135,0.0,0.0,51.217,0.0,2.667,0.0,-331.42,0.2574,20.0,-258.65,0.2745,20.0,-217.28,0.2872,20.0,-175.47,0.303,20.0,-151.95,0.3133,20.0,-130.25,0.3253,20.0,-109.83,0.3379,20.0,-100.55,0.3498,20.0,-94.96,0.3793,20.0
26,2023-01-27,0.0612,0.04572,-7.375,2.725,-0.671875,0.04572,0.0,0.04572,0.0,-0.11705,2.7127,0.0,2.7127,0.0,-10.817,-327.5,-130.0,-91.969,0.0,0.0,51.052,0.0,2.7127,0.0,-303.39,0.263,20.0,-260.81,0.274,20.0,-222.87,0.2853,20.0,-179.63,0.3012,20.0,-155.37,0.3118,20.0,-132.98,0.3238,20.0,-112.09,0.3364,20.0,-102.6,0.3485,20.0,-96.83,0.3784,20.0
27,2023-01-28,0.0,0.03429,-26.525,-10.1,-16.7625,0.03429,0.0,0.03429,0.0,-0.11089,2.747,0.0,2.747,0.0,-10.929,-300.04,-131.59,-93.725,0.0,0.0,50.906,0.0,2.747,0.0,-285.32,0.2677,20.0,-255.82,0.2753,20.0,-224.36,0.2848,20.0,-183.13,0.2996,20.0,-158.61,0.3104,20.0,-135.65,0.3223,20.0,-114.3,0.3349,20.0,-104.61,0.3472,20.0,-98.68,0.3776,20.0
28,2023-01-29,0.0,0.02286,-26.575,-13.4,-20.9833333333333,0.02286,0.0,0.02286,0.0,-0.10505,2.7699,0.0,2.7699,0.0,-11.036,-279.26,-132.96,-95.395,0.0,0.0,50.776,0.0,2.7699,0.0,-270.0,0.2717,20.0,-248.94,0.277,20.0,-223.63,0.285,20.0,-185.78,0.2985,20.0,-161.54,0.3091,20.0,-138.23,0.3209,20.0,-116.48,0.3334,20.0,-106.59,0.346,20.0,-100.53,0.3767,20.0
29,2023-01-30,0.0,0.05588,-17.725,-10.475,-13.7489583333333,0.05588,0.0,0.05588,0.0,-0.10174,2.8257,0.0,2.8258,0.0,-11.138,-296.57,-135.09,-97.207,0.0,0.0,50.618,0.0,2.8258,0.0,-277.94,0.2695,20.0,-250.25,0.2767,20.0,-224.21,0.2849,20.0,-187.94,0.2975,20.0,-164.15,0.3079,20.0,-140.7,0.3195,20.0,-118.61,0.332,20.0,-108.54,0.3447,20.0,-102.37,0.3759,20.0
30,2023-01-31,0.0,0.10414,-11.325,-2.0,-5.24375,0.10414,0.0,0.10414,0.0,-0.098626,2.9299,0.0,2.9299,0.0,-11.238,-361.71,-138.36,-98.97,0.0,0.0,50.414,0.0,2.9299,0.0,-313.42,0.2609,20.0,-263.21,0.2734,20.0,-228.95,0.2832,20.0,-190.44,0.2964,20.0,-166.58,0.3069,20.0,-143.07,0.3182,20.0,-120.7,0.3306,20.0,-110.46,0.3435,20.0,-104.2,0.3751,20.0
31,2023-02-01,0.0,0.11176,-10.6,2.05,-2.04270833333333,0.11176,0.0,0.11176,0.0,-0.095556,3.0416,0.0,3.0417,0.0,-11.334,-426.13,-141.92,-100.7,0.0,0.0,50.206,0.0,3.0417,0.0,-349.4,0.2539,20.0,-279.17,0.2692,20.0,-236.78,0.2806,20.0,-193.85,0.2952,20.0,-169.1,0.3058,20.0,-145.36,0.3169,20.0,-122.75,0.3294,20.0,-112.36,0.3423,20.0,-106.0,0.3743,20.0
32,2023-02-02,0.0,0.14478,-11.025,5.375,-3.49479166666667,0.14478,0.0,0.14478,0.0,-0.09253,3.1864,0.0,3.1864,0.0,-11.427,-617.26,-146.6,-102.42,0.0,0.0,49.968,0.0,3.1864,0.0,-415.93,0.2426,20.0,-301.81,0.2634,20.0,-247.32,0.2775,20.0,-198.04,0.2937,20.0,-171.83,0.3046,20.0,-147.64,0.3157,20.0,-124.75,0.3283,20.0,-114.21,0.3411,20.0,-107.79,0.3735,20.0
33,2023-02-03,0.0,0.26162,1.3,9.05,4.34583333333333,0.26162,0.0,0.26162,0.0,-0.089547,3.448,0.0,3.4481,0.0,-11.517,-5818.4,-158.08,-104.1,0.0,0.0,49.616,0.0,3.4481,0.0,-663.27,0.2152,20.0,-342.22,0.2553,20.0,-261.86,0.2737,20.0,-203.09,0.292,20.0,-174.84,0.3033,20.0,-149.95,0.3144,20.0,-126.7,0.3272,20.0,-116.04,0.3399,20.0,-109.55,0.3727,20.0
34,2023-02-04,0.0,0.19304,0.95,8.0,3.925,0.19304,0.0,0.19304,0.0,-0.086603,3.6411,0.0,3.6411,0.0,-11.605,-27556.0,-172.12,-105.77,0.0,0.0,49.335,0.0,3.6411,0.0,-924.18,0.1981,20.0,-381.53,0.2477,20.0,-277.78,0.2696,20.0,-208.9,0.29,20.0,-178.15,0.3018,20.0,-152.34,0.3131,20.0,-128.63,0.3262,20.0,-117.83,0.3388,20.0,-111.28,0.3719,20.0
35,2023-02-05,0.0,0.20066,-0.15,7.975,3.771875,0.20066,0.0,0.17183,0.0,-0.083705,3.8417,0.0,3.8407,0.0,-11.69,-1000000.0,-217.4,-107.41,0.0,0.0,49.051,0.0,3.8407,0.0,-1490.76,0.177,20.0,-421.26,0.2418,20.0,-293.37,0.2656,20.0,-215.08,0.288,20.0,-181.78,0.3002,20.0,-154.82,0.312,20.0,-130.54,0.3251,20.0,-119.6,0.3376,20.0,-112.98,0.3711,20.0
36,2023-02-06,0.0,0.1524,1.15,9.25,4.25833333333333,0.1524,0.0,0.11581,0.0,-0.080853,3.9941,0.0,3.9672,0.0,-11.772,-1000000.0,-232.28,-109.02,0.0,0.0,48.842,0.0,3.9672,0.0,-1742.45,0.171,20.0,-455.86,0.2368,20.0,-308.54,0.2619,20.0,-221.35,0.2858,20.0,-185.62,0.2986,20.0,-157.36,0.3109,20.0,-132.43,0.3241,20.0,-121.34,0.3366,20.0,-114.66,0.3703,20.0
37,2023-02-07,0.0,0.21336,2.65,5.475,3.925,0.21336,0.0,0.099897,0.0,-0.078057,4.2075,0.0,4.0714,0.0,-11.851,-1000000.0,-239.91,-110.6,0.0,0.0,48.659,0.0,4.0714,0.0,-1848.12,0.1688,20.0,-480.11,0.2334,20.0,-321.63,0.2593,20.0,-227.47,0.2838,20.0,-189.6,0.2968,20.0,-159.96,0.3098,20.0,-134.32,0.323,20.0,-123.06,0.3357,20.0,-116.3,0.3696,20.0
38,2023-02-08,0.0,0.10414,-5.125,2.65,-0.553125,0.10414,0.0,0.092662,0.0,-0.075311,4.3116,0.0,4.1649,0.0,-11.927,-1000000.0,-245.53,-112.16,0.0,0.0,48.489,0.0,4.1649,0.0,-1911.58,0.1674,20.0,-498.63,0.2312,20.0,-332.81,0.2572,20.0,-233.38,0.2817,20.0,-193.65,0.2952,20.0,-162.59,0.3086,20.0,-136.21,0.322,20.0,-124.77,0.3348,20.0,-117.92,0.3689,20.0
39,2023-02-09,0.0,0.23622,-5.925,7.525,-0.103125,0.23622,0.0,0.084328,0.0,-0.072608,4.5479,0.0,4.251,0.0,-12.001,-1000000.0,-249.93,-113.69,0.0,0.0,48.329,0.0,4.251,0.0,-1944.09,0.1667,20.0,-513.92,0.2295,20.0,-342.41,0.2553,20.0,-239.08,0.2798,20.0,-197.61,0.2939,20.0,-165.22,0.3075,20.0,-138.11,0.3209,20.0,-126.46,0.3339,20.0,-119.51,0.3681,20.0
40,2023-02-10,0.0,0.27178,-0.15,9.575,3.875,0.27178,0.0,0.081346,0.0,-0.069958,4.8196,0.0,4.3327,0.0,-12.072,-1000000.0,-254.9,-115.18,0.0,0.0,48.176,0.0,4.3327,0.0,-1991.74,0.1659,20.0,-526.83,0.2282,20.0,-351.06,0.2536,20.0,-244.55,0.2782,20.0,-201.44,0.2926,20.0,-167.84,0.3063,20.0,-140.0,0.3199,20.0,-128.14,0.3331,20.0,-121.06,0.3675,20.0
41,2023-02-11,0.0,0.1778,-3.175,9.05,2.13854166666667,0.1778,0.0,0.075494,0.0,-0.067363,4.9974,0.0,4.4097,0.0,-12.141,-1000000.0,-258.33,-116.65,0.0,0.0,48.031,0.0,4.4097,0.0,-2040.76,0.1651,20.0,-539.34,0.2269,20.0,-358.74,0.2521,20.0,-249.72,0.2768,20.0,-205.11,0.2913,20.0,-170.44,0.3052,20.0,-141.89,0.3189,20.0,-129.81,0.3322,20.0,-122.6,0.3669,20.0
42,2023-02-12,0.0,0.3175,0.0,10.275,4.60729166666667,0.3175,0.0,0.073254,0.0,-0.064827,5.3149,0.0,4.4839,0.0,-12.206,-1000000.0,-262.94,-118.08,0.0,0.0,47.891,0.0,4.4839,0.0,-2095.41,0.1643,20.0,-552.18,0.2255,20.0,-365.99,0.2507,20.0,-254.51,0.2756,20.0,-208.65,0.2901,20.0,-173.0,0.3041,20.0,-143.79,0.3178,20.0,-131.47,0.3313,20.0,-124.12,0.3664,20.0
43,2023-02-13,0.0,0.23622,-3.6,11.0,5.3125,0.23622,0.0,0.068209,0.0,-0.06236,5.5512,0.0,4.5535,0.0,-12.27,-1000000.0,-265.66,-119.48,0.0,0.0,47.758,0.0,4.5535,0.0,-2119.25,0.164,20.0,-563.8,0.2243,20.0,-373.36,0.2493,20.0,-259.05,0.2744,20.0,-212.03,0.289,20.0,-175.52,0.303,20.0,-145.68,0.3168,20.0,-133.12,0.3305,20.0,-125.64,0.3658,20.0
44,2023-02-14,0.0,0.06604,-12.475,-2.3,-6.496875,0.06604,0.0,0.06604,0.0,-0.060261,5.6172,0.0,4.6196,0.0,-12.33,-770710.0,-266.2,-120.92,0.0,0.0,47.631,0.0,4.6196,0.0,-2126.99,0.1638,20.0,-574.57,0.2231,20.0,-380.27,0.248,20.0,-263.36,0.2733,20.0,-215.3,0.2879,20.0,-178.0,0.3019,20.0,-147.55,0.3157,20.0,-134.76,0.3296,20.0,-127.16,0.3652,20.0
45,2023-02-15,0.0,0.13208,-14.3,2.1,-5.7875,0.13208,0.0,0.065581,0.0,-0.058963,5.7493,0.0,4.6881,0.0,-12.39,-1000000.0,-273.42,-122.44,0.0,0.0,47.503,0.0,4.6881,0.0,-2193.52,0.1628,20.0,-585.32,0.222,20.0,-386.98,0.2467,20.0,-267.56,0.2722,20.0,-218.5,0.2868,20.0,-180.46,0.3008,20.0,-149.43,0.3147,20.0,-136.39,0.3288,20.0,-128.68,0.3647,20.0
46,2023-02-16,0.0,0.28702,-5.2,6.725,0.197916666666667,0.28702,0.0,0.063253,0.0,-0.057716,6.0363,0.0,4.752,0.0,-12.448,-1000000.0,-277.1,-123.91,0.0,0.0,47.381,0.0,4.752,0.0,-2230.04,0.1622,20.0,-595.34,0.2209,20.0,-393.33,0.2458,20.0,-271.56,0.2712,20.0,-221.6,0.2857,20.0,-182.88,0.2998,20.0,-151.3,0.3137,20.0,-138.01,0.3279,20.0,-130.2,0.3641,20.0
47,2023-02-17,0.0,0.2413,-0.925,5.3,2.2,0.2413,0.0,0.061088,0.0,-0.056485,6.2776,0.0,4.8136,0.0,-12.505,-1000000.0,-280.75,-125.36,0.0,0.0,47.263,0.0,4.8136,0.0,-2264.76,0.1617,20.0,-604.36,0.22,20.0,-399.37,0.245,20.0,-275.44,0.2702,20.0,-224.63,0.2847,20.0,-185.27,0.2987,20.0,-153.17,0.3128,20.0,-139.62,0.3271,20.0,-131.71,0.3636,20.0
48,2023-02-18,0.0,0.14478,-3.05,4.35,1.14583333333333,0.14478,0.0,0.058903,0.0,-0.055267,6.4224,0.0,4.8731,0.0,-12.56,-1000000.0,-284.22,-126.8,0.0,0.0,47.148,0.0,4.8731,0.0,-2295.74,0.1612,20.0,-612.4,0.2191,20.0,-405.24,0.2441,20.0,-279.17,0.2692,20.0,-227.59,0.2837,20.0,-187.63,0.2977,20.0,-155.01,0.312,20.0,-141.23,0.3263,20.0,-133.22,0.363,20.0
49,2023-02-19,0.0,0.1651,-3.45,5.3,1.653125,0.1651,0.0,0.056943,0.0,-0.054059,6.5875,0.0,4.9307,0.0,-12.615,-1000000.0,-287.46,-128.22,0.0,0.0,47.036,0.0,4.9307,0.0,-2322.21,0.1608,20.0,-620.48,0.2185,20.0,-410.88,0.2433,20.0,-282.82,0.2683,20.0,-230.5,0.2827,20.0,-189.98,0.2966,20.0,-156.83,0.3112,20.0,-142.82,0.3254,20.0,-134.71,0.3625,20.0
50,2023-02-20,0.2329,0.0762,-5.65,2.625,-1.78541666666667,0.0762,0.0,0.05588,0.0,-0.052863,6.6637,0.0,4.9868,0.0,-12.668,-1000000.0,-290.61,-129.63,0.0,0.0,46.926,0.0,4.9868,0.0,-2349.79,0.1603,20.0,-628.17,0.2179,20.0,-416.22,0.2425,20.0,-286.39,0.2674,20.0,-233.36,0.2817,20.0,-192.32,0.2957,20.0,-158.62,0.3104,20.0,-144.4,0.3246,20.0,-136.2,0.3619,20.0
51,2023-02-21,0.1766,0.06604,-20.5,3.6,-12.6583333333333,0.06604,0.0,0.055,0.0,-0.051677,6.7297,0.0,5.0418,0.0,-12.72,-1000000.0,-294.9,-131.03,0.0,0.0,46.819,0.0,5.0418,0.0,-2381.0,0.1599,20.0,-635.67,0.2173,20.0,-421.37,0.2418,20.0,-289.88,0.2665,20.0,-236.21,0.2808,20.0,-194.63,0.2949,20.0,-160.39,0.3096,20.0,-145.98,0.3238,20.0,-137.67,0.3614,20.0
52,2023-02-22,0.0,0.02286,-24.1,-20.225,-22.0552083333333,0.02286,0.0,0.02286,0.0,-0.050501,6.7526,0.0,5.0646,0.0,-12.771,-77340.0,-258.26,-132.42,0.0,0.0,46.746,0.0,5.0646,0.0,-1989.6,0.166,20.0,-639.94,0.2169,20.0,-426.12,0.2411,20.0,-293.33,0.2656,20.0,-239.03,0.2798,20.0,-196.89,0.2941,20.0,-162.14,0.3088,20.0,-147.54,0.323,20.0,-139.13,0.3608,20.0
53,2023-02-23,0.0,0.01778,-30.2,-21.85,-25.696875,0.01778,0.0,0.01778,0.0,-0.049335,6.7704,0.0,5.0824,0.0,-12.82,-18247.0,-242.38,-133.79,0.0,0.0,46.678,0.0,5.0824,0.0,-1684.15,0.1723,20.0,-641.03,0.2169,20.0,-430.37,0.2405,20.0,-296.66,0.2647,20.0,-241.81,0.2789,20.0,-199.1,0.2934,20.0,-163.87,0.3081,20.0,-149.09,0.3222,20.0,-140.58,0.3603,20.0
54,2023-02-24,0.0,0.05588,-31.7,-6.875,-19.3125,0.05588,0.0,0.05588,0.0,-0.04818,6.8262,0.0,5.1383,0.0,-12.869,-54655.0,-248.51,-135.15,0.0,0.0,46.574,0.0,5.1383,0.0,-1686.16,0.1723,20.0,-641.04,0.2169,20.0,-434.1,0.24,20.0,-300.0,0.2638,20.0,-244.58,0.2782,20.0,-201.27,0.2926,20.0,-165.58,0.3073,20.0,-150.64,0.3214,20.0,-142.02,0.3598,20.0
55,2023-02-25,0.0,0.18542,-6.2,2.425,-1.37083333333333,0.18542,0.0,0.058998,0.0,-0.047035,7.0117,0.0,5.2322,0.0,-12.916,-1000000.0,-298.49,-136.5,0.0,0.0,46.432,0.0,5.2322,0.0,-2300.12,0.1611,20.0,-649.17,0.2162,20.0,-437.88,0.2394,20.0,-303.23,0.263,20.0,-247.28,0.2775,20.0,-203.4,0.2919,20.0,-167.27,0.3066,20.0,-152.19,0.3206,20.0,-143.45,0.3592,20.0
56,2023-02-26,0.0017,0.20066,-2.4,8.75,2.865625,0.20066,0.0,0.051157,0.0,-0.045903,7.2123,0.0,5.2862,0.0,-12.963,-1000000.0,-304.86,-137.84,0.0,0.0,46.332,0.0,5.2862,0.0,-2406.2,0.1594,20.0,-659.79,0.2154,20.0,-442.36,0.2388,20.0,-306.41,0.2623,20.0,-249.88,0.2768,20.0,-205.49,0.2912,20.0,-168.94,0.3059,20.0,-153.72,0.3199,20.0,-144.87,0.3587,20.0
57,2023-02-27,0.0,0.14732,-5.2,2.4,-1.959375,0.14732,0.0,0.048289,0.0,-0.044782,7.3596,0.0,5.336,0.0,-13.008,-1000000.0,-308.39,-139.16,0.0,0.0,46.237,0.0,5.336,0.0,-2442.15,0.1589,20.0,-668.54,0.2147,20.0,-446.98,0.2381,20.0,-309.55,0.2617,20.0,-252.44,0.2761,20.0,-207.54,0.2905,20.0,-170.58,0.3051,20.0,-155.23,0.3193,20.0,-146.27,0.3582,20.0
58,2023-02-28,0.0,0.05588,-10.8,-1.925,-6.0875,0.05588,0.0,0.046556,0.0,-0.043672,7.4155,0.0,5.3841,0.0,-13.052,-1000000.0,-312.74,-140.47,0.0,0.0,46.145,0.0,5.3841,0.0,-2467.59,0.1585,20.0,-676.63,0.2141,20.0,-451.42,0.2375,20.0,-312.68,0.261,20.0,-254.93,0.2755,20.0,-209.55,0.2898,20.0,-172.21,0.3044,20.0,-156.74,0.3187,20.0,-147.67,0.3577,20.0
59,2023-03-01,0.0,0.12446,-7.5,3.1,-4.06354166666667,0.12446,0.0,0.045936,0.0,-0.042574,7.54,0.0,5.4299,0.0,-13.095,-1000000.0,-2170.4,-141.76,0.0,0.0,46.056,0.0,5.4299,0.0,-2489.61,0.1583,20.0,-683.99,0.2135,20.0,-455.61,0.2369,20.0,-315.76,0.2605,20.0,-257.37,0.2749,20.0,-211.52,0.2892,20.0,-173.83,0.3037,20.0,-158.22,0.3181,20.0,-149.05,0.3572,20.0
60,2023-03-02,0.0,0.21844,-4.325,5.875,-0.128125,0.21844,0.0,0.045058,0.0,-0.041489,7.7584,0.0,5.4752,0.0,-13.136,-1000000.0,-2188.0,-143.04,0.0,0.0,45.969,0.0,5.4752,0.0,-2519.64,0.1579,20.0,-691.18,0.213,20.0,-459.86,0.2363,20.0,-318.74,0.2599,20.0,-259.77,0.2742,20.0,-213.47,0.2885,20.0,-175.42,0.303,20.0,-159.68,0.3175,20.0,-150.41,0.3567,20.0
61,2023-03-03,0.0,0.15494,-7.55,2.625,-2.89895833333333,0.15494,0.0,0.044474,0.0,-0.040414,7.9134,0.0,5.5198,0.0,-13.177,-1000000.0,-2206.6,-144.31,0.0,0.0,45.884,0.0,5.5198,0.0,-2547.52,0.1576,20.0,-698.49,0.2124,20.0,-464.4,0.2356,20.0,-321.68,0.2593,20.0,-262.12,0.2736,20.0,-215.39,0.2878,20.0,-177.0,0.3023,20.0,-161.12,0.3169,20.0,-151.76,0.3562,20.0
62,2023-03-04,0.0,0.17526,-6.95,4.125,-2.67395833333333,0.17526,0.0,0.043905,0.0,-0.039353,8.0886,0.0,5.5639,0.0,-13.217,-1000000.0,-2225.9,-145.56,0.0,0.0,45.8,0.0,5.5639,0.0,-2575.2,0.1573,20.0,-705.82,0.2119,20.0,-468.92,0.235,20.0,-324.61,0.2587,20.0,-264.45,0.273,20.0,-217.28,0.2872,20.0,-178.56,0.3016,20.0,-162.55,0.3163,20.0,-153.09,0.3558,20.0
63,2023-03-05,0.0,0.03556,-12.225,-8.175,-10.2854166666667,0.03556,0.0,0.03556,0.0,-0.038306,8.1242,0.0,5.5994,0.0,-13.255,-481410.0,-1991.7,-146.79,0.0,0.0,45.726,0.0,5.5994,0.0,-2451.61,0.1587,20.0,-711.9,0.2114,20.0,-473.34,0.2343,20.0,-327.48,0.2582,20.0,-266.74,0.2724,20.0,-219.16,0.2866,20.0,-180.11,0.301,20.0,-163.96,0.3157,20.0,-154.42,0.3554,20.0
64,2023-03-06,0.2465,0.0508,-14.925,-5.4,-11.0927083333333,0.0508,0.0,0.043425,0.0,-0.03727,8.175,0.0,5.6469,0.0,-13.293,-1000000.0,-2228.6,-148.02,0.0,0.0,45.64,0.0,5.6469,0.0,-2578.43,0.1572,20.0,-718.09,0.2109,20.0,-477.59,0.2337,20.0,-330.33,0.2576,20.0,-269.0,0.2719,20.0,-221.01,0.2859,20.0,-181.65,0.3003,20.0,-165.36,0.3151,20.0,-155.74,0.355,20.0
65,2023-03-07,0.0,0.06096,-19.125,-4.15,-11.20625,0.06096,0.0,0.042307,0.0,-0.036246,8.2359,0.0,5.6894,0.0,-13.33,-1000000.0,-2257.1,-149.22,0.0,0.0,45.561,0.0,5.6894,0.0,-2622.61,0.1568,20.0,-725.21,0.2104,20.0,-481.78,0.2331,20.0,-333.09,0.2571,20.0,-271.24,0.2713,20.0,-222.84,0.2853,20.0,-183.18,0.2996,20.0,-166.75,0.3146,20.0,-157.05,0.3546,20.0
66,2023-03-08,0.0,0.04318,-15.45,-9.15,-11.471875,0.04318,0.0,0.041753,0.0,-0.035234,8.2791,0.0,5.7313,0.0,-13.365,-1000000.0,-2286.3,-150.42,0.0,0.0,45.484,0.0,5.7313,0.0,-2661.57,0.1563,20.0,-732.54,0.2098,20.0,-485.95,0.2325,20.0,-335.83,0.2566,20.0,-273.44,0.2707,20.0,-224.66,0.2847,20.0,-184.69,0.299,20.0,-168.12,0.314,20.0,-158.35,0.3542,20.0
67,2023-03-09,0.0,0.0635,-16.5,-6.2,-11.7177083333333,0.0635,0.0,0.04078,0.0,-0.034225,8.3426,0.0,5.7723,0.0,-13.4,-1000000.0,-2308.8,-151.61,0.0,0.0,45.408,0.0,5.7723,0.0,-2694.6,0.1559,20.0,-739.77,0.2092,20.0,-490.27,0.232,20.0,-338.55,0.256,20.0,-275.62,0.2701,20.0,-226.46,0.2841,20.0,-186.2,0.2983,20.0,-169.47,0.3134,20.0,-159.63,0.3539,20.0
68,2023-03-10,0.1277,0.02794,-14.65,-9.0,-12.1697916666667,0.02794,0.0,0.02794,0.0,-0.033529,8.3706,0.0,5.8003,0.0,-13.433,-305700.0,-1952.1,-152.94,0.0,0.0,45.347,0.0,5.8003,0.0,-2483.66,0.1583,20.0,-745.09,0.2088,20.0,-494.37,0.2316,20.0,-341.2,0.2555,20.0,-277.77,0.2696,20.0,-228.25,0.2835,20.0,-187.7,0.2976,20.0,-170.82,0.3129,20.0,-160.92,0.3535,20.0
69,2023-03-11,0.0,0.0508,-18.95,-5.075,-11.6197916666667,0.0508,0.0,0.042918,0.0,-0.033014,8.4214,0.0,5.8477,0.0,-13.466,-1000000.0,-2283.5,-154.27,0.0,0.0,45.266,0.0,5.8477,0.0,-2649.29,0.1564,20.0,-749.73,0.2085,20.0,-498.21,0.2312,20.0,-343.83,0.255,20.0,-279.91,0.269,20.0,-230.03,0.2829,20.0,-189.2,0.297,20.0,-172.16,0.3123,20.0,-162.2,0.3531,20.0
70,2023-03-12,0.0,0.06604,-17.675,-5.65,-12.5358695652174,0.06604,0.0,0.039304,0.0,-0.032512,8.4874,0.0,5.8882,0.0,-13.499,-1000000.0,-2336.9,-155.56,0.0,0.0,45.193,0.0,5.8882,0.0,-2734.23,0.1555,20.0,-756.39,0.2079,20.0,-502.01,0.2308,20.0,-346.45,0.2545,20.0,-282.03,0.2685,20.0,-231.79,0.2823,20.0,-190.68,0.2963,20.0,-173.48,0.3118,20.0,-163.47,0.3527,20.0
71,2023-03-13,0.1887,0.17272,-9.3,1.025,-4.59762228260869,0.17272,0.0,0.038008,0.0,-0.032021,8.6601,0.0,5.9264,0.0,-13.531,-1000000.0,-2355.0,-156.82,0.0,0.0,45.123,0.0,5.9264,0.0,-2765.73,0.1552,20.0,-762.57,0.2075,20.0,-505.95,0.2304,20.0,-349.01,0.254,20.0,-284.12,0.2679,20.0,-233.55,0.2817,20.0,-192.17,0.2957,20.0,-174.8,0.3112,20.0,-164.74,0.3524,20.0
72,2023-03-14,0.0,0.22098,-0.925,7.7,3.340625,0.22098,0.0,0.037413,0.0,-0.031537,8.8811,0.0,5.964,0.0,-13.563,-1000000.0,-2374.7,-158.06,0.0,0.0,45.053,0.0,5.964,0.0,-2793.5,0.1548,20.0,-768.28,0.207,20.0,-509.87,0.23,20.0,-351.53,0.2535,20.0,-286.2,0.2674,20.0,-235.3,0.2811,20.0,-193.65,0.2952,20.0,-176.11,0.3107,20.0,-166.01,0.352,20.0
73,2023-03-15,0.3961,0.09398,-7.65,2.825,-1.94895833333333,0.09398,0.0,0.036759,0.0,-0.031059,8.9751,0.0,6.001,0.0,-13.594,-1000000.0,-2393.7,-159.29,0.0,0.0,44.985,0.0,6.001,0.0,-2819.75,0.1545,20.0,-773.72,0.2066,20.0,-513.72,0.2296,20.0,-354.0,0.253,20.0,-288.26,0.2669,20.0,-237.03,0.2805,20.0,-195.1,0.2947,20.0,-177.41,0.3102,20.0,-167.26,0.3516,20.0
74,2023-03-16,0.0493,0.10922,-9.775,1.775,-4.103125,0.10922,0.0,0.036057,0.0,-0.030587,9.0843,0.0,6.0372,0.0,-13.625,-1000000.0,-2409.7,-160.51,0.0,0.0,44.918,0.0,6.0372,0.0,-2842.38,0.1543,20.0,-779.43,0.2063,20.0,-517.5,0.2292,20.0,-356.5,0.2526,20.0,-290.31,0.2664,20.0,-238.77,0.2799,20.0,-196.55,0.2942,20.0,-178.7,0.3096,20.0,-168.5,0.3513,20.0
75,2023-03-17,0.0,0.13208,-10.075,3.925,-3.190625,0.13208,0.0,0.035451,0.0,-0.030119,9.2164,0.0,6.0728,0.0,-13.655,-1000000.0,-2423.8,-161.71,0.0,0.0,44.852,0.0,6.0728,0.0,-2861.87,0.1541,20.0,-784.76,0.206,20.0,-521.18,0.2288,20.0,-358.99,0.2521,20.0,-292.35,0.2658,20.0,-240.52,0.2793,20.0,-197.97,0.2938,20.0,-179.98,0.3091,20.0,-169.73,0.3509,20.0
76,2023-03-18,0.0,0.19304,-6.0,8.35,0.263541666666667,0.19304,0.0,0.034915,0.0,-0.029656,9.4094,0.0,6.1078,0.0,-13.685,-1000000.0,-2437.2,-162.9,0.0,0.0,44.788,0.0,6.1078,0.0,-2879.8,0.1539,20.0,-789.86,0.2057,20.0,-524.77,0.2284,20.0,-361.44,0.2516,20.0,-294.37,0.2653,20.0,-242.24,0.2788,20.0,-199.38,0.2933,20.0,-181.26,0.3086,20.0,-170.96,0.3506,20.0
77,2023-03-19,0.0,0.15494,-4.25,8.775,1.92395833333333,0.15494,0.0,0.034394,0.0,-0.029198,9.5644,0.0,6.1423,0.0,-13.714,-1000000.0,-2450.1,-164.08,0.0,0.0,44.724,0.0,6.1423,0.0,-2896.82,0.1537,20.0,-794.8,0.2054,20.0,-528.28,0.228,20.0,-363.85,0.2511,20.0,-296.4,0.2648,20.0,-243.97,0.2783,20.0,-200.78,0.2928,20.0,-182.53,0.308,20.0,-172.17,0.3502,20.0
78,2023-03-20,0.0,0.08636,-7.425,0.5,-4.15833333333333,0.08636,0.0,0.033884,0.0,-0.028744,9.6507,0.0,6.1764,0.0,-13.743,-1000000.0,-2462.7,-165.24,0.0,0.0,44.661,0.0,6.1764,0.0,-2913.15,0.1535,20.0,-799.61,0.2051,20.0,-531.73,0.2277,20.0,-366.29,0.2507,20.0,-298.42,0.2643,20.0,-245.68,0.2779,20.0,-202.16,0.2923,20.0,-183.79,0.3075,20.0,-173.37,0.3499,20.0
79,2023-03-21,0.0,0.12954,-7.9,5.85,-1.69479166666667,0.12954,0.0,0.033396,0.0,-0.028295,9.7803,0.0,6.2099,0.0,-13.771,-1000000.0,-2475.1,-166.4,0.0,0.0,44.599,0.0,6.2099,0.0,-2929.09,0.1533,20.0,-804.32,0.2049,20.0,-535.1,0.2273,20.0,-368.7,0.2502,20.0,-300.42,0.2637,20.0,-247.35,0.2774,20.0,-203.53,0.2919,20.0,-185.05,0.307,20.0,-174.56,0.3495,20.0
80,2023-03-22,0.0,0.1397,-7.275,5.925,-2.675,0.1397,0.0,0.032892,0.0,-0.02785,9.92,0.0,6.2429,0.0,-13.799,-1000000.0,-2484.5,-167.54,0.0,0.0,44.538,0.0,6.2429,0.0,-2941.0,0.1532,20.0,-809.05,0.2046,20.0,-538.4,0.227,20.0,-371.08,0.2497,20.0,-302.45,0.2632,20.0,-249.02,0.277,20.0,-204.89,0.2914,20.0,-186.3,0.3065,20.0,-175.75,0.3492,20.0
81,2023-03-23,0.0,0.2032,-7.175,8.925,0.954166666666667,0.2032,0.0,0.032813,0.0,-0.027409,10.123,0.0,6.2757,0.0,-13.827,-1000000.0,-2499.6,-168.67,0.0,0.0,44.478,0.0,6.2757,0.0,-2956.04,0.153,20.0,-813.87,0.2043,20.0,-541.63,0.2266,20.0,-373.42,0.2493,20.0,-304.45,0.2627,20.0,-250.66,0.2766,20.0,-206.23,0.291,20.0,-187.54,0.306,20.0,-176.92,0.3488,20.0
82,2023-03-24,0.0,0.15494,-2.375,7.65,1.85729166666667,0.15494,0.0,0.031953,0.0,-0.026973,10.278,0.0,6.3079,0.0,-13.854,-1000000.0,-2506.4,-169.79,0.0,0.0,44.418,0.0,6.3079,0.0,-2964.35,0.1529,20.0,-818.61,0.2041,20.0,-544.94,0.2263,20.0,-375.78,0.2488,20.0,-306.46,0.2623,20.0,-252.28,0.2762,20.0,-207.57,0.2905,20.0,-188.78,0.3055,20.0,-178.09,0.3485,20.0
83,2023-03-25,0.0782,0.11176,-2.875,4.425,-0.13125,0.11176,0.0,0.032254,0.0,-0.02654,10.39,0.0,6.3401,0.0,-13.881,-1000000.0,-2524.8,-170.9,0.0,0.0,44.36,0.0,6.3401,0.0,-2985.29,0.1527,20.0,-823.31,0.2038,20.0,-548.23,0.2259,20.0,-378.19,0.2484,20.0,-308.44,0.2619,20.0,-253.89,0.2758,20.0,-208.89,0.2901,20.0,-190.02,0.305,20.0,-179.24,0.3481,20.0
84,2023-03-26,0.0,0.10922,-5.325,3.125,-2.16979166666667,0.10922,0.0,0.030943,0.0,-0.026112,10.499,0.0,6.3712,0.0,-13.907,-1000000.0,-2528.6,-172.0,0.0,0.0,44.302,0.0,6.3712,0.0,-2984.13,0.1527,20.0,-827.61,0.2035,20.0,-551.45,0.2256,20.0,-380.56,0.2479,20.0,-310.4,0.2615,20.0,-255.48,0.2753,20.0,-210.2,0.2896,20.0,-191.26,0.3044,20.0,-180.39,0.3478,20.0
85,2023-03-27,0.0,0.17018,-6.6,6.05,-1.82604166666667,0.17018,0.0,0.031423,0.0,-0.025687,10.669,0.0,6.403,0.0,-13.933,-1000000.0,-2543.8,-173.1,0.0,0.0,44.245,0.0,6.403,0.0,-3016.1,0.1523,20.0,-832.37,0.2033,20.0,-554.64,0.2252,20.0,-382.9,0.2474,20.0,-312.35,0.2611,20.0,-257.05,0.2749,20.0,-211.49,0.2892,20.0,-192.49,0.304,20.0,-181.53,0.3475,20.0
86,2023-03-28,0.0,0.12192,-5.625,3.025,-2.63645833333333,0.12192,0.0,0.02969,0.0,-0.025267,10.791,0.0,6.4332,0.0,-13.958,-1000000.0,-2560.6,-174.18,0.0,0.0,44.189,0.0,6.4332,0.0,-3009.49,0.1524,20.0,-836.26,0.2031,20.0,-557.75,0.2249,20.0,-385.21,0.247,20.0,-314.26,0.2607,20.0,-258.6,0.2745,20.0,-212.78,0.2887,20.0,-193.72,0.3036,20.0,-182.67,0.3471,20.0
87,2023-03-29,0.0,0.12192,-6.6,3.55,-2.10833333333333,0.12192,0.0,0.03029,0.0,-0.02485,10.913,0.0,6.4631,0.0,-13.983,-1000000.0,-2564.9,-175.25,0.0,0.0,44.134,0.0,6.4631,0.0,-3013.85,0.1524,20.0,-839.96,0.2029,20.0,-560.76,0.2246,20.0,-387.57,0.2467,20.0,-316.15,0.2604,20.0,-260.14,0.2741,20.0,-214.06,0.2883,20.0,-194.93,0.3032,20.0,-183.8,0.3468,20.0
88,2023-03-30,0.1462,0.08128,-4.875,0.2,-2.99479166666667,0.08128,0.0,0.030717,0.0,-0.024437,10.994,0.0,6.4934,0.0,-14.007,-1000000.0,-2581.4,-176.31,0.0,0.0,44.079,0.0,6.4934,0.0,-3038.09,0.1521,20.0,-844.02,0.2026,20.0,-563.73,0.2243,20.0,-389.88,0.2463,20.0,-318.03,0.26,20.0,-261.67,0.2737,20.0,-215.33,0.2879,20.0,-196.14,0.3028,20.0,-184.92,0.3465,20.0
89,2023-03-31,0.2009,0.19558,-7.075,8.675,0.467708333333333,0.19558,0.0,0.030312,0.0,-0.024027,11.19,0.0,6.5235,0.0,-14.032,-1000000.0,-2584.0,-177.36,0.0,0.0,44.025,0.0,6.5235,0.0,-3060.92,0.1518,20.0,-848.87,0.2023,20.0,-566.68,0.224,20.0,-392.16,0.246,20.0,-319.88,0.2597,20.0,-263.18,0.2734,20.0,-216.59,0.2874,20.0,-197.34,0.3024,20.0,-186.04,0.3462,20.0
90,2023-04-01,0.0,0.254,-1.325,8.525,3.46354166666667,0.0,0.254,0.0,0.11918,-0.02362,11.19,0.254,6.5235,0.11825,-14.055,-43015.0,-1462.2,-178.41,0.0,0.0,43.943,0.0,6.5235,0.0,-2765.03,0.1552,20.0,-1015.25,0.1936,20.0,-596.9,0.2208,20.0,-394.63,0.2456,20.0,-321.71,0.2593,20.0,-264.68,0.273,20.0,-217.84,0.287,20.0,-198.53,0.3021,20.0,-187.15,0.3458,20.0
91,2023-04-02,0.0,0.23114,-4.925,7.675,1.009375,0.0,0.23114,-1.397e-09,0.08477,-0.023217,11.19,0.48514,6.5235,0.2108,-14.079,-15303.0,-1427.5,-179.44,0.0,0.0,43.815,0.0,6.5235,0.0,-2659.81,0.1563,20.0,-1236.1,0.1845,20.0,-684.88,0.2135,20.0,-399.15,0.245,20.0,-323.61,0.2589,20.0,-266.17,0.2726,20.0,-219.09,0.2866,20.0,-199.7,0.3017,20.0,-188.26,0.3455,20.0
92,2023-04-03,0.0,0.10922,-9.75,3.275,-3.43125,0.0,0.10922,-4.191e-09,0.03858,-0.022817,11.19,0.59436,6.5235,0.24961,-14.102,-8528.0,-1416.3,-180.47,0.0,0.0,43.73,0.0,6.5235,0.0,-2611.37,0.1569,20.0,-1329.55,0.1817,20.0,-729.59,0.21,20.0,-405.69,0.2441,20.0,-325.77,0.2585,20.0,-267.65,0.2722,20.0,-220.32,0.2862,20.0,-200.87,0.3013,20.0,-189.36,0.3452,20.0
93,2023-04-04,0.0,0.06604,-9.225,-2.05,-4.23958333333333,0.0,0.06604,5.1223e-09,0.023515,-0.02242,11.19,0.6604,6.5235,0.27291,-14.124,-5759.8,-1377.6,-181.49,0.0,0.0,43.677,0.0,6.5235,0.0,-2537.38,0.1577,20.0,-1326.45,0.1818,20.0,-738.01,0.2094,20.0,-412.08,0.2431,20.0,-328.2,0.258,20.0,-269.15,0.2718,20.0,-221.55,0.2858,20.0,-202.02,0.301,20.0,-190.45,0.3449,20.0
94,2023-04-05,0.0,0.16256,-11.275,5.25,-2.44895833333333,0.0,0.16256,-4.6566e-09,0.05232,-0.022027,11.19,0.82296,6.5235,0.32695,-14.146,-4338.7,-1360.6,-182.5,0.0,0.0,43.615,0.0,6.5235,0.0,-2452.75,0.1588,20.0,-1359.56,0.1809,20.0,-761.62,0.2075,20.0,-417.7,0.2423,20.0,-330.79,0.2575,20.0,-270.67,0.2714,20.0,-222.77,0.2853,20.0,-203.16,0.3006,20.0,-191.54,0.3445,20.0
95,2023-04-06,0.0,0.33274,-2.55,11.35,4.16354166666667,0.0,0.33274,6.0536e-09,0.07296,-0.021636,11.19,1.1557,6.5235,0.40615,-14.168,-3537.1,-1395.4,-183.51,0.0,0.0,43.524,0.0,6.5235,0.0,-2376.29,0.1599,20.0,-1463.26,0.1778,20.0,-836.66,0.2031,20.0,-423.59,0.2415,20.0,-333.46,0.257,20.0,-272.22,0.271,20.0,-223.99,0.2849,20.0,-204.29,0.3002,20.0,-192.62,0.3443,20.0
96,2023-04-07,0.0,0.37338,0.175,14.225,7.284375,0.0,0.37338,2.794e-09,0.060817,-0.021248,11.19,1.5291,6.5235,0.47082,-14.189,-3041.6,-1437.5,-184.5,0.0,0.0,43.432,0.0,6.5235,0.0,-2313.77,0.1609,20.0,-1540.72,0.1755,20.0,-922.96,0.1982,20.0,-430.4,0.2405,20.0,-336.23,0.2565,20.0,-273.8,0.2706,20.0,-225.2,0.2845,20.0,-205.42,0.2999,20.0,-193.7,0.344,20.0
97,2023-04-08,0.0,0.37846,3.15,14.225,8.72395833333333,0.0,0.37846,-3.9581e-09,0.051209,-0.020864,11.19,1.9075,6.5235,0.5243,-14.21,-2730.4,-1461.7,-185.49,0.0,0.0,43.353,0.0,6.5235,0.0,-2250.6,0.1619,20.0,-1585.86,0.1744,20.0,-986.9,0.1947,20.0,-437.82,0.2394,20.0,-339.13,0.2559,20.0,-275.42,0.2702,20.0,-226.41,0.2841,20.0,-206.53,0.2995,20.0,-194.77,0.3438,20.0
98,2023-04-09,0.0,0.4572,4.4,17.075,11.2802083333333,0.0,0.4572,-3.0268e-09,0.048942,-0.020482,11.19,2.3647,6.5235,0.57518,-14.231,-2512.2,-1478.9,-186.47,0.0,0.0,43.28,0.0,6.5235,0.0,-2192.06,0.1628,20.0,-1610.13,0.1739,20.0,-1046.49,0.1923,20.0,-445.15,0.2384,20.0,-342.16,0.2553,20.0,-277.07,0.2698,20.0,-227.62,0.2837,20.0,-207.64,0.2992,20.0,-195.83,0.3436,20.0
99,2023-04-10,0.0,0.54864,10.95,23.475,16.6416666666667,0.0,0.54864,3.2596e-09,0.048115,-0.020103,11.19,2.9134,6.5235,0.62541,-14.251,-2377.2,-1495.9,-187.44,0.0,0.0,43.21,0.0,6.5235,0.0,-2141.26,0.1636,20.0,-1631.93,0.1734,20.0,-1107.57,0.1898,20.0,-452.63,0.2373,20.0,-345.26,0.2547,20.0,-278.75,0.2693,20.0,-228.83,0.2833,20.0,-208.74,0.2988,20.0,-196.88,0.3433,20.0
100,2023-04-11,0.0,0.47244,4.3,20.225,13.74375,0.0,0.47244,4.2492e-09,0.03918,-0.019727,11.19,3.3858,6.5235,0.66518,-14.271,-2271.1,-1503.4,-188.41,0.0,0.0,43.146,0.0,6.5235,0.0,-2095.03,0.1643,20.0,-1649.42,0.1731,20.0,-1144.1,0.1882,20.0,-459.83,0.2363,20.0,-348.43,0.2541,20.0,-280.46,0.2689,20.0,-230.04,0.2829,20.0,-209.83,0.2985,20.0,-197.93,0.3431,20.0
101,2023-04-12,0.0,0.18288,-1.9,7.9,3.08541666666667,0.0,0.18288,-1.9791e-09,0.022005,-0.019351,11.19,3.5687,6.5235,0.68626,-14.29,-2185.9,-1487.6,-189.38,0.0,0.0,43.096,0.0,6.5235,0.0,-2052.3,0.165,20.0,-1655.15,0.1729,20.0,-1122.31,0.189,20.0,-466.44,0.2353,20.0,-351.61,0.2535,20.0,-282.21,0.2684,20.0,-231.25,0.2825,20.0,-210.92,0.2981,20.0,-198.98,0.3428,20.0
102,2023-04-13,0.9633,0.09652,-2.75,2.2,0.173958333333333,0.0,0.09652,-2.3283e-09,0.01471,-0.018976,11.19,3.6652,6.5235,0.7003,-14.309,-2116.9,-1456.2,-190.34,0.0,0.0,43.06,0.0,6.5235,0.0,-2012.17,0.1656,20.0,-1643.61,0.1732,20.0,-1070.88,0.1912,20.0,-472.34,0.2345,20.0,-354.77,0.2529,20.0,-283.97,0.268,20.0,-232.47,0.2821,20.0,-212.0,0.2978,20.0,-200.01,0.3426,20.0
103,2023-04-14,0.0952,0.18034,-5.825,5.825,-0.0322916666666666,0.0,0.18034,3.5798e-09,0.026897,-0.018597,11.19,3.8456,6.5235,0.72715,-14.328,-2059.2,-1434.4,-191.31,0.0,0.0,43.02,0.0,6.5235,0.0,-1973.4,0.1662,20.0,-1623.65,0.1736,20.0,-1053.05,0.1921,20.0,-477.15,0.2338,20.0,-357.84,0.2523,20.0,-285.76,0.2675,20.0,-233.7,0.2816,20.0,-213.08,0.2974,20.0,-201.05,0.3424,20.0
104,2023-04-15,0.0017,0.2921,-3.25,11.1,3.559375,0.0,0.2921,2.532e-09,0.036382,-0.018306,11.19,4.1377,6.5235,0.76467,-14.346,-2009.9,-1433.7,-192.43,0.0,0.0,42.969,0.0,6.5235,0.0,-1939.71,0.1668,20.0,-1615.63,0.1738,20.0,-1076.76,0.1911,20.0,-481.47,0.2332,20.0,-360.79,0.2517,20.0,-287.56,0.2671,20.0,-234.93,0.2812,20.0,-214.15,0.2971,20.0,-202.08,0.3421,20.0
105,2023-04-16,0.0,0.4064,0.45,17.45,9.81354166666667,0.0,0.4064,1.6298e-09,0.039399,-0.018111,11.19,4.5441,6.5235,0.80586,-14.365,-1968.2,-1445.7,-193.55,0.0,0.0,42.911,0.0,6.5235,0.0,-1907.9,0.1675,20.0,-1620.24,0.1737,20.0,-1123.68,0.1892,20.0,-485.85,0.2325,20.0,-363.66,0.2512,20.0,-289.37,0.2666,20.0,-236.17,0.2808,20.0,-215.22,0.2967,20.0,-203.11,0.3419,20.0
106,2023-04-17,0.0119,0.35052,3.05,14.925,8.2125,0.0,0.35052,5.2969e-09,0.033069,-0.017924,11.19,4.8946,6.5235,0.83945,-14.383,-1937.3,-1453.3,-194.63,0.0,0.0,42.857,0.0,6.5235,0.0,-1880.6,0.1681,20.0,-1627.56,0.1735,20.0,-1155.26,0.1878,20.0,-490.68,0.232,20.0,-366.44,0.2506,20.0,-291.18,0.2661,20.0,-237.41,0.2804,20.0,-216.3,0.2964,20.0,-204.14,0.3417,20.0
107,2023-04-18,0.2992,0.12446,-0.4,9.275,2.89166666666667,0.0,0.12446,-5.035e-09,0.016341,-0.017742,11.19,5.019,6.5235,0.85507,-14.4,-1907.9,-1438.3,-195.69,0.0,0.0,42.815,0.0,6.5235,0.0,-1856.76,0.1686,20.0,-1625.28,0.1736,20.0,-1132.34,0.1886,20.0,-495.35,0.2315,20.0,-369.19,0.2501,20.0,-292.99,0.2657,20.0,-238.67,0.28,20.0,-217.36,0.296,20.0,-205.18,0.3414,20.0
108,2023-04-19,1.1389,0.12446,-1.35,1.3,-0.153125,0.0,0.12446,5.8208e-09,0.018158,-0.017563,11.19,5.1435,6.5235,0.87278,-14.418,-1880.3,-1415.4,-196.73,0.0,0.0,42.78,0.0,6.5235,0.0,-1834.64,0.1691,20.0,-1609.87,0.1739,20.0,-1097.97,0.1902,20.0,-499.37,0.2311,20.0,-371.94,0.2496,20.0,-294.79,0.2652,20.0,-239.94,0.2795,20.0,-218.43,0.2957,20.0,-206.21,0.3412,20.0
109,2023-04-20,0.1821,0.13716,-3.2,0.975,-1.317,0.0,0.13716,1.0186e-09,0.021055,-0.017385,11.19,5.2807,6.5235,0.89354,-14.435,-1854.3,-1398.6,-197.76,0.0,0.0,42.744,0.0,6.5235,0.0,-1812.88,0.1696,20.0,-1591.52,0.1743,20.0,-1081.88,0.1908,20.0,-502.8,0.2307,20.0,-374.59,0.2491,20.0,-296.59,0.2647,20.0,-241.21,0.2791,20.0,-219.5,0.2954,20.0,-207.23,0.341,20.0
110,2023-04-21,0.1004,0.1143,-5.425,0.5,-2.28229166666667,0.0,0.1143,-4.9477e-10,0.019071,-0.01721,11.19,5.395,6.5235,0.91229,-14.453,-1829.5,-1383.2,-198.78,0.0,0.0,42.707,0.0,6.5235,0.0,-1791.08,0.17,20.0,-1576.46,0.1746,20.0,-1068.64,0.1914,20.0,-505.87,0.2304,20.0,-377.15,0.2486,20.0,-298.38,0.2643,20.0,-242.49,0.2787,20.0,-220.57,0.295,20.0,-208.26,0.3407,20.0
111,2023-04-22,0.0068,0.2159,-6.8,7.7,0.428125,0.0,0.2159,8.0909e-09,0.03121,-0.017037,11.19,5.6109,6.5235,0.94428,-14.47,-1805.5,-1381.5,-199.79,0.0,0.0,42.664,0.0,6.5235,0.0,-1769.49,0.1705,20.0,-1572.63,0.1747,20.0,-1081.58,0.1909,20.0,-508.79,0.2301,20.0,-379.71,0.2481,20.0,-300.18,0.2638,20.0,-243.77,0.2784,20.0,-221.64,0.2947,20.0,-209.28,0.3405,20.0
112,2023-04-23,0.0,0.25908,-2.65,12.225,4.72395833333333,0.0,0.25908,4.1618e-09,0.032577,-0.016865,11.19,5.8699,6.5235,0.97788,-14.487,-1782.6,-1390.7,-200.79,0.0,0.0,42.614,0.0,6.5235,0.0,-1749.48,0.1709,20.0,-1579.8,0.1746,20.0,-1111.17,0.1897,20.0,-511.87,0.2298,20.0,-382.17,0.2476,20.0,-301.95,0.2633,20.0,-245.04,0.278,20.0,-222.71,0.2943,20.0,-210.29,0.3403,20.0
113,2023-04-24,0.0306,0.28194,2.175,16.6,9.33020833333333,0.0,0.28194,7.8144e-09,0.031549,-0.016694,11.19,6.1519,6.5235,1.0102,-14.503,-1761.3,-1400.5,-201.78,0.0,0.0,42.564,0.0,6.5235,0.0,-1731.9,0.1713,20.0,-1586.76,0.1744,20.0,-1141.08,0.1884,20.0,-515.27,0.2294,20.0,-384.57,0.2471,20.0,-303.74,0.2629,20.0,-246.31,0.2777,20.0,-223.77,0.294,20.0,-211.31,0.3401,20.0
114,2023-04-25,0.0,0.36068,3.225,17.025,9.746875,0.0,0.36068,-2.4738e-09,0.03334,-0.016525,11.19,6.5126,6.5235,1.0447,-14.52,-1742.3,-1411.7,-202.76,0.0,0.0,42.514,0.0,6.5235,0.0,-1716.77,0.1716,20.0,-1592.5,0.1743,20.0,-1174.58,0.1871,20.0,-518.95,0.229,20.0,-387.02,0.2467,20.0,-305.5,0.2624,20.0,-247.58,0.2774,20.0,-224.84,0.2937,20.0,-212.31,0.3398,20.0
115,2023-04-26,0.0,0.3683,0.725,18.975,10.3364583333333,0.0,0.3683,3.0122e-09,0.031011,-0.016357,11.19,6.8809,6.5235,1.0764,-14.536,-1725.8,-1420.8,-203.74,0.0,0.0,42.465,0.0,6.5235,0.0,-1703.8,0.1719,20.0,-1596.38,0.1742,20.0,-1202.89,0.1859,20.0,-522.85,0.2286,20.0,-389.44,0.2464,20.0,-307.28,0.2621,20.0,-248.84,0.2771,20.0,-225.9,0.2933,20.0,-213.32,0.3396,20.0
116,2023-04-27,0.1821,0.23622,0.35,11.7,6.65416666666667,0.0,0.23622,-4.2055e-09,0.023171,-0.01619,11.19,7.1171,6.5235,1.0992,-14.553,-1711.4,-1418.6,-204.71,0.0,0.0,42.422,0.0,6.5235,0.0,-1692.54,0.1721,20.0,-1595.63,0.1742,20.0,-1203.76,0.1857,20.0,-526.77,0.2282,20.0,-391.83,0.246,20.0,-309.0,0.2618,20.0,-250.09,0.2767,20.0,-226.97,0.293,20.0,-214.32,0.3394,20.0
117,2023-04-28,0.0,0.37846,0.625,22.25,11.8770833333333,0.0,0.37846,-1.4988e-09,0.030449,-0.016024,11.19,7.4955,6.5235,1.1304,-14.569,-1699.0,-1421.4,-205.67,0.0,0.0,42.378,0.0,6.5235,0.0,-1682.42,0.1723,20.0,-1595.4,0.1742,20.0,-1217.61,0.1853,20.0,-530.48,0.2278,20.0,-394.24,0.2457,20.0,-310.73,0.2614,20.0,-251.33,0.2764,20.0,-228.03,0.2926,20.0,-215.31,0.3392,20.0
118,2023-04-29,0.0,0.36322,0.55,20.9,11.8916666666667,0.0,0.36322,6.5847e-09,0.028071,-0.01586,11.19,7.8588,6.5235,1.1589,-14.584,-1688.0,-1426.7,-206.63,0.0,0.0,42.333,0.0,6.5235,0.0,-1673.39,0.1725,20.0,-1596.54,0.1742,20.0,-1236.9,0.1845,20.0,-534.2,0.2274,20.0,-396.65,0.2454,20.0,-312.43,0.2611,20.0,-252.57,0.2761,20.0,-229.09,0.2923,20.0,-216.3,0.3389,20.0
119,2023-04-30,0.0,0.41148,-0.025,23.3,12.9302083333333,0.0,0.41148,-1.9572e-09,0.028512,-0.015696,11.19,8.2702,6.5235,1.1879,-14.6,-1678.4,-1431.9,-207.58,0.0,0.0,42.288,0.0,6.5235,0.0,-1665.39,0.1727,20.0,-1597.28,0.1742,20.0,-1256.51,0.1839,20.0,-537.91,0.227,20.0,-399.01,0.245,20.0,-314.12,0.2608,20.0,-253.8,0.2758,20.0,-230.15,0.292,20.0,-217.29,0.3387,20.0
120,2023-05-01,0.0,0.39624,0.975,24.125,13.765625,0.0,0.39624,-4.9695e-09,0.10832,-0.015533,11.19,8.6665,6.5235,1.2778,-14.616,-1669.9,-1104.9,-208.52,0.0,0.0,42.222,0.0,6.5235,0.0,-1658.32,0.1729,20.0,-1598.0,0.1742,20.0,-1306.99,0.1825,20.0,-544.89,0.2263,20.0,-401.37,0.2447,20.0,-315.78,0.2604,20.0,-255.02,0.2755,20.0,-231.21,0.2916,20.0,-218.28,0.3385,20.0
121,2023-05-02,0.0,0.35306,1.1,24.225,13.3125,0.0,0.35306,1.8626e-09,0.086141,-0.015372,11.19,9.0195,6.5235,1.3672,-14.631,-1662.5,-1155.0,-209.46,0.0,0.0,42.107,0.0,6.5235,0.0,-1652.1,0.173,20.0,-1598.7,0.1741,20.0,-1384.37,0.1801,20.0,-592.58,0.2212,20.0,-404.99,0.2442,20.0,-317.45,0.2601,20.0,-256.24,0.2751,20.0,-232.27,0.2913,20.0,-219.26,0.3383,20.0
122,2023-05-03,0.0,0.36322,6.025,24.4,15.3395833333333,0.0,0.36322,9.808e-09,0.075467,-0.015211,11.19,9.3828,6.5235,1.4457,-14.646,-1655.9,-1197.7,-210.4,0.0,0.0,42.008,0.0,6.5235,0.0,-1646.66,0.1731,20.0,-1600.51,0.1741,20.0,-1446.73,0.1783,20.0,-634.28,0.2174,20.0,-410.05,0.2434,20.0,-319.16,0.2598,20.0,-257.45,0.2748,20.0,-233.32,0.2909,20.0,-220.23,0.338,20.0
123,2023-05-04,0.0,0.39878,5.85,24.775,16.06875,0.0,0.39878,-5.6316e-09,0.068708,-0.015052,11.19,9.7815,6.5235,1.5173,-14.662,-1650.2,-1235.1,-211.33,0.0,0.0,41.917,0.0,6.5235,0.0,-1642.01,0.1732,20.0,-1602.97,0.1741,20.0,-1495.3,0.1769,20.0,-672.48,0.2144,20.0,-415.94,0.2426,20.0,-320.95,0.2594,20.0,-258.65,0.2745,20.0,-234.38,0.2906,20.0,-221.2,0.3378,20.0
124,2023-05-05,0.9785,0.23876,8.75,17.075,12.3020833333333,0.0,0.23876,7.607e-09,0.043542,-0.014893,11.19,10.02,6.5235,1.5613,-14.676,-1645.4,-1256.1,-212.25,0.0,0.0,41.846,0.0,6.5235,0.0,-1638.12,0.1733,20.0,-1604.84,0.174,20.0,-1517.97,0.1761,20.0,-696.05,0.2125,20.0,-422.14,0.2417,20.0,-322.85,0.2591,20.0,-259.85,0.2742,20.0,-235.44,0.2903,20.0,-222.17,0.3376,20.0
125,2023-05-06,0.772,0.09398,5.6,9.25,7.990625,0.0,0.09398,7.1414e-09,0.019539,-0.014735,11.19,10.114,6.5235,1.5805,-14.691,-1641.3,-1255.9,-213.17,0.0,0.0,41.8,0.0,6.5235,0.0,-1634.82,0.1734,20.0,-1605.0,0.174,20.0,-1515.76,0.1762,20.0,-700.78,0.2121,20.0,-427.98,0.2408,20.0,-324.86,0.2587,20.0,-261.05,0.2739,20.0,-236.5,0.2899,20.0,-223.14,0.3374,20.0
126,2023-05-07,0.1904,0.28956,5.125,15.725,10.1114583333333,0.0,0.28956,-2.8231e-09,0.049272,-0.014578,11.19,10.404,6.5235,1.631,-14.706,-1637.7,-1263.2,-214.08,0.0,0.0,41.75,0.0,6.5235,0.0,-1631.9,0.1734,20.0,-1604.42,0.174,20.0,-1520.66,0.1762,20.0,-715.63,0.2112,20.0,-433.24,0.2401,20.0,-326.94,0.2583,20.0,-262.24,0.2736,20.0,-237.56,0.2896,20.0,-224.1,0.3372,20.0
127,2023-05-08,0.0,0.37084,4.8,17.75,10.8416666666667,0.0,0.37084,8.0399e-09,0.052662,-0.014421,11.19,10.775,6.5235,1.6855,-14.72,-1634.6,-1284.1,-214.99,0.0,0.0,41.682,0.0,6.5235,0.0,-1629.3,0.1735,20.0,-1604.91,0.174,20.0,-1539.55,0.1756,20.0,-743.06,0.209,20.0,-438.35,0.2394,20.0,-329.08,0.2579,20.0,-263.44,0.2733,20.0,-238.62,0.2893,20.0,-225.06,0.3369,20.0
128,2023-05-09,0.0,0.27432,1.025,15.4,8.18645833333333,0.0,0.27432,9.5679e-10,0.039642,-0.014266,11.19,11.049,6.5235,1.7256,-14.735,-1631.9,-1299.3,-215.89,0.0,0.0,41.622,0.0,6.5235,0.0,-1627.03,0.1735,20.0,-1605.49,0.174,20.0,-1551.7,0.1752,20.0,-764.02,0.2073,20.0,-443.63,0.2386,20.0,-331.25,0.2575,20.0,-264.65,0.273,20.0,-239.68,0.2889,20.0,-226.02,0.3367,20.0
129,2023-05-10,0.0,0.32512,3.225,17.25,10.9427083333333,0.0,0.32512,-3.6962e-09,0.041827,-0.014111,11.19,11.374,6.5235,1.7683,-14.749,-1629.6,-1311.7,-216.79,0.0,0.0,41.566,0.0,6.5235,0.0,-1625.06,0.1736,20.0,-1605.74,0.174,20.0,-1560.97,0.175,20.0,-783.61,0.206,20.0,-448.81,0.2379,20.0,-333.43,0.257,20.0,-265.86,0.2727,20.0,-240.75,0.2886,20.0,-226.97,0.3365,20.0
130,2023-05-11,0.1105,0.2286,5.325,15.625,10.3104166666667,0.0,0.2286,2.5793e-09,0.031276,-0.013957,11.19,11.603,6.5235,1.7996,-14.763,-1627.5,-1318.7,-217.68,0.0,0.0,41.515,0.0,6.5235,0.0,-1623.35,0.1736,20.0,-1605.92,0.174,20.0,-1564.65,0.1749,20.0,-796.26,0.2053,20.0,-453.81,0.2371,20.0,-335.64,0.2566,20.0,-267.08,0.2723,20.0,-241.82,0.2882,20.0,-227.92,0.3363,20.0
131,2023-05-12,0.0068,0.29972,2.25,20.025,11.2541666666667,0.0,0.29972,2.603e-09,0.036826,-0.013805,11.19,11.902,6.5235,1.8369,-14.777,-1625.7,-1325.5,-218.57,0.0,0.0,41.467,0.0,6.5235,0.0,-1621.83,0.1736,20.0,-1605.88,0.174,20.0,-1568.09,0.1748,20.0,-809.61,0.2046,20.0,-458.77,0.2364,20.0,-337.84,0.2562,20.0,-268.3,0.272,20.0,-242.9,0.2879,20.0,-228.87,0.3361,20.0
132,2023-05-13,0.0,0.18288,4.425,15.375,11.121875,0.0,0.18288,-2.6084e-09,0.025129,-0.013652,11.19,12.085,6.5235,1.8619,-14.79,-1624.2,-1327.8,-219.46,0.0,0.0,41.422,0.0,6.5235,0.0,-1620.49,0.1737,20.0,-1605.76,0.174,20.0,-1568.06,0.1748,20.0,-816.3,0.2041,20.0,-463.49,0.2357,20.0,-340.05,0.2557,20.0,-269.53,0.2717,20.0,-243.98,0.2877,20.0,-229.82,0.3359,20.0
133,2023-05-14,0.0,0.21336,6.3,18.9,12.278125,0.0,0.21336,-8.9312e-10,0.028465,-0.013501,11.19,12.299,6.5235,1.8904,-14.804,-1622.8,-1328.2,-220.34,0.0,0.0,41.382,0.0,6.5235,0.0,-1619.28,0.1737,20.0,-1605.39,0.174,20.0,-1566.94,0.1748,20.0,-821.27,0.2039,20.0,-467.82,0.2351,20.0,-342.26,0.2553,20.0,-270.77,0.2714,20.0,-245.06,0.2874,20.0,-230.77,0.3357,20.0
134,2023-05-15,0.0,0.42926,6.0,24.85,15.95,0.0,0.42926,-4.6894e-09,0.04288,-0.01335,11.19,12.728,6.5235,1.9347,-14.817,-1621.5,-1339.5,-221.21,0.0,0.0,41.331,0.0,6.5235,0.0,-1618.17,0.1737,20.0,-1605.11,0.174,20.0,-1573.49,0.1747,20.0,-841.72,0.2028,20.0,-472.1,0.2345,20.0,-344.44,0.2549,20.0,-272.01,0.2711,20.0,-246.14,0.2872,20.0,-231.72,0.3354,20.0
135,2023-05-16,0.0017,0.51816,13.125,26.95,18.9208333333333,0.0,0.51816,4.633e-09,0.043088,-0.0132,11.19,13.246,6.5235,1.9794,-14.83,-1620.4,-1357.4,-222.09,0.0,0.0,41.274,0.0,6.5235,0.0,-1617.16,0.1737,20.0,-1605.22,0.174,20.0,-1582.64,0.1745,20.0,-870.56,0.2011,20.0,-476.63,0.2339,20.0,-346.61,0.2545,20.0,-273.25,0.2708,20.0,-247.22,0.2869,20.0,-232.67,0.3352,20.0
136,2023-05-17,0.1327,0.18542,6.85,15.725,11.4177083333333,0.0,0.18542,2.8685e-09,0.020815,-0.01305,11.19,13.432,6.5235,1.9999,-14.844,-1619.4,-1361.2,-222.96,0.0,0.0,41.229,0.0,6.5235,0.0,-1616.27,0.1738,20.0,-1605.37,0.174,20.0,-1583.21,0.1745,20.0,-877.06,0.2007,20.0,-481.28,0.2332,20.0,-348.75,0.2541,20.0,-274.5,0.2704,20.0,-248.3,0.2866,20.0,-233.62,0.335,20.0
137,2023-05-18,0.0051,0.33528,2.475,20.725,11.7791666666667,0.0,0.33528,-3.4761e-09,0.031734,-0.012901,11.19,13.767,6.5235,2.032,-14.857,-1618.5,-1363.3,-223.82,0.0,0.0,41.189,0.0,6.5235,0.0,-1615.49,0.1738,20.0,-1605.27,0.174,20.0,-1583.32,0.1745,20.0,-884.17,0.2004,20.0,-485.66,0.2326,20.0,-350.89,0.2536,20.0,-275.76,0.2701,20.0,-249.37,0.2864,20.0,-234.57,0.3348,20.0
138,2023-05-19,0.0,0.42672,2.825,26.675,15.3260416666667,0.0,0.42672,-2.864e-09,0.034763,-0.012752,11.19,14.194,6.5235,2.0675,-14.869,-1617.6,-1371.7,-224.69,0.0,0.0,41.143,0.0,6.5235,0.0,-1614.79,0.1738,20.0,-1605.18,0.174,20.0,-1586.31,0.1744,20.0,-901.66,0.1994,20.0,-490.09,0.2321,20.0,-353.02,0.2532,20.0,-277.01,0.2698,20.0,-250.45,0.2861,20.0,-235.52,0.3346,20.0
139,2023-05-20,0.0,0.4064,8.9,26.5,18.53125,0.0,0.4064,4.8703e-09,0.03188,-0.012604,11.19,14.6,6.5235,2.0998,-14.882,-1616.9,-1380.0,-225.55,0.0,0.0,41.096,0.0,6.5235,0.0,-1614.16,0.1738,20.0,-1605.14,0.174,20.0,-1588.73,0.1744,20.0,-918.92,0.1984,20.0,-494.42,0.2316,20.0,-355.13,0.2528,20.0,-278.27,0.2695,20.0,-251.52,0.2859,20.0,-236.48,0.3344,20.0
140,2023-05-21,0.0,0.4445,9.325,29.55,19.6916666666667,0.0,0.4445,-1.1778e-09,0.031813,-0.012457,11.19,15.044,6.5235,2.1321,-14.894,-1616.3,-1387.5,-226.4,0.0,0.0,41.051,0.0,6.5235,0.0,-1613.59,0.1738,20.0,-1605.11,0.174,20.0,-1590.69,0.1743,20.0,-935.31,0.1975,20.0,-498.76,0.2311,20.0,-357.24,0.2524,20.0,-279.53,0.2691,20.0,-252.59,0.2856,20.0,-237.43,0.3342,20.0
141,2023-05-22,0.6886,0.35052,10.125,22.5,16.721875,0.0,0.35052,-3.0377e-09,0.02676,-0.01231,11.19,15.395,6.5235,2.1589,-14.907,-1615.7,-1391.9,-227.26,0.0,0.0,41.01,0.0,6.5235,0.0,-1613.09,0.1738,20.0,-1605.1,0.174,20.0,-1591.36,0.1743,20.0,-945.77,0.1969,20.0,-503.07,0.2307,20.0,-359.34,0.252,20.0,-280.79,0.2688,20.0,-253.66,0.2853,20.0,-238.39,0.3339,20.0
142,2023-05-23,0.0,0.40894,6.175,21.575,14.3166666666667,0.0,0.40894,-1.1478e-09,0.028645,-0.012163,11.19,15.804,6.5235,2.1878,-14.919,-1615.2,-1395.7,-228.11,0.0,0.0,40.969,0.0,6.5235,0.0,-1612.64,0.1738,20.0,-1605.05,0.174,20.0,-1591.97,0.1743,20.0,-955.7,0.1963,20.0,-507.29,0.2302,20.0,-361.42,0.2516,20.0,-282.06,0.2685,20.0,-254.72,0.2851,20.0,-239.35,0.3337,20.0
143,2023-05-24,0.0578,0.2794,9.5,20.725,14.33125,0.0,0.2794,4.859e-09,0.022416,-0.012017,11.19,16.083,6.5235,2.2101,-14.931,-1614.7,-1396.5,-228.96,0.0,0.0,40.932,0.0,6.5235,0.0,-1612.23,0.1739,20.0,-1604.99,0.174,20.0,-1591.62,0.1743,20.0,-959.27,0.1961,20.0,-511.27,0.2298,20.0,-363.51,0.2512,20.0,-283.32,0.2682,20.0,-255.78,0.2848,20.0,-240.3,0.3335,20.0
144,2023-05-25,0.1445,0.14732,10.4,15.825,12.5489583333333,0.0,0.14732,-5.1145e-09,0.014509,-0.011871,11.19,16.231,6.5235,2.2243,-14.943,-1614.3,-1390.5,-229.81,0.0,0.0,40.902,0.0,6.5235,0.0,-1611.86,0.1739,20.0,-1604.84,0.174,20.0,-1589.08,0.1743,20.0,-950.01,0.1966,20.0,-514.95,0.2294,20.0,-365.58,0.2508,20.0,-284.58,0.2678,20.0,-256.84,0.2846,20.0,-241.27,0.3333,20.0
145,2023-05-26,0.1394,0.11938,10.425,14.8,12.3583333333333,0.0,0.11938,6.0377e-09,0.01312,-0.011726,11.19,16.35,6.5235,2.2371,-14.955,-1613.9,-1381.1,-230.65,0.0,0.0,40.877,0.0,6.5235,0.0,-1611.52,0.1739,20.0,-1604.5,0.174,20.0,-1584.74,0.1744,20.0,-935.66,0.1974,20.0,-518.18,0.2291,20.0,-367.64,0.2504,20.0,-285.85,0.2675,20.0,-257.9,0.2843,20.0,-242.23,0.3331,20.0
146,2023-05-27,1.7901,0.10922,9.75,12.975,11.4697916666667,0.0,0.10922,-2.9304e-09,0.013075,-0.011581,11.19,16.459,6.5235,2.2499,-14.966,-1613.6,-1371.8,-231.49,0.0,0.0,40.852,0.0,6.5235,0.0,-1611.17,0.1739,20.0,-1603.96,0.174,20.0,-1579.55,0.1746,20.0,-922.76,0.1982,20.0,-521.01,0.2288,20.0,-369.69,0.25,20.0,-287.11,0.2672,20.0,-258.95,0.284,20.0,-243.2,0.3329,20.0
147,2023-05-28,0.1819,0.37846,8.75,23.6,15.5322916666667,0.0,0.37846,-8.1318e-09,0.032661,-0.011436,11.19,16.838,6.5235,2.2836,-14.978,-1613.2,-1375.7,-232.34,0.0,0.0,40.817,0.0,6.5235,0.0,-1610.8,0.1739,20.0,-1603.39,0.174,20.0,-1581.29,0.1745,20.0,-932.75,0.1977,20.0,-523.58,0.2285,20.0,-371.7,0.2496,20.0,-288.38,0.2669,20.0,-260.0,0.2838,20.0,-244.17,0.3327,20.0
148,2023-05-29,0.0374,0.44196,10.375,22.775,16.4135416666667,0.0,0.44196,9.004e-11,0.032664,-0.011291,11.19,17.28,6.5235,2.3172,-14.989,-1612.8,-1388.0,-233.18,0.0,0.0,40.772,0.0,6.5235,0.0,-1610.42,0.1739,20.0,-1603.21,0.174,20.0,-1586.42,0.1744,20.0,-955.49,0.1964,20.0,-526.32,0.2282,20.0,-373.68,0.2492,20.0,-289.64,0.2665,20.0,-261.05,0.2835,20.0,-245.13,0.3326,20.0
149,2023-05-30,0.0,0.44958,9.5,25.775,17.7614583333333,0.0,0.44958,1.1664e-09,0.030181,-0.011147,11.19,17.729,6.5235,2.3481,-15.0,-1612.5,-1399.0,-234.01,0.0,0.0,40.729,0.0,6.5235,0.0,-1610.07,0.1739,20.0,-1603.23,0.174,20.0,-1590.1,0.1743,20.0,-976.16,0.1952,20.0,-529.35,0.2279,20.0,-375.67,0.2488,20.0,-290.9,0.2662,20.0,-262.09,0.2833,20.0,-246.09,0.3324,20.0
150,2023-05-31,0.017,0.33528,6.725,26.0,15.9875,0.0,0.33528,-3.6621e-09,0.024149,-0.011003,11.19,18.064,6.5235,2.3723,-15.011,-1612.1,-1404.7,-234.85,0.0,0.0,40.69,0.0,6.5235,0.0,-1609.75,0.1739,20.0,-1603.28,0.174,20.0,-1591.39,0.1743,20.0,-988.63,0.1946,20.0,-532.57,0.2276,20.0,-377.61,0.2485,20.0,-292.17,0.2659,20.0,-263.14,0.283,20.0,-247.05,0.3322,20.0
151,2023-06-01,0.0085,0.26162,8.35,20.425,14.171875,0.0,0.26162,-3.5429e-09,0.059414,-0.010859,11.19,18.326,6.5235,2.4222,-15.022,-1611.8,-1167.8,-235.69,0.0,0.0,40.647,0.0,6.5235,0.0,-1609.47,0.1739,20.0,-1603.27,0.174,20.0,-1590.96,0.1743,20.0,-1009.62,0.1938,20.0,-537.22,0.2271,20.0,-379.54,0.2481,20.0,-293.43,0.2655,20.0,-264.18,0.2828,20.0,-248.01,0.3321,20.0
152,2023-06-02,0.7684,0.10414,11.1,13.225,12.0458333333333,0.0,0.10414,1.2869e-10,0.026266,-0.010715,11.19,18.43,6.5235,2.4482,-15.033,-1611.5,-1175.1,-236.52,0.0,0.0,40.594,0.0,6.5235,0.0,-1609.22,0.1739,20.0,-1603.14,0.174,20.0,-1588.04,0.1744,20.0,-1030.83,0.1928,20.0,-550.66,0.2256,20.0,-381.6,0.2477,20.0,-294.69,0.2652,20.0,-265.21,0.2825,20.0,-248.97,0.3319,20.0
153,2023-06-03,0.6732,0.1905,8.7,14.75,12.2625,0.0,0.1905,7.67e-09,0.044894,-0.010571,11.19,18.621,6.5235,2.4934,-15.044,-1611.3,-1182.1,-237.36,0.0,0.0,40.547,0.0,6.5235,0.0,-1608.98,0.1739,20.0,-1602.84,0.1741,20.0,-1585.41,0.1744,20.0,-1051.65,0.1921,20.0,-562.14,0.2245,20.0,-383.77,0.2473,20.0,-295.95,0.2649,20.0,-266.25,0.2823,20.0,-249.92,0.3318,20.0
154,2023-06-04,0.0153,0.41656,5.925,23.65,15.775,0.0,0.41656,-6.5666e-09,0.075232,-0.010427,11.19,19.037,6.5235,2.5713,-15.054,-1611.0,-1204.8,-238.2,0.0,0.0,40.474,0.0,6.5235,0.0,-1608.73,0.1739,20.0,-1602.57,0.1741,20.0,-1587.79,0.1744,20.0,-1112.08,0.1897,20.0,-581.76,0.2224,20.0,-386.15,0.2469,20.0,-297.22,0.2646,20.0,-267.28,0.282,20.0,-250.87,0.3316,20.0
155,2023-06-05,0.017,0.37592,10.2,25.875,17.9572916666667,0.0,0.37592,7.4435e-09,0.063107,-0.010282,11.19,19.413,6.5235,2.6362,-15.064,-1610.8,-1231.5,-239.04,0.0,0.0,40.393,0.0,6.5235,0.0,-1608.49,0.1739,20.0,-1602.51,0.1741,20.0,-1590.99,0.1743,20.0,-1182.6,0.1867,20.0,-604.32,0.22,20.0,-388.8,0.2465,20.0,-298.48,0.2642,20.0,-268.31,0.2818,20.0,-251.82,0.3314,20.0
156,2023-06-06,0.0017,0.32258,9.85,21.75,15.0395833333333,0.0,0.32258,-4.7496e-09,0.051843,-0.010136,11.19,19.736,6.5235,2.6891,-15.075,-1610.5,-1252.5,-239.89,0.0,0.0,40.324,0.0,6.5235,0.0,-1608.27,0.1739,20.0,-1602.54,0.1741,20.0,-1592.99,0.1743,20.0,-1239.17,0.1844,20.0,-623.81,0.2182,20.0,-391.7,0.2461,20.0,-299.76,0.2639,20.0,-269.34,0.2815,20.0,-252.77,0.3313,20.0
157,2023-06-07,0.0034,0.4191,7.425,26.35,17.7479166666667,0.0,0.4191,2.2042e-09,0.055904,-0.0099892,11.19,20.155,6.5235,2.7466,-15.085,-1610.3,-1272.5,-240.74,0.0,0.0,40.259,0.0,6.5235,0.0,-1608.08,0.1739,20.0,-1602.61,0.1741,20.0,-1594.92,0.1742,20.0,-1294.97,0.1828,20.0,-643.66,0.2167,20.0,-394.83,0.2456,20.0,-301.05,0.2636,20.0,-270.36,0.2813,20.0,-253.71,0.3311,20.0
158,2023-06-08,1.123,0.28448,10.95,23.25,17.1291666666667,0.0,0.28448,6.4247e-09,0.039977,-0.0098378,11.19,20.439,6.5235,2.7871,-15.094,-1610.1,-1287.4,-241.62,0.0,0.0,40.2,0.0,6.5235,0.0,-1607.92,0.1739,20.0,-1602.71,0.1741,20.0,-1596.06,0.1742,20.0,-1333.61,0.1816,20.0,-659.5,0.2154,20.0,-398.08,0.2451,20.0,-302.35,0.2632,20.0,-271.38,0.281,20.0,-254.66,0.3309,20.0
159,2023-06-09,0.5614,0.19304,13.25,19.575,15.8625,0.0,0.19304,-3.0022e-09,0.028619,-0.0097243,11.19,20.632,6.5235,2.8157,-15.104,-1610.0,-1294.0,-242.66,0.0,0.0,40.156,0.0,6.5235,0.0,-1607.78,0.1739,20.0,-1602.79,0.1741,20.0,-1596.3,0.1742,20.0,-1348.72,0.1812,20.0,-668.24,0.2147,20.0,-401.4,0.2447,20.0,-303.68,0.2629,20.0,-272.4,0.2808,20.0,-255.6,0.3308,20.0
160,2023-06-10,0.0238,0.24638,11.4,20.7,15.959375,0.0,0.24638,-8.5998e-09,0.033857,-0.0096469,11.19,20.879,6.5235,2.8499,-15.114,-1609.8,-1299.6,-243.7,0.0,0.0,40.115,0.0,6.5235,0.0,-1607.67,0.174,20.0,-1602.85,0.1741,20.0,-1596.53,0.1742,20.0,-1360.21,0.1809,20.0,-676.88,0.2141,20.0,-404.67,0.2442,20.0,-305.02,0.2626,20.0,-273.43,0.2805,20.0,-256.55,0.3306,20.0
161,2023-06-11,0.0136,0.41148,8.85,23.425,16.7239583333333,0.0,0.41148,3.8571e-09,0.045249,-0.009573,11.19,21.29,6.5235,2.8962,-15.123,-1609.7,-1311.3,-244.7,0.0,0.0,40.065,0.0,6.5235,0.0,-1607.57,0.174,20.0,-1602.9,0.1741,20.0,-1597.41,0.1742,20.0,-1386.21,0.1801,20.0,-692.0,0.213,20.0,-407.91,0.2437,20.0,-306.39,0.2623,20.0,-274.45,0.2803,20.0,-257.5,0.3304,20.0
162,2023-06-12,0.0102,0.41402,9.95,24.225,17.5041666666667,0.0,0.41402,-1.229e-10,0.041948,-0.0095006,11.19,21.704,6.5235,2.9391,-15.133,-1609.6,-1324.9,-245.68,0.0,0.0,40.011,0.0,6.5235,0.0,-1607.5,0.174,20.0,-1602.98,0.1741,20.0,-1598.26,0.1742,20.0,-1416.22,0.1792,20.0,-708.73,0.2116,20.0,-411.11,0.2433,20.0,-307.76,0.262,20.0,-275.47,0.28,20.0,-258.45,0.3303,20.0
163,2023-06-13,0.0051,0.46482,7.65,26.175,17.7364583333333,0.0,0.46482,-4.8908e-09,0.041463,-0.0094292,11.19,22.169,6.5235,2.9814,-15.142,-1609.5,-1337.7,-246.64,0.0,0.0,39.959,0.0,6.5235,0.0,-1607.44,0.174,20.0,-1603.07,0.1741,20.0,-1598.87,0.1741,20.0,-1443.08,0.1784,20.0,-725.04,0.2104,20.0,-414.32,0.2428,20.0,-309.16,0.2617,20.0,-276.5,0.2798,20.0,-259.4,0.3301,20.0
164,2023-06-14,0.0,0.44958,8.75,19.225,16.26875,0.0,0.44958,-4.984e-09,0.037798,-0.0093589,11.19,22.619,6.5235,3.0199,-15.152,-1609.5,-1349.2,-247.6,0.0,0.0,39.909,0.0,6.5235,0.0,-1607.4,0.174,20.0,-1603.17,0.174,20.0,-1599.28,0.1741,20.0,-1465.35,0.1777,20.0,-741.33,0.2091,20.0,-417.56,0.2423,20.0,-310.56,0.2615,20.0,-277.53,0.2795,20.0,-260.36,0.33,20.0
165,2023-06-15,0.0,0.26924,5.1,17.1,11.3458333333333,0.0,0.26924,-1.102e-09,0.026206,-0.009289,11.19,22.888,6.5235,3.0461,-15.161,-1609.4,-1354.8,-248.54,0.0,0.0,39.868,0.0,6.5235,0.0,-1607.37,0.174,20.0,-1603.28,0.174,20.0,-1599.45,0.1741,20.0,-1475.26,0.1774,20.0,-751.1,0.2083,20.0,-420.77,0.2419,20.0,-311.97,0.2612,20.0,-278.56,0.2793,20.0,-261.31,0.3298,20.0
166,2023-06-16,0.0119,0.4318,3.15,23.3,13.9916666666667,0.0,0.4318,-2.6873e-09,0.034347,-0.0092197,11.19,23.32,6.5235,3.081,-15.17,-1609.4,-1360.7,-249.48,0.0,0.0,39.828,0.0,6.5235,0.0,-1607.36,0.174,20.0,-1603.38,0.174,20.0,-1599.6,0.1741,20.0,-1484.89,0.1772,20.0,-762.01,0.2075,20.0,-423.98,0.2414,20.0,-313.39,0.2609,20.0,-279.6,0.279,20.0,-262.26,0.3296,20.0
167,2023-06-17,0.068,0.3937,10.05,22.15,15.9583333333333,0.0,0.3937,4.4585e-09,0.031101,-0.009151,11.19,23.713,6.5235,3.1124,-15.18,-1609.4,-1367.4,-250.41,0.0,0.0,39.786,0.0,6.5235,0.0,-1607.37,0.174,20.0,-1603.47,0.174,20.0,-1599.77,0.1741,20.0,-1495.53,0.1768,20.0,-773.68,0.2066,20.0,-427.14,0.241,20.0,-314.81,0.2606,20.0,-280.64,0.2788,20.0,-263.21,0.3295,20.0
168,2023-06-18,0.2451,0.34036,5.15,18.225,12.6614583333333,0.0,0.34036,6.1574e-09,0.027513,-0.0090826,11.19,24.054,6.5235,3.1401,-15.189,-1609.4,-1372.3,-251.34,0.0,0.0,39.747,0.0,6.5235,0.0,-1607.38,0.174,20.0,-1603.56,0.174,20.0,-1599.89,0.1741,20.0,-1502.38,0.1766,20.0,-783.72,0.206,20.0,-430.24,0.2405,20.0,-316.23,0.2604,20.0,-281.69,0.2785,20.0,-264.16,0.3293,20.0
169,2023-06-19,0.0,0.4699,5.55,17.625,11.7541666666667,0.0,0.4699,1.7011e-09,0.032059,-0.0090148,11.19,24.524,6.5235,3.1726,-15.198,-1609.4,-1378.2,-252.26,0.0,0.0,39.708,0.0,6.5235,0.0,-1607.4,0.174,20.0,-1603.64,0.174,20.0,-1600.0,0.1741,20.0,-1510.82,0.1764,20.0,-795.62,0.2054,20.0,-433.3,0.2401,20.0,-317.66,0.2601,20.0,-282.74,0.2783,20.0,-265.12,0.3291,20.0
170,2023-06-20,0.0,0.4445,4.825,18.9,11.8979166666667,0.0,0.4445,5.9936e-09,0.029709,-0.0089472,11.19,24.968,6.5235,3.2026,-15.207,-1609.4,-1384.5,-253.17,0.0,0.0,39.668,0.0,6.5235,0.0,-1607.43,0.174,20.0,-1603.73,0.174,20.0,-1600.13,0.1741,20.0,-1519.53,0.1761,20.0,-807.82,0.2047,20.0,-436.32,0.2396,20.0,-319.09,0.2598,20.0,-283.79,0.278,20.0,-266.07,0.329,20.0
171,2023-06-21,0.0289,0.34798,0.75,18.575,10.0989583333333,0.0,0.34798,-4.6075e-09,0.024978,-0.0088801,11.19,25.316,6.5235,3.2277,-15.216,-1609.4,-1388.2,-254.08,0.0,0.0,39.631,0.0,6.5235,0.0,-1607.46,0.174,20.0,-1603.81,0.174,20.0,-1600.25,0.1741,20.0,-1524.21,0.176,20.0,-816.22,0.2042,20.0,-439.31,0.2392,20.0,-320.53,0.2595,20.0,-284.85,0.2777,20.0,-267.02,0.3288,20.0
172,2023-06-22,0.0051,0.4064,1.225,21.425,12.753125,0.0,0.4064,8.4423e-09,0.026851,-0.0088131,11.19,25.723,6.5235,3.2547,-15.224,-1609.5,-1391.6,-254.99,0.0,0.0,39.596,0.0,6.5235,0.0,-1607.5,0.174,20.0,-1603.89,0.174,20.0,-1600.34,0.1741,20.0,-1527.99,0.1759,20.0,-824.45,0.2037,20.0,-442.24,0.2388,20.0,-321.96,0.2593,20.0,-285.91,0.2775,20.0,-267.97,0.3286,20.0
173,2023-06-23,0.4835,0.32004,4.275,23.925,13.8770833333333,0.0,0.32004,1.1549e-09,0.022791,-0.0087467,11.19,26.043,6.5235,3.2775,-15.233,-1609.5,-1393.9,-255.89,0.0,0.0,39.563,0.0,6.5235,0.0,-1607.54,0.174,20.0,-1603.96,0.174,20.0,-1600.42,0.1741,20.0,-1530.06,0.1758,20.0,-830.72,0.2034,20.0,-445.16,0.2384,20.0,-323.39,0.259,20.0,-286.98,0.2772,20.0,-268.91,0.3285,20.0
174,2023-06-24,0.0204,0.40132,9.65,24.3,16.6302083333333,0.0,0.40132,3.3315e-09,0.025776,-0.0086803,11.19,26.444,6.5235,3.3035,-15.242,-1609.5,-1396.7,-256.79,0.0,0.0,39.53,0.0,6.5235,0.0,-1607.59,0.174,20.0,-1604.04,0.174,20.0,-1600.49,0.1741,20.0,-1532.6,0.1758,20.0,-838.0,0.203,20.0,-448.01,0.238,20.0,-324.82,0.2587,20.0,-288.05,0.277,20.0,-269.86,0.3283,20.0
175,2023-06-25,0.5101,0.34036,6.85,25.475,15.0083333333333,-2.1611,0.34036,-2.1611,0.22423,-0.0086145,9.0289,26.784,4.3624,3.448,-15.25,-46.929,-861.91,-257.68,0.0,0.0,41.542,2.1611,6.5235,0.0,-56.21,0.3823,20.0,-89.85,0.3522,20.0,-297.64,0.2644,20.0,-1533.53,0.1757,20.0,-843.45,0.2027,20.0,-450.79,0.2376,20.0,-326.25,0.2584,20.0,-289.12,0.2767,20.0,-270.81,0.3282,20.0
176,2023-06-26,0.0102,0.43942,7.55,25.375,16.71875,-1.6612,0.43942,-1.6612,0.38723,-0.0085483,7.3677,27.224,2.7012,3.794,-15.259,-42.127,-539.0,-258.57,0.0,0.0,42.854,3.8223,6.5235,0.0,-46.99,0.392,20.0,-60.46,0.3779,20.0,-91.65,0.3508,20.0,-1143.14,0.1883,20.0,-853.55,0.2021,20.0,-453.53,0.2372,20.0,-327.68,0.2581,20.0,-290.2,0.2764,20.0,-271.76,0.328,20.0
177,2023-06-27,0.3195,0.34036,7.675,24.625,16.1354166666667,-1.9705,0.34036,-1.9705,0.3369,-0.0084829,5.3972,27.564,0.73068,4.1182,-15.268,-28.477,-259.81,-259.46,0.0,0.0,44.489,5.7928,6.5235,0.0,-31.04,0.4102,20.0,-37.54,0.4026,20.0,-49.96,0.3888,20.0,-125.69,0.3278,20.0,-854.79,0.202,20.0,-456.28,0.2368,20.0,-329.11,0.2579,20.0,-291.29,0.2762,20.0,-272.7,0.3278,20.0
178,2023-06-28,0.6885,0.35052,10.85,22.875,16.246875,0.0,0.35052,2.8871e-07,0.35052,-0.0084177,5.3972,27.915,0.73068,4.4682,-15.276,-102.43,-167.22,-260.34,0.0,0.0,44.131,5.7928,6.5235,0.0,-100.95,0.344,20.0,-100.04,0.3446,20.0,-103.02,0.3426,20.0,-132.78,0.3239,20.0,-327.91,0.2581,20.0,-458.95,0.2364,20.0,-330.53,0.2576,20.0,-292.38,0.2759,20.0,-273.65,0.3277,20.0
179,2023-06-29,0.0051,0.4699,9.825,28.45,19.3947916666667,-3.3071,0.4699,-3.3071,0.4699,-0.0083524,2.0901,28.384,-2.5764,4.9381,-15.284,-11.749,-51.181,-261.22,0.0,0.0,46.973,9.0999,6.5235,0.0,-12.93,0.4313,20.0,-15.86,0.428,20.0,-21.03,0.4221,20.0,-42.04,0.3975,20.0,-121.55,0.3301,20.0,-458.13,0.2365,20.0,-331.94,0.2573,20.0,-293.47,0.2756,20.0,-274.6,0.3275,20.0
180,2023-06-30,0.0,0.46482,12.425,30.125,22.1291666666667,0.0,0.46482,4.787e-07,0.46482,-0.0082878,2.0901,28.849,-2.5764,5.4029,-15.293,-79.397,-80.481,-262.1,0.0,0.0,46.5,9.0999,6.5235,0.0,-77.68,0.3621,20.0,-75.09,0.3643,20.0,-73.36,0.3659,20.0,-76.41,0.3631,20.0,-96.12,0.3472,20.0,-302.99,0.2631,20.0,-333.35,0.257,20.0,-294.57,0.2754,20.0,-275.54,0.3273,20.0
181,2023-07-01,0.0,0.58928,14.4,31.125,22.9822916666667,-3.302,0.58928,-3.302,0.58928,-0.0082229,-1.2119,29.439,-5.8784,5.9922,-15.301,-9.8854,-41.269,-262.98,0.0,0.0,49.222,12.402,6.5235,0.0,-10.61,0.4337,20.0,-12.38,0.4318,20.0,-15.32,0.4286,20.0,-25.44,0.4168,20.0,-47.69,0.3912,20.0,-163.93,0.308,20.0,-334.61,0.2568,20.0,-295.67,0.2751,20.0,-276.49,0.3272,20.0
182,2023-07-02,0.0,0.44958,8.7,27.4,19.7010416666667,0.0,0.44958,-7.4413e-07,0.44958,-0.0081585,-1.2119,29.888,-5.8784,6.4418,-15.309,-67.517,-64.182,-263.85,0.0,0.0,48.747,12.402,6.5235,0.0,-65.7,0.373,20.0,-62.67,0.3759,20.0,-59.96,0.3784,20.0,-58.09,0.3804,20.0,-62.41,0.3761,20.0,-95.56,0.3476,20.0,-332.06,0.2573,20.0,-296.77,0.2748,20.0,-277.43,0.327,20.0
183,2023-07-03,0.8263,0.37592,8.675,23.075,14.9052083333333,-2.4773,0.37592,-2.4773,0.37592,-0.0080943,-3.6892,30.264,-8.3557,6.8177,-15.317,-14.602,-33.862,-264.72,0.0,0.0,50.828,14.879,6.5235,0.0,-15.34,0.4286,20.0,-17.05,0.4266,20.0,-19.76,0.4235,20.0,-27.74,0.4141,20.0,-40.87,0.3989,20.0,-77.13,0.3626,20.0,-295.78,0.2649,20.0,-297.77,0.2746,20.0,-278.38,0.3269,20.0
184,2023-07-04,0.0102,0.29972,7.075,18.65,12.45,0.0,0.29972,3.5577e-07,0.29972,-0.0080302,-3.6892,30.564,-8.3557,7.1174,-15.325,-63.217,-55.401,-265.59,0.0,0.0,50.509,14.879,6.5235,0.0,-61.36,0.3771,20.0,-58.26,0.3802,20.0,-55.31,0.3833,20.0,-52.15,0.3866,20.0,-52.87,0.3858,20.0,-65.32,0.3734,20.0,-210.08,0.2897,20.0,-297.71,0.2746,20.0,-279.31,0.3267,20.0
185,2023-07-05,0.0,0.3937,4.425,25.325,14.9354166666667,0.0,0.3937,2.6077e-07,0.3937,-0.0079662,-3.6892,30.958,-8.3557,7.5111,-15.333,-86.012,-73.563,-266.46,0.0,0.0,50.139,14.879,6.5235,0.0,-84.17,0.3568,20.0,-80.75,0.3596,20.0,-76.98,0.3627,20.0,-71.46,0.3677,20.0,-69.05,0.3699,20.0,-74.07,0.3652,20.0,-153.81,0.3125,20.0,-289.99,0.2765,20.0,-280.13,0.3266,20.0
186,2023-07-06,0.0,0.3937,7.475,26.875,17.6114583333333,0.0,0.3937,6.7987e-08,0.3937,-0.0079025,-3.6892,31.351,-8.3557,7.9048,-15.341,-107.1,-90.498,-267.32,0.0,0.0,49.737,14.879,6.5235,0.0,-105.27,0.341,20.0,-101.57,0.3435,20.0,-97.01,0.3466,20.0,-89.11,0.3528,20.0,-83.99,0.357,20.0,-84.35,0.3567,20.0,-135.42,0.3225,20.0,-264.74,0.2826,20.0,-280.08,0.3266,20.0
187,2023-07-07,0.0,0.41148,7.825,25.75,17.7020833333333,0.0,0.41148,-5.262e-08,0.41148,-0.0078403,-3.6892,31.763,-8.3557,8.3163,-15.349,-128.8,-107.26,-268.16,0.0,0.0,49.327,14.879,6.5235,0.0,-127.0,0.3271,20.0,-123.01,0.3293,20.0,-117.56,0.3327,20.0,-106.73,0.34,20.0,-98.15,0.3459,20.0,-93.97,0.3489,20.0,-129.48,0.3257,20.0,-233.87,0.2908,20.0,-277.62,0.327,20.0
188,2023-07-08,0.0,0.42672,7.15,28.65,18.55625,0.0,0.42672,-1.8487e-07,0.42672,-0.0077818,-3.6892,32.189,-8.3557,8.743,-15.357,-153.08,-125.4,-268.95,0.0,0.0,48.9,14.879,6.5235,0.0,-151.4,0.3136,20.0,-147.2,0.3159,20.0,-140.58,0.3196,20.0,-125.41,0.328,20.0,-112.88,0.3358,20.0,-104.21,0.3417,20.0,-128.71,0.3262,20.0,-209.87,0.2985,20.0,-271.2,0.3281,20.0
189,2023-07-09,0.0,0.46482,9.525,32.1,20.8197916666667,0.0,0.46482,-1.383e-07,0.46482,-0.0077342,-3.6892,32.654,-8.3557,9.2078,-15.365,-183.46,-145.98,-269.59,0.0,0.0,48.446,14.879,6.5235,0.0,-181.95,0.3002,20.0,-177.14,0.3024,20.0,-168.22,0.3063,20.0,-146.31,0.3165,20.0,-128.48,0.3263,20.0,-113.78,0.3352,20.0,-130.15,0.3254,20.0,-193.18,0.3038,20.0,-261.14,0.3298,20.0
190,2023-07-10,0.0,0.4191,11.95,31.35,21.0125,0.0,0.4191,-2.0023e-08,0.4191,-0.0077087,-3.6892,33.073,-8.3557,9.6269,-15.372,-218.51,-168.2,-269.93,0.0,0.0,47.997,14.879,6.5235,0.0,-217.12,0.2873,20.0,-211.27,0.2893,20.0,-198.73,0.2935,20.0,-168.91,0.3058,20.0,-143.97,0.3177,20.0,-123.41,0.3291,20.0,-132.8,0.3239,20.0,-182.52,0.3081,20.0,-249.03,0.3319,20.0
191,2023-07-11,0.0,0.3302,10.675,25.05,17.6322916666667,0.0,0.3302,-7.3109e-08,0.3302,-0.0077207,-3.6892,33.404,-8.3557,9.9571,-15.38,-251.63,-188.9,-269.76,0.0,0.0,47.614,14.879,6.5235,0.0,-250.21,0.2767,20.0,-242.89,0.2785,20.0,-227.51,0.2836,20.0,-189.19,0.2969,20.0,-158.55,0.3104,20.0,-133.0,0.3237,20.0,-136.14,0.322,20.0,-176.01,0.3108,20.0,-236.92,0.3343,20.0
192,2023-07-12,0.0,0.43434,9.325,29.675,19.7041666666667,0.0,0.43434,3.7253e-08,0.43434,-0.0077867,-3.6892,33.838,-8.3557,10.391,-15.388,-293.87,-213.82,-268.86,0.0,0.0,47.224,14.879,6.5235,0.0,-293.31,0.2658,20.0,-285.34,0.2678,20.0,-264.83,0.2731,20.0,-213.55,0.2886,20.0,-174.03,0.3037,20.0,-141.9,0.3189,20.0,-139.7,0.3201,20.0,-172.12,0.3124,20.0,-226.48,0.3366,20.0
193,2023-07-13,0.0902,0.3937,10.875,28.325,18.1260416666667,-1.3602,0.3937,-1.3602,0.3937,-0.0079103,-5.0494,34.232,-9.7159,10.785,-15.396,-57.955,-164.91,-267.23,0.0,0.0,48.169,16.239,6.5235,0.0,-65.83,0.3729,20.0,-88.17,0.3536,20.0,-136.28,0.322,20.0,-224.1,0.2849,20.0,-189.76,0.2967,20.0,-150.91,0.3139,20.0,-143.33,0.3181,20.0,-169.71,0.3133,20.0,-217.64,0.3386,20.0
194,2023-07-14,0.0,0.35306,8.625,26.925,17.66875,-1.27,0.35306,-1.27,0.35306,-0.0081061,-6.3194,34.585,-10.986,11.138,-15.404,-44.699,-127.31,-264.59,0.0,0.0,49.074,17.509,6.5235,0.0,-48.4,0.3904,20.0,-57.53,0.3809,20.0,-73.86,0.3654,20.0,-132.67,0.324,20.0,-182.86,0.2998,20.0,-159.08,0.3102,20.0,-147.02,0.316,20.0,-168.58,0.3138,20.0,-210.61,0.3402,20.0
195,2023-07-15,0.0,0.41402,9.325,30.425,20.0177083333333,-1.27,0.41402,-1.27,0.41402,-0.008384,-7.5894,34.999,-12.256,11.552,-15.412,-38.514,-96.206,-260.84,0.0,0.0,49.942,18.779,6.5235,0.0,-40.88,0.3988,20.0,-46.38,0.3926,20.0,-55.34,0.3832,20.0,-83.88,0.3571,20.0,-128.86,0.3261,20.0,-157.18,0.311,20.0,-150.62,0.314,20.0,-168.36,0.3139,20.0,-205.22,0.3414,20.0
196,2023-07-16,0.0,0.4318,10.125,31.8,21.578125,-1.27,0.4318,-1.27,0.4318,-0.0087265,-8.8594,35.43,-13.526,11.984,-15.421,-34.585,-73.592,-256.21,0.0,0.0,50.778,20.049,6.5235,0.0,-36.32,0.404,20.0,-40.33,0.3994,20.0,-46.32,0.3927,20.0,-63.45,0.3752,20.0,-90.07,0.3521,20.0,-136.0,0.3221,20.0,-153.3,0.3127,20.0,-168.64,0.3138,20.0,-201.04,0.3424,20.0
197,2023-07-17,0.0102,0.46736,11.6,31.9,21.653125,-1.2802,0.46736,-1.2802,0.46736,-0.0091158,-10.14,35.898,-14.806,12.451,-15.43,-32.219,-59.163,-250.92,0.0,0.0,51.593,21.33,6.5235,0.0,-33.62,0.4072,20.0,-36.71,0.4036,20.0,-41.22,0.3985,20.0,-52.79,0.386,20.0,-69.47,0.3696,20.0,-106.07,0.3405,20.0,-151.53,0.3135,20.0,-168.84,0.3137,20.0,-197.78,0.3431,20.0
198,2023-07-18,0.0,0.4445,5.8,28.55,18.1614583333333,-2.54,0.4445,-2.54,0.4445,-0.0095319,-12.68,36.342,-17.346,12.896,-15.439,-13.604,-29.506,-245.3,0.0,0.0,53.672,23.87,6.5235,0.0,-14.32,0.4298,20.0,-15.94,0.428,20.0,-18.33,0.4253,20.0,-24.87,0.4175,20.0,-35.11,0.4054,20.0,-63.3,0.3753,20.0,-138.04,0.321,20.0,-167.62,0.3142,20.0,-195.04,0.3437,20.0
199,2023-07-19,0.0,0.4191,5.7,27.475,18.4979166666667,0.0,0.4191,1.2387e-07,0.4191,-0.010095,-12.68,36.761,-17.346,13.315,-15.449,-62.742,-53.024,-240.17,0.0,0.0,53.237,23.87,6.5235,0.0,-60.9,0.3775,20.0,-57.75,0.3807,20.0,-54.62,0.384,20.0,-50.67,0.3881,20.0,-49.9,0.3889,20.0,-56.27,0.3823,20.0,-105.42,0.341,20.0,-160.08,0.3173,20.0,-191.99,0.3444,20.0
200,2023-07-20,0.0,0.43942,6.725,31.125,21.0604166666667,-1.27,0.43942,-1.27,0.43942,-0.010963,-13.95,37.201,-18.616,13.754,-15.459,-31.55,-45.823,-235.13,0.0,0.0,54.062,25.14,6.5235,0.0,-32.81,0.4081,20.0,-35.45,0.405,20.0,-38.97,0.401,20.0,-45.57,0.3936,20.0,-51.26,0.3875,20.0,-58.93,0.3795,20.0,-88.65,0.3532,20.0,-141.47,0.3261,20.0,-186.2,0.3461,20.0
201,2023-07-21,0.0,0.47244,9.5,35.65,23.0864583333333,0.0,0.47244,1.3411e-07,0.47244,-0.011881,-13.95,37.673,-18.616,14.227,-15.471,-74.833,-64.09,-229.79,0.0,0.0,53.589,25.14,6.5235,0.0,-73.03,0.366,20.0,-69.96,0.3689,20.0,-66.87,0.3719,20.0,-62.64,0.3759,20.0,-60.71,0.3778,20.0,-62.16,0.3764,20.0,-81.81,0.3588,20.0,-122.92,0.3358,20.0,-174.62,0.3495,20.0
202,2023-07-22,0.0,0.46736,11.45,36.55,24.0,0.0,0.46736,3.7253e-08,0.46736,-0.012926,-13.95,38.141,-18.616,14.694,-15.484,-99.029,-81.512,-223.65,0.0,0.0,53.106,25.14,6.5235,0.0,-97.21,0.3464,20.0,-93.63,0.3491,20.0,-89.24,0.3527,20.0,-81.02,0.3594,20.0,-74.72,0.3646,20.0,-70.32,0.3688,20.0,-80.96,0.3595,20.0,-110.74,0.3434,20.0,-158.93,0.354,20.0
203,2023-07-23,0.0,0.45974,9.95,36.05,24.60625,0.0,0.45974,3.6787e-08,0.45974,-0.014272,-13.95,38.6,-18.616,15.154,-15.498,-122.22,-98.525,-215.77,0.0,0.0,52.629,25.14,6.5235,0.0,-120.43,0.3307,20.0,-116.46,0.3334,20.0,-110.84,0.3372,20.0,-98.75,0.3454,20.0,-88.54,0.3533,20.0,-79.3,0.3608,20.0,-83.11,0.3577,20.0,-104.44,0.3474,20.0,-144.35,0.3589,20.0
204,2023-07-24,0.0,0.4699,12.925,36.925,24.6635416666667,0.0,0.4699,6.1002e-08,0.4699,-0.016083,-13.95,39.07,-18.616,15.624,-15.513,-147.55,-116.27,-205.22,0.0,0.0,52.148,25.14,6.5235,0.0,-145.83,0.3167,20.0,-141.35,0.3192,20.0,-134.04,0.3232,20.0,-116.93,0.3331,20.0,-102.39,0.343,20.0,-88.35,0.3534,20.0,-86.57,0.3549,20.0,-101.8,0.3491,20.0,-133.9,0.3628,20.0
205,2023-07-25,0.0,0.46482,15.375,29.8,23.028125,0.0,0.46482,-4.1444e-08,0.46482,-0.018352,-13.95,39.535,-18.616,16.089,-15.531,-176.51,-135.3,-192.15,0.0,0.0,51.663,25.14,6.5235,0.0,-174.88,0.3033,20.0,-169.61,0.3056,20.0,-159.68,0.31,20.0,-136.38,0.3219,20.0,-116.22,0.3336,20.0,-97.16,0.3465,20.0,-90.56,0.3517,20.0,-101.35,0.3493,20.0,-126.84,0.3654,20.0
206,2023-07-26,0.0,0.44958,10.725,30.1,20.25,0.0,0.44958,-3.6322e-08,0.44958,-0.023301,-13.95,39.985,-18.616,16.538,-15.553,-209.34,-155.65,-179.24,0.0,0.0,51.184,25.14,6.5235,0.0,-207.79,0.2905,20.0,-201.21,0.2927,20.0,-187.95,0.2975,20.0,-156.76,0.3112,20.0,-130.41,0.3252,20.0,-105.86,0.3406,20.0,-94.87,0.3482,20.0,-102.23,0.3488,20.0,-122.3,0.367,20.0
207,2023-07-27,0.0,0.34036,6.375,25.225,17.2885416666667,0.0,0.34036,6.5658e-08,0.34036,-0.02852,-13.95,40.325,-18.616,16.879,-15.58,-240.27,-174.66,-165.92,0.0,0.0,50.762,25.14,6.5235,0.0,-238.8,0.2797,20.0,-231.43,0.2822,20.0,-215.42,0.2877,20.0,-175.23,0.303,20.0,-142.96,0.3182,20.0,-114.04,0.335,20.0,-99.72,0.3448,20.0,-103.91,0.3477,20.0,-119.54,0.3681,20.0
208,2023-07-28,0.0,0.36068,6.85,28.8,18.3135416666667,0.0,0.36068,-9.8255e-08,0.36068,-0.033254,-13.95,40.686,-18.616,17.239,-15.612,-274.69,-193.95,-153.83,0.0,0.0,50.379,25.14,6.5235,0.0,-273.38,0.2708,20.0,-264.26,0.2731,20.0,-242.71,0.2787,20.0,-193.49,0.2953,20.0,-155.32,0.3118,20.0,-121.84,0.3299,20.0,-104.29,0.3417,20.0,-105.97,0.3464,20.0,-118.02,0.3688,20.0
209,2023-07-29,0.0,0.3937,7.725,31.125,20.24375,0.0,0.3937,-4.61e-08,0.3937,-0.040084,-13.95,41.079,-18.616,17.633,-15.651,-316.32,-216.86,-144.81,0.0,0.0,49.964,25.14,6.5235,0.0,-315.63,0.2605,20.0,-304.58,0.2628,20.0,-278.35,0.2695,20.0,-215.1,0.288,20.0,-168.61,0.306,20.0,-129.54,0.3257,20.0,-108.62,0.3387,20.0,-108.19,0.3449,20.0,-117.29,0.3692,20.0
210,2023-07-30,0.0,0.39116,9.075,32.525,21.4,0.0,0.39116,5.4948e-08,0.39116,-0.046193,-13.95,41.471,-18.616,18.024,-15.695,-371.9,-244.64,-137.6,0.0,0.0,49.526,25.14,6.5235,0.0,-372.29,0.2495,20.0,-359.31,0.252,20.0,-322.83,0.2591,20.0,-239.23,0.2798,20.0,-182.35,0.3,20.0,-137.06,0.3215,20.0,-112.78,0.3359,20.0,-110.49,0.3435,20.0,-117.06,0.3693,20.0
211,2023-07-31,0.0,0.41402,8.5,34.65,22.3989583333333,0.0,0.41402,-7.9162e-09,0.41402,-0.05084,-13.95,41.885,-18.616,18.438,-15.745,-446.6,-278.7,-132.11,0.0,0.0,49.074,25.14,6.5235,0.0,-449.02,0.2379,20.0,-431.72,0.2404,20.0,-378.15,0.2485,20.0,-267.76,0.2722,20.0,-197.54,0.2939,20.0,-144.53,0.3174,20.0,-116.83,0.3332,20.0,-112.82,0.342,20.0,-117.19,0.3692,20.0
212,2023-08-01,0.0,0.43942,14.525,35.1,24.5697916666667,0.0,0.43942,3.3062e-08,0.43942,-0.054247,-13.95,42.324,-18.616,18.878,-15.799,-546.79,-304.62,-128.08,0.0,0.0,48.594,25.14,6.5235,0.0,-553.36,0.2255,20.0,-529.19,0.228,20.0,-452.5,0.2374,20.0,-300.8,0.2637,20.0,-214.5,0.2882,20.0,-152.67,0.313,20.0,-120.87,0.3305,20.0,-115.16,0.3405,20.0,-117.59,0.369,20.0
213,2023-08-02,0.0,0.43688,10.225,34.525,23.2104166666667,0.0,0.43688,-8.8476e-09,0.42521,-0.056658,-13.95,42.761,-18.616,19.307,-15.855,-669.6,-352.95,-125.22,0.0,0.0,48.101,25.14,6.5235,0.0,-683.18,0.2137,20.0,-652.05,0.2161,20.0,-545.1,0.2263,20.0,-340.03,0.2558,20.0,-233.54,0.2817,20.0,-162.01,0.3089,20.0,-125.0,0.3282,20.0,-117.53,0.3389,20.0,-118.23,0.3687,20.0
214,2023-08-03,0.0,0.39624,15.1,34.45,25.1635416666667,0.0,0.39624,0.0,0.37124,-0.058275,-13.95,43.157,-18.616,19.683,-15.913,-805.2,-406.79,-123.3,0.0,0.0,47.64,25.14,6.5235,0.0,-827.76,0.2036,20.0,-793.14,0.2055,20.0,-654.77,0.2158,20.0,-380.77,0.2478,20.0,-253.16,0.2759,20.0,-170.68,0.3051,20.0,-129.1,0.3259,20.0,-119.97,0.3374,20.0,-119.09,0.3683,20.0
215,2023-08-04,0.0,0.35814,14.8,32.1,22.8239583333333,0.0,0.35814,7.9162e-09,0.31937,-0.059254,-13.95,43.515,-18.616,20.008,-15.972,-941.54,-461.49,-122.14,0.0,0.0,47.231,25.14,6.5235,0.0,-969.73,0.1955,20.0,-939.52,0.1971,20.0,-768.66,0.207,20.0,-422.76,0.2416,20.0,-271.0,0.2713,20.0,-178.77,0.3015,20.0,-133.12,0.3237,20.0,-122.55,0.336,20.0,-120.17,0.3678,20.0
216,2023-08-05,0.0051,0.19558,14.25,22.35,17.4322916666667,0.0,0.19558,-3.0268e-09,0.17587,-0.059711,-13.95,43.711,-18.616,20.185,-16.031,-1066.0,-502.84,-121.59,0.0,0.0,46.922,25.14,6.5235,0.0,-1090.73,0.1903,20.0,-1055.41,0.1918,20.0,-857.21,0.2017,20.0,-449.44,0.2376,20.0,-282.96,0.2681,20.0,-185.79,0.2984,20.0,-137.04,0.3215,20.0,-125.16,0.3346,20.0,-121.55,0.3673,20.0
217,2023-08-06,0.0153,0.14986,10.4,18.3,15.1177083333333,0.0,0.14986,1.0594e-08,0.1323,-0.059744,-13.95,43.861,-18.616,20.318,-16.091,-1146.5,-526.96,-121.54,0.0,0.0,46.707,25.14,6.5235,0.0,-1165.04,0.1873,20.0,-1124.45,0.189,20.0,-903.96,0.1992,20.0,-462.31,0.2358,20.0,-290.31,0.2663,20.0,-191.81,0.2958,20.0,-140.8,0.3195,20.0,-127.73,0.3333,20.0,-123.03,0.3668,20.0
218,2023-08-07,0.0017,0.34036,7.9,28.625,17.475,0.0,0.34036,-3.6089e-09,0.2636,-0.059437,-13.95,44.201,-18.616,20.587,-16.151,-1222.5,-562.57,-121.88,0.0,0.0,46.444,25.14,6.5235,0.0,-1252.9,0.1841,20.0,-1208.28,0.1856,20.0,-979.05,0.1951,20.0,-491.07,0.232,20.0,-303.34,0.263,20.0,-198.3,0.2936,20.0,-144.42,0.3175,20.0,-130.25,0.332,20.0,-124.58,0.3662,20.0
219,2023-08-08,0.0017,0.3556,8.675,30.1,19.2875,0.0,0.3556,-3.6089e-09,0.25117,-0.058908,-13.95,44.557,-18.616,20.844,-16.21,-1330.4,-615.43,-122.52,0.0,0.0,46.122,25.14,6.5235,0.0,-1362.97,0.1808,20.0,-1325.67,0.1819,20.0,-1097.45,0.1902,20.0,-543.58,0.2264,20.0,-323.8,0.2589,20.0,-205.64,0.2912,20.0,-147.95,0.3155,20.0,-132.72,0.3307,20.0,-126.21,0.3656,20.0
220,2023-08-09,0.0034,0.4064,13.025,28.9,20.1895833333333,0.0,0.4064,8.1491e-10,0.25573,-0.058171,-13.95,44.963,-18.616,21.106,-16.268,-1414.3,-669.0,-123.38,0.0,0.0,45.804,25.14,6.5235,0.0,-1443.6,0.1784,20.0,-1418.27,0.1791,20.0,-1211.81,0.1855,20.0,-608.13,0.2197,20.0,-346.8,0.2545,20.0,-213.24,0.2886,20.0,-151.46,0.3136,20.0,-135.15,0.3294,20.0,-127.9,0.365,20.0
221,2023-08-10,0.0,0.46228,12.7,27.5,19.2614583333333,0.0,0.46228,-2.9686e-09,0.256,-0.057281,-13.95,45.425,-18.616,21.369,-16.326,-1476.3,-723.42,-124.43,0.0,0.0,45.483,25.14,6.5235,0.0,-1500.9,0.1767,20.0,-1485.59,0.1771,20.0,-1330.58,0.1817,20.0,-691.38,0.213,20.0,-374.75,0.2491,20.0,-221.37,0.2858,20.0,-154.99,0.312,20.0,-137.55,0.3282,20.0,-129.64,0.3643,20.0
222,2023-08-11,0.0,0.39878,9.2,29.525,19.2677083333333,0.0,0.39878,-1.9791e-09,0.20672,-0.056272,-13.95,45.824,-18.616,21.581,-16.382,-1518.6,-770.95,-125.62,0.0,0.0,45.191,25.14,6.5235,0.0,-1536.5,0.1756,20.0,-1527.47,0.1759,20.0,-1415.37,0.1792,20.0,-775.92,0.2065,20.0,-403.85,0.2443,20.0,-229.43,0.2831,20.0,-158.48,0.3104,20.0,-139.95,0.3269,20.0,-131.42,0.3637,20.0
223,2023-08-12,0.0017,0.26924,9.75,31.875,18.0302083333333,0.0,0.26924,1.135e-09,0.13805,-0.055168,-13.95,46.093,-18.616,21.721,-16.437,-1544.9,-803.42,-126.92,0.0,0.0,44.961,25.14,6.5235,0.0,-1556.54,0.175,20.0,-1549.8,0.1752,20.0,-1462.79,0.1778,20.0,-843.98,0.2025,20.0,-423.68,0.2414,20.0,-236.58,0.2806,20.0,-161.91,0.3089,20.0,-142.34,0.3257,20.0,-133.24,0.363,20.0
224,2023-08-13,0.0,0.3556,8.125,28.05,18.1322916666667,0.0,0.3556,-2.3138e-09,0.16417,-0.053991,-13.95,46.449,-18.616,21.888,-16.492,-1566.0,-832.47,-128.3,0.0,0.0,44.753,25.14,6.5235,0.0,-1573.78,0.1747,20.0,-1567.88,0.1748,20.0,-1497.81,0.1768,20.0,-904.87,0.1992,20.0,-443.82,0.2386,20.0,-243.75,0.2784,20.0,-165.27,0.3075,20.0,-144.73,0.3244,20.0,-135.09,0.3623,20.0
225,2023-08-14,0.0,0.41148,8.45,33.725,21.628125,0.0,0.41148,-6.6066e-09,0.17177,-0.052755,-13.95,46.86,-18.616,22.063,-16.545,-1581.4,-864.84,-129.76,0.0,0.0,44.528,25.14,6.5235,0.0,-1585.68,0.1744,20.0,-1581.42,0.1745,20.0,-1528.18,0.1759,20.0,-981.27,0.195,20.0,-471.71,0.2346,20.0,-251.57,0.2764,20.0,-168.55,0.306,20.0,-147.12,0.3232,20.0,-136.97,0.3616,20.0
226,2023-08-15,0.0,0.43688,15.275,38.175,26.3229166666667,0.0,0.43688,-5.8571e-09,0.16664,-0.051473,-13.95,47.297,-18.616,22.233,-16.597,-1590.7,-897.44,-131.27,0.0,0.0,44.304,25.14,6.5235,0.0,-1592.62,0.1743,20.0,-1589.7,0.1743,20.0,-1552.08,0.1752,20.0,-1068.19,0.1914,20.0,-506.31,0.2304,20.0,-259.7,0.2743,20.0,-171.79,0.3046,20.0,-149.52,0.3219,20.0,-138.86,0.3609,20.0
227,2023-08-16,0.0,0.32258,15.85,29.2,22.63125,0.0,0.32258,7.3269e-09,0.12226,-0.050156,-13.95,47.62,-18.616,22.357,-16.647,-1595.8,-922.79,-132.82,0.0,0.0,44.107,25.14,6.5235,0.0,-1596.06,0.1742,20.0,-1593.78,0.1742,20.0,-1567.88,0.1748,20.0,-1136.11,0.1885,20.0,-534.06,0.2273,20.0,-267.04,0.2723,20.0,-174.99,0.3032,20.0,-151.93,0.3207,20.0,-140.78,0.3602,20.0
228,2023-08-17,0.0,0.44958,11.65,36.825,24.23125,0.0,0.44958,6.8121e-09,0.15001,-0.048812,-13.95,48.069,-18.616,22.51,-16.696,-1598.6,-947.75,-134.41,0.0,0.0,43.919,25.14,6.5235,0.0,-1598.1,0.1742,20.0,-1596.29,0.1742,20.0,-1579.01,0.1746,20.0,-1203.43,0.1859,20.0,-565.72,0.2241,20.0,-274.66,0.2704,20.0,-178.17,0.3018,20.0,-154.35,0.3197,20.0,-142.7,0.3595,20.0
229,2023-08-18,0.0,0.55372,13.125,31.375,25.1322916666667,0.0,0.55372,-2.4047e-09,0.16555,-0.047447,-13.95,48.623,-18.616,22.68,-16.744,-1600.3,-978.47,-136.02,0.0,0.0,43.709,25.14,6.5235,0.0,-1599.36,0.1741,20.0,-1598.1,0.1742,20.0,-1587.9,0.1744,20.0,-1288.0,0.183,20.0,-611.98,0.2193,20.0,-283.51,0.2681,20.0,-181.33,0.3004,20.0,-156.76,0.3187,20.0,-144.64,0.3588,20.0
230,2023-08-19,0.0,0.29972,6.5,20.4,14.4458333333333,0.0,0.29972,-1.6335e-09,0.094029,-0.046067,-13.95,48.923,-18.616,22.774,-16.79,-1601.2,-999.89,-137.64,0.0,0.0,43.532,25.14,6.5235,0.0,-1599.97,0.1741,20.0,-1598.88,0.1741,20.0,-1591.85,0.1743,20.0,-1342.94,0.1813,20.0,-647.18,0.2163,20.0,-291.12,0.2661,20.0,-184.51,0.299,20.0,-159.14,0.3177,20.0,-146.58,0.3581,20.0
231,2023-08-20,0.0,0.25146,11.95,22.0,17.2677083333333,0.0,0.25146,2.2046e-09,0.078342,-0.044678,-13.95,49.174,-18.616,22.853,-16.836,-1601.8,-1010.8,-139.28,0.0,0.0,43.401,25.14,6.5235,0.0,-1600.36,0.1741,20.0,-1599.17,0.1741,20.0,-1593.31,0.1743,20.0,-1369.54,0.1806,20.0,-662.47,0.2152,20.0,-297.15,0.2646,20.0,-187.69,0.2976,20.0,-161.5,0.3167,20.0,-148.54,0.3574,20.0
232,2023-08-21,0.0936,0.11938,14.325,17.525,16.1645833333333,0.0,0.11938,-6.447e-09,0.03948,-0.043282,-13.95,49.294,-18.616,22.893,-16.879,-1602.3,-1012.7,-140.93,0.0,0.0,43.298,25.14,6.5235,0.0,-1600.71,0.1741,20.0,-1599.26,0.1741,20.0,-1593.51,0.1743,20.0,-1375.07,0.1804,20.0,-660.49,0.2153,20.0,-301.67,0.2634,20.0,-190.87,0.2963,20.0,-163.83,0.3158,20.0,-150.49,0.3566,20.0
233,2023-08-22,0.277,0.36068,14.6,29.775,20.0697916666667,0.0,0.36068,1.0458e-08,0.10378,-0.041883,-13.95,49.654,-18.616,22.998,-16.921,-1602.6,-1020.6,-142.57,0.0,0.0,43.183,25.14,6.5235,0.0,-1601.02,0.1741,20.0,-1599.42,0.1741,20.0,-1594.41,0.1742,20.0,-1390.82,0.18,20.0,-674.2,0.2144,20.0,-307.33,0.2621,20.0,-194.01,0.2951,20.0,-166.13,0.3148,20.0,-152.44,0.356,20.0
234,2023-08-23,0.034,0.40386,14.275,25.6,19.2552083333333,0.0,0.40386,-1.5582e-09,0.10855,-0.040487,-13.95,50.058,-18.616,23.108,-16.962,-1603.0,-1036.9,-144.22,0.0,0.0,43.035,25.14,6.5235,0.0,-1601.31,0.1741,20.0,-1599.66,0.1741,20.0,-1595.99,0.1742,20.0,-1421.37,0.1791,20.0,-707.46,0.2118,20.0,-314.66,0.2607,20.0,-197.06,0.2941,20.0,-168.41,0.3139,20.0,-154.4,0.3554,20.0
235,2023-08-24,0.0,0.36322,8.625,27.575,17.959375,0.0,0.36322,-2.0941e-09,0.09543,-0.039093,-13.95,50.422,-18.616,23.204,-17.002,-1603.3,-1052.9,-145.86,0.0,0.0,42.892,25.14,6.5235,0.0,-1601.58,0.1741,20.0,-1599.84,0.1741,20.0,-1597.07,0.1742,20.0,-1447.69,0.1783,20.0,-742.27,0.209,20.0,-321.96,0.2592,20.0,-200.03,0.2931,20.0,-170.65,0.3129,20.0,-156.34,0.3548,20.0
236,2023-08-25,0.0,0.28194,6.05,24.85,15.20625,0.0,0.28194,-4.6609e-09,0.07496,-0.037705,-13.95,50.703,-18.616,23.279,-17.04,-1603.5,-1064.2,-147.5,0.0,0.0,42.769,25.14,6.5235,0.0,-1601.84,0.1741,20.0,-1599.99,0.1741,20.0,-1597.63,0.1742,20.0,-1464.95,0.1777,20.0,-767.08,0.207,20.0,-328.19,0.258,20.0,-202.96,0.2921,20.0,-172.87,0.312,20.0,-158.27,0.3543,20.0
237,2023-08-26,0.0,0.3683,11.175,31.35,20.5875,0.0,0.3683,-1.0981e-08,0.090213,-0.036322,-13.95,51.072,-18.616,23.371,-17.076,-1603.8,-1076.0,-149.13,0.0,0.0,42.648,25.14,6.5235,0.0,-1602.08,0.1741,20.0,-1600.12,0.1741,20.0,-1598.08,0.1742,20.0,-1481.31,0.1773,20.0,-794.52,0.2054,20.0,-334.67,0.2568,20.0,-205.83,0.2911,20.0,-175.07,0.3111,20.0,-160.19,0.3537,20.0
238,2023-08-27,0.0,0.32004,9.425,30.85,19.9802083333333,0.0,0.32004,-1.9479e-09,0.077826,-0.03494,-13.95,51.392,-18.616,23.449,-17.112,-1604.0,-1087.5,-150.76,0.0,0.0,42.529,25.14,6.5235,0.0,-1602.31,0.1741,20.0,-1600.26,0.1741,20.0,-1598.46,0.1741,20.0,-1496.06,0.1768,20.0,-822.64,0.2038,20.0,-341.02,0.2556,20.0,-208.65,0.2901,20.0,-177.24,0.3102,20.0,-162.09,0.3531,20.0
239,2023-08-28,0.0,0.29972,9.975,29.175,19.6802083333333,0.0,0.29972,3.4202e-09,0.071698,-0.033705,-13.95,51.692,-18.616,23.521,-17.146,-1604.3,-1096.8,-152.51,0.0,0.0,42.419,25.14,6.5235,0.0,-1602.54,0.1741,20.0,-1600.4,0.1741,20.0,-1598.7,0.1741,20.0,-1507.13,0.1765,20.0,-845.83,0.2025,20.0,-346.95,0.2544,20.0,-211.43,0.2892,20.0,-179.4,0.3093,20.0,-163.98,0.3526,20.0
240,2023-08-29,0.0119,0.37846,8.175,32.85,19.8739583333333,0.0,0.37846,-8.381e-10,0.083591,-0.032967,-13.95,52.07,-18.616,23.606,-17.179,-1604.5,-1107.8,-154.38,0.0,0.0,42.308,25.14,6.5235,0.0,-1602.75,0.1741,20.0,-1600.54,0.1741,20.0,-1598.94,0.1741,20.0,-1518.81,0.1762,20.0,-872.97,0.201,20.0,-353.36,0.2532,20.0,-214.18,0.2883,20.0,-181.55,0.3084,20.0,-165.87,0.352,20.0
241,2023-08-30,0.0017,0.46482,14.65,21.325,17.2072916666667,0.0,0.46482,-4.5654e-09,0.092859,-0.032262,-13.95,52.535,-18.616,23.7,-17.211,-1604.7,-1121.9,-156.2,0.0,0.0,42.186,25.14,6.5235,0.0,-1602.95,0.1741,20.0,-1600.68,0.1741,20.0,-1599.23,0.1741,20.0,-1532.3,0.1758,20.0,-909.74,0.1989,20.0,-361.11,0.2517,20.0,-216.89,0.2873,20.0,-183.69,0.3076,20.0,-167.75,0.3515,20.0
242,2023-08-31,0.0051,0.37592,10.225,25.125,17.7479166666667,0.0,0.37592,-7.7412e-09,0.076069,-0.031571,-13.95,52.911,-18.616,23.776,-17.243,-1604.9,-1134.9,-157.98,0.0,0.0,42.069,25.14,6.5235,0.0,-1603.15,0.174,20.0,-1600.82,0.1741,20.0,-1599.42,0.1741,20.0,-1543.32,0.1754,20.0,-946.59,0.1968,20.0,-368.44,0.2502,20.0,-219.58,0.2864,20.0,-185.83,0.3067,20.0,-169.63,0.3509,20.0
243,2023-09-01,0.0,0.28194,5.775,27.55,16.5385416666667,0.0,0.28194,4.5522e-09,0.072496,-0.030889,-13.95,53.193,-18.616,23.846,-17.274,-1605.1,-1066.2,-159.73,0.0,0.0,41.967,25.14,6.5235,0.0,-1603.34,0.174,20.0,-1600.96,0.1741,20.0,-1599.51,0.1741,20.0,-1549.52,0.1752,20.0,-970.66,0.1954,20.0,-375.8,0.2488,20.0,-222.26,0.2855,20.0,-187.97,0.3058,20.0,-171.49,0.3504,20.0
244,2023-09-02,0.0,0.42926,11.8,32.7,21.6041666666667,0.0,0.42926,-2.8626e-09,0.098997,-0.030215,-13.95,53.622,-18.616,23.946,-17.304,-1605.3,-1077.7,-161.46,0.0,0.0,41.849,25.14,6.5235,0.0,-1603.52,0.174,20.0,-1601.1,0.1741,20.0,-1599.6,0.1741,20.0,-1555.68,0.1751,20.0,-1004.0,0.194,20.0,-387.76,0.2467,20.0,-224.96,0.2846,20.0,-190.12,0.3049,20.0,-173.34,0.3499,20.0
245,2023-09-03,0.0,0.37084,16.15,29.1,21.7604166666667,0.0,0.37084,-5.5747e-09,0.085304,-0.029549,-13.95,53.993,-18.616,24.032,-17.334,-1605.5,-1090.5,-163.17,0.0,0.0,41.727,25.14,6.5235,0.0,-1603.7,0.174,20.0,-1601.24,0.1741,20.0,-1599.69,0.1741,20.0,-1562.32,0.1749,20.0,-1041.78,0.1925,20.0,-399.99,0.2449,20.0,-227.72,0.2837,20.0,-192.29,0.3041,20.0,-175.18,0.3493,20.0
246,2023-09-04,0.3673,0.17272,10.95,18.825,14.1947916666667,0.0,0.17272,7.2107e-09,0.043608,-0.02889,-13.95,54.165,-18.616,24.076,-17.363,-1605.7,-1096.0,-164.86,0.0,0.0,41.633,25.14,6.5235,0.0,-1603.88,0.174,20.0,-1601.37,0.1741,20.0,-1599.72,0.1741,20.0,-1563.9,0.1749,20.0,-1057.49,0.1918,20.0,-406.83,0.2438,20.0,-230.54,0.2827,20.0,-194.45,0.3034,20.0,-177.01,0.3488,20.0
247,2023-09-05,0.0,0.27432,6.35,23.8,14.7916666666667,0.0,0.27432,-4.4438e-09,0.065032,-0.028239,-13.95,54.44,-18.616,24.141,-17.392,-1605.9,-1100.3,-166.54,0.0,0.0,41.55,25.14,6.5235,0.0,-1604.05,0.174,20.0,-1601.5,0.1741,20.0,-1599.74,0.1741,20.0,-1565.04,0.1749,20.0,-1068.43,0.1914,20.0,-413.03,0.243,20.0,-233.38,0.2817,20.0,-196.61,0.3027,20.0,-178.84,0.3483,20.0
248,2023-09-06,0.1821,0.3429,7.675,26.8,17.1239583333333,0.0,0.3429,-1.2316e-09,0.076422,-0.027594,-13.95,54.783,-18.616,24.218,-17.419,-1606.0,-1108.9,-168.19,0.0,0.0,41.451,25.14,6.5235,0.0,-1604.21,0.174,20.0,-1601.62,0.1741,20.0,-1599.8,0.1741,20.0,-1568.3,0.1748,20.0,-1092.26,0.1904,20.0,-421.75,0.2418,20.0,-236.22,0.2808,20.0,-198.76,0.302,20.0,-180.66,0.3477,20.0
249,2023-09-07,0.0034,0.26924,7.6,25.825,16.9135416666667,0.0,0.26924,-8.8604e-09,0.061162,-0.026956,-13.95,55.052,-18.616,24.279,-17.446,-1606.2,-1116.8,-169.83,0.0,0.0,41.355,25.14,6.5235,0.0,-1604.37,0.174,20.0,-1601.74,0.1741,20.0,-1599.86,0.1741,20.0,-1570.99,0.1747,20.0,-1114.89,0.1895,20.0,-429.76,0.2406,20.0,-239.09,0.2798,20.0,-200.89,0.3013,20.0,-182.47,0.3472,20.0
250,2023-09-08,0.7957,0.254,8.275,23.925,14.6697916666667,0.0,0.254,4.4372e-09,0.05724,-0.026324,-13.95,55.306,-18.616,24.337,-17.473,-1606.4,-1122.8,-171.46,0.0,0.0,41.269,25.14,6.5235,0.0,-1604.53,0.174,20.0,-1601.86,0.1741,20.0,-1599.91,0.1741,20.0,-1572.73,0.1747,20.0,-1131.76,0.1888,20.0,-436.37,0.2396,20.0,-241.97,0.2788,20.0,-203.01,0.3006,20.0,-184.29,0.3467,20.0
251,2023-09-09,0.0068,0.21336,5.15,21.875,13.6958333333333,0.0,0.21336,7.5529e-09,0.048669,-0.025697,-13.95,55.519,-18.616,24.385,-17.499,-1606.5,-1127.1,-173.07,0.0,0.0,41.19,25.14,6.5235,0.0,-1604.68,0.174,20.0,-1601.98,0.1741,20.0,-1599.95,0.1741,20.0,-1573.63,0.1747,20.0,-1142.98,0.1883,20.0,-441.72,0.2389,20.0,-244.86,0.2781,20.0,-205.11,0.3,20.0,-186.1,0.3461,20.0
252,2023-09-10,0.0,0.23622,3.875,23.075,13.9447916666667,0.0,0.23622,5.8951e-09,0.052654,-0.025076,-13.95,55.756,-18.616,24.438,-17.524,-1606.7,-1131.2,-174.66,0.0,0.0,41.114,25.14,6.5235,0.0,-1604.83,0.174,20.0,-1602.09,0.1741,20.0,-1599.98,0.1741,20.0,-1574.48,0.1747,20.0,-1152.94,0.1879,20.0,-447.2,0.2381,20.0,-247.69,0.2774,20.0,-207.18,0.2993,20.0,-187.91,0.3456,20.0
253,2023-09-11,0.0,0.25146,4.475,27.375,15.6145833333333,0.0,0.25146,8.9558e-09,0.054804,-0.024461,-13.95,56.007,-18.616,24.493,-17.549,-1606.8,-1136.3,-176.25,0.0,0.0,41.036,25.14,6.5235,0.0,-1604.97,0.174,20.0,-1602.2,0.1741,20.0,-1600.02,0.1741,20.0,-1575.77,0.1746,20.0,-1165.94,0.1874,20.0,-453.47,0.2372,20.0,-250.45,0.2766,20.0,-209.24,0.2986,20.0,-189.71,0.3451,20.0
254,2023-09-12,0.0,0.2921,9.05,28.675,18.4947916666667,0.0,0.2921,2.5022e-09,0.060942,-0.023851,-13.95,56.299,-18.616,24.555,-17.573,-1607.0,-1142.9,-177.81,0.0,0.0,40.954,25.14,6.5235,0.0,-1605.11,0.174,20.0,-1602.31,0.1741,20.0,-1600.08,0.1741,20.0,-1577.62,0.1746,20.0,-1184.16,0.1866,20.0,-460.87,0.2361,20.0,-253.16,0.2759,20.0,-211.28,0.298,20.0,-191.52,0.3446,20.0
255,2023-09-13,0.0,0.24638,9.5,23.875,17.503125,0.0,0.24638,7.7046e-10,0.051866,-0.023246,-13.95,56.545,-18.616,24.607,-17.596,-1607.1,-1149.0,-179.37,0.0,0.0,40.874,25.14,6.5235,0.0,-1605.25,0.174,20.0,-1602.42,0.1741,20.0,-1600.14,0.1741,20.0,-1579.11,0.1746,20.0,-1201.14,0.1859,20.0,-467.9,0.2351,20.0,-255.83,0.2753,20.0,-213.29,0.2973,20.0,-193.33,0.3441,20.0
256,2023-09-14,0.0,0.21844,6.8,24.85,15.1583333333333,0.0,0.21844,-5.7263e-09,0.046181,-0.022646,-13.95,56.764,-18.616,24.653,-17.619,-1607.2,-1153.4,-180.91,0.0,0.0,40.802,25.14,6.5235,0.0,-1605.38,0.174,20.0,-1602.52,0.1741,20.0,-1600.2,0.1741,20.0,-1579.93,0.1745,20.0,-1212.59,0.1855,20.0,-473.64,0.2343,20.0,-258.46,0.2746,20.0,-215.28,0.2967,20.0,-195.12,0.3437,20.0
257,2023-09-15,0.0,0.2921,3.9,27.15,15.390625,0.0,0.2921,2.6578e-09,0.058034,-0.022051,-13.95,57.056,-18.616,24.711,-17.641,-1607.4,-1159.2,-182.44,0.0,0.0,40.727,25.14,6.5235,0.0,-1605.51,0.174,20.0,-1602.63,0.1741,20.0,-1600.25,0.1741,20.0,-1581.31,0.1745,20.0,-1227.57,0.1849,20.0,-480.85,0.2333,20.0,-261.05,0.2739,20.0,-217.26,0.2961,20.0,-196.9,0.3433,20.0
258,2023-09-16,0.0,0.32258,8.5,30.25,18.5375,0.0,0.32258,6.9621e-09,0.061208,-0.02146,-13.95,57.379,-18.616,24.773,-17.663,-1607.5,-1167.2,-183.95,0.0,0.0,40.645,25.14,6.5235,0.0,-1605.64,0.174,20.0,-1602.73,0.1741,20.0,-1600.32,0.1741,20.0,-1583.33,0.1745,20.0,-1250.47,0.1841,20.0,-490.16,0.2321,20.0,-263.61,0.2732,20.0,-219.22,0.2955,20.0,-198.66,0.3429,20.0
259,2023-09-17,0.0,0.46228,10.55,29.5,20.7541666666667,0.0,0.46228,4.1155e-10,0.076477,-0.020874,-13.95,57.841,-18.616,24.851,-17.684,-1607.6,-1178.5,-185.46,0.0,0.0,40.554,25.14,6.5235,0.0,-1605.76,0.174,20.0,-1602.83,0.1741,20.0,-1600.4,0.1741,20.0,-1586.11,0.1744,20.0,-1282.51,0.1832,20.0,-503.69,0.2307,20.0,-266.15,0.2726,20.0,-221.17,0.2948,20.0,-200.4,0.3425,20.0
260,2023-09-18,0.0,0.37592,13.05,26.9,19.0833333333333,0.0,0.37592,-7.3362e-10,0.063351,-0.020291,-13.95,58.217,-18.616,24.915,-17.704,-1607.7,-1189.8,-186.96,0.0,0.0,40.463,25.14,6.5235,0.0,-1605.88,0.174,20.0,-1602.93,0.1741,20.0,-1600.49,0.1741,20.0,-1588.46,0.1744,20.0,-1313.48,0.1822,20.0,-516.5,0.2292,20.0,-268.69,0.2719,20.0,-223.1,0.2942,20.0,-202.13,0.3421,20.0
261,2023-09-19,0.0,0.20066,3.0,18.75,12.0010416666667,0.0,0.20066,-1.8923e-09,0.03729,-0.019709,-13.95,58.417,-18.616,24.952,-17.724,-1607.9,-1195.1,-188.45,0.0,0.0,40.393,25.14,6.5235,0.0,-1606.0,0.174,20.0,-1603.04,0.1741,20.0,-1600.57,0.1741,20.0,-1589.16,0.1743,20.0,-1327.21,0.1818,20.0,-522.41,0.2286,20.0,-271.24,0.2713,20.0,-225.02,0.2936,20.0,-203.84,0.3417,20.0
262,2023-09-20,0.0,0.18288,2.7,17.475,10.528125,0.0,0.18288,2.3623e-09,0.034237,-0.019126,-13.95,58.6,-18.616,24.986,-17.743,-1608.0,-1196.6,-189.95,0.0,0.0,40.338,25.14,6.5235,0.0,-1606.12,0.174,20.0,-1603.14,0.174,20.0,-1600.65,0.1741,20.0,-1588.97,0.1744,20.0,-1329.9,0.1818,20.0,-524.94,0.2284,20.0,-273.79,0.2706,20.0,-226.94,0.293,20.0,-205.54,0.3414,20.0
263,2023-09-21,1.5719,0.04826,5.05,8.775,6.94375,0.0,0.04826,6.6073e-09,0.0096996,-0.018531,-13.95,58.649,-18.616,24.996,-17.762,-1608.1,-1192.9,-191.48,0.0,0.0,40.298,25.14,6.5235,0.0,-1606.24,0.174,20.0,-1603.24,0.174,20.0,-1600.71,0.1741,20.0,-1587.56,0.1744,20.0,-1317.11,0.1821,20.0,-523.51,0.2285,20.0,-276.3,0.27,20.0,-228.85,0.2924,20.0,-207.23,0.341,20.0
264,2023-09-22,2.6917,0.04572,8.4,12.425,10.015625,0.0,0.04572,-8.7936e-09,0.0094822,-0.018157,-13.95,58.694,-18.616,25.005,-17.78,-1608.2,-1185.9,-193.27,0.0,0.0,40.27,25.14,6.5235,0.0,-1606.35,0.174,20.0,-1603.34,0.174,20.0,-1600.75,0.1741,20.0,-1584.99,0.1744,20.0,-1292.61,0.1829,20.0,-520.36,0.2289,20.0,-278.74,0.2693,20.0,-230.76,0.2918,20.0,-208.91,0.3406,20.0
265,2023-09-23,1.0551,0.23622,8.3,20.55,13.1375,0.0,0.23622,1.6985e-10,0.04524,-0.01786,-13.95,58.931,-18.616,25.051,-17.798,-1608.3,-1185.5,-195.0,0.0,0.0,40.224,25.14,6.5235,0.0,-1606.46,0.174,20.0,-1603.44,0.174,20.0,-1600.77,0.1741,20.0,-1584.44,0.1745,20.0,-1287.0,0.1831,20.0,-523.24,0.2286,20.0,-281.13,0.2687,20.0,-232.67,0.2912,20.0,-210.59,0.3402,20.0
266,2023-09-24,0.0,0.2286,3.65,21.35,12.571875,0.0,0.2286,4.3894e-09,0.04342,-0.017572,-13.95,59.159,-18.616,25.094,-17.816,-1608.5,-1189.8,-196.67,0.0,0.0,40.162,25.14,6.5235,0.0,-1606.57,0.174,20.0,-1603.53,0.174,20.0,-1600.8,0.1741,20.0,-1585.41,0.1744,20.0,-1296.43,0.1828,20.0,-529.47,0.2279,20.0,-283.45,0.2681,20.0,-234.58,0.2905,20.0,-212.26,0.3398,20.0
267,2023-09-25,0.0,0.22606,6.575,24.675,15.2,0.0,0.22606,3.1674e-09,0.042391,-0.01729,-13.95,59.385,-18.616,25.137,-17.833,-1608.6,-1194.4,-198.31,0.0,0.0,40.102,25.14,6.5235,0.0,-1606.68,0.174,20.0,-1603.62,0.174,20.0,-1600.83,0.1741,20.0,-1586.24,0.1744,20.0,-1306.67,0.1825,20.0,-535.79,0.2272,20.0,-285.73,0.2675,20.0,-236.48,0.2899,20.0,-213.93,0.3395,20.0
268,2023-09-26,0.0,0.28956,11.85,26.8,18.5614583333333,0.0,0.28956,7.368e-09,0.050921,-0.017012,-13.95,59.675,-18.616,25.188,-17.85,-1608.7,-1200.5,-199.93,0.0,0.0,40.038,25.14,6.5235,0.0,-1606.79,0.174,20.0,-1603.71,0.174,20.0,-1600.88,0.1741,20.0,-1587.4,0.1744,20.0,-1321.34,0.182,20.0,-543.79,0.2264,20.0,-288.0,0.2669,20.0,-238.39,0.2893,20.0,-215.59,0.3391,20.0
269,2023-09-27,0.0,0.22098,5.15,20.725,11.69375,0.0,0.22098,2.0951e-09,0.039951,-0.016739,-13.95,59.896,-18.616,25.228,-17.867,-1608.8,-1205.9,-201.52,0.0,0.0,39.975,25.14,6.5235,0.0,-1606.89,0.174,20.0,-1603.8,0.174,20.0,-1600.93,0.1741,20.0,-1588.26,0.1744,20.0,-1333.83,0.1816,20.0,-550.54,0.2256,20.0,-290.27,0.2664,20.0,-240.29,0.2887,20.0,-217.24,0.3387,20.0
270,2023-09-28,0.0,0.28702,5.575,17.625,10.6572916666667,0.0,0.28702,5.5749e-09,0.048536,-0.016469,-13.95,60.183,-18.616,25.277,-17.883,-1608.9,-1211.6,-203.08,0.0,0.0,39.914,25.14,6.5235,0.0,-1607.0,0.174,20.0,-1603.88,0.174,20.0,-1600.99,0.1741,20.0,-1589.13,0.1743,20.0,-1347.04,0.1813,20.0,-558.09,0.2249,20.0,-292.54,0.2658,20.0,-242.21,0.2881,20.0,-218.88,0.3383,20.0
271,2023-09-29,0.0,0.23114,2.725,17.25,10.365625,0.0,0.23114,5.0187e-09,0.039856,-0.016202,-13.95,60.414,-18.616,25.317,-17.9,-1609.0,-1216.9,-204.63,0.0,0.0,39.854,25.14,6.5235,0.0,-1607.1,0.174,20.0,-1603.96,0.174,20.0,-1601.05,0.1741,20.0,-1589.87,0.1743,20.0,-1359.09,0.1809,20.0,-565.16,0.2241,20.0,-294.83,0.2652,20.0,-244.12,0.2877,20.0,-220.5,0.338,20.0
272,2023-09-30,0.4336,0.06604,5.2,7.9,6.55416666666667,0.0,0.06604,3.7462e-09,0.012552,-0.015939,-13.95,60.48,-18.616,25.329,-17.916,-1609.1,-1215.9,-206.17,0.0,0.0,39.811,25.14,6.5235,0.0,-1607.19,0.174,20.0,-1604.05,0.174,20.0,-1601.12,0.1741,20.0,-1589.15,0.1743,20.0,-1354.58,0.181,20.0,-565.79,0.224,20.0,-297.11,0.2646,20.0,-246.02,0.2872,20.0,-222.12,0.3376,20.0
273,2023-10-01,1.8254,0.02286,4.6,6.725,5.85833333333333,0.02286,0.0,0.02286,0.0,-0.015678,-13.927,60.48,-18.593,25.329,-17.931,-2984.1,-603.03,-207.68,0.0,0.0,39.767,25.14,6.5463,0.0,-1739.51,0.1712,20.0,-1608.12,0.1739,20.0,-1601.2,0.1741,20.0,-1586.67,0.1744,20.0,-1331.84,0.1817,20.0,-561.25,0.2245,20.0,-299.42,0.264,20.0,-247.89,0.2867,20.0,-223.73,0.3372,20.0
274,2023-10-02,0.5516,0.21844,5.475,17.625,10.428125,0.21844,0.0,0.03074,0.0,-0.01542,-13.708,60.48,-18.48,25.329,-17.947,-1000000.0,-690.24,-209.18,0.0,0.0,39.638,25.14,6.6595,0.0,-3180.42,0.1507,20.0,-1626.61,0.1735,20.0,-1601.43,0.1741,20.0,-1583.28,0.1745,20.0,-1301.42,0.1826,20.0,-555.72,0.2251,20.0,-301.7,0.2634,20.0,-249.75,0.2863,20.0,-225.33,0.3369,20.0
275,2023-10-03,0.034,0.13462,6.075,16.75,9.98958333333333,0.13462,0.0,0.01776,0.0,-0.015165,-13.574,60.48,-18.459,25.329,-17.962,-1000000.0,-713.83,-210.67,0.0,0.0,39.601,25.14,6.6809,0.0,-3895.42,0.1449,20.0,-1676.22,0.1725,20.0,-1602.63,0.1741,20.0,-1579.4,0.1746,20.0,-1269.49,0.1836,20.0,-551.24,0.2256,20.0,-303.94,0.2628,20.0,-251.59,0.2858,20.0,-226.93,0.3365,20.0
276,2023-10-04,0.0714,0.1905,3.925,19.875,10.321875,0.1905,0.0,0.014077,0.0,-0.014912,-13.383,60.48,-18.444,25.329,-17.977,-1000000.0,-729.9,-212.13,0.0,0.0,39.571,25.14,6.696,0.0,-4393.62,0.1419,20.0,-1732.12,0.1713,20.0,-1606.4,0.174,20.0,-1574.95,0.1747,20.0,-1236.0,0.1845,20.0,-547.33,0.226,20.0,-306.1,0.2623,20.0,-253.41,0.2854,20.0,-228.52,0.3362,20.0
277,2023-10-05,0.0238,0.11938,-0.075,16.0,7.48645833333333,0.11938,0.0,0.011317,0.0,-0.014662,-13.264,60.48,-18.432,25.329,-17.992,-1000000.0,-740.05,-213.58,0.0,0.0,39.545,25.14,6.7078,0.0,-4712.52,0.1401,20.0,-1786.49,0.1701,20.0,-1612.68,0.1738,20.0,-1569.91,0.1748,20.0,-1205.33,0.1858,20.0,-543.82,0.2264,20.0,-308.2,0.2619,20.0,-255.2,0.285,20.0,-230.1,0.3358,20.0
278,2023-10-06,0.0,0.19558,-0.65,19.325,8.75729166666667,0.19558,0.0,0.0098958,0.0,-0.014415,-13.068,60.48,-18.422,25.329,-18.006,-1000000.0,-749.04,-215.02,0.0,0.0,39.52,25.14,6.718,0.0,-4939.51,0.1388,20.0,-1837.77,0.169,20.0,-1621.08,0.1737,20.0,-1564.27,0.1749,20.0,-1173.9,0.1871,20.0,-540.72,0.2267,20.0,-310.21,0.2615,20.0,-256.97,0.2845,20.0,-231.68,0.3355,20.0
279,2023-10-07,0.0,0.18796,5.85,23.825,12.925,0.18796,0.0,0.0089643,0.0,-0.01417,-12.88,60.48,-18.412,25.329,-18.021,-1000000.0,-757.28,-216.45,0.0,0.0,39.496,25.14,6.7272,0.0,-5201.65,0.1376,20.0,-1886.87,0.168,20.0,-1631.03,0.1735,20.0,-1557.81,0.175,20.0,-1144.96,0.1882,20.0,-538.0,0.227,20.0,-312.14,0.2612,20.0,-258.72,0.2841,20.0,-233.25,0.3351,20.0
280,2023-10-08,0.0,0.23368,1.95,25.2,13.0333333333333,0.23368,0.0,0.0080935,0.0,-0.013927,-12.647,60.48,-18.404,25.329,-18.035,-1000000.0,-763.66,-217.86,0.0,0.0,39.474,25.14,6.7355,0.0,-5444.79,0.1366,20.0,-1930.89,0.167,20.0,-1641.99,0.1732,20.0,-1550.91,0.1752,20.0,-1117.31,0.1894,20.0,-535.52,0.2273,20.0,-314.01,0.2608,20.0,-260.43,0.2837,20.0,-234.81,0.3347,20.0
281,2023-10-09,0.0,0.2413,4.225,26.0,14.55,0.2413,0.0,0.0074958,0.0,-0.013686,-12.405,60.48,-18.396,25.329,-18.048,-1000000.0,-769.36,-219.26,0.0,0.0,39.453,25.14,6.7431,0.0,-5637.77,0.1358,20.0,-1972.95,0.1662,20.0,-1653.49,0.173,20.0,-1542.75,0.1754,20.0,-1091.26,0.1904,20.0,-533.23,0.2275,20.0,-315.82,0.2604,20.0,-262.11,0.2833,20.0,-236.36,0.3344,20.0
282,2023-10-10,0.0766,0.21082,10.075,21.725,14.00625,0.21082,0.0,0.0070123,0.0,-0.013448,-12.194,60.48,-18.389,25.329,-18.062,-1000000.0,-774.59,-220.64,0.0,0.0,39.432,25.14,6.7503,0.0,-5796.01,0.1351,20.0,-2017.37,0.1655,20.0,-1665.24,0.1727,20.0,-1533.53,0.1757,20.0,-1066.88,0.1914,20.0,-531.1,0.2277,20.0,-317.56,0.2601,20.0,-263.77,0.2829,20.0,-237.91,0.334,20.0
283,2023-10-11,0.9952,0.15494,5.925,17.625,10.40625,0.15494,0.0,0.0065947,0.0,-0.013211,-12.04,60.48,-18.383,25.329,-18.075,-1000000.0,-779.26,-222.02,0.0,0.0,39.412,25.14,6.757,0.0,-5929.99,0.1346,20.0,-2057.73,0.1649,20.0,-1677.08,0.1725,20.0,-1523.22,0.176,20.0,-1043.68,0.1924,20.0,-529.18,0.2279,20.0,-319.25,0.2598,20.0,-265.4,0.2825,20.0,-239.45,0.3337,20.0
284,2023-10-12,0.1887,0.02032,3.725,8.575,6.5375,0.02032,0.0,0.0062311,0.0,-0.012977,-12.019,60.48,-18.376,25.329,-18.088,-1000000.0,-783.48,-223.38,0.0,0.0,39.393,25.14,6.7633,0.0,-6046.17,0.1341,20.0,-2095.04,0.1643,20.0,-1688.85,0.1722,20.0,-1511.79,0.1764,20.0,-1022.14,0.1933,20.0,-527.46,0.2281,20.0,-320.9,0.2595,20.0,-267.0,0.2821,20.0,-240.99,0.3333,20.0
285,2023-10-13,0.0306,0.07366,3.775,10.5,7.06875,0.07366,0.0,0.0059086,0.0,-0.012745,-11.946,60.48,-18.37,25.329,-18.101,-1000000.0,-787.37,-224.73,0.0,0.0,39.374,25.14,6.7693,0.0,-6148.79,0.1337,20.0,-2129.83,0.1637,20.0,-1700.39,0.172,20.0,-1499.4,0.1767,20.0,-1001.57,0.1941,20.0,-525.86,0.2283,20.0,-322.49,0.2591,20.0,-268.58,0.2817,20.0,-242.53,0.333,20.0
286,2023-10-14,0.0085,0.13716,0.0,15.8,6.95833333333333,0.13716,0.0,0.0056178,0.0,-0.012515,-11.808,60.48,-18.365,25.329,-18.114,-1000000.0,-791.05,-226.06,0.0,0.0,39.356,25.14,6.7749,0.0,-6240.76,0.1333,20.0,-2162.32,0.1632,20.0,-1711.7,0.1717,20.0,-1486.09,0.1771,20.0,-982.11,0.1949,20.0,-524.36,0.2284,20.0,-324.04,0.2588,20.0,-270.13,0.2813,20.0,-244.06,0.3328,20.0
287,2023-10-15,0.0,0.1778,3.375,19.0,10.3677083333333,0.1778,0.0,0.0053975,0.0,-0.012286,-11.631,60.48,-18.359,25.329,-18.126,-1000000.0,-794.5,-227.39,0.0,0.0,39.338,25.14,6.7804,0.0,-6346.97,0.1329,20.0,-2191.74,0.1628,20.0,-1722.71,0.1715,20.0,-1471.95,0.1775,20.0,-965.05,0.1958,20.0,-522.96,0.2286,20.0,-325.56,0.2586,20.0,-271.66,0.281,20.0,-245.56,0.3325,20.0
288,2023-10-16,0.0,0.18288,4.3,20.05,12.4822916666667,0.18288,0.0,0.0051952,0.0,-0.01206,-11.448,60.48,-18.354,25.329,-18.138,-1000000.0,-797.49,-228.7,0.0,0.0,39.321,25.14,6.7856,0.0,-6466.99,0.1325,20.0,-2218.49,0.1624,20.0,-1733.32,0.1713,20.0,-1457.15,0.178,20.0,-948.64,0.1967,20.0,-521.67,0.2287,20.0,-327.04,0.2583,20.0,-273.16,0.2806,20.0,-247.05,0.3322,20.0
289,2023-10-17,0.0,0.24892,6.6,16.175,12.215625,0.24892,0.0,0.0050278,0.0,-0.011836,-11.199,60.48,-18.349,25.329,-18.15,-1000000.0,-800.35,-230.01,0.0,0.0,39.304,25.14,6.7907,0.0,-6587.14,0.1322,20.0,-2245.49,0.162,20.0,-1743.41,0.171,20.0,-1441.84,0.1784,20.0,-933.01,0.1976,20.0,-520.51,0.2288,20.0,-328.48,0.258,20.0,-274.64,0.2802,20.0,-248.52,0.332,20.0
290,2023-10-18,0.0,0.36322,6.2,19.9,12.8614583333333,0.36322,0.0,0.0048681,0.0,-0.011613,-10.836,60.48,-18.344,25.329,-18.162,-1000000.0,-803.17,-231.3,0.0,0.0,39.287,25.14,6.7956,0.0,-6705.8,0.1318,20.0,-2271.7,0.1616,20.0,-1752.93,0.1708,20.0,-1426.07,0.1789,20.0,-919.14,0.1984,20.0,-519.43,0.229,20.0,-329.89,0.2577,20.0,-276.11,0.2799,20.0,-249.96,0.3317,20.0
291,2023-10-19,0.0,0.42164,11.4,27.0,18.1760416666667,0.42164,0.0,0.0047125,0.0,-0.011392,-10.414,60.48,-18.339,25.329,-18.173,-1000000.0,-805.97,-232.59,0.0,0.0,39.271,25.14,6.8004,0.0,-6819.31,0.1315,20.0,-2296.68,0.1612,20.0,-1762.01,0.1706,20.0,-1410.02,0.1794,20.0,-906.25,0.1991,20.0,-518.43,0.2291,20.0,-331.27,0.2574,20.0,-277.55,0.2795,20.0,-251.39,0.3315,20.0
292,2023-10-20,0.0,0.26924,3.375,25.65,15.0583333333333,0.26924,0.0,0.0045731,0.0,-0.011173,-10.145,60.48,-18.335,25.329,-18.184,-1000000.0,-808.61,-233.86,0.0,0.0,39.255,25.14,6.805,0.0,-6918.17,0.1312,20.0,-2320.3,0.1608,20.0,-1770.62,0.1705,20.0,-1393.74,0.1799,20.0,-893.92,0.1998,20.0,-517.49,0.2292,20.0,-332.63,0.2572,20.0,-278.97,0.2792,20.0,-252.81,0.3313,20.0
293,2023-10-21,0.0,0.10922,-1.9,17.025,6.440625,0.10922,0.0,0.0044477,0.0,-0.010954,-10.035,60.48,-18.33,25.329,-18.195,-1000000.0,-811.06,-235.13,0.0,0.0,39.24,25.14,6.8094,0.0,-7006.18,0.1309,20.0,-2342.61,0.1605,20.0,-1778.67,0.1703,20.0,-1377.38,0.1804,20.0,-882.47,0.2005,20.0,-516.62,0.2293,20.0,-333.96,0.2569,20.0,-280.37,0.2788,20.0,-254.2,0.331,20.0
294,2023-10-22,0.0765,0.06858,2.6,9.125,5.3875,0.06858,0.0,0.004333,0.0,-0.010737,-9.9669,60.48,-18.326,25.329,-18.206,-1000000.0,-813.34,-236.39,0.0,0.0,39.224,25.14,6.8138,0.0,-7087.17,0.1307,20.0,-2363.75,0.1601,20.0,-1786.07,0.1701,20.0,-1361.06,0.1808,20.0,-871.92,0.201,20.0,-515.8,0.2293,20.0,-335.26,0.2567,20.0,-281.76,0.2785,20.0,-255.58,0.3308,20.0
295,2023-10-23,0.4765,0.03302,0.825,5.0,3.42708333333333,0.03302,0.0,0.0042271,0.0,-0.010521,-9.9339,60.48,-18.322,25.329,-18.217,-1000000.0,-815.51,-237.65,0.0,0.0,39.21,25.14,6.8181,0.0,-7162.07,0.1305,20.0,-2384.43,0.1598,20.0,-1792.75,0.17,20.0,-1344.69,0.1813,20.0,-861.86,0.2016,20.0,-515.05,0.2294,20.0,-336.54,0.2564,20.0,-283.13,0.2782,20.0,-256.94,0.3305,20.0
296,2023-10-24,0.0,0.02286,-8.1,0.8,-4.26875,0.02286,0.0,0.0041293,0.0,-0.010304,-9.911,60.48,-18.317,25.329,-18.227,-1000000.0,-817.53,-238.91,0.0,0.0,39.195,25.14,6.8222,0.0,-7231.0,0.1302,20.0,-2404.68,0.1595,20.0,-1798.69,0.1699,20.0,-1328.51,0.1818,20.0,-852.27,0.2022,20.0,-514.37,0.2295,20.0,-337.8,0.2562,20.0,-284.48,0.2778,20.0,-258.29,0.3303,20.0
297,2023-10-25,0.0017,0.02794,-10.85,-4.875,-8.91458333333333,0.02794,0.0,0.004039,0.0,-0.010086,-9.8831,60.48,-18.313,25.329,-18.237,-1000000.0,-819.42,-240.18,0.0,0.0,39.181,25.14,6.8263,0.0,-7294.6,0.1301,20.0,-2424.32,0.1592,20.0,-1803.86,0.1697,20.0,-1312.48,0.1823,20.0,-843.33,0.2027,20.0,-513.74,0.2296,20.0,-339.03,0.2559,20.0,-285.82,0.2775,20.0,-259.63,0.3301,20.0
298,2023-10-26,0.0,0.0254,-12.175,-4.675,-9.690625,0.0254,0.0,0.0039551,0.0,-0.0098634,-9.8577,60.48,-18.309,25.329,-18.247,-1000000.0,-821.2,-241.47,0.0,0.0,39.167,25.14,6.8302,0.0,-7353.65,0.1299,20.0,-2443.22,0.1589,20.0,-1808.49,0.1696,20.0,-1296.5,0.1828,20.0,-834.96,0.2031,20.0,-513.16,0.2296,20.0,-340.25,0.2557,20.0,-287.14,0.2772,20.0,-260.95,0.3299,20.0
299,2023-10-27,0.0,0.02286,-18.325,-3.4,-11.734375,0.02286,0.0,0.0038767,0.0,-0.0096997,-9.8348,60.48,-18.305,25.329,-18.257,-1000000.0,-822.88,-242.99,0.0,0.0,39.153,25.14,6.8341,0.0,-7408.89,0.1297,20.0,-2461.29,0.1586,20.0,-1812.53,0.1696,20.0,-1280.91,0.1832,20.0,-826.92,0.2036,20.0,-512.61,0.2297,20.0,-341.45,0.2555,20.0,-288.45,0.2769,20.0,-262.26,0.3296,20.0
300,2023-10-28,0.0,0.04064,-15.475,-2.525,-8.61458333333333,0.04064,0.0,0.0038029,0.0,-0.0095873,-9.7942,60.48,-18.302,25.329,-18.266,-1000000.0,-824.48,-244.5,0.0,0.0,39.14,25.14,6.838,0.0,-7460.93,0.1296,20.0,-2478.77,0.1584,20.0,-1815.86,0.1695,20.0,-1265.61,0.1837,20.0,-819.24,0.204,20.0,-512.11,0.2297,20.0,-342.63,0.2552,20.0,-289.76,0.2766,20.0,-263.56,0.3294,20.0
301,2023-10-29,0.0034,0.06604,-8.975,0.4,-4.11875,0.06604,0.0,0.003733,0.0,-0.0094806,-9.7281,60.48,-18.298,25.329,-18.276,-1000000.0,-826.01,-245.94,0.0,0.0,39.127,25.14,6.8417,0.0,-7510.23,0.1294,20.0,-2498.02,0.1581,20.0,-1818.41,0.1694,20.0,-1250.36,0.1841,20.0,-812.0,0.2044,20.0,-511.64,0.2298,20.0,-343.8,0.255,20.0,-291.04,0.2762,20.0,-264.85,0.3292,20.0
302,2023-10-30,0.0952,0.1016,-5.525,4.0,-0.882291666666667,0.1016,0.0,0.0036666,0.0,-0.0093767,-9.6265,60.48,-18.294,25.329,-18.285,-1000000.0,-827.43,-247.35,0.0,0.0,39.114,25.14,6.8454,0.0,-7557.1,0.1293,20.0,-2515.07,0.158,20.0,-1820.19,0.1694,20.0,-1235.33,0.1846,20.0,-805.15,0.2048,20.0,-511.21,0.2298,20.0,-344.94,0.2548,20.0,-292.32,0.2759,20.0,-266.14,0.329,20.0
303,2023-10-31,0.0,0.13462,-1.1,7.375,2.45104166666667,0.13462,0.0,0.0036032,0.0,-0.0092751,-9.4919,60.48,-18.291,25.329,-18.295,-1000000.0,-828.79,-248.73,0.0,0.0,39.101,25.14,6.849,0.0,-7601.68,0.1291,20.0,-2530.63,0.1578,20.0,-1821.2,0.1694,20.0,-1221.86,0.1851,20.0,-798.68,0.2052,20.0,-510.82,0.2299,20.0,-346.07,0.2546,20.0,-293.59,0.2756,20.0,-267.42,0.3287,20.0
304,2023-11-01,0.0,0.15748,-0.625,12.375,4.26770833333333,0.15748,0.0,0.0035428,0.0,-0.0091754,-9.3344,60.48,-18.287,25.329,-18.304,-1000000.0,-830.09,-250.08,0.0,0.0,39.088,25.14,6.8526,0.0,-7644.03,0.129,20.0,-2544.96,0.1576,20.0,-1821.49,0.1694,20.0,-1208.29,0.1856,20.0,-792.42,0.2055,20.0,-510.48,0.2299,20.0,-347.19,0.2544,20.0,-294.86,0.2753,20.0,-268.68,0.3285,20.0
305,2023-11-02,0.0068,0.11176,4.0,10.375,6.99583333333333,0.11176,0.0,0.0034852,0.0,-0.0090773,-9.2227,60.48,-18.284,25.329,-18.313,-1000000.0,-831.29,-251.41,0.0,0.0,39.075,25.14,6.8561,0.0,-7684.2,0.1289,20.0,-2558.13,0.1575,20.0,-1821.07,0.1694,20.0,-1194.88,0.1862,20.0,-786.46,0.2059,20.0,-510.16,0.2299,20.0,-348.3,0.2542,20.0,-296.11,0.275,20.0,-269.94,0.3283,20.0
306,2023-11-03,0.0017,0.14478,1.325,12.975,6.86979166666667,0.14478,0.0,0.0034305,0.0,-0.0089808,-9.0779,60.48,-18.28,25.329,-18.322,-1000000.0,-832.39,-252.71,0.0,0.0,39.063,25.14,6.8595,0.0,-7722.22,0.1288,20.0,-2570.18,0.1573,20.0,-1819.93,0.1694,20.0,-1181.76,0.1867,20.0,-780.78,0.2062,20.0,-509.88,0.23,20.0,-349.39,0.2539,20.0,-297.36,0.2747,20.0,-271.19,0.3281,20.0
307,2023-11-04,0.0136,0.1905,1.0,12.2,7.7375,0.1905,0.0,0.0033785,0.0,-0.0088855,-8.8874,60.48,-18.277,25.329,-18.331,-1000000.0,-833.42,-254.0,0.0,0.0,39.051,25.14,6.8629,0.0,-7758.11,0.1287,20.0,-2581.13,0.1572,20.0,-1818.06,0.1694,20.0,-1169.72,0.1872,20.0,-775.36,0.2065,20.0,-509.62,0.23,20.0,-350.47,0.2537,20.0,-298.6,0.2744,20.0,-272.42,0.3279,20.0
308,2023-11-05,0.0,0.23876,5.5,14.4,9.73368,0.23876,0.0,0.0033292,0.0,-0.0087916,-8.6486,60.48,-18.273,25.329,-18.34,-1000000.0,-834.38,-255.28,0.0,0.0,39.038,25.14,6.8662,0.0,-7791.92,0.1286,20.0,-2591.0,0.1571,20.0,-1815.47,0.1695,20.0,-1158.23,0.1877,20.0,-770.49,0.2068,20.0,-509.39,0.23,20.0,-351.54,0.2535,20.0,-299.84,0.2741,20.0,-273.65,0.3277,20.0
309,2023-11-06,0.0357,0.1143,0.475,10.45,6.26875,0.1143,0.0,0.0032826,0.0,-0.008699,-8.5343,60.48,-18.27,25.329,-18.348,-1000000.0,-835.24,-256.53,0.0,0.0,39.026,25.14,6.8695,0.0,-7823.7,0.1285,20.0,-2599.79,0.157,20.0,-1812.19,0.1696,20.0,-1147.05,0.1882,20.0,-765.75,0.2072,20.0,-509.18,0.23,20.0,-352.6,0.2533,20.0,-301.07,0.2738,20.0,-274.86,0.3275,20.0
310,2023-11-07,0.0,0.2032,2.85,9.9,5.97395833333333,0.2032,0.0,0.0032387,0.0,-0.0086076,-8.3312,60.48,-18.267,25.329,-18.357,-1000000.0,-836.02,-257.77,0.0,0.0,39.015,25.14,6.8728,0.0,-7853.46,0.1284,20.0,-2607.53,0.1569,20.0,-1808.24,0.1697,20.0,-1136.12,0.1886,20.0,-761.2,0.2076,20.0,-509.0,0.2301,20.0,-353.64,0.2531,20.0,-302.3,0.2735,20.0,-276.06,0.3273,20.0
311,2023-11-08,0.0,0.12954,-3.3,9.425,2.68229166666667,0.12954,0.0,0.0031975,0.0,-0.0085173,-8.2016,60.48,-18.264,25.329,-18.366,-1000000.0,-836.71,-258.99,0.0,0.0,39.003,25.14,6.876,0.0,-7881.23,0.1283,20.0,-2614.2,0.1568,20.0,-1803.69,0.1697,20.0,-1125.5,0.189,20.0,-756.84,0.2079,20.0,-508.84,0.2301,20.0,-354.68,0.2529,20.0,-303.52,0.2732,20.0,-277.25,0.327,20.0
312,2023-11-09,0.0,0.12446,-4.575,10.3,1.196875,0.12446,0.0,0.0031589,0.0,-0.0084281,-8.0772,60.48,-18.26,25.329,-18.374,-1000000.0,-837.33,-260.2,0.0,0.0,38.991,25.14,6.8792,0.0,-7907.05,0.1282,20.0,-2619.83,0.1568,20.0,-1798.61,0.1699,20.0,-1115.51,0.1894,20.0,-752.66,0.2082,20.0,-508.71,0.2301,20.0,-355.71,0.2527,20.0,-304.75,0.2729,20.0,-278.43,0.3268,20.0
313,2023-11-10,0.0,0.15494,-4.9,9.25,2.09583333333333,0.15494,0.0,0.003125,0.0,-0.0083397,-7.9222,60.48,-18.257,25.329,-18.382,-1000000.0,-837.87,-261.39,0.0,0.0,38.98,25.14,6.8823,0.0,-7933.86,0.1281,20.0,-2624.43,0.1567,20.0,-1792.96,0.17,20.0,-1105.97,0.1898,20.0,-748.66,0.2085,20.0,-508.6,0.2301,20.0,-356.73,0.2525,20.0,-305.97,0.2726,20.0,-279.6,0.3266,20.0
314,2023-11-11,0.0,0.28956,0.45,13.25,6.24270833333333,0.28956,0.0,0.0030972,0.0,-0.0082526,-7.6327,60.48,-18.254,25.329,-18.391,-1000000.0,-838.28,-262.57,0.0,0.0,38.968,25.14,6.8854,0.0,-7966.36,0.1281,20.0,-2628.02,0.1567,20.0,-1786.76,0.1701,20.0,-1096.74,0.1902,20.0,-745.07,0.2088,20.0,-508.52,0.2301,20.0,-357.74,0.2523,20.0,-307.17,0.2724,20.0,-280.76,0.3264,20.0
315,2023-11-12,0.0,0.13462,-0.625,11.25,4.853125,0.13462,0.0,0.0030745,0.0,-0.0081666,-7.498,60.48,-18.251,25.329,-18.399,-1000000.0,-838.56,-263.74,0.0,0.0,38.957,25.14,6.8885,0.0,-7997.84,0.128,20.0,-2630.62,0.1567,20.0,-1780.02,0.1703,20.0,-1087.73,0.1906,20.0,-741.67,0.2091,20.0,-508.46,0.2301,20.0,-358.74,0.2521,20.0,-308.37,0.2722,20.0,-281.91,0.3262,20.0
316,2023-11-13,0.0,0.24892,-0.375,16.475,8.39895833333333,0.24892,0.0,0.0030542,0.0,-0.0080814,-7.2491,60.48,-18.248,25.329,-18.407,-1000000.0,-838.76,-264.89,0.0,0.0,38.946,25.14,6.8915,0.0,-8027.78,0.1279,20.0,-2632.25,0.1566,20.0,-1772.8,0.1704,20.0,-1078.94,0.1909,20.0,-738.38,0.2093,20.0,-508.41,0.2301,20.0,-359.74,0.2519,20.0,-309.55,0.272,20.0,-283.05,0.3261,20.0
317,2023-11-14,0.0,0.18542,-2.55,12.375,4.825,0.18542,0.0,0.0030354,0.0,-0.0079973,-7.0637,60.48,-18.245,25.329,-18.415,-1000000.0,-838.9,-266.03,0.0,0.0,38.935,25.14,6.8946,0.0,-8055.91,0.1279,20.0,-2632.93,0.1566,20.0,-1765.15,0.1706,20.0,-1070.51,0.1913,20.0,-735.22,0.2096,20.0,-508.39,0.2301,20.0,-360.72,0.2517,20.0,-310.72,0.2718,20.0,-284.19,0.3259,20.0
318,2023-11-15,0.0,0.18796,0.05,14.775,7.56041666666667,0.18796,0.0,0.0030181,0.0,-0.0079139,-6.8757,60.48,-18.242,25.329,-18.423,-1000000.0,-838.97,-267.16,0.0,0.0,38.924,25.14,6.8976,0.0,-8082.02,0.1278,20.0,-2632.68,0.1566,20.0,-1757.1,0.1707,20.0,-1062.49,0.1916,20.0,-732.16,0.2098,20.0,-508.38,0.2301,20.0,-361.7,0.2516,20.0,-311.88,0.2716,20.0,-285.31,0.3257,20.0
319,2023-11-16,0.3726,0.09906,-2.825,6.8,1.0,0.09906,0.0,0.003002,0.0,-0.0078315,-6.7767,60.48,-18.239,25.329,-18.431,-1000000.0,-838.98,-268.28,0.0,0.0,38.913,25.14,6.9006,0.0,-8105.89,0.1278,20.0,-2631.53,0.1566,20.0,-1748.73,0.1709,20.0,-1054.81,0.1919,20.0,-729.22,0.21,20.0,-508.39,0.2301,20.0,-362.67,0.2514,20.0,-313.02,0.2714,20.0,-286.43,0.3255,20.0
320,2023-11-17,0.0,0.27432,3.15,13.75,7.25208333333333,0.27432,0.0,0.0029874,0.0,-0.0077499,-6.5024,60.48,-18.236,25.329,-18.439,-1000000.0,-838.94,-269.38,0.0,0.0,38.902,25.14,6.9036,0.0,-8127.35,0.1277,20.0,-2629.51,0.1567,20.0,-1740.16,0.1711,20.0,-1047.3,0.1922,20.0,-726.41,0.2103,20.0,-508.42,0.2301,20.0,-363.64,0.2512,20.0,-314.16,0.2711,20.0,-287.53,0.3253,20.0
321,2023-11-18,0.0,0.19304,-0.125,13.35,5.53958333333333,0.19304,0.0,0.0029743,0.0,-0.0076692,-6.3093,60.48,-18.233,25.329,-18.446,-1000000.0,-838.82,-270.48,0.0,0.0,38.892,25.14,6.9066,0.0,-8146.2,0.1277,20.0,-2626.65,0.1567,20.0,-1731.25,0.1713,20.0,-1039.96,0.1925,20.0,-723.84,0.2105,20.0,-508.46,0.2301,20.0,-364.6,0.251,20.0,-315.28,0.2709,20.0,-288.63,0.3251,20.0
322,2023-11-19,0.0,0.18796,1.95,12.4,5.996875,0.18796,0.0,0.0029629,0.0,-0.0075894,-6.1214,60.48,-18.23,25.329,-18.454,-1000000.0,-838.62,-271.56,0.0,0.0,38.881,25.14,6.9095,0.0,-8162.3,0.1276,20.0,-2622.99,0.1567,20.0,-1721.99,0.1715,20.0,-1032.82,0.1928,20.0,-721.4,0.2106,20.0,-508.51,0.2301,20.0,-365.55,0.2508,20.0,-316.39,0.2707,20.0,-289.73,0.3249,20.0
323,2023-11-20,0.0,0.1651,-1.325,8.125,2.86666666666667,0.1651,0.0,0.0029531,0.0,-0.0075101,-5.9563,60.48,-18.227,25.329,-18.461,-1000000.0,-838.35,-272.63,0.0,0.0,38.871,25.14,6.9125,0.0,-8175.53,0.1276,20.0,-2618.54,0.1568,20.0,-1712.45,0.1717,20.0,-1025.92,0.1931,20.0,-719.05,0.2108,20.0,-508.58,0.2301,20.0,-366.5,0.2506,20.0,-317.49,0.2705,20.0,-290.81,0.3247,20.0
324,2023-11-21,0.0,0.33274,3.65,11.25,7.96145833333333,0.33274,0.0,0.0029451,0.0,-0.0074319,-5.6235,60.48,-18.224,25.329,-18.469,-1000000.0,-838.02,-273.69,0.0,0.0,38.86,25.14,6.9155,0.0,-8185.78,0.1276,20.0,-2613.36,0.1569,20.0,-1702.77,0.1719,20.0,-1019.3,0.1934,20.0,-716.78,0.211,20.0,-508.67,0.2301,20.0,-367.44,0.2504,20.0,-318.59,0.2703,20.0,-291.9,0.3245,20.0
325,2023-11-22,0.0,0.1524,-1.925,10.625,5.92395833333333,0.1524,0.0,0.0029389,0.0,-0.0073542,-5.4711,60.48,-18.221,25.329,-18.476,-1000000.0,-837.62,-274.74,0.0,0.0,38.85,25.14,6.9184,0.0,-8192.99,0.1276,20.0,-2607.49,0.1569,20.0,-1693.17,0.1721,20.0,-1013.07,0.1936,20.0,-714.59,0.2112,20.0,-508.78,0.2301,20.0,-368.38,0.2503,20.0,-319.67,0.2701,20.0,-292.97,0.3243,20.0
326,2023-11-23,0.0,0.01016,-5.6,-2.2,-4.47291666666667,0.01016,0.0,0.0029346,0.0,-0.0072774,-5.461,60.48,-18.218,25.329,-18.483,-1000000.0,-837.13,-275.78,0.0,0.0,38.84,25.14,6.9213,0.0,-8197.1,0.1276,20.0,-2600.9,0.157,20.0,-1683.57,0.1723,20.0,-1006.93,0.1939,20.0,-712.48,0.2113,20.0,-508.9,0.2301,20.0,-369.31,0.2501,20.0,-320.74,0.2699,20.0,-294.04,0.3242,20.0
327,2023-11-24,0.0,0.01778,-12.725,-5.175,-6.821875,0.01778,0.0,0.0029322,0.0,-0.0072012,-5.4432,60.48,-18.215,25.329,-18.491,-1000000.0,-836.56,-276.81,0.0,0.0,38.829,25.14,6.9243,0.0,-8198.08,0.1276,20.0,-2593.61,0.1571,20.0,-1673.94,0.1725,20.0,-1000.92,0.1941,20.0,-710.46,0.2115,20.0,-509.03,0.2301,20.0,-370.24,0.2499,20.0,-321.8,0.2698,20.0,-295.1,0.324,20.0
328,2023-11-25,0.0527,0.06096,-10.375,3.575,-2.86458333333333,0.06096,0.0,0.0029318,0.0,-0.0071257,-5.3822,60.48,-18.212,25.329,-18.498,-1000000.0,-835.9,-277.83,0.0,0.0,38.819,25.14,6.9272,0.0,-8195.9,0.1276,20.0,-2585.63,0.1572,20.0,-1664.27,0.1727,20.0,-995.07,0.1944,20.0,-708.51,0.2116,20.0,-509.18,0.23,20.0,-371.16,0.2497,20.0,-322.85,0.2696,20.0,-296.16,0.3238,20.0
329,2023-11-26,0.0,0.05842,-8.025,3.925,-2.55833333333333,0.05842,0.0,0.0029333,0.0,-0.0070509,-5.3238,60.48,-18.209,25.329,-18.505,-1000000.0,-835.18,-278.85,0.0,0.0,38.809,25.14,6.9301,0.0,-8190.59,0.1276,20.0,-2577.0,0.1573,20.0,-1654.73,0.1729,20.0,-989.38,0.1946,20.0,-706.69,0.2118,20.0,-509.34,0.23,20.0,-372.08,0.2495,20.0,-323.88,0.2694,20.0,-297.21,0.3236,20.0
330,2023-11-27,0.0,0.18288,-6.825,7.8,1.12083333333333,0.18288,0.0,0.0029368,0.0,-0.0069768,-5.1409,60.48,-18.207,25.329,-18.512,-1000000.0,-834.39,-279.85,0.0,0.0,38.799,25.14,6.9331,0.0,-8182.15,0.1276,20.0,-2567.78,0.1574,20.0,-1645.02,0.1732,20.0,-983.87,0.1948,20.0,-704.97,0.2119,20.0,-509.51,0.23,20.0,-372.99,0.2494,20.0,-324.91,0.2692,20.0,-298.26,0.3234,20.0
331,2023-11-28,0.0,0.28194,0.125,10.625,4.359375,0.28194,0.0,0.0029422,0.0,-0.0069031,-4.859,60.48,-18.204,25.329,-18.519,-1000000.0,-833.53,-280.85,0.0,0.0,38.79,25.14,6.936,0.0,-8170.6,0.1276,20.0,-2558.02,0.1575,20.0,-1635.15,0.1734,20.0,-978.55,0.1951,20.0,-703.31,0.212,20.0,-509.69,0.23,20.0,-373.9,0.2492,20.0,-325.93,0.269,20.0,-299.3,0.3233,20.0
332,2023-11-29,0.0,0.10668,-10.025,7.975,0.0031249999999998,0.10668,0.0,0.0029495,0.0,-0.0068303,-4.7523,60.48,-18.201,25.329,-18.526,-1000000.0,-832.6,-281.83,0.0,0.0,38.78,25.14,6.9389,0.0,-8156.03,0.1277,20.0,-2547.76,0.1576,20.0,-1625.22,0.1736,20.0,-973.79,0.1953,20.0,-701.72,0.2122,20.0,-509.89,0.23,20.0,-374.8,0.249,20.0,-326.93,0.2688,20.0,-300.33,0.3231,20.0
333,2023-11-30,0.0,0.0254,-12.5,0.75,-7.184375,0.0254,0.0,0.0029587,0.0,-0.0067581,-4.7269,60.48,-18.198,25.329,-18.532,-1000000.0,-831.59,-282.81,0.0,0.0,38.77,25.14,6.9419,0.0,-8138.51,0.1277,20.0,-2537.04,0.1577,20.0,-1615.25,0.1738,20.0,-969.12,0.1956,20.0,-700.18,0.2123,20.0,-510.09,0.2299,20.0,-375.71,0.2488,20.0,-327.93,0.2686,20.0,-301.36,0.3229,20.0
334,2023-12-01,0.0,0.1143,-11.55,2.85,-2.70833333333333,0.1143,0.0,0.0029697,0.0,-0.0066863,-4.6126,60.48,-18.195,25.329,-18.539,-1000000.0,-830.52,-283.78,0.0,0.0,38.76,25.14,6.9449,0.0,-8118.12,0.1277,20.0,-2525.89,0.1578,20.0,-1605.27,0.174,20.0,-964.54,0.1958,20.0,-698.7,0.2124,20.0,-510.3,0.2299,20.0,-376.61,0.2487,20.0,-328.92,0.2685,20.0,-302.39,0.3227,20.0
335,2023-12-02,0.0,0.1651,-2.725,4.55,0.510416666666667,0.1651,0.0,0.0029826,0.0,-0.0066153,-4.4475,60.48,-18.192,25.329,-18.546,-1000000.0,-829.38,-284.75,0.0,0.0,38.751,25.14,6.9478,0.0,-8095.0,0.1278,20.0,-2514.35,0.158,20.0,-1595.32,0.1742,20.0,-960.07,0.1961,20.0,-697.28,0.2125,20.0,-510.53,0.2299,20.0,-377.5,0.2485,20.0,-329.9,0.2683,20.0,-303.41,0.3225,20.0
336,2023-12-03,0.0,0.17018,-3.95,6.5,1.57916666666667,0.17018,0.0,0.0029971,0.0,-0.0065447,-4.2773,60.48,-18.189,25.329,-18.552,-1000000.0,-828.18,-285.7,0.0,0.0,38.741,25.14,6.9508,0.0,-8069.28,0.1278,20.0,-2502.47,0.1581,20.0,-1585.39,0.1744,20.0,-955.73,0.1963,20.0,-695.92,0.2126,20.0,-510.77,0.2299,20.0,-378.38,0.2483,20.0,-330.87,0.2681,20.0,-304.43,0.3224,20.0
337,2023-12-04,0.0,0.16256,-2.625,9.575,5.40729166666667,0.16256,0.0,0.0030133,0.0,-0.0064747,-4.1147,60.48,-18.186,25.329,-18.559,-1000000.0,-826.92,-286.65,0.0,0.0,38.732,25.14,6.9539,0.0,-8041.1,0.1279,20.0,-2490.27,0.1582,20.0,-1575.53,0.1746,20.0,-951.51,0.1966,20.0,-694.61,0.2127,20.0,-511.01,0.2298,20.0,-379.27,0.2482,20.0,-331.83,0.2679,20.0,-305.45,0.3222,20.0
338,2023-12-05,0.0,0.33782,9.525,15.325,12.5104166666667,0.33782,0.0,0.003031,0.0,-0.0064052,-3.7769,60.48,-18.183,25.329,-18.565,-1000000.0,-825.61,-287.59,0.0,0.0,38.722,25.14,6.9569,0.0,-8010.63,0.128,20.0,-2477.81,0.1584,20.0,-1565.73,0.1749,20.0,-947.4,0.1968,20.0,-693.35,0.2128,20.0,-511.27,0.2298,20.0,-380.16,0.248,20.0,-332.78,0.2677,20.0,-306.47,0.3221,20.0
339,2023-12-06,0.0,0.25146,6.05,15.675,11.015625,0.25146,0.0,0.0030501,0.0,-0.0063363,-3.5255,60.48,-18.18,25.329,-18.572,-1000000.0,-824.29,-288.52,0.0,0.0,38.713,25.14,6.9599,0.0,-7978.02,0.128,20.0,-2467.14,0.1585,20.0,-1556.03,0.1751,20.0,-943.42,0.197,20.0,-692.16,0.2129,20.0,-511.53,0.2298,20.0,-381.04,0.2478,20.0,-333.73,0.2676,20.0,-307.48,0.3219,20.0
340,2023-12-07,0.0,0.09144,-3.225,8.15,3.30625,0.09144,0.0,0.0030706,0.0,-0.0062678,-3.434,60.48,-18.177,25.329,-18.578,-1000000.0,-822.95,-289.45,0.0,0.0,38.703,25.14,6.963,0.0,-7943.41,0.1281,20.0,-2455.85,0.1587,20.0,-1547.58,0.1753,20.0,-939.56,0.1972,20.0,-691.04,0.213,20.0,-511.79,0.2298,20.0,-381.91,0.2476,20.0,-334.67,0.2674,20.0,-308.48,0.3218,20.0
341,2023-12-08,0.0068,0.03302,-10.3,5.75,-2.80833333333333,0.03302,0.0,0.0030981,0.0,-0.0061997,-3.401,60.48,-18.174,25.329,-18.584,-1000000.0,-821.62,-290.37,0.0,0.0,38.694,25.14,6.9661,0.0,-7912.67,0.1282,20.0,-2444.19,0.1589,20.0,-1538.95,0.1756,20.0,-936.12,0.1974,20.0,-689.96,0.2131,20.0,-512.07,0.2297,20.0,-382.79,0.2475,20.0,-335.6,0.2672,20.0,-309.47,0.3217,20.0
342,2023-12-09,0.0,0.1397,-6.625,3.35,-1.165625,0.1397,0.0,0.0031261,0.0,-0.0061323,-3.2613,60.48,-18.17,25.329,-18.59,-1000000.0,-820.15,-291.29,0.0,0.0,38.685,25.14,6.9692,0.0,-7886.68,0.1283,20.0,-2432.16,0.1591,20.0,-1530.4,0.1758,20.0,-932.8,0.1976,20.0,-688.93,0.2132,20.0,-512.35,0.2297,20.0,-383.67,0.2473,20.0,-336.52,0.2671,20.0,-310.46,0.3216,20.0
343,2023-12-10,0.0,0.21082,0.875,6.65,3.815625,0.21082,0.0,0.003161,0.0,-0.0060652,-3.0505,60.48,-18.167,25.329,-18.596,-1000000.0,-818.63,-292.2,0.0,0.0,38.676,25.14,6.9723,0.0,-7860.72,0.1284,20.0,-2419.77,0.1593,20.0,-1522.0,0.1761,20.0,-929.56,0.1978,20.0,-687.95,0.2132,20.0,-512.64,0.2297,20.0,-384.53,0.2471,20.0,-337.44,0.2669,20.0,-311.43,0.3214,20.0
344,2023-12-11,0.148,0.04572,-3.725,3.875,0.255208333333333,0.04572,0.0,0.0031975,0.0,-0.0059986,-3.0048,60.48,-18.164,25.329,-18.602,-1000000.0,-817.09,-293.1,0.0,0.0,38.666,25.14,6.9755,0.0,-7834.41,0.1284,20.0,-2407.08,0.1595,20.0,-1513.75,0.1763,20.0,-926.41,0.198,20.0,-687.01,0.2133,20.0,-512.94,0.2296,20.0,-385.39,0.247,20.0,-338.35,0.2667,20.0,-312.39,0.3213,20.0
345,2023-12-12,0.0034,0.04064,-5.475,5.225,-1.43854166666667,0.04064,0.0,0.003235,0.0,-0.0059323,-2.9641,60.48,-18.161,25.329,-18.608,-1000000.0,-815.56,-293.99,0.0,0.0,38.657,25.14,6.9788,0.0,-7807.68,0.1285,20.0,-2394.15,0.1597,20.0,-1505.64,0.1766,20.0,-923.34,0.1981,20.0,-686.1,0.2134,20.0,-513.25,0.2296,20.0,-386.27,0.2468,20.0,-339.25,0.2666,20.0,-313.35,0.3212,20.0
346,2023-12-13,0.0,0.13716,-4.75,9.0,0.878125,0.13716,0.0,0.003273,0.0,-0.0058664,-2.827,60.48,-18.158,25.329,-18.614,-1000000.0,-814.02,-294.89,0.0,0.0,38.648,25.14,6.982,0.0,-7780.53,0.1286,20.0,-2381.04,0.1599,20.0,-1497.67,0.1768,20.0,-920.35,0.1983,20.0,-685.24,0.2134,20.0,-513.56,0.2296,20.0,-387.13,0.2467,20.0,-340.14,0.2664,20.0,-314.3,0.3211,20.0
347,2023-12-14,0.0,0.11684,-2.925,9.275,1.02604166666667,0.11684,0.0,0.0033117,0.0,-0.0058008,-2.7101,60.48,-18.154,25.329,-18.62,-1000000.0,-812.49,-295.77,0.0,0.0,38.639,25.14,6.9853,0.0,-7752.96,0.1287,20.0,-2367.81,0.1601,20.0,-1489.82,0.177,20.0,-917.45,0.1985,20.0,-684.4,0.2135,20.0,-513.88,0.2295,20.0,-387.98,0.2466,20.0,-341.03,0.2662,20.0,-315.24,0.3209,20.0
348,2023-12-15,0.0,0.10668,-6.45,8.35,0.763541666666667,0.10668,0.0,0.0033508,0.0,-0.0057357,-2.6034,60.48,-18.151,25.329,-18.626,-1000000.0,-810.96,-296.66,0.0,0.0,38.63,25.14,6.9887,0.0,-7725.02,0.1288,20.0,-2354.51,0.1603,20.0,-1482.1,0.1772,20.0,-914.62,0.1986,20.0,-683.6,0.2136,20.0,-514.21,0.2295,20.0,-388.83,0.2465,20.0,-341.92,0.2661,20.0,-316.18,0.3208,20.0
349,2023-12-16,0.0,0.3302,4.125,11.3,7.08645833333333,0.3302,0.0,0.0033903,0.0,-0.0056707,-2.2732,60.48,-18.148,25.329,-18.631,-1000000.0,-809.45,-297.54,0.0,0.0,38.621,25.14,6.9921,0.0,-7696.74,0.1288,20.0,-2341.16,0.1605,20.0,-1474.51,0.1775,20.0,-911.86,0.1988,20.0,-682.84,0.2136,20.0,-514.54,0.2295,20.0,-389.67,0.2464,20.0,-342.79,0.2659,20.0,-317.11,0.3207,20.0
350,2023-12-17,0.0,0.06604,-7.75,5.325,-0.157291666666667,0.06604,0.0,0.0034302,0.0,-0.005606,-2.2072,60.48,-18.144,25.329,-18.637,-1000000.0,-807.96,-298.41,0.0,0.0,38.612,25.14,6.9955,0.0,-7668.2,0.1289,20.0,-2327.82,0.1607,20.0,-1467.08,0.1777,20.0,-909.19,0.1989,20.0,-682.1,0.2137,20.0,-514.88,0.2294,20.0,-390.51,0.2462,20.0,-343.66,0.2658,20.0,-318.03,0.3206,20.0
351,2023-12-18,0.0,0.2286,-3.35,12.575,6.90833333333333,0.2286,0.0,0.0034704,0.0,-0.0055415,-1.9786,60.48,-18.141,25.329,-18.643,-1000000.0,-806.49,-299.29,0.0,0.0,38.603,25.14,6.9989,0.0,-7639.46,0.129,20.0,-2314.51,0.1609,20.0,-1459.77,0.1779,20.0,-906.62,0.1991,20.0,-681.39,0.2137,20.0,-515.23,0.2294,20.0,-391.33,0.2461,20.0,-344.53,0.2656,20.0,-318.94,0.3205,20.0
352,2023-12-19,0.0085,0.19304,1.925,13.15,7.56458333333333,0.19304,0.0,0.0035108,0.0,-0.0054771,-1.7856,60.48,-18.137,25.329,-18.648,-1000000.0,-805.04,-300.16,0.0,0.0,38.594,25.14,7.0024,0.0,-7610.6,0.1291,20.0,-2301.26,0.1611,20.0,-1452.53,0.1781,20.0,-904.24,0.1992,20.0,-680.72,0.2138,20.0,-515.59,0.2294,20.0,-392.16,0.246,20.0,-345.39,0.2654,20.0,-319.85,0.3203,20.0
353,2023-12-20,0.0,0.20574,4.35,12.8,7.19166666666667,0.20574,0.0,0.0035511,0.0,-0.0054127,-1.5798,60.48,-18.134,25.329,-18.654,-1000000.0,-803.63,-301.03,0.0,0.0,38.585,25.14,7.006,0.0,-7581.7,0.1292,20.0,-2288.1,0.1613,20.0,-1445.79,0.1783,20.0,-901.97,0.1993,20.0,-680.09,0.2138,20.0,-515.95,0.2293,20.0,-392.98,0.2459,20.0,-346.24,0.2653,20.0,-320.75,0.3202,20.0
354,2023-12-21,0.0,0.1651,-1.125,12.4,6.38125,0.1651,0.0,0.0035915,0.0,-0.0053484,-1.4147,60.48,-18.13,25.329,-18.659,-1000000.0,-802.25,-301.9,0.0,0.0,38.576,25.14,7.0096,0.0,-7552.84,0.1293,20.0,-2275.04,0.1615,20.0,-1439.43,0.1785,20.0,-899.77,0.1995,20.0,-679.5,0.2139,20.0,-516.31,0.2293,20.0,-393.79,0.2458,20.0,-347.09,0.2651,20.0,-321.65,0.3201,20.0
355,2023-12-22,0.0,0.2032,2.825,11.925,6.90625,0.2032,0.0,0.0036317,0.0,-0.0052837,-1.2115,60.48,-18.126,25.329,-18.664,-1000000.0,-800.89,-302.78,0.0,0.0,38.567,25.14,7.0132,0.0,-7524.08,0.1294,20.0,-2262.06,0.1617,20.0,-1433.19,0.1787,20.0,-897.63,0.1996,20.0,-678.94,0.2139,20.0,-516.68,0.2292,20.0,-394.6,0.2456,20.0,-347.94,0.265,20.0,-322.54,0.32,20.0
356,2023-12-23,0.0,0.07366,-4.55,3.975,0.003125,0.07366,0.0,0.0036716,0.0,-0.0052183,-1.1379,60.48,-18.123,25.329,-18.669,-1000000.0,-799.57,-303.66,0.0,0.0,38.558,25.14,7.0168,0.0,-7495.5,0.1294,20.0,-2249.15,0.1619,20.0,-1427.02,0.1789,20.0,-895.55,0.1997,20.0,-678.41,0.214,20.0,-517.05,0.2292,20.0,-395.41,0.2455,20.0,-348.78,0.2648,20.0,-323.43,0.3199,20.0
357,2023-12-24,0.0,0.0762,-9.675,3.125,-4.54375,0.0762,0.0,0.0037112,0.0,-0.0051517,-1.0617,60.48,-18.119,25.329,-18.675,-1000000.0,-798.27,-304.56,0.0,0.0,38.549,25.14,7.0205,0.0,-7467.15,0.1295,20.0,-2236.31,0.1621,20.0,-1420.91,0.1791,20.0,-893.52,0.1998,20.0,-677.91,0.214,20.0,-517.43,0.2292,20.0,-396.2,0.2454,20.0,-349.61,0.2647,20.0,-324.31,0.3198,20.0
358,2023-12-25,0.0,0.12954,-10.325,5.575,-3.33541666666667,0.12954,0.0,0.0037504,0.0,-0.0050864,-0.93213,60.48,-18.115,25.329,-18.68,-1000000.0,-797.01,-305.56,0.0,0.0,38.54,25.14,7.0243,0.0,-7439.06,0.1296,20.0,-2223.55,0.1623,20.0,-1414.88,0.1792,20.0,-891.55,0.1999,20.0,-677.43,0.2141,20.0,-517.81,0.2291,20.0,-396.99,0.2453,20.0,-350.44,0.2645,20.0,-325.18,0.3197,20.0
359,2023-12-26,0.0,0.1651,-6.25,6.95,0.0583333333333333,0.1651,0.0,0.0037892,0.0,-0.005051,-0.76703,60.48,-18.112,25.329,-18.685,-1000000.0,-795.8,-306.69,0.0,0.0,38.532,25.14,7.0281,0.0,-7411.25,0.1297,20.0,-2210.92,0.1625,20.0,-1408.92,0.1794,20.0,-889.64,0.2,20.0,-676.98,0.2141,20.0,-518.19,0.2291,20.0,-397.78,0.2452,20.0,-351.26,0.2644,20.0,-326.06,0.3195,20.0
360,2023-12-27,0.0,0.09144,-6.775,7.3,-0.14375,0.09144,0.0,0.0038276,0.0,-0.0050182,-0.67559,60.48,-18.108,25.329,-18.69,-1000000.0,-794.64,-307.75,0.0,0.0,38.523,25.14,7.0319,0.0,-7383.4,0.1298,20.0,-2198.39,0.1627,20.0,-1403.1,0.1796,20.0,-887.77,0.2002,20.0,-676.55,0.2141,20.0,-518.58,0.229,20.0,-398.57,0.2451,20.0,-352.09,0.2642,20.0,-326.93,0.3194,20.0
361,2023-12-28,0.0,0.1905,-2.8,11.65,4.85729166666667,0.1905,0.0,0.0038663,0.0,-0.0049866,-0.48509,60.48,-18.104,25.329,-18.695,-1000000.0,-793.5,-308.77,0.0,0.0,38.514,25.14,7.0357,0.0,-7354.94,0.1299,20.0,-2186.11,0.1629,20.0,-1397.43,0.1798,20.0,-885.96,0.2003,20.0,-676.15,0.2142,20.0,-518.98,0.229,20.0,-399.35,0.245,20.0,-352.9,0.2641,20.0,-327.79,0.3193,20.0
362,2023-12-29,0.0,0.07874,-5.25,10.55,1.37708333333333,0.07874,0.0,0.0039062,0.0,-0.0049556,-0.40635,60.48,-18.1,25.329,-18.7,-1000000.0,-792.35,-309.78,0.0,0.0,38.505,25.14,7.0396,0.0,-7325.49,0.13,20.0,-2174.12,0.1631,20.0,-1391.91,0.1799,20.0,-884.19,0.2004,20.0,-675.76,0.2142,20.0,-519.37,0.229,20.0,-400.12,0.2449,20.0,-353.72,0.2639,20.0,-328.66,0.3192,20.0
363,2023-12-30,0.0,0.03302,-8.125,7.625,-1.759375,0.03302,0.0,0.0039471,0.0,-0.0049252,-0.37333,60.48,-18.096,25.329,-18.705,-1000000.0,-791.2,-310.76,0.0,0.0,38.496,25.14,7.0436,0.0,-7295.21,0.1301,20.0,-2162.43,0.1632,20.0,-1386.56,0.1801,20.0,-882.47,0.2004,20.0,-675.4,0.2142,20.0,-519.77,0.2289,20.0,-400.89,0.2447,20.0,-354.53,0.2638,20.0,-329.52,0.3191,20.0
364,2023-12-31,0.0,0.10668,-7.525,10.125,0.734375,0.10668,0.0,0.0039889,0.0,-0.0048952,-0.26665,60.48,-18.092,25.329,-18.71,-1000000.0,-790.06,-311.73,0.0,0.0,38.487,25.14,7.0475,0.0,-7264.36,0.1301,20.0,-2151.01,0.1634,20.0,-1381.36,0.1802,20.0,-880.8,0.2005,20.0,-675.06,0.2142,20.0,-520.18,0.2289,20.0,-401.66,0.2446,20.0,-355.33,0.2636,20.0,-330.38,0.319,20.0
365,2024-01-01,0.0,0.127,-4.5,7.55,0.603125,0.127,0.0,0.0040313,0.0,-0.0048657,-0.13965,60.48,-18.088,25.329,-18.714,-1000000.0,-788.94,-312.68,0.0,0.0,38.478,25.14,7.0516,0.0,-7233.21,0.1302,20.0,-2139.85,0.1636,20.0,-1376.24,0.1804,20.0,-879.18,0.2006,20.0,-674.73,0.2143,20.0,-520.6,0.2288,20.0,-402.42,0.2445,20.0,-356.14,0.2635,20.0,-331.24,0.3189,20.0
366,2024-01-02,0.0,0.11684,-4.275,6.675,-0.121875,0.11684,0.0,0.0040739,0.0,-0.0048365,-0.022809,60.48,-18.084,25.329,-18.719,-1000000.0,-787.85,-313.62,0.0,0.0,38.469,25.14,7.0556,0.0,-7201.95,0.1303,20.0,-2129.71,0.1638,20.0,-1371.19,0.1805,20.0,-877.66,0.2007,20.0,-674.43,0.2143,20.0,-521.01,0.2288,20.0,-403.18,0.2444,20.0,-356.94,0.2633,20.0,-332.09,0.3188,20.0
367,2024-01-03,0.0,0.04064,-11.325,4.075,-4.49895833333333,0.04064,0.0,0.0041167,0.0,-0.0048078,0.017831,60.48,-18.08,25.329,-18.724,-1000000.0,-786.78,-314.55,0.0,0.0,38.46,25.14,7.0597,0.0,-7170.55,0.1304,20.0,-2120.41,0.1639,20.0,-1366.25,0.1807,20.0,-876.22,0.2008,20.0,-674.14,0.2143,20.0,-521.43,0.2287,20.0,-403.93,0.2443,20.0,-357.74,0.2632,20.0,-332.94,0.3186,20.0
368,2024-01-04,0.0,0.11176,-4.1,7.425,0.45,0.11176,0.0,0.0041598,0.0,-0.0047793,0.12959,60.48,-18.076,25.329,-18.729,-1000000.0,-785.73,-315.47,0.0,0.0,38.452,25.14,7.0639,0.0,-7138.94,0.1305,20.0,-2111.52,0.164,20.0,-1361.43,0.1808,20.0,-874.84,0.2009,20.0,-673.88,0.2143,20.0,-521.85,0.2287,20.0,-404.68,0.2442,20.0,-358.53,0.263,20.0,-333.79,0.3185,20.0
369,2024-01-05,0.0,0.09144,-3.425,5.325,-0.651041666666667,0.09144,0.0,0.004203,0.0,-0.0047511,0.22103,60.48,-18.072,25.329,-18.734,-1000000.0,-784.69,-316.38,0.0,0.0,38.443,25.14,7.0681,0.0,-7107.2,0.1306,20.0,-2102.92,0.1642,20.0,-1356.72,0.181,20.0,-873.51,0.201,20.0,-673.63,0.2143,20.0,-522.27,0.2287,20.0,-405.43,0.2441,20.0,-359.32,0.2629,20.0,-334.63,0.3184,20.0
370,2024-01-06,0.0,0.1524,-5.325,2.2,-0.451041666666667,0.1524,0.0,0.0042463,0.0,-0.0047233,0.37343,60.48,-18.067,25.329,-18.738,-1000000.0,-783.68,-317.28,0.0,0.0,38.434,25.14,7.0723,0.0,-7075.46,0.1307,20.0,-2094.54,0.1643,20.0,-1352.2,0.1811,20.0,-872.21,0.201,20.0,-673.4,0.2144,20.0,-522.69,0.2286,20.0,-406.17,0.244,20.0,-360.11,0.2628,20.0,-335.46,0.3183,20.0
371,2024-01-07,0.0,0.02794,-13.95,-5.325,-10.1489583333333,0.02794,0.0,0.0042894,0.0,-0.0046957,0.40137,60.48,-18.063,25.329,-18.743,-1000000.0,-782.7,-318.17,0.0,0.0,38.425,25.14,7.0766,0.0,-7043.91,0.1308,20.0,-2086.36,0.1644,20.0,-1347.98,0.1812,20.0,-870.96,0.2011,20.0,-673.19,0.2144,20.0,-523.12,0.2286,20.0,-406.91,0.2439,20.0,-360.9,0.2626,20.0,-336.29,0.3182,20.0
372,2024-01-08,0.0,0.08382,-18.125,-0.875,-8.43541666666667,0.08382,0.0,0.0043322,0.0,-0.0046683,0.48519,60.48,-18.059,25.329,-18.748,-1000000.0,-781.75,-319.05,0.0,0.0,38.416,25.14,7.0809,0.0,-7012.69,0.1309,20.0,-2078.31,0.1645,20.0,-1343.95,0.1813,20.0,-869.75,0.2012,20.0,-673.0,0.2144,20.0,-523.55,0.2285,20.0,-407.65,0.2438,20.0,-361.68,0.2625,20.0,-337.12,0.3181,20.0
373,2024-01-09,0.0,0.1905,-2.55,5.875,1.115625,0.1905,0.0,0.0043744,0.0,-0.0046412,0.67569,60.48,-18.054,25.329,-18.752,-1000000.0,-780.82,-319.93,0.0,0.0,38.407,25.14,7.0853,0.0,-6981.76,0.131,20.0,-2070.35,0.1647,20.0,-1340.06,0.1815,20.0,-868.59,0.2012,20.0,-672.83,0.2144,20.0,-523.98,0.2285,20.0,-408.38,0.2437,20.0,-362.47,0.2623,20.0,-337.94,0.318,20.0
374,2024-01-10,0.0,0.0381,-19.575,-6.725,-14.7020833333333,0.0381,0.0,0.0044191,0.0,-0.0046144,0.71379,60.48,-18.05,25.329,-18.757,-1000000.0,-779.91,-320.8,0.0,0.0,38.398,25.14,7.0897,0.0,-6947.19,0.1311,20.0,-2062.55,0.1648,20.0,-1336.29,0.1816,20.0,-867.46,0.2013,20.0,-672.68,0.2144,20.0,-524.42,0.2284,20.0,-409.11,0.2436,20.0,-363.25,0.2622,20.0,-338.75,0.3179,20.0
375,2024-01-11,0.0,0.01524,-30.025,-20.075,-24.8489583333333,0.01524,0.0,0.0044676,0.0,-0.0045878,0.72903,60.48,-18.045,25.329,-18.762,-1000000.0,-778.98,-321.66,0.0,0.0,38.389,25.14,7.0941,0.0,-6910.19,0.1312,20.0,-2054.97,0.1649,20.0,-1332.62,0.1817,20.0,-866.37,0.2014,20.0,-672.55,0.2144,20.0,-524.86,0.2284,20.0,-409.84,0.2435,20.0,-364.02,0.262,20.0,-339.56,0.3178,20.0
376,2024-01-12,0.0,0.00508,-36.925,-30.275,-32.846875,0.00508,0.0,0.0045175,0.0,-0.0045614,0.73411,60.48,-18.041,25.329,-18.766,-1000000.0,-778.06,-322.51,0.0,0.0,38.379,25.14,7.0986,0.0,-6872.81,0.1313,20.0,-2047.63,0.165,20.0,-1329.05,0.1818,20.0,-865.31,0.2014,20.0,-672.44,0.2144,20.0,-525.3,0.2283,20.0,-410.56,0.2434,20.0,-364.8,0.2619,20.0,-340.37,0.3177,20.0
377,2024-01-13,0.0,0.00762,-38.025,-21.85,-31.2628333333333,0.00762,0.0,0.0045676,0.0,-0.0045352,0.74173,60.48,-18.036,25.329,-18.771,-1000000.0,-777.16,-323.35,0.0,0.0,38.37,25.14,7.1032,0.0,-6835.94,0.1314,20.0,-2040.53,0.1651,20.0,-1325.59,0.1819,20.0,-864.28,0.2015,20.0,-672.34,0.2144,20.0,-525.75,0.2283,20.0,-411.28,0.2432,20.0,-365.57,0.2618,20.0,-341.17,0.3176,20.0
378,2024-01-14,0.0,0.00508,-34.025,-25.925,-29.0159565217391,0.00508,0.0,0.0046169,0.0,-0.0045092,0.74681,60.48,-18.032,25.329,-18.775,-1000000.0,-776.3,-324.19,0.0,0.0,38.361,25.14,7.1078,0.0,-6800.03,0.1315,20.0,-2033.67,0.1652,20.0,-1322.21,0.182,20.0,-863.29,0.2015,20.0,-672.26,0.2145,20.0,-526.2,0.2282,20.0,-412.0,0.2431,20.0,-366.34,0.2616,20.0,-341.97,0.3175,20.0
379,2024-01-15,0.0,0.02032,-34.675,-15.075,-24.7677083333333,0.02032,0.0,0.0046648,0.0,-0.0044836,0.76713,60.48,-18.027,25.329,-18.78,-1000000.0,-775.5,-325.02,0.0,0.0,38.352,25.14,7.1125,0.0,-6765.3,0.1316,20.0,-2027.03,0.1653,20.0,-1318.94,0.1821,20.0,-862.34,0.2016,20.0,-672.19,0.2145,20.0,-526.65,0.2282,20.0,-412.71,0.243,20.0,-367.1,0.2615,20.0,-342.76,0.3174,20.0
380,2024-01-16,0.0,0.07874,-14.65,-3.85,-8.19375,0.07874,0.0,0.0047112,0.0,-0.004458,0.84587,60.48,-18.022,25.329,-18.784,-1000000.0,-774.74,-325.85,0.0,0.0,38.343,25.14,7.1172,0.0,-6731.84,0.1317,20.0,-2020.59,0.1654,20.0,-1315.75,0.1822,20.0,-861.42,0.2016,20.0,-672.13,0.2145,20.0,-527.1,0.2281,20.0,-413.43,0.2429,20.0,-367.87,0.2613,20.0,-343.55,0.3173,20.0
381,2024-01-17,0.0,0.01778,-18.825,-7.325,-13.5770833333333,0.01778,0.0,0.0047558,0.0,-0.0044327,0.86365,60.48,-18.018,25.329,-18.789,-1000000.0,-774.03,-326.67,0.0,0.0,38.334,25.14,7.1219,0.0,-6699.66,0.1318,20.0,-2014.36,0.1655,20.0,-1312.66,0.1823,20.0,-860.53,0.2017,20.0,-672.09,0.2145,20.0,-527.55,0.2281,20.0,-414.13,0.2428,20.0,-368.63,0.2612,20.0,-344.33,0.3172,20.0
382,2024-01-18,0.0,0.01651,-27.575,-12.375,-19.2677083333333,0.01651,0.0,0.0047987,0.0,-0.0044075,0.88016,60.48,-18.013,25.329,-18.793,-1000000.0,-773.37,-327.48,0.0,0.0,38.325,25.14,7.1267,0.0,-6668.74,0.1319,20.0,-2008.32,0.1656,20.0,-1309.66,0.1824,20.0,-859.67,0.2017,20.0,-672.07,0.2145,20.0,-528.01,0.2281,20.0,-414.84,0.2427,20.0,-369.39,0.2611,20.0,-345.11,0.3171,20.0
383,2024-01-19,0.0,0.01524,-28.575,-12.7,-19.715625,0.01524,0.0,0.0048399,0.0,-0.0043826,0.8954,60.48,-18.008,25.329,-18.797,-1000000.0,-772.76,-328.29,0.0,0.0,38.315,25.14,7.1315,0.0,-6639.06,0.132,20.0,-2002.46,0.1657,20.0,-1306.78,0.1824,20.0,-858.84,0.2018,20.0,-672.05,0.2145,20.0,-528.46,0.228,20.0,-415.54,0.2426,20.0,-370.15,0.2609,20.0,-345.89,0.317,20.0
384,2024-01-20,0.4186,0.1143,-16.0,6.175,1.03854166666667,0.1143,0.0,0.0048794,0.0,-0.0043579,1.0097,60.48,-18.003,25.329,-18.802,-1000000.0,-772.2,-329.09,0.0,0.0,38.306,25.14,7.1364,0.0,-6610.56,0.1321,20.0,-1996.79,0.1658,20.0,-1303.95,0.1825,20.0,-858.05,0.2018,20.0,-672.05,0.2145,20.0,-528.92,0.228,20.0,-416.25,0.2425,20.0,-370.91,0.2608,20.0,-346.66,0.3169,20.0
385,2024-01-21,0.0,0.12954,0.775,8.775,5.02708333333333,0.12954,0.0,0.0049174,0.0,-0.0043332,1.1392,60.48,-17.998,25.329,-18.806,-1000000.0,-771.68,-329.88,0.0,0.0,38.297,25.14,7.1413,0.0,-6583.19,0.1322,20.0,-1991.29,0.1659,20.0,-1301.15,0.1826,20.0,-857.29,0.2019,20.0,-672.06,0.2145,20.0,-529.39,0.2279,20.0,-416.94,0.2424,20.0,-371.66,0.2606,20.0,-347.42,0.3168,20.0
386,2024-01-22,0.0,0.0381,-10.225,-2.65,-6.46979166666667,0.0381,0.0,0.0049538,0.0,-0.0043089,1.1773,60.48,-17.993,25.329,-18.81,-1000000.0,-771.2,-330.67,0.0,0.0,38.288,25.14,7.1462,0.0,-6556.91,0.1323,20.0,-1985.95,0.166,20.0,-1298.42,0.1827,20.0,-856.56,0.2019,20.0,-672.08,0.2145,20.0,-529.86,0.2279,20.0,-417.64,0.2423,20.0,-372.41,0.2605,20.0,-348.19,0.3167,20.0
387,2024-01-23,0.0,0.15494,0.925,9.4,4.725,0.15494,0.0,0.0049887,0.0,-0.0042845,1.3323,60.48,-17.988,25.329,-18.815,-1000000.0,-770.76,-331.45,0.0,0.0,38.278,25.14,7.1512,0.0,-6531.66,0.1323,20.0,-1980.75,0.1661,20.0,-1295.75,0.1828,20.0,-855.87,0.2019,20.0,-672.11,0.2145,20.0,-530.32,0.2278,20.0,-418.33,0.2422,20.0,-373.17,0.2604,20.0,-348.94,0.3166,20.0
388,2024-01-24,0.0,0.14732,-1.15,8.75,3.42916666666667,0.14732,0.0,0.0050223,0.0,-0.0042605,1.4796,60.48,-17.983,25.329,-18.819,-1000000.0,-770.36,-332.23,0.0,0.0,38.269,25.14,7.1562,0.0,-6507.39,0.1324,20.0,-1975.7,0.1661,20.0,-1293.15,0.1829,20.0,-855.22,0.202,20.0,-672.16,0.2145,20.0,-530.79,0.2278,20.0,-419.02,0.2421,20.0,-373.91,0.2602,20.0,-349.7,0.3165,20.0
389,2024-01-25,0.0,0.1651,0.275,10.45,4.19270833333333,0.1651,0.0,0.0050546,0.0,-0.0042366,1.6447,60.48,-17.978,25.329,-18.823,-1000000.0,-770.0,-333.0,0.0,0.0,38.26,25.14,7.1613,0.0,-6484.05,0.1325,20.0,-1970.79,0.1662,20.0,-1290.63,0.1829,20.0,-854.62,0.202,20.0,-672.22,0.2145,20.0,-531.26,0.2277,20.0,-419.71,0.242,20.0,-374.66,0.2601,20.0,-350.45,0.3164,20.0
390,2024-01-26,0.0,0.19304,-0.3,8.1,2.88125,0.19304,0.0,0.0050856,0.0,-0.0042129,1.8377,60.48,-17.973,25.329,-18.828,-1000000.0,-769.66,-333.77,0.0,0.0,38.25,25.14,7.1664,0.0,-6461.6,0.1326,20.0,-1966.02,0.1663,20.0,-1288.17,0.183,20.0,-854.05,0.2021,20.0,-672.29,0.2144,20.0,-531.74,0.2277,20.0,-420.4,0.2419,20.0,-375.41,0.26,20.0,-351.19,0.3163,20.0
391,2024-01-27,0.0,0.20574,0.125,8.925,5.6375,0.20574,0.0,0.0051155,0.0,-0.0041893,2.0435,60.48,-17.968,25.329,-18.832,-1000000.0,-769.36,-334.53,0.0,0.0,38.241,25.14,7.1715,0.0,-6439.97,0.1326,20.0,-1961.69,0.1664,20.0,-1285.79,0.1831,20.0,-853.51,0.2021,20.0,-672.37,0.2144,20.0,-532.21,0.2276,20.0,-421.08,0.2418,20.0,-376.15,0.2598,20.0,-351.93,0.3162,20.0
392,2024-01-28,0.0,0.26162,5.35,14.75,9.24791666666667,0.26162,0.0,0.0051443,0.0,-0.0041659,2.3051,60.48,-17.963,25.329,-18.836,-1000000.0,-769.1,-335.29,0.0,0.0,38.232,25.14,7.1766,0.0,-6419.12,0.1327,20.0,-1957.74,0.1664,20.0,-1283.49,0.1831,20.0,-853.0,0.2021,20.0,-672.46,0.2144,20.0,-532.69,0.2276,20.0,-421.76,0.2417,20.0,-376.9,0.2597,20.0,-352.67,0.3161,20.0
393,2024-01-29,0.0,0.22352,4.125,16.85,8.81145833333333,0.22352,0.0,0.0051721,0.0,-0.0041427,2.5286,60.48,-17.958,25.329,-18.84,-1000000.0,-768.85,-336.04,0.0,0.0,38.223,25.14,7.1818,0.0,-6398.91,0.1327,20.0,-1953.79,0.1665,20.0,-1281.28,0.1832,20.0,-852.51,0.2021,20.0,-672.57,0.2144,20.0,-533.17,0.2275,20.0,-422.44,0.2416,20.0,-377.64,0.2596,20.0,-353.41,0.316,20.0
394,2024-01-30,0.0,0.24892,3.65,17.025,9.86875,0.24892,0.0,0.0051991,0.0,-0.0041195,2.7775,60.48,-17.953,25.329,-18.844,-1000000.0,-768.64,-336.78,0.0,0.0,38.213,25.14,7.187,0.0,-6379.25,0.1328,20.0,-1949.91,0.1666,20.0,-1279.15,0.1833,20.0,-852.05,0.2022,20.0,-672.68,0.2144,20.0,-533.65,0.2275,20.0,-423.12,0.2415,20.0,-378.38,0.2594,20.0,-354.14,0.3159,20.0
395,2024-01-31,0.0,0.2413,1.325,16.275,8.66041666666667,0.2413,0.0,0.0052254,0.0,-0.0040965,3.0188,60.48,-17.947,25.329,-18.848,-1000000.0,-768.44,-337.52,0.0,0.0,38.204,25.14,7.1922,0.0,-6360.07,0.1329,20.0,-1946.11,0.1667,20.0,-1277.1,0.1833,20.0,-851.62,0.2022,20.0,-672.81,0.2144,20.0,-534.13,0.2274,20.0,-423.79,0.2414,20.0,-379.12,0.2593,20.0,-354.87,0.3158,20.0
396,2024-02-01,0.0,0.19558,4.5,16.625,8.975,0.19558,0.0,0.005251,0.0,-0.0040737,3.2144,60.48,-17.942,25.329,-18.852,-1000000.0,-768.26,-338.26,0.0,0.0,38.195,25.14,7.1974,0.0,-6341.34,0.1329,20.0,-1942.41,0.1668,20.0,-1275.14,0.1834,20.0,-851.21,0.2022,20.0,-672.95,0.2144,20.0,-534.62,0.2274,20.0,-424.46,0.2414,20.0,-379.86,0.2592,20.0,-355.59,0.3157,20.0
397,2024-02-02,0.0,0.08128,3.0,13.65,6.56770833333333,0.08128,0.0,0.0052761,0.0,-0.004051,3.2957,60.48,-17.937,25.329,-18.856,-1000000.0,-768.1,-338.99,0.0,0.0,38.185,25.14,7.2027,0.0,-6323.07,0.133,20.0,-1938.8,0.1669,20.0,-1273.25,0.1834,20.0,-850.82,0.2022,20.0,-673.09,0.2144,20.0,-535.11,0.2273,20.0,-425.13,0.2413,20.0,-380.6,0.259,20.0,-356.31,0.3156,20.0
398,2024-02-03,0.6331,0.03048,-0.875,5.0,2.81458333333333,0.03048,0.0,0.0053005,0.0,-0.0040285,3.3262,60.48,-17.932,25.329,-18.86,-1000000.0,-767.96,-339.72,0.0,0.0,38.176,25.14,7.208,0.0,-6305.26,0.133,20.0,-1935.28,0.1669,20.0,-1271.43,0.1835,20.0,-850.46,0.2023,20.0,-673.25,0.2144,20.0,-535.6,0.2272,20.0,-425.8,0.2412,20.0,-381.34,0.2589,20.0,-357.03,0.3155,20.0
399,2024-02-04,0.0,0.0381,-10.075,-0.85,-4.96666666666667,0.0381,0.0,0.0053243,0.0,-0.0040062,3.3643,60.48,-17.926,25.329,-18.864,-1000000.0,-767.84,-340.45,0.0,0.0,38.167,25.14,7.2133,0.0,-6287.92,0.1331,20.0,-1931.87,0.167,20.0,-1269.68,0.1835,20.0,-850.12,0.2023,20.0,-673.42,0.2144,20.0,-536.09,0.2272,20.0,-426.46,0.2411,20.0,-382.07,0.2587,20.0,-357.74,0.3154,20.0
400,2024-02-05,0.3507,0.04572,-14.275,4.2,-6.19791666666667,0.04572,0.0,0.005356,0.0,-0.0039838,3.41,60.48,-17.921,25.329,-18.868,-1000000.0,-767.77,-341.16,0.0,0.0,38.157,25.14,7.2187,0.0,-6274.22,0.1331,20.0,-1928.55,0.1671,20.0,-1267.99,0.1836,20.0,-849.8,0.2023,20.0,-673.59,0.2143,20.0,-536.58,0.2271,20.0,-427.13,0.241,20.0,-382.81,0.2586,20.0,-358.46,0.3154,20.0
401,2024-02-06,0.0034,0.02794,-13.925,-2.275,-8.09895833333333,0.02794,0.0,0.0053812,0.0,-0.0039617,3.4379,60.48,-17.916,25.329,-18.872,-1000000.0,-767.64,-341.88,0.0,0.0,38.148,25.14,7.224,0.0,-6263.65,0.1332,20.0,-1925.34,0.1671,20.0,-1266.37,0.1836,20.0,-849.51,0.2023,20.0,-673.78,0.2143,20.0,-537.07,0.2271,20.0,-427.79,0.2409,20.0,-383.54,0.2585,20.0,-359.16,0.3153,20.0
402,2024-02-07,0.0,0.03302,-6.575,-2.35,-5.09375,0.03302,0.0,0.0054122,0.0,-0.0039398,3.471,60.48,-17.91,25.329,-18.876,-1000000.0,-767.54,-342.59,0.0,0.0,38.139,25.14,7.2294,0.0,-6254.01,0.1332,20.0,-1922.24,0.1672,20.0,-1264.82,0.1837,20.0,-849.23,0.2023,20.0,-673.97,0.2143,20.0,-537.57,0.227,20.0,-428.45,0.2408,20.0,-384.29,0.2583,20.0,-359.87,0.3152,20.0
403,2024-02-08,0.1496,0.0381,-5.5,-0.85,-3.32916666666667,0.0381,0.0,0.0054413,0.0,-0.0039179,3.5091,60.48,-17.905,25.329,-18.88,-1000000.0,-767.48,-343.3,0.0,0.0,38.129,25.14,7.2349,0.0,-6245.11,0.1333,20.0,-1919.26,0.1673,20.0,-1263.32,0.1837,20.0,-848.98,0.2023,20.0,-674.17,0.2143,20.0,-538.07,0.227,20.0,-429.1,0.2407,20.0,-385.02,0.2582,20.0,-360.57,0.3151,20.0
404,2024-02-09,0.0,0.0381,-11.6,-1.95,-6.17708333333333,0.0381,0.0,0.0054681,0.0,-0.0038961,3.5472,60.48,-17.899,25.329,-18.884,-1000000.0,-767.47,-344.0,0.0,0.0,38.12,25.14,7.2403,0.0,-6236.84,0.1333,20.0,-1916.39,0.1673,20.0,-1261.88,0.1838,20.0,-848.75,0.2024,20.0,-674.39,0.2143,20.0,-538.57,0.2269,20.0,-429.76,0.2406,20.0,-385.77,0.2581,20.0,-361.27,0.315,20.0
405,2024-02-10,0.0068,0.06858,-16.5,-0.425,-6.90208333333333,0.06858,0.0,0.005493,0.0,-0.0038745,3.6157,60.48,-17.894,25.329,-18.888,-1000000.0,-767.48,-344.7,0.0,0.0,38.111,25.14,7.2458,0.0,-6229.1,0.1333,20.0,-1913.65,0.1674,20.0,-1260.51,0.1838,20.0,-848.53,0.2024,20.0,-674.61,0.2143,20.0,-539.07,0.2269,20.0,-430.41,0.2405,20.0,-386.5,0.258,20.0,-361.97,0.3149,20.0
406,2024-02-11,0.2856,0.0762,-2.65,2.9,-0.260416666666667,0.0762,0.0,0.0055163,0.0,-0.003853,3.6919,60.48,-17.888,25.329,-18.892,-1000000.0,-767.53,-345.39,0.0,0.0,38.101,25.14,7.2513,0.0,-6221.83,0.1333,20.0,-1911.0,0.1674,20.0,-1259.24,0.1839,20.0,-848.34,0.2024,20.0,-674.83,0.2143,20.0,-539.57,0.2268,20.0,-431.06,0.2404,20.0,-387.23,0.2579,20.0,-362.66,0.3148,20.0
407,2024-02-12,0.0,0.07112,-2.375,3.275,0.904166666666667,0.07112,0.0,0.0055382,0.0,-0.0038316,3.7631,60.48,-17.883,25.329,-18.896,-1000000.0,-767.6,-346.08,0.0,0.0,38.092,25.14,7.2569,0.0,-6214.96,0.1334,20.0,-1908.43,0.1675,20.0,-1258.04,0.1839,20.0,-848.17,0.2024,20.0,-675.07,0.2142,20.0,-540.07,0.2268,20.0,-431.71,0.2403,20.0,-387.96,0.2578,20.0,-363.36,0.3147,20.0
408,2024-02-13,0.0,0.03556,-8.525,-2.425,-4.91979166666667,0.03556,0.0,0.005559,0.0,-0.0038104,3.7986,60.48,-17.877,25.329,-18.9,-1000000.0,-767.7,-346.77,0.0,0.0,38.082,25.14,7.2624,0.0,-6208.44,0.1334,20.0,-1905.93,0.1676,20.0,-1256.91,0.1839,20.0,-848.01,0.2024,20.0,-675.31,0.2142,20.0,-540.57,0.2267,20.0,-432.36,0.2402,20.0,-388.68,0.2577,20.0,-364.05,0.3146,20.0
409,2024-02-14,0.0527,0.03175,-15.45,-6.025,-10.5802083333333,0.03175,0.0,0.0055787,0.0,-0.0037892,3.8304,60.48,-17.872,25.329,-18.903,-1000000.0,-767.81,-347.45,0.0,0.0,38.073,25.14,7.268,0.0,-6202.23,0.1334,20.0,-1903.51,0.1676,20.0,-1255.83,0.184,20.0,-847.88,0.2024,20.0,-675.57,0.2142,20.0,-541.08,0.2267,20.0,-433.01,0.2401,20.0,-389.4,0.2576,20.0,-364.73,0.3145,20.0
410,2024-02-15,0.0,0.02794,-20.3,-6.575,-12.5083333333333,0.02794,0.0,0.0055975,0.0,-0.0037682,3.8583,60.48,-17.866,25.329,-18.907,-1000000.0,-767.95,-348.13,0.0,0.0,38.064,25.14,7.2736,0.0,-6196.29,0.1335,20.0,-1901.18,0.1677,20.0,-1254.81,0.184,20.0,-847.76,0.2024,20.0,-675.83,0.2142,20.0,-541.58,0.2266,20.0,-433.65,0.24,20.0,-390.12,0.2575,20.0,-365.42,0.3145,20.0
411,2024-02-16,0.0,0.03302,-26.225,-9.9,-17.0583333333333,0.03302,0.0,0.0056154,0.0,-0.0037473,3.8913,60.48,-17.86,25.329,-18.911,-1000000.0,-768.1,-348.81,0.0,0.0,38.054,25.14,7.2792,0.0,-6190.6,0.1335,20.0,-1898.94,0.1677,20.0,-1253.84,0.184,20.0,-847.66,0.2024,20.0,-676.1,0.2142,20.0,-542.09,0.2266,20.0,-434.29,0.2399,20.0,-390.83,0.2574,20.0,-366.1,0.3144,20.0
412,2024-02-17,0.0476,0.0889,-19.975,0.725,-9.134375,0.0889,0.0,0.0056326,0.0,-0.0037265,3.9802,60.48,-17.855,25.329,-18.915,-1000000.0,-768.27,-349.48,0.0,0.0,38.045,25.14,7.2848,0.0,-6185.15,0.1335,20.0,-1896.78,0.1678,20.0,-1252.93,0.184,20.0,-847.58,0.2024,20.0,-676.37,0.2141,20.0,-542.6,0.2265,20.0,-434.93,0.2398,20.0,-391.54,0.2573,20.0,-366.78,0.3143,20.0
413,2024-02-18,0.0017,0.1524,-5.3,3.525,-0.666666666666667,0.1524,0.0,0.005649,0.0,-0.0037058,4.1326,60.48,-17.849,25.329,-18.918,-1000000.0,-768.45,-350.15,0.0,0.0,38.036,25.14,7.2905,0.0,-6179.92,0.1335,20.0,-1894.71,0.1678,20.0,-1252.06,0.1841,20.0,-847.52,0.2024,20.0,-676.65,0.2141,20.0,-543.11,0.2265,20.0,-435.57,0.2398,20.0,-392.25,0.2572,20.0,-367.46,0.3142,20.0
414,2024-02-19,0.0,0.1016,-2.725,5.0,0.8375,0.1016,0.0,0.0056648,0.0,-0.0036852,4.2342,60.48,-17.843,25.329,-18.922,-1000000.0,-768.65,-350.81,0.0,0.0,38.026,25.14,7.2961,0.0,-6174.9,0.1335,20.0,-1892.73,0.1678,20.0,-1251.23,0.1841,20.0,-847.48,0.2024,20.0,-676.94,0.2141,20.0,-543.62,0.2264,20.0,-436.21,0.2397,20.0,-392.96,0.2571,20.0,-368.14,0.3141,20.0
415,2024-02-20,0.0,0.17526,1.275,6.45,3.92604166666667,0.17526,0.0,0.0056799,0.0,-0.0036647,4.4095,60.48,-17.838,25.329,-18.926,-1000000.0,-768.86,-351.47,0.0,0.0,38.017,25.14,7.3018,0.0,-6170.09,0.1336,20.0,-1890.83,0.1679,20.0,-1250.45,0.1841,20.0,-847.45,0.2024,20.0,-677.24,0.2141,20.0,-544.13,0.2263,20.0,-436.84,0.2396,20.0,-393.66,0.257,20.0,-368.81,0.314,20.0
416,2024-02-21,0.0,0.13462,-2.675,7.325,2.640625,0.13462,0.0,0.0056944,0.0,-0.0036443,4.5441,60.48,-17.832,25.329,-18.929,-1000000.0,-769.09,-352.13,0.0,0.0,38.008,25.14,7.3075,0.0,-6165.48,0.1336,20.0,-1889.02,0.1679,20.0,-1249.71,0.1841,20.0,-847.44,0.2024,20.0,-677.54,0.214,20.0,-544.65,0.2263,20.0,-437.47,0.2395,20.0,-394.36,0.2569,20.0,-369.49,0.3139,20.0
417,2024-02-22,0.0,0.127,-1.6,8.0,2.21666666666667,0.127,0.0,0.0057082,0.0,-0.003624,4.6711,60.48,-17.826,25.329,-18.933,-1000000.0,-769.33,-352.79,0.0,0.0,37.998,25.14,7.3132,0.0,-6161.07,0.1336,20.0,-1887.28,0.168,20.0,-1249.02,0.1842,20.0,-847.45,0.2024,20.0,-677.85,0.214,20.0,-545.16,0.2262,20.0,-438.11,0.2394,20.0,-395.06,0.2568,20.0,-370.16,0.3138,20.0
418,2024-02-23,0.0,0.20066,0.775,7.175,3.728125,0.20066,0.0,0.0057215,0.0,-0.0036038,4.8718,60.48,-17.821,25.329,-18.937,-1000000.0,-769.58,-353.44,0.0,0.0,37.989,25.14,7.3189,0.0,-6156.85,0.1336,20.0,-1885.63,0.168,20.0,-1248.37,0.1842,20.0,-847.48,0.2024,20.0,-678.17,0.214,20.0,-545.67,0.2262,20.0,-438.74,0.2393,20.0,-395.75,0.2567,20.0,-370.83,0.3138,20.0
419,2024-02-24,0.0,0.17018,3.225,6.725,4.67395833333333,0.17018,0.0,0.0057341,0.0,-0.0035837,5.0419,60.48,-17.815,25.329,-18.94,-1000000.0,-769.85,-354.09,0.0,0.0,37.98,25.14,7.3246,0.0,-6152.81,0.1336,20.0,-1884.05,0.168,20.0,-1247.75,0.1842,20.0,-847.52,0.2024,20.0,-678.5,0.214,20.0,-546.19,0.2261,20.0,-439.37,0.2392,20.0,-396.44,0.2566,20.0,-371.5,0.3137,20.0
420,2024-02-25,0.0,0.26162,3.05,9.575,5.99791666666667,0.26162,0.0,0.0057462,0.0,-0.0035637,5.3036,60.48,-17.809,25.329,-18.944,-1000000.0,-770.13,-354.73,0.0,0.0,37.97,25.14,7.3304,0.0,-6148.95,0.1337,20.0,-1882.55,0.1681,20.0,-1247.18,0.1842,20.0,-847.57,0.2024,20.0,-678.84,0.2139,20.0,-546.71,0.2261,20.0,-439.99,0.2391,20.0,-397.13,0.2566,20.0,-372.17,0.3136,20.0
421,2024-02-26,0.0,0.09398,-15.95,4.475,-6.221875,0.09398,0.0,0.0057578,0.0,-0.0035438,5.3975,60.48,-17.803,25.329,-18.947,-1000000.0,-770.42,-355.38,0.0,0.0,37.961,25.14,7.3361,0.0,-6145.27,0.1337,20.0,-1881.13,0.1681,20.0,-1246.64,0.1842,20.0,-847.64,0.2024,20.0,-679.18,0.2139,20.0,-547.23,0.226,20.0,-440.62,0.239,20.0,-397.81,0.2565,20.0,-372.83,0.3135,20.0
422,2024-02-27,0.0,0.0508,-18.425,-8.475,-13.90625,0.0508,0.0,0.0057688,0.0,-0.003524,5.4483,60.48,-17.798,25.329,-18.951,-1000000.0,-770.72,-356.02,0.0,0.0,37.952,25.14,7.3419,0.0,-6141.77,0.1337,20.0,-1879.77,0.1681,20.0,-1246.14,0.1842,20.0,-847.73,0.2024,20.0,-679.52,0.2139,20.0,-547.75,0.226,20.0,-441.24,0.2389,20.0,-398.5,0.2564,20.0,-373.5,0.3134,20.0
423,2024-02-28,0.0,0.22352,-9.975,7.75,1.85104166666667,0.22352,0.0,0.0057793,0.0,-0.0035043,5.6719,60.48,-17.792,25.329,-18.954,-1000000.0,-771.04,-356.65,0.0,0.0,37.942,25.14,7.3477,0.0,-6138.43,0.1337,20.0,-1878.49,0.1681,20.0,-1245.68,0.1843,20.0,-847.83,0.2024,20.0,-679.87,0.2139,20.0,-548.28,0.2259,20.0,-441.87,0.2389,20.0,-399.18,0.2563,20.0,-374.16,0.3133,20.0
424,2024-02-29,0.0646,0.3302,1.35,12.825,7.26354166666667,0.3302,0.0,0.0057892,0.0,-0.0034846,6.0021,60.48,-17.786,25.329,-18.958,-1000000.0,-771.36,-357.29,0.0,0.0,37.933,25.14,7.3535,0.0,-6135.25,0.1337,20.0,-1877.28,0.1682,20.0,-1245.25,0.1843,20.0,-847.95,0.2024,20.0,-680.23,0.2138,20.0,-548.8,0.2259,20.0,-442.49,0.2388,20.0,-399.85,0.2562,20.0,-374.83,0.3132,20.0
425,2024-03-01,0.0,0.19558,-2.85,6.6,0.96875,0.19558,0.0,0.0057987,0.0,-0.0034651,6.1976,60.48,-17.78,25.329,-18.961,-1000000.0,-4877.9,-357.92,0.0,0.0,37.924,25.14,7.3593,0.0,-6132.23,0.1337,20.0,-1876.13,0.1682,20.0,-1244.86,0.1843,20.0,-848.08,0.2024,20.0,-680.59,0.2138,20.0,-549.33,0.2258,20.0,-443.11,0.2387,20.0,-400.52,0.2561,20.0,-375.49,0.3132,20.0
426,2024-03-02,0.0,0.04064,-14.575,-2.4,-8.82083333333333,0.04064,0.0,0.0058077,0.0,-0.0034456,6.2383,60.48,-17.775,25.329,-18.965,-1000000.0,-4875.4,-358.55,0.0,0.0,37.915,25.14,7.3651,0.0,-6129.37,0.1337,20.0,-1875.05,0.1682,20.0,-1244.5,0.1843,20.0,-848.22,0.2024,20.0,-680.96,0.2138,20.0,-549.85,0.2257,20.0,-443.73,0.2386,20.0,-401.19,0.256,20.0,-376.15,0.3131,20.0
427,2024-03-03,0.0,0.04318,-19.4,-7.625,-14.0395833333333,0.04318,0.0,0.0058162,0.0,-0.0034262,6.2815,60.48,-17.769,25.329,-18.968,-1000000.0,-4873.0,-359.18,0.0,0.0,37.905,25.14,7.3709,0.0,-6126.66,0.1337,20.0,-1874.03,0.1682,20.0,-1244.17,0.1843,20.0,-848.38,0.2024,20.0,-681.33,0.2137,20.0,-550.38,0.2257,20.0,-444.35,0.2385,20.0,-401.86,0.2559,20.0,-376.81,0.313,20.0
428,2024-03-04,0.0,0.05334,-19.35,-8.55,-14.5427083333333,0.05334,0.0,0.0058243,0.0,-0.0034069,6.3348,60.48,-17.763,25.329,-18.972,-1000000.0,-4870.7,-359.8,0.0,0.0,37.896,25.14,7.3767,0.0,-6124.1,0.1338,20.0,-1873.07,0.1683,20.0,-1243.87,0.1843,20.0,-848.55,0.2024,20.0,-681.71,0.2137,20.0,-550.91,0.2256,20.0,-444.96,0.2384,20.0,-402.52,0.2558,20.0,-377.47,0.3129,20.0
429,2024-03-05,0.0068,0.09144,-20.725,2.425,-10.4072916666667,0.09144,0.0,0.0058319,0.0,-0.0033876,6.4262,60.48,-17.757,25.329,-18.975,-1000000.0,-4868.6,-360.42,0.0,0.0,37.887,25.14,7.3825,0.0,-6121.68,0.1338,20.0,-1872.18,0.1683,20.0,-1243.61,0.1843,20.0,-848.73,0.2024,20.0,-682.09,0.2137,20.0,-551.44,0.2256,20.0,-445.58,0.2383,20.0,-403.18,0.2557,20.0,-378.12,0.3128,20.0
430,2024-03-06,0.0,0.0762,-12.35,-2.275,-8.83020833333333,0.0762,0.0,0.0058391,0.0,-0.0033685,6.5024,60.48,-17.751,25.329,-18.978,-1000000.0,-4866.6,-361.04,0.0,0.0,37.878,25.14,7.3884,0.0,-6119.39,0.1338,20.0,-1871.34,0.1683,20.0,-1243.37,0.1843,20.0,-848.93,0.2023,20.0,-682.48,0.2137,20.0,-551.97,0.2255,20.0,-446.19,0.2382,20.0,-403.84,0.2556,20.0,-378.78,0.3127,20.0
431,2024-03-07,0.0068,0.11684,-12.275,4.875,-4.01666666666667,0.11684,0.0,0.0058458,0.0,-0.0033494,6.6193,60.48,-17.745,25.329,-18.982,-1000000.0,-4864.7,-361.66,0.0,0.0,37.868,25.14,7.3942,0.0,-6117.24,0.1338,20.0,-1870.57,0.1683,20.0,-1243.17,0.1843,20.0,-849.13,0.2023,20.0,-682.88,0.2136,20.0,-552.5,0.2255,20.0,-446.8,0.2381,20.0,-404.49,0.2556,20.0,-379.43,0.3126,20.0
432,2024-03-08,0.0,0.3175,-8.075,11.85,1.52083333333333,0.3175,0.0,0.0058522,0.0,-0.0033304,6.9368,60.48,-17.74,25.329,-18.985,-1000000.0,-4863.0,-362.27,0.0,0.0,37.859,25.14,7.4001,0.0,-6115.22,0.1338,20.0,-1869.84,0.1683,20.0,-1242.99,0.1843,20.0,-849.35,0.2023,20.0,-683.28,0.2136,20.0,-553.03,0.2254,20.0,-447.42,0.2381,20.0,-405.14,0.2555,20.0,-380.09,0.3126,20.0
433,2024-03-09,0.0,0.41656,1.225,14.1,6.75,0.41656,0.0,0.0058582,0.0,-0.0033114,7.3533,60.48,-17.734,25.329,-18.988,-1000000.0,-4861.4,-362.88,0.0,0.0,37.85,25.14,7.4059,0.0,-6113.33,0.1338,20.0,-1869.18,0.1683,20.0,-1242.85,0.1843,20.0,-849.58,0.2023,20.0,-683.68,0.2136,20.0,-553.56,0.2253,20.0,-448.03,0.238,20.0,-405.79,0.2554,20.0,-380.74,0.3125,20.0
434,2024-03-10,0.0,0.31242,1.325,12.9,6.64926086956522,0.31242,0.0,0.0058637,0.0,-0.0032926,7.6658,60.48,-17.728,25.329,-18.992,-1000000.0,-4859.9,-363.49,0.0,0.0,37.841,25.14,7.4118,0.0,-6111.56,0.1338,20.0,-1868.57,0.1684,20.0,-1242.73,0.1843,20.0,-849.83,0.2023,20.0,-684.09,0.2135,20.0,-554.09,0.2253,20.0,-448.63,0.2379,20.0,-406.43,0.2553,20.0,-381.39,0.3124,20.0
435,2024-03-11,0.0,0.2159,1.025,10.2,5.228125,0.2159,0.0,0.0058689,0.0,-0.0032738,7.8817,60.48,-17.722,25.329,-18.995,-1000000.0,-4858.4,-364.1,0.0,0.0,37.832,25.14,7.4177,0.0,-6109.91,0.1338,20.0,-1868.0,0.1684,20.0,-1242.63,0.1844,20.0,-850.08,0.2023,20.0,-684.5,0.2135,20.0,-554.62,0.2252,20.0,-449.24,0.2378,20.0,-407.07,0.2552,20.0,-382.04,0.3123,20.0
436,2024-03-12,0.0,0.23876,-1.85,12.2,5.45416666666667,0.23876,0.0,0.0058738,0.0,-0.003255,8.1204,60.48,-17.716,25.329,-18.998,-1000000.0,-4857.2,-364.71,0.0,0.0,37.823,25.14,7.4235,0.0,-6108.39,0.1338,20.0,-1867.49,0.1684,20.0,-1242.57,0.1844,20.0,-850.35,0.2023,20.0,-684.92,0.2135,20.0,-555.16,0.2252,20.0,-449.85,0.2377,20.0,-407.71,0.2551,20.0,-382.7,0.3122,20.0
437,2024-03-13,0.0,0.13716,-2.375,8.375,2.35729166666667,0.13716,0.0,0.0058783,0.0,-0.0032363,8.2576,60.48,-17.71,25.329,-19.001,-1000000.0,-4856.0,-365.31,0.0,0.0,37.814,25.14,7.4294,0.0,-6106.97,0.1338,20.0,-1867.03,0.1684,20.0,-1242.53,0.1844,20.0,-850.62,0.2022,20.0,-685.34,0.2134,20.0,-555.69,0.2251,20.0,-450.45,0.2376,20.0,-408.35,0.255,20.0,-383.35,0.3121,20.0
438,2024-03-14,0.0,0.13716,-4.35,8.9,1.35104166666667,0.13716,0.0,0.0058824,0.0,-0.0032177,8.3947,60.48,-17.704,25.329,-19.005,-1000000.0,-4854.9,-365.91,0.0,0.0,37.804,25.14,7.4353,0.0,-6105.66,0.1338,20.0,-1866.62,0.1684,20.0,-1242.51,0.1844,20.0,-850.91,0.2022,20.0,-685.77,0.2134,20.0,-556.23,0.2251,20.0,-451.06,0.2375,20.0,-408.98,0.2549,20.0,-384.0,0.3121,20.0
439,2024-03-15,0.0,0.22098,-4.525,16.125,5.12604166666667,0.22098,0.0,0.0058862,0.0,-0.0031992,8.6157,60.48,-17.698,25.329,-19.008,-1000000.0,-4853.9,-366.51,0.0,0.0,37.795,25.14,7.4412,0.0,-6104.46,0.1338,20.0,-1866.26,0.1684,20.0,-1242.52,0.1844,20.0,-851.21,0.2022,20.0,-686.21,0.2134,20.0,-556.77,0.225,20.0,-451.66,0.2374,20.0,-409.62,0.2549,20.0,-384.65,0.312,20.0
440,2024-03-16,0.0,0.1651,-3.65,16.375,4.690625,0.1651,0.0,0.0058897,0.0,-0.0031808,8.7808,60.48,-17.693,25.329,-19.011,-1000000.0,-4853.0,-367.11,0.0,0.0,37.786,25.14,7.4471,0.0,-6103.37,0.1338,20.0,-1865.94,0.1684,20.0,-1242.56,0.1844,20.0,-851.51,0.2022,20.0,-686.65,0.2133,20.0,-557.31,0.225,20.0,-452.26,0.2374,20.0,-410.25,0.2548,20.0,-385.3,0.3119,20.0
441,2024-03-17,0.0034,0.18288,-4.35,14.925,4.671875,0.18288,0.0,0.0058929,0.0,-0.0031624,8.9637,60.48,-17.687,25.329,-19.014,-1000000.0,-4852.2,-367.7,0.0,0.0,37.777,25.14,7.453,0.0,-6102.38,0.1338,20.0,-1865.67,0.1684,20.0,-1242.62,0.1844,20.0,-851.83,0.2022,20.0,-687.09,0.2133,20.0,-557.85,0.2249,20.0,-452.86,0.2373,20.0,-410.87,0.2547,20.0,-385.96,0.3118,20.0
442,2024-03-18,0.0,0.2921,2.6,20.15,10.6947916666667,0.2921,0.0,0.0058958,0.0,-0.003144,9.2558,60.48,-17.681,25.329,-19.017,-1000000.0,-4851.5,-368.29,0.0,0.0,37.768,25.14,7.4589,0.0,-6101.49,0.1339,20.0,-1865.44,0.1684,20.0,-1242.7,0.1843,20.0,-852.16,0.2022,20.0,-687.54,0.2133,20.0,-558.39,0.2248,20.0,-453.46,0.2372,20.0,-411.5,0.2546,20.0,-386.61,0.3118,20.0
443,2024-03-19,0.0,0.22098,-1.125,14.625,6.62916666666667,0.22098,0.0,0.0058984,0.0,-0.0031256,9.4768,60.48,-17.675,25.329,-19.02,-1000000.0,-4850.9,-368.88,0.0,0.0,37.759,25.14,7.4647,0.0,-6100.69,0.1339,20.0,-1865.25,0.1684,20.0,-1242.8,0.1843,20.0,-852.5,0.2021,20.0,-687.99,0.2132,20.0,-558.93,0.2248,20.0,-454.06,0.2371,20.0,-412.12,0.2545,20.0,-387.25,0.3117,20.0
444,2024-03-20,0.0,0.06604,-4.0,1.15,-1.53645833333333,0.06604,0.0,0.0059006,0.0,-0.0031074,9.5428,60.48,-17.669,25.329,-19.024,-1000000.0,-4850.3,-369.47,0.0,0.0,37.75,25.14,7.4706,0.0,-6099.99,0.1339,20.0,-1865.1,0.1684,20.0,-1242.93,0.1843,20.0,-852.84,0.2021,20.0,-688.44,0.2132,20.0,-559.47,0.2247,20.0,-454.66,0.237,20.0,-412.74,0.2544,20.0,-387.9,0.3116,20.0
445,2024-03-21,0.0,0.1143,-6.2,4.125,-2.79270833333333,0.1143,0.0,0.0059026,0.0,-0.0030893,9.6571,60.48,-17.663,25.329,-19.027,-1000000.0,-4849.9,-370.06,0.0,0.0,37.741,25.14,7.4766,0.0,-6099.39,0.1339,20.0,-1865.0,0.1684,20.0,-1243.08,0.1843,20.0,-853.2,0.2021,20.0,-688.9,0.2132,20.0,-560.02,0.2247,20.0,-455.25,0.2369,20.0,-413.36,0.2544,20.0,-388.54,0.3116,20.0
446,2024-03-22,0.0068,0.06858,-7.225,-2.675,-5.24166666666667,0.06858,0.0,0.0059043,0.0,-0.0030711,9.7257,60.48,-17.657,25.329,-19.03,-1000000.0,-4849.5,-370.65,0.0,0.0,37.732,25.14,7.4825,0.0,-6098.86,0.1339,20.0,-1864.94,0.1684,20.0,-1243.25,0.1843,20.0,-853.56,0.2021,20.0,-689.36,0.2131,20.0,-560.56,0.2246,20.0,-455.85,0.2368,20.0,-413.97,0.2543,20.0,-389.18,0.3115,20.0
447,2024-03-23,0.0,0.0381,-7.325,-4.725,-5.84375,0.0381,0.0,0.0059058,0.0,-0.003053,9.7638,60.48,-17.651,25.329,-19.033,-1000000.0,-4849.2,-371.23,0.0,0.0,37.723,25.14,7.4884,0.0,-6098.44,0.1339,20.0,-1864.91,0.1684,20.0,-1243.44,0.1843,20.0,-853.94,0.2021,20.0,-689.82,0.2131,20.0,-561.11,0.2245,20.0,-456.44,0.2368,20.0,-414.58,0.2542,20.0,-389.82,0.3115,20.0
448,2024-03-24,0.1939,0.07874,-9.675,-1.6,-6.70833333333333,0.07874,0.0,0.005907,0.0,-0.0030351,9.8425,60.48,-17.645,25.329,-19.036,-1000000.0,-4849.0,-371.81,0.0,0.0,37.714,25.14,7.4943,0.0,-6098.09,0.1339,20.0,-1864.92,0.1684,20.0,-1243.65,0.1843,20.0,-854.33,0.202,20.0,-690.3,0.2131,20.0,-561.65,0.2245,20.0,-457.04,0.2367,20.0,-415.19,0.2541,20.0,-390.45,0.3114,20.0
449,2024-03-25,0.1241,0.11938,-10.475,0.65,-5.609375,0.11938,0.0,0.0059079,0.0,-0.003017,9.9619,60.48,-17.639,25.329,-19.039,-1000000.0,-4848.9,-372.39,0.0,0.0,37.705,25.14,7.5002,0.0,-6097.83,0.1339,20.0,-1864.97,0.1684,20.0,-1243.88,0.1843,20.0,-854.72,0.202,20.0,-690.77,0.213,20.0,-562.2,0.2244,20.0,-457.63,0.2366,20.0,-415.8,0.254,20.0,-391.09,0.3113,20.0
450,2024-03-26,0.0238,0.1397,-8.45,7.1,-2.5,0.1397,0.0,0.0059086,0.0,-0.0029991,10.102,60.48,-17.633,25.329,-19.042,-1000000.0,-4848.8,-372.97,0.0,0.0,37.696,25.14,7.5061,0.0,-6097.65,0.1339,20.0,-1865.06,0.1684,20.0,-1244.13,0.1843,20.0,-855.12,0.202,20.0,-691.25,0.213,20.0,-562.74,0.2244,20.0,-458.22,0.2365,20.0,-416.41,0.2539,20.0,-391.72,0.3113,20.0
451,2024-03-27,0.0,0.24638,-0.9,9.25,4.10833333333333,0.24638,0.0,0.005909,0.0,-0.0029812,10.348,60.48,-17.628,25.329,-19.045,-1000000.0,-4848.8,-373.55,0.0,0.0,37.687,25.14,7.512,0.0,-6097.55,0.1339,20.0,-1865.18,0.1684,20.0,-1244.4,0.1843,20.0,-855.53,0.202,20.0,-691.74,0.2129,20.0,-563.28,0.2243,20.0,-458.81,0.2364,20.0,-417.01,0.2539,20.0,-392.34,0.3112,20.0
452,2024-03-28,0.0,0.13208,-0.825,7.6,4.4,0.13208,0.0,0.0059092,0.0,-0.0029633,10.48,60.48,-17.622,25.329,-19.048,-1000000.0,-4848.9,-374.13,0.0,0.0,37.679,25.14,7.5179,0.0,-6097.52,0.1339,20.0,-1865.34,0.1684,20.0,-1244.69,0.1843,20.0,-855.94,0.2019,20.0,-692.23,0.2129,20.0,-563.83,0.2243,20.0,-459.4,0.2363,20.0,-417.61,0.2538,20.0,-392.97,0.3112,20.0
453,2024-03-29,0.0,0.09398,-2.175,3.4,-0.265625,0.09398,0.0,0.0059091,0.0,-0.0029455,10.574,60.48,-17.616,25.329,-19.051,-1000000.0,-4849.1,-374.7,0.0,0.0,37.67,25.14,7.5238,0.0,-6097.57,0.1339,20.0,-1865.53,0.1684,20.0,-1244.99,0.1843,20.0,-856.36,0.2019,20.0,-692.72,0.2129,20.0,-564.38,0.2242,20.0,-459.99,0.2362,20.0,-418.22,0.2537,20.0,-393.59,0.3111,20.0
454,2024-03-30,0.0,0.1143,-4.425,4.025,-1.42604166666667,0.1143,0.0,0.0059089,0.0,-0.0029277,10.688,60.48,-17.61,25.329,-19.054,-1000000.0,-4849.3,-375.28,0.0,0.0,37.661,25.14,7.5297,0.0,-6097.7,0.1339,20.0,-1865.76,0.1684,20.0,-1245.32,0.1843,20.0,-856.79,0.2019,20.0,-693.22,0.2128,20.0,-564.93,0.2241,20.0,-460.58,0.2362,20.0,-418.81,0.2536,20.0,-394.21,0.311,20.0
455,2024-03-31,0.0595,0.04064,-6.175,1.55,-2.26875,0.04064,0.0,0.0059084,0.0,-0.00291,10.729,60.48,-17.604,25.329,-19.057,-1000000.0,-4849.6,-375.85,0.0,0.0,37.652,25.14,7.5356,0.0,-6097.89,0.1339,20.0,-1866.01,0.1684,20.0,-1245.66,0.1843,20.0,-857.22,0.2019,20.0,-693.72,0.2128,20.0,-565.48,0.2241,20.0,-461.16,0.2361,20.0,-419.41,0.2535,20.0,-394.83,0.311,20.0
456,2024-04-01,0.0,0.24892,-4.7,16.05,5.675,0.0,0.24892,0.0,0.018467,-0.0028921,10.729,60.729,-17.604,25.344,-19.06,-246170.0,-3265.0,-376.43,0.0,0.0,37.644,25.14,7.5356,0.0,-5963.35,0.1344,20.0,-1871.08,0.1683,20.0,-1273.1,0.1834,20.0,-857.67,0.2018,20.0,-694.22,0.2128,20.0,-566.03,0.224,20.0,-461.75,0.236,20.0,-420.0,0.2535,20.0,-395.45,0.3109,20.0
457,2024-04-02,0.0,0.38354,2.475,23.775,12.5416666666667,0.0,0.38354,1.8626e-09,0.016715,-0.0028744,10.729,61.112,-17.604,25.362,-19.062,-120220.0,-3066.5,-377.0,0.0,0.0,37.622,25.14,7.5356,0.0,-5743.23,0.1353,20.0,-1892.9,0.1678,20.0,-1368.89,0.1806,20.0,-858.49,0.2018,20.0,-694.73,0.2127,20.0,-566.58,0.224,20.0,-462.34,0.2359,20.0,-420.6,0.2534,20.0,-396.06,0.3109,20.0
458,2024-04-03,0.2415,0.33274,5.975,18.15,12.9125,0.0,0.33274,-1.1642e-10,0.01166,-0.0028568,10.729,61.445,-17.604,25.375,-19.065,-73231.0,-2915.3,-377.57,0.0,0.0,37.604,25.14,7.5356,0.0,-5499.87,0.1364,20.0,-1920.82,0.1672,20.0,-1424.18,0.1789,20.0,-860.21,0.2017,20.0,-695.25,0.2127,20.0,-567.14,0.2239,20.0,-462.93,0.2358,20.0,-421.19,0.2533,20.0,-396.67,0.3108,20.0
459,2024-04-04,1.6113,0.05334,0.0,6.225,3.659375,0.0,0.05334,6.9849e-10,0.0023779,-0.002839,10.729,61.498,-17.604,25.377,-19.068,-49407.0,-2784.9,-378.14,0.0,0.0,37.594,25.14,7.5356,0.0,-5258.48,0.1374,20.0,-1947.69,0.1667,20.0,-1426.02,0.1788,20.0,-862.85,0.2016,20.0,-695.8,0.2126,20.0,-567.69,0.2239,20.0,-463.51,0.2357,20.0,-421.78,0.2532,20.0,-397.28,0.3107,20.0
460,2024-04-05,0.2193,0.04064,-0.2,2.925,0.844791666666667,0.0,0.04064,2.5611e-09,0.0019262,-0.0028213,10.729,61.539,-17.604,25.379,-19.071,-35662.0,-2673.9,-378.71,0.0,0.0,37.589,25.14,7.5356,0.0,-5031.24,0.1383,20.0,-1969.87,0.1662,20.0,-1409.89,0.1794,20.0,-865.82,0.2014,20.0,-696.39,0.2126,20.0,-568.25,0.2238,20.0,-464.09,0.2357,20.0,-422.36,0.2531,20.0,-397.89,0.3107,20.0
461,2024-04-06,0.5678,0.05334,-1.45,1.45,0.084375,0.0,0.05334,1.6298e-09,0.0026268,-0.0028036,10.729,61.592,-17.604,25.382,-19.074,-26822.0,-2590.0,-379.29,0.0,0.0,37.584,25.14,7.5356,0.0,-4868.53,0.1392,20.0,-1985.9,0.166,20.0,-1400.72,0.1797,20.0,-868.64,0.2012,20.0,-697.05,0.2125,20.0,-568.8,0.2237,20.0,-464.68,0.2356,20.0,-422.95,0.2531,20.0,-398.5,0.3106,20.0
462,2024-04-07,0.7909,0.09906,-0.375,6.275,2.84166666666667,0.0,0.09906,-3.4925e-09,0.0047773,-0.0027859,10.729,61.691,-17.604,25.386,-19.077,-20857.0,-2518.6,-379.86,0.0,0.0,37.578,25.14,7.5356,0.0,-4728.12,0.14,20.0,-1995.81,0.1658,20.0,-1404.92,0.1796,20.0,-871.17,0.2011,20.0,-697.76,0.2125,20.0,-569.36,0.2237,20.0,-465.26,0.2355,20.0,-423.53,0.253,20.0,-399.1,0.3106,20.0
463,2024-04-08,0.0,0.25654,-1.0,11.95,5.259375,0.0,0.25654,3.2596e-09,0.0087996,-0.0027682,10.729,61.948,-17.604,25.396,-19.079,-16761.0,-2460.8,-380.43,0.0,0.0,37.567,25.14,7.5356,0.0,-4585.87,0.1408,20.0,-2003.56,0.1657,20.0,-1431.79,0.1788,20.0,-873.52,0.201,20.0,-698.52,0.2124,20.0,-569.92,0.2236,20.0,-465.84,0.2354,20.0,-424.11,0.2529,20.0,-399.7,0.3105,20.0
464,2024-04-09,0.0051,0.36322,4.225,15.375,8.84270833333333,0.0,0.36322,2.5611e-09,0.0092682,-0.0027504,10.729,62.311,-17.604,25.406,-19.082,-13732.0,-2422.6,-381.0,0.0,0.0,37.555,25.14,7.5356,0.0,-4455.94,0.1416,20.0,-2012.3,0.1656,20.0,-1464.95,0.1778,20.0,-875.94,0.2008,20.0,-699.33,0.2124,20.0,-570.48,0.2236,20.0,-466.43,0.2353,20.0,-424.7,0.2528,20.0,-400.3,0.3104,20.0
465,2024-04-10,0.0085,0.2286,-0.65,12.075,5.19375,0.0,0.2286,4.6566e-10,0.0061712,-0.0027326,10.729,62.54,-17.604,25.412,-19.085,-11495.0,-2381.9,-381.58,0.0,0.0,37.545,25.14,7.5356,0.0,-4328.77,0.1423,20.0,-2022.34,0.1654,20.0,-1479.95,0.1773,20.0,-878.57,0.2007,20.0,-700.17,0.2123,20.0,-571.05,0.2235,20.0,-467.01,0.2352,20.0,-425.27,0.2527,20.0,-400.9,0.3104,20.0
466,2024-04-11,0.0,0.30734,-2.4,16.925,7.57708333333333,0.0,0.30734,-1.7462e-09,0.0069623,-0.0027147,10.729,62.847,-17.604,25.419,-19.088,-9848.8,-2342.9,-382.16,0.0,0.0,37.535,25.14,7.5356,0.0,-4199.19,0.1431,20.0,-2032.31,0.1653,20.0,-1492.13,0.177,20.0,-881.45,0.2005,20.0,-701.04,0.2122,20.0,-571.62,0.2234,20.0,-467.59,0.2352,20.0,-425.85,0.2527,20.0,-401.5,0.3103,20.0
467,2024-04-12,0.0,0.3048,1.7,22.475,11.86875,0.0,0.3048,-6.6357e-09,0.0063729,-0.0026967,10.729,63.152,-17.604,25.425,-19.09,-8548.2,-2313.8,-382.74,0.0,0.0,37.526,25.14,7.5356,0.0,-4084.35,0.1437,20.0,-2041.49,0.1651,20.0,-1503.34,0.1766,20.0,-884.46,0.2003,20.0,-701.95,0.2122,20.0,-572.2,0.2234,20.0,-468.17,0.2351,20.0,-426.43,0.2526,20.0,-402.1,0.3103,20.0
468,2024-04-13,0.0,0.381,7.675,22.875,14.7541666666667,0.0,0.381,-1.6298e-09,0.0067082,-0.0026785,10.729,63.533,-17.604,25.432,-19.093,-7524.6,-2285.9,-383.33,0.0,0.0,37.516,25.14,7.5356,0.0,-3974.8,0.1444,20.0,-2049.61,0.165,20.0,-1514.77,0.1763,20.0,-887.52,0.2002,20.0,-702.91,0.2121,20.0,-572.78,0.2233,20.0,-468.75,0.235,20.0,-427.0,0.2525,20.0,-402.69,0.3102,20.0
469,2024-04-14,0.0901,0.30988,3.5,23.4,13.3427083333333,0.0,0.30988,3.4925e-10,0.0055377,-0.0026601,10.729,63.843,-17.604,25.438,-19.096,-6696.1,-2258.3,-383.92,0.0,0.0,37.507,25.14,7.5356,0.0,-3881.71,0.145,20.0,-2056.79,0.1649,20.0,-1521.41,0.1761,20.0,-890.58,0.2,20.0,-703.91,0.212,20.0,-573.38,0.2232,20.0,-469.34,0.2349,20.0,-427.57,0.2524,20.0,-403.28,0.3102,20.0
470,2024-04-15,0.0,0.2921,5.65,21.35,12.6125,0.0,0.2921,2.3283e-10,0.0051551,-0.0026412,10.729,64.135,-17.604,25.443,-19.098,-6052.2,-2231.2,-384.53,0.0,0.0,37.499,25.14,7.5356,0.0,-3788.22,0.1458,20.0,-2062.88,0.1648,20.0,-1524.41,0.176,20.0,-893.59,0.1998,20.0,-704.95,0.2119,20.0,-573.98,0.2232,20.0,-469.92,0.2348,20.0,-428.15,0.2524,20.0,-403.88,0.3101,20.0
471,2024-04-16,0.0,0.26162,-3.375,13.25,5.696875,0.0,0.26162,6.17e-09,0.004702,-0.0026215,10.729,64.397,-17.604,25.448,-19.101,-5530.9,-2208.1,-385.17,0.0,0.0,37.492,25.14,7.5356,0.0,-3701.3,0.1465,20.0,-2067.72,0.1647,20.0,-1525.61,0.176,20.0,-896.47,0.1997,20.0,-706.02,0.2118,20.0,-574.59,0.2231,20.0,-470.5,0.2347,20.0,-428.72,0.2523,20.0,-404.47,0.31,20.0
472,2024-04-17,0.0102,0.11938,-6.675,1.025,-1.67708333333333,0.0,0.11938,8.2655e-09,0.0026878,-0.0026084,10.729,64.516,-17.604,25.45,-19.103,-5072.9,-2181.7,-385.95,0.0,0.0,37.486,25.14,7.5356,0.0,-3615.06,0.1472,20.0,-2071.13,0.1647,20.0,-1519.56,0.1761,20.0,-899.19,0.1995,20.0,-707.11,0.2118,20.0,-575.2,0.2231,20.0,-471.07,0.2347,20.0,-429.28,0.2522,20.0,-405.06,0.31,20.0
473,2024-04-18,0.0,0.1397,-8.675,3.975,-1.83020833333333,0.0,0.1397,7.5088e-09,0.0032203,-0.0025988,10.729,64.656,-17.604,25.454,-19.106,-4738.7,-2155.0,-386.7,0.0,0.0,37.48,25.14,7.5356,0.0,-3526.46,0.1479,20.0,-2072.7,0.1646,20.0,-1512.7,0.1763,20.0,-901.65,0.1994,20.0,-708.22,0.2117,20.0,-575.83,0.223,20.0,-471.66,0.2346,20.0,-429.85,0.2521,20.0,-405.65,0.3099,20.0
474,2024-04-19,0.0,0.10414,-11.625,1.4,-3.765625,0.0,0.10414,6.8103e-09,0.0026373,-0.0025896,10.729,64.76,-17.604,25.456,-19.109,-4443.2,-2128.7,-387.42,0.0,0.0,37.475,25.14,7.5356,0.0,-3435.94,0.1486,20.0,-2072.26,0.1646,20.0,-1506.51,0.1765,20.0,-903.84,0.1992,20.0,-709.33,0.2116,20.0,-576.46,0.2229,20.0,-472.24,0.2345,20.0,-430.42,0.252,20.0,-406.24,0.3099,20.0
475,2024-04-20,0.0,0.23622,-11.75,9.7,-0.378125,0.0,0.23622,-2.1537e-09,0.0049283,-0.0025806,10.729,64.996,-17.604,25.461,-19.111,-4180.9,-2107.1,-388.13,0.0,0.0,37.468,25.14,7.5356,0.0,-3348.1,0.1493,20.0,-2069.89,0.1647,20.0,-1509.51,0.1765,20.0,-905.8,0.1991,20.0,-710.45,0.2115,20.0,-577.09,0.2229,20.0,-472.82,0.2344,20.0,-430.98,0.252,20.0,-406.83,0.3098,20.0
476,2024-04-21,0.0,0.43434,-0.725,17.125,8.09166666666667,0.0,0.43434,-4.8894e-09,0.0065075,-0.0025718,10.729,65.43,-17.604,25.468,-19.114,-3957.2,-2091.1,-388.82,0.0,0.0,37.459,25.14,7.5356,0.0,-3267.56,0.15,20.0,-2066.39,0.1647,20.0,-1524.33,0.176,20.0,-907.64,0.199,20.0,-711.56,0.2114,20.0,-577.74,0.2228,20.0,-473.4,0.2343,20.0,-431.55,0.2519,20.0,-407.41,0.3098,20.0
477,2024-04-22,0.0,0.35052,0.575,15.9,7.528125,0.0,0.35052,-6.6939e-09,0.0052886,-0.0025631,10.729,65.781,-17.604,25.473,-19.116,-3794.7,-2074.8,-389.5,0.0,0.0,37.451,25.14,7.5356,0.0,-3190.4,0.1506,20.0,-2062.68,0.1648,20.0,-1534.31,0.1757,20.0,-909.57,0.1989,20.0,-712.67,0.2113,20.0,-578.39,0.2227,20.0,-473.98,0.2342,20.0,-432.11,0.2518,20.0,-408.0,0.3097,20.0
478,2024-04-23,0.0,0.32512,-3.2,16.0,7.665625,0.0,0.32512,3.3178e-09,0.0048753,-0.0025546,10.729,66.106,-17.604,25.478,-19.119,-3640.3,-2057.6,-390.17,0.0,0.0,37.443,25.14,7.5356,0.0,-3117.58,0.1512,20.0,-2058.88,0.1648,20.0,-1538.96,0.1756,20.0,-911.67,0.1988,20.0,-713.76,0.2112,20.0,-579.04,0.2227,20.0,-474.57,0.2342,20.0,-432.67,0.2517,20.0,-408.59,0.3097,20.0
479,2024-04-24,0.0,0.44704,0.75,22.975,13.1,0.0,0.44704,5.0641e-09,0.0056235,-0.0025461,10.729,66.553,-17.604,25.484,-19.121,-3496.4,-2043.0,-390.84,0.0,0.0,37.435,25.14,7.5356,0.0,-3055.68,0.1519,20.0,-2055.24,0.1649,20.0,-1545.37,0.1754,20.0,-913.84,0.1987,20.0,-714.87,0.2112,20.0,-579.71,0.2226,20.0,-475.15,0.2341,20.0,-433.23,0.2517,20.0,-409.18,0.3096,20.0
480,2024-04-25,0.0,0.27432,1.325,18.175,12.0291666666667,0.0,0.27432,2.9104e-10,0.0040875,-0.0025377,10.729,66.827,-17.604,25.488,-19.124,-3364.8,-2026.9,-391.49,0.0,0.0,37.428,25.14,7.5356,0.0,-2991.07,0.1526,20.0,-2051.71,0.165,20.0,-1547.15,0.1753,20.0,-916.04,0.1986,20.0,-715.98,0.2111,20.0,-580.39,0.2225,20.0,-475.74,0.234,20.0,-433.79,0.2516,20.0,-409.77,0.3095,20.0
481,2024-04-26,0.0,0.254,-1.7,14.925,7.89166666666667,0.0,0.254,8.4401e-10,0.0039261,-0.0025294,10.729,67.081,-17.604,25.492,-19.127,-3245.2,-2009.8,-392.15,0.0,0.0,37.421,25.14,7.5356,0.0,-2925.68,0.1534,20.0,-2047.81,0.165,20.0,-1545.61,0.1754,20.0,-918.2,0.1984,20.0,-717.1,0.211,20.0,-581.07,0.2224,20.0,-476.32,0.2339,20.0,-434.35,0.2515,20.0,-410.36,0.3095,20.0
482,2024-04-27,0.5938,0.12954,3.95,8.65,5.98020833333333,0.0,0.12954,1.4552e-09,0.0024638,-0.0025212,10.729,67.211,-17.604,25.494,-19.129,-3142.1,-1992.2,-392.79,0.0,0.0,37.416,25.14,7.5356,0.0,-2865.08,0.154,20.0,-2043.06,0.1651,20.0,-1539.39,0.1755,20.0,-920.23,0.1983,20.0,-718.22,0.2109,20.0,-581.76,0.2224,20.0,-476.91,0.2338,20.0,-434.91,0.2514,20.0,-410.94,0.3094,20.0
483,2024-04-28,0.0034,0.35306,4.075,15.6,9.42604166666667,0.0,0.35306,9.6043e-10,0.0050504,-0.002513,10.729,67.564,-17.604,25.5,-19.132,-3063.9,-1977.7,-393.43,0.0,0.0,37.409,25.14,7.5356,0.0,-2809.5,0.1547,20.0,-2037.03,0.1652,20.0,-1540.43,0.1755,20.0,-922.1,0.1982,20.0,-719.33,0.2108,20.0,-582.45,0.2223,20.0,-477.49,0.2337,20.0,-435.47,0.2514,20.0,-411.53,0.3094,20.0
484,2024-04-29,0.0,0.32004,2.575,13.0,7.91770833333333,0.0,0.32004,-2.8522e-09,0.0045615,-0.0025048,10.729,67.884,-17.604,25.504,-19.134,-2988.1,-1964.8,-394.07,0.0,0.0,37.402,25.14,7.5356,0.0,-2757.13,0.1552,20.0,-2030.05,0.1653,20.0,-1544.85,0.1754,20.0,-923.86,0.1981,20.0,-720.45,0.2107,20.0,-583.14,0.2222,20.0,-478.09,0.2336,20.0,-436.03,0.2513,20.0,-412.11,0.3093,20.0
485,2024-04-30,0.0,0.29464,-2.9,12.2,4.46041666666667,0.0,0.29464,-4.5402e-09,0.0042454,-0.0024968,10.729,68.179,-17.604,25.509,-19.137,-2914.4,-1951.4,-394.7,0.0,0.0,37.395,25.14,7.5356,0.0,-2706.91,0.1558,20.0,-2022.49,0.1654,20.0,-1546.84,0.1753,20.0,-925.58,0.198,20.0,-721.55,0.2106,20.0,-583.84,0.2221,20.0,-478.68,0.2336,20.0,-436.59,0.2512,20.0,-412.7,0.3093,20.0
486,2024-05-01,0.1156,0.19558,-5.575,8.2,2.05,0.0,0.19558,-1.3388e-09,0.030722,-0.0024888,10.729,68.374,-17.604,25.532,-19.139,-2844.2,-1554.4,-395.33,0.0,0.0,37.383,25.14,7.5356,0.0,-2658.32,0.1564,20.0,-2014.5,0.1655,20.0,-1550.52,0.1752,20.0,-929.24,0.1978,20.0,-722.64,0.2105,20.0,-584.54,0.2221,20.0,-479.27,0.2335,20.0,-437.14,0.2511,20.0,-413.28,0.3092,20.0
487,2024-05-02,0.4098,0.13208,-0.425,5.45,1.63333333333333,0.0,0.13208,4.5984e-09,0.020197,-0.0024808,10.729,68.506,-17.604,25.552,-19.142,-2778.0,-1568.0,-395.95,0.0,0.0,37.354,25.14,7.5356,0.0,-2612.02,0.1569,20.0,-2006.46,0.1657,20.0,-1559.63,0.175,20.0,-964.55,0.1958,20.0,-723.99,0.2104,20.0,-585.24,0.222,20.0,-479.86,0.2334,20.0,-437.7,0.2511,20.0,-413.86,0.3091,20.0
488,2024-05-03,0.0119,0.19558,-1.4,9.775,3.46041666666667,0.0,0.19558,-6.3155e-09,0.024376,-0.0024729,10.729,68.702,-17.604,25.578,-19.144,-2716.1,-1581.4,-396.57,0.0,0.0,37.329,25.14,7.5356,0.0,-2567.39,0.1574,20.0,-1998.82,0.1658,20.0,-1573.43,0.1747,20.0,-999.52,0.1942,20.0,-725.84,0.2103,20.0,-585.95,0.2219,20.0,-480.45,0.2333,20.0,-438.26,0.251,20.0,-414.44,0.3091,20.0
489,2024-05-04,0.0,0.32766,-3.95,15.875,7.5375,0.0,0.32766,-3.2014e-10,0.029272,-0.0024651,10.729,69.03,-17.604,25.609,-19.146,-2658.2,-1600.8,-397.19,0.0,0.0,37.298,25.14,7.5356,0.0,-2524.16,0.1578,20.0,-1991.96,0.1659,20.0,-1592.64,0.1743,20.0,-1041.67,0.1925,20.0,-728.4,0.2101,20.0,-586.68,0.2218,20.0,-481.05,0.2332,20.0,-438.81,0.2509,20.0,-415.02,0.309,20.0
490,2024-05-05,0.0,0.22606,4.325,15.525,9.046875,0.0,0.22606,-3.3469e-09,0.019407,-0.0024573,10.729,69.256,-17.604,25.629,-19.149,-2603.9,-1615.2,-397.8,0.0,0.0,37.27,25.14,7.5356,0.0,-2482.51,0.1583,20.0,-1986.11,0.166,20.0,-1608.99,0.1739,20.0,-1075.62,0.1911,20.0,-731.64,0.2099,20.0,-587.42,0.2218,20.0,-481.65,0.2331,20.0,-439.37,0.2508,20.0,-415.59,0.309,20.0
491,2024-05-06,0.0,0.30226,4.3,16.0,9.90520833333333,0.0,0.30226,6.5193e-09,0.020707,-0.0024495,10.729,69.558,-17.604,25.65,-19.151,-2553.9,-1626.7,-398.41,0.0,0.0,37.247,25.14,7.5356,0.0,-2448.07,0.1588,20.0,-1981.21,0.1661,20.0,-1623.44,0.1736,20.0,-1105.36,0.1899,20.0,-735.37,0.2096,20.0,-588.18,0.2217,20.0,-482.25,0.233,20.0,-439.92,0.2508,20.0,-416.17,0.3089,20.0
492,2024-05-07,1.4485,0.12954,0.85,8.225,5.53229166666667,0.0,0.12954,-7.4506e-09,0.01016,-0.0024418,10.729,69.687,-17.604,25.66,-19.154,-2507.9,-1630.8,-399.02,0.0,0.0,37.229,25.14,7.5356,0.0,-2413.75,0.1594,20.0,-1977.09,0.1661,20.0,-1635.42,0.1734,20.0,-1121.23,0.1892,20.0,-739.52,0.2092,20.0,-588.97,0.2216,20.0,-482.85,0.233,20.0,-440.47,0.2507,20.0,-416.74,0.3089,20.0
493,2024-05-08,1.0762,0.04572,0.1,4.125,1.85866666666667,0.0,0.04572,9.5752e-09,0.0037933,-0.0024341,10.729,69.733,-17.604,25.664,-19.156,-2470.2,-1626.1,-399.62,0.0,0.0,37.22,25.14,7.5356,0.0,-2382.3,0.1598,20.0,-1973.46,0.1662,20.0,-1643.12,0.1732,20.0,-1119.23,0.1893,20.0,-743.8,0.2089,20.0,-589.8,0.2215,20.0,-483.45,0.2329,20.0,-441.03,0.2506,20.0,-417.31,0.3088,20.0
494,2024-05-09,0.1497,0.2667,3.95,17.55,9.71458333333333,0.0,0.2667,4.1618e-09,0.017064,-0.0024265,10.729,70.0,-17.604,25.682,-19.159,-2438.6,-1627.8,-400.22,0.0,0.0,37.206,25.14,7.5356,0.0,-2353.66,0.1603,20.0,-1969.99,0.1662,20.0,-1648.5,0.1731,20.0,-1132.14,0.1888,20.0,-747.87,0.2086,20.0,-590.67,0.2214,20.0,-484.06,0.2328,20.0,-441.58,0.2505,20.0,-417.88,0.3088,20.0
495,2024-05-10,0.0034,0.39878,1.6,21.575,12.615625,0.0,0.39878,-6.6357e-09,0.019394,-0.0024189,10.729,70.399,-17.604,25.702,-19.161,-2406.8,-1637.7,-400.82,0.0,0.0,37.185,25.14,7.5356,0.0,-2326.97,0.1607,20.0,-1966.48,0.1663,20.0,-1655.37,0.1729,20.0,-1161.39,0.1876,20.0,-751.82,0.2083,20.0,-591.58,0.2213,20.0,-484.67,0.2327,20.0,-442.13,0.2505,20.0,-418.45,0.3087,20.0
496,2024-05-11,0.0,0.42926,6.8,26.0,17.175,0.0,0.42926,-1.1642e-09,0.017436,-0.0024113,10.729,70.828,-17.604,25.72,-19.164,-2375.6,-1648.0,-401.41,0.0,0.0,37.163,25.14,7.5356,0.0,-2301.76,0.1611,20.0,-1962.93,0.1663,20.0,-1663.32,0.1728,20.0,-1193.3,0.1863,20.0,-756.03,0.208,20.0,-592.55,0.2212,20.0,-485.28,0.2326,20.0,-442.68,0.2504,20.0,-419.02,0.3087,20.0
497,2024-05-12,0.0,0.42418,5.625,25.6,15.7104166666667,0.0,0.42418,-8.4401e-10,0.015351,-0.0024038,10.729,71.252,-17.604,25.736,-19.166,-2345.7,-1655.4,-402.0,0.0,0.0,37.144,25.14,7.5356,0.0,-2277.8,0.1615,20.0,-1959.8,0.1664,20.0,-1670.99,0.1726,20.0,-1219.39,0.1852,20.0,-760.54,0.2076,20.0,-593.57,0.2211,20.0,-485.89,0.2325,20.0,-443.23,0.2503,20.0,-419.58,0.3086,20.0
498,2024-05-13,0.0391,0.381,7.9,24.775,15.6208333333333,0.0,0.381,9.0513e-09,0.013153,-0.0023962,10.729,71.633,-17.604,25.749,-19.168,-2317.2,-1660.0,-402.59,0.0,0.0,37.127,25.14,7.5356,0.0,-2255.0,0.1618,20.0,-1956.5,0.1665,20.0,-1678.1,0.1724,20.0,-1239.14,0.1845,20.0,-765.16,0.2073,20.0,-594.63,0.221,20.0,-486.51,0.2324,20.0,-443.78,0.2502,20.0,-420.15,0.3085,20.0
499,2024-05-14,0.1395,0.21844,7.225,16.45,11.0875,0.0,0.21844,8.3237e-09,0.0087586,-0.0023888,10.729,71.852,-17.604,25.758,-19.171,-2290.3,-1660.2,-403.18,0.0,0.0,37.114,25.14,7.5356,0.0,-2233.29,0.1621,20.0,-1953.11,0.1665,20.0,-1684.42,0.1723,20.0,-1245.81,0.1842,20.0,-769.76,0.2069,20.0,-595.73,0.2209,20.0,-487.13,0.2324,20.0,-444.33,0.2502,20.0,-420.71,0.3085,20.0
500,2024-05-15,0.0,0.35814,7.6,21.575,14.1708333333333,0.0,0.35814,1.1205e-09,0.011816,-0.0023813,10.729,72.21,-17.604,25.77,-19.173,-2264.9,-1660.7,-403.76,0.0,0.0,37.101,25.14,7.5356,0.0,-2212.64,0.1625,20.0,-1949.66,0.1666,20.0,-1689.69,0.1722,20.0,-1254.71,0.184,20.0,-774.2,0.2066,20.0,-596.85,0.2208,20.0,-487.75,0.2323,20.0,-444.88,0.2501,20.0,-421.27,0.3084,20.0
501,2024-05-16,0.0,0.48006,9.725,23.3,16.353125,0.0,0.48006,-2.5757e-09,0.013071,-0.0023739,10.729,72.69,-17.604,25.784,-19.175,-2241.0,-1663.8,-404.34,0.0,0.0,37.086,25.14,7.5356,0.0,-2193.0,0.1628,20.0,-1946.13,0.1667,20.0,-1694.22,0.1721,20.0,-1272.07,0.1835,20.0,-778.82,0.2063,20.0,-598.01,0.2206,20.0,-488.37,0.2322,20.0,-445.43,0.25,20.0,-421.83,0.3084,20.0
502,2024-05-17,0.1243,0.36068,1.95,15.95,10.1802083333333,0.0,0.36068,7.5379e-09,0.010446,-0.0023666,10.729,73.05,-17.604,25.794,-19.178,-2218.6,-1665.5,-404.92,0.0,0.0,37.071,25.14,7.5356,0.0,-2174.34,0.1631,20.0,-1942.49,0.1668,20.0,-1698.35,0.172,20.0,-1284.27,0.1831,20.0,-783.22,0.206,20.0,-599.23,0.2205,20.0,-488.99,0.2322,20.0,-445.98,0.2499,20.0,-422.39,0.3083,20.0
503,2024-05-18,0.0,0.35306,0.0,15.525,8.0875,0.0,0.35306,-4.5111e-10,0.0099643,-0.0023593,10.729,73.403,-17.604,25.804,-19.18,-2197.4,-1665.6,-405.49,0.0,0.0,37.059,25.14,7.5356,0.0,-2156.62,0.1633,20.0,-1938.72,0.1669,20.0,-1702.09,0.1719,20.0,-1291.63,0.1829,20.0,-787.5,0.2058,20.0,-600.48,0.2204,20.0,-489.63,0.2321,20.0,-446.53,0.2499,20.0,-422.94,0.3083,20.0
504,2024-05-19,0.1803,0.24892,2.325,13.25,7.271875,0.0,0.24892,-8.1491e-10,0.0078378,-0.0023519,10.729,73.652,-17.604,25.812,-19.183,-2177.5,-1664.0,-406.07,0.0,0.0,37.047,25.14,7.5356,0.0,-2139.79,0.1636,20.0,-1934.84,0.1669,20.0,-1705.39,0.1719,20.0,-1293.11,0.1828,20.0,-791.63,0.2056,20.0,-601.76,0.2202,20.0,-490.26,0.232,20.0,-447.08,0.2498,20.0,-423.5,0.3082,20.0
505,2024-05-20,0.0051,0.29718,-1.125,15.275,6.74583333333333,0.0,0.29718,4.1473e-09,0.0088058,-0.0023447,10.729,73.95,-17.604,25.821,-19.185,-2158.8,-1662.3,-406.64,0.0,0.0,37.037,25.14,7.5356,0.0,-2123.81,0.1638,20.0,-1930.84,0.167,20.0,-1708.13,0.1718,20.0,-1294.99,0.1828,20.0,-795.55,0.2054,20.0,-603.05,0.2201,20.0,-490.89,0.232,20.0,-447.63,0.2497,20.0,-424.05,0.3082,20.0
506,2024-05-21,0.0085,0.28956,-1.2,16.0,8.71770833333333,0.0,0.28956,-9.1677e-09,0.0085433,-0.0023374,10.729,74.239,-17.604,25.829,-19.187,-2141.2,-1661.0,-407.2,0.0,0.0,37.026,25.14,7.5356,0.0,-2108.62,0.1641,20.0,-1926.73,0.1671,20.0,-1710.36,0.1718,20.0,-1298.47,0.1827,20.0,-799.34,0.2051,20.0,-604.36,0.22,20.0,-491.53,0.2319,20.0,-448.18,0.2496,20.0,-424.6,0.3081,20.0
507,2024-05-22,0.7844,0.23368,6.175,14.175,9.075,0.0,0.23368,4.9477e-10,0.0073563,-0.0023302,10.729,74.473,-17.604,25.837,-19.19,-2124.5,-1658.9,-407.77,0.0,0.0,37.015,25.14,7.5356,0.0,-2094.18,0.1643,20.0,-1922.51,0.1672,20.0,-1712.13,0.1717,20.0,-1299.04,0.1827,20.0,-802.89,0.2049,20.0,-605.67,0.2198,20.0,-492.17,0.2318,20.0,-448.73,0.2496,20.0,-425.15,0.3081,20.0
508,2024-05-23,0.3556,0.25654,3.85,12.85,8.15520833333333,0.0,0.25654,-6.1118e-09,0.0078582,-0.0023231,10.729,74.729,-17.604,25.845,-19.192,-2108.8,-1656.7,-408.33,0.0,0.0,37.006,25.14,7.5356,0.0,-2080.44,0.1645,20.0,-1918.2,0.1673,20.0,-1713.46,0.1717,20.0,-1299.9,0.1827,20.0,-806.21,0.2048,20.0,-607.07,0.2197,20.0,-492.82,0.2318,20.0,-449.27,0.2495,20.0,-425.7,0.308,20.0
509,2024-05-24,0.0,0.39878,4.65,17.3,10.7052083333333,0.0,0.39878,-1.4334e-09,0.010103,-0.0023159,10.729,75.128,-17.604,25.855,-19.194,-2093.9,-1656.8,-408.89,0.0,0.0,36.994,25.14,7.5356,0.0,-2067.39,0.1647,20.0,-1914.08,0.1674,20.0,-1714.42,0.1717,20.0,-1308.35,0.1824,20.0,-809.35,0.2046,20.0,-608.46,0.2195,20.0,-493.47,0.2317,20.0,-449.82,0.2494,20.0,-426.25,0.308,20.0
510,2024-05-25,0.0,0.31496,1.35,18.525,9.8625,0.0,0.31496,-3.296e-09,0.0084138,-0.0023088,10.729,75.443,-17.604,25.863,-19.197,-2079.9,-1656.7,-409.45,0.0,0.0,36.982,25.14,7.5356,0.0,-2055.0,0.1649,20.0,-1910.01,0.1675,20.0,-1715.19,0.1716,20.0,-1315.67,0.1822,20.0,-812.39,0.2044,20.0,-609.84,0.2194,20.0,-494.12,0.2316,20.0,-450.37,0.2493,20.0,-426.79,0.3079,20.0
511,2024-05-26,0.0,0.42164,4.45,18.125,10.9333333333333,0.0,0.42164,-4.5693e-09,0.009681,-0.0023017,10.729,75.865,-17.604,25.873,-19.199,-2066.6,-1657.0,-410.01,0.0,0.0,36.971,25.14,7.5356,0.0,-2043.21,0.1651,20.0,-1905.86,0.1676,20.0,-1715.84,0.1716,20.0,-1324.04,0.1819,20.0,-815.4,0.2042,20.0,-611.21,0.2192,20.0,-494.78,0.2316,20.0,-450.92,0.2493,20.0,-427.34,0.3079,20.0
512,2024-05-27,0.0,0.41148,3.15,22.95,13.8697916666667,0.0,0.41148,1.3897e-09,0.0091379,-0.0022947,10.729,76.276,-17.604,25.882,-19.201,-2054.0,-1657.5,-410.56,0.0,0.0,36.959,25.14,7.5356,0.0,-2031.97,0.1653,20.0,-1901.61,0.1676,20.0,-1716.4,0.1716,20.0,-1332.68,0.1817,20.0,-818.41,0.2041,20.0,-612.59,0.2191,20.0,-495.44,0.2315,20.0,-451.47,0.2492,20.0,-427.88,0.3078,20.0
513,2024-05-28,0.0885,0.4699,2.975,27.05,15.3177083333333,0.0,0.4699,-2.0809e-09,0.0094502,-0.0022876,10.729,76.746,-17.604,25.892,-19.203,-2042.0,-1658.0,-411.11,0.0,0.0,36.947,25.14,7.5356,0.0,-2021.21,0.1654,20.0,-1897.3,0.1677,20.0,-1716.9,0.1716,20.0,-1341.31,0.1814,20.0,-821.44,0.2039,20.0,-613.98,0.219,20.0,-496.11,0.2314,20.0,-452.02,0.2491,20.0,-428.42,0.3078,20.0
514,2024-05-29,0.2349,0.41148,7.775,18.825,13.6041666666667,0.0,0.41148,5.5225e-09,0.0084762,-0.0022806,10.729,77.158,-17.604,25.9,-19.206,-2030.7,-1657.9,-411.66,0.0,0.0,36.936,25.14,7.5356,0.0,-2010.95,0.1656,20.0,-1892.98,0.1678,20.0,-1717.36,0.1716,20.0,-1347.4,0.1812,20.0,-824.47,0.2037,20.0,-615.41,0.2189,20.0,-496.78,0.2314,20.0,-452.57,0.249,20.0,-428.96,0.3077,20.0
515,2024-05-30,0.0,0.36576,2.35,16.8,10.0135416666667,0.0,0.36576,-8.9494e-10,0.0077741,-0.0022736,10.729,77.523,-17.604,25.908,-19.208,-2019.9,-1657.0,-412.21,0.0,0.0,36.926,25.14,7.5356,0.0,-2001.25,0.1657,20.0,-1888.78,0.1679,20.0,-1717.76,0.1716,20.0,-1350.0,0.1812,20.0,-827.44,0.2036,20.0,-616.8,0.2187,20.0,-497.45,0.2313,20.0,-453.12,0.249,20.0,-429.5,0.3076,20.0
516,2024-05-31,0.0,0.40132,0.8,19.7,10.6260416666667,0.0,0.40132,9.5315e-10,0.0081039,-0.0022666,10.729,77.925,-17.604,25.916,-19.21,-2009.6,-1656.0,-412.76,0.0,0.0,36.916,25.14,7.5356,0.0,-1992.01,0.1659,20.0,-1884.65,0.168,20.0,-1718.05,0.1716,20.0,-1352.97,0.1811,20.0,-830.31,0.2034,20.0,-618.19,0.2186,20.0,-498.13,0.2312,20.0,-453.67,0.2489,20.0,-430.04,0.3076,20.0
517,2024-06-01,0.0,0.3683,0.05,22.075,12.871875,0.0,0.3683,-5.326e-09,0.038893,-0.0022597,10.729,78.293,-17.604,25.947,-19.213,-1999.9,-1435.7,-413.3,0.0,0.0,36.898,25.14,7.5356,0.0,-1983.13,0.166,20.0,-1880.56,0.1681,20.0,-1718.22,0.1716,20.0,-1370.3,0.1806,20.0,-834.79,0.2031,20.0,-619.56,0.2185,20.0,-498.82,0.2311,20.0,-454.22,0.2488,20.0,-430.58,0.3075,20.0
518,2024-06-02,0.0,0.41148,7.875,21.3,15.5416666666667,0.0,0.41148,-3.718e-09,0.03676,-0.0022528,10.729,78.704,-17.604,25.985,-19.215,-1990.7,-1456.2,-413.85,0.0,0.0,36.857,25.14,7.5356,0.0,-1974.92,0.1661,20.0,-1876.53,0.1682,20.0,-1718.31,0.1716,20.0,-1410.31,0.1794,20.0,-870.02,0.2011,20.0,-620.96,0.2184,20.0,-499.5,0.2311,20.0,-454.78,0.2487,20.0,-431.12,0.3075,20.0
519,2024-06-03,0.0,0.46482,8.275,19.75,14.65,0.0,0.46482,5.2314e-09,0.034344,-0.0022459,10.729,79.169,-17.604,26.02,-19.217,-1982.0,-1476.3,-414.39,0.0,0.0,36.818,25.14,7.5356,0.0,-1967.1,0.1663,20.0,-1872.58,0.1683,20.0,-1718.43,0.1716,20.0,-1449.39,0.1782,20.0,-902.73,0.1993,20.0,-622.5,0.2183,20.0,-500.19,0.231,20.0,-455.33,0.2487,20.0,-431.65,0.3074,20.0
520,2024-06-04,0.0,0.47752,7.375,19.7,12.3802083333333,0.0,0.47752,1.0303e-08,0.03032,-0.002239,10.729,79.647,-17.604,26.052,-19.219,-1973.8,-1494.1,-414.92,0.0,0.0,36.782,25.14,7.5356,0.0,-1960.16,0.1664,20.0,-1868.71,0.1684,20.0,-1718.66,0.1716,20.0,-1482.27,0.1772,20.0,-932.97,0.1976,20.0,-624.27,0.2182,20.0,-500.88,0.2309,20.0,-455.88,0.2486,20.0,-432.19,0.3074,20.0
521,2024-06-05,0.0,0.4445,7.375,22.775,14.9489583333333,0.0,0.4445,-8.3128e-09,0.02571,-0.0022322,10.729,80.091,-17.604,26.078,-19.222,-1966.4,-1508.6,-415.46,0.0,0.0,36.751,25.14,7.5356,0.0,-1953.56,0.1665,20.0,-1864.93,0.1684,20.0,-1719.04,0.1716,20.0,-1506.89,0.1765,20.0,-960.68,0.196,20.0,-626.27,0.218,20.0,-501.57,0.2308,20.0,-456.44,0.2485,20.0,-432.72,0.3073,20.0
522,2024-06-06,0.0,0.44196,3.6,25.925,15.89375,0.0,0.44196,-4.402e-10,0.022976,-0.0022254,10.729,80.533,-17.604,26.102,-19.224,-1960.6,-1520.2,-415.99,0.0,0.0,36.724,25.14,7.5356,0.0,-1947.38,0.1667,20.0,-1861.27,0.1685,20.0,-1719.56,0.1716,20.0,-1525.29,0.176,20.0,-985.39,0.1948,20.0,-628.51,0.2178,20.0,-502.27,0.2308,20.0,-457.0,0.2484,20.0,-433.25,0.3073,20.0
523,2024-06-07,0.0,0.42672,6.225,21.75,15.04375,0.0,0.42672,-6.9922e-09,0.02045,-0.0022186,10.729,80.96,-17.604,26.123,-19.226,-1955.0,-1529.7,-416.53,0.0,0.0,36.7,25.14,7.5356,0.0,-1941.52,0.1668,20.0,-1857.73,0.1686,20.0,-1720.2,0.1715,20.0,-1539.27,0.1756,20.0,-1007.5,0.1939,20.0,-630.96,0.2176,20.0,-502.97,0.2307,20.0,-457.55,0.2484,20.0,-433.78,0.3072,20.0
524,2024-06-08,0.0,0.41656,3.55,23.05,14.2875,0.0,0.41656,-7.7416e-09,0.018604,-0.0022119,10.729,81.377,-17.604,26.142,-19.228,-1949.2,-1537.2,-417.06,0.0,0.0,36.677,25.14,7.5356,0.0,-1935.83,0.1669,20.0,-1854.32,0.1687,20.0,-1720.91,0.1715,20.0,-1549.77,0.1752,20.0,-1026.36,0.1931,20.0,-633.61,0.2174,20.0,-503.67,0.2306,20.0,-458.11,0.2483,20.0,-434.32,0.3072,20.0
525,2024-06-09,0.0,0.39878,2.7,21.2,13.6229166666667,0.0,0.39878,7.4215e-10,0.016913,-0.0022051,10.729,81.775,-17.604,26.159,-19.23,-1943.5,-1543.4,-417.59,0.0,0.0,36.657,25.14,7.5356,0.0,-1930.28,0.167,20.0,-1851.06,0.1687,20.0,-1721.64,0.1715,20.0,-1557.79,0.175,20.0,-1042.84,0.1924,20.0,-636.37,0.2172,20.0,-504.39,0.2306,20.0,-458.67,0.2482,20.0,-434.85,0.3071,20.0
526,2024-06-10,0.1173,0.45974,12.875,25.2,18.5552083333333,0.0,0.45974,-4.311e-09,0.017159,-0.0021984,10.729,82.235,-17.604,26.176,-19.233,-1937.8,-1549.2,-418.12,0.0,0.0,36.638,25.14,7.5356,0.0,-1924.85,0.1672,20.0,-1847.92,0.1688,20.0,-1722.39,0.1715,20.0,-1564.85,0.1749,20.0,-1059.09,0.1918,20.0,-639.19,0.217,20.0,-505.1,0.2305,20.0,-459.23,0.2481,20.0,-435.38,0.3071,20.0
527,2024-06-11,0.0,0.55118,10.25,28.1,19.2333333333333,0.0,0.55118,5.4097e-09,0.018317,-0.0021917,10.729,82.786,-17.604,26.195,-19.235,-1932.1,-1555.7,-418.64,0.0,0.0,36.617,25.14,7.5356,0.0,-1919.54,0.1673,20.0,-1844.91,0.1689,20.0,-1723.11,0.1715,20.0,-1571.76,0.1747,20.0,-1077.16,0.191,20.0,-642.07,0.2168,20.0,-505.83,0.2304,20.0,-459.8,0.2481,20.0,-435.91,0.307,20.0
528,2024-06-12,0.0,0.5207,6.5,25.4,17.9635416666667,-1.524,0.5207,-1.524,0.25894,-0.002185,9.205,83.307,-19.128,26.352,-19.237,-74.482,-1088.2,-419.17,0.0,0.0,37.989,26.664,7.5356,0.0,-92.53,0.35,20.0,-177.04,0.3023,20.0,-1472.07,0.1776,20.0,-1576.28,0.1746,20.0,-1092.54,0.1904,20.0,-645.0,0.2166,20.0,-506.56,0.2303,20.0,-460.36,0.248,20.0,-436.43,0.307,20.0
529,2024-06-13,0.0,0.45466,2.55,25.225,15.58125,-1.524,0.45466,-1.524,0.34263,-0.0021783,7.681,83.762,-20.652,26.645,-19.239,-52.487,-780.9,-419.69,0.0,0.0,39.222,28.188,7.5356,0.0,-59.79,0.3786,20.0,-81.96,0.3586,20.0,-147.5,0.3157,20.0,-1578.58,0.1746,20.0,-1103.89,0.1899,20.0,-647.94,0.2163,20.0,-507.31,0.2302,20.0,-460.92,0.2479,20.0,-436.96,0.3069,20.0
530,2024-06-14,0.0,0.41656,5.4,28.675,17.7677083333333,-1.524,0.41656,-1.524,0.37814,-0.0021716,6.157,84.178,-22.176,26.997,-19.241,-42.595,-518.76,-420.21,0.0,0.0,40.395,29.712,7.5356,0.0,-46.94,0.392,20.0,-58.54,0.3799,20.0,-83.08,0.3577,20.0,-418.66,0.2422,20.0,-1113.26,0.1895,20.0,-650.89,0.2161,20.0,-508.06,0.2302,20.0,-461.49,0.2478,20.0,-437.49,0.3069,20.0
531,2024-06-15,0.1258,0.32766,6.075,20.8,12.496875,-1.6498,0.32766,-1.6498,0.32344,-0.0021651,4.5072,84.506,-23.826,27.311,-19.243,-33.363,-275.55,-420.73,0.0,0.0,41.725,31.361,7.5356,0.0,-36.03,0.4044,20.0,-42.81,0.3967,20.0,-55.3,0.3833,20.0,-123.24,0.3291,20.0,-1089.65,0.1905,20.0,-653.83,0.2159,20.0,-508.82,0.2301,20.0,-462.06,0.2478,20.0,-438.02,0.3068,20.0
532,2024-06-16,0.0612,0.4318,5.1,17.55,11.1666666666667,-1.5852,0.4318,-1.5852,0.4318,-0.0021584,2.922,84.938,-25.411,27.741,-19.246,-31.369,-105.26,-421.25,0.0,0.0,42.885,32.947,7.5356,0.0,-33.46,0.4074,20.0,-38.46,0.4016,20.0,-46.81,0.3922,20.0,-79.41,0.3607,20.0,-236.98,0.2805,20.0,-656.75,0.2157,20.0,-509.6,0.23,20.0,-462.63,0.2477,20.0,-438.54,0.3068,20.0
533,2024-06-17,2.0693,0.09652,4.25,6.625,5.37916666666667,-3.5933,0.09652,-3.5933,0.09652,-0.0021519,-0.67129,85.034,-29.004,27.838,-19.248,-6.6666,-18.287,-421.77,0.0,0.0,46.349,36.54,7.5356,0.0,-7.06,0.4371,20.0,-8.07,0.4362,20.0,-9.9,0.4344,20.0,-17.03,0.4267,20.0,-37.11,0.4031,20.0,-585.61,0.222,20.0,-510.39,0.2299,20.0,-463.2,0.2476,20.0,-439.07,0.3067,20.0
534,2024-06-18,0.4488,0.23368,2.85,12.575,7.25729166666667,0.0,0.23368,-3.3434e-07,0.23368,-0.0021452,-0.67129,85.268,-29.004,28.071,-19.25,-63.242,-57.123,-422.28,0.0,0.0,46.122,36.54,7.5356,0.0,-61.4,0.3771,20.0,-58.4,0.38,20.0,-55.77,0.3828,20.0,-54.26,0.3844,20.0,-59.76,0.3786,20.0,-111.51,0.3367,20.0,-511.19,0.2298,20.0,-463.78,0.2475,20.0,-439.59,0.3067,20.0
535,2024-06-19,0.2366,0.37592,0.625,19.575,10.209375,0.0,0.37592,-7.4506e-08,0.37592,-0.0021387,-0.67129,85.644,-29.004,28.447,-19.252,-91.61,-81.802,-422.8,0.0,0.0,45.758,36.54,7.5356,0.0,-89.82,0.3523,20.0,-86.5,0.3549,20.0,-82.84,0.3579,20.0,-78.25,0.3616,20.0,-79.93,0.3603,20.0,-109.76,0.338,20.0,-508.06,0.2302,20.0,-464.35,0.2474,20.0,-440.12,0.3066,20.0
536,2024-06-20,0.017,0.4191,1.275,23.0,13.3677083333333,0.0,0.4191,-1.1921e-07,0.4191,-0.0021322,-0.67129,86.063,-29.004,28.866,-19.254,-119.79,-105.33,-423.31,0.0,0.0,45.346,36.54,7.5356,0.0,-118.07,0.3323,20.0,-114.37,0.3348,20.0,-109.38,0.3382,20.0,-100.72,0.3441,20.0,-97.93,0.346,20.0,-117.56,0.3327,20.0,-468.31,0.2351,20.0,-464.92,0.2474,20.0,-440.64,0.3066,20.0
537,2024-06-21,0.423,0.33528,5.225,22.075,13.5125,0.0,0.33528,2.3982e-07,0.33528,-0.0021257,-0.67129,86.398,-29.004,29.202,-19.256,-147.12,-127.21,-423.82,0.0,0.0,44.966,36.54,7.5356,0.0,-145.4,0.3169,20.0,-141.09,0.3193,20.0,-134.39,0.323,20.0,-121.08,0.3303,20.0,-114.29,0.3349,20.0,-127.47,0.3268,20.0,-388.18,0.2466,20.0,-465.29,0.2473,20.0,-441.17,0.3065,20.0
538,2024-06-22,0.0051,0.42672,6.725,27.45,17.715625,0.0,0.42672,-8.1956e-08,0.42672,-0.0021192,-0.67129,86.825,-29.004,29.628,-19.258,-178.77,-151.06,-424.33,0.0,0.0,44.583,36.54,7.5356,0.0,-177.28,0.3022,20.0,-172.2,0.3045,20.0,-162.54,0.3087,20.0,-142.52,0.3185,20.0,-130.5,0.3252,20.0,-137.23,0.3214,20.0,-328.49,0.258,20.0,-464.78,0.2474,20.0,-441.69,0.3065,20.0
539,2024-06-23,0.0,0.55626,9.6,30.625,20.9,0.0,0.55626,-6.4261e-08,0.55626,-0.0021127,-0.67129,87.381,-29.004,30.185,-19.261,-229.73,-185.05,-424.84,0.0,0.0,44.09,36.54,7.5356,0.0,-229.07,0.2833,20.0,-222.41,0.2855,20.0,-206.03,0.2911,20.0,-170.87,0.305,20.0,-148.01,0.3155,20.0,-147.05,0.316,20.0,-291.92,0.2659,20.0,-461.93,0.2478,20.0,-442.19,0.3064,20.0
540,2024-06-24,0.0119,0.49022,10.15,27.5,19.7397727272727,0.0,0.49022,5.4017e-08,0.49022,-0.0021062,-0.67129,87.871,-29.004,30.675,-19.263,-302.15,-228.81,-425.35,0.0,0.0,43.564,36.54,7.5356,0.0,-302.72,0.2631,20.0,-292.89,0.2657,20.0,-264.41,0.273,20.0,-203.8,0.2918,20.0,-167.58,0.3064,20.0,-158.1,0.3106,20.0,-271.94,0.2712,20.0,-455.01,0.2487,20.0,-442.62,0.3064,20.0
541,2024-06-25,0.0,0.41148,6.525,24.95,16.6666666666667,0.0,0.41148,1.7695e-08,0.41148,-0.0020997,-0.67129,88.283,-29.004,31.086,-19.265,-388.54,-275.88,-425.85,0.0,0.0,43.111,36.54,7.5356,0.0,-390.78,0.2461,20.0,-374.52,0.2489,20.0,-327.59,0.2581,20.0,-235.42,0.281,20.0,-185.9,0.2984,20.0,-168.97,0.3058,20.0,-260.37,0.2741,20.0,-443.64,0.2502,20.0,-442.9,0.3064,20.0
542,2024-06-26,0.1191,0.44196,5.55,28.55,18.09375,0.0,0.44196,9.3132e-09,0.44196,-0.0020933,-0.67129,88.725,-29.004,31.528,-19.267,-504.01,-333.79,-426.36,0.0,0.0,42.682,36.54,7.5356,0.0,-511.61,0.2298,20.0,-485.03,0.2328,20.0,-405.93,0.2441,20.0,-270.46,0.2715,20.0,-204.68,0.2915,20.0,-178.88,0.3015,20.0,-253.85,0.2758,20.0,-428.92,0.2522,20.0,-442.87,0.3064,20.0
543,2024-06-27,1.0032,0.32258,10.975,19.175,14.7322916666667,0.0,0.32258,-2.1886e-08,0.32258,-0.0020869,-0.67129,89.048,-29.004,31.851,-19.269,-650.4,-398.57,-426.86,0.0,0.0,42.298,36.54,7.5356,0.0,-664.56,0.215,20.0,-620.29,0.2184,20.0,-491.74,0.2318,20.0,-302.8,0.263,20.0,-221.72,0.2856,20.0,-188.32,0.2974,20.0,-250.45,0.2767,20.0,-412.85,0.2544,20.0,-442.35,0.3064,20.0
544,2024-06-28,0.0953,0.21844,7.875,15.275,11.94375,0.0,0.21844,-1.0245e-08,0.21751,-0.0020805,-0.67129,89.266,-29.004,32.069,-19.271,-788.46,-453.93,-427.36,0.0,0.0,42.025,36.54,7.5356,0.0,-806.01,0.2047,20.0,-740.37,0.2092,20.0,-561.45,0.2245,20.0,-328.94,0.2579,20.0,-236.67,0.2806,20.0,-198.71,0.2935,20.0,-249.07,0.277,20.0,-397.1,0.2566,20.0,-441.16,0.3065,20.0
545,2024-06-29,0.0102,0.37592,3.0,21.975,13.6864583333333,0.0,0.37592,-3.2596e-09,0.32688,-0.0020743,-0.67129,89.642,-29.004,32.405,-19.273,-942.23,-524.62,-427.85,0.0,0.0,41.742,36.54,7.5356,0.0,-977.24,0.1951,20.0,-901.08,0.1994,20.0,-659.29,0.2155,20.0,-359.55,0.252,20.0,-252.54,0.2761,20.0,-208.2,0.2903,20.0,-249.14,0.277,20.0,-382.7,0.2586,20.0,-439.11,0.3067,20.0
546,2024-06-30,0.1293,0.26924,10.1,21.3,15.3645833333333,0.0,0.26924,2.3283e-10,0.21934,-0.0020681,-0.67129,89.911,-29.004,32.63,-19.275,-1121.6,-606.92,-428.33,0.0,0.0,41.461,36.54,7.5356,0.0,-1163.08,0.1873,20.0,-1085.46,0.1906,20.0,-783.25,0.206,20.0,-395.4,0.2455,20.0,-268.47,0.2719,20.0,-216.86,0.2873,20.0,-250.14,0.2767,20.0,-370.46,0.2609,20.0,-436.15,0.307,20.0
547,2024-07-01,0.0613,0.37084,10.775,24.25,16.6302083333333,0.0,0.37084,4.191e-09,0.27735,-0.0020623,-0.67129,90.282,-29.004,32.91,-19.277,-1264.8,-585.42,-428.79,0.0,0.0,41.208,36.54,7.5356,0.0,-1315.15,0.1822,20.0,-1233.92,0.1846,20.0,-911.51,0.1989,20.0,-437.97,0.2395,20.0,-287.93,0.2671,20.0,-225.22,0.2845,20.0,-251.69,0.2763,20.0,-360.2,0.2627,20.0,-432.36,0.3074,20.0
548,2024-07-02,0.0,0.42672,10.675,25.875,17.69375,-1.397,0.42672,-1.397,0.40495,-0.0020566,-2.0683,90.709,-30.401,33.281,-19.279,-76.514,-392.81,-429.23,0.0,0.0,42.237,37.937,7.5356,0.0,-93.6,0.3492,20.0,-167.69,0.3064,20.0,-788.57,0.2058,20.0,-505.32,0.2305,20.0,-319.99,0.2596,20.0,-235.54,0.281,20.0,-253.57,0.2758,20.0,-351.39,0.2644,20.0,-427.99,0.3078,20.0
549,2024-07-03,0.6927,0.24638,9.875,19.625,12.69375,0.0,0.24638,5.1223e-08,0.24638,-0.0020516,-2.0683,90.955,-30.401,33.527,-19.281,-220.78,-369.97,-429.64,0.0,0.0,41.981,37.937,7.5356,0.0,-222.39,0.2855,20.0,-246.89,0.2775,20.0,-356.55,0.2525,20.0,-539.72,0.2268,20.0,-340.06,0.2557,20.0,-246.45,0.2777,20.0,-255.8,0.2753,20.0,-344.26,0.2657,20.0,-422.98,0.3083,20.0
550,2024-07-04,0.0119,0.35814,9.35,21.825,15.8885416666667,-2.8059,0.35814,-2.8059,0.35814,-0.0020471,-4.8742,91.313,-33.207,33.885,-19.283,-22.933,-225.02,-429.99,0.0,0.0,44.433,40.743,7.5356,0.0,-26.02,0.4162,20.0,-34.55,0.4061,20.0,-53.73,0.3849,20.0,-302.91,0.2632,20.0,-366.91,0.2505,20.0,-257.25,0.2749,20.0,-258.37,0.2746,20.0,-338.36,0.2667,20.0,-417.64,0.3088,20.0
551,2024-07-05,0.0374,0.37592,9.35,23.55,16.3864583333333,0.0,0.37592,1.4901e-08,0.37592,-0.0020435,-4.8742,91.689,-33.207,34.261,-19.285,-106.45,-196.86,-430.27,0.0,0.0,44.056,40.743,7.5356,0.0,-105.06,0.3412,20.0,-104.91,0.3413,20.0,-109.95,0.3378,20.0,-152.41,0.3131,20.0,-301.73,0.2634,20.0,-267.77,0.2722,20.0,-261.32,0.2738,20.0,-333.57,0.2676,20.0,-412.14,0.3093,20.0
552,2024-07-06,0.1683,0.34798,11.75,24.425,16.828125,-2.9623,0.34798,-2.9623,0.34798,-0.0020411,-7.8365,92.037,-36.169,34.609,-19.288,-14.451,-105.81,-430.46,0.0,0.0,46.664,43.705,7.5356,0.0,-15.81,0.4281,20.0,-19.22,0.4242,20.0,-25.33,0.417,20.0,-50.87,0.3879,20.0,-140.98,0.3193,20.0,-273.17,0.2708,20.0,-264.59,0.273,20.0,-329.71,0.2683,20.0,-406.64,0.3098,20.0
553,2024-07-07,0.0153,0.4445,9.35,28.35,19.5072916666667,0.0,0.4445,-6.5193e-07,0.4445,-0.0020402,-7.8365,92.482,-36.169,35.053,-19.29,-78.384,-97.011,-430.53,0.0,0.0,46.228,43.705,7.5356,0.0,-76.66,0.3629,20.0,-74.29,0.365,20.0,-73.14,0.3661,20.0,-78.0,0.3618,20.0,-99.12,0.3452,20.0,-210.18,0.2896,20.0,-267.84,0.2722,20.0,-326.64,0.2689,20.0,-401.26,0.3104,20.0
554,2024-07-08,0.0,0.46228,9.675,32.35,22.5375,-2.794,0.46228,-2.794,0.46228,-0.0020411,-10.63,92.944,-38.963,35.515,-19.292,-13.325,-47.145,-430.46,0.0,0.0,48.561,46.499,7.5356,0.0,-14.26,0.4297,20.0,-16.53,0.4272,20.0,-20.27,0.4229,20.0,-32.51,0.4085,20.0,-57.03,0.3815,20.0,-145.09,0.3171,20.0,-269.5,0.2717,20.0,-324.24,0.2693,20.0,-396.11,0.3108,20.0
555,2024-07-09,0.0,0.4572,10.55,32.675,23.1989583333333,0.0,0.4572,-1.6019e-07,0.4572,-0.002044,-10.63,93.401,-38.963,35.973,-19.294,-69.751,-66.923,-430.24,0.0,0.0,48.101,46.499,7.5356,0.0,-67.95,0.3709,20.0,-65.0,0.3737,20.0,-62.39,0.3761,20.0,-60.91,0.3775,20.0,-65.67,0.3731,20.0,-95.82,0.3475,20.0,-261.46,0.2738,20.0,-322.31,0.2697,20.0,-391.23,0.3113,20.0
556,2024-07-10,0.0,0.47752,11.25,36.75,24.376619047619,-2.794,0.47752,-2.794,0.47752,-0.0020491,-13.424,93.879,-41.757,36.45,-19.296,-12.26,-30.857,-429.85,0.0,0.0,50.419,49.293,7.5356,0.0,-12.94,0.4312,20.0,-14.51,0.4295,20.0,-17.04,0.4266,20.0,-24.68,0.4177,20.0,-37.61,0.4025,20.0,-73.02,0.3662,20.0,-226.38,0.2841,20.0,-320.09,0.2701,20.0,-386.69,0.3118,20.0
557,2024-07-11,0.0443,0.4318,15.075,35.075,24.3770833333333,-1.4413,0.4318,-1.4413,0.4318,-0.0020565,-14.866,94.31,-43.199,36.882,-19.298,-23.357,-31.698,-429.27,0.0,0.0,51.42,50.734,7.5356,0.0,-23.89,0.4187,20.0,-24.99,0.4174,20.0,-26.41,0.4157,20.0,-29.69,0.4118,20.0,-34.39,0.4063,20.0,-48.53,0.3903,20.0,-157.21,0.311,20.0,-314.21,0.2711,20.0,-382.45,0.3123,20.0
558,2024-07-12,0.0,0.43688,10.225,30.2,21.3583333333333,0.0,0.43688,6.8638e-07,0.43688,-0.0020665,-14.866,94.747,-43.199,37.319,-19.3,-65.099,-54.181,-428.49,0.0,0.0,50.983,50.734,7.5356,0.0,-63.25,0.3754,20.0,-60.04,0.3784,20.0,-56.8,0.3817,20.0,-52.33,0.3864,20.0,-50.56,0.3882,20.0,-54.38,0.3842,20.0,-108.26,0.339,20.0,-285.39,0.2776,20.0,-378.18,0.3128,20.0
559,2024-07-13,0.0,0.44958,10.175,33.55,22.7614583333333,0.0,0.44958,-2.2538e-07,0.44958,-0.002079,-14.866,95.197,-43.199,37.768,-19.302,-88.772,-72.81,-427.51,0.0,0.0,50.536,50.734,7.5356,0.0,-86.93,0.3546,20.0,-83.35,0.3575,20.0,-79.06,0.361,20.0,-71.75,0.3674,20.0,-66.8,0.372,20.0,-65.44,0.3733,20.0,-96.36,0.3471,20.0,-227.83,0.2927,20.0,-371.53,0.3137,20.0
560,2024-07-14,0.0,0.42672,10.775,34.075,23.2291666666667,0.0,0.42672,-1.5879e-07,0.42672,-0.0020941,-14.866,95.624,-43.199,38.195,-19.304,-110.26,-89.64,-426.33,0.0,0.0,50.096,50.734,7.5356,0.0,-108.42,0.3389,20.0,-104.52,0.3415,20.0,-99.29,0.3451,20.0,-89.22,0.3527,20.0,-81.32,0.3591,20.0,-75.87,0.3636,20.0,-95.97,0.3474,20.0,-185.51,0.3069,20.0,-354.82,0.3158,20.0
561,2024-07-15,0.0,0.4826,10.55,34.225,22.7958333333333,0.0,0.4826,-3.9255e-07,0.4826,-0.0021119,-14.866,96.106,-43.199,38.678,-19.306,-133.73,-107.21,-424.94,0.0,0.0,49.639,50.734,7.5356,0.0,-131.94,0.3244,20.0,-127.59,0.3268,20.0,-121.08,0.3304,20.0,-107.39,0.3396,20.0,-95.75,0.3475,20.0,-86.3,0.3551,20.0,-98.96,0.3453,20.0,-163.14,0.3161,20.0,-324.68,0.3197,20.0
562,2024-07-16,0.0,0.46228,9.7,35.1,23.2583333333333,0.0,0.46228,-2.5006e-07,0.46228,-0.0021333,-14.866,96.568,-43.199,39.14,-19.308,-160.6,-126.19,-423.23,0.0,0.0,49.164,50.734,7.5356,0.0,-158.88,0.3103,20.0,-153.97,0.3124,20.0,-145.78,0.3167,20.0,-126.92,0.3271,20.0,-110.56,0.3374,20.0,-96.1,0.3472,20.0,-103.24,0.3424,20.0,-151.45,0.321,20.0,-287.91,0.3252,20.0
563,2024-07-17,0.0,0.45212,11.35,36.625,24.59375,0.0,0.45212,-8.0559e-08,0.45212,-0.0021617,-14.866,97.021,-43.199,39.592,-19.31,-190.61,-146.39,-421.0,0.0,0.0,48.705,50.734,7.5356,0.0,-189.09,0.297,20.0,-183.71,0.2994,20.0,-173.29,0.304,20.0,-147.12,0.316,20.0,-125.46,0.3279,20.0,-106.17,0.3404,20.0,-107.95,0.3392,20.0,-145.56,0.3241,20.0,-256.76,0.3306,20.0
564,2024-07-18,0.0408,0.37592,12.175,34.1,23.31875,0.0,0.37592,-6.7521e-08,0.37592,-0.0022027,-14.866,97.397,-43.199,39.968,-19.313,-223.04,-166.51,-417.76,0.0,0.0,48.289,50.734,7.5356,0.0,-221.52,0.2857,20.0,-214.96,0.2879,20.0,-200.93,0.2927,20.0,-167.18,0.3065,20.0,-139.5,0.3201,20.0,-115.45,0.3341,20.0,-112.71,0.336,20.0,-143.0,0.3254,20.0,-232.88,0.3352,20.0
565,2024-07-19,0.0,0.40894,10.5,34.6,23.121875,0.0,0.40894,1.6065e-07,0.40894,-0.0022653,-14.866,97.805,-43.199,40.377,-19.315,-258.63,-187.9,-412.82,0.0,0.0,47.894,50.734,7.5356,0.0,-257.37,0.2749,20.0,-249.14,0.277,20.0,-231.19,0.2826,20.0,-187.83,0.2976,20.0,-153.71,0.3125,20.0,-124.43,0.3285,20.0,-117.45,0.3327,20.0,-142.31,0.3257,20.0,-216.66,0.3389,20.0
566,2024-07-20,0.0,0.41402,12.25,34.6,24.3864583333333,0.0,0.41402,7.4506e-09,0.41402,-0.0023601,-14.866,98.219,-43.199,40.791,-19.317,-302.93,-213.21,-405.37,0.0,0.0,47.48,50.734,7.5356,0.0,-302.43,0.2633,20.0,-293.39,0.2656,20.0,-270.11,0.2716,20.0,-212.16,0.289,20.0,-168.89,0.3059,20.0,-133.3,0.3236,20.0,-122.56,0.3295,20.0,-142.77,0.3255,20.0,-205.44,0.3414,20.0
567,2024-07-21,0.0,0.37084,11.225,32.9,22.7166666666667,0.0,0.37084,-3.0268e-08,0.37084,-0.0024956,-14.866,98.59,-43.199,41.162,-19.32,-358.03,-241.06,-394.77,0.0,0.0,47.085,50.734,7.5356,0.0,-358.03,0.2522,20.0,-346.2,0.2545,20.0,-312.82,0.261,20.0,-236.66,0.2806,20.0,-183.59,0.2994,20.0,-141.9,0.3188,20.0,-127.75,0.3267,20.0,-144.0,0.3248,20.0,-197.56,0.3432,20.0
568,2024-07-22,0.0,0.38608,10.85,34.65,22.9427083333333,0.0,0.38608,-8.8476e-09,0.38608,-0.002725,-14.866,98.976,-43.199,41.548,-19.322,-423.88,-272.46,-382.04,0.0,0.0,46.704,50.734,7.5356,0.0,-425.22,0.2414,20.0,-408.58,0.2437,20.0,-362.96,0.2514,20.0,-264.14,0.2731,20.0,-199.21,0.2933,20.0,-150.39,0.3142,20.0,-132.58,0.324,20.0,-145.71,0.3239,20.0,-192.05,0.3444,20.0
569,2024-07-23,0.0,0.4826,15.625,38.325,26.4958333333333,0.0,0.4826,-1.5367e-08,0.48214,-0.0031933,-14.866,99.459,-43.199,42.03,-19.325,-519.33,-316.71,-367.02,0.0,0.0,46.267,50.734,7.5356,0.0,-526.36,0.2283,20.0,-505.53,0.2305,20.0,-439.16,0.2393,20.0,-299.02,0.2641,20.0,-217.14,0.2873,20.0,-159.19,0.3101,20.0,-137.15,0.3215,20.0,-147.73,0.3229,20.0,-188.3,0.3455,20.0
570,2024-07-24,0.0,0.55626,12.65,37.5,26.8208333333333,0.0,0.55626,1.397e-09,0.52297,-0.0037584,-14.866,100.02,-43.199,42.563,-19.329,-675.04,-386.21,-348.73,0.0,0.0,45.751,50.734,7.5356,0.0,-696.22,0.2126,20.0,-673.38,0.2144,20.0,-565.76,0.2241,20.0,-350.1,0.2538,20.0,-239.29,0.2797,20.0,-168.25,0.3062,20.0,-141.56,0.319,20.0,-150.01,0.3217,20.0,-185.9,0.3462,20.0
571,2024-07-25,0.0,0.58928,15.75,33.25,25.471875,0.0,0.58928,1.1176e-08,0.49349,-0.0043694,-14.866,100.6,-43.199,43.074,-19.333,-882.38,-482.14,-328.94,0.0,0.0,45.221,50.734,7.5356,0.0,-925.43,0.1982,20.0,-909.92,0.199,20.0,-750.57,0.2085,20.0,-418.99,0.2422,20.0,-265.94,0.2727,20.0,-177.6,0.3021,20.0,-145.9,0.3166,20.0,-152.53,0.3204,20.0,-184.43,0.3466,20.0
572,2024-07-26,0.0,0.47244,8.225,29.3,18.2708333333333,0.0,0.47244,-9.3132e-10,0.34764,-0.004976,-14.866,101.08,-43.199,43.433,-19.338,-1088.3,-578.32,-309.42,0.0,0.0,44.784,50.734,7.5356,0.0,-1141.75,0.1883,20.0,-1135.88,0.1885,20.0,-944.39,0.1968,20.0,-490.29,0.232,20.0,-290.13,0.2663,20.0,-186.97,0.298,20.0,-150.31,0.3142,20.0,-155.23,0.3193,20.0,-183.58,0.3469,20.0
573,2024-07-27,0.0,0.4064,5.95,31.25,18.9802083333333,0.0,0.4064,3.7253e-09,0.26942,-0.0059982,-14.866,101.48,-43.199,43.712,-19.344,-1244.4,-657.51,-293.33,0.0,0.0,44.46,50.734,7.5356,0.0,-1304.86,0.1825,20.0,-1304.68,0.1825,20.0,-1113.1,0.1895,20.0,-555.7,0.225,20.0,-311.89,0.2612,20.0,-196.15,0.2944,20.0,-155.16,0.3119,20.0,-158.06,0.3181,20.0,-183.19,0.347,20.0
574,2024-07-28,0.0,0.3429,5.6,28.55,17.6729166666667,0.0,0.3429,8.1491e-10,0.20765,-0.0071294,-14.866,101.83,-43.199,43.926,-19.351,-1372.0,-719.13,-277.99,0.0,0.0,44.209,50.734,7.5356,0.0,-1414.49,0.1792,20.0,-1415.56,0.1792,20.0,-1239.44,0.1844,20.0,-611.57,0.2191,20.0,-330.47,0.2576,20.0,-204.67,0.2915,20.0,-160.01,0.3098,20.0,-160.98,0.3169,20.0,-183.16,0.347,20.0
575,2024-07-29,0.0,0.44196,8.7,31.675,20.7510416666667,0.0,0.44196,2.3283e-09,0.22662,-0.0081632,-14.866,102.27,-43.199,44.16,-19.358,-1454.8,-774.8,-264.0,0.0,0.0,43.976,50.734,7.5356,0.0,-1487.8,0.1771,20.0,-1489.04,0.177,20.0,-1356.29,0.181,20.0,-679.49,0.214,20.0,-351.71,0.2536,20.0,-212.81,0.2887,20.0,-164.59,0.3078,20.0,-163.84,0.3158,20.0,-183.39,0.3469,20.0
576,2024-07-30,0.0085,0.381,13.925,25.75,19.8791666666667,0.0,0.381,4.482e-09,0.18116,-0.0090712,-14.866,102.65,-43.199,44.345,-19.367,-1508.8,-822.52,-251.7,0.0,0.0,43.759,50.734,7.5356,0.0,-1531.95,0.1757,20.0,-1533.38,0.1757,20.0,-1436.15,0.1786,20.0,-751.36,0.2083,20.0,-373.83,0.2492,20.0,-220.83,0.286,20.0,-168.95,0.3058,20.0,-166.61,0.3146,20.0,-183.78,0.3468,20.0
577,2024-07-31,0.0,0.4699,12.75,29.9,21.2708333333333,0.0,0.4699,7.4506e-09,0.19287,-0.0098835,-14.866,103.12,-43.199,44.544,-19.377,-1543.9,-866.36,-241.52,0.0,0.0,43.557,50.734,7.5356,0.0,-1561.54,0.1749,20.0,-1563.02,0.1749,20.0,-1492.29,0.1769,20.0,-832.26,0.2033,20.0,-400.03,0.2449,20.0,-228.83,0.2833,20.0,-173.13,0.304,20.0,-169.3,0.3135,20.0,-184.28,0.3467,20.0
578,2024-08-01,0.0,0.41402,8.9,33.775,22.7385416666667,0.0,0.41402,2.0664e-09,0.17986,-0.011205,-14.866,103.53,-43.199,44.722,-19.388,-1571.5,-836.83,-233.77,0.0,0.0,43.361,50.734,7.5356,0.0,-1581.07,0.1745,20.0,-1581.55,0.1745,20.0,-1528.29,0.1759,20.0,-913.71,0.1987,20.0,-427.7,0.2409,20.0,-237.75,0.2803,20.0,-177.16,0.3023,20.0,-171.9,0.3124,20.0,-184.83,0.3465,20.0
579,2024-08-02,0.0,0.42926,13.0,38.75,25.8052083333333,0.0,0.42926,0.0,0.17299,-0.012392,-14.866,103.96,-43.199,44.898,-19.4,-1586.3,-868.68,-226.87,0.0,0.0,43.17,50.734,7.5356,0.0,-1590.26,0.1743,20.0,-1589.71,0.1743,20.0,-1550.96,0.1752,20.0,-992.39,0.1945,20.0,-458.71,0.2364,20.0,-248.83,0.2771,20.0,-181.13,0.3005,20.0,-174.41,0.3114,20.0,-185.43,0.3463,20.0
580,2024-08-03,0.0,0.36322,11.075,37.725,23.6145833333333,0.0,0.36322,8.6802e-09,0.1422,-0.013412,-14.866,104.33,-43.199,45.042,-19.413,-1593.7,-895.8,-220.94,0.0,0.0,42.997,50.734,7.5356,0.0,-1594.94,0.1742,20.0,-1593.82,0.1742,20.0,-1566.51,0.1748,20.0,-1065.49,0.1915,20.0,-489.01,0.2321,20.0,-258.85,0.2745,20.0,-185.1,0.2988,20.0,-176.85,0.3104,20.0,-186.06,0.3461,20.0
581,2024-08-04,0.1207,0.13208,14.5,23.95,17.85625,0.0,0.13208,3.8945e-09,0.055916,-0.014273,-14.866,104.46,-43.199,45.098,-19.427,-1597.2,-907.12,-215.92,0.0,0.0,42.884,50.734,7.5356,0.0,-1596.86,0.1742,20.0,-1595.14,0.1742,20.0,-1571.3,0.1747,20.0,-1093.71,0.1902,20.0,-501.23,0.2307,20.0,-266.42,0.2725,20.0,-189.09,0.297,20.0,-179.24,0.3094,20.0,-186.72,0.346,20.0
582,2024-08-05,0.0238,0.33274,13.4,28.775,20.4125,0.0,0.33274,-1.0423e-09,0.12579,-0.014996,-14.866,104.79,-43.199,45.225,-19.442,-1599.0,-919.61,-211.71,0.0,0.0,42.777,50.734,7.5356,0.0,-1598.2,0.1742,20.0,-1596.16,0.1742,20.0,-1575.98,0.1746,20.0,-1122.48,0.1892,20.0,-517.71,0.2292,20.0,-273.87,0.2706,20.0,-193.12,0.2954,20.0,-181.57,0.3084,20.0,-187.4,0.3458,20.0
583,2024-08-06,0.1327,0.34544,13.1,29.075,19.9083333333333,0.0,0.34544,-7.1377e-09,0.12418,-0.0156,-14.866,105.14,-43.199,45.351,-19.457,-1600.3,-939.7,-208.2,0.0,0.0,42.635,50.734,7.5356,0.0,-1599.21,0.1741,20.0,-1597.36,0.1742,20.0,-1581.89,0.1745,20.0,-1173.1,0.1871,20.0,-545.59,0.2262,20.0,-282.07,0.2685,20.0,-197.09,0.2941,20.0,-183.87,0.3075,20.0,-188.11,0.3455,20.0
584,2024-08-07,0.558,0.11938,10.0,16.025,13.6145833333333,0.0,0.11938,-5.2605e-09,0.046806,-0.0161,-14.866,105.26,-43.199,45.398,-19.473,-1601.1,-948.46,-205.28,0.0,0.0,42.533,50.734,7.5356,0.0,-1599.73,0.1741,20.0,-1597.77,0.1742,20.0,-1583.49,0.1745,20.0,-1194.39,0.1861,20.0,-557.06,0.2248,20.0,-288.64,0.2667,20.0,-200.9,0.2928,20.0,-186.14,0.3066,20.0,-188.85,0.3453,20.0
585,2024-08-08,0.0119,0.25146,7.15,20.45,14.13125,0.0,0.25146,3.7949e-09,0.09156,-0.016511,-14.866,105.51,-43.199,45.49,-19.49,-1601.6,-955.97,-202.89,0.0,0.0,42.447,50.734,7.5356,0.0,-1600.08,0.1741,20.0,-1598.02,0.1742,20.0,-1584.67,0.1744,20.0,-1209.93,0.1856,20.0,-567.84,0.2239,20.0,-294.97,0.2652,20.0,-204.56,0.2915,20.0,-188.39,0.3056,20.0,-189.62,0.3451,20.0
586,2024-08-09,0.0,0.31242,5.075,25.425,16.2645833333333,0.0,0.31242,-6.2596e-09,0.10686,-0.016846,-14.866,105.82,-43.199,45.598,-19.507,-1602.0,-971.19,-200.93,0.0,0.0,42.33,50.734,7.5356,0.0,-1600.41,0.1741,20.0,-1598.47,0.1741,20.0,-1587.51,0.1744,20.0,-1246.67,0.1842,20.0,-592.08,0.2213,20.0,-302.42,0.2632,20.0,-208.08,0.2903,20.0,-190.67,0.3047,20.0,-190.45,0.3449,20.0
587,2024-08-10,0.0323,0.31496,8.125,26.625,17.634375,0.0,0.31496,-8.112e-09,0.10325,-0.017115,-14.866,106.13,-43.199,45.702,-19.524,-1602.4,-988.54,-199.37,0.0,0.0,42.207,50.734,7.5356,0.0,-1600.72,0.1741,20.0,-1598.88,0.1741,20.0,-1590.18,0.1743,20.0,-1289.75,0.183,20.0,-621.88,0.2184,20.0,-310.43,0.2615,20.0,-211.49,0.2892,20.0,-193.03,0.3038,20.0,-191.35,0.3446,20.0
588,2024-08-11,0.0629,0.36576,11.275,28.025,18.3125,0.0,0.36576,4.9124e-09,0.11123,-0.017324,-14.866,106.5,-43.199,45.815,-19.541,-1602.7,-1007.8,-198.15,0.0,0.0,42.081,50.734,7.5356,0.0,-1601.01,0.1741,20.0,-1599.23,0.1741,20.0,-1592.49,0.1743,20.0,-1333.91,0.1817,20.0,-657.94,0.2156,20.0,-318.88,0.2599,20.0,-214.8,0.288,20.0,-195.41,0.3031,20.0,-192.43,0.3443,20.0
589,2024-08-12,0.0,0.37846,11.35,29.775,20.309375,0.0,0.37846,6.2462e-09,0.10828,-0.017482,-14.866,106.88,-43.199,45.925,-19.558,-1603.0,-1028.2,-197.23,0.0,0.0,41.952,50.734,7.5356,0.0,-1601.29,0.1741,20.0,-1599.51,0.1741,20.0,-1594.42,0.1742,20.0,-1376.13,0.1804,20.0,-697.04,0.2125,20.0,-327.57,0.2582,20.0,-218.06,0.2869,20.0,-197.74,0.3023,20.0,-193.6,0.3441,20.0
590,2024-08-13,0.2484,0.32512,11.9,30.4,19.5364583333333,0.0,0.32512,-5.1762e-09,0.091272,-0.017593,-14.866,107.2,-43.199,46.017,-19.576,-1603.3,-1045.9,-196.58,0.0,0.0,41.834,50.734,7.5356,0.0,-1601.55,0.1741,20.0,-1599.71,0.1741,20.0,-1595.68,0.1742,20.0,-1409.6,0.1794,20.0,-732.34,0.2098,20.0,-335.74,0.2566,20.0,-221.26,0.2859,20.0,-199.99,0.3016,20.0,-194.76,0.3438,20.0
591,2024-08-14,0.0068,0.32258,11.0,28.525,18.9739583333333,0.0,0.32258,-6.0447e-09,0.086812,-0.017662,-14.866,107.53,-43.199,46.105,-19.594,-1603.5,-1061.3,-196.17,0.0,0.0,41.726,50.734,7.5356,0.0,-1601.8,0.1741,20.0,-1599.86,0.1741,20.0,-1596.53,0.1742,20.0,-1435.92,0.1786,20.0,-764.31,0.2073,20.0,-343.46,0.2551,20.0,-224.43,0.2848,20.0,-202.17,0.3009,20.0,-195.92,0.3435,20.0
592,2024-08-15,0.2366,0.40386,8.625,30.825,20.303125,0.0,0.40386,-6.4631e-09,0.098475,-0.017696,-14.866,107.93,-43.199,46.205,-19.611,-1603.8,-1078.4,-195.97,0.0,0.0,41.614,50.734,7.5356,0.0,-1602.03,0.1741,20.0,-1600.01,0.1741,20.0,-1597.35,0.1742,20.0,-1462.37,0.1778,20.0,-803.29,0.2049,20.0,-351.85,0.2535,20.0,-227.56,0.2837,20.0,-204.28,0.3002,20.0,-197.09,0.3433,20.0
593,2024-08-16,0.0,0.381,11.025,28.85,19.0875,0.0,0.381,4.3478e-09,0.089296,-0.017699,-14.866,108.31,-43.199,46.295,-19.629,-1604.0,-1095.6,-195.95,0.0,0.0,41.501,50.734,7.5356,0.0,-1602.26,0.1741,20.0,-1600.16,0.1741,20.0,-1598.03,0.1742,20.0,-1486.01,0.1771,20.0,-844.36,0.2026,20.0,-360.44,0.2518,20.0,-230.67,0.2827,20.0,-206.34,0.2996,20.0,-198.26,0.343,20.0
594,2024-08-17,0.0,0.35814,7.375,30.15,19.3520833333333,0.0,0.35814,5.5354e-09,0.0811,-0.017676,-14.866,108.67,-43.199,46.377,-19.647,-1604.2,-1110.8,-196.09,0.0,0.0,41.398,50.734,7.5356,0.0,-1602.48,0.1741,20.0,-1600.32,0.1741,20.0,-1598.49,0.1741,20.0,-1504.45,0.1766,20.0,-881.53,0.2005,20.0,-368.7,0.2502,20.0,-233.76,0.2816,20.0,-208.35,0.2989,20.0,-199.45,0.3427,20.0
595,2024-08-18,1.8799,0.37592,9.0,35.5,20.3833333333333,0.0,0.37592,6.6348e-09,0.080336,-0.01763,-14.866,109.04,-43.199,46.459,-19.664,-1604.4,-1125.0,-196.35,0.0,0.0,41.298,50.734,7.5356,0.0,-1602.69,0.1741,20.0,-1600.47,0.1741,20.0,-1598.83,0.1741,20.0,-1519.88,0.1761,20.0,-917.25,0.1985,20.0,-377.19,0.2486,20.0,-236.86,0.2806,20.0,-210.33,0.2983,20.0,-200.65,0.3425,20.0
596,2024-08-19,0.1412,0.43434,13.275,34.175,20.3927083333333,0.0,0.43434,-1.0755e-08,0.084782,-0.017564,-14.866,109.48,-43.199,46.545,-19.682,-1604.7,-1140.1,-196.74,0.0,0.0,41.197,50.734,7.5356,0.0,-1602.89,0.1741,20.0,-1600.61,0.1741,20.0,-1599.14,0.1741,20.0,-1534.28,0.1757,20.0,-957.68,0.1962,20.0,-386.32,0.2468,20.0,-239.95,0.2795,20.0,-212.28,0.2977,20.0,-201.88,0.3422,20.0
597,2024-08-20,0.0595,0.3429,10.975,30.875,20.0,0.0,0.3429,1.5948e-09,0.067986,-0.01748,-14.866,109.82,-43.199,46.613,-19.699,-1604.9,-1153.0,-197.22,0.0,0.0,41.102,50.734,7.5356,0.0,-1603.09,0.1741,20.0,-1600.76,0.1741,20.0,-1599.34,0.1741,20.0,-1545.32,0.1754,20.0,-994.77,0.1944,20.0,-395.04,0.2456,20.0,-243.08,0.2785,20.0,-214.2,0.2971,20.0,-203.11,0.3419,20.0
598,2024-08-21,0.034,0.28956,9.575,26.85,17.5864583333333,0.0,0.28956,3.7453e-09,0.057608,-0.017382,-14.866,110.11,-43.199,46.671,-19.717,-1605.1,-1161.9,-197.79,0.0,0.0,41.022,50.734,7.5356,0.0,-1603.28,0.174,20.0,-1600.91,0.1741,20.0,-1599.46,0.1741,20.0,-1552.26,0.1752,20.0,-1020.26,0.1933,20.0,-402.28,0.2445,20.0,-246.16,0.2777,20.0,-216.1,0.2964,20.0,-204.36,0.3416,20.0
599,2024-08-22,0.0,0.31496,5.375,25.875,16.5552083333333,0.0,0.31496,6.4792e-09,0.059948,-0.017271,-14.866,110.43,-43.199,46.732,-19.734,-1605.3,-1169.9,-198.43,0.0,0.0,40.945,50.734,7.5356,0.0,-1603.46,0.174,20.0,-1601.04,0.1741,20.0,-1599.55,0.1741,20.0,-1558.08,0.175,20.0,-1042.68,0.1924,20.0,-409.18,0.2436,20.0,-249.18,0.277,20.0,-217.99,0.2958,20.0,-205.63,0.3413,20.0
600,2024-08-23,0.1107,0.37846,8.1,30.825,18.040625,0.0,0.37846,4.4126e-09,0.06664,-0.017148,-14.866,110.81,-43.199,46.799,-19.751,-1605.4,-1179.6,-199.15,0.0,0.0,40.864,50.734,7.5356,0.0,-1603.64,0.174,20.0,-1601.18,0.1741,20.0,-1599.66,0.1741,20.0,-1564.27,0.1749,20.0,-1070.51,0.1913,20.0,-416.87,0.2425,20.0,-252.12,0.2762,20.0,-219.85,0.2953,20.0,-206.91,0.3411,20.0
601,2024-08-24,0.0,0.3429,9.6,25.2,16.484375,0.0,0.3429,2.3067e-09,0.059733,-0.017015,-14.866,111.15,-43.199,46.859,-19.768,-1605.6,-1189.2,-199.92,0.0,0.0,40.783,50.734,7.5356,0.0,-1603.82,0.174,20.0,-1601.32,0.1741,20.0,-1599.75,0.1741,20.0,-1569.27,0.1748,20.0,-1097.75,0.1902,20.0,-424.37,0.2414,20.0,-254.99,0.2755,20.0,-221.71,0.2947,20.0,-208.21,0.3408,20.0
602,2024-08-25,0.0,0.37084,8.325,25.425,16.015625,0.0,0.37084,1.0309e-08,0.061187,-0.016873,-14.866,111.52,-43.199,46.921,-19.785,-1605.8,-1198.4,-200.74,0.0,0.0,40.705,50.734,7.5356,0.0,-1603.99,0.174,20.0,-1601.45,0.1741,20.0,-1599.84,0.1741,20.0,-1573.71,0.1747,20.0,-1124.12,0.1891,20.0,-432.0,0.2403,20.0,-257.81,0.2747,20.0,-223.55,0.2941,20.0,-209.51,0.3405,20.0
603,2024-08-26,0.0,0.34798,4.275,26.775,15.271875,0.0,0.34798,-1.3733e-09,0.056422,-0.016723,-14.866,111.87,-43.199,46.978,-19.802,-1606.0,-1207.1,-201.61,0.0,0.0,40.629,50.734,7.5356,0.0,-1604.15,0.174,20.0,-1601.58,0.1741,20.0,-1599.92,0.1741,20.0,-1577.25,0.1746,20.0,-1148.91,0.1881,20.0,-439.36,0.2392,20.0,-260.56,0.274,20.0,-225.38,0.2935,20.0,-210.83,0.3402,20.0
604,2024-08-27,0.051,0.46228,8.55,30.075,19.6364583333333,0.0,0.46228,7.2171e-09,0.066065,-0.016566,-14.866,112.33,-43.199,47.045,-19.819,-1606.1,-1217.3,-202.52,0.0,0.0,40.551,50.734,7.5356,0.0,-1604.32,0.174,20.0,-1601.71,0.1741,20.0,-1600.0,0.1741,20.0,-1580.97,0.1745,20.0,-1179.14,0.1869,20.0,-447.84,0.238,20.0,-263.27,0.2733,20.0,-227.21,0.2929,20.0,-212.16,0.3399,20.0
605,2024-08-28,0.6089,0.26416,5.1,15.325,10.1364583333333,0.0,0.26416,2.2271e-10,0.042461,-0.016404,-14.866,112.59,-43.199,47.087,-19.835,-1606.3,-1224.2,-203.47,0.0,0.0,40.48,50.734,7.5356,0.0,-1604.48,0.174,20.0,-1601.84,0.1741,20.0,-1600.07,0.1741,20.0,-1583.04,0.1745,20.0,-1199.98,0.1859,20.0,-454.59,0.237,20.0,-265.94,0.2726,20.0,-229.02,0.2923,20.0,-213.49,0.3396,20.0
606,2024-08-29,0.0,0.39624,10.725,25.9,17.8052083333333,0.0,0.39624,-6.1426e-09,0.056346,-0.016236,-14.866,112.99,-43.199,47.144,-19.851,-1606.5,-1230.9,-204.45,0.0,0.0,40.414,50.734,7.5356,0.0,-1604.63,0.174,20.0,-1601.97,0.1741,20.0,-1600.14,0.1741,20.0,-1584.83,0.1744,20.0,-1219.04,0.1852,20.0,-461.4,0.2361,20.0,-268.57,0.272,20.0,-230.84,0.2917,20.0,-214.84,0.3393,20.0
607,2024-08-30,0.0,0.36576,6.0,32.925,18.628125,0.0,0.36576,3.0331e-09,0.051522,-0.016063,-14.866,113.36,-43.199,47.196,-19.867,-1606.6,-1238.6,-205.45,0.0,0.0,40.343,50.734,7.5356,0.0,-1604.78,0.174,20.0,-1602.09,0.1741,20.0,-1600.22,0.1741,20.0,-1586.77,0.1744,20.0,-1242.15,0.1844,20.0,-468.91,0.235,20.0,-271.16,0.2713,20.0,-232.65,0.2912,20.0,-216.19,0.339,20.0
608,2024-08-31,0.0,0.3048,7.325,29.525,18.9416666666667,0.0,0.3048,2.0367e-09,0.043883,-0.015886,-14.866,113.66,-43.199,47.24,-19.883,-1606.8,-1244.4,-206.48,0.0,0.0,40.279,50.734,7.5356,0.0,-1604.93,0.174,20.0,-1602.22,0.1741,20.0,-1600.29,0.1741,20.0,-1587.94,0.1744,20.0,-1258.92,0.1839,20.0,-475.47,0.234,20.0,-273.72,0.2706,20.0,-234.46,0.2906,20.0,-217.54,0.3386,20.0
609,2024-09-01,0.0,0.28956,6.725,31.1,18.19375,0.0,0.28956,5.0982e-09,0.054765,-0.015705,-14.866,113.95,-43.199,47.292,-19.899,-1606.9,-1169.6,-207.53,0.0,0.0,40.217,50.734,7.5356,0.0,-1605.08,0.174,20.0,-1602.34,0.1741,20.0,-1600.36,0.1741,20.0,-1588.62,0.1744,20.0,-1271.13,0.1835,20.0,-483.05,0.233,20.0,-276.24,0.27,20.0,-236.28,0.29,20.0,-218.9,0.3383,20.0
610,2024-09-02,0.0,0.30226,10.9,34.225,21.6229166666667,0.0,0.30226,4.0628e-09,0.055699,-0.015522,-14.866,114.25,-43.199,47.348,-19.915,-1607.1,-1176.4,-208.59,0.0,0.0,40.146,50.734,7.5356,0.0,-1605.22,0.174,20.0,-1602.46,0.1741,20.0,-1600.43,0.1741,20.0,-1589.18,0.1743,20.0,-1285.17,0.1831,20.0,-494.94,0.2316,20.0,-278.76,0.2693,20.0,-238.1,0.2894,20.0,-220.27,0.338,20.0
611,2024-09-03,0.194,0.29718,13.225,30.075,20.4197916666667,0.0,0.29718,7.7536e-09,0.053858,-0.015335,-14.866,114.55,-43.199,47.402,-19.93,-1607.2,-1183.3,-209.68,0.0,0.0,40.076,50.734,7.5356,0.0,-1605.36,0.174,20.0,-1602.58,0.1741,20.0,-1600.49,0.1741,20.0,-1589.77,0.1743,20.0,-1299.86,0.1827,20.0,-506.3,0.2303,20.0,-281.28,0.2687,20.0,-239.93,0.2888,20.0,-221.64,0.3377,20.0
612,2024-09-04,0.0,0.29464,10.35,26.075,17.84375,0.0,0.29464,-2.799e-09,0.052391,-0.015147,-14.866,114.84,-43.199,47.455,-19.945,-1607.3,-1190.0,-210.77,0.0,0.0,40.007,50.734,7.5356,0.0,-1605.5,0.174,20.0,-1602.69,0.1741,20.0,-1600.56,0.1741,20.0,-1590.32,0.1743,20.0,-1314.55,0.1822,20.0,-516.94,0.2292,20.0,-283.83,0.268,20.0,-241.77,0.2882,20.0,-223.01,0.3374,20.0
613,2024-09-05,0.0,0.28956,5.525,30.875,17.359375,0.0,0.28956,6.2786e-09,0.050607,-0.014956,-14.866,115.13,-43.199,47.506,-19.96,-1607.5,-1196.5,-211.88,0.0,0.0,39.941,50.734,7.5356,0.0,-1605.64,0.174,20.0,-1602.81,0.1741,20.0,-1600.62,0.1741,20.0,-1590.83,0.1743,20.0,-1328.49,0.1818,20.0,-526.76,0.2282,20.0,-286.4,0.2674,20.0,-243.63,0.2878,20.0,-224.39,0.3371,20.0
614,2024-09-06,0.0,0.30226,6.95,32.7,19.6354166666667,0.0,0.30226,5.1816e-09,0.051221,-0.014763,-14.866,115.44,-43.199,47.557,-19.975,-1607.6,-1203.3,-213.0,0.0,0.0,39.875,50.734,7.5356,0.0,-1605.77,0.174,20.0,-1602.92,0.1741,20.0,-1600.68,0.1741,20.0,-1591.38,0.1743,20.0,-1342.7,0.1814,20.0,-536.74,0.2271,20.0,-288.98,0.2667,20.0,-245.47,0.2873,20.0,-225.77,0.3368,20.0
615,2024-09-07,0.0,0.2921,6.925,33.175,20.640625,0.0,0.2921,-6.0924e-09,0.048737,-0.014569,-14.866,115.73,-43.199,47.606,-19.99,-1607.8,-1209.8,-214.13,0.0,0.0,39.81,50.734,7.5356,0.0,-1605.9,0.174,20.0,-1603.03,0.1741,20.0,-1600.75,0.1741,20.0,-1591.92,0.1743,20.0,-1356.48,0.181,20.0,-546.23,0.2261,20.0,-291.58,0.266,20.0,-247.31,0.2869,20.0,-227.16,0.3365,20.0
616,2024-09-08,0.0,0.28448,7.55,33.125,20.7697916666667,0.0,0.28448,2.9428e-09,0.046698,-0.014373,-14.866,116.01,-43.199,47.653,-20.004,-1607.9,-1215.8,-215.27,0.0,0.0,39.747,50.734,7.5356,0.0,-1606.03,0.174,20.0,-1603.14,0.174,20.0,-1600.81,0.1741,20.0,-1592.39,0.1743,20.0,-1369.13,0.1806,20.0,-555.09,0.2252,20.0,-294.19,0.2654,20.0,-249.14,0.2864,20.0,-228.55,0.3362,20.0
617,2024-09-09,0.0,0.39624,14.725,31.3,23.3583333333333,0.0,0.39624,2.4916e-09,0.058134,-0.014177,-14.866,116.41,-43.199,47.712,-20.018,-1608.0,-1224.0,-216.41,0.0,0.0,39.68,50.734,7.5356,0.0,-1606.15,0.174,20.0,-1603.25,0.174,20.0,-1600.88,0.1741,20.0,-1593.21,0.1743,20.0,-1386.47,0.1801,20.0,-567.22,0.2239,20.0,-296.8,0.2647,20.0,-250.96,0.286,20.0,-229.95,0.3358,20.0
618,2024-09-10,0.0,0.18288,4.85,19.9,13.4197916666667,0.0,0.18288,-4.0883e-09,0.03074,-0.013979,-14.866,116.59,-43.199,47.742,-20.032,-1608.1,-1228.7,-217.55,0.0,0.0,39.622,50.734,7.5356,0.0,-1606.28,0.174,20.0,-1603.35,0.174,20.0,-1600.95,0.1741,20.0,-1593.47,0.1743,20.0,-1395.24,0.1798,20.0,-574.12,0.2231,20.0,-299.45,0.264,20.0,-252.77,0.2855,20.0,-231.36,0.3355,20.0
619,2024-09-11,2.0309,0.1524,5.55,21.075,13.0770833333333,0.0,0.1524,4.9101e-09,0.0262,-0.013781,-14.866,116.74,-43.199,47.769,-20.046,-1608.3,-1229.1,-218.71,0.0,0.0,39.579,50.734,7.5356,0.0,-1606.4,0.174,20.0,-1603.46,0.174,20.0,-1601.01,0.1741,20.0,-1593.04,0.1743,20.0,-1393.9,0.1799,20.0,-576.19,0.2229,20.0,-302.09,0.2633,20.0,-254.57,0.2851,20.0,-232.78,0.3352,20.0
620,2024-09-12,0.2568,0.0635,9.4,13.65,10.9677083333333,0.0,0.0635,-1.0032e-09,0.011521,-0.013582,-14.866,116.81,-43.199,47.78,-20.06,-1608.4,-1225.9,-219.86,0.0,0.0,39.547,50.734,7.5356,0.0,-1606.52,0.174,20.0,-1603.56,0.174,20.0,-1601.07,0.1741,20.0,-1592.0,0.1743,20.0,-1383.21,0.1802,20.0,-575.13,0.223,20.0,-304.73,0.2626,20.0,-256.36,0.2847,20.0,-234.2,0.3349,20.0
621,2024-09-13,0.997,0.23876,8.175,19.775,12.7354166666667,0.0,0.23876,-1.4954e-09,0.039563,-0.013382,-14.866,117.05,-43.199,47.82,-20.073,-1608.5,-1226.1,-221.02,0.0,0.0,39.508,50.734,7.5356,0.0,-1606.64,0.174,20.0,-1603.66,0.174,20.0,-1601.12,0.1741,20.0,-1591.55,0.1743,20.0,-1380.17,0.1803,20.0,-578.44,0.2228,20.0,-307.36,0.2621,20.0,-258.14,0.2842,20.0,-235.63,0.3346,20.0
622,2024-09-14,0.0,0.35814,8.675,22.475,14.6447916666667,0.0,0.35814,2.7378e-09,0.052963,-0.013182,-14.866,117.4,-43.199,47.873,-20.087,-1608.6,-1232.9,-222.19,0.0,0.0,39.448,50.734,7.5356,0.0,-1606.75,0.174,20.0,-1603.76,0.174,20.0,-1601.17,0.1741,20.0,-1592.45,0.1743,20.0,-1393.4,0.1799,20.0,-589.5,0.2216,20.0,-309.9,0.2616,20.0,-259.9,0.2838,20.0,-237.07,0.3342,20.0
623,2024-09-15,0.0,0.17272,5.75,21.275,13.36875,0.0,0.17272,1.5264e-09,0.028794,-0.012981,-14.866,117.58,-43.199,47.902,-20.1,-1608.7,-1237.4,-223.35,0.0,0.0,39.394,50.734,7.5356,0.0,-1606.87,0.174,20.0,-1603.86,0.174,20.0,-1601.22,0.1741,20.0,-1592.86,0.1743,20.0,-1401.0,0.1796,20.0,-596.94,0.2207,20.0,-312.39,0.2611,20.0,-261.65,0.2834,20.0,-238.51,0.3339,20.0
624,2024-09-16,0.0017,0.19812,6.225,24.45,14.034375,0.0,0.19812,1.0079e-09,0.032261,-0.01278,-14.866,117.77,-43.199,47.934,-20.112,-1608.9,-1239.4,-224.52,0.0,0.0,39.35,50.734,7.5356,0.0,-1606.98,0.174,20.0,-1603.95,0.174,20.0,-1601.27,0.1741,20.0,-1592.79,0.1743,20.0,-1403.36,0.1796,20.0,-601.17,0.2203,20.0,-314.86,0.2606,20.0,-263.39,0.283,20.0,-239.96,0.3336,20.0
625,2024-09-17,0.0476,0.16764,7.4,23.85,14.7885416666667,0.0,0.16764,-2.2487e-10,0.027794,-0.012579,-14.866,117.94,-43.199,47.962,-20.125,-1609.0,-1241.1,-225.69,0.0,0.0,39.308,50.734,7.5356,0.0,-1607.09,0.174,20.0,-1604.04,0.174,20.0,-1601.33,0.1741,20.0,-1592.68,0.1743,20.0,-1404.73,0.1795,20.0,-604.91,0.2199,20.0,-317.27,0.2602,20.0,-265.1,0.2825,20.0,-241.42,0.3332,20.0
626,2024-09-18,0.0646,0.0889,11.975,17.0,13.821875,0.0,0.0889,3.9709e-09,0.015626,-0.012378,-14.866,118.03,-43.199,47.978,-20.137,-1609.1,-1239.8,-226.86,0.0,0.0,39.274,50.734,7.5356,0.0,-1607.2,0.174,20.0,-1604.13,0.174,20.0,-1601.38,0.1741,20.0,-1592.05,0.1743,20.0,-1399.26,0.1797,20.0,-605.44,0.2198,20.0,-319.64,0.2597,20.0,-266.81,0.2821,20.0,-242.89,0.333,20.0
627,2024-09-19,0.0221,0.24384,9.125,23.15,15.7333333333333,0.0,0.24384,3.4274e-09,0.038522,-0.012176,-14.866,118.28,-43.199,48.016,-20.15,-1609.2,-1241.3,-228.03,0.0,0.0,39.234,50.734,7.5356,0.0,-1607.31,0.174,20.0,-1604.22,0.174,20.0,-1601.42,0.1741,20.0,-1591.93,0.1743,20.0,-1400.1,0.1797,20.0,-609.91,0.2194,20.0,-321.96,0.2593,20.0,-268.5,0.2817,20.0,-244.35,0.3327,20.0
628,2024-09-20,0.0,0.34544,5.775,22.925,13.603125,0.0,0.34544,6.8942e-09,0.049026,-0.011974,-14.866,118.62,-43.199,48.066,-20.162,-1609.3,-1248.3,-229.21,0.0,0.0,39.178,50.734,7.5356,0.0,-1607.41,0.174,20.0,-1604.31,0.174,20.0,-1601.46,0.1741,20.0,-1592.86,0.1743,20.0,-1413.28,0.1793,20.0,-621.88,0.2184,20.0,-324.23,0.2588,20.0,-270.18,0.2813,20.0,-245.81,0.3325,20.0
629,2024-09-21,0.0,0.19558,-0.575,17.675,9.16666666666667,0.0,0.19558,6.3343e-09,0.03049,-0.011772,-14.866,118.82,-43.199,48.097,-20.174,-1609.4,-1253.6,-230.38,0.0,0.0,39.126,50.734,7.5356,0.0,-1607.51,0.174,20.0,-1604.4,0.174,20.0,-1601.51,0.1741,20.0,-1593.41,0.1743,20.0,-1422.39,0.179,20.0,-630.3,0.2177,20.0,-326.48,0.2584,20.0,-271.84,0.2809,20.0,-247.26,0.3322,20.0
630,2024-09-22,0.0,0.32258,3.6,24.525,13.996875,0.0,0.32258,-4.4048e-09,0.044511,-0.01157,-14.866,119.14,-43.199,48.142,-20.185,-1609.5,-1259.2,-231.55,0.0,0.0,39.077,50.734,7.5356,0.0,-1607.61,0.174,20.0,-1604.48,0.174,20.0,-1601.57,0.1741,20.0,-1593.94,0.1742,20.0,-1432.25,0.1787,20.0,-639.85,0.217,20.0,-328.7,0.2579,20.0,-273.49,0.2805,20.0,-248.7,0.332,20.0
631,2024-09-23,0.0,0.2667,11.325,25.3,17.1145833333333,0.0,0.2667,-2.5136e-10,0.037448,-0.011369,-14.866,119.41,-43.199,48.179,-20.197,-1609.6,-1265.2,-232.72,0.0,0.0,39.024,50.734,7.5356,0.0,-1607.71,0.174,20.0,-1604.56,0.174,20.0,-1601.63,0.1741,20.0,-1594.54,0.1742,20.0,-1442.96,0.1784,20.0,-649.81,0.2162,20.0,-330.92,0.2575,20.0,-275.13,0.2801,20.0,-250.14,0.3317,20.0
632,2024-09-24,0.0,0.44196,13.525,28.825,19.7354166666667,0.0,0.44196,-6.2788e-09,0.05153,-0.011167,-14.866,119.85,-43.199,48.231,-20.208,-1609.7,-1273.6,-233.9,0.0,0.0,38.968,50.734,7.5356,0.0,-1607.81,0.1739,20.0,-1604.65,0.174,20.0,-1601.69,0.1741,20.0,-1595.37,0.1742,20.0,-1457.61,0.178,20.0,-663.44,0.2152,20.0,-333.13,0.2571,20.0,-276.75,0.2797,20.0,-251.56,0.3315,20.0
633,2024-09-25,0.0,0.39624,11.85,31.525,21.0614583333333,0.0,0.39624,3.3077e-09,0.045895,-0.010964,-14.866,120.24,-43.199,48.278,-20.219,-1609.8,-1282.8,-235.07,0.0,0.0,38.907,50.734,7.5356,0.0,-1607.9,0.1739,20.0,-1604.73,0.174,20.0,-1601.75,0.1741,20.0,-1596.21,0.1742,20.0,-1473.23,0.1775,20.0,-678.43,0.214,20.0,-335.34,0.2567,20.0,-278.37,0.2793,20.0,-252.98,0.3312,20.0
634,2024-09-26,0.0,0.3175,10.275,22.3,16.628125,0.0,0.3175,1.9908e-09,0.037958,-0.010761,-14.866,120.56,-43.199,48.316,-20.23,-1609.9,-1289.7,-236.25,0.0,0.0,38.854,50.734,7.5356,0.0,-1608.0,0.1739,20.0,-1604.81,0.174,20.0,-1601.82,0.1741,20.0,-1596.71,0.1742,20.0,-1484.43,0.1772,20.0,-689.61,0.2131,20.0,-337.56,0.2562,20.0,-279.98,0.2789,20.0,-254.39,0.331,20.0
635,2024-09-27,0.0,0.40894,10.7,27.65,18.9416666666667,0.0,0.40894,6.1156e-09,0.04354,-0.010558,-14.866,120.97,-43.199,48.36,-20.24,-1610.0,-1296.8,-237.43,0.0,0.0,38.803,50.734,7.5356,0.0,-1608.09,0.1739,20.0,-1604.89,0.174,20.0,-1601.89,0.1741,20.0,-1597.17,0.1742,20.0,-1495.26,0.1769,20.0,-701.55,0.2122,20.0,-339.79,0.2558,20.0,-281.59,0.2785,20.0,-255.79,0.3307,20.0
636,2024-09-28,0.0,0.23368,2.175,27.9,15.0822916666667,0.0,0.23368,6.2373e-09,0.028232,-0.010353,-14.866,121.2,-43.199,48.388,-20.251,-1610.1,-1301.3,-238.62,0.0,0.0,38.756,50.734,7.5356,0.0,-1608.18,0.1739,20.0,-1604.97,0.174,20.0,-1601.97,0.1741,20.0,-1597.41,0.1742,20.0,-1502.01,0.1766,20.0,-709.09,0.2116,20.0,-342.04,0.2554,20.0,-283.19,0.2781,20.0,-257.19,0.3305,20.0
637,2024-09-29,0.0,0.3175,6.775,25.275,15.2927083333333,0.0,0.3175,1.7474e-10,0.035063,-0.010147,-14.866,121.52,-43.199,48.424,-20.261,-1610.2,-1305.1,-239.82,0.0,0.0,38.714,50.734,7.5356,0.0,-1608.27,0.1739,20.0,-1605.06,0.174,20.0,-1602.04,0.1741,20.0,-1597.57,0.1742,20.0,-1507.45,0.1765,20.0,-716.06,0.2111,20.0,-344.28,0.2549,20.0,-284.79,0.2778,20.0,-258.58,0.3303,20.0
638,2024-09-30,0.0,0.20828,-2.1,16.375,7.54375,0.0,0.20828,5.013e-09,0.024901,-0.0099358,-14.866,121.73,-43.199,48.449,-20.271,-1610.3,-1307.8,-241.05,0.0,0.0,38.674,50.734,7.5356,0.0,-1608.36,0.1739,20.0,-1605.14,0.174,20.0,-1602.12,0.1741,20.0,-1597.67,0.1742,20.0,-1510.89,0.1764,20.0,-720.72,0.2107,20.0,-346.51,0.2545,20.0,-286.39,0.2774,20.0,-259.96,0.33,20.0
639,2024-10-01,0.0,0.54102,5.775,23.475,15.7708333333333,0.54102,0.0,0.029338,0.0,-0.0097389,-14.325,121.73,-43.062,48.449,-20.281,-1000000.0,-755.28,-242.44,0.0,0.0,38.523,50.734,7.6725,0.0,-3261.99,0.15,20.0,-1622.63,0.1736,20.0,-1602.23,0.1741,20.0,-1597.03,0.1742,20.0,-1500.73,0.1767,20.0,-709.89,0.2115,20.0,-348.74,0.2541,20.0,-287.99,0.277,20.0,-261.34,0.3298,20.0
640,2024-10-02,0.0,0.19304,6.15,18.175,13.4833333333333,0.19304,0.0,0.017448,0.0,-0.0096288,-14.132,121.73,-43.041,48.449,-20.29,-1000000.0,-777.53,-243.94,0.0,0.0,38.493,50.734,7.6931,0.0,-3916.87,0.1447,20.0,-1674.44,0.1725,20.0,-1603.24,0.174,20.0,-1596.07,0.1742,20.0,-1485.88,0.1771,20.0,-698.56,0.2124,20.0,-350.93,0.2536,20.0,-289.59,0.2766,20.0,-262.72,0.3296,20.0
641,2024-10-03,0.0,0.17526,-2.05,16.775,8.00729166666667,0.17526,0.0,0.013781,0.0,-0.0095238,-13.956,121.73,-43.027,48.449,-20.3,-1000000.0,-791.81,-245.36,0.0,0.0,38.469,50.734,7.7076,0.0,-4388.19,0.1419,20.0,-1731.2,0.1713,20.0,-1606.96,0.174,20.0,-1594.87,0.1742,20.0,-1468.86,0.1776,20.0,-689.52,0.2131,20.0,-353.06,0.2532,20.0,-291.19,0.2762,20.0,-264.1,0.3293,20.0
642,2024-10-04,0.0,0.46228,-2.625,28.075,13.103125,0.46228,0.0,0.011478,0.0,-0.0094212,-13.494,121.73,-43.015,48.449,-20.309,-1000000.0,-802.92,-246.75,0.0,0.0,38.448,50.734,7.7195,0.0,-4706.7,0.1401,20.0,-1785.89,0.1701,20.0,-1613.33,0.1738,20.0,-1593.47,0.1743,20.0,-1450.2,0.1782,20.0,-681.81,0.2137,20.0,-355.11,0.2528,20.0,-292.8,0.2758,20.0,-265.48,0.3291,20.0
643,2024-10-05,0.0,0.254,4.625,18.825,10.7375,0.254,0.0,0.0099165,0.0,-0.0093204,-13.24,121.73,-43.005,48.449,-20.319,-1000000.0,-812.32,-248.12,0.0,0.0,38.428,50.734,7.7298,0.0,-4937.23,0.1388,20.0,-1837.3,0.169,20.0,-1621.91,0.1736,20.0,-1591.84,0.1743,20.0,-1430.08,0.1788,20.0,-674.93,0.2142,20.0,-357.08,0.2524,20.0,-294.4,0.2754,20.0,-266.86,0.3288,20.0
644,2024-10-06,0.0,0.22352,1.475,25.425,11.9041666666667,0.22352,0.0,0.0089785,0.0,-0.0092208,-13.017,121.73,-42.995,48.449,-20.328,-1000000.0,-820.83,-249.46,0.0,0.0,38.41,50.734,7.739,0.0,-5199.43,0.1376,20.0,-1886.52,0.168,20.0,-1632.13,0.1734,20.0,-1590.0,0.1743,20.0,-1408.82,0.1794,20.0,-668.82,0.2147,20.0,-358.99,0.2521,20.0,-296.0,0.275,20.0,-268.24,0.3286,20.0
645,2024-10-07,0.0,0.33528,7.975,26.675,15.8854166666667,0.33528,0.0,0.0080996,0.0,-0.0091223,-12.681,121.73,-42.987,48.449,-20.337,-1000000.0,-827.45,-250.8,0.0,0.0,38.392,50.734,7.7473,0.0,-5443.13,0.1366,20.0,-1930.67,0.167,20.0,-1643.42,0.1732,20.0,-1587.93,0.1744,20.0,-1386.71,0.1801,20.0,-663.47,0.2151,20.0,-360.84,0.2517,20.0,-297.6,0.2746,20.0,-269.61,0.3284,20.0
646,2024-10-08,0.0,0.35306,5.6,28.1,16.5020833333333,0.35306,0.0,0.0074996,0.0,-0.0090248,-12.328,121.73,-42.979,48.449,-20.346,-1000000.0,-833.39,-252.12,0.0,0.0,38.376,50.734,7.7549,0.0,-5636.52,0.1358,20.0,-1972.82,0.1662,20.0,-1655.31,0.1729,20.0,-1585.65,0.1744,20.0,-1364.11,0.1807,20.0,-658.57,0.2155,20.0,-362.61,0.2514,20.0,-299.2,0.2743,20.0,-270.98,0.3281,20.0
647,2024-10-09,0.0,0.2794,8.575,27.2,16.3239583333333,0.2794,0.0,0.0070155,0.0,-0.0089283,-12.049,121.73,-42.972,48.449,-20.355,-1000000.0,-838.82,-253.42,0.0,0.0,38.359,50.734,7.7621,0.0,-5795.02,0.1351,20.0,-2017.42,0.1655,20.0,-1667.53,0.1727,20.0,-1583.13,0.1745,20.0,-1341.17,0.1814,20.0,-653.99,0.2159,20.0,-364.33,0.251,20.0,-300.79,0.2739,20.0,-272.35,0.3279,20.0
648,2024-10-10,0.0,0.17526,8.0,18.325,13.0291666666667,0.17526,0.0,0.0065972,0.0,-0.0088326,-11.874,121.73,-42.966,48.449,-20.364,-1000000.0,-843.71,-254.72,0.0,0.0,38.344,50.734,7.7688,0.0,-5929.24,0.1346,20.0,-2057.96,0.1649,20.0,-1679.92,0.1724,20.0,-1580.38,0.1745,20.0,-1318.38,0.1821,20.0,-649.81,0.2162,20.0,-366.01,0.2507,20.0,-302.38,0.2735,20.0,-273.71,0.3277,20.0
649,2024-10-11,0.0,0.12954,-1.275,19.0,8.52083333333333,0.12954,0.0,0.006233,0.0,-0.0087376,-11.744,121.73,-42.959,48.449,-20.373,-1000000.0,-848.15,-256.01,0.0,0.0,38.329,50.734,7.7751,0.0,-6045.63,0.1341,20.0,-2095.48,0.1643,20.0,-1692.33,0.1721,20.0,-1577.37,0.1746,20.0,-1295.53,0.1828,20.0,-646.01,0.2165,20.0,-367.63,0.2504,20.0,-303.97,0.2731,20.0,-275.06,0.3274,20.0
650,2024-10-12,0.0,0.14732,-1.5,19.0,8.23958333333333,0.14732,0.0,0.0059098,0.0,-0.0086434,-11.597,121.73,-42.953,48.449,-20.381,-1000000.0,-852.29,-257.28,0.0,0.0,38.314,50.734,7.7811,0.0,-6148.48,0.1337,20.0,-2130.55,0.1637,20.0,-1704.62,0.1719,20.0,-1574.1,0.1747,20.0,-1273.33,0.1834,20.0,-642.47,0.2168,20.0,-369.2,0.2501,20.0,-305.55,0.2727,20.0,-276.41,0.3272,20.0
651,2024-10-13,0.0,0.15494,-2.575,20.775,7.70520833333333,0.15494,0.0,0.0056183,0.0,-0.0085499,-11.442,121.73,-42.948,48.449,-20.39,-1000000.0,-856.18,-258.55,0.0,0.0,38.3,50.734,7.7868,0.0,-6240.7,0.1333,20.0,-2163.29,0.1632,20.0,-1716.8,0.1716,20.0,-1570.49,0.1747,20.0,-1251.25,0.1841,20.0,-639.15,0.217,20.0,-370.74,0.2498,20.0,-307.12,0.2724,20.0,-277.74,0.327,20.0
652,2024-10-14,0.0,0.3048,3.325,28.675,15.5416666666667,0.3048,0.0,0.0053974,0.0,-0.0084571,-11.137,121.73,-42.942,48.449,-20.398,-1000000.0,-859.86,-259.81,0.0,0.0,38.286,50.734,7.7922,0.0,-6347.29,0.1329,20.0,-2193.01,0.1628,20.0,-1728.81,0.1714,20.0,-1566.55,0.1748,20.0,-1229.88,0.1848,20.0,-636.05,0.2173,20.0,-372.25,0.2495,20.0,-308.67,0.2721,20.0,-279.07,0.3267,20.0
653,2024-10-15,0.0,0.23368,9.2,25.3,16.5291666666667,0.23368,0.0,0.0051945,0.0,-0.0083651,-10.903,121.73,-42.937,48.449,-20.407,-1000000.0,-863.09,-261.05,0.0,0.0,38.272,50.734,7.7974,0.0,-6467.82,0.1325,20.0,-2220.11,0.1624,20.0,-1740.57,0.1711,20.0,-1562.22,0.1749,20.0,-1210.4,0.1856,20.0,-633.22,0.2175,20.0,-373.72,0.2492,20.0,-310.2,0.2719,20.0,-280.4,0.3265,20.0
654,2024-10-16,0.0017,0.25908,3.275,23.65,13.340625,0.25908,0.0,0.0050263,0.0,-0.0082735,-10.644,121.73,-42.932,48.449,-20.415,-1000000.0,-866.19,-262.29,0.0,0.0,38.259,50.734,7.8025,0.0,-6588.58,0.1322,20.0,-2247.66,0.1619,20.0,-1751.98,0.1709,20.0,-1557.27,0.175,20.0,-1190.76,0.1864,20.0,-630.55,0.2177,20.0,-375.14,0.249,20.0,-311.7,0.2716,20.0,-281.71,0.3263,20.0
655,2024-10-17,0.0,0.13716,0.35,11.075,6.71666666666667,0.13716,0.0,0.0048658,0.0,-0.0081828,-10.507,121.73,-42.927,48.449,-20.423,-1000000.0,-869.27,-263.52,0.0,0.0,38.246,50.734,7.8074,0.0,-6707.93,0.1318,20.0,-2274.47,0.1615,20.0,-1763.05,0.1706,20.0,-1552.21,0.1752,20.0,-1172.23,0.1871,20.0,-628.01,0.2179,20.0,-376.57,0.2487,20.0,-313.18,0.2713,20.0,-283.02,0.3261,20.0
656,2024-10-18,0.0,0.25654,-2.55,12.1,4.97708333333333,0.25654,0.0,0.0047093,0.0,-0.0080928,-10.251,121.73,-42.922,48.449,-20.431,-1000000.0,-872.33,-264.74,0.0,0.0,38.233,50.734,7.8122,0.0,-6821.9,0.1315,20.0,-2300.08,0.1611,20.0,-1773.93,0.1704,20.0,-1546.46,0.1753,20.0,-1155.01,0.1878,20.0,-625.59,0.2181,20.0,-377.96,0.2484,20.0,-314.65,0.2711,20.0,-284.32,0.3258,20.0
657,2024-10-19,0.0,0.48768,9.4,21.075,13.7479166666667,0.48768,0.0,0.0045693,0.0,-0.0080032,-9.7629,121.73,-42.918,48.449,-20.439,-1000000.0,-875.23,-265.95,0.0,0.0,38.22,50.734,7.8168,0.0,-6921.26,0.1312,20.0,-2324.37,0.1607,20.0,-1784.58,0.1702,20.0,-1540.0,0.1755,20.0,-1138.33,0.1885,20.0,-623.33,0.2182,20.0,-379.32,0.2481,20.0,-316.09,0.2708,20.0,-285.61,0.3256,20.0
658,2024-10-20,0.0,0.4064,12.475,22.075,16.8104166666667,0.4064,0.0,0.0044432,0.0,-0.0079145,-9.3565,121.73,-42.913,48.449,-20.447,-1000000.0,-877.93,-267.15,0.0,0.0,38.208,50.734,7.8212,0.0,-7010.0,0.1309,20.0,-2347.46,0.1604,20.0,-1794.91,0.1699,20.0,-1532.91,0.1757,20.0,-1122.48,0.1892,20.0,-621.21,0.2184,20.0,-380.65,0.2479,20.0,-317.51,0.2705,20.0,-286.89,0.3254,20.0
659,2024-10-21,0.0204,0.20066,0.875,17.675,11.209375,0.20066,0.0,0.0043274,0.0,-0.0078263,-9.1559,121.73,-42.909,48.449,-20.455,-1000000.0,-880.5,-268.35,0.0,0.0,38.196,50.734,7.8256,0.0,-7091.81,0.1307,20.0,-2369.55,0.16,20.0,-1804.85,0.1697,20.0,-1525.55,0.176,20.0,-1107.59,0.1898,20.0,-619.22,0.2186,20.0,-381.99,0.2476,20.0,-318.91,0.2703,20.0,-288.17,0.3252,20.0
660,2024-10-22,0.0017,0.17272,-1.375,13.4,4.90729166666667,0.17272,0.0,0.0042204,0.0,-0.0077389,-8.9831,121.73,-42.905,48.449,-20.463,-1000000.0,-882.95,-269.53,0.0,0.0,38.184,50.734,7.8298,0.0,-7167.56,0.1304,20.0,-2391.34,0.1597,20.0,-1814.38,0.1695,20.0,-1517.71,0.1762,20.0,-1093.28,0.1904,20.0,-617.33,0.2187,20.0,-383.3,0.2474,20.0,-320.29,0.27,20.0,-289.45,0.325,20.0
661,2024-10-23,0.0,0.254,-1.7,14.275,6.2875,0.254,0.0,0.0041215,0.0,-0.0076519,-8.7291,121.73,-42.9,48.449,-20.471,-1000000.0,-885.26,-270.71,0.0,0.0,38.172,50.734,7.834,0.0,-7237.42,0.1302,20.0,-2412.87,0.1594,20.0,-1823.56,0.1693,20.0,-1509.38,0.1764,20.0,-1079.58,0.1909,20.0,-615.53,0.2188,20.0,-384.57,0.2471,20.0,-321.66,0.2698,20.0,-290.71,0.3247,20.0
662,2024-10-24,0.0,0.1651,-1.725,11.375,4.2625,0.1651,0.0,0.0040298,0.0,-0.0075656,-8.564,121.73,-42.896,48.449,-20.478,-1000000.0,-887.45,-271.88,0.0,0.0,38.16,50.734,7.838,0.0,-7302.12,0.13,20.0,-2434.02,0.159,20.0,-1832.62,0.1691,20.0,-1500.62,0.1767,20.0,-1066.54,0.1915,20.0,-613.82,0.219,20.0,-385.85,0.2469,20.0,-323.01,0.2695,20.0,-291.97,0.3245,20.0
663,2024-10-25,0.0,0.10668,-5.4,9.95,2.27291666666667,0.10668,0.0,0.0039443,0.0,-0.0074801,-8.4574,121.73,-42.892,48.449,-20.486,-1000000.0,-889.54,-273.04,0.0,0.0,38.149,50.734,7.842,0.0,-7362.5,0.1298,20.0,-2454.58,0.1587,20.0,-1841.42,0.1689,20.0,-1491.48,0.177,20.0,-1054.2,0.192,20.0,-612.31,0.2191,20.0,-387.1,0.2467,20.0,-324.33,0.2693,20.0,-293.23,0.3243,20.0
664,2024-10-26,0.0,0.27686,-2.675,19.975,9.38229166666667,0.27686,0.0,0.003864,0.0,-0.007395,-8.1805,121.73,-42.888,48.449,-20.493,-1000000.0,-891.53,-274.19,0.0,0.0,38.138,50.734,7.8459,0.0,-7419.35,0.1297,20.0,-2474.43,0.1584,20.0,-1849.82,0.1688,20.0,-1482.14,0.1772,20.0,-1042.29,0.1924,20.0,-610.85,0.2193,20.0,-388.33,0.2465,20.0,-325.64,0.2691,20.0,-294.47,0.3241,20.0
665,2024-10-27,0.0,0.32766,3.925,21.775,11.284375,0.32766,0.0,0.0037879,0.0,-0.0073106,-7.8528,121.73,-42.885,48.449,-20.5,-1000000.0,-893.47,-275.33,0.0,0.0,38.126,50.734,7.8497,0.0,-7473.28,0.1295,20.0,-2496.94,0.1582,20.0,-1857.79,0.1686,20.0,-1472.62,0.1775,20.0,-1030.86,0.1929,20.0,-609.45,0.2194,20.0,-389.52,0.2464,20.0,-326.93,0.2688,20.0,-295.71,0.3239,20.0
666,2024-10-28,0.0,0.21336,-3.725,12.75,5.74479166666667,0.21336,0.0,0.0037153,0.0,-0.0072267,-7.6395,121.73,-42.881,48.449,-20.508,-1000000.0,-895.33,-276.46,0.0,0.0,38.115,50.734,7.8534,0.0,-7524.75,0.1294,20.0,-2517.72,0.1579,20.0,-1865.34,0.1684,20.0,-1462.89,0.1778,20.0,-1019.91,0.1934,20.0,-608.11,0.2196,20.0,-390.72,0.2462,20.0,-328.2,0.2686,20.0,-296.95,0.3237,20.0
667,2024-10-29,0.0,0.08128,-7.775,9.6,0.632291666666667,0.08128,0.0,0.0036458,0.0,-0.0071435,-7.5582,121.73,-42.877,48.449,-20.515,-1000000.0,-897.12,-277.59,0.0,0.0,38.105,50.734,7.8571,0.0,-7574.03,0.1292,20.0,-2537.16,0.1577,20.0,-1872.47,0.1683,20.0,-1452.99,0.1781,20.0,-1009.6,0.1938,20.0,-606.83,0.2197,20.0,-391.89,0.246,20.0,-329.46,0.2684,20.0,-298.17,0.3234,20.0
668,2024-10-30,0.0,0.17526,-5.625,9.95,1.42916666666667,0.17526,0.0,0.0035791,0.0,-0.0070609,-7.3829,121.73,-42.874,48.449,-20.522,-1000000.0,-898.86,-278.71,0.0,0.0,38.094,50.734,7.8607,0.0,-7621.25,0.1291,20.0,-2555.6,0.1575,20.0,-1879.18,0.1681,20.0,-1442.95,0.1784,20.0,-999.57,0.1942,20.0,-605.62,0.2198,20.0,-393.03,0.2459,20.0,-330.7,0.2681,20.0,-299.4,0.3232,20.0
669,2024-10-31,0.0,0.14732,-3.35,8.6,1.44270833333333,0.14732,0.0,0.0035149,0.0,-0.0069791,-7.2356,121.73,-42.87,48.449,-20.529,-1000000.0,-900.52,-279.82,0.0,0.0,38.083,50.734,7.8642,0.0,-7666.5,0.1289,20.0,-2573.17,0.1573,20.0,-1885.55,0.168,20.0,-1432.82,0.1787,20.0,-989.9,0.1946,20.0,-604.47,0.22,20.0,-394.16,0.2457,20.0,-331.92,0.2679,20.0,-300.61,0.323,20.0
670,2024-11-01,0.0,0.17018,-3.825,9.1,2.42291666666667,0.17018,0.0,0.0034531,0.0,-0.0068975,-7.0654,121.73,-42.867,48.449,-20.536,-1000000.0,-902.14,-280.92,0.0,0.0,38.073,50.734,7.8677,0.0,-7709.89,0.1288,20.0,-2589.96,0.1571,20.0,-1891.98,0.1679,20.0,-1422.66,0.179,20.0,-980.61,0.195,20.0,-603.38,0.2201,20.0,-395.28,0.2455,20.0,-333.13,0.2677,20.0,-301.83,0.3228,20.0
671,2024-11-02,0.0,0.21082,1.775,11.425,6.10416666666667,0.21082,0.0,0.0033937,0.0,-0.0068167,-6.8546,121.73,-42.863,48.449,-20.543,-1000000.0,-903.7,-282.02,0.0,0.0,38.063,50.734,7.8711,0.0,-7751.48,0.1287,20.0,-2606.01,0.1569,20.0,-1898.0,0.1677,20.0,-1412.53,0.1793,20.0,-972.24,0.1954,20.0,-602.35,0.2202,20.0,-396.38,0.2454,20.0,-334.32,0.2675,20.0,-303.04,0.3226,20.0
672,2024-11-03,0.0,0.1016,-2.075,8.975,2.288,0.1016,0.0,0.0033366,0.0,-0.0067365,-6.753,121.73,-42.86,48.449,-20.549,-1000000.0,-905.22,-283.1,0.0,0.0,38.053,50.734,7.8745,0.0,-7791.37,0.1286,20.0,-2621.33,0.1568,20.0,-1903.51,0.1676,20.0,-1402.46,0.1796,20.0,-964.1,0.1958,20.0,-601.36,0.2203,20.0,-397.45,0.2452,20.0,-335.5,0.2673,20.0,-304.24,0.3224,20.0
673,2024-11-04,0.0,0.21844,-3.15,7.625,2.86875,0.21844,0.0,0.0032815,0.0,-0.0066569,-6.5346,121.73,-42.857,48.449,-20.556,-1000000.0,-906.66,-284.18,0.0,0.0,38.043,50.734,7.8777,0.0,-7829.64,0.1284,20.0,-2635.93,0.1566,20.0,-1908.49,0.1675,20.0,-1392.42,0.1799,20.0,-956.2,0.1963,20.0,-600.42,0.2204,20.0,-398.52,0.2451,20.0,-336.67,0.267,20.0,-305.45,0.3222,20.0
674,2024-11-05,0.1666,0.07874,-2.95,3.575,0.690625,0.07874,0.0,0.0032285,0.0,-0.0065776,-6.4558,121.73,-42.853,48.449,-20.563,-1000000.0,-908.04,-285.25,0.0,0.0,38.033,50.734,7.881,0.0,-7866.37,0.1283,20.0,-2649.8,0.1564,20.0,-1912.94,0.1674,20.0,-1382.39,0.1802,20.0,-948.57,0.1967,20.0,-599.52,0.2205,20.0,-399.57,0.2449,20.0,-337.82,0.2668,20.0,-306.65,0.322,20.0
675,2024-11-06,0.0357,0.1524,-8.175,8.25,-0.05625,0.1524,0.0,0.0031774,0.0,-0.0064992,-6.3034,121.73,-42.85,48.449,-20.569,-1000000.0,-909.37,-286.32,0.0,0.0,38.023,50.734,7.8842,0.0,-7901.62,0.1282,20.0,-2662.96,0.1563,20.0,-1916.87,0.1673,20.0,-1372.41,0.1805,20.0,-941.24,0.1971,20.0,-598.68,0.2206,20.0,-400.61,0.2448,20.0,-338.96,0.2666,20.0,-307.85,0.3219,20.0
676,2024-11-07,0.0,0.28702,1.9,13.625,6.85,0.28702,0.0,0.0031317,0.0,-0.0064211,-6.0164,121.73,-42.847,48.449,-20.576,-1000000.0,-910.65,-287.37,0.0,0.0,38.014,50.734,7.8873,0.0,-7940.51,0.1281,20.0,-2675.42,0.1562,20.0,-1920.27,0.1672,20.0,-1362.55,0.1808,20.0,-934.66,0.1975,20.0,-597.94,0.2207,20.0,-401.63,0.2446,20.0,-340.09,0.2664,20.0,-309.02,0.3217,20.0
677,2024-11-08,0.0,0.25146,2.375,17.8,9.1375,0.25146,0.0,0.0030927,0.0,-0.0063435,-5.765,121.73,-42.844,48.449,-20.582,-1000000.0,-911.82,-288.42,0.0,0.0,38.004,50.734,7.8904,0.0,-7988.71,0.128,20.0,-2687.19,0.156,20.0,-1923.14,0.1672,20.0,-1352.78,0.1811,20.0,-928.36,0.1979,20.0,-597.23,0.2207,20.0,-402.64,0.2445,20.0,-341.21,0.2662,20.0,-310.19,0.3216,20.0
678,2024-11-09,0.0,0.11176,2.375,16.425,7.759375,0.11176,0.0,0.0030593,0.0,-0.0062665,-5.6532,121.73,-42.841,48.449,-20.588,-1000000.0,-912.89,-289.47,0.0,0.0,37.995,50.734,7.8935,0.0,-8037.73,0.1279,20.0,-2698.29,0.1559,20.0,-1925.5,0.1671,20.0,-1343.1,0.1814,20.0,-922.24,0.1982,20.0,-596.54,0.2208,20.0,-403.63,0.2443,20.0,-342.32,0.266,20.0,-311.35,0.3214,20.0
679,2024-11-10,0.0,0.10414,1.475,11.075,6.82291666666667,0.10414,0.0,0.0030278,0.0,-0.0061899,-5.5491,121.73,-42.838,48.449,-20.595,-1000000.0,-913.9,-290.5,0.0,0.0,37.985,50.734,7.8965,0.0,-8086.95,0.1278,20.0,-2708.74,0.1558,20.0,-1927.35,0.1671,20.0,-1333.53,0.1817,20.0,-916.32,0.1985,20.0,-595.89,0.2209,20.0,-404.61,0.2442,20.0,-343.41,0.2658,20.0,-312.49,0.3213,20.0
680,2024-11-11,0.0,0.18542,-0.1,15.325,7.02083333333333,0.18542,0.0,0.0029969,0.0,-0.0061139,-5.3636,121.73,-42.835,48.449,-20.601,-1000000.0,-914.9,-291.53,0.0,0.0,37.976,50.734,7.8995,0.0,-8136.18,0.1277,20.0,-2718.56,0.1557,20.0,-1928.7,0.1671,20.0,-1324.2,0.1819,20.0,-910.59,0.1989,20.0,-595.27,0.2209,20.0,-405.58,0.2441,20.0,-344.49,0.2656,20.0,-313.62,0.3211,20.0
681,2024-11-12,0.0,0.18288,1.1,10.675,5.13958333333333,0.18288,0.0,0.0029664,0.0,-0.0060383,-5.1808,121.73,-42.832,48.449,-20.607,-1000000.0,-915.89,-292.56,0.0,0.0,37.967,50.734,7.9025,0.0,-8185.21,0.1276,20.0,-2727.76,0.1556,20.0,-1929.54,0.1671,20.0,-1315.02,0.1822,20.0,-905.26,0.1992,20.0,-594.68,0.221,20.0,-406.55,0.2439,20.0,-345.57,0.2654,20.0,-314.74,0.321,20.0
682,2024-11-13,0.0,0.2794,0.1,11.425,5.85625,0.2794,0.0,0.0029361,0.0,-0.0059631,-4.9014,121.73,-42.829,48.449,-20.613,-1000000.0,-916.86,-293.58,0.0,0.0,37.958,50.734,7.9055,0.0,-8233.88,0.1275,20.0,-2736.4,0.1555,20.0,-1929.9,0.167,20.0,-1305.9,0.1825,20.0,-900.22,0.1994,20.0,-594.12,0.2211,20.0,-407.49,0.2438,20.0,-346.63,0.2652,20.0,-315.86,0.3209,20.0
683,2024-11-14,0.0,0.2413,-1.7,11.575,5.62083333333333,0.2413,0.0,0.0029062,0.0,-0.0058881,-4.6601,121.73,-42.826,48.449,-20.619,-1000000.0,-917.81,-294.59,0.0,0.0,37.95,50.734,7.9084,0.0,-8282.02,0.1274,20.0,-2744.4,0.1554,20.0,-1929.78,0.167,20.0,-1296.86,0.1827,20.0,-895.35,0.1997,20.0,-593.59,0.2211,20.0,-408.43,0.2437,20.0,-347.69,0.265,20.0,-316.96,0.3207,20.0
684,2024-11-15,0.0,0.06858,-6.025,8.2,0.633333333333333,0.06858,0.0,0.0028766,0.0,-0.0058136,-4.5915,121.73,-42.823,48.449,-20.624,-1000000.0,-918.72,-295.6,0.0,0.0,37.941,50.734,7.9112,0.0,-8329.45,0.1273,20.0,-2751.63,0.1553,20.0,-1929.23,0.1671,20.0,-1287.93,0.183,20.0,-890.63,0.2,20.0,-593.1,0.2212,20.0,-409.36,0.2435,20.0,-348.73,0.2648,20.0,-318.05,0.3206,20.0
685,2024-11-16,0.0,0.14986,-12.75,7.6,-1.82604166666667,0.14986,0.0,0.0028474,0.0,-0.0057395,-4.4416,121.73,-42.82,48.449,-20.63,-1000000.0,-919.61,-296.6,0.0,0.0,37.932,50.734,7.9141,0.0,-8376.01,0.1272,20.0,-2758.38,0.1552,20.0,-1928.24,0.1671,20.0,-1279.28,0.1833,20.0,-886.05,0.2002,20.0,-592.63,0.2212,20.0,-410.28,0.2434,20.0,-349.76,0.2646,20.0,-319.13,0.3204,20.0
686,2024-11-17,0.0,0.3175,2.725,9.775,5.85416666666667,0.3175,0.0,0.0028188,0.0,-0.0056657,-4.1241,121.73,-42.817,48.449,-20.636,-1000000.0,-920.49,-297.6,0.0,0.0,37.924,50.734,7.9169,0.0,-8421.46,0.1271,20.0,-2765.04,0.1552,20.0,-1926.84,0.1671,20.0,-1270.81,0.1835,20.0,-881.61,0.2005,20.0,-592.19,0.2213,20.0,-411.19,0.2433,20.0,-350.79,0.2645,20.0,-320.2,0.3203,20.0
687,2024-11-18,0.0,0.13462,-10.125,4.45,0.1625,0.13462,0.0,0.0027909,0.0,-0.0055919,-3.9895,121.73,-42.815,48.449,-20.642,-1000000.0,-921.33,-298.6,0.0,0.0,37.915,50.734,7.9197,0.0,-8465.52,0.127,20.0,-2771.24,0.1551,20.0,-1925.05,0.1671,20.0,-1262.39,0.1838,20.0,-877.43,0.2007,20.0,-591.77,0.2213,20.0,-412.08,0.2431,20.0,-351.81,0.2643,20.0,-321.27,0.3202,20.0
688,2024-11-19,0.0,0.04064,-13.8,3.675,-5.725,0.04064,0.0,0.0027639,0.0,-0.0055184,-3.9489,121.73,-42.812,48.449,-20.647,-1000000.0,-922.13,-299.6,0.0,0.0,37.907,50.734,7.9225,0.0,-8507.9,0.1269,20.0,-2776.84,0.155,20.0,-1922.87,0.1672,20.0,-1254.08,0.184,20.0,-873.45,0.201,20.0,-591.37,0.2213,20.0,-412.98,0.243,20.0,-352.82,0.2641,20.0,-322.32,0.32,20.0
689,2024-11-20,0.0,0.03048,-14.175,-3.125,-9.021875,0.03048,0.0,0.0027383,0.0,-0.0054447,-3.9184,121.73,-42.809,48.449,-20.653,-1000000.0,-922.86,-300.59,0.0,0.0,37.899,50.734,7.9252,0.0,-8546.41,0.1268,20.0,-2781.83,0.155,20.0,-1920.3,0.1672,20.0,-1245.93,0.1843,20.0,-869.62,0.2012,20.0,-591.0,0.2214,20.0,-413.86,0.2429,20.0,-353.82,0.2639,20.0,-323.37,0.3199,20.0
690,2024-11-21,0.0,0.04064,-10.3,0.7,-5.24479166666667,0.04064,0.0,0.0027152,0.0,-0.0053711,-3.8777,121.73,-42.806,48.449,-20.658,-1000000.0,-923.51,-301.59,0.0,0.0,37.891,50.734,7.928,0.0,-8580.24,0.1267,20.0,-2786.27,0.1549,20.0,-1917.36,0.1673,20.0,-1237.92,0.1845,20.0,-865.91,0.2014,20.0,-590.65,0.2214,20.0,-414.73,0.2428,20.0,-354.81,0.2637,20.0,-324.41,0.3198,20.0
691,2024-11-22,0.0,0.0127,-11.55,-6.6,-8.44895833333333,0.0127,0.0,0.0026944,0.0,-0.005297,-3.865,121.73,-42.804,48.449,-20.663,-1000000.0,-924.07,-302.59,0.0,0.0,37.883,50.734,7.9307,0.0,-8610.41,0.1267,20.0,-2790.17,0.1549,20.0,-1914.06,0.1674,20.0,-1230.45,0.1847,20.0,-862.3,0.2016,20.0,-590.33,0.2215,20.0,-415.6,0.2426,20.0,-355.8,0.2635,20.0,-325.44,0.3196,20.0
692,2024-11-23,0.0,0.02032,-12.325,-5.45,-8.29583333333333,0.02032,0.0,0.0026756,0.0,-0.0052223,-3.8447,121.73,-42.801,48.449,-20.668,-1000000.0,-924.55,-303.61,0.0,0.0,37.875,50.734,7.9333,0.0,-8637.69,0.1266,20.0,-2793.54,0.1548,20.0,-1910.41,0.1675,20.0,-1223.33,0.185,20.0,-858.79,0.2018,20.0,-590.03,0.2215,20.0,-416.46,0.2425,20.0,-356.78,0.2634,20.0,-326.46,0.3195,20.0
693,2024-11-24,0.0,0.01778,-17.625,-8.025,-11.8416666666667,0.01778,0.0,0.0026586,0.0,-0.0051456,-3.8269,121.73,-42.798,48.449,-20.674,-1000000.0,-924.96,-304.65,0.0,0.0,37.867,50.734,7.936,0.0,-8662.6,0.1266,20.0,-2796.39,0.1548,20.0,-1906.43,0.1675,20.0,-1216.17,0.1853,20.0,-855.42,0.202,20.0,-589.75,0.2215,20.0,-417.31,0.2424,20.0,-357.75,0.2632,20.0,-327.48,0.3194,20.0
694,2024-11-25,0.0,0.01778,-16.125,-6.975,-12.503125,0.01778,0.0,0.002643,0.0,-0.005078,-3.8092,121.73,-42.796,48.449,-20.679,-1000000.0,-925.31,-305.84,0.0,0.0,37.859,50.734,7.9387,0.0,-8685.45,0.1265,20.0,-2798.7,0.1548,20.0,-1902.14,0.1676,20.0,-1209.09,0.1856,20.0,-852.2,0.2022,20.0,-589.49,0.2215,20.0,-418.15,0.2423,20.0,-358.72,0.263,20.0,-328.49,0.3192,20.0
695,2024-11-26,0.2805,0.0762,-15.125,6.225,-2.65625,0.0762,0.0,0.0026287,0.0,-0.0050381,-3.733,121.73,-42.793,48.449,-20.684,-1000000.0,-925.61,-307.11,0.0,0.0,37.851,50.734,7.9413,0.0,-8706.47,0.1265,20.0,-2800.48,0.1548,20.0,-1897.57,0.1677,20.0,-1202.13,0.1859,20.0,-849.11,0.2023,20.0,-589.25,0.2216,20.0,-418.99,0.2421,20.0,-359.68,0.2628,20.0,-329.5,0.3191,20.0
696,2024-11-27,0.0,0.02286,-13.4,-3.525,-6.928125,0.02286,0.0,0.0026156,0.0,-0.0050008,-3.7101,121.73,-42.79,48.449,-20.689,-1000000.0,-925.85,-308.31,0.0,0.0,37.844,50.734,7.9439,0.0,-8725.8,0.1264,20.0,-2801.73,0.1547,20.0,-1892.75,0.1678,20.0,-1195.32,0.1862,20.0,-846.13,0.2025,20.0,-589.04,0.2216,20.0,-419.82,0.242,20.0,-360.64,0.2627,20.0,-330.5,0.319,20.0
697,2024-11-28,0.0119,0.04064,-13.2,3.8,-6.37708333333333,0.04064,0.0,0.0026036,0.0,-0.0049647,-3.6695,121.73,-42.788,48.449,-20.694,-1000000.0,-926.04,-309.48,0.0,0.0,37.836,50.734,7.9465,0.0,-8743.52,0.1264,20.0,-2802.45,0.1547,20.0,-1887.69,0.1679,20.0,-1188.65,0.1865,20.0,-843.25,0.2027,20.0,-588.85,0.2216,20.0,-420.64,0.2419,20.0,-361.58,0.2625,20.0,-331.5,0.3188,20.0
698,2024-11-29,0.0,0.01778,-15.55,-7.675,-11.6479166666667,0.01778,0.0,0.0025926,0.0,-0.0049295,-3.6517,121.73,-42.785,48.449,-20.699,-1000000.0,-926.17,-310.62,0.0,0.0,37.829,50.734,7.9491,0.0,-8759.69,0.1263,20.0,-2802.64,0.1547,20.0,-1882.37,0.1681,20.0,-1182.28,0.1867,20.0,-840.47,0.2028,20.0,-588.68,0.2216,20.0,-421.45,0.2418,20.0,-362.53,0.2623,20.0,-332.49,0.3187,20.0
699,2024-11-30,0.0,0.11938,-14.65,4.725,0.494791666666667,0.11938,0.0,0.0025825,0.0,-0.0048949,-3.5323,121.73,-42.783,48.449,-20.704,-1000000.0,-926.26,-311.74,0.0,0.0,37.821,50.734,7.9517,0.0,-8774.35,0.1263,20.0,-2802.31,0.1547,20.0,-1876.81,0.1682,20.0,-1176.38,0.187,20.0,-837.76,0.203,20.0,-588.52,0.2216,20.0,-422.26,0.2417,20.0,-363.47,0.2621,20.0,-333.48,0.3186,20.0
700,2024-12-01,0.0,0.03302,-18.475,0.575,-11.190625,0.03302,0.0,0.0025734,0.0,-0.0048607,-3.4993,121.73,-42.78,48.449,-20.708,-1000000.0,-926.3,-312.84,0.0,0.0,37.814,50.734,7.9543,0.0,-8787.53,0.1263,20.0,-2801.48,0.1548,20.0,-1871.02,0.1683,20.0,-1170.63,0.1872,20.0,-835.12,0.2031,20.0,-588.38,0.2217,20.0,-423.07,0.2416,20.0,-364.4,0.262,20.0,-334.47,0.3185,20.0
701,2024-12-02,0.0,0.08128,-17.525,9.175,-4.25416666666667,0.08128,0.0,0.0025652,0.0,-0.0048271,-3.418,121.73,-42.778,48.449,-20.713,-1000000.0,-926.28,-313.92,0.0,0.0,37.806,50.734,7.9568,0.0,-8799.23,0.1263,20.0,-2800.14,0.1548,20.0,-1865.02,0.1684,20.0,-1165.0,0.1874,20.0,-832.59,0.2033,20.0,-588.25,0.2217,20.0,-423.87,0.2414,20.0,-365.33,0.2618,20.0,-335.45,0.3183,20.0
702,2024-12-03,0.0,0.15748,-4.2,12.9,3.23958333333333,0.15748,0.0,0.0025579,0.0,-0.004794,-3.2605,121.73,-42.775,48.449,-20.718,-1000000.0,-926.21,-314.99,0.0,0.0,37.799,50.734,7.9594,0.0,-8809.49,0.1262,20.0,-2798.31,0.1548,20.0,-1858.83,0.1686,20.0,-1159.48,0.1876,20.0,-830.15,0.2034,20.0,-588.14,0.2217,20.0,-424.66,0.2413,20.0,-366.26,0.2616,20.0,-336.42,0.3182,20.0
703,2024-12-04,0.0,0.04826,-7.125,9.45,0.595833333333333,0.04826,0.0,0.0025515,0.0,-0.0047612,-3.2123,121.73,-42.772,48.449,-20.723,-1000000.0,-926.09,-316.05,0.0,0.0,37.792,50.734,7.9619,0.0,-8818.29,0.1262,20.0,-2796.0,0.1548,20.0,-1852.47,0.1687,20.0,-1154.05,0.1879,20.0,-827.8,0.2035,20.0,-588.05,0.2217,20.0,-425.45,0.2412,20.0,-367.18,0.2615,20.0,-337.39,0.3181,20.0
704,2024-12-05,0.0,0.18034,-7.7,13.975,4.06354166666667,0.18034,0.0,0.002546,0.0,-0.0047289,-3.0319,121.73,-42.77,48.449,-20.728,-1000000.0,-925.92,-317.1,0.0,0.0,37.784,50.734,7.9645,0.0,-8825.65,0.1262,20.0,-2793.22,0.1548,20.0,-1845.95,0.1688,20.0,-1148.72,0.1881,20.0,-825.53,0.2037,20.0,-587.96,0.2217,20.0,-426.23,0.2411,20.0,-368.1,0.2613,20.0,-338.36,0.3179,20.0
705,2024-12-06,0.0,0.28956,4.025,13.8,8.015625,0.28956,0.0,0.0025413,0.0,-0.0046969,-2.7424,121.73,-42.767,48.449,-20.732,-1000000.0,-925.7,-318.13,0.0,0.0,37.777,50.734,7.967,0.0,-8831.58,0.1262,20.0,-2789.99,0.1549,20.0,-1839.36,0.169,20.0,-1143.48,0.1883,20.0,-823.33,0.2038,20.0,-587.89,0.2217,20.0,-427.01,0.241,20.0,-369.01,0.2611,20.0,-339.31,0.3178,20.0
706,2024-12-07,0.0,0.36576,7.625,14.2,10.95,0.36576,0.0,0.0025376,0.0,-0.0046653,-2.3766,121.73,-42.765,48.449,-20.737,-1000000.0,-925.45,-319.15,0.0,0.0,37.77,50.734,7.9696,0.0,-8836.09,0.1262,20.0,-2786.33,0.1549,20.0,-1833.1,0.1691,20.0,-1138.34,0.1885,20.0,-821.2,0.2039,20.0,-587.84,0.2217,20.0,-427.78,0.2409,20.0,-369.93,0.261,20.0,-340.27,0.3177,20.0
707,2024-12-08,0.0,0.12954,-2.8,7.3,2.18020833333333,0.12954,0.0,0.0025348,0.0,-0.0046339,-2.2471,121.73,-42.762,48.449,-20.742,-1000000.0,-925.17,-320.17,0.0,0.0,37.763,50.734,7.9721,0.0,-8839.19,0.1262,20.0,-2782.26,0.155,20.0,-1826.86,0.1693,20.0,-1133.49,0.1887,20.0,-819.12,0.204,20.0,-587.79,0.2217,20.0,-428.55,0.2408,20.0,-370.84,0.2608,20.0,-341.21,0.3176,20.0
708,2024-12-09,0.0,0.05842,-6.425,4.475,-1.75104166666667,0.05842,0.0,0.0025328,0.0,-0.0046028,-2.1886,121.73,-42.76,48.449,-20.746,-1000000.0,-924.84,-321.17,0.0,0.0,37.756,50.734,7.9746,0.0,-8840.9,0.1262,20.0,-2777.78,0.155,20.0,-1820.54,0.1694,20.0,-1128.83,0.1889,20.0,-817.11,0.2041,20.0,-587.76,0.2217,20.0,-429.31,0.2407,20.0,-371.74,0.2606,20.0,-342.15,0.3175,20.0
709,2024-12-10,0.0,0.06858,-6.675,2.775,-1.2125,0.06858,0.0,0.0025317,0.0,-0.0045721,-2.1201,121.73,-42.757,48.449,-20.751,-1000000.0,-924.47,-322.16,0.0,0.0,37.749,50.734,7.9772,0.0,-8841.22,0.1262,20.0,-2772.9,0.1551,20.0,-1814.09,0.1695,20.0,-1124.31,0.1891,20.0,-815.19,0.2042,20.0,-587.74,0.2217,20.0,-430.07,0.2405,20.0,-372.64,0.2605,20.0,-343.09,0.3173,20.0
710,2024-12-11,0.0,0.10668,-0.55,8.075,3.07916666666667,0.10668,0.0,0.0025315,0.0,-0.0045417,-2.0134,121.73,-42.755,48.449,-20.755,-1000000.0,-924.06,-323.14,0.0,0.0,37.741,50.734,7.9797,0.0,-8840.18,0.1262,20.0,-2767.68,0.1551,20.0,-1807.55,0.1697,20.0,-1119.91,0.1893,20.0,-813.32,0.2043,20.0,-587.73,0.2217,20.0,-430.82,0.2404,20.0,-373.54,0.2603,20.0,-344.01,0.3172,20.0
711,2024-12-12,0.0,0.05588,-8.525,7.4,-1.64479166666667,0.05588,0.0,0.0025321,0.0,-0.0045117,-1.9575,121.73,-42.752,48.449,-20.76,-1000000.0,-923.61,-324.11,0.0,0.0,37.734,50.734,7.9822,0.0,-8837.8,0.1262,20.0,-2761.94,0.1552,20.0,-1800.94,0.1698,20.0,-1115.6,0.1894,20.0,-811.51,0.2045,20.0,-587.74,0.2217,20.0,-431.58,0.2403,20.0,-374.44,0.2601,20.0,-344.93,0.3171,20.0
712,2024-12-13,0.0,0.13462,-5.975,8.875,1.35416666666667,0.13462,0.0,0.0025335,0.0,-0.0044818,-1.8229,121.73,-42.75,48.449,-20.764,-1000000.0,-923.12,-325.08,0.0,0.0,37.727,50.734,7.9848,0.0,-8834.11,0.1262,20.0,-2755.68,0.1553,20.0,-1794.29,0.17,20.0,-1111.36,0.1896,20.0,-809.77,0.2046,20.0,-587.75,0.2217,20.0,-432.32,0.2402,20.0,-375.34,0.26,20.0,-345.85,0.317,20.0
713,2024-12-14,0.0,0.18542,-2.075,10.15,4.35833333333333,0.18542,0.0,0.0025358,0.0,-0.0044522,-1.6375,121.73,-42.747,48.449,-20.769,-1000000.0,-922.58,-326.03,0.0,0.0,37.72,50.734,7.9873,0.0,-8829.1,0.1262,20.0,-2748.95,0.1553,20.0,-1787.6,0.1701,20.0,-1107.21,0.1898,20.0,-808.07,0.2046,20.0,-587.78,0.2217,20.0,-433.07,0.2401,20.0,-376.23,0.2598,20.0,-346.76,0.3169,20.0
714,2024-12-15,0.0,0.10922,-2.55,4.65,1.23958333333333,0.10922,0.0,0.0025388,0.0,-0.0044229,-1.5282,121.73,-42.745,48.449,-20.773,-1000000.0,-921.99,-326.98,0.0,0.0,37.713,50.734,7.9898,0.0,-8822.78,0.1262,20.0,-2741.8,0.1554,20.0,-1780.88,0.1702,20.0,-1103.14,0.19,20.0,-806.43,0.2047,20.0,-587.82,0.2217,20.0,-433.81,0.24,20.0,-377.12,0.2597,20.0,-347.66,0.3167,20.0
715,2024-12-16,0.0,0.05842,-7.225,-0.025,-3.25416666666667,0.05842,0.0,0.0025427,0.0,-0.0043939,-1.4698,121.73,-42.742,48.449,-20.778,-1000000.0,-921.37,-327.92,0.0,0.0,37.706,50.734,7.9924,0.0,-8815.16,0.1262,20.0,-2734.25,0.1555,20.0,-1774.15,0.1704,20.0,-1099.14,0.1901,20.0,-804.84,0.2048,20.0,-587.87,0.2217,20.0,-434.54,0.2399,20.0,-378.01,0.2595,20.0,-348.56,0.3166,20.0
716,2024-12-17,0.0,0.02032,-9.3,-4.675,-6.98541666666667,0.02032,0.0,0.0025475,0.0,-0.0043651,-1.4495,121.73,-42.739,48.449,-20.782,-1000000.0,-920.71,-328.85,0.0,0.0,37.7,50.734,7.9949,0.0,-8806.25,0.1262,20.0,-2726.35,0.1556,20.0,-1767.41,0.1705,20.0,-1095.23,0.1903,20.0,-803.3,0.2049,20.0,-587.93,0.2217,20.0,-435.28,0.2398,20.0,-378.89,0.2593,20.0,-349.45,0.3165,20.0
717,2024-12-18,0.0,0.17272,-11.025,10.75,1.13854166666667,0.17272,0.0,0.002553,0.0,-0.0043364,-1.2768,121.73,-42.737,48.449,-20.786,-1000000.0,-920.01,-329.77,0.0,0.0,37.693,50.734,7.9975,0.0,-8796.06,0.1263,20.0,-2718.12,0.1557,20.0,-1760.67,0.1707,20.0,-1091.47,0.1904,20.0,-801.79,0.205,20.0,-588.0,0.2217,20.0,-436.0,0.2397,20.0,-379.78,0.2592,20.0,-350.34,0.3164,20.0
718,2024-12-19,0.0,0.12192,-12.825,9.125,-1.403125,0.12192,0.0,0.0025593,0.0,-0.0043082,-1.1549,121.73,-42.734,48.449,-20.791,-1000000.0,-919.28,-330.69,0.0,0.0,37.686,50.734,8.0,0.0,-8784.61,0.1263,20.0,-2709.62,0.1558,20.0,-1753.95,0.1708,20.0,-1087.85,0.1906,20.0,-800.34,0.2051,20.0,-588.08,0.2217,20.0,-436.73,0.2396,20.0,-380.66,0.259,20.0,-351.22,0.3163,20.0
719,2024-12-20,0.0,0.21844,3.675,16.325,8.503125,0.21844,0.0,0.0025664,0.0,-0.0042801,-0.93643,121.73,-42.732,48.449,-20.795,-1000000.0,-918.55,-331.6,0.0,0.0,37.679,50.734,8.0026,0.0,-8771.91,0.1263,20.0,-2701.46,0.1559,20.0,-1747.3,0.171,20.0,-1084.34,0.1907,20.0,-798.92,0.2052,20.0,-588.16,0.2217,20.0,-437.45,0.2395,20.0,-381.54,0.2588,20.0,-352.09,0.3162,20.0
720,2024-12-21,0.0,0.25146,6.375,11.775,8.81875,0.25146,0.0,0.0025743,0.0,-0.0042522,-0.68497,121.73,-42.729,48.449,-20.799,-1000000.0,-917.77,-332.5,0.0,0.0,37.672,50.734,8.0052,0.0,-8757.94,0.1264,20.0,-2693.4,0.156,20.0,-1740.64,0.1711,20.0,-1080.94,0.1909,20.0,-797.55,0.2052,20.0,-588.26,0.2217,20.0,-438.17,0.2394,20.0,-382.42,0.2587,20.0,-352.96,0.3161,20.0
721,2024-12-22,0.0,0.17272,0.075,9.475,4.3375,0.17272,0.0,0.002583,0.0,-0.0042246,-0.51225,121.73,-42.727,48.449,-20.803,-1000000.0,-916.96,-333.39,0.0,0.0,37.665,50.734,8.0078,0.0,-8742.62,0.1264,20.0,-2685.28,0.156,20.0,-1733.94,0.1712,20.0,-1077.6,0.191,20.0,-796.24,0.2053,20.0,-588.37,0.2217,20.0,-438.89,0.2393,20.0,-383.29,0.2585,20.0,-353.83,0.316,20.0
722,2024-12-23,0.0,0.19812,0.425,10.325,4.85520833333333,0.19812,0.0,0.0025925,0.0,-0.0041972,-0.31413,121.73,-42.724,48.449,-20.808,-1000000.0,-916.12,-334.27,0.0,0.0,37.659,50.734,8.0103,0.0,-8725.95,0.1264,20.0,-2677.07,0.1561,20.0,-1727.22,0.1714,20.0,-1074.33,0.1911,20.0,-794.97,0.2054,20.0,-588.48,0.2217,20.0,-439.6,0.2392,20.0,-384.18,0.2584,20.0,-354.69,0.3158,20.0
723,2024-12-24,0.0,0.18796,-2.8,10.975,4.34375,0.18796,0.0,0.0026029,0.0,-0.0041699,-0.12617,121.73,-42.721,48.449,-20.812,-1000000.0,-915.24,-335.15,0.0,0.0,37.652,50.734,8.0129,0.0,-8707.94,0.1265,20.0,-2668.75,0.1562,20.0,-1720.49,0.1715,20.0,-1071.12,0.1913,20.0,-793.77,0.2055,20.0,-588.6,0.2216,20.0,-440.31,0.2391,20.0,-385.04,0.2582,20.0,-355.54,0.3157,20.0
724,2024-12-25,0.0,0.2032,-0.1,7.125,3.17916666666667,0.2032,0.0,0.0026141,0.0,-0.0041429,0.077033,121.73,-42.719,48.449,-20.816,-1000000.0,-914.32,-336.02,0.0,0.0,37.645,50.734,8.0156,0.0,-8688.64,0.1265,20.0,-2660.32,0.1563,20.0,-1713.78,0.1717,20.0,-1067.98,0.1914,20.0,-792.61,0.2055,20.0,-588.74,0.2216,20.0,-441.02,0.239,20.0,-385.93,0.2581,20.0,-356.39,0.3156,20.0
725,2024-12-26,0.0,0.21844,1.55,6.75,3.684375,0.21844,0.0,0.0026261,0.0,-0.0041161,0.29547,121.73,-42.716,48.449,-20.82,-1000000.0,-913.38,-336.89,0.0,0.0,37.638,50.734,8.0182,0.0,-8668.15,0.1265,20.0,-2651.77,0.1564,20.0,-1707.09,0.1718,20.0,-1064.9,0.1915,20.0,-791.47,0.2056,20.0,-588.87,0.2216,20.0,-441.73,0.2389,20.0,-386.8,0.258,20.0,-357.24,0.3155,20.0
726,2024-12-27,0.0,0.17526,-1.475,6.175,2.21770833333333,0.17526,0.0,0.0026389,0.0,-0.0040896,0.47073,121.73,-42.714,48.449,-20.824,-1000000.0,-912.42,-337.75,0.0,0.0,37.631,50.734,8.0208,0.0,-8646.54,0.1266,20.0,-2643.12,0.1565,20.0,-1700.5,0.172,20.0,-1061.88,0.1916,20.0,-790.36,0.2056,20.0,-589.02,0.2216,20.0,-442.43,0.2388,20.0,-387.66,0.2578,20.0,-358.08,0.3154,20.0
727,2024-12-28,0.0,0.20574,1.4,9.45,4.14791666666667,0.20574,0.0,0.0026529,0.0,-0.0040631,0.67647,121.73,-42.711,48.449,-20.828,-1000000.0,-911.44,-338.6,0.0,0.0,37.625,50.734,8.0235,0.0,-8621.68,0.1266,20.0,-2634.41,0.1566,20.0,-1694.16,0.1721,20.0,-1058.92,0.1918,20.0,-789.28,0.2057,20.0,-589.17,0.2216,20.0,-443.12,0.2387,20.0,-388.52,0.2577,20.0,-358.91,0.3153,20.0
728,2024-12-29,0.1003,0.07874,-4.1,4.5,1.5125,0.07874,0.0,0.0026687,0.0,-0.004037,0.75521,121.73,-42.708,48.449,-20.832,-1000000.0,-910.41,-339.45,0.0,0.0,37.618,50.734,8.0261,0.0,-8593.24,0.1267,20.0,-2625.64,0.1567,20.0,-1687.99,0.1722,20.0,-1056.03,0.1919,20.0,-788.24,0.2058,20.0,-589.34,0.2216,20.0,-443.82,0.2386,20.0,-389.37,0.2576,20.0,-359.75,0.3152,20.0
729,2024-12-30,0.0,0.01524,-7.6,-1.525,-4.54270833333333,0.01524,0.0,0.0026863,0.0,-0.004011,0.77045,121.73,-42.706,48.449,-20.836,-1000000.0,-909.34,-340.29,0.0,0.0,37.611,50.734,8.0288,0.0,-8562.34,0.1268,20.0,-2616.8,0.1568,20.0,-1681.93,0.1724,20.0,-1053.23,0.192,20.0,-787.22,0.2058,20.0,-589.51,0.2215,20.0,-444.51,0.2385,20.0,-390.22,0.2575,20.0,-360.57,0.3151,20.0
730,2024-12-31,0.0,0.0,-9.275,-2.3,-6.24583333333333,0.0,0.0,3.1432e-09,0.0,-0.0039851,0.77045,121.73,-42.706,48.449,-20.84,-407300.0,-891.75,-341.12,0.0,0.0,37.607,50.734,8.0288,0.0,-8455.36,0.127,20.0,-2607.89,0.1569,20.0,-1675.96,0.1725,20.0,-1050.53,0.1921,20.0,-786.24,0.2059,20.0,-589.69,0.2215,20.0,-445.21,0.2384,20.0,-391.06,0.2574,20.0,-361.4,0.315,20.0
731,2025-01-01,0.0,0.0127,-13.4,-7.125,-10.69375,0.0127,0.0,0.0030246,0.0,-0.0039594,0.78315,121.73,-42.701,48.449,-20.844,-1000000.0,-899.7,-341.95,0.0,0.0,37.599,50.734,8.0335,0.0,-8402.16,0.1271,20.0,-2598.9,0.157,20.0,-1670.07,0.1726,20.0,-1047.9,0.1922,20.0,-785.28,0.2059,20.0,-589.87,0.2215,20.0,-445.9,0.2383,20.0,-391.9,0.2573,20.0,-362.22,0.3149,20.0
732,2025-01-02,0.0,0.0127,-13.5,-9.725,-12.5635416666667,0.0127,0.0,0.0029035,0.0,-0.003934,0.79585,121.73,-42.698,48.449,-20.848,-1000000.0,-901.75,-342.77,0.0,0.0,37.592,50.734,8.0365,0.0,-8375.51,0.1272,20.0,-2589.84,0.1571,20.0,-1664.23,0.1727,20.0,-1045.36,0.1923,20.0,-784.35,0.206,20.0,-590.06,0.2215,20.0,-446.58,0.2382,20.0,-392.74,0.2571,20.0,-363.03,0.3148,20.0
733,2025-01-03,0.0,0.0127,-15.0,-11.325,-12.9666666666667,0.0127,0.0,0.0028612,0.0,-0.0039087,0.80855,121.73,-42.695,48.449,-20.852,-1000000.0,-902.11,-343.59,0.0,0.0,37.585,50.734,8.0394,0.0,-8354.86,0.1272,20.0,-2580.75,0.1572,20.0,-1658.46,0.1729,20.0,-1042.9,0.1924,20.0,-783.46,0.206,20.0,-590.26,0.2215,20.0,-447.27,0.2381,20.0,-393.56,0.257,20.0,-363.85,0.3147,20.0
734,2025-01-04,0.0,0.01016,-21.325,-11.175,-14.390625,0.01016,0.0,0.0028511,0.0,-0.0038836,0.81871,121.73,-42.692,48.449,-20.856,-1000000.0,-901.77,-344.4,0.0,0.0,37.578,50.734,8.0422,0.0,-8332.49,0.1273,20.0,-2571.64,0.1573,20.0,-1652.85,0.173,20.0,-1040.47,0.1925,20.0,-782.6,0.2061,20.0,-590.47,0.2214,20.0,-447.95,0.238,20.0,-394.39,0.2569,20.0,-364.66,0.3146,20.0
735,2025-01-05,0.0,0.00508,-22.6,-9.125,-14.8458333333333,0.00508,0.0,0.0028558,0.0,-0.0038586,0.82379,121.73,-42.689,48.449,-20.86,-1000000.0,-901.1,-345.21,0.0,0.0,37.572,50.734,8.0451,0.0,-8307.05,0.1273,20.0,-2562.55,0.1574,20.0,-1647.2,0.1731,20.0,-1038.08,0.1926,20.0,-781.77,0.2061,20.0,-590.68,0.2214,20.0,-448.63,0.2379,20.0,-395.2,0.2568,20.0,-365.46,0.3144,20.0
736,2025-01-06,0.0,0.01524,-11.125,-4.6,-8.06354166666667,0.01524,0.0,0.0028677,0.0,-0.0038338,0.83903,121.73,-42.686,48.449,-20.864,-1000000.0,-900.26,-346.01,0.0,0.0,37.565,50.734,8.0479,0.0,-8278.92,0.1274,20.0,-2553.5,0.1575,20.0,-1641.52,0.1732,20.0,-1035.74,0.1927,20.0,-780.98,0.2062,20.0,-590.89,0.2214,20.0,-449.3,0.2378,20.0,-396.02,0.2567,20.0,-366.26,0.3143,20.0
737,2025-01-07,0.0,0.07112,-11.65,-0.85,-4.471875,0.07112,0.0,0.0028836,0.0,-0.0038092,0.91015,121.73,-42.684,48.449,-20.868,-1000000.0,-899.33,-346.8,0.0,0.0,37.558,50.734,8.0508,0.0,-8248.75,0.1275,20.0,-2544.48,0.1576,20.0,-1635.84,0.1733,20.0,-1033.45,0.1928,20.0,-780.22,0.2062,20.0,-591.12,0.2214,20.0,-449.98,0.2377,20.0,-396.83,0.2566,20.0,-367.06,0.3142,20.0
738,2025-01-08,0.0374,0.10668,-0.35,3.4,1.278125,0.10668,0.0,0.0029016,0.0,-0.0037848,1.0168,121.73,-42.681,48.449,-20.871,-1000000.0,-898.35,-347.59,0.0,0.0,37.551,50.734,8.0537,0.0,-8217.12,0.1275,20.0,-2535.51,0.1577,20.0,-1630.2,0.1735,20.0,-1031.2,0.1929,20.0,-779.48,0.2063,20.0,-591.35,0.2213,20.0,-450.65,0.2376,20.0,-397.63,0.2565,20.0,-367.86,0.3141,20.0
739,2025-01-09,0.0,0.06604,-3.7,1.125,-1.515625,0.06604,0.0,0.0029209,0.0,-0.0037604,1.0829,121.73,-42.678,48.449,-20.875,-1000000.0,-897.35,-348.38,0.0,0.0,37.545,50.734,8.0566,0.0,-8184.44,0.1276,20.0,-2526.57,0.1578,20.0,-1624.61,0.1736,20.0,-1029.01,0.193,20.0,-778.77,0.2063,20.0,-591.58,0.2213,20.0,-451.33,0.2375,20.0,-398.43,0.2564,20.0,-368.65,0.314,20.0
740,2025-01-10,0.0,0.1905,-1.075,6.375,2.36354166666667,0.1905,0.0,0.0029411,0.0,-0.0037363,1.2734,121.73,-42.675,48.449,-20.879,-1000000.0,-896.33,-349.16,0.0,0.0,37.538,50.734,8.0596,0.0,-8151.05,0.1277,20.0,-2517.66,0.1579,20.0,-1619.07,0.1737,20.0,-1026.86,0.1931,20.0,-778.08,0.2063,20.0,-591.82,0.2213,20.0,-452.0,0.2374,20.0,-399.23,0.2563,20.0,-369.45,0.3139,20.0
741,2025-01-11,0.0085,0.04572,-1.725,2.475,-0.375,0.04572,0.0,0.0029619,0.0,-0.0037123,1.3191,121.73,-42.672,48.449,-20.883,-1000000.0,-895.31,-349.94,0.0,0.0,37.531,50.734,8.0625,0.0,-8117.17,0.1277,20.0,-2508.79,0.158,20.0,-1613.59,0.1738,20.0,-1024.77,0.1932,20.0,-777.42,0.2064,20.0,-592.06,0.2213,20.0,-452.66,0.2373,20.0,-400.02,0.2562,20.0,-370.24,0.3138,20.0
742,2025-01-12,0.1139,0.02286,-6.675,0.3,-2.18229166666667,0.02286,0.0,0.002983,0.0,-0.0036885,1.342,121.73,-42.669,48.449,-20.886,-1000000.0,-894.28,-350.71,0.0,0.0,37.525,50.734,8.0655,0.0,-8082.99,0.1278,20.0,-2499.96,0.1581,20.0,-1608.17,0.1739,20.0,-1022.72,0.1932,20.0,-776.78,0.2064,20.0,-592.31,0.2212,20.0,-453.33,0.2372,20.0,-400.8,0.2561,20.0,-371.02,0.3137,20.0
743,2025-01-13,0.0,0.05588,-5.925,0.575,-2.31666666666667,0.05588,0.0,0.0030043,0.0,-0.0036646,1.3978,121.73,-42.666,48.449,-20.89,-1000000.0,-893.27,-351.47,0.0,0.0,37.518,50.734,8.0685,0.0,-8048.64,0.1279,20.0,-2491.18,0.1582,20.0,-1602.82,0.1741,20.0,-1020.72,0.1933,20.0,-776.17,0.2064,20.0,-592.57,0.2212,20.0,-453.99,0.2371,20.0,-401.58,0.256,20.0,-371.81,0.3136,20.0
744,2025-01-14,0.0,0.10668,-4.7,2.175,-0.8375,0.10668,0.0,0.0030257,0.0,-0.0036411,1.5045,121.73,-42.663,48.449,-20.894,-1000000.0,-892.27,-352.23,0.0,0.0,37.511,50.734,8.0715,0.0,-8014.25,0.128,20.0,-2482.45,0.1583,20.0,-1597.54,0.1742,20.0,-1018.78,0.1934,20.0,-775.58,0.2065,20.0,-592.83,0.2212,20.0,-454.65,0.237,20.0,-402.36,0.2558,20.0,-372.59,0.3135,20.0
745,2025-01-15,0.0,0.127,1.125,5.75,3.30729166666667,0.127,0.0,0.0030472,0.0,-0.0036177,1.6315,121.73,-42.66,48.449,-20.897,-1000000.0,-891.28,-352.99,0.0,0.0,37.505,50.734,8.0746,0.0,-7979.89,0.128,20.0,-2474.46,0.1584,20.0,-1592.34,0.1743,20.0,-1016.89,0.1935,20.0,-775.0,0.2065,20.0,-593.09,0.2212,20.0,-455.31,0.2369,20.0,-403.13,0.2557,20.0,-373.37,0.3134,20.0
746,2025-01-16,0.0,0.20574,-0.475,9.85,5.20208333333333,0.20574,0.0,0.0030687,0.0,-0.0035943,1.8373,121.73,-42.657,48.449,-20.901,-1000000.0,-890.32,-353.75,0.0,0.0,37.498,50.734,8.0776,0.0,-7945.63,0.1281,20.0,-2467.04,0.1585,20.0,-1587.22,0.1744,20.0,-1015.07,0.1936,20.0,-774.45,0.2065,20.0,-593.36,0.2211,20.0,-455.97,0.2368,20.0,-403.9,0.2556,20.0,-374.14,0.3133,20.0
747,2025-01-17,0.0102,0.04064,-13.675,-1.05,-8.821875,0.04064,0.0,0.0030945,0.0,-0.0035712,1.8779,121.73,-42.654,48.449,-20.904,-1000000.0,-889.38,-354.49,0.0,0.0,37.491,50.734,8.0807,0.0,-7915.82,0.1282,20.0,-2459.43,0.1586,20.0,-1582.18,0.1745,20.0,-1013.3,0.1936,20.0,-773.95,0.2066,20.0,-593.64,0.2211,20.0,-456.63,0.2367,20.0,-404.66,0.2555,20.0,-374.92,0.3132,20.0
748,2025-01-18,0.0,0.02032,-23.275,-11.45,-15.8322916666667,0.02032,0.0,0.0031203,0.0,-0.0035481,1.8982,121.73,-42.651,48.449,-20.908,-1000000.0,-888.37,-355.24,0.0,0.0,37.485,50.734,8.0838,0.0,-7892.7,0.1283,20.0,-2451.77,0.1588,20.0,-1577.24,0.1746,20.0,-1011.58,0.1937,20.0,-773.46,0.2066,20.0,-593.92,0.2211,20.0,-457.28,0.2366,20.0,-405.42,0.2554,20.0,-375.69,0.3131,20.0
749,2025-01-19,0.0,0.01778,-25.5,-12.125,-19.7854166666667,0.01778,0.0,0.0031508,0.0,-0.0035251,1.916,121.73,-42.647,48.449,-20.911,-1000000.0,-887.36,-355.98,0.0,0.0,37.478,50.734,8.087,0.0,-7870.8,0.1283,20.0,-2444.12,0.1589,20.0,-1572.38,0.1747,20.0,-1009.9,0.1938,20.0,-772.98,0.2067,20.0,-594.2,0.221,20.0,-457.93,0.2365,20.0,-406.17,0.2553,20.0,-376.46,0.313,20.0
750,2025-01-20,0.0,0.05588,-25.125,-7.125,-15.5979166666667,0.05588,0.0,0.0031814,0.0,-0.0035024,1.9719,121.73,-42.644,48.449,-20.915,-1000000.0,-886.38,-356.72,0.0,0.0,37.471,50.734,8.0901,0.0,-7849.63,0.1284,20.0,-2436.53,0.159,20.0,-1567.63,0.1748,20.0,-1008.3,0.1938,20.0,-772.52,0.2067,20.0,-594.49,0.221,20.0,-458.58,0.2364,20.0,-406.92,0.2552,20.0,-377.22,0.3129,20.0
751,2025-01-21,0.0,0.14986,-6.725,0.8,-3.21979166666667,0.14986,0.0,0.0032113,0.0,-0.0034797,2.1217,121.73,-42.641,48.449,-20.918,-1000000.0,-885.45,-357.45,0.0,0.0,37.465,50.734,8.0933,0.0,-7829.06,0.1284,20.0,-2429.0,0.1591,20.0,-1563.05,0.1749,20.0,-1006.71,0.1939,20.0,-772.08,0.2067,20.0,-594.78,0.221,20.0,-459.23,0.2364,20.0,-407.66,0.2551,20.0,-377.99,0.3128,20.0
752,2025-01-22,0.0,0.04572,-12.475,-1.4,-5.309375,0.04572,0.0,0.0032405,0.0,-0.0034571,2.1675,121.73,-42.638,48.449,-20.922,-1000000.0,-884.55,-358.18,0.0,0.0,37.458,50.734,8.0966,0.0,-7809.03,0.1285,20.0,-2421.49,0.1592,20.0,-1558.62,0.175,20.0,-1005.14,0.194,20.0,-771.66,0.2068,20.0,-595.07,0.221,20.0,-459.88,0.2363,20.0,-408.4,0.255,20.0,-378.75,0.3127,20.0
753,2025-01-23,0.0,0.15494,-9.2,1.875,-2.871875,0.15494,0.0,0.0032689,0.0,-0.0034346,2.3224,121.73,-42.635,48.449,-20.925,-1000000.0,-883.69,-358.9,0.0,0.0,37.451,50.734,8.0998,0.0,-7789.46,0.1286,20.0,-2413.97,0.1594,20.0,-1554.54,0.1751,20.0,-1003.6,0.194,20.0,-771.26,0.2068,20.0,-595.37,0.2209,20.0,-460.53,0.2362,20.0,-409.14,0.2549,20.0,-379.51,0.3126,20.0
754,2025-01-24,0.0663,0.02794,-8.5,-0.275,-4.25208333333333,0.02794,0.0,0.0032966,0.0,-0.0034123,2.3503,121.73,-42.631,48.449,-20.929,-1000000.0,-882.86,-359.62,0.0,0.0,37.445,50.734,8.1031,0.0,-7770.3,0.1286,20.0,-2406.48,0.1595,20.0,-1550.76,0.1752,20.0,-1002.09,0.1941,20.0,-770.88,0.2068,20.0,-595.68,0.2209,20.0,-461.18,0.2361,20.0,-409.87,0.2548,20.0,-380.27,0.3125,20.0
755,2025-01-25,0.0,0.03302,-14.9,-4.35,-9.99583333333333,0.03302,0.0,0.0033237,0.0,-0.0033901,2.3834,121.73,-42.628,48.449,-20.932,-1000000.0,-882.07,-360.34,0.0,0.0,37.438,50.734,8.1064,0.0,-7751.51,0.1287,20.0,-2399.03,0.1596,20.0,-1546.94,0.1753,20.0,-1000.61,0.1942,20.0,-770.52,0.2068,20.0,-595.99,0.2209,20.0,-461.82,0.236,20.0,-410.59,0.2547,20.0,-381.03,0.3124,20.0
