"Date","Precip_cm","ET_cm","MinTemp","MaxTemp","AvgTemp"
2022-01-01,0,0.0127789610346242,-29.2722222222222,-12.8055555555556,-20.5333333333333
2022-01-02,0,0.0711195405368167,-18.9111111111111,-0.700000000000001,-7.68888888888889
2022-01-03,0.1016,0.14619845915084,-8.31111111111111,2.7,-1.26111111111111
2022-01-04,0.0254,0.030048106918383,-10.4388888888889,-1.62777777777778,-5.37222222222222
2022-01-05,0.2032,0.0204588937937215,-18.0388888888889,-5.87777777777778,-13.7611111111111
2022-01-06,0.4826,0.0157314340794014,-18.0722222222222,-5.35,-12.8444444444444
2022-01-07,0,0.094603955298821,-7.21666666666667,5.32777777777778,2.44444444444444
2022-01-08,0,0.0860050306282961,-12.9444444444444,0.633333333333334,-4.06666666666667
2022-01-09,0,0.022074373177789,-16.8666666666667,-6.07222222222222,-11.3888888888889
2022-01-10,0,0.0112923477099745,-20.4444444444444,-10.1555555555556,-14.5944444444444
2022-01-11,0,0.0782957434929171,-15.0777777777778,4.44444444444444,-3.32777777777778
2022-01-12,0,0.067209048378766,-1.27777777777778,8.32777777777778,3.25555555555556
2022-01-13,0,0.0727400226246951,-5.52777777777778,5.82222222222222,0.32777777777778
2022-01-14,0,0.0230808686059295,-8.43333333333333,5.18888888888889,-3.53888888888889
2022-01-15,0,0.0261886758401255,-11.8166666666667,0.388888888888891,-6.77222222222222
2022-01-16,0,0.0282385894190827,-11.4611111111111,2.67777777777778,-6.23888888888889
2022-01-17,0,0.0485315892754769,-11.8388888888889,7.07222222222222,-3.76666666666667
2022-01-18,0.1778,0.0302259684542076,-8.50555555555555,7.00555555555556,-1.43333333333333
2022-01-19,0.0508,0.0184624888861364,-13.3111111111111,-3.82222222222222,-8.06111111111111
2022-01-20,0,0.0321314026421514,-14.9611111111111,4.85,-3.35
2022-01-21,0,0.0404043136431654,-6.07777777777778,2.44444444444444,-1.06111111111111
2022-01-22,0,0.0257249871253343,-11.1111111111111,0.0666666666666653,-5.2
2022-01-23,0,0.0253868132034432,-14.6166666666667,-0.955555555555555,-8.04444444444444
2022-01-24,0.2032,0.0309564204370891,-13.6388888888889,-1.68333333333333,-6.32777777777778
2022-01-25,0.0762,0.015880271934814,-12.8388888888889,-4.12222222222222,-6.53333333333333
2022-01-26,0,0.0151707315912207,-20.15,-6.76111111111111,-13.7388888888889
2022-01-27,0,0.0179872516073165,-20.4166666666667,-7.46666666666667,-13.2444444444444
2022-01-28,0,0.0194362401736365,-21.9,-8.01666666666667,-16.5333333333333
2022-01-29,0,0.0315738904358194,-20.0388888888889,-4.88333333333333,-13.0333333333333
2022-01-30,0,0.0894941686287676,-16.6111111111111,4.47777777777778,-4.41111111111111
2022-01-31,0,0.120346352133155,-7.62222222222222,4.95555555555556,-1.48333333333333
2022-02-01,0.0508,0.033775522878019,-19.7444444444444,-3.95,-11.1222222222222
2022-02-02,0,0.0251731950906117,-24.9277777777778,-16.7666666666667,-20.4222222222222
2022-02-03,0,0.0309451591618104,-20.5111111111111,-3.79444444444444,-11.7055555555556
2022-02-04,0,0.101044708921539,-10.9277777777778,6.5,-1.49444444444445
2022-02-05,0,0.141796222556447,-1.8,4.73333333333334,1.51666666666667
2022-02-06,0,0.0534042842473331,-11.7555555555556,2.26111111111111,-4.79444444444444
2022-02-07,0,0.199985331052628,-11.5055555555556,10.1388888888889,0.766666666666668
2022-02-08,0,0.062882777389528,-7.78888888888889,2.26111111111111,-1.69444444444444
2022-02-09,0,0.0654084686999452,-0.744444444444444,4.31111111111111,1.47222222222222
2022-02-10,0,0.109958810788476,-2.31111111111111,11.0111111111111,3.50555555555556
2022-02-11,0,0.0977850820856523,-9.41111111111111,5.87222222222222,-2.27222222222222
2022-02-12,0,0.0601267456902476,-12.4555555555556,3.97777777777778,-5.55
2022-02-13,0,0.0713138616460839,-10.65,5.43333333333333,-4.07222222222222
2022-02-14,0.0254,0.123318808861314,-6.52777777777778,9.27777777777778,1.51111111111111
2022-02-15,0.0254,0.0593279017927567,-4.07222222222222,2.08888888888889,-0.372222222222223
2022-02-16,0.1524,0.0640753880393033,-9.02222222222222,-0.544444444444445,-3.98333333333333
2022-02-17,0,0.0749026061126566,-11.65,3.83333333333333,-2.75555555555556
2022-02-18,0,0.106605915981484,-0.738888888888888,7.02777777777778,2.78333333333333
2022-02-19,0,0.230641352121537,-1.71111111111111,10.0777777777778,4.54444444444444
2022-02-20,0.0508,0.10237193602924,-13.15,4.71666666666667,-0.961111111111111
2022-02-21,0,0.0464063221287629,-22.55,-12.9444444444444,-17.6555555555556
2022-02-22,0,0.041454149212319,-24.9555555555556,-17.4166666666667,-21.8555555555556
2022-02-23,0,0.0343150696842209,-28.8277777777778,-14.2388888888889,-22.45
2022-02-24,0.0508,0.0399206014126631,-20.0555555555556,-8.59444444444444,-14.1944444444444
2022-02-25,0,0.0514302519904095,-23.4666666666667,-5.91666666666667,-15.2555555555556
2022-02-26,0,0.0668844503089827,-20.85,-1.28888888888889,-11.6333333333333
2022-02-27,0,0.129598297384595,-14.95,6.65,-2.53333333333333
2022-02-28,0,0.172450158751705,3.00555555555555,9.27777777777778,5.48888888888889
2022-03-01,0,0.169474690719642,2.46666666666667,12.9055555555556,7.26111111111111
2022-03-02,0.2286,0.0852828466240087,0.683333333333332,8.14444444444444,4.28333333333333
2022-03-03,0,0.0763229439321753,-3.16666666666667,9.17777777777778,3.02777777777778
2022-03-04,0.0508,0.112317054583181,-3.93333333333333,2.85555555555556,0.0222222222222218
2022-03-05,0,0.13514573415266,-6.6,-0.183333333333332,-3.87222222222222
2022-03-06,0,0.0897385644436076,-11.5388888888889,-1.66111111111111,-4.96111111111111
2022-03-07,0.0762,0.069840874215208,-13.2666666666667,1.49444444444444,-5.01111111111111
2022-03-08,0,0.0811580385861838,-15.6055555555556,-4.73888888888889,-9.47222222222222
2022-03-09,0,0.0627438187526714,-23.3388888888889,-8.92777777777778,-15.6555555555556
2022-03-10,0,0.0659772333622719,-23.4611111111111,-4.07777777777778,-14.0166666666667
2022-03-11,0,0.107901673738235,-13.3222222222222,3.59444444444444,-4.43888888888889
2022-03-12,0,0.29394239519469,-2.31666666666667,13.6777777777778,6.38888888888889
2022-03-13,0,0.147655949358479,-2.89444444444445,7.97222222222222,3.03888888888889
2022-03-14,0,0.21039755906515,-4.59444444444444,12.45,3.79444444444444
2022-03-15,0.0254,0.215651436981857,-0.711111111111112,10.6888888888889,6.28888888888889
2022-03-16,0,0.141072578107112,-6.08333333333333,6.95555555555556,0.577777777777777
2022-03-17,0,0.208654097898112,-8.02222222222222,11.2222222222222,1.45
2022-03-18,0,0.205853088794254,-3.45,10.8722222222222,3.62222222222222
2022-03-19,0,0.254036589678138,-6.9,15.3611111111111,4.97222222222222
2022-03-20,0.0762,0.174727199595307,-5.29444444444445,4.75555555555556,0.244444444444443
2022-03-21,0,0.200735802088883,-4.88333333333333,7.57777777777778,0.961111111111109
2022-03-22,0,0.234453667054928,-0.861111111111111,12.4111111111111,4.55555555555556
2022-03-23,0,0.264700428654939,-6.14444444444444,19.0944444444444,7.40555555555556
2022-03-24,0,0.326058294628757,-0.46111111111111,14.6833333333333,8.67222222222222
2022-03-25,0,0.228158404429754,-7.23888888888889,17.7388888888889,4.56111111111111
2022-03-26,0,0.247427377159101,-2.60555555555556,16.5611111111111,6.37222222222222
2022-03-27,0,0.29491932880632,-6.42222222222222,20.9555555555556,8.62777777777778
2022-03-28,0.1778,0.245435321444556,0.566666666666668,17.7222222222222,8.93333333333333
2022-03-29,0.0762,0.12951351625796,-5.74444444444444,6.35,2.45555555555556
2022-03-30,0,0.219858091094797,-7.82222222222222,13.75,2.42777777777778
2022-03-31,0,0.198227507518652,-4.27222222222222,7,1.29444444444444
2022-04-01,0,0.226049359081977,-4.77222222222222,8.70555555555556,1.91666666666667
2022-04-02,0.0762,0.139528460884768,-8.65,6.98888888888889,-0.172222222222222
2022-04-03,0,0.267219749079803,-9.31111111111111,13.0777777777778,2.51111111111111
2022-04-04,0.127,0.238708855195688,-9.12777777777778,11.7722222222222,2.92222222222222
2022-04-05,0.0254,0.221894541280692,-5.33888888888889,4.78888888888889,-0.327777777777778
2022-04-06,0,0.264950665662518,-5.67777777777778,7.97777777777778,1.34444444444445
2022-04-07,0,0.263863724751614,-11.2833333333333,15.1777777777778,2.07222222222222
2022-04-08,0,0.478048989329845,-4.98888888888889,23.9277777777778,8.71111111111111
2022-04-09,0,0.192292636216668,-5.97222222222222,4.83888888888889,0.527777777777779
2022-04-10,0.0254,0.122883821704712,-11.3555555555556,2.12222222222222,-3.92777777777778
2022-04-11,0,0.090034412218307,-13.0333333333333,-0.322222222222221,-6.1
2022-04-12,0,0.100458705486963,-11.95,-6.05555555555556,-8.27222222222222
2022-04-13,0,0.147511659163087,-15.1222222222222,-2.47777777777778,-9.32222222222222
2022-04-14,0,0.128995526560045,-13.9777777777778,0.494444444444445,-7.8
2022-04-15,0,0.144225187770773,-12.7277777777778,1.51111111111111,-5.85
2022-04-16,0.1016,0.0895135873986673,-10.5,1.81666666666667,-3.26666666666667
2022-04-17,0,0.236988275116937,-7.27777777777778,5.44444444444444,-0.427777777777778
2022-04-18,0,0.3016515367402,-9.08333333333333,14.9777777777778,3.79444444444444
2022-04-19,0,0.303104027458413,-0.922222222222222,9.3,3.90555555555556
2022-04-20,0,0.251786606393072,-6.65,9.92222222222222,2.92777777777778
2022-04-21,0.0508,0.180848625553757,-0.194444444444445,11.2277777777778,4.21666666666667
2022-04-22,0.2286,0.213413720264879,0.333333333333334,9.09444444444444,4.16111111111111
2022-04-23,0.508,0.244136214431065,-0.0833333333333326,10.8888888888889,4.08888888888889
2022-04-24,0.254,0.255601020755603,-2.07222222222222,11.3722222222222,4
2022-04-25,0,0.395189125074152,-4.85555555555556,17.5222222222222,7.02222222222222
2022-04-26,0.0254,0.303953450503639,-2.10555555555556,15.4777777777778,7.23888888888889
2022-04-27,0.0254,0.188500761578022,-5.47222222222222,10.4,2.77222222222222
2022-04-28,0,0.211905996765495,-4.34444444444444,13.2333333333333,3.69444444444444
2022-04-29,0.2032,0.207159642598406,-3.78888888888889,9.4,3.76111111111111
2022-04-30,0,0.194760734798993,-6.65,11.7,3.78333333333333
2022-05-01,0,0.242764645795706,2.62777777777778,11.8555555555556,7.12222222222222
2022-05-02,0,0.317028179949447,-3.2,18.0166666666667,7.37222222222222
2022-05-03,0.0254,0.305686675635087,2.53888888888889,16.8388888888889,9.79444444444445
2022-05-04,0,0.348629114035297,-1.78888888888889,18.1944444444444,8.37777777777778
2022-05-05,0.0254,0.39620742651072,1.30555555555556,22,11.7444444444444
2022-05-06,0.0508,0.412229330679022,4.82222222222222,19.3944444444444,10.9166666666667
2022-05-07,0.5588,0.220074300179728,2.21666666666667,11.4833333333333,5.58888888888889
2022-05-08,0.0508,0.153470814941096,-2.11666666666667,4.87222222222222,1.73333333333333
2022-05-09,0,0.244829881527037,-7.01111111111111,9.02777777777778,1.28888888888889
2022-05-10,0,0.265467578590842,-8.67222222222222,10.0777777777778,2.32222222222222
2022-05-11,0,0.302663927529606,-7.53333333333333,14.4555555555556,3.93888888888889
2022-05-12,0,0.249498963174467,-1.23888888888889,12.65,6.27777777777778
2022-05-13,0,0.374149367278287,-1.77222222222222,10.5,4.99444444444445
2022-05-14,0,0.235222255966681,-3.01111111111111,12.6,5.36111111111111
2022-05-15,0,0.389863448844178,-2.63888888888889,22.3055555555556,10.9111111111111
2022-05-16,0.0508,0.396786575964802,7.75555555555556,20.5166666666667,14.1888888888889
2022-05-17,0,0.466252044640346,-0.627777777777777,20.8333333333333,10.8722222222222
2022-05-18,0,0.352124710939477,-2.70555555555556,18.0111111111111,9.57777777777778
2022-05-19,0,0.362314600033917,-0.650000000000001,9.87222222222222,5.22222222222222
2022-05-20,0.0508,0.2034328942791,-0.772222222222223,9.02777777777778,3.67222222222222
2022-05-21,0,0.276560783410394,-1.07777777777778,11.5333333333333,4.83888888888889
2022-05-22,0,0.336053110191591,0.0500000000000019,13.2611111111111,6.21666666666667
2022-05-23,0,0.269859284425255,-4.46666666666667,14.3666666666667,6.78888888888889
2022-05-24,0,0.35482619700132,-1.89444444444444,16.0777777777778,8.65
2022-05-25,0,0.516546347434148,6.00555555555556,21.5388888888889,13.2944444444444
2022-05-26,0,0.488713786990559,0.794444444444444,26.7777777777778,14.85
2022-05-27,0.0254,0.469554606957313,9.38333333333333,21.4944444444444,14.9
2022-05-28,0.1524,0.256648047156278,7.04444444444444,13.4555555555556,9.63333333333334
2022-05-29,0.9906,0.1002352632138,5.33333333333333,9.56666666666667,7.14444444444444
2022-05-30,0.1016,0.142814464869236,6.05555555555556,10.2444444444444,7.41666666666667
2022-05-31,0,0.348463281288104,3.72777777777778,15.5444444444444,9.61666666666667
2022-06-01,0.0762,0.262149368657559,0.227777777777776,17.0055555555556,8.56666666666667
2022-06-02,0.127,0.299541356335148,5.33333333333333,18.0111111111111,11.2166666666667
2022-06-03,0.5334,0.284776814266483,6.48888888888889,20.3333333333333,12.8222222222222
2022-06-04,0.3302,0.182989536237971,4.16666666666667,15.65,10.9388888888889
2022-06-05,0.3048,0.213672291232727,2.55555555555556,16.8611111111111,11.5
2022-06-06,0.1778,0.311750123562382,6.84444444444444,16.6055555555556,10.4444444444444
2022-06-07,0,0.332230726747075,2.41666666666667,18.2722222222222,10.6166666666667
2022-06-08,0.0254,0.232080994383,2.21666666666667,18.4111111111111,11.1333333333333
2022-06-09,0,0.495532126810115,8.12777777777778,24.0833333333333,16.0055555555556
2022-06-10,0.0254,0.334528972225271,10.6833333333333,22.1555555555556,14.8777777777778
2022-06-11,0.6604,0.153669765186173,9.06111111111111,15.2555555555556,12.0388888888889
2022-06-12,0.0762,0.175459988701087,4.31666666666667,14.9166666666667,11.0166666666667
2022-06-13,0,0.349017366015598,5.52222222222222,15.3222222222222,10.2722222222222
2022-06-14,0,0.335805498212709,4.78888888888889,9.80555555555556,7.37222222222222
2022-06-15,0,0.475696633449997,7.4,19.2777777777778,12.0277777777778
2022-06-16,0,0.544447690624501,1.95555555555556,29.8333333333333,15.9111111111111
2022-06-17,0,0.74016239325817,3.83888888888889,31.8333333333333,19.5333333333333
2022-06-18,0.0254,0.485472863137628,11.6444444444444,25.1222222222222,17.2833333333333
2022-06-19,0.5842,0.249661981508423,7.28333333333333,17.8777777777778,11.2
2022-06-20,0.2032,0.170055838921128,6.62222222222222,12.3444444444444,9.03888888888889
2022-06-21,0,0.423676569477065,2.09444444444445,20.1611111111111,12.0722222222222
2022-06-22,0,0.572611337330623,4.25,27.6111111111111,16.3388888888889
2022-06-23,0,0.572780485796991,5.23333333333333,26.6055555555556,16.1277777777778
2022-06-24,0,0.50479146831383,3.91666666666667,18.8055555555556,12.1722222222222
2022-06-25,0,0.463907473065416,-0.627777777777777,20.3777777777778,10.9
2022-06-26,0,0.558736573291379,0.844444444444446,26.4888888888889,15.05
2022-06-27,0,0.586890581195783,3.12777777777778,30.4444444444444,17.35
2022-06-28,0,0.669487633155803,5.63888888888889,33.1111111111111,20.7722222222222
2022-06-29,0,0.717333658673516,10.0166666666667,25.6111111111111,18.4277777777778
2022-06-30,0,0.545164418714384,1.32222222222222,24.9333333333333,15.4222222222222
2022-07-01,0.4572,0.500345818740587,5.61666666666667,27.6666666666667,16.8833333333333
2022-07-02,0.0254,0.524106092795512,7.2,28.7222222222222,17.65
2022-07-03,1.8542,0.263184831454822,8.00555555555555,21.9,13.7722222222222
2022-07-04,0.0254,0.366399701919817,9.97222222222222,22.9722222222222,14.95
2022-07-05,0,0.395318633191423,7.07222222222222,23.7833333333333,15.1055555555556
2022-07-06,0.2286,0.331649466108512,6.72222222222222,28.5,16.0333333333333
2022-07-07,0.0762,0.450955627585767,10.8166666666667,29.5555555555556,18.1833333333333
2022-07-08,0.0508,0.408658158336881,8.31111111111111,28.6666666666667,17.7888888888889
2022-07-09,0.1524,0.369391625529854,6.86111111111111,27.2222222222222,16.4055555555556
2022-07-10,0,0.42747300166573,7.53888888888889,25.3333333333333,16.1666666666667
2022-07-11,0,0.511646373932245,4.36666666666667,25.2,16.3611111111111
2022-07-12,0,0.606683289024029,6.86666666666667,33.2222222222222,20
2022-07-13,0,0.408330245539075,6.91666666666667,29.8888888888889,18.4277777777778
2022-07-14,0,0.591665186164307,8.28333333333333,31.5,20.9777777777778
2022-07-15,0.0254,0.454070724596408,9.87777777777778,31.1666666666667,19.4666666666667
2022-07-16,0,0.539332779155527,8.87777777777778,33.1666666666667,21
2022-07-17,0,0.496259541185598,6.74444444444445,33.8333333333333,20.5111111111111
2022-07-18,0,0.754944797009555,10.7,30.2222222222222,20.5222222222222
2022-07-19,0,0.565559281325815,3.96111111111111,28.2222222222222,17.2111111111111
2022-07-20,0,0.688271320827223,3.81666666666667,32.6111111111111,19.6
2022-07-21,0,0.66944804137183,4.89444444444445,32.2222222222222,19.8611111111111
2022-07-22,0,0.637999952994524,7.03888888888889,31.1666666666667,19.5944444444444
2022-07-23,0,0.599238523320968,5.1,29.6111111111111,18.4888888888889
2022-07-24,0.1778,0.484590374600696,5.43888888888889,28.2777777777778,16.4
2022-07-25,0,0.489136062744185,5.68888888888889,29.4444444444444,18.0944444444444
2022-07-26,0,0.618202218326936,12.6166666666667,30.3888888888889,21.8388888888889
2022-07-27,0,0.635692744783075,7.99444444444445,32.7777777777778,21.2055555555556
2022-07-28,0,0.616944408211688,9.36666666666667,33.3333333333333,22.2722222222222
2022-07-29,0,0.633185445532656,9.55,34.1666666666667,22.4611111111111
2022-07-30,0,0.654416472152095,9.06111111111111,33.9444444444444,22.4944444444444
2022-07-31,0,0.738910070515914,7.04444444444444,36.3333333333333,23.5166666666667
2022-08-01,0,0.679860323850317,11.7944444444444,35.6111111111111,24.7888888888889
2022-08-02,0,0.722789558977864,11.6222222222222,31.1666666666667,23.5666666666667
2022-08-03,0,0.688854349657903,6.55,32.2777777777778,20.5611111111111
2022-08-04,0,0.77561789782613,10.8055555555556,33.7777777777778,22.7777777777778
2022-08-05,0,0.616317549776879,13.2833333333333,27.9444444444444,20.4444444444444
2022-08-06,0,0.520283947209155,8.82222222222222,25.25,16.9888888888889
2022-08-07,0,0.487159376220881,2.60555555555555,28.2777777777778,16.1333333333333
2022-08-08,0,0.597397233989774,4.5,32.5,19.1611111111111
2022-08-09,0,0.587346906802188,5.57222222222222,34.7222222222222,21.0388888888889
2022-08-10,0,0.361672341975451,11.6111111111111,29.1666666666667,20.3777777777778
2022-08-11,0,0.547066034627286,13.0111111111111,32.0555555555556,22.6
2022-08-12,0,0.567736156317324,10.9222222222222,33.9444444444444,22.2
2022-08-13,0.0254,0.610551281996011,10.5333333333333,34.2222222222222,21.4722222222222
2022-08-14,0,0.582586344714904,6.2,30.8888888888889,20.4666666666667
2022-08-15,0,0.551459907464592,5.51111111111111,31.2222222222222,18.8166666666667
2022-08-16,0,0.592445323365817,6.02222222222222,32.6111111111111,19.4611111111111
2022-08-17,0,0.60123170109962,6.25,32.8888888888889,20.5222222222222
2022-08-18,0,0.615379348016674,5.92777777777778,33.2222222222222,21.7166666666667
2022-08-19,0,0.569760098761579,7.68333333333333,33.1111111111111,21.7333333333333
2022-08-20,0.0508,0.482442875055014,9.73888888888889,31.8888888888889,21.1888888888889
2022-08-21,0,0.344556247079715,12.1388888888889,28.2777777777778,19.7611111111111
2022-08-22,0,0.459448966337811,9.06111111111111,31.6111111111111,19.75
2022-08-23,0,0.439840047274988,7.3,29.1666666666667,18.2388888888889
2022-08-24,0.762,0.407559837814429,12.5777777777778,28.7777777777778,19.1388888888889
2022-08-25,0.4064,0.351954717639398,12.3944444444444,26.9444444444444,18.1944444444444
2022-08-26,0,0.314303641662834,8.36666666666667,25.2611111111111,16.7388888888889
2022-08-27,0,0.490589654024976,8.11666666666667,27.6111111111111,17.0944444444444
2022-08-28,0,0.441427682845308,5.52222222222222,22.2944444444444,14.6777777777778
2022-08-29,0,0.402215739480714,1.90555555555556,27.1666666666667,14.5888888888889
2022-08-30,0,0.459612311026325,5.1,31.6111111111111,17.6222222222222
2022-08-31,0,0.471158681596469,5.38333333333333,32.8888888888889,18.0444444444444
2022-09-01,0,0.574481750987466,9.11111111111111,31.7222222222222,19.7222222222222
2022-09-02,0,0.465906440897758,5.71666666666667,33,18.4277777777778
2022-09-03,0,0.640015646509146,8.11111111111111,36.7222222222222,21.7888888888889
2022-09-04,0,0.501122094331899,7.73888888888889,31.2777777777778,19.8166666666667
2022-09-05,0,0.464822687134862,4.77222222222222,31.1666666666667,17.0666666666667
2022-09-06,0,0.467620162959882,2.46111111111111,33.4444444444444,17.3888888888889
2022-09-07,0,0.578627996256782,9.33333333333333,35.6111111111111,20.8388888888889
2022-09-08,0,0.488965653698159,6.82777777777778,23.7555555555556,17.1944444444444
2022-09-09,0,0.239071745695529,-3.42777777777778,15.6611111111111,7.07777777777778
2022-09-10,0,0.318439472373297,-3.84444444444445,23.2444444444444,9.58333333333333
2022-09-11,0,0.363630694860924,-1.11111111111111,26.7777777777778,12.0722222222222
2022-09-12,0,0.385795332264284,4.11111111111111,28.2222222222222,15.6888888888889
2022-09-13,0.0254,0.178267717336226,6.35,19.6388888888889,12.8444444444444
2022-09-14,0,0.231200956534259,8.26111111111111,21.7444444444444,13.2555555555556
2022-09-15,0.5842,0.213173240375552,4.33333333333333,22.1555555555556,12.0388888888889
2022-09-16,0.1778,0.14981370045392,4.40555555555556,18.5777777777778,10.95
2022-09-17,0,0.238397357378696,0.811111111111112,21.9888888888889,10.1277777777778
2022-09-18,0.2794,0.258858249207652,0.911111111111111,24.0333333333333,11.3444444444444
2022-09-19,0,0.213344443087291,4.01111111111111,21.6833333333333,11.9333333333333
2022-09-20,0,0.170651066159249,6.27777777777778,11.8055555555556,8.52222222222222
2022-09-21,0.8128,0.259626415844769,4.25,19.9555555555556,11.7444444444444
2022-09-22,0.5842,0.101863506757919,4.63888888888889,13.5388888888889,9
2022-09-23,0,0.226576470204034,2.02777777777778,18.3055555555556,10.4888888888889
2022-09-24,0,0.239636176927188,1.75555555555555,20.9722222222222,10.9222222222222
2022-09-25,0,0.241054248596828,0.0944444444444454,22.9444444444444,10.7444444444444
2022-09-26,0,0.275615752306695,2.67222222222222,26.7777777777778,13.1
2022-09-27,0,0.278632995403905,2.48888888888889,26.8333333333333,12.9277777777778
2022-09-28,0,0.388972216308441,0.566666666666668,29.8888888888889,15.5055555555556
2022-09-29,0.5588,0.221373636430407,7.88333333333333,20.0444444444444,13.2333333333333
2022-09-30,0.0762,0.103160795904346,6.62222222222222,12.1222222222222,9.01111111111111
2022-10-01,0.8128,0.0610332793829395,8.3,10.8722222222222,9.52222222222222
2022-10-02,0,0.122553997472871,5.70555555555556,15.2222222222222,9.91111111111111
2022-10-03,0,0.177878106905451,5.45555555555556,19.8055555555556,11.5833333333333
2022-10-04,0,0.183949593838674,0.605555555555558,20.8222222222222,9.90555555555556
2022-10-05,0,0.191744876954065,0.977777777777777,21.8833333333333,10.1888888888889
2022-10-06,0,0.179170443752075,-0.205555555555556,19.5833333333333,9.53888888888889
2022-10-07,0,0.168582344870063,-0.233333333333334,19.55,8.6
2022-10-08,0,0.162601896076528,-0.194444444444445,19.8,8.37777777777778
2022-10-09,0,0.157546394323121,-2.02777777777778,19.2555555555556,7.84444444444444
2022-10-10,0,0.206268260412679,-2.23333333333333,19.7611111111111,9.35
2022-10-11,0.0508,0.320279303168273,5.72222222222222,18.2666666666667,13.1944444444444
2022-10-12,0,0.226127888788921,1.28333333333333,20.9777777777778,10.5555555555556
2022-10-13,0,0.159461148359472,-2.97777777777778,18.4555555555556,6.69444444444444
2022-10-14,0,0.15489033648056,-5.06666666666667,18.7555555555556,6.48888888888889
2022-10-15,0,0.165691696012919,-1.47777777777778,16.3833333333333,9.02777777777778
2022-10-16,0,0.149572919471708,-3.98888888888889,17.9444444444444,5.13888888888889
2022-10-17,0,0.163719416457326,-5.93888888888889,20.2111111111111,5.45
2022-10-18,0,0.169581762594987,-6.00555555555556,20.7277777777778,5.36666666666667
2022-10-19,0,0.160247194084829,-6.47777777777778,20.25,5.27222222222222
2022-10-20,0,0.145431877186952,-7.02222222222222,17.0722222222222,6.58333333333333
2022-10-21,0.0254,0.191545058880694,3.11111111111111,16.2833333333333,9.07777777777778
2022-10-22,0.381,0.0392443629127324,0.0722222222222236,3.6,1.82222222222222
2022-10-23,0.0254,0.0927858136447543,-0.588888888888888,4.15,1.47777777777778
2022-10-24,0,0.108975537321774,-5.73333333333333,8.07777777777778,1.92222222222222
2022-10-25,0.254,0.0970996725206999,-3.50555555555556,8.07222222222222,1.45
2022-10-26,0,0.0899710569649135,-4.91666666666667,6.78888888888889,0.388888888888891
2022-10-27,0,0.17576857663777,-2.89444444444445,9.47777777777778,2.91111111111111
2022-10-28,0,0.182323418214425,-2.82777777777778,10.4944444444444,3.12777777777778
2022-10-29,0,0.138182275411833,-5.65555555555556,13.1888888888889,2.85555555555556
2022-10-30,0,0.181462852033861,-4.25555555555556,11.8722222222222,5.19444444444445
2022-10-31,0,0.291647957957346,4.73888888888889,16.3055555555556,10.5611111111111
2022-11-01,0,0.306658127380269,2.21666666666667,17.4888888888889,9.76666666666667
2022-11-02,0.2032,0.105673268904632,-6.52777777777778,9.69444444444445,2.21111111111111
2022-11-03,0,0.0402978481016255,-14.7388888888889,0.266666666666665,-5
2022-11-04,0,0.150689040200412,-3.51666666666667,6.31111111111111,1.70555555555556
2022-11-05,0.1778,0.179090298539248,-5.33888888888889,7.31666666666667,2.98888888888889
2022-11-06,0,0.0683335869379372,-8.13333333333333,5.17222222222222,-2.78888888888889
2022-11-07,0.1778,0.0384898367878495,-13.3722222222222,-4.29444444444445,-9.13888888888889
2022-11-08,0.127,0.0240637968583514,-19.6388888888889,-9.43888888888889,-12.7555555555556
2022-11-09,0.4064,0.0227132402706543,-17.7,-11.1222222222222,-13.1888888888889
2022-11-10,0.127,0.0213415941430808,-22.4611111111111,-6.09444444444444,-14.0055555555556
2022-11-11,0,0.0168637664108632,-25.5388888888889,-9.07777777777778,-18.3833333333333
2022-11-12,0,0.0188740861153754,-24.5833333333333,-5.73888888888889,-17.4666666666667
2022-11-13,0,0.0206468339145479,-18.4388888888889,-4.7,-11.2722222222222
2022-11-14,0,0.0236707351832886,-11.7222222222222,-3.32222222222222,-7.79444444444445
2022-11-15,0,0.0198086580199338,-16.0833333333333,-5.24444444444445,-8.08333333333333
2022-11-16,0.127,0.0161022548835599,-19.4,-6.13888888888889,-12.05
2022-11-17,0,0.0418983523703086,-27.1777777777778,-5.62777777777778,-13.2944444444444
2022-11-18,0,0.0156232628399008,-29.65,-11.2722222222222,-23.1055555555556
2022-11-19,0,0.0145294270682158,-27.9444444444444,-11.7888888888889,-21.25
2022-11-20,0,0.0149571283930473,-24.75,-8.98333333333333,-17.8277777777778
2022-11-21,0,0.0200815176629739,-20.8111111111111,-5.63333333333333,-12.7444444444444
2022-11-22,0,0.0659624666809149,-13.8333333333333,7.14444444444444,-3.30555555555556
2022-11-23,0.0254,0.0512313917042052,-13.1722222222222,3.58333333333334,-1.78888888888889
2022-11-24,0,0.0177291829727229,-15.4388888888889,-0.516666666666666,-9.74444444444444
2022-11-25,0,0.0344989502338506,-13.9666666666667,7,-5.39444444444444
2022-11-26,0.0508,0.0284971944101675,-11.4055555555556,2.97222222222222,-2.40555555555555
2022-11-27,0.0254,0.0902054958715193,-13.1,3.88888888888889,-3.12777777777778
2022-11-28,0,0.0229865447764935,-21.4388888888889,-8.12222222222222,-13.6833333333333
2022-11-29,0.1016,0.0151475910793383,-22.7888888888889,-13.15,-16.95
2022-11-30,0,0.0676232029998411,-22.5055555555556,1.1,-5.83888888888889
2022-12-01,0,0.0557344827881862,-11.2777777777778,2.23888888888889,-1.56666666666667
2022-12-02,0,0.050780588139495,-15.0722222222222,-2.79444444444445,-8.64444444444444
2022-12-03,0,0.0206293239940358,-20.0722222222222,-8.30555555555556,-13.9111111111111
2022-12-04,0.2032,0.0145341860880081,-22.75,-8.71111111111111,-15.1
2022-12-05,0.1016,0.0222582014599058,-10.5111111111111,-1.19444444444444,-6.77222222222222
2022-12-06,0,0.0784277457591404,-7.57777777777778,2.46666666666667,-1.55555555555556
2022-12-07,0,0.0333963737793925,-15.6055555555556,0.183333333333332,-6.56111111111111
2022-12-08,0,0.0442009218782782,-18.9888888888889,-0.111111111111111,-9.67777777777778
2022-12-09,0,0.0455422991297082,-14.3333333333333,-1.36666666666667,-5.15
2022-12-10,0,0.0939944159937429,-10.1777777777778,3.22222222222222,-2.26666666666667
2022-12-11,0.0508,0.0476555745266982,-3.36111111111111,3.31111111111111,0.111111111111113
2022-12-12,0,0.0584098754333394,-8.15555555555556,-1.25555555555556,-6.68333333333333
2022-12-13,0,0.0148331838100536,-15.7444444444444,-4.08333333333333,-8.94444444444445
2022-12-14,0.2794,0.0126841869241364,-12.2388888888889,-4.22777777777778,-6.72777777777778
2022-12-15,0.0254,0.022389858557447,-10.1833333333333,-4.49444444444444,-6.8
2022-12-16,0.1016,0.00841852384524676,-17.9166666666667,-6.45555555555556,-9.71666666666667
2022-12-17,0,0.0356615706941248,-21.0277777777778,0.394444444444445,-9.74444444444444
2022-12-18,0,0.00837533731257738,-22.7222222222222,-10.1,-15.9444444444444
2022-12-19,0,0.046073338400821,-15.9166666666667,-1.42222222222222,-6.80555555555556
2022-12-20,0,0.0435335725196376,-10.9888888888889,1.6,-3.57777777777778
2022-12-21,0.1016,0.0639140208995053,-29.2777777777778,-1.46111111111111,-23.8444444444444
2022-12-22,0.1016,0.00795954359588797,-37.7166666666667,-27.4944444444444,-31.7888888888889
2022-12-23,0,0.0164576539668032,-29.9777777777778,-13.2,-21.5888888888889
2022-12-24,0,0.0441753108358843,-13.8166666666667,7.71666666666667,-5.22222222222222
2022-12-25,0,0.0530218385170081,-0.655555555555555,7.17777777777778,2.88888888888889
2022-12-26,0,0.060857078207543,-1.83333333333333,8.34444444444445,3.79444444444444
2022-12-27,0,0.119724744331952,1.02222222222222,7.83888888888889,4.65555555555556
2022-12-28,0.0254,0.0705120130944391,-4.85,3.21111111111111,-0.0833333333333326
2022-12-29,0,0.0486494420276764,-6.66111111111111,1.95555555555556,-2.80555555555556
2022-12-30,0,0.141010524683568,-2.63333333333333,4.66666666666667,0.244444444444443
2022-12-31,0,0.0254076487996039,-5.76111111111111,2.20555555555555,-1.80555555555556
2023-01-01,0,0.0262832993805134,-10.3277777777778,-0.0999999999999999,-3.96111111111111
2023-01-02,0,0.0225968070423098,-11.1444444444444,-0.0333333333333326,-6.28333333333333
2023-01-03,0,0.0149742785224886,-14.1722222222222,-3.33333333333333,-8.66111111111111
2023-01-04,0,0.0459647943939345,-11.9111111111111,2.81666666666667,-4.35555555555556
2023-01-05,0.0254,0.0883916991088814,-7.17222222222222,5.82222222222222,-1.26111111111111
2023-01-06,0,0.0262194614122187,-7.21666666666667,2.36111111111111,-2.82222222222222
2023-01-07,0,0.0669789981828464,-11.4388888888889,5.90555555555556,-2.13333333333333
2023-01-08,0,0.132253785358041,-4.5,6.26111111111111,1.12222222222222
2023-01-09,0,0.111671350161849,-5.01111111111111,5.7,0.616666666666666
2023-01-10,0,0.0227698378450919,-9.17222222222222,3.9,-3.46111111111111
2023-01-11,0,0.0177419023416179,-10.4166666666667,0.0500000000000019,-6.37777777777778
2023-01-12,0,0.0744513756252983,-10.5555555555556,7.23333333333334,-1.13888888888889
2023-01-13,0,0.118289252146421,0.36111111111111,8.01111111111111,3.89444444444444
2023-01-14,0.3302,0.0707151074788682,0.933333333333333,7.90555555555555,3.27222222222222
2023-01-15,0.0254,0.036488708628447,-1.8,4.39444444444444,0.933333333333333
2023-01-16,0.1778,0.0189677599940535,-8.7,2.18888888888889,-2.32222222222222
2023-01-17,0,0.0271543530083735,-9.23888888888889,-0.338888888888889,-3.92222222222222
2023-01-18,0,0.0272265872150611,-11.6166666666667,1.12222222222222,-6.52222222222222
2023-01-19,0,0.0354216230022246,-8.27777777777778,-0.850000000000001,-3.71111111111111
2023-01-20,0,0.0292026304232534,-12.8555555555556,-0.549999999999999,-7.18333333333333
2023-01-21,0,0.0314959607623029,-13.6055555555556,1.05,-6.84444444444444
2023-01-22,0.0254,0.0358448890719988,-10.5166666666667,0.316666666666667,-4.71111111111111
2023-01-23,0,0.0267925311944265,-14.2833333333333,-4.21666666666667,-8.26111111111111
2023-01-24,0.0254,0.0303701395556548,-15.8666666666667,-0.916666666666666,-7.66111111111111
2023-01-25,0.0254,0.0294577715234347,-9.60555555555556,0.0166666666666673,-4.31666666666667
2023-01-26,0,0.0412941201409124,-7.47777777777778,3.27777777777778,-0.855555555555555
2023-01-27,0.3048,0.0252497505379534,-4.91666666666667,1.18888888888889,-1.08888888888889
2023-01-28,0,0.0651311053414543,-22.1111111111111,-4.50555555555556,-15.0722222222222
2023-01-29,0,0.0186642622561946,-30.9444444444444,-18.4388888888889,-25.6555555555556
2023-01-30,0,0.0185666994306957,-29.6777777777778,-17.0722222222222,-24.8388888888889
2023-01-31,0,0.0233068149378281,-24.5388888888889,-7.89444444444445,-15.7611111111111
2023-02-01,0,0.0558322567775868,-13.8388888888889,2.86111111111111,-5.21666666666667
2023-02-02,0,0.100689171126382,-13.6722222222222,4.68333333333333,-3.88333333333333
2023-02-03,0,0.142442650726956,-8.3,8.07777777777778,1.62222222222222
2023-02-04,0,0.102418096810621,-4.72777777777778,7.48333333333333,1.5
2023-02-05,0,0.0818405783532006,-4.51111111111111,5.12222222222222,0.322222222222221
2023-02-06,0,0.112535479669138,-2.61666666666667,5.63333333333333,1.75
2023-02-07,0,0.0798476389933949,-3.12222222222222,4.39444444444444,0.677777777777777
2023-02-08,0,0.104340725059846,-8.63888888888889,2.20555555555555,-1.45
2023-02-09,0,0.0754592370405363,-14.2833333333333,2.17777777777778,-6.26666666666667
2023-02-10,0,0.0878438649857699,-9.84444444444444,5.36666666666667,-3.29444444444444
2023-02-11,0,0.0607621678964817,-11.9111111111111,3.41111111111111,-5.00555555555556
2023-02-12,0,0.0657695165399495,-12.3833333333333,4.36111111111111,-4.70555555555555
2023-02-13,0,0.186011137573888,-4.36111111111111,9.26111111111111,1.92777777777778
2023-02-14,0,0.0564707853532919,-18.5222222222222,-2.23888888888889,-7.13888888888889
2023-02-15,0,0.0455702883190905,-21.0222222222222,-4.7,-13.1944444444444
2023-02-16,0,0.0608870281633704,-17.1555555555556,-0.327777777777778,-8.48888888888889
2023-02-17,0,0.147681277259526,-11.6722222222222,3.85,-2.77777777777778
2023-02-18,0.1016,0.0949071574771439,-6.33333333333333,1.72777777777778,-1.71111111111111
2023-02-19,0,0.0935584554959986,-8.9,3.34444444444445,-1.02222222222222
2023-02-20,0,0.102916900619212,-1.05,6.45,2.48888888888889
2023-02-21,0.2286,0.130391318490107,-17.6444444444444,6.45,-5.42222222222222
2023-02-22,0,0.0419282638286153,-24.5833333333333,-17.5055555555556,-20.5333333333333
2023-02-23,0,0.0412255359296923,-24.9555555555556,-16.1666666666667,-20.9055555555556
2023-02-24,0,0.0473057525641603,-23.7277777777778,-10.1,-17.6611111111111
2023-02-25,0,0.162573992669401,-18.6055555555556,7.08333333333333,-3.6
2023-02-26,0.0254,0.137872363692041,-5.10555555555556,7.83888888888889,0.177777777777778
2023-02-27,0,0.144446092428292,-9.81666666666667,2.56666666666667,-3.02777777777778
2023-02-28,0,0.118287262475945,-7.78333333333333,1.59444444444444,-3.20555555555556
2023-03-01,0,0.0693199053081045,-14.5555555555556,-0.644444444444445,-7.17777777777778
2023-03-02,0,0.171533249873913,-8.69444444444444,6.25555555555555,-1.83888888888889
2023-03-03,0.0508,0.0904623610668609,-9.11111111111111,-0.777777777777777,-4.41111111111111
2023-03-04,0,0.123597421994693,-10.6888888888889,1.38333333333333,-5.13888888888889
2023-03-05,0,0.0711337693455226,-9.57222222222222,-2.93888888888889,-6.55
2023-03-06,0.127,0.0551082376171411,-11.3611111111111,-3.27777777777778,-7.61666666666667
2023-03-07,0,0.0837358248549934,-16.5222222222222,0.816666666666666,-8.45
2023-03-08,0,0.104669565397004,-15.0222222222222,1.32222222222222,-8.34444444444444
2023-03-09,0,0.112399293661627,-13.4,2,-6.36666666666667
2023-03-10,0.2794,0.109977320985528,-4.97222222222222,7.04444444444444,-1.63333333333333
2023-03-11,0,0.10943032564668,-4.92222222222222,1.92222222222222,-2.25
2023-03-12,0,0.154188398913125,-4.93888888888889,5.83888888888889,-0.716666666666666
2023-03-13,0,0.224331568835622,-2.57777777777778,10.45,3.58888888888889
2023-03-14,0.2286,0.150517207001239,-1.03333333333333,5.90555555555556,2.02777777777778
2023-03-15,0.2794,0.07914994583146,-7.68888888888889,0.961111111111109,-1.89444444444444
2023-03-16,0,0.107872390034717,-13.4444444444444,1.85,-5.41111111111111
2023-03-17,0,0.145143273956708,-11.6333333333333,5.12777777777778,-3.73333333333333
2023-03-18,0,0.206558959736958,-8.9,8.77777777777778,-0.93888888888889
2023-03-19,0,0.204482358527863,-7.75555555555556,9.21111111111111,0.350000000000001
2023-03-20,0,0.132368237521456,-7.10555555555556,4.72222222222222,-1.36111111111111
2023-03-21,0,0.164113518121978,-6.34444444444445,4.60555555555556,-1.49444444444445
2023-03-22,0,0.165146654675763,-11.8444444444444,6.06111111111111,-3.25
2023-03-23,0,0.165662502997395,-9.81111111111111,8.43333333333333,-0.98888888888889
2023-03-24,0,0.13160835786854,-6.47777777777778,3.54444444444445,-0.644444444444445
2023-03-25,0,0.1228468053067,-4.06111111111111,0.222222222222221,-2.3
2023-03-26,0.127,0.094161400949822,-4.80555555555556,-1.12222222222222,-3.30555555555556
2023-03-27,0.0254,0.116176057544497,-17.3055555555556,2.88888888888889,-5.6
2023-03-28,0,0.156971376836933,-6.02777777777778,4.41666666666667,-1.52777777777778
2023-03-29,0.1778,0.0751898133621449,-6.84444444444444,4.03333333333333,-1.37777777777778
2023-03-30,0.3302,0.0660759711310095,-2.47777777777778,-0.711111111111112,-1.45555555555556
2023-03-31,0.0254,0.141686865446864,-9.48888888888889,5.8,-1.43333333333333
2023-04-01,0,0.177062618328805,-4.79444444444444,6.51666666666666,1.33888888888889
2023-04-02,0,0.187328331394929,-6.36666666666667,3.39444444444444,-1.58888888888889
2023-04-03,0,0.138625754062918,-9.03888888888889,3.86666666666667,-3.13888888888889
2023-04-04,0,0.160926414909259,-6.87777777777778,1.03888888888889,-3.32222222222222
2023-04-05,0,0.134446858465193,-10.7611111111111,3.51111111111111,-4.53333333333333
2023-04-06,0,0.289740301034668,-7.14444444444444,9.93888888888889,1.42222222222222
2023-04-07,0,0.401116102273271,-1.87777777777778,14.8666666666667,5.43333333333333
2023-04-08,0,0.287872343872009,0.872222222222222,12.8166666666667,6.36666666666667
2023-04-09,0,0.375910720585903,-2.15,18.1666666666667,7.98888888888889
2023-04-10,0,0.614211404414269,5.73888888888889,23.9833333333333,13.9333333333333
2023-04-11,0.0254,0.335407992127075,-0.144444444444445,17.1055555555556,8.59444444444444
2023-04-12,0.0254,0.111190720662697,-2.28333333333333,4.03888888888889,0.76111111111111
2023-04-13,0.0254,0.129791239089028,-5.52777777777778,3.98333333333333,-0.333333333333334
2023-04-14,0,0.169516393389967,-9.69444444444444,6.16111111111111,-1.31666666666667
2023-04-15,0,0.266193771650424,-9.92222222222222,11.8222222222222,1.4
2023-04-16,0,0.463720454868219,-0.911111111111111,17.5611111111111,8.91111111111111
2023-04-17,0,0.275851155248259,-0.738888888888888,14.4944444444444,5.21666666666667
2023-04-18,0.0254,0.0997489336493975,-3.95,4.68333333333333,0.450000000000001
2023-04-19,0,0.2409676029713,-2.42222222222222,5.09444444444445,0.994444444444444
2023-04-20,0,0.21608934007918,-7.15,8.06111111111111,0.2
2023-04-21,0.0508,0.145116070081607,-5.36666666666667,7.78888888888889,-0.227777777777778
2023-04-22,0,0.206205121259793,-5.52777777777778,8.55,0.633333333333334
2023-04-23,0,0.286133755633471,-8.22777777777778,15.0888888888889,3.8
2023-04-24,0.5842,0.166407017313927,1.58333333333333,10.7222222222222,4.56666666666667
2023-04-25,0,0.190991290271192,0.216666666666667,11.5666666666667,5.25
2023-04-26,0,0.311709723869831,-4.01666666666667,17.2666666666667,7.31111111111111
2023-04-27,0.0254,0.328535309408402,-0.494444444444445,14.0555555555556,7.56666666666667
2023-04-28,0,0.363651856583186,-4.93333333333333,20.5,7.61111111111111
2023-04-29,0,0.427229715245681,-1.62222222222222,23.1388888888889,10.9777777777778
2023-04-30,0,0.468642216959401,-1.86111111111111,25.2722222222222,12.8888888888889
2023-05-01,0,0.542405299572587,0.222222222222221,27.2222222222222,15.3333333333333
2023-05-02,0,0.489273024802625,1.08333333333334,27.6666666666667,15.2666666666667
2023-05-03,0,0.492843971003509,3.15,25.9277777777778,16.0944444444444
2023-05-04,0.1524,0.414198383244608,0.48888888888889,26.2833333333333,13.55
2023-05-05,0.1016,0.423142237200017,4.53888888888889,19.0444444444444,12.0722222222222
2023-05-06,1.2446,0.159935460484584,3.55555555555555,11.1666666666667,7.20555555555555
2023-05-07,0.0762,0.227261765989247,-0.533333333333334,13.9,6.17222222222222
2023-05-08,0.0508,0.299114895757393,1.89444444444444,15.1166666666667,7.7
2023-05-09,0.4826,0.183289425946539,1.93333333333333,10.8888888888889,6.82222222222222
2023-05-10,0,0.315541432114687,2.06111111111111,15.9722222222222,8.57222222222222
2023-05-11,0.0254,0.317907894003085,3.18333333333333,17.6,10.55
2023-05-12,0,0.326513203693663,-0.944444444444444,18.2777777777778,9.55
2023-05-13,0,0.26387557106342,1.57222222222222,16.6388888888889,10.0222222222222
2023-05-14,0,0.343555877483043,7.96111111111111,20.5666666666667,13.2888888888889
2023-05-15,0,0.439986953166471,4.25,24.5722222222222,13.8444444444444
2023-05-16,0.0762,0.406191869584616,4.25,23.5111111111111,14.2222222222222
2023-05-17,0,0.384564324170814,8.27777777777778,19.7333333333333,13.7277777777778
2023-05-18,0,0.392021560838692,2.28333333333333,21.6944444444444,12.2666666666667
2023-05-19,0,0.470585298978484,1.60555555555556,25.4833333333333,13.7888888888889
2023-05-20,0,0.472813520386773,3.84444444444445,27.6666666666667,15.8222222222222
2023-05-21,0,0.451802851896201,5.55555555555556,27,16.0666666666667
2023-05-22,0.1778,0.383645531921459,8.67777777777778,23.2777777777778,13.3722222222222
2023-05-23,0,0.424736436423687,-0.483333333333334,22.6666666666667,11.9944444444444
2023-05-24,0.7874,0.283438050639909,7.43333333333334,19.5166666666667,13.4055555555556
2023-05-25,0,0.192496517095584,7.95555555555556,14.5055555555556,10.7444444444444
2023-05-26,0.127,0.284090330834195,8.08888888888889,18.5166666666667,12.0944444444444
2023-05-27,0.5588,0.224543162558667,6.26111111111111,17.2833333333333,10.7722222222222
2023-05-28,0.0254,0.310174986689432,6.72222222222222,17.4055555555556,11.8388888888889
2023-05-29,0,0.386825943503618,4.13888888888889,22.1722222222222,13.0444444444444
2023-05-30,0,0.488534362911001,4.29444444444444,23.8166666666667,14.8888888888889
2023-05-31,0.5842,0.313092413274981,7.26111111111111,21.5777777777778,13.3388888888889
2023-06-01,0,0.333552522004035,9.46111111111111,18.5333333333333,14.0333333333333
2023-06-02,0.2032,0.178757988399614,8.65,14.3444444444444,11.7833333333333
2023-06-03,0.1778,0.138775557628176,10.1722222222222,15.1444444444444,11.9444444444444
2023-06-04,0.2286,0.461570644994899,5.26666666666666,22.9944444444444,15.2833333333333
2023-06-05,0.1524,0.379851299052854,10.3111111111111,23.4277777777778,15.4611111111111
2023-06-06,0.0254,0.42800879840204,7.97777777777778,24.2,15.3055555555556
2023-06-07,0,0.496365497979805,7.49444444444445,27.1111111111111,17.4611111111111
2023-06-08,1.4478,0.204215169927996,9.86111111111111,19.4277777777778,14.1222222222222
2023-06-09,0.127,0.441321623286245,11.8444444444444,22.45,16.7611111111111
2023-06-10,0,0.361246221833259,8.81666666666667,22.6666666666667,15.4888888888889
2023-06-11,0.3302,0.315983937917922,9.35555555555556,22.1166666666667,14.7777777777778
2023-06-12,0.254,0.306751315036783,11.3722222222222,22.3111111111111,14.6777777777778
2023-06-13,0,0.279583013380918,7.79444444444445,20.9666666666667,13.9611111111111
2023-06-14,0,0.536652084179665,7.51666666666667,19.1666666666667,14.3944444444444
2023-06-15,0,0.26567123651602,1.56666666666667,15.5166666666667,9.11111111111111
2023-06-16,0,0.445378467824466,2.01111111111111,20.6055555555556,12.3111111111111
2023-06-17,0.1524,0.298325105510094,7.76666666666666,20.0111111111111,13.1166666666667
2023-06-18,0.6604,0.335454426576479,6.18888888888889,16.1777777777778,10.8333333333333
2023-06-19,0.127,0.228498479611947,1.38888888888889,11.4666666666667,6.76111111111111
2023-06-20,0.1778,0.299288941307946,-0.294444444444445,14.1166666666667,6.81666666666667
2023-06-21,0.0762,0.344392824218074,0.36111111111111,14.4555555555556,7.81666666666667
2023-06-22,0,0.47690243342214,-1.03888888888889,21.6111111111111,11.0777777777778
2023-06-23,0.0254,0.286953224272916,2.25,20.4611111111111,11.7444444444444
2023-06-24,0,0.434296868992139,8.21666666666667,22.6333333333333,14.1111111111111
2023-06-25,0.4064,0.375282687576407,5.38888888888889,23.7722222222222,13.6722222222222
2023-06-26,0.0508,0.390987276276713,3.95555555555555,22.9777777777778,13.4611111111111
2023-06-27,0,0.384069708053538,7.6,22.4111111111111,14.4
2023-06-28,0.0254,0.332129329032995,8.67222222222222,20.15,14.6555555555556
2023-06-29,0,0.533499367584894,5.37222222222222,27.0555555555556,16.1444444444444
2023-06-30,0,0.546644014654078,7.40555555555556,28.1666666666667,18.5055555555556
2023-07-01,0.3556,0.441974164583769,7.71111111111111,27.1111111111111,17.4666666666667
2023-07-02,0,0.67518943111382,4.23333333333333,29.2222222222222,18.5388888888889
2023-07-03,0,0.602495218409431,6.34444444444445,23.9,16.9333333333333
2023-07-04,0,0.504016727344957,8.36666666666667,20.9388888888889,14.4055555555556
2023-07-05,0,0.458507833729072,1.89444444444444,25.0833333333333,14.2111111111111
2023-07-06,0.381,0.363540009862952,5.52222222222222,24.0388888888889,14.1666666666667
2023-07-07,0.1778,0.426487446387567,3.87222222222222,25.9,14.5888888888889
2023-07-08,0,0.469687873779861,4.72222222222222,28.1666666666667,15.9333333333333
2023-07-09,0,0.444404461696879,7.12777777777778,29.3888888888889,17.7833333333333
2023-07-10,0.4572,0.335286258750296,9.35555555555556,27.1111111111111,16.4166666666667
2023-07-11,0,0.571115105557242,9.13888888888889,27.1111111111111,18.5444444444444
2023-07-12,0,0.542061140755066,2.46111111111111,27.8888888888889,16.7555555555556
2023-07-13,0.0508,0.49633659625171,8.13333333333333,26.5944444444444,17.7888888888889
2023-07-14,0,0.527979124190999,4.98333333333333,26.6333333333333,17.0388888888889
2023-07-15,0,0.542579345773147,6.08888888888889,28.7777777777778,17.8222222222222
2023-07-16,0,0.594869264999671,6.23888888888889,31.3333333333333,20.0055555555556
2023-07-17,0,0.650064609902513,9.10555555555556,31.5,20.2888888888889
2023-07-18,0,0.627040234184777,5.27777777777778,27.1666666666667,18.3333333333333
2023-07-19,0,0.590479127587782,4.07222222222222,29.5555555555556,18.15
2023-07-20,0.0254,0.634829225377082,6.47777777777778,32.1666666666667,19.0333333333333
2023-07-21,0,0.569069453142515,7.72222222222222,32.5,20.9111111111111
2023-07-22,0,0.702967884752731,8.75555555555555,35.5555555555556,22.8277777777778
2023-07-23,0,0.60496764923537,7.04444444444444,34.5555555555556,21.2666666666667
2023-07-24,0,0.519625166046844,10.4333333333333,32.6666666666667,21.3222222222222
2023-07-25,0,0.627370098144628,11.6111111111111,29.7222222222222,20.75
2023-07-26,0,0.566455730629308,6.53888888888889,28.7222222222222,18.7111111111111
2023-07-27,0.0762,0.426642378318586,4.45,26.6666666666667,16.7111111111111
2023-07-28,0.4572,0.401291614116919,9.45,25.2888888888889,16.8666666666667
2023-07-29,0,0.564779470763111,7.31666666666667,33.1666666666667,19.7055555555556
2023-07-30,0,0.551808314110981,10.1666666666667,33.3333333333333,20.7611111111111
2023-07-31,0,0.554528801123427,3.70555555555556,32.7222222222222,19.9
2023-08-01,0,0.60977980414775,6.03333333333333,31.4444444444444,21.0166666666667
2023-08-02,0,0.489955259123294,9.12777777777778,30,19.0277777777778
2023-08-03,0,0.399637759914487,7.61111111111111,27.1111111111111,17.9333333333333
2023-08-04,0,0.283438714291065,13.4166666666667,23.35,17.8555555555556
2023-08-05,1.016,0.131823436685575,12.6388888888889,17.6222222222222,14.3222222222222
2023-08-06,0.1524,0.362617381231237,10.0555555555556,22.1333333333333,15.4277777777778
2023-08-07,0,0.421772456178239,6.91666666666667,24.6444444444444,15.4222222222222
2023-08-08,0.0254,0.43586712371677,9.71666666666667,25.4222222222222,17.3111111111111
2023-08-09,0,0.458740654965739,8.98333333333333,28.5,17.7944444444444
2023-08-10,0,0.510146737260548,7.14444444444444,26.2444444444444,16.85
2023-08-11,0,0.484949069983863,3.58333333333334,27.0555555555556,16.1777777777778
2023-08-12,0,0.492086359428651,5.27777777777778,26.7222222222222,16.6833333333333
2023-08-13,0,0.518201167633382,6.92777777777778,26.3,17.6055555555556
2023-08-14,0,0.530120240385747,3.8,32.2777777777778,17.9888888888889
2023-08-15,0,0.565341954515962,7.05,34.2777777777778,21.0611111111111
2023-08-16,0,0.510100442101099,10.1111111111111,33.5,22.5166666666667
2023-08-17,0,0.523314838116943,6.88888888888889,34.7777777777778,21.6
2023-08-18,0.0254,0.503991986333801,11.4277777777778,30.9444444444444,20.3888888888889
2023-08-19,0.0254,0.373343053409981,8.23333333333333,26.1833333333333,16
2023-08-20,0.0508,0.195232627997719,12.8,18.8666666666667,15.6888888888889
2023-08-21,0.3556,0.252075868190477,12.5166666666667,27.1111111111111,18.1
2023-08-22,0.5334,0.473569810461225,11.4611111111111,28.5555555555556,20.4055555555556
2023-08-23,0.127,0.355581416518198,10.5222222222222,23.4944444444445,16.6444444444444
2023-08-24,0,0.418773638756955,4.23333333333333,26.3,15.4111111111111
2023-08-25,0.127,0.427307077532091,5.66666666666667,28,16.2777777777778
2023-08-26,0,0.447456049957064,7.89444444444445,28.4444444444444,17.8444444444444
2023-08-27,0,0.411022344193429,5.84444444444445,28.8888888888889,17
2023-08-28,0,0.422232228581448,5.55555555555556,29.5,17.7055555555556
2023-08-29,0.0508,0.541964833639156,8.20555555555556,33.5555555555556,19.0055555555556
2023-08-30,0,0.333801704024174,7.86111111111111,19.5055555555556,13.7444444444444
2023-08-31,0,0.437481904331173,6.26666666666667,24.2777777777778,16.1111111111111
2023-09-01,0,0.417164118924577,3.16111111111111,29.6111111111111,15.8722222222222
2023-09-02,0,0.345196040368482,6.40555555555556,28.0555555555556,17.3166666666667
2023-09-03,0.2286,0.21250854844144,7.76666666666666,22.2555555555556,14.25
2023-09-04,0.6096,0.179293939832891,10.9611111111111,18.55,13.5833333333333
2023-09-05,0,0.265322613420566,4.17777777777778,23.3555555555556,13.4055555555556
2023-09-06,0.1524,0.35148717834361,3.33888888888889,24.8388888888889,14.2944444444444
2023-09-07,0.381,0.240058293932031,8.18888888888889,21.6611111111111,13.85
2023-09-08,0.2286,0.283590659172587,6.39444444444444,22.05,14.2333333333333
2023-09-09,0,0.291871939868597,2.59444444444445,23.1055555555556,12.8111111111111
2023-09-10,0,0.318199822618077,2.80555555555555,24.2888888888889,13.4722222222222
2023-09-11,0,0.312307764396448,3.77777777777778,25.5277777777778,14.2555555555556
2023-09-12,0,0.308269248952439,5.56666666666667,26.5111111111111,15.3166666666667
2023-09-13,0,0.279227397692484,4.82222222222222,22.0111111111111,13.3333333333333
2023-09-14,0,0.284469009886814,0.116666666666667,21.4833333333333,10.45
2023-09-15,0,0.312785246244202,0.0999999999999999,25.2,11.6111111111111
2023-09-16,0,0.348789835434626,-0.116666666666667,27.2222222222222,12.8166666666667
2023-09-17,0,0.50242607038486,0.733333333333334,29.7777777777778,15.1222222222222
2023-09-18,0,0.416348776249215,5.19444444444445,26.0833333333333,15.2555555555556
2023-09-19,0,0.308165903830748,1.79444444444444,19.7833333333333,11.7666666666667
2023-09-20,0,0.26524447602159,-3.23888888888889,18.0888888888889,8.22777777777778
2023-09-21,0.0254,0.152052191026167,5.1,9.82222222222222,6.70555555555556
2023-09-22,0.3302,0.0840865693496318,5.65,10.1555555555556,7.67777777777778
2023-09-23,0,0.240357284909318,0.805555555555557,20.2888888888889,10.8388888888889
2023-09-24,0,0.300849937159506,-0.572222222222223,22.7444444444444,10.3777777777778
2023-09-25,0,0.392291931519076,-0.00555555555555642,26.9444444444444,13.9
2023-09-26,0,0.440723314310542,7.22777777777778,23.2222222222222,15.5944444444444
2023-09-27,0,0.176433215223373,-1.93333333333333,18.1166666666667,7.38888888888889
2023-09-28,0,0.221442905505413,-2.99444444444444,15.2555555555556,6.53333333333333
2023-09-29,0,0.216708924436572,-3.4,17.5055555555556,6.87777777777778
2023-09-30,0.0508,0.179455494101317,2.44444444444444,13.0277777777778,7.13888888888889
2023-10-01,0.4318,0.106079511747059,4.35,9.05555555555555,6.16666666666667
2023-10-02,0.0254,0.108403238055028,0.86111111111111,11.1777777777778,6.72777777777778
2023-10-03,0.1778,0.0967502663408593,5.16111111111111,11.2444444444444,7.67777777777778
2023-10-04,0,0.159130121495279,4.60555555555556,16.3166666666667,10.0222222222222
2023-10-05,0,0.12426934776524,3.60555555555556,15.8944444444444,9.09444444444444
2023-10-06,0,0.171632773857035,-0.88888888888889,17.9444444444444,8.17222222222222
2023-10-07,0,0.194757815244867,-3.16111111111111,22.4777777777778,7.77777777777778
2023-10-08,0,0.219256018317459,-1.27222222222222,24.65,9.21111111111111
2023-10-09,0,0.345632699292501,0.227777777777776,26.4333333333333,13.4111111111111
2023-10-10,0.0254,0.266118259216029,7.65,20.9388888888889,12.7277777777778
2023-10-11,0.0254,0.135778040699064,3.34444444444445,11.8111111111111,7.42777777777778
2023-10-12,0,0.149519236309919,3.11111111111111,11.1,6.65555555555555
2023-10-13,0,0.145611627876839,0.877777777777777,14.9,8.02222222222222
2023-10-14,0,0.126454983718149,-2.73888888888889,15.6333333333333,5.44444444444444
2023-10-15,0,0.152391507906329,0.216666666666667,18.3388888888889,8.79444444444444
2023-10-16,0,0.210819551823891,-0.777777777777777,25.2222222222222,10.7166666666667
2023-10-17,0,0.267670569494429,-0.716666666666666,17.1277777777778,10.1833333333333
2023-10-18,0,0.171350191252884,-4.61666666666667,20.2666666666667,6.50555555555556
2023-10-19,0,0.232781911150807,-1.17222222222222,25.8277777777778,11.4333333333333
2023-10-20,0,0.230922985484298,1.23333333333333,25.7277777777778,12.2166666666667
2023-10-21,0,0.163745547415017,-0.338888888888889,21.3611111111111,8.62777777777778
2023-10-22,0.0254,0.152125952452787,-1.36111111111111,22.0388888888889,7.87222222222222
2023-10-23,0.0508,0.10623917574166,3.47222222222222,13.0666666666667,8.04444444444444
2023-10-24,0.1016,0.0998937595939265,-5.79444444444444,8.31666666666667,2.03888888888889
2023-10-25,0.3048,0.0593581908519111,-10.5166666666667,-4.49444444444444,-8.10555555555556
2023-10-26,0.0762,0.0448272451998621,-12.1611111111111,-7.28333333333333,-10.4277777777778
2023-10-27,0.0508,0.0344001614316978,-20.9111111111111,-6.95,-10.8222222222222
2023-10-28,0,0.0399525051736856,-19.7,-4.51666666666667,-11.1888888888889
2023-10-29,0,0.0357510683221798,-21.2166666666667,-5.06666666666667,-12.8666666666667
2023-10-30,0,0.0386369424134602,-19.7888888888889,-1.03333333333333,-11.7611111111111
2023-10-31,0,0.0435279252432355,-17.1277777777778,2.89444444444445,-7.98888888888889
2023-11-01,0,0.0373016763902135,-14.6444444444444,0.744444444444446,-6.00555555555556
2023-11-02,0.0508,0.0820904351038108,-3.40555555555556,10.0888888888889,2.93333333333333
2023-11-03,0,0.0648760512038345,-3.16111111111111,9.48888888888889,3.87222222222222
2023-11-04,0,0.0840882952968058,-5.09444444444445,10.7722222222222,3.20555555555556
2023-11-05,0.0762,0.0858001636172151,-1.75555555555556,11.6611111111111,5.79444444444444
2023-11-06,0.127,0.0932677096980241,-1.85555555555556,12.7277777777778,4.33888888888889
2023-11-07,0,0.138716601187758,1.07777777777778,7.68888888888889,4.01666666666666
2023-11-08,0,0.0783598216246584,-5.29444444444445,7.42222222222222,0.916666666666666
2023-11-09,0,0.0554228132401779,-10.4222222222222,6.87777777777778,-2.60555555555556
2023-11-10,0,0.0546318818549022,-7.11666666666667,5.48333333333333,-1.68888888888889
2023-11-11,0,0.18609814530503,-4.03333333333333,10.8555555555556,4.88333333333333
2023-11-12,0,0.13790115720578,-3.37777777777778,13.2777777777778,4.52777777777778
2023-11-13,0,0.251391359500461,-1.12222222222222,15.1277777777778,6.96111111111111
2023-11-14,0,0.0607386917323166,-7.25,7.71111111111111,-1.28888888888889
2023-11-15,0,0.204322139098711,-4.04444444444445,15.65,6.41666666666667
2023-11-16,0,0.0736148540518535,-7.38333333333333,7.55,1.83888888888889
2023-11-17,0,0.0476925625775198,-10.3888888888889,9.03333333333333,-2.75555555555556
2023-11-18,0,0.0463271356339996,-11.3555555555556,9.24444444444445,-2.43888888888889
2023-11-19,0.0254,0.0751525145030455,-4.42222222222222,3.72777777777778,0.138888888888889
2023-11-20,0,0.062154593108555,-9.44444444444444,4.97222222222222,-0.977777777777779
2023-11-21,0,0.0369236851688891,-11.9611111111111,5.22222222222222,-4.23888888888889
2023-11-22,0,0.0474065003614237,-7.21111111111111,4.73333333333334,-0.666666666666666
2023-11-23,0,0.072635428229034,-7.45555555555556,0.711111111111112,-2.49444444444444
2023-11-24,0,0.0395282091935246,-16.0444444444444,-3.04444444444444,-7.73333333333333
2023-11-25,0,0.0196556892753307,-17.8388888888889,-1.74444444444444,-10.9666666666667
2023-11-26,0,0.0302510534355063,-16.2388888888889,1.31666666666667,-8.46111111111111
2023-11-27,0,0.0270245724135108,-16.2444444444444,2.30555555555555,-8.42777777777778
2023-11-28,0,0.0297853974564135,-17.5111111111111,3.71111111111111,-8.68888888888889
2023-11-29,0,0.0360871801346037,-16.7888888888889,3.4,-7.97222222222222
2023-11-30,0.0508,0.0306662891197707,-16.4055555555556,-0.383333333333334,-7.91666666666667
2023-12-01,0,0.0516392832066985,-10.7722222222222,2.76666666666666,-4.04444444444445
2023-12-02,0.0254,0.0710716637113775,-8.61111111111111,2.42222222222222,-2.15
2023-12-03,0,0.0754208571933605,-9.00555555555556,8.02777777777778,-1.16666666666667
2023-12-04,0,0.110167967333014,0.388888888888891,8.33888888888889,4.94444444444444
2023-12-05,0,0.231901579667821,4.73888888888889,14.8555555555556,8.84444444444444
2023-12-06,0,0.231901579667821,3.38888888888889,15.0666666666667,8.84444444444444
2023-12-07,0.0762,0.0931417002596388,-7.03888888888889,8.38333333333334,2.18333333333333
2023-12-08,0.0508,0.0334992725153791,-6.28888888888889,0.483333333333332,-3.30555555555556
2023-12-09,0,0.0781511864525201,-14.1555555555556,-0.333333333333334,-5.03888888888889
2023-12-10,0,0.0464007052870284,-4.30555555555556,2.41111111111111,-0.744444444444444
2023-12-11,0,0.027923616665555,-2.26666666666667,2.57222222222222,-0.388888888888889
2023-12-12,0,0.0297623714795418,-9.32222222222222,1.3,-1.91111111111111
2023-12-13,0,0.0156414600360056,-16.5166666666667,2.17777777777778,-8.54444444444444
2023-12-14,0,0.0129122411905517,-16.9888888888889,-0.722222222222223,-9.57777777777778
2023-12-15,0,0.0199001490239838,-13.4111111111111,2.32222222222222,-6.47222222222222
2023-12-16,0,0.0236781269782663,-13.0555555555556,3.75555555555555,-6.37222222222222
2023-12-17,0,0.0289599069326019,-12.4444444444444,5.62222222222222,-5.67777777777778
2023-12-18,0,0.0366488502261878,-11.7277777777778,1.81666666666667,-4.24444444444445
2023-12-19,0,0.118243975644265,-4.23333333333333,12.1444444444444,3.79444444444444
2023-12-20,0,0.033048727616097,-5.14444444444445,9.73333333333334,0.827777777777779
2023-12-21,0,0.0863052643702958,-5.49444444444445,12.1666666666667,2.75
2023-12-22,0,0.094695320447543,-5.70555555555556,10.7111111111111,2.21111111111111
2023-12-23,0.0508,0.0712503226689194,-11.5722222222222,2.85,-2.54444444444444
2023-12-24,0,0.0211377666161601,-19.5888888888889,-1.51111111111111,-11.3
2023-12-25,0,0.0166356564549889,-21.8444444444444,-0.288888888888889,-14.1111111111111
2023-12-26,0,0.0249520932430737,-20.7166666666667,-3.66111111111111,-13.1388888888889
2023-12-27,0,0.0381845197808766,-18.75,4.61111111111111,-7.81111111111111
2023-12-28,0,0.0279680526243685,-10.05,6.62777777777778,-3.61111111111111
2023-12-29,0,0.0210950704001044,-10.5444444444444,7.41666666666667,-4.13333333333333
2023-12-30,0,0.0231461679154039,-12.3777777777778,5.79444444444444,-4.89444444444444
2023-12-31,0,0.0223568222668509,-12.6055555555556,4.75,-5.65
2024-01-01,0,0.0210806541271248,-14.05,4.29444444444444,-6.86111111111111
2024-01-02,0,0.0171286182211879,-17.9722222222222,2.17777777777778,-9.47777777777778
2024-01-03,0,0.0246298346677652,-15.7722222222222,-0.133333333333332,-8.38888888888889
2024-01-04,0,0.0354750103504073,-8.78333333333333,0.76111111111111,-4.00555555555556
2024-01-05,0,0.0422780967656979,-11.9444444444444,3.75,-3.69444444444444
2024-01-06,0,0.113736588876864,-8.77777777777778,1.54444444444445,-2.67222222222222
2024-01-07,0.0254,0.0354325746606952,-10.4277777777778,-2.57222222222222,-5.66111111111111
2024-01-08,0,0.0489165951457096,-14.0222222222222,-2.50555555555556,-7.18333333333333
2024-01-09,0,0.143024591447072,-4.58888888888889,1.72222222222222,-1.07222222222222
2024-01-10,0.0254,0.065530317845222,-9.91666666666667,-1.07222222222222,-4.87222222222222
2024-01-11,0,0.0679347535807066,-28.0166666666667,-0.422222222222223,-11.2
2024-01-12,0.0254,0.0114895265713927,-36.3666666666667,-27.6555555555556,-30.1277777777778
2024-01-13,0,0.00643342851543012,-39.6722222222222,-24.45,-33.4055555555556
2024-01-14,0.0254,0.0114229511957048,-35.0722222222222,-19.3166666666667,-25.8333333333333
2024-01-15,0,0.0113469533639734,-36.7944444444444,-19.8055555555556,-26.2333333333333
2024-01-16,0,0.0153561236486639,-26.0388888888889,-12.2277777777778,-20.1555555555556
2024-01-17,0,0.0605828898890785,-19.4055555555556,3.17222222222222,-7.56111111111111
2024-01-18,0.0254,0.0558681229836263,-17.7166666666667,-1.91111111111111,-13.5611111111111
2024-01-19,0,0.0210664434003778,-20.5277777777778,-7.57222222222222,-12.5888888888889
2024-01-20,0,0.0354523551942144,-9.89444444444445,0.499999999999999,-5.14444444444445
2024-01-21,0.0254,0.0659317607622295,-6.98888888888889,6.4,1.48333333333333
2024-01-22,0,0.100304322565847,-2.08888888888889,6.63888888888889,2.53333333333333
2024-01-23,0,0.0430390548453064,-6.81666666666667,5.94444444444445,-0.0166666666666673
2024-01-24,0,0.0744002570217435,-8.69444444444444,7.22777777777778,-0.0111111111111109
2024-01-25,0,0.0648888512116906,-6.55,4.7,-0.233333333333334
2024-01-26,0,0.0761119669867323,-8.67222222222222,5.67777777777778,-2
2024-01-27,0,0.101815948630118,-8.57777777777778,9.60555555555556,0.783333333333331
2024-01-28,0,0.14455119704431,1.3,14.2222222222222,6.64444444444444
2024-01-29,0,0.0761794854133445,-4.07777777777778,15.6777777777778,3.28888888888889
2024-01-30,0,0.101350327517305,-5.65555555555556,16.7777777777778,2.67777777777778
2024-01-31,0,0.21483940165933,-3.94444444444445,15.1277777777778,5.48888888888889
2024-02-01,0,0.197052637284119,-0.377777777777778,13.2,6.02777777777778
2024-02-02,0.3302,0.102677751603793,0.244444444444443,9.67222222222222,4.35555555555556
2024-02-03,0.4572,0.0316362151344987,-0.533333333333334,1.45,0.138888888888889
2024-02-04,0.0508,0.0364765915392268,-11.3833333333333,0.155555555555556,-4.26111111111111
2024-02-05,0,0.0885578143212942,-3.3,5.21111111111111,0.294444444444445
2024-02-06,0,0.0523783859242651,-4.86666666666667,4.92222222222222,-1.02222222222222
2024-02-07,0.5842,0.0392073806098467,-3.12777777777778,1.49444444444444,-1.53888888888889
2024-02-08,0.0762,0.0403501714660741,-8.62222222222222,0.894444444444444,-3.89444444444445
2024-02-09,0.127,0.0404068862730755,-9.77777777777778,-0.161111111111111,-5.01666666666667
2024-02-10,0.0254,0.0483744178353448,-9.81111111111111,0.0722222222222236,-6.21111111111111
2024-02-11,0,0.0472966966126424,-12.5666666666667,0.172222222222223,-5.36666666666667
2024-02-12,0.0254,0.0764123941404702,-7.22777777777778,4.15,-0.894444444444444
2024-02-13,0,0.0792297258525544,-6.83333333333333,2.60555555555555,-1.82222222222222
2024-02-14,0.1016,0.052495857762424,-8.66111111111111,-4.48333333333333,-6.99444444444444
2024-02-15,0.0254,0.0573191037008208,-12.05,-5.32222222222222,-9.58333333333333
2024-02-16,0,0.0476910392947408,-21.7222222222222,-6.95555555555556,-13.1222222222222
2024-02-17,0,0.0426885931484321,-23.35,-4.88333333333333,-15.9722222222222
2024-02-18,0,0.0483159830633561,-17.7666666666667,-1.66666666666667,-8.65
2024-02-19,0,0.0792721967906656,-12.2944444444444,5.24444444444444,-2.31111111111111
2024-02-20,0,0.128032570995078,-2.52777777777778,7.76666666666666,2.02222222222222
2024-02-21,0,0.0916044498446071,-6.85,7.05,-0.155555555555556
2024-02-22,0,0.0769634721231759,-4.55,6.32222222222222,-0.0444444444444435
2024-02-23,0,0.11509592038349,-6.41666666666667,6.46111111111111,0.638888888888888
2024-02-24,0,0.253685166932675,0.666666666666668,8.48888888888889,5.20555555555555
2024-02-25,0,0.228873708231188,2.50555555555555,9.53888888888889,6.13333333333333
2024-02-26,0.1778,0.0863242287365942,-8.56111111111111,6.02777777777778,-1.2
2024-02-27,0,0.0931464261256221,-10.0388888888889,-2.06111111111111,-6.11666666666667
2024-02-28,0,0.238585799537838,-6.02222222222222,8.71111111111111,0.950000000000001
2024-02-29,0.2032,0.24774828352036,-1.89444444444444,11.0833333333333,4.56666666666667
2024-03-01,0.0254,0.0820905486916456,-6.81111111111111,2.76666666666666,-1.18333333333333
2024-03-02,0.1524,0.0881241751375053,-6.10555555555556,3.66111111111111,-0.783333333333333
2024-03-03,0,0.0859533618477494,-10.3222222222222,-0.505555555555556,-5.73888888888889
2024-03-04,0,0.12152740660835,-11.2833333333333,1.07222222222222,-4.86111111111111
2024-03-05,0.0254,0.0818593401517169,-9.54444444444444,-0.855555555555555,-5.46111111111111
2024-03-06,0,0.115594587824755,-12.3777777777778,0.572222222222223,-5.19444444444445
2024-03-07,0,0.107234732527697,-13.4444444444444,1.64444444444445,-6.37222222222222
2024-03-08,0,0.121285834560968,-14.0555555555556,5.14444444444444,-4.83888888888889
2024-03-09,0,0.234270801225721,-8.96111111111111,13.05,1.56666666666667
2024-03-10,0,0.300891069062827,-1.51666666666667,12.1722222222222,4.97777777777778
2024-03-11,0.0254,0.136731288342978,-2.25,9.48888888888889,2.78333333333333
2024-03-12,0.0508,0.129046721087097,-2.77222222222222,8.66666666666667,2.73333333333333
2024-03-13,0,0.155431574172762,-2.73888888888889,4.42777777777778,-0.0611111111111108
2024-03-14,0,0.150837391863061,-9.2,6.18888888888889,-1.07222222222222
2024-03-15,0,0.162544208231296,-9.65555555555556,10.4944444444444,-0.566666666666666
2024-03-16,0,0.209345741209177,-6.05555555555556,15.4222222222222,3.99444444444444
2024-03-17,0,0.204951711351527,-6.42222222222222,15.0944444444444,4.09444444444444
2024-03-18,0,0.22801618668622,-5.57222222222222,17.5277777777778,4.85
2024-03-19,-0.0254,0.225907995555834,-5.15,17.3333333333333,5.24444444444444
2024-03-20,0,0.282949501358619,-3.94444444444445,18.4833333333333,6.67777777777778
2024-03-21,0.0508,0.181983617966021,-0.516666666666666,11.3111111111111,4.73888888888889
2024-03-22,0,0.172669057415593,-1.06111111111111,12.1888888888889,4.81666666666667
2024-03-23,0.2794,0.10556483278475,-5.99444444444444,10.2222222222222,-0.966666666666666
2024-03-24,0.0508,0.118662490190499,-8.27222222222222,0.0333333333333346,-5.19444444444445
2024-03-25,0.0254,0.127393298095064,-8.82777777777778,3.4,-3.49444444444444
2024-03-26,0.0762,0.123831850677172,-4.00555555555556,5.82777777777778,-0.0166666666666673
2024-03-27,0,0.235431070881472,-4.41666666666667,10.9333333333333,3.07777777777778
2024-03-28,0.4826,0.108005907207552,-3.53333333333333,5.45,1.76111111111111
2024-03-29,0,0.152538699353337,-4.70555555555555,6.96666666666667,0.133333333333334
2024-03-30,0,0.134228915002128,-7.14444444444444,7.1,-0.822222222222223
2024-03-31,0,0.186392255036517,-6.43333333333333,6.88333333333333,0.711111111111112
2024-04-01,0,0.231607711507487,-7.25,12.9055555555556,2.30555555555555
2024-04-02,0,0.289307459608757,-4.79444444444444,18.3333333333333,6.98888888888889
2024-04-03,0.7874,0.255737951716149,1.14444444444445,17.7833333333333,7.72777777777778
2024-04-04,0.9398,0.154473328859795,2.78333333333333,12.3722222222222,6.6
2024-04-05,0.4572,0.205871710422699,-2.34444444444444,16.0277777777778,3.95
2024-04-06,0.1016,0.0925620797759079,-0.422222222222223,4.16666666666667,1.13888888888889
2024-04-07,0.0254,0.149633609809229,-1.7,6.56111111111111,1.49444444444444
2024-04-08,0,0.158672068321539,-3.94444444444445,7.75,1.68333333333333
2024-04-09,0,0.238755740923708,0.733333333333334,11.1555555555556,5.82222222222222
2024-04-10,0,0.285886289129833,-0.516666666666666,11.4222222222222,5.37222222222222
2024-04-11,0,0.300969234114186,-4.11666666666667,17.6277777777778,6.8
2024-04-12,0,0.448586824925779,1.47222222222222,22.4444444444444,12.2444444444444
2024-04-13,0,0.380134650019928,4.3,20.8055555555556,12.3
2024-04-14,0,0.347827861663042,-1.47777777777778,23.3388888888889,10.8
2024-04-15,0,0.333916579466742,-1.21666666666667,17.7166666666667,9.2
2024-04-16,0,0.27948043434062,-1.45555555555556,10.5444444444444,4.28888888888889
2024-04-17,0.0762,0.184119801580709,-4.98888888888889,3.45555555555556,-1.16666666666667
2024-04-18,0,0.213457457038937,-10.7722222222222,6.08888888888889,-1.09444444444444
2024-04-19,0,0.285912206046435,-4.5,5.56666666666667,-0.316666666666667
2024-04-20,0,0.281905567996974,-13.25,13.5944444444444,0.916666666666666
2024-04-21,0,0.344668323087282,-3.23888888888889,13.7666666666667,5.84444444444445
2024-04-22,0,0.357928523220397,-5.02222222222222,12.1611111111111,4.30555555555556
2024-04-23,0,0.350631188038223,-8.02222222222222,17.7333333333333,4.72777777777778
2024-04-24,0,0.343110624312742,-4.59444444444444,19.4277777777778,8.15
2024-04-25,0,0.353373922814849,3.32777777777778,16.2111111111111,9.91666666666667
2024-04-26,0,0.294549098240453,1.27222222222222,14.7444444444444,7.97222222222222
2024-04-27,0.0508,0.165685803872282,3.11111111111111,9.81111111111111,6.41111111111111
2024-04-28,0,0.288905393727518,2.00555555555556,13.9555555555556,7.21111111111111
2024-04-29,0.3302,0.13281931810078,-0.927777777777779,5.16111111111111,2.26111111111111
2024-04-30,0.0254,0.185932732260237,-5.27777777777778,6.01111111111111,0.466666666666669
2024-05-01,0.0254,0.146764492396034,-6.7,5.82777777777778,-0.194444444444445
2024-05-02,0,0.223402022807007,-2.36666666666667,8.80555555555556,2.91666666666667
2024-05-03,0,0.270686435476135,-4.20555555555556,10.3722222222222,3.17222222222222
2024-05-04,0,0.36375632173092,-5.72222222222222,16.8611111111111,7.25
2024-05-05,0.0254,0.275182503411929,4.97222222222222,17.1722222222222,9.72777777777778
2024-05-06,0.2794,0.252240959668018,2.65555555555556,10.8944444444444,6.07777777777778
2024-05-07,0,0.245926337164877,1.07777777777778,7.60555555555555,4.04444444444445
2024-05-08,0,0.244884627304799,1.4,10.3555555555556,5.41666666666667
2024-05-09,0.0254,0.282630424078635,1.16111111111111,15.1555555555556,7.92777777777778
2024-05-10,0,0.407744680585625,-3.91111111111111,21.2555555555556,9.38888888888889
2024-05-11,0,0.474636910610401,-0.183333333333332,23.7388888888889,12.3333333333333
2024-05-12,0,0.486457332082068,0.383333333333332,23.8888888888889,13.8555555555556
2024-05-13,0,0.511999170885669,0.622222222222221,23.7888888888889,13.6222222222222
2024-05-14,0,0.370600983865125,3.95555555555555,18.8055555555556,11.6111111111111
2024-05-15,0,0.356337646507884,1.29444444444444,19.6666666666667,12.1222222222222
2024-05-16,0,0.613783861214808,6.49444444444444,23.7388888888889,15.8888888888889
2024-05-17,0,0.512387768485818,0.316666666666667,15.85,9.71666666666667
2024-05-18,0,0.475691588383403,-3,16.7888888888889,7.52222222222222
2024-05-19,0.1778,0.213389989526118,0.472222222222223,9.16666666666667,3.8
2024-05-20,0,0.235334102878457,-6.84444444444444,12.0222222222222,3.53333333333333
2024-05-21,0,0.262686584090095,-2.76666666666667,14.9055555555556,6.01111111111111
2024-05-22,0.5334,0.178930209501732,-0.188888888888889,12.0555555555556,6.30555555555556
2024-05-23,0.8636,0.199140685949787,-0.499999999999999,9.11111111111111,3.76111111111111
2024-05-24,0.0254,0.338352883500437,-3.1,15.1277777777778,6.62222222222222
2024-05-25,0.381,0.273168069816531,-0.244444444444445,13.7777777777778,7
2024-05-26,0,0.375089850849212,4.44444444444444,15.3666666666667,8.75
2024-05-27,0,0.436360362309694,-0.194444444444445,20.2833333333333,10.8888888888889
2024-05-28,0,0.518794668300947,1.35,27.1666666666667,14.2833333333333
2024-05-29,0.3302,0.317685140929879,3.87777777777778,14.7666666666667,10.2166666666667
2024-05-30,0.0254,0.333000346420748,0.46111111111111,13.75,6.80555555555556
2024-05-31,0,0.418564894500584,-4.59444444444444,17.2833333333333,7.73333333333333
2024-06-01,0,0.410749390152999,-1.36666666666667,22.0722222222222,10.25
2024-06-02,0.0254,0.34601048185561,6.61111111111111,19.6111111111111,12.9277777777778
2024-06-03,0.127,0.308899368612256,5.26111111111111,18.0166666666667,11.6833333333333
2024-06-04,0.0254,0.398531873812495,1.76111111111111,18.6666666666667,10.7777777777778
2024-06-05,0,0.553135729914331,6.23888888888889,22.7388888888889,14.7
2024-06-06,0,0.590499816849699,0.388888888888891,27.7222222222222,15.0722222222222
2024-06-07,0,0.615302384189459,5.79444444444444,27.7222222222222,17.4166666666667
2024-06-08,0,0.59620179112446,4.45,26.4388888888889,16.5611111111111
2024-06-09,0.3302,0.483571195277194,7.1,26.0888888888889,14.9222222222222
2024-06-10,0.254,0.446830696081795,8.13888888888889,23.8444444444444,16.3833333333333
2024-06-11,0,0.589321226890212,3.68333333333333,27.6111111111111,17.5333333333333
2024-06-12,0,0.688075849769175,8.51111111111111,24.7722222222222,17.4666666666667
2024-06-13,0,0.598161894815254,-0.46111111111111,26.9444444444444,14.9777777777778
2024-06-14,0,0.677913909745608,5.42222222222222,26.8333333333333,17.6666666666667
2024-06-15,0.0508,0.375979807698144,3.89444444444444,19.5611111111111,11.3555555555556
2024-06-16,0.0254,0.423012219225,-2.36111111111111,15.15,7.57777777777778
2024-06-17,0.2286,0.160948236937754,2.65555555555556,8.64444444444445,5.14444444444444
2024-06-18,0.127,0.267576707445875,0.983333333333335,13.9888888888889,6.77222222222222
2024-06-19,0,0.362688858965036,-1.56666666666667,18.7055555555556,8.73888888888889
2024-06-20,0,0.445464668921237,0.0999999999999999,24.3166666666667,12.5833333333333
2024-06-21,0,0.571687986522301,4.52222222222222,27.1111111111111,16.9611111111111
2024-06-22,0,0.595916695336495,3.42777777777778,28.1666666666667,17.0666666666667
2024-06-23,0,0.760217099261831,7.18333333333333,32.9444444444444,20.4333333333333
2024-06-24,0,0.786251311859524,9.17777777777778,29.3888888888889,20.2944444444444
2024-06-25,0,0.666255029722574,3.05555555555556,28.5555555555556,17.6222222222222
2024-06-26,0.508,0.559015736745506,5.73333333333333,29.8333333333333,18.2222222222222
2024-06-27,1.0414,0.405318477184997,7.52222222222222,19.3777777777778,14.1333333333333
2024-06-28,0,0.363789651965784,5.95555555555555,17.6444444444444,12.1777777777778
2024-06-29,0,0.558995541434253,4.13888888888889,26.5,15.8111111111111
2024-06-30,0.3048,0.311521336554308,8.64444444444445,21.3944444444444,15.1
2024-07-01,0.2032,0.303624934455804,7.21111111111111,19.8944444444444,13.7944444444444
2024-07-02,0.0508,0.432324977110731,8.35,22.4944444444444,14.7166666666667
2024-07-03,0,0.306812142537445,4.68888888888889,20.2111111111111,11.7944444444444
2024-07-04,0,0.413370332533472,4.88333333333333,23.7055555555556,14.8888888888889
2024-07-05,0,0.525354860129278,2.88333333333333,26.8333333333333,15.6055555555556
2024-07-06,0,0.582725232754645,7.07777777777778,27.5,17.6722222222222
2024-07-07,0,0.5464654708491,5.73333333333333,28.1111111111111,18.8833333333333
2024-07-08,0,0.628300171679703,7.00555555555556,30.8888888888889,19.95
2024-07-09,0,0.611774592965581,8.46111111111111,33.6111111111111,21.4666666666667
2024-07-10,0,0.71152617802345,9.47222222222222,35.7777777777778,22.8333333333333
2024-07-11,0,0.683161966041049,12.4277777777778,34.4444444444444,23.9444444444444
2024-07-12,0,0.687573366379818,5.66666666666667,33.1111111111111,21.9055555555556
2024-07-13,0,0.725878585462191,7.52222222222222,35,22.0944444444444
2024-07-14,0,0.504401354097771,8.08333333333333,31.2222222222222,20.5611111111111
2024-07-15,0,0.725361349292221,7.22777777777778,32.8333333333333,20.9111111111111
2024-07-16,0,0.611377016250907,5.4,32.4444444444444,20.1611111111111
2024-07-17,0,0.614086909892146,5.12777777777778,33.3333333333333,20.9555555555556
2024-07-18,0,0.64742505039966,8.61111111111111,33.3333333333333,22.5388888888889
2024-07-19,0,0.69206424300806,8.30555555555556,33.8888888888889,22.6055555555556
2024-07-20,0,0.700204149209096,10.1333333333333,33.7777777777778,22.8444444444444
2024-07-21,0,0.602560650311519,8.51666666666667,33.2222222222222,22.4277777777778
2024-07-22,0,0.547073889024129,8.82777777777778,33.7777777777778,20.6944444444444
2024-07-23,0,0.746051083386203,8.73333333333333,37.1666666666667,24.4888888888889
2024-07-24,0.1016,0.668640415547556,10.7833333333333,36.2222222222222,21.95
2024-07-25,0,0.805558833852859,16,32.5555555555556,23.1611111111111
2024-07-26,0,0.618899323338973,6.71111111111111,28.6666666666667,17.4277777777778
2024-07-27,0,0.433627457069897,3.41111111111111,25.6611111111111,15.8388888888889
2024-07-28,0,0.468711497432138,6.62777777777778,27.6111111111111,17.6555555555556
2024-07-29,0,0.566324387002719,5.01666666666667,30.2222222222222,18.3166666666667
2024-07-30,0.0254,0.232483839146138,8.96666666666667,20,15.2333333333333
2024-07-31,0,0.494658883491086,3.53333333333333,27.7222222222222,16.7333333333333
2024-08-01,0,0.601738597855558,5.98888888888889,33.5,20.5333333333333
2024-08-02,0,0.648656257663125,8.93888888888889,35,22.2777777777778
2024-08-03,0,0.605296032075949,9.85,36.1666666666667,23.2277777777778
2024-08-04,0.0254,0.411522375774931,10.4166666666667,25.3777777777778,20.2722222222222
2024-08-05,0,0.522018880041463,4.09444444444444,31.4444444444444,18.5777777777778
2024-08-06,0.4826,0.805830552420203,24.39,30.38,29.0085714285714
2024-08-07,0,0.394015845294405,6.81,24.34,16.7566666666667
2024-08-08,0,0.385119871040233,9.01,23.3,16.14125
2024-08-09,0,0.52650972950978,11.59,26.68,18.2923958333333
2024-08-10,0.3556,0.512118064429286,6.56,28.08,17.3778125
2024-08-11,0,0.411443457252252,3.29,27.23,14.2989583333333
2024-08-12,0,0.291663547382457,5.74,28.61,15.9944791666667
2024-08-13,0.0762,0.263703072355056,4.73,28.7,14.6555208333333
2024-08-14,0,0.372806610240645,2.22,25.63,13.365625
2024-08-15,0,0.345030962412056,3.63,28.05,15.4744791666667
2024-08-16,0,0.322515980032108,5.04,25.75,13.0986458333333
2024-08-17,0,0.462855843826749,4.65,29.6,16.0971875
2024-08-18,0.0762,0.415283976618882,7.29,33.1,20.5238541666667
2024-08-19,0,0.3317275728555,7.31,29.28,17.2080208333333
2024-08-20,0,0.374566072429361,3.98,27.74,14.2
2024-08-21,0.0762,0.330532632804656,3.62,26.5,14.0051041666667
2024-08-22,0,0.415668640081646,3.5,29.74,15.2419791666667
2024-08-23,0,0.419095745492082,14.04,29.13,21.783125
2024-08-24,0,0.331107990290677,3.6,22.86,13.2377083333333
2024-08-25,0,0.334694730595543,2.93,21.68,11.6163541666667
2024-08-26,0,0.369107663533879,1.16,24.87,12.1676041666667
2024-08-27,0,0.25462176409926,1.42,25.78,10.4738666666667
2024-08-28,0.5842,0.380602693736859,1.7,17.2666666666667,10.1
2024-08-29,0,0.35045189074302,0.994444444444444,22.95,11.7611111111111
2024-08-30,0,0.414360645789489,1.62777777777778,28.7222222222222,14.2777777777778
2024-08-31,0,0.456148616163061,1.18888888888889,30.9444444444444,16.6166666666667
2024-09-01,0,0.504229914469571,3.55,32.7777777777778,17.8111111111111
2024-09-02,0,0.418663671877486,4.60555555555556,32.3333333333333,18.1888888888889
2024-09-03,0.381,0.324190994701315,9.13888888888889,24.25,16.5666666666667
2024-09-04,0,0.372830265482356,4.33333333333333,26.9444444444444,15.7444444444444
2024-09-05,0,0.385187649826878,4.27777777777778,28.5,16.4222222222222
2024-09-06,0,0.386947082414,4.13888888888889,30.0555555555556,16.5388888888889
2024-09-07,0,0.373702632617304,4.07222222222222,29.8333333333333,16.2555555555556
2024-09-08,0,0.370836325139022,4.35,29,15.9444444444444
2024-09-09,0,0.525338727222449,9.35555555555556,29.3888888888889,18.7888888888889
2024-09-10,0,0.304727559868396,4.31666666666667,26.3333333333333,14.5222222222222
2024-09-11,0.381,0.221468561791886,3.38888888888889,21.4555555555556,10.9666666666667
2024-09-12,0.0254,0.124421787201517,7.14444444444444,11.9777777777778,9.42777777777778
2024-09-13,0,0.199059122702528,3.61666666666667,17.0777777777778,11.0611111111111
2024-09-14,0,0.287775499989943,2.47222222222222,22.9277777777778,11.4888888888889
2024-09-15,0,0.300241092204533,4.33888888888889,22.9222222222222,13.2722222222222
2024-09-16,0.4572,0.306273471817726,7.43888888888889,24.75,14.5666666666667
2024-09-17,0.1016,0.129892996003381,6.38333333333333,16.2333333333333,11.2611111111111
2024-09-18,0.127,0.153091014662665,4.18,15.35,12.6186956521739
2024-09-19,0,0.274000964659797,2.1,21.04,10.2438541666667
2024-09-20,0,0.24355375569837,-0.31,18.42,10.3716666666667
2024-09-21,0,0.254536762775906,-2.61,18,6.86239583333333
2024-09-22,0,0.205851275390507,-3.71,20.49,7.8746875
2024-09-23,0,0.217290071028057,1.66,20.07,11.6561458333333
2024-09-24,0,0.307322435789076,1.77,26.81,13.0496875
2024-09-25,0,0.279537230890301,3.14,29.55,14.7264583333333
2024-09-26,0,0.250806022729363,1.93,21.63,13.7532291666667
2024-09-27,0,0.313247723175279,-1.15,25.38,10.4636458333333
2024-09-28,0,0.30992476218647,0.46,30.26,12.6905208333333
2024-09-29,0,0.197286232413336,0.06,20.14,9.63614583333333
2024-09-30,0,0.26085697473588,-6.49,14.45,4.57229166666667
2024-10-01,0,0.267625139759711,-5.92,23.58,6.79645833333333
2024-10-02,0,0.221315248264711,-2.64,18.09,10.6933333333333
2024-10-03,0,0.217568953017591,-7.47,15.85,3.48666666666667
2024-10-04,0,0.211937846766545,-7.16,28.03,8.1375
2024-10-05,0,0.250923231405102,-1.64,16.73,8.7315625
2024-10-06,0,0.256210568421304,-4.87,21.3,5.85065217391304
2024-10-07,0,0.196450215364454,-4.56,23.44,7.34875
2024-10-08,0,0.201862861935141,-3.72,24.99,8.125
2024-10-09,0,0.17789708246946,-1.73,23.37,9.5053125
2024-10-10,0,0.154464353575282,1.78,18.49,8.7284375
2024-10-11,0,0.143021829015861,-1.37,20.92,8.52645833333333
2024-10-12,0,0.159674252108409,-0.91,23.02,9.38447916666667
2024-10-13,0,0.168783141426519,-3.75,23.89,6.93375
2024-10-14,0,0.145659109909053,-3.8,23.55,7.0028125
2024-10-15,0,0.149580194150818,-2.42,22.81,7.314375
2024-10-16,0,0.106901230889592,-4.39,16.65,5.69572916666667
2024-10-17,0,0.08420240865988,-1.19,6.95,3.14572916666667
2024-10-18,0,0.112849830640564,-8.53,9.3,0.0586956521739131
2024-10-19,0,0.124208542384939,-0.65,17.6,7.6725
2024-10-20,0,0.15456201689008,0.56,21.52,8.09916666666667
2024-10-21,0,0.0758823474218699,-0.16,14.21,6.38895833333333
2024-10-22,0,0.087781120752728,-7.49,10.15,2.67291666666667
2024-10-23,0,0.0720336352844912,-9.68,6.54,-0.7615625
2024-10-24,0,0.0722256291668221,-8.22,8.18,1.72645833333333
2024-10-25,0,0.104735545349654,-9.83,11.68,0.1815625
2024-10-26,0.0691000000000002,0.108644585371108,-5.71,19.09,5.12052083333333
2024-10-27,0.1097,0.12320019177207,-7.58,19.87,3.86645833333333
2024-10-28,0.0174,0.0779444453626576,-7.13,9.34,1.0328125
2024-10-29,0,0.0652188377883339,-6.95,5.48,0.334166666666667
2024-10-30,0,0.0740884970990168,-11.01,7.6,-4.09541666666667
2024-10-31,0.0350000000000023,0.0474584212700959,-12.48,5.14,-3.35458333333333
2024-11-01,0.0120000000000004,0.0648700856275863,-7.45,8.22,0.713645833333333
2024-11-02,0.0169999999999959,0.0695523375905366,-2.27,8.55,1.85635416666667
2024-11-03,0,0.051395305678725,-5.49,5,1.1146875
2024-11-04,0,0.100398542618779,-0.29,7.41,2.91760416666667
2024-11-05,0,0.0873229926396172,-1.91,3.01,1.12489583333333
2024-11-06,0,0.0947399435365194,-6.08,4.83,-0.3078125
2024-11-07,0,0.0796401083927166,-10.32,9.73,-1.4003125
2024-11-08,0,0.0498745141276013,-9.51,10.03,-1.66447916666667
2024-11-09,0.0150000000000034,0.0427567405618126,-9.79,10.23,-1.69791666666667
2024-11-10,0,0.0492361203171532,-5.98,9.53,1.70239583333333
2024-11-11,0,0.0664203108763902,-2.59,15.43,4.59916666666667
2024-11-12,0,0.0878494124142473,-1.85,6.06,3.59032608695652
2024-11-13,0,0.127427738359907,-8.32,10.18,3.07822916666667
2024-11-14,0,0.0860785552381891,-8.83,9.8,3.00489583333333
2024-11-15,0.069999999999999,0.0373226373437171,-10.93,2.06,-3.33958333333333
2024-11-16,0.031,0.046359694513673,-6.29,1.95,-1.00447916666667
2024-11-17,0.231999999999999,0.06673101013981,-3.64,8.5,1.70072916666667
2024-11-18,0.363,0.0362988549013442,-7.69,1.52,-1.58010416666667
2024-11-19,0.0350000000000019,0.0286870965046253,-12.31,0.14,-7.5059375
2024-11-20,0,0.0371699742957058,-13.5,2.7,-4.39072916666667
2024-11-21,0.00700000000000003,0.0345463251294906,-3.31,6.07,0.951666666666667
2024-11-22,0.0639999999999981,0.0402282431538693,-1.12,7.01,2.96020833333333
2024-11-23,0.215,0.0500731116066922,-3.62,9.51,3.70541666666667
2024-11-24,0,0.0360968187915476,-6.53,3.83,-1.919375
2024-11-25,0,0.03216847635847,-10.24,6.13,-2.31541666666667
2024-11-26,0.0479999999999999,0.0328743965573408,-3.1,2.98,-0.3059375
2024-11-27,0,0.0780775354320374,-0.86,1.75,0.30125
2024-11-28,0,0.0659130811778721,-8.37,3.11,-1.66739583333333
2024-11-29,0,0.0280951558907652,-11.1,0.21,-6.38739583333333
2024-11-30,0,0.027954865659593,-9.27,3.6,-4.36375
2024-12-01,0,0.0292948875165729,-9.59,7.1,-3.9134375
2024-12-02,0,0.0086985398060276,-11.49,5.02,-5.69947916666667
2024-12-03,0,0.0129998418382168,-13.1,3.04,-6.69364583333333
2024-12-04,0,0.00607071104653286,-12.1,3.1,-6.92354166666667
2024-12-05,0,0.0060697426560619,-13.16,3.54,-7.246875
2024-12-06,0,0.00892349531812521,-12.98,3.16,-5.67708333333333
2024-12-07,0,0.0308554966405155,-8.89,8.18,-0.0155208333333333
2024-12-08,0.085,0.0513644671871934,-2.58,6.69,1.17010416666667
2024-12-09,0.04,0.0563212146534469,-6.43,0.36,-2.4490625
2024-12-10,0,0.0497326216132824,-7.84,2.75,-1.44041666666667
2024-12-11,0,0.0662409659185664,-7.23,2.83,-2.125625
2024-12-12,0,0.0189637724362423,-11.9,-1.76,-6.78333333333333
2024-12-13,0,0.0277487056585656,-7.38,2.24,-2.88125
2024-12-14,0,0.0347240002356823,-7.65,7.08,-0.7765625
2024-12-15,0.485,0.0175925076577692,-10.35,0.62,-2.0359375
2024-12-16,0.217,0.0209104745706627,-14.9,-3.69,-7.40166666666667
2024-12-17,0,0.0131157622305481,-9.31,0.43,-5.17604166666667
2024-12-18,0.0329999999999998,0.0119817056485626,-3.72,7.69,1.93135416666667
2024-12-19,0,0.0693997635280174,-7.18,5.54,-1.69885416666667
2024-12-20,0,0.0221666537315079,-9.28,8.18,-2.0428125
2024-12-21,0.082,0.0266278020130143,-8.62,0.93,-3.3590625
2024-12-22,0.0190000000000001,0.0115731348904128,-2.64,5.87,1.07041666666667
2024-12-23,0.0469999999999999,0.0197775629635159,-4.81,5.9,0.477916666666667
2024-12-24,0.00800000000000018,0.0285619643451447,-4.72,1.47,-1.84708333333333
2024-12-25,0,0.0200262587533288,-7.1,2.98,-1.0909375
2024-12-26,0,0.0543934169820888,-8.06,7.05,-0.348854166666667
2024-12-27,0,0.0451016846440864,-7.07,2.78,-1.15510416666667
2024-12-28,0.0539999999999999,0.028553843933328,-4.18,3.44,-0.333020833333333
2024-12-29,0.187,0.0322898573067523,-2.89,1.71,-0.3209375
2024-12-30,0.129,0.0332112002527579,-3.39,0.92,-0.580833333333333
2024-12-31,0,0.0379908671710581,-7.9,-0.81,-4.0021875
2025-01-01,0,0.0194704047108435,-13.22,-4.3,-7.64583333333333
2025-01-02,0.18,0.0190028660086083,-8.31,-0.8,-4.68635416666667
2025-01-03,0.439,0.0325516608854704,-4.06,1.61,-1.77697916666667
2025-01-04,0.188,0.0367565913699589,-4.28,2.09,-0.715625
2025-01-05,0.23,0.0217060407616705,-10.11,0.46,-3.383125
2025-01-06,0.15,0.0144149630778124,-4.49,1.08,-2.30833333333333
2025-01-07,0,0.0126674043190653,-14,-1.16,-7.2559375
2025-01-08,0.0949999999999996,0.0256521751349307,-9.36,-0.87,-5.48979166666667
2025-01-09,0,0.0176917310779546,-14.96,0.25,-7.4446875
2025-01-10,0.00800000000000054,0.0197317928346045,-12.35,1.45,-5.55416666666667
2025-01-11,0,0.0375506823961151,-3.17,0.15,-1.28208333333333
2025-01-12,0,0.0418907126246758,-14.2,-0.76,-3.694375
2025-01-13,0,0.0395022582318305,-9.99,-1.35,-3.42625
2025-01-14,0,0.0437501944748879,-11.12,0.7,-5.42145833333333
2025-01-15,0,0.0188980151324638,-12.68,-1.07,-8.20864583333333
2025-01-16,0,0.0222691610909207,-14.82,4.06,-6.7015625
2025-01-17,0,0.0486392441719888,-12.27,1.29,-6.47885416666667
2025-01-18,0,0.0308808735356485,-19.8,-9.1,-13.5191666666667
2025-01-19,0.0919999999999995,0.0241094781280422,-24.99,-7.65,-12.9963541666667
2025-01-20,0,0.0130238066363633,-30.39,-16.89,-23.0309375
2025-01-21,0,0.0231396826667467,-22.78,-3.66,-13.1975
2025-01-22,0,0.0393269395538179,-17.43,-1.25,-6.96260416666667
2025-01-23,0,0.0223622551069242,-21.52,-7.96,-15.3820833333333
2025-01-24,0,0.0289456654921202,-14.56,-1.62,-7.70958333333333
2025-01-25,0,0.019449252182881,-21.69,-7.68,-15.2682291666667
2025-01-26,0,0.0168904684867823,-23.78,-10.77,-18.52625
2025-01-27,0,0.0224780169227905,-21.34,-6.14,-16.3755208333333
2025-01-28,0,0.0219368056628551,-22.35,-6.46,-15.8555208333333
2025-01-29,0,0.0279901703964348,-20.6,-2.69,-14.5317708333333
2025-01-30,0,0.0231417212749519,-20.5,-4.04,-13.8657291666667
2025-01-31,0,0.0448186302842684,-14.56,6.33,-4.655625
2025-02-01,0.129,0.0557856645060131,-5.35,5,0.724791666666667
2025-02-02,0.197000000000001,0.043835567123615,-6.37,1.06,-3.40177083333333
2025-02-03,0,0.0338741994686052,-15.03,-5.18,-12.1903125
2025-02-04,0.229,0.0345467720870053,-16.3,-12.39,-14.4171875
2025-02-05,0.185,0.0314299186074906,-19.77,-9.07,-14.7773958333333
2025-02-06,0,0.0286557885149146,-20.64,-4.89,-12.3898958333333
2025-02-07,0.194,0.0277711827726338,-16.76,-6.56,-11.4271875
2025-02-08,0,0.0358060095867534,-15.07,-8.41,-11.8065625
2025-02-09,0.0890000000000001,0.0306085251979111,-17.5,-4.97,-10.7447916666667
2025-02-10,0.0539999999999999,0.0257736501075217,-27.64,-10.41,-16.0454166666667
2025-02-11,0,0.0190817929625047,-33,-18.09,-25.3396875
2025-02-12,0,0.017205843876995,-34.57,-19,-27.5972916666667
2025-02-13,0.0100000000000001,0.0186787354448074,-34.03,-15.3,-24.8328125
2025-02-14,0.456,0.0326605264345599,-15.16,-4.97,-9.75802083333333
2025-02-15,0,0.0487711823755303,-8.85,-1.65,-4.37354166666667
2025-02-16,0.336,0.0412229435884842,-7.55,-3.09,-5.76770833333333
2025-02-17,0.532,0.0450402510876718,-7.8,-2.23,-5.45010416666667
2025-02-18,0.422000000000001,0.052474371692731,-10.41,-4.89,-7.425625
2025-02-19,0.192,0.0490019928485723,-15.4,-5.97,-9.86125
2025-02-20,0.119999999999999,0.0637010214687984,-8.51,2.43,-2.60989583333333
2025-02-21,0,0.0948045263789829,-4.54,3.68,-0.0789583333333333
2025-02-22,0,0.0475022390175778,-4.97,-1.81,-3.3275
2025-02-23,0,0.0940232424273727,-3.38,9.45,4.47697916666667
2025-02-24,0.0190000000000012,0.130076034951641,-1.27,8.62,3.7815625
2025-02-25,0.325,0.122611532567785,-0.07,5.54,2.42354166666667
2025-02-26,0,0.125972855257898,-4.78,6.01,1.49479166666667
2025-02-27,0,0.116313080710614,-10,7.85,-2.43333333333333
2025-02-28,0,0.094837397095052,-8.75,8.09,-1.53177083333333
2025-03-01,0,0.118616053956632,-9.28,9.53,-1.65302083333333
2025-03-02,0,0.113266187091517,-10.6,7.89,-1.80135416666667
2025-03-03,0.113,0.0548661207290404,-5.98,2.92,-0.550729166666667
2025-03-04,0.0540000000000006,0.0852616757701098,-4.61,4.57,-0.219166666666667
2025-03-05,0.022999999999999,0.118911919938482,-4.76,5.59,0.5484375
2025-03-06,0,0.102427901908478,-6.23,3.77,-1.5071875
2025-03-07,0,0.134340043006623,-11.12,6.03,-2.470625
2025-03-08,0,0.146528804973251,-7.25,10.46,-0.193541666666667
2025-03-09,0,0.156203680475674,-6.33,12.84,1.92020833333333
2025-03-10,0,0.12898557222141,0.13,8.9,4.79260416666667
2025-03-11,0,0.139208580855563,-1.95,9.15,2.71489583333333
2025-03-12,0,0.139430550880138,-2.39,11.61,3.18
2025-03-13,0.1,0.107916892390908,-1.72,7.91,2.90229166666667
2025-03-14,0,0.128281682368125,-6.82,3.53,-1.4521875
2025-03-15,0.0180000000000007,0.118832446441892,-4.44,6.14,0.2534375
2025-03-16,0.398999999999999,0.12677746845719,-2.68,9.34,1.9653125
2025-03-17,0.345,0.111255469161156,-4.67,4.32,-0.4534375
2025-03-18,0,0.111219188436759,-10.21,1.95,-2.57302083333333
2025-03-19,0,0.207741232417462,-3.66,7.41,0.243125
2025-03-20,0,0.14285661390038,-3.39,6.16,1.04822916666667
2025-03-21,0,0.185023111092754,-3.79,10.58,2.60729166666667
2025-03-22,0.0590000000000003,0.168168097941084,-2.35,4.82,1.56239583333333
2025-03-23,0,0.173443064663607,-6.48,9.8,2.35864583333333
2025-03-24,0,0.211576151192031,7.71,13.11,10.4513541666667
2025-03-25,0.00899999999999892,0.293819571336353,0.13,18.67,9.83385416666667
2025-03-26,0,0.289109063738994,-4.26,21.86,8.56791666666667
2025-03-27,0,0.233235739814342,-2.76,20.23,7.7603125
2025-03-28,0.102000000000001,0.195563248095062,-1.63,13.11,6.10885416666667
2025-03-29,0,0.161618288848689,0.54,10.73,4.05864583333333
2025-03-30,0,0.168026591414851,-1.02,6.43,2.70020833333333
2025-03-31,0.425999999999999,0.133705829979266,-4.03,8.88,2.13760416666667
2025-04-01,0.668000000000001,0.0869364041193079,-1.08,1.55,-0.145833333333333
2025-04-02,0.209000000000003,0.166552054951433,-1.17,6.03,1.46875
2025-04-03,0.334999999999997,0.12093230353399,-7.18,5.67,-1.94208333333333
2025-04-04,0.0420000000000016,0.154587038160222,-15.67,5.65,-3.9821875
2025-04-05,0,0.24309174353344,-9.16,12.37,0.572708333333333
2025-04-06,0,0.29597505739921,-7.02,17.23,4.51208333333333
2025-04-07,0.169,0.188071135235325,-3.47,18.08,5.36416666666667
2025-04-08,0.219,0.251824128133421,0.73,11.08,5.52552083333333
2025-04-09,0.206,0.228632383382041,-2.51,11.1,4.68885416666667
2025-04-10,0,0.327222660147122,-6.23,20.9,6.82604166666667
2025-04-11,0,0.23419096502663,-3.45,15.93,7.8090625
2025-04-12,0.395999999999998,0.159635500478323,-0.44,7.64,4.57802083333333
2025-04-13,0,0.257532555559531,-5.61,8.7,2.59614583333333
2025-04-14,0,0.302817327064956,-8.88,15.64,2.99614583333333
2025-04-15,0,0.319548003090481,-7.06,20,6.25791666666667
2025-04-16,0,0.201365324910815,-4.29,15.4,3.99447916666667
2025-04-17,0,0.196652113375886,-3.23,5.96,1.43802083333333
2025-04-18,0,0.276843346207107,-10.36,10.5,0.242083333333333
2025-04-19,0.0860000000000014,0.235170879408182,-7.79,13.91,4.16697916666667
2025-04-20,0.0240000000000009,0.240053742159417,-0.91,12.08,5.58364583333333
2025-04-21,0.0660000000000025,0.212588860969668,-4.65,9.07,3.80708333333333
2025-04-22,0,0.255030771035327,-6.06,9.29,2.6921875
2025-04-23,0,0.308627587083917,-9.9,14.29,2.66302083333333
2025-04-24,0,0.316713496892816,-7.75,15.51,5.8228125
2025-04-25,0,0.403106715970705,-3.48,17.55,8.98614583333333
2025-04-26,0.0899999999999977,0.289754716056499,-2.83,17.41,7.8334375
2025-04-27,0,0.263855878229346,-2.81,17.34,8.00229166666667
2025-04-28,0,0.389893782871692,3.75,16.99,9.61197916666667
2025-04-29,0,0.21891340375102,-0.27,13.21,8.20916666666667
2025-04-30,0.118000000000001,0.304197446654583,-2.36,13.7,7.6025
2025-05-01,0,0.388618255570771,-5.58,18.93,6.77083333333333
2025-05-02,0,0.413979597795134,-5.39,23.7,9.50916666666667
2025-05-03,0,0.469683964740145,-3.35,26.47,13.0235416666667
2025-05-04,0.656999999999999,0.175842617411391,3.81,12.97,7.72833333333333
2025-05-05,0.355000000000001,0.151362053027488,-3.08,8.62,4.48125
2025-05-06,0,0.28163530061575,-5.46,12.97,5.5034375
2025-05-07,0,0.435903258550904,-3.43,22.77,9.6925
2025-05-08,0,0.420471858250597,-0.81,20.93,10.3539583333333
2025-05-09,0,0.465734052204218,-1.49,25.61,12.238125
2025-05-10,0,0.365902185273962,1.21,28.68,13.7530208333333
2025-05-11,0.0269999999999982,0.313207385907627,2.21,23.55,12.6932291666667
2025-05-12,0.0970000000000027,0.234240070084223,5.18,15.5,10.2911458333333
2025-05-13,0.647999999999996,0.14024626685627,4.09,9.31,6.37
2025-05-14,0.0960000000000036,0.222502704986107,5.49,11.86,7.90822916666667
2025-05-15,0.428999999999996,0.303280379788999,1.83,13.08,8.07427083333333
2025-05-16,0,0.281466237988208,1.7,13.06,7.90520833333333
2025-05-17,0.106999999999999,0.317798348927044,-0.73,16.97,9.023125
2025-05-18,1.555,0.247563717084961,2.98,10.64,7.57708333333333
2025-05-19,0,0.343652121087377,-3.1,13.2,5.88
2025-05-20,0.00799999999999841,0.289328117920311,-1.47,13.01,7.32291666666667
2025-05-21,0,0.326051820531753,-4.26,14.04,5.54166666666667
2025-05-22,1.004,0.139505442891347,-1.83,10.72,5.32416666666667
2025-05-23,0.0329999999999984,0.327242961955097,0.24,16.13,8.121875
2025-05-24,0,0.440749438848437,-2.24,20.7,9.7015625
2025-05-25,0,0.48603363339298,-0.33,25.93,13.8970833333333
2025-05-26,0.132000000000005,0.521229748899937,3.09,27.13,16.7163541666667
2025-05-27,0,0.447268102367409,5.79,22.92,14.8784375
2025-05-28,0,0.536353220382226,2.83,25.59,15.8590625
2025-05-29,0,0.564298681341656,4.54,29.7,18.5267708333333
2025-05-30,0,0.561355979639494,5.61,25.67,15.9773958333333
2025-05-31,0,0.595047016760675,1.96,31.57,17.499375
2025-06-01,0,0.470948545699834,5.57,21.84,15.8215625
2025-06-02,0,0.493284808168924,2.96,17.71,11.8104166666667
2025-06-03,0,0.335047714918288,-2.13,16.63,8.42104166666667
2025-06-04,0,0.376914818089872,-2.13,19.05,9.2696875
2025-06-05,0,0.450457190501057,-1.56,22.02,10.6428125
2025-06-06,0,0.391139251244735,-0.73,22.53,12.4417708333333
2025-06-07,0,0.46648887028569,3.88,25.47,16.4233333333333
2025-06-08,0,0.625732786412553,7.31,27.62,17.4708333333333
2025-06-09,0,0.612712530725364,3.8,30.58,18.1285416666667
2025-06-10,0,0.634153739436365,5.27,31.49,19.6464583333333
2025-06-11,0,0.308985111668972,6.08,24.81,15.6469791666667
2025-06-12,0.140999999999997,0.363409941270125,6.32,24.97,14.3690625
2025-06-13,0,0.351024756751228,3.95,22.42,13.6195833333333
2025-06-14,0,0.486802269655403,5,26.63,15.9694791666667
2025-06-15,0,0.487136385137671,2.84,26.82,15.7425
2025-06-16,0.542000000000002,0.231767568676098,6.25,21.52,12.7561458333333
2025-06-17,0,0.503614087321812,3.06,25.77,14.0464130434783
2025-06-18,0,0.556839648089677,3.02,27.72,16.1876041666667
2025-06-19,0.115999999999997,0.590879221566811,3.54,29.49,17.8815625
2025-06-20,1.574,0.24467975947859,7.41,19.84,12.3577083333333
2025-06-21,0.413999999999999,0.301356659429197,2.21,14.01,8.519375
2025-06-22,0.410000000000002,0.153096602046047,1.49,9.19,5.7315625
2025-06-23,0,0.331015607751532,-0.44,18.36,8.85802083333333
2025-06-24,0,0.464004475775173,0.3,24.56,12.6515625
2025-06-25,0,0.420175274032981,3.54,26.01,14.2769791666667
2025-06-26,0,0.331148673702049,7.56,24.75,14.9045833333333
2025-06-27,0,0.423716523458468,7.67,24.29,16.083125
2025-06-28,0,0.45178348734211,5.85,23.42,15.5936458333333
2025-06-29,0,0.530929517304068,1.64,25.71,14.6158333333333
2025-06-30,0,0.58665726150571,2.03,31.97,18.2816666666667
2025-07-01,0,0.617618643055549,6.38,33.22,20.2445833333333
2025-07-02,0.053000000000003,0.368256897716111,6.74,32.72,17.9116666666667
2025-07-03,0,0.58227774321568,8.56,29.98,19.6608333333333
2025-07-04,0.883999999999997,0.284457691572586,4.63,21.46,13.0182291666667
2025-07-05,0.126999999999998,0.36550614036673,3.58,20.71,12.655
2025-07-06,0,0.521106172492907,2.54,26.19,15.0659375
2025-07-07,0,0.576171350762314,4.31,29.83,17.94125
2025-07-08,0,0.595187245735629,5.6,33.09,20.4211458333333
2025-07-09,0,0.601312182103078,7.76,32.53,21.3989583333333
2025-07-10,0,0.561792525907228,6.26,25.48,18.2422916666667
2025-07-11,0,0.596969836926546,4.76,27.01,16.7203125
2025-07-12,0,0.550081732379468,3.54,30,17.6980208333333
2025-07-13,0,0.632479002601104,6.14,32.29,20.2458333333333
2025-07-14,0,0.593034686424551,7.33,32.53,21.64125
2025-07-15,0.143000000000001,0.213653679946265,11.59,16.53,13.8416666666667
2025-07-16,0,0.521434040942215,8.41,26.15,16.5990625
2025-07-17,0,0.548555058358364,4.18,28.94,18.1579166666667
2025-07-18,0,0.615020150426067,4.45,30.84,18.796875
2025-07-19,0,0.468635658108315,7.33,26.95,18.2753125
2025-07-20,0,0.473819086389753,5.85,26.91,17.3935416666667
2025-07-21,0.459000000000003,0.344283405447927,11.99,25.3,17.1156818181818
2025-07-22,0,0.454225927635671,7.1,24.57,16.0628125
2025-07-23,0,0.509562872322916,3.53,25.36,14.9580208333333
2025-07-24,0,0.554598220925727,1.96,29.03,16.64625
2025-07-25,0,0.553093414064955,3.79,31.14,19.0423958333333
2025-07-26,0,0.502654221224083,5.42,31.09,18.0598958333333
2025-07-27,0.271999999999997,0.407382004381345,8.15,29.07,17.2170833333333
2025-07-28,0,0.450563915259847,7.22,29.92,18.1759375
2025-07-29,0,0.561344847988046,6.37,31.91,20.8492857142857
2025-07-30,0,0.592578830724292,6.36,30.27,20.4996875
2025-07-31,1.035,0.488127575254869,7.45,31.23,18.605625
2025-08-01,0.0159999999999968,0.465316653056824,8.26,28.35,17.5792708333333
2025-08-02,0,0.424560844418909,7.81,25.45,16.4190625
2025-08-03,0,0.504226213103722,4.9,28.47,17.1958333333333
2025-08-04,0.484000000000003,0.332659041108485,6.56,27.61,15.6186458333333
2025-08-05,0,0.452522411289591,6.48,25.5,16.0983333333333
2025-08-06,0.0509999999999991,0.398447233973315,5.11,28.07,17.5898958333333
2025-08-07,1.074,0.154506668781611,3.17,15.36,10.6522916666667
2025-08-08,0.0969999999999999,0.212148355645257,4.1,18.02,11.209375
2025-08-09,0,0.40901609412568,3.87,23.91,13.9208333333333
2025-08-10,0,0.45032378530232,5.62,26.84,16.7410416666667
2025-08-11,0,0.392331927766427,7.58,28.6,18.3732291666667
2025-08-12,0,0.49694056951966,7.33,31.63,19.173125
2025-08-13,0,0.539975865050887,6.28,31.32,19.4580208333333
2025-08-14,0,0.528915719965615,4.83,29.31,17.9335416666667
2025-08-15,0,0.482922036680599,4.68,30.08,17.0514583333333
2025-08-16,0.0870000000000005,0.401392851477892,5.23,29.74,16.6246875
2025-08-17,0.247,0.292369645824624,7.16,22.92,15.1630208333333
2025-08-18,0,0.355011746074621,5.84,29.97,16.6336458333333
2025-08-19,0,0.484892517878592,6.71,34.61,20.7064583333333
2025-08-20,0,0.472655807420802,8.47,31.38,19.5553125
2025-08-21,0,0.453072556342252,5.1,28.5,16.3472916666667
2025-08-22,0,0.417073663263432,4.26,26.17,15.9527173913043
2025-08-23,0,0.512315069280939,3.05,31.42,16.615625
2025-08-24,0,0.445173777254104,4.81,31.52,17.9166666666667
2025-08-25,0,0.431706789725665,5.74,31.99,18.7446875
2025-08-26,0,0.340389377007063,6.1,29.85,18.3708333333333
2025-08-27,0.0170000000000016,0.192989551976265,13.64,22.06,17.9438541666667
2025-08-28,0.498999999999998,0.124771128600899,9.67,17.17,14.9294791666667
2025-08-29,0,0.345920752558606,8.72,25.76,16.4496875
2025-08-30,0,0.391975605863308,5.65,27.7,15.4223958333333
2025-08-31,0,0.427160032923535,3.43,31.3,15.9
2025-09-01,0,0.38932751650814,4.28,32.68,18.4658333333333
2025-09-02,0,0.431272509607517,4.61,33.17,18.1286458333333
2025-09-03,0,0.390583325705311,4.93,32.36,17.7123958333333
2025-09-04,0,0.312926177899015,4.52,22.69,13.6514130434783
2025-09-05,0,0.380350365668767,1.23,25.61,13.0008333333333
2025-09-06,0,0.331809676964267,2.31,29.44,14.1969791666667
2025-09-07,0,0.313325209723887,7.01,28.73,17.360625
2025-09-08,0,0.339622678506401,4.21,26.24,14.95125
2025-09-09,0.0580000000000013,0.228599844230189,2.27,24.69,13.1017708333333
2025-09-10,0.00999999999999943,0.26338335471219,4.12,24.72,14.33
2025-09-11,0.0409999999999997,0.178303792931732,2.87,21.81,11.7841666666667
2025-09-12,0,0.272682105173235,1.25,23.46,11.710625
2025-09-13,0,0.272224264653157,1.12,24.48,12.5110416666667
2025-09-14,0.186000000000001,0.257450400995402,2.33,25.18,12.599375
2025-09-15,0.113999999999999,0.2162135030971,4.96,17.67,11.74
2025-09-16,0.00200000000000102,0.193356155676995,6.94,20.43,13.1194791666667
2025-09-17,0,0.276030537785314,1.6,25.41,12.2005208333333
2025-09-18,0,0.28694985249163,0.25,26.32,11.6528125
2025-09-19,0,0.276445522345506,0.74,27.34,11.8226041666667
2025-09-20,0,0.29057236061306,0.39,28.29,12.1735416666667
2025-09-21,0.0139999999999986,0.204082792763407,1.34,23.81,10.7647916666667
2025-09-22,0,0.220057203249304,0.2,18.89,9.83979166666667
2025-09-23,0,0.263045310289587,-3.87,24.08,8.40614583333333
2025-09-24,0,0.279359334667525,-1.14,28.37,11.3240625
2025-09-25,0,0.280724863370989,-1.24,28.75,12.3241666666667
2025-09-26,0,0.223610688820026,0,19.8,10.8569791666667
2025-09-27,0,0.311842737976295,-2.81,25.08,8.72739583333333
2025-09-28,0,0.273911506461311,-1.31,29.69,12.1354166666667
2025-09-29,0.280000000000001,0.222831971426091,1.69,27.67,13.7854166666667
2025-09-30,0.234999999999999,0.174877029694222,7.04,20.51,13.1103125
2025-10-01,0,0.200191962463975,2.78,19.62,11.974375
2025-10-02,0,0.18431380337136,2.12,20.72,10.5055208333333
2025-10-03,1.151,0.0936144355911573,8.05,12.31,10.1646875
2025-10-04,0.0329999999999984,0.131205623031425,2.94,12.74,7.90010416666667
2025-10-05,0.0930000000000007,0.0870281323645678,-3.78,8.56,3.3265625
2025-10-06,0,0.146031900067541,-7.16,13.35,1.78916666666667
2025-10-07,0.0109999999999985,0.16695444591528,-4.53,19.57,5.020625
2025-10-08,0,0.172491672926276,-3.88,22.3,7.1125
2025-10-09,0,0.187579056040069,-3.31,24.6,9.15489583333333
2025-10-10,0,0.211295430987276,-1.41,24.33,11.6679166666667
2025-10-11,0,0.154665142238753,4.28,15.84,9.10875
2025-10-12,0.566000000000003,0.075856373059921,-0.84,5.38,2.67916666666667
2025-10-13,0.0599999999999994,0.0791262713541437,-2.49,1.21,-0.380104166666667
2025-10-14,0.218000000000001,0.0719822011890469,-0.17,2.95,1.07177083333333
2025-10-15,0,0.0599052987953902,1.09,3.89,2.4090625
2025-10-16,0,0.0812165567067002,-2.89,8.52,2.94291666666667
2025-10-17,0.281999999999999,0.097357719450763,-2.35,12.47,4.48395833333333
2025-10-18,0,0.105938220026996,-5.43,10.55,1.60479166666667
2025-10-19,0.563,0.0690796084026447,-2.2,11.29,3.03802083333333
2025-10-20,0,0.104545865950552,-2.54,8.87,3.96614583333333
2025-10-21,0,0.15273878761087,-3.63,14.78,3.86885416666667
2025-10-22,0,0.107432170934371,-7.36,16.31,1.91166666666667
2025-10-23,0.0129999999999995,0.0971129164991062,-6.15,15.66,2.738125
2025-10-24,0,0.0958070647736938,-5.31,15.28,3.54833333333333
2025-10-25,0.238,0.0856814642566394,1.79,11.04,7.17947916666667
2025-10-26,0.077000000000001,0.0846803848042702,-3.78,7.32,1.800625
2025-10-27,0.0359999999999985,0.0880789271580947,-4.66,4.57,1.18125
2025-10-28,0,0.10871606135762,-5.09,7.81,1.52395833333333
2025-10-29,0,0.0665748631834862,-5.7,9.53,2.60072916666667
2025-10-30,0,0.0948242154136908,-7.52,9.24,-0.0190625
2025-10-31,0,0.0608640153001848,-9.38,7.98,-0.981979166666667
2025-11-01,0,0.105999328068185,-5.17,22.19,7.9746875
2025-11-02,0.0140000000000015,0.102490802341172,-7.45,12.36,4.2709375
2025-11-03,0,0.0723403172092906,-7.23,3.25,-1.6403125
2025-11-04,0.221000000000001,0.0498276559925224,-1.65,8.24,2.66520833333333
2025-11-05,0,0.0473658956218881,-0.43,7.3,2.85395833333333
2025-11-06,0.0619999999999976,0.0625466221864002,-2.05,9.38,3.34988095238095
2025-11-07,0.262,0.0809448189009694,-2.44,7.83,3.386875
2025-11-08,0,0.104811514975519,-6.7,7.68,0.338125
2025-11-09,0,0.0568674834896304,-7.95,6.81,-2.37915789473684
2025-11-10,0,0.0551079723730412,-8.2,12.36,2.3846875
2025-11-11,0,0.0704390316241739,-3.74,13.96,7.05291666666667
2025-11-12,0,0.0815178629829966,-2.22,15.14,3.5740625
2025-11-13,0,0.0710072322399172,-4.63,20.45,6.98927083333333
2025-11-14,0.545000000000002,0.078600461836018,5.25,12.51,7.92291666666667
2025-11-15,0.0149999999999977,0.0864530055421733,-1.12,12.28,7.5865625
2025-11-16,0.0640000000000015,0.0358375168977669,-3.08,5.78,1.6703125
2025-11-17,0,0.0347795135693325,-0.48,8.55,3.29385416666667
2025-11-18,0,0.0352435639354543,-1.47,6.51,3.22083333333333
2025-11-19,0.119,0.0343972656364077,-1.59,4.53,2.19177083333333
2025-11-20,0,0.0343491198394956,0.54,4.43,2.39020833333333
2025-11-21,0,0.0396490107085787,-4.45,6.87,1.7803125
2025-11-22,0,0.0353609775899795,-6.54,8.23,-1.33729166666667
2025-11-23,0,0.0248106634817565,-8.2,6.1,-0.769270833333333
2025-11-24,0.203,0.0311422609182542,-0.33,4.79,1.4325
2025-11-25,0,0.0572122711485392,-9.22,1.36,-2.63260416666667
2025-11-26,0.136000000000001,0.0299773113709523,-3.48,1.31,-1.60177083333333
2025-11-27,0.00799999999999841,0.0244582440169038,-4.39,4.32,-0.496145833333333
2025-11-28,0.646000000000001,0.0263374131202664,-10.12,0.56,-4.59510416666667
2025-11-29,0,0.0204329770464498,-20.11,-7.79,-12.6853125
2025-11-30,0,0.00754902920749423,-18.86,-7.63,-13.600625
2025-12-01,0.00999999999999943,0.0165745267771462,-12.52,-3.87,-8.16166666666667
2025-12-02,0.175,0.0219799468321702,-7.06,0.63,-1.51572916666667
2025-12-03,0,0.0289766170915293,-7.57,0.29,-3.17145833333333
2025-12-04,0.127000000000001,0.0409683199195365,-1.31,1.05,-0.0509375
2025-12-05,0.754999999999998,0.0244167538281105,-3.78,3.56,-0.182083333333333
2025-12-06,0.694,0.0272690109617711,-0.08,3.32,1.4884375
2025-12-07,0.186000000000001,0.0376824026412879,-0.64,3.06,1.38239583333333
2025-12-08,0,0.0591493758037901,1.05,8.87,4.439375
2025-12-09,0.259,0.0892706269140944,-1.44,8.98,4.28510416666667
2025-12-10,0.506999999999999,0.0896000027900067,-0.57,12.1,5.61989583333333
2025-12-11,1.021,0.107436835904467,5.15,12.27,8.2871875
2025-12-12,0.395999999999998,0.0692853640211423,4.67,11.87,7.3625
2025-12-13,0,0.101142910663677,-3.65,12.27,4.82447916666667
2025-12-14,0.0219999999999999,0.0306797160053841,-8.03,7.23,-1.94364583333333
2025-12-15,0,0.0495561254006967,-2.79,11.83,4.59291666666667
2025-12-16,0.0150000000000006,0.0772929474080581,2.17,12.72,5.2825
2025-12-17,0.426,0.0764044596483589,-1.72,10.21,3.15197916666667
2025-12-18,0,0.113190305491314,-3.48,5.2,-0.053125
2025-12-19,0.582000000000001,0.0613360032866997,-7.93,8.65,1.06760416666667
2025-12-20,0.0399999999999991,0.0601666051623278,-8.42,2.06,-3.18739583333333
2025-12-21,0.00799999999999983,0.0346824123493679,-9.24,-1.83,-4.35895833333333
2025-12-22,0.140000000000001,0.0111967315840642,-5.39,5.17,-0.521770833333333
2025-12-23,0.187,0.0210800013490784,-7.46,0.75,-2.65125
2025-12-24,0.1,0.0161405415819421,-3.3,10.14,0.0813541666666667
2025-12-25,0.336999999999999,0.02318417798842,0.19,8.24,2.55979166666667
2025-12-26,0.0280000000000001,0.0257515043583291,-2.41,6.99,1.59552083333333
2025-12-27,0.0810000000000002,0.0441398546716437,-14.67,0.91,-5.18166666666667
2025-12-28,0,0.0361426540054628,-18.12,-4.59,-10.073125
2025-12-29,0,0.0213400704259596,-9.51,-0.15,-5.04270833333333
2025-12-30,0,0.00640515025217359,-10.3,1.28,-5.57520833333333
2025-12-31,0,0.00458071682254875,-11.58,0.28,-7.34354166666667
2026-01-01,0,0.0113422066674819,-9.74,0.66,-3.669375
