 ******* Program HYDRUS
 ******* 
 None                                                                    
 Date:  16. 1.    Time:  15:25:28
 Units: L = mm   , T = days , M = mmol 

----------------------------------------------------------
 Time       [T]        0.0000
----------------------------------------------------------
 Sub-region num.                     1
----------------------------------------------------------
 Length   [L]        0.15000E+03  0.15000E+03
 W-volume [L]        0.33678E+02  0.33678E+02
 In-flow  [L/T]      0.00000E+00  0.00000E+00
 h Mean   [L]       -0.15000E+02 -0.15000E+02
 Top Flux [L/T]     -0.12111E-04
 Bot Flux [L/T]     -0.60556E-05
----------------------------------------------------------

----------------------------------------------------------
 Time       [T]        1.0000
----------------------------------------------------------
 Sub-region num.                     1
----------------------------------------------------------
 Length   [L]        0.15000E+03  0.15000E+03
 W-volume [L]        0.33678E+02  0.33678E+02
 In-flow  [L/T]     -0.61591E-05 -0.61591E-05
 h Mean   [L]       -0.76000E+01 -0.76000E+01
 Top Flux [L/T]     -0.12012E-04
 Bot Flux [L/T]      0.57696E-11
 WatBalT  [L]       -0.53830E-05
 WatBalR  [%]             17.752
----------------------------------------------------------

----------------------------------------------------------
 Time       [T]        2.0000
----------------------------------------------------------
 Sub-region num.                     1
----------------------------------------------------------
 Length   [L]        0.15000E+03  0.15000E+03
 W-volume [L]        0.33642E+02  0.33642E+02
 In-flow  [L/T]     -0.35566E-01 -0.35566E-01
 h Mean   [L]       -0.76678E+01 -0.76678E+01
 Top Flux [L/T]      0.11568E-03
 Bot Flux [L/T]      0.00000E+00
 WatBalT  [L]        0.59605E-07
 WatBalR  [%]              0.000
----------------------------------------------------------

----------------------------------------------------------
 Time       [T]        3.0000
----------------------------------------------------------
 Sub-region num.                     1
----------------------------------------------------------
 Length   [L]        0.15000E+03  0.15000E+03
 W-volume [L]        0.33536E+02  0.33536E+02
 In-flow  [L/T]     -0.10669E+00 -0.10669E+00
 h Mean   [L]       -0.81857E+01 -0.81857E+01
 Top Flux [L/T]      0.98648E-03
 Bot Flux [L/T]      0.00000E+00
 WatBalT  [L]        0.47684E-06
 WatBalR  [%]              0.000
----------------------------------------------------------

----------------------------------------------------------
 Time       [T]        4.0000
----------------------------------------------------------
 Sub-region num.                     1
----------------------------------------------------------
 Length   [L]        0.15000E+03  0.15000E+03
 W-volume [L]        0.33459E+02  0.33459E+02
 In-flow  [L/T]     -0.76206E-01 -0.76206E-01
 h Mean   [L]       -0.20516E+04 -0.20516E+04
 Top Flux [L/T]      0.27968E-01
 Bot Flux [L/T]      0.00000E+00
 WatBalT  [L]       -0.35167E-05
 WatBalR  [%]              0.002
----------------------------------------------------------

----------------------------------------------------------
 Time       [T]        5.0000
----------------------------------------------------------
 Sub-region num.                     1
----------------------------------------------------------
 Length   [L]        0.15000E+03  0.15000E+03
 W-volume [L]        0.33447E+02  0.33447E+02
 In-flow  [L/T]     -0.40605E-02 -0.40605E-02
 h Mean   [L]       -0.33409E+04 -0.33409E+04
 Top Flux [L/T]      0.40545E-02
 Bot Flux [L/T]      0.00000E+00
 WatBalT  [L]       -0.13262E-05
 WatBalR  [%]              0.001
----------------------------------------------------------

----------------------------------------------------------
 Time       [T]        6.0000
----------------------------------------------------------
 Sub-region num.                     1
----------------------------------------------------------
 Length   [L]        0.15000E+03  0.15000E+03
 W-volume [L]        0.33446E+02  0.33446E+02
 In-flow  [L/T]     -0.32870E-03 -0.32870E-03
 h Mean   [L]       -0.33409E+04 -0.33409E+04
 Top Flux [L/T]      0.32284E-03
 Bot Flux [L/T]      0.00000E+00
 WatBalT  [L]       -0.35614E-05
 WatBalR  [%]              0.002
----------------------------------------------------------

----------------------------------------------------------
 Time       [T]        7.0000
----------------------------------------------------------
 Sub-region num.                     1
----------------------------------------------------------
 Length   [L]        0.15000E+03  0.15000E+03
 W-volume [L]        0.33446E+02  0.33446E+02
 In-flow  [L/T]     -0.98437E-04 -0.98437E-04
 h Mean   [L]       -0.33409E+04 -0.33409E+04
 Top Flux [L/T]      0.92502E-04
 Bot Flux [L/T]      0.57364E-11
 WatBalT  [L]        0.61095E-06
 WatBalR  [%]              0.000
----------------------------------------------------------

----------------------------------------------------------
 Time       [T]        8.0000
----------------------------------------------------------
 Sub-region num.                     1
----------------------------------------------------------
 Length   [L]        0.15000E+03  0.15000E+03
 W-volume [L]        0.33445E+02  0.33445E+02
 In-flow  [L/T]     -0.98437E-04 -0.98437E-04
 h Mean   [L]       -0.33409E+04 -0.33409E+04
 Top Flux [L/T]      0.92322E-04
 Bot Flux [L/T]      0.00000E+00
 WatBalT  [L]       -0.39935E-05
 WatBalR  [%]              0.002
----------------------------------------------------------

----------------------------------------------------------
 Time       [T]        9.0000
----------------------------------------------------------
 Sub-region num.                     1
----------------------------------------------------------
 Length   [L]        0.15000E+03  0.15000E+03
 W-volume [L]        0.33445E+02  0.33445E+02
 In-flow  [L/T]     -0.98050E-04 -0.98050E-04
 h Mean   [L]       -0.33409E+04 -0.33409E+04
 Top Flux [L/T]      0.92127E-04
 Bot Flux [L/T]      0.00000E+00
 WatBalT  [L]       -0.11772E-05
 WatBalR  [%]              0.001
----------------------------------------------------------

----------------------------------------------------------
 Time       [T]       10.0000
----------------------------------------------------------
 Sub-region num.                     1
----------------------------------------------------------
 Length   [L]        0.15000E+03  0.15000E+03
 W-volume [L]        0.33445E+02  0.33445E+02
 In-flow  [L/T]     -0.97871E-04 -0.97871E-04
 h Mean   [L]       -0.33409E+04 -0.33409E+04
 Top Flux [L/T]      0.91931E-04
 Bot Flux [L/T]      0.00000E+00
 WatBalT  [L]       -0.61989E-05
 WatBalR  [%]              0.003
----------------------------------------------------------

----------------------------------------------------------
 Time       [T]       11.0000
----------------------------------------------------------
 Sub-region num.                     1
----------------------------------------------------------
 Length   [L]        0.15000E+03  0.15000E+03
 W-volume [L]        0.33445E+02  0.33445E+02
 In-flow  [L/T]     -0.97603E-04 -0.97603E-04
 h Mean   [L]       -0.33409E+04 -0.33409E+04
 Top Flux [L/T]      0.91734E-04
 Bot Flux [L/T]      0.00000E+00
 WatBalT  [L]       -0.37998E-05
 WatBalR  [%]              0.002
----------------------------------------------------------

----------------------------------------------------------
 Time       [T]       12.0000
----------------------------------------------------------
 Sub-region num.                     1
----------------------------------------------------------
 Length   [L]        0.15000E+03  0.15000E+03
 W-volume [L]        0.33445E+02  0.33445E+02
 In-flow  [L/T]     -0.97662E-04 -0.97662E-04
 h Mean   [L]       -0.33409E+04 -0.33409E+04
 Top Flux [L/T]      0.91537E-04
 Bot Flux [L/T]      0.00000E+00
 WatBalT  [L]       -0.15944E-05
 WatBalR  [%]              0.001
----------------------------------------------------------

----------------------------------------------------------
 Time       [T]       13.0000
----------------------------------------------------------
 Sub-region num.                     1
----------------------------------------------------------
 Length   [L]        0.15000E+03  0.15000E+03
 W-volume [L]        0.33445E+02  0.33445E+02
 In-flow  [L/T]     -0.97364E-04 -0.97364E-04
 h Mean   [L]       -0.33409E+04 -0.33409E+04
 Top Flux [L/T]      0.91340E-04
 Bot Flux [L/T]     -0.57035E-11
 WatBalT  [L]       -0.33975E-05
 WatBalR  [%]              0.001
----------------------------------------------------------

----------------------------------------------------------
 Time       [T]       14.0000
----------------------------------------------------------
 Sub-region num.                     1
----------------------------------------------------------
 Length   [L]        0.15000E+03  0.15000E+03
 W-volume [L]        0.33445E+02  0.33445E+02
 In-flow  [L/T]     -0.97156E-04 -0.97156E-04
 h Mean   [L]       -0.33409E+04 -0.33409E+04
 Top Flux [L/T]      0.91143E-04
 Bot Flux [L/T]      0.00000E+00
 WatBalT  [L]        0.22203E-05
 WatBalR  [%]              0.001
----------------------------------------------------------

----------------------------------------------------------
 Time       [T]       15.0000
----------------------------------------------------------
 Sub-region num.                     1
----------------------------------------------------------
 Length   [L]        0.15000E+03  0.15000E+03
 W-volume [L]        0.33445E+02  0.33445E+02
 In-flow  [L/T]     -0.96887E-04 -0.96887E-04
 h Mean   [L]       -0.33409E+04 -0.33409E+04
 Top Flux [L/T]      0.90946E-04
 Bot Flux [L/T]      0.00000E+00
 WatBalT  [L]       -0.76294E-05
 WatBalR  [%]              0.003
----------------------------------------------------------

----------------------------------------------------------
 Time       [T]       16.0000
----------------------------------------------------------
 Sub-region num.                     1
----------------------------------------------------------
 Length   [L]        0.15000E+03  0.15000E+03
 W-volume [L]        0.33445E+02  0.33445E+02
 In-flow  [L/T]     -0.96679E-04 -0.96679E-04
 h Mean   [L]       -0.33409E+04 -0.33409E+04
 Top Flux [L/T]      0.90749E-04
 Bot Flux [L/T]      0.56871E-11
 WatBalT  [L]        0.13858E-05
 WatBalR  [%]              0.001
----------------------------------------------------------

----------------------------------------------------------
 Time       [T]       17.0000
----------------------------------------------------------
 Sub-region num.                     1
----------------------------------------------------------
 Length   [L]        0.15000E+03  0.15000E+03
 W-volume [L]        0.33445E+02  0.33445E+02
 In-flow  [L/T]     -0.96381E-04 -0.96381E-04
 h Mean   [L]       -0.33409E+04 -0.33409E+04
 Top Flux [L/T]      0.90552E-04
 Bot Flux [L/T]      0.56816E-11
 WatBalT  [L]       -0.12368E-05
 WatBalR  [%]              0.001
----------------------------------------------------------

----------------------------------------------------------
 Time       [T]       18.0000
----------------------------------------------------------
 Sub-region num.                     1
----------------------------------------------------------
 Length   [L]        0.15000E+03  0.15000E+03
 W-volume [L]        0.33444E+02  0.33444E+02
 In-flow  [L/T]     -0.96440E-04 -0.96440E-04
 h Mean   [L]       -0.33409E+04 -0.33409E+04
 Top Flux [L/T]      0.90355E-04
 Bot Flux [L/T]      0.00000E+00
 WatBalT  [L]       -0.40531E-05
 WatBalR  [%]              0.002
----------------------------------------------------------

----------------------------------------------------------
 Time       [T]       19.0000
----------------------------------------------------------
 Sub-region num.                     1
----------------------------------------------------------
 Length   [L]        0.15000E+03  0.15000E+03
 W-volume [L]        0.33444E+02  0.33444E+02
 In-flow  [L/T]     -0.96262E-04 -0.96262E-04
 h Mean   [L]       -0.33409E+04 -0.33409E+04
 Top Flux [L/T]      0.90157E-04
 Bot Flux [L/T]     -0.56707E-11
 WatBalT  [L]       -0.32634E-05
 WatBalR  [%]              0.001
----------------------------------------------------------

----------------------------------------------------------
 Time       [T]       20.0000
----------------------------------------------------------
 Sub-region num.                     1
----------------------------------------------------------
 Length   [L]        0.15000E+03  0.15000E+03
 W-volume [L]        0.33444E+02  0.33444E+02
 In-flow  [L/T]     -0.96023E-04 -0.96023E-04
 h Mean   [L]       -0.33409E+04 -0.33409E+04
 Top Flux [L/T]      0.89960E-04
 Bot Flux [L/T]      0.56653E-11
 WatBalT  [L]       -0.26822E-05
 WatBalR  [%]              0.001
----------------------------------------------------------

----------------------------------------------------------
 Time       [T]       21.0000
----------------------------------------------------------
 Sub-region num.                     1
----------------------------------------------------------
 Length   [L]        0.15000E+03  0.15000E+03
 W-volume [L]        0.33444E+02  0.33444E+02
 In-flow  [L/T]     -0.95725E-04 -0.95725E-04
 h Mean   [L]       -0.33409E+04 -0.33409E+04
 Top Flux [L/T]      0.89763E-04
 Bot Flux [L/T]      0.00000E+00
 WatBalT  [L]       -0.23097E-05
 WatBalR  [%]              0.001
----------------------------------------------------------

----------------------------------------------------------
 Time       [T]       22.0000
----------------------------------------------------------
 Sub-region num.                     1
----------------------------------------------------------
 Length   [L]        0.15000E+03  0.15000E+03
 W-volume [L]        0.33444E+02  0.33444E+02
 In-flow  [L/T]     -0.95457E-04 -0.95457E-04
 h Mean   [L]       -0.33409E+04 -0.33409E+04
 Top Flux [L/T]      0.89565E-04
 Bot Flux [L/T]      0.56544E-11
 WatBalT  [L]       -0.21309E-05
 WatBalR  [%]              0.001
----------------------------------------------------------

----------------------------------------------------------
 Time       [T]       23.0000
----------------------------------------------------------
 Sub-region num.                     1
----------------------------------------------------------
 Length   [L]        0.15000E+03  0.15000E+03
 W-volume [L]        0.33444E+02  0.33444E+02
 In-flow  [L/T]     -0.95487E-04 -0.95487E-04
 h Mean   [L]       -0.33409E+04 -0.33409E+04
 Top Flux [L/T]      0.89368E-04
 Bot Flux [L/T]      0.00000E+00
 WatBalT  [L]       -0.21458E-05
 WatBalR  [%]              0.001
----------------------------------------------------------

----------------------------------------------------------
 Time       [T]       24.0000
----------------------------------------------------------
 Sub-region num.                     1
----------------------------------------------------------
 Length   [L]        0.15000E+03  0.15000E+03
 W-volume [L]        0.33444E+02  0.33444E+02
 In-flow  [L/T]     -0.95040E-04 -0.95040E-04
 h Mean   [L]       -0.33409E+04 -0.33409E+04
 Top Flux [L/T]      0.89171E-04
 Bot Flux [L/T]      0.56436E-11
 WatBalT  [L]       -0.23693E-05
 WatBalR  [%]              0.001
----------------------------------------------------------

----------------------------------------------------------
 Time       [T]       25.0000
----------------------------------------------------------
 Sub-region num.                     1
----------------------------------------------------------
 Length   [L]        0.15000E+03  0.15000E+03
 W-volume [L]        0.33444E+02  0.33444E+02
 In-flow  [L/T]     -0.94801E-04 -0.94801E-04
 h Mean   [L]       -0.33409E+04 -0.33409E+04
 Top Flux [L/T]      0.88974E-04
 Bot Flux [L/T]     -0.56381E-11
 WatBalT  [L]       -0.28163E-05
 WatBalR  [%]              0.001
----------------------------------------------------------

----------------------------------------------------------
 Time       [T]       26.0000
----------------------------------------------------------
 Sub-region num.                     1
----------------------------------------------------------
 Length   [L]        0.15000E+03  0.15000E+03
 W-volume [L]        0.33444E+02  0.33444E+02
 In-flow  [L/T]     -0.94503E-04 -0.94503E-04
 h Mean   [L]       -0.33409E+04 -0.33409E+04
 Top Flux [L/T]      0.88777E-04
 Bot Flux [L/T]      0.56327E-11
 WatBalT  [L]       -0.34571E-05
 WatBalR  [%]              0.001
----------------------------------------------------------

----------------------------------------------------------
 Time       [T]       27.0000
----------------------------------------------------------
 Sub-region num.                     1
----------------------------------------------------------
 Length   [L]        0.15000E+03  0.15000E+03
 W-volume [L]        0.33444E+02  0.33444E+02
 In-flow  [L/T]     -0.94712E-04 -0.94712E-04
 h Mean   [L]       -0.33409E+04 -0.33409E+04
 Top Flux [L/T]      0.88580E-04
 Bot Flux [L/T]      0.56273E-11
 WatBalT  [L]       -0.81062E-05
 WatBalR  [%]              0.003
----------------------------------------------------------

----------------------------------------------------------
 Time       [T]       28.0000
----------------------------------------------------------
 Sub-region num.                     1
----------------------------------------------------------
 Length   [L]        0.15000E+03  0.15000E+03
 W-volume [L]        0.33444E+02  0.33444E+02
 In-flow  [L/T]     -0.94175E-04 -0.94175E-04
 h Mean   [L]       -0.33409E+04 -0.33409E+04
 Top Flux [L/T]      0.88383E-04
 Bot Flux [L/T]     -0.56220E-11
 WatBalT  [L]       -0.53197E-05
 WatBalR  [%]              0.002
----------------------------------------------------------

----------------------------------------------------------
 Time       [T]       29.0000
----------------------------------------------------------
 Sub-region num.                     1
----------------------------------------------------------
 Length   [L]        0.15000E+03  0.15000E+03
 W-volume [L]        0.33443E+02  0.33443E+02
 In-flow  [L/T]     -0.94116E-04 -0.94116E-04
 h Mean   [L]       -0.33409E+04 -0.33409E+04
 Top Flux [L/T]      0.88186E-04
 Bot Flux [L/T]      0.00000E+00
 WatBalT  [L]        0.10729E-05
 WatBalR  [%]              0.000
----------------------------------------------------------

----------------------------------------------------------
 Time       [T]       30.0000
----------------------------------------------------------
 Sub-region num.                     1
----------------------------------------------------------
 Length   [L]        0.15000E+03  0.15000E+03
 W-volume [L]        0.33443E+02  0.33443E+02
 In-flow  [L/T]     -0.93788E-04 -0.93788E-04
 h Mean   [L]       -0.33409E+04 -0.33409E+04
 Top Flux [L/T]      0.87989E-04
 Bot Flux [L/T]      0.00000E+00
 WatBalT  [L]       -0.41872E-05
 WatBalR  [%]              0.002
----------------------------------------------------------

----------------------------------------------------------
 Time       [T]       31.0000
----------------------------------------------------------
 Sub-region num.                     1
----------------------------------------------------------
 Length   [L]        0.15000E+03  0.15000E+03
 W-volume [L]        0.33443E+02  0.33443E+02
 In-flow  [L/T]     -0.93520E-04 -0.93520E-04
 h Mean   [L]       -0.33409E+04 -0.33409E+04
 Top Flux [L/T]      0.87792E-04
 Bot Flux [L/T]      0.56058E-11
 WatBalT  [L]       -0.20266E-05
 WatBalR  [%]              0.001
----------------------------------------------------------

----------------------------------------------------------
 Time       [T]       32.0000
----------------------------------------------------------
 Sub-region num.                     1
----------------------------------------------------------
 Length   [L]        0.15000E+03  0.15000E+03
 W-volume [L]        0.33443E+02  0.33443E+02
 In-flow  [L/T]     -0.93430E-04 -0.93430E-04
 h Mean   [L]       -0.33409E+04 -0.33409E+04
 Top Flux [L/T]      0.87596E-04
 Bot Flux [L/T]      0.56004E-11
 WatBalT  [L]       -0.38743E-05
 WatBalR  [%]              0.002
----------------------------------------------------------

----------------------------------------------------------
 Time       [T]       33.0000
----------------------------------------------------------
 Sub-region num.                     1
----------------------------------------------------------
 Length   [L]        0.15000E+03  0.15000E+03
 W-volume [L]        0.33443E+02  0.33443E+02
 In-flow  [L/T]     -0.93281E-04 -0.93281E-04
 h Mean   [L]       -0.33409E+04 -0.33409E+04
 Top Flux [L/T]      0.87399E-04
 Bot Flux [L/T]     -0.55950E-11
 WatBalT  [L]       -0.21011E-05
 WatBalR  [%]              0.001
----------------------------------------------------------

----------------------------------------------------------
 Time       [T]       34.0000
----------------------------------------------------------
 Sub-region num.                     1
----------------------------------------------------------
 Length   [L]        0.15000E+03  0.15000E+03
 W-volume [L]        0.33443E+02  0.33443E+02
 In-flow  [L/T]     -0.92953E-04 -0.92953E-04
 h Mean   [L]       -0.33409E+04 -0.33409E+04
 Top Flux [L/T]      0.87203E-04
 Bot Flux [L/T]     -0.55897E-11
 WatBalT  [L]       -0.43511E-05
 WatBalR  [%]              0.002
----------------------------------------------------------

----------------------------------------------------------
 Time       [T]       35.0000
----------------------------------------------------------
 Sub-region num.                     1
----------------------------------------------------------
 Length   [L]        0.15000E+03  0.15000E+03
 W-volume [L]        0.33443E+02  0.33443E+02
 In-flow  [L/T]     -0.92834E-04 -0.92834E-04
 h Mean   [L]       -0.33409E+04 -0.33409E+04
 Top Flux [L/T]      0.87006E-04
 Bot Flux [L/T]     -0.55843E-11
 WatBalT  [L]       -0.68098E-05
 WatBalR  [%]              0.003
----------------------------------------------------------

----------------------------------------------------------
 Time       [T]       36.0000
----------------------------------------------------------
 Sub-region num.                     1
----------------------------------------------------------
 Length   [L]        0.15000E+03  0.15000E+03
 W-volume [L]        0.33443E+02  0.33443E+02
 In-flow  [L/T]     -0.92477E-04 -0.92477E-04
 h Mean   [L]       -0.33409E+04 -0.33409E+04
 Top Flux [L/T]      0.86810E-04
 Bot Flux [L/T]     -0.55790E-11
 WatBalT  [L]        0.19670E-05
 WatBalR  [%]              0.001
----------------------------------------------------------

----------------------------------------------------------
 Time       [T]       37.0000
----------------------------------------------------------
 Sub-region num.                     1
----------------------------------------------------------
 Length   [L]        0.15000E+03  0.15000E+03
 W-volume [L]        0.33443E+02  0.33443E+02
 In-flow  [L/T]     -0.92536E-04 -0.92536E-04
 h Mean   [L]       -0.33409E+04 -0.33409E+04
 Top Flux [L/T]      0.86614E-04
 Bot Flux [L/T]      0.55736E-11
 WatBalT  [L]       -0.47088E-05
 WatBalR  [%]              0.002
----------------------------------------------------------

----------------------------------------------------------
 Time       [T]       38.0000
----------------------------------------------------------
 Sub-region num.                     1
----------------------------------------------------------
 Length   [L]        0.15000E+03  0.15000E+03
 W-volume [L]        0.33443E+02  0.33443E+02
 In-flow  [L/T]     -0.92179E-04 -0.92179E-04
 h Mean   [L]       -0.33409E+04 -0.33409E+04
 Top Flux [L/T]      0.86418E-04
 Bot Flux [L/T]      0.00000E+00
 WatBalT  [L]       -0.13411E-06
 WatBalR  [%]              0.000
----------------------------------------------------------

----------------------------------------------------------
 Time       [T]       39.0000
----------------------------------------------------------
 Sub-region num.                     1
----------------------------------------------------------
 Length   [L]        0.15000E+03  0.15000E+03
 W-volume [L]        0.33443E+02  0.33443E+02
 In-flow  [L/T]     -0.92059E-04 -0.92059E-04
 h Mean   [L]       -0.33409E+04 -0.33409E+04
 Top Flux [L/T]      0.86222E-04
 Bot Flux [L/T]      0.00000E+00
 WatBalT  [L]       -0.72122E-05
 WatBalR  [%]              0.003
----------------------------------------------------------

----------------------------------------------------------
 Time       [T]       40.0000
----------------------------------------------------------
 Sub-region num.                     1
----------------------------------------------------------
 Length   [L]        0.15000E+03  0.15000E+03
 W-volume [L]        0.33442E+02  0.33442E+02
 In-flow  [L/T]     -0.91851E-04 -0.91851E-04
 h Mean   [L]       -0.33409E+04 -0.33409E+04
 Top Flux [L/T]      0.86026E-04
 Bot Flux [L/T]      0.00000E+00
 WatBalT  [L]       -0.30249E-05
 WatBalR  [%]              0.001
----------------------------------------------------------

----------------------------------------------------------
 Time       [T]       41.0000
----------------------------------------------------------
 Sub-region num.                     1
----------------------------------------------------------
 Length   [L]        0.15000E+03  0.15000E+03
 W-volume [L]        0.33442E+02  0.33442E+02
 In-flow  [L/T]     -0.91672E-04 -0.91672E-04
 h Mean   [L]       -0.33409E+04 -0.33409E+04
 Top Flux [L/T]      0.85831E-04
 Bot Flux [L/T]      0.00000E+00
 WatBalT  [L]       -0.67055E-05
 WatBalR  [%]              0.003
----------------------------------------------------------

----------------------------------------------------------
 Time       [T]       42.0000
----------------------------------------------------------
 Sub-region num.                     1
----------------------------------------------------------
 Length   [L]        0.15000E+03  0.15000E+03
 W-volume [L]        0.33442E+02  0.33442E+02
 In-flow  [L/T]     -0.91285E-04 -0.91285E-04
 h Mean   [L]       -0.33409E+04 -0.33409E+04
 Top Flux [L/T]      0.85636E-04
 Bot Flux [L/T]     -0.55469E-11
 WatBalT  [L]       -0.67651E-05
 WatBalR  [%]              0.003
----------------------------------------------------------

----------------------------------------------------------
 Time       [T]       43.0000
----------------------------------------------------------
 Sub-region num.                     1
----------------------------------------------------------
 Length   [L]        0.15000E+03  0.15000E+03
 W-volume [L]        0.33442E+02  0.33442E+02
 In-flow  [L/T]     -0.91314E-04 -0.91314E-04
 h Mean   [L]       -0.33409E+04 -0.33409E+04
 Top Flux [L/T]      0.85440E-04
 Bot Flux [L/T]     -0.55416E-11
 WatBalT  [L]        0.61095E-06
 WatBalR  [%]              0.000
----------------------------------------------------------

----------------------------------------------------------
 Time       [T]       44.0000
----------------------------------------------------------
 Sub-region num.                     1
----------------------------------------------------------
 Length   [L]        0.15000E+03  0.15000E+03
 W-volume [L]        0.33442E+02  0.33442E+02
 In-flow  [L/T]     -0.91165E-04 -0.91165E-04
 h Mean   [L]       -0.33409E+04 -0.33409E+04
 Top Flux [L/T]      0.85245E-04
 Bot Flux [L/T]     -0.55363E-11
 WatBalT  [L]       -0.74655E-05
 WatBalR  [%]              0.003
----------------------------------------------------------

----------------------------------------------------------
 Time       [T]       45.0000
----------------------------------------------------------
 Sub-region num.                     1
----------------------------------------------------------
 Length   [L]        0.15000E+03  0.15000E+03
 W-volume [L]        0.33442E+02  0.33442E+02
 In-flow  [L/T]     -0.90927E-04 -0.90927E-04
 h Mean   [L]       -0.33409E+04 -0.33409E+04
 Top Flux [L/T]      0.85050E-04
 Bot Flux [L/T]     -0.55310E-11
 WatBalT  [L]       -0.47684E-06
 WatBalR  [%]              0.000
----------------------------------------------------------

----------------------------------------------------------
 Time       [T]       46.0000
----------------------------------------------------------
 Sub-region num.                     1
----------------------------------------------------------
 Length   [L]        0.15000E+03  0.15000E+03
 W-volume [L]        0.33442E+02  0.33442E+02
 In-flow  [L/T]     -0.90718E-04 -0.90718E-04
 h Mean   [L]       -0.33409E+04 -0.33409E+04
 Top Flux [L/T]      0.84855E-04
 Bot Flux [L/T]     -0.55257E-11
 WatBalT  [L]       -0.89705E-05
 WatBalR  [%]              0.004
----------------------------------------------------------

----------------------------------------------------------
 Time       [T]       47.0000
----------------------------------------------------------
 Sub-region num.                     1
----------------------------------------------------------
 Length   [L]        0.15000E+03  0.15000E+03
 W-volume [L]        0.33442E+02  0.33442E+02
 In-flow  [L/T]     -0.90629E-04 -0.90629E-04
 h Mean   [L]       -0.33409E+04 -0.33409E+04
 Top Flux [L/T]      0.84661E-04
 Bot Flux [L/T]      0.00000E+00
 WatBalT  [L]       -0.23991E-05
 WatBalR  [%]              0.001
----------------------------------------------------------

----------------------------------------------------------
 Time       [T]       48.0000
----------------------------------------------------------
 Sub-region num.                     1
----------------------------------------------------------
 Length   [L]        0.15000E+03  0.15000E+03
 W-volume [L]        0.33442E+02  0.33442E+02
 In-flow  [L/T]     -0.90420E-04 -0.90420E-04
 h Mean   [L]       -0.33409E+04 -0.33409E+04
 Top Flux [L/T]      0.84466E-04
 Bot Flux [L/T]      0.00000E+00
 WatBalT  [L]       -0.74804E-05
 WatBalR  [%]              0.003
----------------------------------------------------------

----------------------------------------------------------
 Time       [T]       49.0000
----------------------------------------------------------
 Sub-region num.                     1
----------------------------------------------------------
 Length   [L]        0.15000E+03  0.15000E+03
 W-volume [L]        0.33442E+02  0.33442E+02
 In-flow  [L/T]     -0.89973E-04 -0.89973E-04
 h Mean   [L]       -0.33409E+04 -0.33409E+04
 Top Flux [L/T]      0.84272E-04
 Bot Flux [L/T]      0.00000E+00
 WatBalT  [L]       -0.51111E-05
 WatBalR  [%]              0.002
----------------------------------------------------------

----------------------------------------------------------
 Time       [T]       50.0000
----------------------------------------------------------
 Sub-region num.                     1
----------------------------------------------------------
 Length   [L]        0.15000E+03  0.15000E+03
 W-volume [L]        0.33442E+02  0.33442E+02
 In-flow  [L/T]     -0.89914E-04 -0.89914E-04
 h Mean   [L]       -0.33409E+04 -0.33409E+04
 Top Flux [L/T]      0.84078E-04
 Bot Flux [L/T]     -0.55045E-11
 WatBalT  [L]       -0.29504E-05
 WatBalR  [%]              0.001
----------------------------------------------------------

----------------------------------------------------------
 Time       [T]       51.0000
----------------------------------------------------------
 Sub-region num.                     1
----------------------------------------------------------
 Length   [L]        0.15000E+03  0.15000E+03
 W-volume [L]        0.33441E+02  0.33441E+02
 In-flow  [L/T]     -0.89824E-04 -0.89824E-04
 h Mean   [L]       -0.33409E+04 -0.33409E+04
 Top Flux [L/T]      0.83884E-04
 Bot Flux [L/T]     -0.54992E-11
 WatBalT  [L]       -0.47833E-05
 WatBalR  [%]              0.002
----------------------------------------------------------

----------------------------------------------------------
 Time       [T]       52.0000
----------------------------------------------------------
 Sub-region num.                     1
----------------------------------------------------------
 Length   [L]        0.15000E+03  0.15000E+03
 W-volume [L]        0.33441E+02  0.33441E+02
 In-flow  [L/T]     -0.89586E-04 -0.89586E-04
 h Mean   [L]       -0.33409E+04 -0.33409E+04
 Top Flux [L/T]      0.83691E-04
 Bot Flux [L/T]      0.54939E-11
 WatBalT  [L]       -0.30398E-05
 WatBalR  [%]              0.001
----------------------------------------------------------

----------------------------------------------------------
 Time       [T]       53.0000
----------------------------------------------------------
 Sub-region num.                     1
----------------------------------------------------------
 Length   [L]        0.15000E+03  0.15000E+03
 W-volume [L]        0.33441E+02  0.33441E+02
 In-flow  [L/T]     -0.89258E-04 -0.89258E-04
 h Mean   [L]       -0.33409E+04 -0.33409E+04
 Top Flux [L/T]      0.83497E-04
 Bot Flux [L/T]      0.54887E-11
 WatBalT  [L]       -0.52899E-05
 WatBalR  [%]              0.002
----------------------------------------------------------

----------------------------------------------------------
 Time       [T]       54.0000
----------------------------------------------------------
 Sub-region num.                     1
----------------------------------------------------------
 Length   [L]        0.15000E+03  0.15000E+03
 W-volume [L]        0.33441E+02  0.33441E+02
 In-flow  [L/T]     -0.89049E-04 -0.89049E-04
 h Mean   [L]       -0.33409E+04 -0.33409E+04
 Top Flux [L/T]      0.83304E-04
 Bot Flux [L/T]      0.00000E+00
 WatBalT  [L]       -0.39339E-05
 WatBalR  [%]              0.002
----------------------------------------------------------

----------------------------------------------------------
 Time       [T]       55.0000
----------------------------------------------------------
 Sub-region num.                     1
----------------------------------------------------------
 Length   [L]        0.15000E+03  0.15000E+03
 W-volume [L]        0.33441E+02  0.33441E+02
 In-flow  [L/T]     -0.88900E-04 -0.88900E-04
 h Mean   [L]       -0.33409E+04 -0.33409E+04
 Top Flux [L/T]      0.83111E-04
 Bot Flux [L/T]     -0.54781E-11
 WatBalT  [L]       -0.65714E-05
 WatBalR  [%]              0.003
----------------------------------------------------------

----------------------------------------------------------
 Time       [T]       56.0000
----------------------------------------------------------
 Sub-region num.                     1
----------------------------------------------------------
 Length   [L]        0.15000E+03  0.15000E+03
 W-volume [L]        0.33441E+02  0.33441E+02
 In-flow  [L/T]     -0.88662E-04 -0.88662E-04
 h Mean   [L]       -0.33410E+04 -0.33410E+04
 Top Flux [L/T]      0.82918E-04
 Bot Flux [L/T]      0.00000E+00
 WatBalT  [L]       -0.55879E-05
 WatBalR  [%]              0.002
----------------------------------------------------------

----------------------------------------------------------
 Time       [T]       57.0000
----------------------------------------------------------
 Sub-region num.                     1
----------------------------------------------------------
 Length   [L]        0.15000E+03  0.15000E+03
 W-volume [L]        0.33441E+02  0.33441E+02
 In-flow  [L/T]     -0.88543E-04 -0.88543E-04
 h Mean   [L]       -0.33410E+04 -0.33410E+04
 Top Flux [L/T]      0.82726E-04
 Bot Flux [L/T]      0.00000E+00
 WatBalT  [L]       -0.10133E-05
 WatBalR  [%]              0.000
----------------------------------------------------------

----------------------------------------------------------
 Time       [T]       58.0000
----------------------------------------------------------
 Sub-region num.                     1
----------------------------------------------------------
 Length   [L]        0.15000E+03  0.15000E+03
 W-volume [L]        0.33441E+02  0.33441E+02
 In-flow  [L/T]     -0.88304E-04 -0.88304E-04
 h Mean   [L]       -0.33410E+04 -0.33410E+04
 Top Flux [L/T]      0.82533E-04
 Bot Flux [L/T]      0.00000E+00
 WatBalT  [L]       -0.80764E-05
 WatBalR  [%]              0.003
----------------------------------------------------------

----------------------------------------------------------
 Time       [T]       59.0000
----------------------------------------------------------
 Sub-region num.                     1
----------------------------------------------------------
 Length   [L]        0.15000E+03  0.15000E+03
 W-volume [L]        0.33441E+02  0.33441E+02
 In-flow  [L/T]     -0.88215E-04 -0.88215E-04
 h Mean   [L]       -0.33410E+04 -0.33410E+04
 Top Flux [L/T]      0.82341E-04
 Bot Flux [L/T]     -0.54572E-11
 WatBalT  [L]       -0.38892E-05
 WatBalR  [%]              0.002
----------------------------------------------------------

----------------------------------------------------------
 Time       [T]       60.0000
----------------------------------------------------------
 Sub-region num.                     1
----------------------------------------------------------
 Length   [L]        0.15000E+03  0.15000E+03
 W-volume [L]        0.33441E+02  0.33441E+02
 In-flow  [L/T]     -0.87827E-04 -0.87827E-04
 h Mean   [L]       -0.33410E+04 -0.33410E+04
 Top Flux [L/T]      0.82149E-04
 Bot Flux [L/T]     -0.54519E-11
 WatBalT  [L]       -0.75251E-05
 WatBalR  [%]              0.003
----------------------------------------------------------

----------------------------------------------------------
 Time       [T]       61.0000
----------------------------------------------------------
 Sub-region num.                     1
----------------------------------------------------------
 Length   [L]        0.15000E+03  0.15000E+03
 W-volume [L]        0.33441E+02  0.33441E+02
 In-flow  [L/T]     -0.87738E-04 -0.87738E-04
 h Mean   [L]       -0.33410E+04 -0.33410E+04
 Top Flux [L/T]      0.81958E-04
 Bot Flux [L/T]      0.54467E-11
 WatBalT  [L]       -0.37253E-05
 WatBalR  [%]              0.002
----------------------------------------------------------

----------------------------------------------------------
 Time       [T]       62.0000
----------------------------------------------------------
 Sub-region num.                     1
----------------------------------------------------------
 Length   [L]        0.15000E+03  0.15000E+03
 W-volume [L]        0.33440E+02  0.33440E+02
 In-flow  [L/T]     -0.87500E-04 -0.87500E-04
 h Mean   [L]       -0.33410E+04 -0.33410E+04
 Top Flux [L/T]      0.81766E-04
 Bot Flux [L/T]      0.00000E+00
 WatBalT  [L]       -0.11921E-06
 WatBalR  [%]              0.000
----------------------------------------------------------

----------------------------------------------------------
 Time       [T]       63.0000
----------------------------------------------------------
 Sub-region num.                     1
----------------------------------------------------------
 Length   [L]        0.15000E+03  0.15000E+03
 W-volume [L]        0.33440E+02  0.33440E+02
 In-flow  [L/T]     -0.87321E-04 -0.87321E-04
 h Mean   [L]       -0.33410E+04 -0.33410E+04
 Top Flux [L/T]      0.81575E-04
 Bot Flux [L/T]     -0.54362E-11
 WatBalT  [L]       -0.43660E-05
 WatBalR  [%]              0.002
----------------------------------------------------------

----------------------------------------------------------
 Time       [T]       64.0000
----------------------------------------------------------
 Sub-region num.                     1
----------------------------------------------------------
 Length   [L]        0.15000E+03  0.15000E+03
 W-volume [L]        0.33440E+02  0.33440E+02
 In-flow  [L/T]     -0.87172E-04 -0.87172E-04
 h Mean   [L]       -0.33410E+04 -0.33410E+04
 Top Flux [L/T]      0.81384E-04
 Bot Flux [L/T]      0.00000E+00
 WatBalT  [L]       -0.11623E-05
 WatBalR  [%]              0.000
----------------------------------------------------------

----------------------------------------------------------
 Time       [T]       65.0000
----------------------------------------------------------
 Sub-region num.                     1
----------------------------------------------------------
 Length   [L]        0.15000E+03  0.15000E+03
 W-volume [L]        0.33440E+02  0.33440E+02
 In-flow  [L/T]     -0.86963E-04 -0.86963E-04
 h Mean   [L]       -0.33410E+04 -0.33410E+04
 Top Flux [L/T]      0.81193E-04
 Bot Flux [L/T]      0.54258E-11
 WatBalT  [L]       -0.19670E-05
 WatBalR  [%]              0.001
----------------------------------------------------------

----------------------------------------------------------
 Time       [T]       66.0000
----------------------------------------------------------
 Sub-region num.                     1
----------------------------------------------------------
 Length   [L]        0.15000E+03  0.15000E+03
 W-volume [L]        0.33440E+02  0.33440E+02
 In-flow  [L/T]     -0.86695E-04 -0.86695E-04
 h Mean   [L]       -0.33410E+04 -0.33410E+04
 Top Flux [L/T]      0.81003E-04
 Bot Flux [L/T]      0.00000E+00
 WatBalT  [L]        0.84937E-06
 WatBalR  [%]              0.000
----------------------------------------------------------

----------------------------------------------------------
 Time       [T]       67.0000
----------------------------------------------------------
 Sub-region num.                     1
----------------------------------------------------------
 Length   [L]        0.15000E+03  0.15000E+03
 W-volume [L]        0.33440E+02  0.33440E+02
 In-flow  [L/T]     -0.86576E-04 -0.86576E-04
 h Mean   [L]       -0.33410E+04 -0.33410E+04
 Top Flux [L/T]      0.80813E-04
 Bot Flux [L/T]     -0.54154E-11
 WatBalT  [L]       -0.79572E-05
 WatBalR  [%]              0.003
----------------------------------------------------------

----------------------------------------------------------
 Time       [T]       68.0000
----------------------------------------------------------
 Sub-region num.                     1
----------------------------------------------------------
 Length   [L]        0.15000E+03  0.15000E+03
 W-volume [L]        0.33440E+02  0.33440E+02
 In-flow  [L/T]     -0.86337E-04 -0.86337E-04
 h Mean   [L]       -0.33410E+04 -0.33410E+04
 Top Flux [L/T]      0.80623E-04
 Bot Flux [L/T]      0.00000E+00
 WatBalT  [L]       -0.55581E-05
 WatBalR  [%]              0.002
----------------------------------------------------------

----------------------------------------------------------
 Time       [T]       69.0000
----------------------------------------------------------
 Sub-region num.                     1
----------------------------------------------------------
 Length   [L]        0.15000E+03  0.15000E+03
 W-volume [L]        0.33440E+02  0.33440E+02
 In-flow  [L/T]     -0.86159E-04 -0.86159E-04
 h Mean   [L]       -0.33410E+04 -0.33410E+04
 Top Flux [L/T]      0.80433E-04
 Bot Flux [L/T]      0.00000E+00
 WatBalT  [L]        0.47684E-06
 WatBalR  [%]              0.000
----------------------------------------------------------

----------------------------------------------------------
 Time       [T]       70.0000
----------------------------------------------------------
 Sub-region num.                     1
----------------------------------------------------------
 Length   [L]        0.15000E+03  0.15000E+03
 W-volume [L]        0.33440E+02  0.33440E+02
 In-flow  [L/T]     -0.86010E-04 -0.86010E-04
 h Mean   [L]       -0.33410E+04 -0.33410E+04
 Top Flux [L/T]      0.80244E-04
 Bot Flux [L/T]      0.00000E+00
 WatBalT  [L]       -0.89258E-05
 WatBalR  [%]              0.004
----------------------------------------------------------

----------------------------------------------------------
 Time       [T]       71.0000
----------------------------------------------------------
 Sub-region num.                     1
----------------------------------------------------------
 Length   [L]        0.15000E+03  0.15000E+03
 W-volume [L]        0.33440E+02  0.33440E+02
 In-flow  [L/T]     -0.85831E-04 -0.85831E-04
 h Mean   [L]       -0.33410E+04 -0.33410E+04
 Top Flux [L/T]      0.80054E-04
 Bot Flux [L/T]      0.53947E-11
 WatBalT  [L]       -0.32783E-05
 WatBalR  [%]              0.001
----------------------------------------------------------

----------------------------------------------------------
 Time       [T]       72.0000
----------------------------------------------------------
 Sub-region num.                     1
----------------------------------------------------------
 Length   [L]        0.15000E+03  0.15000E+03
 W-volume [L]        0.33440E+02  0.33440E+02
 In-flow  [L/T]     -0.85622E-04 -0.85622E-04
 h Mean   [L]       -0.33410E+04 -0.33410E+04
 Top Flux [L/T]      0.79866E-04
 Bot Flux [L/T]      0.53895E-11
 WatBalT  [L]       -0.54389E-05
 WatBalR  [%]              0.002
----------------------------------------------------------

----------------------------------------------------------
 Time       [T]       73.0000
----------------------------------------------------------
 Sub-region num.                     1
----------------------------------------------------------
 Length   [L]        0.15000E+03  0.15000E+03
 W-volume [L]        0.33439E+02  0.33439E+02
 In-flow  [L/T]     -0.85413E-04 -0.85413E-04
 h Mean   [L]       -0.33410E+04 -0.33410E+04
 Top Flux [L/T]      0.79677E-04
 Bot Flux [L/T]      0.00000E+00
 WatBalT  [L]       -0.39935E-05
 WatBalR  [%]              0.002
----------------------------------------------------------

----------------------------------------------------------
 Time       [T]       74.0000
----------------------------------------------------------
 Sub-region num.                     1
----------------------------------------------------------
 Length   [L]        0.15000E+03  0.15000E+03
 W-volume [L]        0.33439E+02  0.33439E+02
 In-flow  [L/T]     -0.85175E-04 -0.85175E-04
 h Mean   [L]       -0.33410E+04 -0.33410E+04
 Top Flux [L/T]      0.79488E-04
 Bot Flux [L/T]      0.53792E-11
 WatBalT  [L]       -0.65714E-05
 WatBalR  [%]              0.003
----------------------------------------------------------

----------------------------------------------------------
 Time       [T]       75.0000
----------------------------------------------------------
 Sub-region num.                     1
----------------------------------------------------------
 Length   [L]        0.15000E+03  0.15000E+03
 W-volume [L]        0.33439E+02  0.33439E+02
 In-flow  [L/T]     -0.85056E-04 -0.85056E-04
 h Mean   [L]       -0.33410E+04 -0.33410E+04
 Top Flux [L/T]      0.79301E-04
 Bot Flux [L/T]     -0.53740E-11
 WatBalT  [L]       -0.55134E-05
 WatBalR  [%]              0.002
----------------------------------------------------------

----------------------------------------------------------
 Time       [T]       76.0000
----------------------------------------------------------
 Sub-region num.                     1
----------------------------------------------------------
 Length   [L]        0.15000E+03  0.15000E+03
 W-volume [L]        0.33439E+02  0.33439E+02
 In-flow  [L/T]     -0.84758E-04 -0.84758E-04
 h Mean   [L]       -0.33410E+04 -0.33410E+04
 Top Flux [L/T]      0.79113E-04
 Bot Flux [L/T]      0.53689E-11
 WatBalT  [L]       -0.46343E-05
 WatBalR  [%]              0.002
----------------------------------------------------------

----------------------------------------------------------
 Time       [T]       77.0000
----------------------------------------------------------
 Sub-region num.                     1
----------------------------------------------------------
 Length   [L]        0.15000E+03  0.15000E+03
 W-volume [L]        0.33439E+02  0.33439E+02
 In-flow  [L/T]     -0.84609E-04 -0.84609E-04
 h Mean   [L]       -0.33410E+04 -0.33410E+04
 Top Flux [L/T]      0.78925E-04
 Bot Flux [L/T]      0.00000E+00
 WatBalT  [L]       -0.77784E-05
 WatBalR  [%]              0.003
----------------------------------------------------------

----------------------------------------------------------
 Time       [T]       78.0000
----------------------------------------------------------
 Sub-region num.                     1
----------------------------------------------------------
 Length   [L]        0.15000E+03  0.15000E+03
 W-volume [L]        0.33439E+02  0.33439E+02
 In-flow  [L/T]     -0.84549E-04 -0.84549E-04
 h Mean   [L]       -0.33410E+04 -0.33410E+04
 Top Flux [L/T]      0.78738E-04
 Bot Flux [L/T]      0.00000E+00
 WatBalT  [L]       -0.34720E-05
 WatBalR  [%]              0.001
----------------------------------------------------------

----------------------------------------------------------
 Time       [T]       79.0000
----------------------------------------------------------
 Sub-region num.                     1
----------------------------------------------------------
 Length   [L]        0.15000E+03  0.15000E+03
 W-volume [L]        0.33439E+02  0.33439E+02
 In-flow  [L/T]     -0.84043E-04 -0.84043E-04
 h Mean   [L]       -0.33410E+04 -0.33410E+04
 Top Flux [L/T]      0.78551E-04
 Bot Flux [L/T]      0.53534E-11
 WatBalT  [L]       -0.31888E-05
 WatBalR  [%]              0.001
----------------------------------------------------------

----------------------------------------------------------
 Time       [T]       80.0000
----------------------------------------------------------
 Sub-region num.                     1
----------------------------------------------------------
 Length   [L]        0.15000E+03  0.15000E+03
 W-volume [L]        0.33439E+02  0.33439E+02
 In-flow  [L/T]     -0.84043E-04 -0.84043E-04
 h Mean   [L]       -0.33410E+04 -0.33410E+04
 Top Flux [L/T]      0.78364E-04
 Bot Flux [L/T]     -0.53483E-11
 WatBalT  [L]        0.71526E-06
 WatBalR  [%]              0.000
----------------------------------------------------------

----------------------------------------------------------
 Time       [T]       81.0000
----------------------------------------------------------
 Sub-region num.                     1
----------------------------------------------------------
 Length   [L]        0.15000E+03  0.15000E+03
 W-volume [L]        0.33439E+02  0.33439E+02
 In-flow  [L/T]     -0.83745E-04 -0.83745E-04
 h Mean   [L]       -0.33410E+04 -0.33410E+04
 Top Flux [L/T]      0.78178E-04
 Bot Flux [L/T]      0.00000E+00
 WatBalT  [L]       -0.32037E-05
 WatBalR  [%]              0.001
----------------------------------------------------------

----------------------------------------------------------
 Time       [T]       82.0000
----------------------------------------------------------
 Sub-region num.                     1
----------------------------------------------------------
 Length   [L]        0.15000E+03  0.15000E+03
 W-volume [L]        0.33439E+02  0.33439E+02
 In-flow  [L/T]     -0.83774E-04 -0.83774E-04
 h Mean   [L]       -0.33410E+04 -0.33410E+04
 Top Flux [L/T]      0.77992E-04
 Bot Flux [L/T]      0.00000E+00
 WatBalT  [L]       -0.34869E-05
 WatBalR  [%]              0.001
----------------------------------------------------------

----------------------------------------------------------
 Time       [T]       83.0000
----------------------------------------------------------
 Sub-region num.                     1
----------------------------------------------------------
 Length   [L]        0.15000E+03  0.15000E+03
 W-volume [L]        0.33439E+02  0.33439E+02
 In-flow  [L/T]     -0.83297E-04 -0.83297E-04
 h Mean   [L]       -0.33410E+04 -0.33410E+04
 Top Flux [L/T]      0.77806E-04
 Bot Flux [L/T]      0.00000E+00
 WatBalT  [L]       -0.39488E-05
 WatBalR  [%]              0.002
----------------------------------------------------------

----------------------------------------------------------
 Time       [T]       84.0000
----------------------------------------------------------
 Sub-region num.                     1
----------------------------------------------------------
 Length   [L]        0.15000E+03  0.15000E+03
 W-volume [L]        0.33439E+02  0.33439E+02
 In-flow  [L/T]     -0.83268E-04 -0.83268E-04
 h Mean   [L]       -0.33410E+04 -0.33410E+04
 Top Flux [L/T]      0.77621E-04
 Bot Flux [L/T]     -0.53278E-11
 WatBalT  [L]       -0.46045E-05
 WatBalR  [%]              0.002
----------------------------------------------------------

----------------------------------------------------------
 Time       [T]       85.0000
----------------------------------------------------------
 Sub-region num.                     1
----------------------------------------------------------
 Length   [L]        0.15000E+03  0.15000E+03
 W-volume [L]        0.33438E+02  0.33438E+02
 In-flow  [L/T]     -0.83089E-04 -0.83089E-04
 h Mean   [L]       -0.33410E+04 -0.33410E+04
 Top Flux [L/T]      0.77436E-04
 Bot Flux [L/T]      0.53227E-11
 WatBalT  [L]       -0.54836E-05
 WatBalR  [%]              0.002
----------------------------------------------------------

----------------------------------------------------------
 Time       [T]       86.0000
----------------------------------------------------------
 Sub-region num.                     1
----------------------------------------------------------
 Length   [L]        0.15000E+03  0.15000E+03
 W-volume [L]        0.33438E+02  0.33438E+02
 In-flow  [L/T]     -0.82850E-04 -0.82850E-04
 h Mean   [L]       -0.33410E+04 -0.33410E+04
 Top Flux [L/T]      0.77251E-04
 Bot Flux [L/T]      0.53176E-11
 WatBalT  [L]       -0.27269E-05
 WatBalR  [%]              0.001
----------------------------------------------------------

----------------------------------------------------------
 Time       [T]       87.0000
----------------------------------------------------------
 Sub-region num.                     1
----------------------------------------------------------
 Length   [L]        0.15000E+03  0.15000E+03
 W-volume [L]        0.33438E+02  0.33438E+02
 In-flow  [L/T]     -0.82761E-04 -0.82761E-04
 h Mean   [L]       -0.33410E+04 -0.33410E+04
 Top Flux [L/T]      0.77066E-04
 Bot Flux [L/T]      0.53125E-11
 WatBalT  [L]       -0.77784E-05
 WatBalR  [%]              0.003
----------------------------------------------------------

----------------------------------------------------------
 Time       [T]       88.0000
----------------------------------------------------------
 Sub-region num.                     1
----------------------------------------------------------
 Length   [L]        0.15000E+03  0.15000E+03
 W-volume [L]        0.33438E+02  0.33438E+02
 In-flow  [L/T]     -0.82463E-04 -0.82463E-04
 h Mean   [L]       -0.33410E+04 -0.33410E+04
 Top Flux [L/T]      0.76882E-04
 Bot Flux [L/T]     -0.53074E-11
 WatBalT  [L]       -0.15646E-05
 WatBalR  [%]              0.001
----------------------------------------------------------

----------------------------------------------------------
 Time       [T]       89.0000
----------------------------------------------------------
 Sub-region num.                     1
----------------------------------------------------------
 Length   [L]        0.15000E+03  0.15000E+03
 W-volume [L]        0.33438E+02  0.33438E+02
 In-flow  [L/T]     -0.82254E-04 -0.82254E-04
 h Mean   [L]       -0.33410E+04 -0.33410E+04
 Top Flux [L/T]      0.76698E-04
 Bot Flux [L/T]      0.53023E-11
 WatBalT  [L]       -0.31590E-05
 WatBalR  [%]              0.001
----------------------------------------------------------

----------------------------------------------------------
 Time       [T]       90.0000
----------------------------------------------------------
 Sub-region num.                     1
----------------------------------------------------------
 Length   [L]        0.15000E+03  0.15000E+03
 W-volume [L]        0.33438E+02  0.33438E+02
 In-flow  [L/T]     -0.81986E-04 -0.81986E-04
 h Mean   [L]       -0.33410E+04 -0.33410E+04
 Top Flux [L/T]      0.76515E-04
 Bot Flux [L/T]      0.52972E-11
 WatBalT  [L]       -0.49919E-05
 WatBalR  [%]              0.002
----------------------------------------------------------

----------------------------------------------------------
 Time       [T]       91.0000
----------------------------------------------------------
 Sub-region num.                     1
----------------------------------------------------------
 Length   [L]        0.15000E+03  0.15000E+03
 W-volume [L]        0.33311E+02  0.33311E+02
 In-flow  [L/T]     -0.25401E+00 -0.25401E+00
 h Mean   [L]       -0.22467E+04 -0.22467E+04
 Top Flux [L/T]      0.12034E-12
 Bot Flux [L/T]      0.00000E+00
 WatBalT  [L]        0.12699E+00
 WatBalR  [%]             25.715
----------------------------------------------------------

----------------------------------------------------------
 Time       [T]       92.0000
----------------------------------------------------------
 Sub-region num.                     1
----------------------------------------------------------
 Length   [L]        0.15000E+03  0.15000E+03
 W-volume [L]        0.33068E+02  0.33068E+02
 In-flow  [L/T]     -0.23115E+00 -0.23115E+00
 h Mean   [L]       -0.22477E+04 -0.22477E+04
 Top Flux [L/T]      0.56629E-19
 Bot Flux [L/T]     -0.52870E-11
 WatBalT  [L]        0.11557E+00
 WatBalR  [%]             15.941
----------------------------------------------------------

----------------------------------------------------------
 Time       [T]       93.0000
----------------------------------------------------------
 Sub-region num.                     1
----------------------------------------------------------
 Length   [L]        0.15000E+03  0.15000E+03
 W-volume [L]        0.32898E+02  0.32898E+02
 In-flow  [L/T]     -0.10923E+00 -0.10923E+00
 h Mean   [L]       -0.22485E+04 -0.22485E+04
 Top Flux [L/T]      0.43171E-26
 Bot Flux [L/T]      0.00000E+00
 WatBalT  [L]        0.54611E-01
 WatBalR  [%]              6.546
----------------------------------------------------------

----------------------------------------------------------
 Time       [T]       94.0000
----------------------------------------------------------
 Sub-region num.                     1
----------------------------------------------------------
 Length   [L]        0.15000E+03  0.15000E+03
 W-volume [L]        0.32811E+02  0.32811E+02
 In-flow  [L/T]     -0.66046E-01 -0.66046E-01
 h Mean   [L]       -0.22487E+04 -0.22487E+04
 Top Flux [L/T]      0.58183E-28
 Bot Flux [L/T]      0.00000E+00
 WatBalT  [L]        0.33018E-01
 WatBalR  [%]              3.668
----------------------------------------------------------

----------------------------------------------------------
 Time       [T]       95.0000
----------------------------------------------------------
 Sub-region num.                     1
----------------------------------------------------------
 Length   [L]        0.15000E+03  0.15000E+03
 W-volume [L]        0.32696E+02  0.32696E+02
 In-flow  [L/T]     -0.16257E+00 -0.16257E+00
 h Mean   [L]       -0.22490E+04 -0.22490E+04
 Top Flux [L/T]      0.67184E-31
 Bot Flux [L/T]      0.52718E-11
 WatBalT  [L]        0.81280E-01
 WatBalR  [%]              7.648
----------------------------------------------------------

----------------------------------------------------------
 Time       [T]       96.0000
----------------------------------------------------------
 Sub-region num.                     1
----------------------------------------------------------
 Length   [L]        0.15000E+03  0.15000E+03
 W-volume [L]        0.32449E+02  0.32449E+02
 In-flow  [L/T]     -0.33275E+00 -0.33275E+00
 h Mean   [L]       -0.22497E+04 -0.22497E+04
 Top Flux [L/T]      0.67180E-31
 Bot Flux [L/T]      0.00000E+00
 WatBalT  [L]        0.16637E+00
 WatBalR  [%]             11.921
----------------------------------------------------------

----------------------------------------------------------
 Time       [T]       97.0000
----------------------------------------------------------
 Sub-region num.                     1
----------------------------------------------------------
 Length   [L]        0.15000E+03  0.15000E+03
 W-volume [L]        0.32096E+02  0.32096E+02
 In-flow  [L/T]     -0.37339E+00 -0.37339E+00
 h Mean   [L]       -0.22516E+04 -0.22516E+04
 Top Flux [L/T]      0.67168E-31
 Bot Flux [L/T]      0.00000E+00
 WatBalT  [L]        0.18669E+00
 WatBalR  [%]             10.554
----------------------------------------------------------

----------------------------------------------------------
 Time       [T]       98.0000
----------------------------------------------------------
 Sub-region num.                     1
----------------------------------------------------------
 Length   [L]        0.15000E+03  0.15000E+03
 W-volume [L]        0.31733E+02  0.31733E+02
 In-flow  [L/T]     -0.35253E+00 -0.35253E+00
 h Mean   [L]       -0.22571E+04 -0.22571E+04
 Top Flux [L/T]      0.67123E-31
 Bot Flux [L/T]     -0.52567E-11
 WatBalT  [L]        0.15673E+00
 WatBalR  [%]              7.457
----------------------------------------------------------

----------------------------------------------------------
 Time       [T]       99.0000
----------------------------------------------------------
 Sub-region num.                     1
----------------------------------------------------------
 Length   [L]        0.15000E+03  0.15000E+03
 W-volume [L]        0.31412E+02  0.31412E+02
 In-flow  [L/T]     -0.32727E+00 -0.32727E+00
 h Mean   [L]       -0.22673E+04 -0.22673E+04
 Top Flux [L/T]      0.67070E-31
 Bot Flux [L/T]     -0.52517E-11
 WatBalT  [L]        0.13658E+00
 WatBalR  [%]              5.686
----------------------------------------------------------

----------------------------------------------------------
 Time       [T]      100.0000
----------------------------------------------------------
 Sub-region num.                     1
----------------------------------------------------------
 Length   [L]        0.15000E+03  0.15000E+03
 W-volume [L]        0.31136E+02  0.31136E+02
 In-flow  [L/T]     -0.27901E+00 -0.27901E+00
 h Mean   [L]       -0.22791E+04 -0.22791E+04
 Top Flux [L/T]      0.67043E-31
 Bot Flux [L/T]      0.00000E+00
 WatBalT  [L]        0.11651E+00
 WatBalR  [%]              4.383
----------------------------------------------------------

----------------------------------------------------------
 Time       [T]      101.0000
----------------------------------------------------------
 Sub-region num.                     1
----------------------------------------------------------
 Length   [L]        0.15000E+03  0.15000E+03
 W-volume [L]        0.30928E+02  0.30928E+02
 In-flow  [L/T]     -0.18406E+00 -0.18406E+00
 h Mean   [L]       -0.22895E+04 -0.22895E+04
 Top Flux [L/T]      0.67035E-31
 Bot Flux [L/T]      0.00000E+00
 WatBalT  [L]        0.78876E-01
 WatBalR  [%]              2.788
----------------------------------------------------------

----------------------------------------------------------
 Time       [T]      102.0000
----------------------------------------------------------
 Sub-region num.                     1
----------------------------------------------------------
 Length   [L]        0.15000E+03  0.15000E+03
 W-volume [L]        0.30815E+02  0.30815E+02
 In-flow  [L/T]     -0.66761E-01 -0.66761E-01
 h Mean   [L]       -0.22976E+04 -0.22976E+04
 Top Flux [L/T]      0.67032E-31
 Bot Flux [L/T]      0.00000E+00
 WatBalT  [L]        0.27035E-01
 WatBalR  [%]              0.936
----------------------------------------------------------

----------------------------------------------------------
 Time       [T]      103.0000
----------------------------------------------------------
 Sub-region num.                     1
----------------------------------------------------------
 Length   [L]        0.15000E+03  0.15000E+03
 W-volume [L]        0.30774E+02  0.30774E+02
 In-flow  [L/T]     -0.28142E-01 -0.28142E-01
 h Mean   [L]       -0.23016E+04 -0.23016E+04
 Top Flux [L/T]      0.67032E-31
 Bot Flux [L/T]     -0.52315E-11
 WatBalT  [L]        0.12504E-01
 WatBalR  [%]              0.429
----------------------------------------------------------

----------------------------------------------------------
 Time       [T]      104.0000
----------------------------------------------------------
 Sub-region num.                     1
----------------------------------------------------------
 Length   [L]        0.15000E+03  0.15000E+03
 W-volume [L]        0.30741E+02  0.30741E+02
 In-flow  [L/T]     -0.42459E-01 -0.42459E-01
 h Mean   [L]       -0.23034E+04 -0.23034E+04
 Top Flux [L/T]      0.67032E-31
 Bot Flux [L/T]      0.00000E+00
 WatBalT  [L]        0.20857E-01
 WatBalR  [%]              0.705
----------------------------------------------------------

----------------------------------------------------------
 Time       [T]      105.0000
----------------------------------------------------------
 Sub-region num.                     1
----------------------------------------------------------
 Length   [L]        0.15000E+03  0.15000E+03
 W-volume [L]        0.30686E+02  0.30686E+02
 In-flow  [L/T]     -0.66695E-01 -0.66695E-01
 h Mean   [L]       -0.23052E+04 -0.23052E+04
 Top Flux [L/T]      0.67032E-31
 Bot Flux [L/T]      0.00000E+00
 WatBalT  [L]        0.33264E-01
 WatBalR  [%]              1.100
----------------------------------------------------------

----------------------------------------------------------
 Time       [T]      106.0000
----------------------------------------------------------
 Sub-region num.                     1
----------------------------------------------------------
 Length   [L]        0.15000E+03  0.15000E+03
 W-volume [L]        0.30616E+02  0.30616E+02
 In-flow  [L/T]     -0.73202E-01 -0.73202E-01
 h Mean   [L]       -0.23091E+04 -0.23091E+04
 Top Flux [L/T]      0.67032E-31
 Bot Flux [L/T]      0.00000E+00
 WatBalT  [L]        0.32151E-01
 WatBalR  [%]              1.039
----------------------------------------------------------

----------------------------------------------------------
 Time       [T]      107.0000
----------------------------------------------------------
 Sub-region num.                     1
----------------------------------------------------------
 Length   [L]        0.15000E+03  0.15000E+03
 W-volume [L]        0.30558E+02  0.30558E+02
 In-flow  [L/T]     -0.52248E-01 -0.52248E-01
 h Mean   [L]       -0.23121E+04 -0.23121E+04
 Top Flux [L/T]      0.67032E-31
 Bot Flux [L/T]      0.00000E+00
 WatBalT  [L]        0.25008E-01
 WatBalR  [%]              0.795
----------------------------------------------------------

----------------------------------------------------------
 Time       [T]      108.0000
----------------------------------------------------------
 Sub-region num.                     1
----------------------------------------------------------
 Length   [L]        0.15000E+03  0.15000E+03
 W-volume [L]        0.30524E+02  0.30524E+02
 In-flow  [L/T]     -0.18089E-01 -0.18089E-01
 h Mean   [L]       -0.23134E+04 -0.23134E+04
 Top Flux [L/T]      0.67032E-31
 Bot Flux [L/T]      0.00000E+00
 WatBalT  [L]        0.87607E-02
 WatBalR  [%]              0.277
----------------------------------------------------------

----------------------------------------------------------
 Time       [T]      109.0000
----------------------------------------------------------
 Sub-region num.                     1
----------------------------------------------------------
 Length   [L]        0.15000E+03  0.15000E+03
 W-volume [L]        0.30507E+02  0.30507E+02
 In-flow  [L/T]     -0.17255E-01 -0.17255E-01
 h Mean   [L]       -0.23142E+04 -0.23142E+04
 Top Flux [L/T]      0.67032E-31
 Bot Flux [L/T]      0.00000E+00
 WatBalT  [L]        0.85313E-02
 WatBalR  [%]              0.268
----------------------------------------------------------

----------------------------------------------------------
 Time       [T]      110.0000
----------------------------------------------------------
 Sub-region num.                     1
----------------------------------------------------------
 Length   [L]        0.15000E+03  0.15000E+03
 W-volume [L]        0.30489E+02  0.30489E+02
 In-flow  [L/T]     -0.18722E-01 -0.18722E-01
 h Mean   [L]       -0.23148E+04 -0.23148E+04
 Top Flux [L/T]      0.67032E-31
 Bot Flux [L/T]      0.00000E+00
 WatBalT  [L]        0.93482E-02
 WatBalR  [%]              0.292
----------------------------------------------------------

----------------------------------------------------------
 Time       [T]      111.0000
----------------------------------------------------------
 Sub-region num.                     1
----------------------------------------------------------
 Length   [L]        0.15000E+03  0.15000E+03
 W-volume [L]        0.30472E+02  0.30472E+02
 In-flow  [L/T]     -0.15592E-01 -0.15592E-01
 h Mean   [L]       -0.23155E+04 -0.23155E+04
 Top Flux [L/T]      0.67032E-31
 Bot Flux [L/T]      0.00000E+00
 WatBalT  [L]        0.77889E-02
 WatBalR  [%]              0.242
----------------------------------------------------------

----------------------------------------------------------
 Time       [T]      112.0000
----------------------------------------------------------
 Sub-region num.                     1
----------------------------------------------------------
 Length   [L]        0.15000E+03  0.15000E+03
 W-volume [L]        0.30449E+02  0.30449E+02
 In-flow  [L/T]     -0.29446E-01 -0.29446E-01
 h Mean   [L]       -0.23172E+04 -0.23172E+04
 Top Flux [L/T]      0.67032E-31
 Bot Flux [L/T]     -0.51865E-11
 WatBalT  [L]        0.14319E-01
 WatBalR  [%]              0.442
----------------------------------------------------------

----------------------------------------------------------
 Time       [T]      113.0000
----------------------------------------------------------
 Sub-region num.                     1
----------------------------------------------------------
 Length   [L]        0.15000E+03  0.15000E+03
 W-volume [L]        0.30422E+02  0.30422E+02
 In-flow  [L/T]     -0.26551E-01 -0.26551E-01
 h Mean   [L]       -0.23203E+04 -0.23203E+04
 Top Flux [L/T]      0.67032E-31
 Bot Flux [L/T]      0.51815E-11
 WatBalT  [L]        0.11050E-01
 WatBalR  [%]              0.338
----------------------------------------------------------

----------------------------------------------------------
 Time       [T]      114.0000
----------------------------------------------------------
 Sub-region num.                     1
----------------------------------------------------------
 Length   [L]        0.15000E+03  0.15000E+03
 W-volume [L]        0.30400E+02  0.30400E+02
 In-flow  [L/T]     -0.21449E-01 -0.21449E-01
 h Mean   [L]       -0.23220E+04 -0.23220E+04
 Top Flux [L/T]      0.67032E-31
 Bot Flux [L/T]      0.00000E+00
 WatBalT  [L]        0.10164E-01
 WatBalR  [%]              0.309
----------------------------------------------------------

----------------------------------------------------------
 Time       [T]      115.0000
----------------------------------------------------------
 Sub-region num.                     1
----------------------------------------------------------
 Length   [L]        0.15000E+03  0.15000E+03
 W-volume [L]        0.30377E+02  0.30377E+02
 In-flow  [L/T]     -0.25152E-01 -0.25152E-01
 h Mean   [L]       -0.23226E+04 -0.23226E+04
 Top Flux [L/T]      0.67032E-31
 Bot Flux [L/T]      0.00000E+00
 WatBalT  [L]        0.12432E-01
 WatBalR  [%]              0.375
----------------------------------------------------------

----------------------------------------------------------
 Time       [T]      116.0000
----------------------------------------------------------
 Sub-region num.                     1
----------------------------------------------------------
 Length   [L]        0.15000E+03  0.15000E+03
 W-volume [L]        0.30352E+02  0.30352E+02
 In-flow  [L/T]     -0.25256E-01 -0.25256E-01
 h Mean   [L]       -0.23230E+04 -0.23230E+04
 Top Flux [L/T]      0.67032E-31
 Bot Flux [L/T]      0.00000E+00
 WatBalT  [L]        0.12550E-01
 WatBalR  [%]              0.376
----------------------------------------------------------

----------------------------------------------------------
 Time       [T]      117.0000
----------------------------------------------------------
 Sub-region num.                     1
----------------------------------------------------------
 Length   [L]        0.15000E+03  0.15000E+03
 W-volume [L]        0.30331E+02  0.30331E+02
 In-flow  [L/T]     -0.16111E-01 -0.16111E-01
 h Mean   [L]       -0.23234E+04 -0.23234E+04
 Top Flux [L/T]      0.67032E-31
 Bot Flux [L/T]      0.00000E+00
 WatBalT  [L]        0.80490E-02
 WatBalR  [%]              0.240
----------------------------------------------------------

----------------------------------------------------------
 Time       [T]      118.0000
----------------------------------------------------------
 Sub-region num.                     1
----------------------------------------------------------
 Length   [L]        0.15000E+03  0.15000E+03
 W-volume [L]        0.30310E+02  0.30310E+02
 In-flow  [L/T]     -0.25809E-01 -0.25809E-01
 h Mean   [L]       -0.23238E+04 -0.23238E+04
 Top Flux [L/T]      0.67032E-31
 Bot Flux [L/T]      0.51567E-11
 WatBalT  [L]        0.12898E-01
 WatBalR  [%]              0.382
----------------------------------------------------------

----------------------------------------------------------
 Time       [T]      119.0000
----------------------------------------------------------
 Sub-region num.                     1
----------------------------------------------------------
 Length   [L]        0.15000E+03  0.15000E+03
 W-volume [L]        0.30285E+02  0.30285E+02
 In-flow  [L/T]     -0.24770E-01 -0.24770E-01
 h Mean   [L]       -0.23246E+04 -0.23246E+04
 Top Flux [L/T]      0.67032E-31
 Bot Flux [L/T]     -0.51518E-11
 WatBalT  [L]        0.12379E-01
 WatBalR  [%]              0.364
----------------------------------------------------------

----------------------------------------------------------
 Time       [T]      120.0000
----------------------------------------------------------
 Sub-region num.                     1
----------------------------------------------------------
 Length   [L]        0.15000E+03  0.15000E+03
 W-volume [L]        0.30259E+02  0.30259E+02
 In-flow  [L/T]     -0.28061E-01 -0.28061E-01
 h Mean   [L]       -0.23263E+04 -0.23263E+04
 Top Flux [L/T]      0.67032E-31
 Bot Flux [L/T]      0.00000E+00
 WatBalT  [L]        0.13031E-01
 WatBalR  [%]              0.380
----------------------------------------------------------

----------------------------------------------------------
 Time       [T]      121.0000
----------------------------------------------------------
 Sub-region num.                     1
----------------------------------------------------------
 Length   [L]        0.15000E+03  0.15000E+03
 W-volume [L]        0.30198E+02  0.30198E+02
 In-flow  [L/T]     -0.94822E-01 -0.94822E-01
 h Mean   [L]       -0.23295E+04 -0.23295E+04
 Top Flux [L/T]      0.67032E-31
 Bot Flux [L/T]      0.00000E+00
 WatBalT  [L]        0.74373E-01
 WatBalR  [%]              2.093
----------------------------------------------------------

----------------------------------------------------------
 Time       [T]      122.0000
----------------------------------------------------------
 Sub-region num.                     1
----------------------------------------------------------
 Length   [L]        0.15000E+03  0.15000E+03
 W-volume [L]        0.30059E+02  0.30059E+02
 In-flow  [L/T]     -0.12996E+00 -0.12996E+00
 h Mean   [L]       -0.23319E+04 -0.23319E+04
 Top Flux [L/T]      0.67032E-31
 Bot Flux [L/T]      0.00000E+00
 WatBalT  [L]        0.64145E-01
 WatBalR  [%]              1.742
----------------------------------------------------------

----------------------------------------------------------
 Time       [T]      123.0000
----------------------------------------------------------
 Sub-region num.                     1
----------------------------------------------------------
 Length   [L]        0.15000E+03  0.15000E+03
 W-volume [L]        0.29929E+02  0.29929E+02
 In-flow  [L/T]     -0.13112E+00 -0.13112E+00
 h Mean   [L]       -0.23328E+04 -0.23328E+04
 Top Flux [L/T]      0.67032E-31
 Bot Flux [L/T]      0.51321E-11
 WatBalT  [L]        0.65345E-01
 WatBalR  [%]              1.713
----------------------------------------------------------

----------------------------------------------------------
 Time       [T]      124.0000
----------------------------------------------------------
 Sub-region num.                     1
----------------------------------------------------------
 Length   [L]        0.15000E+03  0.15000E+03
 W-volume [L]        0.29792E+02  0.29792E+02
 In-flow  [L/T]     -0.14325E+00 -0.14325E+00
 h Mean   [L]       -0.23335E+04 -0.23335E+04
 Top Flux [L/T]      0.67032E-31
 Bot Flux [L/T]      0.51271E-11
 WatBalT  [L]        0.71545E-01
 WatBalR  [%]              1.808
----------------------------------------------------------

----------------------------------------------------------
 Time       [T]      125.0000
----------------------------------------------------------
 Sub-region num.                     1
----------------------------------------------------------
 Length   [L]        0.15000E+03  0.15000E+03
 W-volume [L]        0.29678E+02  0.29678E+02
 In-flow  [L/T]     -0.85648E-01 -0.85648E-01
 h Mean   [L]       -0.23339E+04 -0.23339E+04
 Top Flux [L/T]      0.67032E-31
 Bot Flux [L/T]      0.00000E+00
 WatBalT  [L]        0.42820E-01
 WatBalR  [%]              1.059
----------------------------------------------------------

----------------------------------------------------------
 Time       [T]      126.0000
----------------------------------------------------------
 Sub-region num.                     1
----------------------------------------------------------
 Length   [L]        0.15000E+03  0.15000E+03
 W-volume [L]        0.29618E+02  0.29618E+02
 In-flow  [L/T]     -0.33715E-01 -0.33715E-01
 h Mean   [L]       -0.23341E+04 -0.23341E+04
 Top Flux [L/T]      0.67032E-31
 Bot Flux [L/T]      0.00000E+00
 WatBalT  [L]        0.16854E-01
 WatBalR  [%]              0.413
----------------------------------------------------------

----------------------------------------------------------
 Time       [T]      127.0000
----------------------------------------------------------
 Sub-region num.                     1
----------------------------------------------------------
 Length   [L]        0.15000E+03  0.15000E+03
 W-volume [L]        0.29549E+02  0.29549E+02
 In-flow  [L/T]     -0.10387E+00 -0.10387E+00
 h Mean   [L]       -0.23344E+04 -0.23344E+04
 Top Flux [L/T]      0.67032E-31
 Bot Flux [L/T]      0.51124E-11
 WatBalT  [L]        0.51928E-01
 WatBalR  [%]              1.242
----------------------------------------------------------

----------------------------------------------------------
 Time       [T]      128.0000
----------------------------------------------------------
 Sub-region num.                     1
----------------------------------------------------------
 Length   [L]        0.15000E+03  0.15000E+03
 W-volume [L]        0.29431E+02  0.29431E+02
 In-flow  [L/T]     -0.13302E+00 -0.13302E+00
 h Mean   [L]       -0.23351E+04 -0.23351E+04
 Top Flux [L/T]      0.67032E-31
 Bot Flux [L/T]      0.00000E+00
 WatBalT  [L]        0.66505E-01
 WatBalR  [%]              1.542
----------------------------------------------------------

----------------------------------------------------------
 Time       [T]      129.0000
----------------------------------------------------------
 Sub-region num.                     1
----------------------------------------------------------
 Length   [L]        0.15000E+03  0.15000E+03
 W-volume [L]        0.29315E+02  0.29315E+02
 In-flow  [L/T]     -0.98403E-01 -0.98403E-01
 h Mean   [L]       -0.23361E+04 -0.23361E+04
 Top Flux [L/T]      0.67032E-31
 Bot Flux [L/T]      0.00000E+00
 WatBalT  [L]        0.49197E-01
 WatBalR  [%]              1.115
----------------------------------------------------------

----------------------------------------------------------
 Time       [T]      130.0000
----------------------------------------------------------
 Sub-region num.                     1
----------------------------------------------------------
 Length   [L]        0.15000E+03  0.15000E+03
 W-volume [L]        0.29208E+02  0.29208E+02
 In-flow  [L/T]     -0.11662E+00 -0.11662E+00
 h Mean   [L]       -0.23377E+04 -0.23377E+04
 Top Flux [L/T]      0.67032E-31
 Bot Flux [L/T]      0.50977E-11
 WatBalT  [L]        0.58308E-01
 WatBalR  [%]              1.288
----------------------------------------------------------

----------------------------------------------------------
 Time       [T]      131.0000
----------------------------------------------------------
 Sub-region num.                     1
----------------------------------------------------------
 Length   [L]        0.15000E+03  0.15000E+03
 W-volume [L]        0.29109E+02  0.29109E+02
 In-flow  [L/T]     -0.81041E-01 -0.81041E-01
 h Mean   [L]       -0.23407E+04 -0.23407E+04
 Top Flux [L/T]      0.67032E-31
 Bot Flux [L/T]      0.00000E+00
 WatBalT  [L]        0.38780E-01
 WatBalR  [%]              0.842
----------------------------------------------------------

----------------------------------------------------------
 Time       [T]      132.0000
----------------------------------------------------------
 Sub-region num.                     1
----------------------------------------------------------
 Length   [L]        0.15000E+03  0.15000E+03
 W-volume [L]        0.29023E+02  0.29023E+02
 In-flow  [L/T]     -0.94402E-01 -0.94402E-01
 h Mean   [L]       -0.23434E+04 -0.23434E+04
 Top Flux [L/T]      0.67032E-31
 Bot Flux [L/T]     -0.50879E-11
 WatBalT  [L]        0.45995E-01
 WatBalR  [%]              0.978
----------------------------------------------------------

----------------------------------------------------------
 Time       [T]      133.0000
----------------------------------------------------------
 Sub-region num.                     1
----------------------------------------------------------
 Length   [L]        0.15000E+03  0.15000E+03
 W-volume [L]        0.28949E+02  0.28949E+02
 In-flow  [L/T]     -0.55872E-01 -0.55872E-01
 h Mean   [L]       -0.23445E+04 -0.23445E+04
 Top Flux [L/T]      0.67032E-31
 Bot Flux [L/T]      0.00000E+00
 WatBalT  [L]        0.27628E-01
 WatBalR  [%]              0.581
----------------------------------------------------------

----------------------------------------------------------
 Time       [T]      134.0000
----------------------------------------------------------
 Sub-region num.                     1
----------------------------------------------------------
 Length   [L]        0.15000E+03  0.15000E+03
 W-volume [L]        0.28889E+02  0.28889E+02
 In-flow  [L/T]     -0.64081E-01 -0.64081E-01
 h Mean   [L]       -0.23450E+04 -0.23450E+04
 Top Flux [L/T]      0.67032E-31
 Bot Flux [L/T]      0.50782E-11
 WatBalT  [L]        0.31945E-01
 WatBalR  [%]              0.663
----------------------------------------------------------

----------------------------------------------------------
 Time       [T]      135.0000
----------------------------------------------------------
 Sub-region num.                     1
----------------------------------------------------------
 Length   [L]        0.15000E+03  0.15000E+03
 W-volume [L]        0.28793E+02  0.28793E+02
 In-flow  [L/T]     -0.12834E+00 -0.12834E+00
 h Mean   [L]       -0.23454E+04 -0.23454E+04
 Top Flux [L/T]      0.67032E-31
 Bot Flux [L/T]     -0.50733E-11
 WatBalT  [L]        0.64156E-01
 WatBalR  [%]              1.296
----------------------------------------------------------

----------------------------------------------------------
 Time       [T]      136.0000
----------------------------------------------------------
 Sub-region num.                     1
----------------------------------------------------------
 Length   [L]        0.15000E+03  0.15000E+03
 W-volume [L]        0.28652E+02  0.28652E+02
 In-flow  [L/T]     -0.15489E+00 -0.15489E+00
 h Mean   [L]       -0.23460E+04 -0.23460E+04
 Top Flux [L/T]      0.67032E-31
 Bot Flux [L/T]      0.00000E+00
 WatBalT  [L]        0.77438E-01
 WatBalR  [%]              1.517
----------------------------------------------------------

----------------------------------------------------------
 Time       [T]      137.0000
----------------------------------------------------------
 Sub-region num.                     1
----------------------------------------------------------
 Length   [L]        0.15000E+03  0.15000E+03
 W-volume [L]        0.28546E+02  0.28546E+02
 In-flow  [L/T]     -0.55430E-01 -0.55430E-01
 h Mean   [L]       -0.23465E+04 -0.23465E+04
 Top Flux [L/T]      0.67032E-31
 Bot Flux [L/T]     -0.50635E-11
 WatBalT  [L]        0.27710E-01
 WatBalR  [%]              0.537
----------------------------------------------------------

----------------------------------------------------------
 Time       [T]      138.0000
----------------------------------------------------------
 Sub-region num.                     1
----------------------------------------------------------
 Length   [L]        0.15000E+03  0.15000E+03
 W-volume [L]        0.28469E+02  0.28469E+02
 In-flow  [L/T]     -0.10022E+00 -0.10022E+00
 h Mean   [L]       -0.23470E+04 -0.23470E+04
 Top Flux [L/T]      0.67032E-31
 Bot Flux [L/T]      0.50587E-11
 WatBalT  [L]        0.50105E-01
 WatBalR  [%]              0.953
----------------------------------------------------------

----------------------------------------------------------
 Time       [T]      139.0000
----------------------------------------------------------
 Sub-region num.                     1
----------------------------------------------------------
 Length   [L]        0.15000E+03  0.15000E+03
 W-volume [L]        0.28355E+02  0.28355E+02
 In-flow  [L/T]     -0.12756E+00 -0.12756E+00
 h Mean   [L]       -0.23480E+04 -0.23480E+04
 Top Flux [L/T]      0.67032E-31
 Bot Flux [L/T]      0.00000E+00
 WatBalT  [L]        0.63773E-01
 WatBalR  [%]              1.184
----------------------------------------------------------

----------------------------------------------------------
 Time       [T]      140.0000
----------------------------------------------------------
 Sub-region num.                     1
----------------------------------------------------------
 Length   [L]        0.15000E+03  0.15000E+03
 W-volume [L]        0.28230E+02  0.28230E+02
 In-flow  [L/T]     -0.12148E+00 -0.12148E+00
 h Mean   [L]       -0.23494E+04 -0.23494E+04
 Top Flux [L/T]      0.67032E-31
 Bot Flux [L/T]     -0.50490E-11
 WatBalT  [L]        0.60740E-01
 WatBalR  [%]              1.103
----------------------------------------------------------

----------------------------------------------------------
 Time       [T]      141.0000
----------------------------------------------------------
 Sub-region num.                     1
----------------------------------------------------------
 Length   [L]        0.15000E+03  0.15000E+03
 W-volume [L]        0.28103E+02  0.28103E+02
 In-flow  [L/T]     -0.13287E+00 -0.13287E+00
 h Mean   [L]       -0.23522E+04 -0.23522E+04
 Top Flux [L/T]      0.67032E-31
 Bot Flux [L/T]      0.00000E+00
 WatBalT  [L]        0.65196E-01
 WatBalR  [%]              1.156
----------------------------------------------------------

----------------------------------------------------------
 Time       [T]      142.0000
----------------------------------------------------------
 Sub-region num.                     1
----------------------------------------------------------
 Length   [L]        0.15000E+03  0.15000E+03
 W-volume [L]        0.27989E+02  0.27989E+02
 In-flow  [L/T]     -0.98205E-01 -0.98205E-01
 h Mean   [L]       -0.23570E+04 -0.23570E+04
 Top Flux [L/T]      0.67032E-31
 Bot Flux [L/T]     -0.50393E-11
 WatBalT  [L]        0.45979E-01
 WatBalR  [%]              0.802
----------------------------------------------------------

----------------------------------------------------------
 Time       [T]      143.0000
----------------------------------------------------------
 Sub-region num.                     1
----------------------------------------------------------
 Length   [L]        0.15000E+03  0.15000E+03
 W-volume [L]        0.27891E+02  0.27891E+02
 In-flow  [L/T]     -0.10314E+00 -0.10314E+00
 h Mean   [L]       -0.23611E+04 -0.23611E+04
 Top Flux [L/T]      0.67032E-31
 Bot Flux [L/T]     -0.50345E-11
 WatBalT  [L]        0.50493E-01
 WatBalR  [%]              0.865
----------------------------------------------------------

----------------------------------------------------------
 Time       [T]      144.0000
----------------------------------------------------------
 Sub-region num.                     1
----------------------------------------------------------
 Length   [L]        0.15000E+03  0.15000E+03
 W-volume [L]        0.27807E+02  0.27807E+02
 In-flow  [L/T]     -0.67502E-01 -0.67502E-01
 h Mean   [L]       -0.23651E+04 -0.23651E+04
 Top Flux [L/T]      0.67032E-31
 Bot Flux [L/T]     -0.50297E-11
 WatBalT  [L]        0.32063E-01
 WatBalR  [%]              0.543
----------------------------------------------------------

----------------------------------------------------------
 Time       [T]      145.0000
----------------------------------------------------------
 Sub-region num.                     1
----------------------------------------------------------
 Length   [L]        0.15000E+03  0.15000E+03
 W-volume [L]        0.27759E+02  0.27759E+02
 In-flow  [L/T]     -0.32571E-01 -0.32571E-01
 h Mean   [L]       -0.23681E+04 -0.23681E+04
 Top Flux [L/T]      0.67032E-31
 Bot Flux [L/T]      0.50248E-11
 WatBalT  [L]        0.15721E-01
 WatBalR  [%]              0.265
----------------------------------------------------------

----------------------------------------------------------
 Time       [T]      146.0000
----------------------------------------------------------
 Sub-region num.                     1
----------------------------------------------------------
 Length   [L]        0.15000E+03  0.15000E+03
 W-volume [L]        0.27730E+02  0.27730E+02
 In-flow  [L/T]     -0.24755E-01 -0.24755E-01
 h Mean   [L]       -0.23696E+04 -0.23696E+04
 Top Flux [L/T]      0.67032E-31
 Bot Flux [L/T]      0.50200E-11
 WatBalT  [L]        0.12192E-01
 WatBalR  [%]              0.205
----------------------------------------------------------

----------------------------------------------------------
 Time       [T]      147.0000
----------------------------------------------------------
 Sub-region num.                     1
----------------------------------------------------------
 Length   [L]        0.15000E+03  0.15000E+03
 W-volume [L]        0.27707E+02  0.27707E+02
 In-flow  [L/T]     -0.22023E-01 -0.22023E-01
 h Mean   [L]       -0.23706E+04 -0.23706E+04
 Top Flux [L/T]      0.67032E-31
 Bot Flux [L/T]      0.00000E+00
 WatBalT  [L]        0.10925E-01
 WatBalR  [%]              0.183
----------------------------------------------------------

----------------------------------------------------------
 Time       [T]      148.0000
----------------------------------------------------------
 Sub-region num.                     1
----------------------------------------------------------
 Length   [L]        0.15000E+03  0.15000E+03
 W-volume [L]        0.27659E+02  0.27659E+02
 In-flow  [L/T]     -0.74589E-01 -0.74589E-01
 h Mean   [L]       -0.23724E+04 -0.23724E+04
 Top Flux [L/T]      0.67032E-31
 Bot Flux [L/T]      0.50104E-11
 WatBalT  [L]        0.36405E-01
 WatBalR  [%]              0.601
----------------------------------------------------------

----------------------------------------------------------
 Time       [T]      149.0000
----------------------------------------------------------
 Sub-region num.                     1
----------------------------------------------------------
 Length   [L]        0.15000E+03  0.15000E+03
 W-volume [L]        0.27582E+02  0.27582E+02
 In-flow  [L/T]     -0.80234E-01 -0.80234E-01
 h Mean   [L]       -0.23763E+04 -0.23763E+04
 Top Flux [L/T]      0.67032E-31
 Bot Flux [L/T]      0.50056E-11
 WatBalT  [L]        0.37124E-01
 WatBalR  [%]              0.605
----------------------------------------------------------

----------------------------------------------------------
 Time       [T]      150.0000
----------------------------------------------------------
 Sub-region num.                     1
----------------------------------------------------------
 Length   [L]        0.15000E+03  0.15000E+03
 W-volume [L]        0.27509E+02  0.27509E+02
 In-flow  [L/T]     -0.71917E-01 -0.71917E-01
 h Mean   [L]       -0.23797E+04 -0.23797E+04
 Top Flux [L/T]      0.67032E-31
 Bot Flux [L/T]      0.00000E+00
 WatBalT  [L]        0.35080E-01
 WatBalR  [%]              0.565
----------------------------------------------------------

----------------------------------------------------------
 Time       [T]      151.0000
----------------------------------------------------------
 Sub-region num.                     1
----------------------------------------------------------
 Length   [L]        0.15000E+03  0.15000E+03
 W-volume [L]        0.27448E+02  0.27448E+02
 In-flow  [L/T]     -0.51900E-01 -0.51900E-01
 h Mean   [L]       -0.23823E+04 -0.23823E+04
 Top Flux [L/T]      0.67032E-31
 Bot Flux [L/T]      0.00000E+00
 WatBalT  [L]        0.25278E-01
 WatBalR  [%]              0.404
----------------------------------------------------------

----------------------------------------------------------
 Time       [T]      152.0000
----------------------------------------------------------
 Sub-region num.                     1
----------------------------------------------------------
 Length   [L]        0.15000E+03  0.15000E+03
 W-volume [L]        0.27389E+02  0.27389E+02
 In-flow  [L/T]     -0.68689E-01 -0.68689E-01
 h Mean   [L]       -0.23851E+04 -0.23851E+04
 Top Flux [L/T]      0.67032E-31
 Bot Flux [L/T]     -0.49912E-11
 WatBalT  [L]        0.45825E-01
 WatBalR  [%]              0.723
----------------------------------------------------------

----------------------------------------------------------
 Time       [T]      153.0000
----------------------------------------------------------
 Sub-region num.                     1
----------------------------------------------------------
 Length   [L]        0.15000E+03  0.15000E+03
 W-volume [L]        0.27325E+02  0.27325E+02
 In-flow  [L/T]     -0.36142E-01 -0.36142E-01
 h Mean   [L]       -0.23870E+04 -0.23870E+04
 Top Flux [L/T]      0.67032E-31
 Bot Flux [L/T]      0.49864E-11
 WatBalT  [L]        0.17897E-01
 WatBalR  [%]              0.281
----------------------------------------------------------

----------------------------------------------------------
 Time       [T]      154.0000
----------------------------------------------------------
 Sub-region num.                     1
----------------------------------------------------------
 Length   [L]        0.15000E+03  0.15000E+03
 W-volume [L]        0.27275E+02  0.27275E+02
 In-flow  [L/T]     -0.64284E-01 -0.64284E-01
 h Mean   [L]       -0.23885E+04 -0.23885E+04
 Top Flux [L/T]      0.67032E-31
 Bot Flux [L/T]     -0.49816E-11
 WatBalT  [L]        0.31704E-01
 WatBalR  [%]              0.493
----------------------------------------------------------

----------------------------------------------------------
 Time       [T]      155.0000
----------------------------------------------------------
 Sub-region num.                     1
----------------------------------------------------------
 Length   [L]        0.15000E+03  0.15000E+03
 W-volume [L]        0.27175E+02  0.27175E+02
 In-flow  [L/T]     -0.13647E+00 -0.13647E+00
 h Mean   [L]       -0.23902E+04 -0.23902E+04
 Top Flux [L/T]      0.67032E-31
 Bot Flux [L/T]      0.49768E-11
 WatBalT  [L]        0.67839E-01
 WatBalR  [%]              1.032
----------------------------------------------------------

----------------------------------------------------------
 Time       [T]      156.0000
----------------------------------------------------------
 Sub-region num.                     1
----------------------------------------------------------
 Length   [L]        0.15000E+03  0.15000E+03
 W-volume [L]        0.27046E+02  0.27046E+02
 In-flow  [L/T]     -0.12213E+00 -0.12213E+00
 h Mean   [L]       -0.23924E+04 -0.23924E+04
 Top Flux [L/T]      0.67032E-31
 Bot Flux [L/T]      0.00000E+00
 WatBalT  [L]        0.60684E-01
 WatBalR  [%]              0.907
----------------------------------------------------------

----------------------------------------------------------
 Time       [T]      157.0000
----------------------------------------------------------
 Sub-region num.                     1
----------------------------------------------------------
 Length   [L]        0.15000E+03  0.15000E+03
 W-volume [L]        0.26934E+02  0.26934E+02
 In-flow  [L/T]     -0.10273E+00 -0.10273E+00
 h Mean   [L]       -0.23951E+04 -0.23951E+04
 Top Flux [L/T]      0.67032E-31
 Bot Flux [L/T]      0.00000E+00
 WatBalT  [L]        0.50307E-01
 WatBalR  [%]              0.740
----------------------------------------------------------

----------------------------------------------------------
 Time       [T]      158.0000
----------------------------------------------------------
 Sub-region num.                     1
----------------------------------------------------------
 Length   [L]        0.15000E+03  0.15000E+03
 W-volume [L]        0.26820E+02  0.26820E+02
 In-flow  [L/T]     -0.12671E+00 -0.12671E+00
 h Mean   [L]       -0.23984E+04 -0.23984E+04
 Top Flux [L/T]      0.67032E-31
 Bot Flux [L/T]      0.00000E+00
 WatBalT  [L]        0.61612E-01
 WatBalR  [%]              0.890
----------------------------------------------------------

----------------------------------------------------------
 Time       [T]      159.0000
----------------------------------------------------------
 Sub-region num.                     1
----------------------------------------------------------
 Length   [L]        0.15000E+03  0.15000E+03
 W-volume [L]        0.26717E+02  0.26717E+02
 In-flow  [L/T]     -0.82977E-01 -0.82977E-01
 h Mean   [L]       -0.24005E+04 -0.24005E+04
 Top Flux [L/T]      0.67032E-31
 Bot Flux [L/T]     -0.49577E-11
 WatBalT  [L]        0.41087E-01
 WatBalR  [%]              0.587
----------------------------------------------------------

----------------------------------------------------------
 Time       [T]      160.0000
----------------------------------------------------------
 Sub-region num.                     1
----------------------------------------------------------
 Length   [L]        0.15000E+03  0.15000E+03
 W-volume [L]        0.26648E+02  0.26648E+02
 In-flow  [L/T]     -0.55519E-01 -0.55519E-01
 h Mean   [L]       -0.24017E+04 -0.24017E+04
 Top Flux [L/T]      0.67032E-31
 Bot Flux [L/T]     -0.49530E-11
 WatBalT  [L]        0.27670E-01
 WatBalR  [%]              0.392
----------------------------------------------------------

----------------------------------------------------------
 Time       [T]      161.0000
----------------------------------------------------------
 Sub-region num.                     1
----------------------------------------------------------
 Length   [L]        0.15000E+03  0.15000E+03
 W-volume [L]        0.26585E+02  0.26585E+02
 In-flow  [L/T]     -0.70508E-01 -0.70508E-01
 h Mean   [L]       -0.24027E+04 -0.24027E+04
 Top Flux [L/T]      0.67032E-31
 Bot Flux [L/T]      0.49482E-11
 WatBalT  [L]        0.35218E-01
 WatBalR  [%]              0.494
----------------------------------------------------------

----------------------------------------------------------
 Time       [T]      162.0000
----------------------------------------------------------
 Sub-region num.                     1
----------------------------------------------------------
 Length   [L]        0.15000E+03  0.15000E+03
 W-volume [L]        0.26492E+02  0.26492E+02
 In-flow  [L/T]     -0.11592E+00 -0.11592E+00
 h Mean   [L]       -0.24048E+04 -0.24048E+04
 Top Flux [L/T]      0.67032E-31
 Bot Flux [L/T]      0.00000E+00
 WatBalT  [L]        0.56808E-01
 WatBalR  [%]              0.784
----------------------------------------------------------

----------------------------------------------------------
 Time       [T]      163.0000
----------------------------------------------------------
 Sub-region num.                     1
----------------------------------------------------------
 Length   [L]        0.15000E+03  0.15000E+03
 W-volume [L]        0.26380E+02  0.26380E+02
 In-flow  [L/T]     -0.11163E+00 -0.11163E+00
 h Mean   [L]       -0.24079E+04 -0.24079E+04
 Top Flux [L/T]      0.67032E-31
 Bot Flux [L/T]      0.49387E-11
 WatBalT  [L]        0.54413E-01
 WatBalR  [%]              0.740
----------------------------------------------------------

----------------------------------------------------------
 Time       [T]      164.0000
----------------------------------------------------------
 Sub-region num.                     1
----------------------------------------------------------
 Length   [L]        0.15000E+03  0.15000E+03
 W-volume [L]        0.26266E+02  0.26266E+02
 In-flow  [L/T]     -0.11887E+00 -0.11887E+00
 h Mean   [L]       -0.24107E+04 -0.24107E+04
 Top Flux [L/T]      0.67032E-31
 Bot Flux [L/T]      0.00000E+00
 WatBalT  [L]        0.58769E-01
 WatBalR  [%]              0.787
----------------------------------------------------------

----------------------------------------------------------
 Time       [T]      165.0000
----------------------------------------------------------
 Sub-region num.                     1
----------------------------------------------------------
 Length   [L]        0.15000E+03  0.15000E+03
 W-volume [L]        0.26150E+02  0.26150E+02
 In-flow  [L/T]     -0.11306E+00 -0.11306E+00
 h Mean   [L]       -0.24127E+04 -0.24127E+04
 Top Flux [L/T]      0.67032E-31
 Bot Flux [L/T]      0.00000E+00
 WatBalT  [L]        0.56279E-01
 WatBalR  [%]              0.742
----------------------------------------------------------

----------------------------------------------------------
 Time       [T]      166.0000
----------------------------------------------------------
 Sub-region num.                     1
----------------------------------------------------------
 Length   [L]        0.15000E+03  0.15000E+03
 W-volume [L]        0.26060E+02  0.26060E+02
 In-flow  [L/T]     -0.67418E-01 -0.67418E-01
 h Mean   [L]       -0.24146E+04 -0.24146E+04
 Top Flux [L/T]      0.67032E-31
 Bot Flux [L/T]      0.00000E+00
 WatBalT  [L]        0.33502E-01
 WatBalR  [%]              0.438
----------------------------------------------------------

----------------------------------------------------------
 Time       [T]      167.0000
----------------------------------------------------------
 Sub-region num.                     1
----------------------------------------------------------
 Length   [L]        0.15000E+03  0.15000E+03
 W-volume [L]        0.25975E+02  0.25975E+02
 In-flow  [L/T]     -0.10335E+00 -0.10335E+00
 h Mean   [L]       -0.24171E+04 -0.24171E+04
 Top Flux [L/T]      0.67032E-31
 Bot Flux [L/T]      0.00000E+00
 WatBalT  [L]        0.50439E-01
 WatBalR  [%]              0.651
----------------------------------------------------------

----------------------------------------------------------
 Time       [T]      168.0000
----------------------------------------------------------
 Sub-region num.                     1
----------------------------------------------------------
 Length   [L]        0.15000E+03  0.15000E+03
 W-volume [L]        0.25880E+02  0.25880E+02
 In-flow  [L/T]     -0.89997E-01 -0.89997E-01
 h Mean   [L]       -0.24200E+04 -0.24200E+04
 Top Flux [L/T]      0.67032E-31
 Bot Flux [L/T]      0.00000E+00
 WatBalT  [L]        0.43931E-01
 WatBalR  [%]              0.560
----------------------------------------------------------

----------------------------------------------------------
 Time       [T]      169.0000
----------------------------------------------------------
 Sub-region num.                     1
----------------------------------------------------------
 Length   [L]        0.15000E+03  0.15000E+03
 W-volume [L]        0.25798E+02  0.25798E+02
 In-flow  [L/T]     -0.75108E-01 -0.75108E-01
 h Mean   [L]       -0.24216E+04 -0.24216E+04
 Top Flux [L/T]      0.67032E-31
 Bot Flux [L/T]      0.00000E+00
 WatBalT  [L]        0.37225E-01
 WatBalR  [%]              0.470
----------------------------------------------------------

----------------------------------------------------------
 Time       [T]      170.0000
----------------------------------------------------------
 Sub-region num.                     1
----------------------------------------------------------
 Length   [L]        0.15000E+03  0.15000E+03
 W-volume [L]        0.25710E+02  0.25710E+02
 In-flow  [L/T]     -0.10217E+00 -0.10217E+00
 h Mean   [L]       -0.24230E+04 -0.24230E+04
 Top Flux [L/T]      0.67032E-31
 Bot Flux [L/T]      0.49057E-11
 WatBalT  [L]        0.50976E-01
 WatBalR  [%]              0.636
----------------------------------------------------------

----------------------------------------------------------
 Time       [T]      171.0000
----------------------------------------------------------
 Sub-region num.                     1
----------------------------------------------------------
 Length   [L]        0.15000E+03  0.15000E+03
 W-volume [L]        0.25611E+02  0.25611E+02
 In-flow  [L/T]     -0.95673E-01 -0.95673E-01
 h Mean   [L]       -0.24249E+04 -0.24249E+04
 Top Flux [L/T]      0.67032E-31
 Bot Flux [L/T]      0.00000E+00
 WatBalT  [L]        0.47002E-01
 WatBalR  [%]              0.579
----------------------------------------------------------

----------------------------------------------------------
 Time       [T]      172.0000
----------------------------------------------------------
 Sub-region num.                     1
----------------------------------------------------------
 Length   [L]        0.15000E+03  0.15000E+03
 W-volume [L]        0.25528E+02  0.25528E+02
 In-flow  [L/T]     -0.72834E-01 -0.72834E-01
 h Mean   [L]       -0.24272E+04 -0.24272E+04
 Top Flux [L/T]      0.67032E-31
 Bot Flux [L/T]      0.00000E+00
 WatBalT  [L]        0.35666E-01
 WatBalR  [%]              0.436
----------------------------------------------------------

----------------------------------------------------------
 Time       [T]      173.0000
----------------------------------------------------------
 Sub-region num.                     1
----------------------------------------------------------
 Length   [L]        0.15000E+03  0.15000E+03
 W-volume [L]        0.25452E+02  0.25452E+02
 In-flow  [L/T]     -0.80913E-01 -0.80913E-01
 h Mean   [L]       -0.24297E+04 -0.24297E+04
 Top Flux [L/T]      0.67032E-31
 Bot Flux [L/T]      0.00000E+00
 WatBalT  [L]        0.39526E-01
 WatBalR  [%]              0.478
----------------------------------------------------------

----------------------------------------------------------
 Time       [T]      174.0000
----------------------------------------------------------
 Sub-region num.                     1
----------------------------------------------------------
 Length   [L]        0.15000E+03  0.15000E+03
 W-volume [L]        0.25381E+02  0.25381E+02
 In-flow  [L/T]     -0.61215E-01 -0.61215E-01
 h Mean   [L]       -0.24314E+04 -0.24314E+04
 Top Flux [L/T]      0.67032E-31
 Bot Flux [L/T]      0.00000E+00
 WatBalT  [L]        0.30295E-01
 WatBalR  [%]              0.364
----------------------------------------------------------

----------------------------------------------------------
 Time       [T]      175.0000
----------------------------------------------------------
 Sub-region num.                     1
----------------------------------------------------------
 Length   [L]        0.15000E+03  0.15000E+03
 W-volume [L]        0.25314E+02  0.25314E+02
 In-flow  [L/T]     -0.75284E-01 -0.75284E-01
 h Mean   [L]       -0.24326E+04 -0.24326E+04
 Top Flux [L/T]      0.67032E-31
 Bot Flux [L/T]      0.00000E+00
 WatBalT  [L]        0.37454E-01
 WatBalR  [%]              0.446
----------------------------------------------------------

----------------------------------------------------------
 Time       [T]      176.0000
----------------------------------------------------------
 Sub-region num.                     1
----------------------------------------------------------
 Length   [L]        0.15000E+03  0.15000E+03
 W-volume [L]        0.26773E+02  0.26773E+02
 In-flow  [L/T]      0.77417E+00  0.77417E+00
 h Mean   [L]       -0.15272E+03 -0.15272E+03
 Top Flux [L/T]     -0.91527E+00
 Bot Flux [L/T]     -0.48783E-11
 WatBalT  [L]        0.38040E-01
 WatBalR  [%]              0.378
----------------------------------------------------------

----------------------------------------------------------
 Time       [T]      177.0000
----------------------------------------------------------
 Sub-region num.                     1
----------------------------------------------------------
 Length   [L]        0.15000E+03  0.15000E+03
 W-volume [L]        0.27402E+02  0.27402E+02
 In-flow  [L/T]      0.54245E+00  0.54245E+00
 h Mean   [L]       -0.14214E+03 -0.14214E+03
 Top Flux [L/T]     -0.72332E+00
 Bot Flux [L/T]      0.48736E-11
 WatBalT  [L]        0.38364E-01
 WatBalR  [%]              0.347
----------------------------------------------------------

----------------------------------------------------------
 Time       [T]      178.0000
----------------------------------------------------------
 Sub-region num.                     1
----------------------------------------------------------
 Length   [L]        0.15000E+03  0.15000E+03
 W-volume [L]        0.27923E+02  0.27923E+02
 In-flow  [L/T]      0.48130E+00  0.48130E+00
 h Mean   [L]       -0.12329E+03 -0.12329E+03
 Top Flux [L/T]     -0.63879E+00
 Bot Flux [L/T]     -0.48690E-11
 WatBalT  [L]        0.36988E-01
 WatBalR  [%]              0.312
----------------------------------------------------------

----------------------------------------------------------
 Time       [T]      179.0000
----------------------------------------------------------
 Sub-region num.                     1
----------------------------------------------------------
 Length   [L]        0.15000E+03  0.15000E+03
 W-volume [L]        0.27722E+02  0.27722E+02
 In-flow  [L/T]     -0.20008E+00 -0.20008E+00
 h Mean   [L]       -0.12564E+03 -0.12564E+03
 Top Flux [L/T]     -0.31125E-02
 Bot Flux [L/T]     -0.48643E-11
 WatBalT  [L]        0.36929E-01
 WatBalR  [%]              0.306
----------------------------------------------------------

----------------------------------------------------------
 Time       [T]      180.0000
----------------------------------------------------------
 Sub-region num.                     1
----------------------------------------------------------
 Length   [L]        0.15000E+03  0.15000E+03
 W-volume [L]        0.28183E+02  0.28183E+02
 In-flow  [L/T]      0.38111E+00  0.38111E+00
 h Mean   [L]       -0.11689E+03 -0.11689E+03
 Top Flux [L/T]     -0.61565E+00
 Bot Flux [L/T]      0.48596E-11
 WatBalT  [L]        0.37655E-01
 WatBalR  [%]              0.290
----------------------------------------------------------

----------------------------------------------------------
 Time       [T]      181.0000
----------------------------------------------------------
 Sub-region num.                     1
----------------------------------------------------------
 Length   [L]        0.15000E+03  0.15000E+03
 W-volume [L]        0.27899E+02  0.27899E+02
 In-flow  [L/T]     -0.28363E+00 -0.28363E+00
 h Mean   [L]       -0.11908E+03 -0.11908E+03
 Top Flux [L/T]     -0.33546E-02
 Bot Flux [L/T]     -0.48549E-11
 WatBalT  [L]        0.37763E-01
 WatBalR  [%]              0.285
----------------------------------------------------------

----------------------------------------------------------
 Time       [T]      182.0000
----------------------------------------------------------
 Sub-region num.                     1
----------------------------------------------------------
 Length   [L]        0.15000E+03  0.15000E+03
 W-volume [L]        0.28290E+02  0.28290E+02
 In-flow  [L/T]      0.34415E+00  0.34415E+00
 h Mean   [L]       -0.11679E+03 -0.11679E+03
 Top Flux [L/T]     -0.60338E+00
 Bot Flux [L/T]      0.00000E+00
 WatBalT  [L]        0.38127E-01
 WatBalR  [%]              0.268
----------------------------------------------------------

----------------------------------------------------------
 Time       [T]      183.0000
----------------------------------------------------------
 Sub-region num.                     1
----------------------------------------------------------
 Length   [L]        0.15000E+03  0.15000E+03
 W-volume [L]        0.27998E+02  0.27998E+02
 In-flow  [L/T]     -0.28968E+00 -0.28968E+00
 h Mean   [L]       -0.11650E+03 -0.11650E+03
 Top Flux [L/T]     -0.32990E-02
 Bot Flux [L/T]     -0.48457E-11
 WatBalT  [L]        0.37554E-01
 WatBalR  [%]              0.258
----------------------------------------------------------

----------------------------------------------------------
 Time       [T]      184.0000
----------------------------------------------------------
 Sub-region num.                     1
----------------------------------------------------------
 Length   [L]        0.15000E+03  0.15000E+03
 W-volume [L]        0.28463E+02  0.28463E+02
 In-flow  [L/T]      0.40433E+00  0.40433E+00
 h Mean   [L]       -0.11153E+03 -0.11153E+03
 Top Flux [L/T]     -0.58562E+00
 Bot Flux [L/T]      0.00000E+00
 WatBalT  [L]        0.33131E-01
 WatBalR  [%]              0.215
----------------------------------------------------------

----------------------------------------------------------
 Time       [T]      185.0000
----------------------------------------------------------
 Sub-region num.                     1
----------------------------------------------------------
 Length   [L]        0.15000E+03  0.15000E+03
 W-volume [L]        0.28268E+02  0.28268E+02
 In-flow  [L/T]     -0.19507E+00 -0.19507E+00
 h Mean   [L]       -0.11361E+03 -0.11361E+03
 Top Flux [L/T]     -0.28825E-02
 Bot Flux [L/T]      0.48364E-11
 WatBalT  [L]        0.33208E-01
 WatBalR  [%]              0.213
----------------------------------------------------------

----------------------------------------------------------
 Time       [T]      186.0000
----------------------------------------------------------
 Sub-region num.                     1
----------------------------------------------------------
 Length   [L]        0.15000E+03  0.15000E+03
 W-volume [L]        0.28029E+02  0.28029E+02
 In-flow  [L/T]     -0.25355E+00 -0.25355E+00
 h Mean   [L]       -0.11599E+03 -0.11599E+03
 Top Flux [L/T]     -0.12481E-02
 Bot Flux [L/T]      0.00000E+00
 WatBalT  [L]        0.47423E-01
 WatBalR  [%]              0.300
----------------------------------------------------------

----------------------------------------------------------
 Time       [T]      187.0000
----------------------------------------------------------
 Sub-region num.                     1
----------------------------------------------------------
 Length   [L]        0.15000E+03  0.15000E+03
 W-volume [L]        0.27777E+02  0.27777E+02
 In-flow  [L/T]     -0.25133E+00 -0.25133E+00
 h Mean   [L]       -0.11834E+03 -0.11834E+03
 Top Flux [L/T]     -0.14618E-02
 Bot Flux [L/T]     -0.48271E-11
 WatBalT  [L]        0.46252E-01
 WatBalR  [%]              0.288
----------------------------------------------------------

----------------------------------------------------------
 Time       [T]      188.0000
----------------------------------------------------------
 Sub-region num.                     1
----------------------------------------------------------
 Length   [L]        0.15000E+03  0.15000E+03
 W-volume [L]        0.27521E+02  0.27521E+02
 In-flow  [L/T]     -0.26089E+00 -0.26089E+00
 h Mean   [L]       -0.11999E+03 -0.11999E+03
 Top Flux [L/T]     -0.12662E-02
 Bot Flux [L/T]     -0.48225E-11
 WatBalT  [L]        0.51300E-01
 WatBalR  [%]              0.314
----------------------------------------------------------

----------------------------------------------------------
 Time       [T]      189.0000
----------------------------------------------------------
 Sub-region num.                     1
----------------------------------------------------------
 Length   [L]        0.15000E+03  0.15000E+03
 W-volume [L]        0.27256E+02  0.27256E+02
 In-flow  [L/T]     -0.26974E+00 -0.26974E+00
 h Mean   [L]       -0.12149E+03 -0.12149E+03
 Top Flux [L/T]     -0.89502E-03
 Bot Flux [L/T]     -0.48179E-11
 WatBalT  [L]        0.55814E-01
 WatBalR  [%]              0.336
----------------------------------------------------------

----------------------------------------------------------
 Time       [T]      190.0000
----------------------------------------------------------
 Sub-region num.                     1
----------------------------------------------------------
 Length   [L]        0.15000E+03  0.15000E+03
 W-volume [L]        0.26974E+02  0.26974E+02
 In-flow  [L/T]     -0.29338E+00 -0.29338E+00
 h Mean   [L]       -0.12302E+03 -0.12302E+03
 Top Flux [L/T]     -0.52797E-03
 Bot Flux [L/T]     -0.48132E-11
 WatBalT  [L]        0.67752E-01
 WatBalR  [%]              0.401
----------------------------------------------------------

----------------------------------------------------------
 Time       [T]      191.0000
----------------------------------------------------------
 Sub-region num.                     1
----------------------------------------------------------
 Length   [L]        0.15000E+03  0.15000E+03
 W-volume [L]        0.26696E+02  0.26696E+02
 In-flow  [L/T]     -0.26445E+00 -0.26445E+00
 h Mean   [L]       -0.12485E+03 -0.12485E+03
 Top Flux [L/T]     -0.24850E-03
 Bot Flux [L/T]      0.48086E-11
 WatBalT  [L]        0.53313E-01
 WatBalR  [%]              0.310
----------------------------------------------------------

----------------------------------------------------------
 Time       [T]      192.0000
----------------------------------------------------------
 Sub-region num.                     1
----------------------------------------------------------
 Length   [L]        0.15000E+03  0.15000E+03
 W-volume [L]        0.26459E+02  0.26459E+02
 In-flow  [L/T]     -0.20835E+00 -0.20835E+00
 h Mean   [L]       -0.12683E+03 -0.12683E+03
 Top Flux [L/T]     -0.28721E-03
 Bot Flux [L/T]     -0.48040E-11
 WatBalT  [L]        0.25115E-01
 WatBalR  [%]              0.145
----------------------------------------------------------

----------------------------------------------------------
 Time       [T]      193.0000
----------------------------------------------------------
 Sub-region num.                     1
----------------------------------------------------------
 Length   [L]        0.15000E+03  0.15000E+03
 W-volume [L]        0.26219E+02  0.26219E+02
 In-flow  [L/T]     -0.27189E+00 -0.27189E+00
 h Mean   [L]       -0.12942E+03 -0.12942E+03
 Top Flux [L/T]     -0.33053E-03
 Bot Flux [L/T]      0.00000E+00
 WatBalT  [L]        0.56402E-01
 WatBalR  [%]              0.320
----------------------------------------------------------

----------------------------------------------------------
 Time       [T]      194.0000
----------------------------------------------------------
 Sub-region num.                     1
----------------------------------------------------------
 Length   [L]        0.15000E+03  0.15000E+03
 W-volume [L]        0.27017E+02  0.27017E+02
 In-flow  [L/T]      0.51968E+00  0.51968E+00
 h Mean   [L]       -0.12965E+03 -0.12965E+03
 Top Flux [L/T]     -0.74082E+00
 Bot Flux [L/T]      0.47950E-11
 WatBalT  [L]        0.56011E-01
 WatBalR  [%]              0.296
----------------------------------------------------------

----------------------------------------------------------
 Time       [T]      195.0000
----------------------------------------------------------
 Sub-region num.                     1
----------------------------------------------------------
 Length   [L]        0.15000E+03  0.15000E+03
 W-volume [L]        0.27495E+02  0.27495E+02
 In-flow  [L/T]      0.45243E+00  0.45243E+00
 h Mean   [L]       -0.13043E+03 -0.13043E+03
 Top Flux [L/T]     -0.60891E+00
 Bot Flux [L/T]      0.00000E+00
 WatBalT  [L]        0.55205E-01
 WatBalR  [%]              0.279
----------------------------------------------------------

----------------------------------------------------------
 Time       [T]      196.0000
----------------------------------------------------------
 Sub-region num.                     1
----------------------------------------------------------
 Length   [L]        0.15000E+03  0.15000E+03
 W-volume [L]        0.27905E+02  0.27905E+02
 In-flow  [L/T]      0.39865E+00  0.39865E+00
 h Mean   [L]       -0.13106E+03 -0.13106E+03
 Top Flux [L/T]     -0.58036E+00
 Bot Flux [L/T]      0.00000E+00
 WatBalT  [L]        0.55580E-01
 WatBalR  [%]              0.271
----------------------------------------------------------

----------------------------------------------------------
 Time       [T]      197.0000
----------------------------------------------------------
 Sub-region num.                     1
----------------------------------------------------------
 Length   [L]        0.15000E+03  0.15000E+03
 W-volume [L]        0.28291E+02  0.28291E+02
 In-flow  [L/T]      0.38133E+00  0.38133E+00
 h Mean   [L]       -0.12237E+03 -0.12237E+03
 Top Flux [L/T]     -0.56434E+00
 Bot Flux [L/T]     -0.47813E-11
 WatBalT  [L]        0.56143E-01
 WatBalR  [%]              0.264
----------------------------------------------------------

----------------------------------------------------------
 Time       [T]      198.0000
----------------------------------------------------------
 Sub-region num.                     1
----------------------------------------------------------
 Length   [L]        0.15000E+03  0.15000E+03
 W-volume [L]        0.28638E+02  0.28638E+02
 In-flow  [L/T]      0.34096E+00  0.34096E+00
 h Mean   [L]       -0.11395E+03 -0.11395E+03
 Top Flux [L/T]     -0.55755E+00
 Bot Flux [L/T]      0.00000E+00
 WatBalT  [L]        0.56986E-01
 WatBalR  [%]              0.258
----------------------------------------------------------

----------------------------------------------------------
 Time       [T]      199.0000
----------------------------------------------------------
 Sub-region num.                     1
----------------------------------------------------------
 Length   [L]        0.15000E+03  0.15000E+03
 W-volume [L]        0.28988E+02  0.28988E+02
 In-flow  [L/T]      0.34928E+00  0.34928E+00
 h Mean   [L]       -0.10559E+03 -0.10559E+03
 Top Flux [L/T]     -0.54687E+00
 Bot Flux [L/T]      0.47721E-11
 WatBalT  [L]        0.56267E-01
 WatBalR  [%]              0.247
----------------------------------------------------------

----------------------------------------------------------
 Time       [T]      200.0000
----------------------------------------------------------
 Sub-region num.                     1
----------------------------------------------------------
 Length   [L]        0.15000E+03  0.15000E+03
 W-volume [L]        0.28686E+02  0.28686E+02
 In-flow  [L/T]     -0.30474E+00 -0.30474E+00
 h Mean   [L]       -0.10851E+03 -0.10851E+03
 Top Flux [L/T]     -0.33445E-02
 Bot Flux [L/T]      0.00000E+00
 WatBalT  [L]        0.59524E-01
 WatBalR  [%]              0.258
----------------------------------------------------------

----------------------------------------------------------
 Time       [T]      201.0000
----------------------------------------------------------
 Sub-region num.                     1
----------------------------------------------------------
 Length   [L]        0.15000E+03  0.15000E+03
 W-volume [L]        0.29080E+02  0.29080E+02
 In-flow  [L/T]      0.35446E+00  0.35446E+00
 h Mean   [L]       -0.99921E+02 -0.99921E+02
 Top Flux [L/T]     -0.53899E+00
 Bot Flux [L/T]      0.00000E+00
 WatBalT  [L]        0.55655E-01
 WatBalR  [%]              0.232
----------------------------------------------------------

----------------------------------------------------------
 Time       [T]      202.0000
----------------------------------------------------------
 Sub-region num.                     1
----------------------------------------------------------
 Length   [L]        0.15000E+03  0.15000E+03
 W-volume [L]        0.28722E+02  0.28722E+02
 In-flow  [L/T]     -0.35861E+00 -0.35861E+00
 h Mean   [L]       -0.10257E+03 -0.10257E+03
 Top Flux [L/T]     -0.33727E-02
 Bot Flux [L/T]     -0.47585E-11
 WatBalT  [L]        0.56656E-01
 WatBalR  [%]              0.233
----------------------------------------------------------

----------------------------------------------------------
 Time       [T]      203.0000
----------------------------------------------------------
 Sub-region num.                     1
----------------------------------------------------------
 Length   [L]        0.15000E+03  0.15000E+03
 W-volume [L]        0.28368E+02  0.28368E+02
 In-flow  [L/T]     -0.35297E+00 -0.35297E+00
 h Mean   [L]       -0.10531E+03 -0.10531E+03
 Top Flux [L/T]     -0.15292E-02
 Bot Flux [L/T]      0.00000E+00
 WatBalT  [L]        0.55414E-01
 WatBalR  [%]              0.225
----------------------------------------------------------

----------------------------------------------------------
 Time       [T]      204.0000
----------------------------------------------------------
 Sub-region num.                     1
----------------------------------------------------------
 Length   [L]        0.15000E+03  0.15000E+03
 W-volume [L]        0.28019E+02  0.28019E+02
 In-flow  [L/T]     -0.34570E+00 -0.34570E+00
 h Mean   [L]       -0.10817E+03 -0.10817E+03
 Top Flux [L/T]     -0.15019E-02
 Bot Flux [L/T]      0.00000E+00
 WatBalT  [L]        0.51627E-01
 WatBalR  [%]              0.206
----------------------------------------------------------

----------------------------------------------------------
 Time       [T]      205.0000
----------------------------------------------------------
 Sub-region num.                     1
----------------------------------------------------------
 Length   [L]        0.15000E+03  0.15000E+03
 W-volume [L]        0.27670E+02  0.27670E+02
 In-flow  [L/T]     -0.35162E+00 -0.35162E+00
 h Mean   [L]       -0.11115E+03 -0.11115E+03
 Top Flux [L/T]     -0.11287E-02
 Bot Flux [L/T]      0.00000E+00
 WatBalT  [L]        0.54618E-01
 WatBalR  [%]              0.215
----------------------------------------------------------

----------------------------------------------------------
 Time       [T]      206.0000
----------------------------------------------------------
 Sub-region num.                     1
----------------------------------------------------------
 Length   [L]        0.15000E+03  0.15000E+03
 W-volume [L]        0.27322E+02  0.27322E+02
 In-flow  [L/T]     -0.34659E+00 -0.34659E+00
 h Mean   [L]       -0.11417E+03 -0.11417E+03
 Top Flux [L/T]     -0.67945E-03
 Bot Flux [L/T]      0.00000E+00
 WatBalT  [L]        0.52186E-01
 WatBalR  [%]              0.203
----------------------------------------------------------

----------------------------------------------------------
 Time       [T]      207.0000
----------------------------------------------------------
 Sub-region num.                     1
----------------------------------------------------------
 Length   [L]        0.15000E+03  0.15000E+03
 W-volume [L]        0.26982E+02  0.26982E+02
 In-flow  [L/T]     -0.33420E+00 -0.33420E+00
 h Mean   [L]       -0.11787E+03 -0.11787E+03
 Top Flux [L/T]     -0.28255E-03
 Bot Flux [L/T]      0.00000E+00
 WatBalT  [L]        0.44688E-01
 WatBalR  [%]              0.172
----------------------------------------------------------

----------------------------------------------------------
 Time       [T]      208.0000
----------------------------------------------------------
 Sub-region num.                     1
----------------------------------------------------------
 Length   [L]        0.15000E+03  0.15000E+03
 W-volume [L]        0.26691E+02  0.26691E+02
 In-flow  [L/T]     -0.24928E+00 -0.24928E+00
 h Mean   [L]       -0.12231E+03 -0.12231E+03
 Top Flux [L/T]     -0.29175E-03
 Bot Flux [L/T]      0.00000E+00
 WatBalT  [L]        0.22297E-02
 WatBalR  [%]              0.008
----------------------------------------------------------

----------------------------------------------------------
 Time       [T]      209.0000
----------------------------------------------------------
 Sub-region num.                     1
----------------------------------------------------------
 Length   [L]        0.15000E+03  0.15000E+03
 W-volume [L]        0.26440E+02  0.26440E+02
 In-flow  [L/T]     -0.25682E+00 -0.25682E+00
 h Mean   [L]       -0.12655E+03 -0.12655E+03
 Top Flux [L/T]     -0.32982E-03
 Bot Flux [L/T]     -0.47266E-11
 WatBalT  [L]        0.61421E-02
 WatBalR  [%]              0.023
----------------------------------------------------------

----------------------------------------------------------
 Time       [T]      210.0000
----------------------------------------------------------
 Sub-region num.                     1
----------------------------------------------------------
 Length   [L]        0.15000E+03  0.15000E+03
 W-volume [L]        0.26176E+02  0.26176E+02
 In-flow  [L/T]     -0.27507E+00 -0.27507E+00
 h Mean   [L]       -0.12968E+03 -0.12968E+03
 Top Flux [L/T]     -0.37336E-03
 Bot Flux [L/T]      0.00000E+00
 WatBalT  [L]        0.16107E-01
 WatBalR  [%]              0.060
----------------------------------------------------------

----------------------------------------------------------
 Time       [T]      211.0000
----------------------------------------------------------
 Sub-region num.                     1
----------------------------------------------------------
 Length   [L]        0.15000E+03  0.15000E+03
 W-volume [L]        0.25903E+02  0.25903E+02
 In-flow  [L/T]     -0.27132E+00 -0.27132E+00
 h Mean   [L]       -0.13232E+03 -0.13232E+03
 Top Flux [L/T]     -0.41753E-03
 Bot Flux [L/T]      0.00000E+00
 WatBalT  [L]        0.14510E-01
 WatBalR  [%]              0.054
----------------------------------------------------------

----------------------------------------------------------
 Time       [T]      212.0000
----------------------------------------------------------
 Sub-region num.                     1
----------------------------------------------------------
 Length   [L]        0.15000E+03  0.15000E+03
 W-volume [L]        0.25625E+02  0.25625E+02
 In-flow  [L/T]     -0.28578E+00 -0.28578E+00
 h Mean   [L]       -0.13504E+03 -0.13504E+03
 Top Flux [L/T]     -0.46756E-03
 Bot Flux [L/T]      0.00000E+00
 WatBalT  [L]        0.21836E-01
 WatBalR  [%]              0.080
----------------------------------------------------------

----------------------------------------------------------
 Time       [T]      213.0000
----------------------------------------------------------
 Sub-region num.                     1
----------------------------------------------------------
 Length   [L]        0.15000E+03  0.15000E+03
 W-volume [L]        0.25331E+02  0.25331E+02
 In-flow  [L/T]     -0.30245E+00 -0.30245E+00
 h Mean   [L]       -0.13802E+03 -0.13802E+03
 Top Flux [L/T]     -0.52820E-03
 Bot Flux [L/T]     -0.47085E-11
 WatBalT  [L]        0.30257E-01
 WatBalR  [%]              0.109
----------------------------------------------------------

----------------------------------------------------------
 Time       [T]      214.0000
----------------------------------------------------------
 Sub-region num.                     1
----------------------------------------------------------
 Length   [L]        0.15000E+03  0.15000E+03
 W-volume [L]        0.25030E+02  0.25030E+02
 In-flow  [L/T]     -0.30023E+00 -0.30023E+00
 h Mean   [L]       -0.14174E+03 -0.14174E+03
 Top Flux [L/T]     -0.59566E-03
 Bot Flux [L/T]      0.47040E-11
 WatBalT  [L]        0.29205E-01
 WatBalR  [%]              0.104
----------------------------------------------------------

----------------------------------------------------------
 Time       [T]      215.0000
----------------------------------------------------------
 Sub-region num.                     1
----------------------------------------------------------
 Length   [L]        0.15000E+03  0.15000E+03
 W-volume [L]        0.24744E+02  0.24744E+02
 In-flow  [L/T]     -0.27206E+00 -0.27206E+00
 h Mean   [L]       -0.14670E+03 -0.14670E+03
 Top Flux [L/T]     -0.65244E-03
 Bot Flux [L/T]      0.00000E+00
 WatBalT  [L]        0.15154E-01
 WatBalR  [%]              0.054
----------------------------------------------------------

----------------------------------------------------------
 Time       [T]      216.0000
----------------------------------------------------------
 Sub-region num.                     1
----------------------------------------------------------
 Length   [L]        0.15000E+03  0.15000E+03
 W-volume [L]        0.24485E+02  0.24485E+02
 In-flow  [L/T]     -0.24574E+00 -0.24574E+00
 h Mean   [L]       -0.15359E+03 -0.15359E+03
 Top Flux [L/T]     -0.69775E-03
 Bot Flux [L/T]      0.46950E-11
 WatBalT  [L]        0.19445E-02
 WatBalR  [%]              0.007
----------------------------------------------------------

----------------------------------------------------------
 Time       [T]      217.0000
----------------------------------------------------------
 Sub-region num.                     1
----------------------------------------------------------
 Length   [L]        0.15000E+03  0.15000E+03
 W-volume [L]        0.24295E+02  0.24295E+02
 In-flow  [L/T]     -0.13416E+00 -0.13416E+00
 h Mean   [L]       -0.16198E+03 -0.16198E+03
 Top Flux [L/T]     -0.65442E-03
 Bot Flux [L/T]     -0.46905E-11
 WatBalT  [L]       -0.53753E-01
 WatBalR  [%]              0.188
----------------------------------------------------------

----------------------------------------------------------
 Time       [T]      218.0000
----------------------------------------------------------
 Sub-region num.                     1
----------------------------------------------------------
 Length   [L]        0.15000E+03  0.15000E+03
 W-volume [L]        0.24176E+02  0.24176E+02
 In-flow  [L/T]     -0.10279E+00 -0.10279E+00
 h Mean   [L]       -0.17007E+03 -0.17007E+03
 Top Flux [L/T]     -0.52881E-03
 Bot Flux [L/T]      0.00000E+00
 WatBalT  [L]       -0.69433E-01
 WatBalR  [%]              0.242
----------------------------------------------------------

----------------------------------------------------------
 Time       [T]      219.0000
----------------------------------------------------------
 Sub-region num.                     1
----------------------------------------------------------
 Length   [L]        0.15000E+03  0.15000E+03
 W-volume [L]        0.24018E+02  0.24018E+02
 In-flow  [L/T]     -0.21307E+00 -0.21307E+00
 h Mean   [L]       -0.18814E+03 -0.18814E+03
 Top Flux [L/T]     -0.44031E-03
 Bot Flux [L/T]      0.00000E+00
 WatBalT  [L]       -0.34884E-01
 WatBalR  [%]              0.121
----------------------------------------------------------

----------------------------------------------------------
 Time       [T]      220.0000
----------------------------------------------------------
 Sub-region num.                     1
----------------------------------------------------------
 Length   [L]        0.15000E+03  0.15000E+03
 W-volume [L]        0.23860E+02  0.23860E+02
 In-flow  [L/T]     -0.14454E+00 -0.14454E+00
 h Mean   [L]       -0.21033E+03 -0.21033E+03
 Top Flux [L/T]     -0.31538E-03
 Bot Flux [L/T]      0.46770E-11
 WatBalT  [L]       -0.60074E-01
 WatBalR  [%]              0.207
----------------------------------------------------------

----------------------------------------------------------
 Time       [T]      221.0000
----------------------------------------------------------
 Sub-region num.                     1
----------------------------------------------------------
 Length   [L]        0.15000E+03  0.15000E+03
 W-volume [L]        0.23741E+02  0.23741E+02
 In-flow  [L/T]     -0.11691E+00 -0.11691E+00
 h Mean   [L]       -0.22550E+03 -0.22550E+03
 Top Flux [L/T]     -0.12275E-03
 Bot Flux [L/T]      0.46725E-11
 WatBalT  [L]       -0.69885E-01
 WatBalR  [%]              0.239
----------------------------------------------------------

----------------------------------------------------------
 Time       [T]      222.0000
----------------------------------------------------------
 Sub-region num.                     1
----------------------------------------------------------
 Length   [L]        0.15000E+03  0.15000E+03
 W-volume [L]        0.23641E+02  0.23641E+02
 In-flow  [L/T]     -0.97929E-01 -0.97929E-01
 h Mean   [L]       -0.23805E+03 -0.23805E+03
 Top Flux [L/T]     -0.90721E-04
 Bot Flux [L/T]     -0.46680E-11
 WatBalT  [L]       -0.78431E-01
 WatBalR  [%]              0.268
----------------------------------------------------------

----------------------------------------------------------
 Time       [T]      223.0000
----------------------------------------------------------
 Sub-region num.                     1
----------------------------------------------------------
 Length   [L]        0.15000E+03  0.15000E+03
 W-volume [L]        0.23567E+02  0.23567E+02
 In-flow  [L/T]     -0.63134E-01 -0.63134E-01
 h Mean   [L]       -0.24898E+03 -0.24898E+03
 Top Flux [L/T]     -0.91319E-04
 Bot Flux [L/T]      0.00000E+00
 WatBalT  [L]       -0.94602E-01
 WatBalR  [%]              0.323
----------------------------------------------------------

----------------------------------------------------------
 Time       [T]      224.0000
----------------------------------------------------------
 Sub-region num.                     1
----------------------------------------------------------
 Length   [L]        0.15000E+03  0.15000E+03
 W-volume [L]        0.23525E+02  0.23525E+02
 In-flow  [L/T]     -0.31565E-01 -0.31565E-01
 h Mean   [L]       -0.25687E+03 -0.25687E+03
 Top Flux [L/T]     -0.90620E-04
 Bot Flux [L/T]      0.00000E+00
 WatBalT  [L]       -0.10809E+00
 WatBalR  [%]              0.368
----------------------------------------------------------

----------------------------------------------------------
 Time       [T]      225.0000
----------------------------------------------------------
 Sub-region num.                     1
----------------------------------------------------------
 Length   [L]        0.15000E+03  0.15000E+03
 W-volume [L]        0.23500E+02  0.23500E+02
 In-flow  [L/T]     -0.23942E-01 -0.23942E-01
 h Mean   [L]       -0.26235E+03 -0.26235E+03
 Top Flux [L/T]     -0.89714E-04
 Bot Flux [L/T]      0.00000E+00
 WatBalT  [L]       -0.11159E+00
 WatBalR  [%]              0.380
----------------------------------------------------------

----------------------------------------------------------
 Time       [T]      226.0000
----------------------------------------------------------
 Sub-region num.                     1
----------------------------------------------------------
 Length   [L]        0.15000E+03  0.15000E+03
 W-volume [L]        0.23482E+02  0.23482E+02
 In-flow  [L/T]     -0.17816E-01 -0.17816E-01
 h Mean   [L]       -0.26478E+03 -0.26478E+03
 Top Flux [L/T]     -0.88785E-04
 Bot Flux [L/T]     -0.46501E-11
 WatBalT  [L]       -0.11265E+00
 WatBalR  [%]              0.383
----------------------------------------------------------

----------------------------------------------------------
 Time       [T]      227.0000
----------------------------------------------------------
 Sub-region num.                     1
----------------------------------------------------------
 Length   [L]        0.15000E+03  0.15000E+03
 W-volume [L]        0.23466E+02  0.23466E+02
 In-flow  [L/T]     -0.16605E-01 -0.16605E-01
 h Mean   [L]       -0.26589E+03 -0.26589E+03
 Top Flux [L/T]     -0.87847E-04
 Bot Flux [L/T]      0.46456E-11
 WatBalT  [L]       -0.11277E+00
 WatBalR  [%]              0.383
----------------------------------------------------------

----------------------------------------------------------
 Time       [T]      228.0000
----------------------------------------------------------
 Sub-region num.                     1
----------------------------------------------------------
 Length   [L]        0.15000E+03  0.15000E+03
 W-volume [L]        0.23452E+02  0.23452E+02
 In-flow  [L/T]     -0.11773E-01 -0.11773E-01
 h Mean   [L]       -0.26646E+03 -0.26646E+03
 Top Flux [L/T]     -0.86864E-04
 Bot Flux [L/T]      0.00000E+00
 WatBalT  [L]       -0.11497E+00
 WatBalR  [%]              0.391
----------------------------------------------------------

----------------------------------------------------------
 Time       [T]      229.0000
----------------------------------------------------------
 Sub-region num.                     1
----------------------------------------------------------
 Length   [L]        0.15000E+03  0.15000E+03
 W-volume [L]        0.23438E+02  0.23438E+02
 In-flow  [L/T]     -0.16246E-01 -0.16246E-01
 h Mean   [L]       -0.26701E+03 -0.26701E+03
 Top Flux [L/T]     -0.85998E-04
 Bot Flux [L/T]      0.46368E-11
 WatBalT  [L]       -0.11277E+00
 WatBalR  [%]              0.383
----------------------------------------------------------

----------------------------------------------------------
 Time       [T]      230.0000
----------------------------------------------------------
 Sub-region num.                     1
----------------------------------------------------------
 Length   [L]        0.15000E+03  0.15000E+03
 W-volume [L]        0.23420E+02  0.23420E+02
 In-flow  [L/T]     -0.19342E-01 -0.19342E-01
 h Mean   [L]       -0.26772E+03 -0.26772E+03
 Top Flux [L/T]     -0.85125E-04
 Bot Flux [L/T]      0.00000E+00
 WatBalT  [L]       -0.11134E+00
 WatBalR  [%]              0.378
----------------------------------------------------------

----------------------------------------------------------
 Time       [T]      231.0000
----------------------------------------------------------
 Sub-region num.                     1
----------------------------------------------------------
 Length   [L]        0.15000E+03  0.15000E+03
 W-volume [L]        0.23405E+02  0.23405E+02
 In-flow  [L/T]     -0.10761E-01 -0.10761E-01
 h Mean   [L]       -0.26840E+03 -0.26840E+03
 Top Flux [L/T]     -0.84120E-04
 Bot Flux [L/T]      0.00000E+00
 WatBalT  [L]       -0.11550E+00
 WatBalR  [%]              0.392
----------------------------------------------------------

----------------------------------------------------------
 Time       [T]      232.0000
----------------------------------------------------------
 Sub-region num.                     1
----------------------------------------------------------
 Length   [L]        0.15000E+03  0.15000E+03
 W-volume [L]        0.23395E+02  0.23395E+02
 In-flow  [L/T]     -0.89706E-02 -0.89706E-02
 h Mean   [L]       -0.26900E+03 -0.26900E+03
 Top Flux [L/T]     -0.83193E-04
 Bot Flux [L/T]     -0.46234E-11
 WatBalT  [L]       -0.11642E+00
 WatBalR  [%]              0.395
----------------------------------------------------------

----------------------------------------------------------
 Time       [T]      233.0000
----------------------------------------------------------
 Sub-region num.                     1
----------------------------------------------------------
 Length   [L]        0.15000E+03  0.15000E+03
 W-volume [L]        0.23389E+02  0.23389E+02
 In-flow  [L/T]     -0.43162E-02 -0.43162E-02
 h Mean   [L]       -0.26943E+03 -0.26943E+03
 Top Flux [L/T]     -0.82207E-04
 Bot Flux [L/T]      0.00000E+00
 WatBalT  [L]       -0.11866E+00
 WatBalR  [%]              0.402
----------------------------------------------------------

----------------------------------------------------------
 Time       [T]      234.0000
----------------------------------------------------------
 Sub-region num.                     1
----------------------------------------------------------
 Length   [L]        0.15000E+03  0.15000E+03
 W-volume [L]        0.23381E+02  0.23381E+02
 In-flow  [L/T]     -0.11873E-01 -0.11873E-01
 h Mean   [L]       -0.26999E+03 -0.26999E+03
 Top Flux [L/T]     -0.81512E-04
 Bot Flux [L/T]      0.00000E+00
 WatBalT  [L]       -0.11505E+00
 WatBalR  [%]              0.390
----------------------------------------------------------

----------------------------------------------------------
 Time       [T]      235.0000
----------------------------------------------------------
 Sub-region num.                     1
----------------------------------------------------------
 Length   [L]        0.15000E+03  0.15000E+03
 W-volume [L]        0.23369E+02  0.23369E+02
 In-flow  [L/T]     -0.12594E-01 -0.12594E-01
 h Mean   [L]       -0.27085E+03 -0.27085E+03
 Top Flux [L/T]     -0.80662E-04
 Bot Flux [L/T]      0.00000E+00
 WatBalT  [L]       -0.11471E+00
 WatBalR  [%]              0.389
----------------------------------------------------------

----------------------------------------------------------
 Time       [T]      236.0000
----------------------------------------------------------
 Sub-region num.                     1
----------------------------------------------------------
 Length   [L]        0.15000E+03  0.15000E+03
 W-volume [L]        0.23357E+02  0.23357E+02
 In-flow  [L/T]     -0.10879E-01 -0.10879E-01
 h Mean   [L]       -0.27163E+03 -0.27163E+03
 Top Flux [L/T]     -0.79777E-04
 Bot Flux [L/T]      0.00000E+00
 WatBalT  [L]       -0.11550E+00
 WatBalR  [%]              0.391
----------------------------------------------------------

----------------------------------------------------------
 Time       [T]      237.0000
----------------------------------------------------------
 Sub-region num.                     1
----------------------------------------------------------
 Length   [L]        0.15000E+03  0.15000E+03
 W-volume [L]        0.23348E+02  0.23348E+02
 In-flow  [L/T]     -0.82502E-02 -0.82502E-02
 h Mean   [L]       -0.27230E+03 -0.27230E+03
 Top Flux [L/T]     -0.78892E-04
 Bot Flux [L/T]      0.46013E-11
 WatBalT  [L]       -0.11678E+00
 WatBalR  [%]              0.395
----------------------------------------------------------

----------------------------------------------------------
 Time       [T]      238.0000
----------------------------------------------------------
 Sub-region num.                     1
----------------------------------------------------------
 Length   [L]        0.15000E+03  0.15000E+03
 W-volume [L]        0.23339E+02  0.23339E+02
 In-flow  [L/T]     -0.10212E-01 -0.10212E-01
 h Mean   [L]       -0.27302E+03 -0.27302E+03
 Top Flux [L/T]     -0.78092E-04
 Bot Flux [L/T]      0.00000E+00
 WatBalT  [L]       -0.11584E+00
 WatBalR  [%]              0.392
----------------------------------------------------------

----------------------------------------------------------
 Time       [T]      239.0000
----------------------------------------------------------
 Sub-region num.                     1
----------------------------------------------------------
 Length   [L]        0.15000E+03  0.15000E+03
 W-volume [L]        0.23329E+02  0.23329E+02
 In-flow  [L/T]     -0.85768E-02 -0.85768E-02
 h Mean   [L]       -0.27358E+03 -0.27358E+03
 Top Flux [L/T]     -0.77243E-04
 Bot Flux [L/T]      0.00000E+00
 WatBalT  [L]       -0.11660E+00
 WatBalR  [%]              0.395
----------------------------------------------------------

----------------------------------------------------------
 Time       [T]      240.0000
----------------------------------------------------------
 Sub-region num.                     1
----------------------------------------------------------
 Length   [L]        0.15000E+03  0.15000E+03
 W-volume [L]        0.23321E+02  0.23321E+02
 In-flow  [L/T]     -0.78314E-02 -0.78314E-02
 h Mean   [L]       -0.27399E+03 -0.27399E+03
 Top Flux [L/T]     -0.76412E-04
 Bot Flux [L/T]      0.00000E+00
 WatBalT  [L]       -0.11695E+00
 WatBalR  [%]              0.396
----------------------------------------------------------

----------------------------------------------------------
 Time       [T]      241.0000
----------------------------------------------------------
 Sub-region num.                     1
----------------------------------------------------------
 Length   [L]        0.15000E+03  0.15000E+03
 W-volume [L]        0.23312E+02  0.23312E+02
 In-flow  [L/T]     -0.96366E-02 -0.96366E-02
 h Mean   [L]       -0.27436E+03 -0.27436E+03
 Top Flux [L/T]     -0.75633E-04
 Bot Flux [L/T]      0.00000E+00
 WatBalT  [L]       -0.11606E+00
 WatBalR  [%]              0.393
----------------------------------------------------------

----------------------------------------------------------
 Time       [T]      242.0000
----------------------------------------------------------
 Sub-region num.                     1
----------------------------------------------------------
 Length   [L]        0.15000E+03  0.15000E+03
 W-volume [L]        0.23302E+02  0.23302E+02
 In-flow  [L/T]     -0.11585E-01 -0.11585E-01
 h Mean   [L]       -0.27474E+03 -0.27474E+03
 Top Flux [L/T]     -0.74853E-04
 Bot Flux [L/T]     -0.45793E-11
 WatBalT  [L]       -0.11508E+00
 WatBalR  [%]              0.389
----------------------------------------------------------

----------------------------------------------------------
 Time       [T]      243.0000
----------------------------------------------------------
 Sub-region num.                     1
----------------------------------------------------------
 Length   [L]        0.15000E+03  0.15000E+03
 W-volume [L]        0.23291E+02  0.23291E+02
 In-flow  [L/T]     -0.92773E-02 -0.92773E-02
 h Mean   [L]       -0.27506E+03 -0.27506E+03
 Top Flux [L/T]     -0.74030E-04
 Bot Flux [L/T]     -0.45749E-11
 WatBalT  [L]       -0.11621E+00
 WatBalR  [%]              0.393
----------------------------------------------------------

----------------------------------------------------------
 Time       [T]      244.0000
----------------------------------------------------------
 Sub-region num.                     1
----------------------------------------------------------
 Length   [L]        0.15000E+03  0.15000E+03
 W-volume [L]        0.23287E+02  0.23287E+02
 In-flow  [L/T]     -0.12253E-03 -0.12253E-03
 h Mean   [L]       -0.27521E+03 -0.27521E+03
 Top Flux [L/T]     -0.73354E-04
 Bot Flux [L/T]      0.00000E+00
 WatBalT  [L]        0.64248E+01
 WatBalR  [%]             17.782
----------------------------------------------------------

----------------------------------------------------------
 Time       [T]      245.0000
----------------------------------------------------------
 Sub-region num.                     1
----------------------------------------------------------
 Length   [L]        0.15000E+03  0.15000E+03
 W-volume [L]        0.11249E+02  0.11249E+02
 In-flow  [L/T]     -0.10985E+02 -0.10985E+02
 h Mean   [L]       -0.32550E+03 -0.32550E+03
 Top Flux [L/T]     -0.72447E-04
 Bot Flux [L/T]     -0.45661E-11
 WatBalT  [L]        0.26254E+01
 WatBalR  [%]              5.917
----------------------------------------------------------

----------------------------------------------------------
 Time       [T]      246.0000
----------------------------------------------------------
 Sub-region num.                     1
----------------------------------------------------------
 Length   [L]        0.15000E+03  0.15000E+03
 W-volume [L]        0.71294E+01  0.71294E+01
 In-flow  [L/T]     -0.27462E+01 -0.27462E+01
 h Mean   [L]       -0.46128E+03 -0.46128E+03
 Top Flux [L/T]     -0.71847E-04
 Bot Flux [L/T]      0.00000E+00
 WatBalT  [L]        0.56572E+00
 WatBalR  [%]              1.218
----------------------------------------------------------

----------------------------------------------------------
 Time       [T]      247.0000
----------------------------------------------------------
 Sub-region num.                     1
----------------------------------------------------------
 Length   [L]        0.15000E+03  0.15000E+03
 W-volume [L]        0.60995E+01  0.60995E+01
 In-flow  [L/T]     -0.68666E+00 -0.68666E+00
 h Mean   [L]       -0.64098E+03 -0.64098E+03
 Top Flux [L/T]     -0.71043E-04
 Bot Flux [L/T]     -0.45574E-11
 WatBalT  [L]        0.50877E-01
 WatBalR  [%]              0.108
----------------------------------------------------------

----------------------------------------------------------
 Time       [T]      248.0000
----------------------------------------------------------
 Sub-region num.                     1
----------------------------------------------------------
 Length   [L]        0.15000E+03  0.15000E+03
 W-volume [L]        0.58420E+01  0.58420E+01
 In-flow  [L/T]     -0.17164E+00 -0.17164E+00
 h Mean   [L]       -0.74394E+03 -0.74394E+03
 Top Flux [L/T]     -0.70157E-04
 Bot Flux [L/T]      0.00000E+00
 WatBalT  [L]       -0.77839E-01
 WatBalR  [%]              0.165
----------------------------------------------------------

----------------------------------------------------------
 Time       [T]      249.0000
----------------------------------------------------------
 Sub-region num.                     1
----------------------------------------------------------
 Length   [L]        0.15000E+03  0.15000E+03
 W-volume [L]        0.57775E+01  0.57775E+01
 In-flow  [L/T]     -0.43007E-01 -0.43007E-01
 h Mean   [L]       -0.77695E+03 -0.77695E+03
 Top Flux [L/T]     -0.69582E-04
 Bot Flux [L/T]      0.00000E+00
 WatBalT  [L]       -0.11011E+00
 WatBalR  [%]              0.234
----------------------------------------------------------

----------------------------------------------------------
 Time       [T]      250.0000
----------------------------------------------------------
 Sub-region num.                     1
----------------------------------------------------------
 Length   [L]        0.15000E+03  0.15000E+03
 W-volume [L]        0.57614E+01  0.57614E+01
 In-flow  [L/T]     -0.10758E-01 -0.10758E-01
 h Mean   [L]       -0.78853E+03 -0.78853E+03
 Top Flux [L/T]     -0.68809E-04
 Bot Flux [L/T]      0.00000E+00
 WatBalT  [L]       -0.11817E+00
 WatBalR  [%]              0.251
----------------------------------------------------------

----------------------------------------------------------
 Time       [T]      251.0000
----------------------------------------------------------
 Sub-region num.                     1
----------------------------------------------------------
 Length   [L]        0.15000E+03  0.15000E+03
 W-volume [L]        0.57588E+01  0.57588E+01
 In-flow  [L/T]     -0.47684E-05 -0.47684E-05
 h Mean   [L]       -0.79046E+03 -0.79046E+03
 Top Flux [L/T]     -0.67955E-04
 Bot Flux [L/T]     -0.45399E-11
 WatBalT  [L]       -0.12075E+00
 WatBalR  [%]              0.256
----------------------------------------------------------

----------------------------------------------------------
 Time       [T]      252.0000
----------------------------------------------------------
 Sub-region num.                     1
----------------------------------------------------------
 Length   [L]        0.15000E+03  0.15000E+03
 W-volume [L]        0.57587E+01  0.57587E+01
 In-flow  [L/T]     -0.80258E-04 -0.80258E-04
 h Mean   [L]       -0.79056E+03 -0.79056E+03
 Top Flux [L/T]     -0.67357E-04
 Bot Flux [L/T]     -0.45355E-11
 WatBalT  [L]       -0.12077E+00
 WatBalR  [%]              0.256
----------------------------------------------------------

----------------------------------------------------------
 Time       [T]      253.0000
----------------------------------------------------------
 Sub-region num.                     1
----------------------------------------------------------
 Length   [L]        0.15000E+03  0.15000E+03
 W-volume [L]        0.57587E+01  0.57587E+01
 In-flow  [L/T]     -0.46939E-05 -0.46939E-05
 h Mean   [L]       -0.79054E+03 -0.79054E+03
 Top Flux [L/T]     -0.66498E-04
 Bot Flux [L/T]      0.00000E+00
 WatBalT  [L]       -0.12075E+00
 WatBalR  [%]              0.256
----------------------------------------------------------

----------------------------------------------------------
 Time       [T]      254.0000
----------------------------------------------------------
 Sub-region num.                     1
----------------------------------------------------------
 Length   [L]        0.15000E+03  0.15000E+03
 W-volume [L]        0.57585E+01  0.57585E+01
 In-flow  [L/T]     -0.97111E-04 -0.97111E-04
 h Mean   [L]       -0.79057E+03 -0.79057E+03
 Top Flux [L/T]     -0.65964E-04
 Bot Flux [L/T]      0.00000E+00
 WatBalT  [L]       -0.12081E+00
 WatBalR  [%]              0.256
----------------------------------------------------------

----------------------------------------------------------
 Time       [T]      255.0000
----------------------------------------------------------
 Sub-region num.                     1
----------------------------------------------------------
 Length   [L]        0.15000E+03  0.15000E+03
 W-volume [L]        0.57585E+01  0.57585E+01
 In-flow  [L/T]     -0.11665E-03 -0.11665E-03
 h Mean   [L]       -0.79057E+03 -0.79057E+03
 Top Flux [L/T]     -0.65237E-04
 Bot Flux [L/T]      0.00000E+00
 WatBalT  [L]       -0.12080E+00
 WatBalR  [%]              0.256
----------------------------------------------------------

----------------------------------------------------------
 Time       [T]      256.0000
----------------------------------------------------------
 Sub-region num.                     1
----------------------------------------------------------
 Length   [L]        0.15000E+03  0.15000E+03
 W-volume [L]        0.57584E+01  0.57584E+01
 In-flow  [L/T]     -0.12130E-03 -0.12130E-03
 h Mean   [L]       -0.79057E+03 -0.79057E+03
 Top Flux [L/T]     -0.64535E-04
 Bot Flux [L/T]     -0.45182E-11
 WatBalT  [L]       -0.12078E+00
 WatBalR  [%]              0.256
----------------------------------------------------------

----------------------------------------------------------
 Time       [T]      257.0000
----------------------------------------------------------
 Sub-region num.                     1
----------------------------------------------------------
 Length   [L]        0.15000E+03  0.15000E+03
 W-volume [L]        0.57583E+01  0.57583E+01
 In-flow  [L/T]     -0.95323E-04 -0.95323E-04
 h Mean   [L]       -0.79058E+03 -0.79058E+03
 Top Flux [L/T]     -0.63895E-04
 Bot Flux [L/T]      0.45138E-11
 WatBalT  [L]       -0.12081E+00
 WatBalR  [%]              0.256
----------------------------------------------------------

----------------------------------------------------------
 Time       [T]      258.0000
----------------------------------------------------------
 Sub-region num.                     1
----------------------------------------------------------
 Length   [L]        0.15000E+03  0.15000E+03
 W-volume [L]        0.57583E+01  0.57583E+01
 In-flow  [L/T]     -0.11370E-03 -0.11370E-03
 h Mean   [L]       -0.79057E+03 -0.79057E+03
 Top Flux [L/T]     -0.63185E-04
 Bot Flux [L/T]      0.00000E+00
 WatBalT  [L]       -0.12081E+00
 WatBalR  [%]              0.256
----------------------------------------------------------

----------------------------------------------------------
 Time       [T]      259.0000
----------------------------------------------------------
 Sub-region num.                     1
----------------------------------------------------------
 Length   [L]        0.15000E+03  0.15000E+03
 W-volume [L]        0.57582E+01  0.57582E+01
 In-flow  [L/T]     -0.12210E-03 -0.12210E-03
 h Mean   [L]       -0.79057E+03 -0.79057E+03
 Top Flux [L/T]     -0.62498E-04
 Bot Flux [L/T]      0.00000E+00
 WatBalT  [L]       -0.12078E+00
 WatBalR  [%]              0.256
----------------------------------------------------------

----------------------------------------------------------
 Time       [T]      260.0000
----------------------------------------------------------
 Sub-region num.                     1
----------------------------------------------------------
 Length   [L]        0.15000E+03  0.15000E+03
 W-volume [L]        0.57581E+01  0.57581E+01
 In-flow  [L/T]     -0.10222E-03 -0.10222E-03
 h Mean   [L]       -0.79057E+03 -0.79057E+03
 Top Flux [L/T]     -0.61867E-04
 Bot Flux [L/T]      0.00000E+00
 WatBalT  [L]       -0.12081E+00
 WatBalR  [%]              0.256
----------------------------------------------------------

----------------------------------------------------------
 Time       [T]      261.0000
----------------------------------------------------------
 Sub-region num.                     1
----------------------------------------------------------
 Length   [L]        0.15000E+03  0.15000E+03
 W-volume [L]        0.57581E+01  0.57581E+01
 In-flow  [L/T]     -0.11510E-03 -0.11510E-03
 h Mean   [L]       -0.79057E+03 -0.79057E+03
 Top Flux [L/T]     -0.61189E-04
 Bot Flux [L/T]      0.00000E+00
 WatBalT  [L]       -0.12081E+00
 WatBalR  [%]              0.256
----------------------------------------------------------

----------------------------------------------------------
 Time       [T]      262.0000
----------------------------------------------------------
 Sub-region num.                     1
----------------------------------------------------------
 Length   [L]        0.15000E+03  0.15000E+03
 W-volume [L]        0.57580E+01  0.57580E+01
 In-flow  [L/T]     -0.12085E-03 -0.12085E-03
 h Mean   [L]       -0.79057E+03 -0.79057E+03
 Top Flux [L/T]     -0.60528E-04
 Bot Flux [L/T]      0.00000E+00
 WatBalT  [L]       -0.12081E+00
 WatBalR  [%]              0.256
----------------------------------------------------------

----------------------------------------------------------
 Time       [T]      263.0000
----------------------------------------------------------
 Sub-region num.                     1
----------------------------------------------------------
 Length   [L]        0.15000E+03  0.15000E+03
 W-volume [L]        0.57579E+01  0.57579E+01
 In-flow  [L/T]     -0.12307E-03 -0.12307E-03
 h Mean   [L]       -0.79057E+03 -0.79057E+03
 Top Flux [L/T]     -0.59881E-04
 Bot Flux [L/T]      0.00000E+00
 WatBalT  [L]       -0.12080E+00
 WatBalR  [%]              0.256
----------------------------------------------------------

----------------------------------------------------------
 Time       [T]      264.0000
----------------------------------------------------------
 Sub-region num.                     1
----------------------------------------------------------
 Length   [L]        0.15000E+03  0.15000E+03
 W-volume [L]        0.57579E+01  0.57579E+01
 In-flow  [L/T]     -0.11857E-03 -0.11857E-03
 h Mean   [L]       -0.79057E+03 -0.79057E+03
 Top Flux [L/T]     -0.59253E-04
 Bot Flux [L/T]      0.44836E-11
 WatBalT  [L]       -0.12081E+00
 WatBalR  [%]              0.256
----------------------------------------------------------

----------------------------------------------------------
 Time       [T]      265.0000
----------------------------------------------------------
 Sub-region num.                     1
----------------------------------------------------------
 Length   [L]        0.15000E+03  0.15000E+03
 W-volume [L]        0.57578E+01  0.57578E+01
 In-flow  [L/T]     -0.12070E-03 -0.12070E-03
 h Mean   [L]       -0.79057E+03 -0.79057E+03
 Top Flux [L/T]     -0.58620E-04
 Bot Flux [L/T]     -0.44793E-11
 WatBalT  [L]       -0.12081E+00
 WatBalR  [%]              0.256
----------------------------------------------------------

----------------------------------------------------------
 Time       [T]      266.0000
----------------------------------------------------------
 Sub-region num.                     1
----------------------------------------------------------
 Length   [L]        0.15000E+03  0.15000E+03
 W-volume [L]        0.57578E+01  0.57578E+01
 In-flow  [L/T]     -0.12109E-03 -0.12109E-03
 h Mean   [L]       -0.79057E+03 -0.79057E+03
 Top Flux [L/T]     -0.57997E-04
 Bot Flux [L/T]      0.44750E-11
 WatBalT  [L]       -0.12081E+00
 WatBalR  [%]              0.256
----------------------------------------------------------

----------------------------------------------------------
 Time       [T]      267.0000
----------------------------------------------------------
 Sub-region num.                     1
----------------------------------------------------------
 Length   [L]        0.15000E+03  0.15000E+03
 W-volume [L]        0.57577E+01  0.57577E+01
 In-flow  [L/T]     -0.12064E-03 -0.12064E-03
 h Mean   [L]       -0.79057E+03 -0.79057E+03
 Top Flux [L/T]     -0.57381E-04
 Bot Flux [L/T]     -0.44707E-11
 WatBalT  [L]       -0.12081E+00
 WatBalR  [%]              0.256
----------------------------------------------------------

----------------------------------------------------------
 Time       [T]      268.0000
----------------------------------------------------------
 Sub-region num.                     1
----------------------------------------------------------
 Length   [L]        0.15000E+03  0.15000E+03
 W-volume [L]        0.57576E+01  0.57576E+01
 In-flow  [L/T]     -0.11981E-03 -0.11981E-03
 h Mean   [L]       -0.79057E+03 -0.79057E+03
 Top Flux [L/T]     -0.56773E-04
 Bot Flux [L/T]      0.44664E-11
 WatBalT  [L]       -0.12081E+00
 WatBalR  [%]              0.256
----------------------------------------------------------

----------------------------------------------------------
 Time       [T]      269.0000
----------------------------------------------------------
 Sub-region num.                     1
----------------------------------------------------------
 Length   [L]        0.15000E+03  0.15000E+03
 W-volume [L]        0.57576E+01  0.57576E+01
 In-flow  [L/T]     -0.11876E-03 -0.11876E-03
 h Mean   [L]       -0.79057E+03 -0.79057E+03
 Top Flux [L/T]     -0.56172E-04
 Bot Flux [L/T]      0.00000E+00
 WatBalT  [L]       -0.12081E+00
 WatBalR  [%]              0.256
----------------------------------------------------------

----------------------------------------------------------
 Time       [T]      270.0000
----------------------------------------------------------
 Sub-region num.                     1
----------------------------------------------------------
 Length   [L]        0.15000E+03  0.15000E+03
 W-volume [L]        0.57575E+01  0.57575E+01
 In-flow  [L/T]     -0.11773E-03 -0.11773E-03
 h Mean   [L]       -0.79057E+03 -0.79057E+03
 Top Flux [L/T]     -0.55577E-04
 Bot Flux [L/T]     -0.44579E-11
 WatBalT  [L]       -0.12081E+00
 WatBalR  [%]              0.256
----------------------------------------------------------

----------------------------------------------------------
 Time       [T]      271.0000
----------------------------------------------------------
 Sub-region num.                     1
----------------------------------------------------------
 Length   [L]        0.15000E+03  0.15000E+03
 W-volume [L]        0.57574E+01  0.57574E+01
 In-flow  [L/T]     -0.11657E-03 -0.11657E-03
 h Mean   [L]       -0.79057E+03 -0.79057E+03
 Top Flux [L/T]     -0.54988E-04
 Bot Flux [L/T]      0.00000E+00
 WatBalT  [L]       -0.12081E+00
 WatBalR  [%]              0.256
----------------------------------------------------------

----------------------------------------------------------
 Time       [T]      272.0000
----------------------------------------------------------
 Sub-region num.                     1
----------------------------------------------------------
 Length   [L]        0.15000E+03  0.15000E+03
 W-volume [L]        0.57574E+01  0.57574E+01
 In-flow  [L/T]     -0.11539E-03 -0.11539E-03
 h Mean   [L]       -0.79058E+03 -0.79058E+03
 Top Flux [L/T]     -0.54406E-04
 Bot Flux [L/T]     -0.44493E-11
 WatBalT  [L]       -0.12081E+00
 WatBalR  [%]              0.256
----------------------------------------------------------

----------------------------------------------------------
 Time       [T]      273.0000
----------------------------------------------------------
 Sub-region num.                     1
----------------------------------------------------------
 Length   [L]        0.15000E+03  0.15000E+03
 W-volume [L]        0.57573E+01  0.57573E+01
 In-flow  [L/T]     -0.11423E-03 -0.11423E-03
 h Mean   [L]       -0.79058E+03 -0.79058E+03
 Top Flux [L/T]     -0.53830E-04
 Bot Flux [L/T]     -0.44450E-11
 WatBalT  [L]       -0.12081E+00
 WatBalR  [%]              0.256
----------------------------------------------------------

----------------------------------------------------------
 Time       [T]      274.0000
----------------------------------------------------------
 Sub-region num.                     1
----------------------------------------------------------
 Length   [L]        0.15000E+03  0.15000E+03
 W-volume [L]        0.57345E+01  0.57345E+01
 In-flow  [L/T]     -0.22865E-01 -0.22865E-01
 h Mean   [L]       -0.79062E+03 -0.79062E+03
 Top Flux [L/T]     -0.12589E-10
 Bot Flux [L/T]      0.00000E+00
 WatBalT  [L]       -0.12081E+00
 WatBalR  [%]              0.256
----------------------------------------------------------

----------------------------------------------------------
 Time       [T]      275.0000
----------------------------------------------------------
 Sub-region num.                     1
----------------------------------------------------------
 Length   [L]        0.15000E+03  0.15000E+03
 W-volume [L]        0.55650E+01  0.55650E+01
 In-flow  [L/T]     -0.12049E+00 -0.12049E+00
 h Mean   [L]       -0.41238E+04 -0.41238E+04
 Top Flux [L/T]      0.99840E-31
 Bot Flux [L/T]     -0.44365E-11
 WatBalT  [L]       -0.12081E+00
 WatBalR  [%]              0.255
----------------------------------------------------------

----------------------------------------------------------
 Time       [T]      276.0000
----------------------------------------------------------
 Sub-region num.                     1
----------------------------------------------------------
 Length   [L]        0.15000E+03  0.15000E+03
 W-volume [L]        0.55650E+01  0.55650E+01
 In-flow  [L/T]     -0.46492E-05 -0.46492E-05
 h Mean   [L]       -0.41238E+04 -0.41238E+04
 Top Flux [L/T]      0.99840E-31
 Bot Flux [L/T]      0.44323E-11
 WatBalT  [L]       -0.12081E+00
 WatBalR  [%]              0.255
----------------------------------------------------------

----------------------------------------------------------
 Time       [T]      277.0000
----------------------------------------------------------
 Sub-region num.                     1
----------------------------------------------------------
 Length   [L]        0.15000E+03  0.15000E+03
 W-volume [L]        0.55650E+01  0.55650E+01
 In-flow  [L/T]     -0.46492E-05 -0.46492E-05
 h Mean   [L]       -0.41238E+04 -0.41238E+04
 Top Flux [L/T]      0.99840E-31
 Bot Flux [L/T]      0.44280E-11
 WatBalT  [L]       -0.12081E+00
 WatBalR  [%]              0.255
----------------------------------------------------------

----------------------------------------------------------
 Time       [T]      278.0000
----------------------------------------------------------
 Sub-region num.                     1
----------------------------------------------------------
 Length   [L]        0.15000E+03  0.15000E+03
 W-volume [L]        0.55650E+01  0.55650E+01
 In-flow  [L/T]     -0.46492E-05 -0.46492E-05
 h Mean   [L]       -0.41238E+04 -0.41238E+04
 Top Flux [L/T]      0.99840E-31
 Bot Flux [L/T]      0.00000E+00
 WatBalT  [L]       -0.12081E+00
 WatBalR  [%]              0.255
----------------------------------------------------------

----------------------------------------------------------
 Time       [T]      279.0000
----------------------------------------------------------
 Sub-region num.                     1
----------------------------------------------------------
 Length   [L]        0.15000E+03  0.15000E+03
 W-volume [L]        0.55650E+01  0.55650E+01
 In-flow  [L/T]     -0.46194E-05 -0.46194E-05
 h Mean   [L]       -0.41238E+04 -0.41238E+04
 Top Flux [L/T]      0.99840E-31
 Bot Flux [L/T]      0.00000E+00
 WatBalT  [L]       -0.12081E+00
 WatBalR  [%]              0.255
----------------------------------------------------------

----------------------------------------------------------
 Time       [T]      280.0000
----------------------------------------------------------
 Sub-region num.                     1
----------------------------------------------------------
 Length   [L]        0.15000E+03  0.15000E+03
 W-volume [L]        0.55650E+01  0.55650E+01
 In-flow  [L/T]     -0.46194E-05 -0.46194E-05
 h Mean   [L]       -0.41238E+04 -0.41238E+04
 Top Flux [L/T]      0.99840E-31
 Bot Flux [L/T]      0.00000E+00
 WatBalT  [L]       -0.12081E+00
 WatBalR  [%]              0.255
----------------------------------------------------------

----------------------------------------------------------
 Time       [T]      281.0000
----------------------------------------------------------
 Sub-region num.                     1
----------------------------------------------------------
 Length   [L]        0.15000E+03  0.15000E+03
 W-volume [L]        0.55650E+01  0.55650E+01
 In-flow  [L/T]     -0.46194E-05 -0.46194E-05
 h Mean   [L]       -0.41238E+04 -0.41238E+04
 Top Flux [L/T]      0.99840E-31
 Bot Flux [L/T]      0.44111E-11
 WatBalT  [L]       -0.12082E+00
 WatBalR  [%]              0.255
----------------------------------------------------------

----------------------------------------------------------
 Time       [T]      282.0000
----------------------------------------------------------
 Sub-region num.                     1
----------------------------------------------------------
 Length   [L]        0.15000E+03  0.15000E+03
 W-volume [L]        0.55650E+01  0.55650E+01
 In-flow  [L/T]     -0.46194E-05 -0.46194E-05
 h Mean   [L]       -0.41238E+04 -0.41238E+04
 Top Flux [L/T]      0.99840E-31
 Bot Flux [L/T]     -0.44068E-11
 WatBalT  [L]       -0.12082E+00
 WatBalR  [%]              0.255
----------------------------------------------------------

----------------------------------------------------------
 Time       [T]      283.0000
----------------------------------------------------------
 Sub-region num.                     1
----------------------------------------------------------
 Length   [L]        0.15000E+03  0.15000E+03
 W-volume [L]        0.55650E+01  0.55650E+01
 In-flow  [L/T]     -0.46194E-05 -0.46194E-05
 h Mean   [L]       -0.41238E+04 -0.41238E+04
 Top Flux [L/T]      0.99840E-31
 Bot Flux [L/T]      0.00000E+00
 WatBalT  [L]       -0.12082E+00
 WatBalR  [%]              0.255
----------------------------------------------------------

----------------------------------------------------------
 Time       [T]      284.0000
----------------------------------------------------------
 Sub-region num.                     1
----------------------------------------------------------
 Length   [L]        0.15000E+03  0.15000E+03
 W-volume [L]        0.55649E+01  0.55649E+01
 In-flow  [L/T]     -0.46194E-05 -0.46194E-05
 h Mean   [L]       -0.41238E+04 -0.41238E+04
 Top Flux [L/T]      0.99840E-31
 Bot Flux [L/T]      0.43984E-11
 WatBalT  [L]       -0.12082E+00
 WatBalR  [%]              0.255
----------------------------------------------------------

----------------------------------------------------------
 Time       [T]      285.0000
----------------------------------------------------------
 Sub-region num.                     1
----------------------------------------------------------
 Length   [L]        0.15000E+03  0.15000E+03
 W-volume [L]        0.55649E+01  0.55649E+01
 In-flow  [L/T]     -0.46194E-05 -0.46194E-05
 h Mean   [L]       -0.41238E+04 -0.41238E+04
 Top Flux [L/T]      0.99840E-31
 Bot Flux [L/T]     -0.43941E-11
 WatBalT  [L]       -0.12082E+00
 WatBalR  [%]              0.255
----------------------------------------------------------

----------------------------------------------------------
 Time       [T]      286.0000
----------------------------------------------------------
 Sub-region num.                     1
----------------------------------------------------------
 Length   [L]        0.15000E+03  0.15000E+03
 W-volume [L]        0.55649E+01  0.55649E+01
 In-flow  [L/T]     -0.45896E-05 -0.45896E-05
 h Mean   [L]       -0.41238E+04 -0.41238E+04
 Top Flux [L/T]      0.99840E-31
 Bot Flux [L/T]      0.43899E-11
 WatBalT  [L]       -0.12082E+00
 WatBalR  [%]              0.255
----------------------------------------------------------

----------------------------------------------------------
 Time       [T]      287.0000
----------------------------------------------------------
 Sub-region num.                     1
----------------------------------------------------------
 Length   [L]        0.15000E+03  0.15000E+03
 W-volume [L]        0.55649E+01  0.55649E+01
 In-flow  [L/T]     -0.45896E-05 -0.45896E-05
 h Mean   [L]       -0.41238E+04 -0.41238E+04
 Top Flux [L/T]      0.99840E-31
 Bot Flux [L/T]     -0.43857E-11
 WatBalT  [L]       -0.12082E+00
 WatBalR  [%]              0.255
----------------------------------------------------------

----------------------------------------------------------
 Time       [T]      288.0000
----------------------------------------------------------
 Sub-region num.                     1
----------------------------------------------------------
 Length   [L]        0.15000E+03  0.15000E+03
 W-volume [L]        0.55649E+01  0.55649E+01
 In-flow  [L/T]     -0.45896E-05 -0.45896E-05
 h Mean   [L]       -0.41238E+04 -0.41238E+04
 Top Flux [L/T]      0.99840E-31
 Bot Flux [L/T]      0.00000E+00
 WatBalT  [L]       -0.12082E+00
 WatBalR  [%]              0.255
----------------------------------------------------------

----------------------------------------------------------
 Time       [T]      289.0000
----------------------------------------------------------
 Sub-region num.                     1
----------------------------------------------------------
 Length   [L]        0.15000E+03  0.15000E+03
 W-volume [L]        0.55649E+01  0.55649E+01
 In-flow  [L/T]     -0.45896E-05 -0.45896E-05
 h Mean   [L]       -0.41238E+04 -0.41238E+04
 Top Flux [L/T]      0.99840E-31
 Bot Flux [L/T]      0.00000E+00
 WatBalT  [L]       -0.12082E+00
 WatBalR  [%]              0.255
----------------------------------------------------------

----------------------------------------------------------
 Time       [T]      290.0000
----------------------------------------------------------
 Sub-region num.                     1
----------------------------------------------------------
 Length   [L]        0.15000E+03  0.15000E+03
 W-volume [L]        0.55649E+01  0.55649E+01
 In-flow  [L/T]     -0.45896E-05 -0.45896E-05
 h Mean   [L]       -0.41238E+04 -0.41238E+04
 Top Flux [L/T]      0.99840E-31
 Bot Flux [L/T]      0.00000E+00
 WatBalT  [L]       -0.12082E+00
 WatBalR  [%]              0.255
----------------------------------------------------------

----------------------------------------------------------
 Time       [T]      291.0000
----------------------------------------------------------
 Sub-region num.                     1
----------------------------------------------------------
 Length   [L]        0.15000E+03  0.15000E+03
 W-volume [L]        0.55649E+01  0.55649E+01
 In-flow  [L/T]     -0.45896E-05 -0.45896E-05
 h Mean   [L]       -0.41238E+04 -0.41238E+04
 Top Flux [L/T]      0.99840E-31
 Bot Flux [L/T]      0.00000E+00
 WatBalT  [L]       -0.12082E+00
 WatBalR  [%]              0.255
----------------------------------------------------------

----------------------------------------------------------
 Time       [T]      292.0000
----------------------------------------------------------
 Sub-region num.                     1
----------------------------------------------------------
 Length   [L]        0.15000E+03  0.15000E+03
 W-volume [L]        0.55649E+01  0.55649E+01
 In-flow  [L/T]     -0.45896E-05 -0.45896E-05
 h Mean   [L]       -0.41238E+04 -0.41238E+04
 Top Flux [L/T]      0.99840E-31
 Bot Flux [L/T]      0.43647E-11
 WatBalT  [L]       -0.12082E+00
 WatBalR  [%]              0.255
----------------------------------------------------------

----------------------------------------------------------
 Time       [T]      293.0000
----------------------------------------------------------
 Sub-region num.                     1
----------------------------------------------------------
 Length   [L]        0.15000E+03  0.15000E+03
 W-volume [L]        0.55649E+01  0.55649E+01
 In-flow  [L/T]     -0.45598E-05 -0.45598E-05
 h Mean   [L]       -0.41238E+04 -0.41238E+04
 Top Flux [L/T]      0.99840E-31
 Bot Flux [L/T]      0.00000E+00
 WatBalT  [L]       -0.12082E+00
 WatBalR  [%]              0.255
----------------------------------------------------------

----------------------------------------------------------
 Time       [T]      294.0000
----------------------------------------------------------
 Sub-region num.                     1
----------------------------------------------------------
 Length   [L]        0.15000E+03  0.15000E+03
 W-volume [L]        0.55649E+01  0.55649E+01
 In-flow  [L/T]     -0.45598E-05 -0.45598E-05
 h Mean   [L]       -0.41238E+04 -0.41238E+04
 Top Flux [L/T]      0.99840E-31
 Bot Flux [L/T]     -0.43564E-11
 WatBalT  [L]       -0.12082E+00
 WatBalR  [%]              0.255
----------------------------------------------------------

----------------------------------------------------------
 Time       [T]      295.0000
----------------------------------------------------------
 Sub-region num.                     1
----------------------------------------------------------
 Length   [L]        0.15000E+03  0.15000E+03
 W-volume [L]        0.55649E+01  0.55649E+01
 In-flow  [L/T]     -0.45598E-05 -0.45598E-05
 h Mean   [L]       -0.41238E+04 -0.41238E+04
 Top Flux [L/T]      0.99840E-31
 Bot Flux [L/T]      0.00000E+00
 WatBalT  [L]       -0.12082E+00
 WatBalR  [%]              0.255
----------------------------------------------------------

----------------------------------------------------------
 Time       [T]      296.0000
----------------------------------------------------------
 Sub-region num.                     1
----------------------------------------------------------
 Length   [L]        0.15000E+03  0.15000E+03
 W-volume [L]        0.55649E+01  0.55649E+01
 In-flow  [L/T]     -0.45598E-05 -0.45598E-05
 h Mean   [L]       -0.41238E+04 -0.41238E+04
 Top Flux [L/T]      0.99840E-31
 Bot Flux [L/T]      0.00000E+00
 WatBalT  [L]       -0.12083E+00
 WatBalR  [%]              0.255
----------------------------------------------------------

----------------------------------------------------------
 Time       [T]      297.0000
----------------------------------------------------------
 Sub-region num.                     1
----------------------------------------------------------
 Length   [L]        0.15000E+03  0.15000E+03
 W-volume [L]        0.55649E+01  0.55649E+01
 In-flow  [L/T]     -0.45598E-05 -0.45598E-05
 h Mean   [L]       -0.41238E+04 -0.41238E+04
 Top Flux [L/T]      0.99840E-31
 Bot Flux [L/T]      0.00000E+00
 WatBalT  [L]       -0.12083E+00
 WatBalR  [%]              0.255
----------------------------------------------------------

----------------------------------------------------------
 Time       [T]      298.0000
----------------------------------------------------------
 Sub-region num.                     1
----------------------------------------------------------
 Length   [L]        0.15000E+03  0.15000E+03
 W-volume [L]        0.55649E+01  0.55649E+01
 In-flow  [L/T]     -0.45598E-05 -0.45598E-05
 h Mean   [L]       -0.41238E+04 -0.41238E+04
 Top Flux [L/T]      0.99840E-31
 Bot Flux [L/T]      0.00000E+00
 WatBalT  [L]       -0.12083E+00
 WatBalR  [%]              0.255
----------------------------------------------------------

----------------------------------------------------------
 Time       [T]      299.0000
----------------------------------------------------------
 Sub-region num.                     1
----------------------------------------------------------
 Length   [L]        0.15000E+03  0.15000E+03
 W-volume [L]        0.55649E+01  0.55649E+01
 In-flow  [L/T]     -0.45598E-05 -0.45598E-05
 h Mean   [L]       -0.41238E+04 -0.41238E+04
 Top Flux [L/T]      0.99840E-31
 Bot Flux [L/T]     -0.43355E-11
 WatBalT  [L]       -0.12083E+00
 WatBalR  [%]              0.255
----------------------------------------------------------

----------------------------------------------------------
 Time       [T]      300.0000
----------------------------------------------------------
 Sub-region num.                     1
----------------------------------------------------------
 Length   [L]        0.15000E+03  0.15000E+03
 W-volume [L]        0.55649E+01  0.55649E+01
 In-flow  [L/T]     -0.45300E-05 -0.45300E-05
 h Mean   [L]       -0.41238E+04 -0.41238E+04
 Top Flux [L/T]      0.99840E-31
 Bot Flux [L/T]     -0.43314E-11
 WatBalT  [L]       -0.12083E+00
 WatBalR  [%]              0.255
----------------------------------------------------------

----------------------------------------------------------
 Time       [T]      301.0000
----------------------------------------------------------
 Sub-region num.                     1
----------------------------------------------------------
 Length   [L]        0.15000E+03  0.15000E+03
 W-volume [L]        0.55649E+01  0.55649E+01
 In-flow  [L/T]     -0.45300E-05 -0.45300E-05
 h Mean   [L]       -0.41238E+04 -0.41238E+04
 Top Flux [L/T]      0.99840E-31
 Bot Flux [L/T]      0.43272E-11
 WatBalT  [L]       -0.12083E+00
 WatBalR  [%]              0.255
----------------------------------------------------------

----------------------------------------------------------
 Time       [T]      302.0000
----------------------------------------------------------
 Sub-region num.                     1
----------------------------------------------------------
 Length   [L]        0.15000E+03  0.15000E+03
 W-volume [L]        0.55649E+01  0.55649E+01
 In-flow  [L/T]     -0.45300E-05 -0.45300E-05
 h Mean   [L]       -0.41238E+04 -0.41238E+04
 Top Flux [L/T]      0.99840E-31
 Bot Flux [L/T]      0.00000E+00
 WatBalT  [L]       -0.12083E+00
 WatBalR  [%]              0.255
----------------------------------------------------------

----------------------------------------------------------
 Time       [T]      303.0000
----------------------------------------------------------
 Sub-region num.                     1
----------------------------------------------------------
 Length   [L]        0.15000E+03  0.15000E+03
 W-volume [L]        0.55649E+01  0.55649E+01
 In-flow  [L/T]     -0.45300E-05 -0.45300E-05
 h Mean   [L]       -0.41238E+04 -0.41238E+04
 Top Flux [L/T]      0.99840E-31
 Bot Flux [L/T]      0.00000E+00
 WatBalT  [L]       -0.12083E+00
 WatBalR  [%]              0.255
----------------------------------------------------------

----------------------------------------------------------
 Time       [T]      304.0000
----------------------------------------------------------
 Sub-region num.                     1
----------------------------------------------------------
 Length   [L]        0.15000E+03  0.15000E+03
 W-volume [L]        0.55649E+01  0.55649E+01
 In-flow  [L/T]     -0.45300E-05 -0.45300E-05
 h Mean   [L]       -0.41238E+04 -0.41238E+04
 Top Flux [L/T]      0.99840E-31
 Bot Flux [L/T]      0.00000E+00
 WatBalT  [L]       -0.12083E+00
 WatBalR  [%]              0.255
----------------------------------------------------------

----------------------------------------------------------
 Time       [T]      305.0000
----------------------------------------------------------
 Sub-region num.                     1
----------------------------------------------------------
 Length   [L]        0.15000E+03  0.15000E+03
 W-volume [L]        0.55649E+01  0.55649E+01
 In-flow  [L/T]     -0.45300E-05 -0.45300E-05
 h Mean   [L]       -0.41238E+04 -0.41238E+04
 Top Flux [L/T]      0.99840E-31
 Bot Flux [L/T]      0.00000E+00
 WatBalT  [L]       -0.12083E+00
 WatBalR  [%]              0.255
----------------------------------------------------------

----------------------------------------------------------
 Time       [T]      306.0000
----------------------------------------------------------
 Sub-region num.                     1
----------------------------------------------------------
 Length   [L]        0.15000E+03  0.15000E+03
 W-volume [L]        0.55648E+01  0.55648E+01
 In-flow  [L/T]     -0.45300E-05 -0.45300E-05
 h Mean   [L]       -0.41238E+04 -0.41238E+04
 Top Flux [L/T]      0.99840E-31
 Bot Flux [L/T]      0.00000E+00
 WatBalT  [L]       -0.12083E+00
 WatBalR  [%]              0.255
----------------------------------------------------------

----------------------------------------------------------
 Time       [T]      307.0000
----------------------------------------------------------
 Sub-region num.                     1
----------------------------------------------------------
 Length   [L]        0.15000E+03  0.15000E+03
 W-volume [L]        0.55648E+01  0.55648E+01
 In-flow  [L/T]     -0.45002E-05 -0.45002E-05
 h Mean   [L]       -0.41238E+04 -0.41238E+04
 Top Flux [L/T]      0.99840E-31
 Bot Flux [L/T]     -0.43023E-11
 WatBalT  [L]       -0.12083E+00
 WatBalR  [%]              0.255
----------------------------------------------------------

----------------------------------------------------------
 Time       [T]      308.0000
----------------------------------------------------------
 Sub-region num.                     1
----------------------------------------------------------
 Length   [L]        0.15000E+03  0.15000E+03
 W-volume [L]        0.55648E+01  0.55648E+01
 In-flow  [L/T]     -0.45002E-05 -0.45002E-05
 h Mean   [L]       -0.41238E+04 -0.41238E+04
 Top Flux [L/T]      0.99840E-31
 Bot Flux [L/T]      0.00000E+00
 WatBalT  [L]       -0.12083E+00
 WatBalR  [%]              0.255
----------------------------------------------------------

----------------------------------------------------------
 Time       [T]      309.0000
----------------------------------------------------------
 Sub-region num.                     1
----------------------------------------------------------
 Length   [L]        0.15000E+03  0.15000E+03
 W-volume [L]        0.55648E+01  0.55648E+01
 In-flow  [L/T]     -0.45002E-05 -0.45002E-05
 h Mean   [L]       -0.41238E+04 -0.41238E+04
 Top Flux [L/T]      0.99840E-31
 Bot Flux [L/T]      0.00000E+00
 WatBalT  [L]       -0.12083E+00
 WatBalR  [%]              0.255
----------------------------------------------------------

----------------------------------------------------------
 Time       [T]      310.0000
----------------------------------------------------------
 Sub-region num.                     1
----------------------------------------------------------
 Length   [L]        0.15000E+03  0.15000E+03
 W-volume [L]        0.55648E+01  0.55648E+01
 In-flow  [L/T]     -0.45002E-05 -0.45002E-05
 h Mean   [L]       -0.41238E+04 -0.41238E+04
 Top Flux [L/T]      0.99840E-31
 Bot Flux [L/T]      0.00000E+00
 WatBalT  [L]       -0.12084E+00
 WatBalR  [%]              0.255
----------------------------------------------------------

----------------------------------------------------------
 Time       [T]      311.0000
----------------------------------------------------------
 Sub-region num.                     1
----------------------------------------------------------
 Length   [L]        0.15000E+03  0.15000E+03
 W-volume [L]        0.55648E+01  0.55648E+01
 In-flow  [L/T]     -0.45002E-05 -0.45002E-05
 h Mean   [L]       -0.41238E+04 -0.41238E+04
 Top Flux [L/T]      0.99840E-31
 Bot Flux [L/T]      0.42859E-11
 WatBalT  [L]       -0.12084E+00
 WatBalR  [%]              0.255
----------------------------------------------------------

----------------------------------------------------------
 Time       [T]      312.0000
----------------------------------------------------------
 Sub-region num.                     1
----------------------------------------------------------
 Length   [L]        0.15000E+03  0.15000E+03
 W-volume [L]        0.55648E+01  0.55648E+01
 In-flow  [L/T]     -0.45002E-05 -0.45002E-05
 h Mean   [L]       -0.41238E+04 -0.41238E+04
 Top Flux [L/T]      0.99840E-31
 Bot Flux [L/T]     -0.42818E-11
 WatBalT  [L]       -0.12084E+00
 WatBalR  [%]              0.255
----------------------------------------------------------

----------------------------------------------------------
 Time       [T]      313.0000
----------------------------------------------------------
 Sub-region num.                     1
----------------------------------------------------------
 Length   [L]        0.15000E+03  0.15000E+03
 W-volume [L]        0.55648E+01  0.55648E+01
 In-flow  [L/T]     -0.44703E-05 -0.44703E-05
 h Mean   [L]       -0.41238E+04 -0.41238E+04
 Top Flux [L/T]      0.99840E-31
 Bot Flux [L/T]      0.00000E+00
 WatBalT  [L]       -0.12084E+00
 WatBalR  [%]              0.255
----------------------------------------------------------

----------------------------------------------------------
 Time       [T]      314.0000
----------------------------------------------------------
 Sub-region num.                     1
----------------------------------------------------------
 Length   [L]        0.15000E+03  0.15000E+03
 W-volume [L]        0.55648E+01  0.55648E+01
 In-flow  [L/T]     -0.44703E-05 -0.44703E-05
 h Mean   [L]       -0.41238E+04 -0.41238E+04
 Top Flux [L/T]      0.99840E-31
 Bot Flux [L/T]     -0.42735E-11
 WatBalT  [L]       -0.12084E+00
 WatBalR  [%]              0.255
----------------------------------------------------------

----------------------------------------------------------
 Time       [T]      315.0000
----------------------------------------------------------
 Sub-region num.                     1
----------------------------------------------------------
 Length   [L]        0.15000E+03  0.15000E+03
 W-volume [L]        0.55648E+01  0.55648E+01
 In-flow  [L/T]     -0.44703E-05 -0.44703E-05
 h Mean   [L]       -0.41238E+04 -0.41238E+04
 Top Flux [L/T]      0.99840E-31
 Bot Flux [L/T]     -0.42694E-11
 WatBalT  [L]       -0.12084E+00
 WatBalR  [%]              0.255
----------------------------------------------------------

----------------------------------------------------------
 Time       [T]      316.0000
----------------------------------------------------------
 Sub-region num.                     1
----------------------------------------------------------
 Length   [L]        0.15000E+03  0.15000E+03
 W-volume [L]        0.55648E+01  0.55648E+01
 In-flow  [L/T]     -0.44703E-05 -0.44703E-05
 h Mean   [L]       -0.41238E+04 -0.41238E+04
 Top Flux [L/T]      0.99840E-31
 Bot Flux [L/T]      0.00000E+00
 WatBalT  [L]       -0.12084E+00
 WatBalR  [%]              0.255
----------------------------------------------------------

----------------------------------------------------------
 Time       [T]      317.0000
----------------------------------------------------------
 Sub-region num.                     1
----------------------------------------------------------
 Length   [L]        0.15000E+03  0.15000E+03
 W-volume [L]        0.55648E+01  0.55648E+01
 In-flow  [L/T]     -0.44703E-05 -0.44703E-05
 h Mean   [L]       -0.41238E+04 -0.41238E+04
 Top Flux [L/T]      0.99840E-31
 Bot Flux [L/T]     -0.42613E-11
 WatBalT  [L]       -0.12084E+00
 WatBalR  [%]              0.255
----------------------------------------------------------

----------------------------------------------------------
 Time       [T]      318.0000
----------------------------------------------------------
 Sub-region num.                     1
----------------------------------------------------------
 Length   [L]        0.15000E+03  0.15000E+03
 W-volume [L]        0.55648E+01  0.55648E+01
 In-flow  [L/T]     -0.44703E-05 -0.44703E-05
 h Mean   [L]       -0.41238E+04 -0.41238E+04
 Top Flux [L/T]      0.99840E-31
 Bot Flux [L/T]     -0.42572E-11
 WatBalT  [L]       -0.12084E+00
 WatBalR  [%]              0.255
----------------------------------------------------------

----------------------------------------------------------
 Time       [T]      319.0000
----------------------------------------------------------
 Sub-region num.                     1
----------------------------------------------------------
 Length   [L]        0.15000E+03  0.15000E+03
 W-volume [L]        0.55648E+01  0.55648E+01
 In-flow  [L/T]     -0.44703E-05 -0.44703E-05
 h Mean   [L]       -0.41238E+04 -0.41238E+04
 Top Flux [L/T]      0.99840E-31
 Bot Flux [L/T]      0.00000E+00
 WatBalT  [L]       -0.12084E+00
 WatBalR  [%]              0.255
----------------------------------------------------------

----------------------------------------------------------
 Time       [T]      320.0000
----------------------------------------------------------
 Sub-region num.                     1
----------------------------------------------------------
 Length   [L]        0.15000E+03  0.15000E+03
 W-volume [L]        0.55648E+01  0.55648E+01
 In-flow  [L/T]     -0.44703E-05 -0.44703E-05
 h Mean   [L]       -0.41238E+04 -0.41238E+04
 Top Flux [L/T]      0.99840E-31
 Bot Flux [L/T]      0.00000E+00
 WatBalT  [L]       -0.12084E+00
 WatBalR  [%]              0.255
----------------------------------------------------------

----------------------------------------------------------
 Time       [T]      321.0000
----------------------------------------------------------
 Sub-region num.                     1
----------------------------------------------------------
 Length   [L]        0.15000E+03  0.15000E+03
 W-volume [L]        0.55648E+01  0.55648E+01
 In-flow  [L/T]     -0.44405E-05 -0.44405E-05
 h Mean   [L]       -0.41238E+04 -0.41238E+04
 Top Flux [L/T]      0.99840E-31
 Bot Flux [L/T]      0.00000E+00
 WatBalT  [L]       -0.12084E+00
 WatBalR  [%]              0.255
----------------------------------------------------------

----------------------------------------------------------
 Time       [T]      322.0000
----------------------------------------------------------
 Sub-region num.                     1
----------------------------------------------------------
 Length   [L]        0.15000E+03  0.15000E+03
 W-volume [L]        0.55648E+01  0.55648E+01
 In-flow  [L/T]     -0.44405E-05 -0.44405E-05
 h Mean   [L]       -0.41238E+04 -0.41238E+04
 Top Flux [L/T]      0.99840E-31
 Bot Flux [L/T]      0.00000E+00
 WatBalT  [L]       -0.12084E+00
 WatBalR  [%]              0.255
----------------------------------------------------------

----------------------------------------------------------
 Time       [T]      323.0000
----------------------------------------------------------
 Sub-region num.                     1
----------------------------------------------------------
 Length   [L]        0.15000E+03  0.15000E+03
 W-volume [L]        0.55648E+01  0.55648E+01
 In-flow  [L/T]     -0.44405E-05 -0.44405E-05
 h Mean   [L]       -0.41238E+04 -0.41238E+04
 Top Flux [L/T]      0.99840E-31
 Bot Flux [L/T]      0.00000E+00
 WatBalT  [L]       -0.12085E+00
 WatBalR  [%]              0.255
----------------------------------------------------------

----------------------------------------------------------
 Time       [T]      324.0000
----------------------------------------------------------
 Sub-region num.                     1
----------------------------------------------------------
 Length   [L]        0.15000E+03  0.15000E+03
 W-volume [L]        0.55648E+01  0.55648E+01
 In-flow  [L/T]     -0.44405E-05 -0.44405E-05
 h Mean   [L]       -0.41238E+04 -0.41238E+04
 Top Flux [L/T]      0.99840E-31
 Bot Flux [L/T]      0.00000E+00
 WatBalT  [L]       -0.12085E+00
 WatBalR  [%]              0.255
----------------------------------------------------------

----------------------------------------------------------
 Time       [T]      325.0000
----------------------------------------------------------
 Sub-region num.                     1
----------------------------------------------------------
 Length   [L]        0.15000E+03  0.15000E+03
 W-volume [L]        0.55648E+01  0.55648E+01
 In-flow  [L/T]     -0.44405E-05 -0.44405E-05
 h Mean   [L]       -0.41238E+04 -0.41238E+04
 Top Flux [L/T]      0.99840E-31
 Bot Flux [L/T]      0.00000E+00
 WatBalT  [L]       -0.12085E+00
 WatBalR  [%]              0.255
----------------------------------------------------------

----------------------------------------------------------
 Time       [T]      326.0000
----------------------------------------------------------
 Sub-region num.                     1
----------------------------------------------------------
 Length   [L]        0.15000E+03  0.15000E+03
 W-volume [L]        0.55648E+01  0.55648E+01
 In-flow  [L/T]     -0.44405E-05 -0.44405E-05
 h Mean   [L]       -0.41238E+04 -0.41238E+04
 Top Flux [L/T]      0.99840E-31
 Bot Flux [L/T]      0.00000E+00
 WatBalT  [L]       -0.12085E+00
 WatBalR  [%]              0.255
----------------------------------------------------------

----------------------------------------------------------
 Time       [T]      327.0000
----------------------------------------------------------
 Sub-region num.                     1
----------------------------------------------------------
 Length   [L]        0.15000E+03  0.15000E+03
 W-volume [L]        0.55648E+01  0.55648E+01
 In-flow  [L/T]     -0.44107E-05 -0.44107E-05
 h Mean   [L]       -0.41238E+04 -0.41238E+04
 Top Flux [L/T]      0.99840E-31
 Bot Flux [L/T]      0.00000E+00
 WatBalT  [L]       -0.12085E+00
 WatBalR  [%]              0.255
----------------------------------------------------------

----------------------------------------------------------
 Time       [T]      328.0000
----------------------------------------------------------
 Sub-region num.                     1
----------------------------------------------------------
 Length   [L]        0.15000E+03  0.15000E+03
 W-volume [L]        0.55647E+01  0.55647E+01
 In-flow  [L/T]     -0.44107E-05 -0.44107E-05
 h Mean   [L]       -0.41238E+04 -0.41238E+04
 Top Flux [L/T]      0.99840E-31
 Bot Flux [L/T]      0.00000E+00
 WatBalT  [L]       -0.12085E+00
 WatBalR  [%]              0.255
----------------------------------------------------------

----------------------------------------------------------
 Time       [T]      329.0000
----------------------------------------------------------
 Sub-region num.                     1
----------------------------------------------------------
 Length   [L]        0.15000E+03  0.15000E+03
 W-volume [L]        0.55647E+01  0.55647E+01
 In-flow  [L/T]     -0.44107E-05 -0.44107E-05
 h Mean   [L]       -0.41238E+04 -0.41238E+04
 Top Flux [L/T]      0.99840E-31
 Bot Flux [L/T]      0.00000E+00
 WatBalT  [L]       -0.12085E+00
 WatBalR  [%]              0.255
----------------------------------------------------------

----------------------------------------------------------
 Time       [T]      330.0000
----------------------------------------------------------
 Sub-region num.                     1
----------------------------------------------------------
 Length   [L]        0.15000E+03  0.15000E+03
 W-volume [L]        0.55647E+01  0.55647E+01
 In-flow  [L/T]     -0.44107E-05 -0.44107E-05
 h Mean   [L]       -0.41238E+04 -0.41238E+04
 Top Flux [L/T]      0.99840E-31
 Bot Flux [L/T]      0.00000E+00
 WatBalT  [L]       -0.12085E+00
 WatBalR  [%]              0.255
----------------------------------------------------------

----------------------------------------------------------
 Time       [T]      331.0000
----------------------------------------------------------
 Sub-region num.                     1
----------------------------------------------------------
 Length   [L]        0.15000E+03  0.15000E+03
 W-volume [L]        0.55647E+01  0.55647E+01
 In-flow  [L/T]     -0.44107E-05 -0.44107E-05
 h Mean   [L]       -0.41238E+04 -0.41238E+04
 Top Flux [L/T]      0.99840E-31
 Bot Flux [L/T]      0.00000E+00
 WatBalT  [L]       -0.12085E+00
 WatBalR  [%]              0.255
----------------------------------------------------------

----------------------------------------------------------
 Time       [T]      332.0000
----------------------------------------------------------
 Sub-region num.                     1
----------------------------------------------------------
 Length   [L]        0.15000E+03  0.15000E+03
 W-volume [L]        0.55647E+01  0.55647E+01
 In-flow  [L/T]     -0.44107E-05 -0.44107E-05
 h Mean   [L]       -0.41238E+04 -0.41238E+04
 Top Flux [L/T]      0.99840E-31
 Bot Flux [L/T]      0.00000E+00
 WatBalT  [L]       -0.12085E+00
 WatBalR  [%]              0.255
----------------------------------------------------------

----------------------------------------------------------
 Time       [T]      333.0000
----------------------------------------------------------
 Sub-region num.                     1
----------------------------------------------------------
 Length   [L]        0.15000E+03  0.15000E+03
 W-volume [L]        0.55647E+01  0.55647E+01
 In-flow  [L/T]     -0.44107E-05 -0.44107E-05
 h Mean   [L]       -0.41238E+04 -0.41238E+04
 Top Flux [L/T]      0.99840E-31
 Bot Flux [L/T]      0.00000E+00
 WatBalT  [L]       -0.12085E+00
 WatBalR  [%]              0.255
----------------------------------------------------------

----------------------------------------------------------
 Time       [T]      334.0000
----------------------------------------------------------
 Sub-region num.                     1
----------------------------------------------------------
 Length   [L]        0.15000E+03  0.15000E+03
 W-volume [L]        0.55647E+01  0.55647E+01
 In-flow  [L/T]     -0.44107E-05 -0.44107E-05
 h Mean   [L]       -0.41238E+04 -0.41238E+04
 Top Flux [L/T]      0.99840E-31
 Bot Flux [L/T]      0.00000E+00
 WatBalT  [L]       -0.12085E+00
 WatBalR  [%]              0.255
----------------------------------------------------------

----------------------------------------------------------
 Time       [T]      335.0000
----------------------------------------------------------
 Sub-region num.                     1
----------------------------------------------------------
 Length   [L]        0.15000E+03  0.15000E+03
 W-volume [L]        0.55647E+01  0.55647E+01
 In-flow  [L/T]     -0.43809E-05 -0.43809E-05
 h Mean   [L]       -0.41238E+04 -0.41238E+04
 Top Flux [L/T]      0.99840E-31
 Bot Flux [L/T]      0.00000E+00
 WatBalT  [L]       -0.12085E+00
 WatBalR  [%]              0.255
----------------------------------------------------------

----------------------------------------------------------
 Time       [T]      336.0000
----------------------------------------------------------
 Sub-region num.                     1
----------------------------------------------------------
 Length   [L]        0.15000E+03  0.15000E+03
 W-volume [L]        0.55647E+01  0.55647E+01
 In-flow  [L/T]     -0.43809E-05 -0.43809E-05
 h Mean   [L]       -0.41238E+04 -0.41238E+04
 Top Flux [L/T]      0.99840E-31
 Bot Flux [L/T]      0.00000E+00
 WatBalT  [L]       -0.12085E+00
 WatBalR  [%]              0.255
----------------------------------------------------------

----------------------------------------------------------
 Time       [T]      337.0000
----------------------------------------------------------
 Sub-region num.                     1
----------------------------------------------------------
 Length   [L]        0.15000E+03  0.15000E+03
 W-volume [L]        0.55647E+01  0.55647E+01
 In-flow  [L/T]     -0.43809E-05 -0.43809E-05
 h Mean   [L]       -0.41238E+04 -0.41238E+04
 Top Flux [L/T]      0.99840E-31
 Bot Flux [L/T]      0.00000E+00
 WatBalT  [L]       -0.12085E+00
 WatBalR  [%]              0.255
----------------------------------------------------------

----------------------------------------------------------
 Time       [T]      338.0000
----------------------------------------------------------
 Sub-region num.                     1
----------------------------------------------------------
 Length   [L]        0.15000E+03  0.15000E+03
 W-volume [L]        0.55647E+01  0.55647E+01
 In-flow  [L/T]     -0.43809E-05 -0.43809E-05
 h Mean   [L]       -0.41238E+04 -0.41238E+04
 Top Flux [L/T]      0.99840E-31
 Bot Flux [L/T]      0.00000E+00
 WatBalT  [L]       -0.12085E+00
 WatBalR  [%]              0.255
----------------------------------------------------------

----------------------------------------------------------
 Time       [T]      339.0000
----------------------------------------------------------
 Sub-region num.                     1
----------------------------------------------------------
 Length   [L]        0.15000E+03  0.15000E+03
 W-volume [L]        0.55647E+01  0.55647E+01
 In-flow  [L/T]     -0.43809E-05 -0.43809E-05
 h Mean   [L]       -0.41238E+04 -0.41238E+04
 Top Flux [L/T]      0.99840E-31
 Bot Flux [L/T]      0.00000E+00
 WatBalT  [L]       -0.12085E+00
 WatBalR  [%]              0.255
----------------------------------------------------------

----------------------------------------------------------
 Time       [T]      340.0000
----------------------------------------------------------
 Sub-region num.                     1
----------------------------------------------------------
 Length   [L]        0.15000E+03  0.15000E+03
 W-volume [L]        0.55647E+01  0.55647E+01
 In-flow  [L/T]     -0.43809E-05 -0.43809E-05
 h Mean   [L]       -0.41238E+04 -0.41238E+04
 Top Flux [L/T]      0.99840E-31
 Bot Flux [L/T]      0.00000E+00
 WatBalT  [L]       -0.12086E+00
 WatBalR  [%]              0.255
----------------------------------------------------------

----------------------------------------------------------
 Time       [T]      341.0000
----------------------------------------------------------
 Sub-region num.                     1
----------------------------------------------------------
 Length   [L]        0.15000E+03  0.15000E+03
 W-volume [L]        0.55647E+01  0.55647E+01
 In-flow  [L/T]     -0.43809E-05 -0.43809E-05
 h Mean   [L]       -0.41238E+04 -0.41238E+04
 Top Flux [L/T]      0.99840E-31
 Bot Flux [L/T]      0.00000E+00
 WatBalT  [L]       -0.12086E+00
 WatBalR  [%]              0.255
----------------------------------------------------------

----------------------------------------------------------
 Time       [T]      342.0000
----------------------------------------------------------
 Sub-region num.                     1
----------------------------------------------------------
 Length   [L]        0.15000E+03  0.15000E+03
 W-volume [L]        0.55647E+01  0.55647E+01
 In-flow  [L/T]     -0.43511E-05 -0.43511E-05
 h Mean   [L]       -0.41238E+04 -0.41238E+04
 Top Flux [L/T]      0.99840E-31
 Bot Flux [L/T]      0.00000E+00
 WatBalT  [L]       -0.12086E+00
 WatBalR  [%]              0.255
----------------------------------------------------------

----------------------------------------------------------
 Time       [T]      343.0000
----------------------------------------------------------
 Sub-region num.                     1
----------------------------------------------------------
 Length   [L]        0.15000E+03  0.15000E+03
 W-volume [L]        0.55647E+01  0.55647E+01
 In-flow  [L/T]     -0.43511E-05 -0.43511E-05
 h Mean   [L]       -0.41238E+04 -0.41238E+04
 Top Flux [L/T]      0.99840E-31
 Bot Flux [L/T]      0.00000E+00
 WatBalT  [L]       -0.12086E+00
 WatBalR  [%]              0.255
----------------------------------------------------------

----------------------------------------------------------
 Time       [T]      344.0000
----------------------------------------------------------
 Sub-region num.                     1
----------------------------------------------------------
 Length   [L]        0.15000E+03  0.15000E+03
 W-volume [L]        0.55647E+01  0.55647E+01
 In-flow  [L/T]     -0.43511E-05 -0.43511E-05
 h Mean   [L]       -0.41238E+04 -0.41238E+04
 Top Flux [L/T]      0.99840E-31
 Bot Flux [L/T]      0.00000E+00
 WatBalT  [L]       -0.12086E+00
 WatBalR  [%]              0.255
----------------------------------------------------------

----------------------------------------------------------
 Time       [T]      345.0000
----------------------------------------------------------
 Sub-region num.                     1
----------------------------------------------------------
 Length   [L]        0.15000E+03  0.15000E+03
 W-volume [L]        0.55647E+01  0.55647E+01
 In-flow  [L/T]     -0.43511E-05 -0.43511E-05
 h Mean   [L]       -0.41238E+04 -0.41238E+04
 Top Flux [L/T]      0.99840E-31
 Bot Flux [L/T]      0.00000E+00
 WatBalT  [L]       -0.12086E+00
 WatBalR  [%]              0.255
----------------------------------------------------------

----------------------------------------------------------
 Time       [T]      346.0000
----------------------------------------------------------
 Sub-region num.                     1
----------------------------------------------------------
 Length   [L]        0.15000E+03  0.15000E+03
 W-volume [L]        0.55647E+01  0.55647E+01
 In-flow  [L/T]     -0.43511E-05 -0.43511E-05
 h Mean   [L]       -0.41238E+04 -0.41238E+04
 Top Flux [L/T]      0.99840E-31
 Bot Flux [L/T]      0.00000E+00
 WatBalT  [L]       -0.12086E+00
 WatBalR  [%]              0.255
----------------------------------------------------------

----------------------------------------------------------
 Time       [T]      347.0000
----------------------------------------------------------
 Sub-region num.                     1
----------------------------------------------------------
 Length   [L]        0.15000E+03  0.15000E+03
 W-volume [L]        0.55647E+01  0.55647E+01
 In-flow  [L/T]     -0.43511E-05 -0.43511E-05
 h Mean   [L]       -0.41238E+04 -0.41238E+04
 Top Flux [L/T]      0.99840E-31
 Bot Flux [L/T]      0.00000E+00
 WatBalT  [L]       -0.12086E+00
 WatBalR  [%]              0.255
----------------------------------------------------------

----------------------------------------------------------
 Time       [T]      348.0000
----------------------------------------------------------
 Sub-region num.                     1
----------------------------------------------------------
 Length   [L]        0.15000E+03  0.15000E+03
 W-volume [L]        0.55647E+01  0.55647E+01
 In-flow  [L/T]     -0.43511E-05 -0.43511E-05
 h Mean   [L]       -0.41238E+04 -0.41238E+04
 Top Flux [L/T]      0.99840E-31
 Bot Flux [L/T]      0.00000E+00
 WatBalT  [L]       -0.12086E+00
 WatBalR  [%]              0.255
----------------------------------------------------------

----------------------------------------------------------
 Time       [T]      349.0000
----------------------------------------------------------
 Sub-region num.                     1
----------------------------------------------------------
 Length   [L]        0.15000E+03  0.15000E+03
 W-volume [L]        0.55647E+01  0.55647E+01
 In-flow  [L/T]     -0.43213E-05 -0.43213E-05
 h Mean   [L]       -0.41238E+04 -0.41238E+04
 Top Flux [L/T]      0.99840E-31
 Bot Flux [L/T]      0.00000E+00
 WatBalT  [L]       -0.12086E+00
 WatBalR  [%]              0.255
----------------------------------------------------------

----------------------------------------------------------
 Time       [T]      350.0000
----------------------------------------------------------
 Sub-region num.                     1
----------------------------------------------------------
 Length   [L]        0.15000E+03  0.15000E+03
 W-volume [L]        0.55647E+01  0.55647E+01
 In-flow  [L/T]     -0.43213E-05 -0.43213E-05
 h Mean   [L]       -0.41238E+04 -0.41238E+04
 Top Flux [L/T]      0.99840E-31
 Bot Flux [L/T]      0.00000E+00
 WatBalT  [L]       -0.12086E+00
 WatBalR  [%]              0.255
----------------------------------------------------------

----------------------------------------------------------
 Time       [T]      351.0000
----------------------------------------------------------
 Sub-region num.                     1
----------------------------------------------------------
 Length   [L]        0.15000E+03  0.15000E+03
 W-volume [L]        0.55646E+01  0.55646E+01
 In-flow  [L/T]     -0.43213E-05 -0.43213E-05
 h Mean   [L]       -0.41238E+04 -0.41238E+04
 Top Flux [L/T]      0.99840E-31
 Bot Flux [L/T]      0.00000E+00
 WatBalT  [L]       -0.12086E+00
 WatBalR  [%]              0.255
----------------------------------------------------------

----------------------------------------------------------
 Time       [T]      352.0000
----------------------------------------------------------
 Sub-region num.                     1
----------------------------------------------------------
 Length   [L]        0.15000E+03  0.15000E+03
 W-volume [L]        0.55646E+01  0.55646E+01
 In-flow  [L/T]     -0.43213E-05 -0.43213E-05
 h Mean   [L]       -0.41238E+04 -0.41238E+04
 Top Flux [L/T]      0.99840E-31
 Bot Flux [L/T]      0.00000E+00
 WatBalT  [L]       -0.12086E+00
 WatBalR  [%]              0.255
----------------------------------------------------------

----------------------------------------------------------
 Time       [T]      353.0000
----------------------------------------------------------
 Sub-region num.                     1
----------------------------------------------------------
 Length   [L]        0.15000E+03  0.15000E+03
 W-volume [L]        0.55646E+01  0.55646E+01
 In-flow  [L/T]     -0.43213E-05 -0.43213E-05
 h Mean   [L]       -0.41238E+04 -0.41238E+04
 Top Flux [L/T]      0.99840E-31
 Bot Flux [L/T]      0.00000E+00
 WatBalT  [L]       -0.12086E+00
 WatBalR  [%]              0.255
----------------------------------------------------------

----------------------------------------------------------
 Time       [T]      354.0000
----------------------------------------------------------
 Sub-region num.                     1
----------------------------------------------------------
 Length   [L]        0.15000E+03  0.15000E+03
 W-volume [L]        0.55646E+01  0.55646E+01
 In-flow  [L/T]     -0.43213E-05 -0.43213E-05
 h Mean   [L]       -0.41238E+04 -0.41238E+04
 Top Flux [L/T]      0.99840E-31
 Bot Flux [L/T]      0.00000E+00
 WatBalT  [L]       -0.12086E+00
 WatBalR  [%]              0.255
----------------------------------------------------------

----------------------------------------------------------
 Time       [T]      355.0000
----------------------------------------------------------
 Sub-region num.                     1
----------------------------------------------------------
 Length   [L]        0.15000E+03  0.15000E+03
 W-volume [L]        0.55646E+01  0.55646E+01
 In-flow  [L/T]     -0.43213E-05 -0.43213E-05
 h Mean   [L]       -0.41238E+04 -0.41238E+04
 Top Flux [L/T]      0.99840E-31
 Bot Flux [L/T]      0.00000E+00
 WatBalT  [L]       -0.12086E+00
 WatBalR  [%]              0.255
----------------------------------------------------------

----------------------------------------------------------
 Time       [T]      356.0000
----------------------------------------------------------
 Sub-region num.                     1
----------------------------------------------------------
 Length   [L]        0.15000E+03  0.15000E+03
 W-volume [L]        0.55646E+01  0.55646E+01
 In-flow  [L/T]     -0.42915E-05 -0.42915E-05
 h Mean   [L]       -0.41238E+04 -0.41238E+04
 Top Flux [L/T]      0.99840E-31
 Bot Flux [L/T]      0.00000E+00
 WatBalT  [L]       -0.12086E+00
 WatBalR  [%]              0.255
----------------------------------------------------------

----------------------------------------------------------
 Time       [T]      357.0000
----------------------------------------------------------
 Sub-region num.                     1
----------------------------------------------------------
 Length   [L]        0.15000E+03  0.15000E+03
 W-volume [L]        0.55646E+01  0.55646E+01
 In-flow  [L/T]     -0.42915E-05 -0.42915E-05
 h Mean   [L]       -0.41238E+04 -0.41238E+04
 Top Flux [L/T]      0.99840E-31
 Bot Flux [L/T]      0.00000E+00
 WatBalT  [L]       -0.12086E+00
 WatBalR  [%]              0.255
----------------------------------------------------------

----------------------------------------------------------
 Time       [T]      358.0000
----------------------------------------------------------
 Sub-region num.                     1
----------------------------------------------------------
 Length   [L]        0.15000E+03  0.15000E+03
 W-volume [L]        0.55646E+01  0.55646E+01
 In-flow  [L/T]     -0.42915E-05 -0.42915E-05
 h Mean   [L]       -0.41238E+04 -0.41238E+04
 Top Flux [L/T]      0.99840E-31
 Bot Flux [L/T]      0.00000E+00
 WatBalT  [L]       -0.12086E+00
 WatBalR  [%]              0.255
----------------------------------------------------------

----------------------------------------------------------
 Time       [T]      359.0000
----------------------------------------------------------
 Sub-region num.                     1
----------------------------------------------------------
 Length   [L]        0.15000E+03  0.15000E+03
 W-volume [L]        0.55646E+01  0.55646E+01
 In-flow  [L/T]     -0.42915E-05 -0.42915E-05
 h Mean   [L]       -0.41238E+04 -0.41238E+04
 Top Flux [L/T]      0.99840E-31
 Bot Flux [L/T]      0.00000E+00
 WatBalT  [L]       -0.12086E+00
 WatBalR  [%]              0.255
----------------------------------------------------------

----------------------------------------------------------
 Time       [T]      360.0000
----------------------------------------------------------
 Sub-region num.                     1
----------------------------------------------------------
 Length   [L]        0.15000E+03  0.15000E+03
 W-volume [L]        0.55646E+01  0.55646E+01
 In-flow  [L/T]     -0.42915E-05 -0.42915E-05
 h Mean   [L]       -0.41238E+04 -0.41238E+04
 Top Flux [L/T]      0.99840E-31
 Bot Flux [L/T]      0.00000E+00
 WatBalT  [L]       -0.12086E+00
 WatBalR  [%]              0.255
----------------------------------------------------------

----------------------------------------------------------
 Time       [T]      361.0000
----------------------------------------------------------
 Sub-region num.                     1
----------------------------------------------------------
 Length   [L]        0.15000E+03  0.15000E+03
 W-volume [L]        0.55646E+01  0.55646E+01
 In-flow  [L/T]     -0.42915E-05 -0.42915E-05
 h Mean   [L]       -0.41238E+04 -0.41238E+04
 Top Flux [L/T]      0.99840E-31
 Bot Flux [L/T]      0.00000E+00
 WatBalT  [L]       -0.12086E+00
 WatBalR  [%]              0.255
----------------------------------------------------------

----------------------------------------------------------
 Time       [T]      362.0000
----------------------------------------------------------
 Sub-region num.                     1
----------------------------------------------------------
 Length   [L]        0.15000E+03  0.15000E+03
 W-volume [L]        0.55646E+01  0.55646E+01
 In-flow  [L/T]     -0.42915E-05 -0.42915E-05
 h Mean   [L]       -0.41238E+04 -0.41238E+04
 Top Flux [L/T]      0.99840E-31
 Bot Flux [L/T]      0.00000E+00
 WatBalT  [L]       -0.12086E+00
 WatBalR  [%]              0.255
----------------------------------------------------------

----------------------------------------------------------
 Time       [T]      363.0000
----------------------------------------------------------
 Sub-region num.                     1
----------------------------------------------------------
 Length   [L]        0.15000E+03  0.15000E+03
 W-volume [L]        0.55646E+01  0.55646E+01
 In-flow  [L/T]     -0.42617E-05 -0.42617E-05
 h Mean   [L]       -0.41238E+04 -0.41238E+04
 Top Flux [L/T]      0.99840E-31
 Bot Flux [L/T]      0.00000E+00
 WatBalT  [L]       -0.12087E+00
 WatBalR  [%]              0.255
----------------------------------------------------------

----------------------------------------------------------
 Time       [T]      364.0000
----------------------------------------------------------
 Sub-region num.                     1
----------------------------------------------------------
 Length   [L]        0.15000E+03  0.15000E+03
 W-volume [L]        0.55646E+01  0.55646E+01
 In-flow  [L/T]     -0.42617E-05 -0.42617E-05
 h Mean   [L]       -0.41238E+04 -0.41238E+04
 Top Flux [L/T]      0.99840E-31
 Bot Flux [L/T]      0.00000E+00
 WatBalT  [L]       -0.12087E+00
 WatBalR  [%]              0.255
----------------------------------------------------------

----------------------------------------------------------
 Time       [T]      365.0000
----------------------------------------------------------
 Sub-region num.                     1
----------------------------------------------------------
 Length   [L]        0.15000E+03  0.15000E+03
 W-volume [L]        0.55646E+01  0.55646E+01
 In-flow  [L/T]     -0.42617E-05 -0.42617E-05
 h Mean   [L]       -0.41238E+04 -0.41238E+04
 Top Flux [L/T]      0.99840E-31
 Bot Flux [L/T]      0.00000E+00
 WatBalT  [L]       -0.12087E+00
 WatBalR  [%]              0.255
----------------------------------------------------------

----------------------------------------------------------
 Time       [T]      366.0000
----------------------------------------------------------
 Sub-region num.                     1
----------------------------------------------------------
 Length   [L]        0.15000E+03  0.15000E+03
 W-volume [L]        0.55646E+01  0.55646E+01
 In-flow  [L/T]     -0.42617E-05 -0.42617E-05
 h Mean   [L]       -0.41238E+04 -0.41238E+04
 Top Flux [L/T]      0.99840E-31
 Bot Flux [L/T]      0.00000E+00
 WatBalT  [L]       -0.12087E+00
 WatBalR  [%]              0.255
----------------------------------------------------------

----------------------------------------------------------
 Time       [T]      367.0000
----------------------------------------------------------
 Sub-region num.                     1
----------------------------------------------------------
 Length   [L]        0.15000E+03  0.15000E+03
 W-volume [L]        0.55646E+01  0.55646E+01
 In-flow  [L/T]     -0.42617E-05 -0.42617E-05
 h Mean   [L]       -0.41238E+04 -0.41238E+04
 Top Flux [L/T]      0.99840E-31
 Bot Flux [L/T]      0.00000E+00
 WatBalT  [L]       -0.12087E+00
 WatBalR  [%]              0.255
----------------------------------------------------------

----------------------------------------------------------
 Time       [T]      368.0000
----------------------------------------------------------
 Sub-region num.                     1
----------------------------------------------------------
 Length   [L]        0.15000E+03  0.15000E+03
 W-volume [L]        0.55646E+01  0.55646E+01
 In-flow  [L/T]     -0.42617E-05 -0.42617E-05
 h Mean   [L]       -0.41238E+04 -0.41238E+04
 Top Flux [L/T]      0.99840E-31
 Bot Flux [L/T]      0.00000E+00
 WatBalT  [L]       -0.12087E+00
 WatBalR  [%]              0.255
----------------------------------------------------------

----------------------------------------------------------
 Time       [T]      369.0000
----------------------------------------------------------
 Sub-region num.                     1
----------------------------------------------------------
 Length   [L]        0.15000E+03  0.15000E+03
 W-volume [L]        0.55646E+01  0.55646E+01
 In-flow  [L/T]     -0.42617E-05 -0.42617E-05
 h Mean   [L]       -0.41238E+04 -0.41238E+04
 Top Flux [L/T]      0.99840E-31
 Bot Flux [L/T]      0.00000E+00
 WatBalT  [L]       -0.12087E+00
 WatBalR  [%]              0.255
----------------------------------------------------------

----------------------------------------------------------
 Time       [T]      370.0000
----------------------------------------------------------
 Sub-region num.                     1
----------------------------------------------------------
 Length   [L]        0.15000E+03  0.15000E+03
 W-volume [L]        0.55646E+01  0.55646E+01
 In-flow  [L/T]     -0.42617E-05 -0.42617E-05
 h Mean   [L]       -0.41238E+04 -0.41238E+04
 Top Flux [L/T]      0.99840E-31
 Bot Flux [L/T]      0.00000E+00
 WatBalT  [L]       -0.12087E+00
 WatBalR  [%]              0.255
----------------------------------------------------------

----------------------------------------------------------
 Time       [T]      371.0000
----------------------------------------------------------
 Sub-region num.                     1
----------------------------------------------------------
 Length   [L]        0.15000E+03  0.15000E+03
 W-volume [L]        0.55646E+01  0.55646E+01
 In-flow  [L/T]     -0.42319E-05 -0.42319E-05
 h Mean   [L]       -0.41238E+04 -0.41238E+04
 Top Flux [L/T]      0.99840E-31
 Bot Flux [L/T]      0.00000E+00
 WatBalT  [L]       -0.12087E+00
 WatBalR  [%]              0.256
----------------------------------------------------------

----------------------------------------------------------
 Time       [T]      372.0000
----------------------------------------------------------
 Sub-region num.                     1
----------------------------------------------------------
 Length   [L]        0.15000E+03  0.15000E+03
 W-volume [L]        0.55646E+01  0.55646E+01
 In-flow  [L/T]     -0.42319E-05 -0.42319E-05
 h Mean   [L]       -0.41238E+04 -0.41238E+04
 Top Flux [L/T]      0.99840E-31
 Bot Flux [L/T]      0.00000E+00
 WatBalT  [L]       -0.12087E+00
 WatBalR  [%]              0.256
----------------------------------------------------------

----------------------------------------------------------
 Time       [T]      373.0000
----------------------------------------------------------
 Sub-region num.                     1
----------------------------------------------------------
 Length   [L]        0.15000E+03  0.15000E+03
 W-volume [L]        0.55646E+01  0.55646E+01
 In-flow  [L/T]     -0.42319E-05 -0.42319E-05
 h Mean   [L]       -0.41238E+04 -0.41238E+04
 Top Flux [L/T]      0.99840E-31
 Bot Flux [L/T]      0.00000E+00
 WatBalT  [L]       -0.12087E+00
 WatBalR  [%]              0.256
----------------------------------------------------------

----------------------------------------------------------
 Time       [T]      374.0000
----------------------------------------------------------
 Sub-region num.                     1
----------------------------------------------------------
 Length   [L]        0.15000E+03  0.15000E+03
 W-volume [L]        0.55645E+01  0.55645E+01
 In-flow  [L/T]     -0.42319E-05 -0.42319E-05
 h Mean   [L]       -0.41238E+04 -0.41238E+04
 Top Flux [L/T]      0.99840E-31
 Bot Flux [L/T]      0.00000E+00
 WatBalT  [L]       -0.12087E+00
 WatBalR  [%]              0.256
----------------------------------------------------------

----------------------------------------------------------
 Time       [T]      375.0000
----------------------------------------------------------
 Sub-region num.                     1
----------------------------------------------------------
 Length   [L]        0.15000E+03  0.15000E+03
 W-volume [L]        0.55645E+01  0.55645E+01
 In-flow  [L/T]     -0.42319E-05 -0.42319E-05
 h Mean   [L]       -0.41238E+04 -0.41238E+04
 Top Flux [L/T]      0.99840E-31
 Bot Flux [L/T]      0.00000E+00
 WatBalT  [L]       -0.12087E+00
 WatBalR  [%]              0.256
----------------------------------------------------------

----------------------------------------------------------
 Time       [T]      376.0000
----------------------------------------------------------
 Sub-region num.                     1
----------------------------------------------------------
 Length   [L]        0.15000E+03  0.15000E+03
 W-volume [L]        0.55645E+01  0.55645E+01
 In-flow  [L/T]     -0.42319E-05 -0.42319E-05
 h Mean   [L]       -0.41238E+04 -0.41238E+04
 Top Flux [L/T]      0.99840E-31
 Bot Flux [L/T]      0.00000E+00
 WatBalT  [L]       -0.12087E+00
 WatBalR  [%]              0.256
----------------------------------------------------------

----------------------------------------------------------
 Time       [T]      377.0000
----------------------------------------------------------
 Sub-region num.                     1
----------------------------------------------------------
 Length   [L]        0.15000E+03  0.15000E+03
 W-volume [L]        0.55645E+01  0.55645E+01
 In-flow  [L/T]     -0.42319E-05 -0.42319E-05
 h Mean   [L]       -0.41238E+04 -0.41238E+04
 Top Flux [L/T]      0.99840E-31
 Bot Flux [L/T]      0.00000E+00
 WatBalT  [L]       -0.12087E+00
 WatBalR  [%]              0.256
----------------------------------------------------------

----------------------------------------------------------
 Time       [T]      378.0000
----------------------------------------------------------
 Sub-region num.                     1
----------------------------------------------------------
 Length   [L]        0.15000E+03  0.15000E+03
 W-volume [L]        0.55645E+01  0.55645E+01
 In-flow  [L/T]     -0.42021E-05 -0.42021E-05
 h Mean   [L]       -0.41238E+04 -0.41238E+04
 Top Flux [L/T]      0.99840E-31
 Bot Flux [L/T]      0.00000E+00
 WatBalT  [L]       -0.12087E+00
 WatBalR  [%]              0.256
----------------------------------------------------------

----------------------------------------------------------
 Time       [T]      379.0000
----------------------------------------------------------
 Sub-region num.                     1
----------------------------------------------------------
 Length   [L]        0.15000E+03  0.15000E+03
 W-volume [L]        0.55645E+01  0.55645E+01
 In-flow  [L/T]     -0.42021E-05 -0.42021E-05
 h Mean   [L]       -0.41238E+04 -0.41238E+04
 Top Flux [L/T]      0.99840E-31
 Bot Flux [L/T]      0.00000E+00
 WatBalT  [L]       -0.12087E+00
 WatBalR  [%]              0.256
----------------------------------------------------------

----------------------------------------------------------
 Time       [T]      380.0000
----------------------------------------------------------
 Sub-region num.                     1
----------------------------------------------------------
 Length   [L]        0.15000E+03  0.15000E+03
 W-volume [L]        0.55645E+01  0.55645E+01
 In-flow  [L/T]     -0.42021E-05 -0.42021E-05
 h Mean   [L]       -0.41238E+04 -0.41238E+04
 Top Flux [L/T]      0.99840E-31
 Bot Flux [L/T]      0.00000E+00
 WatBalT  [L]       -0.12087E+00
 WatBalR  [%]              0.256
----------------------------------------------------------

----------------------------------------------------------
 Time       [T]      381.0000
----------------------------------------------------------
 Sub-region num.                     1
----------------------------------------------------------
 Length   [L]        0.15000E+03  0.15000E+03
 W-volume [L]        0.55645E+01  0.55645E+01
 In-flow  [L/T]     -0.42021E-05 -0.42021E-05
 h Mean   [L]       -0.41238E+04 -0.41238E+04
 Top Flux [L/T]      0.99840E-31
 Bot Flux [L/T]      0.00000E+00
 WatBalT  [L]       -0.12087E+00
 WatBalR  [%]              0.256
----------------------------------------------------------

----------------------------------------------------------
 Time       [T]      382.0000
----------------------------------------------------------
 Sub-region num.                     1
----------------------------------------------------------
 Length   [L]        0.15000E+03  0.15000E+03
 W-volume [L]        0.55645E+01  0.55645E+01
 In-flow  [L/T]     -0.42021E-05 -0.42021E-05
 h Mean   [L]       -0.41238E+04 -0.41238E+04
 Top Flux [L/T]      0.99840E-31
 Bot Flux [L/T]      0.00000E+00
 WatBalT  [L]       -0.12087E+00
 WatBalR  [%]              0.256
----------------------------------------------------------

----------------------------------------------------------
 Time       [T]      383.0000
----------------------------------------------------------
 Sub-region num.                     1
----------------------------------------------------------
 Length   [L]        0.15000E+03  0.15000E+03
 W-volume [L]        0.55645E+01  0.55645E+01
 In-flow  [L/T]     -0.42021E-05 -0.42021E-05
 h Mean   [L]       -0.41238E+04 -0.41238E+04
 Top Flux [L/T]      0.99840E-31
 Bot Flux [L/T]      0.00000E+00
 WatBalT  [L]       -0.12087E+00
 WatBalR  [%]              0.256
----------------------------------------------------------

----------------------------------------------------------
 Time       [T]      384.0000
----------------------------------------------------------
 Sub-region num.                     1
----------------------------------------------------------
 Length   [L]        0.15000E+03  0.15000E+03
 W-volume [L]        0.55645E+01  0.55645E+01
 In-flow  [L/T]     -0.42021E-05 -0.42021E-05
 h Mean   [L]       -0.41238E+04 -0.41238E+04
 Top Flux [L/T]      0.99840E-31
 Bot Flux [L/T]      0.00000E+00
 WatBalT  [L]       -0.12088E+00
 WatBalR  [%]              0.256
----------------------------------------------------------

----------------------------------------------------------
 Time       [T]      385.0000
----------------------------------------------------------
 Sub-region num.                     1
----------------------------------------------------------
 Length   [L]        0.15000E+03  0.15000E+03
 W-volume [L]        0.55645E+01  0.55645E+01
 In-flow  [L/T]     -0.42021E-05 -0.42021E-05
 h Mean   [L]       -0.41238E+04 -0.41238E+04
 Top Flux [L/T]      0.99840E-31
 Bot Flux [L/T]      0.00000E+00
 WatBalT  [L]       -0.12088E+00
 WatBalR  [%]              0.256
----------------------------------------------------------

----------------------------------------------------------
 Time       [T]      386.0000
----------------------------------------------------------
 Sub-region num.                     1
----------------------------------------------------------
 Length   [L]        0.15000E+03  0.15000E+03
 W-volume [L]        0.55645E+01  0.55645E+01
 In-flow  [L/T]     -0.41723E-05 -0.41723E-05
 h Mean   [L]       -0.41238E+04 -0.41238E+04
 Top Flux [L/T]      0.99840E-31
 Bot Flux [L/T]      0.00000E+00
 WatBalT  [L]       -0.12088E+00
 WatBalR  [%]              0.256
----------------------------------------------------------

----------------------------------------------------------
 Time       [T]      387.0000
----------------------------------------------------------
 Sub-region num.                     1
----------------------------------------------------------
 Length   [L]        0.15000E+03  0.15000E+03
 W-volume [L]        0.55645E+01  0.55645E+01
 In-flow  [L/T]     -0.41723E-05 -0.41723E-05
 h Mean   [L]       -0.41238E+04 -0.41238E+04
 Top Flux [L/T]      0.99840E-31
 Bot Flux [L/T]      0.00000E+00
 WatBalT  [L]       -0.12088E+00
 WatBalR  [%]              0.256
----------------------------------------------------------

----------------------------------------------------------
 Time       [T]      388.0000
----------------------------------------------------------
 Sub-region num.                     1
----------------------------------------------------------
 Length   [L]        0.15000E+03  0.15000E+03
 W-volume [L]        0.55645E+01  0.55645E+01
 In-flow  [L/T]     -0.41723E-05 -0.41723E-05
 h Mean   [L]       -0.41238E+04 -0.41238E+04
 Top Flux [L/T]      0.99840E-31
 Bot Flux [L/T]      0.00000E+00
 WatBalT  [L]       -0.12088E+00
 WatBalR  [%]              0.256
----------------------------------------------------------

----------------------------------------------------------
 Time       [T]      389.0000
----------------------------------------------------------
 Sub-region num.                     1
----------------------------------------------------------
 Length   [L]        0.15000E+03  0.15000E+03
 W-volume [L]        0.55645E+01  0.55645E+01
 In-flow  [L/T]     -0.41723E-05 -0.41723E-05
 h Mean   [L]       -0.41238E+04 -0.41238E+04
 Top Flux [L/T]      0.99840E-31
 Bot Flux [L/T]      0.00000E+00
 WatBalT  [L]       -0.12088E+00
 WatBalR  [%]              0.256
----------------------------------------------------------

----------------------------------------------------------
 Time       [T]      390.0000
----------------------------------------------------------
 Sub-region num.                     1
----------------------------------------------------------
 Length   [L]        0.15000E+03  0.15000E+03
 W-volume [L]        0.55645E+01  0.55645E+01
 In-flow  [L/T]     -0.41723E-05 -0.41723E-05
 h Mean   [L]       -0.41238E+04 -0.41238E+04
 Top Flux [L/T]      0.99840E-31
 Bot Flux [L/T]      0.00000E+00
 WatBalT  [L]       -0.12088E+00
 WatBalR  [%]              0.256
----------------------------------------------------------

----------------------------------------------------------
 Time       [T]      391.0000
----------------------------------------------------------
 Sub-region num.                     1
----------------------------------------------------------
 Length   [L]        0.15000E+03  0.15000E+03
 W-volume [L]        0.55645E+01  0.55645E+01
 In-flow  [L/T]     -0.41723E-05 -0.41723E-05
 h Mean   [L]       -0.41238E+04 -0.41238E+04
 Top Flux [L/T]      0.99840E-31
 Bot Flux [L/T]      0.00000E+00
 WatBalT  [L]       -0.12088E+00
 WatBalR  [%]              0.256
----------------------------------------------------------

----------------------------------------------------------
 Time       [T]      392.0000
----------------------------------------------------------
 Sub-region num.                     1
----------------------------------------------------------
 Length   [L]        0.15000E+03  0.15000E+03
 W-volume [L]        0.55645E+01  0.55645E+01
 In-flow  [L/T]     -0.41425E-05 -0.41425E-05
 h Mean   [L]       -0.41238E+04 -0.41238E+04
 Top Flux [L/T]      0.99840E-31
 Bot Flux [L/T]      0.00000E+00
 WatBalT  [L]       -0.12088E+00
 WatBalR  [%]              0.256
----------------------------------------------------------

----------------------------------------------------------
 Time       [T]      393.0000
----------------------------------------------------------
 Sub-region num.                     1
----------------------------------------------------------
 Length   [L]        0.15000E+03  0.15000E+03
 W-volume [L]        0.55645E+01  0.55645E+01
 In-flow  [L/T]     -0.41425E-05 -0.41425E-05
 h Mean   [L]       -0.41238E+04 -0.41238E+04
 Top Flux [L/T]      0.99840E-31
 Bot Flux [L/T]      0.00000E+00
 WatBalT  [L]       -0.12088E+00
 WatBalR  [%]              0.256
----------------------------------------------------------

----------------------------------------------------------
 Time       [T]      394.0000
----------------------------------------------------------
 Sub-region num.                     1
----------------------------------------------------------
 Length   [L]        0.15000E+03  0.15000E+03
 W-volume [L]        0.55645E+01  0.55645E+01
 In-flow  [L/T]     -0.41425E-05 -0.41425E-05
 h Mean   [L]       -0.41238E+04 -0.41238E+04
 Top Flux [L/T]      0.99840E-31
 Bot Flux [L/T]      0.00000E+00
 WatBalT  [L]       -0.12088E+00
 WatBalR  [%]              0.256
----------------------------------------------------------

----------------------------------------------------------
 Time       [T]      395.0000
----------------------------------------------------------
 Sub-region num.                     1
----------------------------------------------------------
 Length   [L]        0.15000E+03  0.15000E+03
 W-volume [L]        0.55645E+01  0.55645E+01
 In-flow  [L/T]     -0.41425E-05 -0.41425E-05
 h Mean   [L]       -0.41238E+04 -0.41238E+04
 Top Flux [L/T]      0.99840E-31
 Bot Flux [L/T]      0.00000E+00
 WatBalT  [L]       -0.12088E+00
 WatBalR  [%]              0.256
----------------------------------------------------------

----------------------------------------------------------
 Time       [T]      396.0000
----------------------------------------------------------
 Sub-region num.                     1
----------------------------------------------------------
 Length   [L]        0.15000E+03  0.15000E+03
 W-volume [L]        0.55645E+01  0.55645E+01
 In-flow  [L/T]     -0.41425E-05 -0.41425E-05
 h Mean   [L]       -0.41238E+04 -0.41238E+04
 Top Flux [L/T]      0.99840E-31
 Bot Flux [L/T]      0.00000E+00
 WatBalT  [L]       -0.12088E+00
 WatBalR  [%]              0.256
----------------------------------------------------------

----------------------------------------------------------
 Time       [T]      397.0000
----------------------------------------------------------
 Sub-region num.                     1
----------------------------------------------------------
 Length   [L]        0.15000E+03  0.15000E+03
 W-volume [L]        0.55645E+01  0.55645E+01
 In-flow  [L/T]     -0.41425E-05 -0.41425E-05
 h Mean   [L]       -0.41238E+04 -0.41238E+04
 Top Flux [L/T]      0.99840E-31
 Bot Flux [L/T]      0.00000E+00
 WatBalT  [L]       -0.12088E+00
 WatBalR  [%]              0.256
----------------------------------------------------------

----------------------------------------------------------
 Time       [T]      398.0000
----------------------------------------------------------
 Sub-region num.                     1
----------------------------------------------------------
 Length   [L]        0.15000E+03  0.15000E+03
 W-volume [L]        0.55644E+01  0.55644E+01
 In-flow  [L/T]     -0.41425E-05 -0.41425E-05
 h Mean   [L]       -0.41238E+04 -0.41238E+04
 Top Flux [L/T]      0.99840E-31
 Bot Flux [L/T]      0.00000E+00
 WatBalT  [L]       -0.12088E+00
 WatBalR  [%]              0.256
----------------------------------------------------------

----------------------------------------------------------
 Time       [T]      399.0000
----------------------------------------------------------
 Sub-region num.                     1
----------------------------------------------------------
 Length   [L]        0.15000E+03  0.15000E+03
 W-volume [L]        0.55644E+01  0.55644E+01
 In-flow  [L/T]     -0.41425E-05 -0.41425E-05
 h Mean   [L]       -0.41238E+04 -0.41238E+04
 Top Flux [L/T]      0.99840E-31
 Bot Flux [L/T]      0.00000E+00
 WatBalT  [L]       -0.12088E+00
 WatBalR  [%]              0.256
----------------------------------------------------------

----------------------------------------------------------
 Time       [T]      400.0000
----------------------------------------------------------
 Sub-region num.                     1
----------------------------------------------------------
 Length   [L]        0.15000E+03  0.15000E+03
 W-volume [L]        0.55644E+01  0.55644E+01
 In-flow  [L/T]     -0.41127E-05 -0.41127E-05
 h Mean   [L]       -0.41238E+04 -0.41238E+04
 Top Flux [L/T]      0.99840E-31
 Bot Flux [L/T]      0.00000E+00
 WatBalT  [L]       -0.12088E+00
 WatBalR  [%]              0.256
----------------------------------------------------------

----------------------------------------------------------
 Time       [T]      401.0000
----------------------------------------------------------
 Sub-region num.                     1
----------------------------------------------------------
 Length   [L]        0.15000E+03  0.15000E+03
 W-volume [L]        0.55644E+01  0.55644E+01
 In-flow  [L/T]     -0.41127E-05 -0.41127E-05
 h Mean   [L]       -0.41238E+04 -0.41238E+04
 Top Flux [L/T]      0.99840E-31
 Bot Flux [L/T]      0.00000E+00
 WatBalT  [L]       -0.12088E+00
 WatBalR  [%]              0.256
----------------------------------------------------------

----------------------------------------------------------
 Time       [T]      402.0000
----------------------------------------------------------
 Sub-region num.                     1
----------------------------------------------------------
 Length   [L]        0.15000E+03  0.15000E+03
 W-volume [L]        0.55644E+01  0.55644E+01
 In-flow  [L/T]     -0.41127E-05 -0.41127E-05
 h Mean   [L]       -0.41238E+04 -0.41238E+04
 Top Flux [L/T]      0.99840E-31
 Bot Flux [L/T]      0.00000E+00
 WatBalT  [L]       -0.12088E+00
 WatBalR  [%]              0.256
----------------------------------------------------------

----------------------------------------------------------
 Time       [T]      403.0000
----------------------------------------------------------
 Sub-region num.                     1
----------------------------------------------------------
 Length   [L]        0.15000E+03  0.15000E+03
 W-volume [L]        0.55644E+01  0.55644E+01
 In-flow  [L/T]     -0.41127E-05 -0.41127E-05
 h Mean   [L]       -0.41238E+04 -0.41238E+04
 Top Flux [L/T]      0.99840E-31
 Bot Flux [L/T]      0.00000E+00
 WatBalT  [L]       -0.12088E+00
 WatBalR  [%]              0.256
----------------------------------------------------------

----------------------------------------------------------
 Time       [T]      404.0000
----------------------------------------------------------
 Sub-region num.                     1
----------------------------------------------------------
 Length   [L]        0.15000E+03  0.15000E+03
 W-volume [L]        0.55644E+01  0.55644E+01
 In-flow  [L/T]     -0.41127E-05 -0.41127E-05
 h Mean   [L]       -0.41238E+04 -0.41238E+04
 Top Flux [L/T]      0.99840E-31
 Bot Flux [L/T]      0.00000E+00
 WatBalT  [L]       -0.12088E+00
 WatBalR  [%]              0.256
----------------------------------------------------------

----------------------------------------------------------
 Time       [T]      405.0000
----------------------------------------------------------
 Sub-region num.                     1
----------------------------------------------------------
 Length   [L]        0.15000E+03  0.15000E+03
 W-volume [L]        0.55644E+01  0.55644E+01
 In-flow  [L/T]     -0.41127E-05 -0.41127E-05
 h Mean   [L]       -0.41238E+04 -0.41238E+04
 Top Flux [L/T]      0.99840E-31
 Bot Flux [L/T]      0.00000E+00
 WatBalT  [L]       -0.12088E+00
 WatBalR  [%]              0.256
----------------------------------------------------------

----------------------------------------------------------
 Time       [T]      406.0000
----------------------------------------------------------
 Sub-region num.                     1
----------------------------------------------------------
 Length   [L]        0.15000E+03  0.15000E+03
 W-volume [L]        0.55644E+01  0.55644E+01
 In-flow  [L/T]     -0.41127E-05 -0.41127E-05
 h Mean   [L]       -0.41238E+04 -0.41238E+04
 Top Flux [L/T]      0.99840E-31
 Bot Flux [L/T]      0.00000E+00
 WatBalT  [L]       -0.12088E+00
 WatBalR  [%]              0.256
----------------------------------------------------------

----------------------------------------------------------
 Time       [T]      407.0000
----------------------------------------------------------
 Sub-region num.                     1
----------------------------------------------------------
 Length   [L]        0.15000E+03  0.15000E+03
 W-volume [L]        0.55644E+01  0.55644E+01
 In-flow  [L/T]     -0.41127E-05 -0.41127E-05
 h Mean   [L]       -0.41238E+04 -0.41238E+04
 Top Flux [L/T]      0.99840E-31
 Bot Flux [L/T]      0.00000E+00
 WatBalT  [L]       -0.12088E+00
 WatBalR  [%]              0.256
----------------------------------------------------------

----------------------------------------------------------
 Time       [T]      408.0000
----------------------------------------------------------
 Sub-region num.                     1
----------------------------------------------------------
 Length   [L]        0.15000E+03  0.15000E+03
 W-volume [L]        0.55644E+01  0.55644E+01
 In-flow  [L/T]     -0.40829E-05 -0.40829E-05
 h Mean   [L]       -0.41238E+04 -0.41238E+04
 Top Flux [L/T]      0.99840E-31
 Bot Flux [L/T]      0.00000E+00
 WatBalT  [L]       -0.12088E+00
 WatBalR  [%]              0.256
----------------------------------------------------------

----------------------------------------------------------
 Time       [T]      409.0000
----------------------------------------------------------
 Sub-region num.                     1
----------------------------------------------------------
 Length   [L]        0.15000E+03  0.15000E+03
 W-volume [L]        0.55644E+01  0.55644E+01
 In-flow  [L/T]     -0.40829E-05 -0.40829E-05
 h Mean   [L]       -0.41238E+04 -0.41238E+04
 Top Flux [L/T]      0.99840E-31
 Bot Flux [L/T]      0.00000E+00
 WatBalT  [L]       -0.12088E+00
 WatBalR  [%]              0.256
----------------------------------------------------------

----------------------------------------------------------
 Time       [T]      410.0000
----------------------------------------------------------
 Sub-region num.                     1
----------------------------------------------------------
 Length   [L]        0.15000E+03  0.15000E+03
 W-volume [L]        0.55644E+01  0.55644E+01
 In-flow  [L/T]     -0.40829E-05 -0.40829E-05
 h Mean   [L]       -0.41238E+04 -0.41238E+04
 Top Flux [L/T]      0.99840E-31
 Bot Flux [L/T]      0.00000E+00
 WatBalT  [L]       -0.12088E+00
 WatBalR  [%]              0.256
----------------------------------------------------------

----------------------------------------------------------
 Time       [T]      411.0000
----------------------------------------------------------
 Sub-region num.                     1
----------------------------------------------------------
 Length   [L]        0.15000E+03  0.15000E+03
 W-volume [L]        0.55644E+01  0.55644E+01
 In-flow  [L/T]     -0.40829E-05 -0.40829E-05
 h Mean   [L]       -0.41238E+04 -0.41238E+04
 Top Flux [L/T]      0.99840E-31
 Bot Flux [L/T]      0.00000E+00
 WatBalT  [L]       -0.12088E+00
 WatBalR  [%]              0.256
----------------------------------------------------------

----------------------------------------------------------
 Time       [T]      412.0000
----------------------------------------------------------
 Sub-region num.                     1
----------------------------------------------------------
 Length   [L]        0.15000E+03  0.15000E+03
 W-volume [L]        0.55644E+01  0.55644E+01
 In-flow  [L/T]     -0.40829E-05 -0.40829E-05
 h Mean   [L]       -0.41238E+04 -0.41238E+04
 Top Flux [L/T]      0.99840E-31
 Bot Flux [L/T]      0.00000E+00
 WatBalT  [L]       -0.12088E+00
 WatBalR  [%]              0.256
----------------------------------------------------------

----------------------------------------------------------
 Time       [T]      413.0000
----------------------------------------------------------
 Sub-region num.                     1
----------------------------------------------------------
 Length   [L]        0.15000E+03  0.15000E+03
 W-volume [L]        0.55644E+01  0.55644E+01
 In-flow  [L/T]     -0.40829E-05 -0.40829E-05
 h Mean   [L]       -0.41238E+04 -0.41238E+04
 Top Flux [L/T]      0.99840E-31
 Bot Flux [L/T]      0.00000E+00
 WatBalT  [L]       -0.12088E+00
 WatBalR  [%]              0.256
----------------------------------------------------------

----------------------------------------------------------
 Time       [T]      414.0000
----------------------------------------------------------
 Sub-region num.                     1
----------------------------------------------------------
 Length   [L]        0.15000E+03  0.15000E+03
 W-volume [L]        0.55644E+01  0.55644E+01
 In-flow  [L/T]     -0.40829E-05 -0.40829E-05
 h Mean   [L]       -0.41238E+04 -0.41238E+04
 Top Flux [L/T]      0.99840E-31
 Bot Flux [L/T]      0.00000E+00
 WatBalT  [L]       -0.12088E+00
 WatBalR  [%]              0.256
----------------------------------------------------------

----------------------------------------------------------
 Time       [T]      415.0000
----------------------------------------------------------
 Sub-region num.                     1
----------------------------------------------------------
 Length   [L]        0.15000E+03  0.15000E+03
 W-volume [L]        0.55644E+01  0.55644E+01
 In-flow  [L/T]     -0.40531E-05 -0.40531E-05
 h Mean   [L]       -0.41238E+04 -0.41238E+04
 Top Flux [L/T]      0.99840E-31
 Bot Flux [L/T]      0.00000E+00
 WatBalT  [L]       -0.12088E+00
 WatBalR  [%]              0.256
----------------------------------------------------------

----------------------------------------------------------
 Time       [T]      416.0000
----------------------------------------------------------
 Sub-region num.                     1
----------------------------------------------------------
 Length   [L]        0.15000E+03  0.15000E+03
 W-volume [L]        0.55644E+01  0.55644E+01
 In-flow  [L/T]     -0.40531E-05 -0.40531E-05
 h Mean   [L]       -0.41238E+04 -0.41238E+04
 Top Flux [L/T]      0.99840E-31
 Bot Flux [L/T]      0.00000E+00
 WatBalT  [L]       -0.12088E+00
 WatBalR  [%]              0.256
----------------------------------------------------------

----------------------------------------------------------
 Time       [T]      417.0000
----------------------------------------------------------
 Sub-region num.                     1
----------------------------------------------------------
 Length   [L]        0.15000E+03  0.15000E+03
 W-volume [L]        0.55644E+01  0.55644E+01
 In-flow  [L/T]     -0.40531E-05 -0.40531E-05
 h Mean   [L]       -0.41238E+04 -0.41238E+04
 Top Flux [L/T]      0.99840E-31
 Bot Flux [L/T]      0.00000E+00
 WatBalT  [L]       -0.12089E+00
 WatBalR  [%]              0.256
----------------------------------------------------------

----------------------------------------------------------
 Time       [T]      418.0000
----------------------------------------------------------
 Sub-region num.                     1
----------------------------------------------------------
 Length   [L]        0.15000E+03  0.15000E+03
 W-volume [L]        0.55644E+01  0.55644E+01
 In-flow  [L/T]     -0.40531E-05 -0.40531E-05
 h Mean   [L]       -0.41238E+04 -0.41238E+04
 Top Flux [L/T]      0.99840E-31
 Bot Flux [L/T]      0.00000E+00
 WatBalT  [L]       -0.12089E+00
 WatBalR  [%]              0.256
----------------------------------------------------------

----------------------------------------------------------
 Time       [T]      419.0000
----------------------------------------------------------
 Sub-region num.                     1
----------------------------------------------------------
 Length   [L]        0.15000E+03  0.15000E+03
 W-volume [L]        0.55644E+01  0.55644E+01
 In-flow  [L/T]     -0.40531E-05 -0.40531E-05
 h Mean   [L]       -0.41238E+04 -0.41238E+04
 Top Flux [L/T]      0.99840E-31
 Bot Flux [L/T]      0.00000E+00
 WatBalT  [L]       -0.12089E+00
 WatBalR  [%]              0.256
----------------------------------------------------------

----------------------------------------------------------
 Time       [T]      420.0000
----------------------------------------------------------
 Sub-region num.                     1
----------------------------------------------------------
 Length   [L]        0.15000E+03  0.15000E+03
 W-volume [L]        0.55644E+01  0.55644E+01
 In-flow  [L/T]     -0.40531E-05 -0.40531E-05
 h Mean   [L]       -0.41238E+04 -0.41238E+04
 Top Flux [L/T]      0.99840E-31
 Bot Flux [L/T]      0.00000E+00
 WatBalT  [L]       -0.12089E+00
 WatBalR  [%]              0.256
----------------------------------------------------------

----------------------------------------------------------
 Time       [T]      421.0000
----------------------------------------------------------
 Sub-region num.                     1
----------------------------------------------------------
 Length   [L]        0.15000E+03  0.15000E+03
 W-volume [L]        0.55644E+01  0.55644E+01
 In-flow  [L/T]     -0.40531E-05 -0.40531E-05
 h Mean   [L]       -0.41238E+04 -0.41238E+04
 Top Flux [L/T]      0.99840E-31
 Bot Flux [L/T]      0.00000E+00
 WatBalT  [L]       -0.12089E+00
 WatBalR  [%]              0.256
----------------------------------------------------------

----------------------------------------------------------
 Time       [T]      422.0000
----------------------------------------------------------
 Sub-region num.                     1
----------------------------------------------------------
 Length   [L]        0.15000E+03  0.15000E+03
 W-volume [L]        0.55644E+01  0.55644E+01
 In-flow  [L/T]     -0.40531E-05 -0.40531E-05
 h Mean   [L]       -0.41238E+04 -0.41238E+04
 Top Flux [L/T]      0.99840E-31
 Bot Flux [L/T]      0.00000E+00
 WatBalT  [L]       -0.12089E+00
 WatBalR  [%]              0.256
----------------------------------------------------------

----------------------------------------------------------
 Time       [T]      423.0000
----------------------------------------------------------
 Sub-region num.                     1
----------------------------------------------------------
 Length   [L]        0.15000E+03  0.15000E+03
 W-volume [L]        0.55643E+01  0.55643E+01
 In-flow  [L/T]     -0.40233E-05 -0.40233E-05
 h Mean   [L]       -0.41238E+04 -0.41238E+04
 Top Flux [L/T]      0.99840E-31
 Bot Flux [L/T]      0.00000E+00
 WatBalT  [L]       -0.12089E+00
 WatBalR  [%]              0.256
----------------------------------------------------------

----------------------------------------------------------
 Time       [T]      424.0000
----------------------------------------------------------
 Sub-region num.                     1
----------------------------------------------------------
 Length   [L]        0.15000E+03  0.15000E+03
 W-volume [L]        0.55643E+01  0.55643E+01
 In-flow  [L/T]     -0.40233E-05 -0.40233E-05
 h Mean   [L]       -0.41238E+04 -0.41238E+04
 Top Flux [L/T]      0.99840E-31
 Bot Flux [L/T]      0.00000E+00
 WatBalT  [L]       -0.12089E+00
 WatBalR  [%]              0.256
----------------------------------------------------------

----------------------------------------------------------
 Time       [T]      425.0000
----------------------------------------------------------
 Sub-region num.                     1
----------------------------------------------------------
 Length   [L]        0.15000E+03  0.15000E+03
 W-volume [L]        0.55643E+01  0.55643E+01
 In-flow  [L/T]     -0.40233E-05 -0.40233E-05
 h Mean   [L]       -0.41238E+04 -0.41238E+04
 Top Flux [L/T]      0.99840E-31
 Bot Flux [L/T]      0.00000E+00
 WatBalT  [L]       -0.12089E+00
 WatBalR  [%]              0.256
----------------------------------------------------------

----------------------------------------------------------
 Time       [T]      426.0000
----------------------------------------------------------
 Sub-region num.                     1
----------------------------------------------------------
 Length   [L]        0.15000E+03  0.15000E+03
 W-volume [L]        0.55643E+01  0.55643E+01
 In-flow  [L/T]     -0.40233E-05 -0.40233E-05
 h Mean   [L]       -0.41238E+04 -0.41238E+04
 Top Flux [L/T]      0.99840E-31
 Bot Flux [L/T]      0.00000E+00
 WatBalT  [L]       -0.12089E+00
 WatBalR  [%]              0.256
----------------------------------------------------------

----------------------------------------------------------
 Time       [T]      427.0000
----------------------------------------------------------
 Sub-region num.                     1
----------------------------------------------------------
 Length   [L]        0.15000E+03  0.15000E+03
 W-volume [L]        0.55643E+01  0.55643E+01
 In-flow  [L/T]     -0.40233E-05 -0.40233E-05
 h Mean   [L]       -0.41238E+04 -0.41238E+04
 Top Flux [L/T]      0.99840E-31
 Bot Flux [L/T]      0.00000E+00
 WatBalT  [L]       -0.12089E+00
 WatBalR  [%]              0.256
----------------------------------------------------------

----------------------------------------------------------
 Time       [T]      428.0000
----------------------------------------------------------
 Sub-region num.                     1
----------------------------------------------------------
 Length   [L]        0.15000E+03  0.15000E+03
 W-volume [L]        0.55643E+01  0.55643E+01
 In-flow  [L/T]     -0.40233E-05 -0.40233E-05
 h Mean   [L]       -0.41238E+04 -0.41238E+04
 Top Flux [L/T]      0.99840E-31
 Bot Flux [L/T]      0.00000E+00
 WatBalT  [L]       -0.12089E+00
 WatBalR  [%]              0.256
----------------------------------------------------------

----------------------------------------------------------
 Time       [T]      429.0000
----------------------------------------------------------
 Sub-region num.                     1
----------------------------------------------------------
 Length   [L]        0.15000E+03  0.15000E+03
 W-volume [L]        0.55643E+01  0.55643E+01
 In-flow  [L/T]     -0.40233E-05 -0.40233E-05
 h Mean   [L]       -0.41238E+04 -0.41238E+04
 Top Flux [L/T]      0.99840E-31
 Bot Flux [L/T]      0.00000E+00
 WatBalT  [L]       -0.12089E+00
 WatBalR  [%]              0.256
----------------------------------------------------------

----------------------------------------------------------
 Time       [T]      430.0000
----------------------------------------------------------
 Sub-region num.                     1
----------------------------------------------------------
 Length   [L]        0.15000E+03  0.15000E+03
 W-volume [L]        0.55643E+01  0.55643E+01
 In-flow  [L/T]     -0.39935E-05 -0.39935E-05
 h Mean   [L]       -0.41238E+04 -0.41238E+04
 Top Flux [L/T]      0.99840E-31
 Bot Flux [L/T]      0.00000E+00
 WatBalT  [L]       -0.12089E+00
 WatBalR  [%]              0.256
----------------------------------------------------------

----------------------------------------------------------
 Time       [T]      431.0000
----------------------------------------------------------
 Sub-region num.                     1
----------------------------------------------------------
 Length   [L]        0.15000E+03  0.15000E+03
 W-volume [L]        0.55643E+01  0.55643E+01
 In-flow  [L/T]     -0.39935E-05 -0.39935E-05
 h Mean   [L]       -0.41238E+04 -0.41238E+04
 Top Flux [L/T]      0.99840E-31
 Bot Flux [L/T]      0.00000E+00
 WatBalT  [L]       -0.12089E+00
 WatBalR  [%]              0.256
----------------------------------------------------------

----------------------------------------------------------
 Time       [T]      432.0000
----------------------------------------------------------
 Sub-region num.                     1
----------------------------------------------------------
 Length   [L]        0.15000E+03  0.15000E+03
 W-volume [L]        0.55643E+01  0.55643E+01
 In-flow  [L/T]     -0.39935E-05 -0.39935E-05
 h Mean   [L]       -0.41238E+04 -0.41238E+04
 Top Flux [L/T]      0.99840E-31
 Bot Flux [L/T]      0.00000E+00
 WatBalT  [L]       -0.12089E+00
 WatBalR  [%]              0.256
----------------------------------------------------------

----------------------------------------------------------
 Time       [T]      433.0000
----------------------------------------------------------
 Sub-region num.                     1
----------------------------------------------------------
 Length   [L]        0.15000E+03  0.15000E+03
 W-volume [L]        0.55643E+01  0.55643E+01
 In-flow  [L/T]     -0.39935E-05 -0.39935E-05
 h Mean   [L]       -0.41238E+04 -0.41238E+04
 Top Flux [L/T]      0.99840E-31
 Bot Flux [L/T]      0.00000E+00
 WatBalT  [L]       -0.12089E+00
 WatBalR  [%]              0.256
----------------------------------------------------------

----------------------------------------------------------
 Time       [T]      434.0000
----------------------------------------------------------
 Sub-region num.                     1
----------------------------------------------------------
 Length   [L]        0.15000E+03  0.15000E+03
 W-volume [L]        0.55643E+01  0.55643E+01
 In-flow  [L/T]     -0.39935E-05 -0.39935E-05
 h Mean   [L]       -0.41238E+04 -0.41238E+04
 Top Flux [L/T]      0.99840E-31
 Bot Flux [L/T]      0.00000E+00
 WatBalT  [L]       -0.12089E+00
 WatBalR  [%]              0.256
----------------------------------------------------------

----------------------------------------------------------
 Time       [T]      435.0000
----------------------------------------------------------
 Sub-region num.                     1
----------------------------------------------------------
 Length   [L]        0.15000E+03  0.15000E+03
 W-volume [L]        0.55643E+01  0.55643E+01
 In-flow  [L/T]     -0.39935E-05 -0.39935E-05
 h Mean   [L]       -0.41238E+04 -0.41238E+04
 Top Flux [L/T]      0.99840E-31
 Bot Flux [L/T]      0.00000E+00
 WatBalT  [L]       -0.12089E+00
 WatBalR  [%]              0.256
----------------------------------------------------------

----------------------------------------------------------
 Time       [T]      436.0000
----------------------------------------------------------
 Sub-region num.                     1
----------------------------------------------------------
 Length   [L]        0.15000E+03  0.15000E+03
 W-volume [L]        0.55643E+01  0.55643E+01
 In-flow  [L/T]     -0.39935E-05 -0.39935E-05
 h Mean   [L]       -0.41238E+04 -0.41238E+04
 Top Flux [L/T]      0.99840E-31
 Bot Flux [L/T]      0.00000E+00
 WatBalT  [L]       -0.12089E+00
 WatBalR  [%]              0.256
----------------------------------------------------------

----------------------------------------------------------
 Time       [T]      437.0000
----------------------------------------------------------
 Sub-region num.                     1
----------------------------------------------------------
 Length   [L]        0.15000E+03  0.15000E+03
 W-volume [L]        0.55643E+01  0.55643E+01
 In-flow  [L/T]     -0.39935E-05 -0.39935E-05
 h Mean   [L]       -0.41238E+04 -0.41238E+04
 Top Flux [L/T]      0.99840E-31
 Bot Flux [L/T]      0.00000E+00
 WatBalT  [L]       -0.12089E+00
 WatBalR  [%]              0.256
----------------------------------------------------------

----------------------------------------------------------
 Time       [T]      438.0000
----------------------------------------------------------
 Sub-region num.                     1
----------------------------------------------------------
 Length   [L]        0.15000E+03  0.15000E+03
 W-volume [L]        0.55643E+01  0.55643E+01
 In-flow  [L/T]     -0.39637E-05 -0.39637E-05
 h Mean   [L]       -0.41238E+04 -0.41238E+04
 Top Flux [L/T]      0.99840E-31
 Bot Flux [L/T]      0.00000E+00
 WatBalT  [L]       -0.12089E+00
 WatBalR  [%]              0.256
----------------------------------------------------------

----------------------------------------------------------
 Time       [T]      439.0000
----------------------------------------------------------
 Sub-region num.                     1
----------------------------------------------------------
 Length   [L]        0.15000E+03  0.15000E+03
 W-volume [L]        0.55643E+01  0.55643E+01
 In-flow  [L/T]     -0.39637E-05 -0.39637E-05
 h Mean   [L]       -0.41238E+04 -0.41238E+04
 Top Flux [L/T]      0.99840E-31
 Bot Flux [L/T]      0.00000E+00
 WatBalT  [L]       -0.12089E+00
 WatBalR  [%]              0.256
----------------------------------------------------------

----------------------------------------------------------
 Time       [T]      440.0000
----------------------------------------------------------
 Sub-region num.                     1
----------------------------------------------------------
 Length   [L]        0.15000E+03  0.15000E+03
 W-volume [L]        0.55643E+01  0.55643E+01
 In-flow  [L/T]     -0.39637E-05 -0.39637E-05
 h Mean   [L]       -0.41238E+04 -0.41238E+04
 Top Flux [L/T]      0.99840E-31
 Bot Flux [L/T]      0.00000E+00
 WatBalT  [L]       -0.12089E+00
 WatBalR  [%]              0.256
----------------------------------------------------------

----------------------------------------------------------
 Time       [T]      441.0000
----------------------------------------------------------
 Sub-region num.                     1
----------------------------------------------------------
 Length   [L]        0.15000E+03  0.15000E+03
 W-volume [L]        0.55643E+01  0.55643E+01
 In-flow  [L/T]     -0.39637E-05 -0.39637E-05
 h Mean   [L]       -0.41238E+04 -0.41238E+04
 Top Flux [L/T]      0.99840E-31
 Bot Flux [L/T]      0.00000E+00
 WatBalT  [L]       -0.12089E+00
 WatBalR  [%]              0.256
----------------------------------------------------------

----------------------------------------------------------
 Time       [T]      442.0000
----------------------------------------------------------
 Sub-region num.                     1
----------------------------------------------------------
 Length   [L]        0.15000E+03  0.15000E+03
 W-volume [L]        0.55643E+01  0.55643E+01
 In-flow  [L/T]     -0.39637E-05 -0.39637E-05
 h Mean   [L]       -0.41238E+04 -0.41238E+04
 Top Flux [L/T]      0.99840E-31
 Bot Flux [L/T]      0.00000E+00
 WatBalT  [L]       -0.12089E+00
 WatBalR  [%]              0.256
----------------------------------------------------------

----------------------------------------------------------
 Time       [T]      443.0000
----------------------------------------------------------
 Sub-region num.                     1
----------------------------------------------------------
 Length   [L]        0.15000E+03  0.15000E+03
 W-volume [L]        0.55643E+01  0.55643E+01
 In-flow  [L/T]     -0.39637E-05 -0.39637E-05
 h Mean   [L]       -0.41238E+04 -0.41238E+04
 Top Flux [L/T]      0.99840E-31
 Bot Flux [L/T]      0.00000E+00
 WatBalT  [L]       -0.12089E+00
 WatBalR  [%]              0.256
----------------------------------------------------------

----------------------------------------------------------
 Time       [T]      444.0000
----------------------------------------------------------
 Sub-region num.                     1
----------------------------------------------------------
 Length   [L]        0.15000E+03  0.15000E+03
 W-volume [L]        0.55643E+01  0.55643E+01
 In-flow  [L/T]     -0.39637E-05 -0.39637E-05
 h Mean   [L]       -0.41238E+04 -0.41238E+04
 Top Flux [L/T]      0.99840E-31
 Bot Flux [L/T]      0.00000E+00
 WatBalT  [L]       -0.12089E+00
 WatBalR  [%]              0.256
----------------------------------------------------------

----------------------------------------------------------
 Time       [T]      445.0000
----------------------------------------------------------
 Sub-region num.                     1
----------------------------------------------------------
 Length   [L]        0.15000E+03  0.15000E+03
 W-volume [L]        0.55643E+01  0.55643E+01
 In-flow  [L/T]     -0.39637E-05 -0.39637E-05
 h Mean   [L]       -0.41238E+04 -0.41238E+04
 Top Flux [L/T]      0.99840E-31
 Bot Flux [L/T]      0.00000E+00
 WatBalT  [L]       -0.12089E+00
 WatBalR  [%]              0.256
----------------------------------------------------------

----------------------------------------------------------
 Time       [T]      446.0000
----------------------------------------------------------
 Sub-region num.                     1
----------------------------------------------------------
 Length   [L]        0.15000E+03  0.15000E+03
 W-volume [L]        0.55643E+01  0.55643E+01
 In-flow  [L/T]     -0.39339E-05 -0.39339E-05
 h Mean   [L]       -0.41238E+04 -0.41238E+04
 Top Flux [L/T]      0.99840E-31
 Bot Flux [L/T]      0.00000E+00
 WatBalT  [L]       -0.12089E+00
 WatBalR  [%]              0.256
----------------------------------------------------------

----------------------------------------------------------
 Time       [T]      447.0000
----------------------------------------------------------
 Sub-region num.                     1
----------------------------------------------------------
 Length   [L]        0.15000E+03  0.15000E+03
 W-volume [L]        0.55643E+01  0.55643E+01
 In-flow  [L/T]     -0.39339E-05 -0.39339E-05
 h Mean   [L]       -0.41238E+04 -0.41238E+04
 Top Flux [L/T]      0.99840E-31
 Bot Flux [L/T]      0.00000E+00
 WatBalT  [L]       -0.12089E+00
 WatBalR  [%]              0.256
----------------------------------------------------------

----------------------------------------------------------
 Time       [T]      448.0000
----------------------------------------------------------
 Sub-region num.                     1
----------------------------------------------------------
 Length   [L]        0.15000E+03  0.15000E+03
 W-volume [L]        0.55642E+01  0.55642E+01
 In-flow  [L/T]     -0.39339E-05 -0.39339E-05
 h Mean   [L]       -0.41238E+04 -0.41238E+04
 Top Flux [L/T]      0.99840E-31
 Bot Flux [L/T]      0.00000E+00
 WatBalT  [L]       -0.12089E+00
 WatBalR  [%]              0.256
----------------------------------------------------------

----------------------------------------------------------
 Time       [T]      449.0000
----------------------------------------------------------
 Sub-region num.                     1
----------------------------------------------------------
 Length   [L]        0.15000E+03  0.15000E+03
 W-volume [L]        0.55642E+01  0.55642E+01
 In-flow  [L/T]     -0.39339E-05 -0.39339E-05
 h Mean   [L]       -0.41238E+04 -0.41238E+04
 Top Flux [L/T]      0.99840E-31
 Bot Flux [L/T]      0.00000E+00
 WatBalT  [L]       -0.12089E+00
 WatBalR  [%]              0.256
----------------------------------------------------------

----------------------------------------------------------
 Time       [T]      450.0000
----------------------------------------------------------
 Sub-region num.                     1
----------------------------------------------------------
 Length   [L]        0.15000E+03  0.15000E+03
 W-volume [L]        0.55642E+01  0.55642E+01
 In-flow  [L/T]     -0.39339E-05 -0.39339E-05
 h Mean   [L]       -0.41238E+04 -0.41238E+04
 Top Flux [L/T]      0.99840E-31
 Bot Flux [L/T]      0.00000E+00
 WatBalT  [L]       -0.12089E+00
 WatBalR  [%]              0.256
----------------------------------------------------------

----------------------------------------------------------
 Time       [T]      451.0000
----------------------------------------------------------
 Sub-region num.                     1
----------------------------------------------------------
 Length   [L]        0.15000E+03  0.15000E+03
 W-volume [L]        0.55642E+01  0.55642E+01
 In-flow  [L/T]     -0.39339E-05 -0.39339E-05
 h Mean   [L]       -0.41238E+04 -0.41238E+04
 Top Flux [L/T]      0.99840E-31
 Bot Flux [L/T]      0.00000E+00
 WatBalT  [L]       -0.12089E+00
 WatBalR  [%]              0.256
----------------------------------------------------------

----------------------------------------------------------
 Time       [T]      452.0000
----------------------------------------------------------
 Sub-region num.                     1
----------------------------------------------------------
 Length   [L]        0.15000E+03  0.15000E+03
 W-volume [L]        0.55642E+01  0.55642E+01
 In-flow  [L/T]     -0.39339E-05 -0.39339E-05
 h Mean   [L]       -0.41238E+04 -0.41238E+04
 Top Flux [L/T]      0.99840E-31
 Bot Flux [L/T]      0.00000E+00
 WatBalT  [L]       -0.12089E+00
 WatBalR  [%]              0.256
----------------------------------------------------------

----------------------------------------------------------
 Time       [T]      453.0000
----------------------------------------------------------
 Sub-region num.                     1
----------------------------------------------------------
 Length   [L]        0.15000E+03  0.15000E+03
 W-volume [L]        0.55642E+01  0.55642E+01
 In-flow  [L/T]     -0.39339E-05 -0.39339E-05
 h Mean   [L]       -0.41238E+04 -0.41238E+04
 Top Flux [L/T]      0.99840E-31
 Bot Flux [L/T]      0.00000E+00
 WatBalT  [L]       -0.12089E+00
 WatBalR  [%]              0.256
----------------------------------------------------------

----------------------------------------------------------
 Time       [T]      454.0000
----------------------------------------------------------
 Sub-region num.                     1
----------------------------------------------------------
 Length   [L]        0.15000E+03  0.15000E+03
 W-volume [L]        0.55642E+01  0.55642E+01
 In-flow  [L/T]     -0.39339E-05 -0.39339E-05
 h Mean   [L]       -0.41238E+04 -0.41238E+04
 Top Flux [L/T]      0.99840E-31
 Bot Flux [L/T]      0.00000E+00
 WatBalT  [L]       -0.12089E+00
 WatBalR  [%]              0.256
----------------------------------------------------------

----------------------------------------------------------
 Time       [T]      455.0000
----------------------------------------------------------
 Sub-region num.                     1
----------------------------------------------------------
 Length   [L]        0.15000E+03  0.15000E+03
 W-volume [L]        0.55642E+01  0.55642E+01
 In-flow  [L/T]     -0.39041E-05 -0.39041E-05
 h Mean   [L]       -0.41238E+04 -0.41238E+04
 Top Flux [L/T]      0.99840E-31
 Bot Flux [L/T]      0.00000E+00
 WatBalT  [L]       -0.12089E+00
 WatBalR  [%]              0.256
----------------------------------------------------------

----------------------------------------------------------
 Time       [T]      456.0000
----------------------------------------------------------
 Sub-region num.                     1
----------------------------------------------------------
 Length   [L]        0.15000E+03  0.15000E+03
 W-volume [L]        0.55642E+01  0.55642E+01
 In-flow  [L/T]     -0.39041E-05 -0.39041E-05
 h Mean   [L]       -0.41238E+04 -0.41238E+04
 Top Flux [L/T]      0.99840E-31
 Bot Flux [L/T]      0.00000E+00
 WatBalT  [L]       -0.12089E+00
 WatBalR  [%]              0.256
----------------------------------------------------------

----------------------------------------------------------
 Time       [T]      457.0000
----------------------------------------------------------
 Sub-region num.                     1
----------------------------------------------------------
 Length   [L]        0.15000E+03  0.15000E+03
 W-volume [L]        0.55642E+01  0.55642E+01
 In-flow  [L/T]     -0.39041E-05 -0.39041E-05
 h Mean   [L]       -0.41238E+04 -0.41238E+04
 Top Flux [L/T]      0.99840E-31
 Bot Flux [L/T]      0.00000E+00
 WatBalT  [L]       -0.12089E+00
 WatBalR  [%]              0.256
----------------------------------------------------------

----------------------------------------------------------
 Time       [T]      458.0000
----------------------------------------------------------
 Sub-region num.                     1
----------------------------------------------------------
 Length   [L]        0.15000E+03  0.15000E+03
 W-volume [L]        0.55642E+01  0.55642E+01
 In-flow  [L/T]     -0.39041E-05 -0.39041E-05
 h Mean   [L]       -0.41238E+04 -0.41238E+04
 Top Flux [L/T]      0.99840E-31
 Bot Flux [L/T]      0.00000E+00
 WatBalT  [L]       -0.12089E+00
 WatBalR  [%]              0.256
----------------------------------------------------------

----------------------------------------------------------
 Time       [T]      459.0000
----------------------------------------------------------
 Sub-region num.                     1
----------------------------------------------------------
 Length   [L]        0.15000E+03  0.15000E+03
 W-volume [L]        0.55642E+01  0.55642E+01
 In-flow  [L/T]     -0.39041E-05 -0.39041E-05
 h Mean   [L]       -0.41238E+04 -0.41238E+04
 Top Flux [L/T]      0.99840E-31
 Bot Flux [L/T]      0.00000E+00
 WatBalT  [L]       -0.12089E+00
 WatBalR  [%]              0.256
----------------------------------------------------------

----------------------------------------------------------
 Time       [T]      460.0000
----------------------------------------------------------
 Sub-region num.                     1
----------------------------------------------------------
 Length   [L]        0.15000E+03  0.15000E+03
 W-volume [L]        0.55642E+01  0.55642E+01
 In-flow  [L/T]     -0.39041E-05 -0.39041E-05
 h Mean   [L]       -0.41238E+04 -0.41238E+04
 Top Flux [L/T]      0.99840E-31
 Bot Flux [L/T]      0.00000E+00
 WatBalT  [L]       -0.12089E+00
 WatBalR  [%]              0.256
----------------------------------------------------------

----------------------------------------------------------
 Time       [T]      461.0000
----------------------------------------------------------
 Sub-region num.                     1
----------------------------------------------------------
 Length   [L]        0.15000E+03  0.15000E+03
 W-volume [L]        0.55642E+01  0.55642E+01
 In-flow  [L/T]     -0.39041E-05 -0.39041E-05
 h Mean   [L]       -0.41238E+04 -0.41238E+04
 Top Flux [L/T]      0.99840E-31
 Bot Flux [L/T]      0.00000E+00
 WatBalT  [L]       -0.12089E+00
 WatBalR  [%]              0.256
----------------------------------------------------------

----------------------------------------------------------
 Time       [T]      462.0000
----------------------------------------------------------
 Sub-region num.                     1
----------------------------------------------------------
 Length   [L]        0.15000E+03  0.15000E+03
 W-volume [L]        0.55642E+01  0.55642E+01
 In-flow  [L/T]     -0.38743E-05 -0.38743E-05
 h Mean   [L]       -0.41238E+04 -0.41238E+04
 Top Flux [L/T]      0.99840E-31
 Bot Flux [L/T]      0.00000E+00
 WatBalT  [L]       -0.12089E+00
 WatBalR  [%]              0.256
----------------------------------------------------------

----------------------------------------------------------
 Time       [T]      463.0000
----------------------------------------------------------
 Sub-region num.                     1
----------------------------------------------------------
 Length   [L]        0.15000E+03  0.15000E+03
 W-volume [L]        0.55642E+01  0.55642E+01
 In-flow  [L/T]     -0.38743E-05 -0.38743E-05
 h Mean   [L]       -0.41238E+04 -0.41238E+04
 Top Flux [L/T]      0.99840E-31
 Bot Flux [L/T]      0.00000E+00
 WatBalT  [L]       -0.12089E+00
 WatBalR  [%]              0.256
----------------------------------------------------------

----------------------------------------------------------
 Time       [T]      464.0000
----------------------------------------------------------
 Sub-region num.                     1
----------------------------------------------------------
 Length   [L]        0.15000E+03  0.15000E+03
 W-volume [L]        0.55642E+01  0.55642E+01
 In-flow  [L/T]     -0.38743E-05 -0.38743E-05
 h Mean   [L]       -0.41238E+04 -0.41238E+04
 Top Flux [L/T]      0.99840E-31
 Bot Flux [L/T]      0.00000E+00
 WatBalT  [L]       -0.12089E+00
 WatBalR  [%]              0.256
----------------------------------------------------------

----------------------------------------------------------
 Time       [T]      465.0000
----------------------------------------------------------
 Sub-region num.                     1
----------------------------------------------------------
 Length   [L]        0.15000E+03  0.15000E+03
 W-volume [L]        0.55642E+01  0.55642E+01
 In-flow  [L/T]     -0.38743E-05 -0.38743E-05
 h Mean   [L]       -0.41238E+04 -0.41238E+04
 Top Flux [L/T]      0.99840E-31
 Bot Flux [L/T]      0.00000E+00
 WatBalT  [L]       -0.12089E+00
 WatBalR  [%]              0.256
----------------------------------------------------------

----------------------------------------------------------
 Time       [T]      466.0000
----------------------------------------------------------
 Sub-region num.                     1
----------------------------------------------------------
 Length   [L]        0.15000E+03  0.15000E+03
 W-volume [L]        0.55642E+01  0.55642E+01
 In-flow  [L/T]     -0.38743E-05 -0.38743E-05
 h Mean   [L]       -0.41238E+04 -0.41238E+04
 Top Flux [L/T]      0.99840E-31
 Bot Flux [L/T]      0.00000E+00
 WatBalT  [L]       -0.12089E+00
 WatBalR  [%]              0.256
----------------------------------------------------------

----------------------------------------------------------
 Time       [T]      467.0000
----------------------------------------------------------
 Sub-region num.                     1
----------------------------------------------------------
 Length   [L]        0.15000E+03  0.15000E+03
 W-volume [L]        0.55642E+01  0.55642E+01
 In-flow  [L/T]     -0.38743E-05 -0.38743E-05
 h Mean   [L]       -0.41238E+04 -0.41238E+04
 Top Flux [L/T]      0.99840E-31
 Bot Flux [L/T]      0.00000E+00
 WatBalT  [L]       -0.12089E+00
 WatBalR  [%]              0.256
----------------------------------------------------------

----------------------------------------------------------
 Time       [T]      468.0000
----------------------------------------------------------
 Sub-region num.                     1
----------------------------------------------------------
 Length   [L]        0.15000E+03  0.15000E+03
 W-volume [L]        0.55642E+01  0.55642E+01
 In-flow  [L/T]     -0.38743E-05 -0.38743E-05
 h Mean   [L]       -0.41238E+04 -0.41238E+04
 Top Flux [L/T]      0.99840E-31
 Bot Flux [L/T]      0.00000E+00
 WatBalT  [L]       -0.12089E+00
 WatBalR  [%]              0.256
----------------------------------------------------------

----------------------------------------------------------
 Time       [T]      469.0000
----------------------------------------------------------
 Sub-region num.                     1
----------------------------------------------------------
 Length   [L]        0.15000E+03  0.15000E+03
 W-volume [L]        0.55642E+01  0.55642E+01
 In-flow  [L/T]     -0.38743E-05 -0.38743E-05
 h Mean   [L]       -0.41238E+04 -0.41238E+04
 Top Flux [L/T]      0.99840E-31
 Bot Flux [L/T]      0.00000E+00
 WatBalT  [L]       -0.12089E+00
 WatBalR  [%]              0.256
----------------------------------------------------------

----------------------------------------------------------
 Time       [T]      470.0000
----------------------------------------------------------
 Sub-region num.                     1
----------------------------------------------------------
 Length   [L]        0.15000E+03  0.15000E+03
 W-volume [L]        0.55642E+01  0.55642E+01
 In-flow  [L/T]     -0.38445E-05 -0.38445E-05
 h Mean   [L]       -0.41238E+04 -0.41238E+04
 Top Flux [L/T]      0.99840E-31
 Bot Flux [L/T]      0.00000E+00
 WatBalT  [L]       -0.12089E+00
 WatBalR  [%]              0.256
----------------------------------------------------------

----------------------------------------------------------
 Time       [T]      471.0000
----------------------------------------------------------
 Sub-region num.                     1
----------------------------------------------------------
 Length   [L]        0.15000E+03  0.15000E+03
 W-volume [L]        0.55642E+01  0.55642E+01
 In-flow  [L/T]     -0.38445E-05 -0.38445E-05
 h Mean   [L]       -0.41238E+04 -0.41238E+04
 Top Flux [L/T]      0.99840E-31
 Bot Flux [L/T]      0.00000E+00
 WatBalT  [L]       -0.12089E+00
 WatBalR  [%]              0.256
----------------------------------------------------------

----------------------------------------------------------
 Time       [T]      472.0000
----------------------------------------------------------
 Sub-region num.                     1
----------------------------------------------------------
 Length   [L]        0.15000E+03  0.15000E+03
 W-volume [L]        0.55642E+01  0.55642E+01
 In-flow  [L/T]     -0.38445E-05 -0.38445E-05
 h Mean   [L]       -0.41238E+04 -0.41238E+04
 Top Flux [L/T]      0.99840E-31
 Bot Flux [L/T]      0.00000E+00
 WatBalT  [L]       -0.12089E+00
 WatBalR  [%]              0.256
----------------------------------------------------------

----------------------------------------------------------
 Time       [T]      473.0000
----------------------------------------------------------
 Sub-region num.                     1
----------------------------------------------------------
 Length   [L]        0.15000E+03  0.15000E+03
 W-volume [L]        0.55642E+01  0.55642E+01
 In-flow  [L/T]     -0.38445E-05 -0.38445E-05
 h Mean   [L]       -0.41238E+04 -0.41238E+04
 Top Flux [L/T]      0.99840E-31
 Bot Flux [L/T]      0.00000E+00
 WatBalT  [L]       -0.12089E+00
 WatBalR  [%]              0.256
----------------------------------------------------------

----------------------------------------------------------
 Time       [T]      474.0000
----------------------------------------------------------
 Sub-region num.                     1
----------------------------------------------------------
 Length   [L]        0.15000E+03  0.15000E+03
 W-volume [L]        0.55641E+01  0.55641E+01
 In-flow  [L/T]     -0.38445E-05 -0.38445E-05
 h Mean   [L]       -0.41238E+04 -0.41238E+04
 Top Flux [L/T]      0.99840E-31
 Bot Flux [L/T]      0.00000E+00
 WatBalT  [L]       -0.12089E+00
 WatBalR  [%]              0.256
----------------------------------------------------------

----------------------------------------------------------
 Time       [T]      475.0000
----------------------------------------------------------
 Sub-region num.                     1
----------------------------------------------------------
 Length   [L]        0.15000E+03  0.15000E+03
 W-volume [L]        0.55641E+01  0.55641E+01
 In-flow  [L/T]     -0.38445E-05 -0.38445E-05
 h Mean   [L]       -0.41238E+04 -0.41238E+04
 Top Flux [L/T]      0.99840E-31
 Bot Flux [L/T]      0.00000E+00
 WatBalT  [L]       -0.12089E+00
 WatBalR  [%]              0.256
----------------------------------------------------------

----------------------------------------------------------
 Time       [T]      476.0000
----------------------------------------------------------
 Sub-region num.                     1
----------------------------------------------------------
 Length   [L]        0.15000E+03  0.15000E+03
 W-volume [L]        0.55641E+01  0.55641E+01
 In-flow  [L/T]     -0.38445E-05 -0.38445E-05
 h Mean   [L]       -0.41238E+04 -0.41238E+04
 Top Flux [L/T]      0.99840E-31
 Bot Flux [L/T]      0.00000E+00
 WatBalT  [L]       -0.12089E+00
 WatBalR  [%]              0.256
----------------------------------------------------------

----------------------------------------------------------
 Time       [T]      477.0000
----------------------------------------------------------
 Sub-region num.                     1
----------------------------------------------------------
 Length   [L]        0.15000E+03  0.15000E+03
 W-volume [L]        0.55641E+01  0.55641E+01
 In-flow  [L/T]     -0.38445E-05 -0.38445E-05
 h Mean   [L]       -0.41238E+04 -0.41238E+04
 Top Flux [L/T]      0.99840E-31
 Bot Flux [L/T]      0.00000E+00
 WatBalT  [L]       -0.12089E+00
 WatBalR  [%]              0.256
----------------------------------------------------------

----------------------------------------------------------
 Time       [T]      478.0000
----------------------------------------------------------
 Sub-region num.                     1
----------------------------------------------------------
 Length   [L]        0.15000E+03  0.15000E+03
 W-volume [L]        0.55641E+01  0.55641E+01
 In-flow  [L/T]     -0.38147E-05 -0.38147E-05
 h Mean   [L]       -0.41238E+04 -0.41238E+04
 Top Flux [L/T]      0.99840E-31
 Bot Flux [L/T]      0.00000E+00
 WatBalT  [L]       -0.12089E+00
 WatBalR  [%]              0.256
----------------------------------------------------------

----------------------------------------------------------
 Time       [T]      479.0000
----------------------------------------------------------
 Sub-region num.                     1
----------------------------------------------------------
 Length   [L]        0.15000E+03  0.15000E+03
 W-volume [L]        0.55641E+01  0.55641E+01
 In-flow  [L/T]     -0.38147E-05 -0.38147E-05
 h Mean   [L]       -0.41238E+04 -0.41238E+04
 Top Flux [L/T]      0.99840E-31
 Bot Flux [L/T]      0.00000E+00
 WatBalT  [L]       -0.12089E+00
 WatBalR  [%]              0.256
----------------------------------------------------------

----------------------------------------------------------
 Time       [T]      480.0000
----------------------------------------------------------
 Sub-region num.                     1
----------------------------------------------------------
 Length   [L]        0.15000E+03  0.15000E+03
 W-volume [L]        0.55641E+01  0.55641E+01
 In-flow  [L/T]     -0.38147E-05 -0.38147E-05
 h Mean   [L]       -0.41238E+04 -0.41238E+04
 Top Flux [L/T]      0.99840E-31
 Bot Flux [L/T]      0.00000E+00
 WatBalT  [L]       -0.12089E+00
 WatBalR  [%]              0.256
----------------------------------------------------------

----------------------------------------------------------
 Time       [T]      481.0000
----------------------------------------------------------
 Sub-region num.                     1
----------------------------------------------------------
 Length   [L]        0.15000E+03  0.15000E+03
 W-volume [L]        0.55641E+01  0.55641E+01
 In-flow  [L/T]     -0.38147E-05 -0.38147E-05
 h Mean   [L]       -0.41238E+04 -0.41238E+04
 Top Flux [L/T]      0.99840E-31
 Bot Flux [L/T]      0.00000E+00
 WatBalT  [L]       -0.12089E+00
 WatBalR  [%]              0.256
----------------------------------------------------------

----------------------------------------------------------
 Time       [T]      482.0000
----------------------------------------------------------
 Sub-region num.                     1
----------------------------------------------------------
 Length   [L]        0.15000E+03  0.15000E+03
 W-volume [L]        0.55641E+01  0.55641E+01
 In-flow  [L/T]     -0.38147E-05 -0.38147E-05
 h Mean   [L]       -0.41238E+04 -0.41238E+04
 Top Flux [L/T]      0.99840E-31
 Bot Flux [L/T]      0.00000E+00
 WatBalT  [L]       -0.12089E+00
 WatBalR  [%]              0.256
----------------------------------------------------------

----------------------------------------------------------
 Time       [T]      483.0000
----------------------------------------------------------
 Sub-region num.                     1
----------------------------------------------------------
 Length   [L]        0.15000E+03  0.15000E+03
 W-volume [L]        0.55641E+01  0.55641E+01
 In-flow  [L/T]     -0.38147E-05 -0.38147E-05
 h Mean   [L]       -0.41238E+04 -0.41238E+04
 Top Flux [L/T]      0.99840E-31
 Bot Flux [L/T]      0.00000E+00
 WatBalT  [L]       -0.12089E+00
 WatBalR  [%]              0.256
----------------------------------------------------------

----------------------------------------------------------
 Time       [T]      484.0000
----------------------------------------------------------
 Sub-region num.                     1
----------------------------------------------------------
 Length   [L]        0.15000E+03  0.15000E+03
 W-volume [L]        0.55641E+01  0.55641E+01
 In-flow  [L/T]     -0.38147E-05 -0.38147E-05
 h Mean   [L]       -0.41238E+04 -0.41238E+04
 Top Flux [L/T]      0.99840E-31
 Bot Flux [L/T]      0.00000E+00
 WatBalT  [L]       -0.12089E+00
 WatBalR  [%]              0.256
----------------------------------------------------------

----------------------------------------------------------
 Time       [T]      485.0000
----------------------------------------------------------
 Sub-region num.                     1
----------------------------------------------------------
 Length   [L]        0.15000E+03  0.15000E+03
 W-volume [L]        0.55641E+01  0.55641E+01
 In-flow  [L/T]     -0.38147E-05 -0.38147E-05
 h Mean   [L]       -0.41238E+04 -0.41238E+04
 Top Flux [L/T]      0.99840E-31
 Bot Flux [L/T]      0.00000E+00
 WatBalT  [L]       -0.12089E+00
 WatBalR  [%]              0.256
----------------------------------------------------------

----------------------------------------------------------
 Time       [T]      486.0000
----------------------------------------------------------
 Sub-region num.                     1
----------------------------------------------------------
 Length   [L]        0.15000E+03  0.15000E+03
 W-volume [L]        0.55641E+01  0.55641E+01
 In-flow  [L/T]     -0.38147E-05 -0.38147E-05
 h Mean   [L]       -0.41238E+04 -0.41238E+04
 Top Flux [L/T]      0.99840E-31
 Bot Flux [L/T]      0.00000E+00
 WatBalT  [L]       -0.12089E+00
 WatBalR  [%]              0.256
----------------------------------------------------------

----------------------------------------------------------
 Time       [T]      487.0000
----------------------------------------------------------
 Sub-region num.                     1
----------------------------------------------------------
 Length   [L]        0.15000E+03  0.15000E+03
 W-volume [L]        0.55641E+01  0.55641E+01
 In-flow  [L/T]     -0.37849E-05 -0.37849E-05
 h Mean   [L]       -0.41238E+04 -0.41238E+04
 Top Flux [L/T]      0.99840E-31
 Bot Flux [L/T]      0.00000E+00
 WatBalT  [L]       -0.12089E+00
 WatBalR  [%]              0.256
----------------------------------------------------------

----------------------------------------------------------
 Time       [T]      488.0000
----------------------------------------------------------
 Sub-region num.                     1
----------------------------------------------------------
 Length   [L]        0.15000E+03  0.15000E+03
 W-volume [L]        0.55641E+01  0.55641E+01
 In-flow  [L/T]     -0.37849E-05 -0.37849E-05
 h Mean   [L]       -0.41238E+04 -0.41238E+04
 Top Flux [L/T]      0.99840E-31
 Bot Flux [L/T]      0.00000E+00
 WatBalT  [L]       -0.12089E+00
 WatBalR  [%]              0.256
----------------------------------------------------------

----------------------------------------------------------
 Time       [T]      489.0000
----------------------------------------------------------
 Sub-region num.                     1
----------------------------------------------------------
 Length   [L]        0.15000E+03  0.15000E+03
 W-volume [L]        0.55641E+01  0.55641E+01
 In-flow  [L/T]     -0.37849E-05 -0.37849E-05
 h Mean   [L]       -0.41238E+04 -0.41238E+04
 Top Flux [L/T]      0.99840E-31
 Bot Flux [L/T]      0.00000E+00
 WatBalT  [L]       -0.12089E+00
 WatBalR  [%]              0.256
----------------------------------------------------------

----------------------------------------------------------
 Time       [T]      490.0000
----------------------------------------------------------
 Sub-region num.                     1
----------------------------------------------------------
 Length   [L]        0.15000E+03  0.15000E+03
 W-volume [L]        0.55641E+01  0.55641E+01
 In-flow  [L/T]     -0.37849E-05 -0.37849E-05
 h Mean   [L]       -0.41238E+04 -0.41238E+04
 Top Flux [L/T]      0.99840E-31
 Bot Flux [L/T]      0.00000E+00
 WatBalT  [L]       -0.12089E+00
 WatBalR  [%]              0.256
----------------------------------------------------------

----------------------------------------------------------
 Time       [T]      491.0000
----------------------------------------------------------
 Sub-region num.                     1
----------------------------------------------------------
 Length   [L]        0.15000E+03  0.15000E+03
 W-volume [L]        0.55641E+01  0.55641E+01
 In-flow  [L/T]     -0.37849E-05 -0.37849E-05
 h Mean   [L]       -0.41238E+04 -0.41238E+04
 Top Flux [L/T]      0.99840E-31
 Bot Flux [L/T]      0.00000E+00
 WatBalT  [L]       -0.12089E+00
 WatBalR  [%]              0.256
----------------------------------------------------------

----------------------------------------------------------
 Time       [T]      492.0000
----------------------------------------------------------
 Sub-region num.                     1
----------------------------------------------------------
 Length   [L]        0.15000E+03  0.15000E+03
 W-volume [L]        0.55641E+01  0.55641E+01
 In-flow  [L/T]     -0.37849E-05 -0.37849E-05
 h Mean   [L]       -0.41238E+04 -0.41238E+04
 Top Flux [L/T]      0.99840E-31
 Bot Flux [L/T]      0.00000E+00
 WatBalT  [L]       -0.12089E+00
 WatBalR  [%]              0.256
----------------------------------------------------------

----------------------------------------------------------
 Time       [T]      493.0000
----------------------------------------------------------
 Sub-region num.                     1
----------------------------------------------------------
 Length   [L]        0.15000E+03  0.15000E+03
 W-volume [L]        0.55641E+01  0.55641E+01
 In-flow  [L/T]     -0.37849E-05 -0.37849E-05
 h Mean   [L]       -0.41238E+04 -0.41238E+04
 Top Flux [L/T]      0.99840E-31
 Bot Flux [L/T]      0.00000E+00
 WatBalT  [L]       -0.12089E+00
 WatBalR  [%]              0.256
----------------------------------------------------------

----------------------------------------------------------
 Time       [T]      494.0000
----------------------------------------------------------
 Sub-region num.                     1
----------------------------------------------------------
 Length   [L]        0.15000E+03  0.15000E+03
 W-volume [L]        0.55641E+01  0.55641E+01
 In-flow  [L/T]     -0.37849E-05 -0.37849E-05
 h Mean   [L]       -0.41238E+04 -0.41238E+04
 Top Flux [L/T]      0.99840E-31
 Bot Flux [L/T]      0.00000E+00
 WatBalT  [L]       -0.12089E+00
 WatBalR  [%]              0.256
----------------------------------------------------------

----------------------------------------------------------
 Time       [T]      495.0000
----------------------------------------------------------
 Sub-region num.                     1
----------------------------------------------------------
 Length   [L]        0.15000E+03  0.15000E+03
 W-volume [L]        0.55641E+01  0.55641E+01
 In-flow  [L/T]     -0.37551E-05 -0.37551E-05
 h Mean   [L]       -0.41238E+04 -0.41238E+04
 Top Flux [L/T]      0.99840E-31
 Bot Flux [L/T]      0.00000E+00
 WatBalT  [L]       -0.12089E+00
 WatBalR  [%]              0.256
----------------------------------------------------------

----------------------------------------------------------
 Time       [T]      496.0000
----------------------------------------------------------
 Sub-region num.                     1
----------------------------------------------------------
 Length   [L]        0.15000E+03  0.15000E+03
 W-volume [L]        0.55641E+01  0.55641E+01
 In-flow  [L/T]     -0.37551E-05 -0.37551E-05
 h Mean   [L]       -0.41238E+04 -0.41238E+04
 Top Flux [L/T]      0.99840E-31
 Bot Flux [L/T]      0.00000E+00
 WatBalT  [L]       -0.12089E+00
 WatBalR  [%]              0.256
----------------------------------------------------------

----------------------------------------------------------
 Time       [T]      497.0000
----------------------------------------------------------
 Sub-region num.                     1
----------------------------------------------------------
 Length   [L]        0.15000E+03  0.15000E+03
 W-volume [L]        0.55641E+01  0.55641E+01
 In-flow  [L/T]     -0.37551E-05 -0.37551E-05
 h Mean   [L]       -0.41238E+04 -0.41238E+04
 Top Flux [L/T]      0.99840E-31
 Bot Flux [L/T]      0.00000E+00
 WatBalT  [L]       -0.12089E+00
 WatBalR  [%]              0.256
----------------------------------------------------------

----------------------------------------------------------
 Time       [T]      498.0000
----------------------------------------------------------
 Sub-region num.                     1
----------------------------------------------------------
 Length   [L]        0.15000E+03  0.15000E+03
 W-volume [L]        0.55641E+01  0.55641E+01
 In-flow  [L/T]     -0.37551E-05 -0.37551E-05
 h Mean   [L]       -0.41238E+04 -0.41238E+04
 Top Flux [L/T]      0.99840E-31
 Bot Flux [L/T]      0.00000E+00
 WatBalT  [L]       -0.12089E+00
 WatBalR  [%]              0.256
----------------------------------------------------------

----------------------------------------------------------
 Time       [T]      499.0000
----------------------------------------------------------
 Sub-region num.                     1
----------------------------------------------------------
 Length   [L]        0.15000E+03  0.15000E+03
 W-volume [L]        0.55641E+01  0.55641E+01
 In-flow  [L/T]     -0.37551E-05 -0.37551E-05
 h Mean   [L]       -0.41238E+04 -0.41238E+04
 Top Flux [L/T]      0.99840E-31
 Bot Flux [L/T]      0.00000E+00
 WatBalT  [L]       -0.12089E+00
 WatBalR  [%]              0.256
----------------------------------------------------------

----------------------------------------------------------
 Time       [T]      500.0000
----------------------------------------------------------
 Sub-region num.                     1
----------------------------------------------------------
 Length   [L]        0.15000E+03  0.15000E+03
 W-volume [L]        0.55640E+01  0.55640E+01
 In-flow  [L/T]     -0.37551E-05 -0.37551E-05
 h Mean   [L]       -0.41238E+04 -0.41238E+04
 Top Flux [L/T]      0.99840E-31
 Bot Flux [L/T]      0.00000E+00
 WatBalT  [L]       -0.12089E+00
 WatBalR  [%]              0.256
----------------------------------------------------------

----------------------------------------------------------
 Time       [T]      501.0000
----------------------------------------------------------
 Sub-region num.                     1
----------------------------------------------------------
 Length   [L]        0.15000E+03  0.15000E+03
 W-volume [L]        0.55640E+01  0.55640E+01
 In-flow  [L/T]     -0.37551E-05 -0.37551E-05
 h Mean   [L]       -0.41238E+04 -0.41238E+04
 Top Flux [L/T]      0.99840E-31
 Bot Flux [L/T]      0.00000E+00
 WatBalT  [L]       -0.12089E+00
 WatBalR  [%]              0.256
----------------------------------------------------------

----------------------------------------------------------
 Time       [T]      502.0000
----------------------------------------------------------
 Sub-region num.                     1
----------------------------------------------------------
 Length   [L]        0.15000E+03  0.15000E+03
 W-volume [L]        0.55640E+01  0.55640E+01
 In-flow  [L/T]     -0.37253E-05 -0.37253E-05
 h Mean   [L]       -0.41238E+04 -0.41238E+04
 Top Flux [L/T]      0.99840E-31
 Bot Flux [L/T]      0.00000E+00
 WatBalT  [L]       -0.12089E+00
 WatBalR  [%]              0.256
----------------------------------------------------------

----------------------------------------------------------
 Time       [T]      503.0000
----------------------------------------------------------
 Sub-region num.                     1
----------------------------------------------------------
 Length   [L]        0.15000E+03  0.15000E+03
 W-volume [L]        0.55640E+01  0.55640E+01
 In-flow  [L/T]     -0.37253E-05 -0.37253E-05
 h Mean   [L]       -0.41238E+04 -0.41238E+04
 Top Flux [L/T]      0.99840E-31
 Bot Flux [L/T]      0.00000E+00
 WatBalT  [L]       -0.12089E+00
 WatBalR  [%]              0.256
----------------------------------------------------------

----------------------------------------------------------
 Time       [T]      504.0000
----------------------------------------------------------
 Sub-region num.                     1
----------------------------------------------------------
 Length   [L]        0.15000E+03  0.15000E+03
 W-volume [L]        0.55640E+01  0.55640E+01
 In-flow  [L/T]     -0.37253E-05 -0.37253E-05
 h Mean   [L]       -0.41238E+04 -0.41238E+04
 Top Flux [L/T]      0.99840E-31
 Bot Flux [L/T]      0.00000E+00
 WatBalT  [L]       -0.12089E+00
 WatBalR  [%]              0.256
----------------------------------------------------------

----------------------------------------------------------
 Time       [T]      505.0000
----------------------------------------------------------
 Sub-region num.                     1
----------------------------------------------------------
 Length   [L]        0.15000E+03  0.15000E+03
 W-volume [L]        0.55640E+01  0.55640E+01
 In-flow  [L/T]     -0.37253E-05 -0.37253E-05
 h Mean   [L]       -0.41238E+04 -0.41238E+04
 Top Flux [L/T]      0.99840E-31
 Bot Flux [L/T]      0.00000E+00
 WatBalT  [L]       -0.12089E+00
 WatBalR  [%]              0.256
----------------------------------------------------------

----------------------------------------------------------
 Time       [T]      506.0000
----------------------------------------------------------
 Sub-region num.                     1
----------------------------------------------------------
 Length   [L]        0.15000E+03  0.15000E+03
 W-volume [L]        0.55640E+01  0.55640E+01
 In-flow  [L/T]     -0.37253E-05 -0.37253E-05
 h Mean   [L]       -0.41238E+04 -0.41238E+04
 Top Flux [L/T]      0.99840E-31
 Bot Flux [L/T]      0.00000E+00
 WatBalT  [L]       -0.12089E+00
 WatBalR  [%]              0.256
----------------------------------------------------------

----------------------------------------------------------
 Time       [T]      507.0000
----------------------------------------------------------
 Sub-region num.                     1
----------------------------------------------------------
 Length   [L]        0.15000E+03  0.15000E+03
 W-volume [L]        0.55640E+01  0.55640E+01
 In-flow  [L/T]     -0.37253E-05 -0.37253E-05
 h Mean   [L]       -0.41238E+04 -0.41238E+04
 Top Flux [L/T]      0.99840E-31
 Bot Flux [L/T]      0.00000E+00
 WatBalT  [L]       -0.12089E+00
 WatBalR  [%]              0.256
----------------------------------------------------------

----------------------------------------------------------
 Time       [T]      508.0000
----------------------------------------------------------
 Sub-region num.                     1
----------------------------------------------------------
 Length   [L]        0.15000E+03  0.15000E+03
 W-volume [L]        0.55640E+01  0.55640E+01
 In-flow  [L/T]     -0.37253E-05 -0.37253E-05
 h Mean   [L]       -0.41238E+04 -0.41238E+04
 Top Flux [L/T]      0.99840E-31
 Bot Flux [L/T]      0.00000E+00
 WatBalT  [L]       -0.12089E+00
 WatBalR  [%]              0.256
----------------------------------------------------------

----------------------------------------------------------
 Time       [T]      509.0000
----------------------------------------------------------
 Sub-region num.                     1
----------------------------------------------------------
 Length   [L]        0.15000E+03  0.15000E+03
 W-volume [L]        0.55640E+01  0.55640E+01
 In-flow  [L/T]     -0.37253E-05 -0.37253E-05
 h Mean   [L]       -0.41238E+04 -0.41238E+04
 Top Flux [L/T]      0.99840E-31
 Bot Flux [L/T]      0.00000E+00
 WatBalT  [L]       -0.12089E+00
 WatBalR  [%]              0.256
----------------------------------------------------------

----------------------------------------------------------
 Time       [T]      510.0000
----------------------------------------------------------
 Sub-region num.                     1
----------------------------------------------------------
 Length   [L]        0.15000E+03  0.15000E+03
 W-volume [L]        0.55640E+01  0.55640E+01
 In-flow  [L/T]     -0.37253E-05 -0.37253E-05
 h Mean   [L]       -0.41238E+04 -0.41238E+04
 Top Flux [L/T]      0.99840E-31
 Bot Flux [L/T]      0.00000E+00
 WatBalT  [L]       -0.12089E+00
 WatBalR  [%]              0.256
----------------------------------------------------------

----------------------------------------------------------
 Time       [T]      511.0000
----------------------------------------------------------
 Sub-region num.                     1
----------------------------------------------------------
 Length   [L]        0.15000E+03  0.15000E+03
 W-volume [L]        0.55640E+01  0.55640E+01
 In-flow  [L/T]     -0.36955E-05 -0.36955E-05
 h Mean   [L]       -0.41238E+04 -0.41238E+04
 Top Flux [L/T]      0.99840E-31
 Bot Flux [L/T]      0.00000E+00
 WatBalT  [L]       -0.12089E+00
 WatBalR  [%]              0.256
----------------------------------------------------------

----------------------------------------------------------
 Time       [T]      512.0000
----------------------------------------------------------
 Sub-region num.                     1
----------------------------------------------------------
 Length   [L]        0.15000E+03  0.15000E+03
 W-volume [L]        0.55640E+01  0.55640E+01
 In-flow  [L/T]     -0.36955E-05 -0.36955E-05
 h Mean   [L]       -0.41238E+04 -0.41238E+04
 Top Flux [L/T]      0.99840E-31
 Bot Flux [L/T]      0.00000E+00
 WatBalT  [L]       -0.12089E+00
 WatBalR  [%]              0.256
----------------------------------------------------------

----------------------------------------------------------
 Time       [T]      513.0000
----------------------------------------------------------
 Sub-region num.                     1
----------------------------------------------------------
 Length   [L]        0.15000E+03  0.15000E+03
 W-volume [L]        0.55640E+01  0.55640E+01
 In-flow  [L/T]     -0.36955E-05 -0.36955E-05
 h Mean   [L]       -0.41238E+04 -0.41238E+04
 Top Flux [L/T]      0.99840E-31
 Bot Flux [L/T]      0.00000E+00
 WatBalT  [L]       -0.12089E+00
 WatBalR  [%]              0.256
----------------------------------------------------------

----------------------------------------------------------
 Time       [T]      514.0000
----------------------------------------------------------
 Sub-region num.                     1
----------------------------------------------------------
 Length   [L]        0.15000E+03  0.15000E+03
 W-volume [L]        0.55640E+01  0.55640E+01
 In-flow  [L/T]     -0.36955E-05 -0.36955E-05
 h Mean   [L]       -0.41238E+04 -0.41238E+04
 Top Flux [L/T]      0.99840E-31
 Bot Flux [L/T]      0.00000E+00
 WatBalT  [L]       -0.12089E+00
 WatBalR  [%]              0.256
----------------------------------------------------------

----------------------------------------------------------
 Time       [T]      515.0000
----------------------------------------------------------
 Sub-region num.                     1
----------------------------------------------------------
 Length   [L]        0.15000E+03  0.15000E+03
 W-volume [L]        0.55640E+01  0.55640E+01
 In-flow  [L/T]     -0.36955E-05 -0.36955E-05
 h Mean   [L]       -0.41238E+04 -0.41238E+04
 Top Flux [L/T]      0.99840E-31
 Bot Flux [L/T]      0.00000E+00
 WatBalT  [L]       -0.12089E+00
 WatBalR  [%]              0.256
----------------------------------------------------------

----------------------------------------------------------
 Time       [T]      516.0000
----------------------------------------------------------
 Sub-region num.                     1
----------------------------------------------------------
 Length   [L]        0.15000E+03  0.15000E+03
 W-volume [L]        0.55640E+01  0.55640E+01
 In-flow  [L/T]     -0.36955E-05 -0.36955E-05
 h Mean   [L]       -0.41238E+04 -0.41238E+04
 Top Flux [L/T]      0.99840E-31
 Bot Flux [L/T]      0.00000E+00
 WatBalT  [L]       -0.12089E+00
 WatBalR  [%]              0.256
----------------------------------------------------------

----------------------------------------------------------
 Time       [T]      517.0000
----------------------------------------------------------
 Sub-region num.                     1
----------------------------------------------------------
 Length   [L]        0.15000E+03  0.15000E+03
 W-volume [L]        0.55640E+01  0.55640E+01
 In-flow  [L/T]     -0.36955E-05 -0.36955E-05
 h Mean   [L]       -0.41238E+04 -0.41238E+04
 Top Flux [L/T]      0.99840E-31
 Bot Flux [L/T]      0.00000E+00
 WatBalT  [L]       -0.12089E+00
 WatBalR  [%]              0.256
----------------------------------------------------------

----------------------------------------------------------
 Time       [T]      518.0000
----------------------------------------------------------
 Sub-region num.                     1
----------------------------------------------------------
 Length   [L]        0.15000E+03  0.15000E+03
 W-volume [L]        0.55640E+01  0.55640E+01
 In-flow  [L/T]     -0.36955E-05 -0.36955E-05
 h Mean   [L]       -0.41238E+04 -0.41238E+04
 Top Flux [L/T]      0.99840E-31
 Bot Flux [L/T]      0.00000E+00
 WatBalT  [L]       -0.12089E+00
 WatBalR  [%]              0.256
----------------------------------------------------------

----------------------------------------------------------
 Time       [T]      519.0000
----------------------------------------------------------
 Sub-region num.                     1
----------------------------------------------------------
 Length   [L]        0.15000E+03  0.15000E+03
 W-volume [L]        0.55640E+01  0.55640E+01
 In-flow  [L/T]     -0.36657E-05 -0.36657E-05
 h Mean   [L]       -0.41238E+04 -0.41238E+04
 Top Flux [L/T]      0.99840E-31
 Bot Flux [L/T]      0.00000E+00
 WatBalT  [L]       -0.12089E+00
 WatBalR  [%]              0.256
----------------------------------------------------------

----------------------------------------------------------
 Time       [T]      520.0000
----------------------------------------------------------
 Sub-region num.                     1
----------------------------------------------------------
 Length   [L]        0.15000E+03  0.15000E+03
 W-volume [L]        0.55640E+01  0.55640E+01
 In-flow  [L/T]     -0.36657E-05 -0.36657E-05
 h Mean   [L]       -0.41238E+04 -0.41238E+04
 Top Flux [L/T]      0.99840E-31
 Bot Flux [L/T]      0.00000E+00
 WatBalT  [L]       -0.12089E+00
 WatBalR  [%]              0.256
----------------------------------------------------------

----------------------------------------------------------
 Time       [T]      521.0000
----------------------------------------------------------
 Sub-region num.                     1
----------------------------------------------------------
 Length   [L]        0.15000E+03  0.15000E+03
 W-volume [L]        0.55640E+01  0.55640E+01
 In-flow  [L/T]     -0.36657E-05 -0.36657E-05
 h Mean   [L]       -0.41238E+04 -0.41238E+04
 Top Flux [L/T]      0.99840E-31
 Bot Flux [L/T]      0.00000E+00
 WatBalT  [L]       -0.12089E+00
 WatBalR  [%]              0.256
----------------------------------------------------------

----------------------------------------------------------
 Time       [T]      522.0000
----------------------------------------------------------
 Sub-region num.                     1
----------------------------------------------------------
 Length   [L]        0.15000E+03  0.15000E+03
 W-volume [L]        0.55640E+01  0.55640E+01
 In-flow  [L/T]     -0.36657E-05 -0.36657E-05
 h Mean   [L]       -0.41238E+04 -0.41238E+04
 Top Flux [L/T]      0.99840E-31
 Bot Flux [L/T]      0.00000E+00
 WatBalT  [L]       -0.12089E+00
 WatBalR  [%]              0.256
----------------------------------------------------------

----------------------------------------------------------
 Time       [T]      523.0000
----------------------------------------------------------
 Sub-region num.                     1
----------------------------------------------------------
 Length   [L]        0.15000E+03  0.15000E+03
 W-volume [L]        0.55640E+01  0.55640E+01
 In-flow  [L/T]     -0.36657E-05 -0.36657E-05
 h Mean   [L]       -0.41238E+04 -0.41238E+04
 Top Flux [L/T]      0.99840E-31
 Bot Flux [L/T]      0.00000E+00
 WatBalT  [L]       -0.12089E+00
 WatBalR  [%]              0.256
----------------------------------------------------------

----------------------------------------------------------
 Time       [T]      524.0000
----------------------------------------------------------
 Sub-region num.                     1
----------------------------------------------------------
 Length   [L]        0.15000E+03  0.15000E+03
 W-volume [L]        0.55640E+01  0.55640E+01
 In-flow  [L/T]     -0.36657E-05 -0.36657E-05
 h Mean   [L]       -0.41238E+04 -0.41238E+04
 Top Flux [L/T]      0.99840E-31
 Bot Flux [L/T]      0.00000E+00
 WatBalT  [L]       -0.12089E+00
 WatBalR  [%]              0.256
----------------------------------------------------------

----------------------------------------------------------
 Time       [T]      525.0000
----------------------------------------------------------
 Sub-region num.                     1
----------------------------------------------------------
 Length   [L]        0.15000E+03  0.15000E+03
 W-volume [L]        0.55640E+01  0.55640E+01
 In-flow  [L/T]     -0.36657E-05 -0.36657E-05
 h Mean   [L]       -0.41238E+04 -0.41238E+04
 Top Flux [L/T]      0.99840E-31
 Bot Flux [L/T]      0.00000E+00
 WatBalT  [L]       -0.12089E+00
 WatBalR  [%]              0.256
----------------------------------------------------------

----------------------------------------------------------
 Time       [T]      526.0000
----------------------------------------------------------
 Sub-region num.                     1
----------------------------------------------------------
 Length   [L]        0.15000E+03  0.15000E+03
 W-volume [L]        0.55640E+01  0.55640E+01
 In-flow  [L/T]     -0.36657E-05 -0.36657E-05
 h Mean   [L]       -0.41238E+04 -0.41238E+04
 Top Flux [L/T]      0.99840E-31
 Bot Flux [L/T]      0.00000E+00
 WatBalT  [L]       -0.12089E+00
 WatBalR  [%]              0.256
----------------------------------------------------------

----------------------------------------------------------
 Time       [T]      527.0000
----------------------------------------------------------
 Sub-region num.                     1
----------------------------------------------------------
 Length   [L]        0.15000E+03  0.15000E+03
 W-volume [L]        0.55639E+01  0.55639E+01
 In-flow  [L/T]     -0.36657E-05 -0.36657E-05
 h Mean   [L]       -0.41238E+04 -0.41238E+04
 Top Flux [L/T]      0.99840E-31
 Bot Flux [L/T]      0.00000E+00
 WatBalT  [L]       -0.12089E+00
 WatBalR  [%]              0.256
----------------------------------------------------------

----------------------------------------------------------
 Time       [T]      528.0000
----------------------------------------------------------
 Sub-region num.                     1
----------------------------------------------------------
 Length   [L]        0.15000E+03  0.15000E+03
 W-volume [L]        0.55639E+01  0.55639E+01
 In-flow  [L/T]     -0.36359E-05 -0.36359E-05
 h Mean   [L]       -0.41238E+04 -0.41238E+04
 Top Flux [L/T]      0.99840E-31
 Bot Flux [L/T]      0.00000E+00
 WatBalT  [L]       -0.12089E+00
 WatBalR  [%]              0.256
----------------------------------------------------------

----------------------------------------------------------
 Time       [T]      529.0000
----------------------------------------------------------
 Sub-region num.                     1
----------------------------------------------------------
 Length   [L]        0.15000E+03  0.15000E+03
 W-volume [L]        0.69237E+01  0.69237E+01
 In-flow  [L/T]      0.97569E+00  0.97569E+00
 h Mean   [L]       -0.75875E+03 -0.75875E+03
 Top Flux [L/T]     -0.10650E+01
 Bot Flux [L/T]      0.00000E+00
 WatBalT  [L]       -0.12052E+00
 WatBalR  [%]              0.247
----------------------------------------------------------

----------------------------------------------------------
 Time       [T]      530.0000
----------------------------------------------------------
 Sub-region num.                     1
----------------------------------------------------------
 Length   [L]        0.15000E+03  0.15000E+03
 W-volume [L]        0.76750E+01  0.76750E+01
 In-flow  [L/T]      0.64270E+00  0.64270E+00
 h Mean   [L]       -0.73757E+03 -0.73757E+03
 Top Flux [L/T]     -0.74663E+00
 Bot Flux [L/T]      0.00000E+00
 WatBalT  [L]       -0.12037E+00
 WatBalR  [%]              0.242
----------------------------------------------------------

----------------------------------------------------------
 Time       [T]      531.0000
----------------------------------------------------------
 Sub-region num.                     1
----------------------------------------------------------
 Length   [L]        0.15000E+03  0.15000E+03
 W-volume [L]        0.82639E+01  0.82639E+01
 In-flow  [L/T]      0.53205E+00  0.53205E+00
 h Mean   [L]       -0.71958E+03 -0.71958E+03
 Top Flux [L/T]     -0.64719E+00
 Bot Flux [L/T]      0.00000E+00
 WatBalT  [L]       -0.12049E+00
 WatBalR  [%]              0.239
----------------------------------------------------------

----------------------------------------------------------
 Time       [T]      532.0000
----------------------------------------------------------
 Sub-region num.                     1
----------------------------------------------------------
 Length   [L]        0.15000E+03  0.15000E+03
 W-volume [L]        0.87972E+01  0.87972E+01
 In-flow  [L/T]      0.51393E+00  0.51393E+00
 h Mean   [L]       -0.70603E+03 -0.70603E+03
 Top Flux [L/T]     -0.60521E+00
 Bot Flux [L/T]      0.00000E+00
 WatBalT  [L]       -0.12092E+00
 WatBalR  [%]              0.236
----------------------------------------------------------

----------------------------------------------------------
 Time       [T]      533.0000
----------------------------------------------------------
 Sub-region num.                     1
----------------------------------------------------------
 Length   [L]        0.15000E+03  0.15000E+03
 W-volume [L]        0.92637E+01  0.92637E+01
 In-flow  [L/T]      0.44315E+00  0.44315E+00
 h Mean   [L]       -0.69510E+03 -0.69510E+03
 Top Flux [L/T]     -0.58503E+00
 Bot Flux [L/T]      0.00000E+00
 WatBalT  [L]       -0.12010E+00
 WatBalR  [%]              0.231
----------------------------------------------------------

----------------------------------------------------------
 Time       [T]      534.0000
----------------------------------------------------------
 Sub-region num.                     1
----------------------------------------------------------
 Length   [L]        0.15000E+03  0.15000E+03
 W-volume [L]        0.97963E+01  0.97963E+01
 In-flow  [L/T]      0.52783E+00  0.52783E+00
 h Mean   [L]       -0.68410E+03 -0.68410E+03
 Top Flux [L/T]     -0.55862E+00
 Bot Flux [L/T]      0.00000E+00
 WatBalT  [L]       -0.12394E+00
 WatBalR  [%]              0.236
----------------------------------------------------------

----------------------------------------------------------
 Time       [T]      535.0000
----------------------------------------------------------
 Sub-region num.                     1
----------------------------------------------------------
 Length   [L]        0.15000E+03  0.15000E+03
 W-volume [L]        0.96723E+01  0.96723E+01
 In-flow  [L/T]     -0.12797E+00 -0.12797E+00
 h Mean   [L]       -0.68462E+03 -0.68462E+03
 Top Flux [L/T]     -0.30639E-02
 Bot Flux [L/T]      0.00000E+00
 WatBalT  [L]       -0.11991E+00
 WatBalR  [%]              0.228
----------------------------------------------------------

----------------------------------------------------------
 Time       [T]      536.0000
----------------------------------------------------------
 Sub-region num.                     1
----------------------------------------------------------
 Length   [L]        0.15000E+03  0.15000E+03
 W-volume [L]        0.94859E+01  0.94859E+01
 In-flow  [L/T]     -0.20586E+00 -0.20586E+00
 h Mean   [L]       -0.68502E+03 -0.68502E+03
 Top Flux [L/T]     -0.16093E-02
 Bot Flux [L/T]      0.00000E+00
 WatBalT  [L]       -0.10044E+00
 WatBalR  [%]              0.190
----------------------------------------------------------

----------------------------------------------------------
 Time       [T]      537.0000
----------------------------------------------------------
 Sub-region num.                     1
----------------------------------------------------------
 Length   [L]        0.15000E+03  0.15000E+03
 W-volume [L]        0.92643E+01  0.92643E+01
 In-flow  [L/T]     -0.22951E+00 -0.22951E+00
 h Mean   [L]       -0.68544E+03 -0.68544E+03
 Top Flux [L/T]     -0.14191E-02
 Bot Flux [L/T]      0.00000E+00
 WatBalT  [L]       -0.92550E-01
 WatBalR  [%]              0.174
----------------------------------------------------------

----------------------------------------------------------
 Time       [T]      538.0000
----------------------------------------------------------
 Sub-region num.                     1
----------------------------------------------------------
 Length   [L]        0.15000E+03  0.15000E+03
 W-volume [L]        0.90577E+01  0.90577E+01
 In-flow  [L/T]     -0.18361E+00 -0.18361E+00
 h Mean   [L]       -0.68582E+03 -0.68582E+03
 Top Flux [L/T]     -0.12594E-02
 Bot Flux [L/T]      0.00000E+00
 WatBalT  [L]       -0.11550E+00
 WatBalR  [%]              0.217
----------------------------------------------------------

----------------------------------------------------------
 Time       [T]      539.0000
----------------------------------------------------------
 Sub-region num.                     1
----------------------------------------------------------
 Length   [L]        0.15000E+03  0.15000E+03
 W-volume [L]        0.88491E+01  0.88491E+01
 In-flow  [L/T]     -0.23368E+00 -0.23368E+00
 h Mean   [L]       -0.68624E+03 -0.68624E+03
 Top Flux [L/T]     -0.93224E-03
 Bot Flux [L/T]      0.00000E+00
 WatBalT  [L]       -0.90462E-01
 WatBalR  [%]              0.169
----------------------------------------------------------

----------------------------------------------------------
 Time       [T]      540.0000
----------------------------------------------------------
 Sub-region num.                     1
----------------------------------------------------------
 Length   [L]        0.15000E+03  0.15000E+03
 W-volume [L]        0.85800E+01  0.85800E+01
 In-flow  [L/T]     -0.30462E+00 -0.30462E+00
 h Mean   [L]       -0.68680E+03 -0.68680E+03
 Top Flux [L/T]     -0.56725E-03
 Bot Flux [L/T]      0.00000E+00
 WatBalT  [L]       -0.54991E-01
 WatBalR  [%]              0.102
----------------------------------------------------------

----------------------------------------------------------
 Time       [T]      541.0000
----------------------------------------------------------
 Sub-region num.                     1
----------------------------------------------------------
 Length   [L]        0.15000E+03  0.15000E+03
 W-volume [L]        0.82934E+01  0.82934E+01
 In-flow  [L/T]     -0.26846E+00 -0.26846E+00
 h Mean   [L]       -0.68749E+03 -0.68749E+03
 Top Flux [L/T]     -0.27328E-03
 Bot Flux [L/T]      0.00000E+00
 WatBalT  [L]       -0.73069E-01
 WatBalR  [%]              0.135
----------------------------------------------------------

----------------------------------------------------------
 Time       [T]      542.0000
----------------------------------------------------------
 Sub-region num.                     1
----------------------------------------------------------
 Length   [L]        0.15000E+03  0.15000E+03
 W-volume [L]        0.80465E+01  0.80465E+01
 In-flow  [L/T]     -0.22534E+00 -0.22534E+00
 h Mean   [L]       -0.68819E+03 -0.68819E+03
 Top Flux [L/T]     -0.30145E-03
 Bot Flux [L/T]      0.00000E+00
 WatBalT  [L]       -0.94629E-01
 WatBalR  [%]              0.174
----------------------------------------------------------

----------------------------------------------------------
 Time       [T]      543.0000
----------------------------------------------------------
 Sub-region num.                     1
----------------------------------------------------------
 Length   [L]        0.15000E+03  0.15000E+03
 W-volume [L]        0.78128E+01  0.78128E+01
 In-flow  [L/T]     -0.24203E+00 -0.24203E+00
 h Mean   [L]       -0.68898E+03 -0.68898E+03
 Top Flux [L/T]     -0.34948E-03
 Bot Flux [L/T]      0.00000E+00
 WatBalT  [L]       -0.86283E-01
 WatBalR  [%]              0.158
----------------------------------------------------------

----------------------------------------------------------
 Time       [T]      544.0000
----------------------------------------------------------
 Sub-region num.                     1
----------------------------------------------------------
 Length   [L]        0.15000E+03  0.15000E+03
 W-volume [L]        0.76035E+01  0.76035E+01
 In-flow  [L/T]     -0.17665E+00 -0.17665E+00
 h Mean   [L]       -0.68981E+03 -0.68981E+03
 Top Flux [L/T]     -0.39516E-03
 Bot Flux [L/T]      0.00000E+00
 WatBalT  [L]       -0.11897E+00
 WatBalR  [%]              0.217
----------------------------------------------------------

----------------------------------------------------------
 Time       [T]      545.0000
----------------------------------------------------------
 Sub-region num.                     1
----------------------------------------------------------
 Length   [L]        0.15000E+03  0.15000E+03
 W-volume [L]        0.74554E+01  0.74554E+01
 In-flow  [L/T]     -0.11963E+00 -0.11963E+00
 h Mean   [L]       -0.69055E+03 -0.69055E+03
 Top Flux [L/T]     -0.41666E-03
 Bot Flux [L/T]      0.00000E+00
 WatBalT  [L]       -0.14748E+00
 WatBalR  [%]              0.269
----------------------------------------------------------

----------------------------------------------------------
 Time       [T]      546.0000
----------------------------------------------------------
 Sub-region num.                     1
----------------------------------------------------------
 Length   [L]        0.15000E+03  0.15000E+03
 W-volume [L]        0.72926E+01  0.72926E+01
 In-flow  [L/T]     -0.20586E+00 -0.20586E+00
 h Mean   [L]       -0.69145E+03 -0.69145E+03
 Top Flux [L/T]     -0.44448E-03
 Bot Flux [L/T]      0.00000E+00
 WatBalT  [L]       -0.10437E+00
 WatBalR  [%]              0.190
----------------------------------------------------------

----------------------------------------------------------
 Time       [T]      547.0000
----------------------------------------------------------
 Sub-region num.                     1
----------------------------------------------------------
 Length   [L]        0.15000E+03  0.15000E+03
 W-volume [L]        0.71160E+01  0.71160E+01
 In-flow  [L/T]     -0.14744E+00 -0.14744E+00
 h Mean   [L]       -0.69273E+03 -0.69273E+03
 Top Flux [L/T]     -0.47542E-03
 Bot Flux [L/T]      0.00000E+00
 WatBalT  [L]       -0.13358E+00
 WatBalR  [%]              0.242
----------------------------------------------------------

----------------------------------------------------------
 Time       [T]      548.0000
----------------------------------------------------------
 Sub-region num.                     1
----------------------------------------------------------
 Length   [L]        0.15000E+03  0.15000E+03
 W-volume [L]        0.69407E+01  0.69407E+01
 In-flow  [L/T]     -0.20308E+00 -0.20308E+00
 h Mean   [L]       -0.69434E+03 -0.69434E+03
 Top Flux [L/T]     -0.49995E-03
 Bot Flux [L/T]      0.00000E+00
 WatBalT  [L]       -0.10576E+00
 WatBalR  [%]              0.191
----------------------------------------------------------

----------------------------------------------------------
 Time       [T]      549.0000
----------------------------------------------------------
 Sub-region num.                     1
----------------------------------------------------------
 Length   [L]        0.15000E+03  0.15000E+03
 W-volume [L]        0.78894E+01  0.78894E+01
 In-flow  [L/T]      0.64351E+00  0.64351E+00
 h Mean   [L]       -0.69178E+03 -0.69178E+03
 Top Flux [L/T]     -0.85281E+00
 Bot Flux [L/T]      0.00000E+00
 WatBalT  [L]       -0.10582E+00
 WatBalR  [%]              0.186
----------------------------------------------------------

----------------------------------------------------------
 Time       [T]      550.0000
----------------------------------------------------------
 Sub-region num.                     1
----------------------------------------------------------
 Length   [L]        0.15000E+03  0.15000E+03
 W-volume [L]        0.77540E+01  0.77540E+01
 In-flow  [L/T]     -0.13493E+00 -0.13493E+00
 h Mean   [L]       -0.69330E+03 -0.69330E+03
 Top Flux [L/T]     -0.25321E-02
 Bot Flux [L/T]      0.00000E+00
 WatBalT  [L]       -0.10632E+00
 WatBalR  [%]              0.187
----------------------------------------------------------

----------------------------------------------------------
 Time       [T]      551.0000
----------------------------------------------------------
 Sub-region num.                     1
----------------------------------------------------------
 Length   [L]        0.15000E+03  0.15000E+03
 W-volume [L]        0.83526E+01  0.83526E+01
 In-flow  [L/T]      0.52113E+00  0.52113E+00
 h Mean   [L]       -0.69113E+03 -0.69113E+03
 Top Flux [L/T]     -0.67632E+00
 Bot Flux [L/T]      0.00000E+00
 WatBalT  [L]       -0.10558E+00
 WatBalR  [%]              0.182
----------------------------------------------------------

----------------------------------------------------------
 Time       [T]      552.0000
----------------------------------------------------------
 Sub-region num.                     1
----------------------------------------------------------
 Length   [L]        0.15000E+03  0.15000E+03
 W-volume [L]        0.81471E+01  0.81471E+01
 In-flow  [L/T]     -0.20586E+00 -0.20586E+00
 h Mean   [L]       -0.69381E+03 -0.69381E+03
 Top Flux [L/T]     -0.32337E-02
 Bot Flux [L/T]      0.00000E+00
 WatBalT  [L]       -0.10521E+00
 WatBalR  [%]              0.181
----------------------------------------------------------

----------------------------------------------------------
 Time       [T]      553.0000
----------------------------------------------------------
 Sub-region num.                     1
----------------------------------------------------------
 Length   [L]        0.15000E+03  0.15000E+03
 W-volume [L]        0.86897E+01  0.86897E+01
 In-flow  [L/T]      0.47618E+00  0.47618E+00
 h Mean   [L]       -0.69288E+03 -0.69288E+03
 Top Flux [L/T]     -0.62697E+00
 Bot Flux [L/T]      0.00000E+00
 WatBalT  [L]       -0.10606E+00
 WatBalR  [%]              0.180
----------------------------------------------------------

----------------------------------------------------------
 Time       [T]      554.0000
----------------------------------------------------------
 Sub-region num.                     1
----------------------------------------------------------
 Length   [L]        0.15000E+03  0.15000E+03
 W-volume [L]        0.84520E+01  0.84520E+01
 In-flow  [L/T]     -0.23754E+00 -0.23754E+00
 h Mean   [L]       -0.69937E+03 -0.69937E+03
 Top Flux [L/T]     -0.34606E-02
 Bot Flux [L/T]      0.00000E+00
 WatBalT  [L]       -0.10568E+00
 WatBalR  [%]              0.179
----------------------------------------------------------

----------------------------------------------------------
 Time       [T]      555.0000
----------------------------------------------------------
 Sub-region num.                     1
----------------------------------------------------------
 Length   [L]        0.15000E+03  0.15000E+03
 W-volume [L]        0.89560E+01  0.89560E+01
 In-flow  [L/T]      0.45596E+00  0.45596E+00
 h Mean   [L]       -0.69946E+03 -0.69946E+03
 Top Flux [L/T]     -0.60457E+00
 Bot Flux [L/T]      0.00000E+00
 WatBalT  [L]       -0.10693E+00
 WatBalR  [%]              0.178
----------------------------------------------------------

----------------------------------------------------------
 Time       [T]      556.0000
----------------------------------------------------------
 Sub-region num.                     1
----------------------------------------------------------
 Length   [L]        0.15000E+03  0.15000E+03
 W-volume [L]        0.87385E+01  0.87385E+01
 In-flow  [L/T]     -0.21254E+00 -0.21254E+00
 h Mean   [L]       -0.70451E+03 -0.70451E+03
 Top Flux [L/T]     -0.33475E-02
 Bot Flux [L/T]      0.00000E+00
 WatBalT  [L]       -0.10783E+00
 WatBalR  [%]              0.179
----------------------------------------------------------

----------------------------------------------------------
 Time       [T]      557.0000
----------------------------------------------------------
 Sub-region num.                     1
----------------------------------------------------------
 Length   [L]        0.15000E+03  0.15000E+03
 W-volume [L]        0.92444E+01  0.92444E+01
 In-flow  [L/T]      0.43383E+00  0.43383E+00
 h Mean   [L]       -0.69513E+03 -0.69513E+03
 Top Flux [L/T]     -0.59086E+00
 Bot Flux [L/T]      0.00000E+00
 WatBalT  [L]       -0.10848E+00
 WatBalR  [%]              0.178
----------------------------------------------------------

----------------------------------------------------------
 Time       [T]      558.0000
----------------------------------------------------------
 Sub-region num.                     1
----------------------------------------------------------
 Length   [L]        0.15000E+03  0.15000E+03
 W-volume [L]        0.96820E+01  0.96820E+01
 In-flow  [L/T]      0.42969E+00  0.42969E+00
 h Mean   [L]       -0.68440E+03 -0.68440E+03
 Top Flux [L/T]     -0.56746E+00
 Bot Flux [L/T]      0.00000E+00
 WatBalT  [L]       -0.10899E+00
 WatBalR  [%]              0.176
----------------------------------------------------------

----------------------------------------------------------
 Time       [T]      559.0000
----------------------------------------------------------
 Sub-region num.                     1
----------------------------------------------------------
 Length   [L]        0.15000E+03  0.15000E+03
 W-volume [L]        0.94467E+01  0.94467E+01
 In-flow  [L/T]     -0.23925E+00 -0.23925E+00
 h Mean   [L]       -0.68514E+03 -0.68514E+03
 Top Flux [L/T]     -0.35271E-02
 Bot Flux [L/T]      0.00000E+00
 WatBalT  [L]       -0.10505E+00
 WatBalR  [%]              0.169
----------------------------------------------------------

----------------------------------------------------------
 Time       [T]      560.0000
----------------------------------------------------------
 Sub-region num.                     1
----------------------------------------------------------
 Length   [L]        0.15000E+03  0.15000E+03
 W-volume [L]        0.92028E+01  0.92028E+01
 In-flow  [L/T]     -0.24620E+00 -0.24620E+00
 h Mean   [L]       -0.68565E+03 -0.68565E+03
 Top Flux [L/T]     -0.14866E-02
 Bot Flux [L/T]      0.00000E+00
 WatBalT  [L]       -0.10273E+00
 WatBalR  [%]              0.165
----------------------------------------------------------

----------------------------------------------------------
 Time       [T]      561.0000
----------------------------------------------------------
 Sub-region num.                     1
----------------------------------------------------------
 Length   [L]        0.15000E+03  0.15000E+03
 W-volume [L]        0.89628E+01  0.89628E+01
 In-flow  [L/T]     -0.23368E+00 -0.23368E+00
 h Mean   [L]       -0.68615E+03 -0.68615E+03
 Top Flux [L/T]     -0.15064E-02
 Bot Flux [L/T]      0.00000E+00
 WatBalT  [L]       -0.10898E+00
 WatBalR  [%]              0.174
----------------------------------------------------------

----------------------------------------------------------
 Time       [T]      562.0000
----------------------------------------------------------
 Sub-region num.                     1
----------------------------------------------------------
 Length   [L]        0.15000E+03  0.15000E+03
 W-volume [L]        0.87139E+01  0.87139E+01
 In-flow  [L/T]     -0.26428E+00 -0.26428E+00
 h Mean   [L]       -0.68671E+03 -0.68671E+03
 Top Flux [L/T]     -0.11859E-02
 Bot Flux [L/T]      0.00000E+00
 WatBalT  [L]       -0.93679E-01
 WatBalR  [%]              0.149
----------------------------------------------------------

----------------------------------------------------------
 Time       [T]      563.0000
----------------------------------------------------------
 Sub-region num.                     1
----------------------------------------------------------
 Length   [L]        0.15000E+03  0.15000E+03
 W-volume [L]        0.84551E+01  0.84551E+01
 In-flow  [L/T]     -0.25316E+00 -0.25316E+00
 h Mean   [L]       -0.68736E+03 -0.68736E+03
 Top Flux [L/T]     -0.74684E-03
 Bot Flux [L/T]      0.00000E+00
 WatBalT  [L]       -0.99241E-01
 WatBalR  [%]              0.157
----------------------------------------------------------

----------------------------------------------------------
 Time       [T]      564.0000
----------------------------------------------------------
 Sub-region num.                     1
----------------------------------------------------------
 Length   [L]        0.15000E+03  0.15000E+03
 W-volume [L]        0.82048E+01  0.82048E+01
 In-flow  [L/T]     -0.24759E+00 -0.24759E+00
 h Mean   [L]       -0.68811E+03 -0.68811E+03
 Top Flux [L/T]     -0.32934E-03
 Bot Flux [L/T]      0.00000E+00
 WatBalT  [L]       -0.10202E+00
 WatBalR  [%]              0.161
----------------------------------------------------------

----------------------------------------------------------
 Time       [T]      565.0000
----------------------------------------------------------
 Sub-region num.                     1
----------------------------------------------------------
 Length   [L]        0.15000E+03  0.15000E+03
 W-volume [L]        0.79780E+01  0.79780E+01
 In-flow  [L/T]     -0.20586E+00 -0.20586E+00
 h Mean   [L]       -0.68893E+03 -0.68893E+03
 Top Flux [L/T]     -0.28299E-03
 Bot Flux [L/T]      0.00000E+00
 WatBalT  [L]       -0.12289E+00
 WatBalR  [%]              0.194
----------------------------------------------------------

----------------------------------------------------------
 Time       [T]      566.0000
----------------------------------------------------------
 Sub-region num.                     1
----------------------------------------------------------
 Length   [L]        0.15000E+03  0.15000E+03
 W-volume [L]        0.77631E+01  0.77631E+01
 In-flow  [L/T]     -0.22395E+00 -0.22395E+00
 h Mean   [L]       -0.68991E+03 -0.68991E+03
 Top Flux [L/T]     -0.32878E-03
 Bot Flux [L/T]      0.00000E+00
 WatBalT  [L]       -0.11385E+00
 WatBalR  [%]              0.179
----------------------------------------------------------

----------------------------------------------------------
 Time       [T]      567.0000
----------------------------------------------------------
 Sub-region num.                     1
----------------------------------------------------------
 Length   [L]        0.15000E+03  0.15000E+03
 W-volume [L]        0.75378E+01  0.75378E+01
 In-flow  [L/T]     -0.22673E+00 -0.22673E+00
 h Mean   [L]       -0.69133E+03 -0.69133E+03
 Top Flux [L/T]     -0.37920E-03
 Bot Flux [L/T]      0.00000E+00
 WatBalT  [L]       -0.11246E+00
 WatBalR  [%]              0.176
----------------------------------------------------------

----------------------------------------------------------
 Time       [T]      568.0000
----------------------------------------------------------
 Sub-region num.                     1
----------------------------------------------------------
 Length   [L]        0.15000E+03  0.15000E+03
 W-volume [L]        0.73229E+01  0.73229E+01
 In-flow  [L/T]     -0.20308E+00 -0.20308E+00
 h Mean   [L]       -0.69327E+03 -0.69327E+03
 Top Flux [L/T]     -0.42321E-03
 Bot Flux [L/T]      0.00000E+00
 WatBalT  [L]       -0.12428E+00
 WatBalR  [%]              0.194
----------------------------------------------------------

----------------------------------------------------------
 Time       [T]      569.0000
----------------------------------------------------------
 Sub-region num.                     1
----------------------------------------------------------
 Length   [L]        0.15000E+03  0.15000E+03
 W-volume [L]        0.71158E+01  0.71158E+01
 In-flow  [L/T]     -0.21104E+00 -0.21104E+00
 h Mean   [L]       -0.69651E+03 -0.69651E+03
 Top Flux [L/T]     -0.46840E-03
 Bot Flux [L/T]      0.00000E+00
 WatBalT  [L]       -0.12212E+00
 WatBalR  [%]              0.190
----------------------------------------------------------

----------------------------------------------------------
 Time       [T]      570.0000
----------------------------------------------------------
 Sub-region num.                     1
----------------------------------------------------------
 Length   [L]        0.15000E+03  0.15000E+03
 W-volume [L]        0.68872E+01  0.68872E+01
 In-flow  [L/T]     -0.24989E+00 -0.24989E+00
 h Mean   [L]       -0.70130E+03 -0.70130E+03
 Top Flux [L/T]     -0.53135E-03
 Bot Flux [L/T]      0.00000E+00
 WatBalT  [L]       -0.10302E+00
 WatBalR  [%]              0.159
----------------------------------------------------------

----------------------------------------------------------
 Time       [T]      571.0000
----------------------------------------------------------
 Sub-region num.                     1
----------------------------------------------------------
 Length   [L]        0.15000E+03  0.15000E+03
 W-volume [L]        0.66243E+01  0.66243E+01
 In-flow  [L/T]     -0.28028E+00 -0.28028E+00
 h Mean   [L]       -0.70589E+03 -0.70589E+03
 Top Flux [L/T]     -0.62469E-03
 Bot Flux [L/T]      0.00000E+00
 WatBalT  [L]       -0.86216E-01
 WatBalR  [%]              0.133
----------------------------------------------------------

----------------------------------------------------------
 Time       [T]      572.0000
----------------------------------------------------------
 Sub-region num.                     1
----------------------------------------------------------
 Length   [L]        0.15000E+03  0.15000E+03
 W-volume [L]        0.63371E+01  0.63371E+01
 In-flow  [L/T]     -0.29518E+00 -0.29518E+00
 h Mean   [L]       -0.71261E+03 -0.71261E+03
 Top Flux [L/T]     -0.77674E-03
 Bot Flux [L/T]      0.00000E+00
 WatBalT  [L]       -0.78363E-01
 WatBalR  [%]              0.120
----------------------------------------------------------

----------------------------------------------------------
 Time       [T]      573.0000
----------------------------------------------------------
 Sub-region num.                     1
----------------------------------------------------------
 Length   [L]        0.15000E+03  0.15000E+03
 W-volume [L]        0.60714E+01  0.60714E+01
 In-flow  [L/T]     -0.23633E+00 -0.23633E+00
 h Mean   [L]       -0.72680E+03 -0.72680E+03
 Top Flux [L/T]     -0.92216E-03
 Bot Flux [L/T]      0.00000E+00
 WatBalT  [L]       -0.11582E+00
 WatBalR  [%]              0.177
----------------------------------------------------------

----------------------------------------------------------
 Time       [T]      574.0000
----------------------------------------------------------
 Sub-region num.                     1
----------------------------------------------------------
 Length   [L]        0.15000E+03  0.15000E+03
 W-volume [L]        0.58891E+01  0.58891E+01
 In-flow  [L/T]     -0.14460E+00 -0.14460E+00
 h Mean   [L]       -0.75280E+03 -0.75280E+03
 Top Flux [L/T]     -0.95074E-03
 Bot Flux [L/T]      0.00000E+00
 WatBalT  [L]       -0.17609E+00
 WatBalR  [%]              0.269
----------------------------------------------------------

----------------------------------------------------------
 Time       [T]      575.0000
----------------------------------------------------------
 Sub-region num.                     1
----------------------------------------------------------
 Length   [L]        0.15000E+03  0.15000E+03
 W-volume [L]        0.58078E+01  0.58078E+01
 In-flow  [L/T]     -0.63260E-01 -0.63260E-01
 h Mean   [L]       -0.77245E+03 -0.77245E+03
 Top Flux [L/T]     -0.60772E-03
 Bot Flux [L/T]      0.00000E+00
 WatBalT  [L]       -0.20415E+00
 WatBalR  [%]              0.311
----------------------------------------------------------

----------------------------------------------------------
 Time       [T]      576.0000
----------------------------------------------------------
 Sub-region num.                     1
----------------------------------------------------------
 Length   [L]        0.15000E+03  0.15000E+03
 W-volume [L]        0.57727E+01  0.57727E+01
 In-flow  [L/T]     -0.26842E-01 -0.26842E-01
 h Mean   [L]       -0.78398E+03 -0.78398E+03
 Top Flux [L/T]     -0.20802E-03
 Bot Flux [L/T]      0.00000E+00
 WatBalT  [L]       -0.21905E+00
 WatBalR  [%]              0.334
----------------------------------------------------------

----------------------------------------------------------
 Time       [T]      577.0000
----------------------------------------------------------
 Sub-region num.                     1
----------------------------------------------------------
 Length   [L]        0.15000E+03  0.15000E+03
 W-volume [L]        0.57625E+01  0.57625E+01
 In-flow  [L/T]     -0.68104E-02 -0.68104E-02
 h Mean   [L]       -0.78886E+03 -0.78886E+03
 Top Flux [L/T]     -0.91416E-04
 Bot Flux [L/T]      0.00000E+00
 WatBalT  [L]       -0.22426E+00
 WatBalR  [%]              0.342
----------------------------------------------------------

----------------------------------------------------------
 Time       [T]      578.0000
----------------------------------------------------------
 Sub-region num.                     1
----------------------------------------------------------
 Length   [L]        0.15000E+03  0.15000E+03
 W-volume [L]        0.57602E+01  0.57602E+01
 In-flow  [L/T]     -0.15254E-02 -0.15254E-02
 h Mean   [L]       -0.79017E+03 -0.79017E+03
 Top Flux [L/T]     -0.91613E-04
 Bot Flux [L/T]      0.00000E+00
 WatBalT  [L]       -0.22544E+00
 WatBalR  [%]              0.344
----------------------------------------------------------

----------------------------------------------------------
 Time       [T]      579.0000
----------------------------------------------------------
 Sub-region num.                     1
----------------------------------------------------------
 Length   [L]        0.15000E+03  0.15000E+03
 W-volume [L]        0.57597E+01  0.57597E+01
 In-flow  [L/T]     -0.33218E-03 -0.33218E-03
 h Mean   [L]       -0.79050E+03 -0.79050E+03
 Top Flux [L/T]     -0.90847E-04
 Bot Flux [L/T]      0.00000E+00
 WatBalT  [L]       -0.22575E+00
 WatBalR  [%]              0.344
----------------------------------------------------------

----------------------------------------------------------
 Time       [T]      580.0000
----------------------------------------------------------
 Sub-region num.                     1
----------------------------------------------------------
 Length   [L]        0.15000E+03  0.15000E+03
 W-volume [L]        0.57595E+01  0.57595E+01
 In-flow  [L/T]     -0.92685E-04 -0.92685E-04
 h Mean   [L]       -0.79052E+03 -0.79052E+03
 Top Flux [L/T]     -0.89883E-04
 Bot Flux [L/T]      0.00000E+00
 WatBalT  [L]       -0.22577E+00
 WatBalR  [%]              0.344
----------------------------------------------------------

----------------------------------------------------------
 Time       [T]      581.0000
----------------------------------------------------------
 Sub-region num.                     1
----------------------------------------------------------
 Length   [L]        0.15000E+03  0.15000E+03
 W-volume [L]        0.57595E+01  0.57595E+01
 In-flow  [L/T]     -0.83923E-04 -0.83923E-04
 h Mean   [L]       -0.79052E+03 -0.79052E+03
 Top Flux [L/T]     -0.88902E-04
 Bot Flux [L/T]      0.00000E+00
 WatBalT  [L]       -0.22577E+00
 WatBalR  [%]              0.344
----------------------------------------------------------

----------------------------------------------------------
 Time       [T]      582.0000
----------------------------------------------------------
 Sub-region num.                     1
----------------------------------------------------------
 Length   [L]        0.15000E+03  0.15000E+03
 W-volume [L]        0.57594E+01  0.57594E+01
 In-flow  [L/T]     -0.45121E-04 -0.45121E-04
 h Mean   [L]       -0.79050E+03 -0.79050E+03
 Top Flux [L/T]     -0.87822E-04
 Bot Flux [L/T]      0.00000E+00
 WatBalT  [L]       -0.22578E+00
 WatBalR  [%]              0.344
----------------------------------------------------------

----------------------------------------------------------
 Time       [T]      583.0000
----------------------------------------------------------
 Sub-region num.                     1
----------------------------------------------------------
 Length   [L]        0.15000E+03  0.15000E+03
 W-volume [L]        0.57593E+01  0.57593E+01
 In-flow  [L/T]     -0.15485E-03 -0.15485E-03
 h Mean   [L]       -0.79052E+03 -0.79052E+03
 Top Flux [L/T]     -0.87035E-04
 Bot Flux [L/T]      0.00000E+00
 WatBalT  [L]       -0.22577E+00
 WatBalR  [%]              0.344
----------------------------------------------------------

----------------------------------------------------------
 Time       [T]      584.0000
----------------------------------------------------------
 Sub-region num.                     1
----------------------------------------------------------
 Length   [L]        0.15000E+03  0.15000E+03
 W-volume [L]        0.57592E+01  0.57592E+01
 In-flow  [L/T]     -0.10009E-03 -0.10009E-03
 h Mean   [L]       -0.79052E+03 -0.79052E+03
 Top Flux [L/T]     -0.86114E-04
 Bot Flux [L/T]      0.00000E+00
 WatBalT  [L]       -0.22577E+00
 WatBalR  [%]              0.344
----------------------------------------------------------

----------------------------------------------------------
 Time       [T]      585.0000
----------------------------------------------------------
 Sub-region num.                     1
----------------------------------------------------------
 Length   [L]        0.15000E+03  0.15000E+03
 W-volume [L]        0.57591E+01  0.57591E+01
 In-flow  [L/T]     -0.43690E-04 -0.43690E-04
 h Mean   [L]       -0.79050E+03 -0.79050E+03
 Top Flux [L/T]     -0.85047E-04
 Bot Flux [L/T]      0.00000E+00
 WatBalT  [L]       -0.22578E+00
 WatBalR  [%]              0.344
----------------------------------------------------------

----------------------------------------------------------
 Time       [T]      586.0000
----------------------------------------------------------
 Sub-region num.                     1
----------------------------------------------------------
 Length   [L]        0.15000E+03  0.15000E+03
 W-volume [L]        0.57590E+01  0.57590E+01
 In-flow  [L/T]     -0.13214E-03 -0.13214E-03
 h Mean   [L]       -0.79051E+03 -0.79051E+03
 Top Flux [L/T]     -0.84219E-04
 Bot Flux [L/T]      0.00000E+00
 WatBalT  [L]       -0.22577E+00
 WatBalR  [%]              0.344
----------------------------------------------------------

----------------------------------------------------------
 Time       [T]      587.0000
----------------------------------------------------------
 Sub-region num.                     1
----------------------------------------------------------
 Length   [L]        0.15000E+03  0.15000E+03
 W-volume [L]        0.57589E+01  0.57589E+01
 In-flow  [L/T]     -0.10593E-03 -0.10593E-03
 h Mean   [L]       -0.79052E+03 -0.79052E+03
 Top Flux [L/T]     -0.83382E-04
 Bot Flux [L/T]      0.00000E+00
 WatBalT  [L]       -0.22577E+00
 WatBalR  [%]              0.344
----------------------------------------------------------

----------------------------------------------------------
 Time       [T]      588.0000
----------------------------------------------------------
 Sub-region num.                     1
----------------------------------------------------------
 Length   [L]        0.15000E+03  0.15000E+03
 W-volume [L]        0.57588E+01  0.57588E+01
 In-flow  [L/T]     -0.89124E-04 -0.89124E-04
 h Mean   [L]       -0.79052E+03 -0.79052E+03
 Top Flux [L/T]     -0.82493E-04
 Bot Flux [L/T]      0.00000E+00
 WatBalT  [L]       -0.22577E+00
 WatBalR  [%]              0.344
----------------------------------------------------------

----------------------------------------------------------
 Time       [T]      589.0000
----------------------------------------------------------
 Sub-region num.                     1
----------------------------------------------------------
 Length   [L]        0.15000E+03  0.15000E+03
 W-volume [L]        0.57587E+01  0.57587E+01
 In-flow  [L/T]     -0.94563E-04 -0.94563E-04
 h Mean   [L]       -0.79052E+03 -0.79052E+03
 Top Flux [L/T]     -0.81637E-04
 Bot Flux [L/T]      0.00000E+00
 WatBalT  [L]       -0.22577E+00
 WatBalR  [%]              0.344
----------------------------------------------------------

----------------------------------------------------------
 Time       [T]      590.0000
----------------------------------------------------------
 Sub-region num.                     1
----------------------------------------------------------
 Length   [L]        0.15000E+03  0.15000E+03
 W-volume [L]        0.57587E+01  0.57587E+01
 In-flow  [L/T]     -0.87872E-04 -0.87872E-04
 h Mean   [L]       -0.79052E+03 -0.79052E+03
 Top Flux [L/T]     -0.80773E-04
 Bot Flux [L/T]      0.00000E+00
 WatBalT  [L]       -0.22577E+00
 WatBalR  [%]              0.344
----------------------------------------------------------

----------------------------------------------------------
 Time       [T]      591.0000
----------------------------------------------------------
 Sub-region num.                     1
----------------------------------------------------------
 Length   [L]        0.15000E+03  0.15000E+03
 W-volume [L]        0.57586E+01  0.57586E+01
 In-flow  [L/T]     -0.77248E-04 -0.77248E-04
 h Mean   [L]       -0.79052E+03 -0.79052E+03
 Top Flux [L/T]     -0.79892E-04
 Bot Flux [L/T]      0.00000E+00
 WatBalT  [L]       -0.22577E+00
 WatBalR  [%]              0.344
----------------------------------------------------------

----------------------------------------------------------
 Time       [T]      592.0000
----------------------------------------------------------
 Sub-region num.                     1
----------------------------------------------------------
 Length   [L]        0.15000E+03  0.15000E+03
 W-volume [L]        0.57585E+01  0.57585E+01
 In-flow  [L/T]     -0.81956E-04 -0.81956E-04
 h Mean   [L]       -0.79052E+03 -0.79052E+03
 Top Flux [L/T]     -0.79042E-04
 Bot Flux [L/T]      0.00000E+00
 WatBalT  [L]       -0.22577E+00
 WatBalR  [%]              0.344
----------------------------------------------------------

----------------------------------------------------------
 Time       [T]      593.0000
----------------------------------------------------------
 Sub-region num.                     1
----------------------------------------------------------
 Length   [L]        0.15000E+03  0.15000E+03
 W-volume [L]        0.57584E+01  0.57584E+01
 In-flow  [L/T]     -0.93639E-04 -0.93639E-04
 h Mean   [L]       -0.79053E+03 -0.79053E+03
 Top Flux [L/T]     -0.78236E-04
 Bot Flux [L/T]      0.00000E+00
 WatBalT  [L]       -0.22577E+00
 WatBalR  [%]              0.344
----------------------------------------------------------

----------------------------------------------------------
 Time       [T]      594.0000
----------------------------------------------------------
 Sub-region num.                     1
----------------------------------------------------------
 Length   [L]        0.15000E+03  0.15000E+03
 W-volume [L]        0.57583E+01  0.57583E+01
 In-flow  [L/T]     -0.80422E-04 -0.80422E-04
 h Mean   [L]       -0.79052E+03 -0.79052E+03
 Top Flux [L/T]     -0.77395E-04
 Bot Flux [L/T]      0.00000E+00
 WatBalT  [L]       -0.22577E+00
 WatBalR  [%]              0.344
----------------------------------------------------------

----------------------------------------------------------
 Time       [T]      595.0000
----------------------------------------------------------
 Sub-region num.                     1
----------------------------------------------------------
 Length   [L]        0.15000E+03  0.15000E+03
 W-volume [L]        0.57582E+01  0.57582E+01
 In-flow  [L/T]     -0.77888E-04 -0.77888E-04
 h Mean   [L]       -0.79052E+03 -0.79052E+03
 Top Flux [L/T]     -0.76563E-04
 Bot Flux [L/T]      0.00000E+00
 WatBalT  [L]       -0.22577E+00
 WatBalR  [%]              0.344
----------------------------------------------------------

----------------------------------------------------------
 Time       [T]      596.0000
----------------------------------------------------------
 Sub-region num.                     1
----------------------------------------------------------
 Length   [L]        0.15000E+03  0.15000E+03
 W-volume [L]        0.57582E+01  0.57582E+01
 In-flow  [L/T]     -0.81599E-04 -0.81599E-04
 h Mean   [L]       -0.79053E+03 -0.79053E+03
 Top Flux [L/T]     -0.75757E-04
 Bot Flux [L/T]      0.00000E+00
 WatBalT  [L]       -0.22577E+00
 WatBalR  [%]              0.344
----------------------------------------------------------

----------------------------------------------------------
 Time       [T]      597.0000
----------------------------------------------------------
 Sub-region num.                     1
----------------------------------------------------------
 Length   [L]        0.15000E+03  0.15000E+03
 W-volume [L]        0.57581E+01  0.57581E+01
 In-flow  [L/T]     -0.85786E-04 -0.85786E-04
 h Mean   [L]       -0.79053E+03 -0.79053E+03
 Top Flux [L/T]     -0.74969E-04
 Bot Flux [L/T]      0.00000E+00
 WatBalT  [L]       -0.22578E+00
 WatBalR  [%]              0.344
----------------------------------------------------------

----------------------------------------------------------
 Time       [T]      598.0000
----------------------------------------------------------
 Sub-region num.                     1
----------------------------------------------------------
 Length   [L]        0.15000E+03  0.15000E+03
 W-volume [L]        0.57580E+01  0.57580E+01
 In-flow  [L/T]     -0.69335E-04 -0.69335E-04
 h Mean   [L]       -0.79052E+03 -0.79052E+03
 Top Flux [L/T]     -0.74144E-04
 Bot Flux [L/T]      0.00000E+00
 WatBalT  [L]       -0.22578E+00
 WatBalR  [%]              0.344
----------------------------------------------------------

----------------------------------------------------------
 Time       [T]      599.0000
----------------------------------------------------------
 Sub-region num.                     1
----------------------------------------------------------
 Length   [L]        0.15000E+03  0.15000E+03
 W-volume [L]        0.57579E+01  0.57579E+01
 In-flow  [L/T]     -0.68724E-04 -0.68724E-04
 h Mean   [L]       -0.79052E+03 -0.79052E+03
 Top Flux [L/T]     -0.73337E-04
 Bot Flux [L/T]      0.00000E+00
 WatBalT  [L]       -0.22578E+00
 WatBalR  [%]              0.344
----------------------------------------------------------

----------------------------------------------------------
 Time       [T]      600.0000
----------------------------------------------------------
 Sub-region num.                     1
----------------------------------------------------------
 Length   [L]        0.15000E+03  0.15000E+03
 W-volume [L]        0.57579E+01  0.57579E+01
 In-flow  [L/T]     -0.79602E-04 -0.79602E-04
 h Mean   [L]       -0.79052E+03 -0.79052E+03
 Top Flux [L/T]     -0.72569E-04
 Bot Flux [L/T]      0.00000E+00
 WatBalT  [L]       -0.22578E+00
 WatBalR  [%]              0.344
----------------------------------------------------------

----------------------------------------------------------
 Time       [T]      601.0000
----------------------------------------------------------
 Sub-region num.                     1
----------------------------------------------------------
 Length   [L]        0.15000E+03  0.15000E+03
 W-volume [L]        0.57578E+01  0.57578E+01
 In-flow  [L/T]     -0.84728E-04 -0.84728E-04
 h Mean   [L]       -0.79053E+03 -0.79053E+03
 Top Flux [L/T]     -0.71822E-04
 Bot Flux [L/T]      0.00000E+00
 WatBalT  [L]       -0.22578E+00
 WatBalR  [%]              0.344
----------------------------------------------------------

----------------------------------------------------------
 Time       [T]      602.0000
----------------------------------------------------------
 Sub-region num.                     1
----------------------------------------------------------
 Length   [L]        0.15000E+03  0.15000E+03
 W-volume [L]        0.57577E+01  0.57577E+01
 In-flow  [L/T]     -0.71838E-04 -0.71838E-04
 h Mean   [L]       -0.79053E+03 -0.79053E+03
 Top Flux [L/T]     -0.71047E-04
 Bot Flux [L/T]      0.00000E+00
 WatBalT  [L]       -0.22578E+00
 WatBalR  [%]              0.344
----------------------------------------------------------

----------------------------------------------------------
 Time       [T]      603.0000
----------------------------------------------------------
 Sub-region num.                     1
----------------------------------------------------------
 Length   [L]        0.15000E+03  0.15000E+03
 W-volume [L]        0.57576E+01  0.57576E+01
 In-flow  [L/T]     -0.77575E-04 -0.77575E-04
 h Mean   [L]       -0.79053E+03 -0.79053E+03
 Top Flux [L/T]     -0.70300E-04
 Bot Flux [L/T]      0.00000E+00
 WatBalT  [L]       -0.22578E+00
 WatBalR  [%]              0.344
----------------------------------------------------------

----------------------------------------------------------
 Time       [T]      604.0000
----------------------------------------------------------
 Sub-region num.                     1
----------------------------------------------------------
 Length   [L]        0.15000E+03  0.15000E+03
 W-volume [L]        0.57576E+01  0.57576E+01
 In-flow  [L/T]     -0.71049E-04 -0.71049E-04
 h Mean   [L]       -0.79053E+03 -0.79053E+03
 Top Flux [L/T]     -0.69546E-04
 Bot Flux [L/T]      0.00000E+00
 WatBalT  [L]       -0.22578E+00
 WatBalR  [%]              0.344
----------------------------------------------------------

----------------------------------------------------------
 Time       [T]      605.0000
----------------------------------------------------------
 Sub-region num.                     1
----------------------------------------------------------
 Length   [L]        0.15000E+03  0.15000E+03
 W-volume [L]        0.57575E+01  0.57575E+01
 In-flow  [L/T]     -0.85145E-04 -0.85145E-04
 h Mean   [L]       -0.79053E+03 -0.79053E+03
 Top Flux [L/T]     -0.68838E-04
 Bot Flux [L/T]      0.00000E+00
 WatBalT  [L]       -0.22578E+00
 WatBalR  [%]              0.344
----------------------------------------------------------

----------------------------------------------------------
 Time       [T]      606.0000
----------------------------------------------------------
 Sub-region num.                     1
----------------------------------------------------------
 Length   [L]        0.15000E+03  0.15000E+03
 W-volume [L]        0.57574E+01  0.57574E+01
 In-flow  [L/T]     -0.53674E-04 -0.53674E-04
 h Mean   [L]       -0.79052E+03 -0.79052E+03
 Top Flux [L/T]     -0.68053E-04
 Bot Flux [L/T]      0.00000E+00
 WatBalT  [L]       -0.22578E+00
 WatBalR  [%]              0.344
----------------------------------------------------------

----------------------------------------------------------
 Time       [T]      607.0000
----------------------------------------------------------
 Sub-region num.                     1
----------------------------------------------------------
 Length   [L]        0.15000E+03  0.15000E+03
 W-volume [L]        0.57573E+01  0.57573E+01
 In-flow  [L/T]     -0.89869E-04 -0.89869E-04
 h Mean   [L]       -0.79053E+03 -0.79053E+03
 Top Flux [L/T]     -0.67372E-04
 Bot Flux [L/T]      0.00000E+00
 WatBalT  [L]       -0.22578E+00
 WatBalR  [%]              0.344
----------------------------------------------------------

----------------------------------------------------------
 Time       [T]      608.0000
----------------------------------------------------------
 Sub-region num.                     1
----------------------------------------------------------
 Length   [L]        0.15000E+03  0.15000E+03
 W-volume [L]        0.57573E+01  0.57573E+01
 In-flow  [L/T]     -0.69901E-04 -0.69901E-04
 h Mean   [L]       -0.79053E+03 -0.79053E+03
 Top Flux [L/T]     -0.66646E-04
 Bot Flux [L/T]      0.00000E+00
 WatBalT  [L]       -0.22578E+00
 WatBalR  [%]              0.344
----------------------------------------------------------

----------------------------------------------------------
 Time       [T]      609.0000
----------------------------------------------------------
 Sub-region num.                     1
----------------------------------------------------------
 Length   [L]        0.15000E+03  0.15000E+03
 W-volume [L]        0.57572E+01  0.57572E+01
 In-flow  [L/T]     -0.62883E-04 -0.62883E-04
 h Mean   [L]       -0.79053E+03 -0.79053E+03
 Top Flux [L/T]     -0.65919E-04
 Bot Flux [L/T]      0.00000E+00
 WatBalT  [L]       -0.22578E+00
 WatBalR  [%]              0.344
----------------------------------------------------------

----------------------------------------------------------
 Time       [T]      610.0000
----------------------------------------------------------
 Sub-region num.                     1
----------------------------------------------------------
 Length   [L]        0.15000E+03  0.15000E+03
 W-volume [L]        0.57571E+01  0.57571E+01
 In-flow  [L/T]     -0.12138E-03 -0.12138E-03
 h Mean   [L]       -0.79055E+03 -0.79055E+03
 Top Flux [L/T]     -0.65338E-04
 Bot Flux [L/T]      0.00000E+00
 WatBalT  [L]       -0.22582E+00
 WatBalR  [%]              0.344
----------------------------------------------------------

----------------------------------------------------------
 Time       [T]      611.0000
----------------------------------------------------------
 Sub-region num.                     1
----------------------------------------------------------
 Length   [L]        0.15000E+03  0.15000E+03
 W-volume [L]        0.57570E+01  0.57570E+01
 In-flow  [L/T]     -0.12688E-03 -0.12688E-03
 h Mean   [L]       -0.79055E+03 -0.79055E+03
 Top Flux [L/T]     -0.64641E-04
 Bot Flux [L/T]      0.00000E+00
 WatBalT  [L]       -0.22577E+00
 WatBalR  [%]              0.344
----------------------------------------------------------

----------------------------------------------------------
 Time       [T]      612.0000
----------------------------------------------------------
 Sub-region num.                     1
----------------------------------------------------------
 Length   [L]        0.15000E+03  0.15000E+03
 W-volume [L]        0.57570E+01  0.57570E+01
 In-flow  [L/T]     -0.33826E-05 -0.33826E-05
 h Mean   [L]       -0.79053E+03 -0.79053E+03
 Top Flux [L/T]     -0.63858E-04
 Bot Flux [L/T]      0.00000E+00
 WatBalT  [L]       -0.22576E+00
 WatBalR  [%]              0.344
----------------------------------------------------------

----------------------------------------------------------
 Time       [T]      613.0000
----------------------------------------------------------
 Sub-region num.                     1
----------------------------------------------------------
 Length   [L]        0.15000E+03  0.15000E+03
 W-volume [L]        0.57569E+01  0.57569E+01
 In-flow  [L/T]     -0.33826E-05 -0.33826E-05
 h Mean   [L]       -0.79053E+03 -0.79053E+03
 Top Flux [L/T]     -0.63141E-04
 Bot Flux [L/T]      0.00000E+00
 WatBalT  [L]       -0.22576E+00
 WatBalR  [%]              0.344
----------------------------------------------------------

----------------------------------------------------------
 Time       [T]      614.0000
----------------------------------------------------------
 Sub-region num.                     1
----------------------------------------------------------
 Length   [L]        0.15000E+03  0.15000E+03
 W-volume [L]        0.57568E+01  0.57568E+01
 In-flow  [L/T]     -0.80436E-04 -0.80436E-04
 h Mean   [L]       -0.79055E+03 -0.79055E+03
 Top Flux [L/T]     -0.62621E-04
 Bot Flux [L/T]      0.00000E+00
 WatBalT  [L]       -0.22582E+00
 WatBalR  [%]              0.344
----------------------------------------------------------

----------------------------------------------------------
 Time       [T]      615.0000
----------------------------------------------------------
 Sub-region num.                     1
----------------------------------------------------------
 Length   [L]        0.15000E+03  0.15000E+03
 W-volume [L]        0.57568E+01  0.57568E+01
 In-flow  [L/T]     -0.11820E-03 -0.11820E-03
 h Mean   [L]       -0.79055E+03 -0.79055E+03
 Top Flux [L/T]     -0.61952E-04
 Bot Flux [L/T]      0.00000E+00
 WatBalT  [L]       -0.22582E+00
 WatBalR  [%]              0.344
----------------------------------------------------------

----------------------------------------------------------
 Time       [T]      616.0000
----------------------------------------------------------
 Sub-region num.                     1
----------------------------------------------------------
 Length   [L]        0.15000E+03  0.15000E+03
 W-volume [L]        0.57567E+01  0.57567E+01
 In-flow  [L/T]     -0.12147E-03 -0.12147E-03
 h Mean   [L]       -0.79055E+03 -0.79055E+03
 Top Flux [L/T]     -0.61289E-04
 Bot Flux [L/T]      0.00000E+00
 WatBalT  [L]       -0.22580E+00
 WatBalR  [%]              0.344
----------------------------------------------------------

----------------------------------------------------------
 Time       [T]      617.0000
----------------------------------------------------------
 Sub-region num.                     1
----------------------------------------------------------
 Length   [L]        0.15000E+03  0.15000E+03
 W-volume [L]        0.57566E+01  0.57566E+01
 In-flow  [L/T]     -0.10549E-03 -0.10549E-03
 h Mean   [L]       -0.79056E+03 -0.79056E+03
 Top Flux [L/T]     -0.60665E-04
 Bot Flux [L/T]      0.00000E+00
 WatBalT  [L]       -0.22582E+00
 WatBalR  [%]              0.344
----------------------------------------------------------

----------------------------------------------------------
 Time       [T]      618.0000
----------------------------------------------------------
 Sub-region num.                     1
----------------------------------------------------------
 Length   [L]        0.15000E+03  0.15000E+03
 W-volume [L]        0.57566E+01  0.57566E+01
 In-flow  [L/T]     -0.11486E-03 -0.11486E-03
 h Mean   [L]       -0.79055E+03 -0.79055E+03
 Top Flux [L/T]     -0.60005E-04
 Bot Flux [L/T]      0.00000E+00
 WatBalT  [L]       -0.22582E+00
 WatBalR  [%]              0.344
----------------------------------------------------------

----------------------------------------------------------
 Time       [T]      619.0000
----------------------------------------------------------
 Sub-region num.                     1
----------------------------------------------------------
 Length   [L]        0.15000E+03  0.15000E+03
 W-volume [L]        0.57565E+01  0.57565E+01
 In-flow  [L/T]     -0.11887E-03 -0.11887E-03
 h Mean   [L]       -0.79055E+03 -0.79055E+03
 Top Flux [L/T]     -0.59360E-04
 Bot Flux [L/T]      0.00000E+00
 WatBalT  [L]       -0.22582E+00
 WatBalR  [%]              0.344
----------------------------------------------------------

----------------------------------------------------------
 Time       [T]      620.0000
----------------------------------------------------------
 Sub-region num.                     1
----------------------------------------------------------
 Length   [L]        0.15000E+03  0.15000E+03
 W-volume [L]        0.57565E+01  0.57565E+01
 In-flow  [L/T]     -0.12027E-03 -0.12027E-03
 h Mean   [L]       -0.79055E+03 -0.79055E+03
 Top Flux [L/T]     -0.58727E-04
 Bot Flux [L/T]      0.00000E+00
 WatBalT  [L]       -0.22582E+00
 WatBalR  [%]              0.344
----------------------------------------------------------

----------------------------------------------------------
 Time       [T]      621.0000
----------------------------------------------------------
 Sub-region num.                     1
----------------------------------------------------------
 Length   [L]        0.15000E+03  0.15000E+03
 W-volume [L]        0.57564E+01  0.57564E+01
 In-flow  [L/T]     -0.12033E-03 -0.12033E-03
 h Mean   [L]       -0.79055E+03 -0.79055E+03
 Top Flux [L/T]     -0.58103E-04
 Bot Flux [L/T]      0.00000E+00
 WatBalT  [L]       -0.22581E+00
 WatBalR  [%]              0.344
----------------------------------------------------------

----------------------------------------------------------
 Time       [T]      622.0000
----------------------------------------------------------
 Sub-region num.                     1
----------------------------------------------------------
 Length   [L]        0.15000E+03  0.15000E+03
 W-volume [L]        0.57563E+01  0.57563E+01
 In-flow  [L/T]     -0.11967E-03 -0.11967E-03
 h Mean   [L]       -0.79055E+03 -0.79055E+03
 Top Flux [L/T]     -0.57487E-04
 Bot Flux [L/T]      0.00000E+00
 WatBalT  [L]       -0.22581E+00
 WatBalR  [%]              0.344
----------------------------------------------------------

----------------------------------------------------------
 Time       [T]      623.0000
----------------------------------------------------------
 Sub-region num.                     1
----------------------------------------------------------
 Length   [L]        0.15000E+03  0.15000E+03
 W-volume [L]        0.57563E+01  0.57563E+01
 In-flow  [L/T]     -0.11876E-03 -0.11876E-03
 h Mean   [L]       -0.79055E+03 -0.79055E+03
 Top Flux [L/T]     -0.56878E-04
 Bot Flux [L/T]      0.00000E+00
 WatBalT  [L]       -0.22581E+00
 WatBalR  [%]              0.344
----------------------------------------------------------

----------------------------------------------------------
 Time       [T]      624.0000
----------------------------------------------------------
 Sub-region num.                     1
----------------------------------------------------------
 Length   [L]        0.15000E+03  0.15000E+03
 W-volume [L]        0.57562E+01  0.57562E+01
 In-flow  [L/T]     -0.11773E-03 -0.11773E-03
 h Mean   [L]       -0.79055E+03 -0.79055E+03
 Top Flux [L/T]     -0.56276E-04
 Bot Flux [L/T]      0.00000E+00
 WatBalT  [L]       -0.22581E+00
 WatBalR  [%]              0.344
----------------------------------------------------------

----------------------------------------------------------
 Time       [T]      625.0000
----------------------------------------------------------
 Sub-region num.                     1
----------------------------------------------------------
 Length   [L]        0.15000E+03  0.15000E+03
 W-volume [L]        0.57562E+01  0.57562E+01
 In-flow  [L/T]     -0.11659E-03 -0.11659E-03
 h Mean   [L]       -0.79056E+03 -0.79056E+03
 Top Flux [L/T]     -0.55680E-04
 Bot Flux [L/T]      0.00000E+00
 WatBalT  [L]       -0.22581E+00
 WatBalR  [%]              0.344
----------------------------------------------------------

----------------------------------------------------------
 Time       [T]      626.0000
----------------------------------------------------------
 Sub-region num.                     1
----------------------------------------------------------
 Length   [L]        0.15000E+03  0.15000E+03
 W-volume [L]        0.57561E+01  0.57561E+01
 In-flow  [L/T]     -0.11541E-03 -0.11541E-03
 h Mean   [L]       -0.79056E+03 -0.79056E+03
 Top Flux [L/T]     -0.55090E-04
 Bot Flux [L/T]      0.00000E+00
 WatBalT  [L]       -0.22581E+00
 WatBalR  [%]              0.344
----------------------------------------------------------

----------------------------------------------------------
 Time       [T]      627.0000
----------------------------------------------------------
 Sub-region num.                     1
----------------------------------------------------------
 Length   [L]        0.15000E+03  0.15000E+03
 W-volume [L]        0.57560E+01  0.57560E+01
 In-flow  [L/T]     -0.11425E-03 -0.11425E-03
 h Mean   [L]       -0.79056E+03 -0.79056E+03
 Top Flux [L/T]     -0.54507E-04
 Bot Flux [L/T]      0.00000E+00
 WatBalT  [L]       -0.22581E+00
 WatBalR  [%]              0.344
----------------------------------------------------------

----------------------------------------------------------
 Time       [T]      628.0000
----------------------------------------------------------
 Sub-region num.                     1
----------------------------------------------------------
 Length   [L]        0.15000E+03  0.15000E+03
 W-volume [L]        0.57560E+01  0.57560E+01
 In-flow  [L/T]     -0.11311E-03 -0.11311E-03
 h Mean   [L]       -0.79056E+03 -0.79056E+03
 Top Flux [L/T]     -0.53929E-04
 Bot Flux [L/T]      0.00000E+00
 WatBalT  [L]       -0.22581E+00
 WatBalR  [%]              0.344
----------------------------------------------------------

----------------------------------------------------------
 Time       [T]      629.0000
----------------------------------------------------------
 Sub-region num.                     1
----------------------------------------------------------
 Length   [L]        0.15000E+03  0.15000E+03
 W-volume [L]        0.57559E+01  0.57559E+01
 In-flow  [L/T]     -0.11188E-03 -0.11188E-03
 h Mean   [L]       -0.79056E+03 -0.79056E+03
 Top Flux [L/T]     -0.53359E-04
 Bot Flux [L/T]      0.00000E+00
 WatBalT  [L]       -0.22581E+00
 WatBalR  [%]              0.344
----------------------------------------------------------

----------------------------------------------------------
 Time       [T]      630.0000
----------------------------------------------------------
 Sub-region num.                     1
----------------------------------------------------------
 Length   [L]        0.15000E+03  0.15000E+03
 W-volume [L]        0.57559E+01  0.57559E+01
 In-flow  [L/T]     -0.11081E-03 -0.11081E-03
 h Mean   [L]       -0.79056E+03 -0.79056E+03
 Top Flux [L/T]     -0.52793E-04
 Bot Flux [L/T]      0.00000E+00
 WatBalT  [L]       -0.22581E+00
 WatBalR  [%]              0.344
----------------------------------------------------------

----------------------------------------------------------
 Time       [T]      631.0000
----------------------------------------------------------
 Sub-region num.                     1
----------------------------------------------------------
 Length   [L]        0.15000E+03  0.15000E+03
 W-volume [L]        0.57558E+01  0.57558E+01
 In-flow  [L/T]     -0.10964E-03 -0.10964E-03
 h Mean   [L]       -0.79056E+03 -0.79056E+03
 Top Flux [L/T]     -0.52234E-04
 Bot Flux [L/T]      0.00000E+00
 WatBalT  [L]       -0.22581E+00
 WatBalR  [%]              0.344
----------------------------------------------------------

----------------------------------------------------------
 Time       [T]      632.0000
----------------------------------------------------------
 Sub-region num.                     1
----------------------------------------------------------
 Length   [L]        0.15000E+03  0.15000E+03
 W-volume [L]        0.57557E+01  0.57557E+01
 In-flow  [L/T]     -0.10845E-03 -0.10845E-03
 h Mean   [L]       -0.79056E+03 -0.79056E+03
 Top Flux [L/T]     -0.51681E-04
 Bot Flux [L/T]      0.00000E+00
 WatBalT  [L]       -0.22581E+00
 WatBalR  [%]              0.344
----------------------------------------------------------

----------------------------------------------------------
 Time       [T]      633.0000
----------------------------------------------------------
 Sub-region num.                     1
----------------------------------------------------------
 Length   [L]        0.15000E+03  0.15000E+03
 W-volume [L]        0.57557E+01  0.57557E+01
 In-flow  [L/T]     -0.10739E-03 -0.10739E-03
 h Mean   [L]       -0.79056E+03 -0.79056E+03
 Top Flux [L/T]     -0.51133E-04
 Bot Flux [L/T]      0.00000E+00
 WatBalT  [L]       -0.22581E+00
 WatBalR  [%]              0.344
----------------------------------------------------------

----------------------------------------------------------
 Time       [T]      634.0000
----------------------------------------------------------
 Sub-region num.                     1
----------------------------------------------------------
 Length   [L]        0.15000E+03  0.15000E+03
 W-volume [L]        0.57556E+01  0.57556E+01
 In-flow  [L/T]     -0.10628E-03 -0.10628E-03
 h Mean   [L]       -0.79056E+03 -0.79056E+03
 Top Flux [L/T]     -0.50591E-04
 Bot Flux [L/T]      0.00000E+00
 WatBalT  [L]       -0.22581E+00
 WatBalR  [%]              0.344
----------------------------------------------------------

----------------------------------------------------------
 Time       [T]      635.0000
----------------------------------------------------------
 Sub-region num.                     1
----------------------------------------------------------
 Length   [L]        0.15000E+03  0.15000E+03
 W-volume [L]        0.57556E+01  0.57556E+01
 In-flow  [L/T]     -0.10519E-03 -0.10519E-03
 h Mean   [L]       -0.79056E+03 -0.79056E+03
 Top Flux [L/T]     -0.50055E-04
 Bot Flux [L/T]      0.00000E+00
 WatBalT  [L]       -0.22581E+00
 WatBalR  [%]              0.344
----------------------------------------------------------

----------------------------------------------------------
 Time       [T]      636.0000
----------------------------------------------------------
 Sub-region num.                     1
----------------------------------------------------------
 Length   [L]        0.15000E+03  0.15000E+03
 W-volume [L]        0.57555E+01  0.57555E+01
 In-flow  [L/T]     -0.10408E-03 -0.10408E-03
 h Mean   [L]       -0.79056E+03 -0.79056E+03
 Top Flux [L/T]     -0.49525E-04
 Bot Flux [L/T]      0.00000E+00
 WatBalT  [L]       -0.22581E+00
 WatBalR  [%]              0.344
----------------------------------------------------------

----------------------------------------------------------
 Time       [T]      637.0000
----------------------------------------------------------
 Sub-region num.                     1
----------------------------------------------------------
 Length   [L]        0.15000E+03  0.15000E+03
 W-volume [L]        0.57555E+01  0.57555E+01
 In-flow  [L/T]     -0.10298E-03 -0.10298E-03
 h Mean   [L]       -0.79056E+03 -0.79056E+03
 Top Flux [L/T]     -0.49000E-04
 Bot Flux [L/T]      0.00000E+00
 WatBalT  [L]       -0.22581E+00
 WatBalR  [%]              0.344
----------------------------------------------------------

----------------------------------------------------------
 Time       [T]      638.0000
----------------------------------------------------------
 Sub-region num.                     1
----------------------------------------------------------
 Length   [L]        0.15000E+03  0.15000E+03
 W-volume [L]        0.57554E+01  0.57554E+01
 In-flow  [L/T]     -0.10200E-03 -0.10200E-03
 h Mean   [L]       -0.79056E+03 -0.79056E+03
 Top Flux [L/T]     -0.48481E-04
 Bot Flux [L/T]      0.00000E+00
 WatBalT  [L]       -0.22581E+00
 WatBalR  [%]              0.344
----------------------------------------------------------

----------------------------------------------------------
 Time       [T]      639.0000
----------------------------------------------------------
 Sub-region num.                     1
----------------------------------------------------------
 Length   [L]        0.15000E+03  0.15000E+03
 W-volume [L]        0.57554E+01  0.57554E+01
 In-flow  [L/T]     -0.10097E-03 -0.10097E-03
 h Mean   [L]       -0.79056E+03 -0.79056E+03
 Top Flux [L/T]     -0.47967E-04
 Bot Flux [L/T]      0.00000E+00
 WatBalT  [L]       -0.22581E+00
 WatBalR  [%]              0.344
----------------------------------------------------------

----------------------------------------------------------
 Time       [T]      640.0000
----------------------------------------------------------
 Sub-region num.                     1
----------------------------------------------------------
 Length   [L]        0.15000E+03  0.15000E+03
 W-volume [L]        0.55636E+01  0.55636E+01
 In-flow  [L/T]     -0.13791E-04 -0.13791E-04
 h Mean   [L]       -0.41238E+04 -0.41238E+04
 Top Flux [L/T]      0.99840E-31
 Bot Flux [L/T]      0.00000E+00
 WatBalT  [L]       -0.22581E+00
 WatBalR  [%]              0.343
----------------------------------------------------------

----------------------------------------------------------
 Time       [T]      641.0000
----------------------------------------------------------
 Sub-region num.                     1
----------------------------------------------------------
 Length   [L]        0.15000E+03  0.15000E+03
 W-volume [L]        0.55636E+01  0.55636E+01
 In-flow  [L/T]     -0.32783E-05 -0.32783E-05
 h Mean   [L]       -0.41238E+04 -0.41238E+04
 Top Flux [L/T]      0.99840E-31
 Bot Flux [L/T]      0.00000E+00
 WatBalT  [L]       -0.22581E+00
 WatBalR  [%]              0.343
----------------------------------------------------------

----------------------------------------------------------
 Time       [T]      642.0000
----------------------------------------------------------
 Sub-region num.                     1
----------------------------------------------------------
 Length   [L]        0.15000E+03  0.15000E+03
 W-volume [L]        0.55636E+01  0.55636E+01
 In-flow  [L/T]     -0.32783E-05 -0.32783E-05
 h Mean   [L]       -0.41238E+04 -0.41238E+04
 Top Flux [L/T]      0.99840E-31
 Bot Flux [L/T]      0.00000E+00
 WatBalT  [L]       -0.22581E+00
 WatBalR  [%]              0.343
----------------------------------------------------------

----------------------------------------------------------
 Time       [T]      643.0000
----------------------------------------------------------
 Sub-region num.                     1
----------------------------------------------------------
 Length   [L]        0.15000E+03  0.15000E+03
 W-volume [L]        0.55636E+01  0.55636E+01
 In-flow  [L/T]     -0.32783E-05 -0.32783E-05
 h Mean   [L]       -0.41238E+04 -0.41238E+04
 Top Flux [L/T]      0.99840E-31
 Bot Flux [L/T]      0.00000E+00
 WatBalT  [L]       -0.22581E+00
 WatBalR  [%]              0.343
----------------------------------------------------------

----------------------------------------------------------
 Time       [T]      644.0000
----------------------------------------------------------
 Sub-region num.                     1
----------------------------------------------------------
 Length   [L]        0.15000E+03  0.15000E+03
 W-volume [L]        0.55636E+01  0.55636E+01
 In-flow  [L/T]     -0.32783E-05 -0.32783E-05
 h Mean   [L]       -0.41238E+04 -0.41238E+04
 Top Flux [L/T]      0.99840E-31
 Bot Flux [L/T]      0.00000E+00
 WatBalT  [L]       -0.22581E+00
 WatBalR  [%]              0.343
----------------------------------------------------------

----------------------------------------------------------
 Time       [T]      645.0000
----------------------------------------------------------
 Sub-region num.                     1
----------------------------------------------------------
 Length   [L]        0.15000E+03  0.15000E+03
 W-volume [L]        0.55636E+01  0.55636E+01
 In-flow  [L/T]     -0.32485E-05 -0.32485E-05
 h Mean   [L]       -0.41238E+04 -0.41238E+04
 Top Flux [L/T]      0.99840E-31
 Bot Flux [L/T]      0.00000E+00
 WatBalT  [L]       -0.22581E+00
 WatBalR  [%]              0.343
----------------------------------------------------------

----------------------------------------------------------
 Time       [T]      646.0000
----------------------------------------------------------
 Sub-region num.                     1
----------------------------------------------------------
 Length   [L]        0.15000E+03  0.15000E+03
 W-volume [L]        0.55636E+01  0.55636E+01
 In-flow  [L/T]     -0.32485E-05 -0.32485E-05
 h Mean   [L]       -0.41238E+04 -0.41238E+04
 Top Flux [L/T]      0.99840E-31
 Bot Flux [L/T]      0.00000E+00
 WatBalT  [L]       -0.22581E+00
 WatBalR  [%]              0.343
----------------------------------------------------------

----------------------------------------------------------
 Time       [T]      647.0000
----------------------------------------------------------
 Sub-region num.                     1
----------------------------------------------------------
 Length   [L]        0.15000E+03  0.15000E+03
 W-volume [L]        0.55636E+01  0.55636E+01
 In-flow  [L/T]     -0.32485E-05 -0.32485E-05
 h Mean   [L]       -0.41238E+04 -0.41238E+04
 Top Flux [L/T]      0.99840E-31
 Bot Flux [L/T]      0.00000E+00
 WatBalT  [L]       -0.22581E+00
 WatBalR  [%]              0.343
----------------------------------------------------------

----------------------------------------------------------
 Time       [T]      648.0000
----------------------------------------------------------
 Sub-region num.                     1
----------------------------------------------------------
 Length   [L]        0.15000E+03  0.15000E+03
 W-volume [L]        0.55636E+01  0.55636E+01
 In-flow  [L/T]     -0.32485E-05 -0.32485E-05
 h Mean   [L]       -0.41238E+04 -0.41238E+04
 Top Flux [L/T]      0.99840E-31
 Bot Flux [L/T]      0.00000E+00
 WatBalT  [L]       -0.22581E+00
 WatBalR  [%]              0.343
----------------------------------------------------------

----------------------------------------------------------
 Time       [T]      649.0000
----------------------------------------------------------
 Sub-region num.                     1
----------------------------------------------------------
 Length   [L]        0.15000E+03  0.15000E+03
 W-volume [L]        0.55636E+01  0.55636E+01
 In-flow  [L/T]     -0.32485E-05 -0.32485E-05
 h Mean   [L]       -0.41238E+04 -0.41238E+04
 Top Flux [L/T]      0.99840E-31
 Bot Flux [L/T]      0.00000E+00
 WatBalT  [L]       -0.22581E+00
 WatBalR  [%]              0.343
----------------------------------------------------------

----------------------------------------------------------
 Time       [T]      650.0000
----------------------------------------------------------
 Sub-region num.                     1
----------------------------------------------------------
 Length   [L]        0.15000E+03  0.15000E+03
 W-volume [L]        0.55636E+01  0.55636E+01
 In-flow  [L/T]     -0.32485E-05 -0.32485E-05
 h Mean   [L]       -0.41238E+04 -0.41238E+04
 Top Flux [L/T]      0.99840E-31
 Bot Flux [L/T]      0.00000E+00
 WatBalT  [L]       -0.22581E+00
 WatBalR  [%]              0.343
----------------------------------------------------------

----------------------------------------------------------
 Time       [T]      651.0000
----------------------------------------------------------
 Sub-region num.                     1
----------------------------------------------------------
 Length   [L]        0.15000E+03  0.15000E+03
 W-volume [L]        0.55636E+01  0.55636E+01
 In-flow  [L/T]     -0.32485E-05 -0.32485E-05
 h Mean   [L]       -0.41238E+04 -0.41238E+04
 Top Flux [L/T]      0.99840E-31
 Bot Flux [L/T]      0.00000E+00
 WatBalT  [L]       -0.22580E+00
 WatBalR  [%]              0.343
----------------------------------------------------------

----------------------------------------------------------
 Time       [T]      652.0000
----------------------------------------------------------
 Sub-region num.                     1
----------------------------------------------------------
 Length   [L]        0.15000E+03  0.15000E+03
 W-volume [L]        0.55635E+01  0.55635E+01
 In-flow  [L/T]     -0.32485E-05 -0.32485E-05
 h Mean   [L]       -0.41238E+04 -0.41238E+04
 Top Flux [L/T]      0.99840E-31
 Bot Flux [L/T]      0.00000E+00
 WatBalT  [L]       -0.22580E+00
 WatBalR  [%]              0.343
----------------------------------------------------------

----------------------------------------------------------
 Time       [T]      653.0000
----------------------------------------------------------
 Sub-region num.                     1
----------------------------------------------------------
 Length   [L]        0.15000E+03  0.15000E+03
 W-volume [L]        0.55635E+01  0.55635E+01
 In-flow  [L/T]     -0.32485E-05 -0.32485E-05
 h Mean   [L]       -0.41238E+04 -0.41238E+04
 Top Flux [L/T]      0.99840E-31
 Bot Flux [L/T]      0.00000E+00
 WatBalT  [L]       -0.22580E+00
 WatBalR  [%]              0.343
----------------------------------------------------------

----------------------------------------------------------
 Time       [T]      654.0000
----------------------------------------------------------
 Sub-region num.                     1
----------------------------------------------------------
 Length   [L]        0.15000E+03  0.15000E+03
 W-volume [L]        0.55635E+01  0.55635E+01
 In-flow  [L/T]     -0.32187E-05 -0.32187E-05
 h Mean   [L]       -0.41238E+04 -0.41238E+04
 Top Flux [L/T]      0.99840E-31
 Bot Flux [L/T]      0.00000E+00
 WatBalT  [L]       -0.22580E+00
 WatBalR  [%]              0.343
----------------------------------------------------------

----------------------------------------------------------
 Time       [T]      655.0000
----------------------------------------------------------
 Sub-region num.                     1
----------------------------------------------------------
 Length   [L]        0.15000E+03  0.15000E+03
 W-volume [L]        0.55635E+01  0.55635E+01
 In-flow  [L/T]     -0.32187E-05 -0.32187E-05
 h Mean   [L]       -0.41238E+04 -0.41238E+04
 Top Flux [L/T]      0.99840E-31
 Bot Flux [L/T]      0.00000E+00
 WatBalT  [L]       -0.22580E+00
 WatBalR  [%]              0.343
----------------------------------------------------------

----------------------------------------------------------
 Time       [T]      656.0000
----------------------------------------------------------
 Sub-region num.                     1
----------------------------------------------------------
 Length   [L]        0.15000E+03  0.15000E+03
 W-volume [L]        0.55635E+01  0.55635E+01
 In-flow  [L/T]     -0.32187E-05 -0.32187E-05
 h Mean   [L]       -0.41238E+04 -0.41238E+04
 Top Flux [L/T]      0.99840E-31
 Bot Flux [L/T]      0.00000E+00
 WatBalT  [L]       -0.22580E+00
 WatBalR  [%]              0.343
----------------------------------------------------------

----------------------------------------------------------
 Time       [T]      657.0000
----------------------------------------------------------
 Sub-region num.                     1
----------------------------------------------------------
 Length   [L]        0.15000E+03  0.15000E+03
 W-volume [L]        0.55635E+01  0.55635E+01
 In-flow  [L/T]     -0.32187E-05 -0.32187E-05
 h Mean   [L]       -0.41238E+04 -0.41238E+04
 Top Flux [L/T]      0.99840E-31
 Bot Flux [L/T]      0.00000E+00
 WatBalT  [L]       -0.22580E+00
 WatBalR  [%]              0.343
----------------------------------------------------------

----------------------------------------------------------
 Time       [T]      658.0000
----------------------------------------------------------
 Sub-region num.                     1
----------------------------------------------------------
 Length   [L]        0.15000E+03  0.15000E+03
 W-volume [L]        0.55635E+01  0.55635E+01
 In-flow  [L/T]     -0.32187E-05 -0.32187E-05
 h Mean   [L]       -0.41238E+04 -0.41238E+04
 Top Flux [L/T]      0.99840E-31
 Bot Flux [L/T]      0.00000E+00
 WatBalT  [L]       -0.22580E+00
 WatBalR  [%]              0.343
----------------------------------------------------------

----------------------------------------------------------
 Time       [T]      659.0000
----------------------------------------------------------
 Sub-region num.                     1
----------------------------------------------------------
 Length   [L]        0.15000E+03  0.15000E+03
 W-volume [L]        0.55635E+01  0.55635E+01
 In-flow  [L/T]     -0.32187E-05 -0.32187E-05
 h Mean   [L]       -0.41238E+04 -0.41238E+04
 Top Flux [L/T]      0.99840E-31
 Bot Flux [L/T]      0.00000E+00
 WatBalT  [L]       -0.22580E+00
 WatBalR  [%]              0.343
----------------------------------------------------------

----------------------------------------------------------
 Time       [T]      660.0000
----------------------------------------------------------
 Sub-region num.                     1
----------------------------------------------------------
 Length   [L]        0.15000E+03  0.15000E+03
 W-volume [L]        0.55635E+01  0.55635E+01
 In-flow  [L/T]     -0.32187E-05 -0.32187E-05
 h Mean   [L]       -0.41238E+04 -0.41238E+04
 Top Flux [L/T]      0.99840E-31
 Bot Flux [L/T]      0.00000E+00
 WatBalT  [L]       -0.22580E+00
 WatBalR  [%]              0.343
----------------------------------------------------------

----------------------------------------------------------
 Time       [T]      661.0000
----------------------------------------------------------
 Sub-region num.                     1
----------------------------------------------------------
 Length   [L]        0.15000E+03  0.15000E+03
 W-volume [L]        0.55635E+01  0.55635E+01
 In-flow  [L/T]     -0.32187E-05 -0.32187E-05
 h Mean   [L]       -0.41238E+04 -0.41238E+04
 Top Flux [L/T]      0.99840E-31
 Bot Flux [L/T]      0.00000E+00
 WatBalT  [L]       -0.22580E+00
 WatBalR  [%]              0.343
----------------------------------------------------------

----------------------------------------------------------
 Time       [T]      662.0000
----------------------------------------------------------
 Sub-region num.                     1
----------------------------------------------------------
 Length   [L]        0.15000E+03  0.15000E+03
 W-volume [L]        0.55635E+01  0.55635E+01
 In-flow  [L/T]     -0.32187E-05 -0.32187E-05
 h Mean   [L]       -0.41238E+04 -0.41238E+04
 Top Flux [L/T]      0.99840E-31
 Bot Flux [L/T]      0.00000E+00
 WatBalT  [L]       -0.22580E+00
 WatBalR  [%]              0.343
----------------------------------------------------------

----------------------------------------------------------
 Time       [T]      663.0000
----------------------------------------------------------
 Sub-region num.                     1
----------------------------------------------------------
 Length   [L]        0.15000E+03  0.15000E+03
 W-volume [L]        0.55635E+01  0.55635E+01
 In-flow  [L/T]     -0.32187E-05 -0.32187E-05
 h Mean   [L]       -0.41238E+04 -0.41238E+04
 Top Flux [L/T]      0.99840E-31
 Bot Flux [L/T]      0.00000E+00
 WatBalT  [L]       -0.22580E+00
 WatBalR  [%]              0.343
----------------------------------------------------------

----------------------------------------------------------
 Time       [T]      664.0000
----------------------------------------------------------
 Sub-region num.                     1
----------------------------------------------------------
 Length   [L]        0.15000E+03  0.15000E+03
 W-volume [L]        0.55635E+01  0.55635E+01
 In-flow  [L/T]     -0.31888E-05 -0.31888E-05
 h Mean   [L]       -0.41238E+04 -0.41238E+04
 Top Flux [L/T]      0.99840E-31
 Bot Flux [L/T]      0.00000E+00
 WatBalT  [L]       -0.22580E+00
 WatBalR  [%]              0.343
----------------------------------------------------------

----------------------------------------------------------
 Time       [T]      665.0000
----------------------------------------------------------
 Sub-region num.                     1
----------------------------------------------------------
 Length   [L]        0.15000E+03  0.15000E+03
 W-volume [L]        0.55635E+01  0.55635E+01
 In-flow  [L/T]     -0.31888E-05 -0.31888E-05
 h Mean   [L]       -0.41238E+04 -0.41238E+04
 Top Flux [L/T]      0.99840E-31
 Bot Flux [L/T]      0.00000E+00
 WatBalT  [L]       -0.22580E+00
 WatBalR  [%]              0.343
----------------------------------------------------------

----------------------------------------------------------
 Time       [T]      666.0000
----------------------------------------------------------
 Sub-region num.                     1
----------------------------------------------------------
 Length   [L]        0.15000E+03  0.15000E+03
 W-volume [L]        0.55635E+01  0.55635E+01
 In-flow  [L/T]     -0.31888E-05 -0.31888E-05
 h Mean   [L]       -0.41238E+04 -0.41238E+04
 Top Flux [L/T]      0.99840E-31
 Bot Flux [L/T]      0.00000E+00
 WatBalT  [L]       -0.22580E+00
 WatBalR  [%]              0.343
----------------------------------------------------------

----------------------------------------------------------
 Time       [T]      667.0000
----------------------------------------------------------
 Sub-region num.                     1
----------------------------------------------------------
 Length   [L]        0.15000E+03  0.15000E+03
 W-volume [L]        0.55635E+01  0.55635E+01
 In-flow  [L/T]     -0.31888E-05 -0.31888E-05
 h Mean   [L]       -0.41238E+04 -0.41238E+04
 Top Flux [L/T]      0.99840E-31
 Bot Flux [L/T]      0.00000E+00
 WatBalT  [L]       -0.22580E+00
 WatBalR  [%]              0.343
----------------------------------------------------------

----------------------------------------------------------
 Time       [T]      668.0000
----------------------------------------------------------
 Sub-region num.                     1
----------------------------------------------------------
 Length   [L]        0.15000E+03  0.15000E+03
 W-volume [L]        0.55635E+01  0.55635E+01
 In-flow  [L/T]     -0.31888E-05 -0.31888E-05
 h Mean   [L]       -0.41238E+04 -0.41238E+04
 Top Flux [L/T]      0.99840E-31
 Bot Flux [L/T]      0.00000E+00
 WatBalT  [L]       -0.22579E+00
 WatBalR  [%]              0.343
----------------------------------------------------------

----------------------------------------------------------
 Time       [T]      669.0000
----------------------------------------------------------
 Sub-region num.                     1
----------------------------------------------------------
 Length   [L]        0.15000E+03  0.15000E+03
 W-volume [L]        0.55635E+01  0.55635E+01
 In-flow  [L/T]     -0.31888E-05 -0.31888E-05
 h Mean   [L]       -0.41238E+04 -0.41238E+04
 Top Flux [L/T]      0.99840E-31
 Bot Flux [L/T]      0.00000E+00
 WatBalT  [L]       -0.22579E+00
 WatBalR  [%]              0.343
----------------------------------------------------------

----------------------------------------------------------
 Time       [T]      670.0000
----------------------------------------------------------
 Sub-region num.                     1
----------------------------------------------------------
 Length   [L]        0.15000E+03  0.15000E+03
 W-volume [L]        0.55635E+01  0.55635E+01
 In-flow  [L/T]     -0.31888E-05 -0.31888E-05
 h Mean   [L]       -0.41238E+04 -0.41238E+04
 Top Flux [L/T]      0.99840E-31
 Bot Flux [L/T]      0.00000E+00
 WatBalT  [L]       -0.22579E+00
 WatBalR  [%]              0.343
----------------------------------------------------------

----------------------------------------------------------
 Time       [T]      671.0000
----------------------------------------------------------
 Sub-region num.                     1
----------------------------------------------------------
 Length   [L]        0.15000E+03  0.15000E+03
 W-volume [L]        0.55635E+01  0.55635E+01
 In-flow  [L/T]     -0.31888E-05 -0.31888E-05
 h Mean   [L]       -0.41238E+04 -0.41238E+04
 Top Flux [L/T]      0.99840E-31
 Bot Flux [L/T]      0.00000E+00
 WatBalT  [L]       -0.22579E+00
 WatBalR  [%]              0.343
----------------------------------------------------------

----------------------------------------------------------
 Time       [T]      672.0000
----------------------------------------------------------
 Sub-region num.                     1
----------------------------------------------------------
 Length   [L]        0.15000E+03  0.15000E+03
 W-volume [L]        0.55635E+01  0.55635E+01
 In-flow  [L/T]     -0.31888E-05 -0.31888E-05
 h Mean   [L]       -0.41238E+04 -0.41238E+04
 Top Flux [L/T]      0.99840E-31
 Bot Flux [L/T]      0.00000E+00
 WatBalT  [L]       -0.22579E+00
 WatBalR  [%]              0.343
----------------------------------------------------------

----------------------------------------------------------
 Time       [T]      673.0000
----------------------------------------------------------
 Sub-region num.                     1
----------------------------------------------------------
 Length   [L]        0.15000E+03  0.15000E+03
 W-volume [L]        0.55635E+01  0.55635E+01
 In-flow  [L/T]     -0.31888E-05 -0.31888E-05
 h Mean   [L]       -0.41238E+04 -0.41238E+04
 Top Flux [L/T]      0.99840E-31
 Bot Flux [L/T]      0.00000E+00
 WatBalT  [L]       -0.22579E+00
 WatBalR  [%]              0.343
----------------------------------------------------------

----------------------------------------------------------
 Time       [T]      674.0000
----------------------------------------------------------
 Sub-region num.                     1
----------------------------------------------------------
 Length   [L]        0.15000E+03  0.15000E+03
 W-volume [L]        0.55635E+01  0.55635E+01
 In-flow  [L/T]     -0.31590E-05 -0.31590E-05
 h Mean   [L]       -0.41238E+04 -0.41238E+04
 Top Flux [L/T]      0.99840E-31
 Bot Flux [L/T]      0.00000E+00
 WatBalT  [L]       -0.22579E+00
 WatBalR  [%]              0.343
----------------------------------------------------------

----------------------------------------------------------
 Time       [T]      675.0000
----------------------------------------------------------
 Sub-region num.                     1
----------------------------------------------------------
 Length   [L]        0.15000E+03  0.15000E+03
 W-volume [L]        0.55635E+01  0.55635E+01
 In-flow  [L/T]     -0.31590E-05 -0.31590E-05
 h Mean   [L]       -0.41238E+04 -0.41238E+04
 Top Flux [L/T]      0.99840E-31
 Bot Flux [L/T]      0.00000E+00
 WatBalT  [L]       -0.22579E+00
 WatBalR  [%]              0.343
----------------------------------------------------------

----------------------------------------------------------
 Time       [T]      676.0000
----------------------------------------------------------
 Sub-region num.                     1
----------------------------------------------------------
 Length   [L]        0.15000E+03  0.15000E+03
 W-volume [L]        0.55635E+01  0.55635E+01
 In-flow  [L/T]     -0.31590E-05 -0.31590E-05
 h Mean   [L]       -0.41238E+04 -0.41238E+04
 Top Flux [L/T]      0.99840E-31
 Bot Flux [L/T]      0.00000E+00
 WatBalT  [L]       -0.22579E+00
 WatBalR  [%]              0.343
----------------------------------------------------------

----------------------------------------------------------
 Time       [T]      677.0000
----------------------------------------------------------
 Sub-region num.                     1
----------------------------------------------------------
 Length   [L]        0.15000E+03  0.15000E+03
 W-volume [L]        0.55635E+01  0.55635E+01
 In-flow  [L/T]     -0.31590E-05 -0.31590E-05
 h Mean   [L]       -0.41238E+04 -0.41238E+04
 Top Flux [L/T]      0.99840E-31
 Bot Flux [L/T]      0.00000E+00
 WatBalT  [L]       -0.22579E+00
 WatBalR  [%]              0.343
----------------------------------------------------------

----------------------------------------------------------
 Time       [T]      678.0000
----------------------------------------------------------
 Sub-region num.                     1
----------------------------------------------------------
 Length   [L]        0.15000E+03  0.15000E+03
 W-volume [L]        0.55635E+01  0.55635E+01
 In-flow  [L/T]     -0.31590E-05 -0.31590E-05
 h Mean   [L]       -0.41238E+04 -0.41238E+04
 Top Flux [L/T]      0.99840E-31
 Bot Flux [L/T]      0.00000E+00
 WatBalT  [L]       -0.22579E+00
 WatBalR  [%]              0.343
----------------------------------------------------------

----------------------------------------------------------
 Time       [T]      679.0000
----------------------------------------------------------
 Sub-region num.                     1
----------------------------------------------------------
 Length   [L]        0.15000E+03  0.15000E+03
 W-volume [L]        0.55635E+01  0.55635E+01
 In-flow  [L/T]     -0.31590E-05 -0.31590E-05
 h Mean   [L]       -0.41238E+04 -0.41238E+04
 Top Flux [L/T]      0.99840E-31
 Bot Flux [L/T]      0.00000E+00
 WatBalT  [L]       -0.22579E+00
 WatBalR  [%]              0.343
----------------------------------------------------------

----------------------------------------------------------
 Time       [T]      680.0000
----------------------------------------------------------
 Sub-region num.                     1
----------------------------------------------------------
 Length   [L]        0.15000E+03  0.15000E+03
 W-volume [L]        0.55635E+01  0.55635E+01
 In-flow  [L/T]     -0.31590E-05 -0.31590E-05
 h Mean   [L]       -0.41238E+04 -0.41238E+04
 Top Flux [L/T]      0.99840E-31
 Bot Flux [L/T]      0.00000E+00
 WatBalT  [L]       -0.22579E+00
 WatBalR  [%]              0.343
----------------------------------------------------------

----------------------------------------------------------
 Time       [T]      681.0000
----------------------------------------------------------
 Sub-region num.                     1
----------------------------------------------------------
 Length   [L]        0.15000E+03  0.15000E+03
 W-volume [L]        0.55635E+01  0.55635E+01
 In-flow  [L/T]     -0.31590E-05 -0.31590E-05
 h Mean   [L]       -0.41238E+04 -0.41238E+04
 Top Flux [L/T]      0.99840E-31
 Bot Flux [L/T]      0.00000E+00
 WatBalT  [L]       -0.22579E+00
 WatBalR  [%]              0.343
----------------------------------------------------------

----------------------------------------------------------
 Time       [T]      682.0000
----------------------------------------------------------
 Sub-region num.                     1
----------------------------------------------------------
 Length   [L]        0.15000E+03  0.15000E+03
 W-volume [L]        0.55635E+01  0.55635E+01
 In-flow  [L/T]     -0.31590E-05 -0.31590E-05
 h Mean   [L]       -0.41238E+04 -0.41238E+04
 Top Flux [L/T]      0.99840E-31
 Bot Flux [L/T]      0.00000E+00
 WatBalT  [L]       -0.22578E+00
 WatBalR  [%]              0.343
----------------------------------------------------------

----------------------------------------------------------
 Time       [T]      683.0000
----------------------------------------------------------
 Sub-region num.                     1
----------------------------------------------------------
 Length   [L]        0.15000E+03  0.15000E+03
 W-volume [L]        0.55634E+01  0.55634E+01
 In-flow  [L/T]     -0.31590E-05 -0.31590E-05
 h Mean   [L]       -0.41238E+04 -0.41238E+04
 Top Flux [L/T]      0.99840E-31
 Bot Flux [L/T]      0.00000E+00
 WatBalT  [L]       -0.22578E+00
 WatBalR  [%]              0.343
----------------------------------------------------------

----------------------------------------------------------
 Time       [T]      684.0000
----------------------------------------------------------
 Sub-region num.                     1
----------------------------------------------------------
 Length   [L]        0.15000E+03  0.15000E+03
 W-volume [L]        0.55634E+01  0.55634E+01
 In-flow  [L/T]     -0.31292E-05 -0.31292E-05
 h Mean   [L]       -0.41238E+04 -0.41238E+04
 Top Flux [L/T]      0.99840E-31
 Bot Flux [L/T]      0.00000E+00
 WatBalT  [L]       -0.22578E+00
 WatBalR  [%]              0.343
----------------------------------------------------------

----------------------------------------------------------
 Time       [T]      685.0000
----------------------------------------------------------
 Sub-region num.                     1
----------------------------------------------------------
 Length   [L]        0.15000E+03  0.15000E+03
 W-volume [L]        0.55634E+01  0.55634E+01
 In-flow  [L/T]     -0.31292E-05 -0.31292E-05
 h Mean   [L]       -0.41238E+04 -0.41238E+04
 Top Flux [L/T]      0.99840E-31
 Bot Flux [L/T]      0.00000E+00
 WatBalT  [L]       -0.22578E+00
 WatBalR  [%]              0.343
----------------------------------------------------------

----------------------------------------------------------
 Time       [T]      686.0000
----------------------------------------------------------
 Sub-region num.                     1
----------------------------------------------------------
 Length   [L]        0.15000E+03  0.15000E+03
 W-volume [L]        0.55634E+01  0.55634E+01
 In-flow  [L/T]     -0.31292E-05 -0.31292E-05
 h Mean   [L]       -0.41238E+04 -0.41238E+04
 Top Flux [L/T]      0.99840E-31
 Bot Flux [L/T]      0.00000E+00
 WatBalT  [L]       -0.22578E+00
 WatBalR  [%]              0.343
----------------------------------------------------------

----------------------------------------------------------
 Time       [T]      687.0000
----------------------------------------------------------
 Sub-region num.                     1
----------------------------------------------------------
 Length   [L]        0.15000E+03  0.15000E+03
 W-volume [L]        0.55634E+01  0.55634E+01
 In-flow  [L/T]     -0.31292E-05 -0.31292E-05
 h Mean   [L]       -0.41238E+04 -0.41238E+04
 Top Flux [L/T]      0.99840E-31
 Bot Flux [L/T]      0.00000E+00
 WatBalT  [L]       -0.22578E+00
 WatBalR  [%]              0.343
----------------------------------------------------------

----------------------------------------------------------
 Time       [T]      688.0000
----------------------------------------------------------
 Sub-region num.                     1
----------------------------------------------------------
 Length   [L]        0.15000E+03  0.15000E+03
 W-volume [L]        0.55634E+01  0.55634E+01
 In-flow  [L/T]     -0.31292E-05 -0.31292E-05
 h Mean   [L]       -0.41238E+04 -0.41238E+04
 Top Flux [L/T]      0.99840E-31
 Bot Flux [L/T]      0.00000E+00
 WatBalT  [L]       -0.22578E+00
 WatBalR  [%]              0.343
----------------------------------------------------------

----------------------------------------------------------
 Time       [T]      689.0000
----------------------------------------------------------
 Sub-region num.                     1
----------------------------------------------------------
 Length   [L]        0.15000E+03  0.15000E+03
 W-volume [L]        0.55634E+01  0.55634E+01
 In-flow  [L/T]     -0.31292E-05 -0.31292E-05
 h Mean   [L]       -0.41238E+04 -0.41238E+04
 Top Flux [L/T]      0.99840E-31
 Bot Flux [L/T]      0.00000E+00
 WatBalT  [L]       -0.22578E+00
 WatBalR  [%]              0.343
----------------------------------------------------------

----------------------------------------------------------
 Time       [T]      690.0000
----------------------------------------------------------
 Sub-region num.                     1
----------------------------------------------------------
 Length   [L]        0.15000E+03  0.15000E+03
 W-volume [L]        0.55634E+01  0.55634E+01
 In-flow  [L/T]     -0.31292E-05 -0.31292E-05
 h Mean   [L]       -0.41238E+04 -0.41238E+04
 Top Flux [L/T]      0.99840E-31
 Bot Flux [L/T]      0.00000E+00
 WatBalT  [L]       -0.22578E+00
 WatBalR  [%]              0.343
----------------------------------------------------------

----------------------------------------------------------
 Time       [T]      691.0000
----------------------------------------------------------
 Sub-region num.                     1
----------------------------------------------------------
 Length   [L]        0.15000E+03  0.15000E+03
 W-volume [L]        0.55634E+01  0.55634E+01
 In-flow  [L/T]     -0.31292E-05 -0.31292E-05
 h Mean   [L]       -0.41238E+04 -0.41238E+04
 Top Flux [L/T]      0.99840E-31
 Bot Flux [L/T]      0.00000E+00
 WatBalT  [L]       -0.22578E+00
 WatBalR  [%]              0.343
----------------------------------------------------------

----------------------------------------------------------
 Time       [T]      692.0000
----------------------------------------------------------
 Sub-region num.                     1
----------------------------------------------------------
 Length   [L]        0.15000E+03  0.15000E+03
 W-volume [L]        0.55634E+01  0.55634E+01
 In-flow  [L/T]     -0.31292E-05 -0.31292E-05
 h Mean   [L]       -0.41238E+04 -0.41238E+04
 Top Flux [L/T]      0.99840E-31
 Bot Flux [L/T]      0.00000E+00
 WatBalT  [L]       -0.22578E+00
 WatBalR  [%]              0.343
----------------------------------------------------------

----------------------------------------------------------
 Time       [T]      693.0000
----------------------------------------------------------
 Sub-region num.                     1
----------------------------------------------------------
 Length   [L]        0.15000E+03  0.15000E+03
 W-volume [L]        0.55634E+01  0.55634E+01
 In-flow  [L/T]     -0.31292E-05 -0.31292E-05
 h Mean   [L]       -0.41238E+04 -0.41238E+04
 Top Flux [L/T]      0.99840E-31
 Bot Flux [L/T]      0.00000E+00
 WatBalT  [L]       -0.22578E+00
 WatBalR  [%]              0.343
----------------------------------------------------------

----------------------------------------------------------
 Time       [T]      694.0000
----------------------------------------------------------
 Sub-region num.                     1
----------------------------------------------------------
 Length   [L]        0.15000E+03  0.15000E+03
 W-volume [L]        0.55634E+01  0.55634E+01
 In-flow  [L/T]     -0.31292E-05 -0.31292E-05
 h Mean   [L]       -0.41238E+04 -0.41238E+04
 Top Flux [L/T]      0.99840E-31
 Bot Flux [L/T]      0.00000E+00
 WatBalT  [L]       -0.22578E+00
 WatBalR  [%]              0.343
----------------------------------------------------------

----------------------------------------------------------
 Time       [T]      695.0000
----------------------------------------------------------
 Sub-region num.                     1
----------------------------------------------------------
 Length   [L]        0.15000E+03  0.15000E+03
 W-volume [L]        0.55634E+01  0.55634E+01
 In-flow  [L/T]     -0.30994E-05 -0.30994E-05
 h Mean   [L]       -0.41238E+04 -0.41238E+04
 Top Flux [L/T]      0.99840E-31
 Bot Flux [L/T]      0.00000E+00
 WatBalT  [L]       -0.22578E+00
 WatBalR  [%]              0.343
----------------------------------------------------------

----------------------------------------------------------
 Time       [T]      696.0000
----------------------------------------------------------
 Sub-region num.                     1
----------------------------------------------------------
 Length   [L]        0.15000E+03  0.15000E+03
 W-volume [L]        0.55634E+01  0.55634E+01
 In-flow  [L/T]     -0.30994E-05 -0.30994E-05
 h Mean   [L]       -0.41238E+04 -0.41238E+04
 Top Flux [L/T]      0.99840E-31
 Bot Flux [L/T]      0.00000E+00
 WatBalT  [L]       -0.22578E+00
 WatBalR  [%]              0.343
----------------------------------------------------------

----------------------------------------------------------
 Time       [T]      697.0000
----------------------------------------------------------
 Sub-region num.                     1
----------------------------------------------------------
 Length   [L]        0.15000E+03  0.15000E+03
 W-volume [L]        0.55634E+01  0.55634E+01
 In-flow  [L/T]     -0.30994E-05 -0.30994E-05
 h Mean   [L]       -0.41238E+04 -0.41238E+04
 Top Flux [L/T]      0.99840E-31
 Bot Flux [L/T]      0.00000E+00
 WatBalT  [L]       -0.22577E+00
 WatBalR  [%]              0.343
----------------------------------------------------------

----------------------------------------------------------
 Time       [T]      698.0000
----------------------------------------------------------
 Sub-region num.                     1
----------------------------------------------------------
 Length   [L]        0.15000E+03  0.15000E+03
 W-volume [L]        0.55634E+01  0.55634E+01
 In-flow  [L/T]     -0.30994E-05 -0.30994E-05
 h Mean   [L]       -0.41238E+04 -0.41238E+04
 Top Flux [L/T]      0.99840E-31
 Bot Flux [L/T]      0.00000E+00
 WatBalT  [L]       -0.22577E+00
 WatBalR  [%]              0.343
----------------------------------------------------------

----------------------------------------------------------
 Time       [T]      699.0000
----------------------------------------------------------
 Sub-region num.                     1
----------------------------------------------------------
 Length   [L]        0.15000E+03  0.15000E+03
 W-volume [L]        0.55634E+01  0.55634E+01
 In-flow  [L/T]     -0.30994E-05 -0.30994E-05
 h Mean   [L]       -0.41238E+04 -0.41238E+04
 Top Flux [L/T]      0.99840E-31
 Bot Flux [L/T]      0.00000E+00
 WatBalT  [L]       -0.22577E+00
 WatBalR  [%]              0.343
----------------------------------------------------------

----------------------------------------------------------
 Time       [T]      700.0000
----------------------------------------------------------
 Sub-region num.                     1
----------------------------------------------------------
 Length   [L]        0.15000E+03  0.15000E+03
 W-volume [L]        0.55634E+01  0.55634E+01
 In-flow  [L/T]     -0.30994E-05 -0.30994E-05
 h Mean   [L]       -0.41238E+04 -0.41238E+04
 Top Flux [L/T]      0.99840E-31
 Bot Flux [L/T]      0.00000E+00
 WatBalT  [L]       -0.22577E+00
 WatBalR  [%]              0.343
----------------------------------------------------------

----------------------------------------------------------
 Time       [T]      701.0000
----------------------------------------------------------
 Sub-region num.                     1
----------------------------------------------------------
 Length   [L]        0.15000E+03  0.15000E+03
 W-volume [L]        0.55634E+01  0.55634E+01
 In-flow  [L/T]     -0.30994E-05 -0.30994E-05
 h Mean   [L]       -0.41238E+04 -0.41238E+04
 Top Flux [L/T]      0.99840E-31
 Bot Flux [L/T]      0.00000E+00
 WatBalT  [L]       -0.22577E+00
 WatBalR  [%]              0.343
----------------------------------------------------------

----------------------------------------------------------
 Time       [T]      702.0000
----------------------------------------------------------
 Sub-region num.                     1
----------------------------------------------------------
 Length   [L]        0.15000E+03  0.15000E+03
 W-volume [L]        0.55634E+01  0.55634E+01
 In-flow  [L/T]     -0.30994E-05 -0.30994E-05
 h Mean   [L]       -0.41238E+04 -0.41238E+04
 Top Flux [L/T]      0.99840E-31
 Bot Flux [L/T]      0.00000E+00
 WatBalT  [L]       -0.22577E+00
 WatBalR  [%]              0.343
----------------------------------------------------------

----------------------------------------------------------
 Time       [T]      703.0000
----------------------------------------------------------
 Sub-region num.                     1
----------------------------------------------------------
 Length   [L]        0.15000E+03  0.15000E+03
 W-volume [L]        0.55634E+01  0.55634E+01
 In-flow  [L/T]     -0.30994E-05 -0.30994E-05
 h Mean   [L]       -0.41238E+04 -0.41238E+04
 Top Flux [L/T]      0.99840E-31
 Bot Flux [L/T]      0.00000E+00
 WatBalT  [L]       -0.22577E+00
 WatBalR  [%]              0.343
----------------------------------------------------------

----------------------------------------------------------
 Time       [T]      704.0000
----------------------------------------------------------
 Sub-region num.                     1
----------------------------------------------------------
 Length   [L]        0.15000E+03  0.15000E+03
 W-volume [L]        0.55634E+01  0.55634E+01
 In-flow  [L/T]     -0.30696E-05 -0.30696E-05
 h Mean   [L]       -0.41238E+04 -0.41238E+04
 Top Flux [L/T]      0.99840E-31
 Bot Flux [L/T]      0.00000E+00
 WatBalT  [L]       -0.22577E+00
 WatBalR  [%]              0.343
----------------------------------------------------------

----------------------------------------------------------
 Time       [T]      705.0000
----------------------------------------------------------
 Sub-region num.                     1
----------------------------------------------------------
 Length   [L]        0.15000E+03  0.15000E+03
 W-volume [L]        0.55634E+01  0.55634E+01
 In-flow  [L/T]     -0.30696E-05 -0.30696E-05
 h Mean   [L]       -0.41238E+04 -0.41238E+04
 Top Flux [L/T]      0.99840E-31
 Bot Flux [L/T]      0.00000E+00
 WatBalT  [L]       -0.22577E+00
 WatBalR  [%]              0.343
----------------------------------------------------------

----------------------------------------------------------
 Time       [T]      706.0000
----------------------------------------------------------
 Sub-region num.                     1
----------------------------------------------------------
 Length   [L]        0.15000E+03  0.15000E+03
 W-volume [L]        0.55634E+01  0.55634E+01
 In-flow  [L/T]     -0.30696E-05 -0.30696E-05
 h Mean   [L]       -0.41238E+04 -0.41238E+04
 Top Flux [L/T]      0.99840E-31
 Bot Flux [L/T]      0.00000E+00
 WatBalT  [L]       -0.22577E+00
 WatBalR  [%]              0.343
----------------------------------------------------------

----------------------------------------------------------
 Time       [T]      707.0000
----------------------------------------------------------
 Sub-region num.                     1
----------------------------------------------------------
 Length   [L]        0.15000E+03  0.15000E+03
 W-volume [L]        0.55634E+01  0.55634E+01
 In-flow  [L/T]     -0.30696E-05 -0.30696E-05
 h Mean   [L]       -0.41238E+04 -0.41238E+04
 Top Flux [L/T]      0.99840E-31
 Bot Flux [L/T]      0.00000E+00
 WatBalT  [L]       -0.22577E+00
 WatBalR  [%]              0.343
----------------------------------------------------------

----------------------------------------------------------
 Time       [T]      708.0000
----------------------------------------------------------
 Sub-region num.                     1
----------------------------------------------------------
 Length   [L]        0.15000E+03  0.15000E+03
 W-volume [L]        0.55634E+01  0.55634E+01
 In-flow  [L/T]     -0.30696E-05 -0.30696E-05
 h Mean   [L]       -0.41238E+04 -0.41238E+04
 Top Flux [L/T]      0.99840E-31
 Bot Flux [L/T]      0.00000E+00
 WatBalT  [L]       -0.22577E+00
 WatBalR  [%]              0.343
----------------------------------------------------------

----------------------------------------------------------
 Time       [T]      709.0000
----------------------------------------------------------
 Sub-region num.                     1
----------------------------------------------------------
 Length   [L]        0.15000E+03  0.15000E+03
 W-volume [L]        0.55634E+01  0.55634E+01
 In-flow  [L/T]     -0.30696E-05 -0.30696E-05
 h Mean   [L]       -0.41238E+04 -0.41238E+04
 Top Flux [L/T]      0.99840E-31
 Bot Flux [L/T]      0.00000E+00
 WatBalT  [L]       -0.22577E+00
 WatBalR  [%]              0.343
----------------------------------------------------------

----------------------------------------------------------
 Time       [T]      710.0000
----------------------------------------------------------
 Sub-region num.                     1
----------------------------------------------------------
 Length   [L]        0.15000E+03  0.15000E+03
 W-volume [L]        0.55634E+01  0.55634E+01
 In-flow  [L/T]     -0.30696E-05 -0.30696E-05
 h Mean   [L]       -0.41238E+04 -0.41238E+04
 Top Flux [L/T]      0.99840E-31
 Bot Flux [L/T]      0.00000E+00
 WatBalT  [L]       -0.22577E+00
 WatBalR  [%]              0.343
----------------------------------------------------------

----------------------------------------------------------
 Time       [T]      711.0000
----------------------------------------------------------
 Sub-region num.                     1
----------------------------------------------------------
 Length   [L]        0.15000E+03  0.15000E+03
 W-volume [L]        0.55634E+01  0.55634E+01
 In-flow  [L/T]     -0.30696E-05 -0.30696E-05
 h Mean   [L]       -0.41238E+04 -0.41238E+04
 Top Flux [L/T]      0.99840E-31
 Bot Flux [L/T]      0.00000E+00
 WatBalT  [L]       -0.22577E+00
 WatBalR  [%]              0.343
----------------------------------------------------------

----------------------------------------------------------
 Time       [T]      712.0000
----------------------------------------------------------
 Sub-region num.                     1
----------------------------------------------------------
 Length   [L]        0.15000E+03  0.15000E+03
 W-volume [L]        0.55634E+01  0.55634E+01
 In-flow  [L/T]     -0.30696E-05 -0.30696E-05
 h Mean   [L]       -0.41238E+04 -0.41238E+04
 Top Flux [L/T]      0.99840E-31
 Bot Flux [L/T]      0.00000E+00
 WatBalT  [L]       -0.22576E+00
 WatBalR  [%]              0.343
----------------------------------------------------------

----------------------------------------------------------
 Time       [T]      713.0000
----------------------------------------------------------
 Sub-region num.                     1
----------------------------------------------------------
 Length   [L]        0.15000E+03  0.15000E+03
 W-volume [L]        0.55634E+01  0.55634E+01
 In-flow  [L/T]     -0.30696E-05 -0.30696E-05
 h Mean   [L]       -0.41238E+04 -0.41238E+04
 Top Flux [L/T]      0.99840E-31
 Bot Flux [L/T]      0.00000E+00
 WatBalT  [L]       -0.22576E+00
 WatBalR  [%]              0.343
----------------------------------------------------------

----------------------------------------------------------
 Time       [T]      714.0000
----------------------------------------------------------
 Sub-region num.                     1
----------------------------------------------------------
 Length   [L]        0.15000E+03  0.15000E+03
 W-volume [L]        0.55634E+01  0.55634E+01
 In-flow  [L/T]     -0.30398E-05 -0.30398E-05
 h Mean   [L]       -0.41238E+04 -0.41238E+04
 Top Flux [L/T]      0.99840E-31
 Bot Flux [L/T]      0.00000E+00
 WatBalT  [L]       -0.22576E+00
 WatBalR  [%]              0.343
----------------------------------------------------------

----------------------------------------------------------
 Time       [T]      715.0000
----------------------------------------------------------
 Sub-region num.                     1
----------------------------------------------------------
 Length   [L]        0.15000E+03  0.15000E+03
 W-volume [L]        0.55634E+01  0.55634E+01
 In-flow  [L/T]     -0.30398E-05 -0.30398E-05
 h Mean   [L]       -0.41238E+04 -0.41238E+04
 Top Flux [L/T]      0.99840E-31
 Bot Flux [L/T]      0.00000E+00
 WatBalT  [L]       -0.22576E+00
 WatBalR  [%]              0.343
----------------------------------------------------------

----------------------------------------------------------
 Time       [T]      716.0000
----------------------------------------------------------
 Sub-region num.                     1
----------------------------------------------------------
 Length   [L]        0.15000E+03  0.15000E+03
 W-volume [L]        0.55633E+01  0.55633E+01
 In-flow  [L/T]     -0.30398E-05 -0.30398E-05
 h Mean   [L]       -0.41238E+04 -0.41238E+04
 Top Flux [L/T]      0.99840E-31
 Bot Flux [L/T]      0.00000E+00
 WatBalT  [L]       -0.22576E+00
 WatBalR  [%]              0.343
----------------------------------------------------------

----------------------------------------------------------
 Time       [T]      717.0000
----------------------------------------------------------
 Sub-region num.                     1
----------------------------------------------------------
 Length   [L]        0.15000E+03  0.15000E+03
 W-volume [L]        0.55633E+01  0.55633E+01
 In-flow  [L/T]     -0.30398E-05 -0.30398E-05
 h Mean   [L]       -0.41238E+04 -0.41238E+04
 Top Flux [L/T]      0.99840E-31
 Bot Flux [L/T]      0.00000E+00
 WatBalT  [L]       -0.22576E+00
 WatBalR  [%]              0.343
----------------------------------------------------------

----------------------------------------------------------
 Time       [T]      718.0000
----------------------------------------------------------
 Sub-region num.                     1
----------------------------------------------------------
 Length   [L]        0.15000E+03  0.15000E+03
 W-volume [L]        0.55633E+01  0.55633E+01
 In-flow  [L/T]     -0.30398E-05 -0.30398E-05
 h Mean   [L]       -0.41238E+04 -0.41238E+04
 Top Flux [L/T]      0.99840E-31
 Bot Flux [L/T]      0.00000E+00
 WatBalT  [L]       -0.22576E+00
 WatBalR  [%]              0.343
----------------------------------------------------------

----------------------------------------------------------
 Time       [T]      719.0000
----------------------------------------------------------
 Sub-region num.                     1
----------------------------------------------------------
 Length   [L]        0.15000E+03  0.15000E+03
 W-volume [L]        0.55633E+01  0.55633E+01
 In-flow  [L/T]     -0.30398E-05 -0.30398E-05
 h Mean   [L]       -0.41238E+04 -0.41238E+04
 Top Flux [L/T]      0.99840E-31
 Bot Flux [L/T]      0.00000E+00
 WatBalT  [L]       -0.22576E+00
 WatBalR  [%]              0.343
----------------------------------------------------------

----------------------------------------------------------
 Time       [T]      720.0000
----------------------------------------------------------
 Sub-region num.                     1
----------------------------------------------------------
 Length   [L]        0.15000E+03  0.15000E+03
 W-volume [L]        0.55633E+01  0.55633E+01
 In-flow  [L/T]     -0.30398E-05 -0.30398E-05
 h Mean   [L]       -0.41238E+04 -0.41238E+04
 Top Flux [L/T]      0.99840E-31
 Bot Flux [L/T]      0.00000E+00
 WatBalT  [L]       -0.22576E+00
 WatBalR  [%]              0.343
----------------------------------------------------------

----------------------------------------------------------
 Time       [T]      721.0000
----------------------------------------------------------
 Sub-region num.                     1
----------------------------------------------------------
 Length   [L]        0.15000E+03  0.15000E+03
 W-volume [L]        0.55633E+01  0.55633E+01
 In-flow  [L/T]     -0.30398E-05 -0.30398E-05
 h Mean   [L]       -0.41238E+04 -0.41238E+04
 Top Flux [L/T]      0.99840E-31
 Bot Flux [L/T]      0.00000E+00
 WatBalT  [L]       -0.22576E+00
 WatBalR  [%]              0.343
----------------------------------------------------------

----------------------------------------------------------
 Time       [T]      722.0000
----------------------------------------------------------
 Sub-region num.                     1
----------------------------------------------------------
 Length   [L]        0.15000E+03  0.15000E+03
 W-volume [L]        0.55633E+01  0.55633E+01
 In-flow  [L/T]     -0.30398E-05 -0.30398E-05
 h Mean   [L]       -0.41238E+04 -0.41238E+04
 Top Flux [L/T]      0.99840E-31
 Bot Flux [L/T]      0.00000E+00
 WatBalT  [L]       -0.22576E+00
 WatBalR  [%]              0.343
----------------------------------------------------------

----------------------------------------------------------
 Time       [T]      723.0000
----------------------------------------------------------
 Sub-region num.                     1
----------------------------------------------------------
 Length   [L]        0.15000E+03  0.15000E+03
 W-volume [L]        0.55633E+01  0.55633E+01
 In-flow  [L/T]     -0.30398E-05 -0.30398E-05
 h Mean   [L]       -0.41238E+04 -0.41238E+04
 Top Flux [L/T]      0.99840E-31
 Bot Flux [L/T]      0.00000E+00
 WatBalT  [L]       -0.22576E+00
 WatBalR  [%]              0.343
----------------------------------------------------------

----------------------------------------------------------
 Time       [T]      724.0000
----------------------------------------------------------
 Sub-region num.                     1
----------------------------------------------------------
 Length   [L]        0.15000E+03  0.15000E+03
 W-volume [L]        0.55633E+01  0.55633E+01
 In-flow  [L/T]     -0.30100E-05 -0.30100E-05
 h Mean   [L]       -0.41238E+04 -0.41238E+04
 Top Flux [L/T]      0.99840E-31
 Bot Flux [L/T]      0.00000E+00
 WatBalT  [L]       -0.22575E+00
 WatBalR  [%]              0.343
----------------------------------------------------------

----------------------------------------------------------
 Time       [T]      725.0000
----------------------------------------------------------
 Sub-region num.                     1
----------------------------------------------------------
 Length   [L]        0.15000E+03  0.15000E+03
 W-volume [L]        0.55633E+01  0.55633E+01
 In-flow  [L/T]     -0.30100E-05 -0.30100E-05
 h Mean   [L]       -0.41238E+04 -0.41238E+04
 Top Flux [L/T]      0.99840E-31
 Bot Flux [L/T]      0.00000E+00
 WatBalT  [L]       -0.22575E+00
 WatBalR  [%]              0.343
----------------------------------------------------------

----------------------------------------------------------
 Time       [T]      726.0000
----------------------------------------------------------
 Sub-region num.                     1
----------------------------------------------------------
 Length   [L]        0.15000E+03  0.15000E+03
 W-volume [L]        0.55633E+01  0.55633E+01
 In-flow  [L/T]     -0.30100E-05 -0.30100E-05
 h Mean   [L]       -0.41238E+04 -0.41238E+04
 Top Flux [L/T]      0.99840E-31
 Bot Flux [L/T]      0.00000E+00
 WatBalT  [L]       -0.22575E+00
 WatBalR  [%]              0.343
----------------------------------------------------------

----------------------------------------------------------
 Time       [T]      727.0000
----------------------------------------------------------
 Sub-region num.                     1
----------------------------------------------------------
 Length   [L]        0.15000E+03  0.15000E+03
 W-volume [L]        0.55633E+01  0.55633E+01
 In-flow  [L/T]     -0.30100E-05 -0.30100E-05
 h Mean   [L]       -0.41238E+04 -0.41238E+04
 Top Flux [L/T]      0.99840E-31
 Bot Flux [L/T]      0.00000E+00
 WatBalT  [L]       -0.22575E+00
 WatBalR  [%]              0.343
----------------------------------------------------------

----------------------------------------------------------
 Time       [T]      728.0000
----------------------------------------------------------
 Sub-region num.                     1
----------------------------------------------------------
 Length   [L]        0.15000E+03  0.15000E+03
 W-volume [L]        0.55633E+01  0.55633E+01
 In-flow  [L/T]     -0.30100E-05 -0.30100E-05
 h Mean   [L]       -0.41238E+04 -0.41238E+04
 Top Flux [L/T]      0.99840E-31
 Bot Flux [L/T]      0.00000E+00
 WatBalT  [L]       -0.22575E+00
 WatBalR  [%]              0.343
----------------------------------------------------------

----------------------------------------------------------
 Time       [T]      729.0000
----------------------------------------------------------
 Sub-region num.                     1
----------------------------------------------------------
 Length   [L]        0.15000E+03  0.15000E+03
 W-volume [L]        0.55633E+01  0.55633E+01
 In-flow  [L/T]     -0.30100E-05 -0.30100E-05
 h Mean   [L]       -0.41238E+04 -0.41238E+04
 Top Flux [L/T]      0.99840E-31
 Bot Flux [L/T]      0.00000E+00
 WatBalT  [L]       -0.22575E+00
 WatBalR  [%]              0.343
----------------------------------------------------------

----------------------------------------------------------
 Time       [T]      730.0000
----------------------------------------------------------
 Sub-region num.                     1
----------------------------------------------------------
 Length   [L]        0.15000E+03  0.15000E+03
 W-volume [L]        0.55633E+01  0.55633E+01
 In-flow  [L/T]     -0.30100E-05 -0.30100E-05
 h Mean   [L]       -0.41238E+04 -0.41238E+04
 Top Flux [L/T]      0.99840E-31
 Bot Flux [L/T]      0.00000E+00
 WatBalT  [L]       -0.22575E+00
 WatBalR  [%]              0.343
----------------------------------------------------------

----------------------------------------------------------
 Time       [T]      731.0000
----------------------------------------------------------
 Sub-region num.                     1
----------------------------------------------------------
 Length   [L]        0.15000E+03  0.15000E+03
 W-volume [L]        0.55633E+01  0.55633E+01
 In-flow  [L/T]     -0.30100E-05 -0.30100E-05
 h Mean   [L]       -0.41238E+04 -0.41238E+04
 Top Flux [L/T]      0.99840E-31
 Bot Flux [L/T]      0.00000E+00
 WatBalT  [L]       -0.22575E+00
 WatBalR  [%]              0.343
----------------------------------------------------------

----------------------------------------------------------
 Time       [T]      732.0000
----------------------------------------------------------
 Sub-region num.                     1
----------------------------------------------------------
 Length   [L]        0.15000E+03  0.15000E+03
 W-volume [L]        0.55633E+01  0.55633E+01
 In-flow  [L/T]     -0.30100E-05 -0.30100E-05
 h Mean   [L]       -0.41238E+04 -0.41238E+04
 Top Flux [L/T]      0.99840E-31
 Bot Flux [L/T]      0.00000E+00
 WatBalT  [L]       -0.22575E+00
 WatBalR  [%]              0.343
----------------------------------------------------------

----------------------------------------------------------
 Time       [T]      733.0000
----------------------------------------------------------
 Sub-region num.                     1
----------------------------------------------------------
 Length   [L]        0.15000E+03  0.15000E+03
 W-volume [L]        0.55633E+01  0.55633E+01
 In-flow  [L/T]     -0.30100E-05 -0.30100E-05
 h Mean   [L]       -0.41238E+04 -0.41238E+04
 Top Flux [L/T]      0.99840E-31
 Bot Flux [L/T]      0.00000E+00
 WatBalT  [L]       -0.22575E+00
 WatBalR  [%]              0.343
----------------------------------------------------------

----------------------------------------------------------
 Time       [T]      734.0000
----------------------------------------------------------
 Sub-region num.                     1
----------------------------------------------------------
 Length   [L]        0.15000E+03  0.15000E+03
 W-volume [L]        0.55633E+01  0.55633E+01
 In-flow  [L/T]     -0.29802E-05 -0.29802E-05
 h Mean   [L]       -0.41238E+04 -0.41238E+04
 Top Flux [L/T]      0.99840E-31
 Bot Flux [L/T]      0.00000E+00
 WatBalT  [L]       -0.22575E+00
 WatBalR  [%]              0.343
----------------------------------------------------------

----------------------------------------------------------
 Time       [T]      735.0000
----------------------------------------------------------
 Sub-region num.                     1
----------------------------------------------------------
 Length   [L]        0.15000E+03  0.15000E+03
 W-volume [L]        0.55633E+01  0.55633E+01
 In-flow  [L/T]     -0.29802E-05 -0.29802E-05
 h Mean   [L]       -0.41238E+04 -0.41238E+04
 Top Flux [L/T]      0.99840E-31
 Bot Flux [L/T]      0.00000E+00
 WatBalT  [L]       -0.22575E+00
 WatBalR  [%]              0.343
----------------------------------------------------------

----------------------------------------------------------
 Time       [T]      736.0000
----------------------------------------------------------
 Sub-region num.                     1
----------------------------------------------------------
 Length   [L]        0.15000E+03  0.15000E+03
 W-volume [L]        0.55633E+01  0.55633E+01
 In-flow  [L/T]     -0.29802E-05 -0.29802E-05
 h Mean   [L]       -0.41238E+04 -0.41238E+04
 Top Flux [L/T]      0.99840E-31
 Bot Flux [L/T]      0.00000E+00
 WatBalT  [L]       -0.22574E+00
 WatBalR  [%]              0.343
----------------------------------------------------------

----------------------------------------------------------
 Time       [T]      737.0000
----------------------------------------------------------
 Sub-region num.                     1
----------------------------------------------------------
 Length   [L]        0.15000E+03  0.15000E+03
 W-volume [L]        0.55633E+01  0.55633E+01
 In-flow  [L/T]     -0.29802E-05 -0.29802E-05
 h Mean   [L]       -0.41238E+04 -0.41238E+04
 Top Flux [L/T]      0.99840E-31
 Bot Flux [L/T]      0.00000E+00
 WatBalT  [L]       -0.22574E+00
 WatBalR  [%]              0.343
----------------------------------------------------------

----------------------------------------------------------
 Time       [T]      738.0000
----------------------------------------------------------
 Sub-region num.                     1
----------------------------------------------------------
 Length   [L]        0.15000E+03  0.15000E+03
 W-volume [L]        0.55633E+01  0.55633E+01
 In-flow  [L/T]     -0.29802E-05 -0.29802E-05
 h Mean   [L]       -0.41238E+04 -0.41238E+04
 Top Flux [L/T]      0.99840E-31
 Bot Flux [L/T]      0.00000E+00
 WatBalT  [L]       -0.22574E+00
 WatBalR  [%]              0.343
----------------------------------------------------------

----------------------------------------------------------
 Time       [T]      739.0000
----------------------------------------------------------
 Sub-region num.                     1
----------------------------------------------------------
 Length   [L]        0.15000E+03  0.15000E+03
 W-volume [L]        0.55633E+01  0.55633E+01
 In-flow  [L/T]     -0.29802E-05 -0.29802E-05
 h Mean   [L]       -0.41238E+04 -0.41238E+04
 Top Flux [L/T]      0.99840E-31
 Bot Flux [L/T]      0.00000E+00
 WatBalT  [L]       -0.22574E+00
 WatBalR  [%]              0.343
----------------------------------------------------------

----------------------------------------------------------
 Time       [T]      740.0000
----------------------------------------------------------
 Sub-region num.                     1
----------------------------------------------------------
 Length   [L]        0.15000E+03  0.15000E+03
 W-volume [L]        0.55633E+01  0.55633E+01
 In-flow  [L/T]     -0.29802E-05 -0.29802E-05
 h Mean   [L]       -0.41238E+04 -0.41238E+04
 Top Flux [L/T]      0.99840E-31
 Bot Flux [L/T]      0.00000E+00
 WatBalT  [L]       -0.22574E+00
 WatBalR  [%]              0.343
----------------------------------------------------------

----------------------------------------------------------
 Time       [T]      741.0000
----------------------------------------------------------
 Sub-region num.                     1
----------------------------------------------------------
 Length   [L]        0.15000E+03  0.15000E+03
 W-volume [L]        0.55633E+01  0.55633E+01
 In-flow  [L/T]     -0.29802E-05 -0.29802E-05
 h Mean   [L]       -0.41238E+04 -0.41238E+04
 Top Flux [L/T]      0.99840E-31
 Bot Flux [L/T]      0.00000E+00
 WatBalT  [L]       -0.22574E+00
 WatBalR  [%]              0.343
----------------------------------------------------------

----------------------------------------------------------
 Time       [T]      742.0000
----------------------------------------------------------
 Sub-region num.                     1
----------------------------------------------------------
 Length   [L]        0.15000E+03  0.15000E+03
 W-volume [L]        0.55633E+01  0.55633E+01
 In-flow  [L/T]     -0.29802E-05 -0.29802E-05
 h Mean   [L]       -0.41238E+04 -0.41238E+04
 Top Flux [L/T]      0.99840E-31
 Bot Flux [L/T]      0.00000E+00
 WatBalT  [L]       -0.22574E+00
 WatBalR  [%]              0.343
----------------------------------------------------------

----------------------------------------------------------
 Time       [T]      743.0000
----------------------------------------------------------
 Sub-region num.                     1
----------------------------------------------------------
 Length   [L]        0.15000E+03  0.15000E+03
 W-volume [L]        0.55633E+01  0.55633E+01
 In-flow  [L/T]     -0.29802E-05 -0.29802E-05
 h Mean   [L]       -0.41238E+04 -0.41238E+04
 Top Flux [L/T]      0.99840E-31
 Bot Flux [L/T]      0.00000E+00
 WatBalT  [L]       -0.22574E+00
 WatBalR  [%]              0.343
----------------------------------------------------------

----------------------------------------------------------
 Time       [T]      744.0000
----------------------------------------------------------
 Sub-region num.                     1
----------------------------------------------------------
 Length   [L]        0.15000E+03  0.15000E+03
 W-volume [L]        0.55633E+01  0.55633E+01
 In-flow  [L/T]     -0.29802E-05 -0.29802E-05
 h Mean   [L]       -0.41238E+04 -0.41238E+04
 Top Flux [L/T]      0.99840E-31
 Bot Flux [L/T]      0.00000E+00
 WatBalT  [L]       -0.22574E+00
 WatBalR  [%]              0.343
----------------------------------------------------------

----------------------------------------------------------
 Time       [T]      745.0000
----------------------------------------------------------
 Sub-region num.                     1
----------------------------------------------------------
 Length   [L]        0.15000E+03  0.15000E+03
 W-volume [L]        0.55633E+01  0.55633E+01
 In-flow  [L/T]     -0.29504E-05 -0.29504E-05
 h Mean   [L]       -0.41238E+04 -0.41238E+04
 Top Flux [L/T]      0.99840E-31
 Bot Flux [L/T]      0.00000E+00
 WatBalT  [L]       -0.22574E+00
 WatBalR  [%]              0.343
----------------------------------------------------------

----------------------------------------------------------
 Time       [T]      746.0000
----------------------------------------------------------
 Sub-region num.                     1
----------------------------------------------------------
 Length   [L]        0.15000E+03  0.15000E+03
 W-volume [L]        0.55633E+01  0.55633E+01
 In-flow  [L/T]     -0.29504E-05 -0.29504E-05
 h Mean   [L]       -0.41238E+04 -0.41238E+04
 Top Flux [L/T]      0.99840E-31
 Bot Flux [L/T]      0.00000E+00
 WatBalT  [L]       -0.22574E+00
 WatBalR  [%]              0.343
----------------------------------------------------------

----------------------------------------------------------
 Time       [T]      747.0000
----------------------------------------------------------
 Sub-region num.                     1
----------------------------------------------------------
 Length   [L]        0.15000E+03  0.15000E+03
 W-volume [L]        0.55633E+01  0.55633E+01
 In-flow  [L/T]     -0.29504E-05 -0.29504E-05
 h Mean   [L]       -0.41238E+04 -0.41238E+04
 Top Flux [L/T]      0.99840E-31
 Bot Flux [L/T]      0.00000E+00
 WatBalT  [L]       -0.22573E+00
 WatBalR  [%]              0.343
----------------------------------------------------------

----------------------------------------------------------
 Time       [T]      748.0000
----------------------------------------------------------
 Sub-region num.                     1
----------------------------------------------------------
 Length   [L]        0.15000E+03  0.15000E+03
 W-volume [L]        0.55633E+01  0.55633E+01
 In-flow  [L/T]     -0.29504E-05 -0.29504E-05
 h Mean   [L]       -0.41238E+04 -0.41238E+04
 Top Flux [L/T]      0.99840E-31
 Bot Flux [L/T]      0.00000E+00
 WatBalT  [L]       -0.22573E+00
 WatBalR  [%]              0.343
----------------------------------------------------------

----------------------------------------------------------
 Time       [T]      749.0000
----------------------------------------------------------
 Sub-region num.                     1
----------------------------------------------------------
 Length   [L]        0.15000E+03  0.15000E+03
 W-volume [L]        0.55632E+01  0.55632E+01
 In-flow  [L/T]     -0.29504E-05 -0.29504E-05
 h Mean   [L]       -0.41238E+04 -0.41238E+04
 Top Flux [L/T]      0.99840E-31
 Bot Flux [L/T]      0.00000E+00
 WatBalT  [L]       -0.22573E+00
 WatBalR  [%]              0.343
----------------------------------------------------------

----------------------------------------------------------
 Time       [T]      750.0000
----------------------------------------------------------
 Sub-region num.                     1
----------------------------------------------------------
 Length   [L]        0.15000E+03  0.15000E+03
 W-volume [L]        0.55632E+01  0.55632E+01
 In-flow  [L/T]     -0.29504E-05 -0.29504E-05
 h Mean   [L]       -0.41238E+04 -0.41238E+04
 Top Flux [L/T]      0.99840E-31
 Bot Flux [L/T]      0.00000E+00
 WatBalT  [L]       -0.22573E+00
 WatBalR  [%]              0.343
----------------------------------------------------------

----------------------------------------------------------
 Time       [T]      751.0000
----------------------------------------------------------
 Sub-region num.                     1
----------------------------------------------------------
 Length   [L]        0.15000E+03  0.15000E+03
 W-volume [L]        0.55632E+01  0.55632E+01
 In-flow  [L/T]     -0.29504E-05 -0.29504E-05
 h Mean   [L]       -0.41238E+04 -0.41238E+04
 Top Flux [L/T]      0.99840E-31
 Bot Flux [L/T]      0.00000E+00
 WatBalT  [L]       -0.22573E+00
 WatBalR  [%]              0.343
----------------------------------------------------------

----------------------------------------------------------
 Time       [T]      752.0000
----------------------------------------------------------
 Sub-region num.                     1
----------------------------------------------------------
 Length   [L]        0.15000E+03  0.15000E+03
 W-volume [L]        0.55632E+01  0.55632E+01
 In-flow  [L/T]     -0.29504E-05 -0.29504E-05
 h Mean   [L]       -0.41238E+04 -0.41238E+04
 Top Flux [L/T]      0.99840E-31
 Bot Flux [L/T]      0.00000E+00
 WatBalT  [L]       -0.22573E+00
 WatBalR  [%]              0.343
----------------------------------------------------------

----------------------------------------------------------
 Time       [T]      753.0000
----------------------------------------------------------
 Sub-region num.                     1
----------------------------------------------------------
 Length   [L]        0.15000E+03  0.15000E+03
 W-volume [L]        0.55632E+01  0.55632E+01
 In-flow  [L/T]     -0.29504E-05 -0.29504E-05
 h Mean   [L]       -0.41238E+04 -0.41238E+04
 Top Flux [L/T]      0.99840E-31
 Bot Flux [L/T]      0.00000E+00
 WatBalT  [L]       -0.22573E+00
 WatBalR  [%]              0.343
----------------------------------------------------------

----------------------------------------------------------
 Time       [T]      754.0000
----------------------------------------------------------
 Sub-region num.                     1
----------------------------------------------------------
 Length   [L]        0.15000E+03  0.15000E+03
 W-volume [L]        0.55632E+01  0.55632E+01
 In-flow  [L/T]     -0.29504E-05 -0.29504E-05
 h Mean   [L]       -0.41238E+04 -0.41238E+04
 Top Flux [L/T]      0.99840E-31
 Bot Flux [L/T]      0.00000E+00
 WatBalT  [L]       -0.22573E+00
 WatBalR  [%]              0.343
----------------------------------------------------------

----------------------------------------------------------
 Time       [T]      755.0000
----------------------------------------------------------
 Sub-region num.                     1
----------------------------------------------------------
 Length   [L]        0.15000E+03  0.15000E+03
 W-volume [L]        0.55632E+01  0.55632E+01
 In-flow  [L/T]     -0.29504E-05 -0.29504E-05
 h Mean   [L]       -0.41238E+04 -0.41238E+04
 Top Flux [L/T]      0.99840E-31
 Bot Flux [L/T]      0.00000E+00
 WatBalT  [L]       -0.22573E+00
 WatBalR  [%]              0.343
----------------------------------------------------------

----------------------------------------------------------
 Time       [T]      756.0000
----------------------------------------------------------
 Sub-region num.                     1
----------------------------------------------------------
 Length   [L]        0.15000E+03  0.15000E+03
 W-volume [L]        0.55632E+01  0.55632E+01
 In-flow  [L/T]     -0.29504E-05 -0.29504E-05
 h Mean   [L]       -0.41238E+04 -0.41238E+04
 Top Flux [L/T]      0.99840E-31
 Bot Flux [L/T]      0.00000E+00
 WatBalT  [L]       -0.22573E+00
 WatBalR  [%]              0.343
----------------------------------------------------------
 
 Calculation time [sec]  0.530000016093254     
