,Date,Precip,ET_cm,MinTemp,MaxTemp,AvgTemp,rTop,rRoot,vTop,vRoot,vBot,sum(rTop),sum(rRoot),sum(vTop),sum(vRoot),sum(vBot),hTop,hRoot,hBot,RunOff,sum(RunOff),Volume,sum(Infil),sum(Evap),Cum(WTrans),h37,theta37,temp37
0,2023-01-01,0.0,0.07112,-6.275,4.775,-1.26458333333333,0.0,0.0,7.9199e-09,0.0,-6.0598e-06,0.0,0.0,-3.7002e-09,0.0,-6.0648e-06,-15.007,-7.5503,-15.004,0.0,0.0,33.678,0.0,3.0457e-09,0.0,-15.0,0.4551,20.0
1,2023-01-02,0.0,0.03556,-9.8,2.45,-4.71354166666667,0.03556,0.0,0.03556,0.0,-6.0499e-06,0.03556,0.0,0.03556,0.0,-1.2115e-05,-35.28,-7.5505,-15.007,0.0,0.0,33.642,0.0,0.03556,0.0,-15.0,0.4551,20.0
2,2023-01-03,0.0,0.10668,-8.45,2.175,-3.865625,0.10668,0.0,0.10668,0.0,-6.0499e-06,0.14224,0.0,0.14224,0.0,-1.8165e-05,-190.24,-7.5518,-15.011,0.0,0.0,33.536,0.0,0.14224,0.0,-15.0,0.4551,20.0
3,2023-01-04,0.0,0.0762,-7.55,4.15,-2.59895833333333,0.0762,0.0,0.0762,0.0,-6.0201e-06,0.21844,0.0,0.21844,0.0,-2.4185e-05,-613210.0,-7.5825,-15.014,0.0,0.0,33.459,0.0,0.21844,0.0,-15.0,0.4551,20.0
4,2023-01-05,0.0,0.03302,-11.3,1.75,-4.66666666666667,0.03302,0.0,0.0040545,0.0,-6.035e-06,0.25146,0.0,0.23083,0.0,-3.022e-05,-1000000.0,-7.606,-15.018,0.0,0.0,33.447,0.0,0.23083,0.0,-15.0,0.4551,20.0
5,2023-01-06,0.4267,0.04826,-2.2,4.325,1.20104166666667,0.04826,0.0,0.00032284,0.0,-6.035e-06,0.29972,0.0,0.2322,0.0,-3.6255e-05,-1000000.0,-7.6083,-15.022,0.0,0.0,33.446,0.0,0.2322,0.0,-15.0,0.4551,20.0
6,2023-01-07,0.0,0.127,-1.55,6.8,2.52291666666667,0.127,0.0,9.2502e-05,0.0,-6.0201e-06,0.42672,0.0,0.23231,0.0,-4.2275e-05,-1000000.0,-7.6086,-15.025,0.0,0.0,33.446,0.0,0.23231,0.0,-15.0,0.4551,20.0
7,2023-01-08,0.0,0.18542,0.45,7.175,3.51770833333333,0.18542,0.0,9.2322e-05,0.0,-6.0201e-06,0.61214,0.0,0.2324,0.0,-4.8295e-05,-1000000.0,-7.6088,-15.029,0.0,0.0,33.445,0.0,0.2324,0.0,-15.0,0.4551,20.0
8,2023-01-09,0.0,0.1778,-0.6,5.775,2.91770833333333,0.1778,0.0,9.2127e-05,0.0,-5.9903e-06,0.78994,0.0,0.23249,0.0,-5.43e-05,-1000000.0,-7.609,-15.033,0.0,0.0,33.445,0.0,0.23249,0.0,-15.0,0.4551,20.0
9,2023-01-10,0.0,0.09652,-7.15,7.1,0.789583333333333,0.09652,0.0,9.1931e-05,0.0,-5.9903e-06,0.88646,0.0,0.23258,0.0,-6.029e-05,-1000000.0,-7.6091,-15.036,0.0,0.0,33.445,0.0,0.23258,0.0,-15.0,0.4551,20.0
10,2023-01-11,0.0017,0.04572,-7.9,3.25,-3.36770833333333,0.04572,0.0,9.1734e-05,0.0,-5.9903e-06,0.93218,0.0,0.23268,0.0,-6.628e-05,-1000000.0,-7.6093,-15.04,0.0,0.0,33.445,0.0,0.23268,0.0,-15.0,0.4551,20.0
11,2023-01-12,0.0,0.19304,-2.55,7.25,3.34895833333333,0.19304,0.0,9.1537e-05,0.0,-5.9903e-06,1.1252,0.0,0.23277,0.0,-7.2271e-05,-1000000.0,-7.6095,-15.043,0.0,0.0,33.445,0.0,0.23277,0.0,-15.0,0.4551,20.0
12,2023-01-13,0.0,0.23114,5.425,10.05,7.59479166666667,0.23114,0.0,9.134e-05,0.0,-5.9903e-06,1.3564,0.0,0.23286,0.0,-7.8261e-05,-1000000.0,-7.6097,-15.047,0.0,0.0,33.445,0.0,0.23286,0.0,-15.0,0.4551,20.0
13,2023-01-14,0.0,0.17272,0.625,9.625,5.56979166666667,0.17272,0.0,9.1143e-05,0.0,-5.9605e-06,1.5291,0.0,0.23295,0.0,-8.4236e-05,-1000000.0,-7.6099,-15.05,0.0,0.0,33.445,0.0,0.23295,0.0,-15.0,0.4551,20.0
14,2023-01-15,0.0,0.03302,-0.75,4.825,1.30833333333333,0.03302,0.0,9.0946e-05,0.0,-5.9605e-06,1.5621,0.0,0.23304,0.0,-9.0197e-05,-1000000.0,-7.61,-15.054,0.0,0.0,33.445,0.0,0.23304,0.0,-15.0,0.4551,20.0
15,2023-01-16,0.068,0.02032,-1.675,3.35,0.201041666666667,0.02032,0.0,9.0749e-05,0.0,-5.9605e-06,1.5824,0.0,0.23313,0.0,-9.6157e-05,-1000000.0,-7.6102,-15.058,0.0,0.0,33.445,0.0,0.23313,0.0,-15.0,0.4551,20.0
16,2023-01-17,0.0323,0.04318,-2.025,4.625,0.527083333333333,0.04318,0.0,9.0552e-05,0.0,-5.9605e-06,1.6256,0.0,0.23322,0.0,-0.00010212,-1000000.0,-7.6104,-15.061,0.0,0.0,33.445,0.0,0.23322,0.0,-15.0,0.4551,20.0
17,2023-01-18,0.0,0.16002,-3.125,5.925,0.075,0.16002,0.0,9.0355e-05,0.0,-5.9605e-06,1.7856,0.0,0.23331,0.0,-0.00010808,-1000000.0,-7.6106,-15.065,0.0,0.0,33.444,0.0,0.23331,0.0,-15.0,0.4551,20.0
18,2023-01-19,0.0,0.10668,-1.75,4.525,0.377083333333333,0.10668,0.0,9.0157e-05,0.0,-5.9605e-06,1.8923,0.0,0.2334,0.0,-0.00011404,-1000000.0,-7.6107,-15.068,0.0,0.0,33.444,0.0,0.2334,0.0,-15.0,0.4551,20.0
19,2023-01-20,0.0,0.127,-3.55,4.375,-1.03020833333333,0.127,0.0,8.996e-05,0.0,-5.9307e-06,2.0193,0.0,0.23349,0.0,-0.00011997,-1000000.0,-7.6109,-15.072,0.0,0.0,33.444,0.0,0.23349,0.0,-15.0,0.4551,20.0
20,2023-01-21,0.0,0.18288,-3.325,5.875,0.444791666666667,0.18288,0.0,8.9763e-05,0.0,-5.9307e-06,2.2022,0.0,0.23358,0.0,-0.0001259,-1000000.0,-7.6111,-15.075,0.0,0.0,33.444,0.0,0.23358,0.0,-15.0,0.4551,20.0
21,2023-01-22,0.0,0.07874,-3.65,2.35,-0.75,0.07874,0.0,8.9565e-05,0.0,-5.9307e-06,2.2809,0.0,0.23367,0.0,-0.00013183,-1000000.0,-7.6113,-15.079,0.0,0.0,33.444,0.0,0.23367,0.0,-15.0,0.4551,20.0
22,2023-01-23,0.0,0.0889,-6.85,0.225,-3.28854166666667,0.0889,0.0,8.9368e-05,0.0,-5.9307e-06,2.3698,0.0,0.23376,0.0,-0.00013776,-1000000.0,-7.6114,-15.082,0.0,0.0,33.444,0.0,0.23376,0.0,-15.0,0.4551,20.0
23,2023-01-24,0.0,0.08382,-4.75,1.95,-1.86666666666667,0.08382,0.0,8.9171e-05,0.0,-5.9307e-06,2.4536,0.0,0.23385,0.0,-0.00014369,-1000000.0,-7.6116,-15.086,0.0,0.0,33.444,0.0,0.23385,0.0,-15.0,0.4551,20.0
24,2023-01-25,0.0,0.06096,-5.5,2.5,-1.25833333333333,0.06096,0.0,8.8974e-05,0.0,-5.9009e-06,2.5146,0.0,0.23394,0.0,-0.00014959,-1000000.0,-7.6118,-15.09,0.0,0.0,33.444,0.0,0.23394,0.0,-15.0,0.4551,20.0
25,2023-01-26,0.0,0.1524,0.9,9.6,4.30729166666667,0.1524,0.0,8.8777e-05,0.0,-5.9009e-06,2.667,0.0,0.23403,0.0,-0.00015549,-1000000.0,-7.612,-15.093,0.0,0.0,33.444,0.0,0.23403,0.0,-15.0,0.4551,20.0
26,2023-01-27,0.0612,0.04572,-7.375,2.725,-0.671875,0.04572,0.0,8.858e-05,0.0,-5.9009e-06,2.7127,0.0,0.23412,0.0,-0.00016139,-1000000.0,-7.6121,-15.097,0.0,0.0,33.444,0.0,0.23412,0.0,-15.0,0.4551,20.0
27,2023-01-28,0.0,0.03429,-26.525,-10.1,-16.7625,0.03429,0.0,8.8383e-05,0.0,-5.9009e-06,2.747,0.0,0.23421,0.0,-0.0001673,-1000000.0,-7.6123,-15.1,0.0,0.0,33.444,0.0,0.23421,0.0,-15.0,0.4551,20.0
28,2023-01-29,0.0,0.02286,-26.575,-13.4,-20.9833333333333,0.02286,0.0,8.8186e-05,0.0,-5.9009e-06,2.7699,0.0,0.23429,0.0,-0.0001732,-1000000.0,-7.6125,-15.104,0.0,0.0,33.443,0.0,0.23429,0.0,-15.0,0.4551,20.0
29,2023-01-30,0.0,0.05588,-17.725,-10.475,-13.7489583333333,0.05588,0.0,8.7989e-05,0.0,-5.8711e-06,2.8257,0.0,0.23438,0.0,-0.00017908,-1000000.0,-7.6126,-15.107,0.0,0.0,33.443,0.0,0.23438,0.0,-15.0,0.4551,20.0
30,2023-01-31,0.0,0.10414,-11.325,-2.0,-5.24375,0.10414,0.0,8.7792e-05,0.0,-5.8711e-06,2.9299,0.0,0.23447,0.0,-0.00018495,-1000000.0,-7.6128,-15.111,0.0,0.0,33.443,0.0,0.23447,0.0,-15.0,0.4551,20.0
31,2023-02-01,0.0,0.11176,-10.6,2.05,-2.04270833333333,0.11176,0.0,8.7596e-05,0.0,-5.8711e-06,3.0416,0.0,0.23456,0.0,-0.00019082,-1000000.0,-7.613,-15.114,0.0,0.0,33.443,0.0,0.23456,0.0,-15.0,0.4551,20.0
32,2023-02-02,0.0,0.14478,-11.025,5.375,-3.49479166666667,0.14478,0.0,8.7399e-05,0.0,-5.8711e-06,3.1864,0.0,0.23465,0.0,-0.0001967,-1000000.0,-7.6132,-15.118,0.0,0.0,33.443,0.0,0.23465,0.0,-15.0,0.4551,20.0
33,2023-02-03,0.0,0.26162,1.3,9.05,4.34583333333333,0.26162,0.0,8.7203e-05,0.0,-5.8711e-06,3.448,0.0,0.23473,0.0,-0.00020257,-1000000.0,-7.6133,-15.121,0.0,0.0,33.443,0.0,0.23473,0.0,-15.0,0.4551,20.0
34,2023-02-04,0.0,0.19304,0.95,8.0,3.925,0.19304,0.0,8.7006e-05,0.0,-5.8413e-06,3.6411,0.0,0.23482,0.0,-0.00020842,-1000000.0,-7.6135,-15.125,0.0,0.0,33.443,0.0,0.23482,0.0,-15.0,0.4551,20.0
35,2023-02-05,0.0,0.20066,-0.15,7.975,3.771875,0.20066,0.0,8.681e-05,0.0,-5.8413e-06,3.8417,0.0,0.23491,0.0,-0.00021426,-1000000.0,-7.6137,-15.128,0.0,0.0,33.443,0.0,0.23491,0.0,-15.0,0.4551,20.0
36,2023-02-06,0.0,0.1524,1.15,9.25,4.25833333333333,0.1524,0.0,8.6614e-05,0.0,-5.8412e-06,3.9941,0.0,0.23499,0.0,-0.00022011,-1000000.0,-7.6138,-15.132,0.0,0.0,33.443,0.0,0.23499,0.0,-15.0,0.4551,20.0
37,2023-02-07,0.0,0.21336,2.65,5.475,3.925,0.21336,0.0,8.6418e-05,0.0,-5.8413e-06,4.2075,0.0,0.23508,0.0,-0.00022595,-1000000.0,-7.614,-15.135,0.0,0.0,33.443,0.0,0.23508,0.0,-15.0,0.4551,20.0
38,2023-02-08,0.0,0.10414,-5.125,2.65,-0.553125,0.10414,0.0,8.6222e-05,0.0,-5.8413e-06,4.3116,0.0,0.23517,0.0,-0.00023179,-1000000.0,-7.6142,-15.139,0.0,0.0,33.443,0.0,0.23517,0.0,-15.0,0.4551,20.0
39,2023-02-09,0.0,0.23622,-5.925,7.525,-0.103125,0.23622,0.0,8.6026e-05,0.0,-5.8413e-06,4.5479,0.0,0.23525,0.0,-0.00023763,-1000000.0,-7.6143,-15.142,0.0,0.0,33.442,0.0,0.23525,0.0,-15.0,0.4551,20.0
40,2023-02-10,0.0,0.27178,-0.15,9.575,3.875,0.27178,0.0,8.5831e-05,0.0,-5.8115e-06,4.8197,0.0,0.23534,0.0,-0.00024344,-1000000.0,-7.6145,-15.146,0.0,0.0,33.442,0.0,0.23534,0.0,-15.0,0.4551,20.0
41,2023-02-11,0.0,0.1778,-3.175,9.05,2.13854166666667,0.1778,0.0,8.5636e-05,0.0,-5.8115e-06,4.9975,0.0,0.23542,0.0,-0.00024925,-1000000.0,-7.6147,-15.149,0.0,0.0,33.442,0.0,0.23542,0.0,-15.0,0.4551,20.0
42,2023-02-12,0.0,0.3175,0.0,10.275,4.60729166666667,0.3175,0.0,8.544e-05,0.0,-5.8115e-06,5.315,0.0,0.23551,0.0,-0.00025506,-1000000.0,-7.6148,-15.153,0.0,0.0,33.442,0.0,0.23551,0.0,-15.0,0.4551,20.0
43,2023-02-13,0.0,0.23622,-3.6,11.0,5.3125,0.23622,0.0,8.5245e-05,0.0,-5.8115e-06,5.5512,0.0,0.23559,0.0,-0.00026087,-1000000.0,-7.615,-15.156,0.0,0.0,33.442,0.0,0.23559,0.0,-15.0,0.4551,20.0
44,2023-02-14,0.0,0.06604,-12.475,-2.3,-6.496875,0.06604,0.0,8.505e-05,0.0,-5.8115e-06,5.6172,0.0,0.23568,0.0,-0.00026669,-1000000.0,-7.6152,-15.16,0.0,0.0,33.442,0.0,0.23568,0.0,-15.0,0.4551,20.0
45,2023-02-15,0.0,0.13208,-14.3,2.1,-5.7875,0.13208,0.0,8.4855e-05,0.0,-5.7817e-06,5.7493,0.0,0.23576,0.0,-0.00027247,-1000000.0,-7.6153,-15.163,0.0,0.0,33.442,0.0,0.23576,0.0,-15.0,0.4551,20.0
46,2023-02-16,0.0,0.28702,-5.2,6.725,0.197916666666667,0.28702,0.0,8.4661e-05,0.0,-5.7817e-06,6.0363,0.0,0.23585,0.0,-0.00027825,-1000000.0,-7.6155,-15.167,0.0,0.0,33.442,0.0,0.23585,0.0,-15.0,0.4551,20.0
47,2023-02-17,0.0,0.2413,-0.925,5.3,2.2,0.2413,0.0,8.4466e-05,0.0,-5.7817e-06,6.2776,0.0,0.23593,0.0,-0.00028403,-1000000.0,-7.6156,-15.17,0.0,0.0,33.442,0.0,0.23593,0.0,-15.0,0.4551,20.0
48,2023-02-18,0.0,0.14478,-3.05,4.35,1.14583333333333,0.14478,0.0,8.4272e-05,0.0,-5.7817e-06,6.4224,0.0,0.23602,0.0,-0.00028981,-1000000.0,-7.6158,-15.173,0.0,0.0,33.442,0.0,0.23602,0.0,-15.0,0.4551,20.0
49,2023-02-19,0.0,0.1651,-3.45,5.3,1.653125,0.1651,0.0,8.4078e-05,0.0,-5.7817e-06,6.5875,0.0,0.2361,0.0,-0.00029559,-1000000.0,-7.616,-15.177,0.0,0.0,33.442,0.0,0.2361,0.0,-15.0,0.4551,20.0
50,2023-02-20,0.2329,0.0762,-5.65,2.625,-1.78541666666667,0.0762,0.0,8.3884e-05,0.0,-5.7817e-06,6.6637,0.0,0.23619,0.0,-0.00030138,-1000000.0,-7.6161,-15.18,0.0,0.0,33.441,0.0,0.23619,0.0,-15.0,0.4551,20.0
51,2023-02-21,0.1766,0.06604,-20.5,3.6,-12.6583333333333,0.06604,0.0,8.3691e-05,0.0,-5.7518e-06,6.7297,0.0,0.23627,0.0,-0.00030713,-1000000.0,-7.6163,-15.184,0.0,0.0,33.441,0.0,0.23627,0.0,-15.0,0.4551,20.0
52,2023-02-22,0.0,0.02286,-24.1,-20.225,-22.0552083333333,0.02286,0.0,8.3497e-05,0.0,-5.7518e-06,6.7526,0.0,0.23635,0.0,-0.00031288,-1000000.0,-7.6164,-15.187,0.0,0.0,33.441,0.0,0.23635,0.0,-15.0,0.4551,20.0
53,2023-02-23,0.0,0.01778,-30.2,-21.85,-25.696875,0.01778,0.0,8.3304e-05,0.0,-5.7518e-06,6.7704,0.0,0.23644,0.0,-0.00031863,-1000000.0,-7.6166,-15.191,0.0,0.0,33.441,0.0,0.23644,0.0,-15.0,0.4551,20.0
54,2023-02-24,0.0,0.05588,-31.7,-6.875,-19.3125,0.05588,0.0,8.3111e-05,0.0,-5.7519e-06,6.8262,0.0,0.23652,0.0,-0.00032438,-1000000.0,-7.6167,-15.194,0.0,0.0,33.441,0.0,0.23652,0.0,-15.0,0.4551,20.0
55,2023-02-25,0.0,0.18542,-6.2,2.425,-1.37083333333333,0.18542,0.0,8.2918e-05,0.0,-5.7518e-06,7.0117,0.0,0.2366,0.0,-0.00033014,-1000000.0,-7.6169,-15.198,0.0,0.0,33.441,0.0,0.2366,0.0,-15.0,0.4551,20.0
56,2023-02-26,0.0017,0.20066,-2.4,8.75,2.865625,0.20066,0.0,8.2726e-05,0.0,-5.722e-06,7.2123,0.0,0.23669,0.0,-0.00033586,-1000000.0,-7.6171,-15.201,0.0,0.0,33.441,0.0,0.23669,0.0,-15.0,0.4551,20.0
57,2023-02-27,0.0,0.14732,-5.2,2.4,-1.959375,0.14732,0.0,8.2533e-05,0.0,-5.722e-06,7.3596,0.0,0.23677,0.0,-0.00034158,-1000000.0,-7.6172,-15.204,0.0,0.0,33.441,0.0,0.23677,0.0,-15.0,0.4551,20.0
58,2023-02-28,0.0,0.05588,-10.8,-1.925,-6.0875,0.05588,0.0,8.2341e-05,0.0,-5.7221e-06,7.4155,0.0,0.23685,0.0,-0.0003473,-1000000.0,-7.6174,-15.208,0.0,0.0,33.441,0.0,0.23685,0.0,-15.0,0.4551,20.0
59,2023-03-01,0.0,0.12446,-7.5,3.1,-4.06354166666667,0.12446,0.0,8.2149e-05,0.0,-5.7221e-06,7.54,0.0,0.23693,0.0,-0.00035302,-1000000.0,-7.6175,-15.211,0.0,0.0,33.441,0.0,0.23693,0.0,-15.0,0.4551,20.0
60,2023-03-02,0.0,0.21844,-4.325,5.875,-0.128125,0.21844,0.0,8.1958e-05,0.0,-5.722e-06,7.7584,0.0,0.23701,0.0,-0.00035875,-1000000.0,-7.6177,-15.215,0.0,0.0,33.441,0.0,0.23701,0.0,-15.0,0.4551,20.0
61,2023-03-03,0.0,0.15494,-7.55,2.625,-2.89895833333333,0.15494,0.0,8.1766e-05,0.0,-5.6922e-06,7.9134,0.0,0.2371,0.0,-0.00036445,-1000000.0,-7.6178,-15.218,0.0,0.0,33.44,0.0,0.2371,0.0,-15.0,0.4551,20.0
62,2023-03-04,0.0,0.17526,-6.95,4.125,-2.67395833333333,0.17526,0.0,8.1575e-05,0.0,-5.6922e-06,8.0886,0.0,0.23718,0.0,-0.00037014,-1000000.0,-7.618,-15.222,0.0,0.0,33.44,0.0,0.23718,0.0,-15.0,0.4551,20.0
63,2023-03-05,0.0,0.03556,-12.225,-8.175,-10.2854166666667,0.03556,0.0,8.1384e-05,0.0,-5.6922e-06,8.1242,0.0,0.23726,0.0,-0.00037584,-1000000.0,-7.6181,-15.225,0.0,0.0,33.44,0.0,0.23726,0.0,-15.0,0.4551,20.0
64,2023-03-06,0.2465,0.0508,-14.925,-5.4,-11.0927083333333,0.0508,0.0,8.1193e-05,0.0,-5.6922e-06,8.175,0.0,0.23734,0.0,-0.00038153,-1000000.0,-7.6183,-15.228,0.0,0.0,33.44,0.0,0.23734,0.0,-15.0,0.4551,20.0
65,2023-03-07,0.0,0.06096,-19.125,-4.15,-11.20625,0.06096,0.0,8.1003e-05,0.0,-5.6922e-06,8.236,0.0,0.23742,0.0,-0.00038722,-1000000.0,-7.6184,-15.232,0.0,0.0,33.44,0.0,0.23742,0.0,-15.0,0.4551,20.0
66,2023-03-08,0.0,0.04318,-15.45,-9.15,-11.471875,0.04318,0.0,8.0813e-05,0.0,-5.6922e-06,8.2791,0.0,0.2375,0.0,-0.00039291,-1000000.0,-7.6186,-15.235,0.0,0.0,33.44,0.0,0.2375,0.0,-15.0,0.4551,20.0
67,2023-03-09,0.0,0.0635,-16.5,-6.2,-11.7177083333333,0.0635,0.0,8.0623e-05,0.0,-5.6624e-06,8.3426,0.0,0.23758,0.0,-0.00039858,-1000000.0,-7.6187,-15.239,0.0,0.0,33.44,0.0,0.23758,0.0,-15.0,0.4551,20.0
68,2023-03-10,0.1277,0.02794,-14.65,-9.0,-12.1697916666667,0.02794,0.0,8.0433e-05,0.0,-5.6624e-06,8.3706,0.0,0.23766,0.0,-0.00040424,-1000000.0,-7.6188,-15.242,0.0,0.0,33.44,0.0,0.23766,0.0,-15.0,0.4551,20.0
69,2023-03-11,0.0,0.0508,-18.95,-5.075,-11.6197916666667,0.0508,0.0,8.0244e-05,0.0,-5.6624e-06,8.4214,0.0,0.23774,0.0,-0.0004099,-1000000.0,-7.619,-15.245,0.0,0.0,33.44,0.0,0.23774,0.0,-15.0,0.4551,20.0
70,2023-03-12,0.0,0.06604,-17.675,-5.65,-12.5358695652174,0.06604,0.0,8.0054e-05,0.0,-5.6624e-06,8.4874,0.0,0.23782,0.0,-0.00041556,-1000000.0,-7.6191,-15.249,0.0,0.0,33.44,0.0,0.23782,0.0,-15.0,0.4551,20.0
71,2023-03-13,0.1887,0.17272,-9.3,1.025,-4.59762228260869,0.17272,0.0,7.9866e-05,0.0,-5.6624e-06,8.6601,0.0,0.2379,0.0,-0.00042123,-1000000.0,-7.6193,-15.252,0.0,0.0,33.44,0.0,0.2379,0.0,-15.0,0.4551,20.0
72,2023-03-14,0.0,0.22098,-0.925,7.7,3.340625,0.22098,0.0,7.9677e-05,0.0,-5.6326e-06,8.8811,0.0,0.23798,0.0,-0.00042686,-1000000.0,-7.6194,-15.255,0.0,0.0,33.439,0.0,0.23798,0.0,-15.0,0.4551,20.0
73,2023-03-15,0.3961,0.09398,-7.65,2.825,-1.94895833333333,0.09398,0.0,7.9488e-05,0.0,-5.6326e-06,8.9751,0.0,0.23806,0.0,-0.00043249,-1000000.0,-7.6196,-15.259,0.0,0.0,33.439,0.0,0.23806,0.0,-15.0,0.4551,20.0
74,2023-03-16,0.0493,0.10922,-9.775,1.775,-4.103125,0.10922,0.0,7.9301e-05,0.0,-5.6326e-06,9.0843,0.0,0.23814,0.0,-0.00043812,-1000000.0,-7.6197,-15.262,0.0,0.0,33.439,0.0,0.23814,0.0,-15.0,0.4551,20.0
75,2023-03-17,0.0,0.13208,-10.075,3.925,-3.190625,0.13208,0.0,7.9113e-05,0.0,-5.6326e-06,9.2164,0.0,0.23822,0.0,-0.00044376,-1000000.0,-7.6198,-15.266,0.0,0.0,33.439,0.0,0.23822,0.0,-15.0,0.4551,20.0
76,2023-03-18,0.0,0.19304,-6.0,8.35,0.263541666666667,0.19304,0.0,7.8925e-05,0.0,-5.6326e-06,9.4094,0.0,0.2383,0.0,-0.00044939,-1000000.0,-7.62,-15.269,0.0,0.0,33.439,0.0,0.2383,0.0,-15.0,0.4551,20.0
77,2023-03-19,0.0,0.15494,-4.25,8.775,1.92395833333333,0.15494,0.0,7.8738e-05,0.0,-5.6326e-06,9.5644,0.0,0.23838,0.0,-0.00045502,-1000000.0,-7.6201,-15.272,0.0,0.0,33.439,0.0,0.23838,0.0,-15.0,0.4551,20.0
78,2023-03-20,0.0,0.08636,-7.425,0.5,-4.15833333333333,0.08636,0.0,7.8551e-05,0.0,-5.6028e-06,9.6507,0.0,0.23846,0.0,-0.00046062,-1000000.0,-7.6203,-15.276,0.0,0.0,33.439,0.0,0.23846,0.0,-15.0,0.4551,20.0
79,2023-03-21,0.0,0.12954,-7.9,5.85,-1.69479166666667,0.12954,0.0,7.8364e-05,0.0,-5.6028e-06,9.7803,0.0,0.23854,0.0,-0.00046623,-1000000.0,-7.6204,-15.279,0.0,0.0,33.439,0.0,0.23854,0.0,-15.0,0.4551,20.0
80,2023-03-22,0.0,0.1397,-7.275,5.925,-2.675,0.1397,0.0,7.8178e-05,0.0,-5.6028e-06,9.92,0.0,0.23861,0.0,-0.00047183,-1000000.0,-7.6205,-15.282,0.0,0.0,33.439,0.0,0.23861,0.0,-15.0,0.4551,20.0
81,2023-03-23,0.0,0.2032,-7.175,8.925,0.954166666666667,0.2032,0.0,7.7992e-05,0.0,-5.6028e-06,10.123,0.0,0.23869,0.0,-0.00047743,-1000000.0,-7.6207,-15.286,0.0,0.0,33.439,0.0,0.23869,0.0,-15.0,0.4551,20.0
82,2023-03-24,0.0,0.15494,-2.375,7.65,1.85729166666667,0.15494,0.0,7.7806e-05,0.0,-5.6028e-06,10.278,0.0,0.23877,0.0,-0.00048304,-1000000.0,-7.6208,-15.289,0.0,0.0,33.439,0.0,0.23877,0.0,-15.0,0.4551,20.0
83,2023-03-25,0.0782,0.11176,-2.875,4.425,-0.13125,0.11176,0.0,7.7621e-05,0.0,-5.573e-06,10.39,0.0,0.23885,0.0,-0.00048862,-1000000.0,-7.621,-15.292,0.0,0.0,33.439,0.0,0.23885,0.0,-15.0,0.4551,20.0
84,2023-03-26,0.0,0.10922,-5.325,3.125,-2.16979166666667,0.10922,0.0,7.7436e-05,0.0,-5.573e-06,10.499,0.0,0.23893,0.0,-0.0004942,-1000000.0,-7.6211,-15.296,0.0,0.0,33.438,0.0,0.23893,0.0,-15.0,0.4551,20.0
85,2023-03-27,0.0,0.17018,-6.6,6.05,-1.82604166666667,0.17018,0.0,7.7251e-05,0.0,-5.573e-06,10.669,0.0,0.239,0.0,-0.00049977,-1000000.0,-7.6212,-15.299,0.0,0.0,33.438,0.0,0.239,0.0,-15.0,0.4551,20.0
86,2023-03-28,0.0,0.12192,-5.625,3.025,-2.63645833333333,0.12192,0.0,7.7066e-05,0.0,-5.573e-06,10.791,0.0,0.23908,0.0,-0.00050534,-1000000.0,-7.6214,-15.302,0.0,0.0,33.438,0.0,0.23908,0.0,-15.0,0.4551,20.0
87,2023-03-29,0.0,0.12192,-6.6,3.55,-2.10833333333333,0.12192,0.0,7.6882e-05,0.0,-5.573e-06,10.913,0.0,0.23916,0.0,-0.00051092,-1000000.0,-7.6215,-15.306,0.0,0.0,33.438,0.0,0.23916,0.0,-15.0,0.4551,20.0
88,2023-03-30,0.1462,0.08128,-4.875,0.2,-2.99479166666667,0.08128,0.0,7.6698e-05,0.0,-5.573e-06,10.994,0.0,0.23923,0.0,-0.00051649,-1000000.0,-7.6216,-15.309,0.0,0.0,33.438,0.0,0.23923,0.0,-15.0,0.4551,20.0
89,2023-03-31,0.2009,0.19558,-7.075,8.675,0.467708333333333,0.19558,0.0,7.6515e-05,0.0,-5.5432e-06,11.19,0.0,0.23931,0.0,-0.00052203,-1000000.0,-7.6218,-15.312,0.0,0.0,33.438,0.0,0.23931,0.0,-15.0,0.4551,20.0
90,2023-04-01,0.0,0.254,-1.325,8.525,3.46354166666667,0.0,0.254,1.2034e-13,0.254,-5.5432e-06,11.19,0.254,0.23931,0.254,-0.00052758,-671650.0,-20.296,-15.316,0.0,0.0,33.311,0.0,0.23931,0.0,-15.0,0.4551,20.0
91,2023-04-02,0.0,0.23114,-4.925,7.675,1.009375,0.0,0.23114,5.6629e-20,0.23114,-5.5432e-06,11.19,0.48514,0.23931,0.48514,-0.00053312,-671800.0,-28.339,-15.319,0.0,0.0,33.068,0.0,0.23931,0.0,-15.0,0.4551,20.0
92,2023-04-03,0.0,0.10922,-9.75,3.275,-3.43125,0.0,0.10922,4.3171e-27,0.10922,-5.5432e-06,11.19,0.59436,0.23931,0.59436,-0.00053866,-671930.0,-34.493,-15.322,0.0,0.0,32.898,0.0,0.23931,0.0,-15.0,0.4551,20.0
93,2023-04-04,0.0,0.06604,-9.225,-2.05,-4.23958333333333,0.0,0.06604,5.8183e-29,0.06604,-5.5432e-06,11.19,0.6604,0.23931,0.6604,-0.00054421,-671930.0,-37.807,-15.326,0.0,0.0,32.811,0.0,0.23931,0.0,-15.0,0.4551,20.0
94,2023-04-05,0.0,0.16256,-11.275,5.25,-2.44895833333333,0.0,0.16256,6.7184e-32,0.16256,-5.5134e-06,11.19,0.82296,0.23931,0.82296,-0.00054973,-671930.0,-42.76,-15.329,0.0,0.0,32.696,0.0,0.23931,0.0,-15.0,0.4551,20.0
95,2023-04-06,0.0,0.33274,-2.55,11.35,4.16354166666667,0.0,0.33274,6.717999999999999e-32,0.33274,-5.5134e-06,11.19,1.1557,0.23931,1.1557,-0.00055525,-671930.0,-55.668,-15.332,0.0,0.0,32.449,0.0,0.23931,0.0,-15.0,0.4551,20.0
96,2023-04-07,0.0,0.37338,0.175,14.225,7.284375,0.0,0.37338,6.7168e-32,0.37338,-5.5134e-06,11.19,1.5291,0.23931,1.5291,-0.00056076,-671930.0,-86.594,-15.336,0.0,0.0,32.096,0.0,0.23931,0.0,-15.0,0.4551,20.0
97,2023-04-08,0.0,0.37846,3.15,14.225,8.72395833333333,0.0,0.37846,6.7123e-32,0.31347,-5.5134e-06,11.19,1.9075,0.23931,1.8621,-0.00056627,-671930.0,-178.06,-15.339,0.0,0.0,31.733,0.0,0.23931,0.0,-15.0,0.4551,20.0
98,2023-04-09,0.0,0.4572,4.4,17.075,11.2802083333333,0.0,0.4572,6.706999999999999e-32,0.27317,-5.5134e-06,11.19,2.3647,0.23931,2.1623,-0.00057179,-671930.0,-348.06,-15.342,0.0,0.0,31.412,0.0,0.23931,0.0,-15.0,0.4551,20.0
99,2023-04-10,0.0,0.54864,10.95,23.475,16.6416666666667,0.0,0.54864,6.7043e-32,0.23302,-5.5134e-06,11.19,2.9134,0.23931,2.4183,-0.0005773,-671930.0,-545.31,-15.345,0.0,0.0,31.136,0.0,0.23931,0.0,-15.0,0.4551,20.0
100,2023-04-11,0.0,0.47244,4.3,20.225,13.74375,0.0,0.47244,6.7035e-32,0.15776,-5.4836e-06,11.19,3.3858,0.23931,2.5892,-0.0005828,-671930.0,-717.91,-15.349,0.0,0.0,30.928,0.0,0.23931,0.0,-15.0,0.4551,20.0
101,2023-04-12,0.0,0.18288,-1.9,7.9,3.08541666666667,0.0,0.18288,6.7032e-32,0.054075,-5.4836e-06,11.19,3.5687,0.23931,2.6496,-0.00058828,-671930.0,-852.78,-15.352,0.0,0.0,30.815,0.0,0.23931,0.0,-15.0,0.4551,20.0
102,2023-04-13,0.9633,0.09652,-2.75,2.2,0.173958333333333,0.0,0.09652,6.7032e-32,0.025014,-5.4836e-06,11.19,3.6652,0.23931,2.6762,-0.00059377,-671930.0,-920.07,-15.355,0.0,0.0,30.774,0.0,0.23931,0.0,-15.0,0.4551,20.0
103,2023-04-14,0.0952,0.18034,-5.825,5.825,-0.0322916666666666,0.0,0.18034,6.7032e-32,0.04172,-5.4836e-06,11.19,3.8456,0.23931,2.7183,-0.00059925,-671930.0,-949.36,-15.359,0.0,0.0,30.741,0.0,0.23931,0.0,-15.0,0.4551,20.0
104,2023-04-15,0.0017,0.2921,-3.25,11.1,3.559375,0.0,0.2921,6.7032e-32,0.066538,-5.4836e-06,11.19,4.1377,0.23931,2.7849,-0.00060473,-671930.0,-979.19,-15.362,0.0,0.0,30.686,0.0,0.23931,0.0,-15.0,0.4551,20.0
105,2023-04-16,0.0,0.4064,0.45,17.45,9.81354166666667,0.0,0.4064,6.7032e-32,0.064308,-5.4836e-06,11.19,4.5441,0.23931,2.8537,-0.00061022,-671930.0,-1044.1,-15.365,0.0,0.0,30.616,0.0,0.23931,0.0,-15.0,0.4551,20.0
106,2023-04-17,0.0119,0.35052,3.05,14.925,8.2125,0.0,0.35052,6.7032e-32,0.05002,-5.4538e-06,11.19,4.8946,0.23931,2.9048,-0.00061567,-671930.0,-1094.8,-15.368,0.0,0.0,30.558,0.0,0.23931,0.0,-15.0,0.4551,20.0
107,2023-04-18,0.2992,0.12446,-0.4,9.275,2.89166666666667,0.0,0.12446,6.7032e-32,0.017527,-5.4538e-06,11.19,5.019,0.23931,2.9226,-0.00062113,-671930.0,-1117.2,-15.372,0.0,0.0,30.524,0.0,0.23931,0.0,-15.0,0.4551,20.0
108,2023-04-19,1.1389,0.12446,-1.35,1.3,-0.153125,0.0,0.12446,6.7032e-32,0.017071,-5.4538e-06,11.19,5.1435,0.23931,2.9397,-0.00062658,-671930.0,-1129.5,-15.375,0.0,0.0,30.507,0.0,0.23931,0.0,-15.0,0.4551,20.0
109,2023-04-20,0.1821,0.13716,-3.2,0.975,-1.317,0.0,0.13716,6.7032e-32,0.018704,-5.4538e-06,11.19,5.2807,0.23931,2.9585,-0.00063203,-671930.0,-1139.5,-15.378,0.0,0.0,30.489,0.0,0.23931,0.0,-15.0,0.4551,20.0
110,2023-04-21,0.1004,0.1143,-5.425,0.5,-2.28229166666667,0.0,0.1143,6.7032e-32,0.015586,-5.4538e-06,11.19,5.395,0.23931,2.974,-0.00063749,-671930.0,-1152.4,-15.381,0.0,0.0,30.472,0.0,0.23931,0.0,-15.0,0.4551,20.0
111,2023-04-22,0.0068,0.2159,-6.8,7.7,0.428125,0.0,0.2159,6.7032e-32,0.028649,-5.4538e-06,11.19,5.6109,0.23931,3.0031,-0.00064294,-671930.0,-1179.5,-15.385,0.0,0.0,30.449,0.0,0.23931,0.0,-15.0,0.4551,20.0
112,2023-04-23,0.0,0.25908,-2.65,12.225,4.72395833333333,0.0,0.25908,6.7032e-32,0.022105,-5.424e-06,11.19,5.8699,0.23931,3.0274,-0.00064836,-671930.0,-1231.7,-15.388,0.0,0.0,30.422,0.0,0.23931,0.0,-15.0,0.4551,20.0
113,2023-04-24,0.0306,0.28194,2.175,16.6,9.33020833333333,0.0,0.28194,6.7032e-32,0.020333,-5.424e-06,11.19,6.1519,0.23931,3.0483,-0.00065379,-671930.0,-1259.7,-15.391,0.0,0.0,30.4,0.0,0.23931,0.0,-15.0,0.4551,20.0
114,2023-04-25,0.0,0.36068,3.225,17.025,9.746875,0.0,0.36068,6.7032e-32,0.024869,-5.424e-06,11.19,6.5126,0.23931,3.0733,-0.00065921,-671930.0,-1270.1,-15.394,0.0,0.0,30.377,0.0,0.23931,0.0,-15.0,0.4551,20.0
115,2023-04-26,0.0,0.3683,0.725,18.975,10.3364583333333,0.0,0.3683,6.7032e-32,0.025111,-5.424e-06,11.19,6.8809,0.23931,3.0985,-0.00066464,-671930.0,-1277.3,-15.398,0.0,0.0,30.352,0.0,0.23931,0.0,-15.0,0.4551,20.0
116,2023-04-27,0.1821,0.23622,0.35,11.7,6.65416666666667,0.0,0.23622,6.7032e-32,0.016106,-5.424e-06,11.19,7.1171,0.23931,3.1146,-0.00067006,-671930.0,-1282.6,-15.401,0.0,0.0,30.331,0.0,0.23931,0.0,-15.0,0.4551,20.0
117,2023-04-28,0.0,0.37846,0.625,22.25,11.8770833333333,0.0,0.37846,6.7032e-32,0.025804,-5.3942e-06,11.19,7.4955,0.23931,3.1404,-0.00067547,-671920.0,-1290.1,-15.404,0.0,0.0,30.31,0.0,0.23931,0.0,-15.0,0.4551,20.0
118,2023-04-29,0.0,0.36322,0.55,20.9,11.8916666666667,0.0,0.36322,6.7032e-32,0.024765,-5.3942e-06,11.19,7.8588,0.23931,3.1652,-0.00068086,-671920.0,-1304.0,-15.407,0.0,0.0,30.285,0.0,0.23931,0.0,-15.0,0.4551,20.0
119,2023-04-30,0.0,0.41148,-0.025,23.3,12.9302083333333,0.0,0.41148,6.7032e-32,0.026067,-5.3942e-06,11.19,8.2702,0.23931,3.1922,-0.00068626,-671920.0,-1331.1,-15.411,0.0,0.0,30.259,0.0,0.23931,0.0,-15.0,0.4551,20.0
120,2023-05-01,0.0,0.39624,0.975,24.125,13.765625,0.0,0.39624,6.7032e-32,0.14875,-5.3942e-06,11.19,8.6665,0.23931,3.314,-0.00069165,-671920.0,-664.27,-15.414,0.0,0.0,30.198,0.0,0.23931,0.0,-15.0,0.4551,20.0
121,2023-05-02,0.0,0.35306,1.1,24.225,13.3125,0.0,0.35306,6.7032e-32,0.1283,-5.3942e-06,11.19,9.0195,0.23931,3.4431,-0.00069705,-671920.0,-682.69,-15.417,0.0,0.0,30.059,0.0,0.23931,0.0,-15.0,0.4551,20.0
122,2023-05-03,0.0,0.36322,6.025,24.4,15.3395833333333,0.0,0.36322,6.7032e-32,0.1307,-5.3942e-06,11.19,9.3828,0.23931,3.574,-0.00070244,-671920.0,-690.33,-15.42,0.0,0.0,29.929,0.0,0.23931,0.0,-15.0,0.4551,20.0
123,2023-05-04,0.0,0.39878,5.85,24.775,16.06875,0.0,0.39878,6.7032e-32,0.1431,-5.3644e-06,11.19,9.7815,0.23931,3.7172,-0.00070782,-671920.0,-695.23,-15.424,0.0,0.0,29.792,0.0,0.23931,0.0,-15.0,0.4551,20.0
124,2023-05-05,0.9785,0.23876,8.75,17.075,12.3020833333333,0.0,0.23876,6.7032e-32,0.085642,-5.3644e-06,11.19,10.02,0.23931,3.8029,-0.00071318,-671920.0,-698.54,-15.427,0.0,0.0,29.678,0.0,0.23931,0.0,-15.0,0.4551,20.0
125,2023-05-06,0.772,0.09398,5.6,9.25,7.990625,0.0,0.09398,6.7032e-32,0.03371,-5.3644e-06,11.19,10.114,0.23931,3.8366,-0.00071855,-671920.0,-700.32,-15.43,0.0,0.0,29.618,0.0,0.23931,0.0,-15.0,0.4551,20.0
126,2023-05-07,0.1904,0.28956,5.125,15.725,10.1114583333333,0.0,0.28956,6.7032e-32,0.10386,-5.3644e-06,11.19,10.404,0.23931,3.9404,-0.00072391,-671920.0,-702.82,-15.433,0.0,0.0,29.549,0.0,0.23931,0.0,-15.0,0.4551,20.0
127,2023-05-08,0.0,0.37084,4.8,17.75,10.8416666666667,0.0,0.37084,6.7032e-32,0.13302,-5.3644e-06,11.19,10.775,0.23931,4.0734,-0.00072928,-671920.0,-708.25,-15.436,0.0,0.0,29.431,0.0,0.23931,0.0,-15.0,0.4551,20.0
128,2023-05-09,0.0,0.27432,1.025,15.4,8.18645833333333,0.0,0.27432,6.7032e-32,0.098397,-5.3644e-06,11.19,11.049,0.23931,4.1718,-0.00073464,-671920.0,-716.03,-15.44,0.0,0.0,29.315,0.0,0.23931,0.0,-15.0,0.4551,20.0
129,2023-05-10,0.0,0.32512,3.225,17.25,10.9427083333333,0.0,0.32512,6.7032e-32,0.11662,-5.3346e-06,11.19,11.374,0.23931,4.2885,-0.00073998,-671920.0,-728.55,-15.443,0.0,0.0,29.208,0.0,0.23931,0.0,-15.0,0.4551,20.0
130,2023-05-11,0.1105,0.2286,5.325,15.625,10.3104166666667,0.0,0.2286,6.7032e-32,0.077568,-5.3346e-06,11.19,11.603,0.23931,4.3678,-0.00074531,-671920.0,-752.16,-15.446,0.0,0.0,29.109,0.0,0.23931,0.0,-15.0,0.4551,20.0
131,2023-05-12,0.0068,0.29972,2.25,20.025,11.2541666666667,0.0,0.29972,6.7032e-32,0.091993,-5.3346e-06,11.19,11.902,0.23931,4.461,-0.00075065,-671920.0,-773.89,-15.449,0.0,0.0,29.023,0.0,0.23931,0.0,-15.0,0.4551,20.0
132,2023-05-13,0.0,0.18288,4.425,15.375,11.121875,0.0,0.18288,6.7032e-32,0.055266,-5.3346e-06,11.19,12.085,0.23931,4.5165,-0.00075598,-671920.0,-782.15,-15.452,0.0,0.0,28.949,0.0,0.23931,0.0,-15.0,0.4551,20.0
133,2023-05-14,0.0,0.21336,6.3,18.9,12.278125,0.0,0.21336,6.7032e-32,0.063894,-5.3346e-06,11.19,12.299,0.23931,4.5805,-0.00076132,-671920.0,-786.23,-15.456,0.0,0.0,28.889,0.0,0.23931,0.0,-15.0,0.4551,20.0
134,2023-05-15,0.0,0.42926,6.0,24.85,15.95,0.0,0.42926,6.7032e-32,0.12831,-5.3346e-06,11.19,12.728,0.23931,4.7088,-0.00076665,-671920.0,-789.28,-15.459,0.0,0.0,28.793,0.0,0.23931,0.0,-15.0,0.4551,20.0
135,2023-05-16,0.0017,0.51816,13.125,26.95,18.9208333333333,0.0,0.51816,6.7032e-32,0.15488,-5.3048e-06,11.19,13.246,0.23931,4.8637,-0.00077195,-671920.0,-794.04,-15.462,0.0,0.0,28.652,0.0,0.23931,0.0,-15.0,0.4551,20.0
136,2023-05-17,0.1327,0.18542,6.85,15.725,11.4177083333333,0.0,0.18542,6.7032e-32,0.055424,-5.3048e-06,11.19,13.432,0.23931,4.9191,-0.00077726,-671920.0,-798.53,-15.465,0.0,0.0,28.546,0.0,0.23931,0.0,-15.0,0.4551,20.0
137,2023-05-18,0.0051,0.33528,2.475,20.725,11.7791666666667,0.0,0.33528,6.7032e-32,0.10022,-5.3048e-06,11.19,13.767,0.23931,5.0194,-0.00078256,-671920.0,-802.39,-15.468,0.0,0.0,28.469,0.0,0.23931,0.0,-15.0,0.4551,20.0
138,2023-05-19,0.0,0.42672,2.825,26.675,15.3260416666667,0.0,0.42672,6.7032e-32,0.12755,-5.3048e-06,11.19,14.194,0.23931,5.1469,-0.00078787,-671920.0,-809.83,-15.471,0.0,0.0,28.355,0.0,0.23931,0.0,-15.0,0.4551,20.0
139,2023-05-20,0.0,0.4064,8.9,26.5,18.53125,0.0,0.4064,6.7032e-32,0.12148,-5.3048e-06,11.19,14.6,0.23931,5.2684,-0.00079317,-671920.0,-821.47,-15.475,0.0,0.0,28.23,0.0,0.23931,0.0,-15.0,0.4551,20.0
140,2023-05-21,0.0,0.4445,9.325,29.55,19.6916666666667,0.0,0.4445,6.7032e-32,0.1304,-5.275e-06,11.19,15.044,0.23931,5.4,-0.00079846,-671920.0,-843.17,-15.478,0.0,0.0,28.103,0.0,0.23931,0.0,-15.0,0.4551,20.0
141,2023-05-22,0.6886,0.35052,10.125,22.5,16.721875,0.0,0.35052,6.7032e-32,0.091962,-5.275e-06,11.19,15.395,0.23931,5.4951,-0.00080374,-671920.0,-881.11,-15.481,0.0,0.0,27.989,0.0,0.23931,0.0,-15.0,0.4551,20.0
142,2023-05-23,0.0,0.40894,6.175,21.575,14.3166666666667,0.0,0.40894,6.7032e-32,0.10099,-5.275e-06,11.19,15.804,0.23931,5.5972,-0.00080901,-671920.0,-913.18,-15.484,0.0,0.0,27.891,0.0,0.23931,0.0,-15.0,0.4551,20.0
143,2023-05-24,0.0578,0.2794,9.5,20.725,14.33125,0.0,0.2794,6.7032e-32,0.064122,-5.275e-06,11.19,16.083,0.23931,5.663,-0.00081429,-671920.0,-945.41,-15.487,0.0,0.0,27.807,0.0,0.23931,0.0,-15.0,0.4551,20.0
144,2023-05-25,0.1445,0.14732,10.4,15.825,12.5489583333333,0.0,0.14732,6.7032e-32,0.031441,-5.275e-06,11.19,16.231,0.23931,5.695,-0.00081956,-671920.0,-969.07,-15.49,0.0,0.0,27.759,0.0,0.23931,0.0,-15.0,0.4551,20.0
145,2023-05-26,0.1394,0.11938,10.425,14.8,12.3583333333333,0.0,0.11938,6.7032e-32,0.024388,-5.275e-06,11.19,16.35,0.23931,5.7196,-0.00082484,-671920.0,-980.63,-15.494,0.0,0.0,27.73,0.0,0.23931,0.0,-15.0,0.4551,20.0
146,2023-05-27,1.7901,0.10922,9.75,12.975,11.4697916666667,0.0,0.10922,6.7032e-32,0.02186,-5.2452e-06,11.19,16.459,0.23931,5.7415,-0.0008301,-671920.0,-988.29,-15.497,0.0,0.0,27.707,0.0,0.23931,0.0,-15.0,0.4551,20.0
147,2023-05-28,0.1819,0.37846,8.75,23.6,15.5322916666667,0.0,0.37846,6.7032e-32,0.072807,-5.2452e-06,11.19,16.838,0.23931,5.8152,-0.00083534,-671920.0,-1003.0,-15.5,0.0,0.0,27.659,0.0,0.23931,0.0,-15.0,0.4551,20.0
148,2023-05-29,0.0374,0.44196,10.375,22.775,16.4135416666667,0.0,0.44196,6.7032e-32,0.074249,-5.2452e-06,11.19,17.28,0.23931,5.8924,-0.00084059,-671920.0,-1033.5,-15.503,0.0,0.0,27.582,0.0,0.23931,0.0,-15.0,0.4551,20.0
149,2023-05-30,0.0,0.44958,9.5,25.775,17.7614583333333,0.0,0.44958,6.7032e-32,0.070163,-5.2452e-06,11.19,17.729,0.23931,5.9635,-0.00084583,-671920.0,-1060.3,-15.506,0.0,0.0,27.509,0.0,0.23931,0.0,-15.0,0.4551,20.0
150,2023-05-31,0.017,0.33528,6.725,26.0,15.9875,0.0,0.33528,6.7032e-32,0.050559,-5.2452e-06,11.19,18.064,0.23931,6.0147,-0.00085108,-671920.0,-1081.1,-15.509,0.0,0.0,27.448,0.0,0.23931,0.0,-15.0,0.4551,20.0
151,2023-06-01,0.0085,0.26162,8.35,20.425,14.171875,0.0,0.26162,6.7032e-32,0.091647,-5.2452e-06,11.19,18.326,0.23931,6.0949,-0.00085633,-671920.0,-727.65,-15.512,0.0,0.0,27.389,0.0,0.23931,0.0,-15.0,0.4551,20.0
152,2023-06-02,0.7684,0.10414,11.1,13.225,12.0458333333333,0.0,0.10414,6.7032e-32,0.035788,-5.2154e-06,11.19,18.43,0.23931,6.1308,-0.00086156,-671920.0,-737.4,-15.516,0.0,0.0,27.325,0.0,0.23931,0.0,-15.0,0.4551,20.0
153,2023-06-03,0.6732,0.1905,8.7,14.75,12.2625,0.0,0.1905,6.7032e-32,0.063409,-5.2154e-06,11.19,18.621,0.23931,6.1947,-0.00086677,-671920.0,-745.29,-15.519,0.0,0.0,27.275,0.0,0.23931,0.0,-15.0,0.4551,20.0
154,2023-06-04,0.0153,0.41656,5.925,23.65,15.775,0.0,0.41656,6.7032e-32,0.13567,-5.2154e-06,11.19,19.037,0.23931,6.3307,-0.00087199,-671920.0,-754.13,-15.522,0.0,0.0,27.175,0.0,0.23931,0.0,-15.0,0.4551,20.0
155,2023-06-05,0.017,0.37592,10.2,25.875,17.9572916666667,0.0,0.37592,6.7032e-32,0.12136,-5.2154e-06,11.19,19.413,0.23931,6.4525,-0.0008772,-671920.0,-765.6,-15.525,0.0,0.0,27.046,0.0,0.23931,0.0,-15.0,0.4551,20.0
156,2023-06-06,0.0017,0.32258,9.85,21.75,15.0395833333333,0.0,0.32258,6.7032e-32,0.10061,-5.2154e-06,11.19,19.736,0.23931,6.5541,-0.00088242,-671920.0,-779.47,-15.528,0.0,0.0,26.934,0.0,0.23931,0.0,-15.0,0.4551,20.0
157,2023-06-07,0.0034,0.4191,7.425,26.35,17.7479166666667,0.0,0.4191,6.7032e-32,0.12322,-5.2154e-06,11.19,20.155,0.23931,6.6791,-0.00088763,-671920.0,-796.67,-15.531,0.0,0.0,26.82,0.0,0.23931,0.0,-15.0,0.4551,20.0
158,2023-06-08,1.123,0.28448,10.95,23.25,17.1291666666667,0.0,0.28448,6.7032e-32,0.082174,-5.1856e-06,11.19,20.439,0.23931,6.7617,-0.00089283,-671920.0,-807.34,-15.534,0.0,0.0,26.717,0.0,0.23931,0.0,-15.0,0.4551,20.0
159,2023-06-09,0.5614,0.19304,13.25,19.575,15.8625,0.0,0.19304,6.7032e-32,0.055338,-5.1856e-06,11.19,20.632,0.23931,6.8171,-0.00089802,-671920.0,-813.46,-15.537,0.0,0.0,26.648,0.0,0.23931,0.0,-15.0,0.4551,20.0
160,2023-06-10,0.0238,0.24638,11.4,20.7,15.959375,0.0,0.24638,6.7032e-32,0.070437,-5.1856e-06,11.19,20.879,0.23931,6.8876,-0.0009032,-671920.0,-819.01,-15.54,0.0,0.0,26.585,0.0,0.23931,0.0,-15.0,0.4551,20.0
161,2023-06-11,0.0136,0.41148,8.85,23.425,16.7239583333333,0.0,0.41148,6.7032e-32,0.11362,-5.1856e-06,11.19,21.29,0.23931,7.0023,-0.00090839,-671920.0,-829.9,-15.544,0.0,0.0,26.492,0.0,0.23931,0.0,-15.0,0.4551,20.0
162,2023-06-12,0.0102,0.41402,9.95,24.225,17.5041666666667,0.0,0.41402,6.7032e-32,0.10883,-5.1856e-06,11.19,21.704,0.23931,7.1126,-0.00091358,-671920.0,-845.9,-15.547,0.0,0.0,26.38,0.0,0.23931,0.0,-15.0,0.4551,20.0
163,2023-06-13,0.0051,0.46482,7.65,26.175,17.7364583333333,0.0,0.46482,6.7032e-32,0.11754,-5.1856e-06,11.19,22.169,0.23931,7.2308,-0.00091876,-671920.0,-860.35,-15.55,0.0,0.0,26.266,0.0,0.23931,0.0,-15.0,0.4551,20.0
164,2023-06-14,0.0,0.44958,8.75,19.225,16.26875,0.0,0.44958,6.7032e-32,0.11255,-5.1558e-06,11.19,22.619,0.23931,7.3436,-0.00092393,-671920.0,-870.56,-15.553,0.0,0.0,26.15,0.0,0.23931,0.0,-15.0,0.4551,20.0
165,2023-06-15,0.0,0.26924,5.1,17.1,11.3458333333333,0.0,0.26924,6.7032e-32,0.067004,-5.1558e-06,11.19,22.888,0.23931,7.4108,-0.00092909,-671920.0,-880.19,-15.556,0.0,0.0,26.06,0.0,0.23931,0.0,-15.0,0.4551,20.0
166,2023-06-16,0.0119,0.4318,3.15,23.3,13.9916666666667,0.0,0.4318,6.7032e-32,0.10088,-5.1558e-06,11.19,23.32,0.23931,7.5129,-0.00093424,-671920.0,-893.48,-15.559,0.0,0.0,25.975,0.0,0.23931,0.0,-15.0,0.4551,20.0
167,2023-06-17,0.068,0.3937,10.05,22.15,15.9583333333333,0.0,0.3937,6.7032e-32,0.087858,-5.1558e-06,11.19,23.713,0.23931,7.6018,-0.0009394,-671920.0,-908.14,-15.562,0.0,0.0,25.88,0.0,0.23931,0.0,-15.0,0.4551,20.0
168,2023-06-18,0.2451,0.34036,5.15,18.225,12.6614583333333,0.0,0.34036,6.7032e-32,0.074445,-5.1558e-06,11.19,24.054,0.23931,7.6766,-0.00094455,-671920.0,-916.38,-15.565,0.0,0.0,25.798,0.0,0.23931,0.0,-15.0,0.4551,20.0
169,2023-06-19,0.0,0.4699,5.55,17.625,11.7541666666667,0.0,0.4699,6.7032e-32,0.10195,-5.1558e-06,11.19,24.524,0.23931,7.7786,-0.00094971,-671920.0,-923.79,-15.568,0.0,0.0,25.71,0.0,0.23931,0.0,-15.0,0.4551,20.0
170,2023-06-20,0.0,0.4445,4.825,18.9,11.8979166666667,0.0,0.4445,6.7032e-32,0.094002,-5.126e-06,11.19,24.968,0.23931,7.8735,-0.00095485,-671920.0,-933.89,-15.571,0.0,0.0,25.611,0.0,0.23931,0.0,-15.0,0.4551,20.0
171,2023-06-21,0.0289,0.34798,0.75,18.575,10.0989583333333,0.0,0.34798,6.7032e-32,0.071333,-5.126e-06,11.19,25.316,0.23931,7.9456,-0.00095998,-671920.0,-945.54,-15.574,0.0,0.0,25.528,0.0,0.23931,0.0,-15.0,0.4551,20.0
172,2023-06-22,0.0051,0.4064,1.225,21.425,12.753125,0.0,0.4064,6.7032e-32,0.07905,-5.126e-06,11.19,25.723,0.23931,8.0255,-0.0009651,-671920.0,-958.56,-15.578,0.0,0.0,25.452,0.0,0.23931,0.0,-15.0,0.4551,20.0
173,2023-06-23,0.4835,0.32004,4.275,23.925,13.8770833333333,0.0,0.32004,6.7032e-32,0.060589,-5.126e-06,11.19,26.043,0.23931,8.0864,-0.00097023,-671920.0,-967.55,-15.581,0.0,0.0,25.381,0.0,0.23931,0.0,-15.0,0.4551,20.0
174,2023-06-24,0.0204,0.40132,9.65,24.3,16.6302083333333,0.0,0.40132,6.7032e-32,0.074905,-5.126e-06,11.19,26.444,0.23931,8.1615,-0.00097536,-671920.0,-973.6,-15.584,0.0,0.0,25.314,0.0,0.23931,0.0,-15.0,0.4551,20.0
175,2023-06-25,0.5101,0.34036,6.85,25.475,15.0083333333333,-2.1611,0.34036,-0.91527,0.14111,-5.8935e-06,9.0289,26.784,-1.3263,8.2678,-0.00097956,0.0,-765.91,-15.586,1.2458,0.59551,26.773,1.5656,0.23931,0.0,-15.0,0.4551,20.0
176,2023-06-26,0.0102,0.43942,7.55,25.375,16.71875,-1.6612,0.43942,-0.72332,0.18094,-4.9779e-06,7.3677,27.224,-2.1258,8.4392,-0.00098468,0.0,-711.15,-15.589,0.93788,1.4571,27.402,2.3652,0.23931,0.0,-15.0,0.4551,20.0
177,2023-06-27,0.3195,0.34036,7.675,24.625,16.1354166666667,-1.9705,0.34036,-0.63879,0.15746,-4.8666e-06,5.3972,27.564,-2.798,8.589,-0.00098978,0.0,-613.66,-15.592,1.3317,2.7555,27.923,3.0373,0.23931,0.0,-15.0,0.4551,20.0
178,2023-06-28,0.6885,0.35052,10.85,22.875,16.246875,0.0,0.35052,2.5611e-09,0.19954,-5.1249e-06,5.3972,27.915,-2.798,8.7898,-0.00099489,-10.645,-625.66,-15.595,0.0,2.7555,27.722,3.0373,0.23931,0.0,-15.0,0.4551,20.0
179,2023-06-29,0.0051,0.4699,9.825,28.45,19.3947916666667,-3.3071,0.4699,-0.61565,0.23451,-5.3998e-06,2.0901,28.385,-3.4818,9.0136,-0.00099997,0.0,-580.57,-15.598,2.6914,5.3788,28.183,3.7211,0.23931,0.0,-15.0,0.4551,20.0
180,2023-06-30,0.0,0.46482,12.425,30.125,22.1291666666667,0.0,0.46482,1.6065e-08,0.28338,-5.0966e-06,2.0901,28.849,-3.4818,9.2976,-0.0010051,-10.904,-591.68,-15.601,0.0,5.3788,27.899,3.7211,0.23931,0.0,-15.0,0.4551,20.0
181,2023-07-01,0.0,0.58928,14.4,31.125,22.9822916666667,-3.302,0.58928,-0.60338,0.26652,-5.3417e-06,-1.2119,29.439,-4.1686,9.5934,-0.0010102,0.0,-580.05,-15.605,2.6986,7.994,28.29,4.4079,0.23931,0.0,-15.0,0.4551,20.0
182,2023-07-02,0.0,0.44958,8.7,27.4,19.7010416666667,0.0,0.44958,-2.6543e-08,0.28771,-5.0509e-06,-1.2119,29.888,-4.1686,9.8846,-0.0010152,-10.879,-578.35,-15.608,0.0,7.994,27.998,4.4079,0.23931,0.0,-15.0,0.4551,20.0
183,2023-07-03,0.8263,0.37592,8.675,23.075,14.9052083333333,-2.4773,0.37592,-0.58562,0.18126,-5.5008e-06,-3.6892,30.264,-4.8282,10.075,-0.0010203,0.0,-552.81,-15.611,1.8917,9.8117,28.463,5.0675,0.23931,0.0,-15.0,0.4551,20.0
184,2023-07-04,0.0102,0.29972,7.075,18.65,12.45,0.0,0.29972,-1.7928e-08,0.1948,-5.1019e-06,-3.6892,30.564,-4.8282,10.27,-0.0010254,-10.472,-563.43,-15.614,0.0,9.8117,28.268,5.0675,0.23931,0.0,-15.0,0.4551,20.0
185,2023-07-05,0.0,0.3937,4.425,25.325,14.9354166666667,0.0,0.3937,1.0361e-08,0.25266,-5.0465e-06,-3.6892,30.958,-4.8282,10.524,-0.0010304,-11.773,-575.69,-15.617,0.0,9.8117,28.029,5.0675,0.23931,0.0,-15.0,0.4551,20.0
186,2023-07-06,0.0,0.3937,7.475,26.875,17.6114583333333,0.0,0.3937,-1.4668e-08,0.25032,-5.0664e-06,-3.6892,31.351,-4.8282,10.775,-0.0010355,-12.738,-587.86,-15.62,0.0,9.8117,27.777,5.0675,0.23931,0.0,-15.0,0.4551,20.0
187,2023-07-07,0.0,0.41148,7.825,25.75,17.7020833333333,0.0,0.41148,-9.3132e-10,0.26041,-5.0664e-06,-3.6892,31.763,-4.8282,11.035,-0.0010406,-13.612,-596.37,-15.623,0.0,9.8117,27.521,5.0675,0.23931,0.0,-15.0,0.4551,20.0
188,2023-07-08,0.0,0.42672,7.15,28.65,18.55625,0.0,0.42672,2.4447e-09,0.26945,-5.0664e-06,-3.6892,32.189,-4.8282,11.305,-0.0010456,-14.263,-604.08,-15.626,0.0,9.8117,27.256,5.0675,0.23931,0.0,-15.0,0.4551,20.0
189,2023-07-09,0.0,0.46482,9.525,32.1,20.8197916666667,0.0,0.46482,6.2864e-09,0.29331,-5.0366e-06,-3.6892,32.654,-4.8282,11.598,-0.0010507,-14.667,-612.03,-15.629,0.0,9.8117,26.974,5.0675,0.23931,0.0,-15.0,0.4551,20.0
190,2023-07-10,0.0,0.4191,11.95,31.35,21.0125,0.0,0.4191,-7.6252e-09,0.26444,-5.0366e-06,-3.6892,33.073,-4.8282,11.863,-0.0010557,-14.876,-621.45,-15.632,0.0,9.8117,26.696,5.0675,0.23931,0.0,-15.0,0.4551,20.0
191,2023-07-11,0.0,0.3302,10.675,25.05,17.6322916666667,0.0,0.3302,-4.8312e-09,0.20804,-5.0366e-06,-3.6892,33.404,-4.8282,12.071,-0.0010607,-15.047,-631.71,-15.635,0.0,9.8117,26.459,5.0675,0.23931,0.0,-15.0,0.4551,20.0
192,2023-07-12,0.0,0.43434,9.325,29.675,19.7041666666667,0.0,0.43434,1.1176e-08,0.27061,-5.0366e-06,-3.6892,33.838,-4.8282,12.342,-0.0010658,-15.238,-645.13,-15.638,0.0,9.8117,26.219,5.0675,0.23931,0.0,-15.0,0.4551,20.0
193,2023-07-13,0.0902,0.3937,10.875,28.325,18.1260416666667,-1.3602,0.3937,-0.74082,0.22105,-5.087e-06,-5.0494,34.232,-5.8603,12.576,-0.0010706,0.0,-646.54,-15.641,0.61938,10.14,27.017,6.0996,0.23931,0.0,-15.0,0.4551,20.0
194,2023-07-14,0.0,0.35306,8.625,26.925,17.66875,-1.27,0.35306,-0.60891,0.15646,-4.8061e-06,-6.3194,34.585,-6.519,12.756,-0.0010756,0.0,-650.58,-15.644,0.66109,10.751,27.495,6.7583,0.23931,0.0,-15.0,0.4551,20.0
195,2023-07-15,0.0,0.41402,9.325,30.425,20.0177083333333,-1.27,0.41402,-0.58036,0.18162,-5.0915e-06,-7.5894,34.999,-7.1115,12.938,-0.0010806,0.0,-653.85,-15.647,0.68964,11.429,27.905,7.3508,0.23931,0.0,-15.0,0.4551,20.0
196,2023-07-16,0.0,0.4318,10.125,31.8,21.578125,-1.27,0.4318,-0.56434,0.18293,-4.9342e-06,-8.8594,35.43,-7.6819,13.124,-0.0010856,0.0,-608.89,-15.65,0.70566,12.128,28.291,7.9212,0.23931,0.0,-15.0,0.4551,20.0
197,2023-07-17,0.0102,0.46736,11.6,31.9,21.653125,-1.2802,0.46736,-0.55755,0.2165,-4.8464e-06,-10.14,35.898,-8.2433,13.339,-0.0010906,0.0,-565.36,-15.653,0.72265,12.847,28.638,8.4826,0.23931,0.0,-15.0,0.4551,20.0
198,2023-07-18,0.0,0.4445,5.8,28.55,18.1614583333333,-2.54,0.4445,-0.54687,0.19753,-4.8174e-06,-12.68,36.342,-8.7917,13.536,-0.0010956,0.0,-522.08,-15.656,1.9931,14.839,28.988,9.0311,0.23931,0.0,-15.0,0.4551,20.0
199,2023-07-19,0.0,0.4191,5.7,27.475,18.4979166666667,0.0,0.4191,-2.0023e-08,0.30443,-4.9837e-06,-12.68,36.761,-8.7917,13.842,-0.0011006,-10.754,-537.0,-15.659,0.0,14.839,28.686,9.0311,0.23931,0.0,-15.0,0.4551,20.0
200,2023-07-20,0.0,0.43942,6.725,31.125,21.0604166666667,-1.27,0.43942,-0.53899,0.18455,-4.9773e-06,-13.95,37.201,-9.4179,14.07,-0.0011055,0.0,-492.78,-15.662,0.73101,15.482,29.08,9.6572,0.23931,0.0,-15.0,0.4551,20.0
201,2023-07-21,0.0,0.47244,9.5,35.65,23.0864583333333,0.0,0.47244,-1.8626e-09,0.3582,-5.0283e-06,-13.95,37.673,-9.4179,14.429,-0.0011105,-10.906,-506.3,-15.665,0.0,15.482,28.722,9.6572,0.23931,0.0,-15.0,0.4551,20.0
202,2023-07-22,0.0,0.46736,11.45,36.55,24.0,0.0,0.46736,1.3853e-08,0.35247,-4.9733e-06,-13.95,38.141,-9.4179,14.782,-0.0011155,-12.242,-520.45,-15.668,0.0,15.482,28.368,9.6572,0.23931,0.0,-15.0,0.4551,20.0
203,2023-07-23,0.0,0.45974,9.95,36.05,24.60625,0.0,0.45974,9.3132e-09,0.3449,-4.977e-06,-13.95,38.6,-9.4179,15.128,-0.0011205,-13.256,-535.21,-15.671,0.0,15.482,28.019,9.6572,0.23931,0.0,-15.0,0.4551,20.0
204,2023-07-24,0.0,0.4699,12.925,36.925,24.6635416666667,0.0,0.4699,6.2864e-09,0.35089,-4.977e-06,-13.95,39.07,-9.4179,15.479,-0.0011254,-14.059,-550.64,-15.673,0.0,15.482,27.67,9.6572,0.23931,0.0,-15.0,0.4551,20.0
205,2023-07-25,0.0,0.46482,15.375,29.8,23.028125,0.0,0.46482,1.0827e-08,0.34602,-4.977e-06,-13.95,39.535,-9.4179,15.825,-0.0011304,-14.575,-566.22,-15.676,0.0,15.482,27.322,9.6572,0.23931,0.0,-15.0,0.4551,20.0
206,2023-07-26,0.0,0.44958,10.725,30.1,20.25,0.0,0.44958,8.702e-09,0.33103,-4.977e-06,-13.95,39.985,-9.4179,16.158,-0.0011354,-14.833,-585.38,-15.679,0.0,15.482,26.982,9.6572,0.23931,0.0,-15.0,0.4551,20.0
207,2023-07-27,0.0,0.34036,6.375,25.225,17.2885416666667,0.0,0.34036,-1.33e-08,0.24611,-4.9472e-06,-13.95,40.325,-9.4179,16.405,-0.0011404,-15.01,-608.33,-15.682,0.0,15.482,26.691,9.6572,0.23931,0.0,-15.0,0.4551,20.0
208,2023-07-28,0.0,0.36068,6.85,28.8,18.3135416666667,0.0,0.36068,5.6461e-09,0.25393,-4.9472e-06,-13.95,40.686,-9.4179,16.661,-0.0011453,-15.203,-630.26,-15.685,0.0,15.482,26.44,9.6572,0.23931,0.0,-15.0,0.4551,20.0
209,2023-07-29,0.0,0.3937,7.725,31.125,20.24375,0.0,0.3937,7.2469e-09,0.27386,-4.9472e-06,-13.95,41.079,-9.4179,16.935,-0.0011503,-15.418,-646.43,-15.688,0.0,15.482,26.176,9.6572,0.23931,0.0,-15.0,0.4551,20.0
210,2023-07-30,0.0,0.39116,9.075,32.525,21.4,0.0,0.39116,-3.2887e-09,0.27067,-4.9472e-06,-13.95,41.471,-9.4179,17.206,-0.0011552,-15.661,-660.07,-15.691,0.0,15.482,25.903,9.6572,0.23931,0.0,-15.0,0.4551,20.0
211,2023-07-31,0.0,0.41402,8.5,34.65,22.3989583333333,0.0,0.41402,7.7998e-09,0.28532,-4.9472e-06,-13.95,41.885,-9.4179,17.492,-0.0011601,-15.934,-674.16,-15.694,0.0,15.482,25.625,9.6572,0.23931,0.0,-15.0,0.4551,20.0
212,2023-08-01,0.0,0.43942,14.525,35.1,24.5697916666667,0.0,0.43942,-1.1234e-08,0.30217,-4.9472e-06,-13.95,42.324,-9.4179,17.794,-0.0011651,-16.241,-689.55,-15.697,0.0,15.482,25.331,9.6572,0.23931,0.0,-15.0,0.4551,20.0
213,2023-08-02,0.0,0.43688,10.225,34.525,23.2104166666667,0.0,0.43688,1.6298e-09,0.30006,-4.9174e-06,-13.95,42.761,-9.4179,18.094,-0.00117,-16.589,-708.81,-15.7,0.0,15.482,25.03,9.6572,0.23931,0.0,-15.0,0.4551,20.0
214,2023-08-03,0.0,0.39624,15.1,34.45,25.1635416666667,0.0,0.39624,-1.1874e-08,0.27196,-4.9174e-06,-13.95,43.157,-9.4179,18.366,-0.0011749,-16.973,-734.44,-15.703,0.0,15.482,24.744,9.6572,0.23931,0.0,-15.0,0.4551,20.0
215,2023-08-04,0.0,0.35814,14.8,32.1,22.8239583333333,0.0,0.35814,7.7416e-09,0.24554,-4.9174e-06,-13.95,43.515,-9.4179,18.612,-0.0011799,-17.387,-770.07,-15.706,0.0,15.482,24.485,9.6572,0.23931,0.0,-15.0,0.4551,20.0
216,2023-08-05,0.0051,0.19558,14.25,22.35,17.4322916666667,0.0,0.19558,8.2655e-09,0.13415,-4.9174e-06,-13.95,43.711,-9.4179,18.746,-0.0011848,-17.792,-813.46,-15.709,0.0,15.482,24.295,9.6572,0.23931,0.0,-15.0,0.4551,20.0
217,2023-08-06,0.0153,0.14986,10.4,18.3,15.1177083333333,0.0,0.14986,6.9267e-09,0.10278,-4.9174e-06,-13.95,43.861,-9.4179,18.849,-0.0011897,-18.126,-855.28,-15.712,0.0,15.482,24.176,9.6572,0.23931,0.0,-15.0,0.4551,20.0
218,2023-08-07,0.0017,0.34036,7.9,28.625,17.475,0.0,0.34036,-8.1491e-09,0.17188,-4.9174e-06,-13.95,44.201,-9.4179,19.041,-0.0011946,-18.399,-948.76,-15.715,0.0,15.482,24.018,9.6572,0.23931,0.0,-15.0,0.4551,20.0
219,2023-08-08,0.0017,0.3556,8.675,30.1,19.2875,0.0,0.3556,1.5454e-08,0.1215,-4.9174e-06,-13.95,44.557,-9.4179,19.174,-0.0011995,-18.615,-1063.5,-15.718,0.0,15.482,23.86,9.6572,0.23931,0.0,-15.0,0.4551,20.0
220,2023-08-09,0.0034,0.4064,13.025,28.9,20.1895833333333,0.0,0.4064,2.372e-09,0.10188,-4.8876e-06,-13.95,44.963,-9.4179,19.284,-0.0012044,-18.725,-1142.0,-15.721,0.0,15.482,23.741,9.6572,0.23931,0.0,-15.0,0.4551,20.0
221,2023-08-10,0.0,0.46228,12.7,27.5,19.2614583333333,0.0,0.46228,-3.216e-09,0.084788,-4.8876e-06,-13.95,45.425,-9.4179,19.375,-0.0012093,-18.775,-1206.9,-15.724,0.0,15.482,23.641,9.6572,0.23931,0.0,-15.0,0.4551,20.0
222,2023-08-11,0.0,0.39878,9.2,29.525,19.2677083333333,0.0,0.39878,-4.6712e-09,0.052449,-4.8876e-06,-13.95,45.824,-9.4179,19.433,-0.0012142,-18.827,-1263.4,-15.727,0.0,15.482,23.567,9.6572,0.23931,0.0,-15.0,0.4551,20.0
223,2023-08-12,0.0017,0.26924,9.75,31.875,18.0302083333333,0.0,0.26924,8.6875e-09,0.025462,-4.8876e-06,-13.95,46.093,-9.4179,19.461,-0.0012191,-18.878,-1304.2,-15.73,0.0,15.482,23.525,9.6572,0.23931,0.0,-15.0,0.4551,20.0
224,2023-08-13,0.0,0.3556,8.125,28.05,18.1322916666667,0.0,0.3556,-8.7311e-09,0.018469,-4.8876e-06,-13.95,46.449,-9.4179,19.483,-0.001224,-18.929,-1332.6,-15.732,0.0,15.482,23.5,9.6572,0.23931,0.0,-15.0,0.4551,20.0
225,2023-08-14,0.0,0.41148,8.45,33.725,21.628125,0.0,0.41148,-4.1764e-09,0.016357,-4.8876e-06,-13.95,46.86,-9.4179,19.5,-0.0012289,-18.979,-1345.2,-15.735,0.0,15.482,23.482,9.6572,0.23931,0.0,-15.0,0.4551,20.0
226,2023-08-15,0.0,0.43688,15.275,38.175,26.3229166666667,0.0,0.43688,1.0419e-08,0.016126,-4.8578e-06,-13.95,47.297,-9.4179,19.516,-0.0012337,-19.029,-1350.9,-15.738,0.0,15.482,23.466,9.6572,0.23931,0.0,-15.0,0.4551,20.0
227,2023-08-16,0.0,0.32258,15.85,29.2,22.63125,0.0,0.32258,9.7207e-09,0.011707,-4.8578e-06,-13.95,47.62,-9.4179,19.528,-0.0012386,-19.078,-1353.9,-15.741,0.0,15.482,23.452,9.6572,0.23931,0.0,-15.0,0.4551,20.0
228,2023-08-17,0.0,0.44958,11.65,36.825,24.23125,0.0,0.44958,1.135e-08,0.016119,-4.8578e-06,-13.95,48.07,-9.4179,19.544,-0.0012434,-19.126,-1356.7,-15.744,0.0,15.482,23.438,9.6572,0.23931,0.0,-15.0,0.4551,20.0
229,2023-08-18,0.0,0.55372,13.125,31.375,25.1322916666667,0.0,0.55372,-9.7643e-09,0.018972,-4.8578e-06,-13.95,48.623,-9.4179,19.563,-0.0012483,-19.174,-1360.3,-15.747,0.0,15.482,23.42,9.6572,0.23931,0.0,-15.0,0.4551,20.0
230,2023-08-19,0.0,0.29972,6.5,20.4,14.4458333333333,0.0,0.29972,1.2347e-08,0.010644,-4.8578e-06,-13.95,48.923,-9.4179,19.574,-0.0012532,-19.222,-1363.9,-15.75,0.0,15.482,23.405,9.6572,0.23931,0.0,-15.0,0.4551,20.0
231,2023-08-20,0.0,0.25146,11.95,22.0,17.2677083333333,0.0,0.25146,1.469e-08,0.0088221,-4.8578e-06,-13.95,49.174,-9.4179,19.583,-0.001258,-19.269,-1366.9,-15.753,0.0,15.482,23.395,9.6572,0.23931,0.0,-15.0,0.4551,20.0
232,2023-08-21,0.0936,0.11938,14.325,17.525,16.1645833333333,0.0,0.11938,-1.2449e-08,0.0043303,-4.828e-06,-13.95,49.294,-9.4179,19.587,-0.0012629,-19.316,-1369.2,-15.756,0.0,15.482,23.389,9.6572,0.23931,0.0,-15.0,0.4551,20.0
233,2023-08-22,0.277,0.36068,14.6,29.775,20.0697916666667,0.0,0.36068,-3.1359e-09,0.011563,-4.828e-06,-13.95,49.654,-9.4179,19.599,-0.0012677,-19.362,-1372.1,-15.759,0.0,15.482,23.381,9.6572,0.23931,0.0,-15.0,0.4551,20.0
234,2023-08-23,0.034,0.40386,14.275,25.6,19.2552083333333,0.0,0.40386,1.2551e-08,0.012242,-4.828e-06,-13.95,50.058,-9.4179,19.611,-0.0012725,-19.407,-1376.5,-15.762,0.0,15.482,23.369,9.6572,0.23931,0.0,-15.0,0.4551,20.0
235,2023-08-24,0.0,0.36322,8.625,27.575,17.959375,0.0,0.36322,4.191e-09,0.01065,-4.828e-06,-13.95,50.422,-9.4179,19.622,-0.0012773,-19.452,-1380.6,-15.764,0.0,15.482,23.357,9.6572,0.23931,0.0,-15.0,0.4551,20.0
236,2023-08-25,0.0,0.28194,6.05,24.85,15.20625,0.0,0.28194,-4.7876e-09,0.0080948,-4.828e-06,-13.95,50.703,-9.4179,19.63,-0.0012822,-19.497,-1384.0,-15.767,0.0,15.482,23.348,9.6572,0.23931,0.0,-15.0,0.4551,20.0
237,2023-08-26,0.0,0.3683,11.175,31.35,20.5875,0.0,0.3683,-9.5388e-09,0.0099806,-4.828e-06,-13.95,51.072,-9.4179,19.64,-0.001287,-19.541,-1387.7,-15.77,0.0,15.482,23.339,9.6572,0.23931,0.0,-15.0,0.4551,20.0
238,2023-08-27,0.0,0.32004,9.425,30.85,19.9802083333333,0.0,0.32004,5.0422e-09,0.0084505,-4.828e-06,-13.95,51.392,-9.4179,19.649,-0.0012918,-19.585,-1390.6,-15.773,0.0,15.482,23.329,9.6572,0.23931,0.0,-15.0,0.4551,20.0
239,2023-08-28,0.0,0.29972,9.975,29.175,19.6802083333333,0.0,0.29972,1.1132e-09,0.007746,-4.7982e-06,-13.95,51.692,-9.4179,19.656,-0.0012966,-19.628,-1392.8,-15.776,0.0,15.482,23.321,9.6572,0.23931,0.0,-15.0,0.4551,20.0
240,2023-08-29,0.0119,0.37846,8.175,32.85,19.8739583333333,0.0,0.37846,5.0495e-09,0.0095313,-4.7982e-06,-13.95,52.07,-9.4179,19.666,-0.0013014,-19.67,-1394.7,-15.779,0.0,15.482,23.312,9.6572,0.23931,0.0,-15.0,0.4551,20.0
241,2023-08-30,0.0017,0.46482,14.65,21.325,17.2072916666667,0.0,0.46482,1.0201e-08,0.011484,-4.7982e-06,-13.95,52.535,-9.4179,19.678,-0.0013062,-19.713,-1396.6,-15.782,0.0,15.482,23.302,9.6572,0.23931,0.0,-15.0,0.4551,20.0
242,2023-08-31,0.0051,0.37592,10.225,25.125,17.7479166666667,0.0,0.37592,-7.4942e-10,0.0092372,-4.7982e-06,-13.95,52.911,-9.4179,19.687,-0.001311,-19.755,-1398.3,-15.785,0.0,15.482,23.291,9.6572,0.23931,0.0,-15.0,0.4551,20.0
243,2023-09-01,0.0,0.28194,5.775,27.55,16.5385416666667,0.0,0.28194,-1.0361e-08,13.091,-4.7982e-06,-13.95,53.193,-9.4179,26.233,-0.0013158,-19.796,-276.94,-15.787,0.0,15.482,23.287,9.6572,0.23931,0.0,-15.0,0.4551,20.0
244,2023-09-02,0.0,0.42926,11.8,32.7,21.6041666666667,0.0,0.42926,2.0009e-09,5.4925,-4.7982e-06,-13.95,53.622,-9.4179,34.471,-0.0013206,-19.837,-327.56,-15.79,0.0,15.482,11.249,9.6572,0.23931,0.0,-150.81,0.1934,20.0
245,2023-09-03,0.0,0.37084,16.15,29.1,21.7604166666667,0.0,0.37084,6.3737e-09,1.3731,-4.7684e-06,-13.95,53.993,-9.4179,36.531,-0.0013254,-19.878,-464.26,-15.793,0.0,15.482,7.1294,9.6572,0.23931,0.0,-557.27,0.1029,20.0
246,2023-09-04,0.3673,0.17272,10.95,18.825,14.1947916666667,0.0,0.17272,5.6316e-09,0.34336,-4.7684e-06,-13.95,54.166,-9.4179,37.046,-0.0013302,-19.918,-645.16,-15.796,0.0,15.482,6.0995,9.6572,0.23931,0.0,-1123.17,0.0803,20.0
247,2023-09-05,0.0,0.27432,6.35,23.8,14.7916666666667,0.0,0.27432,-2.6994e-09,0.085935,-4.7684e-06,-13.95,54.44,-9.4179,37.175,-0.001335,-19.957,-748.81,-15.799,0.0,15.482,5.842,9.6572,0.23931,0.0,-1453.01,0.0746,20.0
248,2023-09-06,0.1821,0.3429,7.675,26.8,17.1239583333333,0.0,0.3429,6.381e-09,0.021404,-4.7684e-06,-13.95,54.783,-9.4179,37.207,-0.0013397,-19.997,-782.04,-15.802,0.0,15.482,5.7775,9.6572,0.23931,0.0,-1558.53,0.0732,20.0
249,2023-09-07,0.0034,0.26924,7.6,25.825,16.9135416666667,0.0,0.26924,4.8967e-09,0.0052779,-4.7684e-06,-13.95,55.052,-9.4179,37.215,-0.0013445,-20.036,-793.7,-15.805,0.0,15.482,5.7614,9.6572,0.23931,0.0,-1596.05,0.0728,20.0
250,2023-09-08,0.7957,0.254,8.275,23.925,14.6697916666667,0.0,0.254,-5.5588e-09,0.0001145,-4.7684e-06,-13.95,55.306,-9.4179,37.215,-0.0013493,-20.074,-795.64,-15.807,0.0,15.482,5.7588,9.6572,0.23931,0.0,-1602.51,0.0728,20.0
251,2023-09-09,0.0068,0.21336,5.15,21.875,13.6958333333333,0.0,0.21336,-3.3615e-09,7.0607e-05,-4.7684e-06,-13.95,55.519,-9.4179,37.215,-0.001354,-20.112,-795.75,-15.81,0.0,15.482,5.7587,9.6572,0.23931,0.0,-1602.79,0.0728,20.0
252,2023-09-10,0.0,0.23622,3.875,23.075,13.9447916666667,0.0,0.23622,-9.1677e-09,0.00011848,-4.7386e-06,-13.95,55.756,-9.4179,37.215,-0.0013588,-20.15,-795.73,-15.813,0.0,15.482,5.7587,9.6572,0.23931,0.0,-1602.81,0.0728,20.0
253,2023-09-11,0.0,0.25146,4.475,27.375,15.6145833333333,0.0,0.25146,-1.1933e-08,0.0,-4.7386e-06,-13.95,56.007,-9.4179,37.215,-0.0013635,-20.187,-795.76,-15.816,0.0,15.482,5.7585,9.6572,0.23931,0.0,-1602.81,0.0728,20.0
254,2023-09-12,0.0,0.2921,9.05,28.675,18.4947916666667,0.0,0.2921,2.7649e-10,8.7533e-06,-4.7386e-06,-13.95,56.299,-9.4179,37.215,-0.0013683,-20.224,-795.75,-15.819,0.0,15.482,5.7585,9.6572,0.23931,0.0,-1602.81,0.0728,20.0
255,2023-09-13,0.0,0.24638,9.5,23.875,17.503125,0.0,0.24638,-1.2573e-08,6.414e-05,-4.7386e-06,-13.95,56.545,-9.4179,37.215,-0.001373,-20.26,-795.75,-15.822,0.0,15.482,5.7584,9.6572,0.23931,0.0,-1602.81,0.0728,20.0
256,2023-09-14,0.0,0.21844,6.8,24.85,15.1583333333333,0.0,0.21844,1.2224e-09,0.0,-4.7386e-06,-13.95,56.764,-9.4179,37.215,-0.0013777,-20.296,-795.76,-15.824,0.0,15.482,5.7583,9.6572,0.23931,0.0,-1602.81,0.0728,20.0
257,2023-09-15,0.0,0.2921,3.9,27.15,15.390625,0.0,0.2921,-4.0745e-09,0.0,-4.7386e-06,-13.95,57.056,-9.4179,37.215,-0.0013825,-20.332,-795.76,-15.827,0.0,15.482,5.7583,9.6572,0.23931,0.0,-1602.81,0.0728,20.0
258,2023-09-16,0.0,0.32258,8.5,30.25,18.5375,0.0,0.32258,-2.2264e-09,4.6993e-05,-4.7088e-06,-13.95,57.379,-9.4179,37.215,-0.0013872,-20.367,-795.75,-15.83,0.0,15.482,5.7582,9.6572,0.23931,0.0,-1602.81,0.0728,20.0
259,2023-09-17,0.0,0.46228,10.55,29.5,20.7541666666667,0.0,0.46228,2.1319e-09,0.0,-4.7088e-06,-13.95,57.841,-9.4179,37.215,-0.0013919,-20.402,-795.76,-15.833,0.0,15.482,5.7581,9.6572,0.23931,0.0,-1602.81,0.0728,20.0
260,2023-09-18,0.0,0.37592,13.05,26.9,19.0833333333333,0.0,0.37592,-4.8385e-09,0.0,-4.7088e-06,-13.95,58.217,-9.4179,37.216,-0.0013966,-20.437,-795.76,-15.836,0.0,15.482,5.7581,9.6572,0.23931,0.0,-1602.81,0.0728,20.0
261,2023-09-19,0.0,0.20066,3.0,18.75,12.0010416666667,0.0,0.20066,8.3674e-11,0.0,-4.7088e-06,-13.95,58.417,-9.4179,37.216,-0.0014013,-20.471,-795.75,-15.839,0.0,15.482,5.758,9.6572,0.23931,0.0,-1602.81,0.0728,20.0
262,2023-09-20,0.0,0.18288,2.7,17.475,10.528125,0.0,0.18288,-8.4401e-09,9.9519e-06,-4.7088e-06,-13.95,58.6,-9.4179,37.216,-0.001406,-20.505,-795.75,-15.841,0.0,15.482,5.7579,9.6572,0.23931,0.0,-1602.81,0.0728,20.0
263,2023-09-21,1.5719,0.04826,5.05,8.775,6.94375,0.0,0.04826,-5.7153e-09,0.0,-4.7088e-06,-13.95,58.649,-9.4179,37.216,-0.0014107,-20.538,-795.75,-15.844,0.0,15.482,5.7579,9.6572,0.23931,0.0,-1602.81,0.0728,20.0
264,2023-09-22,2.6917,0.04572,8.4,12.425,10.015625,0.0,0.04572,1.1023e-09,0.0,-4.7088e-06,-13.95,58.694,-9.4179,37.216,-0.0014154,-20.571,-795.75,-15.847,0.0,15.482,5.7578,9.6572,0.23931,0.0,-1602.81,0.0728,20.0
265,2023-09-23,1.0551,0.23622,8.3,20.55,13.1375,0.0,0.23622,-1.3424e-09,0.0,-4.679e-06,-13.95,58.931,-9.4179,37.216,-0.0014201,-20.604,-795.75,-15.85,0.0,15.482,5.7578,9.6572,0.23931,0.0,-1602.81,0.0728,20.0
266,2023-09-24,0.0,0.2286,3.65,21.35,12.571875,0.0,0.2286,-1.198e-08,0.0,-4.679e-06,-13.95,59.159,-9.4179,37.216,-0.0014248,-20.636,-795.75,-15.853,0.0,15.482,5.7577,9.6572,0.23931,0.0,-1602.81,0.0728,20.0
267,2023-09-25,0.0,0.22606,6.575,24.675,15.2,0.0,0.22606,3.8199e-10,0.0,-4.679e-06,-13.95,59.385,-9.4179,37.216,-0.0014295,-20.668,-795.76,-15.855,0.0,15.482,5.7576,9.6572,0.23931,0.0,-1602.81,0.0728,20.0
268,2023-09-26,0.0,0.28956,11.85,26.8,18.5614583333333,0.0,0.28956,5.6025e-09,0.0,-4.679e-06,-13.95,59.675,-9.4179,37.216,-0.0014342,-20.7,-795.76,-15.858,0.0,15.482,5.7576,9.6572,0.23931,0.0,-1602.81,0.0728,20.0
269,2023-09-27,0.0,0.22098,5.15,20.725,11.69375,0.0,0.22098,4.3729e-09,0.0,-4.679e-06,-13.95,59.896,-9.4179,37.216,-0.0014389,-20.731,-795.76,-15.861,0.0,15.482,5.7575,9.6572,0.23931,0.0,-1602.81,0.0728,20.0
270,2023-09-28,0.0,0.28702,5.575,17.625,10.6572916666667,0.0,0.28702,-2.9868e-09,0.0,-4.679e-06,-13.95,60.183,-9.4179,37.216,-0.0014435,-20.762,-795.76,-15.864,0.0,15.482,5.7574,9.6572,0.23931,0.0,-1602.81,0.0728,20.0
271,2023-09-29,0.0,0.23114,2.725,17.25,10.365625,0.0,0.23114,1.2998e-08,0.0,-4.679e-06,-13.95,60.414,-9.4179,37.216,-0.0014482,-20.793,-795.76,-15.867,0.0,15.482,5.7574,9.6572,0.23931,0.0,-1602.81,0.0728,20.0
272,2023-09-30,0.4336,0.06604,5.2,7.9,6.55416666666667,0.0,0.06604,-6.7375e-09,0.0,-4.6492e-06,-13.95,60.48,-9.4179,37.216,-0.0014529,-20.824,-795.76,-15.869,0.0,15.482,5.7573,9.6572,0.23931,0.0,-1602.81,0.0728,20.0
273,2023-10-01,1.8254,0.02286,4.6,6.725,5.85833333333333,0.02286,0.0,0.02286,0.0,-4.6492e-06,-13.927,60.48,-9.3951,37.216,-0.0014575,-33.76,-795.76,-15.872,0.0,15.482,5.7345,9.6572,0.26217,0.0,-1602.81,0.0728,20.0
274,2023-10-02,0.5516,0.21844,5.475,17.625,10.428125,0.21844,0.0,0.12049,0.0,-4.6492e-06,-13.708,60.48,-9.2256,37.216,-0.0014622,-1000000.0,-795.76,-15.875,0.0,15.482,5.565,9.6572,0.43163,0.0,-1602.81,0.0728,20.0
275,2023-10-03,0.034,0.13462,6.075,16.75,9.98958333333333,0.13462,0.0,9.984e-32,0.0,-4.6492e-06,-13.574,60.48,-9.2256,37.216,-0.0014668,-1000000.0,-795.76,-15.878,0.0,15.482,5.565,9.6572,0.43164,0.0,-1602.81,0.0728,20.0
276,2023-10-04,0.0714,0.1905,3.925,19.875,10.321875,0.1905,0.0,9.984e-32,0.0,-4.6492e-06,-13.383,60.48,-9.2256,37.216,-0.0014715,-1000000.0,-795.76,-15.881,0.0,15.482,5.565,9.6572,0.43164,0.0,-1602.81,0.0728,20.0
277,2023-10-05,0.0238,0.11938,-0.075,16.0,7.48645833333333,0.11938,0.0,9.984e-32,0.0,-4.6492e-06,-13.264,60.48,-9.2256,37.216,-0.0014761,-1000000.0,-795.76,-15.883,0.0,15.482,5.565,9.6572,0.43164,0.0,-1602.81,0.0728,20.0
278,2023-10-06,0.0,0.19558,-0.65,19.325,8.75729166666667,0.19558,0.0,9.984e-32,0.0,-4.6194e-06,-13.068,60.48,-9.2256,37.216,-0.0014807,-1000000.0,-795.76,-15.886,0.0,15.482,5.565,9.6572,0.43164,0.0,-1602.81,0.0728,20.0
279,2023-10-07,0.0,0.18796,5.85,23.825,12.925,0.18796,0.0,9.984e-32,0.0,-4.6194e-06,-12.88,60.48,-9.2256,37.216,-0.0014854,-1000000.0,-795.76,-15.889,0.0,15.482,5.565,9.6572,0.43164,0.0,-1602.81,0.0728,20.0
280,2023-10-08,0.0,0.23368,1.95,25.2,13.0333333333333,0.23368,0.0,9.984e-32,0.0,-4.6194e-06,-12.647,60.48,-9.2256,37.216,-0.00149,-1000000.0,-795.76,-15.892,0.0,15.482,5.565,9.6572,0.43164,0.0,-1602.81,0.0728,20.0
281,2023-10-09,0.0,0.2413,4.225,26.0,14.55,0.2413,0.0,9.984e-32,0.0,-4.6194e-06,-12.405,60.48,-9.2256,37.216,-0.0014946,-1000000.0,-795.76,-15.894,0.0,15.482,5.565,9.6572,0.43164,0.0,-1602.81,0.0728,20.0
282,2023-10-10,0.0766,0.21082,10.075,21.725,14.00625,0.21082,0.0,9.984e-32,0.0,-4.6194e-06,-12.195,60.48,-9.2256,37.216,-0.0014992,-1000000.0,-795.76,-15.897,0.0,15.482,5.565,9.6572,0.43164,0.0,-1602.81,0.0728,20.0
283,2023-10-11,0.9952,0.15494,5.925,17.625,10.40625,0.15494,0.0,9.984e-32,0.0,-4.6194e-06,-12.04,60.48,-9.2256,37.216,-0.0015038,-1000000.0,-795.76,-15.9,0.0,15.482,5.5649,9.6572,0.43164,0.0,-1602.81,0.0728,20.0
284,2023-10-12,0.1887,0.02032,3.725,8.575,6.5375,0.02032,0.0,9.984e-32,0.0,-4.6194e-06,-12.019,60.48,-9.2256,37.216,-0.0015085,-1000000.0,-795.76,-15.903,0.0,15.482,5.5649,9.6572,0.43164,0.0,-1602.81,0.0728,20.0
285,2023-10-13,0.0306,0.07366,3.775,10.5,7.06875,0.07366,0.0,9.984e-32,0.0,-4.5896e-06,-11.946,60.48,-9.2256,37.216,-0.0015131,-1000000.0,-795.76,-15.905,0.0,15.482,5.5649,9.6572,0.43164,0.0,-1602.81,0.0728,20.0
286,2023-10-14,0.0085,0.13716,0.0,15.8,6.95833333333333,0.13716,0.0,9.984e-32,0.0,-4.5896e-06,-11.808,60.48,-9.2256,37.216,-0.0015177,-1000000.0,-795.76,-15.908,0.0,15.482,5.5649,9.6572,0.43164,0.0,-1602.81,0.0728,20.0
287,2023-10-15,0.0,0.1778,3.375,19.0,10.3677083333333,0.1778,0.0,9.984e-32,0.0,-4.5896e-06,-11.631,60.48,-9.2256,37.216,-0.0015222,-1000000.0,-795.76,-15.911,0.0,15.482,5.5649,9.6572,0.43164,0.0,-1602.81,0.0728,20.0
288,2023-10-16,0.0,0.18288,4.3,20.05,12.4822916666667,0.18288,0.0,9.984e-32,0.0,-4.5896e-06,-11.448,60.48,-9.2256,37.216,-0.0015268,-1000000.0,-795.76,-15.914,0.0,15.482,5.5649,9.6572,0.43164,0.0,-1602.81,0.0728,20.0
289,2023-10-17,0.0,0.24892,6.6,16.175,12.215625,0.24892,0.0,9.984e-32,0.0,-4.5896e-06,-11.199,60.48,-9.2256,37.216,-0.0015314,-1000000.0,-795.76,-15.916,0.0,15.482,5.5649,9.6572,0.43164,0.0,-1602.81,0.0728,20.0
290,2023-10-18,0.0,0.36322,6.2,19.9,12.8614583333333,0.36322,0.0,9.984e-32,0.0,-4.5896e-06,-10.836,60.48,-9.2256,37.216,-0.001536,-1000000.0,-795.76,-15.919,0.0,15.482,5.5649,9.6572,0.43164,0.0,-1602.81,0.0728,20.0
291,2023-10-19,0.0,0.42164,11.4,27.0,18.1760416666667,0.42164,0.0,9.984e-32,0.0,-4.5896e-06,-10.414,60.48,-9.2256,37.216,-0.0015406,-1000000.0,-795.76,-15.922,0.0,15.482,5.5649,9.6572,0.43164,0.0,-1602.81,0.0728,20.0
292,2023-10-20,0.0,0.26924,3.375,25.65,15.0583333333333,0.26924,0.0,9.984e-32,0.0,-4.5598e-06,-10.145,60.48,-9.2256,37.216,-0.0015452,-1000000.0,-795.76,-15.925,0.0,15.482,5.5649,9.6572,0.43164,0.0,-1602.81,0.0728,20.0
293,2023-10-21,0.0,0.10922,-1.9,17.025,6.440625,0.10922,0.0,9.984e-32,0.0,-4.5598e-06,-10.036,60.48,-9.2256,37.216,-0.0015497,-1000000.0,-795.76,-15.927,0.0,15.482,5.5649,9.6572,0.43164,0.0,-1602.81,0.0728,20.0
294,2023-10-22,0.0765,0.06858,2.6,9.125,5.3875,0.06858,0.0,9.984e-32,0.0,-4.5598e-06,-9.9669,60.48,-9.2256,37.216,-0.0015543,-1000000.0,-795.76,-15.93,0.0,15.482,5.5649,9.6572,0.43164,0.0,-1602.81,0.0728,20.0
295,2023-10-23,0.4765,0.03302,0.825,5.0,3.42708333333333,0.03302,0.0,9.984e-32,0.0,-4.5598e-06,-9.9339,60.48,-9.2256,37.216,-0.0015588,-1000000.0,-795.76,-15.933,0.0,15.482,5.5649,9.6572,0.43164,0.0,-1602.81,0.0728,20.0
296,2023-10-24,0.0,0.02286,-8.1,0.8,-4.26875,0.02286,0.0,9.984e-32,0.0,-4.5598e-06,-9.911,60.48,-9.2256,37.216,-0.0015634,-1000000.0,-795.76,-15.936,0.0,15.482,5.5649,9.6572,0.43164,0.0,-1602.81,0.0728,20.0
297,2023-10-25,0.0017,0.02794,-10.85,-4.875,-8.91458333333333,0.02794,0.0,9.984e-32,0.0,-4.5598e-06,-9.8831,60.48,-9.2256,37.216,-0.001568,-1000000.0,-795.76,-15.938,0.0,15.482,5.5649,9.6572,0.43164,0.0,-1602.81,0.0728,20.0
298,2023-10-26,0.0,0.0254,-12.175,-4.675,-9.690625,0.0254,0.0,9.984e-32,0.0,-4.5598e-06,-9.8577,60.48,-9.2256,37.216,-0.0015725,-1000000.0,-795.76,-15.941,0.0,15.482,5.5649,9.6572,0.43164,0.0,-1602.81,0.0728,20.0
299,2023-10-27,0.0,0.02286,-18.325,-3.4,-11.734375,0.02286,0.0,9.984e-32,0.0,-4.53e-06,-9.8348,60.48,-9.2256,37.216,-0.001577,-1000000.0,-795.76,-15.944,0.0,15.482,5.5649,9.6572,0.43164,0.0,-1602.81,0.0728,20.0
300,2023-10-28,0.0,0.04064,-15.475,-2.525,-8.61458333333333,0.04064,0.0,9.984e-32,0.0,-4.5299e-06,-9.7942,60.48,-9.2256,37.216,-0.0015816,-1000000.0,-795.76,-15.946,0.0,15.482,5.5649,9.6572,0.43164,0.0,-1602.81,0.0728,20.0
301,2023-10-29,0.0034,0.06604,-8.975,0.4,-4.11875,0.06604,0.0,9.984e-32,0.0,-4.53e-06,-9.7282,60.48,-9.2256,37.216,-0.0015861,-1000000.0,-795.76,-15.949,0.0,15.482,5.5649,9.6572,0.43164,0.0,-1602.81,0.0728,20.0
302,2023-10-30,0.0952,0.1016,-5.525,4.0,-0.882291666666667,0.1016,0.0,9.984e-32,0.0,-4.53e-06,-9.6266,60.48,-9.2256,37.216,-0.0015906,-1000000.0,-795.76,-15.952,0.0,15.482,5.5649,9.6572,0.43164,0.0,-1602.81,0.0728,20.0
303,2023-10-31,0.0,0.13462,-1.1,7.375,2.45104166666667,0.13462,0.0,9.984e-32,0.0,-4.53e-06,-9.4919,60.48,-9.2256,37.216,-0.0015952,-1000000.0,-795.76,-15.955,0.0,15.482,5.5649,9.6572,0.43164,0.0,-1602.81,0.0728,20.0
304,2023-11-01,0.0,0.15748,-0.625,12.375,4.26770833333333,0.15748,0.0,9.984e-32,0.0,-4.53e-06,-9.3345,60.48,-9.2256,37.216,-0.0015997,-1000000.0,-795.76,-15.957,0.0,15.482,5.5649,9.6572,0.43164,0.0,-1602.81,0.0728,20.0
305,2023-11-02,0.0068,0.11176,4.0,10.375,6.99583333333333,0.11176,0.0,9.984e-32,0.0,-4.53e-06,-9.2227,60.48,-9.2256,37.216,-0.0016042,-1000000.0,-795.76,-15.96,0.0,15.482,5.5648,9.6572,0.43164,0.0,-1602.81,0.0728,20.0
306,2023-11-03,0.0017,0.14478,1.325,12.975,6.86979166666667,0.14478,0.0,9.984e-32,0.0,-4.5002e-06,-9.0779,60.48,-9.2256,37.216,-0.0016087,-1000000.0,-795.76,-15.963,0.0,15.482,5.5648,9.6572,0.43164,0.0,-1602.81,0.0728,20.0
307,2023-11-04,0.0136,0.1905,1.0,12.2,7.7375,0.1905,0.0,9.984e-32,0.0,-4.5002e-06,-8.8874,60.48,-9.2256,37.216,-0.0016132,-1000000.0,-795.76,-15.965,0.0,15.482,5.5648,9.6572,0.43164,0.0,-1602.81,0.0728,20.0
308,2023-11-05,0.0,0.23876,5.5,14.4,9.73368,0.23876,0.0,9.984e-32,0.0,-4.5002e-06,-8.6487,60.48,-9.2256,37.216,-0.0016177,-1000000.0,-795.76,-15.968,0.0,15.482,5.5648,9.6572,0.43164,0.0,-1602.81,0.0728,20.0
309,2023-11-06,0.0357,0.1143,0.475,10.45,6.26875,0.1143,0.0,9.984e-32,0.0,-4.5002e-06,-8.5344,60.48,-9.2256,37.216,-0.0016222,-1000000.0,-795.76,-15.971,0.0,15.482,5.5648,9.6572,0.43164,0.0,-1602.81,0.0728,20.0
310,2023-11-07,0.0,0.2032,2.85,9.9,5.97395833333333,0.2032,0.0,9.984e-32,0.0,-4.5001e-06,-8.3312,60.48,-9.2256,37.216,-0.0016267,-1000000.0,-795.76,-15.973,0.0,15.482,5.5648,9.6572,0.43164,0.0,-1602.81,0.0728,20.0
311,2023-11-08,0.0,0.12954,-3.3,9.425,2.68229166666667,0.12954,0.0,9.984e-32,0.0,-4.5002e-06,-8.2016,60.48,-9.2256,37.216,-0.0016312,-1000000.0,-795.76,-15.976,0.0,15.482,5.5648,9.6572,0.43164,0.0,-1602.81,0.0728,20.0
312,2023-11-09,0.0,0.12446,-4.575,10.3,1.196875,0.12446,0.0,9.984e-32,0.0,-4.4703e-06,-8.0772,60.48,-9.2256,37.216,-0.0016357,-1000000.0,-795.76,-15.979,0.0,15.482,5.5648,9.6572,0.43164,0.0,-1602.81,0.0728,20.0
313,2023-11-10,0.0,0.15494,-4.9,9.25,2.09583333333333,0.15494,0.0,9.984e-32,0.0,-4.4704e-06,-7.9222,60.48,-9.2256,37.216,-0.0016402,-1000000.0,-795.76,-15.982,0.0,15.482,5.5648,9.6572,0.43164,0.0,-1602.81,0.0728,20.0
314,2023-11-11,0.0,0.28956,0.45,13.25,6.24270833333333,0.28956,0.0,9.984e-32,0.0,-4.4704e-06,-7.6327,60.48,-9.2256,37.216,-0.0016447,-1000000.0,-795.76,-15.984,0.0,15.482,5.5648,9.6572,0.43164,0.0,-1602.81,0.0728,20.0
315,2023-11-12,0.0,0.13462,-0.625,11.25,4.853125,0.13462,0.0,9.984e-32,0.0,-4.4703e-06,-7.498,60.48,-9.2256,37.216,-0.0016491,-1000000.0,-795.76,-15.987,0.0,15.482,5.5648,9.6572,0.43164,0.0,-1602.81,0.0728,20.0
316,2023-11-13,0.0,0.24892,-0.375,16.475,8.39895833333333,0.24892,0.0,9.984e-32,0.0,-4.4704e-06,-7.2491,60.48,-9.2256,37.216,-0.0016536,-1000000.0,-795.76,-15.99,0.0,15.482,5.5648,9.6572,0.43164,0.0,-1602.81,0.0728,20.0
317,2023-11-14,0.0,0.18542,-2.55,12.375,4.825,0.18542,0.0,9.984e-32,0.0,-4.4704e-06,-7.0637,60.48,-9.2256,37.216,-0.0016581,-1000000.0,-795.76,-15.992,0.0,15.482,5.5648,9.6572,0.43164,0.0,-1602.81,0.0728,20.0
318,2023-11-15,0.0,0.18796,0.05,14.775,7.56041666666667,0.18796,0.0,9.984e-32,0.0,-4.4703e-06,-6.8757,60.48,-9.2256,37.216,-0.0016625,-1000000.0,-795.76,-15.995,0.0,15.482,5.5648,9.6572,0.43164,0.0,-1602.81,0.0728,20.0
319,2023-11-16,0.3726,0.09906,-2.825,6.8,1.0,0.09906,0.0,9.984e-32,0.0,-4.4703e-06,-6.7767,60.48,-9.2256,37.216,-0.001667,-1000000.0,-795.76,-15.998,0.0,15.482,5.5648,9.6572,0.43164,0.0,-1602.81,0.0728,20.0
320,2023-11-17,0.0,0.27432,3.15,13.75,7.25208333333333,0.27432,0.0,9.984e-32,0.0,-4.4405e-06,-6.5024,60.48,-9.2256,37.216,-0.0016714,-1000000.0,-795.76,-16.0,0.0,15.482,5.5648,9.6572,0.43164,0.0,-1602.81,0.0728,20.0
321,2023-11-18,0.0,0.19304,-0.125,13.35,5.53958333333333,0.19304,0.0,9.984e-32,0.0,-4.4405e-06,-6.3093,60.48,-9.2256,37.216,-0.0016759,-1000000.0,-795.76,-16.003,0.0,15.482,5.5648,9.6572,0.43164,0.0,-1602.81,0.0728,20.0
322,2023-11-19,0.0,0.18796,1.95,12.4,5.996875,0.18796,0.0,9.984e-32,0.0,-4.4405e-06,-6.1214,60.48,-9.2256,37.216,-0.0016803,-1000000.0,-795.76,-16.006,0.0,15.482,5.5648,9.6572,0.43164,0.0,-1602.81,0.0728,20.0
323,2023-11-20,0.0,0.1651,-1.325,8.125,2.86666666666667,0.1651,0.0,9.984e-32,0.0,-4.4405e-06,-5.9563,60.48,-9.2256,37.216,-0.0016848,-1000000.0,-795.76,-16.008,0.0,15.482,5.5648,9.6572,0.43164,0.0,-1602.81,0.0728,20.0
324,2023-11-21,0.0,0.33274,3.65,11.25,7.96145833333333,0.33274,0.0,9.984e-32,0.0,-4.4405e-06,-5.6235,60.48,-9.2256,37.216,-0.0016892,-1000000.0,-795.76,-16.011,0.0,15.482,5.5648,9.6572,0.43164,0.0,-1602.81,0.0728,20.0
325,2023-11-22,0.0,0.1524,-1.925,10.625,5.92395833333333,0.1524,0.0,9.984e-32,0.0,-4.4405e-06,-5.4711,60.48,-9.2256,37.216,-0.0016937,-1000000.0,-795.76,-16.014,0.0,15.482,5.5648,9.6572,0.43164,0.0,-1602.81,0.0728,20.0
326,2023-11-23,0.0,0.01016,-5.6,-2.2,-4.47291666666667,0.01016,0.0,9.984e-32,0.0,-4.4107e-06,-5.461,60.48,-9.2256,37.216,-0.0016981,-1000000.0,-795.76,-16.016,0.0,15.482,5.5648,9.6572,0.43164,0.0,-1602.81,0.0728,20.0
327,2023-11-24,0.0,0.01778,-12.725,-5.175,-6.821875,0.01778,0.0,9.984e-32,0.0,-4.4107e-06,-5.4432,60.48,-9.2256,37.216,-0.0017025,-1000000.0,-795.76,-16.019,0.0,15.482,5.5647,9.6572,0.43164,0.0,-1602.81,0.0728,20.0
328,2023-11-25,0.0527,0.06096,-10.375,3.575,-2.86458333333333,0.06096,0.0,9.984e-32,0.0,-4.4107e-06,-5.3822,60.48,-9.2256,37.216,-0.0017069,-1000000.0,-795.76,-16.021,0.0,15.482,5.5647,9.6572,0.43164,0.0,-1602.81,0.0728,20.0
329,2023-11-26,0.0,0.05842,-8.025,3.925,-2.55833333333333,0.05842,0.0,9.984e-32,0.0,-4.4107e-06,-5.3238,60.48,-9.2256,37.216,-0.0017113,-1000000.0,-795.76,-16.024,0.0,15.482,5.5647,9.6572,0.43164,0.0,-1602.81,0.0728,20.0
330,2023-11-27,0.0,0.18288,-6.825,7.8,1.12083333333333,0.18288,0.0,9.984e-32,0.0,-4.4107e-06,-5.1409,60.48,-9.2256,37.216,-0.0017157,-1000000.0,-795.76,-16.027,0.0,15.482,5.5647,9.6572,0.43164,0.0,-1602.81,0.0728,20.0
331,2023-11-28,0.0,0.28194,0.125,10.625,4.359375,0.28194,0.0,9.984e-32,0.0,-4.4107e-06,-4.859,60.48,-9.2256,37.216,-0.0017201,-1000000.0,-795.76,-16.029,0.0,15.482,5.5647,9.6572,0.43164,0.0,-1602.81,0.0728,20.0
332,2023-11-29,0.0,0.10668,-10.025,7.975,0.0031249999999998,0.10668,0.0,9.984e-32,0.0,-4.4107e-06,-4.7523,60.48,-9.2256,37.216,-0.0017245,-1000000.0,-795.76,-16.032,0.0,15.482,5.5647,9.6572,0.43164,0.0,-1602.81,0.0728,20.0
333,2023-11-30,0.0,0.0254,-12.5,0.75,-7.184375,0.0254,0.0,9.984e-32,0.0,-4.4107e-06,-4.7269,60.48,-9.2256,37.216,-0.001729,-1000000.0,-795.76,-16.035,0.0,15.482,5.5647,9.6572,0.43164,0.0,-1602.81,0.0728,20.0
334,2023-12-01,0.0,0.1143,-11.55,2.85,-2.70833333333333,0.1143,0.0,9.984e-32,0.0,-4.3809e-06,-4.6126,60.48,-9.2256,37.216,-0.0017333,-1000000.0,-795.76,-16.037,0.0,15.482,5.5647,9.6572,0.43164,0.0,-1602.81,0.0728,20.0
335,2023-12-02,0.0,0.1651,-2.725,4.55,0.510416666666667,0.1651,0.0,9.984e-32,0.0,-4.3809e-06,-4.4475,60.48,-9.2256,37.216,-0.0017377,-1000000.0,-795.76,-16.04,0.0,15.482,5.5647,9.6572,0.43164,0.0,-1602.81,0.0728,20.0
336,2023-12-03,0.0,0.17018,-3.95,6.5,1.57916666666667,0.17018,0.0,9.984e-32,0.0,-4.3809e-06,-4.2773,60.48,-9.2256,37.216,-0.0017421,-1000000.0,-795.76,-16.043,0.0,15.482,5.5647,9.6572,0.43164,0.0,-1602.81,0.0728,20.0
337,2023-12-04,0.0,0.16256,-2.625,9.575,5.40729166666667,0.16256,0.0,9.984e-32,0.0,-4.3809e-06,-4.1148,60.48,-9.2256,37.216,-0.0017465,-1000000.0,-795.76,-16.045,0.0,15.482,5.5647,9.6572,0.43164,0.0,-1602.81,0.0728,20.0
338,2023-12-05,0.0,0.33782,9.525,15.325,12.5104166666667,0.33782,0.0,9.984e-32,0.0,-4.3809e-06,-3.7769,60.48,-9.2256,37.216,-0.0017509,-1000000.0,-795.76,-16.048,0.0,15.482,5.5647,9.6572,0.43164,0.0,-1602.81,0.0728,20.0
339,2023-12-06,0.0,0.25146,6.05,15.675,11.015625,0.25146,0.0,9.984e-32,0.0,-4.3809e-06,-3.5255,60.48,-9.2256,37.216,-0.0017552,-1000000.0,-795.76,-16.05,0.0,15.482,5.5647,9.6572,0.43164,0.0,-1602.81,0.0728,20.0
340,2023-12-07,0.0,0.09144,-3.225,8.15,3.30625,0.09144,0.0,9.984e-32,0.0,-4.3809e-06,-3.434,60.48,-9.2256,37.216,-0.0017596,-1000000.0,-795.76,-16.053,0.0,15.482,5.5647,9.6572,0.43164,0.0,-1602.81,0.0728,20.0
341,2023-12-08,0.0068,0.03302,-10.3,5.75,-2.80833333333333,0.03302,0.0,9.984e-32,0.0,-4.3511e-06,-3.401,60.48,-9.2256,37.216,-0.001764,-1000000.0,-795.76,-16.056,0.0,15.482,5.5647,9.6572,0.43164,0.0,-1602.81,0.0728,20.0
342,2023-12-09,0.0,0.1397,-6.625,3.35,-1.165625,0.1397,0.0,9.984e-32,0.0,-4.3511e-06,-3.2613,60.48,-9.2256,37.216,-0.0017683,-1000000.0,-795.76,-16.058,0.0,15.482,5.5647,9.6572,0.43164,0.0,-1602.81,0.0728,20.0
343,2023-12-10,0.0,0.21082,0.875,6.65,3.815625,0.21082,0.0,9.984e-32,0.0,-4.3511e-06,-3.0505,60.48,-9.2256,37.216,-0.0017727,-1000000.0,-795.76,-16.061,0.0,15.482,5.5647,9.6572,0.43164,0.0,-1602.81,0.0728,20.0
344,2023-12-11,0.148,0.04572,-3.725,3.875,0.255208333333333,0.04572,0.0,9.984e-32,0.0,-4.3511e-06,-3.0048,60.48,-9.2256,37.216,-0.001777,-1000000.0,-795.76,-16.063,0.0,15.482,5.5647,9.6572,0.43164,0.0,-1602.81,0.0728,20.0
345,2023-12-12,0.0034,0.04064,-5.475,5.225,-1.43854166666667,0.04064,0.0,9.984e-32,0.0,-4.3511e-06,-2.9641,60.48,-9.2256,37.216,-0.0017814,-1000000.0,-795.76,-16.066,0.0,15.482,5.5647,9.6572,0.43164,0.0,-1602.81,0.0728,20.0
346,2023-12-13,0.0,0.13716,-4.75,9.0,0.878125,0.13716,0.0,9.984e-32,0.0,-4.3511e-06,-2.827,60.48,-9.2256,37.216,-0.0017857,-1000000.0,-795.76,-16.069,0.0,15.482,5.5647,9.6572,0.43164,0.0,-1602.81,0.0728,20.0
347,2023-12-14,0.0,0.11684,-2.925,9.275,1.02604166666667,0.11684,0.0,9.984e-32,0.0,-4.3511e-06,-2.7101,60.48,-9.2256,37.216,-0.0017901,-1000000.0,-795.76,-16.071,0.0,15.482,5.5647,9.6572,0.43164,0.0,-1602.81,0.0728,20.0
348,2023-12-15,0.0,0.10668,-6.45,8.35,0.763541666666667,0.10668,0.0,9.984e-32,0.0,-4.3213e-06,-2.6035,60.48,-9.2256,37.216,-0.0017944,-1000000.0,-795.76,-16.074,0.0,15.482,5.5647,9.6572,0.43164,0.0,-1602.81,0.0728,20.0
349,2023-12-16,0.0,0.3302,4.125,11.3,7.08645833333333,0.3302,0.0,9.984e-32,0.0,-4.3213e-06,-2.2733,60.48,-9.2256,37.216,-0.0017987,-1000000.0,-795.76,-16.076,0.0,15.482,5.5647,9.6572,0.43164,0.0,-1602.81,0.0728,20.0
350,2023-12-17,0.0,0.06604,-7.75,5.325,-0.157291666666667,0.06604,0.0,9.984e-32,0.0,-4.3213e-06,-2.2072,60.48,-9.2256,37.216,-0.0018031,-1000000.0,-795.76,-16.079,0.0,15.482,5.5646,9.6572,0.43164,0.0,-1602.81,0.0728,20.0
351,2023-12-18,0.0,0.2286,-3.35,12.575,6.90833333333333,0.2286,0.0,9.984e-32,0.0,-4.3213e-06,-1.9786,60.48,-9.2256,37.216,-0.0018074,-1000000.0,-795.76,-16.082,0.0,15.482,5.5646,9.6572,0.43164,0.0,-1602.81,0.0728,20.0
352,2023-12-19,0.0085,0.19304,1.925,13.15,7.56458333333333,0.19304,0.0,9.984e-32,0.0,-4.3213e-06,-1.7856,60.48,-9.2256,37.216,-0.0018117,-1000000.0,-795.76,-16.084,0.0,15.482,5.5646,9.6572,0.43164,0.0,-1602.81,0.0728,20.0
353,2023-12-20,0.0,0.20574,4.35,12.8,7.19166666666667,0.20574,0.0,9.984e-32,0.0,-4.3213e-06,-1.5798,60.48,-9.2256,37.216,-0.001816,-1000000.0,-795.76,-16.087,0.0,15.482,5.5646,9.6572,0.43164,0.0,-1602.81,0.0728,20.0
354,2023-12-21,0.0,0.1651,-1.125,12.4,6.38125,0.1651,0.0,9.984e-32,0.0,-4.3213e-06,-1.4147,60.48,-9.2256,37.216,-0.0018203,-1000000.0,-795.76,-16.089,0.0,15.482,5.5646,9.6572,0.43164,0.0,-1602.81,0.0728,20.0
355,2023-12-22,0.0,0.2032,2.825,11.925,6.90625,0.2032,0.0,9.984e-32,0.0,-4.2915e-06,-1.2115,60.48,-9.2256,37.216,-0.0018246,-1000000.0,-795.76,-16.092,0.0,15.482,5.5646,9.6572,0.43164,0.0,-1602.81,0.0728,20.0
356,2023-12-23,0.0,0.07366,-4.55,3.975,0.003125,0.07366,0.0,9.984e-32,0.0,-4.2915e-06,-1.1379,60.48,-9.2256,37.216,-0.0018289,-1000000.0,-795.76,-16.094,0.0,15.482,5.5646,9.6572,0.43164,0.0,-1602.81,0.0728,20.0
357,2023-12-24,0.0,0.0762,-9.675,3.125,-4.54375,0.0762,0.0,9.984e-32,0.0,-4.2915e-06,-1.0617,60.48,-9.2256,37.216,-0.0018332,-1000000.0,-795.76,-16.097,0.0,15.482,5.5646,9.6572,0.43164,0.0,-1602.81,0.0728,20.0
358,2023-12-25,0.0,0.12954,-10.325,5.575,-3.33541666666667,0.12954,0.0,9.984e-32,0.0,-4.2915e-06,-0.93214,60.48,-9.2256,37.216,-0.0018375,-1000000.0,-795.76,-16.1,0.0,15.482,5.5646,9.6572,0.43164,0.0,-1602.81,0.0728,20.0
359,2023-12-26,0.0,0.1651,-6.25,6.95,0.0583333333333333,0.1651,0.0,9.984e-32,0.0,-4.2915e-06,-0.76704,60.48,-9.2256,37.216,-0.0018418,-1000000.0,-795.76,-16.102,0.0,15.482,5.5646,9.6572,0.43164,0.0,-1602.81,0.0728,20.0
360,2023-12-27,0.0,0.09144,-6.775,7.3,-0.14375,0.09144,0.0,9.984e-32,0.0,-4.2915e-06,-0.6756,60.48,-9.2256,37.216,-0.0018461,-1000000.0,-795.76,-16.105,0.0,15.482,5.5646,9.6572,0.43164,0.0,-1602.81,0.0728,20.0
361,2023-12-28,0.0,0.1905,-2.8,11.65,4.85729166666667,0.1905,0.0,9.984e-32,0.0,-4.2915e-06,-0.4851,60.48,-9.2256,37.216,-0.0018504,-1000000.0,-795.76,-16.107,0.0,15.482,5.5646,9.6572,0.43164,0.0,-1602.81,0.0728,20.0
362,2023-12-29,0.0,0.07874,-5.25,10.55,1.37708333333333,0.07874,0.0,9.984e-32,0.0,-4.2617e-06,-0.40636,60.48,-9.2256,37.216,-0.0018547,-1000000.0,-795.76,-16.11,0.0,15.482,5.5646,9.6572,0.43164,0.0,-1602.81,0.0728,20.0
363,2023-12-30,0.0,0.03302,-8.125,7.625,-1.759375,0.03302,0.0,9.984e-32,0.0,-4.2617e-06,-0.37334,60.48,-9.2256,37.216,-0.0018589,-1000000.0,-795.76,-16.112,0.0,15.482,5.5646,9.6572,0.43164,0.0,-1602.81,0.0728,20.0
364,2023-12-31,0.0,0.10668,-7.525,10.125,0.734375,0.10668,0.0,9.984e-32,0.0,-4.2617e-06,-0.26666,60.48,-9.2256,37.216,-0.0018632,-1000000.0,-795.76,-16.115,0.0,15.482,5.5646,9.6572,0.43164,0.0,-1602.81,0.0728,20.0
365,2024-01-01,0.0,0.127,-4.5,7.55,0.603125,0.127,0.0,9.984e-32,0.0,-4.2617e-06,-0.13966,60.48,-9.2256,37.216,-0.0018674,-1000000.0,-795.76,-16.118,0.0,15.482,5.5646,9.6572,0.43164,0.0,-1602.81,0.0728,20.0
366,2024-01-02,0.0,0.11684,-4.275,6.675,-0.121875,0.11684,0.0,9.984e-32,0.0,-4.2617e-06,-0.022822,60.48,-9.2256,37.216,-0.0018717,-1000000.0,-795.76,-16.12,0.0,15.482,5.5646,9.6572,0.43164,0.0,-1602.81,0.0728,20.0
367,2024-01-03,0.0,0.04064,-11.325,4.075,-4.49895833333333,0.04064,0.0,9.984e-32,0.0,-4.2617e-06,0.017818,60.48,-9.2256,37.216,-0.001876,-1000000.0,-795.76,-16.123,0.0,15.482,5.5646,9.6572,0.43164,0.0,-1602.81,0.0728,20.0
368,2024-01-04,0.0,0.11176,-4.1,7.425,0.45,0.11176,0.0,9.984e-32,0.0,-4.2617e-06,0.12958,60.48,-9.2256,37.216,-0.0018802,-1000000.0,-795.76,-16.125,0.0,15.482,5.5646,9.6572,0.43164,0.0,-1602.81,0.0728,20.0
369,2024-01-05,0.0,0.09144,-3.425,5.325,-0.651041666666667,0.09144,0.0,9.984e-32,0.0,-4.2617e-06,0.22102,60.48,-9.2256,37.216,-0.0018845,-1000000.0,-795.76,-16.128,0.0,15.482,5.5646,9.6572,0.43164,0.0,-1602.81,0.0728,20.0
370,2024-01-06,0.0,0.1524,-5.325,2.2,-0.451041666666667,0.1524,0.0,9.984e-32,0.0,-4.2319e-06,0.37342,60.48,-9.2256,37.216,-0.0018887,-1000000.0,-795.76,-16.13,0.0,15.482,5.5646,9.6572,0.43164,0.0,-1602.81,0.0728,20.0
371,2024-01-07,0.0,0.02794,-13.95,-5.325,-10.1489583333333,0.02794,0.0,9.984e-32,0.0,-4.2319e-06,0.40136,60.48,-9.2256,37.216,-0.001893,-1000000.0,-795.76,-16.133,0.0,15.482,5.5646,9.6572,0.43164,0.0,-1602.81,0.0728,20.0
372,2024-01-08,0.0,0.08382,-18.125,-0.875,-8.43541666666667,0.08382,0.0,9.984e-32,0.0,-4.2319e-06,0.48518,60.48,-9.2256,37.216,-0.0018972,-1000000.0,-795.76,-16.135,0.0,15.482,5.5646,9.6572,0.43164,0.0,-1602.81,0.0728,20.0
373,2024-01-09,0.0,0.1905,-2.55,5.875,1.115625,0.1905,0.0,9.984e-32,0.0,-4.2319e-06,0.67568,60.48,-9.2256,37.216,-0.0019014,-1000000.0,-795.76,-16.138,0.0,15.482,5.5645,9.6572,0.43164,0.0,-1602.81,0.0728,20.0
374,2024-01-10,0.0,0.0381,-19.575,-6.725,-14.7020833333333,0.0381,0.0,9.984e-32,0.0,-4.2319e-06,0.71378,60.48,-9.2256,37.216,-0.0019056,-1000000.0,-795.76,-16.14,0.0,15.482,5.5645,9.6572,0.43164,0.0,-1602.81,0.0728,20.0
375,2024-01-11,0.0,0.01524,-30.025,-20.075,-24.8489583333333,0.01524,0.0,9.984e-32,0.0,-4.2319e-06,0.72902,60.48,-9.2256,37.216,-0.0019099,-1000000.0,-795.76,-16.143,0.0,15.482,5.5645,9.6572,0.43164,0.0,-1602.81,0.0728,20.0
376,2024-01-12,0.0,0.00508,-36.925,-30.275,-32.846875,0.00508,0.0,9.984e-32,0.0,-4.2319e-06,0.7341,60.48,-9.2256,37.216,-0.0019141,-1000000.0,-795.76,-16.145,0.0,15.482,5.5645,9.6572,0.43164,0.0,-1602.81,0.0728,20.0
377,2024-01-13,0.0,0.00762,-38.025,-21.85,-31.2628333333333,0.00762,0.0,9.984e-32,0.0,-4.2021e-06,0.74172,60.48,-9.2256,37.216,-0.0019183,-1000000.0,-795.76,-16.148,0.0,15.482,5.5645,9.6572,0.43164,0.0,-1602.81,0.0728,20.0
378,2024-01-14,0.0,0.00508,-34.025,-25.925,-29.0159565217391,0.00508,0.0,9.984e-32,0.0,-4.2021e-06,0.7468,60.48,-9.2256,37.216,-0.0019225,-1000000.0,-795.76,-16.15,0.0,15.482,5.5645,9.6572,0.43164,0.0,-1602.81,0.0728,20.0
379,2024-01-15,0.0,0.02032,-34.675,-15.075,-24.7677083333333,0.02032,0.0,9.984e-32,0.0,-4.2021e-06,0.76712,60.48,-9.2256,37.216,-0.0019267,-1000000.0,-795.76,-16.153,0.0,15.482,5.5645,9.6572,0.43164,0.0,-1602.81,0.0728,20.0
380,2024-01-16,0.0,0.07874,-14.65,-3.85,-8.19375,0.07874,0.0,9.984e-32,0.0,-4.2021e-06,0.84586,60.48,-9.2256,37.216,-0.0019309,-1000000.0,-795.76,-16.155,0.0,15.482,5.5645,9.6572,0.43164,0.0,-1602.81,0.0728,20.0
381,2024-01-17,0.0,0.01778,-18.825,-7.325,-13.5770833333333,0.01778,0.0,9.984e-32,0.0,-4.2021e-06,0.86364,60.48,-9.2256,37.216,-0.0019351,-1000000.0,-795.76,-16.158,0.0,15.482,5.5645,9.6572,0.43164,0.0,-1602.81,0.0728,20.0
382,2024-01-18,0.0,0.01651,-27.575,-12.375,-19.2677083333333,0.01651,0.0,9.984e-32,0.0,-4.2021e-06,0.88015,60.48,-9.2256,37.216,-0.0019393,-1000000.0,-795.76,-16.161,0.0,15.482,5.5645,9.6572,0.43164,0.0,-1602.81,0.0728,20.0
383,2024-01-19,0.0,0.01524,-28.575,-12.7,-19.715625,0.01524,0.0,9.984e-32,0.0,-4.2021e-06,0.89539,60.48,-9.2256,37.216,-0.0019435,-1000000.0,-795.76,-16.163,0.0,15.482,5.5645,9.6572,0.43164,0.0,-1602.81,0.0728,20.0
384,2024-01-20,0.4186,0.1143,-16.0,6.175,1.03854166666667,0.1143,0.0,9.984e-32,0.0,-4.2021e-06,1.0097,60.48,-9.2256,37.216,-0.0019477,-1000000.0,-795.76,-16.166,0.0,15.482,5.5645,9.6572,0.43164,0.0,-1602.81,0.0728,20.0
385,2024-01-21,0.0,0.12954,0.775,8.775,5.02708333333333,0.12954,0.0,9.984e-32,0.0,-4.1723e-06,1.1392,60.48,-9.2256,37.216,-0.0019519,-1000000.0,-795.76,-16.168,0.0,15.482,5.5645,9.6572,0.43164,0.0,-1602.81,0.0728,20.0
386,2024-01-22,0.0,0.0381,-10.225,-2.65,-6.46979166666667,0.0381,0.0,9.984e-32,0.0,-4.1723e-06,1.1773,60.48,-9.2256,37.216,-0.0019561,-1000000.0,-795.76,-16.171,0.0,15.482,5.5645,9.6572,0.43164,0.0,-1602.81,0.0728,20.0
387,2024-01-23,0.0,0.15494,0.925,9.4,4.725,0.15494,0.0,9.984e-32,0.0,-4.1723e-06,1.3323,60.48,-9.2256,37.216,-0.0019602,-1000000.0,-795.76,-16.173,0.0,15.482,5.5645,9.6572,0.43164,0.0,-1602.81,0.0728,20.0
388,2024-01-24,0.0,0.14732,-1.15,8.75,3.42916666666667,0.14732,0.0,9.984e-32,0.0,-4.1723e-06,1.4796,60.48,-9.2256,37.216,-0.0019644,-1000000.0,-795.76,-16.176,0.0,15.482,5.5645,9.6572,0.43164,0.0,-1602.81,0.0728,20.0
389,2024-01-25,0.0,0.1651,0.275,10.45,4.19270833333333,0.1651,0.0,9.984e-32,0.0,-4.1723e-06,1.6447,60.48,-9.2256,37.216,-0.0019686,-1000000.0,-795.76,-16.178,0.0,15.482,5.5645,9.6572,0.43164,0.0,-1602.81,0.0728,20.0
390,2024-01-26,0.0,0.19304,-0.3,8.1,2.88125,0.19304,0.0,9.984e-32,0.0,-4.1723e-06,1.8377,60.48,-9.2256,37.216,-0.0019727,-1000000.0,-795.76,-16.181,0.0,15.482,5.5645,9.6572,0.43164,0.0,-1602.81,0.0728,20.0
391,2024-01-27,0.0,0.20574,0.125,8.925,5.6375,0.20574,0.0,9.984e-32,0.0,-4.1425e-06,2.0435,60.48,-9.2256,37.216,-0.0019769,-1000000.0,-795.76,-16.183,0.0,15.482,5.5645,9.6572,0.43164,0.0,-1602.81,0.0728,20.0
392,2024-01-28,0.0,0.26162,5.35,14.75,9.24791666666667,0.26162,0.0,9.984e-32,0.0,-4.1425e-06,2.3051,60.48,-9.2256,37.216,-0.001981,-1000000.0,-795.76,-16.185,0.0,15.482,5.5645,9.6572,0.43164,0.0,-1602.81,0.0728,20.0
393,2024-01-29,0.0,0.22352,4.125,16.85,8.81145833333333,0.22352,0.0,9.984e-32,0.0,-4.1425e-06,2.5286,60.48,-9.2256,37.216,-0.0019852,-1000000.0,-795.76,-16.188,0.0,15.482,5.5645,9.6572,0.43164,0.0,-1602.81,0.0728,20.0
394,2024-01-30,0.0,0.24892,3.65,17.025,9.86875,0.24892,0.0,9.984e-32,0.0,-4.1425e-06,2.7775,60.48,-9.2256,37.216,-0.0019893,-1000000.0,-795.76,-16.19,0.0,15.482,5.5645,9.6572,0.43164,0.0,-1602.81,0.0728,20.0
395,2024-01-31,0.0,0.2413,1.325,16.275,8.66041666666667,0.2413,0.0,9.984e-32,0.0,-4.1425e-06,3.0188,60.48,-9.2256,37.216,-0.0019935,-1000000.0,-795.76,-16.193,0.0,15.482,5.5645,9.6572,0.43164,0.0,-1602.81,0.0728,20.0
396,2024-02-01,0.0,0.19558,4.5,16.625,8.975,0.19558,0.0,9.984e-32,0.0,-4.1425e-06,3.2144,60.48,-9.2256,37.216,-0.0019976,-1000000.0,-795.76,-16.195,0.0,15.482,5.5645,9.6572,0.43164,0.0,-1602.81,0.0728,20.0
397,2024-02-02,0.0,0.08128,3.0,13.65,6.56770833333333,0.08128,0.0,9.984e-32,0.0,-4.1425e-06,3.2957,60.48,-9.2256,37.216,-0.0020018,-1000000.0,-795.76,-16.198,0.0,15.482,5.5644,9.6572,0.43164,0.0,-1602.81,0.0728,20.0
398,2024-02-03,0.6331,0.03048,-0.875,5.0,2.81458333333333,0.03048,0.0,9.984e-32,0.0,-4.1425e-06,3.3262,60.48,-9.2256,37.216,-0.0020059,-1000000.0,-795.76,-16.2,0.0,15.482,5.5644,9.6572,0.43164,0.0,-1602.81,0.0728,20.0
399,2024-02-04,0.0,0.0381,-10.075,-0.85,-4.96666666666667,0.0381,0.0,9.984e-32,0.0,-4.1127e-06,3.3643,60.48,-9.2256,37.216,-0.00201,-1000000.0,-795.76,-16.203,0.0,15.482,5.5644,9.6572,0.43164,0.0,-1602.81,0.0728,20.0
400,2024-02-05,0.3507,0.04572,-14.275,4.2,-6.19791666666667,0.04572,0.0,9.984e-32,0.0,-4.1127e-06,3.41,60.48,-9.2256,37.216,-0.0020141,-1000000.0,-795.76,-16.205,0.0,15.482,5.5644,9.6572,0.43164,0.0,-1602.81,0.0728,20.0
401,2024-02-06,0.0034,0.02794,-13.925,-2.275,-8.09895833333333,0.02794,0.0,9.984e-32,0.0,-4.1127e-06,3.4379,60.48,-9.2256,37.216,-0.0020182,-1000000.0,-795.76,-16.208,0.0,15.482,5.5644,9.6572,0.43164,0.0,-1602.81,0.0728,20.0
402,2024-02-07,0.0,0.03302,-6.575,-2.35,-5.09375,0.03302,0.0,9.984e-32,0.0,-4.1127e-06,3.4709,60.48,-9.2256,37.216,-0.0020224,-1000000.0,-795.76,-16.21,0.0,15.482,5.5644,9.6572,0.43164,0.0,-1602.81,0.0728,20.0
403,2024-02-08,0.1496,0.0381,-5.5,-0.85,-3.32916666666667,0.0381,0.0,9.984e-32,0.0,-4.1127e-06,3.509,60.48,-9.2256,37.216,-0.0020265,-1000000.0,-795.76,-16.213,0.0,15.482,5.5644,9.6572,0.43164,0.0,-1602.81,0.0728,20.0
404,2024-02-09,0.0,0.0381,-11.6,-1.95,-6.17708333333333,0.0381,0.0,9.984e-32,0.0,-4.1127e-06,3.5471,60.48,-9.2256,37.216,-0.0020306,-1000000.0,-795.76,-16.215,0.0,15.482,5.5644,9.6572,0.43164,0.0,-1602.81,0.0728,20.0
405,2024-02-10,0.0068,0.06858,-16.5,-0.425,-6.90208333333333,0.06858,0.0,9.984e-32,0.0,-4.1127e-06,3.6157,60.48,-9.2256,37.216,-0.0020347,-1000000.0,-795.76,-16.218,0.0,15.482,5.5644,9.6572,0.43164,0.0,-1602.81,0.0728,20.0
406,2024-02-11,0.2856,0.0762,-2.65,2.9,-0.260416666666667,0.0762,0.0,9.984e-32,0.0,-4.1127e-06,3.6919,60.48,-9.2256,37.216,-0.0020388,-1000000.0,-795.76,-16.22,0.0,15.482,5.5644,9.6572,0.43164,0.0,-1602.81,0.0728,20.0
407,2024-02-12,0.0,0.07112,-2.375,3.275,0.904166666666667,0.07112,0.0,9.984e-32,0.0,-4.0829e-06,3.763,60.48,-9.2256,37.216,-0.0020429,-1000000.0,-795.76,-16.223,0.0,15.482,5.5644,9.6572,0.43164,0.0,-1602.81,0.0728,20.0
408,2024-02-13,0.0,0.03556,-8.525,-2.425,-4.91979166666667,0.03556,0.0,9.984e-32,0.0,-4.0829e-06,3.7986,60.48,-9.2256,37.216,-0.002047,-1000000.0,-795.76,-16.225,0.0,15.482,5.5644,9.6572,0.43164,0.0,-1602.81,0.0728,20.0
409,2024-02-14,0.0527,0.03175,-15.45,-6.025,-10.5802083333333,0.03175,0.0,9.984e-32,0.0,-4.0829e-06,3.8304,60.48,-9.2256,37.216,-0.0020511,-1000000.0,-795.76,-16.227,0.0,15.482,5.5644,9.6572,0.43164,0.0,-1602.81,0.0728,20.0
410,2024-02-15,0.0,0.02794,-20.3,-6.575,-12.5083333333333,0.02794,0.0,9.984e-32,0.0,-4.0829e-06,3.8583,60.48,-9.2256,37.216,-0.0020551,-1000000.0,-795.76,-16.23,0.0,15.482,5.5644,9.6572,0.43164,0.0,-1602.81,0.0728,20.0
411,2024-02-16,0.0,0.03302,-26.225,-9.9,-17.0583333333333,0.03302,0.0,9.984e-32,0.0,-4.0829e-06,3.8913,60.48,-9.2256,37.216,-0.0020592,-1000000.0,-795.76,-16.232,0.0,15.482,5.5644,9.6572,0.43164,0.0,-1602.81,0.0728,20.0
412,2024-02-17,0.0476,0.0889,-19.975,0.725,-9.134375,0.0889,0.0,9.984e-32,0.0,-4.0829e-06,3.9802,60.48,-9.2256,37.216,-0.0020633,-1000000.0,-795.76,-16.235,0.0,15.482,5.5644,9.6572,0.43164,0.0,-1602.81,0.0728,20.0
413,2024-02-18,0.0017,0.1524,-5.3,3.525,-0.666666666666667,0.1524,0.0,9.984e-32,0.0,-4.0829e-06,4.1326,60.48,-9.2256,37.216,-0.0020674,-1000000.0,-795.76,-16.237,0.0,15.482,5.5644,9.6572,0.43164,0.0,-1602.81,0.0728,20.0
414,2024-02-19,0.0,0.1016,-2.725,5.0,0.8375,0.1016,0.0,9.984e-32,0.0,-4.0531e-06,4.2342,60.48,-9.2256,37.216,-0.0020715,-1000000.0,-795.76,-16.24,0.0,15.482,5.5644,9.6572,0.43164,0.0,-1602.81,0.0728,20.0
415,2024-02-20,0.0,0.17526,1.275,6.45,3.92604166666667,0.17526,0.0,9.984e-32,0.0,-4.0531e-06,4.4095,60.48,-9.2256,37.216,-0.0020755,-1000000.0,-795.76,-16.242,0.0,15.482,5.5644,9.6572,0.43164,0.0,-1602.81,0.0728,20.0
416,2024-02-21,0.0,0.13462,-2.675,7.325,2.640625,0.13462,0.0,9.984e-32,0.0,-4.0531e-06,4.5441,60.48,-9.2256,37.216,-0.0020796,-1000000.0,-795.76,-16.244,0.0,15.482,5.5644,9.6572,0.43164,0.0,-1602.81,0.0728,20.0
417,2024-02-22,0.0,0.127,-1.6,8.0,2.21666666666667,0.127,0.0,9.984e-32,0.0,-4.0531e-06,4.6711,60.48,-9.2256,37.216,-0.0020836,-1000000.0,-795.76,-16.247,0.0,15.482,5.5644,9.6572,0.43164,0.0,-1602.81,0.0728,20.0
418,2024-02-23,0.0,0.20066,0.775,7.175,3.728125,0.20066,0.0,9.984e-32,0.0,-4.0531e-06,4.8718,60.48,-9.2256,37.216,-0.0020877,-1000000.0,-795.76,-16.249,0.0,15.482,5.5644,9.6572,0.43164,0.0,-1602.81,0.0728,20.0
419,2024-02-24,0.0,0.17018,3.225,6.725,4.67395833333333,0.17018,0.0,9.984e-32,0.0,-4.0531e-06,5.0419,60.48,-9.2256,37.216,-0.0020917,-1000000.0,-795.76,-16.252,0.0,15.482,5.5644,9.6572,0.43164,0.0,-1602.81,0.0728,20.0
420,2024-02-25,0.0,0.26162,3.05,9.575,5.99791666666667,0.26162,0.0,9.984e-32,0.0,-4.0531e-06,5.3036,60.48,-9.2256,37.216,-0.0020958,-1000000.0,-795.76,-16.254,0.0,15.482,5.5644,9.6572,0.43164,0.0,-1602.81,0.0728,20.0
421,2024-02-26,0.0,0.09398,-15.95,4.475,-6.221875,0.09398,0.0,9.984e-32,0.0,-4.0531e-06,5.3975,60.48,-9.2256,37.216,-0.0020998,-1000000.0,-795.76,-16.257,0.0,15.482,5.5644,9.6572,0.43164,0.0,-1602.81,0.0728,20.0
422,2024-02-27,0.0,0.0508,-18.425,-8.475,-13.90625,0.0508,0.0,9.984e-32,0.0,-4.0233e-06,5.4483,60.48,-9.2256,37.216,-0.0021039,-1000000.0,-795.76,-16.259,0.0,15.482,5.5643,9.6572,0.43164,0.0,-1602.81,0.0728,20.0
423,2024-02-28,0.0,0.22352,-9.975,7.75,1.85104166666667,0.22352,0.0,9.984e-32,0.0,-4.0233e-06,5.6719,60.48,-9.2256,37.216,-0.0021079,-1000000.0,-795.76,-16.261,0.0,15.482,5.5643,9.6572,0.43164,0.0,-1602.81,0.0728,20.0
424,2024-02-29,0.0646,0.3302,1.35,12.825,7.26354166666667,0.3302,0.0,9.984e-32,0.0,-4.0233e-06,6.0021,60.48,-9.2256,37.216,-0.0021119,-1000000.0,-795.76,-16.264,0.0,15.482,5.5643,9.6572,0.43164,0.0,-1602.81,0.0728,20.0
425,2024-03-01,0.0,0.19558,-2.85,6.6,0.96875,0.19558,0.0,9.984e-32,0.0,-4.0233e-06,6.1976,60.48,-9.2256,37.216,-0.0021159,-1000000.0,-795.76,-16.266,0.0,15.482,5.5643,9.6572,0.43164,0.0,-1602.81,0.0728,20.0
426,2024-03-02,0.0,0.04064,-14.575,-2.4,-8.82083333333333,0.04064,0.0,9.984e-32,0.0,-4.0233e-06,6.2383,60.48,-9.2256,37.216,-0.0021199,-1000000.0,-795.76,-16.269,0.0,15.482,5.5643,9.6572,0.43164,0.0,-1602.81,0.0728,20.0
427,2024-03-03,0.0,0.04318,-19.4,-7.625,-14.0395833333333,0.04318,0.0,9.984e-32,0.0,-4.0233e-06,6.2815,60.48,-9.2256,37.216,-0.002124,-1000000.0,-795.76,-16.271,0.0,15.482,5.5643,9.6572,0.43164,0.0,-1602.81,0.0728,20.0
428,2024-03-04,0.0,0.05334,-19.35,-8.55,-14.5427083333333,0.05334,0.0,9.984e-32,0.0,-4.0233e-06,6.3348,60.48,-9.2256,37.216,-0.002128,-1000000.0,-795.76,-16.273,0.0,15.482,5.5643,9.6572,0.43164,0.0,-1602.81,0.0728,20.0
429,2024-03-05,0.0068,0.09144,-20.725,2.425,-10.4072916666667,0.09144,0.0,9.984e-32,0.0,-3.9935e-06,6.4262,60.48,-9.2256,37.216,-0.002132,-1000000.0,-795.76,-16.276,0.0,15.482,5.5643,9.6572,0.43164,0.0,-1602.81,0.0728,20.0
430,2024-03-06,0.0,0.0762,-12.35,-2.275,-8.83020833333333,0.0762,0.0,9.984e-32,0.0,-3.9935e-06,6.5024,60.48,-9.2256,37.216,-0.002136,-1000000.0,-795.76,-16.278,0.0,15.482,5.5643,9.6572,0.43164,0.0,-1602.81,0.0728,20.0
431,2024-03-07,0.0068,0.11684,-12.275,4.875,-4.01666666666667,0.11684,0.0,9.984e-32,0.0,-3.9935e-06,6.6193,60.48,-9.2256,37.216,-0.00214,-1000000.0,-795.76,-16.281,0.0,15.482,5.5643,9.6572,0.43164,0.0,-1602.81,0.0728,20.0
432,2024-03-08,0.0,0.3175,-8.075,11.85,1.52083333333333,0.3175,0.0,9.984e-32,0.0,-3.9935e-06,6.9368,60.48,-9.2256,37.216,-0.002144,-1000000.0,-795.76,-16.283,0.0,15.482,5.5643,9.6572,0.43164,0.0,-1602.81,0.0728,20.0
433,2024-03-09,0.0,0.41656,1.225,14.1,6.75,0.41656,0.0,9.984e-32,0.0,-3.9935e-06,7.3533,60.48,-9.2256,37.216,-0.002148,-1000000.0,-795.76,-16.285,0.0,15.482,5.5643,9.6572,0.43164,0.0,-1602.81,0.0728,20.0
434,2024-03-10,0.0,0.31242,1.325,12.9,6.64926086956522,0.31242,0.0,9.984e-32,0.0,-3.9935e-06,7.6658,60.48,-9.2256,37.216,-0.002152,-1000000.0,-795.76,-16.288,0.0,15.482,5.5643,9.6572,0.43164,0.0,-1602.81,0.0728,20.0
435,2024-03-11,0.0,0.2159,1.025,10.2,5.228125,0.2159,0.0,9.984e-32,0.0,-3.9935e-06,7.8817,60.48,-9.2256,37.216,-0.002156,-1000000.0,-795.76,-16.29,0.0,15.482,5.5643,9.6572,0.43164,0.0,-1602.81,0.0728,20.0
436,2024-03-12,0.0,0.23876,-1.85,12.2,5.45416666666667,0.23876,0.0,9.984e-32,0.0,-3.9935e-06,8.1204,60.48,-9.2256,37.216,-0.00216,-1000000.0,-795.76,-16.293,0.0,15.482,5.5643,9.6572,0.43164,0.0,-1602.81,0.0728,20.0
437,2024-03-13,0.0,0.13716,-2.375,8.375,2.35729166666667,0.13716,0.0,9.984e-32,0.0,-3.9637e-06,8.2576,60.48,-9.2256,37.216,-0.0021639,-1000000.0,-795.76,-16.295,0.0,15.482,5.5643,9.6572,0.43164,0.0,-1602.81,0.0728,20.0
438,2024-03-14,0.0,0.13716,-4.35,8.9,1.35104166666667,0.13716,0.0,9.984e-32,0.0,-3.9637e-06,8.3947,60.48,-9.2256,37.216,-0.0021679,-1000000.0,-795.76,-16.297,0.0,15.482,5.5643,9.6572,0.43164,0.0,-1602.81,0.0728,20.0
439,2024-03-15,0.0,0.22098,-4.525,16.125,5.12604166666667,0.22098,0.0,9.984e-32,0.0,-3.9637e-06,8.6157,60.48,-9.2256,37.216,-0.0021718,-1000000.0,-795.76,-16.3,0.0,15.482,5.5643,9.6572,0.43164,0.0,-1602.81,0.0728,20.0
440,2024-03-16,0.0,0.1651,-3.65,16.375,4.690625,0.1651,0.0,9.984e-32,0.0,-3.9637e-06,8.7808,60.48,-9.2256,37.216,-0.0021758,-1000000.0,-795.76,-16.302,0.0,15.482,5.5643,9.6572,0.43164,0.0,-1602.81,0.0728,20.0
441,2024-03-17,0.0034,0.18288,-4.35,14.925,4.671875,0.18288,0.0,9.984e-32,0.0,-3.9637e-06,8.9637,60.48,-9.2256,37.216,-0.0021798,-1000000.0,-795.76,-16.304,0.0,15.482,5.5643,9.6572,0.43164,0.0,-1602.81,0.0728,20.0
442,2024-03-18,0.0,0.2921,2.6,20.15,10.6947916666667,0.2921,0.0,9.984e-32,0.0,-3.9637e-06,9.2558,60.48,-9.2256,37.216,-0.0021837,-1000000.0,-795.76,-16.307,0.0,15.482,5.5643,9.6572,0.43164,0.0,-1602.81,0.0728,20.0
443,2024-03-19,0.0,0.22098,-1.125,14.625,6.62916666666667,0.22098,0.0,9.984e-32,0.0,-3.9637e-06,9.4768,60.48,-9.2256,37.216,-0.0021877,-1000000.0,-795.76,-16.309,0.0,15.482,5.5643,9.6572,0.43164,0.0,-1602.81,0.0728,20.0
444,2024-03-20,0.0,0.06604,-4.0,1.15,-1.53645833333333,0.06604,0.0,9.984e-32,0.0,-3.9637e-06,9.5428,60.48,-9.2256,37.216,-0.0021917,-1000000.0,-795.76,-16.312,0.0,15.482,5.5643,9.6572,0.43164,0.0,-1602.81,0.0728,20.0
445,2024-03-21,0.0,0.1143,-6.2,4.125,-2.79270833333333,0.1143,0.0,9.984e-32,0.0,-3.9339e-06,9.6571,60.48,-9.2256,37.216,-0.0021956,-1000000.0,-795.76,-16.314,0.0,15.482,5.5643,9.6572,0.43164,0.0,-1602.81,0.0728,20.0
446,2024-03-22,0.0068,0.06858,-7.225,-2.675,-5.24166666666667,0.06858,0.0,9.984e-32,0.0,-3.9339e-06,9.7257,60.48,-9.2256,37.216,-0.0021995,-1000000.0,-795.76,-16.316,0.0,15.482,5.5643,9.6572,0.43164,0.0,-1602.81,0.0728,20.0
447,2024-03-23,0.0,0.0381,-7.325,-4.725,-5.84375,0.0381,0.0,9.984e-32,0.0,-3.9339e-06,9.7638,60.48,-9.2256,37.216,-0.0022035,-1000000.0,-795.76,-16.319,0.0,15.482,5.5642,9.6572,0.43164,0.0,-1602.81,0.0728,20.0
448,2024-03-24,0.1939,0.07874,-9.675,-1.6,-6.70833333333333,0.07874,0.0,9.984e-32,0.0,-3.9339e-06,9.8425,60.48,-9.2256,37.216,-0.0022074,-1000000.0,-795.76,-16.321,0.0,15.482,5.5642,9.6572,0.43164,0.0,-1602.81,0.0728,20.0
449,2024-03-25,0.1241,0.11938,-10.475,0.65,-5.609375,0.11938,0.0,9.984e-32,0.0,-3.9339e-06,9.9619,60.48,-9.2256,37.216,-0.0022113,-1000000.0,-795.76,-16.323,0.0,15.482,5.5642,9.6572,0.43164,0.0,-1602.81,0.0728,20.0
450,2024-03-26,0.0238,0.1397,-8.45,7.1,-2.5,0.1397,0.0,9.984e-32,0.0,-3.9339e-06,10.102,60.48,-9.2256,37.216,-0.0022153,-1000000.0,-795.76,-16.326,0.0,15.482,5.5642,9.6572,0.43164,0.0,-1602.81,0.0728,20.0
451,2024-03-27,0.0,0.24638,-0.9,9.25,4.10833333333333,0.24638,0.0,9.984e-32,0.0,-3.9339e-06,10.348,60.48,-9.2256,37.216,-0.0022192,-1000000.0,-795.76,-16.328,0.0,15.482,5.5642,9.6572,0.43164,0.0,-1602.81,0.0728,20.0
452,2024-03-28,0.0,0.13208,-0.825,7.6,4.4,0.13208,0.0,9.984e-32,0.0,-3.9339e-06,10.48,60.48,-9.2256,37.216,-0.0022231,-1000000.0,-795.76,-16.33,0.0,15.482,5.5642,9.6572,0.43164,0.0,-1602.81,0.0728,20.0
453,2024-03-29,0.0,0.09398,-2.175,3.4,-0.265625,0.09398,0.0,9.984e-32,0.0,-3.9339e-06,10.574,60.48,-9.2256,37.216,-0.0022271,-1000000.0,-795.76,-16.333,0.0,15.482,5.5642,9.6572,0.43164,0.0,-1602.81,0.0728,20.0
454,2024-03-30,0.0,0.1143,-4.425,4.025,-1.42604166666667,0.1143,0.0,9.984e-32,0.0,-3.9041e-06,10.688,60.48,-9.2256,37.216,-0.002231,-1000000.0,-795.76,-16.335,0.0,15.482,5.5642,9.6572,0.43164,0.0,-1602.81,0.0728,20.0
455,2024-03-31,0.0595,0.04064,-6.175,1.55,-2.26875,0.04064,0.0,9.984e-32,0.0,-3.9041e-06,10.729,60.48,-9.2256,37.216,-0.0022349,-1000000.0,-795.76,-16.337,0.0,15.482,5.5642,9.6572,0.43164,0.0,-1602.81,0.0728,20.0
456,2024-04-01,0.0,0.24892,-4.7,16.05,5.675,0.0,0.24892,9.984e-32,0.0,-3.9041e-06,10.729,60.729,-9.2256,37.216,-0.0022388,-1000000.0,-1601.1,-16.34,0.0,15.482,5.5642,9.6572,0.43164,0.0,-1602.81,0.0728,20.0
457,2024-04-02,0.0,0.38354,2.475,23.775,12.5416666666667,0.0,0.38354,9.984e-32,0.0,-3.9041e-06,10.729,61.112,-9.2256,37.216,-0.0022427,-1000000.0,-1601.1,-16.342,0.0,15.482,5.5642,9.6572,0.43164,0.0,-1602.81,0.0728,20.0
458,2024-04-03,0.2415,0.33274,5.975,18.15,12.9125,0.0,0.33274,9.984e-32,0.0,-3.9041e-06,10.729,61.445,-9.2256,37.216,-0.0022466,-1000000.0,-1601.1,-16.344,0.0,15.482,5.5642,9.6572,0.43164,0.0,-1602.81,0.0728,20.0
459,2024-04-04,1.6113,0.05334,0.0,6.225,3.659375,0.0,0.05334,9.984e-32,0.0,-3.9041e-06,10.729,61.498,-9.2256,37.216,-0.0022505,-1000000.0,-1601.1,-16.347,0.0,15.482,5.5642,9.6572,0.43164,0.0,-1602.81,0.0728,20.0
460,2024-04-05,0.2193,0.04064,-0.2,2.925,0.844791666666667,0.0,0.04064,9.984e-32,0.0,-3.9041e-06,10.729,61.539,-9.2256,37.216,-0.0022544,-1000000.0,-1601.1,-16.349,0.0,15.482,5.5642,9.6572,0.43164,0.0,-1602.81,0.0728,20.0
461,2024-04-06,0.5678,0.05334,-1.45,1.45,0.084375,0.0,0.05334,9.984e-32,0.0,-3.8743e-06,10.729,61.592,-9.2256,37.216,-0.0022583,-1000000.0,-1601.1,-16.351,0.0,15.482,5.5642,9.6572,0.43164,0.0,-1602.81,0.0728,20.0
462,2024-04-07,0.7909,0.09906,-0.375,6.275,2.84166666666667,0.0,0.09906,9.984e-32,0.0,-3.8743e-06,10.729,61.692,-9.2256,37.216,-0.0022622,-1000000.0,-1601.1,-16.354,0.0,15.482,5.5642,9.6572,0.43164,0.0,-1602.81,0.0728,20.0
463,2024-04-08,0.0,0.25654,-1.0,11.95,5.259375,0.0,0.25654,9.984e-32,0.0,-3.8743e-06,10.729,61.948,-9.2256,37.216,-0.002266,-1000000.0,-1601.1,-16.356,0.0,15.482,5.5642,9.6572,0.43164,0.0,-1602.81,0.0728,20.0
464,2024-04-09,0.0051,0.36322,4.225,15.375,8.84270833333333,0.0,0.36322,9.984e-32,0.0,-3.8743e-06,10.729,62.311,-9.2256,37.216,-0.0022699,-1000000.0,-1601.1,-16.358,0.0,15.482,5.5642,9.6572,0.43164,0.0,-1602.81,0.0728,20.0
465,2024-04-10,0.0085,0.2286,-0.65,12.075,5.19375,0.0,0.2286,9.984e-32,0.0,-3.8743e-06,10.729,62.54,-9.2256,37.216,-0.0022738,-1000000.0,-1601.1,-16.361,0.0,15.482,5.5642,9.6572,0.43164,0.0,-1602.81,0.0728,20.0
466,2024-04-11,0.0,0.30734,-2.4,16.925,7.57708333333333,0.0,0.30734,9.984e-32,0.0,-3.8743e-06,10.729,62.847,-9.2256,37.216,-0.0022777,-1000000.0,-1601.1,-16.363,0.0,15.482,5.5642,9.6572,0.43164,0.0,-1602.81,0.0728,20.0
467,2024-04-12,0.0,0.3048,1.7,22.475,11.86875,0.0,0.3048,9.984e-32,0.0,-3.8743e-06,10.729,63.152,-9.2256,37.216,-0.0022815,-1000000.0,-1601.1,-16.365,0.0,15.482,5.5642,9.6572,0.43164,0.0,-1602.81,0.0728,20.0
468,2024-04-13,0.0,0.381,7.675,22.875,14.7541666666667,0.0,0.381,9.984e-32,0.0,-3.8743e-06,10.729,63.533,-9.2256,37.216,-0.0022854,-1000000.0,-1601.1,-16.368,0.0,15.482,5.5642,9.6572,0.43164,0.0,-1602.81,0.0728,20.0
469,2024-04-14,0.0901,0.30988,3.5,23.4,13.3427083333333,0.0,0.30988,9.984e-32,0.0,-3.8445e-06,10.729,63.843,-9.2256,37.216,-0.0022893,-1000000.0,-1601.1,-16.37,0.0,15.482,5.5642,9.6572,0.43164,0.0,-1602.81,0.0728,20.0
470,2024-04-15,0.0,0.2921,5.65,21.35,12.6125,0.0,0.2921,9.984e-32,0.0,-3.8445e-06,10.729,64.135,-9.2256,37.216,-0.0022931,-1000000.0,-1601.1,-16.372,0.0,15.482,5.5642,9.6572,0.43164,0.0,-1602.81,0.0728,20.0
471,2024-04-16,0.0,0.26162,-3.375,13.25,5.696875,0.0,0.26162,9.984e-32,0.0,-3.8445e-06,10.729,64.397,-9.2256,37.216,-0.002297,-1000000.0,-1601.1,-16.375,0.0,15.482,5.5642,9.6572,0.43164,0.0,-1602.81,0.0728,20.0
472,2024-04-17,0.0102,0.11938,-6.675,1.025,-1.67708333333333,0.0,0.11938,9.984e-32,0.0,-3.8445e-06,10.729,64.516,-9.2256,37.216,-0.0023008,-1000000.0,-1601.1,-16.377,0.0,15.482,5.5642,9.6572,0.43164,0.0,-1602.81,0.0728,20.0
473,2024-04-18,0.0,0.1397,-8.675,3.975,-1.83020833333333,0.0,0.1397,9.984e-32,0.0,-3.8445e-06,10.729,64.656,-9.2256,37.216,-0.0023047,-1000000.0,-1601.1,-16.379,0.0,15.482,5.5641,9.6572,0.43164,0.0,-1602.81,0.0728,20.0
474,2024-04-19,0.0,0.10414,-11.625,1.4,-3.765625,0.0,0.10414,9.984e-32,0.0,-3.8445e-06,10.729,64.76,-9.2256,37.216,-0.0023085,-1000000.0,-1601.1,-16.381,0.0,15.482,5.5641,9.6572,0.43164,0.0,-1602.81,0.0728,20.0
475,2024-04-20,0.0,0.23622,-11.75,9.7,-0.378125,0.0,0.23622,9.984e-32,0.0,-3.8445e-06,10.729,64.996,-9.2256,37.216,-0.0023123,-1000000.0,-1601.1,-16.384,0.0,15.482,5.5641,9.6572,0.43164,0.0,-1602.81,0.0728,20.0
476,2024-04-21,0.0,0.43434,-0.725,17.125,8.09166666666667,0.0,0.43434,9.984e-32,0.0,-3.8445e-06,10.729,65.43,-9.2256,37.216,-0.0023162,-1000000.0,-1601.1,-16.386,0.0,15.482,5.5641,9.6572,0.43164,0.0,-1602.81,0.0728,20.0
477,2024-04-22,0.0,0.35052,0.575,15.9,7.528125,0.0,0.35052,9.984e-32,0.0,-3.8147e-06,10.729,65.781,-9.2256,37.216,-0.00232,-1000000.0,-1601.1,-16.388,0.0,15.482,5.5641,9.6572,0.43164,0.0,-1602.81,0.0728,20.0
478,2024-04-23,0.0,0.32512,-3.2,16.0,7.665625,0.0,0.32512,9.984e-32,0.0,-3.8147e-06,10.729,66.106,-9.2256,37.216,-0.0023238,-1000000.0,-1601.1,-16.391,0.0,15.482,5.5641,9.6572,0.43164,0.0,-1602.81,0.0728,20.0
479,2024-04-24,0.0,0.44704,0.75,22.975,13.1,0.0,0.44704,9.984e-32,0.0,-3.8147e-06,10.729,66.553,-9.2256,37.216,-0.0023277,-1000000.0,-1601.1,-16.393,0.0,15.482,5.5641,9.6572,0.43164,0.0,-1602.81,0.0728,20.0
480,2024-04-25,0.0,0.27432,1.325,18.175,12.0291666666667,0.0,0.27432,9.984e-32,0.0,-3.8147e-06,10.729,66.827,-9.2256,37.216,-0.0023315,-1000000.0,-1601.1,-16.395,0.0,15.482,5.5641,9.6572,0.43164,0.0,-1602.81,0.0728,20.0
481,2024-04-26,0.0,0.254,-1.7,14.925,7.89166666666667,0.0,0.254,9.984e-32,0.0,-3.8147e-06,10.729,67.081,-9.2256,37.216,-0.0023353,-1000000.0,-1601.1,-16.397,0.0,15.482,5.5641,9.6572,0.43164,0.0,-1602.81,0.0728,20.0
482,2024-04-27,0.5938,0.12954,3.95,8.65,5.98020833333333,0.0,0.12954,9.984e-32,0.0,-3.8147e-06,10.729,67.211,-9.2256,37.216,-0.0023391,-1000000.0,-1601.1,-16.4,0.0,15.482,5.5641,9.6572,0.43164,0.0,-1602.81,0.0728,20.0
483,2024-04-28,0.0034,0.35306,4.075,15.6,9.42604166666667,0.0,0.35306,9.984e-32,0.0,-3.8147e-06,10.729,67.564,-9.2256,37.216,-0.0023429,-1000000.0,-1601.1,-16.402,0.0,15.482,5.5641,9.6572,0.43164,0.0,-1602.81,0.0728,20.0
484,2024-04-29,0.0,0.32004,2.575,13.0,7.91770833333333,0.0,0.32004,9.984e-32,0.0,-3.8147e-06,10.729,67.884,-9.2256,37.216,-0.0023467,-1000000.0,-1601.1,-16.404,0.0,15.482,5.5641,9.6572,0.43164,0.0,-1602.81,0.0728,20.0
485,2024-04-30,0.0,0.29464,-2.9,12.2,4.46041666666667,0.0,0.29464,9.984e-32,0.0,-3.8147e-06,10.729,68.179,-9.2256,37.216,-0.0023505,-1000000.0,-1601.1,-16.407,0.0,15.482,5.5641,9.6572,0.43164,0.0,-1602.81,0.0728,20.0
486,2024-05-01,0.1156,0.19558,-5.575,8.2,2.05,0.0,0.19558,9.984e-32,0.0,-3.7849e-06,10.729,68.374,-9.2256,37.216,-0.0023543,-1000000.0,-1600.6,-16.409,0.0,15.482,5.5641,9.6572,0.43164,0.0,-1602.81,0.0728,20.0
487,2024-05-02,0.4098,0.13208,-0.425,5.45,1.63333333333333,0.0,0.13208,9.984e-32,0.0,-3.7849e-06,10.729,68.506,-9.2256,37.216,-0.0023581,-1000000.0,-1600.6,-16.411,0.0,15.482,5.5641,9.6572,0.43164,0.0,-1602.81,0.0728,20.0
488,2024-05-03,0.0119,0.19558,-1.4,9.775,3.46041666666667,0.0,0.19558,9.984e-32,0.0,-3.7849e-06,10.729,68.702,-9.2256,37.216,-0.0023619,-1000000.0,-1600.6,-16.413,0.0,15.482,5.5641,9.6572,0.43164,0.0,-1602.81,0.0728,20.0
489,2024-05-04,0.0,0.32766,-3.95,15.875,7.5375,0.0,0.32766,9.984e-32,0.0,-3.7849e-06,10.729,69.03,-9.2256,37.216,-0.0023657,-1000000.0,-1600.6,-16.416,0.0,15.482,5.5641,9.6572,0.43164,0.0,-1602.81,0.0728,20.0
490,2024-05-05,0.0,0.22606,4.325,15.525,9.046875,0.0,0.22606,9.984e-32,0.0,-3.7849e-06,10.729,69.256,-9.2256,37.216,-0.0023695,-1000000.0,-1600.6,-16.418,0.0,15.482,5.5641,9.6572,0.43164,0.0,-1602.81,0.0728,20.0
491,2024-05-06,0.0,0.30226,4.3,16.0,9.90520833333333,0.0,0.30226,9.984e-32,0.0,-3.7849e-06,10.729,69.558,-9.2256,37.216,-0.0023732,-1000000.0,-1600.6,-16.42,0.0,15.482,5.5641,9.6572,0.43164,0.0,-1602.81,0.0728,20.0
492,2024-05-07,1.4485,0.12954,0.85,8.225,5.53229166666667,0.0,0.12954,9.984e-32,0.0,-3.7849e-06,10.729,69.687,-9.2256,37.216,-0.002377,-1000000.0,-1600.6,-16.422,0.0,15.482,5.5641,9.6572,0.43164,0.0,-1602.81,0.0728,20.0
493,2024-05-08,1.0762,0.04572,0.1,4.125,1.85866666666667,0.0,0.04572,9.984e-32,0.0,-3.7849e-06,10.729,69.733,-9.2256,37.216,-0.0023808,-1000000.0,-1600.6,-16.425,0.0,15.482,5.5641,9.6572,0.43164,0.0,-1602.81,0.0728,20.0
494,2024-05-09,0.1497,0.2667,3.95,17.55,9.71458333333333,0.0,0.2667,9.984e-32,0.0,-3.7551e-06,10.729,70.0,-9.2256,37.216,-0.0023846,-1000000.0,-1600.6,-16.427,0.0,15.482,5.5641,9.6572,0.43164,0.0,-1602.81,0.0728,20.0
495,2024-05-10,0.0034,0.39878,1.6,21.575,12.615625,0.0,0.39878,9.984e-32,0.0,-3.7551e-06,10.729,70.399,-9.2256,37.216,-0.0023883,-1000000.0,-1600.6,-16.429,0.0,15.482,5.5641,9.6572,0.43164,0.0,-1602.81,0.0728,20.0
496,2024-05-11,0.0,0.42926,6.8,26.0,17.175,0.0,0.42926,9.984e-32,0.0,-3.7551e-06,10.729,70.828,-9.2256,37.216,-0.0023921,-1000000.0,-1600.6,-16.431,0.0,15.482,5.5641,9.6572,0.43164,0.0,-1602.81,0.0728,20.0
497,2024-05-12,0.0,0.42418,5.625,25.6,15.7104166666667,0.0,0.42418,9.984e-32,0.0,-3.7551e-06,10.729,71.252,-9.2256,37.216,-0.0023958,-1000000.0,-1600.6,-16.434,0.0,15.482,5.5641,9.6572,0.43164,0.0,-1602.81,0.0728,20.0
498,2024-05-13,0.0391,0.381,7.9,24.775,15.6208333333333,0.0,0.381,9.984e-32,0.0,-3.7551e-06,10.729,71.633,-9.2256,37.216,-0.0023996,-1000000.0,-1600.6,-16.436,0.0,15.482,5.5641,9.6572,0.43164,0.0,-1602.81,0.0728,20.0
499,2024-05-14,0.1395,0.21844,7.225,16.45,11.0875,0.0,0.21844,9.984e-32,0.0,-3.7551e-06,10.729,71.852,-9.2256,37.216,-0.0024033,-1000000.0,-1600.6,-16.438,0.0,15.482,5.564,9.6572,0.43164,0.0,-1602.81,0.0728,20.0
500,2024-05-15,0.0,0.35814,7.6,21.575,14.1708333333333,0.0,0.35814,9.984e-32,0.0,-3.7551e-06,10.729,72.21,-9.2256,37.216,-0.0024071,-1000000.0,-1600.6,-16.44,0.0,15.482,5.564,9.6572,0.43164,0.0,-1602.81,0.0728,20.0
501,2024-05-16,0.0,0.48006,9.725,23.3,16.353125,0.0,0.48006,9.984e-32,0.0,-3.7253e-06,10.729,72.69,-9.2256,37.216,-0.0024108,-1000000.0,-1600.6,-16.443,0.0,15.482,5.564,9.6572,0.43164,0.0,-1602.81,0.0728,20.0
502,2024-05-17,0.1243,0.36068,1.95,15.95,10.1802083333333,0.0,0.36068,9.984e-32,0.0,-3.7253e-06,10.729,73.05,-9.2256,37.216,-0.0024146,-1000000.0,-1600.6,-16.445,0.0,15.482,5.564,9.6572,0.43164,0.0,-1602.81,0.0728,20.0
503,2024-05-18,0.0,0.35306,0.0,15.525,8.0875,0.0,0.35306,9.984e-32,0.0,-3.7253e-06,10.729,73.403,-9.2256,37.216,-0.0024183,-1000000.0,-1600.6,-16.447,0.0,15.482,5.564,9.6572,0.43164,0.0,-1602.81,0.0728,20.0
504,2024-05-19,0.1803,0.24892,2.325,13.25,7.271875,0.0,0.24892,9.984e-32,0.0,-3.7253e-06,10.729,73.652,-9.2256,37.216,-0.002422,-1000000.0,-1600.6,-16.449,0.0,15.482,5.564,9.6572,0.43164,0.0,-1602.81,0.0728,20.0
505,2024-05-20,0.0051,0.29718,-1.125,15.275,6.74583333333333,0.0,0.29718,9.984e-32,0.0,-3.7253e-06,10.729,73.95,-9.2256,37.216,-0.0024257,-1000000.0,-1600.6,-16.452,0.0,15.482,5.564,9.6572,0.43164,0.0,-1602.81,0.0728,20.0
506,2024-05-21,0.0085,0.28956,-1.2,16.0,8.71770833333333,0.0,0.28956,9.984e-32,0.0,-3.7253e-06,10.729,74.239,-9.2256,37.216,-0.0024295,-1000000.0,-1600.6,-16.454,0.0,15.482,5.564,9.6572,0.43164,0.0,-1602.81,0.0728,20.0
507,2024-05-22,0.7844,0.23368,6.175,14.175,9.075,0.0,0.23368,9.984e-32,0.0,-3.7253e-06,10.729,74.473,-9.2256,37.216,-0.0024332,-1000000.0,-1600.6,-16.456,0.0,15.482,5.564,9.6572,0.43164,0.0,-1602.81,0.0728,20.0
508,2024-05-23,0.3556,0.25654,3.85,12.85,8.15520833333333,0.0,0.25654,9.984e-32,0.0,-3.7253e-06,10.729,74.729,-9.2256,37.216,-0.0024369,-1000000.0,-1600.6,-16.458,0.0,15.482,5.564,9.6572,0.43164,0.0,-1602.81,0.0728,20.0
509,2024-05-24,0.0,0.39878,4.65,17.3,10.7052083333333,0.0,0.39878,9.984e-32,0.0,-3.7253e-06,10.729,75.128,-9.2256,37.216,-0.0024406,-1000000.0,-1600.6,-16.461,0.0,15.482,5.564,9.6572,0.43164,0.0,-1602.81,0.0728,20.0
510,2024-05-25,0.0,0.31496,1.35,18.525,9.8625,0.0,0.31496,9.984e-32,0.0,-3.6955e-06,10.729,75.443,-9.2256,37.216,-0.0024444,-1000000.0,-1600.6,-16.463,0.0,15.482,5.564,9.6572,0.43164,0.0,-1602.81,0.0728,20.0
511,2024-05-26,0.0,0.42164,4.45,18.125,10.9333333333333,0.0,0.42164,9.984e-32,0.0,-3.6955e-06,10.729,75.865,-9.2256,37.216,-0.0024481,-1000000.0,-1600.6,-16.465,0.0,15.482,5.564,9.6572,0.43164,0.0,-1602.81,0.0728,20.0
512,2024-05-27,0.0,0.41148,3.15,22.95,13.8697916666667,0.0,0.41148,9.984e-32,0.0,-3.6955e-06,10.729,76.276,-9.2256,37.216,-0.0024517,-1000000.0,-1600.6,-16.467,0.0,15.482,5.564,9.6572,0.43164,0.0,-1602.81,0.0728,20.0
513,2024-05-28,0.0885,0.4699,2.975,27.05,15.3177083333333,0.0,0.4699,9.984e-32,0.0,-3.6955e-06,10.729,76.746,-9.2256,37.216,-0.0024554,-1000000.0,-1600.6,-16.469,0.0,15.482,5.564,9.6572,0.43164,0.0,-1602.81,0.0728,20.0
514,2024-05-29,0.2349,0.41148,7.775,18.825,13.6041666666667,0.0,0.41148,9.984e-32,0.0,-3.6955e-06,10.729,77.158,-9.2256,37.216,-0.0024591,-1000000.0,-1600.6,-16.472,0.0,15.482,5.564,9.6572,0.43164,0.0,-1602.81,0.0728,20.0
515,2024-05-30,0.0,0.36576,2.35,16.8,10.0135416666667,0.0,0.36576,9.984e-32,0.0,-3.6955e-06,10.729,77.523,-9.2256,37.216,-0.0024628,-1000000.0,-1600.6,-16.474,0.0,15.482,5.564,9.6572,0.43164,0.0,-1602.81,0.0728,20.0
516,2024-05-31,0.0,0.40132,0.8,19.7,10.6260416666667,0.0,0.40132,9.984e-32,0.0,-3.6955e-06,10.729,77.925,-9.2256,37.216,-0.0024665,-1000000.0,-1600.6,-16.476,0.0,15.482,5.564,9.6572,0.43164,0.0,-1602.81,0.0728,20.0
517,2024-06-01,0.0,0.3683,0.05,22.075,12.871875,0.0,0.3683,9.984e-32,0.0,-3.6955e-06,10.729,78.293,-9.2256,37.216,-0.0024702,-1000000.0,-1600.9,-16.478,0.0,15.482,5.564,9.6572,0.43164,0.0,-1602.81,0.0728,20.0
518,2024-06-02,0.0,0.41148,7.875,21.3,15.5416666666667,0.0,0.41148,9.984e-32,0.0,-3.6657e-06,10.729,78.704,-9.2256,37.216,-0.0024739,-1000000.0,-1600.9,-16.48,0.0,15.482,5.564,9.6572,0.43164,0.0,-1602.81,0.0728,20.0
519,2024-06-03,0.0,0.46482,8.275,19.75,14.65,0.0,0.46482,9.984e-32,0.0,-3.6657e-06,10.729,79.169,-9.2256,37.216,-0.0024776,-1000000.0,-1600.9,-16.483,0.0,15.482,5.564,9.6572,0.43164,0.0,-1602.81,0.0728,20.0
520,2024-06-04,0.0,0.47752,7.375,19.7,12.3802083333333,0.0,0.47752,9.984e-32,0.0,-3.6657e-06,10.729,79.647,-9.2256,37.216,-0.0024812,-1000000.0,-1600.9,-16.485,0.0,15.482,5.564,9.6572,0.43164,0.0,-1602.81,0.0728,20.0
521,2024-06-05,0.0,0.4445,7.375,22.775,14.9489583333333,0.0,0.4445,9.984e-32,0.0,-3.6657e-06,10.729,80.091,-9.2256,37.216,-0.0024849,-1000000.0,-1600.9,-16.487,0.0,15.482,5.564,9.6572,0.43164,0.0,-1602.81,0.0728,20.0
522,2024-06-06,0.0,0.44196,3.6,25.925,15.89375,0.0,0.44196,9.984e-32,0.0,-3.6657e-06,10.729,80.533,-9.2256,37.216,-0.0024886,-1000000.0,-1600.9,-16.489,0.0,15.482,5.564,9.6572,0.43164,0.0,-1602.81,0.0728,20.0
523,2024-06-07,0.0,0.42672,6.225,21.75,15.04375,0.0,0.42672,9.984e-32,0.0,-3.6657e-06,10.729,80.96,-9.2256,37.216,-0.0024922,-1000000.0,-1600.9,-16.491,0.0,15.482,5.564,9.6572,0.43164,0.0,-1602.81,0.0728,20.0
524,2024-06-08,0.0,0.41656,3.55,23.05,14.2875,0.0,0.41656,9.984e-32,0.0,-3.6657e-06,10.729,81.377,-9.2256,37.216,-0.0024959,-1000000.0,-1600.9,-16.494,0.0,15.482,5.564,9.6572,0.43164,0.0,-1602.81,0.0728,20.0
525,2024-06-09,0.0,0.39878,2.7,21.2,13.6229166666667,0.0,0.39878,9.984e-32,0.0,-3.6657e-06,10.729,81.775,-9.2256,37.216,-0.0024996,-1000000.0,-1600.9,-16.496,0.0,15.482,5.564,9.6572,0.43164,0.0,-1602.81,0.0728,20.0
526,2024-06-10,0.1173,0.45974,12.875,25.2,18.5552083333333,0.0,0.45974,9.984e-32,0.0,-3.6657e-06,10.729,82.235,-9.2256,37.216,-0.0025032,-1000000.0,-1600.9,-16.498,0.0,15.482,5.5639,9.6572,0.43164,0.0,-1602.81,0.0728,20.0
527,2024-06-11,0.0,0.55118,10.25,28.1,19.2333333333333,0.0,0.55118,9.984e-32,0.0,-3.6359e-06,10.729,82.786,-9.2256,37.216,-0.0025069,-1000000.0,-1600.9,-16.5,0.0,15.482,5.5639,9.6572,0.43164,0.0,-1602.81,0.0728,20.0
528,2024-06-12,0.0,0.5207,6.5,25.4,17.9635416666667,-1.524,0.5207,-1.065,0.089263,-2.942e-06,9.205,83.307,-10.637,37.268,-0.0025097,0.0,-1436.6,-16.502,0.45905,15.595,6.9237,11.069,0.43164,0.0,-1602.81,0.0728,20.0
529,2024-06-13,0.0,0.45466,2.55,25.225,15.58125,-1.524,0.45466,-0.74663,0.10392,-3.9114e-06,7.681,83.762,-11.479,37.359,-0.0025135,0.0,-1327.1,-16.504,0.77737,16.277,7.675,11.911,0.43164,0.0,-1602.81,0.0728,20.0
530,2024-06-14,0.0,0.41656,5.4,28.675,17.7677083333333,-1.524,0.41656,-0.64719,0.11803,-3.6849e-06,6.157,84.178,-12.171,37.463,-0.0025172,0.0,-1234.0,-16.506,0.87681,17.109,8.2639,12.603,0.43164,0.0,-1602.81,0.0728,20.0
531,2024-06-15,0.1258,0.32766,6.075,20.8,12.496875,-1.6498,0.32766,-0.60521,0.091277,-3.2594e-06,4.5072,84.506,-12.799,37.556,-0.0025208,0.0,-1163.9,-16.509,1.0446,18.131,8.7972,13.23,0.43164,0.0,-1602.81,0.0728,20.0
532,2024-06-16,0.0612,0.4318,5.1,17.55,11.1666666666667,-1.5852,0.4318,-0.58503,0.14188,-3.617e-06,2.922,84.938,-13.394,37.686,-0.0025245,0.0,-1107.4,-16.511,1.0002,19.121,9.2637,13.826,0.43164,0.0,-1602.81,0.0728,20.0
533,2024-06-17,2.0693,0.09652,4.25,6.625,5.37916666666667,-3.5933,0.09652,-0.55862,0.030794,-3.7213e-06,-0.67131,85.034,-13.96,37.715,-0.0025282,0.0,-1050.5,-16.513,3.0347,22.148,9.7963,14.392,0.43164,0.0,-1602.81,0.0728,20.0
534,2024-06-18,0.4488,0.23368,2.85,12.575,7.25729166666667,0.0,0.23368,2.305e-08,0.12797,-3.6463e-06,-0.67131,85.268,-13.96,37.843,-0.0025318,-10.259,-1053.0,-16.515,0.0,22.148,9.6723,14.392,0.43164,0.0,-1602.81,0.0728,20.0
535,2024-06-19,0.2366,0.37592,0.625,19.575,10.209375,0.0,0.37592,1.8626e-08,0.20586,-3.616e-06,-0.67131,85.644,-13.96,38.049,-0.0025354,-11.704,-1055.0,-16.517,0.0,22.148,9.4859,14.392,0.43164,0.0,-1602.81,0.0728,20.0
536,2024-06-20,0.017,0.4191,1.275,23.0,13.3677083333333,0.0,0.4191,-1.9092e-08,0.22951,-3.621e-06,-0.67131,86.063,-13.96,38.279,-0.002539,-12.622,-1057.2,-16.519,0.0,22.148,9.2643,14.392,0.43164,0.0,-1602.81,0.0728,20.0
537,2024-06-21,0.423,0.33528,5.225,22.075,13.5125,0.0,0.33528,5.7044e-09,0.18361,-3.6061e-06,-0.67131,86.398,-13.96,38.462,-0.0025426,-13.494,-1059.2,-16.522,0.0,22.148,9.0577,14.392,0.43164,0.0,-1602.81,0.0728,20.0
538,2024-06-22,0.0051,0.42672,6.725,27.45,17.715625,0.0,0.42672,1.0186e-08,0.23368,-3.6061e-06,-0.67131,86.825,-13.96,38.696,-0.0025462,-14.16,-1061.3,-16.524,0.0,22.148,8.8491,14.392,0.43164,0.0,-1602.81,0.0728,20.0
539,2024-06-23,0.0,0.55626,9.6,30.625,20.9,0.0,0.55626,9.3714e-09,0.30462,-3.6061e-06,-0.67131,87.381,-13.96,39.001,-0.0025498,-14.602,-1064.2,-16.526,0.0,22.148,8.58,14.392,0.43164,0.0,-1602.81,0.0728,20.0
540,2024-06-24,0.0119,0.49022,10.15,27.5,19.7397727272727,0.0,0.49022,9.3714e-09,0.26845,-3.6061e-06,-0.67131,87.872,-13.96,39.269,-0.0025534,-14.838,-1067.8,-16.528,0.0,22.148,8.2934,14.392,0.43164,0.0,-1602.81,0.0728,20.0
541,2024-06-25,0.0,0.41148,6.525,24.95,16.6666666666667,0.0,0.41148,5.2096e-09,0.22533,-3.6061e-06,-0.67131,88.283,-13.96,39.494,-0.0025571,-15.017,-1071.4,-16.53,0.0,22.148,8.0465,14.392,0.43164,0.0,-1602.81,0.0728,20.0
542,2024-06-26,0.1191,0.44196,5.55,28.55,18.09375,0.0,0.44196,1.1292e-08,0.24203,-3.6061e-06,-0.67131,88.725,-13.96,39.736,-0.0025607,-15.219,-1075.4,-16.532,0.0,22.148,7.8128,14.392,0.43164,0.0,-1602.81,0.0728,20.0
543,2024-06-27,1.0032,0.32258,10.975,19.175,14.7322916666667,0.0,0.32258,-1.0477e-08,0.17665,-3.6061e-06,-0.67131,89.048,-13.96,39.913,-0.0025643,-15.451,-1079.7,-16.535,0.0,22.148,7.6035,14.392,0.43164,0.0,-1602.81,0.0728,20.0
544,2024-06-28,0.0953,0.21844,7.875,15.275,11.94375,0.0,0.21844,9.0222e-09,0.11962,-3.5763e-06,-0.67131,89.266,-13.96,40.033,-0.0025679,-15.698,-1083.5,-16.537,0.0,22.148,7.4554,14.392,0.43164,0.0,-1602.81,0.0728,20.0
545,2024-06-29,0.0102,0.37592,3.0,21.975,13.6864583333333,0.0,0.37592,-8.6147e-09,0.20586,-3.5763e-06,-0.67131,89.642,-13.96,40.239,-0.0025714,-15.958,-1088.2,-16.539,0.0,22.148,7.2926,14.392,0.43164,0.0,-1602.81,0.0728,20.0
546,2024-06-30,0.1293,0.26924,10.1,21.3,15.3645833333333,0.0,0.26924,-1.1525e-08,0.14744,-3.5763e-06,-0.67131,89.911,-13.96,40.386,-0.002575,-16.239,-1094.8,-16.541,0.0,22.148,7.116,14.392,0.43164,0.0,-1602.81,0.0728,20.0
547,2024-07-01,0.0613,0.37084,10.775,24.25,16.6302083333333,0.0,0.37084,9.6625e-09,0.20308,-3.5763e-06,-0.67131,90.282,-13.96,40.589,-0.0025786,-16.533,-1103.2,-16.543,0.0,22.148,6.9407,14.392,0.43164,0.0,-1602.81,0.0728,20.0
548,2024-07-02,0.0,0.42672,10.675,25.875,17.69375,-1.397,0.42672,-0.85281,0.2093,-3.4641e-06,-2.0683,90.709,-15.137,40.817,-0.0025817,0.0,-1090.2,-16.545,0.54419,22.368,7.8894,15.569,0.43164,0.0,-1602.81,0.0728,20.0
549,2024-07-03,0.6927,0.24638,9.875,19.625,12.69375,0.0,0.24638,-1.7229e-08,0.13492,-3.5566e-06,-2.0683,90.955,-15.137,40.952,-0.0025853,-10.539,-1097.9,-16.547,0.0,22.368,7.754,15.569,0.43164,0.0,-1602.81,0.0728,20.0
550,2024-07-04,0.0119,0.35814,9.35,21.825,15.8885416666667,-2.8059,0.35814,-0.67632,0.15519,-2.3561e-06,-4.8742,91.313,-15.909,41.126,-0.002589,0.0,-1086.9,-16.549,2.1296,24.402,8.3526,16.34,0.43164,0.0,-1602.81,0.0728,20.0
551,2024-07-05,0.0374,0.37592,9.35,23.55,16.3864583333333,0.0,0.37592,-8.8476e-09,0.20586,-3.5908e-06,-4.8742,91.689,-15.909,41.332,-0.0025925,-10.721,-1100.5,-16.551,0.0,24.402,8.1471,16.34,0.43164,0.0,-1602.81,0.0728,20.0
552,2024-07-06,0.1683,0.34798,11.75,24.425,16.828125,-2.9623,0.34798,-0.62697,0.15079,-3.676e-06,-7.8365,92.037,-16.607,41.487,-0.0025961,0.0,-1095.9,-16.554,2.3353,26.666,8.6897,17.039,0.43164,0.0,-1602.81,0.0728,20.0
553,2024-07-07,0.0153,0.4445,9.35,28.35,19.5072916666667,0.0,0.4445,-1.9791e-08,0.23162,-3.5706e-06,-7.8365,92.482,-16.607,41.725,-0.0025997,-10.83,-1129.2,-16.556,0.0,26.666,8.452,17.039,0.43164,0.0,-1602.81,0.0728,20.0
554,2024-07-08,0.0,0.46228,9.675,32.35,22.5375,-2.794,0.46228,-0.60457,0.14823,-3.2895e-06,-10.631,92.944,-17.287,41.9,-0.0026032,0.0,-1129.9,-16.558,2.1894,28.78,8.956,17.719,0.43164,0.0,-1602.81,0.0728,20.0
555,2024-07-09,0.0,0.4572,10.55,32.675,23.1989583333333,0.0,0.4572,4.6566e-10,0.21092,-3.5075e-06,-10.631,93.401,-17.287,42.116,-0.0026068,-10.881,-1155.9,-16.56,0.0,28.78,8.7385,17.719,0.43164,0.0,-1602.81,0.0728,20.0
556,2024-07-10,0.0,0.47752,11.25,36.75,24.376619047619,-2.794,0.47752,-0.59086,0.15702,-3.3219e-06,-13.425,93.879,-17.954,42.277,-0.0026104,0.0,-1107.5,-16.562,2.2031,30.907,9.2444,18.386,0.43164,0.0,-1602.81,0.0728,20.0
557,2024-07-11,0.0443,0.4318,15.075,35.075,24.3770833333333,-1.4413,0.4318,-0.56746,0.13776,-3.5557e-06,-14.866,94.31,-18.532,42.416,-0.002614,0.0,-1052.0,-16.564,0.87384,31.771,9.682,18.964,0.43164,0.0,-1602.81,0.0728,20.0
558,2024-07-12,0.0,0.43688,10.225,30.2,21.3583333333333,0.0,0.43688,-1.1176e-08,0.23924,-3.5462e-06,-14.866,94.747,-18.532,42.656,-0.0026175,-10.768,-1055.7,-16.566,0.0,31.771,9.4467,18.964,0.43164,0.0,-1602.81,0.0728,20.0
559,2024-07-13,0.0,0.44958,10.175,33.55,22.7614583333333,0.0,0.44958,1.5832e-08,0.2462,-3.5316e-06,-14.866,95.197,-18.532,42.902,-0.002621,-12.1,-1058.3,-16.568,0.0,31.771,9.2028,18.964,0.43164,0.0,-1602.81,0.0728,20.0
560,2024-07-14,0.0,0.42672,10.775,34.075,23.2291666666667,0.0,0.42672,5.3551e-09,0.23368,-3.5465e-06,-14.866,95.624,-18.532,43.136,-0.0026246,-13.115,-1060.8,-16.571,0.0,31.771,8.9628,18.964,0.43164,0.0,-1602.81,0.0728,20.0
561,2024-07-15,0.0,0.4826,10.55,34.225,22.7958333333333,0.0,0.4826,-8.4983e-09,0.26428,-3.5465e-06,-14.866,96.106,-18.532,43.4,-0.0026281,-13.945,-1063.7,-16.573,0.0,31.771,8.7139,18.964,0.43164,0.0,-1602.81,0.0728,20.0
562,2024-07-16,0.0,0.46228,9.7,35.1,23.2583333333333,0.0,0.46228,1.8044e-09,0.25315,-3.5167e-06,-14.866,96.569,-18.532,43.653,-0.0026316,-14.506,-1067.1,-16.575,0.0,31.771,8.4551,18.964,0.43164,0.0,-1602.81,0.0728,20.0
563,2024-07-17,0.0,0.45212,11.35,36.625,24.59375,0.0,0.45212,6.4319e-09,0.24759,-3.5167e-06,-14.866,97.021,-18.532,43.901,-0.0026352,-14.808,-1071.0,-16.577,0.0,31.771,8.2048,18.964,0.43164,0.0,-1602.81,0.0728,20.0
564,2024-07-18,0.0408,0.37592,12.175,34.1,23.31875,0.0,0.37592,1.2718e-08,0.20586,-3.5167e-06,-14.866,97.397,-18.532,44.106,-0.0026387,-14.974,-1075.2,-16.579,0.0,31.771,7.978,18.964,0.43164,0.0,-1602.81,0.0728,20.0
565,2024-07-19,0.0,0.40894,10.5,34.6,23.121875,0.0,0.40894,2.3865e-09,0.22394,-3.5167e-06,-14.866,97.806,-18.532,44.33,-0.0026422,-15.163,-1080.3,-16.581,0.0,31.771,7.7631,18.964,0.43164,0.0,-1602.81,0.0728,20.0
566,2024-07-20,0.0,0.41402,12.25,34.6,24.3864583333333,0.0,0.41402,3.7253e-09,0.22673,-3.5167e-06,-14.866,98.22,-18.532,44.557,-0.0026457,-15.382,-1087.6,-16.583,0.0,31.771,7.5378,18.964,0.43164,0.0,-1602.81,0.0728,20.0
567,2024-07-21,0.0,0.37084,11.225,32.9,22.7166666666667,0.0,0.37084,8.5565e-09,0.20308,-3.5167e-06,-14.866,98.59,-18.532,44.76,-0.0026492,-15.629,-1097.7,-16.585,0.0,31.771,7.3229,18.964,0.43164,0.0,-1602.81,0.0728,20.0
568,2024-07-22,0.0,0.38608,10.85,34.65,22.9427083333333,0.0,0.38608,-1.6589e-09,0.20739,-3.5167e-06,-14.866,98.976,-18.532,44.969,-0.0026527,-15.902,-1114.4,-16.587,0.0,31.771,7.1158,18.964,0.43164,0.0,-1602.81,0.0728,20.0
569,2024-07-23,0.0,0.4826,15.625,38.325,26.4958333333333,0.0,0.4826,-4.191e-09,0.24559,-3.5167e-06,-14.866,99.459,-18.532,45.217,-0.0026563,-16.209,-1139.2,-16.59,0.0,31.771,6.8872,18.964,0.43164,0.0,-1602.81,0.0728,20.0
570,2024-07-24,0.0,0.55626,12.65,37.5,26.8208333333333,0.0,0.55626,-3.6671e-09,0.2792,-3.5167e-06,-14.866,100.02,-18.532,45.497,-0.0026598,-16.568,-1162.9,-16.592,0.0,31.771,6.6243,18.964,0.43164,0.0,-1602.81,0.0728,20.0
571,2024-07-25,0.0,0.58928,15.75,33.25,25.471875,0.0,0.58928,1.5134e-09,0.29491,-3.4869e-06,-14.866,100.6,-18.532,45.792,-0.0026633,-17.007,-1197.6,-16.594,0.0,31.771,6.3371,18.964,0.43164,0.0,-1602.81,0.0728,20.0
572,2024-07-26,0.0,0.47244,8.225,29.3,18.2708333333333,0.0,0.47244,-1.2398e-08,0.22,-3.4869e-06,-14.866,101.08,-18.532,46.02,-0.0026667,-17.544,-1271.0,-16.596,0.0,31.771,6.0714,18.964,0.43164,0.0,-1602.81,0.0728,20.0
573,2024-07-27,0.0,0.4064,5.95,31.25,18.9802083333333,0.0,0.4064,-1.2398e-08,0.099453,-3.4869e-06,-14.866,101.48,-18.532,46.142,-0.0026702,-18.124,-1405.5,-16.598,0.0,31.771,5.8891,18.964,0.43164,0.0,-1602.81,0.0728,20.0
574,2024-07-28,0.0,0.3429,5.6,28.55,17.6729166666667,0.0,0.3429,1.0885e-08,0.04333,-3.4869e-06,-14.866,101.83,-18.532,46.195,-0.0026737,-18.525,-1507.1,-16.6,0.0,31.771,5.8078,18.964,0.43164,0.0,-1602.81,0.0728,20.0
575,2024-07-29,0.0,0.44196,8.7,31.675,20.7510416666667,0.0,0.44196,-9.6043e-10,0.013523,-3.4869e-06,-14.866,102.27,-18.532,46.216,-0.0026772,-18.706,-1566.8,-16.602,0.0,31.771,5.7727,18.964,0.43164,0.0,-1602.81,0.0728,20.0
576,2024-07-30,0.0085,0.381,13.925,25.75,19.8791666666667,0.0,0.381,-1.2027e-08,0.00312,-3.4869e-06,-14.866,102.65,-18.532,46.221,-0.0026807,-18.767,-1592.0,-16.604,0.0,31.771,5.7625,18.964,0.43164,0.0,-1602.81,0.0728,20.0
577,2024-07-31,0.0,0.4699,12.75,29.9,21.2708333333333,0.0,0.4699,-6.2573e-10,0.00075356,-3.4869e-06,-14.866,103.12,-18.532,46.222,-0.0026842,-18.819,-1598.8,-16.606,0.0,31.771,5.7602,18.964,0.43164,0.0,-1602.81,0.0728,20.0
578,2024-08-01,0.0,0.41402,8.9,33.775,22.7385416666667,0.0,0.41402,-9.6406e-09,0.00013591,-3.4869e-06,-14.866,103.53,-18.532,46.222,-0.0026877,-18.87,-1600.5,-16.608,0.0,31.771,5.7597,18.964,0.43164,0.0,-1602.81,0.0728,20.0
579,2024-08-02,0.0,0.42926,13.0,38.75,25.8052083333333,0.0,0.42926,5.3842e-10,9.0088e-05,-3.4869e-06,-14.866,103.96,-18.532,46.222,-0.0026911,-18.921,-1600.6,-16.61,0.0,31.771,5.7595,18.964,0.43164,0.0,-1602.81,0.0728,20.0
580,2024-08-03,0.0,0.36322,11.075,37.725,23.6145833333333,0.0,0.36322,-2.0736e-09,9.0545e-05,-3.4571e-06,-14.866,104.33,-18.532,46.222,-0.0026946,-18.971,-1600.6,-16.613,0.0,31.771,5.7595,18.964,0.43164,0.0,-1602.81,0.0728,20.0
581,2024-08-04,0.1207,0.13208,14.5,23.95,17.85625,0.0,0.13208,5.2823e-09,6.8115e-05,-3.4571e-06,-14.866,104.46,-18.532,46.222,-0.0026981,-19.021,-1600.5,-16.615,0.0,31.771,5.7594,18.964,0.43164,0.0,-1602.81,0.0728,20.0
582,2024-08-05,0.0238,0.33274,13.4,28.775,20.4125,0.0,0.33274,-1.2456e-08,8.0303e-05,-3.4571e-06,-14.866,104.79,-18.532,46.222,-0.0027015,-19.07,-1600.6,-16.617,0.0,31.771,5.7593,18.964,0.43164,0.0,-1602.81,0.0728,20.0
583,2024-08-06,0.1327,0.34544,13.1,29.075,19.9083333333333,0.0,0.34544,1.4501e-08,8.001e-05,-3.4571e-06,-14.866,105.14,-18.532,46.222,-0.002705,-19.119,-1600.6,-16.619,0.0,31.771,5.7592,18.964,0.43164,0.0,-1602.81,0.0728,20.0
584,2024-08-07,0.558,0.11938,10.0,16.025,13.6145833333333,0.0,0.11938,8.8112e-09,6.2839e-05,-3.4571e-06,-14.866,105.26,-18.532,46.222,-0.0027084,-19.167,-1600.5,-16.621,0.0,31.771,5.7591,18.964,0.43164,0.0,-1602.81,0.0728,20.0
585,2024-08-08,0.0119,0.25146,7.15,20.45,14.13125,0.0,0.25146,2.4447e-09,8.7843e-05,-3.4571e-06,-14.866,105.51,-18.532,46.223,-0.0027119,-19.214,-1600.5,-16.623,0.0,31.771,5.759,18.964,0.43164,0.0,-1602.81,0.0728,20.0
586,2024-08-09,0.0,0.31242,5.075,25.425,16.2645833333333,0.0,0.31242,4.8094e-09,7.9834e-05,-3.4571e-06,-14.866,105.82,-18.532,46.223,-0.0027153,-19.261,-1600.6,-16.625,0.0,31.771,5.7589,18.964,0.43164,0.0,-1602.81,0.0728,20.0
587,2024-08-10,0.0323,0.31496,8.125,26.625,17.634375,0.0,0.31496,-3.0559e-10,8.0752e-05,-3.4571e-06,-14.866,106.13,-18.532,46.223,-0.0027188,-19.308,-1600.6,-16.627,0.0,31.771,5.7588,18.964,0.43164,0.0,-1602.81,0.0728,20.0
588,2024-08-11,0.0629,0.36576,11.275,28.025,18.3125,0.0,0.36576,-8.8403e-09,7.942e-05,-3.4571e-06,-14.866,106.5,-18.532,46.223,-0.0027223,-19.354,-1600.6,-16.629,0.0,31.771,5.7587,18.964,0.43164,0.0,-1602.81,0.0728,20.0
589,2024-08-12,0.0,0.37846,11.35,29.775,20.309375,0.0,0.37846,-8.4983e-09,7.9158e-05,-3.4273e-06,-14.866,106.88,-18.532,46.223,-0.0027257,-19.4,-1600.6,-16.631,0.0,31.771,5.7587,18.964,0.43164,0.0,-1602.81,0.0728,20.0
590,2024-08-13,0.2484,0.32512,11.9,30.4,19.5364583333333,0.0,0.32512,7.7198e-09,8.0137e-05,-3.4273e-06,-14.866,107.2,-18.532,46.223,-0.0027291,-19.445,-1600.6,-16.633,0.0,31.771,5.7586,18.964,0.43164,0.0,-1602.81,0.0728,20.0
591,2024-08-14,0.0068,0.32258,11.0,28.525,18.9739583333333,0.0,0.32258,-6.6429e-09,7.9484e-05,-3.4273e-06,-14.866,107.53,-18.532,46.223,-0.0027325,-19.49,-1600.6,-16.635,0.0,31.771,5.7585,18.964,0.43164,0.0,-1602.81,0.0728,20.0
592,2024-08-15,0.2366,0.40386,8.625,30.825,20.303125,0.0,0.40386,-5.0059e-09,7.527e-05,-3.4273e-06,-14.866,107.93,-18.532,46.223,-0.002736,-19.534,-1600.6,-16.637,0.0,31.771,5.7584,18.964,0.43164,0.0,-1602.81,0.0728,20.0
593,2024-08-16,0.0,0.381,11.025,28.85,19.0875,0.0,0.381,1.95e-09,7.6435e-05,-3.4273e-06,-14.866,108.31,-18.532,46.223,-0.0027394,-19.578,-1600.6,-16.639,0.0,31.771,5.7583,18.964,0.43164,0.0,-1602.81,0.0728,20.0
594,2024-08-17,0.0,0.35814,7.375,30.15,19.3520833333333,0.0,0.35814,-1.0041e-09,7.6843e-05,-3.4273e-06,-14.866,108.67,-18.532,46.223,-0.0027428,-19.621,-1600.6,-16.641,0.0,31.771,5.7582,18.964,0.43164,0.0,-1602.81,0.0728,20.0
595,2024-08-18,1.8799,0.37592,9.0,35.5,20.3833333333333,0.0,0.37592,9.0949e-10,7.5459e-05,-3.4273e-06,-14.866,109.04,-18.532,46.223,-0.0027463,-19.664,-1600.6,-16.643,0.0,31.771,5.7582,18.964,0.43164,0.0,-1602.81,0.0728,20.0
596,2024-08-19,0.1412,0.43434,13.275,34.175,20.3927083333333,0.0,0.43434,1.3199e-08,7.2499e-05,-3.4273e-06,-14.866,109.48,-18.532,46.223,-0.0027497,-19.706,-1600.6,-16.645,0.0,31.771,5.7581,18.964,0.43164,0.0,-1602.81,0.0728,20.0
597,2024-08-20,0.0595,0.3429,10.975,30.875,20.0,0.0,0.3429,3.7689e-09,7.4631e-05,-3.4273e-06,-14.866,109.82,-18.532,46.224,-0.0027531,-19.748,-1600.6,-16.648,0.0,31.771,5.758,18.964,0.43164,0.0,-1602.81,0.0728,20.0
598,2024-08-21,0.034,0.28956,9.575,26.85,17.5864583333333,0.0,0.28956,6.2282e-09,7.3982e-05,-3.3975e-06,-14.866,110.11,-18.532,46.224,-0.0027565,-19.789,-1600.6,-16.65,0.0,31.771,5.7579,18.964,0.43164,0.0,-1602.81,0.0728,20.0
599,2024-08-22,0.0,0.31496,5.375,25.875,16.5552083333333,0.0,0.31496,-8.4401e-10,7.2874e-05,-3.3975e-06,-14.866,110.43,-18.532,46.224,-0.0027599,-19.83,-1600.6,-16.652,0.0,31.771,5.7579,18.964,0.43164,0.0,-1602.81,0.0728,20.0
600,2024-08-23,0.1107,0.37846,8.1,30.825,18.040625,0.0,0.37846,1.2587e-09,6.9696e-05,-3.3975e-06,-14.866,110.81,-18.532,46.224,-0.0027633,-19.871,-1600.6,-16.654,0.0,31.771,5.7578,18.964,0.43164,0.0,-1602.81,0.0728,20.0
601,2024-08-24,0.0,0.3429,9.6,25.2,16.484375,0.0,0.3429,2.0009e-09,7.0668e-05,-3.3975e-06,-14.866,111.15,-18.532,46.224,-0.0027667,-19.911,-1600.6,-16.656,0.0,31.771,5.7577,18.964,0.43164,0.0,-1602.81,0.0728,20.0
602,2024-08-25,0.0,0.37084,8.325,25.425,16.015625,0.0,0.37084,3.6744e-09,6.9657e-05,-3.3975e-06,-14.866,111.52,-18.532,46.224,-0.0027701,-19.951,-1600.6,-16.658,0.0,31.771,5.7576,18.964,0.43164,0.0,-1602.81,0.0728,20.0
603,2024-08-26,0.0,0.34798,4.275,26.775,15.271875,0.0,0.34798,1.2318e-08,6.9587e-05,-3.3975e-06,-14.866,111.87,-18.532,46.224,-0.0027735,-19.99,-1600.6,-16.66,0.0,31.771,5.7576,18.964,0.43164,0.0,-1602.81,0.0728,20.0
604,2024-08-27,0.051,0.46228,8.55,30.075,19.6364583333333,0.0,0.46228,5.3988e-09,6.4302e-05,-3.3975e-06,-14.866,112.33,-18.532,46.224,-0.0027769,-20.029,-1600.6,-16.662,0.0,31.771,5.7575,18.964,0.43164,0.0,-1602.81,0.0728,20.0
605,2024-08-28,0.6089,0.26416,5.1,15.325,10.1364583333333,0.0,0.26416,1.528e-08,6.6295e-05,-3.3975e-06,-14.866,112.59,-18.532,46.224,-0.0027803,-20.068,-1600.6,-16.664,0.0,31.771,5.7574,18.964,0.43164,0.0,-1602.81,0.0728,20.0
606,2024-08-29,0.0,0.39624,10.725,25.9,17.8052083333333,0.0,0.39624,1.1321e-08,6.3603e-05,-3.3975e-06,-14.866,112.99,-18.532,46.224,-0.0027837,-20.106,-1600.6,-16.666,0.0,31.771,5.7573,18.964,0.43164,0.0,-1602.81,0.0728,20.0
607,2024-08-30,0.0,0.36576,6.0,32.925,18.628125,0.0,0.36576,-7.7416e-09,6.5142e-05,-3.3677e-06,-14.866,113.36,-18.532,46.224,-0.0027871,-20.143,-1600.6,-16.668,0.0,31.771,5.7573,18.964,0.43164,0.0,-1602.81,0.0728,20.0
608,2024-08-31,0.0,0.3048,7.325,29.525,18.9416666666667,0.0,0.3048,3.5288e-09,6.6086e-05,-3.3677e-06,-14.866,113.66,-18.532,46.224,-0.0027904,-20.18,-1600.6,-16.67,0.0,31.771,5.7572,18.964,0.43164,0.0,-1602.81,0.0728,20.0
609,2024-09-01,0.0,0.28956,6.725,31.1,18.19375,0.0,0.28956,-1.1656e-08,1.1067e-06,-3.3677e-06,-14.866,113.95,-18.532,46.224,-0.0027938,-20.217,-795.73,-16.672,0.0,31.771,5.7571,18.964,0.43164,0.0,-1602.81,0.0728,20.0
610,2024-09-02,0.0,0.30226,10.9,34.225,21.6229166666667,0.0,0.30226,5.6025e-10,9.4093e-05,-3.3677e-06,-14.866,114.25,-18.532,46.224,-0.0027972,-20.254,-795.73,-16.674,0.0,31.771,5.757,18.964,0.43164,0.0,-1602.81,0.0728,20.0
611,2024-09-03,0.194,0.29718,13.225,30.075,20.4197916666667,0.0,0.29718,8.2946e-09,0.00011114,-3.3677e-06,-14.866,114.55,-18.532,46.225,-0.0028005,-20.29,-795.71,-16.676,0.0,31.771,5.757,18.964,0.43164,0.0,-1602.81,0.0728,20.0
612,2024-09-04,0.0,0.29464,10.35,26.075,17.84375,0.0,0.29464,9.8153e-09,0.00011896,-3.3677e-06,-14.866,114.84,-18.532,46.225,-0.0028039,-20.326,-795.71,-16.678,0.0,31.771,5.7569,18.964,0.43164,0.0,-1602.81,0.0728,20.0
613,2024-09-05,0.0,0.28956,5.525,30.875,17.359375,0.0,0.28956,-6.4683e-09,0.0,-3.3677e-06,-14.866,115.13,-18.532,46.225,-0.0028073,-20.361,-795.73,-16.68,0.0,31.771,5.7568,18.964,0.43164,0.0,-1602.81,0.0728,20.0
614,2024-09-06,0.0,0.30226,6.95,32.7,19.6354166666667,0.0,0.30226,6.7739e-09,2.0856e-06,-3.3677e-06,-14.866,115.44,-18.532,46.225,-0.0028106,-20.396,-795.73,-16.682,0.0,31.771,5.7568,18.964,0.43164,0.0,-1602.81,0.0728,20.0
615,2024-09-07,0.0,0.2921,6.925,33.175,20.640625,0.0,0.2921,-1.4945e-08,3.6012e-05,-3.3677e-06,-14.866,115.73,-18.532,46.225,-0.002814,-20.431,-795.73,-16.684,0.0,31.771,5.7567,18.964,0.43164,0.0,-1602.81,0.0728,20.0
616,2024-09-08,0.0,0.28448,7.55,33.125,20.7697916666667,0.0,0.28448,1.2904e-08,0.0,-3.3379e-06,-14.866,116.01,-18.532,46.225,-0.0028173,-20.465,-795.74,-16.686,0.0,31.771,5.7566,18.964,0.43164,0.0,-1602.81,0.0728,20.0
617,2024-09-09,0.0,0.39624,14.725,31.3,23.3583333333333,0.0,0.39624,-1.2966e-08,0.0,-3.3379e-06,-14.866,116.41,-18.532,46.225,-0.0028207,-20.499,-795.73,-16.688,0.0,31.771,5.7566,18.964,0.43164,0.0,-1602.81,0.0728,20.0
618,2024-09-10,0.0,0.18288,4.85,19.9,13.4197916666667,0.0,0.18288,5.7917e-09,0.0,-3.3379e-06,-14.866,116.59,-18.532,46.225,-0.002824,-20.532,-795.73,-16.69,0.0,31.771,5.7565,18.964,0.43164,0.0,-1602.81,0.0728,20.0
619,2024-09-11,2.0309,0.1524,5.55,21.075,13.0770833333333,0.0,0.1524,1.3028e-08,0.0,-3.3379e-06,-14.866,116.74,-18.532,46.225,-0.0028274,-20.565,-795.73,-16.692,0.0,31.771,5.7565,18.964,0.43164,0.0,-1602.81,0.0728,20.0
620,2024-09-12,0.2568,0.0635,9.4,13.65,10.9677083333333,0.0,0.0635,1.131e-08,0.0,-3.3379e-06,-14.866,116.81,-18.532,46.225,-0.0028307,-20.598,-795.73,-16.694,0.0,31.771,5.7564,18.964,0.43164,0.0,-1602.81,0.0728,20.0
621,2024-09-13,0.997,0.23876,8.175,19.775,12.7354166666667,0.0,0.23876,1.5498e-09,0.0,-3.3379e-06,-14.866,117.05,-18.532,46.225,-0.002834,-20.631,-795.73,-16.696,0.0,31.771,5.7563,18.964,0.43164,0.0,-1602.81,0.0728,20.0
622,2024-09-14,0.0,0.35814,8.675,22.475,14.6447916666667,0.0,0.35814,-1.5087e-08,0.0,-3.3379e-06,-14.866,117.4,-18.532,46.225,-0.0028374,-20.663,-795.73,-16.698,0.0,31.771,5.7563,18.964,0.43164,0.0,-1602.81,0.0728,20.0
623,2024-09-15,0.0,0.17272,5.75,21.275,13.36875,0.0,0.17272,-8.8257e-09,0.0,-3.3379e-06,-14.866,117.58,-18.532,46.225,-0.0028407,-20.695,-795.73,-16.7,0.0,31.771,5.7562,18.964,0.43164,0.0,-1602.81,0.0728,20.0
624,2024-09-16,0.0017,0.19812,6.225,24.45,14.034375,0.0,0.19812,-9.0113e-09,0.0,-3.3379e-06,-14.866,117.77,-18.532,46.225,-0.0028441,-20.726,-795.73,-16.702,0.0,31.771,5.7562,18.964,0.43164,0.0,-1602.81,0.0728,20.0
625,2024-09-17,0.0476,0.16764,7.4,23.85,14.7885416666667,0.0,0.16764,-1.5654e-08,0.0,-3.3379e-06,-14.866,117.94,-18.532,46.225,-0.0028474,-20.757,-795.74,-16.704,0.0,31.771,5.7561,18.964,0.43164,0.0,-1602.81,0.0728,20.0
626,2024-09-18,0.0646,0.0889,11.975,17.0,13.821875,0.0,0.0889,1.6153e-09,0.0,-3.3081e-06,-14.866,118.03,-18.532,46.225,-0.0028507,-20.788,-795.74,-16.706,0.0,31.771,5.756,18.964,0.43164,0.0,-1602.81,0.0728,20.0
627,2024-09-19,0.0221,0.24384,9.125,23.15,15.7333333333333,0.0,0.24384,1.2711e-08,0.0,-3.3081e-06,-14.866,118.28,-18.532,46.225,-0.002854,-20.818,-795.74,-16.708,0.0,31.771,5.756,18.964,0.43164,0.0,-1602.81,0.0728,20.0
628,2024-09-20,0.0,0.34544,5.775,22.925,13.603125,0.0,0.34544,-1.238e-08,0.0,-3.3081e-06,-14.866,118.62,-18.532,46.225,-0.0028573,-20.848,-795.74,-16.71,0.0,31.771,5.7559,18.964,0.43164,0.0,-1602.81,0.0728,20.0
629,2024-09-21,0.0,0.19558,-0.575,17.675,9.16666666666667,0.0,0.19558,-1.3413e-08,0.0,-3.3081e-06,-14.866,118.82,-18.532,46.226,-0.0028606,-20.878,-795.74,-16.712,0.0,31.771,5.7559,18.964,0.43164,0.0,-1602.81,0.0728,20.0
630,2024-09-22,0.0,0.32258,3.6,24.525,13.996875,0.0,0.32258,9.0986e-09,0.0,-3.3081e-06,-14.866,119.14,-18.532,46.226,-0.0028639,-20.908,-795.74,-16.714,0.0,31.771,5.7558,18.964,0.43164,0.0,-1602.81,0.0728,20.0
631,2024-09-23,0.0,0.2667,11.325,25.3,17.1145833333333,0.0,0.2667,-3.6016e-09,0.0,-3.3081e-06,-14.866,119.41,-18.532,46.226,-0.0028672,-20.937,-795.74,-16.716,0.0,31.771,5.7557,18.964,0.43164,0.0,-1602.81,0.0728,20.0
632,2024-09-24,0.0,0.44196,13.525,28.825,19.7354166666667,0.0,0.44196,7.5233e-09,0.0,-3.3081e-06,-14.866,119.85,-18.532,46.226,-0.0028705,-20.966,-795.74,-16.718,0.0,31.771,5.7557,18.964,0.43164,0.0,-1602.81,0.0728,20.0
633,2024-09-25,0.0,0.39624,11.85,31.525,21.0614583333333,0.0,0.39624,1.2878e-08,0.0,-3.3081e-06,-14.866,120.24,-18.532,46.226,-0.0028739,-20.994,-795.74,-16.72,0.0,31.771,5.7556,18.964,0.43164,0.0,-1602.81,0.0728,20.0
634,2024-09-26,0.0,0.3175,10.275,22.3,16.628125,0.0,0.3175,1.2544e-08,0.0,-3.2783e-06,-14.866,120.56,-18.532,46.226,-0.0028771,-21.023,-795.74,-16.722,0.0,31.771,5.7556,18.964,0.43164,0.0,-1602.81,0.0728,20.0
635,2024-09-27,0.0,0.40894,10.7,27.65,18.9416666666667,0.0,0.40894,6.4647e-09,0.0,-3.2783e-06,-14.866,120.97,-18.532,46.226,-0.0028804,-21.051,-795.74,-16.724,0.0,31.771,5.7555,18.964,0.43164,0.0,-1602.81,0.0728,20.0
636,2024-09-28,0.0,0.23368,2.175,27.9,15.0822916666667,0.0,0.23368,-5.0313e-09,0.0,-3.2783e-06,-14.866,121.2,-18.532,46.226,-0.0028837,-21.078,-795.74,-16.726,0.0,31.771,5.7555,18.964,0.43164,0.0,-1602.81,0.0728,20.0
637,2024-09-29,0.0,0.3175,6.775,25.275,15.2927083333333,0.0,0.3175,7.6689e-09,0.0,-3.2783e-06,-14.866,121.52,-18.532,46.226,-0.002887,-21.106,-795.74,-16.728,0.0,31.771,5.7554,18.964,0.43164,0.0,-1602.81,0.0728,20.0
638,2024-09-30,0.0,0.20828,-2.1,16.375,7.54375,0.0,0.20828,1.4945e-08,0.0,-3.2783e-06,-14.866,121.73,-18.532,46.226,-0.0028903,-21.133,-795.74,-16.73,0.0,31.771,5.7554,18.964,0.43164,0.0,-1602.81,0.0728,20.0
639,2024-10-01,0.0,0.54102,5.775,23.475,15.7708333333333,0.54102,0.0,1.0509e-05,0.0,-3.2783e-06,-14.325,121.73,-18.34,46.226,-0.0028935,-1000000.0,-795.74,-16.732,0.0,31.771,5.5636,18.964,0.62342,0.0,-1602.81,0.0728,20.0
640,2024-10-02,0.0,0.19304,6.15,18.175,13.4833333333333,0.19304,0.0,9.984e-32,0.0,-3.2783e-06,-14.132,121.73,-18.34,46.226,-0.0028968,-1000000.0,-795.74,-16.734,0.0,31.771,5.5636,18.964,0.62342,0.0,-1602.81,0.0728,20.0
641,2024-10-03,0.0,0.17526,-2.05,16.775,8.00729166666667,0.17526,0.0,9.984e-32,0.0,-3.2783e-06,-13.956,121.73,-18.34,46.226,-0.0029001,-1000000.0,-795.74,-16.735,0.0,31.771,5.5636,18.964,0.62342,0.0,-1602.81,0.0728,20.0
642,2024-10-04,0.0,0.46228,-2.625,28.075,13.103125,0.46228,0.0,9.984e-32,0.0,-3.2783e-06,-13.494,121.73,-18.34,46.226,-0.0029034,-1000000.0,-795.74,-16.737,0.0,31.771,5.5636,18.964,0.62342,0.0,-1602.81,0.0728,20.0
643,2024-10-05,0.0,0.254,4.625,18.825,10.7375,0.254,0.0,9.984e-32,0.0,-3.2783e-06,-13.24,121.73,-18.34,46.226,-0.0029067,-1000000.0,-795.74,-16.739,0.0,31.771,5.5636,18.964,0.62342,0.0,-1602.81,0.0728,20.0
644,2024-10-06,0.0,0.22352,1.475,25.425,11.9041666666667,0.22352,0.0,9.984e-32,0.0,-3.2485e-06,-13.017,121.73,-18.34,46.226,-0.0029099,-1000000.0,-795.74,-16.741,0.0,31.771,5.5636,18.964,0.62342,0.0,-1602.81,0.0728,20.0
645,2024-10-07,0.0,0.33528,7.975,26.675,15.8854166666667,0.33528,0.0,9.984e-32,0.0,-3.2485e-06,-12.681,121.73,-18.34,46.226,-0.0029132,-1000000.0,-795.74,-16.743,0.0,31.771,5.5636,18.964,0.62342,0.0,-1602.81,0.0728,20.0
646,2024-10-08,0.0,0.35306,5.6,28.1,16.5020833333333,0.35306,0.0,9.984e-32,0.0,-3.2485e-06,-12.328,121.73,-18.34,46.226,-0.0029164,-1000000.0,-795.74,-16.745,0.0,31.771,5.5636,18.964,0.62342,0.0,-1602.81,0.0728,20.0
647,2024-10-09,0.0,0.2794,8.575,27.2,16.3239583333333,0.2794,0.0,9.984e-32,0.0,-3.2485e-06,-12.049,121.73,-18.34,46.226,-0.0029197,-1000000.0,-795.74,-16.747,0.0,31.771,5.5636,18.964,0.62342,0.0,-1602.81,0.0728,20.0
648,2024-10-10,0.0,0.17526,8.0,18.325,13.0291666666667,0.17526,0.0,9.984e-32,0.0,-3.2485e-06,-11.874,121.73,-18.34,46.226,-0.0029229,-1000000.0,-795.74,-16.749,0.0,31.771,5.5636,18.964,0.62342,0.0,-1602.81,0.0728,20.0
649,2024-10-11,0.0,0.12954,-1.275,19.0,8.52083333333333,0.12954,0.0,9.984e-32,0.0,-3.2485e-06,-11.744,121.73,-18.34,46.226,-0.0029262,-1000000.0,-795.74,-16.751,0.0,31.771,5.5636,18.964,0.62342,0.0,-1602.81,0.0728,20.0
650,2024-10-12,0.0,0.14732,-1.5,19.0,8.23958333333333,0.14732,0.0,9.984e-32,0.0,-3.2485e-06,-11.597,121.73,-18.34,46.226,-0.0029294,-1000000.0,-795.74,-16.753,0.0,31.771,5.5636,18.964,0.62342,0.0,-1602.81,0.0728,20.0
651,2024-10-13,0.0,0.15494,-2.575,20.775,7.70520833333333,0.15494,0.0,9.984e-32,0.0,-3.2485e-06,-11.442,121.73,-18.34,46.226,-0.0029327,-1000000.0,-795.74,-16.755,0.0,31.771,5.5635,18.964,0.62342,0.0,-1602.81,0.0728,20.0
652,2024-10-14,0.0,0.3048,3.325,28.675,15.5416666666667,0.3048,0.0,9.984e-32,0.0,-3.2485e-06,-11.137,121.73,-18.34,46.226,-0.0029359,-1000000.0,-795.74,-16.757,0.0,31.771,5.5635,18.964,0.62342,0.0,-1602.81,0.0728,20.0
653,2024-10-15,0.0,0.23368,9.2,25.3,16.5291666666667,0.23368,0.0,9.984e-32,0.0,-3.2187e-06,-10.903,121.73,-18.34,46.226,-0.0029391,-1000000.0,-795.74,-16.759,0.0,31.771,5.5635,18.964,0.62342,0.0,-1602.81,0.0728,20.0
654,2024-10-16,0.0017,0.25908,3.275,23.65,13.340625,0.25908,0.0,9.984e-32,0.0,-3.2187e-06,-10.644,121.73,-18.34,46.226,-0.0029424,-1000000.0,-795.74,-16.761,0.0,31.771,5.5635,18.964,0.62342,0.0,-1602.81,0.0728,20.0
655,2024-10-17,0.0,0.13716,0.35,11.075,6.71666666666667,0.13716,0.0,9.984e-32,0.0,-3.2187e-06,-10.507,121.73,-18.34,46.226,-0.0029456,-1000000.0,-795.74,-16.763,0.0,31.771,5.5635,18.964,0.62342,0.0,-1602.81,0.0728,20.0
656,2024-10-18,0.0,0.25654,-2.55,12.1,4.97708333333333,0.25654,0.0,9.984e-32,0.0,-3.2187e-06,-10.251,121.73,-18.34,46.226,-0.0029488,-1000000.0,-795.74,-16.765,0.0,31.771,5.5635,18.964,0.62342,0.0,-1602.81,0.0728,20.0
657,2024-10-19,0.0,0.48768,9.4,21.075,13.7479166666667,0.48768,0.0,9.984e-32,0.0,-3.2187e-06,-9.7629,121.73,-18.34,46.226,-0.002952,-1000000.0,-795.74,-16.767,0.0,31.771,5.5635,18.964,0.62342,0.0,-1602.81,0.0728,20.0
658,2024-10-20,0.0,0.4064,12.475,22.075,16.8104166666667,0.4064,0.0,9.984e-32,0.0,-3.2187e-06,-9.3565,121.73,-18.34,46.226,-0.0029552,-1000000.0,-795.74,-16.768,0.0,31.771,5.5635,18.964,0.62342,0.0,-1602.81,0.0728,20.0
659,2024-10-21,0.0204,0.20066,0.875,17.675,11.209375,0.20066,0.0,9.984e-32,0.0,-3.2187e-06,-9.1559,121.73,-18.34,46.226,-0.0029585,-1000000.0,-795.74,-16.77,0.0,31.771,5.5635,18.964,0.62342,0.0,-1602.81,0.0728,20.0
660,2024-10-22,0.0017,0.17272,-1.375,13.4,4.90729166666667,0.17272,0.0,9.984e-32,0.0,-3.2187e-06,-8.9832,121.73,-18.34,46.226,-0.0029617,-1000000.0,-795.74,-16.772,0.0,31.771,5.5635,18.964,0.62342,0.0,-1602.81,0.0728,20.0
661,2024-10-23,0.0,0.254,-1.7,14.275,6.2875,0.254,0.0,9.984e-32,0.0,-3.2187e-06,-8.7292,121.73,-18.34,46.226,-0.0029649,-1000000.0,-795.74,-16.774,0.0,31.771,5.5635,18.964,0.62342,0.0,-1602.81,0.0728,20.0
662,2024-10-24,0.0,0.1651,-1.725,11.375,4.2625,0.1651,0.0,9.984e-32,0.0,-3.2187e-06,-8.5641,121.73,-18.34,46.226,-0.0029681,-1000000.0,-795.74,-16.776,0.0,31.771,5.5635,18.964,0.62342,0.0,-1602.81,0.0728,20.0
663,2024-10-25,0.0,0.10668,-5.4,9.95,2.27291666666667,0.10668,0.0,9.984e-32,0.0,-3.1888e-06,-8.4574,121.73,-18.34,46.226,-0.0029713,-1000000.0,-795.74,-16.778,0.0,31.771,5.5635,18.964,0.62342,0.0,-1602.81,0.0728,20.0
664,2024-10-26,0.0,0.27686,-2.675,19.975,9.38229166666667,0.27686,0.0,9.984e-32,0.0,-3.1888e-06,-8.1805,121.73,-18.34,46.226,-0.0029745,-1000000.0,-795.74,-16.78,0.0,31.771,5.5635,18.964,0.62342,0.0,-1602.81,0.0728,20.0
665,2024-10-27,0.0,0.32766,3.925,21.775,11.284375,0.32766,0.0,9.984e-32,0.0,-3.1888e-06,-7.8529,121.73,-18.34,46.226,-0.0029777,-1000000.0,-795.74,-16.782,0.0,31.771,5.5635,18.964,0.62342,0.0,-1602.81,0.0728,20.0
666,2024-10-28,0.0,0.21336,-3.725,12.75,5.74479166666667,0.21336,0.0,9.984e-32,0.0,-3.1888e-06,-7.6395,121.73,-18.34,46.226,-0.0029809,-1000000.0,-795.74,-16.784,0.0,31.771,5.5635,18.964,0.62342,0.0,-1602.81,0.0728,20.0
667,2024-10-29,0.0,0.08128,-7.775,9.6,0.632291666666667,0.08128,0.0,9.984e-32,0.0,-3.1888e-06,-7.5582,121.73,-18.34,46.226,-0.0029841,-1000000.0,-795.74,-16.786,0.0,31.771,5.5635,18.964,0.62342,0.0,-1602.81,0.0728,20.0
668,2024-10-30,0.0,0.17526,-5.625,9.95,1.42916666666667,0.17526,0.0,9.984e-32,0.0,-3.1888e-06,-7.383,121.73,-18.34,46.226,-0.0029873,-1000000.0,-795.74,-16.788,0.0,31.771,5.5635,18.964,0.62342,0.0,-1602.81,0.0728,20.0
669,2024-10-31,0.0,0.14732,-3.35,8.6,1.44270833333333,0.14732,0.0,9.984e-32,0.0,-3.1888e-06,-7.2356,121.73,-18.34,46.226,-0.0029905,-1000000.0,-795.74,-16.79,0.0,31.771,5.5635,18.964,0.62342,0.0,-1602.81,0.0728,20.0
670,2024-11-01,0.0,0.17018,-3.825,9.1,2.42291666666667,0.17018,0.0,9.984e-32,0.0,-3.1888e-06,-7.0655,121.73,-18.34,46.226,-0.0029936,-1000000.0,-795.74,-16.791,0.0,31.771,5.5635,18.964,0.62342,0.0,-1602.81,0.0728,20.0
671,2024-11-02,0.0,0.21082,1.775,11.425,6.10416666666667,0.21082,0.0,9.984e-32,0.0,-3.1888e-06,-6.8546,121.73,-18.34,46.226,-0.0029968,-1000000.0,-795.74,-16.793,0.0,31.771,5.5635,18.964,0.62342,0.0,-1602.81,0.0728,20.0
672,2024-11-03,0.0,0.1016,-2.075,8.975,2.288,0.1016,0.0,9.984e-32,0.0,-3.1888e-06,-6.753,121.73,-18.34,46.226,-0.003,-1000000.0,-795.74,-16.795,0.0,31.771,5.5635,18.964,0.62342,0.0,-1602.81,0.0728,20.0
673,2024-11-04,0.0,0.21844,-3.15,7.625,2.86875,0.21844,0.0,9.984e-32,0.0,-3.159e-06,-6.5346,121.73,-18.34,46.226,-0.0030032,-1000000.0,-795.74,-16.797,0.0,31.771,5.5635,18.964,0.62342,0.0,-1602.81,0.0728,20.0
674,2024-11-05,0.1666,0.07874,-2.95,3.575,0.690625,0.07874,0.0,9.984e-32,0.0,-3.159e-06,-6.4559,121.73,-18.34,46.226,-0.0030063,-1000000.0,-795.74,-16.799,0.0,31.771,5.5635,18.964,0.62342,0.0,-1602.81,0.0728,20.0
675,2024-11-06,0.0357,0.1524,-8.175,8.25,-0.05625,0.1524,0.0,9.984e-32,0.0,-3.159e-06,-6.3035,121.73,-18.34,46.226,-0.0030095,-1000000.0,-795.74,-16.801,0.0,31.771,5.5635,18.964,0.62342,0.0,-1602.81,0.0728,20.0
676,2024-11-07,0.0,0.28702,1.9,13.625,6.85,0.28702,0.0,9.984e-32,0.0,-3.159e-06,-6.0164,121.73,-18.34,46.226,-0.0030127,-1000000.0,-795.74,-16.803,0.0,31.771,5.5635,18.964,0.62342,0.0,-1602.81,0.0728,20.0
677,2024-11-08,0.0,0.25146,2.375,17.8,9.1375,0.25146,0.0,9.984e-32,0.0,-3.159e-06,-5.765,121.73,-18.34,46.226,-0.0030158,-1000000.0,-795.74,-16.805,0.0,31.771,5.5635,18.964,0.62342,0.0,-1602.81,0.0728,20.0
678,2024-11-09,0.0,0.11176,2.375,16.425,7.759375,0.11176,0.0,9.984e-32,0.0,-3.159e-06,-5.6532,121.73,-18.34,46.226,-0.003019,-1000000.0,-795.74,-16.807,0.0,31.771,5.5635,18.964,0.62342,0.0,-1602.81,0.0728,20.0
679,2024-11-10,0.0,0.10414,1.475,11.075,6.82291666666667,0.10414,0.0,9.984e-32,0.0,-3.159e-06,-5.5491,121.73,-18.34,46.226,-0.0030221,-1000000.0,-795.74,-16.808,0.0,31.771,5.5635,18.964,0.62342,0.0,-1602.81,0.0728,20.0
680,2024-11-11,0.0,0.18542,-0.1,15.325,7.02083333333333,0.18542,0.0,9.984e-32,0.0,-3.159e-06,-5.3637,121.73,-18.34,46.226,-0.0030253,-1000000.0,-795.74,-16.81,0.0,31.771,5.5635,18.964,0.62342,0.0,-1602.81,0.0728,20.0
681,2024-11-12,0.0,0.18288,1.1,10.675,5.13958333333333,0.18288,0.0,9.984e-32,0.0,-3.159e-06,-5.1808,121.73,-18.34,46.226,-0.0030285,-1000000.0,-795.74,-16.812,0.0,31.771,5.5635,18.964,0.62342,0.0,-1602.81,0.0728,20.0
682,2024-11-13,0.0,0.2794,0.1,11.425,5.85625,0.2794,0.0,9.984e-32,0.0,-3.159e-06,-4.9014,121.73,-18.34,46.226,-0.0030316,-1000000.0,-795.74,-16.814,0.0,31.771,5.5634,18.964,0.62342,0.0,-1602.81,0.0728,20.0
683,2024-11-14,0.0,0.2413,-1.7,11.575,5.62083333333333,0.2413,0.0,9.984e-32,0.0,-3.1292e-06,-4.6601,121.73,-18.34,46.226,-0.0030347,-1000000.0,-795.74,-16.816,0.0,31.771,5.5634,18.964,0.62342,0.0,-1602.81,0.0728,20.0
684,2024-11-15,0.0,0.06858,-6.025,8.2,0.633333333333333,0.06858,0.0,9.984e-32,0.0,-3.1292e-06,-4.5915,121.73,-18.34,46.226,-0.0030379,-1000000.0,-795.74,-16.818,0.0,31.771,5.5634,18.964,0.62342,0.0,-1602.81,0.0728,20.0
685,2024-11-16,0.0,0.14986,-12.75,7.6,-1.82604166666667,0.14986,0.0,9.984e-32,0.0,-3.1292e-06,-4.4416,121.73,-18.34,46.226,-0.003041,-1000000.0,-795.74,-16.82,0.0,31.771,5.5634,18.964,0.62342,0.0,-1602.81,0.0728,20.0
686,2024-11-17,0.0,0.3175,2.725,9.775,5.85416666666667,0.3175,0.0,9.984e-32,0.0,-3.1292e-06,-4.1241,121.73,-18.34,46.226,-0.0030441,-1000000.0,-795.74,-16.822,0.0,31.771,5.5634,18.964,0.62342,0.0,-1602.81,0.0728,20.0
687,2024-11-18,0.0,0.13462,-10.125,4.45,0.1625,0.13462,0.0,9.984e-32,0.0,-3.1292e-06,-3.9895,121.73,-18.34,46.226,-0.0030473,-1000000.0,-795.74,-16.824,0.0,31.771,5.5634,18.964,0.62342,0.0,-1602.81,0.0728,20.0
688,2024-11-19,0.0,0.04064,-13.8,3.675,-5.725,0.04064,0.0,9.984e-32,0.0,-3.1292e-06,-3.9489,121.73,-18.34,46.226,-0.0030504,-1000000.0,-795.74,-16.825,0.0,31.771,5.5634,18.964,0.62342,0.0,-1602.81,0.0728,20.0
689,2024-11-20,0.0,0.03048,-14.175,-3.125,-9.021875,0.03048,0.0,9.984e-32,0.0,-3.1292e-06,-3.9184,121.73,-18.34,46.226,-0.0030535,-1000000.0,-795.74,-16.827,0.0,31.771,5.5634,18.964,0.62342,0.0,-1602.81,0.0728,20.0
690,2024-11-21,0.0,0.04064,-10.3,0.7,-5.24479166666667,0.04064,0.0,9.984e-32,0.0,-3.1292e-06,-3.8778,121.73,-18.34,46.226,-0.0030566,-1000000.0,-795.74,-16.829,0.0,31.771,5.5634,18.964,0.62342,0.0,-1602.81,0.0728,20.0
691,2024-11-22,0.0,0.0127,-11.55,-6.6,-8.44895833333333,0.0127,0.0,9.984e-32,0.0,-3.1292e-06,-3.8651,121.73,-18.34,46.226,-0.0030598,-1000000.0,-795.74,-16.831,0.0,31.771,5.5634,18.964,0.62342,0.0,-1602.81,0.0728,20.0
692,2024-11-23,0.0,0.02032,-12.325,-5.45,-8.29583333333333,0.02032,0.0,9.984e-32,0.0,-3.1292e-06,-3.8447,121.73,-18.34,46.226,-0.0030629,-1000000.0,-795.74,-16.833,0.0,31.771,5.5634,18.964,0.62342,0.0,-1602.81,0.0728,20.0
693,2024-11-24,0.0,0.01778,-17.625,-8.025,-11.8416666666667,0.01778,0.0,9.984e-32,0.0,-3.1292e-06,-3.827,121.73,-18.34,46.226,-0.003066,-1000000.0,-795.74,-16.835,0.0,31.771,5.5634,18.964,0.62342,0.0,-1602.81,0.0728,20.0
694,2024-11-25,0.0,0.01778,-16.125,-6.975,-12.503125,0.01778,0.0,9.984e-32,0.0,-3.0994e-06,-3.8092,121.73,-18.34,46.226,-0.0030691,-1000000.0,-795.74,-16.837,0.0,31.771,5.5634,18.964,0.62342,0.0,-1602.81,0.0728,20.0
695,2024-11-26,0.2805,0.0762,-15.125,6.225,-2.65625,0.0762,0.0,9.984e-32,0.0,-3.0994e-06,-3.733,121.73,-18.34,46.226,-0.0030722,-1000000.0,-795.74,-16.838,0.0,31.771,5.5634,18.964,0.62342,0.0,-1602.81,0.0728,20.0
696,2024-11-27,0.0,0.02286,-13.4,-3.525,-6.928125,0.02286,0.0,9.984e-32,0.0,-3.0994e-06,-3.7101,121.73,-18.34,46.226,-0.0030753,-1000000.0,-795.74,-16.84,0.0,31.771,5.5634,18.964,0.62342,0.0,-1602.81,0.0728,20.0
697,2024-11-28,0.0119,0.04064,-13.2,3.8,-6.37708333333333,0.04064,0.0,9.984e-32,0.0,-3.0994e-06,-3.6695,121.73,-18.34,46.226,-0.0030784,-1000000.0,-795.74,-16.842,0.0,31.771,5.5634,18.964,0.62342,0.0,-1602.81,0.0728,20.0
698,2024-11-29,0.0,0.01778,-15.55,-7.675,-11.6479166666667,0.01778,0.0,9.984e-32,0.0,-3.0994e-06,-3.6517,121.73,-18.34,46.226,-0.0030815,-1000000.0,-795.74,-16.844,0.0,31.771,5.5634,18.964,0.62342,0.0,-1602.81,0.0728,20.0
699,2024-11-30,0.0,0.11938,-14.65,4.725,0.494791666666667,0.11938,0.0,9.984e-32,0.0,-3.0994e-06,-3.5323,121.73,-18.34,46.226,-0.0030846,-1000000.0,-795.74,-16.846,0.0,31.771,5.5634,18.964,0.62342,0.0,-1602.81,0.0728,20.0
700,2024-12-01,0.0,0.03302,-18.475,0.575,-11.190625,0.03302,0.0,9.984e-32,0.0,-3.0994e-06,-3.4993,121.73,-18.34,46.226,-0.0030877,-1000000.0,-795.74,-16.848,0.0,31.771,5.5634,18.964,0.62342,0.0,-1602.81,0.0728,20.0
701,2024-12-02,0.0,0.08128,-17.525,9.175,-4.25416666666667,0.08128,0.0,9.984e-32,0.0,-3.0994e-06,-3.418,121.73,-18.34,46.226,-0.0030908,-1000000.0,-795.74,-16.85,0.0,31.771,5.5634,18.964,0.62342,0.0,-1602.81,0.0728,20.0
702,2024-12-03,0.0,0.15748,-4.2,12.9,3.23958333333333,0.15748,0.0,9.984e-32,0.0,-3.0994e-06,-3.2605,121.73,-18.34,46.226,-0.0030939,-1000000.0,-795.74,-16.851,0.0,31.771,5.5634,18.964,0.62342,0.0,-1602.81,0.0728,20.0
703,2024-12-04,0.0,0.04826,-7.125,9.45,0.595833333333333,0.04826,0.0,9.984e-32,0.0,-3.0696e-06,-3.2123,121.73,-18.34,46.226,-0.003097,-1000000.0,-795.74,-16.853,0.0,31.771,5.5634,18.964,0.62342,0.0,-1602.81,0.0728,20.0
704,2024-12-05,0.0,0.18034,-7.7,13.975,4.06354166666667,0.18034,0.0,9.984e-32,0.0,-3.0696e-06,-3.0319,121.73,-18.34,46.226,-0.0031001,-1000000.0,-795.74,-16.855,0.0,31.771,5.5634,18.964,0.62342,0.0,-1602.81,0.0728,20.0
705,2024-12-06,0.0,0.28956,4.025,13.8,8.015625,0.28956,0.0,9.984e-32,0.0,-3.0696e-06,-2.7424,121.73,-18.34,46.226,-0.0031031,-1000000.0,-795.74,-16.857,0.0,31.771,5.5634,18.964,0.62342,0.0,-1602.81,0.0728,20.0
706,2024-12-07,0.0,0.36576,7.625,14.2,10.95,0.36576,0.0,9.984e-32,0.0,-3.0696e-06,-2.3766,121.73,-18.34,46.226,-0.0031062,-1000000.0,-795.74,-16.859,0.0,31.771,5.5634,18.964,0.62342,0.0,-1602.81,0.0728,20.0
707,2024-12-08,0.0,0.12954,-2.8,7.3,2.18020833333333,0.12954,0.0,9.984e-32,0.0,-3.0696e-06,-2.2471,121.73,-18.34,46.226,-0.0031093,-1000000.0,-795.74,-16.861,0.0,31.771,5.5634,18.964,0.62342,0.0,-1602.81,0.0728,20.0
708,2024-12-09,0.0,0.05842,-6.425,4.475,-1.75104166666667,0.05842,0.0,9.984e-32,0.0,-3.0696e-06,-2.1887,121.73,-18.34,46.226,-0.0031123,-1000000.0,-795.74,-16.862,0.0,31.771,5.5634,18.964,0.62342,0.0,-1602.81,0.0728,20.0
709,2024-12-10,0.0,0.06858,-6.675,2.775,-1.2125,0.06858,0.0,9.984e-32,0.0,-3.0696e-06,-2.1201,121.73,-18.34,46.226,-0.0031154,-1000000.0,-795.74,-16.864,0.0,31.771,5.5634,18.964,0.62342,0.0,-1602.81,0.0728,20.0
710,2024-12-11,0.0,0.10668,-0.55,8.075,3.07916666666667,0.10668,0.0,9.984e-32,0.0,-3.0696e-06,-2.0134,121.73,-18.34,46.226,-0.0031185,-1000000.0,-795.74,-16.866,0.0,31.771,5.5634,18.964,0.62342,0.0,-1602.81,0.0728,20.0
711,2024-12-12,0.0,0.05588,-8.525,7.4,-1.64479166666667,0.05588,0.0,9.984e-32,0.0,-3.0696e-06,-1.9575,121.73,-18.34,46.226,-0.0031215,-1000000.0,-795.74,-16.868,0.0,31.771,5.5634,18.964,0.62342,0.0,-1602.81,0.0728,20.0
712,2024-12-13,0.0,0.13462,-5.975,8.875,1.35416666666667,0.13462,0.0,9.984e-32,0.0,-3.0696e-06,-1.8229,121.73,-18.34,46.226,-0.0031246,-1000000.0,-795.74,-16.87,0.0,31.771,5.5634,18.964,0.62342,0.0,-1602.81,0.0728,20.0
713,2024-12-14,0.0,0.18542,-2.075,10.15,4.35833333333333,0.18542,0.0,9.984e-32,0.0,-3.0398e-06,-1.6375,121.73,-18.34,46.226,-0.0031276,-1000000.0,-795.74,-16.872,0.0,31.771,5.5634,18.964,0.62342,0.0,-1602.81,0.0728,20.0
714,2024-12-15,0.0,0.10922,-2.55,4.65,1.23958333333333,0.10922,0.0,9.984e-32,0.0,-3.0398e-06,-1.5283,121.73,-18.34,46.226,-0.0031307,-1000000.0,-795.74,-16.873,0.0,31.771,5.5634,18.964,0.62342,0.0,-1602.81,0.0728,20.0
715,2024-12-16,0.0,0.05842,-7.225,-0.025,-3.25416666666667,0.05842,0.0,9.984e-32,0.0,-3.0398e-06,-1.4698,121.73,-18.34,46.226,-0.0031337,-1000000.0,-795.74,-16.875,0.0,31.771,5.5633,18.964,0.62342,0.0,-1602.81,0.0728,20.0
716,2024-12-17,0.0,0.02032,-9.3,-4.675,-6.98541666666667,0.02032,0.0,9.984e-32,0.0,-3.0398e-06,-1.4495,121.73,-18.34,46.226,-0.0031368,-1000000.0,-795.74,-16.877,0.0,31.771,5.5633,18.964,0.62342,0.0,-1602.81,0.0728,20.0
717,2024-12-18,0.0,0.17272,-11.025,10.75,1.13854166666667,0.17272,0.0,9.984e-32,0.0,-3.0398e-06,-1.2768,121.73,-18.34,46.226,-0.0031398,-1000000.0,-795.74,-16.879,0.0,31.771,5.5633,18.964,0.62342,0.0,-1602.81,0.0728,20.0
718,2024-12-19,0.0,0.12192,-12.825,9.125,-1.403125,0.12192,0.0,9.984e-32,0.0,-3.0398e-06,-1.1549,121.73,-18.34,46.226,-0.0031428,-1000000.0,-795.74,-16.881,0.0,31.771,5.5633,18.964,0.62342,0.0,-1602.81,0.0728,20.0
719,2024-12-20,0.0,0.21844,3.675,16.325,8.503125,0.21844,0.0,9.984e-32,0.0,-3.0398e-06,-0.93645,121.73,-18.34,46.226,-0.0031459,-1000000.0,-795.74,-16.883,0.0,31.771,5.5633,18.964,0.62342,0.0,-1602.81,0.0728,20.0
720,2024-12-21,0.0,0.25146,6.375,11.775,8.81875,0.25146,0.0,9.984e-32,0.0,-3.0398e-06,-0.68499,121.73,-18.34,46.226,-0.0031489,-1000000.0,-795.74,-16.884,0.0,31.771,5.5633,18.964,0.62342,0.0,-1602.81,0.0728,20.0
721,2024-12-22,0.0,0.17272,0.075,9.475,4.3375,0.17272,0.0,9.984e-32,0.0,-3.0398e-06,-0.51227,121.73,-18.34,46.226,-0.003152,-1000000.0,-795.74,-16.886,0.0,31.771,5.5633,18.964,0.62342,0.0,-1602.81,0.0728,20.0
722,2024-12-23,0.0,0.19812,0.425,10.325,4.85520833333333,0.19812,0.0,9.984e-32,0.0,-3.0398e-06,-0.31415,121.73,-18.34,46.226,-0.003155,-1000000.0,-795.74,-16.888,0.0,31.771,5.5633,18.964,0.62342,0.0,-1602.81,0.0728,20.0
723,2024-12-24,0.0,0.18796,-2.8,10.975,4.34375,0.18796,0.0,9.984e-32,0.0,-3.01e-06,-0.12619,121.73,-18.34,46.226,-0.003158,-1000000.0,-795.74,-16.89,0.0,31.771,5.5633,18.964,0.62342,0.0,-1602.81,0.0728,20.0
724,2024-12-25,0.0,0.2032,-0.1,7.125,3.17916666666667,0.2032,0.0,9.984e-32,0.0,-3.01e-06,0.077013,121.73,-18.34,46.226,-0.003161,-1000000.0,-795.74,-16.892,0.0,31.771,5.5633,18.964,0.62342,0.0,-1602.81,0.0728,20.0
725,2024-12-26,0.0,0.21844,1.55,6.75,3.684375,0.21844,0.0,9.984e-32,0.0,-3.01e-06,0.29545,121.73,-18.34,46.226,-0.003164,-1000000.0,-795.74,-16.893,0.0,31.771,5.5633,18.964,0.62342,0.0,-1602.81,0.0728,20.0
726,2024-12-27,0.0,0.17526,-1.475,6.175,2.21770833333333,0.17526,0.0,9.984e-32,0.0,-3.01e-06,0.47071,121.73,-18.34,46.226,-0.003167,-1000000.0,-795.74,-16.895,0.0,31.771,5.5633,18.964,0.62342,0.0,-1602.81,0.0728,20.0
727,2024-12-28,0.0,0.20574,1.4,9.45,4.14791666666667,0.20574,0.0,9.984e-32,0.0,-3.01e-06,0.67645,121.73,-18.34,46.226,-0.0031701,-1000000.0,-795.74,-16.897,0.0,31.771,5.5633,18.964,0.62342,0.0,-1602.81,0.0728,20.0
728,2024-12-29,0.1003,0.07874,-4.1,4.5,1.5125,0.07874,0.0,9.984e-32,0.0,-3.01e-06,0.75519,121.73,-18.34,46.226,-0.0031731,-1000000.0,-795.74,-16.899,0.0,31.771,5.5633,18.964,0.62342,0.0,-1602.81,0.0728,20.0
729,2024-12-30,0.0,0.01524,-7.6,-1.525,-4.54270833333333,0.01524,0.0,9.984e-32,0.0,-3.01e-06,0.77043,121.73,-18.34,46.226,-0.0031761,-1000000.0,-795.74,-16.901,0.0,31.771,5.5633,18.964,0.62342,0.0,-1602.81,0.0728,20.0
730,2024-12-31,0.0,0.0,-9.275,-2.3,-6.24583333333333,0.0,0.0,9.984e-32,0.0,-3.01e-06,0.77043,121.73,-18.34,46.226,-0.0031791,-1000000.0,-795.74,-16.902,0.0,31.771,5.5633,18.964,0.62342,0.0,-1602.81,0.0728,20.0
731,2025-01-01,0.0,0.0127,-13.4,-7.125,-10.69375,0.0127,0.0,9.984e-32,0.0,-3.01e-06,0.78313,121.73,-18.34,46.226,-0.0031821,-1000000.0,-795.74,-16.904,0.0,31.771,5.5633,18.964,0.62342,0.0,-1602.81,0.0728,20.0
732,2025-01-02,0.0,0.0127,-13.5,-9.725,-12.5635416666667,0.0127,0.0,9.984e-32,0.0,-3.01e-06,0.79583,121.73,-18.34,46.226,-0.0031851,-1000000.0,-795.74,-16.906,0.0,31.771,5.5633,18.964,0.62342,0.0,-1602.81,0.0728,20.0
733,2025-01-03,0.0,0.0127,-15.0,-11.325,-12.9666666666667,0.0127,0.0,9.984e-32,0.0,-2.9802e-06,0.80853,121.73,-18.34,46.226,-0.0031881,-1000000.0,-795.74,-16.908,0.0,31.771,5.5633,18.964,0.62342,0.0,-1602.81,0.0728,20.0
734,2025-01-04,0.0,0.01016,-21.325,-11.175,-14.390625,0.01016,0.0,9.984e-32,0.0,-2.9802e-06,0.81869,121.73,-18.34,46.226,-0.0031911,-1000000.0,-795.74,-16.91,0.0,31.771,5.5633,18.964,0.62342,0.0,-1602.81,0.0728,20.0
735,2025-01-05,0.0,0.00508,-22.6,-9.125,-14.8458333333333,0.00508,0.0,9.984e-32,0.0,-2.9802e-06,0.82377,121.73,-18.34,46.226,-0.0031941,-1000000.0,-795.74,-16.911,0.0,31.771,5.5633,18.964,0.62342,0.0,-1602.81,0.0728,20.0
736,2025-01-06,0.0,0.01524,-11.125,-4.6,-8.06354166666667,0.01524,0.0,9.984e-32,0.0,-2.9802e-06,0.83901,121.73,-18.34,46.226,-0.003197,-1000000.0,-795.74,-16.913,0.0,31.771,5.5633,18.964,0.62342,0.0,-1602.81,0.0728,20.0
737,2025-01-07,0.0,0.07112,-11.65,-0.85,-4.471875,0.07112,0.0,9.984e-32,0.0,-2.9802e-06,0.91013,121.73,-18.34,46.226,-0.0032,-1000000.0,-795.74,-16.915,0.0,31.771,5.5633,18.964,0.62342,0.0,-1602.81,0.0728,20.0
738,2025-01-08,0.0374,0.10668,-0.35,3.4,1.278125,0.10668,0.0,9.984e-32,0.0,-2.9802e-06,1.0168,121.73,-18.34,46.226,-0.003203,-1000000.0,-795.74,-16.917,0.0,31.771,5.5633,18.964,0.62342,0.0,-1602.81,0.0728,20.0
739,2025-01-09,0.0,0.06604,-3.7,1.125,-1.515625,0.06604,0.0,9.984e-32,0.0,-2.9802e-06,1.0829,121.73,-18.34,46.226,-0.003206,-1000000.0,-795.74,-16.919,0.0,31.771,5.5633,18.964,0.62342,0.0,-1602.81,0.0728,20.0
740,2025-01-10,0.0,0.1905,-1.075,6.375,2.36354166666667,0.1905,0.0,9.984e-32,0.0,-2.9802e-06,1.2734,121.73,-18.34,46.226,-0.003209,-1000000.0,-795.74,-16.92,0.0,31.771,5.5633,18.964,0.62342,0.0,-1602.81,0.0728,20.0
741,2025-01-11,0.0085,0.04572,-1.725,2.475,-0.375,0.04572,0.0,9.984e-32,0.0,-2.9802e-06,1.3191,121.73,-18.34,46.226,-0.0032119,-1000000.0,-795.74,-16.922,0.0,31.771,5.5633,18.964,0.62342,0.0,-1602.81,0.0728,20.0
742,2025-01-12,0.1139,0.02286,-6.675,0.3,-2.18229166666667,0.02286,0.0,9.984e-32,0.0,-2.9802e-06,1.3419,121.73,-18.34,46.226,-0.0032149,-1000000.0,-795.74,-16.924,0.0,31.771,5.5633,18.964,0.62342,0.0,-1602.81,0.0728,20.0
743,2025-01-13,0.0,0.05588,-5.925,0.575,-2.31666666666667,0.05588,0.0,9.984e-32,0.0,-2.9802e-06,1.3978,121.73,-18.34,46.226,-0.0032179,-1000000.0,-795.74,-16.926,0.0,31.771,5.5633,18.964,0.62342,0.0,-1602.81,0.0728,20.0
744,2025-01-14,0.0,0.10668,-4.7,2.175,-0.8375,0.10668,0.0,9.984e-32,0.0,-2.9504e-06,1.5045,121.73,-18.34,46.226,-0.0032209,-1000000.0,-795.74,-16.927,0.0,31.771,5.5633,18.964,0.62342,0.0,-1602.81,0.0728,20.0
745,2025-01-15,0.0,0.127,1.125,5.75,3.30729166666667,0.127,0.0,9.984e-32,0.0,-2.9504e-06,1.6315,121.73,-18.34,46.226,-0.0032238,-1000000.0,-795.74,-16.929,0.0,31.771,5.5633,18.964,0.62342,0.0,-1602.81,0.0728,20.0
746,2025-01-16,0.0,0.20574,-0.475,9.85,5.20208333333333,0.20574,0.0,9.984e-32,0.0,-2.9504e-06,1.8372,121.73,-18.34,46.226,-0.0032268,-1000000.0,-795.74,-16.931,0.0,31.771,5.5633,18.964,0.62342,0.0,-1602.81,0.0728,20.0
747,2025-01-17,0.0102,0.04064,-13.675,-1.05,-8.821875,0.04064,0.0,9.984e-32,0.0,-2.9504e-06,1.8779,121.73,-18.34,46.226,-0.0032297,-1000000.0,-795.74,-16.933,0.0,31.771,5.5633,18.964,0.62342,0.0,-1602.81,0.0728,20.0
748,2025-01-18,0.0,0.02032,-23.275,-11.45,-15.8322916666667,0.02032,0.0,9.984e-32,0.0,-2.9504e-06,1.8982,121.73,-18.34,46.226,-0.0032327,-1000000.0,-795.74,-16.934,0.0,31.771,5.5632,18.964,0.62342,0.0,-1602.81,0.0728,20.0
749,2025-01-19,0.0,0.01778,-25.5,-12.125,-19.7854166666667,0.01778,0.0,9.984e-32,0.0,-2.9504e-06,1.916,121.73,-18.34,46.226,-0.0032356,-1000000.0,-795.74,-16.936,0.0,31.771,5.5632,18.964,0.62342,0.0,-1602.81,0.0728,20.0
750,2025-01-20,0.0,0.05588,-25.125,-7.125,-15.5979166666667,0.05588,0.0,9.984e-32,0.0,-2.9504e-06,1.9719,121.73,-18.34,46.226,-0.0032386,-1000000.0,-795.74,-16.938,0.0,31.771,5.5632,18.964,0.62342,0.0,-1602.81,0.0728,20.0
751,2025-01-21,0.0,0.14986,-6.725,0.8,-3.21979166666667,0.14986,0.0,9.984e-32,0.0,-2.9504e-06,2.1217,121.73,-18.34,46.226,-0.0032415,-1000000.0,-795.74,-16.94,0.0,31.771,5.5632,18.964,0.62342,0.0,-1602.81,0.0728,20.0
752,2025-01-22,0.0,0.04572,-12.475,-1.4,-5.309375,0.04572,0.0,9.984e-32,0.0,-2.9504e-06,2.1674,121.73,-18.34,46.226,-0.0032445,-1000000.0,-795.74,-16.942,0.0,31.771,5.5632,18.964,0.62342,0.0,-1602.81,0.0728,20.0
753,2025-01-23,0.0,0.15494,-9.2,1.875,-2.871875,0.15494,0.0,9.984e-32,0.0,-2.9504e-06,2.3224,121.73,-18.34,46.226,-0.0032474,-1000000.0,-795.74,-16.943,0.0,31.771,5.5632,18.964,0.62342,0.0,-1602.81,0.0728,20.0
754,2025-01-24,0.0663,0.02794,-8.5,-0.275,-4.25208333333333,0.02794,0.0,9.984e-32,0.0,-2.9504e-06,2.3503,121.73,-18.34,46.226,-0.0032504,-1000000.0,-795.74,-16.945,0.0,31.771,5.5632,18.964,0.62342,0.0,-1602.81,0.0728,20.0
755,2025-01-25,0.0,0.03302,-14.9,-4.35,-9.99583333333333,0.03302,0.0,9.984e-32,0.0,-2.9504e-06,2.3833,121.73,-18.34,46.226,-0.0032533,-1000000.0,-795.74,-16.947,0.0,31.771,5.5632,18.964,0.62342,0.0,-1602.81,0.0728,20.0
