,thetar,thetas,alpha,n,ksat,l,thetar_macro,thetas_macro,alpha_macro,n_macro,ksat_macro,l_macro,w,beta,gamma,a,ka,nse
0,0.0792,0.4418,0.0158,1.4145,8.18,0.5,0.037863968422827854,0.7697892186748625,0.05830591357544124,5.500410791896641,514.5913998902777,0.5,0.17158313163905273,8.324994737116995,0.4,4.680152124497086,3.696126759296753,-1099.3228090266678
1,0.0792,0.4418,0.0158,1.4145,8.18,0.5,0.06629917331355362,0.7478586701893699,0.24014254847157437,2.2038816113250976,425.72246646854023,0.5,0.01129425351579156,11.838456131734958,0.4,6.904905435633167,2.8357536680525364,-1099.3228090266678
2,0.0792,0.4418,0.0158,1.4145,8.18,0.5,0.09903778489650372,0.6984317659368262,0.7634337094680387,3.0506337339133927,925.775089743862,0.5,0.19596076027143627,4.807094561425333,0.4,9.684763303043562,3.2469676371916183,-1099.3228090266678
3,0.0792,0.4418,0.0158,1.4145,8.18,0.5,0.057483341695799856,0.23998351779467436,0.07387565269388478,5.993550426289106,416.47104172317734,0.5,0.24918983351135512,17.536971641650815,0.4,0.4375526058800095,4.5173451954243395,-1099.3228090266678
4,0.0792,0.4418,0.0158,1.4145,8.18,0.5,0.06278382134783181,0.5452625425406203,0.38902596596867656,3.8337887779182793,144.89096783753016,0.5,0.2245548963047619,4.230812776173654,0.4,7.62535194879705,9.667503178648447,-1099.3228090266678
5,0.0792,0.4418,0.0158,1.4145,8.18,0.5,0.04341999631475757,0.21951774826317144,0.7048239125144956,6.717841555980886,738.470542166224,0.5,0.2324250200463514,9.852348054464965,0.4,3.528964097572945,6.530340354224905,-1099.3228090266678
6,0.0792,0.4418,0.0158,1.4145,8.18,0.5,0.02056391903775275,0.24921693270790685,0.3257919351468508,4.889003145780401,662.9894343004377,0.5,0.05082029387740904,13.06455684947182,0.4,4.577705003070801,1.871551404877396,-1099.3228090266678
7,0.0792,0.4418,0.0158,1.4145,8.18,0.5,0.07714514075392664,0.23281403776253948,0.7285402384104245,2.1736262021787054,281.38069096616056,0.5,0.043244497666382456,2.7701369644626146,0.4,6.990058265840749,1.1511426309953758,-1099.3228090266678
8,0.0792,0.4418,0.0158,1.4145,8.18,0.5,0.0668927977849855,0.4005400518661873,0.7747322473429206,5.842941123731703,683.6378164602256,0.5,0.22552612120026974,15.557932905136555,0.4,5.572973466670914,1.4775056440732741,-1099.3228090266678
9,0.0792,0.4418,0.0158,1.4145,8.18,0.5,0.029254061815750673,0.6770702620920082,0.5927620887605622,2.3386246404582938,913.1949000151358,0.5,0.09932216642981448,1.8072480491094423,0.4,9.869123091489367,7.688521139900571,-1099.3228090266678
10,0.0792,0.4418,0.0158,1.4145,8.18,0.5,0.02186582440288963,0.6165185485358962,0.5329685829884611,6.8463591870225455,952.8857838303022,0.5,0.11537161887684098,13.289091794997832,0.4,8.174475655558615,1.1813065359020274,-1099.3228090266678
11,0.0792,0.4418,0.0158,1.4145,8.18,0.5,0.09043499025314268,0.643764870300388,0.6226796758438187,6.987284294520964,273.7269280515967,0.5,0.1972331177620213,2.0367176094820074,0.4,0.43607315160376886,0.971819091340823,-1099.3228090266678
12,0.0792,0.4418,0.0158,1.4145,8.18,0.5,0.09821012679360779,0.7972475937481773,0.5792397232920958,5.560678465934059,761.8659845775015,0.5,0.025717434932617324,6.376074737409162,0.4,1.7147810960098353,3.1339308646404147,-1099.3228090266678
13,0.0792,0.4418,0.0158,1.4145,8.18,0.5,0.05678611682417754,0.5083944513360176,0.6015328852393614,1.234137699756256,650.6358604047172,0.5,0.10041116520312271,6.926937860661477,0.4,0.973244053529385,1.8403340874062708,-1099.3228090266678
14,0.0792,0.4418,0.0158,1.4145,8.18,0.5,0.029683863141019895,0.39150155271132175,0.5986210360647106,3.4735197634544805,220.58483191094328,0.5,0.0363703683482813,14.305311323121552,0.4,8.997257205632446,1.707544997372231,-1099.3228090266678
15,0.0792,0.4418,0.0158,1.4145,8.18,0.5,0.09682465969900951,0.45021554313327744,0.4316235285088672,4.304341823198276,351.3276477036884,0.5,0.14772136394437727,12.24238130342647,0.4,4.568023774795472,9.066699168651208,-1099.3228090266678
16,0.0792,0.4418,0.0158,1.4145,8.18,0.5,0.04093901682133499,0.47073373447273753,0.665580979144538,6.350998567597398,355.1647690423767,0.5,0.04855522484703288,4.8939534924964505,0.4,3.8144469814962902,7.495619054107386,-1099.3228090266678
17,0.0792,0.4418,0.0158,1.4145,8.18,0.5,0.05037065818342301,0.7302273633726182,0.3011299702571917,1.0924627522104102,326.50317084042297,0.5,0.21737412199291792,17.84201335794308,0.4,3.778223998193074,8.549236438622968,-1099.3228090266678
18,0.0792,0.4418,0.0158,1.4145,8.18,0.5,0.0016638361826248854,0.48331107847068155,0.19347684003593407,4.209285176992405,463.84603407816695,0.5,0.06307490415559348,16.623289471309842,0.4,9.672249431536235,8.272193022243467,-1099.3228090266678
19,0.0792,0.4418,0.0158,1.4145,8.18,0.5,0.00788677144095477,0.22053097438640498,0.2478091762975,4.6652751396183545,422.76625981384126,0.5,0.18317607722055754,14.4628577942855,0.4,2.8537192592180345,5.540577796924181,-1099.3228090266678
20,0.0792,0.4418,0.0158,1.4145,8.18,0.5,0.0746187076796294,0.7595148123328668,0.3057047871212438,6.414556217128309,750.878898954009,0.5,0.013133280348918867,1.0629436991007275,0.4,7.376456278153382,4.868824693507372,-1099.3228090266678
21,0.0792,0.4418,0.0158,1.4145,8.18,0.5,0.06390899777625397,0.4135425412993694,0.3927677311738616,4.735366518170955,570.8284864451265,0.5,0.11956029073359706,18.744630230164756,0.4,3.3809818306704744,0.3796427870256505,-1099.3228090266678
22,0.0792,0.4418,0.0158,1.4145,8.18,0.5,0.08628040263995873,0.5859820402815936,0.06943050178355475,2.5285914862239287,582.0847285428498,0.5,0.013567696226053767,9.377652461613929,0.4,6.966841750819607,0.28840592096426093,-1099.3228090266678
23,0.0792,0.4418,0.0158,1.4145,8.18,0.5,0.029009732203791154,0.3788258267127629,0.33998758893278846,5.834120447154265,468.5552821232979,0.5,0.15080099459972773,8.483980961104848,0.4,9.114465994517975,3.6546756690081947,-1099.3228090266678
24,0.0792,0.4418,0.0158,1.4145,8.18,0.5,0.06585708682879617,0.32686689290613213,0.7762317014886914,4.3507183303156625,93.5408887850661,0.5,0.13102415400670034,3.1051862623347697,0.4,4.804458760270175,8.767403685135333,-1099.3228090266678
25,0.0792,0.4418,0.0158,1.4145,8.18,0.5,0.07962432003635479,0.32183166555017173,0.467334955403275,1.3228047386610826,240.9986749612959,0.5,0.15732508130112138,11.503409803897735,0.4,4.63868228999321,0.14776188425727954,-0.4493704889640038
26,0.0792,0.4418,0.0158,1.4145,8.18,0.5,0.07769885558351691,0.23002499646019467,0.0018596400544010497,5.010355976934376,387.03444096351365,0.5,0.21694113513948043,17.07944150514745,0.4,3.5783129772474926,5.000097046512587,-1099.3228090266678
27,0.0792,0.4418,0.0158,1.4145,8.18,0.5,0.04942863157547891,0.4067731669929501,0.3517902097120053,4.494002179776418,66.34551624357618,0.5,0.021463883129845308,14.729290452008858,0.4,4.405014894230006,7.301001960330821,-1099.3228090266678
28,0.0792,0.4418,0.0158,1.4145,8.18,0.5,0.016698868680695957,0.6868724913048732,0.7502739927031923,6.742045081565335,430.61015721694474,0.5,0.2485551316024549,19.428477589728356,0.4,3.1531811748563614,7.881623533074245,-1099.3228090266678
29,0.0792,0.4418,0.0158,1.4145,8.18,0.5,0.09635588507989779,0.5443191093877688,0.6463161725387878,4.8727874873077575,261.4652637101331,0.5,0.13131192921868912,10.74046793208199,0.4,3.0963255697021848,2.8727406502647956,-1099.3228090266678
30,0.0792,0.4418,0.0158,1.4145,8.18,0.5,0.030778031801005242,0.516195221288627,0.27472506753878745,3.5063353887673134,986.1842557744303,0.5,0.10305603603459373,9.32521745294246,0.4,9.605380224260706,1.2894929567578908,-1099.3228090266678
31,0.0792,0.4418,0.0158,1.4145,8.18,0.5,0.07561603678228712,0.4459625253688526,0.29763479355584216,1.1972198509549368,968.5126753882541,0.5,0.15923627137917892,4.589361993089332,0.4,1.6462750028269462,5.569832359093296,-1099.3228090266678
32,0.0792,0.4418,0.0158,1.4145,8.18,0.5,0.016506061821810046,0.7685073593997325,0.17827569684929062,2.4723410097701723,625.7590766379642,0.5,0.003035175909331703,4.995622280073411,0.4,2.71305973581488,9.709070161400039,-1099.3228090266678
33,0.0792,0.4418,0.0158,1.4145,8.18,0.5,0.051997960079138004,0.45469950623506833,0.6095206233733875,6.879562558243934,428.9993608834124,0.5,0.23998716288159613,3.207454158256033,0.4,9.190465059588426,7.930859002623772,-1099.3228090266678
34,0.0792,0.4418,0.0158,1.4145,8.18,0.5,0.010169280994624124,0.5525843151114831,0.7324955323669184,2.3753584530071876,148.4974542625242,0.5,0.013793745875940849,14.114978553068477,0.4,6.266282116755898,5.359880479722347,-1099.3228090266678
35,0.0792,0.4418,0.0158,1.4145,8.18,0.5,0.07890834985275873,0.6637223587947133,0.7812353765707337,1.91031602318459,73.28692095645502,0.5,0.23335598826214432,11.547613225895871,0.4,7.140281907057719,3.9932031421308114,-1099.3228090266678
36,0.0792,0.4418,0.0158,1.4145,8.18,0.5,0.053510464347421155,0.5825692331553067,0.36486312979752283,3.6246678571716062,184.74576878539094,0.5,0.1903680762578045,9.752928559177851,0.4,4.2002599865699795,7.624133151607977,-1099.3228090266678
37,0.0792,0.4418,0.0158,1.4145,8.18,0.5,0.03811510657794781,0.5853108752688552,0.5524499370465534,6.051459879139373,414.93473551821,0.5,0.2297509544171294,7.249906994117083,0.4,4.713468183289362,6.59625823011106,-1099.3228090266678
38,0.0792,0.4418,0.0158,1.4145,8.18,0.5,0.09019140546378042,0.30309761079864717,0.5336618011050315,3.282048797406058,558.115230895451,0.5,0.11459865818889925,15.969379086658549,0.4,5.863355233423034,8.00285179698646,-1099.3228090266678
39,0.0792,0.4418,0.0158,1.4145,8.18,0.5,0.08111845090610366,0.2844385124017508,0.13712318723788627,3.073351007100695,686.2712442388712,0.5,0.24159284750139418,13.126609578773477,0.4,4.618889589128176,3.483765683288027,-1099.3228090266678
40,0.0792,0.4418,0.0158,1.4145,8.18,0.5,0.0221954350952,0.4740370600335542,0.11563564720523936,1.2617941842387372,592.2154000275323,0.5,0.24674054525804623,12.392723504383895,0.4,5.734651004218498,1.0856197441057427,-0.5157117916710541
41,0.0792,0.4418,0.0158,1.4145,8.18,0.5,0.05791955733884801,0.31158451261259656,0.643194570935305,5.883223947184618,98.35114130960007,0.5,0.01537633827299335,15.907102718528519,0.4,9.855814224184481,5.240603844148222,-1099.3228090266678
42,0.0792,0.4418,0.0158,1.4145,8.18,0.5,0.043724777557005656,0.6257195858983053,0.5467617590263673,3.0206400221563454,705.5432204305264,0.5,0.13555711048557265,5.609331497329736,0.4,3.2093762884524635,2.5107254363339973,-1099.3228090266678
43,0.0792,0.4418,0.0158,1.4145,8.18,0.5,0.04759836614685228,0.4381835572304912,0.45839823226531873,2.0030765754498425,481.67516479628154,0.5,0.18106776302130945,10.859655828693004,0.4,0.1542863137437051,0.07101643888052074,-1099.3228090266678
44,0.0792,0.4418,0.0158,1.4145,8.18,0.5,0.04890132241165773,0.7979155838546852,0.5715306572479413,4.111738425376656,124.24152176125757,0.5,0.027715265555662377,14.040124220140054,0.4,0.8395559965374924,6.827352896457054,-1099.3228090266678
45,0.0792,0.4418,0.0158,1.4145,8.18,0.5,0.07292636220137778,0.34706372966360527,0.5605039520402796,5.42617236780542,356.9179383651367,0.5,0.09957685646540623,15.438139251140448,0.4,8.912963180744036,1.6100902870158096,-1099.3228090266678
46,0.0792,0.4418,0.0158,1.4145,8.18,0.5,0.04809634620914601,0.22298286320252791,0.3306078287457485,5.980680884183208,669.2104114960471,0.5,0.06945643762047085,15.007485626859108,0.4,1.52840128638427,0.8441638686487091,-1099.3228090266678
47,0.0792,0.4418,0.0158,1.4145,8.18,0.5,0.07271843389858412,0.3086108740295494,0.08923099649668488,6.327437141908865,495.9446905495107,0.5,0.04237763892032537,19.804756673212943,0.4,1.0324315428302229,8.390346180873053,-1099.3228090266678
48,0.0792,0.4418,0.0158,1.4145,8.18,0.5,0.027560799309900515,0.7289842891663194,0.5665529339644209,6.669198121620767,870.2978927883757,0.5,0.01748208498251745,5.668114077362206,0.4,2.912266545383757,9.368260443353243,-1099.3228090266678
49,0.0792,0.4418,0.0158,1.4145,8.18,0.5,0.09310584491909622,0.7724172810801646,0.4990727549652475,2.7483000285283232,541.5426141317213,0.5,0.08038519072111341,17.22736761349701,0.4,2.1078095436025532,4.929418807905354,-1099.3228090266678
50,0.0792,0.4418,0.0158,1.4145,8.18,0.5,0.022026619658717394,0.4042426366580151,0.3507950239319071,2.284090271248179,635.1194793549095,0.5,0.2367394529817567,2.8566556885406076,0.4,9.295806830930598,4.856394853785901,-1099.3228090266678
51,0.0792,0.4418,0.0158,1.4145,8.18,0.5,0.0937885917854585,0.5040590866518814,0.23829369528946817,5.083347242120645,106.0116699056943,0.5,0.0033541377566092814,8.497085507712853,0.4,2.4479272205696585,0.4646863799638678,-1099.3228090266678
52,0.0792,0.4418,0.0158,1.4145,8.18,0.5,0.04131401656737531,0.44609911080340436,0.34599864131379127,2.012906965251145,3.1835201421590913,0.5,0.18597378030042466,15.849047169697377,0.4,9.645990839272311,4.22136273683639,-1099.3228090266678
53,0.0792,0.4418,0.0158,1.4145,8.18,0.5,0.046941555328845384,0.7494120657864785,0.03455053635315024,6.125711877190491,67.91451139718454,0.5,0.2484722227080905,17.157027922814045,0.4,5.303658216134193,2.6179826267262962,-1099.3228090266678
54,0.0792,0.4418,0.0158,1.4145,8.18,0.5,0.055303952643497536,0.42780323009563276,0.08251558702357585,2.5083549768263946,63.517446810511046,0.5,0.016954733368632905,13.642128854298988,0.4,3.947992072863266,6.668733255209925,-1099.3228090266678
55,0.0792,0.4418,0.0158,1.4145,8.18,0.5,0.06781978150505626,0.5597199538655816,0.11021243646536401,1.7063050188797435,942.7525750827004,0.5,0.08661081722449092,3.0222248371696434,0.4,0.38325807010405366,9.594843939401418,-1099.3228090266678
56,0.0792,0.4418,0.0158,1.4145,8.18,0.5,0.019691382223246533,0.4566764505717081,0.10272681318299375,6.004151197626405,409.8128089141023,0.5,0.2076900765081764,19.164349815360847,0.4,7.280115410523841,9.114360434693522,-1099.3228090266678
57,0.0792,0.4418,0.0158,1.4145,8.18,0.5,0.05275358443527684,0.3646074897565065,0.013565651239023497,5.206449494223094,111.7133582758316,0.5,0.07216373828046692,7.466233517988904,0.4,2.665647847822145,5.994826691535301,-1099.3228090266678
58,0.0792,0.4418,0.0158,1.4145,8.18,0.5,0.06162563717659827,0.4178492083300485,0.715141260531358,4.951924961995216,977.6476595688525,0.5,0.23927315819201123,6.267288503739483,0.4,7.969710265086211,7.196997945378463,-1099.3228090266678
59,0.0792,0.4418,0.0158,1.4145,8.18,0.5,0.041629224169395955,0.23877508204202685,0.3173959981278908,3.423916199944421,622.5005714309866,0.5,0.09060711087018093,7.109366570728747,0.4,6.765763438290305,3.6207882270971474,-1099.3228090266678
60,0.0792,0.4418,0.0158,1.4145,8.18,0.5,0.010707389172302911,0.5522119231677495,0.22769976026297814,2.4121091057232986,567.8908379266313,0.5,0.06410256998347041,11.764679061198269,0.4,1.8373999522798758,9.844757730627911,-1099.3228090266678
61,0.0792,0.4418,0.0158,1.4145,8.18,0.5,0.08459187662553518,0.706227519561019,0.5043563805840399,5.802779250573692,916.8244839417142,0.5,0.10375814138042466,13.707034579205475,0.4,8.599514305357678,2.2539605612229945,-1099.3228090266678
62,0.0792,0.4418,0.0158,1.4145,8.18,0.5,0.0225673305758799,0.5794305007033349,0.2253898026325388,5.57697590599159,475.3847951174151,0.5,0.2163296701525517,9.139194682632889,0.4,4.95292946589753,0.9075619567484614,-1099.3228090266678
63,0.0792,0.4418,0.0158,1.4145,8.18,0.5,0.09718285459511232,0.6892677669119508,0.4779512153341774,5.858326737868254,886.5809030479403,0.5,0.16115547211721667,19.882796271301963,0.4,4.927662014310485,5.21167050963776,-1099.3228090266678
64,0.0792,0.4418,0.0158,1.4145,8.18,0.5,0.010577932644511815,0.7258788653731567,0.14199815277398956,3.2256722779692604,597.9815723412312,0.5,0.21337358506501655,9.44442322603732,0.4,0.6757289192872493,7.474903690229319,-1099.3228090266678
65,0.0792,0.4418,0.0158,1.4145,8.18,0.5,0.013233225612391491,0.7733730414553217,0.7683346342948661,6.4710392583828,786.3856859014147,0.5,0.13364714161687435,13.910024600409477,0.4,1.429370865379337,4.578906186429952,-1099.3228090266678
66,0.0792,0.4418,0.0158,1.4145,8.18,0.5,0.0011811130050837836,0.6350813425470354,0.757677033208377,6.397667800863187,745.3374948582311,0.5,0.10411201335122945,3.415132390576514,0.4,1.3787185273046572,0.43935260140128335,-1099.3228090266678
67,0.0792,0.4418,0.0158,1.4145,8.18,0.5,0.019340771765860264,0.2737256717625267,0.20575345125413208,1.3435032870907087,256.2325351396866,0.5,0.22309133767664582,17.411980665624128,0.4,4.8175832701924035,4.35819397036614,-1099.3228090266678
68,0.0792,0.4418,0.0158,1.4145,8.18,0.5,0.09528088093572828,0.574861981748091,0.0937271012586174,1.9525844443818974,767.6124068003135,0.5,0.08049727207990898,16.919162530001234,0.4,4.453350732607555,5.735025900639233,-1099.3228090266678
69,0.0792,0.4418,0.0158,1.4145,8.18,0.5,0.05908711556798692,0.5278307015319961,0.11944307601125474,3.3636419117150256,896.923980312703,0.5,0.0704249509887421,3.620223684517392,0.4,3.234098124276896,4.619676079507818,-1099.3228090266678
70,0.0792,0.4418,0.0158,1.4145,8.18,0.5,0.069844467839704,0.701324225224327,0.36889416543075754,3.902427213019789,16.721933668691015,0.5,0.05920903422019304,16.678048320620242,0.4,9.060405573935876,2.3902644037247747,-1099.3228090266678
71,0.0792,0.4418,0.0158,1.4145,8.18,0.5,0.05203988855731648,0.753982312190399,0.2766786931983404,5.707644791547288,554.5506772868911,0.5,0.0937790586664302,5.268390679088431,0.4,5.65474611113678,7.064080747948736,-1099.3228090266678
72,0.0792,0.4418,0.0158,1.4145,8.18,0.5,0.09666447322871126,0.4350797595231437,0.6751709376886048,6.502961837067264,854.9693893153619,0.5,0.007146998944086277,9.426428189164078,0.4,7.337560176000535,9.39208960227478,-1099.3228090266678
73,0.0792,0.4418,0.0158,1.4145,8.18,0.5,0.02658794596646928,0.38019513749161693,0.602684796710859,2.3204408862188775,633.4841889537507,0.5,0.08874911209588092,3.944312487615768,0.4,3.4740358063505785,0.34994656392189427,-1099.3228090266678
74,0.0792,0.4418,0.0158,1.4145,8.18,0.5,0.04610305419065067,0.35228170913123213,0.5146412057500772,6.65642275767998,519.1023759820129,0.5,0.04172404906248735,12.64304576164093,0.4,7.43056593823049,2.545934449146724,-1099.3228090266678
75,0.0792,0.4418,0.0158,1.4145,8.18,0.5,0.07862868977932502,0.5429617121710821,0.5559976705918901,2.2773484634221925,181.0290030368499,0.5,0.10779394005444476,2.598001586609529,0.4,2.253222644640805,3.8564741348786176,-1099.3228090266678
76,0.0792,0.4418,0.0158,1.4145,8.18,0.5,0.04219475420584891,0.5254850646882423,0.3801799106353195,5.932900154239399,155.65580152416197,0.5,0.14583600899443253,17.950968168172544,0.4,6.847694635378544,2.7258554401540325,-1099.3228090266678
77,0.0792,0.4418,0.0158,1.4145,8.18,0.5,0.09721494672552052,0.2711985164373215,0.10476388673563052,5.102291957901773,800.0889665848063,0.5,0.1784093592376676,11.678519750741978,0.4,7.08332346823624,7.960264349029039,-1099.3228090266678
78,0.0792,0.4418,0.0158,1.4145,8.18,0.5,0.009544626741877962,0.38566869331826337,0.3667330010623374,1.4723573735665396,660.2524400404888,0.5,0.13945014098108502,12.746683713558133,0.4,7.307465169237332,4.338957179804944,-1099.3228090266678
79,0.0792,0.4418,0.0158,1.4145,8.18,0.5,0.06327723949185747,0.6135780604362207,0.14732868046626232,1.247857690723916,750.2548061609687,0.5,0.13293093184723384,1.775631157457497,0.4,5.9138869538880385,0.6401525340275853,-0.9712289420197862
80,0.0792,0.4418,0.0158,1.4145,8.18,0.5,0.09465132187669394,0.5208387238794913,0.2564487940434129,2.783238114752237,521.411905167826,0.5,0.20530524768072686,16.999816820420694,0.4,7.862823965541373,3.5010838201583034,-1099.3228090266678
81,0.0792,0.4418,0.0158,1.4145,8.18,0.5,0.08411138871474408,0.6445987472287524,0.5384653599950031,1.109908086231674,702.6076104635438,0.5,0.20199777654811799,18.137912456309127,0.4,6.693190278715254,5.798747666472208,-1099.3228090266678
82,0.0792,0.4418,0.0158,1.4145,8.18,0.5,0.06817335171157392,0.28647348853399407,0.4856167518612063,2.680019881024287,717.7793086554584,0.5,0.24737050712893618,16.03646848285074,0.4,3.969364999056074,1.0774956642129216,-1099.3228090266678
83,0.0792,0.4418,0.0158,1.4145,8.18,0.5,0.07404200793998164,0.20773637502241735,0.28250721646166055,5.524101427510825,782.5362734137756,0.5,0.1388775658291109,2.174779571593169,0.4,1.1710705014408562,8.80977149564215,-1099.3228090266678
84,0.0792,0.4418,0.0158,1.4145,8.18,0.5,0.06311343361645116,0.7207950747089635,0.7095089459425599,5.674987528182003,201.23526261858694,0.5,0.18757042918989542,8.99569369828733,0.4,2.0873889537167964,7.428449547500408,-1099.3228090266678
85,0.0792,0.4418,0.0158,1.4145,8.18,0.5,0.06098108095746799,0.41442653859232903,0.6547324885279799,1.969705480119061,503.06132801970244,0.5,0.1101845709018503,12.594833756534834,0.4,7.352945436582927,3.9479849561487823,-1099.3228090266678
86,0.0792,0.4418,0.0158,1.4145,8.18,0.5,0.023056329631392713,0.48807742883958793,0.18834856494163757,5.948193784167536,864.1797689655458,0.5,0.18715335971695884,10.711840716244906,0.4,9.823405568938252,5.417435007078518,-1099.3228090266678
87,0.0792,0.4418,0.0158,1.4145,8.18,0.5,0.09510983401192505,0.45210295220691427,0.07439728258583696,3.9839638801434942,127.93791167839647,0.5,0.012774213242865028,7.011668384091004,0.4,0.6275771611666768,8.65129807436467,-1099.3228090266678
88,0.0792,0.4418,0.0158,1.4145,8.18,0.5,0.08180666268988575,0.6563988654161796,0.18363151052949767,1.72698608013123,335.519842404039,0.5,0.22473240494993293,10.00256197125577,0.4,1.400895822541573,2.274371755132033,-1099.3228090266678
89,0.0792,0.4418,0.0158,1.4145,8.18,0.5,0.053225965678504204,0.4813981737442543,0.4697076010570697,4.4653896793019525,860.3901688979203,0.5,0.045105154370341426,8.73297737333245,0.4,3.740822382998776,8.04164357801886,-1099.3228090266678
90,0.0792,0.4418,0.0158,1.4145,8.18,0.5,0.021034860435382365,0.7322107331431396,0.4354705824149471,6.383618885175667,741.5725541493447,0.5,0.16082851372490367,3.8324378372796737,0.4,1.2535329431634872,0.04153113838226797,-1099.3228090266678
91,0.0792,0.4418,0.0158,1.4145,8.18,0.5,0.08919348559393321,0.6508637155687821,0.6409173587671863,5.825658972950507,545.2360575989442,0.5,0.029002181425298694,19.747727226173556,0.4,3.9288510135305286,0.8070758622664272,-1099.3228090266678
92,0.0792,0.4418,0.0158,1.4145,8.18,0.5,0.030202939202558298,0.779522922310256,0.6440553106356142,4.828704341001318,948.8482776288643,0.5,0.056819465797604024,10.161073050341619,0.4,2.692974801526963,9.023052103107753,-1099.3228090266678
93,0.0792,0.4418,0.0158,1.4145,8.18,0.5,0.03440887741462391,0.2481209343271269,0.7499535976034118,4.244700029855416,130.49764484818732,0.5,0.19090360064605486,16.838577521478513,0.4,1.158554645958685,0.9309854835922251,-1099.3228090266678
94,0.0792,0.4418,0.0158,1.4145,8.18,0.5,0.059796107187757054,0.7938650113509558,0.06039313013290738,4.688479910846436,479.5597251944061,0.5,0.13024821987791887,17.418667471233494,0.4,3.840692329241119,6.609222599398824,-1099.3228090266678
95,0.0792,0.4418,0.0158,1.4145,8.18,0.5,0.0895838674164842,0.33880990080071993,0.05042729256169976,2.984085315388607,378.74960007093733,0.5,0.1709545328075123,5.201179112459226,0.4,5.43518091960767,4.787425870016409,-1099.3228090266678
96,0.0792,0.4418,0.0158,1.4145,8.18,0.5,0.03513857157896848,0.2557068263331619,0.323960641565061,3.196380304927886,291.4443652996532,0.5,0.09875227594946827,11.168512926750036,0.4,5.468139890124175,7.798529150128884,-1099.3228090266678
97,0.0792,0.4418,0.0158,1.4145,8.18,0.5,0.0605476395777175,0.6291327795750716,0.3902394702017313,1.59160748119805,970.8693267598078,0.5,0.1447216040114775,4.952700499968628,0.4,5.125974481495267,3.5977948675048474,-1099.3228090266678
98,0.0792,0.4418,0.0158,1.4145,8.18,0.5,0.02703148002040429,0.4659318160762905,0.1228031774207692,2.5372770831033558,833.6457626913301,0.5,0.14519048528857934,3.4473769058803776,0.4,1.115095006481924,6.019523324735795,-1099.3228090266678
99,0.0792,0.4418,0.0158,1.4145,8.18,0.5,0.06613203120157718,0.3230452268800946,0.03400982185054502,2.6990144401330722,432.7003456239963,0.5,0.06051583253853384,8.395995995551043,0.4,1.140493942546649,5.43761477635554,-1099.3228090266678
100,0.0792,0.4418,0.0158,1.4145,8.18,0.5,0.030570996982923027,0.5425280303739349,0.026392661540082966,3.094961981601151,639.9515898372622,0.5,0.2342038752213258,13.359178626883208,0.4,2.6081788744244574,3.755561397464449,-1099.3228090266678
101,0.0792,0.4418,0.0158,1.4145,8.18,0.5,0.048482437252047976,0.6080123948457984,0.15838578945482346,6.143021138278182,980.4674547157366,0.5,0.09245530348124553,9.229161844254378,0.4,9.927389783574162,0.4904322401569046,-1099.3228090266678
102,0.0792,0.4418,0.0158,1.4145,8.18,0.5,0.01914550007393305,0.581969566399245,0.04479530129809547,5.618924491179876,615.0811516424608,0.5,0.09481639736470417,2.309505222299007,0.4,7.451346057519091,1.487299908020962,-1099.3228090266678
103,0.0792,0.4418,0.0158,1.4145,8.18,0.5,0.006015730458877917,0.40640702937870227,0.2695730282544124,3.3928386145445915,393.4487271279332,0.5,0.22671335744142876,9.482357132825497,0.4,9.080105935407508,0.26514679063238206,-1099.3228090266678
104,0.0792,0.4418,0.0158,1.4145,8.18,0.5,0.08052237144079606,0.4822995858582889,0.5816078018666617,2.1866165562281514,446.6461858744636,0.5,0.03448381159674678,12.067607683760276,0.4,7.27579641890239,2.237243825782208,-1099.3228090266678
105,0.0792,0.4418,0.0158,1.4145,8.18,0.5,0.08862351493065072,0.5130172472562917,0.691943588944617,6.445258383550163,400.4470665483732,0.5,0.07647177179086401,3.331543878495996,0.4,7.494006270509252,9.923560079460293,-1099.3228090266678
106,0.0792,0.4418,0.0158,1.4145,8.18,0.5,0.06657328621865373,0.5480559481929606,0.7005918277954649,4.1381193684473825,534.1362710852824,0.5,0.24387489258985653,1.1161272508247442,0.4,0.3735391309590737,6.871756421181274,-1099.3228090266678
107,0.0792,0.4418,0.0158,1.4145,8.18,0.5,0.0063699703411374065,0.2623207257177691,0.3839333557397294,2.12766597449589,789.3543531176222,0.5,0.17401441486284072,14.938352467660176,0.4,1.334532460858187,5.943951905646381,-1099.3228090266678
108,0.0792,0.4418,0.0158,1.4145,8.18,0.5,0.030096747925579023,0.5565045509171033,0.13064766356999444,4.632434101317177,473.1387823852958,0.5,0.10471484240454258,19.826124849312258,0.4,1.5596306615678426,2.748569878005199,-1099.3228090266678
109,0.0792,0.4418,0.0158,1.4145,8.18,0.5,0.03565184829548181,0.5380270166202583,0.40224324699734626,1.9434507617165981,420.98743323867507,0.5,0.212639233879625,15.389544564460794,0.4,0.8911522669030976,5.0051514737249185,-1099.3228090266678
110,0.0792,0.4418,0.0158,1.4145,8.18,0.5,0.04909014971875067,0.6418331906657244,0.26056541210120265,6.542928946334897,491.6053872801155,0.5,0.17740723508847328,13.108802183494955,0.4,6.4140446552870705,9.210106591953275,-1099.3228090266678
111,0.0792,0.4418,0.0158,1.4145,8.18,0.5,0.056090331810930705,0.7472070665059924,0.6967756390927793,5.073288435665149,108.2182221307368,0.5,0.0018445086746290112,11.36519341555056,0.4,7.414169172870089,0.7327292378842998,-1099.3228090266678
112,0.0792,0.4418,0.0158,1.4145,8.18,0.5,0.08884645245572612,0.42500127546067845,0.7607165985661923,6.559090663501021,548.0269862950455,0.5,0.20516541496939802,5.299075214102813,0.4,7.7091528321537295,7.034757018908415,-1099.3228090266678
113,0.0792,0.4418,0.0158,1.4145,8.18,0.5,0.03643155428583063,0.2020445556412146,0.42297912079445055,2.958303101986105,79.20608861959599,0.5,0.19020906956372183,19.990514779229446,0.4,0.25177082008414287,4.387170872119831,-1099.3228090266678
114,0.0792,0.4418,0.0158,1.4145,8.18,0.5,0.05002927365514416,0.7224896822242965,0.5881517123908955,3.536058086489219,788.2923073848979,0.5,0.059811507450446076,7.49898651869745,0.4,2.789592070596357,8.94887942531687,-1099.3228090266678
115,0.0792,0.4418,0.0158,1.4145,8.18,0.5,0.02357599596064024,0.43757356046920143,0.6697328239520773,3.856979866024137,152.32085367103502,0.5,0.18964734085733767,18.044231150114623,0.4,5.264207215649743,2.348034650952346,-1099.3228090266678
116,0.0792,0.4418,0.0158,1.4145,8.18,0.5,0.03377695131727078,0.6096621106450293,0.5189661316923652,2.2300009488361585,133.29082002940328,0.5,0.14220726268998127,7.32486420395723,0.4,5.365164150116519,7.520587136432606,-1099.3228090266678
117,0.0792,0.4418,0.0158,1.4145,8.18,0.5,0.07148985252868797,0.7189218311156871,0.4477427949711291,3.3194103870075935,479.78064246526293,0.5,0.20584899133294604,11.088624236112187,0.4,0.6553172152033825,7.616504896920082,-1099.3228090266678
118,0.0792,0.4418,0.0158,1.4145,8.18,0.5,0.05839497130372981,0.466592382350873,0.5771203652748356,4.118920758101025,257.590785575713,0.5,0.12542324461206647,11.111290319610816,0.4,6.388997495875818,2.427335417669589,-1099.3228090266678
119,0.0792,0.4418,0.0158,1.4145,8.18,0.5,0.009666615826556778,0.5810001234604005,0.5056674182751865,2.937083105540806,695.0492012305117,0.5,0.03317295868229065,4.203224326145944,0.4,7.466382977641996,5.968344911770847,-1099.3228090266678
120,0.0792,0.4418,0.0158,1.4145,8.18,0.5,0.020204798518533414,0.44788469722124935,0.4642009327146674,6.039710150030687,853.6259963947324,0.5,0.15180531568458433,5.729249452546234,0.4,4.478683834333985,8.160752057555067,-1099.3228090266678
121,0.0792,0.4418,0.0158,1.4145,8.18,0.5,0.0008962156639775944,0.33206298928614253,0.6716038984741025,6.881403276205986,797.0715075864795,0.5,0.0491804908285222,1.248966533551703,0.4,0.3368518206563963,7.117391655289421,-1099.3228090266678
122,0.0792,0.4418,0.0158,1.4145,8.18,0.5,0.06243100555729722,0.6810152023628273,0.7340325307452022,4.318006500984646,763.713555972517,0.5,0.01998022402888002,12.358528911330932,0.4,0.7574546885510407,4.9089484545626005,-1099.3228090266678
123,0.0792,0.4418,0.0158,1.4145,8.18,0.5,0.03495106128295578,0.3459477380973084,0.7584416612466172,1.4068507102979293,388.47485906249597,0.5,0.09397126021885681,13.273002432136483,0.4,6.794746566688134,6.694209848077091,-1099.3228090266678
124,0.0792,0.4418,0.0158,1.4145,8.18,0.5,0.0801267987451802,0.21807721961114698,0.7237197453314359,5.694846551138759,594.4249002660717,0.5,0.11269960167022976,19.13862259146219,0.4,2.7578403132448437,2.527057340252956,-1099.3228090266678
125,0.0792,0.4418,0.0158,1.4145,8.18,0.5,0.05587733081706486,0.3193169151537703,0.4653649689327661,4.520044124167998,376.9081531008052,0.5,0.09002368164198292,18.697463636565697,0.4,1.6121066864450369,2.042208474713328,-1099.3228090266678
126,0.0792,0.4418,0.0158,1.4145,8.18,0.5,0.05003638786797407,0.20322751140930395,0.49028894887060664,3.4556976568310454,209.00148966418038,0.5,0.19203274941415263,5.696881863632805,0.4,8.029075590137346,2.67427454415103,-1099.3228090266678
127,0.0792,0.4418,0.0158,1.4145,8.18,0.5,0.058023991263024016,0.3486472660599749,0.17362574468949513,4.70020170034374,466.04098531752766,0.5,0.1186845115484782,9.93706660251421,0.4,9.896240033262615,6.250226558213752,-1099.3228090266678
128,0.0792,0.4418,0.0158,1.4145,8.18,0.5,0.026279281229018913,0.39461336920006107,0.16084243549978858,2.9722657858556882,90.2118404815847,0.5,0.18205779615032666,18.381272967105723,0.4,9.231298938457538,3.6625456315638147,-1099.3228090266678
129,0.0792,0.4418,0.0158,1.4145,8.18,0.5,0.09113307664472046,0.21309110942753234,0.4296833162987247,6.020571340533717,563.3008763711226,0.5,0.02345216168304664,9.275908152851635,0.4,4.5286721183684735,0.7870376773487616,-1099.3228090266678
130,0.0792,0.4418,0.0158,1.4145,8.18,0.5,0.06427673642769388,0.3209708080340498,0.28908012714989356,5.968756848964669,818.5040021533399,0.5,0.18635689494981247,9.62563769781834,0.4,7.8800423416519,2.9768251374131074,-1099.3228090266678
131,0.0792,0.4418,0.0158,1.4145,8.18,0.5,0.03050101571304007,0.2683898283780539,0.2648678160566834,2.831846078983506,842.7726653833288,0.5,0.04581749111676309,10.936303928253299,0.4,3.7075671911005523,9.941027963689182,-1099.3228090266678
132,0.0792,0.4418,0.0158,1.4145,8.18,0.5,0.04651490802564397,0.31874104396654257,0.2220761762886466,6.962546550494703,803.4138426874458,0.5,0.08246589878360693,7.303301380295034,0.4,6.392977949308355,2.153043504536577,-1099.3228090266678
133,0.0792,0.4418,0.0158,1.4145,8.18,0.5,0.0200202699974523,0.7706359619245604,0.3870257478817256,3.034873542491505,300.9774951793528,0.5,0.20826710167974516,6.717080314677046,0.4,2.480981788351701,9.695232430812524,-1099.3228090266678
134,0.0792,0.4418,0.0158,1.4145,8.18,0.5,0.029830253163122756,0.6341620765872804,0.2847017323216532,6.3401968581373485,312.1118769879769,0.5,0.05710073708309268,19.680543859866663,0.4,5.613981813185637,1.5508912474775365,-1099.3228090266678
135,0.0792,0.4418,0.0158,1.4145,8.18,0.5,0.07979451451653571,0.29406387340033624,0.2798615009793585,2.825933409626046,471.5372578309709,0.5,0.1973156472535398,17.714742039037333,0.4,5.50798789534595,2.4896914827411765,-1099.3228090266678
136,0.0792,0.4418,0.0158,1.4145,8.18,0.5,0.034532508230472485,0.5186951633055775,0.7779172909217367,2.146576099974452,729.1224808829423,0.5,0.0981101411084411,1.6937789955512024,0.4,2.973366239637765,6.6305631200640915,-1099.3228090266678
137,0.0792,0.4418,0.0158,1.4145,8.18,0.5,0.024355963190752786,0.24996504713194864,0.7952435841548057,1.276150470074804,721.5149548452483,0.5,0.22393070736188894,12.119896702243091,0.4,2.2165282301618365,5.364235894706538,-1099.3228090266678
138,0.0792,0.4418,0.0158,1.4145,8.18,0.5,0.001354179478129095,0.5632718893044055,0.16039099747253857,3.994389209604326,182.96607327925494,0.5,0.08708477316352363,6.223088207588035,0.4,4.5487354877528015,1.5848462531899403,-1099.3228090266678
139,0.0792,0.4418,0.0158,1.4145,8.18,0.5,0.012921686993656705,0.44142050441267167,0.6781826339431473,3.7429621340589847,810.6564973834206,0.5,0.1925372896096667,19.703195213497935,0.4,0.7292605213401641,1.7440595918775847,-1099.3228090266678
140,0.0792,0.4418,0.0158,1.4145,8.18,0.5,0.05892649306612441,0.2951705986264643,0.2629472922513042,3.932939555670271,323.30689842243737,0.5,0.010082323878896514,6.941736176695582,0.4,8.883509348604807,9.818794119298452,-1099.3228090266678
141,0.0792,0.4418,0.0158,1.4145,8.18,0.5,0.0033502119114303965,0.46421382157337465,0.21550104649540058,5.4705362372930715,572.8202353348199,0.5,0.02598446774048791,4.530974813597002,0.4,0.8615386753801515,2.291133479195453,-1099.3228090266678
142,0.0792,0.4418,0.0158,1.4145,8.18,0.5,0.07655987616010364,0.3006368480333373,0.03752309715646294,5.024498774765367,493.7415618094558,0.5,0.21905851526607706,15.089732782137608,0.4,3.8689615581055365,2.582795880282272,-1099.3228090266678
143,0.0792,0.4418,0.0158,1.4145,8.18,0.5,0.09350233073008841,0.6311416240195178,0.5906578350737781,5.017707743959141,950.5693978827095,0.5,0.0716166262737027,8.25951261596244,0.4,9.504852511778184,4.465320027539559,-1099.3228090266678
144,0.0792,0.4418,0.0158,1.4145,8.18,0.5,0.0016307085593459088,0.610399756259767,0.7180806702651475,4.192295925089515,139.25598952511442,0.5,0.0018658197847965833,2.3822443863662786,0.4,8.435400287265999,5.329425866891789,-1099.3228090266678
145,0.0792,0.4418,0.0158,1.4145,8.18,0.5,0.031564155160797795,0.6949941447716321,0.16339669575527907,5.459348557225767,325.13943859694564,0.5,0.16671051938005946,10.385726949565711,0.4,0.7504233156810202,7.558751791801447,-1099.3228090266678
146,0.0792,0.4418,0.0158,1.4145,8.18,0.5,0.08819366585529707,0.5359261511803466,0.1873912390079264,4.996604583913603,237.88804075064942,0.5,0.13510782542229868,12.008350181996617,0.4,5.64009046109987,8.254884915217664,-1099.3228090266678
147,0.0792,0.4418,0.0158,1.4145,8.18,0.5,0.033293383644651654,0.20527599310189532,0.4089930882644301,1.542518468632796,46.60133312035067,0.5,0.2216117249130867,3.0825113339722225,0.4,6.6499618865526955,8.181484166643129,-1099.3228090266678
148,0.0792,0.4418,0.0158,1.4145,8.18,0.5,0.09082326611589635,0.5773445185104648,0.19030118767705745,4.3679470634278434,577.3014560713237,0.5,0.16027397477755542,4.567409026875605,0.4,1.6706637433430231,7.943313220505706,-1099.3228090266678
149,0.0792,0.4418,0.0158,1.4145,8.18,0.5,0.09496619783191187,0.334201719386529,0.3479683330156418,4.011389390616413,292.20159811801153,0.5,0.21834069325172428,12.162962502008378,0.4,9.32723381291542,9.156761117421762,-1099.3228090266678
150,0.0792,0.4418,0.0158,1.4145,8.18,0.5,0.05387657424789143,0.7380741351688365,0.5120446245872347,4.554546916223417,382.33791652701933,0.5,0.055649867357382365,14.895449474297584,0.4,4.243376455881318,4.290979209874323,-1099.3228090266678
151,0.0792,0.4418,0.0158,1.4145,8.18,0.5,0.09129086853456159,0.27390096068998104,0.4331219860431589,3.5905249883525947,623.8395908703733,0.5,0.028003874539117957,19.58590672534596,0.4,2.355193747067282,8.588730028702043,-1099.3228090266678
152,0.0792,0.4418,0.0158,1.4145,8.18,0.5,0.07880764956442567,0.6847728629123251,0.1030779637244243,3.168367607985333,921.7561824606992,0.5,0.20434180417787784,17.295599640937866,0.4,6.556458186439432,4.882543300530298,-1099.3228090266678
153,0.0792,0.4418,0.0158,1.4145,8.18,0.5,0.07230485126905345,0.7079383442996987,0.6629984719746281,6.790735246670119,628.4914330305729,0.5,0.2389036588828738,1.2253394217590972,0.4,8.85257473582281,2.3254532075057277,-1099.3228090266678
154,0.0792,0.4418,0.0158,1.4145,8.18,0.5,0.07827831449239273,0.5629973390394205,0.39926943240123236,5.623630944561975,309.2854235267392,0.5,0.1800313830987767,3.8999581810071104,0.4,1.8673947059022968,4.051138462236026,-1099.3228090266678
155,0.0792,0.4418,0.0158,1.4145,8.18,0.5,0.0360229204646116,0.6397822672100757,0.29096367898589326,4.163719327877464,783.9773760885948,0.5,0.219594021345375,5.827536675586081,0.4,3.897119646676303,6.036398878500787,-1099.3228090266678
156,0.0792,0.4418,0.0158,1.4145,8.18,0.5,0.040381570856824776,0.5941979979811338,0.7549602450648802,2.166249458131567,773.5847169691202,0.5,0.03896699773338693,14.52303944642844,0.4,8.33581315548187,8.681503951188569,-1099.3228090266678
157,0.0792,0.4418,0.0158,1.4145,8.18,0.5,0.03263656564148196,0.26608572993386403,0.7133533312937608,1.1865856306209104,213.90090476962075,0.5,0.15009289000462994,10.322116368739591,0.4,8.401471703838345,0.8661891982378858,-1099.3228090266678
158,0.0792,0.4418,0.0158,1.4145,8.18,0.5,0.019451240346376127,0.45765943769751394,0.3104465159714033,1.2153498963979177,680.285065091436,0.5,0.053431470759618,19.516786153637153,0.4,5.147639698298855,1.9171354807330985,-1099.3228090266678
159,0.0792,0.4418,0.0158,1.4145,8.18,0.5,0.008868879106703975,0.3615084992169758,0.6890154040065599,1.887974177796398,776.5899439413787,0.5,0.005418270756930739,18.591473071314695,0.4,3.4689835652944523,5.1524547210705895,-1099.3228090266678
160,0.0792,0.4418,0.0158,1.4145,8.18,0.5,0.08502584180888775,0.42833498910586765,0.3122587930113403,5.754882996386869,275.4120380299207,0.5,0.20076334642617846,11.89494670595098,0.4,0.9512394576443981,2.8555431472511157,-1099.3228090266678
161,0.0792,0.4418,0.0158,1.4145,8.18,0.5,0.07787657272473975,0.5403687065838263,0.33847212370226376,5.531571554287777,77.9107813424478,0.5,0.20680666292278163,17.189479480876994,0.4,6.811839392844104,5.298777488383379,-1099.3228090266678
162,0.0792,0.4418,0.0158,1.4145,8.18,0.5,0.09980790651966095,0.7899711128114462,0.5070268576467181,2.874192076584036,125.80817436945948,0.5,0.13361594121282622,8.238638179473906,0.4,2.287113369949541,7.901484925883243,-1099.3228090266678
163,0.0792,0.4418,0.0158,1.4145,8.18,0.5,0.040511134606066417,0.7145781846213877,0.6941003958709367,2.9909569697044702,441.83701695283116,0.5,0.24039984649397217,14.174561434110633,0.4,4.036623890331754,3.7794193123965876,-1099.3228090266678
164,0.0792,0.4418,0.0158,1.4145,8.18,0.5,0.07348703454555211,0.2826511490138519,0.5543520255649628,6.915660951633887,926.8082405573191,0.5,0.014309180966946694,8.089782472387137,0.4,6.334750604637392,5.639359139042135,-1099.3228090266678
165,0.0792,0.4418,0.0158,1.4145,8.18,0.5,0.09787425729705607,0.22187785346525263,0.25155119272656074,6.056346665503464,407.32057046271626,0.5,0.23515890331584358,10.275607416363494,0.4,4.362242018135328,8.986067191091678,-1099.3228090266678
166,0.0792,0.4418,0.0158,1.4145,8.18,0.5,0.09439666682124197,0.2531145919318225,0.6163570451644559,1.3810373941463316,748.581543432751,0.5,0.024058204789108514,18.918718957296374,0.4,5.77744483162029,7.988570489349863,-1099.3228090266678
167,0.0792,0.4418,0.0158,1.4145,8.18,0.5,0.017085086485657604,0.4892378194817837,0.3434552337520592,3.2661795665527436,218.740240012903,0.5,0.10208680832257787,3.5166172430273295,0.4,2.395986726868124,6.502825197920126,-1099.3228090266678
168,0.0792,0.4418,0.0158,1.4145,8.18,0.5,0.06521028774165599,0.27859970961073555,0.156943116499498,4.854647133279843,381.06154696315247,0.5,0.1008183868568852,4.932681307103932,0.4,8.945498510076762,1.7822361254237211,-1099.3228090266678
169,0.0792,0.4418,0.0158,1.4145,8.18,0.5,0.02824445943645911,0.6484439363945889,0.7521180539709207,5.237511367953349,900.0514034030392,0.5,0.2100956085239773,2.0195831210853408,0.4,4.733852402393942,2.447792933977131,-1099.3228090266678
170,0.0792,0.4418,0.0158,1.4145,8.18,0.5,0.09393302827509123,0.4998223780358788,0.08494041357187061,4.941413597639593,413.57264380314024,0.5,0.11714043221558795,8.143386145068208,0.4,6.951802201003808,6.20530001295805,-1099.3228090266678
171,0.0792,0.4418,0.0158,1.4145,8.18,0.5,0.0182257760566645,0.7519841355119539,0.4975489185672215,5.291134419142746,612.1828124296275,0.5,0.0561716997263213,8.849273961632193,0.4,7.177607679582794,1.2217117174587846,-1099.3228090266678
172,0.0792,0.4418,0.0158,1.4145,8.18,0.5,0.06740164379914365,0.7631567646281723,0.5411447592422174,1.8519073801301116,720.3933600770432,0.5,0.026923839509267862,1.3988081810807897,0.4,0.17074852310222502,9.605203205317974,-1099.3228090266678
173,0.0792,0.4418,0.0158,1.4145,8.18,0.5,0.002207475285040811,0.568324361936618,0.6578457417724786,2.804781208179598,390.74493464187395,0.5,0.23480435194257535,12.954383479743118,0.4,7.929875321562225,8.230973147179563,-1099.3228090266678
174,0.0792,0.4418,0.0158,1.4145,8.18,0.5,0.016002087479773996,0.43618812995870015,0.4091085316584137,3.1221886408398136,525.6351414442718,0.5,0.05296486429547009,19.11078807994067,0.4,7.689298878731014,5.381553589567916,-1099.3228090266678
175,0.0792,0.4418,0.0158,1.4145,8.18,0.5,0.012614028509377975,0.4591071273206631,0.27787391237876863,2.1109591201921116,772.1976802428545,0.5,0.07251660984666979,11.212833022526672,0.4,9.779993866301092,1.055697380199707,-1099.3228090266678
176,0.0792,0.4418,0.0158,1.4145,8.18,0.5,0.0752139930914774,0.6746028529903151,0.47125195146859156,3.6679386161844008,122.56523182281153,0.5,0.16738340604077584,10.622912675828427,0.4,4.156451811422964,0.2192093417247102,-1099.3228090266678
177,0.0792,0.4418,0.0158,1.4145,8.18,0.5,0.08755802130070577,0.35533715902844465,0.4041228214541333,3.844748712885452,677.275057357284,0.5,0.22657480093164803,5.578352227802233,0.4,5.547304012579097,4.098601688104958,-1099.3228090266678
178,0.0792,0.4418,0.0158,1.4145,8.18,0.5,0.004297207317860443,0.2433778408054983,0.791709103153027,6.940155640907358,284.09142836877425,0.5,0.17084936253650954,3.879667283836848,0.4,9.215589937772368,5.44968637673785,-1099.3228090266678
179,0.0792,0.4418,0.0158,1.4145,8.18,0.5,0.06698684475723493,0.30494572641831597,0.05267999551255868,2.7383493490851647,5.5010711042500695,0.5,0.11805934488341067,3.1948414847368523,0.4,8.712361694630923,9.091875711511348,-1099.3228090266678
180,0.0792,0.4418,0.0158,1.4145,8.18,0.5,0.09952025483666181,0.23437692410914623,0.1012095742949941,3.9695725435536025,808.5731048508827,0.5,0.12385800506065646,17.944870061255024,0.4,9.35304040006361,8.969097335995178,-1099.3228090266678
181,0.0792,0.4418,0.0158,1.4145,8.18,0.5,0.04253355005893228,0.7034527903716288,0.4872554028085094,1.2863723702189047,743.5134448596942,0.5,0.21615267489959478,18.09615033604448,0.4,9.550160565800248,9.328669154794584,-1099.3228090266678
182,0.0792,0.4418,0.0158,1.4145,8.18,0.5,0.0064362828843484736,0.5969538150340229,0.6475127520591567,4.713081900053054,841.3449476901997,0.5,0.02432293382805036,4.04584231121584,0.4,6.509441792687439,8.438229818985484,-1099.3228090266678
183,0.0792,0.4418,0.0158,1.4145,8.18,0.5,0.0748101284510128,0.5712965640769088,0.5586841052146277,6.186288279853457,629.5508803779013,0.5,0.22103231904183337,18.595329311193613,0.4,3.80800808257401,0.5074655214779128,-1099.3228090266678
184,0.0792,0.4418,0.0158,1.4145,8.18,0.5,0.06845983918931588,0.7823157513118364,0.3347635479695083,2.437292915115911,780.0279502515859,0.5,0.24415065158592972,1.9332145079273488,0.4,8.655957135097646,6.059019003738549,-1099.3228090266678
185,0.0792,0.4418,0.0158,1.4145,8.18,0.5,0.09966118435305672,0.22792796801294823,0.5962548520997104,1.064431541852922,331.2544413678347,0.5,0.11336440141471722,9.671150998428383,0.4,9.146523849254546,4.302992454784369,-1099.3228090266678
186,0.0792,0.4418,0.0158,1.4145,8.18,0.5,0.059659459656267226,0.5217548444296285,0.6790333755344871,3.3050175100259658,795.6859264785421,0.5,0.1731385579725896,7.948059398265938,0.4,6.481750018023231,3.0477962819593816,-1099.3228090266678
187,0.0792,0.4418,0.0158,1.4145,8.18,0.5,0.03093189693514179,0.20971778572859265,0.5741889168880482,3.350111586272968,524.9644352093713,0.5,0.10850520937660209,16.070676076785638,0.4,4.8497352295613805,4.422213825187758,-1099.3228090266678
188,0.0792,0.4418,0.0158,1.4145,8.18,0.5,0.045890440384352985,0.27762431922098474,0.5288409915046838,4.968839582764863,427.6996936844283,0.5,0.20625784652724133,13.519811874019217,0.4,7.927807070458089,9.26211533889418,-1099.3228090266678
189,0.0792,0.4418,0.0158,1.4145,8.18,0.5,0.023390689809988065,0.36013498005569,0.38655272000639734,3.1091332125293043,884.1724369705225,0.5,0.03495647225321524,2.339566856688727,0.4,1.7426621963296605,6.763670862184803,-1099.3228090266678
190,0.0792,0.4418,0.0158,1.4145,8.18,0.5,0.06560652854017004,0.462741340886425,0.6217167770882425,4.906979969635196,819.8512866074717,0.5,0.1374164586231578,6.6879082788288065,0.4,7.560653098236774,1.0230115125084802,-1099.3228090266678
191,0.0792,0.4418,0.0158,1.4145,8.18,0.5,0.015448123383347567,0.4305177446522521,0.2344791065656781,4.33499583927913,197.91708077849225,0.5,0.12177549794044489,1.5908874474221402,0.4,6.281744234636279,4.165691988750198,-1099.3228090266678
192,0.0792,0.4418,0.0158,1.4145,8.18,0.5,0.03906118765076076,0.35691152734086384,0.41960877528917834,1.763179827444807,196.18296060730705,0.5,0.03336575898858602,13.861614984485502,0.4,5.155168410822518,6.708869119742211,-1099.3228090266678
193,0.0792,0.4418,0.0158,1.4145,8.18,0.5,0.0834166972465599,0.24545143701401204,0.07173230159759991,6.27502242796922,759.3511947842555,0.5,0.1225481482972228,6.835278637591542,0.4,3.5695770645639304,8.666826843804673,-1099.3228090266678
194,0.0792,0.4418,0.0158,1.4145,8.18,0.5,0.03912852604333829,0.2255683001947831,0.31971217887141584,4.620336260430278,22.88325216644648,0.5,0.19296626442792367,15.540874222407277,0.4,8.196494112519998,6.446350070805808,-1099.3228090266678
195,0.0792,0.4418,0.0158,1.4145,8.18,0.5,0.01719159901260208,0.678160913166219,0.04176243644059942,6.1696642985755625,805.1237852819312,0.5,0.005321146359452678,16.536532948373416,0.4,1.505381886094036,1.8151176500422326,-1099.3228090266678
196,0.0792,0.4418,0.0158,1.4145,8.18,0.5,0.023972486833925798,0.7404051411417696,0.7078507343383523,4.9386727427416695,690.5584456642963,0.5,0.2498552687064985,10.548522264210156,0.4,6.010980550470252,2.478179411508023,-1099.3228090266678
197,0.0792,0.4418,0.0158,1.4145,8.18,0.5,0.0764511431267756,0.2581558750312721,0.5802173865320318,2.484138071378247,990.0086308683073,0.5,0.13450107719008447,15.49571522874591,0.4,7.639390186819158,8.505393983440028,-1099.3228090266678
198,0.0792,0.4418,0.0158,1.4145,8.18,0.5,0.021306651332640654,0.2852299976898197,0.11744314603760567,2.0239818548400006,991.331455003145,0.5,0.09091675342106792,15.039482517080401,0.4,3.1218902594810554,3.3881596554941376,-1099.3228090266678
199,0.0792,0.4418,0.0158,1.4145,8.18,0.5,0.05235791411287365,0.3040447974877105,0.6802052148861596,5.870960854802033,908.5711399079719,0.5,0.12497424087580603,18.33103101016714,0.4,6.6306041055871185,5.307315568051514,-1099.3228090266678
200,0.0792,0.4418,0.0158,1.4145,8.18,0.5,0.037659804153136064,0.35018772015312644,0.4692108721595368,1.4220276465035075,268.4453694506067,0.5,0.06560980854037622,13.166669435193688,0.4,2.178029861197274,9.137827229744484,-1099.3228090266678
201,0.0792,0.4418,0.0158,1.4145,8.18,0.5,0.006167246716812314,0.2244127964608356,0.14390500343508186,3.1488385382472286,709.3005634817713,0.5,0.09139052008642687,1.4844078361700561,0.4,2.769749164541053,7.016871286544563,-1099.3228090266678
202,0.0792,0.4418,0.0158,1.4145,8.18,0.5,0.06912463352321258,0.6464601116413118,0.46077815192055044,6.865521165038859,368.05988385781717,0.5,0.20292989883515497,19.24430238469747,0.4,5.7421503579293836,6.329131934447402,-1099.3228090266678
203,0.0792,0.4418,0.0158,1.4145,8.18,0.5,0.06763396155854176,0.5077532559781418,0.7893064722812615,1.4857036050684909,738.8877841733638,0.5,0.09652140291628789,6.874444898611128,0.4,4.871072319498621,6.97204000030682,-1099.3228090266678
204,0.0792,0.4418,0.0158,1.4145,8.18,0.5,0.035784190572952596,0.3375645364399744,0.6685016506894205,4.761676834579934,439.8468883322267,0.5,0.12604243464468098,6.11713475186113,0.4,2.5600676677416394,0.3304184835706464,-1099.3228090266678
205,0.0792,0.4418,0.0158,1.4145,8.18,0.5,0.07999143284718004,0.4697698304654982,0.45561266326491084,4.802505061491785,620.3766382614963,0.5,0.19787342645704326,5.251766514795685,0.4,4.890056010755591,7.294784905169659,-1099.3228090266678
206,0.0792,0.4418,0.0158,1.4145,8.18,0.5,0.036589058460152056,0.7800948388400875,0.35609271224483485,6.368323908364484,910.7179301145853,0.5,0.08171701972935819,8.532605658283742,0.4,6.903759959402345,5.715727503192247,-1099.3228090266678
207,0.0792,0.4418,0.0158,1.4145,8.18,0.5,0.07924564028121353,0.6577726119397937,0.4057242981967753,2.3971136701617173,99.05197236347152,0.5,0.24303385694322713,14.599283657411943,0.4,3.8563219555934283,7.404024329599278,-1099.3228090266678
208,0.0792,0.4418,0.0158,1.4145,8.18,0.5,0.014757980562468253,0.3334030336477218,0.5491344798207113,4.155532161740249,937.3949920176527,0.5,0.06633871205293487,5.462137972684484,0.4,1.8123189402040931,4.131189787370171,-1099.3228090266678
209,0.0792,0.4418,0.0158,1.4145,8.18,0.5,0.05449812043878445,0.30006099842171136,0.5159399753877526,4.271429074800551,173.75991573497777,0.5,0.1782547446712133,2.6803290051347886,0.4,1.0684645016909875,4.550700114844773,-1099.3228090266678
210,0.0792,0.4418,0.0158,1.4145,8.18,0.5,0.0758750215676069,0.6739562020396557,0.010492038942261112,6.835582717044894,700.2173231617365,0.5,0.020572134293944198,12.205306453297318,0.4,1.6829704134548173,5.827491168691175,-1099.3228090266678
211,0.0792,0.4418,0.0158,1.4145,8.18,0.5,0.04979101410376599,0.6005734922241313,0.1685437949930116,2.6191493833705,724.9303419513991,0.5,0.2306968492896856,11.677829768674048,0.4,0.7017408794995765,2.0002487592686875,-1099.3228090266678
212,0.0792,0.4418,0.0158,1.4145,8.18,0.5,0.05369498010671023,0.7625143630990621,0.0074693628873191715,4.043522996575725,248.9316696054151,0.5,0.11174716807587685,13.017841941272067,0.4,8.750526563665908,7.573855199214918,-1099.3228090266678
213,0.0792,0.4418,0.0158,1.4145,8.18,0.5,0.05865563410146389,0.6670277997699008,0.26570899715862156,3.4312372988882096,190.82619176827234,0.5,0.12125437262614129,9.085842604263274,0.4,2.0477496916069344,3.2171984385429044,-1099.3228090266678
214,0.0792,0.4418,0.0158,1.4145,8.18,0.5,0.06276389228337784,0.4748997415635077,0.6310367860357917,5.281253021379268,252.11319352347417,0.5,0.05025740868496167,6.455184032861075,0.4,7.548201047434588,7.841973297542077,-1099.3228090266678
215,0.0792,0.4418,0.0158,1.4145,8.18,0.5,0.08034715865412802,0.32955190133693507,0.09619873271171861,3.0933877639403464,552.8345694247153,0.5,0.1577546059167378,10.037459074421236,0.4,7.728434839099663,4.758043640070684,-1099.3228090266678
216,0.0792,0.4418,0.0158,1.4145,8.18,0.5,0.018132269858714502,0.5341877054980124,0.35792631277794873,6.093066374127217,754.1704238929264,0.5,0.16411775121263159,4.7259830296947225,0.4,7.392575270965528,6.915898194828705,-1099.3228090266678
217,0.0792,0.4418,0.0158,1.4145,8.18,0.5,0.011700254274827017,0.35145490068384044,0.006293701988492358,1.9058822531142376,248.22659908721005,0.5,0.14972331563303626,8.566907183354521,0.4,5.880072245797636,3.610837906238331,-8.242358991464005
218,0.0792,0.4418,0.0158,1.4145,8.18,0.5,0.09234067771103567,0.6272459308677103,0.6506861317319236,6.089273457753857,489.77146748328556,0.5,0.23400918606382562,4.0008091906995755,0.4,2.1679013253510413,0.10990030689181672,-1099.3228090266678
219,0.0792,0.4418,0.0158,1.4145,8.18,0.5,0.059562915339098084,0.6694631612018165,0.1795842128712613,3.558020981644403,941.5320446488395,0.5,0.1273177810269491,5.897926147543986,0.4,4.172526216333014,6.755378682509331,-1099.3228090266678
220,0.0792,0.4418,0.0158,1.4145,8.18,0.5,0.00464923159542473,0.46067701927751614,0.07654299867724672,2.37601954927195,566.1482001645539,0.5,0.188122039585582,6.747183506586959,0.4,1.203083582256997,2.9526773680727865,-1099.3228090266678
221,0.0792,0.4418,0.0158,1.4145,8.18,0.5,0.0026301342889255746,0.6374466296829646,0.06441105780537024,1.0325762684868305,982.7182720523119,0.5,0.1946163929273772,9.586257841630529,0.4,6.431272379660904,4.020561894339826,-1099.3228090266678
222,0.0792,0.4418,0.0158,1.4145,8.18,0.5,0.031763761417726244,0.7051772900691724,0.6378775171982398,2.5902908067166033,156.6050975642547,0.5,0.1362854012018929,9.656691064859842,0.4,5.694790544141299,0.1931398068982967,-1099.3228090266678
223,0.0792,0.4418,0.0158,1.4145,8.18,0.5,0.025092142903623868,0.3884977314547618,0.17241438433391182,3.688394319595881,164.63620833656105,0.5,0.03793207805482451,1.364521028619647,0.4,1.9891991936307556,6.65638793482469,-1099.3228090266678
224,0.0792,0.4418,0.0158,1.4145,8.18,0.5,0.07250544264213309,0.5840379754757665,0.06747201659105168,2.0938641974800705,808.7186864760134,0.5,0.14112783688164604,14.62392286736824,0.4,2.3757174819715465,8.287934671170165,-1099.3228090266678
225,0.0792,0.4418,0.0158,1.4145,8.18,0.5,0.0810825904990298,0.49436404944772383,0.41428858569369076,6.5197675012840675,500.8466732115326,0.5,0.13197966090380248,6.533288481410607,0.4,2.836349367094504,8.129151329954386,-1099.3228090266678
226,0.0792,0.4418,0.0158,1.4145,8.18,0.5,0.025644474473785494,0.3679459704121239,0.3220210360791484,2.6466322719386137,365.02372390193176,0.5,0.02271995239546875,16.61225198045465,0.4,0.6346405025205457,1.6496999500209975,-1099.3228090266678
227,0.0792,0.4418,0.0158,1.4145,8.18,0.5,0.026540400329634218,0.5354378185997699,0.7624958585508596,2.4969043692520594,959.7764471628055,0.5,0.019099939095635034,8.665052342212771,0.4,9.567267464469191,8.458503527293317,-1099.3228090266678
228,0.0792,0.4418,0.0158,1.4145,8.18,0.5,0.03841255643394969,0.6909752305719535,0.7841222943293651,4.383108161594302,997.6811234517877,0.5,0.07608269228244968,7.179138384719142,0.4,0.26959973471361237,1.4511069777205308,-1099.3228090266678
229,0.0792,0.4418,0.0158,1.4145,8.18,0.5,0.026064063669858938,0.38480193389441164,0.6074005288150208,4.257902053577563,161.7035074582692,0.5,0.1077413702278383,5.398375420863994,0.4,3.411732908330579,1.9683629098750808,-1099.3228090266678
230,0.0792,0.4418,0.0158,1.4145,8.18,0.5,0.06203847573589664,0.6286236393815663,0.07068668183350528,4.558775983980549,733.5147249034115,0.5,0.007695057740107762,1.0085874970951367,0.4,9.749596934533418,6.9274553310879385,-1099.3228090266678
231,0.0792,0.4418,0.0158,1.4145,8.18,0.5,0.0784087697628077,0.30820800027178147,0.3938852205006668,3.0308836042376077,947.5164590928,0.5,0.235875229836725,14.76762049813308,0.4,3.005949092362178,3.4103254411323367,-1099.3228090266678
232,0.0792,0.4418,0.0158,1.4145,8.18,0.5,0.02516270209790885,0.3071231988715607,0.5251694806433889,5.395653723675994,845.3957297378782,0.5,0.0811921618281718,15.207524071649058,0.4,8.36239757784411,1.3401666010037019,-1099.3228090266678
233,0.0792,0.4418,0.0158,1.4145,8.18,0.5,0.03359258587621597,0.5735306613777892,0.5224241937772768,6.152279801913542,337.1153664495042,0.5,0.008798815044106217,11.801968002306293,0.4,5.4915292236179765,0.08119036925075586,-1099.3228090266678
234,0.0792,0.4418,0.0158,1.4145,8.18,0.5,0.016384638807060075,0.34297765868602575,0.7909020519248376,1.0957815186225737,894.3117441207659,0.5,0.1637185883315313,10.470090856852963,0.4,0.5426664470876242,8.71893899550286,-1099.3228090266678
235,0.0792,0.4418,0.0158,1.4145,8.18,0.5,0.09151353911860764,0.28846697304524205,0.33597142603749763,4.750083255286962,453.8185869215521,0.5,0.20357843683268315,19.622944517025157,0.4,9.90963143173215,8.335705008585744,-1099.3228090266678
236,0.0792,0.4418,0.0158,1.4145,8.18,0.5,0.0654435541383469,0.2141054184700421,0.4746322049320465,1.042061280145785,530.1646830374998,0.5,0.1357090896777808,4.797690517174505,0.4,7.068686160079338,5.884435187640407,-1099.3228090266678
237,0.0792,0.4418,0.0158,1.4145,8.18,0.5,0.07320070612996259,0.6180753545083059,0.10834023449481757,2.403530012069776,115.55608747233345,0.5,0.17368738545443266,13.406637461955984,0.4,8.276510933742044,9.187811561696616,-1099.3228090266678
238,0.0792,0.4418,0.0158,1.4145,8.18,0.5,0.07289959959669759,0.6724595029276903,0.47355822953954346,5.20268284809101,245.47701120643748,0.5,0.049097711560267356,6.196569402760198,0.4,1.4928765438204334,7.153822187473269,-1099.3228090266678
239,0.0792,0.4418,0.0158,1.4145,8.18,0.5,0.047360976298198264,0.25976261587894467,0.6832458087242569,1.629655149026415,223.7984841277604,0.5,0.054264235695968346,18.539941172151057,0.4,6.352934961445393,0.8324571179137447,-1099.3228090266678
240,0.0792,0.4418,0.0158,1.4145,8.18,0.5,0.09164292050777657,0.3685615908450247,0.5728521554753419,3.407580519312531,230.3243440342371,0.5,0.16280649212294926,18.84177553305794,0.4,7.109620972647801,6.728530738406086,-1099.3228090266678
241,0.0792,0.4418,0.0158,1.4145,8.18,0.5,0.004066400091963266,0.6211991592850233,0.16481794119583484,2.2938618590514324,591.0193580316503,0.5,0.09761790217893285,8.635948083346884,0.4,3.7580045368014345,0.6702611197533945,-1099.3228090266678
242,0.0792,0.4418,0.0158,1.4145,8.18,0.5,0.0440783704755378,0.7124940305971814,0.30963900511480935,4.901318617220039,266.45044094715126,0.5,0.04056524234302012,11.594045061989736,0.4,0.10344272024730992,0.3891916469667175,-1099.3228090266678
243,0.0792,0.4418,0.0158,1.4145,8.18,0.5,0.07687996052730456,0.3125213359703495,0.20799034682062895,6.017613456966084,32.18389760173779,0.5,0.18252819256085429,11.909220859984462,0.4,0.5124760412206362,1.4392888146699387,-1099.3228090266678
244,0.0792,0.4418,0.0158,1.4145,8.18,0.5,0.005387310816801761,0.3361195172129933,0.720886247412802,2.462863169405006,87.6732724808769,0.5,0.03863140968896019,12.715083033279035,0.4,8.162021300596955,5.750991477559299,-1099.3228090266678
245,0.0792,0.4418,0.0158,1.4145,8.18,0.5,0.06923004908408599,0.7026566303046722,0.12418295949859384,4.863447538023352,876.8570830401192,0.5,0.22812924354149497,2.807011748431192,0.4,3.1069056286238608,5.174734540957044,-1099.3228090266678
246,0.0792,0.4418,0.0158,1.4145,8.18,0.5,0.05938457801965576,0.6632906722009486,0.3276191374653524,6.066739281837032,724.0986570180897,0.5,0.05218244899944475,7.813979067879239,0.4,8.443828984855367,2.7743736143197264,-1099.3228090266678
247,0.0792,0.4418,0.0158,1.4145,8.18,0.5,0.07419304704737623,0.256309727007299,0.49308514016593513,2.036251925498738,902.3216169162467,0.5,0.19488834669567623,3.563323538360116,0.4,6.8287618129250784,7.205841550607767,-1099.3228090266678
248,0.0792,0.4418,0.0158,1.4145,8.18,0.5,0.04324526755821965,0.5783879212857995,0.19808048674554896,4.4090626918185665,924.2044995021805,0.5,0.20419196465134076,19.90492164602903,0.4,9.596472406463088,0.7452872259265865,-1099.3228090266678
249,0.0792,0.4418,0.0158,1.4145,8.18,0.5,0.083493228496339,0.7583383899978966,0.07816871078630122,4.232885471235823,691.2441321531572,0.5,0.19533093941054047,17.045365475046225,0.4,8.67687147400461,7.717917057070525,-1099.3228090266678
250,0.0792,0.4418,0.0158,1.4145,8.18,0.5,0.06857458877283829,0.6045436443779028,0.3073837100183771,1.2061802718512062,141.53055068430186,0.5,0.20144826916077474,1.52176061999687,0.4,7.14709527235231,5.59741511833225,-0.10547449136333342
251,0.0792,0.4418,0.0158,1.4145,8.18,0.5,0.009819665735248118,0.5299598648042301,0.2208198153436791,4.360543163313917,262.77955079919604,0.5,0.2477005195730408,12.531994146188165,0.4,4.934343870907366,1.890131161566293,-1099.3228090266678
252,0.0792,0.4418,0.0158,1.4145,8.18,0.5,0.012114157993445767,0.5126130349383242,0.37429898984272253,4.027258782768274,86.45917412657364,0.5,0.20920301296202,9.883984811349505,0.4,1.5638643242367263,6.488057915714259,-1099.3228090266678
253,0.0792,0.4418,0.0158,1.4145,8.18,0.5,0.04170460234754814,0.6061163575428447,0.5646375486625738,6.5323943894011585,217.2260407981866,0.5,0.19901938509266462,3.1351787265444804,0.4,5.527919825750181,3.031223142940268,-1099.3228090266678
254,0.0792,0.4418,0.0158,1.4145,8.18,0.5,0.0373901906914157,0.3154522356250687,0.5213529580513987,6.548470907587839,168.6691712996207,0.5,0.1654429650203652,11.48563191988206,0.4,1.9546908662546207,8.347364637598188,-1099.3228090266678
255,0.0792,0.4418,0.0158,1.4145,8.18,0.5,0.04946707059247567,0.2762608501210315,0.4003877046076663,3.5761896310001564,615.5072675659685,0.5,0.08343669571092728,11.281591916949925,0.4,3.5064198900912578,9.973660649004167,-1099.3228090266678
256,0.0792,0.4418,0.0158,1.4145,8.18,0.5,0.024600598235619494,0.4851842776294704,0.7299484508776038,6.735445920108329,676.5633723846963,0.5,0.04127811851666748,6.610426533333749,0.4,5.067585555369149,3.9643977056965274,-1099.3228090266678
257,0.0792,0.4418,0.0158,1.4145,8.18,0.5,0.025913970484350613,0.7248889326163124,0.19869246343401842,1.0799696198417914,895.7008390481083,0.5,0.02316056846930204,7.781219180596183,0.4,1.100683063817022,4.6911143229487,-1099.3228090266678
258,0.0792,0.4418,0.0158,1.4145,8.18,0.5,0.008139833237779306,0.691439080541248,0.7701972308221412,6.357082245064666,563.7476293684042,0.5,0.07846938935831246,15.339146954536668,0.4,5.987250304439192,3.200050852277077,-1099.3228090266678
259,0.0792,0.4418,0.0158,1.4145,8.18,0.5,0.09414167019896383,0.4869168010456602,0.2857619810175187,1.1640007442348463,385.74329409842636,0.5,0.028234139525453644,8.3404056274869,0.4,0.9133687193365193,9.055729052122024,-1099.3228090266678
260,0.0792,0.4418,0.0158,1.4145,8.18,0.5,0.03299003262535705,0.5612200555554876,0.4435056056946793,3.2318571053527174,822.2942198880096,0.5,0.22035125727989116,6.643750214484616,0.4,5.957740361065606,4.832151546693577,-1099.3228090266678
261,0.0792,0.4418,0.0158,1.4145,8.18,0.5,0.06060881950653865,0.2761020684019901,0.648471727643151,2.5475478472543607,270.90513659218453,0.5,0.016430037896634293,12.433997369723931,0.4,3.1950575634485734,3.8169206719693416,-1099.3228090266678
262,0.0792,0.4418,0.0158,1.4145,8.18,0.5,0.057220614548271036,0.2634766708547154,0.3491821249578668,1.86589487484631,394.15843272813254,0.5,0.21162806972202805,8.770039655840279,0.4,2.03366739520138,7.242613048759692,-1099.3228090266678
263,0.0792,0.4418,0.0158,1.4145,8.18,0.5,0.010413755163198425,0.3581438787913195,0.4590278909658695,4.037786267646541,601.0947253534802,0.5,0.12967642543629185,5.806895328247204,0.4,9.949179965828318,0.1791773971049598,-1099.3228090266678
264,0.0792,0.4418,0.0158,1.4145,8.18,0.5,0.016917619988624757,0.4917058686736192,0.5760688683595178,3.6179909776401002,452.32936023286175,0.5,0.15283934132030896,3.4863038237709403,0.4,2.3405947696606386,1.1736646858103288,-1099.3228090266678
265,0.0792,0.4418,0.0158,1.4145,8.18,0.5,0.04110587416933236,0.6823001563184239,0.05936322418298319,5.369982775396433,816.4937802181564,0.5,0.004831283082388712,6.079119028212906,0.4,7.252196611042292,0.5895490906008257,-1099.3228090266678
266,0.0792,0.4418,0.0158,1.4145,8.18,0.5,0.07089958375719962,0.5497808364092274,0.26753739676162586,6.111933283649804,349.3002847067134,0.5,0.10271806540724361,14.530746336465699,0.4,9.40782110261826,9.480874925381201,-1099.3228090266678
267,0.0792,0.4418,0.0158,1.4145,8.18,0.5,0.0093743670499244,0.34453065642365144,0.6855850274987859,3.333257544726459,777.1926963553168,0.5,0.10486798748668522,17.13320205217451,0.4,4.343288176735826,4.071792286685721,-1099.3228090266678
268,0.0792,0.4418,0.0158,1.4145,8.18,0.5,0.0601544682100691,0.42573716323417937,0.3780326600265855,4.1997586915354885,235.9202446195122,0.5,0.08799580735139566,4.669090345286044,0.4,5.453363089522169,5.268358218100075,-1099.3228090266678
269,0.0792,0.4418,0.0158,1.4145,8.18,0.5,0.0610329733953214,0.7866885860109587,0.36434621971432185,1.873602662109797,580.1249107162535,0.5,0.08780799648243928,12.582330953603844,0.4,9.096341216049955,9.463285808282668,-1099.3228090266678
270,0.0792,0.4418,0.0158,1.4145,8.18,0.5,0.032096137291900265,0.43010759289933886,0.7727601799458482,6.4588900648863765,732.4681733152786,0.5,0.07145313100636558,16.727748100922437,0.4,3.0720062307064637,9.172210718021557,-1099.3228090266678
271,0.0792,0.4418,0.0158,1.4145,8.18,0.5,0.07025403028779176,0.75043425085549,0.6952006978383164,5.406909725972897,294.16891017210884,0.5,0.13796887683967876,18.212890057641623,0.4,4.4294356278661,2.692445825992689,-1099.3228090266678
272,0.0792,0.4418,0.0158,1.4145,8.18,0.5,0.010994764563795766,0.5168193371375325,0.6568000052759994,6.258359313764774,8.554490196118838,0.5,0.02972111231182201,15.807947816109099,0.4,4.001122912596152,9.530916679870208,-1099.3228090266678
273,0.0792,0.4418,0.0158,1.4145,8.18,0.5,0.04439444038139325,0.4196173977581415,0.44543831564057396,1.5309056882831293,728.0378488671698,0.5,0.06659442182992902,10.115104472614517,0.4,5.030912249303606,0.03858035894177916,-3.515585880943058
274,0.0792,0.4418,0.0158,1.4145,8.18,0.5,0.061324740368812414,0.5884617784039132,0.49058866138674156,1.8185956011309774,828.716737557723,0.5,0.1287108372806284,11.729495062182,0.4,2.202991574715923,1.404139396719784,-1099.3228090266678
275,0.0792,0.4418,0.0158,1.4145,8.18,0.5,0.08675599245915037,0.7401996091534697,0.37640857399460237,6.7517149823021105,233.2702436573094,0.5,0.08307245204933132,16.404325742943932,0.4,2.4488257367282356,8.75684450697406,-1099.3228090266678
276,0.0792,0.4418,0.0158,1.4145,8.18,0.5,0.08436238425860662,0.4991474869819026,0.4158800863701833,1.6756664571174125,39.05606026568113,0.5,0.21310028818341248,2.5378225483610057,0.4,7.759024359381763,3.236144012721958,-1099.3228090266678
277,0.0792,0.4418,0.0158,1.4145,8.18,0.5,0.028625860024697376,0.6237405266428959,0.501442539981641,4.984978494604919,202.94030355663753,0.5,0.1676587216989769,18.288601700356914,0.4,8.016590285736557,8.538794613709968,-1099.3228090266678
278,0.0792,0.4418,0.0158,1.4145,8.18,0.5,0.05063770807314033,0.215821044572889,0.5084633814601488,6.7620991093676786,681.6087343277985,0.5,0.04363083956926992,15.160440787441056,0.4,8.296527157814932,1.214902205345339,-1099.3228090266678
279,0.0792,0.4418,0.0158,1.4145,8.18,0.5,0.03419760860779321,0.6156429560993781,0.6191833903203889,4.133117411462302,444.07517169798257,0.5,0.23059391811937505,9.790089036190674,0.4,5.953977647845278,6.959938772211688,-1099.3228090266678
280,0.0792,0.4418,0.0158,1.4145,8.18,0.5,0.03400660085648328,0.6125767258164128,0.7473311545771392,5.127174546525705,546.7856097825127,0.5,0.07382699354827722,19.00803543008024,0.4,4.597282006592718,5.1807597911042675,-1099.3228090266678
281,0.0792,0.4418,0.0158,1.4145,8.18,0.5,0.01437708902647636,0.6981714194103293,0.5316245254642519,1.5228646303125863,286.51270816773433,0.5,0.05776967705976676,10.130345406382078,0.4,0.47954684756103133,8.602616248295462,-1099.3228090266678
282,0.0792,0.4418,0.0158,1.4145,8.18,0.5,0.007807566211169039,0.2543456648480602,0.5358952025642582,1.0500241785821212,499.4553345735094,0.5,0.10892836499217844,13.691730332654172,0.4,4.054431551783091,3.004745129860222,-1099.3228090266678
283,0.0792,0.4418,0.0158,1.4145,8.18,0.5,0.07205673492851804,0.7428592014037358,0.02959208037874519,1.1489468883630258,537.6376376793468,0.5,0.15334557030527132,18.490388588888322,0.4,9.340623829599714,3.1170925764411757,-0.04861882999332878
284,0.0792,0.4418,0.0158,1.4145,8.18,0.5,0.07359606945091614,0.5722767284672916,0.5499179399019464,1.9833837672755046,143.42738088455383,0.5,0.06155246030806992,5.982574552661436,0.4,3.3100417139547664,9.346679705804252,-1099.3228090266678
285,0.0792,0.4418,0.0158,1.4145,8.18,0.5,0.0333352162233406,0.7071004896352593,0.2241448433429044,1.4521369257561196,57.75338846813918,0.5,0.2108243459583932,10.451742856330927,0.4,1.8953003367941004,7.447824095010376,-1099.3228090266678
286,0.0792,0.4418,0.0158,1.4145,8.18,0.5,0.0027979456633200387,0.41642519248434134,0.562527506203174,6.180155460620305,666.9193510797153,0.5,0.009136832257367514,4.428931093910489,0.4,2.804285848284053,8.921041830877288,-1099.3228090266678
287,0.0792,0.4418,0.0158,1.4145,8.18,0.5,0.003649569074734815,0.39884837660361483,0.6990623364396572,5.734156838158405,49.76088170051356,0.5,0.11097388986998391,7.648945872466185,0.4,2.650884234525037,1.277022744137242,-1099.3228090266678
288,0.0792,0.4418,0.0158,1.4145,8.18,0.5,0.03696838584305181,0.6923668422341243,0.7384284060573657,6.91659265497731,918.5857930013815,0.5,0.19389943887378458,17.324475097394835,0.4,7.031316585795528,9.831608726346989,-1099.3228090266678
289,0.0792,0.4418,0.0158,1.4145,8.18,0.5,0.018423710416089912,0.5593213218508979,0.14057889515875116,2.9507433648959087,243.20169616064064,0.5,0.03562989989933823,14.413430370417519,0.4,0.22795304136017225,2.375963046650149,-1099.3228090266678
290,0.0792,0.4418,0.0158,1.4145,8.18,0.5,0.09004506038666044,0.49116548479066197,0.14598695027803224,3.5666379470674663,707.9557465448388,0.5,0.062061187549620526,16.873986779931236,0.4,5.0798953461199705,1.1304485918787937,-1099.3228090266678
291,0.0792,0.4418,0.0158,1.4145,8.18,0.5,0.03792286613669127,0.6593352002437158,0.03999927200719617,5.58839328680818,556.6845356868059,0.5,0.12082402558910953,16.467377588065563,0.4,6.611002457373566,6.063023936789685,-1099.3228090266678
292,0.0792,0.4418,0.0158,1.4145,8.18,0.5,0.08523676166001516,0.4617657254136195,0.3048347398274875,5.143855143156948,881.5826366939779,0.5,0.07531341789572117,17.725727831477265,0.4,9.269652883470235,0.5285067676547883,-1099.3228090266678
293,0.0792,0.4418,0.0158,1.4145,8.18,0.5,0.0031171852799527443,0.7922023992430962,0.5435984707098241,2.454210315819034,609.0030650879534,0.5,0.05833923316014866,17.491252238763657,0.4,8.138491372732345,3.0898876598805747,-1099.3228090266678
294,0.0792,0.4418,0.0158,1.4145,8.18,0.5,0.09331588265247048,0.21674306523739834,0.42692857586266064,4.177891968282619,671.3693923645268,0.5,0.17270550374346386,11.229247255614181,0.4,1.7618291562978112,0.4162281707513185,-1099.3228090266678
295,0.0792,0.4418,0.0158,1.4145,8.18,0.5,0.07535033845360443,0.22935677728431805,0.30329251129035045,2.902825025412008,28.641306223503555,0.5,0.02934421951010755,14.267562285669392,0.4,8.61972762630101,4.251319145059421,-1099.3228090266678
296,0.0792,0.4418,0.0158,1.4145,8.18,0.5,0.022413472712867824,0.6503926251548868,0.04926442449521384,1.7699156570996122,96.70570442983977,0.5,0.06898761983275288,6.339483985870839,0.4,6.591568854835468,6.786944591120326,-1099.3228090266678
297,0.0792,0.4418,0.0158,1.4145,8.18,0.5,0.05553159486378058,0.7161280466815692,0.3603306873363288,5.334957665345931,995.5384780798981,0.5,0.183446165034695,13.33476162344398,0.4,3.2781012297379992,3.824148124017039,-1099.3228090266678
298,0.0792,0.4418,0.0158,1.4145,8.18,0.5,0.06441616856740189,0.7551325053559608,0.6126020013155157,5.6372011924143575,20.92802231283504,0.5,0.11044352883228765,10.880518997784192,0.4,6.158463863190663,0.54772469629677,-1099.3228090266678
299,0.0792,0.4418,0.0158,1.4145,8.18,0.5,0.015632967724088325,0.5919266561708618,0.7264314035862875,6.797623737229184,550.142632748311,0.5,0.22803655621322083,7.759771211595284,0.4,8.805124138552717,4.818099813568146,-1099.3228090266678
300,0.0792,0.4418,0.0158,1.4145,8.18,0.5,0.01458458149729,0.5309069413075362,0.23057534632276525,3.337248303190308,801.6528568097476,0.5,0.13981336386400434,5.412174670768004,0.4,4.120356253426667,8.88281115022343,-1099.3228090266678
301,0.0792,0.4418,0.0158,1.4145,8.18,0.5,0.021410084596340813,0.2059683396069579,0.45510257693528744,6.813012898608301,214.97394079162373,0.5,0.1690975249334231,2.105162272704123,0.4,8.991682697370088,2.4181922034742054,-1099.3228090266678
302,0.0792,0.4418,0.0158,1.4145,8.18,0.5,0.08134064874044815,0.625137135071854,0.7556528546460014,2.3042400505942933,435.0758023093323,0.5,0.03600770605596932,10.258844577056605,0.4,4.383457709738271,4.447390102907347,-1099.3228090266678
303,0.0792,0.4418,0.0158,1.4145,8.18,0.5,0.04536326645944737,0.4681207681207973,0.002823787963861718,6.894043972086132,476.25312738496984,0.5,0.19361210618237581,1.1565985972364485,0.4,8.237028739727409,7.231658450346328,-1099.3228090266678
304,0.0792,0.4418,0.0158,1.4145,8.18,0.5,0.027340870728486545,0.6697459077261243,0.0051403893669083635,3.700341803543477,373.30428237080224,0.5,0.15498565656690869,6.021455943611047,0.4,5.5987800148418545,4.643499351455058,-1099.3228090266678
305,0.0792,0.4418,0.0158,1.4145,8.18,0.5,0.03677168851175253,0.5146438005906068,0.1477199401298104,5.384259729629247,880.0242510179908,0.5,0.15566884807776674,13.804593085809852,0.4,1.0104712861878644,7.728869419230502,-1099.3228090266678
306,0.0792,0.4418,0.0158,1.4145,8.18,0.5,0.07708527736442633,0.6476119235139517,0.15293943471974988,4.58162833451857,485.2695003021881,0.5,0.06479544819575467,2.0848140228843226,0.4,8.318329653235054,9.444199793159031,-1099.3228090266678
307,0.0792,0.4418,0.0158,1.4145,8.18,0.5,0.04012534802108524,0.37448049204227174,0.19606702976598214,2.8902644029210425,905.91359078657,0.5,0.19168556808540702,10.411780213346331,0.4,3.6362481649899525,0.9935679383547349,-1099.3228090266678
308,0.0792,0.4418,0.0158,1.4145,8.18,0.5,0.08568729140132039,0.7769083656783364,0.7440173157128882,4.220762601599777,175.6317208815698,0.5,0.02668529597342128,9.17803777967428,0.4,0.5214760890562907,5.08906063750955,-1099.3228090266678
309,0.0792,0.4418,0.0158,1.4145,8.18,0.5,0.08704185341338659,0.5196944125607936,0.2863814931750327,4.919549780235156,163.7865280940637,0.5,0.10612453553593783,18.166628748366954,0.4,8.413049901391743,4.962382692651088,-1099.3228090266678
310,0.0792,0.4418,0.0158,1.4145,8.18,0.5,0.08224134850282078,0.6756951377911834,0.7800854350558337,5.7914769855187,188.15941638030506,0.5,0.12933344505439473,7.127487880444894,0.4,4.780052550154946,6.420218999959507,-1099.3228090266678
311,0.0792,0.4418,0.0158,1.4145,8.18,0.5,0.036242090917225044,0.3928395227034964,0.6154596983127496,6.690414429095718,396.41401666104844,0.5,0.004189104108191964,16.550771075837137,0.4,6.24146675982314,1.6688270580612565,-1099.3228090266678
312,0.0792,0.4418,0.0158,1.4145,8.18,0.5,0.04484954070529917,0.6607858422463229,0.6359285998530659,3.710417707512205,812.9967782211409,0.5,0.18931688458922288,4.027541650103432,0.4,1.3534472943642437,4.531890854925307,-1099.3228090266678
313,0.0792,0.4418,0.0158,1.4145,8.18,0.5,0.0744995112425996,0.7888299967688621,0.13953471955147873,2.08435098456986,13.84854458314816,0.5,0.09192045803902343,1.2962611394682266,0.4,0.5597415950364243,1.5071627055713601,-1099.3228090266678
314,0.0792,0.4418,0.0158,1.4145,8.18,0.5,0.011964538327206415,0.6038158255181637,0.13011623559304114,6.967741755668233,979.6645182513621,0.5,0.005925650909000578,1.4539380424572872,0.4,3.3170798744443455,4.412570475318817,-1099.3228090266678
315,0.0792,0.4418,0.0158,1.4145,8.18,0.5,0.07626810612630722,0.4037706848944316,0.24555149532317172,6.605858379419384,964.2321718795213,0.5,0.0780611953313989,2.66778750855584,0.4,0.29879743568664624,8.735535094141719,-1099.3228090266678
316,0.0792,0.4418,0.0158,1.4145,8.18,0.5,0.040736751508789186,0.35369843840487575,0.21828530207671318,3.7930351375612075,606.4413628181486,0.5,0.051189853509745885,15.109751732197985,0.4,4.020042292993798,7.171910834043988,-1099.3228090266678
317,0.0792,0.4418,0.0158,1.4145,8.18,0.5,0.0889049403147926,0.2592470535684789,0.24857077839901973,4.308165953140403,967.570137580432,0.5,0.20239367004389952,7.973466820235908,0.4,1.7868294998755587,2.136000958813565,-1099.3228090266678
318,0.0792,0.4418,0.0158,1.4145,8.18,0.5,0.06972630377374998,0.3019303879546727,0.7422618982487771,3.779881867505015,399.17895822685534,0.5,0.08218962643752935,14.859504218746642,0.4,8.46908743526021,2.0035487572668296,-1099.3228090266678
319,0.0792,0.4418,0.0158,1.4145,8.18,0.5,0.08840584301252458,0.6427560224681782,0.3824166456321957,6.71081004179439,460.8623418547161,0.5,0.07694749127809612,12.900627600642224,0.4,8.862778927704952,5.671833738979097,-1099.3228090266678
320,0.0792,0.4418,0.0158,1.4145,8.18,0.5,0.01885186248481027,0.7179203374119913,0.6210521083087671,5.380175819380315,506.5637249526348,0.5,0.07949487081213069,1.625745675248269,0.4,6.52718675912579,7.089523078230415,-1099.3228090266678
321,0.0792,0.4418,0.0158,1.4145,8.18,0.5,0.011095512015678361,0.6535423398972788,0.046966240160903755,3.1570348684045832,55.99330156251516,0.5,0.24135563870784388,7.539419451141286,0.4,8.764033697943145,6.264984490542915,-1099.3228090266678
322,0.0792,0.4418,0.0158,1.4145,8.18,0.5,0.01227141614435005,0.5696173911965783,0.6334432940007438,4.070984572630185,735.3613215090483,0.5,0.16887193771156028,6.980977063227476,0.4,5.210060096419034,7.741628389281192,-1099.3228090266678
323,0.0792,0.4418,0.0158,1.4145,8.18,0.5,0.06647194935131305,0.7354855280140682,0.022136084044450808,3.7197865083869495,516.530304110237,0.5,0.06948948923253674,5.94689651074463,0.4,3.237147921320769,1.0066388591936766,-1099.3228090266678
324,0.0792,0.4418,0.0158,1.4145,8.18,0.5,0.0837591975036416,0.2974691742462199,0.2398747056167423,6.425550518148305,456.7455762554958,0.5,0.24474752860601387,9.919512334102139,0.4,0.31554566017544267,1.7722624097976896,-1099.3228090266678
325,0.0792,0.4418,0.0158,1.4145,8.18,0.5,0.08774817903098571,0.7561712713682034,0.19420802953472255,3.675471462465808,715.150222956157,0.5,0.20109690531979443,1.8409089888767325,0.4,3.7168727414110183,7.875929243526573,-1099.3228090266678
326,0.0792,0.4418,0.0158,1.4145,8.18,0.5,0.04187605712682394,0.6943349785970827,0.20946377797561702,2.354234027715859,101.2808448488147,0.5,0.00973769949181595,13.837598328952982,0.4,5.191718265790412,8.116279895738574,-1099.3228090266678
327,0.0792,0.4418,0.0158,1.4145,8.18,0.5,0.08473647418521729,0.5015100267916344,0.32016807110462436,1.6911939471812927,643.3584766790059,0.5,0.09999310306055548,16.160598357056628,0.4,5.187738244052857,4.777658393005812,-1099.3228090266678
328,0.0792,0.4418,0.0158,1.4145,8.18,0.5,0.022899520428022013,0.3741583605387817,0.7859107831897146,3.2589966115419227,974.5238879758332,0.5,0.039975562677599115,10.659324664231708,0.4,4.223113359948882,5.115700632370555,-1099.3228090266678
329,0.0792,0.4418,0.0158,1.4145,8.18,0.5,0.03140249485409779,0.526951182735433,0.04726009873021603,4.835328446969444,664.7775257465321,0.5,0.12019753867337912,4.845539227711338,0.4,5.710205537452811,3.70370081011776,-1099.3228090266678
330,0.0792,0.4418,0.0158,1.4145,8.18,0.5,0.06400559120870018,0.45155997431931144,0.20318330687831146,6.282288241409116,657.4243398387445,0.5,0.07051498454262452,1.5337614242385027,0.4,8.063106762143692,3.1647108650106826,-1099.3228090266678
331,0.0792,0.4418,0.0158,1.4145,8.18,0.5,0.05702171506398199,0.28792712136523413,0.39689262560516586,2.0452421226405697,303.0868670582486,0.5,0.17722020836380273,19.3100233266945,0.4,4.14009827953343,9.287735447144524,-1099.3228090266678
332,0.0792,0.4418,0.0158,1.4145,8.18,0.5,0.028339701853143554,0.5324559454278082,0.15514816496821257,3.9428723420785285,230.48587531178688,0.5,0.03709572451761623,7.220135375350729,0.4,3.042772199516352,0.7778442609376656,-1099.3228090266678
333,0.0792,0.4418,0.0158,1.4145,8.18,0.5,0.0928655288096333,0.5995066174054009,0.5850756292402529,4.810314689296664,33.07796417634716,0.5,0.046210964241688635,3.261561160214867,0.4,1.2157950965835262,1.856820899361858,-1099.3228090266678
334,0.0792,0.4418,0.0158,1.4145,8.18,0.5,0.0054701386884406155,0.7100011797364332,0.6349166927706283,3.539187195632101,595.4148776684711,0.5,0.08410523873488182,4.303878625813216,0.4,2.895859505908335,2.5735185404159555,-1099.3228090266678
335,0.0792,0.4418,0.0158,1.4145,8.18,0.5,0.07047518172053673,0.2819529572889399,0.7141799560870588,6.29472466891893,138.33957380163162,0.5,0.21205255882212307,6.16222111816658,0.4,0.6017630518146654,5.5255437187440135,-1099.3228090266678
336,0.0792,0.4418,0.0158,1.4145,8.18,0.5,0.06036660305909158,0.685912074956855,0.23587778861943914,1.4395002355820468,755.7907228335108,0.5,0.19640870146927467,14.088198674437672,0.4,2.8691292655218708,2.2082358904484454,-1099.3228090266678
337,0.0792,0.4418,0.0158,1.4145,8.18,0.5,0.04635206352585666,0.2981701668198191,0.20408168382495057,6.772424866234641,541.2362693358365,0.5,0.13826967444402888,8.972270075720575,0.4,0.8735831924717811,0.015508374263944951,-1099.3228090266678
338,0.0792,0.4418,0.0158,1.4145,8.18,0.5,0.03127877565852782,0.710556845384327,0.211931771434337,6.575286478378483,837.2219723526514,0.5,0.14401921995362374,12.676315505194797,0.4,9.806590560338135,4.3641031577478016,-1099.3228090266678
339,0.0792,0.4418,0.0158,1.4145,8.18,0.5,0.05122921212439602,0.3595639792467995,0.7938534198903799,5.1177830780155125,961.8161929232958,0.5,0.010517051590769497,2.4935589341498834,0.4,7.612527376531439,6.199619034776211,-1099.3228090266678
340,0.0792,0.4418,0.0158,1.4145,8.18,0.5,0.0793969024692043,0.7812226633451067,0.019620906821058194,1.664190928917114,458.1831532853323,0.5,0.012233958895254375,12.867875207365437,0.4,5.804758953856496,0.23566868179696146,-4.478797903988455
341,0.0792,0.4418,0.0158,1.4145,8.18,0.5,0.013050441338809546,0.2927775523412624,0.746492723611595,5.909952116449542,149.3877347291063,0.5,0.14356064148475253,11.062042500888715,0.4,9.525723144223903,9.659827735699427,-1099.3228090266678
342,0.0792,0.4418,0.0158,1.4145,8.18,0.5,0.026864979341350053,0.2717384784414895,0.011596402818481094,6.199288286989862,37.26895401895297,0.5,0.17683411375755656,16.371597975158213,0.4,9.720159143510163,4.498606325478334,-1099.3228090266678
343,0.0792,0.4418,0.0158,1.4145,8.18,0.5,0.006830356322152498,0.47157197636760767,0.3155454373187365,1.6111598757647756,279.88696849661045,0.5,0.10687772562219484,7.910281671315322,0.4,2.4100204022733065,9.867979682308118,-1099.3228090266678
344,0.0792,0.4418,0.0158,1.4145,8.18,0.5,0.05428946307316995,0.3401515097125103,0.3405978299173118,2.6587310388486216,944.822240326101,0.5,0.08925796081044676,11.32894001413855,0.4,6.137971955707024,3.727246420015799,-1099.3228090266678
345,0.0792,0.4418,0.0158,1.4145,8.18,0.5,0.07384198466735904,0.553831354295482,0.5420124272193573,4.455195659981697,765.6851750733634,0.5,0.1230572253735854,10.797173110571807,0.4,2.005830232737896,7.3885386551334475,-1099.3228090266678
346,0.0792,0.4418,0.0158,1.4145,8.18,0.5,0.012458832579068444,0.23672081659027625,0.7416880090769383,1.3656858287654579,694.5022894530193,0.5,0.16831870932688006,14.691767861445355,0.4,2.3138771083886507,7.813806277342057,-1099.3228090266678
347,0.0792,0.4418,0.0158,1.4145,8.18,0.5,0.04269030926545809,0.5668859275358948,0.4469439961249944,1.3520949975611778,375.12114610968683,0.5,0.1442805179169411,13.465320201545047,0.4,4.328889484565443,6.572788105301419,-1099.3228090266678
348,0.0792,0.4418,0.0158,1.4145,8.18,0.5,0.05090892684004121,0.45382380215494955,0.27052966041456045,2.4346352744317112,310.6778437452433,0.5,0.16300115021749978,11.97218113568985,0.4,2.071530465730648,4.67382129780491,-1099.3228090266678
349,0.0792,0.4418,0.0158,1.4145,8.18,0.5,0.05647739320358029,0.7876553582031016,0.6761084904623117,4.434732308888813,239.82424873388248,0.5,0.158054569261607,2.865859741458497,0.4,2.3023594207468077,1.3886935452714995,-1099.3228090266678
350,0.0792,0.4418,0.0158,1.4145,8.18,0.5,0.023876609300714714,0.37550869429050576,0.4936580930110071,2.1161871927865215,177.71731001530782,0.5,0.11644667788332079,2.265504704083482,0.4,5.403598482713934,8.824084937402286,-1099.3228090266678
351,0.0792,0.4418,0.0158,1.4145,8.18,0.5,0.0073627544469688656,0.3356552439882656,0.29238249900656715,4.596753014378151,179.58583408005123,0.5,0.14706370319224596,9.09863804314909,0.4,3.417648261008266,4.266454354216886,-1099.3228090266678
352,0.0792,0.4418,0.0158,1.4145,8.18,0.5,0.09194227941581987,0.26079450251267,0.1282401518298634,2.2433404610118,873.0431504604217,0.5,0.05173517258013919,16.463030128982815,0.4,4.999954304588665,5.071009357551897,-1099.3228090266678
353,0.0792,0.4418,0.0158,1.4145,8.18,0.5,0.003895060966839766,0.7612219838042462,0.20140908887945413,2.7318529638773303,939.5885299752027,0.5,0.1419018331887319,1.082240244412639,0.4,6.04932727398364,7.651710768549421,-1099.3228090266678
354,0.0792,0.4418,0.0158,1.4145,8.18,0.5,0.0647550673705586,0.7914476660970542,0.08074579779428992,6.2139688302553,333.74053327461695,0.5,0.12352888435736648,12.512704313690902,0.4,9.27665232591334,9.31555915686681,-1099.3228090266678
355,0.0792,0.4418,0.0158,1.4145,8.18,0.5,0.09458636734121302,0.24437169732246997,0.4260833403196715,1.7438192880233498,328.72172141822045,0.5,0.21524405935506064,7.8757663420923345,0.4,1.4584352593778818,5.9169584563500015,-1099.3228090266678
356,0.0792,0.4418,0.0158,1.4145,8.18,0.5,0.035313856807270644,0.26748098443331847,0.26204304234029313,5.546046272539039,984.3100833533679,0.5,0.011595077315281288,14.244183496037458,0.4,3.612971918510955,6.156767876472234,-1099.3228090266678
357,0.0792,0.4418,0.0158,1.4145,8.18,0.5,0.06476960172628166,0.7963243421751895,0.30014783491194486,4.396923974570921,830.7327830765668,0.5,0.23197502691736277,2.958453604361101,0.4,5.236669731540514,2.7040832424550185,-1099.3228090266678
358,0.0792,0.4418,0.0158,1.4145,8.18,0.5,0.06812005352124999,0.607026451089645,0.6535832463154765,6.250244521421928,857.7181787986609,0.5,0.07583363231459328,17.635008487871776,0.4,6.672169935428069,5.8093375205217015,-1099.3228090266678
359,0.0792,0.4418,0.0158,1.4145,8.18,0.5,0.0700368941714563,0.21098540759260145,0.43798172598375795,2.865578530829424,206.36484605460123,0.5,0.04298326214761115,13.207392640294591,0.4,1.8228440376313988,3.906377933712767,-1099.3228090266678
360,0.0792,0.4418,0.0158,1.4145,8.18,0.5,0.0019846953638101095,0.31353180929431834,0.7670822355517333,6.412900606002159,338.7282505010632,0.5,0.11479425755171685,10.810990001878201,0.4,1.066334595159599,4.721523498034651,-1099.3228090266678
361,0.0792,0.4418,0.0158,1.4145,8.18,0.5,0.025510714858124284,0.3904164279632306,0.5283527645949708,2.845036462008432,48.83320114133881,0.5,0.17982018477205508,4.474036199532137,0.4,2.580877607304678,1.5401659731719233,-1099.3228090266678
362,0.0792,0.4418,0.0158,1.4145,8.18,0.5,0.056285244481943005,0.2954403369550959,0.6054461801185352,6.223523536686186,407.93004921830914,0.5,0.223339616611583,17.799552709740194,0.4,8.92484343511807,7.362623835993954,-1099.3228090266678
363,0.0792,0.4418,0.0158,1.4145,8.18,0.5,0.051213973550341955,0.22655889111060312,0.23017887146076074,6.991817004557854,438.3575743340541,0.5,0.17226489628752092,12.029530557035033,0.4,1.3237206742439995,1.9391531785860994,-1099.3228090266678
364,0.0792,0.4418,0.0158,1.4145,8.18,0.5,0.0926290922920801,0.6718300072410106,0.09122827849269977,3.2055887098728206,344.0659293360103,0.5,0.09625970319669985,8.021998659154988,0.4,5.795543344220142,1.358250660370328,-1099.3228090266678
365,0.0792,0.4418,0.0158,1.4145,8.18,0.5,0.08563455283437343,0.36269937685318066,0.6827133428922341,2.907294884181691,528.9791151407977,0.5,0.04111479493288944,8.704183113771286,0.4,4.082430231762678,1.6213002165110684,-1099.3228090266678
366,0.0792,0.4418,0.0158,1.4145,8.18,0.5,0.09930894045627776,0.4957132146354771,0.6268902747925966,1.5671803547912475,227.9803691717361,0.5,0.15993642025330468,5.112679901359614,0.4,7.900204207400593,4.110436982233598,-1099.3228090266678
367,0.0792,0.4418,0.0158,1.4145,8.18,0.5,0.09100472568726632,0.23379273438910225,0.2974746459082314,6.619727725934513,667.6890813938827,0.5,0.07476387301157088,13.753733228164862,0.4,1.2420291201488982,3.9229623799864646,-1099.3228090266678
368,0.0792,0.4418,0.0158,1.4145,8.18,0.5,0.08191491824590463,0.3995064686120986,0.3623694535549378,2.918399660707718,10.059927871084346,0.5,0.14612529347083617,15.70651087367137,0.4,5.9331228147646335,3.3232770119528365,-1099.3228090266678
369,0.0792,0.4418,0.0158,1.4145,8.18,0.5,0.007210634376780993,0.35452014183147607,0.43983274258545974,1.6426906296725328,17.876710205005356,0.5,0.23288418054703675,12.818351207954082,0.4,4.221185162245467,8.023316659591027,-1099.3228090266678
370,0.0792,0.4418,0.0158,1.4145,8.18,0.5,0.007499228113034973,0.7755649249013243,0.014839459750871028,3.6470505539529325,114.30736750321701,0.5,0.16555325047646513,3.654317210875784,0.4,8.514953457573693,0.8888228447065175,-1099.3228090266678
371,0.0792,0.4418,0.0158,1.4145,8.18,0.5,0.09773605479879323,0.37240033647247056,0.6911705356893844,4.420305130694467,512.1058260458552,0.5,0.22867275549566524,6.4205137029344215,0.4,3.9232238770754537,6.804655364325568,-1099.3228090266678
372,0.0792,0.4418,0.0158,1.4145,8.18,0.5,0.05410375540722332,0.42361622542863864,0.7359641917088027,6.637626551355335,962.5472489135146,0.5,0.1263967595399288,17.35360724147195,0.4,9.409660954511653,2.9913026702994885,-1099.3228090266678
373,0.0792,0.4418,0.0158,1.4145,8.18,0.5,0.02786535528915597,0.3939227240744749,0.25117408094318017,3.289549540558869,505.0504554025967,0.5,0.1857776455571337,10.050218389970462,0.4,2.5998309358581193,3.3111294001331033,-1099.3228090266678
374,0.0792,0.4418,0.0158,1.4145,8.18,0.5,0.06730933530099295,0.497265077260844,0.2539152062884005,1.966136039837721,435.9114535467327,0.5,0.17938493768674196,19.468364254325486,0.4,9.632948986835679,9.511202643411021,-1099.3228090266678
375,0.0792,0.4418,0.0158,1.4145,8.18,0.5,0.009134291999395217,0.47751552677164916,0.43021221635025847,6.308030525787697,956.3033502673467,0.5,0.19930024129169738,13.555149052925701,0.4,0.12348015579888133,9.895171754333319,-1099.3228090266678
376,0.0792,0.4418,0.0158,1.4145,8.18,0.5,0.04490834034379482,0.596111012481773,0.024720415931905677,5.9410076283831,602.3813783657226,0.5,0.06536159738986318,10.958121852393306,0.4,7.575066477045913,3.884183918752234,-1099.3228090266678
377,0.0792,0.4418,0.0158,1.4145,8.18,0.5,0.06195860266351378,0.40912508352209936,0.16576724569597256,2.5999338042318687,874.7376153809143,0.5,0.06770309930961858,16.090664122077634,0.4,6.9267002192662135,3.524059916376628,-1099.3228090266678
378,0.0792,0.4418,0.0158,1.4145,8.18,0.5,0.09805832734337108,0.7460304202559234,0.17737052944555082,5.6498285584516434,840.4346659258863,0.5,0.07902495582929125,10.50299371869815,0.4,3.550964592710534,6.081634355391038,-1099.3228090266678
379,0.0792,0.4418,0.0158,1.4145,8.18,0.5,0.056965960389159354,0.5102696266809134,0.5670855187878743,1.1218359736989587,769.1069128364428,0.5,0.12684295874737367,15.458453116083879,0.4,3.4409531562572155,2.896122010866367,-1099.3228090266678
380,0.0792,0.4418,0.0158,1.4145,8.18,0.5,0.08731642854969159,0.5473044886580103,0.3539194729886495,4.573772006782327,298.6288637836146,0.5,0.14816696893558168,9.023750967830278,0.4,6.079523020578953,7.512274419924858,-1099.3228090266678
381,0.0792,0.4418,0.0158,1.4145,8.18,0.5,0.014922858136837299,0.6996632405328753,0.5254734645889357,1.2578165368189698,901.855647295044,0.5,0.15624262342628373,3.7714739238832324,0.4,4.099748214294702,9.544129205703902,-1099.3228090266678
382,0.0792,0.4418,0.0158,1.4145,8.18,0.5,0.09589020420177856,0.7994786455663396,0.22726266840534828,5.35645305653754,687.8765288225841,0.5,0.16176831145753304,17.51541908802967,0.4,5.032917464119809,9.773367313998488,-1099.3228090266678
383,0.0792,0.4418,0.0158,1.4145,8.18,0.5,0.034805881131272254,0.38664130805910846,0.09838460522466502,6.683998673682821,860.5159498805257,0.5,0.018288585741521483,15.307609931248988,0.4,9.16682592072092,3.7877629153500036,-1099.3228090266678
384,0.0792,0.4418,0.0158,1.4145,8.18,0.5,0.03228177711332018,0.4079566939626931,0.5595290530495477,5.5137225519152855,252.80352153343685,0.5,0.1758561433265656,19.209608395559968,0.4,2.2474356443360315,8.562629159497574,-1099.3228090266678
385,0.0792,0.4418,0.0158,1.4145,8.18,0.5,0.0688856885262822,0.6336956467747881,0.4112635283475486,4.774601610336461,865.5271775735682,0.5,0.12777427996075436,19.93915579136391,0.4,6.462940279778229,1.3758902747310309,-1099.3228090266678
386,0.0792,0.4418,0.0158,1.4145,8.18,0.5,0.0548278465208153,0.3164574251581157,0.15159415881691857,5.598341889780046,318.3734756177633,0.5,0.07761821087542738,5.158074548957187,0.4,9.455083407495547,3.1540592200908164,-1099.3228090266678
387,0.0792,0.4418,0.0158,1.4145,8.18,0.5,0.018610867925406917,0.737723223157819,0.5109992586081281,6.242770823719982,71.90169395317612,0.5,0.03228799460925435,7.584888801145046,0.4,2.993548611351793,2.9380049463419593,-1099.3228090266678
388,0.0792,0.4418,0.0158,1.4145,8.18,0.5,0.03962432654587413,0.5231050119585758,0.07938095680890213,2.2126127940293285,54.36613151764285,0.5,0.0476599037588225,3.00682897644995,0.4,6.198950225065445,1.303449694554795,-1099.3228090266678
389,0.0792,0.4418,0.0158,1.4145,8.18,0.5,0.017865401902494676,0.4932578641471762,0.47989395600721024,3.0603108188452035,587.7596428438311,0.5,0.05389014868975762,16.966578766688276,0.4,8.783399577909462,2.793162216909953,-1099.3228090266678
390,0.0792,0.4418,0.0158,1.4145,8.18,0.5,0.09571737071897622,0.4101207221287138,0.7028334257456719,2.669010764059388,2.3346475467596157,0.5,0.24243186245164622,6.776053892365089,0.4,4.318727351872128,0.30392381460523643,-1099.3228090266678
391,0.0792,0.4418,0.0158,1.4145,8.18,0.5,0.07160745893866347,0.5287499187253636,0.568643080724053,4.098912676805212,586.1911771508167,0.5,0.21988253839906735,13.924869131529519,0.4,5.8396052615292025,9.735881106918184,-1099.3228090266678
392,0.0792,0.4418,0.0158,1.4145,8.18,0.5,0.0005373821722954395,0.44292591881578847,0.12554976663365935,1.5843817056296674,712.4900369162298,0.5,0.21485652231083058,15.60163323517915,0.4,3.0227428961526197,8.205247917370118,-1099.3228090266678
393,0.0792,0.4418,0.0158,1.4145,8.18,0.5,0.08273802795553882,0.5552276883413424,0.18182092573106956,5.786327986661778,192.80158487080078,0.5,0.03725419895847239,18.002241774567135,0.4,1.4665570886029824,9.429890522122237,-1099.3228090266678
394,0.0792,0.4418,0.0158,1.4145,8.18,0.5,0.0007283481426451704,0.26488056028917617,0.2953723643738009,2.7633021236861217,536.6235050067727,0.5,0.0861622125640826,3.6991316699181955,0.4,5.276925971011569,3.442524074080113,-1099.3228090266678
395,0.0792,0.4418,0.0158,1.4145,8.18,0.5,0.038546100214569744,0.3890928121420366,0.6388367515052702,3.4892549552722354,915.101681154498,0.5,0.1282985503579501,15.227281718095407,0.4,1.6225124773620105,9.626902069029247,-1099.3228090266678
396,0.0792,0.4418,0.0158,1.4145,8.18,0.5,0.03991975774581353,0.42174304850108824,0.5540354774591603,5.454423226296334,836.0541360965677,0.5,0.10571686155087673,8.036815427652053,0.4,5.106456093254556,9.797106483184411,-1099.3228090266678
397,0.0792,0.4418,0.0158,1.4145,8.18,0.5,0.09759859273261492,0.794449896251314,0.49531620543825594,3.1812168404544616,26.723758643390884,0.5,0.18155247470851155,7.3568265276755875,0.4,2.9306396333527838,5.852814478488858,-1099.3228090266678
398,0.0792,0.4418,0.0158,1.4145,8.18,0.5,0.021616842162896183,0.4122230793403,0.4209254336776738,3.4460800588627176,285.5057896108899,0.5,0.1405258048429849,17.76859582817595,0.4,1.9241553728702743,6.465762718857709,-1099.3228090266678
399,0.0792,0.4418,0.0158,1.4145,8.18,0.5,0.013950692483021302,0.6320889070814242,0.32923514563273254,2.8113031369606225,573.8738987025012,0.5,0.15379672354214516,4.1831350436279875,0.4,0.9424310459966347,2.0255000466990793,-1099.3228090266678
400,0.0792,0.4418,0.0158,1.4145,8.18,0.5,0.08609522863943381,0.3810165546117825,0.6284197821916306,4.446703863390963,560.3058708139155,0.5,0.08574483975809329,18.243909843036363,0.4,8.49646907925167,7.829474631110279,-1099.3228090266678
401,0.0792,0.4418,0.0158,1.4145,8.18,0.5,0.08603251608257921,0.5980214609772534,0.4493094000275798,3.381167554556077,76.50280614765796,0.5,0.10960048970936243,12.810619025636633,0.4,4.670293747456953,3.4761856579554005,-1099.3228090266678
402,0.0792,0.4418,0.0158,1.4145,8.18,0.5,0.03280741388863173,0.6569279452383315,0.3701912193557109,5.248016738246903,289.1020555974401,0.5,0.00791467272325559,3.2824272797867518,0.4,2.1387313860100408,9.420027307092342,-1099.3228090266678
403,0.0792,0.4418,0.0158,1.4145,8.18,0.5,0.061560410134971655,0.31056901485253474,0.6867287223768123,5.257670376276278,993.099087913551,0.5,0.04962327297807899,16.74999450658216,0.4,1.5931684160484856,8.302457814143361,-1099.3228090266678
404,0.0792,0.4418,0.0158,1.4145,8.18,0.5,0.004479724716814946,0.5667636349433574,0.3811144466228904,2.5604320595433814,826.8058644240874,0.5,0.2222652653990815,2.2309596949877832,0.4,9.727543214004493,5.873698766173693,-1099.3228090266678
405,0.0792,0.4418,0.0158,1.4145,8.18,0.5,0.05048092216477931,0.6542078773262989,0.7116567175912292,1.4991764488480634,36.595330974200195,0.5,0.10637073348237093,8.875382826814135,0.4,6.178558864573067,2.065861649939046,-1099.3228090266678
406,0.0792,0.4418,0.0158,1.4145,8.18,0.5,0.04873357296676621,0.6673395528505985,0.3325973855759013,6.939832035391874,152.94700495662158,0.5,0.12068844163375261,16.16666927203598,0.4,1.7378790377419873,8.374808520295536,-1099.3228090266678
407,0.0792,0.4418,0.0158,1.4145,8.18,0.5,0.09863390012389622,0.4437902358224046,0.1342954794535846,1.5026357038110612,463.57859372056566,0.5,0.22733431686283573,4.083062616423406,0.4,0.7836682734830964,7.273950884867192,-1099.3228090266678
408,0.0792,0.4418,0.0158,1.4145,8.18,0.5,0.011317496727886685,0.21242078562182465,0.11301525546173731,1.3185626025925081,316.8535358806821,0.5,0.17516020685997122,14.006604290532838,0.4,2.4949551243031856,7.669458077300422,-1099.3228090266678
409,0.0792,0.4418,0.0158,1.4145,8.18,0.5,0.07808060609276968,0.7270682548486258,0.16795409984009838,3.8070332250546812,603.8867960290427,0.5,0.03083663483387779,12.284665553778225,0.4,6.105044810004434,3.555647588612937,-1099.3228090266678
410,0.0792,0.4418,0.0158,1.4145,8.18,0.5,0.0751152550514039,0.6522338715910683,0.1712300617841812,3.395096741795606,276.3982674582264,0.5,0.15448607065379494,17.881071694852626,0.4,2.638599307014452,5.926017933900933,-1099.3228090266678
411,0.0792,0.4418,0.0158,1.4145,8.18,0.5,0.08072877407213533,0.5413132912771066,0.5839747328132725,1.404156663795274,207.99546787822098,0.5,0.18428244957710754,11.404513696678952,0.4,2.520088738896305,6.554034209984543,-1099.3228090266678
412,0.0792,0.4418,0.0158,1.4145,8.18,0.5,0.027146769858076132,0.4803768369814292,0.6108748318459485,6.82735947569962,119.79792316574722,0.5,0.21432635427034832,5.523275248902596,0.4,4.508884534323237,1.2498365554749584,-1099.3228090266678
413,0.0792,0.4418,0.0158,1.4145,8.18,0.5,0.05154297675623523,0.2915875184953568,0.6521603673070099,3.8890615530753694,847.8145193656225,0.5,0.055548369142254535,8.941131522646415,0.4,0.586727994861557,6.406898275987335,-1099.3228090266678
414,0.0792,0.4418,0.0158,1.4145,8.18,0.5,0.013532970546219032,0.6651923105698855,0.7658476654185474,5.176812538082893,44.053088129039374,0.5,0.24545291908681452,1.9065817641727305,0.4,8.973342317028106,2.1945940392184577,-1099.3228090266678
415,0.0792,0.4418,0.0158,1.4145,8.18,0.5,0.07175147255871855,0.3974794950074233,0.6594811758925487,5.745643844085762,347.9515981140154,0.5,0.0730241509972618,11.62849131292994,0.4,3.345210319967546,0.6959818172485257,-1099.3228090266678
416,0.0792,0.4418,0.0158,1.4145,8.18,0.5,0.04358691072398839,0.7845034447013985,0.1497798353515213,1.6084390669083923,171.09097781085387,0.5,0.0627998531393419,18.428570696784494,0.4,6.128265690550261,1.5632678290889388,-3.7185881357419204
417,0.0792,0.4418,0.0158,1.4145,8.18,0.5,0.058298450935150924,0.6837366822564264,0.0159248448655975,5.7241205538123285,639.0310961724743,0.5,0.033982252362426454,19.36481852281773,0.4,7.531854035983064,0.6417030889061334,-1099.3228090266678
418,0.0792,0.4418,0.0158,1.4145,8.18,0.5,0.017506185257514618,0.3667550923848886,0.47707499151370897,5.1658979530001155,371.3328154783485,0.5,0.21068179734997966,2.193361983172476,0.4,0.21864519582906505,4.622796886774484,-1099.3228090266678
419,0.0792,0.4418,0.0158,1.4145,8.18,0.5,0.07733153432539085,0.42258958007505837,0.25815842597568156,1.3043532254729233,110.19727108636644,0.5,0.022067295887581048,16.299506684537043,0.4,7.005145263633834,2.1174825894169595,-1099.3228090266678
420,0.0792,0.4418,0.0158,1.4145,8.18,0.5,0.06346551690125113,0.7833011884298053,0.3313278147869131,4.78987625298902,199.74486220138652,0.5,0.14286476268265375,4.625614196389689,0.4,6.8832211814639805,9.985022386319557,-1099.3228090266678
421,0.0792,0.4418,0.0158,1.4145,8.18,0.5,0.05480607357663418,0.44912525077088394,0.03281470872428495,5.568277504065974,510.67270447113367,0.5,0.1646300453072723,15.889914663761614,0.4,6.218426735677545,2.6442107280289844,-1099.3228090266678
422,0.0792,0.4418,0.0158,1.4145,8.18,0.5,0.045594427612872294,0.3418471753268672,0.054772260357416815,3.9128433968329412,296.3911418190135,0.5,0.0895870197796156,16.345849668284302,0.4,9.386049421521394,8.064206026393594,-1099.3228090266678
423,0.0792,0.4418,0.0158,1.4145,8.18,0.5,0.08792505266887266,0.7334300347224119,0.027582308922056084,6.113529443313002,697.301991793977,0.5,0.021165508415614175,5.042369883105308,0.4,8.077704865954372,5.050802339537177,-1099.3228090266678
424,0.0792,0.4418,0.0158,1.4145,8.18,0.5,0.06237031848583288,0.6194681395548843,0.09785222100106511,1.7864042089883183,487.40633051530045,0.5,0.04429661477440328,9.295943965391539,0.4,4.901532262760507,4.18143363837763,-1099.3228090266678
425,0.0792,0.4418,0.0158,1.4145,8.18,0.5,0.051724833002579886,0.565515042835175,0.1857149912816172,5.3199023878938325,928.7002343805182,0.5,0.18878450350131668,4.3910110008905665,0.4,6.057890314717991,0.13823624801761392,-1099.3228090266678
426,0.0792,0.4418,0.0158,1.4145,8.18,0.5,0.0954312554467523,0.4792954289577175,0.21645589069173643,1.0136940937461751,363.70837360682265,0.5,0.13670591685093378,16.209685514343626,0.4,7.235053799143858,5.618152449615692,-1099.3228090266678
427,0.0792,0.4418,0.0158,1.4145,8.18,0.5,0.046819473463680907,0.4727414728509389,0.34411219179160285,3.5209961713926328,758.5295365293631,0.5,0.16963594681127014,12.308092626022786,0.4,5.834782527868074,3.271074668717286,-1099.3228090266678
428,0.0792,0.4418,0.0158,1.4145,8.18,0.5,0.09281570879428377,0.23655496597076656,0.721528763115874,6.481007993317944,41.70681286335866,0.5,0.04678955627296476,2.4757017091362368,0.4,1.3001509681922117,0.45805316097949755,-1099.3228090266678
429,0.0792,0.4418,0.0158,1.4145,8.18,0.5,0.08160368904552466,0.3262778623575939,0.2102806845225295,5.142884840249341,822.9599068535928,0.5,0.07443247753419291,3.6655188490249015,0.4,7.832395823063785,4.598939148367282,-1099.3228090266678
430,0.0792,0.4418,0.0158,1.4145,8.18,0.5,0.0530070562972447,0.41511308717808915,0.4811130635199589,1.4593263326490709,575.4470074079471,0.5,0.019529285861697967,11.44541429014505,0.4,0.8174705610402951,6.8447772565640115,-1099.3228090266678
431,0.0792,0.4418,0.0158,1.4145,8.18,0.5,0.020692413604569894,0.4860337452823934,0.45211946840437284,5.7767907157134815,522.2679342128954,0.5,0.0028258082140441643,4.695251252454927,0.4,4.287256498662552,8.866961978111707,-1099.3228090266678
432,0.0792,0.4418,0.0158,1.4145,8.18,0.5,0.024927336577836506,0.5903381636756033,0.136049501341899,5.056585179459952,360.49335981415345,0.5,0.2433022345364004,18.661230785734574,0.4,8.551224652499112,4.7006544382285504,-1099.3228090266678
433,0.0792,0.4418,0.0158,1.4145,8.18,0.5,0.04505925019316457,0.7438846927747655,0.4832662318660124,4.496247712215997,61.84995252060833,0.5,0.039559542071052146,19.444405295475857,0.4,5.675503029719813,3.3733309715783553,-1099.3228090266678
434,0.0792,0.4418,0.0158,1.4145,8.18,0.5,0.020963922353408316,0.2415327447524492,0.11636356352180005,2.7758876141454785,83.49480576628932,0.5,0.0148864392927179,10.585458138637343,0.4,8.561904492852566,6.229918523583397,-1099.3228090266678
435,0.0792,0.4418,0.0158,1.4145,8.18,0.5,0.01505586494511521,0.5244384297639697,0.31476144469818346,1.13030369665699,29.36524407144732,0.5,0.1847630315072591,1.316640871034392,0.4,1.968998883670833,6.988150052280842,-1099.3228090266678
436,0.0792,0.4418,0.0158,1.4145,8.18,0.5,0.08932849056397309,0.5109735487854623,0.7979989401990903,3.2389843762782045,12.85001463105966,0.5,0.2312829250446187,15.664921214369015,0.4,2.1187577417409567,2.095784020731555,-1099.3228090266678
437,0.0792,0.4418,0.0158,1.4145,8.18,0.5,0.04396900625361479,0.6618783285954984,0.6038975498485912,5.060358070880833,403.3921408035308,0.5,0.16220391303820147,8.794180807233676,0.4,9.53141682365762,0.6109790431497922,-1099.3228090266678
438,0.0792,0.4418,0.0158,1.4145,8.18,0.5,0.07102189372783524,0.505366997982537,0.2733308549070507,2.716371062770699,656.8609217951683,0.5,0.17462762676159324,2.4363979878462256,0.4,7.744810450354818,8.795281437946201,-1099.3228090266678
439,0.0792,0.4418,0.0158,1.4145,8.18,0.5,0.028048119424563273,0.5059682745760379,0.7262485210023659,2.631865689725579,851.363196444076,0.5,0.2296068282689997,18.316876287585888,0.4,7.777519049734728,5.237940102031317,-1099.3228090266678
440,0.0792,0.4418,0.0158,1.4145,8.18,0.5,0.01410028106706171,0.5752931028833268,0.5448279759619082,5.308330760057201,136.572541046117,0.5,0.1524512489914861,2.735784491280146,0.4,7.1966685142762525,5.657824886342212,-1099.3228090266678
441,0.0792,0.4418,0.0158,1.4145,8.18,0.5,0.05318239132674952,0.5504413677190447,0.030335850510867186,2.0736376096740075,972.2066618448462,0.5,0.23811099889677473,9.547994627039175,0.4,0.4759216036814282,5.024238758428355,-1099.3228090266678
442,0.0792,0.4418,0.0158,1.4145,8.18,0.5,0.06500273670763487,0.6881426748882125,0.4175211538699749,1.825840734514582,646.2437941162315,0.5,0.14941380306067575,13.428816528626665,0.4,4.9867028091445125,3.8734795057215172,-1099.3228090266678
443,0.0792,0.4418,0.0158,1.4145,8.18,0.5,0.047205491318995964,0.5029210074707593,0.6135483425565398,2.709017061040891,643.0175649701762,0.5,0.24615380554595961,5.3505923445841095,0.4,1.9038704144812035,5.4705278422026264,-1099.3228090266678
444,0.0792,0.4418,0.0158,1.4145,8.18,0.5,0.0024058600292745933,0.6020700026764036,0.7880965334167673,4.057703605087189,358.1561767936123,0.5,0.19977832648740337,6.3081548174739845,0.4,0.4018555677890741,6.3474512506548155,-1099.3228090266678
445,0.0792,0.4418,0.0158,1.4145,8.18,0.5,0.05761687811861571,0.6396995537218956,0.41368472546289203,5.182804613415585,366.74534784590224,0.5,0.09687390425526339,1.6812580061310354,0.4,5.330869090061116,0.9524795856685843,-1099.3228090266678
446,0.0792,0.4418,0.0158,1.4145,8.18,0.5,0.0394674256164537,0.2691013678785652,0.23320627805940777,5.333709137838324,116.92553041436544,0.5,0.22203045245222217,14.360169786539887,0.4,8.366893736294665,8.920023485386663,-1099.3228090266678
447,0.0792,0.4418,0.0158,1.4145,8.18,0.5,0.044602701764866026,0.28973170180270785,0.734619687069953,4.684577105976354,647.4672901629438,0.5,0.146838903476042,3.7940164904954683,0.4,5.367370361520698,4.20848475392853,-1099.3228090266678
448,0.0792,0.4418,0.0158,1.4145,8.18,0.5,0.008653057738110348,0.38252027876029393,0.7718216852555959,6.496289109333348,792.9357557359034,0.5,0.20966014529480223,16.268917859448475,0.4,6.773351558343332,1.9602166941297399,-1099.3228090266678
449,0.0792,0.4418,0.0158,1.4145,8.18,0.5,0.09213758387653104,0.3432888924887779,0.4064045568624335,3.7739075375504063,343.7472453516286,0.5,0.22592973983614503,16.93897970075976,0.4,0.34360656916668003,6.360534400832527,-1099.3228090266678
450,0.0792,0.4418,0.0158,1.4145,8.18,0.5,0.03868890494726744,0.331013939707435,0.09336065033420397,3.6373506396276376,304.3840987705656,0.5,0.0673060201091152,19.325823237581616,0.4,4.7734909270071535,6.292001369049261,-1099.3228090266678
451,0.0792,0.4418,0.0158,1.4145,8.18,0.5,0.008246739843588386,0.3174710969317251,0.3587206261665363,5.438163478369281,418.22723975042766,0.5,0.16611445603920227,12.438441810848843,0.4,6.725818490993005,5.689124049589097,-1099.3228090266678
452,0.0792,0.4418,0.0158,1.4145,8.18,0.5,0.08713249152602259,0.7525368069393052,0.19139386063002542,1.8456574239471886,891.3398864312841,0.5,0.058806816745455175,7.044680303219018,0.4,8.819342013929594,3.074322602211779,-1099.3228090266678
453,0.0792,0.4418,0.0158,1.4145,8.18,0.5,0.05255670615810591,0.5913054523191648,0.66629852753966,4.283190233739904,791.826851128803,0.5,0.04719421775339205,19.042009056350004,0.4,6.019863888654219,1.7400953820083245,-1099.3228090266678
454,0.0792,0.4418,0.0158,1.4145,8.18,0.5,0.029483971623031003,0.6970125777030267,0.592269723643165,5.6902825944244375,131.49018983153564,0.5,0.11395009146406739,15.252531639319963,0.4,8.08755252863892,5.496958404064703,-1099.3228090266678
455,0.0792,0.4418,0.0158,1.4145,8.18,0.5,0.01991667378738593,0.6222444576006932,0.7835590451419403,5.26433763294041,264.7767662214464,0.5,0.15660413151857663,17.66031502576809,0.4,4.48765674695069,5.130595076094437,-1099.3228090266678
456,0.0792,0.4418,0.0158,1.4145,8.18,0.5,0.09656985253399447,0.38358503103400066,0.4413974292643769,3.501800870568127,82.03083716258412,0.5,0.03183740483965229,17.593804625761123,0.4,5.321410505063041,3.351418469811072,-1099.3228090266678
457,0.0792,0.4418,0.0158,1.4145,8.18,0.5,0.0830663649963285,0.713194667151025,0.3709896324205518,6.603195544939469,871.3516194790412,0.5,0.06832064142000142,18.78136702644864,0.4,6.308123101584914,7.580814068204119,-1099.3228090266678
458,0.0792,0.4418,0.0158,1.4145,8.18,0.5,0.08252873178464669,0.3278284681305226,0.5994699890880951,4.663837860091059,531.4965816213922,0.5,0.17011522827891576,6.575329469299518,0.4,2.951185274702823,9.235415832708938,-1099.3228090266678
459,0.0792,0.4418,0.0158,1.4145,8.18,0.5,0.011507054131314528,0.37012395614848864,0.08866009660333696,4.651838186059388,930.6400526969229,0.5,0.01781940425278741,5.0919817663534,0.4,3.652737688419386,7.779052267961028,-1099.3228090266678
460,0.0792,0.4418,0.0158,1.4145,8.18,0.5,0.04800812543259416,0.7742356777975137,0.0867697723275074,3.738386690327011,189.68958285216974,0.5,0.11883589948697229,7.418048589872542,0.4,7.791408665847651,5.515012495272296,-1099.3228090266678
461,0.0792,0.4418,0.0158,1.4145,8.18,0.5,0.047709764542120545,0.5576290485617683,0.042691595979862405,2.0527937884467793,826.4654136132626,0.5,0.15527448699342986,5.484675835367975,0.4,9.052498076419981,2.9070668878281927,-1099.3228090266678
462,0.0792,0.4418,0.0158,1.4145,8.18,0.5,0.008609497395113047,0.43277429787317423,0.43634787508994494,6.641737940006829,585.2312701146151,0.5,0.24560773608345524,2.591205151498642,0.4,9.206324713446211,6.309064302745863,-1099.3228090266678
463,0.0792,0.4418,0.0158,1.4145,8.18,0.5,0.03242503360747159,0.7664480903562028,0.03844377996814273,4.5377535828482065,307.4455224052622,0.5,0.0953234966049552,15.99301198195596,0.4,9.022961907529867,2.170700569222485,-1099.3228090266678
464,0.0792,0.4418,0.0158,1.4145,8.18,0.5,0.005023646813641637,0.28058331532338027,0.4841709268931899,3.8767255004745333,631.9518063819642,0.5,0.14098207635181995,15.751775767957243,0.4,0.19644782707529357,9.257590854612186,-1099.3228090266678
465,0.0792,0.4418,0.0158,1.4145,8.18,0.5,0.04834947407410445,0.37768217883228117,0.45205181238316,3.8697943708812526,888.3454381715135,0.5,0.006614031191462065,11.03115349345116,0.4,1.2846580603809932,0.7035234165134976,-1099.3228090266678
466,0.0792,0.4418,0.0158,1.4145,8.18,0.5,0.015390154777326623,0.7215819639235082,0.5875649554767539,4.47990601214087,449.2373529099393,0.5,0.11214598600193328,14.827622517076486,0.4,6.326721097863284,7.333659276121481,-1099.3228090266678
467,0.0792,0.4418,0.0158,1.4145,8.18,0.5,0.09606858970686054,0.2517685374504881,0.017767014533530683,1.6530759633993917,50.99902753761725,0.5,0.0931102370492177,7.671223613820112,0.4,4.754500713049957,6.111363315147809,-1099.3228090266678
468,0.0792,0.4418,0.0158,1.4145,8.18,0.5,0.005820525199769949,0.44044736994581724,0.3734079334258316,5.891584970121724,866.9026296012477,0.5,0.030610433931358563,1.9827317833203495,0.4,8.52152338817707,6.126014381300789,-1099.3228090266678
469,0.0792,0.4418,0.0158,1.4145,8.18,0.5,0.005043339011658112,0.43967796716343976,0.11184317163140514,5.6649533507244385,653.2729118987555,0.5,0.10156645205700088,13.583201452148291,0.4,8.617287099539523,8.470784411825116,-1099.3228090266678
470,0.0792,0.4418,0.0158,1.4145,8.18,0.5,0.07055832570101207,0.32478291953889515,0.12140507779734694,2.342643059321313,166.9478177681362,0.5,0.02501089647210463,14.203337121674027,0.4,7.989152236494624,9.913022349351847,-1099.3228090266678
471,0.0792,0.4418,0.0158,1.4145,8.18,0.5,0.024302964001166657,0.7173128931091004,0.46279735611621514,2.5785287818921603,935.2932400362536,0.5,0.23730506355636255,19.05742014353726,0.4,3.174393362477654,0.57703416704099,-1099.3228090266678
472,0.0792,0.4418,0.0158,1.4145,8.18,0.5,0.045810147577853934,0.4984498258785378,0.7185787967279577,3.81870322877442,320.81175568548264,0.5,0.061359234537902166,15.693457819307824,0.4,0.9958811272103686,8.490311392912313,-1099.3228090266678
473,0.0792,0.4418,0.0158,1.4145,8.18,0.5,0.028915576362839188,0.37170558626040917,0.537085647911956,4.522331067392504,103.37857293391106,0.5,0.09582276408189742,8.212185388511411,0.4,6.537516184087215,3.5684485575510823,-1099.3228090266678
474,0.0792,0.4418,0.0158,1.4145,8.18,0.5,0.07606669869271696,0.7310040058792482,0.6724901996746069,3.957147017987465,70.57234185079685,0.5,0.21408365290448794,8.155056420359681,0.4,8.726608517460233,6.896130413220574,-1099.3228090266678
475,0.0792,0.4418,0.0158,1.4145,8.18,0.5,0.03983240248085064,0.7423187695629456,0.05647854632017214,5.486020610627669,618.5924266878043,0.5,0.06063876833480602,4.344363211073626,0.4,9.477432612355328,8.150230599265724,-1099.3228090266678
476,0.0792,0.4418,0.0158,1.4145,8.18,0.5,0.08398634846088182,0.7645872980609367,0.2936389585598995,3.137850271182157,160.07506979155255,0.5,0.031592907664956246,3.378840918362243,0.4,6.574700734707865,7.130235161807678,-1099.3228090266678
477,0.0792,0.4418,0.0158,1.4145,8.18,0.5,0.055192868188182274,0.39680692963046527,0.06568482751333736,6.586127116709555,450.63454967723123,0.5,0.0635311126109489,7.4547394428014995,0.4,6.737981178616755,6.173645626369096,-1099.3228090266678
478,0.0792,0.4418,0.0158,1.4145,8.18,0.5,0.023176197344201416,0.2463600209981177,0.39528277601987377,1.8007270732706382,404.06599642622245,0.5,0.11575759110058154,19.548533384062868,0.4,8.249139372845683,8.414858526270866,-1099.3228090266678
479,0.0792,0.4418,0.0158,1.4145,8.18,0.5,0.007008121647724252,0.5386768737410024,0.7020197702255003,3.59859000423784,703.4007080169346,0.5,0.08449954647654274,2.9131870649623743,0.4,3.3644598892135136,5.761974565486916,-1099.3228090266678
480,0.0792,0.4418,0.0158,1.4145,8.18,0.5,0.08659072879686369,0.40202536695199786,0.10629098728632574,2.613938494881512,487.73198176782546,0.5,0.11723850475891684,16.79836953360453,0.4,3.6032927554103233,7.348436464876709,-1099.3228090266678
481,0.0792,0.4418,0.0158,1.4145,8.18,0.5,0.09061066872809342,0.41996783224069406,0.5030257688154061,4.747051545303779,259.1724740811461,0.5,0.04546623341881007,14.417657522163031,0.4,8.221045437516048,4.020211831996918,-1099.3228090266678
482,0.0792,0.4418,0.0158,1.4145,8.18,0.5,0.08974290757902459,0.6367537754364402,0.02166838300132459,2.253591530364794,340.7276903443417,0.5,0.19855574728546435,18.867762167022875,0.4,7.0473887310523935,9.57392951195461,-1099.3228090266678
483,0.0792,0.4418,0.0158,1.4145,8.18,0.5,0.03722003307420005,0.619329641339563,0.28084038192352034,1.7027033262340308,90.94779346585419,0.5,0.11296890767708564,5.765501544100063,0.4,2.733438805213177,2.635980268312727,-1099.3228090266678
484,0.0792,0.4418,0.0158,1.4145,8.18,0.5,0.042979311286410214,0.4591849170594093,0.06305431334796492,2.1576479121040126,673.985736791089,0.5,0.15859876628859518,18.96508337576895,0.4,8.685430556756062,2.811031484268838,-1099.3228090266678
485,0.0792,0.4418,0.0158,1.4145,8.18,0.5,0.04246283286350993,0.7668069544375382,0.2555241420347186,1.3823824982392074,954.6758394851611,0.5,0.24055570843626237,18.45532730335926,0.4,7.6561683477863225,3.437866129550447,-1099.3228090266678
486,0.0792,0.4418,0.0158,1.4145,8.18,0.5,0.06943977047862,0.6795776374536249,0.5195535877278932,1.791855575271231,352.0392054077154,0.5,0.23620075073130165,9.710055297790372,0.4,4.280978582841847,1.1086202210922154,-1099.3228090266678
487,0.0792,0.4418,0.0158,1.4145,8.18,0.5,0.013737495051791566,0.5882537464659787,0.214091458324866,3.00555975915548,23.61961884267649,0.5,0.17603498810975918,1.7322536712250614,0.4,0.8072090841959274,8.63012433696105,-1099.3228090266678
488,0.0792,0.4418,0.0158,1.4145,8.18,0.5,0.08324307971743694,0.36518695817255076,0.630293960605725,3.7546644080075406,59.470923588178906,0.5,0.21815415305580377,4.312449109823007,0.4,9.797269381665227,4.951290519060859,-1099.3228090266678
489,0.0792,0.4418,0.0158,1.4145,8.18,0.5,0.01587971938804795,0.4766422649178296,0.6615806826351641,1.928232971542301,224.8846825928522,0.5,0.1805088054565522,14.657514137409203,0.4,7.827391406627098,1.696033502740568,-1099.3228090266678
490,0.0792,0.4418,0.0158,1.4145,8.18,0.5,0.017725935598381225,0.4330588459225453,0.7059060477119447,4.60612208274842,884.8079511754955,0.5,0.23758131247685846,4.123762060816654,0.4,7.511766467161851,4.149747816528153,-1099.3228090266678
491,0.0792,0.4418,0.0158,1.4145,8.18,0.5,0.08533294623151812,0.7350334696219238,0.13232465631199666,1.1703112611661497,906.8779923223282,0.5,0.15114742336242581,6.496469807602765,0.4,3.676810232612675,3.2831034522384566,-1099.3228090266678
492,0.0792,0.4418,0.0158,1.4145,8.18,0.5,0.06361394990711618,0.20849635245731607,0.7395589049993685,5.042332493912546,714.4091650519428,0.5,0.01590780645367698,5.93993551991789,0.4,2.534091790557875,6.39063609896382,-1099.3228090266678
493,0.0792,0.4418,0.0158,1.4145,8.18,0.5,0.09892742237822424,0.5953067968233475,0.24267251897508196,2.2604429941674873,509.0809051722211,0.5,0.2079596696999184,7.7021839458171115,0.4,8.107494511534679,8.09441220973451,-1099.3228090266678
494,0.0792,0.4418,0.0158,1.4145,8.18,0.5,0.07114867270725934,0.6120708792919305,0.5952429085990276,1.7337605420608964,609.7280208179062,0.5,0.132501132162841,13.977459946507626,0.4,5.411606407040296,0.24259368003673593,-1099.3228090266678
495,0.0792,0.4418,0.0158,1.4145,8.18,0.5,0.0030365908602124534,0.2414119208579972,0.42484116966603525,5.9029899954423355,212.08369334989155,0.5,0.1490378476798717,14.955770357194158,0.4,7.218530783775148,8.842550741658592,-1099.3228090266678
496,0.0792,0.4418,0.0158,1.4145,8.18,0.5,0.003451912894888378,0.7245376927094114,0.513600610027681,5.225633870591462,652.6170967374101,0.5,0.18509326556960226,18.812964837357683,0.4,7.964216201100783,2.3181178871778365,-1099.3228090266678
497,0.0792,0.4418,0.0158,1.4145,8.18,0.5,0.09845428423687003,0.7580101802572095,0.17579911590349798,4.08658626607705,850.1139082727789,0.5,0.05502100787929674,10.220959247647539,0.4,9.444668153103613,7.055143948516219,-1099.3228090266678
498,0.0792,0.4418,0.0158,1.4145,8.18,0.5,0.055771765843896454,0.23119766463500757,0.24388127720892316,1.554178319028924,932.4725417768267,0.5,0.12427258667660292,12.979661591299353,0.4,1.4222650985112855,9.011480216539853,-1099.3228090266678
499,0.0792,0.4418,0.0158,1.4145,8.18,0.5,0.08243872747572689,0.7779842594557935,0.6245268260715915,3.9470725631653076,314.2334052843395,0.5,0.08518232862615166,8.413255239373786,0.4,3.258674261067688,9.755393625306647,-1099.3228090266678
