,Date,Precip,ET_cm,MinTemp,MaxTemp,AvgTemp,rTop,rRoot,vTop,vRoot,vBot,sum(rTop),sum(rRoot),sum(vTop),sum(vRoot),sum(vBot),hTop,hRoot,hBot,RunOff,sum(RunOff),Volume,sum(Infil),sum(Evap),Cum(WTrans),h37,theta37,temp37
0,2023-01-01,0.0,0.07112,-6.275,4.775,-1.26458333333333,0.0,0.0,-7.014e-09,0.0,-0.00049437,0.0,0.0,3.606e-09,0.0,-0.00059199,-16.599,-7.5421,-16.776,0.0,0.0,32.851,0.0,5.7102e-09,0.0,-15.0,0.4439,20.0
1,2023-01-02,0.0,0.03556,-9.8,2.45,-4.71354166666667,0.03556,0.0,0.03556,0.0,-0.00026089,0.03556,0.0,0.03556,0.0,-0.00093883,-71.033,-7.5683,-17.802,0.0,0.0,32.815,0.0,0.03556,0.0,-15.0,0.4439,20.0
2,2023-01-03,0.0,0.10668,-8.45,2.175,-3.865625,0.10668,0.0,0.10668,0.0,-0.00013953,0.14224,0.0,0.14224,0.0,-0.001118,-366.09,-7.5923,-18.338,0.0,0.0,32.709,0.0,0.14224,0.0,-15.0,0.4439,20.0
3,2023-01-04,0.0,0.0762,-7.55,4.15,-2.59895833333333,0.0762,0.0,0.00062836,0.0,-7.3052e-05,0.21844,0.0,0.20908,0.0,-0.0012163,-1000000.0,-7.6381,-18.632,0.0,0.0,32.642,0.0,0.20908,0.0,-15.0,0.4439,20.0
4,2023-01-05,0.0,0.03302,-11.3,1.75,-4.66666666666667,0.03302,0.0,0.00061649,0.0,-4.8424e-05,0.25146,0.0,0.2097,0.0,-0.0012707,-1000000.0,-7.6346,-18.784,0.0,0.0,32.641,0.0,0.2097,0.0,-15.0,0.4439,20.0
5,2023-01-06,0.4267,0.04826,-2.2,4.325,1.20104166666667,0.04826,0.0,0.00060165,0.0,-4.7252e-05,0.29972,0.0,0.21031,0.0,-0.0013183,-1000000.0,-7.6306,-18.903,0.0,0.0,32.64,0.0,0.21031,0.0,-15.0,0.4439,20.0
6,2023-01-07,0.0,0.127,-1.55,6.8,2.52291666666667,0.127,0.0,0.00058476,0.0,-4.6104e-05,0.42672,0.0,0.2109,0.0,-0.0013647,-1000000.0,-7.6261,-19.018,0.0,0.0,32.64,0.0,0.2109,0.0,-15.0,0.4439,20.0
7,2023-01-08,0.0,0.18542,0.45,7.175,3.51770833333333,0.18542,0.0,0.00056659,0.0,-4.5002e-05,0.61214,0.0,0.21147,0.0,-0.00141,-1000000.0,-7.6209,-19.13,0.0,0.0,32.639,0.0,0.21147,0.0,-15.0,0.4439,20.0
8,2023-01-09,0.0,0.1778,-0.6,5.775,2.91770833333333,0.1778,0.0,0.00054757,0.0,-4.3929e-05,0.78994,0.0,0.21202,0.0,-0.0014542,-1000000.0,-7.6151,-19.24,0.0,0.0,32.638,0.0,0.21202,0.0,-15.0,0.4439,20.0
9,2023-01-10,0.0,0.09652,-7.15,7.1,0.789583333333333,0.09652,0.0,0.00052815,0.0,-4.2856e-05,0.88646,0.0,0.21255,0.0,-0.0014973,-1000000.0,-7.6089,-19.347,0.0,0.0,32.638,0.0,0.21255,0.0,-15.0,0.4439,20.0
10,2023-01-11,0.0017,0.04572,-7.9,3.25,-3.36770833333333,0.04572,0.0,0.0005086,0.0,-4.1842e-05,0.93218,0.0,0.21307,0.0,-0.0015394,-1000000.0,-7.6018,-19.452,0.0,0.0,32.637,0.0,0.21307,0.0,-15.0,0.4439,20.0
11,2023-01-12,0.0,0.19304,-2.55,7.25,3.34895833333333,0.19304,0.0,0.00048916,0.0,-4.0829e-05,1.1252,0.0,0.21356,0.0,-0.0015805,-1000000.0,-7.5944,-19.554,0.0,0.0,32.637,0.0,0.21356,0.0,-15.0,0.4439,20.0
12,2023-01-13,0.0,0.23114,5.425,10.05,7.59479166666667,0.23114,0.0,0.00046997,0.0,-3.9846e-05,1.3564,0.0,0.21404,0.0,-0.0016206,-1000000.0,-7.5862,-19.653,0.0,0.0,32.636,0.0,0.21404,0.0,-15.0,0.4439,20.0
13,2023-01-14,0.0,0.17272,0.625,9.625,5.56979166666667,0.17272,0.0,0.00045113,0.0,-3.8892e-05,1.5291,0.0,0.21449,0.0,-0.0016597,-1000000.0,-7.5774,-19.75,0.0,0.0,32.636,0.0,0.21449,0.0,-15.01,0.4439,20.0
14,2023-01-15,0.0,0.03302,-0.75,4.825,1.30833333333333,0.03302,0.0,0.00043273,0.0,-3.7968e-05,1.5621,0.0,0.21493,0.0,-0.0016979,-1000000.0,-7.5681,-19.845,0.0,0.0,32.635,0.0,0.21493,0.0,-15.01,0.4439,20.0
15,2023-01-16,0.068,0.02032,-1.675,3.35,0.201041666666667,0.02032,0.0,0.0004148,0.0,-3.7044e-05,1.5824,0.0,0.21535,0.0,-0.0017352,-1000000.0,-7.5583,-19.938,0.0,0.0,32.635,0.0,0.21535,0.0,-15.02,0.4439,20.0
16,2023-01-17,0.0323,0.04318,-2.025,4.625,0.527083333333333,0.04318,0.0,0.0003974,0.0,-3.615e-05,1.6256,0.0,0.21575,0.0,-0.0017715,-1000000.0,-7.5476,-20.028,0.0,0.0,32.634,0.0,0.21575,0.0,-15.02,0.4439,20.0
17,2023-01-18,0.0,0.16002,-3.125,5.925,0.075,0.16002,0.0,0.00038054,0.0,-3.5286e-05,1.7856,0.0,0.21614,0.0,-0.001807,-1000000.0,-7.5362,-20.116,0.0,0.0,32.634,0.0,0.21614,0.0,-15.03,0.4439,20.0
18,2023-01-19,0.0,0.10668,-1.75,4.525,0.377083333333333,0.10668,0.0,0.00036423,0.0,-3.4451e-05,1.8923,0.0,0.2165,0.0,-0.0018417,-1000000.0,-7.5243,-20.202,0.0,0.0,32.634,0.0,0.2165,0.0,-15.04,0.4439,20.0
19,2023-01-20,0.0,0.127,-3.55,4.375,-1.03020833333333,0.127,0.0,0.00034848,0.0,-3.3617e-05,2.0193,0.0,0.21686,0.0,-0.0018755,-1000000.0,-7.5115,-20.286,0.0,0.0,32.633,0.0,0.21686,0.0,-15.06,0.4439,20.0
20,2023-01-21,0.0,0.18288,-3.325,5.875,0.444791666666667,0.18288,0.0,0.00033329,0.0,-3.2812e-05,2.2022,0.0,0.21719,0.0,-0.0019086,-1000000.0,-7.4983,-20.368,0.0,0.0,32.633,0.0,0.21719,0.0,-15.07,0.4439,20.0
21,2023-01-22,0.0,0.07874,-3.65,2.35,-0.75,0.07874,0.0,0.00031867,0.0,-3.2037e-05,2.2809,0.0,0.21752,0.0,-0.0019408,-1000000.0,-7.484,-20.448,0.0,0.0,32.632,0.0,0.21752,0.0,-15.09,0.4439,20.0
22,2023-01-23,0.0,0.0889,-6.85,0.225,-3.28854166666667,0.0889,0.0,0.00030459,0.0,-3.1263e-05,2.3698,0.0,0.21782,0.0,-0.0019722,-1000000.0,-7.4689,-20.526,0.0,0.0,32.632,0.0,0.21782,0.0,-15.12,0.4439,20.0
23,2023-01-24,0.0,0.08382,-4.75,1.95,-1.86666666666667,0.08382,0.0,0.00029106,0.0,-3.0518e-05,2.4536,0.0,0.21812,0.0,-0.0020029,-1000000.0,-7.4534,-20.602,0.0,0.0,32.632,0.0,0.21812,0.0,-15.14,0.4438,20.0
24,2023-01-25,0.0,0.06096,-5.5,2.5,-1.25833333333333,0.06096,0.0,0.00027806,0.0,-2.9773e-05,2.5146,0.0,0.2184,0.0,-0.0020329,-1000000.0,-7.4369,-20.677,0.0,0.0,32.631,0.0,0.2184,0.0,-15.17,0.4438,20.0
25,2023-01-26,0.0,0.1524,0.9,9.6,4.30729166666667,0.1524,0.0,0.00026558,0.0,-2.9057e-05,2.667,0.0,0.21867,0.0,-0.0020621,-1000000.0,-7.4193,-20.749,0.0,0.0,32.631,0.0,0.21867,0.0,-15.2,0.4438,20.0
26,2023-01-27,0.0612,0.04572,-7.375,2.725,-0.671875,0.04572,0.0,0.00025362,0.0,-2.8372e-05,2.7127,0.0,0.21892,0.0,-0.0020907,-1000000.0,-7.4011,-20.82,0.0,0.0,32.631,0.0,0.21892,0.0,-15.23,0.4438,20.0
27,2023-01-28,0.0,0.03429,-26.525,-10.1,-16.7625,0.03429,0.0,0.00024215,0.0,-2.7686e-05,2.747,0.0,0.21917,0.0,-0.0021185,-1000000.0,-7.3818,-20.889,0.0,0.0,32.631,0.0,0.21917,0.0,-15.27,0.4438,20.0
28,2023-01-29,0.0,0.02286,-26.575,-13.4,-20.9833333333333,0.02286,0.0,0.00023115,0.0,-2.7031e-05,2.7699,0.0,0.2194,0.0,-0.0021457,-1000000.0,-7.3617,-20.957,0.0,0.0,32.63,0.0,0.2194,0.0,-15.31,0.4437,20.0
29,2023-01-30,0.0,0.05588,-17.725,-10.475,-13.7489583333333,0.05588,0.0,0.00022063,0.0,-2.6375e-05,2.8257,0.0,0.21963,0.0,-0.0021722,-1000000.0,-7.3405,-21.023,0.0,0.0,32.63,0.0,0.21963,0.0,-15.35,0.4437,20.0
30,2023-01-31,0.0,0.10414,-11.325,-2.0,-5.24375,0.10414,0.0,0.00021057,0.0,-2.5749e-05,2.9299,0.0,0.21984,0.0,-0.0021981,-1000000.0,-7.3183,-21.087,0.0,0.0,32.63,0.0,0.21984,0.0,-15.39,0.4437,20.0
31,2023-02-01,0.0,0.11176,-10.6,2.05,-2.04270833333333,0.11176,0.0,0.00020093,0.0,-2.5123e-05,3.0416,0.0,0.22004,0.0,-0.0022234,-1000000.0,-7.2957,-21.15,0.0,0.0,32.63,0.0,0.22004,0.0,-15.44,0.4436,20.0
32,2023-02-02,0.0,0.14478,-11.025,5.375,-3.49479166666667,0.14478,0.0,0.00019173,0.0,-2.4527e-05,3.1864,0.0,0.22024,0.0,-0.0022481,-1000000.0,-7.2718,-21.211,0.0,0.0,32.629,0.0,0.22024,0.0,-15.49,0.4436,20.0
33,2023-02-03,0.0,0.26162,1.3,9.05,4.34583333333333,0.26162,0.0,0.00018293,0.0,-2.3931e-05,3.448,0.0,0.22042,0.0,-0.0022722,-1000000.0,-7.247,-21.271,0.0,0.0,32.629,0.0,0.22042,0.0,-15.54,0.4436,20.0
34,2023-02-04,0.0,0.19304,0.95,8.0,3.925,0.19304,0.0,0.00017453,0.0,-2.3365e-05,3.6411,0.0,0.2206,0.0,-0.0022957,-1000000.0,-7.2219,-21.329,0.0,0.0,32.629,0.0,0.2206,0.0,-15.6,0.4435,20.0
35,2023-02-05,0.0,0.20066,-0.15,7.975,3.771875,0.20066,0.0,0.00016651,0.0,-2.2799e-05,3.8417,0.0,0.22077,0.0,-0.0023186,-1000000.0,-7.1958,-21.386,0.0,0.0,32.629,0.0,0.22077,0.0,-15.65,0.4435,20.0
36,2023-02-06,0.0,0.1524,1.15,9.25,4.25833333333333,0.1524,0.0,0.00015885,0.0,-2.2233e-05,3.9941,0.0,0.22093,0.0,-0.002341,-1000000.0,-7.1689,-21.442,0.0,0.0,32.629,0.0,0.22093,0.0,-15.71,0.4435,20.0
37,2023-02-07,0.0,0.21336,2.65,5.475,3.925,0.21336,0.0,0.00015155,0.0,-2.1696e-05,4.2075,0.0,0.22108,0.0,-0.0023628,-1000000.0,-7.1416,-21.496,0.0,0.0,32.628,0.0,0.22108,0.0,-15.77,0.4434,20.0
38,2023-02-08,0.0,0.10414,-5.125,2.65,-0.553125,0.10414,0.0,0.00014458,0.0,-2.1189e-05,4.3116,0.0,0.22123,0.0,-0.0023841,-1000000.0,-7.1138,-21.549,0.0,0.0,32.628,0.0,0.22123,0.0,-15.83,0.4434,20.0
39,2023-02-09,0.0,0.23622,-5.925,7.525,-0.103125,0.23622,0.0,0.00013793,0.0,-2.0683e-05,4.5479,0.0,0.22137,0.0,-0.0024049,-1000000.0,-7.0852,-21.6,0.0,0.0,32.628,0.0,0.22137,0.0,-15.89,0.4433,20.0
40,2023-02-10,0.0,0.27178,-0.15,9.575,3.875,0.27178,0.0,0.00013159,0.0,-2.0176e-05,4.8197,0.0,0.2215,0.0,-0.0024252,-1000000.0,-7.0565,-21.651,0.0,0.0,32.628,0.0,0.2215,0.0,-15.96,0.4433,20.0
41,2023-02-11,0.0,0.1778,-3.175,9.05,2.13854166666667,0.1778,0.0,0.00012555,0.0,-1.9699e-05,4.9975,0.0,0.22163,0.0,-0.0024451,-1000000.0,-7.0273,-21.7,0.0,0.0,32.628,0.0,0.22163,0.0,-16.02,0.4433,20.0
42,2023-02-12,0.0,0.3175,0.0,10.275,4.60729166666667,0.3175,0.0,0.0001198,0.0,-1.9222e-05,5.315,0.0,0.22175,0.0,-0.0024644,-1000000.0,-6.9977,-21.748,0.0,0.0,32.628,0.0,0.22175,0.0,-16.09,0.4432,20.0
43,2023-02-13,0.0,0.23622,-3.6,11.0,5.3125,0.23622,0.0,0.00011432,0.0,-1.8775e-05,5.5512,0.0,0.22186,0.0,-0.0024833,-1000000.0,-6.9682,-21.795,0.0,0.0,32.628,0.0,0.22186,0.0,-16.16,0.4432,20.0
44,2023-02-14,0.0,0.06604,-12.475,-2.3,-6.496875,0.06604,0.0,0.0001091,0.0,-1.8328e-05,5.6172,0.0,0.22197,0.0,-0.0025017,-1000000.0,-6.9383,-21.841,0.0,0.0,32.627,0.0,0.22197,0.0,-16.23,0.4431,20.0
45,2023-02-15,0.0,0.13208,-14.3,2.1,-5.7875,0.13208,0.0,0.00010413,0.0,-1.7881e-05,5.7493,0.0,0.22208,0.0,-0.0025197,-1000000.0,-6.9081,-21.885,0.0,0.0,32.627,0.0,0.22208,0.0,-16.3,0.4431,20.0
46,2023-02-16,0.0,0.28702,-5.2,6.725,0.197916666666667,0.28702,0.0,9.9393e-05,0.0,-1.7434e-05,6.0363,0.0,0.22218,0.0,-0.0025373,-1000000.0,-6.879,-21.929,0.0,0.0,32.627,0.0,0.22218,0.0,-16.37,0.443,20.0
47,2023-02-17,0.0,0.2413,-0.925,5.3,2.2,0.2413,0.0,9.4886e-05,0.0,-1.7017e-05,6.2776,0.0,0.22228,0.0,-0.0025544,-1000000.0,-6.8488,-21.971,0.0,0.0,32.627,0.0,0.22228,0.0,-16.44,0.443,20.0
48,2023-02-18,0.0,0.14478,-3.05,4.35,1.14583333333333,0.14478,0.0,9.06e-05,0.0,-1.663e-05,6.4224,0.0,0.22237,0.0,-0.0025711,-1000000.0,-6.8188,-22.013,0.0,0.0,32.627,0.0,0.22237,0.0,-16.52,0.4429,20.0
49,2023-02-19,0.0,0.1651,-3.45,5.3,1.653125,0.1651,0.0,8.6512e-05,0.0,-1.6212e-05,6.5875,0.0,0.22246,0.0,-0.0025874,-1000000.0,-6.7898,-22.053,0.0,0.0,32.627,0.0,0.22246,0.0,-16.59,0.4429,20.0
50,2023-02-20,0.2329,0.0762,-5.65,2.625,-1.78541666666667,0.0762,0.0,8.2626e-05,0.0,-1.5825e-05,6.6637,0.0,0.22254,0.0,-0.0026033,-1000000.0,-6.7611,-22.093,0.0,0.0,32.627,0.0,0.22254,0.0,-16.67,0.4428,20.0
51,2023-02-21,0.1766,0.06604,-20.5,3.6,-12.6583333333333,0.06604,0.0,7.8926e-05,0.0,-1.5438e-05,6.7297,0.0,0.22262,0.0,-0.0026189,-1000000.0,-6.7322,-22.132,0.0,0.0,32.627,0.0,0.22262,0.0,-16.75,0.4428,20.0
52,2023-02-22,0.0,0.02286,-24.1,-20.225,-22.0552083333333,0.02286,0.0,7.5409e-05,0.0,-1.508e-05,6.7526,0.0,0.2227,0.0,-0.002634,-1000000.0,-6.7032,-22.169,0.0,0.0,32.627,0.0,0.2227,0.0,-16.82,0.4427,20.0
53,2023-02-23,0.0,0.01778,-30.2,-21.85,-25.696875,0.01778,0.0,7.2058e-05,0.0,-1.4722e-05,6.7704,0.0,0.22277,0.0,-0.0026489,-1000000.0,-6.6757,-22.206,0.0,0.0,32.626,0.0,0.22277,0.0,-16.9,0.4427,20.0
54,2023-02-24,0.0,0.05588,-31.7,-6.875,-19.3125,0.05588,0.0,6.8869e-05,0.0,-1.4365e-05,6.8262,0.0,0.22284,0.0,-0.0026633,-1000000.0,-6.6486,-22.242,0.0,0.0,32.626,0.0,0.22284,0.0,-16.98,0.4426,20.0
55,2023-02-25,0.0,0.18542,-6.2,2.425,-1.37083333333333,0.18542,0.0,6.584e-05,0.0,-1.4007e-05,7.0117,0.0,0.2229,0.0,-0.0026774,-1000000.0,-6.6219,-22.277,0.0,0.0,32.626,0.0,0.2229,0.0,-17.06,0.4426,20.0
56,2023-02-26,0.0017,0.20066,-2.4,8.75,2.865625,0.20066,0.0,6.2953e-05,0.0,-1.3679e-05,7.2123,0.0,0.22297,0.0,-0.0026912,-1000000.0,-6.5951,-22.311,0.0,0.0,32.626,0.0,0.22297,0.0,-17.13,0.4425,20.0
57,2023-02-27,0.0,0.14732,-5.2,2.4,-1.959375,0.14732,0.0,6.0204e-05,0.0,-1.3351e-05,7.3596,0.0,0.22303,0.0,-0.0027046,-1000000.0,-6.5694,-22.344,0.0,0.0,32.626,0.0,0.22303,0.0,-17.21,0.4425,20.0
58,2023-02-28,0.0,0.05588,-10.8,-1.925,-6.0875,0.05588,0.0,5.7587e-05,0.0,-1.3024e-05,7.4155,0.0,0.22309,0.0,-0.0027177,-1000000.0,-6.5447,-22.377,0.0,0.0,32.626,0.0,0.22309,0.0,-17.29,0.4424,20.0
59,2023-03-01,0.0,0.12446,-7.5,3.1,-4.06354166666667,0.12446,0.0,5.5095e-05,0.0,-1.2726e-05,7.54,0.0,0.22314,0.0,-0.0027305,-1000000.0,-6.5203,-22.409,0.0,0.0,32.626,0.0,0.22314,0.0,-17.37,0.4424,20.0
60,2023-03-02,0.0,0.21844,-4.325,5.875,-0.128125,0.21844,0.0,5.2727e-05,0.0,-1.2428e-05,7.7584,0.0,0.2232,0.0,-0.002743,-1000000.0,-6.4973,-22.44,0.0,0.0,32.626,0.0,0.2232,0.0,-17.45,0.4423,20.0
61,2023-03-03,0.0,0.15494,-7.55,2.625,-2.89895833333333,0.15494,0.0,5.047e-05,0.0,-1.213e-05,7.9134,0.0,0.22325,0.0,-0.0027552,-1000000.0,-6.4742,-22.47,0.0,0.0,32.626,0.0,0.22325,0.0,-17.53,0.4423,20.0
62,2023-03-04,0.0,0.17526,-6.95,4.125,-2.67395833333333,0.17526,0.0,4.832e-05,0.0,-1.1832e-05,8.0886,0.0,0.2233,0.0,-0.0027671,-1000000.0,-6.4518,-22.5,0.0,0.0,32.626,0.0,0.2233,0.0,-17.61,0.4422,20.0
63,2023-03-05,0.0,0.03556,-12.225,-8.175,-10.2854166666667,0.03556,0.0,4.6277e-05,0.0,-1.1533e-05,8.1242,0.0,0.22334,0.0,-0.0027788,-1000000.0,-6.4307,-22.528,0.0,0.0,32.626,0.0,0.22334,0.0,-17.68,0.4421,20.0
64,2023-03-06,0.2465,0.0508,-14.925,-5.4,-11.0927083333333,0.0508,0.0,4.4325e-05,0.0,-1.1265e-05,8.175,0.0,0.22339,0.0,-0.0027901,-1000000.0,-6.4099,-22.557,0.0,0.0,32.626,0.0,0.22339,0.0,-17.76,0.4421,20.0
65,2023-03-07,0.0,0.06096,-19.125,-4.15,-11.20625,0.06096,0.0,4.2468e-05,0.0,-1.0997e-05,8.236,0.0,0.22343,0.0,-0.0028012,-1000000.0,-6.3899,-22.584,0.0,0.0,32.626,0.0,0.22343,0.0,-17.84,0.442,20.0
66,2023-03-08,0.0,0.04318,-15.45,-9.15,-11.471875,0.04318,0.0,4.07e-05,0.0,-1.0729e-05,8.2791,0.0,0.22347,0.0,-0.0028119,-1000000.0,-6.3712,-22.611,0.0,0.0,32.626,0.0,0.22347,0.0,-17.91,0.442,20.0
67,2023-03-09,0.0,0.0635,-16.5,-6.2,-11.7177083333333,0.0635,0.0,3.9014e-05,0.0,-1.0461e-05,8.3426,0.0,0.22351,0.0,-0.0028225,-1000000.0,-6.353,-22.637,0.0,0.0,32.626,0.0,0.22351,0.0,-17.99,0.4419,20.0
68,2023-03-10,0.1277,0.02794,-14.65,-9.0,-12.1697916666667,0.02794,0.0,3.7403e-05,0.0,-1.0222e-05,8.3706,0.0,0.22355,0.0,-0.0028328,-1000000.0,-6.3357,-22.663,0.0,0.0,32.625,0.0,0.22355,0.0,-18.06,0.4419,20.0
69,2023-03-11,0.0,0.0508,-18.95,-5.075,-11.6197916666667,0.0508,0.0,3.5871e-05,0.0,-9.9838e-06,8.4214,0.0,0.22359,0.0,-0.0028428,-1000000.0,-6.3189,-22.687,0.0,0.0,32.625,0.0,0.22359,0.0,-18.13,0.4418,20.0
70,2023-03-12,0.0,0.06604,-17.675,-5.65,-12.5358695652174,0.06604,0.0,3.441e-05,0.0,-9.7454e-06,8.4874,0.0,0.22362,0.0,-0.0028526,-1000000.0,-6.3031,-22.712,0.0,0.0,32.625,0.0,0.22362,0.0,-18.2,0.4418,20.0
71,2023-03-13,0.1887,0.17272,-9.3,1.025,-4.59762228260869,0.17272,0.0,3.3014e-05,0.0,-9.5069e-06,8.6601,0.0,0.22365,0.0,-0.0028622,-1000000.0,-6.2877,-22.736,0.0,0.0,32.625,0.0,0.22365,0.0,-18.26,0.4418,20.0
72,2023-03-14,0.0,0.22098,-0.925,7.7,3.340625,0.22098,0.0,3.1683e-05,0.0,-9.2685e-06,8.8811,0.0,0.22369,0.0,-0.0028715,-1000000.0,-6.273,-22.759,0.0,0.0,32.625,0.0,0.22369,0.0,-18.33,0.4417,20.0
73,2023-03-15,0.3961,0.09398,-7.65,2.825,-1.94895833333333,0.09398,0.0,3.041e-05,0.0,-9.0599e-06,8.9751,0.0,0.22372,0.0,-0.0028806,-1000000.0,-6.259,-22.781,0.0,0.0,32.625,0.0,0.22372,0.0,-18.39,0.4417,20.0
74,2023-03-16,0.0493,0.10922,-9.775,1.775,-4.103125,0.10922,0.0,2.9201e-05,0.0,-8.8215e-06,9.0843,0.0,0.22375,0.0,-0.0028895,-1000000.0,-6.246,-22.803,0.0,0.0,32.625,0.0,0.22375,0.0,-18.45,0.4416,20.0
75,2023-03-17,0.0,0.13208,-10.075,3.925,-3.190625,0.13208,0.0,2.8039e-05,0.0,-8.6129e-06,9.2164,0.0,0.22377,0.0,-0.0028982,-1000000.0,-6.2338,-22.825,0.0,0.0,32.625,0.0,0.22377,0.0,-18.5,0.4416,20.0
76,2023-03-18,0.0,0.19304,-6.0,8.35,0.263541666666667,0.19304,0.0,2.6931e-05,0.0,-8.4043e-06,9.4094,0.0,0.2238,0.0,-0.0029066,-1000000.0,-6.2222,-22.846,0.0,0.0,32.625,0.0,0.2238,0.0,-18.54,0.4416,20.0
77,2023-03-19,0.0,0.15494,-4.25,8.775,1.92395833333333,0.15494,0.0,2.5872e-05,0.0,-8.2254e-06,9.5644,0.0,0.22383,0.0,-0.0029149,-1000000.0,-6.2112,-22.866,0.0,0.0,32.625,0.0,0.22383,0.0,-18.59,0.4415,20.0
78,2023-03-20,0.0,0.08636,-7.425,0.5,-4.15833333333333,0.08636,0.0,2.4861e-05,0.0,-8.0168e-06,9.6507,0.0,0.22385,0.0,-0.002923,-1000000.0,-6.201,-22.886,0.0,0.0,32.625,0.0,0.22385,0.0,-18.62,0.4415,20.0
79,2023-03-21,0.0,0.12954,-7.9,5.85,-1.69479166666667,0.12954,0.0,2.3895e-05,0.0,-7.838e-06,9.7803,0.0,0.22388,0.0,-0.0029308,-1000000.0,-6.1916,-22.906,0.0,0.0,32.625,0.0,0.22388,0.0,-18.65,0.4415,20.0
80,2023-03-22,0.0,0.1397,-7.275,5.925,-2.675,0.1397,0.0,2.297e-05,0.0,-7.6294e-06,9.92,0.0,0.2239,0.0,-0.0029385,-1000000.0,-6.1828,-22.925,0.0,0.0,32.625,0.0,0.2239,0.0,-18.68,0.4415,20.0
81,2023-03-23,0.0,0.2032,-7.175,8.925,0.954166666666667,0.2032,0.0,2.2086e-05,0.0,-7.4506e-06,10.123,0.0,0.22392,0.0,-0.002946,-1000000.0,-6.1745,-22.944,0.0,0.0,32.625,0.0,0.22392,0.0,-18.7,0.4415,20.0
82,2023-03-24,0.0,0.15494,-2.375,7.65,1.85729166666667,0.15494,0.0,2.1237e-05,0.0,-7.2718e-06,10.278,0.0,0.22394,0.0,-0.0029533,-1000000.0,-6.1667,-22.962,0.0,0.0,32.625,0.0,0.22394,0.0,-18.71,0.4415,20.0
83,2023-03-25,0.0782,0.11176,-2.875,4.425,-0.13125,0.11176,0.0,2.0426e-05,0.0,-7.093e-06,10.39,0.0,0.22396,0.0,-0.0029605,-1000000.0,-6.1594,-22.98,0.0,0.0,32.625,0.0,0.22396,0.0,-18.72,0.4415,20.0
84,2023-03-26,0.0,0.10922,-5.325,3.125,-2.16979166666667,0.10922,0.0,1.9643e-05,0.0,-6.9439e-06,10.499,0.0,0.22398,0.0,-0.0029674,-1000000.0,-6.1525,-22.997,0.0,0.0,32.625,0.0,0.22398,0.0,-18.73,0.4414,20.0
85,2023-03-27,0.0,0.17018,-6.6,6.05,-1.82604166666667,0.17018,0.0,1.89e-05,0.0,-6.7651e-06,10.669,0.0,0.224,0.0,-0.0029742,-1000000.0,-6.146,-23.014,0.0,0.0,32.625,0.0,0.224,0.0,-18.73,0.4414,20.0
86,2023-03-28,0.0,0.12192,-5.625,3.025,-2.63645833333333,0.12192,0.0,1.8182e-05,0.0,-6.6161e-06,10.791,0.0,0.22402,0.0,-0.0029809,-1000000.0,-6.14,-23.03,0.0,0.0,32.625,0.0,0.22402,0.0,-18.74,0.4414,20.0
87,2023-03-29,0.0,0.12192,-6.6,3.55,-2.10833333333333,0.12192,0.0,1.7499e-05,0.0,-6.4373e-06,10.913,0.0,0.22404,0.0,-0.0029874,-1000000.0,-6.1345,-23.046,0.0,0.0,32.625,0.0,0.22404,0.0,-18.74,0.4414,20.0
88,2023-03-30,0.1462,0.08128,-4.875,0.2,-2.99479166666667,0.08128,0.0,1.6842e-05,0.0,-6.2883e-06,10.994,0.0,0.22406,0.0,-0.0029937,-1000000.0,-6.1294,-23.062,0.0,0.0,32.625,0.0,0.22406,0.0,-18.74,0.4414,20.0
89,2023-03-31,0.2009,0.19558,-7.075,8.675,0.467708333333333,0.19558,0.0,1.6214e-05,0.0,-6.1393e-06,11.19,0.0,0.22407,0.0,-0.0029999,-1000000.0,-6.1246,-23.077,0.0,0.0,32.625,0.0,0.22407,0.0,-18.74,0.4414,20.0
90,2023-04-01,0.0,0.254,-1.325,8.525,3.46354166666667,0.0,0.254,2.7369000000000002e-25,0.254,-5.9903e-06,11.19,0.254,0.22407,0.254,-0.0030059,-862930.0,-34.438,-23.092,0.0,0.0,32.498,0.0,0.22407,0.0,-18.74,0.4414,20.0
91,2023-04-02,0.0,0.23114,-4.925,7.675,1.009375,0.0,0.23114,8.6285e-32,0.23114,-5.8413e-06,11.19,0.48514,0.22407,0.48514,-0.0030118,-862960.0,-56.73,-23.107,0.0,0.0,32.255,0.0,0.22407,0.0,-18.74,0.4414,20.0
92,2023-04-03,0.0,0.10922,-9.75,3.275,-3.43125,0.0,0.10922,8.6282e-32,0.10922,-5.6922e-06,11.19,0.59436,0.22407,0.59436,-0.0030175,-862950.0,-71.662,-23.121,0.0,0.0,32.085,0.0,0.22407,0.0,-18.74,0.4414,20.0
93,2023-04-04,0.0,0.06604,-9.225,-2.05,-4.23958333333333,0.0,0.06604,8.628299999999999e-32,0.06604,-5.573e-06,11.19,0.6604,0.22407,0.6604,-0.0030231,-862980.0,-79.481,-23.135,0.0,0.0,31.997,0.0,0.22407,0.0,-18.74,0.4414,20.0
94,2023-04-05,0.0,0.16256,-11.275,5.25,-2.44895833333333,0.0,0.16256,8.628e-32,0.16256,-5.424e-06,11.19,0.82296,0.22407,0.82296,-0.0030286,-862970.0,-90.566,-23.149,0.0,0.0,31.883,0.0,0.22407,0.0,-18.74,0.4414,20.0
95,2023-04-06,0.0,0.33274,-2.55,11.35,4.16354166666667,0.0,0.33274,8.627199999999999e-32,0.33274,-5.3048e-06,11.19,1.1557,0.22407,1.1557,-0.0030339,-862970.0,-118.81,-23.162,0.0,0.0,31.635,0.0,0.22407,0.0,-18.74,0.4414,20.0
96,2023-04-07,0.0,0.37338,0.175,14.225,7.284375,0.0,0.37338,8.624999999999999e-32,0.37238,-5.1856e-06,11.19,1.5291,0.22407,1.5286,-0.0030391,-862960.0,-182.96,-23.175,0.0,0.0,31.282,0.0,0.22407,0.0,-18.74,0.4414,20.0
97,2023-04-08,0.0,0.37846,3.15,14.225,8.72395833333333,0.0,0.37846,8.6194e-32,0.28757,-5.0664e-06,11.19,1.9075,0.22407,1.8395,-0.0030442,-862950.0,-333.53,-23.188,0.0,0.0,30.929,0.0,0.22407,0.0,-18.74,0.4414,20.0
98,2023-04-09,0.0,0.4572,4.4,17.075,11.2802083333333,0.0,0.4572,8.6156e-32,0.25264,-4.9174e-06,11.19,2.3647,0.22407,2.1094,-0.0030492,-862980.0,-527.67,-23.2,0.0,0.0,30.642,0.0,0.22407,0.0,-18.74,0.4414,20.0
99,2023-04-10,0.0,0.54864,10.95,23.475,16.6416666666667,0.0,0.54864,8.6142e-32,0.21424,-4.828e-06,11.19,2.9134,0.22407,2.3372,-0.003054,-862970.0,-712.9,-23.212,0.0,0.0,30.395,0.0,0.22407,0.0,-18.74,0.4414,20.0
100,2023-04-11,0.0,0.47244,4.3,20.225,13.74375,0.0,0.47244,8.6137e-32,0.13348,-4.7088e-06,11.19,3.3858,0.22407,2.4837,-0.0030588,-862960.0,-871.96,-23.224,0.0,0.0,30.208,0.0,0.22407,0.0,-18.74,0.4414,20.0
101,2023-04-12,0.0,0.18288,-1.9,7.9,3.08541666666667,0.0,0.18288,8.6136e-32,0.047907,-4.5896e-06,11.19,3.5687,0.22407,2.5349,-0.0030634,-862960.0,-972.8,-23.235,0.0,0.0,30.114,0.0,0.22407,0.0,-18.74,0.4414,20.0
102,2023-04-13,0.9633,0.09652,-2.75,2.2,0.173958333333333,0.0,0.09652,8.613499999999999e-32,0.023347,-4.4703e-06,11.19,3.6652,0.22407,2.5588,-0.0030679,-862950.0,-1010.2,-23.246,0.0,0.0,30.078,0.0,0.22407,0.0,-18.74,0.4414,20.0
103,2023-04-14,0.0952,0.18034,-5.825,5.825,-0.0322916666666666,0.0,0.18034,8.6138e-32,0.041005,-4.3809e-06,11.19,3.8456,0.22407,2.6003,-0.0030723,-862980.0,-1040.2,-23.257,0.0,0.0,30.045,0.0,0.22407,0.0,-18.74,0.4414,20.0
104,2023-04-15,0.0017,0.2921,-3.25,11.1,3.559375,0.0,0.2921,8.6137e-32,0.048824,-4.2617e-06,11.19,4.1377,0.22407,2.6537,-0.0030766,-862970.0,-1092.1,-23.268,0.0,0.0,29.995,0.0,0.22407,0.0,-18.74,0.4414,20.0
105,2023-04-16,0.0,0.4064,0.45,17.45,9.81354166666667,0.0,0.4064,8.6136e-32,0.057666,-4.1723e-06,11.19,4.5441,0.22407,2.7125,-0.0030808,-862960.0,-1136.8,-23.278,0.0,0.0,29.941,0.0,0.22407,0.0,-18.74,0.4414,20.0
106,2023-04-17,0.0119,0.35052,3.05,14.925,8.2125,0.0,0.35052,8.6136e-32,0.04836,-4.0531e-06,11.19,4.8946,0.22407,2.7612,-0.0030849,-862960.0,-1168.4,-23.288,0.0,0.0,29.888,0.0,0.22407,0.0,-18.74,0.4414,20.0
107,2023-04-18,0.2992,0.12446,-0.4,9.275,2.89166666666667,0.0,0.12446,8.6138e-32,0.017045,-3.9637e-06,11.19,5.019,0.22407,2.7783,-0.0030888,-862980.0,-1194.7,-23.298,0.0,0.0,29.855,0.0,0.22407,0.0,-18.74,0.4414,20.0
108,2023-04-19,1.1389,0.12446,-1.35,1.3,-0.153125,0.0,0.12446,8.6137e-32,0.015919,-3.8743e-06,11.19,5.1435,0.22407,2.7946,-0.0030927,-862980.0,-1213.5,-23.308,0.0,0.0,29.838,0.0,0.22407,0.0,-18.74,0.4414,20.0
109,2023-04-20,0.1821,0.13716,-3.2,0.975,-1.317,0.0,0.13716,8.6137e-32,0.015008,-3.7849e-06,11.19,5.2807,0.22407,2.8101,-0.0030965,-862970.0,-1236.3,-23.317,0.0,0.0,29.822,0.0,0.22407,0.0,-18.74,0.4414,20.0
110,2023-04-21,0.1004,0.1143,-5.425,0.5,-2.28229166666667,0.0,0.1143,8.6136e-32,0.010893,-3.6955e-06,11.19,5.395,0.22407,2.8215,-0.0031002,-862960.0,-1255.9,-23.327,0.0,0.0,29.809,0.0,0.22407,0.0,-18.74,0.4414,20.0
111,2023-04-22,0.0068,0.2159,-6.8,7.7,0.428125,0.0,0.2159,8.613499999999999e-32,0.01713,-3.6061e-06,11.19,5.6109,0.22407,2.8394,-0.0031039,-862960.0,-1275.0,-23.336,0.0,0.0,29.794,0.0,0.22407,0.0,-18.74,0.4414,20.0
112,2023-04-23,0.0,0.25908,-2.65,12.225,4.72395833333333,0.0,0.25908,8.6138e-32,0.018573,-3.5167e-06,11.19,5.8699,0.22407,2.8585,-0.0031074,-862980.0,-1288.2,-23.344,0.0,0.0,29.776,0.0,0.22407,0.0,-18.74,0.4414,20.0
113,2023-04-24,0.0306,0.28194,2.175,16.6,9.33020833333333,0.0,0.28194,8.6137e-32,0.019353,-3.4273e-06,11.19,6.1519,0.22407,2.878,-0.0031108,-862980.0,-1297.9,-23.353,0.0,0.0,29.756,0.0,0.22407,0.0,-18.74,0.4414,20.0
114,2023-04-25,0.0,0.36068,3.225,17.025,9.746875,0.0,0.36068,8.6137e-32,0.024592,-3.3379e-06,11.19,6.5126,0.22407,2.9026,-0.0031142,-862970.0,-1306.0,-23.361,0.0,0.0,29.734,0.0,0.22407,0.0,-18.74,0.4414,20.0
115,2023-04-26,0.0,0.3683,0.725,18.975,10.3364583333333,0.0,0.3683,8.6136e-32,0.025111,-3.2783e-06,11.19,6.8809,0.22407,2.9277,-0.0031175,-862960.0,-1316.8,-23.369,0.0,0.0,29.71,0.0,0.22407,0.0,-18.74,0.4414,20.0
116,2023-04-27,0.1821,0.23622,0.35,11.7,6.65416666666667,0.0,0.23622,8.613499999999999e-32,0.016106,-3.1888e-06,11.19,7.1171,0.22407,2.9438,-0.0031207,-862960.0,-1328.9,-23.377,0.0,0.0,29.689,0.0,0.22407,0.0,-18.74,0.4414,20.0
117,2023-04-28,0.0,0.37846,0.625,22.25,11.8770833333333,0.0,0.37846,8.6138e-32,0.023238,-3.0994e-06,11.19,7.4955,0.22407,2.9679,-0.0031238,-862980.0,-1347.0,-23.385,0.0,0.0,29.668,0.0,0.22407,0.0,-18.74,0.4414,20.0
118,2023-04-29,0.0,0.36322,0.55,20.9,11.8916666666667,0.0,0.36322,8.6137e-32,0.018518,-3.0398e-06,11.19,7.8588,0.22407,2.9874,-0.0031269,-862970.0,-1374.0,-23.393,0.0,0.0,29.647,0.0,0.22407,0.0,-18.74,0.4414,20.0
119,2023-04-30,0.0,0.41148,-0.025,23.3,12.9302083333333,0.0,0.41148,8.6137e-32,0.015543,-2.9504e-06,11.19,8.2702,0.22407,3.004,-0.0031299,-862970.0,-1404.6,-23.4,0.0,0.0,29.628,0.0,0.22407,0.0,-18.74,0.4414,20.0
120,2023-05-01,0.0,0.39624,0.975,24.125,13.765625,0.0,0.39624,8.6136e-32,0.14446,-2.8908e-06,11.19,8.6665,0.22407,3.1194,-0.0031328,-862960.0,-690.5,-23.407,0.0,0.0,29.578,0.0,0.22407,0.0,-18.74,0.4414,20.0
121,2023-05-02,0.0,0.35306,1.1,24.225,13.3125,0.0,0.35306,8.613499999999999e-32,0.12722,-2.8312e-06,11.19,9.0195,0.22407,3.2469,-0.0031356,-862950.0,-702.08,-23.414,0.0,0.0,29.441,0.0,0.22407,0.0,-18.74,0.4414,20.0
122,2023-05-03,0.0,0.36322,6.025,24.4,15.3395833333333,0.0,0.36322,8.6138e-32,0.13033,-2.7418e-06,11.19,9.3828,0.22407,3.3773,-0.0031384,-862980.0,-710.42,-23.421,0.0,0.0,29.313,0.0,0.22407,0.0,-18.74,0.4414,20.0
123,2023-05-04,0.0,0.39878,5.85,24.775,16.06875,0.0,0.39878,8.6137e-32,0.14304,-2.6822e-06,11.19,9.7815,0.22407,3.5204,-0.0031411,-862970.0,-718.22,-23.428,0.0,0.0,29.176,0.0,0.22407,0.0,-18.74,0.4414,20.0
124,2023-05-05,0.9785,0.23876,8.75,17.075,12.3020833333333,0.0,0.23876,8.6136e-32,0.085642,-2.6226e-06,11.19,10.02,0.22407,3.606,-0.0031437,-862970.0,-725.43,-23.435,0.0,0.0,29.061,0.0,0.22407,0.0,-18.74,0.4414,20.0
125,2023-05-06,0.772,0.09398,5.6,9.25,7.990625,0.0,0.09398,8.6136e-32,0.03371,-2.563e-06,11.19,10.114,0.22407,3.6397,-0.0031463,-862960.0,-729.97,-23.441,0.0,0.0,29.002,0.0,0.22407,0.0,-18.74,0.4414,20.0
126,2023-05-07,0.1904,0.28956,5.125,15.725,10.1114583333333,0.0,0.28956,8.613499999999999e-32,0.10386,-2.5034e-06,11.19,10.404,0.22407,3.7436,-0.0031488,-862950.0,-735.55,-23.447,0.0,0.0,28.933,0.0,0.22407,0.0,-18.74,0.4414,20.0
127,2023-05-08,0.0,0.37084,4.8,17.75,10.8416666666667,0.0,0.37084,8.6138e-32,0.13195,-2.4438e-06,11.19,10.775,0.22407,3.8761,-0.0031513,-862980.0,-748.45,-23.453,0.0,0.0,28.815,0.0,0.22407,0.0,-18.74,0.4414,20.0
128,2023-05-09,0.0,0.27432,1.025,15.4,8.18645833333333,0.0,0.27432,8.6137e-32,0.094451,-2.3842e-06,11.19,11.049,0.22407,3.9717,-0.0031537,-862970.0,-766.14,-23.459,0.0,0.0,28.7,0.0,0.22407,0.0,-18.75,0.4414,20.0
129,2023-05-10,0.0,0.32512,3.225,17.25,10.9427083333333,0.0,0.32512,8.6136e-32,0.10499,-2.3246e-06,11.19,11.374,0.22407,4.0783,-0.003156,-862970.0,-785.57,-23.465,0.0,0.0,28.599,0.0,0.22407,0.0,-18.75,0.4414,20.0
130,2023-05-11,0.1105,0.2286,5.325,15.625,10.3104166666667,0.0,0.2286,8.6136e-32,0.070791,-2.265e-06,11.19,11.603,0.22407,4.1495,-0.0031583,-862960.0,-801.11,-23.471,0.0,0.0,28.511,0.0,0.22407,0.0,-18.75,0.4414,20.0
131,2023-05-12,0.0068,0.29972,2.25,20.025,11.2541666666667,0.0,0.29972,8.613499999999999e-32,0.090573,-2.2054e-06,11.19,11.902,0.22407,4.2405,-0.0031605,-862950.0,-810.13,-23.476,0.0,0.0,28.429,0.0,0.22407,0.0,-18.75,0.4414,20.0
132,2023-05-13,0.0,0.18288,4.425,15.375,11.121875,0.0,0.18288,8.6138e-32,0.054849,-2.1458e-06,11.19,12.085,0.22407,4.2954,-0.0031627,-862980.0,-816.11,-23.482,0.0,0.0,28.357,0.0,0.22407,0.0,-18.75,0.4414,20.0
133,2023-05-14,0.0,0.21336,6.3,18.9,12.278125,0.0,0.21336,8.6137e-32,0.063826,-2.116e-06,11.19,12.299,0.22407,4.3592,-0.0031648,-862970.0,-820.13,-23.487,0.0,0.0,28.297,0.0,0.22407,0.0,-18.75,0.4414,20.0
134,2023-05-15,0.0,0.42926,6.0,24.85,15.95,0.0,0.42926,8.6136e-32,0.12832,-2.0564e-06,11.19,12.728,0.22407,4.4876,-0.0031669,-862960.0,-826.47,-23.492,0.0,0.0,28.201,0.0,0.22407,0.0,-18.75,0.4414,20.0
135,2023-05-16,0.0017,0.51816,13.125,26.95,18.9208333333333,0.0,0.51816,8.6136e-32,0.15488,-1.9968e-06,11.19,13.246,0.22407,4.6425,-0.0031689,-862960.0,-837.28,-23.497,0.0,0.0,28.06,0.0,0.22407,0.0,-18.75,0.4414,20.0
136,2023-05-17,0.1327,0.18542,6.85,15.725,11.4177083333333,0.0,0.18542,8.613499999999999e-32,0.055424,-1.967e-06,11.19,13.432,0.22407,4.6979,-0.0031709,-862950.0,-846.91,-23.502,0.0,0.0,27.954,0.0,0.22407,0.0,-18.75,0.4414,20.0
137,2023-05-18,0.0051,0.33528,2.475,20.725,11.7791666666667,0.0,0.33528,8.6138e-32,0.10022,-1.9073e-06,11.19,13.767,0.22407,4.7981,-0.0031728,-862980.0,-855.99,-23.507,0.0,0.0,27.877,0.0,0.22407,0.0,-18.75,0.4414,20.0
138,2023-05-19,0.0,0.42672,2.825,26.675,15.3260416666667,0.0,0.42672,8.6137e-32,0.12659,-1.8775e-06,11.19,14.194,0.22407,4.9252,-0.0031747,-862970.0,-872.73,-23.511,0.0,0.0,27.763,0.0,0.22407,0.0,-18.75,0.4414,20.0
139,2023-05-20,0.0,0.4064,8.9,26.5,18.53125,0.0,0.4064,8.6136e-32,0.11499,-1.8179e-06,11.19,14.6,0.22407,5.0417,-0.0031765,-862960.0,-899.81,-23.516,0.0,0.0,27.64,0.0,0.22407,0.0,-18.75,0.4414,20.0
140,2023-05-21,0.0,0.4445,9.325,29.55,19.6916666666667,0.0,0.4445,8.613499999999999e-32,0.11458,-1.7881e-06,11.19,15.044,0.22407,5.1594,-0.0031783,-862960.0,-935.55,-23.52,0.0,0.0,27.523,0.0,0.22407,0.0,-18.75,0.4414,20.0
141,2023-05-22,0.6886,0.35052,10.125,22.5,16.721875,0.0,0.35052,8.6138e-32,0.08307,-1.7285e-06,11.19,15.395,0.22407,5.2443,-0.00318,-862980.0,-971.77,-23.525,0.0,0.0,27.422,0.0,0.22407,0.0,-18.75,0.4414,20.0
142,2023-05-23,0.0,0.40894,6.175,21.575,14.3166666666667,0.0,0.40894,8.6137e-32,0.087057,-1.6987e-06,11.19,15.804,0.22407,5.3336,-0.0031817,-862980.0,-1004.4,-23.529,0.0,0.0,27.335,0.0,0.22407,0.0,-18.75,0.4414,20.0
143,2023-05-24,0.0578,0.2794,9.5,20.725,14.33125,0.0,0.2794,8.6137e-32,0.05566,-1.6391e-06,11.19,16.083,0.22407,5.3905,-0.0031834,-862970.0,-1033.2,-23.533,0.0,0.0,27.262,0.0,0.22407,0.0,-18.75,0.4414,20.0
144,2023-05-25,0.1445,0.14732,10.4,15.825,12.5489583333333,0.0,0.14732,8.6136e-32,0.028537,-1.6093e-06,11.19,16.231,0.22407,5.4193,-0.003185,-862960.0,-1049.4,-23.537,0.0,0.0,27.22,0.0,0.22407,0.0,-18.75,0.4414,20.0
145,2023-05-26,0.1394,0.11938,10.425,14.8,12.3583333333333,0.0,0.11938,8.613499999999999e-32,0.022166,-1.5795e-06,11.19,16.35,0.22407,5.4417,-0.0031866,-862960.0,-1061.0,-23.541,0.0,0.0,27.194,0.0,0.22407,0.0,-18.75,0.4414,20.0
146,2023-05-27,1.7901,0.10922,9.75,12.975,11.4697916666667,0.0,0.10922,8.6138e-32,0.019573,-1.5497e-06,11.19,16.459,0.22407,5.4614,-0.0031881,-862980.0,-1069.8,-23.545,0.0,0.0,27.173,0.0,0.22407,0.0,-18.75,0.4414,20.0
147,2023-05-28,0.1819,0.37846,8.75,23.6,15.5322916666667,0.0,0.37846,8.6137e-32,0.061451,-1.4901e-06,11.19,16.838,0.22407,5.5243,-0.0031896,-862980.0,-1086.6,-23.549,0.0,0.0,27.131,0.0,0.22407,0.0,-18.75,0.4414,20.0
148,2023-05-29,0.0374,0.44196,10.375,22.775,16.4135416666667,0.0,0.44196,8.6137e-32,0.064773,-1.4603e-06,11.19,17.28,0.22407,5.5904,-0.0031911,-862970.0,-1109.4,-23.552,0.0,0.0,27.067,0.0,0.22407,0.0,-18.75,0.4414,20.0
149,2023-05-30,0.0,0.44958,9.5,25.775,17.7614583333333,0.0,0.44958,8.6136e-32,0.060788,-1.4305e-06,11.19,17.729,0.22407,5.6525,-0.0031926,-862960.0,-1131.7,-23.556,0.0,0.0,27.002,0.0,0.22407,0.0,-18.75,0.4414,20.0
150,2023-05-31,0.017,0.33528,6.725,26.0,15.9875,0.0,0.33528,8.613499999999999e-32,0.043034,-1.4007e-06,11.19,18.064,0.22407,5.6962,-0.003194,-862950.0,-1151.5,-23.559,0.0,0.0,26.95,0.0,0.22407,0.0,-18.75,0.4414,20.0
151,2023-06-01,0.0085,0.26162,8.35,20.425,14.171875,0.0,0.26162,8.6138e-32,0.086995,-1.3709e-06,11.19,18.326,0.22407,5.771,-0.0031953,-862980.0,-772.8,-23.563,0.0,0.0,26.897,0.0,0.22407,0.0,-18.75,0.4414,20.0
152,2023-06-02,0.7684,0.10414,11.1,13.225,12.0458333333333,0.0,0.10414,8.6137e-32,0.034416,-1.3411e-06,11.19,18.43,0.22407,5.8055,-0.0031967,-862970.0,-780.41,-23.566,0.0,0.0,26.836,0.0,0.22407,0.0,-18.75,0.4414,20.0
153,2023-06-03,0.6732,0.1905,8.7,14.75,12.2625,0.0,0.1905,8.6137e-32,0.061937,-1.2815e-06,11.19,18.621,0.22407,5.8678,-0.003198,-862970.0,-787.06,-23.569,0.0,0.0,26.788,0.0,0.22407,0.0,-18.75,0.4414,20.0
154,2023-06-04,0.0153,0.41656,5.925,23.65,15.775,0.0,0.41656,8.6136e-32,0.12839,-1.2517e-06,11.19,19.037,0.22407,5.9973,-0.0031992,-862960.0,-799.31,-23.572,0.0,0.0,26.692,0.0,0.22407,0.0,-18.75,0.4414,20.0
155,2023-06-05,0.017,0.37592,10.2,25.875,17.9572916666667,0.0,0.37592,8.613499999999999e-32,0.11266,-1.2219e-06,11.19,19.413,0.22407,6.1107,-0.0032005,-862950.0,-814.33,-23.575,0.0,0.0,26.57,0.0,0.22407,0.0,-18.75,0.4414,20.0
156,2023-06-06,0.0017,0.32258,9.85,21.75,15.0395833333333,0.0,0.32258,8.6138e-32,0.094571,-1.1921e-06,11.19,19.736,0.22407,6.2057,-0.0032017,-862980.0,-827.45,-23.578,0.0,0.0,26.466,0.0,0.22407,0.0,-18.75,0.4414,20.0
157,2023-06-07,0.0034,0.4191,7.425,26.35,17.7479166666667,0.0,0.4191,8.6137e-32,0.11825,-1.1623e-06,11.19,20.155,0.22407,6.3248,-0.0032029,-862970.0,-839.7,-23.581,0.0,0.0,26.359,0.0,0.22407,0.0,-18.75,0.4414,20.0
158,2023-06-08,1.123,0.28448,10.95,23.25,17.1291666666667,0.0,0.28448,8.6136e-32,0.079121,-1.1325e-06,11.19,20.439,0.22407,6.4044,-0.003204,-862970.0,-851.37,-23.584,0.0,0.0,26.26,0.0,0.22407,0.0,-18.75,0.4414,20.0
159,2023-06-09,0.5614,0.19304,13.25,19.575,15.8625,0.0,0.19304,8.6136e-32,0.052765,-1.1325e-06,11.19,20.632,0.22407,6.4575,-0.0032051,-862960.0,-860.65,-23.587,0.0,0.0,26.194,0.0,0.22407,0.0,-18.75,0.4414,20.0
160,2023-06-10,0.0238,0.24638,11.4,20.7,15.959375,0.0,0.24638,8.613499999999999e-32,0.065598,-1.1027e-06,11.19,20.879,0.22407,6.5234,-0.0032062,-862950.0,-868.44,-23.59,0.0,0.0,26.134,0.0,0.22407,0.0,-18.75,0.4414,20.0
161,2023-06-11,0.0136,0.41148,8.85,23.425,16.7239583333333,0.0,0.41148,8.6138e-32,0.10593,-1.0729e-06,11.19,21.29,0.22407,6.63,-0.0032073,-862980.0,-879.91,-23.592,0.0,0.0,26.048,0.0,0.22407,0.0,-18.75,0.4414,20.0
162,2023-06-12,0.0102,0.41402,9.95,24.225,17.5041666666667,0.0,0.41402,8.6137e-32,0.10318,-1.0431e-06,11.19,21.704,0.22407,6.7341,-0.0032084,-862970.0,-891.99,-23.595,0.0,0.0,25.942,0.0,0.22407,0.0,-18.75,0.4414,20.0
163,2023-06-13,0.0051,0.46482,7.65,26.175,17.7364583333333,0.0,0.46482,8.6136e-32,0.11166,-1.0133e-06,11.19,22.169,0.22407,6.8467,-0.0032094,-862970.0,-904.18,-23.598,0.0,0.0,25.834,0.0,0.22407,0.0,-18.76,0.4414,20.0
164,2023-06-14,0.0,0.44958,8.75,19.225,16.26875,0.0,0.44958,8.6136e-32,0.10461,-9.8348e-07,11.19,22.619,0.22407,6.9523,-0.0032104,-862960.0,-917.79,-23.6,0.0,0.0,25.725,0.0,0.22407,0.0,-18.76,0.4414,20.0
165,2023-06-15,0.0,0.26924,5.1,17.1,11.3458333333333,0.0,0.26924,8.613499999999999e-32,0.061784,-9.5367e-07,11.19,22.888,0.22407,7.0144,-0.0032113,-862950.0,-928.31,-23.602,0.0,0.0,25.641,0.0,0.22407,0.0,-18.76,0.4414,20.0
166,2023-06-16,0.0119,0.4318,3.15,23.3,13.9916666666667,0.0,0.4318,8.6138e-32,0.09562,-9.5367e-07,11.19,23.32,0.22407,7.1108,-0.0032123,-862980.0,-938.86,-23.605,0.0,0.0,25.562,0.0,0.22407,0.0,-18.76,0.4414,20.0
167,2023-06-17,0.068,0.3937,10.05,22.15,15.9583333333333,0.0,0.3937,8.6137e-32,0.084946,-9.2387e-07,11.19,23.713,0.22407,7.1964,-0.0032132,-862970.0,-949.5,-23.607,0.0,0.0,25.471,0.0,0.22407,0.0,-18.76,0.4414,20.0
168,2023-06-18,0.2451,0.34036,5.15,18.225,12.6614583333333,0.0,0.34036,8.6136e-32,0.071799,-8.9407e-07,11.19,24.054,0.22407,7.2687,-0.0032141,-862960.0,-959.2,-23.609,0.0,0.0,25.392,0.0,0.22407,0.0,-18.76,0.4414,20.0
169,2023-06-19,0.0,0.4699,5.55,17.625,11.7541666666667,0.0,0.4699,8.6136e-32,0.094784,-8.9407e-07,11.19,24.524,0.22407,7.3644,-0.003215,-862960.0,-970.28,-23.612,0.0,0.0,25.308,0.0,0.22407,0.0,-18.76,0.4414,20.0
170,2023-06-20,0.0,0.4445,4.825,18.9,11.8979166666667,0.0,0.4445,8.6138e-32,0.087297,-8.6427e-07,11.19,24.968,0.22407,7.4523,-0.0032159,-862980.0,-981.49,-23.614,0.0,0.0,25.216,0.0,0.22407,0.0,-18.76,0.4414,20.0
171,2023-06-21,0.0289,0.34798,0.75,18.575,10.0989583333333,0.0,0.34798,8.6137e-32,0.066918,-8.3447e-07,11.19,25.316,0.22407,7.5195,-0.0032167,-862980.0,-992.05,-23.616,0.0,0.0,25.139,0.0,0.22407,0.0,-18.76,0.4414,20.0
172,2023-06-22,0.0051,0.4064,1.225,21.425,12.753125,0.0,0.4064,8.6137e-32,0.076174,-8.0466e-07,11.19,25.723,0.22407,7.5962,-0.0032175,-862970.0,-1000.8,-23.618,0.0,0.0,25.066,0.0,0.22407,0.0,-18.77,0.4414,20.0
173,2023-06-23,0.4835,0.32004,4.275,23.925,13.8770833333333,0.0,0.32004,8.6136e-32,0.059289,-8.0466e-07,11.19,26.043,0.22407,7.6559,-0.0032184,-862960.0,-1008.5,-23.62,0.0,0.0,24.998,0.0,0.22407,0.0,-18.77,0.4414,20.0
174,2023-06-24,0.0204,0.40132,9.65,24.3,16.6302083333333,0.0,0.40132,8.613499999999999e-32,0.071349,-7.7486e-07,11.19,26.444,0.22407,7.7278,-0.0032191,-862960.0,-1017.5,-23.622,0.0,0.0,24.932,0.0,0.22407,0.0,-18.77,0.4414,20.0
175,2023-06-25,0.5101,0.34036,6.85,25.475,15.0083333333333,-2.1611,0.34036,-1.0694,0.15661,0.0,9.0289,26.784,-1.5173,7.8379,-0.0032191,0.0,-772.13,-23.622,1.0917,0.4207,26.564,1.7413,0.22407,0.0,-18.77,0.4414,20.0
176,2023-06-26,0.0102,0.43942,7.55,25.375,16.71875,-1.6612,0.43942,-0.84185,0.22357,0.0,7.3677,27.224,-2.4665,8.042,-0.0032193,0.0,-657.67,-23.622,0.81935,1.1326,27.309,2.6906,0.22407,0.0,-18.77,0.4414,20.0
177,2023-06-27,0.3195,0.34036,7.675,24.625,16.1354166666667,-1.9705,0.34036,-0.74481,0.20705,0.0,5.3972,27.564,-3.2564,8.2282,-0.0032195,0.0,-562.81,-23.623,1.2257,2.3132,27.913,3.4805,0.22407,0.0,-18.78,0.4414,20.0
178,2023-06-28,0.6885,0.35052,10.85,22.875,16.246875,0.0,0.35052,-1.2224e-08,0.23217,-7.4516e-07,5.3972,27.915,-3.2564,8.4608,-0.0032202,-18.889,-579.06,-23.625,0.0,2.3132,27.68,3.4805,0.22407,0.0,-18.78,0.4414,20.0
179,2023-06-29,0.0051,0.4699,9.825,28.45,19.3947916666667,-3.3071,0.4699,-0.71448,0.27796,0.0,2.0901,28.385,-4.0628,8.7456,-0.0032205,0.0,-516.59,-23.625,2.5926,4.814,28.203,4.2868,0.22407,0.0,-18.78,0.4414,20.0
180,2023-06-30,0.0,0.46482,12.425,30.125,22.1291666666667,0.0,0.46482,2.5204e-08,0.32629,-7.2469e-07,2.0901,28.849,-4.0628,9.0727,-0.0032212,-19.417,-536.78,-23.627,0.0,4.814,27.876,4.2868,0.22407,0.0,-18.79,0.4414,20.0
181,2023-07-01,0.0,0.58928,14.4,31.125,22.9822916666667,-3.302,0.58928,-0.70906,0.36724,-9.4219e-07,-1.2119,29.439,-4.8899,9.453,-0.0032215,0.0,-493.33,-23.628,2.5929,7.2889,28.325,5.114,0.22407,0.0,-18.79,0.4414,20.0
182,2023-07-02,0.0,0.44958,8.7,27.4,19.7010416666667,0.0,0.44958,-1.4727e-08,0.32931,-6.9787e-07,-1.2119,29.888,-4.8899,9.7847,-0.0032222,-19.226,-517.2,-23.629,0.0,7.2889,27.992,5.114,0.22407,0.0,-18.8,0.4414,20.0
183,2023-07-03,0.8263,0.37592,8.675,23.075,14.9052083333333,-2.4773,0.37592,-0.6743,0.23859,0.0,-3.6892,30.264,-5.6669,10.026,-0.0032224,0.0,-480.36,-23.63,1.803,8.9896,28.528,5.891,0.22407,0.0,-18.81,0.4414,20.0
184,2023-07-04,0.0102,0.29972,7.075,18.65,12.45,0.0,0.29972,3.2363e-08,0.22706,-6.8081e-07,-3.6892,30.564,-5.6669,10.254,-0.0032231,-18.745,-490.28,-23.632,0.0,8.9896,28.299,5.891,0.22407,0.0,-18.81,0.4414,20.0
185,2023-07-05,0.0,0.3937,4.425,25.325,14.9354166666667,0.0,0.3937,1.0128e-08,0.29196,-6.7552e-07,-3.6892,30.958,-5.6669,10.548,-0.0032237,-20.7,-513.05,-23.633,0.0,8.9896,28.021,5.891,0.22407,0.0,-18.82,0.4414,20.0
186,2023-07-06,0.0,0.3937,7.475,26.875,17.6114583333333,0.0,0.3937,2.6193e-09,0.28835,-6.7055e-07,-3.6892,31.351,-5.6669,10.837,-0.0032244,-22.331,-532.43,-23.635,0.0,8.9896,27.73,5.891,0.22407,0.0,-18.83,0.4414,20.0
187,2023-07-07,0.0,0.41148,7.825,25.75,17.7020833333333,0.0,0.41148,2.241e-09,0.29829,-6.2585e-07,-3.6892,31.763,-5.6669,11.136,-0.003225,-23.235,-549.52,-23.636,0.0,8.9896,27.436,5.891,0.22407,0.0,-18.84,0.4414,20.0
188,2023-07-08,0.0,0.42672,7.15,28.65,18.55625,0.0,0.42672,-5.2169e-09,0.30689,-6.2585e-07,-3.6892,32.189,-5.6669,11.444,-0.0032257,-23.605,-566.54,-23.638,0.0,8.9896,27.133,5.891,0.22407,0.0,-18.84,0.4414,20.0
189,2023-07-09,0.0,0.46482,9.525,32.1,20.8197916666667,0.0,0.46482,-1.3089e-08,0.3318,-5.9605e-07,-3.6892,32.654,-5.6669,11.776,-0.0032263,-23.729,-584.39,-23.639,0.0,8.9896,26.813,5.891,0.22407,0.0,-18.85,0.4413,20.0
190,2023-07-10,0.0,0.4191,11.95,31.35,21.0125,0.0,0.4191,-1.3053e-08,0.29742,-5.9605e-07,-3.6892,33.073,-5.6669,12.074,-0.0032269,-23.856,-603.99,-23.641,0.0,8.9896,26.498,5.891,0.22407,0.0,-18.86,0.4413,20.0
191,2023-07-11,0.0,0.3302,10.675,25.05,17.6322916666667,0.0,0.3302,-2.663e-09,0.23366,-5.6624e-07,-3.6892,33.404,-5.6669,12.308,-0.0032274,-24.004,-621.45,-23.642,0.0,8.9896,26.232,5.891,0.22407,0.0,-18.87,0.4413,20.0
192,2023-07-12,0.0,0.43434,9.325,29.675,19.7041666666667,0.0,0.43434,-8.6948e-09,0.30386,-5.6624e-07,-3.6892,33.838,-5.6669,12.613,-0.003228,-24.173,-641.63,-23.644,0.0,8.9896,25.963,5.891,0.22407,0.0,-18.88,0.4413,20.0
193,2023-07-13,0.0902,0.3937,10.875,28.325,18.1260416666667,-1.3602,0.3937,-0.92162,0.25166,0.0,-5.0494,34.232,-6.8788,12.885,-0.003228,0.0,-620.49,-23.644,0.43858,9.1382,26.902,7.1029,0.22407,0.0,-18.89,0.4413,20.0
194,2023-07-14,0.0,0.35306,8.625,26.925,17.66875,-1.27,0.35306,-0.7371,0.22462,0.0,-6.3194,34.585,-7.683,13.11,-0.0032281,0.0,-609.31,-23.644,0.5329,9.6041,27.481,7.907,0.22407,0.0,-18.9,0.4413,20.0
195,2023-07-15,0.0,0.41402,9.325,30.425,20.0177083333333,-1.27,0.41402,-0.68097,0.23744,0.0,-7.5894,34.999,-8.3874,13.353,-0.0032283,0.0,-602.93,-23.644,0.58903,10.17,27.942,8.6115,0.22407,0.0,-18.91,0.4413,20.0
196,2023-07-16,0.0,0.4318,10.125,31.8,21.578125,-1.27,0.4318,-0.66781,0.28154,0.0,-8.8594,35.431,-9.0628,13.62,-0.0032284,0.0,-516.54,-23.645,0.60219,10.764,28.352,9.2869,0.22407,0.0,-18.92,0.4413,20.0
197,2023-07-17,0.0102,0.46736,11.6,31.9,21.653125,-1.2802,0.46736,-0.66373,0.32012,0.0,-10.14,35.898,-9.7316,13.928,-0.0032286,0.0,-467.19,-23.645,0.61647,11.376,28.713,9.9556,0.22407,0.0,-18.93,0.4413,20.0
198,2023-07-18,0.0,0.4445,5.8,28.55,18.1614583333333,-2.54,0.4445,-0.65429,0.31897,0.0,-12.68,36.342,-10.39,14.236,-0.0032288,0.0,-419.41,-23.646,1.8857,13.257,29.062,10.614,0.22407,0.0,-18.94,0.4413,20.0
199,2023-07-19,0.0,0.4191,5.7,27.475,18.4979166666667,0.0,0.4191,9.255e-09,0.34747,-5.5597e-07,-12.68,36.762,-10.39,14.584,-0.0032293,-19.275,-443.14,-23.647,0.0,13.257,28.714,10.614,0.22407,0.0,-18.95,0.4413,20.0
200,2023-07-20,0.0,0.43942,6.725,31.125,21.0604166666667,-1.27,0.43942,-0.65209,0.31239,-1.0316e-06,-13.95,37.201,-11.135,14.907,-0.0032295,0.0,-430.8,-23.647,0.61791,13.783,29.136,11.359,0.22407,0.0,-18.96,0.4413,20.0
201,2023-07-21,0.0,0.47244,9.5,35.65,23.0864583333333,0.0,0.47244,-2.567e-08,0.38784,-5.2344e-07,-13.95,37.673,-11.135,15.296,-0.0032301,-19.31,-455.6,-23.648,0.0,13.783,28.748,11.359,0.22407,0.0,-18.98,0.4412,20.0
202,2023-07-22,0.0,0.46736,11.45,36.55,24.0,0.0,0.46736,-8.5565e-09,0.3821,-5.5631e-07,-13.95,38.141,-11.135,15.679,-0.0032306,-21.48,-473.83,-23.649,0.0,13.783,28.364,11.359,0.22407,0.0,-18.99,0.4412,20.0
203,2023-07-23,0.0,0.45974,9.95,36.05,24.60625,0.0,0.45974,1.4435e-08,0.37448,-5.3644e-07,-13.95,38.6,-11.135,16.053,-0.0032311,-22.884,-490.84,-23.651,0.0,13.783,27.985,11.359,0.22407,0.0,-19.0,0.4412,20.0
204,2023-07-24,0.0,0.4699,12.925,36.925,24.6635416666667,0.0,0.4699,2.3283e-10,0.38155,-5.3644e-07,-13.95,39.07,-11.135,16.435,-0.0032317,-23.537,-506.8,-23.652,0.0,13.783,27.607,11.359,0.22407,0.0,-19.01,0.4412,20.0
205,2023-07-25,0.0,0.46482,15.375,29.8,23.028125,0.0,0.46482,4.0818e-09,0.37631,-5.3644e-07,-13.95,39.535,-11.135,16.812,-0.0032322,-23.694,-524.09,-23.653,0.0,13.783,27.228,11.359,0.22407,0.0,-19.03,0.4412,20.0
206,2023-07-26,0.0,0.44958,10.725,30.1,20.25,0.0,0.44958,-9.597e-09,0.36297,-5.3644e-07,-13.95,39.985,-11.135,17.175,-0.0032327,-23.823,-541.65,-23.654,0.0,13.783,26.858,11.359,0.22407,0.0,-19.04,0.4412,20.0
207,2023-07-27,0.0,0.34036,6.375,25.225,17.2885416666667,0.0,0.34036,1.0274e-08,0.27461,-5.3644e-07,-13.95,40.325,-11.135,17.45,-0.0032333,-23.973,-558.03,-23.655,0.0,13.783,26.539,11.359,0.22407,0.0,-19.05,0.4412,20.0
208,2023-07-28,0.0,0.36068,6.85,28.8,18.3135416666667,0.0,0.36068,1.5491e-08,0.29012,-5.3644e-07,-13.95,40.686,-11.135,17.74,-0.0032338,-24.145,-574.66,-23.656,0.0,13.783,26.256,11.359,0.22407,0.0,-19.06,0.4412,20.0
209,2023-07-29,0.0,0.3937,7.725,31.125,20.24375,0.0,0.3937,1.0536e-08,0.31561,-5.3644e-07,-13.95,41.08,-11.135,18.056,-0.0032344,-24.343,-593.78,-23.657,0.0,13.783,25.953,11.359,0.22407,0.0,-19.08,0.4412,20.0
210,2023-07-30,0.0,0.39116,9.075,32.525,21.4,0.0,0.39116,-7.225e-09,0.31286,-5.3644e-07,-13.95,41.471,-11.135,18.369,-0.0032349,-24.573,-616.23,-23.658,0.0,13.783,25.639,11.359,0.22407,0.0,-19.09,0.4412,20.0
211,2023-07-31,0.0,0.41402,8.5,34.65,22.3989583333333,0.0,0.41402,-5.4279e-09,0.33027,-5.3644e-07,-13.95,41.885,-11.135,18.699,-0.0032354,-24.844,-644.44,-23.66,0.0,13.783,25.317,11.359,0.22407,0.0,-19.1,0.4411,20.0
212,2023-08-01,0.0,0.43942,14.525,35.1,24.5697916666667,0.0,0.43942,6.6066e-09,0.34975,-5.3644e-07,-13.95,42.324,-11.135,19.049,-0.003236,-25.171,-682.69,-23.661,0.0,13.783,24.977,11.359,0.22407,0.0,-19.12,0.4411,20.0
213,2023-08-02,0.0,0.43688,10.225,34.525,23.2104166666667,0.0,0.43688,-5.9663e-10,0.34196,-5.3644e-07,-13.95,42.761,-11.135,19.394,-0.0032365,-25.578,-739.56,-23.662,0.0,13.783,24.628,11.359,0.22407,0.0,-19.13,0.4411,20.0
214,2023-08-03,0.0,0.39624,15.1,34.45,25.1635416666667,0.0,0.39624,-9.4005e-09,0.27474,-5.3644e-07,-13.95,43.157,-11.135,19.68,-0.003237,-26.107,-827.46,-23.663,0.0,13.783,24.309,11.359,0.22407,0.0,-19.14,0.4411,20.0
215,2023-08-04,0.0,0.35814,14.8,32.1,22.8239583333333,0.0,0.35814,-1.0594e-08,0.20274,-5.3644e-07,-13.95,43.515,-11.135,19.896,-0.0032376,-26.735,-931.64,-23.664,0.0,13.783,24.057,11.359,0.22407,0.0,-19.16,0.4411,20.0
216,2023-08-05,0.0051,0.19558,14.25,22.35,17.4322916666667,0.0,0.19558,1.2602e-08,0.094027,-5.3644e-07,-13.95,43.711,-11.135,19.994,-0.0032381,-27.372,-1015.9,-23.665,0.0,13.783,23.905,11.359,0.22407,0.0,-19.17,0.4411,20.0
217,2023-08-06,0.0153,0.14986,10.4,18.3,15.1177083333333,0.0,0.14986,3.5798e-09,0.064137,-5.3644e-07,-13.95,43.861,-11.135,20.06,-0.0032386,-27.914,-1059.2,-23.666,0.0,13.783,23.824,11.359,0.22407,0.0,-19.18,0.4411,20.0
218,2023-08-07,0.0017,0.34036,7.9,28.625,17.475,0.0,0.34036,7.1013e-09,0.11464,-5.3644e-07,-13.95,44.201,-11.135,20.181,-0.0032392,-28.357,-1108.0,-23.667,0.0,13.783,23.727,11.359,0.22407,0.0,-19.2,0.4411,20.0
219,2023-08-08,0.0017,0.3556,8.675,30.1,19.2875,0.0,0.3556,1.1889e-08,0.096645,-5.3644e-07,-13.95,44.557,-11.135,20.283,-0.0032397,-28.705,-1162.8,-23.668,0.0,13.783,23.616,11.359,0.22407,0.0,-19.21,0.4411,20.0
220,2023-08-09,0.0034,0.4064,13.025,28.9,20.1895833333333,0.0,0.4064,-1.1205e-08,0.086032,-5.3644e-07,-13.95,44.963,-11.135,20.375,-0.0032403,-28.975,-1213.2,-23.67,0.0,13.783,23.52,11.359,0.22407,0.0,-19.22,0.4411,20.0
221,2023-08-10,0.0,0.46228,12.7,27.5,19.2614583333333,0.0,0.46228,-1.0405e-09,0.070732,-5.3644e-07,-13.95,45.425,-11.135,20.452,-0.0032408,-29.182,-1261.8,-23.671,0.0,13.783,23.435,11.359,0.22407,0.0,-19.24,0.441,20.0
222,2023-08-11,0.0,0.39878,9.2,29.525,19.2677083333333,0.0,0.39878,1.3984e-08,0.046473,-5.3644e-07,-13.95,45.824,-11.135,20.502,-0.0032413,-29.34,-1301.6,-23.672,0.0,13.783,23.373,11.359,0.22407,0.0,-19.25,0.441,20.0
223,2023-08-12,0.0017,0.26924,9.75,31.875,18.0302083333333,0.0,0.26924,2.4847e-09,0.026132,-5.3644e-07,-13.95,46.093,-11.135,20.53,-0.0032419,-29.46,-1328.3,-23.673,0.0,13.783,23.335,11.359,0.22407,0.0,-19.26,0.441,20.0
224,2023-08-13,0.0,0.3556,8.125,28.05,18.1322916666667,0.0,0.3556,-7.8253e-09,0.023709,-5.3644e-07,-13.95,46.449,-11.135,20.555,-0.0032424,-29.551,-1350.2,-23.674,0.0,13.783,23.308,11.359,0.22407,0.0,-19.28,0.441,20.0
225,2023-08-14,0.0,0.41148,8.45,33.725,21.628125,0.0,0.41148,9.9062e-09,0.019558,-5.3644e-07,-13.95,46.861,-11.135,20.577,-0.0032429,-29.621,-1367.4,-23.675,0.0,13.783,23.285,11.359,0.22407,0.0,-19.29,0.441,20.0
226,2023-08-15,0.0,0.43688,15.275,38.175,26.3229166666667,0.0,0.43688,-2.6121e-09,0.016384,-5.3644e-07,-13.95,47.297,-11.135,20.594,-0.0032435,-29.674,-1378.5,-23.676,0.0,13.783,23.266,11.359,0.22407,0.0,-19.3,0.441,20.0
227,2023-08-16,0.0,0.32258,15.85,29.2,22.63125,0.0,0.32258,-1.184e-08,0.011018,-5.3644e-07,-13.95,47.62,-11.135,20.605,-0.003244,-29.714,-1385.4,-23.677,0.0,13.783,23.252,11.359,0.22407,0.0,-19.31,0.441,20.0
228,2023-08-17,0.0,0.44958,11.65,36.825,24.23125,0.0,0.44958,1.3224e-08,0.01361,-5.3644e-07,-13.95,48.07,-11.135,20.619,-0.0032445,-29.745,-1390.5,-23.679,0.0,13.783,23.239,11.359,0.22407,0.0,-19.33,0.441,20.0
229,2023-08-18,0.0,0.55372,13.125,31.375,25.1322916666667,0.0,0.55372,1.0805e-09,0.015816,-5.3644e-07,-13.95,48.623,-11.135,20.635,-0.0032451,-29.769,-1394.8,-23.68,0.0,13.783,23.224,11.359,0.22407,0.0,-19.34,0.441,20.0
230,2023-08-19,0.0,0.29972,6.5,20.4,14.4458333333333,0.0,0.29972,1.1888e-08,0.0086087,-5.3644e-07,-13.95,48.923,-11.135,20.644,-0.0032456,-29.786,-1397.8,-23.681,0.0,13.783,23.212,11.359,0.22407,0.0,-19.35,0.4409,20.0
231,2023-08-20,0.0,0.25146,11.95,22.0,17.2677083333333,0.0,0.25146,2.2369e-09,0.0070907,-5.3644e-07,-13.95,49.175,-11.135,20.651,-0.0032462,-29.8,-1400.4,-23.682,0.0,13.783,23.204,11.359,0.22407,0.0,-19.37,0.4409,20.0
232,2023-08-21,0.0936,0.11938,14.325,17.525,16.1645833333333,0.0,0.11938,8.7002e-09,0.0033932,-5.3644e-07,-13.95,49.294,-11.135,20.654,-0.0032467,-29.81,-1402.0,-23.683,0.0,13.783,23.199,11.359,0.22407,0.0,-19.38,0.4409,20.0
233,2023-08-22,0.277,0.36068,14.6,29.775,20.0697916666667,0.0,0.36068,7.6043e-09,0.009658,-5.3644e-07,-13.95,49.655,-11.135,20.664,-0.0032472,-29.818,-1404.1,-23.684,0.0,13.783,23.192,11.359,0.22407,0.0,-19.39,0.4409,20.0
234,2023-08-23,0.034,0.40386,14.275,25.6,19.2552083333333,0.0,0.40386,1.033e-08,0.010551,-5.3644e-07,-13.95,50.058,-11.135,20.675,-0.0032478,-29.824,-1406.8,-23.685,0.0,13.783,23.182,11.359,0.22407,0.0,-19.4,0.4409,20.0
235,2023-08-24,0.0,0.36322,8.625,27.575,17.959375,0.0,0.36322,-7.9028e-09,0.0093629,-5.3644e-07,-13.95,50.422,-11.135,20.684,-0.0032483,-29.829,-1409.2,-23.686,0.0,13.783,23.172,11.359,0.22407,0.0,-19.42,0.4409,20.0
236,2023-08-25,0.0,0.28194,6.05,24.85,15.20625,0.0,0.28194,3.6613e-09,0.0072181,-5.3644e-07,-13.95,50.704,-11.135,20.691,-0.0032488,-29.832,-1411.2,-23.688,0.0,13.783,23.164,11.359,0.22407,0.0,-19.43,0.4409,20.0
237,2023-08-26,0.0,0.3683,11.175,31.35,20.5875,0.0,0.3683,1.467e-08,0.0092672,-5.3644e-07,-13.95,51.072,-11.135,20.701,-0.0032494,-29.835,-1413.0,-23.689,0.0,13.783,23.155,11.359,0.22407,0.0,-19.44,0.4409,20.0
238,2023-08-27,0.0,0.32004,9.425,30.85,19.9802083333333,0.0,0.32004,-7.2923e-09,0.0079972,-5.3644e-07,-13.95,51.392,-11.135,20.709,-0.0032499,-29.837,-1415.0,-23.69,0.0,13.783,23.147,11.359,0.22407,0.0,-19.46,0.4409,20.0
239,2023-08-28,0.0,0.29972,9.975,29.175,19.6802083333333,0.0,0.29972,-7.0671e-09,0.0074386,-5.3644e-07,-13.95,51.692,-11.135,20.716,-0.0032504,-29.839,-1416.9,-23.691,0.0,13.783,23.139,11.359,0.22407,0.0,-19.47,0.4409,20.0
240,2023-08-29,0.0119,0.37846,8.175,32.85,19.8739583333333,0.0,0.37846,-6.8427e-09,0.0090194,-5.3644e-07,-13.95,52.07,-11.135,20.725,-0.003251,-29.841,-1418.8,-23.692,0.0,13.783,23.131,11.359,0.22407,0.0,-19.48,0.4408,20.0
241,2023-08-30,0.0017,0.46482,14.65,21.325,17.2072916666667,0.0,0.46482,-6.6219e-09,0.010488,-5.3644e-07,-13.95,52.535,-11.135,20.736,-0.0032515,-29.842,-1421.0,-23.693,0.0,13.783,23.121,11.359,0.22407,0.0,-19.49,0.4408,20.0
242,2023-08-31,0.0051,0.37592,10.225,25.125,17.7479166666667,0.0,0.37592,-6.3948e-09,0.0085711,-5.3644e-07,-13.95,52.911,-11.135,20.744,-0.0032521,-29.844,-1423.0,-23.694,0.0,13.783,23.111,11.359,0.22407,0.0,-19.5,0.4408,20.0
243,2023-09-01,0.0,0.28194,5.775,27.55,16.5385416666667,0.0,0.28194,-6.1802e-09,8.5043,-5.3644e-07,-13.95,53.193,-11.135,24.996,-0.0032526,-29.846,-279.1,-23.695,0.0,13.783,23.107,11.359,0.22407,0.0,-19.52,0.4408,20.0
244,2023-09-02,0.0,0.42926,11.8,32.7,21.6041666666667,0.0,0.42926,-3.3112e-08,1.439,-4.7817e-07,-13.95,53.622,-11.135,40.754,-0.0032531,-29.848,-736.77,-23.696,0.0,13.783,6.7823,11.359,0.22407,0.0,-1470.54,0.0871,20.0
245,2023-09-03,0.0,0.37084,16.15,29.1,21.7604166666667,0.0,0.37084,2.3506e-08,1.3522e-06,-5.4531e-07,-13.95,53.993,-11.135,40.806,-0.0032537,-29.85,-796.36,-23.698,0.0,13.783,6.606,11.359,0.22407,0.0,-1606.16,0.0845,20.0
246,2023-09-04,0.3673,0.17272,10.95,18.825,14.1947916666667,0.0,0.17272,-5.5469e-09,0.0,-5.3644e-07,-13.95,54.166,-11.135,40.806,-0.0032542,-29.851,-796.38,-23.699,0.0,13.783,6.606,11.359,0.22407,0.0,-1606.19,0.0845,20.0
247,2023-09-05,0.0,0.27432,6.35,23.8,14.7916666666667,0.0,0.27432,-5.2812e-09,3.2938e-06,-5.3644e-07,-13.95,54.44,-11.135,40.806,-0.0032547,-29.853,-796.38,-23.7,0.0,13.783,6.606,11.359,0.22407,0.0,-1606.19,0.0845,20.0
248,2023-09-06,0.1821,0.3429,7.675,26.8,17.1239583333333,0.0,0.3429,-5.0761e-09,0.0,-5.3644e-07,-13.95,54.783,-11.135,40.806,-0.0032553,-29.855,-796.38,-23.701,0.0,13.783,6.606,11.359,0.22407,0.0,-1606.19,0.0845,20.0
249,2023-09-07,0.0034,0.26924,7.6,25.825,16.9135416666667,0.0,0.26924,-4.8132e-09,9.9063e-06,-5.3644e-07,-13.95,55.052,-11.135,40.806,-0.0032558,-29.857,-796.38,-23.702,0.0,13.783,6.606,11.359,0.22407,0.0,-1606.19,0.0845,20.0
250,2023-09-08,0.7957,0.254,8.275,23.925,14.6697916666667,0.0,0.254,-4.742e-09,0.0,-5.3644e-07,-13.95,55.306,-11.135,40.806,-0.0032563,-29.858,-796.38,-23.703,0.0,13.783,6.6059,11.359,0.22407,0.0,-1606.19,0.0845,20.0
251,2023-09-09,0.0068,0.21336,5.15,21.875,13.6958333333333,0.0,0.21336,-4.4893e-09,0.0,-5.3644e-07,-13.95,55.519,-11.135,40.806,-0.0032569,-29.86,-796.38,-23.704,0.0,13.783,6.6059,11.359,0.22407,0.0,-1606.19,0.0845,20.0
252,2023-09-10,0.0,0.23622,3.875,23.075,13.9447916666667,0.0,0.23622,-4.2178e-09,0.0,-5.3644e-07,-13.95,55.756,-11.135,40.806,-0.0032574,-29.862,-796.38,-23.705,0.0,13.783,6.6059,11.359,0.22407,0.0,-1606.19,0.0845,20.0
253,2023-09-11,0.0,0.25146,4.475,27.375,15.6145833333333,0.0,0.25146,-3.9556e-09,0.0,-5.3644e-07,-13.95,56.007,-11.135,40.806,-0.0032579,-29.864,-796.38,-23.707,0.0,13.783,6.6059,11.359,0.22407,0.0,-1606.19,0.0845,20.0
254,2023-09-12,0.0,0.2921,9.05,28.675,18.4947916666667,0.0,0.2921,-3.6919e-09,9.6726e-06,-5.3644e-07,-13.95,56.299,-11.135,40.806,-0.0032585,-29.865,-796.38,-23.708,0.0,13.783,6.6059,11.359,0.22407,0.0,-1606.19,0.0845,20.0
255,2023-09-13,0.0,0.24638,9.5,23.875,17.503125,0.0,0.24638,-3.6113e-09,0.0,-5.3644e-07,-13.95,56.546,-11.135,40.806,-0.003259,-29.867,-796.38,-23.709,0.0,13.783,6.6059,11.359,0.22407,0.0,-1606.19,0.0845,20.0
256,2023-09-14,0.0,0.21844,6.8,24.85,15.1583333333333,0.0,0.21844,-3.3554e-09,0.0,-5.3644e-07,-13.95,56.764,-11.135,40.806,-0.0032596,-29.869,-796.38,-23.71,0.0,13.783,6.6059,11.359,0.22407,0.0,-1606.19,0.0845,20.0
257,2023-09-15,0.0,0.2921,3.9,27.15,15.390625,0.0,0.2921,-3.0873e-09,0.0,-5.3644e-07,-13.95,57.056,-11.135,40.806,-0.0032601,-29.871,-796.38,-23.711,0.0,13.783,6.6059,11.359,0.22407,0.0,-1606.19,0.0845,20.0
258,2023-09-16,0.0,0.32258,8.5,30.25,18.5375,0.0,0.32258,-2.8241e-09,0.0,-5.3644e-07,-13.95,57.379,-11.135,40.806,-0.0032606,-29.873,-796.38,-23.712,0.0,13.783,6.6059,11.359,0.22407,0.0,-1606.19,0.0845,20.0
259,2023-09-17,0.0,0.46228,10.55,29.5,20.7541666666667,0.0,0.46228,-2.5834e-09,0.0,-5.3644e-07,-13.95,57.841,-11.135,40.806,-0.0032612,-29.874,-796.38,-23.713,0.0,13.783,6.6059,11.359,0.22407,0.0,-1606.19,0.0845,20.0
260,2023-09-18,0.0,0.37592,13.05,26.9,19.0833333333333,0.0,0.37592,-2.5572e-09,0.0,-5.3644e-07,-13.95,58.217,-11.135,40.806,-0.0032617,-29.876,-796.38,-23.714,0.0,13.783,6.6059,11.359,0.22407,0.0,-1606.19,0.0845,20.0
261,2023-09-19,0.0,0.20066,3.0,18.75,12.0010416666667,0.0,0.20066,-2.2776e-09,0.0,-5.3644e-07,-13.95,58.418,-11.135,40.806,-0.0032622,-29.878,-796.38,-23.716,0.0,13.783,6.6059,11.359,0.22407,0.0,-1606.19,0.0845,20.0
262,2023-09-20,0.0,0.18288,2.7,17.475,10.528125,0.0,0.18288,-2.0103e-09,0.0,-5.3644e-07,-13.95,58.6,-11.135,40.806,-0.0032628,-29.88,-796.38,-23.717,0.0,13.783,6.6059,11.359,0.22407,0.0,-1606.19,0.0845,20.0
263,2023-09-21,1.5719,0.04826,5.05,8.775,6.94375,0.0,0.04826,-1.7501e-09,0.0,-5.3644e-07,-13.95,58.649,-11.135,40.806,-0.0032633,-29.881,-796.38,-23.718,0.0,13.783,6.6059,11.359,0.22407,0.0,-1606.19,0.0845,20.0
264,2023-09-22,2.6917,0.04572,8.4,12.425,10.015625,0.0,0.04572,-1.482e-09,0.0,-5.3644e-07,-13.95,58.694,-11.135,40.806,-0.0032638,-29.883,-796.38,-23.719,0.0,13.783,6.6059,11.359,0.22407,0.0,-1606.19,0.0845,20.0
265,2023-09-23,1.0551,0.23622,8.3,20.55,13.1375,0.0,0.23622,-1.218e-09,4.5518e-06,-5.3644e-07,-13.95,58.931,-11.135,40.806,-0.0032644,-29.885,-796.38,-23.72,0.0,13.783,6.6059,11.359,0.22407,0.0,-1606.19,0.0845,20.0
266,2023-09-24,0.0,0.2286,3.65,21.35,12.571875,0.0,0.2286,-1.0414e-09,0.0,-5.3644e-07,-13.95,59.159,-11.135,40.806,-0.0032649,-29.887,-796.38,-23.721,0.0,13.783,6.6059,11.359,0.22407,0.0,-1606.19,0.0845,20.0
267,2023-09-25,0.0,0.22606,6.575,24.675,15.2,0.0,0.22606,-7.7944e-10,0.0,-5.3644e-07,-13.95,59.385,-11.135,40.806,-0.0032655,-29.888,-796.38,-23.722,0.0,13.783,6.6059,11.359,0.22407,0.0,-1606.19,0.0845,20.0
268,2023-09-26,0.0,0.28956,11.85,26.8,18.5614583333333,0.0,0.28956,-7.0474e-10,0.0,-5.3644e-07,-13.95,59.675,-11.135,40.806,-0.003266,-29.89,-796.38,-23.723,0.0,13.783,6.6059,11.359,0.22407,0.0,-1606.19,0.0845,20.0
269,2023-09-27,0.0,0.22098,5.15,20.725,11.69375,0.0,0.22098,-4.3178e-10,0.0,-5.3644e-07,-13.95,59.896,-11.135,40.806,-0.0032665,-29.892,-796.38,-23.725,0.0,13.783,6.6059,11.359,0.22407,0.0,-1606.19,0.0845,20.0
270,2023-09-28,0.0,0.28702,5.575,17.625,10.6572916666667,0.0,0.28702,-1.6485e-10,0.0,-5.3644e-07,-13.95,60.183,-11.135,40.806,-0.0032671,-29.894,-796.38,-23.726,0.0,13.783,6.6059,11.359,0.22407,0.0,-1606.19,0.0845,20.0
271,2023-09-29,0.0,0.23114,2.725,17.25,10.365625,0.0,0.23114,1.0141e-10,0.0,-5.3644e-07,-13.95,60.414,-11.135,40.806,-0.0032676,-29.896,-796.38,-23.727,0.0,13.783,6.6059,11.359,0.22407,0.0,-1606.19,0.0845,20.0
272,2023-09-30,0.4336,0.06604,5.2,7.9,6.55416666666667,0.0,0.06604,3.6573e-10,2.119e-06,-5.3644e-07,-13.95,60.48,-11.135,40.806,-0.0032681,-29.897,-796.38,-23.728,0.0,13.783,6.6059,11.359,0.22407,0.0,-1606.19,0.0845,20.0
273,2023-10-01,1.8254,0.02286,4.6,6.725,5.85833333333333,0.02286,0.0,0.02286,0.0,-5.3644e-07,-13.927,60.48,-11.112,40.806,-0.0032687,-65.269,-796.38,-23.729,0.0,13.783,6.5831,11.359,0.24693,0.0,-1606.19,0.0845,20.0
274,2023-10-02,0.5516,0.21844,5.475,17.625,10.428125,0.21844,0.0,0.11519,0.0,-5.3644e-07,-13.708,60.48,-10.945,40.806,-0.0032692,-1000000.0,-796.38,-23.73,0.0,13.783,6.4162,11.359,0.41375,0.0,-1606.19,0.0845,20.0
275,2023-10-03,0.034,0.13462,6.075,16.75,9.98958333333333,0.13462,0.0,-7.8417e-06,0.0,-5.3644e-07,-13.574,60.48,-10.945,40.806,-0.0032697,-1000000.0,-796.38,-23.731,0.0,13.783,6.4163,11.359,0.41375,0.0,-1606.19,0.0845,20.0
276,2023-10-04,0.0714,0.1905,3.925,19.875,10.321875,0.1905,0.0,9.984e-32,0.0,-5.3644e-07,-13.383,60.48,-10.945,40.806,-0.0032703,-1000000.0,-796.38,-23.732,0.0,13.783,6.4163,11.359,0.41375,0.0,-1606.19,0.0845,20.0
277,2023-10-05,0.0238,0.11938,-0.075,16.0,7.48645833333333,0.11938,0.0,9.984e-32,0.0,-5.3644e-07,-13.264,60.48,-10.945,40.806,-0.0032708,-1000000.0,-796.38,-23.734,0.0,13.783,6.4163,11.359,0.41375,0.0,-1606.19,0.0845,20.0
278,2023-10-06,0.0,0.19558,-0.65,19.325,8.75729166666667,0.19558,0.0,9.984e-32,0.0,-5.3644e-07,-13.068,60.48,-10.945,40.806,-0.0032714,-1000000.0,-796.38,-23.735,0.0,13.783,6.4163,11.359,0.41375,0.0,-1606.19,0.0845,20.0
279,2023-10-07,0.0,0.18796,5.85,23.825,12.925,0.18796,0.0,9.984e-32,0.0,-5.3644e-07,-12.88,60.48,-10.945,40.806,-0.0032719,-1000000.0,-796.38,-23.736,0.0,13.783,6.4163,11.359,0.41375,0.0,-1606.19,0.0845,20.0
280,2023-10-08,0.0,0.23368,1.95,25.2,13.0333333333333,0.23368,0.0,9.984e-32,0.0,-5.3644e-07,-12.647,60.48,-10.945,40.806,-0.0032724,-1000000.0,-796.38,-23.737,0.0,13.783,6.4163,11.359,0.41375,0.0,-1606.19,0.0845,20.0
281,2023-10-09,0.0,0.2413,4.225,26.0,14.55,0.2413,0.0,9.984e-32,0.0,-5.3644e-07,-12.405,60.48,-10.945,40.806,-0.003273,-1000000.0,-796.38,-23.738,0.0,13.783,6.4163,11.359,0.41375,0.0,-1606.19,0.0845,20.0
282,2023-10-10,0.0766,0.21082,10.075,21.725,14.00625,0.21082,0.0,9.984e-32,0.0,-5.3644e-07,-12.194,60.48,-10.945,40.806,-0.0032735,-1000000.0,-796.38,-23.739,0.0,13.783,6.4163,11.359,0.41375,0.0,-1606.19,0.0845,20.0
283,2023-10-11,0.9952,0.15494,5.925,17.625,10.40625,0.15494,0.0,9.984e-32,0.0,-5.3644e-07,-12.04,60.48,-10.945,40.806,-0.003274,-1000000.0,-796.38,-23.74,0.0,13.783,6.4163,11.359,0.41375,0.0,-1606.19,0.0845,20.0
284,2023-10-12,0.1887,0.02032,3.725,8.575,6.5375,0.02032,0.0,9.984e-32,0.0,-5.3644e-07,-12.019,60.48,-10.945,40.806,-0.0032746,-1000000.0,-796.38,-23.741,0.0,13.783,6.4163,11.359,0.41375,0.0,-1606.19,0.0845,20.0
285,2023-10-13,0.0306,0.07366,3.775,10.5,7.06875,0.07366,0.0,9.984e-32,0.0,-5.3644e-07,-11.946,60.48,-10.945,40.806,-0.0032751,-1000000.0,-796.38,-23.743,0.0,13.783,6.4163,11.359,0.41375,0.0,-1606.19,0.0845,20.0
286,2023-10-14,0.0085,0.13716,0.0,15.8,6.95833333333333,0.13716,0.0,9.984e-32,0.0,-5.3644e-07,-11.808,60.48,-10.945,40.806,-0.0032756,-1000000.0,-796.38,-23.744,0.0,13.783,6.4163,11.359,0.41375,0.0,-1606.19,0.0845,20.0
287,2023-10-15,0.0,0.1778,3.375,19.0,10.3677083333333,0.1778,0.0,9.984e-32,0.0,-5.3644e-07,-11.631,60.48,-10.945,40.806,-0.0032762,-1000000.0,-796.38,-23.745,0.0,13.783,6.4163,11.359,0.41375,0.0,-1606.19,0.0845,20.0
288,2023-10-16,0.0,0.18288,4.3,20.05,12.4822916666667,0.18288,0.0,9.984e-32,0.0,-5.3644e-07,-11.448,60.48,-10.945,40.806,-0.0032767,-1000000.0,-796.38,-23.746,0.0,13.783,6.4163,11.359,0.41375,0.0,-1606.19,0.0845,20.0
289,2023-10-17,0.0,0.24892,6.6,16.175,12.215625,0.24892,0.0,9.984e-32,0.0,-5.3644e-07,-11.199,60.48,-10.945,40.806,-0.0032773,-1000000.0,-796.38,-23.747,0.0,13.783,6.4163,11.359,0.41375,0.0,-1606.19,0.0845,20.0
290,2023-10-18,0.0,0.36322,6.2,19.9,12.8614583333333,0.36322,0.0,9.984e-32,0.0,-5.3644e-07,-10.836,60.48,-10.945,40.806,-0.0032778,-1000000.0,-796.38,-23.748,0.0,13.783,6.4163,11.359,0.41375,0.0,-1606.19,0.0845,20.0
291,2023-10-19,0.0,0.42164,11.4,27.0,18.1760416666667,0.42164,0.0,9.984e-32,0.0,-5.3644e-07,-10.414,60.48,-10.945,40.806,-0.0032783,-1000000.0,-796.38,-23.749,0.0,13.783,6.4163,11.359,0.41375,0.0,-1606.19,0.0845,20.0
292,2023-10-20,0.0,0.26924,3.375,25.65,15.0583333333333,0.26924,0.0,9.984e-32,0.0,-5.3644e-07,-10.145,60.48,-10.945,40.806,-0.0032789,-1000000.0,-796.38,-23.75,0.0,13.783,6.4163,11.359,0.41375,0.0,-1606.19,0.0845,20.0
293,2023-10-21,0.0,0.10922,-1.9,17.025,6.440625,0.10922,0.0,9.984e-32,0.0,-5.3644e-07,-10.035,60.48,-10.945,40.806,-0.0032794,-1000000.0,-796.38,-23.752,0.0,13.783,6.4163,11.359,0.41375,0.0,-1606.19,0.0845,20.0
294,2023-10-22,0.0765,0.06858,2.6,9.125,5.3875,0.06858,0.0,9.984e-32,0.0,-5.3644e-07,-9.9669,60.48,-10.945,40.806,-0.0032799,-1000000.0,-796.38,-23.753,0.0,13.783,6.4163,11.359,0.41375,0.0,-1606.19,0.0845,20.0
295,2023-10-23,0.4765,0.03302,0.825,5.0,3.42708333333333,0.03302,0.0,9.984e-32,0.0,-5.3644e-07,-9.9339,60.48,-10.945,40.806,-0.0032805,-1000000.0,-796.38,-23.754,0.0,13.783,6.4163,11.359,0.41375,0.0,-1606.19,0.0845,20.0
296,2023-10-24,0.0,0.02286,-8.1,0.8,-4.26875,0.02286,0.0,9.984e-32,0.0,-5.3644e-07,-9.911,60.48,-10.945,40.806,-0.003281,-1000000.0,-796.38,-23.755,0.0,13.783,6.4163,11.359,0.41375,0.0,-1606.19,0.0845,20.0
297,2023-10-25,0.0017,0.02794,-10.85,-4.875,-8.91458333333333,0.02794,0.0,9.984e-32,0.0,-5.3644e-07,-9.8831,60.48,-10.945,40.806,-0.0032815,-1000000.0,-796.38,-23.756,0.0,13.783,6.4163,11.359,0.41375,0.0,-1606.19,0.0845,20.0
298,2023-10-26,0.0,0.0254,-12.175,-4.675,-9.690625,0.0254,0.0,9.984e-32,0.0,-5.3644e-07,-9.8577,60.48,-10.945,40.806,-0.0032821,-1000000.0,-796.38,-23.757,0.0,13.783,6.4163,11.359,0.41375,0.0,-1606.19,0.0845,20.0
299,2023-10-27,0.0,0.02286,-18.325,-3.4,-11.734375,0.02286,0.0,9.984e-32,0.0,-5.3644e-07,-9.8348,60.48,-10.945,40.806,-0.0032826,-1000000.0,-796.38,-23.758,0.0,13.783,6.4163,11.359,0.41375,0.0,-1606.19,0.0845,20.0
300,2023-10-28,0.0,0.04064,-15.475,-2.525,-8.61458333333333,0.04064,0.0,9.984e-32,0.0,-5.3644e-07,-9.7942,60.48,-10.945,40.806,-0.0032832,-1000000.0,-796.38,-23.759,0.0,13.783,6.4163,11.359,0.41375,0.0,-1606.19,0.0845,20.0
301,2023-10-29,0.0034,0.06604,-8.975,0.4,-4.11875,0.06604,0.0,9.984e-32,0.0,-5.3644e-07,-9.7281,60.48,-10.945,40.806,-0.0032837,-1000000.0,-796.38,-23.76,0.0,13.783,6.4163,11.359,0.41375,0.0,-1606.19,0.0845,20.0
302,2023-10-30,0.0952,0.1016,-5.525,4.0,-0.882291666666667,0.1016,0.0,9.984e-32,0.0,-5.3644e-07,-9.6265,60.48,-10.945,40.806,-0.0032842,-1000000.0,-796.38,-23.762,0.0,13.783,6.4163,11.359,0.41375,0.0,-1606.19,0.0845,20.0
303,2023-10-31,0.0,0.13462,-1.1,7.375,2.45104166666667,0.13462,0.0,9.984e-32,0.0,-5.3644e-07,-9.4919,60.48,-10.945,40.806,-0.0032848,-1000000.0,-796.38,-23.763,0.0,13.783,6.4163,11.359,0.41375,0.0,-1606.19,0.0845,20.0
304,2023-11-01,0.0,0.15748,-0.625,12.375,4.26770833333333,0.15748,0.0,9.984e-32,0.0,-5.3644e-07,-9.3344,60.48,-10.945,40.806,-0.0032853,-1000000.0,-796.38,-23.764,0.0,13.783,6.4163,11.359,0.41375,0.0,-1606.19,0.0845,20.0
305,2023-11-02,0.0068,0.11176,4.0,10.375,6.99583333333333,0.11176,0.0,9.984e-32,0.0,-5.3644e-07,-9.2227,60.48,-10.945,40.806,-0.0032858,-1000000.0,-796.38,-23.765,0.0,13.783,6.4163,11.359,0.41375,0.0,-1606.19,0.0845,20.0
306,2023-11-03,0.0017,0.14478,1.325,12.975,6.86979166666667,0.14478,0.0,9.984e-32,0.0,-5.3644e-07,-9.0779,60.48,-10.945,40.806,-0.0032864,-1000000.0,-796.38,-23.766,0.0,13.783,6.4163,11.359,0.41375,0.0,-1606.19,0.0845,20.0
307,2023-11-04,0.0136,0.1905,1.0,12.2,7.7375,0.1905,0.0,9.984e-32,0.0,-5.3644e-07,-8.8874,60.48,-10.945,40.806,-0.0032869,-1000000.0,-796.38,-23.767,0.0,13.783,6.4163,11.359,0.41375,0.0,-1606.19,0.0845,20.0
308,2023-11-05,0.0,0.23876,5.5,14.4,9.73368,0.23876,0.0,9.984e-32,0.0,-5.3644e-07,-8.6486,60.48,-10.945,40.806,-0.0032874,-1000000.0,-796.38,-23.768,0.0,13.783,6.4163,11.359,0.41375,0.0,-1606.19,0.0845,20.0
309,2023-11-06,0.0357,0.1143,0.475,10.45,6.26875,0.1143,0.0,9.984e-32,0.0,-5.3644e-07,-8.5343,60.48,-10.945,40.806,-0.003288,-1000000.0,-796.38,-23.77,0.0,13.783,6.4163,11.359,0.41375,0.0,-1606.19,0.0845,20.0
310,2023-11-07,0.0,0.2032,2.85,9.9,5.97395833333333,0.2032,0.0,9.984e-32,0.0,-5.3644e-07,-8.3311,60.48,-10.945,40.806,-0.0032885,-1000000.0,-796.38,-23.771,0.0,13.783,6.4163,11.359,0.41375,0.0,-1606.19,0.0845,20.0
311,2023-11-08,0.0,0.12954,-3.3,9.425,2.68229166666667,0.12954,0.0,9.984e-32,0.0,-5.3644e-07,-8.2016,60.48,-10.945,40.806,-0.0032891,-1000000.0,-796.38,-23.772,0.0,13.783,6.4163,11.359,0.41375,0.0,-1606.19,0.0845,20.0
312,2023-11-09,0.0,0.12446,-4.575,10.3,1.196875,0.12446,0.0,9.984e-32,0.0,-5.3644e-07,-8.0771,60.48,-10.945,40.806,-0.0032896,-1000000.0,-796.38,-23.773,0.0,13.783,6.4163,11.359,0.41375,0.0,-1606.19,0.0845,20.0
313,2023-11-10,0.0,0.15494,-4.9,9.25,2.09583333333333,0.15494,0.0,9.984e-32,0.0,-5.3644e-07,-7.9222,60.48,-10.945,40.806,-0.0032901,-1000000.0,-796.38,-23.774,0.0,13.783,6.4163,11.359,0.41375,0.0,-1606.19,0.0845,20.0
314,2023-11-11,0.0,0.28956,0.45,13.25,6.24270833333333,0.28956,0.0,9.984e-32,0.0,-5.3644e-07,-7.6326,60.48,-10.945,40.806,-0.0032907,-1000000.0,-796.38,-23.775,0.0,13.783,6.4163,11.359,0.41375,0.0,-1606.19,0.0845,20.0
315,2023-11-12,0.0,0.13462,-0.625,11.25,4.853125,0.13462,0.0,9.984e-32,0.0,-5.3644e-07,-7.498,60.48,-10.945,40.806,-0.0032912,-1000000.0,-796.38,-23.776,0.0,13.783,6.4163,11.359,0.41375,0.0,-1606.19,0.0845,20.0
316,2023-11-13,0.0,0.24892,-0.375,16.475,8.39895833333333,0.24892,0.0,9.984e-32,0.0,-5.3644e-07,-7.2491,60.48,-10.945,40.806,-0.0032917,-1000000.0,-796.38,-23.777,0.0,13.783,6.4163,11.359,0.41375,0.0,-1606.19,0.0845,20.0
317,2023-11-14,0.0,0.18542,-2.55,12.375,4.825,0.18542,0.0,9.984e-32,0.0,-5.3644e-07,-7.0637,60.48,-10.945,40.806,-0.0032923,-1000000.0,-796.38,-23.778,0.0,13.783,6.4163,11.359,0.41375,0.0,-1606.19,0.0845,20.0
318,2023-11-15,0.0,0.18796,0.05,14.775,7.56041666666667,0.18796,0.0,9.984e-32,0.0,-5.3644e-07,-6.8757,60.48,-10.945,40.806,-0.0032928,-1000000.0,-796.38,-23.78,0.0,13.783,6.4163,11.359,0.41375,0.0,-1606.19,0.0845,20.0
319,2023-11-16,0.3726,0.09906,-2.825,6.8,1.0,0.09906,0.0,9.984e-32,0.0,-5.3644e-07,-6.7767,60.48,-10.945,40.806,-0.0032934,-1000000.0,-796.38,-23.781,0.0,13.783,6.4163,11.359,0.41375,0.0,-1606.19,0.0845,20.0
320,2023-11-17,0.0,0.27432,3.15,13.75,7.25208333333333,0.27432,0.0,9.984e-32,0.0,-5.3644e-07,-6.5023,60.48,-10.945,40.806,-0.0032939,-1000000.0,-796.38,-23.782,0.0,13.783,6.4163,11.359,0.41375,0.0,-1606.19,0.0845,20.0
321,2023-11-18,0.0,0.19304,-0.125,13.35,5.53958333333333,0.19304,0.0,9.984e-32,0.0,-5.3644e-07,-6.3093,60.48,-10.945,40.806,-0.0032944,-1000000.0,-796.38,-23.783,0.0,13.783,6.4163,11.359,0.41375,0.0,-1606.19,0.0845,20.0
322,2023-11-19,0.0,0.18796,1.95,12.4,5.996875,0.18796,0.0,9.984e-32,0.0,-5.3644e-07,-6.1213,60.48,-10.945,40.806,-0.003295,-1000000.0,-796.38,-23.784,0.0,13.783,6.4163,11.359,0.41375,0.0,-1606.19,0.0845,20.0
323,2023-11-20,0.0,0.1651,-1.325,8.125,2.86666666666667,0.1651,0.0,9.984e-32,0.0,-5.3644e-07,-5.9562,60.48,-10.945,40.806,-0.0032955,-1000000.0,-796.38,-23.785,0.0,13.783,6.4162,11.359,0.41375,0.0,-1606.19,0.0845,20.0
324,2023-11-21,0.0,0.33274,3.65,11.25,7.96145833333333,0.33274,0.0,9.984e-32,0.0,-5.3644e-07,-5.6235,60.48,-10.945,40.806,-0.003296,-1000000.0,-796.38,-23.786,0.0,13.783,6.4162,11.359,0.41375,0.0,-1606.19,0.0845,20.0
325,2023-11-22,0.0,0.1524,-1.925,10.625,5.92395833333333,0.1524,0.0,9.984e-32,0.0,-5.3644e-07,-5.4711,60.48,-10.945,40.806,-0.0032966,-1000000.0,-796.38,-23.787,0.0,13.783,6.4162,11.359,0.41375,0.0,-1606.19,0.0845,20.0
326,2023-11-23,0.0,0.01016,-5.6,-2.2,-4.47291666666667,0.01016,0.0,9.984e-32,0.0,-5.3644e-07,-5.4609,60.48,-10.945,40.806,-0.0032971,-1000000.0,-796.38,-23.789,0.0,13.783,6.4162,11.359,0.41375,0.0,-1606.19,0.0845,20.0
327,2023-11-24,0.0,0.01778,-12.725,-5.175,-6.821875,0.01778,0.0,9.984e-32,0.0,-5.3644e-07,-5.4432,60.48,-10.945,40.806,-0.0032976,-1000000.0,-796.38,-23.79,0.0,13.783,6.4162,11.359,0.41375,0.0,-1606.19,0.0845,20.0
328,2023-11-25,0.0527,0.06096,-10.375,3.575,-2.86458333333333,0.06096,0.0,9.984e-32,0.0,-5.3644e-07,-5.3822,60.48,-10.945,40.806,-0.0032982,-1000000.0,-796.38,-23.791,0.0,13.783,6.4162,11.359,0.41375,0.0,-1606.19,0.0845,20.0
329,2023-11-26,0.0,0.05842,-8.025,3.925,-2.55833333333333,0.05842,0.0,9.984e-32,0.0,-5.3644e-07,-5.3238,60.48,-10.945,40.806,-0.0032987,-1000000.0,-796.38,-23.792,0.0,13.783,6.4162,11.359,0.41375,0.0,-1606.19,0.0845,20.0
330,2023-11-27,0.0,0.18288,-6.825,7.8,1.12083333333333,0.18288,0.0,9.984e-32,0.0,-5.3644e-07,-5.1409,60.48,-10.945,40.806,-0.0032993,-1000000.0,-796.38,-23.793,0.0,13.783,6.4162,11.359,0.41375,0.0,-1606.19,0.0845,20.0
331,2023-11-28,0.0,0.28194,0.125,10.625,4.359375,0.28194,0.0,9.984e-32,0.0,-5.3644e-07,-4.859,60.48,-10.945,40.806,-0.0032998,-1000000.0,-796.38,-23.794,0.0,13.783,6.4162,11.359,0.41375,0.0,-1606.19,0.0845,20.0
332,2023-11-29,0.0,0.10668,-10.025,7.975,0.0031249999999998,0.10668,0.0,9.984e-32,0.0,-5.3644e-07,-4.7523,60.48,-10.945,40.806,-0.0033003,-1000000.0,-796.38,-23.795,0.0,13.783,6.4162,11.359,0.41375,0.0,-1606.19,0.0845,20.0
333,2023-11-30,0.0,0.0254,-12.5,0.75,-7.184375,0.0254,0.0,9.984e-32,0.0,-5.3644e-07,-4.7269,60.48,-10.945,40.806,-0.0033009,-1000000.0,-796.38,-23.796,0.0,13.783,6.4162,11.359,0.41375,0.0,-1606.19,0.0845,20.0
334,2023-12-01,0.0,0.1143,-11.55,2.85,-2.70833333333333,0.1143,0.0,9.984e-32,0.0,-5.3644e-07,-4.6126,60.48,-10.945,40.806,-0.0033014,-1000000.0,-796.38,-23.798,0.0,13.783,6.4162,11.359,0.41375,0.0,-1606.19,0.0845,20.0
335,2023-12-02,0.0,0.1651,-2.725,4.55,0.510416666666667,0.1651,0.0,9.984e-32,0.0,-5.3644e-07,-4.4475,60.48,-10.945,40.806,-0.0033019,-1000000.0,-796.38,-23.799,0.0,13.783,6.4162,11.359,0.41375,0.0,-1606.19,0.0845,20.0
336,2023-12-03,0.0,0.17018,-3.95,6.5,1.57916666666667,0.17018,0.0,9.984e-32,0.0,-5.3644e-07,-4.2773,60.48,-10.945,40.806,-0.0033025,-1000000.0,-796.38,-23.8,0.0,13.783,6.4162,11.359,0.41375,0.0,-1606.19,0.0845,20.0
337,2023-12-04,0.0,0.16256,-2.625,9.575,5.40729166666667,0.16256,0.0,9.984e-32,0.0,-5.3644e-07,-4.1147,60.48,-10.945,40.806,-0.003303,-1000000.0,-796.38,-23.801,0.0,13.783,6.4162,11.359,0.41375,0.0,-1606.19,0.0845,20.0
338,2023-12-05,0.0,0.33782,9.525,15.325,12.5104166666667,0.33782,0.0,9.984e-32,0.0,-5.3644e-07,-3.7769,60.48,-10.945,40.806,-0.0033035,-1000000.0,-796.38,-23.802,0.0,13.783,6.4162,11.359,0.41375,0.0,-1606.19,0.0845,20.0
339,2023-12-06,0.0,0.25146,6.05,15.675,11.015625,0.25146,0.0,9.984e-32,0.0,-5.3644e-07,-3.5255,60.48,-10.945,40.806,-0.0033041,-1000000.0,-796.38,-23.803,0.0,13.783,6.4162,11.359,0.41375,0.0,-1606.19,0.0845,20.0
340,2023-12-07,0.0,0.09144,-3.225,8.15,3.30625,0.09144,0.0,9.984e-32,0.0,-5.3644e-07,-3.434,60.48,-10.945,40.806,-0.0033046,-1000000.0,-796.38,-23.804,0.0,13.783,6.4162,11.359,0.41375,0.0,-1606.19,0.0845,20.0
341,2023-12-08,0.0068,0.03302,-10.3,5.75,-2.80833333333333,0.03302,0.0,9.984e-32,0.0,-5.3644e-07,-3.401,60.48,-10.945,40.806,-0.0033052,-1000000.0,-796.38,-23.805,0.0,13.783,6.4162,11.359,0.41375,0.0,-1606.19,0.0845,20.0
342,2023-12-09,0.0,0.1397,-6.625,3.35,-1.165625,0.1397,0.0,9.984e-32,0.0,-5.3644e-07,-3.2613,60.48,-10.945,40.806,-0.0033057,-1000000.0,-796.38,-23.807,0.0,13.783,6.4162,11.359,0.41375,0.0,-1606.19,0.0845,20.0
343,2023-12-10,0.0,0.21082,0.875,6.65,3.815625,0.21082,0.0,9.984e-32,0.0,-5.3644e-07,-3.0505,60.48,-10.945,40.806,-0.0033062,-1000000.0,-796.38,-23.808,0.0,13.783,6.4162,11.359,0.41375,0.0,-1606.19,0.0845,20.0
344,2023-12-11,0.148,0.04572,-3.725,3.875,0.255208333333333,0.04572,0.0,9.984e-32,0.0,-5.3644e-07,-3.0048,60.48,-10.945,40.806,-0.0033068,-1000000.0,-796.38,-23.809,0.0,13.783,6.4162,11.359,0.41375,0.0,-1606.19,0.0845,20.0
345,2023-12-12,0.0034,0.04064,-5.475,5.225,-1.43854166666667,0.04064,0.0,9.984e-32,0.0,-5.3644e-07,-2.9641,60.48,-10.945,40.806,-0.0033073,-1000000.0,-796.38,-23.81,0.0,13.783,6.4162,11.359,0.41375,0.0,-1606.19,0.0845,20.0
346,2023-12-13,0.0,0.13716,-4.75,9.0,0.878125,0.13716,0.0,9.984e-32,0.0,-5.3644e-07,-2.827,60.48,-10.945,40.806,-0.0033078,-1000000.0,-796.38,-23.811,0.0,13.783,6.4162,11.359,0.41375,0.0,-1606.19,0.0845,20.0
347,2023-12-14,0.0,0.11684,-2.925,9.275,1.02604166666667,0.11684,0.0,9.984e-32,0.0,-5.3644e-07,-2.7101,60.48,-10.945,40.806,-0.0033084,-1000000.0,-796.38,-23.812,0.0,13.783,6.4162,11.359,0.41375,0.0,-1606.19,0.0845,20.0
348,2023-12-15,0.0,0.10668,-6.45,8.35,0.763541666666667,0.10668,0.0,9.984e-32,0.0,-5.3644e-07,-2.6034,60.48,-10.945,40.806,-0.0033089,-1000000.0,-796.38,-23.813,0.0,13.783,6.4162,11.359,0.41375,0.0,-1606.19,0.0845,20.0
349,2023-12-16,0.0,0.3302,4.125,11.3,7.08645833333333,0.3302,0.0,9.984e-32,0.0,-5.3644e-07,-2.2732,60.48,-10.945,40.806,-0.0033094,-1000000.0,-796.38,-23.814,0.0,13.783,6.4162,11.359,0.41375,0.0,-1606.19,0.0845,20.0
350,2023-12-17,0.0,0.06604,-7.75,5.325,-0.157291666666667,0.06604,0.0,9.984e-32,0.0,-5.3644e-07,-2.2072,60.48,-10.945,40.806,-0.00331,-1000000.0,-796.38,-23.816,0.0,13.783,6.4162,11.359,0.41375,0.0,-1606.19,0.0845,20.0
351,2023-12-18,0.0,0.2286,-3.35,12.575,6.90833333333333,0.2286,0.0,9.984e-32,0.0,-5.3644e-07,-1.9786,60.48,-10.945,40.806,-0.0033105,-1000000.0,-796.38,-23.817,0.0,13.783,6.4162,11.359,0.41375,0.0,-1606.19,0.0845,20.0
352,2023-12-19,0.0085,0.19304,1.925,13.15,7.56458333333333,0.19304,0.0,9.984e-32,0.0,-5.3644e-07,-1.7856,60.48,-10.945,40.806,-0.0033111,-1000000.0,-796.38,-23.818,0.0,13.783,6.4162,11.359,0.41375,0.0,-1606.19,0.0845,20.0
353,2023-12-20,0.0,0.20574,4.35,12.8,7.19166666666667,0.20574,0.0,9.984e-32,0.0,-5.3644e-07,-1.5798,60.48,-10.945,40.806,-0.0033116,-1000000.0,-796.38,-23.819,0.0,13.783,6.4162,11.359,0.41375,0.0,-1606.19,0.0845,20.0
354,2023-12-21,0.0,0.1651,-1.125,12.4,6.38125,0.1651,0.0,9.984e-32,0.0,-5.3644e-07,-1.4147,60.48,-10.945,40.806,-0.0033121,-1000000.0,-796.38,-23.82,0.0,13.783,6.4162,11.359,0.41375,0.0,-1606.19,0.0845,20.0
355,2023-12-22,0.0,0.2032,2.825,11.925,6.90625,0.2032,0.0,9.984e-32,0.0,-5.3644e-07,-1.2115,60.48,-10.945,40.806,-0.0033127,-1000000.0,-796.38,-23.821,0.0,13.783,6.4162,11.359,0.41375,0.0,-1606.19,0.0845,20.0
356,2023-12-23,0.0,0.07366,-4.55,3.975,0.003125,0.07366,0.0,9.984e-32,0.0,-5.3644e-07,-1.1379,60.48,-10.945,40.806,-0.0033132,-1000000.0,-796.38,-23.822,0.0,13.783,6.4162,11.359,0.41375,0.0,-1606.19,0.0845,20.0
357,2023-12-24,0.0,0.0762,-9.675,3.125,-4.54375,0.0762,0.0,9.984e-32,0.0,-5.3644e-07,-1.0617,60.48,-10.945,40.806,-0.0033137,-1000000.0,-796.38,-23.823,0.0,13.783,6.4162,11.359,0.41375,0.0,-1606.19,0.0845,20.0
358,2023-12-25,0.0,0.12954,-10.325,5.575,-3.33541666666667,0.12954,0.0,9.984e-32,0.0,-5.3644e-07,-0.93212,60.48,-10.945,40.806,-0.0033143,-1000000.0,-796.38,-23.824,0.0,13.783,6.4162,11.359,0.41375,0.0,-1606.19,0.0845,20.0
359,2023-12-26,0.0,0.1651,-6.25,6.95,0.0583333333333333,0.1651,0.0,9.984e-32,0.0,-5.3644e-07,-0.76702,60.48,-10.945,40.806,-0.0033148,-1000000.0,-796.38,-23.826,0.0,13.783,6.4162,11.359,0.41375,0.0,-1606.19,0.0845,20.0
360,2023-12-27,0.0,0.09144,-6.775,7.3,-0.14375,0.09144,0.0,9.984e-32,0.0,-5.3644e-07,-0.67558,60.48,-10.945,40.806,-0.0033153,-1000000.0,-796.38,-23.827,0.0,13.783,6.4162,11.359,0.41375,0.0,-1606.19,0.0845,20.0
361,2023-12-28,0.0,0.1905,-2.8,11.65,4.85729166666667,0.1905,0.0,9.984e-32,0.0,-5.3644e-07,-0.48508,60.48,-10.945,40.806,-0.0033159,-1000000.0,-796.38,-23.828,0.0,13.783,6.4162,11.359,0.41375,0.0,-1606.19,0.0845,20.0
362,2023-12-29,0.0,0.07874,-5.25,10.55,1.37708333333333,0.07874,0.0,9.984e-32,0.0,-5.3644e-07,-0.40634,60.48,-10.945,40.806,-0.0033164,-1000000.0,-796.38,-23.829,0.0,13.783,6.4162,11.359,0.41375,0.0,-1606.19,0.0845,20.0
363,2023-12-30,0.0,0.03302,-8.125,7.625,-1.759375,0.03302,0.0,9.984e-32,0.0,-5.3644e-07,-0.37332,60.48,-10.945,40.806,-0.003317,-1000000.0,-796.38,-23.83,0.0,13.783,6.4162,11.359,0.41375,0.0,-1606.19,0.0845,20.0
364,2023-12-31,0.0,0.10668,-7.525,10.125,0.734375,0.10668,0.0,9.984e-32,0.0,-5.3644e-07,-0.26664,60.48,-10.945,40.806,-0.0033175,-1000000.0,-796.38,-23.831,0.0,13.783,6.4162,11.359,0.41375,0.0,-1606.19,0.0845,20.0
365,2024-01-01,0.0,0.127,-4.5,7.55,0.603125,0.127,0.0,9.984e-32,0.0,-5.3644e-07,-0.13964,60.48,-10.945,40.806,-0.003318,-1000000.0,-796.38,-23.832,0.0,13.783,6.4162,11.359,0.41375,0.0,-1606.19,0.0845,20.0
366,2024-01-02,0.0,0.11684,-4.275,6.675,-0.121875,0.11684,0.0,9.984e-32,0.0,-5.3644e-07,-0.022803,60.48,-10.945,40.806,-0.0033186,-1000000.0,-796.38,-23.833,0.0,13.783,6.4162,11.359,0.41375,0.0,-1606.19,0.0845,20.0
367,2024-01-03,0.0,0.04064,-11.325,4.075,-4.49895833333333,0.04064,0.0,9.984e-32,0.0,-5.3644e-07,0.017837,60.48,-10.945,40.806,-0.0033191,-1000000.0,-796.38,-23.835,0.0,13.783,6.4162,11.359,0.41375,0.0,-1606.19,0.0845,20.0
368,2024-01-04,0.0,0.11176,-4.1,7.425,0.45,0.11176,0.0,9.984e-32,0.0,-5.3644e-07,0.1296,60.48,-10.945,40.806,-0.0033196,-1000000.0,-796.38,-23.836,0.0,13.783,6.4162,11.359,0.41375,0.0,-1606.19,0.0845,20.0
369,2024-01-05,0.0,0.09144,-3.425,5.325,-0.651041666666667,0.09144,0.0,9.984e-32,0.0,-5.3644e-07,0.22104,60.48,-10.945,40.806,-0.0033202,-1000000.0,-796.38,-23.837,0.0,13.783,6.4162,11.359,0.41375,0.0,-1606.19,0.0845,20.0
370,2024-01-06,0.0,0.1524,-5.325,2.2,-0.451041666666667,0.1524,0.0,9.984e-32,0.0,-5.3644e-07,0.37344,60.48,-10.945,40.806,-0.0033207,-1000000.0,-796.38,-23.838,0.0,13.783,6.4162,11.359,0.41375,0.0,-1606.19,0.0845,20.0
371,2024-01-07,0.0,0.02794,-13.95,-5.325,-10.1489583333333,0.02794,0.0,9.984e-32,0.0,-5.3644e-07,0.40138,60.48,-10.945,40.806,-0.0033212,-1000000.0,-796.38,-23.839,0.0,13.783,6.4162,11.359,0.41375,0.0,-1606.19,0.0845,20.0
372,2024-01-08,0.0,0.08382,-18.125,-0.875,-8.43541666666667,0.08382,0.0,9.984e-32,0.0,-5.3644e-07,0.4852,60.48,-10.945,40.806,-0.0033218,-1000000.0,-796.38,-23.84,0.0,13.783,6.4162,11.359,0.41375,0.0,-1606.19,0.0845,20.0
373,2024-01-09,0.0,0.1905,-2.55,5.875,1.115625,0.1905,0.0,9.984e-32,0.0,-5.3644e-07,0.6757,60.48,-10.945,40.806,-0.0033223,-1000000.0,-796.38,-23.841,0.0,13.783,6.4162,11.359,0.41375,0.0,-1606.19,0.0845,20.0
374,2024-01-10,0.0,0.0381,-19.575,-6.725,-14.7020833333333,0.0381,0.0,9.984e-32,0.0,-5.3644e-07,0.7138,60.48,-10.945,40.806,-0.0033229,-1000000.0,-796.38,-23.842,0.0,13.783,6.4162,11.359,0.41375,0.0,-1606.19,0.0845,20.0
375,2024-01-11,0.0,0.01524,-30.025,-20.075,-24.8489583333333,0.01524,0.0,9.984e-32,0.0,-5.3644e-07,0.72904,60.48,-10.945,40.806,-0.0033234,-1000000.0,-796.38,-23.844,0.0,13.783,6.4162,11.359,0.41375,0.0,-1606.19,0.0845,20.0
376,2024-01-12,0.0,0.00508,-36.925,-30.275,-32.846875,0.00508,0.0,9.984e-32,0.0,-5.3644e-07,0.73412,60.48,-10.945,40.806,-0.0033239,-1000000.0,-796.38,-23.845,0.0,13.783,6.4162,11.359,0.41375,0.0,-1606.19,0.0845,20.0
377,2024-01-13,0.0,0.00762,-38.025,-21.85,-31.2628333333333,0.00762,0.0,9.984e-32,0.0,-5.3644e-07,0.74174,60.48,-10.945,40.806,-0.0033245,-1000000.0,-796.38,-23.846,0.0,13.783,6.4162,11.359,0.41375,0.0,-1606.19,0.0845,20.0
378,2024-01-14,0.0,0.00508,-34.025,-25.925,-29.0159565217391,0.00508,0.0,9.984e-32,0.0,-5.3644e-07,0.74682,60.48,-10.945,40.806,-0.003325,-1000000.0,-796.38,-23.847,0.0,13.783,6.4162,11.359,0.41375,0.0,-1606.19,0.0845,20.0
379,2024-01-15,0.0,0.02032,-34.675,-15.075,-24.7677083333333,0.02032,0.0,9.984e-32,0.0,-5.3644e-07,0.76714,60.48,-10.945,40.806,-0.0033255,-1000000.0,-796.38,-23.848,0.0,13.783,6.4162,11.359,0.41375,0.0,-1606.19,0.0845,20.0
380,2024-01-16,0.0,0.07874,-14.65,-3.85,-8.19375,0.07874,0.0,9.984e-32,0.0,-5.3644e-07,0.84588,60.48,-10.945,40.806,-0.0033261,-1000000.0,-796.38,-23.849,0.0,13.783,6.4162,11.359,0.41375,0.0,-1606.19,0.0845,20.0
381,2024-01-17,0.0,0.01778,-18.825,-7.325,-13.5770833333333,0.01778,0.0,9.984e-32,0.0,-5.3644e-07,0.86366,60.48,-10.945,40.806,-0.0033266,-1000000.0,-796.38,-23.85,0.0,13.783,6.4162,11.359,0.41375,0.0,-1606.19,0.0845,20.0
382,2024-01-18,0.0,0.01651,-27.575,-12.375,-19.2677083333333,0.01651,0.0,9.984e-32,0.0,-5.3644e-07,0.88017,60.48,-10.945,40.806,-0.0033271,-1000000.0,-796.38,-23.851,0.0,13.783,6.4162,11.359,0.41375,0.0,-1606.19,0.0845,20.0
383,2024-01-19,0.0,0.01524,-28.575,-12.7,-19.715625,0.01524,0.0,9.984e-32,0.0,-5.3644e-07,0.89541,60.48,-10.945,40.806,-0.0033277,-1000000.0,-796.38,-23.853,0.0,13.783,6.4162,11.359,0.41375,0.0,-1606.19,0.0845,20.0
384,2024-01-20,0.4186,0.1143,-16.0,6.175,1.03854166666667,0.1143,0.0,9.984e-32,0.0,-5.3644e-07,1.0097,60.48,-10.945,40.806,-0.0033282,-1000000.0,-796.38,-23.854,0.0,13.783,6.4162,11.359,0.41375,0.0,-1606.19,0.0845,20.0
385,2024-01-21,0.0,0.12954,0.775,8.775,5.02708333333333,0.12954,0.0,9.984e-32,0.0,-5.3644e-07,1.1392,60.48,-10.945,40.806,-0.0033288,-1000000.0,-796.38,-23.855,0.0,13.783,6.4162,11.359,0.41375,0.0,-1606.19,0.0845,20.0
386,2024-01-22,0.0,0.0381,-10.225,-2.65,-6.46979166666667,0.0381,0.0,9.984e-32,0.0,-5.3644e-07,1.1773,60.48,-10.945,40.806,-0.0033293,-1000000.0,-796.38,-23.856,0.0,13.783,6.4162,11.359,0.41375,0.0,-1606.19,0.0845,20.0
387,2024-01-23,0.0,0.15494,0.925,9.4,4.725,0.15494,0.0,9.984e-32,0.0,-5.3644e-07,1.3323,60.48,-10.945,40.806,-0.0033298,-1000000.0,-796.38,-23.857,0.0,13.783,6.4162,11.359,0.41375,0.0,-1606.19,0.0845,20.0
388,2024-01-24,0.0,0.14732,-1.15,8.75,3.42916666666667,0.14732,0.0,9.984e-32,0.0,-5.3644e-07,1.4796,60.48,-10.945,40.806,-0.0033304,-1000000.0,-796.38,-23.858,0.0,13.783,6.4162,11.359,0.41375,0.0,-1606.19,0.0845,20.0
389,2024-01-25,0.0,0.1651,0.275,10.45,4.19270833333333,0.1651,0.0,9.984e-32,0.0,-5.3644e-07,1.6447,60.48,-10.945,40.806,-0.0033309,-1000000.0,-796.38,-23.859,0.0,13.783,6.4162,11.359,0.41375,0.0,-1606.19,0.0845,20.0
390,2024-01-26,0.0,0.19304,-0.3,8.1,2.88125,0.19304,0.0,9.984e-32,0.0,-5.3644e-07,1.8377,60.48,-10.945,40.806,-0.0033314,-1000000.0,-796.38,-23.86,0.0,13.783,6.4162,11.359,0.41375,0.0,-1606.19,0.0845,20.0
391,2024-01-27,0.0,0.20574,0.125,8.925,5.6375,0.20574,0.0,9.984e-32,0.0,-5.3644e-07,2.0435,60.48,-10.945,40.806,-0.003332,-1000000.0,-796.38,-23.862,0.0,13.783,6.4162,11.359,0.41375,0.0,-1606.19,0.0845,20.0
392,2024-01-28,0.0,0.26162,5.35,14.75,9.24791666666667,0.26162,0.0,9.984e-32,0.0,-5.3644e-07,2.3051,60.48,-10.945,40.806,-0.0033325,-1000000.0,-796.38,-23.863,0.0,13.783,6.4162,11.359,0.41375,0.0,-1606.19,0.0845,20.0
393,2024-01-29,0.0,0.22352,4.125,16.85,8.81145833333333,0.22352,0.0,9.984e-32,0.0,-5.3644e-07,2.5286,60.48,-10.945,40.806,-0.003333,-1000000.0,-796.38,-23.864,0.0,13.783,6.4162,11.359,0.41375,0.0,-1606.19,0.0845,20.0
394,2024-01-30,0.0,0.24892,3.65,17.025,9.86875,0.24892,0.0,9.984e-32,0.0,-5.3644e-07,2.7775,60.48,-10.945,40.806,-0.0033336,-1000000.0,-796.38,-23.865,0.0,13.783,6.4162,11.359,0.41375,0.0,-1606.19,0.0845,20.0
395,2024-01-31,0.0,0.2413,1.325,16.275,8.66041666666667,0.2413,0.0,9.984e-32,0.0,-5.3644e-07,3.0188,60.48,-10.945,40.806,-0.0033341,-1000000.0,-796.38,-23.866,0.0,13.783,6.4162,11.359,0.41375,0.0,-1606.19,0.0845,20.0
396,2024-02-01,0.0,0.19558,4.5,16.625,8.975,0.19558,0.0,9.984e-32,0.0,-5.3644e-07,3.2144,60.48,-10.945,40.806,-0.0033347,-1000000.0,-796.38,-23.867,0.0,13.783,6.4162,11.359,0.41375,0.0,-1606.19,0.0845,20.0
397,2024-02-02,0.0,0.08128,3.0,13.65,6.56770833333333,0.08128,0.0,9.984e-32,0.0,-5.3644e-07,3.2957,60.48,-10.945,40.806,-0.0033352,-1000000.0,-796.38,-23.868,0.0,13.783,6.4162,11.359,0.41375,0.0,-1606.19,0.0845,20.0
398,2024-02-03,0.6331,0.03048,-0.875,5.0,2.81458333333333,0.03048,0.0,9.984e-32,0.0,-5.3644e-07,3.3262,60.48,-10.945,40.806,-0.0033357,-1000000.0,-796.38,-23.869,0.0,13.783,6.4162,11.359,0.41375,0.0,-1606.19,0.0845,20.0
399,2024-02-04,0.0,0.0381,-10.075,-0.85,-4.96666666666667,0.0381,0.0,9.984e-32,0.0,-5.3644e-07,3.3643,60.48,-10.945,40.806,-0.0033363,-1000000.0,-796.38,-23.871,0.0,13.783,6.4162,11.359,0.41375,0.0,-1606.19,0.0845,20.0
400,2024-02-05,0.3507,0.04572,-14.275,4.2,-6.19791666666667,0.04572,0.0,9.984e-32,0.0,-5.3644e-07,3.41,60.48,-10.945,40.806,-0.0033368,-1000000.0,-796.38,-23.872,0.0,13.783,6.4162,11.359,0.41375,0.0,-1606.19,0.0845,20.0
401,2024-02-06,0.0034,0.02794,-13.925,-2.275,-8.09895833333333,0.02794,0.0,9.984e-32,0.0,-5.3644e-07,3.4379,60.48,-10.945,40.806,-0.0033373,-1000000.0,-796.38,-23.873,0.0,13.783,6.4162,11.359,0.41375,0.0,-1606.19,0.0845,20.0
402,2024-02-07,0.0,0.03302,-6.575,-2.35,-5.09375,0.03302,0.0,9.984e-32,0.0,-5.3644e-07,3.471,60.48,-10.945,40.806,-0.0033379,-1000000.0,-796.38,-23.874,0.0,13.783,6.4162,11.359,0.41375,0.0,-1606.19,0.0845,20.0
403,2024-02-08,0.1496,0.0381,-5.5,-0.85,-3.32916666666667,0.0381,0.0,9.984e-32,0.0,-5.3644e-07,3.5091,60.48,-10.945,40.806,-0.0033384,-1000000.0,-796.38,-23.875,0.0,13.783,6.4162,11.359,0.41375,0.0,-1606.19,0.0845,20.0
404,2024-02-09,0.0,0.0381,-11.6,-1.95,-6.17708333333333,0.0381,0.0,9.984e-32,0.0,-5.3644e-07,3.5472,60.48,-10.945,40.806,-0.0033389,-1000000.0,-796.38,-23.876,0.0,13.783,6.4162,11.359,0.41375,0.0,-1606.19,0.0845,20.0
405,2024-02-10,0.0068,0.06858,-16.5,-0.425,-6.90208333333333,0.06858,0.0,9.984e-32,0.0,-5.3644e-07,3.6157,60.48,-10.945,40.806,-0.0033395,-1000000.0,-796.38,-23.877,0.0,13.783,6.4162,11.359,0.41375,0.0,-1606.19,0.0845,20.0
406,2024-02-11,0.2856,0.0762,-2.65,2.9,-0.260416666666667,0.0762,0.0,9.984e-32,0.0,-5.3644e-07,3.6919,60.48,-10.945,40.806,-0.00334,-1000000.0,-796.38,-23.878,0.0,13.783,6.4162,11.359,0.41375,0.0,-1606.19,0.0845,20.0
407,2024-02-12,0.0,0.07112,-2.375,3.275,0.904166666666667,0.07112,0.0,9.984e-32,0.0,-5.3644e-07,3.7631,60.48,-10.945,40.806,-0.0033406,-1000000.0,-796.38,-23.879,0.0,13.783,6.4162,11.359,0.41375,0.0,-1606.19,0.0845,20.0
408,2024-02-13,0.0,0.03556,-8.525,-2.425,-4.91979166666667,0.03556,0.0,9.984e-32,0.0,-5.3644e-07,3.7986,60.48,-10.945,40.806,-0.0033411,-1000000.0,-796.38,-23.881,0.0,13.783,6.4162,11.359,0.41375,0.0,-1606.19,0.0845,20.0
409,2024-02-14,0.0527,0.03175,-15.45,-6.025,-10.5802083333333,0.03175,0.0,9.984e-32,0.0,-5.3644e-07,3.8304,60.48,-10.945,40.806,-0.0033416,-1000000.0,-796.38,-23.882,0.0,13.783,6.4162,11.359,0.41375,0.0,-1606.19,0.0845,20.0
410,2024-02-15,0.0,0.02794,-20.3,-6.575,-12.5083333333333,0.02794,0.0,9.984e-32,0.0,-5.3644e-07,3.8583,60.48,-10.945,40.806,-0.0033422,-1000000.0,-796.38,-23.883,0.0,13.783,6.4162,11.359,0.41375,0.0,-1606.19,0.0845,20.0
411,2024-02-16,0.0,0.03302,-26.225,-9.9,-17.0583333333333,0.03302,0.0,9.984e-32,0.0,-5.3644e-07,3.8913,60.48,-10.945,40.806,-0.0033427,-1000000.0,-796.38,-23.884,0.0,13.783,6.4162,11.359,0.41375,0.0,-1606.19,0.0845,20.0
412,2024-02-17,0.0476,0.0889,-19.975,0.725,-9.134375,0.0889,0.0,9.984e-32,0.0,-5.3644e-07,3.9802,60.48,-10.945,40.806,-0.0033432,-1000000.0,-796.38,-23.885,0.0,13.783,6.4162,11.359,0.41375,0.0,-1606.19,0.0845,20.0
413,2024-02-18,0.0017,0.1524,-5.3,3.525,-0.666666666666667,0.1524,0.0,9.984e-32,0.0,-5.3644e-07,4.1326,60.48,-10.945,40.806,-0.0033438,-1000000.0,-796.38,-23.886,0.0,13.783,6.4162,11.359,0.41375,0.0,-1606.19,0.0845,20.0
414,2024-02-19,0.0,0.1016,-2.725,5.0,0.8375,0.1016,0.0,9.984e-32,0.0,-5.3644e-07,4.2342,60.48,-10.945,40.806,-0.0033443,-1000000.0,-796.38,-23.887,0.0,13.783,6.4162,11.359,0.41375,0.0,-1606.19,0.0845,20.0
415,2024-02-20,0.0,0.17526,1.275,6.45,3.92604166666667,0.17526,0.0,9.984e-32,0.0,-5.3644e-07,4.4095,60.48,-10.945,40.806,-0.0033448,-1000000.0,-796.38,-23.888,0.0,13.783,6.4162,11.359,0.41375,0.0,-1606.19,0.0845,20.0
416,2024-02-21,0.0,0.13462,-2.675,7.325,2.640625,0.13462,0.0,9.984e-32,0.0,-5.3644e-07,4.5441,60.48,-10.945,40.806,-0.0033454,-1000000.0,-796.38,-23.89,0.0,13.783,6.4162,11.359,0.41375,0.0,-1606.19,0.0845,20.0
417,2024-02-22,0.0,0.127,-1.6,8.0,2.21666666666667,0.127,0.0,9.984e-32,0.0,-5.3644e-07,4.6711,60.48,-10.945,40.806,-0.0033459,-1000000.0,-796.38,-23.891,0.0,13.783,6.4162,11.359,0.41375,0.0,-1606.19,0.0845,20.0
418,2024-02-23,0.0,0.20066,0.775,7.175,3.728125,0.20066,0.0,9.984e-32,0.0,-5.3644e-07,4.8718,60.48,-10.945,40.806,-0.0033465,-1000000.0,-796.38,-23.892,0.0,13.783,6.4162,11.359,0.41375,0.0,-1606.19,0.0845,20.0
419,2024-02-24,0.0,0.17018,3.225,6.725,4.67395833333333,0.17018,0.0,9.984e-32,0.0,-5.3644e-07,5.042,60.48,-10.945,40.806,-0.003347,-1000000.0,-796.38,-23.893,0.0,13.783,6.4162,11.359,0.41375,0.0,-1606.19,0.0845,20.0
420,2024-02-25,0.0,0.26162,3.05,9.575,5.99791666666667,0.26162,0.0,9.984e-32,0.0,-5.3644e-07,5.3036,60.48,-10.945,40.806,-0.0033475,-1000000.0,-796.38,-23.894,0.0,13.783,6.4162,11.359,0.41375,0.0,-1606.19,0.0845,20.0
421,2024-02-26,0.0,0.09398,-15.95,4.475,-6.221875,0.09398,0.0,9.984e-32,0.0,-5.3644e-07,5.3976,60.48,-10.945,40.806,-0.0033481,-1000000.0,-796.38,-23.895,0.0,13.783,6.4162,11.359,0.41375,0.0,-1606.19,0.0845,20.0
422,2024-02-27,0.0,0.0508,-18.425,-8.475,-13.90625,0.0508,0.0,9.984e-32,0.0,-5.3644e-07,5.4484,60.48,-10.945,40.806,-0.0033486,-1000000.0,-796.38,-23.896,0.0,13.783,6.4162,11.359,0.41375,0.0,-1606.19,0.0845,20.0
423,2024-02-28,0.0,0.22352,-9.975,7.75,1.85104166666667,0.22352,0.0,9.984e-32,0.0,-5.3644e-07,5.6719,60.48,-10.945,40.806,-0.0033491,-1000000.0,-796.38,-23.897,0.0,13.783,6.4162,11.359,0.41375,0.0,-1606.19,0.0845,20.0
424,2024-02-29,0.0646,0.3302,1.35,12.825,7.26354166666667,0.3302,0.0,9.984e-32,0.0,-5.3644e-07,6.0021,60.48,-10.945,40.806,-0.0033497,-1000000.0,-796.38,-23.899,0.0,13.783,6.4162,11.359,0.41375,0.0,-1606.19,0.0845,20.0
425,2024-03-01,0.0,0.19558,-2.85,6.6,0.96875,0.19558,0.0,9.984e-32,0.0,-5.3644e-07,6.1977,60.48,-10.945,40.806,-0.0033502,-1000000.0,-796.38,-23.9,0.0,13.783,6.4162,11.359,0.41375,0.0,-1606.19,0.0845,20.0
426,2024-03-02,0.0,0.04064,-14.575,-2.4,-8.82083333333333,0.04064,0.0,9.984e-32,0.0,-5.3644e-07,6.2383,60.48,-10.945,40.806,-0.0033507,-1000000.0,-796.38,-23.901,0.0,13.783,6.4162,11.359,0.41375,0.0,-1606.19,0.0845,20.0
427,2024-03-03,0.0,0.04318,-19.4,-7.625,-14.0395833333333,0.04318,0.0,9.984e-32,0.0,-5.3644e-07,6.2815,60.48,-10.945,40.806,-0.0033513,-1000000.0,-796.38,-23.902,0.0,13.783,6.4162,11.359,0.41375,0.0,-1606.19,0.0845,20.0
428,2024-03-04,0.0,0.05334,-19.35,-8.55,-14.5427083333333,0.05334,0.0,9.984e-32,0.0,-5.3644e-07,6.3348,60.48,-10.945,40.806,-0.0033518,-1000000.0,-796.38,-23.903,0.0,13.783,6.4162,11.359,0.41375,0.0,-1606.19,0.0845,20.0
429,2024-03-05,0.0068,0.09144,-20.725,2.425,-10.4072916666667,0.09144,0.0,9.984e-32,0.0,-5.3644e-07,6.4263,60.48,-10.945,40.806,-0.0033524,-1000000.0,-796.38,-23.904,0.0,13.783,6.4162,11.359,0.41375,0.0,-1606.19,0.0845,20.0
430,2024-03-06,0.0,0.0762,-12.35,-2.275,-8.83020833333333,0.0762,0.0,9.984e-32,0.0,-5.3644e-07,6.5025,60.48,-10.945,40.806,-0.0033529,-1000000.0,-796.38,-23.905,0.0,13.783,6.4162,11.359,0.41375,0.0,-1606.19,0.0845,20.0
431,2024-03-07,0.0068,0.11684,-12.275,4.875,-4.01666666666667,0.11684,0.0,9.984e-32,0.0,-5.3644e-07,6.6193,60.48,-10.945,40.806,-0.0033534,-1000000.0,-796.38,-23.906,0.0,13.783,6.4162,11.359,0.41375,0.0,-1606.19,0.0845,20.0
432,2024-03-08,0.0,0.3175,-8.075,11.85,1.52083333333333,0.3175,0.0,9.984e-32,0.0,-5.3644e-07,6.9368,60.48,-10.945,40.806,-0.003354,-1000000.0,-796.38,-23.908,0.0,13.783,6.4162,11.359,0.41375,0.0,-1606.19,0.0845,20.0
433,2024-03-09,0.0,0.41656,1.225,14.1,6.75,0.41656,0.0,9.984e-32,0.0,-5.3644e-07,7.3534,60.48,-10.945,40.806,-0.0033545,-1000000.0,-796.38,-23.909,0.0,13.783,6.4162,11.359,0.41375,0.0,-1606.19,0.0845,20.0
434,2024-03-10,0.0,0.31242,1.325,12.9,6.64926086956522,0.31242,0.0,9.984e-32,0.0,-5.3644e-07,7.6658,60.48,-10.945,40.806,-0.003355,-1000000.0,-796.38,-23.91,0.0,13.783,6.4162,11.359,0.41375,0.0,-1606.19,0.0845,20.0
435,2024-03-11,0.0,0.2159,1.025,10.2,5.228125,0.2159,0.0,9.984e-32,0.0,-5.3644e-07,7.8817,60.48,-10.945,40.806,-0.0033556,-1000000.0,-796.38,-23.911,0.0,13.783,6.4162,11.359,0.41375,0.0,-1606.19,0.0845,20.0
436,2024-03-12,0.0,0.23876,-1.85,12.2,5.45416666666667,0.23876,0.0,9.984e-32,0.0,-5.3644e-07,8.1204,60.48,-10.945,40.806,-0.0033561,-1000000.0,-796.38,-23.912,0.0,13.783,6.4162,11.359,0.41375,0.0,-1606.19,0.0845,20.0
437,2024-03-13,0.0,0.13716,-2.375,8.375,2.35729166666667,0.13716,0.0,9.984e-32,0.0,-5.3644e-07,8.2576,60.48,-10.945,40.806,-0.0033567,-1000000.0,-796.38,-23.913,0.0,13.783,6.4162,11.359,0.41375,0.0,-1606.19,0.0845,20.0
438,2024-03-14,0.0,0.13716,-4.35,8.9,1.35104166666667,0.13716,0.0,9.984e-32,0.0,-5.3644e-07,8.3948,60.48,-10.945,40.806,-0.0033572,-1000000.0,-796.38,-23.914,0.0,13.783,6.4162,11.359,0.41375,0.0,-1606.19,0.0845,20.0
439,2024-03-15,0.0,0.22098,-4.525,16.125,5.12604166666667,0.22098,0.0,9.984e-32,0.0,-5.3644e-07,8.6157,60.48,-10.945,40.806,-0.0033577,-1000000.0,-796.38,-23.915,0.0,13.783,6.4162,11.359,0.41375,0.0,-1606.19,0.0845,20.0
440,2024-03-16,0.0,0.1651,-3.65,16.375,4.690625,0.1651,0.0,9.984e-32,0.0,-5.3644e-07,8.7808,60.48,-10.945,40.806,-0.0033583,-1000000.0,-796.38,-23.917,0.0,13.783,6.4162,11.359,0.41375,0.0,-1606.19,0.0845,20.0
441,2024-03-17,0.0034,0.18288,-4.35,14.925,4.671875,0.18288,0.0,9.984e-32,0.0,-5.3644e-07,8.9637,60.48,-10.945,40.806,-0.0033588,-1000000.0,-796.38,-23.918,0.0,13.783,6.4162,11.359,0.41375,0.0,-1606.19,0.0845,20.0
442,2024-03-18,0.0,0.2921,2.6,20.15,10.6947916666667,0.2921,0.0,9.984e-32,0.0,-5.3644e-07,9.2558,60.48,-10.945,40.806,-0.0033593,-1000000.0,-796.38,-23.919,0.0,13.783,6.4162,11.359,0.41375,0.0,-1606.19,0.0845,20.0
443,2024-03-19,0.0,0.22098,-1.125,14.625,6.62916666666667,0.22098,0.0,9.984e-32,0.0,-5.3644e-07,9.4768,60.48,-10.945,40.806,-0.0033599,-1000000.0,-796.38,-23.92,0.0,13.783,6.4162,11.359,0.41375,0.0,-1606.19,0.0845,20.0
444,2024-03-20,0.0,0.06604,-4.0,1.15,-1.53645833333333,0.06604,0.0,9.984e-32,0.0,-5.3644e-07,9.5428,60.48,-10.945,40.806,-0.0033604,-1000000.0,-796.38,-23.921,0.0,13.783,6.4162,11.359,0.41375,0.0,-1606.19,0.0845,20.0
445,2024-03-21,0.0,0.1143,-6.2,4.125,-2.79270833333333,0.1143,0.0,9.984e-32,0.0,-5.3644e-07,9.6571,60.48,-10.945,40.806,-0.0033609,-1000000.0,-796.38,-23.922,0.0,13.783,6.4162,11.359,0.41375,0.0,-1606.19,0.0845,20.0
446,2024-03-22,0.0068,0.06858,-7.225,-2.675,-5.24166666666667,0.06858,0.0,9.984e-32,0.0,-5.3644e-07,9.7257,60.48,-10.945,40.806,-0.0033615,-1000000.0,-796.38,-23.923,0.0,13.783,6.4162,11.359,0.41375,0.0,-1606.19,0.0845,20.0
447,2024-03-23,0.0,0.0381,-7.325,-4.725,-5.84375,0.0381,0.0,9.984e-32,0.0,-5.3644e-07,9.7638,60.48,-10.945,40.806,-0.003362,-1000000.0,-796.38,-23.924,0.0,13.783,6.4162,11.359,0.41375,0.0,-1606.19,0.0845,20.0
448,2024-03-24,0.1939,0.07874,-9.675,-1.6,-6.70833333333333,0.07874,0.0,9.984e-32,0.0,-5.3644e-07,9.8426,60.48,-10.945,40.806,-0.0033626,-1000000.0,-796.38,-23.925,0.0,13.783,6.4162,11.359,0.41375,0.0,-1606.19,0.0845,20.0
449,2024-03-25,0.1241,0.11938,-10.475,0.65,-5.609375,0.11938,0.0,9.984e-32,0.0,-5.3644e-07,9.9619,60.48,-10.945,40.806,-0.0033631,-1000000.0,-796.38,-23.927,0.0,13.783,6.4162,11.359,0.41375,0.0,-1606.19,0.0845,20.0
450,2024-03-26,0.0238,0.1397,-8.45,7.1,-2.5,0.1397,0.0,9.984e-32,0.0,-5.3644e-07,10.102,60.48,-10.945,40.806,-0.0033636,-1000000.0,-796.38,-23.928,0.0,13.783,6.4162,11.359,0.41375,0.0,-1606.19,0.0845,20.0
451,2024-03-27,0.0,0.24638,-0.9,9.25,4.10833333333333,0.24638,0.0,9.984e-32,0.0,-5.3644e-07,10.348,60.48,-10.945,40.806,-0.0033642,-1000000.0,-796.38,-23.929,0.0,13.783,6.4162,11.359,0.41375,0.0,-1606.19,0.0845,20.0
452,2024-03-28,0.0,0.13208,-0.825,7.6,4.4,0.13208,0.0,9.984e-32,0.0,-5.3644e-07,10.48,60.48,-10.945,40.806,-0.0033647,-1000000.0,-796.38,-23.93,0.0,13.783,6.4162,11.359,0.41375,0.0,-1606.19,0.0845,20.0
453,2024-03-29,0.0,0.09398,-2.175,3.4,-0.265625,0.09398,0.0,9.984e-32,0.0,-5.3644e-07,10.574,60.48,-10.945,40.806,-0.0033652,-1000000.0,-796.38,-23.931,0.0,13.783,6.4162,11.359,0.41375,0.0,-1606.19,0.0845,20.0
454,2024-03-30,0.0,0.1143,-4.425,4.025,-1.42604166666667,0.1143,0.0,9.984e-32,0.0,-5.3644e-07,10.688,60.48,-10.945,40.806,-0.0033658,-1000000.0,-796.38,-23.932,0.0,13.783,6.4162,11.359,0.41375,0.0,-1606.19,0.0845,20.0
455,2024-03-31,0.0595,0.04064,-6.175,1.55,-2.26875,0.04064,0.0,9.984e-32,0.0,-5.3644e-07,10.729,60.48,-10.945,40.806,-0.0033663,-1000000.0,-796.38,-23.933,0.0,13.783,6.4162,11.359,0.41375,0.0,-1606.19,0.0845,20.0
456,2024-04-01,0.0,0.24892,-4.7,16.05,5.675,0.0,0.24892,9.984e-32,0.0,-5.3644e-07,10.729,60.729,-10.945,40.806,-0.0033668,-1000000.0,-1600.1,-23.935,0.0,13.783,6.4162,11.359,0.41375,0.0,-1606.19,0.0845,20.0
457,2024-04-02,0.0,0.38354,2.475,23.775,12.5416666666667,0.0,0.38354,9.984e-32,0.0,-5.3644e-07,10.729,61.112,-10.945,40.806,-0.0033674,-1000000.0,-1600.1,-23.936,0.0,13.783,6.4162,11.359,0.41375,0.0,-1606.19,0.0845,20.0
458,2024-04-03,0.2415,0.33274,5.975,18.15,12.9125,0.0,0.33274,9.984e-32,0.0,-5.3644e-07,10.729,61.445,-10.945,40.806,-0.0033679,-1000000.0,-1600.1,-23.937,0.0,13.783,6.4162,11.359,0.41375,0.0,-1606.19,0.0845,20.0
459,2024-04-04,1.6113,0.05334,0.0,6.225,3.659375,0.0,0.05334,9.984e-32,0.0,-5.3644e-07,10.729,61.499,-10.945,40.806,-0.0033685,-1000000.0,-1600.1,-23.938,0.0,13.783,6.4162,11.359,0.41375,0.0,-1606.19,0.0845,20.0
460,2024-04-05,0.2193,0.04064,-0.2,2.925,0.844791666666667,0.0,0.04064,9.984e-32,0.0,-5.3644e-07,10.729,61.539,-10.945,40.806,-0.003369,-1000000.0,-1600.1,-23.939,0.0,13.783,6.4162,11.359,0.41375,0.0,-1606.19,0.0845,20.0
461,2024-04-06,0.5678,0.05334,-1.45,1.45,0.084375,0.0,0.05334,9.984e-32,0.0,-5.3644e-07,10.729,61.593,-10.945,40.806,-0.0033695,-1000000.0,-1600.1,-23.94,0.0,13.783,6.4162,11.359,0.41375,0.0,-1606.19,0.0845,20.0
462,2024-04-07,0.7909,0.09906,-0.375,6.275,2.84166666666667,0.0,0.09906,9.984e-32,0.0,-5.3644e-07,10.729,61.692,-10.945,40.806,-0.0033701,-1000000.0,-1600.1,-23.941,0.0,13.783,6.4162,11.359,0.41375,0.0,-1606.19,0.0845,20.0
463,2024-04-08,0.0,0.25654,-1.0,11.95,5.259375,0.0,0.25654,9.984e-32,0.0,-5.3644e-07,10.729,61.948,-10.945,40.806,-0.0033706,-1000000.0,-1600.1,-23.942,0.0,13.783,6.4162,11.359,0.41375,0.0,-1606.19,0.0845,20.0
464,2024-04-09,0.0051,0.36322,4.225,15.375,8.84270833333333,0.0,0.36322,9.984e-32,0.0,-5.3644e-07,10.729,62.311,-10.945,40.806,-0.0033711,-1000000.0,-1600.1,-23.943,0.0,13.783,6.4162,11.359,0.41375,0.0,-1606.19,0.0845,20.0
465,2024-04-10,0.0085,0.2286,-0.65,12.075,5.19375,0.0,0.2286,9.984e-32,0.0,-5.3644e-07,10.729,62.54,-10.945,40.806,-0.0033717,-1000000.0,-1600.1,-23.945,0.0,13.783,6.4162,11.359,0.41375,0.0,-1606.19,0.0845,20.0
466,2024-04-11,0.0,0.30734,-2.4,16.925,7.57708333333333,0.0,0.30734,9.984e-32,0.0,-5.3644e-07,10.729,62.847,-10.945,40.806,-0.0033722,-1000000.0,-1600.1,-23.946,0.0,13.783,6.4162,11.359,0.41375,0.0,-1606.19,0.0845,20.0
467,2024-04-12,0.0,0.3048,1.7,22.475,11.86875,0.0,0.3048,9.984e-32,0.0,-5.3644e-07,10.729,63.152,-10.945,40.806,-0.0033727,-1000000.0,-1600.1,-23.947,0.0,13.783,6.4162,11.359,0.41375,0.0,-1606.19,0.0845,20.0
468,2024-04-13,0.0,0.381,7.675,22.875,14.7541666666667,0.0,0.381,9.984e-32,0.0,-5.3644e-07,10.729,63.533,-10.945,40.806,-0.0033733,-1000000.0,-1600.1,-23.948,0.0,13.783,6.4162,11.359,0.41375,0.0,-1606.19,0.0845,20.0
469,2024-04-14,0.0901,0.30988,3.5,23.4,13.3427083333333,0.0,0.30988,9.984e-32,0.0,-5.3644e-07,10.729,63.843,-10.945,40.806,-0.0033738,-1000000.0,-1600.1,-23.949,0.0,13.783,6.4162,11.359,0.41375,0.0,-1606.19,0.0845,20.0
470,2024-04-15,0.0,0.2921,5.65,21.35,12.6125,0.0,0.2921,9.984e-32,0.0,-5.3644e-07,10.729,64.135,-10.945,40.806,-0.0033744,-1000000.0,-1600.1,-23.95,0.0,13.783,6.4162,11.359,0.41375,0.0,-1606.19,0.0845,20.0
471,2024-04-16,0.0,0.26162,-3.375,13.25,5.696875,0.0,0.26162,9.984e-32,0.0,-5.3644e-07,10.729,64.397,-10.945,40.806,-0.0033749,-1000000.0,-1600.1,-23.951,0.0,13.783,6.4162,11.359,0.41375,0.0,-1606.19,0.0845,20.0
472,2024-04-17,0.0102,0.11938,-6.675,1.025,-1.67708333333333,0.0,0.11938,9.984e-32,0.0,-5.3644e-07,10.729,64.516,-10.945,40.806,-0.0033754,-1000000.0,-1600.1,-23.952,0.0,13.783,6.4162,11.359,0.41375,0.0,-1606.19,0.0845,20.0
473,2024-04-18,0.0,0.1397,-8.675,3.975,-1.83020833333333,0.0,0.1397,9.984e-32,0.0,-5.3644e-07,10.729,64.656,-10.945,40.806,-0.003376,-1000000.0,-1600.1,-23.954,0.0,13.783,6.4162,11.359,0.41375,0.0,-1606.19,0.0845,20.0
474,2024-04-19,0.0,0.10414,-11.625,1.4,-3.765625,0.0,0.10414,9.984e-32,0.0,-5.3644e-07,10.729,64.76,-10.945,40.806,-0.0033765,-1000000.0,-1600.1,-23.955,0.0,13.783,6.4162,11.359,0.41375,0.0,-1606.19,0.0845,20.0
475,2024-04-20,0.0,0.23622,-11.75,9.7,-0.378125,0.0,0.23622,9.984e-32,0.0,-5.3644e-07,10.729,64.996,-10.945,40.806,-0.003377,-1000000.0,-1600.1,-23.956,0.0,13.783,6.4162,11.359,0.41375,0.0,-1606.19,0.0845,20.0
476,2024-04-21,0.0,0.43434,-0.725,17.125,8.09166666666667,0.0,0.43434,9.984e-32,0.0,-5.3644e-07,10.729,65.43,-10.945,40.806,-0.0033776,-1000000.0,-1600.1,-23.957,0.0,13.783,6.4162,11.359,0.41375,0.0,-1606.19,0.0845,20.0
477,2024-04-22,0.0,0.35052,0.575,15.9,7.528125,0.0,0.35052,9.984e-32,0.0,-5.3644e-07,10.729,65.781,-10.945,40.806,-0.0033781,-1000000.0,-1600.1,-23.958,0.0,13.783,6.4162,11.359,0.41375,0.0,-1606.19,0.0845,20.0
478,2024-04-23,0.0,0.32512,-3.2,16.0,7.665625,0.0,0.32512,9.984e-32,0.0,-5.3644e-07,10.729,66.106,-10.945,40.806,-0.0033786,-1000000.0,-1600.1,-23.959,0.0,13.783,6.4162,11.359,0.41375,0.0,-1606.19,0.0845,20.0
479,2024-04-24,0.0,0.44704,0.75,22.975,13.1,0.0,0.44704,9.984e-32,0.0,-5.3644e-07,10.729,66.553,-10.945,40.806,-0.0033792,-1000000.0,-1600.1,-23.96,0.0,13.783,6.4162,11.359,0.41375,0.0,-1606.19,0.0845,20.0
480,2024-04-25,0.0,0.27432,1.325,18.175,12.0291666666667,0.0,0.27432,9.984e-32,0.0,-5.3644e-07,10.729,66.827,-10.945,40.806,-0.0033797,-1000000.0,-1600.1,-23.961,0.0,13.783,6.4162,11.359,0.41375,0.0,-1606.19,0.0845,20.0
481,2024-04-26,0.0,0.254,-1.7,14.925,7.89166666666667,0.0,0.254,9.984e-32,0.0,-5.3644e-07,10.729,67.081,-10.945,40.806,-0.0033803,-1000000.0,-1600.1,-23.963,0.0,13.783,6.4162,11.359,0.41375,0.0,-1606.19,0.0845,20.0
482,2024-04-27,0.5938,0.12954,3.95,8.65,5.98020833333333,0.0,0.12954,9.984e-32,0.0,-5.3644e-07,10.729,67.211,-10.945,40.806,-0.0033808,-1000000.0,-1600.1,-23.964,0.0,13.783,6.4162,11.359,0.41375,0.0,-1606.19,0.0845,20.0
483,2024-04-28,0.0034,0.35306,4.075,15.6,9.42604166666667,0.0,0.35306,9.984e-32,0.0,-5.3644e-07,10.729,67.564,-10.945,40.806,-0.0033813,-1000000.0,-1600.1,-23.965,0.0,13.783,6.4162,11.359,0.41375,0.0,-1606.19,0.0845,20.0
484,2024-04-29,0.0,0.32004,2.575,13.0,7.91770833333333,0.0,0.32004,9.984e-32,0.0,-5.3644e-07,10.729,67.884,-10.945,40.806,-0.0033819,-1000000.0,-1600.1,-23.966,0.0,13.783,6.4162,11.359,0.41375,0.0,-1606.19,0.0845,20.0
485,2024-04-30,0.0,0.29464,-2.9,12.2,4.46041666666667,0.0,0.29464,9.984e-32,0.0,-5.3644e-07,10.729,68.179,-10.945,40.806,-0.0033824,-1000000.0,-1600.1,-23.967,0.0,13.783,6.4162,11.359,0.41375,0.0,-1606.19,0.0845,20.0
486,2024-05-01,0.1156,0.19558,-5.575,8.2,2.05,0.0,0.19558,9.984e-32,0.0,-5.3644e-07,10.729,68.374,-10.945,40.806,-0.0033829,-1000000.0,-1600.0,-23.968,0.0,13.783,6.4162,11.359,0.41375,0.0,-1606.19,0.0845,20.0
487,2024-05-02,0.4098,0.13208,-0.425,5.45,1.63333333333333,0.0,0.13208,9.984e-32,0.0,-5.3644e-07,10.729,68.506,-10.945,40.806,-0.0033835,-1000000.0,-1600.0,-23.969,0.0,13.783,6.4162,11.359,0.41375,0.0,-1606.19,0.0845,20.0
488,2024-05-03,0.0119,0.19558,-1.4,9.775,3.46041666666667,0.0,0.19558,9.984e-32,0.0,-5.3644e-07,10.729,68.702,-10.945,40.806,-0.003384,-1000000.0,-1600.0,-23.97,0.0,13.783,6.4162,11.359,0.41375,0.0,-1606.19,0.0845,20.0
489,2024-05-04,0.0,0.32766,-3.95,15.875,7.5375,0.0,0.32766,9.984e-32,0.0,-5.3644e-07,10.729,69.03,-10.945,40.806,-0.0033845,-1000000.0,-1600.0,-23.971,0.0,13.783,6.4162,11.359,0.41375,0.0,-1606.19,0.0845,20.0
490,2024-05-05,0.0,0.22606,4.325,15.525,9.046875,0.0,0.22606,9.984e-32,0.0,-5.3644e-07,10.729,69.256,-10.945,40.806,-0.0033851,-1000000.0,-1600.0,-23.973,0.0,13.783,6.4162,11.359,0.41375,0.0,-1606.19,0.0845,20.0
491,2024-05-06,0.0,0.30226,4.3,16.0,9.90520833333333,0.0,0.30226,9.984e-32,0.0,-5.3644e-07,10.729,69.558,-10.945,40.806,-0.0033856,-1000000.0,-1600.0,-23.974,0.0,13.783,6.4162,11.359,0.41375,0.0,-1606.19,0.0845,20.0
492,2024-05-07,1.4485,0.12954,0.85,8.225,5.53229166666667,0.0,0.12954,9.984e-32,0.0,-5.0664e-07,10.729,69.688,-10.945,40.806,-0.0033861,-1000000.0,-1600.0,-23.975,0.0,13.783,6.4162,11.359,0.41375,0.0,-1606.19,0.0845,20.0
493,2024-05-08,1.0762,0.04572,0.1,4.125,1.85866666666667,0.0,0.04572,9.984e-32,0.0,-5.3644e-07,10.729,69.733,-10.945,40.806,-0.0033867,-1000000.0,-1600.0,-23.976,0.0,13.783,6.4162,11.359,0.41375,0.0,-1606.19,0.0845,20.0
494,2024-05-09,0.1497,0.2667,3.95,17.55,9.71458333333333,0.0,0.2667,9.984e-32,0.0,-5.0664e-07,10.729,70.0,-10.945,40.806,-0.0033872,-1000000.0,-1600.0,-23.977,0.0,13.783,6.4162,11.359,0.41375,0.0,-1606.19,0.0845,20.0
495,2024-05-10,0.0034,0.39878,1.6,21.575,12.615625,0.0,0.39878,9.984e-32,0.0,-5.0664e-07,10.729,70.399,-10.945,40.806,-0.0033877,-1000000.0,-1600.0,-23.978,0.0,13.783,6.4162,11.359,0.41375,0.0,-1606.19,0.0845,20.0
496,2024-05-11,0.0,0.42926,6.8,26.0,17.175,0.0,0.42926,9.984e-32,0.0,-5.0664e-07,10.729,70.828,-10.945,40.806,-0.0033882,-1000000.0,-1600.0,-23.979,0.0,13.783,6.4162,11.359,0.41375,0.0,-1606.19,0.0845,20.0
497,2024-05-12,0.0,0.42418,5.625,25.6,15.7104166666667,0.0,0.42418,9.984e-32,0.0,-5.0664e-07,10.729,71.252,-10.945,40.806,-0.0033887,-1000000.0,-1600.0,-23.98,0.0,13.783,6.4162,11.359,0.41375,0.0,-1606.19,0.0845,20.0
498,2024-05-13,0.0391,0.381,7.9,24.775,15.6208333333333,0.0,0.381,9.984e-32,0.0,-5.0664e-07,10.729,71.633,-10.945,40.806,-0.0033892,-1000000.0,-1600.0,-23.981,0.0,13.783,6.4162,11.359,0.41375,0.0,-1606.19,0.0845,20.0
499,2024-05-14,0.1395,0.21844,7.225,16.45,11.0875,0.0,0.21844,9.984e-32,0.0,-5.0664e-07,10.729,71.852,-10.945,40.806,-0.0033897,-1000000.0,-1600.0,-23.982,0.0,13.783,6.4162,11.359,0.41375,0.0,-1606.19,0.0845,20.0
500,2024-05-15,0.0,0.35814,7.6,21.575,14.1708333333333,0.0,0.35814,9.984e-32,0.0,-5.0664e-07,10.729,72.21,-10.945,40.806,-0.0033902,-1000000.0,-1600.0,-23.983,0.0,13.783,6.4162,11.359,0.41375,0.0,-1606.19,0.0845,20.0
501,2024-05-16,0.0,0.48006,9.725,23.3,16.353125,0.0,0.48006,9.984e-32,0.0,-5.0664e-07,10.729,72.69,-10.945,40.806,-0.0033907,-1000000.0,-1600.0,-23.984,0.0,13.783,6.4162,11.359,0.41375,0.0,-1606.19,0.0845,20.0
502,2024-05-17,0.1243,0.36068,1.95,15.95,10.1802083333333,0.0,0.36068,9.984e-32,0.0,-5.0664e-07,10.729,73.051,-10.945,40.806,-0.0033912,-1000000.0,-1600.0,-23.986,0.0,13.783,6.4162,11.359,0.41375,0.0,-1606.19,0.0845,20.0
503,2024-05-18,0.0,0.35306,0.0,15.525,8.0875,0.0,0.35306,9.984e-32,0.0,-5.0664e-07,10.729,73.404,-10.945,40.806,-0.0033917,-1000000.0,-1600.0,-23.987,0.0,13.783,6.4162,11.359,0.41375,0.0,-1606.19,0.0845,20.0
504,2024-05-19,0.1803,0.24892,2.325,13.25,7.271875,0.0,0.24892,9.984e-32,0.0,-5.0664e-07,10.729,73.652,-10.945,40.806,-0.0033922,-1000000.0,-1600.0,-23.988,0.0,13.783,6.4162,11.359,0.41375,0.0,-1606.19,0.0845,20.0
505,2024-05-20,0.0051,0.29718,-1.125,15.275,6.74583333333333,0.0,0.29718,9.984e-32,0.0,-5.0664e-07,10.729,73.95,-10.945,40.806,-0.0033927,-1000000.0,-1600.0,-23.989,0.0,13.783,6.4162,11.359,0.41375,0.0,-1606.19,0.0845,20.0
506,2024-05-21,0.0085,0.28956,-1.2,16.0,8.71770833333333,0.0,0.28956,9.984e-32,0.0,-5.0664e-07,10.729,74.239,-10.945,40.806,-0.0033932,-1000000.0,-1600.0,-23.99,0.0,13.783,6.4162,11.359,0.41375,0.0,-1606.19,0.0845,20.0
507,2024-05-22,0.7844,0.23368,6.175,14.175,9.075,0.0,0.23368,9.984e-32,0.0,-5.0664e-07,10.729,74.473,-10.945,40.806,-0.0033938,-1000000.0,-1600.0,-23.991,0.0,13.783,6.4162,11.359,0.41375,0.0,-1606.19,0.0845,20.0
508,2024-05-23,0.3556,0.25654,3.85,12.85,8.15520833333333,0.0,0.25654,9.984e-32,0.0,-5.0664e-07,10.729,74.729,-10.945,40.806,-0.0033943,-1000000.0,-1600.0,-23.992,0.0,13.783,6.4162,11.359,0.41375,0.0,-1606.19,0.0845,20.0
509,2024-05-24,0.0,0.39878,4.65,17.3,10.7052083333333,0.0,0.39878,9.984e-32,0.0,-5.0664e-07,10.729,75.128,-10.945,40.806,-0.0033948,-1000000.0,-1600.0,-23.993,0.0,13.783,6.4162,11.359,0.41375,0.0,-1606.19,0.0845,20.0
510,2024-05-25,0.0,0.31496,1.35,18.525,9.8625,0.0,0.31496,9.984e-32,0.0,-5.0664e-07,10.729,75.443,-10.945,40.806,-0.0033953,-1000000.0,-1600.0,-23.994,0.0,13.783,6.4162,11.359,0.41375,0.0,-1606.19,0.0845,20.0
511,2024-05-26,0.0,0.42164,4.45,18.125,10.9333333333333,0.0,0.42164,9.984e-32,0.0,-5.0664e-07,10.729,75.865,-10.945,40.806,-0.0033958,-1000000.0,-1600.0,-23.995,0.0,13.783,6.4161,11.359,0.41375,0.0,-1606.19,0.0845,20.0
512,2024-05-27,0.0,0.41148,3.15,22.95,13.8697916666667,0.0,0.41148,9.984e-32,0.0,-5.0664e-07,10.729,76.276,-10.945,40.806,-0.0033963,-1000000.0,-1600.0,-23.996,0.0,13.783,6.4161,11.359,0.41375,0.0,-1606.19,0.0845,20.0
513,2024-05-28,0.0885,0.4699,2.975,27.05,15.3177083333333,0.0,0.4699,9.984e-32,0.0,-5.0664e-07,10.729,76.746,-10.945,40.806,-0.0033968,-1000000.0,-1600.0,-23.997,0.0,13.783,6.4161,11.359,0.41375,0.0,-1606.19,0.0845,20.0
514,2024-05-29,0.2349,0.41148,7.775,18.825,13.6041666666667,0.0,0.41148,9.984e-32,0.0,-5.0664e-07,10.729,77.158,-10.945,40.806,-0.0033973,-1000000.0,-1600.0,-23.998,0.0,13.783,6.4161,11.359,0.41375,0.0,-1606.19,0.0845,20.0
515,2024-05-30,0.0,0.36576,2.35,16.8,10.0135416666667,0.0,0.36576,9.984e-32,0.0,-5.0664e-07,10.729,77.523,-10.945,40.806,-0.0033978,-1000000.0,-1600.0,-23.999,0.0,13.783,6.4161,11.359,0.41375,0.0,-1606.19,0.0845,20.0
516,2024-05-31,0.0,0.40132,0.8,19.7,10.6260416666667,0.0,0.40132,9.984e-32,0.0,-5.0664e-07,10.729,77.925,-10.945,40.806,-0.0033983,-1000000.0,-1600.0,-24.0,0.0,13.783,6.4161,11.359,0.41375,0.0,-1606.19,0.0845,20.0
517,2024-06-01,0.0,0.3683,0.05,22.075,12.871875,0.0,0.3683,9.984e-32,0.0,-5.0664e-07,10.729,78.293,-10.945,40.806,-0.0033988,-1000000.0,-1600.2,-24.001,0.0,13.783,6.4161,11.359,0.41375,0.0,-1606.19,0.0845,20.0
518,2024-06-02,0.0,0.41148,7.875,21.3,15.5416666666667,0.0,0.41148,9.984e-32,0.0,-5.0664e-07,10.729,78.705,-10.945,40.806,-0.0033993,-1000000.0,-1600.2,-24.002,0.0,13.783,6.4161,11.359,0.41375,0.0,-1606.19,0.0845,20.0
519,2024-06-03,0.0,0.46482,8.275,19.75,14.65,0.0,0.46482,9.984e-32,0.0,-5.0664e-07,10.729,79.169,-10.945,40.806,-0.0033998,-1000000.0,-1600.2,-24.004,0.0,13.783,6.4161,11.359,0.41375,0.0,-1606.19,0.0845,20.0
520,2024-06-04,0.0,0.47752,7.375,19.7,12.3802083333333,0.0,0.47752,9.984e-32,0.0,-5.0664e-07,10.729,79.647,-10.945,40.806,-0.0034003,-1000000.0,-1600.2,-24.005,0.0,13.783,6.4161,11.359,0.41375,0.0,-1606.19,0.0845,20.0
521,2024-06-05,0.0,0.4445,7.375,22.775,14.9489583333333,0.0,0.4445,9.984e-32,0.0,-5.0664e-07,10.729,80.091,-10.945,40.806,-0.0034008,-1000000.0,-1600.2,-24.006,0.0,13.783,6.4161,11.359,0.41375,0.0,-1606.19,0.0845,20.0
522,2024-06-06,0.0,0.44196,3.6,25.925,15.89375,0.0,0.44196,9.984e-32,0.0,-5.0664e-07,10.729,80.533,-10.945,40.806,-0.0034014,-1000000.0,-1600.2,-24.007,0.0,13.783,6.4161,11.359,0.41375,0.0,-1606.19,0.0845,20.0
523,2024-06-07,0.0,0.42672,6.225,21.75,15.04375,0.0,0.42672,9.984e-32,0.0,-5.0664e-07,10.729,80.96,-10.945,40.806,-0.0034019,-1000000.0,-1600.2,-24.008,0.0,13.783,6.4161,11.359,0.41375,0.0,-1606.19,0.0845,20.0
524,2024-06-08,0.0,0.41656,3.55,23.05,14.2875,0.0,0.41656,9.984e-32,0.0,-5.0664e-07,10.729,81.377,-10.945,40.806,-0.0034024,-1000000.0,-1600.2,-24.009,0.0,13.783,6.4161,11.359,0.41375,0.0,-1606.19,0.0845,20.0
525,2024-06-09,0.0,0.39878,2.7,21.2,13.6229166666667,0.0,0.39878,9.984e-32,0.0,-5.0664e-07,10.729,81.775,-10.945,40.806,-0.0034029,-1000000.0,-1600.2,-24.01,0.0,13.783,6.4161,11.359,0.41375,0.0,-1606.19,0.0845,20.0
526,2024-06-10,0.1173,0.45974,12.875,25.2,18.5552083333333,0.0,0.45974,9.984e-32,0.0,-5.0664e-07,10.729,82.235,-10.945,40.806,-0.0034034,-1000000.0,-1600.2,-24.011,0.0,13.783,6.4161,11.359,0.41375,0.0,-1606.19,0.0845,20.0
527,2024-06-11,0.0,0.55118,10.25,28.1,19.2333333333333,0.0,0.55118,9.984e-32,0.0,-5.0664e-07,10.729,82.786,-10.945,40.806,-0.0034039,-1000000.0,-1600.2,-24.012,0.0,13.783,6.4161,11.359,0.41375,0.0,-1606.19,0.0845,20.0
528,2024-06-12,0.0,0.5207,6.5,25.4,17.9635416666667,-1.524,0.5207,-1.2634,0.11902,0.0,9.205,83.307,-12.446,40.864,-0.0034039,0.0,-1387.2,-24.012,0.26062,13.814,7.8584,12.86,0.41375,0.0,-1606.19,0.0845,20.0
529,2024-06-13,0.0,0.45466,2.55,25.225,15.58125,-1.524,0.45466,-0.88074,0.1299,0.0,7.681,83.762,-13.477,40.988,-0.0034039,0.0,-1271.2,-24.012,0.64326,14.307,8.7658,13.891,0.41375,0.0,-1606.19,0.0845,20.0
530,2024-06-14,0.0,0.41656,5.4,28.675,17.7677083333333,-1.524,0.41656,-0.786,0.16365,0.0,6.157,84.179,-14.294,41.138,-0.0034039,0.0,-1162.7,-24.012,0.738,15.014,9.4326,14.707,0.41375,0.0,-1606.19,0.0845,20.0
531,2024-06-15,0.1258,0.32766,6.075,20.8,12.496875,-1.6498,0.32766,-0.70455,0.14199,0.0,4.5072,84.506,-15.027,41.278,-0.003404,0.0,-1057.6,-24.012,0.94525,15.931,10.026,15.441,0.41375,0.0,-1606.19,0.0845,20.0
532,2024-06-16,0.0612,0.4318,5.1,17.55,11.1666666666667,-1.5852,0.4318,-0.68606,0.20665,0.0,2.922,84.938,-15.724,41.476,-0.0034042,0.0,-997.41,-24.013,0.89914,16.819,10.526,16.138,0.41375,0.0,-1606.19,0.0845,20.0
533,2024-06-17,2.0693,0.09652,4.25,6.625,5.37916666666667,-3.5933,0.09652,-0.6195,0.04872,0.0,-0.67126,85.035,-16.358,41.521,-0.0034042,0.0,-892.52,-24.013,2.9738,19.779,11.114,16.771,0.41375,0.0,-1606.19,0.0845,20.0
534,2024-06-18,0.4488,0.23368,2.85,12.575,7.25729166666667,0.0,0.23368,5.0524e-08,0.15801,-4.9796e-07,-0.67126,85.268,-16.358,41.679,-0.0034047,-18.625,-901.58,-24.014,0.0,19.779,10.956,16.771,0.41375,0.0,-1606.19,0.0845,20.0
535,2024-06-19,0.2366,0.37592,0.625,19.575,10.209375,0.0,0.37592,-3.3178e-09,0.25419,-5.1657e-07,-0.67126,85.644,-16.358,41.933,-0.0034052,-20.393,-908.96,-24.015,0.0,19.779,10.726,16.771,0.41375,0.0,-1606.19,0.0845,20.0
536,2024-06-20,0.017,0.4191,1.275,23.0,13.3677083333333,0.0,0.4191,1.17e-08,0.28339,-5.0664e-07,-0.67126,86.063,-16.358,42.217,-0.0034057,-22.064,-916.82,-24.016,0.0,19.779,10.457,16.771,0.41375,0.0,-1606.19,0.0845,20.0
537,2024-06-21,0.423,0.33528,5.225,22.075,13.5125,0.0,0.33528,-9.8371e-09,0.22671,-5.0664e-07,-0.67126,86.399,-16.358,42.443,-0.0034062,-23.097,-924.02,-24.017,0.0,19.779,10.202,16.771,0.41375,0.0,-1606.19,0.0845,20.0
538,2024-06-22,0.0051,0.42672,6.725,27.45,17.715625,0.0,0.42672,6.8103e-09,0.28854,-5.0664e-07,-0.67126,86.825,-16.358,42.732,-0.0034067,-23.562,-932.01,-24.018,0.0,19.779,9.9442,16.771,0.41375,0.0,-1606.19,0.0845,20.0
539,2024-06-23,0.0,0.55626,9.6,30.625,20.9,0.0,0.55626,-7.5015e-09,0.37614,-5.0664e-07,-0.67126,87.382,-16.358,43.108,-0.0034072,-23.695,-943.47,-24.019,0.0,19.779,9.6119,16.771,0.41375,0.0,-1606.19,0.0845,20.0
540,2024-06-24,0.0119,0.49022,10.15,27.5,19.7397727272727,0.0,0.49022,-8.0618e-09,0.32965,-5.0664e-07,-0.67126,87.872,-16.358,43.438,-0.0034077,-23.819,-958.6,-24.02,0.0,19.779,9.2583,16.771,0.41375,0.0,-1606.19,0.0845,20.0
541,2024-06-25,0.0,0.41148,6.525,24.95,16.6666666666667,0.0,0.41148,-2.5466e-10,0.27467,-5.0664e-07,-0.67126,88.283,-16.358,43.714,-0.0034083,-23.97,-975.59,-24.021,0.0,19.779,8.9554,16.771,0.41375,0.0,-1606.19,0.0845,20.0
542,2024-06-26,0.1191,0.44196,5.55,28.55,18.09375,0.0,0.44196,6.9267e-09,0.29046,-5.0664e-07,-0.67126,88.725,-16.358,44.005,-0.0034088,-24.148,-995.46,-24.022,0.0,19.779,8.6718,16.771,0.41375,0.0,-1606.19,0.0845,20.0
543,2024-06-27,1.0032,0.32258,10.975,19.175,14.7322916666667,0.0,0.32258,1.5934e-09,0.20977,-5.0664e-07,-0.67126,89.048,-16.358,44.216,-0.0034093,-24.359,-1015.5,-24.023,0.0,19.779,8.421,16.771,0.41375,0.0,-1606.19,0.0845,20.0
544,2024-06-28,0.0953,0.21844,7.875,15.275,11.94375,0.0,0.21844,1.4712e-08,0.14087,-5.0664e-07,-0.67126,89.266,-16.358,44.357,-0.0034098,-24.592,-1031.6,-24.024,0.0,19.779,8.2454,16.771,0.41375,0.0,-1606.19,0.0845,20.0
545,2024-06-29,0.0102,0.37592,3.0,21.975,13.6864583333333,0.0,0.37592,2.372e-09,0.24043,-5.0664e-07,-0.67126,89.642,-16.358,44.598,-0.0034103,-24.845,-1048.9,-24.025,0.0,19.779,8.0544,16.771,0.41375,0.0,-1606.19,0.0845,20.0
546,2024-06-30,0.1293,0.26924,10.1,21.3,15.3645833333333,0.0,0.26924,1.33e-08,0.17176,-5.0664e-07,-0.67126,89.911,-16.358,44.77,-0.0034108,-25.139,-1069.7,-24.026,0.0,19.779,7.8483,16.771,0.41375,0.0,-1606.19,0.0845,20.0
547,2024-07-01,0.0613,0.37084,10.775,24.25,16.6302083333333,0.0,0.37084,1.3693e-08,0.23597,-5.0664e-07,-0.67126,90.282,-16.358,45.006,-0.0034113,-25.467,-1097.5,-24.028,0.0,19.779,7.6443,16.771,0.41375,0.0,-1606.19,0.0845,20.0
548,2024-07-02,0.0,0.42672,10.675,25.875,17.69375,-1.397,0.42672,-1.0714,0.26966,0.0,-2.0683,90.709,-17.702,45.277,-0.0034113,0.0,-1052.4,-24.027,0.32558,19.832,8.7179,18.116,0.41375,0.0,-1606.19,0.0845,20.0
549,2024-07-03,0.6927,0.24638,9.875,19.625,12.69375,0.0,0.24638,3.5507e-09,0.15553,-5.3183e-07,-2.0683,90.955,-17.702,45.433,-0.0034118,-18.693,-1074.3,-24.029,0.0,19.832,8.5611,18.116,0.41375,0.0,-1606.19,0.0845,20.0
550,2024-07-04,0.0119,0.35814,9.35,21.825,15.8885416666667,-2.8059,0.35814,-0.83164,0.20607,0.0,-4.8742,91.313,-18.665,45.644,-0.0034118,0.0,-1029.5,-24.029,1.9743,21.676,9.3141,19.078,0.41375,0.0,-1606.19,0.0845,20.0
551,2024-07-05,0.0374,0.37592,9.35,23.55,16.3864583333333,0.0,0.37592,2.3283e-08,0.23024,-5.0958e-07,-4.8742,91.689,-18.665,45.878,-0.0034123,-19.152,-1060.3,-24.03,0.0,21.676,9.0793,19.078,0.41375,0.0,-1606.19,0.0845,20.0
552,2024-07-06,0.1683,0.34798,11.75,24.425,16.828125,-2.9623,0.34798,-0.7446,0.19952,0.0,-7.8365,92.038,-19.512,46.074,-0.0034124,0.0,-1017.9,-24.03,2.2177,23.791,9.7296,19.926,0.41375,0.0,-1606.19,0.0845,20.0
553,2024-07-07,0.0153,0.4445,9.35,28.35,19.5072916666667,0.0,0.4445,9.9535e-09,0.26703,-5.4133e-07,-7.8365,92.482,-19.512,46.346,-0.0034129,-19.374,-1050.2,-24.031,0.0,23.791,9.456,19.926,0.41375,0.0,-1606.19,0.0845,20.0
554,2024-07-08,0.0,0.46228,9.675,32.35,22.5375,-2.794,0.46228,-0.71455,0.22507,0.0,-10.63,92.944,-20.331,46.59,-0.003413,0.0,-1015.5,-24.031,2.0795,25.766,10.032,20.745,0.41375,0.0,-1606.19,0.0845,20.0
555,2024-07-09,0.0,0.4572,10.55,32.675,23.1989583333333,0.0,0.4572,3.085e-09,0.26512,-5.2102e-07,-10.63,93.402,-20.331,46.859,-0.0034135,-19.295,-1045.1,-24.032,0.0,25.766,9.7611,20.745,0.41375,0.0,-1606.19,0.0845,20.0
556,2024-07-10,0.0,0.47752,11.25,36.75,24.376619047619,-2.794,0.47752,-0.69713,0.23344,0.0,-13.424,93.879,-21.128,47.091,-0.0034136,0.0,-1000.6,-24.032,2.0969,27.763,10.327,21.542,0.41375,0.0,-1606.19,0.0845,20.0
557,2024-07-11,0.0443,0.4318,15.075,35.075,24.3770833333333,-1.4413,0.4318,-0.67439,0.22515,0.0,-14.866,94.311,-21.813,47.306,-0.0034137,0.0,-945.32,-24.033,0.76691,28.519,10.797,22.227,0.41375,0.0,-1606.19,0.0845,20.0
558,2024-07-12,0.0,0.43688,10.225,30.2,21.3583333333333,0.0,0.43688,1.1642e-10,0.27773,-5.2433e-07,-14.866,94.748,-21.813,47.584,-0.0034142,-19.242,-958.06,-24.034,0.0,28.519,10.519,22.227,0.41375,0.0,-1606.19,0.0845,20.0
559,2024-07-13,0.0,0.44958,10.175,33.55,22.7614583333333,0.0,0.44958,3.085e-09,0.2858,-5.1657e-07,-14.866,95.197,-21.813,47.87,-0.0034147,-21.406,-966.01,-24.035,0.0,28.519,10.235,22.227,0.41375,0.0,-1606.19,0.0845,20.0
560,2024-07-14,0.0,0.42672,10.775,34.075,23.2291666666667,0.0,0.42672,-1.4319e-08,0.27127,-5.0664e-07,-14.866,95.624,-21.813,48.141,-0.0034152,-22.807,-973.46,-24.036,0.0,28.519,9.9568,22.227,0.41375,0.0,-1606.19,0.0845,20.0
561,2024-07-15,0.0,0.4826,10.55,34.225,22.7958333333333,0.0,0.4826,4.9185e-09,0.3068,-5.0664e-07,-14.866,96.107,-21.813,48.448,-0.0034157,-23.504,-981.73,-24.037,0.0,28.519,9.6678,22.227,0.41375,0.0,-1606.19,0.0845,20.0
562,2024-07-16,0.0,0.46228,9.7,35.1,23.2583333333333,0.0,0.46228,1.4661e-09,0.29388,-5.0664e-07,-14.866,96.569,-21.813,48.742,-0.0034162,-23.688,-991.12,-24.038,0.0,28.519,9.3675,22.227,0.41375,0.0,-1606.19,0.0845,20.0
563,2024-07-17,0.0,0.45212,11.35,36.625,24.59375,0.0,0.45212,1.0194e-08,0.28742,-5.0664e-07,-14.866,97.021,-21.813,49.029,-0.0034167,-23.811,-1001.8,-24.039,0.0,28.519,9.0768,22.227,0.41375,0.0,-1606.19,0.0845,20.0
564,2024-07-18,0.0408,0.37592,12.175,34.1,23.31875,0.0,0.37592,8.6075e-09,0.23898,-5.0664e-07,-14.866,97.397,-21.813,49.268,-0.0034173,-23.956,-1013.4,-24.04,0.0,28.519,8.8136,22.227,0.41375,0.0,-1606.19,0.0845,20.0
565,2024-07-19,0.0,0.40894,10.5,34.6,23.121875,0.0,0.40894,-7.5743e-09,0.25966,-5.0664e-07,-14.866,97.806,-21.813,49.528,-0.0034178,-24.125,-1027.2,-24.041,0.0,28.519,8.5641,22.227,0.41375,0.0,-1606.19,0.0845,20.0
566,2024-07-20,0.0,0.41402,12.25,34.6,24.3864583333333,0.0,0.41402,-6.1846e-09,0.25938,-5.0664e-07,-14.866,98.22,-21.813,49.788,-0.0034183,-24.325,-1046.4,-24.042,0.0,28.519,8.3038,22.227,0.41375,0.0,-1606.19,0.0845,20.0
567,2024-07-21,0.0,0.37084,11.225,32.9,22.7166666666667,0.0,0.37084,-1.4836e-08,0.22892,-5.0664e-07,-14.866,98.591,-21.813,50.018,-0.0034188,-24.559,-1069.7,-24.043,0.0,28.519,8.0586,22.227,0.41375,0.0,-1606.19,0.0845,20.0
568,2024-07-22,0.0,0.38608,10.85,34.65,22.9427083333333,0.0,0.38608,5.9663e-09,0.23418,-5.0664e-07,-14.866,98.977,-21.813,50.253,-0.0034193,-24.829,-1096.5,-24.044,0.0,28.519,7.8261,22.227,0.41375,0.0,-1606.19,0.0845,20.0
569,2024-07-23,0.0,0.4826,15.625,38.325,26.4958333333333,0.0,0.4826,-1.3271e-08,0.28845,-5.0664e-07,-14.866,99.459,-21.813,50.543,-0.0034198,-25.154,-1133.0,-24.045,0.0,28.519,7.564,22.227,0.41375,0.0,-1606.19,0.0845,20.0
570,2024-07-24,0.0,0.55626,12.65,37.5,26.8208333333333,0.0,0.55626,2.11e-09,0.30547,-5.0664e-07,-14.866,100.02,-21.813,50.86,-0.0034203,-25.577,-1194.2,-24.046,0.0,28.519,7.2555,22.227,0.41375,0.0,-1606.19,0.0845,20.0
571,2024-07-25,0.0,0.58928,15.75,33.25,25.471875,0.0,0.58928,9.0222e-10,0.22467,-5.0664e-07,-14.866,100.6,-21.813,51.116,-0.0034208,-26.175,-1309.9,-24.047,0.0,28.519,6.9593,22.227,0.41375,0.0,-1606.19,0.0845,20.0
572,2024-07-26,0.0,0.47244,8.225,29.3,18.2708333333333,0.0,0.47244,-8.4401e-10,0.10403,-5.0664e-07,-14.866,101.08,-21.813,51.238,-0.0034213,-26.912,-1433.3,-24.048,0.0,28.519,6.7766,22.227,0.41375,0.0,-1606.19,0.0845,20.0
573,2024-07-27,0.0,0.4064,5.95,31.25,18.9802083333333,0.0,0.4064,2.241e-09,0.052694,-5.0664e-07,-14.866,101.48,-21.813,51.3,-0.0034218,-27.573,-1505.2,-24.05,0.0,28.519,6.6889,22.227,0.41375,0.0,-1606.19,0.0845,20.0
574,2024-07-28,0.0,0.3429,5.6,28.55,17.6729166666667,0.0,0.3429,-1.413e-08,0.025605,-5.0664e-07,-14.866,101.83,-21.813,51.33,-0.0034223,-28.104,-1549.2,-24.051,0.0,28.519,6.6448,22.227,0.41375,0.0,-1606.19,0.0845,20.0
575,2024-07-29,0.0,0.44196,8.7,31.675,20.7510416666667,0.0,0.44196,-2.7649e-09,0.013313,-5.0664e-07,-14.866,102.27,-21.813,51.348,-0.0034228,-28.516,-1576.9,-24.052,0.0,28.519,6.6215,22.227,0.41375,0.0,-1606.19,0.0845,20.0
576,2024-07-30,0.0085,0.381,13.925,25.75,19.8791666666667,0.0,0.381,-4.2783e-09,0.0045048,-5.0664e-07,-14.866,102.65,-21.813,51.354,-0.0034233,-28.832,-1591.6,-24.053,0.0,28.519,6.6111,22.227,0.41375,0.0,-1606.19,0.0845,20.0
577,2024-07-31,0.0,0.4699,12.75,29.9,21.2708333333333,0.0,0.4699,-3.8053e-09,0.0015084,-5.0664e-07,-14.866,103.12,-21.813,51.356,-0.0034238,-29.073,-1597.5,-24.054,0.0,28.519,6.6074,22.227,0.41375,0.0,-1606.19,0.0845,20.0
578,2024-08-01,0.0,0.41402,8.9,33.775,22.7385416666667,0.0,0.41402,1.1714e-09,0.00031125,-5.0664e-07,-14.866,103.53,-21.813,51.356,-0.0034243,-29.256,-1599.6,-24.055,0.0,28.519,6.6063,22.227,0.41375,0.0,-1606.19,0.0845,20.0
579,2024-08-02,0.0,0.42926,13.0,38.75,25.8052083333333,0.0,0.42926,8.0618e-09,9.2931e-05,-5.0664e-07,-14.866,103.96,-21.813,51.356,-0.0034249,-29.396,-1600.0,-24.056,0.0,28.519,6.6061,22.227,0.41375,0.0,-1606.19,0.0845,20.0
580,2024-08-03,0.0,0.36322,11.075,37.725,23.6145833333333,0.0,0.36322,-2.7067e-09,5.1387e-05,-5.0664e-07,-14.866,104.33,-21.813,51.356,-0.0034254,-29.503,-1600.1,-24.057,0.0,28.519,6.606,22.227,0.41375,0.0,-1606.19,0.0845,20.0
581,2024-08-04,0.1207,0.13208,14.5,23.95,17.85625,0.0,0.13208,8.2582e-10,2.6511e-05,-5.0664e-07,-14.866,104.46,-21.813,51.357,-0.0034259,-29.584,-1600.1,-24.058,0.0,28.519,6.6059,22.227,0.41375,0.0,-1606.19,0.0845,20.0
582,2024-08-05,0.0238,0.33274,13.4,28.775,20.4125,0.0,0.33274,1.779e-09,3.6275e-05,-5.0664e-07,-14.866,104.79,-21.813,51.357,-0.0034264,-29.646,-1600.1,-24.059,0.0,28.519,6.6059,22.227,0.41375,0.0,-1606.19,0.0845,20.0
583,2024-08-06,0.1327,0.34544,13.1,29.075,19.9083333333333,0.0,0.34544,-6.2228e-09,2.348e-05,-5.0664e-07,-14.866,105.14,-21.813,51.357,-0.0034269,-29.693,-1600.1,-24.06,0.0,28.519,6.6059,22.227,0.41375,0.0,-1606.19,0.0845,20.0
584,2024-08-07,0.558,0.11938,10.0,16.025,13.6145833333333,0.0,0.11938,1.3277e-08,1.1328e-05,-5.0664e-07,-14.866,105.26,-21.813,51.357,-0.0034274,-29.729,-1600.1,-24.061,0.0,28.519,6.6059,22.227,0.41375,0.0,-1606.19,0.0845,20.0
585,2024-08-08,0.0119,0.25146,7.15,20.45,14.13125,0.0,0.25146,2.8613e-09,1.6128e-05,-5.0664e-07,-14.866,105.51,-21.813,51.357,-0.0034279,-29.756,-1600.1,-24.062,0.0,28.519,6.6058,22.227,0.41375,0.0,-1606.19,0.0845,20.0
586,2024-08-09,0.0,0.31242,5.075,25.425,16.2645833333333,0.0,0.31242,7.5433e-09,1.1424e-05,-5.0664e-07,-14.866,105.82,-21.813,51.357,-0.0034284,-29.777,-1600.1,-24.063,0.0,28.519,6.6058,22.227,0.41375,0.0,-1606.19,0.0845,20.0
587,2024-08-10,0.0323,0.31496,8.125,26.625,17.634375,0.0,0.31496,3.6107e-09,7.8663e-06,-5.0664e-07,-14.866,106.13,-21.813,51.357,-0.0034289,-29.793,-1600.2,-24.064,0.0,28.519,6.6058,22.227,0.41375,0.0,-1606.19,0.0845,20.0
588,2024-08-11,0.0629,0.36576,11.275,28.025,18.3125,0.0,0.36576,-1.096e-08,5.9599e-06,-5.0664e-07,-14.866,106.5,-21.813,51.357,-0.0034294,-29.805,-1600.2,-24.065,0.0,28.519,6.6058,22.227,0.41375,0.0,-1606.19,0.0845,20.0
589,2024-08-12,0.0,0.37846,11.35,29.775,20.309375,0.0,0.37846,-8.285e-09,4.3919e-06,-5.0664e-07,-14.866,106.88,-21.813,51.357,-0.0034299,-29.814,-1600.2,-24.066,0.0,28.519,6.6058,22.227,0.41375,0.0,-1606.19,0.0845,20.0
590,2024-08-13,0.2484,0.32512,11.9,30.4,19.5364583333333,0.0,0.32512,7.8705e-09,3.2359e-06,-5.0664e-07,-14.866,107.2,-21.813,51.357,-0.0034304,-29.821,-1600.2,-24.068,0.0,28.519,6.6058,22.227,0.41375,0.0,-1606.19,0.0845,20.0
591,2024-08-14,0.0068,0.32258,11.0,28.525,18.9739583333333,0.0,0.32258,5.0484e-09,2.5536e-06,-5.0664e-07,-14.866,107.53,-21.813,51.357,-0.0034309,-29.826,-1600.2,-24.069,0.0,28.519,6.6058,22.227,0.41375,0.0,-1606.19,0.0845,20.0
592,2024-08-15,0.2366,0.40386,8.625,30.825,20.303125,0.0,0.40386,6.4649e-09,2.0031e-06,-5.0664e-07,-14.866,107.93,-21.813,51.357,-0.0034314,-29.831,-1600.2,-24.07,0.0,28.519,6.6058,22.227,0.41375,0.0,-1606.19,0.0845,20.0
593,2024-08-16,0.0,0.381,11.025,28.85,19.0875,0.0,0.381,-8.3463e-09,1.4602e-06,-5.0664e-07,-14.866,108.31,-21.813,51.357,-0.0034319,-29.834,-1600.2,-24.071,0.0,28.519,6.6058,22.227,0.41375,0.0,-1606.19,0.0845,20.0
594,2024-08-17,0.0,0.35814,7.375,30.15,19.3520833333333,0.0,0.35814,-7.4416e-09,1.1055e-06,-5.0664e-07,-14.866,108.67,-21.813,51.357,-0.0034325,-29.836,-1600.2,-24.072,0.0,28.519,6.6058,22.227,0.41375,0.0,-1606.19,0.0845,20.0
595,2024-08-18,1.8799,0.37592,9.0,35.5,20.3833333333333,0.0,0.37592,-7.2e-09,1.0022e-06,-5.0664e-07,-14.866,109.05,-21.813,51.357,-0.003433,-29.838,-1600.2,-24.073,0.0,28.519,6.6058,22.227,0.41375,0.0,-1606.19,0.0845,20.0
596,2024-08-19,0.1412,0.43434,13.275,34.175,20.3927083333333,0.0,0.43434,-6.9825e-09,1.0018e-06,-5.0664e-07,-14.866,109.48,-21.813,51.357,-0.0034335,-29.84,-1600.2,-24.074,0.0,28.519,6.6058,22.227,0.41375,0.0,-1606.19,0.0845,20.0
597,2024-08-20,0.0595,0.3429,10.975,30.875,20.0,0.0,0.3429,-6.7538e-09,9.462e-07,-5.0664e-07,-14.866,109.82,-21.813,51.357,-0.003434,-29.841,-1600.2,-24.075,0.0,28.519,6.6058,22.227,0.41375,0.0,-1606.19,0.0845,20.0
598,2024-08-21,0.034,0.28956,9.575,26.85,17.5864583333333,0.0,0.28956,-6.524e-09,9.4002e-07,-5.0664e-07,-14.866,110.11,-21.813,51.357,-0.0034345,-29.843,-1600.2,-24.076,0.0,28.519,6.6058,22.227,0.41375,0.0,-1606.19,0.0845,20.0
599,2024-08-22,0.0,0.31496,5.375,25.875,16.5552083333333,0.0,0.31496,-6.2984e-09,1.0013e-06,-5.0664e-07,-14.866,110.43,-21.813,51.357,-0.003435,-29.845,-1600.2,-24.077,0.0,28.519,6.6058,22.227,0.41375,0.0,-1606.19,0.0845,20.0
600,2024-08-23,0.1107,0.37846,8.1,30.825,18.040625,0.0,0.37846,-6.0779e-09,1.0145e-06,-5.0664e-07,-14.866,110.81,-21.813,51.357,-0.0034355,-29.847,-1600.2,-24.078,0.0,28.519,6.6058,22.227,0.41375,0.0,-1606.19,0.0845,20.0
601,2024-08-24,0.0,0.3429,9.6,25.2,16.484375,0.0,0.3429,-5.8481e-09,9.7664e-07,-5.0664e-07,-14.866,111.15,-21.813,51.357,-0.003436,-29.848,-1600.2,-24.079,0.0,28.519,6.6058,22.227,0.41375,0.0,-1606.19,0.0845,20.0
602,2024-08-25,0.0,0.37084,8.325,25.425,16.015625,0.0,0.37084,-5.6202e-09,1.0072e-06,-5.0664e-07,-14.866,111.52,-21.813,51.357,-0.0034365,-29.85,-1600.2,-24.08,0.0,28.519,6.6058,22.227,0.41375,0.0,-1606.19,0.0845,20.0
603,2024-08-26,0.0,0.34798,4.275,26.775,15.271875,0.0,0.34798,-5.4008e-09,9.8324e-07,-5.0664e-07,-14.866,111.87,-21.813,51.357,-0.003437,-29.852,-1600.2,-24.081,0.0,28.519,6.6058,22.227,0.41375,0.0,-1606.19,0.0845,20.0
604,2024-08-27,0.051,0.46228,8.55,30.075,19.6364583333333,0.0,0.46228,-5.174e-09,1.0139e-06,-5.0664e-07,-14.866,112.33,-21.813,51.357,-0.0034375,-29.854,-1600.2,-24.082,0.0,28.519,6.6058,22.227,0.41375,0.0,-1606.19,0.0845,20.0
605,2024-08-28,0.6089,0.26416,5.1,15.325,10.1364583333333,0.0,0.26416,-4.9457e-09,8.6358e-07,-5.0664e-07,-14.866,112.59,-21.813,51.357,-0.003438,-29.856,-1600.2,-24.083,0.0,28.519,6.6058,22.227,0.41375,0.0,-1606.19,0.0845,20.0
606,2024-08-29,0.0,0.39624,10.725,25.9,17.8052083333333,0.0,0.39624,-4.722e-09,1.0348e-06,-5.0664e-07,-14.866,112.99,-21.813,51.357,-0.0034385,-29.857,-1600.2,-24.085,0.0,28.519,6.6058,22.227,0.41375,0.0,-1606.19,0.0845,20.0
607,2024-08-30,0.0,0.36576,6.0,32.925,18.628125,0.0,0.36576,-4.4969e-09,9.8803e-07,-5.0664e-07,-14.866,113.36,-21.813,51.357,-0.003439,-29.859,-1600.2,-24.086,0.0,28.519,6.6058,22.227,0.41375,0.0,-1606.19,0.0845,20.0
608,2024-08-31,0.0,0.3048,7.325,29.525,18.9416666666667,0.0,0.3048,-4.2667e-09,9.4463e-07,-5.0664e-07,-14.866,113.66,-21.813,51.357,-0.0034395,-29.861,-1600.2,-24.087,0.0,28.519,6.6058,22.227,0.41375,0.0,-1606.19,0.0845,20.0
609,2024-09-01,0.0,0.28956,6.725,31.1,18.19375,0.0,0.28956,-4.0618e-09,6.1192e-06,-5.0664e-07,-14.866,113.95,-21.813,51.357,-0.0034401,-29.863,-796.39,-24.088,0.0,28.519,6.6058,22.227,0.41375,0.0,-1606.19,0.0845,20.0
610,2024-09-02,0.0,0.30226,10.9,34.225,21.6229166666667,0.0,0.30226,-3.9178e-09,0.0,-5.0664e-07,-14.866,114.25,-21.813,51.357,-0.0034406,-29.864,-796.39,-24.089,0.0,28.519,6.6058,22.227,0.41375,0.0,-1606.19,0.0845,20.0
611,2024-09-03,0.194,0.29718,13.225,30.075,20.4197916666667,0.0,0.29718,-3.6505e-09,0.0,-5.0664e-07,-14.866,114.55,-21.813,51.357,-0.0034411,-29.866,-796.39,-24.09,0.0,28.519,6.6058,22.227,0.41375,0.0,-1606.19,0.0845,20.0
612,2024-09-04,0.0,0.29464,10.35,26.075,17.84375,0.0,0.29464,-3.3896e-09,4.5429e-06,-5.0664e-07,-14.866,114.84,-21.813,51.357,-0.0034416,-29.868,-796.39,-24.091,0.0,28.519,6.6058,22.227,0.41375,0.0,-1606.19,0.0845,20.0
613,2024-09-05,0.0,0.28956,5.525,30.875,17.359375,0.0,0.28956,-3.2142e-09,0.0,-5.0664e-07,-14.866,115.13,-21.813,51.357,-0.0034421,-29.87,-796.39,-24.092,0.0,28.519,6.6058,22.227,0.41375,0.0,-1606.19,0.0845,20.0
614,2024-09-06,0.0,0.30226,6.95,32.7,19.6354166666667,0.0,0.30226,-2.9503e-09,0.0,-5.0664e-07,-14.866,115.44,-21.813,51.357,-0.0034426,-29.871,-796.39,-24.093,0.0,28.519,6.6058,22.227,0.41375,0.0,-1606.19,0.0845,20.0
615,2024-09-07,0.0,0.2921,6.925,33.175,20.640625,0.0,0.2921,-2.8626e-09,0.0,-5.0664e-07,-14.866,115.73,-21.813,51.357,-0.0034431,-29.873,-796.39,-24.094,0.0,28.519,6.6057,22.227,0.41375,0.0,-1606.19,0.0845,20.0
616,2024-09-08,0.0,0.28448,7.55,33.125,20.7697916666667,0.0,0.28448,-2.5918e-09,0.0,-5.0664e-07,-14.866,116.01,-21.813,51.357,-0.0034436,-29.875,-796.39,-24.095,0.0,28.519,6.6057,22.227,0.41375,0.0,-1606.19,0.0845,20.0
617,2024-09-09,0.0,0.39624,14.725,31.3,23.3583333333333,0.0,0.39624,-2.3239e-09,0.0,-5.0664e-07,-14.866,116.41,-21.813,51.357,-0.0034441,-29.877,-796.39,-24.096,0.0,28.519,6.6057,22.227,0.41375,0.0,-1606.19,0.0845,20.0
618,2024-09-10,0.0,0.18288,4.85,19.9,13.4197916666667,0.0,0.18288,-2.0549e-09,0.0,-5.0664e-07,-14.866,116.59,-21.813,51.357,-0.0034446,-29.879,-796.39,-24.097,0.0,28.519,6.6057,22.227,0.41375,0.0,-1606.19,0.0845,20.0
619,2024-09-11,2.0309,0.1524,5.55,21.075,13.0770833333333,0.0,0.1524,-1.839e-09,0.0,-5.0664e-07,-14.866,116.74,-21.813,51.357,-0.0034451,-29.88,-796.39,-24.098,0.0,28.519,6.6057,22.227,0.41375,0.0,-1606.19,0.0845,20.0
620,2024-09-12,0.2568,0.0635,9.4,13.65,10.9677083333333,0.0,0.0635,-1.5813e-09,1.6057e-06,-5.0664e-07,-14.866,116.81,-21.813,51.357,-0.0034456,-29.882,-796.39,-24.099,0.0,28.519,6.6057,22.227,0.41375,0.0,-1606.19,0.0845,20.0
621,2024-09-13,0.997,0.23876,8.175,19.775,12.7354166666667,0.0,0.23876,-1.3445e-09,9.2778e-06,-5.0664e-07,-14.866,117.05,-21.813,51.357,-0.0034461,-29.884,-796.39,-24.1,0.0,28.519,6.6057,22.227,0.41375,0.0,-1606.19,0.0845,20.0
622,2024-09-14,0.0,0.35814,8.675,22.475,14.6447916666667,0.0,0.35814,-1.2628e-09,0.0,-5.0664e-07,-14.866,117.4,-21.813,51.357,-0.0034466,-29.886,-796.39,-24.102,0.0,28.519,6.6057,22.227,0.41375,0.0,-1606.19,0.0845,20.0
623,2024-09-15,0.0,0.17272,5.75,21.275,13.36875,0.0,0.17272,-1.0076e-09,0.0,-5.0664e-07,-14.866,117.58,-21.813,51.357,-0.0034471,-29.887,-796.39,-24.103,0.0,28.519,6.6057,22.227,0.41375,0.0,-1606.19,0.0845,20.0
624,2024-09-16,0.0017,0.19812,6.225,24.45,14.034375,0.0,0.19812,-7.384e-10,0.0,-5.0664e-07,-14.866,117.78,-21.813,51.357,-0.0034477,-29.889,-796.39,-24.104,0.0,28.519,6.6057,22.227,0.41375,0.0,-1606.19,0.0845,20.0
625,2024-09-17,0.0476,0.16764,7.4,23.85,14.7885416666667,0.0,0.16764,-4.7282e-10,0.0,-5.0664e-07,-14.866,117.94,-21.813,51.357,-0.0034482,-29.891,-796.39,-24.105,0.0,28.519,6.6057,22.227,0.41375,0.0,-1606.19,0.0845,20.0
626,2024-09-18,0.0646,0.0889,11.975,17.0,13.821875,0.0,0.0889,-2.5432e-10,0.0,-5.0664e-07,-14.866,118.03,-21.813,51.357,-0.0034487,-29.893,-796.39,-24.106,0.0,28.519,6.6057,22.227,0.41375,0.0,-1606.19,0.0845,20.0
627,2024-09-19,0.0221,0.24384,9.125,23.15,15.7333333333333,0.0,0.24384,-7.0941e-11,0.0,-5.0664e-07,-14.866,118.28,-21.813,51.357,-0.0034492,-29.894,-796.39,-24.107,0.0,28.519,6.6057,22.227,0.41375,0.0,-1606.19,0.0845,20.0
628,2024-09-20,0.0,0.34544,5.775,22.925,13.603125,0.0,0.34544,1.9577e-10,0.0,-5.0664e-07,-14.866,118.62,-21.813,51.357,-0.0034497,-29.896,-796.39,-24.108,0.0,28.519,6.6057,22.227,0.41375,0.0,-1606.19,0.0845,20.0
629,2024-09-21,0.0,0.19558,-0.575,17.675,9.16666666666667,0.0,0.19558,4.0052e-10,0.0,-5.0664e-07,-14.866,118.82,-21.813,51.357,-0.0034502,-29.898,-796.39,-24.109,0.0,28.519,6.6057,22.227,0.41375,0.0,-1606.19,0.0845,20.0
630,2024-09-22,0.0,0.32258,3.6,24.525,13.996875,0.0,0.32258,6.6825e-10,2.0914e-06,-5.0664e-07,-14.866,119.14,-21.813,51.357,-0.0034507,-29.9,-796.39,-24.11,0.0,28.519,6.6057,22.227,0.41375,0.0,-1606.19,0.0845,20.0
631,2024-09-23,0.0,0.2667,11.325,25.3,17.1145833333333,0.0,0.2667,8.921e-10,1.8406e-06,-5.0664e-07,-14.866,119.41,-21.813,51.357,-0.0034512,-29.902,-796.39,-24.111,0.0,28.519,6.6057,22.227,0.41375,0.0,-1606.19,0.0845,20.0
632,2024-09-24,0.0,0.44196,13.525,28.825,19.7354166666667,0.0,0.44196,1.1172e-09,3.9869e-06,-5.0664e-07,-14.866,119.85,-21.813,51.357,-0.0034517,-29.903,-796.39,-24.112,0.0,28.519,6.6057,22.227,0.41375,0.0,-1606.19,0.0845,20.0
633,2024-09-25,0.0,0.39624,11.85,31.525,21.0614583333333,0.0,0.39624,1.3066e-09,0.0,-5.0664e-07,-14.866,120.24,-21.813,51.357,-0.0034522,-29.905,-796.39,-24.113,0.0,28.519,6.6057,22.227,0.41375,0.0,-1606.19,0.0845,20.0
634,2024-09-26,0.0,0.3175,10.275,22.3,16.628125,0.0,0.3175,1.5693e-09,1.7742e-06,-5.0664e-07,-14.866,120.56,-21.813,51.357,-0.0034527,-29.907,-796.39,-24.114,0.0,28.519,6.6057,22.227,0.41375,0.0,-1606.19,0.0845,20.0
635,2024-09-27,0.0,0.40894,10.7,27.65,18.9416666666667,0.0,0.40894,1.7995e-09,5.4425e-06,-5.0664e-07,-14.866,120.97,-21.813,51.357,-0.0034532,-29.909,-796.39,-24.115,0.0,28.519,6.6057,22.227,0.41375,0.0,-1606.19,0.0845,20.0
636,2024-09-28,0.0,0.23368,2.175,27.9,15.0822916666667,0.0,0.23368,1.9562e-09,0.0,-5.0664e-07,-14.866,121.2,-21.813,51.357,-0.0034537,-29.91,-796.39,-24.116,0.0,28.519,6.6057,22.227,0.41375,0.0,-1606.19,0.0845,20.0
637,2024-09-29,0.0,0.3175,6.775,25.275,15.2927083333333,0.0,0.3175,2.2197e-09,0.0,-5.0664e-07,-14.866,121.52,-21.813,51.357,-0.0034542,-29.912,-796.39,-24.117,0.0,28.519,6.6057,22.227,0.41375,0.0,-1606.19,0.0845,20.0
638,2024-09-30,0.0,0.20828,-2.1,16.375,7.54375,0.0,0.20828,2.4864e-09,6.7315e-06,-5.0664e-07,-14.866,121.73,-21.813,51.357,-0.0034547,-29.914,-796.39,-24.118,0.0,28.519,6.6057,22.227,0.41375,0.0,-1606.19,0.0845,20.0
639,2024-10-01,0.0,0.54102,5.775,23.475,15.7708333333333,0.54102,0.0,3.5092e-06,0.0,-5.0664e-07,-14.325,121.73,-21.624,51.357,-0.0034553,-1000000.0,-796.39,-24.12,0.0,28.519,6.4161,22.227,0.60338,0.0,-1606.19,0.0845,20.0
640,2024-10-02,0.0,0.19304,6.15,18.175,13.4833333333333,0.19304,0.0,9.984e-32,0.0,-5.0664e-07,-14.132,121.73,-21.624,51.357,-0.0034558,-1000000.0,-796.39,-24.121,0.0,28.519,6.4161,22.227,0.60338,0.0,-1606.19,0.0845,20.0
641,2024-10-03,0.0,0.17526,-2.05,16.775,8.00729166666667,0.17526,0.0,9.984e-32,0.0,-5.0664e-07,-13.956,121.73,-21.624,51.357,-0.0034563,-1000000.0,-796.39,-24.122,0.0,28.519,6.4161,22.227,0.60338,0.0,-1606.19,0.0845,20.0
642,2024-10-04,0.0,0.46228,-2.625,28.075,13.103125,0.46228,0.0,9.984e-32,0.0,-5.0664e-07,-13.494,121.73,-21.624,51.357,-0.0034568,-1000000.0,-796.39,-24.123,0.0,28.519,6.4161,22.227,0.60338,0.0,-1606.19,0.0845,20.0
643,2024-10-05,0.0,0.254,4.625,18.825,10.7375,0.254,0.0,9.984e-32,0.0,-5.0664e-07,-13.24,121.73,-21.624,51.357,-0.0034573,-1000000.0,-796.39,-24.124,0.0,28.519,6.4161,22.227,0.60338,0.0,-1606.19,0.0845,20.0
644,2024-10-06,0.0,0.22352,1.475,25.425,11.9041666666667,0.22352,0.0,9.984e-32,0.0,-5.0664e-07,-13.017,121.73,-21.624,51.357,-0.0034578,-1000000.0,-796.39,-24.125,0.0,28.519,6.4161,22.227,0.60338,0.0,-1606.19,0.0845,20.0
645,2024-10-07,0.0,0.33528,7.975,26.675,15.8854166666667,0.33528,0.0,9.984e-32,0.0,-5.0664e-07,-12.681,121.73,-21.624,51.357,-0.0034583,-1000000.0,-796.39,-24.126,0.0,28.519,6.4161,22.227,0.60338,0.0,-1606.19,0.0845,20.0
646,2024-10-08,0.0,0.35306,5.6,28.1,16.5020833333333,0.35306,0.0,9.984e-32,0.0,-5.0664e-07,-12.328,121.73,-21.624,51.357,-0.0034588,-1000000.0,-796.39,-24.127,0.0,28.519,6.4161,22.227,0.60338,0.0,-1606.19,0.0845,20.0
647,2024-10-09,0.0,0.2794,8.575,27.2,16.3239583333333,0.2794,0.0,9.984e-32,0.0,-5.0664e-07,-12.049,121.73,-21.624,51.357,-0.0034593,-1000000.0,-796.39,-24.128,0.0,28.519,6.4161,22.227,0.60338,0.0,-1606.19,0.0845,20.0
648,2024-10-10,0.0,0.17526,8.0,18.325,13.0291666666667,0.17526,0.0,9.984e-32,0.0,-5.0664e-07,-11.874,121.73,-21.624,51.357,-0.0034598,-1000000.0,-796.39,-24.129,0.0,28.519,6.4161,22.227,0.60338,0.0,-1606.19,0.0845,20.0
649,2024-10-11,0.0,0.12954,-1.275,19.0,8.52083333333333,0.12954,0.0,9.984e-32,0.0,-5.0664e-07,-11.744,121.73,-21.624,51.357,-0.0034603,-1000000.0,-796.39,-24.13,0.0,28.519,6.4161,22.227,0.60338,0.0,-1606.19,0.0845,20.0
650,2024-10-12,0.0,0.14732,-1.5,19.0,8.23958333333333,0.14732,0.0,9.984e-32,0.0,-5.0664e-07,-11.597,121.73,-21.624,51.357,-0.0034608,-1000000.0,-796.39,-24.131,0.0,28.519,6.4161,22.227,0.60338,0.0,-1606.19,0.0845,20.0
651,2024-10-13,0.0,0.15494,-2.575,20.775,7.70520833333333,0.15494,0.0,9.984e-32,0.0,-5.0664e-07,-11.442,121.73,-21.624,51.357,-0.0034613,-1000000.0,-796.39,-24.132,0.0,28.519,6.4161,22.227,0.60338,0.0,-1606.19,0.0845,20.0
652,2024-10-14,0.0,0.3048,3.325,28.675,15.5416666666667,0.3048,0.0,9.984e-32,0.0,-5.0664e-07,-11.137,121.73,-21.624,51.357,-0.0034618,-1000000.0,-796.39,-24.133,0.0,28.519,6.4161,22.227,0.60338,0.0,-1606.19,0.0845,20.0
653,2024-10-15,0.0,0.23368,9.2,25.3,16.5291666666667,0.23368,0.0,9.984e-32,0.0,-5.0664e-07,-10.903,121.73,-21.624,51.357,-0.0034623,-1000000.0,-796.39,-24.134,0.0,28.519,6.4161,22.227,0.60338,0.0,-1606.19,0.0845,20.0
654,2024-10-16,0.0017,0.25908,3.275,23.65,13.340625,0.25908,0.0,9.984e-32,0.0,-5.0664e-07,-10.644,121.73,-21.624,51.357,-0.0034629,-1000000.0,-796.39,-24.135,0.0,28.519,6.4161,22.227,0.60338,0.0,-1606.19,0.0845,20.0
655,2024-10-17,0.0,0.13716,0.35,11.075,6.71666666666667,0.13716,0.0,9.984e-32,0.0,-5.0664e-07,-10.507,121.73,-21.624,51.357,-0.0034634,-1000000.0,-796.39,-24.136,0.0,28.519,6.4161,22.227,0.60338,0.0,-1606.19,0.0845,20.0
656,2024-10-18,0.0,0.25654,-2.55,12.1,4.97708333333333,0.25654,0.0,9.984e-32,0.0,-5.0664e-07,-10.251,121.73,-21.624,51.357,-0.0034639,-1000000.0,-796.39,-24.138,0.0,28.519,6.4161,22.227,0.60338,0.0,-1606.19,0.0845,20.0
657,2024-10-19,0.0,0.48768,9.4,21.075,13.7479166666667,0.48768,0.0,9.984e-32,0.0,-5.0664e-07,-9.7629,121.73,-21.624,51.357,-0.0034644,-1000000.0,-796.39,-24.139,0.0,28.519,6.4161,22.227,0.60338,0.0,-1606.19,0.0845,20.0
658,2024-10-20,0.0,0.4064,12.475,22.075,16.8104166666667,0.4064,0.0,9.984e-32,0.0,-5.0664e-07,-9.3565,121.73,-21.624,51.357,-0.0034649,-1000000.0,-796.39,-24.14,0.0,28.519,6.4161,22.227,0.60338,0.0,-1606.19,0.0845,20.0
659,2024-10-21,0.0204,0.20066,0.875,17.675,11.209375,0.20066,0.0,9.984e-32,0.0,-5.0664e-07,-9.1559,121.73,-21.624,51.357,-0.0034654,-1000000.0,-796.39,-24.141,0.0,28.519,6.4161,22.227,0.60338,0.0,-1606.19,0.0845,20.0
660,2024-10-22,0.0017,0.17272,-1.375,13.4,4.90729166666667,0.17272,0.0,9.984e-32,0.0,-5.0664e-07,-8.9831,121.73,-21.624,51.357,-0.0034659,-1000000.0,-796.39,-24.142,0.0,28.519,6.4161,22.227,0.60338,0.0,-1606.19,0.0845,20.0
661,2024-10-23,0.0,0.254,-1.7,14.275,6.2875,0.254,0.0,9.984e-32,0.0,-5.0664e-07,-8.7291,121.73,-21.624,51.357,-0.0034664,-1000000.0,-796.39,-24.143,0.0,28.519,6.4161,22.227,0.60338,0.0,-1606.19,0.0845,20.0
662,2024-10-24,0.0,0.1651,-1.725,11.375,4.2625,0.1651,0.0,9.984e-32,0.0,-5.0664e-07,-8.564,121.73,-21.624,51.357,-0.0034669,-1000000.0,-796.39,-24.144,0.0,28.519,6.4161,22.227,0.60338,0.0,-1606.19,0.0845,20.0
663,2024-10-25,0.0,0.10668,-5.4,9.95,2.27291666666667,0.10668,0.0,9.984e-32,0.0,-5.0664e-07,-8.4574,121.73,-21.624,51.357,-0.0034674,-1000000.0,-796.39,-24.145,0.0,28.519,6.4161,22.227,0.60338,0.0,-1606.19,0.0845,20.0
664,2024-10-26,0.0,0.27686,-2.675,19.975,9.38229166666667,0.27686,0.0,9.984e-32,0.0,-5.0664e-07,-8.1805,121.73,-21.624,51.357,-0.0034679,-1000000.0,-796.39,-24.146,0.0,28.519,6.4161,22.227,0.60338,0.0,-1606.19,0.0845,20.0
665,2024-10-27,0.0,0.32766,3.925,21.775,11.284375,0.32766,0.0,9.984e-32,0.0,-5.0664e-07,-7.8528,121.73,-21.624,51.357,-0.0034684,-1000000.0,-796.39,-24.147,0.0,28.519,6.4161,22.227,0.60338,0.0,-1606.19,0.0845,20.0
666,2024-10-28,0.0,0.21336,-3.725,12.75,5.74479166666667,0.21336,0.0,9.984e-32,0.0,-5.0664e-07,-7.6395,121.73,-21.624,51.357,-0.0034689,-1000000.0,-796.39,-24.148,0.0,28.519,6.4161,22.227,0.60338,0.0,-1606.19,0.0845,20.0
667,2024-10-29,0.0,0.08128,-7.775,9.6,0.632291666666667,0.08128,0.0,9.984e-32,0.0,-5.0664e-07,-7.5582,121.73,-21.624,51.357,-0.0034694,-1000000.0,-796.39,-24.149,0.0,28.519,6.4161,22.227,0.60338,0.0,-1606.19,0.0845,20.0
668,2024-10-30,0.0,0.17526,-5.625,9.95,1.42916666666667,0.17526,0.0,9.984e-32,0.0,-5.0664e-07,-7.3829,121.73,-21.624,51.357,-0.0034699,-1000000.0,-796.39,-24.15,0.0,28.519,6.4161,22.227,0.60338,0.0,-1606.19,0.0845,20.0
669,2024-10-31,0.0,0.14732,-3.35,8.6,1.44270833333333,0.14732,0.0,9.984e-32,0.0,-5.0664e-07,-7.2356,121.73,-21.624,51.357,-0.0034705,-1000000.0,-796.39,-24.151,0.0,28.519,6.4161,22.227,0.60338,0.0,-1606.19,0.0845,20.0
670,2024-11-01,0.0,0.17018,-3.825,9.1,2.42291666666667,0.17018,0.0,9.984e-32,0.0,-5.0664e-07,-7.0654,121.73,-21.624,51.357,-0.003471,-1000000.0,-796.39,-24.152,0.0,28.519,6.4161,22.227,0.60338,0.0,-1606.19,0.0845,20.0
671,2024-11-02,0.0,0.21082,1.775,11.425,6.10416666666667,0.21082,0.0,9.984e-32,0.0,-5.0664e-07,-6.8546,121.73,-21.624,51.357,-0.0034715,-1000000.0,-796.39,-24.153,0.0,28.519,6.4161,22.227,0.60338,0.0,-1606.19,0.0845,20.0
672,2024-11-03,0.0,0.1016,-2.075,8.975,2.288,0.1016,0.0,9.984e-32,0.0,-5.0664e-07,-6.753,121.73,-21.624,51.357,-0.003472,-1000000.0,-796.39,-24.154,0.0,28.519,6.4161,22.227,0.60338,0.0,-1606.19,0.0845,20.0
673,2024-11-04,0.0,0.21844,-3.15,7.625,2.86875,0.21844,0.0,9.984e-32,0.0,-5.0664e-07,-6.5346,121.73,-21.624,51.357,-0.0034725,-1000000.0,-796.39,-24.156,0.0,28.519,6.4161,22.227,0.60338,0.0,-1606.19,0.0845,20.0
674,2024-11-05,0.1666,0.07874,-2.95,3.575,0.690625,0.07874,0.0,9.984e-32,0.0,-5.0664e-07,-6.4558,121.73,-21.624,51.357,-0.003473,-1000000.0,-796.39,-24.157,0.0,28.519,6.4161,22.227,0.60338,0.0,-1606.19,0.0845,20.0
675,2024-11-06,0.0357,0.1524,-8.175,8.25,-0.05625,0.1524,0.0,9.984e-32,0.0,-5.0664e-07,-6.3034,121.73,-21.624,51.357,-0.0034735,-1000000.0,-796.39,-24.158,0.0,28.519,6.4161,22.227,0.60338,0.0,-1606.19,0.0845,20.0
676,2024-11-07,0.0,0.28702,1.9,13.625,6.85,0.28702,0.0,9.984e-32,0.0,-5.0664e-07,-6.0164,121.73,-21.624,51.357,-0.003474,-1000000.0,-796.39,-24.159,0.0,28.519,6.4161,22.227,0.60338,0.0,-1606.19,0.0845,20.0
677,2024-11-08,0.0,0.25146,2.375,17.8,9.1375,0.25146,0.0,9.984e-32,0.0,-5.0664e-07,-5.765,121.73,-21.624,51.357,-0.0034745,-1000000.0,-796.39,-24.16,0.0,28.519,6.4161,22.227,0.60338,0.0,-1606.19,0.0845,20.0
678,2024-11-09,0.0,0.11176,2.375,16.425,7.759375,0.11176,0.0,9.984e-32,0.0,-5.0664e-07,-5.6532,121.73,-21.624,51.357,-0.003475,-1000000.0,-796.39,-24.161,0.0,28.519,6.4161,22.227,0.60338,0.0,-1606.19,0.0845,20.0
679,2024-11-10,0.0,0.10414,1.475,11.075,6.82291666666667,0.10414,0.0,9.984e-32,0.0,-5.0664e-07,-5.5491,121.73,-21.624,51.357,-0.0034755,-1000000.0,-796.39,-24.162,0.0,28.519,6.4161,22.227,0.60338,0.0,-1606.19,0.0845,20.0
680,2024-11-11,0.0,0.18542,-0.1,15.325,7.02083333333333,0.18542,0.0,9.984e-32,0.0,-5.0664e-07,-5.3636,121.73,-21.624,51.357,-0.003476,-1000000.0,-796.39,-24.163,0.0,28.519,6.4161,22.227,0.60338,0.0,-1606.19,0.0845,20.0
681,2024-11-12,0.0,0.18288,1.1,10.675,5.13958333333333,0.18288,0.0,9.984e-32,0.0,-5.0664e-07,-5.1808,121.73,-21.624,51.357,-0.0034765,-1000000.0,-796.39,-24.164,0.0,28.519,6.4161,22.227,0.60338,0.0,-1606.19,0.0845,20.0
682,2024-11-13,0.0,0.2794,0.1,11.425,5.85625,0.2794,0.0,9.984e-32,0.0,-5.0664e-07,-4.9014,121.73,-21.624,51.357,-0.003477,-1000000.0,-796.39,-24.165,0.0,28.519,6.4161,22.227,0.60338,0.0,-1606.19,0.0845,20.0
683,2024-11-14,0.0,0.2413,-1.7,11.575,5.62083333333333,0.2413,0.0,9.984e-32,0.0,-5.0664e-07,-4.6601,121.73,-21.624,51.357,-0.0034775,-1000000.0,-796.39,-24.166,0.0,28.519,6.4161,22.227,0.60338,0.0,-1606.19,0.0845,20.0
684,2024-11-15,0.0,0.06858,-6.025,8.2,0.633333333333333,0.06858,0.0,9.984e-32,0.0,-5.0664e-07,-4.5915,121.73,-21.624,51.357,-0.0034781,-1000000.0,-796.39,-24.167,0.0,28.519,6.4161,22.227,0.60338,0.0,-1606.19,0.0845,20.0
685,2024-11-16,0.0,0.14986,-12.75,7.6,-1.82604166666667,0.14986,0.0,9.984e-32,0.0,-5.0664e-07,-4.4416,121.73,-21.624,51.357,-0.0034786,-1000000.0,-796.39,-24.168,0.0,28.519,6.4161,22.227,0.60338,0.0,-1606.19,0.0845,20.0
686,2024-11-17,0.0,0.3175,2.725,9.775,5.85416666666667,0.3175,0.0,9.984e-32,0.0,-5.0664e-07,-4.1241,121.73,-21.624,51.357,-0.0034791,-1000000.0,-796.39,-24.169,0.0,28.519,6.4161,22.227,0.60338,0.0,-1606.19,0.0845,20.0
687,2024-11-18,0.0,0.13462,-10.125,4.45,0.1625,0.13462,0.0,9.984e-32,0.0,-5.0664e-07,-3.9895,121.73,-21.624,51.357,-0.0034796,-1000000.0,-796.39,-24.17,0.0,28.519,6.4161,22.227,0.60338,0.0,-1606.19,0.0845,20.0
688,2024-11-19,0.0,0.04064,-13.8,3.675,-5.725,0.04064,0.0,9.984e-32,0.0,-5.0664e-07,-3.9489,121.73,-21.624,51.357,-0.0034801,-1000000.0,-796.39,-24.171,0.0,28.519,6.4161,22.227,0.60338,0.0,-1606.19,0.0845,20.0
689,2024-11-20,0.0,0.03048,-14.175,-3.125,-9.021875,0.03048,0.0,9.984e-32,0.0,-5.0664e-07,-3.9184,121.73,-21.624,51.357,-0.0034806,-1000000.0,-796.39,-24.172,0.0,28.519,6.4161,22.227,0.60338,0.0,-1606.19,0.0845,20.0
690,2024-11-21,0.0,0.04064,-10.3,0.7,-5.24479166666667,0.04064,0.0,9.984e-32,0.0,-5.0664e-07,-3.8777,121.73,-21.624,51.357,-0.0034811,-1000000.0,-796.39,-24.174,0.0,28.519,6.4161,22.227,0.60338,0.0,-1606.19,0.0845,20.0
691,2024-11-22,0.0,0.0127,-11.55,-6.6,-8.44895833333333,0.0127,0.0,9.984e-32,0.0,-5.0664e-07,-3.865,121.73,-21.624,51.357,-0.0034816,-1000000.0,-796.39,-24.175,0.0,28.519,6.4161,22.227,0.60338,0.0,-1606.19,0.0845,20.0
692,2024-11-23,0.0,0.02032,-12.325,-5.45,-8.29583333333333,0.02032,0.0,9.984e-32,0.0,-5.0664e-07,-3.8447,121.73,-21.624,51.357,-0.0034821,-1000000.0,-796.39,-24.176,0.0,28.519,6.4161,22.227,0.60338,0.0,-1606.19,0.0845,20.0
693,2024-11-24,0.0,0.01778,-17.625,-8.025,-11.8416666666667,0.01778,0.0,9.984e-32,0.0,-5.0664e-07,-3.8269,121.73,-21.624,51.357,-0.0034826,-1000000.0,-796.39,-24.177,0.0,28.519,6.4161,22.227,0.60338,0.0,-1606.19,0.0845,20.0
694,2024-11-25,0.0,0.01778,-16.125,-6.975,-12.503125,0.01778,0.0,9.984e-32,0.0,-5.0664e-07,-3.8092,121.73,-21.624,51.357,-0.0034831,-1000000.0,-796.39,-24.178,0.0,28.519,6.4161,22.227,0.60338,0.0,-1606.19,0.0845,20.0
695,2024-11-26,0.2805,0.0762,-15.125,6.225,-2.65625,0.0762,0.0,9.984e-32,0.0,-5.0664e-07,-3.733,121.73,-21.624,51.357,-0.0034836,-1000000.0,-796.39,-24.179,0.0,28.519,6.4161,22.227,0.60338,0.0,-1606.19,0.0845,20.0
696,2024-11-27,0.0,0.02286,-13.4,-3.525,-6.928125,0.02286,0.0,9.984e-32,0.0,-5.0664e-07,-3.7101,121.73,-21.624,51.357,-0.0034841,-1000000.0,-796.39,-24.18,0.0,28.519,6.4161,22.227,0.60338,0.0,-1606.19,0.0845,20.0
697,2024-11-28,0.0119,0.04064,-13.2,3.8,-6.37708333333333,0.04064,0.0,9.984e-32,0.0,-5.0664e-07,-3.6695,121.73,-21.624,51.357,-0.0034846,-1000000.0,-796.39,-24.181,0.0,28.519,6.4161,22.227,0.60338,0.0,-1606.19,0.0845,20.0
698,2024-11-29,0.0,0.01778,-15.55,-7.675,-11.6479166666667,0.01778,0.0,9.984e-32,0.0,-5.0664e-07,-3.6517,121.73,-21.624,51.357,-0.0034851,-1000000.0,-796.39,-24.182,0.0,28.519,6.4161,22.227,0.60338,0.0,-1606.19,0.0845,20.0
699,2024-11-30,0.0,0.11938,-14.65,4.725,0.494791666666667,0.11938,0.0,9.984e-32,0.0,-5.0664e-07,-3.5323,121.73,-21.624,51.357,-0.0034856,-1000000.0,-796.39,-24.183,0.0,28.519,6.4161,22.227,0.60338,0.0,-1606.19,0.0845,20.0
700,2024-12-01,0.0,0.03302,-18.475,0.575,-11.190625,0.03302,0.0,9.984e-32,0.0,-5.0664e-07,-3.4993,121.73,-21.624,51.357,-0.0034862,-1000000.0,-796.39,-24.184,0.0,28.519,6.4161,22.227,0.60338,0.0,-1606.19,0.0845,20.0
701,2024-12-02,0.0,0.08128,-17.525,9.175,-4.25416666666667,0.08128,0.0,9.984e-32,0.0,-5.0664e-07,-3.418,121.73,-21.624,51.357,-0.0034867,-1000000.0,-796.39,-24.185,0.0,28.519,6.4161,22.227,0.60338,0.0,-1606.19,0.0845,20.0
702,2024-12-03,0.0,0.15748,-4.2,12.9,3.23958333333333,0.15748,0.0,9.984e-32,0.0,-5.0664e-07,-3.2605,121.73,-21.624,51.357,-0.0034872,-1000000.0,-796.39,-24.186,0.0,28.519,6.4161,22.227,0.60338,0.0,-1606.19,0.0845,20.0
703,2024-12-04,0.0,0.04826,-7.125,9.45,0.595833333333333,0.04826,0.0,9.984e-32,0.0,-5.0664e-07,-3.2123,121.73,-21.624,51.357,-0.0034877,-1000000.0,-796.39,-24.187,0.0,28.519,6.4161,22.227,0.60338,0.0,-1606.19,0.0845,20.0
704,2024-12-05,0.0,0.18034,-7.7,13.975,4.06354166666667,0.18034,0.0,9.984e-32,0.0,-5.0664e-07,-3.0319,121.73,-21.624,51.357,-0.0034882,-1000000.0,-796.39,-24.188,0.0,28.519,6.4161,22.227,0.60338,0.0,-1606.19,0.0845,20.0
705,2024-12-06,0.0,0.28956,4.025,13.8,8.015625,0.28956,0.0,9.984e-32,0.0,-5.0664e-07,-2.7424,121.73,-21.624,51.357,-0.0034887,-1000000.0,-796.39,-24.189,0.0,28.519,6.4161,22.227,0.60338,0.0,-1606.19,0.0845,20.0
706,2024-12-07,0.0,0.36576,7.625,14.2,10.95,0.36576,0.0,9.984e-32,0.0,-5.0664e-07,-2.3766,121.73,-21.624,51.357,-0.0034892,-1000000.0,-796.39,-24.191,0.0,28.519,6.4161,22.227,0.60338,0.0,-1606.19,0.0845,20.0
707,2024-12-08,0.0,0.12954,-2.8,7.3,2.18020833333333,0.12954,0.0,9.984e-32,0.0,-5.0664e-07,-2.2471,121.73,-21.624,51.357,-0.0034897,-1000000.0,-796.39,-24.192,0.0,28.519,6.4161,22.227,0.60338,0.0,-1606.19,0.0845,20.0
708,2024-12-09,0.0,0.05842,-6.425,4.475,-1.75104166666667,0.05842,0.0,9.984e-32,0.0,-5.0664e-07,-2.1886,121.73,-21.624,51.357,-0.0034902,-1000000.0,-796.39,-24.193,0.0,28.519,6.416,22.227,0.60338,0.0,-1606.19,0.0845,20.0
709,2024-12-10,0.0,0.06858,-6.675,2.775,-1.2125,0.06858,0.0,9.984e-32,0.0,-5.0664e-07,-2.1201,121.73,-21.624,51.357,-0.0034907,-1000000.0,-796.39,-24.194,0.0,28.519,6.416,22.227,0.60338,0.0,-1606.19,0.0845,20.0
710,2024-12-11,0.0,0.10668,-0.55,8.075,3.07916666666667,0.10668,0.0,9.984e-32,0.0,-5.0664e-07,-2.0134,121.73,-21.624,51.357,-0.0034912,-1000000.0,-796.39,-24.195,0.0,28.519,6.416,22.227,0.60338,0.0,-1606.19,0.0845,20.0
711,2024-12-12,0.0,0.05588,-8.525,7.4,-1.64479166666667,0.05588,0.0,9.984e-32,0.0,-5.0664e-07,-1.9575,121.73,-21.624,51.357,-0.0034917,-1000000.0,-796.39,-24.196,0.0,28.519,6.416,22.227,0.60338,0.0,-1606.19,0.0845,20.0
712,2024-12-13,0.0,0.13462,-5.975,8.875,1.35416666666667,0.13462,0.0,9.984e-32,0.0,-5.0664e-07,-1.8229,121.73,-21.624,51.357,-0.0034922,-1000000.0,-796.39,-24.197,0.0,28.519,6.416,22.227,0.60338,0.0,-1606.19,0.0845,20.0
713,2024-12-14,0.0,0.18542,-2.075,10.15,4.35833333333333,0.18542,0.0,9.984e-32,0.0,-5.0664e-07,-1.6375,121.73,-21.624,51.357,-0.0034927,-1000000.0,-796.39,-24.198,0.0,28.519,6.416,22.227,0.60338,0.0,-1606.19,0.0845,20.0
714,2024-12-15,0.0,0.10922,-2.55,4.65,1.23958333333333,0.10922,0.0,9.984e-32,0.0,-5.0664e-07,-1.5282,121.73,-21.624,51.357,-0.0034932,-1000000.0,-796.39,-24.199,0.0,28.519,6.416,22.227,0.60338,0.0,-1606.19,0.0845,20.0
715,2024-12-16,0.0,0.05842,-7.225,-0.025,-3.25416666666667,0.05842,0.0,9.984e-32,0.0,-5.0664e-07,-1.4698,121.73,-21.624,51.357,-0.0034938,-1000000.0,-796.39,-24.2,0.0,28.519,6.416,22.227,0.60338,0.0,-1606.19,0.0845,20.0
716,2024-12-17,0.0,0.02032,-9.3,-4.675,-6.98541666666667,0.02032,0.0,9.984e-32,0.0,-5.0664e-07,-1.4495,121.73,-21.624,51.357,-0.0034943,-1000000.0,-796.39,-24.201,0.0,28.519,6.416,22.227,0.60338,0.0,-1606.19,0.0845,20.0
717,2024-12-18,0.0,0.17272,-11.025,10.75,1.13854166666667,0.17272,0.0,9.984e-32,0.0,-5.0664e-07,-1.2768,121.73,-21.624,51.357,-0.0034948,-1000000.0,-796.39,-24.202,0.0,28.519,6.416,22.227,0.60338,0.0,-1606.19,0.0845,20.0
718,2024-12-19,0.0,0.12192,-12.825,9.125,-1.403125,0.12192,0.0,9.984e-32,0.0,-5.0664e-07,-1.1549,121.73,-21.624,51.357,-0.0034953,-1000000.0,-796.39,-24.203,0.0,28.519,6.416,22.227,0.60338,0.0,-1606.19,0.0845,20.0
719,2024-12-20,0.0,0.21844,3.675,16.325,8.503125,0.21844,0.0,9.984e-32,0.0,-5.0664e-07,-0.93642,121.73,-21.624,51.357,-0.0034958,-1000000.0,-796.39,-24.204,0.0,28.519,6.416,22.227,0.60338,0.0,-1606.19,0.0845,20.0
720,2024-12-21,0.0,0.25146,6.375,11.775,8.81875,0.25146,0.0,9.984e-32,0.0,-5.0664e-07,-0.68496,121.73,-21.624,51.357,-0.0034963,-1000000.0,-796.39,-24.205,0.0,28.519,6.416,22.227,0.60338,0.0,-1606.19,0.0845,20.0
721,2024-12-22,0.0,0.17272,0.075,9.475,4.3375,0.17272,0.0,9.984e-32,0.0,-5.0664e-07,-0.51224,121.73,-21.624,51.357,-0.0034968,-1000000.0,-796.39,-24.206,0.0,28.519,6.416,22.227,0.60338,0.0,-1606.19,0.0845,20.0
722,2024-12-23,0.0,0.19812,0.425,10.325,4.85520833333333,0.19812,0.0,9.984e-32,0.0,-5.0664e-07,-0.31412,121.73,-21.624,51.357,-0.0034973,-1000000.0,-796.39,-24.208,0.0,28.519,6.416,22.227,0.60338,0.0,-1606.19,0.0845,20.0
723,2024-12-24,0.0,0.18796,-2.8,10.975,4.34375,0.18796,0.0,9.984e-32,0.0,-5.0664e-07,-0.12616,121.73,-21.624,51.357,-0.0034978,-1000000.0,-796.39,-24.209,0.0,28.519,6.416,22.227,0.60338,0.0,-1606.19,0.0845,20.0
724,2024-12-25,0.0,0.2032,-0.1,7.125,3.17916666666667,0.2032,0.0,9.984e-32,0.0,-5.0664e-07,0.077037,121.73,-21.624,51.357,-0.0034983,-1000000.0,-796.39,-24.21,0.0,28.519,6.416,22.227,0.60338,0.0,-1606.19,0.0845,20.0
725,2024-12-26,0.0,0.21844,1.55,6.75,3.684375,0.21844,0.0,9.984e-32,0.0,-5.0664e-07,0.29548,121.73,-21.624,51.357,-0.0034988,-1000000.0,-796.39,-24.211,0.0,28.519,6.416,22.227,0.60338,0.0,-1606.19,0.0845,20.0
726,2024-12-27,0.0,0.17526,-1.475,6.175,2.21770833333333,0.17526,0.0,9.984e-32,0.0,-5.0664e-07,0.47074,121.73,-21.624,51.357,-0.0034993,-1000000.0,-796.39,-24.212,0.0,28.519,6.416,22.227,0.60338,0.0,-1606.19,0.0845,20.0
727,2024-12-28,0.0,0.20574,1.4,9.45,4.14791666666667,0.20574,0.0,9.984e-32,0.0,-5.0664e-07,0.67648,121.73,-21.624,51.357,-0.0034998,-1000000.0,-796.39,-24.213,0.0,28.519,6.416,22.227,0.60338,0.0,-1606.19,0.0845,20.0
728,2024-12-29,0.1003,0.07874,-4.1,4.5,1.5125,0.07874,0.0,9.984e-32,0.0,-5.0664e-07,0.75522,121.73,-21.624,51.357,-0.0035003,-1000000.0,-796.39,-24.214,0.0,28.519,6.416,22.227,0.60338,0.0,-1606.19,0.0845,20.0
729,2024-12-30,0.0,0.01524,-7.6,-1.525,-4.54270833333333,0.01524,0.0,9.984e-32,0.0,-5.0664e-07,0.77046,121.73,-21.624,51.357,-0.0035008,-1000000.0,-796.39,-24.215,0.0,28.519,6.416,22.227,0.60338,0.0,-1606.19,0.0845,20.0
730,2024-12-31,0.0,0.0,-9.275,-2.3,-6.24583333333333,0.0,0.0,9.984e-32,0.0,-5.0664e-07,0.77046,121.73,-21.624,51.357,-0.0035014,-1000000.0,-796.39,-24.216,0.0,28.519,6.416,22.227,0.60338,0.0,-1606.19,0.0845,20.0
731,2025-01-01,0.0,0.0127,-13.4,-7.125,-10.69375,0.0127,0.0,9.984e-32,0.0,-5.0664e-07,0.78316,121.73,-21.624,51.357,-0.0035019,-1000000.0,-796.39,-24.217,0.0,28.519,6.416,22.227,0.60338,0.0,-1606.19,0.0845,20.0
732,2025-01-02,0.0,0.0127,-13.5,-9.725,-12.5635416666667,0.0127,0.0,9.984e-32,0.0,-5.0664e-07,0.79586,121.73,-21.624,51.357,-0.0035024,-1000000.0,-796.39,-24.218,0.0,28.519,6.416,22.227,0.60338,0.0,-1606.19,0.0845,20.0
733,2025-01-03,0.0,0.0127,-15.0,-11.325,-12.9666666666667,0.0127,0.0,9.984e-32,0.0,-5.0664e-07,0.80856,121.73,-21.624,51.357,-0.0035029,-1000000.0,-796.39,-24.219,0.0,28.519,6.416,22.227,0.60338,0.0,-1606.19,0.0845,20.0
734,2025-01-04,0.0,0.01016,-21.325,-11.175,-14.390625,0.01016,0.0,9.984e-32,0.0,-5.0664e-07,0.81872,121.73,-21.624,51.357,-0.0035034,-1000000.0,-796.39,-24.22,0.0,28.519,6.416,22.227,0.60338,0.0,-1606.19,0.0845,20.0
735,2025-01-05,0.0,0.00508,-22.6,-9.125,-14.8458333333333,0.00508,0.0,9.984e-32,0.0,-5.0664e-07,0.8238,121.73,-21.624,51.357,-0.0035039,-1000000.0,-796.39,-24.221,0.0,28.519,6.416,22.227,0.60338,0.0,-1606.19,0.0845,20.0
736,2025-01-06,0.0,0.01524,-11.125,-4.6,-8.06354166666667,0.01524,0.0,9.984e-32,0.0,-5.0664e-07,0.83904,121.73,-21.624,51.357,-0.0035044,-1000000.0,-796.39,-24.222,0.0,28.519,6.416,22.227,0.60338,0.0,-1606.19,0.0845,20.0
737,2025-01-07,0.0,0.07112,-11.65,-0.85,-4.471875,0.07112,0.0,9.984e-32,0.0,-5.0664e-07,0.91016,121.73,-21.624,51.357,-0.0035049,-1000000.0,-796.39,-24.223,0.0,28.519,6.416,22.227,0.60338,0.0,-1606.19,0.0845,20.0
738,2025-01-08,0.0374,0.10668,-0.35,3.4,1.278125,0.10668,0.0,9.984e-32,0.0,-5.0664e-07,1.0168,121.73,-21.624,51.357,-0.0035054,-1000000.0,-796.39,-24.224,0.0,28.519,6.416,22.227,0.60338,0.0,-1606.19,0.0845,20.0
739,2025-01-09,0.0,0.06604,-3.7,1.125,-1.515625,0.06604,0.0,9.984e-32,0.0,-5.0664e-07,1.0829,121.73,-21.624,51.357,-0.0035059,-1000000.0,-796.39,-24.225,0.0,28.519,6.416,22.227,0.60338,0.0,-1606.19,0.0845,20.0
740,2025-01-10,0.0,0.1905,-1.075,6.375,2.36354166666667,0.1905,0.0,9.984e-32,0.0,-5.0664e-07,1.2734,121.73,-21.624,51.357,-0.0035064,-1000000.0,-796.39,-24.227,0.0,28.519,6.416,22.227,0.60338,0.0,-1606.19,0.0845,20.0
741,2025-01-11,0.0085,0.04572,-1.725,2.475,-0.375,0.04572,0.0,9.984e-32,0.0,-5.0664e-07,1.3191,121.73,-21.624,51.357,-0.0035069,-1000000.0,-796.39,-24.228,0.0,28.519,6.416,22.227,0.60338,0.0,-1606.19,0.0845,20.0
742,2025-01-12,0.1139,0.02286,-6.675,0.3,-2.18229166666667,0.02286,0.0,9.984e-32,0.0,-5.0664e-07,1.342,121.73,-21.624,51.357,-0.0035074,-1000000.0,-796.39,-24.229,0.0,28.519,6.416,22.227,0.60338,0.0,-1606.19,0.0845,20.0
743,2025-01-13,0.0,0.05588,-5.925,0.575,-2.31666666666667,0.05588,0.0,9.984e-32,0.0,-5.0664e-07,1.3978,121.73,-21.624,51.357,-0.0035079,-1000000.0,-796.39,-24.23,0.0,28.519,6.416,22.227,0.60338,0.0,-1606.19,0.0845,20.0
744,2025-01-14,0.0,0.10668,-4.7,2.175,-0.8375,0.10668,0.0,9.984e-32,0.0,-5.0664e-07,1.5045,121.73,-21.624,51.357,-0.0035084,-1000000.0,-796.39,-24.231,0.0,28.519,6.416,22.227,0.60338,0.0,-1606.19,0.0845,20.0
745,2025-01-15,0.0,0.127,1.125,5.75,3.30729166666667,0.127,0.0,9.984e-32,0.0,-5.0664e-07,1.6315,121.73,-21.624,51.357,-0.003509,-1000000.0,-796.39,-24.232,0.0,28.519,6.416,22.227,0.60338,0.0,-1606.19,0.0845,20.0
746,2025-01-16,0.0,0.20574,-0.475,9.85,5.20208333333333,0.20574,0.0,9.984e-32,0.0,-5.0664e-07,1.8373,121.73,-21.624,51.357,-0.0035095,-1000000.0,-796.39,-24.233,0.0,28.519,6.416,22.227,0.60338,0.0,-1606.19,0.0845,20.0
747,2025-01-17,0.0102,0.04064,-13.675,-1.05,-8.821875,0.04064,0.0,9.984e-32,0.0,-5.0664e-07,1.8779,121.73,-21.624,51.357,-0.00351,-1000000.0,-796.39,-24.234,0.0,28.519,6.416,22.227,0.60338,0.0,-1606.19,0.0845,20.0
748,2025-01-18,0.0,0.02032,-23.275,-11.45,-15.8322916666667,0.02032,0.0,9.984e-32,0.0,-5.0664e-07,1.8982,121.73,-21.624,51.357,-0.0035105,-1000000.0,-796.39,-24.235,0.0,28.519,6.416,22.227,0.60338,0.0,-1606.19,0.0845,20.0
749,2025-01-19,0.0,0.01778,-25.5,-12.125,-19.7854166666667,0.01778,0.0,9.984e-32,0.0,-5.0664e-07,1.916,121.73,-21.624,51.357,-0.003511,-1000000.0,-796.39,-24.236,0.0,28.519,6.416,22.227,0.60338,0.0,-1606.19,0.0845,20.0
750,2025-01-20,0.0,0.05588,-25.125,-7.125,-15.5979166666667,0.05588,0.0,9.984e-32,0.0,-5.0664e-07,1.9719,121.73,-21.624,51.357,-0.0035115,-1000000.0,-796.39,-24.237,0.0,28.519,6.416,22.227,0.60338,0.0,-1606.19,0.0845,20.0
751,2025-01-21,0.0,0.14986,-6.725,0.8,-3.21979166666667,0.14986,0.0,9.984e-32,0.0,-5.0664e-07,2.1217,121.73,-21.624,51.357,-0.003512,-1000000.0,-796.39,-24.238,0.0,28.519,6.416,22.227,0.60338,0.0,-1606.19,0.0845,20.0
752,2025-01-22,0.0,0.04572,-12.475,-1.4,-5.309375,0.04572,0.0,9.984e-32,0.0,-5.0664e-07,2.1675,121.73,-21.624,51.357,-0.0035125,-1000000.0,-796.39,-24.239,0.0,28.519,6.416,22.227,0.60338,0.0,-1606.19,0.0845,20.0
753,2025-01-23,0.0,0.15494,-9.2,1.875,-2.871875,0.15494,0.0,9.984e-32,0.0,-5.0664e-07,2.3224,121.73,-21.624,51.357,-0.003513,-1000000.0,-796.39,-24.24,0.0,28.519,6.416,22.227,0.60338,0.0,-1606.19,0.0845,20.0
754,2025-01-24,0.0663,0.02794,-8.5,-0.275,-4.25208333333333,0.02794,0.0,9.984e-32,0.0,-5.0664e-07,2.3503,121.73,-21.624,51.357,-0.0035135,-1000000.0,-796.39,-24.241,0.0,28.519,6.416,22.227,0.60338,0.0,-1606.19,0.0845,20.0
755,2025-01-25,0.0,0.03302,-14.9,-4.35,-9.99583333333333,0.03302,0.0,9.984e-32,0.0,-5.0664e-07,2.3834,121.73,-21.624,51.357,-0.003514,-1000000.0,-796.39,-24.242,0.0,28.519,6.416,22.227,0.60338,0.0,-1606.19,0.0845,20.0
