 ******* Program HYDRUS
 ******* 
 None                                                                    
 Date:  16. 1.    Time:  15:21: 4
 Units: L = mm   , T = days , M = mmol 

       Time          rTop        rRoot        vTop         vRoot        vBot       sum(rTop)   sum(rRoot)    sum(vTop)   sum(vRoot)    sum(vBot)      hTop         hRoot        hBot        RunOff    sum(RunOff)     Volume     sum(Infil)    sum(Evap) TLevel Cum(WTrans)  SnowLayer
        [T]         [L/T]        [L/T]        [L/T]        [L/T]        [L/T]         [L]          [L]          [L]         [L]           [L]         [L]           [L]         [L]          [L/T]         [L]          [L]          [L]          [L]

       1.0000  0.00000E+00  0.00000E+00 -0.70140E-08  0.00000E+00 -0.49437E-03  0.00000E+00  0.00000E+00  0.36060E-08  0.00000E+00 -0.59199E-03 -0.16599E+02 -0.75421E+01 -0.16776E+02  0.00000E+00  0.00000E+00  0.32851E+02  0.00000E+00  0.57102E-08      3  0.00000E+00      0.000
       2.0000  0.35560E-01  0.00000E+00  0.35560E-01  0.00000E+00 -0.26089E-03  0.35560E-01  0.00000E+00  0.35560E-01  0.00000E+00 -0.93883E-03 -0.71033E+02 -0.75683E+01 -0.17802E+02  0.00000E+00  0.00000E+00  0.32815E+02  0.00000E+00  0.35560E-01      9  0.00000E+00      0.000
       3.0000  0.10668E+00  0.00000E+00  0.10668E+00  0.00000E+00 -0.13953E-03  0.14224E+00  0.00000E+00  0.14224E+00  0.00000E+00 -0.11180E-02 -0.36609E+03 -0.75923E+01 -0.18338E+02  0.00000E+00  0.00000E+00  0.32709E+02  0.00000E+00  0.14224E+00     13  0.00000E+00      0.000
       4.0000  0.76200E-01  0.00000E+00  0.62836E-03  0.00000E+00 -0.73052E-04  0.21844E+00  0.00000E+00  0.20908E+00  0.00000E+00 -0.12163E-02 -0.10000E+07 -0.76381E+01 -0.18632E+02  0.00000E+00  0.00000E+00  0.32642E+02  0.00000E+00  0.20908E+00     25  0.00000E+00      0.000
       5.0000  0.33020E-01  0.00000E+00  0.61649E-03  0.00000E+00 -0.48424E-04  0.25146E+00  0.00000E+00  0.20970E+00  0.00000E+00 -0.12707E-02 -0.10000E+07 -0.76346E+01 -0.18784E+02  0.00000E+00  0.00000E+00  0.32641E+02  0.00000E+00  0.20970E+00     33  0.00000E+00      0.000
       6.0000  0.48260E-01  0.00000E+00  0.60165E-03  0.00000E+00 -0.47252E-04  0.29972E+00  0.00000E+00  0.21031E+00  0.00000E+00 -0.13183E-02 -0.10000E+07 -0.76306E+01 -0.18903E+02  0.00000E+00  0.00000E+00  0.32640E+02  0.00000E+00  0.21031E+00     36  0.00000E+00      0.000
       7.0000  0.12700E+00  0.00000E+00  0.58476E-03  0.00000E+00 -0.46104E-04  0.42672E+00  0.00000E+00  0.21090E+00  0.00000E+00 -0.13647E-02 -0.10000E+07 -0.76261E+01 -0.19018E+02  0.00000E+00  0.00000E+00  0.32640E+02  0.00000E+00  0.21090E+00     38  0.00000E+00      0.000
       8.0000  0.18542E+00  0.00000E+00  0.56659E-03  0.00000E+00 -0.45002E-04  0.61214E+00  0.00000E+00  0.21147E+00  0.00000E+00 -0.14100E-02 -0.10000E+07 -0.76209E+01 -0.19130E+02  0.00000E+00  0.00000E+00  0.32639E+02  0.00000E+00  0.21147E+00     40  0.00000E+00      0.000
       9.0000  0.17780E+00  0.00000E+00  0.54757E-03  0.00000E+00 -0.43929E-04  0.78994E+00  0.00000E+00  0.21202E+00  0.00000E+00 -0.14542E-02 -0.10000E+07 -0.76151E+01 -0.19240E+02  0.00000E+00  0.00000E+00  0.32638E+02  0.00000E+00  0.21202E+00     42  0.00000E+00      0.000
      10.0000  0.96520E-01  0.00000E+00  0.52815E-03  0.00000E+00 -0.42856E-04  0.88646E+00  0.00000E+00  0.21255E+00  0.00000E+00 -0.14973E-02 -0.10000E+07 -0.76089E+01 -0.19347E+02  0.00000E+00  0.00000E+00  0.32638E+02  0.00000E+00  0.21255E+00     44  0.00000E+00      0.000
      11.0000  0.45720E-01  0.00000E+00  0.50860E-03  0.00000E+00 -0.41842E-04  0.93218E+00  0.00000E+00  0.21307E+00  0.00000E+00 -0.15394E-02 -0.10000E+07 -0.76018E+01 -0.19452E+02  0.00000E+00  0.00000E+00  0.32637E+02  0.00000E+00  0.21307E+00     46  0.00000E+00      0.000
      12.0000  0.19304E+00  0.00000E+00  0.48916E-03  0.00000E+00 -0.40829E-04  0.11252E+01  0.00000E+00  0.21356E+00  0.00000E+00 -0.15805E-02 -0.10000E+07 -0.75944E+01 -0.19554E+02  0.00000E+00  0.00000E+00  0.32637E+02  0.00000E+00  0.21356E+00     48  0.00000E+00      0.000
      13.0000  0.23114E+00  0.00000E+00  0.46997E-03  0.00000E+00 -0.39846E-04  0.13564E+01  0.00000E+00  0.21404E+00  0.00000E+00 -0.16206E-02 -0.10000E+07 -0.75862E+01 -0.19653E+02  0.00000E+00  0.00000E+00  0.32636E+02  0.00000E+00  0.21404E+00     50  0.00000E+00      0.000
      14.0000  0.17272E+00  0.00000E+00  0.45113E-03  0.00000E+00 -0.38892E-04  0.15291E+01  0.00000E+00  0.21449E+00  0.00000E+00 -0.16597E-02 -0.10000E+07 -0.75774E+01 -0.19750E+02  0.00000E+00  0.00000E+00  0.32636E+02  0.00000E+00  0.21449E+00     52  0.00000E+00      0.000
      15.0000  0.33020E-01  0.00000E+00  0.43273E-03  0.00000E+00 -0.37968E-04  0.15621E+01  0.00000E+00  0.21493E+00  0.00000E+00 -0.16979E-02 -0.10000E+07 -0.75681E+01 -0.19845E+02  0.00000E+00  0.00000E+00  0.32635E+02  0.00000E+00  0.21493E+00     54  0.00000E+00      0.000
      16.0000  0.20320E-01  0.00000E+00  0.41480E-03  0.00000E+00 -0.37044E-04  0.15824E+01  0.00000E+00  0.21535E+00  0.00000E+00 -0.17352E-02 -0.10000E+07 -0.75583E+01 -0.19938E+02  0.00000E+00  0.00000E+00  0.32635E+02  0.00000E+00  0.21535E+00     56  0.00000E+00      0.000
      17.0000  0.43180E-01  0.00000E+00  0.39740E-03  0.00000E+00 -0.36150E-04  0.16256E+01  0.00000E+00  0.21575E+00  0.00000E+00 -0.17715E-02 -0.10000E+07 -0.75476E+01 -0.20028E+02  0.00000E+00  0.00000E+00  0.32634E+02  0.00000E+00  0.21575E+00     58  0.00000E+00      0.000
      18.0000  0.16002E+00  0.00000E+00  0.38054E-03  0.00000E+00 -0.35286E-04  0.17856E+01  0.00000E+00  0.21614E+00  0.00000E+00 -0.18070E-02 -0.10000E+07 -0.75362E+01 -0.20116E+02  0.00000E+00  0.00000E+00  0.32634E+02  0.00000E+00  0.21614E+00     60  0.00000E+00      0.000
      19.0000  0.10668E+00  0.00000E+00  0.36423E-03  0.00000E+00 -0.34451E-04  0.18923E+01  0.00000E+00  0.21650E+00  0.00000E+00 -0.18417E-02 -0.10000E+07 -0.75243E+01 -0.20202E+02  0.00000E+00  0.00000E+00  0.32634E+02  0.00000E+00  0.21650E+00     62  0.00000E+00      0.000
      20.0000  0.12700E+00  0.00000E+00  0.34848E-03  0.00000E+00 -0.33617E-04  0.20193E+01  0.00000E+00  0.21686E+00  0.00000E+00 -0.18755E-02 -0.10000E+07 -0.75115E+01 -0.20286E+02  0.00000E+00  0.00000E+00  0.32633E+02  0.00000E+00  0.21686E+00     64  0.00000E+00      0.000
      21.0000  0.18288E+00  0.00000E+00  0.33329E-03  0.00000E+00 -0.32812E-04  0.22022E+01  0.00000E+00  0.21719E+00  0.00000E+00 -0.19086E-02 -0.10000E+07 -0.74983E+01 -0.20368E+02  0.00000E+00  0.00000E+00  0.32633E+02  0.00000E+00  0.21719E+00     66  0.00000E+00      0.000
      22.0000  0.78740E-01  0.00000E+00  0.31867E-03  0.00000E+00 -0.32037E-04  0.22809E+01  0.00000E+00  0.21752E+00  0.00000E+00 -0.19408E-02 -0.10000E+07 -0.74840E+01 -0.20448E+02  0.00000E+00  0.00000E+00  0.32632E+02  0.00000E+00  0.21752E+00     68  0.00000E+00      0.000
      23.0000  0.88900E-01  0.00000E+00  0.30459E-03  0.00000E+00 -0.31263E-04  0.23698E+01  0.00000E+00  0.21782E+00  0.00000E+00 -0.19722E-02 -0.10000E+07 -0.74689E+01 -0.20526E+02  0.00000E+00  0.00000E+00  0.32632E+02  0.00000E+00  0.21782E+00     70  0.00000E+00      0.000
      24.0000  0.83820E-01  0.00000E+00  0.29106E-03  0.00000E+00 -0.30518E-04  0.24536E+01  0.00000E+00  0.21812E+00  0.00000E+00 -0.20029E-02 -0.10000E+07 -0.74534E+01 -0.20602E+02  0.00000E+00  0.00000E+00  0.32632E+02  0.00000E+00  0.21812E+00     72  0.00000E+00      0.000
      25.0000  0.60960E-01  0.00000E+00  0.27806E-03  0.00000E+00 -0.29773E-04  0.25146E+01  0.00000E+00  0.21840E+00  0.00000E+00 -0.20329E-02 -0.10000E+07 -0.74369E+01 -0.20677E+02  0.00000E+00  0.00000E+00  0.32631E+02  0.00000E+00  0.21840E+00     74  0.00000E+00      0.000
      26.0000  0.15240E+00  0.00000E+00  0.26558E-03  0.00000E+00 -0.29057E-04  0.26670E+01  0.00000E+00  0.21867E+00  0.00000E+00 -0.20621E-02 -0.10000E+07 -0.74193E+01 -0.20749E+02  0.00000E+00  0.00000E+00  0.32631E+02  0.00000E+00  0.21867E+00     76  0.00000E+00      0.000
      27.0000  0.45720E-01  0.00000E+00  0.25362E-03  0.00000E+00 -0.28372E-04  0.27127E+01  0.00000E+00  0.21892E+00  0.00000E+00 -0.20907E-02 -0.10000E+07 -0.74011E+01 -0.20820E+02  0.00000E+00  0.00000E+00  0.32631E+02  0.00000E+00  0.21892E+00     78  0.00000E+00      0.000
      28.0000  0.34290E-01  0.00000E+00  0.24215E-03  0.00000E+00 -0.27686E-04  0.27470E+01  0.00000E+00  0.21917E+00  0.00000E+00 -0.21185E-02 -0.10000E+07 -0.73818E+01 -0.20889E+02  0.00000E+00  0.00000E+00  0.32631E+02  0.00000E+00  0.21917E+00     80  0.00000E+00      0.000
      29.0000  0.22860E-01  0.00000E+00  0.23115E-03  0.00000E+00 -0.27031E-04  0.27699E+01  0.00000E+00  0.21940E+00  0.00000E+00 -0.21457E-02 -0.10000E+07 -0.73617E+01 -0.20957E+02  0.00000E+00  0.00000E+00  0.32630E+02  0.00000E+00  0.21940E+00     82  0.00000E+00      0.000
      30.0000  0.55880E-01  0.00000E+00  0.22063E-03  0.00000E+00 -0.26375E-04  0.28257E+01  0.00000E+00  0.21963E+00  0.00000E+00 -0.21722E-02 -0.10000E+07 -0.73405E+01 -0.21023E+02  0.00000E+00  0.00000E+00  0.32630E+02  0.00000E+00  0.21963E+00     84  0.00000E+00      0.000
      31.0000  0.10414E+00  0.00000E+00  0.21057E-03  0.00000E+00 -0.25749E-04  0.29299E+01  0.00000E+00  0.21984E+00  0.00000E+00 -0.21981E-02 -0.10000E+07 -0.73183E+01 -0.21087E+02  0.00000E+00  0.00000E+00  0.32630E+02  0.00000E+00  0.21984E+00     86  0.00000E+00      0.000
      32.0000  0.11176E+00  0.00000E+00  0.20093E-03  0.00000E+00 -0.25123E-04  0.30416E+01  0.00000E+00  0.22004E+00  0.00000E+00 -0.22234E-02 -0.10000E+07 -0.72957E+01 -0.21150E+02  0.00000E+00  0.00000E+00  0.32630E+02  0.00000E+00  0.22004E+00     88  0.00000E+00      0.000
      33.0000  0.14478E+00  0.00000E+00  0.19173E-03  0.00000E+00 -0.24527E-04  0.31864E+01  0.00000E+00  0.22024E+00  0.00000E+00 -0.22481E-02 -0.10000E+07 -0.72718E+01 -0.21211E+02  0.00000E+00  0.00000E+00  0.32629E+02  0.00000E+00  0.22024E+00     90  0.00000E+00      0.000
      34.0000  0.26162E+00  0.00000E+00  0.18293E-03  0.00000E+00 -0.23931E-04  0.34480E+01  0.00000E+00  0.22042E+00  0.00000E+00 -0.22722E-02 -0.10000E+07 -0.72470E+01 -0.21271E+02  0.00000E+00  0.00000E+00  0.32629E+02  0.00000E+00  0.22042E+00     92  0.00000E+00      0.000
      35.0000  0.19304E+00  0.00000E+00  0.17453E-03  0.00000E+00 -0.23365E-04  0.36411E+01  0.00000E+00  0.22060E+00  0.00000E+00 -0.22957E-02 -0.10000E+07 -0.72219E+01 -0.21329E+02  0.00000E+00  0.00000E+00  0.32629E+02  0.00000E+00  0.22060E+00     94  0.00000E+00      0.000
      36.0000  0.20066E+00  0.00000E+00  0.16651E-03  0.00000E+00 -0.22799E-04  0.38417E+01  0.00000E+00  0.22077E+00  0.00000E+00 -0.23186E-02 -0.10000E+07 -0.71958E+01 -0.21386E+02  0.00000E+00  0.00000E+00  0.32629E+02  0.00000E+00  0.22077E+00     96  0.00000E+00      0.000
      37.0000  0.15240E+00  0.00000E+00  0.15885E-03  0.00000E+00 -0.22233E-04  0.39941E+01  0.00000E+00  0.22093E+00  0.00000E+00 -0.23410E-02 -0.10000E+07 -0.71689E+01 -0.21442E+02  0.00000E+00  0.00000E+00  0.32629E+02  0.00000E+00  0.22093E+00     98  0.00000E+00      0.000
      38.0000  0.21336E+00  0.00000E+00  0.15155E-03  0.00000E+00 -0.21696E-04  0.42075E+01  0.00000E+00  0.22108E+00  0.00000E+00 -0.23628E-02 -0.10000E+07 -0.71416E+01 -0.21496E+02  0.00000E+00  0.00000E+00  0.32628E+02  0.00000E+00  0.22108E+00    100  0.00000E+00      0.000
      39.0000  0.10414E+00  0.00000E+00  0.14458E-03  0.00000E+00 -0.21189E-04  0.43116E+01  0.00000E+00  0.22123E+00  0.00000E+00 -0.23841E-02 -0.10000E+07 -0.71138E+01 -0.21549E+02  0.00000E+00  0.00000E+00  0.32628E+02  0.00000E+00  0.22123E+00    102  0.00000E+00      0.000
      40.0000  0.23622E+00  0.00000E+00  0.13793E-03  0.00000E+00 -0.20683E-04  0.45479E+01  0.00000E+00  0.22137E+00  0.00000E+00 -0.24049E-02 -0.10000E+07 -0.70852E+01 -0.21600E+02  0.00000E+00  0.00000E+00  0.32628E+02  0.00000E+00  0.22137E+00    104  0.00000E+00      0.000
      41.0000  0.27178E+00  0.00000E+00  0.13159E-03  0.00000E+00 -0.20176E-04  0.48197E+01  0.00000E+00  0.22150E+00  0.00000E+00 -0.24252E-02 -0.10000E+07 -0.70565E+01 -0.21651E+02  0.00000E+00  0.00000E+00  0.32628E+02  0.00000E+00  0.22150E+00    106  0.00000E+00      0.000
      42.0000  0.17780E+00  0.00000E+00  0.12555E-03  0.00000E+00 -0.19699E-04  0.49975E+01  0.00000E+00  0.22163E+00  0.00000E+00 -0.24451E-02 -0.10000E+07 -0.70273E+01 -0.21700E+02  0.00000E+00  0.00000E+00  0.32628E+02  0.00000E+00  0.22163E+00    108  0.00000E+00      0.000
      43.0000  0.31750E+00  0.00000E+00  0.11980E-03  0.00000E+00 -0.19222E-04  0.53150E+01  0.00000E+00  0.22175E+00  0.00000E+00 -0.24644E-02 -0.10000E+07 -0.69977E+01 -0.21748E+02  0.00000E+00  0.00000E+00  0.32628E+02  0.00000E+00  0.22175E+00    110  0.00000E+00      0.000
      44.0000  0.23622E+00  0.00000E+00  0.11432E-03  0.00000E+00 -0.18775E-04  0.55512E+01  0.00000E+00  0.22186E+00  0.00000E+00 -0.24833E-02 -0.10000E+07 -0.69682E+01 -0.21795E+02  0.00000E+00  0.00000E+00  0.32628E+02  0.00000E+00  0.22186E+00    112  0.00000E+00      0.000
      45.0000  0.66040E-01  0.00000E+00  0.10910E-03  0.00000E+00 -0.18328E-04  0.56172E+01  0.00000E+00  0.22197E+00  0.00000E+00 -0.25017E-02 -0.10000E+07 -0.69383E+01 -0.21841E+02  0.00000E+00  0.00000E+00  0.32627E+02  0.00000E+00  0.22197E+00    114  0.00000E+00      0.000
      46.0000  0.13208E+00  0.00000E+00  0.10413E-03  0.00000E+00 -0.17881E-04  0.57493E+01  0.00000E+00  0.22208E+00  0.00000E+00 -0.25197E-02 -0.10000E+07 -0.69081E+01 -0.21885E+02  0.00000E+00  0.00000E+00  0.32627E+02  0.00000E+00  0.22208E+00    116  0.00000E+00      0.000
      47.0000  0.28702E+00  0.00000E+00  0.99393E-04  0.00000E+00 -0.17434E-04  0.60363E+01  0.00000E+00  0.22218E+00  0.00000E+00 -0.25373E-02 -0.10000E+07 -0.68790E+01 -0.21929E+02  0.00000E+00  0.00000E+00  0.32627E+02  0.00000E+00  0.22218E+00    118  0.00000E+00      0.000
      48.0000  0.24130E+00  0.00000E+00  0.94886E-04  0.00000E+00 -0.17017E-04  0.62776E+01  0.00000E+00  0.22228E+00  0.00000E+00 -0.25544E-02 -0.10000E+07 -0.68488E+01 -0.21971E+02  0.00000E+00  0.00000E+00  0.32627E+02  0.00000E+00  0.22228E+00    120  0.00000E+00      0.000
      49.0000  0.14478E+00  0.00000E+00  0.90600E-04  0.00000E+00 -0.16630E-04  0.64224E+01  0.00000E+00  0.22237E+00  0.00000E+00 -0.25711E-02 -0.10000E+07 -0.68188E+01 -0.22013E+02  0.00000E+00  0.00000E+00  0.32627E+02  0.00000E+00  0.22237E+00    122  0.00000E+00      0.000
      50.0000  0.16510E+00  0.00000E+00  0.86512E-04  0.00000E+00 -0.16212E-04  0.65875E+01  0.00000E+00  0.22246E+00  0.00000E+00 -0.25874E-02 -0.10000E+07 -0.67898E+01 -0.22053E+02  0.00000E+00  0.00000E+00  0.32627E+02  0.00000E+00  0.22246E+00    124  0.00000E+00      0.000
      51.0000  0.76200E-01  0.00000E+00  0.82626E-04  0.00000E+00 -0.15825E-04  0.66637E+01  0.00000E+00  0.22254E+00  0.00000E+00 -0.26033E-02 -0.10000E+07 -0.67611E+01 -0.22093E+02  0.00000E+00  0.00000E+00  0.32627E+02  0.00000E+00  0.22254E+00    126  0.00000E+00      0.000
      52.0000  0.66040E-01  0.00000E+00  0.78926E-04  0.00000E+00 -0.15438E-04  0.67297E+01  0.00000E+00  0.22262E+00  0.00000E+00 -0.26189E-02 -0.10000E+07 -0.67322E+01 -0.22132E+02  0.00000E+00  0.00000E+00  0.32627E+02  0.00000E+00  0.22262E+00    128  0.00000E+00      0.000
      53.0000  0.22860E-01  0.00000E+00  0.75409E-04  0.00000E+00 -0.15080E-04  0.67526E+01  0.00000E+00  0.22270E+00  0.00000E+00 -0.26340E-02 -0.10000E+07 -0.67032E+01 -0.22169E+02  0.00000E+00  0.00000E+00  0.32627E+02  0.00000E+00  0.22270E+00    130  0.00000E+00      0.000
      54.0000  0.17780E-01  0.00000E+00  0.72058E-04  0.00000E+00 -0.14722E-04  0.67704E+01  0.00000E+00  0.22277E+00  0.00000E+00 -0.26489E-02 -0.10000E+07 -0.66757E+01 -0.22206E+02  0.00000E+00  0.00000E+00  0.32626E+02  0.00000E+00  0.22277E+00    132  0.00000E+00      0.000
      55.0000  0.55880E-01  0.00000E+00  0.68869E-04  0.00000E+00 -0.14365E-04  0.68262E+01  0.00000E+00  0.22284E+00  0.00000E+00 -0.26633E-02 -0.10000E+07 -0.66486E+01 -0.22242E+02  0.00000E+00  0.00000E+00  0.32626E+02  0.00000E+00  0.22284E+00    134  0.00000E+00      0.000
      56.0000  0.18542E+00  0.00000E+00  0.65840E-04  0.00000E+00 -0.14007E-04  0.70117E+01  0.00000E+00  0.22290E+00  0.00000E+00 -0.26774E-02 -0.10000E+07 -0.66219E+01 -0.22277E+02  0.00000E+00  0.00000E+00  0.32626E+02  0.00000E+00  0.22290E+00    136  0.00000E+00      0.000
      57.0000  0.20066E+00  0.00000E+00  0.62953E-04  0.00000E+00 -0.13679E-04  0.72123E+01  0.00000E+00  0.22297E+00  0.00000E+00 -0.26912E-02 -0.10000E+07 -0.65951E+01 -0.22311E+02  0.00000E+00  0.00000E+00  0.32626E+02  0.00000E+00  0.22297E+00    138  0.00000E+00      0.000
      58.0000  0.14732E+00  0.00000E+00  0.60204E-04  0.00000E+00 -0.13351E-04  0.73596E+01  0.00000E+00  0.22303E+00  0.00000E+00 -0.27046E-02 -0.10000E+07 -0.65694E+01 -0.22344E+02  0.00000E+00  0.00000E+00  0.32626E+02  0.00000E+00  0.22303E+00    140  0.00000E+00      0.000
      59.0000  0.55880E-01  0.00000E+00  0.57587E-04  0.00000E+00 -0.13024E-04  0.74155E+01  0.00000E+00  0.22309E+00  0.00000E+00 -0.27177E-02 -0.10000E+07 -0.65447E+01 -0.22377E+02  0.00000E+00  0.00000E+00  0.32626E+02  0.00000E+00  0.22309E+00    142  0.00000E+00      0.000
      60.0000  0.12446E+00  0.00000E+00  0.55095E-04  0.00000E+00 -0.12726E-04  0.75400E+01  0.00000E+00  0.22314E+00  0.00000E+00 -0.27305E-02 -0.10000E+07 -0.65203E+01 -0.22409E+02  0.00000E+00  0.00000E+00  0.32626E+02  0.00000E+00  0.22314E+00    144  0.00000E+00      0.000
      61.0000  0.21844E+00  0.00000E+00  0.52727E-04  0.00000E+00 -0.12428E-04  0.77584E+01  0.00000E+00  0.22320E+00  0.00000E+00 -0.27430E-02 -0.10000E+07 -0.64973E+01 -0.22440E+02  0.00000E+00  0.00000E+00  0.32626E+02  0.00000E+00  0.22320E+00    146  0.00000E+00      0.000
      62.0000  0.15494E+00  0.00000E+00  0.50470E-04  0.00000E+00 -0.12130E-04  0.79134E+01  0.00000E+00  0.22325E+00  0.00000E+00 -0.27552E-02 -0.10000E+07 -0.64742E+01 -0.22470E+02  0.00000E+00  0.00000E+00  0.32626E+02  0.00000E+00  0.22325E+00    148  0.00000E+00      0.000
      63.0000  0.17526E+00  0.00000E+00  0.48320E-04  0.00000E+00 -0.11832E-04  0.80886E+01  0.00000E+00  0.22330E+00  0.00000E+00 -0.27671E-02 -0.10000E+07 -0.64518E+01 -0.22500E+02  0.00000E+00  0.00000E+00  0.32626E+02  0.00000E+00  0.22330E+00    150  0.00000E+00      0.000
      64.0000  0.35560E-01  0.00000E+00  0.46277E-04  0.00000E+00 -0.11533E-04  0.81242E+01  0.00000E+00  0.22334E+00  0.00000E+00 -0.27788E-02 -0.10000E+07 -0.64307E+01 -0.22528E+02  0.00000E+00  0.00000E+00  0.32626E+02  0.00000E+00  0.22334E+00    152  0.00000E+00      0.000
      65.0000  0.50800E-01  0.00000E+00  0.44325E-04  0.00000E+00 -0.11265E-04  0.81750E+01  0.00000E+00  0.22339E+00  0.00000E+00 -0.27901E-02 -0.10000E+07 -0.64099E+01 -0.22557E+02  0.00000E+00  0.00000E+00  0.32626E+02  0.00000E+00  0.22339E+00    154  0.00000E+00      0.000
      66.0000  0.60960E-01  0.00000E+00  0.42468E-04  0.00000E+00 -0.10997E-04  0.82360E+01  0.00000E+00  0.22343E+00  0.00000E+00 -0.28012E-02 -0.10000E+07 -0.63899E+01 -0.22584E+02  0.00000E+00  0.00000E+00  0.32626E+02  0.00000E+00  0.22343E+00    156  0.00000E+00      0.000
      67.0000  0.43180E-01  0.00000E+00  0.40700E-04  0.00000E+00 -0.10729E-04  0.82791E+01  0.00000E+00  0.22347E+00  0.00000E+00 -0.28119E-02 -0.10000E+07 -0.63712E+01 -0.22611E+02  0.00000E+00  0.00000E+00  0.32626E+02  0.00000E+00  0.22347E+00    158  0.00000E+00      0.000
      68.0000  0.63500E-01  0.00000E+00  0.39014E-04  0.00000E+00 -0.10461E-04  0.83426E+01  0.00000E+00  0.22351E+00  0.00000E+00 -0.28225E-02 -0.10000E+07 -0.63530E+01 -0.22637E+02  0.00000E+00  0.00000E+00  0.32626E+02  0.00000E+00  0.22351E+00    160  0.00000E+00      0.000
      69.0000  0.27940E-01  0.00000E+00  0.37403E-04  0.00000E+00 -0.10222E-04  0.83706E+01  0.00000E+00  0.22355E+00  0.00000E+00 -0.28328E-02 -0.10000E+07 -0.63357E+01 -0.22663E+02  0.00000E+00  0.00000E+00  0.32625E+02  0.00000E+00  0.22355E+00    162  0.00000E+00      0.000
      70.0000  0.50800E-01  0.00000E+00  0.35871E-04  0.00000E+00 -0.99838E-05  0.84214E+01  0.00000E+00  0.22359E+00  0.00000E+00 -0.28428E-02 -0.10000E+07 -0.63189E+01 -0.22687E+02  0.00000E+00  0.00000E+00  0.32625E+02  0.00000E+00  0.22359E+00    164  0.00000E+00      0.000
      71.0000  0.66040E-01  0.00000E+00  0.34410E-04  0.00000E+00 -0.97454E-05  0.84874E+01  0.00000E+00  0.22362E+00  0.00000E+00 -0.28526E-02 -0.10000E+07 -0.63031E+01 -0.22712E+02  0.00000E+00  0.00000E+00  0.32625E+02  0.00000E+00  0.22362E+00    166  0.00000E+00      0.000
      72.0000  0.17272E+00  0.00000E+00  0.33014E-04  0.00000E+00 -0.95069E-05  0.86601E+01  0.00000E+00  0.22365E+00  0.00000E+00 -0.28622E-02 -0.10000E+07 -0.62877E+01 -0.22736E+02  0.00000E+00  0.00000E+00  0.32625E+02  0.00000E+00  0.22365E+00    168  0.00000E+00      0.000
      73.0000  0.22098E+00  0.00000E+00  0.31683E-04  0.00000E+00 -0.92685E-05  0.88811E+01  0.00000E+00  0.22369E+00  0.00000E+00 -0.28715E-02 -0.10000E+07 -0.62730E+01 -0.22759E+02  0.00000E+00  0.00000E+00  0.32625E+02  0.00000E+00  0.22369E+00    170  0.00000E+00      0.000
      74.0000  0.93980E-01  0.00000E+00  0.30410E-04  0.00000E+00 -0.90599E-05  0.89751E+01  0.00000E+00  0.22372E+00  0.00000E+00 -0.28806E-02 -0.10000E+07 -0.62590E+01 -0.22781E+02  0.00000E+00  0.00000E+00  0.32625E+02  0.00000E+00  0.22372E+00    172  0.00000E+00      0.000
      75.0000  0.10922E+00  0.00000E+00  0.29201E-04  0.00000E+00 -0.88215E-05  0.90843E+01  0.00000E+00  0.22375E+00  0.00000E+00 -0.28895E-02 -0.10000E+07 -0.62460E+01 -0.22803E+02  0.00000E+00  0.00000E+00  0.32625E+02  0.00000E+00  0.22375E+00    174  0.00000E+00      0.000
      76.0000  0.13208E+00  0.00000E+00  0.28039E-04  0.00000E+00 -0.86129E-05  0.92164E+01  0.00000E+00  0.22377E+00  0.00000E+00 -0.28982E-02 -0.10000E+07 -0.62338E+01 -0.22825E+02  0.00000E+00  0.00000E+00  0.32625E+02  0.00000E+00  0.22377E+00    176  0.00000E+00      0.000
      77.0000  0.19304E+00  0.00000E+00  0.26931E-04  0.00000E+00 -0.84043E-05  0.94094E+01  0.00000E+00  0.22380E+00  0.00000E+00 -0.29066E-02 -0.10000E+07 -0.62222E+01 -0.22846E+02  0.00000E+00  0.00000E+00  0.32625E+02  0.00000E+00  0.22380E+00    178  0.00000E+00      0.000
      78.0000  0.15494E+00  0.00000E+00  0.25872E-04  0.00000E+00 -0.82254E-05  0.95644E+01  0.00000E+00  0.22383E+00  0.00000E+00 -0.29149E-02 -0.10000E+07 -0.62112E+01 -0.22866E+02  0.00000E+00  0.00000E+00  0.32625E+02  0.00000E+00  0.22383E+00    180  0.00000E+00      0.000
      79.0000  0.86360E-01  0.00000E+00  0.24861E-04  0.00000E+00 -0.80168E-05  0.96507E+01  0.00000E+00  0.22385E+00  0.00000E+00 -0.29230E-02 -0.10000E+07 -0.62010E+01 -0.22886E+02  0.00000E+00  0.00000E+00  0.32625E+02  0.00000E+00  0.22385E+00    182  0.00000E+00      0.000
      80.0000  0.12954E+00  0.00000E+00  0.23895E-04  0.00000E+00 -0.78380E-05  0.97803E+01  0.00000E+00  0.22388E+00  0.00000E+00 -0.29308E-02 -0.10000E+07 -0.61916E+01 -0.22906E+02  0.00000E+00  0.00000E+00  0.32625E+02  0.00000E+00  0.22388E+00    184  0.00000E+00      0.000
      81.0000  0.13970E+00  0.00000E+00  0.22970E-04  0.00000E+00 -0.76294E-05  0.99200E+01  0.00000E+00  0.22390E+00  0.00000E+00 -0.29385E-02 -0.10000E+07 -0.61828E+01 -0.22925E+02  0.00000E+00  0.00000E+00  0.32625E+02  0.00000E+00  0.22390E+00    186  0.00000E+00      0.000
      82.0000  0.20320E+00  0.00000E+00  0.22086E-04  0.00000E+00 -0.74506E-05  0.10123E+02  0.00000E+00  0.22392E+00  0.00000E+00 -0.29460E-02 -0.10000E+07 -0.61745E+01 -0.22944E+02  0.00000E+00  0.00000E+00  0.32625E+02  0.00000E+00  0.22392E+00    188  0.00000E+00      0.000
      83.0000  0.15494E+00  0.00000E+00  0.21237E-04  0.00000E+00 -0.72718E-05  0.10278E+02  0.00000E+00  0.22394E+00  0.00000E+00 -0.29533E-02 -0.10000E+07 -0.61667E+01 -0.22962E+02  0.00000E+00  0.00000E+00  0.32625E+02  0.00000E+00  0.22394E+00    190  0.00000E+00      0.000
      84.0000  0.11176E+00  0.00000E+00  0.20426E-04  0.00000E+00 -0.70930E-05  0.10390E+02  0.00000E+00  0.22396E+00  0.00000E+00 -0.29605E-02 -0.10000E+07 -0.61594E+01 -0.22980E+02  0.00000E+00  0.00000E+00  0.32625E+02  0.00000E+00  0.22396E+00    192  0.00000E+00      0.000
      85.0000  0.10922E+00  0.00000E+00  0.19643E-04  0.00000E+00 -0.69439E-05  0.10499E+02  0.00000E+00  0.22398E+00  0.00000E+00 -0.29674E-02 -0.10000E+07 -0.61525E+01 -0.22997E+02  0.00000E+00  0.00000E+00  0.32625E+02  0.00000E+00  0.22398E+00    194  0.00000E+00      0.000
      86.0000  0.17018E+00  0.00000E+00  0.18900E-04  0.00000E+00 -0.67651E-05  0.10669E+02  0.00000E+00  0.22400E+00  0.00000E+00 -0.29742E-02 -0.10000E+07 -0.61460E+01 -0.23014E+02  0.00000E+00  0.00000E+00  0.32625E+02  0.00000E+00  0.22400E+00    196  0.00000E+00      0.000
      87.0000  0.12192E+00  0.00000E+00  0.18182E-04  0.00000E+00 -0.66161E-05  0.10791E+02  0.00000E+00  0.22402E+00  0.00000E+00 -0.29809E-02 -0.10000E+07 -0.61400E+01 -0.23030E+02  0.00000E+00  0.00000E+00  0.32625E+02  0.00000E+00  0.22402E+00    198  0.00000E+00      0.000
      88.0000  0.12192E+00  0.00000E+00  0.17499E-04  0.00000E+00 -0.64373E-05  0.10913E+02  0.00000E+00  0.22404E+00  0.00000E+00 -0.29874E-02 -0.10000E+07 -0.61345E+01 -0.23046E+02  0.00000E+00  0.00000E+00  0.32625E+02  0.00000E+00  0.22404E+00    200  0.00000E+00      0.000
      89.0000  0.81280E-01  0.00000E+00  0.16842E-04  0.00000E+00 -0.62883E-05  0.10994E+02  0.00000E+00  0.22406E+00  0.00000E+00 -0.29937E-02 -0.10000E+07 -0.61294E+01 -0.23062E+02  0.00000E+00  0.00000E+00  0.32625E+02  0.00000E+00  0.22406E+00    202  0.00000E+00      0.000
      90.0000  0.19558E+00  0.00000E+00  0.16214E-04  0.00000E+00 -0.61393E-05  0.11190E+02  0.00000E+00  0.22407E+00  0.00000E+00 -0.29999E-02 -0.10000E+07 -0.61246E+01 -0.23077E+02  0.00000E+00  0.00000E+00  0.32625E+02  0.00000E+00  0.22407E+00    204  0.00000E+00      0.000
      91.0000  0.00000E+00  0.25400E+00  0.27369E-24  0.25400E+00 -0.59903E-05  0.11190E+02  0.25400E+00  0.22407E+00  0.25400E+00 -0.30059E-02 -0.86293E+06 -0.34438E+02 -0.23092E+02  0.00000E+00  0.00000E+00  0.32498E+02  0.00000E+00  0.22407E+00    206  0.00000E+00      0.000
      92.0000  0.00000E+00  0.23114E+00  0.86285E-31  0.23114E+00 -0.58413E-05  0.11190E+02  0.48514E+00  0.22407E+00  0.48514E+00 -0.30118E-02 -0.86296E+06 -0.56730E+02 -0.23107E+02  0.00000E+00  0.00000E+00  0.32255E+02  0.00000E+00  0.22407E+00    208  0.00000E+00      0.000
      93.0000  0.00000E+00  0.10922E+00  0.86282E-31  0.10922E+00 -0.56922E-05  0.11190E+02  0.59436E+00  0.22407E+00  0.59436E+00 -0.30175E-02 -0.86295E+06 -0.71662E+02 -0.23121E+02  0.00000E+00  0.00000E+00  0.32085E+02  0.00000E+00  0.22407E+00    210  0.00000E+00      0.000
      94.0000  0.00000E+00  0.66040E-01  0.86283E-31  0.66040E-01 -0.55730E-05  0.11190E+02  0.66040E+00  0.22407E+00  0.66040E+00 -0.30231E-02 -0.86298E+06 -0.79481E+02 -0.23135E+02  0.00000E+00  0.00000E+00  0.31997E+02  0.00000E+00  0.22407E+00    212  0.00000E+00      0.000
      95.0000  0.00000E+00  0.16256E+00  0.86280E-31  0.16256E+00 -0.54240E-05  0.11190E+02  0.82296E+00  0.22407E+00  0.82296E+00 -0.30286E-02 -0.86297E+06 -0.90566E+02 -0.23149E+02  0.00000E+00  0.00000E+00  0.31883E+02  0.00000E+00  0.22407E+00    214  0.00000E+00      0.000
      96.0000  0.00000E+00  0.33274E+00  0.86272E-31  0.33274E+00 -0.53048E-05  0.11190E+02  0.11557E+01  0.22407E+00  0.11557E+01 -0.30339E-02 -0.86297E+06 -0.11881E+03 -0.23162E+02  0.00000E+00  0.00000E+00  0.31635E+02  0.00000E+00  0.22407E+00    216  0.00000E+00      0.000
      97.0000  0.00000E+00  0.37338E+00  0.86250E-31  0.37238E+00 -0.51856E-05  0.11190E+02  0.15291E+01  0.22407E+00  0.15286E+01 -0.30391E-02 -0.86296E+06 -0.18296E+03 -0.23175E+02  0.00000E+00  0.00000E+00  0.31282E+02  0.00000E+00  0.22407E+00    218  0.00000E+00      0.000
      98.0000  0.00000E+00  0.37846E+00  0.86194E-31  0.28757E+00 -0.50664E-05  0.11190E+02  0.19075E+01  0.22407E+00  0.18395E+01 -0.30442E-02 -0.86295E+06 -0.33353E+03 -0.23188E+02  0.00000E+00  0.00000E+00  0.30929E+02  0.00000E+00  0.22407E+00    220  0.00000E+00      0.000
      99.0000  0.00000E+00  0.45720E+00  0.86156E-31  0.25264E+00 -0.49174E-05  0.11190E+02  0.23647E+01  0.22407E+00  0.21094E+01 -0.30492E-02 -0.86298E+06 -0.52767E+03 -0.23200E+02  0.00000E+00  0.00000E+00  0.30642E+02  0.00000E+00  0.22407E+00    222  0.00000E+00      0.000
     100.0000  0.00000E+00  0.54864E+00  0.86142E-31  0.21424E+00 -0.48280E-05  0.11190E+02  0.29134E+01  0.22407E+00  0.23372E+01 -0.30540E-02 -0.86297E+06 -0.71290E+03 -0.23212E+02  0.00000E+00  0.00000E+00  0.30395E+02  0.00000E+00  0.22407E+00    224  0.00000E+00      0.000
     101.0000  0.00000E+00  0.47244E+00  0.86137E-31  0.13348E+00 -0.47088E-05  0.11190E+02  0.33858E+01  0.22407E+00  0.24837E+01 -0.30588E-02 -0.86296E+06 -0.87196E+03 -0.23224E+02  0.00000E+00  0.00000E+00  0.30208E+02  0.00000E+00  0.22407E+00    226  0.00000E+00      0.000
     102.0000  0.00000E+00  0.18288E+00  0.86136E-31  0.47907E-01 -0.45896E-05  0.11190E+02  0.35687E+01  0.22407E+00  0.25349E+01 -0.30634E-02 -0.86296E+06 -0.97280E+03 -0.23235E+02  0.00000E+00  0.00000E+00  0.30114E+02  0.00000E+00  0.22407E+00    228  0.00000E+00      0.000
     103.0000  0.00000E+00  0.96520E-01  0.86135E-31  0.23347E-01 -0.44703E-05  0.11190E+02  0.36652E+01  0.22407E+00  0.25588E+01 -0.30679E-02 -0.86295E+06 -0.10102E+04 -0.23246E+02  0.00000E+00  0.00000E+00  0.30078E+02  0.00000E+00  0.22407E+00    230  0.00000E+00      0.000
     104.0000  0.00000E+00  0.18034E+00  0.86138E-31  0.41005E-01 -0.43809E-05  0.11190E+02  0.38456E+01  0.22407E+00  0.26003E+01 -0.30723E-02 -0.86298E+06 -0.10402E+04 -0.23257E+02  0.00000E+00  0.00000E+00  0.30045E+02  0.00000E+00  0.22407E+00    232  0.00000E+00      0.000
     105.0000  0.00000E+00  0.29210E+00  0.86137E-31  0.48824E-01 -0.42617E-05  0.11190E+02  0.41377E+01  0.22407E+00  0.26537E+01 -0.30766E-02 -0.86297E+06 -0.10921E+04 -0.23268E+02  0.00000E+00  0.00000E+00  0.29995E+02  0.00000E+00  0.22407E+00    234  0.00000E+00      0.000
     106.0000  0.00000E+00  0.40640E+00  0.86136E-31  0.57666E-01 -0.41723E-05  0.11190E+02  0.45441E+01  0.22407E+00  0.27125E+01 -0.30808E-02 -0.86296E+06 -0.11368E+04 -0.23278E+02  0.00000E+00  0.00000E+00  0.29941E+02  0.00000E+00  0.22407E+00    236  0.00000E+00      0.000
     107.0000  0.00000E+00  0.35052E+00  0.86136E-31  0.48360E-01 -0.40531E-05  0.11190E+02  0.48946E+01  0.22407E+00  0.27612E+01 -0.30849E-02 -0.86296E+06 -0.11684E+04 -0.23288E+02  0.00000E+00  0.00000E+00  0.29888E+02  0.00000E+00  0.22407E+00    238  0.00000E+00      0.000
     108.0000  0.00000E+00  0.12446E+00  0.86138E-31  0.17045E-01 -0.39637E-05  0.11190E+02  0.50190E+01  0.22407E+00  0.27783E+01 -0.30888E-02 -0.86298E+06 -0.11947E+04 -0.23298E+02  0.00000E+00  0.00000E+00  0.29855E+02  0.00000E+00  0.22407E+00    240  0.00000E+00      0.000
     109.0000  0.00000E+00  0.12446E+00  0.86137E-31  0.15919E-01 -0.38743E-05  0.11190E+02  0.51435E+01  0.22407E+00  0.27946E+01 -0.30927E-02 -0.86298E+06 -0.12135E+04 -0.23308E+02  0.00000E+00  0.00000E+00  0.29838E+02  0.00000E+00  0.22407E+00    242  0.00000E+00      0.000
     110.0000  0.00000E+00  0.13716E+00  0.86137E-31  0.15008E-01 -0.37849E-05  0.11190E+02  0.52807E+01  0.22407E+00  0.28101E+01 -0.30965E-02 -0.86297E+06 -0.12363E+04 -0.23317E+02  0.00000E+00  0.00000E+00  0.29822E+02  0.00000E+00  0.22407E+00    244  0.00000E+00      0.000
     111.0000  0.00000E+00  0.11430E+00  0.86136E-31  0.10893E-01 -0.36955E-05  0.11190E+02  0.53950E+01  0.22407E+00  0.28215E+01 -0.31002E-02 -0.86296E+06 -0.12559E+04 -0.23327E+02  0.00000E+00  0.00000E+00  0.29809E+02  0.00000E+00  0.22407E+00    246  0.00000E+00      0.000
     112.0000  0.00000E+00  0.21590E+00  0.86135E-31  0.17130E-01 -0.36061E-05  0.11190E+02  0.56109E+01  0.22407E+00  0.28394E+01 -0.31039E-02 -0.86296E+06 -0.12750E+04 -0.23336E+02  0.00000E+00  0.00000E+00  0.29794E+02  0.00000E+00  0.22407E+00    248  0.00000E+00      0.000
     113.0000  0.00000E+00  0.25908E+00  0.86138E-31  0.18573E-01 -0.35167E-05  0.11190E+02  0.58699E+01  0.22407E+00  0.28585E+01 -0.31074E-02 -0.86298E+06 -0.12882E+04 -0.23344E+02  0.00000E+00  0.00000E+00  0.29776E+02  0.00000E+00  0.22407E+00    250  0.00000E+00      0.000
     114.0000  0.00000E+00  0.28194E+00  0.86137E-31  0.19353E-01 -0.34273E-05  0.11190E+02  0.61519E+01  0.22407E+00  0.28780E+01 -0.31108E-02 -0.86298E+06 -0.12979E+04 -0.23353E+02  0.00000E+00  0.00000E+00  0.29756E+02  0.00000E+00  0.22407E+00    252  0.00000E+00      0.000
     115.0000  0.00000E+00  0.36068E+00  0.86137E-31  0.24592E-01 -0.33379E-05  0.11190E+02  0.65126E+01  0.22407E+00  0.29026E+01 -0.31142E-02 -0.86297E+06 -0.13060E+04 -0.23361E+02  0.00000E+00  0.00000E+00  0.29734E+02  0.00000E+00  0.22407E+00    254  0.00000E+00      0.000
     116.0000  0.00000E+00  0.36830E+00  0.86136E-31  0.25111E-01 -0.32783E-05  0.11190E+02  0.68809E+01  0.22407E+00  0.29277E+01 -0.31175E-02 -0.86296E+06 -0.13168E+04 -0.23369E+02  0.00000E+00  0.00000E+00  0.29710E+02  0.00000E+00  0.22407E+00    256  0.00000E+00      0.000
     117.0000  0.00000E+00  0.23622E+00  0.86135E-31  0.16106E-01 -0.31888E-05  0.11190E+02  0.71171E+01  0.22407E+00  0.29438E+01 -0.31207E-02 -0.86296E+06 -0.13289E+04 -0.23377E+02  0.00000E+00  0.00000E+00  0.29689E+02  0.00000E+00  0.22407E+00    258  0.00000E+00      0.000
     118.0000  0.00000E+00  0.37846E+00  0.86138E-31  0.23238E-01 -0.30994E-05  0.11190E+02  0.74955E+01  0.22407E+00  0.29679E+01 -0.31238E-02 -0.86298E+06 -0.13470E+04 -0.23385E+02  0.00000E+00  0.00000E+00  0.29668E+02  0.00000E+00  0.22407E+00    260  0.00000E+00      0.000
     119.0000  0.00000E+00  0.36322E+00  0.86137E-31  0.18518E-01 -0.30398E-05  0.11190E+02  0.78588E+01  0.22407E+00  0.29874E+01 -0.31269E-02 -0.86297E+06 -0.13740E+04 -0.23393E+02  0.00000E+00  0.00000E+00  0.29647E+02  0.00000E+00  0.22407E+00    262  0.00000E+00      0.000
     120.0000  0.00000E+00  0.41148E+00  0.86137E-31  0.15543E-01 -0.29504E-05  0.11190E+02  0.82702E+01  0.22407E+00  0.30040E+01 -0.31299E-02 -0.86297E+06 -0.14046E+04 -0.23400E+02  0.00000E+00  0.00000E+00  0.29628E+02  0.00000E+00  0.22407E+00    264  0.00000E+00      0.000
     121.0000  0.00000E+00  0.39624E+00  0.86136E-31  0.14446E+00 -0.28908E-05  0.11190E+02  0.86665E+01  0.22407E+00  0.31194E+01 -0.31328E-02 -0.86296E+06 -0.69050E+03 -0.23407E+02  0.00000E+00  0.00000E+00  0.29578E+02  0.00000E+00  0.22407E+00    266  0.00000E+00      0.000
     122.0000  0.00000E+00  0.35306E+00  0.86135E-31  0.12722E+00 -0.28312E-05  0.11190E+02  0.90195E+01  0.22407E+00  0.32469E+01 -0.31356E-02 -0.86295E+06 -0.70208E+03 -0.23414E+02  0.00000E+00  0.00000E+00  0.29441E+02  0.00000E+00  0.22407E+00    268  0.00000E+00      0.000
     123.0000  0.00000E+00  0.36322E+00  0.86138E-31  0.13033E+00 -0.27418E-05  0.11190E+02  0.93828E+01  0.22407E+00  0.33773E+01 -0.31384E-02 -0.86298E+06 -0.71042E+03 -0.23421E+02  0.00000E+00  0.00000E+00  0.29313E+02  0.00000E+00  0.22407E+00    270  0.00000E+00      0.000
     124.0000  0.00000E+00  0.39878E+00  0.86137E-31  0.14304E+00 -0.26822E-05  0.11190E+02  0.97815E+01  0.22407E+00  0.35204E+01 -0.31411E-02 -0.86297E+06 -0.71822E+03 -0.23428E+02  0.00000E+00  0.00000E+00  0.29176E+02  0.00000E+00  0.22407E+00    272  0.00000E+00      0.000
     125.0000  0.00000E+00  0.23876E+00  0.86136E-31  0.85642E-01 -0.26226E-05  0.11190E+02  0.10020E+02  0.22407E+00  0.36060E+01 -0.31437E-02 -0.86297E+06 -0.72543E+03 -0.23435E+02  0.00000E+00  0.00000E+00  0.29061E+02  0.00000E+00  0.22407E+00    274  0.00000E+00      0.000
     126.0000  0.00000E+00  0.93980E-01  0.86136E-31  0.33710E-01 -0.25630E-05  0.11190E+02  0.10114E+02  0.22407E+00  0.36397E+01 -0.31463E-02 -0.86296E+06 -0.72997E+03 -0.23441E+02  0.00000E+00  0.00000E+00  0.29002E+02  0.00000E+00  0.22407E+00    276  0.00000E+00      0.000
     127.0000  0.00000E+00  0.28956E+00  0.86135E-31  0.10386E+00 -0.25034E-05  0.11190E+02  0.10404E+02  0.22407E+00  0.37436E+01 -0.31488E-02 -0.86295E+06 -0.73555E+03 -0.23447E+02  0.00000E+00  0.00000E+00  0.28933E+02  0.00000E+00  0.22407E+00    278  0.00000E+00      0.000
     128.0000  0.00000E+00  0.37084E+00  0.86138E-31  0.13195E+00 -0.24438E-05  0.11190E+02  0.10775E+02  0.22407E+00  0.38761E+01 -0.31513E-02 -0.86298E+06 -0.74845E+03 -0.23453E+02  0.00000E+00  0.00000E+00  0.28815E+02  0.00000E+00  0.22407E+00    280  0.00000E+00      0.000
     129.0000  0.00000E+00  0.27432E+00  0.86137E-31  0.94451E-01 -0.23842E-05  0.11190E+02  0.11049E+02  0.22407E+00  0.39717E+01 -0.31537E-02 -0.86297E+06 -0.76614E+03 -0.23459E+02  0.00000E+00  0.00000E+00  0.28700E+02  0.00000E+00  0.22407E+00    282  0.00000E+00      0.000
     130.0000  0.00000E+00  0.32512E+00  0.86136E-31  0.10499E+00 -0.23246E-05  0.11190E+02  0.11374E+02  0.22407E+00  0.40783E+01 -0.31560E-02 -0.86297E+06 -0.78557E+03 -0.23465E+02  0.00000E+00  0.00000E+00  0.28599E+02  0.00000E+00  0.22407E+00    284  0.00000E+00      0.000
     131.0000  0.00000E+00  0.22860E+00  0.86136E-31  0.70791E-01 -0.22650E-05  0.11190E+02  0.11603E+02  0.22407E+00  0.41495E+01 -0.31583E-02 -0.86296E+06 -0.80111E+03 -0.23471E+02  0.00000E+00  0.00000E+00  0.28511E+02  0.00000E+00  0.22407E+00    286  0.00000E+00      0.000
     132.0000  0.00000E+00  0.29972E+00  0.86135E-31  0.90573E-01 -0.22054E-05  0.11190E+02  0.11902E+02  0.22407E+00  0.42405E+01 -0.31605E-02 -0.86295E+06 -0.81013E+03 -0.23476E+02  0.00000E+00  0.00000E+00  0.28429E+02  0.00000E+00  0.22407E+00    288  0.00000E+00      0.000
     133.0000  0.00000E+00  0.18288E+00  0.86138E-31  0.54849E-01 -0.21458E-05  0.11190E+02  0.12085E+02  0.22407E+00  0.42954E+01 -0.31627E-02 -0.86298E+06 -0.81611E+03 -0.23482E+02  0.00000E+00  0.00000E+00  0.28357E+02  0.00000E+00  0.22407E+00    290  0.00000E+00      0.000
     134.0000  0.00000E+00  0.21336E+00  0.86137E-31  0.63826E-01 -0.21160E-05  0.11190E+02  0.12299E+02  0.22407E+00  0.43592E+01 -0.31648E-02 -0.86297E+06 -0.82013E+03 -0.23487E+02  0.00000E+00  0.00000E+00  0.28297E+02  0.00000E+00  0.22407E+00    292  0.00000E+00      0.000
     135.0000  0.00000E+00  0.42926E+00  0.86136E-31  0.12832E+00 -0.20564E-05  0.11190E+02  0.12728E+02  0.22407E+00  0.44876E+01 -0.31669E-02 -0.86296E+06 -0.82647E+03 -0.23492E+02  0.00000E+00  0.00000E+00  0.28201E+02  0.00000E+00  0.22407E+00    294  0.00000E+00      0.000
     136.0000  0.00000E+00  0.51816E+00  0.86136E-31  0.15488E+00 -0.19968E-05  0.11190E+02  0.13246E+02  0.22407E+00  0.46425E+01 -0.31689E-02 -0.86296E+06 -0.83728E+03 -0.23497E+02  0.00000E+00  0.00000E+00  0.28060E+02  0.00000E+00  0.22407E+00    296  0.00000E+00      0.000
     137.0000  0.00000E+00  0.18542E+00  0.86135E-31  0.55424E-01 -0.19670E-05  0.11190E+02  0.13432E+02  0.22407E+00  0.46979E+01 -0.31709E-02 -0.86295E+06 -0.84691E+03 -0.23502E+02  0.00000E+00  0.00000E+00  0.27954E+02  0.00000E+00  0.22407E+00    298  0.00000E+00      0.000
     138.0000  0.00000E+00  0.33528E+00  0.86138E-31  0.10022E+00 -0.19073E-05  0.11190E+02  0.13767E+02  0.22407E+00  0.47981E+01 -0.31728E-02 -0.86298E+06 -0.85599E+03 -0.23507E+02  0.00000E+00  0.00000E+00  0.27877E+02  0.00000E+00  0.22407E+00    300  0.00000E+00      0.000
     139.0000  0.00000E+00  0.42672E+00  0.86137E-31  0.12659E+00 -0.18775E-05  0.11190E+02  0.14194E+02  0.22407E+00  0.49252E+01 -0.31747E-02 -0.86297E+06 -0.87273E+03 -0.23511E+02  0.00000E+00  0.00000E+00  0.27763E+02  0.00000E+00  0.22407E+00    302  0.00000E+00      0.000
     140.0000  0.00000E+00  0.40640E+00  0.86136E-31  0.11499E+00 -0.18179E-05  0.11190E+02  0.14600E+02  0.22407E+00  0.50417E+01 -0.31765E-02 -0.86296E+06 -0.89981E+03 -0.23516E+02  0.00000E+00  0.00000E+00  0.27640E+02  0.00000E+00  0.22407E+00    304  0.00000E+00      0.000
     141.0000  0.00000E+00  0.44450E+00  0.86135E-31  0.11458E+00 -0.17881E-05  0.11190E+02  0.15044E+02  0.22407E+00  0.51594E+01 -0.31783E-02 -0.86296E+06 -0.93555E+03 -0.23520E+02  0.00000E+00  0.00000E+00  0.27523E+02  0.00000E+00  0.22407E+00    306  0.00000E+00      0.000
     142.0000  0.00000E+00  0.35052E+00  0.86138E-31  0.83070E-01 -0.17285E-05  0.11190E+02  0.15395E+02  0.22407E+00  0.52443E+01 -0.31800E-02 -0.86298E+06 -0.97177E+03 -0.23525E+02  0.00000E+00  0.00000E+00  0.27422E+02  0.00000E+00  0.22407E+00    308  0.00000E+00      0.000
     143.0000  0.00000E+00  0.40894E+00  0.86137E-31  0.87057E-01 -0.16987E-05  0.11190E+02  0.15804E+02  0.22407E+00  0.53336E+01 -0.31817E-02 -0.86298E+06 -0.10044E+04 -0.23529E+02  0.00000E+00  0.00000E+00  0.27335E+02  0.00000E+00  0.22407E+00    310  0.00000E+00      0.000
     144.0000  0.00000E+00  0.27940E+00  0.86137E-31  0.55660E-01 -0.16391E-05  0.11190E+02  0.16083E+02  0.22407E+00  0.53905E+01 -0.31834E-02 -0.86297E+06 -0.10332E+04 -0.23533E+02  0.00000E+00  0.00000E+00  0.27262E+02  0.00000E+00  0.22407E+00    312  0.00000E+00      0.000
     145.0000  0.00000E+00  0.14732E+00  0.86136E-31  0.28537E-01 -0.16093E-05  0.11190E+02  0.16231E+02  0.22407E+00  0.54193E+01 -0.31850E-02 -0.86296E+06 -0.10494E+04 -0.23537E+02  0.00000E+00  0.00000E+00  0.27220E+02  0.00000E+00  0.22407E+00    314  0.00000E+00      0.000
     146.0000  0.00000E+00  0.11938E+00  0.86135E-31  0.22166E-01 -0.15795E-05  0.11190E+02  0.16350E+02  0.22407E+00  0.54417E+01 -0.31866E-02 -0.86296E+06 -0.10610E+04 -0.23541E+02  0.00000E+00  0.00000E+00  0.27194E+02  0.00000E+00  0.22407E+00    316  0.00000E+00      0.000
     147.0000  0.00000E+00  0.10922E+00  0.86138E-31  0.19573E-01 -0.15497E-05  0.11190E+02  0.16459E+02  0.22407E+00  0.54614E+01 -0.31881E-02 -0.86298E+06 -0.10698E+04 -0.23545E+02  0.00000E+00  0.00000E+00  0.27173E+02  0.00000E+00  0.22407E+00    318  0.00000E+00      0.000
     148.0000  0.00000E+00  0.37846E+00  0.86137E-31  0.61451E-01 -0.14901E-05  0.11190E+02  0.16838E+02  0.22407E+00  0.55243E+01 -0.31896E-02 -0.86298E+06 -0.10866E+04 -0.23549E+02  0.00000E+00  0.00000E+00  0.27131E+02  0.00000E+00  0.22407E+00    320  0.00000E+00      0.000
     149.0000  0.00000E+00  0.44196E+00  0.86137E-31  0.64773E-01 -0.14603E-05  0.11190E+02  0.17280E+02  0.22407E+00  0.55904E+01 -0.31911E-02 -0.86297E+06 -0.11094E+04 -0.23552E+02  0.00000E+00  0.00000E+00  0.27067E+02  0.00000E+00  0.22407E+00    322  0.00000E+00      0.000
     150.0000  0.00000E+00  0.44958E+00  0.86136E-31  0.60788E-01 -0.14305E-05  0.11190E+02  0.17729E+02  0.22407E+00  0.56525E+01 -0.31926E-02 -0.86296E+06 -0.11317E+04 -0.23556E+02  0.00000E+00  0.00000E+00  0.27002E+02  0.00000E+00  0.22407E+00    324  0.00000E+00      0.000
     151.0000  0.00000E+00  0.33528E+00  0.86135E-31  0.43034E-01 -0.14007E-05  0.11190E+02  0.18064E+02  0.22407E+00  0.56962E+01 -0.31940E-02 -0.86295E+06 -0.11515E+04 -0.23559E+02  0.00000E+00  0.00000E+00  0.26950E+02  0.00000E+00  0.22407E+00    326  0.00000E+00      0.000
     152.0000  0.00000E+00  0.26162E+00  0.86138E-31  0.86995E-01 -0.13709E-05  0.11190E+02  0.18326E+02  0.22407E+00  0.57710E+01 -0.31953E-02 -0.86298E+06 -0.77280E+03 -0.23563E+02  0.00000E+00  0.00000E+00  0.26897E+02  0.00000E+00  0.22407E+00    328  0.00000E+00      0.000
     153.0000  0.00000E+00  0.10414E+00  0.86137E-31  0.34416E-01 -0.13411E-05  0.11190E+02  0.18430E+02  0.22407E+00  0.58055E+01 -0.31967E-02 -0.86297E+06 -0.78041E+03 -0.23566E+02  0.00000E+00  0.00000E+00  0.26836E+02  0.00000E+00  0.22407E+00    330  0.00000E+00      0.000
     154.0000  0.00000E+00  0.19050E+00  0.86137E-31  0.61937E-01 -0.12815E-05  0.11190E+02  0.18621E+02  0.22407E+00  0.58678E+01 -0.31980E-02 -0.86297E+06 -0.78706E+03 -0.23569E+02  0.00000E+00  0.00000E+00  0.26788E+02  0.00000E+00  0.22407E+00    332  0.00000E+00      0.000
     155.0000  0.00000E+00  0.41656E+00  0.86136E-31  0.12839E+00 -0.12517E-05  0.11190E+02  0.19037E+02  0.22407E+00  0.59973E+01 -0.31992E-02 -0.86296E+06 -0.79931E+03 -0.23572E+02  0.00000E+00  0.00000E+00  0.26692E+02  0.00000E+00  0.22407E+00    334  0.00000E+00      0.000
     156.0000  0.00000E+00  0.37592E+00  0.86135E-31  0.11266E+00 -0.12219E-05  0.11190E+02  0.19413E+02  0.22407E+00  0.61107E+01 -0.32005E-02 -0.86295E+06 -0.81433E+03 -0.23575E+02  0.00000E+00  0.00000E+00  0.26570E+02  0.00000E+00  0.22407E+00    336  0.00000E+00      0.000
     157.0000  0.00000E+00  0.32258E+00  0.86138E-31  0.94571E-01 -0.11921E-05  0.11190E+02  0.19736E+02  0.22407E+00  0.62057E+01 -0.32017E-02 -0.86298E+06 -0.82745E+03 -0.23578E+02  0.00000E+00  0.00000E+00  0.26466E+02  0.00000E+00  0.22407E+00    338  0.00000E+00      0.000
     158.0000  0.00000E+00  0.41910E+00  0.86137E-31  0.11825E+00 -0.11623E-05  0.11190E+02  0.20155E+02  0.22407E+00  0.63248E+01 -0.32029E-02 -0.86297E+06 -0.83970E+03 -0.23581E+02  0.00000E+00  0.00000E+00  0.26359E+02  0.00000E+00  0.22407E+00    340  0.00000E+00      0.000
     159.0000  0.00000E+00  0.28448E+00  0.86136E-31  0.79121E-01 -0.11325E-05  0.11190E+02  0.20439E+02  0.22407E+00  0.64044E+01 -0.32040E-02 -0.86297E+06 -0.85137E+03 -0.23584E+02  0.00000E+00  0.00000E+00  0.26260E+02  0.00000E+00  0.22407E+00    342  0.00000E+00      0.000
     160.0000  0.00000E+00  0.19304E+00  0.86136E-31  0.52765E-01 -0.11325E-05  0.11190E+02  0.20632E+02  0.22407E+00  0.64575E+01 -0.32051E-02 -0.86296E+06 -0.86065E+03 -0.23587E+02  0.00000E+00  0.00000E+00  0.26194E+02  0.00000E+00  0.22407E+00    344  0.00000E+00      0.000
     161.0000  0.00000E+00  0.24638E+00  0.86135E-31  0.65598E-01 -0.11027E-05  0.11190E+02  0.20879E+02  0.22407E+00  0.65234E+01 -0.32062E-02 -0.86295E+06 -0.86844E+03 -0.23590E+02  0.00000E+00  0.00000E+00  0.26134E+02  0.00000E+00  0.22407E+00    346  0.00000E+00      0.000
     162.0000  0.00000E+00  0.41148E+00  0.86138E-31  0.10593E+00 -0.10729E-05  0.11190E+02  0.21290E+02  0.22407E+00  0.66300E+01 -0.32073E-02 -0.86298E+06 -0.87991E+03 -0.23592E+02  0.00000E+00  0.00000E+00  0.26048E+02  0.00000E+00  0.22407E+00    348  0.00000E+00      0.000
     163.0000  0.00000E+00  0.41402E+00  0.86137E-31  0.10318E+00 -0.10431E-05  0.11190E+02  0.21704E+02  0.22407E+00  0.67341E+01 -0.32084E-02 -0.86297E+06 -0.89199E+03 -0.23595E+02  0.00000E+00  0.00000E+00  0.25942E+02  0.00000E+00  0.22407E+00    350  0.00000E+00      0.000
     164.0000  0.00000E+00  0.46482E+00  0.86136E-31  0.11166E+00 -0.10133E-05  0.11190E+02  0.22169E+02  0.22407E+00  0.68467E+01 -0.32094E-02 -0.86297E+06 -0.90418E+03 -0.23598E+02  0.00000E+00  0.00000E+00  0.25834E+02  0.00000E+00  0.22407E+00    352  0.00000E+00      0.000
     165.0000  0.00000E+00  0.44958E+00  0.86136E-31  0.10461E+00 -0.98348E-06  0.11190E+02  0.22619E+02  0.22407E+00  0.69523E+01 -0.32104E-02 -0.86296E+06 -0.91779E+03 -0.23600E+02  0.00000E+00  0.00000E+00  0.25725E+02  0.00000E+00  0.22407E+00    354  0.00000E+00      0.000
     166.0000  0.00000E+00  0.26924E+00  0.86135E-31  0.61784E-01 -0.95367E-06  0.11190E+02  0.22888E+02  0.22407E+00  0.70144E+01 -0.32113E-02 -0.86295E+06 -0.92831E+03 -0.23602E+02  0.00000E+00  0.00000E+00  0.25641E+02  0.00000E+00  0.22407E+00    356  0.00000E+00      0.000
     167.0000  0.00000E+00  0.43180E+00  0.86138E-31  0.95620E-01 -0.95367E-06  0.11190E+02  0.23320E+02  0.22407E+00  0.71108E+01 -0.32123E-02 -0.86298E+06 -0.93886E+03 -0.23605E+02  0.00000E+00  0.00000E+00  0.25562E+02  0.00000E+00  0.22407E+00    358  0.00000E+00      0.000
     168.0000  0.00000E+00  0.39370E+00  0.86137E-31  0.84946E-01 -0.92387E-06  0.11190E+02  0.23713E+02  0.22407E+00  0.71964E+01 -0.32132E-02 -0.86297E+06 -0.94950E+03 -0.23607E+02  0.00000E+00  0.00000E+00  0.25471E+02  0.00000E+00  0.22407E+00    360  0.00000E+00      0.000
     169.0000  0.00000E+00  0.34036E+00  0.86136E-31  0.71799E-01 -0.89407E-06  0.11190E+02  0.24054E+02  0.22407E+00  0.72687E+01 -0.32141E-02 -0.86296E+06 -0.95920E+03 -0.23609E+02  0.00000E+00  0.00000E+00  0.25392E+02  0.00000E+00  0.22407E+00    362  0.00000E+00      0.000
     170.0000  0.00000E+00  0.46990E+00  0.86136E-31  0.94784E-01 -0.89407E-06  0.11190E+02  0.24524E+02  0.22407E+00  0.73644E+01 -0.32150E-02 -0.86296E+06 -0.97028E+03 -0.23612E+02  0.00000E+00  0.00000E+00  0.25308E+02  0.00000E+00  0.22407E+00    364  0.00000E+00      0.000
     171.0000  0.00000E+00  0.44450E+00  0.86138E-31  0.87297E-01 -0.86427E-06  0.11190E+02  0.24968E+02  0.22407E+00  0.74523E+01 -0.32159E-02 -0.86298E+06 -0.98149E+03 -0.23614E+02  0.00000E+00  0.00000E+00  0.25216E+02  0.00000E+00  0.22407E+00    366  0.00000E+00      0.000
     172.0000  0.00000E+00  0.34798E+00  0.86137E-31  0.66918E-01 -0.83447E-06  0.11190E+02  0.25316E+02  0.22407E+00  0.75195E+01 -0.32167E-02 -0.86298E+06 -0.99205E+03 -0.23616E+02  0.00000E+00  0.00000E+00  0.25139E+02  0.00000E+00  0.22407E+00    368  0.00000E+00      0.000
     173.0000  0.00000E+00  0.40640E+00  0.86137E-31  0.76174E-01 -0.80466E-06  0.11190E+02  0.25723E+02  0.22407E+00  0.75962E+01 -0.32175E-02 -0.86297E+06 -0.10008E+04 -0.23618E+02  0.00000E+00  0.00000E+00  0.25066E+02  0.00000E+00  0.22407E+00    370  0.00000E+00      0.000
     174.0000  0.00000E+00  0.32004E+00  0.86136E-31  0.59289E-01 -0.80466E-06  0.11190E+02  0.26043E+02  0.22407E+00  0.76559E+01 -0.32184E-02 -0.86296E+06 -0.10085E+04 -0.23620E+02  0.00000E+00  0.00000E+00  0.24998E+02  0.00000E+00  0.22407E+00    372  0.00000E+00      0.000
     175.0000  0.00000E+00  0.40132E+00  0.86135E-31  0.71349E-01 -0.77486E-06  0.11190E+02  0.26444E+02  0.22407E+00  0.77278E+01 -0.32191E-02 -0.86296E+06 -0.10175E+04 -0.23622E+02  0.00000E+00  0.00000E+00  0.24932E+02  0.00000E+00  0.22407E+00    374  0.00000E+00      0.000
     176.0000 -0.21611E+01  0.34036E+00 -0.10694E+01  0.15661E+00  0.00000E+00  0.90289E+01  0.26784E+02 -0.15173E+01  0.78379E+01 -0.32191E-02  0.00000E+00 -0.77213E+03 -0.23622E+02  0.10917E+01  0.42070E+00  0.26564E+02  0.17413E+01  0.22407E+00   1875  0.00000E+00      0.000
     177.0000 -0.16612E+01  0.43942E+00 -0.84185E+00  0.22357E+00  0.00000E+00  0.73677E+01  0.27224E+02 -0.24665E+01  0.80420E+01 -0.32193E-02  0.00000E+00 -0.65767E+03 -0.23622E+02  0.81935E+00  0.11326E+01  0.27309E+02  0.26906E+01  0.22407E+00   2363  0.00000E+00      0.000
     178.0000 -0.19705E+01  0.34036E+00 -0.74481E+00  0.20705E+00  0.00000E+00  0.53972E+01  0.27564E+02 -0.32564E+01  0.82282E+01 -0.32195E-02  0.00000E+00 -0.56281E+03 -0.23623E+02  0.12257E+01  0.23132E+01  0.27913E+02  0.34805E+01  0.22407E+00   2704  0.00000E+00      0.000
     179.0000  0.00000E+00  0.35052E+00 -0.12224E-07  0.23217E+00 -0.74516E-06  0.53972E+01  0.27915E+02 -0.32564E+01  0.84608E+01 -0.32202E-02 -0.18889E+02 -0.57906E+03 -0.23625E+02  0.00000E+00  0.23132E+01  0.27680E+02  0.34805E+01  0.22407E+00   2727  0.00000E+00      0.000
     180.0000 -0.33071E+01  0.46990E+00 -0.71448E+00  0.27796E+00  0.00000E+00  0.20901E+01  0.28385E+02 -0.40628E+01  0.87456E+01 -0.32205E-02  0.00000E+00 -0.51659E+03 -0.23625E+02  0.25926E+01  0.48140E+01  0.28203E+02  0.42868E+01  0.22407E+00   3054  0.00000E+00      0.000
     181.0000  0.00000E+00  0.46482E+00  0.25204E-07  0.32629E+00 -0.72469E-06  0.20901E+01  0.28849E+02 -0.40628E+01  0.90727E+01 -0.32212E-02 -0.19417E+02 -0.53678E+03 -0.23627E+02  0.00000E+00  0.48140E+01  0.27876E+02  0.42868E+01  0.22407E+00   3077  0.00000E+00      0.000
     182.0000 -0.33020E+01  0.58928E+00 -0.70906E+00  0.36724E+00 -0.94219E-06 -0.12119E+01  0.29439E+02 -0.48899E+01  0.94530E+01 -0.32215E-02  0.00000E+00 -0.49333E+03 -0.23628E+02  0.25929E+01  0.72889E+01  0.28325E+02  0.51140E+01  0.22407E+00   3262  0.00000E+00      0.000
     183.0000  0.00000E+00  0.44958E+00 -0.14727E-07  0.32931E+00 -0.69787E-06 -0.12119E+01  0.29888E+02 -0.48899E+01  0.97847E+01 -0.32222E-02 -0.19226E+02 -0.51720E+03 -0.23629E+02  0.00000E+00  0.72889E+01  0.27992E+02  0.51140E+01  0.22407E+00   3282  0.00000E+00      0.000
     184.0000 -0.24773E+01  0.37592E+00 -0.67430E+00  0.23859E+00  0.00000E+00 -0.36892E+01  0.30264E+02 -0.56669E+01  0.10026E+02 -0.32224E-02  0.00000E+00 -0.48036E+03 -0.23630E+02  0.18030E+01  0.89896E+01  0.28528E+02  0.58910E+01  0.22407E+00   3572  0.00000E+00      0.000
     185.0000  0.00000E+00  0.29972E+00  0.32363E-07  0.22706E+00 -0.68081E-06 -0.36892E+01  0.30564E+02 -0.56669E+01  0.10254E+02 -0.32231E-02 -0.18745E+02 -0.49028E+03 -0.23632E+02  0.00000E+00  0.89896E+01  0.28299E+02  0.58910E+01  0.22407E+00   3596  0.00000E+00      0.000
     186.0000  0.00000E+00  0.39370E+00  0.10128E-07  0.29196E+00 -0.67552E-06 -0.36892E+01  0.30958E+02 -0.56669E+01  0.10548E+02 -0.32237E-02 -0.20700E+02 -0.51305E+03 -0.23633E+02  0.00000E+00  0.89896E+01  0.28021E+02  0.58910E+01  0.22407E+00   3599  0.00000E+00      0.000
     187.0000  0.00000E+00  0.39370E+00  0.26193E-08  0.28835E+00 -0.67055E-06 -0.36892E+01  0.31351E+02 -0.56669E+01  0.10837E+02 -0.32244E-02 -0.22331E+02 -0.53243E+03 -0.23635E+02  0.00000E+00  0.89896E+01  0.27730E+02  0.58910E+01  0.22407E+00   3602  0.00000E+00      0.000
     188.0000  0.00000E+00  0.41148E+00  0.22410E-08  0.29829E+00 -0.62585E-06 -0.36892E+01  0.31763E+02 -0.56669E+01  0.11136E+02 -0.32250E-02 -0.23235E+02 -0.54952E+03 -0.23636E+02  0.00000E+00  0.89896E+01  0.27436E+02  0.58910E+01  0.22407E+00   3604  0.00000E+00      0.000
     189.0000  0.00000E+00  0.42672E+00 -0.52169E-08  0.30689E+00 -0.62585E-06 -0.36892E+01  0.32189E+02 -0.56669E+01  0.11444E+02 -0.32257E-02 -0.23605E+02 -0.56654E+03 -0.23638E+02  0.00000E+00  0.89896E+01  0.27133E+02  0.58910E+01  0.22407E+00   3606  0.00000E+00      0.000
     190.0000  0.00000E+00  0.46482E+00 -0.13089E-07  0.33180E+00 -0.59605E-06 -0.36892E+01  0.32654E+02 -0.56669E+01  0.11776E+02 -0.32263E-02 -0.23729E+02 -0.58439E+03 -0.23639E+02  0.00000E+00  0.89896E+01  0.26813E+02  0.58910E+01  0.22407E+00   3608  0.00000E+00      0.000
     191.0000  0.00000E+00  0.41910E+00 -0.13053E-07  0.29742E+00 -0.59605E-06 -0.36892E+01  0.33073E+02 -0.56669E+01  0.12074E+02 -0.32269E-02 -0.23856E+02 -0.60399E+03 -0.23641E+02  0.00000E+00  0.89896E+01  0.26498E+02  0.58910E+01  0.22407E+00   3610  0.00000E+00      0.000
     192.0000  0.00000E+00  0.33020E+00 -0.26630E-08  0.23366E+00 -0.56624E-06 -0.36892E+01  0.33404E+02 -0.56669E+01  0.12308E+02 -0.32274E-02 -0.24004E+02 -0.62145E+03 -0.23642E+02  0.00000E+00  0.89896E+01  0.26232E+02  0.58910E+01  0.22407E+00   3612  0.00000E+00      0.000
     193.0000  0.00000E+00  0.43434E+00 -0.86948E-08  0.30386E+00 -0.56624E-06 -0.36892E+01  0.33838E+02 -0.56669E+01  0.12613E+02 -0.32280E-02 -0.24173E+02 -0.64163E+03 -0.23644E+02  0.00000E+00  0.89896E+01  0.25963E+02  0.58910E+01  0.22407E+00   3614  0.00000E+00      0.000
     194.0000 -0.13602E+01  0.39370E+00 -0.92162E+00  0.25166E+00  0.00000E+00 -0.50494E+01  0.34232E+02 -0.68788E+01  0.12885E+02 -0.32280E-02  0.00000E+00 -0.62049E+03 -0.23644E+02  0.43858E+00  0.91382E+01  0.26902E+02  0.71029E+01  0.22407E+00   4535  0.00000E+00      0.000
     195.0000 -0.12700E+01  0.35306E+00 -0.73710E+00  0.22462E+00  0.00000E+00 -0.63194E+01  0.34585E+02 -0.76830E+01  0.13110E+02 -0.32281E-02  0.00000E+00 -0.60931E+03 -0.23644E+02  0.53290E+00  0.96041E+01  0.27481E+02  0.79070E+01  0.22407E+00   4782  0.00000E+00      0.000
     196.0000 -0.12700E+01  0.41402E+00 -0.68097E+00  0.23744E+00  0.00000E+00 -0.75894E+01  0.34999E+02 -0.83874E+01  0.13353E+02 -0.32283E-02  0.00000E+00 -0.60293E+03 -0.23644E+02  0.58903E+00  0.10170E+02  0.27942E+02  0.86115E+01  0.22407E+00   4985  0.00000E+00      0.000
     197.0000 -0.12700E+01  0.43180E+00 -0.66781E+00  0.28154E+00  0.00000E+00 -0.88594E+01  0.35431E+02 -0.90628E+01  0.13620E+02 -0.32284E-02  0.00000E+00 -0.51654E+03 -0.23645E+02  0.60219E+00  0.10764E+02  0.28352E+02  0.92869E+01  0.22407E+00   5229  0.00000E+00      0.000
     198.0000 -0.12802E+01  0.46736E+00 -0.66373E+00  0.32012E+00  0.00000E+00 -0.10140E+02  0.35898E+02 -0.97316E+01  0.13928E+02 -0.32286E-02  0.00000E+00 -0.46719E+03 -0.23645E+02  0.61647E+00  0.11376E+02  0.28713E+02  0.99556E+01  0.22407E+00   5469  0.00000E+00      0.000
     199.0000 -0.25400E+01  0.44450E+00 -0.65429E+00  0.31897E+00  0.00000E+00 -0.12680E+02  0.36342E+02 -0.10390E+02  0.14236E+02 -0.32288E-02  0.00000E+00 -0.41941E+03 -0.23646E+02  0.18857E+01  0.13257E+02  0.29062E+02  0.10614E+02  0.22407E+00   5713  0.00000E+00      0.000
     200.0000  0.00000E+00  0.41910E+00  0.92550E-08  0.34747E+00 -0.55597E-06 -0.12680E+02  0.36762E+02 -0.10390E+02  0.14584E+02 -0.32293E-02 -0.19275E+02 -0.44314E+03 -0.23647E+02  0.00000E+00  0.13257E+02  0.28714E+02  0.10614E+02  0.22407E+00   5738  0.00000E+00      0.000
     201.0000 -0.12700E+01  0.43942E+00 -0.65209E+00  0.31239E+00 -0.10316E-05 -0.13950E+02  0.37201E+02 -0.11135E+02  0.14907E+02 -0.32295E-02  0.00000E+00 -0.43080E+03 -0.23647E+02  0.61791E+00  0.13783E+02  0.29136E+02  0.11359E+02  0.22407E+00   5965  0.00000E+00      0.000
     202.0000  0.00000E+00  0.47244E+00 -0.25670E-07  0.38784E+00 -0.52344E-06 -0.13950E+02  0.37673E+02 -0.11135E+02  0.15296E+02 -0.32301E-02 -0.19310E+02 -0.45560E+03 -0.23648E+02  0.00000E+00  0.13783E+02  0.28748E+02  0.11359E+02  0.22407E+00   5981  0.00000E+00      0.000
     203.0000  0.00000E+00  0.46736E+00 -0.85565E-08  0.38210E+00 -0.55631E-06 -0.13950E+02  0.38141E+02 -0.11135E+02  0.15679E+02 -0.32306E-02 -0.21480E+02 -0.47383E+03 -0.23649E+02  0.00000E+00  0.13783E+02  0.28364E+02  0.11359E+02  0.22407E+00   5984  0.00000E+00      0.000
     204.0000  0.00000E+00  0.45974E+00  0.14435E-07  0.37448E+00 -0.53644E-06 -0.13950E+02  0.38600E+02 -0.11135E+02  0.16053E+02 -0.32311E-02 -0.22884E+02 -0.49084E+03 -0.23651E+02  0.00000E+00  0.13783E+02  0.27985E+02  0.11359E+02  0.22407E+00   5986  0.00000E+00      0.000
     205.0000  0.00000E+00  0.46990E+00  0.23283E-09  0.38155E+00 -0.53644E-06 -0.13950E+02  0.39070E+02 -0.11135E+02  0.16435E+02 -0.32317E-02 -0.23537E+02 -0.50680E+03 -0.23652E+02  0.00000E+00  0.13783E+02  0.27607E+02  0.11359E+02  0.22407E+00   5988  0.00000E+00      0.000
     206.0000  0.00000E+00  0.46482E+00  0.40818E-08  0.37631E+00 -0.53644E-06 -0.13950E+02  0.39535E+02 -0.11135E+02  0.16812E+02 -0.32322E-02 -0.23694E+02 -0.52409E+03 -0.23653E+02  0.00000E+00  0.13783E+02  0.27228E+02  0.11359E+02  0.22407E+00   5990  0.00000E+00      0.000
     207.0000  0.00000E+00  0.44958E+00 -0.95970E-08  0.36297E+00 -0.53644E-06 -0.13950E+02  0.39985E+02 -0.11135E+02  0.17175E+02 -0.32327E-02 -0.23823E+02 -0.54165E+03 -0.23654E+02  0.00000E+00  0.13783E+02  0.26858E+02  0.11359E+02  0.22407E+00   5992  0.00000E+00      0.000
     208.0000  0.00000E+00  0.34036E+00  0.10274E-07  0.27461E+00 -0.53644E-06 -0.13950E+02  0.40325E+02 -0.11135E+02  0.17450E+02 -0.32333E-02 -0.23973E+02 -0.55803E+03 -0.23655E+02  0.00000E+00  0.13783E+02  0.26539E+02  0.11359E+02  0.22407E+00   5994  0.00000E+00      0.000
     209.0000  0.00000E+00  0.36068E+00  0.15491E-07  0.29012E+00 -0.53644E-06 -0.13950E+02  0.40686E+02 -0.11135E+02  0.17740E+02 -0.32338E-02 -0.24145E+02 -0.57466E+03 -0.23656E+02  0.00000E+00  0.13783E+02  0.26256E+02  0.11359E+02  0.22407E+00   5996  0.00000E+00      0.000
     210.0000  0.00000E+00  0.39370E+00  0.10536E-07  0.31561E+00 -0.53644E-06 -0.13950E+02  0.41080E+02 -0.11135E+02  0.18056E+02 -0.32344E-02 -0.24343E+02 -0.59378E+03 -0.23657E+02  0.00000E+00  0.13783E+02  0.25953E+02  0.11359E+02  0.22407E+00   5998  0.00000E+00      0.000
     211.0000  0.00000E+00  0.39116E+00 -0.72250E-08  0.31286E+00 -0.53644E-06 -0.13950E+02  0.41471E+02 -0.11135E+02  0.18369E+02 -0.32349E-02 -0.24573E+02 -0.61623E+03 -0.23658E+02  0.00000E+00  0.13783E+02  0.25639E+02  0.11359E+02  0.22407E+00   6000  0.00000E+00      0.000
     212.0000  0.00000E+00  0.41402E+00 -0.54279E-08  0.33027E+00 -0.53644E-06 -0.13950E+02  0.41885E+02 -0.11135E+02  0.18699E+02 -0.32354E-02 -0.24844E+02 -0.64444E+03 -0.23660E+02  0.00000E+00  0.13783E+02  0.25317E+02  0.11359E+02  0.22407E+00   6002  0.00000E+00      0.000
     213.0000  0.00000E+00  0.43942E+00  0.66066E-08  0.34975E+00 -0.53644E-06 -0.13950E+02  0.42324E+02 -0.11135E+02  0.19049E+02 -0.32360E-02 -0.25171E+02 -0.68269E+03 -0.23661E+02  0.00000E+00  0.13783E+02  0.24977E+02  0.11359E+02  0.22407E+00   6004  0.00000E+00      0.000
     214.0000  0.00000E+00  0.43688E+00 -0.59663E-09  0.34196E+00 -0.53644E-06 -0.13950E+02  0.42761E+02 -0.11135E+02  0.19394E+02 -0.32365E-02 -0.25578E+02 -0.73956E+03 -0.23662E+02  0.00000E+00  0.13783E+02  0.24628E+02  0.11359E+02  0.22407E+00   6006  0.00000E+00      0.000
     215.0000  0.00000E+00  0.39624E+00 -0.94005E-08  0.27474E+00 -0.53644E-06 -0.13950E+02  0.43157E+02 -0.11135E+02  0.19680E+02 -0.32370E-02 -0.26107E+02 -0.82746E+03 -0.23663E+02  0.00000E+00  0.13783E+02  0.24309E+02  0.11359E+02  0.22407E+00   6008  0.00000E+00      0.000
     216.0000  0.00000E+00  0.35814E+00 -0.10594E-07  0.20274E+00 -0.53644E-06 -0.13950E+02  0.43515E+02 -0.11135E+02  0.19896E+02 -0.32376E-02 -0.26735E+02 -0.93164E+03 -0.23664E+02  0.00000E+00  0.13783E+02  0.24057E+02  0.11359E+02  0.22407E+00   6010  0.00000E+00      0.000
     217.0000  0.00000E+00  0.19558E+00  0.12602E-07  0.94027E-01 -0.53644E-06 -0.13950E+02  0.43711E+02 -0.11135E+02  0.19994E+02 -0.32381E-02 -0.27372E+02 -0.10159E+04 -0.23665E+02  0.00000E+00  0.13783E+02  0.23905E+02  0.11359E+02  0.22407E+00   6012  0.00000E+00      0.000
     218.0000  0.00000E+00  0.14986E+00  0.35798E-08  0.64137E-01 -0.53644E-06 -0.13950E+02  0.43861E+02 -0.11135E+02  0.20060E+02 -0.32386E-02 -0.27914E+02 -0.10592E+04 -0.23666E+02  0.00000E+00  0.13783E+02  0.23824E+02  0.11359E+02  0.22407E+00   6014  0.00000E+00      0.000
     219.0000  0.00000E+00  0.34036E+00  0.71013E-08  0.11464E+00 -0.53644E-06 -0.13950E+02  0.44201E+02 -0.11135E+02  0.20181E+02 -0.32392E-02 -0.28357E+02 -0.11080E+04 -0.23667E+02  0.00000E+00  0.13783E+02  0.23727E+02  0.11359E+02  0.22407E+00   6016  0.00000E+00      0.000
     220.0000  0.00000E+00  0.35560E+00  0.11889E-07  0.96645E-01 -0.53644E-06 -0.13950E+02  0.44557E+02 -0.11135E+02  0.20283E+02 -0.32397E-02 -0.28705E+02 -0.11628E+04 -0.23668E+02  0.00000E+00  0.13783E+02  0.23616E+02  0.11359E+02  0.22407E+00   6018  0.00000E+00      0.000
     221.0000  0.00000E+00  0.40640E+00 -0.11205E-07  0.86032E-01 -0.53644E-06 -0.13950E+02  0.44963E+02 -0.11135E+02  0.20375E+02 -0.32403E-02 -0.28975E+02 -0.12132E+04 -0.23670E+02  0.00000E+00  0.13783E+02  0.23520E+02  0.11359E+02  0.22407E+00   6020  0.00000E+00      0.000
     222.0000  0.00000E+00  0.46228E+00 -0.10405E-08  0.70732E-01 -0.53644E-06 -0.13950E+02  0.45425E+02 -0.11135E+02  0.20452E+02 -0.32408E-02 -0.29182E+02 -0.12618E+04 -0.23671E+02  0.00000E+00  0.13783E+02  0.23435E+02  0.11359E+02  0.22407E+00   6022  0.00000E+00      0.000
     223.0000  0.00000E+00  0.39878E+00  0.13984E-07  0.46473E-01 -0.53644E-06 -0.13950E+02  0.45824E+02 -0.11135E+02  0.20502E+02 -0.32413E-02 -0.29340E+02 -0.13016E+04 -0.23672E+02  0.00000E+00  0.13783E+02  0.23373E+02  0.11359E+02  0.22407E+00   6024  0.00000E+00      0.000
     224.0000  0.00000E+00  0.26924E+00  0.24847E-08  0.26132E-01 -0.53644E-06 -0.13950E+02  0.46093E+02 -0.11135E+02  0.20530E+02 -0.32419E-02 -0.29460E+02 -0.13283E+04 -0.23673E+02  0.00000E+00  0.13783E+02  0.23335E+02  0.11359E+02  0.22407E+00   6026  0.00000E+00      0.000
     225.0000  0.00000E+00  0.35560E+00 -0.78253E-08  0.23709E-01 -0.53644E-06 -0.13950E+02  0.46449E+02 -0.11135E+02  0.20555E+02 -0.32424E-02 -0.29551E+02 -0.13502E+04 -0.23674E+02  0.00000E+00  0.13783E+02  0.23308E+02  0.11359E+02  0.22407E+00   6028  0.00000E+00      0.000
     226.0000  0.00000E+00  0.41148E+00  0.99062E-08  0.19558E-01 -0.53644E-06 -0.13950E+02  0.46861E+02 -0.11135E+02  0.20577E+02 -0.32429E-02 -0.29621E+02 -0.13674E+04 -0.23675E+02  0.00000E+00  0.13783E+02  0.23285E+02  0.11359E+02  0.22407E+00   6030  0.00000E+00      0.000
     227.0000  0.00000E+00  0.43688E+00 -0.26121E-08  0.16384E-01 -0.53644E-06 -0.13950E+02  0.47297E+02 -0.11135E+02  0.20594E+02 -0.32435E-02 -0.29674E+02 -0.13785E+04 -0.23676E+02  0.00000E+00  0.13783E+02  0.23266E+02  0.11359E+02  0.22407E+00   6032  0.00000E+00      0.000
     228.0000  0.00000E+00  0.32258E+00 -0.11840E-07  0.11018E-01 -0.53644E-06 -0.13950E+02  0.47620E+02 -0.11135E+02  0.20605E+02 -0.32440E-02 -0.29714E+02 -0.13854E+04 -0.23677E+02  0.00000E+00  0.13783E+02  0.23252E+02  0.11359E+02  0.22407E+00   6034  0.00000E+00      0.000
     229.0000  0.00000E+00  0.44958E+00  0.13224E-07  0.13610E-01 -0.53644E-06 -0.13950E+02  0.48070E+02 -0.11135E+02  0.20619E+02 -0.32445E-02 -0.29745E+02 -0.13905E+04 -0.23679E+02  0.00000E+00  0.13783E+02  0.23239E+02  0.11359E+02  0.22407E+00   6036  0.00000E+00      0.000
     230.0000  0.00000E+00  0.55372E+00  0.10805E-08  0.15816E-01 -0.53644E-06 -0.13950E+02  0.48623E+02 -0.11135E+02  0.20635E+02 -0.32451E-02 -0.29769E+02 -0.13948E+04 -0.23680E+02  0.00000E+00  0.13783E+02  0.23224E+02  0.11359E+02  0.22407E+00   6038  0.00000E+00      0.000
     231.0000  0.00000E+00  0.29972E+00  0.11888E-07  0.86087E-02 -0.53644E-06 -0.13950E+02  0.48923E+02 -0.11135E+02  0.20644E+02 -0.32456E-02 -0.29786E+02 -0.13978E+04 -0.23681E+02  0.00000E+00  0.13783E+02  0.23212E+02  0.11359E+02  0.22407E+00   6040  0.00000E+00      0.000
     232.0000  0.00000E+00  0.25146E+00  0.22369E-08  0.70907E-02 -0.53644E-06 -0.13950E+02  0.49175E+02 -0.11135E+02  0.20651E+02 -0.32462E-02 -0.29800E+02 -0.14004E+04 -0.23682E+02  0.00000E+00  0.13783E+02  0.23204E+02  0.11359E+02  0.22407E+00   6042  0.00000E+00      0.000
     233.0000  0.00000E+00  0.11938E+00  0.87002E-08  0.33932E-02 -0.53644E-06 -0.13950E+02  0.49294E+02 -0.11135E+02  0.20654E+02 -0.32467E-02 -0.29810E+02 -0.14020E+04 -0.23683E+02  0.00000E+00  0.13783E+02  0.23199E+02  0.11359E+02  0.22407E+00   6044  0.00000E+00      0.000
     234.0000  0.00000E+00  0.36068E+00  0.76043E-08  0.96580E-02 -0.53644E-06 -0.13950E+02  0.49655E+02 -0.11135E+02  0.20664E+02 -0.32472E-02 -0.29818E+02 -0.14041E+04 -0.23684E+02  0.00000E+00  0.13783E+02  0.23192E+02  0.11359E+02  0.22407E+00   6046  0.00000E+00      0.000
     235.0000  0.00000E+00  0.40386E+00  0.10330E-07  0.10551E-01 -0.53644E-06 -0.13950E+02  0.50058E+02 -0.11135E+02  0.20675E+02 -0.32478E-02 -0.29824E+02 -0.14068E+04 -0.23685E+02  0.00000E+00  0.13783E+02  0.23182E+02  0.11359E+02  0.22407E+00   6048  0.00000E+00      0.000
     236.0000  0.00000E+00  0.36322E+00 -0.79028E-08  0.93629E-02 -0.53644E-06 -0.13950E+02  0.50422E+02 -0.11135E+02  0.20684E+02 -0.32483E-02 -0.29829E+02 -0.14092E+04 -0.23686E+02  0.00000E+00  0.13783E+02  0.23172E+02  0.11359E+02  0.22407E+00   6050  0.00000E+00      0.000
     237.0000  0.00000E+00  0.28194E+00  0.36613E-08  0.72181E-02 -0.53644E-06 -0.13950E+02  0.50704E+02 -0.11135E+02  0.20691E+02 -0.32488E-02 -0.29832E+02 -0.14112E+04 -0.23688E+02  0.00000E+00  0.13783E+02  0.23164E+02  0.11359E+02  0.22407E+00   6052  0.00000E+00      0.000
     238.0000  0.00000E+00  0.36830E+00  0.14670E-07  0.92672E-02 -0.53644E-06 -0.13950E+02  0.51072E+02 -0.11135E+02  0.20701E+02 -0.32494E-02 -0.29835E+02 -0.14130E+04 -0.23689E+02  0.00000E+00  0.13783E+02  0.23155E+02  0.11359E+02  0.22407E+00   6054  0.00000E+00      0.000
     239.0000  0.00000E+00  0.32004E+00 -0.72923E-08  0.79972E-02 -0.53644E-06 -0.13950E+02  0.51392E+02 -0.11135E+02  0.20709E+02 -0.32499E-02 -0.29837E+02 -0.14150E+04 -0.23690E+02  0.00000E+00  0.13783E+02  0.23147E+02  0.11359E+02  0.22407E+00   6056  0.00000E+00      0.000
     240.0000  0.00000E+00  0.29972E+00 -0.70671E-08  0.74386E-02 -0.53644E-06 -0.13950E+02  0.51692E+02 -0.11135E+02  0.20716E+02 -0.32504E-02 -0.29839E+02 -0.14169E+04 -0.23691E+02  0.00000E+00  0.13783E+02  0.23139E+02  0.11359E+02  0.22407E+00   6058  0.00000E+00      0.000
     241.0000  0.00000E+00  0.37846E+00 -0.68427E-08  0.90194E-02 -0.53644E-06 -0.13950E+02  0.52070E+02 -0.11135E+02  0.20725E+02 -0.32510E-02 -0.29841E+02 -0.14188E+04 -0.23692E+02  0.00000E+00  0.13783E+02  0.23131E+02  0.11359E+02  0.22407E+00   6060  0.00000E+00      0.000
     242.0000  0.00000E+00  0.46482E+00 -0.66219E-08  0.10488E-01 -0.53644E-06 -0.13950E+02  0.52535E+02 -0.11135E+02  0.20736E+02 -0.32515E-02 -0.29842E+02 -0.14210E+04 -0.23693E+02  0.00000E+00  0.13783E+02  0.23121E+02  0.11359E+02  0.22407E+00   6062  0.00000E+00      0.000
     243.0000  0.00000E+00  0.37592E+00 -0.63948E-08  0.85711E-02 -0.53644E-06 -0.13950E+02  0.52911E+02 -0.11135E+02  0.20744E+02 -0.32521E-02 -0.29844E+02 -0.14230E+04 -0.23694E+02  0.00000E+00  0.13783E+02  0.23111E+02  0.11359E+02  0.22407E+00   6064  0.00000E+00      0.000
     244.0000  0.00000E+00  0.28194E+00 -0.61802E-08  0.85043E+01 -0.53644E-06 -0.13950E+02  0.53193E+02 -0.11135E+02  0.24996E+02 -0.32526E-02 -0.29846E+02 -0.27910E+03 -0.23695E+02  0.00000E+00  0.13783E+02  0.23107E+02  0.11359E+02  0.22407E+00   6066  0.00000E+00      0.000
     245.0000  0.00000E+00  0.42926E+00 -0.33112E-07  0.14390E+01 -0.47817E-06 -0.13950E+02  0.53622E+02 -0.11135E+02  0.40754E+02 -0.32531E-02 -0.29848E+02 -0.73677E+03 -0.23696E+02  0.00000E+00  0.13783E+02  0.67823E+01  0.11359E+02  0.22407E+00   6086  0.00000E+00      0.000
     246.0000  0.00000E+00  0.37084E+00  0.23506E-07  0.13522E-05 -0.54531E-06 -0.13950E+02  0.53993E+02 -0.11135E+02  0.40806E+02 -0.32537E-02 -0.29850E+02 -0.79636E+03 -0.23698E+02  0.00000E+00  0.13783E+02  0.66060E+01  0.11359E+02  0.22407E+00   6093  0.00000E+00      0.000
     247.0000  0.00000E+00  0.17272E+00 -0.55469E-08  0.00000E+00 -0.53644E-06 -0.13950E+02  0.54166E+02 -0.11135E+02  0.40806E+02 -0.32542E-02 -0.29851E+02 -0.79638E+03 -0.23699E+02  0.00000E+00  0.13783E+02  0.66060E+01  0.11359E+02  0.22407E+00   6096  0.00000E+00      0.000
     248.0000  0.00000E+00  0.27432E+00 -0.52812E-08  0.32938E-05 -0.53644E-06 -0.13950E+02  0.54440E+02 -0.11135E+02  0.40806E+02 -0.32547E-02 -0.29853E+02 -0.79638E+03 -0.23700E+02  0.00000E+00  0.13783E+02  0.66060E+01  0.11359E+02  0.22407E+00   6098  0.00000E+00      0.000
     249.0000  0.00000E+00  0.34290E+00 -0.50761E-08  0.00000E+00 -0.53644E-06 -0.13950E+02  0.54783E+02 -0.11135E+02  0.40806E+02 -0.32553E-02 -0.29855E+02 -0.79638E+03 -0.23701E+02  0.00000E+00  0.13783E+02  0.66060E+01  0.11359E+02  0.22407E+00   6100  0.00000E+00      0.000
     250.0000  0.00000E+00  0.26924E+00 -0.48132E-08  0.99063E-05 -0.53644E-06 -0.13950E+02  0.55052E+02 -0.11135E+02  0.40806E+02 -0.32558E-02 -0.29857E+02 -0.79638E+03 -0.23702E+02  0.00000E+00  0.13783E+02  0.66060E+01  0.11359E+02  0.22407E+00   6102  0.00000E+00      0.000
     251.0000  0.00000E+00  0.25400E+00 -0.47420E-08  0.00000E+00 -0.53644E-06 -0.13950E+02  0.55306E+02 -0.11135E+02  0.40806E+02 -0.32563E-02 -0.29858E+02 -0.79638E+03 -0.23703E+02  0.00000E+00  0.13783E+02  0.66059E+01  0.11359E+02  0.22407E+00   6104  0.00000E+00      0.000
     252.0000  0.00000E+00  0.21336E+00 -0.44893E-08  0.00000E+00 -0.53644E-06 -0.13950E+02  0.55519E+02 -0.11135E+02  0.40806E+02 -0.32569E-02 -0.29860E+02 -0.79638E+03 -0.23704E+02  0.00000E+00  0.13783E+02  0.66059E+01  0.11359E+02  0.22407E+00   6106  0.00000E+00      0.000
     253.0000  0.00000E+00  0.23622E+00 -0.42178E-08  0.00000E+00 -0.53644E-06 -0.13950E+02  0.55756E+02 -0.11135E+02  0.40806E+02 -0.32574E-02 -0.29862E+02 -0.79638E+03 -0.23705E+02  0.00000E+00  0.13783E+02  0.66059E+01  0.11359E+02  0.22407E+00   6108  0.00000E+00      0.000
     254.0000  0.00000E+00  0.25146E+00 -0.39556E-08  0.00000E+00 -0.53644E-06 -0.13950E+02  0.56007E+02 -0.11135E+02  0.40806E+02 -0.32579E-02 -0.29864E+02 -0.79638E+03 -0.23707E+02  0.00000E+00  0.13783E+02  0.66059E+01  0.11359E+02  0.22407E+00   6110  0.00000E+00      0.000
     255.0000  0.00000E+00  0.29210E+00 -0.36919E-08  0.96726E-05 -0.53644E-06 -0.13950E+02  0.56299E+02 -0.11135E+02  0.40806E+02 -0.32585E-02 -0.29865E+02 -0.79638E+03 -0.23708E+02  0.00000E+00  0.13783E+02  0.66059E+01  0.11359E+02  0.22407E+00   6112  0.00000E+00      0.000
     256.0000  0.00000E+00  0.24638E+00 -0.36113E-08  0.00000E+00 -0.53644E-06 -0.13950E+02  0.56546E+02 -0.11135E+02  0.40806E+02 -0.32590E-02 -0.29867E+02 -0.79638E+03 -0.23709E+02  0.00000E+00  0.13783E+02  0.66059E+01  0.11359E+02  0.22407E+00   6114  0.00000E+00      0.000
     257.0000  0.00000E+00  0.21844E+00 -0.33554E-08  0.00000E+00 -0.53644E-06 -0.13950E+02  0.56764E+02 -0.11135E+02  0.40806E+02 -0.32596E-02 -0.29869E+02 -0.79638E+03 -0.23710E+02  0.00000E+00  0.13783E+02  0.66059E+01  0.11359E+02  0.22407E+00   6116  0.00000E+00      0.000
     258.0000  0.00000E+00  0.29210E+00 -0.30873E-08  0.00000E+00 -0.53644E-06 -0.13950E+02  0.57056E+02 -0.11135E+02  0.40806E+02 -0.32601E-02 -0.29871E+02 -0.79638E+03 -0.23711E+02  0.00000E+00  0.13783E+02  0.66059E+01  0.11359E+02  0.22407E+00   6118  0.00000E+00      0.000
     259.0000  0.00000E+00  0.32258E+00 -0.28241E-08  0.00000E+00 -0.53644E-06 -0.13950E+02  0.57379E+02 -0.11135E+02  0.40806E+02 -0.32606E-02 -0.29873E+02 -0.79638E+03 -0.23712E+02  0.00000E+00  0.13783E+02  0.66059E+01  0.11359E+02  0.22407E+00   6120  0.00000E+00      0.000
     260.0000  0.00000E+00  0.46228E+00 -0.25834E-08  0.00000E+00 -0.53644E-06 -0.13950E+02  0.57841E+02 -0.11135E+02  0.40806E+02 -0.32612E-02 -0.29874E+02 -0.79638E+03 -0.23713E+02  0.00000E+00  0.13783E+02  0.66059E+01  0.11359E+02  0.22407E+00   6122  0.00000E+00      0.000
     261.0000  0.00000E+00  0.37592E+00 -0.25572E-08  0.00000E+00 -0.53644E-06 -0.13950E+02  0.58217E+02 -0.11135E+02  0.40806E+02 -0.32617E-02 -0.29876E+02 -0.79638E+03 -0.23714E+02  0.00000E+00  0.13783E+02  0.66059E+01  0.11359E+02  0.22407E+00   6124  0.00000E+00      0.000
     262.0000  0.00000E+00  0.20066E+00 -0.22776E-08  0.00000E+00 -0.53644E-06 -0.13950E+02  0.58418E+02 -0.11135E+02  0.40806E+02 -0.32622E-02 -0.29878E+02 -0.79638E+03 -0.23716E+02  0.00000E+00  0.13783E+02  0.66059E+01  0.11359E+02  0.22407E+00   6126  0.00000E+00      0.000
     263.0000  0.00000E+00  0.18288E+00 -0.20103E-08  0.00000E+00 -0.53644E-06 -0.13950E+02  0.58600E+02 -0.11135E+02  0.40806E+02 -0.32628E-02 -0.29880E+02 -0.79638E+03 -0.23717E+02  0.00000E+00  0.13783E+02  0.66059E+01  0.11359E+02  0.22407E+00   6128  0.00000E+00      0.000
     264.0000  0.00000E+00  0.48260E-01 -0.17501E-08  0.00000E+00 -0.53644E-06 -0.13950E+02  0.58649E+02 -0.11135E+02  0.40806E+02 -0.32633E-02 -0.29881E+02 -0.79638E+03 -0.23718E+02  0.00000E+00  0.13783E+02  0.66059E+01  0.11359E+02  0.22407E+00   6130  0.00000E+00      0.000
     265.0000  0.00000E+00  0.45720E-01 -0.14820E-08  0.00000E+00 -0.53644E-06 -0.13950E+02  0.58694E+02 -0.11135E+02  0.40806E+02 -0.32638E-02 -0.29883E+02 -0.79638E+03 -0.23719E+02  0.00000E+00  0.13783E+02  0.66059E+01  0.11359E+02  0.22407E+00   6132  0.00000E+00      0.000
     266.0000  0.00000E+00  0.23622E+00 -0.12180E-08  0.45518E-05 -0.53644E-06 -0.13950E+02  0.58931E+02 -0.11135E+02  0.40806E+02 -0.32644E-02 -0.29885E+02 -0.79638E+03 -0.23720E+02  0.00000E+00  0.13783E+02  0.66059E+01  0.11359E+02  0.22407E+00   6134  0.00000E+00      0.000
     267.0000  0.00000E+00  0.22860E+00 -0.10414E-08  0.00000E+00 -0.53644E-06 -0.13950E+02  0.59159E+02 -0.11135E+02  0.40806E+02 -0.32649E-02 -0.29887E+02 -0.79638E+03 -0.23721E+02  0.00000E+00  0.13783E+02  0.66059E+01  0.11359E+02  0.22407E+00   6136  0.00000E+00      0.000
     268.0000  0.00000E+00  0.22606E+00 -0.77944E-09  0.00000E+00 -0.53644E-06 -0.13950E+02  0.59385E+02 -0.11135E+02  0.40806E+02 -0.32655E-02 -0.29888E+02 -0.79638E+03 -0.23722E+02  0.00000E+00  0.13783E+02  0.66059E+01  0.11359E+02  0.22407E+00   6138  0.00000E+00      0.000
     269.0000  0.00000E+00  0.28956E+00 -0.70474E-09  0.00000E+00 -0.53644E-06 -0.13950E+02  0.59675E+02 -0.11135E+02  0.40806E+02 -0.32660E-02 -0.29890E+02 -0.79638E+03 -0.23723E+02  0.00000E+00  0.13783E+02  0.66059E+01  0.11359E+02  0.22407E+00   6140  0.00000E+00      0.000
     270.0000  0.00000E+00  0.22098E+00 -0.43178E-09  0.00000E+00 -0.53644E-06 -0.13950E+02  0.59896E+02 -0.11135E+02  0.40806E+02 -0.32665E-02 -0.29892E+02 -0.79638E+03 -0.23725E+02  0.00000E+00  0.13783E+02  0.66059E+01  0.11359E+02  0.22407E+00   6142  0.00000E+00      0.000
     271.0000  0.00000E+00  0.28702E+00 -0.16485E-09  0.00000E+00 -0.53644E-06 -0.13950E+02  0.60183E+02 -0.11135E+02  0.40806E+02 -0.32671E-02 -0.29894E+02 -0.79638E+03 -0.23726E+02  0.00000E+00  0.13783E+02  0.66059E+01  0.11359E+02  0.22407E+00   6144  0.00000E+00      0.000
     272.0000  0.00000E+00  0.23114E+00  0.10141E-09  0.00000E+00 -0.53644E-06 -0.13950E+02  0.60414E+02 -0.11135E+02  0.40806E+02 -0.32676E-02 -0.29896E+02 -0.79638E+03 -0.23727E+02  0.00000E+00  0.13783E+02  0.66059E+01  0.11359E+02  0.22407E+00   6146  0.00000E+00      0.000
     273.0000  0.00000E+00  0.66040E-01  0.36573E-09  0.21190E-05 -0.53644E-06 -0.13950E+02  0.60480E+02 -0.11135E+02  0.40806E+02 -0.32681E-02 -0.29897E+02 -0.79638E+03 -0.23728E+02  0.00000E+00  0.13783E+02  0.66059E+01  0.11359E+02  0.22407E+00   6148  0.00000E+00      0.000
     274.0000  0.22860E-01  0.00000E+00  0.22860E-01  0.00000E+00 -0.53644E-06 -0.13927E+02  0.60480E+02 -0.11112E+02  0.40806E+02 -0.32687E-02 -0.65269E+02 -0.79638E+03 -0.23729E+02  0.00000E+00  0.13783E+02  0.65831E+01  0.11359E+02  0.24693E+00   6150  0.00000E+00      0.000
     275.0000  0.21844E+00  0.00000E+00  0.11519E+00  0.00000E+00 -0.53644E-06 -0.13708E+02  0.60480E+02 -0.10945E+02  0.40806E+02 -0.32692E-02 -0.10000E+07 -0.79638E+03 -0.23730E+02  0.00000E+00  0.13783E+02  0.64162E+01  0.11359E+02  0.41375E+00   6152  0.00000E+00      0.000
     276.0000  0.13462E+00  0.00000E+00 -0.78417E-05  0.00000E+00 -0.53644E-06 -0.13574E+02  0.60480E+02 -0.10945E+02  0.40806E+02 -0.32697E-02 -0.10000E+07 -0.79638E+03 -0.23731E+02  0.00000E+00  0.13783E+02  0.64163E+01  0.11359E+02  0.41375E+00   6154  0.00000E+00      0.000
     277.0000  0.19050E+00  0.00000E+00  0.99840E-31  0.00000E+00 -0.53644E-06 -0.13383E+02  0.60480E+02 -0.10945E+02  0.40806E+02 -0.32703E-02 -0.10000E+07 -0.79638E+03 -0.23732E+02  0.00000E+00  0.13783E+02  0.64163E+01  0.11359E+02  0.41375E+00   6156  0.00000E+00      0.000
     278.0000  0.11938E+00  0.00000E+00  0.99840E-31  0.00000E+00 -0.53644E-06 -0.13264E+02  0.60480E+02 -0.10945E+02  0.40806E+02 -0.32708E-02 -0.10000E+07 -0.79638E+03 -0.23734E+02  0.00000E+00  0.13783E+02  0.64163E+01  0.11359E+02  0.41375E+00   6158  0.00000E+00      0.000
     279.0000  0.19558E+00  0.00000E+00  0.99840E-31  0.00000E+00 -0.53644E-06 -0.13068E+02  0.60480E+02 -0.10945E+02  0.40806E+02 -0.32714E-02 -0.10000E+07 -0.79638E+03 -0.23735E+02  0.00000E+00  0.13783E+02  0.64163E+01  0.11359E+02  0.41375E+00   6160  0.00000E+00      0.000
     280.0000  0.18796E+00  0.00000E+00  0.99840E-31  0.00000E+00 -0.53644E-06 -0.12880E+02  0.60480E+02 -0.10945E+02  0.40806E+02 -0.32719E-02 -0.10000E+07 -0.79638E+03 -0.23736E+02  0.00000E+00  0.13783E+02  0.64163E+01  0.11359E+02  0.41375E+00   6162  0.00000E+00      0.000
     281.0000  0.23368E+00  0.00000E+00  0.99840E-31  0.00000E+00 -0.53644E-06 -0.12647E+02  0.60480E+02 -0.10945E+02  0.40806E+02 -0.32724E-02 -0.10000E+07 -0.79638E+03 -0.23737E+02  0.00000E+00  0.13783E+02  0.64163E+01  0.11359E+02  0.41375E+00   6164  0.00000E+00      0.000
     282.0000  0.24130E+00  0.00000E+00  0.99840E-31  0.00000E+00 -0.53644E-06 -0.12405E+02  0.60480E+02 -0.10945E+02  0.40806E+02 -0.32730E-02 -0.10000E+07 -0.79638E+03 -0.23738E+02  0.00000E+00  0.13783E+02  0.64163E+01  0.11359E+02  0.41375E+00   6166  0.00000E+00      0.000
     283.0000  0.21082E+00  0.00000E+00  0.99840E-31  0.00000E+00 -0.53644E-06 -0.12194E+02  0.60480E+02 -0.10945E+02  0.40806E+02 -0.32735E-02 -0.10000E+07 -0.79638E+03 -0.23739E+02  0.00000E+00  0.13783E+02  0.64163E+01  0.11359E+02  0.41375E+00   6168  0.00000E+00      0.000
     284.0000  0.15494E+00  0.00000E+00  0.99840E-31  0.00000E+00 -0.53644E-06 -0.12040E+02  0.60480E+02 -0.10945E+02  0.40806E+02 -0.32740E-02 -0.10000E+07 -0.79638E+03 -0.23740E+02  0.00000E+00  0.13783E+02  0.64163E+01  0.11359E+02  0.41375E+00   6170  0.00000E+00      0.000
     285.0000  0.20320E-01  0.00000E+00  0.99840E-31  0.00000E+00 -0.53644E-06 -0.12019E+02  0.60480E+02 -0.10945E+02  0.40806E+02 -0.32746E-02 -0.10000E+07 -0.79638E+03 -0.23741E+02  0.00000E+00  0.13783E+02  0.64163E+01  0.11359E+02  0.41375E+00   6172  0.00000E+00      0.000
     286.0000  0.73660E-01  0.00000E+00  0.99840E-31  0.00000E+00 -0.53644E-06 -0.11946E+02  0.60480E+02 -0.10945E+02  0.40806E+02 -0.32751E-02 -0.10000E+07 -0.79638E+03 -0.23743E+02  0.00000E+00  0.13783E+02  0.64163E+01  0.11359E+02  0.41375E+00   6174  0.00000E+00      0.000
     287.0000  0.13716E+00  0.00000E+00  0.99840E-31  0.00000E+00 -0.53644E-06 -0.11808E+02  0.60480E+02 -0.10945E+02  0.40806E+02 -0.32756E-02 -0.10000E+07 -0.79638E+03 -0.23744E+02  0.00000E+00  0.13783E+02  0.64163E+01  0.11359E+02  0.41375E+00   6176  0.00000E+00      0.000
     288.0000  0.17780E+00  0.00000E+00  0.99840E-31  0.00000E+00 -0.53644E-06 -0.11631E+02  0.60480E+02 -0.10945E+02  0.40806E+02 -0.32762E-02 -0.10000E+07 -0.79638E+03 -0.23745E+02  0.00000E+00  0.13783E+02  0.64163E+01  0.11359E+02  0.41375E+00   6178  0.00000E+00      0.000
     289.0000  0.18288E+00  0.00000E+00  0.99840E-31  0.00000E+00 -0.53644E-06 -0.11448E+02  0.60480E+02 -0.10945E+02  0.40806E+02 -0.32767E-02 -0.10000E+07 -0.79638E+03 -0.23746E+02  0.00000E+00  0.13783E+02  0.64163E+01  0.11359E+02  0.41375E+00   6180  0.00000E+00      0.000
     290.0000  0.24892E+00  0.00000E+00  0.99840E-31  0.00000E+00 -0.53644E-06 -0.11199E+02  0.60480E+02 -0.10945E+02  0.40806E+02 -0.32773E-02 -0.10000E+07 -0.79638E+03 -0.23747E+02  0.00000E+00  0.13783E+02  0.64163E+01  0.11359E+02  0.41375E+00   6182  0.00000E+00      0.000
     291.0000  0.36322E+00  0.00000E+00  0.99840E-31  0.00000E+00 -0.53644E-06 -0.10836E+02  0.60480E+02 -0.10945E+02  0.40806E+02 -0.32778E-02 -0.10000E+07 -0.79638E+03 -0.23748E+02  0.00000E+00  0.13783E+02  0.64163E+01  0.11359E+02  0.41375E+00   6184  0.00000E+00      0.000
     292.0000  0.42164E+00  0.00000E+00  0.99840E-31  0.00000E+00 -0.53644E-06 -0.10414E+02  0.60480E+02 -0.10945E+02  0.40806E+02 -0.32783E-02 -0.10000E+07 -0.79638E+03 -0.23749E+02  0.00000E+00  0.13783E+02  0.64163E+01  0.11359E+02  0.41375E+00   6186  0.00000E+00      0.000
     293.0000  0.26924E+00  0.00000E+00  0.99840E-31  0.00000E+00 -0.53644E-06 -0.10145E+02  0.60480E+02 -0.10945E+02  0.40806E+02 -0.32789E-02 -0.10000E+07 -0.79638E+03 -0.23750E+02  0.00000E+00  0.13783E+02  0.64163E+01  0.11359E+02  0.41375E+00   6188  0.00000E+00      0.000
     294.0000  0.10922E+00  0.00000E+00  0.99840E-31  0.00000E+00 -0.53644E-06 -0.10035E+02  0.60480E+02 -0.10945E+02  0.40806E+02 -0.32794E-02 -0.10000E+07 -0.79638E+03 -0.23752E+02  0.00000E+00  0.13783E+02  0.64163E+01  0.11359E+02  0.41375E+00   6190  0.00000E+00      0.000
     295.0000  0.68580E-01  0.00000E+00  0.99840E-31  0.00000E+00 -0.53644E-06 -0.99669E+01  0.60480E+02 -0.10945E+02  0.40806E+02 -0.32799E-02 -0.10000E+07 -0.79638E+03 -0.23753E+02  0.00000E+00  0.13783E+02  0.64163E+01  0.11359E+02  0.41375E+00   6192  0.00000E+00      0.000
     296.0000  0.33020E-01  0.00000E+00  0.99840E-31  0.00000E+00 -0.53644E-06 -0.99339E+01  0.60480E+02 -0.10945E+02  0.40806E+02 -0.32805E-02 -0.10000E+07 -0.79638E+03 -0.23754E+02  0.00000E+00  0.13783E+02  0.64163E+01  0.11359E+02  0.41375E+00   6194  0.00000E+00      0.000
     297.0000  0.22860E-01  0.00000E+00  0.99840E-31  0.00000E+00 -0.53644E-06 -0.99110E+01  0.60480E+02 -0.10945E+02  0.40806E+02 -0.32810E-02 -0.10000E+07 -0.79638E+03 -0.23755E+02  0.00000E+00  0.13783E+02  0.64163E+01  0.11359E+02  0.41375E+00   6196  0.00000E+00      0.000
     298.0000  0.27940E-01  0.00000E+00  0.99840E-31  0.00000E+00 -0.53644E-06 -0.98831E+01  0.60480E+02 -0.10945E+02  0.40806E+02 -0.32815E-02 -0.10000E+07 -0.79638E+03 -0.23756E+02  0.00000E+00  0.13783E+02  0.64163E+01  0.11359E+02  0.41375E+00   6198  0.00000E+00      0.000
     299.0000  0.25400E-01  0.00000E+00  0.99840E-31  0.00000E+00 -0.53644E-06 -0.98577E+01  0.60480E+02 -0.10945E+02  0.40806E+02 -0.32821E-02 -0.10000E+07 -0.79638E+03 -0.23757E+02  0.00000E+00  0.13783E+02  0.64163E+01  0.11359E+02  0.41375E+00   6200  0.00000E+00      0.000
     300.0000  0.22860E-01  0.00000E+00  0.99840E-31  0.00000E+00 -0.53644E-06 -0.98348E+01  0.60480E+02 -0.10945E+02  0.40806E+02 -0.32826E-02 -0.10000E+07 -0.79638E+03 -0.23758E+02  0.00000E+00  0.13783E+02  0.64163E+01  0.11359E+02  0.41375E+00   6202  0.00000E+00      0.000
     301.0000  0.40640E-01  0.00000E+00  0.99840E-31  0.00000E+00 -0.53644E-06 -0.97942E+01  0.60480E+02 -0.10945E+02  0.40806E+02 -0.32832E-02 -0.10000E+07 -0.79638E+03 -0.23759E+02  0.00000E+00  0.13783E+02  0.64163E+01  0.11359E+02  0.41375E+00   6204  0.00000E+00      0.000
     302.0000  0.66040E-01  0.00000E+00  0.99840E-31  0.00000E+00 -0.53644E-06 -0.97281E+01  0.60480E+02 -0.10945E+02  0.40806E+02 -0.32837E-02 -0.10000E+07 -0.79638E+03 -0.23760E+02  0.00000E+00  0.13783E+02  0.64163E+01  0.11359E+02  0.41375E+00   6206  0.00000E+00      0.000
     303.0000  0.10160E+00  0.00000E+00  0.99840E-31  0.00000E+00 -0.53644E-06 -0.96265E+01  0.60480E+02 -0.10945E+02  0.40806E+02 -0.32842E-02 -0.10000E+07 -0.79638E+03 -0.23762E+02  0.00000E+00  0.13783E+02  0.64163E+01  0.11359E+02  0.41375E+00   6208  0.00000E+00      0.000
     304.0000  0.13462E+00  0.00000E+00  0.99840E-31  0.00000E+00 -0.53644E-06 -0.94919E+01  0.60480E+02 -0.10945E+02  0.40806E+02 -0.32848E-02 -0.10000E+07 -0.79638E+03 -0.23763E+02  0.00000E+00  0.13783E+02  0.64163E+01  0.11359E+02  0.41375E+00   6210  0.00000E+00      0.000
     305.0000  0.15748E+00  0.00000E+00  0.99840E-31  0.00000E+00 -0.53644E-06 -0.93344E+01  0.60480E+02 -0.10945E+02  0.40806E+02 -0.32853E-02 -0.10000E+07 -0.79638E+03 -0.23764E+02  0.00000E+00  0.13783E+02  0.64163E+01  0.11359E+02  0.41375E+00   6212  0.00000E+00      0.000
     306.0000  0.11176E+00  0.00000E+00  0.99840E-31  0.00000E+00 -0.53644E-06 -0.92227E+01  0.60480E+02 -0.10945E+02  0.40806E+02 -0.32858E-02 -0.10000E+07 -0.79638E+03 -0.23765E+02  0.00000E+00  0.13783E+02  0.64163E+01  0.11359E+02  0.41375E+00   6214  0.00000E+00      0.000
     307.0000  0.14478E+00  0.00000E+00  0.99840E-31  0.00000E+00 -0.53644E-06 -0.90779E+01  0.60480E+02 -0.10945E+02  0.40806E+02 -0.32864E-02 -0.10000E+07 -0.79638E+03 -0.23766E+02  0.00000E+00  0.13783E+02  0.64163E+01  0.11359E+02  0.41375E+00   6216  0.00000E+00      0.000
     308.0000  0.19050E+00  0.00000E+00  0.99840E-31  0.00000E+00 -0.53644E-06 -0.88874E+01  0.60480E+02 -0.10945E+02  0.40806E+02 -0.32869E-02 -0.10000E+07 -0.79638E+03 -0.23767E+02  0.00000E+00  0.13783E+02  0.64163E+01  0.11359E+02  0.41375E+00   6218  0.00000E+00      0.000
     309.0000  0.23876E+00  0.00000E+00  0.99840E-31  0.00000E+00 -0.53644E-06 -0.86486E+01  0.60480E+02 -0.10945E+02  0.40806E+02 -0.32874E-02 -0.10000E+07 -0.79638E+03 -0.23768E+02  0.00000E+00  0.13783E+02  0.64163E+01  0.11359E+02  0.41375E+00   6220  0.00000E+00      0.000
     310.0000  0.11430E+00  0.00000E+00  0.99840E-31  0.00000E+00 -0.53644E-06 -0.85343E+01  0.60480E+02 -0.10945E+02  0.40806E+02 -0.32880E-02 -0.10000E+07 -0.79638E+03 -0.23770E+02  0.00000E+00  0.13783E+02  0.64163E+01  0.11359E+02  0.41375E+00   6222  0.00000E+00      0.000
     311.0000  0.20320E+00  0.00000E+00  0.99840E-31  0.00000E+00 -0.53644E-06 -0.83311E+01  0.60480E+02 -0.10945E+02  0.40806E+02 -0.32885E-02 -0.10000E+07 -0.79638E+03 -0.23771E+02  0.00000E+00  0.13783E+02  0.64163E+01  0.11359E+02  0.41375E+00   6224  0.00000E+00      0.000
     312.0000  0.12954E+00  0.00000E+00  0.99840E-31  0.00000E+00 -0.53644E-06 -0.82016E+01  0.60480E+02 -0.10945E+02  0.40806E+02 -0.32891E-02 -0.10000E+07 -0.79638E+03 -0.23772E+02  0.00000E+00  0.13783E+02  0.64163E+01  0.11359E+02  0.41375E+00   6226  0.00000E+00      0.000
     313.0000  0.12446E+00  0.00000E+00  0.99840E-31  0.00000E+00 -0.53644E-06 -0.80771E+01  0.60480E+02 -0.10945E+02  0.40806E+02 -0.32896E-02 -0.10000E+07 -0.79638E+03 -0.23773E+02  0.00000E+00  0.13783E+02  0.64163E+01  0.11359E+02  0.41375E+00   6228  0.00000E+00      0.000
     314.0000  0.15494E+00  0.00000E+00  0.99840E-31  0.00000E+00 -0.53644E-06 -0.79222E+01  0.60480E+02 -0.10945E+02  0.40806E+02 -0.32901E-02 -0.10000E+07 -0.79638E+03 -0.23774E+02  0.00000E+00  0.13783E+02  0.64163E+01  0.11359E+02  0.41375E+00   6230  0.00000E+00      0.000
     315.0000  0.28956E+00  0.00000E+00  0.99840E-31  0.00000E+00 -0.53644E-06 -0.76326E+01  0.60480E+02 -0.10945E+02  0.40806E+02 -0.32907E-02 -0.10000E+07 -0.79638E+03 -0.23775E+02  0.00000E+00  0.13783E+02  0.64163E+01  0.11359E+02  0.41375E+00   6232  0.00000E+00      0.000
     316.0000  0.13462E+00  0.00000E+00  0.99840E-31  0.00000E+00 -0.53644E-06 -0.74980E+01  0.60480E+02 -0.10945E+02  0.40806E+02 -0.32912E-02 -0.10000E+07 -0.79638E+03 -0.23776E+02  0.00000E+00  0.13783E+02  0.64163E+01  0.11359E+02  0.41375E+00   6234  0.00000E+00      0.000
     317.0000  0.24892E+00  0.00000E+00  0.99840E-31  0.00000E+00 -0.53644E-06 -0.72491E+01  0.60480E+02 -0.10945E+02  0.40806E+02 -0.32917E-02 -0.10000E+07 -0.79638E+03 -0.23777E+02  0.00000E+00  0.13783E+02  0.64163E+01  0.11359E+02  0.41375E+00   6236  0.00000E+00      0.000
     318.0000  0.18542E+00  0.00000E+00  0.99840E-31  0.00000E+00 -0.53644E-06 -0.70637E+01  0.60480E+02 -0.10945E+02  0.40806E+02 -0.32923E-02 -0.10000E+07 -0.79638E+03 -0.23778E+02  0.00000E+00  0.13783E+02  0.64163E+01  0.11359E+02  0.41375E+00   6238  0.00000E+00      0.000
     319.0000  0.18796E+00  0.00000E+00  0.99840E-31  0.00000E+00 -0.53644E-06 -0.68757E+01  0.60480E+02 -0.10945E+02  0.40806E+02 -0.32928E-02 -0.10000E+07 -0.79638E+03 -0.23780E+02  0.00000E+00  0.13783E+02  0.64163E+01  0.11359E+02  0.41375E+00   6240  0.00000E+00      0.000
     320.0000  0.99060E-01  0.00000E+00  0.99840E-31  0.00000E+00 -0.53644E-06 -0.67767E+01  0.60480E+02 -0.10945E+02  0.40806E+02 -0.32934E-02 -0.10000E+07 -0.79638E+03 -0.23781E+02  0.00000E+00  0.13783E+02  0.64163E+01  0.11359E+02  0.41375E+00   6242  0.00000E+00      0.000
     321.0000  0.27432E+00  0.00000E+00  0.99840E-31  0.00000E+00 -0.53644E-06 -0.65023E+01  0.60480E+02 -0.10945E+02  0.40806E+02 -0.32939E-02 -0.10000E+07 -0.79638E+03 -0.23782E+02  0.00000E+00  0.13783E+02  0.64163E+01  0.11359E+02  0.41375E+00   6244  0.00000E+00      0.000
     322.0000  0.19304E+00  0.00000E+00  0.99840E-31  0.00000E+00 -0.53644E-06 -0.63093E+01  0.60480E+02 -0.10945E+02  0.40806E+02 -0.32944E-02 -0.10000E+07 -0.79638E+03 -0.23783E+02  0.00000E+00  0.13783E+02  0.64163E+01  0.11359E+02  0.41375E+00   6246  0.00000E+00      0.000
     323.0000  0.18796E+00  0.00000E+00  0.99840E-31  0.00000E+00 -0.53644E-06 -0.61213E+01  0.60480E+02 -0.10945E+02  0.40806E+02 -0.32950E-02 -0.10000E+07 -0.79638E+03 -0.23784E+02  0.00000E+00  0.13783E+02  0.64163E+01  0.11359E+02  0.41375E+00   6248  0.00000E+00      0.000
     324.0000  0.16510E+00  0.00000E+00  0.99840E-31  0.00000E+00 -0.53644E-06 -0.59562E+01  0.60480E+02 -0.10945E+02  0.40806E+02 -0.32955E-02 -0.10000E+07 -0.79638E+03 -0.23785E+02  0.00000E+00  0.13783E+02  0.64162E+01  0.11359E+02  0.41375E+00   6250  0.00000E+00      0.000
     325.0000  0.33274E+00  0.00000E+00  0.99840E-31  0.00000E+00 -0.53644E-06 -0.56235E+01  0.60480E+02 -0.10945E+02  0.40806E+02 -0.32960E-02 -0.10000E+07 -0.79638E+03 -0.23786E+02  0.00000E+00  0.13783E+02  0.64162E+01  0.11359E+02  0.41375E+00   6252  0.00000E+00      0.000
     326.0000  0.15240E+00  0.00000E+00  0.99840E-31  0.00000E+00 -0.53644E-06 -0.54711E+01  0.60480E+02 -0.10945E+02  0.40806E+02 -0.32966E-02 -0.10000E+07 -0.79638E+03 -0.23787E+02  0.00000E+00  0.13783E+02  0.64162E+01  0.11359E+02  0.41375E+00   6254  0.00000E+00      0.000
     327.0000  0.10160E-01  0.00000E+00  0.99840E-31  0.00000E+00 -0.53644E-06 -0.54609E+01  0.60480E+02 -0.10945E+02  0.40806E+02 -0.32971E-02 -0.10000E+07 -0.79638E+03 -0.23789E+02  0.00000E+00  0.13783E+02  0.64162E+01  0.11359E+02  0.41375E+00   6256  0.00000E+00      0.000
     328.0000  0.17780E-01  0.00000E+00  0.99840E-31  0.00000E+00 -0.53644E-06 -0.54432E+01  0.60480E+02 -0.10945E+02  0.40806E+02 -0.32976E-02 -0.10000E+07 -0.79638E+03 -0.23790E+02  0.00000E+00  0.13783E+02  0.64162E+01  0.11359E+02  0.41375E+00   6258  0.00000E+00      0.000
     329.0000  0.60960E-01  0.00000E+00  0.99840E-31  0.00000E+00 -0.53644E-06 -0.53822E+01  0.60480E+02 -0.10945E+02  0.40806E+02 -0.32982E-02 -0.10000E+07 -0.79638E+03 -0.23791E+02  0.00000E+00  0.13783E+02  0.64162E+01  0.11359E+02  0.41375E+00   6260  0.00000E+00      0.000
     330.0000  0.58420E-01  0.00000E+00  0.99840E-31  0.00000E+00 -0.53644E-06 -0.53238E+01  0.60480E+02 -0.10945E+02  0.40806E+02 -0.32987E-02 -0.10000E+07 -0.79638E+03 -0.23792E+02  0.00000E+00  0.13783E+02  0.64162E+01  0.11359E+02  0.41375E+00   6262  0.00000E+00      0.000
     331.0000  0.18288E+00  0.00000E+00  0.99840E-31  0.00000E+00 -0.53644E-06 -0.51409E+01  0.60480E+02 -0.10945E+02  0.40806E+02 -0.32993E-02 -0.10000E+07 -0.79638E+03 -0.23793E+02  0.00000E+00  0.13783E+02  0.64162E+01  0.11359E+02  0.41375E+00   6264  0.00000E+00      0.000
     332.0000  0.28194E+00  0.00000E+00  0.99840E-31  0.00000E+00 -0.53644E-06 -0.48590E+01  0.60480E+02 -0.10945E+02  0.40806E+02 -0.32998E-02 -0.10000E+07 -0.79638E+03 -0.23794E+02  0.00000E+00  0.13783E+02  0.64162E+01  0.11359E+02  0.41375E+00   6266  0.00000E+00      0.000
     333.0000  0.10668E+00  0.00000E+00  0.99840E-31  0.00000E+00 -0.53644E-06 -0.47523E+01  0.60480E+02 -0.10945E+02  0.40806E+02 -0.33003E-02 -0.10000E+07 -0.79638E+03 -0.23795E+02  0.00000E+00  0.13783E+02  0.64162E+01  0.11359E+02  0.41375E+00   6268  0.00000E+00      0.000
     334.0000  0.25400E-01  0.00000E+00  0.99840E-31  0.00000E+00 -0.53644E-06 -0.47269E+01  0.60480E+02 -0.10945E+02  0.40806E+02 -0.33009E-02 -0.10000E+07 -0.79638E+03 -0.23796E+02  0.00000E+00  0.13783E+02  0.64162E+01  0.11359E+02  0.41375E+00   6270  0.00000E+00      0.000
     335.0000  0.11430E+00  0.00000E+00  0.99840E-31  0.00000E+00 -0.53644E-06 -0.46126E+01  0.60480E+02 -0.10945E+02  0.40806E+02 -0.33014E-02 -0.10000E+07 -0.79638E+03 -0.23798E+02  0.00000E+00  0.13783E+02  0.64162E+01  0.11359E+02  0.41375E+00   6272  0.00000E+00      0.000
     336.0000  0.16510E+00  0.00000E+00  0.99840E-31  0.00000E+00 -0.53644E-06 -0.44475E+01  0.60480E+02 -0.10945E+02  0.40806E+02 -0.33019E-02 -0.10000E+07 -0.79638E+03 -0.23799E+02  0.00000E+00  0.13783E+02  0.64162E+01  0.11359E+02  0.41375E+00   6274  0.00000E+00      0.000
     337.0000  0.17018E+00  0.00000E+00  0.99840E-31  0.00000E+00 -0.53644E-06 -0.42773E+01  0.60480E+02 -0.10945E+02  0.40806E+02 -0.33025E-02 -0.10000E+07 -0.79638E+03 -0.23800E+02  0.00000E+00  0.13783E+02  0.64162E+01  0.11359E+02  0.41375E+00   6276  0.00000E+00      0.000
     338.0000  0.16256E+00  0.00000E+00  0.99840E-31  0.00000E+00 -0.53644E-06 -0.41147E+01  0.60480E+02 -0.10945E+02  0.40806E+02 -0.33030E-02 -0.10000E+07 -0.79638E+03 -0.23801E+02  0.00000E+00  0.13783E+02  0.64162E+01  0.11359E+02  0.41375E+00   6278  0.00000E+00      0.000
     339.0000  0.33782E+00  0.00000E+00  0.99840E-31  0.00000E+00 -0.53644E-06 -0.37769E+01  0.60480E+02 -0.10945E+02  0.40806E+02 -0.33035E-02 -0.10000E+07 -0.79638E+03 -0.23802E+02  0.00000E+00  0.13783E+02  0.64162E+01  0.11359E+02  0.41375E+00   6280  0.00000E+00      0.000
     340.0000  0.25146E+00  0.00000E+00  0.99840E-31  0.00000E+00 -0.53644E-06 -0.35255E+01  0.60480E+02 -0.10945E+02  0.40806E+02 -0.33041E-02 -0.10000E+07 -0.79638E+03 -0.23803E+02  0.00000E+00  0.13783E+02  0.64162E+01  0.11359E+02  0.41375E+00   6282  0.00000E+00      0.000
     341.0000  0.91440E-01  0.00000E+00  0.99840E-31  0.00000E+00 -0.53644E-06 -0.34340E+01  0.60480E+02 -0.10945E+02  0.40806E+02 -0.33046E-02 -0.10000E+07 -0.79638E+03 -0.23804E+02  0.00000E+00  0.13783E+02  0.64162E+01  0.11359E+02  0.41375E+00   6284  0.00000E+00      0.000
     342.0000  0.33020E-01  0.00000E+00  0.99840E-31  0.00000E+00 -0.53644E-06 -0.34010E+01  0.60480E+02 -0.10945E+02  0.40806E+02 -0.33052E-02 -0.10000E+07 -0.79638E+03 -0.23805E+02  0.00000E+00  0.13783E+02  0.64162E+01  0.11359E+02  0.41375E+00   6286  0.00000E+00      0.000
     343.0000  0.13970E+00  0.00000E+00  0.99840E-31  0.00000E+00 -0.53644E-06 -0.32613E+01  0.60480E+02 -0.10945E+02  0.40806E+02 -0.33057E-02 -0.10000E+07 -0.79638E+03 -0.23807E+02  0.00000E+00  0.13783E+02  0.64162E+01  0.11359E+02  0.41375E+00   6288  0.00000E+00      0.000
     344.0000  0.21082E+00  0.00000E+00  0.99840E-31  0.00000E+00 -0.53644E-06 -0.30505E+01  0.60480E+02 -0.10945E+02  0.40806E+02 -0.33062E-02 -0.10000E+07 -0.79638E+03 -0.23808E+02  0.00000E+00  0.13783E+02  0.64162E+01  0.11359E+02  0.41375E+00   6290  0.00000E+00      0.000
     345.0000  0.45720E-01  0.00000E+00  0.99840E-31  0.00000E+00 -0.53644E-06 -0.30048E+01  0.60480E+02 -0.10945E+02  0.40806E+02 -0.33068E-02 -0.10000E+07 -0.79638E+03 -0.23809E+02  0.00000E+00  0.13783E+02  0.64162E+01  0.11359E+02  0.41375E+00   6292  0.00000E+00      0.000
     346.0000  0.40640E-01  0.00000E+00  0.99840E-31  0.00000E+00 -0.53644E-06 -0.29641E+01  0.60480E+02 -0.10945E+02  0.40806E+02 -0.33073E-02 -0.10000E+07 -0.79638E+03 -0.23810E+02  0.00000E+00  0.13783E+02  0.64162E+01  0.11359E+02  0.41375E+00   6294  0.00000E+00      0.000
     347.0000  0.13716E+00  0.00000E+00  0.99840E-31  0.00000E+00 -0.53644E-06 -0.28270E+01  0.60480E+02 -0.10945E+02  0.40806E+02 -0.33078E-02 -0.10000E+07 -0.79638E+03 -0.23811E+02  0.00000E+00  0.13783E+02  0.64162E+01  0.11359E+02  0.41375E+00   6296  0.00000E+00      0.000
     348.0000  0.11684E+00  0.00000E+00  0.99840E-31  0.00000E+00 -0.53644E-06 -0.27101E+01  0.60480E+02 -0.10945E+02  0.40806E+02 -0.33084E-02 -0.10000E+07 -0.79638E+03 -0.23812E+02  0.00000E+00  0.13783E+02  0.64162E+01  0.11359E+02  0.41375E+00   6298  0.00000E+00      0.000
     349.0000  0.10668E+00  0.00000E+00  0.99840E-31  0.00000E+00 -0.53644E-06 -0.26034E+01  0.60480E+02 -0.10945E+02  0.40806E+02 -0.33089E-02 -0.10000E+07 -0.79638E+03 -0.23813E+02  0.00000E+00  0.13783E+02  0.64162E+01  0.11359E+02  0.41375E+00   6300  0.00000E+00      0.000
     350.0000  0.33020E+00  0.00000E+00  0.99840E-31  0.00000E+00 -0.53644E-06 -0.22732E+01  0.60480E+02 -0.10945E+02  0.40806E+02 -0.33094E-02 -0.10000E+07 -0.79638E+03 -0.23814E+02  0.00000E+00  0.13783E+02  0.64162E+01  0.11359E+02  0.41375E+00   6302  0.00000E+00      0.000
     351.0000  0.66040E-01  0.00000E+00  0.99840E-31  0.00000E+00 -0.53644E-06 -0.22072E+01  0.60480E+02 -0.10945E+02  0.40806E+02 -0.33100E-02 -0.10000E+07 -0.79638E+03 -0.23816E+02  0.00000E+00  0.13783E+02  0.64162E+01  0.11359E+02  0.41375E+00   6304  0.00000E+00      0.000
     352.0000  0.22860E+00  0.00000E+00  0.99840E-31  0.00000E+00 -0.53644E-06 -0.19786E+01  0.60480E+02 -0.10945E+02  0.40806E+02 -0.33105E-02 -0.10000E+07 -0.79638E+03 -0.23817E+02  0.00000E+00  0.13783E+02  0.64162E+01  0.11359E+02  0.41375E+00   6306  0.00000E+00      0.000
     353.0000  0.19304E+00  0.00000E+00  0.99840E-31  0.00000E+00 -0.53644E-06 -0.17856E+01  0.60480E+02 -0.10945E+02  0.40806E+02 -0.33111E-02 -0.10000E+07 -0.79638E+03 -0.23818E+02  0.00000E+00  0.13783E+02  0.64162E+01  0.11359E+02  0.41375E+00   6308  0.00000E+00      0.000
     354.0000  0.20574E+00  0.00000E+00  0.99840E-31  0.00000E+00 -0.53644E-06 -0.15798E+01  0.60480E+02 -0.10945E+02  0.40806E+02 -0.33116E-02 -0.10000E+07 -0.79638E+03 -0.23819E+02  0.00000E+00  0.13783E+02  0.64162E+01  0.11359E+02  0.41375E+00   6310  0.00000E+00      0.000
     355.0000  0.16510E+00  0.00000E+00  0.99840E-31  0.00000E+00 -0.53644E-06 -0.14147E+01  0.60480E+02 -0.10945E+02  0.40806E+02 -0.33121E-02 -0.10000E+07 -0.79638E+03 -0.23820E+02  0.00000E+00  0.13783E+02  0.64162E+01  0.11359E+02  0.41375E+00   6312  0.00000E+00      0.000
     356.0000  0.20320E+00  0.00000E+00  0.99840E-31  0.00000E+00 -0.53644E-06 -0.12115E+01  0.60480E+02 -0.10945E+02  0.40806E+02 -0.33127E-02 -0.10000E+07 -0.79638E+03 -0.23821E+02  0.00000E+00  0.13783E+02  0.64162E+01  0.11359E+02  0.41375E+00   6314  0.00000E+00      0.000
     357.0000  0.73660E-01  0.00000E+00  0.99840E-31  0.00000E+00 -0.53644E-06 -0.11379E+01  0.60480E+02 -0.10945E+02  0.40806E+02 -0.33132E-02 -0.10000E+07 -0.79638E+03 -0.23822E+02  0.00000E+00  0.13783E+02  0.64162E+01  0.11359E+02  0.41375E+00   6316  0.00000E+00      0.000
     358.0000  0.76200E-01  0.00000E+00  0.99840E-31  0.00000E+00 -0.53644E-06 -0.10617E+01  0.60480E+02 -0.10945E+02  0.40806E+02 -0.33137E-02 -0.10000E+07 -0.79638E+03 -0.23823E+02  0.00000E+00  0.13783E+02  0.64162E+01  0.11359E+02  0.41375E+00   6318  0.00000E+00      0.000
     359.0000  0.12954E+00  0.00000E+00  0.99840E-31  0.00000E+00 -0.53644E-06 -0.93212E+00  0.60480E+02 -0.10945E+02  0.40806E+02 -0.33143E-02 -0.10000E+07 -0.79638E+03 -0.23824E+02  0.00000E+00  0.13783E+02  0.64162E+01  0.11359E+02  0.41375E+00   6320  0.00000E+00      0.000
     360.0000  0.16510E+00  0.00000E+00  0.99840E-31  0.00000E+00 -0.53644E-06 -0.76702E+00  0.60480E+02 -0.10945E+02  0.40806E+02 -0.33148E-02 -0.10000E+07 -0.79638E+03 -0.23826E+02  0.00000E+00  0.13783E+02  0.64162E+01  0.11359E+02  0.41375E+00   6322  0.00000E+00      0.000
     361.0000  0.91440E-01  0.00000E+00  0.99840E-31  0.00000E+00 -0.53644E-06 -0.67558E+00  0.60480E+02 -0.10945E+02  0.40806E+02 -0.33153E-02 -0.10000E+07 -0.79638E+03 -0.23827E+02  0.00000E+00  0.13783E+02  0.64162E+01  0.11359E+02  0.41375E+00   6324  0.00000E+00      0.000
     362.0000  0.19050E+00  0.00000E+00  0.99840E-31  0.00000E+00 -0.53644E-06 -0.48508E+00  0.60480E+02 -0.10945E+02  0.40806E+02 -0.33159E-02 -0.10000E+07 -0.79638E+03 -0.23828E+02  0.00000E+00  0.13783E+02  0.64162E+01  0.11359E+02  0.41375E+00   6326  0.00000E+00      0.000
     363.0000  0.78740E-01  0.00000E+00  0.99840E-31  0.00000E+00 -0.53644E-06 -0.40634E+00  0.60480E+02 -0.10945E+02  0.40806E+02 -0.33164E-02 -0.10000E+07 -0.79638E+03 -0.23829E+02  0.00000E+00  0.13783E+02  0.64162E+01  0.11359E+02  0.41375E+00   6328  0.00000E+00      0.000
     364.0000  0.33020E-01  0.00000E+00  0.99840E-31  0.00000E+00 -0.53644E-06 -0.37332E+00  0.60480E+02 -0.10945E+02  0.40806E+02 -0.33170E-02 -0.10000E+07 -0.79638E+03 -0.23830E+02  0.00000E+00  0.13783E+02  0.64162E+01  0.11359E+02  0.41375E+00   6330  0.00000E+00      0.000
     365.0000  0.10668E+00  0.00000E+00  0.99840E-31  0.00000E+00 -0.53644E-06 -0.26664E+00  0.60480E+02 -0.10945E+02  0.40806E+02 -0.33175E-02 -0.10000E+07 -0.79638E+03 -0.23831E+02  0.00000E+00  0.13783E+02  0.64162E+01  0.11359E+02  0.41375E+00   6332  0.00000E+00      0.000
     366.0000  0.12700E+00  0.00000E+00  0.99840E-31  0.00000E+00 -0.53644E-06 -0.13964E+00  0.60480E+02 -0.10945E+02  0.40806E+02 -0.33180E-02 -0.10000E+07 -0.79638E+03 -0.23832E+02  0.00000E+00  0.13783E+02  0.64162E+01  0.11359E+02  0.41375E+00   6334  0.00000E+00      0.000
     367.0000  0.11684E+00  0.00000E+00  0.99840E-31  0.00000E+00 -0.53644E-06 -0.22803E-01  0.60480E+02 -0.10945E+02  0.40806E+02 -0.33186E-02 -0.10000E+07 -0.79638E+03 -0.23833E+02  0.00000E+00  0.13783E+02  0.64162E+01  0.11359E+02  0.41375E+00   6336  0.00000E+00      0.000
     368.0000  0.40640E-01  0.00000E+00  0.99840E-31  0.00000E+00 -0.53644E-06  0.17837E-01  0.60480E+02 -0.10945E+02  0.40806E+02 -0.33191E-02 -0.10000E+07 -0.79638E+03 -0.23835E+02  0.00000E+00  0.13783E+02  0.64162E+01  0.11359E+02  0.41375E+00   6338  0.00000E+00      0.000
     369.0000  0.11176E+00  0.00000E+00  0.99840E-31  0.00000E+00 -0.53644E-06  0.12960E+00  0.60480E+02 -0.10945E+02  0.40806E+02 -0.33196E-02 -0.10000E+07 -0.79638E+03 -0.23836E+02  0.00000E+00  0.13783E+02  0.64162E+01  0.11359E+02  0.41375E+00   6340  0.00000E+00      0.000
     370.0000  0.91440E-01  0.00000E+00  0.99840E-31  0.00000E+00 -0.53644E-06  0.22104E+00  0.60480E+02 -0.10945E+02  0.40806E+02 -0.33202E-02 -0.10000E+07 -0.79638E+03 -0.23837E+02  0.00000E+00  0.13783E+02  0.64162E+01  0.11359E+02  0.41375E+00   6342  0.00000E+00      0.000
     371.0000  0.15240E+00  0.00000E+00  0.99840E-31  0.00000E+00 -0.53644E-06  0.37344E+00  0.60480E+02 -0.10945E+02  0.40806E+02 -0.33207E-02 -0.10000E+07 -0.79638E+03 -0.23838E+02  0.00000E+00  0.13783E+02  0.64162E+01  0.11359E+02  0.41375E+00   6344  0.00000E+00      0.000
     372.0000  0.27940E-01  0.00000E+00  0.99840E-31  0.00000E+00 -0.53644E-06  0.40138E+00  0.60480E+02 -0.10945E+02  0.40806E+02 -0.33212E-02 -0.10000E+07 -0.79638E+03 -0.23839E+02  0.00000E+00  0.13783E+02  0.64162E+01  0.11359E+02  0.41375E+00   6346  0.00000E+00      0.000
     373.0000  0.83820E-01  0.00000E+00  0.99840E-31  0.00000E+00 -0.53644E-06  0.48520E+00  0.60480E+02 -0.10945E+02  0.40806E+02 -0.33218E-02 -0.10000E+07 -0.79638E+03 -0.23840E+02  0.00000E+00  0.13783E+02  0.64162E+01  0.11359E+02  0.41375E+00   6348  0.00000E+00      0.000
     374.0000  0.19050E+00  0.00000E+00  0.99840E-31  0.00000E+00 -0.53644E-06  0.67570E+00  0.60480E+02 -0.10945E+02  0.40806E+02 -0.33223E-02 -0.10000E+07 -0.79638E+03 -0.23841E+02  0.00000E+00  0.13783E+02  0.64162E+01  0.11359E+02  0.41375E+00   6350  0.00000E+00      0.000
     375.0000  0.38100E-01  0.00000E+00  0.99840E-31  0.00000E+00 -0.53644E-06  0.71380E+00  0.60480E+02 -0.10945E+02  0.40806E+02 -0.33229E-02 -0.10000E+07 -0.79638E+03 -0.23842E+02  0.00000E+00  0.13783E+02  0.64162E+01  0.11359E+02  0.41375E+00   6352  0.00000E+00      0.000
     376.0000  0.15240E-01  0.00000E+00  0.99840E-31  0.00000E+00 -0.53644E-06  0.72904E+00  0.60480E+02 -0.10945E+02  0.40806E+02 -0.33234E-02 -0.10000E+07 -0.79638E+03 -0.23844E+02  0.00000E+00  0.13783E+02  0.64162E+01  0.11359E+02  0.41375E+00   6354  0.00000E+00      0.000
     377.0000  0.50800E-02  0.00000E+00  0.99840E-31  0.00000E+00 -0.53644E-06  0.73412E+00  0.60480E+02 -0.10945E+02  0.40806E+02 -0.33239E-02 -0.10000E+07 -0.79638E+03 -0.23845E+02  0.00000E+00  0.13783E+02  0.64162E+01  0.11359E+02  0.41375E+00   6356  0.00000E+00      0.000
     378.0000  0.76200E-02  0.00000E+00  0.99840E-31  0.00000E+00 -0.53644E-06  0.74174E+00  0.60480E+02 -0.10945E+02  0.40806E+02 -0.33245E-02 -0.10000E+07 -0.79638E+03 -0.23846E+02  0.00000E+00  0.13783E+02  0.64162E+01  0.11359E+02  0.41375E+00   6358  0.00000E+00      0.000
     379.0000  0.50800E-02  0.00000E+00  0.99840E-31  0.00000E+00 -0.53644E-06  0.74682E+00  0.60480E+02 -0.10945E+02  0.40806E+02 -0.33250E-02 -0.10000E+07 -0.79638E+03 -0.23847E+02  0.00000E+00  0.13783E+02  0.64162E+01  0.11359E+02  0.41375E+00   6360  0.00000E+00      0.000
     380.0000  0.20320E-01  0.00000E+00  0.99840E-31  0.00000E+00 -0.53644E-06  0.76714E+00  0.60480E+02 -0.10945E+02  0.40806E+02 -0.33255E-02 -0.10000E+07 -0.79638E+03 -0.23848E+02  0.00000E+00  0.13783E+02  0.64162E+01  0.11359E+02  0.41375E+00   6362  0.00000E+00      0.000
     381.0000  0.78740E-01  0.00000E+00  0.99840E-31  0.00000E+00 -0.53644E-06  0.84588E+00  0.60480E+02 -0.10945E+02  0.40806E+02 -0.33261E-02 -0.10000E+07 -0.79638E+03 -0.23849E+02  0.00000E+00  0.13783E+02  0.64162E+01  0.11359E+02  0.41375E+00   6364  0.00000E+00      0.000
     382.0000  0.17780E-01  0.00000E+00  0.99840E-31  0.00000E+00 -0.53644E-06  0.86366E+00  0.60480E+02 -0.10945E+02  0.40806E+02 -0.33266E-02 -0.10000E+07 -0.79638E+03 -0.23850E+02  0.00000E+00  0.13783E+02  0.64162E+01  0.11359E+02  0.41375E+00   6366  0.00000E+00      0.000
     383.0000  0.16510E-01  0.00000E+00  0.99840E-31  0.00000E+00 -0.53644E-06  0.88017E+00  0.60480E+02 -0.10945E+02  0.40806E+02 -0.33271E-02 -0.10000E+07 -0.79638E+03 -0.23851E+02  0.00000E+00  0.13783E+02  0.64162E+01  0.11359E+02  0.41375E+00   6368  0.00000E+00      0.000
     384.0000  0.15240E-01  0.00000E+00  0.99840E-31  0.00000E+00 -0.53644E-06  0.89541E+00  0.60480E+02 -0.10945E+02  0.40806E+02 -0.33277E-02 -0.10000E+07 -0.79638E+03 -0.23853E+02  0.00000E+00  0.13783E+02  0.64162E+01  0.11359E+02  0.41375E+00   6370  0.00000E+00      0.000
     385.0000  0.11430E+00  0.00000E+00  0.99840E-31  0.00000E+00 -0.53644E-06  0.10097E+01  0.60480E+02 -0.10945E+02  0.40806E+02 -0.33282E-02 -0.10000E+07 -0.79638E+03 -0.23854E+02  0.00000E+00  0.13783E+02  0.64162E+01  0.11359E+02  0.41375E+00   6372  0.00000E+00      0.000
     386.0000  0.12954E+00  0.00000E+00  0.99840E-31  0.00000E+00 -0.53644E-06  0.11392E+01  0.60480E+02 -0.10945E+02  0.40806E+02 -0.33288E-02 -0.10000E+07 -0.79638E+03 -0.23855E+02  0.00000E+00  0.13783E+02  0.64162E+01  0.11359E+02  0.41375E+00   6374  0.00000E+00      0.000
     387.0000  0.38100E-01  0.00000E+00  0.99840E-31  0.00000E+00 -0.53644E-06  0.11773E+01  0.60480E+02 -0.10945E+02  0.40806E+02 -0.33293E-02 -0.10000E+07 -0.79638E+03 -0.23856E+02  0.00000E+00  0.13783E+02  0.64162E+01  0.11359E+02  0.41375E+00   6376  0.00000E+00      0.000
     388.0000  0.15494E+00  0.00000E+00  0.99840E-31  0.00000E+00 -0.53644E-06  0.13323E+01  0.60480E+02 -0.10945E+02  0.40806E+02 -0.33298E-02 -0.10000E+07 -0.79638E+03 -0.23857E+02  0.00000E+00  0.13783E+02  0.64162E+01  0.11359E+02  0.41375E+00   6378  0.00000E+00      0.000
     389.0000  0.14732E+00  0.00000E+00  0.99840E-31  0.00000E+00 -0.53644E-06  0.14796E+01  0.60480E+02 -0.10945E+02  0.40806E+02 -0.33304E-02 -0.10000E+07 -0.79638E+03 -0.23858E+02  0.00000E+00  0.13783E+02  0.64162E+01  0.11359E+02  0.41375E+00   6380  0.00000E+00      0.000
     390.0000  0.16510E+00  0.00000E+00  0.99840E-31  0.00000E+00 -0.53644E-06  0.16447E+01  0.60480E+02 -0.10945E+02  0.40806E+02 -0.33309E-02 -0.10000E+07 -0.79638E+03 -0.23859E+02  0.00000E+00  0.13783E+02  0.64162E+01  0.11359E+02  0.41375E+00   6382  0.00000E+00      0.000
     391.0000  0.19304E+00  0.00000E+00  0.99840E-31  0.00000E+00 -0.53644E-06  0.18377E+01  0.60480E+02 -0.10945E+02  0.40806E+02 -0.33314E-02 -0.10000E+07 -0.79638E+03 -0.23860E+02  0.00000E+00  0.13783E+02  0.64162E+01  0.11359E+02  0.41375E+00   6384  0.00000E+00      0.000
     392.0000  0.20574E+00  0.00000E+00  0.99840E-31  0.00000E+00 -0.53644E-06  0.20435E+01  0.60480E+02 -0.10945E+02  0.40806E+02 -0.33320E-02 -0.10000E+07 -0.79638E+03 -0.23862E+02  0.00000E+00  0.13783E+02  0.64162E+01  0.11359E+02  0.41375E+00   6386  0.00000E+00      0.000
     393.0000  0.26162E+00  0.00000E+00  0.99840E-31  0.00000E+00 -0.53644E-06  0.23051E+01  0.60480E+02 -0.10945E+02  0.40806E+02 -0.33325E-02 -0.10000E+07 -0.79638E+03 -0.23863E+02  0.00000E+00  0.13783E+02  0.64162E+01  0.11359E+02  0.41375E+00   6388  0.00000E+00      0.000
     394.0000  0.22352E+00  0.00000E+00  0.99840E-31  0.00000E+00 -0.53644E-06  0.25286E+01  0.60480E+02 -0.10945E+02  0.40806E+02 -0.33330E-02 -0.10000E+07 -0.79638E+03 -0.23864E+02  0.00000E+00  0.13783E+02  0.64162E+01  0.11359E+02  0.41375E+00   6390  0.00000E+00      0.000
     395.0000  0.24892E+00  0.00000E+00  0.99840E-31  0.00000E+00 -0.53644E-06  0.27775E+01  0.60480E+02 -0.10945E+02  0.40806E+02 -0.33336E-02 -0.10000E+07 -0.79638E+03 -0.23865E+02  0.00000E+00  0.13783E+02  0.64162E+01  0.11359E+02  0.41375E+00   6392  0.00000E+00      0.000
     396.0000  0.24130E+00  0.00000E+00  0.99840E-31  0.00000E+00 -0.53644E-06  0.30188E+01  0.60480E+02 -0.10945E+02  0.40806E+02 -0.33341E-02 -0.10000E+07 -0.79638E+03 -0.23866E+02  0.00000E+00  0.13783E+02  0.64162E+01  0.11359E+02  0.41375E+00   6394  0.00000E+00      0.000
     397.0000  0.19558E+00  0.00000E+00  0.99840E-31  0.00000E+00 -0.53644E-06  0.32144E+01  0.60480E+02 -0.10945E+02  0.40806E+02 -0.33347E-02 -0.10000E+07 -0.79638E+03 -0.23867E+02  0.00000E+00  0.13783E+02  0.64162E+01  0.11359E+02  0.41375E+00   6396  0.00000E+00      0.000
     398.0000  0.81280E-01  0.00000E+00  0.99840E-31  0.00000E+00 -0.53644E-06  0.32957E+01  0.60480E+02 -0.10945E+02  0.40806E+02 -0.33352E-02 -0.10000E+07 -0.79638E+03 -0.23868E+02  0.00000E+00  0.13783E+02  0.64162E+01  0.11359E+02  0.41375E+00   6398  0.00000E+00      0.000
     399.0000  0.30480E-01  0.00000E+00  0.99840E-31  0.00000E+00 -0.53644E-06  0.33262E+01  0.60480E+02 -0.10945E+02  0.40806E+02 -0.33357E-02 -0.10000E+07 -0.79638E+03 -0.23869E+02  0.00000E+00  0.13783E+02  0.64162E+01  0.11359E+02  0.41375E+00   6400  0.00000E+00      0.000
     400.0000  0.38100E-01  0.00000E+00  0.99840E-31  0.00000E+00 -0.53644E-06  0.33643E+01  0.60480E+02 -0.10945E+02  0.40806E+02 -0.33363E-02 -0.10000E+07 -0.79638E+03 -0.23871E+02  0.00000E+00  0.13783E+02  0.64162E+01  0.11359E+02  0.41375E+00   6402  0.00000E+00      0.000
     401.0000  0.45720E-01  0.00000E+00  0.99840E-31  0.00000E+00 -0.53644E-06  0.34100E+01  0.60480E+02 -0.10945E+02  0.40806E+02 -0.33368E-02 -0.10000E+07 -0.79638E+03 -0.23872E+02  0.00000E+00  0.13783E+02  0.64162E+01  0.11359E+02  0.41375E+00   6404  0.00000E+00      0.000
     402.0000  0.27940E-01  0.00000E+00  0.99840E-31  0.00000E+00 -0.53644E-06  0.34379E+01  0.60480E+02 -0.10945E+02  0.40806E+02 -0.33373E-02 -0.10000E+07 -0.79638E+03 -0.23873E+02  0.00000E+00  0.13783E+02  0.64162E+01  0.11359E+02  0.41375E+00   6406  0.00000E+00      0.000
     403.0000  0.33020E-01  0.00000E+00  0.99840E-31  0.00000E+00 -0.53644E-06  0.34710E+01  0.60480E+02 -0.10945E+02  0.40806E+02 -0.33379E-02 -0.10000E+07 -0.79638E+03 -0.23874E+02  0.00000E+00  0.13783E+02  0.64162E+01  0.11359E+02  0.41375E+00   6408  0.00000E+00      0.000
     404.0000  0.38100E-01  0.00000E+00  0.99840E-31  0.00000E+00 -0.53644E-06  0.35091E+01  0.60480E+02 -0.10945E+02  0.40806E+02 -0.33384E-02 -0.10000E+07 -0.79638E+03 -0.23875E+02  0.00000E+00  0.13783E+02  0.64162E+01  0.11359E+02  0.41375E+00   6410  0.00000E+00      0.000
     405.0000  0.38100E-01  0.00000E+00  0.99840E-31  0.00000E+00 -0.53644E-06  0.35472E+01  0.60480E+02 -0.10945E+02  0.40806E+02 -0.33389E-02 -0.10000E+07 -0.79638E+03 -0.23876E+02  0.00000E+00  0.13783E+02  0.64162E+01  0.11359E+02  0.41375E+00   6412  0.00000E+00      0.000
     406.0000  0.68580E-01  0.00000E+00  0.99840E-31  0.00000E+00 -0.53644E-06  0.36157E+01  0.60480E+02 -0.10945E+02  0.40806E+02 -0.33395E-02 -0.10000E+07 -0.79638E+03 -0.23877E+02  0.00000E+00  0.13783E+02  0.64162E+01  0.11359E+02  0.41375E+00   6414  0.00000E+00      0.000
     407.0000  0.76200E-01  0.00000E+00  0.99840E-31  0.00000E+00 -0.53644E-06  0.36919E+01  0.60480E+02 -0.10945E+02  0.40806E+02 -0.33400E-02 -0.10000E+07 -0.79638E+03 -0.23878E+02  0.00000E+00  0.13783E+02  0.64162E+01  0.11359E+02  0.41375E+00   6416  0.00000E+00      0.000
     408.0000  0.71120E-01  0.00000E+00  0.99840E-31  0.00000E+00 -0.53644E-06  0.37631E+01  0.60480E+02 -0.10945E+02  0.40806E+02 -0.33406E-02 -0.10000E+07 -0.79638E+03 -0.23879E+02  0.00000E+00  0.13783E+02  0.64162E+01  0.11359E+02  0.41375E+00   6418  0.00000E+00      0.000
     409.0000  0.35560E-01  0.00000E+00  0.99840E-31  0.00000E+00 -0.53644E-06  0.37986E+01  0.60480E+02 -0.10945E+02  0.40806E+02 -0.33411E-02 -0.10000E+07 -0.79638E+03 -0.23881E+02  0.00000E+00  0.13783E+02  0.64162E+01  0.11359E+02  0.41375E+00   6420  0.00000E+00      0.000
     410.0000  0.31750E-01  0.00000E+00  0.99840E-31  0.00000E+00 -0.53644E-06  0.38304E+01  0.60480E+02 -0.10945E+02  0.40806E+02 -0.33416E-02 -0.10000E+07 -0.79638E+03 -0.23882E+02  0.00000E+00  0.13783E+02  0.64162E+01  0.11359E+02  0.41375E+00   6422  0.00000E+00      0.000
     411.0000  0.27940E-01  0.00000E+00  0.99840E-31  0.00000E+00 -0.53644E-06  0.38583E+01  0.60480E+02 -0.10945E+02  0.40806E+02 -0.33422E-02 -0.10000E+07 -0.79638E+03 -0.23883E+02  0.00000E+00  0.13783E+02  0.64162E+01  0.11359E+02  0.41375E+00   6424  0.00000E+00      0.000
     412.0000  0.33020E-01  0.00000E+00  0.99840E-31  0.00000E+00 -0.53644E-06  0.38913E+01  0.60480E+02 -0.10945E+02  0.40806E+02 -0.33427E-02 -0.10000E+07 -0.79638E+03 -0.23884E+02  0.00000E+00  0.13783E+02  0.64162E+01  0.11359E+02  0.41375E+00   6426  0.00000E+00      0.000
     413.0000  0.88900E-01  0.00000E+00  0.99840E-31  0.00000E+00 -0.53644E-06  0.39802E+01  0.60480E+02 -0.10945E+02  0.40806E+02 -0.33432E-02 -0.10000E+07 -0.79638E+03 -0.23885E+02  0.00000E+00  0.13783E+02  0.64162E+01  0.11359E+02  0.41375E+00   6428  0.00000E+00      0.000
     414.0000  0.15240E+00  0.00000E+00  0.99840E-31  0.00000E+00 -0.53644E-06  0.41326E+01  0.60480E+02 -0.10945E+02  0.40806E+02 -0.33438E-02 -0.10000E+07 -0.79638E+03 -0.23886E+02  0.00000E+00  0.13783E+02  0.64162E+01  0.11359E+02  0.41375E+00   6430  0.00000E+00      0.000
     415.0000  0.10160E+00  0.00000E+00  0.99840E-31  0.00000E+00 -0.53644E-06  0.42342E+01  0.60480E+02 -0.10945E+02  0.40806E+02 -0.33443E-02 -0.10000E+07 -0.79638E+03 -0.23887E+02  0.00000E+00  0.13783E+02  0.64162E+01  0.11359E+02  0.41375E+00   6432  0.00000E+00      0.000
     416.0000  0.17526E+00  0.00000E+00  0.99840E-31  0.00000E+00 -0.53644E-06  0.44095E+01  0.60480E+02 -0.10945E+02  0.40806E+02 -0.33448E-02 -0.10000E+07 -0.79638E+03 -0.23888E+02  0.00000E+00  0.13783E+02  0.64162E+01  0.11359E+02  0.41375E+00   6434  0.00000E+00      0.000
     417.0000  0.13462E+00  0.00000E+00  0.99840E-31  0.00000E+00 -0.53644E-06  0.45441E+01  0.60480E+02 -0.10945E+02  0.40806E+02 -0.33454E-02 -0.10000E+07 -0.79638E+03 -0.23890E+02  0.00000E+00  0.13783E+02  0.64162E+01  0.11359E+02  0.41375E+00   6436  0.00000E+00      0.000
     418.0000  0.12700E+00  0.00000E+00  0.99840E-31  0.00000E+00 -0.53644E-06  0.46711E+01  0.60480E+02 -0.10945E+02  0.40806E+02 -0.33459E-02 -0.10000E+07 -0.79638E+03 -0.23891E+02  0.00000E+00  0.13783E+02  0.64162E+01  0.11359E+02  0.41375E+00   6438  0.00000E+00      0.000
     419.0000  0.20066E+00  0.00000E+00  0.99840E-31  0.00000E+00 -0.53644E-06  0.48718E+01  0.60480E+02 -0.10945E+02  0.40806E+02 -0.33465E-02 -0.10000E+07 -0.79638E+03 -0.23892E+02  0.00000E+00  0.13783E+02  0.64162E+01  0.11359E+02  0.41375E+00   6440  0.00000E+00      0.000
     420.0000  0.17018E+00  0.00000E+00  0.99840E-31  0.00000E+00 -0.53644E-06  0.50420E+01  0.60480E+02 -0.10945E+02  0.40806E+02 -0.33470E-02 -0.10000E+07 -0.79638E+03 -0.23893E+02  0.00000E+00  0.13783E+02  0.64162E+01  0.11359E+02  0.41375E+00   6442  0.00000E+00      0.000
     421.0000  0.26162E+00  0.00000E+00  0.99840E-31  0.00000E+00 -0.53644E-06  0.53036E+01  0.60480E+02 -0.10945E+02  0.40806E+02 -0.33475E-02 -0.10000E+07 -0.79638E+03 -0.23894E+02  0.00000E+00  0.13783E+02  0.64162E+01  0.11359E+02  0.41375E+00   6444  0.00000E+00      0.000
     422.0000  0.93980E-01  0.00000E+00  0.99840E-31  0.00000E+00 -0.53644E-06  0.53976E+01  0.60480E+02 -0.10945E+02  0.40806E+02 -0.33481E-02 -0.10000E+07 -0.79638E+03 -0.23895E+02  0.00000E+00  0.13783E+02  0.64162E+01  0.11359E+02  0.41375E+00   6446  0.00000E+00      0.000
     423.0000  0.50800E-01  0.00000E+00  0.99840E-31  0.00000E+00 -0.53644E-06  0.54484E+01  0.60480E+02 -0.10945E+02  0.40806E+02 -0.33486E-02 -0.10000E+07 -0.79638E+03 -0.23896E+02  0.00000E+00  0.13783E+02  0.64162E+01  0.11359E+02  0.41375E+00   6448  0.00000E+00      0.000
     424.0000  0.22352E+00  0.00000E+00  0.99840E-31  0.00000E+00 -0.53644E-06  0.56719E+01  0.60480E+02 -0.10945E+02  0.40806E+02 -0.33491E-02 -0.10000E+07 -0.79638E+03 -0.23897E+02  0.00000E+00  0.13783E+02  0.64162E+01  0.11359E+02  0.41375E+00   6450  0.00000E+00      0.000
     425.0000  0.33020E+00  0.00000E+00  0.99840E-31  0.00000E+00 -0.53644E-06  0.60021E+01  0.60480E+02 -0.10945E+02  0.40806E+02 -0.33497E-02 -0.10000E+07 -0.79638E+03 -0.23899E+02  0.00000E+00  0.13783E+02  0.64162E+01  0.11359E+02  0.41375E+00   6452  0.00000E+00      0.000
     426.0000  0.19558E+00  0.00000E+00  0.99840E-31  0.00000E+00 -0.53644E-06  0.61977E+01  0.60480E+02 -0.10945E+02  0.40806E+02 -0.33502E-02 -0.10000E+07 -0.79638E+03 -0.23900E+02  0.00000E+00  0.13783E+02  0.64162E+01  0.11359E+02  0.41375E+00   6454  0.00000E+00      0.000
     427.0000  0.40640E-01  0.00000E+00  0.99840E-31  0.00000E+00 -0.53644E-06  0.62383E+01  0.60480E+02 -0.10945E+02  0.40806E+02 -0.33507E-02 -0.10000E+07 -0.79638E+03 -0.23901E+02  0.00000E+00  0.13783E+02  0.64162E+01  0.11359E+02  0.41375E+00   6456  0.00000E+00      0.000
     428.0000  0.43180E-01  0.00000E+00  0.99840E-31  0.00000E+00 -0.53644E-06  0.62815E+01  0.60480E+02 -0.10945E+02  0.40806E+02 -0.33513E-02 -0.10000E+07 -0.79638E+03 -0.23902E+02  0.00000E+00  0.13783E+02  0.64162E+01  0.11359E+02  0.41375E+00   6458  0.00000E+00      0.000
     429.0000  0.53340E-01  0.00000E+00  0.99840E-31  0.00000E+00 -0.53644E-06  0.63348E+01  0.60480E+02 -0.10945E+02  0.40806E+02 -0.33518E-02 -0.10000E+07 -0.79638E+03 -0.23903E+02  0.00000E+00  0.13783E+02  0.64162E+01  0.11359E+02  0.41375E+00   6460  0.00000E+00      0.000
     430.0000  0.91440E-01  0.00000E+00  0.99840E-31  0.00000E+00 -0.53644E-06  0.64263E+01  0.60480E+02 -0.10945E+02  0.40806E+02 -0.33524E-02 -0.10000E+07 -0.79638E+03 -0.23904E+02  0.00000E+00  0.13783E+02  0.64162E+01  0.11359E+02  0.41375E+00   6462  0.00000E+00      0.000
     431.0000  0.76200E-01  0.00000E+00  0.99840E-31  0.00000E+00 -0.53644E-06  0.65025E+01  0.60480E+02 -0.10945E+02  0.40806E+02 -0.33529E-02 -0.10000E+07 -0.79638E+03 -0.23905E+02  0.00000E+00  0.13783E+02  0.64162E+01  0.11359E+02  0.41375E+00   6464  0.00000E+00      0.000
     432.0000  0.11684E+00  0.00000E+00  0.99840E-31  0.00000E+00 -0.53644E-06  0.66193E+01  0.60480E+02 -0.10945E+02  0.40806E+02 -0.33534E-02 -0.10000E+07 -0.79638E+03 -0.23906E+02  0.00000E+00  0.13783E+02  0.64162E+01  0.11359E+02  0.41375E+00   6466  0.00000E+00      0.000
     433.0000  0.31750E+00  0.00000E+00  0.99840E-31  0.00000E+00 -0.53644E-06  0.69368E+01  0.60480E+02 -0.10945E+02  0.40806E+02 -0.33540E-02 -0.10000E+07 -0.79638E+03 -0.23908E+02  0.00000E+00  0.13783E+02  0.64162E+01  0.11359E+02  0.41375E+00   6468  0.00000E+00      0.000
     434.0000  0.41656E+00  0.00000E+00  0.99840E-31  0.00000E+00 -0.53644E-06  0.73534E+01  0.60480E+02 -0.10945E+02  0.40806E+02 -0.33545E-02 -0.10000E+07 -0.79638E+03 -0.23909E+02  0.00000E+00  0.13783E+02  0.64162E+01  0.11359E+02  0.41375E+00   6470  0.00000E+00      0.000
     435.0000  0.31242E+00  0.00000E+00  0.99840E-31  0.00000E+00 -0.53644E-06  0.76658E+01  0.60480E+02 -0.10945E+02  0.40806E+02 -0.33550E-02 -0.10000E+07 -0.79638E+03 -0.23910E+02  0.00000E+00  0.13783E+02  0.64162E+01  0.11359E+02  0.41375E+00   6472  0.00000E+00      0.000
     436.0000  0.21590E+00  0.00000E+00  0.99840E-31  0.00000E+00 -0.53644E-06  0.78817E+01  0.60480E+02 -0.10945E+02  0.40806E+02 -0.33556E-02 -0.10000E+07 -0.79638E+03 -0.23911E+02  0.00000E+00  0.13783E+02  0.64162E+01  0.11359E+02  0.41375E+00   6474  0.00000E+00      0.000
     437.0000  0.23876E+00  0.00000E+00  0.99840E-31  0.00000E+00 -0.53644E-06  0.81204E+01  0.60480E+02 -0.10945E+02  0.40806E+02 -0.33561E-02 -0.10000E+07 -0.79638E+03 -0.23912E+02  0.00000E+00  0.13783E+02  0.64162E+01  0.11359E+02  0.41375E+00   6476  0.00000E+00      0.000
     438.0000  0.13716E+00  0.00000E+00  0.99840E-31  0.00000E+00 -0.53644E-06  0.82576E+01  0.60480E+02 -0.10945E+02  0.40806E+02 -0.33567E-02 -0.10000E+07 -0.79638E+03 -0.23913E+02  0.00000E+00  0.13783E+02  0.64162E+01  0.11359E+02  0.41375E+00   6478  0.00000E+00      0.000
     439.0000  0.13716E+00  0.00000E+00  0.99840E-31  0.00000E+00 -0.53644E-06  0.83948E+01  0.60480E+02 -0.10945E+02  0.40806E+02 -0.33572E-02 -0.10000E+07 -0.79638E+03 -0.23914E+02  0.00000E+00  0.13783E+02  0.64162E+01  0.11359E+02  0.41375E+00   6480  0.00000E+00      0.000
     440.0000  0.22098E+00  0.00000E+00  0.99840E-31  0.00000E+00 -0.53644E-06  0.86157E+01  0.60480E+02 -0.10945E+02  0.40806E+02 -0.33577E-02 -0.10000E+07 -0.79638E+03 -0.23915E+02  0.00000E+00  0.13783E+02  0.64162E+01  0.11359E+02  0.41375E+00   6482  0.00000E+00      0.000
     441.0000  0.16510E+00  0.00000E+00  0.99840E-31  0.00000E+00 -0.53644E-06  0.87808E+01  0.60480E+02 -0.10945E+02  0.40806E+02 -0.33583E-02 -0.10000E+07 -0.79638E+03 -0.23917E+02  0.00000E+00  0.13783E+02  0.64162E+01  0.11359E+02  0.41375E+00   6484  0.00000E+00      0.000
     442.0000  0.18288E+00  0.00000E+00  0.99840E-31  0.00000E+00 -0.53644E-06  0.89637E+01  0.60480E+02 -0.10945E+02  0.40806E+02 -0.33588E-02 -0.10000E+07 -0.79638E+03 -0.23918E+02  0.00000E+00  0.13783E+02  0.64162E+01  0.11359E+02  0.41375E+00   6486  0.00000E+00      0.000
     443.0000  0.29210E+00  0.00000E+00  0.99840E-31  0.00000E+00 -0.53644E-06  0.92558E+01  0.60480E+02 -0.10945E+02  0.40806E+02 -0.33593E-02 -0.10000E+07 -0.79638E+03 -0.23919E+02  0.00000E+00  0.13783E+02  0.64162E+01  0.11359E+02  0.41375E+00   6488  0.00000E+00      0.000
     444.0000  0.22098E+00  0.00000E+00  0.99840E-31  0.00000E+00 -0.53644E-06  0.94768E+01  0.60480E+02 -0.10945E+02  0.40806E+02 -0.33599E-02 -0.10000E+07 -0.79638E+03 -0.23920E+02  0.00000E+00  0.13783E+02  0.64162E+01  0.11359E+02  0.41375E+00   6490  0.00000E+00      0.000
     445.0000  0.66040E-01  0.00000E+00  0.99840E-31  0.00000E+00 -0.53644E-06  0.95428E+01  0.60480E+02 -0.10945E+02  0.40806E+02 -0.33604E-02 -0.10000E+07 -0.79638E+03 -0.23921E+02  0.00000E+00  0.13783E+02  0.64162E+01  0.11359E+02  0.41375E+00   6492  0.00000E+00      0.000
     446.0000  0.11430E+00  0.00000E+00  0.99840E-31  0.00000E+00 -0.53644E-06  0.96571E+01  0.60480E+02 -0.10945E+02  0.40806E+02 -0.33609E-02 -0.10000E+07 -0.79638E+03 -0.23922E+02  0.00000E+00  0.13783E+02  0.64162E+01  0.11359E+02  0.41375E+00   6494  0.00000E+00      0.000
     447.0000  0.68580E-01  0.00000E+00  0.99840E-31  0.00000E+00 -0.53644E-06  0.97257E+01  0.60480E+02 -0.10945E+02  0.40806E+02 -0.33615E-02 -0.10000E+07 -0.79638E+03 -0.23923E+02  0.00000E+00  0.13783E+02  0.64162E+01  0.11359E+02  0.41375E+00   6496  0.00000E+00      0.000
     448.0000  0.38100E-01  0.00000E+00  0.99840E-31  0.00000E+00 -0.53644E-06  0.97638E+01  0.60480E+02 -0.10945E+02  0.40806E+02 -0.33620E-02 -0.10000E+07 -0.79638E+03 -0.23924E+02  0.00000E+00  0.13783E+02  0.64162E+01  0.11359E+02  0.41375E+00   6498  0.00000E+00      0.000
     449.0000  0.78740E-01  0.00000E+00  0.99840E-31  0.00000E+00 -0.53644E-06  0.98426E+01  0.60480E+02 -0.10945E+02  0.40806E+02 -0.33626E-02 -0.10000E+07 -0.79638E+03 -0.23925E+02  0.00000E+00  0.13783E+02  0.64162E+01  0.11359E+02  0.41375E+00   6500  0.00000E+00      0.000
     450.0000  0.11938E+00  0.00000E+00  0.99840E-31  0.00000E+00 -0.53644E-06  0.99619E+01  0.60480E+02 -0.10945E+02  0.40806E+02 -0.33631E-02 -0.10000E+07 -0.79638E+03 -0.23927E+02  0.00000E+00  0.13783E+02  0.64162E+01  0.11359E+02  0.41375E+00   6502  0.00000E+00      0.000
     451.0000  0.13970E+00  0.00000E+00  0.99840E-31  0.00000E+00 -0.53644E-06  0.10102E+02  0.60480E+02 -0.10945E+02  0.40806E+02 -0.33636E-02 -0.10000E+07 -0.79638E+03 -0.23928E+02  0.00000E+00  0.13783E+02  0.64162E+01  0.11359E+02  0.41375E+00   6504  0.00000E+00      0.000
     452.0000  0.24638E+00  0.00000E+00  0.99840E-31  0.00000E+00 -0.53644E-06  0.10348E+02  0.60480E+02 -0.10945E+02  0.40806E+02 -0.33642E-02 -0.10000E+07 -0.79638E+03 -0.23929E+02  0.00000E+00  0.13783E+02  0.64162E+01  0.11359E+02  0.41375E+00   6506  0.00000E+00      0.000
     453.0000  0.13208E+00  0.00000E+00  0.99840E-31  0.00000E+00 -0.53644E-06  0.10480E+02  0.60480E+02 -0.10945E+02  0.40806E+02 -0.33647E-02 -0.10000E+07 -0.79638E+03 -0.23930E+02  0.00000E+00  0.13783E+02  0.64162E+01  0.11359E+02  0.41375E+00   6508  0.00000E+00      0.000
     454.0000  0.93980E-01  0.00000E+00  0.99840E-31  0.00000E+00 -0.53644E-06  0.10574E+02  0.60480E+02 -0.10945E+02  0.40806E+02 -0.33652E-02 -0.10000E+07 -0.79638E+03 -0.23931E+02  0.00000E+00  0.13783E+02  0.64162E+01  0.11359E+02  0.41375E+00   6510  0.00000E+00      0.000
     455.0000  0.11430E+00  0.00000E+00  0.99840E-31  0.00000E+00 -0.53644E-06  0.10688E+02  0.60480E+02 -0.10945E+02  0.40806E+02 -0.33658E-02 -0.10000E+07 -0.79638E+03 -0.23932E+02  0.00000E+00  0.13783E+02  0.64162E+01  0.11359E+02  0.41375E+00   6512  0.00000E+00      0.000
     456.0000  0.40640E-01  0.00000E+00  0.99840E-31  0.00000E+00 -0.53644E-06  0.10729E+02  0.60480E+02 -0.10945E+02  0.40806E+02 -0.33663E-02 -0.10000E+07 -0.79638E+03 -0.23933E+02  0.00000E+00  0.13783E+02  0.64162E+01  0.11359E+02  0.41375E+00   6514  0.00000E+00      0.000
     457.0000  0.00000E+00  0.24892E+00  0.99840E-31  0.00000E+00 -0.53644E-06  0.10729E+02  0.60729E+02 -0.10945E+02  0.40806E+02 -0.33668E-02 -0.10000E+07 -0.16001E+04 -0.23935E+02  0.00000E+00  0.13783E+02  0.64162E+01  0.11359E+02  0.41375E+00   6516  0.00000E+00      0.000
     458.0000  0.00000E+00  0.38354E+00  0.99840E-31  0.00000E+00 -0.53644E-06  0.10729E+02  0.61112E+02 -0.10945E+02  0.40806E+02 -0.33674E-02 -0.10000E+07 -0.16001E+04 -0.23936E+02  0.00000E+00  0.13783E+02  0.64162E+01  0.11359E+02  0.41375E+00   6518  0.00000E+00      0.000
     459.0000  0.00000E+00  0.33274E+00  0.99840E-31  0.00000E+00 -0.53644E-06  0.10729E+02  0.61445E+02 -0.10945E+02  0.40806E+02 -0.33679E-02 -0.10000E+07 -0.16001E+04 -0.23937E+02  0.00000E+00  0.13783E+02  0.64162E+01  0.11359E+02  0.41375E+00   6520  0.00000E+00      0.000
     460.0000  0.00000E+00  0.53340E-01  0.99840E-31  0.00000E+00 -0.53644E-06  0.10729E+02  0.61499E+02 -0.10945E+02  0.40806E+02 -0.33685E-02 -0.10000E+07 -0.16001E+04 -0.23938E+02  0.00000E+00  0.13783E+02  0.64162E+01  0.11359E+02  0.41375E+00   6522  0.00000E+00      0.000
     461.0000  0.00000E+00  0.40640E-01  0.99840E-31  0.00000E+00 -0.53644E-06  0.10729E+02  0.61539E+02 -0.10945E+02  0.40806E+02 -0.33690E-02 -0.10000E+07 -0.16001E+04 -0.23939E+02  0.00000E+00  0.13783E+02  0.64162E+01  0.11359E+02  0.41375E+00   6524  0.00000E+00      0.000
     462.0000  0.00000E+00  0.53340E-01  0.99840E-31  0.00000E+00 -0.53644E-06  0.10729E+02  0.61593E+02 -0.10945E+02  0.40806E+02 -0.33695E-02 -0.10000E+07 -0.16001E+04 -0.23940E+02  0.00000E+00  0.13783E+02  0.64162E+01  0.11359E+02  0.41375E+00   6526  0.00000E+00      0.000
     463.0000  0.00000E+00  0.99060E-01  0.99840E-31  0.00000E+00 -0.53644E-06  0.10729E+02  0.61692E+02 -0.10945E+02  0.40806E+02 -0.33701E-02 -0.10000E+07 -0.16001E+04 -0.23941E+02  0.00000E+00  0.13783E+02  0.64162E+01  0.11359E+02  0.41375E+00   6528  0.00000E+00      0.000
     464.0000  0.00000E+00  0.25654E+00  0.99840E-31  0.00000E+00 -0.53644E-06  0.10729E+02  0.61948E+02 -0.10945E+02  0.40806E+02 -0.33706E-02 -0.10000E+07 -0.16001E+04 -0.23942E+02  0.00000E+00  0.13783E+02  0.64162E+01  0.11359E+02  0.41375E+00   6530  0.00000E+00      0.000
     465.0000  0.00000E+00  0.36322E+00  0.99840E-31  0.00000E+00 -0.53644E-06  0.10729E+02  0.62311E+02 -0.10945E+02  0.40806E+02 -0.33711E-02 -0.10000E+07 -0.16001E+04 -0.23943E+02  0.00000E+00  0.13783E+02  0.64162E+01  0.11359E+02  0.41375E+00   6532  0.00000E+00      0.000
     466.0000  0.00000E+00  0.22860E+00  0.99840E-31  0.00000E+00 -0.53644E-06  0.10729E+02  0.62540E+02 -0.10945E+02  0.40806E+02 -0.33717E-02 -0.10000E+07 -0.16001E+04 -0.23945E+02  0.00000E+00  0.13783E+02  0.64162E+01  0.11359E+02  0.41375E+00   6534  0.00000E+00      0.000
     467.0000  0.00000E+00  0.30734E+00  0.99840E-31  0.00000E+00 -0.53644E-06  0.10729E+02  0.62847E+02 -0.10945E+02  0.40806E+02 -0.33722E-02 -0.10000E+07 -0.16001E+04 -0.23946E+02  0.00000E+00  0.13783E+02  0.64162E+01  0.11359E+02  0.41375E+00   6536  0.00000E+00      0.000
     468.0000  0.00000E+00  0.30480E+00  0.99840E-31  0.00000E+00 -0.53644E-06  0.10729E+02  0.63152E+02 -0.10945E+02  0.40806E+02 -0.33727E-02 -0.10000E+07 -0.16001E+04 -0.23947E+02  0.00000E+00  0.13783E+02  0.64162E+01  0.11359E+02  0.41375E+00   6538  0.00000E+00      0.000
     469.0000  0.00000E+00  0.38100E+00  0.99840E-31  0.00000E+00 -0.53644E-06  0.10729E+02  0.63533E+02 -0.10945E+02  0.40806E+02 -0.33733E-02 -0.10000E+07 -0.16001E+04 -0.23948E+02  0.00000E+00  0.13783E+02  0.64162E+01  0.11359E+02  0.41375E+00   6540  0.00000E+00      0.000
     470.0000  0.00000E+00  0.30988E+00  0.99840E-31  0.00000E+00 -0.53644E-06  0.10729E+02  0.63843E+02 -0.10945E+02  0.40806E+02 -0.33738E-02 -0.10000E+07 -0.16001E+04 -0.23949E+02  0.00000E+00  0.13783E+02  0.64162E+01  0.11359E+02  0.41375E+00   6542  0.00000E+00      0.000
     471.0000  0.00000E+00  0.29210E+00  0.99840E-31  0.00000E+00 -0.53644E-06  0.10729E+02  0.64135E+02 -0.10945E+02  0.40806E+02 -0.33744E-02 -0.10000E+07 -0.16001E+04 -0.23950E+02  0.00000E+00  0.13783E+02  0.64162E+01  0.11359E+02  0.41375E+00   6544  0.00000E+00      0.000
     472.0000  0.00000E+00  0.26162E+00  0.99840E-31  0.00000E+00 -0.53644E-06  0.10729E+02  0.64397E+02 -0.10945E+02  0.40806E+02 -0.33749E-02 -0.10000E+07 -0.16001E+04 -0.23951E+02  0.00000E+00  0.13783E+02  0.64162E+01  0.11359E+02  0.41375E+00   6546  0.00000E+00      0.000
     473.0000  0.00000E+00  0.11938E+00  0.99840E-31  0.00000E+00 -0.53644E-06  0.10729E+02  0.64516E+02 -0.10945E+02  0.40806E+02 -0.33754E-02 -0.10000E+07 -0.16001E+04 -0.23952E+02  0.00000E+00  0.13783E+02  0.64162E+01  0.11359E+02  0.41375E+00   6548  0.00000E+00      0.000
     474.0000  0.00000E+00  0.13970E+00  0.99840E-31  0.00000E+00 -0.53644E-06  0.10729E+02  0.64656E+02 -0.10945E+02  0.40806E+02 -0.33760E-02 -0.10000E+07 -0.16001E+04 -0.23954E+02  0.00000E+00  0.13783E+02  0.64162E+01  0.11359E+02  0.41375E+00   6550  0.00000E+00      0.000
     475.0000  0.00000E+00  0.10414E+00  0.99840E-31  0.00000E+00 -0.53644E-06  0.10729E+02  0.64760E+02 -0.10945E+02  0.40806E+02 -0.33765E-02 -0.10000E+07 -0.16001E+04 -0.23955E+02  0.00000E+00  0.13783E+02  0.64162E+01  0.11359E+02  0.41375E+00   6552  0.00000E+00      0.000
     476.0000  0.00000E+00  0.23622E+00  0.99840E-31  0.00000E+00 -0.53644E-06  0.10729E+02  0.64996E+02 -0.10945E+02  0.40806E+02 -0.33770E-02 -0.10000E+07 -0.16001E+04 -0.23956E+02  0.00000E+00  0.13783E+02  0.64162E+01  0.11359E+02  0.41375E+00   6554  0.00000E+00      0.000
     477.0000  0.00000E+00  0.43434E+00  0.99840E-31  0.00000E+00 -0.53644E-06  0.10729E+02  0.65430E+02 -0.10945E+02  0.40806E+02 -0.33776E-02 -0.10000E+07 -0.16001E+04 -0.23957E+02  0.00000E+00  0.13783E+02  0.64162E+01  0.11359E+02  0.41375E+00   6556  0.00000E+00      0.000
     478.0000  0.00000E+00  0.35052E+00  0.99840E-31  0.00000E+00 -0.53644E-06  0.10729E+02  0.65781E+02 -0.10945E+02  0.40806E+02 -0.33781E-02 -0.10000E+07 -0.16001E+04 -0.23958E+02  0.00000E+00  0.13783E+02  0.64162E+01  0.11359E+02  0.41375E+00   6558  0.00000E+00      0.000
     479.0000  0.00000E+00  0.32512E+00  0.99840E-31  0.00000E+00 -0.53644E-06  0.10729E+02  0.66106E+02 -0.10945E+02  0.40806E+02 -0.33786E-02 -0.10000E+07 -0.16001E+04 -0.23959E+02  0.00000E+00  0.13783E+02  0.64162E+01  0.11359E+02  0.41375E+00   6560  0.00000E+00      0.000
     480.0000  0.00000E+00  0.44704E+00  0.99840E-31  0.00000E+00 -0.53644E-06  0.10729E+02  0.66553E+02 -0.10945E+02  0.40806E+02 -0.33792E-02 -0.10000E+07 -0.16001E+04 -0.23960E+02  0.00000E+00  0.13783E+02  0.64162E+01  0.11359E+02  0.41375E+00   6562  0.00000E+00      0.000
     481.0000  0.00000E+00  0.27432E+00  0.99840E-31  0.00000E+00 -0.53644E-06  0.10729E+02  0.66827E+02 -0.10945E+02  0.40806E+02 -0.33797E-02 -0.10000E+07 -0.16001E+04 -0.23961E+02  0.00000E+00  0.13783E+02  0.64162E+01  0.11359E+02  0.41375E+00   6564  0.00000E+00      0.000
     482.0000  0.00000E+00  0.25400E+00  0.99840E-31  0.00000E+00 -0.53644E-06  0.10729E+02  0.67081E+02 -0.10945E+02  0.40806E+02 -0.33803E-02 -0.10000E+07 -0.16001E+04 -0.23963E+02  0.00000E+00  0.13783E+02  0.64162E+01  0.11359E+02  0.41375E+00   6566  0.00000E+00      0.000
     483.0000  0.00000E+00  0.12954E+00  0.99840E-31  0.00000E+00 -0.53644E-06  0.10729E+02  0.67211E+02 -0.10945E+02  0.40806E+02 -0.33808E-02 -0.10000E+07 -0.16001E+04 -0.23964E+02  0.00000E+00  0.13783E+02  0.64162E+01  0.11359E+02  0.41375E+00   6568  0.00000E+00      0.000
     484.0000  0.00000E+00  0.35306E+00  0.99840E-31  0.00000E+00 -0.53644E-06  0.10729E+02  0.67564E+02 -0.10945E+02  0.40806E+02 -0.33813E-02 -0.10000E+07 -0.16001E+04 -0.23965E+02  0.00000E+00  0.13783E+02  0.64162E+01  0.11359E+02  0.41375E+00   6570  0.00000E+00      0.000
     485.0000  0.00000E+00  0.32004E+00  0.99840E-31  0.00000E+00 -0.53644E-06  0.10729E+02  0.67884E+02 -0.10945E+02  0.40806E+02 -0.33819E-02 -0.10000E+07 -0.16001E+04 -0.23966E+02  0.00000E+00  0.13783E+02  0.64162E+01  0.11359E+02  0.41375E+00   6572  0.00000E+00      0.000
     486.0000  0.00000E+00  0.29464E+00  0.99840E-31  0.00000E+00 -0.53644E-06  0.10729E+02  0.68179E+02 -0.10945E+02  0.40806E+02 -0.33824E-02 -0.10000E+07 -0.16001E+04 -0.23967E+02  0.00000E+00  0.13783E+02  0.64162E+01  0.11359E+02  0.41375E+00   6574  0.00000E+00      0.000
     487.0000  0.00000E+00  0.19558E+00  0.99840E-31  0.00000E+00 -0.53644E-06  0.10729E+02  0.68374E+02 -0.10945E+02  0.40806E+02 -0.33829E-02 -0.10000E+07 -0.16000E+04 -0.23968E+02  0.00000E+00  0.13783E+02  0.64162E+01  0.11359E+02  0.41375E+00   6576  0.00000E+00      0.000
     488.0000  0.00000E+00  0.13208E+00  0.99840E-31  0.00000E+00 -0.53644E-06  0.10729E+02  0.68506E+02 -0.10945E+02  0.40806E+02 -0.33835E-02 -0.10000E+07 -0.16000E+04 -0.23969E+02  0.00000E+00  0.13783E+02  0.64162E+01  0.11359E+02  0.41375E+00   6578  0.00000E+00      0.000
     489.0000  0.00000E+00  0.19558E+00  0.99840E-31  0.00000E+00 -0.53644E-06  0.10729E+02  0.68702E+02 -0.10945E+02  0.40806E+02 -0.33840E-02 -0.10000E+07 -0.16000E+04 -0.23970E+02  0.00000E+00  0.13783E+02  0.64162E+01  0.11359E+02  0.41375E+00   6580  0.00000E+00      0.000
     490.0000  0.00000E+00  0.32766E+00  0.99840E-31  0.00000E+00 -0.53644E-06  0.10729E+02  0.69030E+02 -0.10945E+02  0.40806E+02 -0.33845E-02 -0.10000E+07 -0.16000E+04 -0.23971E+02  0.00000E+00  0.13783E+02  0.64162E+01  0.11359E+02  0.41375E+00   6582  0.00000E+00      0.000
     491.0000  0.00000E+00  0.22606E+00  0.99840E-31  0.00000E+00 -0.53644E-06  0.10729E+02  0.69256E+02 -0.10945E+02  0.40806E+02 -0.33851E-02 -0.10000E+07 -0.16000E+04 -0.23973E+02  0.00000E+00  0.13783E+02  0.64162E+01  0.11359E+02  0.41375E+00   6584  0.00000E+00      0.000
     492.0000  0.00000E+00  0.30226E+00  0.99840E-31  0.00000E+00 -0.53644E-06  0.10729E+02  0.69558E+02 -0.10945E+02  0.40806E+02 -0.33856E-02 -0.10000E+07 -0.16000E+04 -0.23974E+02  0.00000E+00  0.13783E+02  0.64162E+01  0.11359E+02  0.41375E+00   6586  0.00000E+00      0.000
     493.0000  0.00000E+00  0.12954E+00  0.99840E-31  0.00000E+00 -0.50664E-06  0.10729E+02  0.69688E+02 -0.10945E+02  0.40806E+02 -0.33861E-02 -0.10000E+07 -0.16000E+04 -0.23975E+02  0.00000E+00  0.13783E+02  0.64162E+01  0.11359E+02  0.41375E+00   6588  0.00000E+00      0.000
     494.0000  0.00000E+00  0.45720E-01  0.99840E-31  0.00000E+00 -0.53644E-06  0.10729E+02  0.69733E+02 -0.10945E+02  0.40806E+02 -0.33867E-02 -0.10000E+07 -0.16000E+04 -0.23976E+02  0.00000E+00  0.13783E+02  0.64162E+01  0.11359E+02  0.41375E+00   6590  0.00000E+00      0.000
     495.0000  0.00000E+00  0.26670E+00  0.99840E-31  0.00000E+00 -0.50664E-06  0.10729E+02  0.70000E+02 -0.10945E+02  0.40806E+02 -0.33872E-02 -0.10000E+07 -0.16000E+04 -0.23977E+02  0.00000E+00  0.13783E+02  0.64162E+01  0.11359E+02  0.41375E+00   6592  0.00000E+00      0.000
     496.0000  0.00000E+00  0.39878E+00  0.99840E-31  0.00000E+00 -0.50664E-06  0.10729E+02  0.70399E+02 -0.10945E+02  0.40806E+02 -0.33877E-02 -0.10000E+07 -0.16000E+04 -0.23978E+02  0.00000E+00  0.13783E+02  0.64162E+01  0.11359E+02  0.41375E+00   6594  0.00000E+00      0.000
     497.0000  0.00000E+00  0.42926E+00  0.99840E-31  0.00000E+00 -0.50664E-06  0.10729E+02  0.70828E+02 -0.10945E+02  0.40806E+02 -0.33882E-02 -0.10000E+07 -0.16000E+04 -0.23979E+02  0.00000E+00  0.13783E+02  0.64162E+01  0.11359E+02  0.41375E+00   6596  0.00000E+00      0.000
     498.0000  0.00000E+00  0.42418E+00  0.99840E-31  0.00000E+00 -0.50664E-06  0.10729E+02  0.71252E+02 -0.10945E+02  0.40806E+02 -0.33887E-02 -0.10000E+07 -0.16000E+04 -0.23980E+02  0.00000E+00  0.13783E+02  0.64162E+01  0.11359E+02  0.41375E+00   6598  0.00000E+00      0.000
     499.0000  0.00000E+00  0.38100E+00  0.99840E-31  0.00000E+00 -0.50664E-06  0.10729E+02  0.71633E+02 -0.10945E+02  0.40806E+02 -0.33892E-02 -0.10000E+07 -0.16000E+04 -0.23981E+02  0.00000E+00  0.13783E+02  0.64162E+01  0.11359E+02  0.41375E+00   6600  0.00000E+00      0.000
     500.0000  0.00000E+00  0.21844E+00  0.99840E-31  0.00000E+00 -0.50664E-06  0.10729E+02  0.71852E+02 -0.10945E+02  0.40806E+02 -0.33897E-02 -0.10000E+07 -0.16000E+04 -0.23982E+02  0.00000E+00  0.13783E+02  0.64162E+01  0.11359E+02  0.41375E+00   6602  0.00000E+00      0.000
     501.0000  0.00000E+00  0.35814E+00  0.99840E-31  0.00000E+00 -0.50664E-06  0.10729E+02  0.72210E+02 -0.10945E+02  0.40806E+02 -0.33902E-02 -0.10000E+07 -0.16000E+04 -0.23983E+02  0.00000E+00  0.13783E+02  0.64162E+01  0.11359E+02  0.41375E+00   6604  0.00000E+00      0.000
     502.0000  0.00000E+00  0.48006E+00  0.99840E-31  0.00000E+00 -0.50664E-06  0.10729E+02  0.72690E+02 -0.10945E+02  0.40806E+02 -0.33907E-02 -0.10000E+07 -0.16000E+04 -0.23984E+02  0.00000E+00  0.13783E+02  0.64162E+01  0.11359E+02  0.41375E+00   6606  0.00000E+00      0.000
     503.0000  0.00000E+00  0.36068E+00  0.99840E-31  0.00000E+00 -0.50664E-06  0.10729E+02  0.73051E+02 -0.10945E+02  0.40806E+02 -0.33912E-02 -0.10000E+07 -0.16000E+04 -0.23986E+02  0.00000E+00  0.13783E+02  0.64162E+01  0.11359E+02  0.41375E+00   6608  0.00000E+00      0.000
     504.0000  0.00000E+00  0.35306E+00  0.99840E-31  0.00000E+00 -0.50664E-06  0.10729E+02  0.73404E+02 -0.10945E+02  0.40806E+02 -0.33917E-02 -0.10000E+07 -0.16000E+04 -0.23987E+02  0.00000E+00  0.13783E+02  0.64162E+01  0.11359E+02  0.41375E+00   6610  0.00000E+00      0.000
     505.0000  0.00000E+00  0.24892E+00  0.99840E-31  0.00000E+00 -0.50664E-06  0.10729E+02  0.73652E+02 -0.10945E+02  0.40806E+02 -0.33922E-02 -0.10000E+07 -0.16000E+04 -0.23988E+02  0.00000E+00  0.13783E+02  0.64162E+01  0.11359E+02  0.41375E+00   6612  0.00000E+00      0.000
     506.0000  0.00000E+00  0.29718E+00  0.99840E-31  0.00000E+00 -0.50664E-06  0.10729E+02  0.73950E+02 -0.10945E+02  0.40806E+02 -0.33927E-02 -0.10000E+07 -0.16000E+04 -0.23989E+02  0.00000E+00  0.13783E+02  0.64162E+01  0.11359E+02  0.41375E+00   6614  0.00000E+00      0.000
     507.0000  0.00000E+00  0.28956E+00  0.99840E-31  0.00000E+00 -0.50664E-06  0.10729E+02  0.74239E+02 -0.10945E+02  0.40806E+02 -0.33932E-02 -0.10000E+07 -0.16000E+04 -0.23990E+02  0.00000E+00  0.13783E+02  0.64162E+01  0.11359E+02  0.41375E+00   6616  0.00000E+00      0.000
     508.0000  0.00000E+00  0.23368E+00  0.99840E-31  0.00000E+00 -0.50664E-06  0.10729E+02  0.74473E+02 -0.10945E+02  0.40806E+02 -0.33938E-02 -0.10000E+07 -0.16000E+04 -0.23991E+02  0.00000E+00  0.13783E+02  0.64162E+01  0.11359E+02  0.41375E+00   6618  0.00000E+00      0.000
     509.0000  0.00000E+00  0.25654E+00  0.99840E-31  0.00000E+00 -0.50664E-06  0.10729E+02  0.74729E+02 -0.10945E+02  0.40806E+02 -0.33943E-02 -0.10000E+07 -0.16000E+04 -0.23992E+02  0.00000E+00  0.13783E+02  0.64162E+01  0.11359E+02  0.41375E+00   6620  0.00000E+00      0.000
     510.0000  0.00000E+00  0.39878E+00  0.99840E-31  0.00000E+00 -0.50664E-06  0.10729E+02  0.75128E+02 -0.10945E+02  0.40806E+02 -0.33948E-02 -0.10000E+07 -0.16000E+04 -0.23993E+02  0.00000E+00  0.13783E+02  0.64162E+01  0.11359E+02  0.41375E+00   6622  0.00000E+00      0.000
     511.0000  0.00000E+00  0.31496E+00  0.99840E-31  0.00000E+00 -0.50664E-06  0.10729E+02  0.75443E+02 -0.10945E+02  0.40806E+02 -0.33953E-02 -0.10000E+07 -0.16000E+04 -0.23994E+02  0.00000E+00  0.13783E+02  0.64162E+01  0.11359E+02  0.41375E+00   6624  0.00000E+00      0.000
     512.0000  0.00000E+00  0.42164E+00  0.99840E-31  0.00000E+00 -0.50664E-06  0.10729E+02  0.75865E+02 -0.10945E+02  0.40806E+02 -0.33958E-02 -0.10000E+07 -0.16000E+04 -0.23995E+02  0.00000E+00  0.13783E+02  0.64161E+01  0.11359E+02  0.41375E+00   6626  0.00000E+00      0.000
     513.0000  0.00000E+00  0.41148E+00  0.99840E-31  0.00000E+00 -0.50664E-06  0.10729E+02  0.76276E+02 -0.10945E+02  0.40806E+02 -0.33963E-02 -0.10000E+07 -0.16000E+04 -0.23996E+02  0.00000E+00  0.13783E+02  0.64161E+01  0.11359E+02  0.41375E+00   6628  0.00000E+00      0.000
     514.0000  0.00000E+00  0.46990E+00  0.99840E-31  0.00000E+00 -0.50664E-06  0.10729E+02  0.76746E+02 -0.10945E+02  0.40806E+02 -0.33968E-02 -0.10000E+07 -0.16000E+04 -0.23997E+02  0.00000E+00  0.13783E+02  0.64161E+01  0.11359E+02  0.41375E+00   6630  0.00000E+00      0.000
     515.0000  0.00000E+00  0.41148E+00  0.99840E-31  0.00000E+00 -0.50664E-06  0.10729E+02  0.77158E+02 -0.10945E+02  0.40806E+02 -0.33973E-02 -0.10000E+07 -0.16000E+04 -0.23998E+02  0.00000E+00  0.13783E+02  0.64161E+01  0.11359E+02  0.41375E+00   6632  0.00000E+00      0.000
     516.0000  0.00000E+00  0.36576E+00  0.99840E-31  0.00000E+00 -0.50664E-06  0.10729E+02  0.77523E+02 -0.10945E+02  0.40806E+02 -0.33978E-02 -0.10000E+07 -0.16000E+04 -0.23999E+02  0.00000E+00  0.13783E+02  0.64161E+01  0.11359E+02  0.41375E+00   6634  0.00000E+00      0.000
     517.0000  0.00000E+00  0.40132E+00  0.99840E-31  0.00000E+00 -0.50664E-06  0.10729E+02  0.77925E+02 -0.10945E+02  0.40806E+02 -0.33983E-02 -0.10000E+07 -0.16000E+04 -0.24000E+02  0.00000E+00  0.13783E+02  0.64161E+01  0.11359E+02  0.41375E+00   6636  0.00000E+00      0.000
     518.0000  0.00000E+00  0.36830E+00  0.99840E-31  0.00000E+00 -0.50664E-06  0.10729E+02  0.78293E+02 -0.10945E+02  0.40806E+02 -0.33988E-02 -0.10000E+07 -0.16002E+04 -0.24001E+02  0.00000E+00  0.13783E+02  0.64161E+01  0.11359E+02  0.41375E+00   6638  0.00000E+00      0.000
     519.0000  0.00000E+00  0.41148E+00  0.99840E-31  0.00000E+00 -0.50664E-06  0.10729E+02  0.78705E+02 -0.10945E+02  0.40806E+02 -0.33993E-02 -0.10000E+07 -0.16002E+04 -0.24002E+02  0.00000E+00  0.13783E+02  0.64161E+01  0.11359E+02  0.41375E+00   6640  0.00000E+00      0.000
     520.0000  0.00000E+00  0.46482E+00  0.99840E-31  0.00000E+00 -0.50664E-06  0.10729E+02  0.79169E+02 -0.10945E+02  0.40806E+02 -0.33998E-02 -0.10000E+07 -0.16002E+04 -0.24004E+02  0.00000E+00  0.13783E+02  0.64161E+01  0.11359E+02  0.41375E+00   6642  0.00000E+00      0.000
     521.0000  0.00000E+00  0.47752E+00  0.99840E-31  0.00000E+00 -0.50664E-06  0.10729E+02  0.79647E+02 -0.10945E+02  0.40806E+02 -0.34003E-02 -0.10000E+07 -0.16002E+04 -0.24005E+02  0.00000E+00  0.13783E+02  0.64161E+01  0.11359E+02  0.41375E+00   6644  0.00000E+00      0.000
     522.0000  0.00000E+00  0.44450E+00  0.99840E-31  0.00000E+00 -0.50664E-06  0.10729E+02  0.80091E+02 -0.10945E+02  0.40806E+02 -0.34008E-02 -0.10000E+07 -0.16002E+04 -0.24006E+02  0.00000E+00  0.13783E+02  0.64161E+01  0.11359E+02  0.41375E+00   6646  0.00000E+00      0.000
     523.0000  0.00000E+00  0.44196E+00  0.99840E-31  0.00000E+00 -0.50664E-06  0.10729E+02  0.80533E+02 -0.10945E+02  0.40806E+02 -0.34014E-02 -0.10000E+07 -0.16002E+04 -0.24007E+02  0.00000E+00  0.13783E+02  0.64161E+01  0.11359E+02  0.41375E+00   6648  0.00000E+00      0.000
     524.0000  0.00000E+00  0.42672E+00  0.99840E-31  0.00000E+00 -0.50664E-06  0.10729E+02  0.80960E+02 -0.10945E+02  0.40806E+02 -0.34019E-02 -0.10000E+07 -0.16002E+04 -0.24008E+02  0.00000E+00  0.13783E+02  0.64161E+01  0.11359E+02  0.41375E+00   6650  0.00000E+00      0.000
     525.0000  0.00000E+00  0.41656E+00  0.99840E-31  0.00000E+00 -0.50664E-06  0.10729E+02  0.81377E+02 -0.10945E+02  0.40806E+02 -0.34024E-02 -0.10000E+07 -0.16002E+04 -0.24009E+02  0.00000E+00  0.13783E+02  0.64161E+01  0.11359E+02  0.41375E+00   6652  0.00000E+00      0.000
     526.0000  0.00000E+00  0.39878E+00  0.99840E-31  0.00000E+00 -0.50664E-06  0.10729E+02  0.81775E+02 -0.10945E+02  0.40806E+02 -0.34029E-02 -0.10000E+07 -0.16002E+04 -0.24010E+02  0.00000E+00  0.13783E+02  0.64161E+01  0.11359E+02  0.41375E+00   6654  0.00000E+00      0.000
     527.0000  0.00000E+00  0.45974E+00  0.99840E-31  0.00000E+00 -0.50664E-06  0.10729E+02  0.82235E+02 -0.10945E+02  0.40806E+02 -0.34034E-02 -0.10000E+07 -0.16002E+04 -0.24011E+02  0.00000E+00  0.13783E+02  0.64161E+01  0.11359E+02  0.41375E+00   6656  0.00000E+00      0.000
     528.0000  0.00000E+00  0.55118E+00  0.99840E-31  0.00000E+00 -0.50664E-06  0.10729E+02  0.82786E+02 -0.10945E+02  0.40806E+02 -0.34039E-02 -0.10000E+07 -0.16002E+04 -0.24012E+02  0.00000E+00  0.13783E+02  0.64161E+01  0.11359E+02  0.41375E+00   6658  0.00000E+00      0.000
     529.0000 -0.15240E+01  0.52070E+00 -0.12634E+01  0.11902E+00  0.00000E+00  0.92050E+01  0.83307E+02 -0.12446E+02  0.40864E+02 -0.34039E-02  0.00000E+00 -0.13872E+04 -0.24012E+02  0.26062E+00  0.13814E+02  0.78584E+01  0.12860E+02  0.41375E+00   8064  0.00000E+00      0.000
     530.0000 -0.15240E+01  0.45466E+00 -0.88074E+00  0.12990E+00  0.00000E+00  0.76810E+01  0.83762E+02 -0.13477E+02  0.40988E+02 -0.34039E-02  0.00000E+00 -0.12712E+04 -0.24012E+02  0.64326E+00  0.14307E+02  0.87658E+01  0.13891E+02  0.41375E+00   8579  0.00000E+00      0.000
     531.0000 -0.15240E+01  0.41656E+00 -0.78600E+00  0.16365E+00  0.00000E+00  0.61570E+01  0.84179E+02 -0.14294E+02  0.41138E+02 -0.34039E-02  0.00000E+00 -0.11627E+04 -0.24012E+02  0.73800E+00  0.15014E+02  0.94326E+01  0.14707E+02  0.41375E+00   8983  0.00000E+00      0.000
     532.0000 -0.16498E+01  0.32766E+00 -0.70455E+00  0.14199E+00  0.00000E+00  0.45072E+01  0.84506E+02 -0.15027E+02  0.41278E+02 -0.34040E-02  0.00000E+00 -0.10576E+04 -0.24012E+02  0.94525E+00  0.15931E+02  0.10026E+02  0.15441E+02  0.41375E+00   9345  0.00000E+00      0.000
     533.0000 -0.15852E+01  0.43180E+00 -0.68606E+00  0.20665E+00  0.00000E+00  0.29220E+01  0.84938E+02 -0.15724E+02  0.41476E+02 -0.34042E-02  0.00000E+00 -0.99741E+03 -0.24013E+02  0.89914E+00  0.16819E+02  0.10526E+02  0.16138E+02  0.41375E+00   9597  0.00000E+00      0.000
     534.0000 -0.35933E+01  0.96520E-01 -0.61950E+00  0.48720E-01  0.00000E+00 -0.67126E+00  0.85035E+02 -0.16358E+02  0.41521E+02 -0.34042E-02  0.00000E+00 -0.89252E+03 -0.24013E+02  0.29738E+01  0.19779E+02  0.11114E+02  0.16771E+02  0.41375E+00   9968  0.00000E+00      0.000
     535.0000  0.00000E+00  0.23368E+00  0.50524E-07  0.15801E+00 -0.49796E-06 -0.67126E+00  0.85268E+02 -0.16358E+02  0.41679E+02 -0.34047E-02 -0.18625E+02 -0.90158E+03 -0.24014E+02  0.00000E+00  0.19779E+02  0.10956E+02  0.16771E+02  0.41375E+00   9998  0.00000E+00      0.000
     536.0000  0.00000E+00  0.37592E+00 -0.33178E-08  0.25419E+00 -0.51657E-06 -0.67126E+00  0.85644E+02 -0.16358E+02  0.41933E+02 -0.34052E-02 -0.20393E+02 -0.90896E+03 -0.24015E+02  0.00000E+00  0.19779E+02  0.10726E+02  0.16771E+02  0.41375E+00  10001  0.00000E+00      0.000
     537.0000  0.00000E+00  0.41910E+00  0.11700E-07  0.28339E+00 -0.50664E-06 -0.67126E+00  0.86063E+02 -0.16358E+02  0.42217E+02 -0.34057E-02 -0.22064E+02 -0.91682E+03 -0.24016E+02  0.00000E+00  0.19779E+02  0.10457E+02  0.16771E+02  0.41375E+00  10003  0.00000E+00      0.000
     538.0000  0.00000E+00  0.33528E+00 -0.98371E-08  0.22671E+00 -0.50664E-06 -0.67126E+00  0.86399E+02 -0.16358E+02  0.42443E+02 -0.34062E-02 -0.23097E+02 -0.92402E+03 -0.24017E+02  0.00000E+00  0.19779E+02  0.10202E+02  0.16771E+02  0.41375E+00  10005  0.00000E+00      0.000
     539.0000  0.00000E+00  0.42672E+00  0.68103E-08  0.28854E+00 -0.50664E-06 -0.67126E+00  0.86825E+02 -0.16358E+02  0.42732E+02 -0.34067E-02 -0.23562E+02 -0.93201E+03 -0.24018E+02  0.00000E+00  0.19779E+02  0.99442E+01  0.16771E+02  0.41375E+00  10007  0.00000E+00      0.000
     540.0000  0.00000E+00  0.55626E+00 -0.75015E-08  0.37614E+00 -0.50664E-06 -0.67126E+00  0.87382E+02 -0.16358E+02  0.43108E+02 -0.34072E-02 -0.23695E+02 -0.94347E+03 -0.24019E+02  0.00000E+00  0.19779E+02  0.96119E+01  0.16771E+02  0.41375E+00  10009  0.00000E+00      0.000
     541.0000  0.00000E+00  0.49022E+00 -0.80618E-08  0.32965E+00 -0.50664E-06 -0.67126E+00  0.87872E+02 -0.16358E+02  0.43438E+02 -0.34077E-02 -0.23819E+02 -0.95860E+03 -0.24020E+02  0.00000E+00  0.19779E+02  0.92583E+01  0.16771E+02  0.41375E+00  10011  0.00000E+00      0.000
     542.0000  0.00000E+00  0.41148E+00 -0.25466E-09  0.27467E+00 -0.50664E-06 -0.67126E+00  0.88283E+02 -0.16358E+02  0.43714E+02 -0.34083E-02 -0.23970E+02 -0.97559E+03 -0.24021E+02  0.00000E+00  0.19779E+02  0.89554E+01  0.16771E+02  0.41375E+00  10013  0.00000E+00      0.000
     543.0000  0.00000E+00  0.44196E+00  0.69267E-08  0.29046E+00 -0.50664E-06 -0.67126E+00  0.88725E+02 -0.16358E+02  0.44005E+02 -0.34088E-02 -0.24148E+02 -0.99546E+03 -0.24022E+02  0.00000E+00  0.19779E+02  0.86718E+01  0.16771E+02  0.41375E+00  10015  0.00000E+00      0.000
     544.0000  0.00000E+00  0.32258E+00  0.15934E-08  0.20977E+00 -0.50664E-06 -0.67126E+00  0.89048E+02 -0.16358E+02  0.44216E+02 -0.34093E-02 -0.24359E+02 -0.10155E+04 -0.24023E+02  0.00000E+00  0.19779E+02  0.84210E+01  0.16771E+02  0.41375E+00  10017  0.00000E+00      0.000
     545.0000  0.00000E+00  0.21844E+00  0.14712E-07  0.14087E+00 -0.50664E-06 -0.67126E+00  0.89266E+02 -0.16358E+02  0.44357E+02 -0.34098E-02 -0.24592E+02 -0.10316E+04 -0.24024E+02  0.00000E+00  0.19779E+02  0.82454E+01  0.16771E+02  0.41375E+00  10019  0.00000E+00      0.000
     546.0000  0.00000E+00  0.37592E+00  0.23720E-08  0.24043E+00 -0.50664E-06 -0.67126E+00  0.89642E+02 -0.16358E+02  0.44598E+02 -0.34103E-02 -0.24845E+02 -0.10489E+04 -0.24025E+02  0.00000E+00  0.19779E+02  0.80544E+01  0.16771E+02  0.41375E+00  10021  0.00000E+00      0.000
     547.0000  0.00000E+00  0.26924E+00  0.13300E-07  0.17176E+00 -0.50664E-06 -0.67126E+00  0.89911E+02 -0.16358E+02  0.44770E+02 -0.34108E-02 -0.25139E+02 -0.10697E+04 -0.24026E+02  0.00000E+00  0.19779E+02  0.78483E+01  0.16771E+02  0.41375E+00  10023  0.00000E+00      0.000
     548.0000  0.00000E+00  0.37084E+00  0.13693E-07  0.23597E+00 -0.50664E-06 -0.67126E+00  0.90282E+02 -0.16358E+02  0.45006E+02 -0.34113E-02 -0.25467E+02 -0.10975E+04 -0.24028E+02  0.00000E+00  0.19779E+02  0.76443E+01  0.16771E+02  0.41375E+00  10025  0.00000E+00      0.000
     549.0000 -0.13970E+01  0.42672E+00 -0.10714E+01  0.26966E+00  0.00000E+00 -0.20683E+01  0.90709E+02 -0.17702E+02  0.45277E+02 -0.34113E-02  0.00000E+00 -0.10524E+04 -0.24027E+02  0.32558E+00  0.19832E+02  0.87179E+01  0.18116E+02  0.41375E+00  11189  0.00000E+00      0.000
     550.0000  0.00000E+00  0.24638E+00  0.35507E-08  0.15553E+00 -0.53183E-06 -0.20683E+01  0.90955E+02 -0.17702E+02  0.45433E+02 -0.34118E-02 -0.18693E+02 -0.10743E+04 -0.24029E+02  0.00000E+00  0.19832E+02  0.85611E+01  0.18116E+02  0.41375E+00  11213  0.00000E+00      0.000
     551.0000 -0.28059E+01  0.35814E+00 -0.83164E+00  0.20607E+00  0.00000E+00 -0.48742E+01  0.91313E+02 -0.18665E+02  0.45644E+02 -0.34118E-02  0.00000E+00 -0.10295E+04 -0.24029E+02  0.19743E+01  0.21676E+02  0.93141E+01  0.19078E+02  0.41375E+00  11698  0.00000E+00      0.000
     552.0000  0.00000E+00  0.37592E+00  0.23283E-07  0.23024E+00 -0.50958E-06 -0.48742E+01  0.91689E+02 -0.18665E+02  0.45878E+02 -0.34123E-02 -0.19152E+02 -0.10603E+04 -0.24030E+02  0.00000E+00  0.21676E+02  0.90793E+01  0.19078E+02  0.41375E+00  11718  0.00000E+00      0.000
     553.0000 -0.29623E+01  0.34798E+00 -0.74460E+00  0.19952E+00  0.00000E+00 -0.78365E+01  0.92038E+02 -0.19512E+02  0.46074E+02 -0.34124E-02  0.00000E+00 -0.10179E+04 -0.24030E+02  0.22177E+01  0.23791E+02  0.97296E+01  0.19926E+02  0.41375E+00  12072  0.00000E+00      0.000
     554.0000  0.00000E+00  0.44450E+00  0.99535E-08  0.26703E+00 -0.54133E-06 -0.78365E+01  0.92482E+02 -0.19512E+02  0.46346E+02 -0.34129E-02 -0.19374E+02 -0.10502E+04 -0.24031E+02  0.00000E+00  0.23791E+02  0.94560E+01  0.19926E+02  0.41375E+00  12096  0.00000E+00      0.000
     555.0000 -0.27940E+01  0.46228E+00 -0.71455E+00  0.22507E+00  0.00000E+00 -0.10630E+02  0.92944E+02 -0.20331E+02  0.46590E+02 -0.34130E-02  0.00000E+00 -0.10155E+04 -0.24031E+02  0.20795E+01  0.25766E+02  0.10032E+02  0.20745E+02  0.41375E+00  12391  0.00000E+00      0.000
     556.0000  0.00000E+00  0.45720E+00  0.30850E-08  0.26512E+00 -0.52102E-06 -0.10630E+02  0.93402E+02 -0.20331E+02  0.46859E+02 -0.34135E-02 -0.19295E+02 -0.10451E+04 -0.24032E+02  0.00000E+00  0.25766E+02  0.97611E+01  0.20745E+02  0.41375E+00  12414  0.00000E+00      0.000
     557.0000 -0.27940E+01  0.47752E+00 -0.69713E+00  0.23344E+00  0.00000E+00 -0.13424E+02  0.93879E+02 -0.21128E+02  0.47091E+02 -0.34136E-02  0.00000E+00 -0.10006E+04 -0.24032E+02  0.20969E+01  0.27763E+02  0.10327E+02  0.21542E+02  0.41375E+00  12638  0.00000E+00      0.000
     558.0000 -0.14413E+01  0.43180E+00 -0.67439E+00  0.22515E+00  0.00000E+00 -0.14866E+02  0.94311E+02 -0.21813E+02  0.47306E+02 -0.34137E-02  0.00000E+00 -0.94532E+03 -0.24033E+02  0.76691E+00  0.28519E+02  0.10797E+02  0.22227E+02  0.41375E+00  12969  0.00000E+00      0.000
     559.0000  0.00000E+00  0.43688E+00  0.11642E-09  0.27773E+00 -0.52433E-06 -0.14866E+02  0.94748E+02 -0.21813E+02  0.47584E+02 -0.34142E-02 -0.19242E+02 -0.95806E+03 -0.24034E+02  0.00000E+00  0.28519E+02  0.10519E+02  0.22227E+02  0.41375E+00  12988  0.00000E+00      0.000
     560.0000  0.00000E+00  0.44958E+00  0.30850E-08  0.28580E+00 -0.51657E-06 -0.14866E+02  0.95197E+02 -0.21813E+02  0.47870E+02 -0.34147E-02 -0.21406E+02 -0.96601E+03 -0.24035E+02  0.00000E+00  0.28519E+02  0.10235E+02  0.22227E+02  0.41375E+00  12991  0.00000E+00      0.000
     561.0000  0.00000E+00  0.42672E+00 -0.14319E-07  0.27127E+00 -0.50664E-06 -0.14866E+02  0.95624E+02 -0.21813E+02  0.48141E+02 -0.34152E-02 -0.22807E+02 -0.97346E+03 -0.24036E+02  0.00000E+00  0.28519E+02  0.99568E+01  0.22227E+02  0.41375E+00  12993  0.00000E+00      0.000
     562.0000  0.00000E+00  0.48260E+00  0.49185E-08  0.30680E+00 -0.50664E-06 -0.14866E+02  0.96107E+02 -0.21813E+02  0.48448E+02 -0.34157E-02 -0.23504E+02 -0.98173E+03 -0.24037E+02  0.00000E+00  0.28519E+02  0.96678E+01  0.22227E+02  0.41375E+00  12995  0.00000E+00      0.000
     563.0000  0.00000E+00  0.46228E+00  0.14661E-08  0.29388E+00 -0.50664E-06 -0.14866E+02  0.96569E+02 -0.21813E+02  0.48742E+02 -0.34162E-02 -0.23688E+02 -0.99112E+03 -0.24038E+02  0.00000E+00  0.28519E+02  0.93675E+01  0.22227E+02  0.41375E+00  12997  0.00000E+00      0.000
     564.0000  0.00000E+00  0.45212E+00  0.10194E-07  0.28742E+00 -0.50664E-06 -0.14866E+02  0.97021E+02 -0.21813E+02  0.49029E+02 -0.34167E-02 -0.23811E+02 -0.10018E+04 -0.24039E+02  0.00000E+00  0.28519E+02  0.90768E+01  0.22227E+02  0.41375E+00  12999  0.00000E+00      0.000
     565.0000  0.00000E+00  0.37592E+00  0.86075E-08  0.23898E+00 -0.50664E-06 -0.14866E+02  0.97397E+02 -0.21813E+02  0.49268E+02 -0.34173E-02 -0.23956E+02 -0.10134E+04 -0.24040E+02  0.00000E+00  0.28519E+02  0.88136E+01  0.22227E+02  0.41375E+00  13001  0.00000E+00      0.000
     566.0000  0.00000E+00  0.40894E+00 -0.75743E-08  0.25966E+00 -0.50664E-06 -0.14866E+02  0.97806E+02 -0.21813E+02  0.49528E+02 -0.34178E-02 -0.24125E+02 -0.10272E+04 -0.24041E+02  0.00000E+00  0.28519E+02  0.85641E+01  0.22227E+02  0.41375E+00  13003  0.00000E+00      0.000
     567.0000  0.00000E+00  0.41402E+00 -0.61846E-08  0.25938E+00 -0.50664E-06 -0.14866E+02  0.98220E+02 -0.21813E+02  0.49788E+02 -0.34183E-02 -0.24325E+02 -0.10464E+04 -0.24042E+02  0.00000E+00  0.28519E+02  0.83038E+01  0.22227E+02  0.41375E+00  13005  0.00000E+00      0.000
     568.0000  0.00000E+00  0.37084E+00 -0.14836E-07  0.22892E+00 -0.50664E-06 -0.14866E+02  0.98591E+02 -0.21813E+02  0.50018E+02 -0.34188E-02 -0.24559E+02 -0.10697E+04 -0.24043E+02  0.00000E+00  0.28519E+02  0.80586E+01  0.22227E+02  0.41375E+00  13007  0.00000E+00      0.000
     569.0000  0.00000E+00  0.38608E+00  0.59663E-08  0.23418E+00 -0.50664E-06 -0.14866E+02  0.98977E+02 -0.21813E+02  0.50253E+02 -0.34193E-02 -0.24829E+02 -0.10965E+04 -0.24044E+02  0.00000E+00  0.28519E+02  0.78261E+01  0.22227E+02  0.41375E+00  13009  0.00000E+00      0.000
     570.0000  0.00000E+00  0.48260E+00 -0.13271E-07  0.28845E+00 -0.50664E-06 -0.14866E+02  0.99459E+02 -0.21813E+02  0.50543E+02 -0.34198E-02 -0.25154E+02 -0.11330E+04 -0.24045E+02  0.00000E+00  0.28519E+02  0.75640E+01  0.22227E+02  0.41375E+00  13011  0.00000E+00      0.000
     571.0000  0.00000E+00  0.55626E+00  0.21100E-08  0.30547E+00 -0.50664E-06 -0.14866E+02  0.10002E+03 -0.21813E+02  0.50860E+02 -0.34203E-02 -0.25577E+02 -0.11942E+04 -0.24046E+02  0.00000E+00  0.28519E+02  0.72555E+01  0.22227E+02  0.41375E+00  13013  0.00000E+00      0.000
     572.0000  0.00000E+00  0.58928E+00  0.90222E-09  0.22467E+00 -0.50664E-06 -0.14866E+02  0.10060E+03 -0.21813E+02  0.51116E+02 -0.34208E-02 -0.26175E+02 -0.13099E+04 -0.24047E+02  0.00000E+00  0.28519E+02  0.69593E+01  0.22227E+02  0.41375E+00  13015  0.00000E+00      0.000
     573.0000  0.00000E+00  0.47244E+00 -0.84401E-09  0.10403E+00 -0.50664E-06 -0.14866E+02  0.10108E+03 -0.21813E+02  0.51238E+02 -0.34213E-02 -0.26912E+02 -0.14333E+04 -0.24048E+02  0.00000E+00  0.28519E+02  0.67766E+01  0.22227E+02  0.41375E+00  13017  0.00000E+00      0.000
     574.0000  0.00000E+00  0.40640E+00  0.22410E-08  0.52694E-01 -0.50664E-06 -0.14866E+02  0.10148E+03 -0.21813E+02  0.51300E+02 -0.34218E-02 -0.27573E+02 -0.15052E+04 -0.24050E+02  0.00000E+00  0.28519E+02  0.66889E+01  0.22227E+02  0.41375E+00  13019  0.00000E+00      0.000
     575.0000  0.00000E+00  0.34290E+00 -0.14130E-07  0.25605E-01 -0.50664E-06 -0.14866E+02  0.10183E+03 -0.21813E+02  0.51330E+02 -0.34223E-02 -0.28104E+02 -0.15492E+04 -0.24051E+02  0.00000E+00  0.28519E+02  0.66448E+01  0.22227E+02  0.41375E+00  13021  0.00000E+00      0.000
     576.0000  0.00000E+00  0.44196E+00 -0.27649E-08  0.13313E-01 -0.50664E-06 -0.14866E+02  0.10227E+03 -0.21813E+02  0.51348E+02 -0.34228E-02 -0.28516E+02 -0.15769E+04 -0.24052E+02  0.00000E+00  0.28519E+02  0.66215E+01  0.22227E+02  0.41375E+00  13023  0.00000E+00      0.000
     577.0000  0.00000E+00  0.38100E+00 -0.42783E-08  0.45048E-02 -0.50664E-06 -0.14866E+02  0.10265E+03 -0.21813E+02  0.51354E+02 -0.34233E-02 -0.28832E+02 -0.15916E+04 -0.24053E+02  0.00000E+00  0.28519E+02  0.66111E+01  0.22227E+02  0.41375E+00  13025  0.00000E+00      0.000
     578.0000  0.00000E+00  0.46990E+00 -0.38053E-08  0.15084E-02 -0.50664E-06 -0.14866E+02  0.10312E+03 -0.21813E+02  0.51356E+02 -0.34238E-02 -0.29073E+02 -0.15975E+04 -0.24054E+02  0.00000E+00  0.28519E+02  0.66074E+01  0.22227E+02  0.41375E+00  13027  0.00000E+00      0.000
     579.0000  0.00000E+00  0.41402E+00  0.11714E-08  0.31125E-03 -0.50664E-06 -0.14866E+02  0.10353E+03 -0.21813E+02  0.51356E+02 -0.34243E-02 -0.29256E+02 -0.15996E+04 -0.24055E+02  0.00000E+00  0.28519E+02  0.66063E+01  0.22227E+02  0.41375E+00  13029  0.00000E+00      0.000
     580.0000  0.00000E+00  0.42926E+00  0.80618E-08  0.92931E-04 -0.50664E-06 -0.14866E+02  0.10396E+03 -0.21813E+02  0.51356E+02 -0.34249E-02 -0.29396E+02 -0.16000E+04 -0.24056E+02  0.00000E+00  0.28519E+02  0.66061E+01  0.22227E+02  0.41375E+00  13031  0.00000E+00      0.000
     581.0000  0.00000E+00  0.36322E+00 -0.27067E-08  0.51387E-04 -0.50664E-06 -0.14866E+02  0.10433E+03 -0.21813E+02  0.51356E+02 -0.34254E-02 -0.29503E+02 -0.16001E+04 -0.24057E+02  0.00000E+00  0.28519E+02  0.66060E+01  0.22227E+02  0.41375E+00  13033  0.00000E+00      0.000
     582.0000  0.00000E+00  0.13208E+00  0.82582E-09  0.26511E-04 -0.50664E-06 -0.14866E+02  0.10446E+03 -0.21813E+02  0.51357E+02 -0.34259E-02 -0.29584E+02 -0.16001E+04 -0.24058E+02  0.00000E+00  0.28519E+02  0.66059E+01  0.22227E+02  0.41375E+00  13035  0.00000E+00      0.000
     583.0000  0.00000E+00  0.33274E+00  0.17790E-08  0.36275E-04 -0.50664E-06 -0.14866E+02  0.10479E+03 -0.21813E+02  0.51357E+02 -0.34264E-02 -0.29646E+02 -0.16001E+04 -0.24059E+02  0.00000E+00  0.28519E+02  0.66059E+01  0.22227E+02  0.41375E+00  13037  0.00000E+00      0.000
     584.0000  0.00000E+00  0.34544E+00 -0.62228E-08  0.23480E-04 -0.50664E-06 -0.14866E+02  0.10514E+03 -0.21813E+02  0.51357E+02 -0.34269E-02 -0.29693E+02 -0.16001E+04 -0.24060E+02  0.00000E+00  0.28519E+02  0.66059E+01  0.22227E+02  0.41375E+00  13039  0.00000E+00      0.000
     585.0000  0.00000E+00  0.11938E+00  0.13277E-07  0.11328E-04 -0.50664E-06 -0.14866E+02  0.10526E+03 -0.21813E+02  0.51357E+02 -0.34274E-02 -0.29729E+02 -0.16001E+04 -0.24061E+02  0.00000E+00  0.28519E+02  0.66059E+01  0.22227E+02  0.41375E+00  13041  0.00000E+00      0.000
     586.0000  0.00000E+00  0.25146E+00  0.28613E-08  0.16128E-04 -0.50664E-06 -0.14866E+02  0.10551E+03 -0.21813E+02  0.51357E+02 -0.34279E-02 -0.29756E+02 -0.16001E+04 -0.24062E+02  0.00000E+00  0.28519E+02  0.66058E+01  0.22227E+02  0.41375E+00  13043  0.00000E+00      0.000
     587.0000  0.00000E+00  0.31242E+00  0.75433E-08  0.11424E-04 -0.50664E-06 -0.14866E+02  0.10582E+03 -0.21813E+02  0.51357E+02 -0.34284E-02 -0.29777E+02 -0.16001E+04 -0.24063E+02  0.00000E+00  0.28519E+02  0.66058E+01  0.22227E+02  0.41375E+00  13045  0.00000E+00      0.000
     588.0000  0.00000E+00  0.31496E+00  0.36107E-08  0.78663E-05 -0.50664E-06 -0.14866E+02  0.10613E+03 -0.21813E+02  0.51357E+02 -0.34289E-02 -0.29793E+02 -0.16002E+04 -0.24064E+02  0.00000E+00  0.28519E+02  0.66058E+01  0.22227E+02  0.41375E+00  13047  0.00000E+00      0.000
     589.0000  0.00000E+00  0.36576E+00 -0.10960E-07  0.59599E-05 -0.50664E-06 -0.14866E+02  0.10650E+03 -0.21813E+02  0.51357E+02 -0.34294E-02 -0.29805E+02 -0.16002E+04 -0.24065E+02  0.00000E+00  0.28519E+02  0.66058E+01  0.22227E+02  0.41375E+00  13049  0.00000E+00      0.000
     590.0000  0.00000E+00  0.37846E+00 -0.82850E-08  0.43919E-05 -0.50664E-06 -0.14866E+02  0.10688E+03 -0.21813E+02  0.51357E+02 -0.34299E-02 -0.29814E+02 -0.16002E+04 -0.24066E+02  0.00000E+00  0.28519E+02  0.66058E+01  0.22227E+02  0.41375E+00  13051  0.00000E+00      0.000
     591.0000  0.00000E+00  0.32512E+00  0.78705E-08  0.32359E-05 -0.50664E-06 -0.14866E+02  0.10720E+03 -0.21813E+02  0.51357E+02 -0.34304E-02 -0.29821E+02 -0.16002E+04 -0.24068E+02  0.00000E+00  0.28519E+02  0.66058E+01  0.22227E+02  0.41375E+00  13053  0.00000E+00      0.000
     592.0000  0.00000E+00  0.32258E+00  0.50484E-08  0.25536E-05 -0.50664E-06 -0.14866E+02  0.10753E+03 -0.21813E+02  0.51357E+02 -0.34309E-02 -0.29826E+02 -0.16002E+04 -0.24069E+02  0.00000E+00  0.28519E+02  0.66058E+01  0.22227E+02  0.41375E+00  13055  0.00000E+00      0.000
     593.0000  0.00000E+00  0.40386E+00  0.64649E-08  0.20031E-05 -0.50664E-06 -0.14866E+02  0.10793E+03 -0.21813E+02  0.51357E+02 -0.34314E-02 -0.29831E+02 -0.16002E+04 -0.24070E+02  0.00000E+00  0.28519E+02  0.66058E+01  0.22227E+02  0.41375E+00  13057  0.00000E+00      0.000
     594.0000  0.00000E+00  0.38100E+00 -0.83463E-08  0.14602E-05 -0.50664E-06 -0.14866E+02  0.10831E+03 -0.21813E+02  0.51357E+02 -0.34319E-02 -0.29834E+02 -0.16002E+04 -0.24071E+02  0.00000E+00  0.28519E+02  0.66058E+01  0.22227E+02  0.41375E+00  13059  0.00000E+00      0.000
     595.0000  0.00000E+00  0.35814E+00 -0.74416E-08  0.11055E-05 -0.50664E-06 -0.14866E+02  0.10867E+03 -0.21813E+02  0.51357E+02 -0.34325E-02 -0.29836E+02 -0.16002E+04 -0.24072E+02  0.00000E+00  0.28519E+02  0.66058E+01  0.22227E+02  0.41375E+00  13061  0.00000E+00      0.000
     596.0000  0.00000E+00  0.37592E+00 -0.72000E-08  0.10022E-05 -0.50664E-06 -0.14866E+02  0.10905E+03 -0.21813E+02  0.51357E+02 -0.34330E-02 -0.29838E+02 -0.16002E+04 -0.24073E+02  0.00000E+00  0.28519E+02  0.66058E+01  0.22227E+02  0.41375E+00  13063  0.00000E+00      0.000
     597.0000  0.00000E+00  0.43434E+00 -0.69825E-08  0.10018E-05 -0.50664E-06 -0.14866E+02  0.10948E+03 -0.21813E+02  0.51357E+02 -0.34335E-02 -0.29840E+02 -0.16002E+04 -0.24074E+02  0.00000E+00  0.28519E+02  0.66058E+01  0.22227E+02  0.41375E+00  13065  0.00000E+00      0.000
     598.0000  0.00000E+00  0.34290E+00 -0.67538E-08  0.94620E-06 -0.50664E-06 -0.14866E+02  0.10982E+03 -0.21813E+02  0.51357E+02 -0.34340E-02 -0.29841E+02 -0.16002E+04 -0.24075E+02  0.00000E+00  0.28519E+02  0.66058E+01  0.22227E+02  0.41375E+00  13067  0.00000E+00      0.000
     599.0000  0.00000E+00  0.28956E+00 -0.65240E-08  0.94002E-06 -0.50664E-06 -0.14866E+02  0.11011E+03 -0.21813E+02  0.51357E+02 -0.34345E-02 -0.29843E+02 -0.16002E+04 -0.24076E+02  0.00000E+00  0.28519E+02  0.66058E+01  0.22227E+02  0.41375E+00  13069  0.00000E+00      0.000
     600.0000  0.00000E+00  0.31496E+00 -0.62984E-08  0.10013E-05 -0.50664E-06 -0.14866E+02  0.11043E+03 -0.21813E+02  0.51357E+02 -0.34350E-02 -0.29845E+02 -0.16002E+04 -0.24077E+02  0.00000E+00  0.28519E+02  0.66058E+01  0.22227E+02  0.41375E+00  13071  0.00000E+00      0.000
     601.0000  0.00000E+00  0.37846E+00 -0.60779E-08  0.10145E-05 -0.50664E-06 -0.14866E+02  0.11081E+03 -0.21813E+02  0.51357E+02 -0.34355E-02 -0.29847E+02 -0.16002E+04 -0.24078E+02  0.00000E+00  0.28519E+02  0.66058E+01  0.22227E+02  0.41375E+00  13073  0.00000E+00      0.000
     602.0000  0.00000E+00  0.34290E+00 -0.58481E-08  0.97664E-06 -0.50664E-06 -0.14866E+02  0.11115E+03 -0.21813E+02  0.51357E+02 -0.34360E-02 -0.29848E+02 -0.16002E+04 -0.24079E+02  0.00000E+00  0.28519E+02  0.66058E+01  0.22227E+02  0.41375E+00  13075  0.00000E+00      0.000
     603.0000  0.00000E+00  0.37084E+00 -0.56202E-08  0.10072E-05 -0.50664E-06 -0.14866E+02  0.11152E+03 -0.21813E+02  0.51357E+02 -0.34365E-02 -0.29850E+02 -0.16002E+04 -0.24080E+02  0.00000E+00  0.28519E+02  0.66058E+01  0.22227E+02  0.41375E+00  13077  0.00000E+00      0.000
     604.0000  0.00000E+00  0.34798E+00 -0.54008E-08  0.98324E-06 -0.50664E-06 -0.14866E+02  0.11187E+03 -0.21813E+02  0.51357E+02 -0.34370E-02 -0.29852E+02 -0.16002E+04 -0.24081E+02  0.00000E+00  0.28519E+02  0.66058E+01  0.22227E+02  0.41375E+00  13079  0.00000E+00      0.000
     605.0000  0.00000E+00  0.46228E+00 -0.51740E-08  0.10139E-05 -0.50664E-06 -0.14866E+02  0.11233E+03 -0.21813E+02  0.51357E+02 -0.34375E-02 -0.29854E+02 -0.16002E+04 -0.24082E+02  0.00000E+00  0.28519E+02  0.66058E+01  0.22227E+02  0.41375E+00  13081  0.00000E+00      0.000
     606.0000  0.00000E+00  0.26416E+00 -0.49457E-08  0.86358E-06 -0.50664E-06 -0.14866E+02  0.11259E+03 -0.21813E+02  0.51357E+02 -0.34380E-02 -0.29856E+02 -0.16002E+04 -0.24083E+02  0.00000E+00  0.28519E+02  0.66058E+01  0.22227E+02  0.41375E+00  13083  0.00000E+00      0.000
     607.0000  0.00000E+00  0.39624E+00 -0.47220E-08  0.10348E-05 -0.50664E-06 -0.14866E+02  0.11299E+03 -0.21813E+02  0.51357E+02 -0.34385E-02 -0.29857E+02 -0.16002E+04 -0.24085E+02  0.00000E+00  0.28519E+02  0.66058E+01  0.22227E+02  0.41375E+00  13085  0.00000E+00      0.000
     608.0000  0.00000E+00  0.36576E+00 -0.44969E-08  0.98803E-06 -0.50664E-06 -0.14866E+02  0.11336E+03 -0.21813E+02  0.51357E+02 -0.34390E-02 -0.29859E+02 -0.16002E+04 -0.24086E+02  0.00000E+00  0.28519E+02  0.66058E+01  0.22227E+02  0.41375E+00  13087  0.00000E+00      0.000
     609.0000  0.00000E+00  0.30480E+00 -0.42667E-08  0.94463E-06 -0.50664E-06 -0.14866E+02  0.11366E+03 -0.21813E+02  0.51357E+02 -0.34395E-02 -0.29861E+02 -0.16002E+04 -0.24087E+02  0.00000E+00  0.28519E+02  0.66058E+01  0.22227E+02  0.41375E+00  13089  0.00000E+00      0.000
     610.0000  0.00000E+00  0.28956E+00 -0.40618E-08  0.61192E-05 -0.50664E-06 -0.14866E+02  0.11395E+03 -0.21813E+02  0.51357E+02 -0.34401E-02 -0.29863E+02 -0.79639E+03 -0.24088E+02  0.00000E+00  0.28519E+02  0.66058E+01  0.22227E+02  0.41375E+00  13091  0.00000E+00      0.000
     611.0000  0.00000E+00  0.30226E+00 -0.39178E-08  0.00000E+00 -0.50664E-06 -0.14866E+02  0.11425E+03 -0.21813E+02  0.51357E+02 -0.34406E-02 -0.29864E+02 -0.79639E+03 -0.24089E+02  0.00000E+00  0.28519E+02  0.66058E+01  0.22227E+02  0.41375E+00  13093  0.00000E+00      0.000
     612.0000  0.00000E+00  0.29718E+00 -0.36505E-08  0.00000E+00 -0.50664E-06 -0.14866E+02  0.11455E+03 -0.21813E+02  0.51357E+02 -0.34411E-02 -0.29866E+02 -0.79639E+03 -0.24090E+02  0.00000E+00  0.28519E+02  0.66058E+01  0.22227E+02  0.41375E+00  13095  0.00000E+00      0.000
     613.0000  0.00000E+00  0.29464E+00 -0.33896E-08  0.45429E-05 -0.50664E-06 -0.14866E+02  0.11484E+03 -0.21813E+02  0.51357E+02 -0.34416E-02 -0.29868E+02 -0.79639E+03 -0.24091E+02  0.00000E+00  0.28519E+02  0.66058E+01  0.22227E+02  0.41375E+00  13097  0.00000E+00      0.000
     614.0000  0.00000E+00  0.28956E+00 -0.32142E-08  0.00000E+00 -0.50664E-06 -0.14866E+02  0.11513E+03 -0.21813E+02  0.51357E+02 -0.34421E-02 -0.29870E+02 -0.79639E+03 -0.24092E+02  0.00000E+00  0.28519E+02  0.66058E+01  0.22227E+02  0.41375E+00  13099  0.00000E+00      0.000
     615.0000  0.00000E+00  0.30226E+00 -0.29503E-08  0.00000E+00 -0.50664E-06 -0.14866E+02  0.11544E+03 -0.21813E+02  0.51357E+02 -0.34426E-02 -0.29871E+02 -0.79639E+03 -0.24093E+02  0.00000E+00  0.28519E+02  0.66058E+01  0.22227E+02  0.41375E+00  13101  0.00000E+00      0.000
     616.0000  0.00000E+00  0.29210E+00 -0.28626E-08  0.00000E+00 -0.50664E-06 -0.14866E+02  0.11573E+03 -0.21813E+02  0.51357E+02 -0.34431E-02 -0.29873E+02 -0.79639E+03 -0.24094E+02  0.00000E+00  0.28519E+02  0.66057E+01  0.22227E+02  0.41375E+00  13103  0.00000E+00      0.000
     617.0000  0.00000E+00  0.28448E+00 -0.25918E-08  0.00000E+00 -0.50664E-06 -0.14866E+02  0.11601E+03 -0.21813E+02  0.51357E+02 -0.34436E-02 -0.29875E+02 -0.79639E+03 -0.24095E+02  0.00000E+00  0.28519E+02  0.66057E+01  0.22227E+02  0.41375E+00  13105  0.00000E+00      0.000
     618.0000  0.00000E+00  0.39624E+00 -0.23239E-08  0.00000E+00 -0.50664E-06 -0.14866E+02  0.11641E+03 -0.21813E+02  0.51357E+02 -0.34441E-02 -0.29877E+02 -0.79639E+03 -0.24096E+02  0.00000E+00  0.28519E+02  0.66057E+01  0.22227E+02  0.41375E+00  13107  0.00000E+00      0.000
     619.0000  0.00000E+00  0.18288E+00 -0.20549E-08  0.00000E+00 -0.50664E-06 -0.14866E+02  0.11659E+03 -0.21813E+02  0.51357E+02 -0.34446E-02 -0.29879E+02 -0.79639E+03 -0.24097E+02  0.00000E+00  0.28519E+02  0.66057E+01  0.22227E+02  0.41375E+00  13109  0.00000E+00      0.000
     620.0000  0.00000E+00  0.15240E+00 -0.18390E-08  0.00000E+00 -0.50664E-06 -0.14866E+02  0.11674E+03 -0.21813E+02  0.51357E+02 -0.34451E-02 -0.29880E+02 -0.79639E+03 -0.24098E+02  0.00000E+00  0.28519E+02  0.66057E+01  0.22227E+02  0.41375E+00  13111  0.00000E+00      0.000
     621.0000  0.00000E+00  0.63500E-01 -0.15813E-08  0.16057E-05 -0.50664E-06 -0.14866E+02  0.11681E+03 -0.21813E+02  0.51357E+02 -0.34456E-02 -0.29882E+02 -0.79639E+03 -0.24099E+02  0.00000E+00  0.28519E+02  0.66057E+01  0.22227E+02  0.41375E+00  13113  0.00000E+00      0.000
     622.0000  0.00000E+00  0.23876E+00 -0.13445E-08  0.92778E-05 -0.50664E-06 -0.14866E+02  0.11705E+03 -0.21813E+02  0.51357E+02 -0.34461E-02 -0.29884E+02 -0.79639E+03 -0.24100E+02  0.00000E+00  0.28519E+02  0.66057E+01  0.22227E+02  0.41375E+00  13115  0.00000E+00      0.000
     623.0000  0.00000E+00  0.35814E+00 -0.12628E-08  0.00000E+00 -0.50664E-06 -0.14866E+02  0.11740E+03 -0.21813E+02  0.51357E+02 -0.34466E-02 -0.29886E+02 -0.79639E+03 -0.24102E+02  0.00000E+00  0.28519E+02  0.66057E+01  0.22227E+02  0.41375E+00  13117  0.00000E+00      0.000
     624.0000  0.00000E+00  0.17272E+00 -0.10076E-08  0.00000E+00 -0.50664E-06 -0.14866E+02  0.11758E+03 -0.21813E+02  0.51357E+02 -0.34471E-02 -0.29887E+02 -0.79639E+03 -0.24103E+02  0.00000E+00  0.28519E+02  0.66057E+01  0.22227E+02  0.41375E+00  13119  0.00000E+00      0.000
     625.0000  0.00000E+00  0.19812E+00 -0.73840E-09  0.00000E+00 -0.50664E-06 -0.14866E+02  0.11778E+03 -0.21813E+02  0.51357E+02 -0.34477E-02 -0.29889E+02 -0.79639E+03 -0.24104E+02  0.00000E+00  0.28519E+02  0.66057E+01  0.22227E+02  0.41375E+00  13121  0.00000E+00      0.000
     626.0000  0.00000E+00  0.16764E+00 -0.47282E-09  0.00000E+00 -0.50664E-06 -0.14866E+02  0.11794E+03 -0.21813E+02  0.51357E+02 -0.34482E-02 -0.29891E+02 -0.79639E+03 -0.24105E+02  0.00000E+00  0.28519E+02  0.66057E+01  0.22227E+02  0.41375E+00  13123  0.00000E+00      0.000
     627.0000  0.00000E+00  0.88900E-01 -0.25432E-09  0.00000E+00 -0.50664E-06 -0.14866E+02  0.11803E+03 -0.21813E+02  0.51357E+02 -0.34487E-02 -0.29893E+02 -0.79639E+03 -0.24106E+02  0.00000E+00  0.28519E+02  0.66057E+01  0.22227E+02  0.41375E+00  13125  0.00000E+00      0.000
     628.0000  0.00000E+00  0.24384E+00 -0.70941E-10  0.00000E+00 -0.50664E-06 -0.14866E+02  0.11828E+03 -0.21813E+02  0.51357E+02 -0.34492E-02 -0.29894E+02 -0.79639E+03 -0.24107E+02  0.00000E+00  0.28519E+02  0.66057E+01  0.22227E+02  0.41375E+00  13127  0.00000E+00      0.000
     629.0000  0.00000E+00  0.34544E+00  0.19577E-09  0.00000E+00 -0.50664E-06 -0.14866E+02  0.11862E+03 -0.21813E+02  0.51357E+02 -0.34497E-02 -0.29896E+02 -0.79639E+03 -0.24108E+02  0.00000E+00  0.28519E+02  0.66057E+01  0.22227E+02  0.41375E+00  13129  0.00000E+00      0.000
     630.0000  0.00000E+00  0.19558E+00  0.40052E-09  0.00000E+00 -0.50664E-06 -0.14866E+02  0.11882E+03 -0.21813E+02  0.51357E+02 -0.34502E-02 -0.29898E+02 -0.79639E+03 -0.24109E+02  0.00000E+00  0.28519E+02  0.66057E+01  0.22227E+02  0.41375E+00  13131  0.00000E+00      0.000
     631.0000  0.00000E+00  0.32258E+00  0.66825E-09  0.20914E-05 -0.50664E-06 -0.14866E+02  0.11914E+03 -0.21813E+02  0.51357E+02 -0.34507E-02 -0.29900E+02 -0.79639E+03 -0.24110E+02  0.00000E+00  0.28519E+02  0.66057E+01  0.22227E+02  0.41375E+00  13133  0.00000E+00      0.000
     632.0000  0.00000E+00  0.26670E+00  0.89210E-09  0.18406E-05 -0.50664E-06 -0.14866E+02  0.11941E+03 -0.21813E+02  0.51357E+02 -0.34512E-02 -0.29902E+02 -0.79639E+03 -0.24111E+02  0.00000E+00  0.28519E+02  0.66057E+01  0.22227E+02  0.41375E+00  13135  0.00000E+00      0.000
     633.0000  0.00000E+00  0.44196E+00  0.11172E-08  0.39869E-05 -0.50664E-06 -0.14866E+02  0.11985E+03 -0.21813E+02  0.51357E+02 -0.34517E-02 -0.29903E+02 -0.79639E+03 -0.24112E+02  0.00000E+00  0.28519E+02  0.66057E+01  0.22227E+02  0.41375E+00  13137  0.00000E+00      0.000
     634.0000  0.00000E+00  0.39624E+00  0.13066E-08  0.00000E+00 -0.50664E-06 -0.14866E+02  0.12024E+03 -0.21813E+02  0.51357E+02 -0.34522E-02 -0.29905E+02 -0.79639E+03 -0.24113E+02  0.00000E+00  0.28519E+02  0.66057E+01  0.22227E+02  0.41375E+00  13139  0.00000E+00      0.000
     635.0000  0.00000E+00  0.31750E+00  0.15693E-08  0.17742E-05 -0.50664E-06 -0.14866E+02  0.12056E+03 -0.21813E+02  0.51357E+02 -0.34527E-02 -0.29907E+02 -0.79639E+03 -0.24114E+02  0.00000E+00  0.28519E+02  0.66057E+01  0.22227E+02  0.41375E+00  13141  0.00000E+00      0.000
     636.0000  0.00000E+00  0.40894E+00  0.17995E-08  0.54425E-05 -0.50664E-06 -0.14866E+02  0.12097E+03 -0.21813E+02  0.51357E+02 -0.34532E-02 -0.29909E+02 -0.79639E+03 -0.24115E+02  0.00000E+00  0.28519E+02  0.66057E+01  0.22227E+02  0.41375E+00  13143  0.00000E+00      0.000
     637.0000  0.00000E+00  0.23368E+00  0.19562E-08  0.00000E+00 -0.50664E-06 -0.14866E+02  0.12120E+03 -0.21813E+02  0.51357E+02 -0.34537E-02 -0.29910E+02 -0.79639E+03 -0.24116E+02  0.00000E+00  0.28519E+02  0.66057E+01  0.22227E+02  0.41375E+00  13145  0.00000E+00      0.000
     638.0000  0.00000E+00  0.31750E+00  0.22197E-08  0.00000E+00 -0.50664E-06 -0.14866E+02  0.12152E+03 -0.21813E+02  0.51357E+02 -0.34542E-02 -0.29912E+02 -0.79639E+03 -0.24117E+02  0.00000E+00  0.28519E+02  0.66057E+01  0.22227E+02  0.41375E+00  13147  0.00000E+00      0.000
     639.0000  0.00000E+00  0.20828E+00  0.24864E-08  0.67315E-05 -0.50664E-06 -0.14866E+02  0.12173E+03 -0.21813E+02  0.51357E+02 -0.34547E-02 -0.29914E+02 -0.79639E+03 -0.24118E+02  0.00000E+00  0.28519E+02  0.66057E+01  0.22227E+02  0.41375E+00  13149  0.00000E+00      0.000
     640.0000  0.54102E+00  0.00000E+00  0.35092E-05  0.00000E+00 -0.50664E-06 -0.14325E+02  0.12173E+03 -0.21624E+02  0.51357E+02 -0.34553E-02 -0.10000E+07 -0.79639E+03 -0.24120E+02  0.00000E+00  0.28519E+02  0.64161E+01  0.22227E+02  0.60338E+00  13151  0.00000E+00      0.000
     641.0000  0.19304E+00  0.00000E+00  0.99840E-31  0.00000E+00 -0.50664E-06 -0.14132E+02  0.12173E+03 -0.21624E+02  0.51357E+02 -0.34558E-02 -0.10000E+07 -0.79639E+03 -0.24121E+02  0.00000E+00  0.28519E+02  0.64161E+01  0.22227E+02  0.60338E+00  13153  0.00000E+00      0.000
     642.0000  0.17526E+00  0.00000E+00  0.99840E-31  0.00000E+00 -0.50664E-06 -0.13956E+02  0.12173E+03 -0.21624E+02  0.51357E+02 -0.34563E-02 -0.10000E+07 -0.79639E+03 -0.24122E+02  0.00000E+00  0.28519E+02  0.64161E+01  0.22227E+02  0.60338E+00  13155  0.00000E+00      0.000
     643.0000  0.46228E+00  0.00000E+00  0.99840E-31  0.00000E+00 -0.50664E-06 -0.13494E+02  0.12173E+03 -0.21624E+02  0.51357E+02 -0.34568E-02 -0.10000E+07 -0.79639E+03 -0.24123E+02  0.00000E+00  0.28519E+02  0.64161E+01  0.22227E+02  0.60338E+00  13157  0.00000E+00      0.000
     644.0000  0.25400E+00  0.00000E+00  0.99840E-31  0.00000E+00 -0.50664E-06 -0.13240E+02  0.12173E+03 -0.21624E+02  0.51357E+02 -0.34573E-02 -0.10000E+07 -0.79639E+03 -0.24124E+02  0.00000E+00  0.28519E+02  0.64161E+01  0.22227E+02  0.60338E+00  13159  0.00000E+00      0.000
     645.0000  0.22352E+00  0.00000E+00  0.99840E-31  0.00000E+00 -0.50664E-06 -0.13017E+02  0.12173E+03 -0.21624E+02  0.51357E+02 -0.34578E-02 -0.10000E+07 -0.79639E+03 -0.24125E+02  0.00000E+00  0.28519E+02  0.64161E+01  0.22227E+02  0.60338E+00  13161  0.00000E+00      0.000
     646.0000  0.33528E+00  0.00000E+00  0.99840E-31  0.00000E+00 -0.50664E-06 -0.12681E+02  0.12173E+03 -0.21624E+02  0.51357E+02 -0.34583E-02 -0.10000E+07 -0.79639E+03 -0.24126E+02  0.00000E+00  0.28519E+02  0.64161E+01  0.22227E+02  0.60338E+00  13163  0.00000E+00      0.000
     647.0000  0.35306E+00  0.00000E+00  0.99840E-31  0.00000E+00 -0.50664E-06 -0.12328E+02  0.12173E+03 -0.21624E+02  0.51357E+02 -0.34588E-02 -0.10000E+07 -0.79639E+03 -0.24127E+02  0.00000E+00  0.28519E+02  0.64161E+01  0.22227E+02  0.60338E+00  13165  0.00000E+00      0.000
     648.0000  0.27940E+00  0.00000E+00  0.99840E-31  0.00000E+00 -0.50664E-06 -0.12049E+02  0.12173E+03 -0.21624E+02  0.51357E+02 -0.34593E-02 -0.10000E+07 -0.79639E+03 -0.24128E+02  0.00000E+00  0.28519E+02  0.64161E+01  0.22227E+02  0.60338E+00  13167  0.00000E+00      0.000
     649.0000  0.17526E+00  0.00000E+00  0.99840E-31  0.00000E+00 -0.50664E-06 -0.11874E+02  0.12173E+03 -0.21624E+02  0.51357E+02 -0.34598E-02 -0.10000E+07 -0.79639E+03 -0.24129E+02  0.00000E+00  0.28519E+02  0.64161E+01  0.22227E+02  0.60338E+00  13169  0.00000E+00      0.000
     650.0000  0.12954E+00  0.00000E+00  0.99840E-31  0.00000E+00 -0.50664E-06 -0.11744E+02  0.12173E+03 -0.21624E+02  0.51357E+02 -0.34603E-02 -0.10000E+07 -0.79639E+03 -0.24130E+02  0.00000E+00  0.28519E+02  0.64161E+01  0.22227E+02  0.60338E+00  13171  0.00000E+00      0.000
     651.0000  0.14732E+00  0.00000E+00  0.99840E-31  0.00000E+00 -0.50664E-06 -0.11597E+02  0.12173E+03 -0.21624E+02  0.51357E+02 -0.34608E-02 -0.10000E+07 -0.79639E+03 -0.24131E+02  0.00000E+00  0.28519E+02  0.64161E+01  0.22227E+02  0.60338E+00  13173  0.00000E+00      0.000
     652.0000  0.15494E+00  0.00000E+00  0.99840E-31  0.00000E+00 -0.50664E-06 -0.11442E+02  0.12173E+03 -0.21624E+02  0.51357E+02 -0.34613E-02 -0.10000E+07 -0.79639E+03 -0.24132E+02  0.00000E+00  0.28519E+02  0.64161E+01  0.22227E+02  0.60338E+00  13175  0.00000E+00      0.000
     653.0000  0.30480E+00  0.00000E+00  0.99840E-31  0.00000E+00 -0.50664E-06 -0.11137E+02  0.12173E+03 -0.21624E+02  0.51357E+02 -0.34618E-02 -0.10000E+07 -0.79639E+03 -0.24133E+02  0.00000E+00  0.28519E+02  0.64161E+01  0.22227E+02  0.60338E+00  13177  0.00000E+00      0.000
     654.0000  0.23368E+00  0.00000E+00  0.99840E-31  0.00000E+00 -0.50664E-06 -0.10903E+02  0.12173E+03 -0.21624E+02  0.51357E+02 -0.34623E-02 -0.10000E+07 -0.79639E+03 -0.24134E+02  0.00000E+00  0.28519E+02  0.64161E+01  0.22227E+02  0.60338E+00  13179  0.00000E+00      0.000
     655.0000  0.25908E+00  0.00000E+00  0.99840E-31  0.00000E+00 -0.50664E-06 -0.10644E+02  0.12173E+03 -0.21624E+02  0.51357E+02 -0.34629E-02 -0.10000E+07 -0.79639E+03 -0.24135E+02  0.00000E+00  0.28519E+02  0.64161E+01  0.22227E+02  0.60338E+00  13181  0.00000E+00      0.000
     656.0000  0.13716E+00  0.00000E+00  0.99840E-31  0.00000E+00 -0.50664E-06 -0.10507E+02  0.12173E+03 -0.21624E+02  0.51357E+02 -0.34634E-02 -0.10000E+07 -0.79639E+03 -0.24136E+02  0.00000E+00  0.28519E+02  0.64161E+01  0.22227E+02  0.60338E+00  13183  0.00000E+00      0.000
     657.0000  0.25654E+00  0.00000E+00  0.99840E-31  0.00000E+00 -0.50664E-06 -0.10251E+02  0.12173E+03 -0.21624E+02  0.51357E+02 -0.34639E-02 -0.10000E+07 -0.79639E+03 -0.24138E+02  0.00000E+00  0.28519E+02  0.64161E+01  0.22227E+02  0.60338E+00  13185  0.00000E+00      0.000
     658.0000  0.48768E+00  0.00000E+00  0.99840E-31  0.00000E+00 -0.50664E-06 -0.97629E+01  0.12173E+03 -0.21624E+02  0.51357E+02 -0.34644E-02 -0.10000E+07 -0.79639E+03 -0.24139E+02  0.00000E+00  0.28519E+02  0.64161E+01  0.22227E+02  0.60338E+00  13187  0.00000E+00      0.000
     659.0000  0.40640E+00  0.00000E+00  0.99840E-31  0.00000E+00 -0.50664E-06 -0.93565E+01  0.12173E+03 -0.21624E+02  0.51357E+02 -0.34649E-02 -0.10000E+07 -0.79639E+03 -0.24140E+02  0.00000E+00  0.28519E+02  0.64161E+01  0.22227E+02  0.60338E+00  13189  0.00000E+00      0.000
     660.0000  0.20066E+00  0.00000E+00  0.99840E-31  0.00000E+00 -0.50664E-06 -0.91559E+01  0.12173E+03 -0.21624E+02  0.51357E+02 -0.34654E-02 -0.10000E+07 -0.79639E+03 -0.24141E+02  0.00000E+00  0.28519E+02  0.64161E+01  0.22227E+02  0.60338E+00  13191  0.00000E+00      0.000
     661.0000  0.17272E+00  0.00000E+00  0.99840E-31  0.00000E+00 -0.50664E-06 -0.89831E+01  0.12173E+03 -0.21624E+02  0.51357E+02 -0.34659E-02 -0.10000E+07 -0.79639E+03 -0.24142E+02  0.00000E+00  0.28519E+02  0.64161E+01  0.22227E+02  0.60338E+00  13193  0.00000E+00      0.000
     662.0000  0.25400E+00  0.00000E+00  0.99840E-31  0.00000E+00 -0.50664E-06 -0.87291E+01  0.12173E+03 -0.21624E+02  0.51357E+02 -0.34664E-02 -0.10000E+07 -0.79639E+03 -0.24143E+02  0.00000E+00  0.28519E+02  0.64161E+01  0.22227E+02  0.60338E+00  13195  0.00000E+00      0.000
     663.0000  0.16510E+00  0.00000E+00  0.99840E-31  0.00000E+00 -0.50664E-06 -0.85640E+01  0.12173E+03 -0.21624E+02  0.51357E+02 -0.34669E-02 -0.10000E+07 -0.79639E+03 -0.24144E+02  0.00000E+00  0.28519E+02  0.64161E+01  0.22227E+02  0.60338E+00  13197  0.00000E+00      0.000
     664.0000  0.10668E+00  0.00000E+00  0.99840E-31  0.00000E+00 -0.50664E-06 -0.84574E+01  0.12173E+03 -0.21624E+02  0.51357E+02 -0.34674E-02 -0.10000E+07 -0.79639E+03 -0.24145E+02  0.00000E+00  0.28519E+02  0.64161E+01  0.22227E+02  0.60338E+00  13199  0.00000E+00      0.000
     665.0000  0.27686E+00  0.00000E+00  0.99840E-31  0.00000E+00 -0.50664E-06 -0.81805E+01  0.12173E+03 -0.21624E+02  0.51357E+02 -0.34679E-02 -0.10000E+07 -0.79639E+03 -0.24146E+02  0.00000E+00  0.28519E+02  0.64161E+01  0.22227E+02  0.60338E+00  13201  0.00000E+00      0.000
     666.0000  0.32766E+00  0.00000E+00  0.99840E-31  0.00000E+00 -0.50664E-06 -0.78528E+01  0.12173E+03 -0.21624E+02  0.51357E+02 -0.34684E-02 -0.10000E+07 -0.79639E+03 -0.24147E+02  0.00000E+00  0.28519E+02  0.64161E+01  0.22227E+02  0.60338E+00  13203  0.00000E+00      0.000
     667.0000  0.21336E+00  0.00000E+00  0.99840E-31  0.00000E+00 -0.50664E-06 -0.76395E+01  0.12173E+03 -0.21624E+02  0.51357E+02 -0.34689E-02 -0.10000E+07 -0.79639E+03 -0.24148E+02  0.00000E+00  0.28519E+02  0.64161E+01  0.22227E+02  0.60338E+00  13205  0.00000E+00      0.000
     668.0000  0.81280E-01  0.00000E+00  0.99840E-31  0.00000E+00 -0.50664E-06 -0.75582E+01  0.12173E+03 -0.21624E+02  0.51357E+02 -0.34694E-02 -0.10000E+07 -0.79639E+03 -0.24149E+02  0.00000E+00  0.28519E+02  0.64161E+01  0.22227E+02  0.60338E+00  13207  0.00000E+00      0.000
     669.0000  0.17526E+00  0.00000E+00  0.99840E-31  0.00000E+00 -0.50664E-06 -0.73829E+01  0.12173E+03 -0.21624E+02  0.51357E+02 -0.34699E-02 -0.10000E+07 -0.79639E+03 -0.24150E+02  0.00000E+00  0.28519E+02  0.64161E+01  0.22227E+02  0.60338E+00  13209  0.00000E+00      0.000
     670.0000  0.14732E+00  0.00000E+00  0.99840E-31  0.00000E+00 -0.50664E-06 -0.72356E+01  0.12173E+03 -0.21624E+02  0.51357E+02 -0.34705E-02 -0.10000E+07 -0.79639E+03 -0.24151E+02  0.00000E+00  0.28519E+02  0.64161E+01  0.22227E+02  0.60338E+00  13211  0.00000E+00      0.000
     671.0000  0.17018E+00  0.00000E+00  0.99840E-31  0.00000E+00 -0.50664E-06 -0.70654E+01  0.12173E+03 -0.21624E+02  0.51357E+02 -0.34710E-02 -0.10000E+07 -0.79639E+03 -0.24152E+02  0.00000E+00  0.28519E+02  0.64161E+01  0.22227E+02  0.60338E+00  13213  0.00000E+00      0.000
     672.0000  0.21082E+00  0.00000E+00  0.99840E-31  0.00000E+00 -0.50664E-06 -0.68546E+01  0.12173E+03 -0.21624E+02  0.51357E+02 -0.34715E-02 -0.10000E+07 -0.79639E+03 -0.24153E+02  0.00000E+00  0.28519E+02  0.64161E+01  0.22227E+02  0.60338E+00  13215  0.00000E+00      0.000
     673.0000  0.10160E+00  0.00000E+00  0.99840E-31  0.00000E+00 -0.50664E-06 -0.67530E+01  0.12173E+03 -0.21624E+02  0.51357E+02 -0.34720E-02 -0.10000E+07 -0.79639E+03 -0.24154E+02  0.00000E+00  0.28519E+02  0.64161E+01  0.22227E+02  0.60338E+00  13217  0.00000E+00      0.000
     674.0000  0.21844E+00  0.00000E+00  0.99840E-31  0.00000E+00 -0.50664E-06 -0.65346E+01  0.12173E+03 -0.21624E+02  0.51357E+02 -0.34725E-02 -0.10000E+07 -0.79639E+03 -0.24156E+02  0.00000E+00  0.28519E+02  0.64161E+01  0.22227E+02  0.60338E+00  13219  0.00000E+00      0.000
     675.0000  0.78740E-01  0.00000E+00  0.99840E-31  0.00000E+00 -0.50664E-06 -0.64558E+01  0.12173E+03 -0.21624E+02  0.51357E+02 -0.34730E-02 -0.10000E+07 -0.79639E+03 -0.24157E+02  0.00000E+00  0.28519E+02  0.64161E+01  0.22227E+02  0.60338E+00  13221  0.00000E+00      0.000
     676.0000  0.15240E+00  0.00000E+00  0.99840E-31  0.00000E+00 -0.50664E-06 -0.63034E+01  0.12173E+03 -0.21624E+02  0.51357E+02 -0.34735E-02 -0.10000E+07 -0.79639E+03 -0.24158E+02  0.00000E+00  0.28519E+02  0.64161E+01  0.22227E+02  0.60338E+00  13223  0.00000E+00      0.000
     677.0000  0.28702E+00  0.00000E+00  0.99840E-31  0.00000E+00 -0.50664E-06 -0.60164E+01  0.12173E+03 -0.21624E+02  0.51357E+02 -0.34740E-02 -0.10000E+07 -0.79639E+03 -0.24159E+02  0.00000E+00  0.28519E+02  0.64161E+01  0.22227E+02  0.60338E+00  13225  0.00000E+00      0.000
     678.0000  0.25146E+00  0.00000E+00  0.99840E-31  0.00000E+00 -0.50664E-06 -0.57650E+01  0.12173E+03 -0.21624E+02  0.51357E+02 -0.34745E-02 -0.10000E+07 -0.79639E+03 -0.24160E+02  0.00000E+00  0.28519E+02  0.64161E+01  0.22227E+02  0.60338E+00  13227  0.00000E+00      0.000
     679.0000  0.11176E+00  0.00000E+00  0.99840E-31  0.00000E+00 -0.50664E-06 -0.56532E+01  0.12173E+03 -0.21624E+02  0.51357E+02 -0.34750E-02 -0.10000E+07 -0.79639E+03 -0.24161E+02  0.00000E+00  0.28519E+02  0.64161E+01  0.22227E+02  0.60338E+00  13229  0.00000E+00      0.000
     680.0000  0.10414E+00  0.00000E+00  0.99840E-31  0.00000E+00 -0.50664E-06 -0.55491E+01  0.12173E+03 -0.21624E+02  0.51357E+02 -0.34755E-02 -0.10000E+07 -0.79639E+03 -0.24162E+02  0.00000E+00  0.28519E+02  0.64161E+01  0.22227E+02  0.60338E+00  13231  0.00000E+00      0.000
     681.0000  0.18542E+00  0.00000E+00  0.99840E-31  0.00000E+00 -0.50664E-06 -0.53636E+01  0.12173E+03 -0.21624E+02  0.51357E+02 -0.34760E-02 -0.10000E+07 -0.79639E+03 -0.24163E+02  0.00000E+00  0.28519E+02  0.64161E+01  0.22227E+02  0.60338E+00  13233  0.00000E+00      0.000
     682.0000  0.18288E+00  0.00000E+00  0.99840E-31  0.00000E+00 -0.50664E-06 -0.51808E+01  0.12173E+03 -0.21624E+02  0.51357E+02 -0.34765E-02 -0.10000E+07 -0.79639E+03 -0.24164E+02  0.00000E+00  0.28519E+02  0.64161E+01  0.22227E+02  0.60338E+00  13235  0.00000E+00      0.000
     683.0000  0.27940E+00  0.00000E+00  0.99840E-31  0.00000E+00 -0.50664E-06 -0.49014E+01  0.12173E+03 -0.21624E+02  0.51357E+02 -0.34770E-02 -0.10000E+07 -0.79639E+03 -0.24165E+02  0.00000E+00  0.28519E+02  0.64161E+01  0.22227E+02  0.60338E+00  13237  0.00000E+00      0.000
     684.0000  0.24130E+00  0.00000E+00  0.99840E-31  0.00000E+00 -0.50664E-06 -0.46601E+01  0.12173E+03 -0.21624E+02  0.51357E+02 -0.34775E-02 -0.10000E+07 -0.79639E+03 -0.24166E+02  0.00000E+00  0.28519E+02  0.64161E+01  0.22227E+02  0.60338E+00  13239  0.00000E+00      0.000
     685.0000  0.68580E-01  0.00000E+00  0.99840E-31  0.00000E+00 -0.50664E-06 -0.45915E+01  0.12173E+03 -0.21624E+02  0.51357E+02 -0.34781E-02 -0.10000E+07 -0.79639E+03 -0.24167E+02  0.00000E+00  0.28519E+02  0.64161E+01  0.22227E+02  0.60338E+00  13241  0.00000E+00      0.000
     686.0000  0.14986E+00  0.00000E+00  0.99840E-31  0.00000E+00 -0.50664E-06 -0.44416E+01  0.12173E+03 -0.21624E+02  0.51357E+02 -0.34786E-02 -0.10000E+07 -0.79639E+03 -0.24168E+02  0.00000E+00  0.28519E+02  0.64161E+01  0.22227E+02  0.60338E+00  13243  0.00000E+00      0.000
     687.0000  0.31750E+00  0.00000E+00  0.99840E-31  0.00000E+00 -0.50664E-06 -0.41241E+01  0.12173E+03 -0.21624E+02  0.51357E+02 -0.34791E-02 -0.10000E+07 -0.79639E+03 -0.24169E+02  0.00000E+00  0.28519E+02  0.64161E+01  0.22227E+02  0.60338E+00  13245  0.00000E+00      0.000
     688.0000  0.13462E+00  0.00000E+00  0.99840E-31  0.00000E+00 -0.50664E-06 -0.39895E+01  0.12173E+03 -0.21624E+02  0.51357E+02 -0.34796E-02 -0.10000E+07 -0.79639E+03 -0.24170E+02  0.00000E+00  0.28519E+02  0.64161E+01  0.22227E+02  0.60338E+00  13247  0.00000E+00      0.000
     689.0000  0.40640E-01  0.00000E+00  0.99840E-31  0.00000E+00 -0.50664E-06 -0.39489E+01  0.12173E+03 -0.21624E+02  0.51357E+02 -0.34801E-02 -0.10000E+07 -0.79639E+03 -0.24171E+02  0.00000E+00  0.28519E+02  0.64161E+01  0.22227E+02  0.60338E+00  13249  0.00000E+00      0.000
     690.0000  0.30480E-01  0.00000E+00  0.99840E-31  0.00000E+00 -0.50664E-06 -0.39184E+01  0.12173E+03 -0.21624E+02  0.51357E+02 -0.34806E-02 -0.10000E+07 -0.79639E+03 -0.24172E+02  0.00000E+00  0.28519E+02  0.64161E+01  0.22227E+02  0.60338E+00  13251  0.00000E+00      0.000
     691.0000  0.40640E-01  0.00000E+00  0.99840E-31  0.00000E+00 -0.50664E-06 -0.38777E+01  0.12173E+03 -0.21624E+02  0.51357E+02 -0.34811E-02 -0.10000E+07 -0.79639E+03 -0.24174E+02  0.00000E+00  0.28519E+02  0.64161E+01  0.22227E+02  0.60338E+00  13253  0.00000E+00      0.000
     692.0000  0.12700E-01  0.00000E+00  0.99840E-31  0.00000E+00 -0.50664E-06 -0.38650E+01  0.12173E+03 -0.21624E+02  0.51357E+02 -0.34816E-02 -0.10000E+07 -0.79639E+03 -0.24175E+02  0.00000E+00  0.28519E+02  0.64161E+01  0.22227E+02  0.60338E+00  13255  0.00000E+00      0.000
     693.0000  0.20320E-01  0.00000E+00  0.99840E-31  0.00000E+00 -0.50664E-06 -0.38447E+01  0.12173E+03 -0.21624E+02  0.51357E+02 -0.34821E-02 -0.10000E+07 -0.79639E+03 -0.24176E+02  0.00000E+00  0.28519E+02  0.64161E+01  0.22227E+02  0.60338E+00  13257  0.00000E+00      0.000
     694.0000  0.17780E-01  0.00000E+00  0.99840E-31  0.00000E+00 -0.50664E-06 -0.38269E+01  0.12173E+03 -0.21624E+02  0.51357E+02 -0.34826E-02 -0.10000E+07 -0.79639E+03 -0.24177E+02  0.00000E+00  0.28519E+02  0.64161E+01  0.22227E+02  0.60338E+00  13259  0.00000E+00      0.000
     695.0000  0.17780E-01  0.00000E+00  0.99840E-31  0.00000E+00 -0.50664E-06 -0.38092E+01  0.12173E+03 -0.21624E+02  0.51357E+02 -0.34831E-02 -0.10000E+07 -0.79639E+03 -0.24178E+02  0.00000E+00  0.28519E+02  0.64161E+01  0.22227E+02  0.60338E+00  13261  0.00000E+00      0.000
     696.0000  0.76200E-01  0.00000E+00  0.99840E-31  0.00000E+00 -0.50664E-06 -0.37330E+01  0.12173E+03 -0.21624E+02  0.51357E+02 -0.34836E-02 -0.10000E+07 -0.79639E+03 -0.24179E+02  0.00000E+00  0.28519E+02  0.64161E+01  0.22227E+02  0.60338E+00  13263  0.00000E+00      0.000
     697.0000  0.22860E-01  0.00000E+00  0.99840E-31  0.00000E+00 -0.50664E-06 -0.37101E+01  0.12173E+03 -0.21624E+02  0.51357E+02 -0.34841E-02 -0.10000E+07 -0.79639E+03 -0.24180E+02  0.00000E+00  0.28519E+02  0.64161E+01  0.22227E+02  0.60338E+00  13265  0.00000E+00      0.000
     698.0000  0.40640E-01  0.00000E+00  0.99840E-31  0.00000E+00 -0.50664E-06 -0.36695E+01  0.12173E+03 -0.21624E+02  0.51357E+02 -0.34846E-02 -0.10000E+07 -0.79639E+03 -0.24181E+02  0.00000E+00  0.28519E+02  0.64161E+01  0.22227E+02  0.60338E+00  13267  0.00000E+00      0.000
     699.0000  0.17780E-01  0.00000E+00  0.99840E-31  0.00000E+00 -0.50664E-06 -0.36517E+01  0.12173E+03 -0.21624E+02  0.51357E+02 -0.34851E-02 -0.10000E+07 -0.79639E+03 -0.24182E+02  0.00000E+00  0.28519E+02  0.64161E+01  0.22227E+02  0.60338E+00  13269  0.00000E+00      0.000
     700.0000  0.11938E+00  0.00000E+00  0.99840E-31  0.00000E+00 -0.50664E-06 -0.35323E+01  0.12173E+03 -0.21624E+02  0.51357E+02 -0.34856E-02 -0.10000E+07 -0.79639E+03 -0.24183E+02  0.00000E+00  0.28519E+02  0.64161E+01  0.22227E+02  0.60338E+00  13271  0.00000E+00      0.000
     701.0000  0.33020E-01  0.00000E+00  0.99840E-31  0.00000E+00 -0.50664E-06 -0.34993E+01  0.12173E+03 -0.21624E+02  0.51357E+02 -0.34862E-02 -0.10000E+07 -0.79639E+03 -0.24184E+02  0.00000E+00  0.28519E+02  0.64161E+01  0.22227E+02  0.60338E+00  13273  0.00000E+00      0.000
     702.0000  0.81280E-01  0.00000E+00  0.99840E-31  0.00000E+00 -0.50664E-06 -0.34180E+01  0.12173E+03 -0.21624E+02  0.51357E+02 -0.34867E-02 -0.10000E+07 -0.79639E+03 -0.24185E+02  0.00000E+00  0.28519E+02  0.64161E+01  0.22227E+02  0.60338E+00  13275  0.00000E+00      0.000
     703.0000  0.15748E+00  0.00000E+00  0.99840E-31  0.00000E+00 -0.50664E-06 -0.32605E+01  0.12173E+03 -0.21624E+02  0.51357E+02 -0.34872E-02 -0.10000E+07 -0.79639E+03 -0.24186E+02  0.00000E+00  0.28519E+02  0.64161E+01  0.22227E+02  0.60338E+00  13277  0.00000E+00      0.000
     704.0000  0.48260E-01  0.00000E+00  0.99840E-31  0.00000E+00 -0.50664E-06 -0.32123E+01  0.12173E+03 -0.21624E+02  0.51357E+02 -0.34877E-02 -0.10000E+07 -0.79639E+03 -0.24187E+02  0.00000E+00  0.28519E+02  0.64161E+01  0.22227E+02  0.60338E+00  13279  0.00000E+00      0.000
     705.0000  0.18034E+00  0.00000E+00  0.99840E-31  0.00000E+00 -0.50664E-06 -0.30319E+01  0.12173E+03 -0.21624E+02  0.51357E+02 -0.34882E-02 -0.10000E+07 -0.79639E+03 -0.24188E+02  0.00000E+00  0.28519E+02  0.64161E+01  0.22227E+02  0.60338E+00  13281  0.00000E+00      0.000
     706.0000  0.28956E+00  0.00000E+00  0.99840E-31  0.00000E+00 -0.50664E-06 -0.27424E+01  0.12173E+03 -0.21624E+02  0.51357E+02 -0.34887E-02 -0.10000E+07 -0.79639E+03 -0.24189E+02  0.00000E+00  0.28519E+02  0.64161E+01  0.22227E+02  0.60338E+00  13283  0.00000E+00      0.000
     707.0000  0.36576E+00  0.00000E+00  0.99840E-31  0.00000E+00 -0.50664E-06 -0.23766E+01  0.12173E+03 -0.21624E+02  0.51357E+02 -0.34892E-02 -0.10000E+07 -0.79639E+03 -0.24191E+02  0.00000E+00  0.28519E+02  0.64161E+01  0.22227E+02  0.60338E+00  13285  0.00000E+00      0.000
     708.0000  0.12954E+00  0.00000E+00  0.99840E-31  0.00000E+00 -0.50664E-06 -0.22471E+01  0.12173E+03 -0.21624E+02  0.51357E+02 -0.34897E-02 -0.10000E+07 -0.79639E+03 -0.24192E+02  0.00000E+00  0.28519E+02  0.64161E+01  0.22227E+02  0.60338E+00  13287  0.00000E+00      0.000
     709.0000  0.58420E-01  0.00000E+00  0.99840E-31  0.00000E+00 -0.50664E-06 -0.21886E+01  0.12173E+03 -0.21624E+02  0.51357E+02 -0.34902E-02 -0.10000E+07 -0.79639E+03 -0.24193E+02  0.00000E+00  0.28519E+02  0.64160E+01  0.22227E+02  0.60338E+00  13289  0.00000E+00      0.000
     710.0000  0.68580E-01  0.00000E+00  0.99840E-31  0.00000E+00 -0.50664E-06 -0.21201E+01  0.12173E+03 -0.21624E+02  0.51357E+02 -0.34907E-02 -0.10000E+07 -0.79639E+03 -0.24194E+02  0.00000E+00  0.28519E+02  0.64160E+01  0.22227E+02  0.60338E+00  13291  0.00000E+00      0.000
     711.0000  0.10668E+00  0.00000E+00  0.99840E-31  0.00000E+00 -0.50664E-06 -0.20134E+01  0.12173E+03 -0.21624E+02  0.51357E+02 -0.34912E-02 -0.10000E+07 -0.79639E+03 -0.24195E+02  0.00000E+00  0.28519E+02  0.64160E+01  0.22227E+02  0.60338E+00  13293  0.00000E+00      0.000
     712.0000  0.55880E-01  0.00000E+00  0.99840E-31  0.00000E+00 -0.50664E-06 -0.19575E+01  0.12173E+03 -0.21624E+02  0.51357E+02 -0.34917E-02 -0.10000E+07 -0.79639E+03 -0.24196E+02  0.00000E+00  0.28519E+02  0.64160E+01  0.22227E+02  0.60338E+00  13295  0.00000E+00      0.000
     713.0000  0.13462E+00  0.00000E+00  0.99840E-31  0.00000E+00 -0.50664E-06 -0.18229E+01  0.12173E+03 -0.21624E+02  0.51357E+02 -0.34922E-02 -0.10000E+07 -0.79639E+03 -0.24197E+02  0.00000E+00  0.28519E+02  0.64160E+01  0.22227E+02  0.60338E+00  13297  0.00000E+00      0.000
     714.0000  0.18542E+00  0.00000E+00  0.99840E-31  0.00000E+00 -0.50664E-06 -0.16375E+01  0.12173E+03 -0.21624E+02  0.51357E+02 -0.34927E-02 -0.10000E+07 -0.79639E+03 -0.24198E+02  0.00000E+00  0.28519E+02  0.64160E+01  0.22227E+02  0.60338E+00  13299  0.00000E+00      0.000
     715.0000  0.10922E+00  0.00000E+00  0.99840E-31  0.00000E+00 -0.50664E-06 -0.15282E+01  0.12173E+03 -0.21624E+02  0.51357E+02 -0.34932E-02 -0.10000E+07 -0.79639E+03 -0.24199E+02  0.00000E+00  0.28519E+02  0.64160E+01  0.22227E+02  0.60338E+00  13301  0.00000E+00      0.000
     716.0000  0.58420E-01  0.00000E+00  0.99840E-31  0.00000E+00 -0.50664E-06 -0.14698E+01  0.12173E+03 -0.21624E+02  0.51357E+02 -0.34938E-02 -0.10000E+07 -0.79639E+03 -0.24200E+02  0.00000E+00  0.28519E+02  0.64160E+01  0.22227E+02  0.60338E+00  13303  0.00000E+00      0.000
     717.0000  0.20320E-01  0.00000E+00  0.99840E-31  0.00000E+00 -0.50664E-06 -0.14495E+01  0.12173E+03 -0.21624E+02  0.51357E+02 -0.34943E-02 -0.10000E+07 -0.79639E+03 -0.24201E+02  0.00000E+00  0.28519E+02  0.64160E+01  0.22227E+02  0.60338E+00  13305  0.00000E+00      0.000
     718.0000  0.17272E+00  0.00000E+00  0.99840E-31  0.00000E+00 -0.50664E-06 -0.12768E+01  0.12173E+03 -0.21624E+02  0.51357E+02 -0.34948E-02 -0.10000E+07 -0.79639E+03 -0.24202E+02  0.00000E+00  0.28519E+02  0.64160E+01  0.22227E+02  0.60338E+00  13307  0.00000E+00      0.000
     719.0000  0.12192E+00  0.00000E+00  0.99840E-31  0.00000E+00 -0.50664E-06 -0.11549E+01  0.12173E+03 -0.21624E+02  0.51357E+02 -0.34953E-02 -0.10000E+07 -0.79639E+03 -0.24203E+02  0.00000E+00  0.28519E+02  0.64160E+01  0.22227E+02  0.60338E+00  13309  0.00000E+00      0.000
     720.0000  0.21844E+00  0.00000E+00  0.99840E-31  0.00000E+00 -0.50664E-06 -0.93642E+00  0.12173E+03 -0.21624E+02  0.51357E+02 -0.34958E-02 -0.10000E+07 -0.79639E+03 -0.24204E+02  0.00000E+00  0.28519E+02  0.64160E+01  0.22227E+02  0.60338E+00  13311  0.00000E+00      0.000
     721.0000  0.25146E+00  0.00000E+00  0.99840E-31  0.00000E+00 -0.50664E-06 -0.68496E+00  0.12173E+03 -0.21624E+02  0.51357E+02 -0.34963E-02 -0.10000E+07 -0.79639E+03 -0.24205E+02  0.00000E+00  0.28519E+02  0.64160E+01  0.22227E+02  0.60338E+00  13313  0.00000E+00      0.000
     722.0000  0.17272E+00  0.00000E+00  0.99840E-31  0.00000E+00 -0.50664E-06 -0.51224E+00  0.12173E+03 -0.21624E+02  0.51357E+02 -0.34968E-02 -0.10000E+07 -0.79639E+03 -0.24206E+02  0.00000E+00  0.28519E+02  0.64160E+01  0.22227E+02  0.60338E+00  13315  0.00000E+00      0.000
     723.0000  0.19812E+00  0.00000E+00  0.99840E-31  0.00000E+00 -0.50664E-06 -0.31412E+00  0.12173E+03 -0.21624E+02  0.51357E+02 -0.34973E-02 -0.10000E+07 -0.79639E+03 -0.24208E+02  0.00000E+00  0.28519E+02  0.64160E+01  0.22227E+02  0.60338E+00  13317  0.00000E+00      0.000
     724.0000  0.18796E+00  0.00000E+00  0.99840E-31  0.00000E+00 -0.50664E-06 -0.12616E+00  0.12173E+03 -0.21624E+02  0.51357E+02 -0.34978E-02 -0.10000E+07 -0.79639E+03 -0.24209E+02  0.00000E+00  0.28519E+02  0.64160E+01  0.22227E+02  0.60338E+00  13319  0.00000E+00      0.000
     725.0000  0.20320E+00  0.00000E+00  0.99840E-31  0.00000E+00 -0.50664E-06  0.77037E-01  0.12173E+03 -0.21624E+02  0.51357E+02 -0.34983E-02 -0.10000E+07 -0.79639E+03 -0.24210E+02  0.00000E+00  0.28519E+02  0.64160E+01  0.22227E+02  0.60338E+00  13321  0.00000E+00      0.000
     726.0000  0.21844E+00  0.00000E+00  0.99840E-31  0.00000E+00 -0.50664E-06  0.29548E+00  0.12173E+03 -0.21624E+02  0.51357E+02 -0.34988E-02 -0.10000E+07 -0.79639E+03 -0.24211E+02  0.00000E+00  0.28519E+02  0.64160E+01  0.22227E+02  0.60338E+00  13323  0.00000E+00      0.000
     727.0000  0.17526E+00  0.00000E+00  0.99840E-31  0.00000E+00 -0.50664E-06  0.47074E+00  0.12173E+03 -0.21624E+02  0.51357E+02 -0.34993E-02 -0.10000E+07 -0.79639E+03 -0.24212E+02  0.00000E+00  0.28519E+02  0.64160E+01  0.22227E+02  0.60338E+00  13325  0.00000E+00      0.000
     728.0000  0.20574E+00  0.00000E+00  0.99840E-31  0.00000E+00 -0.50664E-06  0.67648E+00  0.12173E+03 -0.21624E+02  0.51357E+02 -0.34998E-02 -0.10000E+07 -0.79639E+03 -0.24213E+02  0.00000E+00  0.28519E+02  0.64160E+01  0.22227E+02  0.60338E+00  13327  0.00000E+00      0.000
     729.0000  0.78740E-01  0.00000E+00  0.99840E-31  0.00000E+00 -0.50664E-06  0.75522E+00  0.12173E+03 -0.21624E+02  0.51357E+02 -0.35003E-02 -0.10000E+07 -0.79639E+03 -0.24214E+02  0.00000E+00  0.28519E+02  0.64160E+01  0.22227E+02  0.60338E+00  13329  0.00000E+00      0.000
     730.0000  0.15240E-01  0.00000E+00  0.99840E-31  0.00000E+00 -0.50664E-06  0.77046E+00  0.12173E+03 -0.21624E+02  0.51357E+02 -0.35008E-02 -0.10000E+07 -0.79639E+03 -0.24215E+02  0.00000E+00  0.28519E+02  0.64160E+01  0.22227E+02  0.60338E+00  13331  0.00000E+00      0.000
     731.0000  0.00000E+00  0.00000E+00  0.99840E-31  0.00000E+00 -0.50664E-06  0.77046E+00  0.12173E+03 -0.21624E+02  0.51357E+02 -0.35014E-02 -0.10000E+07 -0.79639E+03 -0.24216E+02  0.00000E+00  0.28519E+02  0.64160E+01  0.22227E+02  0.60338E+00  13333  0.00000E+00      0.000
     732.0000  0.12700E-01  0.00000E+00  0.99840E-31  0.00000E+00 -0.50664E-06  0.78316E+00  0.12173E+03 -0.21624E+02  0.51357E+02 -0.35019E-02 -0.10000E+07 -0.79639E+03 -0.24217E+02  0.00000E+00  0.28519E+02  0.64160E+01  0.22227E+02  0.60338E+00  13335  0.00000E+00      0.000
     733.0000  0.12700E-01  0.00000E+00  0.99840E-31  0.00000E+00 -0.50664E-06  0.79586E+00  0.12173E+03 -0.21624E+02  0.51357E+02 -0.35024E-02 -0.10000E+07 -0.79639E+03 -0.24218E+02  0.00000E+00  0.28519E+02  0.64160E+01  0.22227E+02  0.60338E+00  13337  0.00000E+00      0.000
     734.0000  0.12700E-01  0.00000E+00  0.99840E-31  0.00000E+00 -0.50664E-06  0.80856E+00  0.12173E+03 -0.21624E+02  0.51357E+02 -0.35029E-02 -0.10000E+07 -0.79639E+03 -0.24219E+02  0.00000E+00  0.28519E+02  0.64160E+01  0.22227E+02  0.60338E+00  13339  0.00000E+00      0.000
     735.0000  0.10160E-01  0.00000E+00  0.99840E-31  0.00000E+00 -0.50664E-06  0.81872E+00  0.12173E+03 -0.21624E+02  0.51357E+02 -0.35034E-02 -0.10000E+07 -0.79639E+03 -0.24220E+02  0.00000E+00  0.28519E+02  0.64160E+01  0.22227E+02  0.60338E+00  13341  0.00000E+00      0.000
     736.0000  0.50800E-02  0.00000E+00  0.99840E-31  0.00000E+00 -0.50664E-06  0.82380E+00  0.12173E+03 -0.21624E+02  0.51357E+02 -0.35039E-02 -0.10000E+07 -0.79639E+03 -0.24221E+02  0.00000E+00  0.28519E+02  0.64160E+01  0.22227E+02  0.60338E+00  13343  0.00000E+00      0.000
     737.0000  0.15240E-01  0.00000E+00  0.99840E-31  0.00000E+00 -0.50664E-06  0.83904E+00  0.12173E+03 -0.21624E+02  0.51357E+02 -0.35044E-02 -0.10000E+07 -0.79639E+03 -0.24222E+02  0.00000E+00  0.28519E+02  0.64160E+01  0.22227E+02  0.60338E+00  13345  0.00000E+00      0.000
     738.0000  0.71120E-01  0.00000E+00  0.99840E-31  0.00000E+00 -0.50664E-06  0.91016E+00  0.12173E+03 -0.21624E+02  0.51357E+02 -0.35049E-02 -0.10000E+07 -0.79639E+03 -0.24223E+02  0.00000E+00  0.28519E+02  0.64160E+01  0.22227E+02  0.60338E+00  13347  0.00000E+00      0.000
     739.0000  0.10668E+00  0.00000E+00  0.99840E-31  0.00000E+00 -0.50664E-06  0.10168E+01  0.12173E+03 -0.21624E+02  0.51357E+02 -0.35054E-02 -0.10000E+07 -0.79639E+03 -0.24224E+02  0.00000E+00  0.28519E+02  0.64160E+01  0.22227E+02  0.60338E+00  13349  0.00000E+00      0.000
     740.0000  0.66040E-01  0.00000E+00  0.99840E-31  0.00000E+00 -0.50664E-06  0.10829E+01  0.12173E+03 -0.21624E+02  0.51357E+02 -0.35059E-02 -0.10000E+07 -0.79639E+03 -0.24225E+02  0.00000E+00  0.28519E+02  0.64160E+01  0.22227E+02  0.60338E+00  13351  0.00000E+00      0.000
     741.0000  0.19050E+00  0.00000E+00  0.99840E-31  0.00000E+00 -0.50664E-06  0.12734E+01  0.12173E+03 -0.21624E+02  0.51357E+02 -0.35064E-02 -0.10000E+07 -0.79639E+03 -0.24227E+02  0.00000E+00  0.28519E+02  0.64160E+01  0.22227E+02  0.60338E+00  13353  0.00000E+00      0.000
     742.0000  0.45720E-01  0.00000E+00  0.99840E-31  0.00000E+00 -0.50664E-06  0.13191E+01  0.12173E+03 -0.21624E+02  0.51357E+02 -0.35069E-02 -0.10000E+07 -0.79639E+03 -0.24228E+02  0.00000E+00  0.28519E+02  0.64160E+01  0.22227E+02  0.60338E+00  13355  0.00000E+00      0.000
     743.0000  0.22860E-01  0.00000E+00  0.99840E-31  0.00000E+00 -0.50664E-06  0.13420E+01  0.12173E+03 -0.21624E+02  0.51357E+02 -0.35074E-02 -0.10000E+07 -0.79639E+03 -0.24229E+02  0.00000E+00  0.28519E+02  0.64160E+01  0.22227E+02  0.60338E+00  13357  0.00000E+00      0.000
     744.0000  0.55880E-01  0.00000E+00  0.99840E-31  0.00000E+00 -0.50664E-06  0.13978E+01  0.12173E+03 -0.21624E+02  0.51357E+02 -0.35079E-02 -0.10000E+07 -0.79639E+03 -0.24230E+02  0.00000E+00  0.28519E+02  0.64160E+01  0.22227E+02  0.60338E+00  13359  0.00000E+00      0.000
     745.0000  0.10668E+00  0.00000E+00  0.99840E-31  0.00000E+00 -0.50664E-06  0.15045E+01  0.12173E+03 -0.21624E+02  0.51357E+02 -0.35084E-02 -0.10000E+07 -0.79639E+03 -0.24231E+02  0.00000E+00  0.28519E+02  0.64160E+01  0.22227E+02  0.60338E+00  13361  0.00000E+00      0.000
     746.0000  0.12700E+00  0.00000E+00  0.99840E-31  0.00000E+00 -0.50664E-06  0.16315E+01  0.12173E+03 -0.21624E+02  0.51357E+02 -0.35090E-02 -0.10000E+07 -0.79639E+03 -0.24232E+02  0.00000E+00  0.28519E+02  0.64160E+01  0.22227E+02  0.60338E+00  13363  0.00000E+00      0.000
     747.0000  0.20574E+00  0.00000E+00  0.99840E-31  0.00000E+00 -0.50664E-06  0.18373E+01  0.12173E+03 -0.21624E+02  0.51357E+02 -0.35095E-02 -0.10000E+07 -0.79639E+03 -0.24233E+02  0.00000E+00  0.28519E+02  0.64160E+01  0.22227E+02  0.60338E+00  13365  0.00000E+00      0.000
     748.0000  0.40640E-01  0.00000E+00  0.99840E-31  0.00000E+00 -0.50664E-06  0.18779E+01  0.12173E+03 -0.21624E+02  0.51357E+02 -0.35100E-02 -0.10000E+07 -0.79639E+03 -0.24234E+02  0.00000E+00  0.28519E+02  0.64160E+01  0.22227E+02  0.60338E+00  13367  0.00000E+00      0.000
     749.0000  0.20320E-01  0.00000E+00  0.99840E-31  0.00000E+00 -0.50664E-06  0.18982E+01  0.12173E+03 -0.21624E+02  0.51357E+02 -0.35105E-02 -0.10000E+07 -0.79639E+03 -0.24235E+02  0.00000E+00  0.28519E+02  0.64160E+01  0.22227E+02  0.60338E+00  13369  0.00000E+00      0.000
     750.0000  0.17780E-01  0.00000E+00  0.99840E-31  0.00000E+00 -0.50664E-06  0.19160E+01  0.12173E+03 -0.21624E+02  0.51357E+02 -0.35110E-02 -0.10000E+07 -0.79639E+03 -0.24236E+02  0.00000E+00  0.28519E+02  0.64160E+01  0.22227E+02  0.60338E+00  13371  0.00000E+00      0.000
     751.0000  0.55880E-01  0.00000E+00  0.99840E-31  0.00000E+00 -0.50664E-06  0.19719E+01  0.12173E+03 -0.21624E+02  0.51357E+02 -0.35115E-02 -0.10000E+07 -0.79639E+03 -0.24237E+02  0.00000E+00  0.28519E+02  0.64160E+01  0.22227E+02  0.60338E+00  13373  0.00000E+00      0.000
     752.0000  0.14986E+00  0.00000E+00  0.99840E-31  0.00000E+00 -0.50664E-06  0.21217E+01  0.12173E+03 -0.21624E+02  0.51357E+02 -0.35120E-02 -0.10000E+07 -0.79639E+03 -0.24238E+02  0.00000E+00  0.28519E+02  0.64160E+01  0.22227E+02  0.60338E+00  13375  0.00000E+00      0.000
     753.0000  0.45720E-01  0.00000E+00  0.99840E-31  0.00000E+00 -0.50664E-06  0.21675E+01  0.12173E+03 -0.21624E+02  0.51357E+02 -0.35125E-02 -0.10000E+07 -0.79639E+03 -0.24239E+02  0.00000E+00  0.28519E+02  0.64160E+01  0.22227E+02  0.60338E+00  13377  0.00000E+00      0.000
     754.0000  0.15494E+00  0.00000E+00  0.99840E-31  0.00000E+00 -0.50664E-06  0.23224E+01  0.12173E+03 -0.21624E+02  0.51357E+02 -0.35130E-02 -0.10000E+07 -0.79639E+03 -0.24240E+02  0.00000E+00  0.28519E+02  0.64160E+01  0.22227E+02  0.60338E+00  13379  0.00000E+00      0.000
     755.0000  0.27940E-01  0.00000E+00  0.99840E-31  0.00000E+00 -0.50664E-06  0.23503E+01  0.12173E+03 -0.21624E+02  0.51357E+02 -0.35135E-02 -0.10000E+07 -0.79639E+03 -0.24241E+02  0.00000E+00  0.28519E+02  0.64160E+01  0.22227E+02  0.60338E+00  13381  0.00000E+00      0.000
     756.0000  0.33020E-01  0.00000E+00  0.99840E-31  0.00000E+00 -0.50664E-06  0.23834E+01  0.12173E+03 -0.21624E+02  0.51357E+02 -0.35140E-02 -0.10000E+07 -0.79639E+03 -0.24242E+02  0.00000E+00  0.28519E+02  0.64160E+01  0.22227E+02  0.60338E+00  13383  0.00000E+00      0.000
end
