,Date,Precip,ET_cm,MinTemp,MaxTemp,AvgTemp,rTop,rRoot,vTop,vRoot,vBot,sum(rTop),sum(rRoot),sum(vTop),sum(vRoot),sum(vBot),hTop,hRoot,hBot,RunOff,sum(RunOff),Volume,sum(Infil),sum(Evap),Cum(WTrans),h37,theta37,temp37
0,2023-01-01,0.0,0.07112,-6.275,4.775,-1.26458333333333,0.0,0.0,1.5641e-08,0.0,-1.1966e-05,0.0,0.0,1.1164e-08,0.0,-1.2025e-05,-15.089,-7.55,-15.047,0.0,0.0,26.028,0.0,4.5701e-08,0.0,-15.0,0.3517,20.0
1,2023-01-02,0.0,0.03556,-9.8,2.45,-4.71354166666667,0.03556,0.0,0.03556,0.0,-1.1802e-05,0.03556,0.0,0.03556,0.0,-2.3887e-05,-146.52,-7.5593,-15.093,0.0,0.0,25.993,0.0,0.03556,0.0,-15.0,0.3517,20.0
2,2023-01-03,0.0,0.10668,-8.45,2.175,-3.865625,0.10668,0.0,0.10668,0.0,-1.1683e-05,0.14224,0.0,0.14224,0.0,-3.5614e-05,-52134.0,-7.5939,-15.139,0.0,0.0,25.886,0.0,0.14224,0.0,-15.0,0.3517,20.0
3,2023-01-04,0.0,0.0762,-7.55,4.15,-2.59895833333333,0.0762,0.0,0.0017141,0.0,-1.1548e-05,0.21844,0.0,0.15332,0.0,-4.7222e-05,-1000000.0,-7.6321,-15.184,0.0,0.0,25.875,0.0,0.15332,0.0,-15.0,0.3517,20.0
4,2023-01-05,0.0,0.03302,-11.3,1.75,-4.66666666666667,0.03302,0.0,0.00078142,0.0,-1.1399e-05,0.25146,0.0,0.15436,0.0,-5.8666e-05,-1000000.0,-7.6442,-15.229,0.0,0.0,25.874,0.0,0.15436,0.0,-15.0,0.3517,20.0
5,2023-01-06,0.4267,0.04826,-2.2,4.325,1.20104166666667,0.04826,0.0,0.0004094,0.0,-1.1265e-05,0.29972,0.0,0.15486,0.0,-6.9961e-05,-1000000.0,-7.6501,-15.273,0.0,0.0,25.873,0.0,0.15486,0.0,-15.0,0.3517,20.0
6,2023-01-07,0.0,0.127,-1.55,6.8,2.52291666666667,0.127,0.0,0.00022853,0.0,-1.1116e-05,0.42672,0.0,0.15512,0.0,-8.1107e-05,-1000000.0,-7.6533,-15.316,0.0,0.0,25.873,0.0,0.15512,0.0,-15.0,0.3517,20.0
7,2023-01-08,0.0,0.18542,0.45,7.175,3.51770833333333,0.18542,0.0,0.00015094,0.0,-1.0997e-05,0.61214,0.0,0.15529,0.0,-9.2134e-05,-1000000.0,-7.6554,-15.359,0.0,0.0,25.873,0.0,0.15529,0.0,-15.0,0.3517,20.0
8,2023-01-09,0.0,0.1778,-0.6,5.775,2.91770833333333,0.1778,0.0,0.00011618,0.0,-1.0848e-05,0.78994,0.0,0.15541,0.0,-0.00010301,-1000000.0,-7.6569,-15.402,0.0,0.0,25.873,0.0,0.15541,0.0,-15.0,0.3517,20.0
9,2023-01-10,0.0,0.09652,-7.15,7.1,0.789583333333333,0.09652,0.0,9.8498e-05,0.0,-1.0729e-05,0.88646,0.0,0.15551,0.0,-0.00011377,-1000000.0,-7.6582,-15.444,0.0,0.0,25.873,0.0,0.15551,0.0,-15.0,0.3517,20.0
10,2023-01-11,0.0017,0.04572,-7.9,3.25,-3.36770833333333,0.04572,0.0,8.7821e-05,0.0,-1.058e-05,0.93218,0.0,0.15561,0.0,-0.00012438,-1000000.0,-7.6593,-15.485,0.0,0.0,25.873,0.0,0.15561,0.0,-15.0,0.3517,20.0
11,2023-01-12,0.0,0.19304,-2.55,7.25,3.34895833333333,0.19304,0.0,8.0167e-05,0.0,-1.0461e-05,1.1252,0.0,0.15569,0.0,-0.00013487,-1000000.0,-7.6603,-15.526,0.0,0.0,25.873,0.0,0.15569,0.0,-15.0,0.3517,20.0
12,2023-01-13,0.0,0.23114,5.425,10.05,7.59479166666667,0.23114,0.0,7.41e-05,0.0,-1.0341e-05,1.3564,0.0,0.15576,0.0,-0.00014524,-1000000.0,-7.6613,-15.566,0.0,0.0,25.872,0.0,0.15576,0.0,-15.0,0.3517,20.0
13,2023-01-14,0.0,0.17272,0.625,9.625,5.56979166666667,0.17272,0.0,6.8895e-05,0.0,-1.0222e-05,1.5291,0.0,0.15583,0.0,-0.00015549,-1000000.0,-7.6621,-15.606,0.0,0.0,25.872,0.0,0.15583,0.0,-15.0,0.3517,20.0
14,2023-01-15,0.0,0.03302,-0.75,4.825,1.30833333333333,0.03302,0.0,6.4306e-05,0.0,-1.0073e-05,1.5621,0.0,0.1559,0.0,-0.0001656,-1000000.0,-7.663,-15.646,0.0,0.0,25.872,0.0,0.1559,0.0,-15.0,0.3517,20.0
15,2023-01-16,0.068,0.02032,-1.675,3.35,0.201041666666667,0.02032,0.0,6.0207e-05,0.0,-9.954e-06,1.5824,0.0,0.15596,0.0,-0.00017558,-1000000.0,-7.6638,-15.685,0.0,0.0,25.872,0.0,0.15596,0.0,-15.0,0.3517,20.0
16,2023-01-17,0.0323,0.04318,-2.025,4.625,0.527083333333333,0.04318,0.0,5.6553e-05,0.0,-9.8348e-06,1.6256,0.0,0.15602,0.0,-0.00018544,-1000000.0,-7.6645,-15.723,0.0,0.0,25.872,0.0,0.15602,0.0,-15.0,0.3517,20.0
17,2023-01-18,0.0,0.16002,-3.125,5.925,0.075,0.16002,0.0,5.3196e-05,0.0,-9.7156e-06,1.7856,0.0,0.15607,0.0,-0.00019519,-1000000.0,-7.6652,-15.761,0.0,0.0,25.872,0.0,0.15607,0.0,-15.0,0.3517,20.0
18,2023-01-19,0.0,0.10668,-1.75,4.525,0.377083333333333,0.10668,0.0,5.0192e-05,0.0,-9.5964e-06,1.8923,0.0,0.15612,0.0,-0.00020482,-1000000.0,-7.6659,-15.799,0.0,0.0,25.872,0.0,0.15612,0.0,-15.0,0.3517,20.0
19,2023-01-20,0.0,0.127,-3.55,4.375,-1.03020833333333,0.127,0.0,4.7379e-05,0.0,-9.4771e-06,2.0193,0.0,0.15617,0.0,-0.00021432,-1000000.0,-7.6665,-15.836,0.0,0.0,25.872,0.0,0.15617,0.0,-15.0,0.3517,20.0
20,2023-01-21,0.0,0.18288,-3.325,5.875,0.444791666666667,0.18288,0.0,4.4836e-05,0.0,-9.3877e-06,2.2022,0.0,0.15622,0.0,-0.00022374,-1000000.0,-7.6671,-15.872,0.0,0.0,25.872,0.0,0.15622,0.0,-15.0,0.3517,20.0
21,2023-01-22,0.0,0.07874,-3.65,2.35,-0.75,0.07874,0.0,4.2502e-05,0.0,-9.2685e-06,2.2809,0.0,0.15626,0.0,-0.00023304,-1000000.0,-7.6677,-15.909,0.0,0.0,25.872,0.0,0.15626,0.0,-15.0,0.3517,20.0
22,2023-01-23,0.0,0.0889,-6.85,0.225,-3.28854166666667,0.0889,0.0,4.0311e-05,0.0,-9.1493e-06,2.3698,0.0,0.1563,0.0,-0.00024222,-1000000.0,-7.6683,-15.944,0.0,0.0,25.872,0.0,0.1563,0.0,-15.0,0.3517,20.0
23,2023-01-24,0.0,0.08382,-4.75,1.95,-1.86666666666667,0.08382,0.0,3.8344e-05,0.0,-9.0301e-06,2.4536,0.0,0.15634,0.0,-0.00025128,-1000000.0,-7.6688,-15.98,0.0,0.0,25.872,0.0,0.15634,0.0,-15.0,0.3517,20.0
24,2023-01-25,0.0,0.06096,-5.5,2.5,-1.25833333333333,0.06096,0.0,3.6477e-05,0.0,-8.9407e-06,2.5146,0.0,0.15638,0.0,-0.00026023,-1000000.0,-7.6693,-16.014,0.0,0.0,25.872,0.0,0.15638,0.0,-15.0,0.3517,20.0
25,2023-01-26,0.0,0.1524,0.9,9.6,4.30729166666667,0.1524,0.0,3.4727e-05,0.0,-8.8215e-06,2.667,0.0,0.15641,0.0,-0.00026909,-1000000.0,-7.6698,-16.049,0.0,0.0,25.872,0.0,0.15641,0.0,-15.0,0.3517,20.0
26,2023-01-27,0.0612,0.04572,-7.375,2.725,-0.671875,0.04572,0.0,3.313e-05,0.0,-8.7023e-06,2.7127,0.0,0.15644,0.0,-0.00027782,-1000000.0,-7.6702,-16.083,0.0,0.0,25.872,0.0,0.15644,0.0,-15.0,0.3517,20.0
27,2023-01-28,0.0,0.03429,-26.525,-10.1,-16.7625,0.03429,0.0,3.1659e-05,0.0,-8.6129e-06,2.747,0.0,0.15648,0.0,-0.00028646,-1000000.0,-7.6707,-16.117,0.0,0.0,25.872,0.0,0.15648,0.0,-15.0,0.3517,20.0
28,2023-01-29,0.0,0.02286,-26.575,-13.4,-20.9833333333333,0.02286,0.0,3.0239e-05,0.0,-8.4937e-06,2.7699,0.0,0.15651,0.0,-0.00029498,-1000000.0,-7.6711,-16.15,0.0,0.0,25.872,0.0,0.15651,0.0,-15.0,0.3517,20.0
29,2023-01-30,0.0,0.05588,-17.725,-10.475,-13.7489583333333,0.05588,0.0,2.895e-05,0.0,-8.4043e-06,2.8257,0.0,0.15654,0.0,-0.00030342,-1000000.0,-7.6715,-16.183,0.0,0.0,25.872,0.0,0.15654,0.0,-15.0,0.3517,20.0
30,2023-01-31,0.0,0.10414,-11.325,-2.0,-5.24375,0.10414,0.0,2.7727e-05,0.0,-8.3148e-06,2.9299,0.0,0.15656,0.0,-0.00031175,-1000000.0,-7.6719,-16.215,0.0,0.0,25.871,0.0,0.15656,0.0,-15.0,0.3517,20.0
31,2023-02-01,0.0,0.11176,-10.6,2.05,-2.04270833333333,0.11176,0.0,2.6573e-05,0.0,-8.1956e-06,3.0416,0.0,0.15659,0.0,-0.00031997,-1000000.0,-7.6722,-16.247,0.0,0.0,25.871,0.0,0.15659,0.0,-15.0,0.3517,20.0
32,2023-02-02,0.0,0.14478,-11.025,5.375,-3.49479166666667,0.14478,0.0,2.5489e-05,0.0,-8.1062e-06,3.1864,0.0,0.15662,0.0,-0.00032809,-1000000.0,-7.6726,-16.279,0.0,0.0,25.871,0.0,0.15662,0.0,-15.0,0.3517,20.0
33,2023-02-03,0.0,0.26162,1.3,9.05,4.34583333333333,0.26162,0.0,2.447e-05,0.0,-8.0168e-06,3.448,0.0,0.15664,0.0,-0.00033613,-1000000.0,-7.6729,-16.31,0.0,0.0,25.871,0.0,0.15664,0.0,-15.0,0.3517,20.0
34,2023-02-04,0.0,0.19304,0.95,8.0,3.925,0.19304,0.0,2.3499e-05,0.0,-7.8976e-06,3.6411,0.0,0.15666,0.0,-0.00034405,-1000000.0,-7.6732,-16.341,0.0,0.0,25.871,0.0,0.15666,0.0,-15.0,0.3517,20.0
35,2023-02-05,0.0,0.20066,-0.15,7.975,3.771875,0.20066,0.0,2.2638e-05,0.0,-7.8082e-06,3.8417,0.0,0.15669,0.0,-0.00035189,-1000000.0,-7.6735,-16.372,0.0,0.0,25.871,0.0,0.15669,0.0,-15.0,0.3517,20.0
36,2023-02-06,0.0,0.1524,1.15,9.25,4.25833333333333,0.1524,0.0,2.1803e-05,0.0,-7.7188e-06,3.9941,0.0,0.15671,0.0,-0.00035962,-1000000.0,-7.6738,-16.402,0.0,0.0,25.871,0.0,0.15671,0.0,-15.0,0.3517,20.0
37,2023-02-07,0.0,0.21336,2.65,5.475,3.925,0.21336,0.0,2.0969e-05,0.0,-7.6294e-06,4.2075,0.0,0.15673,0.0,-0.00036727,-1000000.0,-7.6741,-16.432,0.0,0.0,25.871,0.0,0.15673,0.0,-15.0,0.3517,20.0
38,2023-02-08,0.0,0.10414,-5.125,2.65,-0.553125,0.10414,0.0,2.0217e-05,0.0,-7.54e-06,4.3116,0.0,0.15675,0.0,-0.00037482,-1000000.0,-7.6743,-16.461,0.0,0.0,25.871,0.0,0.15675,0.0,-15.0,0.3517,20.0
39,2023-02-09,0.0,0.23622,-5.925,7.525,-0.103125,0.23622,0.0,1.9497e-05,0.0,-7.4506e-06,4.5479,0.0,0.15677,0.0,-0.00038229,-1000000.0,-7.6746,-16.49,0.0,0.0,25.871,0.0,0.15677,0.0,-15.0,0.3517,20.0
40,2023-02-10,0.0,0.27178,-0.15,9.575,3.875,0.27178,0.0,1.8795e-05,0.0,-7.3612e-06,4.8197,0.0,0.15679,0.0,-0.00038967,-1000000.0,-7.6748,-16.519,0.0,0.0,25.871,0.0,0.15679,0.0,-15.0,0.3517,20.0
41,2023-02-11,0.0,0.1778,-3.175,9.05,2.13854166666667,0.1778,0.0,1.814e-05,0.0,-7.2718e-06,4.9975,0.0,0.15681,0.0,-0.00039695,-1000000.0,-7.6751,-16.548,0.0,0.0,25.871,0.0,0.15681,0.0,-15.0,0.3517,20.0
42,2023-02-12,0.0,0.3175,0.0,10.275,4.60729166666667,0.3175,0.0,1.7507e-05,0.0,-7.1824e-06,5.315,0.0,0.15683,0.0,-0.00040415,-1000000.0,-7.6753,-16.576,0.0,0.0,25.871,0.0,0.15683,0.0,-15.0,0.3517,20.0
43,2023-02-13,0.0,0.23622,-3.6,11.0,5.3125,0.23622,0.0,1.6938e-05,0.0,-7.093e-06,5.5512,0.0,0.15684,0.0,-0.00041126,-1000000.0,-7.6755,-16.603,0.0,0.0,25.871,0.0,0.15684,0.0,-15.0,0.3517,20.0
44,2023-02-14,0.0,0.06604,-12.475,-2.3,-6.496875,0.06604,0.0,1.6376e-05,0.0,-7.0035e-06,5.6172,0.0,0.15686,0.0,-0.00041828,-1000000.0,-7.6757,-16.631,0.0,0.0,25.871,0.0,0.15686,0.0,-15.0,0.3517,20.0
45,2023-02-15,0.0,0.13208,-14.3,2.1,-5.7875,0.13208,0.0,1.5826e-05,0.0,-6.9141e-06,5.7493,0.0,0.15688,0.0,-0.0004252,-1000000.0,-7.676,-16.658,0.0,0.0,25.871,0.0,0.15688,0.0,-15.0,0.3517,20.0
46,2023-02-16,0.0,0.28702,-5.2,6.725,0.197916666666667,0.28702,0.0,1.5321e-05,0.0,-6.8247e-06,6.0363,0.0,0.15689,0.0,-0.00043206,-1000000.0,-7.6762,-16.684,0.0,0.0,25.871,0.0,0.15689,0.0,-15.0,0.3517,20.0
47,2023-02-17,0.0,0.2413,-0.925,5.3,2.2,0.2413,0.0,1.4823e-05,0.0,-6.7353e-06,6.2776,0.0,0.15691,0.0,-0.00043882,-1000000.0,-7.6764,-16.711,0.0,0.0,25.871,0.0,0.15691,0.0,-15.0,0.3517,20.0
48,2023-02-18,0.0,0.14478,-3.05,4.35,1.14583333333333,0.14478,0.0,1.4378e-05,0.0,-6.6757e-06,6.4224,0.0,0.15692,0.0,-0.00044551,-1000000.0,-7.6766,-16.737,0.0,0.0,25.871,0.0,0.15692,0.0,-15.0,0.3517,20.0
49,2023-02-19,0.0,0.1651,-3.45,5.3,1.653125,0.1651,0.0,1.3934e-05,0.0,-6.5863e-06,6.5875,0.0,0.15693,0.0,-0.00045212,-1000000.0,-7.6767,-16.763,0.0,0.0,25.871,0.0,0.15693,0.0,-15.0,0.3517,20.0
50,2023-02-20,0.2329,0.0762,-5.65,2.625,-1.78541666666667,0.0762,0.0,1.3535e-05,0.0,-6.4969e-06,6.6637,0.0,0.15695,0.0,-0.00045864,-1000000.0,-7.6769,-16.788,0.0,0.0,25.871,0.0,0.15695,0.0,-15.0,0.3517,20.0
51,2023-02-21,0.1766,0.06604,-20.5,3.6,-12.6583333333333,0.06604,0.0,1.3097e-05,0.0,-6.4373e-06,6.7297,0.0,0.15696,0.0,-0.0004651,-1000000.0,-7.6771,-16.813,0.0,0.0,25.871,0.0,0.15696,0.0,-15.0,0.3517,20.0
52,2023-02-22,0.0,0.02286,-24.1,-20.225,-22.0552083333333,0.02286,0.0,1.2728e-05,0.0,-6.3479e-06,6.7526,0.0,0.15697,0.0,-0.00047146,-1000000.0,-7.6773,-16.838,0.0,0.0,25.871,0.0,0.15697,0.0,-15.0,0.3517,20.0
53,2023-02-23,0.0,0.01778,-30.2,-21.85,-25.696875,0.01778,0.0,1.2373e-05,0.0,-6.2585e-06,6.7704,0.0,0.15699,0.0,-0.00047775,-1000000.0,-7.6775,-16.863,0.0,0.0,25.871,0.0,0.15699,0.0,-15.0,0.3517,20.0
54,2023-02-24,0.0,0.05588,-31.7,-6.875,-19.3125,0.05588,0.0,1.2015e-05,0.0,-6.1989e-06,6.8262,0.0,0.157,0.0,-0.00048396,-1000000.0,-7.6776,-16.887,0.0,0.0,25.871,0.0,0.157,0.0,-15.0,0.3517,20.0
55,2023-02-25,0.0,0.18542,-6.2,2.425,-1.37083333333333,0.18542,0.0,1.1649e-05,0.0,-6.1095e-06,7.0117,0.0,0.15701,0.0,-0.0004901,-1000000.0,-7.6778,-16.911,0.0,0.0,25.871,0.0,0.15701,0.0,-15.0,0.3517,20.0
56,2023-02-26,0.0017,0.20066,-2.4,8.75,2.865625,0.20066,0.0,1.131e-05,0.0,-6.0499e-06,7.2123,0.0,0.15702,0.0,-0.00049616,-1000000.0,-7.6779,-16.934,0.0,0.0,25.871,0.0,0.15702,0.0,-15.0,0.3517,20.0
57,2023-02-27,0.0,0.14732,-5.2,2.4,-1.959375,0.14732,0.0,1.103e-05,0.0,-5.9605e-06,7.3596,0.0,0.15703,0.0,-0.00050215,-1000000.0,-7.6781,-16.958,0.0,0.0,25.871,0.0,0.15703,0.0,-15.0,0.3517,20.0
58,2023-02-28,0.0,0.05588,-10.8,-1.925,-6.0875,0.05588,0.0,1.073e-05,0.0,-5.9009e-06,7.4155,0.0,0.15704,0.0,-0.00050807,-1000000.0,-7.6782,-16.981,0.0,0.0,25.871,0.0,0.15704,0.0,-15.0,0.3517,20.0
59,2023-03-01,0.0,0.12446,-7.5,3.1,-4.06354166666667,0.12446,0.0,1.0435e-05,0.0,-5.8413e-06,7.54,0.0,0.15705,0.0,-0.00051393,-1000000.0,-7.6784,-17.004,0.0,0.0,25.871,0.0,0.15705,0.0,-15.0,0.3517,20.0
60,2023-03-02,0.0,0.21844,-4.325,5.875,-0.128125,0.21844,0.0,1.0108e-05,0.0,-5.7518e-06,7.7584,0.0,0.15706,0.0,-0.00051969,-1000000.0,-7.6785,-17.026,0.0,0.0,25.871,0.0,0.15706,0.0,-15.0,0.3517,20.0
61,2023-03-03,0.0,0.15494,-7.55,2.625,-2.89895833333333,0.15494,0.0,9.8931e-06,0.0,-5.6922e-06,7.9134,0.0,0.15707,0.0,-0.0005254,-1000000.0,-7.6786,-17.048,0.0,0.0,25.871,0.0,0.15707,0.0,-15.0,0.3517,20.0
62,2023-03-04,0.0,0.17526,-6.95,4.125,-2.67395833333333,0.17526,0.0,9.5907e-06,0.0,-5.6326e-06,8.0886,0.0,0.15708,0.0,-0.00053105,-1000000.0,-7.6788,-17.07,0.0,0.0,25.871,0.0,0.15708,0.0,-15.0,0.3517,20.0
63,2023-03-05,0.0,0.03556,-12.225,-8.175,-10.2854166666667,0.03556,0.0,9.3511e-06,0.0,-5.5432e-06,8.1242,0.0,0.15709,0.0,-0.00053661,-1000000.0,-7.6789,-17.092,0.0,0.0,25.871,0.0,0.15709,0.0,-15.0,0.3517,20.0
64,2023-03-06,0.2465,0.0508,-14.925,-5.4,-11.0927083333333,0.0508,0.0,9.1191e-06,0.0,-5.4836e-06,8.175,0.0,0.1571,0.0,-0.0005421,-1000000.0,-7.679,-17.113,0.0,0.0,25.871,0.0,0.1571,0.0,-15.0,0.3517,20.0
65,2023-03-07,0.0,0.06096,-19.125,-4.15,-11.20625,0.06096,0.0,8.876e-06,0.0,-5.424e-06,8.236,0.0,0.15711,0.0,-0.00054754,-1000000.0,-7.6791,-17.135,0.0,0.0,25.871,0.0,0.15711,0.0,-15.0,0.3517,20.0
66,2023-03-08,0.0,0.04318,-15.45,-9.15,-11.471875,0.04318,0.0,8.6692e-06,0.0,-5.3644e-06,8.2791,0.0,0.15712,0.0,-0.00055292,-1000000.0,-7.6792,-17.156,0.0,0.0,25.871,0.0,0.15712,0.0,-15.0,0.3517,20.0
67,2023-03-09,0.0,0.0635,-16.5,-6.2,-11.7177083333333,0.0635,0.0,8.4681e-06,0.0,-5.275e-06,8.3426,0.0,0.15713,0.0,-0.00055823,-1000000.0,-7.6793,-17.176,0.0,0.0,25.871,0.0,0.15713,0.0,-15.0,0.3517,20.0
68,2023-03-10,0.1277,0.02794,-14.65,-9.0,-12.1697916666667,0.02794,0.0,8.2056e-06,0.0,-5.2154e-06,8.3706,0.0,0.15714,0.0,-0.00056346,-1000000.0,-7.6794,-17.197,0.0,0.0,25.871,0.0,0.15714,0.0,-15.0,0.3517,20.0
69,2023-03-11,0.0,0.0508,-18.95,-5.075,-11.6197916666667,0.0508,0.0,7.9907e-06,0.0,-5.1558e-06,8.4214,0.0,0.15714,0.0,-0.00056863,-1000000.0,-7.6795,-17.217,0.0,0.0,25.871,0.0,0.15714,0.0,-15.0,0.3517,20.0
70,2023-03-12,0.0,0.06604,-17.675,-5.65,-12.5358695652174,0.06604,0.0,7.8182e-06,0.0,-5.0962e-06,8.4874,0.0,0.15715,0.0,-0.00057374,-1000000.0,-7.6796,-17.237,0.0,0.0,25.871,0.0,0.15715,0.0,-15.0,0.3517,20.0
71,2023-03-13,0.1887,0.17272,-9.3,1.025,-4.59762228260869,0.17272,0.0,7.6135e-06,0.0,-5.0366e-06,8.6601,0.0,0.15716,0.0,-0.00057879,-1000000.0,-7.6797,-17.256,0.0,0.0,25.871,0.0,0.15716,0.0,-15.0,0.3517,20.0
72,2023-03-14,0.0,0.22098,-0.925,7.7,3.340625,0.22098,0.0,7.4294e-06,0.0,-4.977e-06,8.8811,0.0,0.15717,0.0,-0.00058378,-1000000.0,-7.6798,-17.276,0.0,0.0,25.871,0.0,0.15717,0.0,-15.0,0.3517,20.0
73,2023-03-15,0.3961,0.09398,-7.65,2.825,-1.94895833333333,0.09398,0.0,7.276e-06,0.0,-4.9174e-06,8.9751,0.0,0.15718,0.0,-0.00058872,-1000000.0,-7.6798,-17.295,0.0,0.0,25.871,0.0,0.15718,0.0,-15.0,0.3517,20.0
74,2023-03-16,0.0493,0.10922,-9.775,1.775,-4.103125,0.10922,0.0,7.1781e-06,0.0,-4.8578e-06,9.0843,0.0,0.15718,0.0,-0.00059359,-1000000.0,-7.6799,-17.314,0.0,0.0,25.871,0.0,0.15718,0.0,-15.0,0.3517,20.0
75,2023-03-17,0.0,0.13208,-10.075,3.925,-3.190625,0.13208,0.0,7.1775e-06,0.0,-4.7982e-06,9.2164,0.0,0.15719,0.0,-0.0005984,-1000000.0,-7.68,-17.333,0.0,0.0,25.871,0.0,0.15719,0.0,-15.0,0.3517,20.0
76,2023-03-18,0.0,0.19304,-6.0,8.35,0.263541666666667,0.19304,0.0,7.1767e-06,0.0,-4.7386e-06,9.4094,0.0,0.1572,0.0,-0.00060315,-1000000.0,-7.68,-17.351,0.0,0.0,25.871,0.0,0.1572,0.0,-15.0,0.3517,20.0
77,2023-03-19,0.0,0.15494,-4.25,8.775,1.92395833333333,0.15494,0.0,7.1756e-06,0.0,-4.679e-06,9.5644,0.0,0.1572,0.0,-0.00060785,-1000000.0,-7.6801,-17.37,0.0,0.0,25.871,0.0,0.1572,0.0,-15.0,0.3517,20.0
78,2023-03-20,0.0,0.08636,-7.425,0.5,-4.15833333333333,0.08636,0.0,7.1743e-06,0.0,-4.6194e-06,9.6507,0.0,0.15721,0.0,-0.00061248,-1000000.0,-7.6802,-17.388,0.0,0.0,25.871,0.0,0.15721,0.0,-15.0,0.3517,20.0
79,2023-03-21,0.0,0.12954,-7.9,5.85,-1.69479166666667,0.12954,0.0,7.1728e-06,0.0,-4.5598e-06,9.7803,0.0,0.15722,0.0,-0.00061706,-1000000.0,-7.6802,-17.406,0.0,0.0,25.871,0.0,0.15722,0.0,-15.0,0.3517,20.0
80,2023-03-22,0.0,0.1397,-7.275,5.925,-2.675,0.1397,0.0,7.1711e-06,0.0,-4.5002e-06,9.92,0.0,0.15723,0.0,-0.00062157,-1000000.0,-7.6803,-17.423,0.0,0.0,25.871,0.0,0.15723,0.0,-15.0,0.3517,20.0
81,2023-03-23,0.0,0.2032,-7.175,8.925,0.954166666666667,0.2032,0.0,7.1691e-06,0.0,-4.4703e-06,10.123,0.0,0.15723,0.0,-0.00062606,-1000000.0,-7.6804,-17.441,0.0,0.0,25.871,0.0,0.15723,0.0,-15.0,0.3517,20.0
82,2023-03-24,0.0,0.15494,-2.375,7.65,1.85729166666667,0.15494,0.0,7.1669e-06,0.0,-4.4107e-06,10.278,0.0,0.15724,0.0,-0.00063048,-1000000.0,-7.6804,-17.458,0.0,0.0,25.871,0.0,0.15724,0.0,-15.0,0.3517,20.0
83,2023-03-25,0.0782,0.11176,-2.875,4.425,-0.13125,0.11176,0.0,7.1646e-06,0.0,-4.3511e-06,10.39,0.0,0.15725,0.0,-0.00063485,-1000000.0,-7.6805,-17.475,0.0,0.0,25.87,0.0,0.15725,0.0,-15.0,0.3517,20.0
84,2023-03-26,0.0,0.10922,-5.325,3.125,-2.16979166666667,0.10922,0.0,7.1621e-06,0.0,-4.2915e-06,10.499,0.0,0.15725,0.0,-0.00063916,-1000000.0,-7.6806,-17.492,0.0,0.0,25.87,0.0,0.15725,0.0,-15.0,0.3517,20.0
85,2023-03-27,0.0,0.17018,-6.6,6.05,-1.82604166666667,0.17018,0.0,7.1594e-06,0.0,-4.2617e-06,10.669,0.0,0.15726,0.0,-0.00064342,-1000000.0,-7.6806,-17.508,0.0,0.0,25.87,0.0,0.15726,0.0,-15.0,0.3517,20.0
86,2023-03-28,0.0,0.12192,-5.625,3.025,-2.63645833333333,0.12192,0.0,7.1565e-06,0.0,-4.2021e-06,10.791,0.0,0.15727,0.0,-0.00064763,-1000000.0,-7.6807,-17.525,0.0,0.0,25.87,0.0,0.15727,0.0,-15.0,0.3517,20.0
87,2023-03-29,0.0,0.12192,-6.6,3.55,-2.10833333333333,0.12192,0.0,7.1534e-06,0.0,-4.1425e-06,10.913,0.0,0.15728,0.0,-0.00065179,-1000000.0,-7.6807,-17.541,0.0,0.0,25.87,0.0,0.15728,0.0,-15.0,0.3517,20.0
88,2023-03-30,0.1462,0.08128,-4.875,0.2,-2.99479166666667,0.08128,0.0,7.1502e-06,0.0,-4.0829e-06,10.994,0.0,0.15728,0.0,-0.00065589,-1000000.0,-7.6808,-17.557,0.0,0.0,25.87,0.0,0.15728,0.0,-15.0,0.3517,20.0
89,2023-03-31,0.2009,0.19558,-7.075,8.675,0.467708333333333,0.19558,0.0,7.1468e-06,0.0,-4.0531e-06,11.19,0.0,0.15729,0.0,-0.00065996,-1000000.0,-7.6809,-17.573,0.0,0.0,25.87,0.0,0.15729,0.0,-15.0,0.3517,20.0
90,2023-04-01,0.0,0.254,-1.325,8.525,3.46354166666667,0.0,0.254,9.9718e-32,0.254,-3.9935e-06,11.19,0.254,0.15729,0.254,-0.00066397,-997310.0,-42.265,-17.588,0.0,0.0,25.743,0.0,0.15729,0.0,-15.0,0.3517,20.0
91,2023-04-02,0.0,0.23114,-4.925,7.675,1.009375,0.0,0.23114,9.9706e-32,0.23114,-3.9339e-06,11.19,0.48514,0.15729,0.48514,-0.00066791,-997310.0,-98.106,-17.604,0.0,0.0,25.501,0.0,0.15729,0.0,-15.0,0.3517,20.0
92,2023-04-03,0.0,0.10922,-9.75,3.275,-3.43125,0.0,0.10922,9.9691e-32,0.10922,-3.9041e-06,11.19,0.59436,0.15729,0.59436,-0.00067183,-997310.0,-153.36,-17.619,0.0,0.0,25.331,0.0,0.15729,0.0,-15.0,0.3517,20.0
93,2023-04-04,0.0,0.06604,-9.225,-2.05,-4.23958333333333,0.0,0.06604,9.9678e-32,0.06604,-3.8445e-06,11.19,0.6604,0.15729,0.6604,-0.00067569,-997310.0,-191.8,-17.634,0.0,0.0,25.243,0.0,0.15729,0.0,-15.0,0.3517,20.0
94,2023-04-05,0.0,0.16256,-11.275,5.25,-2.44895833333333,0.0,0.16256,9.9654e-32,0.16256,-3.8147e-06,11.19,0.82296,0.15729,0.82296,-0.00067952,-997310.0,-260.09,-17.649,0.0,0.0,25.129,0.0,0.15729,0.0,-15.0,0.3517,20.0
95,2023-04-06,0.0,0.33274,-2.55,11.35,4.16354166666667,0.0,0.33274,9.9603e-32,0.2274,-3.7551e-06,11.19,1.1557,0.15729,1.0707,-0.00068329,-997310.0,-448.98,-17.664,0.0,0.0,24.913,0.0,0.15729,0.0,-15.0,0.3517,20.0
96,2023-04-07,0.0,0.37338,0.175,14.225,7.284375,0.0,0.37338,9.9579e-32,0.16973,-3.7253e-06,11.19,1.5291,0.15729,1.2616,-0.00068702,-997310.0,-688.59,-17.678,0.0,0.0,24.694,0.0,0.15729,0.0,-15.0,0.3517,20.0
97,2023-04-08,0.0,0.37846,3.15,14.225,8.72395833333333,0.0,0.37846,9.9573e-32,0.11962,-3.6657e-06,11.19,1.9075,0.15729,1.3964,-0.0006907,-997310.0,-884.53,-17.693,0.0,0.0,24.534,0.0,0.15729,0.0,-15.0,0.3517,20.0
98,2023-04-09,0.0,0.4572,4.4,17.075,11.2802083333333,0.0,0.4572,9.9571e-32,0.094182,-3.6359e-06,11.19,2.3647,0.15729,1.5015,-0.00069433,-997310.0,-1042.5,-17.707,0.0,0.0,24.416,0.0,0.15729,0.0,-15.0,0.3517,20.0
99,2023-04-10,0.0,0.54864,10.95,23.475,16.6416666666667,0.0,0.54864,9.9571e-32,0.073556,-3.5763e-06,11.19,2.9134,0.15729,1.5826,-0.00069793,-997310.0,-1167.5,-17.721,0.0,0.0,24.325,0.0,0.15729,0.0,-15.0,0.3517,20.0
100,2023-04-11,0.0,0.47244,4.3,20.225,13.74375,0.0,0.47244,9.9571e-32,0.044974,-3.5465e-06,11.19,3.3858,0.15729,1.6317,-0.00070147,-997310.0,-1259.6,-17.735,0.0,0.0,24.261,0.0,0.15729,0.0,-15.0,0.3517,20.0
101,2023-04-12,0.0,0.18288,-1.9,7.9,3.08541666666667,0.0,0.18288,9.9571e-32,0.014946,-3.4869e-06,11.19,3.5687,0.15729,1.6472,-0.00070497,-997310.0,-1306.9,-17.748,0.0,0.0,24.231,0.0,0.15729,0.0,-15.0,0.3517,20.0
102,2023-04-13,0.9633,0.09652,-2.75,2.2,0.173958333333333,0.0,0.09652,9.9571e-32,0.0074713,-3.4571e-06,11.19,3.6652,0.15729,1.6548,-0.00070845,-997310.0,-1320.9,-17.762,0.0,0.0,24.219,0.0,0.15729,0.0,-15.0,0.3517,20.0
103,2023-04-14,0.0952,0.18034,-5.825,5.825,-0.0322916666666666,0.0,0.18034,9.9571e-32,0.013171,-3.3975e-06,11.19,3.8456,0.15729,1.6681,-0.00071186,-997310.0,-1335.5,-17.775,0.0,0.0,24.209,0.0,0.15729,0.0,-15.0,0.3517,20.0
104,2023-04-15,0.0017,0.2921,-3.25,11.1,3.559375,0.0,0.2921,9.9571e-32,0.018192,-3.3677e-06,11.19,4.1377,0.15729,1.6873,-0.00071524,-997310.0,-1358.2,-17.788,0.0,0.0,24.192,0.0,0.15729,0.0,-15.0,0.3517,20.0
105,2023-04-16,0.0,0.4064,0.45,17.45,9.81354166666667,0.0,0.4064,9.9571e-32,0.018777,-3.3379e-06,11.19,4.5441,0.15729,1.7075,-0.00071858,-997310.0,-1388.8,-17.801,0.0,0.0,24.172,0.0,0.15729,0.0,-15.0,0.3517,20.0
106,2023-04-17,0.0119,0.35052,3.05,14.925,8.2125,0.0,0.35052,9.9571e-32,0.01311,-3.2783e-06,11.19,4.8946,0.15729,1.7214,-0.00072187,-997310.0,-1415.4,-17.814,0.0,0.0,24.155,0.0,0.15729,0.0,-15.0,0.3517,20.0
107,2023-04-18,0.2992,0.12446,-0.4,9.275,2.89166666666667,0.0,0.12446,9.9571e-32,0.0043759,-3.2485e-06,11.19,5.019,0.15729,1.7259,-0.00072514,-997310.0,-1429.9,-17.827,0.0,0.0,24.147,0.0,0.15729,0.0,-15.0,0.3517,20.0
108,2023-04-19,1.1389,0.12446,-1.35,1.3,-0.153125,0.0,0.12446,9.9571e-32,0.003974,-3.2187e-06,11.19,5.1435,0.15729,1.73,-0.00072835,-997310.0,-1437.0,-17.839,0.0,0.0,24.142,0.0,0.15729,0.0,-15.0,0.3517,20.0
109,2023-04-20,0.1821,0.13716,-3.2,0.975,-1.317,0.0,0.13716,9.9571e-32,0.0040405,-3.159e-06,11.19,5.2807,0.15729,1.7341,-0.00073153,-997310.0,-1442.5,-17.852,0.0,0.0,24.138,0.0,0.15729,0.0,-15.0,0.3517,20.0
110,2023-04-21,0.1004,0.1143,-5.425,0.5,-2.28229166666667,0.0,0.1143,9.9571e-32,0.0031998,-3.1292e-06,11.19,5.395,0.15729,1.7373,-0.00073467,-997310.0,-1446.8,-17.864,0.0,0.0,24.135,0.0,0.15729,0.0,-15.0,0.3517,20.0
111,2023-04-22,0.0068,0.2159,-6.8,7.7,0.428125,0.0,0.2159,9.9571e-32,0.005599,-3.0994e-06,11.19,5.6109,0.15729,1.743,-0.00073777,-997310.0,-1451.7,-17.876,0.0,0.0,24.13,0.0,0.15729,0.0,-15.0,0.3517,20.0
112,2023-04-23,0.0,0.25908,-2.65,12.225,4.72395833333333,0.0,0.25908,9.9571e-32,0.0063341,-3.0696e-06,11.19,5.8699,0.15729,1.7494,-0.00074084,-997310.0,-1457.7,-17.888,0.0,0.0,24.124,0.0,0.15729,0.0,-15.0,0.3517,20.0
113,2023-04-24,0.0306,0.28194,2.175,16.6,9.33020833333333,0.0,0.28194,9.9571e-32,0.0066274,-3.01e-06,11.19,6.1519,0.15729,1.7561,-0.00074387,-997310.0,-1463.3,-17.9,0.0,0.0,24.118,0.0,0.15729,0.0,-15.0,0.3517,20.0
114,2023-04-25,0.0,0.36068,3.225,17.025,9.746875,0.0,0.36068,9.9571e-32,0.0083014,-2.9802e-06,11.19,6.5126,0.15729,1.7645,-0.00074686,-997310.0,-1470.0,-17.912,0.0,0.0,24.11,0.0,0.15729,0.0,-15.0,0.3517,20.0
115,2023-04-26,0.0,0.3683,0.725,18.975,10.3364583333333,0.0,0.3683,9.9571e-32,0.0084091,-2.9504e-06,11.19,6.8809,0.15729,1.7729,-0.00074983,-997310.0,-1477.1,-17.923,0.0,0.0,24.102,0.0,0.15729,0.0,-15.0,0.3517,20.0
116,2023-04-27,0.1821,0.23622,0.35,11.7,6.65416666666667,0.0,0.23622,9.9571e-32,0.0053807,-2.9206e-06,11.19,7.1171,0.15729,1.7783,-0.00075275,-997310.0,-1484.2,-17.935,0.0,0.0,24.095,0.0,0.15729,0.0,-15.0,0.3517,20.0
117,2023-04-28,0.0,0.37846,0.625,22.25,11.8770833333333,0.0,0.37846,9.9571e-32,0.0085396,-2.8908e-06,11.19,7.4955,0.15729,1.7868,-0.00075564,-997310.0,-1492.3,-17.946,0.0,0.0,24.088,0.0,0.15729,0.0,-15.0,0.3517,20.0
118,2023-04-29,0.0,0.36322,0.55,20.9,11.8916666666667,0.0,0.36322,9.9571e-32,0.0074455,-2.8312e-06,11.19,7.8588,0.15729,1.7945,-0.00075848,-997310.0,-1503.7,-17.957,0.0,0.0,24.08,0.0,0.15729,0.0,-15.0,0.3517,20.0
119,2023-04-30,0.0,0.41148,-0.025,23.3,12.9302083333333,0.0,0.41148,9.9571e-32,0.0069622,-2.8014e-06,11.19,8.2702,0.15729,1.8018,-0.0007613,-997310.0,-1516.5,-17.968,0.0,0.0,24.072,0.0,0.15729,0.0,-15.0,0.3517,20.0
120,2023-05-01,0.0,0.39624,0.975,24.125,13.765625,0.0,0.39624,9.9571e-32,0.13095,-2.7716e-06,11.19,8.6665,0.15729,1.9045,-0.00076409,-997310.0,-741.39,-17.979,0.0,0.0,24.031,0.0,0.15729,0.0,-15.0,0.3517,20.0
121,2023-05-02,0.0,0.35306,1.1,24.225,13.3125,0.0,0.35306,9.9571e-32,0.11091,-2.7418e-06,11.19,9.0195,0.15729,2.0169,-0.00076684,-997310.0,-766.37,-17.99,0.0,0.0,23.909,0.0,0.15729,0.0,-15.0,0.3517,20.0
122,2023-05-03,0.0,0.36322,6.025,24.4,15.3395833333333,0.0,0.36322,9.9571e-32,0.11075,-2.712e-06,11.19,9.3828,0.15729,2.1283,-0.00076956,-997310.0,-783.92,-18.0,0.0,0.0,23.797,0.0,0.15729,0.0,-15.0,0.3517,20.0
123,2023-05-04,0.0,0.39878,5.85,24.775,16.06875,0.0,0.39878,9.9571e-32,0.11993,-2.6822e-06,11.19,9.7815,0.15729,2.2486,-0.00077224,-997310.0,-798.85,-18.011,0.0,0.0,23.682,0.0,0.15729,0.0,-15.0,0.3517,20.0
124,2023-05-05,0.9785,0.23876,8.75,17.075,12.3020833333333,0.0,0.23876,9.9571e-32,0.07151,-2.6524e-06,11.19,10.02,0.15729,2.3202,-0.00077489,-997310.0,-810.87,-18.021,0.0,0.0,23.586,0.0,0.15729,0.0,-15.0,0.3517,20.0
125,2023-05-06,0.772,0.09398,5.6,9.25,7.990625,0.0,0.09398,9.9571e-32,0.028123,-2.6226e-06,11.19,10.114,0.15729,2.3483,-0.00077751,-997310.0,-817.47,-18.031,0.0,0.0,23.536,0.0,0.15729,0.0,-15.0,0.3517,20.0
126,2023-05-07,0.1904,0.28956,5.125,15.725,10.1114583333333,0.0,0.28956,9.9571e-32,0.086588,-2.5928e-06,11.19,10.404,0.15729,2.4349,-0.00078011,-997310.0,-825.68,-18.041,0.0,0.0,23.479,0.0,0.15729,0.0,-15.0,0.3517,20.0
127,2023-05-08,0.0,0.37084,4.8,17.75,10.8416666666667,0.0,0.37084,9.9571e-32,0.11086,-2.5332e-06,11.19,10.775,0.15729,2.5458,-0.00078265,-997310.0,-842.05,-18.051,0.0,0.0,23.38,0.0,0.15729,0.0,-15.0,0.3517,20.0
128,2023-05-09,0.0,0.27432,1.025,15.4,8.18645833333333,0.0,0.27432,9.9571e-32,0.082,-2.5034e-06,11.19,11.049,0.15729,2.6278,-0.00078517,-997310.0,-861.88,-18.061,0.0,0.0,23.284,0.0,0.15729,0.0,-15.0,0.3517,20.0
129,2023-05-10,0.0,0.32512,3.225,17.25,10.9427083333333,0.0,0.32512,9.9571e-32,0.097183,-2.4736e-06,11.19,11.374,0.15729,2.7249,-0.00078766,-997310.0,-886.5,-18.071,0.0,0.0,23.194,0.0,0.15729,0.0,-15.0,0.3517,20.0
130,2023-05-11,0.1105,0.2286,5.325,15.625,10.3104166666667,0.0,0.2286,9.9571e-32,0.066696,-2.4438e-06,11.19,11.603,0.15729,2.7924,-0.00079012,-997310.0,-914.96,-18.08,0.0,0.0,23.111,0.0,0.15729,0.0,-15.0,0.3517,20.0
131,2023-05-12,0.0068,0.29972,2.25,20.025,11.2541666666667,0.0,0.29972,9.9571e-32,0.081319,-2.414e-06,11.19,11.902,0.15729,2.8754,-0.00079255,-997310.0,-947.96,-18.09,0.0,0.0,23.036,0.0,0.15729,0.0,-15.0,0.3517,20.0
132,2023-05-13,0.0,0.18288,4.425,15.375,11.121875,0.0,0.18288,9.9571e-32,0.047257,-2.3842e-06,11.19,12.085,0.15729,2.9236,-0.00079495,-997310.0,-980.35,-18.099,0.0,0.0,22.97,0.0,0.15729,0.0,-15.0,0.3517,20.0
133,2023-05-14,0.0,0.21336,6.3,18.9,12.278125,0.0,0.21336,9.9571e-32,0.050746,-2.3544e-06,11.19,12.299,0.15729,2.9753,-0.00079732,-997310.0,-1008.6,-18.108,0.0,0.0,22.92,0.0,0.15729,0.0,-15.0,0.3517,20.0
134,2023-05-15,0.0,0.42926,6.0,24.85,15.95,0.0,0.42926,9.9571e-32,0.085016,-2.3246e-06,11.19,12.728,0.15729,3.0636,-0.00079966,-997310.0,-1047.6,-18.117,0.0,0.0,22.849,0.0,0.15729,0.0,-15.0,0.3517,20.0
135,2023-05-16,0.0017,0.51816,13.125,26.95,18.9208333333333,0.0,0.51816,9.9571e-32,0.084546,-2.3246e-06,11.19,13.246,0.15729,3.152,-0.00080198,-997310.0,-1098.6,-18.126,0.0,0.0,22.761,0.0,0.15729,0.0,-15.0,0.3517,20.0
136,2023-05-17,0.1327,0.18542,6.85,15.725,11.4177083333333,0.0,0.18542,9.9571e-32,0.029784,-2.2948e-06,11.19,13.432,0.15729,3.1825,-0.00080428,-997310.0,-1132.9,-18.135,0.0,0.0,22.703,0.0,0.15729,0.0,-15.0,0.3517,20.0
137,2023-05-18,0.0051,0.33528,2.475,20.725,11.7791666666667,0.0,0.33528,9.9571e-32,0.046162,-2.265e-06,11.19,13.767,0.15729,3.2303,-0.00080654,-997310.0,-1158.9,-18.144,0.0,0.0,22.663,0.0,0.15729,0.0,-15.0,0.3517,20.0
138,2023-05-19,0.0,0.42672,2.825,26.675,15.3260416666667,0.0,0.42672,9.9571e-32,0.050008,-2.2352e-06,11.19,14.194,0.15729,3.2821,-0.00080878,-997310.0,-1189.3,-18.153,0.0,0.0,22.613,0.0,0.15729,0.0,-15.0,0.3517,20.0
139,2023-05-20,0.0,0.4064,8.9,26.5,18.53125,0.0,0.4064,9.9571e-32,0.042162,-2.2054e-06,11.19,14.6,0.15729,3.3258,-0.00081098,-997310.0,-1218.7,-18.162,0.0,0.0,22.566,0.0,0.15729,0.0,-15.0,0.3517,20.0
140,2023-05-21,0.0,0.4445,9.325,29.55,19.6916666666667,0.0,0.4445,9.9571e-32,0.039989,-2.1756e-06,11.19,15.044,0.15729,3.3671,-0.00081316,-997310.0,-1244.4,-18.17,0.0,0.0,22.523,0.0,0.15729,0.0,-15.0,0.3517,20.0
141,2023-05-22,0.6886,0.35052,10.125,22.5,16.721875,0.0,0.35052,9.9571e-32,0.029118,-2.1458e-06,11.19,15.395,0.15729,3.3969,-0.00081532,-997310.0,-1266.7,-18.178,0.0,0.0,22.488,0.0,0.15729,0.0,-15.0,0.3517,20.0
142,2023-05-23,0.0,0.40894,6.175,21.575,14.3166666666667,0.0,0.40894,9.9571e-32,0.030133,-2.116e-06,11.19,15.804,0.15729,3.4278,-0.00081745,-997310.0,-1286.7,-18.187,0.0,0.0,22.458,0.0,0.15729,0.0,-15.0,0.3517,20.0
143,2023-05-24,0.0578,0.2794,9.5,20.725,14.33125,0.0,0.2794,9.9571e-32,0.019769,-2.0862e-06,11.19,16.083,0.15729,3.4479,-0.00081955,-997310.0,-1302.5,-18.195,0.0,0.0,22.432,0.0,0.15729,0.0,-15.0,0.3517,20.0
144,2023-05-25,0.1445,0.14732,10.4,15.825,12.5489583333333,0.0,0.14732,9.9571e-32,0.010263,-2.0564e-06,11.19,16.231,0.15729,3.4583,-0.00082162,-997310.0,-1312.4,-18.203,0.0,0.0,22.417,0.0,0.15729,0.0,-15.0,0.3517,20.0
145,2023-05-26,0.1394,0.11938,10.425,14.8,12.3583333333333,0.0,0.11938,9.9571e-32,0.0080715,-2.0564e-06,11.19,16.35,0.15729,3.4664,-0.00082368,-997310.0,-1318.9,-18.211,0.0,0.0,22.408,0.0,0.15729,0.0,-15.0,0.3517,20.0
146,2023-05-27,1.7901,0.10922,9.75,12.975,11.4697916666667,0.0,0.10922,9.9571e-32,0.0071869,-2.0266e-06,11.19,16.459,0.15729,3.4737,-0.0008257,-997310.0,-1324.4,-18.219,0.0,0.0,22.4,0.0,0.15729,0.0,-15.0,0.3517,20.0
147,2023-05-28,0.1819,0.37846,8.75,23.6,15.5322916666667,0.0,0.37846,9.9571e-32,0.020731,-1.9968e-06,11.19,16.838,0.15729,3.4949,-0.0008277,-997310.0,-1334.4,-18.227,0.0,0.0,22.386,0.0,0.15729,0.0,-15.0,0.3517,20.0
148,2023-05-29,0.0374,0.44196,10.375,22.775,16.4135416666667,0.0,0.44196,9.9571e-32,0.021681,-1.967e-06,11.19,17.28,0.15729,3.5171,-0.00082968,-997310.0,-1347.7,-18.235,0.0,0.0,22.364,0.0,0.15729,0.0,-15.0,0.3517,20.0
149,2023-05-30,0.0,0.44958,9.5,25.775,17.7614583333333,0.0,0.44958,9.9571e-32,0.020208,-1.9372e-06,11.19,17.729,0.15729,3.5377,-0.00083163,-997310.0,-1361.2,-18.242,0.0,0.0,22.343,0.0,0.15729,0.0,-15.0,0.3517,20.0
150,2023-05-31,0.017,0.33528,6.725,26.0,15.9875,0.0,0.33528,9.9571e-32,0.014553,-1.9372e-06,11.19,18.064,0.15729,3.5525,-0.00083357,-997310.0,-1371.8,-18.25,0.0,0.0,22.325,0.0,0.15729,0.0,-15.0,0.3517,20.0
151,2023-06-01,0.0085,0.26162,8.35,20.425,14.171875,0.0,0.26162,9.9571e-32,0.060046,-1.9073e-06,11.19,18.326,0.15729,3.6006,-0.00083548,-997310.0,-912.1,-18.257,0.0,0.0,22.3,0.0,0.15729,0.0,-15.0,0.3517,20.0
152,2023-06-02,0.7684,0.10414,11.1,13.225,12.0458333333333,0.0,0.10414,9.9571e-32,0.023813,-1.8775e-06,11.19,18.43,0.15729,3.6245,-0.00083736,-997310.0,-919.58,-18.264,0.0,0.0,22.258,0.0,0.15729,0.0,-15.0,0.3517,20.0
153,2023-06-03,0.6732,0.1905,8.7,14.75,12.2625,0.0,0.1905,9.9571e-32,0.042853,-1.8477e-06,11.19,18.621,0.15729,3.6675,-0.00083922,-997310.0,-925.99,-18.272,0.0,0.0,22.224,0.0,0.15729,0.0,-15.0,0.3517,20.0
154,2023-06-04,0.0153,0.41656,5.925,23.65,15.775,0.0,0.41656,9.9571e-32,0.088006,-1.8477e-06,11.19,19.037,0.15729,3.7563,-0.00084107,-997310.0,-937.5,-18.279,0.0,0.0,22.158,0.0,0.15729,0.0,-15.0,0.3517,20.0
155,2023-06-05,0.017,0.37592,10.2,25.875,17.9572916666667,0.0,0.37592,9.9571e-32,0.077155,-1.8179e-06,11.19,19.413,0.15729,3.8341,-0.00084288,-997310.0,-951.44,-18.286,0.0,0.0,22.075,0.0,0.15729,0.0,-15.0,0.3517,20.0
156,2023-06-06,0.0017,0.32258,9.85,21.75,15.0395833333333,0.0,0.32258,9.9571e-32,0.064789,-1.7881e-06,11.19,19.736,0.15729,3.8993,-0.00084467,-997310.0,-963.17,-18.293,0.0,0.0,22.003,0.0,0.15729,0.0,-15.0,0.3517,20.0
157,2023-06-07,0.0034,0.4191,7.425,26.35,17.7479166666667,0.0,0.4191,9.9571e-32,0.081282,-1.7583e-06,11.19,20.155,0.15729,3.9813,-0.00084645,-997310.0,-976.21,-18.3,0.0,0.0,21.93,0.0,0.15729,0.0,-15.0,0.3517,20.0
158,2023-06-08,1.123,0.28448,10.95,23.25,17.1291666666667,0.0,0.28448,9.9571e-32,0.054654,-1.7583e-06,11.19,20.439,0.15729,4.0362,-0.0008482,-997310.0,-987.79,-18.307,0.0,0.0,21.861,0.0,0.15729,0.0,-15.0,0.3517,20.0
159,2023-06-09,0.5614,0.19304,13.25,19.575,15.8625,0.0,0.19304,9.9571e-32,0.036744,-1.7285e-06,11.19,20.632,0.15729,4.0731,-0.00084993,-997310.0,-996.09,-18.313,0.0,0.0,21.816,0.0,0.15729,0.0,-15.0,0.3517,20.0
160,2023-06-10,0.0238,0.24638,11.4,20.7,15.959375,0.0,0.24638,9.9571e-32,0.045205,-1.6987e-06,11.19,20.879,0.15729,4.1186,-0.00085165,-997310.0,-1003.8,-18.32,0.0,0.0,21.774,0.0,0.15729,0.0,-15.0,0.3517,20.0
161,2023-06-11,0.0136,0.41148,8.85,23.425,16.7239583333333,0.0,0.41148,9.9571e-32,0.07172,-1.6689e-06,11.19,21.29,0.15729,4.1909,-0.00085333,-997310.0,-1014.2,-18.327,0.0,0.0,21.715,0.0,0.15729,0.0,-15.0,0.3517,20.0
162,2023-06-12,0.0102,0.41402,9.95,24.225,17.5041666666667,0.0,0.41402,9.9571e-32,0.070193,-1.6689e-06,11.19,21.704,0.15729,4.2616,-0.000855,-997310.0,-1026.4,-18.333,0.0,0.0,21.644,0.0,0.15729,0.0,-15.0,0.3517,20.0
163,2023-06-13,0.0051,0.46482,7.65,26.175,17.7364583333333,0.0,0.46482,9.9571e-32,0.076561,-1.6391e-06,11.19,22.169,0.15729,4.3386,-0.00085664,-997310.0,-1039.7,-18.34,0.0,0.0,21.57,0.0,0.15729,0.0,-15.0,0.3517,20.0
164,2023-06-14,0.0,0.44958,8.75,19.225,16.26875,0.0,0.44958,9.9571e-32,0.071569,-1.6093e-06,11.19,22.619,0.15729,4.4109,-0.00085826,-997310.0,-1052.9,-18.346,0.0,0.0,21.495,0.0,0.15729,0.0,-15.0,0.3517,20.0
165,2023-06-15,0.0,0.26924,5.1,17.1,11.3458333333333,0.0,0.26924,9.9571e-32,0.043026,-1.6093e-06,11.19,22.888,0.15729,4.4541,-0.00085987,-997310.0,-1063.2,-18.352,0.0,0.0,21.438,0.0,0.15729,0.0,-15.0,0.3517,20.0
166,2023-06-16,0.0119,0.4318,3.15,23.3,13.9916666666667,0.0,0.4318,9.9571e-32,0.0651,-1.5795e-06,11.19,23.32,0.15729,4.5198,-0.00086145,-997310.0,-1074.3,-18.358,0.0,0.0,21.383,0.0,0.15729,0.0,-15.0,0.3517,20.0
167,2023-06-17,0.068,0.3937,10.05,22.15,15.9583333333333,0.0,0.3937,9.9571e-32,0.057839,-1.5795e-06,11.19,23.713,0.15729,4.5781,-0.00086303,-997310.0,-1086.6,-18.365,0.0,0.0,21.321,0.0,0.15729,0.0,-15.0,0.3517,20.0
168,2023-06-18,0.2451,0.34036,5.15,18.225,12.6614583333333,0.0,0.34036,9.9571e-32,0.048944,-1.5497e-06,11.19,24.054,0.15729,4.6273,-0.00086458,-997310.0,-1098.2,-18.371,0.0,0.0,21.267,0.0,0.15729,0.0,-15.0,0.3517,20.0
169,2023-06-19,0.0,0.4699,5.55,17.625,11.7541666666667,0.0,0.4699,9.9571e-32,0.065304,-1.5199e-06,11.19,24.524,0.15729,4.6931,-0.00086612,-997310.0,-1110.9,-18.377,0.0,0.0,21.21,0.0,0.15729,0.0,-15.0,0.3517,20.0
170,2023-06-20,0.0,0.4445,4.825,18.9,11.8979166666667,0.0,0.4445,9.9571e-32,0.059821,-1.5199e-06,11.19,24.968,0.15729,4.7535,-0.00086764,-997310.0,-1125.6,-18.382,0.0,0.0,21.147,0.0,0.15729,0.0,-15.0,0.3517,20.0
171,2023-06-21,0.0289,0.34798,0.75,18.575,10.0989583333333,0.0,0.34798,9.9571e-32,0.046161,-1.4901e-06,11.19,25.316,0.15729,4.8,-0.00086913,-997310.0,-1138.7,-18.388,0.0,0.0,21.093,0.0,0.15729,0.0,-15.0,0.3517,20.0
172,2023-06-22,0.0051,0.4064,1.225,21.425,12.753125,0.0,0.4064,9.9571e-32,0.051348,-1.4603e-06,11.19,25.723,0.15729,4.8519,-0.0008706,-997310.0,-1152.2,-18.394,0.0,0.0,21.044,0.0,0.15729,0.0,-15.0,0.3517,20.0
173,2023-06-23,0.4835,0.32004,4.275,23.925,13.8770833333333,0.0,0.32004,9.9571e-32,0.039749,-1.4603e-06,11.19,26.043,0.15729,4.892,-0.00087206,-997310.0,-1165.3,-18.4,0.0,0.0,20.998,0.0,0.15729,0.0,-15.0,0.3517,20.0
174,2023-06-24,0.0204,0.40132,9.65,24.3,16.6302083333333,0.0,0.40132,9.9571e-32,0.04627,-1.4305e-06,11.19,26.444,0.15729,4.9389,-0.00087351,-997310.0,-1179.6,-18.405,0.0,0.0,20.954,0.0,0.15729,0.0,-15.0,0.3517,20.0
175,2023-06-25,0.5101,0.34036,6.85,25.475,15.0083333333333,-2.1611,0.34036,-0.59062,0.11599,0.0,9.0289,26.784,-0.95102,5.0269,-0.00087383,0.0,-929.81,-18.407,1.5705,1.0535,21.975,1.1083,0.15729,0.0,-15.0,0.3517,20.0
176,2023-06-26,0.0102,0.43942,7.55,25.375,16.71875,-1.6612,0.43942,-0.5244,0.14388,0.0,7.3677,27.224,-1.4998,5.1655,-0.00087447,0.0,-829.86,-18.409,1.1368,2.1659,22.385,1.6571,0.15729,0.0,-15.0,0.3517,20.0
177,2023-06-27,0.3195,0.34036,7.675,24.625,16.1354166666667,-1.9705,0.34036,-0.49136,0.10659,0.0,5.3972,27.564,-2.0025,5.2734,-0.00087519,0.0,-731.59,-18.412,1.4791,3.6337,22.779,2.1598,0.15729,0.0,-15.0,0.3517,20.0
178,2023-06-28,0.6885,0.35052,10.85,22.875,16.246875,0.0,0.35052,7.7416e-09,0.20798,-1.4129e-06,5.3972,27.915,-2.0025,5.4821,-0.00087656,-14.705,-756.33,-18.417,0.0,3.6337,22.571,2.1598,0.15729,0.0,-15.0,0.3517,20.0
179,2023-06-29,0.0051,0.4699,9.825,28.45,19.3947916666667,-3.3071,0.4699,-0.48473,0.13498,0.0,2.0901,28.384,-2.5478,5.6435,-0.00087753,0.0,-701.4,-18.421,2.8224,6.396,22.954,2.7051,0.15729,0.0,-15.0,0.3517,20.0
180,2023-06-30,0.0,0.46482,12.425,30.125,22.1291666666667,0.0,0.46482,-3.1432e-08,0.29034,-1.3841e-06,2.0901,28.849,-2.5478,5.9348,-0.00087892,-14.886,-732.56,-18.426,0.0,6.396,22.663,2.7051,0.15729,0.0,-15.0,0.3517,20.0
181,2023-07-01,0.0,0.58928,14.4,31.125,22.9822916666667,-3.302,0.58928,-0.49583,0.1559,-1.8018e-06,-1.2119,29.439,-3.1112,6.161,-0.00087991,0.0,-686.3,-18.43,2.8062,9.1352,23.0,3.2685,0.15729,0.0,-15.0,0.3517,20.0
182,2023-07-02,0.0,0.44958,8.7,27.4,19.7010416666667,0.0,0.44958,-3.2305e-08,0.29609,-1.3143e-06,-1.2119,29.888,-3.1112,6.4582,-0.00088127,-14.959,-718.75,-18.436,0.0,9.1352,22.704,3.2685,0.15729,0.0,-15.0,0.3517,20.0
183,2023-07-03,0.8263,0.37592,8.675,23.075,14.9052083333333,-2.4773,0.37592,-0.47917,0.093455,-2.2948e-06,-3.6892,30.264,-3.6649,6.5971,-0.00088212,0.0,-664.65,-18.439,1.9981,11.059,23.118,3.8222,0.15729,0.0,-15.0,0.3517,20.0
184,2023-07-04,0.0102,0.29972,7.075,18.65,12.45,0.0,0.29972,-1.0652e-08,0.20922,-1.3164e-06,-3.6892,30.564,-3.6649,6.8066,-0.0008834,-14.54,-687.28,-18.444,0.0,11.059,22.908,3.8222,0.15729,0.0,-15.0,0.3517,20.0
185,2023-07-05,0.0,0.3937,4.425,25.325,14.9354166666667,0.0,0.3937,2.5815e-08,0.26766,-1.2852e-06,-3.6892,30.958,-3.6649,7.0762,-0.0008847,-16.237,-716.7,-18.449,0.0,11.059,22.65,3.8222,0.15729,0.0,-15.0,0.3517,20.0
186,2023-07-06,0.0,0.3937,7.475,26.875,17.6114583333333,0.0,0.3937,1.3533e-08,0.26236,-1.2815e-06,-3.6892,31.351,-3.6649,7.3399,-0.00088598,-17.735,-749.43,-18.454,0.0,11.059,22.384,3.8222,0.15729,0.0,-15.0,0.3517,20.0
187,2023-07-07,0.0,0.41148,7.825,25.75,17.7020833333333,0.0,0.41148,-1.3155e-08,0.26907,-1.2815e-06,-3.6892,31.763,-3.6649,7.6103,-0.00088726,-18.624,-784.64,-18.459,0.0,11.059,22.117,3.8222,0.15729,0.0,-15.0,0.3517,20.0
188,2023-07-08,0.0,0.42672,7.15,28.65,18.55625,0.0,0.42672,-2.2555e-09,0.27504,-1.2517e-06,-3.6892,32.189,-3.6649,7.8862,-0.00088851,-18.953,-824.17,-18.464,0.0,11.059,21.844,3.8222,0.15729,0.0,-15.0,0.3517,20.0
189,2023-07-09,0.0,0.46482,9.525,32.1,20.8197916666667,0.0,0.46482,4.5693e-09,0.29658,-1.2517e-06,-3.6892,32.654,-3.6649,8.1834,-0.00088976,-19.348,-874.98,-18.469,0.0,11.059,21.557,3.8222,0.15729,0.0,-15.0,0.3517,20.0
190,2023-07-10,0.0,0.4191,11.95,31.35,21.0125,0.0,0.4191,-2.6048e-09,0.26612,-1.2219e-06,-3.6892,33.073,-3.6649,8.4499,-0.00089099,-19.898,-946.52,-18.474,0.0,11.059,21.276,3.8222,0.15729,0.0,-15.0,0.3517,20.0
191,2023-07-11,0.0,0.3302,10.675,25.05,17.6322916666667,0.0,0.3302,5.9517e-09,0.18773,-1.2219e-06,-3.6892,33.404,-3.6649,8.6466,-0.00089221,-20.582,-1037.1,-18.478,0.0,11.059,21.04,3.8222,0.15729,0.0,-15.0,0.3517,20.0
192,2023-07-12,0.0,0.43434,9.325,29.675,19.7041666666667,0.0,0.43434,6.8103e-09,0.16345,-1.1921e-06,-3.6892,33.838,-3.6649,8.8296,-0.0008934,-21.325,-1147.9,-18.483,0.0,11.059,20.845,3.8222,0.15729,0.0,-15.0,0.3517,20.0
193,2023-07-13,0.0902,0.3937,10.875,28.325,18.1260416666667,-1.3602,0.3937,-0.60157,0.16333,0.0,-5.0494,34.231,-4.5912,8.9922,-0.00089361,0.0,-1016.3,-18.484,0.75863,11.496,21.608,4.7484,0.15729,0.0,-15.0,0.3517,20.0
194,2023-07-14,0.0,0.35306,8.625,26.925,17.66875,-1.27,0.35306,-0.50732,0.12101,-1.9778e-06,-6.3194,34.585,-5.1351,9.1203,-0.00089417,0.0,-952.35,-18.486,0.76268,12.222,22.024,5.2924,0.15729,0.0,-15.0,0.3517,20.0
195,2023-07-15,0.0,0.41402,9.325,30.425,20.0177083333333,-1.27,0.41402,-0.49484,0.11373,-1.2804e-06,-7.5894,34.999,-5.6352,9.2433,-0.00089477,0.0,-882.28,-18.488,0.77516,12.992,22.401,5.7925,0.15729,0.0,-15.0,0.3517,20.0
196,2023-07-16,0.0,0.4318,10.125,31.8,21.578125,-1.27,0.4318,-0.49638,0.097406,-1.4661e-06,-8.8594,35.43,-6.1241,9.3482,-0.00089531,0.0,-799.13,-18.49,0.77362,13.773,22.785,6.2814,0.15729,0.0,-15.0,0.3517,20.0
197,2023-07-17,0.0102,0.46736,11.6,31.9,21.653125,-1.2802,0.46736,-0.47035,0.095586,0.0,-10.14,35.898,-6.6075,9.4485,-0.00089584,0.0,-696.18,-18.492,0.80985,14.57,23.168,6.7648,0.15729,0.0,-15.0,0.3517,20.0
198,2023-07-18,0.0,0.4445,5.8,28.55,18.1614583333333,-2.54,0.4445,-0.50906,0.081979,0.0,-12.68,36.342,-7.0864,9.5359,-0.00089641,0.0,-592.48,-18.495,2.0309,16.631,23.56,7.2437,0.15729,0.0,-15.0,0.3517,20.0
199,2023-07-19,0.0,0.4191,5.7,27.475,18.4979166666667,0.0,0.4191,1.7695e-08,0.32534,-1.1702e-06,-12.68,36.761,-7.0864,9.861,-0.00089756,-14.846,-618.63,-18.499,0.0,16.631,23.235,7.2437,0.15729,0.0,-15.0,0.3517,20.0
200,2023-07-20,0.0,0.43942,6.725,31.125,21.0604166666667,-1.27,0.43942,-0.48961,0.079964,0.0,-13.95,37.201,-7.6293,10.051,-0.00089829,0.0,-598.02,-18.502,0.78039,17.359,23.587,7.7866,0.15729,0.0,-15.0,0.3517,20.0
201,2023-07-21,0.0,0.47244,9.5,35.65,23.0864583333333,0.0,0.47244,2.7358e-09,0.36539,-1.102e-06,-13.95,37.673,-7.6293,10.416,-0.00089939,-14.88,-626.19,-18.506,0.0,17.359,23.223,7.7866,0.15729,0.0,-15.01,0.3517,20.0
202,2023-07-22,0.0,0.46736,11.45,36.55,24.0,0.0,0.46736,-1.3155e-08,0.36102,-1.1126e-06,-13.95,38.141,-7.6293,10.777,-0.00090051,-16.908,-652.02,-18.511,0.0,17.359,22.86,7.7866,0.15729,0.0,-15.01,0.3517,20.0
203,2023-07-23,0.0,0.45974,9.95,36.05,24.60625,0.0,0.45974,1.5018e-08,0.35473,-1.0729e-06,-13.95,38.6,-7.6293,11.132,-0.00090161,-18.276,-682.01,-18.515,0.0,17.359,22.503,7.7866,0.15729,0.0,-15.01,0.3517,20.0
204,2023-07-24,0.0,0.4699,12.925,36.925,24.6635416666667,0.0,0.4699,-1.1278e-08,0.36213,-1.0729e-06,-13.95,39.07,-7.6293,11.494,-0.00090268,-18.843,-720.82,-18.519,0.0,17.359,22.145,7.7866,0.15729,0.0,-15.01,0.3517,20.0
205,2023-07-25,0.0,0.46482,15.375,29.8,23.028125,0.0,0.46482,1.0841e-09,0.35787,-1.0729e-06,-13.95,39.535,-7.6293,11.852,-0.00090376,-19.266,-774.63,-18.523,0.0,17.359,21.785,7.7866,0.15729,0.0,-15.01,0.3517,20.0
206,2023-07-26,0.0,0.44958,10.725,30.1,20.25,0.0,0.44958,1.1365e-08,0.3428,-1.0431e-06,-13.95,39.985,-7.6293,12.196,-0.00090481,-19.821,-852.67,-18.527,0.0,17.359,21.433,7.7866,0.15729,0.0,-15.01,0.3517,20.0
207,2023-07-27,0.0,0.34036,6.375,25.225,17.2885416666667,0.0,0.34036,-7.3924e-09,0.23553,-1.0431e-06,-13.95,40.325,-7.6293,12.441,-0.00090586,-20.538,-956.05,-18.531,0.0,17.359,21.134,7.7866,0.15729,0.0,-15.01,0.3517,20.0
208,2023-07-28,0.0,0.36068,6.85,28.8,18.3135416666667,0.0,0.36068,-2.241e-09,0.19371,-1.0431e-06,-13.95,40.686,-7.6293,12.65,-0.0009069,-21.3,-1071.5,-18.536,0.0,17.359,20.905,7.7866,0.15729,0.0,-15.02,0.3517,20.0
209,2023-07-29,0.0,0.3937,7.725,31.125,20.24375,0.0,0.3937,4.4383e-09,0.14467,-1.0133e-06,-13.95,41.079,-7.6293,12.81,-0.00090791,-21.993,-1189.4,-18.539,0.0,17.359,20.72,7.7866,0.15729,0.0,-15.02,0.3517,20.0
210,2023-07-30,0.0,0.39116,9.075,32.525,21.4,0.0,0.39116,-5.8353e-09,0.095588,-1.0133e-06,-13.95,41.47,-7.6293,12.917,-0.00090893,-22.534,-1282.9,-18.543,0.0,17.359,20.588,7.7866,0.15729,0.0,-15.02,0.3517,20.0
211,2023-07-31,0.0,0.41402,8.5,34.65,22.3989583333333,0.0,0.41402,-8.4547e-09,0.061871,-9.8348e-07,-13.95,41.885,-7.6293,12.988,-0.00090992,-22.917,-1353.0,-18.547,0.0,17.359,20.501,7.7866,0.15729,0.0,-15.02,0.3517,20.0
212,2023-08-01,0.0,0.43942,14.525,35.1,24.5697916666667,0.0,0.43942,7.698e-09,0.038215,-9.8348e-07,-13.95,42.324,-7.6293,13.032,-0.00091091,-23.178,-1403.6,-18.551,0.0,17.359,20.445,7.7866,0.15729,0.0,-15.02,0.3517,20.0
213,2023-08-02,0.0,0.43688,10.225,34.525,23.2104166666667,0.0,0.43688,8.0254e-09,0.022851,-9.5367e-07,-13.95,42.761,-7.6293,13.058,-0.00091188,-23.352,-1435.6,-18.555,0.0,17.359,20.411,7.7866,0.15729,0.0,-15.02,0.3517,20.0
214,2023-08-03,0.0,0.39624,15.1,34.45,25.1635416666667,0.0,0.39624,-4.2073e-09,0.013592,-9.5367e-07,-13.95,43.157,-7.6293,13.074,-0.00091283,-23.467,-1454.6,-18.559,0.0,17.359,20.391,7.7866,0.15729,0.0,-15.03,0.3517,20.0
215,2023-08-04,0.0,0.35814,14.8,32.1,22.8239583333333,0.0,0.35814,-1.0508e-08,0.0089368,-9.5367e-07,-13.95,43.515,-7.6293,13.083,-0.00091378,-23.543,-1465.2,-18.562,0.0,17.359,20.379,7.7866,0.15729,0.0,-15.03,0.3517,20.0
216,2023-08-05,0.0051,0.19558,14.25,22.35,17.4322916666667,0.0,0.19558,2.6012e-09,0.0044486,-9.2387e-07,-13.95,43.711,-7.6293,13.088,-0.00091472,-23.593,-1470.7,-18.566,0.0,17.359,20.372,7.7866,0.15729,0.0,-15.03,0.3517,20.0
217,2023-08-06,0.0153,0.14986,10.4,18.3,15.1177083333333,0.0,0.14986,-1.6553e-09,0.0031098,-9.2387e-07,-13.95,43.861,-7.6293,13.091,-0.00091565,-23.627,-1473.6,-18.57,0.0,17.359,20.368,7.7866,0.15729,0.0,-15.03,0.3517,20.0
218,2023-08-07,0.0017,0.34036,7.9,28.625,17.475,0.0,0.34036,-1.2517e-08,0.0053725,-9.2387e-07,-13.95,44.201,-7.6293,13.097,-0.00091657,-23.649,-1476.8,-18.573,0.0,17.359,20.364,7.7866,0.15729,0.0,-15.04,0.3517,20.0
219,2023-08-08,0.0017,0.3556,8.675,30.1,19.2875,0.0,0.3556,5.713e-09,0.0049824,-8.9407e-07,-13.95,44.557,-7.6293,13.102,-0.00091746,-23.67,-1479.7,-18.577,0.0,17.359,20.358,7.7866,0.15729,0.0,-15.04,0.3517,20.0
220,2023-08-09,0.0034,0.4064,13.025,28.9,20.1895833333333,0.0,0.4064,-5.3928e-09,0.0051458,-8.9407e-07,-13.95,44.963,-7.6293,13.107,-0.00091836,-23.69,-1482.5,-18.58,0.0,17.359,20.353,7.7866,0.15729,0.0,-15.04,0.3517,20.0
221,2023-08-10,0.0,0.46228,12.7,27.5,19.2614583333333,0.0,0.46228,1.3374e-08,0.0054197,-8.6427e-07,-13.95,45.425,-7.6293,13.113,-0.00091924,-23.71,-1485.0,-18.584,0.0,17.359,20.348,7.7866,0.15729,0.0,-15.04,0.3517,20.0
222,2023-08-11,0.0,0.39878,9.2,29.525,19.2677083333333,0.0,0.39878,2.3833e-09,0.0046,-8.6427e-07,-13.95,45.824,-7.6293,13.117,-0.0009201,-23.73,-1487.3,-18.587,0.0,17.359,20.343,7.7866,0.15729,0.0,-15.05,0.3517,20.0
223,2023-08-12,0.0017,0.26924,9.75,31.875,18.0302083333333,0.0,0.26924,-8.5015e-09,0.0031809,-8.6427e-07,-13.95,46.093,-7.6293,13.12,-0.00092097,-23.749,-1489.0,-18.59,0.0,17.359,20.339,7.7866,0.15729,0.0,-15.05,0.3517,20.0
224,2023-08-13,0.0,0.3556,8.125,28.05,18.1322916666667,0.0,0.3556,1.0215e-08,0.0039452,-8.3447e-07,-13.95,46.449,-7.6293,13.124,-0.00092182,-23.769,-1490.7,-18.594,0.0,17.359,20.335,7.7866,0.15729,0.0,-15.05,0.3517,20.0
225,2023-08-14,0.0,0.41148,8.45,33.725,21.628125,0.0,0.41148,-1.0541e-09,0.0043587,-8.3447e-07,-13.95,46.86,-7.6293,13.129,-0.00092265,-23.789,-1492.4,-18.597,0.0,17.359,20.331,7.7866,0.15729,0.0,-15.05,0.3517,20.0
226,2023-08-15,0.0,0.43688,15.275,38.175,26.3229166666667,0.0,0.43688,-1.2333e-08,0.00447,-8.3447e-07,-13.95,47.297,-7.6293,13.133,-0.00092348,-23.809,-1494.3,-18.6,0.0,17.359,20.327,7.7866,0.15729,0.0,-15.06,0.3517,20.0
227,2023-08-16,0.0,0.32258,15.85,29.2,22.63125,0.0,0.32258,6.2041e-09,0.0033365,-8.0466e-07,-13.95,47.62,-7.6293,13.137,-0.0009243,-23.828,-1495.9,-18.603,0.0,17.359,20.323,7.7866,0.15729,0.0,-15.06,0.3517,20.0
228,2023-08-17,0.0,0.44958,11.65,36.825,24.23125,0.0,0.44958,-5.2078e-09,0.004351,-8.0466e-07,-13.95,48.069,-7.6293,13.141,-0.00092511,-23.848,-1497.8,-18.607,0.0,17.359,20.319,7.7866,0.15729,0.0,-15.06,0.3517,20.0
229,2023-08-18,0.0,0.55372,13.125,31.375,25.1322916666667,0.0,0.55372,1.3071e-08,0.0051385,-8.0466e-07,-13.95,48.623,-7.6293,13.146,-0.00092591,-23.867,-1499.9,-18.61,0.0,17.359,20.314,7.7866,0.15729,0.0,-15.07,0.3517,20.0
230,2023-08-19,0.0,0.29972,6.5,20.4,14.4458333333333,0.0,0.29972,1.7176e-09,0.0028455,-7.7486e-07,-13.95,48.923,-7.6293,13.149,-0.0009267,-23.887,-1501.6,-18.613,0.0,17.359,20.31,7.7866,0.15729,0.0,-15.07,0.3517,20.0
231,2023-08-20,0.0,0.25146,11.95,22.0,17.2677083333333,0.0,0.25146,-9.647e-09,0.0023724,-7.7486e-07,-13.95,49.174,-7.6293,13.151,-0.00092748,-23.906,-1502.9,-18.616,0.0,17.359,20.307,7.7866,0.15729,0.0,-15.07,0.3517,20.0
232,2023-08-21,0.0936,0.11938,14.325,17.525,16.1645833333333,0.0,0.11938,8.8489e-09,0.0011591,-7.7486e-07,-13.95,49.294,-7.6293,13.153,-0.00092825,-23.926,-1503.7,-18.619,0.0,17.359,20.306,7.7866,0.15729,0.0,-15.08,0.3517,20.0
233,2023-08-22,0.277,0.36068,14.6,29.775,20.0697916666667,0.0,0.36068,-2.9404e-09,0.00322,-7.4506e-07,-13.95,49.654,-7.6293,13.156,-0.00092901,-23.945,-1504.7,-18.622,0.0,17.359,20.304,7.7866,0.15729,0.0,-15.08,0.3517,20.0
234,2023-08-23,0.034,0.40386,14.275,25.6,19.2552083333333,0.0,0.40386,-1.4866e-08,0.0035093,-7.4506e-07,-13.95,50.058,-7.6293,13.159,-0.00092976,-23.964,-1506.1,-18.625,0.0,17.359,20.3,7.7866,0.15729,0.0,-15.08,0.3517,20.0
235,2023-08-24,0.0,0.36322,8.625,27.575,17.959375,0.0,0.36322,3.0814e-09,0.003125,-7.4506e-07,-13.95,50.421,-7.6293,13.162,-0.0009305,-23.983,-1507.5,-18.628,0.0,17.359,20.297,7.7866,0.15729,0.0,-15.09,0.3517,20.0
236,2023-08-25,0.0,0.28194,6.05,24.85,15.20625,0.0,0.28194,-8.6752e-09,0.0024265,-7.4506e-07,-13.95,50.703,-7.6293,13.165,-0.00093125,-24.002,-1508.6,-18.63,0.0,17.359,20.294,7.7866,0.15729,0.0,-15.09,0.3517,20.0
237,2023-08-26,0.0,0.3683,11.175,31.35,20.5875,0.0,0.3683,9.2091e-09,0.0030797,-7.1526e-07,-13.95,51.072,-7.6293,13.168,-0.00093196,-24.021,-1509.7,-18.633,0.0,17.359,20.291,7.7866,0.15729,0.0,-15.09,0.3517,20.0
238,2023-08-27,0.0,0.32004,9.425,30.85,19.9802083333333,0.0,0.32004,-2.764e-09,0.0026614,-7.1526e-07,-13.95,51.392,-7.6293,13.171,-0.00093268,-24.04,-1510.8,-18.636,0.0,17.359,20.288,7.7866,0.15729,0.0,-15.1,0.3517,20.0
239,2023-08-28,0.0,0.29972,9.975,29.175,19.6802083333333,0.0,0.29972,-1.4691e-08,0.0024714,-7.1526e-07,-13.95,51.691,-7.6293,13.173,-0.00093339,-24.059,-1511.8,-18.639,0.0,17.359,20.286,7.7866,0.15729,0.0,-15.1,0.3517,20.0
240,2023-08-29,0.0119,0.37846,8.175,32.85,19.8739583333333,0.0,0.37846,2.9208e-09,0.0030262,-6.8545e-07,-13.95,52.07,-7.6293,13.176,-0.00093409,-24.078,-1513.0,-18.642,0.0,17.359,20.283,7.7866,0.15729,0.0,-15.1,0.3517,20.0
241,2023-08-30,0.0017,0.46482,14.65,21.325,17.2072916666667,0.0,0.46482,-9.2759e-09,0.0034158,-6.8545e-07,-13.95,52.535,-7.6293,13.18,-0.00093478,-24.096,-1514.3,-18.644,0.0,17.359,20.28,7.7866,0.15729,0.0,-15.11,0.3517,20.0
242,2023-08-31,0.0051,0.37592,10.225,25.125,17.7479166666667,0.0,0.37592,8.3483e-09,0.0028601,-6.8545e-07,-13.95,52.911,-7.6293,13.183,-0.00093547,-24.115,-1515.6,-18.647,0.0,17.359,20.277,7.7866,0.15729,0.0,-15.11,0.3517,20.0
243,2023-09-01,0.0,0.28194,5.775,27.55,16.5385416666667,0.0,0.28194,-4.191e-09,9.1506,-6.8545e-07,-13.95,53.193,-7.6293,17.758,-0.00093615,-24.134,-299.7,-18.65,0.0,17.359,20.275,7.7866,0.15729,0.0,-15.11,0.3517,20.0
244,2023-09-02,0.0,0.42926,11.8,32.7,21.6041666666667,0.0,0.42926,1.0409e-08,2.2876,-6.5565e-07,-13.95,53.622,-7.6293,21.189,-0.00093681,-24.152,-473.1,-18.652,0.0,17.359,13.412,7.7866,0.15729,0.0,-560.67,0.1986,20.0
245,2023-09-03,0.0,0.37084,16.15,29.1,21.7604166666667,0.0,0.37084,-1.0964e-09,0.57189,-6.5565e-07,-13.95,53.993,-7.6293,22.047,-0.00093746,-24.171,-665.44,-18.655,0.0,17.359,11.697,7.7866,0.15729,0.0,-1180.15,0.1603,20.0
246,2023-09-04,0.3673,0.17272,10.95,18.825,14.1947916666667,0.0,0.17272,-1.2629e-08,0.14293,-6.5565e-07,-13.95,54.165,-7.6293,22.261,-0.00093812,-24.189,-757.32,-18.657,0.0,17.359,11.268,7.7866,0.15729,0.0,-1478.2,0.1508,20.0
247,2023-09-05,0.0,0.27432,6.35,23.8,14.7916666666667,0.0,0.27432,5.4806e-09,0.035741,-6.2585e-07,-13.95,54.44,-7.6293,22.315,-0.00093876,-24.208,-785.39,-18.66,0.0,17.359,11.161,7.7866,0.15729,0.0,-1569.27,0.1484,20.0
248,2023-09-06,0.1821,0.3429,7.675,26.8,17.1239583333333,0.0,0.3429,-6.7503e-09,0.0088086,-6.2585e-07,-13.95,54.783,-7.6293,22.328,-0.00093938,-24.226,-793.99,-18.662,0.0,17.359,11.134,7.7866,0.15729,0.0,-1597.25,0.1478,20.0
249,2023-09-07,0.0034,0.26924,7.6,25.825,16.9135416666667,0.0,0.26924,8.657e-09,0.0,-6.2585e-07,-13.95,55.052,-7.6293,22.328,-0.00094001,-24.244,-795.44,-18.665,0.0,17.359,11.129,7.7866,0.15729,0.0,-1602.04,0.1477,20.0
250,2023-09-08,0.7957,0.254,8.275,23.925,14.6697916666667,0.0,0.254,-3.3442e-09,0.0,-6.2585e-07,-13.95,55.306,-7.6293,22.328,-0.00094064,-24.263,-795.52,-18.667,0.0,17.359,11.129,7.7866,0.15729,0.0,-1602.3,0.1477,20.0
251,2023-09-09,0.0068,0.21336,5.15,21.875,13.6958333333333,0.0,0.21336,1.4536e-08,0.0,-5.9605e-07,-13.95,55.519,-7.6293,22.328,-0.00094125,-24.281,-795.53,-18.669,0.0,17.359,11.129,7.7866,0.15729,0.0,-1602.32,0.1477,20.0
252,2023-09-10,0.0,0.23622,3.875,23.075,13.9447916666667,0.0,0.23622,3.3106e-10,0.0,-5.9605e-07,-13.95,55.755,-7.6293,22.328,-0.00094184,-24.299,-795.53,-18.672,0.0,17.359,11.129,7.7866,0.15729,0.0,-1602.32,0.1477,20.0
253,2023-09-11,0.0,0.25146,4.475,27.375,15.6145833333333,0.0,0.25146,-1.156e-08,0.0,-5.9605e-07,-13.95,56.007,-7.6293,22.328,-0.00094244,-24.317,-795.53,-18.674,0.0,17.359,11.129,7.7866,0.15729,0.0,-1602.32,0.1477,20.0
254,2023-09-12,0.0,0.2921,9.05,28.675,18.4947916666667,0.0,0.2921,6.1482e-09,1.4869e-05,-5.9605e-07,-13.95,56.299,-7.6293,22.328,-0.00094303,-24.335,-795.53,-18.676,0.0,17.359,11.129,7.7866,0.15729,0.0,-1602.32,0.1477,20.0
255,2023-09-13,0.0,0.24638,9.5,23.875,17.503125,0.0,0.24638,-6.9599e-09,0.0,-5.6624e-07,-13.95,56.545,-7.6293,22.328,-0.00094362,-24.353,-795.53,-18.679,0.0,17.359,11.129,7.7866,0.15729,0.0,-1602.32,0.1477,20.0
256,2023-09-14,0.0,0.21844,6.8,24.85,15.1583333333333,0.0,0.21844,9.3478e-09,0.0,-5.6624e-07,-13.95,56.764,-7.6293,22.328,-0.00094418,-24.371,-795.53,-18.681,0.0,17.359,11.129,7.7866,0.15729,0.0,-1602.32,0.1477,20.0
257,2023-09-15,0.0,0.2921,3.9,27.15,15.390625,0.0,0.2921,-2.8526e-09,2.1623e-05,-5.6624e-07,-13.95,57.056,-7.6293,22.328,-0.00094475,-24.388,-795.53,-18.683,0.0,17.359,11.129,7.7866,0.15729,0.0,-1602.32,0.1477,20.0
258,2023-09-16,0.0,0.32258,8.5,30.25,18.5375,0.0,0.32258,1.3149e-08,0.0,-5.6624e-07,-13.95,57.379,-7.6293,22.328,-0.00094531,-24.406,-795.53,-18.685,0.0,17.359,11.129,7.7866,0.15729,0.0,-1602.32,0.1477,20.0
259,2023-09-17,0.0,0.46228,10.55,29.5,20.7541666666667,0.0,0.46228,6.9213e-10,1.9549e-05,-5.6624e-07,-13.95,57.841,-7.6293,22.328,-0.00094588,-24.424,-795.53,-18.687,0.0,17.359,11.129,7.7866,0.15729,0.0,-1602.32,0.1477,20.0
260,2023-09-18,0.0,0.37592,13.05,26.9,19.0833333333333,0.0,0.37592,-1.3094e-08,0.0,-5.3644e-07,-13.95,58.217,-7.6293,22.328,-0.00094642,-24.441,-795.53,-18.69,0.0,17.359,11.129,7.7866,0.15729,0.0,-1602.32,0.1477,20.0
261,2023-09-19,0.0,0.20066,3.0,18.75,12.0010416666667,0.0,0.20066,4.0918e-09,1.5419e-05,-5.3644e-07,-13.95,58.417,-7.6293,22.328,-0.00094695,-24.459,-795.53,-18.692,0.0,17.359,11.129,7.7866,0.15729,0.0,-1602.32,0.1477,20.0
262,2023-09-20,0.0,0.18288,2.7,17.475,10.528125,0.0,0.18288,-9.5024e-09,0.0,-5.3644e-07,-13.95,58.6,-7.6293,22.328,-0.00094749,-24.477,-795.53,-18.694,0.0,17.359,11.129,7.7866,0.15729,0.0,-1602.32,0.1477,20.0
263,2023-09-21,1.5719,0.04826,5.05,8.775,6.94375,0.0,0.04826,7.3387e-09,6.1015e-06,-5.3644e-07,-13.95,58.649,-7.6293,22.328,-0.00094803,-24.494,-795.53,-18.696,0.0,17.359,11.129,7.7866,0.15729,0.0,-1602.32,0.1477,20.0
264,2023-09-22,2.6917,0.04572,8.4,12.425,10.015625,0.0,0.04572,-6.0686e-09,5.884e-06,-5.0664e-07,-13.95,58.694,-7.6293,22.328,-0.00094855,-24.511,-795.53,-18.698,0.0,17.359,11.129,7.7866,0.15729,0.0,-1602.32,0.1477,20.0
265,2023-09-23,1.0551,0.23622,8.3,20.55,13.1375,0.0,0.23622,9.1695e-09,0.0,-5.0664e-07,-13.95,58.93,-7.6293,22.328,-0.00094905,-24.529,-795.53,-18.7,0.0,17.359,11.129,7.7866,0.15729,0.0,-1602.32,0.1477,20.0
266,2023-09-24,0.0,0.2286,3.65,21.35,12.571875,0.0,0.2286,-3.5616e-09,0.0,-5.0664e-07,-13.95,59.159,-7.6293,22.328,-0.00094956,-24.546,-795.53,-18.702,0.0,17.359,11.129,7.7866,0.15729,0.0,-1602.32,0.1477,20.0
267,2023-09-25,0.0,0.22606,6.575,24.675,15.2,0.0,0.22606,1.1031e-08,0.0,-5.0664e-07,-13.95,59.385,-7.6293,22.328,-0.00095007,-24.563,-795.53,-18.704,0.0,17.359,11.129,7.7866,0.15729,0.0,-1602.32,0.1477,20.0
268,2023-09-26,0.0,0.28956,11.85,26.8,18.5614583333333,0.0,0.28956,-1.759e-09,0.0,-5.0664e-07,-13.95,59.675,-7.6293,22.328,-0.00095057,-24.58,-795.53,-18.706,0.0,17.359,11.129,7.7866,0.15729,0.0,-1602.32,0.1477,20.0
269,2023-09-27,0.0,0.22098,5.15,20.725,11.69375,0.0,0.22098,-1.4673e-08,0.0,-4.7684e-07,-13.95,59.896,-7.6293,22.328,-0.00095107,-24.597,-795.53,-18.708,0.0,17.359,11.129,7.7866,0.15729,0.0,-1602.32,0.1477,20.0
270,2023-09-28,0.0,0.28702,5.575,17.625,10.6572916666667,0.0,0.28702,-1.0914e-11,0.0,-4.7684e-07,-13.95,60.183,-7.6293,22.328,-0.00095154,-24.615,-795.53,-18.71,0.0,17.359,11.129,7.7866,0.15729,0.0,-1602.32,0.1477,20.0
271,2023-09-29,0.0,0.23114,2.725,17.25,10.365625,0.0,0.23114,-1.2982e-08,0.0,-4.7684e-07,-13.95,60.414,-7.6293,22.328,-0.00095202,-24.632,-795.53,-18.711,0.0,17.359,11.129,7.7866,0.15729,0.0,-1602.32,0.1477,20.0
272,2023-09-30,0.4336,0.06604,5.2,7.9,6.55416666666667,0.0,0.06604,3.6734e-09,1.071e-06,-4.7684e-07,-13.95,60.48,-7.6293,22.328,-0.0009525,-24.648,-795.53,-18.713,0.0,17.359,11.129,7.7866,0.15729,0.0,-1602.32,0.1477,20.0
273,2023-10-01,1.8254,0.02286,4.6,6.725,5.85833333333333,0.02286,0.0,0.02286,0.0,-4.7684e-07,-13.927,60.48,-7.6065,22.328,-0.00095297,-104.94,-795.53,-18.715,0.0,17.359,11.106,7.7866,0.18015,0.0,-1602.32,0.1477,20.0
274,2023-10-02,0.5516,0.21844,5.475,17.625,10.428125,0.21844,0.0,0.023776,0.0,-4.4703e-07,-13.708,60.48,-7.4853,22.328,-0.00095344,-1000000.0,-795.53,-18.717,0.0,17.359,10.985,7.7866,0.30126,0.0,-1602.32,0.1477,20.0
275,2023-10-03,0.034,0.13462,6.075,16.75,9.98958333333333,0.13462,0.0,9.984e-32,0.0,-4.4703e-07,-13.574,60.48,-7.4852,22.328,-0.00095388,-1000000.0,-795.53,-18.719,0.0,17.359,10.985,7.7866,0.30139,0.0,-1602.32,0.1477,20.0
276,2023-10-04,0.0714,0.1905,3.925,19.875,10.321875,0.1905,0.0,9.984e-32,0.0,-4.4703e-07,-13.383,60.48,-7.4852,22.328,-0.00095433,-1000000.0,-795.53,-18.72,0.0,17.359,10.985,7.7866,0.30139,0.0,-1602.32,0.1477,20.0
277,2023-10-05,0.0238,0.11938,-0.075,16.0,7.48645833333333,0.11938,0.0,9.984e-32,0.0,-4.4703e-07,-13.264,60.48,-7.4852,22.328,-0.00095478,-1000000.0,-795.53,-18.722,0.0,17.359,10.985,7.7866,0.30139,0.0,-1602.32,0.1477,20.0
278,2023-10-06,0.0,0.19558,-0.65,19.325,8.75729166666667,0.19558,0.0,9.984e-32,0.0,-4.4703e-07,-13.068,60.48,-7.4852,22.328,-0.00095522,-1000000.0,-795.53,-18.724,0.0,17.359,10.985,7.7866,0.30139,0.0,-1602.32,0.1477,20.0
279,2023-10-07,0.0,0.18796,5.85,23.825,12.925,0.18796,0.0,9.984e-32,0.0,-4.4703e-07,-12.88,60.48,-7.4852,22.328,-0.00095567,-1000000.0,-795.53,-18.726,0.0,17.359,10.985,7.7866,0.30139,0.0,-1602.32,0.1477,20.0
280,2023-10-08,0.0,0.23368,1.95,25.2,13.0333333333333,0.23368,0.0,9.984e-32,0.0,-4.1723e-07,-12.647,60.48,-7.4852,22.328,-0.00095609,-1000000.0,-795.53,-18.727,0.0,17.359,10.985,7.7866,0.30139,0.0,-1602.32,0.1477,20.0
281,2023-10-09,0.0,0.2413,4.225,26.0,14.55,0.2413,0.0,9.984e-32,0.0,-4.1723e-07,-12.405,60.48,-7.4852,22.328,-0.00095651,-1000000.0,-795.53,-18.729,0.0,17.359,10.985,7.7866,0.30139,0.0,-1602.32,0.1477,20.0
282,2023-10-10,0.0766,0.21082,10.075,21.725,14.00625,0.21082,0.0,9.984e-32,0.0,-4.1723e-07,-12.195,60.48,-7.4852,22.328,-0.00095692,-1000000.0,-795.53,-18.731,0.0,17.359,10.985,7.7866,0.30139,0.0,-1602.32,0.1477,20.0
283,2023-10-11,0.9952,0.15494,5.925,17.625,10.40625,0.15494,0.0,9.984e-32,0.0,-4.1723e-07,-12.04,60.48,-7.4852,22.328,-0.00095734,-1000000.0,-795.53,-18.732,0.0,17.359,10.985,7.7866,0.30139,0.0,-1602.32,0.1477,20.0
284,2023-10-12,0.1887,0.02032,3.725,8.575,6.5375,0.02032,0.0,9.984e-32,0.0,-4.1723e-07,-12.019,60.48,-7.4852,22.328,-0.00095776,-1000000.0,-795.53,-18.734,0.0,17.359,10.985,7.7866,0.30139,0.0,-1602.32,0.1477,20.0
285,2023-10-13,0.0306,0.07366,3.775,10.5,7.06875,0.07366,0.0,9.984e-32,0.0,-4.1723e-07,-11.946,60.48,-7.4852,22.328,-0.00095817,-1000000.0,-795.53,-18.735,0.0,17.359,10.985,7.7866,0.30139,0.0,-1602.32,0.1477,20.0
286,2023-10-14,0.0085,0.13716,0.0,15.8,6.95833333333333,0.13716,0.0,9.984e-32,0.0,-3.8743e-07,-11.808,60.48,-7.4852,22.328,-0.00095856,-1000000.0,-795.53,-18.737,0.0,17.359,10.985,7.7866,0.30139,0.0,-1602.32,0.1477,20.0
287,2023-10-15,0.0,0.1778,3.375,19.0,10.3677083333333,0.1778,0.0,9.984e-32,0.0,-3.8743e-07,-11.631,60.48,-7.4852,22.328,-0.00095895,-1000000.0,-795.53,-18.738,0.0,17.359,10.985,7.7866,0.30139,0.0,-1602.32,0.1477,20.0
288,2023-10-16,0.0,0.18288,4.3,20.05,12.4822916666667,0.18288,0.0,9.984e-32,0.0,-3.8743e-07,-11.448,60.48,-7.4852,22.328,-0.00095934,-1000000.0,-795.53,-18.74,0.0,17.359,10.985,7.7866,0.30139,0.0,-1602.32,0.1477,20.0
289,2023-10-17,0.0,0.24892,6.6,16.175,12.215625,0.24892,0.0,9.984e-32,0.0,-3.8743e-07,-11.199,60.48,-7.4852,22.328,-0.00095972,-1000000.0,-795.53,-18.741,0.0,17.359,10.985,7.7866,0.30139,0.0,-1602.32,0.1477,20.0
290,2023-10-18,0.0,0.36322,6.2,19.9,12.8614583333333,0.36322,0.0,9.984e-32,0.0,-3.8743e-07,-10.836,60.48,-7.4852,22.328,-0.00096011,-1000000.0,-795.53,-18.743,0.0,17.359,10.985,7.7866,0.30139,0.0,-1602.32,0.1477,20.0
291,2023-10-19,0.0,0.42164,11.4,27.0,18.1760416666667,0.42164,0.0,9.984e-32,0.0,-3.8743e-07,-10.414,60.48,-7.4852,22.328,-0.0009605,-1000000.0,-795.53,-18.744,0.0,17.359,10.985,7.7866,0.30139,0.0,-1602.32,0.1477,20.0
292,2023-10-20,0.0,0.26924,3.375,25.65,15.0583333333333,0.26924,0.0,9.984e-32,0.0,-3.8743e-07,-10.145,60.48,-7.4852,22.328,-0.00096089,-1000000.0,-795.53,-18.746,0.0,17.359,10.985,7.7866,0.30139,0.0,-1602.32,0.1477,20.0
293,2023-10-21,0.0,0.10922,-1.9,17.025,6.440625,0.10922,0.0,9.984e-32,0.0,-3.8743e-07,-10.036,60.48,-7.4852,22.328,-0.00096127,-1000000.0,-795.53,-18.747,0.0,17.359,10.985,7.7866,0.30139,0.0,-1602.32,0.1477,20.0
294,2023-10-22,0.0765,0.06858,2.6,9.125,5.3875,0.06858,0.0,9.984e-32,0.0,-3.8743e-07,-9.9669,60.48,-7.4852,22.328,-0.00096166,-1000000.0,-795.53,-18.748,0.0,17.359,10.985,7.7866,0.30139,0.0,-1602.32,0.1477,20.0
295,2023-10-23,0.4765,0.03302,0.825,5.0,3.42708333333333,0.03302,0.0,9.984e-32,0.0,-3.8743e-07,-9.9339,60.48,-7.4852,22.328,-0.00096205,-1000000.0,-795.53,-18.75,0.0,17.359,10.985,7.7866,0.30139,0.0,-1602.32,0.1477,20.0
296,2023-10-24,0.0,0.02286,-8.1,0.8,-4.26875,0.02286,0.0,9.984e-32,0.0,-3.8743e-07,-9.911,60.48,-7.4852,22.328,-0.00096244,-1000000.0,-795.53,-18.751,0.0,17.359,10.985,7.7866,0.30139,0.0,-1602.32,0.1477,20.0
297,2023-10-25,0.0017,0.02794,-10.85,-4.875,-8.91458333333333,0.02794,0.0,9.984e-32,0.0,-3.8743e-07,-9.8831,60.48,-7.4852,22.328,-0.00096282,-1000000.0,-795.53,-18.753,0.0,17.359,10.985,7.7866,0.30139,0.0,-1602.32,0.1477,20.0
298,2023-10-26,0.0,0.0254,-12.175,-4.675,-9.690625,0.0254,0.0,9.984e-32,0.0,-3.8743e-07,-9.8577,60.48,-7.4852,22.328,-0.00096321,-1000000.0,-795.53,-18.754,0.0,17.359,10.985,7.7866,0.30139,0.0,-1602.32,0.1477,20.0
299,2023-10-27,0.0,0.02286,-18.325,-3.4,-11.734375,0.02286,0.0,9.984e-32,0.0,-3.8743e-07,-9.8348,60.48,-7.4852,22.328,-0.0009636,-1000000.0,-795.53,-18.755,0.0,17.359,10.985,7.7866,0.30139,0.0,-1602.32,0.1477,20.0
300,2023-10-28,0.0,0.04064,-15.475,-2.525,-8.61458333333333,0.04064,0.0,9.984e-32,0.0,-3.8743e-07,-9.7942,60.48,-7.4852,22.328,-0.00096399,-1000000.0,-795.53,-18.757,0.0,17.359,10.985,7.7866,0.30139,0.0,-1602.32,0.1477,20.0
301,2023-10-29,0.0034,0.06604,-8.975,0.4,-4.11875,0.06604,0.0,9.984e-32,0.0,-3.8743e-07,-9.7282,60.48,-7.4852,22.328,-0.00096437,-1000000.0,-795.53,-18.758,0.0,17.359,10.985,7.7866,0.30139,0.0,-1602.32,0.1477,20.0
302,2023-10-30,0.0952,0.1016,-5.525,4.0,-0.882291666666667,0.1016,0.0,9.984e-32,0.0,-3.8743e-07,-9.6266,60.48,-7.4852,22.328,-0.00096476,-1000000.0,-795.53,-18.76,0.0,17.359,10.985,7.7866,0.30139,0.0,-1602.32,0.1477,20.0
303,2023-10-31,0.0,0.13462,-1.1,7.375,2.45104166666667,0.13462,0.0,9.984e-32,0.0,-3.8743e-07,-9.4919,60.48,-7.4852,22.328,-0.00096515,-1000000.0,-795.53,-18.761,0.0,17.359,10.985,7.7866,0.30139,0.0,-1602.32,0.1477,20.0
304,2023-11-01,0.0,0.15748,-0.625,12.375,4.26770833333333,0.15748,0.0,9.984e-32,0.0,-3.8743e-07,-9.3345,60.48,-7.4852,22.328,-0.00096554,-1000000.0,-795.53,-18.762,0.0,17.359,10.985,7.7866,0.30139,0.0,-1602.32,0.1477,20.0
305,2023-11-02,0.0068,0.11176,4.0,10.375,6.99583333333333,0.11176,0.0,9.984e-32,0.0,-3.8743e-07,-9.2227,60.48,-7.4852,22.328,-0.00096592,-1000000.0,-795.53,-18.764,0.0,17.359,10.985,7.7866,0.30139,0.0,-1602.32,0.1477,20.0
306,2023-11-03,0.0017,0.14478,1.325,12.975,6.86979166666667,0.14478,0.0,9.984e-32,0.0,-3.8743e-07,-9.0779,60.48,-7.4852,22.328,-0.00096631,-1000000.0,-795.53,-18.765,0.0,17.359,10.985,7.7866,0.30139,0.0,-1602.32,0.1477,20.0
307,2023-11-04,0.0136,0.1905,1.0,12.2,7.7375,0.1905,0.0,9.984e-32,0.0,-3.8743e-07,-8.8874,60.48,-7.4852,22.328,-0.0009667,-1000000.0,-795.53,-18.767,0.0,17.359,10.985,7.7866,0.30139,0.0,-1602.32,0.1477,20.0
308,2023-11-05,0.0,0.23876,5.5,14.4,9.73368,0.23876,0.0,9.984e-32,0.0,-3.8743e-07,-8.6487,60.48,-7.4852,22.328,-0.00096709,-1000000.0,-795.53,-18.768,0.0,17.359,10.985,7.7866,0.30139,0.0,-1602.32,0.1477,20.0
309,2023-11-06,0.0357,0.1143,0.475,10.45,6.26875,0.1143,0.0,9.984e-32,0.0,-3.8743e-07,-8.5344,60.48,-7.4852,22.328,-0.00096747,-1000000.0,-795.53,-18.77,0.0,17.359,10.985,7.7866,0.30139,0.0,-1602.32,0.1477,20.0
310,2023-11-07,0.0,0.2032,2.85,9.9,5.97395833333333,0.2032,0.0,9.984e-32,0.0,-3.8743e-07,-8.3312,60.48,-7.4852,22.328,-0.00096786,-1000000.0,-795.53,-18.771,0.0,17.359,10.985,7.7866,0.30139,0.0,-1602.32,0.1477,20.0
311,2023-11-08,0.0,0.12954,-3.3,9.425,2.68229166666667,0.12954,0.0,9.984e-32,0.0,-3.8743e-07,-8.2016,60.48,-7.4852,22.328,-0.00096825,-1000000.0,-795.53,-18.772,0.0,17.359,10.985,7.7866,0.30139,0.0,-1602.32,0.1477,20.0
312,2023-11-09,0.0,0.12446,-4.575,10.3,1.196875,0.12446,0.0,9.984e-32,0.0,-3.8743e-07,-8.0772,60.48,-7.4852,22.328,-0.00096864,-1000000.0,-795.53,-18.774,0.0,17.359,10.985,7.7866,0.30139,0.0,-1602.32,0.1477,20.0
313,2023-11-10,0.0,0.15494,-4.9,9.25,2.09583333333333,0.15494,0.0,9.984e-32,0.0,-3.8743e-07,-7.9222,60.48,-7.4852,22.328,-0.00096902,-1000000.0,-795.53,-18.775,0.0,17.359,10.985,7.7866,0.30139,0.0,-1602.32,0.1477,20.0
314,2023-11-11,0.0,0.28956,0.45,13.25,6.24270833333333,0.28956,0.0,9.984e-32,0.0,-3.8743e-07,-7.6327,60.48,-7.4852,22.328,-0.00096941,-1000000.0,-795.53,-18.777,0.0,17.359,10.985,7.7866,0.30139,0.0,-1602.32,0.1477,20.0
315,2023-11-12,0.0,0.13462,-0.625,11.25,4.853125,0.13462,0.0,9.984e-32,0.0,-3.8743e-07,-7.498,60.48,-7.4852,22.328,-0.0009698,-1000000.0,-795.53,-18.778,0.0,17.359,10.985,7.7866,0.30139,0.0,-1602.32,0.1477,20.0
316,2023-11-13,0.0,0.24892,-0.375,16.475,8.39895833333333,0.24892,0.0,9.984e-32,0.0,-3.8743e-07,-7.2491,60.48,-7.4852,22.328,-0.00097018,-1000000.0,-795.53,-18.78,0.0,17.359,10.985,7.7866,0.30139,0.0,-1602.32,0.1477,20.0
317,2023-11-14,0.0,0.18542,-2.55,12.375,4.825,0.18542,0.0,9.984e-32,0.0,-3.8743e-07,-7.0637,60.48,-7.4852,22.328,-0.00097057,-1000000.0,-795.53,-18.781,0.0,17.359,10.985,7.7866,0.30139,0.0,-1602.32,0.1477,20.0
318,2023-11-15,0.0,0.18796,0.05,14.775,7.56041666666667,0.18796,0.0,9.984e-32,0.0,-3.8743e-07,-6.8757,60.48,-7.4852,22.328,-0.00097096,-1000000.0,-795.53,-18.782,0.0,17.359,10.985,7.7866,0.30139,0.0,-1602.32,0.1477,20.0
319,2023-11-16,0.3726,0.09906,-2.825,6.8,1.0,0.09906,0.0,9.984e-32,0.0,-3.8743e-07,-6.7767,60.48,-7.4852,22.328,-0.00097135,-1000000.0,-795.53,-18.784,0.0,17.359,10.985,7.7866,0.30139,0.0,-1602.32,0.1477,20.0
320,2023-11-17,0.0,0.27432,3.15,13.75,7.25208333333333,0.27432,0.0,9.984e-32,0.0,-3.8743e-07,-6.5024,60.48,-7.4852,22.328,-0.00097173,-1000000.0,-795.53,-18.785,0.0,17.359,10.985,7.7866,0.30139,0.0,-1602.32,0.1477,20.0
321,2023-11-18,0.0,0.19304,-0.125,13.35,5.53958333333333,0.19304,0.0,9.984e-32,0.0,-3.8743e-07,-6.3093,60.48,-7.4852,22.328,-0.00097212,-1000000.0,-795.53,-18.787,0.0,17.359,10.985,7.7866,0.30139,0.0,-1602.32,0.1477,20.0
322,2023-11-19,0.0,0.18796,1.95,12.4,5.996875,0.18796,0.0,9.984e-32,0.0,-3.8743e-07,-6.1214,60.48,-7.4852,22.328,-0.00097251,-1000000.0,-795.53,-18.788,0.0,17.359,10.985,7.7866,0.30139,0.0,-1602.32,0.1477,20.0
323,2023-11-20,0.0,0.1651,-1.325,8.125,2.86666666666667,0.1651,0.0,9.984e-32,0.0,-3.8743e-07,-5.9563,60.48,-7.4852,22.328,-0.0009729,-1000000.0,-795.53,-18.789,0.0,17.359,10.985,7.7866,0.30139,0.0,-1602.32,0.1477,20.0
324,2023-11-21,0.0,0.33274,3.65,11.25,7.96145833333333,0.33274,0.0,9.984e-32,0.0,-3.8743e-07,-5.6235,60.48,-7.4852,22.328,-0.00097328,-1000000.0,-795.53,-18.791,0.0,17.359,10.985,7.7866,0.30139,0.0,-1602.32,0.1477,20.0
325,2023-11-22,0.0,0.1524,-1.925,10.625,5.92395833333333,0.1524,0.0,9.984e-32,0.0,-3.8743e-07,-5.4711,60.48,-7.4852,22.328,-0.00097367,-1000000.0,-795.53,-18.792,0.0,17.359,10.985,7.7866,0.30139,0.0,-1602.32,0.1477,20.0
326,2023-11-23,0.0,0.01016,-5.6,-2.2,-4.47291666666667,0.01016,0.0,9.984e-32,0.0,-3.8743e-07,-5.461,60.48,-7.4852,22.328,-0.00097406,-1000000.0,-795.53,-18.794,0.0,17.359,10.985,7.7866,0.30139,0.0,-1602.32,0.1477,20.0
327,2023-11-24,0.0,0.01778,-12.725,-5.175,-6.821875,0.01778,0.0,9.984e-32,0.0,-3.8743e-07,-5.4432,60.48,-7.4852,22.328,-0.00097445,-1000000.0,-795.53,-18.795,0.0,17.359,10.985,7.7866,0.30139,0.0,-1602.32,0.1477,20.0
328,2023-11-25,0.0527,0.06096,-10.375,3.575,-2.86458333333333,0.06096,0.0,9.984e-32,0.0,-3.8743e-07,-5.3822,60.48,-7.4852,22.328,-0.00097483,-1000000.0,-795.53,-18.796,0.0,17.359,10.985,7.7866,0.30139,0.0,-1602.32,0.1477,20.0
329,2023-11-26,0.0,0.05842,-8.025,3.925,-2.55833333333333,0.05842,0.0,9.984e-32,0.0,-3.8743e-07,-5.3238,60.48,-7.4852,22.328,-0.00097522,-1000000.0,-795.53,-18.798,0.0,17.359,10.985,7.7866,0.30139,0.0,-1602.32,0.1477,20.0
330,2023-11-27,0.0,0.18288,-6.825,7.8,1.12083333333333,0.18288,0.0,9.984e-32,0.0,-3.8743e-07,-5.1409,60.48,-7.4852,22.328,-0.00097561,-1000000.0,-795.53,-18.799,0.0,17.359,10.985,7.7866,0.30139,0.0,-1602.32,0.1477,20.0
331,2023-11-28,0.0,0.28194,0.125,10.625,4.359375,0.28194,0.0,9.984e-32,0.0,-3.8743e-07,-4.859,60.48,-7.4852,22.328,-0.000976,-1000000.0,-795.53,-18.801,0.0,17.359,10.985,7.7866,0.30139,0.0,-1602.32,0.1477,20.0
332,2023-11-29,0.0,0.10668,-10.025,7.975,0.0031249999999998,0.10668,0.0,9.984e-32,0.0,-3.8743e-07,-4.7523,60.48,-7.4852,22.328,-0.00097638,-1000000.0,-795.53,-18.802,0.0,17.359,10.985,7.7866,0.30139,0.0,-1602.32,0.1477,20.0
333,2023-11-30,0.0,0.0254,-12.5,0.75,-7.184375,0.0254,0.0,9.984e-32,0.0,-3.8743e-07,-4.7269,60.48,-7.4852,22.328,-0.00097677,-1000000.0,-795.53,-18.804,0.0,17.359,10.985,7.7866,0.30139,0.0,-1602.32,0.1477,20.0
334,2023-12-01,0.0,0.1143,-11.55,2.85,-2.70833333333333,0.1143,0.0,9.984e-32,0.0,-3.8743e-07,-4.6126,60.48,-7.4852,22.328,-0.00097716,-1000000.0,-795.53,-18.805,0.0,17.359,10.985,7.7866,0.30139,0.0,-1602.32,0.1477,20.0
335,2023-12-02,0.0,0.1651,-2.725,4.55,0.510416666666667,0.1651,0.0,9.984e-32,0.0,-3.8743e-07,-4.4475,60.48,-7.4852,22.328,-0.00097755,-1000000.0,-795.53,-18.806,0.0,17.359,10.985,7.7866,0.30139,0.0,-1602.32,0.1477,20.0
336,2023-12-03,0.0,0.17018,-3.95,6.5,1.57916666666667,0.17018,0.0,9.984e-32,0.0,-3.8743e-07,-4.2773,60.48,-7.4852,22.328,-0.00097793,-1000000.0,-795.53,-18.808,0.0,17.359,10.985,7.7866,0.30139,0.0,-1602.32,0.1477,20.0
337,2023-12-04,0.0,0.16256,-2.625,9.575,5.40729166666667,0.16256,0.0,9.984e-32,0.0,-3.8743e-07,-4.1148,60.48,-7.4852,22.328,-0.00097832,-1000000.0,-795.53,-18.809,0.0,17.359,10.985,7.7866,0.30139,0.0,-1602.32,0.1477,20.0
338,2023-12-05,0.0,0.33782,9.525,15.325,12.5104166666667,0.33782,0.0,9.984e-32,0.0,-3.8743e-07,-3.7769,60.48,-7.4852,22.328,-0.00097871,-1000000.0,-795.53,-18.811,0.0,17.359,10.985,7.7866,0.30139,0.0,-1602.32,0.1477,20.0
339,2023-12-06,0.0,0.25146,6.05,15.675,11.015625,0.25146,0.0,9.984e-32,0.0,-3.8743e-07,-3.5255,60.48,-7.4852,22.328,-0.0009791,-1000000.0,-795.53,-18.812,0.0,17.359,10.985,7.7866,0.30139,0.0,-1602.32,0.1477,20.0
340,2023-12-07,0.0,0.09144,-3.225,8.15,3.30625,0.09144,0.0,9.984e-32,0.0,-3.8743e-07,-3.434,60.48,-7.4852,22.328,-0.00097948,-1000000.0,-795.53,-18.813,0.0,17.359,10.985,7.7866,0.30139,0.0,-1602.32,0.1477,20.0
341,2023-12-08,0.0068,0.03302,-10.3,5.75,-2.80833333333333,0.03302,0.0,9.984e-32,0.0,-3.8743e-07,-3.401,60.48,-7.4852,22.328,-0.00097987,-1000000.0,-795.53,-18.815,0.0,17.359,10.985,7.7866,0.30139,0.0,-1602.32,0.1477,20.0
342,2023-12-09,0.0,0.1397,-6.625,3.35,-1.165625,0.1397,0.0,9.984e-32,0.0,-3.8743e-07,-3.2613,60.48,-7.4852,22.328,-0.00098026,-1000000.0,-795.53,-18.816,0.0,17.359,10.985,7.7866,0.30139,0.0,-1602.32,0.1477,20.0
343,2023-12-10,0.0,0.21082,0.875,6.65,3.815625,0.21082,0.0,9.984e-32,0.0,-3.8743e-07,-3.0505,60.48,-7.4852,22.328,-0.00098065,-1000000.0,-795.53,-18.818,0.0,17.359,10.985,7.7866,0.30139,0.0,-1602.32,0.1477,20.0
344,2023-12-11,0.148,0.04572,-3.725,3.875,0.255208333333333,0.04572,0.0,9.984e-32,0.0,-3.8743e-07,-3.0048,60.48,-7.4852,22.328,-0.00098103,-1000000.0,-795.53,-18.819,0.0,17.359,10.985,7.7866,0.30139,0.0,-1602.32,0.1477,20.0
345,2023-12-12,0.0034,0.04064,-5.475,5.225,-1.43854166666667,0.04064,0.0,9.984e-32,0.0,-3.8743e-07,-2.9641,60.48,-7.4852,22.328,-0.00098142,-1000000.0,-795.53,-18.821,0.0,17.359,10.985,7.7866,0.30139,0.0,-1602.32,0.1477,20.0
346,2023-12-13,0.0,0.13716,-4.75,9.0,0.878125,0.13716,0.0,9.984e-32,0.0,-3.8743e-07,-2.827,60.48,-7.4852,22.328,-0.00098181,-1000000.0,-795.53,-18.822,0.0,17.359,10.985,7.7866,0.30139,0.0,-1602.32,0.1477,20.0
347,2023-12-14,0.0,0.11684,-2.925,9.275,1.02604166666667,0.11684,0.0,9.984e-32,0.0,-3.8743e-07,-2.7101,60.48,-7.4852,22.328,-0.0009822,-1000000.0,-795.53,-18.823,0.0,17.359,10.985,7.7866,0.30139,0.0,-1602.32,0.1477,20.0
348,2023-12-15,0.0,0.10668,-6.45,8.35,0.763541666666667,0.10668,0.0,9.984e-32,0.0,-3.8743e-07,-2.6035,60.48,-7.4852,22.328,-0.00098258,-1000000.0,-795.53,-18.825,0.0,17.359,10.985,7.7866,0.30139,0.0,-1602.32,0.1477,20.0
349,2023-12-16,0.0,0.3302,4.125,11.3,7.08645833333333,0.3302,0.0,9.984e-32,0.0,-3.8743e-07,-2.2733,60.48,-7.4852,22.328,-0.00098297,-1000000.0,-795.53,-18.826,0.0,17.359,10.985,7.7866,0.30139,0.0,-1602.32,0.1477,20.0
350,2023-12-17,0.0,0.06604,-7.75,5.325,-0.157291666666667,0.06604,0.0,9.984e-32,0.0,-3.8743e-07,-2.2072,60.48,-7.4852,22.328,-0.00098336,-1000000.0,-795.53,-18.828,0.0,17.359,10.985,7.7866,0.30139,0.0,-1602.32,0.1477,20.0
351,2023-12-18,0.0,0.2286,-3.35,12.575,6.90833333333333,0.2286,0.0,9.984e-32,0.0,-3.8743e-07,-1.9786,60.48,-7.4852,22.328,-0.00098374,-1000000.0,-795.53,-18.829,0.0,17.359,10.985,7.7866,0.30139,0.0,-1602.32,0.1477,20.0
352,2023-12-19,0.0085,0.19304,1.925,13.15,7.56458333333333,0.19304,0.0,9.984e-32,0.0,-3.8743e-07,-1.7856,60.48,-7.4852,22.328,-0.00098413,-1000000.0,-795.53,-18.83,0.0,17.359,10.985,7.7866,0.30139,0.0,-1602.32,0.1477,20.0
353,2023-12-20,0.0,0.20574,4.35,12.8,7.19166666666667,0.20574,0.0,9.984e-32,0.0,-3.8743e-07,-1.5798,60.48,-7.4852,22.328,-0.00098452,-1000000.0,-795.53,-18.832,0.0,17.359,10.985,7.7866,0.30139,0.0,-1602.32,0.1477,20.0
354,2023-12-21,0.0,0.1651,-1.125,12.4,6.38125,0.1651,0.0,9.984e-32,0.0,-3.8743e-07,-1.4147,60.48,-7.4852,22.328,-0.00098491,-1000000.0,-795.53,-18.833,0.0,17.359,10.985,7.7866,0.30139,0.0,-1602.32,0.1477,20.0
355,2023-12-22,0.0,0.2032,2.825,11.925,6.90625,0.2032,0.0,9.984e-32,0.0,-3.8743e-07,-1.2115,60.48,-7.4852,22.328,-0.00098529,-1000000.0,-795.53,-18.835,0.0,17.359,10.985,7.7866,0.30139,0.0,-1602.32,0.1477,20.0
356,2023-12-23,0.0,0.07366,-4.55,3.975,0.003125,0.07366,0.0,9.984e-32,0.0,-3.8743e-07,-1.1379,60.48,-7.4852,22.328,-0.00098568,-1000000.0,-795.53,-18.836,0.0,17.359,10.985,7.7866,0.30139,0.0,-1602.32,0.1477,20.0
357,2023-12-24,0.0,0.0762,-9.675,3.125,-4.54375,0.0762,0.0,9.984e-32,0.0,-3.8743e-07,-1.0617,60.48,-7.4852,22.328,-0.00098607,-1000000.0,-795.53,-18.838,0.0,17.359,10.985,7.7866,0.30139,0.0,-1602.32,0.1477,20.0
358,2023-12-25,0.0,0.12954,-10.325,5.575,-3.33541666666667,0.12954,0.0,9.984e-32,0.0,-3.8743e-07,-0.93214,60.48,-7.4852,22.328,-0.00098646,-1000000.0,-795.53,-18.839,0.0,17.359,10.985,7.7866,0.30139,0.0,-1602.32,0.1477,20.0
359,2023-12-26,0.0,0.1651,-6.25,6.95,0.0583333333333333,0.1651,0.0,9.984e-32,0.0,-3.8743e-07,-0.76704,60.48,-7.4852,22.328,-0.00098684,-1000000.0,-795.53,-18.84,0.0,17.359,10.985,7.7866,0.30139,0.0,-1602.32,0.1477,20.0
360,2023-12-27,0.0,0.09144,-6.775,7.3,-0.14375,0.09144,0.0,9.984e-32,0.0,-3.8743e-07,-0.6756,60.48,-7.4852,22.328,-0.00098723,-1000000.0,-795.53,-18.842,0.0,17.359,10.985,7.7866,0.30139,0.0,-1602.32,0.1477,20.0
361,2023-12-28,0.0,0.1905,-2.8,11.65,4.85729166666667,0.1905,0.0,9.984e-32,0.0,-3.8743e-07,-0.4851,60.48,-7.4852,22.328,-0.00098762,-1000000.0,-795.53,-18.843,0.0,17.359,10.985,7.7866,0.30139,0.0,-1602.32,0.1477,20.0
362,2023-12-29,0.0,0.07874,-5.25,10.55,1.37708333333333,0.07874,0.0,9.984e-32,0.0,-3.8743e-07,-0.40636,60.48,-7.4852,22.328,-0.00098801,-1000000.0,-795.53,-18.845,0.0,17.359,10.985,7.7866,0.30139,0.0,-1602.32,0.1477,20.0
363,2023-12-30,0.0,0.03302,-8.125,7.625,-1.759375,0.03302,0.0,9.984e-32,0.0,-3.8743e-07,-0.37334,60.48,-7.4852,22.328,-0.00098839,-1000000.0,-795.53,-18.846,0.0,17.359,10.985,7.7866,0.30139,0.0,-1602.32,0.1477,20.0
364,2023-12-31,0.0,0.10668,-7.525,10.125,0.734375,0.10668,0.0,9.984e-32,0.0,-3.8743e-07,-0.26666,60.48,-7.4852,22.328,-0.00098878,-1000000.0,-795.53,-18.847,0.0,17.359,10.985,7.7866,0.30139,0.0,-1602.32,0.1477,20.0
365,2024-01-01,0.0,0.127,-4.5,7.55,0.603125,0.127,0.0,9.984e-32,0.0,-3.8743e-07,-0.13966,60.48,-7.4852,22.328,-0.00098917,-1000000.0,-795.53,-18.849,0.0,17.359,10.985,7.7866,0.30139,0.0,-1602.32,0.1477,20.0
366,2024-01-02,0.0,0.11684,-4.275,6.675,-0.121875,0.11684,0.0,9.984e-32,0.0,-3.8743e-07,-0.022822,60.48,-7.4852,22.328,-0.00098956,-1000000.0,-795.53,-18.85,0.0,17.359,10.985,7.7866,0.30139,0.0,-1602.32,0.1477,20.0
367,2024-01-03,0.0,0.04064,-11.325,4.075,-4.49895833333333,0.04064,0.0,9.984e-32,0.0,-3.8743e-07,0.017818,60.48,-7.4852,22.328,-0.00098994,-1000000.0,-795.53,-18.852,0.0,17.359,10.985,7.7866,0.30139,0.0,-1602.32,0.1477,20.0
368,2024-01-04,0.0,0.11176,-4.1,7.425,0.45,0.11176,0.0,9.984e-32,0.0,-3.8743e-07,0.12958,60.48,-7.4852,22.328,-0.00099033,-1000000.0,-795.53,-18.853,0.0,17.359,10.985,7.7866,0.30139,0.0,-1602.32,0.1477,20.0
369,2024-01-05,0.0,0.09144,-3.425,5.325,-0.651041666666667,0.09144,0.0,9.984e-32,0.0,-3.8743e-07,0.22102,60.48,-7.4852,22.328,-0.00099072,-1000000.0,-795.53,-18.855,0.0,17.359,10.985,7.7866,0.30139,0.0,-1602.32,0.1477,20.0
370,2024-01-06,0.0,0.1524,-5.325,2.2,-0.451041666666667,0.1524,0.0,9.984e-32,0.0,-3.8743e-07,0.37342,60.48,-7.4852,22.328,-0.00099111,-1000000.0,-795.53,-18.856,0.0,17.359,10.985,7.7866,0.30139,0.0,-1602.32,0.1477,20.0
371,2024-01-07,0.0,0.02794,-13.95,-5.325,-10.1489583333333,0.02794,0.0,9.984e-32,0.0,-3.8743e-07,0.40136,60.48,-7.4852,22.328,-0.00099149,-1000000.0,-795.53,-18.857,0.0,17.359,10.985,7.7866,0.30139,0.0,-1602.32,0.1477,20.0
372,2024-01-08,0.0,0.08382,-18.125,-0.875,-8.43541666666667,0.08382,0.0,9.984e-32,0.0,-3.8743e-07,0.48518,60.48,-7.4852,22.328,-0.00099188,-1000000.0,-795.53,-18.859,0.0,17.359,10.985,7.7866,0.30139,0.0,-1602.32,0.1477,20.0
373,2024-01-09,0.0,0.1905,-2.55,5.875,1.115625,0.1905,0.0,9.984e-32,0.0,-3.8743e-07,0.67568,60.48,-7.4852,22.328,-0.00099227,-1000000.0,-795.53,-18.86,0.0,17.359,10.985,7.7866,0.30139,0.0,-1602.32,0.1477,20.0
374,2024-01-10,0.0,0.0381,-19.575,-6.725,-14.7020833333333,0.0381,0.0,9.984e-32,0.0,-3.8743e-07,0.71378,60.48,-7.4852,22.328,-0.00099266,-1000000.0,-795.53,-18.862,0.0,17.359,10.985,7.7866,0.30139,0.0,-1602.32,0.1477,20.0
375,2024-01-11,0.0,0.01524,-30.025,-20.075,-24.8489583333333,0.01524,0.0,9.984e-32,0.0,-3.8743e-07,0.72902,60.48,-7.4852,22.328,-0.00099304,-1000000.0,-795.53,-18.863,0.0,17.359,10.985,7.7866,0.30139,0.0,-1602.32,0.1477,20.0
376,2024-01-12,0.0,0.00508,-36.925,-30.275,-32.846875,0.00508,0.0,9.984e-32,0.0,-3.8743e-07,0.7341,60.48,-7.4852,22.328,-0.00099343,-1000000.0,-795.53,-18.864,0.0,17.359,10.985,7.7866,0.30139,0.0,-1602.32,0.1477,20.0
377,2024-01-13,0.0,0.00762,-38.025,-21.85,-31.2628333333333,0.00762,0.0,9.984e-32,0.0,-3.8743e-07,0.74172,60.48,-7.4852,22.328,-0.00099382,-1000000.0,-795.53,-18.866,0.0,17.359,10.985,7.7866,0.30139,0.0,-1602.32,0.1477,20.0
378,2024-01-14,0.0,0.00508,-34.025,-25.925,-29.0159565217391,0.00508,0.0,9.984e-32,0.0,-3.8743e-07,0.7468,60.48,-7.4852,22.328,-0.00099421,-1000000.0,-795.53,-18.867,0.0,17.359,10.985,7.7866,0.30139,0.0,-1602.32,0.1477,20.0
379,2024-01-15,0.0,0.02032,-34.675,-15.075,-24.7677083333333,0.02032,0.0,9.984e-32,0.0,-3.8743e-07,0.76712,60.48,-7.4852,22.328,-0.00099459,-1000000.0,-795.53,-18.869,0.0,17.359,10.985,7.7866,0.30139,0.0,-1602.32,0.1477,20.0
380,2024-01-16,0.0,0.07874,-14.65,-3.85,-8.19375,0.07874,0.0,9.984e-32,0.0,-3.8743e-07,0.84586,60.48,-7.4852,22.328,-0.00099498,-1000000.0,-795.53,-18.87,0.0,17.359,10.985,7.7866,0.30139,0.0,-1602.32,0.1477,20.0
381,2024-01-17,0.0,0.01778,-18.825,-7.325,-13.5770833333333,0.01778,0.0,9.984e-32,0.0,-3.8743e-07,0.86364,60.48,-7.4852,22.328,-0.00099537,-1000000.0,-795.53,-18.872,0.0,17.359,10.985,7.7866,0.30139,0.0,-1602.32,0.1477,20.0
382,2024-01-18,0.0,0.01651,-27.575,-12.375,-19.2677083333333,0.01651,0.0,9.984e-32,0.0,-3.8743e-07,0.88015,60.48,-7.4852,22.328,-0.00099576,-1000000.0,-795.53,-18.873,0.0,17.359,10.985,7.7866,0.30139,0.0,-1602.32,0.1477,20.0
383,2024-01-19,0.0,0.01524,-28.575,-12.7,-19.715625,0.01524,0.0,9.984e-32,0.0,-3.8743e-07,0.89539,60.48,-7.4852,22.328,-0.00099614,-1000000.0,-795.53,-18.874,0.0,17.359,10.985,7.7866,0.30139,0.0,-1602.32,0.1477,20.0
384,2024-01-20,0.4186,0.1143,-16.0,6.175,1.03854166666667,0.1143,0.0,9.984e-32,0.0,-3.8743e-07,1.0097,60.48,-7.4852,22.328,-0.00099653,-1000000.0,-795.53,-18.876,0.0,17.359,10.985,7.7866,0.30139,0.0,-1602.32,0.1477,20.0
385,2024-01-21,0.0,0.12954,0.775,8.775,5.02708333333333,0.12954,0.0,9.984e-32,0.0,-3.8743e-07,1.1392,60.48,-7.4852,22.328,-0.00099692,-1000000.0,-795.53,-18.877,0.0,17.359,10.985,7.7866,0.30139,0.0,-1602.32,0.1477,20.0
386,2024-01-22,0.0,0.0381,-10.225,-2.65,-6.46979166666667,0.0381,0.0,9.984e-32,0.0,-3.8743e-07,1.1773,60.48,-7.4852,22.328,-0.0009973,-1000000.0,-795.53,-18.879,0.0,17.359,10.985,7.7866,0.30139,0.0,-1602.32,0.1477,20.0
387,2024-01-23,0.0,0.15494,0.925,9.4,4.725,0.15494,0.0,9.984e-32,0.0,-3.8743e-07,1.3323,60.48,-7.4852,22.328,-0.00099769,-1000000.0,-795.53,-18.88,0.0,17.359,10.985,7.7866,0.30139,0.0,-1602.32,0.1477,20.0
388,2024-01-24,0.0,0.14732,-1.15,8.75,3.42916666666667,0.14732,0.0,9.984e-32,0.0,-3.8743e-07,1.4796,60.48,-7.4852,22.328,-0.00099808,-1000000.0,-795.53,-18.881,0.0,17.359,10.985,7.7866,0.30139,0.0,-1602.32,0.1477,20.0
389,2024-01-25,0.0,0.1651,0.275,10.45,4.19270833333333,0.1651,0.0,9.984e-32,0.0,-3.8743e-07,1.6447,60.48,-7.4852,22.328,-0.00099847,-1000000.0,-795.53,-18.883,0.0,17.359,10.985,7.7866,0.30139,0.0,-1602.32,0.1477,20.0
390,2024-01-26,0.0,0.19304,-0.3,8.1,2.88125,0.19304,0.0,9.984e-32,0.0,-3.8743e-07,1.8377,60.48,-7.4852,22.328,-0.00099885,-1000000.0,-795.53,-18.884,0.0,17.359,10.985,7.7866,0.30139,0.0,-1602.32,0.1477,20.0
391,2024-01-27,0.0,0.20574,0.125,8.925,5.6375,0.20574,0.0,9.984e-32,0.0,-3.8743e-07,2.0435,60.48,-7.4852,22.328,-0.00099924,-1000000.0,-795.53,-18.886,0.0,17.359,10.985,7.7866,0.30139,0.0,-1602.32,0.1477,20.0
392,2024-01-28,0.0,0.26162,5.35,14.75,9.24791666666667,0.26162,0.0,9.984e-32,0.0,-3.8743e-07,2.3051,60.48,-7.4852,22.328,-0.00099963,-1000000.0,-795.53,-18.887,0.0,17.359,10.985,7.7866,0.30139,0.0,-1602.32,0.1477,20.0
393,2024-01-29,0.0,0.22352,4.125,16.85,8.81145833333333,0.22352,0.0,9.984e-32,0.0,-3.8743e-07,2.5286,60.48,-7.4852,22.328,-0.001,-1000000.0,-795.53,-18.889,0.0,17.359,10.985,7.7866,0.30139,0.0,-1602.32,0.1477,20.0
394,2024-01-30,0.0,0.24892,3.65,17.025,9.86875,0.24892,0.0,9.984e-32,0.0,-3.8743e-07,2.7775,60.48,-7.4852,22.328,-0.0010004,-1000000.0,-795.53,-18.89,0.0,17.359,10.985,7.7866,0.30139,0.0,-1602.32,0.1477,20.0
395,2024-01-31,0.0,0.2413,1.325,16.275,8.66041666666667,0.2413,0.0,9.984e-32,0.0,-3.8743e-07,3.0188,60.48,-7.4852,22.328,-0.0010008,-1000000.0,-795.53,-18.891,0.0,17.359,10.985,7.7866,0.30139,0.0,-1602.32,0.1477,20.0
396,2024-02-01,0.0,0.19558,4.5,16.625,8.975,0.19558,0.0,9.984e-32,0.0,-3.8743e-07,3.2144,60.48,-7.4852,22.328,-0.0010012,-1000000.0,-795.53,-18.893,0.0,17.359,10.985,7.7866,0.30139,0.0,-1602.32,0.1477,20.0
397,2024-02-02,0.0,0.08128,3.0,13.65,6.56770833333333,0.08128,0.0,9.984e-32,0.0,-3.8743e-07,3.2957,60.48,-7.4852,22.328,-0.0010016,-1000000.0,-795.53,-18.894,0.0,17.359,10.985,7.7866,0.30139,0.0,-1602.32,0.1477,20.0
398,2024-02-03,0.6331,0.03048,-0.875,5.0,2.81458333333333,0.03048,0.0,9.984e-32,0.0,-3.8743e-07,3.3262,60.48,-7.4852,22.328,-0.001002,-1000000.0,-795.53,-18.896,0.0,17.359,10.985,7.7866,0.30139,0.0,-1602.32,0.1477,20.0
399,2024-02-04,0.0,0.0381,-10.075,-0.85,-4.96666666666667,0.0381,0.0,9.984e-32,0.0,-3.8743e-07,3.3643,60.48,-7.4852,22.328,-0.0010023,-1000000.0,-795.53,-18.897,0.0,17.359,10.985,7.7866,0.30139,0.0,-1602.32,0.1477,20.0
400,2024-02-05,0.3507,0.04572,-14.275,4.2,-6.19791666666667,0.04572,0.0,9.984e-32,0.0,-3.8743e-07,3.41,60.48,-7.4852,22.328,-0.0010027,-1000000.0,-795.53,-18.898,0.0,17.359,10.985,7.7866,0.30139,0.0,-1602.32,0.1477,20.0
401,2024-02-06,0.0034,0.02794,-13.925,-2.275,-8.09895833333333,0.02794,0.0,9.984e-32,0.0,-3.8743e-07,3.4379,60.48,-7.4852,22.328,-0.0010031,-1000000.0,-795.53,-18.9,0.0,17.359,10.985,7.7866,0.30139,0.0,-1602.32,0.1477,20.0
402,2024-02-07,0.0,0.03302,-6.575,-2.35,-5.09375,0.03302,0.0,9.984e-32,0.0,-3.8743e-07,3.4709,60.48,-7.4852,22.328,-0.0010035,-1000000.0,-795.53,-18.901,0.0,17.359,10.985,7.7866,0.30139,0.0,-1602.32,0.1477,20.0
403,2024-02-08,0.1496,0.0381,-5.5,-0.85,-3.32916666666667,0.0381,0.0,9.984e-32,0.0,-3.8743e-07,3.509,60.48,-7.4852,22.328,-0.0010039,-1000000.0,-795.53,-18.903,0.0,17.359,10.985,7.7866,0.30139,0.0,-1602.32,0.1477,20.0
404,2024-02-09,0.0,0.0381,-11.6,-1.95,-6.17708333333333,0.0381,0.0,9.984e-32,0.0,-3.8743e-07,3.5471,60.48,-7.4852,22.328,-0.0010043,-1000000.0,-795.53,-18.904,0.0,17.359,10.985,7.7866,0.30139,0.0,-1602.32,0.1477,20.0
405,2024-02-10,0.0068,0.06858,-16.5,-0.425,-6.90208333333333,0.06858,0.0,9.984e-32,0.0,-3.8743e-07,3.6157,60.48,-7.4852,22.328,-0.0010047,-1000000.0,-795.53,-18.906,0.0,17.359,10.985,7.7866,0.30139,0.0,-1602.32,0.1477,20.0
406,2024-02-11,0.2856,0.0762,-2.65,2.9,-0.260416666666667,0.0762,0.0,9.984e-32,0.0,-3.8743e-07,3.6919,60.48,-7.4852,22.328,-0.0010051,-1000000.0,-795.53,-18.907,0.0,17.359,10.985,7.7866,0.30139,0.0,-1602.32,0.1477,20.0
407,2024-02-12,0.0,0.07112,-2.375,3.275,0.904166666666667,0.07112,0.0,9.984e-32,0.0,-3.8743e-07,3.763,60.48,-7.4852,22.328,-0.0010054,-1000000.0,-795.53,-18.908,0.0,17.359,10.985,7.7866,0.30139,0.0,-1602.32,0.1477,20.0
408,2024-02-13,0.0,0.03556,-8.525,-2.425,-4.91979166666667,0.03556,0.0,9.984e-32,0.0,-3.8743e-07,3.7986,60.48,-7.4852,22.328,-0.0010058,-1000000.0,-795.53,-18.91,0.0,17.359,10.985,7.7866,0.30139,0.0,-1602.32,0.1477,20.0
409,2024-02-14,0.0527,0.03175,-15.45,-6.025,-10.5802083333333,0.03175,0.0,9.984e-32,0.0,-3.8743e-07,3.8304,60.48,-7.4852,22.328,-0.0010062,-1000000.0,-795.53,-18.911,0.0,17.359,10.985,7.7866,0.30139,0.0,-1602.32,0.1477,20.0
410,2024-02-15,0.0,0.02794,-20.3,-6.575,-12.5083333333333,0.02794,0.0,9.984e-32,0.0,-3.8743e-07,3.8583,60.48,-7.4852,22.328,-0.0010066,-1000000.0,-795.53,-18.913,0.0,17.359,10.985,7.7866,0.30139,0.0,-1602.32,0.1477,20.0
411,2024-02-16,0.0,0.03302,-26.225,-9.9,-17.0583333333333,0.03302,0.0,9.984e-32,0.0,-3.8743e-07,3.8913,60.48,-7.4852,22.328,-0.001007,-1000000.0,-795.53,-18.914,0.0,17.359,10.985,7.7866,0.30139,0.0,-1602.32,0.1477,20.0
412,2024-02-17,0.0476,0.0889,-19.975,0.725,-9.134375,0.0889,0.0,9.984e-32,0.0,-3.8743e-07,3.9802,60.48,-7.4852,22.328,-0.0010074,-1000000.0,-795.53,-18.915,0.0,17.359,10.985,7.7866,0.30139,0.0,-1602.32,0.1477,20.0
413,2024-02-18,0.0017,0.1524,-5.3,3.525,-0.666666666666667,0.1524,0.0,9.984e-32,0.0,-3.8743e-07,4.1326,60.48,-7.4852,22.328,-0.0010078,-1000000.0,-795.53,-18.917,0.0,17.359,10.985,7.7866,0.30139,0.0,-1602.32,0.1477,20.0
414,2024-02-19,0.0,0.1016,-2.725,5.0,0.8375,0.1016,0.0,9.984e-32,0.0,-3.8743e-07,4.2342,60.48,-7.4852,22.328,-0.0010082,-1000000.0,-795.53,-18.918,0.0,17.359,10.985,7.7866,0.30139,0.0,-1602.32,0.1477,20.0
415,2024-02-20,0.0,0.17526,1.275,6.45,3.92604166666667,0.17526,0.0,9.984e-32,0.0,-3.8743e-07,4.4095,60.48,-7.4852,22.328,-0.0010085,-1000000.0,-795.53,-18.92,0.0,17.359,10.985,7.7866,0.30139,0.0,-1602.32,0.1477,20.0
416,2024-02-21,0.0,0.13462,-2.675,7.325,2.640625,0.13462,0.0,9.984e-32,0.0,-3.8743e-07,4.5441,60.48,-7.4852,22.328,-0.0010089,-1000000.0,-795.53,-18.921,0.0,17.359,10.985,7.7866,0.30139,0.0,-1602.32,0.1477,20.0
417,2024-02-22,0.0,0.127,-1.6,8.0,2.21666666666667,0.127,0.0,9.984e-32,0.0,-3.8743e-07,4.6711,60.48,-7.4852,22.328,-0.0010093,-1000000.0,-795.53,-18.922,0.0,17.359,10.985,7.7866,0.30139,0.0,-1602.32,0.1477,20.0
418,2024-02-23,0.0,0.20066,0.775,7.175,3.728125,0.20066,0.0,9.984e-32,0.0,-3.8743e-07,4.8718,60.48,-7.4852,22.328,-0.0010097,-1000000.0,-795.53,-18.924,0.0,17.359,10.985,7.7866,0.30139,0.0,-1602.32,0.1477,20.0
419,2024-02-24,0.0,0.17018,3.225,6.725,4.67395833333333,0.17018,0.0,9.984e-32,0.0,-3.8743e-07,5.0419,60.48,-7.4852,22.328,-0.0010101,-1000000.0,-795.53,-18.925,0.0,17.359,10.985,7.7866,0.30139,0.0,-1602.32,0.1477,20.0
420,2024-02-25,0.0,0.26162,3.05,9.575,5.99791666666667,0.26162,0.0,9.984e-32,0.0,-3.8743e-07,5.3036,60.48,-7.4852,22.328,-0.0010105,-1000000.0,-795.53,-18.927,0.0,17.359,10.985,7.7866,0.30139,0.0,-1602.32,0.1477,20.0
421,2024-02-26,0.0,0.09398,-15.95,4.475,-6.221875,0.09398,0.0,9.984e-32,0.0,-3.8743e-07,5.3975,60.48,-7.4852,22.328,-0.0010109,-1000000.0,-795.53,-18.928,0.0,17.359,10.985,7.7866,0.30139,0.0,-1602.32,0.1477,20.0
422,2024-02-27,0.0,0.0508,-18.425,-8.475,-13.90625,0.0508,0.0,9.984e-32,0.0,-3.8743e-07,5.4483,60.48,-7.4852,22.328,-0.0010113,-1000000.0,-795.53,-18.93,0.0,17.359,10.985,7.7866,0.30139,0.0,-1602.32,0.1477,20.0
423,2024-02-28,0.0,0.22352,-9.975,7.75,1.85104166666667,0.22352,0.0,9.984e-32,0.0,-3.8743e-07,5.6719,60.48,-7.4852,22.328,-0.0010116,-1000000.0,-795.53,-18.931,0.0,17.359,10.985,7.7866,0.30139,0.0,-1602.32,0.1477,20.0
424,2024-02-29,0.0646,0.3302,1.35,12.825,7.26354166666667,0.3302,0.0,9.984e-32,0.0,-3.8743e-07,6.0021,60.48,-7.4852,22.328,-0.001012,-1000000.0,-795.53,-18.932,0.0,17.359,10.985,7.7866,0.30139,0.0,-1602.32,0.1477,20.0
425,2024-03-01,0.0,0.19558,-2.85,6.6,0.96875,0.19558,0.0,9.984e-32,0.0,-3.8743e-07,6.1976,60.48,-7.4852,22.328,-0.0010124,-1000000.0,-795.53,-18.934,0.0,17.359,10.985,7.7866,0.30139,0.0,-1602.32,0.1477,20.0
426,2024-03-02,0.0,0.04064,-14.575,-2.4,-8.82083333333333,0.04064,0.0,9.984e-32,0.0,-3.8743e-07,6.2383,60.48,-7.4852,22.328,-0.0010128,-1000000.0,-795.53,-18.935,0.0,17.359,10.985,7.7866,0.30139,0.0,-1602.32,0.1477,20.0
427,2024-03-03,0.0,0.04318,-19.4,-7.625,-14.0395833333333,0.04318,0.0,9.984e-32,0.0,-3.8743e-07,6.2815,60.48,-7.4852,22.328,-0.0010132,-1000000.0,-795.53,-18.937,0.0,17.359,10.985,7.7866,0.30139,0.0,-1602.32,0.1477,20.0
428,2024-03-04,0.0,0.05334,-19.35,-8.55,-14.5427083333333,0.05334,0.0,9.984e-32,0.0,-3.8743e-07,6.3348,60.48,-7.4852,22.328,-0.0010136,-1000000.0,-795.53,-18.938,0.0,17.359,10.985,7.7866,0.30139,0.0,-1602.32,0.1477,20.0
429,2024-03-05,0.0068,0.09144,-20.725,2.425,-10.4072916666667,0.09144,0.0,9.984e-32,0.0,-3.8743e-07,6.4262,60.48,-7.4852,22.328,-0.001014,-1000000.0,-795.53,-18.939,0.0,17.359,10.985,7.7866,0.30139,0.0,-1602.32,0.1477,20.0
430,2024-03-06,0.0,0.0762,-12.35,-2.275,-8.83020833333333,0.0762,0.0,9.984e-32,0.0,-3.8743e-07,6.5024,60.48,-7.4852,22.328,-0.0010144,-1000000.0,-795.53,-18.941,0.0,17.359,10.985,7.7866,0.30139,0.0,-1602.32,0.1477,20.0
431,2024-03-07,0.0068,0.11684,-12.275,4.875,-4.01666666666667,0.11684,0.0,9.984e-32,0.0,-3.8743e-07,6.6193,60.48,-7.4852,22.328,-0.0010147,-1000000.0,-795.53,-18.942,0.0,17.359,10.985,7.7866,0.30139,0.0,-1602.32,0.1477,20.0
432,2024-03-08,0.0,0.3175,-8.075,11.85,1.52083333333333,0.3175,0.0,9.984e-32,0.0,-3.8743e-07,6.9368,60.48,-7.4852,22.328,-0.0010151,-1000000.0,-795.53,-18.944,0.0,17.359,10.985,7.7866,0.30139,0.0,-1602.32,0.1477,20.0
433,2024-03-09,0.0,0.41656,1.225,14.1,6.75,0.41656,0.0,9.984e-32,0.0,-3.8743e-07,7.3533,60.48,-7.4852,22.328,-0.0010155,-1000000.0,-795.53,-18.945,0.0,17.359,10.985,7.7866,0.30139,0.0,-1602.32,0.1477,20.0
434,2024-03-10,0.0,0.31242,1.325,12.9,6.64926086956522,0.31242,0.0,9.984e-32,0.0,-3.8743e-07,7.6658,60.48,-7.4852,22.328,-0.0010159,-1000000.0,-795.53,-18.947,0.0,17.359,10.985,7.7866,0.30139,0.0,-1602.32,0.1477,20.0
435,2024-03-11,0.0,0.2159,1.025,10.2,5.228125,0.2159,0.0,9.984e-32,0.0,-3.8743e-07,7.8817,60.48,-7.4852,22.328,-0.0010163,-1000000.0,-795.53,-18.948,0.0,17.359,10.985,7.7866,0.30139,0.0,-1602.32,0.1477,20.0
436,2024-03-12,0.0,0.23876,-1.85,12.2,5.45416666666667,0.23876,0.0,9.984e-32,0.0,-3.8743e-07,8.1204,60.48,-7.4852,22.328,-0.0010167,-1000000.0,-795.53,-18.949,0.0,17.359,10.985,7.7866,0.30139,0.0,-1602.32,0.1477,20.0
437,2024-03-13,0.0,0.13716,-2.375,8.375,2.35729166666667,0.13716,0.0,9.984e-32,0.0,-3.8743e-07,8.2576,60.48,-7.4852,22.328,-0.0010171,-1000000.0,-795.53,-18.951,0.0,17.359,10.985,7.7866,0.30139,0.0,-1602.32,0.1477,20.0
438,2024-03-14,0.0,0.13716,-4.35,8.9,1.35104166666667,0.13716,0.0,9.984e-32,0.0,-3.8743e-07,8.3947,60.48,-7.4852,22.328,-0.0010175,-1000000.0,-795.53,-18.952,0.0,17.359,10.985,7.7866,0.30139,0.0,-1602.32,0.1477,20.0
439,2024-03-15,0.0,0.22098,-4.525,16.125,5.12604166666667,0.22098,0.0,9.984e-32,0.0,-3.8743e-07,8.6157,60.48,-7.4852,22.328,-0.0010178,-1000000.0,-795.53,-18.954,0.0,17.359,10.985,7.7866,0.30139,0.0,-1602.32,0.1477,20.0
440,2024-03-16,0.0,0.1651,-3.65,16.375,4.690625,0.1651,0.0,9.984e-32,0.0,-3.8743e-07,8.7808,60.48,-7.4852,22.328,-0.0010182,-1000000.0,-795.53,-18.955,0.0,17.359,10.985,7.7866,0.30139,0.0,-1602.32,0.1477,20.0
441,2024-03-17,0.0034,0.18288,-4.35,14.925,4.671875,0.18288,0.0,9.984e-32,0.0,-3.8743e-07,8.9637,60.48,-7.4852,22.328,-0.0010186,-1000000.0,-795.53,-18.956,0.0,17.359,10.985,7.7866,0.30139,0.0,-1602.32,0.1477,20.0
442,2024-03-18,0.0,0.2921,2.6,20.15,10.6947916666667,0.2921,0.0,9.984e-32,0.0,-3.8743e-07,9.2558,60.48,-7.4852,22.328,-0.001019,-1000000.0,-795.53,-18.958,0.0,17.359,10.985,7.7866,0.30139,0.0,-1602.32,0.1477,20.0
443,2024-03-19,0.0,0.22098,-1.125,14.625,6.62916666666667,0.22098,0.0,9.984e-32,0.0,-3.8743e-07,9.4768,60.48,-7.4852,22.328,-0.0010194,-1000000.0,-795.53,-18.959,0.0,17.359,10.985,7.7866,0.30139,0.0,-1602.32,0.1477,20.0
444,2024-03-20,0.0,0.06604,-4.0,1.15,-1.53645833333333,0.06604,0.0,9.984e-32,0.0,-3.8743e-07,9.5428,60.48,-7.4852,22.328,-0.0010198,-1000000.0,-795.53,-18.961,0.0,17.359,10.985,7.7866,0.30139,0.0,-1602.32,0.1477,20.0
445,2024-03-21,0.0,0.1143,-6.2,4.125,-2.79270833333333,0.1143,0.0,9.984e-32,0.0,-3.8743e-07,9.6571,60.48,-7.4852,22.328,-0.0010202,-1000000.0,-795.53,-18.962,0.0,17.359,10.985,7.7866,0.30139,0.0,-1602.32,0.1477,20.0
446,2024-03-22,0.0068,0.06858,-7.225,-2.675,-5.24166666666667,0.06858,0.0,9.984e-32,0.0,-3.8743e-07,9.7257,60.48,-7.4852,22.328,-0.0010206,-1000000.0,-795.53,-18.964,0.0,17.359,10.985,7.7866,0.30139,0.0,-1602.32,0.1477,20.0
447,2024-03-23,0.0,0.0381,-7.325,-4.725,-5.84375,0.0381,0.0,9.984e-32,0.0,-3.8743e-07,9.7638,60.48,-7.4852,22.328,-0.0010209,-1000000.0,-795.53,-18.965,0.0,17.359,10.985,7.7866,0.30139,0.0,-1602.32,0.1477,20.0
448,2024-03-24,0.1939,0.07874,-9.675,-1.6,-6.70833333333333,0.07874,0.0,9.984e-32,0.0,-3.8743e-07,9.8425,60.48,-7.4852,22.328,-0.0010213,-1000000.0,-795.53,-18.966,0.0,17.359,10.985,7.7866,0.30139,0.0,-1602.32,0.1477,20.0
449,2024-03-25,0.1241,0.11938,-10.475,0.65,-5.609375,0.11938,0.0,9.984e-32,0.0,-3.8743e-07,9.9619,60.48,-7.4852,22.328,-0.0010217,-1000000.0,-795.53,-18.968,0.0,17.359,10.985,7.7866,0.30139,0.0,-1602.32,0.1477,20.0
450,2024-03-26,0.0238,0.1397,-8.45,7.1,-2.5,0.1397,0.0,9.984e-32,0.0,-3.8743e-07,10.102,60.48,-7.4852,22.328,-0.0010221,-1000000.0,-795.53,-18.969,0.0,17.359,10.985,7.7866,0.30139,0.0,-1602.32,0.1477,20.0
451,2024-03-27,0.0,0.24638,-0.9,9.25,4.10833333333333,0.24638,0.0,9.984e-32,0.0,-3.8743e-07,10.348,60.48,-7.4852,22.328,-0.0010225,-1000000.0,-795.53,-18.971,0.0,17.359,10.985,7.7866,0.30139,0.0,-1602.32,0.1477,20.0
452,2024-03-28,0.0,0.13208,-0.825,7.6,4.4,0.13208,0.0,9.984e-32,0.0,-3.8743e-07,10.48,60.48,-7.4852,22.328,-0.0010229,-1000000.0,-795.53,-18.972,0.0,17.359,10.985,7.7866,0.30139,0.0,-1602.32,0.1477,20.0
453,2024-03-29,0.0,0.09398,-2.175,3.4,-0.265625,0.09398,0.0,9.984e-32,0.0,-3.8743e-07,10.574,60.48,-7.4852,22.328,-0.0010233,-1000000.0,-795.53,-18.973,0.0,17.359,10.985,7.7866,0.30139,0.0,-1602.32,0.1477,20.0
454,2024-03-30,0.0,0.1143,-4.425,4.025,-1.42604166666667,0.1143,0.0,9.984e-32,0.0,-3.8743e-07,10.688,60.48,-7.4852,22.328,-0.0010237,-1000000.0,-795.53,-18.975,0.0,17.359,10.985,7.7866,0.30139,0.0,-1602.32,0.1477,20.0
455,2024-03-31,0.0595,0.04064,-6.175,1.55,-2.26875,0.04064,0.0,9.984e-32,0.0,-3.8743e-07,10.729,60.48,-7.4852,22.328,-0.001024,-1000000.0,-795.53,-18.976,0.0,17.359,10.985,7.7866,0.30139,0.0,-1602.32,0.1477,20.0
456,2024-04-01,0.0,0.24892,-4.7,16.05,5.675,0.0,0.24892,9.984e-32,0.0,-3.8743e-07,10.729,60.729,-7.4852,22.328,-0.0010244,-1000000.0,-1600.0,-18.978,0.0,17.359,10.985,7.7866,0.30139,0.0,-1602.32,0.1477,20.0
457,2024-04-02,0.0,0.38354,2.475,23.775,12.5416666666667,0.0,0.38354,9.984e-32,0.0,-3.8743e-07,10.729,61.112,-7.4852,22.328,-0.0010248,-1000000.0,-1600.0,-18.979,0.0,17.359,10.985,7.7866,0.30139,0.0,-1602.32,0.1477,20.0
458,2024-04-03,0.2415,0.33274,5.975,18.15,12.9125,0.0,0.33274,9.984e-32,0.0,-3.8743e-07,10.729,61.445,-7.4852,22.328,-0.0010252,-1000000.0,-1600.0,-18.981,0.0,17.359,10.985,7.7866,0.30139,0.0,-1602.32,0.1477,20.0
459,2024-04-04,1.6113,0.05334,0.0,6.225,3.659375,0.0,0.05334,9.984e-32,0.0,-3.8743e-07,10.729,61.498,-7.4852,22.328,-0.0010256,-1000000.0,-1600.0,-18.982,0.0,17.359,10.985,7.7866,0.30139,0.0,-1602.32,0.1477,20.0
460,2024-04-05,0.2193,0.04064,-0.2,2.925,0.844791666666667,0.0,0.04064,9.984e-32,0.0,-3.8743e-07,10.729,61.539,-7.4852,22.328,-0.001026,-1000000.0,-1600.0,-18.983,0.0,17.359,10.985,7.7866,0.30139,0.0,-1602.32,0.1477,20.0
461,2024-04-06,0.5678,0.05334,-1.45,1.45,0.084375,0.0,0.05334,9.984e-32,0.0,-3.8743e-07,10.729,61.592,-7.4852,22.328,-0.0010264,-1000000.0,-1600.0,-18.985,0.0,17.359,10.985,7.7866,0.30139,0.0,-1602.32,0.1477,20.0
462,2024-04-07,0.7909,0.09906,-0.375,6.275,2.84166666666667,0.0,0.09906,9.984e-32,0.0,-3.8743e-07,10.729,61.691,-7.4852,22.328,-0.0010267,-1000000.0,-1600.0,-18.986,0.0,17.359,10.985,7.7866,0.30139,0.0,-1602.32,0.1477,20.0
463,2024-04-08,0.0,0.25654,-1.0,11.95,5.259375,0.0,0.25654,9.984e-32,0.0,-3.8743e-07,10.729,61.948,-7.4852,22.328,-0.0010271,-1000000.0,-1600.0,-18.988,0.0,17.359,10.985,7.7866,0.30139,0.0,-1602.32,0.1477,20.0
464,2024-04-09,0.0051,0.36322,4.225,15.375,8.84270833333333,0.0,0.36322,9.984e-32,0.0,-3.8743e-07,10.729,62.311,-7.4852,22.328,-0.0010275,-1000000.0,-1600.0,-18.989,0.0,17.359,10.985,7.7866,0.30139,0.0,-1602.32,0.1477,20.0
465,2024-04-10,0.0085,0.2286,-0.65,12.075,5.19375,0.0,0.2286,9.984e-32,0.0,-3.8743e-07,10.729,62.54,-7.4852,22.328,-0.0010279,-1000000.0,-1600.0,-18.99,0.0,17.359,10.985,7.7866,0.30139,0.0,-1602.32,0.1477,20.0
466,2024-04-11,0.0,0.30734,-2.4,16.925,7.57708333333333,0.0,0.30734,9.984e-32,0.0,-3.8743e-07,10.729,62.847,-7.4852,22.328,-0.0010283,-1000000.0,-1600.0,-18.992,0.0,17.359,10.985,7.7866,0.30139,0.0,-1602.32,0.1477,20.0
467,2024-04-12,0.0,0.3048,1.7,22.475,11.86875,0.0,0.3048,9.984e-32,0.0,-3.8743e-07,10.729,63.152,-7.4852,22.328,-0.0010287,-1000000.0,-1600.0,-18.993,0.0,17.359,10.985,7.7866,0.30139,0.0,-1602.32,0.1477,20.0
468,2024-04-13,0.0,0.381,7.675,22.875,14.7541666666667,0.0,0.381,9.984e-32,0.0,-3.8743e-07,10.729,63.533,-7.4852,22.328,-0.0010291,-1000000.0,-1600.0,-18.995,0.0,17.359,10.985,7.7866,0.30139,0.0,-1602.32,0.1477,20.0
469,2024-04-14,0.0901,0.30988,3.5,23.4,13.3427083333333,0.0,0.30988,9.984e-32,0.0,-3.8743e-07,10.729,63.843,-7.4852,22.328,-0.0010295,-1000000.0,-1600.0,-18.996,0.0,17.359,10.985,7.7866,0.30139,0.0,-1602.32,0.1477,20.0
470,2024-04-15,0.0,0.2921,5.65,21.35,12.6125,0.0,0.2921,9.984e-32,0.0,-3.8743e-07,10.729,64.135,-7.4852,22.328,-0.0010298,-1000000.0,-1600.0,-18.998,0.0,17.359,10.985,7.7866,0.30139,0.0,-1602.32,0.1477,20.0
471,2024-04-16,0.0,0.26162,-3.375,13.25,5.696875,0.0,0.26162,9.984e-32,0.0,-3.8743e-07,10.729,64.397,-7.4852,22.328,-0.0010302,-1000000.0,-1600.0,-18.999,0.0,17.359,10.985,7.7866,0.30139,0.0,-1602.32,0.1477,20.0
472,2024-04-17,0.0102,0.11938,-6.675,1.025,-1.67708333333333,0.0,0.11938,9.984e-32,0.0,-3.8743e-07,10.729,64.516,-7.4852,22.328,-0.0010306,-1000000.0,-1600.0,-19.0,0.0,17.359,10.985,7.7866,0.30139,0.0,-1602.32,0.1477,20.0
473,2024-04-18,0.0,0.1397,-8.675,3.975,-1.83020833333333,0.0,0.1397,9.984e-32,0.0,-3.8743e-07,10.729,64.656,-7.4852,22.328,-0.001031,-1000000.0,-1600.0,-19.002,0.0,17.359,10.985,7.7866,0.30139,0.0,-1602.32,0.1477,20.0
474,2024-04-19,0.0,0.10414,-11.625,1.4,-3.765625,0.0,0.10414,9.984e-32,0.0,-3.8743e-07,10.729,64.76,-7.4852,22.328,-0.0010314,-1000000.0,-1600.0,-19.003,0.0,17.359,10.985,7.7866,0.30139,0.0,-1602.32,0.1477,20.0
475,2024-04-20,0.0,0.23622,-11.75,9.7,-0.378125,0.0,0.23622,9.984e-32,0.0,-3.8743e-07,10.729,64.996,-7.4852,22.328,-0.0010318,-1000000.0,-1600.0,-19.005,0.0,17.359,10.985,7.7866,0.30139,0.0,-1602.32,0.1477,20.0
476,2024-04-21,0.0,0.43434,-0.725,17.125,8.09166666666667,0.0,0.43434,9.984e-32,0.0,-3.5763e-07,10.729,65.43,-7.4852,22.328,-0.0010322,-1000000.0,-1600.0,-19.006,0.0,17.359,10.985,7.7866,0.30139,0.0,-1602.32,0.1477,20.0
477,2024-04-22,0.0,0.35052,0.575,15.9,7.528125,0.0,0.35052,9.984e-32,0.0,-3.5763e-07,10.729,65.781,-7.4852,22.328,-0.0010325,-1000000.0,-1600.0,-19.007,0.0,17.359,10.985,7.7866,0.30139,0.0,-1602.32,0.1477,20.0
478,2024-04-23,0.0,0.32512,-3.2,16.0,7.665625,0.0,0.32512,9.984e-32,0.0,-3.8743e-07,10.729,66.106,-7.4852,22.328,-0.0010329,-1000000.0,-1600.0,-19.009,0.0,17.359,10.985,7.7866,0.30139,0.0,-1602.32,0.1477,20.0
479,2024-04-24,0.0,0.44704,0.75,22.975,13.1,0.0,0.44704,9.984e-32,0.0,-3.8743e-07,10.729,66.553,-7.4852,22.328,-0.0010333,-1000000.0,-1600.0,-19.01,0.0,17.359,10.985,7.7866,0.30139,0.0,-1602.32,0.1477,20.0
480,2024-04-25,0.0,0.27432,1.325,18.175,12.0291666666667,0.0,0.27432,9.984e-32,0.0,-3.5763e-07,10.729,66.827,-7.4852,22.328,-0.0010336,-1000000.0,-1600.0,-19.011,0.0,17.359,10.985,7.7866,0.30139,0.0,-1602.32,0.1477,20.0
481,2024-04-26,0.0,0.254,-1.7,14.925,7.89166666666667,0.0,0.254,9.984e-32,0.0,-3.5763e-07,10.729,67.081,-7.4852,22.328,-0.001034,-1000000.0,-1600.0,-19.013,0.0,17.359,10.985,7.7866,0.30139,0.0,-1602.32,0.1477,20.0
482,2024-04-27,0.5938,0.12954,3.95,8.65,5.98020833333333,0.0,0.12954,9.984e-32,0.0,-3.5763e-07,10.729,67.211,-7.4852,22.328,-0.0010343,-1000000.0,-1600.0,-19.014,0.0,17.359,10.985,7.7866,0.30139,0.0,-1602.32,0.1477,20.0
483,2024-04-28,0.0034,0.35306,4.075,15.6,9.42604166666667,0.0,0.35306,9.984e-32,0.0,-3.5763e-07,10.729,67.564,-7.4852,22.328,-0.0010347,-1000000.0,-1600.0,-19.015,0.0,17.359,10.985,7.7866,0.30139,0.0,-1602.32,0.1477,20.0
484,2024-04-29,0.0,0.32004,2.575,13.0,7.91770833333333,0.0,0.32004,9.984e-32,0.0,-3.5763e-07,10.729,67.884,-7.4852,22.328,-0.001035,-1000000.0,-1600.0,-19.017,0.0,17.359,10.985,7.7866,0.30139,0.0,-1602.32,0.1477,20.0
485,2024-04-30,0.0,0.29464,-2.9,12.2,4.46041666666667,0.0,0.29464,9.984e-32,0.0,-3.5763e-07,10.729,68.179,-7.4852,22.328,-0.0010354,-1000000.0,-1600.0,-19.018,0.0,17.359,10.985,7.7866,0.30139,0.0,-1602.32,0.1477,20.0
486,2024-05-01,0.1156,0.19558,-5.575,8.2,2.05,0.0,0.19558,9.984e-32,0.0,-3.5763e-07,10.729,68.374,-7.4852,22.328,-0.0010358,-1000000.0,-1600.0,-19.019,0.0,17.359,10.985,7.7866,0.30139,0.0,-1602.32,0.1477,20.0
487,2024-05-02,0.4098,0.13208,-0.425,5.45,1.63333333333333,0.0,0.13208,9.984e-32,0.0,-3.5763e-07,10.729,68.506,-7.4852,22.328,-0.0010361,-1000000.0,-1600.0,-19.02,0.0,17.359,10.985,7.7866,0.30139,0.0,-1602.32,0.1477,20.0
488,2024-05-03,0.0119,0.19558,-1.4,9.775,3.46041666666667,0.0,0.19558,9.984e-32,0.0,-3.5763e-07,10.729,68.702,-7.4852,22.328,-0.0010365,-1000000.0,-1600.0,-19.022,0.0,17.359,10.985,7.7866,0.30139,0.0,-1602.32,0.1477,20.0
489,2024-05-04,0.0,0.32766,-3.95,15.875,7.5375,0.0,0.32766,9.984e-32,0.0,-3.5763e-07,10.729,69.03,-7.4852,22.328,-0.0010368,-1000000.0,-1600.0,-19.023,0.0,17.359,10.985,7.7866,0.30139,0.0,-1602.32,0.1477,20.0
490,2024-05-05,0.0,0.22606,4.325,15.525,9.046875,0.0,0.22606,9.984e-32,0.0,-3.5763e-07,10.729,69.256,-7.4852,22.328,-0.0010372,-1000000.0,-1600.0,-19.024,0.0,17.359,10.985,7.7866,0.30139,0.0,-1602.32,0.1477,20.0
491,2024-05-06,0.0,0.30226,4.3,16.0,9.90520833333333,0.0,0.30226,9.984e-32,0.0,-3.5763e-07,10.729,69.558,-7.4852,22.328,-0.0010376,-1000000.0,-1600.0,-19.026,0.0,17.359,10.985,7.7866,0.30139,0.0,-1602.32,0.1477,20.0
492,2024-05-07,1.4485,0.12954,0.85,8.225,5.53229166666667,0.0,0.12954,9.984e-32,0.0,-3.5763e-07,10.729,69.687,-7.4852,22.328,-0.0010379,-1000000.0,-1600.0,-19.027,0.0,17.359,10.985,7.7866,0.30139,0.0,-1602.32,0.1477,20.0
493,2024-05-08,1.0762,0.04572,0.1,4.125,1.85866666666667,0.0,0.04572,9.984e-32,0.0,-3.5763e-07,10.729,69.733,-7.4852,22.328,-0.0010383,-1000000.0,-1600.0,-19.028,0.0,17.359,10.985,7.7866,0.30139,0.0,-1602.32,0.1477,20.0
494,2024-05-09,0.1497,0.2667,3.95,17.55,9.71458333333333,0.0,0.2667,9.984e-32,0.0,-3.5763e-07,10.729,70.0,-7.4852,22.328,-0.0010386,-1000000.0,-1600.0,-19.03,0.0,17.359,10.985,7.7866,0.30139,0.0,-1602.32,0.1477,20.0
495,2024-05-10,0.0034,0.39878,1.6,21.575,12.615625,0.0,0.39878,9.984e-32,0.0,-3.5763e-07,10.729,70.399,-7.4852,22.328,-0.001039,-1000000.0,-1600.0,-19.031,0.0,17.359,10.985,7.7866,0.30139,0.0,-1602.32,0.1477,20.0
496,2024-05-11,0.0,0.42926,6.8,26.0,17.175,0.0,0.42926,9.984e-32,0.0,-3.5763e-07,10.729,70.828,-7.4852,22.328,-0.0010393,-1000000.0,-1600.0,-19.032,0.0,17.359,10.985,7.7866,0.30139,0.0,-1602.32,0.1477,20.0
497,2024-05-12,0.0,0.42418,5.625,25.6,15.7104166666667,0.0,0.42418,9.984e-32,0.0,-3.5763e-07,10.729,71.252,-7.4852,22.328,-0.0010397,-1000000.0,-1600.0,-19.034,0.0,17.359,10.985,7.7866,0.30139,0.0,-1602.32,0.1477,20.0
498,2024-05-13,0.0391,0.381,7.9,24.775,15.6208333333333,0.0,0.381,9.984e-32,0.0,-3.5763e-07,10.729,71.633,-7.4852,22.328,-0.0010401,-1000000.0,-1600.0,-19.035,0.0,17.359,10.985,7.7866,0.30139,0.0,-1602.32,0.1477,20.0
499,2024-05-14,0.1395,0.21844,7.225,16.45,11.0875,0.0,0.21844,9.984e-32,0.0,-3.5763e-07,10.729,71.851,-7.4852,22.328,-0.0010404,-1000000.0,-1600.0,-19.036,0.0,17.359,10.985,7.7866,0.30139,0.0,-1602.32,0.1477,20.0
500,2024-05-15,0.0,0.35814,7.6,21.575,14.1708333333333,0.0,0.35814,9.984e-32,0.0,-3.5763e-07,10.729,72.21,-7.4852,22.328,-0.0010408,-1000000.0,-1600.0,-19.037,0.0,17.359,10.985,7.7866,0.30139,0.0,-1602.32,0.1477,20.0
501,2024-05-16,0.0,0.48006,9.725,23.3,16.353125,0.0,0.48006,9.984e-32,0.0,-3.5763e-07,10.729,72.69,-7.4852,22.328,-0.0010411,-1000000.0,-1600.0,-19.039,0.0,17.359,10.985,7.7866,0.30139,0.0,-1602.32,0.1477,20.0
502,2024-05-17,0.1243,0.36068,1.95,15.95,10.1802083333333,0.0,0.36068,9.984e-32,0.0,-3.5763e-07,10.729,73.05,-7.4852,22.328,-0.0010415,-1000000.0,-1600.0,-19.04,0.0,17.359,10.985,7.7866,0.30139,0.0,-1602.32,0.1477,20.0
503,2024-05-18,0.0,0.35306,0.0,15.525,8.0875,0.0,0.35306,9.984e-32,0.0,-3.5763e-07,10.729,73.403,-7.4852,22.328,-0.0010418,-1000000.0,-1600.0,-19.041,0.0,17.359,10.985,7.7866,0.30139,0.0,-1602.32,0.1477,20.0
504,2024-05-19,0.1803,0.24892,2.325,13.25,7.271875,0.0,0.24892,9.984e-32,0.0,-3.5763e-07,10.729,73.652,-7.4852,22.328,-0.0010422,-1000000.0,-1600.0,-19.043,0.0,17.359,10.985,7.7866,0.30139,0.0,-1602.32,0.1477,20.0
505,2024-05-20,0.0051,0.29718,-1.125,15.275,6.74583333333333,0.0,0.29718,9.984e-32,0.0,-3.5763e-07,10.729,73.95,-7.4852,22.328,-0.0010426,-1000000.0,-1600.0,-19.044,0.0,17.359,10.985,7.7866,0.30139,0.0,-1602.32,0.1477,20.0
506,2024-05-21,0.0085,0.28956,-1.2,16.0,8.71770833333333,0.0,0.28956,9.984e-32,0.0,-3.5763e-07,10.729,74.239,-7.4852,22.328,-0.0010429,-1000000.0,-1600.0,-19.045,0.0,17.359,10.985,7.7866,0.30139,0.0,-1602.32,0.1477,20.0
507,2024-05-22,0.7844,0.23368,6.175,14.175,9.075,0.0,0.23368,9.984e-32,0.0,-3.5763e-07,10.729,74.473,-7.4852,22.328,-0.0010433,-1000000.0,-1600.0,-19.047,0.0,17.359,10.985,7.7866,0.30139,0.0,-1602.32,0.1477,20.0
508,2024-05-23,0.3556,0.25654,3.85,12.85,8.15520833333333,0.0,0.25654,9.984e-32,0.0,-3.5763e-07,10.729,74.729,-7.4852,22.328,-0.0010436,-1000000.0,-1600.0,-19.048,0.0,17.359,10.985,7.7866,0.30139,0.0,-1602.32,0.1477,20.0
509,2024-05-24,0.0,0.39878,4.65,17.3,10.7052083333333,0.0,0.39878,9.984e-32,0.0,-3.5763e-07,10.729,75.128,-7.4852,22.328,-0.001044,-1000000.0,-1600.0,-19.049,0.0,17.359,10.985,7.7866,0.30139,0.0,-1602.32,0.1477,20.0
510,2024-05-25,0.0,0.31496,1.35,18.525,9.8625,0.0,0.31496,9.984e-32,0.0,-3.5763e-07,10.729,75.443,-7.4852,22.328,-0.0010443,-1000000.0,-1600.0,-19.051,0.0,17.359,10.985,7.7866,0.30139,0.0,-1602.32,0.1477,20.0
511,2024-05-26,0.0,0.42164,4.45,18.125,10.9333333333333,0.0,0.42164,9.984e-32,0.0,-3.5763e-07,10.729,75.865,-7.4852,22.328,-0.0010447,-1000000.0,-1600.0,-19.052,0.0,17.359,10.985,7.7866,0.30139,0.0,-1602.32,0.1477,20.0
512,2024-05-27,0.0,0.41148,3.15,22.95,13.8697916666667,0.0,0.41148,9.984e-32,0.0,-3.5763e-07,10.729,76.276,-7.4852,22.328,-0.0010451,-1000000.0,-1600.0,-19.053,0.0,17.359,10.985,7.7866,0.30139,0.0,-1602.32,0.1477,20.0
513,2024-05-28,0.0885,0.4699,2.975,27.05,15.3177083333333,0.0,0.4699,9.984e-32,0.0,-3.5763e-07,10.729,76.746,-7.4852,22.328,-0.0010454,-1000000.0,-1600.0,-19.054,0.0,17.359,10.985,7.7866,0.30139,0.0,-1602.32,0.1477,20.0
514,2024-05-29,0.2349,0.41148,7.775,18.825,13.6041666666667,0.0,0.41148,9.984e-32,0.0,-3.5763e-07,10.729,77.158,-7.4852,22.328,-0.0010458,-1000000.0,-1600.0,-19.056,0.0,17.359,10.985,7.7866,0.30139,0.0,-1602.32,0.1477,20.0
515,2024-05-30,0.0,0.36576,2.35,16.8,10.0135416666667,0.0,0.36576,9.984e-32,0.0,-3.5763e-07,10.729,77.523,-7.4852,22.328,-0.0010461,-1000000.0,-1600.0,-19.057,0.0,17.359,10.985,7.7866,0.30139,0.0,-1602.32,0.1477,20.0
516,2024-05-31,0.0,0.40132,0.8,19.7,10.6260416666667,0.0,0.40132,9.984e-32,0.0,-3.5763e-07,10.729,77.925,-7.4852,22.328,-0.0010465,-1000000.0,-1600.0,-19.058,0.0,17.359,10.985,7.7866,0.30139,0.0,-1602.32,0.1477,20.0
517,2024-06-01,0.0,0.3683,0.05,22.075,12.871875,0.0,0.3683,9.984e-32,0.0,-3.5763e-07,10.729,78.293,-7.4852,22.328,-0.0010469,-1000000.0,-1600.4,-19.06,0.0,17.359,10.985,7.7866,0.30139,0.0,-1602.32,0.1477,20.0
518,2024-06-02,0.0,0.41148,7.875,21.3,15.5416666666667,0.0,0.41148,9.984e-32,0.0,-3.5763e-07,10.729,78.704,-7.4852,22.328,-0.0010472,-1000000.0,-1600.4,-19.061,0.0,17.359,10.985,7.7866,0.30139,0.0,-1602.32,0.1477,20.0
519,2024-06-03,0.0,0.46482,8.275,19.75,14.65,0.0,0.46482,9.984e-32,0.0,-3.5763e-07,10.729,79.169,-7.4852,22.328,-0.0010476,-1000000.0,-1600.4,-19.062,0.0,17.359,10.985,7.7866,0.30139,0.0,-1602.32,0.1477,20.0
520,2024-06-04,0.0,0.47752,7.375,19.7,12.3802083333333,0.0,0.47752,9.984e-32,0.0,-3.5763e-07,10.729,79.647,-7.4852,22.328,-0.0010479,-1000000.0,-1600.4,-19.064,0.0,17.359,10.985,7.7866,0.30139,0.0,-1602.32,0.1477,20.0
521,2024-06-05,0.0,0.4445,7.375,22.775,14.9489583333333,0.0,0.4445,9.984e-32,0.0,-3.5763e-07,10.729,80.091,-7.4852,22.328,-0.0010483,-1000000.0,-1600.4,-19.065,0.0,17.359,10.985,7.7866,0.30139,0.0,-1602.32,0.1477,20.0
522,2024-06-06,0.0,0.44196,3.6,25.925,15.89375,0.0,0.44196,9.984e-32,0.0,-3.5763e-07,10.729,80.533,-7.4852,22.328,-0.0010486,-1000000.0,-1600.4,-19.066,0.0,17.359,10.985,7.7866,0.30139,0.0,-1602.32,0.1477,20.0
523,2024-06-07,0.0,0.42672,6.225,21.75,15.04375,0.0,0.42672,9.984e-32,0.0,-3.5763e-07,10.729,80.96,-7.4852,22.328,-0.001049,-1000000.0,-1600.4,-19.068,0.0,17.359,10.985,7.7866,0.30139,0.0,-1602.32,0.1477,20.0
524,2024-06-08,0.0,0.41656,3.55,23.05,14.2875,0.0,0.41656,9.984e-32,0.0,-3.5763e-07,10.729,81.376,-7.4852,22.328,-0.0010494,-1000000.0,-1600.4,-19.069,0.0,17.359,10.985,7.7866,0.30139,0.0,-1602.32,0.1477,20.0
525,2024-06-09,0.0,0.39878,2.7,21.2,13.6229166666667,0.0,0.39878,9.984e-32,0.0,-3.5763e-07,10.729,81.775,-7.4852,22.328,-0.0010497,-1000000.0,-1600.4,-19.07,0.0,17.359,10.985,7.7866,0.30139,0.0,-1602.32,0.1477,20.0
526,2024-06-10,0.1173,0.45974,12.875,25.2,18.5552083333333,0.0,0.45974,9.984e-32,0.0,-3.5763e-07,10.729,82.235,-7.4852,22.328,-0.0010501,-1000000.0,-1600.4,-19.071,0.0,17.359,10.985,7.7866,0.30139,0.0,-1602.32,0.1477,20.0
527,2024-06-11,0.0,0.55118,10.25,28.1,19.2333333333333,0.0,0.55118,9.984e-32,0.0,-3.5763e-07,10.729,82.786,-7.4852,22.328,-0.0010504,-1000000.0,-1600.4,-19.073,0.0,17.359,10.985,7.7866,0.30139,0.0,-1602.32,0.1477,20.0
528,2024-06-12,0.0,0.5207,6.5,25.4,17.9635416666667,-1.524,0.5207,-0.60249,0.099829,0.0,9.205,83.307,-8.5452,22.394,-0.0010504,0.0,-1366.7,-19.073,0.92151,17.829,11.98,8.8466,0.30139,0.0,-1602.32,0.1477,20.0
529,2024-06-13,0.0,0.45466,2.55,25.225,15.58125,-1.524,0.45466,-0.51265,0.10284,0.0,7.681,83.762,-9.1055,22.489,-0.0010504,0.0,-1231.7,-19.073,1.0114,18.793,12.445,9.4069,0.30139,0.0,-1602.32,0.1477,20.0
530,2024-06-14,0.0,0.41656,5.4,28.675,17.7677083333333,-1.524,0.41656,-0.48764,0.089263,0.0,6.157,84.178,-9.611,22.578,-0.0010504,0.0,-1122.6,-19.073,1.0364,19.811,12.86,9.9124,0.30139,0.0,-1602.32,0.1477,20.0
531,2024-06-15,0.1258,0.32766,6.075,20.8,12.496875,-1.6498,0.32766,-0.4809,0.063972,0.0,4.5072,84.506,-10.104,22.645,-0.0010504,0.0,-1010.2,-19.073,1.1689,20.968,13.286,10.405,0.30139,0.0,-1602.32,0.1477,20.0
532,2024-06-16,0.0612,0.4318,5.1,17.55,11.1666666666667,-1.5852,0.4318,-0.48775,0.075481,0.0,2.922,84.938,-10.589,22.726,-0.0010504,0.0,-904.48,-19.073,1.0975,22.068,13.69,10.89,0.30139,0.0,-1602.32,0.1477,20.0
533,2024-06-17,2.0693,0.09652,4.25,6.625,5.37916666666667,-3.5933,0.09652,-0.48811,0.015167,0.0,-0.67127,85.034,-11.072,22.742,-0.0010504,0.0,-782.82,-19.073,3.1052,25.179,14.157,11.373,0.30139,0.0,-1602.32,0.1477,20.0
534,2024-06-18,0.4488,0.23368,2.85,12.575,7.25729166666667,0.0,0.23368,-3.2247e-08,0.17526,-3.7958e-07,-0.67127,85.268,-11.072,22.917,-0.0010508,-14.098,-795.43,-19.074,0.0,25.179,13.983,11.373,0.30139,0.0,-1602.32,0.1477,20.0
535,2024-06-19,0.2366,0.37592,0.625,19.575,10.209375,0.0,0.37592,-8.9349e-09,0.28194,-3.5763e-07,-0.67127,85.644,-11.072,23.199,-0.0010511,-15.962,-811.1,-19.075,0.0,25.179,13.727,11.373,0.30139,0.0,-1602.32,0.1477,20.0
536,2024-06-20,0.017,0.4191,1.275,23.0,13.3677083333333,0.0,0.4191,4.6566e-10,0.31433,-3.5763e-07,-0.67127,86.063,-11.072,23.513,-0.0010515,-17.488,-831.38,-19.077,0.0,25.179,13.429,11.373,0.30139,0.0,-1602.32,0.1477,20.0
537,2024-06-21,0.423,0.33528,5.225,22.075,13.5125,0.0,0.33528,-1.4552e-08,0.25146,-3.5763e-07,-0.67127,86.398,-11.072,23.764,-0.0010518,-18.488,-853.95,-19.078,0.0,25.179,13.146,11.373,0.30139,0.0,-1602.32,0.1477,20.0
538,2024-06-22,0.0051,0.42672,6.725,27.45,17.715625,0.0,0.42672,-5.7044e-09,0.3194,-3.5763e-07,-0.67127,86.825,-11.072,24.084,-0.0010522,-18.851,-883.68,-19.079,0.0,25.179,12.861,11.373,0.30139,0.0,-1602.32,0.1477,20.0
539,2024-06-23,0.0,0.55626,9.6,30.625,20.9,0.0,0.55626,-1.1278e-08,0.41126,-3.5763e-07,-0.67127,87.381,-11.072,24.496,-0.0010526,-19.21,-935.61,-19.081,0.0,25.179,12.494,11.373,0.30139,0.0,-1602.32,0.1477,20.0
540,2024-06-24,0.0119,0.49022,10.15,27.5,19.7397727272727,0.0,0.49022,-7.3487e-09,0.35255,-3.5763e-07,-0.67127,87.871,-11.072,24.853,-0.0010529,-19.756,-1020.1,-19.082,0.0,25.179,12.108,11.373,0.30139,0.0,-1602.32,0.1477,20.0
541,2024-06-25,0.0,0.41148,6.525,24.95,16.6666666666667,0.0,0.41148,-1.4203e-08,0.25622,-3.5763e-07,-0.67127,88.283,-11.072,25.123,-0.0010533,-20.477,-1131.9,-19.083,0.0,25.179,11.79,11.373,0.30139,0.0,-1602.32,0.1477,20.0
542,2024-06-26,0.1191,0.44196,5.55,28.55,18.09375,0.0,0.44196,-1.314e-08,0.19533,-3.5763e-07,-0.67127,88.725,-11.072,25.338,-0.0010536,-21.272,-1262.1,-19.084,0.0,25.179,11.544,11.373,0.30139,0.0,-1602.32,0.1477,20.0
543,2024-06-27,1.0032,0.32258,10.975,19.175,14.7322916666667,0.0,0.32258,-6.3155e-09,0.10395,-3.5763e-07,-0.67127,89.047,-11.072,25.453,-0.001054,-21.994,-1372.3,-19.086,0.0,25.179,11.384,11.373,0.30139,0.0,-1602.32,0.1477,20.0
544,2024-06-28,0.0953,0.21844,7.875,15.275,11.94375,0.0,0.21844,-6.0973e-09,0.05564,-3.5763e-07,-0.67127,89.266,-11.072,25.513,-0.0010543,-22.532,-1435.2,-19.087,0.0,25.179,11.3,11.373,0.30139,0.0,-1602.32,0.1477,20.0
545,2024-06-29,0.0102,0.37592,3.0,21.975,13.6864583333333,0.0,0.37592,9.3933e-09,0.054738,-3.5763e-07,-0.67127,89.642,-11.072,25.575,-0.0010547,-22.917,-1488.2,-19.088,0.0,25.179,11.237,11.373,0.30139,0.0,-1602.32,0.1477,20.0
546,2024-06-30,0.1293,0.26924,10.1,21.3,15.3645833333333,0.0,0.26924,1.1409e-08,0.027364,-3.5763e-07,-0.67127,89.911,-11.072,25.606,-0.0010551,-23.174,-1528.7,-19.09,0.0,25.179,11.193,11.373,0.30139,0.0,-1602.32,0.1477,20.0
547,2024-07-01,0.0613,0.37084,10.775,24.25,16.6302083333333,0.0,0.37084,-1.1332e-08,0.019943,-3.5763e-07,-0.67127,90.282,-11.072,25.629,-0.0010554,-23.349,-1557.1,-19.091,0.0,25.179,11.166,11.373,0.30139,0.0,-1602.32,0.1477,20.0
548,2024-07-02,0.0,0.42672,10.675,25.875,17.69375,-1.397,0.42672,-0.60926,0.1096,0.0,-2.0683,90.709,-12.026,25.707,-0.0010554,0.0,-1318.7,-19.091,0.78774,25.626,12.043,12.328,0.30139,0.0,-1602.32,0.1477,20.0
549,2024-07-03,0.6927,0.24638,9.875,19.625,12.69375,0.0,0.24638,-1.3388e-08,0.075883,-3.6123e-07,-2.0683,90.955,-12.026,25.784,-0.0010558,-14.343,-1334.0,-19.092,0.0,25.626,11.965,12.328,0.30139,0.0,-1602.32,0.1477,20.0
550,2024-07-04,0.0119,0.35814,9.35,21.825,15.8885416666667,-2.8059,0.35814,-0.5207,0.085084,0.0,-4.8742,91.313,-12.607,25.866,-0.0010558,0.0,-1219.7,-19.092,2.2852,27.852,12.463,12.908,0.30139,0.0,-1602.32,0.1477,20.0
551,2024-07-05,0.0374,0.37592,9.35,23.55,16.3864583333333,0.0,0.37592,-1.0506e-08,0.15178,-3.6112e-07,-4.8742,91.689,-12.607,26.019,-0.0010561,-14.41,-1236.6,-19.094,0.0,27.852,12.31,12.908,0.30139,0.0,-1602.32,0.1477,20.0
552,2024-07-06,0.1683,0.34798,11.75,24.425,16.828125,-2.9623,0.34798,-0.50105,0.078279,0.0,-7.8365,92.037,-13.164,26.103,-0.0010561,0.0,-1158.3,-19.094,2.4613,30.258,12.782,13.465,0.30139,0.0,-1602.32,0.1477,20.0
553,2024-07-07,0.0153,0.4445,9.35,28.35,19.5072916666667,0.0,0.4445,-1.4028e-08,0.20067,-3.7541e-07,-7.8365,92.481,-13.164,26.304,-0.0010565,-14.934,-1172.6,-19.095,0.0,30.258,12.583,13.465,0.30139,0.0,-1602.32,0.1477,20.0
554,2024-07-08,0.0,0.46228,9.675,32.35,22.5375,-2.794,0.46228,-0.49513,0.079351,0.0,-10.63,92.944,-13.724,26.422,-0.0010565,0.0,-1093.2,-19.095,2.2989,32.493,13.024,14.025,0.30139,0.0,-1602.32,0.1477,20.0
555,2024-07-09,0.0,0.4572,10.55,32.675,23.1989583333333,0.0,0.4572,1.3679e-08,0.23414,-3.6616e-07,-10.63,93.401,-13.724,26.658,-0.0010568,-14.875,-1110.2,-19.096,0.0,32.493,12.788,14.025,0.30139,0.0,-1602.32,0.1477,20.0
556,2024-07-10,0.0,0.47752,11.25,36.75,24.376619047619,-2.794,0.47752,-0.46928,0.097837,0.0,-13.424,93.878,-14.284,26.791,-0.0010568,0.0,-1049.9,-19.096,2.3247,34.727,13.213,14.585,0.30139,0.0,-1602.32,0.1477,20.0
557,2024-07-11,0.0443,0.4318,15.075,35.075,24.3770833333333,-1.4413,0.4318,-0.48645,0.080215,0.0,-14.866,94.31,-14.771,26.874,-0.0010568,0.0,-940.43,-19.096,0.95485,35.682,13.618,15.072,0.30139,0.0,-1602.32,0.1477,20.0
558,2024-07-12,0.0,0.43688,10.225,30.2,21.3583333333333,0.0,0.43688,2.6659e-08,0.27774,-3.5755e-07,-14.866,94.747,-14.771,27.151,-0.0010572,-14.913,-958.57,-19.097,0.0,35.682,13.343,15.072,0.30139,0.0,-1602.32,0.1477,20.0
559,2024-07-13,0.0,0.44958,10.175,33.55,22.7614583333333,0.0,0.44958,1.2456e-08,0.28581,-3.5763e-07,-14.866,95.197,-14.771,27.437,-0.0010576,-16.828,-975.58,-19.099,0.0,35.682,13.059,15.072,0.30139,0.0,-1602.32,0.1477,20.0
560,2024-07-14,0.0,0.42672,10.775,34.075,23.2291666666667,0.0,0.42672,1.4348e-08,0.27127,-3.5763e-07,-14.866,95.623,-14.771,27.708,-0.0010579,-18.221,-995.73,-19.1,0.0,35.682,12.78,15.072,0.30139,0.0,-1602.32,0.1477,20.0
561,2024-07-15,0.0,0.4826,10.55,34.225,22.7958333333333,0.0,0.4826,4.9113e-09,0.3068,-3.5763e-07,-14.866,96.106,-14.771,28.015,-0.0010583,-18.82,-1023.5,-19.101,0.0,35.682,12.491,15.072,0.30139,0.0,-1602.32,0.1477,20.0
562,2024-07-16,0.0,0.46228,9.7,35.1,23.2583333333333,0.0,0.46228,6.1555e-09,0.29388,-3.5763e-07,-14.866,96.568,-14.771,28.309,-0.0010586,-19.198,-1065.0,-19.103,0.0,35.682,12.191,15.072,0.30139,0.0,-1602.32,0.1477,20.0
563,2024-07-17,0.0,0.45212,11.35,36.625,24.59375,0.0,0.45212,-1.4406e-09,0.28742,-3.5763e-07,-14.866,97.02,-14.771,28.597,-0.001059,-19.714,-1126.6,-19.104,0.0,35.682,11.9,15.072,0.30139,0.0,-1602.32,0.1477,20.0
564,2024-07-18,0.0408,0.37592,12.175,34.1,23.31875,0.0,0.37592,-8.3091e-09,0.21435,-3.5763e-07,-14.866,97.396,-14.771,28.821,-0.0010593,-20.399,-1216.5,-19.105,0.0,35.682,11.639,15.072,0.30139,0.0,-1602.32,0.1477,20.0
565,2024-07-19,0.0,0.40894,10.5,34.6,23.121875,0.0,0.40894,1.4043e-08,0.16387,-3.5763e-07,-14.866,97.805,-14.771,29.003,-0.0010597,-21.17,-1329.4,-19.107,0.0,35.682,11.432,15.072,0.30139,0.0,-1602.32,0.1477,20.0
566,2024-07-20,0.0,0.41402,12.25,34.6,24.3864583333333,0.0,0.41402,-2.7649e-10,0.0957,-3.5763e-07,-14.866,98.219,-14.771,29.116,-0.0010601,-21.894,-1439.6,-19.108,0.0,35.682,11.285,15.072,0.30139,0.0,-1602.32,0.1477,20.0
567,2024-07-21,0.0,0.37084,11.225,32.9,22.7166666666667,0.0,0.37084,-1.4668e-08,0.047544,-3.5763e-07,-14.866,98.59,-14.771,29.172,-0.0010604,-22.464,-1513.1,-19.109,0.0,35.682,11.205,15.072,0.30139,0.0,-1602.32,0.1477,20.0
568,2024-07-22,0.0,0.38608,10.85,34.65,22.9427083333333,0.0,0.38608,-9.2841e-09,0.023318,-3.5763e-07,-14.866,98.976,-14.771,29.201,-0.0010608,-22.87,-1557.7,-19.111,0.0,35.682,11.163,15.072,0.30139,0.0,-1602.32,0.1477,20.0
569,2024-07-23,0.0,0.4826,15.625,38.325,26.4958333333333,0.0,0.4826,4.6566e-09,0.010725,-3.5763e-07,-14.866,99.459,-14.771,29.216,-0.0010611,-23.146,-1582.7,-19.112,0.0,35.682,11.143,15.072,0.30139,0.0,-1602.32,0.1477,20.0
570,2024-07-24,0.0,0.55626,12.65,37.5,26.8208333333333,0.0,0.55626,-1.2526e-08,0.0041069,-3.5763e-07,-14.866,100.02,-14.771,29.222,-0.0010615,-23.331,-1594.3,-19.113,0.0,35.682,11.134,15.072,0.30139,0.0,-1602.32,0.1477,20.0
571,2024-07-25,0.0,0.58928,15.75,33.25,25.471875,0.0,0.58928,-4.4092e-09,0.00098507,-3.5763e-07,-14.866,100.6,-14.771,29.223,-0.0010618,-23.453,-1599.0,-19.114,0.0,35.682,11.13,15.072,0.30139,0.0,-1602.32,0.1477,20.0
572,2024-07-26,0.0,0.47244,8.225,29.3,18.2708333333333,0.0,0.47244,1.0312e-08,0.00019312,-3.5763e-07,-14.866,101.08,-14.771,29.223,-0.0010622,-23.534,-1600.0,-19.116,0.0,35.682,11.13,15.072,0.30139,0.0,-1602.32,0.1477,20.0
573,2024-07-27,0.0,0.4064,5.95,31.25,18.9802083333333,0.0,0.4064,-8.7675e-10,5.8956e-05,-3.5763e-07,-14.866,101.48,-14.771,29.224,-0.0010626,-23.587,-1600.3,-19.117,0.0,35.682,11.13,15.072,0.30139,0.0,-1602.32,0.1477,20.0
574,2024-07-28,0.0,0.3429,5.6,28.55,17.6729166666667,0.0,0.3429,7.818e-09,2.3765e-05,-3.5763e-07,-14.866,101.83,-14.771,29.224,-0.0010629,-23.623,-1600.3,-19.118,0.0,35.682,11.129,15.072,0.30139,0.0,-1602.32,0.1477,20.0
575,2024-07-29,0.0,0.44196,8.7,31.675,20.7510416666667,0.0,0.44196,1.3784e-08,1.3177e-05,-3.5763e-07,-14.866,102.27,-14.771,29.224,-0.0010633,-23.646,-1600.3,-19.12,0.0,35.682,11.129,15.072,0.30139,0.0,-1602.32,0.1477,20.0
576,2024-07-30,0.0085,0.381,13.925,25.75,19.8791666666667,0.0,0.381,2.7057e-09,7.6787e-06,-3.5763e-07,-14.866,102.65,-14.771,29.224,-0.0010636,-23.667,-1600.3,-19.121,0.0,35.682,11.129,15.072,0.30139,0.0,-1602.32,0.1477,20.0
577,2024-07-31,0.0,0.4699,12.75,29.9,21.2708333333333,0.0,0.4699,-8.2277e-09,6.754e-06,-3.5763e-07,-14.866,103.12,-14.771,29.224,-0.001064,-23.687,-1600.4,-19.122,0.0,35.682,11.129,15.072,0.30139,0.0,-1602.32,0.1477,20.0
578,2024-08-01,0.0,0.41402,8.9,33.775,22.7385416666667,0.0,0.41402,1.0632e-08,5.8789e-06,-3.5763e-07,-14.866,103.53,-14.771,29.224,-0.0010643,-23.707,-1600.4,-19.124,0.0,35.682,11.129,15.072,0.30139,0.0,-1602.32,0.1477,20.0
579,2024-08-02,0.0,0.42926,13.0,38.75,25.8052083333333,0.0,0.42926,-3.3015e-10,5.8593e-06,-3.5763e-07,-14.866,103.96,-14.771,29.224,-0.0010647,-23.727,-1600.4,-19.125,0.0,35.682,11.129,15.072,0.30139,0.0,-1602.32,0.1477,20.0
580,2024-08-03,0.0,0.36322,11.075,37.725,23.6145833333333,0.0,0.36322,-1.1321e-08,5.5308e-06,-3.5763e-07,-14.866,104.33,-14.771,29.224,-0.0010651,-23.747,-1600.4,-19.126,0.0,35.682,11.129,15.072,0.30139,0.0,-1602.32,0.1477,20.0
581,2024-08-04,0.1207,0.13208,14.5,23.95,17.85625,0.0,0.13208,7.6548e-09,3.4387e-06,-3.5763e-07,-14.866,104.46,-14.771,29.224,-0.0010654,-23.766,-1600.3,-19.128,0.0,35.682,11.129,15.072,0.30139,0.0,-1602.32,0.1477,20.0
582,2024-08-05,0.0238,0.33274,13.4,28.775,20.4125,0.0,0.33274,-3.5329e-09,6.7094e-06,-3.5763e-07,-14.866,104.79,-14.771,29.224,-0.0010658,-23.786,-1600.3,-19.129,0.0,35.682,11.129,15.072,0.30139,0.0,-1602.32,0.1477,20.0
583,2024-08-06,0.1327,0.34544,13.1,29.075,19.9083333333333,0.0,0.34544,1.4911e-08,6.1023e-06,-3.5763e-07,-14.866,105.14,-14.771,29.224,-0.0010661,-23.806,-1600.4,-19.13,0.0,35.682,11.129,15.072,0.30139,0.0,-1602.32,0.1477,20.0
584,2024-08-07,0.558,0.11938,10.0,16.025,13.6145833333333,0.0,0.11938,3.8908e-09,3.371e-06,-3.5763e-07,-14.866,105.26,-14.771,29.224,-0.0010665,-23.826,-1600.3,-19.131,0.0,35.682,11.129,15.072,0.30139,0.0,-1602.32,0.1477,20.0
585,2024-08-08,0.0119,0.25146,7.15,20.45,14.13125,0.0,0.25146,-7.3769e-09,6.2949e-06,-3.5763e-07,-14.866,105.51,-14.771,29.224,-0.0010668,-23.845,-1600.3,-19.133,0.0,35.682,11.129,15.072,0.30139,0.0,-1602.32,0.1477,20.0
586,2024-08-09,0.0,0.31242,5.075,25.425,16.2645833333333,0.0,0.31242,1.0871e-08,6.4257e-06,-3.5763e-07,-14.866,105.82,-14.771,29.224,-0.0010672,-23.865,-1600.3,-19.134,0.0,35.682,11.129,15.072,0.30139,0.0,-1602.32,0.1477,20.0
587,2024-08-10,0.0323,0.31496,8.125,26.625,17.634375,0.0,0.31496,-6.894e-10,5.9016e-06,-3.5763e-07,-14.866,106.13,-14.771,29.224,-0.0010676,-23.884,-1600.4,-19.135,0.0,35.682,11.129,15.072,0.30139,0.0,-1602.32,0.1477,20.0
588,2024-08-11,0.0629,0.36576,11.275,28.025,18.3125,0.0,0.36576,-1.2305e-08,5.9631e-06,-3.5763e-07,-14.866,106.5,-14.771,29.224,-0.0010679,-23.903,-1600.4,-19.137,0.0,35.682,11.129,15.072,0.30139,0.0,-1602.32,0.1477,20.0
589,2024-08-12,0.0,0.37846,11.35,29.775,20.309375,0.0,0.37846,5.8126e-09,5.7693e-06,-3.5763e-07,-14.866,106.88,-14.771,29.224,-0.0010683,-23.923,-1600.4,-19.138,0.0,35.682,11.129,15.072,0.30139,0.0,-1602.32,0.1477,20.0
590,2024-08-13,0.2484,0.32512,11.9,30.4,19.5364583333333,0.0,0.32512,-5.7557e-09,5.3675e-06,-3.5763e-07,-14.866,107.2,-14.771,29.224,-0.0010686,-23.942,-1600.4,-19.139,0.0,35.682,11.129,15.072,0.30139,0.0,-1602.32,0.1477,20.0
591,2024-08-14,0.0068,0.32258,11.0,28.525,18.9739583333333,0.0,0.32258,1.2344e-08,5.4894e-06,-3.5763e-07,-14.866,107.53,-14.771,29.224,-0.001069,-23.961,-1600.4,-19.141,0.0,35.682,11.129,15.072,0.30139,0.0,-1602.32,0.1477,20.0
592,2024-08-15,0.2366,0.40386,8.625,30.825,20.303125,0.0,0.40386,5.5752e-10,5.8765e-06,-3.5763e-07,-14.866,107.93,-14.771,29.224,-0.0010694,-23.98,-1600.4,-19.142,0.0,35.682,11.129,15.072,0.30139,0.0,-1602.32,0.1477,20.0
593,2024-08-16,0.0,0.381,11.025,28.85,19.0875,0.0,0.381,-1.1273e-08,5.5176e-06,-3.5763e-07,-14.866,108.31,-14.771,29.224,-0.0010697,-23.999,-1600.4,-19.143,0.0,35.682,11.129,15.072,0.30139,0.0,-1602.32,0.1477,20.0
594,2024-08-17,0.0,0.35814,7.375,30.15,19.3520833333333,0.0,0.35814,6.6284e-09,5.4032e-06,-3.5763e-07,-14.866,108.67,-14.771,29.224,-0.0010701,-24.018,-1600.4,-19.145,0.0,35.682,11.129,15.072,0.30139,0.0,-1602.32,0.1477,20.0
595,2024-08-18,1.8799,0.37592,9.0,35.5,20.3833333333333,0.0,0.37592,-5.3096e-09,5.5581e-06,-3.5763e-07,-14.866,109.04,-14.771,29.224,-0.0010704,-24.037,-1600.4,-19.146,0.0,35.682,11.129,15.072,0.30139,0.0,-1602.32,0.1477,20.0
596,2024-08-19,0.1412,0.43434,13.275,34.175,20.3927083333333,0.0,0.43434,1.2411e-08,5.7284e-06,-3.5763e-07,-14.866,109.48,-14.771,29.224,-0.0010708,-24.056,-1600.4,-19.147,0.0,35.682,11.129,15.072,0.30139,0.0,-1602.32,0.1477,20.0
597,2024-08-20,0.0595,0.3429,10.975,30.875,20.0,0.0,0.3429,4.2655e-10,5.1582e-06,-3.5763e-07,-14.866,109.82,-14.771,29.224,-0.0010711,-24.075,-1600.4,-19.148,0.0,35.682,11.129,15.072,0.30139,0.0,-1602.32,0.1477,20.0
598,2024-08-21,0.034,0.28956,9.575,26.85,17.5864583333333,0.0,0.28956,-1.1602e-08,5.0417e-06,-3.5763e-07,-14.866,110.11,-14.771,29.224,-0.0010715,-24.094,-1600.4,-19.15,0.0,35.682,11.129,15.072,0.30139,0.0,-1602.32,0.1477,20.0
599,2024-08-22,0.0,0.31496,5.375,25.875,16.5552083333333,0.0,0.31496,6.024e-09,5.4409e-06,-3.5763e-07,-14.866,110.43,-14.771,29.224,-0.0010719,-24.113,-1600.4,-19.151,0.0,35.682,11.129,15.072,0.30139,0.0,-1602.32,0.1477,20.0
600,2024-08-23,0.1107,0.37846,8.1,30.825,18.040625,0.0,0.37846,-6.2923e-09,5.7232e-06,-3.5763e-07,-14.866,110.8,-14.771,29.224,-0.0010722,-24.131,-1600.4,-19.152,0.0,35.682,11.129,15.072,0.30139,0.0,-1602.32,0.1477,20.0
601,2024-08-24,0.0,0.3429,9.6,25.2,16.484375,0.0,0.3429,1.1195e-08,5.3107e-06,-3.5763e-07,-14.866,111.15,-14.771,29.224,-0.0010726,-24.15,-1600.4,-19.154,0.0,35.682,11.129,15.072,0.30139,0.0,-1602.32,0.1477,20.0
602,2024-08-25,0.0,0.37084,8.325,25.425,16.015625,0.0,0.37084,-1.1655e-09,5.4805e-06,-3.5763e-07,-14.866,111.52,-14.771,29.224,-0.0010729,-24.168,-1600.4,-19.155,0.0,35.682,11.129,15.072,0.30139,0.0,-1602.32,0.1477,20.0
603,2024-08-26,0.0,0.34798,4.275,26.775,15.271875,0.0,0.34798,-1.3579e-08,5.2999e-06,-3.5763e-07,-14.866,111.87,-14.771,29.224,-0.0010733,-24.187,-1600.4,-19.156,0.0,35.682,11.129,15.072,0.30139,0.0,-1602.32,0.1477,20.0
604,2024-08-27,0.051,0.46228,8.55,30.075,19.6364583333333,0.0,0.46228,3.6607e-09,5.7332e-06,-3.5763e-07,-14.866,112.33,-14.771,29.224,-0.0010736,-24.205,-1600.4,-19.158,0.0,35.682,11.129,15.072,0.30139,0.0,-1602.32,0.1477,20.0
605,2024-08-28,0.6089,0.26416,5.1,15.325,10.1364583333333,0.0,0.26416,-8.7084e-09,4.5026e-06,-3.5763e-07,-14.866,112.59,-14.771,29.224,-0.001074,-24.223,-1600.4,-19.159,0.0,35.682,11.129,15.072,0.30139,0.0,-1602.32,0.1477,20.0
606,2024-08-29,0.0,0.39624,10.725,25.9,17.8052083333333,0.0,0.39624,8.4642e-09,5.7006e-06,-3.5763e-07,-14.866,112.99,-14.771,29.224,-0.0010744,-24.242,-1600.4,-19.16,0.0,35.682,11.129,15.072,0.30139,0.0,-1602.32,0.1477,20.0
607,2024-08-30,0.0,0.36576,6.0,32.925,18.628125,0.0,0.36576,-4.1832e-09,5.2544e-06,-3.5763e-07,-14.866,113.36,-14.771,29.224,-0.0010747,-24.26,-1600.4,-19.162,0.0,35.682,11.129,15.072,0.30139,0.0,-1602.32,0.1477,20.0
608,2024-08-31,0.0,0.3048,7.325,29.525,18.9416666666667,0.0,0.3048,1.2963e-08,4.9371e-06,-3.5763e-07,-14.866,113.66,-14.771,29.224,-0.0010751,-24.278,-1600.4,-19.163,0.0,35.682,11.129,15.072,0.30139,0.0,-1602.32,0.1477,20.0
609,2024-09-01,0.0,0.28956,6.725,31.1,18.19375,0.0,0.28956,-1.2506e-10,3.2295e-07,-3.5763e-07,-14.866,113.95,-14.771,29.224,-0.0010754,-24.296,-795.53,-19.164,0.0,35.682,11.129,15.072,0.30139,0.0,-1602.32,0.1477,20.0
610,2024-09-02,0.0,0.30226,10.9,34.225,21.6229166666667,0.0,0.30226,1.0245e-08,1.6358e-07,-3.5763e-07,-14.866,114.25,-14.771,29.224,-0.0010758,-24.314,-795.54,-19.165,0.0,35.682,11.129,15.072,0.30139,0.0,-1602.32,0.1477,20.0
611,2024-09-03,0.194,0.29718,13.225,30.075,20.4197916666667,0.0,0.29718,-1.4311e-09,0.0,-3.5763e-07,-14.866,114.55,-14.771,29.224,-0.0010761,-24.332,-795.54,-19.167,0.0,35.682,11.129,15.072,0.30139,0.0,-1602.32,0.1477,20.0
612,2024-09-04,0.0,0.29464,10.35,26.075,17.84375,0.0,0.29464,-1.3457e-08,0.0,-3.5763e-07,-14.866,114.84,-14.771,29.224,-0.0010765,-24.35,-795.54,-19.168,0.0,35.682,11.129,15.072,0.30139,0.0,-1602.32,0.1477,20.0
613,2024-09-05,0.0,0.28956,5.525,30.875,17.359375,0.0,0.28956,4.1541e-09,0.0,-3.5763e-07,-14.866,115.13,-14.771,29.224,-0.0010769,-24.368,-795.54,-19.169,0.0,35.682,11.129,15.072,0.30139,0.0,-1602.32,0.1477,20.0
614,2024-09-06,0.0,0.30226,6.95,32.7,19.6354166666667,0.0,0.30226,-8.0586e-09,0.0,-3.5763e-07,-14.866,115.44,-14.771,29.224,-0.0010772,-24.386,-795.54,-19.171,0.0,35.682,11.129,15.072,0.30139,0.0,-1602.32,0.1477,20.0
615,2024-09-07,0.0,0.2921,6.925,33.175,20.640625,0.0,0.2921,9.4474e-09,0.0,-3.5763e-07,-14.866,115.73,-14.771,29.224,-0.0010776,-24.404,-795.53,-19.172,0.0,35.682,11.129,15.072,0.30139,0.0,-1602.32,0.1477,20.0
616,2024-09-08,0.0,0.28448,7.55,33.125,20.7697916666667,0.0,0.28448,-2.9363e-09,0.0,-3.5763e-07,-14.866,116.01,-14.771,29.224,-0.0010779,-24.421,-795.53,-19.173,0.0,35.682,11.129,15.072,0.30139,0.0,-1602.32,0.1477,20.0
617,2024-09-09,0.0,0.39624,14.725,31.3,23.3583333333333,0.0,0.39624,1.4437e-08,0.0,-3.5763e-07,-14.866,116.41,-14.771,29.224,-0.0010783,-24.439,-795.53,-19.175,0.0,35.682,11.129,15.072,0.30139,0.0,-1602.32,0.1477,20.0
618,2024-09-10,0.0,0.18288,4.85,19.9,13.4197916666667,0.0,0.18288,1.7008e-09,9.0109e-06,-3.5763e-07,-14.866,116.59,-14.771,29.224,-0.0010787,-24.456,-795.53,-19.176,0.0,35.682,11.129,15.072,0.30139,0.0,-1602.32,0.1477,20.0
619,2024-09-11,2.0309,0.1524,5.55,21.075,13.0770833333333,0.0,0.1524,-1.1479e-08,1.6665e-05,-3.5763e-07,-14.866,116.74,-14.771,29.224,-0.001079,-24.474,-795.53,-19.177,0.0,35.682,11.129,15.072,0.30139,0.0,-1602.32,0.1477,20.0
620,2024-09-12,0.2568,0.0635,9.4,13.65,10.9677083333333,0.0,0.0635,4.5243e-09,0.0,-3.5763e-07,-14.866,116.81,-14.771,29.224,-0.0010794,-24.491,-795.53,-19.179,0.0,35.682,11.129,15.072,0.30139,0.0,-1602.32,0.1477,20.0
621,2024-09-13,0.997,0.23876,8.175,19.775,12.7354166666667,0.0,0.23876,-8.7866e-09,0.0,-3.5763e-07,-14.866,117.05,-14.771,29.224,-0.0010797,-24.509,-795.53,-19.18,0.0,35.682,11.129,15.072,0.30139,0.0,-1602.32,0.1477,20.0
622,2024-09-14,0.0,0.35814,8.675,22.475,14.6447916666667,0.0,0.35814,5.6593e-09,0.0,-3.5763e-07,-14.866,117.4,-14.771,29.224,-0.0010801,-24.526,-795.53,-19.181,0.0,35.682,11.129,15.072,0.30139,0.0,-1602.32,0.1477,20.0
623,2024-09-15,0.0,0.17272,5.75,21.275,13.36875,0.0,0.17272,-6.9567e-09,0.0,-3.5763e-07,-14.866,117.58,-14.771,29.224,-0.0010804,-24.544,-795.53,-19.182,0.0,35.682,11.129,15.072,0.30139,0.0,-1602.32,0.1477,20.0
624,2024-09-16,0.0017,0.19812,6.225,24.45,14.034375,0.0,0.19812,1.0001e-08,0.0,-3.5763e-07,-14.866,117.77,-14.771,29.224,-0.0010808,-24.561,-795.53,-19.184,0.0,35.682,11.129,15.072,0.30139,0.0,-1602.32,0.1477,20.0
625,2024-09-17,0.0476,0.16764,7.4,23.85,14.7885416666667,0.0,0.16764,-2.8681e-09,2.018e-05,-3.5763e-07,-14.866,117.94,-14.771,29.224,-0.0010812,-24.578,-795.53,-19.185,0.0,35.682,11.129,15.072,0.30139,0.0,-1602.32,0.1477,20.0
626,2024-09-18,0.0646,0.0889,11.975,17.0,13.821875,0.0,0.0889,1.2643e-08,0.0,-3.5763e-07,-14.866,118.03,-14.771,29.224,-0.0010815,-24.595,-795.53,-19.186,0.0,35.682,11.129,15.072,0.30139,0.0,-1602.32,0.1477,20.0
627,2024-09-19,0.0221,0.24384,9.125,23.15,15.7333333333333,0.0,0.24384,-4.7612e-10,2.4445e-05,-3.5763e-07,-14.866,118.28,-14.771,29.224,-0.0010819,-24.612,-795.53,-19.188,0.0,35.682,11.129,15.072,0.30139,0.0,-1602.32,0.1477,20.0
628,2024-09-20,0.0,0.34544,5.775,22.925,13.603125,0.0,0.34544,1.463e-08,0.0,-3.5763e-07,-14.866,118.62,-14.771,29.224,-0.0010822,-24.629,-795.53,-19.189,0.0,35.682,11.129,15.072,0.30139,0.0,-1602.32,0.1477,20.0
629,2024-09-21,0.0,0.19558,-0.575,17.675,9.16666666666667,0.0,0.19558,1.3883e-09,0.0,-3.5763e-07,-14.866,118.82,-14.771,29.224,-0.0010826,-24.646,-795.53,-19.19,0.0,35.682,11.129,15.072,0.30139,0.0,-1602.32,0.1477,20.0
630,2024-09-22,0.0,0.32258,3.6,24.525,13.996875,0.0,0.32258,-1.3946e-08,0.0,-3.5763e-07,-14.866,119.14,-14.771,29.224,-0.0010829,-24.663,-795.53,-19.192,0.0,35.682,11.129,15.072,0.30139,0.0,-1602.32,0.1477,20.0
631,2024-09-23,0.0,0.2667,11.325,25.3,17.1145833333333,0.0,0.2667,2.7076e-09,0.0,-3.5763e-07,-14.866,119.41,-14.771,29.224,-0.0010833,-24.68,-795.53,-19.193,0.0,35.682,11.129,15.072,0.30139,0.0,-1602.32,0.1477,20.0
632,2024-09-24,0.0,0.44196,13.525,28.825,19.7354166666667,0.0,0.44196,-1.0563e-08,0.0,-3.5763e-07,-14.866,119.85,-14.771,29.224,-0.0010837,-24.697,-795.53,-19.194,0.0,35.682,11.129,15.072,0.30139,0.0,-1602.32,0.1477,20.0
633,2024-09-25,0.0,0.39624,11.85,31.525,21.0614583333333,0.0,0.39624,3.2987e-09,0.0,-3.5763e-07,-14.866,120.24,-14.771,29.224,-0.001084,-24.713,-795.53,-19.196,0.0,35.682,11.129,15.072,0.30139,0.0,-1602.32,0.1477,20.0
634,2024-09-26,0.0,0.3175,10.275,22.3,16.628125,0.0,0.3175,-9.9503e-09,0.0,-3.5763e-07,-14.866,120.56,-14.771,29.224,-0.0010844,-24.73,-795.53,-19.197,0.0,35.682,11.129,15.072,0.30139,0.0,-1602.32,0.1477,20.0
635,2024-09-27,0.0,0.40894,10.7,27.65,18.9416666666667,0.0,0.40894,6.3783e-09,0.0,-3.5763e-07,-14.866,120.97,-14.771,29.224,-0.0010847,-24.747,-795.53,-19.198,0.0,35.682,11.129,15.072,0.30139,0.0,-1602.32,0.1477,20.0
636,2024-09-28,0.0,0.23368,2.175,27.9,15.0822916666667,0.0,0.23368,-7.1141e-09,1.68e-05,-3.5763e-07,-14.866,121.2,-14.771,29.224,-0.0010851,-24.763,-795.53,-19.199,0.0,35.682,11.129,15.072,0.30139,0.0,-1602.32,0.1477,20.0
637,2024-09-29,0.0,0.3175,6.775,25.275,15.2927083333333,0.0,0.3175,8.0063e-09,0.0,-3.5763e-07,-14.866,121.52,-14.771,29.224,-0.0010854,-24.78,-795.53,-19.201,0.0,35.682,11.129,15.072,0.30139,0.0,-1602.32,0.1477,20.0
638,2024-09-30,0.0,0.20828,-2.1,16.375,7.54375,0.0,0.20828,-5.713e-09,2.9065e-05,-3.5763e-07,-14.866,121.73,-14.771,29.224,-0.0010858,-24.796,-795.53,-19.202,0.0,35.682,11.129,15.072,0.30139,0.0,-1602.32,0.1477,20.0
639,2024-10-01,0.0,0.54102,5.775,23.475,15.7708333333333,0.54102,0.0,0.00025511,0.0,-3.5763e-07,-14.325,121.73,-14.626,29.224,-0.0010862,-1000000.0,-795.53,-19.203,0.0,35.682,10.985,15.072,0.44545,0.0,-1602.32,0.1477,20.0
640,2024-10-02,0.0,0.19304,6.15,18.175,13.4833333333333,0.19304,0.0,9.984e-32,0.0,-3.5763e-07,-14.132,121.73,-14.626,29.224,-0.0010865,-1000000.0,-795.53,-19.205,0.0,35.682,10.985,15.072,0.44545,0.0,-1602.32,0.1477,20.0
641,2024-10-03,0.0,0.17526,-2.05,16.775,8.00729166666667,0.17526,0.0,9.984e-32,0.0,-3.5763e-07,-13.956,121.73,-14.626,29.224,-0.0010869,-1000000.0,-795.53,-19.206,0.0,35.682,10.985,15.072,0.44545,0.0,-1602.32,0.1477,20.0
642,2024-10-04,0.0,0.46228,-2.625,28.075,13.103125,0.46228,0.0,9.984e-32,0.0,-3.5763e-07,-13.494,121.73,-14.626,29.224,-0.0010872,-1000000.0,-795.53,-19.207,0.0,35.682,10.985,15.072,0.44545,0.0,-1602.32,0.1477,20.0
643,2024-10-05,0.0,0.254,4.625,18.825,10.7375,0.254,0.0,9.984e-32,0.0,-3.5763e-07,-13.24,121.73,-14.626,29.224,-0.0010876,-1000000.0,-795.53,-19.209,0.0,35.682,10.985,15.072,0.44545,0.0,-1602.32,0.1477,20.0
644,2024-10-06,0.0,0.22352,1.475,25.425,11.9041666666667,0.22352,0.0,9.984e-32,0.0,-3.5763e-07,-13.017,121.73,-14.626,29.224,-0.0010879,-1000000.0,-795.53,-19.21,0.0,35.682,10.985,15.072,0.44545,0.0,-1602.32,0.1477,20.0
645,2024-10-07,0.0,0.33528,7.975,26.675,15.8854166666667,0.33528,0.0,9.984e-32,0.0,-3.5763e-07,-12.681,121.73,-14.626,29.224,-0.0010883,-1000000.0,-795.53,-19.211,0.0,35.682,10.985,15.072,0.44545,0.0,-1602.32,0.1477,20.0
646,2024-10-08,0.0,0.35306,5.6,28.1,16.5020833333333,0.35306,0.0,9.984e-32,0.0,-3.5763e-07,-12.328,121.73,-14.626,29.224,-0.0010887,-1000000.0,-795.53,-19.212,0.0,35.682,10.985,15.072,0.44545,0.0,-1602.32,0.1477,20.0
647,2024-10-09,0.0,0.2794,8.575,27.2,16.3239583333333,0.2794,0.0,9.984e-32,0.0,-3.5763e-07,-12.049,121.73,-14.626,29.224,-0.001089,-1000000.0,-795.53,-19.214,0.0,35.682,10.985,15.072,0.44545,0.0,-1602.32,0.1477,20.0
648,2024-10-10,0.0,0.17526,8.0,18.325,13.0291666666667,0.17526,0.0,9.984e-32,0.0,-3.5763e-07,-11.874,121.73,-14.626,29.224,-0.0010894,-1000000.0,-795.53,-19.215,0.0,35.682,10.985,15.072,0.44545,0.0,-1602.32,0.1477,20.0
649,2024-10-11,0.0,0.12954,-1.275,19.0,8.52083333333333,0.12954,0.0,9.984e-32,0.0,-3.5763e-07,-11.744,121.73,-14.626,29.224,-0.0010897,-1000000.0,-795.53,-19.216,0.0,35.682,10.985,15.072,0.44545,0.0,-1602.32,0.1477,20.0
650,2024-10-12,0.0,0.14732,-1.5,19.0,8.23958333333333,0.14732,0.0,9.984e-32,0.0,-3.5763e-07,-11.597,121.73,-14.626,29.224,-0.0010901,-1000000.0,-795.53,-19.218,0.0,35.682,10.985,15.072,0.44545,0.0,-1602.32,0.1477,20.0
651,2024-10-13,0.0,0.15494,-2.575,20.775,7.70520833333333,0.15494,0.0,9.984e-32,0.0,-3.5763e-07,-11.442,121.73,-14.626,29.224,-0.0010905,-1000000.0,-795.53,-19.219,0.0,35.682,10.985,15.072,0.44545,0.0,-1602.32,0.1477,20.0
652,2024-10-14,0.0,0.3048,3.325,28.675,15.5416666666667,0.3048,0.0,9.984e-32,0.0,-3.5763e-07,-11.137,121.73,-14.626,29.224,-0.0010908,-1000000.0,-795.53,-19.22,0.0,35.682,10.985,15.072,0.44545,0.0,-1602.32,0.1477,20.0
653,2024-10-15,0.0,0.23368,9.2,25.3,16.5291666666667,0.23368,0.0,9.984e-32,0.0,-3.5763e-07,-10.903,121.73,-14.626,29.224,-0.0010912,-1000000.0,-795.53,-19.222,0.0,35.682,10.985,15.072,0.44545,0.0,-1602.32,0.1477,20.0
654,2024-10-16,0.0017,0.25908,3.275,23.65,13.340625,0.25908,0.0,9.984e-32,0.0,-3.5763e-07,-10.644,121.73,-14.626,29.224,-0.0010915,-1000000.0,-795.53,-19.223,0.0,35.682,10.985,15.072,0.44545,0.0,-1602.32,0.1477,20.0
655,2024-10-17,0.0,0.13716,0.35,11.075,6.71666666666667,0.13716,0.0,9.984e-32,0.0,-3.5763e-07,-10.507,121.73,-14.626,29.224,-0.0010919,-1000000.0,-795.53,-19.224,0.0,35.682,10.985,15.072,0.44545,0.0,-1602.32,0.1477,20.0
656,2024-10-18,0.0,0.25654,-2.55,12.1,4.97708333333333,0.25654,0.0,9.984e-32,0.0,-3.5763e-07,-10.251,121.73,-14.626,29.224,-0.0010922,-1000000.0,-795.53,-19.226,0.0,35.682,10.985,15.072,0.44545,0.0,-1602.32,0.1477,20.0
657,2024-10-19,0.0,0.48768,9.4,21.075,13.7479166666667,0.48768,0.0,9.984e-32,0.0,-3.5763e-07,-9.7629,121.73,-14.626,29.224,-0.0010926,-1000000.0,-795.53,-19.227,0.0,35.682,10.985,15.072,0.44545,0.0,-1602.32,0.1477,20.0
658,2024-10-20,0.0,0.4064,12.475,22.075,16.8104166666667,0.4064,0.0,9.984e-32,0.0,-3.5763e-07,-9.3565,121.73,-14.626,29.224,-0.001093,-1000000.0,-795.53,-19.228,0.0,35.682,10.985,15.072,0.44545,0.0,-1602.32,0.1477,20.0
659,2024-10-21,0.0204,0.20066,0.875,17.675,11.209375,0.20066,0.0,9.984e-32,0.0,-3.5763e-07,-9.1559,121.73,-14.626,29.224,-0.0010933,-1000000.0,-795.53,-19.229,0.0,35.682,10.985,15.072,0.44545,0.0,-1602.32,0.1477,20.0
660,2024-10-22,0.0017,0.17272,-1.375,13.4,4.90729166666667,0.17272,0.0,9.984e-32,0.0,-3.5763e-07,-8.9831,121.73,-14.626,29.224,-0.0010937,-1000000.0,-795.53,-19.231,0.0,35.682,10.985,15.072,0.44545,0.0,-1602.32,0.1477,20.0
661,2024-10-23,0.0,0.254,-1.7,14.275,6.2875,0.254,0.0,9.984e-32,0.0,-3.5763e-07,-8.7291,121.73,-14.626,29.224,-0.001094,-1000000.0,-795.53,-19.232,0.0,35.682,10.985,15.072,0.44545,0.0,-1602.32,0.1477,20.0
662,2024-10-24,0.0,0.1651,-1.725,11.375,4.2625,0.1651,0.0,9.984e-32,0.0,-3.5763e-07,-8.564,121.73,-14.626,29.224,-0.0010944,-1000000.0,-795.53,-19.233,0.0,35.682,10.985,15.072,0.44545,0.0,-1602.32,0.1477,20.0
663,2024-10-25,0.0,0.10668,-5.4,9.95,2.27291666666667,0.10668,0.0,9.984e-32,0.0,-3.5763e-07,-8.4574,121.73,-14.626,29.224,-0.0010947,-1000000.0,-795.53,-19.235,0.0,35.682,10.985,15.072,0.44545,0.0,-1602.32,0.1477,20.0
664,2024-10-26,0.0,0.27686,-2.675,19.975,9.38229166666667,0.27686,0.0,9.984e-32,0.0,-3.5763e-07,-8.1805,121.73,-14.626,29.224,-0.0010951,-1000000.0,-795.53,-19.236,0.0,35.682,10.985,15.072,0.44545,0.0,-1602.32,0.1477,20.0
665,2024-10-27,0.0,0.32766,3.925,21.775,11.284375,0.32766,0.0,9.984e-32,0.0,-3.5763e-07,-7.8528,121.73,-14.626,29.224,-0.0010955,-1000000.0,-795.53,-19.237,0.0,35.682,10.985,15.072,0.44545,0.0,-1602.32,0.1477,20.0
666,2024-10-28,0.0,0.21336,-3.725,12.75,5.74479166666667,0.21336,0.0,9.984e-32,0.0,-3.5763e-07,-7.6395,121.73,-14.626,29.224,-0.0010958,-1000000.0,-795.53,-19.239,0.0,35.682,10.985,15.072,0.44545,0.0,-1602.32,0.1477,20.0
667,2024-10-29,0.0,0.08128,-7.775,9.6,0.632291666666667,0.08128,0.0,9.984e-32,0.0,-3.5763e-07,-7.5582,121.73,-14.626,29.224,-0.0010962,-1000000.0,-795.53,-19.24,0.0,35.682,10.985,15.072,0.44545,0.0,-1602.32,0.1477,20.0
668,2024-10-30,0.0,0.17526,-5.625,9.95,1.42916666666667,0.17526,0.0,9.984e-32,0.0,-3.5763e-07,-7.3829,121.73,-14.626,29.224,-0.0010965,-1000000.0,-795.53,-19.241,0.0,35.682,10.985,15.072,0.44545,0.0,-1602.32,0.1477,20.0
669,2024-10-31,0.0,0.14732,-3.35,8.6,1.44270833333333,0.14732,0.0,9.984e-32,0.0,-3.5763e-07,-7.2356,121.73,-14.626,29.224,-0.0010969,-1000000.0,-795.53,-19.243,0.0,35.682,10.985,15.072,0.44545,0.0,-1602.32,0.1477,20.0
670,2024-11-01,0.0,0.17018,-3.825,9.1,2.42291666666667,0.17018,0.0,9.984e-32,0.0,-3.5763e-07,-7.0654,121.73,-14.626,29.224,-0.0010972,-1000000.0,-795.53,-19.244,0.0,35.682,10.985,15.072,0.44545,0.0,-1602.32,0.1477,20.0
671,2024-11-02,0.0,0.21082,1.775,11.425,6.10416666666667,0.21082,0.0,9.984e-32,0.0,-3.5763e-07,-6.8546,121.73,-14.626,29.224,-0.0010976,-1000000.0,-795.53,-19.245,0.0,35.682,10.985,15.072,0.44545,0.0,-1602.32,0.1477,20.0
672,2024-11-03,0.0,0.1016,-2.075,8.975,2.288,0.1016,0.0,9.984e-32,0.0,-3.5763e-07,-6.753,121.73,-14.626,29.224,-0.001098,-1000000.0,-795.53,-19.246,0.0,35.682,10.985,15.072,0.44545,0.0,-1602.32,0.1477,20.0
673,2024-11-04,0.0,0.21844,-3.15,7.625,2.86875,0.21844,0.0,9.984e-32,0.0,-3.5763e-07,-6.5346,121.73,-14.626,29.224,-0.0010983,-1000000.0,-795.53,-19.248,0.0,35.682,10.985,15.072,0.44545,0.0,-1602.32,0.1477,20.0
674,2024-11-05,0.1666,0.07874,-2.95,3.575,0.690625,0.07874,0.0,9.984e-32,0.0,-3.5763e-07,-6.4558,121.73,-14.626,29.224,-0.0010987,-1000000.0,-795.53,-19.249,0.0,35.682,10.985,15.072,0.44545,0.0,-1602.32,0.1477,20.0
675,2024-11-06,0.0357,0.1524,-8.175,8.25,-0.05625,0.1524,0.0,9.984e-32,0.0,-3.5763e-07,-6.3034,121.73,-14.626,29.224,-0.001099,-1000000.0,-795.53,-19.25,0.0,35.682,10.985,15.072,0.44545,0.0,-1602.32,0.1477,20.0
676,2024-11-07,0.0,0.28702,1.9,13.625,6.85,0.28702,0.0,9.984e-32,0.0,-3.5763e-07,-6.0164,121.73,-14.626,29.224,-0.0010994,-1000000.0,-795.53,-19.252,0.0,35.682,10.985,15.072,0.44545,0.0,-1602.32,0.1477,20.0
677,2024-11-08,0.0,0.25146,2.375,17.8,9.1375,0.25146,0.0,9.984e-32,0.0,-3.5763e-07,-5.765,121.73,-14.626,29.224,-0.0010998,-1000000.0,-795.53,-19.253,0.0,35.682,10.985,15.072,0.44545,0.0,-1602.32,0.1477,20.0
678,2024-11-09,0.0,0.11176,2.375,16.425,7.759375,0.11176,0.0,9.984e-32,0.0,-3.5763e-07,-5.6532,121.73,-14.626,29.224,-0.0011001,-1000000.0,-795.53,-19.254,0.0,35.682,10.985,15.072,0.44545,0.0,-1602.32,0.1477,20.0
679,2024-11-10,0.0,0.10414,1.475,11.075,6.82291666666667,0.10414,0.0,9.984e-32,0.0,-3.5763e-07,-5.5491,121.73,-14.626,29.224,-0.0011005,-1000000.0,-795.53,-19.256,0.0,35.682,10.985,15.072,0.44545,0.0,-1602.32,0.1477,20.0
680,2024-11-11,0.0,0.18542,-0.1,15.325,7.02083333333333,0.18542,0.0,9.984e-32,0.0,-3.5763e-07,-5.3636,121.73,-14.626,29.224,-0.0011008,-1000000.0,-795.53,-19.257,0.0,35.682,10.985,15.072,0.44545,0.0,-1602.32,0.1477,20.0
681,2024-11-12,0.0,0.18288,1.1,10.675,5.13958333333333,0.18288,0.0,9.984e-32,0.0,-3.5763e-07,-5.1808,121.73,-14.626,29.224,-0.0011012,-1000000.0,-795.53,-19.258,0.0,35.682,10.985,15.072,0.44545,0.0,-1602.32,0.1477,20.0
682,2024-11-13,0.0,0.2794,0.1,11.425,5.85625,0.2794,0.0,9.984e-32,0.0,-3.5763e-07,-4.9014,121.73,-14.626,29.224,-0.0011015,-1000000.0,-795.53,-19.26,0.0,35.682,10.985,15.072,0.44545,0.0,-1602.32,0.1477,20.0
683,2024-11-14,0.0,0.2413,-1.7,11.575,5.62083333333333,0.2413,0.0,9.984e-32,0.0,-3.5763e-07,-4.6601,121.73,-14.626,29.224,-0.0011019,-1000000.0,-795.53,-19.261,0.0,35.682,10.985,15.072,0.44545,0.0,-1602.32,0.1477,20.0
684,2024-11-15,0.0,0.06858,-6.025,8.2,0.633333333333333,0.06858,0.0,9.984e-32,0.0,-3.5763e-07,-4.5915,121.73,-14.626,29.224,-0.0011023,-1000000.0,-795.53,-19.262,0.0,35.682,10.985,15.072,0.44545,0.0,-1602.32,0.1477,20.0
685,2024-11-16,0.0,0.14986,-12.75,7.6,-1.82604166666667,0.14986,0.0,9.984e-32,0.0,-3.5763e-07,-4.4416,121.73,-14.626,29.224,-0.0011026,-1000000.0,-795.53,-19.263,0.0,35.682,10.985,15.072,0.44545,0.0,-1602.32,0.1477,20.0
686,2024-11-17,0.0,0.3175,2.725,9.775,5.85416666666667,0.3175,0.0,9.984e-32,0.0,-3.5763e-07,-4.1241,121.73,-14.626,29.224,-0.001103,-1000000.0,-795.53,-19.265,0.0,35.682,10.985,15.072,0.44545,0.0,-1602.32,0.1477,20.0
687,2024-11-18,0.0,0.13462,-10.125,4.45,0.1625,0.13462,0.0,9.984e-32,0.0,-3.5763e-07,-3.9895,121.73,-14.626,29.224,-0.0011033,-1000000.0,-795.53,-19.266,0.0,35.682,10.985,15.072,0.44545,0.0,-1602.32,0.1477,20.0
688,2024-11-19,0.0,0.04064,-13.8,3.675,-5.725,0.04064,0.0,9.984e-32,0.0,-3.5763e-07,-3.9489,121.73,-14.626,29.224,-0.0011037,-1000000.0,-795.53,-19.267,0.0,35.682,10.985,15.072,0.44545,0.0,-1602.32,0.1477,20.0
689,2024-11-20,0.0,0.03048,-14.175,-3.125,-9.021875,0.03048,0.0,9.984e-32,0.0,-3.5763e-07,-3.9184,121.73,-14.626,29.224,-0.001104,-1000000.0,-795.53,-19.269,0.0,35.682,10.985,15.072,0.44545,0.0,-1602.32,0.1477,20.0
690,2024-11-21,0.0,0.04064,-10.3,0.7,-5.24479166666667,0.04064,0.0,9.984e-32,0.0,-3.5763e-07,-3.8777,121.73,-14.626,29.224,-0.0011044,-1000000.0,-795.53,-19.27,0.0,35.682,10.985,15.072,0.44545,0.0,-1602.32,0.1477,20.0
691,2024-11-22,0.0,0.0127,-11.55,-6.6,-8.44895833333333,0.0127,0.0,9.984e-32,0.0,-3.5763e-07,-3.865,121.73,-14.626,29.224,-0.0011048,-1000000.0,-795.53,-19.271,0.0,35.682,10.985,15.072,0.44545,0.0,-1602.32,0.1477,20.0
692,2024-11-23,0.0,0.02032,-12.325,-5.45,-8.29583333333333,0.02032,0.0,9.984e-32,0.0,-3.5763e-07,-3.8447,121.73,-14.626,29.224,-0.0011051,-1000000.0,-795.53,-19.273,0.0,35.682,10.985,15.072,0.44545,0.0,-1602.32,0.1477,20.0
693,2024-11-24,0.0,0.01778,-17.625,-8.025,-11.8416666666667,0.01778,0.0,9.984e-32,0.0,-3.5763e-07,-3.8269,121.73,-14.626,29.224,-0.0011055,-1000000.0,-795.53,-19.274,0.0,35.682,10.985,15.072,0.44545,0.0,-1602.32,0.1477,20.0
694,2024-11-25,0.0,0.01778,-16.125,-6.975,-12.503125,0.01778,0.0,9.984e-32,0.0,-3.5763e-07,-3.8092,121.73,-14.626,29.224,-0.0011058,-1000000.0,-795.53,-19.275,0.0,35.682,10.985,15.072,0.44545,0.0,-1602.32,0.1477,20.0
695,2024-11-26,0.2805,0.0762,-15.125,6.225,-2.65625,0.0762,0.0,9.984e-32,0.0,-3.5763e-07,-3.733,121.73,-14.626,29.224,-0.0011062,-1000000.0,-795.53,-19.277,0.0,35.682,10.985,15.072,0.44545,0.0,-1602.32,0.1477,20.0
696,2024-11-27,0.0,0.02286,-13.4,-3.525,-6.928125,0.02286,0.0,9.984e-32,0.0,-3.5763e-07,-3.7101,121.73,-14.626,29.224,-0.0011065,-1000000.0,-795.53,-19.278,0.0,35.682,10.985,15.072,0.44545,0.0,-1602.32,0.1477,20.0
697,2024-11-28,0.0119,0.04064,-13.2,3.8,-6.37708333333333,0.04064,0.0,9.984e-32,0.0,-3.5763e-07,-3.6695,121.73,-14.626,29.224,-0.0011069,-1000000.0,-795.53,-19.279,0.0,35.682,10.985,15.072,0.44545,0.0,-1602.32,0.1477,20.0
698,2024-11-29,0.0,0.01778,-15.55,-7.675,-11.6479166666667,0.01778,0.0,9.984e-32,0.0,-3.5763e-07,-3.6517,121.73,-14.626,29.224,-0.0011073,-1000000.0,-795.53,-19.28,0.0,35.682,10.985,15.072,0.44545,0.0,-1602.32,0.1477,20.0
699,2024-11-30,0.0,0.11938,-14.65,4.725,0.494791666666667,0.11938,0.0,9.984e-32,0.0,-3.5763e-07,-3.5323,121.73,-14.626,29.224,-0.0011076,-1000000.0,-795.53,-19.282,0.0,35.682,10.985,15.072,0.44545,0.0,-1602.32,0.1477,20.0
700,2024-12-01,0.0,0.03302,-18.475,0.575,-11.190625,0.03302,0.0,9.984e-32,0.0,-3.5763e-07,-3.4993,121.73,-14.626,29.224,-0.001108,-1000000.0,-795.54,-19.283,0.0,35.682,10.985,15.072,0.44545,0.0,-1602.32,0.1477,20.0
701,2024-12-02,0.0,0.08128,-17.525,9.175,-4.25416666666667,0.08128,0.0,9.984e-32,0.0,-3.5763e-07,-3.418,121.73,-14.626,29.224,-0.0011083,-1000000.0,-795.54,-19.284,0.0,35.682,10.985,15.072,0.44545,0.0,-1602.32,0.1477,20.0
702,2024-12-03,0.0,0.15748,-4.2,12.9,3.23958333333333,0.15748,0.0,9.984e-32,0.0,-3.5763e-07,-3.2605,121.73,-14.626,29.224,-0.0011087,-1000000.0,-795.54,-19.286,0.0,35.682,10.985,15.072,0.44545,0.0,-1602.32,0.1477,20.0
703,2024-12-04,0.0,0.04826,-7.125,9.45,0.595833333333333,0.04826,0.0,9.984e-32,0.0,-3.5763e-07,-3.2123,121.73,-14.626,29.224,-0.001109,-1000000.0,-795.54,-19.287,0.0,35.682,10.985,15.072,0.44545,0.0,-1602.32,0.1477,20.0
704,2024-12-05,0.0,0.18034,-7.7,13.975,4.06354166666667,0.18034,0.0,9.984e-32,0.0,-3.5763e-07,-3.0319,121.73,-14.626,29.224,-0.0011094,-1000000.0,-795.54,-19.288,0.0,35.682,10.985,15.072,0.44545,0.0,-1602.32,0.1477,20.0
705,2024-12-06,0.0,0.28956,4.025,13.8,8.015625,0.28956,0.0,9.984e-32,0.0,-3.5763e-07,-2.7424,121.73,-14.626,29.224,-0.0011098,-1000000.0,-795.54,-19.29,0.0,35.682,10.985,15.072,0.44545,0.0,-1602.32,0.1477,20.0
706,2024-12-07,0.0,0.36576,7.625,14.2,10.95,0.36576,0.0,9.984e-32,0.0,-3.5763e-07,-2.3766,121.73,-14.626,29.224,-0.0011101,-1000000.0,-795.54,-19.291,0.0,35.682,10.985,15.072,0.44545,0.0,-1602.32,0.1477,20.0
707,2024-12-08,0.0,0.12954,-2.8,7.3,2.18020833333333,0.12954,0.0,9.984e-32,0.0,-3.5763e-07,-2.2471,121.73,-14.626,29.224,-0.0011105,-1000000.0,-795.54,-19.292,0.0,35.682,10.985,15.072,0.44545,0.0,-1602.32,0.1477,20.0
708,2024-12-09,0.0,0.05842,-6.425,4.475,-1.75104166666667,0.05842,0.0,9.984e-32,0.0,-3.5763e-07,-2.1886,121.73,-14.626,29.224,-0.0011108,-1000000.0,-795.54,-19.294,0.0,35.682,10.985,15.072,0.44545,0.0,-1602.32,0.1477,20.0
709,2024-12-10,0.0,0.06858,-6.675,2.775,-1.2125,0.06858,0.0,9.984e-32,0.0,-3.5763e-07,-2.1201,121.73,-14.626,29.224,-0.0011112,-1000000.0,-795.54,-19.295,0.0,35.682,10.985,15.072,0.44545,0.0,-1602.32,0.1477,20.0
710,2024-12-11,0.0,0.10668,-0.55,8.075,3.07916666666667,0.10668,0.0,9.984e-32,0.0,-3.5763e-07,-2.0134,121.73,-14.626,29.224,-0.0011116,-1000000.0,-795.54,-19.296,0.0,35.682,10.985,15.072,0.44545,0.0,-1602.32,0.1477,20.0
711,2024-12-12,0.0,0.05588,-8.525,7.4,-1.64479166666667,0.05588,0.0,9.984e-32,0.0,-3.5763e-07,-1.9575,121.73,-14.626,29.224,-0.0011119,-1000000.0,-795.54,-19.297,0.0,35.682,10.985,15.072,0.44545,0.0,-1602.32,0.1477,20.0
712,2024-12-13,0.0,0.13462,-5.975,8.875,1.35416666666667,0.13462,0.0,9.984e-32,0.0,-3.5763e-07,-1.8229,121.73,-14.626,29.224,-0.0011123,-1000000.0,-795.54,-19.299,0.0,35.682,10.985,15.072,0.44545,0.0,-1602.32,0.1477,20.0
713,2024-12-14,0.0,0.18542,-2.075,10.15,4.35833333333333,0.18542,0.0,9.984e-32,0.0,-3.5763e-07,-1.6375,121.73,-14.626,29.224,-0.0011126,-1000000.0,-795.54,-19.3,0.0,35.682,10.985,15.072,0.44545,0.0,-1602.32,0.1477,20.0
714,2024-12-15,0.0,0.10922,-2.55,4.65,1.23958333333333,0.10922,0.0,9.984e-32,0.0,-3.5763e-07,-1.5282,121.73,-14.626,29.224,-0.001113,-1000000.0,-795.54,-19.301,0.0,35.682,10.985,15.072,0.44545,0.0,-1602.32,0.1477,20.0
715,2024-12-16,0.0,0.05842,-7.225,-0.025,-3.25416666666667,0.05842,0.0,9.984e-32,0.0,-3.5763e-07,-1.4698,121.73,-14.626,29.224,-0.0011133,-1000000.0,-795.54,-19.303,0.0,35.682,10.985,15.072,0.44545,0.0,-1602.32,0.1477,20.0
716,2024-12-17,0.0,0.02032,-9.3,-4.675,-6.98541666666667,0.02032,0.0,9.984e-32,0.0,-3.5763e-07,-1.4495,121.73,-14.626,29.224,-0.0011137,-1000000.0,-795.54,-19.304,0.0,35.682,10.985,15.072,0.44545,0.0,-1602.32,0.1477,20.0
717,2024-12-18,0.0,0.17272,-11.025,10.75,1.13854166666667,0.17272,0.0,9.984e-32,0.0,-3.5763e-07,-1.2768,121.73,-14.626,29.224,-0.0011141,-1000000.0,-795.54,-19.305,0.0,35.682,10.985,15.072,0.44545,0.0,-1602.32,0.1477,20.0
718,2024-12-19,0.0,0.12192,-12.825,9.125,-1.403125,0.12192,0.0,9.984e-32,0.0,-3.5763e-07,-1.1549,121.73,-14.626,29.224,-0.0011144,-1000000.0,-795.54,-19.307,0.0,35.682,10.985,15.072,0.44545,0.0,-1602.32,0.1477,20.0
719,2024-12-20,0.0,0.21844,3.675,16.325,8.503125,0.21844,0.0,9.984e-32,0.0,-3.5763e-07,-0.93642,121.73,-14.626,29.224,-0.0011148,-1000000.0,-795.54,-19.308,0.0,35.682,10.985,15.072,0.44545,0.0,-1602.32,0.1477,20.0
720,2024-12-21,0.0,0.25146,6.375,11.775,8.81875,0.25146,0.0,9.984e-32,0.0,-3.5763e-07,-0.68496,121.73,-14.626,29.224,-0.0011151,-1000000.0,-795.54,-19.309,0.0,35.682,10.985,15.072,0.44545,0.0,-1602.32,0.1477,20.0
721,2024-12-22,0.0,0.17272,0.075,9.475,4.3375,0.17272,0.0,9.984e-32,0.0,-3.5763e-07,-0.51224,121.73,-14.626,29.224,-0.0011155,-1000000.0,-795.54,-19.311,0.0,35.682,10.985,15.072,0.44545,0.0,-1602.32,0.1477,20.0
722,2024-12-23,0.0,0.19812,0.425,10.325,4.85520833333333,0.19812,0.0,9.984e-32,0.0,-3.5763e-07,-0.31412,121.73,-14.626,29.224,-0.0011158,-1000000.0,-795.54,-19.312,0.0,35.682,10.985,15.072,0.44545,0.0,-1602.32,0.1477,20.0
723,2024-12-24,0.0,0.18796,-2.8,10.975,4.34375,0.18796,0.0,9.984e-32,0.0,-3.5763e-07,-0.12616,121.73,-14.626,29.224,-0.0011162,-1000000.0,-795.54,-19.313,0.0,35.682,10.985,15.072,0.44545,0.0,-1602.32,0.1477,20.0
724,2024-12-25,0.0,0.2032,-0.1,7.125,3.17916666666667,0.2032,0.0,9.984e-32,0.0,-3.5763e-07,0.077039,121.73,-14.626,29.224,-0.0011166,-1000000.0,-795.54,-19.314,0.0,35.682,10.985,15.072,0.44545,0.0,-1602.32,0.1477,20.0
725,2024-12-26,0.0,0.21844,1.55,6.75,3.684375,0.21844,0.0,9.984e-32,0.0,-3.5763e-07,0.29548,121.73,-14.626,29.224,-0.0011169,-1000000.0,-795.54,-19.316,0.0,35.682,10.985,15.072,0.44545,0.0,-1602.32,0.1477,20.0
726,2024-12-27,0.0,0.17526,-1.475,6.175,2.21770833333333,0.17526,0.0,9.984e-32,0.0,-3.5763e-07,0.47074,121.73,-14.626,29.224,-0.0011173,-1000000.0,-795.54,-19.317,0.0,35.682,10.985,15.072,0.44545,0.0,-1602.32,0.1477,20.0
727,2024-12-28,0.0,0.20574,1.4,9.45,4.14791666666667,0.20574,0.0,9.984e-32,0.0,-3.5763e-07,0.67648,121.73,-14.626,29.224,-0.0011176,-1000000.0,-795.54,-19.318,0.0,35.682,10.985,15.072,0.44545,0.0,-1602.32,0.1477,20.0
728,2024-12-29,0.1003,0.07874,-4.1,4.5,1.5125,0.07874,0.0,9.984e-32,0.0,-3.5763e-07,0.75522,121.73,-14.626,29.224,-0.001118,-1000000.0,-795.54,-19.32,0.0,35.682,10.985,15.072,0.44545,0.0,-1602.32,0.1477,20.0
729,2024-12-30,0.0,0.01524,-7.6,-1.525,-4.54270833333333,0.01524,0.0,9.984e-32,0.0,-3.5763e-07,0.77046,121.73,-14.626,29.224,-0.0011183,-1000000.0,-795.54,-19.321,0.0,35.682,10.985,15.072,0.44545,0.0,-1602.32,0.1477,20.0
730,2024-12-31,0.0,0.0,-9.275,-2.3,-6.24583333333333,0.0,0.0,9.984e-32,0.0,-3.5763e-07,0.77046,121.73,-14.626,29.224,-0.0011187,-1000000.0,-795.54,-19.322,0.0,35.682,10.985,15.072,0.44545,0.0,-1602.32,0.1477,20.0
731,2025-01-01,0.0,0.0127,-13.4,-7.125,-10.69375,0.0127,0.0,9.984e-32,0.0,-3.5763e-07,0.78316,121.73,-14.626,29.224,-0.0011191,-1000000.0,-795.54,-19.324,0.0,35.682,10.985,15.072,0.44545,0.0,-1602.32,0.1477,20.0
732,2025-01-02,0.0,0.0127,-13.5,-9.725,-12.5635416666667,0.0127,0.0,9.984e-32,0.0,-3.5763e-07,0.79586,121.73,-14.626,29.224,-0.0011194,-1000000.0,-795.54,-19.325,0.0,35.682,10.985,15.072,0.44545,0.0,-1602.32,0.1477,20.0
733,2025-01-03,0.0,0.0127,-15.0,-11.325,-12.9666666666667,0.0127,0.0,9.984e-32,0.0,-3.5763e-07,0.80856,121.73,-14.626,29.224,-0.0011198,-1000000.0,-795.54,-19.326,0.0,35.682,10.985,15.072,0.44545,0.0,-1602.32,0.1477,20.0
734,2025-01-04,0.0,0.01016,-21.325,-11.175,-14.390625,0.01016,0.0,9.984e-32,0.0,-3.5763e-07,0.81872,121.73,-14.626,29.224,-0.0011201,-1000000.0,-795.54,-19.327,0.0,35.682,10.985,15.072,0.44545,0.0,-1602.32,0.1477,20.0
735,2025-01-05,0.0,0.00508,-22.6,-9.125,-14.8458333333333,0.00508,0.0,9.984e-32,0.0,-3.5763e-07,0.8238,121.73,-14.626,29.224,-0.0011205,-1000000.0,-795.54,-19.329,0.0,35.682,10.985,15.072,0.44545,0.0,-1602.32,0.1477,20.0
736,2025-01-06,0.0,0.01524,-11.125,-4.6,-8.06354166666667,0.01524,0.0,9.984e-32,0.0,-3.5763e-07,0.83904,121.73,-14.626,29.224,-0.0011209,-1000000.0,-795.54,-19.33,0.0,35.682,10.985,15.072,0.44545,0.0,-1602.32,0.1477,20.0
737,2025-01-07,0.0,0.07112,-11.65,-0.85,-4.471875,0.07112,0.0,9.984e-32,0.0,-3.5763e-07,0.91016,121.73,-14.626,29.224,-0.0011212,-1000000.0,-795.54,-19.331,0.0,35.682,10.985,15.072,0.44545,0.0,-1602.32,0.1477,20.0
738,2025-01-08,0.0374,0.10668,-0.35,3.4,1.278125,0.10668,0.0,9.984e-32,0.0,-3.5763e-07,1.0168,121.73,-14.626,29.224,-0.0011216,-1000000.0,-795.54,-19.333,0.0,35.682,10.985,15.072,0.44545,0.0,-1602.32,0.1477,20.0
739,2025-01-09,0.0,0.06604,-3.7,1.125,-1.515625,0.06604,0.0,9.984e-32,0.0,-3.5763e-07,1.0829,121.73,-14.626,29.224,-0.0011219,-1000000.0,-795.54,-19.334,0.0,35.682,10.985,15.072,0.44545,0.0,-1602.32,0.1477,20.0
740,2025-01-10,0.0,0.1905,-1.075,6.375,2.36354166666667,0.1905,0.0,9.984e-32,0.0,-3.5763e-07,1.2734,121.73,-14.626,29.224,-0.0011223,-1000000.0,-795.54,-19.335,0.0,35.682,10.985,15.072,0.44545,0.0,-1602.32,0.1477,20.0
741,2025-01-11,0.0085,0.04572,-1.725,2.475,-0.375,0.04572,0.0,9.984e-32,0.0,-3.5763e-07,1.3191,121.73,-14.626,29.224,-0.0011226,-1000000.0,-795.54,-19.337,0.0,35.682,10.985,15.072,0.44545,0.0,-1602.32,0.1477,20.0
742,2025-01-12,0.1139,0.02286,-6.675,0.3,-2.18229166666667,0.02286,0.0,9.984e-32,0.0,-3.5763e-07,1.342,121.73,-14.626,29.224,-0.001123,-1000000.0,-795.54,-19.338,0.0,35.682,10.985,15.072,0.44545,0.0,-1602.32,0.1477,20.0
743,2025-01-13,0.0,0.05588,-5.925,0.575,-2.31666666666667,0.05588,0.0,9.984e-32,0.0,-3.5763e-07,1.3978,121.73,-14.626,29.224,-0.0011234,-1000000.0,-795.54,-19.339,0.0,35.682,10.985,15.072,0.44545,0.0,-1602.32,0.1477,20.0
744,2025-01-14,0.0,0.10668,-4.7,2.175,-0.8375,0.10668,0.0,9.984e-32,0.0,-3.5763e-07,1.5045,121.73,-14.626,29.224,-0.0011237,-1000000.0,-795.54,-19.341,0.0,35.682,10.985,15.072,0.44545,0.0,-1602.32,0.1477,20.0
745,2025-01-15,0.0,0.127,1.125,5.75,3.30729166666667,0.127,0.0,9.984e-32,0.0,-3.5763e-07,1.6315,121.73,-14.626,29.224,-0.0011241,-1000000.0,-795.54,-19.342,0.0,35.682,10.985,15.072,0.44545,0.0,-1602.32,0.1477,20.0
746,2025-01-16,0.0,0.20574,-0.475,9.85,5.20208333333333,0.20574,0.0,9.984e-32,0.0,-3.5763e-07,1.8373,121.73,-14.626,29.224,-0.0011244,-1000000.0,-795.54,-19.343,0.0,35.682,10.985,15.072,0.44545,0.0,-1602.32,0.1477,20.0
747,2025-01-17,0.0102,0.04064,-13.675,-1.05,-8.821875,0.04064,0.0,9.984e-32,0.0,-3.5763e-07,1.8779,121.73,-14.626,29.224,-0.0011248,-1000000.0,-795.54,-19.345,0.0,35.682,10.985,15.072,0.44545,0.0,-1602.32,0.1477,20.0
748,2025-01-18,0.0,0.02032,-23.275,-11.45,-15.8322916666667,0.02032,0.0,9.984e-32,0.0,-3.5763e-07,1.8982,121.73,-14.626,29.224,-0.0011251,-1000000.0,-795.54,-19.346,0.0,35.682,10.985,15.072,0.44545,0.0,-1602.32,0.1477,20.0
749,2025-01-19,0.0,0.01778,-25.5,-12.125,-19.7854166666667,0.01778,0.0,9.984e-32,0.0,-3.5763e-07,1.916,121.73,-14.626,29.224,-0.0011255,-1000000.0,-795.54,-19.347,0.0,35.682,10.985,15.072,0.44545,0.0,-1602.32,0.1477,20.0
750,2025-01-20,0.0,0.05588,-25.125,-7.125,-15.5979166666667,0.05588,0.0,9.984e-32,0.0,-3.5763e-07,1.9719,121.73,-14.626,29.224,-0.0011259,-1000000.0,-795.54,-19.348,0.0,35.682,10.985,15.072,0.44545,0.0,-1602.32,0.1477,20.0
751,2025-01-21,0.0,0.14986,-6.725,0.8,-3.21979166666667,0.14986,0.0,9.984e-32,0.0,-3.5763e-07,2.1217,121.73,-14.626,29.224,-0.0011262,-1000000.0,-795.54,-19.35,0.0,35.682,10.985,15.072,0.44545,0.0,-1602.32,0.1477,20.0
752,2025-01-22,0.0,0.04572,-12.475,-1.4,-5.309375,0.04572,0.0,9.984e-32,0.0,-3.5763e-07,2.1675,121.73,-14.626,29.224,-0.0011266,-1000000.0,-795.54,-19.351,0.0,35.682,10.985,15.072,0.44545,0.0,-1602.32,0.1477,20.0
753,2025-01-23,0.0,0.15494,-9.2,1.875,-2.871875,0.15494,0.0,9.984e-32,0.0,-3.5763e-07,2.3224,121.73,-14.626,29.224,-0.0011269,-1000000.0,-795.54,-19.352,0.0,35.682,10.985,15.072,0.44545,0.0,-1602.32,0.1477,20.0
754,2025-01-24,0.0663,0.02794,-8.5,-0.275,-4.25208333333333,0.02794,0.0,9.984e-32,0.0,-3.5763e-07,2.3503,121.73,-14.626,29.224,-0.0011273,-1000000.0,-795.54,-19.354,0.0,35.682,10.985,15.072,0.44545,0.0,-1602.32,0.1477,20.0
755,2025-01-25,0.0,0.03302,-14.9,-4.35,-9.99583333333333,0.03302,0.0,9.984e-32,0.0,-3.5763e-07,2.3834,121.73,-14.626,29.224,-0.0011276,-1000000.0,-795.54,-19.355,0.0,35.682,10.985,15.072,0.44545,0.0,-1602.32,0.1477,20.0
