,thetar,thetas,alpha,n,ksat,l,nse
0,0.0927141308988563,0.4735852991927123,0.028096931673395685,1.3266866569213194,16.956816355594732,0.5,-0.7412670600013058
1,0.089903703219172,0.36586403637858533,0.017370848292163836,1.178608601212689,67.34113235501239,0.5,-8.967175363642912
2,0.07610438767395152,0.37758020190195146,0.007988286199907577,1.3508460998557936,334.9781075944516,0.5,-42.26873070707548
3,0.06763249912975905,0.44277698787096004,0.017328405890467927,1.5020037160040611,65.79574176361308,0.5,-35.397834245992506
4,0.09414559090092518,0.4049960457483429,0.009350015489233851,1.1963887939000295,473.17766293894664,0.5,-8.930868812558586
5,0.06728668222887028,0.3821163248497299,0.0055249999086461835,1.2854193541212036,448.1544517064551,0.5,-29.925094940159088
6,0.0752961817920643,0.4818094869198901,0.016702574600287595,1.440907627762041,61.11925905204264,0.5,-16.95227463096763
7,0.06126839409272665,0.366791179955322,0.027787925607936033,1.2679139784657523,402.35289318618743,0.5,-40.75455918515087
8,0.058581390839256606,0.39933746212775495,0.028667422565958764,1.2758843966065283,313.2904927213922,0.5,-30.626098796884747
9,0.09104115451477923,0.38678728226561887,0.019718985398082034,1.3795983273112276,266.63992609733424,0.5,-41.89543994636689
10,0.06538910964253955,0.47140180683482164,0.016925035751982693,1.3327176831765222,433.74430468673495,0.5,-23.98469850124163
11,0.07590179641404449,0.48502535225777654,0.009327749261500384,1.1477241277642163,39.9805011988226,0.5,-6.1196925224428105
12,0.09894490398657804,0.4975788743451103,0.01558596394709946,1.4122109507516531,177.3315337958365,0.5,-15.214818170735949
13,0.06744826549898417,0.42752653907119054,0.018332421289637697,1.4900961588842032,420.5407129686351,0.5,-63.414679451183275
14,0.0815986717372369,0.37567320106678115,0.010244037050311365,1.3696744618187089,82.77406387239755,0.5,-33.62733462407644
15,0.0544362464865311,0.380443995272416,0.01071650007947824,1.5108054490947729,459.89444379315404,0.5,-85.8294718139167
16,0.05311380078074485,0.48625132912073266,0.017436343599701216,1.1316415437562855,72.97148968840206,0.5,-4.889771813802935
17,0.09956589519963399,0.48790607182753654,0.03415792664289336,1.2235694912440644,368.7497565246902,0.5,-1.4651198479632677
18,0.09519786403168698,0.407231232326016,0.005100745029252292,1.489935010484081,214.510411288597,0.5,-39.59284477209003
19,0.09060670793377609,0.45992320019135197,0.019089189132580554,1.3273263600300917,480.7539466917989,0.5,-20.810458507538694
20,0.08125519305825654,0.40002838773134536,0.03652037160704929,1.3175850950412011,480.3256191559607,0.5,-36.880458747576974
21,0.08347593212184384,0.4146610140613791,0.020561092692897992,1.3532406016398455,162.50446479506564,0.5,-27.644555219005827
22,0.06565164191034624,0.4331776372188355,0.023830241156756013,1.3748032676522206,18.639801528839417,0.5,-10.213639809135728
23,0.08426160243363923,0.47673126710504055,0.016194733347321737,1.500626700055625,355.9792998480901,0.5,-42.93501419712399
24,0.054270626521817404,0.49820526898305584,0.012517956842792385,1.1180200660047124,350.6665414418087,0.5,-4.5774848938017
25,0.07694306517011612,0.3844400187940502,0.03342272839085129,1.2035010830673087,267.4465655533979,0.5,-16.068735586750012
26,0.08858486541069342,0.3898376736674259,0.03334381398349572,1.133451755916433,484.257315341355,0.5,-5.601533900798839
27,0.07295131235356488,0.406294232111774,0.01967415658599333,1.1543472659121676,152.92392485101246,0.5,-3.031536907590442
28,0.09291247522817198,0.46180992141111493,0.02533693529859367,1.3341470867692167,372.8566343372647,0.5,-19.434481987346015
29,0.0876515244790063,0.3612591695104772,0.029292481683633027,1.3470351147884014,236.9001181848649,0.5,-44.45259387357813
30,0.053574446476059016,0.4397280764368722,0.005471597973028327,1.4406326341038667,230.3315278723221,0.5,-38.568582803974465
31,0.09725476860569629,0.39400217431464873,0.03885292257394168,1.3192899797402187,436.60780745979935,0.5,-33.20945468917536
32,0.09804572014130458,0.4210609295433181,0.027934180500869245,1.1657944818005523,306.92988936869506,0.5,-2.8825515916169033
33,0.09622024765024549,0.4983055411928298,0.021798486448345984,1.2245447971409675,33.320835520227874,0.5,-1.5693195050326847
34,0.06277161935204563,0.3745603183968202,0.009928483440050515,1.4467106109616625,120.12126224962645,0.5,-55.43018588090221
35,0.07565574224959154,0.3933231407324689,0.036373482898849285,1.3630592440304874,123.16186328705773,0.5,-33.92422494854229
36,0.06396730473097095,0.36339690582131257,0.009835020245605158,1.2387163547371798,211.9079077764748,0.5,-27.195021639966026
37,0.07740063872494769,0.3811304647499755,0.022429310996470858,1.2995259111268862,450.6062917287439,0.5,-39.10628721469394
38,0.07846416126792691,0.4311524611421585,0.017229981540371947,1.3935325125099665,281.79549935557804,0.5,-36.64433887194715
39,0.07662815134586626,0.4805090066968825,0.007118660046555043,1.3284574001361447,478.6955458697367,0.5,-13.761781890557634
40,0.08864164446184805,0.36799188322099396,0.02329981615287382,1.420116060617144,150.85204004166908,0.5,-48.010352167117254
41,0.08064929293938651,0.47130391804235916,0.007801131936481376,1.3237597223253086,89.04077127377714,0.5,-6.1859394031311545
42,0.0956402795771342,0.4102981977086498,0.01301242508264992,1.1204717326498035,447.3618449742586,0.5,-1.0697233621078088
43,0.09329333894308159,0.42551969698879766,0.00740371605412919,1.2656676686712531,68.96977237029644,0.5,-5.51184416127781
44,0.06679214299983484,0.3854890654591076,0.011659130027843079,1.3074252148397847,282.5323765184637,0.5,-35.838521805280685
45,0.06664011820796326,0.41911069886122865,0.03402984339567776,1.3715036909311646,331.13891573584,0.5,-42.436310440992074
46,0.07194579897163643,0.3791691583029576,0.021126518732615625,1.3793064972817057,136.0226168995115,0.5,-43.08266686460895
47,0.06972281039562875,0.3905004933351919,0.03679710090292428,1.2301184910705167,466.1790284271711,0.5,-24.54576941101178
48,0.07758592254363056,0.3952026892234149,0.0097503997631944,1.1147456090718006,228.64729540667025,0.5,-1.5691716567437757
49,0.09260447375486104,0.37280321501388813,0.00815149511647108,1.3878383201983049,179.11874148990984,0.5,-39.77794808623849
50,0.09262234362388247,0.44095257537072213,0.02814968083579189,1.185085303530819,270.3270825680509,0.5,-2.2594107149864646
51,0.08170579945236933,0.3945579394886236,0.03513219717791356,1.4036413465016135,445.95839938963195,0.5,-52.811478615655616
52,0.09642392694178586,0.42521115063039633,0.020193837010091198,1.213156726071776,25.11352575625391,0.5,-0.16841543270281667
53,0.05199931035778943,0.42596716302117343,0.03040118598876977,1.2840740162424318,240.29308815375722,0.5,-24.123753219257225
54,0.06501987852879491,0.405329870649516,0.021280894898008315,1.3105920205875399,61.70136570332508,0.5,-18.779881053547797
55,0.08350544071138132,0.4527873081592483,0.026222961729049858,1.2128133901262417,485.2528621343683,0.5,-6.245617575235324
56,0.09865155119369305,0.495163758782795,0.017610198167808157,1.484619618336122,104.47025286610865,0.5,-19.025736390479487
57,0.05868814489346634,0.4564873568418612,0.032431621218997904,1.3096249389510903,198.0829658657369,0.5,-18.59360720630871
58,0.09018401961589759,0.4118484896228602,0.017050726444008697,1.4651015129041898,303.5505724297632,0.5,-49.24280871374502
59,0.05100885785096886,0.45775645073566096,0.03477750701330394,1.2606804474520077,412.7442090837988,0.5,-16.978748472739394
60,0.06873699333160413,0.3573891388953119,0.03025635718796603,1.234228895659456,469.16698223683096,0.5,-35.870066776353525
61,0.05755447975562995,0.4966491112603658,0.02658283074058359,1.221167856630988,286.1037012321661,0.5,-2.050519652767339
62,0.06976344474581775,0.3931537956083712,0.03135803732977606,1.276810731232433,35.65736849480067,0.5,-12.269046779550449
63,0.07457687813072086,0.4413820110077289,0.006304150592003089,1.2466605568628277,338.98001387047634,0.5,-7.753081355810394
64,0.06087788534321213,0.3636810549502307,0.03329835765245609,1.3215156003216662,424.5730782468751,0.5,-54.4437471685075
65,0.05525013662474973,0.48996194481125344,0.01454771065175348,1.2274075782845213,298.16579965285086,0.5,-2.984558031299397
66,0.06297808450194042,0.4698009942336176,0.00997115414583514,1.2093007488083836,404.49862031930087,0.5,-2.8775333215059637
67,0.09302158519598178,0.44001278634710705,0.03922278181066618,1.4786981469618867,159.4001346226998,0.5,-35.10509984553095
68,0.08641538595010789,0.35409402461425477,0.006906153926546258,1.4746802321752501,40.83019663144957,0.5,-43.438783599589996
69,0.06476768371909832,0.42476713627800183,0.010196928915770082,1.2615680992070997,442.78772632878855,0.5,-18.947927099774535
70,0.05912424574845852,0.3967587859294218,0.02935654547997614,1.216555021531997,301.9035522177513,0.5,-18.67661684974179
71,0.058965730556710005,0.47416531981351895,0.00830721102153079,1.434387522627941,465.10447122677607,0.5,-39.310687165343225
72,0.06478023665266436,0.4695402937692507,0.035243015460025624,1.4385556390082224,150.22607752822503,0.5,-31.860692063703404
73,0.09156738169150587,0.43623942196032917,0.038608470203370784,1.1512047248020214,139.18448716794762,0.5,0.11797270949290128
74,0.09408847804162922,0.4666078244983311,0.014231029467782796,1.4352354087604073,305.10399728444986,0.5,-30.022650859637018
75,0.06313594234854567,0.4336025229829576,0.020602285162940763,1.2902533032404486,276.3995737289397,0.5,-21.894435788587725
76,0.05053063314327599,0.3808727695610449,0.009480224832290631,1.2697516790261971,228.0308182754055,0.5,-30.667264199918435
77,0.08535862488235858,0.45722462237475026,0.03689731770700314,1.2452340546940752,384.5775440991674,0.5,-8.767877711819972
78,0.05191440557261454,0.487028002430787,0.02828433602070217,1.4295293621996468,301.22970106446644,0.5,-40.16556827012987
79,0.07835934217762439,0.44530521871228074,0.038782213326620754,1.3453395407271744,31.68100221009619,0.5,-7.802611524721707
80,0.05737314085718931,0.376841318710592,0.020634675433523653,1.1788544364849531,408.41531485840653,0.5,-18.227651446344776
81,0.06299215432216504,0.4024519786008798,0.023892778994340252,1.481538544991706,142.85827453491478,0.5,-55.87606802656444
82,0.08334997016688078,0.43556899926877657,0.015311832135244704,1.3209009919126984,321.33397723352897,0.5,-22.96377258774832
83,0.08312232614139368,0.46824401829045764,0.02670674583605473,1.125722543586938,166.92135639200674,0.5,-1.8042281119425048
84,0.05816133839729244,0.40560502744089344,0.017158209179566303,1.498052434633786,267.94046167890923,0.5,-68.91777220456457
85,0.07638206295748684,0.4556861087454022,0.025917643101041436,1.3122382253722062,407.85743477526256,0.5,-21.611859470122734
86,0.09028235766748038,0.375263604840491,0.026566830805754747,1.2823003645510553,125.46755751035093,0.5,-23.780077356057433
87,0.07967944622513393,0.4584938290687695,0.021453472787675322,1.1101156089998716,197.34171738156758,0.5,-1.8952978506985731
88,0.09784038490609683,0.37692753271406454,0.03579352122777229,1.2962930913987014,405.0822161200124,0.5,-33.332611173503224
89,0.07488486227378896,0.4952574166024335,0.025766745920224557,1.1616021285907252,224.23068183800717,0.5,-0.5933142565849785
90,0.059767429983999046,0.42298677975425825,0.03863175709937288,1.2835553588990043,263.8651718141693,0.5,-23.9718551940062
91,0.09279290166100343,0.45547649115858646,0.01594316727918191,1.420494551909567,165.4445186285526,0.5,-25.11309238365974
92,0.05453778773194217,0.43492311907864545,0.01911208153752946,1.3916639595485358,399.5744780993131,0.5,-48.09049275630299
93,0.06770065850680235,0.4784528088353621,0.023803620179952585,1.2309588533477687,19.615840086600606,0.5,-0.38738129144743016
94,0.08997560959683062,0.38366988564070864,0.030601911146809685,1.3475769149550876,152.4821583599086,0.5,-32.73965649472193
95,0.09591242129577131,0.4921152306787884,0.023584367184464286,1.1321990594417308,118.92688332012418,0.5,-5.9346081101441595
96,0.09149331466932051,0.48167729117540364,0.009082633200490735,1.428823747234514,268.8683070270538,0.5,-22.865801732625936
97,0.05031298106494392,0.4843914070853484,0.014574516580490353,1.2490602348503492,371.91077684182017,0.5,-7.716947817550706
98,0.08268245707536233,0.4205241466734039,0.034616273931822726,1.2777633849345162,417.5045633750973,0.5,-22.49696817441627
99,0.07411782357605491,0.353894558864251,0.03265847003835893,1.259372047611686,129.6456230026193,0.5,-29.91545093941269
100,0.06716900236437466,0.4863642480830995,0.020513552940732704,1.487795165652649,44.20841262327008,0.5,-19.575060555859363
101,0.07828034637240508,0.3693640123483349,0.027750259715633073,1.358159346493097,396.774873247461,0.5,-52.56138640148604
102,0.054310624211314,0.48872837648886014,0.026346843591761017,1.184928972315571,310.2098671837535,0.5,-0.3742028256390957
103,0.08818256209684153,0.3797605010908747,0.01442035089405779,1.1984295419922644,439.8352138283196,0.5,-16.76750473132139
104,0.05828396297230121,0.40096671158900726,0.012197055720955476,1.3515167876101963,360.42726435569256,0.5,-44.98223957647103
105,0.055160389079593,0.463545075298492,0.02756240467895671,1.1129394849709202,216.19998985043154,0.5,-1.328550701889017
106,0.05588632002702114,0.48343824810456526,0.009519702479565349,1.1421290083205298,16.689538070707666,0.5,-920.8991125910024
107,0.09440218395578967,0.4208375687931678,0.03554556206998594,1.2631606064280698,373.5981708207648,0.5,-16.842136848581013
108,0.08813196516818549,0.4486978881037127,0.0235018317863432,1.210896992634424,208.83706410617518,0.5,-3.099024174299757
109,0.06961054193928651,0.3822149846631096,0.03509596399618713,1.2989296076529728,143.47073282378648,0.5,-29.887798422634877
110,0.07288775341573511,0.40895825051340456,0.007226090014758655,1.2086236689952627,326.5726888890515,0.5,-9.597034304232652
111,0.07721779474515605,0.40915506455001355,0.022210225644799922,1.3598159816389326,196.05872949813386,0.5,-33.741341180098956
112,0.08658220506764319,0.43354339728397606,0.024993044563164646,1.402038830147092,80.37516063466592,0.5,-22.18360187939124
113,0.08873188924405032,0.4078064603090524,0.03823319683667313,1.1527615362883512,320.1021782190241,0.5,-3.8733039322689615
114,0.08142552469826977,0.4633217929600985,0.013738952129800598,1.2747657257700262,173.56911107803307,0.5,-7.009323731135856
115,0.06900363489143382,0.39014233585686764,0.021208323423267512,1.2018018677179942,87.82327096074772,0.5,-9.243612249340822
116,0.05943219190768317,0.46311036058636657,0.029731493297913192,1.3655644961157791,278.85924493815173,0.5,-30.39428535605862
117,0.07658039966984626,0.4404218777562417,0.03952123910170473,1.38375043282832,225.3488680634149,0.5,-31.264312915630327
118,0.05947357969737257,0.4160674337917709,0.02548657058077529,1.4806745404940345,230.95474575165878,0.5,-60.392377800288905
119,0.05148701308577731,0.4677382516408644,0.016564276411023374,1.1290617876956999,218.28665642388864,0.5,-0.6248599610368724
120,0.09176232223254162,0.44398450418756386,0.015233257047589186,1.4959171981644022,461.85421457113733,0.5,-49.464916508967
121,0.06647271489067183,0.36966604626579785,0.027876718049264317,1.512220437336212,160.64308917570605,0.5,-70.0045915514007
122,0.06572218250615393,0.4639959460075148,0.008796508616119796,1.479457628775307,323.2562631847136,0.5,-44.37584751214119
123,0.05104536204907495,0.4873542291244284,0.03222898422341993,1.4267582033482273,107.1001897096122,0.5,-26.20301002790317
124,0.05391561012750982,0.4646783303519842,0.025175796065898016,1.391194341881993,475.4796164038427,0.5,-43.229613048444655
125,0.0759552808026224,0.35879346542863555,0.03450604748166849,1.1623554280096633,393.86505250978087,0.5,-17.75065896282354
126,0.07242991953332813,0.46438072848346795,0.030631672028354588,1.4540168662349289,172.9365052311634,0.5,-34.68720390840601
127,0.09023104328768297,0.4780288283013524,0.01829580079506901,1.2477234493620402,62.22871632112692,0.5,-0.12931218963629876
128,0.08975966159807873,0.430997253005983,0.021812122445815672,1.1167812545171465,259.8630864667335,0.5,0.002906361642894595
129,0.07418791262547786,0.43392156652307334,0.0356148077196471,1.2811925394347283,365.6855716830416,0.5,-20.67595168113557
130,0.09370426457007942,0.46811370204523306,0.020784962766247597,1.3730262484371099,55.709577874248545,0.5,-8.504797179254654
131,0.08691329432673355,0.4881785105248234,0.03683289716450922,1.4301500415974207,372.10609553741904,0.5,-30.325615334548655
132,0.06992246899909366,0.3738126368091779,0.02139504584664901,1.3324742813017112,260.7587585377628,0.5,-44.55810085960588
133,0.09223982696197883,0.45586289055806145,0.015083680127714253,1.1554044529161642,342.2742083808439,0.5,-0.1120867592391741
134,0.0547572404267417,0.35341578598047696,0.019313722688811964,1.320490176439497,297.78311324675786,0.5,-55.49653210511621
135,0.06841027781032838,0.4024017036551452,0.01130867630000262,1.36460837349849,269.2375902492105,0.5,-40.438358774890176
136,0.08847151113272092,0.36829849958306526,0.03841206570842533,1.3044713500834133,304.1636140399384,0.5,-37.27394928840917
137,0.05268487900487447,0.45631145977834836,0.010352592604377434,1.4709310773211979,169.5438425517282,0.5,-43.69062787561157
138,0.07503676290650844,0.4702694901077691,0.022947469886402352,1.1051830094304913,258.81551344306536,0.5,-3.2517947487437793
139,0.05842827129919073,0.3747517775049576,0.02230548479870649,1.1863643341228414,12.09063376721021,0.5,-3.297546768918007
140,0.06779235220859056,0.4176495779461151,0.0391737936576529,1.3562075290510267,314.39160870412485,0.5,-38.94092684537115
141,0.09697125034446388,0.49907593291345653,0.01597384430922167,1.3888609682611723,405.61054988591377,0.5,-19.157011636105988
142,0.07632898689491806,0.4808295773200104,0.029042887248241958,1.1408075588044386,148.26769620338874,0.5,-1.7001703977125917
143,0.06465493131042244,0.3718042004014609,0.03796163598015847,1.1414712834643226,306.36996040490425,0.5,-10.438019536484916
144,0.08417661615368448,0.45364925727847777,0.026648940200908147,1.4387095229736782,435.5305163721355,0.5,-41.99648836300056
145,0.09112039643998943,0.4158266552665855,0.008864893273607868,1.398526960690145,277.20248891504843,0.5,-33.86899781667298
146,0.05767770117988598,0.42408381979507115,0.011104850346598385,1.1862099088481224,451.6892393668017,0.5,-7.649443915409481
147,0.057472369813837555,0.3833145671509991,0.013618571238262647,1.467475832191813,20.942089212626307,0.5,-34.95006529574613
148,0.05999194446695379,0.41335617825174925,0.017819498146299375,1.3198625767769692,235.5586003616376,0.5,-31.773685339562718
149,0.06855063647317036,0.4388590919534939,0.03516525337952398,1.3494620894259208,334.1140155424277,0.5,-32.6305428935371
150,0.07667967285949716,0.4567670345540944,0.024958150304353166,1.2358461345298921,81.6681752792574,0.5,-1.970891269140345
151,0.07991686007680714,0.3957049853151927,0.007359681870058483,1.2530776487640751,429.6322302654182,0.5,-19.873289518584812
152,0.06860919195382743,0.4596091249853115,0.005980599099477224,1.2000913216738478,46.1997583097473,0.5,-0.03270816069209648
153,0.0682215176977072,0.3759981238621308,0.03769913638306237,1.437004949112298,347.953837254635,0.5,-66.56820172167087
154,0.08082304131340366,0.3954224076332182,0.026768569014859966,1.368005147017218,81.00488501513593,0.5,-28.492093139452127
155,0.06382782643693778,0.4238107395246599,0.012462454794571478,1.2681984355018066,430.7735246056659,0.5,-21.64603322370778
156,0.08581659432374338,0.39232970912329906,0.015403964521279788,1.1045882665592281,307.22847280017925,0.5,-1.5656690666486388
157,0.08387658220683261,0.44125936976968344,0.02781055475904491,1.4972473267097246,329.68296580737814,0.5,-50.22836004231274
158,0.0903867529293577,0.4295231300671174,0.02314318761041785,1.314534202699499,9.896914853990706,0.5,-1.6437948499303783
159,0.09690731134305142,0.4258804553923955,0.036017068000104,1.3691040726506205,338.3850694556606,0.5,-30.767097564481155
160,0.08920138690360593,0.4265469401416122,0.010996086259113491,1.4244919469254316,415.85701093426417,0.5,-40.96120714600412
161,0.08646353327746997,0.3970346926959159,0.00907038840194744,1.1006750747545695,457.9237746696439,0.5,-0.9437557559133802
162,0.06967799646592365,0.36754523262548155,0.02316589308369988,1.5014169397642676,147.1263907962947,0.5,-66.7122748244306
163,0.05455808105559579,0.4757505203428827,0.019308330021755055,1.190179911834348,89.56240486626908,0.5,0.19749827020397082
164,0.0843154072849794,0.39101762884074576,0.01957278134817573,1.4428756203703412,485.10449418603986,0.5,-59.841154152031926
165,0.09732428604202334,0.4958395508010895,0.03740222107864184,1.2105996058293507,312.11287841745747,0.5,-0.14959525655175288
166,0.05708146274591653,0.42313015158063383,0.03904327578437423,1.1885787948702164,86.22506021431093,0.5,-2.955347617595245
167,0.07274524669927163,0.45155333025201716,0.035076771715621936,1.4004677132974408,471.7476229836408,0.5,-41.36969866647547
168,0.06791166226877018,0.4645608813345207,0.023620958960468112,1.2420044928787024,351.9661443962822,0.5,-8.500258954120202
169,0.056779804423581985,0.40374539505604434,0.02405186249374633,1.3882375643962561,60.82656447853547,0.5,-32.11634221261271
170,0.07407385148123966,0.4693877683921051,0.02101694432059687,1.4326670140137046,246.79789221743343,0.5,-34.101183885956836
171,0.09812763428553496,0.4402056612073798,0.021067550281992843,1.5112534679729253,189.79028067969537,0.5,-39.75381410221903
172,0.06793321015592665,0.3942030713117739,0.0363276619028065,1.2121112244510854,42.318842121651095,0.5,-6.183946926425464
173,0.0561562543173897,0.45493643230303865,0.021383182999823967,1.4275274100373672,291.39361342015906,0.5,-45.31326790312593
174,0.0666948053189453,0.4157162058530059,0.026240134858793493,1.3553573712801756,328.5200569032777,0.5,-40.14934996615798
175,0.06587521836348588,0.47460350995013434,0.032497237025628845,1.4759929688660556,204.0168847031797,0.5,-40.06393249502381
176,0.06595894820143625,0.4454199040602928,0.0062654335276829416,1.2474274035458506,352.9982817358296,0.5,-8.135833722137482
177,0.07053647233923724,0.36232817414698854,0.02997134039132132,1.3635551482868755,253.72642074432383,0.5,-53.56505126111763
178,0.09379465617216023,0.4688534528858376,0.02592405666049491,1.1059121775631822,188.19884688151967,0.5,-4.2496856037428286
179,0.0660558501082269,0.4715479812690015,0.017539506993206885,1.217866469968662,17.636379250015523,0.5,-0.47336606296456174
180,0.07727112961993982,0.4510551970085524,0.03947081862198739,1.103554783212281,253.3167370283736,0.5,-1.1736728910518162
181,0.08394837760546761,0.3647665718132631,0.037433009244485886,1.3312915692962337,483.2132055844429,0.5,-49.134189651528786
182,0.07054971132928295,0.40979111267323937,0.0273211968864154,1.129713162901488,355.49822877735903,0.5,-2.377328858917876
183,0.06160853007329126,0.4443544853851705,0.037246517877870436,1.5127567915350721,41.750069465847936,0.5,-31.14725870981475
184,0.09165503291438948,0.4076616737442944,0.02323476750240832,1.2612786426247564,118.57037551483448,0.5,-12.38568691199862
185,0.09663620152864533,0.42644617899018633,0.013980278250403296,1.2565093746432818,136.96422376649625,0.5,-8.183956991351545
186,0.0706424868134958,0.42626472143549915,0.030906684254837134,1.2858691790109953,182.1364901486347,0.5,-18.20315126075661
187,0.07550632267318355,0.49110850796543326,0.01822087541223929,1.2707622172258493,425.0531559786909,0.5,-8.137108418771126
188,0.09677642166254219,0.4867144464022901,0.014692421890152251,1.2065278055103266,75.80783865605744,0.5,-0.26402065188259716
189,0.09451332778192054,0.39652009130826016,0.03719544773847462,1.1310329932632595,309.1795014083759,0.5,-2.95719869921709
190,0.08388238651963369,0.431529694770761,0.012383864734492605,1.2257008438999277,379.60304117725724,0.5,-9.148503988127382
191,0.07975902299417548,0.46490785837571524,0.01480612228936683,1.3167775567121462,468.33727424195644,0.5,-19.27908664334654
192,0.07646328928900742,0.49618651330795527,0.029201780998476527,1.4095496736898823,324.4501111422781,0.5,-27.368217254734837
193,0.0556625665690455,0.3884812700033309,0.03790650512979317,1.2959506260232114,75.18465511227605,0.5,-24.266231100923477
194,0.09064397081105233,0.3893843691653866,0.039408342560291604,1.1328166083730675,105.5469170127417,0.5,-2.0012893182746
195,0.09651721525155754,0.46965024196187793,0.03757366066381568,1.41117371646894,265.0091508189107,0.5,-24.888649894262958
196,0.056372040303750724,0.44676841014210655,0.01602282237918832,1.215950491298354,219.08700852349367,0.5,-6.1091624530788255
197,0.0928232438429884,0.4942028662126049,0.03703852159461324,1.1683126711461935,29.689929820436667,0.5,-6.56284413496941
198,0.0971371427987846,0.4145483126665124,0.024170666148908795,1.31909714628778,311.6908156069453,0.5,-25.024806189143387
199,0.06952980223208484,0.3625283372531539,0.02985599523120052,1.2591181290152544,84.3945829512498,0.5,-24.487826137726874
200,0.05243231838723581,0.4631886028075658,0.02917119294453767,1.2424602389457338,137.56323400608645,0.5,-5.609137296145018
201,0.06221534112699916,0.43169002257175965,0.031175931919651498,1.4538290189362373,217.20013722692838,0.5,-49.537349379083665
202,0.0888275007104648,0.3575182797296006,0.01604011619051224,1.1817740385131967,247.71564135903049,0.5,-17.369231343169723
203,0.0661316699690925,0.3987432239390176,0.036265175603882066,1.335848842203721,384.49966065738937,0.5,-43.25079321765156
204,0.09396900195247765,0.41710463926911445,0.01049794405787208,1.4184032332607308,378.63247666837077,0.5,-39.59722151594032
205,0.08400958684488632,0.3723071821294728,0.008785767931947776,1.3517550917955716,324.957938980674,0.5,-42.26308100826971
206,0.07767113998227193,0.3583089941847788,0.02414589574705124,1.166267495274366,486.25336876274685,0.5,-19.42976907428283
207,0.0742599216380818,0.40602224746380755,0.03355740909759329,1.3754454520455446,439.0473117337541,0.5,-47.38977716005943
208,0.05500632304209402,0.47885173416022997,0.021742736866462636,1.12803101371044,374.2572534258515,0.5,-0.7031575121787956
209,0.07089119664080802,0.44052852859140773,0.012074516236755237,1.1394772702814224,176.2915927340607,0.5,-0.0445160679542318
210,0.06988845300078853,0.39531212364581636,0.013947608977849387,1.2784179502951574,295.9494950960091,0.5,-27.81540181651068
211,0.07906366876679144,0.4269185028343525,0.019814837978137413,1.2943121270207338,224.4772447027693,0.5,-19.23689470976983
212,0.07380147951822477,0.37734845533854533,0.024014955650410758,1.2193295507892838,409.64368528181336,0.5,-24.116563146240402
213,0.05991839781913415,0.4475171978653362,0.036050771746841535,1.483652830486248,171.03464092611304,0.5,-47.38158147094837
214,0.06330214346712965,0.49346445868481925,0.026076035749288448,1.4436996667243425,294.27909720767093,0.5,-36.66842143822755
215,0.07753443233323198,0.35869439186179675,0.03893553902056084,1.5068527512133185,35.731143370547,0.5,-46.23758823155016
216,0.06023698162956233,0.4574343826992494,0.0063677767278238675,1.405250504841986,174.64578314283676,0.5,-25.64978878957853
217,0.06774176802986073,0.44580059597221944,0.02942863064152968,1.1342561140093526,13.589634004561557,0.5,-920.8991125910024
218,0.05605035733342678,0.3593936067430836,0.012573547440362709,1.2951590838777656,108.60457778052806,0.5,-36.28517433672562
219,0.07277230988916647,0.3781147857454135,0.008935907239531972,1.4230249812621503,320.4250183862451,0.5,-56.55234420832116
220,0.07172153479569765,0.4354098217321159,0.007064764359893693,1.4590676738583728,104.23373246011043,0.5,-32.32775116559104
221,0.0699826286940134,0.367815406594725,0.015197454126971866,1.1670874654170944,360.9487930518584,0.5,-15.796015796477668
222,0.05372631460525748,0.3553354519311944,0.006725254583145369,1.3669824495862746,357.4500955578029,0.5,-59.18107156573169
223,0.07718010762023167,0.36641021231243986,0.02544581119439298,1.2902914725491539,405.96053029089114,0.5,-41.15226249009052
224,0.052666876508584703,0.4509223824057512,0.03697139269686929,1.1383929933205599,14.483186891367012,0.5,-3.2205218831316422
225,0.06738408681814129,0.4826591943531412,0.017892910310008246,1.4871555140329242,222.28539414724784,0.5,-40.400678038461976
226,0.06337636903219133,0.4226218509974492,0.03899067226181164,1.4118532151716332,489.2181294620056,0.5,-55.24982094280147
227,0.08186644638319703,0.4711137680452183,0.02440116550955846,1.2486317673937546,21.64251587407381,0.5,0.10206340474543418
228,0.05595177127945937,0.3543836697752555,0.021104247250037254,1.1426096579712346,359.37003757361083,0.5,-16.63367776855015
229,0.08303041519557665,0.45194670716129315,0.008579323224117398,1.2685152529288957,231.47266752676828,0.5,-7.74570784976518
230,0.09891968147207583,0.49247836020021774,0.02604468525143605,1.4032908042287833,401.85306309150775,0.5,-22.786366862937648
231,0.06827536885109718,0.4935600367856646,0.005076945749409875,1.3702025332743748,275.60366381055394,0.5,-12.395839539329094
232,0.07164187739960365,0.44894079742386284,0.021889090036864775,1.4576160589574676,413.8855083291621,0.5,-50.582495860589944
233,0.07439150511000196,0.493966066762006,0.013907728732038847,1.3080088760981263,485.70639680977735,0.5,-13.21501681121327
234,0.0837989888310338,0.38566815509410346,0.02857630884705146,1.4144742734449545,198.3854024666728,0.5,-46.80905359677458
235,0.07469889247639869,0.4162382192261888,0.03920319168635785,1.4707633340710506,362.8954703992283,0.5,-57.839620854894626
236,0.05256617146170906,0.47227391398119944,0.011933758062898314,1.4457274626808956,452.5292853359404,0.5,-48.400182314756584
237,0.05570555092789015,0.44698876924247416,0.032348641805351845,1.3172047869818873,425.5961197419281,0.5,-30.47757768083506
238,0.05069456468725065,0.40023607478306306,0.013539557610991187,1.1691588333306444,423.9397538712728,0.5,-10.614042451310707
239,0.09488140660423869,0.49230715083580145,0.026157526910410053,1.5017627288151525,33.113450580210916,0.5,-11.177694107013858
240,0.078996011233646,0.41520027030020795,0.033012487586007846,1.1814028192202661,470.4236216197334,0.5,-8.393253696138451
241,0.052195237187534424,0.3733061457936195,0.03844221919144089,1.3890816597585305,333.62743105966763,0.5,-65.51505821295096
242,0.0724180384292845,0.36028268814070885,0.03505437020390536,1.2378034983446287,210.78262663998188,0.5,-28.2985386137365
243,0.06553788930745397,0.4851716770303296,0.020703139850897646,1.3267779176162606,24.632194195296837,0.5,-1.9912616214086118
244,0.09887724199255996,0.42967818801877106,0.01875769922387597,1.2922426936032225,232.7040945196225,0.5,-14.973759654294094
245,0.055845581051677196,0.4660949037072252,0.022905432355525508,1.176297362550726,143.84362848745346,0.5,-0.010903614706339715
246,0.08179893417377922,0.49553789934099923,0.00890155964747188,1.3147308673145592,391.8022873447604,0.5,-9.070913985897157
247,0.06304669969383585,0.4783890285388388,0.02006156475710233,1.1773767170173801,305.3654621752594,0.5,-0.30551056917858754
248,0.090073781676619,0.36545723605909886,0.017684338755814624,1.3254300274117252,241.13930302546564,0.5,-38.868774023544844
249,0.09432394660722826,0.4854323919971688,0.03901946819079912,1.1639064874064649,187.23360097908585,0.5,-0.44577962378858804
250,0.0844671705741614,0.4988606750376257,0.03411730096031118,1.338318202112944,162.36496697570644,0.5,-9.05657867742533
251,0.07682242822119476,0.49123346393939415,0.025086467447041585,1.2629452443267088,431.5439905995272,0.5,-7.483882382078166
252,0.05170856533961505,0.4237052183446857,0.00786461287474216,1.418048317147181,175.2723942442212,0.5,-41.662714172970965
253,0.06653683888227084,0.35504158922509277,0.030972181111861043,1.2658638696024533,12.700786071461701,0.5,-13.583600957510097
254,0.06544904420922233,0.41660306629157007,0.02224513098465302,1.35742929313041,27.361170916398763,0.5,-14.867854803079961
255,0.09010310648447399,0.43851217640521706,0.006131421760070021,1.3006738205655952,469.98570139529903,0.5,-14.63554274246317
256,0.05670537219319104,0.4361334139189962,0.00802838771658033,1.4431757087720833,158.24144185413112,0.5,-39.941394035969964
257,0.08409337902354667,0.3694339960423051,0.00534267107983094,1.2825049403444861,115.64274713616383,0.5,-21.846766214646717
258,0.09639243783109508,0.3870301218263717,0.02859201834545068,1.477842294650018,363.79964631769076,0.5,-57.14237854185397
259,0.0623213550055403,0.46726497736731054,0.021597978051853504,1.2427873702926862,146.30775529092313,0.5,-4.404901164226824
260,0.09123276570453004,0.3532428796740675,0.020417432233052802,1.274176727923037,217.97855782066023,0.5,-33.24817873310326
261,0.0675023265084304,0.4595682405835878,0.034493751321915476,1.4689582919553115,26.38836827842266,0.5,-17.02197754411958
262,0.05185349370211064,0.4891196843839555,0.03482104799694579,1.1538718463790518,349.37459823543116,0.5,0.15854337437026433
263,0.07028976825749043,0.48286848762375834,0.01998586112441977,1.4597161554454916,134.11970188015815,0.5,-29.073958849334225
264,0.0626439838623184,0.3875820199405863,0.019243995270435053,1.327911344243558,200.5668442672038,0.5,-38.61431756207944
265,0.05801801033277373,0.4021138233370158,0.032790124341716305,1.4615153859251442,439.3501697356352,0.5,-71.3235346323661
266,0.08846328693307554,0.3705874881893273,0.01650351327817238,1.5046418551982705,369.70026931699806,0.5,-69.09256271238958
267,0.07800217606335723,0.4589287529973051,0.021694224921114356,1.2869400253883834,337.115464026003,0.5,-14.616228477744976
268,0.0813308113598587,0.4370377203827511,0.03327718489953596,1.1050232986384578,132.75214590594672,0.5,-0.7747652907806255
269,0.0708376201771507,0.4762125635939924,0.031092506771400033,1.2990291537654104,476.46737659297077,0.5,-17.676684581344823
270,0.07312793991623093,0.454478846838292,0.006000546098417755,1.308193895435967,351.54407672246145,0.5,-13.47100162358664
271,0.05724233634481463,0.38782480837213384,0.022791934299033305,1.400986942283653,368.2718559238695,0.5,-62.26151701683948
272,0.05845971662828212,0.4670407943649668,0.025023734486873603,1.1868111797705148,107.61159591574922,0.5,0.045283482674651654
273,0.06826375434175642,0.37889461311735867,0.015475983005886103,1.2194694982678995,65.35595987364505,0.5,-12.51487497853739
274,0.09741600277184537,0.4143552570375038,0.037865352262168236,1.2885802177151897,279.72394192900606,0.5,-19.561196206331015
275,0.09778197723694687,0.37140323795162367,0.030084123415243136,1.2938360196453056,448.71363285970153,0.5,-35.40700526399561
276,0.08005027720147191,0.363190535772305,0.018169487962010192,1.2150188950675629,94.20381569680801,0.5,-16.819970340427343
277,0.05744988580296678,0.4614705820497676,0.036176237299602926,1.335031024340492,284.27796524615354,0.5,-25.879657948257346
278,0.051356766533275554,0.4421440039053258,0.035985667892388676,1.1459282456867743,111.79434385251147,0.5,0.2427179645481229
279,0.08724332028647264,0.4351501625628886,0.02371895432470565,1.225287857544646,155.04465164707142,0.5,-5.186300669632511
280,0.07099172877088945,0.4764906990895441,0.007144866445297503,1.2728890348940698,78.6651123899443,0.5,-1.7712058199866223
281,0.08759363699301004,0.44413839509561104,0.03907861148337632,1.423722538685743,420.89526777629374,0.5,-40.093363113190925
282,0.05980138141442533,0.40458966634920907,0.013644207104503557,1.2390452455681198,276.8014007200056,0.5,-19.133622099886434
283,0.06696764403977051,0.4245511301228152,0.027104302481041426,1.3773244021526838,444.680322866733,0.5,-45.40333673456796
284,0.05047197778150453,0.47385119233072776,0.03076413454619254,1.3826528373938676,116.17227656428221,0.5,-23.35349030746172
285,0.08138912466929248,0.49656525497367376,0.017563463525803007,1.1743396866514333,220.61244749742264,0.5,-0.4079111672280993
286,0.07008173725023639,0.35581760695224096,0.0066285732537051875,1.1196404620775258,488.72151005062716,0.5,-9.720989854201509
287,0.0843369209557708,0.3808285488765801,0.018346640500163724,1.1464325083917444,317.0376911520173,0.5,-7.855768636009184
288,0.054621438293243674,0.4881012644267757,0.03197485214248349,1.4655006626789815,28.342094794857495,0.5,-15.405255109257148
289,0.05405469996921347,0.494735139462809,0.009012491450478147,1.4768668000537575,212.59653656938866,0.5,-36.074174526400675
290,0.06105582493937943,0.48392967320152086,0.014102121549511619,1.4891886565592478,407.1709140925962,0.5,-50.22833734863574
291,0.08248954209397684,0.373572766016485,0.014392222339849431,1.2030137005957586,76.52619644150498,0.5,-11.143342510245612
292,0.09736695279992716,0.3576834379902568,0.00806801383347453,1.3777696898983667,51.19813583624858,0.5,-31.258901763343367
293,0.09244522942794584,0.4984915504385621,0.030181976078022525,1.231501957691332,231.78954960866622,0.5,-0.5854491834508977
294,0.07382886040335693,0.4762760245092421,0.03887203612686219,1.4471668830964697,239.32612215525074,0.5,-34.42541060533
295,0.06252452039559778,0.4929728039526193,0.0327349046274698,1.5079177750714299,229.70709411097096,0.5,-43.75846217427887
296,0.08481463593760255,0.38967661777246054,0.02375464490089807,1.2801831028043291,182.99349450581735,0.5,-23.585522717457945
297,0.09686442028830053,0.4016907115943261,0.0066924602356959705,1.2694890424036969,155.72556248214494,0.5,-12.93527176361503
298,0.06428061348839646,0.4344449040396668,0.022153536745790438,1.300020590478088,66.2973731642754,0.5,-11.73615320368267
299,0.0671254457704258,0.4318564191300377,0.023016506775222496,1.127828498143317,370.5505872211627,0.5,-0.5255942361081267
300,0.06229025454541814,0.38580492512686887,0.03146812320935096,1.356917471951422,289.66963462742007,0.5,-49.36341831203196
301,0.07547909703772562,0.3698738400343127,0.013284852643657136,1.337549769632633,328.3499387392462,0.5,-46.05542319723738
302,0.09400678131617157,0.4471139431202249,0.03530570632946381,1.2176032011255753,171.1952060862833,0.5,-2.8649113761906007
303,0.06006749639912995,0.39732095611332463,0.03774098602278138,1.4381034078082398,303.21987210967734,0.5,-62.16006790815639
304,0.07392174687897131,0.4757740823613579,0.019205753578569067,1.401332430750562,168.23179021705238,0.5,-23.57253812857651
305,0.06032479390192045,0.4522587710401275,0.032213072587233174,1.3138440258773911,17.90317595544967,0.5,-3.5963294965163213
306,0.05508181261863346,0.44429543693330525,0.030535009302550778,1.404253892467364,83.44832175847486,0.5,-28.23056366747426
307,0.09251739017441842,0.3592195524696506,0.024720417249261425,1.380282627425632,313.59660562717335,0.5,-51.52090807046319
308,0.08483777947005394,0.39090610036348034,0.011214038472693682,1.4485109618052205,76.14800271549835,0.5,-38.0490742711842
309,0.09933496445018689,0.404404163587899,0.02912441513049078,1.2849147275785455,243.98277251198024,0.5,-19.984074104013164
310,0.08119042282330811,0.3531482665474949,0.032553227902252624,1.3817492242376594,370.22064659812435,0.5,-59.89905194873626
311,0.08631371677831838,0.4153053351826855,0.008607260686045665,1.5037006027045932,66.69617943105166,0.5,-35.31433804585947
312,0.0570020392616557,0.40881140574412517,0.013508930905531444,1.498955369848716,363.54402257327934,0.5,-72.30367253334136
313,0.07983781399842553,0.3669367162339298,0.020972562364127943,1.2499816891167224,223.10491613357414,0.5,-27.410787611389203
314,0.07817910197814924,0.3889188810729966,0.011618525220702895,1.3496486954837814,444.2169567424634,0.5,-43.354279344769076
315,0.0681344350946205,0.3881296488761515,0.03309197685437968,1.1566246478982602,95.29692566809342,0.5,-4.714590144827149
316,0.054797774875539024,0.4492749068765354,0.018706132121897274,1.4317879357587275,209.21297851346642,0.5,-43.3905654423539
317,0.06630184297485212,0.3545229297525761,0.005907529266083886,1.3487121723686795,477.39653498128655,0.5,-52.5001371466631
318,0.08172178642034746,0.4857106032824003,0.022051423953844337,1.3523063229893388,389.268120664303,0.5,-20.320590868548148
319,0.06060270892001326,0.3914961746524211,0.01106169219428467,1.2507264426321454,178.85479130655233,0.5,-20.988093510146644
320,0.059076556516982084,0.40222618795027254,0.016460961313030556,1.4063650128304397,470.92780312600684,0.5,-60.375918317095696
321,0.07452994367997043,0.48250556694789154,0.03017049752724507,1.296739069145464,149.57256228405157,0.5,-7.447662923385177
322,0.08152092470247599,0.4425602381332733,0.007849587448661006,1.169816216937794,136.50664050590697,0.5,-0.20103318040243745
323,0.05277352867541856,0.39758845089685446,0.038547227654851364,1.1478834881759585,205.9385834328418,0.5,-5.425861951598429
324,0.09758015037433909,0.444886940312417,0.036869917089813235,1.216228174641005,91.97386810774334,0.5,-1.1484821530093408
325,0.07943242400297768,0.42571759993155467,0.005787739335225529,1.2711337052187772,461.4339757403711,0.5,-14.335710079075298
326,0.05715487208133955,0.4888849481856614,0.009793893438663692,1.4155481638765974,442.0453237164294,0.5,-34.17255862860308
327,0.08636473196422675,0.46783580446643097,0.02482252883568365,1.2099017985554592,310.7806018748412,0.5,-2.3176467908199676
328,0.0632130895850529,0.35359645194820133,0.03167358749228251,1.387447227180151,356.9384644686232,0.5,-68.05868438684676
329,0.07625640836879313,0.4860749368712023,0.01334465935867007,1.4964579653204098,385.203594306599,0.5,-43.510730045020374
330,0.05808562453041683,0.48557513567965543,0.034249538079360556,1.2516755828348993,197.06597916479586,0.5,-5.03430700089051
331,0.08191484302960933,0.4674616877096885,0.0315569652092431,1.1120043889476838,148.79303551648417,0.5,-3.354341456862797
332,0.0532676116016217,0.38729281436267304,0.011862610973367674,1.4811305907568388,290.63600913974875,0.5,-73.83609939974193
333,0.07674322698068742,0.4289763758548766,0.02979005037546082,1.4490635617505832,257.9888897058837,0.5,-46.08174354065771
334,0.08274756710759591,0.3638754148204856,0.009432104667403162,1.1178429325835386,339.4390494953609,0.5,-7.030914566763686
335,0.08688246778149508,0.4411931652730851,0.026746953734700478,1.3527742379249859,79.48561373888408,0.5,-14.613846403449232
336,0.07089941092696726,0.4278695051456648,0.03497911331185733,1.5116336864537563,133.36229764722998,0.5,-48.266614070182676
337,0.08254977140841407,0.3958469982315009,0.008313042059169384,1.236154855290068,358.14898243733046,0.5,-16.55186857605207
338,0.054952856939274014,0.448543448996929,0.018883329890831312,1.1740102185633905,272.36040072764956,0.5,-2.1836487811787975
339,0.06669576037742825,0.44982303981998484,0.026099524146453182,1.4858369552000354,416.52884430933824,0.5,-57.48542182292688
340,0.06806866809455026,0.47080716117156574,0.01676422200026265,1.3128690203544167,190.24528152008295,0.5,-13.447141650108568
341,0.05831566289832349,0.4139425086842575,0.03837531552843736,1.28066921071169,312.64640725693164,0.5,-27.674549901528973
342,0.09338109258730493,0.42438536300451,0.01428383801907743,1.4107579118895894,204.51359018674398,0.5,-32.579511271376134
343,0.05237105969564067,0.4120943915133669,0.014779692722226092,1.3156855822901585,229.73329547924095,0.5,-32.472347088683286
344,0.0891152931450939,0.39987439364303967,0.019954372452970708,1.374763757880955,14.101645867336728,0.5,-11.314697383932513
345,0.06175689448779846,0.4803224152488789,0.021867031594253593,1.1354574088232658,443.14570137427893,0.5,-0.3263618838836335
346,0.05969458003767469,0.4743649860717961,0.020260482637197135,1.2600832714426686,440.89336214685346,0.5,-11.86054906377336
347,0.060114860154931025,0.47514305428831194,0.029674758840747363,1.3822214617127409,202.58433286633252,0.5,-26.803973523524213
348,0.07936747293217439,0.3751985134341558,0.009215398239578253,1.2558992489515486,482.5495338056714,0.5,-28.388295596279917
349,0.055560333884654256,0.388706095133654,0.009594301574305578,1.1314978684460362,181.11358765791746,0.5,-4.0439335761375546
350,0.05193272967204384,0.4723989677504772,0.011959572297812108,1.4547792706798544,96.536320613991,0.5,-30.995604250111878
351,0.09717648616310272,0.3839114532832794,0.022481894224356147,1.2437550469187948,317.63522451427735,0.5,-20.835776755265705
352,0.05117604163104273,0.4561822771466292,0.011281520216898093,1.3480470836254654,110.86905021707221,0.5,-19.27850709190674
353,0.05142425914396478,0.43090009588519385,0.017690435396584353,1.1997592860813682,459.0504837529817,0.5,-10.543040408451823
354,0.07232163432141632,0.44769487791140167,0.01945017971124364,1.4503581589411818,282.37036236706933,0.5,-44.30969546130143
355,0.06467587448820733,0.436913345206793,0.024471509482400372,1.4771529103360304,10.17624562755479,0.5,-13.500598595781417
356,0.08263548805106045,0.49729025809553834,0.030320424988589542,1.2056129599653211,106.65464299559139,0.5,0.08698698430271001
357,0.0990420699597114,0.49778487699944485,0.017260363199948336,1.42113599119792,226.7444725246863,0.5,-18.467135730649915
358,0.07492025539712158,0.47941370665140265,0.018531911884709675,1.167930522326095,124.13135396570435,0.5,-0.300286187840868
359,0.08201767895898318,0.46591065166298273,0.023878726109275134,1.2382300182541857,114.84231541649963,0.5,-2.0320732593029454
360,0.08354495060592637,0.40752307233613133,0.010547924117018829,1.3546082032385365,359.7275106096986,0.5,-34.75238517484596
361,0.05180182427510945,0.4625849088364308,0.012310732595655027,1.3667055163627477,259.5229075148887,0.5,-29.52552502625947
362,0.06268901797090005,0.4959079788031528,0.02681562334226513,1.1973201770038928,48.61948910282523,0.5,-0.967550276846064
363,0.09600837238556767,0.3853838307186848,0.03203207781297714,1.5031592979455302,85.28970332362232,0.5,-43.15060194928785
364,0.05864494949126721,0.47446799116607646,0.010168691764822872,1.1647614715310606,15.716874872923974,0.5,-4.631775218901043
365,0.07785644031930516,0.41559475356732467,0.026436230194482997,1.176414968134852,353.79055704177733,0.5,-6.506326428078838
366,0.06754583317416821,0.42927386148244057,0.01819855402117157,1.3559493301755752,58.71995011973733,0.5,-18.43077704351105
367,0.09352391732518343,0.4446701820398519,0.030512986640499853,1.4889259037655054,447.5718391183328,0.5,-47.88382986144533
368,0.06347028739514371,0.35798472450355345,0.0353852906227994,1.3092175177384688,367.6082124242594,0.5,-51.20417576939305
369,0.09326069173055829,0.3688262579678359,0.035781777298511,1.2721738117617796,382.4436455281931,0.5,-32.24450171158054
370,0.07654443478004448,0.4806269172658484,0.028338902418671222,1.33442603304004,473.7194859569263,0.5,-21.669039818195706
371,0.06836089656717514,0.42208875909610644,0.03529205868875166,1.2837624153533078,336.3630241149099,0.5,-24.542500165765542
372,0.06959821068242619,0.4777553225830484,0.03751354045022128,1.4332659798033338,114.20502967484042,0.5,-24.52836226617839
373,0.08497117076119146,0.37398849883164276,0.031735806056648753,1.3846213993723326,243.4435454584461,0.5,-47.600770330712926
374,0.07793615960616582,0.4507695553931096,0.021549615751299656,1.3785331220503148,293.1090929380673,0.5,-30.352607025828455
375,0.05576575280198015,0.460760282312338,0.006656444598623678,1.310481149573705,181.61270649872614,0.5,-12.258428393365515
376,0.0992701546292597,0.3929693453559867,0.026989734349262322,1.3374396432096205,398.5068872172183,0.5,-35.0766341086459
377,0.0979815481164861,0.45599449042882456,0.02687937238590596,1.3443214237626273,386.3952708895731,0.5,-21.30607125029199
378,0.06448190320016886,0.3948355700956446,0.01382768858574799,1.3536736768515163,49.751765293658146,0.5,-25.40278978140399
379,0.06377263054403016,0.358996352050848,0.006936401701836395,1.5125382240426808,234.05319618315502,0.5,-75.1601985426664
380,0.08113142245086982,0.4128672343297391,0.005170333897518823,1.3922110793690865,74.71738509278919,0.5,-21.500547278498527
381,0.06106917419906396,0.3830807321507967,0.02258480285702511,1.1950179256301905,242.69968704200616,0.5,-16.286252237614534
382,0.07110508240837424,0.4894812443524901,0.016964656609992815,1.1156895502570396,492.23085521562126,0.5,-3.1010122275418643
383,0.08797788832137851,0.4079928497830979,0.035437485742264824,1.3414784153485144,341.9406350279546,0.5,-33.59601305658168
384,0.08879857969534703,0.3816559724720636,0.012644768574855775,1.1980565899505422,211.15236787825762,0.5,-12.581576882060094
385,0.07387505805727146,0.4035647725982116,0.03363941591475244,1.2926453074212696,490.761487562732,0.5,-33.31867083175583
386,0.07421059400791236,0.3814954711554145,0.009959970852758342,1.4214310153096843,64.01878062151478,0.5,-38.22806634601633
387,0.08403084390222852,0.46592828042731416,0.009828753481566404,1.3866365374961904,112.6830626075608,0.5,-15.779463066856277
388,0.08105569845776306,0.4477640504917102,0.011499014336995447,1.2933734521829232,322.5977991367418,0.5,-15.161083732904928
389,0.08750607050627489,0.3646569530514268,0.0056484733318074645,1.273735932415517,45.4137759367557,0.5,-16.850541485102983
390,0.07481542580580172,0.44245819706206935,0.007021898787794986,1.4282888404609493,311.4027295501558,0.5,-35.236221541029884
391,0.09358272502234243,0.4135311507204693,0.007586321322547886,1.3421710399242994,209.99787608858827,0.5,-22.462659953823426
392,0.056260137898158716,0.4620199456505414,0.021565597062777615,1.4357093004107941,206.40144513226474,0.5,-40.320245864713826
393,0.0809788836531908,0.4772015554745521,0.02907694892726377,1.1347558484465958,222.7368082773518,0.5,-1.277699476346546
394,0.07326048627157361,0.4801532354219781,0.02883232692543889,1.5072530923857206,202.90313307269437,0.5,-40.542868081403604
395,0.09872018006852622,0.3593182277868776,0.022654702696430454,1.3438569215579974,273.44213584697917,0.5,-42.459850765135485
396,0.08053363343657756,0.4463377283576715,0.029461662706318954,1.248289356423819,28.66747451354027,0.5,-0.6966160223265874
397,0.09902778172848771,0.3824053387180481,0.030429044749043975,1.3028431002392935,445.19832108696784,0.5,-33.37493390065317
398,0.09502509867745568,0.490105176065541,0.02881365670899328,1.3947716650808382,151.89911670723768,0.5,-14.486459053454775
399,0.0692039768467067,0.39777764218556855,0.02874569607243283,1.1224088156499459,132.41563518519297,0.5,-1.345607291795702
400,0.07541581921946892,0.48974712375341356,0.028003957463966583,1.250211913694532,464.10440488294904,0.5,-6.60636426601916
401,0.0896500537565625,0.447901366763438,0.020359093263318962,1.3307418078514082,199.10313829739528,0.5,-17.196829920615873
402,0.08825879421188704,0.49080530556837987,0.006883566338590758,1.5082601184910827,229.0921743815051,0.5,-28.38424823149044
403,0.05781078213113053,0.48682291636925035,0.037800240719359654,1.1261536628476134,432.34266774986173,0.5,-1.006970464283567
404,0.06705846623135601,0.4429249475057781,0.013698940773008981,1.1486036749709145,157.71672382618652,0.5,-0.08653978676473506
405,0.06389197436744162,0.45312378205373566,0.03097731588786993,1.378393530292487,393.6881200697639,0.5,-37.85350718081752
406,0.0733171226871561,0.4483805653636497,0.02955989940062609,1.492063456236326,244.73263465085998,0.5,-48.29463782604396
407,0.0797307202945137,0.4842737154446497,0.02460008481700178,1.1131635538028124,252.7517937999172,0.5,-4.449883198042425
408,0.05060888350646855,0.4026744186672284,0.02397509900181876,1.4047297249085189,124.51187876343828,0.5,-46.31019772137042
409,0.09837704297701402,0.4422674792285417,0.03566215093986305,1.1401935008838542,292.2889211228071,0.5,0.05330982238278903
410,0.08835458367269072,0.39834689545657653,0.01588408719861805,1.4304744164379088,343.1060494890866,0.5,-49.745729343260464
411,0.09383690998468833,0.46571667009146267,0.011374496622626936,1.497634328151406,449.2054409994985,0.5,-41.86998491528272
412,0.09859109218072451,0.49704818498072945,0.009709777255462002,1.1706910356116542,38.28800381445437,0.5,-6.66625592331557
413,0.07365404227880527,0.4619278312109051,0.015626726163495606,1.4622377215612756,475.8626453469141,0.5,-48.04173579524681
414,0.0788003332584447,0.3616156585835004,0.0052507857659924145,1.2252255537407961,59.744667911987925,0.5,-14.151133862260016
415,0.06879723203012654,0.3636062476330644,0.028878023762326045,1.325035073548133,212.87433413241354,0.5,-44.74032609790085
416,0.08206852981497958,0.38890664940535535,0.010267376204116508,1.2219551338077839,395.17480570585883,0.5,-17.55098046838287
417,0.07330355243648232,0.42676088359974096,0.025154466999268675,1.475755844072336,287.4500465072436,0.5,-53.623379834458945
418,0.06508061204210835,0.36655228751918933,0.007929409658751349,1.133862231413033,237.4991868004997,0.5,-8.343417463208603
419,0.08011246345526576,0.45823844996623125,0.009413485579078382,1.365192837456393,347.08368162422414,0.5,-23.560431999349444
420,0.09095304266044388,0.41009022051428734,0.015051213162221988,1.2459718732853124,335.98421187236903,0.5,-15.558817519187002
421,0.09362756784608905,0.44350650364676375,0.03213609677572998,1.1547996693659586,299.68947726290895,0.5,-0.3715383778197079
422,0.055990360953578566,0.38018533167448093,0.02347305490622007,1.3456134364621117,226.10439714969567,0.5,-48.04687744876206
423,0.057602434676503916,0.3935225777925141,0.007905902548914809,1.2015825192645684,454.6580841501306,0.5,-15.423366435142412
424,0.06286628392104979,0.4069183899934535,0.028707472828480428,1.4423324012887386,127.45317793475179,0.5,-46.97040601771757
425,0.09183123967782056,0.3938456748067412,0.017917665696921797,1.1935127794883456,287.8674026004105,0.5,-10.723232913532838
426,0.07156620599046021,0.46862621719401903,0.010939706098290626,1.2240404073393298,291.8997840465958,0.5,-3.280701687346866
427,0.07015728085423324,0.4906766855003563,0.007559359475014838,1.4839864618697405,251.2786328386239,0.5,-32.62332577463552
428,0.09158523590382603,0.41961655528228786,0.02542373220575471,1.4312685846767568,466.69429273661797,0.5,-47.02249338836944
429,0.07647714112533903,0.40046801307732854,0.015379928235277292,1.1619360426200276,419.45885570710306,0.5,-7.4877129691481255
430,0.08905303320124977,0.36193702243234555,0.03397214584633633,1.466297514641544,423.6532955248284,0.5,-67.81445652246651
431,0.07841829872475331,0.4705056756895497,0.03828143577817213,1.1265690850039134,430.3417752521507,0.5,-0.3850255382369441
432,0.09469289746110704,0.46844261489609734,0.032288303699414635,1.1505161622451112,170.56745983019292,0.5,-0.3282044435921756
433,0.05257721704058378,0.45255662173631206,0.010884846181716014,1.3256051939298028,409.9711613391004,0.5,-26.980921842656432
434,0.08250855778074137,0.48663636073088157,0.03164966816380592,1.200864867465844,145.3508407111526,0.5,0.22027272363999373
435,0.08577326402691113,0.4393654387200201,0.016347751783915322,1.1769594202710671,323.9489568013741,0.5,-2.3699562935241123
436,0.06445078590341513,0.45355890644786023,0.032593384261851405,1.2414144899520876,337.39315219376795,0.5,-10.721895570397905
437,0.0929672062552387,0.4105372426582632,0.010416628972680688,1.4599627908114876,117.87335747259618,0.5,-36.16774346783363
438,0.08540240141072636,0.4647504982219011,0.015109923408974055,1.1724579685201868,374.54409747051716,0.5,-0.43312389009707286
439,0.06888265286615769,0.36407283018674513,0.00928164681269033,1.2089427306061888,113.7467418017419,0.5,-17.280674866231724
440,0.06680538753127224,0.47546790411167883,0.032087526010066814,1.3228205548128973,56.151064920901376,0.5,-6.303999643184741
441,0.06326892789426214,0.3712750805717753,0.03415565235619236,1.3591301621595178,172.03312135187093,0.5,-47.69248793644687
442,0.07131335950419203,0.41222433718088275,0.017105047320292124,1.4940779450099395,452.30625815160573,0.5,-67.1469466375567
443,0.0795394255900041,0.45388977412084114,0.02115413824823778,1.1732319595892695,194.3939537756083,0.5,-0.38094055167085084
444,0.08128241759856272,0.4663757357264657,0.03635719126754746,1.4310048395453314,373.33745138187993,0.5,-37.06954696002736
445,0.09908850957794486,0.3919190001818715,0.02771247977901934,1.4856294564150732,64.83180972303221,0.5,-35.57052453184928
446,0.09585022459738818,0.4915238715987389,0.03343337645275992,1.156065086332672,102.55544238605339,0.5,-3.0113165587217203
447,0.06811544161461505,0.41638844692736,0.03381278255769591,1.1268101182848707,256.548931362252,0.5,-0.9806574897669318
448,0.07352476747127293,0.36146760989297977,0.008521645704555108,1.3037532240032113,379.12540326256425,0.5,-41.16393221701936
449,0.09129836936179397,0.4438351658157448,0.015688123066702857,1.4822356828022132,251.9681174401057,0.5,-40.91443705408856
450,0.05086593521811312,0.4364126980657278,0.03142593072686588,1.2734006729277174,10.769726331144595,0.5,-1.796730212166573
451,0.09047270447805197,0.4196334723211914,0.01583582611616389,1.101640153017315,315.2499929064136,0.5,-0.053377253662483914
452,0.09917490608502318,0.43840112720603125,0.01401011656692605,1.3220037739398838,398.91503257505974,0.5,-20.272152351053982
453,0.06460912956461555,0.48381185516014247,0.005630947106288598,1.1190568336153701,62.725991418067814,0.5,-8.779853914866129
454,0.08149428368142754,0.47390197950261154,0.035464369009395945,1.1382320109036925,166.40612070607074,0.5,-1.1468259099692406
455,0.07198190703884758,0.46693613473540746,0.032152036399056436,1.2025887540888582,99.76828263560948,0.5,-0.12577756387243255
456,0.05727711493960835,0.4333743019482143,0.03012032453921789,1.101042934518421,462.7109533486214,0.5,0.017479747530816492
457,0.08603598179847732,0.43470361133048124,0.031597047783531236,1.4129680956205832,491.95552264560047,0.5,-43.14637187104355
458,0.08016840574340525,0.357182436559172,0.03183715391540935,1.1801817088670261,95.82291115481739,0.5,-13.493468782876333
459,0.07142496366995917,0.36741590838026017,0.037447816388914444,1.372331922294516,377.76656022900625,0.5,-57.77119106273855
460,0.06409145010736224,0.39064653746994116,0.007302853231892406,1.3958531452174543,298.76431551497075,0.5,-48.17628034611736
461,0.05338659005162035,0.4797001432621806,0.020079760687867113,1.2469183751943809,158.99924765070747,0.5,-4.33354422340333
462,0.06441267106819779,0.453166566850438,0.01750319290883348,1.4904590521874628,209.5060930525355,0.5,-48.30901130291545
463,0.07119039695813824,0.47756973559614885,0.028429874414447734,1.4936396442045747,77.61455905517015,0.5,-27.351944895774267
464,0.09962053769387375,0.4926589825351192,0.036274894238208115,1.3902879221633277,367.10499440170815,0.5,-20.049023244911176
465,0.05485129381673188,0.38196948796777724,0.017981783874465595,1.1908802261265705,436.83470545968584,0.5,-19.872377549920007
466,0.07896503772898783,0.46237106221935803,0.018844592418996838,1.2637810110307657,350.736907814565,0.5,-10.338805990084193
467,0.07573214496561798,0.48485590017951474,0.02200837071874208,1.159999094302271,180.02794883699062,0.5,-0.46419636095853134
468,0.08280268873603469,0.406729903597455,0.02572968036868429,1.451093332303373,56.50782777465385,0.5,-31.380561246584513
469,0.09549901651636601,0.3873597425972745,0.02803296962130021,1.1552013825469247,257.2302301102297,0.5,-6.420017362198563
470,0.07602720442971474,0.437306147130029,0.0070531119343606756,1.1810551981639672,295.2630539500355,0.5,-1.8356957044435944
471,0.0903085123102427,0.3995201890951317,0.0331660679209124,1.1799140783325262,325.535831079982,0.5,-8.54697516508044
472,0.06557888403736996,0.3730543445597686,0.016233142304598845,1.1686213771755372,438.7187437770488,0.5,-16.17803903695028
473,0.0819950356998516,0.37995859812290306,0.027243966576883855,1.2021627004069841,100.27240786669469,0.5,-10.975175122226474
474,0.07782081492645328,0.41007192037333584,0.006200164554543314,1.371170498349421,286.92736746930797,0.5,-31.83544841325027
475,0.06847489306183684,0.4979736882823078,0.0230652937365979,1.1433519654926811,275.07139501414974,0.5,-1.768155308029134
476,0.07397456525376242,0.45142543811619534,0.01938438732686881,1.505567622381537,201.83270532942504,0.5,-46.64000772326466
477,0.08674874325695019,0.4040517890156822,0.03420401585653973,1.479129296485668,49.02036473027511,0.5,-31.853508353668943
478,0.08468960243953083,0.4329152531953201,0.006271561740100687,1.2521057174465473,340.5691251431481,0.5,-8.851340924474423
479,0.058998326883351,0.3720802852505105,0.03890749774300168,1.2970701118728434,271.88896592268867,0.5,-41.98746209391241
480,0.0970240443339645,0.46514933295100286,0.00885108550663235,1.1569404875935805,190.84842366813186,0.5,-0.3650077917361605
481,0.07703844581386735,0.40580060784083705,0.007472951548545591,1.4730413292987796,369.0983563172786,0.5,-54.01938762220778
482,0.0746176872897912,0.49543782532788405,0.026518017830783433,1.215618749204317,418.4503088593442,0.5,-1.8267417671909554
483,0.06690694114046943,0.41747224407670813,0.014912281913196667,1.42266013389804,400.2035493258955,0.5,-53.21277647779166
484,0.06372961195691179,0.4833197957306679,0.024446059937887274,1.3245602687534768,300.15322918899545,0.5,-18.064840064157966
485,0.07948314679436137,0.3933097744915909,0.014654220948609421,1.510019318333282,314.4863605463493,0.5,-65.61830610227881
486,0.062184462747978675,0.46080910564507266,0.015653162087788056,1.4369144273861905,21.824235202178702,0.5,-13.003100501756293
487,0.07556331197163296,0.4178598208285613,0.038016950038035874,1.1161322535642948,187.62679225123716,0.5,-0.043530238222470485
488,0.0816208506232336,0.39248064228678625,0.03247243770630875,1.1704295186060512,326.18783269458544,0.5,-9.363565346999524
489,0.09671141289742777,0.3722658144673947,0.020013283757124745,1.3290162162644195,343.73652761523397,0.5,-38.7630828207281
490,0.09482006597652201,0.39169547539547644,0.017725672769465295,1.2862570907160442,52.394989669870945,0.5,-13.228605565289321
491,0.06733394620328234,0.41045229301952457,0.0061286678814873805,1.4865021498907458,258.54041825445074,0.5,-52.56149090910571
492,0.059547590498479075,0.4914875959323892,0.022547004270100125,1.2891797827392701,30.20333589012602,0.5,-0.7717768224371844
493,0.05074588633478905,0.3710782766054198,0.027372452939806002,1.3908343951823054,41.06970082625485,0.5,-38.817049862866135
494,0.06935918979929513,0.37831052401091564,0.03485471868217797,1.2346681114414921,103.29377335222703,0.5,-17.63608499632275
495,0.06423150144291662,0.497947931070013,0.011758909568586292,1.2138943126370472,201.17215593745874,0.5,-0.22531647024924184
496,0.0913708929868966,0.48831534672625126,0.00810925117460299,1.3721406060902168,249.48584752687847,0.5,-12.873805814167488
497,0.05124341576149207,0.4043136956275177,0.03804137545535042,1.3337844715546634,248.96306904338599,0.5,-40.89568753957757
498,0.05961892075786887,0.40975811796465333,0.01804794329594968,1.5095201774678577,315.96614732757985,0.5,-71.3693745799925
499,0.09824756071618401,0.3725874095647659,0.032076607505260375,1.2292236802862881,205.30469133742628,0.5,-18.661183704209442
500,0.059278283581466605,0.38487595067582486,0.016114352702194266,1.1022755433046103,322.09622502888857,0.5,-2.9524685229612513
501,0.07464971483486924,0.4142432672630557,0.009144366783800713,1.2406396479593524,234.2657031773864,0.5,-12.507115613936769
502,0.09202825332877335,0.37837485927430026,0.036778063998026356,1.3318774104285238,271.3925596954441,0.5,-36.75558219231052
503,0.09695988871444071,0.356845465068885,0.019857399323692397,1.4115454662757285,339.88364638497745,0.5,-55.82242386362129
504,0.08077206136030209,0.44650993037680065,0.017176875100839727,1.4817273386647716,344.2077838075588,0.5,-48.33442113677
505,0.08797641459604248,0.46407478909997146,0.0085090986538028,1.444006262168605,250.5284453487756,0.5,-28.5273513915483
506,0.050419418797809576,0.4772755762760793,0.03171153056560164,1.338756540385302,32.02027236054536,0.5,-6.333311830116898
507,0.06482946865206253,0.47488548690922217,0.018004940320531758,1.454701198672813,306.08613874879114,0.5,-42.109958682170756
508,0.06022343598758337,0.40014243862603305,0.02195205713607728,1.1080365686023572,102.21272438171111,0.5,-0.35486664711042515
509,0.08959877750885722,0.41543439283189576,0.008427716764042558,1.5010107937395483,449.43992804158336,0.5,-53.54400269983839
510,0.06036154549214048,0.4551923993277458,0.011781300774592203,1.3022588000956437,133.55513883712396,0.5,-12.64297096839115
511,0.06521442716405706,0.427358460252376,0.017289410646312744,1.3394769562996383,134.8035365102035,0.5,-24.707751838779654
512,0.08321642722074453,0.47008744064877556,0.02559687511662352,1.2223561753752015,175.98511735696033,0.5,-1.6960033034312532
513,0.05621153288322291,0.39903541242395685,0.005819508403101406,1.396964151406638,492.8259919080639,0.5,-50.33859364121278
514,0.055196037085914605,0.4052141562906896,0.03657708170041406,1.1185090736299341,101.29309771703825,0.5,-0.3919671438901582
515,0.09312338290977812,0.3858690968286518,0.03500958057716698,1.4728662687120022,427.2280758141444,0.5,-60.009971042225494
516,0.06687731676570133,0.4803652390824664,0.014210098158400531,1.4145909634827352,57.508419201039175,0.5,-15.09663904767719
517,0.09748193999632004,0.41161061969532525,0.029644850550030896,1.1992241046016332,364.31716870767855,0.5,-8.697135489063363
518,0.07714258585300081,0.37439517501964453,0.030826944936744448,1.1758176444666049,280.90263490130354,0.5,-14.113827705656629
519,0.08971759649200589,0.48576913008272904,0.01133710345534707,1.3050794316859027,442.2450950614729,0.5,-10.172458508273463
520,0.09454700404004329,0.40197257344274745,0.0274059071754452,1.4658150036094058,51.99014222575454,0.5,-29.873498816240005
521,0.07628864862720122,0.36659521200476974,0.016278734765455626,1.2818814901011497,472.8515889292458,0.5,-40.01271665694637
522,0.09730501369618191,0.4357517317406909,0.011027014113651281,1.4764288911030599,285.28376833833016,0.5,-39.79534267344969
523,0.06870307706035045,0.3798644544885483,0.006986052847347168,1.1526453079908041,34.582907678342806,0.5,-2.9415264444408016
524,0.06928939502452397,0.41741235456502235,0.03442257215887422,1.3863799849461822,13.386828850466719,0.5,-11.371807535339753
525,0.05366616012821249,0.3843034026610726,0.02151250966281513,1.4293086952438845,164.63293660428656,0.5,-59.02354912340237
526,0.08571546171654112,0.4544431357796252,0.025399669955955904,1.301856108815221,417.23279099843757,0.5,-18.260336659186915
527,0.0579622805997106,0.39821919510402765,0.03357404124487319,1.4058593546187264,11.326599101550578,0.5,-17.196838706713276
528,0.05967759202677156,0.46220333287422144,0.034644201036330306,1.2202996584578083,147.6761078001929,0.5,-3.079574725272847
529,0.09860514526064504,0.4533401907934085,0.012253594385437518,1.409145699361663,300.5229704591197,0.5,-27.079115021486537
530,0.07268628018305524,0.3734461324913791,0.03871959980798106,1.4418138376363063,126.43126671527908,0.5,-52.569750561886515
531,0.05317297414894552,0.42885398519891105,0.005954598037640231,1.1614314176377072,219.03942611790436,0.5,-1.306633343758854
532,0.0888980707476668,0.47170856469035727,0.016953300927221672,1.1940660708887647,397.2003187978765,0.5,-1.147859734123997
533,0.09512408592716941,0.36077565079442814,0.007545346650376936,1.2370551258206057,63.45564476527932,0.5,-15.46149089769624
534,0.08730994420603125,0.4371245553009359,0.025841671350357816,1.4165313453452355,474.14948235974316,0.5,-42.179510317172856
535,0.07603248732664991,0.48269733974123674,0.01961604476736864,1.3260093935270563,412.2664734211997,0.5,-18.068809154451884
536,0.0777650456142107,0.37729324858763336,0.019363309286541848,1.150126773770033,87.04014069173577,0.5,-5.279842578309213
537,0.08714702653475334,0.3852242644000779,0.01199795175183736,1.4454365407045981,191.03659343726875,0.5,-48.89224060905833
538,0.05395699400602035,0.3777778300126562,0.022370008779927092,1.4400770991265786,410.8161012427806,0.5,-76.07499269439755
539,0.09294839403760026,0.38260220392157485,0.027667206917537733,1.2261115516232195,54.86460075993951,0.5,-9.19115358038612
540,0.056407330864151534,0.49441571869389056,0.037989331739251536,1.2648625795720319,49.32503547432863,0.5,-0.9156044304582811
541,0.0731944816858938,0.4070967272512549,0.034279281671114034,1.4999669005954663,189.01986644649614,0.5,-56.32143802945121
542,0.08720183772805512,0.4192592214335472,0.009250242058390725,1.4444642271871933,380.65794530171024,0.5,-44.427827996020476
543,0.06272122115980687,0.39497426116587736,0.03833340009478798,1.3684069053126253,377.0606531425419,0.5,-51.79791431980684
544,0.06134044121412672,0.4547201085565067,0.03481391316300414,1.3709163840991496,330.62021350028743,0.5,-34.84511502062535
545,0.08698257303524819,0.4084241930279473,0.006816888786506974,1.1576734034818603,150.47106558641585,0.5,-1.806155725167955
546,0.06355598997061457,0.47741182717369535,0.02493066566053024,1.398966822242959,103.68110964362897,0.5,-20.687422771193592
547,0.06590631090694905,0.4565207044649135,0.012855465458256273,1.3361907371162767,456.1120089379454,0.5,-26.893205005322102
548,0.08057710868978363,0.3598386069441753,0.03959826707206652,1.3870114753740719,388.22279839010884,0.5,-59.27904897036372
549,0.05889615776160771,0.4874279321629723,0.006576300793289153,1.263759402760125,112.20788098081198,0.5,-1.484305989834878
550,0.056889708480786685,0.4353310693109873,0.008468022564328475,1.4604888536258953,493.1566746161528,0.5,-56.5114586725569
551,0.07286004501467855,0.3922696508768823,0.02340847740206941,1.4670565254643604,90.49242144972997,0.5,-46.51955835226963
552,0.08023570240836352,0.48757622358800534,0.024398310134976613,1.339123805500805,374.92173279757554,0.5,-18.014607240825246
553,0.07918206928871599,0.3660633014104508,0.03459584053662252,1.2449407423915229,342.58140695895923,0.5,-30.367905994550608
554,0.06948776019530173,0.437415558004065,0.010586489773371994,1.2442918287994453,99.0450772546168,0.5,-5.727404079828432
555,0.08743169827967393,0.392745186124982,0.03312516068878004,1.2374567801593093,318.1093667993388,0.5,-19.345981562734732
556,0.09605536691376723,0.41293143913026786,0.0303839274573061,1.1858591605821784,52.77601367942393,0.5,-1.1698666945853646
557,0.07074719046189062,0.35488677344277353,0.03488504542839249,1.313910141591632,356.3562379283762,0.5,-50.43687079629962
558,0.08679569923846911,0.4552800604818228,0.020923039025017284,1.1960997895432528,74.01502204533651,0.5,0.11862357816956381
559,0.08517697843122299,0.4064568605965949,0.012101889443530894,1.4868642749605554,382.6937863069314,0.5,-57.388704774462575
560,0.0994001407502624,0.3997217378802212,0.03058367642433083,1.3304369335549435,467.20240767705315,0.5,-33.55534533571616
561,0.09003791948254543,0.4214947537161926,0.01342936169213837,1.3603187079677537,331.8485915566985,0.5,-30.90423855047399
562,0.09189398960059228,0.36015642414026267,0.007730161482632893,1.384833108900998,90.05032661411387,0.5,-37.35609331466367
563,0.0931770999393401,0.44820447820605186,0.014949354727776075,1.3643879081988366,286.55073138116705,0.5,-23.60019764739603
564,0.06258705425096989,0.4306851291112908,0.03285846792733271,1.4716581242678393,296.8059897417959,0.5,-57.026835295279966
565,0.09425986394898357,0.45860713334770253,0.01625854842262351,1.1488851831754416,93.33562883717018,0.5,-0.724997754185466
566,0.06293956394306756,0.3547985482112802,0.014536246715725178,1.3627142452972938,225.6351277540452,0.5,-56.713208509833585
567,0.09762896602231165,0.40624815484664933,0.006061435264326044,1.506020537816455,81.2886096167779,0.5,-34.29671275815289
568,0.07995774972816953,0.40396352064840246,0.022505901167952327,1.169472952372417,235.02343982825778,0.5,-5.909347953380327
569,0.0703244469600316,0.4358059872086471,0.029022325144296028,1.4128950585282294,297.31012831951153,0.5,-42.71082296824806
570,0.0520928275519321,0.36875081101811363,0.005155876013815251,1.2790865618447345,483.79484693514735,0.5,-36.433261971600764
571,0.058103831130890425,0.3756888140704467,0.013595464591831093,1.2303001231943358,203.45941232361446,0.5,-23.667953052318335
572,0.08240975498943823,0.3764280571849601,0.016089816931305397,1.4177002397462264,330.0508206933403,0.5,-56.141504584578165
573,0.06621249856970458,0.483239513509479,0.01385060307587013,1.2881983579061125,215.1668950201003,0.5,-8.469492920669401
574,0.07803405306850927,0.4419637333419707,0.005207826989985843,1.1879308519832426,283.7664195885863,0.5,-1.075939088387221
575,0.07044968781278904,0.44938008524450174,0.01589604150880783,1.5050393206247956,99.4804383123841,0.5,-38.71628051052168
576,0.0522793451447297,0.408275845973128,0.010905888531640139,1.3026595198744049,468.18307366194193,0.5,-35.53775795919401
577,0.08314227585091086,0.3974636539106762,0.011906915855882279,1.366483385909755,83.83256360002332,0.5,-27.117727741520344
578,0.0895163543103219,0.4073063938146564,0.016312800334908867,1.5147870380002177,179.5969986413812,0.5,-50.94459271963355
579,0.06399520703649211,0.41693325491960553,0.029725953238352677,1.4195100814018364,178.3043802952043,0.5,-44.60093591206855
580,0.05238358467421425,0.37905169668117655,0.011477527799843451,1.1834323641853401,265.4177407751757,0.5,-15.64961044740625
581,0.08985841650787527,0.4109788784538397,0.034071735445912195,1.165141173415691,125.134989192369,0.5,-2.1434562800427757
582,0.09335573254872245,0.45809457943491794,0.03937107962913613,1.3483918073765433,245.47625578366885,0.5,-18.70502625722918
583,0.09788247619278108,0.4967969401059489,0.010444166693978033,1.4553371292720763,390.92812240891647,0.5,-25.938568360076047
584,0.05951802447902409,0.36624145662761304,0.03263285670519577,1.4475981373243543,422.1552942966864,0.5,-78.64806827196342
585,0.052264438807812896,0.43303100564984115,0.027608982917060564,1.3797877352991028,399.3905334129343,0.5,-47.77571121997816
586,0.05174650283998028,0.432502427589755,0.0071742488383999495,1.3426193353619658,196.415272258192,0.5,-25.81273016029049
587,0.09219226223803048,0.3793832215851297,0.02335037378703892,1.301197915768972,176.54316679889212,0.5,-27.83557500169333
588,0.06532510512364048,0.3883831294717528,0.031188332738064824,1.2796428985693757,283.23855569502626,0.5,-32.03637186411804
589,0.07304887170823396,0.40856553827588193,0.026177028938423108,1.415204881891777,144.22962512725923,0.5,-40.42702960980974
590,0.07584466189587118,0.4733446832081079,0.010122902216760283,1.4998199120320657,160.51487083093988,0.5,-34.97560947527915
591,0.08709084051497075,0.37620397610943757,0.03707947207023142,1.2331304258440965,459.2998005256836,0.5,-25.66245263974381
592,0.08672422161225612,0.38024844663959756,0.03623236942940268,1.3434902055020665,489.96696147953253,0.5,-45.765475425669045
593,0.0957322577263189,0.4149379065020396,0.03873181344334547,1.373708024618157,159.74480390491573,0.5,-27.040162498646406
594,0.08549717289148051,0.4593588057020478,0.014018863510546658,1.291467898307047,362.74525914219646,0.5,-13.389458018629576
595,0.07071997372214468,0.4691002301409851,0.02645938672688073,1.2311426599955881,334.34658547396594,0.5,-5.843238376749052
596,0.07403632048919341,0.39609314814621865,0.01499842053784847,1.1966810021587475,185.41065984729195,0.5,-10.29183727147669
597,0.07570979011185644,0.39209481693786086,0.025976706657860123,1.2188739674618938,131.43359360897614,0.5,-12.640825102728357
598,0.09055913990141264,0.3652451200316886,0.030899277158260498,1.3111272900813173,400.9884175390314,0.5,-41.40378361990708
599,0.07259390486553868,0.4918516257579785,0.007756653492012857,1.4619217722442903,367.8488811650094,0.5,-32.165207938163896
600,0.08896509780638887,0.3714838334903042,0.03269464959812078,1.1581062771028077,426.91514522420437,0.5,-12.611647788199265
601,0.08305064442797307,0.35851829331783025,0.03184645075300148,1.4414615383457363,116.8341517014847,0.5,-52.497043740779866
602,0.0758196794557893,0.419419174401526,0.03369356647143017,1.12023752898321,204.81503658177184,0.5,-0.15587039309338024
603,0.09240988376549134,0.42503323414475547,0.013774180788117598,1.2870695235901124,241.83801420667658,0.5,-16.0006712134369
604,0.05095819084635766,0.45414001800811166,0.01700525613602393,1.4704520887807633,456.677276727826,0.5,-61.62278253109022
605,0.07065592788385593,0.3581550078147182,0.027056764195206126,1.3657094700869585,490.5307016605422,0.5,-63.07609051244815
606,0.07336227567315654,0.40939089853107846,0.005396847650469921,1.413342796849356,411.9710561716975,0.5,-41.60536158670287
607,0.052891155620017546,0.4466180304634776,0.009190116979915692,1.109547725368167,131.8597953788587,0.5,-1.185672064548923
608,0.0665498706092125,0.4416985600564034,0.028935251407955123,1.3034804275858738,46.85333492354544,0.5,-8.195448292442247
609,0.05786289682757193,0.3600304674860997,0.03662257365754569,1.1987367764272487,63.03065496317774,0.5,-15.186490610113019
610,0.061827413096546366,0.4323545796346384,0.008714737457804534,1.450025668485478,186.3582496523489,0.5,-43.06669495776319
611,0.05674947167385079,0.44609053025706635,0.039515350964734464,1.373418463352727,426.0333563940641,0.5,-42.15260359302232
612,0.07233372210530149,0.3622870894826019,0.007316183330120622,1.3065431029647072,414.32105678226515,0.5,-41.02522692465249
613,0.06318161326403714,0.38697136040506586,0.02088404500756858,1.3432363991383003,348.6400831658372,0.5,-47.888410700737666
614,0.0724973787198923,0.3969499133655076,0.024854015616633356,1.2719538790942517,91.35227884036755,0.5,-17.236825270369938
615,0.08922283480858592,0.3703702090811253,0.010099574579321782,1.3760088792797658,289.80249683295733,0.5,-45.29109395015864
616,0.05918904461722511,0.4782067844933843,0.023540911559322295,1.456885374719274,247.37854964747225,0.5,-41.43256242375441
617,0.09387704551444745,0.49874880965023044,0.022630708959135888,1.2552486461509251,428.802612600758,0.5,-3.794970135138712
618,0.09273466116385533,0.4537352982717272,0.011812780790002322,1.2052265387389867,392.1206894722772,0.5,-2.881139603586144
619,0.05299359442606779,0.4187045084575222,0.013090131865752249,1.399967614429485,293.43518409344534,0.5,-49.52844342068503
620,0.054150808352500995,0.42846712593689423,0.02086331343399437,1.3154704534075639,472.2000313546678,0.5,-35.78997842234003
621,0.0661608869392167,0.3536699454372454,0.0074235900694535634,1.243371500689481,200.78312635415438,0.5,-28.954206596986314
622,0.0777194463221502,0.4112094018994638,0.019534034170600952,1.2399286094068405,393.2266406549736,0.5,-17.903490008815126
623,0.06084787746890113,0.4095800560054512,0.014440501265031118,1.2618541620289827,344.86521788541046,0.5,-23.8032804953858
624,0.09209146578160683,0.476926575916409,0.006374923086320618,1.3620803385924882,308.0726408648776,0.5,-12.932260890716755
625,0.07978896602307911,0.4130375324722972,0.025309073064287473,1.4754375057605686,366.0795391873084,0.5,-57.553490568134045
626,0.06721387000726477,0.36449179754658734,0.027479135730645733,1.2663217951811356,260.3172716526284,0.5,-35.522642728556654
627,0.08452635410439241,0.49324939689874603,0.03594077990297049,1.2917001756114967,72.08356919814774,0.5,-1.7372752731821315
628,0.07524484073029944,0.4928919970829515,0.03470936313312056,1.2412680729407846,182.44546422310006,0.5,-1.7400870254749816
629,0.07213921769786111,0.40868066433376216,0.0336269225285243,1.204710169369695,184.2287164716321,0.5,-9.295255273601205
630,0.07615254760670603,0.38915605227318756,0.038827409019192814,1.2976256689663483,57.04428479557747,0.5,-18.230296046407442
631,0.05562931119845295,0.38134748187858397,0.012693710902290413,1.2171210267747432,177.48207484203513,0.5,-18.843019652728547
632,0.07107918324791465,0.3911771051281446,0.009879049984936408,1.2326268191584158,151.5593268863183,0.5,-15.192078052880177
633,0.07182886831223673,0.36487041587700547,0.0222741626589536,1.1077220248516129,216.75042155703568,0.5,-5.655925968903146
634,0.08947578565219283,0.3785944542822301,0.027173883185533952,1.4101470332653392,122.61563650598934,0.5,-40.805357247138545
635,0.0719004102704107,0.3971455572691765,0.016852022376081528,1.491224824089489,376.4062424094586,0.5,-68.18040002568097
636,0.08373725544465857,0.38631513803514766,0.025217115595046614,1.3974507552212314,434.1305147354769,0.5,-53.074648074695375
637,0.06192897417835206,0.3681851615999957,0.012149001629942063,1.3841016635082468,43.28103077664214,0.5,-36.54325031324657
638,0.09847715781123575,0.4847276340104839,0.013488778187093854,1.4421569968339538,361.9138304643635,0.5,-27.29018343669308
639,0.09656681897107242,0.40090454244512697,0.014873820841520183,1.2537335451487142,96.88248463041684,0.5,-10.979826406006442
640,0.09921335737354026,0.45246822019406263,0.01744982654782471,1.49551167324352,441.26619933150255,0.5,-44.20958173757939
641,0.09424472287009149,0.48225192277860596,0.037005887218973126,1.345842552981154,184.25233920691767,0.5,-11.689318463105804
642,0.0894338654220494,0.3699802606309384,0.024340218870587342,1.4096679635235558,378.14496929517634,0.5,-55.94816035221502
643,0.08618836154171333,0.35645029932171274,0.010020411726097628,1.1805664309273127,433.1757793014528,0.5,-19.02655139693903
644,0.05419367590712897,0.3749340314736559,0.028121203161281076,1.2983984678586336,276.01300021654356,0.5,-42.93565517476753
645,0.07558476467957906,0.36834604192194015,0.03084506880248434,1.3297768155630292,414.97382483405767,0.5,-49.06377317932899
646,0.07861929220283945,0.47499770498633836,0.016153959782398697,1.1888903931364165,50.48574800449477,0.5,-0.3710159480882136
647,0.09141931955574135,0.4520312493605791,0.03232059646288323,1.269126584615713,106.00648537392819,0.5,-5.149558075906675
648,0.08221203374755387,0.4672323068781731,0.022145047568983972,1.1793144530803066,156.69047928001405,0.5,0.11084296237420554
649,0.07922280510540733,0.404915992020788,0.01863208921347954,1.1627014844696781,341.29691981764586,0.5,-6.137202321737052
650,0.08074894770405425,0.45009508555381633,0.02131439328894285,1.1781594688403718,381.09608042287823,0.5,-2.128115619830518
651,0.08623612871293579,0.48162146998073874,0.030681408297107735,1.4322205564300576,386.9486343389499,0.5,-32.69016746910051
652,0.08450910216321414,0.36509518395018353,0.03455344598486854,1.1874015982144166,446.26996927355304,0.5,-20.3241911281698
653,0.054380211961963715,0.4201795530701569,0.016862533134714495,1.3600518660296605,437.4661274877191,0.5,-46.32983882591993
654,0.0953741412118305,0.412532225694679,0.022706619376644595,1.1088976480167918,94.31502845468296,0.5,0.025711834796854793
655,0.07308988952074345,0.48925447500917923,0.023269357773098708,1.189738902320995,137.84491779623943,0.5,0.15663991726152926
656,0.06206865993265142,0.4499811417639553,0.03645778197350366,1.5132569532745608,167.32844112209506,0.5,-49.842617063095986
657,0.055437316061039396,0.36101450143671243,0.021326880158232066,1.4249787420551783,465.6133511095197,0.5,-79.69714280161685
658,0.05324977927058647,0.4971272407459043,0.014815799044341145,1.12352277435349,279.4269614147863,0.5,-3.927046453408468
659,0.07746499207239803,0.43413130887867746,0.015548544508808273,1.3283225381697412,274.0860329972154,0.5,-24.635827678884308
660,0.06604543368337651,0.41897840924743895,0.021716521910040976,1.4882795030953102,187.13889406987897,0.5,-54.831316199622385
661,0.05333715381926412,0.4703753225610803,0.019902369617166644,1.3900285723220893,32.69116954706614,0.5,-11.809009963968592
662,0.09949369829034956,0.3691738494676325,0.010295528836219602,1.130354535720874,39.26140208246565,0.5,-2.6731221929722317
663,0.06844777584834236,0.41134928809186466,0.0053271815308103005,1.1407249398196424,390.02335301460255,0.5,-1.6727475935792775
664,0.09071269850646768,0.4167600335870568,0.00958620960436384,1.4480099829324926,242.8533128825411,0.5,-40.44642349514215
665,0.0588722925080153,0.4468882563687243,0.01796276848024381,1.4853566704594923,23.292971978915983,0.5,-21.800873870742187
666,0.09231974090584194,0.3850401418353564,0.03927648172938579,1.275448853077639,58.93109146810199,0.5,-14.398588695358146
667,0.0821980388264013,0.41154027172471186,0.03753980590516502,1.4884407007380092,193.6229331385179,0.5,-49.89105317493489
668,0.0537913404651493,0.37161756538745117,0.018992370035137127,1.4685976687866729,456.59939606513825,0.5,-84.68462155884878
669,0.09093625537237911,0.4305438510992528,0.033218679829233856,1.110886534778284,404.2511299796524,0.5,0.02312274688497884
670,0.06518860461025945,0.49915725992675053,0.013248011345726196,1.3053367011981079,240.57336503691425,0.5,-8.881294297366605
671,0.07095617164457509,0.46029691839280235,0.018688502444205442,1.4171849753582124,264.32545151669365,0.5,-35.356320936565574
672,0.0860797604023778,0.47655529372583516,0.03613513934310353,1.1714752372483632,219.87552698140857,0.5,0.22825145669644353
673,0.07143976145849307,0.3630286312244595,0.022830922365729957,1.1582421677085577,135.78459567191075,0.5,-11.286591847815876
674,0.09416039765214049,0.4416015888291732,0.020297742349992966,1.4023011109177919,129.5486400933617,0.5,-23.254501449446526
675,0.06235558760670302,0.47703703983877926,0.0064961376762850695,1.350289124354576,36.51544423942299,0.5,-4.487080858369207
676,0.07690660279801873,0.42910901771288357,0.012184076302356048,1.300626859832776,84.60843150126641,0.5,-12.232791323401225
677,0.09794954025668051,0.49197866008368285,0.024532723477751178,1.437618901004455,486.8141353018976,0.5,-29.897722790714305
678,0.08474316653702238,0.4313441173529976,0.025284629519912706,1.27155861691548,451.3368807623657,0.5,-18.861780695732616
679,0.06414819984874304,0.4726537439003008,0.03730738096407473,1.1019175830329777,428.2392346157718,0.5,-2.4478560958578983
680,0.06764071997019229,0.3656597462834927,0.03289617249463568,1.1153160700277869,186.00658732358764,0.5,-6.135098356410277
681,0.060140144619540925,0.4107984671295998,0.029384804788232376,1.1674422395629758,415.3881766192984,0.5,-8.13427152254564
682,0.09882395029790161,0.4293494770863275,0.027082852563992288,1.1522775027339485,101.91703377521799,0.5,0.07960336565209736
683,0.05129443893895609,0.4300441986505861,0.037786259142797145,1.4994759485212013,479.725983567287,0.5,-74.84235563183451
684,0.09709288344854577,0.3642372812126298,0.02993652328294622,1.456425315376882,118.10490660824152,0.5,-47.59680140091433
685,0.05490066832771385,0.37094315614632656,0.023943593756590546,1.2908644537165115,409.06136285560933,0.5,-46.444698667935505
686,0.05283831709237219,0.41088016460919213,0.03001638257436759,1.3829728334297096,195.26289152268183,0.5,-45.09027603945043
687,0.07504814085760925,0.3991188713562978,0.03585249730034689,1.4190937556079462,346.7187670310379,0.5,-53.70199568036091
688,0.0803072662872394,0.49028208565861375,0.03380901104067692,1.30421489964111,221.22533727025674,0.5,-8.88498518831021
689,0.09817615165071229,0.4212533274727952,0.015813065917246495,1.5103641159246943,460.47924219316224,0.5,-54.11592450847583
690,0.07359327254269953,0.37796482828486344,0.021924056140780038,1.2897045925550603,239.53160124074276,0.5,-33.35707515248856
691,0.05883446477299919,0.45918316677057175,0.019053785762940437,1.2644871713839934,213.4965451135472,0.5,-10.728823639710917
692,0.061125545531437564,0.43215032979212237,0.03305386808578633,1.4698549202567381,281.1197198609425,0.5,-56.194956105959236
693,0.07021167008501004,0.4655796889389748,0.027438261053535445,1.1033265119858398,38.86919584654036,0.5,-7.763514529209305
694,0.05663771526369829,0.44199874640883374,0.03559341163809336,1.2103224588214443,402.8239691290823,0.5,-9.692822647787317
695,0.0686341345692493,0.4015266516602489,0.036498664543875084,1.2928580476036349,215.22381059111717,0.5,-27.445353720796458
696,0.08529114994359355,0.4382026900594231,0.03134098566732656,1.150974135600019,340.05476722370685,0.5,-0.8423050329522905
697,0.0911725299795024,0.46895524565936586,0.02164264130467977,1.3181238448972104,354.22023166089275,0.5,-15.438855649409788
698,0.08659489522188535,0.4663108548954827,0.0194849029337036,1.2791055527883313,246.32663124880418,0.5,-8.808783549935349
699,0.0554349813599378,0.42708577618571886,0.02789564887495928,1.1109443139195767,443.9392504370326,0.5,-0.32729555237375707
700,0.09771954051793863,0.45788909408895856,0.0247632072980776,1.1417339648644842,165.26284215087864,0.5,-0.3437593318757588
701,0.0577618700944449,0.4280120549896266,0.02565190631926912,1.402895335212648,194.42252830317216,0.5,-42.16488678613054
702,0.058719457443579134,0.4798053130674362,0.03277092287831015,1.159613414750404,241.71661789567779,0.5,0.21252073445474162
703,0.09148007152449372,0.41489992745948545,0.007245956234126032,1.4952235871392576,100.95825706173838,0.5,-36.21050681890369
704,0.08367341363631833,0.4495299848618952,0.01778489818690572,1.1604147614933498,220.51310817294856,0.5,-0.22239798065538974
705,0.0822615459253651,0.3707909249154891,0.014967637703654115,1.282877240404657,53.362937603105735,0.5,-19.87957655316366
706,0.0607575261776817,0.40465351548438677,0.02241578657533473,1.1826459614814941,207.2709821664157,0.5,-8.46535390094075
707,0.06895929642898031,0.4223559587575827,0.03140355076072657,1.439062563938068,98.21487661304678,0.5,-36.57238870285192
708,0.08561695163032904,0.4262147434018884,0.03659500775629609,1.4166615956340256,252.1312016932737,0.5,-38.214870254281706
709,0.0834047160175076,0.4436493694382684,0.03763123528684502,1.2529291961540685,322.86096071921025,0.5,-11.474025579027797
710,0.05389664247016394,0.4345276265563277,0.031035672161018858,1.4636490406525886,11.581185718183562,0.5,-16.418067726125226
711,0.08968285126080786,0.49745993427433977,0.011456444779924328,1.1609101225687624,338.097639898094,0.5,-1.1196723961011452
712,0.09308304348252341,0.38610981695831914,0.028185204503468127,1.1833233037103663,381.3111405312397,0.5,-12.280340515411654
713,0.060393869287001384,0.36416902474290785,0.01811458794802919,1.2671848632174492,34.00771794234889,0.5,-19.435167833587908
714,0.06341638994993087,0.4794743424260173,0.008348725227541948,1.2043878808596753,135.03666962880212,0.5,-0.06808803780174832
715,0.08773182383183947,0.4379547534434388,0.018951050321001535,1.3407162539530244,301.37583932443357,0.5,-24.617498603241057
716,0.09444851761127979,0.4556164395516955,0.03817628741035146,1.385199985398504,285.4139499693852,0.5,-25.5006926792892
717,0.054455484983205876,0.3758710029837381,0.0381072926196685,1.149140756565276,333.26373158435393,0.5,-12.016483501997135
718,0.06635808273787648,0.49339444919382813,0.027457411812485316,1.2772206866809193,401.08266821361525,0.5,-10.30332788047017
719,0.0692470975619402,0.356403347027858,0.036739936034115024,1.4255502199545016,139.68363017317796,0.5,-58.43739722014015
720,0.05648925104514147,0.3584374651604574,0.035505627711217645,1.4528728562613482,232.54075990034235,0.5,-74.92943025459253
721,0.06199019967933543,0.4731373737282703,0.01963199272380714,1.1195834385279644,72.81898933365694,0.5,-4.603976448326422
722,0.06454358312949136,0.4459800379742215,0.036095719370656434,1.446355257892676,266.00551711120556,0.5,-46.40559567481226
723,0.05167941828856394,0.36202849417771443,0.028398133825255134,1.1642312561406811,271.28011826033486,0.5,-17.93402498375547
724,0.05215743628315402,0.4034354220405438,0.025519001612064628,1.4612491820223128,144.83825886486656,0.5,-57.18230235142093
725,0.09494369061725773,0.35698946676875093,0.02569620761258485,1.4008418789129093,249.74703391800813,0.5,-51.9454348783081
726,0.05350739005795293,0.38411775222216255,0.022677127883974628,1.333065332995746,346.1084671657509,0.5,-50.06078410775326
727,0.095708295918144,0.42835711729497467,0.034441561176411464,1.3918084616824307,71.12600758304416,0.5,-18.724068378547376
728,0.07160900634732405,0.3981325065780259,0.010746950344158188,1.1243830343454206,121.29321259917187,0.5,-1.2974180450105908
729,0.08068307044931074,0.3902890987500999,0.012901408382582958,1.1928871025511194,387.2572741869481,0.5,-13.323712774562498
730,0.0804357624068574,0.3787668465804586,0.013797124162495341,1.136836358990817,82.59948757543495,0.5,-3.6291043848602635
731,0.09631579369300736,0.3882042647213595,0.013307317946657099,1.3367582976119754,46.51232643406112,0.5,-18.39181147439254
732,0.0975139618631578,0.4720085129812298,0.034330812724366035,1.1072406457322777,421.4694659262123,0.5,-2.795949120289716
733,0.06982455693152266,0.43990103242416556,0.019028787845891494,1.2700166558449044,140.94693858723568,0.5,-10.980070155355447
734,0.085089610407764,0.45427673710151906,0.006609363266585981,1.3134547378200676,454.1378679496436,0.5,-14.399199649474461
735,0.09946320348792534,0.4822354386190614,0.012401785135777513,1.1232187305293069,487.665347309542,0.5,-2.543901824772858
736,0.05093370017090905,0.45833046890704876,0.03849238166926957,1.4780236015698947,348.7899126230401,0.5,-58.538247926348674
737,0.08541973927787788,0.41820714340039794,0.020984046838840774,1.3688219378216315,92.4325515319005,0.5,-23.180464406878887
738,0.05983718472306207,0.43891281611961164,0.022334355521134455,1.4058942459640473,168.4218261848123,0.5,-37.20598919997946
739,0.0794842727284204,0.37773852406235137,0.029539591330162714,1.2352299921921337,394.2713532811554,0.5,-25.971607036157366
740,0.07824207198850339,0.36136644771291565,0.018433848565339687,1.4634159437127499,173.98247164366472,0.5,-61.94065950062324
741,0.09524189936046339,0.436589050648844,0.006190079813308415,1.3057576725580682,406.7792611554361,0.5,-14.242910774816428
742,0.07349819802420904,0.4852694257685497,0.03024185955315306,1.1125495729243708,85.71231765501186,0.5,-7.982978903186977
743,0.06386386180028572,0.43155763059613605,0.012954946264167561,1.3858843823270925,345.54232856804214,0.5,-40.99092774904512
744,0.07697353352579245,0.3562194863131167,0.014481775672136064,1.1749616715041518,126.99801777228379,0.5,-14.656844775176953
745,0.09657012276867205,0.4790142887589056,0.03716192164812224,1.408752469796014,479.0786635038769,0.5,-28.66149391400909
746,0.09042050189639603,0.4242157289708067,0.008968593139469575,1.2038520992083783,174.47347283937634,0.5,-3.9563650862389563
747,0.053427375626703084,0.39271651309461936,0.019506998258107467,1.449404936694803,191.8128250623667,0.5,-62.07648194537393
748,0.0609979019423243,0.3543087893454231,0.012744814548275255,1.233761949613704,23.638533405465843,0.5,-15.270836898031547
749,0.06350386918161827,0.38650767396366376,0.008654695391712324,1.3933127370019567,296.07728887538184,0.5,-51.043958318066544
750,0.08756429582003103,0.48711790067600647,0.014153459316675967,1.3675172384445968,320.7866261179089,0.5,-18.12422640592541
751,0.0793303789795415,0.4401573095242205,0.028537734859407596,1.2810973987696526,278.4582736818428,0.5,-16.107847704229247
752,0.08772402123320372,0.42775691593024684,0.029240410819773466,1.4534647960541291,454.87516309597044,0.5,-49.641927468902324
753,0.09548257670307148,0.3893199941556523,0.03191521119863798,1.258800076744271,156.50911657873826,0.5,-17.410404093210893
754,0.08807041092112894,0.48856777950479974,0.03070221845140325,1.3099545612874954,284.4720701370914,0.5,-10.30048435471705
755,0.05058571275920784,0.4342984032735333,0.016653507051559206,1.3927681312628595,238.51936541021556,0.5,-42.971158406395844
756,0.09474974915779753,0.3793448775006029,0.03159104188006298,1.3177135312244095,77.83662293965672,0.5,-22.692776749636216
757,0.06784289810314882,0.4338234072297822,0.030283534851569455,1.3397869848643251,315.6545561766357,0.5,-31.668101084506965
758,0.09168658713223729,0.4740867897470996,0.00819125697890223,1.5043907268931043,246.00046159783068,0.5,-32.888046997724956
759,0.07222007816934779,0.41379464429161683,0.024890787911555107,1.1165779305061272,403.43195137479336,0.5,-1.1163676975332555
760,0.08048285337729938,0.46111658104181946,0.026906145188517007,1.2570351216081168,109.90987505672149,0.5,-3.9930879033421602
761,0.07255347327306146,0.4140448436646498,0.02285817505140656,1.4340236292633481,357.85249034404075,0.5,-53.523976958646955
762,0.0700326398720869,0.4053907821853352,0.029509285858705672,1.3981247739738167,227.3378369686577,0.5,-45.229622156122815
763,0.06435856115083363,0.3830171353549124,0.03349499895958282,1.3893307748506354,481.80474188408533,0.5,-62.04858186578934
764,0.07761216960356457,0.37427877608017146,0.03665952534600659,1.2081994003251204,353.306545166243,0.5,-21.29776712269038
765,0.06800710467327253,0.46051769573778917,0.022943323680920558,1.1294556322693499,288.47772626574465,0.5,-0.1484429984540636
766,0.09100749581365657,0.47794754884347845,0.028648989913051363,1.1219496443823451,163.28205706104197,0.5,-3.7534973945481287
767,0.052515378381183676,0.49095979452543015,0.020170354043335354,1.1593722342848756,192.90993985608517,0.5,-0.3265749477851083
768,0.08984718239248866,0.38663803325963986,0.013062136372340416,1.3640169876110706,73.73007920679882,0.5,-27.14054305596227
769,0.08587064625488491,0.44973154130087706,0.006848206352556157,1.306950993209661,236.3855997971653,0.5,-11.276797145509294
770,0.09854299632577992,0.42549114825983625,0.030766209440618524,1.396294708959623,304.4904819703525,0.5,-33.30983690131504
771,0.0883165448236937,0.3835330987186617,0.024288894336025123,1.451706132329644,255.10780974345974,0.5,-54.02013440079156
772,0.09489986970162763,0.4751976529822723,0.010634963040905903,1.322539180355594,68.31950795052587,0.5,-3.9035817114439766
773,0.08019037459568376,0.42391471308520107,0.0343799745603457,1.403902305421901,464.60178563056684,0.5,-45.94019055259053
774,0.0558234111678536,0.41649436096633635,0.014352338890520996,1.2285471265824353,396.6086991676382,0.5,-17.208317168224326
775,0.08867322376741654,0.4730197802716868,0.0369493059094292,1.3834381242906986,208.12187410957867,0.5,-20.21745753020945
776,0.09593589777523585,0.35303319101750436,0.014159386075824511,1.2183765838139347,180.78897297718203,0.5,-21.744216883509697
777,0.050815509732050415,0.3606430779991008,0.015183132040655929,1.4799263392218276,138.28406283302232,0.5,-73.86164584950576
778,0.08239257054848208,0.4488249664506737,0.02849875195515212,1.138930557955353,109.529944739591,0.5,-0.08681653526537403
779,0.051551916008558504,0.36714548446529277,0.03933895168445085,1.2952702641708012,435.9228586133816,0.5,-50.83690063233848
780,0.08458061242458129,0.4181147255653258,0.023439752148584216,1.1376598702919885,375.6158810061978,0.5,-1.8144260510915098
781,0.09514368712341292,0.43271971153659006,0.02980994917960119,1.109679379697284,88.56635779901164,0.5,-0.8262541989545986
782,0.05686708804497775,0.40926736362991667,0.02430025302926922,1.4967484268608025,97.21451474423148,0.5,-52.91039422806989
783,0.08490994404948364,0.48932200961904243,0.013034738983860577,1.355107337489569,27.75233791025409,0.5,-2.0436753887693855
784,0.051478040660300275,0.4652490711090785,0.03866325952534984,1.227212302756894,50.69476975495716,0.5,-0.7585605511860323
785,0.09459919072042622,0.4884861679520849,0.038148703686667625,1.2457061719930196,31.23090725745078,0.5,-0.3117875531679317
786,0.08295342085909094,0.42162160635979673,0.018820378601076368,1.4486356505943243,37.048751618243195,0.5,-23.06031834716735
787,0.08703036513371787,0.45212961187454137,0.0394226710088821,1.2845802087652656,420.2769255483154,0.5,-15.952531572497254
788,0.06903284796834912,0.4219182899846014,0.022760167358486114,1.1497186333019154,128.71075784488502,0.5,-0.8578237318087505
789,0.07617912902065778,0.46420107198277727,0.017094323468810964,1.4609502961375083,309.0106204801174,0.5,-41.32091190875667
790,0.08465019505035362,0.4654526007013302,0.012448795981818615,1.4078805811210586,349.79958876601825,0.5,-29.661498653576697
791,0.07520587223642465,0.42282769749394566,0.008222699873718552,1.2115008306260302,115.05213442531786,0.5,-4.388278028994181
792,0.05930140029528622,0.35565921538232387,0.03551854813951663,1.137048868592507,397.8723323275444,0.5,-15.411594838784307
793,0.05537129339202053,0.39627246388821286,0.02580820411867423,1.3583617607896006,390.4078330781183,0.5,-52.564401497985514
794,0.09082855088727818,0.35542747424679677,0.03758505175951275,1.4735379856807387,478.17979481384094,0.5,-71.1882857654066
795,0.057627165518395466,0.4017815044713896,0.018926620220115667,1.2295057219916847,53.87219199147561,0.5,-8.777528038852749
796,0.06078090540610168,0.4897263212602513,0.032811525481119534,1.4831587298177786,452.86186474068285,0.5,-51.33491212295794
797,0.062143183307625104,0.3899571129020695,0.009668206781217357,1.3808437247160037,163.55331977319418,0.5,-43.0578592806581
798,0.05835219103201157,0.445139856908099,0.020742201833749384,1.3162890517887746,97.64230062350595,0.5,-15.713504551818232
799,0.07343514821832661,0.3578188497602234,0.032375089227106316,1.2980233083765536,299.03313820051693,0.5,-43.68001280637361
800,0.09965312113122518,0.47276547111265926,0.01675127687473,1.4331088015777456,121.47054899272472,0.5,-18.651440205927926
801,0.0662640702409683,0.44806017927868913,0.010617377101087403,1.5027862752708159,294.9895515503149,0.5,-53.08998979624648
802,0.07960987482593503,0.492769832119105,0.013395395111281043,1.22070212651981,40.090221718257006,0.5,-0.5703336391720546
803,0.06742980612764389,0.4430054338411046,0.011677978552218315,1.2268947121961078,120.60564980411664,0.5,-4.276541829219455
804,0.0564476870571033,0.4008105797004504,0.031977596353568234,1.2217897677332812,325.0622737713247,0.5,-19.659343710086922
805,0.08550874234793741,0.3628265168291524,0.03339159205742037,1.466660769099035,155.42331440983543,0.5,-56.898994636029464
806,0.07299978825834966,0.41800338794505104,0.013178912761126373,1.4943033425077727,254.11816071429476,0.5,-56.348490014035704
807,0.06526706285293549,0.4638078705994661,0.015767782902734256,1.4069562579838872,345.14267055561106,0.5,-37.15675862636244
808,0.05717030036462962,0.4117320591704199,0.015349576217936102,1.341777997538862,429.17839773381655,0.5,-43.23519291708884
809,0.058247736313867295,0.49407641067611874,0.012563736500084986,1.2571481820405,308.45057024962995,0.5,-5.315835228558407
810,0.05039024361675988,0.3770754915322341,0.03586065981239407,1.2287377920122375,60.06876078044821,0.5,-15.703517444257024
811,0.05694591945581931,0.3729486905721123,0.02647617244126558,1.1949483729613437,262.10738989574816,0.5,-20.162902288828953
812,0.07208498556971331,0.3540134947490933,0.03112191041285268,1.4259828417728062,130.26495430011124,0.5,-57.49486641969736
813,0.06246941820687729,0.46837264044251237,0.02321670641844782,1.136493965755952,154.54468045221566,0.5,-0.6529724218206114
814,0.07867428972289521,0.42981640495553547,0.023363962720980992,1.4364105489724537,70.01613901555959,0.5,-27.742668218724575
815,0.09581869064055398,0.38182958322230404,0.01156458309080198,1.407236752025261,269.8462208743788,0.5,-44.51669062996302
816,0.06180618506746827,0.46680464133299554,0.039105648166993405,1.2277520260408326,91.16829055766377,0.5,-1.5922458063608111
817,0.09253956169409788,0.3994070812597173,0.021239173758638583,1.2328636340955548,361.5053647799815,0.5,-16.72712086011036
818,0.054705468649162314,0.46272265545583807,0.012728040576203505,1.4627996727406343,364.8457940655781,0.5,-51.263811059076666
819,0.06095295122669647,0.4013803043157324,0.010813799331610289,1.1453771441545515,88.10181768494596,0.5,-2.0002595502639506
820,0.07909448389934594,0.37500643981359794,0.031266050782039256,1.4563770581235198,80.00423960211181,0.5,-46.0588057384069
821,0.07538244464275494,0.43208277194840145,0.033729736045485355,1.3348466117795936,261.3432816539763,0.5,-27.243016738265155
822,0.08182453859051189,0.43488386080225117,0.035205927426341904,1.3088412443263162,119.8552326374905,0.5,-14.441417555224895
823,0.08613586171131579,0.4590370126235462,0.032933386206737136,1.3611130294839453,263.3018093483599,0.5,-22.71101729489394
824,0.08568595854968018,0.4136213212346159,0.009543865739658697,1.1084617810575426,64.42599943400563,0.5,-0.15655638981036102
825,0.056588830928117374,0.355149855428639,0.011216371760005827,1.1720555474568195,395.6860530882922,0.5,-21.67541626277333
826,0.07849709742539962,0.4548516020469827,0.01640811523649467,1.4909908237151392,70.9334233696626,0.5,-28.86358457999119
827,0.0642102046719571,0.40313074133163174,0.008731315996022882,1.1587025436238274,467.63537345635064,0.5,-6.401335680902199
828,0.09930393747529026,0.40593141769250013,0.00913151062608096,1.3242378030674682,76.90620310928233,0.5,-15.400318485906642
829,0.05303982396132211,0.3719836211129632,0.031060913098794947,1.2579829260600646,385.57113197721003,0.5,-38.575899189569434
830,0.059354321422742745,0.41833860561793945,0.03845521056634484,1.4521079545175164,70.10963834267157,0.5,-37.80984568371899
831,0.06701646026944219,0.499310599231218,0.02561114331937172,1.4584865861816916,123.60420240155506,0.5,-25.639681700763354
832,0.09627101581992922,0.4788643572137342,0.033893610819520074,1.3587875865023409,352.4511837787423,0.5,-18.688626301224293
833,0.08234531492154484,0.4735481454618969,0.03432825398083685,1.1353498440289,481.08281970822065,0.5,-0.13928755805627113
834,0.09830442252460861,0.38474471632499346,0.036070117726015975,1.4583949425079212,127.73840173954336,0.5,-42.221320582458524
835,0.08505130711712997,0.37271204051946827,0.023100467148591756,1.1881480397291437,450.2953324001999,0.5,-18.161853582669316
836,0.09613947545718553,0.4903608222869483,0.026313073651169888,1.4523754737655918,428.10090546870515,0.5,-31.518680656222443
837,0.0803687199341066,0.4878047715062168,0.010346123775608881,1.4279613956249344,434.4670581478612,0.5,-29.775497744464737
838,0.0694165288416785,0.4380457610936025,0.033029055176967144,1.1029995688989245,47.66929570168221,0.5,-2.236006529147555
839,0.06163522137864316,0.39625259280356345,0.031240979709560135,1.4925024606847814,440.504853053947,0.5,-76.43267056446801
840,0.09436411843664068,0.45293411097063696,0.029263867376083434,1.2780485203921508,141.3498958481371,0.5,-7.00605251665325
841,0.09216424050970591,0.4377447200334894,0.028907377265874133,1.200753590761793,37.47370347127195,0.5,0.1756591252157086
842,0.0800049972202087,0.4124235323880889,0.024220110175846743,1.3445697010900743,164.0845660801326,0.5,-27.94138504960548
843,0.06244807517877685,0.46288214525943117,0.015521522044141162,1.2653009439741252,266.39727617870705,0.5,-10.667275788997816
844,0.07478212334593065,0.4572669471751474,0.03736823906959271,1.3362861984326293,458.156839673398,0.5,-27.35413160732961
845,0.07511620510462468,0.38287016667240237,0.02753716681885144,1.4578924239005127,332.70397806316265,0.5,-64.23842026120018
846,0.06643083088557776,0.45699284565432685,0.032980367056801276,1.2228106526521507,142.35913617797655,0.5,-3.333836039178342
847,0.07706792167409424,0.37364201993343743,0.01651131767744694,1.255966102224984,244.67117404169915,0.5,-27.437082531370994
848,0.05922044472061675,0.39662127065573305,0.012334733838867917,1.4678923712146632,238.26386760078944,0.5,-63.297918179234486
849,0.07813448295304416,0.42491416883424143,0.028242786266092904,1.2320740234658922,94.89545669820131,0.5,-6.063897360821805
850,0.09392615392897849,0.48138165709676706,0.025232453537442225,1.2875811442867435,288.77279395971385,0.5,-7.734257696146225
851,0.05275130957582224,0.3626605392587893,0.00643382086859821,1.4740418534178203,432.47326771640803,0.5,-78.66995468460138
852,0.09635055198156159,0.4964144447462935,0.03535879002853605,1.1653824137103646,254.4733713053394,0.5,-0.679321535829212
853,0.05612746278561324,0.375470250284446,0.039559436537089224,1.1466364584607094,193.35649508927276,0.5,-9.147420118437676
854,0.06513375767974058,0.3631951187862341,0.03131977781009333,1.1893648162639574,71.94168614580933,0.5,-13.092802474835642
855,0.06578786046857736,0.3696203498427726,0.022014897092332848,1.1068265822672136,446.5795930177393,0.5,-6.612306125598848
856,0.09084454091196897,0.4791659409914687,0.015743044277775713,1.1560218999686154,22.506360206338343,0.5,-6.198983119075867
857,0.06549440975193385,0.46357829570125303,0.018614904956120157,1.3313274360154874,170.09990855022,0.5,-17.432688805642673
858,0.06280792224654493,0.423566178386201,0.03323810827305361,1.1944853889796694,462.393888745835,0.5,-10.51287235334217
859,0.08333200095188416,0.4286215261912835,0.020692433667119974,1.1040166475300506,189.14485799506755,0.5,-0.19341041174256723
860,0.06939966851313861,0.36578679889559806,0.01006814081187626,1.3505543159439417,146.81404573231535,0.5,-42.58477445316955
861,0.08896105327521714,0.44731033377669327,0.027166848520229922,1.1534094833962598,237.21767828142777,0.5,-0.05356429834751952
862,0.06908663057060768,0.41998049383191494,0.03641922233009398,1.1822811991837971,483.281013051814,0.5,-8.719588078980442
863,0.06205032690168054,0.4986239175885434,0.01825892974430515,1.2136228797933983,438.1564322107247,0.5,-1.9264855629161066
864,0.08938627189746573,0.4610746583441468,0.03930177701448383,1.3946746999362738,366.5036630679278,0.5,-29.68459604817368
865,0.0851244169899153,0.3895401538310383,0.012287099313759124,1.3619291057804501,19.817983907236734,0.5,-15.731812391555355
866,0.09539065193431218,0.3805926227048841,0.016375046193428205,1.1226116038295486,395.9694548007388,0.5,-4.846200659765658
867,0.07806995297325492,0.4597902334824297,0.005595486176933927,1.3764192631316086,257.39641799897055,0.5,-18.52291906584001
868,0.05110526118361155,0.3810962618973108,0.02556549594571505,1.1922428211204914,255.5099609873031,0.5,-17.939633583045328
869,0.07924912339729581,0.4995789771119431,0.00805218870986519,1.4354392588900475,422.6695839304677,0.5,-25.981703954619828
870,0.08747803503292693,0.46760483519865953,0.029898740623807533,1.195496279748995,319.5703308823011,0.5,-1.3062513221419887
871,0.06148145029621195,0.45129319004278506,0.018789689681660074,1.3472876125488737,37.80416617973202,0.5,-10.388231456425807
872,0.071372395710914,0.49464917178844303,0.025865574736991664,1.4248169566324491,78.8677733819336,0.5,-16.177400315049542
873,0.09769919147411718,0.4603745121011395,0.007632180424699571,1.1919741956361762,270.7991804450778,0.5,-0.22975763696610474
874,0.08787223762699153,0.42826638029424824,0.02480299325766866,1.4079969540171644,55.492559094029204,0.5,-20.080890702967483
875,0.07514164087055095,0.4616056048051951,0.028456804279057404,1.3810265823792696,184.74026456046158,0.5,-24.49360936092257
876,0.05072695857036457,0.4217481557675409,0.005033079405787565,1.498593011106686,354.85366285189883,0.5,-58.50492942131169
877,0.05513616791664283,0.4434138472502413,0.00571583302962062,1.1976543275831142,294.05506246403144,0.5,-2.8263278989173095
878,0.09611272494573878,0.42536074921968076,0.02728429933180062,1.4223777836789402,471.31961254906423,0.5,-42.621462952030534
879,0.08708319152833216,0.3987893058401652,0.033990024751845545,1.2368248659417214,125.79623084200949,0.5,-12.022469591848175
880,0.0855641215737808,0.470695015593759,0.019238120052654042,1.2069363591539193,109.05928881648501,0.5,-0.03170972758485879
881,0.06188720678015072,0.4505743568792683,0.006466661978970835,1.2148822964917998,411.3463600936197,0.5,-4.4404385831443935
882,0.05362115187657249,0.36716065194990577,0.007503921891393515,1.5034223092530734,206.83277017210838,0.5,-75.50069329004478
883,0.08927425300227523,0.3570852858149057,0.024625238649337515,1.1473337660707115,161.90294633465004,0.5,-10.62750219175932
884,0.07186877924435653,0.3653871744616807,0.033876649206752006,1.361233016818816,30.662419734269754,0.5,-27.868117291703285
885,0.08909527920327678,0.4949026169594949,0.037125117567211895,1.3463328715764444,108.2485020927842,0.5,-7.150763109407668
886,0.057742668129015344,0.4431798622872539,0.010671823289555567,1.2496653741221113,199.5301713970477,0.5,-9.821464805673873
887,0.0865347760514581,0.38458008456804976,0.03784662423542236,1.124737749953604,463.7637394989048,0.5,-5.389517370602884
888,0.09052255132218084,0.4028982200604416,0.02405362323420615,1.450814272603949,487.37467435192974,0.5,-55.244438708999006
889,0.053524776343202164,0.4504229395291295,0.033939701612133714,1.3210275703533876,227.12779762088468,0.5,-24.443356367189672
890,0.07893807159414677,0.43014957785321045,0.00827182087004301,1.3187167358536769,105.19142589101841,0.5,-14.233937654726809
891,0.09840726383672939,0.4456910519259162,0.03474247061400413,1.191559469215361,435.2664614014963,0.5,-3.3051327635699934
892,0.05532481703389924,0.39794713005995025,0.029919051716694088,1.20742933663769,329.221844756773,0.5,-17.71409534318217
893,0.08287994779053245,0.43260591111579355,0.017388494768333436,1.2201370642027414,26.71458178875541,0.5,-0.3223594358180575
894,0.09194709241885222,0.38251760197317947,0.028221660471772013,1.2142310612355618,86.95784069397908,0.5,-10.2542255314516
895,0.08600199206248157,0.3565930535106776,0.015442844560750643,1.5061465435215995,491.17661855560635,0.5,-77.73038303841007
896,0.09503885802636242,0.42717458874384634,0.026269350102367257,1.2623246504433807,130.83302659581548,0.5,-8.952700618447453
897,0.08855349970390505,0.3840198423765391,0.005863289054470749,1.1441084841053872,223.78305839574924,0.5,-4.213423689302796
898,0.07116815765137782,0.47554728600784324,0.01850426063873252,1.3954481918688728,263.0379911813488,0.5,-28.072359418544746
899,0.053124929917300306,0.4759630295813953,0.026023944803726363,1.4646180444334773,419.0071174875801,0.5,-53.55986294636692
900,0.07127316788360286,0.360964441130599,0.011549480420753641,1.4724942075318717,165.90051259738203,0.5,-65.03825586024215
901,0.051221361322483006,0.4518025113060012,0.007702079930040182,1.2764737324859345,476.8158986107438,0.5,-16.090245709189027
902,0.09465045048870821,0.45032250358985754,0.024091015159006204,1.166467411635237,460.5989190309154,0.5,-1.137698582766232
903,0.08841816680112587,0.39365302943030156,0.017841258236865658,1.1360577267655312,422.85066937782125,0.5,-4.7796531704904
904,0.0827082876052732,0.3685077324432832,0.011702817880001427,1.2539348847747616,381.9296291756417,0.5,-29.367418980057707
905,0.05793331856030323,0.42110796167878173,0.029338146680037896,1.415871132940104,482.30387459879637,0.5,-58.74371400942092
906,0.07732851077393378,0.45109064307302205,0.015130056393068381,1.3234155275074282,233.1088677145986,0.5,-18.595699236952086
907,0.09806266668387803,0.36042122868560234,0.02456211503341653,1.1145013201482459,280.07794318055664,0.5,-6.864840952606373
908,0.09232467274799436,0.4722186480904949,0.028973508452714368,1.3766970990606298,248.33551122111595,0.5,-20.28508521230692
909,0.08780606801317511,0.3879495172486103,0.014322937230747422,1.4947821917929818,34.98198603011014,0.5,-34.411994004175625
910,0.09076644704393413,0.4386702495380361,0.035731306839140636,1.1238694169793881,383.23671785093114,0.5,0.04913343614817545
911,0.0635943694054002,0.4444770786316535,0.01763661633644558,1.1778687063290507,140.4678966258463,0.5,-1.0458679376045183
912,0.05654072572075926,0.4234088703924131,0.038243074119806694,1.1210091310100792,274.4105934243002,0.5,-0.43946205108659764
913,0.0982581798498891,0.47869445910053016,0.02877615265497778,1.5141162519848992,410.2611683762383,0.5,-40.83381008300544
914,0.07204845694301956,0.4840239308405436,0.006523095758385489,1.111546577846447,157.18600268971622,0.5,-7.085957543271423
915,0.06368030693338439,0.471938609978861,0.014730138154861348,1.4216470999202664,16.055834518964538,0.5,-7.394959317497253
916,0.08370270451169701,0.42035644814786677,0.025099029220148818,1.2728296344404415,327.72451105184575,0.5,-19.43714404036232
917,0.07227324138036854,0.4820680562991214,0.020326704318027175,1.1062637643689772,268.0079776025881,0.5,-4.8320819813919575
918,0.06405027462374183,0.4449197047569451,0.006770961675965137,1.4826419359702758,309.59555894195233,0.5,-46.707753358841046
919,0.07042653992777793,0.4699941390380516,0.020118523589917933,1.151913399088087,388.8093582866365,0.5,-0.008884525933802623
920,0.05704702718593498,0.4575777201259886,0.023647456089982387,1.3770270935919684,383.60896685314384,0.5,-38.20987138096893
921,0.0937297255876623,0.483657002549172,0.032419025310565334,1.4929104253301664,272.8313448497143,0.5,-33.94708615026347
922,0.0955910061579287,0.35288280380016224,0.02300643495991833,1.2887583770208086,43.49198033462433,0.5,-22.006882199354838
923,0.060430303067853006,0.4276776091795268,0.02422678338315106,1.1250900204061596,453.6295670531902,0.5,-1.0046598357777352
924,0.09180914924144237,0.40386087947254856,0.011181163460652125,1.5086486392702096,25.524741754454936,0.5,-26.915281229689246
925,0.08107347071887258,0.38343862297722775,0.009652939449350764,1.5138713073081904,93.1444539967199,0.5,-51.68203234807406
926,0.07497180715987078,0.38764569862028797,0.029621153727159115,1.2511252787374074,67.73251145870833,0.5,-14.097290242476452
927,0.08360959406914975,0.3690277737687546,0.016812552481943147,1.444979107412013,477.7407477409901,0.5,-66.37405750604967
928,0.0788851176040305,0.42325205365727026,0.013135429669030318,1.3978389057726694,19.147880383991172,0.5,-12.50416011040647
929,0.07678001451031141,0.37042847678673474,0.012793686424490136,1.370401900211461,291.1090388079023,0.5,-50.03858818763323
930,0.07151327915338998,0.4393086419558855,0.005782215516633692,1.354311664198536,183.62681691689994,0.5,-19.35647804609738
931,0.06501531079637159,0.37637248190140327,0.027233693267963127,1.1713466869728557,117.23898603083569,0.5,-9.830082963932801
932,0.09198921391091121,0.398499169509683,0.018410893029908837,1.340992329414941,392.65992762807656,0.5,-35.743595685841086
933,0.07440999770988332,0.39443112571327,0.0055043185232105845,1.2239661755455022,111.50744647803788,0.5,-9.342270047350889
934,0.0862530597294989,0.48457128512803305,0.020446032556822237,1.2058781023506122,211.52641187588605,0.5,-0.2180713477279952
935,0.05993833088972208,0.4188213207792987,0.005294439933141917,1.2576231344382192,250.34325219927356,0.5,-13.045359456174376
936,0.05294789697718141,0.42254277857202904,0.012626939971517512,1.3400335348040548,207.7610404272566,0.5,-32.49060065154771
937,0.08438322123386305,0.4303182863596298,0.01406741676383067,1.1930447932222965,387.5363573398999,0.5,-5.50083796464097
938,0.0852395801291283,0.3917464035808093,0.03494932284980549,1.329427220058685,128.12457434027644,0.5,-27.318613336879167
939,0.05734340336488378,0.4962230896554462,0.03047281080998227,1.127136306289558,335.5504831079634,0.5,-2.3879281396717786
940,0.06145309455766541,0.3559693588330072,0.030066593807845245,1.1737438495832742,327.37230715286773,0.5,-21.669739070492604
941,0.09344402516354075,0.440693696937528,0.01857121701258503,1.1398246716194773,45.020145498657946,0.5,-0.6809297082818289
942,0.05468883083067676,0.3677367260627336,0.03765502322132546,1.3116962985133407,455.4602977369536,0.5,-53.91419138918734
943,0.05877804723814241,0.408045443326804,0.013444820791107695,1.1843935216943378,235.17849786385472,0.5,-8.330762011015238
944,0.08039012197195212,0.4612344564526316,0.020246891216472752,1.1437056194992503,469.4333440746714,0.5,-0.04688971012772236
945,0.06493350270485361,0.39131037570376204,0.005679641130322233,1.374139676517814,22.79612546761063,0.5,-19.222168783446172
946,0.06063900315867142,0.49446589231574123,0.03179560201549018,1.3532914856072966,200.08134120832793,0.5,-17.906172857520502
947,0.07874019670473134,0.49177489249288964,0.02640193249637276,1.239702124155215,256.1879543343578,0.5,-2.47938111716206
948,0.08417216922401893,0.44093689553255894,0.01664475608306832,1.3967188313334251,161.30418309452213,0.5,-27.226295841101052
949,0.08211091812130489,0.4032155060736233,0.01810109559306415,1.4800928664198572,221.8347740890069,0.5,-53.32876963143077
950,0.054247166079551254,0.46018686565401906,0.005567103644776049,1.2596963052067156,139.7548742115602,0.5,-4.346651990368327
951,0.08089319314108247,0.4367068548590617,0.02693475276263648,1.4197110523971759,277.8650522189073,0.5,-38.981033963748416
952,0.07875523478367011,0.39427846587813853,0.015275844576345891,1.468165114483332,149.12197193330707,0.5,-50.373494926521744
953,0.07371883912874523,0.3861300844635779,0.028369769313282577,1.117248468106664,474.6215179772734,0.5,-4.8557890974189055
954,0.06139136808805358,0.4957360647987247,0.012016698149484644,1.1904574817869051,28.95310216876581,0.5,-3.1870885401120796
955,0.08494841328697444,0.4171856932045701,0.021484843775846918,1.4272629980455276,121.97485151472021,0.5,-34.140684811860645
956,0.09529756259348149,0.412711677257285,0.027967848595709915,1.184130315777336,319.16314281143315,0.5,-6.249136118534121
957,0.061686660879256304,0.46247333624545856,0.03568905381890516,1.2947706903790417,360.2843140398337,0.5,-19.38829767851595
958,0.06883726401968242,0.4396015314558024,0.020466260197362425,1.3993300880297241,141.92885567846537,0.5,-31.08970239004686
959,0.07445690339719452,0.47105422718928336,0.012837355882818344,1.144605045253198,331.7681932359071,0.5,-0.20210145842123728
960,0.09557776941319872,0.481332273762905,0.02684858014157048,1.1213389931076907,371.4437027369913,0.5,-2.5628654343767576
961,0.09877084466635627,0.4692927209381372,0.008390928346067045,1.1067076692166489,462.9715993660276,0.5,-3.199035511642818
962,0.09125291414962378,0.374107113196367,0.03670919539827148,1.2522921739950195,302.53246685526915,0.5,-25.811450718577273
963,0.08293889091617675,0.3595573277578097,0.03808040708362321,1.1727173797150576,389.763284910636,0.5,-18.576585696816707
964,0.09348103008468403,0.3796106614078764,0.019763785892825285,1.464242657496464,407.44554970249305,0.5,-59.98250786786199
965,0.07368006806653885,0.4859655649261332,0.03150472066411752,1.3062932937695833,358.66935186200817,0.5,-14.304508305366468
966,0.08325019714655613,0.4455336258588494,0.00867788869845534,1.2075064191869256,44.63665341674909,0.5,-0.1101989782151902
967,0.07433371844987467,0.3907928864511054,0.038582472834741595,1.1329325462306872,214.08076450136218,0.5,-3.8692761755917218
968,0.08809349813869871,0.4391747628341789,0.022103032463041974,1.3572989701661453,316.7019082063227,0.5,-27.539419807499627
969,0.07266744830202121,0.41319119926457487,0.020557346507573432,1.4844770523765822,113.41121555860734,0.5,-46.207305939362165
970,0.08665868191980351,0.4938105252669758,0.035894527763878296,1.5090208710249873,110.60690522841323,0.5,-25.234465802944055
971,0.06153649028346649,0.4809836984464103,0.01974175796121152,1.113785568166505,418.1299291140401,0.5,-2.2264334967209494
972,0.060685328050353274,0.4303928573957364,0.033750447447999536,1.434685245389317,215.8238677255248,0.5,-47.218238191611995
973,0.0859499010618145,0.4198939453913275,0.010865038474376735,1.394033659006962,172.38138500990954,0.5,-30.816082190080394
974,0.0540527422618746,0.43599965895189385,0.03722370690036701,1.2445144426267254,20.53354670553585,0.5,-1.589419645063388
975,0.06117217671052415,0.36177980024572076,0.0054270083671175365,1.2543695117433675,403.63514735234224,0.5,-31.09442336704214
976,0.05854550299119213,0.41846516391189503,0.018480013138683166,1.474253781671309,262.1567578460681,0.5,-60.8737889480738
977,0.07833032775393733,0.3955977297070244,0.011418064656451309,1.128618777142809,416.09306528485735,0.5,-3.6463277212071006
978,0.05384374505595941,0.4588221417324049,0.010791530725479854,1.5076074022747656,42.536557843400615,0.5,-30.19023012649295
979,0.07741877796630336,0.3560062158701048,0.010487220855227549,1.312244530069373,347.4638672103294,0.5,-44.422667226751415
980,0.05206138468304567,0.394665722981286,0.027644892918316094,1.16333740584921,431.2000625002681,0.5,-11.681871479677156
981,0.08931512365369276,0.40665888843121767,0.02369523275885714,1.4234070487193229,318.3263356268936,0.5,-45.749928262948295
982,0.05552305111687628,0.4906067550055374,0.027016991454854866,1.4721238440439228,15.161883040203541,0.5,-10.632228964763549
983,0.08737480370182171,0.4830816559928304,0.037296844346194895,1.1752139109731115,145.84516035286444,0.5,-0.017803424564551085
984,0.056316566709467705,0.42214287741379786,0.007679082526458485,1.4556131097588163,153.91114133605097,0.5,-45.36538556996168
985,0.07856138158193118,0.4006600033182771,0.01462025963214833,1.130653696951685,457.4733856886942,0.5,-3.6002581413378927
986,0.07178088133687696,0.47290683568641034,0.013209830798994791,1.4917259027090903,168.8369501888323,0.5,-37.316655966340626
987,0.0701282729229746,0.3596743164007703,0.0318852919790516,1.2116135486901012,192.1496120276399,0.5,-23.278508750795822
988,0.0648906721695403,0.42040902873285396,0.019148306786284645,1.2749748797433285,24.184683122928213,0.5,-5.362673547659838
989,0.08094135674925956,0.48001033507238716,0.024653973758519743,1.1452119150681788,153.64299627794546,0.5,-1.3896586820554022
990,0.060532190901623865,0.420692097327209,0.0335092466372678,1.113988601243806,47.89193529218533,0.5,-0.024997080119935955
991,0.06584033933898399,0.4376123025019868,0.011125117271990087,1.4693121545631598,379.7362399601968,0.5,-53.8478546017404
992,0.08788454341318769,0.37022333515742833,0.02467627676263802,1.2402819809983807,195.575098332536,0.5,-22.420083709684874
993,0.06914870335536019,0.35273890480004694,0.02785193985973186,1.255013505211254,54.343323315064005,0.5,-23.395859691624675
994,0.06568072991878943,0.40286757556245195,0.016592135609841165,1.234942037307165,426.1986940446569,0.5,-21.2338308007536
995,0.06122333820193941,0.44916307399693506,0.026638167136784956,1.4262365031606787,413.2533919007886,0.5,-49.4773823673621
996,0.06048907186161444,0.37657686649390976,0.0060580794324440685,1.1428222095531635,488.359039381248,0.5,-8.643232173007378
997,0.051605998280255014,0.4812049566352522,0.012934770247605146,1.4395261770505043,58.10321196807538,0.5,-21.316045238332283
998,0.09672132894818185,0.4568598134668596,0.01990028553257089,1.4137427205954816,376.06760486144384,0.5,-31.16658096483328
999,0.07038388484136368,0.40112634478797365,0.020822237470824505,1.2670561612960642,69.2872583119678,0.5,-13.881478322719204
