,thetar,thetas,alpha,n,ksat,l,nse
0,0.0981369887898999,0.44896765152757123,0.030112231846727927,1.1233571861402951,328.16754806536886,0.5,-0.14160422245719095
1,0.05440158327700065,0.41508950391698696,0.005343708565837971,1.6281479152433649,456.0501895440533,0.5,-84.00192848616588
2,0.07643817351000488,0.40011510554409685,0.018027390958770803,1.4120729403727283,291.0253197161277,0.5,-49.40596488339211
3,0.05132239614148302,0.46822387313691205,0.03248955469594401,1.986410493978116,235.7946508638548,0.5,-108.95861782680325
4,0.05221193835328893,0.37602305804274233,0.029308434555358222,1.9016002072580154,244.67814174862747,0.5,-124.6472195528267
5,0.06031927359611569,0.38166175329208213,0.033401252505878276,1.278668048574855,356.195518609095,0.5,-37.43297703444995
6,0.08645276108980748,0.40622183740185985,0.006408445048498856,1.5281274659860506,459.248005216406,0.5,-58.1348382610879
7,0.06095882923137885,0.4361240925939799,0.007204004453041118,1.5955229964822895,487.3836503882745,0.5,-75.2943667752806
8,0.08436114766349422,0.3692682144374212,0.02009655834165737,1.6351564506124543,281.78433827544546,0.5,-83.27523487240067
9,0.09042361355682157,0.429246739340217,0.0106321034180528,1.6896518496348865,312.1422137886382,0.5,-70.95447315128057
10,0.07737333183943615,0.4336571017314915,0.029964689881148737,1.1973649997422064,159.74171282097709,0.5,-3.416916348433359
11,0.09861802760141111,0.48070150345464935,0.0072530707768572455,1.9969870935525496,233.62183052423293,0.5,-74.52841872037051
12,0.0768078473964103,0.4212251657984636,0.028249747841650037,1.4615904428571271,69.48199733396866,0.5,-33.13319282860406
13,0.0726303017244979,0.4432481881335309,0.009369706003531833,1.210987226673913,77.4351561143552,0.5,-1.3634959038149321
14,0.06491362873203743,0.4435084173214439,0.028175519478312473,1.7965389592954257,10.219426240796132,0.5,-33.79705617558398
15,0.06194980948266743,0.39217396540662214,0.014555631095228845,1.5664969684634453,94.32097817151538,0.5,-64.83643183215122
16,0.09725892249679141,0.4639377689668641,0.014918968534313588,1.9417902775155604,175.9570923919719,0.5,-71.28892603419226
17,0.07477205567059843,0.3843877402470406,0.0383169404291229,1.8721383963363958,147.6576151146956,0.5,-94.43053212367812
18,0.09617786223180078,0.4583034218437812,0.017926921901789884,1.1192863806183238,111.09083137741739,0.5,-2.5292715712759275
19,0.08451440654695447,0.450152065676781,0.015531675497275332,1.6005213398775409,308.4874805906078,0.5,-60.259075977964514
20,0.05337572957905419,0.49041277486549856,0.02544959290699772,1.6819854696042094,106.5736790162785,0.5,-58.611925590131875
21,0.0537213825207331,0.4955014396279807,0.015250555416319412,1.741288142031785,9.076150328023573,0.5,-23.279451861236538
22,0.07243916007506435,0.39294772058288613,0.027714550564314416,1.4431847948922183,364.1581341400266,0.5,-61.36483816899201
23,0.09877408194083084,0.40173571924293455,0.03900708469003987,1.784291121847048,323.2628550502462,0.5,-79.9470722108369
24,0.09925441731636447,0.39391335984787723,0.03990821791024435,1.7585779952456848,266.8973297295283,0.5,-76.9490808296645
25,0.09297209508767754,0.4699402876517055,0.009423833523148831,1.1498400226689884,335.9368972377207,0.5,-0.2631106034192121
26,0.06606684884997802,0.4889794868663173,0.013287230347626104,1.6025514994847274,447.3573527073547,0.5,-66.1577956345974
27,0.09750862901937067,0.4306004063843895,0.03474700479136496,1.3340811236125298,75.38151326547232,0.5,-12.308634422466758
28,0.09443932378320363,0.43703336370229584,0.019284314067579335,1.2814181687152055,385.07230120955103,0.5,-16.001144714756887
29,0.058328586747782414,0.39431762019203465,0.017187331554679684,1.1791611857062907,388.5050867036355,0.5,-13.14138775535269
30,0.06002336365193835,0.4354098151385781,0.010982891518536046,1.7870404234635737,166.1909563014661,0.5,-88.45501059177884
31,0.06274551279373834,0.4500264999232182,0.0064728211757061425,1.254581440116109,359.67188552778555,0.5,-8.859357967803927
32,0.07180028959946355,0.4328656361702664,0.007067040819038776,1.2477104106107186,355.9344060624961,0.5,-10.56168856563361
33,0.09819237510296236,0.3654891260339754,0.03334905023339258,1.6273234624491932,479.58408787183737,0.5,-81.33577144295246
34,0.06209478504226372,0.48920094892303345,0.006857783970201962,1.398406296904578,112.13063389152789,0.5,-14.525546704123586
35,0.08726308634227116,0.4178862094531296,0.008238929351983,1.8832958454525413,68.67938200538282,0.5,-69.0373357175016
36,0.053096271812874636,0.4295201714294118,0.020559677704435793,1.8364516637129147,31.441026510780638,0.5,-64.88862130234175
37,0.09353169260072008,0.45675136451275433,0.03600308889107799,1.8999617801765238,78.77895491952944,0.5,-57.58738897549063
38,0.07662893284459929,0.45223280318430437,0.01844668720318101,1.6195018681767044,312.8088722805256,0.5,-66.5310314617408
39,0.07227828809345667,0.4301598317397709,0.008761193572438625,1.8773939414877208,309.6013785509448,0.5,-99.09873308413066
40,0.07065174502503421,0.4694436966230898,0.01681090411135994,1.4388250072246418,66.5177713795959,0.5,-20.948243289504646
41,0.057830780452848986,0.35154007335727666,0.02134343273336519,1.701182840741199,89.94037911318772,0.5,-93.14366728766421
42,0.06398594674428819,0.48205290617454627,0.008636368109553596,1.8074775157029714,203.7426254032576,0.5,-79.59573122559634
43,0.08416472205588874,0.37436895642596624,0.012689467812128978,1.660589340900473,50.723082332674316,0.5,-60.22549993177397
44,0.07046498205672322,0.4859021244808237,0.028950387520628208,1.852026576477428,474.3673575417866,0.5,-93.3552726005827
45,0.07313852521011072,0.35597329289252705,0.029419487567466533,1.5517394283121067,326.15512918571085,0.5,-86.07391202153099
46,0.062303709259174944,0.3683010821083992,0.0268839440606884,1.2946806669904412,317.3014032451235,0.5,-43.38336282402437
47,0.091795968844715,0.4621827775803975,0.011781741576331838,1.1936651494719273,121.28575149878887,0.5,-0.07350480046690255
48,0.06663743289904231,0.41897119208508155,0.008399672897054972,1.9294652742764447,157.03760705360148,0.5,-98.83704802799674
49,0.07271238849147052,0.4546638819470665,0.02384452129783911,1.346867601690658,471.5507061118861,0.5,-30.415413736312903
50,0.08198363869019379,0.37127051442629777,0.0164163890516828,1.2551436445424906,375.09888269856935,0.5,-30.07903726455653
51,0.07962482258038135,0.4882241604982024,0.009736371304014408,1.4877297949987272,155.14187980121346,0.5,-28.213361423064605
52,0.05238924417602386,0.3689359550795502,0.019180543688969393,1.136023103332907,126.74278623986265,0.5,-7.726991637344552
53,0.05024961588840875,0.369633829083021,0.037692563006416546,1.7575451636605584,175.73744042860073,0.5,-108.88107330813384
54,0.05276857954004872,0.3784049137605118,0.030370935648445493,1.8483781012741765,239.826759647154,0.5,-118.83506310254563
55,0.07613892674404142,0.4163966947780267,0.0055767440264084785,1.4326016842515914,138.68544110099603,0.5,-32.66100903005906
56,0.09708533731800506,0.41311279493385294,0.017147569022711497,1.57817192513392,362.374521174876,0.5,-62.18754286403314
57,0.06156329680777133,0.4747117621165725,0.0215010728773992,1.4367312496349607,378.65560673344055,0.5,-43.44074555486126
58,0.09194722345889547,0.45300548722080997,0.030874091914317208,1.5747671338191869,134.27364218938314,0.5,-41.41473925774861
59,0.08572660525677558,0.4720695597784403,0.03228864654865906,1.7605671249111725,260.68199722768566,0.5,-67.92796820172119
60,0.06703470331480188,0.35204902686554546,0.024236314078242106,1.7703317027034937,178.51220218608506,0.5,-104.46162006737052
61,0.07918445362185934,0.3969216726156797,0.030262958724781127,1.1165755761345395,287.3244390441482,0.5,-2.049372018159787
62,0.055349889551377825,0.41847098523685816,0.016960889508362942,1.7435928754652101,123.31993748742894,0.5,-85.67621977934452
63,0.09030488097667261,0.46560402470092427,0.03344787090261779,1.2595348868186793,257.9499406733766,0.5,-6.662498451255124
64,0.09081487744407836,0.49080183500888364,0.023443722534002783,1.7751033390067468,83.57186920434212,0.5,-45.09657238019387
65,0.07181563728157514,0.4607494574278945,0.03656234492491141,1.4660131093351856,377.7353422333008,0.5,-47.76011137495615
66,0.05619317159541511,0.42332657818504693,0.022105716794134922,1.7997991416594008,319.0807997192977,0.5,-106.3492586364275
67,0.06890823938310636,0.4917854800177076,0.017855420349325912,1.2044101752478042,293.51905123044355,0.5,-0.6710856444873872
68,0.09456645559521965,0.3690514785244895,0.02251319351022038,1.9162983475642958,146.35538889021956,0.5,-88.4378781774736
69,0.06297166437082025,0.47217157365877105,0.014372001808812887,1.6798296088698839,211.03000242929932,0.5,-70.48484835883058
70,0.0941295958240427,0.4511767993438564,0.013466454874974465,1.3601670971958637,438.5006657323103,0.5,-25.037713626804674
71,0.08103655141279703,0.4680413314814183,0.038921170120710474,1.9168715604431332,280.48908542908157,0.5,-85.001293064741
72,0.0664161036459835,0.4728335151290049,0.03318673654312974,1.636997156282332,94.70876521168277,0.5,-48.78378173986376
73,0.06280007208444308,0.4787454842420935,0.019811364285660785,1.2794385280473632,434.43496279172876,0.5,-13.75902357602023
74,0.09025492875922908,0.37208470810915817,0.022831115494504187,1.7203467439041076,468.89749894924574,0.5,-93.14955341743152
75,0.05925598427071945,0.4737608397855281,0.026162320269928353,1.1046092710276758,381.6568432506521,0.5,-2.4468336920156806
76,0.09870165779178922,0.4139314396824692,0.03383291138009725,1.4641530808961254,136.59018826083857,0.5,-36.03791584831594
77,0.07864362006845241,0.3710962329938388,0.006424177686338984,1.2984887117942923,281.2986090713453,0.5,-31.418726993152397
78,0.06671258254762655,0.38907816185344263,0.02948262532645045,1.6161108061647775,344.0921876485038,0.5,-89.0602446877422
79,0.06984369878817873,0.48680327668318735,0.017093934253045194,1.7558937181447467,24.832958405381106,0.5,-34.77421258897739
80,0.08140950658114861,0.3647829944513771,0.010453317165686798,1.7666333324773795,434.7093050448978,0.5,-103.57926664146275
81,0.0752641718263154,0.45151127719931206,0.006530655078988142,1.8743412481128048,41.79642519748099,0.5,-58.03467730652466
82,0.07208746171818088,0.4589259063538619,0.012787273985152527,1.8421010242089952,249.81087063079772,0.5,-87.22455525343686
83,0.09100910585833812,0.4080626773263742,0.03575613297308282,1.3851195608419369,299.25218013090114,0.5,-38.20134824673386
84,0.06305876353189803,0.41576220152779925,0.02279518437385876,1.137528071157078,62.215887277870024,0.5,0.0018534032747546947
85,0.07301157464317015,0.4165496405337734,0.013443400757476203,1.2427179329286628,152.08742932811123,0.5,-11.450356527853764
86,0.058207292559175054,0.451642178397917,0.03904703694093939,1.1293967033697034,65.4630800396798,0.5,-0.8830730699611673
87,0.06060758049846564,0.36852950878210133,0.00980246484000628,1.8227955085331233,247.6488654728845,0.5,-115.01296013244001
88,0.05202275262682428,0.41998459481879846,0.03439793022306057,1.5147086512332069,232.9549966893069,0.5,-68.11021395389717
89,0.09565659082108416,0.46461005789104237,0.018307055913763803,1.9985711951123444,379.0476501001117,0.5,-86.91145129665169
90,0.08461209087879364,0.42172422212091376,0.03724652794976149,1.7630555758301663,223.82039880954062,0.5,-77.20919843473065
91,0.0913300705950075,0.4954558489716867,0.03613023973971929,1.8597140591440384,225.51637905369165,0.5,-65.46305420800029
92,0.07203831350613439,0.4802362415266363,0.005718237675686054,1.6466848348063359,201.35078665983377,0.5,-50.90179365571552
93,0.0933442781572221,0.3573415817677414,0.014235903555801274,1.4912627849882574,320.31288718057954,0.5,-66.84682590824939
94,0.09254805603000507,0.39245114960299654,0.022867660799254293,1.7393532800996523,134.95002119086155,0.5,-71.03545928312133
95,0.06445240788593182,0.4783184392495271,0.025207440129248367,1.8429208771647836,342.17825852957014,0.5,-92.93071283811457
96,0.08956885561507325,0.3715173659722526,0.007886484832205325,1.5653608027861856,172.5471571803699,0.5,-63.745152486672396
97,0.05345010978879523,0.46634777809522654,0.028627384301687597,1.15722271150467,333.8500818019506,0.5,-0.23596174951771443
98,0.05011122487573401,0.40929911533928703,0.021000912727387213,1.8448427158944847,183.71558295633207,0.5,-108.35127732688443
99,0.09541778511744181,0.39312858432547554,0.022287110267782403,1.1633697235882772,316.0214928101217,0.5,-7.013347792880769
100,0.06866082798417339,0.40853111885421184,0.034427855950343283,1.5061322445654963,422.0855020638065,0.5,-70.61291869826125
101,0.05146242613658039,0.42843920905334754,0.01593135930119277,1.3593522449014552,104.53143453996425,0.5,-28.253918350093954
102,0.09153308844363095,0.41777584172191556,0.037216453552005244,1.1448625619909265,439.58007959521126,0.5,-2.5004403449838426
103,0.09514031829358666,0.3898911973292999,0.03717486524368044,1.1110720399772307,39.48677544761105,0.5,-0.08445315792480201
104,0.09790284540290069,0.4441675727841249,0.011257267479237523,1.4496932902108948,185.68597946085026,0.5,-30.018051270775885
105,0.09210038531932185,0.38724514802807397,0.008415384837355842,1.6064926816784137,72.62613979138723,0.5,-52.70109135161112
106,0.07334629850671898,0.44429995131735,0.03679328976916846,1.6170150404971642,432.7841933011671,0.5,-74.17958758442145
107,0.07931836347145269,0.4379115240435296,0.03487905344560083,1.6396454140257914,163.4381120498988,0.5,-59.85307817530306
108,0.05443588478268058,0.47181330071560346,0.027579773626222076,1.3754061527692338,404.14384504513316,0.5,-36.120991198482244
109,0.07248244070148012,0.3952506215576489,0.012992719978067306,1.5626628353044756,348.4867735467066,0.5,-77.00511413680489
110,0.07280310881343756,0.4964232142815286,0.012767360462004173,1.225931722290438,130.3450094051092,0.5,-0.08831988397575441
111,0.06140975669900235,0.4956974970707039,0.02564192517353922,1.8222462430896411,341.58864816433174,0.5,-89.40787025466275
112,0.0753657305180374,0.48258207209350124,0.020918729525214702,1.5239062738557105,229.68855570668063,0.5,-43.239040761784246
113,0.08760654673950295,0.36509450891100403,0.02224318913841275,1.7931711853834158,345.87813038360406,0.5,-98.26633527741647
114,0.08829217487924718,0.35785395929304126,0.03238961653632284,1.485378207840344,13.538035294327186,0.5,-29.66642156079831
115,0.06975006218326005,0.3658759724875706,0.03891027950459233,1.667054703131703,45.20413401112402,0.5,-65.82325676259575
116,0.06548267112225782,0.36424906074324864,0.02410812587897066,1.5466828778414867,327.6131823438925,0.5,-87.71379936187145
117,0.07723568573083905,0.4626741860073737,0.025660480991210623,1.169149750937062,109.46199588190653,0.5,0.22356508017571808
118,0.06352789300723355,0.350754740323349,0.037061638144040815,1.4205789638890471,28.131735887949347,0.5,-40.37475106536475
119,0.06512114768045014,0.3856261440435247,0.019109458448721067,1.2778222201967364,8.66244566896908,0.5,-6.093203868896171
120,0.05178022563237142,0.48533490632122667,0.010279923555564167,1.7897911746439688,476.65929292977,0.5,-100.8741869506436
121,0.08149101765811394,0.48846214538557653,0.03192668305498961,1.5133218761127836,95.68989582792695,0.5,-26.666050980942213
122,0.09594714841722589,0.43072466562580364,0.01036426778004803,1.9337632738601145,255.5221078060889,0.5,-84.07660554534202
123,0.06268946548300698,0.439423549348391,0.023006545053974554,1.1797535515371254,207.16169172433015,0.5,-2.653410579703767
124,0.058522702961563096,0.37995491655694075,0.025617829481848084,1.8101715564458156,121.58588018260423,0.5,-99.01870778933335
125,0.05171577060941875,0.3967440096574711,0.009548335502428234,1.5971511381764263,224.9105689526745,0.5,-85.26429868551843
126,0.06905227708121736,0.47248936912099593,0.01060206944729937,1.2854641392113098,107.08623169241264,0.5,-5.241415380284941
127,0.09112701226858141,0.47407540454323904,0.019451893219968847,1.6805606718553339,284.38146123264676,0.5,-59.285469381074705
128,0.06816207007980117,0.4792422217011689,0.02834809958146745,1.6749384287281934,347.83236665034593,0.5,-73.11707785988605
129,0.07672244187952726,0.4024217279863013,0.03627938899693023,1.26989894311578,215.6562706352471,0.5,-21.483401404943606
130,0.085632063767418,0.48554796451707094,0.007137853805486313,1.7113813272314609,464.4750833781147,0.5,-64.61683916239122
131,0.060551112487303535,0.40351938085398137,0.02234840924457343,1.490392096613823,76.43281433570512,0.5,-48.69848023287632
132,0.06008845862232999,0.424869340442734,0.026119322679732018,1.1271788680171608,172.2722215671699,0.5,-0.17655659948231128
133,0.09186692248455523,0.43575260229444374,0.021864747995475747,1.5914095326191373,378.0614283063382,0.5,-61.608741796607006
134,0.054764644179225296,0.3582263094090418,0.03602904713194495,1.5364349152385117,222.44102226780853,0.5,-87.81840835608865
135,0.07638119129407675,0.4099241557692798,0.03620513193562043,1.3868281881235849,207.96944009784096,0.5,-38.751054623692646
136,0.09560058767594912,0.43669528323636275,0.013239536837541322,1.137966135883516,27.45738140631216,0.5,-1.19375672178603
137,0.06798105342920907,0.40831846299032476,0.0197811007434228,1.5828452216116338,90.58890146479821,0.5,-58.57885056062508
138,0.05329540422210948,0.4895779707720892,0.024670526618588092,1.2275678743048137,196.88226540353307,0.5,-2.2867113332313713
139,0.08721574464045387,0.48728412833777196,0.03346527955800618,1.8008139171201365,190.90831827035072,0.5,-62.191616565569106
140,0.0961009237012588,0.41198537034259036,0.039152512935282796,1.9274640448192657,430.58361919832987,0.5,-92.91534995085988
141,0.08488834922115884,0.35611207388327326,0.01968538214786023,1.802580056753969,14.197715150528861,0.5,-54.457863306107704
142,0.08500341941821618,0.39745388821245803,0.026561899489587124,1.928047216666526,140.32791458111126,0.5,-87.7416266080609
143,0.06629729754693091,0.48160980909870776,0.018801355505940184,1.5585885289992476,116.7618174427985,0.5,-42.104003941135616
144,0.06486192092249675,0.42548645477184865,0.027370140209244078,1.5342542158101495,331.1157442144455,0.5,-68.79540723379479
145,0.07041705779496336,0.4578807835665611,0.02002044790418877,1.271587370450242,409.5325318541804,0.5,-14.791662145407573
146,0.05971860472347271,0.39209185987786377,0.010425373152690697,1.1579506974465865,195.64821247986984,0.5,-6.631424141090157
147,0.06438979173293623,0.4980635230099272,0.03803948815851685,1.7421235239265418,446.6470508587504,0.5,-82.64494664073843
148,0.09326876467946554,0.49388903219109537,0.008117378515767952,1.7527795964426613,169.74290163883333,0.5,-51.97780397279752
149,0.08008158102068547,0.4010009240762454,0.018407530917269023,1.8609092811651253,412.4236501707954,0.5,-103.2399165617356
150,0.07818197761081525,0.4562083976152741,0.025186257121962815,1.7337679202911889,342.96828894586605,0.5,-78.27279266438661
151,0.09946622093440396,0.4790325857343105,0.032059101633180605,1.469835522753903,88.40425948008891,0.5,-18.227211151577954
152,0.07455975558142601,0.38048989349687895,0.03836328269054606,1.9671377402600012,330.56265989711596,0.5,-114.75865862598272
153,0.09142284230429301,0.45741040949931777,0.030085827623194908,1.9227016452042398,262.49661502071257,0.5,-79.91943700704117
154,0.07240870402136584,0.3961067673651952,0.034045507247222634,1.8722404594604012,168.7912221111553,0.5,-95.4589925226608
155,0.05517313339121885,0.47552714099048465,0.010265527526913844,1.8475479850735606,465.91451234450204,0.5,-106.65720867179323
156,0.09084450339336725,0.3567001645433519,0.03833078356292824,1.167595391493605,110.35076507129524,0.5,-11.64275848990801
157,0.08293124324141626,0.46968107249383173,0.035360157948346,1.3931695569338476,313.80918637314454,0.5,-27.953088807676124
158,0.08782196524088663,0.3767248430287599,0.03665555438774329,1.2807664187987235,59.515601541917235,0.5,-17.809264544368887
159,0.051891913667031254,0.4822677149316902,0.028932544553882392,1.8587240022836178,49.880993334624996,0.5,-62.67628149630142
160,0.0760521174797808,0.3962299961184032,0.03857603624594491,1.2994416905236041,448.9605335075405,0.5,-35.28163396801292
161,0.05019749417954578,0.4494060153309501,0.031983141027419004,1.3809960419858052,390.83988062515965,0.5,-44.1067017351069
162,0.054487299173490905,0.37940345889626864,0.02912300977176493,1.9212648203689253,347.3690935582941,0.5,-129.44759647916445
163,0.09737048472416715,0.37662524706433953,0.022047750873661995,1.2936957888232292,317.98733837656215,0.5,-30.987659917420412
164,0.07270296142264004,0.47265018016381133,0.007993356176034444,1.4755297178324982,153.52809949647337,0.5,-30.358343053574757
165,0.08690463044042296,0.4687214484770412,0.032540104774661835,1.9730630805064449,264.78327108498934,0.5,-83.9915653556612
166,0.06651696105003234,0.48341553754929206,0.027197050240990166,1.2201028001161207,346.72918618027927,0.5,-3.2935812419098545
167,0.05943508518380161,0.4811668007709754,0.029185685617722282,1.2420893042369667,228.58004609716554,0.5,-4.9552718186068025
168,0.08469758886840081,0.4294339499061448,0.021460439949003474,1.4576789625347082,358.0344889026944,0.5,-48.138464600260484
169,0.06470891863235156,0.36275796320260295,0.03357903025169376,1.569332299771829,197.7706087240335,0.5,-83.3133165953869
170,0.0820343913802063,0.42130660730359076,0.00607714702798564,1.4896242241364286,86.76461365896898,0.5,-33.72671532869329
171,0.059402038392961334,0.46037405007455484,0.010836142774064014,1.9027831311462748,354.5323519955977,0.5,-107.34137701898433
172,0.09550228425835032,0.4477890452298141,0.032595187448486065,1.3769825472149997,76.79336220825229,0.5,-14.112798219898599
173,0.056490773059296874,0.3990911365027889,0.030040335122590175,1.2134099324712875,296.78088683441706,0.5,-17.735815647507764
174,0.07845085397697929,0.46759470158545496,0.021379917996666758,1.2404617580870883,405.7626271833649,0.5,-7.2253764523449036
175,0.06674734575760394,0.3585529830374695,0.024966951179191364,1.8877341854455278,245.2676598316829,0.5,-116.90636411939276
176,0.052828127298854964,0.44101097128343336,0.02194198122780043,1.921995333538593,349.27936230581344,0.5,-117.27400240630462
177,0.0979275225467561,0.35501099435178535,0.026761711091214786,1.630699479865063,132.14956743376914,0.5,-68.80948236006526
178,0.06791494669169831,0.3956480637653951,0.028551785044019527,1.8148670996519796,110.56183042408779,0.5,-86.99890010475414
179,0.07217700172832248,0.4524629029966357,0.016199226440978078,1.9704843423674112,108.4022913352807,0.5,-82.93931748811748
180,0.07115119113320045,0.4226832495360465,0.0280922283926627,1.366499084149793,476.20032103353174,0.5,-43.1177286754594
181,0.0731880574901664,0.41985173853236535,0.0119833302206362,1.1992508620036622,484.1855923502431,0.5,-9.47669553800457
182,0.08053750282075839,0.40724976346759656,0.023584746438426292,1.1257671106898415,161.64539930296897,0.5,-0.8334395809682877
183,0.08909192646799119,0.3698637849451248,0.020872607949009307,1.652288569284917,289.6802967580674,0.5,-82.30543486431971
184,0.08632530093722711,0.484473141852961,0.016881516013474335,1.6387791545190098,37.98381905890253,0.5,-26.909503972547665
185,0.09451513263751227,0.42696308476367584,0.0074074690957514466,1.2521574038457435,67.04157009853736,0.5,-4.092799802571389
186,0.07870403958466658,0.4439050271461018,0.00994221781881075,1.671962012268737,415.6494255370484,0.5,-75.71793879721412
187,0.08170043668047228,0.38600230230218735,0.027637411004920877,1.4310266154088982,115.04888655945257,0.5,-43.30392212049483
188,0.07603419588530105,0.43770804232535093,0.03242748804644126,1.7480798333604946,228.95988818428629,0.5,-77.99054243399362
189,0.09428206091670982,0.4043986986032887,0.007953474320076818,1.9844792678856806,436.70519344530567,0.5,-99.75017584525735
190,0.05254111133933786,0.41699166561096646,0.03548302869710744,1.7036197847090246,267.6786580793945,0.5,-96.25360184581741
191,0.07453230601314562,0.49758767294956474,0.009248917204193878,1.6536794662829866,217.46507297031857,0.5,-53.87716738832609
192,0.09952872587556309,0.36301388716073046,0.013626333462398115,1.1097571432238713,33.165705398275335,0.5,-2.181921367674677
193,0.06084128070751302,0.45659379777062237,0.011070307791694623,1.9098802617556252,475.68673373002173,0.5,-112.74146853880292
194,0.08915564619831647,0.414470574424583,0.038834401958992154,1.8851496800966805,419.92303258880116,0.5,-94.39533653415769
195,0.06457980545289876,0.35306432350321276,0.012060965523825207,1.2369826211097383,123.24176832353666,0.5,-27.076579031254536
196,0.08028170344297053,0.4780509805269112,0.03519781708188231,1.5895204370780456,99.72960708603797,0.5,-37.67337601292764
197,0.09906381164528483,0.4966658420143586,0.027766333185205376,1.6795693812325556,250.86434920448357,0.5,-48.400371680264286
198,0.07401989452478366,0.46152565967447456,0.01569825519536088,1.8095501380698331,494.49925039607257,0.5,-93.60976956702575
199,0.09545622777574067,0.38884067269792955,0.03778957656801289,1.4112482804719688,81.10574712423242,0.5,-31.511020873493308
200,0.07629487755029432,0.4737273668999682,0.005029799624995849,1.7778204071958896,363.7536451706998,0.5,-71.37481363051326
201,0.050435533175355,0.35434703774862136,0.006185410132826379,1.6325869993309774,321.1563592875254,0.5,-103.99392056071017
202,0.08381960454364337,0.3911549094937373,0.03820682575900558,1.113533392020782,339.78949320915314,0.5,-2.6120162663103357
203,0.052082604916116375,0.4547923183177808,0.027674896778511003,1.1121420789377414,358.6476030784354,0.5,-0.21356072664341408
204,0.050203971262779375,0.39930909603445064,0.03379361627540455,1.8548303057556952,493.4645905554048,0.5,-128.79783641953918
205,0.05871046656744948,0.3876875895410294,0.006633103691951157,1.6651496924792941,270.5951828183208,0.5,-91.60715049324571
206,0.07532116703507266,0.3873948581165811,0.010528730016025287,1.732664692994501,267.9043988960743,0.5,-92.66830648220314
207,0.08195561545872201,0.4815127356150431,0.03184263836120002,1.2820818044560103,477.7742105225489,0.5,-11.862547596436746
208,0.05037960082646871,0.38277161982059404,0.03264208681589176,1.101509555892019,140.89769985951241,0.5,-1.9524675425333209
209,0.0951064004646638,0.49717692794008145,0.015648456659778445,1.6593600416638146,461.1175756350522,0.5,-57.07653959518159
210,0.07968971270200217,0.35468985791435437,0.026843424126451222,1.811381983635374,10.627803740189222,0.5,-51.969511443994826
211,0.050854913096119246,0.45382580957254903,0.010069929209059095,1.9351277695108873,485.7023388651511,0.5,-123.93262574768747
212,0.07411975549388918,0.38359508990995445,0.025427892280218342,1.3173871916889224,42.99199420341368,0.5,-20.41343290870561
213,0.06386488839728896,0.48801918236966246,0.031552193467891204,1.8967114301616455,368.91142873492834,0.5,-96.91994419630831
214,0.050926145796925074,0.47627898648626377,0.03847865118648007,1.2839211232016456,372.81130568766395,0.5,-16.976846809881845
215,0.05793599312515389,0.4391903501236912,0.009824682652210308,1.5165876618642509,58.654712443965835,0.5,-38.87556226095658
216,0.05684026511591741,0.3500088643348567,0.015505920777795558,1.2558378806988,140.09552909885585,0.5,-34.58050906045062
217,0.07575304492031645,0.474011929086138,0.006027270397894009,1.7538668142076688,79.54469113540745,0.5,-51.328692734070316
218,0.0532387646244703,0.36884357321461275,0.01350068271620726,1.7196845120506286,336.8379971862087,0.5,-115.97147654694034
219,0.09934509429104368,0.45683917694810877,0.011936539212958567,1.9939826452017955,277.8108848131951,0.5,-81.51905251212676
220,0.08299871409318982,0.37453556549826855,0.03171414999068531,1.9566219267204652,215.02107577430328,0.5,-102.61587745434741
221,0.07911087381112274,0.48521179084208177,0.006610989248623912,1.6976089659707618,429.883686671035,0.5,-64.53757528685779
222,0.05250455734617398,0.48266803930050306,0.025818096420126342,1.1470375542758486,370.31991381661527,0.5,0.04171954811116707
223,0.06592449086165258,0.48310239506636543,0.03759094013743439,1.725544403230663,428.7376868956629,0.5,-82.30905566706774
224,0.08603276690330763,0.49508638205872046,0.008354950808044258,1.2587365715131076,69.31713566999235,0.5,-0.002053131222033322
225,0.08790868494587784,0.4087273823177494,0.006675757178293189,1.891485283239076,384.56468542981446,0.5,-94.35971063435993
226,0.06147408835156354,0.49269472780611334,0.0373702839535477,1.3643327543960633,209.5142435869024,0.5,-20.217367710709198
227,0.08584343725703127,0.3584793662642283,0.037884704522620175,1.5191648999353373,46.02967532467638,0.5,-48.0260782303147
228,0.08567357849763671,0.36118597691506377,0.03729609584141358,1.406861213759109,115.84341746304807,0.5,-45.92256976207143
229,0.0792630658774524,0.4497395479725176,0.03692518720662179,1.6401895619665288,490.117185945421,0.5,-74.07584400502462
230,0.0802216795707847,0.42737333394878846,0.015564998674860319,1.3968354434481633,47.89240129534976,0.5,-19.335221436418998
231,0.05862941752265739,0.4356444304459608,0.018863922355874824,1.8058067505394286,264.02185697447834,0.5,-99.16255505766338
232,0.07342485122337142,0.4025217794945345,0.03471379642871987,1.101993485948076,125.76734685436664,0.5,-0.09367851124521365
233,0.06113021673805098,0.4074758892397389,0.013378937841010831,1.623951099790205,198.59465343246103,0.5,-79.94166025948965
234,0.09474442476745261,0.4934351285862234,0.012447734576651687,1.102756386287969,228.16816908506212,0.5,-9.770372510107045
235,0.08082462265568588,0.3631720762377754,0.03080828363710777,1.442779888952287,398.61243363878475,0.5,-67.45641819875875
236,0.08890494223475232,0.47079082422747437,0.014936697930019996,1.3521683804835776,28.56293791371315,0.5,-3.4350055907821053
237,0.06966840282898873,0.4105589115897558,0.017038958965034268,1.8373859372033476,435.47109169213735,0.5,-108.15670940676527
238,0.08617837190019043,0.4803560179369117,0.006106165308333458,1.349100922971128,12.994776698499916,0.5,-0.09658419392663364
239,0.09921196637411263,0.4416601735057957,0.023702935609477272,1.2059059560054943,328.3479768545719,0.5,-4.216389495555488
240,0.08405602746574174,0.3562251870132487,0.034628830642472186,1.3278357578041928,181.1682130768473,0.5,-41.28211884904375
241,0.05985815290567461,0.42053386504142465,0.02871678300363475,1.581522459622602,60.32281792708603,0.5,-51.29736628340232
242,0.06410091826350664,0.49847745126580156,0.023288225319946523,1.4461056051991956,159.08456400742529,0.5,-27.95506481802662
243,0.055878726426392716,0.38137221744320443,0.011157176595803297,1.2011705938357762,20.931838562613223,0.5,-5.3941170391739535
244,0.0737264778923583,0.39738631889648746,0.03498658466510937,1.2473044089347196,296.14463223630776,0.5,-21.812663264676612
245,0.05955084050104928,0.43196117463265,0.023062880241212447,1.4395581103336665,414.96217528428474,0.5,-57.23005630342606
246,0.07889859927017163,0.40584271723021964,0.006297021677705936,1.747917239092834,29.653200243041738,0.5,-52.27545925872662
247,0.06853476216758561,0.4533653680769272,0.024826294114856304,1.825429726107512,16.481008722919682,0.5,-39.08598571994006
248,0.05267844222547324,0.44820344165298026,0.03983359486829144,1.2305370097069557,163.24074816286728,0.5,-7.198406040503544
249,0.08449358768713555,0.4819633205740062,0.008895760917476214,1.9625229154654749,20.45446906532928,0.5,-41.053375711765376
250,0.07010383036951343,0.3902519573725679,0.03489339068417834,1.371755846081638,386.44843230852933,0.5,-51.37932479588741
251,0.09170351532404394,0.4799843627608149,0.0214642116859819,1.1536771707301312,496.9073672523429,0.5,-0.065249048332096
252,0.0894780721538039,0.41257769513973946,0.01030397562492912,1.7333265283344497,226.98759144217837,0.5,-75.20478371800091
253,0.07194130008725251,0.42993540129409097,0.015045417962416818,1.14071302931659,5.59200214016313,0.5,-920.8991125910024
254,0.06311333305638676,0.3948390938749768,0.035966564286036944,1.276446718266428,299.6093667485753,0.5,-30.574924019996562
255,0.08060409979837388,0.43326606689201685,0.02270418672792571,1.3557051921947134,388.9689899195115,0.5,-32.88063957654539
256,0.06369539869860878,0.41731762951680323,0.009599641039185402,1.7094587374771402,17.742272370152158,0.5,-44.78852583689817
257,0.06046038554041632,0.3506933203898779,0.01093155815997297,1.229528172460241,389.74768818987786,0.5,-34.79414117604065
258,0.08685400630581258,0.4482877056693861,0.007334967415442487,1.9595252388801496,84.2667861236295,0.5,-70.46789059482285
259,0.09302146177702347,0.44307686750582503,0.026329775647249674,1.253697945317255,181.91019319020438,0.5,-7.272997735076158
260,0.0613248791213425,0.35022513418909046,0.03687848991264614,1.4340500087375911,329.040628731064,0.5,-77.1035898975729
261,0.08216091296134947,0.35242302172506046,0.016695526280345586,1.3905194145646282,107.61573776042935,0.5,-47.28744504822957
262,0.06117384282094444,0.4279114169246767,0.02039768788580828,1.9355677843838506,97.7040491918738,0.5,-90.83756957528048
263,0.07083883248970502,0.424381872798992,0.017265632310132253,1.2969705875010118,381.12576046226576,0.5,-26.053259835057318
264,0.058830757466652006,0.4601618978807663,0.03853895655850674,1.1334576262873612,112.8448469767386,0.5,-0.4764238495244808
265,0.057769507289762934,0.4945396756250192,0.020464313852322544,1.8265294859231538,424.1895798737745,0.5,-97.23303561881002
266,0.05467843380558689,0.3850240683026818,0.014702566349483463,1.405318907718427,435.7282004475739,0.5,-66.00702509386355
267,0.07744305065490208,0.4448569383005509,0.027107596163992553,1.3168731384283745,479.17934639766514,0.5,-26.131178997284835
268,0.08960868619040399,0.43322057596037006,0.021279356655112838,1.961272842751773,199.95606695441987,0.5,-84.86923934040705
269,0.09391547218386503,0.4845752854768132,0.01338669138035284,1.7305784785095173,32.43084635119789,0.5,-29.447396408232446
270,0.05977500660776417,0.43926359723435726,0.02419805876213912,1.8212625710178756,453.06572370573366,0.5,-107.9540214619567
271,0.09490798343428611,0.38264741112792494,0.01750840026986229,1.1081893677184933,463.63803783977875,0.5,-3.3775987650013652
272,0.09798173836307442,0.4196867466095806,0.015841716119438208,1.4883221527690675,373.5871581126219,0.5,-49.402426622848694
273,0.09088966286090758,0.45415022504533703,0.03824185262146107,1.8039714186480136,139.5804288233402,0.5,-62.03481751005418
274,0.0510172421577186,0.4078178445025863,0.009005951745814233,1.972547076501685,449.67884386426795,0.5,-135.01044064086702
275,0.0618554056095584,0.35255507521613005,0.031478650635344135,1.654871894870167,226.4215585035996,0.5,-100.31843069778894
276,0.0533933764430777,0.45234903082244393,0.01779850941332152,1.30233448230703,338.0701103667175,0.5,-23.24582298331557
277,0.08550211274975653,0.43964074015829196,0.007109870320982984,1.9315697730547223,466.4829120062719,0.5,-95.78862221505281
278,0.07157188506033346,0.43592479920030575,0.020670002370114546,1.2929766586214342,430.73095600772075,0.5,-23.775439092112528
279,0.05485655778114117,0.4770860659753512,0.015888773914700123,1.610462067511067,356.81532297880926,0.5,-73.61323253382254
280,0.057977087945737873,0.39338763728239134,0.03218678260819087,1.5023748140371223,382.24383554315546,0.5,-78.74144115036839
281,0.07822485417343711,0.4146891409404011,0.010190120678525236,1.9535573425698742,19.376169108188858,0.5,-56.9019385433305
282,0.055067035628795294,0.48177170668918207,0.017624441823842863,1.798954303322267,12.044561818176692,0.5,-32.5713622188281
283,0.05472776544506653,0.3840154366285012,0.02874759544588359,1.2958289673391508,105.24292689687381,0.5,-29.22669734596993
284,0.05872184696267994,0.4712937605437066,0.02104137704048438,1.3305731209610316,192.83530931181122,0.5,-18.395095069372328
285,0.05890472198445003,0.45877352734745913,0.02965568710859438,1.9960014991103385,177.2485656102747,0.5,-100.39027823306147
286,0.05544324300716287,0.3763923123630056,0.024616427371039522,1.8273810590783945,151.8601397420894,0.5,-107.78188417467932
287,0.06694537555012542,0.4204585590604326,0.03953221298930286,1.5290804098344586,65.24095230846771,0.5,-43.09609031772838
288,0.07260463799709088,0.41493824436610965,0.021139646526475438,1.1812725286428618,310.0502551679257,0.5,-7.084590599322269
289,0.06377649225641957,0.4472765509639626,0.011384315781718952,1.171369725078517,487.69444861656285,0.5,-2.3920790354233947
290,0.060700461115978446,0.44121586531943935,0.032455545862577484,1.2250180737903995,202.1625590587604,0.5,-7.904689207016865
291,0.09773758507035943,0.42592395696048857,0.021892373302434244,1.2464371147242561,258.96634633394245,0.5,-10.536245461695524
292,0.07347522524917582,0.3664686636368646,0.028286716800386684,1.5087496058646535,305.06052131036574,0.5,-76.1755876829952
293,0.08033727763683175,0.3910667493341953,0.0188765286200712,1.1859025141422006,256.55749208034143,0.5,-10.884247530250846
294,0.05595094665509222,0.3592240093742039,0.03299280738822952,1.5941009144998335,197.31252051103763,0.5,-92.60312876976472
295,0.07292183049144696,0.400371940118735,0.016481266390187627,1.5925543105493516,485.5869159928413,0.5,-84.6309492696801
296,0.0967498526086172,0.3864945894079158,0.02346347002721906,1.4231465569181443,122.52225302428248,0.5,-38.01560434070248
297,0.07087964304253679,0.35291581811497846,0.011867421962374454,1.130593742582835,118.23590064877476,0.5,-9.340063119120037
298,0.09529124937304659,0.3780275312027137,0.03940604466037312,1.8505594288946479,221.3094041189168,0.5,-87.04094663761175
299,0.057879446350835057,0.43132093127771653,0.02724079150331626,1.7051177165145706,338.34738078774745,0.5,-93.95672996628842
300,0.07282426705972206,0.4325601260705588,0.006734374842474763,1.1440011966595116,456.4425712168318,0.5,-0.5183046515293266
301,0.09403736290128349,0.37187058127993844,0.018595258895429442,1.9917648539813255,387.8709919726347,0.5,-105.43815320114183
302,0.07417070586723266,0.4127909551337299,0.0063726990568167925,1.3271356714771707,63.07784178013907,0.5,-15.239865077751713
303,0.06924467197207115,0.3906468771259418,0.023269824000009005,1.5710809754886927,469.427355956551,0.5,-86.31647442927381
304,0.08817741176901508,0.48863818317391183,0.029598529157565907,1.272327608879222,324.9629827909745,0.5,-6.359966293231961
305,0.07490437835556231,0.47985107502410385,0.03696209176349624,1.1558577720132994,287.07847754865566,0.5,0.12906649400438353
306,0.06346699140153395,0.434798913196967,0.038615750704953,1.5202767394721293,298.8344642079239,0.5,-62.97915204682519
307,0.0694738598466703,0.3606339777774386,0.020036830324509463,1.8354971194375787,219.849389043897,0.5,-109.2281933471617
308,0.051164576748215354,0.4883367801672297,0.025934331548473608,1.7001940447348498,276.09337967849416,0.5,-80.52573274380158
309,0.08788052086427423,0.4102562771382888,0.03479153242489055,1.4128900646083722,239.20360978762366,0.5,-40.364341851549796
310,0.06329747791289583,0.3843345218215025,0.03783243038190018,1.4816950999668,393.60237388691667,0.5,-75.45147635591626
311,0.059182226666019376,0.4280635756227331,0.012141268055905683,1.8684121707532544,276.3606595163205,0.5,-107.55676563797137
312,0.06912659057273224,0.36493581438774153,0.031241360214886188,1.4670828317165592,320.75313616960653,0.5,-73.471722316841
313,0.08711486234783432,0.491547146374668,0.02291568743748666,1.8177236209926217,362.6424107912703,0.5,-74.00235729780094
314,0.06727832519724919,0.4976830740229068,0.026201618375831414,1.9870563135616937,128.11695707010105,0.5,-79.4702793939612
315,0.052162213739628614,0.4813515400495629,0.01796628982566515,1.3322828436588474,259.5194384708239,0.5,-20.343524221093126
316,0.09238918224133455,0.4318871944156351,0.01002439825948426,1.2887156615396569,67.91243408341592,0.5,-7.120028994727154
317,0.09276301549602843,0.4764575123531304,0.028838293097436126,1.3571606902086373,54.958956050661705,0.5,-6.056124872763756
318,0.08973376984212834,0.4191777912991099,0.0330529327594289,1.625316261684961,402.18629266589136,0.5,-70.69638981450373
319,0.07501973429384495,0.4413712908536087,0.03015806450361191,1.6260760141125314,5.318699642369341,0.5,-15.881362507481253
320,0.09622331101285272,0.4644169457161433,0.012278293956254786,1.8536889109179528,460.33497871615094,0.5,-80.15480572893915
321,0.08515032164662698,0.3812706628485538,0.025543360174240547,1.266466272418464,109.29421223896225,0.5,-19.707062564663996
322,0.05643238230619945,0.3570249823801072,0.014216586914928287,1.9927194216848723,293.8035092233153,0.5,-136.59891487295147
323,0.09163124181392643,0.42761317995348397,0.029687179450336082,1.8840962395589822,167.24871271428472,0.5,-76.36618624766233
324,0.06601202104972137,0.36827179951138983,0.03140182305397135,1.1269335717949889,30.090237349406557,0.5,-2.594055077144293
325,0.058160338501963685,0.37871982972220997,0.01954514327169823,1.4985323673345847,301.54719119104675,0.5,-79.10585957025118
326,0.06574103235320365,0.48244510640983984,0.02878582126583168,1.305217562684904,302.8701556248419,0.5,-14.85437844559816
327,0.06198084560846386,0.42632427577250787,0.019415119568593923,1.9145787321800385,316.70617543102577,0.5,-111.26069967022053
328,0.0906286095133643,0.44027258603637665,0.03461129148262053,1.3358822877248848,311.0762509987189,0.5,-23.31929996758118
329,0.09598891772198273,0.4894223774593466,0.009992667240864578,1.5962002954028074,440.9826322357345,0.5,-47.86496473359916
330,0.09175066952554445,0.38708601430218714,0.038254871370490245,1.713298856894737,115.90251512843555,0.5,-67.65334996350047
331,0.07568110915270612,0.3701829296971757,0.019220410332822947,1.1131696393119652,137.6180885815684,0.5,-4.161707789133205
332,0.08494405450243508,0.42392602494432396,0.028026163706495362,1.729117041979904,300.55690166018513,0.5,-78.61071846871388
333,0.08742779564451476,0.4055882919120373,0.00626127338224265,1.3045986285118127,413.28972914262727,0.5,-22.826427420827834
334,0.0783309658685037,0.4387090868487127,0.02643341903748205,1.5880157765264342,138.4846058837357,0.5,-52.62872623277446
335,0.07357618373048284,0.3600449293331767,0.036525678384099564,1.9679774630747167,336.5127649042043,0.5,-120.46974464566338
336,0.06551232854274758,0.4959728410798104,0.01795397495384319,1.1668748627751322,370.9686837897487,0.5,-0.05086065336646728
337,0.078738447089637,0.45645263358962096,0.01772049410594031,1.1760711729383504,71.4216241965565,0.5,0.18317473506982918
338,0.08093536551508529,0.41294423170500505,0.020586822039083942,1.1826427487071456,269.91813519664436,0.5,-6.419083343114566
339,0.06618178210423503,0.40231990779874327,0.014407454070966236,1.311933261050204,34.848314251024824,0.5,-14.699735574695957
340,0.09468146588005355,0.45517014684496687,0.030405103007958158,1.166381124153631,251.72748601324852,0.5,-0.08929652831332091
341,0.09045389686254587,0.4201186270604507,0.008286059161732667,1.6478849074970392,254.98206912249182,0.5,-64.45890225829598
342,0.06135977628393315,0.4642357496419954,0.03448731714849752,1.5876499555697592,128.42025847098014,0.5,-52.327629246384376
343,0.0931384221536225,0.35043685682450476,0.024504186648709878,1.1958995223696829,467.01933560230566,0.5,-25.11549825247673
344,0.0836839356054954,0.37830808623262435,0.023922519284977205,1.6681785293119478,263.33023186779985,0.5,-83.29105018733729
345,0.0940914518197918,0.4381244072227574,0.011316092738358777,1.3415271408308325,455.59923076809605,0.5,-24.28459935883454
346,0.08984172605350643,0.41428227009923124,0.01893409479218304,1.6067200299450766,274.94981576533917,0.5,-65.25462005242534
347,0.07376745398714317,0.46647434888694705,0.024793149014062824,1.4841382639436982,311.47615264285554,0.5,-45.97529714883928
348,0.06429735250451744,0.3904047476102271,0.018491372187679794,1.6088669232368211,78.26062970324693,0.5,-66.11508408160002
349,0.066593236173856,0.37358792027996707,0.028443962577995835,1.7710331928069123,318.81196511107464,0.5,-107.97893661153263
350,0.062403735800513616,0.42579679153678823,0.02990937341300353,1.62110163465604,215.94207803583066,0.5,-74.68779800973313
351,0.06335736696104302,0.42450961323561126,0.015298644767100807,1.5536048871432482,189.99654253551682,0.5,-64.13920095371743
352,0.06859200994496223,0.4876998690333736,0.03323875262699745,1.3679430137748885,96.8086740682386,0.5,-12.96461378100779
353,0.06955633219426356,0.459298164710922,0.0163794673240828,1.6533452164753957,323.7653679679927,0.5,-73.57131103740188
354,0.07361664908669309,0.3937643811494943,0.03314723257224151,1.5414760751647252,273.5328491175562,0.5,-70.73621910020086
355,0.08526248996055402,0.36408588012588966,0.036224687867088864,1.3829043014552438,429.70614200887474,0.5,-56.5323001815281
356,0.06690130802063729,0.3932739586672862,0.039481083151695434,1.5687136348514767,426.65933907126384,0.5,-84.58556335808672
357,0.06075683149511228,0.489945514958661,0.011590981365482433,1.3450271639321254,278.41870868056503,0.5,-17.616648527939084
358,0.053595138359127714,0.38287314677352013,0.021215890848537085,1.8695823798640285,387.0824020985034,0.5,-127.92676674644747
359,0.08069836558998869,0.4337362673491675,0.035411009285030215,1.3391182908223036,361.09616692821004,0.5,-29.351105151839693
360,0.0582394163906318,0.4711294952461569,0.029890276927021182,1.9688136647142032,204.69483555598646,0.5,-98.93678726533008
361,0.08428197317692945,0.3795924281451454,0.02071327822209272,1.2123356988996896,119.87874337035535,0.5,-13.146016359061935
362,0.0717125444484795,0.4618439701803623,0.024944420810351458,1.399222464583158,372.21241547534737,0.5,-36.074023055411104
363,0.0754341987788323,0.4571542554202087,0.02640280245613719,1.8929001311908467,427.04064270939455,0.5,-97.17711420380442
364,0.08307431550417863,0.4104016224823201,0.03392443395286441,1.2848870770469447,114.33717788910435,0.5,-15.869566345244841
365,0.09497961047331915,0.41352304546830804,0.03669622183168608,1.1451053742108503,35.23669022130985,0.5,0.2370174209774032
366,0.0549942290350745,0.38081660678716694,0.023608611130452786,1.7565660820946771,221.97134913928025,0.5,-107.45410185293372
367,0.0758534987028583,0.36967604994885334,0.027934343612853716,1.2636511716113927,370.30165195537705,0.5,-34.34059014617824
368,0.06558279893745918,0.45589087643374065,0.030739187880436905,1.1840752365789833,202.5490550514418,0.5,-1.2553639142780546
369,0.09115597855793496,0.4937411261132809,0.03266150287843222,1.9631687624956786,253.21989300726997,0.5,-75.06924045545615
370,0.07410090991692087,0.4789416786372006,0.013794552026815397,1.390988800411605,499.53229194917253,0.5,-30.925514761411662
371,0.07664680176433827,0.38581749202149984,0.008161943009513582,1.4188163154129698,7.116881785472492,0.5,-14.132981174192897
372,0.07860206767569441,0.36624883082061205,0.02837800255155789,1.8333362703524259,411.3057586732911,0.5,-109.53586971024833
373,0.06086510448110885,0.36780350149290303,0.019825966212411856,1.9495667042094176,233.70426818189978,0.5,-123.02077335638862
374,0.0779598768664428,0.4406734464754571,0.03415245130653594,1.4215243445150225,343.84449887665653,0.5,-41.868673085305446
375,0.057741293761915315,0.4455089168626092,0.005065240481539584,1.9889426068022924,40.099797382042,0.5,-75.03812387518782
376,0.07850798890432906,0.4909347093229355,0.03312620431361318,1.1312628129618074,394.8001608178292,0.5,-1.7111474903651227
377,0.07756618326936213,0.44951069207495425,0.023897074055663364,1.387897448875517,240.8259715886779,0.5,-30.335851174447086
378,0.0739756404293449,0.38162767994164226,0.03999381468747189,1.7926771859592892,461.5435971392536,0.5,-107.46134868350114
379,0.058021576511896836,0.4969063653678429,0.02299934156675297,1.3133661794585056,188.25010267301698,0.5,-11.060753503838177
380,0.061820775851971016,0.46683532082970414,0.019007112352286915,1.710536325096443,367.4140903752128,0.5,-85.58971398473994
381,0.09341649896381851,0.4681355806536873,0.013733073362142632,1.222478037224873,160.10222922805605,0.5,-1.074218638186771
382,0.09484298291742907,0.4427271452844803,0.023529021039112547,1.8859801412243575,329.49955982273985,0.5,-82.08365812771012
383,0.05725482925215862,0.44742501904377513,0.006940160779600999,1.9379010513317816,174.0324971130756,0.5,-100.3173435270367
384,0.07824536989421789,0.44568815328010375,0.012238380011011771,1.5328414528642962,6.33212897962484,0.5,-9.46256986428163
385,0.08812467606951689,0.40735003507725204,0.020632443515585262,1.896242540891009,283.0295794531852,0.5,-92.64959589931017
386,0.08291155771114087,0.40629685529795595,0.028180070909833863,1.782445003251863,241.532867386348,0.5,-85.18239783919533
387,0.056685473248559694,0.42072455748413573,0.036620918001556424,1.1596767175576919,124.7517504092596,0.5,-1.824334073805665
388,0.06996779648442747,0.351388674166902,0.009768853817110883,1.474225380120833,411.965138668454,0.5,-78.53469051624052
389,0.08930647456809954,0.43852734133762483,0.012093246572409747,1.5259147395645232,216.88797899307045,0.5,-46.21923815804411
390,0.0671178642346579,0.3713424035258721,0.03994657334591828,1.3651073197949006,448.0174083646731,0.5,-58.932841590860086
391,0.06899818348943723,0.4449761063718616,0.011429534248883185,1.9576978188353804,126.26655101441575,0.5,-89.4810842726861
392,0.0903776712450026,0.4924748550151805,0.017376712630527112,1.3477356353467658,441.4055153970815,0.5,-16.80706870091113
393,0.08698952997379177,0.39986130076637405,0.031351444217548874,1.8818144591000796,405.4338742938442,0.5,-98.6076782664885
394,0.058781667379381036,0.3728777758293317,0.033628900815697825,1.9199353011780116,101.34594431207225,0.5,-105.3258725988548
395,0.08039504169875616,0.47584062266680593,0.01486850110884168,1.8804133507680059,84.73384851022386,0.5,-62.565471047992226
396,0.07802360441314582,0.4490612983468043,0.013923084528595168,1.5438692616622456,376.4789138357838,0.5,-58.648424497799255
397,0.09941832240934959,0.4856442715061069,0.03477357904479138,1.4585009408228,138.0840078386068,0.5,-20.268721912944773
398,0.08938346159233604,0.39459992100233127,0.005263872090550505,1.6652386521564653,463.0307682541411,0.5,-74.24621254376765
399,0.08322621098745264,0.4693959582523226,0.014635750726018545,1.6871014431028202,151.00228829697787,0.5,-55.7096029876976
400,0.06303890259435882,0.41228637300396265,0.022731643933958046,1.183545915271734,474.89641122928725,0.5,-10.758536616205307
401,0.08860593380896478,0.3926939397206113,0.019490178263150873,1.4073635986034045,392.09589449785295,0.5,-49.52414868970455
402,0.059940104698961466,0.40565065082861096,0.006165942061451375,1.8652410470692424,147.41846134141375,0.5,-98.36558128023808
403,0.05376882301660481,0.40294110325494886,0.015952610143134767,1.1930128182825004,283.5645277141545,0.5,-12.433344073203191
404,0.06507947325618678,0.40701953351982795,0.034187491127020034,1.1161626332283385,53.85991194831486,0.5,0.15261233038411604
405,0.09518142698507795,0.35318379550645446,0.014595152054210869,1.2022132048286471,102.97327695308027,0.5,-16.481098967739115
406,0.06700064263708445,0.4266862639321858,0.006805922110423966,1.2442599775913994,66.35527584271337,0.5,-5.0238068321896545
407,0.07772111996808728,0.4505692018104978,0.029542155866853912,1.6785858399762486,319.48013411828197,0.5,-72.77328957583833
408,0.0790498026543417,0.3964807852188163,0.02583731747429568,1.262556398742347,92.7512831754264,0.5,-15.15703896305762
409,0.08242435805452658,0.3716021503763279,0.03157150385587969,1.389059517339696,411.78054337712126,0.5,-56.01564937416634
410,0.0810169759961931,0.44465739360059786,0.008316124004155314,1.5046214255158097,459.80646526396384,0.5,-50.26439360260648
411,0.08132115126361601,0.39770837081994453,0.007708365217806682,1.9613113080153721,401.49619066521325,0.5,-108.49634093438023
412,0.09271689213526657,0.4961840578481279,0.03128035017903983,1.6051789486533807,341.8345035721603,0.5,-48.11094814852802
413,0.06288921077109648,0.3587090380809071,0.01760148648488712,1.567972102935957,350.11822571208734,0.5,-94.84409336924884
414,0.08806355233077817,0.4836882100842389,0.010145610131028337,1.941214246034038,171.50574807395807,0.5,-73.28961418379872
415,0.05415806971482292,0.4849167568366467,0.03000617799820571,1.494395568524764,242.98874930267584,0.5,-47.917489661698696
416,0.08555721220858206,0.41382828210905276,0.02530835519314065,1.3746797426595194,193.8758832423795,0.5,-32.36973101877674
417,0.08738758447303133,0.4338624907502513,0.018958883628395574,1.3338812335517662,416.59873357318247,0.5,-27.317391477076452
418,0.06355756793879624,0.43450385549028697,0.031295129737530604,1.4150002232213377,179.53448987454354,0.5,-39.38932836932716
419,0.08888486599958231,0.42685898918585996,0.00903222881514464,1.8659855618743024,481.2456120307128,0.5,-93.13873703919602
420,0.05903433827369048,0.3546485621136518,0.02489380502972279,1.460652878635504,309.2264984645102,0.5,-80.65099979136072
421,0.07857597926144953,0.3953511284016222,0.009675090612674485,1.6134935798487549,187.6317871700934,0.5,-70.51001540297291
422,0.05708754690730727,0.49737976055319993,0.035775061306547756,1.5535197127816445,133.53347102644932,0.5,-42.806632593135646
423,0.05368176961278141,0.4661047664393636,0.022430583685114646,1.2487147772447915,446.52285833928664,0.5,-12.539459836288753
424,0.09393534384115297,0.373776922243116,0.01661881892688502,1.6992387187256286,91.47135842549473,0.5,-66.98478870232583
425,0.06264366321733356,0.3693607109316887,0.009899125714341983,1.9929622174979795,168.89180258816677,0.5,-119.77069714278853
426,0.09284271051985181,0.3665258141184985,0.035815380889503534,1.4037825756207294,124.11674528657403,0.5,-42.31506617845007
427,0.05285773675440987,0.3892982618353759,0.01074608048683302,1.7771074797313737,31.17771297862938,0.5,-73.18982716440605
428,0.07623142392371984,0.4415535624151571,0.009971496905594547,1.4159916144751106,385.7847904115644,0.5,-38.63777601647343
429,0.08609610376084051,0.3832116960283109,0.0165298107188357,1.7460350864168703,482.0403874870324,0.5,-96.18677715281626
430,0.07324399016781029,0.43782143786133915,0.008861378416615448,1.1352490359578986,142.35955348084235,0.5,-0.041596056618278476
431,0.06626795439021094,0.4573726548408419,0.026102310959577216,1.5486440448542682,381.7096077061647,0.5,-64.3698547188448
432,0.09359740405876166,0.3970979978532162,0.028066113119098575,1.7043366156607616,57.84049095223268,0.5,-53.614606912756955
433,0.09204740530675912,0.42615774502706294,0.020260219145396982,1.8927774884701385,397.870180002003,0.5,-90.70797444518759
434,0.07482931786427419,0.49460474986957115,0.02240046631583195,1.4252361890101466,130.06172740110563,0.5,-20.5220914606552
435,0.06316946618331962,0.49250314180290977,0.0250709162185891,1.9372271100807725,132.75746380539022,0.5,-80.43044273107039
436,0.06125777731479271,0.4540318401020395,0.036050541710654624,1.2436814386666373,396.5249172170325,0.5,-12.552391532087956
437,0.06025561540540045,0.45857952417992676,0.01409978569725516,1.578869501825893,37.491295693903055,0.5,-35.17495504585866
438,0.05395127510813126,0.43111588366380094,0.017234541148102148,1.4269785197725038,19.945353403835014,0.5,-18.379827507940195
439,0.0793764131319192,0.4110765887430142,0.037758629898584056,1.1414780482975178,82.2444954993307,0.5,-0.38491824191858814
440,0.0781099896333484,0.3517431291200115,0.01644436705388231,1.1730979305629738,396.847820419667,0.5,-21.17466701278483
441,0.0680953559174364,0.3917956550267537,0.0062224579992617175,1.2451032389688497,165.00060446444192,0.5,-15.621770842468258
442,0.09664713155563992,0.3541909844537134,0.032551600796632336,1.583416925287218,444.7621448665626,0.5,-80.17909381776118
443,0.06613310592543867,0.3624980329615499,0.012431929555466435,1.5374916593439376,244.11482685671922,0.5,-81.7654620913461
444,0.06683572109095522,0.46699820692615734,0.03232220935587039,1.849162165639916,211.81757742286513,0.5,-84.73763371893871
445,0.07987756014105568,0.36565925660910437,0.019507645283496966,1.977468465302209,368.682611162696,0.5,-116.67410215123189
446,0.06372504532444197,0.4095968322435174,0.010124728953026645,1.7791531547601287,46.424859365377536,0.5,-69.34384726342398
447,0.053509050978417405,0.49115939869794567,0.0381227201632504,1.4522057628295748,58.07934418805308,0.5,-20.946982613888444
448,0.08715981385003,0.3635709631155721,0.013546288871823499,1.5606068314422008,49.4685434053356,0.5,-52.572735361731716
449,0.05573720519408755,0.4650973179504267,0.018692226760603305,1.52542958938695,414.63129586760306,0.5,-65.26586804915071
450,0.07214964256424734,0.47950194418430425,0.014984553342817408,1.9072651199776933,122.09122735975089,0.5,-75.16627274937271
451,0.08349365460187819,0.48283692777423337,0.03923319599360375,1.231771681379096,12.848809034858299,0.5,-2.3664473819276606
452,0.07443186346897906,0.4224425710788726,0.005777385577869806,1.3367934084951645,51.550891728446594,0.5,-12.392878022762831
453,0.07956889778529774,0.36367671300021437,0.020414340415488223,1.4088333611384294,245.77292449013686,0.5,-56.85066301517134
454,0.08476955541540067,0.3672033318386046,0.037137043991107135,1.8018303420113368,490.6660244872775,0.5,-104.45537677004974
455,0.05831091518869214,0.4503279986924192,0.035218375361201794,1.2577986997896984,186.4960625064147,0.5,-10.956132252113342
456,0.08541568451694298,0.46917243092211813,0.033764926950143354,1.9303569622120633,105.99038906071928,0.5,-66.3515674290665
457,0.05807779132018075,0.45495726825173455,0.008617659719506555,1.6587956116385296,265.31393114081243,0.5,-75.6891400894547
458,0.0612108399460371,0.40604653693595194,0.021099743917780658,1.3958115114816088,450.589375096119,0.5,-56.467050381255795
459,0.05631054319711434,0.46535301362938164,0.03163232810524506,1.9435676405540423,445.7785069041629,0.5,-114.80867006531473
460,0.08343230933866046,0.4647955949875644,0.020209775822435258,1.9645588711654471,496.39768776756165,0.5,-97.72932482393952
461,0.07684654031180843,0.40145325941041027,0.020356117342273723,1.8348566303309504,304.26675161531506,0.5,-98.7897107476105
462,0.06754829737880018,0.4636118654861782,0.025510538121782264,1.8397217798942709,114.43346004717277,0.5,-73.43304090745457
463,0.08869263604240102,0.3847066681232596,0.026519079358833887,1.5757092605475764,30.25717101351654,0.5,-39.50617660684821
464,0.06941661772653679,0.47593645883753,0.020192963154508303,1.9448578247497021,178.89565095869372,0.5,-86.78084988806279
465,0.07393594103122483,0.4186154816461942,0.014455689798912666,1.5615120564796001,406.11830556231695,0.5,-72.15128215663763
466,0.05509222269709925,0.40006118429300913,0.012747429553389363,1.7346422943093445,450.05477509075905,0.5,-112.43244205533121
467,0.05082406039038847,0.40508380880489353,0.036432756866666305,1.9120771774785648,119.56211838248569,0.5,-104.74203557297525
468,0.08588584672521793,0.48404490325939586,0.03369820558142263,1.340925549760642,476.94185656612166,0.5,-20.038982009543037
469,0.06224174519618342,0.41612434885157784,0.0094665889718742,1.5118691560541109,268.79285055838375,0.5,-63.02733200582044
470,0.08339523003173238,0.4526563542828871,0.010396616868661421,1.5155211005953027,473.7558694280663,0.5,-51.72433627047199
471,0.05408338196753287,0.43351403166903846,0.014654007603677573,1.2266878788729663,487.1072658570109,0.5,-14.431775159772986
472,0.09002335856488786,0.4632968543484156,0.03792406419270483,1.9761605542527678,294.6572367096788,0.5,-84.67263087168503
473,0.08766685735986388,0.49334932602794157,0.03328021685201232,1.2158174794519092,393.04918528184936,0.5,-1.2606234720749336
474,0.0674286306358679,0.37081566656167625,0.006885696365104389,1.2924745564762035,64.66262123426141,0.5,-23.36565627847045
475,0.053988083583150805,0.46051366119375303,0.021698166385292032,1.1205705709413305,492.3693965043191,0.5,-0.07441484525755415
476,0.055602582321434654,0.42874300303893254,0.014331862854327956,1.3300260466313887,51.20826319348961,0.5,-15.794713217791646
477,0.056108563800387215,0.4672320338200786,0.03745077614601587,1.229916354692428,249.4033979737865,0.5,-6.092299358481548
478,0.08842210064243247,0.4090983288462101,0.008781837101208377,1.5731465334332972,332.5969553198119,0.5,-62.97639882403025
479,0.07785622700317982,0.4891235375155506,0.03222523955915946,1.9249803227335773,193.58113517864624,0.5,-77.27071670623427
480,0.06420579440210981,0.37911991079465474,0.029449918455542404,1.6633610526343785,220.76460850306842,0.5,-91.63618475692823
481,0.0644317593355716,0.4865323762853786,0.015336697723038572,1.2132885861289981,55.978861537070095,0.5,0.11262582355982875
482,0.09677081818899874,0.4397665993283867,0.023690280994736745,1.6148678120568727,307.7725210290855,0.5,-57.91551532133424
483,0.09426921915363552,0.4284605879734172,0.03506275360626372,1.2905867678576575,452.1218200772974,0.5,-20.996717456379148
484,0.059614788890952654,0.4263971056774395,0.03152368619858226,1.2731398863946892,52.69254231846654,0.5,-8.960764745847166
485,0.056338522000976776,0.3979683457333415,0.03432864112592239,1.1152083696621056,340.6266907953266,0.5,-2.757966205853374
486,0.06474796056619152,0.43466013242354884,0.010782404276411982,1.5591124443398154,259.9442559629141,0.5,-64.70759859199103
487,0.07901091678336625,0.4723319669902057,0.03931398781694552,1.7766550994459847,26.75430612321224,0.5,-35.04631829135089
488,0.07111437402777085,0.36169997589357145,0.01368351083061647,1.9555459938807682,80.6419848233562,0.5,-100.05911717244571
489,0.08331226556147953,0.3704708222225763,0.030657646304724943,1.8305081601052375,174.48876939031237,0.5,-92.29203511057078
490,0.05769406774296717,0.4570275444825838,0.036103608344185203,1.552363173943915,305.7336231588235,0.5,-65.44371369976143
491,0.0683101398155228,0.41827651127320936,0.02533659488486289,1.9318682046949682,468.3898952106109,0.5,-115.15597778585125
492,0.05745834479962652,0.4497959841821494,0.0397468671119499,1.4567258436050077,357.2284171181435,0.5,-54.29361157401385
493,0.07368689075243431,0.4330004477826901,0.012213082287023728,1.4598184185259455,7.99190650466161,0.5,-9.37646869377792
494,0.06216257202903468,0.3523979322220082,0.016327009998883556,1.196704460852428,81.33024056471913,0.5,-18.26773483136075
495,0.057283805824873475,0.3552802088960946,0.020309389164373227,1.5368544042700427,223.54393172605037,0.5,-88.30760872725966
496,0.08409109324057659,0.410136976217671,0.031079795924336122,1.315294751214507,315.59619681866326,0.5,-28.93668726312809
497,0.06427534895797424,0.43504647216687603,0.026070874141519484,1.397011517555223,253.62985837615983,0.5,-40.3318006563926
498,0.08091262003777773,0.4195387844319918,0.016023063704664157,1.452816245057202,41.48114132195734,0.5,-25.756725905968853
499,0.06774736388885223,0.48300746395799843,0.009071958772421992,1.858104328688434,359.1669255041299,0.5,-91.71686922936519
500,0.06163789485717577,0.3790128574624967,0.027874885370522462,1.9266001358863005,35.95480000418421,0.5,-82.3215310452658
501,0.051957230983552934,0.3740475612800591,0.016572272181810573,1.164781017739451,409.28075632073705,0.5,-16.411011256389237
502,0.07842022850172697,0.4690426056782557,0.02336040662949749,1.8570725527015575,230.10954412696137,0.5,-79.76626757057626
503,0.06464624784932416,0.4457993395269636,0.00890533769312341,1.3442488189541788,263.76838627085874,0.5,-24.071293238240123
504,0.09237204316324282,0.48974085556115177,0.007037895918522892,1.350652085014474,11.321076080965458,0.5,0.06317187677589631
505,0.0874803370797354,0.38811934490096145,0.038078539327409316,1.2740772606962574,93.76615483257521,0.5,-17.41791536677305
506,0.09215015654146744,0.47842356186265705,0.029270498299036496,1.5428928616268442,410.16117084664137,0.5,-47.106801236100495
507,0.0652450030750138,0.382051020210758,0.023634277479985116,1.3799782962402867,394.5124681806186,0.5,-57.55272420075908
508,0.06152924160413384,0.43418741450641174,0.008554053836139457,1.744638847855159,421.1042939694309,0.5,-96.72548510756074
509,0.09688321062017233,0.41452653673963896,0.026954180969359236,1.5807367573436464,129.69868495664258,0.5,-48.67996451909069
510,0.07034918222537764,0.4108639694539502,0.01259318401272472,1.6567979964150465,330.0911319392051,0.5,-85.27497990350152
511,0.0821897124266619,0.4991437795859108,0.030602445199154563,1.8753509283131122,274.65028424537866,0.5,-75.17902028038226
512,0.07947834854948467,0.4870320036057276,0.036828942223030126,1.5646256559913199,272.93196585039226,0.5,-47.762603699069714
513,0.09627393526493472,0.46283168920295403,0.029012497420617605,1.8692093431325842,403.537938519406,0.5,-78.61608906455697
514,0.05382123241769769,0.4305332874675336,0.027828161552354395,1.682752556528078,288.29538446450704,0.5,-91.39498494354069
515,0.09076652047531206,0.36195170756240586,0.03200917553937191,1.4280632527570796,22.49435309925247,0.5,-28.65600148665303
516,0.06170797774237939,0.45374998844737446,0.03660154851291744,1.3461673874200049,495.74583357546186,0.5,-34.81204466554551
517,0.0687238991231552,0.43673822915171034,0.01823557220909524,1.3087824290901,191.20052575284532,0.5,-19.951867659082147
518,0.08210748471114865,0.39580963082449383,0.007306897819262718,1.512402317743826,243.20375899885204,0.5,-56.192489044401505
519,0.09840921364478603,0.47480720942659593,0.03766440990549701,1.1913935344072837,26.022656555514814,0.5,-2.0457048265636355
520,0.05230319842384281,0.3907041133255958,0.014117904261646653,1.9748487283953042,294.08675440930716,0.5,-131.06857605044326
521,0.064020215475696,0.45191630455081583,0.00849830181460099,1.6879055183412945,353.28996787088477,0.5,-80.95461655515321
522,0.07509084721422267,0.4006682386464769,0.014050142718636511,1.8191801509475096,274.20225759806425,0.5,-97.95367436617965
523,0.08913706186620453,0.44632806971490624,0.005463033283352034,1.620205346964687,295.28900150340735,0.5,-51.830545257685536
524,0.0694658144452532,0.38891677653825885,0.007981816179875423,1.6499055395708973,489.4878179919529,0.5,-92.45711234610302
525,0.08993200597425605,0.47750825346554004,0.03436251845945937,1.2169652823889383,145.01526472619165,0.5,-0.28928243242633034
526,0.09974473862921236,0.48502566871278574,0.020820022930334317,1.7379481138668846,357.54427670878954,0.5,-60.97553326637375
527,0.09666882905484545,0.4674072350773115,0.031131636778743414,1.6358467790448303,494.7618441073577,0.5,-60.32811367002962
528,0.09769531613023175,0.4052228207306453,0.027926519552098874,1.7883325484667716,472.9729396662378,0.5,-85.71022971830111
529,0.06836696642020669,0.4986615519962997,0.015468577974224974,1.9403335002362847,236.2309196528351,0.5,-88.36232718684508
530,0.07514443479652762,0.39719221621277295,0.0063214723714824245,1.3741252711834293,361.65749583491055,0.5,-38.77635083828316
531,0.06971661868440891,0.4581009070153959,0.011017775775643958,1.8440150725973379,344.75388211446403,0.5,-94.39828542201381
532,0.05323450289118876,0.4606517657938394,0.022088514484105037,1.361271443517357,154.474268765254,0.5,-25.11081922112989
533,0.05383655608162467,0.4773240636278042,0.022177585793743515,1.6428894355525283,457.0134694772222,0.5,-83.45729435999426
534,0.09848296792230635,0.40364391254785614,0.03589324547309633,1.2655864879751946,417.0197278913305,0.5,-21.193881163782446
535,0.08658527189618623,0.41092891430325934,0.03940198696872828,1.3588717036294833,457.7244403756329,0.5,-39.15416145430995
536,0.09349876945712496,0.39283630374425393,0.0269412780816325,1.5643899627133102,231.26085478570855,0.5,-61.61640157673702
537,0.0722157124039394,0.44183588468291896,0.005860014041593283,1.684141643191493,491.27421811793664,0.5,-76.60127000144871
538,0.054976136375445614,0.4887591767146511,0.029805740131535027,1.1220406855478913,261.8301347323729,0.5,-2.6682868119432657
539,0.055522272535669305,0.4600731207348059,0.011711164889969903,1.764965221804474,383.4637661559309,0.5,-97.96585750235356
540,0.07953110048308204,0.43647296401090585,0.025038513836976885,1.29164918061933,458.11885658653455,0.5,-22.450987010590843
541,0.0993785194139139,0.4219556621621952,0.0233910512028905,1.3543725799484352,428.312804757221,0.5,-30.83705032845698
542,0.09633945564470248,0.36727135234559827,0.03363851042285551,1.948425515067651,337.2944947389839,0.5,-100.00753251038846
543,0.06874225753655641,0.38959216159916926,0.017443524904801604,1.816766139282361,105.64916466450335,0.5,-88.61585755432887
544,0.080847187282265,0.3533760294560778,0.024155546944788043,1.743229073581452,326.98377611799424,0.5,-101.3219682869193
545,0.08926913968003139,0.45089657282287765,0.025355618434612145,1.4991306542135892,34.00621037964255,0.5,-18.9166833979121
546,0.06481917244291419,0.3667536575979081,0.015792846501976023,1.7225351550729529,479.84295146978644,0.5,-113.57730703270208
547,0.0680291169576482,0.3538164117739007,0.016247512227750255,1.1072436608183223,252.71366581659908,0.5,-8.40390338870639
548,0.05065936818152078,0.36802524748729337,0.021956040684693024,1.4480039945115601,491.9344912170995,0.5,-85.06474562614002
549,0.08280104431060967,0.4977573268649935,0.027534816845770103,1.2689774384716737,303.77484264713803,0.5,-5.056663546202825
550,0.08623911173272372,0.4479958057385502,0.014158337995886089,1.6342762677532974,383.14829085864176,0.5,-66.68507055171114
551,0.0896828795349481,0.35830836281116374,0.02744182789606515,1.898642393762846,367.149888187439,0.5,-105.55393584938761
552,0.05107951285465688,0.49037677800464147,0.007005461173582155,1.2223135778971121,201.01233755017367,0.5,-0.5131968417321009
553,0.08255087966346596,0.47037545333194175,0.011974848260727592,1.4506308215631525,184.6774120797849,0.5,-29.07897483197593
554,0.08752320991410362,0.467686717509165,0.009619596942187478,1.6425869726002365,276.8103593426913,0.5,-56.36112383549208
555,0.07693967687178069,0.46712929013363924,0.014285925871434587,1.3518018045937708,288.07948387949114,0.5,-21.278472759106208
556,0.05433076547400422,0.3862110641874132,0.011226268785338719,1.8406102724323703,355.2915061492285,0.5,-123.08679398148567
557,0.06796084901269336,0.3660749627072367,0.027753461480294034,1.9541935918554931,290.5806516016246,0.5,-120.86191532955337
558,0.07467954508422386,0.41669909398629335,0.013815474572441817,1.161108278293341,442.39168890024985,0.5,-4.759604668411506
559,0.0519022325026647,0.4901790393966006,0.03502892933574553,1.3501017522716579,282.2849564925851,0.5,-23.808352035108868
560,0.09458763432477821,0.46887202123674093,0.026366911797785986,1.4777962052331297,352.2005576593772,0.5,-37.83578680085457
561,0.07091692826582972,0.3536518175011769,0.01986441404113403,1.2173333592775413,113.10528967042697,0.5,-22.351000680590154
562,0.05295660892001562,0.44707757966178924,0.02008042223451295,1.4792464284901048,7.555313969625001,0.5,-11.676210133076253
563,0.06750640068437037,0.3996814806064777,0.014006551488994892,1.200547013837013,384.1674851845764,0.5,-14.1577514794864
564,0.07626621309681318,0.3609112855220791,0.021214536642210003,1.8133327569645044,221.56904645841897,0.5,-102.62854055608115
565,0.0839145436324813,0.40695469219979935,0.02798571743227469,1.965205549816047,254.8309369268933,0.5,-97.98954902468046
566,0.05911690954805607,0.39009445971268364,0.01201816341180989,1.2192685229625881,266.8519123449798,0.5,-18.689739054971476
567,0.07702087195463117,0.48331988571499646,0.010483465514866177,1.9799709968365327,130.7465720537818,0.5,-78.32183497382347
568,0.08373258094071245,0.4659465289471719,0.03385794381151007,1.4556651774079727,291.44611268957794,0.5,-37.0190298389851
569,0.08133085938757552,0.47299282192928155,0.005222979855450737,1.8781013112677956,443.2497378364605,0.5,-82.11176665563995
570,0.07199960958636376,0.4936900604358001,0.01832683185343975,1.673115925765968,170.62529400963786,0.5,-56.436173281349035
571,0.07152701524610604,0.43602513126875814,0.025875093776328236,1.1852545638277496,423.554975176052,0.5,-5.584232942795452
572,0.08226034582548004,0.37395370147242335,0.005853129179076163,1.9328770559257777,194.17025384717348,0.5,-99.65808510985099
573,0.08822052701593147,0.3757913165077703,0.037962741966482555,1.5421743720876315,103.89089371726736,0.5,-55.15446440530618
574,0.05315974624652534,0.38311148778606685,0.033908738150583706,1.18706569336502,471.18729287770685,0.5,-20.085834051159612
575,0.05705074808248663,0.4586500166602111,0.03516213665097878,1.7213113381438103,369.38962975756556,0.5,-90.74505342293604
576,0.07134257753633981,0.4959020445881247,0.036185418668543065,1.7904948367462272,302.1940508307351,0.5,-76.62647364421896
577,0.0969582371248166,0.442854328454977,0.00568281783814278,1.118790703929138,166.45814817267035,0.5,-0.9671897000107528
578,0.05291035053082616,0.49421937337469757,0.02865041149438446,1.4786040664101805,111.45525148126927,0.5,-32.31436656205358
579,0.08540229357577708,0.42086872586948976,0.017678604315136758,1.4862870722381123,351.72195893887874,0.5,-53.770766419371526
580,0.06597156598948606,0.3985787541653588,0.007380987617320216,1.5180925950488882,234.88880008498893,0.5,-63.0844928802335
581,0.06745699923573853,0.4507734693516853,0.026685594765646692,1.9805643735800702,180.2706511063295,0.5,-95.4598992188389
582,0.07104266012369216,0.46235291856757976,0.02180496174279651,1.3211397468019095,55.270327285011426,0.5,-7.343338133085393
583,0.09020515521583769,0.46607458000234336,0.007278423309063161,1.5395736801932627,188.95639309803212,0.5,-35.912393879359875
584,0.08556028931109798,0.48362702623371506,0.024502289579999663,1.2512232483592876,275.463955758975,0.5,-4.095344019593833
585,0.06845514101878114,0.46351333811614664,0.023836803660503107,1.6494298973474386,23.279214351403404,0.5,-30.04742457903246
586,0.08520731062071013,0.4040093593104864,0.014485567381457653,1.4729225712767655,292.0983220005304,0.5,-53.73373795553947
587,0.09733662227281231,0.47964583349512413,0.023506424429511844,1.1207255032500405,241.79912367719666,0.5,-3.5001644500607076
588,0.059575430246264084,0.3505596192427295,0.007167263261555562,1.1517554704341062,499.42294086186877,0.5,-17.73022818035778
589,0.05842371765880221,0.35797500126257636,0.03454543612334553,1.190341890168596,438.9386086024676,0.5,-27.174052828510742
590,0.09857744979839464,0.4862925620683382,0.026852041019744657,1.1245395393384072,454.1112613089766,0.5,-2.4703291127739853
591,0.06290970427232863,0.38937551046289987,0.011814833481260615,1.671302671536139,465.22499634253,0.5,-102.31388201032571
592,0.0725554201835322,0.45182418670706503,0.021613857393540815,1.5109532074111518,158.20658574716484,0.5,-44.57462287047795
593,0.06202599047437773,0.4510039882849243,0.03468059541917676,1.3015744647601968,265.9194191508889,0.5,-20.320475010067682
594,0.08271552349324562,0.4180936141002904,0.021768059292736903,1.3070272141326462,483.97253329691813,0.5,-29.293876018678525
595,0.09604587034546869,0.35220021951859715,0.03410716724469838,1.7264746456150535,17.267809048013376,0.5,-48.841180287640555
596,0.0823716402078545,0.45532273478847857,0.031769950111091655,1.6856977788394563,87.94352712414458,0.5,-49.309892161774165
597,0.08026808360447624,0.4151663385149712,0.03843331048062369,1.6416363922575679,135.4308778253844,0.5,-62.14073103898227
598,0.09478496635590325,0.40176698789121923,0.016856998027972362,1.1617274341526873,175.2336961129477,0.5,-3.688707252343458
599,0.09899661430937368,0.4065897886895226,0.010952375132324756,1.887233795371777,373.83848148338956,0.5,-88.9149863188732
600,0.07188146751506799,0.39873254122467633,0.018199239333852733,1.20797023392725,478.5433886522928,0.5,-16.98092717035866
601,0.06585934022289645,0.47935666177877884,0.0341989775988978,1.3351125749224622,75.02418289380644,0.5,-8.943138257073596
602,0.07778104866350777,0.3618065807538911,0.012334997530882845,1.6642490412716389,387.50149350482553,0.5,-96.39357177476158
603,0.08684279288755634,0.3597349682002089,0.013085829133327547,1.325842235772893,407.16170223436086,0.5,-45.3222363958055
604,0.05677011910004249,0.38074116141667147,0.029077680824018404,1.570074797379553,441.93354638258637,0.5,-95.69505709240688
605,0.052454646928462946,0.3913431403867589,0.0396033088600367,1.9364984877297853,91.90619934385741,0.5,-103.49854968911677
606,0.08388368988182449,0.47566263185529667,0.02858823868521629,1.2386322231065425,44.45252527367118,0.5,0.14933143685023276
607,0.08186339989380881,0.4064971154553933,0.02257847322508462,1.8141252739697844,449.443705674915,0.5,-98.10170118169697
608,0.06729060524384178,0.47163650154815906,0.018271647605041696,1.2505737596829785,162.1851748151263,0.5,-4.603417926693545
609,0.06564159302832738,0.4871946302583627,0.006963462000854065,1.1542371900243045,219.28591584470234,0.5,-1.280506293509236
610,0.061096279439039086,0.36006235229320155,0.03352217249763169,1.3038655960881775,398.29777572745496,0.5,-51.08448137349017
611,0.0853298456626507,0.3571274431411998,0.02076811442558697,1.8248747743601894,314.7702545252214,0.5,-102.88162621681391
612,0.052103656936057875,0.48785879912474006,0.02103188174205065,1.42884019840925,21.389762207699377,0.5,-9.82445501440974
613,0.09267636430062122,0.40974106634527824,0.014815526874486321,1.4935850865376938,365.8768461389928,0.5,-54.47276307644118
614,0.08259743920863105,0.49798845459120156,0.009316236676321464,1.3401096336050113,108.67110404688502,0.5,-5.468203434229316
615,0.06417637783235214,0.40421055302749975,0.005334579403714233,1.5080327807347387,280.1345112778651,0.5,-57.92232742606703
616,0.05571751680514588,0.47345744821534225,0.008224121896690967,1.1629129383640489,385.3534467800622,0.5,0.10462225369871014
617,0.09362754755076672,0.41222052709138246,0.03426768811686105,1.4486665505151952,11.892740253935841,0.5,-12.066015463768753
618,0.0938082795744046,0.3603353919282535,0.014518932664919614,1.4133548972562395,119.18725917481524,0.5,-45.0110925350011
619,0.058935591964909044,0.43896333010988453,0.022130856448201612,1.9664596495381974,257.8754856455296,0.5,-110.6921388347915
620,0.08974326557154944,0.45283529575655546,0.005384495460296764,1.507001321061427,132.42322149347015,0.5,-28.418537668242415
621,0.06681439937382662,0.4971095027098438,0.030792243830495728,1.1393828778616688,462.6456432595008,0.5,-0.9115761305983157
622,0.07461462025226862,0.4411281949817487,0.027069702714038517,1.4851978743209608,100.37616997396233,0.5,-36.63404082090933
623,0.07425942635947119,0.45318126750393667,0.016803032590199062,1.9951852751308707,350.63358205018415,0.5,-103.66760812464287
624,0.08110923026985394,0.38387350592983377,0.005431985462540155,1.1321010204866457,340.2230942754324,0.5,-3.948848227688617
625,0.06838155438361225,0.4421018645468446,0.02472401101237548,1.6837091346277195,120.73270600560771,0.5,-64.83201025566254
626,0.09260735177590754,0.47608739638198794,0.018646136521670225,1.7359126960724485,151.08838884191917,0.5,-53.8988610449145
627,0.08250866232000192,0.425023213790201,0.03933631352617824,1.2398802895144987,156.91959794762542,0.5,-9.004518879345918
628,0.06783788342635516,0.41735519380657676,0.012928275353961979,1.5235756857372236,315.2945957278352,0.5,-66.2132935000572
629,0.09568754377709704,0.38850946362442035,0.019962075270784932,1.5036695346886337,367.9243110744902,0.5,-60.567440344700266
630,0.05306265885783786,0.3758141167231497,0.0386478886889141,1.1651240171481485,141.27135242175936,0.5,-10.785866985983018
631,0.07714440073109843,0.4363830328257477,0.03027964522193251,1.4336105056658492,425.6587841722068,0.5,-47.9049843103144
632,0.08153303206839782,0.47009724878260395,0.015589526840408019,1.4678931783852602,124.84867401891522,0.5,-28.332215429563533
633,0.08679550640815308,0.38337973728563546,0.005171161504098397,1.2064380090702396,454.9904064592007,0.5,-13.09922185312111
634,0.051499981843752145,0.4154459832602939,0.03549607941221357,1.6513366404210847,393.55491466434523,0.5,-98.10293728989272
635,0.0706061028887092,0.42319412835136627,0.00791905452474407,1.938899405604238,99.31026625382192,0.5,-87.7984546950149
636,0.09894461629259238,0.3749984489410153,0.03751276978937498,1.7950975041893917,79.93746122383595,0.5,-67.6001630392509
637,0.07355360081511332,0.4591828843091052,0.011390965905087952,1.8466940698804657,424.2909419315752,0.5,-95.0639527363131
638,0.06647554718984153,0.3732682658407466,0.030326810432858904,1.420215404816405,9.708375495862018,0.5,-21.202141659034094
639,0.08856049064133975,0.4152571626773177,0.021843609172679187,1.9045693047788856,453.95098745259287,0.5,-98.00741672740676
640,0.08398906917782842,0.4487646785383199,0.019310469783400404,1.6764148423112641,218.1064346980586,0.5,-64.2468920196513
641,0.09658085658682661,0.48748152240909925,0.012318226879216054,1.3701196140566343,425.0066142260634,0.5,-17.85875488468506
642,0.07005907663950249,0.38665750428226064,0.02599226786197475,1.5905628043862245,102.09187121568499,0.5,-65.999216955691
643,0.058994856039070814,0.4985016603692103,0.009123821045036524,1.9112828459047528,325.6754840246405,0.5,-98.36924086491119
644,0.05122375050611593,0.42141090338498016,0.02334291747821728,1.723784138176982,400.44288019232033,0.5,-106.62861895174517
645,0.09164890054842414,0.47782843431857225,0.013841990129585417,1.4016692335801622,145.56986921792364,0.5,-17.07606011656799
646,0.07999649163537385,0.37036737985231555,0.01706583144480999,1.5619708540897896,16.34768169465358,0.5,-37.932636934912146
647,0.06933316022608291,0.3781595335004878,0.03879765409818488,1.8648088124536744,408.6797603771869,0.5,-115.63338344269692
648,0.09588452701797982,0.4315564131324004,0.02672497051163719,1.3789482378251239,54.139177614812766,0.5,-14.5823526120297
649,0.059496078766793435,0.45817051587548,0.03921833062941066,1.3089030341046213,322.1409296821102,0.5,-22.453078599729587
650,0.06065377579289703,0.3942076263428624,0.012373828326767596,1.5000904336887249,351.39587086614716,0.5,-74.01449969825693
651,0.05856758663591713,0.3708623259971931,0.032351361692022386,1.62895405627199,246.80256321145706,0.5,-95.36482975564529
652,0.05582927638220638,0.363854209797306,0.02244198448456827,1.677298327054313,379.93189533296913,0.5,-112.62526511367619
653,0.05639978409538321,0.37225853392967984,0.015984898668038622,1.3110357349887123,22.10017577739822,0.5,-19.899353872848078
654,0.08236331073834885,0.36527530300588584,0.03303095240148622,1.7389129890342923,269.01290545351725,0.5,-93.54668382600028
655,0.07471201403027249,0.37001510005853605,0.034247530873197624,1.9046165642560493,155.5516177182029,0.5,-101.4554756514089
656,0.09780057949140694,0.3555625196639235,0.03189705447634193,1.8790337770653127,32.05895010781472,0.5,-65.08701247529955
657,0.08051975529995885,0.484167783367624,0.017316446016334953,1.4705147893612711,235.64934111388698,0.5,-33.488847657014986
658,0.096558044334557,0.351281312852339,0.011349128586968734,1.4050830389432014,360.3905458249562,0.5,-55.60622669258064
659,0.08118249854562087,0.35281182709261194,0.03964647655883595,1.4552803848298708,53.185996821181284,0.5,-46.56189878324618
660,0.08504770130944975,0.44854498165857193,0.019918633802715774,1.3214093331505632,42.548274017710945,0.5,-6.292757670282947
661,0.09886358537835005,0.4158976700928318,0.02921358329900912,1.8762753609343807,225.98263595869923,0.5,-78.4671882043505
662,0.08943299771763966,0.36688453048043473,0.030708082417584926,1.7970606834772471,74.47585733966609,0.5,-74.24431598557632
663,0.06515771253960106,0.4289176598450514,0.008662055875304511,1.8049497648863373,127.00649569204515,0.5,-83.24852030293063
664,0.071446436132569,0.4438672292328087,0.035670028548712734,1.5476302261212505,196.42868876326472,0.5,-54.370305224459415
665,0.09730259497000524,0.4303644502666488,0.005734118573380371,1.866988615358303,70.46368298563345,0.5,-58.525056293024875
666,0.08920861331396834,0.3623513168701146,0.038684107520937316,1.8627415234594409,182.3832498218547,0.5,-92.9459970483045
667,0.08482769918809675,0.39939877462302387,0.0067157240764806475,1.4709144313332438,470.46686669631015,0.5,-53.24209851300308
668,0.08799083130277205,0.3509531245682619,0.026584950651386545,1.8947088262941807,183.29087113255824,0.5,-99.08055594573705
669,0.09698493013697526,0.362098165657352,0.03918732725872624,1.7091439205308818,374.51792268349635,0.5,-86.65273106435204
670,0.07519456925579286,0.36867751833348117,0.03740184388162181,1.1403155350801841,432.44613089976815,0.5,-11.560273011885718
671,0.07308005837328167,0.47026583451898646,0.011471783502196641,1.5979352698533784,82.9409673281443,0.5,-41.29363580848221
672,0.05735593345807281,0.468373334508971,0.022588517529618088,1.2082776102292945,448.2122839087558,0.5,-5.277172409204675
673,0.06503910619686794,0.3788225414136257,0.005818060603361782,1.4030524758658023,379.6561929335758,0.5,-52.39607418044076
674,0.09317869262315462,0.4554878725586311,0.007747420735580509,1.318386811471338,195.19923081448997,0.5,-10.377321766233985
675,0.06998831870440647,0.36431327809504843,0.03290380540474493,1.7982624138807168,186.9923128403357,0.5,-101.4866773428511
676,0.08660381968738659,0.46160479793081055,0.020834367083809875,1.1467683049380668,445.12672913473125,0.5,-0.033223057005044465
677,0.06713741152719052,0.49673997880299514,0.039686714781636295,1.1585885586428504,371.3198932980217,0.5,0.025651282279443133
678,0.056585147442169303,0.48082694824854627,0.030206778470504465,1.7652694851426207,442.73548057284387,0.5,-94.62103323807044
679,0.052624483058359664,0.3574217246400984,0.03978354251690783,1.969477516250313,162.72906378473127,0.5,-126.44414436853678
680,0.07052198546562255,0.3519416851314971,0.011628448299924685,1.702501028270576,200.42397148356676,0.5,-98.70361377797614
681,0.060275581077606236,0.3983958432523816,0.014769698296924384,1.5560493127291695,143.8451470446449,0.5,-69.10289762807857
682,0.08878845495084521,0.43518212310039445,0.015402987423004725,1.5850841807597185,230.26792910689963,0.5,-55.83762304621188
683,0.059681811193946326,0.4910346081491681,0.018378485197965283,1.9062570345126133,67.70846062920671,0.5,-67.65380202624436
684,0.09850995232956589,0.4095350223302816,0.024748752317174907,1.7368701668530728,297.0604301982937,0.5,-74.34662101968246
685,0.07942083979138102,0.35492643876648783,0.012179547294991686,1.142750738869651,256.4395814072059,0.5,-12.512453495151636
686,0.07553080246738689,0.47314102539785874,0.027456825013299522,1.754782464191484,353.8803919954065,0.5,-78.6896698661934
687,0.09611732738964986,0.44366816192259406,0.03573059569822663,1.3438348976669854,17.93232022170364,0.5,-3.360305231675201
688,0.06080240885991235,0.35521192045966665,0.037073422188042826,1.8636077697218372,395.4413569530373,0.5,-127.6174036163001
689,0.098029747735791,0.3916363258365167,0.01741903310925163,1.7892178268172418,298.4875536564936,0.5,-83.15480990333724
690,0.08275164574416562,0.46200920162675413,0.03561726763466633,1.9081937246440448,284.14488204507785,0.5,-84.8309679468881
691,0.07914427022744966,0.44530356342466487,0.027145527843654312,1.261812043349158,76.22190971482536,0.5,-4.949493753943443
692,0.0909635203057329,0.49885450461930203,0.02395820048585898,1.4723947763621443,198.215594554579,0.5,-25.847694139918218
693,0.06883770096865204,0.37245429747527015,0.0257667586543701,1.8897101933870522,117.3264127854001,0.5,-99.50913791635595
694,0.0953331595847979,0.4717193871927352,0.031089013169725798,1.5716156290474077,462.13440469614477,0.5,-52.03461312582848
695,0.07436667884764742,0.41816473873953747,0.03533348140008595,1.1236275241928577,95.52564891690368,0.5,0.14616093229959704
696,0.09741018797656514,0.42287023517364364,0.009286663881261412,1.9777766100983574,460.8066054257912,0.5,-94.75048668106672
697,0.08145670371095556,0.35946741909715485,0.007541808844088517,1.5936263575179463,254.13222271414674,0.5,-78.6840915583872
698,0.07384041374662802,0.46971504956414256,0.03045998735744912,1.4444742141670812,346.31493942328905,0.5,-40.34036484308427
699,0.0906504445495103,0.47816430175996627,0.029226469877646002,1.9592303500767638,74.2827222532628,0.5,-57.6199303950277
700,0.08900963400918403,0.4666906843239821,0.03690548194022843,1.1041962480610321,242.2494930699824,0.5,-3.3284333386040013
701,0.05059412100780234,0.49430277990893445,0.017879963699916162,1.6450432179171872,258.9028344469962,0.5,-71.59657812039359
702,0.06760099462426582,0.4399322748495425,0.024545615357211305,1.1529447855365567,208.79371676304436,0.5,-0.5482486131034718
703,0.09308966177359118,0.401434848219719,0.028847122711550845,1.7729745602855311,237.84879347369719,0.5,-78.91509779814646
704,0.0638005536872582,0.4560882757901675,0.016049597320839566,1.9906549527735207,480.84129492029984,0.5,-116.80039099226032
705,0.0593618950863985,0.3945277061052344,0.019019436972826122,1.9142317827670379,59.414668952833566,0.5,-89.55524645762077
706,0.08837989102253191,0.35771750792185963,0.027309785980322195,1.617787223006728,163.92836078118745,0.5,-74.64005887588726
707,0.05839589361523172,0.3761227392805191,0.005963540001424823,1.2642528817796452,279.29400703763775,0.5,-27.366133480658533
708,0.08180467215330492,0.4384486483413528,0.030985074716952155,1.6225308084897114,152.7766427676036,0.5,-55.98532968593371
709,0.05072068210967929,0.3654066821227532,0.016105419061397733,1.3663006692531354,395.5963406953565,0.5,-65.45962306371536
710,0.08645611496426497,0.3821760886326212,0.030918699906766135,1.8622083709289323,153.2776035734187,0.5,-87.46368495929784
711,0.09719322479967818,0.4920376684864567,0.0161365489177999,1.2502519182078233,422.56202419652607,0.5,-3.305989714322152
712,0.08597257167704213,0.4247472430174213,0.019612524005924555,1.92550756378576,103.24561430381355,0.5,-76.21543486200504
713,0.06178492429940322,0.47861221019622946,0.015109335028944024,1.4079314237398841,486.4293036971553,0.5,-38.55744547750359
714,0.06768697430130528,0.3915386540618396,0.017574697302793513,1.9976897131393945,482.26907539637193,0.5,-126.63618439079342
715,0.08122624246996857,0.44204846012798205,0.008821858483757394,1.7613616737584716,248.3539862311808,0.5,-76.53754586921055
716,0.09755632832097548,0.4316625938806602,0.018765024371071595,1.780826821585852,144.5313653084017,0.5,-63.56440855555253
717,0.061026709177185945,0.39081630339638274,0.02166114531457213,1.5266514504325792,154.89625013574042,0.5,-67.94968662854941
718,0.07677275815363759,0.4118029171156217,0.015362139682061075,1.8285404476351914,421.7296024285106,0.5,-101.44700160963349
719,0.07386415787927506,0.37749961966919005,0.01812002425258083,1.556454974108701,303.3468201079827,0.5,-79.22851377602998
720,0.06532539718907686,0.4858733026025077,0.020758557411742387,1.6973284045654364,70.03283070568112,0.5,-48.65409317649998
721,0.09243725373570269,0.4940471900143912,0.022784870974890556,1.3061390870219238,161.39553951461184,0.5,-5.20055605736821
722,0.07080929627388438,0.38694159348550516,0.023754407218379365,1.3999336364058745,149.0170245579849,0.5,-45.473333158648614
723,0.07884195774625695,0.46144853695000754,0.016505646647545932,1.3860133413574138,406.5832514120267,0.5,-31.5642935543789
724,0.08475529859142973,0.4704795839430538,0.020499169950850944,1.7719235173767656,372.5814243432053,0.5,-76.38980533895487
725,0.05990298471314248,0.4678759968780518,0.032882623030122585,1.5100994213113466,472.07053625137763,0.5,-62.12897761732251
726,0.08005272900116182,0.380278767456808,0.01481002133610633,1.4410880544553726,131.59058316847134,0.5,-48.62552885930028
727,0.06452393637311489,0.3669721212359601,0.033287169592022804,1.535234104236756,146.98407931482112,0.5,-73.18613374951973
728,0.09840284670733884,0.4091884210569894,0.024344685977895575,1.6373780260051847,326.74514214570326,0.5,-67.0684302700551
729,0.08460999061407629,0.39663832330711907,0.007674770798647829,1.7744790036537808,24.76040808400765,0.5,-52.04162127526061
730,0.06573447907632599,0.4622949027090084,0.02440062254719134,1.3265569078551351,454.7742943394808,0.5,-26.312257330501474
731,0.06718211725079214,0.4948308803731609,0.00562547679458067,1.7915801868793482,72.00522751025841,0.5,-51.92443020322907
732,0.060914386236142176,0.4133949012048628,0.031659214885366674,1.172633295463041,324.45397214665553,0.5,-7.35152180854652
733,0.08668291996777801,0.48669911299392943,0.02597301343733368,1.1777465321254135,98.83781027654251,0.5,-0.6355974296115885
734,0.08612397681516629,0.4155870683981632,0.015146245537620498,1.3581551703594705,321.7515974544879,0.5,-33.40150513581205
735,0.0862976650620865,0.40481080679205106,0.03138443165402012,1.670258123681701,177.7812117996385,0.5,-68.92300530169756
736,0.09911674752509776,0.47635241233200776,0.0389554363614239,1.2148891954657053,48.40557538347169,0.5,0.016548144500473483
737,0.09230370884877351,0.44013198082558924,0.007485774553321095,1.9992058885147337,238.8052520423923,0.5,-87.03982376362961
738,0.08352750168241413,0.45987497309893627,0.022647563083479455,1.5054606171238818,117.75411553726227,0.5,-33.993617467520934
739,0.09494094779400203,0.3810183576414573,0.028113317473956546,1.6143995569092624,213.06280882637708,0.5,-67.9070566268011
740,0.0797862909209245,0.4372052250137035,0.03851009789878515,1.3881794246224202,173.7698371502187,0.5,-28.931375364643976
741,0.09417806738686685,0.4039320875226572,0.018585473014784304,1.5220992578712305,45.078763899771566,0.5,-33.80685822888807
742,0.06496743460117159,0.4774937439447619,0.01720261551513664,1.631624533798644,403.43833884714604,0.5,-72.83224235841469
743,0.06256827952267988,0.4083659123543164,0.012872489278415436,1.6330368194513816,50.47205419956511,0.5,-57.55851475345083
744,0.09127405595023869,0.4913580003926863,0.014995802776837541,1.8821004339264307,304.52366149646366,0.5,-74.47187613565539
745,0.05615279259635577,0.3567511964251012,0.016168317834250115,1.693996455689455,92.59887688030702,0.5,-92.91518836917781
746,0.07424655779053382,0.4321168940563344,0.029771405284420682,1.974389556545876,47.49029568030222,0.5,-69.40327819813739
747,0.08952612764819685,0.480962526601626,0.02750558775653758,1.2335977596814627,64.02816010805192,0.5,0.1748512023801302
748,0.09198838418033461,0.4443862139831236,0.026029675308382405,1.5553015035247297,495.2927449794968,0.5,-58.75712817374146
749,0.07019718724714426,0.3705538629900831,0.03211850645837107,1.2709196292226164,39.096435498091225,0.5,-17.673390776726425
750,0.07300724301794703,0.3854896465813526,0.012514499621536753,1.5505239619008595,24.118030973271438,0.5,-40.42397209877864
751,0.09054139243859936,0.39876597972864747,0.020166290684877547,1.5497058170302065,142.6812513982322,0.5,-53.77634253937217
752,0.07805103774089255,0.4706553496418845,0.03873146550306253,1.7862892320898072,354.37881214256305,0.5,-79.74500233246607
753,0.09134963694261883,0.4535901357478997,0.034454511368165366,1.379533519881908,432.00017819551704,0.5,-30.11518885356212
754,0.06880095299537306,0.4465195523403839,0.03399399523758826,1.148734145218765,345.1884628786214,0.5,-0.5668467616123041
755,0.08314331178530077,0.46314646400750137,0.007467046184136931,1.2570482946952266,173.10582219795876,0.5,-3.5234678388310767
756,0.06765360735476827,0.49496868273532735,0.008545759212652023,1.4651497407076826,257.16687566026917,0.5,-31.130171257234082
757,0.09916131334948902,0.3539575752156084,0.031794170043274304,1.2354584684842203,271.84123784154093,0.5,-26.622014475589246
758,0.06894265597622393,0.3544759851398767,0.011748490019103176,1.4957410779973357,389.5741913248137,0.5,-82.29990353996449
759,0.07743905338708398,0.49962788825323556,0.027799007030473968,1.369154832884092,52.41450195071002,0.5,-5.795167155956744
760,0.09808385805390388,0.37305853513554293,0.025397338567974923,1.3839789287459443,401.93055780784573,0.5,-48.38422349596907
761,0.06540525498430497,0.4625179616503717,0.035302527834269876,1.657157548757333,391.2809313905687,0.5,-77.98769680194162
762,0.0899488192436768,0.39508035317916196,0.03280636262683788,1.2380789929658185,18.96344946956077,0.5,-3.6402979041182357
763,0.09384975661667697,0.45600108385420746,0.029342383783648496,1.8943443527196853,219.69226585756755,0.5,-74.0397793445817
764,0.08378701668034763,0.37643702487752334,0.02698955108025204,1.6925824276571975,365.48158702661505,0.5,-90.46762522509648
765,0.05763655786493851,0.3811238251472974,0.028885052523620367,1.9086132092068735,237.41777544691703,0.5,-119.02021282218482
766,0.09966150568026484,0.37689991416267543,0.024296813621100328,1.7288372163254877,431.34423762575227,0.5,-85.2562644173506
767,0.05099074912674181,0.36065086444349104,0.021401352590592875,1.4320378796113487,364.437436728452,0.5,-80.0147552286021
768,0.0526912149030916,0.45779044306162553,0.03944135585791772,1.5804689497024336,310.7759500655505,0.5,-72.23434315446389
769,0.09829070170814924,0.4373891024784387,0.029017932328287775,1.8290100436014964,104.05211198841275,0.5,-59.48698162566603
770,0.07974004878083085,0.4878330378931621,0.025702254032032835,1.4964056603517495,338.73023456591176,0.5,-41.708842672684554
771,0.07791594726316509,0.36047684484687903,0.039108914135250944,1.5170631551459992,352.932074716687,0.5,-78.2533238574859
772,0.07654688997119519,0.3752089406511708,0.015200655179776432,1.8036175166184725,207.89199546399155,0.5,-97.54861731382269
773,0.06621798543730291,0.4190983375981905,0.02220893825846133,1.3380714507382934,404.5084657733811,0.5,-38.06716223762974
774,0.05183346296835636,0.4838017067084499,0.03591325831946728,1.7524881380464077,78.3412057536147,0.5,-61.293355744786986
775,0.07336826751299258,0.42095598549059166,0.03042596779262401,1.5229014738347584,408.3720788269756,0.5,-66.9031463008572
776,0.05521203172383439,0.4277433443371016,0.01670959846799948,1.8121704520704804,334.21119456203036,0.5,-108.62393806865789
777,0.06253352799150151,0.3555217934134612,0.036769281907048895,1.7186174720676317,420.68627961741686,0.5,-114.89884790380341
778,0.0601984828842574,0.3564778361036744,0.0318706188223188,1.666462714400877,480.55555820473694,0.5,-113.38676976343513
779,0.07618736727096463,0.39493134254758466,0.035569517654043245,1.918846726008715,73.35102665598787,0.5,-81.85465924871107
780,0.06781964220044195,0.47327141954784246,0.039564203563837705,1.3240878293107445,376.00354498133015,0.5,-21.501799396599342
781,0.07046866676711322,0.3632782396939379,0.012641879021883816,1.6861091180735785,410.5112955266205,0.5,-104.15711171700562
782,0.05720115298546842,0.47697113537180447,0.01936226706815971,1.1952190434667187,136.91718536636765,0.5,-0.15940658092009663
783,0.07707242804027371,0.4575913162684162,0.013606411031496549,1.2877613225149733,185.3139153738624,0.5,-10.36473100632278
784,0.06393746409994444,0.4220857657362751,0.006590408285185995,1.8552055648112926,375.3360294961825,0.5,-105.13319727119192
785,0.06583498260453931,0.4194101715884533,0.008085495483735853,1.9001918834848035,261.38665225254925,0.5,-105.15373481704967
786,0.07012349898030168,0.35351632585155873,0.009439021078335332,1.6733115319669456,377.20077732857226,0.5,-103.18879249988056
787,0.06990671318547306,0.48479446237440216,0.03273472970167486,1.4915917583377893,451.17703218566845,0.5,-49.66358340946635
788,0.06519074805378622,0.3610323407171242,0.011552054227357163,1.3002754350923555,331.81049425031455,0.5,-44.184113919665684
789,0.0748990878149336,0.4906296731933645,0.019730670539944685,1.6293139237614667,380.5133688997291,0.5,-63.12799610300098
790,0.05125586855928816,0.4461499244168603,0.02869002636552603,1.3132279763905566,48.69468440250092,0.5,-10.727384524737017
791,0.09642758429628949,0.4274995523419609,0.03145260018792662,1.4185057235743903,484.65752205487064,0.5,-41.65565301080224
792,0.09984804013517866,0.47536812608660073,0.0136970820373927,1.3619332911006654,212.52583609721995,0.5,-13.937487466895474
793,0.09104156021507215,0.4229770838446932,0.03545041437747055,1.218075751971513,243.709933881247,0.5,-7.943153786785896
794,0.09191153943697214,0.3731481214260504,0.02574431281380628,1.117471366012264,416.1005588001429,0.5,-5.994962199515969
795,0.05160719894665683,0.3885520488557571,0.02459283120262644,1.7158577643890334,203.31191289736728,0.5,-101.82360080209703
796,0.09376442634400975,0.45510279172318047,0.032151286274094734,1.2036109187391766,489.90563823793246,0.5,-4.093560657210124
797,0.06327017380686555,0.39821017631547106,0.02502267464524889,1.751080448290451,36.914229031392644,0.5,-64.09892729613
798,0.09304978664444771,0.3800807007177327,0.012821516803199475,1.694090519069818,60.796603105404486,0.5,-59.89192073115907
799,0.09650485757205916,0.4685172975761252,0.03637778802660477,1.5460666360661908,204.3717142933867,0.5,-38.49365592444467
800,0.05428205256849924,0.49233964839108857,0.014295506643816392,1.1805609845646532,498.68259805695953,0.5,-0.4173989716248421
801,0.0778095057285622,0.4175045654803606,0.03642305702942425,1.8563658946549144,36.40425458756056,0.5,-58.350391027772915
802,0.05850790335433956,0.4253112110685783,0.01907050957520441,1.5898800233481276,199.19421548283097,0.5,-72.28348562239695
803,0.057474594793580566,0.43129700501660906,0.016740099588428467,1.9468091947633899,463.91808987002497,0.5,-123.27330930778945
804,0.06654890613729637,0.3645929493920351,0.03841241372254328,1.1064824348521298,397.4869246932002,0.5,-7.25951837624236
805,0.08304688195318491,0.4544098798986751,0.016258993746417014,1.8340789847634185,90.6546886698544,0.5,-63.369870435019806
806,0.08187401417051014,0.42519363607810745,0.03741596095940637,1.8203509038276,71.24895234302443,0.5,-63.65205471036883
807,0.09884334572893541,0.432219019489728,0.02198768674381674,1.9790511528247778,96.51336284153602,0.5,-68.78420852873289
808,0.08804092363524368,0.41250954352957864,0.017785692902908483,1.4452938571790628,470.00459202871923,0.5,-52.10910158578113
809,0.07836593302620418,0.36271765069674056,0.026492457315772378,1.5734896798443967,191.91729784567457,0.5,-76.2811773569471
810,0.07760215552441235,0.4714767682917375,0.037567767747964234,1.9130556593455466,40.60629205148666,0.5,-51.07647102684343
811,0.055261406212023724,0.4999919980628065,0.009171294848023719,1.9579007524762666,271.76091935363274,0.5,-101.93979446034784
812,0.08652612179008964,0.4161504554028688,0.03526776556721342,1.414197506005194,306.13621628168323,0.5,-42.32425629677632
813,0.056658575457314765,0.498242318681065,0.011203561405496287,1.2092272562349795,160.86776138772046,0.5,-0.03781582130365835
814,0.057416779157255605,0.46370969592979305,0.019243430429425223,1.538593243617533,57.17277400528668,0.5,-36.45729508220088
815,0.0875657717352821,0.43239814051776365,0.024022317785729476,1.2677482792311812,189.42529154074077,0.5,-11.727230595852935
816,0.08522030391182583,0.46526765384167895,0.01629346406806844,1.9831550267177396,157.63982847049976,0.5,-79.27318474871974
817,0.06927966150130668,0.47343338633803755,0.038873717004875255,1.6915211725645447,127.46209632180097,0.5,-57.56932791471114
818,0.09757305237090495,0.36442502698183904,0.03278863867854179,1.2830996936345036,231.873254174457,0.5,-30.29838704678711
819,0.09119797079845947,0.4405424382381257,0.03052701957456396,1.701955384172975,205.67776399103687,0.5,-62.913067971272696
820,0.05564473355389168,0.4743776275518732,0.023073032350923367,1.7146530855855784,284.90802022543573,0.5,-83.50586866618042
821,0.05626775272100029,0.42996639509461565,0.03492939122936012,1.576101520796872,483.44345570945046,0.5,-84.43289082834144
822,0.0772946819224299,0.4992735911928104,0.013123590771783884,1.7800202755326904,213.75424914574012,0.5,-67.25325631211426
823,0.0883334379039503,0.41717157414673056,0.027027991033621607,1.8236923941091248,436.4170920458137,0.5,-91.18139429815257
824,0.07030304075475045,0.4038383986008687,0.02662083431514342,1.7669300064774736,149.12442147465848,0.5,-84.74236606995458
825,0.06037885942087409,0.39902412316197994,0.03395807793587624,1.8796996206593946,467.493288313315,0.5,-121.50270948287272
826,0.056060580681043824,0.40054954266379433,0.010690536263462405,1.422401742284953,339.49901924778897,0.5,-58.49741227561113
827,0.0545820947615926,0.42824990312427086,0.013320237664500939,1.6021015823738431,433.40483387590297,0.5,-87.52363002824028
828,0.06043038955686018,0.4542616125997979,0.039267191522232445,1.7080723107080105,89.24188863432019,0.5,-61.8167314874532
829,0.09964421315515552,0.4556598650880447,0.02938351200417546,1.6489726963755582,281.03271069383715,0.5,-54.88201898988052
830,0.09701313896030989,0.4657824920197268,0.018162256220784892,1.210222540848303,148.259202520537,0.5,-0.4877271724138683
831,0.05598911461907775,0.37508964600382766,0.01768915887843757,1.5017882022283768,285.4067848369678,0.5,-81.00766662385456
832,0.05358316948043053,0.38522865638794146,0.02849390749087615,1.8323360673664155,23.417298794534936,0.5,-69.51935547168858
833,0.08883534036824658,0.3900218559586238,0.011112419711347483,1.807218472869033,89.03039841888221,0.5,-73.73637449175301
834,0.056573857581106606,0.36759628398867866,0.010670658511662635,1.947056484189279,246.27833669675024,0.5,-128.28391793837258
835,0.051584037139738984,0.3841494131887271,0.039887035476040625,1.1881947711410468,473.78400737139924,0.5,-20.350037743088237
836,0.05714343362912226,0.40680355698419435,0.03565658553201173,1.1709385661304366,322.51658547619087,0.5,-8.622740077382819
837,0.06321093687753823,0.40767505418491606,0.010792100612091318,1.3294803365597452,364.9760133738422,0.5,-36.14549702882767
838,0.0682604531183699,0.4597651314027542,0.032239306007633806,1.919689397789635,214.29934181799644,0.5,-91.28433482232731
839,0.08773212689108745,0.49174875696104836,0.007850703912393594,1.393756339123365,349.93074845495545,0.5,-17.654989086264564
840,0.07430818182373237,0.3615114015376622,0.030853473198720883,1.4769716699414763,317.82989575861177,0.5,-73.25605865254617
841,0.0955601723758316,0.38758384525565714,0.020538130010516666,1.783111911738756,363.2715237287026,0.5,-87.62529065782292
842,0.07696887175472003,0.4272003693839834,0.021297411994222533,1.3426015590083424,400.5640420933648,0.5,-33.33371786251394
843,0.05164644157960716,0.41147764396681935,0.026659192739162098,1.7309299340132989,190.57438921335472,0.5,-95.73644864397659
844,0.06920103407447058,0.4202960570424221,0.022306232255300564,1.481135507145128,218.43174912821806,0.5,-54.23139339755878
845,0.06819385481278256,0.43412627501686335,0.005607312129373071,1.695693223307978,497.6693887374349,0.5,-81.85673873714815
846,0.08850116950460549,0.44867335431786237,0.037652792198648186,1.7693984602644188,472.5580478966006,0.5,-80.72343310658282
847,0.09524008509963253,0.4137421007068097,0.030589494971464543,1.5860460776097698,201.79507614359878,0.5,-55.800382044669846
848,0.05678864461568052,0.49948241331992727,0.029632137268441293,1.8889046753110286,86.13456793190522,0.5,-69.6313395339419
849,0.07073048738314888,0.4863533912426674,0.030692111108404335,1.529893489808151,417.8734225849141,0.5,-53.80673766650467
850,0.08044130052123202,0.44591029551921957,0.02524618229069596,1.266744605138387,143.20295389831506,0.5,-8.475830360858675
851,0.0712658528020832,0.3803264705940058,0.031700113315907594,1.2026738409982967,247.34320003569462,0.5,-17.26408875801054
852,0.09823294202888594,0.37487362260303453,0.010570143725296981,1.6117650836715476,444.42261037729116,0.5,-75.62549389499014
853,0.09583037619029217,0.4742540165668718,0.01254215657949673,1.4241746551412902,252.2985386158956,0.5,-24.092293507582813
854,0.08158248074682288,0.4451033450579031,0.03283712848932935,1.521190668631561,177.29397743938705,0.5,-44.97061301667985
855,0.08414366471387466,0.43699885684871465,0.025567559904961065,1.2213125583190436,168.00296909847546,0.5,-5.08879478244851
856,0.07580255909500763,0.4326526263131567,0.012674298573528992,1.9877498481270766,251.1848710703321,0.5,-101.17440067343456
857,0.0799139030345524,0.44336853643731267,0.02823863960642066,1.9816339629357018,234.40236847795978,0.5,-92.76279957536326
858,0.09574171851414148,0.3923684623122123,0.005149331134866708,1.3533928787117324,301.3815060424521,0.5,-28.15078415069199
859,0.08425580384600978,0.3511018779339354,0.02267909361412903,1.3727440961266006,97.4914989685844,0.5,-43.42386169156978
860,0.09005739731572118,0.4745665192454956,0.019124023179438523,1.5315599037116714,83.91881045249553,0.5,-27.67826445195123
861,0.0646022304019271,0.3863761661199345,0.03804968244151284,1.3944171460701749,113.86256052297172,0.5,-43.115640169614636
862,0.05540494044367597,0.4801777582550003,0.013058448856899867,1.4512406196980334,128.79132967234068,0.5,-31.495182537419808
863,0.07231871801252539,0.452142509600697,0.005501969723490804,1.8189619656722773,402.61226104254183,0.5,-86.33016429942786
864,0.09219879152478139,0.45962000604850667,0.022492996354782767,1.4413248508718142,308.1051405481465,0.5,-34.05942372466364
865,0.06013635138043371,0.4290775377546628,0.018535242877825035,1.5851093698879513,418.95024649912784,0.5,-81.7234421947666
866,0.0870202033356504,0.4116071681323245,0.011520407881452975,1.3150615152486411,300.124235164755,0.5,-25.2913874314122
867,0.08176662156401344,0.4288865301925343,0.027381288715485553,1.5403456674828746,210.5742601566673,0.5,-53.884029034423996
868,0.07768834703302782,0.4020763024866285,0.03483429042250531,1.1754798398980721,360.46244499680256,0.5,-8.962051462264268
869,0.09684663330702781,0.3824058946929182,0.023208789721483086,1.816276039349965,33.546587037509106,0.5,-55.734902804916956
870,0.08896627662628745,0.3753502978316112,0.02681091491441748,1.4468751424491089,240.5673438002185,0.5,-54.70095440160463
871,0.05411290452796563,0.4030358677211371,0.01389066860846692,1.9897571326066026,292.11211952387305,0.5,-127.65651760377261
872,0.0946257829792691,0.38492187363351216,0.015655480593526033,1.468208412754831,423.1781113087934,0.5,-58.52578883585528
873,0.09433899814852209,0.49976744293826436,0.005526032293909846,1.3245118013944035,206.1408071285649,0.5,-3.1534876399596037
874,0.08229289848483255,0.387941144189501,0.017362038653617136,1.7168186545564728,86.358187347278,0.5,-69.74208064838813
875,0.08358773009684295,0.3557405836560074,0.037021494639350325,1.4924322880086567,335.5223268793808,0.5,-72.89961226094637
876,0.08285642164980937,0.39950844945059455,0.03673837129688712,1.1000851575845683,194.81052907894056,0.5,-0.36671729713515866
877,0.09401517365499222,0.4141501838823708,0.029951008239734338,1.618649442698319,343.5275484318717,0.5,-66.84966420146577
878,0.07070728709080615,0.4470043248618568,0.009199837155234617,1.1738101803826355,158.47317740796623,0.5,-0.48908479910643954
879,0.08317066361563408,0.359131884212377,0.005916502896883968,1.6621881699931766,230.80154264802835,0.5,-81.68428502064359
880,0.0836585932049708,0.37255372446827767,0.008043304506420532,1.9238086911857781,286.3267918817223,0.5,-105.51413490609998
881,0.07561153969577086,0.3589395774844217,0.026313589244775264,1.873654776286326,56.03192031138334,0.5,-85.14935584123438
882,0.05453225738657157,0.379267172422836,0.00597255252322991,1.545426340475081,145.82608207936292,0.5,-70.07770436741774
883,0.07149117039547107,0.4011813910756783,0.023790529831235755,1.7820738175198225,98.13382009267734,0.5,-79.03367937992617
884,0.07559396397914861,0.3770400209541391,0.019656192592012053,1.4359123740000488,222.84887177544323,0.5,-57.28649324974199
885,0.09576894041988848,0.3622542817504771,0.037987638164490245,1.9458582494150958,465.44120012469796,0.5,-105.16868561451379
886,0.05422271848688797,0.43825020319288044,0.012498764450239551,1.1773852880037339,498.334869250521,0.5,-5.012380989783397
887,0.050541390304537845,0.4027530202729498,0.015742066666827155,1.6689571202855844,335.0560387199044,0.5,-102.65828042481606
888,0.09781227566749193,0.4920602392099288,0.01934774165556763,1.377339376771028,288.807508766627,0.5,-16.425408746843644
889,0.07652975578054881,0.38973728466736896,0.021738854327804914,1.13505138705173,63.83114284636845,0.5,-1.6305896973166378
890,0.0548926445443532,0.4221905170710467,0.024065252189698558,1.8380342159025198,232.42605072083137,0.5,-105.15827044861437
891,0.08871540866342886,0.46121923143003885,0.00509486618885912,1.784908735364362,25.560142185340084,0.5,-34.42572890522745
892,0.08165254932708191,0.3919464293846698,0.03782051798959729,1.3189841558953947,488.3150108942499,0.5,-39.470838630498854
893,0.0569023742166987,0.4080160812216593,0.03711018682412126,1.9519723517292207,164.82523724287591,0.5,-108.8568938114927
894,0.053889725233001264,0.37761588164264726,0.01472677848897035,1.871000383844255,399.75094756881384,0.5,-130.1795581505647
895,0.07329307588325085,0.4767881883769115,0.019598125042016596,1.4354775071815133,413.43102461636687,0.5,-39.12451688947189
896,0.05695188796620152,0.42424165453669527,0.016661796385229806,1.8090162768776976,297.7854479835007,0.5,-105.7700198716209
897,0.05437249463126248,0.37782267305330103,0.012909610373492869,1.7945957419540133,206.90205954662778,0.5,-112.04214078924919
898,0.07713597418676092,0.40474993870951104,0.03019475933907727,1.7466536709545037,451.9657418915848,0.5,-95.80510974008722
899,0.06408899201665694,0.4609446067455963,0.037325353973463815,1.9101101055887266,458.77850541006904,0.5,-106.86961559943829
900,0.08708023628423933,0.440818879637267,0.03407072530476265,1.4375376734138654,87.66274523933437,0.5,-25.24864477541012
901,0.07882054925163255,0.44457871095893603,0.008963680019554818,1.7121747144257011,488.92412462276155,0.5,-81.45812226371274
902,0.05556991596308726,0.3735244316242718,0.03370443554650015,1.1509720769956877,61.77965600534058,0.5,-5.881082499459082
903,0.055780761512491665,0.3836729345121538,0.015089703302593942,1.3551415977510353,390.1712779792176,0.5,-54.32771473102579
904,0.059297615164646475,0.46458942344559906,0.03646803336346749,1.8977419831265958,176.56956897296553,0.5,-90.66836365908195
905,0.07751122086653826,0.3867699587349374,0.025159381936016963,1.1699863233741832,440.0675565536097,0.5,-12.212089282190192
906,0.09870545115424202,0.4776850057447195,0.01869784431438702,1.6557024183503506,285.8029267629003,0.5,-52.29020442951206
907,0.09985095234063346,0.4224937618022383,0.029099313007089282,1.6042072904791098,187.80904991811244,0.5,-52.4842102639913
908,0.08732292571042433,0.41682808920207715,0.024460167327549614,1.4261649227438495,165.67588638290215,0.5,-36.77090350414161
909,0.08845022539703096,0.4045077328026406,0.0078059983498264965,1.6102715603614715,248.71167115525142,0.5,-64.37775592095623
910,0.0932897889340849,0.48425897346755264,0.020281539891551563,1.2753653646359517,392.0797365191867,0.5,-7.3373145075612864
911,0.050779357418984664,0.38462311568472013,0.03906506597852978,1.1554016942284553,93.54336277383713,0.5,-5.958336869671345
912,0.09223322638080991,0.4240855250051454,0.03207260463368868,1.4829501325041905,452.9397487805865,0.5,-52.67770492596263
913,0.08264997614460547,0.42161868486456144,0.005266388109764831,1.3683319689862399,314.09211111130537,0.5,-26.139298839597547
914,0.07022833873991026,0.4007710604780043,0.017487018944823296,1.3721963900461924,27.118116924925076,0.5,-19.286334809982865
915,0.0570012380042119,0.4468032235070065,0.02847259450781544,1.2864007242345954,101.6378671487217,0.5,-11.737372318726688
916,0.06563195459781804,0.3773629672943033,0.008712751070553358,1.5335566498693793,180.0999889567486,0.5,-70.6415760863284
917,0.052416221097869246,0.46107601814371624,0.03296193598917983,1.3920609641718014,61.008468707863315,0.5,-19.834148031492788
918,0.08332253831044081,0.3818465391641979,0.009669808587624415,1.9717751922544897,85.62093289104719,0.5,-89.18307408312006
919,0.07447133814797349,0.367967354353491,0.03754508650315588,1.6122819771965835,208.98144645385332,0.5,-81.81467907388611
920,0.06959939852819425,0.41877757660721576,0.006510471892000991,1.696651444906642,34.69963124865326,0.5,-50.662337685989385
921,0.05754356248576048,0.446192441526215,0.03816920993436333,1.6436683649758135,133.85437691156574,0.5,-65.95710134192419
922,0.09978367180415958,0.4049819354189671,0.035538149670540156,1.4752598653486912,15.550748761424927,0.5,-16.230241320415512
923,0.08507769389096219,0.3674597653368664,0.039791865094828835,1.7062637838438357,212.38420273529732,0.5,-84.87442222749577
924,0.07545883583822176,0.49316417660068756,0.03355169371898428,1.6080304245396304,185.1767732689097,0.5,-47.88711364787948
925,0.06535718635562644,0.42373225331261166,0.024135069814123403,1.417489729946735,332.87185529272415,0.5,-50.056272329796336
926,0.06977791995508166,0.4805273035222757,0.007773152167189747,1.6231623175200265,167.79535442160116,0.5,-50.78757022308823
927,0.061674450861634006,0.4296800502429908,0.031165732653091128,1.85136449560518,493.8646605422768,0.5,-112.22711946402359
928,0.07497312861613284,0.4861105126964813,0.03633271438827301,1.2361694844333142,477.68318967918253,0.5,-5.578856207918203
929,0.07646089726153336,0.39555864943563607,0.03310316841941664,1.1060723065329223,18.537800973039367,0.5,-920.8991125910024
930,0.09764098314615394,0.4649978695974512,0.038746609929345976,1.2602565721214385,227.4951520348377,0.5,-5.463308626391465
931,0.07597422895868097,0.4425158535384803,0.011877269006960494,1.2329595673699436,440.4650757841776,0.5,-9.530544295294952
932,0.05143259559892564,0.40325821259092665,0.018037732790718027,1.4973708317371661,62.57116068166295,0.5,-50.382686391438895
933,0.07521788193778947,0.47671247830930974,0.03631938179251437,1.8315700285764178,497.3880577526298,0.5,-90.31257588128064
934,0.07163375463201982,0.4928076434980518,0.023117023560749236,1.3032031494938612,292.8026607460308,0.5,-11.21568380915441
935,0.06276488149842623,0.42455363222082976,0.027603977434812743,1.9028201459862237,14.566564771119138,0.5,-50.07299830790974
936,0.07725293589012884,0.38538422653065396,0.02728740232925229,1.1102338713947064,156.1530317666798,0.5,-1.9436462363182851
937,0.05112667352745656,0.42654177459658676,0.039666113998865396,1.7501199949035238,277.3745788638998,0.5,-100.24745748696606
938,0.0934319771977783,0.394020467322536,0.031191481694124577,1.192586732552267,44.08388234211143,0.5,-3.3676026921093003
939,0.08115062350087333,0.3659950074005908,0.018486921913523205,1.1884362466823877,250.3044074275986,0.5,-17.25144094196711
940,0.07966495182886077,0.38802669122455447,0.02721079544175983,1.661006213418677,46.862536341056476,0.5,-55.73119691465663
941,0.0844592446598623,0.4343218340179561,0.02116416316103907,1.952919583447089,170.15851862355552,0.5,-84.92885408431904
942,0.06637606545003696,0.4423406139298372,0.006053107981785273,1.3201506415559896,348.8284714933491,0.5,-19.084895031893335
943,0.09016458240763264,0.4990999093819849,0.010217186838411295,1.3319134876822654,433.72518599815663,0.5,-10.814144345727835
944,0.08778534211566161,0.41321575136013433,0.008196845201632464,1.689451350104533,38.368496902556174,0.5,-46.445326991652294
945,0.09503742678850113,0.36348652221431194,0.01582133333352151,1.4544669430940553,417.75168375139236,0.5,-62.43626229892185
946,0.05048503536481413,0.4234881528521001,0.013954273573269465,1.7072928491956776,331.3624237577721,0.5,-101.60970014834791
947,0.05998038258398531,0.450393782281564,0.007503893010620646,1.234782209980525,43.222608117848424,0.5,-1.0300532746528273
948,0.09073128341206357,0.3786062628621023,0.01543476519860979,1.852405740042741,40.73209780443037,0.5,-65.86950438897667
949,0.07124449192108283,0.3823822067490457,0.0242714081453684,1.462613717045841,262.2264791329156,0.5,-63.815627174141994
950,0.09832324721269081,0.39765507086538304,0.006770116207451897,1.758891018804212,183.12711985640556,0.5,-70.84291991604765
951,0.08436839917540262,0.4962753399392724,0.023148166812257207,1.2895729583737403,100.59016474880669,0.5,-2.368437212234185
952,0.09290510515234414,0.47522812797436914,0.024865666569030644,1.7406596763581343,437.33461765756306,0.5,-69.6959645852478
953,0.0806558547786714,0.3564009189161435,0.011675356714954871,1.1896706472114618,271.2843463646943,0.5,-19.862837894615627
954,0.0964010509430697,0.43755399845887766,0.009874655912067196,1.890920951754802,443.85562749750665,0.5,-86.87612057633447
955,0.0859540678141932,0.3575649630923489,0.02156970891207804,1.1981835674585342,279.2035556874516,0.5,-21.43160160182622
956,0.07570434934385356,0.40311480500085806,0.018813393386921194,1.7679040212116486,333.33071603543806,0.5,-95.30575040414098
957,0.09146649547891902,0.35932474618709076,0.016932930423891494,1.8453118896210614,236.73573738242897,0.5,-95.75082364519854
958,0.08981045124681342,0.49309932588072947,0.03507370172177118,1.3098279069676784,6.973661089676408,0.5,-3.0203439620868764
959,0.06910797486802939,0.37468858641554253,0.015167068986297624,1.727931247443867,427.8212444085008,0.5,-107.20503523566546
960,0.05481738850086617,0.4389449178731001,0.028399425479327695,1.4798988758859,437.80541309635385,0.5,-65.872615021862
961,0.07996953750557319,0.44667573671231625,0.02623046272548529,1.1480144520593207,482.7303260340644,0.5,-0.7613765033226116
962,0.08073898625900018,0.375635662607715,0.01086488224776886,1.761849895352261,214.88534534703902,0.5,-91.7815182643003
963,0.05759167613900985,0.3598552456781023,0.029523644238303587,1.1287294859232657,170.9455634073609,0.5,-9.478613686578944
964,0.09370077761673547,0.4630699665345732,0.011658531224169906,1.9508158767292412,426.1714322640717,0.5,-87.87330695922442
965,0.07897807783407658,0.4900974038640578,0.030942913859229454,1.7179517681405456,313.31435260159094,0.5,-67.13350876029534
966,0.09279931365983081,0.3858900479304769,0.03452196495524569,1.7740154763398799,56.65568518873095,0.5,-61.42096898906506
967,0.06343806115731121,0.3772213139064458,0.013262957102553171,1.7151842074625365,265.72035489389253,0.5,-102.05485995680252
968,0.07138204004282234,0.4513994147141545,0.02510050516264064,1.2763820079592467,323.9390735314074,0.5,-15.415973493837718
969,0.08017367256854166,0.3797496312176363,0.018091753072249986,1.4302733281815567,407.4821014323338,0.5,-60.81626113265696
970,0.05909146255935382,0.40886947619000336,0.009519175651861994,1.9853325439540837,289.4115934287219,0.5,-121.77346375179886
971,0.09013004005957097,0.4019199611194938,0.013148927350839352,1.840797000064577,307.34898455110783,0.5,-90.4457170904197
972,0.05138478171360642,0.39600120551551893,0.029718433014342523,1.603169237315199,427.7284758746459,0.5,-98.93491368857283
973,0.0522798922493083,0.44916119152381695,0.016990243226750697,1.9428257056049723,492.5972735699307,0.5,-124.69452501660588
974,0.08638089113351291,0.4952494652025756,0.00909466452854137,1.749182071529882,468.0110759194541,0.5,-69.65248297290195
975,0.08670579875774222,0.3981244704717094,0.009357263933019642,1.5305286528054347,414.14323408559943,0.5,-64.03855721063648
976,0.07590716501054141,0.4257435468254809,0.022940755096354848,1.599076140684897,272.49183417811975,0.5,-68.71050383829562
977,0.06362816395748955,0.4750745746917654,0.008448818026875733,1.982424841481628,181.36349629674226,0.5,-95.13991039209547
978,0.06214844967337982,0.43096055174886433,0.007611743856202607,1.917986165827915,205.47379806662929,0.5,-102.44321124916782
979,0.055284048888389746,0.43533094632446884,0.011094621750222472,1.7254758642666554,419.73659597538875,0.5,-100.66202082594822
980,0.07100959392893402,0.3613203802981029,0.030500839123244784,1.4632356361303105,118.78016267537274,0.5,-59.57335145009835
981,0.07173489779229936,0.4009352240316269,0.02468967845833728,1.2278134070975022,73.02388039862535,0.5,-9.100412512238815
982,0.09715081583744423,0.3935439931322139,0.03338175146262466,1.67526052420222,238.5235827626199,0.5,-70.29099582562954
983,0.062480014727670216,0.45334159412529856,0.021561768865849682,1.297731551711157,269.58784888105174,0.5,-18.740290080207362
984,0.062292587780353355,0.44762356796340225,0.031033411974961903,1.382249760173534,224.5399643713352,0.5,-33.74333701802181
985,0.09956766890412513,0.45949345193998853,0.02096067904771901,1.133133412854764,14.930446424233573,0.5,-920.8991125910024
986,0.06847931235655474,0.40544679583078447,0.029839475466792064,1.4101477111914411,149.6507093115793,0.5,-42.46919417195455
987,0.08577929141066684,0.44043319721741425,0.01995290235813297,1.9501855505337182,306.4682836756702,0.5,-92.19345476305976
988,0.05033271215813386,0.3882919409405786,0.013560298384283007,1.7639860925939679,28.941365627828247,0.5,-71.59970362792748
989,0.0925032981825512,0.4117349710014264,0.013020563224660608,1.5997071103597715,135.94315618478922,0.5,-54.351493241132914
990,0.09903885854938235,0.3720054891634881,0.032709198096782285,1.2240619215307842,141.63452443817033,0.5,-15.746809794224994
991,0.06737203745266258,0.37424729548060587,0.014036076040775369,1.5778818907633798,418.5437640224546,0.5,-90.84716050529208
992,0.05063659622449524,0.47096286582734526,0.026259020193818126,1.3635552971094076,366.5404091226995,0.5,-33.86432776730698
993,0.07288674308976016,0.42355590538756316,0.023996713844864397,1.7233261565164795,295.89975751169294,0.5,-85.8198397196727
994,0.09154375883682908,0.4106989460916164,0.03584103914789481,1.3223308055826637,82.01293734472873,0.5,-16.617965740195938
995,0.0905122123628294,0.4478994898810566,0.023210500055680615,1.6910590871036164,216.5344925436227,0.5,-61.95332088097203
996,0.05300411940578461,0.37267436221633365,0.013194101812031345,1.5574367342173208,399.11012551491206,0.5,-96.4462089503527
997,0.0711694047737458,0.4640195101529757,0.007583485670720034,1.5012580882397673,210.28239013408526,0.5,-39.385751908024936
998,0.062386254816935875,0.4425755230627296,0.024388144376684222,1.4007449257104079,150.2403927141505,0.5,-33.25854246519654
999,0.0943985517546077,0.4112543245015687,0.03513467494617167,1.645831925774285,192.30139653486282,0.5,-61.731835325820676
