,thetar,thetas,alpha,n,ksat,l,nse
0,0.08169385136356308,0.40067605422580777,0.03796400691735988,1.4825238090549324,345.64664809343526,0.5,-59.90069666868999
1,0.08807087614030538,0.3866296471671679,0.005295650661667608,1.790247283104636,372.02304076687966,0.5,-87.39296145956526
2,0.09431712164041912,0.3769162040118028,0.005686561649485148,1.8749229926610096,424.40626483895954,0.5,-94.71665778648186
3,0.0845806641673421,0.4845143348843066,0.015200519242908134,1.6373498516570189,352.67023975212777,0.5,-58.87170445215887
4,0.08286530295991082,0.4728146598803844,0.02178374457512053,1.543040486549081,36.785885579460725,0.5,-21.40950337793058
5,0.09385426843896633,0.35362461716593935,0.01336249675239548,1.9152514766660285,277.0261722011219,0.5,-101.6840025508098
6,0.08186641361467792,0.37080127157816656,0.022391634377411165,1.1334323629140954,304.11488462097776,0.5,-8.24005339575994
7,0.05658813430852273,0.3875857117089566,0.012589686073242703,1.6286387335645685,462.72533967565636,0.5,-101.96930417802713
8,0.090654197583075,0.49690766133963726,0.023909836405930474,1.2621770177907143,310.11820327251206,0.5,-3.7471030813449717
9,0.06609356364538088,0.4825560906088917,0.01896902421499855,1.4493526021949332,461.02463278599726,0.5,-44.32282684720297
10,0.08874715815639267,0.46981736624528003,0.033547247474217945,1.2123362988062698,333.4726643028013,0.5,-2.4447137804543986
11,0.07373027851369471,0.45081423980143487,0.02956343834088926,1.8954292728236002,180.1844177160297,0.5,-84.69210653858431
12,0.08092957643986777,0.4696190099358437,0.0341608236626361,1.3525797849336567,196.0662689484374,0.5,-17.88251184539215
13,0.09429465693591899,0.3535996475507563,0.005084877104515083,1.9853856317871883,179.78596988436175,0.5,-97.08316963090155
14,0.09330849414375805,0.3998399825180681,0.01703777299256294,1.6759488467472146,377.755281755408,0.5,-78.1353747549762
15,0.09921372863478398,0.3776142245658266,0.008693908244890757,1.4649918515425082,482.78175778408126,0.5,-55.57664545550736
16,0.09313289754140597,0.40189395902570585,0.03723617932479597,1.2180727779552734,115.8424221559011,0.5,-8.022481380246106
17,0.06727865639616364,0.39660998072074294,0.00823719815295535,1.3541432022354103,396.9796285332707,0.5,-41.33929772799192
18,0.05535528894534471,0.3647798179790307,0.011537289890650237,1.8314750756674538,94.67864698193881,0.5,-104.49040874774451
19,0.07006651555026985,0.37042224526022116,0.010776336183551737,1.4428897908994227,318.7616836976932,0.5,-65.12871497974261
20,0.0798160627586707,0.43634642052631745,0.02303385952543854,1.5872174916192714,362.5393935063591,0.5,-66.772846608783
21,0.06378949741348836,0.49653669046834753,0.028980303125793565,1.2221872439232468,488.10305423021646,0.5,-3.5805106074454534
22,0.06532636495665645,0.45765401387630245,0.022750935035908013,1.8931875941565908,195.72729187417897,0.5,-90.94436035803128
23,0.09109892283360922,0.42556710769935596,0.007336703192225971,1.1394444680428208,373.06343991894676,0.5,-0.39529636017576975
24,0.09384422356567879,0.4528730517522571,0.007539920113328337,1.345447847280575,133.5888548443299,0.5,-11.636126251920263
25,0.07181007232408229,0.3988221600786271,0.015371006809939716,1.5108746924764365,127.43540084390973,0.5,-55.69793035403717
26,0.08479676251571971,0.49174163992394837,0.021414704509864303,1.978910255428075,161.1772995511282,0.5,-73.73651328860566
27,0.08481495321548044,0.46521922025603757,0.01505284921805125,1.8361404803358663,427.1068381736759,0.5,-85.31908112471335
28,0.05056055191651043,0.37151938024149433,0.0173530136384201,1.4912892670736333,36.218471299272025,0.5,-51.3693755802655
29,0.051159325550625204,0.36465392125907736,0.01712371338909114,1.4535453126726712,421.97758325686766,0.5,-84.29050292097259
30,0.08750723274510036,0.45203733475777896,0.015120776920882997,1.6013976485105634,28.92797819253399,0.5,-26.60702074282348
31,0.052091002968287316,0.4364779613729656,0.03503498290271333,1.3861080479716414,393.8198732746514,0.5,-48.13307095332125
32,0.07974179620365139,0.4870068630084573,0.016719526005002608,1.1243240238427283,164.6999870271127,0.5,-4.69019693273679
33,0.08146294443709853,0.3908848165249348,0.007614887490873607,1.9477909293421476,483.6887775915075,0.5,-111.08219319133553
34,0.05955498815020191,0.43916656922614694,0.023998952794058063,1.2269523360085097,303.7153476671415,0.5,-10.828431703323737
35,0.07423414822093444,0.3592117939519843,0.03276201853947884,1.9984409764989857,19.135549020431178,0.5,-73.04892458839018
36,0.05782751477615916,0.3764871141637928,0.030712485656833224,1.5284201104403898,63.312357481223025,0.5,-59.35206617300399
37,0.09520312246778334,0.41261563966156306,0.03536864113162029,1.8237510910109747,88.91075288839589,0.5,-63.706222962576746
38,0.06656343985480835,0.38085363808551065,0.039481908345537164,1.5591857480680233,343.7341053018625,0.5,-83.77920439743293
39,0.07055323860997627,0.3504425825557915,0.03267926459413628,1.9671932297649994,64.86147076509744,0.5,-98.84692086719033
40,0.07566317864754593,0.48184965443279915,0.01833697852537498,1.5837973711236464,433.44602165672075,0.5,-60.52034130732595
41,0.07096035424124439,0.43780911998642424,0.023939078806800275,1.8687391149363273,336.95291720961166,0.5,-98.94045426234884
42,0.0716187879673902,0.49464332441448794,0.03550379960457976,1.785014899971484,436.8677587414625,0.5,-82.72871389550609
43,0.09406461647579215,0.3778020285516393,0.013251173133746921,1.483452257005002,144.36789549362243,0.5,-50.49750626892945
44,0.08879420350547079,0.4720878468988251,0.0398627756522108,1.4705503847321248,403.2328920093509,0.5,-39.722687727853014
45,0.07647379462554148,0.4015189158119927,0.021989549612069247,1.5364268513744004,404.79515191135897,0.5,-72.41531554521922
46,0.0817090486531989,0.4846280613147024,0.030264670796295415,1.8285525593395788,465.2654190501949,0.5,-83.19993973871817
47,0.09668445786158623,0.4111797185333,0.03312893336731679,1.679617747758984,457.0309448473361,0.5,-75.50856743004762
48,0.07549575383826394,0.4555906523153239,0.0204722050291134,1.8662814721047525,188.4497246170229,0.5,-81.9980557564261
49,0.07684331168114295,0.46387053204795375,0.02282003781074985,1.6991759296653839,100.69855843415075,0.5,-54.19275711149537
50,0.09366550109231081,0.3901034834335532,0.01170292381217904,1.117675521595543,233.09022218632822,0.5,-2.068450384946115
51,0.09749334367913996,0.36667807175471934,0.030683040838006895,1.9079469901823547,319.6727625722876,0.5,-96.61735810897552
52,0.09266791838161663,0.35592884465420005,0.017468810026152665,1.595724952800134,487.43948553938566,0.5,-84.7012556436218
53,0.06879991534651911,0.4194877639079818,0.03899786008716565,1.2888632251123917,79.83469897292584,0.5,-13.881891813114404
54,0.09057442805802925,0.3907519112836393,0.03597098103806359,1.7075545493214062,349.1148507628482,0.5,-82.75387262935541
55,0.05133713654318817,0.3813596998315776,0.03462249191904877,1.3599984277988248,359.5299383659463,0.5,-58.304787325184
56,0.09205582723049993,0.46716443758748566,0.021876073438350352,1.2448256257865589,244.7990379986542,0.5,-4.342548203540132
57,0.06455251065607288,0.3994488252050538,0.031554674923716566,1.9808818254494471,443.29671752653996,0.5,-124.46700624094434
58,0.07013407572677212,0.3537581783838317,0.019455853234083477,1.8292826814097103,132.8577787019085,0.5,-102.13406133672478
59,0.07923679922443785,0.4299721932108161,0.015329401349278671,1.2923678833333025,393.3059528874672,0.5,-21.83349865105334
60,0.07275006018069546,0.4315620082402526,0.008300500445936946,1.7532923133762668,241.41798667926625,0.5,-82.50290066865615
61,0.09762744693392594,0.4142338980148492,0.03425680653794791,1.2655312424011802,91.28567712627138,0.5,-9.304831535260837
62,0.05397437202368799,0.4444567855613662,0.02661356674214245,1.3133609061829923,428.5107487155776,0.5,-30.620753313365906
63,0.08245423380776214,0.3843820171821989,0.016455251179311084,1.967943684577011,482.2701316131176,0.5,-114.03592322536134
64,0.09802102688450345,0.41891063940725976,0.021566172966136214,1.95752811668804,391.67837543789983,0.5,-91.39818999778217
65,0.07861726983310319,0.42878651810179574,0.007666550535948717,1.2815770798736061,253.89167259533153,0.5,-14.208116023395105
66,0.06518754641967583,0.473689510829417,0.018721261910340656,1.2367632741378127,333.9951547792038,0.5,-6.12080422613314
67,0.05355875874318521,0.36039227385186495,0.027009572692285592,1.3026966936153686,380.75863977752726,0.5,-52.6707378486937
68,0.06144721118372369,0.3593980699264,0.017924378859099383,1.4084227932698512,395.5050455060447,0.5,-71.70126460977663
69,0.0979152467318849,0.469896388416571,0.015610455607591646,1.3980761976002718,394.9313700987033,0.5,-25.567114656985346
70,0.06474152916625572,0.49239138838296026,0.03566335445612751,1.526303653166071,291.2242398257414,0.5,-49.070308293267715
71,0.06940861091611036,0.48473064013298506,0.031222111342541502,1.656359512577995,187.53000344371154,0.5,-58.39118541737397
72,0.06188598319627984,0.499082043689452,0.01242236163125018,1.1681855132203824,40.23689950805398,0.5,-4.963468647988202
73,0.06954950548918676,0.36707737049542416,0.031972928179303334,1.213581993578713,160.76474367221533,0.5,-20.2817005534809
74,0.09292260511028821,0.37972518390377075,0.03213346507652904,1.2326658844824985,318.59530489430824,0.5,-20.997097128922242
75,0.05763923871605814,0.4989133180713988,0.02115618701295535,1.5862430022330092,242.2422444805504,0.5,-57.267488144319266
76,0.07706393536728104,0.39599516797096335,0.03926815288791035,1.7872089786892316,327.9915819329438,0.5,-96.13949020785084
77,0.07222340420300939,0.4245429882283581,0.03028047590519788,1.4958003130951578,212.542167005388,0.5,-53.306817626727806
78,0.07169912413255305,0.45601859892890684,0.016420846108179035,1.6817255217301703,270.9112128951818,0.5,-73.59718948383045
79,0.0633575076822092,0.3721040567182335,0.035181942290129435,1.7544100107735692,448.2533422257368,0.5,-114.30131629147076
80,0.09472130500769904,0.35773277423363353,0.02633163602618528,1.437021032866563,147.49938659614995,0.5,-50.7552323330676
81,0.08467728515080165,0.37128897509285663,0.024953747105885233,1.223379667147307,185.68679053998503,0.5,-19.525521902490727
82,0.06333966148391368,0.3787575326263396,0.026955618283086256,1.8978839937000151,474.18373406148936,0.5,-125.68246273422295
83,0.0643072645855983,0.47722596881587476,0.03987297780324696,1.7806322395046332,157.4670604818972,0.5,-71.85070733043989
84,0.08235292154954274,0.3724972876676752,0.0201337128090259,1.9040253395869686,366.4879979523159,0.5,-108.81332536734067
85,0.08775117512114092,0.3622025973924431,0.020518427465890655,1.7428254914530381,242.8464579628056,0.5,-90.4528178785413
86,0.09262142819189029,0.4215652358215467,0.013886394318462308,1.635089824743046,171.6283135335081,0.5,-58.65223304377851
87,0.06028007355504406,0.4057632397599608,0.037117085290173005,1.8362336164713344,324.7661257577247,0.5,-110.05792272192637
88,0.07637788306238114,0.35302547591499517,0.017068712300403858,1.1117901289589647,128.99369245678255,0.5,-7.112495228750481
89,0.08109069919872867,0.42851163498574874,0.013162172888177042,1.1610373868861124,431.9186423061671,0.5,-2.741139590251792
90,0.07883466975012993,0.39699629115224533,0.006485236384417604,1.1728589407401988,476.9414428355862,0.5,-7.42188589570404
91,0.08043644110900464,0.4054621618731399,0.0335738998565395,1.815319902173842,147.12112858536685,0.5,-81.37122348041179
92,0.0818228490179814,0.44566948714100224,0.03765187692434516,1.9177917242319706,435.3114990661629,0.5,-96.21263185778912
93,0.07743677070127536,0.40459398921808754,0.035237540038276643,1.142837267569145,155.273486257351,0.5,-2.0946811682135675
94,0.05665062963063338,0.37954381799659104,0.025380041975763924,1.5717165739489105,290.63887765481184,0.5,-89.81416454885053
95,0.08242801350377985,0.40465025737564075,0.016503806339488152,1.9352039614481034,121.78694519768173,0.5,-86.81726151592426
96,0.09164319333779943,0.40336615978055257,0.024322177586742825,1.6835615706848825,224.12977329377992,0.5,-71.41169499153463
97,0.08098670320175116,0.41625958139472446,0.01049113757783942,1.2525891862139575,246.51769103315596,0.5,-13.821876367354138
98,0.0937263954913972,0.4755846226677781,0.008752227084423789,1.716740123403883,329.6142776280739,0.5,-61.15755798072674
99,0.07652353801108339,0.43104891057534905,0.028179122309005673,1.9307068322745566,99.80329036647535,0.5,-79.5867285059469
100,0.0765694213610614,0.44858179722811986,0.017535365430814024,1.578621040037571,442.1982637988591,0.5,-67.25547149379284
101,0.08429372882383591,0.45135176400005134,0.03768462336605811,1.5847072205084989,166.3233957170904,0.5,-48.591799113327944
102,0.06854566228097442,0.4740684313369841,0.01295462173493138,1.9928480379447595,77.25209367390572,0.5,-76.16062901965545
103,0.05109245354374518,0.46056848834299263,0.019923772556692528,1.9730319226268076,45.8546356445294,0.5,-75.90879944181226
104,0.06826658451258368,0.4349919283042348,0.033623039867011,1.162983448484599,222.84027208131107,0.5,-1.6164597805902754
105,0.07848391753147275,0.3911809922340832,0.03448440117816521,1.4724335665916144,237.23690310044847,0.5,-57.74869648635054
106,0.052529748417867075,0.4785247354247547,0.015924622063244322,1.5008368930081517,421.4347379676178,0.5,-58.78527346100671
107,0.07544009601961281,0.43181370252375456,0.03031176340217515,1.9815730687231397,290.25259363362375,0.5,-101.91208411459209
108,0.08549486413360677,0.4806816316760911,0.02788110488369345,1.652410079469067,117.64518647544857,0.5,-44.159138960825885
109,0.05607943972645901,0.46326111787615787,0.033971383412185474,1.8235168678580012,247.97362235602807,0.5,-93.41526930575216
110,0.07485650946746004,0.35250424511909084,0.01921765636339879,1.7015633062918618,473.67672890462285,0.5,-107.61128054077615
111,0.07240272698303377,0.4958284544547275,0.03235893918348447,1.3486049179633368,426.7620405318744,0.5,-21.31813501542618
112,0.07207581699094193,0.43806058014428556,0.028788833193379087,1.5329564494318113,167.0715683022874,0.5,-51.587855363320195
113,0.08028816540385901,0.4747757223748065,0.020970505131633222,1.8454925463712488,220.72242543702188,0.5,-75.94255597520926
114,0.08296636000110194,0.37335741378767473,0.029780372732015985,1.1911746424974836,303.2878216287488,0.5,-16.750457898460386
115,0.06385970269401228,0.38024019625457217,0.02893092227443001,1.412620118650905,396.4052496152212,0.5,-65.00539109370615
116,0.05859636324351035,0.3649151355044917,0.02359827334117595,1.3072054881564172,53.69538453459058,0.5,-29.413822321785606
117,0.06250701617598839,0.45857782093457816,0.012395082816245174,1.695238548599388,331.5924347537343,0.5,-83.04563563362755
118,0.05898892765127593,0.39770957390520645,0.008967690657790729,1.1814044292844628,272.9022576017228,0.5,-9.521826951993164
119,0.09992018665020524,0.46734285971428485,0.03685622437032757,1.4463797736165724,449.76372940439865,0.5,-34.57582266376953
120,0.09418533471901713,0.4030695367348614,0.03880217427228387,1.233979257327878,248.83631243318752,0.5,-13.750987546216788
121,0.08274057265152068,0.47929704831090914,0.028673937933677954,1.514820120640179,13.257685127598823,0.5,-9.30198255440813
122,0.09318588611273718,0.4733829420340367,0.03645157171701149,1.1036389008362761,181.70443340708155,0.5,-5.388730092876142
123,0.05624028423944385,0.39230305112466013,0.022002881536811767,1.2995222478006936,461.6591412184514,0.5,-42.1943700912235
124,0.06948811153948212,0.47355448085335816,0.02216986744592001,1.8767282596668315,168.9593017475322,0.5,-80.70985388402704
125,0.05812365472690497,0.36942636705387333,0.019969037223010046,1.8171869999493855,488.4053427372232,0.5,-127.02096617593864
126,0.07378399364369737,0.375046265285165,0.006986759004957101,1.170834305864103,230.12695696767085,0.5,-10.390110883582034
127,0.09361326712374035,0.42291363483522115,0.01896576836023286,1.277371923598412,175.68020871075913,0.5,-13.406655901445802
128,0.06273918514943805,0.46340521132188833,0.01352757452403117,1.7942290779464338,479.509549402467,0.5,-99.42662749307358
129,0.07081131347923793,0.3517552793640236,0.02999428685202856,1.1883523228376986,382.36250993735837,0.5,-25.7288778581542
130,0.05985596250838408,0.4052567257721679,0.02074109814031268,1.1379950158195902,214.5506189174579,0.5,-2.974043160343438
131,0.09796800327467754,0.3877171069733957,0.022706894449515232,1.7146185293975311,237.13192283311267,0.5,-75.05177955700303
132,0.0794801645755306,0.393094601562131,0.039288439955903615,1.154820022193117,136.63040785127174,0.5,-4.274042083570136
133,0.06166369953002363,0.4755284195330529,0.01158437906540112,1.2663046895215393,58.6961320063553,0.5,-1.7675446515536621
134,0.09887591575576013,0.38348299014707454,0.03193040546246861,1.6259557632481556,493.051718870748,0.5,-76.77440002528515
135,0.06073820063128329,0.4893634217574474,0.006459401614600308,1.1413049508683288,186.69588299811127,0.5,-2.985281618029666
136,0.06998401066854669,0.45996908061790065,0.03614530763499838,1.3398226835207625,338.0954809502386,0.5,-25.606192759773514
137,0.07229931778977529,0.44926836109743223,0.023504805772591966,1.8840278962638495,451.5629295038098,0.5,-101.58201983340766
138,0.0568616297318482,0.42078337174429936,0.029449470795651987,1.9522940307507939,138.43662422423037,0.5,-102.83902117556077
139,0.06584792581375014,0.3851811545433594,0.029707197451057477,1.6141596125153765,49.13050832566179,0.5,-58.81250349130786
140,0.08645290231685093,0.43908145281695404,0.013559754084237659,1.7764171778635598,73.89678650818841,0.5,-57.68902370054353
141,0.05000745478393358,0.38844892775919165,0.020897538550167714,1.9237877261179996,8.166608259156312,0.5,-55.98943940264026
142,0.05050258604412774,0.4360419282160945,0.01858112886229662,1.4928308319807657,245.8845421151741,0.5,-61.90347611827797
143,0.05120886046899106,0.4601593911643721,0.0258270739063986,1.6490032820325062,323.6415164407438,0.5,-83.68937319909112
144,0.09961808226638776,0.35974067254478487,0.02930039440943879,1.6841638171300988,193.1875393552917,0.5,-75.72543357671786
145,0.05287317557401793,0.36635688950483436,0.014953065858046448,1.4227535460489757,96.94310382219089,0.5,-56.476613566277514
146,0.08135684825619047,0.45018067554979413,0.007442014043474427,1.4480115987071966,281.75040779610157,0.5,-34.063066420790605
147,0.06249846748072099,0.4449665031864487,0.02695622899970001,1.4012604928759465,467.33366046999663,0.5,-46.903040699967534
148,0.06647640292109461,0.3627686748347402,0.02625878631477871,1.3082436718626997,93.51006175250572,0.5,-34.062136910069185
149,0.07298266357829164,0.4311700337398795,0.03600987681093891,1.567649224080461,30.598717846857145,0.5,-31.740829343073663
150,0.09605551383641384,0.45726271392099127,0.008365386414413593,1.5450634841633262,74.76779681577045,0.5,-28.07931624819522
151,0.06709860210470883,0.3650581000131285,0.03715759816447176,1.374357834905245,271.56421830878264,0.5,-56.567463975513164
152,0.05100685298417683,0.3560136875853923,0.0397471029660668,1.457066735892139,100.36474175412002,0.5,-65.98760440699294
153,0.05073137195038411,0.49268251365669835,0.03829091469247524,1.3374512641592993,353.48970472841137,0.5,-23.603125796472927
154,0.08021471740832578,0.409435242284425,0.006011321328625432,1.955099398814247,408.6076203643409,0.5,-104.30944929549284
155,0.06412685603741435,0.40757492646393,0.023361763415685098,1.5053275449950636,340.54775787300395,0.5,-70.26541879466774
156,0.07829053328867419,0.3553863561411971,0.03421534844435924,1.4792666920874895,241.71453429026965,0.5,-69.7815499758021
157,0.0635830958865079,0.4960006780828543,0.028142714275421723,1.8747995273145213,123.92825233965176,0.5,-72.79998998572871
158,0.05316738358707345,0.4608208645748815,0.008118439978979448,1.673794715830268,14.281873596915826,0.5,-31.45576359519395
159,0.07049265556945786,0.4775369689804456,0.03478043952166139,1.5477078560707045,106.41459740050216,0.5,-37.77091204091916
160,0.05323814277389482,0.3790938046612048,0.03561901904798821,1.9943196609695686,70.15864894950263,0.5,-105.27087679567889
161,0.09217499111288743,0.4984948925307669,0.016893900560412317,1.8087451276260824,346.966084957933,0.5,-68.70571745125056
162,0.07001461666556417,0.44134118292931185,0.011142030418495232,1.156493655753776,267.71115837048256,0.5,-0.7505435041782609
163,0.054083669578955794,0.47898413420641106,0.03920513039370346,1.3161460527418827,358.912371325851,0.5,-21.64744779107481
164,0.059830532137546084,0.39830824301808027,0.02997512582427554,1.9212729403071884,196.599058949877,0.5,-110.42594288535538
165,0.07689452111018896,0.3679045737561196,0.014760237695192024,1.8912042244004126,283.849691291054,0.5,-110.04144890457599
166,0.0581984306907673,0.45433886681611857,0.015399531442685497,1.6700892350382854,482.1355352469259,0.5,-90.42565666694085
167,0.08732134830996406,0.4909867606562416,0.021603671444626566,1.2503156113341685,335.7835342952932,0.5,-3.7426251297311506
168,0.09348367104001234,0.45232891314828305,0.021350001001681673,1.719296309605344,288.02334483017194,0.5,-66.25118041980734
169,0.05845264864530231,0.4805140238542376,0.03377810932226271,1.4766487276586522,454.9482688812916,0.5,-53.46213570320637
170,0.07306567027807373,0.3741536995532447,0.025947787768118676,1.2520945979600724,25.43722923528169,0.5,-11.439953436218241
171,0.0679524526786294,0.3986823079408374,0.03673701564076699,1.2573272132741566,411.0946022527915,0.5,-27.28818669515417
172,0.06198398375655704,0.4584314728419631,0.027555568978206067,1.9463522924182006,372.2537460975123,0.5,-108.70104218586123
173,0.07990359037727228,0.443793758583077,0.03911482362429338,1.9479870972847273,474.95609209747835,0.5,-101.42128791013403
174,0.057930746708895864,0.49288782710637213,0.010418256151204109,1.200809510410497,425.4955022245716,0.5,-0.7261485213672971
175,0.07771793807837332,0.36448424487999265,0.013667895554015309,1.2739681616860625,432.554115418212,0.5,-37.279274255363006
176,0.0978093004215928,0.48647640786853097,0.02923966504867635,1.862139964615235,290.0493787256086,0.5,-67.82062294236384
177,0.06804432653353526,0.39955481091963524,0.010074510560598916,1.3000932520353605,210.37708491974917,0.5,-26.825285142476663
178,0.06399274628282556,0.38730223025003124,0.011306946609156305,1.9491903016538332,367.045235917068,0.5,-123.90295399338676
179,0.08405272050638751,0.4068176765203516,0.021821773727549985,1.3322518784260378,351.7659179799413,0.5,-33.55289520871984
180,0.09629338094330947,0.4056369343970459,0.02228002783085226,1.4067946572102628,342.66694856333964,0.5,-41.73324115080711
181,0.06406635958029144,0.4925526053491146,0.026390221455411485,1.1454621698692213,493.44035895234674,0.5,-0.25137866162844547
182,0.08633370130895632,0.3507225452675712,0.025852943937297347,1.5032058405692483,148.93732523479957,0.5,-64.53027580737758
183,0.05947055212827105,0.35959925791287184,0.027545259846187456,1.9835817742947195,250.32514093359137,0.5,-129.0420962552554
184,0.07044150694511384,0.4132168150512929,0.025259148085949163,1.1973059088613809,481.4691034844169,0.5,-12.320709370384833
185,0.0886224863654162,0.35023163551364156,0.03749549642712477,1.2479382154120593,475.53460500126226,0.5,-36.46620854217357
186,0.07133827492502026,0.3897284561147322,0.006066832437073543,1.7317079347038256,165.31270406462812,0.5,-83.54327483616552
187,0.09460303846341982,0.4023830194131254,0.03457972783179439,1.8861916231708427,162.64766836321402,0.5,-79.77794359820777
188,0.053682424879877365,0.4161121361954081,0.007934915557762495,1.1441321069747246,334.2833372057728,0.5,-2.4460949108139087
189,0.07283080492810748,0.3824437270787516,0.013037634601364916,1.3957605463132652,154.44615160657844,0.5,-45.23836234407658
190,0.08498056527585277,0.36895178060465594,0.039194379805594794,1.7132457441647833,468.0821619291558,0.5,-96.17687579937494
191,0.096318322832317,0.4715981877200287,0.025669663530231913,1.8939360646274035,66.81168697607225,0.5,-50.713669337240404
192,0.0721716321240302,0.4352769104705428,0.016411123654717297,1.2898282702435155,92.83170784034505,0.5,-11.334063970407959
193,0.05158986197875114,0.3662139820888839,0.00797148352144049,1.7499414642244475,266.1892367266882,0.5,-115.09084513289739
194,0.09530842039745051,0.37440129852902104,0.020254573195191503,1.8480991429987634,272.55341957289994,0.5,-91.38138557641562
195,0.07031360420787891,0.4065247153428939,0.007367441452328932,1.772473062550908,77.01227505945536,0.5,-74.05388093194037
196,0.06541564728086742,0.3692007199737226,0.03369221342443426,1.3601443199612675,291.5723769015982,0.5,-54.195735722856405
197,0.07051098751500835,0.49566104273923006,0.035336425802910486,1.3779999991456908,403.8953858199429,0.5,-26.461224604743997
198,0.05921572730488017,0.4531196940606303,0.006364759393261284,1.5550941553774824,7.62878655178044,0.5,-13.463704326861277
199,0.061279958781760534,0.39671470481845816,0.02827705490205637,1.9410253982564285,236.53896668136994,0.5,-114.62955103083004
200,0.08715505755289593,0.418562482655411,0.005776494980910108,1.4609625570168638,141.5773653195682,0.5,-33.3078899712375
201,0.08988326020517406,0.48710143784602167,0.012722962638257227,1.9428698435745542,378.7808779465043,0.5,-84.00989912250681
202,0.0604994933742019,0.41807920440784346,0.006732562132630257,1.6116144582439174,200.2122317585063,0.5,-70.56580389329378
203,0.07395672285203836,0.37839882034830147,0.010599549520374483,1.2070812379157765,397.4475604904428,0.5,-19.090686793519495
204,0.07075320676261188,0.48438960668334985,0.02122029633733611,1.852583963397289,420.4523291872399,0.5,-92.13250849760918
205,0.09600374720063493,0.4190590514275834,0.017735063412744615,1.351539779507389,60.61550588187799,0.5,-15.229015212632557
206,0.08018765998509572,0.3984764920538861,0.026049950741520052,1.5313761543176323,215.6575689042535,0.5,-61.82392636419529
207,0.08364473552277135,0.4702823318617726,0.00688461302692535,1.125619284556017,149.9815961480912,0.5,-3.1932483909352163
208,0.0771824621366419,0.38002586777598146,0.01602285693512272,1.6623671151050154,258.8673207149699,0.5,-86.51097842243394
209,0.07300268485939697,0.4551152371666469,0.03814964064655575,1.4747089404413654,260.02563078078776,0.5,-44.790741678333255
210,0.05582551313231104,0.49008744062560156,0.027790222378664926,1.3585871858058858,481.15526843873835,0.5,-29.994329013169594
211,0.06927342899021877,0.4866927046953331,0.027427997387789223,1.9034007934451007,203.42234094376957,0.5,-83.15091980552972
212,0.08932340327302132,0.42957086904932806,0.02207337216843351,1.9379263643345048,124.62347311889341,0.5,-76.71224817803726
213,0.08911671076466854,0.42868325136297125,0.0216753539324054,1.2192393974232794,257.74364303598344,0.5,-7.4909839365171855
214,0.07389305651215225,0.39616460833847783,0.022536715694750947,1.7713418080532572,297.9138571257974,0.5,-96.44289307111492
215,0.08852275055161535,0.42791330078762685,0.0285799724429231,1.4893965227777382,404.28791375103145,0.5,-52.93902151855562
216,0.08993563590014794,0.362626929243874,0.023152616956176483,1.5619599660109986,309.4859051131193,0.5,-75.36116314140251
217,0.05631464178112302,0.3982833487457834,0.018350971860145195,1.2760549290542642,360.1548261642968,0.5,-32.14382070934038
218,0.06539504339472008,0.4976737910573914,0.025463116549585503,1.7631972944638146,314.6160239124179,0.5,-78.97649746935501
219,0.07285945085336673,0.481963008217238,0.013215612442012692,1.979987989576133,23.742399063632018,0.5,-48.59369056339434
220,0.07953344500528094,0.4106137906903881,0.012860406366280126,1.8348606449845963,21.145999405565554,0.5,-51.10303117188901
221,0.06911502633786193,0.46596965218316505,0.037777691269614125,1.987397053760952,193.76788974802878,0.5,-92.10292742216016
222,0.07191606761529076,0.45683934737752485,0.030354319290866093,1.4582492656723192,486.21155654128506,0.5,-50.90212210674057
223,0.07401447025653522,0.4992986827859049,0.006412121273670116,1.9547267382648836,24.414090006090117,0.5,-44.63464960441536
224,0.08701488935366147,0.37910321597999347,0.031334773088641514,1.9877910524243472,102.6648994419304,0.5,-89.0818896042228
225,0.07408312149867108,0.4901582550316507,0.009541803687674974,1.221316007026252,71.79135982657732,0.5,-0.009711556509936603
226,0.05271346784590903,0.4213329411122284,0.022770491810066937,1.3848199335860922,420.80392236267073,0.5,-52.445345124487204
227,0.0524174497467651,0.38231067746046726,0.029812587961360305,1.5271792704093077,456.67880376294636,0.5,-92.0810551042747
228,0.07499057037513504,0.45751124132509147,0.019299611127079383,1.7732616733888373,294.2796420733852,0.5,-81.80466469046542
229,0.07601938299502795,0.42340346267827367,0.01711575685793168,1.2411469262278882,302.9175199370147,0.5,-13.757329088008316
230,0.07584739585394673,0.41738650545701095,0.03185293934591014,1.2091186978335748,86.43119822970631,0.5,-4.636128726605493
231,0.07443893006793503,0.44472491068420705,0.030152765606417435,1.3250455412484097,208.594821467739,0.5,-20.802862805647056
232,0.07110370863151425,0.4930022143321262,0.020445132607160417,1.2782004987661268,164.4254811478288,0.5,-4.687705155045189
233,0.08311293201183187,0.40809205912678853,0.02544453375526846,1.2635820616636393,59.82840651988804,0.5,-9.540124198821351
234,0.05066444571579019,0.3753650496579818,0.013121080550875162,1.9108402548673074,116.36946898112663,0.5,-114.62401021795189
235,0.059668570845599664,0.3698756865451839,0.026908499088602166,1.8184931913076792,223.1171481912429,0.5,-112.33861493290874
236,0.05913987444888565,0.4742382322934617,0.011353949270321129,1.213321572820968,151.60165472955524,0.5,-1.0768642785240266
237,0.07459510970591914,0.44487120916779055,0.011633110188375914,1.2458931892147576,69.66885935079948,0.5,-3.283343973091161
238,0.0606145911593787,0.3729851114305976,0.03955431268840508,1.4975520143809264,489.6723703766578,0.5,-86.05957139010972
239,0.07695174912441541,0.35683136687091155,0.01975854985807448,1.735429876837495,95.01705891408544,0.5,-84.26191475127374
240,0.08005258310879146,0.3993482101912942,0.02488921984384925,1.9008122073716178,383.00101757023066,0.5,-104.71556823906052
241,0.09277597263832588,0.4137391598419674,0.035943763901990534,1.8888423421720337,115.12839851325637,0.5,-73.08076017675359
242,0.058898503830945505,0.36687562652305067,0.024160744676928372,1.7779459811227882,15.738912136444004,0.5,-61.85954372569723
243,0.08370456544387891,0.37226403531309843,0.012179511816400292,1.2932265313324447,494.18346619464245,0.5,-37.30834632918669
244,0.05944908636086908,0.4563520516476657,0.018846854135460233,1.3577585399080936,158.9837587866602,0.5,-23.965564052366716
245,0.06080406951583165,0.4026254553939515,0.017184903553810093,1.283966376475534,105.65262252398561,0.5,-20.57374163897635
246,0.050388211024192116,0.3751943417090228,0.037906641684659056,1.6322408215969997,41.606184736974875,0.5,-67.00571646586424
247,0.05375074551320774,0.4885136507209694,0.0072188455605009805,1.8610181750751682,375.62909030335027,0.5,-99.20178033929575
248,0.07823609547869963,0.3848923688828152,0.012573377865684757,1.1770404255769253,115.63802331117577,0.5,-7.606344563077997
249,0.09680804685056013,0.4063364344117667,0.025230234689389584,1.47849743861315,330.47454781960255,0.5,-50.90910999746458
250,0.0791616789541561,0.4355967646168464,0.011734338772654163,1.2766104635321769,239.5214700988717,0.5,-13.778516748641742
251,0.08891125291727574,0.4917528956625077,0.03351326822519252,1.2165696447269276,84.01490735677756,0.5,0.16536588706006072
252,0.09714795035433824,0.4724306938208839,0.009672794401529072,1.5489865165149066,255.9198068908183,0.5,-38.8821030508459
253,0.09299087404675452,0.3510259056295307,0.011082264140046906,1.821381414305771,316.6749351587554,0.5,-98.9195005509531
254,0.06033358214607275,0.4383874521596509,0.027113024526130017,1.7093341252496663,368.59578574824997,0.5,-92.58103779622152
255,0.061797934532695595,0.40657825921511004,0.01838583418575613,1.4413141317460205,490.22186192700804,0.5,-65.56175929052219
256,0.07607128808074652,0.3676938356907268,0.03412404889884018,1.702741395103082,358.5298759442248,0.5,-98.16033136844159
257,0.07446243535779833,0.4200956273716443,0.022977741126290117,1.1596424112911552,441.70135902397544,0.5,-4.583109458630513
258,0.07761548862423621,0.4275855697403575,0.007118526318856825,1.9398998586570873,9.408156651817706,0.5,-41.49437465775589
259,0.085914636221892,0.36801090258665037,0.026167474848698722,1.5078173955090801,469.235028468978,0.5,-74.6379936334009
260,0.08781877486206609,0.4729759789359011,0.03007691597253343,1.2490198921964595,196.8422523567699,0.5,-3.6722158964800533
261,0.06327502474475383,0.37790548547185443,0.012252081364477928,1.8516297705175155,123.32886272187777,0.5,-101.61462490471801
262,0.06623000619699698,0.46542681557831955,0.036092717563979894,1.355388671182683,289.5699955503247,0.5,-26.537505978216853
263,0.05932667542930673,0.42359016151985096,0.013179349373839421,1.3267032602771849,125.21989392053491,0.5,-23.568208571865405
264,0.09692827694573099,0.4320550338772471,0.010036966663255303,1.3418353160023941,238.5864807695489,0.5,-19.99409612285884
265,0.06476777247317902,0.40293046388743514,0.020864011069873338,1.2615653132514981,105.30626325634708,0.5,-16.438918495166465
266,0.08582274533014411,0.4083773797326513,0.03075779870564146,1.2978496979680156,416.6998988572392,0.5,-28.35534765913478
267,0.07598193495474416,0.49103815101313664,0.006557424813371315,1.2796474874612602,324.12133651918236,0.5,-4.053309765865218
268,0.0508774625635689,0.39905108786420224,0.01398204747744012,1.8881112149636607,177.62758082680304,0.5,-114.40432541374051
269,0.08570181274477208,0.3735905703658425,0.01443529501665436,1.8394291768235334,240.67748651260038,0.5,-96.44776072832593
270,0.054743042751402175,0.3570438201431388,0.015248918161629665,1.3619741639911256,70.38397004092543,0.5,-44.79941097138686
271,0.08773822818590286,0.4224204394762061,0.01965494722287988,1.2471120322850762,111.5886880242768,0.5,-7.9780263791966135
272,0.05604706295320888,0.38096320097249164,0.01024302544633357,1.6811820308287029,25.0262885483413,0.5,-61.49861272154495
273,0.0697108832938033,0.3757553053502723,0.02614514235689807,1.3882621725278348,88.02051632840639,0.5,-41.01836594422143
274,0.08740734240845367,0.44947789448360875,0.032786769740007465,1.3403689432546824,45.06932240363927,0.5,-7.748568736151842
275,0.08949799217133693,0.4773571716595554,0.03485692679974359,1.1642764299979305,103.53287225086642,0.5,-0.6747276901771093
276,0.07150934039490953,0.41096434549710764,0.009904270133817023,1.3653754914399474,129.50088016285522,0.5,-29.50811330476653
277,0.06736833335889374,0.4090371683599894,0.008045967827900265,1.8569942824335848,182.69144256408447,0.5,-97.19564701812729
278,0.05233944754482706,0.3572982247037591,0.009303898059555657,1.1636403616102808,369.95710183708445,0.5,-18.761316211921773
279,0.06665358552604425,0.4904751044941693,0.03060382831914292,1.9776365359539536,48.07808545597102,0.5,-60.26681553443742
280,0.056258080803036514,0.46797864289750624,0.03941978541475439,1.4017561898541442,486.9468075148501,0.5,-44.26792730980935
281,0.092219378316915,0.37807796207707495,0.02889278607204142,1.3664036227509686,306.8351216960233,0.5,-43.569219750972266
282,0.06794929859719752,0.41630695299041515,0.028126070648888918,1.215773209074949,385.85356171821735,0.5,-14.088722025215155
283,0.06490250720115359,0.35781574087704915,0.036327363253215374,1.4487931710171147,34.16939635962542,0.5,-43.69468868797029
284,0.06042439067409038,0.3796793407594029,0.007753728348009156,1.2821376587584818,90.17935198820868,0.5,-23.323677288849378
285,0.06757329833740931,0.37705079595420293,0.01564600314645207,1.5653286575700933,320.19280376204864,0.5,-84.73761388707197
286,0.06151722509275713,0.4884293026574195,0.008649703311836327,1.3816476391420682,425.24790182363824,0.5,-25.025487784245033
287,0.08916039441770526,0.4468680584980985,0.012298283977874538,1.9956829605998925,339.52440035789914,0.5,-93.630654702503
288,0.07673018222622531,0.4150894977174701,0.027236884856459052,1.6481085276181355,18.15845250256861,0.5,-34.19052252378057
289,0.054787660671936946,0.39789955365330487,0.010991310172840031,1.6709767446671049,444.9789760712949,0.5,-104.68317690231014
290,0.0806260635403446,0.4973335248131532,0.029084706693240668,1.610151004961613,97.30877506483492,0.5,-35.794279663868906
291,0.06557447804531139,0.42218246646251173,0.027092376744671964,1.4245359523405154,460.2236513676058,0.5,-56.00705111469317
292,0.06699400533336032,0.4428559708524833,0.03372686348836299,1.4191502908130655,328.4722016164524,0.5,-44.51141409689107
293,0.05201337559286769,0.4205079009997744,0.035759689100889655,1.1618396005213487,46.216093820715905,0.5,-0.2271380430209342
294,0.09525175803566444,0.3529034134510632,0.03406344324303233,1.4677454301072683,408.8978015102385,0.5,-67.24806512401675
295,0.07021063115948097,0.3605573052245617,0.01913747792939444,1.6505837404943051,244.6067373423156,0.5,-94.11509577709748
296,0.0571721435253053,0.37286581433309773,0.031646233276644564,1.5830128801362906,244.1211436387526,0.5,-89.86332955675918
297,0.07932696152636683,0.3831502000459236,0.01343377292891356,1.723862972632077,144.2424312099921,0.5,-81.60739297616851
298,0.054357698717558287,0.48299698959257037,0.02152530842504496,1.1938940804425189,262.81261535878457,0.5,-0.8753669258897545
299,0.0950661594892416,0.4475332495764631,0.009003471597532783,1.208255525659698,184.50072314309728,0.5,-1.641782889063065
300,0.0736550444401053,0.46148813786039217,0.031188244155960325,1.3469555364821135,131.61835313165247,0.5,-16.64231752726583
301,0.09685906239030331,0.39749403744189704,0.018609194561378488,1.742092838614377,357.9894415796818,0.5,-81.34832501642681
302,0.08473138151774509,0.41130420080054664,0.033406612111695135,1.8443643849397016,389.51931745298356,0.5,-94.49660071300278
303,0.09144431478723758,0.40088224883353824,0.007471048411870526,1.199697251233974,285.0505956439158,0.5,-8.062717053242125
304,0.09862130004052512,0.4175193775876713,0.02829409518246844,1.6048798538307714,134.85310633347,0.5,-49.96329438685972
305,0.05330512922801656,0.4238606983126857,0.02379445618253393,1.81213087935585,29.39079282758105,0.5,-62.39412237709489
306,0.09189450527367214,0.4839153846805312,0.014290307216572769,1.989526355256427,488.70708074804946,0.5,-89.83785989101777
307,0.06506424001871249,0.4151827626324409,0.010155874405368645,1.146448568280179,478.92104869185505,0.5,-3.426005059902927
308,0.07632761075340273,0.44726968076952867,0.014687225786933641,1.6584774167000367,307.17881516275264,0.5,-72.11035059370191
309,0.08142441205647168,0.3962125712650231,0.015959756189584274,1.4554084331753074,417.35505889651023,0.5,-59.365477921204466
310,0.05650652267435887,0.4880284021585445,0.032454053007945564,1.8706964485897881,110.86458960507049,0.5,-75.75633203751251
311,0.07962229248170993,0.44973642883390436,0.013022481198482913,1.2558703138422909,12.36108381785898,0.5,0.2144659691276276
312,0.07667255820018438,0.36823532280976495,0.017449910673853417,1.7917188138708133,90.62270596855947,0.5,-85.0449851079427
313,0.07335446248758183,0.477117025134578,0.038381848954501065,1.6715398658878975,10.627895660193692,0.5,-20.106137703704434
314,0.08190791196313371,0.4983155734037752,0.022900871042296995,1.6150241179658962,89.83437830694234,0.5,-34.946932825305176
315,0.08758056071655995,0.42828187773766685,0.011037550131836722,1.6369570301206111,135.79179013905107,0.5,-56.11099467714033
316,0.055603634107792045,0.40993939123935963,0.01144015198689377,1.1479459966248122,297.0626002844893,0.5,-3.976789551719145
317,0.05939117265268797,0.4128284142998354,0.009893160553629134,1.329179859340875,326.2882998518745,0.5,-33.97685057617724
318,0.07232126540751506,0.48214561864858535,0.008937284624813718,1.1348888889950703,178.57239657724935,0.5,-2.7904991482564294
319,0.0591797903766195,0.4618232507215993,0.012853747760870445,1.5732586751618438,495.50252903723424,0.5,-73.27438157937667
320,0.09499631070526994,0.4588372077343005,0.03255828833244545,1.48671956840281,393.6485659306367,0.5,-42.259970069344746
321,0.06107349010378489,0.39524288118875445,0.014534509824687958,1.5496134975694549,343.26390023792163,0.5,-81.81198676821637
322,0.08512339190065624,0.45074807069890765,0.03483871005612205,1.1947605884730144,464.83786738789854,0.5,-4.125402255237442
323,0.08269630944607198,0.4120987261532418,0.014241142931727457,1.1786001113184785,299.7703689447739,0.5,-5.986725494694091
324,0.06664993492409207,0.37261758747645185,0.03869531260139208,1.9964836097430447,484.94626770582937,0.5,-130.47514690618024
325,0.08765978492696516,0.475006548985305,0.01936416113160361,1.5580480350562929,20.406374865681588,0.5,-14.880096461730954
326,0.09644871588186023,0.4387531659553318,0.00960891866514792,1.2961980962374056,308.4840880430837,0.5,-13.716572174231917
327,0.06865030437654879,0.4335339190034631,0.01629784619173294,1.238732846137242,283.2077462356261,0.5,-11.779869683176607
328,0.05963884156847242,0.466937512315289,0.038502569076791435,1.3194543583286173,213.70996798558554,0.5,-18.562939647591147
329,0.06489204444883558,0.43471277395826396,0.03624814142668827,1.8021421517351794,260.5729014580197,0.5,-92.85074167641287
330,0.06966224044807061,0.38049756106540444,0.01461952675558038,1.8910534200821503,466.85360790939905,0.5,-120.19465359821439
331,0.06848072050046586,0.47523827682493214,0.019830088531169233,1.6294709784624186,91.7290617595093,0.5,-47.163173103253946
332,0.09084768282254817,0.36233621963422985,0.03242249566621796,1.4944628126903967,85.44578461906113,0.5,-50.759088376601206
333,0.08627405255637383,0.47628321618785174,0.0380748481610349,1.4887447402842153,23.864782928810133,0.5,-11.513364543174188
334,0.05528027646374457,0.44044583897026124,0.007008498765600453,1.2688775633403326,135.43652577530904,0.5,-9.432604139838793
335,0.058701658707887794,0.4396792346426375,0.015466760818871057,1.8400491834652688,51.71054221465661,0.5,-70.50083099789273
336,0.09977802367410868,0.4416265502563129,0.03304784922975148,1.3977603113242607,301.726252253047,0.5,-29.33586559423753
337,0.07101679569225533,0.4488977198797,0.028043001862017528,1.1402035220457443,82.09977019693346,0.5,-0.11131788567270773
338,0.06443874138833273,0.3700874702522999,0.011811766479892741,1.5465387404446629,491.64477403999814,0.5,-90.63793832692168
339,0.05452736187139397,0.40713400124627414,0.024431726050521154,1.934070572154046,395.9328146809432,0.5,-126.51598928866436
340,0.07559112111550081,0.4786387174897164,0.02062096276583424,1.120333566804403,430.5100216145882,0.5,-1.620073792345055
341,0.0777957332553712,0.4685458703873674,0.012642816652328925,1.391084744484795,9.552065063955778,0.5,-2.1085599187480057
342,0.0671550562594091,0.36328064726959813,0.029034229775528997,1.6397165269543423,447.06310517908946,0.5,-102.66127957356105
343,0.08830961715782376,0.35638726868971665,0.020552496034952423,1.3996390539296637,99.1376545783173,0.5,-44.34957170639873
344,0.05468070155992243,0.40608324616211566,0.007796764548940415,1.498218656326991,278.95361020235356,0.5,-65.44623263735302
345,0.06860605692869245,0.45189153525346115,0.030519495736504226,1.3537263725959068,274.4353118807763,0.5,-28.137773043812544
346,0.08158608148180024,0.49559402804318803,0.010842751623910171,1.6213133373580269,205.2063389130922,0.5,-47.333584575964935
347,0.081346795279266,0.471665524625539,0.024447911240681176,1.9581548017888797,84.17758037003229,0.5,-66.59375843326637
348,0.0930669240255184,0.4794775196380953,0.026699629967727453,1.827229956994337,233.42864411683928,0.5,-66.19365803878185
349,0.06807811412513838,0.4895977960570884,0.02066813051920161,1.7461633915140573,143.41485561162173,0.5,-63.747579598167306
350,0.07571042637701497,0.4577376206198751,0.01482636796739542,1.7768752970690462,146.3676073209472,0.5,-70.35917598159067
351,0.05214978043557572,0.3839524480070693,0.034101593473748824,1.2398139758870932,300.39925941804063,0.5,-28.453863053424314
352,0.07354729222045314,0.4424436437645777,0.029428410755754898,1.3169111744802526,386.3199323959046,0.5,-25.761547286327065
353,0.06514558771660008,0.3825851608616612,0.017566816677973923,1.386334637890533,467.61650790562555,0.5,-60.07903321411886
354,0.07512972369274563,0.35084803410883175,0.02759581277104413,1.8899947901632292,31.99516520867697,0.5,-79.03136334499416
355,0.09483121677632757,0.41599186069391036,0.028820325345543,1.564500094917502,54.4909962997228,0.5,-36.15937365106371
356,0.06136914582036649,0.47328965428944164,0.01213408641300896,1.242103390575802,284.40248866588297,0.5,-5.587216216023099
357,0.08669124734647303,0.4593517439901928,0.01340641072091769,1.7275254512822265,434.5604271024294,0.5,-75.66286865432976
358,0.09569540660282803,0.35652831103567056,0.01924792922272926,1.6244561929552352,263.23140736328287,0.5,-78.17188541467534
359,0.06936444436496872,0.49611168050964594,0.016168994567722632,1.4735695445536405,320.50514302845545,0.5,-38.94388195100107
360,0.09594543463831515,0.44434190032900084,0.021299003729510404,1.1576247366753465,172.96246283477947,0.5,-0.006955711268833209
361,0.06057089280932611,0.36612058122290686,0.011993995307690831,1.8074215963512201,423.1679409293928,0.5,-122.91965785453836
362,0.059538169533922075,0.36034295698792396,0.033018792380824426,1.8996999566170945,168.0481012260163,0.5,-116.06399983041631
363,0.09214247718797772,0.4908246626611035,0.03688036559013511,1.1587463259643698,363.251307074814,0.5,-0.20479183020579828
364,0.08811502955613905,0.39289960716902206,0.0079968223485548,1.530027843857197,407.84428354699526,0.5,-62.912133529619574
365,0.0559296635546494,0.3892794540422224,0.0349500528879008,1.7106111346935857,16.27968347799995,0.5,-50.978581364056794
366,0.08431066732872802,0.37615041175816133,0.026829611719016034,1.4071766354472837,197.73006805580772,0.5,-48.33820885119799
367,0.09818369722245365,0.4327403231459189,0.00540128295546469,1.1730898723607406,130.0185820676579,0.5,-0.12221001694026268
368,0.05499397086551322,0.47404446719890775,0.020948671672843006,1.7332828936270763,42.16899484645983,0.5,-49.885793086652136
369,0.08343332133070745,0.4831026077764181,0.032901608872075785,1.6202234265948354,345.9214680563957,0.5,-57.10737494913626
370,0.07323308825773638,0.426045299436972,0.007579172186090567,1.3060905933073654,470.91476432067327,0.5,-23.1443462914532
371,0.0747529763098436,0.4950702312269612,0.012541350217855136,1.5775347434220919,198.780384124512,0.5,-45.06308929448217
372,0.06416057864032447,0.3935534250447971,0.029837027719644346,1.4215569030084798,86.84639880861855,0.5,-42.02312011252729
373,0.07816076652637645,0.4316164789635579,0.006239849902127535,1.9664752811945418,243.22802747279573,0.5,-95.47257095614145
374,0.06257936833897287,0.4561545709720919,0.035411228824830644,1.4508357287953744,50.31784889054991,0.5,-23.584408189335864
375,0.09988372205356835,0.4100375816636407,0.0156749312875326,1.9204793664125397,219.5601443230428,0.5,-82.363546941495
376,0.08855748183607545,0.4272416261545259,0.0272840780665323,1.2045927046190716,374.0760446660989,0.5,-7.619555369853115
377,0.08400866018153799,0.3938477414819179,0.01918448689883416,1.4560668953333042,356.79373473465324,0.5,-57.532303007680845
378,0.08069606987940002,0.49376284905279655,0.01617785052681555,1.700685334497793,186.1977373409955,0.5,-56.41707715384471
379,0.05305567772719218,0.4153694518663219,0.029080059545101157,1.4262007876564013,211.02844249186222,0.5,-52.759880092436156
380,0.06393280748572516,0.4121796798191362,0.026718304820966637,1.6173283212530782,355.43087968842707,0.5,-85.362046292535
381,0.08968894942529498,0.3519506152175645,0.022628945507370716,1.9250697674965085,30.179147947171533,0.5,-72.22112615113973
382,0.09017175059637188,0.42653063971374994,0.027511699459504647,1.5341139800496157,17.904583974383666,0.5,-19.521722205517584
383,0.06437319148659083,0.3918351783682932,0.008634243989786749,1.9219982537789269,75.91696992635188,0.5,-94.02950879569981
384,0.07911453251646827,0.4692885671994506,0.036100610951474085,1.431976074712919,61.025855525825655,0.5,-17.063280639998055
385,0.07792450596180635,0.3720259444081353,0.01814762901889725,1.8850334524466787,428.90386903012944,0.5,-113.50441487525171
386,0.07494836595861154,0.48694399048576986,0.006521555775308747,1.39992551416228,376.2815842300428,0.5,-21.05208776272653
387,0.052290103127965545,0.42105178088663214,0.0278482903643428,1.4934675189389313,175.2660248467455,0.5,-60.07179849778742
388,0.055961669772586424,0.4083463314790586,0.027822914096100132,1.2577347479720227,279.9456767185122,0.5,-23.876860037053227
389,0.08999409937953831,0.3905462631633243,0.03128677031591866,1.3207098325732565,148.23740974250072,0.5,-26.670370738717082
390,0.051821327642712085,0.3838590863479355,0.01453653689233319,1.113326748858491,219.15914186336,0.5,-3.7073860882803196
391,0.08073198083662161,0.4797018603648465,0.011504831660246876,1.8245086996400213,252.62633934148158,0.5,-75.86890958861535
392,0.06285973148236017,0.47767147962558204,0.01440179095013978,1.2965136552198484,345.1593249709521,0.5,-14.222583632126083
393,0.05709916079933269,0.4620681957056848,0.02854181518995211,1.6794940529855409,336.2672171001039,0.5,-83.82909836814771
394,0.06293064886707947,0.4419769030038897,0.026090034697889772,1.2986278713405495,382.79906085261257,0.5,-24.762466385642046
395,0.07200788443360366,0.46044374881557515,0.008456230843635799,1.9859186044488633,351.2529207164836,0.5,-103.33853863929951
396,0.06886541972959825,0.4822680651698804,0.01232421903720644,1.334527641058874,188.02495402393495,0.5,-13.31854512693858
397,0.074619286616395,0.41135121514124706,0.01767225889876348,1.7583064730162148,274.85322813597963,0.5,-90.24995445959546
398,0.08440753684965156,0.44339472103506994,0.030207930901425185,1.4322418724322497,362.17554442849007,0.5,-41.10991323847701
399,0.06811260493297812,0.4457619488090289,0.02320707849653573,1.912430658692327,463.2810886330136,0.5,-108.19299426477576
400,0.08975893530604664,0.47067740762335125,0.03492582707447132,1.9606281222271187,315.5958987370524,0.5,-83.640116629862
401,0.060510696143524986,0.3659445950898838,0.01720539266481831,1.3938765345941415,295.0178307913827,0.5,-63.37695308700029
402,0.06777968034130247,0.4545786075879507,0.024265397991691702,1.4513319961601368,191.7110563851945,0.5,-39.62585621559884
403,0.08036229135663167,0.4778836923112152,0.03084608828025737,1.81152930041341,232.26539426897494,0.5,-72.49132666007587
404,0.0817898629512824,0.4529275921126771,0.030058440978189393,1.8786553765767022,212.02649794977842,0.5,-80.56139147404318
405,0.0673390487200359,0.40275349867945315,0.021637411027461344,1.9134700621095582,475.8077024338456,0.5,-118.60289370108791
406,0.08210610427108256,0.35887737144966486,0.039691673202188076,1.302410338420113,215.21032813359275,0.5,-38.3535353716451
407,0.06011648560877071,0.44632840006302454,0.009431400198952809,1.6536061156806383,110.18655802460668,0.5,-63.14225104718078
408,0.05185929767226955,0.43676742229477783,0.022191622902280283,1.1218731357876965,385.3344704274696,0.5,-0.274291653226435
409,0.06351706010361961,0.4689085692845262,0.020353127543560643,1.8265010342940446,170.9845578850984,0.5,-81.80871913881613
410,0.06311712993856092,0.47525543784762725,0.020797586483010506,1.3806590524816962,87.11990432233024,0.5,-16.869405441326844
411,0.09597592037723673,0.3701942125214857,0.02730654491643159,1.6355289767798786,353.07716177613815,0.5,-78.73961078236266
412,0.06036945823082568,0.36166429546168954,0.03150962111047155,1.734425140962821,363.743400189328,0.5,-114.35009836925072
413,0.06961479684838358,0.45917127699098903,0.03332207087316756,1.6890313927499943,122.81189477215442,0.5,-60.145924461245684
414,0.0570495798887765,0.48111171645331263,0.03699253800771918,1.3150940508908653,365.59999003994324,0.5,-20.48815145909259
415,0.08220361552873864,0.48568995294713424,0.03472005987555422,1.1078029337079454,42.999448447681,0.5,-12.44008027965664
416,0.07788690959486623,0.45253621335359834,0.03845713946555977,1.3611227468536404,113.2535221863904,0.5,-17.994637921277782
417,0.05681759134485435,0.4545138145626053,0.0051886625611260164,1.4873279314646901,224.81247550607776,0.5,-40.091622604395624
418,0.05362368916811539,0.39573490091135277,0.036794457556648195,1.6301986624876972,367.5211137646682,0.5,-98.05350379395935
419,0.0994644108791478,0.39452186037260467,0.01033148614982126,1.6776693507361138,362.8506258845666,0.5,-74.37792152424375
420,0.09478652831352168,0.3918891252744206,0.006649340203168765,1.8649353189674138,409.24048416278237,0.5,-91.79742965762678
421,0.0951491132280678,0.4388706855030937,0.008601306824897063,1.8332188445908946,116.81925182723322,0.5,-64.40692995183828
422,0.0501937664541319,0.48424459301380823,0.025067606796043175,1.4151942797578936,453.61878674067793,0.5,-44.13467701937943
423,0.07925039224606203,0.44191841575982227,0.02172672101106544,1.4860645407290114,305.06243783789506,0.5,-49.50530089671084
424,0.066898961908416,0.4649695328334954,0.029608039409158442,1.6276203305581558,125.68916405252956,0.5,-54.414029683229955
425,0.09183931547763552,0.3575099624606722,0.026493910760179627,1.7038260160634997,206.26788904438862,0.5,-83.41060654905067
426,0.08764666293337905,0.40876293041667555,0.014303735371809637,1.7635112151795966,355.9613845414287,0.5,-86.60709522840631
427,0.07725676892980056,0.42890782774879493,0.034179179334156984,1.7481798388283072,131.1426641789084,0.5,-69.97029348693817
428,0.08321165250492624,0.4157742428200557,0.028753580153838887,1.136813006912336,444.13024971310773,0.5,-2.357758266555306
429,0.08568995051856762,0.4178837414786606,0.021058787588287373,1.631440904727918,261.60698497919094,0.5,-68.5011236839526
430,0.08866392460016788,0.46104687581854775,0.03574055070295869,1.7183144529404122,122.20966917355081,0.5,-52.84218559573577
431,0.0984820559732526,0.49978183615201177,0.01985378633460817,1.8962838908336348,255.3668112261291,0.5,-66.15696572391008
432,0.05096222537486722,0.35157259861254986,0.0264034350979627,1.3906282440778415,39.20950118308863,0.5,-44.69764641861958
433,0.07749298219552828,0.38209353326639495,0.03696118122080113,1.2267720208435544,43.774626108095894,0.5,-9.474744873839773
434,0.08118075366700093,0.3608168409137493,0.01661195645633739,1.273372976931823,78.65959367363213,0.5,-24.60953407536815
435,0.09635216068497751,0.3930308955031537,0.030767709705291465,1.2003624716233423,153.5446025534404,0.5,-8.680877800094656
436,0.07347130757742254,0.4452870374742663,0.005230713408837093,1.4176415397767517,235.5611745906664,0.5,-27.42017824585266
437,0.07270063289142421,0.46620484776622617,0.03137610924389936,1.6561133524283365,11.982698733789,0.5,-21.230649187936276
438,0.08254518728853044,0.38040682819729693,0.009790760592849283,1.9746768686135314,332.86964872535515,0.5,-110.34006145990932
439,0.057754117649516844,0.39260533278163234,0.036699159936385777,1.3014070416131807,160.60056829840988,0.5,-31.223197232809675
440,0.09392221911811506,0.3521514402673755,0.03692713980104407,1.898353589724202,39.87111106905641,0.5,-72.43293220589236
441,0.09645085864953312,0.4202703521645829,0.03174184005998061,1.5117630977822005,476.6807582077378,0.5,-56.09762806092726
442,0.06909084302402706,0.3859189380508819,0.03440106134086048,1.4850706196375225,352.1384354163191,0.5,-70.9902298897795
443,0.06230041524205617,0.48324100758771704,0.014341596593211044,1.2681201424129984,360.99718941804065,0.5,-9.101048016675508
444,0.09454119202575856,0.4602907190994531,0.024540696397441737,1.3270043286508542,11.119647536472158,0.5,-0.5473572917315963
445,0.05976816230892811,0.45826432566582254,0.03322968907985358,1.792940504094335,67.65931217394815,0.5,-64.26681394866283
446,0.08705277453605356,0.4505985233459771,0.03734196852999868,1.4267543292591636,218.31291114175616,0.5,-31.736356828511205
447,0.07867055203902874,0.45543189851373045,0.005170248174582437,1.9155598578375097,332.18650969895054,0.5,-87.19179533752177
448,0.09192763737237984,0.4763710309470348,0.028347608756024704,1.6856907560258558,197.5476290726727,0.5,-52.898130818184526
449,0.05169237823981393,0.46375979889312774,0.03172737357423982,1.7865222934730551,453.52201577975995,0.5,-104.54906253510073
450,0.06343298657661305,0.36395769054986943,0.0167611652413181,1.14992147085284,339.3916906831974,0.5,-14.195162198315314
451,0.054561558794156875,0.4745927895442252,0.009397919919886373,1.3764804585711958,22.522186564393564,0.5,-6.099942444399293
452,0.09786273793976,0.46657195639080024,0.01682216931962988,1.7175053373344196,223.70241539844173,0.5,-57.40666706459275
453,0.07627192144460057,0.4154498981751357,0.008174962777433646,1.9442401940259897,149.72617979159972,0.5,-93.14221070982896
454,0.09246067307580695,0.3713048323040675,0.025606621209205833,1.430030592045999,447.90612509890093,0.5,-59.18415556924905
455,0.07094021982234576,0.374589874381177,0.010401123971526375,1.765148075004741,216.04506653775275,0.5,-98.92090098735311
456,0.05713175122830708,0.4243183823882636,0.033447978756262126,1.741381340766321,495.57079980674615,0.5,-106.41002272513855
457,0.0537014132350525,0.4166700487180853,0.013836713068921928,1.7985348346574415,120.96747508734332,0.5,-92.59630052935557
458,0.09877802610924476,0.4338680574447162,0.03835278178449894,1.1665995131604678,120.32792076753198,0.5,-0.1337634255996425
459,0.06164552055447891,0.48771162309352034,0.011220264713846764,1.1694022861351807,348.2633941810357,0.5,0.019191159023210336
460,0.07679477600601906,0.367390274301612,0.039346645968778814,1.1511722122918115,174.3493844446426,0.5,-9.790228936436947
461,0.08413283284783116,0.4124355971241342,0.020827302641004304,1.4056011336061727,436.5184209074525,0.5,-46.80320215469772
462,0.08637174920895851,0.37733172054800745,0.02953194128423597,1.8514405587186156,142.94251034340553,0.5,-87.00037746998484
463,0.09739885914532975,0.39101544340389405,0.02387422716237885,1.7598007756734384,384.4364299797935,0.5,-84.43759190846387
464,0.08556251865253535,0.46567417455318444,0.034010745721067416,1.464262352481551,226.31999741320888,0.5,-34.55616324378273
465,0.059953883620663645,0.4379302699372013,0.013287258271075946,1.4134899013363724,402.45722381330614,0.5,-47.86121484003172
466,0.054253882395767665,0.36533290520975975,0.020083625628120737,1.4904599001942795,474.45611898635866,0.5,-90.88340436110946
467,0.07238020360502996,0.3741241168603969,0.019030973959311474,1.1009252047875253,478.1691512704451,0.5,-4.803447414276503
468,0.09611917545122464,0.47009647679253047,0.015993878183008074,1.6901507309877657,156.294160319227,0.5,-50.101204200547656
469,0.07328605679267997,0.4423975768884271,0.03668108722468246,1.726895689153735,109.68442962166432,0.5,-63.549911168690485
470,0.08579920090750981,0.36200028091158787,0.03218357196545273,1.1054691645156751,16.626827452445436,0.5,-920.8991125910024
471,0.08366242680010064,0.4995815968396453,0.010003425401009989,1.1869237492773552,275.77558146270314,0.5,-0.1857135427309622
472,0.07468895520936694,0.3570809026106437,0.010731118918559188,1.5584584307682414,251.69577926678275,0.5,-81.35706953386574
473,0.05283351318434138,0.43239472959472264,0.008187417708427834,1.6877458766322126,472.87936231038185,0.5,-96.76572153602017
474,0.09897036674602516,0.48022260986109444,0.03770901825373853,1.106653649995436,330.84188895349905,0.5,-4.703594941133902
475,0.0667608628700247,0.48261196451381766,0.03249781982832349,1.2282738640548696,268.817998525312,0.5,-3.371444300519668
476,0.05513321877054258,0.4631735689287736,0.005622013187712068,1.1958713285476443,470.26331772228787,0.5,-1.4510581622209373
477,0.05568570607637012,0.40511534097462215,0.022364687639825152,1.37614696212706,448.99767610990597,0.5,-55.044585515628015
478,0.05903880697018458,0.3842775200892036,0.03857134877614176,1.3828082929674173,418.5306350078398,0.5,-60.792142327268856
479,0.06844164245207958,0.4972383037580545,0.020324412679944937,1.2534262676799361,88.27745606348269,0.5,-0.6299266869000895
480,0.09134436455008887,0.48281028802804893,0.009164043390256754,1.3247715354534442,419.50652488975464,0.5,-11.531539942960997
481,0.09538639279340251,0.352728886414602,0.0385058399014859,1.2377429375073086,392.2987428242449,0.5,-30.69695863334722
482,0.06652056136813159,0.4088986667610857,0.039461725109501244,1.2871673908849481,54.29303401178454,0.5,-13.34106142668803
483,0.054868114649915825,0.4283685341832474,0.009270025491077303,1.379012064332827,250.86060970691722,0.5,-37.48245754983851
484,0.052963626558452014,0.459036298334201,0.0070346248798191634,1.481428778345692,165.84093392101573,0.5,-40.30086292646473
485,0.08463808374526971,0.42262833707846503,0.009701240130242383,1.2880425322879387,286.9382025168593,0.5,-17.605048868940305
486,0.06380321176240288,0.44694714723180873,0.0362167203299969,1.8375502380567297,6.986412453849444,0.5,-31.924642912587288
487,0.08687983314534663,0.4370002127330201,0.035087679889930536,1.2057966040055548,441.04512021971976,0.5,-7.116950065887222
488,0.07985515095972212,0.38956157979213324,0.037448863994892966,1.4622577201296818,20.209142674100445,0.5,-25.325582498859035
489,0.06097051687971679,0.4636203100290232,0.026550089330538065,1.2071661002219052,374.79701393616745,0.5,-4.864699912929327
490,0.07179782744543646,0.4080485847819135,0.006294544550156428,1.5122787316451758,141.16359966244733,0.5,-49.23895116855037
491,0.06085057163383362,0.465160623422669,0.030189200206465112,1.8796269965539416,62.212958797550755,0.5,-67.742282308618
492,0.0734039341828471,0.4200251383255378,0.03379983687430004,1.443350782958044,357.49754036266444,0.5,-53.06825900112353
493,0.06424055781307939,0.4042280933697757,0.020604303883419176,1.5540169960113919,97.48209513030297,0.5,-59.04839804369681
494,0.08880419512709142,0.48621698309749006,0.01798318843846915,1.5245698528453648,217.41022622518224,0.5,-36.517542066618326
495,0.09076554230777588,0.3899589125275308,0.03865735339712532,1.7260542108190822,119.85678940477794,0.5,-68.92501832062389
496,0.056383975401136835,0.4437420301096244,0.009787348398800178,1.2857205252458135,468.84859316667445,0.5,-20.5501860364309
497,0.09705905251802362,0.48343660989007,0.01626216717489525,1.6081088466440894,402.12729090464586,0.5,-51.321894205365744
498,0.07553782969670071,0.46554185904157697,0.03506207429851851,1.842212239065856,80.90033086431565,0.5,-61.46893759041015
499,0.057574262662729664,0.4882041864191061,0.03147239056916787,1.3637095466810334,62.52338379486227,0.5,-10.741855633821071
500,0.06119456147205157,0.4034393684454477,0.032265933301912214,1.1184113020784394,155.82356667061705,0.5,-0.965871267947116
501,0.07832059487391811,0.464874730245867,0.02075267041341921,1.9091046912666294,423.6030372934515,0.5,-95.16195757546264
502,0.06822416771515295,0.39589548883603487,0.023181379747071153,1.328198053196207,409.7226310458203,0.5,-42.31461670365519
503,0.09619701170964365,0.3766225520668637,0.00827126274369342,1.8761656947257421,392.66991434226907,0.5,-96.08909229824576
504,0.05927805550543842,0.38131573249029316,0.026218672240832762,1.6611683349947968,472.4971353514389,0.5,-106.67772304532144
505,0.06362334997097667,0.41191713997696855,0.018446638733451617,1.5694943477962442,498.39353157994606,0.5,-84.57327338915951
506,0.0871001263774916,0.4313733908338846,0.03225034221650179,1.9415550238670112,258.2986838492075,0.5,-88.98588693863312
507,0.07995471379889495,0.42622306175479935,0.03168053481582651,1.4695526584862546,172.26895040178132,0.5,-43.220015792995234
508,0.08386859479997706,0.39035665202929304,0.01572247312356116,1.8668131656852847,84.61529472946434,0.5,-79.16432923611576
509,0.09492516352240504,0.4945652547489039,0.006304785392144334,1.66898995030034,463.7959194354787,0.5,-51.04492992474917
510,0.056975450109176845,0.43759580734471637,0.013787708908948593,1.3751482918495939,89.2893941013414,0.5,-25.21209452005125
511,0.05587168922011037,0.4694927064218123,0.026241427046111848,1.9050903859558572,253.47250451592765,0.5,-100.55072184477413
512,0.05020946781138404,0.4865387759378222,0.019531557793498515,1.813307345911593,169.77830868306808,0.5,-85.23599053184853
513,0.08207752151939736,0.40359928882445417,0.02965907673867079,1.6589748743091663,256.7370003963023,0.5,-76.1060573525338
514,0.08129179745554557,0.4779777418005817,0.0328319805743392,1.23680534758026,459.48067983478717,0.5,-5.875636604233872
515,0.07958275123482025,0.3946214724811783,0.013952197167476029,1.149176312611668,306.0767300247328,0.5,-5.617155860554389
516,0.055570670828758696,0.4859013808501086,0.03664460004299113,1.1271677648726615,334.7995315425187,0.5,-1.199537593805045
517,0.056115559622217724,0.40583406895483876,0.02305125960847262,1.8684913894933386,35.07718331898694,0.5,-73.87895105000159
518,0.05736641760369054,0.3886941376147337,0.03794088297356207,1.8163327952484778,398.0672512591153,0.5,-118.25268134062381
519,0.08355932819298173,0.37370699538506924,0.01236095107663442,1.516037160305584,7.480538803134463,0.5,-23.322599488065094
520,0.08550680870711808,0.43301119030565816,0.02484608967383544,1.1414514616890774,276.7146414371065,0.5,-0.460213928433274
521,0.05491825256387709,0.3635815234186563,0.012782802117120799,1.8003591768908844,178.28203469846468,0.5,-113.55398805691672
522,0.05771677383052805,0.4139556206296317,0.012693379732913856,1.211040835721809,295.61528464091253,0.5,-12.31232727780264
523,0.05215383099069649,0.44346284962910704,0.007394711442181886,1.3683681207569407,202.27152327268084,0.5,-27.900487507173352
524,0.0540069013804469,0.42118738275445766,0.0355894135429962,1.2029813211607945,380.2442457579816,0.5,-12.503531448375766
525,0.08952600449688031,0.3541192488771142,0.03891057844226324,1.4968045805526948,410.85510542884,0.5,-73.27727818423939
526,0.05012021562156099,0.466720965749164,0.03863723719595383,1.705224424336485,104.71693524266955,0.5,-66.86045532874284
527,0.06625781306699058,0.4093765160665497,0.02958181104868735,1.6479380250400388,209.28260725781783,0.5,-79.48108026740228
528,0.06769161128902522,0.4048667818732134,0.007082983442142206,1.7219576000744774,370.12868584592076,0.5,-93.17493452493109
529,0.07127710482545992,0.3612416498353622,0.024782136579032714,1.603518249760579,6.536496783751352,0.5,-33.006206142806356
530,0.08957003496406217,0.43262676609485085,0.005136734467231266,1.6226967714425429,112.25353721980112,0.5,-44.2056859896005
531,0.07800320977429989,0.3972777747568124,0.031091045902815955,1.1110204451411243,188.89526643772683,0.5,-1.0477671856941466
532,0.056415774460324114,0.3613416122742431,0.014965122985005685,1.782857686071668,313.67724771255666,0.5,-120.78667447132132
533,0.07331276156084593,0.446683533595741,0.01097100146760309,1.309388454550835,85.72277424236816,0.5,-10.295065870288775
534,0.09252131949473848,0.40071823349442776,0.007154589705512667,1.3783899741055832,47.70022423584084,0.5,-19.48906892718628
535,0.05875522537813214,0.4872925769222519,0.030948736248054304,1.313165326508892,119.48394315073963,0.5,-9.391906750563043
536,0.09049018759871522,0.41829230635321846,0.00677703929905113,1.1230031551589887,390.78841256592784,0.5,-0.17567990077919116
537,0.09765017554254554,0.41287511344216193,0.03707178933328628,1.8630007869359675,43.44984599866221,0.5,-53.57896343563993
538,0.057403763612050185,0.4799644014175056,0.03568354269837264,1.202306164874725,465.8633496643779,0.5,-3.4758692670521327
539,0.062220982737242955,0.4712728412476995,0.02438360301428263,1.606166521775536,447.48696974738453,0.5,-74.13592149353009
540,0.05269615719438585,0.46811124001608895,0.007897377861165473,1.3732905159239306,349.4671839040618,0.5,-27.894126760659702
541,0.085008926645227,0.4304342627685248,0.03521911856089882,1.3878433763026252,171.15385798609418,0.5,-28.920905841269125
542,0.08904384239991259,0.42467756793766753,0.01970119857071696,1.4048731030286237,410.40489171602115,0.5,-40.88770028581053
543,0.09322790244878149,0.4043586999254699,0.028001439928073517,1.4759184102683238,452.7023996428675,0.5,-56.335130186956455
544,0.0852089137404161,0.38068092598609765,0.011497788499442288,1.588977978680911,102.35647365242356,0.5,-60.93917497894672
545,0.05261637736354693,0.4857998260189297,0.025939661546695966,1.5320917387161026,379.5313507932047,0.5,-61.83707264629843
546,0.07859959633091541,0.36366485846513236,0.02589161423080498,1.8069126208491313,462.1232396892471,0.5,-109.92891896452252
547,0.059076753687488964,0.4770387994605312,0.03959435467419382,1.17531249936288,25.984503030247332,0.5,-2.2179253421402856
548,0.0710567119209547,0.48039182563753663,0.007815487325151476,1.6011953997123878,490.6305057740735,0.5,-60.79034738052999
549,0.07520174529295366,0.36527625376521455,0.023636128530856844,1.759191463195716,296.86941725677957,0.5,-102.18763374824793
550,0.06216077716425523,0.42485446711809816,0.03736179014714838,1.568637523042435,132.01790472410255,0.5,-59.86342522480735
551,0.09014791742918156,0.4875654212842604,0.02974337567186972,1.4026860068677283,218.75651453452613,0.5,-20.243349526396315
552,0.05693084428916305,0.4191954133055927,0.025184041310367652,1.5417182419245532,106.92845507304203,0.5,-57.732254994279884
553,0.06921131654198685,0.48528435038189566,0.03967991074082876,1.9946665899957816,28.256208765703477,0.5,-50.173888049941596
554,0.05448140913022552,0.4658639421359382,0.0365351671333263,1.3502109237124837,418.1852609362044,0.5,-33.02470270539845
555,0.08924001624297033,0.47582731044916304,0.02678595748630315,1.9374250371147157,497.3060963492169,0.5,-89.09582881292911
556,0.08791762377207979,0.4277352543180677,0.0124788921032743,1.2547591556343538,264.2187851786014,0.5,-11.774749418169467
557,0.09917933773983457,0.496552894869834,0.005077385093431833,1.1718657253621707,52.72559043590867,0.5,-6.47987998190395
558,0.07139200385798439,0.4431752853716588,0.02513533226299692,1.6055101982137185,30.873654789027594,0.5,-33.85712476742819
559,0.053862583221752275,0.45478523125111814,0.03210535957878458,1.3837265700178545,389.190734488523,0.5,-41.86865091116806
560,0.06111282091847878,0.44992454627619916,0.029947272376823014,1.5420923416773673,479.96817896349796,0.5,-71.41590836917123
561,0.07290959437748591,0.4932523470976913,0.016963769385182587,1.4303206294158346,274.05829298029823,0.5,-29.63745506407366
562,0.06988027001859767,0.44001349783345245,0.010366990864662973,1.9632891665932595,194.63882925548026,0.5,-98.30528529492658
563,0.07641386879066667,0.4031519742594765,0.032668418357880126,1.9996147090708942,372.85239118644427,0.5,-112.19719429733617
564,0.09842138464545581,0.4069394244196866,0.02145312976461133,1.5911323755176061,36.144687943215615,0.5,-34.75441332864812
565,0.0865526412322242,0.447942084054102,0.03757002236034084,1.7229226050004867,254.9967541654507,0.5,-68.55682330761422
566,0.09973049907464072,0.35054380964448206,0.007279962668220257,1.9626138401878181,329.11265716412424,0.5,-101.58923766060448
567,0.06023704046823664,0.3828671372679887,0.02948583068831751,1.9188831287049966,31.437152332000213,0.5,-78.61892416416642
568,0.09199838235463664,0.4971008973109149,0.022571368209382905,1.70717687419171,44.53170604769223,0.5,-29.50194179348647
569,0.05310570251488527,0.42175205420379885,0.029867192289357344,1.4542746725415725,13.899328797115269,0.5,-19.57980505425437
570,0.07623477378020946,0.4156388987971828,0.037739176988488166,1.480151034449889,240.70847976173343,0.5,-53.158142337335065
571,0.09984573478717607,0.45158193759284065,0.010258904170273357,1.8489762425439698,337.38997936823836,0.5,-75.32789624008214
572,0.050277393540531866,0.4491434791623617,0.021242204926157957,1.7563487694869844,280.5588954814609,0.5,-97.6250601498139
573,0.0906056969091564,0.41159250684961507,0.012035385744168755,1.8810898385358452,180.75831764895202,0.5,-83.19407081607669
574,0.058604529267877306,0.4196562278409195,0.018927240567908368,1.6534370241540994,247.10284469737104,0.5,-85.61103466852278
575,0.05412980690308483,0.35573345189621175,0.026858245301088792,1.3339435358403002,101.77677692216479,0.5,-45.09486924848184
576,0.05129365178007631,0.39803467105130147,0.032632071453999045,1.5900916786142414,73.57630497934007,0.5,-65.67123216256734
577,0.07756008522786934,0.43457718862434175,0.014646141174989656,1.2349449949835636,118.50847233155388,0.5,-5.710199545202828
578,0.05800556571607388,0.38789886948689345,0.03584283865294637,1.3635587989609188,38.48266202892969,0.5,-27.020668549823736
579,0.0800291434680596,0.4240143571990958,0.03591681062365781,1.410860530421588,126.7936064166309,0.5,-31.852070918659834
580,0.07026871680768484,0.38308239125121923,0.006801819501550226,1.9712986380833017,206.80925666029887,0.5,-111.2207316880262
581,0.08317340304313978,0.436207879484077,0.030918968358708134,1.806365815689936,65.79311376788253,0.5,-58.37732565925514
582,0.06501850017702876,0.4274014337279222,0.01776027499970519,1.7496299144992364,321.5599246326079,0.5,-94.65310452076787
583,0.06900077075830383,0.45655326998229734,0.009213872752715369,1.911360363622475,320.93748539234883,0.5,-99.530309720937
584,0.07199947824041189,0.4897230411069859,0.022853406845980178,1.7981961672712181,159.4414586825885,0.5,-67.96794328383524
585,0.06320941734366448,0.4108528893831062,0.03178244326456104,1.403579001667504,221.96930561018755,0.5,-46.738702321963885
586,0.09228065361549415,0.4451839761643376,0.00835491843637928,1.6194289663922878,112.56462254812973,0.5,-44.56785193897584
587,0.06076462227304987,0.4613883558410913,0.02000928846579739,1.96992602293848,331.3580868043981,0.5,-109.51397151777576
588,0.05222365175625419,0.4003824217698301,0.028460036467641066,1.7508894159954278,489.41622574487303,0.5,-117.25976288928086
589,0.09943982742770233,0.35812572694964717,0.037857837603078225,1.6997056866605154,212.1822730661234,0.5,-78.32561195406127
590,0.055735142541169805,0.45972102952442695,0.01862559056851683,1.507281470035099,268.1860452454648,0.5,-56.87962420402672
591,0.056489625084093074,0.4439339697037516,0.011815670654973479,1.556976176566087,216.62470409549442,0.5,-63.93731104777267
592,0.05190555262221891,0.4103706876074935,0.015091537318214391,1.2602298688672025,93.33450884581558,0.5,-15.138578307066343
593,0.08653481317376502,0.4414774276499289,0.02809590134341694,1.8868137707376633,458.948629118229,0.5,-92.7713466667252
594,0.09403079219472107,0.41376416855769027,0.038763104045666665,1.2803259339051323,158.2296919692227,0.5,-15.029185681497985
595,0.08113610777896584,0.4647444463913547,0.00804057081943705,1.5306420246821264,354.9874551071103,0.5,-46.08593006017644
596,0.09023116287548366,0.4272754570124592,0.03450474249534029,1.317954154372663,480.4097873188936,0.5,-27.35371714459341
597,0.057224557048456734,0.4135063825932193,0.03588377867948621,1.768135528990283,457.66769084557177,0.5,-110.23652956950929
598,0.09440017523317656,0.4953729208713977,0.038948095324078114,1.188007503903023,207.77147496048872,0.5,0.11833645023048456
599,0.08395685339712702,0.38406392676297957,0.03114265605022886,1.6907539218183127,177.32310750063417,0.5,-77.45703954890904
600,0.06772293841449784,0.36185678444463804,0.024697492070326094,1.7996997431650814,97.94284197865352,0.5,-93.57703328710852
601,0.0992516240661018,0.41452463254373406,0.031119416796987584,1.7643021144513722,179.06006317144409,0.5,-67.41164643288717
602,0.09827220721011101,0.43542134764766777,0.03390370750921087,1.4772716083520794,154.1216243146916,0.5,-34.00096405708669
603,0.06562280526997587,0.42083287765184785,0.024509297822450874,1.6165452776895433,341.3504821778375,0.5,-81.42099421629733
604,0.06883474826344094,0.3818836277397001,0.0054352013584515425,1.6970268155985615,205.0267482175877,0.5,-84.55486147577925
605,0.05416472320494206,0.48017924489093683,0.017860774091766132,1.5608996688081722,406.51878315263576,0.5,-67.91823089830085
606,0.06496983043996672,0.4935649491729097,0.011388489570874915,1.8222134117341948,415.1833610787313,0.5,-91.41469153622292
607,0.07853819985246599,0.4912658789634744,0.025409417949954907,1.6514853028239145,14.924333039747108,0.5,-17.65600326791141
608,0.08691436768308711,0.3739148521607507,0.0068477871600479715,1.576969953493038,413.73933386663424,0.5,-73.31167184848533
609,0.08195838071280734,0.4643593470231795,0.031620658801317994,1.1516081435894083,238.97550259974068,0.5,0.15561222242321693
610,0.07144033573840224,0.38538908984489467,0.015836302208263358,1.4597984440629825,204.31664345012078,0.5,-58.8352711194435
611,0.07413065609868708,0.3932386116845295,0.015151113333296079,1.3659061410158342,400.55521789331647,0.5,-47.06093067464581
612,0.06788229582632027,0.4941867216110091,0.02509320421289363,1.9331454682007527,354.73634008268533,0.5,-95.47571672814806
613,0.0930266860330676,0.3675432361863402,0.03907502925639841,1.801695914613969,317.31566938138593,0.5,-92.61862398175917
614,0.07361283708006708,0.4461683080650622,0.03904329019540308,1.3896277275524862,316.7756970005089,0.5,-35.720905434600404
615,0.06586304042135964,0.4303525596040266,0.008711036769976019,1.2549402743308284,228.74586040158363,0.5,-11.957472239566565
616,0.09999311901922622,0.3539494596660719,0.026444512624400753,1.312338102283261,379.00017882532666,0.5,-41.722572996527106
617,0.07516724445870866,0.35261019881659117,0.027385211475212723,1.1031706885773727,100.98890033441575,0.5,-5.655982177393903
618,0.09884906641455693,0.4676108408018383,0.0384125103167382,1.7402527830016163,307.4048690799748,0.5,-61.740048696834464
619,0.09336426488604452,0.42676500675116313,0.012064511482482256,1.7302038145433825,163.25708367716103,0.5,-65.1299838000726
620,0.0970369708956833,0.47672070074267836,0.024285481880471155,1.3239044621393243,346.84013214533667,0.5,-13.746956023747996
621,0.07610376607160838,0.4503621304618748,0.025788845490376796,1.510138844367428,194.7820250563116,0.5,-46.11979943432864
622,0.08233559410426147,0.48147985980308405,0.015788765007465098,1.1100072413409865,202.020541563594,0.5,-5.463856240914987
623,0.09237532305593836,0.39412463954955806,0.02251962868201292,1.2595443801346178,145.60558523454978,0.5,-16.385012766748012
624,0.08747755156763401,0.3989068778027562,0.021835946947442238,1.436006687140414,137.12694369997106,0.5,-40.59082389871567
625,0.0533926118262488,0.44311445290967233,0.021169344040721187,1.1295795700237392,19.81758078818683,0.5,-920.8991125910024
626,0.09071697824227819,0.4123524169250291,0.005722458494595448,1.7045000804551766,327.4275574161305,0.5,-70.77745350606263
627,0.08303142477150446,0.492322915712269,0.022647656755061984,1.409377653739697,262.1085725205704,0.5,-23.76708022475389
628,0.08642793617041063,0.4671477514621744,0.010658506575114923,1.1933428861735493,450.5081733434399,0.5,-1.146652972480835
629,0.08279142692879635,0.36838380221659056,0.005801814859569656,1.657714006340819,95.57966087409694,0.5,-68.42091182430893
630,0.0987088535460958,0.4578879250674748,0.03257739965756686,1.7693117082807417,456.01668696293086,0.5,-72.1013297969407
631,0.05541389610053847,0.3658128800010906,0.0380226651176433,1.6344358350922565,301.1143411330929,0.5,-102.56294068078536
632,0.0758858418603367,0.4931986089559242,0.028969791511386875,1.4580528013066336,356.4785203054667,0.5,-36.94817170591655
633,0.09005376774481146,0.4498741805569259,0.02131504250732581,1.11560846637223,221.52398594439967,0.5,-0.7819299702000948
634,0.06213421048352942,0.4675804188674807,0.021698157380634447,1.8318840061936092,499.7798825743268,0.5,-103.07147305782618
635,0.052598697029178666,0.4744720441820335,0.008465171434549182,1.9234820003740394,221.0971510428933,0.5,-102.031685232499
636,0.07088964511391649,0.4332560658246819,0.035554141500181984,1.1549260934704992,375.43695009249143,0.5,-2.2033404845621365
637,0.0801168463437482,0.4073631023355561,0.00763683173830982,1.5965579682935611,312.88333838981833,0.5,-68.51598779328064
638,0.08436626952117807,0.4215289040337129,0.015437744631844053,1.751929412052656,139.7951031154679,0.5,-70.78198248992052
639,0.09623464545757841,0.47080189587317106,0.023845063248383824,1.1357698117325936,71.75164025666149,0.5,-3.4533774844356406
640,0.05030119806925622,0.4301567232227841,0.032935409588685474,1.1672391276943064,256.0174236008042,0.5,-3.782956875092343
641,0.0642886818322503,0.35423072318706134,0.009959961859749369,1.8254659848069088,239.94882713736348,0.5,-115.81528466911749
642,0.07500548619006236,0.3762754665409637,0.009056178368888577,1.506663285197421,470.6645563771636,0.5,-73.74904622799859
643,0.07119960858572243,0.46288984851359466,0.03550557620386919,1.7475126938943315,310.5960832368708,0.5,-80.20361766401412
644,0.08603957869544651,0.39536868641104467,0.02366843556438763,1.8191315788500946,98.78206501600722,0.5,-75.04730520801986
645,0.06304411982673833,0.38574586392307153,0.03475412652684667,1.4387943101123728,146.330571135783,0.5,-54.282751165035485
646,0.05083060749108067,0.3862454516472977,0.03315528267914256,1.5223699923234983,311.6693401583634,0.5,-84.73123452690652
647,0.06268950370634817,0.4748773604282561,0.020365208852964372,1.562787099249737,229.59474761525246,0.5,-56.10255307079531
648,0.09585123280278535,0.35343601135588587,0.0322147753043011,1.5979915452081448,83.06673426056669,0.5,-61.06237835118837
649,0.07453390912922946,0.46222632671786984,0.011935670166621604,1.2291854838631187,26.804578430034603,0.5,0.21388506593923828
650,0.09325283074865674,0.49627875489067425,0.016915331884691916,1.5396745022764404,46.8517909114136,0.5,-17.221938100106293
651,0.0991021134497118,0.45634932803423967,0.019049405092692206,1.9647788742936094,458.1540504937843,0.5,-86.56219512936099
652,0.0867661831390518,0.39340721616231583,0.03437359855681008,1.1085229009172375,79.06658373142463,0.5,-0.30315129934874285
653,0.08056052102418708,0.3665167404799178,0.0054794426846550125,1.1838430685846204,292.0615180899617,0.5,-13.482476575231658
654,0.07891973024758306,0.37523523937895437,0.03335532817511637,1.809276089001842,498.0034022434892,0.5,-107.821479398756
655,0.09272202683240617,0.3888966867878868,0.02870723749335941,1.9361002971433336,492.32881265933173,0.5,-102.62436653657377
656,0.0753193922549843,0.3685774963650664,0.03916278578001559,1.114935836029894,271.97071477089213,0.5,-6.177831347072493
657,0.07145082697246449,0.413039830340842,0.036592610611705365,1.1830687298806595,285.80217579231265,0.5,-7.528027940286444
658,0.09540918694629213,0.3870331383486078,0.03231031983508409,1.864000997734323,108.94357917439388,0.5,-75.64535963170708
659,0.06284560322264382,0.4854792900402787,0.016629383163127,1.788411427063589,137.71625559919647,0.5,-71.47623017603932
660,0.06008535687589679,0.41166405872990897,0.031408827174504314,1.711843268090905,130.42088461345838,0.5,-80.94209748555923
661,0.05048127947917349,0.4405337774229741,0.014788679425158147,1.1136217158451864,233.84584235347438,0.5,-0.08359184351688076
662,0.09412103801038883,0.4710008338070821,0.02234235113266322,1.9692288887735347,270.8111721362844,0.5,-79.61125394352831
663,0.05854278013135271,0.4642989355236349,0.02298465706248441,1.7556445774894747,315.0103584849771,0.5,-90.29386260050386
664,0.06693274638673861,0.42472178493036145,0.036393310505851456,1.5744813743026265,156.9496248564527,0.5,-61.17580862332893
665,0.09350091743308368,0.38713495860809466,0.024112022008985955,1.5277193454189508,312.6890929497855,0.5,-62.94333082263769
666,0.09950971631769369,0.37037605043573313,0.00639173924273971,1.833814338415263,304.70509014225075,0.5,-87.62787959858935
667,0.08051987269628336,0.3881739950324358,0.03952149969515739,1.294301610736045,107.89884717771643,0.5,-22.519724442430878
668,0.09868223584189074,0.36427828983969074,0.0226692488633385,1.2903042257196136,201.24991723070215,0.5,-30.123105523860566
669,0.06225940873230265,0.4020318488461638,0.0374773314439771,1.5638569073451174,140.5820995080656,0.5,-66.5578264952865
670,0.07505608759988239,0.4664796716948847,0.0338294097090275,1.3498599778816522,377.068552861808,0.5,-25.70666676528363
671,0.07907275258524041,0.47265242558990433,0.008562374116672754,1.4334628443458983,371.42085682684524,0.5,-31.14978235621051
672,0.06670217803402863,0.41415634311851424,0.017826503674235963,1.9504885839942787,200.9101889875827,0.5,-105.09034849569392
673,0.0869796243202316,0.36303723175709257,0.008894902651036235,1.1026386096887462,311.06370890995845,0.5,-5.05587590529051
674,0.07889585227950772,0.40399026149239703,0.03188333777755235,1.3111432417281992,168.3597620674802,0.5,-25.334921878984108
675,0.07766201614403725,0.3887274042219067,0.005543175045291108,1.8722352190290354,183.03419713494472,0.5,-93.20886019749423
676,0.06446686647655517,0.36245934765875737,0.010819526114111706,1.2255819575500682,390.03708222680154,0.5,-29.095218838178393
677,0.08452099347954352,0.42373341733122305,0.005022120693951469,1.2497947928159665,58.146327641773745,0.5,-3.575403723116219
678,0.0912246899447858,0.40100557629320743,0.031261007406065966,1.9257787836199145,199.7953598987789,0.5,-87.85640818231951
679,0.09358778408885249,0.48541845680138157,0.03859543085894368,1.6067234520973872,170.4824145309239,0.5,-39.961577863043004
680,0.053430068381349505,0.4874178949370903,0.00949225641923879,1.3157288542313337,41.860129908752924,0.5,-3.002541503705694
681,0.061049419493932,0.48493178535774883,0.024659508427920203,1.4195620394319117,325.8571612108532,0.5,-36.40869704178275
682,0.09904994224135924,0.39500263481835557,0.025648678188367836,1.369661960438725,189.85170966894316,0.5,-32.45570703897952
683,0.08907637572599443,0.4998769772222614,0.02516058967796613,1.6002886009638186,350.6149306764593,0.5,-49.186795935244824
684,0.097429106068541,0.4645436837953876,0.018037931217935774,1.2453173585623383,491.36261623212005,0.5,-6.855023736846837
685,0.09959869677870523,0.4556608281732805,0.011893952031935273,1.2200610933449403,278.6671232468977,0.5,-2.7323108230583144
686,0.07383214656040804,0.38795758633491184,0.031038530665106128,1.797249731572936,108.61922946498493,0.5,-83.58551196345039
687,0.05994620172462152,0.4532020486754639,0.03324299728613811,1.519088549304962,145.3308326306361,0.5,-48.78589265348599
688,0.07260080847699774,0.3655601327509293,0.010764724546727507,1.9294145140934895,300.80306684653056,0.5,-117.44652240972182
689,0.06172525583592354,0.4188372877826046,0.009114017350741663,1.3932219991870742,292.74056420398,0.5,-42.10673138526803
690,0.057998859386956626,0.36307104008201885,0.016783204825646176,1.744707393305231,472.3239700185622,0.5,-121.83441796057903
691,0.08327943218348581,0.3588002389155812,0.016350353047743252,1.9140203933230828,390.84771728305867,0.5,-112.8465528362319
692,0.06206569396867419,0.43227244300448253,0.01011265877356892,1.2358934521576344,493.6170167223668,0.5,-13.564543359716804
693,0.06894384292915132,0.4385913357291545,0.02403834824162577,1.4714500738963967,162.31552707783533,0.5,-43.972308923132566
694,0.06684855362293139,0.3513754491621885,0.013868115071307505,1.4165384516707262,282.47184908064486,0.5,-68.48811105452862
695,0.09167981155399212,0.43424915405873515,0.02139428098442149,1.6962556265610478,158.16829948844656,0.5,-60.37804655856803
696,0.06616800588577446,0.46839456757371917,0.03306235154392374,1.843436959736372,81.16146620409567,0.5,-65.94935779437785
697,0.050429045694912314,0.48131411226802817,0.023437360266938347,1.729187020744704,229.09623155812085,0.5,-82.68053815969331
698,0.052930669521403184,0.48365524728102743,0.014219619490299547,1.6654688155854327,75.45745706276745,0.5,-53.40463060169516
699,0.05146309877821393,0.42972374200172603,0.0286651200110018,1.2666626983593567,130.9803836664175,0.5,-14.907880034426974
700,0.09032732568543507,0.39162525544762644,0.019671442248437688,1.817607581842069,66.13690344544034,0.5,-67.55848358733913
701,0.06016953751738546,0.4021632023781302,0.005916254115367018,1.6185756744328486,246.91870048451295,0.5,-77.15328056199266
702,0.06552503776373705,0.4967980147886262,0.010452900179043411,1.2173906687547773,124.5633823375108,0.5,0.011342169427794535
703,0.06315527878211098,0.44065598925980437,0.012099783599128817,1.7535186080017708,270.1211955285361,0.5,-90.18338434316375
704,0.0973207138423795,0.4001973566700902,0.03466326533279908,1.725168783883685,344.12599448010667,0.5,-77.67110685749579
705,0.09656843387119246,0.49438615545863585,0.006650930243175498,1.303962947153405,335.4355165347702,0.5,-4.258987656031712
706,0.05674491117594161,0.3706783004195453,0.018653389667416486,1.3065309495342485,110.5104231758958,0.5,-35.2103025998616
707,0.07807689615156341,0.43665226952169267,0.03387879242760744,1.1318771945776582,376.61576802591816,0.5,-0.2733683494118746
708,0.05009789096619067,0.4397246059920614,0.013480453729676281,1.6450279787112012,199.5349930435319,0.5,-80.52573092156862
709,0.09518543102002176,0.4071757955602765,0.03101570588164776,1.4682904239211134,35.66194981881342,0.5,-24.380302106421915
710,0.09159238951351815,0.49796090188042824,0.01029646947263835,1.2850855173119986,225.6068371735818,0.5,-3.1644602262030626
711,0.05353350927337056,0.45698337946737483,0.014713924171646603,1.7911026813839432,228.2278514669203,0.5,-93.87543033788256
712,0.051548972538155644,0.4421859834436334,0.03200741492970589,1.7714583862740516,191.20189343283548,0.5,-91.59502774799817
713,0.09758376773135044,0.4934096562325273,0.017687405297485238,1.9562970339425423,398.6500079042158,0.5,-78.75208953390474
714,0.09547557433846045,0.43286808994426146,0.01938724036834099,1.4627742122701857,150.97719939846857,0.5,-33.938222681511334
715,0.09654738258265406,0.46199790335590113,0.03531145466031245,1.7665474678523676,426.27171170425544,0.5,-71.3140175419145
716,0.0580606062699361,0.4704599933131051,0.006215895047770265,1.7371970863264878,412.42647419564963,0.5,-83.91629864345252
717,0.08897053885447623,0.3555760458968938,0.01222517982541247,1.7387143776213005,269.60251660372,0.5,-92.71915666088002
718,0.08962607110211743,0.3925586947005349,0.020014436377488974,1.8733941909107887,348.4668409916195,0.5,-96.30692451217374
719,0.053013708692875576,0.43402153661951726,0.03238134588608617,1.855780142720241,421.56215990562333,0.5,-115.7281649461133
720,0.06275563035745196,0.3963741073377337,0.02558773838042232,1.6426199766184166,368.06003422178463,0.5,-94.0414268345421
721,0.0693212433963534,0.4718380259283388,0.03144977301012069,1.9902150046591165,496.4497821120021,0.5,-108.35408186763482
722,0.06299928168100438,0.40161164987926673,0.03962436963116095,1.1654290348948508,413.10053351806323,0.5,-9.365588002444634
723,0.06122455339748269,0.3868219447934299,0.038158421135004165,1.8585526788875142,422.6925664366699,0.5,-120.14294539067663
724,0.057509791962094714,0.385626908480161,0.006707834515905399,1.3713387748133645,419.43720746328063,0.5,-49.522615638121856
725,0.08338740446828516,0.4343992161257676,0.006047458191128681,1.575507178316441,452.4084805552534,0.5,-57.67885082107565
726,0.08785553742539154,0.386465495071672,0.005671395793809401,1.9973568509578126,435.9681687879036,0.5,-106.18311439017432
727,0.07417655015648715,0.4765619850010705,0.013623571381167945,1.146972163856782,169.27278812974288,0.5,-1.0080760599818124
728,0.08305863282679163,0.49481135116051045,0.0061717220824291374,1.1567993012964428,152.47961595140245,0.5,-3.4465988383686117
729,0.05238799985791655,0.47608703284455356,0.03430168661589868,1.1982582720931847,231.13867755505365,0.5,-1.5496281261264118
730,0.0787602036529201,0.38602798368682933,0.005837561908387962,1.1005529791684008,211.29719482835029,0.5,-1.1196946852295784
731,0.09822686674124216,0.3948870717605045,0.023325016135815557,1.9067430575008686,174.87815856397785,0.5,-81.97257308901037
732,0.08153772616537128,0.4291908836204257,0.018868826855255594,1.7203633367992617,293.9634782451282,0.5,-79.02478375303411
733,0.07842020149751644,0.3811781023295683,0.029292795979203316,1.5230436801056568,437.3289874099816,0.5,-76.02713730976573
734,0.07063694137186756,0.377489861956428,0.03740535349480371,1.2715164416622702,438.7215228578896,0.5,-36.45094992089073
735,0.07941331141431587,0.4253806756734724,0.006153798334423708,1.8037137473155607,114.32956545356063,0.5,-71.58824176330769
736,0.09936378648184904,0.4515095112749905,0.03821736480829697,1.6546087864864854,373.71538524512306,0.5,-59.89665038049108
737,0.08334615880142282,0.4502408371304556,0.030629388479183402,1.5208366948445036,430.16763183116797,0.5,-55.08651633849169
738,0.09259697404438574,0.36003281581465435,0.03434340293957936,1.8049622620396595,213.1026876649433,0.5,-89.77249751192568
739,0.07664103376917006,0.4534222523483683,0.02660095777368274,1.1261519149561252,444.63509670315864,0.5,0.01773356014035432
740,0.08624118988077176,0.49924462186937985,0.008084061457123738,1.2225205988130852,325.2922684060587,0.5,-0.04951285124548388
741,0.08887583267446307,0.35183407868797734,0.009067572829397725,1.4118345357449154,440.2126556031657,0.5,-59.596520517224434
742,0.062421585148932826,0.466318436006608,0.01658612323246061,1.6778002787587236,449.35802990044004,0.5,-84.73702490837805
743,0.08517096949189842,0.3512409382591299,0.005941174551641607,1.2698020564775847,205.6523626531087,0.5,-29.296403554692848
744,0.05138296995399527,0.4952038973440589,0.019885212024188602,1.2912827873571107,202.81728089442714,0.5,-9.372711148832806
745,0.07173327023963191,0.4494086013188242,0.01291262800983381,1.41820867776906,324.28699359819615,0.5,-38.79729946904685
746,0.06201756098153338,0.4790105294917112,0.03619384870811864,1.5991478574343265,235.08099921523916,0.5,-60.07800485468178
747,0.08847858198616351,0.49204480830554953,0.030871834878372573,1.6465885982536006,496.81992234805426,0.5,-61.02551744764545
748,0.0753550538246186,0.47036032257142923,0.014898807387689277,1.3706114229109296,185.0147685193351,0.5,-20.17291558863459
749,0.06632677629413479,0.3585803717846212,0.03656956012027204,1.7962302808160875,427.8476087522441,0.5,-118.37218633909698
750,0.06547870809998048,0.45350837573313146,0.03897829694668441,1.6928831818652563,198.61649563609907,0.5,-72.12081109968383
751,0.09550466300600904,0.3634389658932668,0.026006513560636754,1.264377079669909,83.15592460273486,0.5,-20.600587272497734
752,0.08160704425602852,0.37463553917922665,0.01823922269347312,1.1524399936925496,381.7376137306655,0.5,-10.913887833505987
753,0.08671185386437781,0.46117616158148245,0.009643854721694125,1.7948409301561754,350.21748374721335,0.5,-77.5495369328617
754,0.09129369990058066,0.4623870762116892,0.027045605227588483,1.7084860972277771,17.361202960828656,0.5,-23.45895294744122
755,0.09894638191495951,0.3788871778014098,0.0059832576927035044,1.1437121419174043,117.93871861234334,0.5,-3.600244055784751
756,0.09399247111347275,0.48873735370250776,0.017244944549741868,1.7813656638775217,142.66525603005164,0.5,-53.63353367865589
757,0.057863563429324166,0.4263699840121976,0.018767544687115466,1.7748811945400025,282.90802555020656,0.5,-100.14531538526676
758,0.09466185740366183,0.38740085428246157,0.024737119539115275,1.337629820115974,56.41345762476514,0.5,-20.491330138375286
759,0.05247269266278426,0.4517118173106506,0.031576212493849884,1.1891976998219955,314.1125023633873,0.5,-4.18163747503555
760,0.08801866524950615,0.375908863831318,0.02530542574136733,1.2436576977364577,37.41378266588741,0.5,-10.953514072858667
761,0.08824594260256295,0.4228638479660665,0.03800570633414819,1.4407095843411564,183.73784984898484,0.5,-37.772279191666634
762,0.07978792229784999,0.35621546725982345,0.01841456460478712,1.6876299083923652,401.16316476433303,0.5,-99.63801662391577
763,0.06130478343552141,0.4193690995617066,0.011967845856838528,1.4283178394145408,277.63550684246457,0.5,-50.330890844947795
764,0.0793896883403515,0.4464817280776616,0.03329110902730414,1.1164033805461897,280.9705341029708,0.5,-0.1322213535010084
765,0.086640854247346,0.37860023555254657,0.010899648654868966,1.932115403524872,267.05937770098694,0.5,-102.12875270452385
766,0.08083413784623668,0.3585055011431778,0.01763524828380791,1.7675438178912501,370.92447995489164,0.5,-104.0662932816571
767,0.06744889479938931,0.4512489221693383,0.014085381463878246,1.6124862897015877,288.3433974311832,0.5,-69.4053324885451
768,0.09111875203491202,0.3922466362101239,0.03515298883835824,1.4918412253841953,203.77675723102655,0.5,-52.52617573439806
769,0.05532423890300452,0.4593342001436471,0.02292095392514103,1.1776318209042482,69.16807102914895,0.5,0.2724286031658777
770,0.05500196217880203,0.4768604741313075,0.027930313022971692,1.3355292738781834,265.6881746236181,0.5,-22.36193414769217
771,0.09230279827786311,0.4358965913458004,0.019782101611993508,1.331278608131031,323.1280636381847,0.5,-23.170050947046334
772,0.07527708207539166,0.36173942214118293,0.033682279201857165,1.4733681952051625,57.71395828982002,0.5,-49.12182733674656
773,0.07257020100514315,0.48083580932178666,0.015811459738969823,1.5018174395468908,302.08355763181225,0.5,-44.800398350414525
774,0.09088918113712219,0.4455465717999201,0.014124681465159529,1.8716313202309829,478.59333292023877,0.5,-89.35604871875951
775,0.06566028147377662,0.4144484619701344,0.015696966794353874,1.6662073204201873,82.19778124835962,0.5,-65.92223464376575
776,0.05730507872721177,0.4014375954718196,0.011426828960927522,1.5798890476281615,193.34133279866606,0.5,-77.01580679333325
777,0.09376079628004695,0.3975760698285703,0.029393205254195153,1.3439030409621275,411.9947424899424,0.5,-36.86387564428643
778,0.07813593945174101,0.48916255833906364,0.016664673068951353,1.5740722132898202,264.97360332250094,0.5,-49.18704844936134
779,0.06982756652748462,0.4758708794920125,0.015192876231259096,1.9706515058921843,414.51646271386636,0.5,-104.24379912594742
780,0.0687253931018808,0.35515808267856186,0.00982661874952826,1.8300624347072614,72.88487053503471,0.5,-93.85352337113505
781,0.0544188409803074,0.43098328887419346,0.02106149267680676,1.5519502764863053,63.68847990182488,0.5,-48.87923168312041
782,0.051420343205376966,0.44096797044972175,0.031813341370735694,1.7757133284440303,394.70533326094073,0.5,-106.29922684576295
783,0.05518405688495362,0.497873380402837,0.038858833484423684,1.2305878489984068,15.089884381191382,0.5,-2.846419512028282
784,0.061930724050410155,0.44611779975367083,0.022311577169771772,1.7800046688764137,163.77964886685666,0.5,-82.76942235064884
785,0.0883635361379098,0.4987210536698436,0.028436103070072778,1.977429979751452,248.459498161033,0.5,-76.88216275724936
786,0.09854767861119176,0.4061581372501155,0.024814915059733624,1.230374631829288,399.34180542622494,0.5,-14.581207686141571
787,0.08486795819693171,0.3850450682629317,0.015503533914934114,1.5382280007512747,34.43258909274436,0.5,-40.10426678537909
788,0.08352439739546286,0.37485404522610916,0.03982830668324094,1.5391169528088164,469.83421750641963,0.5,-77.54902181612017
789,0.06577256680163697,0.4401929821097831,0.027700870871278743,1.6600567372957473,456.45954991434445,0.5,-86.41416224696923
790,0.09776004256080256,0.3610590110847844,0.02310862451440155,1.5790381319312918,207.36162112581857,0.5,-68.35649362404489
791,0.07754703182754032,0.35316594587319694,0.011751076956392388,1.130662949609125,364.68295009132595,0.5,-12.232501588701203
792,0.06975683475372446,0.40117112177931397,0.028599323780853236,1.916443250781032,263.6184547403754,0.5,-107.1028514512032
793,0.09859198122479308,0.4256472033460807,0.008824006884553471,1.3949160041436168,486.030736628817,0.5,-32.87880845417752
794,0.05461719112456294,0.37719402178660383,0.030983746115088487,1.7702416629340036,277.9359950024967,0.5,-113.36096647757006
795,0.08203309452773505,0.3890764838863596,0.023986155639259127,1.414717777904598,234.46247086355368,0.5,-48.543834236903955
796,0.08941671231870786,0.4737684110082012,0.01757113550424235,1.8779338310825981,460.7556431073538,0.5,-84.78004328427002
797,0.07317900881848984,0.4373885982839913,0.03637610320147883,1.5028482085599921,464.00992877636367,0.5,-61.49764383018014
798,0.0555274994207933,0.467881382858205,0.030512508754896913,1.6462233336342722,106.22601747591726,0.5,-58.30541432268054
799,0.06993527513303316,0.3783120155666929,0.018111077204872664,1.5439099288896403,67.08004182257352,0.5,-57.3983514781232
800,0.07561082452836332,0.4336997454733601,0.039400051404251915,1.5709619709932383,466.14008505319754,0.5,-70.64657997531693
801,0.060921372526662125,0.3822318593006828,0.022215971741334523,1.8535216391515827,48.66366252022473,0.5,-83.18959120853225
802,0.0761515728597623,0.38936250051248095,0.014575105567569392,1.4664648218344147,245.4429569848839,0.5,-58.784103177490394
803,0.09445138148779042,0.35476613908526483,0.019570584690904388,1.5561151641119242,484.4457156325281,0.5,-79.74415075552267
804,0.0868240655189279,0.3755222423806844,0.02552477047435288,1.5935852835889626,51.2002781236565,0.5,-51.80352108148844
805,0.09028331526615642,0.39404317001102723,0.022473573730804185,1.1795973668268598,64.16990980951657,0.5,-3.7048755667420927
806,0.08493588516808548,0.4913398209837497,0.0397653492962175,1.9921533815360961,432.94625059207306,0.5,-90.28634272582389
807,0.09172872168786482,0.4198699920572877,0.005524549530519415,1.5049907506014197,235.9311017721331,0.5,-41.12852157470058
808,0.09559604430789151,0.35239532890032016,0.03488029165833873,1.8498175615701822,139.29131147407148,0.5,-86.91542831642725
809,0.09283159956720657,0.493972219425899,0.03822876679867018,1.6387547206912392,340.355955424492,0.5,-51.651707052613936
810,0.06643718684074762,0.4241340154330026,0.028006884469266538,1.1758227209565513,275.4173047335086,0.5,-4.955905467510599
811,0.08729807156561917,0.43831592067392927,0.014498163813211517,1.6434317782677024,414.9744473298682,0.5,-70.48698604024835
812,0.05349804277883924,0.4225099457723741,0.028414418048024487,1.6938058652343098,57.07519932023199,0.5,-64.76087651798107
813,0.09574724378209554,0.37680932512206833,0.022122438588126105,1.3196194753924506,347.63351057787605,0.5,-36.38346912620025
814,0.060688255575521995,0.4357336211823464,0.007701994966581737,1.2039597671284674,442.4417760520666,0.5,-6.413502219417447
815,0.08827002976870527,0.43723399462207185,0.006918153381623543,1.8472384377976003,360.6869253410452,0.5,-83.92421858258714
816,0.0980549433169228,0.4221216933280919,0.037533954894461374,1.6948304254855588,209.7520914864854,0.5,-62.73843428844904
817,0.07738152108740845,0.40502831242319465,0.006582259208526864,1.7122817748524164,10.286494259645252,0.5,-34.84671549628457
818,0.09698186524132142,0.45099782777134045,0.020183147517907188,1.2950446979245311,435.1601267196071,0.5,-15.672741428875252
819,0.09036026287648682,0.4541129881037269,0.018001246069569165,1.7575118551474835,95.9825879493202,0.5,-54.49570150419487
820,0.09097588240445088,0.3847753043531268,0.023698167885000274,1.1539863793463105,288.8398359331939,0.5,-7.42229788629577
821,0.05677906696084662,0.3815931687948636,0.016999190670326784,1.6182385630337606,55.87455355325735,0.5,-67.90268255978884
822,0.06453165534113589,0.4231272151061113,0.02991360451114557,1.9751239653723949,387.6945574175314,0.5,-116.82548374808849
823,0.08537406779160539,0.4292280048477316,0.038305673695637726,1.9454016118400266,442.78334829429804,0.5,-98.91029786931202
824,0.06180861980716493,0.39482790949479174,0.02653553313206235,1.6760894445010557,406.05876449214213,0.5,-100.47295358004004
825,0.05380647015002993,0.4398538941527531,0.013919914629989438,1.9267476611082728,499.18697257162086,0.5,-124.51478427964211
826,0.09907896100176139,0.3793607978975882,0.02571855742682576,1.3464504283779857,151.89793835059803,0.5,-31.402856138723322
827,0.08390141424641456,0.38334857744461187,0.005351943759372243,1.2591193043956626,67.83026414901244,0.5,-12.657614042880862
828,0.05482767000134167,0.4888246907080094,0.010582103853153432,1.4396230216918984,398.8890439693553,0.5,-39.41451003661048
829,0.07895899222234178,0.39437689719386687,0.03469863471981511,1.6438745982711909,293.50394733122306,0.5,-80.49166083245726
830,0.07966732889939379,0.3955350746819444,0.03273623834672098,1.34245429707265,477.7004677466029,0.5,-43.28358733275955
831,0.08586796155703108,0.40404365050451,0.011049374537226516,1.7469187517143312,279.49231455244785,0.5,-83.76577869327461
832,0.08543400305141535,0.4558353153653784,0.02354607095684014,1.59229993234415,249.52446779763875,0.5,-54.55963098459449
833,0.058316685742423796,0.4410972857942601,0.01908895488765862,1.8702753273311084,71.24792832402832,0.5,-78.48358573300499
834,0.09341413128029757,0.4552704488026801,0.0168656160496518,1.5215742100114196,181.04784644812008,0.5,-38.75820448892442
835,0.07782875562834697,0.478753712795284,0.024607504355909818,1.519881336348449,231.35022323236237,0.5,-42.68319502906772
836,0.06701069808654204,0.4730438265205073,0.027358806682259665,1.838768980664295,173.17094407483705,0.5,-79.16047878871582
837,0.05745366803797585,0.38168529883264396,0.0372850377475906,1.3432454011912414,416.2520225055639,0.5,-54.09551985096472
838,0.05829491145965814,0.3855397854026631,0.038095223497970496,1.517512077176098,296.01501693225794,0.5,-79.00512288463817
839,0.09839138397036018,0.41653245045035053,0.016346693011172787,1.5354242633582902,190.76283312213548,0.5,-48.047205241013806
840,0.059701969508144485,0.4182246702148106,0.030551963358512353,1.6273848460609202,33.41467683570795,0.5,-46.718864126891695
841,0.05881047099084002,0.35504524272736415,0.006932926133529586,1.8463095017159938,446.03208164235133,0.5,-127.87062895296381
842,0.0652031961582096,0.46085138634718714,0.010937407382192479,1.3097684804342147,72.71050834608364,0.5,-7.898120034589125
843,0.0828284853925285,0.4487510337862284,0.018090053565437178,1.1692445285136712,152.7881938754031,0.5,-0.17829169925046262
844,0.09754766461981833,0.3555454298812302,0.019315374657357273,1.6742702938736187,154.94350970664595,0.5,-74.95114041715776
845,0.07071967177447185,0.4172617019373322,0.03881911460086641,1.8410579130216305,176.77126071228642,0.5,-89.45605627894048
846,0.07428186954251867,0.4851148027990879,0.018539296363052994,1.9531714684831942,329.0050963767231,0.5,-93.42068883294348
847,0.08795867684598195,0.4482485698598092,0.039332823350235066,1.9198031835597824,438.19343784835223,0.5,-91.45387131554344
848,0.08506880736550053,0.4714199285345233,0.021492616285250666,1.3919285455886952,322.4252430345819,0.5,-26.851359215925648
849,0.09486188106087803,0.35490688669148707,0.02675702436317666,1.5402974740747013,368.8288345394456,0.5,-74.4873950304322
850,0.07901425497496915,0.49033946150398766,0.023770656692650664,1.9396770792982962,92.19825252064356,0.5,-64.6220242174442
851,0.09289003464004585,0.46878272046214403,0.02421238592959012,1.4285314989571376,18.601453045034056,0.5,-5.806621539297511
852,0.0834791360737992,0.35119167318197675,0.03760625688380967,1.3561379183269493,47.27417692780005,0.5,-33.39432482913619
853,0.08291088995575582,0.3545301306103537,0.011165480645521326,1.9762754048871511,79.58791667493215,0.5,-95.2816082155335
854,0.05328039855837991,0.3912796376878742,0.023375975253649723,1.446519626113812,403.0007059539257,0.5,-73.05688944498473
855,0.08259535587095901,0.49207238928454833,0.01623169704188164,1.6679256666445201,56.93449654291336,0.5,-34.83030279259953
856,0.05077830929921587,0.4395344023284442,0.008878435281877574,1.6673681684311095,237.94043976041468,0.5,-83.8803360180255
857,0.07356088645171235,0.3734164145607254,0.03081065900774985,1.1846426149795943,148.49314235784166,0.5,-12.859790364859444
858,0.05279945372327369,0.37087553495486575,0.02435067012602806,1.2250173385489047,192.22927999429103,0.5,-25.32393366502309
859,0.06481407769313641,0.3903249283712927,0.024639205862623654,1.1048082499937073,259.1421800488786,0.5,-2.0466821957707926
860,0.09724235234594354,0.3863750138503673,0.02027893192957589,1.180576271088872,133.46563254274872,0.5,-7.1074005156869795
861,0.09934104266523473,0.35909201861399465,0.02195025777354365,1.6914955101271332,378.0359146698319,0.5,-85.33686345477676
862,0.06004650033599166,0.3573565095041234,0.024087071949256057,1.5603958213759532,286.5303227652516,0.5,-92.88720507230293
863,0.09810211809659763,0.4580943290878017,0.0232866041953486,1.2708490365973732,113.89715959170498,0.5,-4.277782846483899
864,0.06463043443802646,0.4616388497681792,0.014371844549418276,1.5885844730934682,401.2198762123668,0.5,-70.1336827109193
865,0.09179065601363107,0.497577081423136,0.035286175394637374,1.1906743613244943,429.75948504628224,0.5,0.04183578621319817
866,0.05509939913222102,0.3710284645337219,0.027448955621087748,1.9351144791936035,27.736014462481396,0.5,-83.71403869970332
867,0.06958888957902098,0.47810584005609336,0.024994538084009296,1.8590673737736356,315.7997949531776,0.5,-89.37122191090127
868,0.058655671371337294,0.35664963628746166,0.025332580445393625,1.7214966110572216,405.4125127409431,0.5,-117.88540854807742
869,0.09575030643236569,0.37605113548424424,0.02501363244914605,1.672930154138173,326.81189866832733,0.5,-79.83063499281911
870,0.0773077838062771,0.48895982549222594,0.018503369234149476,1.1329247058347043,354.1138913668969,0.5,-1.8655085653681964
871,0.06465763264900004,0.3882943988937716,0.027656948491772904,1.5972169066736683,74.70173257048693,0.5,-63.66501930264177
872,0.07066057643129317,0.4711926549387123,0.023239492625959677,1.9652760369254956,344.85313310329525,0.5,-99.97996069220999
873,0.08075864612488137,0.40972331784382343,0.02824283512453701,1.4344374356340348,445.5511051707542,0.5,-54.135166489312496
874,0.0943999098939644,0.3897965024533733,0.034426398326907075,1.5254714841159749,214.1649899711046,0.5,-56.35467093998373
875,0.06819774448550046,0.4085541641664511,0.036418274372231156,1.3046529213461926,431.362170589528,0.5,-34.706217580978816
876,0.06915748367322919,0.4146583970427292,0.009141675986541626,1.2423681509656652,299.0443243734201,0.5,-14.598342278584434
877,0.08448102795977096,0.45264921552137627,0.01819690221957347,1.6085864683780746,259.8704114056351,0.5,-58.356511205939896
878,0.09043775715250582,0.3500271594348674,0.026669962502182364,1.1823438759678093,412.89952395934364,0.5,-22.476133563484385
879,0.06636152109859073,0.44587270118880373,0.03874405420273034,1.5857621277547755,439.4177743028732,0.5,-74.00723819194965
880,0.07870828100297052,0.4268443065505761,0.009750318606787713,1.6401779908648557,427.9672370551482,0.5,-76.12617999709663
881,0.06603317291615081,0.4348174534510054,0.018229357883507928,1.452164421825934,388.2108210228439,0.5,-54.48035505313503
882,0.05549451572281069,0.4476829886822059,0.0257397500758098,1.5948583295414904,386.8011184672986,0.5,-79.79974142756251
883,0.07473623946505978,0.4682464520846527,0.016080739012235983,1.443974745869673,285.1736893555183,0.5,-37.093462211632456
884,0.05173794659743074,0.3921301742753247,0.007503561956161423,1.953640585587885,103.20910581910985,0.5,-110.5170738452619
885,0.05392147745617604,0.45991972744843623,0.018823158777268156,1.6249267174388309,64.62123108112678,0.5,-50.87432146413065
886,0.07720408519798012,0.36958332780000536,0.029133126803601615,1.336272658210941,451.67559824367095,0.5,-50.24242371549277
887,0.06158128335903158,0.49497859613040285,0.018733648324767517,1.4996512531538286,23.08710337571703,0.5,-13.890695516122081
888,0.08087136015136409,0.4549721316347574,0.03580361194295807,1.1856763808502426,226.9062789612349,0.5,-1.117352702392294
889,0.09833172199705842,0.4981977028330873,0.012970341945381703,1.7350784677103612,260.95445013550693,0.5,-54.67209892080126
890,0.056603417585742534,0.4995198056860764,0.011223813199591197,1.5821172852097083,33.171738174240836,0.5,-26.08925813982576
891,0.07016747238203919,0.48108764497863826,0.015302175150165277,1.8550397133858174,80.31147449040533,0.5,-64.18611907459606
892,0.06261004870163957,0.4626460622321177,0.033939410382839146,1.928868340812925,446.48744016011074,0.5,-108.92816964892293
893,0.0860977707082373,0.4148181523575123,0.027640124762809914,1.3387415405287495,298.29630361149697,0.5,-30.608155952078533
894,0.07594407333824399,0.43061345216693625,0.013754422655785269,1.8433017307048827,361.2238973758041,0.5,-96.75919360843497
895,0.06401263398138697,0.43765422175011415,0.010694579074838943,1.7833691721904898,494.89940881568214,0.5,-102.78617722389323
896,0.08378750075896144,0.42813805847472497,0.02343160311069558,1.409736333901727,365.91542706092275,0.5,-41.61841486808945
897,0.051130823967927064,0.36384781975426256,0.009460743469957133,1.2831374031034146,417.989380810093,0.5,-43.90573516496324
898,0.06147947526920877,0.36782563441020144,0.007197771315130482,1.3718364675728958,434.24452219055183,0.5,-55.39300862952435
899,0.06710713924250698,0.4480931230590679,0.018284710472393842,1.9911092983541554,220.11829112059496,0.5,-101.56884515666873
900,0.08928122590076823,0.41777861222699764,0.023475656351682264,1.6109772667945133,450.9501347157584,0.5,-71.76668551211134
901,0.0873756341976725,0.36713534634979994,0.02837212332334574,1.8969359829237509,112.76871055073127,0.5,-88.30707376520006
902,0.05840514164080321,0.44406937046060996,0.02245295583611969,1.9436419605126327,430.92931412099574,0.5,-117.54761283207
903,0.07189319785140576,0.48793898892052634,0.006102178371773702,1.1093453499572477,341.74755174309684,0.5,-6.2150330377826
904,0.09115534628012237,0.4906972415983464,0.015019118617399251,1.4451293600746107,318.02103950861516,0.5,-27.949503153340924
905,0.06747172100690592,0.4076028847555185,0.014852270568409535,1.8137691803930436,364.2493556719686,0.5,-105.86054439969541
906,0.05520189989186524,0.4627095728749914,0.013630615305912377,1.97290590078239,485.2881298582458,0.5,-121.7943333813454
907,0.07714546801633626,0.41848216061664867,0.024555055206920695,1.3573343109016327,126.33552330023021,0.5,-26.482656973990586
908,0.09561719803067918,0.42615082230303986,0.016525900692832825,1.7326817225717923,76.3605160240182,0.5,-53.0515563941672
909,0.09718193696281446,0.4023400209187921,0.015579026653381404,1.3962375999610803,22.25062976115342,0.5,-14.991332189674074
910,0.07267958344102968,0.420481072966442,0.02555468604805148,1.4662582161836712,167.10691636321417,0.5,-46.826675070353886
911,0.07434406624447325,0.4168891763399909,0.03251324832769928,1.6334253983772267,55.28277072226743,0.5,-49.8499123973549
912,0.06309782819642806,0.48364002528150535,0.03703395321650225,1.7607269447212248,338.7406300278786,0.5,-83.60977908295582
913,0.08971700544682515,0.4417268427114575,0.013075916459119478,1.5507905020452988,459.5317131266701,0.5,-57.856208762150224
914,0.08818283109747366,0.42320958136757925,0.013513365278172547,1.7622389707197021,483.99030235441967,0.5,-87.17634984407091
915,0.08529622150458921,0.4540235167214955,0.01604801027687308,1.9021387757331083,387.2557081101278,0.5,-90.68385892148562
916,0.0636906016646513,0.4331745868220284,0.009977945061700563,1.7438010015681904,58.98935231367435,0.5,-64.21984150795842
917,0.091463574210875,0.368826223595984,0.028866801316985286,1.856710729487284,250.02113791883872,0.5,-94.16966279268082
918,0.07795144289566681,0.43688625068389586,0.019624375974601597,1.9620881294356485,173.82771609910063,0.5,-89.99825885375637
919,0.08612068223774227,0.4170904750179937,0.011285162849808763,1.5510762849665714,8.567433714897874,0.5,-16.820466241826995
920,0.09968006881057216,0.4298027651314551,0.013321724463775081,1.119260130920556,182.12191658693436,0.5,-0.10155404153543324
921,0.09150194861819844,0.4860800331403683,0.01246562103150656,1.517855909518838,78.03528823481295,0.5,-22.534143401254603
922,0.06573778549612462,0.4077668302050148,0.02206149233541659,1.6859641274167894,141.90142101943115,0.5,-78.39516802288844
923,0.08982924680591696,0.4258222861353254,0.017385724125316804,1.121142140865641,232.65505147366528,0.5,-0.06951565151171102
924,0.0748290754154812,0.4252290124624821,0.03605403115694098,1.1963712302014504,471.49545396341375,0.5,-9.305731875525346
925,0.0576742747945583,0.37278458061963976,0.014051125378572456,1.5926917621983459,61.45084326325493,0.5,-69.1433223497145
926,0.054319584738775545,0.40917948487637074,0.02720942207118615,1.4239812009527704,136.44548688635393,0.5,-47.50360566318585
927,0.06370779592548315,0.38458046443188476,0.005568933610014448,1.8835304045401555,21.380685222626674,0.5,-69.82561178976859
928,0.08844270004117483,0.3697737407719726,0.026019737626284258,1.6231160345768878,424.83348700866384,0.5,-84.65746846652416
929,0.05839960192368893,0.4446112491333077,0.029186196075737685,1.8109868102468187,251.54646211220648,0.5,-95.69360640548138
930,0.0689890861132994,0.3583347273756499,0.019174411200140594,1.3317393403604787,104.04857178950053,0.5,-39.88675671606424
931,0.09674902701520158,0.35439521373676974,0.03680784808728331,1.2747643374179785,121.43996920283152,0.5,-27.090714034988093
932,0.0950407503888492,0.4722004913920046,0.030443604835845763,1.8815924442985597,225.14557300101828,0.5,-69.50832584993444
933,0.08936087421769315,0.46905045845117466,0.014161879668511623,1.6829643951201227,407.4057202221287,0.5,-66.60175094384964
934,0.057284123953311845,0.409616370639049,0.028506102737215717,1.498777858342046,118.88354322190442,0.5,-55.78125832118052
935,0.09135054829580283,0.4572063685761223,0.032858996786917075,1.4352117908666362,27.213185207295208,0.5,-10.268589405914058
936,0.08102574736757573,0.447462216536174,0.03360123477030653,1.930644008867413,281.31873357231336,0.5,-90.47952199986271
937,0.07310747159510711,0.4566921541889405,0.01730455829459468,1.3480077961793302,39.12666958856471,0.5,-8.271714131449178
938,0.0517648540274939,0.4219307379119517,0.010526163309893644,1.3822900023776756,454.3876845626754,0.5,-48.405312682679074
939,0.06830907488141355,0.4941332266865568,0.02920109155709564,1.8823464181922618,230.52565684554918,0.5,-82.72183891804934
940,0.06528573437247176,0.42695320832700123,0.03316742307924775,1.9592324291295355,380.97477780425055,0.5,-113.84465720819392
941,0.09093299621476296,0.3687493986576419,0.020708473258909867,1.6631367846406533,400.05958625009373,0.5,-86.61232296671845
942,0.09679828128614189,0.4102000763096515,0.03543887919316936,1.2723194031629177,415.613837665212,0.5,-21.04533592863484
943,0.07213964222669186,0.42937976010938683,0.0320275774386531,1.3220815750358015,176.45300787750736,0.5,-22.77801572044272
944,0.07701305333999478,0.46410314021433813,0.0116556176632478,1.3296517653897966,107.5804932132145,0.5,-10.697208037717246
945,0.07123277969756224,0.37184976161599975,0.015865993323912798,1.7154532131007851,192.47720633923905,0.5,-93.2211843420764
946,0.05893339301111199,0.44706270047214125,0.009341720203746521,1.425552238538718,184.2764807511208,0.5,-36.400762484688805
947,0.06720561057696237,0.4392927362934562,0.015530143680763296,1.566791114604167,127.68897891584241,0.5,-54.145855413266226
948,0.07035441563606093,0.4426691528493871,0.02796526240534813,1.7788679478632528,140.28670063623898,0.5,-74.95335398309363
949,0.06781336723560795,0.4408833074141919,0.007253960137102195,1.1926563494953046,305.40189749880193,0.5,-2.8496064689312384
950,0.09100836837653634,0.45874473244912456,0.03709414561805057,1.706401284603265,49.79445621785057,0.5,-37.584192323598515
951,0.0966005045202511,0.41045401558785544,0.009260067548750382,1.6647464296009473,383.7228069274176,0.5,-70.86802755130573
952,0.09001855870603447,0.4484282276253752,0.024176695872266528,1.728534007722097,498.9380877136876,0.5,-77.78909581982715
953,0.06836222261051283,0.4351532427005552,0.0345526209245653,1.5699028652130282,388.76787089118994,0.5,-71.6026342370054
954,0.08562713506236283,0.45964488544877985,0.027732151307687112,1.5813055252359618,60.34873248387562,0.5,-32.30248216528131
955,0.0739243212917513,0.35975064226367537,0.013698382229984221,1.174253536106952,266.748756073322,0.5,-17.31002206604897
956,0.08215563489302191,0.39370585067275776,0.02492374444773486,1.9601711761969858,438.7903657804325,0.5,-110.00623931559672
957,0.08263491164949066,0.4483711489402362,0.01951849073022264,1.8652143098642848,257.32658563774595,0.5,-84.17155516975643
958,0.08419185038979016,0.47986450718896756,0.005392818540617667,1.8040075711810952,50.81519791750372,0.5,-43.385366344424156
959,0.07838732096164222,0.43190266777118935,0.017397350463253088,1.8923011985089861,208.47162898520807,0.5,-89.40223012011826
960,0.0715827452651059,0.39972056483714946,0.03648225758268945,1.6978313736396662,308.96562750341326,0.5,-89.90732458032204
961,0.06239850286800191,0.48921097626481524,0.014016437738778843,1.437780274178493,311.9652106470156,0.5,-35.85840104019747
962,0.054200682994171766,0.37989902304593776,0.019433708327566405,1.2147886549441533,406.93725851979093,0.5,-25.59264918880799
963,0.08595871783538254,0.3690778852567334,0.03725456338403254,1.7392275525827672,187.17925209944897,0.5,-84.90962270144568
964,0.0582385904888135,0.4692198123723428,0.0211113148420523,1.9089954885007874,455.22676811806974,0.5,-110.98332893062491
965,0.06599703585398196,0.49857714897183647,0.017802601061386866,1.5136902640537166,227.43289534156355,0.5,-41.713047075298405
966,0.09582320675935994,0.48168480395807034,0.030473045823313918,1.5373070762281518,298.58579906107815,0.5,-40.129985901522346
967,0.05060371654361768,0.45218518161511223,0.008522479239464595,1.6639596948453095,41.077435507152686,0.5,-50.47860756379062
968,0.09770200098203696,0.38277987723046347,0.03040051924122251,1.5457896447573523,308.2944737454003,0.5,-63.65324156152367
969,0.05578070218034863,0.36415935048711445,0.00840662742654769,1.2316164010073085,161.98316178848086,0.5,-24.551119003258826
970,0.06763395185827112,0.365713622348711,0.01019819526175074,1.613807605069012,369.57530870040614,0.5,-94.5851086091145
971,0.07253240840244898,0.39686689479056064,0.027181605966238347,1.5149839204272992,52.4084837299367,0.5,-43.43103856779072
972,0.07437930081887392,0.48244448039614574,0.005273872424692537,1.1240025487188958,273.3050576582005,0.5,-3.9989062144437444
973,0.06614137404798785,0.3914646074932412,0.036285791048892166,1.210023694379676,321.8498488306085,0.5,-18.15259985796519
974,0.06750752242753867,0.4037161858575834,0.020065876251673408,1.8205862603228309,138.1314069191584,0.5,-90.44239873809113
975,0.0685615984226079,0.46298623142190737,0.029330606753548573,1.136907637410875,28.455701868722393,0.5,-3.7637283136494677
976,0.056172483992544264,0.4337272230687288,0.023728972291621915,1.9512128172871464,252.20246144066732,0.5,-112.20676719816603
977,0.08228718836736867,0.4537966585267809,0.007842004558393895,1.3228274994823084,68.60847976718016,0.5,-7.2738677739179245
978,0.0872396125350082,0.4169386012982284,0.01610531847592942,1.7889459244067587,128.35682652277842,0.5,-71.79932186734034
979,0.06593413719198135,0.4251400286469075,0.030108586715651055,1.1304945251112697,294.80014791871554,0.5,-0.8013571065993463
980,0.08033727335191036,0.36066374573077636,0.03720503728634448,1.9015164448162256,134.30507190964636,0.5,-97.31138663316013
981,0.09455997313434165,0.37316177951980795,0.032084247850561645,1.9883220182324832,268.94234142404025,0.5,-99.20066356605065
982,0.0942486630371682,0.4782553984743303,0.012651351100362845,1.9274541324955297,53.472200759675815,0.5,-50.56871098385889
983,0.09727700328576422,0.4307836017597075,0.034998043330463725,1.7372890570715178,287.2550820134718,0.5,-69.31038935908796
984,0.08120753964079162,0.361507377502329,0.0087814074187945,1.602585515255432,254.07006122877098,0.5,-80.57053201972059
985,0.09244354452850134,0.400001731067554,0.011879780978996203,1.905938808826951,189.6538316707793,0.5,-86.88195852086636
986,0.08421866577031831,0.44277357176108123,0.021914155079979857,1.4605523358336647,37.88532192597944,0.5,-19.57479385583978
987,0.07691350024982326,0.3600599736192762,0.0329826524842127,1.5093178089972812,384.2561523998867,0.5,-79.30146304791512
988,0.07249211050401051,0.47225201660659755,0.017259860215135106,1.9845569248739816,226.71272347907063,0.5,-92.97034369268775
989,0.08380878077671657,0.4899185622875479,0.02631790613783901,1.421178029213256,32.4996894998898,0.5,-7.297627018974923
990,0.09052764877930088,0.4914813113800143,0.012816842449134613,1.7161985433011444,12.894617826634281,0.5,-16.89535174072457
991,0.05161508896115682,0.4840584090917067,0.020199765884395402,1.982562265513916,45.35680633023937,0.5,-70.83928069030159
992,0.07578825317156829,0.357953352018264,0.01789921849838224,1.784407136759321,159.93032817639443,0.5,-96.841506288197
993,0.08048738883191361,0.4134068373337766,0.03784094506399726,1.8598365407235913,342.0346469856341,0.5,-96.0752395429268
994,0.05198613810164199,0.3837456828184941,0.00957245008707355,1.5532180194131286,264.41669180815376,0.5,-84.75621494465145
995,0.0509136514397838,0.3971911034575216,0.005866992672967396,1.367661480659491,440.2743369064635,0.5,-45.994225061835664
996,0.09204980734154666,0.3716470212934901,0.03342571953546262,1.481966838500449,217.6155140166198,0.5,-57.58128022725798
997,0.06346617888020198,0.4793924437685382,0.021007891695252016,1.793290779872565,337.94276728367095,0.5,-88.89211124187993
998,0.0853381159380847,0.4004276195034622,0.02714922974253141,1.6416374115338497,94.14863945548672,0.5,-58.707357928022894
999,0.08619762103473767,0.4539185888192976,0.020404554871214262,1.1284044578606702,150.29879465001193,0.5,-0.6993039380300481
