 ******* Program HYDRUS
 ******* 
 None                                                                    
 Date:  16. 1.    Time:  13:50: 9
 Units: L = mm   , T = days , M = mmol 

----------------------------------------------------------
 Time       [T]        0.0000
----------------------------------------------------------
 Sub-region num.                     1
----------------------------------------------------------
 Length   [L]        0.15000E+03  0.15000E+03
 W-volume [L]        0.31746E+02  0.31746E+02
 In-flow  [L/T]      0.00000E+00  0.00000E+00
 h Mean   [L]       -0.15000E+02 -0.15000E+02
 Top Flux [L/T]     -0.17681E+01
 Bot Flux [L/T]     -0.88403E+00
----------------------------------------------------------

----------------------------------------------------------
 Time       [T]        1.0000
----------------------------------------------------------
 Sub-region num.                     1
----------------------------------------------------------
 Length   [L]        0.15000E+03  0.15000E+03
 W-volume [L]        0.31688E+02  0.31688E+02
 In-flow  [L/T]     -0.16842E-01 -0.16842E-01
 h Mean   [L]       -0.49606E+01 -0.49606E+01
 Top Flux [L/T]     -0.21392E-02
 Bot Flux [L/T]      0.00000E+00
 WatBalT  [L]       -0.13746E-04
 WatBalR  [%]              0.001
----------------------------------------------------------

----------------------------------------------------------
 Time       [T]        2.0000
----------------------------------------------------------
 Sub-region num.                     1
----------------------------------------------------------
 Length   [L]        0.15000E+03  0.15000E+03
 W-volume [L]        0.31642E+02  0.31642E+02
 In-flow  [L/T]     -0.43834E-01 -0.43834E-01
 h Mean   [L]       -0.56908E+01 -0.56908E+01
 Top Flux [L/T]      0.34945E-01
 Bot Flux [L/T]      0.00000E+00
 WatBalT  [L]       -0.11235E-04
 WatBalR  [%]              0.001
----------------------------------------------------------

----------------------------------------------------------
 Time       [T]        3.0000
----------------------------------------------------------
 Sub-region num.                     1
----------------------------------------------------------
 Length   [L]        0.15000E+03  0.15000E+03
 W-volume [L]        0.31529E+02  0.31529E+02
 In-flow  [L/T]     -0.11196E+00 -0.11196E+00
 h Mean   [L]       -0.70380E+01 -0.70380E+01
 Top Flux [L/T]      0.10508E+00
 Bot Flux [L/T]      0.00000E+00
 WatBalT  [L]       -0.11578E-04
 WatBalR  [%]              0.001
----------------------------------------------------------

----------------------------------------------------------
 Time       [T]        4.0000
----------------------------------------------------------
 Sub-region num.                     1
----------------------------------------------------------
 Length   [L]        0.15000E+03  0.15000E+03
 W-volume [L]        0.31449E+02  0.31449E+02
 In-flow  [L/T]     -0.80098E-01 -0.80098E-01
 h Mean   [L]       -0.81226E+01 -0.81226E+01
 Top Flux [L/T]      0.75512E-01
 Bot Flux [L/T]      0.00000E+00
 WatBalT  [L]       -0.10133E-04
 WatBalR  [%]              0.001
----------------------------------------------------------

----------------------------------------------------------
 Time       [T]        5.0000
----------------------------------------------------------
 Sub-region num.                     1
----------------------------------------------------------
 Length   [L]        0.15000E+03  0.15000E+03
 W-volume [L]        0.31412E+02  0.31412E+02
 In-flow  [L/T]     -0.36009E-01 -0.36009E-01
 h Mean   [L]       -0.87467E+01 -0.87467E+01
 Top Flux [L/T]      0.32975E-01
 Bot Flux [L/T]      0.00000E+00
 WatBalT  [L]       -0.71526E-05
 WatBalR  [%]              0.001
----------------------------------------------------------

----------------------------------------------------------
 Time       [T]        6.0000
----------------------------------------------------------
 Sub-region num.                     1
----------------------------------------------------------
 Length   [L]        0.15000E+03  0.15000E+03
 W-volume [L]        0.31362E+02  0.31362E+02
 In-flow  [L/T]     -0.50653E-01 -0.50653E-01
 h Mean   [L]       -0.94119E+01 -0.94119E+01
 Top Flux [L/T]      0.47656E-01
 Bot Flux [L/T]      0.00000E+00
 WatBalT  [L]       -0.74208E-05
 WatBalR  [%]              0.001
----------------------------------------------------------

----------------------------------------------------------
 Time       [T]        7.0000
----------------------------------------------------------
 Sub-region num.                     1
----------------------------------------------------------
 Length   [L]        0.15000E+03  0.15000E+03
 W-volume [L]        0.31233E+02  0.31233E+02
 In-flow  [L/T]     -0.12905E+00 -0.12905E+00
 h Mean   [L]       -0.10695E+02 -0.10695E+02
 Top Flux [L/T]      0.12492E+00
 Bot Flux [L/T]      0.00000E+00
 WatBalT  [L]       -0.95963E-05
 WatBalR  [%]              0.001
----------------------------------------------------------

----------------------------------------------------------
 Time       [T]        8.0000
----------------------------------------------------------
 Sub-region num.                     1
----------------------------------------------------------
 Length   [L]        0.15000E+03  0.15000E+03
 W-volume [L]        0.31045E+02  0.31045E+02
 In-flow  [L/T]     -0.18718E+00 -0.18718E+00
 h Mean   [L]       -0.12424E+02 -0.12424E+02
 Top Flux [L/T]      0.18281E+00
 Bot Flux [L/T]      0.00000E+00
 WatBalT  [L]       -0.73314E-05
 WatBalR  [%]              0.001
----------------------------------------------------------

----------------------------------------------------------
 Time       [T]        9.0000
----------------------------------------------------------
 Sub-region num.                     1
----------------------------------------------------------
 Length   [L]        0.15000E+03  0.15000E+03
 W-volume [L]        0.30866E+02  0.30866E+02
 In-flow  [L/T]     -0.17931E+00 -0.17931E+00
 h Mean   [L]       -0.14066E+02 -0.14066E+02
 Top Flux [L/T]      0.17593E+00
 Bot Flux [L/T]      0.00000E+00
 WatBalT  [L]       -0.22054E-05
 WatBalR  [%]              0.000
----------------------------------------------------------

----------------------------------------------------------
 Time       [T]       10.0000
----------------------------------------------------------
 Sub-region num.                     1
----------------------------------------------------------
 Length   [L]        0.15000E+03  0.15000E+03
 W-volume [L]        0.30768E+02  0.30768E+02
 In-flow  [L/T]     -0.97818E-01 -0.97818E-01
 h Mean   [L]       -0.15057E+02 -0.15057E+02
 Top Flux [L/T]      0.96562E-01
 Bot Flux [L/T]      0.00000E+00
 WatBalT  [L]       -0.12517E-05
 WatBalR  [%]              0.000
----------------------------------------------------------

----------------------------------------------------------
 Time       [T]       11.0000
----------------------------------------------------------
 Sub-region num.                     1
----------------------------------------------------------
 Length   [L]        0.15000E+03  0.15000E+03
 W-volume [L]        0.30721E+02  0.30721E+02
 In-flow  [L/T]     -0.46910E-01 -0.46910E-01
 h Mean   [L]       -0.15646E+02 -0.15646E+02
 Top Flux [L/T]      0.46054E-01
 Bot Flux [L/T]      0.00000E+00
 WatBalT  [L]       -0.56028E-05
 WatBalR  [%]              0.000
----------------------------------------------------------

----------------------------------------------------------
 Time       [T]       12.0000
----------------------------------------------------------
 Sub-region num.                     1
----------------------------------------------------------
 Length   [L]        0.15000E+03  0.15000E+03
 W-volume [L]        0.30527E+02  0.30527E+02
 In-flow  [L/T]     -0.19413E+00 -0.19413E+00
 h Mean   [L]       -0.17204E+02 -0.17204E+02
 Top Flux [L/T]      0.18948E+00
 Bot Flux [L/T]      0.00000E+00
 WatBalT  [L]       -0.85831E-05
 WatBalR  [%]              0.000
----------------------------------------------------------

----------------------------------------------------------
 Time       [T]       13.0000
----------------------------------------------------------
 Sub-region num.                     1
----------------------------------------------------------
 Length   [L]        0.15000E+03  0.15000E+03
 W-volume [L]        0.30295E+02  0.30295E+02
 In-flow  [L/T]     -0.23214E+00 -0.23214E+00
 h Mean   [L]       -0.19042E+02 -0.19042E+02
 Top Flux [L/T]      0.22797E+00
 Bot Flux [L/T]      0.00000E+00
 WatBalT  [L]        0.35763E-05
 WatBalR  [%]              0.000
----------------------------------------------------------

----------------------------------------------------------
 Time       [T]       14.0000
----------------------------------------------------------
 Sub-region num.                     1
----------------------------------------------------------
 Length   [L]        0.15000E+03  0.15000E+03
 W-volume [L]        0.30121E+02  0.30121E+02
 In-flow  [L/T]     -0.17364E+00 -0.17364E+00
 h Mean   [L]       -0.20440E+02 -0.20440E+02
 Top Flux [L/T]      0.17175E+00
 Bot Flux [L/T]      0.00000E+00
 WatBalT  [L]        0.13113E-05
 WatBalR  [%]              0.000
----------------------------------------------------------

----------------------------------------------------------
 Time       [T]       15.0000
----------------------------------------------------------
 Sub-region num.                     1
----------------------------------------------------------
 Length   [L]        0.15000E+03  0.15000E+03
 W-volume [L]        0.30087E+02  0.30087E+02
 In-flow  [L/T]     -0.33861E-01 -0.33861E-01
 h Mean   [L]       -0.20809E+02 -0.20809E+02
 Top Flux [L/T]      0.34971E-01
 Bot Flux [L/T]      0.00000E+00
 WatBalT  [L]       -0.47684E-06
 WatBalR  [%]              0.000
----------------------------------------------------------

----------------------------------------------------------
 Time       [T]       16.0000
----------------------------------------------------------
 Sub-region num.                     1
----------------------------------------------------------
 Length   [L]        0.15000E+03  0.15000E+03
 W-volume [L]        0.30066E+02  0.30066E+02
 In-flow  [L/T]     -0.21092E-01 -0.21092E-01
 h Mean   [L]       -0.21076E+02 -0.21076E+02
 Top Flux [L/T]      0.20955E-01
 Bot Flux [L/T]      0.00000E+00
 WatBalT  [L]        0.76294E-05
 WatBalR  [%]              0.000
----------------------------------------------------------

----------------------------------------------------------
 Time       [T]       17.0000
----------------------------------------------------------
 Sub-region num.                     1
----------------------------------------------------------
 Length   [L]        0.15000E+03  0.15000E+03
 W-volume [L]        0.30022E+02  0.30022E+02
 In-flow  [L/T]     -0.43887E-01 -0.43887E-01
 h Mean   [L]       -0.21476E+02 -0.21476E+02
 Top Flux [L/T]      0.42726E-01
 Bot Flux [L/T]      0.00000E+00
 WatBalT  [L]        0.16689E-05
 WatBalR  [%]              0.000
----------------------------------------------------------

----------------------------------------------------------
 Time       [T]       18.0000
----------------------------------------------------------
 Sub-region num.                     1
----------------------------------------------------------
 Length   [L]        0.15000E+03  0.15000E+03
 W-volume [L]        0.29862E+02  0.29862E+02
 In-flow  [L/T]     -0.16068E+00 -0.16068E+00
 h Mean   [L]       -0.22691E+02 -0.22691E+02
 Top Flux [L/T]      0.15691E+00
 Bot Flux [L/T]      0.00000E+00
 WatBalT  [L]        0.95367E-05
 WatBalR  [%]              0.000
----------------------------------------------------------

----------------------------------------------------------
 Time       [T]       19.0000
----------------------------------------------------------
 Sub-region num.                     1
----------------------------------------------------------
 Length   [L]        0.15000E+03  0.15000E+03
 W-volume [L]        0.29754E+02  0.29754E+02
 In-flow  [L/T]     -0.10730E+00 -0.10730E+00
 h Mean   [L]       -0.23530E+02 -0.23530E+02
 Top Flux [L/T]      0.10638E+00
 Bot Flux [L/T]      0.00000E+00
 WatBalT  [L]        0.32187E-05
 WatBalR  [%]              0.000
----------------------------------------------------------

----------------------------------------------------------
 Time       [T]       20.0000
----------------------------------------------------------
 Sub-region num.                     1
----------------------------------------------------------
 Length   [L]        0.15000E+03  0.15000E+03
 W-volume [L]        0.29627E+02  0.29627E+02
 In-flow  [L/T]     -0.12759E+00 -0.12759E+00
 h Mean   [L]       -0.24504E+02 -0.24504E+02
 Top Flux [L/T]      0.12563E+00
 Bot Flux [L/T]      0.00000E+00
 WatBalT  [L]        0.14067E-04
 WatBalR  [%]              0.001
----------------------------------------------------------

----------------------------------------------------------
 Time       [T]       21.0000
----------------------------------------------------------
 Sub-region num.                     1
----------------------------------------------------------
 Length   [L]        0.15000E+03  0.15000E+03
 W-volume [L]        0.29443E+02  0.29443E+02
 In-flow  [L/T]     -0.18345E+00 -0.18345E+00
 h Mean   [L]       -0.25884E+02 -0.25884E+02
 Top Flux [L/T]      0.18014E+00
 Bot Flux [L/T]      0.00000E+00
 WatBalT  [L]        0.97752E-05
 WatBalR  [%]              0.000
----------------------------------------------------------

----------------------------------------------------------
 Time       [T]       22.0000
----------------------------------------------------------
 Sub-region num.                     1
----------------------------------------------------------
 Length   [L]        0.15000E+03  0.15000E+03
 W-volume [L]        0.29364E+02  0.29364E+02
 In-flow  [L/T]     -0.79280E-01 -0.79280E-01
 h Mean   [L]       -0.26452E+02 -0.26452E+02
 Top Flux [L/T]      0.79919E-01
 Bot Flux [L/T]      0.00000E+00
 WatBalT  [L]        0.83447E-05
 WatBalR  [%]              0.000
----------------------------------------------------------

----------------------------------------------------------
 Time       [T]       23.0000
----------------------------------------------------------
 Sub-region num.                     1
----------------------------------------------------------
 Length   [L]        0.15000E+03  0.15000E+03
 W-volume [L]        0.29275E+02  0.29275E+02
 In-flow  [L/T]     -0.89415E-01 -0.89415E-01
 h Mean   [L]       -0.27119E+02 -0.27119E+02
 Top Flux [L/T]      0.88501E-01
 Bot Flux [L/T]      0.00000E+00
 WatBalT  [L]        0.71526E-05
 WatBalR  [%]              0.000
----------------------------------------------------------

----------------------------------------------------------
 Time       [T]       24.0000
----------------------------------------------------------
 Sub-region num.                     1
----------------------------------------------------------
 Length   [L]        0.15000E+03  0.15000E+03
 W-volume [L]        0.29190E+02  0.29190E+02
 In-flow  [L/T]     -0.84310E-01 -0.84310E-01
 h Mean   [L]       -0.27753E+02 -0.27753E+02
 Top Flux [L/T]      0.83501E-01
 Bot Flux [L/T]      0.00000E+00
 WatBalT  [L]        0.15259E-04
 WatBalR  [%]              0.001
----------------------------------------------------------

----------------------------------------------------------
 Time       [T]       25.0000
----------------------------------------------------------
 Sub-region num.                     1
----------------------------------------------------------
 Length   [L]        0.15000E+03  0.15000E+03
 W-volume [L]        0.29129E+02  0.29129E+02
 In-flow  [L/T]     -0.61427E-01 -0.61427E-01
 h Mean   [L]       -0.28217E+02 -0.28217E+02
 Top Flux [L/T]      0.61214E-01
 Bot Flux [L/T]      0.00000E+00
 WatBalT  [L]        0.12398E-04
 WatBalR  [%]              0.000
----------------------------------------------------------

----------------------------------------------------------
 Time       [T]       26.0000
----------------------------------------------------------
 Sub-region num.                     1
----------------------------------------------------------
 Length   [L]        0.15000E+03  0.15000E+03
 W-volume [L]        0.28976E+02  0.28976E+02
 In-flow  [L/T]     -0.15285E+00 -0.15285E+00
 h Mean   [L]       -0.29393E+02 -0.29393E+02
 Top Flux [L/T]      0.14966E+00
 Bot Flux [L/T]      0.00000E+00
 WatBalT  [L]        0.12398E-04
 WatBalR  [%]              0.000
----------------------------------------------------------

----------------------------------------------------------
 Time       [T]       27.0000
----------------------------------------------------------
 Sub-region num.                     1
----------------------------------------------------------
 Length   [L]        0.15000E+03  0.15000E+03
 W-volume [L]        0.28930E+02  0.28930E+02
 In-flow  [L/T]     -0.46144E-01 -0.46144E-01
 h Mean   [L]       -0.29701E+02 -0.29701E+02
 Top Flux [L/T]      0.47216E-01
 Bot Flux [L/T]      0.00000E+00
 WatBalT  [L]        0.38147E-05
 WatBalR  [%]              0.000
----------------------------------------------------------

----------------------------------------------------------
 Time       [T]       28.0000
----------------------------------------------------------
 Sub-region num.                     1
----------------------------------------------------------
 Length   [L]        0.15000E+03  0.15000E+03
 W-volume [L]        0.28895E+02  0.28895E+02
 In-flow  [L/T]     -0.34694E-01 -0.34694E-01
 h Mean   [L]       -0.29955E+02 -0.29955E+02
 Top Flux [L/T]      0.34898E-01
 Bot Flux [L/T]      0.00000E+00
 WatBalT  [L]        0.30994E-05
 WatBalR  [%]              0.000
----------------------------------------------------------

----------------------------------------------------------
 Time       [T]       29.0000
----------------------------------------------------------
 Sub-region num.                     1
----------------------------------------------------------
 Length   [L]        0.15000E+03  0.15000E+03
 W-volume [L]        0.28872E+02  0.28872E+02
 In-flow  [L/T]     -0.23246E-01 -0.23246E-01
 h Mean   [L]       -0.30141E+02 -0.30141E+02
 Top Flux [L/T]      0.23358E-01
 Bot Flux [L/T]      0.00000E+00
 WatBalT  [L]        0.83447E-05
 WatBalR  [%]              0.000
----------------------------------------------------------

----------------------------------------------------------
 Time       [T]       30.0000
----------------------------------------------------------
 Sub-region num.                     1
----------------------------------------------------------
 Length   [L]        0.15000E+03  0.15000E+03
 W-volume [L]        0.28816E+02  0.28816E+02
 In-flow  [L/T]     -0.56247E-01 -0.56247E-01
 h Mean   [L]       -0.30588E+02 -0.30588E+02
 Top Flux [L/T]      0.54992E-01
 Bot Flux [L/T]      0.00000E+00
 WatBalT  [L]        0.17881E-04
 WatBalR  [%]              0.001
----------------------------------------------------------

----------------------------------------------------------
 Time       [T]       31.0000
----------------------------------------------------------
 Sub-region num.                     1
----------------------------------------------------------
 Length   [L]        0.15000E+03  0.15000E+03
 W-volume [L]        0.28711E+02  0.28711E+02
 In-flow  [L/T]     -0.10449E+00 -0.10449E+00
 h Mean   [L]       -0.31409E+02 -0.31409E+02
 Top Flux [L/T]      0.10229E+00
 Bot Flux [L/T]      0.00000E+00
 WatBalT  [L]        0.12159E-04
 WatBalR  [%]              0.000
----------------------------------------------------------

----------------------------------------------------------
 Time       [T]       32.0000
----------------------------------------------------------
 Sub-region num.                     1
----------------------------------------------------------
 Length   [L]        0.15000E+03  0.15000E+03
 W-volume [L]        0.28599E+02  0.28599E+02
 In-flow  [L/T]     -0.11209E+00 -0.11209E+00
 h Mean   [L]       -0.32283E+02 -0.32283E+02
 Top Flux [L/T]      0.11035E+00
 Bot Flux [L/T]      0.00000E+00
 WatBalT  [L]        0.76294E-05
 WatBalR  [%]              0.000
----------------------------------------------------------

----------------------------------------------------------
 Time       [T]       33.0000
----------------------------------------------------------
 Sub-region num.                     1
----------------------------------------------------------
 Length   [L]        0.15000E+03  0.15000E+03
 W-volume [L]        0.28454E+02  0.28454E+02
 In-flow  [L/T]     -0.14511E+00 -0.14511E+00
 h Mean   [L]       -0.33443E+02 -0.33443E+02
 Top Flux [L/T]      0.14237E+00
 Bot Flux [L/T]      0.00000E+00
 WatBalT  [L]        0.13590E-04
 WatBalR  [%]              0.000
----------------------------------------------------------

----------------------------------------------------------
 Time       [T]       34.0000
----------------------------------------------------------
 Sub-region num.                     1
----------------------------------------------------------
 Length   [L]        0.15000E+03  0.15000E+03
 W-volume [L]        0.28192E+02  0.28192E+02
 In-flow  [L/T]     -0.26194E+00 -0.26194E+00
 h Mean   [L]       -0.35683E+02 -0.35683E+02
 Top Flux [L/T]      0.25525E+00
 Bot Flux [L/T]      0.00000E+00
 WatBalT  [L]        0.10729E-04
 WatBalR  [%]              0.000
----------------------------------------------------------

----------------------------------------------------------
 Time       [T]       35.0000
----------------------------------------------------------
 Sub-region num.                     1
----------------------------------------------------------
 Length   [L]        0.15000E+03  0.15000E+03
 W-volume [L]        0.27999E+02  0.27999E+02
 In-flow  [L/T]     -0.19335E+00 -0.19335E+00
 h Mean   [L]       -0.37219E+02 -0.37219E+02
 Top Flux [L/T]      0.19154E+00
 Bot Flux [L/T]      0.00000E+00
 WatBalT  [L]        0.54836E-05
 WatBalR  [%]              0.000
----------------------------------------------------------

----------------------------------------------------------
 Time       [T]       36.0000
----------------------------------------------------------
 Sub-region num.                     1
----------------------------------------------------------
 Length   [L]        0.15000E+03  0.15000E+03
 W-volume [L]        0.27798E+02  0.27798E+02
 In-flow  [L/T]     -0.20096E+00 -0.20096E+00
 h Mean   [L]       -0.38867E+02 -0.38867E+02
 Top Flux [L/T]      0.19796E+00
 Bot Flux [L/T]      0.00000E+00
 WatBalT  [L]        0.13351E-04
 WatBalR  [%]              0.000
----------------------------------------------------------

----------------------------------------------------------
 Time       [T]       37.0000
----------------------------------------------------------
 Sub-region num.                     1
----------------------------------------------------------
 Length   [L]        0.15000E+03  0.15000E+03
 W-volume [L]        0.27645E+02  0.27645E+02
 In-flow  [L/T]     -0.15269E+00 -0.15269E+00
 h Mean   [L]       -0.40016E+02 -0.40016E+02
 Top Flux [L/T]      0.15243E+00
 Bot Flux [L/T]      0.00000E+00
 WatBalT  [L]        0.95367E-05
 WatBalR  [%]              0.000
----------------------------------------------------------

----------------------------------------------------------
 Time       [T]       38.0000
----------------------------------------------------------
 Sub-region num.                     1
----------------------------------------------------------
 Length   [L]        0.15000E+03  0.15000E+03
 W-volume [L]        0.27431E+02  0.27431E+02
 In-flow  [L/T]     -0.21364E+00 -0.21364E+00
 h Mean   [L]       -0.41915E+02 -0.41915E+02
 Top Flux [L/T]      0.20939E+00
 Bot Flux [L/T]      0.00000E+00
 WatBalT  [L]        0.85831E-05
 WatBalR  [%]              0.000
----------------------------------------------------------

----------------------------------------------------------
 Time       [T]       39.0000
----------------------------------------------------------
 Sub-region num.                     1
----------------------------------------------------------
 Length   [L]        0.15000E+03  0.15000E+03
 W-volume [L]        0.27327E+02  0.27327E+02
 In-flow  [L/T]     -0.10442E+00 -0.10442E+00
 h Mean   [L]       -0.42529E+02 -0.42529E+02
 Top Flux [L/T]      0.10604E+00
 Bot Flux [L/T]      0.00000E+00
 WatBalT  [L]        0.13828E-04
 WatBalR  [%]              0.000
----------------------------------------------------------

----------------------------------------------------------
 Time       [T]       40.0000
----------------------------------------------------------
 Sub-region num.                     1
----------------------------------------------------------
 Length   [L]        0.15000E+03  0.15000E+03
 W-volume [L]        0.27090E+02  0.27090E+02
 In-flow  [L/T]     -0.23649E+00 -0.23649E+00
 h Mean   [L]       -0.44855E+02 -0.44855E+02
 Top Flux [L/T]      0.22946E+00
 Bot Flux [L/T]      0.00000E+00
 WatBalT  [L]        0.13828E-04
 WatBalR  [%]              0.000
----------------------------------------------------------

----------------------------------------------------------
 Time       [T]       41.0000
----------------------------------------------------------
 Sub-region num.                     1
----------------------------------------------------------
 Length   [L]        0.15000E+03  0.15000E+03
 W-volume [L]        0.26818E+02  0.26818E+02
 In-flow  [L/T]     -0.27204E+00 -0.27204E+00
 h Mean   [L]       -0.47766E+02 -0.47766E+02
 Top Flux [L/T]      0.26348E+00
 Bot Flux [L/T]      0.00000E+00
 WatBalT  [L]        0.13351E-04
 WatBalR  [%]              0.000
----------------------------------------------------------

----------------------------------------------------------
 Time       [T]       42.0000
----------------------------------------------------------
 Sub-region num.                     1
----------------------------------------------------------
 Length   [L]        0.15000E+03  0.15000E+03
 W-volume [L]        0.26640E+02  0.26640E+02
 In-flow  [L/T]     -0.17806E+00 -0.17806E+00
 h Mean   [L]       -0.49241E+02 -0.49241E+02
 Top Flux [L/T]      0.17806E+00
 Bot Flux [L/T]      0.00000E+00
 WatBalT  [L]        0.85831E-05
 WatBalR  [%]              0.000
----------------------------------------------------------

----------------------------------------------------------
 Time       [T]       43.0000
----------------------------------------------------------
 Sub-region num.                     1
----------------------------------------------------------
 Length   [L]        0.15000E+03  0.15000E+03
 W-volume [L]        0.26322E+02  0.26322E+02
 In-flow  [L/T]     -0.31775E+00 -0.31775E+00
 h Mean   [L]       -0.53514E+02 -0.53514E+02
 Top Flux [L/T]      0.30242E+00
 Bot Flux [L/T]      0.00000E+00
 WatBalT  [L]        0.66757E-05
 WatBalR  [%]              0.000
----------------------------------------------------------

----------------------------------------------------------
 Time       [T]       44.0000
----------------------------------------------------------
 Sub-region num.                     1
----------------------------------------------------------
 Length   [L]        0.15000E+03  0.15000E+03
 W-volume [L]        0.26086E+02  0.26086E+02
 In-flow  [L/T]     -0.23646E+00 -0.23646E+00
 h Mean   [L]       -0.56169E+02 -0.56169E+02
 Top Flux [L/T]      0.23227E+00
 Bot Flux [L/T]      0.00000E+00
 WatBalT  [L]        0.12875E-04
 WatBalR  [%]              0.000
----------------------------------------------------------

----------------------------------------------------------
 Time       [T]       45.0000
----------------------------------------------------------
 Sub-region num.                     1
----------------------------------------------------------
 Length   [L]        0.15000E+03  0.15000E+03
 W-volume [L]        0.26020E+02  0.26020E+02
 In-flow  [L/T]     -0.66276E-01 -0.66276E-01
 h Mean   [L]       -0.55356E+02 -0.55356E+02
 Top Flux [L/T]      0.74715E-01
 Bot Flux [L/T]      0.00000E+00
 WatBalT  [L]        0.85831E-05
 WatBalR  [%]              0.000
----------------------------------------------------------

----------------------------------------------------------
 Time       [T]       46.0000
----------------------------------------------------------
 Sub-region num.                     1
----------------------------------------------------------
 Length   [L]        0.15000E+03  0.15000E+03
 W-volume [L]        0.25887E+02  0.25887E+02
 In-flow  [L/T]     -0.13231E+00 -0.13231E+00
 h Mean   [L]       -0.56446E+02 -0.56446E+02
 Top Flux [L/T]      0.13160E+00
 Bot Flux [L/T]      0.00000E+00
 WatBalT  [L]        0.10967E-04
 WatBalR  [%]              0.000
----------------------------------------------------------

----------------------------------------------------------
 Time       [T]       47.0000
----------------------------------------------------------
 Sub-region num.                     1
----------------------------------------------------------
 Length   [L]        0.15000E+03  0.15000E+03
 W-volume [L]        0.25600E+02  0.25600E+02
 In-flow  [L/T]     -0.28724E+00 -0.28724E+00
 h Mean   [L]       -0.61142E+02 -0.61142E+02
 Top Flux [L/T]      0.26983E+00
 Bot Flux [L/T]      0.00000E+00
 WatBalT  [L]        0.11444E-04
 WatBalR  [%]              0.000
----------------------------------------------------------

----------------------------------------------------------
 Time       [T]       48.0000
----------------------------------------------------------
 Sub-region num.                     1
----------------------------------------------------------
 Length   [L]        0.15000E+03  0.15000E+03
 W-volume [L]        0.25359E+02  0.25359E+02
 In-flow  [L/T]     -0.24152E+00 -0.24152E+00
 h Mean   [L]       -0.65035E+02 -0.65035E+02
 Top Flux [L/T]      0.23225E+00
 Bot Flux [L/T]      0.00000E+00
 WatBalT  [L]        0.14782E-04
 WatBalR  [%]              0.000
----------------------------------------------------------

----------------------------------------------------------
 Time       [T]       49.0000
----------------------------------------------------------
 Sub-region num.                     1
----------------------------------------------------------
 Length   [L]        0.15000E+03  0.15000E+03
 W-volume [L]        0.25214E+02  0.25214E+02
 In-flow  [L/T]     -0.14499E+00 -0.14499E+00
 h Mean   [L]       -0.65726E+02 -0.65726E+02
 Top Flux [L/T]      0.14939E+00
 Bot Flux [L/T]      0.00000E+00
 WatBalT  [L]        0.11444E-04
 WatBalR  [%]              0.000
----------------------------------------------------------

----------------------------------------------------------
 Time       [T]       50.0000
----------------------------------------------------------
 Sub-region num.                     1
----------------------------------------------------------
 Length   [L]        0.15000E+03  0.15000E+03
 W-volume [L]        0.25048E+02  0.25048E+02
 In-flow  [L/T]     -0.16531E+00 -0.16531E+00
 h Mean   [L]       -0.67731E+02 -0.67731E+02
 Top Flux [L/T]      0.16272E+00
 Bot Flux [L/T]      0.00000E+00
 WatBalT  [L]        0.81062E-05
 WatBalR  [%]              0.000
----------------------------------------------------------

----------------------------------------------------------
 Time       [T]       51.0000
----------------------------------------------------------
 Sub-region num.                     1
----------------------------------------------------------
 Length   [L]        0.15000E+03  0.15000E+03
 W-volume [L]        0.24972E+02  0.24972E+02
 In-flow  [L/T]     -0.76401E-01 -0.76401E-01
 h Mean   [L]       -0.67199E+02 -0.67199E+02
 Top Flux [L/T]      0.83389E-01
 Bot Flux [L/T]      0.00000E+00
 WatBalT  [L]        0.57220E-05
 WatBalR  [%]              0.000
----------------------------------------------------------

----------------------------------------------------------
 Time       [T]       52.0000
----------------------------------------------------------
 Sub-region num.                     1
----------------------------------------------------------
 Length   [L]        0.15000E+03  0.15000E+03
 W-volume [L]        0.24906E+02  0.24906E+02
 In-flow  [L/T]     -0.66236E-01 -0.66236E-01
 h Mean   [L]       -0.67076E+02 -0.67076E+02
 Top Flux [L/T]      0.70149E-01
 Bot Flux [L/T]      0.00000E+00
 WatBalT  [L]        0.11921E-04
 WatBalR  [%]              0.000
----------------------------------------------------------

----------------------------------------------------------
 Time       [T]       53.0000
----------------------------------------------------------
 Sub-region num.                     1
----------------------------------------------------------
 Length   [L]        0.15000E+03  0.15000E+03
 W-volume [L]        0.24883E+02  0.24883E+02
 In-flow  [L/T]     -0.23051E-01 -0.23051E-01
 h Mean   [L]       -0.66360E+02 -0.66360E+02
 Top Flux [L/T]      0.27380E-01
 Bot Flux [L/T]      0.00000E+00
 WatBalT  [L]        0.81062E-05
 WatBalR  [%]              0.000
----------------------------------------------------------

----------------------------------------------------------
 Time       [T]       54.0000
----------------------------------------------------------
 Sub-region num.                     1
----------------------------------------------------------
 Length   [L]        0.15000E+03  0.15000E+03
 W-volume [L]        0.24865E+02  0.24865E+02
 In-flow  [L/T]     -0.17965E-01 -0.17965E-01
 h Mean   [L]       -0.65911E+02 -0.65911E+02
 Top Flux [L/T]      0.21096E-01
 Bot Flux [L/T]      0.00000E+00
 WatBalT  [L]        0.11444E-04
 WatBalR  [%]              0.000
----------------------------------------------------------

----------------------------------------------------------
 Time       [T]       55.0000
----------------------------------------------------------
 Sub-region num.                     1
----------------------------------------------------------
 Length   [L]        0.15000E+03  0.15000E+03
 W-volume [L]        0.24809E+02  0.24809E+02
 In-flow  [L/T]     -0.56061E-01 -0.56061E-01
 h Mean   [L]       -0.66305E+02 -0.66305E+02
 Top Flux [L/T]      0.55792E-01
 Bot Flux [L/T]      0.00000E+00
 WatBalT  [L]        0.71526E-05
 WatBalR  [%]              0.000
----------------------------------------------------------

----------------------------------------------------------
 Time       [T]       56.0000
----------------------------------------------------------
 Sub-region num.                     1
----------------------------------------------------------
 Length   [L]        0.15000E+03  0.15000E+03
 W-volume [L]        0.24623E+02  0.24623E+02
 In-flow  [L/T]     -0.18560E+00 -0.18560E+00
 h Mean   [L]       -0.69303E+02 -0.69303E+02
 Top Flux [L/T]      0.17558E+00
 Bot Flux [L/T]      0.00000E+00
 WatBalT  [L]        0.61989E-05
 WatBalR  [%]              0.000
----------------------------------------------------------

----------------------------------------------------------
 Time       [T]       57.0000
----------------------------------------------------------
 Sub-region num.                     1
----------------------------------------------------------
 Length   [L]        0.15000E+03  0.15000E+03
 W-volume [L]        0.24422E+02  0.24422E+02
 In-flow  [L/T]     -0.20083E+00 -0.20083E+00
 h Mean   [L]       -0.72969E+02 -0.72969E+02
 Top Flux [L/T]      0.19129E+00
 Bot Flux [L/T]      0.00000E+00
 WatBalT  [L]        0.13828E-04
 WatBalR  [%]              0.000
----------------------------------------------------------

----------------------------------------------------------
 Time       [T]       58.0000
----------------------------------------------------------
 Sub-region num.                     1
----------------------------------------------------------
 Length   [L]        0.15000E+03  0.15000E+03
 W-volume [L]        0.24275E+02  0.24275E+02
 In-flow  [L/T]     -0.14749E+00 -0.14749E+00
 h Mean   [L]       -0.75148E+02 -0.75148E+02
 Top Flux [L/T]      0.14519E+00
 Bot Flux [L/T]      0.00000E+00
 WatBalT  [L]        0.52452E-05
 WatBalR  [%]              0.000
----------------------------------------------------------

----------------------------------------------------------
 Time       [T]       59.0000
----------------------------------------------------------
 Sub-region num.                     1
----------------------------------------------------------
 Length   [L]        0.15000E+03  0.15000E+03
 W-volume [L]        0.24219E+02  0.24219E+02
 In-flow  [L/T]     -0.56045E-01 -0.56045E-01
 h Mean   [L]       -0.74836E+02 -0.74836E+02
 Top Flux [L/T]      0.61590E-01
 Bot Flux [L/T]      0.00000E+00
 WatBalT  [L]        0.90599E-05
 WatBalR  [%]              0.000
----------------------------------------------------------

----------------------------------------------------------
 Time       [T]       60.0000
----------------------------------------------------------
 Sub-region num.                     1
----------------------------------------------------------
 Length   [L]        0.15000E+03  0.15000E+03
 W-volume [L]        0.24094E+02  0.24094E+02
 In-flow  [L/T]     -0.12462E+00 -0.12462E+00
 h Mean   [L]       -0.76801E+02 -0.76801E+02
 Top Flux [L/T]      0.12044E+00
 Bot Flux [L/T]      0.00000E+00
 WatBalT  [L]        0.76294E-05
 WatBalR  [%]              0.000
----------------------------------------------------------

----------------------------------------------------------
 Time       [T]       61.0000
----------------------------------------------------------
 Sub-region num.                     1
----------------------------------------------------------
 Length   [L]        0.15000E+03  0.15000E+03
 W-volume [L]        0.23875E+02  0.23875E+02
 In-flow  [L/T]     -0.21860E+00 -0.21860E+00
 h Mean   [L]       -0.82602E+02 -0.82602E+02
 Top Flux [L/T]      0.19941E+00
 Bot Flux [L/T]      0.00000E+00
 WatBalT  [L]        0.12875E-04
 WatBalR  [%]              0.000
----------------------------------------------------------

----------------------------------------------------------
 Time       [T]       62.0000
----------------------------------------------------------
 Sub-region num.                     1
----------------------------------------------------------
 Length   [L]        0.15000E+03  0.15000E+03
 W-volume [L]        0.23720E+02  0.23720E+02
 In-flow  [L/T]     -0.15510E+00 -0.15510E+00
 h Mean   [L]       -0.85711E+02 -0.85711E+02
 Top Flux [L/T]      0.15084E+00
 Bot Flux [L/T]      0.00000E+00
 WatBalT  [L]        0.38147E-05
 WatBalR  [%]              0.000
----------------------------------------------------------

----------------------------------------------------------
 Time       [T]       63.0000
----------------------------------------------------------
 Sub-region num.                     1
----------------------------------------------------------
 Length   [L]        0.15000E+03  0.15000E+03
 W-volume [L]        0.23545E+02  0.23545E+02
 In-flow  [L/T]     -0.17541E+00 -0.17541E+00
 h Mean   [L]       -0.91617E+02 -0.91617E+02
 Top Flux [L/T]      0.16437E+00
 Bot Flux [L/T]      0.00000E+00
 WatBalT  [L]        0.66757E-05
 WatBalR  [%]              0.000
----------------------------------------------------------

----------------------------------------------------------
 Time       [T]       64.0000
----------------------------------------------------------
 Sub-region num.                     1
----------------------------------------------------------
 Length   [L]        0.15000E+03  0.15000E+03
 W-volume [L]        0.23509E+02  0.23509E+02
 In-flow  [L/T]     -0.35713E-01 -0.35713E-01
 h Mean   [L]       -0.87339E+02 -0.87339E+02
 Top Flux [L/T]      0.50164E-01
 Bot Flux [L/T]      0.00000E+00
 WatBalT  [L]        0.11444E-04
 WatBalR  [%]              0.000
----------------------------------------------------------

----------------------------------------------------------
 Time       [T]       65.0000
----------------------------------------------------------
 Sub-region num.                     1
----------------------------------------------------------
 Length   [L]        0.15000E+03  0.15000E+03
 W-volume [L]        0.23458E+02  0.23458E+02
 In-flow  [L/T]     -0.50951E-01 -0.50951E-01
 h Mean   [L]       -0.86810E+02 -0.86810E+02
 Top Flux [L/T]      0.55358E-01
 Bot Flux [L/T]      0.00000E+00
 WatBalT  [L]        0.85831E-05
 WatBalR  [%]              0.000
----------------------------------------------------------

----------------------------------------------------------
 Time       [T]       66.0000
----------------------------------------------------------
 Sub-region num.                     1
----------------------------------------------------------
 Length   [L]        0.15000E+03  0.15000E+03
 W-volume [L]        0.23397E+02  0.23397E+02
 In-flow  [L/T]     -0.61109E-01 -0.61109E-01
 h Mean   [L]       -0.87070E+02 -0.87070E+02
 Top Flux [L/T]      0.62519E-01
 Bot Flux [L/T]      0.00000E+00
 WatBalT  [L]        0.10490E-04
 WatBalR  [%]              0.000
----------------------------------------------------------

----------------------------------------------------------
 Time       [T]       67.0000
----------------------------------------------------------
 Sub-region num.                     1
----------------------------------------------------------
 Length   [L]        0.15000E+03  0.15000E+03
 W-volume [L]        0.23354E+02  0.23354E+02
 In-flow  [L/T]     -0.43327E-01 -0.43327E-01
 h Mean   [L]       -0.86930E+02 -0.86930E+02
 Top Flux [L/T]      0.46624E-01
 Bot Flux [L/T]      0.00000E+00
 WatBalT  [L]        0.47684E-05
 WatBalR  [%]              0.000
----------------------------------------------------------

----------------------------------------------------------
 Time       [T]       68.0000
----------------------------------------------------------
 Sub-region num.                     1
----------------------------------------------------------
 Length   [L]        0.15000E+03  0.15000E+03
 W-volume [L]        0.23290E+02  0.23290E+02
 In-flow  [L/T]     -0.63644E-01 -0.63644E-01
 h Mean   [L]       -0.87591E+02 -0.87591E+02
 Top Flux [L/T]      0.63324E-01
 Bot Flux [L/T]      0.00000E+00
 WatBalT  [L]        0.57220E-05
 WatBalR  [%]              0.000
----------------------------------------------------------

----------------------------------------------------------
 Time       [T]       69.0000
----------------------------------------------------------
 Sub-region num.                     1
----------------------------------------------------------
 Length   [L]        0.15000E+03  0.15000E+03
 W-volume [L]        0.23262E+02  0.23262E+02
 In-flow  [L/T]     -0.28083E-01 -0.28083E-01
 h Mean   [L]       -0.87254E+02 -0.87254E+02
 Top Flux [L/T]      0.31324E-01
 Bot Flux [L/T]      0.00000E+00
 WatBalT  [L]        0.66757E-05
 WatBalR  [%]              0.000
----------------------------------------------------------

----------------------------------------------------------
 Time       [T]       70.0000
----------------------------------------------------------
 Sub-region num.                     1
----------------------------------------------------------
 Length   [L]        0.15000E+03  0.15000E+03
 W-volume [L]        0.23211E+02  0.23211E+02
 In-flow  [L/T]     -0.50940E-01 -0.50940E-01
 h Mean   [L]       -0.87751E+02 -0.87751E+02
 Top Flux [L/T]      0.50752E-01
 Bot Flux [L/T]      0.00000E+00
 WatBalT  [L]        0.57220E-05
 WatBalR  [%]              0.000
----------------------------------------------------------

----------------------------------------------------------
 Time       [T]       71.0000
----------------------------------------------------------
 Sub-region num.                     1
----------------------------------------------------------
 Length   [L]        0.15000E+03  0.15000E+03
 W-volume [L]        0.23145E+02  0.23145E+02
 In-flow  [L/T]     -0.66178E-01 -0.66178E-01
 h Mean   [L]       -0.88720E+02 -0.88720E+02
 Top Flux [L/T]      0.64961E-01
 Bot Flux [L/T]      0.00000E+00
 WatBalT  [L]        0.76294E-05
 WatBalR  [%]              0.000
----------------------------------------------------------

----------------------------------------------------------
 Time       [T]       72.0000
----------------------------------------------------------
 Sub-region num.                     1
----------------------------------------------------------
 Length   [L]        0.15000E+03  0.15000E+03
 W-volume [L]        0.22972E+02  0.22972E+02
 In-flow  [L/T]     -0.17286E+00 -0.17286E+00
 h Mean   [L]       -0.93562E+02 -0.93562E+02
 Top Flux [L/T]      0.15780E+00
 Bot Flux [L/T]      0.00000E+00
 WatBalT  [L]        0.95367E-05
 WatBalR  [%]              0.000
----------------------------------------------------------

----------------------------------------------------------
 Time       [T]       73.0000
----------------------------------------------------------
 Sub-region num.                     1
----------------------------------------------------------
 Length   [L]        0.15000E+03  0.15000E+03
 W-volume [L]        0.22751E+02  0.22751E+02
 In-flow  [L/T]     -0.22111E+00 -0.22111E+00
 h Mean   [L]       -0.10594E+03 -0.10594E+03
 Top Flux [L/T]      0.19513E+00
 Bot Flux [L/T]      0.00000E+00
 WatBalT  [L]        0.76294E-05
 WatBalR  [%]              0.000
----------------------------------------------------------

----------------------------------------------------------
 Time       [T]       74.0000
----------------------------------------------------------
 Sub-region num.                     1
----------------------------------------------------------
 Length   [L]        0.15000E+03  0.15000E+03
 W-volume [L]        0.22657E+02  0.22657E+02
 In-flow  [L/T]     -0.94112E-01 -0.94112E-01
 h Mean   [L]       -0.10381E+03 -0.10381E+03
 Top Flux [L/T]      0.10087E+00
 Bot Flux [L/T]      0.00000E+00
 WatBalT  [L]        0.16212E-04
 WatBalR  [%]              0.000
----------------------------------------------------------

----------------------------------------------------------
 Time       [T]       75.0000
----------------------------------------------------------
 Sub-region num.                     1
----------------------------------------------------------
 Length   [L]        0.15000E+03  0.15000E+03
 W-volume [L]        0.22548E+02  0.22548E+02
 In-flow  [L/T]     -0.10935E+00 -0.10935E+00
 h Mean   [L]       -0.10682E+03 -0.10682E+03
 Top Flux [L/T]      0.10652E+00
 Bot Flux [L/T]      0.00000E+00
 WatBalT  [L]        0.95367E-05
 WatBalR  [%]              0.000
----------------------------------------------------------

----------------------------------------------------------
 Time       [T]       76.0000
----------------------------------------------------------
 Sub-region num.                     1
----------------------------------------------------------
 Length   [L]        0.15000E+03  0.15000E+03
 W-volume [L]        0.22415E+02  0.22415E+02
 In-flow  [L/T]     -0.13221E+00 -0.13221E+00
 h Mean   [L]       -0.11440E+03 -0.11440E+03
 Top Flux [L/T]      0.12221E+00
 Bot Flux [L/T]      0.00000E+00
 WatBalT  [L]        0.85831E-05
 WatBalR  [%]              0.000
----------------------------------------------------------

----------------------------------------------------------
 Time       [T]       77.0000
----------------------------------------------------------
 Sub-region num.                     1
----------------------------------------------------------
 Length   [L]        0.15000E+03  0.15000E+03
 W-volume [L]        0.22222E+02  0.22222E+02
 In-flow  [L/T]     -0.19317E+00 -0.19317E+00
 h Mean   [L]       -0.20992E+03 -0.20992E+03
 Top Flux [L/T]      0.17216E+00
 Bot Flux [L/T]      0.00000E+00
 WatBalT  [L]        0.10490E-04
 WatBalR  [%]              0.000
----------------------------------------------------------

----------------------------------------------------------
 Time       [T]       78.0000
----------------------------------------------------------
 Sub-region num.                     1
----------------------------------------------------------
 Length   [L]        0.15000E+03  0.15000E+03
 W-volume [L]        0.22067E+02  0.22067E+02
 In-flow  [L/T]     -0.15506E+00 -0.15506E+00
 h Mean   [L]       -0.63350E+03 -0.63350E+03
 Top Flux [L/T]      0.14728E+00
 Bot Flux [L/T]      0.00000E+00
 WatBalT  [L]        0.16212E-04
 WatBalR  [%]              0.000
----------------------------------------------------------

----------------------------------------------------------
 Time       [T]       79.0000
----------------------------------------------------------
 Sub-region num.                     1
----------------------------------------------------------
 Length   [L]        0.15000E+03  0.15000E+03
 W-volume [L]        0.21981E+02  0.21981E+02
 In-flow  [L/T]     -0.86483E-01 -0.86483E-01
 h Mean   [L]       -0.27522E+03 -0.27522E+03
 Top Flux [L/T]      0.88339E-01
 Bot Flux [L/T]      0.00000E+00
 WatBalT  [L]        0.10490E-04
 WatBalR  [%]              0.000
----------------------------------------------------------

----------------------------------------------------------
 Time       [T]       80.0000
----------------------------------------------------------
 Sub-region num.                     1
----------------------------------------------------------
 Length   [L]        0.15000E+03  0.15000E+03
 W-volume [L]        0.21851E+02  0.21851E+02
 In-flow  [L/T]     -0.12966E+00 -0.12966E+00
 h Mean   [L]       -0.12885E+04 -0.12885E+04
 Top Flux [L/T]      0.12505E+00
 Bot Flux [L/T]      0.00000E+00
 WatBalT  [L]        0.85831E-05
 WatBalR  [%]              0.000
----------------------------------------------------------

----------------------------------------------------------
 Time       [T]       81.0000
----------------------------------------------------------
 Sub-region num.                     1
----------------------------------------------------------
 Length   [L]        0.15000E+03  0.15000E+03
 W-volume [L]        0.21731E+02  0.21731E+02
 In-flow  [L/T]     -0.10072E+00 -0.10072E+00
 h Mean   [L]       -0.35168E+04 -0.35168E+04
 Top Flux [L/T]      0.10060E+00
 Bot Flux [L/T]      0.00000E+00
 WatBalT  [L]        0.10490E-04
 WatBalR  [%]              0.000
----------------------------------------------------------

----------------------------------------------------------
 Time       [T]       82.0000
----------------------------------------------------------
 Sub-region num.                     1
----------------------------------------------------------
 Length   [L]        0.15000E+03  0.15000E+03
 W-volume [L]        0.21638E+02  0.21638E+02
 In-flow  [L/T]     -0.90635E-01 -0.90635E-01
 h Mean   [L]       -0.35217E+04 -0.35217E+04
 Top Flux [L/T]      0.90517E-01
 Bot Flux [L/T]      0.00000E+00
 WatBalT  [L]        0.85831E-05
 WatBalR  [%]              0.000
----------------------------------------------------------

----------------------------------------------------------
 Time       [T]       83.0000
----------------------------------------------------------
 Sub-region num.                     1
----------------------------------------------------------
 Length   [L]        0.15000E+03  0.15000E+03
 W-volume [L]        0.21553E+02  0.21553E+02
 In-flow  [L/T]     -0.83163E-01 -0.83163E-01
 h Mean   [L]       -0.35241E+04 -0.35241E+04
 Top Flux [L/T]      0.83047E-01
 Bot Flux [L/T]      0.00000E+00
 WatBalT  [L]        0.85831E-05
 WatBalR  [%]              0.000
----------------------------------------------------------

----------------------------------------------------------
 Time       [T]       84.0000
----------------------------------------------------------
 Sub-region num.                     1
----------------------------------------------------------
 Length   [L]        0.15000E+03  0.15000E+03
 W-volume [L]        0.21471E+02  0.21471E+02
 In-flow  [L/T]     -0.78765E-01 -0.78765E-01
 h Mean   [L]       -0.35276E+04 -0.35276E+04
 Top Flux [L/T]      0.78650E-01
 Bot Flux [L/T]      0.00000E+00
 WatBalT  [L]        0.95367E-05
 WatBalR  [%]              0.000
----------------------------------------------------------

----------------------------------------------------------
 Time       [T]       85.0000
----------------------------------------------------------
 Sub-region num.                     1
----------------------------------------------------------
 Length   [L]        0.15000E+03  0.15000E+03
 W-volume [L]        0.21393E+02  0.21393E+02
 In-flow  [L/T]     -0.77396E-01 -0.77396E-01
 h Mean   [L]       -0.35301E+04 -0.35301E+04
 Top Flux [L/T]      0.77283E-01
 Bot Flux [L/T]      0.00000E+00
 WatBalT  [L]        0.66757E-05
 WatBalR  [%]              0.000
----------------------------------------------------------

----------------------------------------------------------
 Time       [T]       86.0000
----------------------------------------------------------
 Sub-region num.                     1
----------------------------------------------------------
 Length   [L]        0.15000E+03  0.15000E+03
 W-volume [L]        0.21317E+02  0.21317E+02
 In-flow  [L/T]     -0.75346E-01 -0.75346E-01
 h Mean   [L]       -0.35326E+04 -0.35326E+04
 Top Flux [L/T]      0.75235E-01
 Bot Flux [L/T]      0.00000E+00
 WatBalT  [L]        0.38147E-05
 WatBalR  [%]              0.000
----------------------------------------------------------

----------------------------------------------------------
 Time       [T]       87.0000
----------------------------------------------------------
 Sub-region num.                     1
----------------------------------------------------------
 Length   [L]        0.15000E+03  0.15000E+03
 W-volume [L]        0.21243E+02  0.21243E+02
 In-flow  [L/T]     -0.71487E-01 -0.71487E-01
 h Mean   [L]       -0.35350E+04 -0.35350E+04
 Top Flux [L/T]      0.71377E-01
 Bot Flux [L/T]      0.00000E+00
 WatBalT  [L]        0.28610E-05
 WatBalR  [%]              0.000
----------------------------------------------------------

----------------------------------------------------------
 Time       [T]       88.0000
----------------------------------------------------------
 Sub-region num.                     1
----------------------------------------------------------
 Length   [L]        0.15000E+03  0.15000E+03
 W-volume [L]        0.21172E+02  0.21172E+02
 In-flow  [L/T]     -0.73027E-01 -0.73027E-01
 h Mean   [L]       -0.35372E+04 -0.35372E+04
 Top Flux [L/T]      0.72920E-01
 Bot Flux [L/T]      0.00000E+00
 WatBalT  [L]        0.38147E-05
 WatBalR  [%]              0.000
----------------------------------------------------------

----------------------------------------------------------
 Time       [T]       89.0000
----------------------------------------------------------
 Sub-region num.                     1
----------------------------------------------------------
 Length   [L]        0.15000E+03  0.15000E+03
 W-volume [L]        0.21104E+02  0.21104E+02
 In-flow  [L/T]     -0.67963E-01 -0.67963E-01
 h Mean   [L]       -0.35385E+04 -0.35385E+04
 Top Flux [L/T]      0.67856E-01
 Bot Flux [L/T]      0.00000E+00
 WatBalT  [L]        0.19073E-05
 WatBalR  [%]              0.000
----------------------------------------------------------

----------------------------------------------------------
 Time       [T]       90.0000
----------------------------------------------------------
 Sub-region num.                     1
----------------------------------------------------------
 Length   [L]        0.15000E+03  0.15000E+03
 W-volume [L]        0.21036E+02  0.21036E+02
 In-flow  [L/T]     -0.68256E-01 -0.68256E-01
 h Mean   [L]       -0.35411E+04 -0.35411E+04
 Top Flux [L/T]      0.68152E-01
 Bot Flux [L/T]      0.00000E+00
 WatBalT  [L]        0.85831E-05
 WatBalR  [%]              0.000
----------------------------------------------------------

----------------------------------------------------------
 Time       [T]       91.0000
----------------------------------------------------------
 Sub-region num.                     1
----------------------------------------------------------
 Length   [L]        0.15000E+03  0.15000E+03
 W-volume [L]        0.20995E+02  0.20995E+02
 In-flow  [L/T]     -0.11438E+00 -0.11438E+00
 h Mean   [L]       -0.20443E+03 -0.20443E+03
 Top Flux [L/T]      0.15015E-01
 Bot Flux [L/T]      0.00000E+00
 WatBalT  [L]        0.35107E-01
 WatBalR  [%]              0.325
----------------------------------------------------------

----------------------------------------------------------
 Time       [T]       92.0000
----------------------------------------------------------
 Sub-region num.                     1
----------------------------------------------------------
 Length   [L]        0.15000E+03  0.15000E+03
 W-volume [L]        0.20882E+02  0.20882E+02
 In-flow  [L/T]     -0.10350E+00 -0.10350E+00
 h Mean   [L]       -0.18031E+03 -0.18031E+03
 Top Flux [L/T]      0.91657E-02
 Bot Flux [L/T]      0.00000E+00
 WatBalT  [L]        0.27708E-01
 WatBalR  [%]              0.254
----------------------------------------------------------

----------------------------------------------------------
 Time       [T]       93.0000
----------------------------------------------------------
 Sub-region num.                     1
----------------------------------------------------------
 Length   [L]        0.15000E+03  0.15000E+03
 W-volume [L]        0.20809E+02  0.20809E+02
 In-flow  [L/T]     -0.46685E-01 -0.46685E-01
 h Mean   [L]       -0.17500E+03 -0.17500E+03
 Top Flux [L/T]      0.58534E-02
 Bot Flux [L/T]      0.00000E+00
 WatBalT  [L]        0.26808E-02
 WatBalR  [%]              0.025
----------------------------------------------------------

----------------------------------------------------------
 Time       [T]       94.0000
----------------------------------------------------------
 Sub-region num.                     1
----------------------------------------------------------
 Length   [L]        0.15000E+03  0.15000E+03
 W-volume [L]        0.20769E+02  0.20769E+02
 In-flow  [L/T]     -0.30871E-01 -0.30871E-01
 h Mean   [L]       -0.16898E+03 -0.16898E+03
 Top Flux [L/T]      0.41466E-02
 Bot Flux [L/T]      0.00000E+00
 WatBalT  [L]       -0.49458E-02
 WatBalR  [%]              0.045
----------------------------------------------------------

----------------------------------------------------------
 Time       [T]       95.0000
----------------------------------------------------------
 Sub-region num.                     1
----------------------------------------------------------
 Length   [L]        0.15000E+03  0.15000E+03
 W-volume [L]        0.20710E+02  0.20710E+02
 In-flow  [L/T]     -0.83107E-01 -0.83107E-01
 h Mean   [L]       -0.16763E+03 -0.16763E+03
 Top Flux [L/T]      0.29653E-02
 Bot Flux [L/T]      0.00000E+00
 WatBalT  [L]        0.17623E-01
 WatBalR  [%]              0.159
----------------------------------------------------------

----------------------------------------------------------
 Time       [T]       96.0000
----------------------------------------------------------
 Sub-region num.                     1
----------------------------------------------------------
 Length   [L]        0.15000E+03  0.15000E+03
 W-volume [L]        0.20612E+02  0.20612E+02
 In-flow  [L/T]     -0.11750E+00 -0.11750E+00
 h Mean   [L]       -0.17224E+03 -0.17224E+03
 Top Flux [L/T]      0.10579E-02
 Bot Flux [L/T]      0.00000E+00
 WatBalT  [L]        0.30212E-01
 WatBalR  [%]              0.271
----------------------------------------------------------

----------------------------------------------------------
 Time       [T]       97.0000
----------------------------------------------------------
 Sub-region num.                     1
----------------------------------------------------------
 Length   [L]        0.15000E+03  0.15000E+03
 W-volume [L]        0.20510E+02  0.20510E+02
 In-flow  [L/T]     -0.99268E-01 -0.99268E-01
 h Mean   [L]       -0.17818E+03 -0.17818E+03
 Top Flux [L/T]      0.11875E-03
 Bot Flux [L/T]      0.00000E+00
 WatBalT  [L]        0.23239E-01
 WatBalR  [%]              0.206
----------------------------------------------------------

----------------------------------------------------------
 Time       [T]       98.0000
----------------------------------------------------------
 Sub-region num.                     1
----------------------------------------------------------
 Length   [L]        0.15000E+03  0.15000E+03
 W-volume [L]        0.20423E+02  0.20423E+02
 In-flow  [L/T]     -0.84164E-01 -0.84164E-01
 h Mean   [L]       -0.18250E+03 -0.18250E+03
 Top Flux [L/T]     -0.10409E-03
 Bot Flux [L/T]      0.00000E+00
 WatBalT  [L]        0.17867E-01
 WatBalR  [%]              0.158
----------------------------------------------------------

----------------------------------------------------------
 Time       [T]       99.0000
----------------------------------------------------------
 Sub-region num.                     1
----------------------------------------------------------
 Length   [L]        0.15000E+03  0.15000E+03
 W-volume [L]        0.20343E+02  0.20343E+02
 In-flow  [L/T]     -0.80472E-01 -0.80472E-01
 h Mean   [L]       -0.18611E+03 -0.18611E+03
 Top Flux [L/T]     -0.99377E-04
 Bot Flux [L/T]      0.00000E+00
 WatBalT  [L]        0.16254E-01
 WatBalR  [%]              0.142
----------------------------------------------------------

----------------------------------------------------------
 Time       [T]      100.0000
----------------------------------------------------------
 Sub-region num.                     1
----------------------------------------------------------
 Length   [L]        0.15000E+03  0.15000E+03
 W-volume [L]        0.20265E+02  0.20265E+02
 In-flow  [L/T]     -0.79517E-01 -0.79517E-01
 h Mean   [L]       -0.18962E+03 -0.18962E+03
 Top Flux [L/T]     -0.79517E-04
 Bot Flux [L/T]      0.00000E+00
 WatBalT  [L]        0.15549E-01
 WatBalR  [%]              0.135
----------------------------------------------------------

----------------------------------------------------------
 Time       [T]      101.0000
----------------------------------------------------------
 Sub-region num.                     1
----------------------------------------------------------
 Length   [L]        0.15000E+03  0.15000E+03
 W-volume [L]        0.20195E+02  0.20195E+02
 In-flow  [L/T]     -0.66177E-01 -0.66177E-01
 h Mean   [L]       -0.19225E+03 -0.19225E+03
 Top Flux [L/T]     -0.59448E-04
 Bot Flux [L/T]      0.00000E+00
 WatBalT  [L]        0.10635E-01
 WatBalR  [%]              0.092
----------------------------------------------------------

----------------------------------------------------------
 Time       [T]      102.0000
----------------------------------------------------------
 Sub-region num.                     1
----------------------------------------------------------
 Length   [L]        0.15000E+03  0.15000E+03
 W-volume [L]        0.20142E+02  0.20142E+02
 In-flow  [L/T]     -0.40674E-01 -0.40674E-01
 h Mean   [L]       -0.19271E+03 -0.19271E+03
 Top Flux [L/T]     -0.20780E-04
 Bot Flux [L/T]      0.00000E+00
 WatBalT  [L]        0.18024E-03
 WatBalR  [%]              0.002
----------------------------------------------------------

----------------------------------------------------------
 Time       [T]      103.0000
----------------------------------------------------------
 Sub-region num.                     1
----------------------------------------------------------
 Length   [L]        0.15000E+03  0.15000E+03
 W-volume [L]        0.20106E+02  0.20106E+02
 In-flow  [L/T]     -0.27724E-01 -0.27724E-01
 h Mean   [L]       -0.19102E+03 -0.19102E+03
 Top Flux [L/T]      0.80315E-04
 Bot Flux [L/T]      0.00000E+00
 WatBalT  [L]       -0.59814E-02
 WatBalR  [%]              0.051
----------------------------------------------------------

----------------------------------------------------------
 Time       [T]      104.0000
----------------------------------------------------------
 Sub-region num.                     1
----------------------------------------------------------
 Length   [L]        0.15000E+03  0.15000E+03
 W-volume [L]        0.20062E+02  0.20062E+02
 In-flow  [L/T]     -0.56301E-01 -0.56301E-01
 h Mean   [L]       -0.19117E+03 -0.19117E+03
 Top Flux [L/T]      0.67488E-04
 Bot Flux [L/T]      0.00000E+00
 WatBalT  [L]        0.55618E-02
 WatBalR  [%]              0.048
----------------------------------------------------------

----------------------------------------------------------
 Time       [T]      105.0000
----------------------------------------------------------
 Sub-region num.                     1
----------------------------------------------------------
 Length   [L]        0.15000E+03  0.15000E+03
 W-volume [L]        0.20000E+02  0.20000E+02
 In-flow  [L/T]     -0.70456E-01 -0.70456E-01
 h Mean   [L]       -0.19405E+03 -0.19405E+03
 Top Flux [L/T]     -0.11077E-04
 Bot Flux [L/T]      0.00000E+00
 WatBalT  [L]        0.10853E-01
 WatBalR  [%]              0.092
----------------------------------------------------------

----------------------------------------------------------
 Time       [T]      106.0000
----------------------------------------------------------
 Sub-region num.                     1
----------------------------------------------------------
 Length   [L]        0.15000E+03  0.15000E+03
 W-volume [L]        0.19932E+02  0.19932E+02
 In-flow  [L/T]     -0.70125E-01 -0.70125E-01
 h Mean   [L]       -0.19763E+03 -0.19763E+03
 Top Flux [L/T]     -0.57691E-04
 Bot Flux [L/T]      0.00000E+00
 WatBalT  [L]        0.10676E-01
 WatBalR  [%]              0.090
----------------------------------------------------------

----------------------------------------------------------
 Time       [T]      107.0000
----------------------------------------------------------
 Sub-region num.                     1
----------------------------------------------------------
 Length   [L]        0.15000E+03  0.15000E+03
 W-volume [L]        0.19870E+02  0.19870E+02
 In-flow  [L/T]     -0.58280E-01 -0.58280E-01
 h Mean   [L]       -0.20031E+03 -0.20031E+03
 Top Flux [L/T]     -0.60512E-04
 Bot Flux [L/T]      0.00000E+00
 WatBalT  [L]        0.64392E-02
 WatBalR  [%]              0.054
----------------------------------------------------------

----------------------------------------------------------
 Time       [T]      108.0000
----------------------------------------------------------
 Sub-region num.                     1
----------------------------------------------------------
 Length   [L]        0.15000E+03  0.15000E+03
 W-volume [L]        0.19827E+02  0.19827E+02
 In-flow  [L/T]     -0.29913E-01 -0.29913E-01
 h Mean   [L]       -0.20037E+03 -0.20037E+03
 Top Flux [L/T]     -0.15134E-04
 Bot Flux [L/T]      0.00000E+00
 WatBalT  [L]       -0.52891E-02
 WatBalR  [%]              0.044
----------------------------------------------------------

----------------------------------------------------------
 Time       [T]      109.0000
----------------------------------------------------------
 Sub-region num.                     1
----------------------------------------------------------
 Length   [L]        0.15000E+03  0.15000E+03
 W-volume [L]        0.19793E+02  0.19793E+02
 In-flow  [L/T]     -0.35544E-01 -0.35544E-01
 h Mean   [L]       -0.19951E+03 -0.19951E+03
 Top Flux [L/T]      0.48524E-04
 Bot Flux [L/T]      0.00000E+00
 WatBalT  [L]       -0.30718E-02
 WatBalR  [%]              0.026
----------------------------------------------------------

----------------------------------------------------------
 Time       [T]      110.0000
----------------------------------------------------------
 Sub-region num.                     1
----------------------------------------------------------
 Length   [L]        0.15000E+03  0.15000E+03
 W-volume [L]        0.19753E+02  0.19753E+02
 In-flow  [L/T]     -0.42086E-01 -0.42086E-01
 h Mean   [L]       -0.19973E+03 -0.19973E+03
 Top Flux [L/T]      0.51892E-04
 Bot Flux [L/T]      0.00000E+00
 WatBalT  [L]       -0.53692E-03
 WatBalR  [%]              0.004
----------------------------------------------------------

----------------------------------------------------------
 Time       [T]      111.0000
----------------------------------------------------------
 Sub-region num.                     1
----------------------------------------------------------
 Length   [L]        0.15000E+03  0.15000E+03
 W-volume [L]        0.19713E+02  0.19713E+02
 In-flow  [L/T]     -0.37221E-01 -0.37221E-01
 h Mean   [L]       -0.20003E+03 -0.20003E+03
 Top Flux [L/T]      0.46837E-04
 Bot Flux [L/T]      0.00000E+00
 WatBalT  [L]       -0.25845E-02
 WatBalR  [%]              0.021
----------------------------------------------------------

----------------------------------------------------------
 Time       [T]      112.0000
----------------------------------------------------------
 Sub-region num.                     1
----------------------------------------------------------
 Length   [L]        0.15000E+03  0.15000E+03
 W-volume [L]        0.19663E+02  0.19663E+02
 In-flow  [L/T]     -0.61606E-01 -0.61606E-01
 h Mean   [L]       -0.20217E+03 -0.20217E+03
 Top Flux [L/T]      0.40890E-06
 Bot Flux [L/T]      0.00000E+00
 WatBalT  [L]        0.65136E-02
 WatBalR  [%]              0.054
----------------------------------------------------------

----------------------------------------------------------
 Time       [T]      113.0000
----------------------------------------------------------
 Sub-region num.                     1
----------------------------------------------------------
 Length   [L]        0.15000E+03  0.15000E+03
 W-volume [L]        0.19605E+02  0.19605E+02
 In-flow  [L/T]     -0.58881E-01 -0.58881E-01
 h Mean   [L]       -0.20538E+03 -0.20538E+03
 Top Flux [L/T]     -0.56631E-04
 Bot Flux [L/T]      0.00000E+00
 WatBalT  [L]        0.57621E-02
 WatBalR  [%]              0.047
----------------------------------------------------------

----------------------------------------------------------
 Time       [T]      114.0000
----------------------------------------------------------
 Sub-region num.                     1
----------------------------------------------------------
 Length   [L]        0.15000E+03  0.15000E+03
 W-volume [L]        0.19550E+02  0.19550E+02
 In-flow  [L/T]     -0.55060E-01 -0.55060E-01
 h Mean   [L]       -0.20814E+03 -0.20814E+03
 Top Flux [L/T]     -0.63915E-04
 Bot Flux [L/T]      0.00000E+00
 WatBalT  [L]        0.43745E-02
 WatBalR  [%]              0.036
----------------------------------------------------------

----------------------------------------------------------
 Time       [T]      115.0000
----------------------------------------------------------
 Sub-region num.                     1
----------------------------------------------------------
 Length   [L]        0.15000E+03  0.15000E+03
 W-volume [L]        0.19496E+02  0.19496E+02
 In-flow  [L/T]     -0.55391E-01 -0.55391E-01
 h Mean   [L]       -0.21078E+03 -0.21078E+03
 Top Flux [L/T]     -0.50362E-04
 Bot Flux [L/T]      0.00000E+00
 WatBalT  [L]        0.44737E-02
 WatBalR  [%]              0.037
----------------------------------------------------------

----------------------------------------------------------
 Time       [T]      116.0000
----------------------------------------------------------
 Sub-region num.                     1
----------------------------------------------------------
 Length   [L]        0.15000E+03  0.15000E+03
 W-volume [L]        0.19444E+02  0.19444E+02
 In-flow  [L/T]     -0.50970E-01 -0.50970E-01
 h Mean   [L]       -0.21313E+03 -0.21313E+03
 Top Flux [L/T]     -0.37634E-04
 Bot Flux [L/T]      0.00000E+00
 WatBalT  [L]        0.27828E-02
 WatBalR  [%]              0.023
----------------------------------------------------------

----------------------------------------------------------
 Time       [T]      117.0000
----------------------------------------------------------
 Sub-region num.                     1
----------------------------------------------------------
 Length   [L]        0.15000E+03  0.15000E+03
 W-volume [L]        0.19400E+02  0.19400E+02
 In-flow  [L/T]     -0.39137E-01 -0.39137E-01
 h Mean   [L]       -0.21438E+03 -0.21438E+03
 Top Flux [L/T]     -0.23260E-04
 Bot Flux [L/T]      0.00000E+00
 WatBalT  [L]       -0.17757E-02
 WatBalR  [%]              0.014
----------------------------------------------------------

----------------------------------------------------------
 Time       [T]      118.0000
----------------------------------------------------------
 Sub-region num.                     1
----------------------------------------------------------
 Length   [L]        0.15000E+03  0.15000E+03
 W-volume [L]        0.19355E+02  0.19355E+02
 In-flow  [L/T]     -0.50256E-01 -0.50256E-01
 h Mean   [L]       -0.21608E+03 -0.21608E+03
 Top Flux [L/T]     -0.95542E-05
 Bot Flux [L/T]      0.00000E+00
 WatBalT  [L]        0.22516E-02
 WatBalR  [%]              0.018
----------------------------------------------------------

----------------------------------------------------------
 Time       [T]      119.0000
----------------------------------------------------------
 Sub-region num.                     1
----------------------------------------------------------
 Length   [L]        0.15000E+03  0.15000E+03
 W-volume [L]        0.19308E+02  0.19308E+02
 In-flow  [L/T]     -0.45930E-01 -0.45930E-01
 h Mean   [L]       -0.21801E+03 -0.21801E+03
 Top Flux [L/T]     -0.12985E-04
 Bot Flux [L/T]      0.00000E+00
 WatBalT  [L]        0.57697E-03
 WatBalR  [%]              0.005
----------------------------------------------------------

----------------------------------------------------------
 Time       [T]      120.0000
----------------------------------------------------------
 Sub-region num.                     1
----------------------------------------------------------
 Length   [L]        0.15000E+03  0.15000E+03
 W-volume [L]        0.19262E+02  0.19262E+02
 In-flow  [L/T]     -0.46239E-01 -0.46239E-01
 h Mean   [L]       -0.21985E+03 -0.21985E+03
 Top Flux [L/T]     -0.13340E-04
 Bot Flux [L/T]      0.00000E+00
 WatBalT  [L]        0.64278E-03
 WatBalR  [%]              0.005
----------------------------------------------------------

----------------------------------------------------------
 Time       [T]      121.0000
----------------------------------------------------------
 Sub-region num.                     1
----------------------------------------------------------
 Length   [L]        0.15000E+03  0.15000E+03
 W-volume [L]        0.19181E+02  0.19181E+02
 In-flow  [L/T]     -0.11658E+00 -0.11658E+00
 h Mean   [L]       -0.22539E+03 -0.22539E+03
 Top Flux [L/T]     -0.18126E-04
 Bot Flux [L/T]      0.00000E+00
 WatBalT  [L]        0.59127E-01
 WatBalR  [%]              0.468
----------------------------------------------------------

----------------------------------------------------------
 Time       [T]      122.0000
----------------------------------------------------------
 Sub-region num.                     1
----------------------------------------------------------
 Length   [L]        0.15000E+03  0.15000E+03
 W-volume [L]        0.19033E+02  0.19033E+02
 In-flow  [L/T]     -0.13536E+00 -0.13536E+00
 h Mean   [L]       -0.23703E+03 -0.23703E+03
 Top Flux [L/T]     -0.16533E-04
 Bot Flux [L/T]      0.00000E+00
 WatBalT  [L]        0.39960E-01
 WatBalR  [%]              0.313
----------------------------------------------------------

----------------------------------------------------------
 Time       [T]      123.0000
----------------------------------------------------------
 Sub-region num.                     1
----------------------------------------------------------
 Length   [L]        0.15000E+03  0.15000E+03
 W-volume [L]        0.18914E+02  0.18914E+02
 In-flow  [L/T]     -0.11464E+00 -0.11464E+00
 h Mean   [L]       -0.24675E+03 -0.24675E+03
 Top Flux [L/T]     -0.21255E-04
 Bot Flux [L/T]      0.00000E+00
 WatBalT  [L]        0.30462E-01
 WatBalR  [%]              0.237
----------------------------------------------------------

----------------------------------------------------------
 Time       [T]      124.0000
----------------------------------------------------------
 Sub-region num.                     1
----------------------------------------------------------
 Length   [L]        0.15000E+03  0.15000E+03
 W-volume [L]        0.18810E+02  0.18810E+02
 In-flow  [L/T]     -0.10217E+00 -0.10217E+00
 h Mean   [L]       -0.25490E+03 -0.25490E+03
 Top Flux [L/T]     -0.15785E-04
 Bot Flux [L/T]      0.00000E+00
 WatBalT  [L]        0.24891E-01
 WatBalR  [%]              0.192
----------------------------------------------------------

----------------------------------------------------------
 Time       [T]      125.0000
----------------------------------------------------------
 Sub-region num.                     1
----------------------------------------------------------
 Length   [L]        0.15000E+03  0.15000E+03
 W-volume [L]        0.18734E+02  0.18734E+02
 In-flow  [L/T]     -0.59102E-01 -0.59102E-01
 h Mean   [L]       -0.25957E+03 -0.25957E+03
 Top Flux [L/T]     -0.47534E-05
 Bot Flux [L/T]      0.00000E+00
 WatBalT  [L]        0.74387E-02
 WatBalR  [%]              0.057
----------------------------------------------------------

----------------------------------------------------------
 Time       [T]      126.0000
----------------------------------------------------------
 Sub-region num.                     1
----------------------------------------------------------
 Length   [L]        0.15000E+03  0.15000E+03
 W-volume [L]        0.18692E+02  0.18692E+02
 In-flow  [L/T]     -0.25244E-01 -0.25244E-01
 h Mean   [L]       -0.25992E+03 -0.25992E+03
 Top Flux [L/T]      0.26304E-05
 Bot Flux [L/T]      0.00000E+00
 WatBalT  [L]       -0.84171E-02
 WatBalR  [%]              0.064
----------------------------------------------------------

----------------------------------------------------------
 Time       [T]      127.0000
----------------------------------------------------------
 Sub-region num.                     1
----------------------------------------------------------
 Length   [L]        0.15000E+03  0.15000E+03
 W-volume [L]        0.18642E+02  0.18642E+02
 In-flow  [L/T]     -0.73990E-01 -0.73990E-01
 h Mean   [L]       -0.26204E+03 -0.26204E+03
 Top Flux [L/T]     -0.16649E-05
 Bot Flux [L/T]      0.00000E+00
 WatBalT  [L]        0.13090E-01
 WatBalR  [%]              0.100
----------------------------------------------------------

----------------------------------------------------------
 Time       [T]      128.0000
----------------------------------------------------------
 Sub-region num.                     1
----------------------------------------------------------
 Length   [L]        0.15000E+03  0.15000E+03
 W-volume [L]        0.18567E+02  0.18567E+02
 In-flow  [L/T]     -0.79534E-01 -0.79534E-01
 h Mean   [L]       -0.26734E+03 -0.26734E+03
 Top Flux [L/T]     -0.56807E-05
 Bot Flux [L/T]      0.00000E+00
 WatBalT  [L]        0.15015E-01
 WatBalR  [%]              0.114
----------------------------------------------------------

----------------------------------------------------------
 Time       [T]      129.0000
----------------------------------------------------------
 Sub-region num.                     1
----------------------------------------------------------
 Length   [L]        0.15000E+03  0.15000E+03
 W-volume [L]        0.18502E+02  0.18502E+02
 In-flow  [L/T]     -0.55823E-01 -0.55823E-01
 h Mean   [L]       -0.27133E+03 -0.27133E+03
 Top Flux [L/T]     -0.37277E-05
 Bot Flux [L/T]      0.00000E+00
 WatBalT  [L]        0.54750E-02
 WatBalR  [%]              0.041
----------------------------------------------------------

----------------------------------------------------------
 Time       [T]      130.0000
----------------------------------------------------------
 Sub-region num.                     1
----------------------------------------------------------
 Length   [L]        0.15000E+03  0.15000E+03
 W-volume [L]        0.18445E+02  0.18445E+02
 In-flow  [L/T]     -0.60294E-01 -0.60294E-01
 h Mean   [L]       -0.27460E+03 -0.27460E+03
 Top Flux [L/T]     -0.29573E-05
 Bot Flux [L/T]      0.00000E+00
 WatBalT  [L]        0.71754E-02
 WatBalR  [%]              0.054
----------------------------------------------------------

----------------------------------------------------------
 Time       [T]      131.0000
----------------------------------------------------------
 Sub-region num.                     1
----------------------------------------------------------
 Length   [L]        0.15000E+03  0.15000E+03
 W-volume [L]        0.18394E+02  0.18394E+02
 In-flow  [L/T]     -0.43138E-01 -0.43138E-01
 h Mean   [L]       -0.27674E+03 -0.27674E+03
 Top Flux [L/T]     -0.19248E-05
 Bot Flux [L/T]      0.00000E+00
 WatBalT  [L]       -0.13351E-03
 WatBalR  [%]              0.001
----------------------------------------------------------

----------------------------------------------------------
 Time       [T]      132.0000
----------------------------------------------------------
 Sub-region num.                     1
----------------------------------------------------------
 Length   [L]        0.15000E+03  0.15000E+03
 W-volume [L]        0.18346E+02  0.18346E+02
 In-flow  [L/T]     -0.53150E-01 -0.53150E-01
 h Mean   [L]       -0.27901E+03 -0.27901E+03
 Top Flux [L/T]     -0.12894E-05
 Bot Flux [L/T]      0.00000E+00
 WatBalT  [L]        0.39940E-02
 WatBalR  [%]              0.030
----------------------------------------------------------

----------------------------------------------------------
 Time       [T]      133.0000
----------------------------------------------------------
 Sub-region num.                     1
----------------------------------------------------------
 Length   [L]        0.15000E+03  0.15000E+03
 W-volume [L]        0.18303E+02  0.18303E+02
 In-flow  [L/T]     -0.34289E-01 -0.34289E-01
 h Mean   [L]       -0.28036E+03 -0.28036E+03
 Top Flux [L/T]     -0.82127E-06
 Bot Flux [L/T]      0.00000E+00
 WatBalT  [L]       -0.42715E-02
 WatBalR  [%]              0.032
----------------------------------------------------------

----------------------------------------------------------
 Time       [T]      134.0000
----------------------------------------------------------
 Sub-region num.                     1
----------------------------------------------------------
 Length   [L]        0.15000E+03  0.15000E+03
 W-volume [L]        0.18265E+02  0.18265E+02
 In-flow  [L/T]     -0.40353E-01 -0.40353E-01
 h Mean   [L]       -0.28138E+03 -0.28138E+03
 Top Flux [L/T]      0.21965E-06
 Bot Flux [L/T]      0.00000E+00
 WatBalT  [L]       -0.16499E-02
 WatBalR  [%]              0.012
----------------------------------------------------------

----------------------------------------------------------
 Time       [T]      135.0000
----------------------------------------------------------
 Sub-region num.                     1
----------------------------------------------------------
 Length   [L]        0.15000E+03  0.15000E+03
 W-volume [L]        0.18212E+02  0.18212E+02
 In-flow  [L/T]     -0.65827E-01 -0.65827E-01
 h Mean   [L]       -0.28489E+03 -0.28489E+03
 Top Flux [L/T]     -0.10266E-05
 Bot Flux [L/T]      0.00000E+00
 WatBalT  [L]        0.83752E-02
 WatBalR  [%]              0.062
----------------------------------------------------------

----------------------------------------------------------
 Time       [T]      136.0000
----------------------------------------------------------
 Sub-region num.                     1
----------------------------------------------------------
 Length   [L]        0.15000E+03  0.15000E+03
 W-volume [L]        0.18150E+02  0.18150E+02
 In-flow  [L/T]     -0.64166E-01 -0.64166E-01
 h Mean   [L]       -0.28954E+03 -0.28954E+03
 Top Flux [L/T]     -0.26731E-05
 Bot Flux [L/T]      0.00000E+00
 WatBalT  [L]        0.76704E-02
 WatBalR  [%]              0.056
----------------------------------------------------------

----------------------------------------------------------
 Time       [T]      137.0000
----------------------------------------------------------
 Sub-region num.                     1
----------------------------------------------------------
 Length   [L]        0.15000E+03  0.15000E+03
 W-volume [L]        0.18107E+02  0.18107E+02
 In-flow  [L/T]     -0.27129E-01 -0.27129E-01
 h Mean   [L]       -0.29126E+03 -0.29126E+03
 Top Flux [L/T]     -0.25863E-05
 Bot Flux [L/T]      0.00000E+00
 WatBalT  [L]       -0.76456E-02
 WatBalR  [%]              0.056
----------------------------------------------------------

----------------------------------------------------------
 Time       [T]      138.0000
----------------------------------------------------------
 Sub-region num.                     1
----------------------------------------------------------
 Length   [L]        0.15000E+03  0.15000E+03
 W-volume [L]        0.18070E+02  0.18070E+02
 In-flow  [L/T]     -0.45717E-01 -0.45717E-01
 h Mean   [L]       -0.29248E+03 -0.29248E+03
 Top Flux [L/T]     -0.16221E-05
 Bot Flux [L/T]      0.00000E+00
 WatBalT  [L]        0.35954E-03
 WatBalR  [%]              0.003
----------------------------------------------------------

----------------------------------------------------------
 Time       [T]      139.0000
----------------------------------------------------------
 Sub-region num.                     1
----------------------------------------------------------
 Length   [L]        0.15000E+03  0.15000E+03
 W-volume [L]        0.18022E+02  0.18022E+02
 In-flow  [L/T]     -0.50729E-01 -0.50729E-01
 h Mean   [L]       -0.29525E+03 -0.29525E+03
 Top Flux [L/T]     -0.14930E-05
 Bot Flux [L/T]      0.00000E+00
 WatBalT  [L]        0.21935E-02
 WatBalR  [%]              0.016
----------------------------------------------------------

----------------------------------------------------------
 Time       [T]      140.0000
----------------------------------------------------------
 Sub-region num.                     1
----------------------------------------------------------
 Length   [L]        0.15000E+03  0.15000E+03
 W-volume [L]        0.17976E+02  0.17976E+02
 In-flow  [L/T]     -0.44980E-01 -0.44980E-01
 h Mean   [L]       -0.29797E+03 -0.29797E+03
 Top Flux [L/T]     -0.17502E-05
 Bot Flux [L/T]      0.00000E+00
 WatBalT  [L]       -0.33379E-04
 WatBalR  [%]              0.000
----------------------------------------------------------

----------------------------------------------------------
 Time       [T]      141.0000
----------------------------------------------------------
 Sub-region num.                     1
----------------------------------------------------------
 Length   [L]        0.15000E+03  0.15000E+03
 W-volume [L]        0.17931E+02  0.17931E+02
 In-flow  [L/T]     -0.44782E-01 -0.44782E-01
 h Mean   [L]       -0.30043E+03 -0.30043E+03
 Top Flux [L/T]     -0.18547E-05
 Bot Flux [L/T]      0.00000E+00
 WatBalT  [L]       -0.17357E-03
 WatBalR  [%]              0.001
----------------------------------------------------------

----------------------------------------------------------
 Time       [T]      142.0000
----------------------------------------------------------
 Sub-region num.                     1
----------------------------------------------------------
 Length   [L]        0.15000E+03  0.15000E+03
 W-volume [L]        0.17892E+02  0.17892E+02
 In-flow  [L/T]     -0.36587E-01 -0.36587E-01
 h Mean   [L]       -0.30220E+03 -0.30220E+03
 Top Flux [L/T]     -0.17589E-05
 Bot Flux [L/T]      0.00000E+00
 WatBalT  [L]       -0.35181E-02
 WatBalR  [%]              0.025
----------------------------------------------------------

----------------------------------------------------------
 Time       [T]      143.0000
----------------------------------------------------------
 Sub-region num.                     1
----------------------------------------------------------
 Length   [L]        0.15000E+03  0.15000E+03
 W-volume [L]        0.17853E+02  0.17853E+02
 In-flow  [L/T]     -0.40026E-01 -0.40026E-01
 h Mean   [L]       -0.30395E+03 -0.30395E+03
 Top Flux [L/T]     -0.15108E-05
 Bot Flux [L/T]      0.00000E+00
 WatBalT  [L]       -0.22230E-02
 WatBalR  [%]              0.016
----------------------------------------------------------

----------------------------------------------------------
 Time       [T]      144.0000
----------------------------------------------------------
 Sub-region num.                     1
----------------------------------------------------------
 Length   [L]        0.15000E+03  0.15000E+03
 W-volume [L]        0.17818E+02  0.17818E+02
 In-flow  [L/T]     -0.30194E-01 -0.30194E-01
 h Mean   [L]       -0.30508E+03 -0.30508E+03
 Top Flux [L/T]     -0.12770E-05
 Bot Flux [L/T]      0.00000E+00
 WatBalT  [L]       -0.64020E-02
 WatBalR  [%]              0.046
----------------------------------------------------------

----------------------------------------------------------
 Time       [T]      145.0000
----------------------------------------------------------
 Sub-region num.                     1
----------------------------------------------------------
 Length   [L]        0.15000E+03  0.15000E+03
 W-volume [L]        0.17794E+02  0.17794E+02
 In-flow  [L/T]     -0.18975E-01 -0.18975E-01
 h Mean   [L]       -0.30481E+03 -0.30481E+03
 Top Flux [L/T]     -0.74804E-06
 Bot Flux [L/T]      0.00000E+00
 WatBalT  [L]       -0.11724E-01
 WatBalR  [%]              0.084
----------------------------------------------------------

----------------------------------------------------------
 Time       [T]      146.0000
----------------------------------------------------------
 Sub-region num.                     1
----------------------------------------------------------
 Length   [L]        0.15000E+03  0.15000E+03
 W-volume [L]        0.17775E+02  0.17775E+02
 In-flow  [L/T]     -0.17670E-01 -0.17670E-01
 h Mean   [L]       -0.30382E+03 -0.30382E+03
 Top Flux [L/T]      0.40976E-06
 Bot Flux [L/T]      0.00000E+00
 WatBalT  [L]       -0.12476E-01
 WatBalR  [%]              0.089
----------------------------------------------------------

----------------------------------------------------------
 Time       [T]      147.0000
----------------------------------------------------------
 Sub-region num.                     1
----------------------------------------------------------
 Length   [L]        0.15000E+03  0.15000E+03
 W-volume [L]        0.17756E+02  0.17756E+02
 In-flow  [L/T]     -0.18122E-01 -0.18122E-01
 h Mean   [L]       -0.30290E+03 -0.30290E+03
 Top Flux [L/T]      0.21589E-05
 Bot Flux [L/T]      0.00000E+00
 WatBalT  [L]       -0.12352E-01
 WatBalR  [%]              0.088
----------------------------------------------------------

----------------------------------------------------------
 Time       [T]      148.0000
----------------------------------------------------------
 Sub-region num.                     1
----------------------------------------------------------
 Length   [L]        0.15000E+03  0.15000E+03
 W-volume [L]        0.17721E+02  0.17721E+02
 In-flow  [L/T]     -0.51150E-01 -0.51150E-01
 h Mean   [L]       -0.30510E+03 -0.30510E+03
 Top Flux [L/T]      0.22980E-05
 Bot Flux [L/T]      0.00000E+00
 WatBalT  [L]        0.14524E-02
 WatBalR  [%]              0.010
----------------------------------------------------------

----------------------------------------------------------
 Time       [T]      149.0000
----------------------------------------------------------
 Sub-region num.                     1
----------------------------------------------------------
 Length   [L]        0.15000E+03  0.15000E+03
 W-volume [L]        0.17674E+02  0.17674E+02
 In-flow  [L/T]     -0.48436E-01 -0.48436E-01
 h Mean   [L]       -0.30894E+03 -0.30894E+03
 Top Flux [L/T]      0.46249E-06
 Bot Flux [L/T]      0.00000E+00
 WatBalT  [L]        0.42725E-03
 WatBalR  [%]              0.003
----------------------------------------------------------

----------------------------------------------------------
 Time       [T]      150.0000
----------------------------------------------------------
 Sub-region num.                     1
----------------------------------------------------------
 Length   [L]        0.15000E+03  0.15000E+03
 W-volume [L]        0.17630E+02  0.17630E+02
 In-flow  [L/T]     -0.42515E-01 -0.42515E-01
 h Mean   [L]       -0.31216E+03 -0.31216E+03
 Top Flux [L/T]     -0.95348E-06
 Bot Flux [L/T]      0.00000E+00
 WatBalT  [L]       -0.17366E-02
 WatBalR  [%]              0.012
----------------------------------------------------------

----------------------------------------------------------
 Time       [T]      151.0000
----------------------------------------------------------
 Sub-region num.                     1
----------------------------------------------------------
 Length   [L]        0.15000E+03  0.15000E+03
 W-volume [L]        0.17594E+02  0.17594E+02
 In-flow  [L/T]     -0.32270E-01 -0.32270E-01
 h Mean   [L]       -0.31420E+03 -0.31420E+03
 Top Flux [L/T]     -0.14872E-05
 Bot Flux [L/T]      0.00000E+00
 WatBalT  [L]       -0.57850E-02
 WatBalR  [%]              0.041
----------------------------------------------------------

----------------------------------------------------------
 Time       [T]      152.0000
----------------------------------------------------------
 Sub-region num.                     1
----------------------------------------------------------
 Length   [L]        0.15000E+03  0.15000E+03
 W-volume [L]        0.17551E+02  0.17551E+02
 In-flow  [L/T]     -0.53671E-01 -0.53671E-01
 h Mean   [L]       -0.31671E+03 -0.31671E+03
 Top Flux [L/T]     -0.13582E-05
 Bot Flux [L/T]      0.00000E+00
 WatBalT  [L]        0.16746E-01
 WatBalR  [%]              0.118
----------------------------------------------------------

----------------------------------------------------------
 Time       [T]      153.0000
----------------------------------------------------------
 Sub-region num.                     1
----------------------------------------------------------
 Length   [L]        0.15000E+03  0.15000E+03
 W-volume [L]        0.17496E+02  0.17496E+02
 In-flow  [L/T]     -0.33143E-01 -0.33143E-01
 h Mean   [L]       -0.31924E+03 -0.31924E+03
 Top Flux [L/T]     -0.64807E-06
 Bot Flux [L/T]      0.00000E+00
 WatBalT  [L]       -0.49000E-02
 WatBalR  [%]              0.034
----------------------------------------------------------

----------------------------------------------------------
 Time       [T]      154.0000
----------------------------------------------------------
 Sub-region num.                     1
----------------------------------------------------------
 Length   [L]        0.15000E+03  0.15000E+03
 W-volume [L]        0.17449E+02  0.17449E+02
 In-flow  [L/T]     -0.59314E-01 -0.59314E-01
 h Mean   [L]       -0.32185E+03 -0.32185E+03
 Top Flux [L/T]      0.70053E-06
 Bot Flux [L/T]      0.00000E+00
 WatBalT  [L]        0.74024E-02
 WatBalR  [%]              0.052
----------------------------------------------------------

----------------------------------------------------------
 Time       [T]      155.0000
----------------------------------------------------------
 Sub-region num.                     1
----------------------------------------------------------
 Length   [L]        0.15000E+03  0.15000E+03
 W-volume [L]        0.17367E+02  0.17367E+02
 In-flow  [L/T]     -0.10652E+00 -0.10652E+00
 h Mean   [L]       -0.32907E+03 -0.32907E+03
 Top Flux [L/T]      0.12297E-05
 Bot Flux [L/T]      0.00000E+00
 WatBalT  [L]        0.27223E-01
 WatBalR  [%]              0.189
----------------------------------------------------------

----------------------------------------------------------
 Time       [T]      156.0000
----------------------------------------------------------
 Sub-region num.                     1
----------------------------------------------------------
 Length   [L]        0.15000E+03  0.15000E+03
 W-volume [L]        0.17275E+02  0.17275E+02
 In-flow  [L/T]     -0.85667E-01 -0.85667E-01
 h Mean   [L]       -0.33742E+03 -0.33742E+03
 Top Flux [L/T]      0.36703E-06
 Bot Flux [L/T]      0.00000E+00
 WatBalT  [L]        0.18233E-01
 WatBalR  [%]              0.126
----------------------------------------------------------

----------------------------------------------------------
 Time       [T]      157.0000
----------------------------------------------------------
 Sub-region num.                     1
----------------------------------------------------------
 Length   [L]        0.15000E+03  0.15000E+03
 W-volume [L]        0.17201E+02  0.17201E+02
 In-flow  [L/T]     -0.67584E-01 -0.67584E-01
 h Mean   [L]       -0.34397E+03 -0.34397E+03
 Top Flux [L/T]     -0.55290E-06
 Bot Flux [L/T]      0.00000E+00
 WatBalT  [L]        0.10419E-01
 WatBalR  [%]              0.072
----------------------------------------------------------

----------------------------------------------------------
 Time       [T]      158.0000
----------------------------------------------------------
 Sub-region num.                     1
----------------------------------------------------------
 Length   [L]        0.15000E+03  0.15000E+03
 W-volume [L]        0.17132E+02  0.17132E+02
 In-flow  [L/T]     -0.73497E-01 -0.73497E-01
 h Mean   [L]       -0.35021E+03 -0.35021E+03
 Top Flux [L/T]     -0.11104E-05
 Bot Flux [L/T]      0.00000E+00
 WatBalT  [L]        0.12611E-01
 WatBalR  [%]              0.086
----------------------------------------------------------

----------------------------------------------------------
 Time       [T]      159.0000
----------------------------------------------------------
 Sub-region num.                     1
----------------------------------------------------------
 Length   [L]        0.15000E+03  0.15000E+03
 W-volume [L]        0.17073E+02  0.17073E+02
 In-flow  [L/T]     -0.49854E-01 -0.49854E-01
 h Mean   [L]       -0.35490E+03 -0.35490E+03
 Top Flux [L/T]     -0.14914E-05
 Bot Flux [L/T]      0.00000E+00
 WatBalT  [L]        0.24509E-02
 WatBalR  [%]              0.017
----------------------------------------------------------

----------------------------------------------------------
 Time       [T]      160.0000
----------------------------------------------------------
 Sub-region num.                     1
----------------------------------------------------------
 Length   [L]        0.15000E+03  0.15000E+03
 W-volume [L]        0.17031E+02  0.17031E+02
 In-flow  [L/T]     -0.34678E-01 -0.34678E-01
 h Mean   [L]       -0.35738E+03 -0.35738E+03
 Top Flux [L/T]     -0.16578E-05
 Bot Flux [L/T]      0.00000E+00
 WatBalT  [L]       -0.44947E-02
 WatBalR  [%]              0.031
----------------------------------------------------------

----------------------------------------------------------
 Time       [T]      161.0000
----------------------------------------------------------
 Sub-region num.                     1
----------------------------------------------------------
 Length   [L]        0.15000E+03  0.15000E+03
 W-volume [L]        0.16993E+02  0.16993E+02
 In-flow  [L/T]     -0.41984E-01 -0.41984E-01
 h Mean   [L]       -0.35960E+03 -0.35960E+03
 Top Flux [L/T]     -0.16384E-05
 Bot Flux [L/T]      0.00000E+00
 WatBalT  [L]       -0.11778E-02
 WatBalR  [%]              0.008
----------------------------------------------------------

----------------------------------------------------------
 Time       [T]      162.0000
----------------------------------------------------------
 Sub-region num.                     1
----------------------------------------------------------
 Length   [L]        0.15000E+03  0.15000E+03
 W-volume [L]        0.16943E+02  0.16943E+02
 In-flow  [L/T]     -0.58395E-01 -0.58395E-01
 h Mean   [L]       -0.36350E+03 -0.36350E+03
 Top Flux [L/T]     -0.15619E-05
 Bot Flux [L/T]      0.00000E+00
 WatBalT  [L]        0.58508E-02
 WatBalR  [%]              0.040
----------------------------------------------------------

----------------------------------------------------------
 Time       [T]      163.0000
----------------------------------------------------------
 Sub-region num.                     1
----------------------------------------------------------
 Length   [L]        0.15000E+03  0.15000E+03
 W-volume [L]        0.16889E+02  0.16889E+02
 In-flow  [L/T]     -0.53288E-01 -0.53288E-01
 h Mean   [L]       -0.36795E+03 -0.36795E+03
 Top Flux [L/T]     -0.15950E-05
 Bot Flux [L/T]      0.00000E+00
 WatBalT  [L]        0.36182E-02
 WatBalR  [%]              0.024
----------------------------------------------------------

----------------------------------------------------------
 Time       [T]      164.0000
----------------------------------------------------------
 Sub-region num.                     1
----------------------------------------------------------
 Length   [L]        0.15000E+03  0.15000E+03
 W-volume [L]        0.16837E+02  0.16837E+02
 In-flow  [L/T]     -0.52290E-01 -0.52290E-01
 h Mean   [L]       -0.37220E+03 -0.37220E+03
 Top Flux [L/T]     -0.16708E-05
 Bot Flux [L/T]      0.00000E+00
 WatBalT  [L]        0.31013E-02
 WatBalR  [%]              0.021
----------------------------------------------------------

----------------------------------------------------------
 Time       [T]      165.0000
----------------------------------------------------------
 Sub-region num.                     1
----------------------------------------------------------
 Length   [L]        0.15000E+03  0.15000E+03
 W-volume [L]        0.16789E+02  0.16789E+02
 In-flow  [L/T]     -0.46973E-01 -0.46973E-01
 h Mean   [L]       -0.37600E+03 -0.37600E+03
 Top Flux [L/T]     -0.17466E-05
 Bot Flux [L/T]      0.00000E+00
 WatBalT  [L]        0.79632E-03
 WatBalR  [%]              0.005
----------------------------------------------------------

----------------------------------------------------------
 Time       [T]      166.0000
----------------------------------------------------------
 Sub-region num.                     1
----------------------------------------------------------
 Length   [L]        0.15000E+03  0.15000E+03
 W-volume [L]        0.16750E+02  0.16750E+02
 In-flow  [L/T]     -0.31239E-01 -0.31239E-01
 h Mean   [L]       -0.37829E+03 -0.37829E+03
 Top Flux [L/T]     -0.17890E-05
 Bot Flux [L/T]      0.00000E+00
 WatBalT  [L]       -0.61836E-02
 WatBalR  [%]              0.041
----------------------------------------------------------

----------------------------------------------------------
 Time       [T]      167.0000
----------------------------------------------------------
 Sub-region num.                     1
----------------------------------------------------------
 Length   [L]        0.15000E+03  0.15000E+03
 W-volume [L]        0.16713E+02  0.16713E+02
 In-flow  [L/T]     -0.42527E-01 -0.42527E-01
 h Mean   [L]       -0.38071E+03 -0.38071E+03
 Top Flux [L/T]     -0.17982E-05
 Bot Flux [L/T]      0.00000E+00
 WatBalT  [L]       -0.12436E-02
 WatBalR  [%]              0.008
----------------------------------------------------------

----------------------------------------------------------
 Time       [T]      168.0000
----------------------------------------------------------
 Sub-region num.                     1
----------------------------------------------------------
 Length   [L]        0.15000E+03  0.15000E+03
 W-volume [L]        0.16674E+02  0.16674E+02
 In-flow  [L/T]     -0.37967E-01 -0.37967E-01
 h Mean   [L]       -0.38338E+03 -0.38338E+03
 Top Flux [L/T]     -0.17692E-05
 Bot Flux [L/T]      0.00000E+00
 WatBalT  [L]       -0.32492E-02
 WatBalR  [%]              0.022
----------------------------------------------------------

----------------------------------------------------------
 Time       [T]      169.0000
----------------------------------------------------------
 Sub-region num.                     1
----------------------------------------------------------
 Length   [L]        0.15000E+03  0.15000E+03
 W-volume [L]        0.16639E+02  0.16639E+02
 In-flow  [L/T]     -0.33213E-01 -0.33213E-01
 h Mean   [L]       -0.38549E+03 -0.38549E+03
 Top Flux [L/T]     -0.17165E-05
 Bot Flux [L/T]      0.00000E+00
 WatBalT  [L]       -0.53797E-02
 WatBalR  [%]              0.036
----------------------------------------------------------

----------------------------------------------------------
 Time       [T]      170.0000
----------------------------------------------------------
 Sub-region num.                     1
----------------------------------------------------------
 Length   [L]        0.15000E+03  0.15000E+03
 W-volume [L]        0.16602E+02  0.16602E+02
 In-flow  [L/T]     -0.39484E-01 -0.39484E-01
 h Mean   [L]       -0.38795E+03 -0.38795E+03
 Top Flux [L/T]     -0.16829E-05
 Bot Flux [L/T]      0.00000E+00
 WatBalT  [L]       -0.26999E-02
 WatBalR  [%]              0.018
----------------------------------------------------------

----------------------------------------------------------
 Time       [T]      171.0000
----------------------------------------------------------
 Sub-region num.                     1
----------------------------------------------------------
 Length   [L]        0.15000E+03  0.15000E+03
 W-volume [L]        0.16565E+02  0.16565E+02
 In-flow  [L/T]     -0.36115E-01 -0.36115E-01
 h Mean   [L]       -0.39053E+03 -0.39053E+03
 Top Flux [L/T]     -0.16398E-05
 Bot Flux [L/T]      0.00000E+00
 WatBalT  [L]       -0.41857E-02
 WatBalR  [%]              0.028
----------------------------------------------------------

----------------------------------------------------------
 Time       [T]      172.0000
----------------------------------------------------------
 Sub-region num.                     1
----------------------------------------------------------
 Length   [L]        0.15000E+03  0.15000E+03
 W-volume [L]        0.16533E+02  0.16533E+02
 In-flow  [L/T]     -0.29769E-01 -0.29769E-01
 h Mean   [L]       -0.39244E+03 -0.39244E+03
 Top Flux [L/T]     -0.16062E-05
 Bot Flux [L/T]      0.00000E+00
 WatBalT  [L]       -0.70105E-02
 WatBalR  [%]              0.046
----------------------------------------------------------

----------------------------------------------------------
 Time       [T]      173.0000
----------------------------------------------------------
 Sub-region num.                     1
----------------------------------------------------------
 Length   [L]        0.15000E+03  0.15000E+03
 W-volume [L]        0.16502E+02  0.16502E+02
 In-flow  [L/T]     -0.32342E-01 -0.32342E-01
 h Mean   [L]       -0.39427E+03 -0.39427E+03
 Top Flux [L/T]     -0.15584E-05
 Bot Flux [L/T]      0.00000E+00
 WatBalT  [L]       -0.59204E-02
 WatBalR  [%]              0.039
----------------------------------------------------------

----------------------------------------------------------
 Time       [T]      174.0000
----------------------------------------------------------
 Sub-region num.                     1
----------------------------------------------------------
 Length   [L]        0.15000E+03  0.15000E+03
 W-volume [L]        0.16472E+02  0.16472E+02
 In-flow  [L/T]     -0.27005E-01 -0.27005E-01
 h Mean   [L]       -0.39582E+03 -0.39582E+03
 Top Flux [L/T]     -0.15201E-05
 Bot Flux [L/T]      0.00000E+00
 WatBalT  [L]       -0.83256E-02
 WatBalR  [%]              0.055
----------------------------------------------------------

----------------------------------------------------------
 Time       [T]      175.0000
----------------------------------------------------------
 Sub-region num.                     1
----------------------------------------------------------
 Length   [L]        0.15000E+03  0.15000E+03
 W-volume [L]        0.16443E+02  0.16443E+02
 In-flow  [L/T]     -0.31030E-01 -0.31030E-01
 h Mean   [L]       -0.39750E+03 -0.39750E+03
 Top Flux [L/T]     -0.14676E-05
 Bot Flux [L/T]      0.00000E+00
 WatBalT  [L]       -0.65670E-02
 WatBalR  [%]              0.043
----------------------------------------------------------

----------------------------------------------------------
 Time       [T]      176.0000
----------------------------------------------------------
 Sub-region num.                     1
----------------------------------------------------------
 Length   [L]        0.15000E+03  0.15000E+03
 W-volume [L]        0.18442E+02  0.18442E+02
 In-flow  [L/T]      0.19104E+01  0.19104E+01
 h Mean   [L]       -0.27304E+03 -0.27304E+03
 Top Flux [L/T]     -0.21461E+01
 Bot Flux [L/T]      0.00000E+00
 WatBalT  [L]       -0.20113E-02
 WatBalR  [%]              0.011
----------------------------------------------------------

----------------------------------------------------------
 Time       [T]      177.0000
----------------------------------------------------------
 Sub-region num.                     1
----------------------------------------------------------
 Length   [L]        0.15000E+03  0.15000E+03
 W-volume [L]        0.19728E+02  0.19728E+02
 In-flow  [L/T]      0.12460E+01  0.12460E+01
 h Mean   [L]       -0.20439E+03 -0.20439E+03
 Top Flux [L/T]     -0.16562E+01
 Bot Flux [L/T]      0.00000E+00
 WatBalT  [L]        0.50793E-02
 WatBalR  [%]              0.026
----------------------------------------------------------

----------------------------------------------------------
 Time       [T]      178.0000
----------------------------------------------------------
 Sub-region num.                     1
----------------------------------------------------------
 Length   [L]        0.15000E+03  0.15000E+03
 W-volume [L]        0.21356E+02  0.21356E+02
 In-flow  [L/T]      0.16301E+01  0.16301E+01
 h Mean   [L]       -0.15533E+03 -0.15533E+03
 Top Flux [L/T]     -0.19665E+01
 Bot Flux [L/T]      0.00000E+00
 WatBalT  [L]        0.57220E-04
 WatBalR  [%]              0.000
----------------------------------------------------------

----------------------------------------------------------
 Time       [T]      179.0000
----------------------------------------------------------
 Sub-region num.                     1
----------------------------------------------------------
 Length   [L]        0.15000E+03  0.15000E+03
 W-volume [L]        0.21006E+02  0.21006E+02
 In-flow  [L/T]     -0.35057E+00 -0.35057E+00
 h Mean   [L]       -0.14264E+03 -0.14264E+03
 Top Flux [L/T]     -0.16992E-01
 Bot Flux [L/T]      0.00000E+00
 WatBalT  [L]        0.71239E-03
 WatBalR  [%]              0.003
----------------------------------------------------------

----------------------------------------------------------
 Time       [T]      180.0000
----------------------------------------------------------
 Sub-region num.                     1
----------------------------------------------------------
 Length   [L]        0.15000E+03  0.15000E+03
 W-volume [L]        0.23860E+02  0.23860E+02
 In-flow  [L/T]      0.28372E+01  0.28372E+01
 h Mean   [L]       -0.11124E+03 -0.11124E+03
 Top Flux [L/T]     -0.33031E+01
 Bot Flux [L/T]      0.00000E+00
 WatBalT  [L]        0.17536E-01
 WatBalR  [%]              0.067
----------------------------------------------------------

----------------------------------------------------------
 Time       [T]      181.0000
----------------------------------------------------------
 Sub-region num.                     1
----------------------------------------------------------
 Length   [L]        0.15000E+03  0.15000E+03
 W-volume [L]        0.23395E+02  0.23395E+02
 In-flow  [L/T]     -0.46487E+00 -0.46487E+00
 h Mean   [L]       -0.10203E+03 -0.10203E+03
 Top Flux [L/T]     -0.16992E-01
 Bot Flux [L/T]      0.00000E+00
 WatBalT  [L]        0.17076E-01
 WatBalR  [%]              0.064
----------------------------------------------------------

----------------------------------------------------------
 Time       [T]      182.0000
----------------------------------------------------------
 Sub-region num.                     1
----------------------------------------------------------
 Length   [L]        0.15000E+03  0.15000E+03
 W-volume [L]        0.26125E+02  0.26125E+02
 In-flow  [L/T]      0.27127E+01  0.27127E+01
 h Mean   [L]       -0.76524E+02 -0.76524E+02
 Top Flux [L/T]     -0.32992E+01
 Bot Flux [L/T]      0.00000E+00
 WatBalT  [L]        0.34862E-01
 WatBalR  [%]              0.114
----------------------------------------------------------

----------------------------------------------------------
 Time       [T]      183.0000
----------------------------------------------------------
 Sub-region num.                     1
----------------------------------------------------------
 Length   [L]        0.15000E+03  0.15000E+03
 W-volume [L]        0.25658E+02  0.25658E+02
 In-flow  [L/T]     -0.44963E+00 -0.44963E+00
 h Mean   [L]       -0.69783E+02 -0.69783E+02
 Top Flux [L/T]     -0.16244E-01
 Bot Flux [L/T]      0.00000E+00
 WatBalT  [L]        0.17394E-01
 WatBalR  [%]              0.056
----------------------------------------------------------

----------------------------------------------------------
 Time       [T]      184.0000
----------------------------------------------------------
 Sub-region num.                     1
----------------------------------------------------------
 Length   [L]        0.15000E+03  0.15000E+03
 W-volume [L]        0.27748E+02  0.27748E+02
 In-flow  [L/T]      0.21013E+01  0.21013E+01
 h Mean   [L]       -0.50163E+02 -0.50163E+02
 Top Flux [L/T]     -0.24737E+01
 Bot Flux [L/T]      0.00000E+00
 WatBalT  [L]        0.53635E-02
 WatBalR  [%]              0.016
----------------------------------------------------------

----------------------------------------------------------
 Time       [T]      185.0000
----------------------------------------------------------
 Sub-region num.                     1
----------------------------------------------------------
 Length   [L]        0.15000E+03  0.15000E+03
 W-volume [L]        0.27437E+02  0.27437E+02
 In-flow  [L/T]     -0.29976E+00 -0.29976E+00
 h Mean   [L]       -0.46642E+02 -0.46642E+02
 Top Flux [L/T]     -0.12673E-01
 Bot Flux [L/T]      0.00000E+00
 WatBalT  [L]       -0.55285E-02
 WatBalR  [%]              0.016
----------------------------------------------------------

----------------------------------------------------------
 Time       [T]      186.0000
----------------------------------------------------------
 Sub-region num.                     1
----------------------------------------------------------
 Length   [L]        0.15000E+03  0.15000E+03
 W-volume [L]        0.27075E+02  0.27075E+02
 In-flow  [L/T]     -0.39374E+00 -0.39374E+00
 h Mean   [L]       -0.48098E+02 -0.48098E+02
 Top Flux [L/T]     -0.10344E-01
 Bot Flux [L/T]      0.00000E+00
 WatBalT  [L]        0.25810E-01
 WatBalR  [%]              0.075
----------------------------------------------------------

----------------------------------------------------------
 Time       [T]      187.0000
----------------------------------------------------------
 Sub-region num.                     1
----------------------------------------------------------
 Length   [L]        0.15000E+03  0.15000E+03
 W-volume [L]        0.26681E+02  0.26681E+02
 In-flow  [L/T]     -0.39374E+00 -0.39374E+00
 h Mean   [L]       -0.51395E+02 -0.51395E+02
 Top Flux [L/T]     -0.83034E-02
 Bot Flux [L/T]      0.00000E+00
 WatBalT  [L]        0.25806E-01
 WatBalR  [%]              0.074
----------------------------------------------------------

----------------------------------------------------------
 Time       [T]      188.0000
----------------------------------------------------------
 Sub-region num.                     1
----------------------------------------------------------
 Length   [L]        0.15000E+03  0.15000E+03
 W-volume [L]        0.26278E+02  0.26278E+02
 In-flow  [L/T]     -0.41152E+00 -0.41152E+00
 h Mean   [L]       -0.55393E+02 -0.55393E+02
 Top Flux [L/T]     -0.76182E-02
 Bot Flux [L/T]      0.00000E+00
 WatBalT  [L]        0.34691E-01
 WatBalR  [%]              0.098
----------------------------------------------------------

----------------------------------------------------------
 Time       [T]      189.0000
----------------------------------------------------------
 Sub-region num.                     1
----------------------------------------------------------
 Length   [L]        0.15000E+03  0.15000E+03
 W-volume [L]        0.25859E+02  0.25859E+02
 In-flow  [L/T]     -0.42676E+00 -0.42676E+00
 h Mean   [L]       -0.60028E+02 -0.60028E+02
 Top Flux [L/T]     -0.72377E-02
 Bot Flux [L/T]      0.00000E+00
 WatBalT  [L]        0.42314E-01
 WatBalR  [%]              0.119
----------------------------------------------------------

----------------------------------------------------------
 Time       [T]      190.0000
----------------------------------------------------------
 Sub-region num.                     1
----------------------------------------------------------
 Length   [L]        0.15000E+03  0.15000E+03
 W-volume [L]        0.25413E+02  0.25413E+02
 In-flow  [L/T]     -0.46486E+00 -0.46486E+00
 h Mean   [L]       -0.65608E+02 -0.65608E+02
 Top Flux [L/T]     -0.78387E-02
 Bot Flux [L/T]      0.00000E+00
 WatBalT  [L]        0.61364E-01
 WatBalR  [%]              0.170
----------------------------------------------------------

----------------------------------------------------------
 Time       [T]      191.0000
----------------------------------------------------------
 Sub-region num.                     1
----------------------------------------------------------
 Length   [L]        0.15000E+03  0.15000E+03
 W-volume [L]        0.24971E+02  0.24971E+02
 In-flow  [L/T]     -0.41914E+00 -0.41914E+00
 h Mean   [L]       -0.71843E+02 -0.71843E+02
 Top Flux [L/T]     -0.68317E-02
 Bot Flux [L/T]      0.00000E+00
 WatBalT  [L]        0.38505E-01
 WatBalR  [%]              0.105
----------------------------------------------------------

----------------------------------------------------------
 Time       [T]      192.0000
----------------------------------------------------------
 Sub-region num.                     1
----------------------------------------------------------
 Length   [L]        0.15000E+03  0.15000E+03
 W-volume [L]        0.24597E+02  0.24597E+02
 In-flow  [L/T]     -0.33024E+00 -0.33024E+00
 h Mean   [L]       -0.77688E+02 -0.77688E+02
 Top Flux [L/T]     -0.49499E-02
 Bot Flux [L/T]      0.00000E+00
 WatBalT  [L]       -0.59533E-02
 WatBalR  [%]              0.016
----------------------------------------------------------

----------------------------------------------------------
 Time       [T]      193.0000
----------------------------------------------------------
 Sub-region num.                     1
----------------------------------------------------------
 Length   [L]        0.15000E+03  0.15000E+03
 W-volume [L]        0.24214E+02  0.24214E+02
 In-flow  [L/T]     -0.43438E+00 -0.43438E+00
 h Mean   [L]       -0.84703E+02 -0.84703E+02
 Top Flux [L/T]     -0.74115E-02
 Bot Flux [L/T]      0.00000E+00
 WatBalT  [L]        0.46123E-01
 WatBalR  [%]              0.124
----------------------------------------------------------

----------------------------------------------------------
 Time       [T]      194.0000
----------------------------------------------------------
 Sub-region num.                     1
----------------------------------------------------------
 Length   [L]        0.15000E+03  0.15000E+03
 W-volume [L]        0.25176E+02  0.25176E+02
 In-flow  [L/T]      0.96646E+00  0.96646E+00
 h Mean   [L]       -0.66805E+02 -0.66805E+02
 Top Flux [L/T]     -0.13458E+01
 Bot Flux [L/T]      0.00000E+00
 WatBalT  [L]        0.41607E-01
 WatBalR  [%]              0.106
----------------------------------------------------------

----------------------------------------------------------
 Time       [T]      195.0000
----------------------------------------------------------
 Sub-region num.                     1
----------------------------------------------------------
 Length   [L]        0.15000E+03  0.15000E+03
 W-volume [L]        0.26089E+02  0.26089E+02
 In-flow  [L/T]      0.91690E+00  0.91690E+00
 h Mean   [L]       -0.56870E+02 -0.56870E+02
 Top Flux [L/T]     -0.12635E+01
 Bot Flux [L/T]      0.00000E+00
 WatBalT  [L]        0.37538E-01
 WatBalR  [%]              0.092
----------------------------------------------------------

----------------------------------------------------------
 Time       [T]      196.0000
----------------------------------------------------------
 Sub-region num.                     1
----------------------------------------------------------
 Length   [L]        0.15000E+03  0.15000E+03
 W-volume [L]        0.26957E+02  0.26957E+02
 In-flow  [L/T]      0.85594E+00  0.85594E+00
 h Mean   [L]       -0.49584E+02 -0.49584E+02
 Top Flux [L/T]     -0.12666E+01
 Bot Flux [L/T]      0.00000E+00
 WatBalT  [L]        0.49736E-01
 WatBalR  [%]              0.117
----------------------------------------------------------

----------------------------------------------------------
 Time       [T]      197.0000
----------------------------------------------------------
 Sub-region num.                     1
----------------------------------------------------------
 Length   [L]        0.15000E+03  0.15000E+03
 W-volume [L]        0.27801E+02  0.27801E+02
 In-flow  [L/T]      0.83816E+00  0.83816E+00
 h Mean   [L]       -0.43347E+02 -0.43347E+02
 Top Flux [L/T]     -0.12680E+01
 Bot Flux [L/T]      0.00000E+00
 WatBalT  [L]        0.55662E-01
 WatBalR  [%]              0.126
----------------------------------------------------------

----------------------------------------------------------
 Time       [T]      198.0000
----------------------------------------------------------
 Sub-region num.                     1
----------------------------------------------------------
 Length   [L]        0.15000E+03  0.15000E+03
 W-volume [L]        0.28632E+02  0.28632E+02
 In-flow  [L/T]      0.81280E+00  0.81280E+00
 h Mean   [L]       -0.37690E+02 -0.37690E+02
 Top Flux [L/T]     -0.12791E+01
 Bot Flux [L/T]      0.00000E+00
 WatBalT  [L]        0.73442E-01
 WatBalR  [%]              0.160
----------------------------------------------------------

----------------------------------------------------------
 Time       [T]      199.0000
----------------------------------------------------------
 Sub-region num.                     1
----------------------------------------------------------
 Length   [L]        0.15000E+03  0.15000E+03
 W-volume [L]        0.30720E+02  0.30720E+02
 In-flow  [L/T]      0.20955E+01  0.20955E+01
 h Mean   [L]       -0.25203E+02 -0.25203E+02
 Top Flux [L/T]     -0.25373E+01
 Bot Flux [L/T]      0.00000E+00
 WatBalT  [L]        0.65821E-01
 WatBalR  [%]              0.135
----------------------------------------------------------

----------------------------------------------------------
 Time       [T]      200.0000
----------------------------------------------------------
 Sub-region num.                     1
----------------------------------------------------------
 Length   [L]        0.15000E+03  0.15000E+03
 W-volume [L]        0.30294E+02  0.30294E+02
 In-flow  [L/T]     -0.41914E+00 -0.41914E+00
 h Mean   [L]       -0.27450E+02 -0.27450E+02
 Top Flux [L/T]     -0.13393E-01
 Bot Flux [L/T]      0.00000E+00
 WatBalT  [L]        0.59470E-01
 WatBalR  [%]              0.121
----------------------------------------------------------

----------------------------------------------------------
 Time       [T]      201.0000
----------------------------------------------------------
 Sub-region num.                     1
----------------------------------------------------------
 Length   [L]        0.15000E+03  0.15000E+03
 W-volume [L]        0.31130E+02  0.31130E+02
 In-flow  [L/T]      0.83054E+00  0.83054E+00
 h Mean   [L]       -0.21981E+02 -0.21981E+02
 Top Flux [L/T]     -0.12655E+01
 Bot Flux [L/T]      0.00000E+00
 WatBalT  [L]        0.64547E-01
 WatBalR  [%]              0.127
----------------------------------------------------------

----------------------------------------------------------
 Time       [T]      202.0000
----------------------------------------------------------
 Sub-region num.                     1
----------------------------------------------------------
 Length   [L]        0.15000E+03  0.15000E+03
 W-volume [L]        0.30668E+02  0.30668E+02
 In-flow  [L/T]     -0.47248E+00 -0.47248E+00
 h Mean   [L]       -0.24347E+02 -0.24347E+02
 Top Flux [L/T]     -0.90857E-02
 Bot Flux [L/T]      0.00000E+00
 WatBalT  [L]        0.75552E-01
 WatBalR  [%]              0.147
----------------------------------------------------------

----------------------------------------------------------
 Time       [T]      203.0000
----------------------------------------------------------
 Sub-region num.                     1
----------------------------------------------------------
 Length   [L]        0.15000E+03  0.15000E+03
 W-volume [L]        0.30198E+02  0.30198E+02
 In-flow  [L/T]     -0.46740E+00 -0.46740E+00
 h Mean   [L]       -0.27765E+02 -0.27765E+02
 Top Flux [L/T]     -0.57981E-02
 Bot Flux [L/T]      0.00000E+00
 WatBalT  [L]        0.73010E-01
 WatBalR  [%]              0.141
----------------------------------------------------------

----------------------------------------------------------
 Time       [T]      204.0000
----------------------------------------------------------
 Sub-region num.                     1
----------------------------------------------------------
 Length   [L]        0.15000E+03  0.15000E+03
 W-volume [L]        0.29735E+02  0.29735E+02
 In-flow  [L/T]     -0.45978E+00 -0.45978E+00
 h Mean   [L]       -0.31180E+02 -0.31180E+02
 Top Flux [L/T]     -0.49203E-02
 Bot Flux [L/T]      0.00000E+00
 WatBalT  [L]        0.69203E-01
 WatBalR  [%]              0.132
----------------------------------------------------------

----------------------------------------------------------
 Time       [T]      205.0000
----------------------------------------------------------
 Sub-region num.                     1
----------------------------------------------------------
 Length   [L]        0.15000E+03  0.15000E+03
 W-volume [L]        0.29270E+02  0.29270E+02
 In-flow  [L/T]     -0.46994E+00 -0.46994E+00
 h Mean   [L]       -0.34574E+02 -0.34574E+02
 Top Flux [L/T]     -0.46185E-02
 Bot Flux [L/T]      0.00000E+00
 WatBalT  [L]        0.74285E-01
 WatBalR  [%]              0.141
----------------------------------------------------------

----------------------------------------------------------
 Time       [T]      206.0000
----------------------------------------------------------
 Sub-region num.                     1
----------------------------------------------------------
 Length   [L]        0.15000E+03  0.15000E+03
 W-volume [L]        0.28803E+02  0.28803E+02
 In-flow  [L/T]     -0.46486E+00 -0.46486E+00
 h Mean   [L]       -0.38017E+02 -0.38017E+02
 Top Flux [L/T]     -0.47613E-02
 Bot Flux [L/T]      0.00000E+00
 WatBalT  [L]        0.71748E-01
 WatBalR  [%]              0.135
----------------------------------------------------------

----------------------------------------------------------
 Time       [T]      207.0000
----------------------------------------------------------
 Sub-region num.                     1
----------------------------------------------------------
 Length   [L]        0.15000E+03  0.15000E+03
 W-volume [L]        0.28345E+02  0.28345E+02
 In-flow  [L/T]     -0.44962E+00 -0.44962E+00
 h Mean   [L]       -0.41512E+02 -0.41512E+02
 Top Flux [L/T]     -0.42284E-02
 Bot Flux [L/T]      0.00000E+00
 WatBalT  [L]        0.64123E-01
 WatBalR  [%]              0.119
----------------------------------------------------------

----------------------------------------------------------
 Time       [T]      208.0000
----------------------------------------------------------
 Sub-region num.                     1
----------------------------------------------------------
 Length   [L]        0.15000E+03  0.15000E+03
 W-volume [L]        0.27950E+02  0.27950E+02
 In-flow  [L/T]     -0.34040E+00 -0.34040E+00
 h Mean   [L]       -0.44564E+02 -0.44564E+02
 Top Flux [L/T]     -0.18959E-02
 Bot Flux [L/T]      0.00000E+00
 WatBalT  [L]        0.95155E-02
 WatBalR  [%]              0.018
----------------------------------------------------------

----------------------------------------------------------
 Time       [T]      209.0000
----------------------------------------------------------
 Sub-region num.                     1
----------------------------------------------------------
 Length   [L]        0.15000E+03  0.15000E+03
 W-volume [L]        0.27600E+02  0.27600E+02
 In-flow  [L/T]     -0.36072E+00 -0.36072E+00
 h Mean   [L]       -0.47333E+02 -0.47333E+02
 Top Flux [L/T]     -0.28086E-02
 Bot Flux [L/T]      0.00000E+00
 WatBalT  [L]        0.19673E-01
 WatBalR  [%]              0.036
----------------------------------------------------------

----------------------------------------------------------
 Time       [T]      210.0000
----------------------------------------------------------
 Sub-region num.                     1
----------------------------------------------------------
 Length   [L]        0.15000E+03  0.15000E+03
 W-volume [L]        0.27222E+02  0.27222E+02
 In-flow  [L/T]     -0.39374E+00 -0.39374E+00
 h Mean   [L]       -0.50607E+02 -0.50607E+02
 Top Flux [L/T]     -0.38431E-02
 Bot Flux [L/T]      0.00000E+00
 WatBalT  [L]        0.36184E-01
 WatBalR  [%]              0.066
----------------------------------------------------------

----------------------------------------------------------
 Time       [T]      211.0000
----------------------------------------------------------
 Sub-region num.                     1
----------------------------------------------------------
 Length   [L]        0.15000E+03  0.15000E+03
 W-volume [L]        0.26830E+02  0.26830E+02
 In-flow  [L/T]     -0.39120E+00 -0.39120E+00
 h Mean   [L]       -0.54255E+02 -0.54255E+02
 Top Flux [L/T]     -0.42275E-02
 Bot Flux [L/T]      0.00000E+00
 WatBalT  [L]        0.34917E-01
 WatBalR  [%]              0.063
----------------------------------------------------------

----------------------------------------------------------
 Time       [T]      212.0000
----------------------------------------------------------
 Sub-region num.                     1
----------------------------------------------------------
 Length   [L]        0.15000E+03  0.15000E+03
 W-volume [L]        0.26427E+02  0.26427E+02
 In-flow  [L/T]     -0.41406E+00 -0.41406E+00
 h Mean   [L]       -0.58405E+02 -0.58405E+02
 Top Flux [L/T]     -0.47411E-02
 Bot Flux [L/T]      0.00000E+00
 WatBalT  [L]        0.46348E-01
 WatBalR  [%]              0.083
----------------------------------------------------------

----------------------------------------------------------
 Time       [T]      213.0000
----------------------------------------------------------
 Sub-region num.                     1
----------------------------------------------------------
 Length   [L]        0.15000E+03  0.15000E+03
 W-volume [L]        0.26001E+02  0.26001E+02
 In-flow  [L/T]     -0.43946E+00 -0.43946E+00
 h Mean   [L]       -0.63317E+02 -0.63317E+02
 Top Flux [L/T]     -0.58177E-02
 Bot Flux [L/T]      0.00000E+00
 WatBalT  [L]        0.59046E-01
 WatBalR  [%]              0.105
----------------------------------------------------------

----------------------------------------------------------
 Time       [T]      214.0000
----------------------------------------------------------
 Sub-region num.                     1
----------------------------------------------------------
 Length   [L]        0.15000E+03  0.15000E+03
 W-volume [L]        0.25562E+02  0.25562E+02
 In-flow  [L/T]     -0.43692E+00 -0.43692E+00
 h Mean   [L]       -0.69119E+02 -0.69119E+02
 Top Flux [L/T]     -0.60927E-02
 Bot Flux [L/T]      0.00000E+00
 WatBalT  [L]        0.57777E-01
 WatBalR  [%]              0.102
----------------------------------------------------------

----------------------------------------------------------
 Time       [T]      215.0000
----------------------------------------------------------
 Sub-region num.                     1
----------------------------------------------------------
 Length   [L]        0.15000E+03  0.15000E+03
 W-volume [L]        0.25146E+02  0.25146E+02
 In-flow  [L/T]     -0.39628E+00 -0.39628E+00
 h Mean   [L]       -0.75298E+02 -0.75298E+02
 Top Flux [L/T]     -0.53459E-02
 Bot Flux [L/T]      0.00000E+00
 WatBalT  [L]        0.37458E-01
 WatBalR  [%]              0.066
----------------------------------------------------------

----------------------------------------------------------
 Time       [T]      216.0000
----------------------------------------------------------
 Sub-region num.                     1
----------------------------------------------------------
 Length   [L]        0.15000E+03  0.15000E+03
 W-volume [L]        0.24769E+02  0.24769E+02
 In-flow  [L/T]     -0.35818E+00 -0.35818E+00
 h Mean   [L]       -0.81430E+02 -0.81430E+02
 Top Flux [L/T]     -0.46492E-02
 Bot Flux [L/T]      0.00000E+00
 WatBalT  [L]        0.18412E-01
 WatBalR  [%]              0.032
----------------------------------------------------------

----------------------------------------------------------
 Time       [T]      217.0000
----------------------------------------------------------
 Sub-region num.                     1
----------------------------------------------------------
 Length   [L]        0.15000E+03  0.15000E+03
 W-volume [L]        0.24492E+02  0.24492E+02
 In-flow  [L/T]     -0.19562E+00 -0.19562E+00
 h Mean   [L]       -0.85527E+02 -0.85527E+02
 Top Flux [L/T]     -0.84962E-03
 Bot Flux [L/T]      0.00000E+00
 WatBalT  [L]       -0.62874E-01
 WatBalR  [%]              0.109
----------------------------------------------------------

----------------------------------------------------------
 Time       [T]      218.0000
----------------------------------------------------------
 Sub-region num.                     1
----------------------------------------------------------
 Length   [L]        0.15000E+03  0.15000E+03
 W-volume [L]        0.24319E+02  0.24319E+02
 In-flow  [L/T]     -0.14990E+00 -0.14990E+00
 h Mean   [L]       -0.86807E+02 -0.86807E+02
 Top Flux [L/T]      0.79771E-03
 Bot Flux [L/T]      0.00000E+00
 WatBalT  [L]       -0.85725E-01
 WatBalR  [%]              0.149
----------------------------------------------------------

----------------------------------------------------------
 Time       [T]      219.0000
----------------------------------------------------------
 Sub-region num.                     1
----------------------------------------------------------
 Length   [L]        0.15000E+03  0.15000E+03
 W-volume [L]        0.24074E+02  0.24074E+02
 In-flow  [L/T]     -0.34040E+00 -0.34040E+00
 h Mean   [L]       -0.90749E+02 -0.90749E+02
 Top Flux [L/T]     -0.38572E-02
 Bot Flux [L/T]      0.00000E+00
 WatBalT  [L]        0.95205E-02
 WatBalR  [%]              0.016
----------------------------------------------------------

----------------------------------------------------------
 Time       [T]      220.0000
----------------------------------------------------------
 Sub-region num.                     1
----------------------------------------------------------
 Length   [L]        0.15000E+03  0.15000E+03
 W-volume [L]        0.23726E+02  0.23726E+02
 In-flow  [L/T]     -0.35564E+00 -0.35564E+00
 h Mean   [L]       -0.98796E+02 -0.98796E+02
 Top Flux [L/T]     -0.52379E-02
 Bot Flux [L/T]      0.00000E+00
 WatBalT  [L]        0.17137E-01
 WatBalR  [%]              0.029
----------------------------------------------------------

----------------------------------------------------------
 Time       [T]      221.0000
----------------------------------------------------------
 Sub-region num.                     1
----------------------------------------------------------
 Length   [L]        0.15000E+03  0.15000E+03
 W-volume [L]        0.23345E+02  0.23345E+02
 In-flow  [L/T]     -0.40605E+00 -0.40605E+00
 h Mean   [L]       -0.11019E+03 -0.11019E+03
 Top Flux [L/T]     -0.69948E-02
 Bot Flux [L/T]      0.00000E+00
 WatBalT  [L]        0.38687E-01
 WatBalR  [%]              0.066
----------------------------------------------------------

----------------------------------------------------------
 Time       [T]      222.0000
----------------------------------------------------------
 Sub-region num.                     1
----------------------------------------------------------
 Length   [L]        0.15000E+03  0.15000E+03
 W-volume [L]        0.22929E+02  0.22929E+02
 In-flow  [L/T]     -0.43216E+00 -0.43216E+00
 h Mean   [L]       -0.12682E+03 -0.12682E+03
 Top Flux [L/T]     -0.67224E-02
 Bot Flux [L/T]      0.00000E+00
 WatBalT  [L]        0.44773E-01
 WatBalR  [%]              0.076
----------------------------------------------------------

----------------------------------------------------------
 Time       [T]      223.0000
----------------------------------------------------------
 Sub-region num.                     1
----------------------------------------------------------
 Length   [L]        0.15000E+03  0.15000E+03
 W-volume [L]        0.22553E+02  0.22553E+02
 In-flow  [L/T]     -0.34267E+00 -0.34267E+00
 h Mean   [L]       -0.14513E+03 -0.14513E+03
 Top Flux [L/T]     -0.45883E-02
 Bot Flux [L/T]      0.00000E+00
 WatBalT  [L]        0.10471E-02
 WatBalR  [%]              0.002
----------------------------------------------------------

----------------------------------------------------------
 Time       [T]      224.0000
----------------------------------------------------------
 Sub-region num.                     1
----------------------------------------------------------
 Length   [L]        0.15000E+03  0.15000E+03
 W-volume [L]        0.22282E+02  0.22282E+02
 In-flow  [L/T]     -0.21695E+00 -0.21695E+00
 h Mean   [L]       -0.15794E+03 -0.15794E+03
 Top Flux [L/T]     -0.26120E-02
 Bot Flux [L/T]      0.00000E+00
 WatBalT  [L]       -0.55957E-01
 WatBalR  [%]              0.094
----------------------------------------------------------

----------------------------------------------------------
 Time       [T]      225.0000
----------------------------------------------------------
 Sub-region num.                     1
----------------------------------------------------------
 Length   [L]        0.15000E+03  0.15000E+03
 W-volume [L]        0.22048E+02  0.22048E+02
 In-flow  [L/T]     -0.25922E+00 -0.25922E+00
 h Mean   [L]       -0.16841E+03 -0.16841E+03
 Top Flux [L/T]     -0.16674E-02
 Bot Flux [L/T]      0.00000E+00
 WatBalT  [L]       -0.37078E-01
 WatBalR  [%]              0.062
----------------------------------------------------------

----------------------------------------------------------
 Time       [T]      226.0000
----------------------------------------------------------
 Sub-region num.                     1
----------------------------------------------------------
 Length   [L]        0.15000E+03  0.15000E+03
 W-volume [L]        0.21790E+02  0.21790E+02
 In-flow  [L/T]     -0.26875E+00 -0.26875E+00
 h Mean   [L]       -0.18039E+03 -0.18039E+03
 Top Flux [L/T]     -0.11040E-02
 Bot Flux [L/T]      0.00000E+00
 WatBalT  [L]       -0.33245E-01
 WatBalR  [%]              0.055
----------------------------------------------------------

----------------------------------------------------------
 Time       [T]      227.0000
----------------------------------------------------------
 Sub-region num.                     1
----------------------------------------------------------
 Length   [L]        0.15000E+03  0.15000E+03
 W-volume [L]        0.21535E+02  0.21535E+02
 In-flow  [L/T]     -0.25583E+00 -0.25583E+00
 h Mean   [L]       -0.19218E+03 -0.19218E+03
 Top Flux [L/T]     -0.66322E-03
 Bot Flux [L/T]      0.00000E+00
 WatBalT  [L]       -0.39232E-01
 WatBalR  [%]              0.065
----------------------------------------------------------

----------------------------------------------------------
 Time       [T]      228.0000
----------------------------------------------------------
 Sub-region num.                     1
----------------------------------------------------------
 Length   [L]        0.15000E+03  0.15000E+03
 W-volume [L]        0.21324E+02  0.21324E+02
 In-flow  [L/T]     -0.17944E+00 -0.17944E+00
 h Mean   [L]       -0.20077E+03 -0.20077E+03
 Top Flux [L/T]     -0.31280E-03
 Bot Flux [L/T]      0.00000E+00
 WatBalT  [L]       -0.73205E-01
 WatBalR  [%]              0.121
----------------------------------------------------------

----------------------------------------------------------
 Time       [T]      229.0000
----------------------------------------------------------
 Sub-region num.                     1
----------------------------------------------------------
 Length   [L]        0.15000E+03  0.15000E+03
 W-volume [L]        0.21123E+02  0.21123E+02
 In-flow  [L/T]     -0.22596E+00 -0.22596E+00
 h Mean   [L]       -0.20881E+03 -0.20881E+03
 Top Flux [L/T]     -0.15749E-03
 Bot Flux [L/T]      0.00000E+00
 WatBalT  [L]       -0.52656E-01
 WatBalR  [%]              0.087
----------------------------------------------------------

----------------------------------------------------------
 Time       [T]      230.0000
----------------------------------------------------------
 Sub-region num.                     1
----------------------------------------------------------
 Length   [L]        0.15000E+03  0.15000E+03
 W-volume [L]        0.20891E+02  0.20891E+02
 In-flow  [L/T]     -0.24881E+00 -0.24881E+00
 h Mean   [L]       -0.21981E+03 -0.21981E+03
 Top Flux [L/T]     -0.83870E-04
 Bot Flux [L/T]      0.00000E+00
 WatBalT  [L]       -0.43771E-01
 WatBalR  [%]              0.072
----------------------------------------------------------

----------------------------------------------------------
 Time       [T]      231.0000
----------------------------------------------------------
 Sub-region num.                     1
----------------------------------------------------------
 Length   [L]        0.15000E+03  0.15000E+03
 W-volume [L]        0.20708E+02  0.20708E+02
 In-flow  [L/T]     -0.13120E+00 -0.13120E+00
 h Mean   [L]       -0.22696E+03 -0.22696E+03
 Top Flux [L/T]     -0.25855E-04
 Bot Flux [L/T]      0.00000E+00
 WatBalT  [L]       -0.95654E-01
 WatBalR  [%]              0.156
----------------------------------------------------------

----------------------------------------------------------
 Time       [T]      232.0000
----------------------------------------------------------
 Sub-region num.                     1
----------------------------------------------------------
 Length   [L]        0.15000E+03  0.15000E+03
 W-volume [L]        0.20588E+02  0.20588E+02
 In-flow  [L/T]     -0.11036E+00 -0.11036E+00
 h Mean   [L]       -0.22908E+03 -0.22908E+03
 Top Flux [L/T]     -0.72834E-05
 Bot Flux [L/T]      0.00000E+00
 WatBalT  [L]       -0.10537E+00
 WatBalR  [%]              0.172
----------------------------------------------------------

----------------------------------------------------------
 Time       [T]      233.0000
----------------------------------------------------------
 Sub-region num.                     1
----------------------------------------------------------
 Length   [L]        0.15000E+03  0.15000E+03
 W-volume [L]        0.20505E+02  0.20505E+02
 In-flow  [L/T]     -0.55521E-01 -0.55521E-01
 h Mean   [L]       -0.22815E+03 -0.22815E+03
 Top Flux [L/T]      0.25575E-05
 Bot Flux [L/T]      0.00000E+00
 WatBalT  [L]       -0.13203E+00
 WatBalR  [%]              0.215
----------------------------------------------------------

----------------------------------------------------------
 Time       [T]      234.0000
----------------------------------------------------------
 Sub-region num.                     1
----------------------------------------------------------
 Length   [L]        0.15000E+03  0.15000E+03
 W-volume [L]        0.20396E+02  0.20396E+02
 In-flow  [L/T]     -0.16100E+00 -0.16100E+00
 h Mean   [L]       -0.23000E+03 -0.23000E+03
 Top Flux [L/T]     -0.19257E-05
 Bot Flux [L/T]      0.00000E+00
 WatBalT  [L]       -0.82360E-01
 WatBalR  [%]              0.134
----------------------------------------------------------

----------------------------------------------------------
 Time       [T]      235.0000
----------------------------------------------------------
 Sub-region num.                     1
----------------------------------------------------------
 Length   [L]        0.15000E+03  0.15000E+03
 W-volume [L]        0.20234E+02  0.20234E+02
 In-flow  [L/T]     -0.16772E+00 -0.16772E+00
 h Mean   [L]       -0.23690E+03 -0.23690E+03
 Top Flux [L/T]     -0.64290E-05
 Bot Flux [L/T]      0.00000E+00
 WatBalT  [L]       -0.79665E-01
 WatBalR  [%]              0.129
----------------------------------------------------------

----------------------------------------------------------
 Time       [T]      236.0000
----------------------------------------------------------
 Sub-region num.                     1
----------------------------------------------------------
 Length   [L]        0.15000E+03  0.15000E+03
 W-volume [L]        0.20081E+02  0.20081E+02
 In-flow  [L/T]     -0.14358E+00 -0.14358E+00
 h Mean   [L]       -0.24348E+03 -0.24348E+03
 Top Flux [L/T]     -0.49367E-05
 Bot Flux [L/T]      0.00000E+00
 WatBalT  [L]       -0.90780E-01
 WatBalR  [%]              0.147
----------------------------------------------------------

----------------------------------------------------------
 Time       [T]      237.0000
----------------------------------------------------------
 Sub-region num.                     1
----------------------------------------------------------
 Length   [L]        0.15000E+03  0.15000E+03
 W-volume [L]        0.19956E+02  0.19956E+02
 In-flow  [L/T]     -0.10989E+00 -0.10989E+00
 h Mean   [L]       -0.24781E+03 -0.24781E+03
 Top Flux [L/T]     -0.25248E-05
 Bot Flux [L/T]      0.00000E+00
 WatBalT  [L]       -0.10624E+00
 WatBalR  [%]              0.171
----------------------------------------------------------

----------------------------------------------------------
 Time       [T]      238.0000
----------------------------------------------------------
 Sub-region num.                     1
----------------------------------------------------------
 Length   [L]        0.15000E+03  0.15000E+03
 W-volume [L]        0.19834E+02  0.19834E+02
 In-flow  [L/T]     -0.13477E+00 -0.13477E+00
 h Mean   [L]       -0.25242E+03 -0.25242E+03
 Top Flux [L/T]     -0.21849E-05
 Bot Flux [L/T]      0.00000E+00
 WatBalT  [L]       -0.95094E-01
 WatBalR  [%]              0.153
----------------------------------------------------------

----------------------------------------------------------
 Time       [T]      239.0000
----------------------------------------------------------
 Sub-region num.                     1
----------------------------------------------------------
 Length   [L]        0.15000E+03  0.15000E+03
 W-volume [L]        0.19712E+02  0.19712E+02
 In-flow  [L/T]     -0.11395E+00 -0.11395E+00
 h Mean   [L]       -0.25711E+03 -0.25711E+03
 Top Flux [L/T]     -0.25760E-05
 Bot Flux [L/T]      0.00000E+00
 WatBalT  [L]       -0.10464E+00
 WatBalR  [%]              0.168
----------------------------------------------------------

----------------------------------------------------------
 Time       [T]      240.0000
----------------------------------------------------------
 Sub-region num.                     1
----------------------------------------------------------
 Length   [L]        0.15000E+03  0.15000E+03
 W-volume [L]        0.19603E+02  0.19603E+02
 In-flow  [L/T]     -0.10432E+00 -0.10432E+00
 h Mean   [L]       -0.26077E+03 -0.26077E+03
 Top Flux [L/T]     -0.22791E-05
 Bot Flux [L/T]      0.00000E+00
 WatBalT  [L]       -0.10911E+00
 WatBalR  [%]              0.175
----------------------------------------------------------

----------------------------------------------------------
 Time       [T]      241.0000
----------------------------------------------------------
 Sub-region num.                     1
----------------------------------------------------------
 Length   [L]        0.15000E+03  0.15000E+03
 W-volume [L]        0.19490E+02  0.19490E+02
 In-flow  [L/T]     -0.12337E+00 -0.12337E+00
 h Mean   [L]       -0.26528E+03 -0.26528E+03
 Top Flux [L/T]     -0.22068E-05
 Bot Flux [L/T]      0.00000E+00
 WatBalT  [L]       -0.10067E+00
 WatBalR  [%]              0.161
----------------------------------------------------------

----------------------------------------------------------
 Time       [T]      242.0000
----------------------------------------------------------
 Sub-region num.                     1
----------------------------------------------------------
 Length   [L]        0.15000E+03  0.15000E+03
 W-volume [L]        0.19362E+02  0.19362E+02
 In-flow  [L/T]     -0.13653E+00 -0.13653E+00
 h Mean   [L]       -0.27147E+03 -0.27147E+03
 Top Flux [L/T]     -0.25166E-05
 Bot Flux [L/T]      0.00000E+00
 WatBalT  [L]       -0.95181E-01
 WatBalR  [%]              0.152
----------------------------------------------------------

----------------------------------------------------------
 Time       [T]      243.0000
----------------------------------------------------------
 Sub-region num.                     1
----------------------------------------------------------
 Length   [L]        0.15000E+03  0.15000E+03
 W-volume [L]        0.19243E+02  0.19243E+02
 In-flow  [L/T]     -0.10770E+00 -0.10770E+00
 h Mean   [L]       -0.27691E+03 -0.27691E+03
 Top Flux [L/T]     -0.27926E-05
 Bot Flux [L/T]      0.00000E+00
 WatBalT  [L]       -0.10807E+00
 WatBalR  [%]              0.172
----------------------------------------------------------

----------------------------------------------------------
 Time       [T]      244.0000
----------------------------------------------------------
 Sub-region num.                     1
----------------------------------------------------------
 Length   [L]        0.15000E+03  0.15000E+03
 W-volume [L]        0.19187E+02  0.19187E+02
 In-flow  [L/T]     -0.68217E-02 -0.68217E-02
 h Mean   [L]       -0.27649E+03 -0.27649E+03
 Top Flux [L/T]     -0.27725E-05
 Bot Flux [L/T]      0.00000E+00
 WatBalT  [L]       -0.10462E+00
 WatBalR  [%]              0.167
----------------------------------------------------------

----------------------------------------------------------
 Time       [T]      245.0000
----------------------------------------------------------
 Sub-region num.                     1
----------------------------------------------------------
 Length   [L]        0.15000E+03  0.15000E+03
 W-volume [L]        0.16004E+02  0.16004E+02
 In-flow  [L/T]     -0.62530E+01 -0.62530E+01
 h Mean   [L]       -0.39328E+03 -0.39328E+03
 Top Flux [L/T]     -0.37971E-05
 Bot Flux [L/T]      0.00000E+00
 WatBalT  [L]        0.14025E+01
 WatBalR  [%]              2.080
----------------------------------------------------------

----------------------------------------------------------
 Time       [T]      246.0000
----------------------------------------------------------
 Sub-region num.                     1
----------------------------------------------------------
 Length   [L]        0.15000E+03  0.15000E+03
 W-volume [L]        0.13659E+02  0.13659E+02
 In-flow  [L/T]     -0.15631E+01 -0.15631E+01
 h Mean   [L]       -0.63859E+03 -0.63859E+03
 Top Flux [L/T]     -0.51866E-05
 Bot Flux [L/T]      0.00000E+00
 WatBalT  [L]        0.23004E+00
 WatBalR  [%]              0.335
----------------------------------------------------------

----------------------------------------------------------
 Time       [T]      247.0000
----------------------------------------------------------
 Sub-region num.                     1
----------------------------------------------------------
 Length   [L]        0.15000E+03  0.15000E+03
 W-volume [L]        0.13073E+02  0.13073E+02
 In-flow  [L/T]     -0.39062E+00 -0.39062E+00
 h Mean   [L]       -0.75808E+03 -0.75808E+03
 Top Flux [L/T]     -0.47881E-05
 Bot Flux [L/T]      0.00000E+00
 WatBalT  [L]       -0.63084E-01
 WatBalR  [%]              0.092
----------------------------------------------------------

----------------------------------------------------------
 Time       [T]      248.0000
----------------------------------------------------------
 Sub-region num.                     1
----------------------------------------------------------
 Length   [L]        0.15000E+03  0.15000E+03
 W-volume [L]        0.12927E+02  0.12927E+02
 In-flow  [L/T]     -0.97430E-01 -0.97430E-01
 h Mean   [L]       -0.79544E+03 -0.79544E+03
 Top Flux [L/T]     -0.41523E-05
 Bot Flux [L/T]      0.00000E+00
 WatBalT  [L]       -0.13647E+00
 WatBalR  [%]              0.198
----------------------------------------------------------

----------------------------------------------------------
 Time       [T]      249.0000
----------------------------------------------------------
 Sub-region num.                     1
----------------------------------------------------------
 Length   [L]        0.15000E+03  0.15000E+03
 W-volume [L]        0.12891E+02  0.12891E+02
 In-flow  [L/T]     -0.23857E-01 -0.23857E-01
 h Mean   [L]       -0.80721E+03 -0.80721E+03
 Top Flux [L/T]     -0.36887E-05
 Bot Flux [L/T]      0.00000E+00
 WatBalT  [L]       -0.15516E+00
 WatBalR  [%]              0.225
----------------------------------------------------------

----------------------------------------------------------
 Time       [T]      250.0000
----------------------------------------------------------
 Sub-region num.                     1
----------------------------------------------------------
 Length   [L]        0.15000E+03  0.15000E+03
 W-volume [L]        0.12885E+02  0.12885E+02
 In-flow  [L/T]     -0.29460E-03 -0.29460E-03
 h Mean   [L]       -0.80916E+03 -0.80916E+03
 Top Flux [L/T]     -0.33731E-05
 Bot Flux [L/T]      0.00000E+00
 WatBalT  [L]       -0.16067E+00
 WatBalR  [%]              0.233
----------------------------------------------------------

----------------------------------------------------------
 Time       [T]      251.0000
----------------------------------------------------------
 Sub-region num.                     1
----------------------------------------------------------
 Length   [L]        0.15000E+03  0.15000E+03
 W-volume [L]        0.12885E+02  0.12885E+02
 In-flow  [L/T]     -0.32216E-04 -0.32216E-04
 h Mean   [L]       -0.80927E+03 -0.80927E+03
 Top Flux [L/T]     -0.31578E-05
 Bot Flux [L/T]      0.00000E+00
 WatBalT  [L]       -0.16067E+00
 WatBalR  [%]              0.233
----------------------------------------------------------

----------------------------------------------------------
 Time       [T]      252.0000
----------------------------------------------------------
 Sub-region num.                     1
----------------------------------------------------------
 Length   [L]        0.15000E+03  0.15000E+03
 W-volume [L]        0.12885E+02  0.12885E+02
 In-flow  [L/T]     -0.31903E-04 -0.31903E-04
 h Mean   [L]       -0.80930E+03 -0.80930E+03
 Top Flux [L/T]     -0.29760E-05
 Bot Flux [L/T]      0.00000E+00
 WatBalT  [L]       -0.16065E+00
 WatBalR  [%]              0.233
----------------------------------------------------------

----------------------------------------------------------
 Time       [T]      253.0000
----------------------------------------------------------
 Sub-region num.                     1
----------------------------------------------------------
 Length   [L]        0.15000E+03  0.15000E+03
 W-volume [L]        0.12885E+02  0.12885E+02
 In-flow  [L/T]     -0.32052E-04 -0.32052E-04
 h Mean   [L]       -0.80932E+03 -0.80932E+03
 Top Flux [L/T]     -0.28324E-05
 Bot Flux [L/T]      0.00000E+00
 WatBalT  [L]       -0.16062E+00
 WatBalR  [%]              0.233
----------------------------------------------------------

----------------------------------------------------------
 Time       [T]      254.0000
----------------------------------------------------------
 Sub-region num.                     1
----------------------------------------------------------
 Length   [L]        0.15000E+03  0.15000E+03
 W-volume [L]        0.12885E+02  0.12885E+02
 In-flow  [L/T]     -0.31933E-04 -0.31933E-04
 h Mean   [L]       -0.80936E+03 -0.80936E+03
 Top Flux [L/T]     -0.27032E-05
 Bot Flux [L/T]      0.00000E+00
 WatBalT  [L]       -0.16067E+00
 WatBalR  [%]              0.233
----------------------------------------------------------

----------------------------------------------------------
 Time       [T]      255.0000
----------------------------------------------------------
 Sub-region num.                     1
----------------------------------------------------------
 Length   [L]        0.15000E+03  0.15000E+03
 W-volume [L]        0.12885E+02  0.12885E+02
 In-flow  [L/T]     -0.13441E-03 -0.13441E-03
 h Mean   [L]       -0.80941E+03 -0.80941E+03
 Top Flux [L/T]     -0.25978E-05
 Bot Flux [L/T]      0.00000E+00
 WatBalT  [L]       -0.16067E+00
 WatBalR  [%]              0.233
----------------------------------------------------------

----------------------------------------------------------
 Time       [T]      256.0000
----------------------------------------------------------
 Sub-region num.                     1
----------------------------------------------------------
 Length   [L]        0.15000E+03  0.15000E+03
 W-volume [L]        0.12885E+02  0.12885E+02
 In-flow  [L/T]     -0.34183E-04 -0.34183E-04
 h Mean   [L]       -0.80942E+03 -0.80942E+03
 Top Flux [L/T]     -0.24926E-05
 Bot Flux [L/T]      0.00000E+00
 WatBalT  [L]       -0.16063E+00
 WatBalR  [%]              0.233
----------------------------------------------------------

----------------------------------------------------------
 Time       [T]      257.0000
----------------------------------------------------------
 Sub-region num.                     1
----------------------------------------------------------
 Length   [L]        0.15000E+03  0.15000E+03
 W-volume [L]        0.12885E+02  0.12885E+02
 In-flow  [L/T]     -0.31278E-04 -0.31278E-04
 h Mean   [L]       -0.80945E+03 -0.80945E+03
 Top Flux [L/T]     -0.23969E-05
 Bot Flux [L/T]      0.00000E+00
 WatBalT  [L]       -0.16064E+00
 WatBalR  [%]              0.233
----------------------------------------------------------

----------------------------------------------------------
 Time       [T]      258.0000
----------------------------------------------------------
 Sub-region num.                     1
----------------------------------------------------------
 Length   [L]        0.15000E+03  0.15000E+03
 W-volume [L]        0.12885E+02  0.12885E+02
 In-flow  [L/T]     -0.31620E-04 -0.31620E-04
 h Mean   [L]       -0.80948E+03 -0.80948E+03
 Top Flux [L/T]     -0.23298E-05
 Bot Flux [L/T]      0.00000E+00
 WatBalT  [L]       -0.16060E+00
 WatBalR  [%]              0.233
----------------------------------------------------------

----------------------------------------------------------
 Time       [T]      259.0000
----------------------------------------------------------
 Sub-region num.                     1
----------------------------------------------------------
 Length   [L]        0.15000E+03  0.15000E+03
 W-volume [L]        0.12885E+02  0.12885E+02
 In-flow  [L/T]     -0.31173E-04 -0.31173E-04
 h Mean   [L]       -0.80953E+03 -0.80953E+03
 Top Flux [L/T]     -0.22438E-05
 Bot Flux [L/T]      0.00000E+00
 WatBalT  [L]       -0.16067E+00
 WatBalR  [%]              0.233
----------------------------------------------------------

----------------------------------------------------------
 Time       [T]      260.0000
----------------------------------------------------------
 Sub-region num.                     1
----------------------------------------------------------
 Length   [L]        0.15000E+03  0.15000E+03
 W-volume [L]        0.12885E+02  0.12885E+02
 In-flow  [L/T]     -0.67219E-04 -0.67219E-04
 h Mean   [L]       -0.80955E+03 -0.80955E+03
 Top Flux [L/T]     -0.21720E-05
 Bot Flux [L/T]      0.00000E+00
 WatBalT  [L]       -0.16067E+00
 WatBalR  [%]              0.233
----------------------------------------------------------

----------------------------------------------------------
 Time       [T]      261.0000
----------------------------------------------------------
 Sub-region num.                     1
----------------------------------------------------------
 Length   [L]        0.15000E+03  0.15000E+03
 W-volume [L]        0.12884E+02  0.12884E+02
 In-flow  [L/T]     -0.20000E-03 -0.20000E-03
 h Mean   [L]       -0.80961E+03 -0.80961E+03
 Top Flux [L/T]     -0.21098E-05
 Bot Flux [L/T]      0.00000E+00
 WatBalT  [L]       -0.16067E+00
 WatBalR  [%]              0.233
----------------------------------------------------------

----------------------------------------------------------
 Time       [T]      262.0000
----------------------------------------------------------
 Sub-region num.                     1
----------------------------------------------------------
 Length   [L]        0.15000E+03  0.15000E+03
 W-volume [L]        0.12884E+02  0.12884E+02
 In-flow  [L/T]     -0.30875E-04 -0.30875E-04
 h Mean   [L]       -0.80962E+03 -0.80962E+03
 Top Flux [L/T]     -0.20477E-05
 Bot Flux [L/T]      0.00000E+00
 WatBalT  [L]       -0.16067E+00
 WatBalR  [%]              0.233
----------------------------------------------------------

----------------------------------------------------------
 Time       [T]      263.0000
----------------------------------------------------------
 Sub-region num.                     1
----------------------------------------------------------
 Length   [L]        0.15000E+03  0.15000E+03
 W-volume [L]        0.12884E+02  0.12884E+02
 In-flow  [L/T]     -0.12578E-03 -0.12578E-03
 h Mean   [L]       -0.80966E+03 -0.80966E+03
 Top Flux [L/T]     -0.19950E-05
 Bot Flux [L/T]      0.00000E+00
 WatBalT  [L]       -0.16067E+00
 WatBalR  [%]              0.233
----------------------------------------------------------

----------------------------------------------------------
 Time       [T]      264.0000
----------------------------------------------------------
 Sub-region num.                     1
----------------------------------------------------------
 Length   [L]        0.15000E+03  0.15000E+03
 W-volume [L]        0.12884E+02  0.12884E+02
 In-flow  [L/T]     -0.38996E-04 -0.38996E-04
 h Mean   [L]       -0.80968E+03 -0.80968E+03
 Top Flux [L/T]     -0.19519E-05
 Bot Flux [L/T]      0.00000E+00
 WatBalT  [L]       -0.16066E+00
 WatBalR  [%]              0.233
----------------------------------------------------------

----------------------------------------------------------
 Time       [T]      265.0000
----------------------------------------------------------
 Sub-region num.                     1
----------------------------------------------------------
 Length   [L]        0.15000E+03  0.15000E+03
 W-volume [L]        0.12884E+02  0.12884E+02
 In-flow  [L/T]     -0.61363E-04 -0.61363E-04
 h Mean   [L]       -0.80971E+03 -0.80971E+03
 Top Flux [L/T]     -0.19041E-05
 Bot Flux [L/T]      0.00000E+00
 WatBalT  [L]       -0.16066E+00
 WatBalR  [%]              0.233
----------------------------------------------------------

----------------------------------------------------------
 Time       [T]      266.0000
----------------------------------------------------------
 Sub-region num.                     1
----------------------------------------------------------
 Length   [L]        0.15000E+03  0.15000E+03
 W-volume [L]        0.12884E+02  0.12884E+02
 In-flow  [L/T]     -0.17472E-03 -0.17472E-03
 h Mean   [L]       -0.80976E+03 -0.80976E+03
 Top Flux [L/T]     -0.18516E-05
 Bot Flux [L/T]      0.00000E+00
 WatBalT  [L]       -0.16068E+00
 WatBalR  [%]              0.233
----------------------------------------------------------

----------------------------------------------------------
 Time       [T]      267.0000
----------------------------------------------------------
 Sub-region num.                     1
----------------------------------------------------------
 Length   [L]        0.15000E+03  0.15000E+03
 W-volume [L]        0.12884E+02  0.12884E+02
 In-flow  [L/T]     -0.30279E-04 -0.30279E-04
 h Mean   [L]       -0.80977E+03 -0.80977E+03
 Top Flux [L/T]     -0.18133E-05
 Bot Flux [L/T]      0.00000E+00
 WatBalT  [L]       -0.16064E+00
 WatBalR  [%]              0.233
----------------------------------------------------------

----------------------------------------------------------
 Time       [T]      268.0000
----------------------------------------------------------
 Sub-region num.                     1
----------------------------------------------------------
 Length   [L]        0.15000E+03  0.15000E+03
 W-volume [L]        0.12884E+02  0.12884E+02
 In-flow  [L/T]     -0.29504E-04 -0.29504E-04
 h Mean   [L]       -0.80980E+03 -0.80980E+03
 Top Flux [L/T]     -0.17797E-05
 Bot Flux [L/T]      0.00000E+00
 WatBalT  [L]       -0.16061E+00
 WatBalR  [%]              0.233
----------------------------------------------------------

----------------------------------------------------------
 Time       [T]      269.0000
----------------------------------------------------------
 Sub-region num.                     1
----------------------------------------------------------
 Length   [L]        0.15000E+03  0.15000E+03
 W-volume [L]        0.12884E+02  0.12884E+02
 In-flow  [L/T]     -0.29996E-04 -0.29996E-04
 h Mean   [L]       -0.80984E+03 -0.80984E+03
 Top Flux [L/T]     -0.17368E-05
 Bot Flux [L/T]      0.00000E+00
 WatBalT  [L]       -0.16067E+00
 WatBalR  [%]              0.233
----------------------------------------------------------

----------------------------------------------------------
 Time       [T]      270.0000
----------------------------------------------------------
 Sub-region num.                     1
----------------------------------------------------------
 Length   [L]        0.15000E+03  0.15000E+03
 W-volume [L]        0.12884E+02  0.12884E+02
 In-flow  [L/T]     -0.10410E-03 -0.10410E-03
 h Mean   [L]       -0.80988E+03 -0.80988E+03
 Top Flux [L/T]     -0.16986E-05
 Bot Flux [L/T]      0.00000E+00
 WatBalT  [L]       -0.16067E+00
 WatBalR  [%]              0.233
----------------------------------------------------------

----------------------------------------------------------
 Time       [T]      271.0000
----------------------------------------------------------
 Sub-region num.                     1
----------------------------------------------------------
 Length   [L]        0.15000E+03  0.15000E+03
 W-volume [L]        0.12884E+02  0.12884E+02
 In-flow  [L/T]     -0.13036E-03 -0.13036E-03
 h Mean   [L]       -0.80992E+03 -0.80992E+03
 Top Flux [L/T]     -0.16651E-05
 Bot Flux [L/T]      0.00000E+00
 WatBalT  [L]       -0.16067E+00
 WatBalR  [%]              0.233
----------------------------------------------------------

----------------------------------------------------------
 Time       [T]      272.0000
----------------------------------------------------------
 Sub-region num.                     1
----------------------------------------------------------
 Length   [L]        0.15000E+03  0.15000E+03
 W-volume [L]        0.12884E+02  0.12884E+02
 In-flow  [L/T]     -0.38445E-04 -0.38445E-04
 h Mean   [L]       -0.80993E+03 -0.80993E+03
 Top Flux [L/T]     -0.16364E-05
 Bot Flux [L/T]      0.00000E+00
 WatBalT  [L]       -0.16064E+00
 WatBalR  [%]              0.233
----------------------------------------------------------

----------------------------------------------------------
 Time       [T]      273.0000
----------------------------------------------------------
 Sub-region num.                     1
----------------------------------------------------------
 Length   [L]        0.15000E+03  0.15000E+03
 W-volume [L]        0.12884E+02  0.12884E+02
 In-flow  [L/T]     -0.29281E-04 -0.29281E-04
 h Mean   [L]       -0.80996E+03 -0.80996E+03
 Top Flux [L/T]     -0.16124E-05
 Bot Flux [L/T]      0.00000E+00
 WatBalT  [L]       -0.16065E+00
 WatBalR  [%]              0.233
----------------------------------------------------------

----------------------------------------------------------
 Time       [T]      274.0000
----------------------------------------------------------
 Sub-region num.                     1
----------------------------------------------------------
 Length   [L]        0.15000E+03  0.15000E+03
 W-volume [L]        0.12861E+02  0.12861E+02
 In-flow  [L/T]     -0.22889E-01 -0.22889E-01
 h Mean   [L]       -0.81844E+03 -0.81844E+03
 Top Flux [L/T]      0.13825E-01
 Bot Flux [L/T]      0.00000E+00
 WatBalT  [L]       -0.16067E+00
 WatBalR  [%]              0.233
----------------------------------------------------------

----------------------------------------------------------
 Time       [T]      275.0000
----------------------------------------------------------
 Sub-region num.                     1
----------------------------------------------------------
 Length   [L]        0.15000E+03  0.15000E+03
 W-volume [L]        0.12748E+02  0.12748E+02
 In-flow  [L/T]     -0.30759E-01 -0.30759E-01
 h Mean   [L]       -0.42307E+04 -0.42307E+04
 Top Flux [L/T]      0.30731E-01
 Bot Flux [L/T]      0.00000E+00
 WatBalT  [L]       -0.16067E+00
 WatBalR  [%]              0.232
----------------------------------------------------------

----------------------------------------------------------
 Time       [T]      276.0000
----------------------------------------------------------
 Sub-region num.                     1
----------------------------------------------------------
 Length   [L]        0.15000E+03  0.15000E+03
 W-volume [L]        0.12726E+02  0.12726E+02
 In-flow  [L/T]     -0.17780E-01 -0.17780E-01
 h Mean   [L]       -0.42562E+04 -0.42562E+04
 Top Flux [L/T]      0.17752E-01
 Bot Flux [L/T]      0.00000E+00
 WatBalT  [L]       -0.16067E+00
 WatBalR  [%]              0.232
----------------------------------------------------------

----------------------------------------------------------
 Time       [T]      277.0000
----------------------------------------------------------
 Sub-region num.                     1
----------------------------------------------------------
 Length   [L]        0.15000E+03  0.15000E+03
 W-volume [L]        0.12711E+02  0.12711E+02
 In-flow  [L/T]     -0.14094E-01 -0.14094E-01
 h Mean   [L]       -0.42744E+04 -0.42744E+04
 Top Flux [L/T]      0.14065E-01
 Bot Flux [L/T]      0.00000E+00
 WatBalT  [L]       -0.16067E+00
 WatBalR  [%]              0.232
----------------------------------------------------------

----------------------------------------------------------
 Time       [T]      278.0000
----------------------------------------------------------
 Sub-region num.                     1
----------------------------------------------------------
 Length   [L]        0.15000E+03  0.15000E+03
 W-volume [L]        0.12699E+02  0.12699E+02
 In-flow  [L/T]     -0.11342E-01 -0.11342E-01
 h Mean   [L]       -0.42865E+04 -0.42865E+04
 Top Flux [L/T]      0.11313E-01
 Bot Flux [L/T]      0.00000E+00
 WatBalT  [L]       -0.16067E+00
 WatBalR  [%]              0.232
----------------------------------------------------------

----------------------------------------------------------
 Time       [T]      279.0000
----------------------------------------------------------
 Sub-region num.                     1
----------------------------------------------------------
 Length   [L]        0.15000E+03  0.15000E+03
 W-volume [L]        0.12689E+02  0.12689E+02
 In-flow  [L/T]     -0.99181E-02 -0.99181E-02
 h Mean   [L]       -0.42975E+04 -0.42975E+04
 Top Flux [L/T]      0.98896E-02
 Bot Flux [L/T]      0.00000E+00
 WatBalT  [L]       -0.16067E+00
 WatBalR  [%]              0.232
----------------------------------------------------------

----------------------------------------------------------
 Time       [T]      280.0000
----------------------------------------------------------
 Sub-region num.                     1
----------------------------------------------------------
 Length   [L]        0.15000E+03  0.15000E+03
 W-volume [L]        0.12680E+02  0.12680E+02
 In-flow  [L/T]     -0.89858E-02 -0.89858E-02
 h Mean   [L]       -0.43076E+04 -0.43076E+04
 Top Flux [L/T]      0.89574E-02
 Bot Flux [L/T]      0.00000E+00
 WatBalT  [L]       -0.16067E+00
 WatBalR  [%]              0.232
----------------------------------------------------------

----------------------------------------------------------
 Time       [T]      281.0000
----------------------------------------------------------
 Sub-region num.                     1
----------------------------------------------------------
 Length   [L]        0.15000E+03  0.15000E+03
 W-volume [L]        0.12671E+02  0.12671E+02
 In-flow  [L/T]     -0.81160E-02 -0.81160E-02
 h Mean   [L]       -0.43159E+04 -0.43159E+04
 Top Flux [L/T]      0.80876E-02
 Bot Flux [L/T]      0.00000E+00
 WatBalT  [L]       -0.16067E+00
 WatBalR  [%]              0.232
----------------------------------------------------------

----------------------------------------------------------
 Time       [T]      282.0000
----------------------------------------------------------
 Sub-region num.                     1
----------------------------------------------------------
 Length   [L]        0.15000E+03  0.15000E+03
 W-volume [L]        0.12664E+02  0.12664E+02
 In-flow  [L/T]     -0.75185E-02 -0.75185E-02
 h Mean   [L]       -0.43235E+04 -0.43235E+04
 Top Flux [L/T]      0.74908E-02
 Bot Flux [L/T]      0.00000E+00
 WatBalT  [L]       -0.16067E+00
 WatBalR  [%]              0.232
----------------------------------------------------------

----------------------------------------------------------
 Time       [T]      283.0000
----------------------------------------------------------
 Sub-region num.                     1
----------------------------------------------------------
 Length   [L]        0.15000E+03  0.15000E+03
 W-volume [L]        0.12657E+02  0.12657E+02
 In-flow  [L/T]     -0.70347E-02 -0.70347E-02
 h Mean   [L]       -0.43305E+04 -0.43305E+04
 Top Flux [L/T]      0.70069E-02
 Bot Flux [L/T]      0.00000E+00
 WatBalT  [L]       -0.16067E+00
 WatBalR  [%]              0.232
----------------------------------------------------------

----------------------------------------------------------
 Time       [T]      284.0000
----------------------------------------------------------
 Sub-region num.                     1
----------------------------------------------------------
 Length   [L]        0.15000E+03  0.15000E+03
 W-volume [L]        0.12650E+02  0.12650E+02
 In-flow  [L/T]     -0.66170E-02 -0.66170E-02
 h Mean   [L]       -0.43369E+04 -0.43369E+04
 Top Flux [L/T]      0.65889E-02
 Bot Flux [L/T]      0.00000E+00
 WatBalT  [L]       -0.16067E+00
 WatBalR  [%]              0.232
----------------------------------------------------------

----------------------------------------------------------
 Time       [T]      285.0000
----------------------------------------------------------
 Sub-region num.                     1
----------------------------------------------------------
 Length   [L]        0.15000E+03  0.15000E+03
 W-volume [L]        0.12644E+02  0.12644E+02
 In-flow  [L/T]     -0.62525E-02 -0.62525E-02
 h Mean   [L]       -0.43429E+04 -0.43429E+04
 Top Flux [L/T]      0.62249E-02
 Bot Flux [L/T]      0.00000E+00
 WatBalT  [L]       -0.16067E+00
 WatBalR  [%]              0.232
----------------------------------------------------------

----------------------------------------------------------
 Time       [T]      286.0000
----------------------------------------------------------
 Sub-region num.                     1
----------------------------------------------------------
 Length   [L]        0.15000E+03  0.15000E+03
 W-volume [L]        0.12638E+02  0.12638E+02
 In-flow  [L/T]     -0.59294E-02 -0.59294E-02
 h Mean   [L]       -0.43485E+04 -0.43485E+04
 Top Flux [L/T]      0.59017E-02
 Bot Flux [L/T]      0.00000E+00
 WatBalT  [L]       -0.16067E+00
 WatBalR  [%]              0.232
----------------------------------------------------------

----------------------------------------------------------
 Time       [T]      287.0000
----------------------------------------------------------
 Sub-region num.                     1
----------------------------------------------------------
 Length   [L]        0.15000E+03  0.15000E+03
 W-volume [L]        0.12632E+02  0.12632E+02
 In-flow  [L/T]     -0.56378E-02 -0.56378E-02
 h Mean   [L]       -0.43539E+04 -0.43539E+04
 Top Flux [L/T]      0.56101E-02
 Bot Flux [L/T]      0.00000E+00
 WatBalT  [L]       -0.16067E+00
 WatBalR  [%]              0.232
----------------------------------------------------------

----------------------------------------------------------
 Time       [T]      288.0000
----------------------------------------------------------
 Sub-region num.                     1
----------------------------------------------------------
 Length   [L]        0.15000E+03  0.15000E+03
 W-volume [L]        0.12626E+02  0.12626E+02
 In-flow  [L/T]     -0.54169E-02 -0.54169E-02
 h Mean   [L]       -0.43590E+04 -0.43590E+04
 Top Flux [L/T]      0.53897E-02
 Bot Flux [L/T]      0.00000E+00
 WatBalT  [L]       -0.16067E+00
 WatBalR  [%]              0.232
----------------------------------------------------------

----------------------------------------------------------
 Time       [T]      289.0000
----------------------------------------------------------
 Sub-region num.                     1
----------------------------------------------------------
 Length   [L]        0.15000E+03  0.15000E+03
 W-volume [L]        0.12621E+02  0.12621E+02
 In-flow  [L/T]     -0.52152E-02 -0.52152E-02
 h Mean   [L]       -0.43636E+04 -0.43636E+04
 Top Flux [L/T]      0.51882E-02
 Bot Flux [L/T]      0.00000E+00
 WatBalT  [L]       -0.16067E+00
 WatBalR  [%]              0.232
----------------------------------------------------------

----------------------------------------------------------
 Time       [T]      290.0000
----------------------------------------------------------
 Sub-region num.                     1
----------------------------------------------------------
 Length   [L]        0.15000E+03  0.15000E+03
 W-volume [L]        0.12616E+02  0.12616E+02
 In-flow  [L/T]     -0.50470E-02 -0.50470E-02
 h Mean   [L]       -0.43681E+04 -0.43681E+04
 Top Flux [L/T]      0.50198E-02
 Bot Flux [L/T]      0.00000E+00
 WatBalT  [L]       -0.16067E+00
 WatBalR  [%]              0.232
----------------------------------------------------------

----------------------------------------------------------
 Time       [T]      291.0000
----------------------------------------------------------
 Sub-region num.                     1
----------------------------------------------------------
 Length   [L]        0.15000E+03  0.15000E+03
 W-volume [L]        0.12611E+02  0.12611E+02
 In-flow  [L/T]     -0.48857E-02 -0.48857E-02
 h Mean   [L]       -0.43726E+04 -0.43726E+04
 Top Flux [L/T]      0.48588E-02
 Bot Flux [L/T]      0.00000E+00
 WatBalT  [L]       -0.16067E+00
 WatBalR  [%]              0.232
----------------------------------------------------------

----------------------------------------------------------
 Time       [T]      292.0000
----------------------------------------------------------
 Sub-region num.                     1
----------------------------------------------------------
 Length   [L]        0.15000E+03  0.15000E+03
 W-volume [L]        0.12606E+02  0.12606E+02
 In-flow  [L/T]     -0.47289E-02 -0.47289E-02
 h Mean   [L]       -0.43770E+04 -0.43770E+04
 Top Flux [L/T]      0.47019E-02
 Bot Flux [L/T]      0.00000E+00
 WatBalT  [L]       -0.16067E+00
 WatBalR  [%]              0.232
----------------------------------------------------------

----------------------------------------------------------
 Time       [T]      293.0000
----------------------------------------------------------
 Sub-region num.                     1
----------------------------------------------------------
 Length   [L]        0.15000E+03  0.15000E+03
 W-volume [L]        0.12602E+02  0.12602E+02
 In-flow  [L/T]     -0.45897E-02 -0.45897E-02
 h Mean   [L]       -0.43812E+04 -0.43812E+04
 Top Flux [L/T]      0.45624E-02
 Bot Flux [L/T]      0.00000E+00
 WatBalT  [L]       -0.16067E+00
 WatBalR  [%]              0.232
----------------------------------------------------------

----------------------------------------------------------
 Time       [T]      294.0000
----------------------------------------------------------
 Sub-region num.                     1
----------------------------------------------------------
 Length   [L]        0.15000E+03  0.15000E+03
 W-volume [L]        0.12597E+02  0.12597E+02
 In-flow  [L/T]     -0.44628E-02 -0.44628E-02
 h Mean   [L]       -0.43852E+04 -0.43852E+04
 Top Flux [L/T]      0.44363E-02
 Bot Flux [L/T]      0.00000E+00
 WatBalT  [L]       -0.16067E+00
 WatBalR  [%]              0.232
----------------------------------------------------------

----------------------------------------------------------
 Time       [T]      295.0000
----------------------------------------------------------
 Sub-region num.                     1
----------------------------------------------------------
 Length   [L]        0.15000E+03  0.15000E+03
 W-volume [L]        0.12593E+02  0.12593E+02
 In-flow  [L/T]     -0.43470E-02 -0.43470E-02
 h Mean   [L]       -0.43891E+04 -0.43891E+04
 Top Flux [L/T]      0.43204E-02
 Bot Flux [L/T]      0.00000E+00
 WatBalT  [L]       -0.16068E+00
 WatBalR  [%]              0.232
----------------------------------------------------------

----------------------------------------------------------
 Time       [T]      296.0000
----------------------------------------------------------
 Sub-region num.                     1
----------------------------------------------------------
 Length   [L]        0.15000E+03  0.15000E+03
 W-volume [L]        0.12589E+02  0.12589E+02
 In-flow  [L/T]     -0.42397E-02 -0.42397E-02
 h Mean   [L]       -0.43928E+04 -0.43928E+04
 Top Flux [L/T]      0.42133E-02
 Bot Flux [L/T]      0.00000E+00
 WatBalT  [L]       -0.16067E+00
 WatBalR  [%]              0.232
----------------------------------------------------------

----------------------------------------------------------
 Time       [T]      297.0000
----------------------------------------------------------
 Sub-region num.                     1
----------------------------------------------------------
 Length   [L]        0.15000E+03  0.15000E+03
 W-volume [L]        0.12584E+02  0.12584E+02
 In-flow  [L/T]     -0.41405E-02 -0.41405E-02
 h Mean   [L]       -0.43965E+04 -0.43965E+04
 Top Flux [L/T]      0.41142E-02
 Bot Flux [L/T]      0.00000E+00
 WatBalT  [L]       -0.16067E+00
 WatBalR  [%]              0.232
----------------------------------------------------------

----------------------------------------------------------
 Time       [T]      298.0000
----------------------------------------------------------
 Sub-region num.                     1
----------------------------------------------------------
 Length   [L]        0.15000E+03  0.15000E+03
 W-volume [L]        0.12580E+02  0.12580E+02
 In-flow  [L/T]     -0.40482E-02 -0.40482E-02
 h Mean   [L]       -0.43999E+04 -0.43999E+04
 Top Flux [L/T]      0.40222E-02
 Bot Flux [L/T]      0.00000E+00
 WatBalT  [L]       -0.16068E+00
 WatBalR  [%]              0.232
----------------------------------------------------------

----------------------------------------------------------
 Time       [T]      299.0000
----------------------------------------------------------
 Sub-region num.                     1
----------------------------------------------------------
 Length   [L]        0.15000E+03  0.15000E+03
 W-volume [L]        0.12576E+02  0.12576E+02
 In-flow  [L/T]     -0.39626E-02 -0.39626E-02
 h Mean   [L]       -0.44033E+04 -0.44033E+04
 Top Flux [L/T]      0.39363E-02
 Bot Flux [L/T]      0.00000E+00
 WatBalT  [L]       -0.16067E+00
 WatBalR  [%]              0.232
----------------------------------------------------------

----------------------------------------------------------
 Time       [T]      300.0000
----------------------------------------------------------
 Sub-region num.                     1
----------------------------------------------------------
 Length   [L]        0.15000E+03  0.15000E+03
 W-volume [L]        0.12572E+02  0.12572E+02
 In-flow  [L/T]     -0.38814E-02 -0.38814E-02
 h Mean   [L]       -0.44065E+04 -0.44065E+04
 Top Flux [L/T]      0.38553E-02
 Bot Flux [L/T]      0.00000E+00
 WatBalT  [L]       -0.16067E+00
 WatBalR  [%]              0.232
----------------------------------------------------------

----------------------------------------------------------
 Time       [T]      301.0000
----------------------------------------------------------
 Sub-region num.                     1
----------------------------------------------------------
 Length   [L]        0.15000E+03  0.15000E+03
 W-volume [L]        0.12569E+02  0.12569E+02
 In-flow  [L/T]     -0.38042E-02 -0.38042E-02
 h Mean   [L]       -0.44097E+04 -0.44097E+04
 Top Flux [L/T]      0.37785E-02
 Bot Flux [L/T]      0.00000E+00
 WatBalT  [L]       -0.16067E+00
 WatBalR  [%]              0.232
----------------------------------------------------------

----------------------------------------------------------
 Time       [T]      302.0000
----------------------------------------------------------
 Sub-region num.                     1
----------------------------------------------------------
 Length   [L]        0.15000E+03  0.15000E+03
 W-volume [L]        0.12565E+02  0.12565E+02
 In-flow  [L/T]     -0.37308E-02 -0.37308E-02
 h Mean   [L]       -0.44128E+04 -0.44128E+04
 Top Flux [L/T]      0.37050E-02
 Bot Flux [L/T]      0.00000E+00
 WatBalT  [L]       -0.16067E+00
 WatBalR  [%]              0.232
----------------------------------------------------------

----------------------------------------------------------
 Time       [T]      303.0000
----------------------------------------------------------
 Sub-region num.                     1
----------------------------------------------------------
 Length   [L]        0.15000E+03  0.15000E+03
 W-volume [L]        0.12561E+02  0.12561E+02
 In-flow  [L/T]     -0.36605E-02 -0.36605E-02
 h Mean   [L]       -0.44159E+04 -0.44159E+04
 Top Flux [L/T]      0.36345E-02
 Bot Flux [L/T]      0.00000E+00
 WatBalT  [L]       -0.16067E+00
 WatBalR  [%]              0.232
----------------------------------------------------------

----------------------------------------------------------
 Time       [T]      304.0000
----------------------------------------------------------
 Sub-region num.                     1
----------------------------------------------------------
 Length   [L]        0.15000E+03  0.15000E+03
 W-volume [L]        0.12558E+02  0.12558E+02
 In-flow  [L/T]     -0.35917E-02 -0.35917E-02
 h Mean   [L]       -0.44189E+04 -0.44189E+04
 Top Flux [L/T]      0.35665E-02
 Bot Flux [L/T]      0.00000E+00
 WatBalT  [L]       -0.16067E+00
 WatBalR  [%]              0.232
----------------------------------------------------------

----------------------------------------------------------
 Time       [T]      305.0000
----------------------------------------------------------
 Sub-region num.                     1
----------------------------------------------------------
 Length   [L]        0.15000E+03  0.15000E+03
 W-volume [L]        0.12554E+02  0.12554E+02
 In-flow  [L/T]     -0.35264E-02 -0.35264E-02
 h Mean   [L]       -0.44218E+04 -0.44218E+04
 Top Flux [L/T]      0.35010E-02
 Bot Flux [L/T]      0.00000E+00
 WatBalT  [L]       -0.16068E+00
 WatBalR  [%]              0.232
----------------------------------------------------------

----------------------------------------------------------
 Time       [T]      306.0000
----------------------------------------------------------
 Sub-region num.                     1
----------------------------------------------------------
 Length   [L]        0.15000E+03  0.15000E+03
 W-volume [L]        0.12551E+02  0.12551E+02
 In-flow  [L/T]     -0.34632E-02 -0.34632E-02
 h Mean   [L]       -0.44247E+04 -0.44247E+04
 Top Flux [L/T]      0.34378E-02
 Bot Flux [L/T]      0.00000E+00
 WatBalT  [L]       -0.16067E+00
 WatBalR  [%]              0.232
----------------------------------------------------------

----------------------------------------------------------
 Time       [T]      307.0000
----------------------------------------------------------
 Sub-region num.                     1
----------------------------------------------------------
 Length   [L]        0.15000E+03  0.15000E+03
 W-volume [L]        0.12547E+02  0.12547E+02
 In-flow  [L/T]     -0.34020E-02 -0.34020E-02
 h Mean   [L]       -0.44275E+04 -0.44275E+04
 Top Flux [L/T]      0.33767E-02
 Bot Flux [L/T]      0.00000E+00
 WatBalT  [L]       -0.16068E+00
 WatBalR  [%]              0.232
----------------------------------------------------------

----------------------------------------------------------
 Time       [T]      308.0000
----------------------------------------------------------
 Sub-region num.                     1
----------------------------------------------------------
 Length   [L]        0.15000E+03  0.15000E+03
 W-volume [L]        0.12544E+02  0.12544E+02
 In-flow  [L/T]     -0.33426E-02 -0.33426E-02
 h Mean   [L]       -0.44303E+04 -0.44303E+04
 Top Flux [L/T]      0.33176E-02
 Bot Flux [L/T]      0.00000E+00
 WatBalT  [L]       -0.16068E+00
 WatBalR  [%]              0.232
----------------------------------------------------------

----------------------------------------------------------
 Time       [T]      309.0000
----------------------------------------------------------
 Sub-region num.                     1
----------------------------------------------------------
 Length   [L]        0.15000E+03  0.15000E+03
 W-volume [L]        0.12541E+02  0.12541E+02
 In-flow  [L/T]     -0.32853E-02 -0.32853E-02
 h Mean   [L]       -0.44330E+04 -0.44330E+04
 Top Flux [L/T]      0.32604E-02
 Bot Flux [L/T]      0.00000E+00
 WatBalT  [L]       -0.16068E+00
 WatBalR  [%]              0.232
----------------------------------------------------------

----------------------------------------------------------
 Time       [T]      310.0000
----------------------------------------------------------
 Sub-region num.                     1
----------------------------------------------------------
 Length   [L]        0.15000E+03  0.15000E+03
 W-volume [L]        0.12537E+02  0.12537E+02
 In-flow  [L/T]     -0.32299E-02 -0.32299E-02
 h Mean   [L]       -0.44357E+04 -0.44357E+04
 Top Flux [L/T]      0.32049E-02
 Bot Flux [L/T]      0.00000E+00
 WatBalT  [L]       -0.16067E+00
 WatBalR  [%]              0.232
----------------------------------------------------------

----------------------------------------------------------
 Time       [T]      311.0000
----------------------------------------------------------
 Sub-region num.                     1
----------------------------------------------------------
 Length   [L]        0.15000E+03  0.15000E+03
 W-volume [L]        0.12534E+02  0.12534E+02
 In-flow  [L/T]     -0.31758E-02 -0.31758E-02
 h Mean   [L]       -0.44383E+04 -0.44383E+04
 Top Flux [L/T]      0.31510E-02
 Bot Flux [L/T]      0.00000E+00
 WatBalT  [L]       -0.16067E+00
 WatBalR  [%]              0.232
----------------------------------------------------------

----------------------------------------------------------
 Time       [T]      312.0000
----------------------------------------------------------
 Sub-region num.                     1
----------------------------------------------------------
 Length   [L]        0.15000E+03  0.15000E+03
 W-volume [L]        0.12531E+02  0.12531E+02
 In-flow  [L/T]     -0.31315E-02 -0.31315E-02
 h Mean   [L]       -0.44409E+04 -0.44409E+04
 Top Flux [L/T]      0.31070E-02
 Bot Flux [L/T]      0.00000E+00
 WatBalT  [L]       -0.16067E+00
 WatBalR  [%]              0.232
----------------------------------------------------------

----------------------------------------------------------
 Time       [T]      313.0000
----------------------------------------------------------
 Sub-region num.                     1
----------------------------------------------------------
 Length   [L]        0.15000E+03  0.15000E+03
 W-volume [L]        0.12528E+02  0.12528E+02
 In-flow  [L/T]     -0.30935E-02 -0.30935E-02
 h Mean   [L]       -0.44433E+04 -0.44433E+04
 Top Flux [L/T]      0.30690E-02
 Bot Flux [L/T]      0.00000E+00
 WatBalT  [L]       -0.16067E+00
 WatBalR  [%]              0.232
----------------------------------------------------------

----------------------------------------------------------
 Time       [T]      314.0000
----------------------------------------------------------
 Sub-region num.                     1
----------------------------------------------------------
 Length   [L]        0.15000E+03  0.15000E+03
 W-volume [L]        0.12525E+02  0.12525E+02
 In-flow  [L/T]     -0.30578E-02 -0.30578E-02
 h Mean   [L]       -0.44458E+04 -0.44458E+04
 Top Flux [L/T]      0.30335E-02
 Bot Flux [L/T]      0.00000E+00
 WatBalT  [L]       -0.16067E+00
 WatBalR  [%]              0.232
----------------------------------------------------------

----------------------------------------------------------
 Time       [T]      315.0000
----------------------------------------------------------
 Sub-region num.                     1
----------------------------------------------------------
 Length   [L]        0.15000E+03  0.15000E+03
 W-volume [L]        0.12522E+02  0.12522E+02
 In-flow  [L/T]     -0.30227E-02 -0.30227E-02
 h Mean   [L]       -0.44482E+04 -0.44482E+04
 Top Flux [L/T]      0.29986E-02
 Bot Flux [L/T]      0.00000E+00
 WatBalT  [L]       -0.16067E+00
 WatBalR  [%]              0.232
----------------------------------------------------------

----------------------------------------------------------
 Time       [T]      316.0000
----------------------------------------------------------
 Sub-region num.                     1
----------------------------------------------------------
 Length   [L]        0.15000E+03  0.15000E+03
 W-volume [L]        0.12519E+02  0.12519E+02
 In-flow  [L/T]     -0.29880E-02 -0.29880E-02
 h Mean   [L]       -0.44506E+04 -0.44506E+04
 Top Flux [L/T]      0.29638E-02
 Bot Flux [L/T]      0.00000E+00
 WatBalT  [L]       -0.16067E+00
 WatBalR  [%]              0.232
----------------------------------------------------------

----------------------------------------------------------
 Time       [T]      317.0000
----------------------------------------------------------
 Sub-region num.                     1
----------------------------------------------------------
 Length   [L]        0.15000E+03  0.15000E+03
 W-volume [L]        0.12516E+02  0.12516E+02
 In-flow  [L/T]     -0.29528E-02 -0.29528E-02
 h Mean   [L]       -0.44530E+04 -0.44530E+04
 Top Flux [L/T]      0.29287E-02
 Bot Flux [L/T]      0.00000E+00
 WatBalT  [L]       -0.16067E+00
 WatBalR  [%]              0.232
----------------------------------------------------------

----------------------------------------------------------
 Time       [T]      318.0000
----------------------------------------------------------
 Sub-region num.                     1
----------------------------------------------------------
 Length   [L]        0.15000E+03  0.15000E+03
 W-volume [L]        0.12513E+02  0.12513E+02
 In-flow  [L/T]     -0.29175E-02 -0.29175E-02
 h Mean   [L]       -0.44554E+04 -0.44554E+04
 Top Flux [L/T]      0.28934E-02
 Bot Flux [L/T]      0.00000E+00
 WatBalT  [L]       -0.16067E+00
 WatBalR  [%]              0.232
----------------------------------------------------------

----------------------------------------------------------
 Time       [T]      319.0000
----------------------------------------------------------
 Sub-region num.                     1
----------------------------------------------------------
 Length   [L]        0.15000E+03  0.15000E+03
 W-volume [L]        0.12510E+02  0.12510E+02
 In-flow  [L/T]     -0.28817E-02 -0.28817E-02
 h Mean   [L]       -0.44579E+04 -0.44579E+04
 Top Flux [L/T]      0.28579E-02
 Bot Flux [L/T]      0.00000E+00
 WatBalT  [L]       -0.16067E+00
 WatBalR  [%]              0.232
----------------------------------------------------------

----------------------------------------------------------
 Time       [T]      320.0000
----------------------------------------------------------
 Sub-region num.                     1
----------------------------------------------------------
 Length   [L]        0.15000E+03  0.15000E+03
 W-volume [L]        0.12507E+02  0.12507E+02
 In-flow  [L/T]     -0.28463E-02 -0.28463E-02
 h Mean   [L]       -0.44603E+04 -0.44603E+04
 Top Flux [L/T]      0.28225E-02
 Bot Flux [L/T]      0.00000E+00
 WatBalT  [L]       -0.16067E+00
 WatBalR  [%]              0.232
----------------------------------------------------------

----------------------------------------------------------
 Time       [T]      321.0000
----------------------------------------------------------
 Sub-region num.                     1
----------------------------------------------------------
 Length   [L]        0.15000E+03  0.15000E+03
 W-volume [L]        0.12504E+02  0.12504E+02
 In-flow  [L/T]     -0.28112E-02 -0.28112E-02
 h Mean   [L]       -0.44627E+04 -0.44627E+04
 Top Flux [L/T]      0.27873E-02
 Bot Flux [L/T]      0.00000E+00
 WatBalT  [L]       -0.16067E+00
 WatBalR  [%]              0.232
----------------------------------------------------------

----------------------------------------------------------
 Time       [T]      322.0000
----------------------------------------------------------
 Sub-region num.                     1
----------------------------------------------------------
 Length   [L]        0.15000E+03  0.15000E+03
 W-volume [L]        0.12502E+02  0.12502E+02
 In-flow  [L/T]     -0.27771E-02 -0.27771E-02
 h Mean   [L]       -0.44651E+04 -0.44651E+04
 Top Flux [L/T]      0.27534E-02
 Bot Flux [L/T]      0.00000E+00
 WatBalT  [L]       -0.16067E+00
 WatBalR  [%]              0.232
----------------------------------------------------------

----------------------------------------------------------
 Time       [T]      323.0000
----------------------------------------------------------
 Sub-region num.                     1
----------------------------------------------------------
 Length   [L]        0.15000E+03  0.15000E+03
 W-volume [L]        0.12499E+02  0.12499E+02
 In-flow  [L/T]     -0.27454E-02 -0.27454E-02
 h Mean   [L]       -0.44674E+04 -0.44674E+04
 Top Flux [L/T]      0.27219E-02
 Bot Flux [L/T]      0.00000E+00
 WatBalT  [L]       -0.16067E+00
 WatBalR  [%]              0.232
----------------------------------------------------------

----------------------------------------------------------
 Time       [T]      324.0000
----------------------------------------------------------
 Sub-region num.                     1
----------------------------------------------------------
 Length   [L]        0.15000E+03  0.15000E+03
 W-volume [L]        0.12496E+02  0.12496E+02
 In-flow  [L/T]     -0.27161E-02 -0.27161E-02
 h Mean   [L]       -0.44696E+04 -0.44696E+04
 Top Flux [L/T]      0.26927E-02
 Bot Flux [L/T]      0.00000E+00
 WatBalT  [L]       -0.16067E+00
 WatBalR  [%]              0.232
----------------------------------------------------------

----------------------------------------------------------
 Time       [T]      325.0000
----------------------------------------------------------
 Sub-region num.                     1
----------------------------------------------------------
 Length   [L]        0.15000E+03  0.15000E+03
 W-volume [L]        0.12493E+02  0.12493E+02
 In-flow  [L/T]     -0.26886E-02 -0.26886E-02
 h Mean   [L]       -0.44718E+04 -0.44718E+04
 Top Flux [L/T]      0.26653E-02
 Bot Flux [L/T]      0.00000E+00
 WatBalT  [L]       -0.16067E+00
 WatBalR  [%]              0.232
----------------------------------------------------------

----------------------------------------------------------
 Time       [T]      326.0000
----------------------------------------------------------
 Sub-region num.                     1
----------------------------------------------------------
 Length   [L]        0.15000E+03  0.15000E+03
 W-volume [L]        0.12491E+02  0.12491E+02
 In-flow  [L/T]     -0.26624E-02 -0.26624E-02
 h Mean   [L]       -0.44739E+04 -0.44739E+04
 Top Flux [L/T]      0.26393E-02
 Bot Flux [L/T]      0.00000E+00
 WatBalT  [L]       -0.16067E+00
 WatBalR  [%]              0.232
----------------------------------------------------------

----------------------------------------------------------
 Time       [T]      327.0000
----------------------------------------------------------
 Sub-region num.                     1
----------------------------------------------------------
 Length   [L]        0.15000E+03  0.15000E+03
 W-volume [L]        0.12488E+02  0.12488E+02
 In-flow  [L/T]     -0.26376E-02 -0.26376E-02
 h Mean   [L]       -0.44760E+04 -0.44760E+04
 Top Flux [L/T]      0.26145E-02
 Bot Flux [L/T]      0.00000E+00
 WatBalT  [L]       -0.16067E+00
 WatBalR  [%]              0.232
----------------------------------------------------------

----------------------------------------------------------
 Time       [T]      328.0000
----------------------------------------------------------
 Sub-region num.                     1
----------------------------------------------------------
 Length   [L]        0.15000E+03  0.15000E+03
 W-volume [L]        0.12485E+02  0.12485E+02
 In-flow  [L/T]     -0.26134E-02 -0.26134E-02
 h Mean   [L]       -0.44780E+04 -0.44780E+04
 Top Flux [L/T]      0.25905E-02
 Bot Flux [L/T]      0.00000E+00
 WatBalT  [L]       -0.16067E+00
 WatBalR  [%]              0.232
----------------------------------------------------------

----------------------------------------------------------
 Time       [T]      329.0000
----------------------------------------------------------
 Sub-region num.                     1
----------------------------------------------------------
 Length   [L]        0.15000E+03  0.15000E+03
 W-volume [L]        0.12483E+02  0.12483E+02
 In-flow  [L/T]     -0.25898E-02 -0.25898E-02
 h Mean   [L]       -0.44801E+04 -0.44801E+04
 Top Flux [L/T]      0.25671E-02
 Bot Flux [L/T]      0.00000E+00
 WatBalT  [L]       -0.16067E+00
 WatBalR  [%]              0.232
----------------------------------------------------------

----------------------------------------------------------
 Time       [T]      330.0000
----------------------------------------------------------
 Sub-region num.                     1
----------------------------------------------------------
 Length   [L]        0.15000E+03  0.15000E+03
 W-volume [L]        0.12480E+02  0.12480E+02
 In-flow  [L/T]     -0.25671E-02 -0.25671E-02
 h Mean   [L]       -0.44821E+04 -0.44821E+04
 Top Flux [L/T]      0.25442E-02
 Bot Flux [L/T]      0.00000E+00
 WatBalT  [L]       -0.16067E+00
 WatBalR  [%]              0.232
----------------------------------------------------------

----------------------------------------------------------
 Time       [T]      331.0000
----------------------------------------------------------
 Sub-region num.                     1
----------------------------------------------------------
 Length   [L]        0.15000E+03  0.15000E+03
 W-volume [L]        0.12478E+02  0.12478E+02
 In-flow  [L/T]     -0.25442E-02 -0.25442E-02
 h Mean   [L]       -0.44841E+04 -0.44841E+04
 Top Flux [L/T]      0.25217E-02
 Bot Flux [L/T]      0.00000E+00
 WatBalT  [L]       -0.16067E+00
 WatBalR  [%]              0.232
----------------------------------------------------------

----------------------------------------------------------
 Time       [T]      332.0000
----------------------------------------------------------
 Sub-region num.                     1
----------------------------------------------------------
 Length   [L]        0.15000E+03  0.15000E+03
 W-volume [L]        0.12475E+02  0.12475E+02
 In-flow  [L/T]     -0.25223E-02 -0.25223E-02
 h Mean   [L]       -0.44861E+04 -0.44861E+04
 Top Flux [L/T]      0.24997E-02
 Bot Flux [L/T]      0.00000E+00
 WatBalT  [L]       -0.16067E+00
 WatBalR  [%]              0.232
----------------------------------------------------------

----------------------------------------------------------
 Time       [T]      333.0000
----------------------------------------------------------
 Sub-region num.                     1
----------------------------------------------------------
 Length   [L]        0.15000E+03  0.15000E+03
 W-volume [L]        0.12473E+02  0.12473E+02
 In-flow  [L/T]     -0.25011E-02 -0.25011E-02
 h Mean   [L]       -0.44881E+04 -0.44881E+04
 Top Flux [L/T]      0.24784E-02
 Bot Flux [L/T]      0.00000E+00
 WatBalT  [L]       -0.16067E+00
 WatBalR  [%]              0.232
----------------------------------------------------------

----------------------------------------------------------
 Time       [T]      334.0000
----------------------------------------------------------
 Sub-region num.                     1
----------------------------------------------------------
 Length   [L]        0.15000E+03  0.15000E+03
 W-volume [L]        0.12470E+02  0.12470E+02
 In-flow  [L/T]     -0.24801E-02 -0.24801E-02
 h Mean   [L]       -0.44900E+04 -0.44900E+04
 Top Flux [L/T]      0.24578E-02
 Bot Flux [L/T]      0.00000E+00
 WatBalT  [L]       -0.16067E+00
 WatBalR  [%]              0.232
----------------------------------------------------------

----------------------------------------------------------
 Time       [T]      335.0000
----------------------------------------------------------
 Sub-region num.                     1
----------------------------------------------------------
 Length   [L]        0.15000E+03  0.15000E+03
 W-volume [L]        0.12468E+02  0.12468E+02
 In-flow  [L/T]     -0.24605E-02 -0.24605E-02
 h Mean   [L]       -0.44920E+04 -0.44920E+04
 Top Flux [L/T]      0.24380E-02
 Bot Flux [L/T]      0.00000E+00
 WatBalT  [L]       -0.16067E+00
 WatBalR  [%]              0.232
----------------------------------------------------------

----------------------------------------------------------
 Time       [T]      336.0000
----------------------------------------------------------
 Sub-region num.                     1
----------------------------------------------------------
 Length   [L]        0.15000E+03  0.15000E+03
 W-volume [L]        0.12465E+02  0.12465E+02
 In-flow  [L/T]     -0.24408E-02 -0.24408E-02
 h Mean   [L]       -0.44938E+04 -0.44938E+04
 Top Flux [L/T]      0.24187E-02
 Bot Flux [L/T]      0.00000E+00
 WatBalT  [L]       -0.16067E+00
 WatBalR  [%]              0.232
----------------------------------------------------------

----------------------------------------------------------
 Time       [T]      337.0000
----------------------------------------------------------
 Sub-region num.                     1
----------------------------------------------------------
 Length   [L]        0.15000E+03  0.15000E+03
 W-volume [L]        0.12463E+02  0.12463E+02
 In-flow  [L/T]     -0.24222E-02 -0.24222E-02
 h Mean   [L]       -0.44957E+04 -0.44957E+04
 Top Flux [L/T]      0.24000E-02
 Bot Flux [L/T]      0.00000E+00
 WatBalT  [L]       -0.16067E+00
 WatBalR  [%]              0.232
----------------------------------------------------------

----------------------------------------------------------
 Time       [T]      338.0000
----------------------------------------------------------
 Sub-region num.                     1
----------------------------------------------------------
 Length   [L]        0.15000E+03  0.15000E+03
 W-volume [L]        0.12460E+02  0.12460E+02
 In-flow  [L/T]     -0.24036E-02 -0.24036E-02
 h Mean   [L]       -0.44975E+04 -0.44975E+04
 Top Flux [L/T]      0.23819E-02
 Bot Flux [L/T]      0.00000E+00
 WatBalT  [L]       -0.16067E+00
 WatBalR  [%]              0.231
----------------------------------------------------------

----------------------------------------------------------
 Time       [T]      339.0000
----------------------------------------------------------
 Sub-region num.                     1
----------------------------------------------------------
 Length   [L]        0.15000E+03  0.15000E+03
 W-volume [L]        0.12458E+02  0.12458E+02
 In-flow  [L/T]     -0.23861E-02 -0.23861E-02
 h Mean   [L]       -0.44993E+04 -0.44993E+04
 Top Flux [L/T]      0.23642E-02
 Bot Flux [L/T]      0.00000E+00
 WatBalT  [L]       -0.16067E+00
 WatBalR  [%]              0.231
----------------------------------------------------------

----------------------------------------------------------
 Time       [T]      340.0000
----------------------------------------------------------
 Sub-region num.                     1
----------------------------------------------------------
 Length   [L]        0.15000E+03  0.15000E+03
 W-volume [L]        0.12456E+02  0.12456E+02
 In-flow  [L/T]     -0.23688E-02 -0.23688E-02
 h Mean   [L]       -0.45011E+04 -0.45011E+04
 Top Flux [L/T]      0.23469E-02
 Bot Flux [L/T]      0.00000E+00
 WatBalT  [L]       -0.16067E+00
 WatBalR  [%]              0.231
----------------------------------------------------------

----------------------------------------------------------
 Time       [T]      341.0000
----------------------------------------------------------
 Sub-region num.                     1
----------------------------------------------------------
 Length   [L]        0.15000E+03  0.15000E+03
 W-volume [L]        0.12453E+02  0.12453E+02
 In-flow  [L/T]     -0.23516E-02 -0.23516E-02
 h Mean   [L]       -0.45029E+04 -0.45029E+04
 Top Flux [L/T]      0.23299E-02
 Bot Flux [L/T]      0.00000E+00
 WatBalT  [L]       -0.16067E+00
 WatBalR  [%]              0.231
----------------------------------------------------------

----------------------------------------------------------
 Time       [T]      342.0000
----------------------------------------------------------
 Sub-region num.                     1
----------------------------------------------------------
 Length   [L]        0.15000E+03  0.15000E+03
 W-volume [L]        0.12451E+02  0.12451E+02
 In-flow  [L/T]     -0.23351E-02 -0.23351E-02
 h Mean   [L]       -0.45046E+04 -0.45046E+04
 Top Flux [L/T]      0.23133E-02
 Bot Flux [L/T]      0.00000E+00
 WatBalT  [L]       -0.16067E+00
 WatBalR  [%]              0.231
----------------------------------------------------------

----------------------------------------------------------
 Time       [T]      343.0000
----------------------------------------------------------
 Sub-region num.                     1
----------------------------------------------------------
 Length   [L]        0.15000E+03  0.15000E+03
 W-volume [L]        0.12449E+02  0.12449E+02
 In-flow  [L/T]     -0.23184E-02 -0.23184E-02
 h Mean   [L]       -0.45064E+04 -0.45064E+04
 Top Flux [L/T]      0.22969E-02
 Bot Flux [L/T]      0.00000E+00
 WatBalT  [L]       -0.16067E+00
 WatBalR  [%]              0.231
----------------------------------------------------------

----------------------------------------------------------
 Time       [T]      344.0000
----------------------------------------------------------
 Sub-region num.                     1
----------------------------------------------------------
 Length   [L]        0.15000E+03  0.15000E+03
 W-volume [L]        0.12446E+02  0.12446E+02
 In-flow  [L/T]     -0.23024E-02 -0.23024E-02
 h Mean   [L]       -0.45081E+04 -0.45081E+04
 Top Flux [L/T]      0.22808E-02
 Bot Flux [L/T]      0.00000E+00
 WatBalT  [L]       -0.16067E+00
 WatBalR  [%]              0.231
----------------------------------------------------------

----------------------------------------------------------
 Time       [T]      345.0000
----------------------------------------------------------
 Sub-region num.                     1
----------------------------------------------------------
 Length   [L]        0.15000E+03  0.15000E+03
 W-volume [L]        0.12444E+02  0.12444E+02
 In-flow  [L/T]     -0.22862E-02 -0.22862E-02
 h Mean   [L]       -0.45098E+04 -0.45098E+04
 Top Flux [L/T]      0.22649E-02
 Bot Flux [L/T]      0.00000E+00
 WatBalT  [L]       -0.16067E+00
 WatBalR  [%]              0.231
----------------------------------------------------------

----------------------------------------------------------
 Time       [T]      346.0000
----------------------------------------------------------
 Sub-region num.                     1
----------------------------------------------------------
 Length   [L]        0.15000E+03  0.15000E+03
 W-volume [L]        0.12442E+02  0.12442E+02
 In-flow  [L/T]     -0.22701E-02 -0.22701E-02
 h Mean   [L]       -0.45115E+04 -0.45115E+04
 Top Flux [L/T]      0.22491E-02
 Bot Flux [L/T]      0.00000E+00
 WatBalT  [L]       -0.16067E+00
 WatBalR  [%]              0.231
----------------------------------------------------------

----------------------------------------------------------
 Time       [T]      347.0000
----------------------------------------------------------
 Sub-region num.                     1
----------------------------------------------------------
 Length   [L]        0.15000E+03  0.15000E+03
 W-volume [L]        0.12440E+02  0.12440E+02
 In-flow  [L/T]     -0.22548E-02 -0.22548E-02
 h Mean   [L]       -0.45132E+04 -0.45132E+04
 Top Flux [L/T]      0.22336E-02
 Bot Flux [L/T]      0.00000E+00
 WatBalT  [L]       -0.16067E+00
 WatBalR  [%]              0.231
----------------------------------------------------------

----------------------------------------------------------
 Time       [T]      348.0000
----------------------------------------------------------
 Sub-region num.                     1
----------------------------------------------------------
 Length   [L]        0.15000E+03  0.15000E+03
 W-volume [L]        0.12437E+02  0.12437E+02
 In-flow  [L/T]     -0.22392E-02 -0.22392E-02
 h Mean   [L]       -0.45148E+04 -0.45148E+04
 Top Flux [L/T]      0.22182E-02
 Bot Flux [L/T]      0.00000E+00
 WatBalT  [L]       -0.16067E+00
 WatBalR  [%]              0.231
----------------------------------------------------------

----------------------------------------------------------
 Time       [T]      349.0000
----------------------------------------------------------
 Sub-region num.                     1
----------------------------------------------------------
 Length   [L]        0.15000E+03  0.15000E+03
 W-volume [L]        0.12435E+02  0.12435E+02
 In-flow  [L/T]     -0.22238E-02 -0.22238E-02
 h Mean   [L]       -0.45165E+04 -0.45165E+04
 Top Flux [L/T]      0.22030E-02
 Bot Flux [L/T]      0.00000E+00
 WatBalT  [L]       -0.16067E+00
 WatBalR  [%]              0.231
----------------------------------------------------------

----------------------------------------------------------
 Time       [T]      350.0000
----------------------------------------------------------
 Sub-region num.                     1
----------------------------------------------------------
 Length   [L]        0.15000E+03  0.15000E+03
 W-volume [L]        0.12433E+02  0.12433E+02
 In-flow  [L/T]     -0.22086E-02 -0.22086E-02
 h Mean   [L]       -0.45182E+04 -0.45182E+04
 Top Flux [L/T]      0.21879E-02
 Bot Flux [L/T]      0.00000E+00
 WatBalT  [L]       -0.16067E+00
 WatBalR  [%]              0.231
----------------------------------------------------------

----------------------------------------------------------
 Time       [T]      351.0000
----------------------------------------------------------
 Sub-region num.                     1
----------------------------------------------------------
 Length   [L]        0.15000E+03  0.15000E+03
 W-volume [L]        0.12431E+02  0.12431E+02
 In-flow  [L/T]     -0.21937E-02 -0.21937E-02
 h Mean   [L]       -0.45199E+04 -0.45199E+04
 Top Flux [L/T]      0.21729E-02
 Bot Flux [L/T]      0.00000E+00
 WatBalT  [L]       -0.16067E+00
 WatBalR  [%]              0.231
----------------------------------------------------------

----------------------------------------------------------
 Time       [T]      352.0000
----------------------------------------------------------
 Sub-region num.                     1
----------------------------------------------------------
 Length   [L]        0.15000E+03  0.15000E+03
 W-volume [L]        0.12428E+02  0.12428E+02
 In-flow  [L/T]     -0.21791E-02 -0.21791E-02
 h Mean   [L]       -0.45216E+04 -0.45216E+04
 Top Flux [L/T]      0.21581E-02
 Bot Flux [L/T]      0.00000E+00
 WatBalT  [L]       -0.16067E+00
 WatBalR  [%]              0.231
----------------------------------------------------------

----------------------------------------------------------
 Time       [T]      353.0000
----------------------------------------------------------
 Sub-region num.                     1
----------------------------------------------------------
 Length   [L]        0.15000E+03  0.15000E+03
 W-volume [L]        0.12426E+02  0.12426E+02
 In-flow  [L/T]     -0.21639E-02 -0.21639E-02
 h Mean   [L]       -0.45232E+04 -0.45232E+04
 Top Flux [L/T]      0.21433E-02
 Bot Flux [L/T]      0.00000E+00
 WatBalT  [L]       -0.16067E+00
 WatBalR  [%]              0.231
----------------------------------------------------------

----------------------------------------------------------
 Time       [T]      354.0000
----------------------------------------------------------
 Sub-region num.                     1
----------------------------------------------------------
 Length   [L]        0.15000E+03  0.15000E+03
 W-volume [L]        0.12424E+02  0.12424E+02
 In-flow  [L/T]     -0.21496E-02 -0.21496E-02
 h Mean   [L]       -0.45249E+04 -0.45249E+04
 Top Flux [L/T]      0.21288E-02
 Bot Flux [L/T]      0.00000E+00
 WatBalT  [L]       -0.16067E+00
 WatBalR  [%]              0.231
----------------------------------------------------------

----------------------------------------------------------
 Time       [T]      355.0000
----------------------------------------------------------
 Sub-region num.                     1
----------------------------------------------------------
 Length   [L]        0.15000E+03  0.15000E+03
 W-volume [L]        0.12422E+02  0.12422E+02
 In-flow  [L/T]     -0.21349E-02 -0.21349E-02
 h Mean   [L]       -0.45265E+04 -0.45265E+04
 Top Flux [L/T]      0.21144E-02
 Bot Flux [L/T]      0.00000E+00
 WatBalT  [L]       -0.16068E+00
 WatBalR  [%]              0.231
----------------------------------------------------------

----------------------------------------------------------
 Time       [T]      356.0000
----------------------------------------------------------
 Sub-region num.                     1
----------------------------------------------------------
 Length   [L]        0.15000E+03  0.15000E+03
 W-volume [L]        0.12420E+02  0.12420E+02
 In-flow  [L/T]     -0.21205E-02 -0.21205E-02
 h Mean   [L]       -0.45281E+04 -0.45281E+04
 Top Flux [L/T]      0.21002E-02
 Bot Flux [L/T]      0.00000E+00
 WatBalT  [L]       -0.16067E+00
 WatBalR  [%]              0.231
----------------------------------------------------------

----------------------------------------------------------
 Time       [T]      357.0000
----------------------------------------------------------
 Sub-region num.                     1
----------------------------------------------------------
 Length   [L]        0.15000E+03  0.15000E+03
 W-volume [L]        0.12418E+02  0.12418E+02
 In-flow  [L/T]     -0.21067E-02 -0.21067E-02
 h Mean   [L]       -0.45298E+04 -0.45298E+04
 Top Flux [L/T]      0.20861E-02
 Bot Flux [L/T]      0.00000E+00
 WatBalT  [L]       -0.16067E+00
 WatBalR  [%]              0.231
----------------------------------------------------------

----------------------------------------------------------
 Time       [T]      358.0000
----------------------------------------------------------
 Sub-region num.                     1
----------------------------------------------------------
 Length   [L]        0.15000E+03  0.15000E+03
 W-volume [L]        0.12416E+02  0.12416E+02
 In-flow  [L/T]     -0.20928E-02 -0.20928E-02
 h Mean   [L]       -0.45314E+04 -0.45314E+04
 Top Flux [L/T]      0.20723E-02
 Bot Flux [L/T]      0.00000E+00
 WatBalT  [L]       -0.16067E+00
 WatBalR  [%]              0.231
----------------------------------------------------------

----------------------------------------------------------
 Time       [T]      359.0000
----------------------------------------------------------
 Sub-region num.                     1
----------------------------------------------------------
 Length   [L]        0.15000E+03  0.15000E+03
 W-volume [L]        0.12414E+02  0.12414E+02
 In-flow  [L/T]     -0.20787E-02 -0.20787E-02
 h Mean   [L]       -0.45329E+04 -0.45329E+04
 Top Flux [L/T]      0.20586E-02
 Bot Flux [L/T]      0.00000E+00
 WatBalT  [L]       -0.16067E+00
 WatBalR  [%]              0.231
----------------------------------------------------------

----------------------------------------------------------
 Time       [T]      360.0000
----------------------------------------------------------
 Sub-region num.                     1
----------------------------------------------------------
 Length   [L]        0.15000E+03  0.15000E+03
 W-volume [L]        0.12412E+02  0.12412E+02
 In-flow  [L/T]     -0.20655E-02 -0.20655E-02
 h Mean   [L]       -0.45345E+04 -0.45345E+04
 Top Flux [L/T]      0.20451E-02
 Bot Flux [L/T]      0.00000E+00
 WatBalT  [L]       -0.16067E+00
 WatBalR  [%]              0.231
----------------------------------------------------------

----------------------------------------------------------
 Time       [T]      361.0000
----------------------------------------------------------
 Sub-region num.                     1
----------------------------------------------------------
 Length   [L]        0.15000E+03  0.15000E+03
 W-volume [L]        0.12409E+02  0.12409E+02
 In-flow  [L/T]     -0.20519E-02 -0.20519E-02
 h Mean   [L]       -0.45361E+04 -0.45361E+04
 Top Flux [L/T]      0.20317E-02
 Bot Flux [L/T]      0.00000E+00
 WatBalT  [L]       -0.16067E+00
 WatBalR  [%]              0.231
----------------------------------------------------------

----------------------------------------------------------
 Time       [T]      362.0000
----------------------------------------------------------
 Sub-region num.                     1
----------------------------------------------------------
 Length   [L]        0.15000E+03  0.15000E+03
 W-volume [L]        0.12407E+02  0.12407E+02
 In-flow  [L/T]     -0.20388E-02 -0.20388E-02
 h Mean   [L]       -0.45376E+04 -0.45376E+04
 Top Flux [L/T]      0.20186E-02
 Bot Flux [L/T]      0.00000E+00
 WatBalT  [L]       -0.16067E+00
 WatBalR  [%]              0.231
----------------------------------------------------------

----------------------------------------------------------
 Time       [T]      363.0000
----------------------------------------------------------
 Sub-region num.                     1
----------------------------------------------------------
 Length   [L]        0.15000E+03  0.15000E+03
 W-volume [L]        0.12405E+02  0.12405E+02
 In-flow  [L/T]     -0.20255E-02 -0.20255E-02
 h Mean   [L]       -0.45392E+04 -0.45392E+04
 Top Flux [L/T]      0.20056E-02
 Bot Flux [L/T]      0.00000E+00
 WatBalT  [L]       -0.16067E+00
 WatBalR  [%]              0.231
----------------------------------------------------------

----------------------------------------------------------
 Time       [T]      364.0000
----------------------------------------------------------
 Sub-region num.                     1
----------------------------------------------------------
 Length   [L]        0.15000E+03  0.15000E+03
 W-volume [L]        0.12403E+02  0.12403E+02
 In-flow  [L/T]     -0.20127E-02 -0.20127E-02
 h Mean   [L]       -0.45407E+04 -0.45407E+04
 Top Flux [L/T]      0.19928E-02
 Bot Flux [L/T]      0.00000E+00
 WatBalT  [L]       -0.16067E+00
 WatBalR  [%]              0.231
----------------------------------------------------------

----------------------------------------------------------
 Time       [T]      365.0000
----------------------------------------------------------
 Sub-region num.                     1
----------------------------------------------------------
 Length   [L]        0.15000E+03  0.15000E+03
 W-volume [L]        0.12401E+02  0.12401E+02
 In-flow  [L/T]     -0.20000E-02 -0.20000E-02
 h Mean   [L]       -0.45422E+04 -0.45422E+04
 Top Flux [L/T]      0.19802E-02
 Bot Flux [L/T]      0.00000E+00
 WatBalT  [L]       -0.16068E+00
 WatBalR  [%]              0.231
----------------------------------------------------------

----------------------------------------------------------
 Time       [T]      366.0000
----------------------------------------------------------
 Sub-region num.                     1
----------------------------------------------------------
 Length   [L]        0.15000E+03  0.15000E+03
 W-volume [L]        0.12399E+02  0.12399E+02
 In-flow  [L/T]     -0.19875E-02 -0.19875E-02
 h Mean   [L]       -0.45437E+04 -0.45437E+04
 Top Flux [L/T]      0.19677E-02
 Bot Flux [L/T]      0.00000E+00
 WatBalT  [L]       -0.16067E+00
 WatBalR  [%]              0.231
----------------------------------------------------------

----------------------------------------------------------
 Time       [T]      367.0000
----------------------------------------------------------
 Sub-region num.                     1
----------------------------------------------------------
 Length   [L]        0.15000E+03  0.15000E+03
 W-volume [L]        0.12397E+02  0.12397E+02
 In-flow  [L/T]     -0.19754E-02 -0.19754E-02
 h Mean   [L]       -0.45452E+04 -0.45452E+04
 Top Flux [L/T]      0.19554E-02
 Bot Flux [L/T]      0.00000E+00
 WatBalT  [L]       -0.16067E+00
 WatBalR  [%]              0.231
----------------------------------------------------------

----------------------------------------------------------
 Time       [T]      368.0000
----------------------------------------------------------
 Sub-region num.                     1
----------------------------------------------------------
 Length   [L]        0.15000E+03  0.15000E+03
 W-volume [L]        0.12395E+02  0.12395E+02
 In-flow  [L/T]     -0.19629E-02 -0.19629E-02
 h Mean   [L]       -0.45467E+04 -0.45467E+04
 Top Flux [L/T]      0.19432E-02
 Bot Flux [L/T]      0.00000E+00
 WatBalT  [L]       -0.16067E+00
 WatBalR  [%]              0.231
----------------------------------------------------------

----------------------------------------------------------
 Time       [T]      369.0000
----------------------------------------------------------
 Sub-region num.                     1
----------------------------------------------------------
 Length   [L]        0.15000E+03  0.15000E+03
 W-volume [L]        0.12393E+02  0.12393E+02
 In-flow  [L/T]     -0.19510E-02 -0.19510E-02
 h Mean   [L]       -0.45482E+04 -0.45482E+04
 Top Flux [L/T]      0.19312E-02
 Bot Flux [L/T]      0.00000E+00
 WatBalT  [L]       -0.16068E+00
 WatBalR  [%]              0.231
----------------------------------------------------------

----------------------------------------------------------
 Time       [T]      370.0000
----------------------------------------------------------
 Sub-region num.                     1
----------------------------------------------------------
 Length   [L]        0.15000E+03  0.15000E+03
 W-volume [L]        0.12392E+02  0.12392E+02
 In-flow  [L/T]     -0.19391E-02 -0.19391E-02
 h Mean   [L]       -0.45496E+04 -0.45496E+04
 Top Flux [L/T]      0.19193E-02
 Bot Flux [L/T]      0.00000E+00
 WatBalT  [L]       -0.16067E+00
 WatBalR  [%]              0.231
----------------------------------------------------------

----------------------------------------------------------
 Time       [T]      371.0000
----------------------------------------------------------
 Sub-region num.                     1
----------------------------------------------------------
 Length   [L]        0.15000E+03  0.15000E+03
 W-volume [L]        0.12390E+02  0.12390E+02
 In-flow  [L/T]     -0.19275E-02 -0.19275E-02
 h Mean   [L]       -0.45511E+04 -0.45511E+04
 Top Flux [L/T]      0.19076E-02
 Bot Flux [L/T]      0.00000E+00
 WatBalT  [L]       -0.16067E+00
 WatBalR  [%]              0.231
----------------------------------------------------------

----------------------------------------------------------
 Time       [T]      372.0000
----------------------------------------------------------
 Sub-region num.                     1
----------------------------------------------------------
 Length   [L]        0.15000E+03  0.15000E+03
 W-volume [L]        0.12388E+02  0.12388E+02
 In-flow  [L/T]     -0.19156E-02 -0.19156E-02
 h Mean   [L]       -0.45525E+04 -0.45525E+04
 Top Flux [L/T]      0.18960E-02
 Bot Flux [L/T]      0.00000E+00
 WatBalT  [L]       -0.16067E+00
 WatBalR  [%]              0.231
----------------------------------------------------------

----------------------------------------------------------
 Time       [T]      373.0000
----------------------------------------------------------
 Sub-region num.                     1
----------------------------------------------------------
 Length   [L]        0.15000E+03  0.15000E+03
 W-volume [L]        0.12386E+02  0.12386E+02
 In-flow  [L/T]     -0.19042E-02 -0.19042E-02
 h Mean   [L]       -0.45540E+04 -0.45540E+04
 Top Flux [L/T]      0.18845E-02
 Bot Flux [L/T]      0.00000E+00
 WatBalT  [L]       -0.16067E+00
 WatBalR  [%]              0.231
----------------------------------------------------------

----------------------------------------------------------
 Time       [T]      374.0000
----------------------------------------------------------
 Sub-region num.                     1
----------------------------------------------------------
 Length   [L]        0.15000E+03  0.15000E+03
 W-volume [L]        0.12384E+02  0.12384E+02
 In-flow  [L/T]     -0.18927E-02 -0.18927E-02
 h Mean   [L]       -0.45554E+04 -0.45554E+04
 Top Flux [L/T]      0.18732E-02
 Bot Flux [L/T]      0.00000E+00
 WatBalT  [L]       -0.16067E+00
 WatBalR  [%]              0.231
----------------------------------------------------------

----------------------------------------------------------
 Time       [T]      375.0000
----------------------------------------------------------
 Sub-region num.                     1
----------------------------------------------------------
 Length   [L]        0.15000E+03  0.15000E+03
 W-volume [L]        0.12382E+02  0.12382E+02
 In-flow  [L/T]     -0.18813E-02 -0.18813E-02
 h Mean   [L]       -0.45568E+04 -0.45568E+04
 Top Flux [L/T]      0.18619E-02
 Bot Flux [L/T]      0.00000E+00
 WatBalT  [L]       -0.16068E+00
 WatBalR  [%]              0.231
----------------------------------------------------------

----------------------------------------------------------
 Time       [T]      376.0000
----------------------------------------------------------
 Sub-region num.                     1
----------------------------------------------------------
 Length   [L]        0.15000E+03  0.15000E+03
 W-volume [L]        0.12380E+02  0.12380E+02
 In-flow  [L/T]     -0.18703E-02 -0.18703E-02
 h Mean   [L]       -0.45582E+04 -0.45582E+04
 Top Flux [L/T]      0.18508E-02
 Bot Flux [L/T]      0.00000E+00
 WatBalT  [L]       -0.16067E+00
 WatBalR  [%]              0.231
----------------------------------------------------------

----------------------------------------------------------
 Time       [T]      377.0000
----------------------------------------------------------
 Sub-region num.                     1
----------------------------------------------------------
 Length   [L]        0.15000E+03  0.15000E+03
 W-volume [L]        0.12378E+02  0.12378E+02
 In-flow  [L/T]     -0.18593E-02 -0.18593E-02
 h Mean   [L]       -0.45597E+04 -0.45597E+04
 Top Flux [L/T]      0.18399E-02
 Bot Flux [L/T]      0.00000E+00
 WatBalT  [L]       -0.16067E+00
 WatBalR  [%]              0.231
----------------------------------------------------------

----------------------------------------------------------
 Time       [T]      378.0000
----------------------------------------------------------
 Sub-region num.                     1
----------------------------------------------------------
 Length   [L]        0.15000E+03  0.15000E+03
 W-volume [L]        0.12376E+02  0.12376E+02
 In-flow  [L/T]     -0.18483E-02 -0.18483E-02
 h Mean   [L]       -0.45611E+04 -0.45611E+04
 Top Flux [L/T]      0.18290E-02
 Bot Flux [L/T]      0.00000E+00
 WatBalT  [L]       -0.16067E+00
 WatBalR  [%]              0.231
----------------------------------------------------------

----------------------------------------------------------
 Time       [T]      379.0000
----------------------------------------------------------
 Sub-region num.                     1
----------------------------------------------------------
 Length   [L]        0.15000E+03  0.15000E+03
 W-volume [L]        0.12375E+02  0.12375E+02
 In-flow  [L/T]     -0.18376E-02 -0.18376E-02
 h Mean   [L]       -0.45624E+04 -0.45624E+04
 Top Flux [L/T]      0.18182E-02
 Bot Flux [L/T]      0.00000E+00
 WatBalT  [L]       -0.16067E+00
 WatBalR  [%]              0.231
----------------------------------------------------------

----------------------------------------------------------
 Time       [T]      380.0000
----------------------------------------------------------
 Sub-region num.                     1
----------------------------------------------------------
 Length   [L]        0.15000E+03  0.15000E+03
 W-volume [L]        0.12373E+02  0.12373E+02
 In-flow  [L/T]     -0.18270E-02 -0.18270E-02
 h Mean   [L]       -0.45638E+04 -0.45638E+04
 Top Flux [L/T]      0.18079E-02
 Bot Flux [L/T]      0.00000E+00
 WatBalT  [L]       -0.16067E+00
 WatBalR  [%]              0.231
----------------------------------------------------------

----------------------------------------------------------
 Time       [T]      381.0000
----------------------------------------------------------
 Sub-region num.                     1
----------------------------------------------------------
 Length   [L]        0.15000E+03  0.15000E+03
 W-volume [L]        0.12371E+02  0.12371E+02
 In-flow  [L/T]     -0.18176E-02 -0.18176E-02
 h Mean   [L]       -0.45652E+04 -0.45652E+04
 Top Flux [L/T]      0.17982E-02
 Bot Flux [L/T]      0.00000E+00
 WatBalT  [L]       -0.16067E+00
 WatBalR  [%]              0.231
----------------------------------------------------------

----------------------------------------------------------
 Time       [T]      382.0000
----------------------------------------------------------
 Sub-region num.                     1
----------------------------------------------------------
 Length   [L]        0.15000E+03  0.15000E+03
 W-volume [L]        0.12369E+02  0.12369E+02
 In-flow  [L/T]     -0.18086E-02 -0.18086E-02
 h Mean   [L]       -0.45665E+04 -0.45665E+04
 Top Flux [L/T]      0.17893E-02
 Bot Flux [L/T]      0.00000E+00
 WatBalT  [L]       -0.16067E+00
 WatBalR  [%]              0.231
----------------------------------------------------------

----------------------------------------------------------
 Time       [T]      383.0000
----------------------------------------------------------
 Sub-region num.                     1
----------------------------------------------------------
 Length   [L]        0.15000E+03  0.15000E+03
 W-volume [L]        0.12367E+02  0.12367E+02
 In-flow  [L/T]     -0.17998E-02 -0.17998E-02
 h Mean   [L]       -0.45678E+04 -0.45678E+04
 Top Flux [L/T]      0.17806E-02
 Bot Flux [L/T]      0.00000E+00
 WatBalT  [L]       -0.16068E+00
 WatBalR  [%]              0.231
----------------------------------------------------------

----------------------------------------------------------
 Time       [T]      384.0000
----------------------------------------------------------
 Sub-region num.                     1
----------------------------------------------------------
 Length   [L]        0.15000E+03  0.15000E+03
 W-volume [L]        0.12366E+02  0.12366E+02
 In-flow  [L/T]     -0.17911E-02 -0.17911E-02
 h Mean   [L]       -0.45692E+04 -0.45692E+04
 Top Flux [L/T]      0.17721E-02
 Bot Flux [L/T]      0.00000E+00
 WatBalT  [L]       -0.16067E+00
 WatBalR  [%]              0.231
----------------------------------------------------------

----------------------------------------------------------
 Time       [T]      385.0000
----------------------------------------------------------
 Sub-region num.                     1
----------------------------------------------------------
 Length   [L]        0.15000E+03  0.15000E+03
 W-volume [L]        0.12364E+02  0.12364E+02
 In-flow  [L/T]     -0.17825E-02 -0.17825E-02
 h Mean   [L]       -0.45705E+04 -0.45705E+04
 Top Flux [L/T]      0.17636E-02
 Bot Flux [L/T]      0.00000E+00
 WatBalT  [L]       -0.16067E+00
 WatBalR  [%]              0.231
----------------------------------------------------------

----------------------------------------------------------
 Time       [T]      386.0000
----------------------------------------------------------
 Sub-region num.                     1
----------------------------------------------------------
 Length   [L]        0.15000E+03  0.15000E+03
 W-volume [L]        0.12362E+02  0.12362E+02
 In-flow  [L/T]     -0.17742E-02 -0.17742E-02
 h Mean   [L]       -0.45718E+04 -0.45718E+04
 Top Flux [L/T]      0.17552E-02
 Bot Flux [L/T]      0.00000E+00
 WatBalT  [L]       -0.16068E+00
 WatBalR  [%]              0.231
----------------------------------------------------------

----------------------------------------------------------
 Time       [T]      387.0000
----------------------------------------------------------
 Sub-region num.                     1
----------------------------------------------------------
 Length   [L]        0.15000E+03  0.15000E+03
 W-volume [L]        0.12360E+02  0.12360E+02
 In-flow  [L/T]     -0.17659E-02 -0.17659E-02
 h Mean   [L]       -0.45731E+04 -0.45731E+04
 Top Flux [L/T]      0.17468E-02
 Bot Flux [L/T]      0.00000E+00
 WatBalT  [L]       -0.16067E+00
 WatBalR  [%]              0.231
----------------------------------------------------------

----------------------------------------------------------
 Time       [T]      388.0000
----------------------------------------------------------
 Sub-region num.                     1
----------------------------------------------------------
 Length   [L]        0.15000E+03  0.15000E+03
 W-volume [L]        0.12358E+02  0.12358E+02
 In-flow  [L/T]     -0.17574E-02 -0.17574E-02
 h Mean   [L]       -0.45744E+04 -0.45744E+04
 Top Flux [L/T]      0.17384E-02
 Bot Flux [L/T]      0.00000E+00
 WatBalT  [L]       -0.16068E+00
 WatBalR  [%]              0.231
----------------------------------------------------------

----------------------------------------------------------
 Time       [T]      389.0000
----------------------------------------------------------
 Sub-region num.                     1
----------------------------------------------------------
 Length   [L]        0.15000E+03  0.15000E+03
 W-volume [L]        0.12357E+02  0.12357E+02
 In-flow  [L/T]     -0.17489E-02 -0.17489E-02
 h Mean   [L]       -0.45757E+04 -0.45757E+04
 Top Flux [L/T]      0.17299E-02
 Bot Flux [L/T]      0.00000E+00
 WatBalT  [L]       -0.16067E+00
 WatBalR  [%]              0.231
----------------------------------------------------------

----------------------------------------------------------
 Time       [T]      390.0000
----------------------------------------------------------
 Sub-region num.                     1
----------------------------------------------------------
 Length   [L]        0.15000E+03  0.15000E+03
 W-volume [L]        0.12355E+02  0.12355E+02
 In-flow  [L/T]     -0.17405E-02 -0.17405E-02
 h Mean   [L]       -0.45770E+04 -0.45770E+04
 Top Flux [L/T]      0.17215E-02
 Bot Flux [L/T]      0.00000E+00
 WatBalT  [L]       -0.16067E+00
 WatBalR  [%]              0.231
----------------------------------------------------------

----------------------------------------------------------
 Time       [T]      391.0000
----------------------------------------------------------
 Sub-region num.                     1
----------------------------------------------------------
 Length   [L]        0.15000E+03  0.15000E+03
 W-volume [L]        0.12353E+02  0.12353E+02
 In-flow  [L/T]     -0.17318E-02 -0.17318E-02
 h Mean   [L]       -0.45784E+04 -0.45784E+04
 Top Flux [L/T]      0.17132E-02
 Bot Flux [L/T]      0.00000E+00
 WatBalT  [L]       -0.16068E+00
 WatBalR  [%]              0.231
----------------------------------------------------------

----------------------------------------------------------
 Time       [T]      392.0000
----------------------------------------------------------
 Sub-region num.                     1
----------------------------------------------------------
 Length   [L]        0.15000E+03  0.15000E+03
 W-volume [L]        0.12351E+02  0.12351E+02
 In-flow  [L/T]     -0.17234E-02 -0.17234E-02
 h Mean   [L]       -0.45797E+04 -0.45797E+04
 Top Flux [L/T]      0.17048E-02
 Bot Flux [L/T]      0.00000E+00
 WatBalT  [L]       -0.16067E+00
 WatBalR  [%]              0.231
----------------------------------------------------------

----------------------------------------------------------
 Time       [T]      393.0000
----------------------------------------------------------
 Sub-region num.                     1
----------------------------------------------------------
 Length   [L]        0.15000E+03  0.15000E+03
 W-volume [L]        0.12350E+02  0.12350E+02
 In-flow  [L/T]     -0.17150E-02 -0.17150E-02
 h Mean   [L]       -0.45810E+04 -0.45810E+04
 Top Flux [L/T]      0.16964E-02
 Bot Flux [L/T]      0.00000E+00
 WatBalT  [L]       -0.16067E+00
 WatBalR  [%]              0.231
----------------------------------------------------------

----------------------------------------------------------
 Time       [T]      394.0000
----------------------------------------------------------
 Sub-region num.                     1
----------------------------------------------------------
 Length   [L]        0.15000E+03  0.15000E+03
 W-volume [L]        0.12348E+02  0.12348E+02
 In-flow  [L/T]     -0.17068E-02 -0.17068E-02
 h Mean   [L]       -0.45823E+04 -0.45823E+04
 Top Flux [L/T]      0.16881E-02
 Bot Flux [L/T]      0.00000E+00
 WatBalT  [L]       -0.16067E+00
 WatBalR  [%]              0.231
----------------------------------------------------------

----------------------------------------------------------
 Time       [T]      395.0000
----------------------------------------------------------
 Sub-region num.                     1
----------------------------------------------------------
 Length   [L]        0.15000E+03  0.15000E+03
 W-volume [L]        0.12346E+02  0.12346E+02
 In-flow  [L/T]     -0.16985E-02 -0.16985E-02
 h Mean   [L]       -0.45836E+04 -0.45836E+04
 Top Flux [L/T]      0.16798E-02
 Bot Flux [L/T]      0.00000E+00
 WatBalT  [L]       -0.16067E+00
 WatBalR  [%]              0.231
----------------------------------------------------------

----------------------------------------------------------
 Time       [T]      396.0000
----------------------------------------------------------
 Sub-region num.                     1
----------------------------------------------------------
 Length   [L]        0.15000E+03  0.15000E+03
 W-volume [L]        0.12345E+02  0.12345E+02
 In-flow  [L/T]     -0.16901E-02 -0.16901E-02
 h Mean   [L]       -0.45849E+04 -0.45849E+04
 Top Flux [L/T]      0.16716E-02
 Bot Flux [L/T]      0.00000E+00
 WatBalT  [L]       -0.16067E+00
 WatBalR  [%]              0.231
----------------------------------------------------------

----------------------------------------------------------
 Time       [T]      397.0000
----------------------------------------------------------
 Sub-region num.                     1
----------------------------------------------------------
 Length   [L]        0.15000E+03  0.15000E+03
 W-volume [L]        0.12343E+02  0.12343E+02
 In-flow  [L/T]     -0.16817E-02 -0.16817E-02
 h Mean   [L]       -0.45862E+04 -0.45862E+04
 Top Flux [L/T]      0.16635E-02
 Bot Flux [L/T]      0.00000E+00
 WatBalT  [L]       -0.16067E+00
 WatBalR  [%]              0.231
----------------------------------------------------------

----------------------------------------------------------
 Time       [T]      398.0000
----------------------------------------------------------
 Sub-region num.                     1
----------------------------------------------------------
 Length   [L]        0.15000E+03  0.15000E+03
 W-volume [L]        0.12341E+02  0.12341E+02
 In-flow  [L/T]     -0.16740E-02 -0.16740E-02
 h Mean   [L]       -0.45875E+04 -0.45875E+04
 Top Flux [L/T]      0.16554E-02
 Bot Flux [L/T]      0.00000E+00
 WatBalT  [L]       -0.16067E+00
 WatBalR  [%]              0.231
----------------------------------------------------------

----------------------------------------------------------
 Time       [T]      399.0000
----------------------------------------------------------
 Sub-region num.                     1
----------------------------------------------------------
 Length   [L]        0.15000E+03  0.15000E+03
 W-volume [L]        0.12340E+02  0.12340E+02
 In-flow  [L/T]     -0.16659E-02 -0.16659E-02
 h Mean   [L]       -0.45888E+04 -0.45888E+04
 Top Flux [L/T]      0.16474E-02
 Bot Flux [L/T]      0.00000E+00
 WatBalT  [L]       -0.16067E+00
 WatBalR  [%]              0.231
----------------------------------------------------------

----------------------------------------------------------
 Time       [T]      400.0000
----------------------------------------------------------
 Sub-region num.                     1
----------------------------------------------------------
 Length   [L]        0.15000E+03  0.15000E+03
 W-volume [L]        0.12338E+02  0.12338E+02
 In-flow  [L/T]     -0.16578E-02 -0.16578E-02
 h Mean   [L]       -0.45901E+04 -0.45901E+04
 Top Flux [L/T]      0.16396E-02
 Bot Flux [L/T]      0.00000E+00
 WatBalT  [L]       -0.16067E+00
 WatBalR  [%]              0.231
----------------------------------------------------------

----------------------------------------------------------
 Time       [T]      401.0000
----------------------------------------------------------
 Sub-region num.                     1
----------------------------------------------------------
 Length   [L]        0.15000E+03  0.15000E+03
 W-volume [L]        0.12336E+02  0.12336E+02
 In-flow  [L/T]     -0.16503E-02 -0.16503E-02
 h Mean   [L]       -0.45913E+04 -0.45913E+04
 Top Flux [L/T]      0.16319E-02
 Bot Flux [L/T]      0.00000E+00
 WatBalT  [L]       -0.16067E+00
 WatBalR  [%]              0.231
----------------------------------------------------------

----------------------------------------------------------
 Time       [T]      402.0000
----------------------------------------------------------
 Sub-region num.                     1
----------------------------------------------------------
 Length   [L]        0.15000E+03  0.15000E+03
 W-volume [L]        0.12335E+02  0.12335E+02
 In-flow  [L/T]     -0.16425E-02 -0.16425E-02
 h Mean   [L]       -0.45926E+04 -0.45926E+04
 Top Flux [L/T]      0.16243E-02
 Bot Flux [L/T]      0.00000E+00
 WatBalT  [L]       -0.16067E+00
 WatBalR  [%]              0.231
----------------------------------------------------------

----------------------------------------------------------
 Time       [T]      403.0000
----------------------------------------------------------
 Sub-region num.                     1
----------------------------------------------------------
 Length   [L]        0.15000E+03  0.15000E+03
 W-volume [L]        0.12333E+02  0.12333E+02
 In-flow  [L/T]     -0.16351E-02 -0.16351E-02
 h Mean   [L]       -0.45938E+04 -0.45938E+04
 Top Flux [L/T]      0.16169E-02
 Bot Flux [L/T]      0.00000E+00
 WatBalT  [L]       -0.16067E+00
 WatBalR  [%]              0.231
----------------------------------------------------------

----------------------------------------------------------
 Time       [T]      404.0000
----------------------------------------------------------
 Sub-region num.                     1
----------------------------------------------------------
 Length   [L]        0.15000E+03  0.15000E+03
 W-volume [L]        0.12331E+02  0.12331E+02
 In-flow  [L/T]     -0.16276E-02 -0.16276E-02
 h Mean   [L]       -0.45951E+04 -0.45951E+04
 Top Flux [L/T]      0.16095E-02
 Bot Flux [L/T]      0.00000E+00
 WatBalT  [L]       -0.16066E+00
 WatBalR  [%]              0.231
----------------------------------------------------------

----------------------------------------------------------
 Time       [T]      405.0000
----------------------------------------------------------
 Sub-region num.                     1
----------------------------------------------------------
 Length   [L]        0.15000E+03  0.15000E+03
 W-volume [L]        0.12330E+02  0.12330E+02
 In-flow  [L/T]     -0.16204E-02 -0.16204E-02
 h Mean   [L]       -0.45963E+04 -0.45963E+04
 Top Flux [L/T]      0.16023E-02
 Bot Flux [L/T]      0.00000E+00
 WatBalT  [L]       -0.16066E+00
 WatBalR  [%]              0.231
----------------------------------------------------------

----------------------------------------------------------
 Time       [T]      406.0000
----------------------------------------------------------
 Sub-region num.                     1
----------------------------------------------------------
 Length   [L]        0.15000E+03  0.15000E+03
 W-volume [L]        0.12328E+02  0.12328E+02
 In-flow  [L/T]     -0.16136E-02 -0.16136E-02
 h Mean   [L]       -0.45975E+04 -0.45975E+04
 Top Flux [L/T]      0.15955E-02
 Bot Flux [L/T]      0.00000E+00
 WatBalT  [L]       -0.16066E+00
 WatBalR  [%]              0.231
----------------------------------------------------------

----------------------------------------------------------
 Time       [T]      407.0000
----------------------------------------------------------
 Sub-region num.                     1
----------------------------------------------------------
 Length   [L]        0.15000E+03  0.15000E+03
 W-volume [L]        0.12327E+02  0.12327E+02
 In-flow  [L/T]     -0.16072E-02 -0.16072E-02
 h Mean   [L]       -0.45987E+04 -0.45987E+04
 Top Flux [L/T]      0.15890E-02
 Bot Flux [L/T]      0.00000E+00
 WatBalT  [L]       -0.16066E+00
 WatBalR  [%]              0.231
----------------------------------------------------------

----------------------------------------------------------
 Time       [T]      408.0000
----------------------------------------------------------
 Sub-region num.                     1
----------------------------------------------------------
 Length   [L]        0.15000E+03  0.15000E+03
 W-volume [L]        0.12325E+02  0.12325E+02
 In-flow  [L/T]     -0.16008E-02 -0.16008E-02
 h Mean   [L]       -0.45999E+04 -0.45999E+04
 Top Flux [L/T]      0.15828E-02
 Bot Flux [L/T]      0.00000E+00
 WatBalT  [L]       -0.16066E+00
 WatBalR  [%]              0.231
----------------------------------------------------------

----------------------------------------------------------
 Time       [T]      409.0000
----------------------------------------------------------
 Sub-region num.                     1
----------------------------------------------------------
 Length   [L]        0.15000E+03  0.15000E+03
 W-volume [L]        0.12323E+02  0.12323E+02
 In-flow  [L/T]     -0.15948E-02 -0.15948E-02
 h Mean   [L]       -0.46011E+04 -0.46011E+04
 Top Flux [L/T]      0.15769E-02
 Bot Flux [L/T]      0.00000E+00
 WatBalT  [L]       -0.16066E+00
 WatBalR  [%]              0.231
----------------------------------------------------------

----------------------------------------------------------
 Time       [T]      410.0000
----------------------------------------------------------
 Sub-region num.                     1
----------------------------------------------------------
 Length   [L]        0.15000E+03  0.15000E+03
 W-volume [L]        0.12322E+02  0.12322E+02
 In-flow  [L/T]     -0.15893E-02 -0.15893E-02
 h Mean   [L]       -0.46022E+04 -0.46022E+04
 Top Flux [L/T]      0.15714E-02
 Bot Flux [L/T]      0.00000E+00
 WatBalT  [L]       -0.16066E+00
 WatBalR  [%]              0.231
----------------------------------------------------------

----------------------------------------------------------
 Time       [T]      411.0000
----------------------------------------------------------
 Sub-region num.                     1
----------------------------------------------------------
 Length   [L]        0.15000E+03  0.15000E+03
 W-volume [L]        0.12320E+02  0.12320E+02
 In-flow  [L/T]     -0.15838E-02 -0.15838E-02
 h Mean   [L]       -0.46033E+04 -0.46033E+04
 Top Flux [L/T]      0.15660E-02
 Bot Flux [L/T]      0.00000E+00
 WatBalT  [L]       -0.16066E+00
 WatBalR  [%]              0.231
----------------------------------------------------------

----------------------------------------------------------
 Time       [T]      412.0000
----------------------------------------------------------
 Sub-region num.                     1
----------------------------------------------------------
 Length   [L]        0.15000E+03  0.15000E+03
 W-volume [L]        0.12319E+02  0.12319E+02
 In-flow  [L/T]     -0.15787E-02 -0.15787E-02
 h Mean   [L]       -0.46045E+04 -0.46045E+04
 Top Flux [L/T]      0.15608E-02
 Bot Flux [L/T]      0.00000E+00
 WatBalT  [L]       -0.16066E+00
 WatBalR  [%]              0.231
----------------------------------------------------------

----------------------------------------------------------
 Time       [T]      413.0000
----------------------------------------------------------
 Sub-region num.                     1
----------------------------------------------------------
 Length   [L]        0.15000E+03  0.15000E+03
 W-volume [L]        0.12317E+02  0.12317E+02
 In-flow  [L/T]     -0.15734E-02 -0.15734E-02
 h Mean   [L]       -0.46056E+04 -0.46056E+04
 Top Flux [L/T]      0.15557E-02
 Bot Flux [L/T]      0.00000E+00
 WatBalT  [L]       -0.16066E+00
 WatBalR  [%]              0.231
----------------------------------------------------------

----------------------------------------------------------
 Time       [T]      414.0000
----------------------------------------------------------
 Sub-region num.                     1
----------------------------------------------------------
 Length   [L]        0.15000E+03  0.15000E+03
 W-volume [L]        0.12315E+02  0.12315E+02
 In-flow  [L/T]     -0.15684E-02 -0.15684E-02
 h Mean   [L]       -0.46067E+04 -0.46067E+04
 Top Flux [L/T]      0.15507E-02
 Bot Flux [L/T]      0.00000E+00
 WatBalT  [L]       -0.16066E+00
 WatBalR  [%]              0.231
----------------------------------------------------------

----------------------------------------------------------
 Time       [T]      415.0000
----------------------------------------------------------
 Sub-region num.                     1
----------------------------------------------------------
 Length   [L]        0.15000E+03  0.15000E+03
 W-volume [L]        0.12314E+02  0.12314E+02
 In-flow  [L/T]     -0.15635E-02 -0.15635E-02
 h Mean   [L]       -0.46078E+04 -0.46078E+04
 Top Flux [L/T]      0.15459E-02
 Bot Flux [L/T]      0.00000E+00
 WatBalT  [L]       -0.16066E+00
 WatBalR  [%]              0.231
----------------------------------------------------------

----------------------------------------------------------
 Time       [T]      416.0000
----------------------------------------------------------
 Sub-region num.                     1
----------------------------------------------------------
 Length   [L]        0.15000E+03  0.15000E+03
 W-volume [L]        0.12312E+02  0.12312E+02
 In-flow  [L/T]     -0.15589E-02 -0.15589E-02
 h Mean   [L]       -0.46088E+04 -0.46088E+04
 Top Flux [L/T]      0.15411E-02
 Bot Flux [L/T]      0.00000E+00
 WatBalT  [L]       -0.16066E+00
 WatBalR  [%]              0.231
----------------------------------------------------------

----------------------------------------------------------
 Time       [T]      417.0000
----------------------------------------------------------
 Sub-region num.                     1
----------------------------------------------------------
 Length   [L]        0.15000E+03  0.15000E+03
 W-volume [L]        0.12311E+02  0.12311E+02
 In-flow  [L/T]     -0.15540E-02 -0.15540E-02
 h Mean   [L]       -0.46099E+04 -0.46099E+04
 Top Flux [L/T]      0.15363E-02
 Bot Flux [L/T]      0.00000E+00
 WatBalT  [L]       -0.16066E+00
 WatBalR  [%]              0.231
----------------------------------------------------------

----------------------------------------------------------
 Time       [T]      418.0000
----------------------------------------------------------
 Sub-region num.                     1
----------------------------------------------------------
 Length   [L]        0.15000E+03  0.15000E+03
 W-volume [L]        0.12309E+02  0.12309E+02
 In-flow  [L/T]     -0.15489E-02 -0.15489E-02
 h Mean   [L]       -0.46110E+04 -0.46110E+04
 Top Flux [L/T]      0.15316E-02
 Bot Flux [L/T]      0.00000E+00
 WatBalT  [L]       -0.16066E+00
 WatBalR  [%]              0.231
----------------------------------------------------------

----------------------------------------------------------
 Time       [T]      419.0000
----------------------------------------------------------
 Sub-region num.                     1
----------------------------------------------------------
 Length   [L]        0.15000E+03  0.15000E+03
 W-volume [L]        0.12308E+02  0.12308E+02
 In-flow  [L/T]     -0.15446E-02 -0.15446E-02
 h Mean   [L]       -0.46121E+04 -0.46121E+04
 Top Flux [L/T]      0.15270E-02
 Bot Flux [L/T]      0.00000E+00
 WatBalT  [L]       -0.16066E+00
 WatBalR  [%]              0.231
----------------------------------------------------------

----------------------------------------------------------
 Time       [T]      420.0000
----------------------------------------------------------
 Sub-region num.                     1
----------------------------------------------------------
 Length   [L]        0.15000E+03  0.15000E+03
 W-volume [L]        0.12306E+02  0.12306E+02
 In-flow  [L/T]     -0.15398E-02 -0.15398E-02
 h Mean   [L]       -0.46132E+04 -0.46132E+04
 Top Flux [L/T]      0.15223E-02
 Bot Flux [L/T]      0.00000E+00
 WatBalT  [L]       -0.16066E+00
 WatBalR  [%]              0.231
----------------------------------------------------------

----------------------------------------------------------
 Time       [T]      421.0000
----------------------------------------------------------
 Sub-region num.                     1
----------------------------------------------------------
 Length   [L]        0.15000E+03  0.15000E+03
 W-volume [L]        0.12305E+02  0.12305E+02
 In-flow  [L/T]     -0.15351E-02 -0.15351E-02
 h Mean   [L]       -0.46142E+04 -0.46142E+04
 Top Flux [L/T]      0.15177E-02
 Bot Flux [L/T]      0.00000E+00
 WatBalT  [L]       -0.16066E+00
 WatBalR  [%]              0.231
----------------------------------------------------------

----------------------------------------------------------
 Time       [T]      422.0000
----------------------------------------------------------
 Sub-region num.                     1
----------------------------------------------------------
 Length   [L]        0.15000E+03  0.15000E+03
 W-volume [L]        0.12303E+02  0.12303E+02
 In-flow  [L/T]     -0.15306E-02 -0.15306E-02
 h Mean   [L]       -0.46153E+04 -0.46153E+04
 Top Flux [L/T]      0.15132E-02
 Bot Flux [L/T]      0.00000E+00
 WatBalT  [L]       -0.16066E+00
 WatBalR  [%]              0.231
----------------------------------------------------------

----------------------------------------------------------
 Time       [T]      423.0000
----------------------------------------------------------
 Sub-region num.                     1
----------------------------------------------------------
 Length   [L]        0.15000E+03  0.15000E+03
 W-volume [L]        0.12302E+02  0.12302E+02
 In-flow  [L/T]     -0.15260E-02 -0.15260E-02
 h Mean   [L]       -0.46164E+04 -0.46164E+04
 Top Flux [L/T]      0.15086E-02
 Bot Flux [L/T]      0.00000E+00
 WatBalT  [L]       -0.16066E+00
 WatBalR  [%]              0.231
----------------------------------------------------------

----------------------------------------------------------
 Time       [T]      424.0000
----------------------------------------------------------
 Sub-region num.                     1
----------------------------------------------------------
 Length   [L]        0.15000E+03  0.15000E+03
 W-volume [L]        0.12300E+02  0.12300E+02
 In-flow  [L/T]     -0.15216E-02 -0.15216E-02
 h Mean   [L]       -0.46174E+04 -0.46174E+04
 Top Flux [L/T]      0.15041E-02
 Bot Flux [L/T]      0.00000E+00
 WatBalT  [L]       -0.16066E+00
 WatBalR  [%]              0.231
----------------------------------------------------------

----------------------------------------------------------
 Time       [T]      425.0000
----------------------------------------------------------
 Sub-region num.                     1
----------------------------------------------------------
 Length   [L]        0.15000E+03  0.15000E+03
 W-volume [L]        0.12299E+02  0.12299E+02
 In-flow  [L/T]     -0.15167E-02 -0.15167E-02
 h Mean   [L]       -0.46185E+04 -0.46185E+04
 Top Flux [L/T]      0.14996E-02
 Bot Flux [L/T]      0.00000E+00
 WatBalT  [L]       -0.16066E+00
 WatBalR  [%]              0.231
----------------------------------------------------------

----------------------------------------------------------
 Time       [T]      426.0000
----------------------------------------------------------
 Sub-region num.                     1
----------------------------------------------------------
 Length   [L]        0.15000E+03  0.15000E+03
 W-volume [L]        0.12297E+02  0.12297E+02
 In-flow  [L/T]     -0.15123E-02 -0.15123E-02
 h Mean   [L]       -0.46195E+04 -0.46195E+04
 Top Flux [L/T]      0.14951E-02
 Bot Flux [L/T]      0.00000E+00
 WatBalT  [L]       -0.16066E+00
 WatBalR  [%]              0.231
----------------------------------------------------------

----------------------------------------------------------
 Time       [T]      427.0000
----------------------------------------------------------
 Sub-region num.                     1
----------------------------------------------------------
 Length   [L]        0.15000E+03  0.15000E+03
 W-volume [L]        0.12296E+02  0.12296E+02
 In-flow  [L/T]     -0.15079E-02 -0.15079E-02
 h Mean   [L]       -0.46206E+04 -0.46206E+04
 Top Flux [L/T]      0.14906E-02
 Bot Flux [L/T]      0.00000E+00
 WatBalT  [L]       -0.16066E+00
 WatBalR  [%]              0.231
----------------------------------------------------------

----------------------------------------------------------
 Time       [T]      428.0000
----------------------------------------------------------
 Sub-region num.                     1
----------------------------------------------------------
 Length   [L]        0.15000E+03  0.15000E+03
 W-volume [L]        0.12294E+02  0.12294E+02
 In-flow  [L/T]     -0.15032E-02 -0.15032E-02
 h Mean   [L]       -0.46217E+04 -0.46217E+04
 Top Flux [L/T]      0.14861E-02
 Bot Flux [L/T]      0.00000E+00
 WatBalT  [L]       -0.16066E+00
 WatBalR  [%]              0.231
----------------------------------------------------------

----------------------------------------------------------
 Time       [T]      429.0000
----------------------------------------------------------
 Sub-region num.                     1
----------------------------------------------------------
 Length   [L]        0.15000E+03  0.15000E+03
 W-volume [L]        0.12292E+02  0.12292E+02
 In-flow  [L/T]     -0.14990E-02 -0.14990E-02
 h Mean   [L]       -0.46227E+04 -0.46227E+04
 Top Flux [L/T]      0.14817E-02
 Bot Flux [L/T]      0.00000E+00
 WatBalT  [L]       -0.16066E+00
 WatBalR  [%]              0.231
----------------------------------------------------------

----------------------------------------------------------
 Time       [T]      430.0000
----------------------------------------------------------
 Sub-region num.                     1
----------------------------------------------------------
 Length   [L]        0.15000E+03  0.15000E+03
 W-volume [L]        0.12291E+02  0.12291E+02
 In-flow  [L/T]     -0.14943E-02 -0.14943E-02
 h Mean   [L]       -0.46238E+04 -0.46238E+04
 Top Flux [L/T]      0.14772E-02
 Bot Flux [L/T]      0.00000E+00
 WatBalT  [L]       -0.16066E+00
 WatBalR  [%]              0.231
----------------------------------------------------------

----------------------------------------------------------
 Time       [T]      431.0000
----------------------------------------------------------
 Sub-region num.                     1
----------------------------------------------------------
 Length   [L]        0.15000E+03  0.15000E+03
 W-volume [L]        0.12290E+02  0.12290E+02
 In-flow  [L/T]     -0.14898E-02 -0.14898E-02
 h Mean   [L]       -0.46249E+04 -0.46249E+04
 Top Flux [L/T]      0.14728E-02
 Bot Flux [L/T]      0.00000E+00
 WatBalT  [L]       -0.16066E+00
 WatBalR  [%]              0.231
----------------------------------------------------------

----------------------------------------------------------
 Time       [T]      432.0000
----------------------------------------------------------
 Sub-region num.                     1
----------------------------------------------------------
 Length   [L]        0.15000E+03  0.15000E+03
 W-volume [L]        0.12288E+02  0.12288E+02
 In-flow  [L/T]     -0.14856E-02 -0.14856E-02
 h Mean   [L]       -0.46259E+04 -0.46259E+04
 Top Flux [L/T]      0.14685E-02
 Bot Flux [L/T]      0.00000E+00
 WatBalT  [L]       -0.16066E+00
 WatBalR  [%]              0.231
----------------------------------------------------------

----------------------------------------------------------
 Time       [T]      433.0000
----------------------------------------------------------
 Sub-region num.                     1
----------------------------------------------------------
 Length   [L]        0.15000E+03  0.15000E+03
 W-volume [L]        0.12287E+02  0.12287E+02
 In-flow  [L/T]     -0.14814E-02 -0.14814E-02
 h Mean   [L]       -0.46270E+04 -0.46270E+04
 Top Flux [L/T]      0.14641E-02
 Bot Flux [L/T]      0.00000E+00
 WatBalT  [L]       -0.16066E+00
 WatBalR  [%]              0.231
----------------------------------------------------------

----------------------------------------------------------
 Time       [T]      434.0000
----------------------------------------------------------
 Sub-region num.                     1
----------------------------------------------------------
 Length   [L]        0.15000E+03  0.15000E+03
 W-volume [L]        0.12285E+02  0.12285E+02
 In-flow  [L/T]     -0.14770E-02 -0.14770E-02
 h Mean   [L]       -0.46280E+04 -0.46280E+04
 Top Flux [L/T]      0.14599E-02
 Bot Flux [L/T]      0.00000E+00
 WatBalT  [L]       -0.16066E+00
 WatBalR  [%]              0.231
----------------------------------------------------------

----------------------------------------------------------
 Time       [T]      435.0000
----------------------------------------------------------
 Sub-region num.                     1
----------------------------------------------------------
 Length   [L]        0.15000E+03  0.15000E+03
 W-volume [L]        0.12284E+02  0.12284E+02
 In-flow  [L/T]     -0.14727E-02 -0.14727E-02
 h Mean   [L]       -0.46291E+04 -0.46291E+04
 Top Flux [L/T]      0.14557E-02
 Bot Flux [L/T]      0.00000E+00
 WatBalT  [L]       -0.16066E+00
 WatBalR  [%]              0.231
----------------------------------------------------------

----------------------------------------------------------
 Time       [T]      436.0000
----------------------------------------------------------
 Sub-region num.                     1
----------------------------------------------------------
 Length   [L]        0.15000E+03  0.15000E+03
 W-volume [L]        0.12282E+02  0.12282E+02
 In-flow  [L/T]     -0.14686E-02 -0.14686E-02
 h Mean   [L]       -0.46301E+04 -0.46301E+04
 Top Flux [L/T]      0.14516E-02
 Bot Flux [L/T]      0.00000E+00
 WatBalT  [L]       -0.16066E+00
 WatBalR  [%]              0.231
----------------------------------------------------------

----------------------------------------------------------
 Time       [T]      437.0000
----------------------------------------------------------
 Sub-region num.                     1
----------------------------------------------------------
 Length   [L]        0.15000E+03  0.15000E+03
 W-volume [L]        0.12281E+02  0.12281E+02
 In-flow  [L/T]     -0.14645E-02 -0.14645E-02
 h Mean   [L]       -0.46311E+04 -0.46311E+04
 Top Flux [L/T]      0.14476E-02
 Bot Flux [L/T]      0.00000E+00
 WatBalT  [L]       -0.16066E+00
 WatBalR  [%]              0.231
----------------------------------------------------------

----------------------------------------------------------
 Time       [T]      438.0000
----------------------------------------------------------
 Sub-region num.                     1
----------------------------------------------------------
 Length   [L]        0.15000E+03  0.15000E+03
 W-volume [L]        0.12279E+02  0.12279E+02
 In-flow  [L/T]     -0.14606E-02 -0.14606E-02
 h Mean   [L]       -0.46322E+04 -0.46322E+04
 Top Flux [L/T]      0.14437E-02
 Bot Flux [L/T]      0.00000E+00
 WatBalT  [L]       -0.16066E+00
 WatBalR  [%]              0.231
----------------------------------------------------------

----------------------------------------------------------
 Time       [T]      439.0000
----------------------------------------------------------
 Sub-region num.                     1
----------------------------------------------------------
 Length   [L]        0.15000E+03  0.15000E+03
 W-volume [L]        0.12278E+02  0.12278E+02
 In-flow  [L/T]     -0.14567E-02 -0.14567E-02
 h Mean   [L]       -0.46332E+04 -0.46332E+04
 Top Flux [L/T]      0.14398E-02
 Bot Flux [L/T]      0.00000E+00
 WatBalT  [L]       -0.16066E+00
 WatBalR  [%]              0.231
----------------------------------------------------------

----------------------------------------------------------
 Time       [T]      440.0000
----------------------------------------------------------
 Sub-region num.                     1
----------------------------------------------------------
 Length   [L]        0.15000E+03  0.15000E+03
 W-volume [L]        0.12276E+02  0.12276E+02
 In-flow  [L/T]     -0.14528E-02 -0.14528E-02
 h Mean   [L]       -0.46342E+04 -0.46342E+04
 Top Flux [L/T]      0.14360E-02
 Bot Flux [L/T]      0.00000E+00
 WatBalT  [L]       -0.16066E+00
 WatBalR  [%]              0.231
----------------------------------------------------------

----------------------------------------------------------
 Time       [T]      441.0000
----------------------------------------------------------
 Sub-region num.                     1
----------------------------------------------------------
 Length   [L]        0.15000E+03  0.15000E+03
 W-volume [L]        0.12275E+02  0.12275E+02
 In-flow  [L/T]     -0.14490E-02 -0.14490E-02
 h Mean   [L]       -0.46352E+04 -0.46352E+04
 Top Flux [L/T]      0.14323E-02
 Bot Flux [L/T]      0.00000E+00
 WatBalT  [L]       -0.16066E+00
 WatBalR  [%]              0.231
----------------------------------------------------------

----------------------------------------------------------
 Time       [T]      442.0000
----------------------------------------------------------
 Sub-region num.                     1
----------------------------------------------------------
 Length   [L]        0.15000E+03  0.15000E+03
 W-volume [L]        0.12273E+02  0.12273E+02
 In-flow  [L/T]     -0.14452E-02 -0.14452E-02
 h Mean   [L]       -0.46362E+04 -0.46362E+04
 Top Flux [L/T]      0.14286E-02
 Bot Flux [L/T]      0.00000E+00
 WatBalT  [L]       -0.16066E+00
 WatBalR  [%]              0.231
----------------------------------------------------------

----------------------------------------------------------
 Time       [T]      443.0000
----------------------------------------------------------
 Sub-region num.                     1
----------------------------------------------------------
 Length   [L]        0.15000E+03  0.15000E+03
 W-volume [L]        0.12272E+02  0.12272E+02
 In-flow  [L/T]     -0.14415E-02 -0.14415E-02
 h Mean   [L]       -0.46372E+04 -0.46372E+04
 Top Flux [L/T]      0.14249E-02
 Bot Flux [L/T]      0.00000E+00
 WatBalT  [L]       -0.16066E+00
 WatBalR  [%]              0.231
----------------------------------------------------------

----------------------------------------------------------
 Time       [T]      444.0000
----------------------------------------------------------
 Sub-region num.                     1
----------------------------------------------------------
 Length   [L]        0.15000E+03  0.15000E+03
 W-volume [L]        0.12271E+02  0.12271E+02
 In-flow  [L/T]     -0.14381E-02 -0.14381E-02
 h Mean   [L]       -0.46382E+04 -0.46382E+04
 Top Flux [L/T]      0.14213E-02
 Bot Flux [L/T]      0.00000E+00
 WatBalT  [L]       -0.16066E+00
 WatBalR  [%]              0.231
----------------------------------------------------------

----------------------------------------------------------
 Time       [T]      445.0000
----------------------------------------------------------
 Sub-region num.                     1
----------------------------------------------------------
 Length   [L]        0.15000E+03  0.15000E+03
 W-volume [L]        0.12269E+02  0.12269E+02
 In-flow  [L/T]     -0.14341E-02 -0.14341E-02
 h Mean   [L]       -0.46392E+04 -0.46392E+04
 Top Flux [L/T]      0.14177E-02
 Bot Flux [L/T]      0.00000E+00
 WatBalT  [L]       -0.16066E+00
 WatBalR  [%]              0.231
----------------------------------------------------------

----------------------------------------------------------
 Time       [T]      446.0000
----------------------------------------------------------
 Sub-region num.                     1
----------------------------------------------------------
 Length   [L]        0.15000E+03  0.15000E+03
 W-volume [L]        0.12268E+02  0.12268E+02
 In-flow  [L/T]     -0.14309E-02 -0.14309E-02
 h Mean   [L]       -0.46402E+04 -0.46402E+04
 Top Flux [L/T]      0.14142E-02
 Bot Flux [L/T]      0.00000E+00
 WatBalT  [L]       -0.16066E+00
 WatBalR  [%]              0.231
----------------------------------------------------------

----------------------------------------------------------
 Time       [T]      447.0000
----------------------------------------------------------
 Sub-region num.                     1
----------------------------------------------------------
 Length   [L]        0.15000E+03  0.15000E+03
 W-volume [L]        0.12266E+02  0.12266E+02
 In-flow  [L/T]     -0.14271E-02 -0.14271E-02
 h Mean   [L]       -0.46412E+04 -0.46412E+04
 Top Flux [L/T]      0.14106E-02
 Bot Flux [L/T]      0.00000E+00
 WatBalT  [L]       -0.16066E+00
 WatBalR  [%]              0.231
----------------------------------------------------------

----------------------------------------------------------
 Time       [T]      448.0000
----------------------------------------------------------
 Sub-region num.                     1
----------------------------------------------------------
 Length   [L]        0.15000E+03  0.15000E+03
 W-volume [L]        0.12265E+02  0.12265E+02
 In-flow  [L/T]     -0.14235E-02 -0.14235E-02
 h Mean   [L]       -0.46422E+04 -0.46422E+04
 Top Flux [L/T]      0.14071E-02
 Bot Flux [L/T]      0.00000E+00
 WatBalT  [L]       -0.16066E+00
 WatBalR  [%]              0.231
----------------------------------------------------------

----------------------------------------------------------
 Time       [T]      449.0000
----------------------------------------------------------
 Sub-region num.                     1
----------------------------------------------------------
 Length   [L]        0.15000E+03  0.15000E+03
 W-volume [L]        0.12263E+02  0.12263E+02
 In-flow  [L/T]     -0.14202E-02 -0.14202E-02
 h Mean   [L]       -0.46431E+04 -0.46431E+04
 Top Flux [L/T]      0.14036E-02
 Bot Flux [L/T]      0.00000E+00
 WatBalT  [L]       -0.16066E+00
 WatBalR  [%]              0.231
----------------------------------------------------------

----------------------------------------------------------
 Time       [T]      450.0000
----------------------------------------------------------
 Sub-region num.                     1
----------------------------------------------------------
 Length   [L]        0.15000E+03  0.15000E+03
 W-volume [L]        0.12262E+02  0.12262E+02
 In-flow  [L/T]     -0.14165E-02 -0.14165E-02
 h Mean   [L]       -0.46441E+04 -0.46441E+04
 Top Flux [L/T]      0.14002E-02
 Bot Flux [L/T]      0.00000E+00
 WatBalT  [L]       -0.16066E+00
 WatBalR  [%]              0.231
----------------------------------------------------------

----------------------------------------------------------
 Time       [T]      451.0000
----------------------------------------------------------
 Sub-region num.                     1
----------------------------------------------------------
 Length   [L]        0.15000E+03  0.15000E+03
 W-volume [L]        0.12261E+02  0.12261E+02
 In-flow  [L/T]     -0.14131E-02 -0.14131E-02
 h Mean   [L]       -0.46451E+04 -0.46451E+04
 Top Flux [L/T]      0.13967E-02
 Bot Flux [L/T]      0.00000E+00
 WatBalT  [L]       -0.16066E+00
 WatBalR  [%]              0.231
----------------------------------------------------------

----------------------------------------------------------
 Time       [T]      452.0000
----------------------------------------------------------
 Sub-region num.                     1
----------------------------------------------------------
 Length   [L]        0.15000E+03  0.15000E+03
 W-volume [L]        0.12259E+02  0.12259E+02
 In-flow  [L/T]     -0.14094E-02 -0.14094E-02
 h Mean   [L]       -0.46461E+04 -0.46461E+04
 Top Flux [L/T]      0.13933E-02
 Bot Flux [L/T]      0.00000E+00
 WatBalT  [L]       -0.16066E+00
 WatBalR  [%]              0.231
----------------------------------------------------------

----------------------------------------------------------
 Time       [T]      453.0000
----------------------------------------------------------
 Sub-region num.                     1
----------------------------------------------------------
 Length   [L]        0.15000E+03  0.15000E+03
 W-volume [L]        0.12258E+02  0.12258E+02
 In-flow  [L/T]     -0.14060E-02 -0.14060E-02
 h Mean   [L]       -0.46471E+04 -0.46471E+04
 Top Flux [L/T]      0.13899E-02
 Bot Flux [L/T]      0.00000E+00
 WatBalT  [L]       -0.16066E+00
 WatBalR  [%]              0.231
----------------------------------------------------------

----------------------------------------------------------
 Time       [T]      454.0000
----------------------------------------------------------
 Sub-region num.                     1
----------------------------------------------------------
 Length   [L]        0.15000E+03  0.15000E+03
 W-volume [L]        0.12256E+02  0.12256E+02
 In-flow  [L/T]     -0.14029E-02 -0.14029E-02
 h Mean   [L]       -0.46480E+04 -0.46480E+04
 Top Flux [L/T]      0.13865E-02
 Bot Flux [L/T]      0.00000E+00
 WatBalT  [L]       -0.16066E+00
 WatBalR  [%]              0.231
----------------------------------------------------------

----------------------------------------------------------
 Time       [T]      455.0000
----------------------------------------------------------
 Sub-region num.                     1
----------------------------------------------------------
 Length   [L]        0.15000E+03  0.15000E+03
 W-volume [L]        0.12255E+02  0.12255E+02
 In-flow  [L/T]     -0.13996E-02 -0.13996E-02
 h Mean   [L]       -0.46490E+04 -0.46490E+04
 Top Flux [L/T]      0.13832E-02
 Bot Flux [L/T]      0.00000E+00
 WatBalT  [L]       -0.16066E+00
 WatBalR  [%]              0.231
----------------------------------------------------------

----------------------------------------------------------
 Time       [T]      456.0000
----------------------------------------------------------
 Sub-region num.                     1
----------------------------------------------------------
 Length   [L]        0.15000E+03  0.15000E+03
 W-volume [L]        0.12254E+02  0.12254E+02
 In-flow  [L/T]     -0.13958E-02 -0.13958E-02
 h Mean   [L]       -0.46500E+04 -0.46500E+04
 Top Flux [L/T]      0.13798E-02
 Bot Flux [L/T]      0.00000E+00
 WatBalT  [L]       -0.16066E+00
 WatBalR  [%]              0.231
----------------------------------------------------------

----------------------------------------------------------
 Time       [T]      457.0000
----------------------------------------------------------
 Sub-region num.                     1
----------------------------------------------------------
 Length   [L]        0.15000E+03  0.15000E+03
 W-volume [L]        0.12254E+02  0.12254E+02
 In-flow  [L/T]     -0.16004E-04 -0.16004E-04
 h Mean   [L]       -0.31166E+04 -0.31166E+04
 Top Flux [L/T]      0.81901E-03
 Bot Flux [L/T]      0.00000E+00
 WatBalT  [L]       -0.16066E+00
 WatBalR  [%]              0.231
----------------------------------------------------------

----------------------------------------------------------
 Time       [T]      458.0000
----------------------------------------------------------
 Sub-region num.                     1
----------------------------------------------------------
 Length   [L]        0.15000E+03  0.15000E+03
 W-volume [L]        0.12253E+02  0.12253E+02
 In-flow  [L/T]     -0.16332E-04 -0.16332E-04
 h Mean   [L]       -0.25822E+04 -0.25822E+04
 Top Flux [L/T]      0.66129E-03
 Bot Flux [L/T]      0.00000E+00
 WatBalT  [L]       -0.16066E+00
 WatBalR  [%]              0.231
----------------------------------------------------------

----------------------------------------------------------
 Time       [T]      459.0000
----------------------------------------------------------
 Sub-region num.                     1
----------------------------------------------------------
 Length   [L]        0.15000E+03  0.15000E+03
 W-volume [L]        0.12253E+02  0.12253E+02
 In-flow  [L/T]     -0.15870E-04 -0.15870E-04
 h Mean   [L]       -0.22612E+04 -0.22612E+04
 Top Flux [L/T]      0.57586E-03
 Bot Flux [L/T]      0.00000E+00
 WatBalT  [L]       -0.16066E+00
 WatBalR  [%]              0.231
----------------------------------------------------------

----------------------------------------------------------
 Time       [T]      460.0000
----------------------------------------------------------
 Sub-region num.                     1
----------------------------------------------------------
 Length   [L]        0.15000E+03  0.15000E+03
 W-volume [L]        0.12253E+02  0.12253E+02
 In-flow  [L/T]     -0.15870E-04 -0.15870E-04
 h Mean   [L]       -0.20530E+04 -0.20530E+04
 Top Flux [L/T]      0.52618E-03
 Bot Flux [L/T]      0.00000E+00
 WatBalT  [L]       -0.16066E+00
 WatBalR  [%]              0.231
----------------------------------------------------------

----------------------------------------------------------
 Time       [T]      461.0000
----------------------------------------------------------
 Sub-region num.                     1
----------------------------------------------------------
 Length   [L]        0.15000E+03  0.15000E+03
 W-volume [L]        0.12253E+02  0.12253E+02
 In-flow  [L/T]     -0.16123E-04 -0.16123E-04
 h Mean   [L]       -0.19061E+04 -0.19061E+04
 Top Flux [L/T]      0.49429E-03
 Bot Flux [L/T]      0.00000E+00
 WatBalT  [L]       -0.16067E+00
 WatBalR  [%]              0.231
----------------------------------------------------------

----------------------------------------------------------
 Time       [T]      462.0000
----------------------------------------------------------
 Sub-region num.                     1
----------------------------------------------------------
 Length   [L]        0.15000E+03  0.15000E+03
 W-volume [L]        0.12253E+02  0.12253E+02
 In-flow  [L/T]     -0.16034E-04 -0.16034E-04
 h Mean   [L]       -0.17962E+04 -0.17962E+04
 Top Flux [L/T]      0.47223E-03
 Bot Flux [L/T]      0.00000E+00
 WatBalT  [L]       -0.16067E+00
 WatBalR  [%]              0.231
----------------------------------------------------------

----------------------------------------------------------
 Time       [T]      463.0000
----------------------------------------------------------
 Sub-region num.                     1
----------------------------------------------------------
 Length   [L]        0.15000E+03  0.15000E+03
 W-volume [L]        0.12253E+02  0.12253E+02
 In-flow  [L/T]     -0.15721E-04 -0.15721E-04
 h Mean   [L]       -0.17106E+04 -0.17106E+04
 Top Flux [L/T]      0.45609E-03
 Bot Flux [L/T]      0.00000E+00
 WatBalT  [L]       -0.16067E+00
 WatBalR  [%]              0.231
----------------------------------------------------------

----------------------------------------------------------
 Time       [T]      464.0000
----------------------------------------------------------
 Sub-region num.                     1
----------------------------------------------------------
 Length   [L]        0.15000E+03  0.15000E+03
 W-volume [L]        0.12253E+02  0.12253E+02
 In-flow  [L/T]     -0.15736E-04 -0.15736E-04
 h Mean   [L]       -0.16419E+04 -0.16419E+04
 Top Flux [L/T]      0.44378E-03
 Bot Flux [L/T]      0.00000E+00
 WatBalT  [L]       -0.16067E+00
 WatBalR  [%]              0.231
----------------------------------------------------------

----------------------------------------------------------
 Time       [T]      465.0000
----------------------------------------------------------
 Sub-region num.                     1
----------------------------------------------------------
 Length   [L]        0.15000E+03  0.15000E+03
 W-volume [L]        0.12253E+02  0.12253E+02
 In-flow  [L/T]     -0.16272E-04 -0.16272E-04
 h Mean   [L]       -0.15856E+04 -0.15856E+04
 Top Flux [L/T]      0.43406E-03
 Bot Flux [L/T]      0.00000E+00
 WatBalT  [L]       -0.16067E+00
 WatBalR  [%]              0.231
----------------------------------------------------------

----------------------------------------------------------
 Time       [T]      466.0000
----------------------------------------------------------
 Sub-region num.                     1
----------------------------------------------------------
 Length   [L]        0.15000E+03  0.15000E+03
 W-volume [L]        0.12253E+02  0.12253E+02
 In-flow  [L/T]     -0.15780E-04 -0.15780E-04
 h Mean   [L]       -0.15385E+04 -0.15385E+04
 Top Flux [L/T]      0.42617E-03
 Bot Flux [L/T]      0.00000E+00
 WatBalT  [L]       -0.16067E+00
 WatBalR  [%]              0.231
----------------------------------------------------------

----------------------------------------------------------
 Time       [T]      467.0000
----------------------------------------------------------
 Sub-region num.                     1
----------------------------------------------------------
 Length   [L]        0.15000E+03  0.15000E+03
 W-volume [L]        0.12253E+02  0.12253E+02
 In-flow  [L/T]     -0.15765E-04 -0.15765E-04
 h Mean   [L]       -0.14986E+04 -0.14986E+04
 Top Flux [L/T]      0.41959E-03
 Bot Flux [L/T]      0.00000E+00
 WatBalT  [L]       -0.16067E+00
 WatBalR  [%]              0.231
----------------------------------------------------------

----------------------------------------------------------
 Time       [T]      468.0000
----------------------------------------------------------
 Sub-region num.                     1
----------------------------------------------------------
 Length   [L]        0.15000E+03  0.15000E+03
 W-volume [L]        0.12253E+02  0.12253E+02
 In-flow  [L/T]     -0.15572E-04 -0.15572E-04
 h Mean   [L]       -0.14643E+04 -0.14643E+04
 Top Flux [L/T]      0.41398E-03
 Bot Flux [L/T]      0.00000E+00
 WatBalT  [L]       -0.16067E+00
 WatBalR  [%]              0.231
----------------------------------------------------------

----------------------------------------------------------
 Time       [T]      469.0000
----------------------------------------------------------
 Sub-region num.                     1
----------------------------------------------------------
 Length   [L]        0.15000E+03  0.15000E+03
 W-volume [L]        0.12253E+02  0.12253E+02
 In-flow  [L/T]     -0.15587E-04 -0.15587E-04
 h Mean   [L]       -0.14347E+04 -0.14347E+04
 Top Flux [L/T]      0.40957E-03
 Bot Flux [L/T]      0.00000E+00
 WatBalT  [L]       -0.16067E+00
 WatBalR  [%]              0.231
----------------------------------------------------------

----------------------------------------------------------
 Time       [T]      470.0000
----------------------------------------------------------
 Sub-region num.                     1
----------------------------------------------------------
 Length   [L]        0.15000E+03  0.15000E+03
 W-volume [L]        0.12253E+02  0.12253E+02
 In-flow  [L/T]     -0.15512E-04 -0.15512E-04
 h Mean   [L]       -0.14086E+04 -0.14086E+04
 Top Flux [L/T]      0.40618E-03
 Bot Flux [L/T]      0.00000E+00
 WatBalT  [L]       -0.16067E+00
 WatBalR  [%]              0.231
----------------------------------------------------------

----------------------------------------------------------
 Time       [T]      471.0000
----------------------------------------------------------
 Sub-region num.                     1
----------------------------------------------------------
 Length   [L]        0.15000E+03  0.15000E+03
 W-volume [L]        0.12253E+02  0.12253E+02
 In-flow  [L/T]     -0.15751E-04 -0.15751E-04
 h Mean   [L]       -0.13856E+04 -0.13856E+04
 Top Flux [L/T]      0.40337E-03
 Bot Flux [L/T]      0.00000E+00
 WatBalT  [L]       -0.16067E+00
 WatBalR  [%]              0.231
----------------------------------------------------------

----------------------------------------------------------
 Time       [T]      472.0000
----------------------------------------------------------
 Sub-region num.                     1
----------------------------------------------------------
 Length   [L]        0.15000E+03  0.15000E+03
 W-volume [L]        0.12253E+02  0.12253E+02
 In-flow  [L/T]     -0.15482E-04 -0.15482E-04
 h Mean   [L]       -0.13652E+04 -0.13652E+04
 Top Flux [L/T]      0.40088E-03
 Bot Flux [L/T]      0.00000E+00
 WatBalT  [L]       -0.16067E+00
 WatBalR  [%]              0.231
----------------------------------------------------------

----------------------------------------------------------
 Time       [T]      473.0000
----------------------------------------------------------
 Sub-region num.                     1
----------------------------------------------------------
 Length   [L]        0.15000E+03  0.15000E+03
 W-volume [L]        0.12253E+02  0.12253E+02
 In-flow  [L/T]     -0.15482E-04 -0.15482E-04
 h Mean   [L]       -0.13468E+04 -0.13468E+04
 Top Flux [L/T]      0.39852E-03
 Bot Flux [L/T]      0.00000E+00
 WatBalT  [L]       -0.16067E+00
 WatBalR  [%]              0.231
----------------------------------------------------------

----------------------------------------------------------
 Time       [T]      474.0000
----------------------------------------------------------
 Sub-region num.                     1
----------------------------------------------------------
 Length   [L]        0.15000E+03  0.15000E+03
 W-volume [L]        0.12253E+02  0.12253E+02
 In-flow  [L/T]     -0.15765E-04 -0.15765E-04
 h Mean   [L]       -0.13304E+04 -0.13304E+04
 Top Flux [L/T]      0.39618E-03
 Bot Flux [L/T]      0.00000E+00
 WatBalT  [L]       -0.16067E+00
 WatBalR  [%]              0.231
----------------------------------------------------------

----------------------------------------------------------
 Time       [T]      475.0000
----------------------------------------------------------
 Sub-region num.                     1
----------------------------------------------------------
 Length   [L]        0.15000E+03  0.15000E+03
 W-volume [L]        0.12253E+02  0.12253E+02
 In-flow  [L/T]     -0.15393E-04 -0.15393E-04
 h Mean   [L]       -0.13155E+04 -0.13155E+04
 Top Flux [L/T]      0.39379E-03
 Bot Flux [L/T]      0.00000E+00
 WatBalT  [L]       -0.16067E+00
 WatBalR  [%]              0.231
----------------------------------------------------------

----------------------------------------------------------
 Time       [T]      476.0000
----------------------------------------------------------
 Sub-region num.                     1
----------------------------------------------------------
 Length   [L]        0.15000E+03  0.15000E+03
 W-volume [L]        0.12253E+02  0.12253E+02
 In-flow  [L/T]     -0.15289E-04 -0.15289E-04
 h Mean   [L]       -0.13020E+04 -0.13020E+04
 Top Flux [L/T]      0.39129E-03
 Bot Flux [L/T]      0.00000E+00
 WatBalT  [L]       -0.16067E+00
 WatBalR  [%]              0.231
----------------------------------------------------------

----------------------------------------------------------
 Time       [T]      477.0000
----------------------------------------------------------
 Sub-region num.                     1
----------------------------------------------------------
 Length   [L]        0.15000E+03  0.15000E+03
 W-volume [L]        0.12253E+02  0.12253E+02
 In-flow  [L/T]     -0.15333E-04 -0.15333E-04
 h Mean   [L]       -0.12897E+04 -0.12897E+04
 Top Flux [L/T]      0.38865E-03
 Bot Flux [L/T]      0.00000E+00
 WatBalT  [L]       -0.16067E+00
 WatBalR  [%]              0.231
----------------------------------------------------------

----------------------------------------------------------
 Time       [T]      478.0000
----------------------------------------------------------
 Sub-region num.                     1
----------------------------------------------------------
 Length   [L]        0.15000E+03  0.15000E+03
 W-volume [L]        0.12253E+02  0.12253E+02
 In-flow  [L/T]     -0.15274E-04 -0.15274E-04
 h Mean   [L]       -0.12785E+04 -0.12785E+04
 Top Flux [L/T]      0.38585E-03
 Bot Flux [L/T]      0.00000E+00
 WatBalT  [L]       -0.16067E+00
 WatBalR  [%]              0.231
----------------------------------------------------------

----------------------------------------------------------
 Time       [T]      479.0000
----------------------------------------------------------
 Sub-region num.                     1
----------------------------------------------------------
 Length   [L]        0.15000E+03  0.15000E+03
 W-volume [L]        0.12253E+02  0.12253E+02
 In-flow  [L/T]     -0.15199E-04 -0.15199E-04
 h Mean   [L]       -0.12682E+04 -0.12682E+04
 Top Flux [L/T]      0.38286E-03
 Bot Flux [L/T]      0.00000E+00
 WatBalT  [L]       -0.16067E+00
 WatBalR  [%]              0.231
----------------------------------------------------------

----------------------------------------------------------
 Time       [T]      480.0000
----------------------------------------------------------
 Sub-region num.                     1
----------------------------------------------------------
 Length   [L]        0.15000E+03  0.15000E+03
 W-volume [L]        0.12253E+02  0.12253E+02
 In-flow  [L/T]     -0.15110E-04 -0.15110E-04
 h Mean   [L]       -0.12588E+04 -0.12588E+04
 Top Flux [L/T]      0.37969E-03
 Bot Flux [L/T]      0.00000E+00
 WatBalT  [L]       -0.16067E+00
 WatBalR  [%]              0.231
----------------------------------------------------------

----------------------------------------------------------
 Time       [T]      481.0000
----------------------------------------------------------
 Sub-region num.                     1
----------------------------------------------------------
 Length   [L]        0.15000E+03  0.15000E+03
 W-volume [L]        0.12253E+02  0.12253E+02
 In-flow  [L/T]     -0.15244E-04 -0.15244E-04
 h Mean   [L]       -0.12500E+04 -0.12500E+04
 Top Flux [L/T]      0.37631E-03
 Bot Flux [L/T]      0.00000E+00
 WatBalT  [L]       -0.16067E+00
 WatBalR  [%]              0.231
----------------------------------------------------------

----------------------------------------------------------
 Time       [T]      482.0000
----------------------------------------------------------
 Sub-region num.                     1
----------------------------------------------------------
 Length   [L]        0.15000E+03  0.15000E+03
 W-volume [L]        0.12253E+02  0.12253E+02
 In-flow  [L/T]     -0.15080E-04 -0.15080E-04
 h Mean   [L]       -0.12420E+04 -0.12420E+04
 Top Flux [L/T]      0.37271E-03
 Bot Flux [L/T]      0.00000E+00
 WatBalT  [L]       -0.16067E+00
 WatBalR  [%]              0.231
----------------------------------------------------------

----------------------------------------------------------
 Time       [T]      483.0000
----------------------------------------------------------
 Sub-region num.                     1
----------------------------------------------------------
 Length   [L]        0.15000E+03  0.15000E+03
 W-volume [L]        0.12253E+02  0.12253E+02
 In-flow  [L/T]     -0.15259E-04 -0.15259E-04
 h Mean   [L]       -0.12345E+04 -0.12345E+04
 Top Flux [L/T]      0.36890E-03
 Bot Flux [L/T]      0.00000E+00
 WatBalT  [L]       -0.16067E+00
 WatBalR  [%]              0.231
----------------------------------------------------------

----------------------------------------------------------
 Time       [T]      484.0000
----------------------------------------------------------
 Sub-region num.                     1
----------------------------------------------------------
 Length   [L]        0.15000E+03  0.15000E+03
 W-volume [L]        0.12253E+02  0.12253E+02
 In-flow  [L/T]     -0.14961E-04 -0.14961E-04
 h Mean   [L]       -0.12276E+04 -0.12276E+04
 Top Flux [L/T]      0.36487E-03
 Bot Flux [L/T]      0.00000E+00
 WatBalT  [L]       -0.16067E+00
 WatBalR  [%]              0.231
----------------------------------------------------------

----------------------------------------------------------
 Time       [T]      485.0000
----------------------------------------------------------
 Sub-region num.                     1
----------------------------------------------------------
 Length   [L]        0.15000E+03  0.15000E+03
 W-volume [L]        0.12253E+02  0.12253E+02
 In-flow  [L/T]     -0.15259E-04 -0.15259E-04
 h Mean   [L]       -0.12211E+04 -0.12211E+04
 Top Flux [L/T]      0.36061E-03
 Bot Flux [L/T]      0.00000E+00
 WatBalT  [L]       -0.16067E+00
 WatBalR  [%]              0.231
----------------------------------------------------------

----------------------------------------------------------
 Time       [T]      486.0000
----------------------------------------------------------
 Sub-region num.                     1
----------------------------------------------------------
 Length   [L]        0.15000E+03  0.15000E+03
 W-volume [L]        0.12253E+02  0.12253E+02
 In-flow  [L/T]     -0.15169E-04 -0.15169E-04
 h Mean   [L]       -0.12151E+04 -0.12151E+04
 Top Flux [L/T]      0.35615E-03
 Bot Flux [L/T]      0.00000E+00
 WatBalT  [L]       -0.16067E+00
 WatBalR  [%]              0.231
----------------------------------------------------------

----------------------------------------------------------
 Time       [T]      487.0000
----------------------------------------------------------
 Sub-region num.                     1
----------------------------------------------------------
 Length   [L]        0.15000E+03  0.15000E+03
 W-volume [L]        0.12253E+02  0.12253E+02
 In-flow  [L/T]     -0.15110E-04 -0.15110E-04
 h Mean   [L]       -0.12095E+04 -0.12095E+04
 Top Flux [L/T]      0.35149E-03
 Bot Flux [L/T]      0.00000E+00
 WatBalT  [L]       -0.16067E+00
 WatBalR  [%]              0.231
----------------------------------------------------------

----------------------------------------------------------
 Time       [T]      488.0000
----------------------------------------------------------
 Sub-region num.                     1
----------------------------------------------------------
 Length   [L]        0.15000E+03  0.15000E+03
 W-volume [L]        0.12253E+02  0.12253E+02
 In-flow  [L/T]     -0.14946E-04 -0.14946E-04
 h Mean   [L]       -0.12043E+04 -0.12043E+04
 Top Flux [L/T]      0.34663E-03
 Bot Flux [L/T]      0.00000E+00
 WatBalT  [L]       -0.16067E+00
 WatBalR  [%]              0.231
----------------------------------------------------------

----------------------------------------------------------
 Time       [T]      489.0000
----------------------------------------------------------
 Sub-region num.                     1
----------------------------------------------------------
 Length   [L]        0.15000E+03  0.15000E+03
 W-volume [L]        0.12253E+02  0.12253E+02
 In-flow  [L/T]     -0.14931E-04 -0.14931E-04
 h Mean   [L]       -0.11993E+04 -0.11993E+04
 Top Flux [L/T]      0.34158E-03
 Bot Flux [L/T]      0.00000E+00
 WatBalT  [L]       -0.16067E+00
 WatBalR  [%]              0.231
----------------------------------------------------------

----------------------------------------------------------
 Time       [T]      490.0000
----------------------------------------------------------
 Sub-region num.                     1
----------------------------------------------------------
 Length   [L]        0.15000E+03  0.15000E+03
 W-volume [L]        0.12253E+02  0.12253E+02
 In-flow  [L/T]     -0.15110E-04 -0.15110E-04
 h Mean   [L]       -0.11946E+04 -0.11946E+04
 Top Flux [L/T]      0.33633E-03
 Bot Flux [L/T]      0.00000E+00
 WatBalT  [L]       -0.16067E+00
 WatBalR  [%]              0.231
----------------------------------------------------------

----------------------------------------------------------
 Time       [T]      491.0000
----------------------------------------------------------
 Sub-region num.                     1
----------------------------------------------------------
 Length   [L]        0.15000E+03  0.15000E+03
 W-volume [L]        0.12253E+02  0.12253E+02
 In-flow  [L/T]     -0.15095E-04 -0.15095E-04
 h Mean   [L]       -0.11903E+04 -0.11903E+04
 Top Flux [L/T]      0.33108E-03
 Bot Flux [L/T]      0.00000E+00
 WatBalT  [L]       -0.16067E+00
 WatBalR  [%]              0.231
----------------------------------------------------------

----------------------------------------------------------
 Time       [T]      492.0000
----------------------------------------------------------
 Sub-region num.                     1
----------------------------------------------------------
 Length   [L]        0.15000E+03  0.15000E+03
 W-volume [L]        0.12253E+02  0.12253E+02
 In-flow  [L/T]     -0.14752E-04 -0.14752E-04
 h Mean   [L]       -0.11862E+04 -0.11862E+04
 Top Flux [L/T]      0.32594E-03
 Bot Flux [L/T]      0.00000E+00
 WatBalT  [L]       -0.16067E+00
 WatBalR  [%]              0.231
----------------------------------------------------------

----------------------------------------------------------
 Time       [T]      493.0000
----------------------------------------------------------
 Sub-region num.                     1
----------------------------------------------------------
 Length   [L]        0.15000E+03  0.15000E+03
 W-volume [L]        0.12253E+02  0.12253E+02
 In-flow  [L/T]     -0.14842E-04 -0.14842E-04
 h Mean   [L]       -0.11824E+04 -0.11824E+04
 Top Flux [L/T]      0.32084E-03
 Bot Flux [L/T]      0.00000E+00
 WatBalT  [L]       -0.16067E+00
 WatBalR  [%]              0.231
----------------------------------------------------------

----------------------------------------------------------
 Time       [T]      494.0000
----------------------------------------------------------
 Sub-region num.                     1
----------------------------------------------------------
 Length   [L]        0.15000E+03  0.15000E+03
 W-volume [L]        0.12253E+02  0.12253E+02
 In-flow  [L/T]     -0.14782E-04 -0.14782E-04
 h Mean   [L]       -0.11787E+04 -0.11787E+04
 Top Flux [L/T]      0.31570E-03
 Bot Flux [L/T]      0.00000E+00
 WatBalT  [L]       -0.16067E+00
 WatBalR  [%]              0.231
----------------------------------------------------------

----------------------------------------------------------
 Time       [T]      495.0000
----------------------------------------------------------
 Sub-region num.                     1
----------------------------------------------------------
 Length   [L]        0.15000E+03  0.15000E+03
 W-volume [L]        0.12253E+02  0.12253E+02
 In-flow  [L/T]     -0.14395E-04 -0.14395E-04
 h Mean   [L]       -0.11752E+04 -0.11752E+04
 Top Flux [L/T]      0.31045E-03
 Bot Flux [L/T]      0.00000E+00
 WatBalT  [L]       -0.16066E+00
 WatBalR  [%]              0.231
----------------------------------------------------------

----------------------------------------------------------
 Time       [T]      496.0000
----------------------------------------------------------
 Sub-region num.                     1
----------------------------------------------------------
 Length   [L]        0.15000E+03  0.15000E+03
 W-volume [L]        0.12253E+02  0.12253E+02
 In-flow  [L/T]     -0.14573E-04 -0.14573E-04
 h Mean   [L]       -0.11719E+04 -0.11719E+04
 Top Flux [L/T]      0.30506E-03
 Bot Flux [L/T]      0.00000E+00
 WatBalT  [L]       -0.16067E+00
 WatBalR  [%]              0.231
----------------------------------------------------------

----------------------------------------------------------
 Time       [T]      497.0000
----------------------------------------------------------
 Sub-region num.                     1
----------------------------------------------------------
 Length   [L]        0.15000E+03  0.15000E+03
 W-volume [L]        0.12253E+02  0.12253E+02
 In-flow  [L/T]     -0.14424E-04 -0.14424E-04
 h Mean   [L]       -0.11688E+04 -0.11688E+04
 Top Flux [L/T]      0.29973E-03
 Bot Flux [L/T]      0.00000E+00
 WatBalT  [L]       -0.16066E+00
 WatBalR  [%]              0.231
----------------------------------------------------------

----------------------------------------------------------
 Time       [T]      498.0000
----------------------------------------------------------
 Sub-region num.                     1
----------------------------------------------------------
 Length   [L]        0.15000E+03  0.15000E+03
 W-volume [L]        0.12253E+02  0.12253E+02
 In-flow  [L/T]     -0.14782E-04 -0.14782E-04
 h Mean   [L]       -0.11659E+04 -0.11659E+04
 Top Flux [L/T]      0.29520E-03
 Bot Flux [L/T]      0.00000E+00
 WatBalT  [L]       -0.16067E+00
 WatBalR  [%]              0.231
----------------------------------------------------------

----------------------------------------------------------
 Time       [T]      499.0000
----------------------------------------------------------
 Sub-region num.                     1
----------------------------------------------------------
 Length   [L]        0.15000E+03  0.15000E+03
 W-volume [L]        0.12253E+02  0.12253E+02
 In-flow  [L/T]     -0.14275E-04 -0.14275E-04
 h Mean   [L]       -0.11632E+04 -0.11632E+04
 Top Flux [L/T]      0.28975E-03
 Bot Flux [L/T]      0.00000E+00
 WatBalT  [L]       -0.16066E+00
 WatBalR  [%]              0.231
----------------------------------------------------------

----------------------------------------------------------
 Time       [T]      500.0000
----------------------------------------------------------
 Sub-region num.                     1
----------------------------------------------------------
 Length   [L]        0.15000E+03  0.15000E+03
 W-volume [L]        0.12253E+02  0.12253E+02
 In-flow  [L/T]     -0.14320E-04 -0.14320E-04
 h Mean   [L]       -0.11605E+04 -0.11605E+04
 Top Flux [L/T]      0.28376E-03
 Bot Flux [L/T]      0.00000E+00
 WatBalT  [L]       -0.16066E+00
 WatBalR  [%]              0.231
----------------------------------------------------------

----------------------------------------------------------
 Time       [T]      501.0000
----------------------------------------------------------
 Sub-region num.                     1
----------------------------------------------------------
 Length   [L]        0.15000E+03  0.15000E+03
 W-volume [L]        0.12253E+02  0.12253E+02
 In-flow  [L/T]     -0.14439E-04 -0.14439E-04
 h Mean   [L]       -0.11579E+04 -0.11579E+04
 Top Flux [L/T]      0.27742E-03
 Bot Flux [L/T]      0.00000E+00
 WatBalT  [L]       -0.16066E+00
 WatBalR  [%]              0.231
----------------------------------------------------------

----------------------------------------------------------
 Time       [T]      502.0000
----------------------------------------------------------
 Sub-region num.                     1
----------------------------------------------------------
 Length   [L]        0.15000E+03  0.15000E+03
 W-volume [L]        0.12253E+02  0.12253E+02
 In-flow  [L/T]     -0.14320E-04 -0.14320E-04
 h Mean   [L]       -0.11554E+04 -0.11554E+04
 Top Flux [L/T]      0.27090E-03
 Bot Flux [L/T]      0.00000E+00
 WatBalT  [L]       -0.16066E+00
 WatBalR  [%]              0.231
----------------------------------------------------------

----------------------------------------------------------
 Time       [T]      503.0000
----------------------------------------------------------
 Sub-region num.                     1
----------------------------------------------------------
 Length   [L]        0.15000E+03  0.15000E+03
 W-volume [L]        0.12253E+02  0.12253E+02
 In-flow  [L/T]     -0.14484E-04 -0.14484E-04
 h Mean   [L]       -0.11529E+04 -0.11529E+04
 Top Flux [L/T]      0.26437E-03
 Bot Flux [L/T]      0.00000E+00
 WatBalT  [L]       -0.16066E+00
 WatBalR  [%]              0.231
----------------------------------------------------------

----------------------------------------------------------
 Time       [T]      504.0000
----------------------------------------------------------
 Sub-region num.                     1
----------------------------------------------------------
 Length   [L]        0.15000E+03  0.15000E+03
 W-volume [L]        0.12253E+02  0.12253E+02
 In-flow  [L/T]     -0.14275E-04 -0.14275E-04
 h Mean   [L]       -0.11506E+04 -0.11506E+04
 Top Flux [L/T]      0.25791E-03
 Bot Flux [L/T]      0.00000E+00
 WatBalT  [L]       -0.16066E+00
 WatBalR  [%]              0.231
----------------------------------------------------------

----------------------------------------------------------
 Time       [T]      505.0000
----------------------------------------------------------
 Sub-region num.                     1
----------------------------------------------------------
 Length   [L]        0.15000E+03  0.15000E+03
 W-volume [L]        0.12253E+02  0.12253E+02
 In-flow  [L/T]     -0.14439E-04 -0.14439E-04
 h Mean   [L]       -0.11483E+04 -0.11483E+04
 Top Flux [L/T]      0.25693E-03
 Bot Flux [L/T]      0.00000E+00
 WatBalT  [L]       -0.16065E+00
 WatBalR  [%]              0.231
----------------------------------------------------------

----------------------------------------------------------
 Time       [T]      506.0000
----------------------------------------------------------
 Sub-region num.                     1
----------------------------------------------------------
 Length   [L]        0.15000E+03  0.15000E+03
 W-volume [L]        0.12253E+02  0.12253E+02
 In-flow  [L/T]     -0.14499E-04 -0.14499E-04
 h Mean   [L]       -0.11462E+04 -0.11462E+04
 Top Flux [L/T]      0.25664E-03
 Bot Flux [L/T]      0.00000E+00
 WatBalT  [L]       -0.16066E+00
 WatBalR  [%]              0.231
----------------------------------------------------------

----------------------------------------------------------
 Time       [T]      507.0000
----------------------------------------------------------
 Sub-region num.                     1
----------------------------------------------------------
 Length   [L]        0.15000E+03  0.15000E+03
 W-volume [L]        0.12253E+02  0.12253E+02
 In-flow  [L/T]     -0.14439E-04 -0.14439E-04
 h Mean   [L]       -0.11440E+04 -0.11440E+04
 Top Flux [L/T]      0.25332E-03
 Bot Flux [L/T]      0.00000E+00
 WatBalT  [L]       -0.16066E+00
 WatBalR  [%]              0.231
----------------------------------------------------------

----------------------------------------------------------
 Time       [T]      508.0000
----------------------------------------------------------
 Sub-region num.                     1
----------------------------------------------------------
 Length   [L]        0.15000E+03  0.15000E+03
 W-volume [L]        0.12253E+02  0.12253E+02
 In-flow  [L/T]     -0.14156E-04 -0.14156E-04
 h Mean   [L]       -0.11420E+04 -0.11420E+04
 Top Flux [L/T]      0.24752E-03
 Bot Flux [L/T]      0.00000E+00
 WatBalT  [L]       -0.16065E+00
 WatBalR  [%]              0.231
----------------------------------------------------------

----------------------------------------------------------
 Time       [T]      509.0000
----------------------------------------------------------
 Sub-region num.                     1
----------------------------------------------------------
 Length   [L]        0.15000E+03  0.15000E+03
 W-volume [L]        0.12253E+02  0.12253E+02
 In-flow  [L/T]     -0.14037E-04 -0.14037E-04
 h Mean   [L]       -0.11399E+04 -0.11399E+04
 Top Flux [L/T]      0.23995E-03
 Bot Flux [L/T]      0.00000E+00
 WatBalT  [L]       -0.16065E+00
 WatBalR  [%]              0.231
----------------------------------------------------------

----------------------------------------------------------
 Time       [T]      510.0000
----------------------------------------------------------
 Sub-region num.                     1
----------------------------------------------------------
 Length   [L]        0.15000E+03  0.15000E+03
 W-volume [L]        0.12253E+02  0.12253E+02
 In-flow  [L/T]     -0.14469E-04 -0.14469E-04
 h Mean   [L]       -0.11379E+04 -0.11379E+04
 Top Flux [L/T]      0.22929E-03
 Bot Flux [L/T]      0.00000E+00
 WatBalT  [L]       -0.16065E+00
 WatBalR  [%]              0.231
----------------------------------------------------------

----------------------------------------------------------
 Time       [T]      511.0000
----------------------------------------------------------
 Sub-region num.                     1
----------------------------------------------------------
 Length   [L]        0.15000E+03  0.15000E+03
 W-volume [L]        0.12253E+02  0.12253E+02
 In-flow  [L/T]     -0.14141E-04 -0.14141E-04
 h Mean   [L]       -0.11362E+04 -0.11362E+04
 Top Flux [L/T]      0.21621E-03
 Bot Flux [L/T]      0.00000E+00
 WatBalT  [L]       -0.16065E+00
 WatBalR  [%]              0.231
----------------------------------------------------------

----------------------------------------------------------
 Time       [T]      512.0000
----------------------------------------------------------
 Sub-region num.                     1
----------------------------------------------------------
 Length   [L]        0.15000E+03  0.15000E+03
 W-volume [L]        0.12253E+02  0.12253E+02
 In-flow  [L/T]     -0.14305E-04 -0.14305E-04
 h Mean   [L]       -0.11345E+04 -0.11345E+04
 Top Flux [L/T]      0.20396E-03
 Bot Flux [L/T]      0.00000E+00
 WatBalT  [L]       -0.16065E+00
 WatBalR  [%]              0.231
----------------------------------------------------------

----------------------------------------------------------
 Time       [T]      513.0000
----------------------------------------------------------
 Sub-region num.                     1
----------------------------------------------------------
 Length   [L]        0.15000E+03  0.15000E+03
 W-volume [L]        0.12253E+02  0.12253E+02
 In-flow  [L/T]     -0.13947E-04 -0.13947E-04
 h Mean   [L]       -0.11328E+04 -0.11328E+04
 Top Flux [L/T]      0.19286E-03
 Bot Flux [L/T]      0.00000E+00
 WatBalT  [L]       -0.16065E+00
 WatBalR  [%]              0.231
----------------------------------------------------------

----------------------------------------------------------
 Time       [T]      514.0000
----------------------------------------------------------
 Sub-region num.                     1
----------------------------------------------------------
 Length   [L]        0.15000E+03  0.15000E+03
 W-volume [L]        0.12253E+02  0.12253E+02
 In-flow  [L/T]     -0.13903E-04 -0.13903E-04
 h Mean   [L]       -0.11311E+04 -0.11311E+04
 Top Flux [L/T]      0.18280E-03
 Bot Flux [L/T]      0.00000E+00
 WatBalT  [L]       -0.16065E+00
 WatBalR  [%]              0.231
----------------------------------------------------------

----------------------------------------------------------
 Time       [T]      515.0000
----------------------------------------------------------
 Sub-region num.                     1
----------------------------------------------------------
 Length   [L]        0.15000E+03  0.15000E+03
 W-volume [L]        0.12253E+02  0.12253E+02
 In-flow  [L/T]     -0.13947E-04 -0.13947E-04
 h Mean   [L]       -0.11295E+04 -0.11295E+04
 Top Flux [L/T]      0.18387E-03
 Bot Flux [L/T]      0.00000E+00
 WatBalT  [L]       -0.16065E+00
 WatBalR  [%]              0.231
----------------------------------------------------------

----------------------------------------------------------
 Time       [T]      516.0000
----------------------------------------------------------
 Sub-region num.                     1
----------------------------------------------------------
 Length   [L]        0.15000E+03  0.15000E+03
 W-volume [L]        0.12253E+02  0.12253E+02
 In-flow  [L/T]     -0.13888E-04 -0.13888E-04
 h Mean   [L]       -0.11281E+04 -0.11281E+04
 Top Flux [L/T]      0.18734E-03
 Bot Flux [L/T]      0.00000E+00
 WatBalT  [L]       -0.16064E+00
 WatBalR  [%]              0.231
----------------------------------------------------------

----------------------------------------------------------
 Time       [T]      517.0000
----------------------------------------------------------
 Sub-region num.                     1
----------------------------------------------------------
 Length   [L]        0.15000E+03  0.15000E+03
 W-volume [L]        0.12253E+02  0.12253E+02
 In-flow  [L/T]     -0.13918E-04 -0.13918E-04
 h Mean   [L]       -0.11267E+04 -0.11267E+04
 Top Flux [L/T]      0.18819E-03
 Bot Flux [L/T]      0.00000E+00
 WatBalT  [L]       -0.16064E+00
 WatBalR  [%]              0.231
----------------------------------------------------------

----------------------------------------------------------
 Time       [T]      518.0000
----------------------------------------------------------
 Sub-region num.                     1
----------------------------------------------------------
 Length   [L]        0.15000E+03  0.15000E+03
 W-volume [L]        0.12253E+02  0.12253E+02
 In-flow  [L/T]     -0.14082E-04 -0.14082E-04
 h Mean   [L]       -0.11253E+04 -0.11253E+04
 Top Flux [L/T]      0.18683E-03
 Bot Flux [L/T]      0.00000E+00
 WatBalT  [L]       -0.16064E+00
 WatBalR  [%]              0.231
----------------------------------------------------------

----------------------------------------------------------
 Time       [T]      519.0000
----------------------------------------------------------
 Sub-region num.                     1
----------------------------------------------------------
 Length   [L]        0.15000E+03  0.15000E+03
 W-volume [L]        0.12253E+02  0.12253E+02
 In-flow  [L/T]     -0.13798E-04 -0.13798E-04
 h Mean   [L]       -0.11240E+04 -0.11240E+04
 Top Flux [L/T]      0.18390E-03
 Bot Flux [L/T]      0.00000E+00
 WatBalT  [L]       -0.16064E+00
 WatBalR  [%]              0.231
----------------------------------------------------------

----------------------------------------------------------
 Time       [T]      520.0000
----------------------------------------------------------
 Sub-region num.                     1
----------------------------------------------------------
 Length   [L]        0.15000E+03  0.15000E+03
 W-volume [L]        0.12253E+02  0.12253E+02
 In-flow  [L/T]     -0.13724E-04 -0.13724E-04
 h Mean   [L]       -0.11226E+04 -0.11226E+04
 Top Flux [L/T]      0.17990E-03
 Bot Flux [L/T]      0.00000E+00
 WatBalT  [L]       -0.16064E+00
 WatBalR  [%]              0.231
----------------------------------------------------------

----------------------------------------------------------
 Time       [T]      521.0000
----------------------------------------------------------
 Sub-region num.                     1
----------------------------------------------------------
 Length   [L]        0.15000E+03  0.15000E+03
 W-volume [L]        0.12253E+02  0.12253E+02
 In-flow  [L/T]     -0.13933E-04 -0.13933E-04
 h Mean   [L]       -0.11213E+04 -0.11213E+04
 Top Flux [L/T]      0.17522E-03
 Bot Flux [L/T]      0.00000E+00
 WatBalT  [L]       -0.16064E+00
 WatBalR  [%]              0.231
----------------------------------------------------------

----------------------------------------------------------
 Time       [T]      522.0000
----------------------------------------------------------
 Sub-region num.                     1
----------------------------------------------------------
 Length   [L]        0.15000E+03  0.15000E+03
 W-volume [L]        0.12253E+02  0.12253E+02
 In-flow  [L/T]     -0.14052E-04 -0.14052E-04
 h Mean   [L]       -0.11200E+04 -0.11200E+04
 Top Flux [L/T]      0.17014E-03
 Bot Flux [L/T]      0.00000E+00
 WatBalT  [L]       -0.16064E+00
 WatBalR  [%]              0.231
----------------------------------------------------------

----------------------------------------------------------
 Time       [T]      523.0000
----------------------------------------------------------
 Sub-region num.                     1
----------------------------------------------------------
 Length   [L]        0.15000E+03  0.15000E+03
 W-volume [L]        0.12253E+02  0.12253E+02
 In-flow  [L/T]     -0.13798E-04 -0.13798E-04
 h Mean   [L]       -0.11187E+04 -0.11187E+04
 Top Flux [L/T]      0.16487E-03
 Bot Flux [L/T]      0.00000E+00
 WatBalT  [L]       -0.16063E+00
 WatBalR  [%]              0.231
----------------------------------------------------------

----------------------------------------------------------
 Time       [T]      524.0000
----------------------------------------------------------
 Sub-region num.                     1
----------------------------------------------------------
 Length   [L]        0.15000E+03  0.15000E+03
 W-volume [L]        0.12253E+02  0.12253E+02
 In-flow  [L/T]     -0.13664E-04 -0.13664E-04
 h Mean   [L]       -0.11174E+04 -0.11174E+04
 Top Flux [L/T]      0.15955E-03
 Bot Flux [L/T]      0.00000E+00
 WatBalT  [L]       -0.16063E+00
 WatBalR  [%]              0.231
----------------------------------------------------------

----------------------------------------------------------
 Time       [T]      525.0000
----------------------------------------------------------
 Sub-region num.                     1
----------------------------------------------------------
 Length   [L]        0.15000E+03  0.15000E+03
 W-volume [L]        0.12252E+02  0.12252E+02
 In-flow  [L/T]     -0.13888E-04 -0.13888E-04
 h Mean   [L]       -0.11162E+04 -0.11162E+04
 Top Flux [L/T]      0.15426E-03
 Bot Flux [L/T]      0.00000E+00
 WatBalT  [L]       -0.16063E+00
 WatBalR  [%]              0.231
----------------------------------------------------------

----------------------------------------------------------
 Time       [T]      526.0000
----------------------------------------------------------
 Sub-region num.                     1
----------------------------------------------------------
 Length   [L]        0.15000E+03  0.15000E+03
 W-volume [L]        0.12252E+02  0.12252E+02
 In-flow  [L/T]     -0.13769E-04 -0.13769E-04
 h Mean   [L]       -0.11149E+04 -0.11149E+04
 Top Flux [L/T]      0.14906E-03
 Bot Flux [L/T]      0.00000E+00
 WatBalT  [L]       -0.16063E+00
 WatBalR  [%]              0.231
----------------------------------------------------------

----------------------------------------------------------
 Time       [T]      527.0000
----------------------------------------------------------
 Sub-region num.                     1
----------------------------------------------------------
 Length   [L]        0.15000E+03  0.15000E+03
 W-volume [L]        0.12252E+02  0.12252E+02
 In-flow  [L/T]     -0.13441E-04 -0.13441E-04
 h Mean   [L]       -0.11138E+04 -0.11138E+04
 Top Flux [L/T]      0.13930E-03
 Bot Flux [L/T]      0.00000E+00
 WatBalT  [L]       -0.16063E+00
 WatBalR  [%]              0.231
----------------------------------------------------------

----------------------------------------------------------
 Time       [T]      528.0000
----------------------------------------------------------
 Sub-region num.                     1
----------------------------------------------------------
 Length   [L]        0.15000E+03  0.15000E+03
 W-volume [L]        0.12252E+02  0.12252E+02
 In-flow  [L/T]     -0.13605E-04 -0.13605E-04
 h Mean   [L]       -0.11127E+04 -0.11127E+04
 Top Flux [L/T]      0.12990E-03
 Bot Flux [L/T]      0.00000E+00
 WatBalT  [L]       -0.16063E+00
 WatBalR  [%]              0.231
----------------------------------------------------------

----------------------------------------------------------
 Time       [T]      529.0000
----------------------------------------------------------
 Sub-region num.                     1
----------------------------------------------------------
 Length   [L]        0.15000E+03  0.15000E+03
 W-volume [L]        0.13654E+02  0.13654E+02
 In-flow  [L/T]      0.12964E+01  0.12964E+01
 h Mean   [L]       -0.84801E+03 -0.84801E+03
 Top Flux [L/T]     -0.15064E+01
 Bot Flux [L/T]      0.00000E+00
 WatBalT  [L]       -0.15470E+00
 WatBalR  [%]              0.217
----------------------------------------------------------

----------------------------------------------------------
 Time       [T]      530.0000
----------------------------------------------------------
 Sub-region num.                     1
----------------------------------------------------------
 Length   [L]        0.15000E+03  0.15000E+03
 W-volume [L]        0.14905E+02  0.14905E+02
 In-flow  [L/T]      0.11958E+01  0.11958E+01
 h Mean   [L]       -0.73905E+03 -0.73905E+03
 Top Flux [L/T]     -0.15159E+01
 Bot Flux [L/T]      0.00000E+00
 WatBalT  [L]       -0.15043E+00
 WatBalR  [%]              0.206
----------------------------------------------------------

----------------------------------------------------------
 Time       [T]      531.0000
----------------------------------------------------------
 Sub-region num.                     1
----------------------------------------------------------
 Length   [L]        0.15000E+03  0.15000E+03
 W-volume [L]        0.16087E+02  0.16087E+02
 In-flow  [L/T]      0.11532E+01  0.11532E+01
 h Mean   [L]       -0.65644E+03 -0.65644E+03
 Top Flux [L/T]     -0.15194E+01
 Bot Flux [L/T]      0.00000E+00
 WatBalT  [L]       -0.14781E+00
 WatBalR  [%]              0.197
----------------------------------------------------------

----------------------------------------------------------
 Time       [T]      532.0000
----------------------------------------------------------
 Sub-region num.                     1
----------------------------------------------------------
 Length   [L]        0.15000E+03  0.15000E+03
 W-volume [L]        0.17422E+02  0.17422E+02
 In-flow  [L/T]      0.13279E+01  0.13279E+01
 h Mean   [L]       -0.58116E+03 -0.58116E+03
 Top Flux [L/T]     -0.16465E+01
 Bot Flux [L/T]      0.00000E+00
 WatBalT  [L]       -0.15057E+00
 WatBalR  [%]              0.196
----------------------------------------------------------

----------------------------------------------------------
 Time       [T]      533.0000
----------------------------------------------------------
 Sub-region num.                     1
----------------------------------------------------------
 Length   [L]        0.15000E+03  0.15000E+03
 W-volume [L]        0.18584E+02  0.18584E+02
 In-flow  [L/T]      0.11534E+01  0.11534E+01
 h Mean   [L]       -0.51316E+03 -0.51316E+03
 Top Flux [L/T]     -0.15835E+01
 Bot Flux [L/T]      0.00000E+00
 WatBalT  [L]       -0.14257E+00
 WatBalR  [%]              0.181
----------------------------------------------------------

----------------------------------------------------------
 Time       [T]      534.0000
----------------------------------------------------------
 Sub-region num.                     1
----------------------------------------------------------
 Length   [L]        0.15000E+03  0.15000E+03
 W-volume [L]        0.22057E+02  0.22057E+02
 In-flow  [L/T]      0.34968E+01  0.34968E+01
 h Mean   [L]       -0.40325E+03 -0.40325E+03
 Top Flux [L/T]     -0.35920E+01
 Bot Flux [L/T]      0.00000E+00
 WatBalT  [L]       -0.16729E+00
 WatBalR  [%]              0.203
----------------------------------------------------------

----------------------------------------------------------
 Time       [T]      535.0000
----------------------------------------------------------
 Sub-region num.                     1
----------------------------------------------------------
 Length   [L]        0.15000E+03  0.15000E+03
 W-volume [L]        0.21828E+02  0.21828E+02
 In-flow  [L/T]     -0.23370E+00 -0.23370E+00
 h Mean   [L]       -0.32141E+03 -0.32141E+03
 Top Flux [L/T]     -0.14291E-01
 Bot Flux [L/T]      0.00000E+00
 WatBalT  [L]       -0.16234E+00
 WatBalR  [%]              0.196
----------------------------------------------------------

----------------------------------------------------------
 Time       [T]      536.0000
----------------------------------------------------------
 Sub-region num.                     1
----------------------------------------------------------
 Length   [L]        0.15000E+03  0.15000E+03
 W-volume [L]        0.21461E+02  0.21461E+02
 In-flow  [L/T]     -0.37593E+00 -0.37593E+00
 h Mean   [L]       -0.28362E+03 -0.28362E+03
 Top Flux [L/T]     -0.10875E-01
 Bot Flux [L/T]      0.00000E+00
 WatBalT  [L]       -0.15365E+00
 WatBalR  [%]              0.185
----------------------------------------------------------

----------------------------------------------------------
 Time       [T]      537.0000
----------------------------------------------------------
 Sub-region num.                     1
----------------------------------------------------------
 Length   [L]        0.15000E+03  0.15000E+03
 W-volume [L]        0.21046E+02  0.21046E+02
 In-flow  [L/T]     -0.41911E+00 -0.41911E+00
 h Mean   [L]       -0.26085E+03 -0.26085E+03
 Top Flux [L/T]     -0.10183E-01
 Bot Flux [L/T]      0.00000E+00
 WatBalT  [L]       -0.14934E+00
 WatBalR  [%]              0.179
----------------------------------------------------------

----------------------------------------------------------
 Time       [T]      538.0000
----------------------------------------------------------
 Sub-region num.                     1
----------------------------------------------------------
 Length   [L]        0.15000E+03  0.15000E+03
 W-volume [L]        0.20696E+02  0.20696E+02
 In-flow  [L/T]     -0.33529E+00 -0.33529E+00
 h Mean   [L]       -0.24494E+03 -0.24494E+03
 Top Flux [L/T]     -0.73168E-02
 Bot Flux [L/T]      0.00000E+00
 WatBalT  [L]       -0.16331E+00
 WatBalR  [%]              0.194
----------------------------------------------------------

----------------------------------------------------------
 Time       [T]      539.0000
----------------------------------------------------------
 Sub-region num.                     1
----------------------------------------------------------
 Length   [L]        0.15000E+03  0.15000E+03
 W-volume [L]        0.20300E+02  0.20300E+02
 In-flow  [L/T]     -0.42673E+00 -0.42673E+00
 h Mean   [L]       -0.23506E+03 -0.23506E+03
 Top Flux [L/T]     -0.90629E-02
 Bot Flux [L/T]      0.00000E+00
 WatBalT  [L]       -0.13283E+00
 WatBalR  [%]              0.157
----------------------------------------------------------

----------------------------------------------------------
 Time       [T]      540.0000
----------------------------------------------------------
 Sub-region num.                     1
----------------------------------------------------------
 Length   [L]        0.15000E+03  0.15000E+03
 W-volume [L]        0.19787E+02  0.19787E+02
 In-flow  [L/T]     -0.55627E+00 -0.55627E+00
 h Mean   [L]       -0.23209E+03 -0.23209E+03
 Top Flux [L/T]     -0.12333E-01
 Bot Flux [L/T]      0.00000E+00
 WatBalT  [L]       -0.89644E-01
 WatBalR  [%]              0.106
----------------------------------------------------------

----------------------------------------------------------
 Time       [T]      541.0000
----------------------------------------------------------
 Sub-region num.                     1
----------------------------------------------------------
 Length   [L]        0.15000E+03  0.15000E+03
 W-volume [L]        0.19264E+02  0.19264E+02
 In-flow  [L/T]     -0.49023E+00 -0.49023E+00
 h Mean   [L]       -0.23478E+03 -0.23478E+03
 Top Flux [L/T]     -0.10837E-01
 Bot Flux [L/T]      0.00000E+00
 WatBalT  [L]       -0.12267E+00
 WatBalR  [%]              0.144
----------------------------------------------------------

----------------------------------------------------------
 Time       [T]      542.0000
----------------------------------------------------------
 Sub-region num.                     1
----------------------------------------------------------
 Length   [L]        0.15000E+03  0.15000E+03
 W-volume [L]        0.18813E+02  0.18813E+02
 In-flow  [L/T]     -0.41149E+00 -0.41149E+00
 h Mean   [L]       -0.24192E+03 -0.24192E+03
 Top Flux [L/T]     -0.91805E-02
 Bot Flux [L/T]      0.00000E+00
 WatBalT  [L]       -0.16204E+00
 WatBalR  [%]              0.189
----------------------------------------------------------

----------------------------------------------------------
 Time       [T]      543.0000
----------------------------------------------------------
 Sub-region num.                     1
----------------------------------------------------------
 Length   [L]        0.15000E+03  0.15000E+03
 W-volume [L]        0.18395E+02  0.18395E+02
 In-flow  [L/T]     -0.42522E+00 -0.42522E+00
 h Mean   [L]       -0.25513E+03 -0.25513E+03
 Top Flux [L/T]     -0.86625E-02
 Bot Flux [L/T]      0.00000E+00
 WatBalT  [L]       -0.16770E+00
 WatBalR  [%]              0.194
----------------------------------------------------------

----------------------------------------------------------
 Time       [T]      544.0000
----------------------------------------------------------
 Sub-region num.                     1
----------------------------------------------------------
 Length   [L]        0.15000E+03  0.15000E+03
 W-volume [L]        0.18051E+02  0.18051E+02
 In-flow  [L/T]     -0.28635E+00 -0.28635E+00
 h Mean   [L]       -0.27066E+03 -0.27066E+03
 Top Flux [L/T]     -0.56569E-02
 Bot Flux [L/T]      0.00000E+00
 WatBalT  [L]       -0.23411E+00
 WatBalR  [%]              0.271
----------------------------------------------------------

----------------------------------------------------------
 Time       [T]      545.0000
----------------------------------------------------------
 Sub-region num.                     1
----------------------------------------------------------
 Length   [L]        0.15000E+03  0.15000E+03
 W-volume [L]        0.17830E+02  0.17830E+02
 In-flow  [L/T]     -0.17642E+00 -0.17642E+00
 h Mean   [L]       -0.28107E+03 -0.28107E+03
 Top Flux [L/T]     -0.29573E-02
 Bot Flux [L/T]      0.00000E+00
 WatBalT  [L]       -0.28369E+00
 WatBalR  [%]              0.327
----------------------------------------------------------

----------------------------------------------------------
 Time       [T]      546.0000
----------------------------------------------------------
 Sub-region num.                     1
----------------------------------------------------------
 Length   [L]        0.15000E+03  0.15000E+03
 W-volume [L]        0.17620E+02  0.17620E+02
 In-flow  [L/T]     -0.24985E+00 -0.24985E+00
 h Mean   [L]       -0.29414E+03 -0.29414E+03
 Top Flux [L/T]     -0.24860E-02
 Bot Flux [L/T]      0.00000E+00
 WatBalT  [L]       -0.25509E+00
 WatBalR  [%]              0.293
----------------------------------------------------------

----------------------------------------------------------
 Time       [T]      547.0000
----------------------------------------------------------
 Sub-region num.                     1
----------------------------------------------------------
 Length   [L]        0.15000E+03  0.15000E+03
 W-volume [L]        0.17430E+02  0.17430E+02
 In-flow  [L/T]     -0.15580E+00 -0.15580E+00
 h Mean   [L]       -0.30632E+03 -0.30632E+03
 Top Flux [L/T]     -0.13092E-02
 Bot Flux [L/T]      0.00000E+00
 WatBalT  [L]       -0.29469E+00
 WatBalR  [%]              0.338
----------------------------------------------------------

----------------------------------------------------------
 Time       [T]      548.0000
----------------------------------------------------------
 Sub-region num.                     1
----------------------------------------------------------
 Length   [L]        0.15000E+03  0.15000E+03
 W-volume [L]        0.17268E+02  0.17268E+02
 In-flow  [L/T]     -0.17774E+00 -0.17774E+00
 h Mean   [L]       -0.31770E+03 -0.31770E+03
 Top Flux [L/T]     -0.81799E-03
 Bot Flux [L/T]      0.00000E+00
 WatBalT  [L]       -0.28631E+00
 WatBalR  [%]              0.328
----------------------------------------------------------

----------------------------------------------------------
 Time       [T]      549.0000
----------------------------------------------------------
 Sub-region num.                     1
----------------------------------------------------------
 Length   [L]        0.15000E+03  0.15000E+03
 W-volume [L]        0.18373E+02  0.18373E+02
 In-flow  [L/T]      0.10326E+01  0.10326E+01
 h Mean   [L]       -0.24023E+03 -0.24023E+03
 Top Flux [L/T]     -0.13809E+01
 Bot Flux [L/T]      0.00000E+00
 WatBalT  [L]       -0.27973E+00
 WatBalR  [%]              0.314
----------------------------------------------------------

----------------------------------------------------------
 Time       [T]      550.0000
----------------------------------------------------------
 Sub-region num.                     1
----------------------------------------------------------
 Length   [L]        0.15000E+03  0.15000E+03
 W-volume [L]        0.18128E+02  0.18128E+02
 In-flow  [L/T]     -0.24339E+00 -0.24339E+00
 h Mean   [L]       -0.22934E+03 -0.22934E+03
 Top Flux [L/T]     -0.16550E-01
 Bot Flux [L/T]      0.00000E+00
 WatBalT  [L]       -0.28551E+00
 WatBalR  [%]              0.320
----------------------------------------------------------

----------------------------------------------------------
 Time       [T]      551.0000
----------------------------------------------------------
 Sub-region num.                     1
----------------------------------------------------------
 Length   [L]        0.15000E+03  0.15000E+03
 W-volume [L]        0.20586E+02  0.20586E+02
 In-flow  [L/T]      0.24477E+01  0.24477E+01
 h Mean   [L]       -0.17695E+03 -0.17695E+03
 Top Flux [L/T]     -0.27968E+01
 Bot Flux [L/T]      0.00000E+00
 WatBalT  [L]       -0.28017E+00
 WatBalR  [%]              0.303
----------------------------------------------------------

----------------------------------------------------------
 Time       [T]      552.0000
----------------------------------------------------------
 Sub-region num.                     1
----------------------------------------------------------
 Length   [L]        0.15000E+03  0.15000E+03
 W-volume [L]        0.20211E+02  0.20211E+02
 In-flow  [L/T]     -0.37593E+00 -0.37593E+00
 h Mean   [L]       -0.16681E+03 -0.16681E+03
 Top Flux [L/T]     -0.18567E-01
 Bot Flux [L/T]      0.00000E+00
 WatBalT  [L]       -0.27940E+00
 WatBalR  [%]              0.301
----------------------------------------------------------

----------------------------------------------------------
 Time       [T]      553.0000
----------------------------------------------------------
 Sub-region num.                     1
----------------------------------------------------------
 Length   [L]        0.15000E+03  0.15000E+03
 W-volume [L]        0.22820E+02  0.22820E+02
 In-flow  [L/T]      0.26143E+01  0.26143E+01
 h Mean   [L]       -0.13761E+03 -0.13761E+03
 Top Flux [L/T]     -0.29569E+01
 Bot Flux [L/T]      0.00000E+00
 WatBalT  [L]       -0.28390E+00
 WatBalR  [%]              0.296
----------------------------------------------------------

----------------------------------------------------------
 Time       [T]      554.0000
----------------------------------------------------------
 Sub-region num.                     1
----------------------------------------------------------
 Length   [L]        0.15000E+03  0.15000E+03
 W-volume [L]        0.22386E+02  0.22386E+02
 In-flow  [L/T]     -0.44451E+00 -0.44451E+00
 h Mean   [L]       -0.13046E+03 -0.13046E+03
 Top Flux [L/T]     -0.18085E-01
 Bot Flux [L/T]      0.00000E+00
 WatBalT  [L]       -0.27424E+00
 WatBalR  [%]              0.284
----------------------------------------------------------

----------------------------------------------------------
 Time       [T]      555.0000
----------------------------------------------------------
 Sub-region num.                     1
----------------------------------------------------------
 Length   [L]        0.15000E+03  0.15000E+03
 W-volume [L]        0.24720E+02  0.24720E+02
 In-flow  [L/T]      0.23317E+01  0.23317E+01
 h Mean   [L]       -0.10728E+03 -0.10728E+03
 Top Flux [L/T]     -0.27894E+01
 Bot Flux [L/T]      0.00000E+00
 WatBalT  [L]       -0.27127E+00
 WatBalR  [%]              0.272
----------------------------------------------------------

----------------------------------------------------------
 Time       [T]      556.0000
----------------------------------------------------------
 Sub-region num.                     1
----------------------------------------------------------
 Length   [L]        0.15000E+03  0.15000E+03
 W-volume [L]        0.24262E+02  0.24262E+02
 In-flow  [L/T]     -0.45721E+00 -0.45721E+00
 h Mean   [L]       -0.10041E+03 -0.10041E+03
 Top Flux [L/T]     -0.17084E-01
 Bot Flux [L/T]      0.00000E+00
 WatBalT  [L]       -0.27200E+00
 WatBalR  [%]              0.271
----------------------------------------------------------

----------------------------------------------------------
 Time       [T]      557.0000
----------------------------------------------------------
 Sub-region num.                     1
----------------------------------------------------------
 Length   [L]        0.15000E+03  0.15000E+03
 W-volume [L]        0.26583E+02  0.26583E+02
 In-flow  [L/T]      0.23165E+01  0.23165E+01
 h Mean   [L]       -0.77348E+02 -0.77348E+02
 Top Flux [L/T]     -0.27903E+01
 Bot Flux [L/T]      0.00000E+00
 WatBalT  [L]       -0.26821E+00
 WatBalR  [%]              0.259
----------------------------------------------------------

----------------------------------------------------------
 Time       [T]      558.0000
----------------------------------------------------------
 Sub-region num.                     1
----------------------------------------------------------
 Length   [L]        0.15000E+03  0.15000E+03
 W-volume [L]        0.27587E+02  0.27587E+02
 In-flow  [L/T]      0.10095E+01  0.10095E+01
 h Mean   [L]       -0.60029E+02 -0.60029E+02
 Top Flux [L/T]     -0.14421E+01
 Bot Flux [L/T]      0.00000E+00
 WatBalT  [L]       -0.27364E+00
 WatBalR  [%]              0.260
----------------------------------------------------------

----------------------------------------------------------
 Time       [T]      559.0000
----------------------------------------------------------
 Sub-region num.                     1
----------------------------------------------------------
 Length   [L]        0.15000E+03  0.15000E+03
 W-volume [L]        0.27151E+02  0.27151E+02
 In-flow  [L/T]     -0.43689E+00 -0.43689E+00
 h Mean   [L]       -0.55450E+02 -0.55450E+02
 Top Flux [L/T]     -0.14439E-01
 Bot Flux [L/T]      0.00000E+00
 WatBalT  [L]       -0.27263E+00
 WatBalR  [%]              0.258
----------------------------------------------------------

----------------------------------------------------------
 Time       [T]      560.0000
----------------------------------------------------------
 Sub-region num.                     1
----------------------------------------------------------
 Length   [L]        0.15000E+03  0.15000E+03
 W-volume [L]        0.26705E+02  0.26705E+02
 In-flow  [L/T]     -0.44959E+00 -0.44959E+00
 h Mean   [L]       -0.57456E+02 -0.57456E+02
 Top Flux [L/T]     -0.10288E-01
 Bot Flux [L/T]      0.00000E+00
 WatBalT  [L]       -0.26839E+00
 WatBalR  [%]              0.253
----------------------------------------------------------

----------------------------------------------------------
 Time       [T]      561.0000
----------------------------------------------------------
 Sub-region num.                     1
----------------------------------------------------------
 Length   [L]        0.15000E+03  0.15000E+03
 W-volume [L]        0.26267E+02  0.26267E+02
 In-flow  [L/T]     -0.42673E+00 -0.42673E+00
 h Mean   [L]       -0.61298E+02 -0.61298E+02
 Top Flux [L/T]     -0.82421E-02
 Bot Flux [L/T]      0.00000E+00
 WatBalT  [L]       -0.27983E+00
 WatBalR  [%]              0.262
----------------------------------------------------------

----------------------------------------------------------
 Time       [T]      562.0000
----------------------------------------------------------
 Sub-region num.                     1
----------------------------------------------------------
 Length   [L]        0.15000E+03  0.15000E+03
 W-volume [L]        0.25813E+02  0.25813E+02
 In-flow  [L/T]     -0.48261E+00 -0.48261E+00
 h Mean   [L]       -0.66169E+02 -0.66169E+02
 Top Flux [L/T]     -0.89296E-02
 Bot Flux [L/T]      0.00000E+00
 WatBalT  [L]       -0.25188E+00
 WatBalR  [%]              0.235
----------------------------------------------------------

----------------------------------------------------------
 Time       [T]      563.0000
----------------------------------------------------------
 Sub-region num.                     1
----------------------------------------------------------
 Length   [L]        0.15000E+03  0.15000E+03
 W-volume [L]        0.25340E+02  0.25340E+02
 In-flow  [L/T]     -0.46229E+00 -0.46229E+00
 h Mean   [L]       -0.71932E+02 -0.71932E+02
 Top Flux [L/T]     -0.81327E-02
 Bot Flux [L/T]      0.00000E+00
 WatBalT  [L]       -0.26206E+00
 WatBalR  [%]              0.244
----------------------------------------------------------

----------------------------------------------------------
 Time       [T]      564.0000
----------------------------------------------------------
 Sub-region num.                     1
----------------------------------------------------------
 Length   [L]        0.15000E+03  0.15000E+03
 W-volume [L]        0.24883E+02  0.24883E+02
 In-flow  [L/T]     -0.45213E+00 -0.45213E+00
 h Mean   [L]       -0.78408E+02 -0.78408E+02
 Top Flux [L/T]     -0.79108E-02
 Bot Flux [L/T]      0.00000E+00
 WatBalT  [L]       -0.26713E+00
 WatBalR  [%]              0.247
----------------------------------------------------------

----------------------------------------------------------
 Time       [T]      565.0000
----------------------------------------------------------
 Sub-region num.                     1
----------------------------------------------------------
 Length   [L]        0.15000E+03  0.15000E+03
 W-volume [L]        0.24469E+02  0.24469E+02
 In-flow  [L/T]     -0.37593E+00 -0.37593E+00
 h Mean   [L]       -0.85041E+02 -0.85041E+02
 Top Flux [L/T]     -0.62718E-02
 Bot Flux [L/T]      0.00000E+00
 WatBalT  [L]       -0.30523E+00
 WatBalR  [%]              0.281
----------------------------------------------------------

----------------------------------------------------------
 Time       [T]      566.0000
----------------------------------------------------------
 Sub-region num.                     1
----------------------------------------------------------
 Length   [L]        0.15000E+03  0.15000E+03
 W-volume [L]        0.24076E+02  0.24076E+02
 In-flow  [L/T]     -0.40895E+00 -0.40895E+00
 h Mean   [L]       -0.92500E+02 -0.92500E+02
 Top Flux [L/T]     -0.69952E-02
 Bot Flux [L/T]      0.00000E+00
 WatBalT  [L]       -0.28872E+00
 WatBalR  [%]              0.265
----------------------------------------------------------

----------------------------------------------------------
 Time       [T]      567.0000
----------------------------------------------------------
 Sub-region num.                     1
----------------------------------------------------------
 Length   [L]        0.15000E+03  0.15000E+03
 W-volume [L]        0.23665E+02  0.23665E+02
 In-flow  [L/T]     -0.41403E+00 -0.41403E+00
 h Mean   [L]       -0.10190E+03 -0.10190E+03
 Top Flux [L/T]     -0.74704E-02
 Bot Flux [L/T]      0.00000E+00
 WatBalT  [L]       -0.28618E+00
 WatBalR  [%]              0.262
----------------------------------------------------------

----------------------------------------------------------
 Time       [T]      568.0000
----------------------------------------------------------
 Sub-region num.                     1
----------------------------------------------------------
 Length   [L]        0.15000E+03  0.15000E+03
 W-volume [L]        0.23273E+02  0.23273E+02
 In-flow  [L/T]     -0.37085E+00 -0.37085E+00
 h Mean   [L]       -0.11288E+03 -0.11288E+03
 Top Flux [L/T]     -0.68541E-02
 Bot Flux [L/T]      0.00000E+00
 WatBalT  [L]       -0.30776E+00
 WatBalR  [%]              0.281
----------------------------------------------------------

----------------------------------------------------------
 Time       [T]      569.0000
----------------------------------------------------------
 Sub-region num.                     1
----------------------------------------------------------
 Length   [L]        0.15000E+03  0.15000E+03
 W-volume [L]        0.22896E+02  0.22896E+02
 In-flow  [L/T]     -0.38125E+00 -0.38125E+00
 h Mean   [L]       -0.12636E+03 -0.12636E+03
 Top Flux [L/T]     -0.67859E-02
 Bot Flux [L/T]      0.00000E+00
 WatBalT  [L]       -0.30802E+00
 WatBalR  [%]              0.280
----------------------------------------------------------

----------------------------------------------------------
 Time       [T]      570.0000
----------------------------------------------------------
 Sub-region num.                     1
----------------------------------------------------------
 Length   [L]        0.15000E+03  0.15000E+03
 W-volume [L]        0.22497E+02  0.22497E+02
 In-flow  [L/T]     -0.42794E+00 -0.42794E+00
 h Mean   [L]       -0.14498E+03 -0.14498E+03
 Top Flux [L/T]     -0.64297E-02
 Bot Flux [L/T]      0.00000E+00
 WatBalT  [L]       -0.29262E+00
 WatBalR  [%]              0.265
----------------------------------------------------------

----------------------------------------------------------
 Time       [T]      571.0000
----------------------------------------------------------
 Sub-region num.                     1
----------------------------------------------------------
 Length   [L]        0.15000E+03  0.15000E+03
 W-volume [L]        0.22084E+02  0.22084E+02
 In-flow  [L/T]     -0.42485E+00 -0.42485E+00
 h Mean   [L]       -0.16921E+03 -0.16921E+03
 Top Flux [L/T]     -0.49097E-02
 Bot Flux [L/T]      0.00000E+00
 WatBalT  [L]       -0.30120E+00
 WatBalR  [%]              0.272
----------------------------------------------------------

----------------------------------------------------------
 Time       [T]      572.0000
----------------------------------------------------------
 Sub-region num.                     1
----------------------------------------------------------
 Length   [L]        0.15000E+03  0.15000E+03
 W-volume [L]        0.21710E+02  0.21710E+02
 In-flow  [L/T]     -0.36378E+00 -0.36378E+00
 h Mean   [L]       -0.19249E+03 -0.19249E+03
 Top Flux [L/T]     -0.24504E-02
 Bot Flux [L/T]      0.00000E+00
 WatBalT  [L]       -0.32892E+00
 WatBalR  [%]              0.296
----------------------------------------------------------

----------------------------------------------------------
 Time       [T]      573.0000
----------------------------------------------------------
 Sub-region num.                     1
----------------------------------------------------------
 Length   [L]        0.15000E+03  0.15000E+03
 W-volume [L]        0.21423E+02  0.21423E+02
 In-flow  [L/T]     -0.24596E+00 -0.24596E+00
 h Mean   [L]       -0.20790E+03 -0.20790E+03
 Top Flux [L/T]     -0.10653E-02
 Bot Flux [L/T]      0.00000E+00
 WatBalT  [L]       -0.37712E+00
 WatBalR  [%]              0.338
----------------------------------------------------------

----------------------------------------------------------
 Time       [T]      574.0000
----------------------------------------------------------
 Sub-region num.                     1
----------------------------------------------------------
 Length   [L]        0.15000E+03  0.15000E+03
 W-volume [L]        0.21209E+02  0.21209E+02
 In-flow  [L/T]     -0.19586E+00 -0.19586E+00
 h Mean   [L]       -0.21680E+03 -0.21680E+03
 Top Flux [L/T]     -0.48720E-03
 Bot Flux [L/T]      0.00000E+00
 WatBalT  [L]       -0.39859E+00
 WatBalR  [%]              0.357
----------------------------------------------------------

----------------------------------------------------------
 Time       [T]      575.0000
----------------------------------------------------------
 Sub-region num.                     1
----------------------------------------------------------
 Length   [L]        0.15000E+03  0.15000E+03
 W-volume [L]        0.21035E+02  0.21035E+02
 In-flow  [L/T]     -0.15905E+00 -0.15905E+00
 h Mean   [L]       -0.22242E+03 -0.22242E+03
 Top Flux [L/T]     -0.16700E-03
 Bot Flux [L/T]      0.00000E+00
 WatBalT  [L]       -0.41489E+00
 WatBalR  [%]              0.371
----------------------------------------------------------

----------------------------------------------------------
 Time       [T]      576.0000
----------------------------------------------------------
 Sub-region num.                     1
----------------------------------------------------------
 Length   [L]        0.15000E+03  0.15000E+03
 W-volume [L]        0.20862E+02  0.20862E+02
 In-flow  [L/T]     -0.19044E+00 -0.19044E+00
 h Mean   [L]       -0.22827E+03 -0.22827E+03
 Top Flux [L/T]     -0.68367E-04
 Bot Flux [L/T]      0.00000E+00
 WatBalT  [L]       -0.40089E+00
 WatBalR  [%]              0.358
----------------------------------------------------------

----------------------------------------------------------
 Time       [T]      577.0000
----------------------------------------------------------
 Sub-region num.                     1
----------------------------------------------------------
 Length   [L]        0.15000E+03  0.15000E+03
 W-volume [L]        0.20690E+02  0.20690E+02
 In-flow  [L/T]     -0.15910E+00 -0.15910E+00
 h Mean   [L]       -0.23406E+03 -0.23406E+03
 Top Flux [L/T]     -0.25787E-04
 Bot Flux [L/T]      0.00000E+00
 WatBalT  [L]       -0.41515E+00
 WatBalR  [%]              0.370
----------------------------------------------------------

----------------------------------------------------------
 Time       [T]      578.0000
----------------------------------------------------------
 Sub-region num.                     1
----------------------------------------------------------
 Length   [L]        0.15000E+03  0.15000E+03
 W-volume [L]        0.20521E+02  0.20521E+02
 In-flow  [L/T]     -0.18093E+00 -0.18093E+00
 h Mean   [L]       -0.24028E+03 -0.24028E+03
 Top Flux [L/T]     -0.11635E-04
 Bot Flux [L/T]      0.00000E+00
 WatBalT  [L]       -0.40573E+00
 WatBalR  [%]              0.361
----------------------------------------------------------

----------------------------------------------------------
 Time       [T]      579.0000
----------------------------------------------------------
 Sub-region num.                     1
----------------------------------------------------------
 Length   [L]        0.15000E+03  0.15000E+03
 W-volume [L]        0.20357E+02  0.20357E+02
 In-flow  [L/T]     -0.15345E+00 -0.15345E+00
 h Mean   [L]       -0.24631E+03 -0.24631E+03
 Top Flux [L/T]     -0.52828E-05
 Bot Flux [L/T]      0.00000E+00
 WatBalT  [L]       -0.41821E+00
 WatBalR  [%]              0.372
----------------------------------------------------------

----------------------------------------------------------
 Time       [T]      580.0000
----------------------------------------------------------
 Sub-region num.                     1
----------------------------------------------------------
 Length   [L]        0.15000E+03  0.15000E+03
 W-volume [L]        0.20207E+02  0.20207E+02
 In-flow  [L/T]     -0.15083E+00 -0.15083E+00
 h Mean   [L]       -0.25175E+03 -0.25175E+03
 Top Flux [L/T]     -0.37417E-05
 Bot Flux [L/T]      0.00000E+00
 WatBalT  [L]       -0.41971E+00
 WatBalR  [%]              0.373
----------------------------------------------------------

----------------------------------------------------------
 Time       [T]      581.0000
----------------------------------------------------------
 Sub-region num.                     1
----------------------------------------------------------
 Length   [L]        0.15000E+03  0.15000E+03
 W-volume [L]        0.20070E+02  0.20070E+02
 In-flow  [L/T]     -0.12544E+00 -0.12544E+00
 h Mean   [L]       -0.25619E+03 -0.25619E+03
 Top Flux [L/T]     -0.29426E-05
 Bot Flux [L/T]      0.00000E+00
 WatBalT  [L]       -0.43126E+00
 WatBalR  [%]              0.383
----------------------------------------------------------

----------------------------------------------------------
 Time       [T]      582.0000
----------------------------------------------------------
 Sub-region num.                     1
----------------------------------------------------------
 Length   [L]        0.15000E+03  0.15000E+03
 W-volume [L]        0.19984E+02  0.19984E+02
 In-flow  [L/T]     -0.49545E-01 -0.49545E-01
 h Mean   [L]       -0.25636E+03 -0.25636E+03
 Top Flux [L/T]     -0.14041E-05
 Bot Flux [L/T]      0.00000E+00
 WatBalT  [L]       -0.46757E+00
 WatBalR  [%]              0.415
----------------------------------------------------------

----------------------------------------------------------
 Time       [T]      583.0000
----------------------------------------------------------
 Sub-region num.                     1
----------------------------------------------------------
 Length   [L]        0.15000E+03  0.15000E+03
 W-volume [L]        0.19897E+02  0.19897E+02
 In-flow  [L/T]     -0.12142E+00 -0.12142E+00
 h Mean   [L]       -0.25701E+03 -0.25701E+03
 Top Flux [L/T]      0.12895E-06
 Bot Flux [L/T]      0.00000E+00
 WatBalT  [L]       -0.43342E+00
 WatBalR  [%]              0.384
----------------------------------------------------------

----------------------------------------------------------
 Time       [T]      584.0000
----------------------------------------------------------
 Sub-region num.                     1
----------------------------------------------------------
 Length   [L]        0.15000E+03  0.15000E+03
 W-volume [L]        0.19777E+02  0.19777E+02
 In-flow  [L/T]     -0.12160E+00 -0.12160E+00
 h Mean   [L]       -0.26121E+03 -0.26121E+03
 Top Flux [L/T]     -0.40118E-06
 Bot Flux [L/T]      0.00000E+00
 WatBalT  [L]       -0.43347E+00
 WatBalR  [%]              0.384
----------------------------------------------------------

----------------------------------------------------------
 Time       [T]      585.0000
----------------------------------------------------------
 Sub-region num.                     1
----------------------------------------------------------
 Length   [L]        0.15000E+03  0.15000E+03
 W-volume [L]        0.19694E+02  0.19694E+02
 In-flow  [L/T]     -0.45320E-01 -0.45320E-01
 h Mean   [L]       -0.26190E+03 -0.26190E+03
 Top Flux [L/T]      0.11939E-06
 Bot Flux [L/T]      0.00000E+00
 WatBalT  [L]       -0.46982E+00
 WatBalR  [%]              0.416
----------------------------------------------------------

----------------------------------------------------------
 Time       [T]      586.0000
----------------------------------------------------------
 Sub-region num.                     1
----------------------------------------------------------
 Length   [L]        0.15000E+03  0.15000E+03
 W-volume [L]        0.19624E+02  0.19624E+02
 In-flow  [L/T]     -0.94974E-01 -0.94974E-01
 h Mean   [L]       -0.26203E+03 -0.26203E+03
 Top Flux [L/T]      0.15190E-05
 Bot Flux [L/T]      0.00000E+00
 WatBalT  [L]       -0.44599E+00
 WatBalR  [%]              0.394
----------------------------------------------------------

----------------------------------------------------------
 Time       [T]      587.0000
----------------------------------------------------------
 Sub-region num.                     1
----------------------------------------------------------
 Length   [L]        0.15000E+03  0.15000E+03
 W-volume [L]        0.19520E+02  0.19520E+02
 In-flow  [L/T]     -0.11323E+00 -0.11323E+00
 h Mean   [L]       -0.26568E+03 -0.26568E+03
 Top Flux [L/T]      0.67361E-06
 Bot Flux [L/T]      0.00000E+00
 WatBalT  [L]       -0.43772E+00
 WatBalR  [%]              0.386
----------------------------------------------------------

----------------------------------------------------------
 Time       [T]      588.0000
----------------------------------------------------------
 Sub-region num.                     1
----------------------------------------------------------
 Length   [L]        0.15000E+03  0.15000E+03
 W-volume [L]        0.19409E+02  0.19409E+02
 In-flow  [L/T]     -0.10967E+00 -0.10967E+00
 h Mean   [L]       -0.27013E+03 -0.27013E+03
 Top Flux [L/T]     -0.52070E-06
 Bot Flux [L/T]      0.00000E+00
 WatBalT  [L]       -0.43947E+00
 WatBalR  [%]              0.388
----------------------------------------------------------

----------------------------------------------------------
 Time       [T]      589.0000
----------------------------------------------------------
 Sub-region num.                     1
----------------------------------------------------------
 Length   [L]        0.15000E+03  0.15000E+03
 W-volume [L]        0.19296E+02  0.19296E+02
 In-flow  [L/T]     -0.11884E+00 -0.11884E+00
 h Mean   [L]       -0.27534E+03 -0.27534E+03
 Top Flux [L/T]     -0.13947E-05
 Bot Flux [L/T]      0.00000E+00
 WatBalT  [L]       -0.43562E+00
 WatBalR  [%]              0.384
----------------------------------------------------------

----------------------------------------------------------
 Time       [T]      590.0000
----------------------------------------------------------
 Sub-region num.                     1
----------------------------------------------------------
 Length   [L]        0.15000E+03  0.15000E+03
 W-volume [L]        0.19181E+02  0.19181E+02
 In-flow  [L/T]     -0.11489E+00 -0.11489E+00
 h Mean   [L]       -0.28084E+03 -0.28084E+03
 Top Flux [L/T]     -0.19578E-05
 Bot Flux [L/T]      0.00000E+00
 WatBalT  [L]       -0.43750E+00
 WatBalR  [%]              0.385
----------------------------------------------------------

----------------------------------------------------------
 Time       [T]      591.0000
----------------------------------------------------------
 Sub-region num.                     1
----------------------------------------------------------
 Length   [L]        0.15000E+03  0.15000E+03
 W-volume [L]        0.19078E+02  0.19078E+02
 In-flow  [L/T]     -0.95861E-01 -0.95861E-01
 h Mean   [L]       -0.28544E+03 -0.28544E+03
 Top Flux [L/T]     -0.22580E-05
 Bot Flux [L/T]      0.00000E+00
 WatBalT  [L]       -0.44619E+00
 WatBalR  [%]              0.392
----------------------------------------------------------

----------------------------------------------------------
 Time       [T]      592.0000
----------------------------------------------------------
 Sub-region num.                     1
----------------------------------------------------------
 Length   [L]        0.15000E+03  0.15000E+03
 W-volume [L]        0.18985E+02  0.18985E+02
 In-flow  [L/T]     -0.91632E-01 -0.91632E-01
 h Mean   [L]       -0.28922E+03 -0.28922E+03
 Top Flux [L/T]     -0.21906E-05
 Bot Flux [L/T]      0.00000E+00
 WatBalT  [L]       -0.44814E+00
 WatBalR  [%]              0.394
----------------------------------------------------------

----------------------------------------------------------
 Time       [T]      593.0000
----------------------------------------------------------
 Sub-region num.                     1
----------------------------------------------------------
 Length   [L]        0.15000E+03  0.15000E+03
 W-volume [L]        0.18887E+02  0.18887E+02
 In-flow  [L/T]     -0.10564E+00 -0.10564E+00
 h Mean   [L]       -0.29371E+03 -0.29371E+03
 Top Flux [L/T]     -0.20946E-05
 Bot Flux [L/T]      0.00000E+00
 WatBalT  [L]       -0.44204E+00
 WatBalR  [%]              0.388
----------------------------------------------------------

----------------------------------------------------------
 Time       [T]      594.0000
----------------------------------------------------------
 Sub-region num.                     1
----------------------------------------------------------
 Length   [L]        0.15000E+03  0.15000E+03
 W-volume [L]        0.18788E+02  0.18788E+02
 In-flow  [L/T]     -0.95226E-01 -0.95226E-01
 h Mean   [L]       -0.29840E+03 -0.29840E+03
 Top Flux [L/T]     -0.21513E-05
 Bot Flux [L/T]      0.00000E+00
 WatBalT  [L]       -0.44681E+00
 WatBalR  [%]              0.392
----------------------------------------------------------

----------------------------------------------------------
 Time       [T]      595.0000
----------------------------------------------------------
 Sub-region num.                     1
----------------------------------------------------------
 Length   [L]        0.15000E+03  0.15000E+03
 W-volume [L]        0.18699E+02  0.18699E+02
 In-flow  [L/T]     -0.86386E-01 -0.86386E-01
 h Mean   [L]       -0.30236E+03 -0.30236E+03
 Top Flux [L/T]     -0.21793E-05
 Bot Flux [L/T]      0.00000E+00
 WatBalT  [L]       -0.45081E+00
 WatBalR  [%]              0.395
----------------------------------------------------------

----------------------------------------------------------
 Time       [T]      596.0000
----------------------------------------------------------
 Sub-region num.                     1
----------------------------------------------------------
 Length   [L]        0.15000E+03  0.15000E+03
 W-volume [L]        0.18613E+02  0.18613E+02
 In-flow  [L/T]     -0.86306E-01 -0.86306E-01
 h Mean   [L]       -0.30605E+03 -0.30605E+03
 Top Flux [L/T]     -0.21073E-05
 Bot Flux [L/T]      0.00000E+00
 WatBalT  [L]       -0.45093E+00
 WatBalR  [%]              0.395
----------------------------------------------------------

----------------------------------------------------------
 Time       [T]      597.0000
----------------------------------------------------------
 Sub-region num.                     1
----------------------------------------------------------
 Length   [L]        0.15000E+03  0.15000E+03
 W-volume [L]        0.18525E+02  0.18525E+02
 In-flow  [L/T]     -0.91971E-01 -0.91971E-01
 h Mean   [L]       -0.31029E+03 -0.31029E+03
 Top Flux [L/T]     -0.20067E-05
 Bot Flux [L/T]      0.00000E+00
 WatBalT  [L]       -0.44862E+00
 WatBalR  [%]              0.393
----------------------------------------------------------

----------------------------------------------------------
 Time       [T]      598.0000
----------------------------------------------------------
 Sub-region num.                     1
----------------------------------------------------------
 Length   [L]        0.15000E+03  0.15000E+03
 W-volume [L]        0.18444E+02  0.18444E+02
 In-flow  [L/T]     -0.72981E-01 -0.72981E-01
 h Mean   [L]       -0.31378E+03 -0.31378E+03
 Top Flux [L/T]     -0.19776E-05
 Bot Flux [L/T]      0.00000E+00
 WatBalT  [L]       -0.45710E+00
 WatBalR  [%]              0.400
----------------------------------------------------------

----------------------------------------------------------
 Time       [T]      599.0000
----------------------------------------------------------
 Sub-region num.                     1
----------------------------------------------------------
 Length   [L]        0.15000E+03  0.15000E+03
 W-volume [L]        0.18376E+02  0.18376E+02
 In-flow  [L/T]     -0.62318E-01 -0.62318E-01
 h Mean   [L]       -0.31596E+03 -0.31596E+03
 Top Flux [L/T]     -0.18914E-05
 Bot Flux [L/T]      0.00000E+00
 WatBalT  [L]       -0.46207E+00
 WatBalR  [%]              0.404
----------------------------------------------------------

----------------------------------------------------------
 Time       [T]      600.0000
----------------------------------------------------------
 Sub-region num.                     1
----------------------------------------------------------
 Length   [L]        0.15000E+03  0.15000E+03
 W-volume [L]        0.18312E+02  0.18312E+02
 In-flow  [L/T]     -0.66355E-01 -0.66355E-01
 h Mean   [L]       -0.31804E+03 -0.31804E+03
 Top Flux [L/T]     -0.17433E-05
 Bot Flux [L/T]      0.00000E+00
 WatBalT  [L]       -0.46027E+00
 WatBalR  [%]              0.402
----------------------------------------------------------

----------------------------------------------------------
 Time       [T]      601.0000
----------------------------------------------------------
 Sub-region num.                     1
----------------------------------------------------------
 Length   [L]        0.15000E+03  0.15000E+03
 W-volume [L]        0.18242E+02  0.18242E+02
 In-flow  [L/T]     -0.75061E-01 -0.75061E-01
 h Mean   [L]       -0.32097E+03 -0.32097E+03
 Top Flux [L/T]     -0.15953E-05
 Bot Flux [L/T]      0.00000E+00
 WatBalT  [L]       -0.45644E+00
 WatBalR  [%]              0.399
----------------------------------------------------------

----------------------------------------------------------
 Time       [T]      602.0000
----------------------------------------------------------
 Sub-region num.                     1
----------------------------------------------------------
 Length   [L]        0.15000E+03  0.15000E+03
 W-volume [L]        0.18171E+02  0.18171E+02
 In-flow  [L/T]     -0.67028E-01 -0.67028E-01
 h Mean   [L]       -0.32399E+03 -0.32399E+03
 Top Flux [L/T]     -0.14808E-05
 Bot Flux [L/T]      0.00000E+00
 WatBalT  [L]       -0.46012E+00
 WatBalR  [%]              0.402
----------------------------------------------------------

----------------------------------------------------------
 Time       [T]      603.0000
----------------------------------------------------------
 Sub-region num.                     1
----------------------------------------------------------
 Length   [L]        0.15000E+03  0.15000E+03
 W-volume [L]        0.18104E+02  0.18104E+02
 In-flow  [L/T]     -0.69106E-01 -0.69106E-01
 h Mean   [L]       -0.32699E+03 -0.32699E+03
 Top Flux [L/T]     -0.14234E-05
 Bot Flux [L/T]      0.00000E+00
 WatBalT  [L]       -0.45928E+00
 WatBalR  [%]              0.401
----------------------------------------------------------

----------------------------------------------------------
 Time       [T]      604.0000
----------------------------------------------------------
 Sub-region num.                     1
----------------------------------------------------------
 Length   [L]        0.15000E+03  0.15000E+03
 W-volume [L]        0.18038E+02  0.18038E+02
 In-flow  [L/T]     -0.63634E-01 -0.63634E-01
 h Mean   [L]       -0.32983E+03 -0.32983E+03
 Top Flux [L/T]     -0.13755E-05
 Bot Flux [L/T]      0.00000E+00
 WatBalT  [L]       -0.46179E+00
 WatBalR  [%]              0.403
----------------------------------------------------------

----------------------------------------------------------
 Time       [T]      605.0000
----------------------------------------------------------
 Sub-region num.                     1
----------------------------------------------------------
 Length   [L]        0.15000E+03  0.15000E+03
 W-volume [L]        0.17969E+02  0.17969E+02
 In-flow  [L/T]     -0.75298E-01 -0.75298E-01
 h Mean   [L]       -0.33333E+03 -0.33333E+03
 Top Flux [L/T]     -0.13563E-05
 Bot Flux [L/T]      0.00000E+00
 WatBalT  [L]       -0.45675E+00
 WatBalR  [%]              0.398
----------------------------------------------------------

----------------------------------------------------------
 Time       [T]      606.0000
----------------------------------------------------------
 Sub-region num.                     1
----------------------------------------------------------
 Length   [L]        0.15000E+03  0.15000E+03
 W-volume [L]        0.17909E+02  0.17909E+02
 In-flow  [L/T]     -0.47246E-01 -0.47246E-01
 h Mean   [L]       -0.33564E+03 -0.33564E+03
 Top Flux [L/T]     -0.13703E-05
 Bot Flux [L/T]      0.00000E+00
 WatBalT  [L]       -0.46942E+00
 WatBalR  [%]              0.409
----------------------------------------------------------

----------------------------------------------------------
 Time       [T]      607.0000
----------------------------------------------------------
 Sub-region num.                     1
----------------------------------------------------------
 Length   [L]        0.15000E+03  0.15000E+03
 W-volume [L]        0.17853E+02  0.17853E+02
 In-flow  [L/T]     -0.64522E-01 -0.64522E-01
 h Mean   [L]       -0.33799E+03 -0.33799E+03
 Top Flux [L/T]     -0.13225E-05
 Bot Flux [L/T]      0.00000E+00
 WatBalT  [L]       -0.46162E+00
 WatBalR  [%]              0.402
----------------------------------------------------------

----------------------------------------------------------
 Time       [T]      608.0000
----------------------------------------------------------
 Sub-region num.                     1
----------------------------------------------------------
 Length   [L]        0.15000E+03  0.15000E+03
 W-volume [L]        0.17792E+02  0.17792E+02
 In-flow  [L/T]     -0.58640E-01 -0.58640E-01
 h Mean   [L]       -0.34078E+03 -0.34078E+03
 Top Flux [L/T]     -0.12795E-05
 Bot Flux [L/T]      0.00000E+00
 WatBalT  [L]       -0.46430E+00
 WatBalR  [%]              0.404
----------------------------------------------------------

----------------------------------------------------------
 Time       [T]      609.0000
----------------------------------------------------------
 Sub-region num.                     1
----------------------------------------------------------
 Length   [L]        0.15000E+03  0.15000E+03
 W-volume [L]        0.17738E+02  0.17738E+02
 In-flow  [L/T]     -0.49784E-01 -0.49784E-01
 h Mean   [L]       -0.34288E+03 -0.34288E+03
 Top Flux [L/T]     -0.12317E-05
 Bot Flux [L/T]      0.00000E+00
 WatBalT  [L]       -0.46836E+00
 WatBalR  [%]              0.407
----------------------------------------------------------

----------------------------------------------------------
 Time       [T]      610.0000
----------------------------------------------------------
 Sub-region num.                     1
----------------------------------------------------------
 Length   [L]        0.15000E+03  0.15000E+03
 W-volume [L]        0.17713E+02  0.17713E+02
 In-flow  [L/T]     -0.96691E-03 -0.96691E-03
 h Mean   [L]       -0.34142E+03 -0.34142E+03
 Top Flux [L/T]     -0.11888E-05
 Bot Flux [L/T]      0.00000E+00
 WatBalT  [L]        0.19279E+01
 WatBalR  [%]              1.642
----------------------------------------------------------

----------------------------------------------------------
 Time       [T]      611.0000
----------------------------------------------------------
 Sub-region num.                     1
----------------------------------------------------------
 Length   [L]        0.15000E+03  0.15000E+03
 W-volume [L]        0.14082E+02  0.14082E+02
 In-flow  [L/T]     -0.24208E+01 -0.24208E+01
 h Mean   [L]       -0.58138E+03 -0.58138E+03
 Top Flux [L/T]     -0.14263E-05
 Bot Flux [L/T]      0.00000E+00
 WatBalT  [L]        0.11195E+00
 WatBalR  [%]              0.094
----------------------------------------------------------

----------------------------------------------------------
 Time       [T]      612.0000
----------------------------------------------------------
 Sub-region num.                     1
----------------------------------------------------------
 Length   [L]        0.15000E+03  0.15000E+03
 W-volume [L]        0.13174E+02  0.13174E+02
 In-flow  [L/T]     -0.60502E+00 -0.60502E+00
 h Mean   [L]       -0.73850E+03 -0.73850E+03
 Top Flux [L/T]     -0.18443E-05
 Bot Flux [L/T]      0.00000E+00
 WatBalT  [L]       -0.34199E+00
 WatBalR  [%]              0.286
----------------------------------------------------------

----------------------------------------------------------
 Time       [T]      613.0000
----------------------------------------------------------
 Sub-region num.                     1
----------------------------------------------------------
 Length   [L]        0.15000E+03  0.15000E+03
 W-volume [L]        0.12947E+02  0.12947E+02
 In-flow  [L/T]     -0.15101E+00 -0.15101E+00
 h Mean   [L]       -0.79301E+03 -0.79301E+03
 Top Flux [L/T]     -0.21289E-05
 Bot Flux [L/T]      0.00000E+00
 WatBalT  [L]       -0.45551E+00
 WatBalR  [%]              0.380
----------------------------------------------------------

----------------------------------------------------------
 Time       [T]      614.0000
----------------------------------------------------------
 Sub-region num.                     1
----------------------------------------------------------
 Length   [L]        0.15000E+03  0.15000E+03
 W-volume [L]        0.12891E+02  0.12891E+02
 In-flow  [L/T]     -0.37402E-01 -0.37402E-01
 h Mean   [L]       -0.81055E+03 -0.81055E+03
 Top Flux [L/T]     -0.22423E-05
 Bot Flux [L/T]      0.00000E+00
 WatBalT  [L]       -0.48409E+00
 WatBalR  [%]              0.404
----------------------------------------------------------

----------------------------------------------------------
 Time       [T]      615.0000
----------------------------------------------------------
 Sub-region num.                     1
----------------------------------------------------------
 Length   [L]        0.15000E+03  0.15000E+03
 W-volume [L]        0.12878E+02  0.12878E+02
 In-flow  [L/T]     -0.79409E-02 -0.79409E-02
 h Mean   [L]       -0.81494E+03 -0.81494E+03
 Top Flux [L/T]     -0.22465E-05
 Bot Flux [L/T]      0.00000E+00
 WatBalT  [L]       -0.49318E+00
 WatBalR  [%]              0.412
----------------------------------------------------------

----------------------------------------------------------
 Time       [T]      616.0000
----------------------------------------------------------
 Sub-region num.                     1
----------------------------------------------------------
 Length   [L]        0.15000E+03  0.15000E+03
 W-volume [L]        0.12878E+02  0.12878E+02
 In-flow  [L/T]     -0.10684E-04 -0.10684E-04
 h Mean   [L]       -0.81505E+03 -0.81505E+03
 Top Flux [L/T]     -0.22126E-05
 Bot Flux [L/T]      0.00000E+00
 WatBalT  [L]       -0.49318E+00
 WatBalR  [%]              0.412
----------------------------------------------------------

----------------------------------------------------------
 Time       [T]      617.0000
----------------------------------------------------------
 Sub-region num.                     1
----------------------------------------------------------
 Length   [L]        0.15000E+03  0.15000E+03
 W-volume [L]        0.12878E+02  0.12878E+02
 In-flow  [L/T]     -0.85413E-04 -0.85413E-04
 h Mean   [L]       -0.81507E+03 -0.81507E+03
 Top Flux [L/T]     -0.21598E-05
 Bot Flux [L/T]      0.00000E+00
 WatBalT  [L]       -0.49318E+00
 WatBalR  [%]              0.412
----------------------------------------------------------

----------------------------------------------------------
 Time       [T]      618.0000
----------------------------------------------------------
 Sub-region num.                     1
----------------------------------------------------------
 Length   [L]        0.15000E+03  0.15000E+03
 W-volume [L]        0.12878E+02  0.12878E+02
 In-flow  [L/T]     -0.11206E-04 -0.11206E-04
 h Mean   [L]       -0.81507E+03 -0.81507E+03
 Top Flux [L/T]     -0.21070E-05
 Bot Flux [L/T]      0.00000E+00
 WatBalT  [L]       -0.49315E+00
 WatBalR  [%]              0.411
----------------------------------------------------------

----------------------------------------------------------
 Time       [T]      619.0000
----------------------------------------------------------
 Sub-region num.                     1
----------------------------------------------------------
 Length   [L]        0.15000E+03  0.15000E+03
 W-volume [L]        0.12878E+02  0.12878E+02
 In-flow  [L/T]     -0.10759E-04 -0.10759E-04
 h Mean   [L]       -0.81510E+03 -0.81510E+03
 Top Flux [L/T]     -0.20543E-05
 Bot Flux [L/T]      0.00000E+00
 WatBalT  [L]       -0.49318E+00
 WatBalR  [%]              0.412
----------------------------------------------------------

----------------------------------------------------------
 Time       [T]      620.0000
----------------------------------------------------------
 Sub-region num.                     1
----------------------------------------------------------
 Length   [L]        0.15000E+03  0.15000E+03
 W-volume [L]        0.12878E+02  0.12878E+02
 In-flow  [L/T]     -0.41023E-04 -0.41023E-04
 h Mean   [L]       -0.81511E+03 -0.81511E+03
 Top Flux [L/T]     -0.20064E-05
 Bot Flux [L/T]      0.00000E+00
 WatBalT  [L]       -0.49318E+00
 WatBalR  [%]              0.412
----------------------------------------------------------

----------------------------------------------------------
 Time       [T]      621.0000
----------------------------------------------------------
 Sub-region num.                     1
----------------------------------------------------------
 Length   [L]        0.15000E+03  0.15000E+03
 W-volume [L]        0.12878E+02  0.12878E+02
 In-flow  [L/T]     -0.39130E-04 -0.39130E-04
 h Mean   [L]       -0.81513E+03 -0.81513E+03
 Top Flux [L/T]     -0.19774E-05
 Bot Flux [L/T]      0.00000E+00
 WatBalT  [L]       -0.49318E+00
 WatBalR  [%]              0.412
----------------------------------------------------------

----------------------------------------------------------
 Time       [T]      622.0000
----------------------------------------------------------
 Sub-region num.                     1
----------------------------------------------------------
 Length   [L]        0.15000E+03  0.15000E+03
 W-volume [L]        0.12877E+02  0.12877E+02
 In-flow  [L/T]     -0.10927E-03 -0.10927E-03
 h Mean   [L]       -0.81516E+03 -0.81516E+03
 Top Flux [L/T]     -0.19295E-05
 Bot Flux [L/T]      0.00000E+00
 WatBalT  [L]       -0.49319E+00
 WatBalR  [%]              0.412
----------------------------------------------------------

----------------------------------------------------------
 Time       [T]      623.0000
----------------------------------------------------------
 Sub-region num.                     1
----------------------------------------------------------
 Length   [L]        0.15000E+03  0.15000E+03
 W-volume [L]        0.12877E+02  0.12877E+02
 In-flow  [L/T]     -0.10774E-04 -0.10774E-04
 h Mean   [L]       -0.81517E+03 -0.81517E+03
 Top Flux [L/T]     -0.18817E-05
 Bot Flux [L/T]      0.00000E+00
 WatBalT  [L]       -0.49313E+00
 WatBalR  [%]              0.411
----------------------------------------------------------

----------------------------------------------------------
 Time       [T]      624.0000
----------------------------------------------------------
 Sub-region num.                     1
----------------------------------------------------------
 Length   [L]        0.15000E+03  0.15000E+03
 W-volume [L]        0.12877E+02  0.12877E+02
 In-flow  [L/T]     -0.10610E-04 -0.10610E-04
 h Mean   [L]       -0.81519E+03 -0.81519E+03
 Top Flux [L/T]     -0.18481E-05
 Bot Flux [L/T]      0.00000E+00
 WatBalT  [L]       -0.49319E+00
 WatBalR  [%]              0.412
----------------------------------------------------------

----------------------------------------------------------
 Time       [T]      625.0000
----------------------------------------------------------
 Sub-region num.                     1
----------------------------------------------------------
 Length   [L]        0.15000E+03  0.15000E+03
 W-volume [L]        0.12877E+02  0.12877E+02
 In-flow  [L/T]     -0.57414E-04 -0.57414E-04
 h Mean   [L]       -0.81521E+03 -0.81521E+03
 Top Flux [L/T]     -0.18240E-05
 Bot Flux [L/T]      0.00000E+00
 WatBalT  [L]       -0.49319E+00
 WatBalR  [%]              0.412
----------------------------------------------------------

----------------------------------------------------------
 Time       [T]      626.0000
----------------------------------------------------------
 Sub-region num.                     1
----------------------------------------------------------
 Length   [L]        0.15000E+03  0.15000E+03
 W-volume [L]        0.12877E+02  0.12877E+02
 In-flow  [L/T]     -0.95725E-04 -0.95725E-04
 h Mean   [L]       -0.81524E+03 -0.81524E+03
 Top Flux [L/T]     -0.17999E-05
 Bot Flux [L/T]      0.00000E+00
 WatBalT  [L]       -0.49319E+00
 WatBalR  [%]              0.412
----------------------------------------------------------

----------------------------------------------------------
 Time       [T]      627.0000
----------------------------------------------------------
 Sub-region num.                     1
----------------------------------------------------------
 Length   [L]        0.15000E+03  0.15000E+03
 W-volume [L]        0.12877E+02  0.12877E+02
 In-flow  [L/T]     -0.27582E-04 -0.27582E-04
 h Mean   [L]       -0.81525E+03 -0.81525E+03
 Top Flux [L/T]     -0.17569E-05
 Bot Flux [L/T]      0.00000E+00
 WatBalT  [L]       -0.49318E+00
 WatBalR  [%]              0.412
----------------------------------------------------------

----------------------------------------------------------
 Time       [T]      628.0000
----------------------------------------------------------
 Sub-region num.                     1
----------------------------------------------------------
 Length   [L]        0.15000E+03  0.15000E+03
 W-volume [L]        0.12877E+02  0.12877E+02
 In-flow  [L/T]     -0.99301E-04 -0.99301E-04
 h Mean   [L]       -0.81528E+03 -0.81528E+03
 Top Flux [L/T]     -0.17234E-05
 Bot Flux [L/T]      0.00000E+00
 WatBalT  [L]       -0.49319E+00
 WatBalR  [%]              0.412
----------------------------------------------------------

----------------------------------------------------------
 Time       [T]      629.0000
----------------------------------------------------------
 Sub-region num.                     1
----------------------------------------------------------
 Length   [L]        0.15000E+03  0.15000E+03
 W-volume [L]        0.12877E+02  0.12877E+02
 In-flow  [L/T]     -0.46507E-04 -0.46507E-04
 h Mean   [L]       -0.81529E+03 -0.81529E+03
 Top Flux [L/T]     -0.16993E-05
 Bot Flux [L/T]      0.00000E+00
 WatBalT  [L]       -0.49319E+00
 WatBalR  [%]              0.412
----------------------------------------------------------

----------------------------------------------------------
 Time       [T]      630.0000
----------------------------------------------------------
 Sub-region num.                     1
----------------------------------------------------------
 Length   [L]        0.15000E+03  0.15000E+03
 W-volume [L]        0.12877E+02  0.12877E+02
 In-flow  [L/T]     -0.11405E-03 -0.11405E-03
 h Mean   [L]       -0.81532E+03 -0.81532E+03
 Top Flux [L/T]     -0.16659E-05
 Bot Flux [L/T]      0.00000E+00
 WatBalT  [L]       -0.49318E+00
 WatBalR  [%]              0.412
----------------------------------------------------------

----------------------------------------------------------
 Time       [T]      631.0000
----------------------------------------------------------
 Sub-region num.                     1
----------------------------------------------------------
 Length   [L]        0.15000E+03  0.15000E+03
 W-volume [L]        0.12877E+02  0.12877E+02
 In-flow  [L/T]     -0.11697E-04 -0.11697E-04
 h Mean   [L]       -0.81532E+03 -0.81532E+03
 Top Flux [L/T]     -0.16371E-05
 Bot Flux [L/T]      0.00000E+00
 WatBalT  [L]       -0.49313E+00
 WatBalR  [%]              0.411
----------------------------------------------------------

----------------------------------------------------------
 Time       [T]      632.0000
----------------------------------------------------------
 Sub-region num.                     1
----------------------------------------------------------
 Length   [L]        0.15000E+03  0.15000E+03
 W-volume [L]        0.12877E+02  0.12877E+02
 In-flow  [L/T]     -0.10639E-04 -0.10639E-04
 h Mean   [L]       -0.81535E+03 -0.81535E+03
 Top Flux [L/T]     -0.16132E-05
 Bot Flux [L/T]      0.00000E+00
 WatBalT  [L]       -0.49318E+00
 WatBalR  [%]              0.412
----------------------------------------------------------

----------------------------------------------------------
 Time       [T]      633.0000
----------------------------------------------------------
 Sub-region num.                     1
----------------------------------------------------------
 Length   [L]        0.15000E+03  0.15000E+03
 W-volume [L]        0.12877E+02  0.12877E+02
 In-flow  [L/T]     -0.13781E-03 -0.13781E-03
 h Mean   [L]       -0.81539E+03 -0.81539E+03
 Top Flux [L/T]     -0.15845E-05
 Bot Flux [L/T]      0.00000E+00
 WatBalT  [L]       -0.49318E+00
 WatBalR  [%]              0.412
----------------------------------------------------------

----------------------------------------------------------
 Time       [T]      634.0000
----------------------------------------------------------
 Sub-region num.                     1
----------------------------------------------------------
 Length   [L]        0.15000E+03  0.15000E+03
 W-volume [L]        0.12877E+02  0.12877E+02
 In-flow  [L/T]     -0.10535E-04 -0.10535E-04
 h Mean   [L]       -0.81539E+03 -0.81539E+03
 Top Flux [L/T]     -0.15700E-05
 Bot Flux [L/T]      0.00000E+00
 WatBalT  [L]       -0.49317E+00
 WatBalR  [%]              0.412
----------------------------------------------------------

----------------------------------------------------------
 Time       [T]      635.0000
----------------------------------------------------------
 Sub-region num.                     1
----------------------------------------------------------
 Length   [L]        0.15000E+03  0.15000E+03
 W-volume [L]        0.12877E+02  0.12877E+02
 In-flow  [L/T]     -0.62481E-04 -0.62481E-04
 h Mean   [L]       -0.81541E+03 -0.81541E+03
 Top Flux [L/T]     -0.15460E-05
 Bot Flux [L/T]      0.00000E+00
 WatBalT  [L]       -0.49318E+00
 WatBalR  [%]              0.412
----------------------------------------------------------

----------------------------------------------------------
 Time       [T]      636.0000
----------------------------------------------------------
 Sub-region num.                     1
----------------------------------------------------------
 Length   [L]        0.15000E+03  0.15000E+03
 W-volume [L]        0.12877E+02  0.12877E+02
 In-flow  [L/T]     -0.15184E-03 -0.15184E-03
 h Mean   [L]       -0.81546E+03 -0.81546E+03
 Top Flux [L/T]     -0.15127E-05
 Bot Flux [L/T]      0.00000E+00
 WatBalT  [L]       -0.49318E+00
 WatBalR  [%]              0.412
----------------------------------------------------------

----------------------------------------------------------
 Time       [T]      637.0000
----------------------------------------------------------
 Sub-region num.                     1
----------------------------------------------------------
 Length   [L]        0.15000E+03  0.15000E+03
 W-volume [L]        0.12877E+02  0.12877E+02
 In-flow  [L/T]     -0.10327E-04 -0.10327E-04
 h Mean   [L]       -0.81545E+03 -0.81545E+03
 Top Flux [L/T]     -0.14935E-05
 Bot Flux [L/T]      0.00000E+00
 WatBalT  [L]       -0.49318E+00
 WatBalR  [%]              0.412
----------------------------------------------------------

----------------------------------------------------------
 Time       [T]      638.0000
----------------------------------------------------------
 Sub-region num.                     1
----------------------------------------------------------
 Length   [L]        0.15000E+03  0.15000E+03
 W-volume [L]        0.12877E+02  0.12877E+02
 In-flow  [L/T]     -0.14511E-03 -0.14511E-03
 h Mean   [L]       -0.81549E+03 -0.81549E+03
 Top Flux [L/T]     -0.14696E-05
 Bot Flux [L/T]      0.00000E+00
 WatBalT  [L]       -0.49318E+00
 WatBalR  [%]              0.412
----------------------------------------------------------

----------------------------------------------------------
 Time       [T]      639.0000
----------------------------------------------------------
 Sub-region num.                     1
----------------------------------------------------------
 Length   [L]        0.15000E+03  0.15000E+03
 W-volume [L]        0.12877E+02  0.12877E+02
 In-flow  [L/T]     -0.10595E-04 -0.10595E-04
 h Mean   [L]       -0.81549E+03 -0.81549E+03
 Top Flux [L/T]     -0.14599E-05
 Bot Flux [L/T]      0.00000E+00
 WatBalT  [L]       -0.49318E+00
 WatBalR  [%]              0.412
----------------------------------------------------------

----------------------------------------------------------
 Time       [T]      640.0000
----------------------------------------------------------
 Sub-region num.                     1
----------------------------------------------------------
 Length   [L]        0.15000E+03  0.15000E+03
 W-volume [L]        0.12740E+02  0.12740E+02
 In-flow  [L/T]     -0.29349E-01 -0.29349E-01
 h Mean   [L]       -0.42385E+04 -0.42385E+04
 Top Flux [L/T]      0.29339E-01
 Bot Flux [L/T]      0.00000E+00
 WatBalT  [L]       -0.49318E+00
 WatBalR  [%]              0.411
----------------------------------------------------------

----------------------------------------------------------
 Time       [T]      641.0000
----------------------------------------------------------
 Sub-region num.                     1
----------------------------------------------------------
 Length   [L]        0.15000E+03  0.15000E+03
 W-volume [L]        0.12719E+02  0.12719E+02
 In-flow  [L/T]     -0.17458E-01 -0.17458E-01
 h Mean   [L]       -0.42626E+04 -0.42626E+04
 Top Flux [L/T]      0.17448E-01
 Bot Flux [L/T]      0.00000E+00
 WatBalT  [L]       -0.49318E+00
 WatBalR  [%]              0.411
----------------------------------------------------------

----------------------------------------------------------
 Time       [T]      642.0000
----------------------------------------------------------
 Sub-region num.                     1
----------------------------------------------------------
 Length   [L]        0.15000E+03  0.15000E+03
 W-volume [L]        0.12705E+02  0.12705E+02
 In-flow  [L/T]     -0.13790E-01 -0.13790E-01
 h Mean   [L]       -0.42787E+04 -0.42787E+04
 Top Flux [L/T]      0.13780E-01
 Bot Flux [L/T]      0.00000E+00
 WatBalT  [L]       -0.49318E+00
 WatBalR  [%]              0.411
----------------------------------------------------------

----------------------------------------------------------
 Time       [T]      643.0000
----------------------------------------------------------
 Sub-region num.                     1
----------------------------------------------------------
 Length   [L]        0.15000E+03  0.15000E+03
 W-volume [L]        0.12693E+02  0.12693E+02
 In-flow  [L/T]     -0.11488E-01 -0.11488E-01
 h Mean   [L]       -0.42916E+04 -0.42916E+04
 Top Flux [L/T]      0.11477E-01
 Bot Flux [L/T]      0.00000E+00
 WatBalT  [L]       -0.49318E+00
 WatBalR  [%]              0.411
----------------------------------------------------------

----------------------------------------------------------
 Time       [T]      644.0000
----------------------------------------------------------
 Sub-region num.                     1
----------------------------------------------------------
 Length   [L]        0.15000E+03  0.15000E+03
 W-volume [L]        0.12683E+02  0.12683E+02
 In-flow  [L/T]     -0.99250E-02 -0.99250E-02
 h Mean   [L]       -0.43027E+04 -0.43027E+04
 Top Flux [L/T]      0.99146E-02
 Bot Flux [L/T]      0.00000E+00
 WatBalT  [L]       -0.49318E+00
 WatBalR  [%]              0.411
----------------------------------------------------------

----------------------------------------------------------
 Time       [T]      645.0000
----------------------------------------------------------
 Sub-region num.                     1
----------------------------------------------------------
 Length   [L]        0.15000E+03  0.15000E+03
 W-volume [L]        0.12673E+02  0.12673E+02
 In-flow  [L/T]     -0.89865E-02 -0.89865E-02
 h Mean   [L]       -0.43129E+04 -0.43129E+04
 Top Flux [L/T]      0.89761E-02
 Bot Flux [L/T]      0.00000E+00
 WatBalT  [L]       -0.49318E+00
 WatBalR  [%]              0.411
----------------------------------------------------------

----------------------------------------------------------
 Time       [T]      646.0000
----------------------------------------------------------
 Sub-region num.                     1
----------------------------------------------------------
 Length   [L]        0.15000E+03  0.15000E+03
 W-volume [L]        0.12665E+02  0.12665E+02
 In-flow  [L/T]     -0.81077E-02 -0.81077E-02
 h Mean   [L]       -0.43212E+04 -0.43212E+04
 Top Flux [L/T]      0.80974E-02
 Bot Flux [L/T]      0.00000E+00
 WatBalT  [L]       -0.49318E+00
 WatBalR  [%]              0.411
----------------------------------------------------------

----------------------------------------------------------
 Time       [T]      647.0000
----------------------------------------------------------
 Sub-region num.                     1
----------------------------------------------------------
 Length   [L]        0.15000E+03  0.15000E+03
 W-volume [L]        0.12657E+02  0.12657E+02
 In-flow  [L/T]     -0.75080E-02 -0.75080E-02
 h Mean   [L]       -0.43288E+04 -0.43288E+04
 Top Flux [L/T]      0.74976E-02
 Bot Flux [L/T]      0.00000E+00
 WatBalT  [L]       -0.49318E+00
 WatBalR  [%]              0.411
----------------------------------------------------------

----------------------------------------------------------
 Time       [T]      648.0000
----------------------------------------------------------
 Sub-region num.                     1
----------------------------------------------------------
 Length   [L]        0.15000E+03  0.15000E+03
 W-volume [L]        0.12650E+02  0.12650E+02
 In-flow  [L/T]     -0.70235E-02 -0.70235E-02
 h Mean   [L]       -0.43358E+04 -0.43358E+04
 Top Flux [L/T]      0.70132E-02
 Bot Flux [L/T]      0.00000E+00
 WatBalT  [L]       -0.49318E+00
 WatBalR  [%]              0.411
----------------------------------------------------------

----------------------------------------------------------
 Time       [T]      649.0000
----------------------------------------------------------
 Sub-region num.                     1
----------------------------------------------------------
 Length   [L]        0.15000E+03  0.15000E+03
 W-volume [L]        0.12644E+02  0.12644E+02
 In-flow  [L/T]     -0.66046E-02 -0.66046E-02
 h Mean   [L]       -0.43422E+04 -0.43422E+04
 Top Flux [L/T]      0.65947E-02
 Bot Flux [L/T]      0.00000E+00
 WatBalT  [L]       -0.49318E+00
 WatBalR  [%]              0.411
----------------------------------------------------------

----------------------------------------------------------
 Time       [T]      650.0000
----------------------------------------------------------
 Sub-region num.                     1
----------------------------------------------------------
 Length   [L]        0.15000E+03  0.15000E+03
 W-volume [L]        0.12637E+02  0.12637E+02
 In-flow  [L/T]     -0.62406E-02 -0.62406E-02
 h Mean   [L]       -0.43482E+04 -0.43482E+04
 Top Flux [L/T]      0.62303E-02
 Bot Flux [L/T]      0.00000E+00
 WatBalT  [L]       -0.49318E+00
 WatBalR  [%]              0.411
----------------------------------------------------------

----------------------------------------------------------
 Time       [T]      651.0000
----------------------------------------------------------
 Sub-region num.                     1
----------------------------------------------------------
 Length   [L]        0.15000E+03  0.15000E+03
 W-volume [L]        0.12631E+02  0.12631E+02
 In-flow  [L/T]     -0.59171E-02 -0.59171E-02
 h Mean   [L]       -0.43538E+04 -0.43538E+04
 Top Flux [L/T]      0.59068E-02
 Bot Flux [L/T]      0.00000E+00
 WatBalT  [L]       -0.49318E+00
 WatBalR  [%]              0.411
----------------------------------------------------------

----------------------------------------------------------
 Time       [T]      652.0000
----------------------------------------------------------
 Sub-region num.                     1
----------------------------------------------------------
 Length   [L]        0.15000E+03  0.15000E+03
 W-volume [L]        0.12625E+02  0.12625E+02
 In-flow  [L/T]     -0.56254E-02 -0.56254E-02
 h Mean   [L]       -0.43592E+04 -0.43592E+04
 Top Flux [L/T]      0.56150E-02
 Bot Flux [L/T]      0.00000E+00
 WatBalT  [L]       -0.49318E+00
 WatBalR  [%]              0.411
----------------------------------------------------------

----------------------------------------------------------
 Time       [T]      653.0000
----------------------------------------------------------
 Sub-region num.                     1
----------------------------------------------------------
 Length   [L]        0.15000E+03  0.15000E+03
 W-volume [L]        0.12620E+02  0.12620E+02
 In-flow  [L/T]     -0.54044E-02 -0.54044E-02
 h Mean   [L]       -0.43643E+04 -0.43643E+04
 Top Flux [L/T]      0.53941E-02
 Bot Flux [L/T]      0.00000E+00
 WatBalT  [L]       -0.49318E+00
 WatBalR  [%]              0.411
----------------------------------------------------------

----------------------------------------------------------
 Time       [T]      654.0000
----------------------------------------------------------
 Sub-region num.                     1
----------------------------------------------------------
 Length   [L]        0.15000E+03  0.15000E+03
 W-volume [L]        0.12615E+02  0.12615E+02
 In-flow  [L/T]     -0.52016E-02 -0.52016E-02
 h Mean   [L]       -0.43689E+04 -0.43689E+04
 Top Flux [L/T]      0.51916E-02
 Bot Flux [L/T]      0.00000E+00
 WatBalT  [L]       -0.49318E+00
 WatBalR  [%]              0.411
----------------------------------------------------------

----------------------------------------------------------
 Time       [T]      655.0000
----------------------------------------------------------
 Sub-region num.                     1
----------------------------------------------------------
 Length   [L]        0.15000E+03  0.15000E+03
 W-volume [L]        0.12610E+02  0.12610E+02
 In-flow  [L/T]     -0.50332E-02 -0.50332E-02
 h Mean   [L]       -0.43734E+04 -0.43734E+04
 Top Flux [L/T]      0.50231E-02
 Bot Flux [L/T]      0.00000E+00
 WatBalT  [L]       -0.49318E+00
 WatBalR  [%]              0.411
----------------------------------------------------------

----------------------------------------------------------
 Time       [T]      656.0000
----------------------------------------------------------
 Sub-region num.                     1
----------------------------------------------------------
 Length   [L]        0.15000E+03  0.15000E+03
 W-volume [L]        0.12605E+02  0.12605E+02
 In-flow  [L/T]     -0.48721E-02 -0.48721E-02
 h Mean   [L]       -0.43778E+04 -0.43778E+04
 Top Flux [L/T]      0.48621E-02
 Bot Flux [L/T]      0.00000E+00
 WatBalT  [L]       -0.49318E+00
 WatBalR  [%]              0.411
----------------------------------------------------------

----------------------------------------------------------
 Time       [T]      657.0000
----------------------------------------------------------
 Sub-region num.                     1
----------------------------------------------------------
 Length   [L]        0.15000E+03  0.15000E+03
 W-volume [L]        0.12600E+02  0.12600E+02
 In-flow  [L/T]     -0.47156E-02 -0.47156E-02
 h Mean   [L]       -0.43822E+04 -0.43822E+04
 Top Flux [L/T]      0.47052E-02
 Bot Flux [L/T]      0.00000E+00
 WatBalT  [L]       -0.49319E+00
 WatBalR  [%]              0.411
----------------------------------------------------------

----------------------------------------------------------
 Time       [T]      658.0000
----------------------------------------------------------
 Sub-region num.                     1
----------------------------------------------------------
 Length   [L]        0.15000E+03  0.15000E+03
 W-volume [L]        0.12595E+02  0.12595E+02
 In-flow  [L/T]     -0.45757E-02 -0.45757E-02
 h Mean   [L]       -0.43865E+04 -0.43865E+04
 Top Flux [L/T]      0.45653E-02
 Bot Flux [L/T]      0.00000E+00
 WatBalT  [L]       -0.49318E+00
 WatBalR  [%]              0.411
----------------------------------------------------------

----------------------------------------------------------
 Time       [T]      659.0000
----------------------------------------------------------
 Sub-region num.                     1
----------------------------------------------------------
 Length   [L]        0.15000E+03  0.15000E+03
 W-volume [L]        0.12591E+02  0.12591E+02
 In-flow  [L/T]     -0.44490E-02 -0.44490E-02
 h Mean   [L]       -0.43905E+04 -0.43905E+04
 Top Flux [L/T]      0.44390E-02
 Bot Flux [L/T]      0.00000E+00
 WatBalT  [L]       -0.49319E+00
 WatBalR  [%]              0.411
----------------------------------------------------------

----------------------------------------------------------
 Time       [T]      660.0000
----------------------------------------------------------
 Sub-region num.                     1
----------------------------------------------------------
 Length   [L]        0.15000E+03  0.15000E+03
 W-volume [L]        0.12587E+02  0.12587E+02
 In-flow  [L/T]     -0.43328E-02 -0.43328E-02
 h Mean   [L]       -0.43944E+04 -0.43944E+04
 Top Flux [L/T]      0.43229E-02
 Bot Flux [L/T]      0.00000E+00
 WatBalT  [L]       -0.49318E+00
 WatBalR  [%]              0.411
----------------------------------------------------------

----------------------------------------------------------
 Time       [T]      661.0000
----------------------------------------------------------
 Sub-region num.                     1
----------------------------------------------------------
 Length   [L]        0.15000E+03  0.15000E+03
 W-volume [L]        0.12582E+02  0.12582E+02
 In-flow  [L/T]     -0.42257E-02 -0.42257E-02
 h Mean   [L]       -0.43981E+04 -0.43981E+04
 Top Flux [L/T]      0.42156E-02
 Bot Flux [L/T]      0.00000E+00
 WatBalT  [L]       -0.49318E+00
 WatBalR  [%]              0.411
----------------------------------------------------------

----------------------------------------------------------
 Time       [T]      662.0000
----------------------------------------------------------
 Sub-region num.                     1
----------------------------------------------------------
 Length   [L]        0.15000E+03  0.15000E+03
 W-volume [L]        0.12578E+02  0.12578E+02
 In-flow  [L/T]     -0.41263E-02 -0.41263E-02
 h Mean   [L]       -0.44017E+04 -0.44017E+04
 Top Flux [L/T]      0.41164E-02
 Bot Flux [L/T]      0.00000E+00
 WatBalT  [L]       -0.49318E+00
 WatBalR  [%]              0.410
----------------------------------------------------------

----------------------------------------------------------
 Time       [T]      663.0000
----------------------------------------------------------
 Sub-region num.                     1
----------------------------------------------------------
 Length   [L]        0.15000E+03  0.15000E+03
 W-volume [L]        0.12574E+02  0.12574E+02
 In-flow  [L/T]     -0.40341E-02 -0.40341E-02
 h Mean   [L]       -0.44052E+04 -0.44052E+04
 Top Flux [L/T]      0.40243E-02
 Bot Flux [L/T]      0.00000E+00
 WatBalT  [L]       -0.49318E+00
 WatBalR  [%]              0.410
----------------------------------------------------------

----------------------------------------------------------
 Time       [T]      664.0000
----------------------------------------------------------
 Sub-region num.                     1
----------------------------------------------------------
 Length   [L]        0.15000E+03  0.15000E+03
 W-volume [L]        0.12570E+02  0.12570E+02
 In-flow  [L/T]     -0.39483E-02 -0.39483E-02
 h Mean   [L]       -0.44085E+04 -0.44085E+04
 Top Flux [L/T]      0.39382E-02
 Bot Flux [L/T]      0.00000E+00
 WatBalT  [L]       -0.49319E+00
 WatBalR  [%]              0.410
----------------------------------------------------------

----------------------------------------------------------
 Time       [T]      665.0000
----------------------------------------------------------
 Sub-region num.                     1
----------------------------------------------------------
 Length   [L]        0.15000E+03  0.15000E+03
 W-volume [L]        0.12566E+02  0.12566E+02
 In-flow  [L/T]     -0.38672E-02 -0.38672E-02
 h Mean   [L]       -0.44118E+04 -0.44118E+04
 Top Flux [L/T]      0.38572E-02
 Bot Flux [L/T]      0.00000E+00
 WatBalT  [L]       -0.49319E+00
 WatBalR  [%]              0.410
----------------------------------------------------------

----------------------------------------------------------
 Time       [T]      666.0000
----------------------------------------------------------
 Sub-region num.                     1
----------------------------------------------------------
 Length   [L]        0.15000E+03  0.15000E+03
 W-volume [L]        0.12562E+02  0.12562E+02
 In-flow  [L/T]     -0.37905E-02 -0.37905E-02
 h Mean   [L]       -0.44150E+04 -0.44150E+04
 Top Flux [L/T]      0.37803E-02
 Bot Flux [L/T]      0.00000E+00
 WatBalT  [L]       -0.49318E+00
 WatBalR  [%]              0.410
----------------------------------------------------------

----------------------------------------------------------
 Time       [T]      667.0000
----------------------------------------------------------
 Sub-region num.                     1
----------------------------------------------------------
 Length   [L]        0.15000E+03  0.15000E+03
 W-volume [L]        0.12559E+02  0.12559E+02
 In-flow  [L/T]     -0.37168E-02 -0.37168E-02
 h Mean   [L]       -0.44181E+04 -0.44181E+04
 Top Flux [L/T]      0.37068E-02
 Bot Flux [L/T]      0.00000E+00
 WatBalT  [L]       -0.49318E+00
 WatBalR  [%]              0.410
----------------------------------------------------------

----------------------------------------------------------
 Time       [T]      668.0000
----------------------------------------------------------
 Sub-region num.                     1
----------------------------------------------------------
 Length   [L]        0.15000E+03  0.15000E+03
 W-volume [L]        0.12555E+02  0.12555E+02
 In-flow  [L/T]     -0.36462E-02 -0.36462E-02
 h Mean   [L]       -0.44211E+04 -0.44211E+04
 Top Flux [L/T]      0.36362E-02
 Bot Flux [L/T]      0.00000E+00
 WatBalT  [L]       -0.49319E+00
 WatBalR  [%]              0.410
----------------------------------------------------------

----------------------------------------------------------
 Time       [T]      669.0000
----------------------------------------------------------
 Sub-region num.                     1
----------------------------------------------------------
 Length   [L]        0.15000E+03  0.15000E+03
 W-volume [L]        0.12551E+02  0.12551E+02
 In-flow  [L/T]     -0.35783E-02 -0.35783E-02
 h Mean   [L]       -0.44241E+04 -0.44241E+04
 Top Flux [L/T]      0.35682E-02
 Bot Flux [L/T]      0.00000E+00
 WatBalT  [L]       -0.49318E+00
 WatBalR  [%]              0.410
----------------------------------------------------------

----------------------------------------------------------
 Time       [T]      670.0000
----------------------------------------------------------
 Sub-region num.                     1
----------------------------------------------------------
 Length   [L]        0.15000E+03  0.15000E+03
 W-volume [L]        0.12548E+02  0.12548E+02
 In-flow  [L/T]     -0.35125E-02 -0.35125E-02
 h Mean   [L]       -0.44270E+04 -0.44270E+04
 Top Flux [L/T]      0.35027E-02
 Bot Flux [L/T]      0.00000E+00
 WatBalT  [L]       -0.49318E+00
 WatBalR  [%]              0.410
----------------------------------------------------------

----------------------------------------------------------
 Time       [T]      671.0000
----------------------------------------------------------
 Sub-region num.                     1
----------------------------------------------------------
 Length   [L]        0.15000E+03  0.15000E+03
 W-volume [L]        0.12545E+02  0.12545E+02
 In-flow  [L/T]     -0.34493E-02 -0.34493E-02
 h Mean   [L]       -0.44299E+04 -0.44299E+04
 Top Flux [L/T]      0.34394E-02
 Bot Flux [L/T]      0.00000E+00
 WatBalT  [L]       -0.49318E+00
 WatBalR  [%]              0.410
----------------------------------------------------------

----------------------------------------------------------
 Time       [T]      672.0000
----------------------------------------------------------
 Sub-region num.                     1
----------------------------------------------------------
 Length   [L]        0.15000E+03  0.15000E+03
 W-volume [L]        0.12541E+02  0.12541E+02
 In-flow  [L/T]     -0.33883E-02 -0.33883E-02
 h Mean   [L]       -0.44327E+04 -0.44327E+04
 Top Flux [L/T]      0.33783E-02
 Bot Flux [L/T]      0.00000E+00
 WatBalT  [L]       -0.49318E+00
 WatBalR  [%]              0.410
----------------------------------------------------------

----------------------------------------------------------
 Time       [T]      673.0000
----------------------------------------------------------
 Sub-region num.                     1
----------------------------------------------------------
 Length   [L]        0.15000E+03  0.15000E+03
 W-volume [L]        0.12538E+02  0.12538E+02
 In-flow  [L/T]     -0.33294E-02 -0.33294E-02
 h Mean   [L]       -0.44355E+04 -0.44355E+04
 Top Flux [L/T]      0.33191E-02
 Bot Flux [L/T]      0.00000E+00
 WatBalT  [L]       -0.49319E+00
 WatBalR  [%]              0.410
----------------------------------------------------------

----------------------------------------------------------
 Time       [T]      674.0000
----------------------------------------------------------
 Sub-region num.                     1
----------------------------------------------------------
 Length   [L]        0.15000E+03  0.15000E+03
 W-volume [L]        0.12534E+02  0.12534E+02
 In-flow  [L/T]     -0.32718E-02 -0.32718E-02
 h Mean   [L]       -0.44382E+04 -0.44382E+04
 Top Flux [L/T]      0.32619E-02
 Bot Flux [L/T]      0.00000E+00
 WatBalT  [L]       -0.49318E+00
 WatBalR  [%]              0.410
----------------------------------------------------------

----------------------------------------------------------
 Time       [T]      675.0000
----------------------------------------------------------
 Sub-region num.                     1
----------------------------------------------------------
 Length   [L]        0.15000E+03  0.15000E+03
 W-volume [L]        0.12531E+02  0.12531E+02
 In-flow  [L/T]     -0.32159E-02 -0.32159E-02
 h Mean   [L]       -0.44409E+04 -0.44409E+04
 Top Flux [L/T]      0.32063E-02
 Bot Flux [L/T]      0.00000E+00
 WatBalT  [L]       -0.49318E+00
 WatBalR  [%]              0.410
----------------------------------------------------------

----------------------------------------------------------
 Time       [T]      676.0000
----------------------------------------------------------
 Sub-region num.                     1
----------------------------------------------------------
 Length   [L]        0.15000E+03  0.15000E+03
 W-volume [L]        0.12528E+02  0.12528E+02
 In-flow  [L/T]     -0.31623E-02 -0.31623E-02
 h Mean   [L]       -0.44435E+04 -0.44435E+04
 Top Flux [L/T]      0.31524E-02
 Bot Flux [L/T]      0.00000E+00
 WatBalT  [L]       -0.49319E+00
 WatBalR  [%]              0.410
----------------------------------------------------------

----------------------------------------------------------
 Time       [T]      677.0000
----------------------------------------------------------
 Sub-region num.                     1
----------------------------------------------------------
 Length   [L]        0.15000E+03  0.15000E+03
 W-volume [L]        0.12525E+02  0.12525E+02
 In-flow  [L/T]     -0.31182E-02 -0.31182E-02
 h Mean   [L]       -0.44461E+04 -0.44461E+04
 Top Flux [L/T]      0.31082E-02
 Bot Flux [L/T]      0.00000E+00
 WatBalT  [L]       -0.49319E+00
 WatBalR  [%]              0.410
----------------------------------------------------------

----------------------------------------------------------
 Time       [T]      678.0000
----------------------------------------------------------
 Sub-region num.                     1
----------------------------------------------------------
 Length   [L]        0.15000E+03  0.15000E+03
 W-volume [L]        0.12522E+02  0.12522E+02
 In-flow  [L/T]     -0.30800E-02 -0.30800E-02
 h Mean   [L]       -0.44485E+04 -0.44485E+04
 Top Flux [L/T]      0.30700E-02
 Bot Flux [L/T]      0.00000E+00
 WatBalT  [L]       -0.49319E+00
 WatBalR  [%]              0.410
----------------------------------------------------------

----------------------------------------------------------
 Time       [T]      679.0000
----------------------------------------------------------
 Sub-region num.                     1
----------------------------------------------------------
 Length   [L]        0.15000E+03  0.15000E+03
 W-volume [L]        0.12519E+02  0.12519E+02
 In-flow  [L/T]     -0.30444E-02 -0.30444E-02
 h Mean   [L]       -0.44510E+04 -0.44510E+04
 Top Flux [L/T]      0.30344E-02
 Bot Flux [L/T]      0.00000E+00
 WatBalT  [L]       -0.49319E+00
 WatBalR  [%]              0.410
----------------------------------------------------------

----------------------------------------------------------
 Time       [T]      680.0000
----------------------------------------------------------
 Sub-region num.                     1
----------------------------------------------------------
 Length   [L]        0.15000E+03  0.15000E+03
 W-volume [L]        0.12516E+02  0.12516E+02
 In-flow  [L/T]     -0.30091E-02 -0.30091E-02
 h Mean   [L]       -0.44534E+04 -0.44534E+04
 Top Flux [L/T]      0.29996E-02
 Bot Flux [L/T]      0.00000E+00
 WatBalT  [L]       -0.49319E+00
 WatBalR  [%]              0.410
----------------------------------------------------------

----------------------------------------------------------
 Time       [T]      681.0000
----------------------------------------------------------
 Sub-region num.                     1
----------------------------------------------------------
 Length   [L]        0.15000E+03  0.15000E+03
 W-volume [L]        0.12513E+02  0.12513E+02
 In-flow  [L/T]     -0.29744E-02 -0.29744E-02
 h Mean   [L]       -0.44558E+04 -0.44558E+04
 Top Flux [L/T]      0.29647E-02
 Bot Flux [L/T]      0.00000E+00
 WatBalT  [L]       -0.49319E+00
 WatBalR  [%]              0.410
----------------------------------------------------------

----------------------------------------------------------
 Time       [T]      682.0000
----------------------------------------------------------
 Sub-region num.                     1
----------------------------------------------------------
 Length   [L]        0.15000E+03  0.15000E+03
 W-volume [L]        0.12510E+02  0.12510E+02
 In-flow  [L/T]     -0.29395E-02 -0.29395E-02
 h Mean   [L]       -0.44582E+04 -0.44582E+04
 Top Flux [L/T]      0.29297E-02
 Bot Flux [L/T]      0.00000E+00
 WatBalT  [L]       -0.49319E+00
 WatBalR  [%]              0.410
----------------------------------------------------------

----------------------------------------------------------
 Time       [T]      683.0000
----------------------------------------------------------
 Sub-region num.                     1
----------------------------------------------------------
 Length   [L]        0.15000E+03  0.15000E+03
 W-volume [L]        0.12507E+02  0.12507E+02
 In-flow  [L/T]     -0.29041E-02 -0.29041E-02
 h Mean   [L]       -0.44606E+04 -0.44606E+04
 Top Flux [L/T]      0.28943E-02
 Bot Flux [L/T]      0.00000E+00
 WatBalT  [L]       -0.49319E+00
 WatBalR  [%]              0.410
----------------------------------------------------------

----------------------------------------------------------
 Time       [T]      684.0000
----------------------------------------------------------
 Sub-region num.                     1
----------------------------------------------------------
 Length   [L]        0.15000E+03  0.15000E+03
 W-volume [L]        0.12504E+02  0.12504E+02
 In-flow  [L/T]     -0.28685E-02 -0.28685E-02
 h Mean   [L]       -0.44630E+04 -0.44630E+04
 Top Flux [L/T]      0.28589E-02
 Bot Flux [L/T]      0.00000E+00
 WatBalT  [L]       -0.49319E+00
 WatBalR  [%]              0.410
----------------------------------------------------------

----------------------------------------------------------
 Time       [T]      685.0000
----------------------------------------------------------
 Sub-region num.                     1
----------------------------------------------------------
 Length   [L]        0.15000E+03  0.15000E+03
 W-volume [L]        0.12501E+02  0.12501E+02
 In-flow  [L/T]     -0.28333E-02 -0.28333E-02
 h Mean   [L]       -0.44654E+04 -0.44654E+04
 Top Flux [L/T]      0.28235E-02
 Bot Flux [L/T]      0.00000E+00
 WatBalT  [L]       -0.49319E+00
 WatBalR  [%]              0.410
----------------------------------------------------------

----------------------------------------------------------
 Time       [T]      686.0000
----------------------------------------------------------
 Sub-region num.                     1
----------------------------------------------------------
 Length   [L]        0.15000E+03  0.15000E+03
 W-volume [L]        0.12498E+02  0.12498E+02
 In-flow  [L/T]     -0.27978E-02 -0.27978E-02
 h Mean   [L]       -0.44679E+04 -0.44679E+04
 Top Flux [L/T]      0.27883E-02
 Bot Flux [L/T]      0.00000E+00
 WatBalT  [L]       -0.49319E+00
 WatBalR  [%]              0.410
----------------------------------------------------------

----------------------------------------------------------
 Time       [T]      687.0000
----------------------------------------------------------
 Sub-region num.                     1
----------------------------------------------------------
 Length   [L]        0.15000E+03  0.15000E+03
 W-volume [L]        0.12496E+02  0.12496E+02
 In-flow  [L/T]     -0.27637E-02 -0.27637E-02
 h Mean   [L]       -0.44702E+04 -0.44702E+04
 Top Flux [L/T]      0.27543E-02
 Bot Flux [L/T]      0.00000E+00
 WatBalT  [L]       -0.49319E+00
 WatBalR  [%]              0.410
----------------------------------------------------------

----------------------------------------------------------
 Time       [T]      688.0000
----------------------------------------------------------
 Sub-region num.                     1
----------------------------------------------------------
 Length   [L]        0.15000E+03  0.15000E+03
 W-volume [L]        0.12493E+02  0.12493E+02
 In-flow  [L/T]     -0.27328E-02 -0.27328E-02
 h Mean   [L]       -0.44726E+04 -0.44726E+04
 Top Flux [L/T]      0.27227E-02
 Bot Flux [L/T]      0.00000E+00
 WatBalT  [L]       -0.49319E+00
 WatBalR  [%]              0.410
----------------------------------------------------------

----------------------------------------------------------
 Time       [T]      689.0000
----------------------------------------------------------
 Sub-region num.                     1
----------------------------------------------------------
 Length   [L]        0.15000E+03  0.15000E+03
 W-volume [L]        0.12490E+02  0.12490E+02
 In-flow  [L/T]     -0.27032E-02 -0.27032E-02
 h Mean   [L]       -0.44748E+04 -0.44748E+04
 Top Flux [L/T]      0.26935E-02
 Bot Flux [L/T]      0.00000E+00
 WatBalT  [L]       -0.49319E+00
 WatBalR  [%]              0.410
----------------------------------------------------------

----------------------------------------------------------
 Time       [T]      690.0000
----------------------------------------------------------
 Sub-region num.                     1
----------------------------------------------------------
 Length   [L]        0.15000E+03  0.15000E+03
 W-volume [L]        0.12487E+02  0.12487E+02
 In-flow  [L/T]     -0.26755E-02 -0.26755E-02
 h Mean   [L]       -0.44770E+04 -0.44770E+04
 Top Flux [L/T]      0.26660E-02
 Bot Flux [L/T]      0.00000E+00
 WatBalT  [L]       -0.49319E+00
 WatBalR  [%]              0.410
----------------------------------------------------------

----------------------------------------------------------
 Time       [T]      691.0000
----------------------------------------------------------
 Sub-region num.                     1
----------------------------------------------------------
 Length   [L]        0.15000E+03  0.15000E+03
 W-volume [L]        0.12485E+02  0.12485E+02
 In-flow  [L/T]     -0.26498E-02 -0.26498E-02
 h Mean   [L]       -0.44791E+04 -0.44791E+04
 Top Flux [L/T]      0.26400E-02
 Bot Flux [L/T]      0.00000E+00
 WatBalT  [L]       -0.49319E+00
 WatBalR  [%]              0.410
----------------------------------------------------------

----------------------------------------------------------
 Time       [T]      692.0000
----------------------------------------------------------
 Sub-region num.                     1
----------------------------------------------------------
 Length   [L]        0.15000E+03  0.15000E+03
 W-volume [L]        0.12482E+02  0.12482E+02
 In-flow  [L/T]     -0.26249E-02 -0.26249E-02
 h Mean   [L]       -0.44811E+04 -0.44811E+04
 Top Flux [L/T]      0.26152E-02
 Bot Flux [L/T]      0.00000E+00
 WatBalT  [L]       -0.49319E+00
 WatBalR  [%]              0.410
----------------------------------------------------------

----------------------------------------------------------
 Time       [T]      693.0000
----------------------------------------------------------
 Sub-region num.                     1
----------------------------------------------------------
 Length   [L]        0.15000E+03  0.15000E+03
 W-volume [L]        0.12480E+02  0.12480E+02
 In-flow  [L/T]     -0.26009E-02 -0.26009E-02
 h Mean   [L]       -0.44832E+04 -0.44832E+04
 Top Flux [L/T]      0.25911E-02
 Bot Flux [L/T]      0.00000E+00
 WatBalT  [L]       -0.49319E+00
 WatBalR  [%]              0.410
----------------------------------------------------------

----------------------------------------------------------
 Time       [T]      694.0000
----------------------------------------------------------
 Sub-region num.                     1
----------------------------------------------------------
 Length   [L]        0.15000E+03  0.15000E+03
 W-volume [L]        0.12477E+02  0.12477E+02
 In-flow  [L/T]     -0.25774E-02 -0.25774E-02
 h Mean   [L]       -0.44852E+04 -0.44852E+04
 Top Flux [L/T]      0.25677E-02
 Bot Flux [L/T]      0.00000E+00
 WatBalT  [L]       -0.49319E+00
 WatBalR  [%]              0.410
----------------------------------------------------------

----------------------------------------------------------
 Time       [T]      695.0000
----------------------------------------------------------
 Sub-region num.                     1
----------------------------------------------------------
 Length   [L]        0.15000E+03  0.15000E+03
 W-volume [L]        0.12474E+02  0.12474E+02
 In-flow  [L/T]     -0.25546E-02 -0.25546E-02
 h Mean   [L]       -0.44872E+04 -0.44872E+04
 Top Flux [L/T]      0.25448E-02
 Bot Flux [L/T]      0.00000E+00
 WatBalT  [L]       -0.49319E+00
 WatBalR  [%]              0.410
----------------------------------------------------------

----------------------------------------------------------
 Time       [T]      696.0000
----------------------------------------------------------
 Sub-region num.                     1
----------------------------------------------------------
 Length   [L]        0.15000E+03  0.15000E+03
 W-volume [L]        0.12472E+02  0.12472E+02
 In-flow  [L/T]     -0.25321E-02 -0.25321E-02
 h Mean   [L]       -0.44893E+04 -0.44893E+04
 Top Flux [L/T]      0.25223E-02
 Bot Flux [L/T]      0.00000E+00
 WatBalT  [L]       -0.49318E+00
 WatBalR  [%]              0.410
----------------------------------------------------------

----------------------------------------------------------
 Time       [T]      697.0000
----------------------------------------------------------
 Sub-region num.                     1
----------------------------------------------------------
 Length   [L]        0.15000E+03  0.15000E+03
 W-volume [L]        0.12469E+02  0.12469E+02
 In-flow  [L/T]     -0.25099E-02 -0.25099E-02
 h Mean   [L]       -0.44913E+04 -0.44913E+04
 Top Flux [L/T]      0.25003E-02
 Bot Flux [L/T]      0.00000E+00
 WatBalT  [L]       -0.49318E+00
 WatBalR  [%]              0.410
----------------------------------------------------------

----------------------------------------------------------
 Time       [T]      698.0000
----------------------------------------------------------
 Sub-region num.                     1
----------------------------------------------------------
 Length   [L]        0.15000E+03  0.15000E+03
 W-volume [L]        0.12467E+02  0.12467E+02
 In-flow  [L/T]     -0.24885E-02 -0.24885E-02
 h Mean   [L]       -0.44932E+04 -0.44932E+04
 Top Flux [L/T]      0.24790E-02
 Bot Flux [L/T]      0.00000E+00
 WatBalT  [L]       -0.49319E+00
 WatBalR  [%]              0.410
----------------------------------------------------------

----------------------------------------------------------
 Time       [T]      699.0000
----------------------------------------------------------
 Sub-region num.                     1
----------------------------------------------------------
 Length   [L]        0.15000E+03  0.15000E+03
 W-volume [L]        0.12464E+02  0.12464E+02
 In-flow  [L/T]     -0.24680E-02 -0.24680E-02
 h Mean   [L]       -0.44952E+04 -0.44952E+04
 Top Flux [L/T]      0.24584E-02
 Bot Flux [L/T]      0.00000E+00
 WatBalT  [L]       -0.49319E+00
 WatBalR  [%]              0.410
----------------------------------------------------------

----------------------------------------------------------
 Time       [T]      700.0000
----------------------------------------------------------
 Sub-region num.                     1
----------------------------------------------------------
 Length   [L]        0.15000E+03  0.15000E+03
 W-volume [L]        0.12462E+02  0.12462E+02
 In-flow  [L/T]     -0.24481E-02 -0.24481E-02
 h Mean   [L]       -0.44971E+04 -0.44971E+04
 Top Flux [L/T]      0.24385E-02
 Bot Flux [L/T]      0.00000E+00
 WatBalT  [L]       -0.49318E+00
 WatBalR  [%]              0.410
----------------------------------------------------------

----------------------------------------------------------
 Time       [T]      701.0000
----------------------------------------------------------
 Sub-region num.                     1
----------------------------------------------------------
 Length   [L]        0.15000E+03  0.15000E+03
 W-volume [L]        0.12460E+02  0.12460E+02
 In-flow  [L/T]     -0.24287E-02 -0.24287E-02
 h Mean   [L]       -0.44990E+04 -0.44990E+04
 Top Flux [L/T]      0.24193E-02
 Bot Flux [L/T]      0.00000E+00
 WatBalT  [L]       -0.49318E+00
 WatBalR  [%]              0.410
----------------------------------------------------------

----------------------------------------------------------
 Time       [T]      702.0000
----------------------------------------------------------
 Sub-region num.                     1
----------------------------------------------------------
 Length   [L]        0.15000E+03  0.15000E+03
 W-volume [L]        0.12457E+02  0.12457E+02
 In-flow  [L/T]     -0.24104E-02 -0.24104E-02
 h Mean   [L]       -0.45008E+04 -0.45008E+04
 Top Flux [L/T]      0.24006E-02
 Bot Flux [L/T]      0.00000E+00
 WatBalT  [L]       -0.49318E+00
 WatBalR  [%]              0.410
----------------------------------------------------------

----------------------------------------------------------
 Time       [T]      703.0000
----------------------------------------------------------
 Sub-region num.                     1
----------------------------------------------------------
 Length   [L]        0.15000E+03  0.15000E+03
 W-volume [L]        0.12455E+02  0.12455E+02
 In-flow  [L/T]     -0.23919E-02 -0.23919E-02
 h Mean   [L]       -0.45026E+04 -0.45026E+04
 Top Flux [L/T]      0.23824E-02
 Bot Flux [L/T]      0.00000E+00
 WatBalT  [L]       -0.49319E+00
 WatBalR  [%]              0.410
----------------------------------------------------------

----------------------------------------------------------
 Time       [T]      704.0000
----------------------------------------------------------
 Sub-region num.                     1
----------------------------------------------------------
 Length   [L]        0.15000E+03  0.15000E+03
 W-volume [L]        0.12452E+02  0.12452E+02
 In-flow  [L/T]     -0.23743E-02 -0.23743E-02
 h Mean   [L]       -0.45044E+04 -0.45044E+04
 Top Flux [L/T]      0.23647E-02
 Bot Flux [L/T]      0.00000E+00
 WatBalT  [L]       -0.49318E+00
 WatBalR  [%]              0.410
----------------------------------------------------------

----------------------------------------------------------
 Time       [T]      705.0000
----------------------------------------------------------
 Sub-region num.                     1
----------------------------------------------------------
 Length   [L]        0.15000E+03  0.15000E+03
 W-volume [L]        0.12450E+02  0.12450E+02
 In-flow  [L/T]     -0.23571E-02 -0.23571E-02
 h Mean   [L]       -0.45062E+04 -0.45062E+04
 Top Flux [L/T]      0.23474E-02
 Bot Flux [L/T]      0.00000E+00
 WatBalT  [L]       -0.49319E+00
 WatBalR  [%]              0.410
----------------------------------------------------------

----------------------------------------------------------
 Time       [T]      706.0000
----------------------------------------------------------
 Sub-region num.                     1
----------------------------------------------------------
 Length   [L]        0.15000E+03  0.15000E+03
 W-volume [L]        0.12448E+02  0.12448E+02
 In-flow  [L/T]     -0.23401E-02 -0.23401E-02
 h Mean   [L]       -0.45080E+04 -0.45080E+04
 Top Flux [L/T]      0.23304E-02
 Bot Flux [L/T]      0.00000E+00
 WatBalT  [L]       -0.49318E+00
 WatBalR  [%]              0.410
----------------------------------------------------------

----------------------------------------------------------
 Time       [T]      707.0000
----------------------------------------------------------
 Sub-region num.                     1
----------------------------------------------------------
 Length   [L]        0.15000E+03  0.15000E+03
 W-volume [L]        0.12445E+02  0.12445E+02
 In-flow  [L/T]     -0.23232E-02 -0.23232E-02
 h Mean   [L]       -0.45097E+04 -0.45097E+04
 Top Flux [L/T]      0.23138E-02
 Bot Flux [L/T]      0.00000E+00
 WatBalT  [L]       -0.49319E+00
 WatBalR  [%]              0.410
----------------------------------------------------------

----------------------------------------------------------
 Time       [T]      708.0000
----------------------------------------------------------
 Sub-region num.                     1
----------------------------------------------------------
 Length   [L]        0.15000E+03  0.15000E+03
 W-volume [L]        0.12443E+02  0.12443E+02
 In-flow  [L/T]     -0.23067E-02 -0.23067E-02
 h Mean   [L]       -0.45115E+04 -0.45115E+04
 Top Flux [L/T]      0.22974E-02
 Bot Flux [L/T]      0.00000E+00
 WatBalT  [L]       -0.49318E+00
 WatBalR  [%]              0.410
----------------------------------------------------------

----------------------------------------------------------
 Time       [T]      709.0000
----------------------------------------------------------
 Sub-region num.                     1
----------------------------------------------------------
 Length   [L]        0.15000E+03  0.15000E+03
 W-volume [L]        0.12441E+02  0.12441E+02
 In-flow  [L/T]     -0.22906E-02 -0.22906E-02
 h Mean   [L]       -0.45132E+04 -0.45132E+04
 Top Flux [L/T]      0.22812E-02
 Bot Flux [L/T]      0.00000E+00
 WatBalT  [L]       -0.49318E+00
 WatBalR  [%]              0.410
----------------------------------------------------------

----------------------------------------------------------
 Time       [T]      710.0000
----------------------------------------------------------
 Sub-region num.                     1
----------------------------------------------------------
 Length   [L]        0.15000E+03  0.15000E+03
 W-volume [L]        0.12438E+02  0.12438E+02
 In-flow  [L/T]     -0.22747E-02 -0.22747E-02
 h Mean   [L]       -0.45149E+04 -0.45149E+04
 Top Flux [L/T]      0.22653E-02
 Bot Flux [L/T]      0.00000E+00
 WatBalT  [L]       -0.49319E+00
 WatBalR  [%]              0.410
----------------------------------------------------------

----------------------------------------------------------
 Time       [T]      711.0000
----------------------------------------------------------
 Sub-region num.                     1
----------------------------------------------------------
 Length   [L]        0.15000E+03  0.15000E+03
 W-volume [L]        0.12436E+02  0.12436E+02
 In-flow  [L/T]     -0.22587E-02 -0.22587E-02
 h Mean   [L]       -0.45166E+04 -0.45166E+04
 Top Flux [L/T]      0.22496E-02
 Bot Flux [L/T]      0.00000E+00
 WatBalT  [L]       -0.49319E+00
 WatBalR  [%]              0.410
----------------------------------------------------------

----------------------------------------------------------
 Time       [T]      712.0000
----------------------------------------------------------
 Sub-region num.                     1
----------------------------------------------------------
 Length   [L]        0.15000E+03  0.15000E+03
 W-volume [L]        0.12434E+02  0.12434E+02
 In-flow  [L/T]     -0.22433E-02 -0.22433E-02
 h Mean   [L]       -0.45183E+04 -0.45183E+04
 Top Flux [L/T]      0.22340E-02
 Bot Flux [L/T]      0.00000E+00
 WatBalT  [L]       -0.49319E+00
 WatBalR  [%]              0.410
----------------------------------------------------------

----------------------------------------------------------
 Time       [T]      713.0000
----------------------------------------------------------
 Sub-region num.                     1
----------------------------------------------------------
 Length   [L]        0.15000E+03  0.15000E+03
 W-volume [L]        0.12432E+02  0.12432E+02
 In-flow  [L/T]     -0.22278E-02 -0.22278E-02
 h Mean   [L]       -0.45200E+04 -0.45200E+04
 Top Flux [L/T]      0.22187E-02
 Bot Flux [L/T]      0.00000E+00
 WatBalT  [L]       -0.49318E+00
 WatBalR  [%]              0.410
----------------------------------------------------------

----------------------------------------------------------
 Time       [T]      714.0000
----------------------------------------------------------
 Sub-region num.                     1
----------------------------------------------------------
 Length   [L]        0.15000E+03  0.15000E+03
 W-volume [L]        0.12429E+02  0.12429E+02
 In-flow  [L/T]     -0.22128E-02 -0.22128E-02
 h Mean   [L]       -0.45216E+04 -0.45216E+04
 Top Flux [L/T]      0.22034E-02
 Bot Flux [L/T]      0.00000E+00
 WatBalT  [L]       -0.49319E+00
 WatBalR  [%]              0.410
----------------------------------------------------------

----------------------------------------------------------
 Time       [T]      715.0000
----------------------------------------------------------
 Sub-region num.                     1
----------------------------------------------------------
 Length   [L]        0.15000E+03  0.15000E+03
 W-volume [L]        0.12427E+02  0.12427E+02
 In-flow  [L/T]     -0.21977E-02 -0.21977E-02
 h Mean   [L]       -0.45233E+04 -0.45233E+04
 Top Flux [L/T]      0.21883E-02
 Bot Flux [L/T]      0.00000E+00
 WatBalT  [L]       -0.49319E+00
 WatBalR  [%]              0.410
----------------------------------------------------------

----------------------------------------------------------
 Time       [T]      716.0000
----------------------------------------------------------
 Sub-region num.                     1
----------------------------------------------------------
 Length   [L]        0.15000E+03  0.15000E+03
 W-volume [L]        0.12425E+02  0.12425E+02
 In-flow  [L/T]     -0.21828E-02 -0.21828E-02
 h Mean   [L]       -0.45250E+04 -0.45250E+04
 Top Flux [L/T]      0.21733E-02
 Bot Flux [L/T]      0.00000E+00
 WatBalT  [L]       -0.49319E+00
 WatBalR  [%]              0.410
----------------------------------------------------------

----------------------------------------------------------
 Time       [T]      717.0000
----------------------------------------------------------
 Sub-region num.                     1
----------------------------------------------------------
 Length   [L]        0.15000E+03  0.15000E+03
 W-volume [L]        0.12423E+02  0.12423E+02
 In-flow  [L/T]     -0.21677E-02 -0.21677E-02
 h Mean   [L]       -0.45267E+04 -0.45267E+04
 Top Flux [L/T]      0.21585E-02
 Bot Flux [L/T]      0.00000E+00
 WatBalT  [L]       -0.49319E+00
 WatBalR  [%]              0.410
----------------------------------------------------------

----------------------------------------------------------
 Time       [T]      718.0000
----------------------------------------------------------
 Sub-region num.                     1
----------------------------------------------------------
 Length   [L]        0.15000E+03  0.15000E+03
 W-volume [L]        0.12421E+02  0.12421E+02
 In-flow  [L/T]     -0.21535E-02 -0.21535E-02
 h Mean   [L]       -0.45283E+04 -0.45283E+04
 Top Flux [L/T]      0.21438E-02
 Bot Flux [L/T]      0.00000E+00
 WatBalT  [L]       -0.49319E+00
 WatBalR  [%]              0.410
----------------------------------------------------------

----------------------------------------------------------
 Time       [T]      719.0000
----------------------------------------------------------
 Sub-region num.                     1
----------------------------------------------------------
 Length   [L]        0.15000E+03  0.15000E+03
 W-volume [L]        0.12419E+02  0.12419E+02
 In-flow  [L/T]     -0.21383E-02 -0.21383E-02
 h Mean   [L]       -0.45300E+04 -0.45300E+04
 Top Flux [L/T]      0.21292E-02
 Bot Flux [L/T]      0.00000E+00
 WatBalT  [L]       -0.49319E+00
 WatBalR  [%]              0.410
----------------------------------------------------------

----------------------------------------------------------
 Time       [T]      720.0000
----------------------------------------------------------
 Sub-region num.                     1
----------------------------------------------------------
 Length   [L]        0.15000E+03  0.15000E+03
 W-volume [L]        0.12417E+02  0.12417E+02
 In-flow  [L/T]     -0.21240E-02 -0.21240E-02
 h Mean   [L]       -0.45316E+04 -0.45316E+04
 Top Flux [L/T]      0.21148E-02
 Bot Flux [L/T]      0.00000E+00
 WatBalT  [L]       -0.49319E+00
 WatBalR  [%]              0.410
----------------------------------------------------------

----------------------------------------------------------
 Time       [T]      721.0000
----------------------------------------------------------
 Sub-region num.                     1
----------------------------------------------------------
 Length   [L]        0.15000E+03  0.15000E+03
 W-volume [L]        0.12414E+02  0.12414E+02
 In-flow  [L/T]     -0.21098E-02 -0.21098E-02
 h Mean   [L]       -0.45332E+04 -0.45332E+04
 Top Flux [L/T]      0.21006E-02
 Bot Flux [L/T]      0.00000E+00
 WatBalT  [L]       -0.49319E+00
 WatBalR  [%]              0.410
----------------------------------------------------------

----------------------------------------------------------
 Time       [T]      722.0000
----------------------------------------------------------
 Sub-region num.                     1
----------------------------------------------------------
 Length   [L]        0.15000E+03  0.15000E+03
 W-volume [L]        0.12412E+02  0.12412E+02
 In-flow  [L/T]     -0.20955E-02 -0.20955E-02
 h Mean   [L]       -0.45348E+04 -0.45348E+04
 Top Flux [L/T]      0.20865E-02
 Bot Flux [L/T]      0.00000E+00
 WatBalT  [L]       -0.49319E+00
 WatBalR  [%]              0.410
----------------------------------------------------------

----------------------------------------------------------
 Time       [T]      723.0000
----------------------------------------------------------
 Sub-region num.                     1
----------------------------------------------------------
 Length   [L]        0.15000E+03  0.15000E+03
 W-volume [L]        0.12410E+02  0.12410E+02
 In-flow  [L/T]     -0.20817E-02 -0.20817E-02
 h Mean   [L]       -0.45364E+04 -0.45364E+04
 Top Flux [L/T]      0.20726E-02
 Bot Flux [L/T]      0.00000E+00
 WatBalT  [L]       -0.49319E+00
 WatBalR  [%]              0.410
----------------------------------------------------------

----------------------------------------------------------
 Time       [T]      724.0000
----------------------------------------------------------
 Sub-region num.                     1
----------------------------------------------------------
 Length   [L]        0.15000E+03  0.15000E+03
 W-volume [L]        0.12408E+02  0.12408E+02
 In-flow  [L/T]     -0.20682E-02 -0.20682E-02
 h Mean   [L]       -0.45380E+04 -0.45380E+04
 Top Flux [L/T]      0.20589E-02
 Bot Flux [L/T]      0.00000E+00
 WatBalT  [L]       -0.49319E+00
 WatBalR  [%]              0.410
----------------------------------------------------------

----------------------------------------------------------
 Time       [T]      725.0000
----------------------------------------------------------
 Sub-region num.                     1
----------------------------------------------------------
 Length   [L]        0.15000E+03  0.15000E+03
 W-volume [L]        0.12406E+02  0.12406E+02
 In-flow  [L/T]     -0.20547E-02 -0.20547E-02
 h Mean   [L]       -0.45396E+04 -0.45396E+04
 Top Flux [L/T]      0.20454E-02
 Bot Flux [L/T]      0.00000E+00
 WatBalT  [L]       -0.49319E+00
 WatBalR  [%]              0.410
----------------------------------------------------------

----------------------------------------------------------
 Time       [T]      726.0000
----------------------------------------------------------
 Sub-region num.                     1
----------------------------------------------------------
 Length   [L]        0.15000E+03  0.15000E+03
 W-volume [L]        0.12404E+02  0.12404E+02
 In-flow  [L/T]     -0.20412E-02 -0.20412E-02
 h Mean   [L]       -0.45411E+04 -0.45411E+04
 Top Flux [L/T]      0.20321E-02
 Bot Flux [L/T]      0.00000E+00
 WatBalT  [L]       -0.49319E+00
 WatBalR  [%]              0.410
----------------------------------------------------------

----------------------------------------------------------
 Time       [T]      727.0000
----------------------------------------------------------
 Sub-region num.                     1
----------------------------------------------------------
 Length   [L]        0.15000E+03  0.15000E+03
 W-volume [L]        0.12402E+02  0.12402E+02
 In-flow  [L/T]     -0.20280E-02 -0.20280E-02
 h Mean   [L]       -0.45427E+04 -0.45427E+04
 Top Flux [L/T]      0.20189E-02
 Bot Flux [L/T]      0.00000E+00
 WatBalT  [L]       -0.49319E+00
 WatBalR  [%]              0.410
----------------------------------------------------------

----------------------------------------------------------
 Time       [T]      728.0000
----------------------------------------------------------
 Sub-region num.                     1
----------------------------------------------------------
 Length   [L]        0.15000E+03  0.15000E+03
 W-volume [L]        0.12400E+02  0.12400E+02
 In-flow  [L/T]     -0.20152E-02 -0.20152E-02
 h Mean   [L]       -0.45442E+04 -0.45442E+04
 Top Flux [L/T]      0.20060E-02
 Bot Flux [L/T]      0.00000E+00
 WatBalT  [L]       -0.49319E+00
 WatBalR  [%]              0.410
----------------------------------------------------------

----------------------------------------------------------
 Time       [T]      729.0000
----------------------------------------------------------
 Sub-region num.                     1
----------------------------------------------------------
 Length   [L]        0.15000E+03  0.15000E+03
 W-volume [L]        0.12398E+02  0.12398E+02
 In-flow  [L/T]     -0.20024E-02 -0.20024E-02
 h Mean   [L]       -0.45457E+04 -0.45457E+04
 Top Flux [L/T]      0.19931E-02
 Bot Flux [L/T]      0.00000E+00
 WatBalT  [L]       -0.49319E+00
 WatBalR  [%]              0.410
----------------------------------------------------------

----------------------------------------------------------
 Time       [T]      730.0000
----------------------------------------------------------
 Sub-region num.                     1
----------------------------------------------------------
 Length   [L]        0.15000E+03  0.15000E+03
 W-volume [L]        0.12396E+02  0.12396E+02
 In-flow  [L/T]     -0.19898E-02 -0.19898E-02
 h Mean   [L]       -0.45472E+04 -0.45472E+04
 Top Flux [L/T]      0.19805E-02
 Bot Flux [L/T]      0.00000E+00
 WatBalT  [L]       -0.49319E+00
 WatBalR  [%]              0.410
----------------------------------------------------------

----------------------------------------------------------
 Time       [T]      731.0000
----------------------------------------------------------
 Sub-region num.                     1
----------------------------------------------------------
 Length   [L]        0.15000E+03  0.15000E+03
 W-volume [L]        0.12396E+02  0.12396E+02
 In-flow  [L/T]     -0.91344E-05 -0.91344E-05
 h Mean   [L]       -0.27764E+04 -0.27764E+04
 Top Flux [L/T]      0.10792E-02
 Bot Flux [L/T]      0.00000E+00
 WatBalT  [L]       -0.49319E+00
 WatBalR  [%]              0.410
----------------------------------------------------------

----------------------------------------------------------
 Time       [T]      732.0000
----------------------------------------------------------
 Sub-region num.                     1
----------------------------------------------------------
 Length   [L]        0.15000E+03  0.15000E+03
 W-volume [L]        0.12393E+02  0.12393E+02
 In-flow  [L/T]     -0.24103E-02 -0.24103E-02
 h Mean   [L]       -0.45414E+04 -0.45414E+04
 Top Flux [L/T]      0.22106E-02
 Bot Flux [L/T]      0.00000E+00
 WatBalT  [L]       -0.49319E+00
 WatBalR  [%]              0.410
----------------------------------------------------------

----------------------------------------------------------
 Time       [T]      733.0000
----------------------------------------------------------
 Sub-region num.                     1
----------------------------------------------------------
 Length   [L]        0.15000E+03  0.15000E+03
 W-volume [L]        0.12391E+02  0.12391E+02
 In-flow  [L/T]     -0.20979E-02 -0.20979E-02
 h Mean   [L]       -0.45462E+04 -0.45462E+04
 Top Flux [L/T]      0.20888E-02
 Bot Flux [L/T]      0.00000E+00
 WatBalT  [L]       -0.49319E+00
 WatBalR  [%]              0.410
----------------------------------------------------------

----------------------------------------------------------
 Time       [T]      734.0000
----------------------------------------------------------
 Sub-region num.                     1
----------------------------------------------------------
 Length   [L]        0.15000E+03  0.15000E+03
 W-volume [L]        0.12388E+02  0.12388E+02
 In-flow  [L/T]     -0.20305E-02 -0.20305E-02
 h Mean   [L]       -0.45495E+04 -0.45495E+04
 Top Flux [L/T]      0.20215E-02
 Bot Flux [L/T]      0.00000E+00
 WatBalT  [L]       -0.49319E+00
 WatBalR  [%]              0.410
----------------------------------------------------------

----------------------------------------------------------
 Time       [T]      735.0000
----------------------------------------------------------
 Sub-region num.                     1
----------------------------------------------------------
 Length   [L]        0.15000E+03  0.15000E+03
 W-volume [L]        0.12386E+02  0.12386E+02
 In-flow  [L/T]     -0.19891E-02 -0.19891E-02
 h Mean   [L]       -0.45520E+04 -0.45520E+04
 Top Flux [L/T]      0.19799E-02
 Bot Flux [L/T]      0.00000E+00
 WatBalT  [L]       -0.49319E+00
 WatBalR  [%]              0.410
----------------------------------------------------------

----------------------------------------------------------
 Time       [T]      736.0000
----------------------------------------------------------
 Sub-region num.                     1
----------------------------------------------------------
 Length   [L]        0.15000E+03  0.15000E+03
 W-volume [L]        0.12384E+02  0.12384E+02
 In-flow  [L/T]     -0.19601E-02 -0.19601E-02
 h Mean   [L]       -0.45542E+04 -0.45542E+04
 Top Flux [L/T]      0.19508E-02
 Bot Flux [L/T]      0.00000E+00
 WatBalT  [L]       -0.49319E+00
 WatBalR  [%]              0.410
----------------------------------------------------------

----------------------------------------------------------
 Time       [T]      737.0000
----------------------------------------------------------
 Sub-region num.                     1
----------------------------------------------------------
 Length   [L]        0.15000E+03  0.15000E+03
 W-volume [L]        0.12383E+02  0.12383E+02
 In-flow  [L/T]     -0.19374E-02 -0.19374E-02
 h Mean   [L]       -0.45560E+04 -0.45560E+04
 Top Flux [L/T]      0.19283E-02
 Bot Flux [L/T]      0.00000E+00
 WatBalT  [L]       -0.49319E+00
 WatBalR  [%]              0.410
----------------------------------------------------------

----------------------------------------------------------
 Time       [T]      738.0000
----------------------------------------------------------
 Sub-region num.                     1
----------------------------------------------------------
 Length   [L]        0.15000E+03  0.15000E+03
 W-volume [L]        0.12381E+02  0.12381E+02
 In-flow  [L/T]     -0.19184E-02 -0.19184E-02
 h Mean   [L]       -0.45578E+04 -0.45578E+04
 Top Flux [L/T]      0.19094E-02
 Bot Flux [L/T]      0.00000E+00
 WatBalT  [L]       -0.49319E+00
 WatBalR  [%]              0.410
----------------------------------------------------------

----------------------------------------------------------
 Time       [T]      739.0000
----------------------------------------------------------
 Sub-region num.                     1
----------------------------------------------------------
 Length   [L]        0.15000E+03  0.15000E+03
 W-volume [L]        0.12379E+02  0.12379E+02
 In-flow  [L/T]     -0.19019E-02 -0.19019E-02
 h Mean   [L]       -0.45594E+04 -0.45594E+04
 Top Flux [L/T]      0.18929E-02
 Bot Flux [L/T]      0.00000E+00
 WatBalT  [L]       -0.49319E+00
 WatBalR  [%]              0.410
----------------------------------------------------------

----------------------------------------------------------
 Time       [T]      740.0000
----------------------------------------------------------
 Sub-region num.                     1
----------------------------------------------------------
 Length   [L]        0.15000E+03  0.15000E+03
 W-volume [L]        0.12377E+02  0.12377E+02
 In-flow  [L/T]     -0.18868E-02 -0.18868E-02
 h Mean   [L]       -0.45610E+04 -0.45610E+04
 Top Flux [L/T]      0.18778E-02
 Bot Flux [L/T]      0.00000E+00
 WatBalT  [L]       -0.49319E+00
 WatBalR  [%]              0.410
----------------------------------------------------------

----------------------------------------------------------
 Time       [T]      741.0000
----------------------------------------------------------
 Sub-region num.                     1
----------------------------------------------------------
 Length   [L]        0.15000E+03  0.15000E+03
 W-volume [L]        0.12375E+02  0.12375E+02
 In-flow  [L/T]     -0.18727E-02 -0.18727E-02
 h Mean   [L]       -0.45625E+04 -0.45625E+04
 Top Flux [L/T]      0.18639E-02
 Bot Flux [L/T]      0.00000E+00
 WatBalT  [L]       -0.49319E+00
 WatBalR  [%]              0.410
----------------------------------------------------------

----------------------------------------------------------
 Time       [T]      742.0000
----------------------------------------------------------
 Sub-region num.                     1
----------------------------------------------------------
 Length   [L]        0.15000E+03  0.15000E+03
 W-volume [L]        0.12373E+02  0.12373E+02
 In-flow  [L/T]     -0.18600E-02 -0.18600E-02
 h Mean   [L]       -0.45641E+04 -0.45641E+04
 Top Flux [L/T]      0.18507E-02
 Bot Flux [L/T]      0.00000E+00
 WatBalT  [L]       -0.49319E+00
 WatBalR  [%]              0.410
----------------------------------------------------------

----------------------------------------------------------
 Time       [T]      743.0000
----------------------------------------------------------
 Sub-region num.                     1
----------------------------------------------------------
 Length   [L]        0.15000E+03  0.15000E+03
 W-volume [L]        0.12371E+02  0.12371E+02
 In-flow  [L/T]     -0.18473E-02 -0.18473E-02
 h Mean   [L]       -0.45655E+04 -0.45655E+04
 Top Flux [L/T]      0.18381E-02
 Bot Flux [L/T]      0.00000E+00
 WatBalT  [L]       -0.49318E+00
 WatBalR  [%]              0.410
----------------------------------------------------------

----------------------------------------------------------
 Time       [T]      744.0000
----------------------------------------------------------
 Sub-region num.                     1
----------------------------------------------------------
 Length   [L]        0.15000E+03  0.15000E+03
 W-volume [L]        0.12369E+02  0.12369E+02
 In-flow  [L/T]     -0.18348E-02 -0.18348E-02
 h Mean   [L]       -0.45670E+04 -0.45670E+04
 Top Flux [L/T]      0.18259E-02
 Bot Flux [L/T]      0.00000E+00
 WatBalT  [L]       -0.49319E+00
 WatBalR  [%]              0.410
----------------------------------------------------------

----------------------------------------------------------
 Time       [T]      745.0000
----------------------------------------------------------
 Sub-region num.                     1
----------------------------------------------------------
 Length   [L]        0.15000E+03  0.15000E+03
 W-volume [L]        0.12368E+02  0.12368E+02
 In-flow  [L/T]     -0.18231E-02 -0.18231E-02
 h Mean   [L]       -0.45684E+04 -0.45684E+04
 Top Flux [L/T]      0.18142E-02
 Bot Flux [L/T]      0.00000E+00
 WatBalT  [L]       -0.49318E+00
 WatBalR  [%]              0.410
----------------------------------------------------------

----------------------------------------------------------
 Time       [T]      746.0000
----------------------------------------------------------
 Sub-region num.                     1
----------------------------------------------------------
 Length   [L]        0.15000E+03  0.15000E+03
 W-volume [L]        0.12366E+02  0.12366E+02
 In-flow  [L/T]     -0.18123E-02 -0.18123E-02
 h Mean   [L]       -0.45698E+04 -0.45698E+04
 Top Flux [L/T]      0.18034E-02
 Bot Flux [L/T]      0.00000E+00
 WatBalT  [L]       -0.49319E+00
 WatBalR  [%]              0.410
----------------------------------------------------------

----------------------------------------------------------
 Time       [T]      747.0000
----------------------------------------------------------
 Sub-region num.                     1
----------------------------------------------------------
 Length   [L]        0.15000E+03  0.15000E+03
 W-volume [L]        0.12364E+02  0.12364E+02
 In-flow  [L/T]     -0.18023E-02 -0.18023E-02
 h Mean   [L]       -0.45712E+04 -0.45712E+04
 Top Flux [L/T]      0.17936E-02
 Bot Flux [L/T]      0.00000E+00
 WatBalT  [L]       -0.49318E+00
 WatBalR  [%]              0.410
----------------------------------------------------------

----------------------------------------------------------
 Time       [T]      748.0000
----------------------------------------------------------
 Sub-region num.                     1
----------------------------------------------------------
 Length   [L]        0.15000E+03  0.15000E+03
 W-volume [L]        0.12362E+02  0.12362E+02
 In-flow  [L/T]     -0.17933E-02 -0.17933E-02
 h Mean   [L]       -0.45725E+04 -0.45725E+04
 Top Flux [L/T]      0.17843E-02
 Bot Flux [L/T]      0.00000E+00
 WatBalT  [L]       -0.49319E+00
 WatBalR  [%]              0.410
----------------------------------------------------------

----------------------------------------------------------
 Time       [T]      749.0000
----------------------------------------------------------
 Sub-region num.                     1
----------------------------------------------------------
 Length   [L]        0.15000E+03  0.15000E+03
 W-volume [L]        0.12360E+02  0.12360E+02
 In-flow  [L/T]     -0.17842E-02 -0.17842E-02
 h Mean   [L]       -0.45739E+04 -0.45739E+04
 Top Flux [L/T]      0.17754E-02
 Bot Flux [L/T]      0.00000E+00
 WatBalT  [L]       -0.49318E+00
 WatBalR  [%]              0.410
----------------------------------------------------------

----------------------------------------------------------
 Time       [T]      750.0000
----------------------------------------------------------
 Sub-region num.                     1
----------------------------------------------------------
 Length   [L]        0.15000E+03  0.15000E+03
 W-volume [L]        0.12359E+02  0.12359E+02
 In-flow  [L/T]     -0.17752E-02 -0.17752E-02
 h Mean   [L]       -0.45752E+04 -0.45752E+04
 Top Flux [L/T]      0.17666E-02
 Bot Flux [L/T]      0.00000E+00
 WatBalT  [L]       -0.49319E+00
 WatBalR  [%]              0.410
----------------------------------------------------------

----------------------------------------------------------
 Time       [T]      751.0000
----------------------------------------------------------
 Sub-region num.                     1
----------------------------------------------------------
 Length   [L]        0.15000E+03  0.15000E+03
 W-volume [L]        0.12357E+02  0.12357E+02
 In-flow  [L/T]     -0.17669E-02 -0.17669E-02
 h Mean   [L]       -0.45765E+04 -0.45765E+04
 Top Flux [L/T]      0.17578E-02
 Bot Flux [L/T]      0.00000E+00
 WatBalT  [L]       -0.49319E+00
 WatBalR  [%]              0.410
----------------------------------------------------------

----------------------------------------------------------
 Time       [T]      752.0000
----------------------------------------------------------
 Sub-region num.                     1
----------------------------------------------------------
 Length   [L]        0.15000E+03  0.15000E+03
 W-volume [L]        0.12355E+02  0.12355E+02
 In-flow  [L/T]     -0.17582E-02 -0.17582E-02
 h Mean   [L]       -0.45778E+04 -0.45778E+04
 Top Flux [L/T]      0.17492E-02
 Bot Flux [L/T]      0.00000E+00
 WatBalT  [L]       -0.49319E+00
 WatBalR  [%]              0.410
----------------------------------------------------------

----------------------------------------------------------
 Time       [T]      753.0000
----------------------------------------------------------
 Sub-region num.                     1
----------------------------------------------------------
 Length   [L]        0.15000E+03  0.15000E+03
 W-volume [L]        0.12353E+02  0.12353E+02
 In-flow  [L/T]     -0.17492E-02 -0.17492E-02
 h Mean   [L]       -0.45791E+04 -0.45791E+04
 Top Flux [L/T]      0.17406E-02
 Bot Flux [L/T]      0.00000E+00
 WatBalT  [L]       -0.49318E+00
 WatBalR  [%]              0.410
----------------------------------------------------------

----------------------------------------------------------
 Time       [T]      754.0000
----------------------------------------------------------
 Sub-region num.                     1
----------------------------------------------------------
 Length   [L]        0.15000E+03  0.15000E+03
 W-volume [L]        0.12352E+02  0.12352E+02
 In-flow  [L/T]     -0.17409E-02 -0.17409E-02
 h Mean   [L]       -0.45805E+04 -0.45805E+04
 Top Flux [L/T]      0.17320E-02
 Bot Flux [L/T]      0.00000E+00
 WatBalT  [L]       -0.49318E+00
 WatBalR  [%]              0.410
----------------------------------------------------------

----------------------------------------------------------
 Time       [T]      755.0000
----------------------------------------------------------
 Sub-region num.                     1
----------------------------------------------------------
 Length   [L]        0.15000E+03  0.15000E+03
 W-volume [L]        0.12350E+02  0.12350E+02
 In-flow  [L/T]     -0.17323E-02 -0.17323E-02
 h Mean   [L]       -0.45818E+04 -0.45818E+04
 Top Flux [L/T]      0.17234E-02
 Bot Flux [L/T]      0.00000E+00
 WatBalT  [L]       -0.49319E+00
 WatBalR  [%]              0.410
----------------------------------------------------------

----------------------------------------------------------
 Time       [T]      756.0000
----------------------------------------------------------
 Sub-region num.                     1
----------------------------------------------------------
 Length   [L]        0.15000E+03  0.15000E+03
 W-volume [L]        0.12348E+02  0.12348E+02
 In-flow  [L/T]     -0.17238E-02 -0.17238E-02
 h Mean   [L]       -0.45831E+04 -0.45831E+04
 Top Flux [L/T]      0.17149E-02
 Bot Flux [L/T]      0.00000E+00
 WatBalT  [L]       -0.49318E+00
 WatBalR  [%]              0.410
----------------------------------------------------------
 
 Calculation time [sec]  0.470000028610229     
