,Date,Precip,ET_cm,MinTemp,MaxTemp,AvgTemp,rTop,rRoot,vTop,vRoot,vBot,sum(rTop),sum(rRoot),sum(vTop),sum(vRoot),sum(vBot),hTop,hRoot,hBot,RunOff,sum(RunOff),Volume,sum(Infil),sum(Evap),Cum(WTrans),h37,theta37,temp37
0,2023-01-01,0.0,0.07112,-6.275,4.775,-1.26458333333333,0.0,0.0,-7.5407e-22,0.0,0.0,0.0,0.0,-7.5407e-22,0.0,0.0,-15.0,-7.5503,-15.0,0.0,0.0,31.232,0.0,0.0,0.0,-15.0,0.4221,20.0
1,2023-01-02,0.0,0.03556,-9.8,2.45,-4.71354166666667,0.03556,0.0,0.03556,0.0,0.0,0.03556,0.0,0.03556,0.0,0.0,-46.839,-7.5503,-15.0,0.0,0.0,31.196,0.0,0.03556,0.0,-15.0,0.4221,20.0
2,2023-01-03,0.0,0.10668,-8.45,2.175,-3.865625,0.10668,0.0,0.10668,0.0,0.0,0.14224,0.0,0.14224,0.0,0.0,-1501.6,-7.5503,-15.0,0.0,0.0,31.089,0.0,0.14224,0.0,-15.0,0.4221,20.0
3,2023-01-04,0.0,0.0762,-7.55,4.15,-2.59895833333333,0.0762,0.0,0.00024299,0.0,0.0,0.21844,0.0,0.18199,0.0,0.0,-1000000.0,-7.5503,-15.0,0.0,0.0,31.05,0.0,0.18199,0.0,-15.0,0.4221,20.0
4,2023-01-05,0.0,0.03302,-11.3,1.75,-4.66666666666667,0.03302,0.0,3.7703e-16,0.0,0.0,0.25146,0.0,0.18199,0.0,0.0,-1000000.0,-7.5503,-15.0,0.0,0.0,31.05,0.0,0.18199,0.0,-15.0,0.4221,20.0
5,2023-01-06,0.4267,0.04826,-2.2,4.325,1.20104166666667,0.04826,0.0,3.7703e-16,0.0,0.0,0.29972,0.0,0.18199,0.0,0.0,-1000000.0,-7.5503,-15.0,0.0,0.0,31.05,0.0,0.18199,0.0,-15.0,0.4221,20.0
6,2023-01-07,0.0,0.127,-1.55,6.8,2.52291666666667,0.127,0.0,3.7703e-16,0.0,0.0,0.42672,0.0,0.18199,0.0,0.0,-1000000.0,-7.5503,-15.0,0.0,0.0,31.05,0.0,0.18199,0.0,-15.0,0.4221,20.0
7,2023-01-08,0.0,0.18542,0.45,7.175,3.51770833333333,0.18542,0.0,3.7703e-16,0.0,0.0,0.61214,0.0,0.18199,0.0,0.0,-1000000.0,-7.5503,-15.0,0.0,0.0,31.05,0.0,0.18199,0.0,-15.0,0.4221,20.0
8,2023-01-09,0.0,0.1778,-0.6,5.775,2.91770833333333,0.1778,0.0,3.7703e-16,0.0,0.0,0.78994,0.0,0.18199,0.0,0.0,-1000000.0,-7.5503,-15.0,0.0,0.0,31.05,0.0,0.18199,0.0,-15.0,0.4221,20.0
9,2023-01-10,0.0,0.09652,-7.15,7.1,0.789583333333333,0.09652,0.0,3.7703e-16,0.0,0.0,0.88646,0.0,0.18199,0.0,0.0,-1000000.0,-7.5503,-15.0,0.0,0.0,31.05,0.0,0.18199,0.0,-15.0,0.4221,20.0
10,2023-01-11,0.0017,0.04572,-7.9,3.25,-3.36770833333333,0.04572,0.0,3.7703e-16,0.0,0.0,0.93218,0.0,0.18199,0.0,0.0,-1000000.0,-7.5503,-15.0,0.0,0.0,31.05,0.0,0.18199,0.0,-15.0,0.4221,20.0
11,2023-01-12,0.0,0.19304,-2.55,7.25,3.34895833333333,0.19304,0.0,3.7703e-16,0.0,0.0,1.1252,0.0,0.18199,0.0,0.0,-1000000.0,-7.5503,-15.0,0.0,0.0,31.05,0.0,0.18199,0.0,-15.0,0.4221,20.0
12,2023-01-13,0.0,0.23114,5.425,10.05,7.59479166666667,0.23114,0.0,3.7703e-16,0.0,0.0,1.3564,0.0,0.18199,0.0,0.0,-1000000.0,-7.5503,-15.0,0.0,0.0,31.05,0.0,0.18199,0.0,-15.0,0.4221,20.0
13,2023-01-14,0.0,0.17272,0.625,9.625,5.56979166666667,0.17272,0.0,3.7703e-16,0.0,0.0,1.5291,0.0,0.18199,0.0,0.0,-1000000.0,-7.5503,-15.0,0.0,0.0,31.05,0.0,0.18199,0.0,-15.0,0.4221,20.0
14,2023-01-15,0.0,0.03302,-0.75,4.825,1.30833333333333,0.03302,0.0,3.7703e-16,0.0,0.0,1.5621,0.0,0.18199,0.0,0.0,-1000000.0,-7.5503,-15.0,0.0,0.0,31.05,0.0,0.18199,0.0,-15.0,0.4221,20.0
15,2023-01-16,0.068,0.02032,-1.675,3.35,0.201041666666667,0.02032,0.0,3.7703e-16,0.0,0.0,1.5824,0.0,0.18199,0.0,0.0,-1000000.0,-7.5503,-15.0,0.0,0.0,31.05,0.0,0.18199,0.0,-15.0,0.4221,20.0
16,2023-01-17,0.0323,0.04318,-2.025,4.625,0.527083333333333,0.04318,0.0,3.7703e-16,0.0,0.0,1.6256,0.0,0.18199,0.0,0.0,-1000000.0,-7.5503,-15.0,0.0,0.0,31.05,0.0,0.18199,0.0,-15.0,0.4221,20.0
17,2023-01-18,0.0,0.16002,-3.125,5.925,0.075,0.16002,0.0,3.7703e-16,0.0,0.0,1.7856,0.0,0.18199,0.0,0.0,-1000000.0,-7.5503,-15.0,0.0,0.0,31.05,0.0,0.18199,0.0,-15.0,0.4221,20.0
18,2023-01-19,0.0,0.10668,-1.75,4.525,0.377083333333333,0.10668,0.0,3.7703e-16,0.0,0.0,1.8923,0.0,0.18199,0.0,0.0,-1000000.0,-7.5503,-15.0,0.0,0.0,31.05,0.0,0.18199,0.0,-15.0,0.4221,20.0
19,2023-01-20,0.0,0.127,-3.55,4.375,-1.03020833333333,0.127,0.0,3.7703e-16,0.0,0.0,2.0193,0.0,0.18199,0.0,0.0,-1000000.0,-7.5503,-15.0,0.0,0.0,31.05,0.0,0.18199,0.0,-15.0,0.4221,20.0
20,2023-01-21,0.0,0.18288,-3.325,5.875,0.444791666666667,0.18288,0.0,3.7703e-16,0.0,0.0,2.2022,0.0,0.18199,0.0,0.0,-1000000.0,-7.5503,-15.0,0.0,0.0,31.05,0.0,0.18199,0.0,-15.0,0.4221,20.0
21,2023-01-22,0.0,0.07874,-3.65,2.35,-0.75,0.07874,0.0,3.7703e-16,0.0,0.0,2.2809,0.0,0.18199,0.0,0.0,-1000000.0,-7.5503,-15.0,0.0,0.0,31.05,0.0,0.18199,0.0,-15.0,0.4221,20.0
22,2023-01-23,0.0,0.0889,-6.85,0.225,-3.28854166666667,0.0889,0.0,3.7703e-16,0.0,0.0,2.3698,0.0,0.18199,0.0,0.0,-1000000.0,-7.5503,-15.0,0.0,0.0,31.05,0.0,0.18199,0.0,-15.0,0.4221,20.0
23,2023-01-24,0.0,0.08382,-4.75,1.95,-1.86666666666667,0.08382,0.0,3.7703e-16,0.0,0.0,2.4536,0.0,0.18199,0.0,0.0,-1000000.0,-7.5503,-15.0,0.0,0.0,31.05,0.0,0.18199,0.0,-15.0,0.4221,20.0
24,2023-01-25,0.0,0.06096,-5.5,2.5,-1.25833333333333,0.06096,0.0,3.7703e-16,0.0,0.0,2.5146,0.0,0.18199,0.0,0.0,-1000000.0,-7.5503,-15.0,0.0,0.0,31.05,0.0,0.18199,0.0,-15.0,0.4221,20.0
25,2023-01-26,0.0,0.1524,0.9,9.6,4.30729166666667,0.1524,0.0,3.7703e-16,0.0,0.0,2.667,0.0,0.18199,0.0,0.0,-1000000.0,-7.5503,-15.0,0.0,0.0,31.05,0.0,0.18199,0.0,-15.0,0.4221,20.0
26,2023-01-27,0.0612,0.04572,-7.375,2.725,-0.671875,0.04572,0.0,3.7703e-16,0.0,0.0,2.7127,0.0,0.18199,0.0,0.0,-1000000.0,-7.5503,-15.0,0.0,0.0,31.05,0.0,0.18199,0.0,-15.0,0.4221,20.0
27,2023-01-28,0.0,0.03429,-26.525,-10.1,-16.7625,0.03429,0.0,3.7703e-16,0.0,0.0,2.747,0.0,0.18199,0.0,0.0,-1000000.0,-7.5503,-15.0,0.0,0.0,31.05,0.0,0.18199,0.0,-15.0,0.4221,20.0
28,2023-01-29,0.0,0.02286,-26.575,-13.4,-20.9833333333333,0.02286,0.0,3.7703e-16,0.0,0.0,2.7699,0.0,0.18199,0.0,0.0,-1000000.0,-7.5503,-15.0,0.0,0.0,31.05,0.0,0.18199,0.0,-15.0,0.4221,20.0
29,2023-01-30,0.0,0.05588,-17.725,-10.475,-13.7489583333333,0.05588,0.0,3.7703e-16,0.0,0.0,2.8257,0.0,0.18199,0.0,0.0,-1000000.0,-7.5503,-15.0,0.0,0.0,31.05,0.0,0.18199,0.0,-15.0,0.4221,20.0
30,2023-01-31,0.0,0.10414,-11.325,-2.0,-5.24375,0.10414,0.0,3.7703e-16,0.0,0.0,2.9299,0.0,0.18199,0.0,0.0,-1000000.0,-7.5503,-15.0,0.0,0.0,31.05,0.0,0.18199,0.0,-15.0,0.4221,20.0
31,2023-02-01,0.0,0.11176,-10.6,2.05,-2.04270833333333,0.11176,0.0,3.7703e-16,0.0,0.0,3.0416,0.0,0.18199,0.0,0.0,-1000000.0,-7.5503,-15.0,0.0,0.0,31.05,0.0,0.18199,0.0,-15.0,0.4221,20.0
32,2023-02-02,0.0,0.14478,-11.025,5.375,-3.49479166666667,0.14478,0.0,3.7703e-16,0.0,0.0,3.1864,0.0,0.18199,0.0,0.0,-1000000.0,-7.5503,-15.0,0.0,0.0,31.05,0.0,0.18199,0.0,-15.0,0.4221,20.0
33,2023-02-03,0.0,0.26162,1.3,9.05,4.34583333333333,0.26162,0.0,3.7703e-16,0.0,0.0,3.448,0.0,0.18199,0.0,0.0,-1000000.0,-7.5503,-15.0,0.0,0.0,31.05,0.0,0.18199,0.0,-15.0,0.4221,20.0
34,2023-02-04,0.0,0.19304,0.95,8.0,3.925,0.19304,0.0,3.7703e-16,0.0,0.0,3.6411,0.0,0.18199,0.0,0.0,-1000000.0,-7.5503,-15.0,0.0,0.0,31.05,0.0,0.18199,0.0,-15.0,0.4221,20.0
35,2023-02-05,0.0,0.20066,-0.15,7.975,3.771875,0.20066,0.0,3.7703e-16,0.0,0.0,3.8417,0.0,0.18199,0.0,0.0,-1000000.0,-7.5503,-15.0,0.0,0.0,31.05,0.0,0.18199,0.0,-15.0,0.4221,20.0
36,2023-02-06,0.0,0.1524,1.15,9.25,4.25833333333333,0.1524,0.0,3.7703e-16,0.0,0.0,3.9941,0.0,0.18199,0.0,0.0,-1000000.0,-7.5503,-15.0,0.0,0.0,31.05,0.0,0.18199,0.0,-15.0,0.4221,20.0
37,2023-02-07,0.0,0.21336,2.65,5.475,3.925,0.21336,0.0,3.7703e-16,0.0,0.0,4.2075,0.0,0.18199,0.0,0.0,-1000000.0,-7.5503,-15.0,0.0,0.0,31.05,0.0,0.18199,0.0,-15.0,0.4221,20.0
38,2023-02-08,0.0,0.10414,-5.125,2.65,-0.553125,0.10414,0.0,3.7703e-16,0.0,0.0,4.3116,0.0,0.18199,0.0,0.0,-1000000.0,-7.5503,-15.0,0.0,0.0,31.05,0.0,0.18199,0.0,-15.0,0.4221,20.0
39,2023-02-09,0.0,0.23622,-5.925,7.525,-0.103125,0.23622,0.0,3.7703e-16,0.0,0.0,4.5479,0.0,0.18199,0.0,0.0,-1000000.0,-7.5503,-15.0,0.0,0.0,31.05,0.0,0.18199,0.0,-15.0,0.4221,20.0
40,2023-02-10,0.0,0.27178,-0.15,9.575,3.875,0.27178,0.0,3.7703e-16,0.0,0.0,4.8197,0.0,0.18199,0.0,0.0,-1000000.0,-7.5503,-15.0,0.0,0.0,31.05,0.0,0.18199,0.0,-15.0,0.4221,20.0
41,2023-02-11,0.0,0.1778,-3.175,9.05,2.13854166666667,0.1778,0.0,3.7703e-16,0.0,0.0,4.9975,0.0,0.18199,0.0,0.0,-1000000.0,-7.5503,-15.0,0.0,0.0,31.05,0.0,0.18199,0.0,-15.0,0.4221,20.0
42,2023-02-12,0.0,0.3175,0.0,10.275,4.60729166666667,0.3175,0.0,3.7703e-16,0.0,0.0,5.315,0.0,0.18199,0.0,0.0,-1000000.0,-7.5503,-15.0,0.0,0.0,31.05,0.0,0.18199,0.0,-15.0,0.4221,20.0
43,2023-02-13,0.0,0.23622,-3.6,11.0,5.3125,0.23622,0.0,3.7703e-16,0.0,0.0,5.5512,0.0,0.18199,0.0,0.0,-1000000.0,-7.5503,-15.0,0.0,0.0,31.05,0.0,0.18199,0.0,-15.0,0.4221,20.0
44,2023-02-14,0.0,0.06604,-12.475,-2.3,-6.496875,0.06604,0.0,3.7703e-16,0.0,0.0,5.6172,0.0,0.18199,0.0,0.0,-1000000.0,-7.5503,-15.0,0.0,0.0,31.05,0.0,0.18199,0.0,-15.0,0.4221,20.0
45,2023-02-15,0.0,0.13208,-14.3,2.1,-5.7875,0.13208,0.0,3.7703e-16,0.0,0.0,5.7493,0.0,0.18199,0.0,0.0,-1000000.0,-7.5503,-15.0,0.0,0.0,31.05,0.0,0.18199,0.0,-15.0,0.4221,20.0
46,2023-02-16,0.0,0.28702,-5.2,6.725,0.197916666666667,0.28702,0.0,3.7703e-16,0.0,0.0,6.0363,0.0,0.18199,0.0,0.0,-1000000.0,-7.5503,-15.0,0.0,0.0,31.05,0.0,0.18199,0.0,-15.0,0.4221,20.0
47,2023-02-17,0.0,0.2413,-0.925,5.3,2.2,0.2413,0.0,3.7703e-16,0.0,0.0,6.2776,0.0,0.18199,0.0,0.0,-1000000.0,-7.5503,-15.0,0.0,0.0,31.05,0.0,0.18199,0.0,-15.0,0.4221,20.0
48,2023-02-18,0.0,0.14478,-3.05,4.35,1.14583333333333,0.14478,0.0,3.7703e-16,0.0,0.0,6.4224,0.0,0.18199,0.0,0.0,-1000000.0,-7.5503,-15.0,0.0,0.0,31.05,0.0,0.18199,0.0,-15.0,0.4221,20.0
49,2023-02-19,0.0,0.1651,-3.45,5.3,1.653125,0.1651,0.0,3.7703e-16,0.0,0.0,6.5875,0.0,0.18199,0.0,0.0,-1000000.0,-7.5503,-15.0,0.0,0.0,31.05,0.0,0.18199,0.0,-15.0,0.4221,20.0
50,2023-02-20,0.2329,0.0762,-5.65,2.625,-1.78541666666667,0.0762,0.0,3.7703e-16,0.0,0.0,6.6637,0.0,0.18199,0.0,0.0,-1000000.0,-7.5503,-15.0,0.0,0.0,31.05,0.0,0.18199,0.0,-15.0,0.4221,20.0
51,2023-02-21,0.1766,0.06604,-20.5,3.6,-12.6583333333333,0.06604,0.0,3.7703e-16,0.0,0.0,6.7297,0.0,0.18199,0.0,0.0,-1000000.0,-7.5503,-15.0,0.0,0.0,31.05,0.0,0.18199,0.0,-15.0,0.4221,20.0
52,2023-02-22,0.0,0.02286,-24.1,-20.225,-22.0552083333333,0.02286,0.0,3.7703e-16,0.0,0.0,6.7526,0.0,0.18199,0.0,0.0,-1000000.0,-7.5503,-15.0,0.0,0.0,31.05,0.0,0.18199,0.0,-15.0,0.4221,20.0
53,2023-02-23,0.0,0.01778,-30.2,-21.85,-25.696875,0.01778,0.0,3.7703e-16,0.0,0.0,6.7704,0.0,0.18199,0.0,0.0,-1000000.0,-7.5503,-15.0,0.0,0.0,31.05,0.0,0.18199,0.0,-15.0,0.4221,20.0
54,2023-02-24,0.0,0.05588,-31.7,-6.875,-19.3125,0.05588,0.0,3.7703e-16,0.0,0.0,6.8262,0.0,0.18199,0.0,0.0,-1000000.0,-7.5503,-15.0,0.0,0.0,31.05,0.0,0.18199,0.0,-15.0,0.4221,20.0
55,2023-02-25,0.0,0.18542,-6.2,2.425,-1.37083333333333,0.18542,0.0,3.7703e-16,0.0,0.0,7.0117,0.0,0.18199,0.0,0.0,-1000000.0,-7.5503,-15.0,0.0,0.0,31.05,0.0,0.18199,0.0,-15.0,0.4221,20.0
56,2023-02-26,0.0017,0.20066,-2.4,8.75,2.865625,0.20066,0.0,3.7703e-16,0.0,0.0,7.2123,0.0,0.18199,0.0,0.0,-1000000.0,-7.5503,-15.0,0.0,0.0,31.05,0.0,0.18199,0.0,-15.0,0.4221,20.0
57,2023-02-27,0.0,0.14732,-5.2,2.4,-1.959375,0.14732,0.0,3.7703e-16,0.0,0.0,7.3596,0.0,0.18199,0.0,0.0,-1000000.0,-7.5503,-15.0,0.0,0.0,31.05,0.0,0.18199,0.0,-15.0,0.4221,20.0
58,2023-02-28,0.0,0.05588,-10.8,-1.925,-6.0875,0.05588,0.0,3.7703e-16,0.0,0.0,7.4155,0.0,0.18199,0.0,0.0,-1000000.0,-7.5503,-15.0,0.0,0.0,31.05,0.0,0.18199,0.0,-15.0,0.4221,20.0
59,2023-03-01,0.0,0.12446,-7.5,3.1,-4.06354166666667,0.12446,0.0,3.7703e-16,0.0,0.0,7.54,0.0,0.18199,0.0,0.0,-1000000.0,-7.5503,-15.0,0.0,0.0,31.05,0.0,0.18199,0.0,-15.0,0.4221,20.0
60,2023-03-02,0.0,0.21844,-4.325,5.875,-0.128125,0.21844,0.0,3.7703e-16,0.0,0.0,7.7584,0.0,0.18199,0.0,0.0,-1000000.0,-7.5503,-15.0,0.0,0.0,31.05,0.0,0.18199,0.0,-15.0,0.4221,20.0
61,2023-03-03,0.0,0.15494,-7.55,2.625,-2.89895833333333,0.15494,0.0,3.7703e-16,0.0,0.0,7.9134,0.0,0.18199,0.0,0.0,-1000000.0,-7.5503,-15.0,0.0,0.0,31.05,0.0,0.18199,0.0,-15.0,0.4221,20.0
62,2023-03-04,0.0,0.17526,-6.95,4.125,-2.67395833333333,0.17526,0.0,3.7703e-16,0.0,0.0,8.0886,0.0,0.18199,0.0,0.0,-1000000.0,-7.5503,-15.0,0.0,0.0,31.05,0.0,0.18199,0.0,-15.0,0.4221,20.0
63,2023-03-05,0.0,0.03556,-12.225,-8.175,-10.2854166666667,0.03556,0.0,3.7703e-16,0.0,0.0,8.1242,0.0,0.18199,0.0,0.0,-1000000.0,-7.5503,-15.0,0.0,0.0,31.05,0.0,0.18199,0.0,-15.0,0.4221,20.0
64,2023-03-06,0.2465,0.0508,-14.925,-5.4,-11.0927083333333,0.0508,0.0,3.7703e-16,0.0,0.0,8.175,0.0,0.18199,0.0,0.0,-1000000.0,-7.5503,-15.0,0.0,0.0,31.05,0.0,0.18199,0.0,-15.0,0.4221,20.0
65,2023-03-07,0.0,0.06096,-19.125,-4.15,-11.20625,0.06096,0.0,3.7703e-16,0.0,0.0,8.236,0.0,0.18199,0.0,0.0,-1000000.0,-7.5503,-15.0,0.0,0.0,31.05,0.0,0.18199,0.0,-15.0,0.4221,20.0
66,2023-03-08,0.0,0.04318,-15.45,-9.15,-11.471875,0.04318,0.0,3.7703e-16,0.0,0.0,8.2791,0.0,0.18199,0.0,0.0,-1000000.0,-7.5503,-15.0,0.0,0.0,31.05,0.0,0.18199,0.0,-15.0,0.4221,20.0
67,2023-03-09,0.0,0.0635,-16.5,-6.2,-11.7177083333333,0.0635,0.0,3.7703e-16,0.0,0.0,8.3426,0.0,0.18199,0.0,0.0,-1000000.0,-7.5503,-15.0,0.0,0.0,31.05,0.0,0.18199,0.0,-15.0,0.4221,20.0
68,2023-03-10,0.1277,0.02794,-14.65,-9.0,-12.1697916666667,0.02794,0.0,3.7703e-16,0.0,0.0,8.3706,0.0,0.18199,0.0,0.0,-1000000.0,-7.5503,-15.0,0.0,0.0,31.05,0.0,0.18199,0.0,-15.0,0.4221,20.0
69,2023-03-11,0.0,0.0508,-18.95,-5.075,-11.6197916666667,0.0508,0.0,3.7703e-16,0.0,0.0,8.4214,0.0,0.18199,0.0,0.0,-1000000.0,-7.5503,-15.0,0.0,0.0,31.05,0.0,0.18199,0.0,-15.0,0.4221,20.0
70,2023-03-12,0.0,0.06604,-17.675,-5.65,-12.5358695652174,0.06604,0.0,3.7703e-16,0.0,0.0,8.4874,0.0,0.18199,0.0,0.0,-1000000.0,-7.5503,-15.0,0.0,0.0,31.05,0.0,0.18199,0.0,-15.0,0.4221,20.0
71,2023-03-13,0.1887,0.17272,-9.3,1.025,-4.59762228260869,0.17272,0.0,3.7703e-16,0.0,0.0,8.6601,0.0,0.18199,0.0,0.0,-1000000.0,-7.5503,-15.0,0.0,0.0,31.05,0.0,0.18199,0.0,-15.0,0.4221,20.0
72,2023-03-14,0.0,0.22098,-0.925,7.7,3.340625,0.22098,0.0,3.7703e-16,0.0,0.0,8.8811,0.0,0.18199,0.0,0.0,-1000000.0,-7.5503,-15.0,0.0,0.0,31.05,0.0,0.18199,0.0,-15.0,0.4221,20.0
73,2023-03-15,0.3961,0.09398,-7.65,2.825,-1.94895833333333,0.09398,0.0,3.7703e-16,0.0,0.0,8.9751,0.0,0.18199,0.0,0.0,-1000000.0,-7.5503,-15.0,0.0,0.0,31.05,0.0,0.18199,0.0,-15.0,0.4221,20.0
74,2023-03-16,0.0493,0.10922,-9.775,1.775,-4.103125,0.10922,0.0,3.7703e-16,0.0,0.0,9.0843,0.0,0.18199,0.0,0.0,-1000000.0,-7.5503,-15.0,0.0,0.0,31.05,0.0,0.18199,0.0,-15.0,0.4221,20.0
75,2023-03-17,0.0,0.13208,-10.075,3.925,-3.190625,0.13208,0.0,3.7703e-16,0.0,0.0,9.2164,0.0,0.18199,0.0,0.0,-1000000.0,-7.5503,-15.0,0.0,0.0,31.05,0.0,0.18199,0.0,-15.0,0.4221,20.0
76,2023-03-18,0.0,0.19304,-6.0,8.35,0.263541666666667,0.19304,0.0,3.7703e-16,0.0,0.0,9.4094,0.0,0.18199,0.0,0.0,-1000000.0,-7.5503,-15.0,0.0,0.0,31.05,0.0,0.18199,0.0,-15.0,0.4221,20.0
77,2023-03-19,0.0,0.15494,-4.25,8.775,1.92395833333333,0.15494,0.0,3.7703e-16,0.0,0.0,9.5644,0.0,0.18199,0.0,0.0,-1000000.0,-7.5503,-15.0,0.0,0.0,31.05,0.0,0.18199,0.0,-15.0,0.4221,20.0
78,2023-03-20,0.0,0.08636,-7.425,0.5,-4.15833333333333,0.08636,0.0,3.7703e-16,0.0,0.0,9.6507,0.0,0.18199,0.0,0.0,-1000000.0,-7.5503,-15.0,0.0,0.0,31.05,0.0,0.18199,0.0,-15.0,0.4221,20.0
79,2023-03-21,0.0,0.12954,-7.9,5.85,-1.69479166666667,0.12954,0.0,3.7703e-16,0.0,0.0,9.7803,0.0,0.18199,0.0,0.0,-1000000.0,-7.5503,-15.0,0.0,0.0,31.05,0.0,0.18199,0.0,-15.0,0.4221,20.0
80,2023-03-22,0.0,0.1397,-7.275,5.925,-2.675,0.1397,0.0,3.7703e-16,0.0,0.0,9.92,0.0,0.18199,0.0,0.0,-1000000.0,-7.5503,-15.0,0.0,0.0,31.05,0.0,0.18199,0.0,-15.0,0.4221,20.0
81,2023-03-23,0.0,0.2032,-7.175,8.925,0.954166666666667,0.2032,0.0,3.7703e-16,0.0,0.0,10.123,0.0,0.18199,0.0,0.0,-1000000.0,-7.5503,-15.0,0.0,0.0,31.05,0.0,0.18199,0.0,-15.0,0.4221,20.0
82,2023-03-24,0.0,0.15494,-2.375,7.65,1.85729166666667,0.15494,0.0,3.7703e-16,0.0,0.0,10.278,0.0,0.18199,0.0,0.0,-1000000.0,-7.5503,-15.0,0.0,0.0,31.05,0.0,0.18199,0.0,-15.0,0.4221,20.0
83,2023-03-25,0.0782,0.11176,-2.875,4.425,-0.13125,0.11176,0.0,3.7703e-16,0.0,0.0,10.39,0.0,0.18199,0.0,0.0,-1000000.0,-7.5503,-15.0,0.0,0.0,31.05,0.0,0.18199,0.0,-15.0,0.4221,20.0
84,2023-03-26,0.0,0.10922,-5.325,3.125,-2.16979166666667,0.10922,0.0,3.7703e-16,0.0,0.0,10.499,0.0,0.18199,0.0,0.0,-1000000.0,-7.5503,-15.0,0.0,0.0,31.05,0.0,0.18199,0.0,-15.0,0.4221,20.0
85,2023-03-27,0.0,0.17018,-6.6,6.05,-1.82604166666667,0.17018,0.0,3.7703e-16,0.0,0.0,10.669,0.0,0.18199,0.0,0.0,-1000000.0,-7.5503,-15.0,0.0,0.0,31.05,0.0,0.18199,0.0,-15.0,0.4221,20.0
86,2023-03-28,0.0,0.12192,-5.625,3.025,-2.63645833333333,0.12192,0.0,3.7703e-16,0.0,0.0,10.791,0.0,0.18199,0.0,0.0,-1000000.0,-7.5503,-15.0,0.0,0.0,31.05,0.0,0.18199,0.0,-15.0,0.4221,20.0
87,2023-03-29,0.0,0.12192,-6.6,3.55,-2.10833333333333,0.12192,0.0,3.7703e-16,0.0,0.0,10.913,0.0,0.18199,0.0,0.0,-1000000.0,-7.5503,-15.0,0.0,0.0,31.05,0.0,0.18199,0.0,-15.0,0.4221,20.0
88,2023-03-30,0.1462,0.08128,-4.875,0.2,-2.99479166666667,0.08128,0.0,3.7703e-16,0.0,0.0,10.994,0.0,0.18199,0.0,0.0,-1000000.0,-7.5503,-15.0,0.0,0.0,31.05,0.0,0.18199,0.0,-15.0,0.4221,20.0
89,2023-03-31,0.2009,0.19558,-7.075,8.675,0.467708333333333,0.19558,0.0,3.7703e-16,0.0,0.0,11.19,0.0,0.18199,0.0,0.0,-1000000.0,-7.5503,-15.0,0.0,0.0,31.05,0.0,0.18199,0.0,-15.0,0.4221,20.0
90,2023-04-01,0.0,0.254,-1.325,8.525,3.46354166666667,0.0,0.254,9.9996e-32,0.254,0.0,11.19,0.254,0.18199,0.254,0.0,-1000000.0,-20.548,-15.0,0.0,0.0,30.923,0.0,0.18199,0.0,-15.0,0.4221,20.0
91,2023-04-02,0.0,0.23114,-4.925,7.675,1.009375,0.0,0.23114,9.9427e-32,0.23114,0.0,11.19,0.48514,0.18198,0.48514,0.0,-994330.0,-33.329,-15.0,0.0,0.0,30.68,0.0,0.18199,0.0,-15.0,0.4221,20.0
92,2023-04-03,0.0,0.10922,-9.75,3.275,-3.43125,0.0,0.10922,9.9427e-32,0.10922,0.0,11.19,0.59436,0.18198,0.59436,0.0,-994360.0,-45.258,-15.0,0.0,0.0,30.51,0.0,0.18199,0.0,-15.0,0.4221,20.0
93,2023-04-04,0.0,0.06604,-9.225,-2.05,-4.23958333333333,0.0,0.06604,9.9424e-32,0.06604,0.0,11.19,0.6604,0.18198,0.6604,0.0,-994360.0,-53.004,-15.0,0.0,0.0,30.422,0.0,0.18199,0.0,-15.0,0.4221,20.0
94,2023-04-05,0.0,0.16256,-11.275,5.25,-2.44895833333333,0.0,0.16256,9.942099999999999e-32,0.16256,0.0,11.19,0.82296,0.18198,0.82296,0.0,-994360.0,-65.461,-15.0,0.0,0.0,30.308,0.0,0.18199,0.0,-15.0,0.4221,20.0
95,2023-04-06,0.0,0.33274,-2.55,11.35,4.16354166666667,0.0,0.33274,9.9407e-32,0.33274,0.0,11.19,1.1557,0.18198,1.1557,0.0,-994360.0,-108.62,-15.0,0.0,0.0,30.06,0.0,0.18199,0.0,-15.0,0.4221,20.0
96,2023-04-07,0.0,0.37338,0.175,14.225,7.284375,0.0,0.37338,9.9352e-32,0.29321,0.0,11.19,1.5291,0.18198,1.4767,0.0,-994360.0,-265.09,-15.0,0.0,0.0,29.72,0.0,0.18199,0.0,-15.0,0.4221,20.0
97,2023-04-08,0.0,0.37846,3.15,14.225,8.72395833333333,0.0,0.37846,9.9301e-32,0.21385,0.0,11.19,1.9075,0.18198,1.7072,0.0,-994360.0,-494.83,-15.0,0.0,0.0,29.45,0.0,0.18199,0.0,-15.0,0.4221,20.0
98,2023-04-09,0.0,0.4572,4.4,17.075,11.2802083333333,0.0,0.4572,9.9282e-32,0.17997,0.0,11.19,2.3647,0.18198,1.8992,0.0,-994360.0,-698.85,-15.0,0.0,0.0,29.241,0.0,0.18199,0.0,-15.0,0.4221,20.0
99,2023-04-10,0.0,0.54864,10.95,23.475,16.6416666666667,0.0,0.54864,9.927699999999999e-32,0.14712,0.0,11.19,2.9134,0.18198,2.0575,0.0,-994360.0,-873.58,-15.0,0.0,0.0,29.066,0.0,0.18199,0.0,-15.0,0.4221,20.0
100,2023-04-11,0.0,0.47244,4.3,20.225,13.74375,0.0,0.47244,9.9275e-32,0.086726,0.0,11.19,3.3858,0.18198,2.1556,0.0,-994360.0,-1022.5,-15.0,0.0,0.0,28.938,0.0,0.18199,0.0,-15.0,0.4221,20.0
101,2023-04-12,0.0,0.18288,-1.9,7.9,3.08541666666667,0.0,0.18288,9.9276e-32,0.030359,0.0,11.19,3.5687,0.18198,2.1882,0.0,-994360.0,-1104.7,-15.0,0.0,0.0,28.877,0.0,0.18199,0.0,-15.0,0.4221,20.0
102,2023-04-13,0.9633,0.09652,-2.75,2.2,0.173958333333333,0.0,0.09652,9.9275e-32,0.014467,0.0,11.19,3.6652,0.18198,2.203,0.0,-994360.0,-1131.3,-15.0,0.0,0.0,28.854,0.0,0.18199,0.0,-15.0,0.4221,20.0
103,2023-04-14,0.0952,0.18034,-5.825,5.825,-0.0322916666666666,0.0,0.18034,9.9275e-32,0.0253,0.0,11.19,3.8456,0.18198,2.2287,0.0,-994360.0,-1152.6,-15.0,0.0,0.0,28.834,0.0,0.18199,0.0,-15.0,0.4221,20.0
104,2023-04-15,0.0017,0.2921,-3.25,11.1,3.559375,0.0,0.2921,9.9275e-32,0.036605,0.0,11.19,4.1377,0.18198,2.2671,0.0,-994360.0,-1188.0,-15.0,0.0,0.0,28.801,0.0,0.18199,0.0,-15.0,0.4221,20.0
105,2023-04-16,0.0,0.4064,0.45,17.45,9.81354166666667,0.0,0.4064,9.9275e-32,0.035456,0.0,11.19,4.5441,0.18198,2.3063,0.0,-994360.0,-1241.7,-15.0,0.0,0.0,28.761,0.0,0.18199,0.0,-15.0,0.4221,20.0
106,2023-04-17,0.0119,0.35052,3.05,14.925,8.2125,0.0,0.35052,9.9276e-32,0.025836,0.0,11.19,4.8946,0.18198,2.3331,0.0,-994360.0,-1275.0,-15.0,0.0,0.0,28.73,0.0,0.18199,0.0,-15.0,0.4221,20.0
107,2023-04-18,0.2992,0.12446,-0.4,9.275,2.89166666666667,0.0,0.12446,9.9276e-32,0.0088652,0.0,11.19,5.019,0.18198,2.342,0.0,-994360.0,-1288.3,-15.0,0.0,0.0,28.712,0.0,0.18199,0.0,-15.0,0.4221,20.0
108,2023-04-19,1.1389,0.12446,-1.35,1.3,-0.153125,0.0,0.12446,9.9275e-32,0.0086503,0.0,11.19,5.1435,0.18198,2.3507,0.0,-994360.0,-1294.7,-15.0,0.0,0.0,28.703,0.0,0.18199,0.0,-15.0,0.4221,20.0
109,2023-04-20,0.1821,0.13716,-3.2,0.975,-1.317,0.0,0.13716,9.9275e-32,0.0094282,0.0,11.19,5.2807,0.18198,2.3602,0.0,-994360.0,-1301.4,-15.0,0.0,0.0,28.694,0.0,0.18199,0.0,-15.0,0.4221,20.0
110,2023-04-21,0.1004,0.1143,-5.425,0.5,-2.28229166666667,0.0,0.1143,9.9276e-32,0.0078227,0.0,11.19,5.395,0.18198,2.368,0.0,-994360.0,-1307.1,-15.0,0.0,0.0,28.686,0.0,0.18199,0.0,-15.0,0.4221,20.0
111,2023-04-22,0.0068,0.2159,-6.8,7.7,0.428125,0.0,0.2159,9.9276e-32,0.014737,0.0,11.19,5.6109,0.18198,2.3827,0.0,-994360.0,-1317.1,-15.0,0.0,0.0,28.674,0.0,0.18199,0.0,-15.0,0.4221,20.0
112,2023-04-23,0.0,0.25908,-2.65,12.225,4.72395833333333,0.0,0.25908,9.9275e-32,0.017668,0.0,11.19,5.8699,0.18198,2.4004,0.0,-994360.0,-1334.0,-15.0,0.0,0.0,28.658,0.0,0.18199,0.0,-15.0,0.4221,20.0
113,2023-04-24,0.0306,0.28194,2.175,16.6,9.33020833333333,0.0,0.28194,9.9275e-32,0.016171,0.0,11.19,6.1519,0.18198,2.4175,0.0,-994360.0,-1359.3,-15.0,0.0,0.0,28.64,0.0,0.18199,0.0,-15.0,0.4221,20.0
114,2023-04-25,0.0,0.36068,3.225,17.025,9.746875,0.0,0.36068,9.9276e-32,0.015258,0.0,11.19,6.5126,0.18198,2.4339,0.0,-994360.0,-1389.1,-15.0,0.0,0.0,28.623,0.0,0.18199,0.0,-15.0,0.4221,20.0
115,2023-04-26,0.0,0.3683,0.725,18.975,10.3364583333333,0.0,0.3683,9.9275e-32,0.011702,0.0,11.19,6.8809,0.18198,2.4465,0.0,-994360.0,-1415.0,-15.0,0.0,0.0,28.609,0.0,0.18199,0.0,-15.0,0.4221,20.0
116,2023-04-27,0.1821,0.23622,0.35,11.7,6.65416666666667,0.0,0.23622,9.9275e-32,0.0065826,0.0,11.19,7.1171,0.18198,2.4533,0.0,-994360.0,-1427.2,-15.0,0.0,0.0,28.6,0.0,0.18199,0.0,-15.0,0.4221,20.0
117,2023-04-28,0.0,0.37846,0.625,22.25,11.8770833333333,0.0,0.37846,9.9275e-32,0.0093565,0.0,11.19,7.4955,0.18198,2.4629,0.0,-994360.0,-1434.4,-15.0,0.0,0.0,28.592,0.0,0.18199,0.0,-15.0,0.4221,20.0
118,2023-04-29,0.0,0.36322,0.55,20.9,11.8916666666667,0.0,0.36322,9.9276e-32,0.0084618,0.0,11.19,7.8588,0.18198,2.4714,0.0,-994360.0,-1439.9,-15.0,0.0,0.0,28.583,0.0,0.18199,0.0,-15.0,0.4221,20.0
119,2023-04-30,0.0,0.41148,-0.025,23.3,12.9302083333333,0.0,0.41148,9.9275e-32,0.0094048,0.0,11.19,8.2702,0.18198,2.4809,0.0,-994360.0,-1443.3,-15.0,0.0,0.0,28.574,0.0,0.18199,0.0,-15.0,0.4221,20.0
120,2023-05-01,0.0,0.39624,0.975,24.125,13.765625,0.0,0.39624,9.9275e-32,0.14214,0.0,11.19,8.6665,0.18198,2.5928,0.0,-994360.0,-694.94,-15.0,0.0,0.0,28.528,0.0,0.18199,0.0,-15.0,0.4221,20.0
121,2023-05-02,0.0,0.35306,1.1,24.225,13.3125,0.0,0.35306,9.9275e-32,0.12664,0.0,11.19,9.0195,0.18198,2.7194,0.0,-994360.0,-702.92,-15.0,0.0,0.0,28.394,0.0,0.18199,0.0,-15.0,0.4221,20.0
122,2023-05-03,0.0,0.36322,6.025,24.4,15.3395833333333,0.0,0.36322,9.9276e-32,0.13029,0.0,11.19,9.3828,0.18198,2.8497,0.0,-994360.0,-714.12,-15.0,0.0,0.0,28.265,0.0,0.18199,0.0,-15.0,0.4221,20.0
123,2023-05-04,0.0,0.39878,5.85,24.775,16.06875,0.0,0.39878,9.9275e-32,0.13732,0.0,11.19,9.7815,0.18198,2.9893,0.0,-994360.0,-733.83,-15.0,0.0,0.0,28.129,0.0,0.18199,0.0,-15.0,0.4221,20.0
124,2023-05-05,0.9785,0.23876,8.75,17.075,12.3020833333333,0.0,0.23876,9.9275e-32,0.078566,0.0,11.19,10.02,0.18198,3.0689,0.0,-994360.0,-754.08,-15.0,0.0,0.0,28.02,0.0,0.18199,0.0,-15.0,0.4221,20.0
125,2023-05-06,0.772,0.09398,5.6,9.25,7.990625,0.0,0.09398,9.9275e-32,0.03003,0.0,11.19,10.114,0.18198,3.0992,0.0,-994360.0,-765.21,-15.0,0.0,0.0,27.966,0.0,0.18199,0.0,-15.0,0.4221,20.0
126,2023-05-07,0.1904,0.28956,5.125,15.725,10.1114583333333,0.0,0.28956,9.9276e-32,0.088972,0.0,11.19,10.404,0.18198,3.1889,0.0,-994360.0,-773.22,-15.0,0.0,0.0,27.905,0.0,0.18199,0.0,-15.0,0.4221,20.0
127,2023-05-08,0.0,0.37084,4.8,17.75,10.8416666666667,0.0,0.37084,9.9275e-32,0.1117,0.0,11.19,10.775,0.18198,3.301,0.0,-994360.0,-781.29,-15.0,0.0,0.0,27.805,0.0,0.18199,0.0,-15.0,0.4221,20.0
128,2023-05-09,0.0,0.27432,1.025,15.4,8.18645833333333,0.0,0.27432,9.9275e-32,0.082154,0.0,11.19,11.049,0.18198,3.3833,0.0,-994360.0,-787.12,-15.0,0.0,0.0,27.708,0.0,0.18199,0.0,-15.0,0.4221,20.0
129,2023-05-10,0.0,0.32512,3.225,17.25,10.9427083333333,0.0,0.32512,9.9275e-32,0.097211,0.0,11.19,11.374,0.18198,3.4805,0.0,-994360.0,-792.27,-15.0,0.0,0.0,27.618,0.0,0.18199,0.0,-15.0,0.4221,20.0
130,2023-05-11,0.1105,0.2286,5.325,15.625,10.3104166666667,0.0,0.2286,9.9276e-32,0.068335,0.0,11.19,11.603,0.18198,3.5488,0.0,-994360.0,-797.49,-15.0,0.0,0.0,27.535,0.0,0.18199,0.0,-15.0,0.4221,20.0
131,2023-05-12,0.0068,0.29972,2.25,20.025,11.2541666666667,0.0,0.29972,9.9275e-32,0.089591,0.0,11.19,11.902,0.18198,3.6384,0.0,-994360.0,-803.4,-15.0,0.0,0.0,27.456,0.0,0.18199,0.0,-15.0,0.4221,20.0
132,2023-05-13,0.0,0.18288,4.425,15.375,11.121875,0.0,0.18288,9.9275e-32,0.054665,0.0,11.19,12.085,0.18198,3.6931,0.0,-994360.0,-809.91,-15.0,0.0,0.0,27.384,0.0,0.18199,0.0,-15.0,0.4221,20.0
133,2023-05-14,0.0,0.21336,6.3,18.9,12.278125,0.0,0.21336,9.9276e-32,0.063776,0.0,11.19,12.299,0.18198,3.7569,0.0,-994360.0,-816.51,-15.0,0.0,0.0,27.325,0.0,0.18199,0.0,-15.0,0.4221,20.0
134,2023-05-15,0.0,0.42926,6.0,24.85,15.95,0.0,0.42926,9.9276e-32,0.12831,0.0,11.19,12.728,0.18198,3.8852,0.0,-994360.0,-829.98,-15.0,0.0,0.0,27.229,0.0,0.18199,0.0,-15.0,0.4221,20.0
135,2023-05-16,0.0017,0.51816,13.125,26.95,18.9208333333333,0.0,0.51816,9.9275e-32,0.14967,0.0,11.19,13.246,0.18198,4.0371,0.0,-994360.0,-860.65,-15.0,0.0,0.0,27.087,0.0,0.18199,0.0,-15.0,0.4221,20.0
136,2023-05-17,0.1327,0.18542,6.85,15.725,11.4177083333333,0.0,0.18542,9.9275e-32,0.052768,0.0,11.19,13.432,0.18198,4.0906,0.0,-994360.0,-894.38,-15.0,0.0,0.0,26.986,0.0,0.18199,0.0,-15.0,0.4221,20.0
137,2023-05-18,0.0051,0.33528,2.475,20.725,11.7791666666667,0.0,0.33528,9.9276e-32,0.086712,0.0,11.19,13.767,0.18198,4.1795,0.0,-994360.0,-924.73,-15.0,0.0,0.0,26.914,0.0,0.18199,0.0,-15.0,0.4221,20.0
138,2023-05-19,0.0,0.42672,2.825,26.675,15.3260416666667,0.0,0.42672,9.9275e-32,0.096348,0.0,11.19,14.194,0.18198,4.2787,0.0,-994360.0,-968.56,-15.0,0.0,0.0,26.819,0.0,0.18199,0.0,-15.0,0.4221,20.0
139,2023-05-20,0.0,0.4064,8.9,26.5,18.53125,0.0,0.4064,9.9275e-32,0.080183,0.0,11.19,14.6,0.18198,4.3618,0.0,-994360.0,-1011.8,-15.0,0.0,0.0,26.728,0.0,0.18199,0.0,-15.0,0.4221,20.0
140,2023-05-21,0.0,0.4445,9.325,29.55,19.6916666666667,0.0,0.4445,9.9275e-32,0.077327,0.0,11.19,15.044,0.18198,4.4416,0.0,-994360.0,-1050.9,-15.0,0.0,0.0,26.647,0.0,0.18199,0.0,-15.0,0.4221,20.0
141,2023-05-22,0.6886,0.35052,10.125,22.5,16.721875,0.0,0.35052,9.9276e-32,0.055304,0.0,11.19,15.395,0.18198,4.4986,0.0,-994360.0,-1083.5,-15.0,0.0,0.0,26.579,0.0,0.18199,0.0,-15.0,0.4221,20.0
142,2023-05-23,0.0,0.40894,6.175,21.575,14.3166666666667,0.0,0.40894,9.9275e-32,0.057131,0.0,11.19,15.804,0.18198,4.5573,0.0,-994360.0,-1112.2,-15.0,0.0,0.0,26.521,0.0,0.18199,0.0,-15.0,0.4221,20.0
143,2023-05-24,0.0578,0.2794,9.5,20.725,14.33125,0.0,0.2794,9.9275e-32,0.036872,0.0,11.19,16.083,0.18198,4.5948,0.0,-994360.0,-1134.7,-15.0,0.0,0.0,26.473,0.0,0.18199,0.0,-15.0,0.4221,20.0
144,2023-05-25,0.1445,0.14732,10.4,15.825,12.5489583333333,0.0,0.14732,9.9275e-32,0.018762,0.0,11.19,16.231,0.18198,4.6137,0.0,-994360.0,-1149.5,-15.0,0.0,0.0,26.445,0.0,0.18199,0.0,-15.0,0.4221,20.0
145,2023-05-26,0.1394,0.11938,10.425,14.8,12.3583333333333,0.0,0.11938,9.9276e-32,0.014804,0.0,11.19,16.35,0.18198,4.6286,0.0,-994360.0,-1158.3,-15.0,0.0,0.0,26.429,0.0,0.18199,0.0,-15.0,0.4221,20.0
146,2023-05-27,1.7901,0.10922,9.75,12.975,11.4697916666667,0.0,0.10922,9.9275e-32,0.013293,0.0,11.19,16.459,0.18198,4.6419,0.0,-994360.0,-1165.5,-15.0,0.0,0.0,26.414,0.0,0.18199,0.0,-15.0,0.4221,20.0
147,2023-05-28,0.1819,0.37846,8.75,23.6,15.5322916666667,0.0,0.37846,9.9275e-32,0.04049,0.0,11.19,16.838,0.18198,4.6833,0.0,-994360.0,-1178.9,-15.0,0.0,0.0,26.387,0.0,0.18199,0.0,-15.0,0.4221,20.0
148,2023-05-29,0.0374,0.44196,10.375,22.775,16.4135416666667,0.0,0.44196,9.9275e-32,0.0428,0.0,11.19,17.28,0.18198,4.7271,0.0,-994360.0,-1199.4,-15.0,0.0,0.0,26.344,0.0,0.18199,0.0,-15.0,0.4221,20.0
149,2023-05-30,0.0,0.44958,9.5,25.775,17.7614583333333,0.0,0.44958,9.9276e-32,0.040087,0.0,11.19,17.729,0.18198,4.7681,0.0,-994360.0,-1219.8,-15.0,0.0,0.0,26.302,0.0,0.18199,0.0,-15.0,0.4221,20.0
150,2023-05-31,0.017,0.33528,6.725,26.0,15.9875,0.0,0.33528,9.9275e-32,0.028514,0.0,11.19,18.064,0.18198,4.7972,0.0,-994360.0,-1236.3,-15.0,0.0,0.0,26.267,0.0,0.18199,0.0,-15.0,0.4221,20.0
151,2023-06-01,0.0085,0.26162,8.35,20.425,14.171875,0.0,0.26162,9.9275e-32,0.074184,0.0,11.19,18.326,0.18198,4.8594,0.0,-994360.0,-824.78,-15.0,0.0,0.0,26.227,0.0,0.18199,0.0,-15.0,0.4221,20.0
152,2023-06-02,0.7684,0.10414,11.1,13.225,12.0458333333333,0.0,0.10414,9.9275e-32,0.029523,0.0,11.19,18.43,0.18198,4.8891,0.0,-994360.0,-831.92,-15.0,0.0,0.0,26.175,0.0,0.18199,0.0,-15.0,0.4221,20.0
153,2023-06-03,0.6732,0.1905,8.7,14.75,12.2625,0.0,0.1905,9.9276e-32,0.052113,0.0,11.19,18.621,0.18198,4.9415,0.0,-994360.0,-838.64,-15.0,0.0,0.0,26.134,0.0,0.18199,0.0,-15.0,0.4221,20.0
154,2023-06-04,0.0153,0.41656,5.925,23.65,15.775,0.0,0.41656,9.9275e-32,0.10905,0.0,11.19,19.037,0.18198,5.0515,0.0,-994360.0,-849.44,-15.0,0.0,0.0,26.053,0.0,0.18199,0.0,-15.0,0.4221,20.0
155,2023-06-05,0.017,0.37592,10.2,25.875,17.9572916666667,0.0,0.37592,9.9275e-32,0.096347,0.0,11.19,19.413,0.18198,5.1483,0.0,-994360.0,-862.41,-15.0,0.0,0.0,25.95,0.0,0.18199,0.0,-15.0,0.4221,20.0
156,2023-06-06,0.0017,0.32258,9.85,21.75,15.0395833333333,0.0,0.32258,9.9276e-32,0.080852,0.0,11.19,19.736,0.18198,5.2298,0.0,-994360.0,-873.68,-15.0,0.0,0.0,25.86,0.0,0.18199,0.0,-15.0,0.4221,20.0
157,2023-06-07,0.0034,0.4191,7.425,26.35,17.7479166666667,0.0,0.4191,9.9276e-32,0.10022,0.0,11.19,20.155,0.18198,5.3309,0.0,-994360.0,-885.83,-15.0,0.0,0.0,25.769,0.0,0.18199,0.0,-15.0,0.4221,20.0
158,2023-06-08,1.123,0.28448,10.95,23.25,17.1291666666667,0.0,0.28448,9.9275e-32,0.066585,0.0,11.19,20.439,0.18198,5.3979,0.0,-994360.0,-897.28,-15.0,0.0,0.0,25.685,0.0,0.18199,0.0,-15.0,0.4221,20.0
159,2023-06-09,0.5614,0.19304,13.25,19.575,15.8625,0.0,0.19304,9.9275e-32,0.044414,0.0,11.19,20.632,0.18198,5.4425,0.0,-994360.0,-905.48,-15.0,0.0,0.0,25.629,0.0,0.18199,0.0,-15.0,0.4221,20.0
160,2023-06-10,0.0238,0.24638,11.4,20.7,15.959375,0.0,0.24638,9.9276e-32,0.055447,0.0,11.19,20.879,0.18198,5.4983,0.0,-994360.0,-912.49,-15.0,0.0,0.0,25.579,0.0,0.18199,0.0,-15.0,0.4221,20.0
161,2023-06-11,0.0136,0.41148,8.85,23.425,16.7239583333333,0.0,0.41148,9.9275e-32,0.090401,0.0,11.19,21.29,0.18198,5.5892,0.0,-994360.0,-921.72,-15.0,0.0,0.0,25.506,0.0,0.18199,0.0,-15.0,0.4221,20.0
162,2023-06-12,0.0102,0.41402,9.95,24.225,17.5041666666667,0.0,0.41402,9.9275e-32,0.087789,0.0,11.19,21.704,0.18198,5.6778,0.0,-994360.0,-933.04,-15.0,0.0,0.0,25.416,0.0,0.18199,0.0,-15.0,0.4221,20.0
163,2023-06-13,0.0051,0.46482,7.65,26.175,17.7364583333333,0.0,0.46482,9.9275e-32,0.094526,0.0,11.19,22.169,0.18198,5.7732,0.0,-994360.0,-945.51,-15.0,0.0,0.0,25.324,0.0,0.18199,0.0,-15.0,0.4221,20.0
164,2023-06-14,0.0,0.44958,8.75,19.225,16.26875,0.0,0.44958,9.9276e-32,0.088645,0.0,11.19,22.619,0.18198,5.8624,0.0,-994360.0,-957.79,-15.0,0.0,0.0,25.232,0.0,0.18199,0.0,-15.0,0.4221,20.0
165,2023-06-15,0.0,0.26924,5.1,17.1,11.3458333333333,0.0,0.26924,9.9275e-32,0.052244,0.0,11.19,22.888,0.18198,5.9149,0.0,-994360.0,-967.71,-15.0,0.0,0.0,25.161,0.0,0.18199,0.0,-15.0,0.4221,20.0
166,2023-06-16,0.0119,0.4318,3.15,23.3,13.9916666666667,0.0,0.4318,9.9275e-32,0.081569,0.0,11.19,23.32,0.18198,5.997,0.0,-994360.0,-977.07,-15.0,0.0,0.0,25.094,0.0,0.18199,0.0,-15.0,0.4221,20.0
167,2023-06-17,0.068,0.3937,10.05,22.15,15.9583333333333,0.0,0.3937,9.9275e-32,0.072289,0.0,11.19,23.713,0.18198,6.0699,0.0,-994360.0,-987.26,-15.0,0.0,0.0,25.016,0.0,0.18199,0.0,-15.0,0.4221,20.0
168,2023-06-18,0.2451,0.34036,5.15,18.225,12.6614583333333,0.0,0.34036,9.9276e-32,0.060836,0.0,11.19,24.054,0.18198,6.1312,0.0,-994360.0,-997.13,-15.0,0.0,0.0,24.949,0.0,0.18199,0.0,-15.0,0.4221,20.0
169,2023-06-19,0.0,0.4699,5.55,17.625,11.7541666666667,0.0,0.4699,9.9275e-32,0.080015,0.0,11.19,24.524,0.18198,6.2119,0.0,-994360.0,-1008.0,-15.0,0.0,0.0,24.878,0.0,0.18199,0.0,-15.0,0.4221,20.0
170,2023-06-20,0.0,0.4445,4.825,18.9,11.8979166666667,0.0,0.4445,9.9275e-32,0.073576,0.0,11.19,24.968,0.18198,6.2861,0.0,-994360.0,-1019.0,-15.0,0.0,0.0,24.8,0.0,0.18199,0.0,-15.0,0.4221,20.0
171,2023-06-21,0.0289,0.34798,0.75,18.575,10.0989583333333,0.0,0.34798,9.9275e-32,0.056612,0.0,11.19,25.316,0.18198,6.3429,0.0,-994360.0,-1028.2,-15.0,0.0,0.0,24.735,0.0,0.18199,0.0,-15.0,0.4221,20.0
172,2023-06-22,0.0051,0.4064,1.225,21.425,12.753125,0.0,0.4064,9.9276e-32,0.065132,0.0,11.19,25.723,0.18198,6.4083,0.0,-994360.0,-1036.7,-15.0,0.0,0.0,24.674,0.0,0.18199,0.0,-15.0,0.4221,20.0
173,2023-06-23,0.4835,0.32004,4.275,23.925,13.8770833333333,0.0,0.32004,9.9275e-32,0.050595,0.0,11.19,26.043,0.18198,6.4591,0.0,-994360.0,-1045.1,-15.0,0.0,0.0,24.616,0.0,0.18199,0.0,-15.0,0.4221,20.0
174,2023-06-24,0.0204,0.40132,9.65,24.3,16.6302083333333,0.0,0.40132,9.9275e-32,0.060587,0.0,11.19,26.444,0.18198,6.5203,0.0,-994360.0,-1054.3,-15.0,0.0,0.0,24.56,0.0,0.18199,0.0,-15.0,0.4221,20.0
175,2023-06-25,0.5101,0.34036,6.85,25.475,15.0083333333333,-2.1611,0.34036,-0.50082,0.089226,0.0,9.0284,26.785,-0.80501,6.6012,0.0,0.0,-902.04,-15.0,1.6603,1.1741,25.479,1.0007,0.19567,0.0,-15.0,0.4221,20.0
176,2023-06-26,0.0102,0.43942,7.55,25.375,16.71875,-1.6612,0.43942,-0.47482,0.11258,0.0,7.3672,27.224,-1.2894,6.7122,0.0,0.0,-853.07,-15.0,1.1864,2.351,25.853,1.485,0.19567,0.0,-15.0,0.4221,20.0
177,2023-06-27,0.3195,0.34036,7.675,24.625,16.1354166666667,-1.9705,0.34036,-0.47251,0.08212,0.0,5.3967,27.565,-1.7588,6.7956,0.0,0.0,-779.53,-15.0,1.498,3.852,26.239,1.9545,0.19567,0.0,-15.0,0.4221,20.0
178,2023-06-28,0.6885,0.35052,10.85,22.875,16.246875,0.0,0.35052,-2.8987e-08,0.16018,0.0,5.3967,27.915,-1.7588,6.9574,0.0,-3.4519,-794.6,-15.0,0.0,3.852,26.077,1.9545,0.19567,0.0,-15.0,0.4221,20.0
179,2023-06-29,0.0051,0.4699,9.825,28.45,19.3947916666667,-3.3071,0.4699,-0.50215,0.091838,0.0,2.0896,28.385,-2.2345,7.0794,0.0,0.0,-765.03,-15.0,2.805,6.6834,26.429,2.4327,0.19821,0.0,-15.0,0.4221,20.0
180,2023-06-30,0.0,0.46482,12.425,30.125,22.1291666666667,0.0,0.46482,-2.0256e-08,0.2243,0.0,2.0896,28.85,-2.2351,7.3033,0.0,-3.5442,-774.7,-15.0,0.0,6.6834,26.206,2.4333,0.19821,0.0,-15.0,0.4221,20.0
181,2023-07-01,0.0,0.58928,14.4,31.125,22.9822916666667,-3.302,0.58928,-0.45143,0.13965,0.0,-1.2124,29.439,-2.7198,7.4601,0.0,0.0,-739.27,-15.0,2.8506,9.5007,26.534,2.918,0.19821,0.0,-15.0,0.4221,20.0
182,2023-07-02,0.0,0.44958,8.7,27.4,19.7010416666667,0.0,0.44958,-1.8161e-08,0.23313,0.0,-1.2124,29.889,-2.7198,7.6907,0.0,-3.5331,-754.92,-15.0,0.0,9.5007,26.304,2.918,0.19821,0.0,-15.0,0.4221,20.0
183,2023-07-03,0.8263,0.37592,8.675,23.075,14.9052083333333,-2.4773,0.37592,-0.48693,0.08435,0.0,-3.6897,30.265,-3.2044,7.7911,0.0,0.0,-711.51,-15.0,1.9904,11.493,26.687,3.4026,0.19821,0.0,-15.0,0.4221,20.0
184,2023-07-04,0.0102,0.29972,7.075,18.65,12.45,0.0,0.29972,0.0,0.16923,0.0,-3.6897,30.564,-3.2044,7.9578,0.0,-3.4023,-723.82,-15.0,0.0,11.493,26.522,3.4026,0.19821,0.0,-15.0,0.4221,20.0
185,2023-07-05,0.0,0.3937,4.425,25.325,14.9354166666667,0.0,0.3937,-1.9994e-08,0.21899,0.0,-3.6897,30.958,-3.2044,8.1775,0.0,-3.8388,-739.07,-15.0,0.0,11.493,26.314,3.4026,0.19821,0.0,-15.0,0.4221,20.0
186,2023-07-06,0.0,0.3937,7.475,26.875,17.6114583333333,0.0,0.3937,1.2806e-08,0.21692,0.0,-3.6897,31.352,-3.2044,8.3949,0.0,-4.2009,-755.52,-15.0,0.0,11.493,26.096,3.4026,0.19821,0.0,-15.0,0.4221,20.0
187,2023-07-07,0.0,0.41148,7.825,25.75,17.7020833333333,0.0,0.41148,-1.1118e-08,0.22407,0.0,-3.6897,31.763,-3.2044,8.6196,0.0,-4.4718,-772.12,-15.0,0.0,11.493,25.874,3.4026,0.19821,0.0,-15.0,0.4221,20.0
188,2023-07-08,0.0,0.42672,7.15,28.65,18.55625,0.0,0.42672,-8.2509e-09,0.2298,0.0,-3.6897,32.19,-3.2044,8.85,0.0,-4.6245,-790.45,-15.0,0.0,11.493,25.647,3.4026,0.19821,0.0,-15.0,0.4221,20.0
189,2023-07-09,0.0,0.46482,9.525,32.1,20.8197916666667,0.0,0.46482,6.8976e-09,0.24777,0.0,-3.6897,32.655,-3.2044,9.0983,0.0,-4.724,-811.31,-15.0,0.0,11.493,25.408,3.4026,0.19821,0.0,-15.0,0.4221,20.0
190,2023-07-10,0.0,0.4191,11.95,31.35,21.0125,0.0,0.4191,-4.8312e-09,0.22099,0.0,-3.6897,33.074,-3.2044,9.3201,0.0,-4.8422,-836.65,-15.0,0.0,11.493,25.172,3.4026,0.19821,0.0,-15.0,0.4221,20.0
191,2023-07-11,0.0,0.3302,10.675,25.05,17.6322916666667,0.0,0.3302,-1.6735e-09,0.16909,0.0,-3.6897,33.404,-3.2044,9.4909,0.0,-4.9798,-863.53,-15.0,0.0,11.493,24.976,3.4026,0.19821,0.0,-15.0,0.4221,20.0
192,2023-07-12,0.0,0.43434,9.325,29.675,19.7041666666667,0.0,0.43434,-1.0885e-08,0.21068,0.0,-3.6897,33.838,-3.2044,9.7039,0.0,-5.1308,-893.5,-15.0,0.0,11.493,24.783,3.4026,0.19821,0.0,-15.0,0.4221,20.0
193,2023-07-13,0.0902,0.3937,10.875,28.325,18.1260416666667,-1.3602,0.3937,-0.4903,0.14134,0.0,-5.0499,34.232,-3.8767,9.8776,0.0,0.0,-899.82,-15.0,0.8699,12.182,25.282,4.0749,0.19821,0.0,-15.0,0.4221,20.0
194,2023-07-14,0.0,0.35306,8.625,26.925,17.66875,-1.27,0.35306,-0.43521,0.084206,0.0,-6.3199,34.585,-4.3433,9.9912,0.0,0.0,-902.21,-15.0,0.83479,12.986,25.635,4.5416,0.19821,0.0,-15.0,0.4221,20.0
195,2023-07-15,0.0,0.41402,9.325,30.425,20.0177083333333,-1.27,0.41402,-0.4216,0.072538,0.0,-7.5899,34.999,-4.8033,10.078,0.0,0.0,-894.4,-15.0,0.8484,13.796,26.008,5.0015,0.19821,0.0,-15.0,0.4221,20.0
196,2023-07-16,0.0,0.4318,10.125,31.8,21.578125,-1.27,0.4318,-0.51176,0.048319,0.0,-8.8599,35.431,-5.2672,10.148,0.0,0.0,-847.12,-15.0,0.75824,14.602,26.402,5.4654,0.19821,0.0,-15.0,0.4221,20.0
197,2023-07-17,0.0102,0.46736,11.6,31.9,21.653125,-1.2802,0.46736,-0.45335,0.071802,0.0,-10.14,35.898,-5.7383,10.218,0.0,0.0,-752.19,-15.0,0.82685,15.411,26.802,5.9365,0.19821,0.0,-15.0,0.4221,20.0
198,2023-07-18,0.0,0.4445,5.8,28.55,18.1614583333333,-2.54,0.4445,-0.46143,0.065027,0.0,-12.68,36.343,-6.2061,10.283,0.0,0.0,-699.69,-15.0,2.0786,17.483,27.205,6.4043,0.19821,0.0,-15.0,0.4221,20.0
199,2023-07-19,0.0,0.4191,5.7,27.475,18.4979166666667,0.0,0.4191,2.8522e-08,0.26995,0.0,-12.68,36.762,-6.2061,10.545,0.0,-3.5118,-710.52,-15.0,0.0,17.483,26.946,6.4043,0.19821,0.0,-15.0,0.4221,20.0
200,2023-07-20,0.0,0.43942,6.725,31.125,21.0604166666667,-1.27,0.43942,-0.50091,0.054329,0.0,-13.95,37.201,-6.6899,10.666,0.0,0.0,-687.36,-15.0,0.76909,18.271,27.307,6.8881,0.19821,0.0,-15.0,0.4221,20.0
201,2023-07-21,0.0,0.47244,9.5,35.65,23.0864583333333,0.0,0.47244,1.7113e-08,0.31573,0.0,-13.95,37.674,-6.6899,10.974,0.0,-3.5513,-697.98,-15.0,0.0,18.271,27.002,6.8881,0.19821,0.0,-15.0,0.4221,20.0
202,2023-07-22,0.0,0.46736,11.45,36.55,24.0,0.0,0.46736,7.2177e-09,0.3057,0.0,-13.95,38.141,-6.6899,11.282,0.0,-3.9959,-719.3,-15.0,0.0,18.271,26.69,6.8881,0.19821,0.0,-15.0,0.4221,20.0
203,2023-07-23,0.0,0.45974,9.95,36.05,24.60625,0.0,0.45974,1.2456e-08,0.29555,0.0,-13.95,38.601,-6.6899,11.578,0.0,-4.3613,-738.08,-15.0,0.0,18.271,26.389,6.8881,0.19821,0.0,-15.0,0.4221,20.0
204,2023-07-24,0.0,0.4699,12.925,36.925,24.6635416666667,0.0,0.4699,1.6007e-10,0.29903,0.0,-13.95,39.071,-6.6899,11.878,0.0,-4.5887,-752.94,-15.0,0.0,18.271,26.091,6.8881,0.19821,0.0,-15.0,0.4221,20.0
205,2023-07-25,0.0,0.46482,15.375,29.8,23.028125,0.0,0.46482,-1.3446e-08,0.29391,0.0,-13.95,39.536,-6.6899,12.172,0.0,-4.6953,-767.46,-15.0,0.0,18.271,25.794,6.8881,0.19821,0.0,-15.0,0.4221,20.0
206,2023-07-26,0.0,0.44958,10.725,30.1,20.25,0.0,0.44958,1.2267e-08,0.28326,0.0,-13.95,39.985,-6.6899,12.456,0.0,-4.8171,-782.06,-15.0,0.0,18.271,25.505,6.8881,0.19821,0.0,-15.0,0.4221,20.0
207,2023-07-27,0.0,0.34036,6.375,25.225,17.2885416666667,0.0,0.34036,-6.3446e-09,0.21438,0.0,-13.95,40.326,-6.6899,12.671,0.0,-4.9607,-796.04,-15.0,0.0,18.271,25.256,6.8881,0.19821,0.0,-15.0,0.4221,20.0
208,2023-07-28,0.0,0.36068,6.85,28.8,18.3135416666667,0.0,0.36068,1.2486e-08,0.22653,0.0,-13.95,40.686,-6.6899,12.897,0.0,-5.1176,-811.86,-15.0,0.0,18.271,25.035,6.8881,0.19821,0.0,-15.0,0.4221,20.0
209,2023-07-29,0.0,0.3937,7.725,31.125,20.24375,0.0,0.3937,7.7853e-09,0.24661,0.0,-13.95,41.08,-6.6899,13.144,0.0,-5.2849,-833.26,-15.0,0.0,18.271,24.799,6.8881,0.19821,0.0,-15.0,0.4221,20.0
210,2023-07-30,0.0,0.39116,9.075,32.525,21.4,0.0,0.39116,6.6066e-09,0.24456,0.0,-13.95,41.471,-6.6899,13.389,0.0,-5.4561,-863.06,-15.0,0.0,18.271,24.553,6.8881,0.19821,0.0,-15.0,0.4221,20.0
211,2023-07-31,0.0,0.41402,8.5,34.65,22.3989583333333,0.0,0.41402,1.1947e-08,0.25826,0.0,-13.95,41.885,-6.6899,13.647,0.0,-5.6182,-909.23,-15.0,0.0,18.271,24.301,6.8881,0.19821,0.0,-15.0,0.4221,20.0
212,2023-08-01,0.0,0.43942,14.525,35.1,24.5697916666667,0.0,0.43942,-7.3487e-09,0.25085,0.0,-13.95,42.325,-6.6899,13.909,0.0,-5.7533,-991.75,-15.0,0.0,18.271,24.035,6.8881,0.19821,0.0,-15.0,0.4221,20.0
213,2023-08-02,0.0,0.43688,10.225,34.525,23.2104166666667,0.0,0.43688,6.0973e-09,0.17828,0.0,-13.95,42.761,-6.6899,14.107,0.0,-5.837,-1116.9,-15.0,0.0,18.271,23.801,6.8881,0.19821,0.0,-15.0,0.4221,20.0
214,2023-08-03,0.0,0.39624,15.1,34.45,25.1635416666667,0.0,0.39624,-1.2711e-08,0.10376,0.0,-13.95,43.158,-6.6899,14.224,0.0,-5.8824,-1230.9,-15.0,0.0,18.271,23.647,6.8881,0.19821,0.0,-15.0,0.4221,20.0
215,2023-08-04,0.0,0.35814,14.8,32.1,22.8239583333333,0.0,0.35814,-1.2136e-08,0.058827,0.0,-13.95,43.516,-6.6899,14.291,0.0,-5.932,-1304.6,-15.0,0.0,18.271,23.557,6.8881,0.19821,0.0,-15.0,0.4221,20.0
216,2023-08-05,0.0051,0.19558,14.25,22.35,17.4322916666667,0.0,0.19558,1.4821e-08,0.02465,0.0,-13.95,43.711,-6.6899,14.318,0.0,-5.9819,-1343.9,-15.0,0.0,18.271,23.514,6.8881,0.19821,0.0,-15.0,0.4221,20.0
217,2023-08-06,0.0153,0.14986,10.4,18.3,15.1177083333333,0.0,0.14986,-1.1241e-08,0.014492,0.0,-13.95,43.861,-6.6899,14.334,0.0,-6.0305,-1364.2,-15.0,0.0,18.271,23.493,6.8881,0.19821,0.0,-15.0,0.4221,20.0
218,2023-08-07,0.0017,0.34036,7.9,28.625,17.475,0.0,0.34036,-2.5102e-09,0.019169,0.0,-13.95,44.202,-6.6899,14.355,0.0,-6.0776,-1383.5,-15.0,0.0,18.271,23.473,6.8881,0.19821,0.0,-15.0,0.4221,20.0
219,2023-08-08,0.0017,0.3556,8.675,30.1,19.2875,0.0,0.3556,8.5129e-09,0.013551,0.0,-13.95,44.557,-6.6899,14.37,0.0,-6.1231,-1398.3,-15.0,0.0,18.271,23.456,6.8881,0.19821,0.0,-15.0,0.4221,20.0
220,2023-08-09,0.0034,0.4064,13.025,28.9,20.1895833333333,0.0,0.4064,3.7726e-09,0.011693,0.0,-13.95,44.964,-6.6899,14.383,0.0,-6.1671,-1407.1,-15.0,0.0,18.271,23.442,6.8881,0.19821,0.0,-15.0,0.4221,20.0
221,2023-08-10,0.0,0.46228,12.7,27.5,19.2614583333333,0.0,0.46228,-1.0332e-09,0.01123,0.0,-13.95,45.426,-6.6899,14.394,0.0,-6.2096,-1412.6,-15.0,0.0,18.271,23.43,6.8881,0.19821,0.0,-15.0,0.4221,20.0
222,2023-08-11,0.0,0.39878,9.2,29.525,19.2677083333333,0.0,0.39878,-3.9945e-09,0.0093444,0.0,-13.95,45.825,-6.6899,14.404,0.0,-6.2506,-1416.2,-15.0,0.0,18.271,23.42,6.8881,0.19821,0.0,-15.0,0.4221,20.0
223,2023-08-12,0.0017,0.26924,9.75,31.875,18.0302083333333,0.0,0.26924,-5.1186e-09,0.0064219,0.0,-13.95,46.094,-6.6899,14.41,0.0,-6.2902,-1419.1,-15.0,0.0,18.271,23.412,6.8881,0.19821,0.0,-15.0,0.4221,20.0
224,2023-08-13,0.0,0.3556,8.125,28.05,18.1322916666667,0.0,0.3556,2.3647e-09,0.0079229,0.0,-13.95,46.449,-6.6899,14.418,0.0,-6.3285,-1421.7,-15.0,0.0,18.271,23.405,6.8881,0.19821,0.0,-15.0,0.4221,20.0
225,2023-08-14,0.0,0.41148,8.45,33.725,21.628125,0.0,0.41148,4.1109e-10,0.0087124,0.0,-13.95,46.861,-6.6899,14.427,0.0,-6.3654,-1424.5,-15.0,0.0,18.271,23.396,6.8881,0.19821,0.0,-15.0,0.4221,20.0
226,2023-08-15,0.0,0.43688,15.275,38.175,26.3229166666667,0.0,0.43688,2.1864e-09,0.0088695,0.0,-13.95,47.298,-6.6899,14.436,0.0,-6.4011,-1427.6,-15.0,0.0,18.271,23.388,6.8881,0.19821,0.0,-15.0,0.4221,20.0
227,2023-08-16,0.0,0.32258,15.85,29.2,22.63125,0.0,0.32258,1.4803e-08,0.0065532,0.0,-13.95,47.62,-6.6899,14.443,0.0,-6.4355,-1430.4,-15.0,0.0,18.271,23.38,6.8881,0.19821,0.0,-15.0,0.4221,20.0
228,2023-08-17,0.0,0.44958,11.65,36.825,24.23125,0.0,0.44958,-1.0052e-08,0.0085319,0.0,-13.95,48.07,-6.6899,14.451,0.0,-6.4687,-1433.2,-15.0,0.0,18.271,23.372,6.8881,0.19821,0.0,-15.0,0.4221,20.0
229,2023-08-18,0.0,0.55372,13.125,31.375,25.1322916666667,0.0,0.55372,-4.9295e-09,0.010055,0.0,-13.95,48.624,-6.6899,14.461,0.0,-6.5008,-1436.3,-15.0,0.0,18.271,23.363,6.8881,0.19821,0.0,-15.0,0.4221,20.0
230,2023-08-19,0.0,0.29972,6.5,20.4,14.4458333333333,0.0,0.29972,-3.0268e-09,0.0055474,0.0,-13.95,48.923,-6.6899,14.467,0.0,-6.5318,-1438.7,-15.0,0.0,18.271,23.355,6.8881,0.19821,0.0,-15.0,0.4221,20.0
231,2023-08-20,0.0,0.25146,11.95,22.0,17.2677083333333,0.0,0.25146,5.9117e-09,0.0045924,0.0,-13.95,49.175,-6.6899,14.472,0.0,-6.5617,-1440.8,-15.0,0.0,18.271,23.35,6.8881,0.19821,0.0,-15.0,0.4221,20.0
232,2023-08-21,0.0936,0.11938,14.325,17.525,16.1645833333333,0.0,0.11938,7.5306e-10,0.0022258,0.0,-13.95,49.294,-6.6899,14.474,0.0,-6.5906,-1442.1,-15.0,0.0,18.271,23.346,6.8881,0.19821,0.0,-15.0,0.4221,20.0
233,2023-08-22,0.277,0.36068,14.6,29.775,20.0697916666667,0.0,0.36068,9.7461e-09,0.0061977,0.0,-13.95,49.655,-6.6899,14.48,0.0,-6.6185,-1443.7,-15.0,0.0,18.271,23.342,6.8881,0.19821,0.0,-15.0,0.4221,20.0
234,2023-08-23,0.034,0.40386,14.275,25.6,19.2552083333333,0.0,0.40386,4.8858e-09,0.006724,0.0,-13.95,50.059,-6.6899,14.487,0.0,-6.6454,-1445.8,-15.0,0.0,18.271,23.336,6.8881,0.19821,0.0,-15.0,0.4221,20.0
235,2023-08-24,0.0,0.36322,8.625,27.575,17.959375,0.0,0.36322,-4.1437e-09,0.0059579,0.0,-13.95,50.422,-6.6899,14.493,0.0,-6.6714,-1447.9,-15.0,0.0,18.271,23.329,6.8881,0.19821,0.0,-15.0,0.4221,20.0
236,2023-08-25,0.0,0.28194,6.05,24.85,15.20625,0.0,0.28194,7.8726e-09,0.0046011,0.0,-13.95,50.704,-6.6899,14.497,0.0,-6.6965,-1449.6,-15.0,0.0,18.271,23.324,6.8881,0.19821,0.0,-15.0,0.4221,20.0
237,2023-08-26,0.0,0.3683,11.175,31.35,20.5875,0.0,0.3683,2.5975e-09,0.0058549,0.0,-13.95,51.072,-6.6899,14.503,0.0,-6.7208,-1451.2,-15.0,0.0,18.271,23.319,6.8881,0.19821,0.0,-15.0,0.4221,20.0
238,2023-08-27,0.0,0.32004,9.425,30.85,19.9802083333333,0.0,0.32004,-1.0237e-08,0.0050454,0.0,-13.95,51.392,-6.6899,14.508,0.0,-6.7442,-1452.7,-15.0,0.0,18.271,23.313,6.8881,0.19821,0.0,-15.0,0.4221,20.0
239,2023-08-28,0.0,0.29972,9.975,29.175,19.6802083333333,0.0,0.29972,-2.181e-09,0.0046815,0.0,-13.95,51.692,-6.6899,14.513,0.0,-6.7668,-1454.0,-15.0,0.0,18.271,23.308,6.8881,0.19821,0.0,-15.0,0.4221,20.0
240,2023-08-29,0.0119,0.37846,8.175,32.85,19.8739583333333,0.0,0.37846,-4.6239e-09,0.005809,0.0,-13.95,52.071,-6.6899,14.519,0.0,-6.7886,-1455.6,-15.0,0.0,18.271,23.303,6.8881,0.19821,0.0,-15.0,0.4221,20.0
241,2023-08-30,0.0017,0.46482,14.65,21.325,17.2072916666667,0.0,0.46482,-1.363e-08,0.0069729,0.0,-13.95,52.535,-6.6899,14.526,0.0,-6.8096,-1457.5,-15.0,0.0,18.271,23.297,6.8881,0.19821,0.0,-15.0,0.4221,20.0
242,2023-08-31,0.0051,0.37592,10.225,25.125,17.7479166666667,0.0,0.37592,6.1973e-09,0.0056632,0.0,-13.95,52.911,-6.6899,14.532,0.0,-6.83,-1459.2,-15.0,0.0,18.271,23.29,6.8881,0.19821,0.0,-15.0,0.4221,20.0
243,2023-09-01,0.0,0.28194,5.775,27.55,16.5385416666667,0.0,0.28194,1.3311e-08,0.089081,0.0,-13.95,53.193,-6.6899,14.576,0.0,-6.8496,-288.77,-15.0,0.0,18.271,23.288,6.8881,0.19821,0.0,-15.0,0.4221,20.0
244,2023-09-02,0.0,0.42926,11.8,32.7,21.6041666666667,0.0,0.42926,1.4867e-08,6.4773,0.0,-13.95,53.622,-6.6899,24.292,0.0,-6.8686,-324.57,-15.0,0.0,18.271,16.766,6.8881,0.19821,0.0,-116.05,0.278,20.0
245,2023-09-03,0.0,0.37084,16.15,29.1,21.7604166666667,0.0,0.37084,-9.6843e-09,1.6193,0.0,-13.95,53.993,-6.6899,26.721,0.0,-6.887,-497.38,-15.0,0.0,18.271,11.908,6.8881,0.19821,0.0,-649.34,0.1707,20.0
246,2023-09-04,0.3673,0.17272,10.95,18.825,14.1947916666667,0.0,0.17272,-5.9135e-09,0.40492,0.0,-13.95,54.166,-6.6899,27.329,0.0,-6.9046,-679.81,-15.0,0.0,18.271,10.693,6.8881,0.19821,0.0,-1230.37,0.1439,20.0
247,2023-09-05,0.0,0.27432,6.35,23.8,14.7916666666667,0.0,0.27432,6.019e-09,0.1012,0.0,-13.95,54.44,-6.6899,27.48,0.0,-6.9217,-762.02,-15.0,0.0,18.271,10.389,6.8881,0.19821,0.0,-1494.53,0.1372,20.0
248,2023-09-06,0.1821,0.3429,7.675,26.8,17.1239583333333,0.0,0.3429,5.7971e-09,0.025225,0.0,-13.95,54.783,-6.6899,27.518,0.0,-6.9382,-787.07,-15.0,0.0,18.271,10.314,6.8881,0.19821,0.0,-1574.97,0.1355,20.0
249,2023-09-07,0.0034,0.26924,7.6,25.825,16.9135416666667,0.0,0.26924,8.8639e-09,0.0062821,0.0,-13.95,55.052,-6.6899,27.528,0.0,-6.9541,-794.4,-15.0,0.0,18.271,10.295,6.8881,0.19821,0.0,-1598.7,0.1351,20.0
250,2023-09-08,0.7957,0.254,8.275,23.925,14.6697916666667,0.0,0.254,8.2582e-10,0.0,0.0,-13.95,55.306,-6.6899,27.528,0.0,-6.9695,-795.64,-15.0,0.0,18.271,10.292,6.8881,0.19821,0.0,-1602.76,0.135,20.0
251,2023-09-09,0.0068,0.21336,5.15,21.875,13.6958333333333,0.0,0.21336,8.0636e-09,0.0,0.0,-13.95,55.52,-6.6899,27.528,0.0,-6.9844,-795.7,-15.0,0.0,18.271,10.292,6.8881,0.19821,0.0,-1602.98,0.135,20.0
252,2023-09-10,0.0,0.23622,3.875,23.075,13.9447916666667,0.0,0.23622,-8.2273e-09,5.5552e-05,0.0,-13.95,55.756,-6.6899,27.528,0.0,-6.9987,-795.7,-15.0,0.0,18.271,10.292,6.8881,0.19821,0.0,-1602.99,0.135,20.0
253,2023-09-11,0.0,0.25146,4.475,27.375,15.6145833333333,0.0,0.25146,-5.9972e-09,0.0,0.0,-13.95,56.008,-6.6899,27.528,0.0,-7.0125,-795.7,-15.0,0.0,18.271,10.292,6.8881,0.19821,0.0,-1602.99,0.135,20.0
254,2023-09-12,0.0,0.2921,9.05,28.675,18.4947916666667,0.0,0.2921,-1.3533e-09,0.0,0.0,-13.95,56.3,-6.6899,27.528,0.0,-7.0259,-795.71,-15.0,0.0,18.271,10.292,6.8881,0.19821,0.0,-1602.99,0.135,20.0
255,2023-09-13,0.0,0.24638,9.5,23.875,17.503125,0.0,0.24638,9.2223e-10,1.3183e-05,0.0,-13.95,56.546,-6.6899,27.528,0.0,-7.0388,-795.7,-15.0,0.0,18.271,10.292,6.8881,0.19821,0.0,-1602.99,0.135,20.0
256,2023-09-14,0.0,0.21844,6.8,24.85,15.1583333333333,0.0,0.21844,-5.1186e-09,0.0,0.0,-13.95,56.764,-6.6899,27.528,0.0,-7.0512,-795.71,-15.0,0.0,18.271,10.292,6.8881,0.19821,0.0,-1602.99,0.135,20.0
257,2023-09-15,0.0,0.2921,3.9,27.15,15.390625,0.0,0.2921,1.1656e-08,7.1585e-05,0.0,-13.95,57.057,-6.6899,27.528,0.0,-7.0632,-795.7,-15.0,0.0,18.271,10.292,6.8881,0.19821,0.0,-1602.99,0.135,20.0
258,2023-09-16,0.0,0.32258,8.5,30.25,18.5375,0.0,0.32258,-7.9672e-09,0.0,0.0,-13.95,57.379,-6.6899,27.528,0.0,-7.0748,-795.71,-15.0,0.0,18.271,10.291,6.8881,0.19821,0.0,-1602.99,0.135,20.0
259,2023-09-17,0.0,0.46228,10.55,29.5,20.7541666666667,0.0,0.46228,-1.6134e-09,0.0,0.0,-13.95,57.841,-6.6899,27.528,0.0,-7.086,-795.7,-15.0,0.0,18.271,10.291,6.8881,0.19821,0.0,-1602.99,0.135,20.0
260,2023-09-18,0.0,0.37592,13.05,26.9,19.0833333333333,0.0,0.37592,1.1907e-08,0.0,0.0,-13.95,58.217,-6.6899,27.528,0.0,-7.0969,-795.72,-15.0,0.0,18.271,10.291,6.8881,0.19821,0.0,-1602.99,0.135,20.0
261,2023-09-19,0.0,0.20066,3.0,18.75,12.0010416666667,0.0,0.20066,-1.4561e-08,0.0,0.0,-13.95,58.418,-6.6899,27.528,0.0,-7.1073,-795.72,-15.0,0.0,18.271,10.291,6.8881,0.19821,0.0,-1602.99,0.135,20.0
262,2023-09-20,0.0,0.18288,2.7,17.475,10.528125,0.0,0.18288,-1.5016e-09,0.0,0.0,-13.95,58.601,-6.6899,27.528,0.0,-7.1174,-795.71,-15.0,0.0,18.271,10.291,6.8881,0.19821,0.0,-1602.99,0.135,20.0
263,2023-09-21,1.5719,0.04826,5.05,8.775,6.94375,0.0,0.04826,-5.7853e-09,0.0,0.0,-13.95,58.649,-6.6899,27.528,0.0,-7.1271,-795.71,-15.0,0.0,18.271,10.291,6.8881,0.19821,0.0,-1602.99,0.135,20.0
264,2023-09-22,2.6917,0.04572,8.4,12.425,10.015625,0.0,0.04572,2.0264e-09,7.8374e-06,0.0,-13.95,58.695,-6.6899,27.528,0.0,-7.1365,-795.7,-15.0,0.0,18.271,10.291,6.8881,0.19821,0.0,-1602.99,0.135,20.0
265,2023-09-23,1.0551,0.23622,8.3,20.55,13.1375,0.0,0.23622,8.5893e-09,0.0,0.0,-13.95,58.931,-6.6899,27.528,0.0,-7.1456,-795.71,-15.0,0.0,18.271,10.291,6.8881,0.19821,0.0,-1602.99,0.135,20.0
266,2023-09-24,0.0,0.2286,3.65,21.35,12.571875,0.0,0.2286,-1.3719e-08,0.0,0.0,-13.95,59.16,-6.6899,27.528,0.0,-7.1543,-795.71,-15.0,0.0,18.271,10.291,6.8881,0.19821,0.0,-1602.99,0.135,20.0
267,2023-09-25,0.0,0.22606,6.575,24.675,15.2,0.0,0.22606,8.481e-09,1.4365e-05,0.0,-13.95,59.386,-6.6899,27.528,0.0,-7.1628,-795.7,-15.0,0.0,18.271,10.291,6.8881,0.19821,0.0,-1602.99,0.135,20.0
268,2023-09-26,0.0,0.28956,11.85,26.8,18.5614583333333,0.0,0.28956,1.367e-08,9.5841e-05,0.0,-13.95,59.675,-6.6899,27.528,0.0,-7.171,-795.7,-15.0,0.0,18.271,10.291,6.8881,0.19821,0.0,-1602.99,0.135,20.0
269,2023-09-27,0.0,0.22098,5.15,20.725,11.69375,0.0,0.22098,-8.3219e-09,0.0,0.0,-13.95,59.896,-6.6899,27.528,0.0,-7.1789,-795.71,-15.0,0.0,18.271,10.291,6.8881,0.19821,0.0,-1602.99,0.135,20.0
270,2023-09-28,0.0,0.28702,5.575,17.625,10.6572916666667,0.0,0.28702,7.9581e-10,0.0,0.0,-13.95,60.183,-6.6899,27.528,0.0,-7.1865,-795.71,-15.0,0.0,18.271,10.291,6.8881,0.19821,0.0,-1602.99,0.135,20.0
271,2023-09-29,0.0,0.23114,2.725,17.25,10.365625,0.0,0.23114,-1.3397e-09,0.0,0.0,-13.95,60.414,-6.6899,27.528,0.0,-7.1938,-795.71,-15.0,0.0,18.271,10.291,6.8881,0.19821,0.0,-1602.99,0.135,20.0
272,2023-09-30,0.4336,0.06604,5.2,7.9,6.55416666666667,0.0,0.06604,1.3289e-08,0.0,0.0,-13.95,60.48,-6.6899,27.528,0.0,-7.2009,-795.7,-15.0,0.0,18.271,10.291,6.8881,0.19821,0.0,-1602.99,0.135,20.0
273,2023-10-01,1.8254,0.02286,4.6,6.725,5.85833333333333,0.02286,0.0,0.02286,0.0,0.0,-13.927,60.48,-6.6671,27.528,0.0,-23.904,-795.7,-15.0,0.0,18.271,10.268,6.8881,0.22107,0.0,-1602.99,0.135,20.0
274,2023-10-02,0.5516,0.21844,5.475,17.625,10.428125,0.21844,0.0,0.12178,0.0,0.0,-13.709,60.48,-6.497,27.528,0.0,-1000000.0,-795.7,-15.0,0.0,18.271,10.098,6.8881,0.39118,0.0,-1602.99,0.135,20.0
275,2023-10-03,0.034,0.13462,6.075,16.75,9.98958333333333,0.13462,0.0,9.984e-32,0.0,0.0,-13.574,60.48,-6.4969,27.528,0.0,-1000000.0,-795.7,-15.0,0.0,18.271,10.098,6.8881,0.39124,0.0,-1602.99,0.135,20.0
276,2023-10-04,0.0714,0.1905,3.925,19.875,10.321875,0.1905,0.0,9.984e-32,0.0,0.0,-13.384,60.48,-6.4969,27.528,0.0,-1000000.0,-795.7,-15.0,0.0,18.271,10.098,6.8881,0.39124,0.0,-1602.99,0.135,20.0
277,2023-10-05,0.0238,0.11938,-0.075,16.0,7.48645833333333,0.11938,0.0,9.984e-32,0.0,0.0,-13.264,60.48,-6.4969,27.528,0.0,-1000000.0,-795.7,-15.0,0.0,18.271,10.098,6.8881,0.39124,0.0,-1602.99,0.135,20.0
278,2023-10-06,0.0,0.19558,-0.65,19.325,8.75729166666667,0.19558,0.0,9.984e-32,0.0,0.0,-13.069,60.48,-6.4969,27.528,0.0,-1000000.0,-795.7,-15.0,0.0,18.271,10.098,6.8881,0.39124,0.0,-1602.99,0.135,20.0
279,2023-10-07,0.0,0.18796,5.85,23.825,12.925,0.18796,0.0,9.984e-32,0.0,0.0,-12.881,60.48,-6.4969,27.528,0.0,-1000000.0,-795.7,-15.0,0.0,18.271,10.098,6.8881,0.39124,0.0,-1602.99,0.135,20.0
280,2023-10-08,0.0,0.23368,1.95,25.2,13.0333333333333,0.23368,0.0,9.984e-32,0.0,0.0,-12.647,60.48,-6.4969,27.528,0.0,-1000000.0,-795.7,-15.0,0.0,18.271,10.098,6.8881,0.39124,0.0,-1602.99,0.135,20.0
281,2023-10-09,0.0,0.2413,4.225,26.0,14.55,0.2413,0.0,9.984e-32,0.0,0.0,-12.406,60.48,-6.4969,27.528,0.0,-1000000.0,-795.7,-15.0,0.0,18.271,10.098,6.8881,0.39124,0.0,-1602.99,0.135,20.0
282,2023-10-10,0.0766,0.21082,10.075,21.725,14.00625,0.21082,0.0,9.984e-32,0.0,0.0,-12.195,60.48,-6.4969,27.528,0.0,-1000000.0,-795.7,-15.0,0.0,18.271,10.098,6.8881,0.39124,0.0,-1602.99,0.135,20.0
283,2023-10-11,0.9952,0.15494,5.925,17.625,10.40625,0.15494,0.0,9.984e-32,0.0,0.0,-12.04,60.48,-6.4969,27.528,0.0,-1000000.0,-795.7,-15.0,0.0,18.271,10.098,6.8881,0.39124,0.0,-1602.99,0.135,20.0
284,2023-10-12,0.1887,0.02032,3.725,8.575,6.5375,0.02032,0.0,9.984e-32,0.0,0.0,-12.02,60.48,-6.4969,27.528,0.0,-1000000.0,-795.7,-15.0,0.0,18.271,10.098,6.8881,0.39124,0.0,-1602.99,0.135,20.0
285,2023-10-13,0.0306,0.07366,3.775,10.5,7.06875,0.07366,0.0,9.984e-32,0.0,0.0,-11.946,60.48,-6.4969,27.528,0.0,-1000000.0,-795.7,-15.0,0.0,18.271,10.098,6.8881,0.39124,0.0,-1602.99,0.135,20.0
286,2023-10-14,0.0085,0.13716,0.0,15.8,6.95833333333333,0.13716,0.0,9.984e-32,0.0,0.0,-11.809,60.48,-6.4969,27.528,0.0,-1000000.0,-795.7,-15.0,0.0,18.271,10.098,6.8881,0.39124,0.0,-1602.99,0.135,20.0
287,2023-10-15,0.0,0.1778,3.375,19.0,10.3677083333333,0.1778,0.0,9.984e-32,0.0,0.0,-11.631,60.48,-6.4969,27.528,0.0,-1000000.0,-795.7,-15.0,0.0,18.271,10.098,6.8881,0.39124,0.0,-1602.99,0.135,20.0
288,2023-10-16,0.0,0.18288,4.3,20.05,12.4822916666667,0.18288,0.0,9.984e-32,0.0,0.0,-11.448,60.48,-6.4969,27.528,0.0,-1000000.0,-795.7,-15.0,0.0,18.271,10.098,6.8881,0.39124,0.0,-1602.99,0.135,20.0
289,2023-10-17,0.0,0.24892,6.6,16.175,12.215625,0.24892,0.0,9.984e-32,0.0,0.0,-11.199,60.48,-6.4969,27.528,0.0,-1000000.0,-795.7,-15.0,0.0,18.271,10.098,6.8881,0.39124,0.0,-1602.99,0.135,20.0
290,2023-10-18,0.0,0.36322,6.2,19.9,12.8614583333333,0.36322,0.0,9.984e-32,0.0,0.0,-10.836,60.48,-6.4969,27.528,0.0,-1000000.0,-795.7,-15.0,0.0,18.271,10.098,6.8881,0.39124,0.0,-1602.99,0.135,20.0
291,2023-10-19,0.0,0.42164,11.4,27.0,18.1760416666667,0.42164,0.0,9.984e-32,0.0,0.0,-10.414,60.48,-6.4969,27.528,0.0,-1000000.0,-795.7,-15.0,0.0,18.271,10.098,6.8881,0.39124,0.0,-1602.99,0.135,20.0
292,2023-10-20,0.0,0.26924,3.375,25.65,15.0583333333333,0.26924,0.0,9.984e-32,0.0,0.0,-10.145,60.48,-6.4969,27.528,0.0,-1000000.0,-795.7,-15.0,0.0,18.271,10.098,6.8881,0.39124,0.0,-1602.99,0.135,20.0
293,2023-10-21,0.0,0.10922,-1.9,17.025,6.440625,0.10922,0.0,9.984e-32,0.0,0.0,-10.036,60.48,-6.4969,27.528,0.0,-1000000.0,-795.7,-15.0,0.0,18.271,10.098,6.8881,0.39124,0.0,-1602.99,0.135,20.0
294,2023-10-22,0.0765,0.06858,2.6,9.125,5.3875,0.06858,0.0,9.984e-32,0.0,0.0,-9.9674,60.48,-6.4969,27.528,0.0,-1000000.0,-795.7,-15.0,0.0,18.271,10.098,6.8881,0.39124,0.0,-1602.99,0.135,20.0
295,2023-10-23,0.4765,0.03302,0.825,5.0,3.42708333333333,0.03302,0.0,9.984e-32,0.0,0.0,-9.9344,60.48,-6.4969,27.528,0.0,-1000000.0,-795.7,-15.0,0.0,18.271,10.098,6.8881,0.39124,0.0,-1602.99,0.135,20.0
296,2023-10-24,0.0,0.02286,-8.1,0.8,-4.26875,0.02286,0.0,9.984e-32,0.0,0.0,-9.9115,60.48,-6.4969,27.528,0.0,-1000000.0,-795.7,-15.0,0.0,18.271,10.098,6.8881,0.39124,0.0,-1602.99,0.135,20.0
297,2023-10-25,0.0017,0.02794,-10.85,-4.875,-8.91458333333333,0.02794,0.0,9.984e-32,0.0,0.0,-9.8836,60.48,-6.4969,27.528,0.0,-1000000.0,-795.7,-15.0,0.0,18.271,10.098,6.8881,0.39124,0.0,-1602.99,0.135,20.0
298,2023-10-26,0.0,0.0254,-12.175,-4.675,-9.690625,0.0254,0.0,9.984e-32,0.0,0.0,-9.8582,60.48,-6.4969,27.528,0.0,-1000000.0,-795.7,-15.0,0.0,18.271,10.098,6.8881,0.39124,0.0,-1602.99,0.135,20.0
299,2023-10-27,0.0,0.02286,-18.325,-3.4,-11.734375,0.02286,0.0,9.984e-32,0.0,0.0,-9.8353,60.48,-6.4969,27.528,0.0,-1000000.0,-795.7,-15.0,0.0,18.271,10.098,6.8881,0.39124,0.0,-1602.99,0.135,20.0
300,2023-10-28,0.0,0.04064,-15.475,-2.525,-8.61458333333333,0.04064,0.0,9.984e-32,0.0,0.0,-9.7947,60.48,-6.4969,27.528,0.0,-1000000.0,-795.7,-15.0,0.0,18.271,10.098,6.8881,0.39124,0.0,-1602.99,0.135,20.0
301,2023-10-29,0.0034,0.06604,-8.975,0.4,-4.11875,0.06604,0.0,9.984e-32,0.0,0.0,-9.7286,60.48,-6.4969,27.528,0.0,-1000000.0,-795.7,-15.0,0.0,18.271,10.098,6.8881,0.39124,0.0,-1602.99,0.135,20.0
302,2023-10-30,0.0952,0.1016,-5.525,4.0,-0.882291666666667,0.1016,0.0,9.984e-32,0.0,0.0,-9.627,60.48,-6.4969,27.528,0.0,-1000000.0,-795.7,-15.0,0.0,18.271,10.098,6.8881,0.39124,0.0,-1602.99,0.135,20.0
303,2023-10-31,0.0,0.13462,-1.1,7.375,2.45104166666667,0.13462,0.0,9.984e-32,0.0,0.0,-9.4924,60.48,-6.4969,27.528,0.0,-1000000.0,-795.7,-15.0,0.0,18.271,10.098,6.8881,0.39124,0.0,-1602.99,0.135,20.0
304,2023-11-01,0.0,0.15748,-0.625,12.375,4.26770833333333,0.15748,0.0,9.984e-32,0.0,0.0,-9.3349,60.48,-6.4969,27.528,0.0,-1000000.0,-795.7,-15.0,0.0,18.271,10.098,6.8881,0.39124,0.0,-1602.99,0.135,20.0
305,2023-11-02,0.0068,0.11176,4.0,10.375,6.99583333333333,0.11176,0.0,9.984e-32,0.0,0.0,-9.2232,60.48,-6.4969,27.528,0.0,-1000000.0,-795.7,-15.0,0.0,18.271,10.098,6.8881,0.39124,0.0,-1602.99,0.135,20.0
306,2023-11-03,0.0017,0.14478,1.325,12.975,6.86979166666667,0.14478,0.0,9.984e-32,0.0,0.0,-9.0784,60.48,-6.4969,27.528,0.0,-1000000.0,-795.7,-15.0,0.0,18.271,10.098,6.8881,0.39124,0.0,-1602.99,0.135,20.0
307,2023-11-04,0.0136,0.1905,1.0,12.2,7.7375,0.1905,0.0,9.984e-32,0.0,0.0,-8.8879,60.48,-6.4969,27.528,0.0,-1000000.0,-795.7,-15.0,0.0,18.271,10.098,6.8881,0.39124,0.0,-1602.99,0.135,20.0
308,2023-11-05,0.0,0.23876,5.5,14.4,9.73368,0.23876,0.0,9.984e-32,0.0,0.0,-8.6491,60.48,-6.4969,27.528,0.0,-1000000.0,-795.7,-15.0,0.0,18.271,10.098,6.8881,0.39124,0.0,-1602.99,0.135,20.0
309,2023-11-06,0.0357,0.1143,0.475,10.45,6.26875,0.1143,0.0,9.984e-32,0.0,0.0,-8.5348,60.48,-6.4969,27.528,0.0,-1000000.0,-795.7,-15.0,0.0,18.271,10.098,6.8881,0.39124,0.0,-1602.99,0.135,20.0
310,2023-11-07,0.0,0.2032,2.85,9.9,5.97395833333333,0.2032,0.0,9.984e-32,0.0,0.0,-8.3316,60.48,-6.4969,27.528,0.0,-1000000.0,-795.7,-15.0,0.0,18.271,10.098,6.8881,0.39124,0.0,-1602.99,0.135,20.0
311,2023-11-08,0.0,0.12954,-3.3,9.425,2.68229166666667,0.12954,0.0,9.984e-32,0.0,0.0,-8.2021,60.48,-6.4969,27.528,0.0,-1000000.0,-795.7,-15.0,0.0,18.271,10.098,6.8881,0.39124,0.0,-1602.99,0.135,20.0
312,2023-11-09,0.0,0.12446,-4.575,10.3,1.196875,0.12446,0.0,9.984e-32,0.0,0.0,-8.0776,60.48,-6.4969,27.528,0.0,-1000000.0,-795.7,-15.0,0.0,18.271,10.098,6.8881,0.39124,0.0,-1602.99,0.135,20.0
313,2023-11-10,0.0,0.15494,-4.9,9.25,2.09583333333333,0.15494,0.0,9.984e-32,0.0,0.0,-7.9227,60.48,-6.4969,27.528,0.0,-1000000.0,-795.7,-15.0,0.0,18.271,10.098,6.8881,0.39124,0.0,-1602.99,0.135,20.0
314,2023-11-11,0.0,0.28956,0.45,13.25,6.24270833333333,0.28956,0.0,9.984e-32,0.0,0.0,-7.6331,60.48,-6.4969,27.528,0.0,-1000000.0,-795.7,-15.0,0.0,18.271,10.098,6.8881,0.39124,0.0,-1602.99,0.135,20.0
315,2023-11-12,0.0,0.13462,-0.625,11.25,4.853125,0.13462,0.0,9.984e-32,0.0,0.0,-7.4985,60.48,-6.4969,27.528,0.0,-1000000.0,-795.7,-15.0,0.0,18.271,10.098,6.8881,0.39124,0.0,-1602.99,0.135,20.0
316,2023-11-13,0.0,0.24892,-0.375,16.475,8.39895833333333,0.24892,0.0,9.984e-32,0.0,0.0,-7.2496,60.48,-6.4969,27.528,0.0,-1000000.0,-795.7,-15.0,0.0,18.271,10.098,6.8881,0.39124,0.0,-1602.99,0.135,20.0
317,2023-11-14,0.0,0.18542,-2.55,12.375,4.825,0.18542,0.0,9.984e-32,0.0,0.0,-7.0642,60.48,-6.4969,27.528,0.0,-1000000.0,-795.7,-15.0,0.0,18.271,10.098,6.8881,0.39124,0.0,-1602.99,0.135,20.0
318,2023-11-15,0.0,0.18796,0.05,14.775,7.56041666666667,0.18796,0.0,9.984e-32,0.0,0.0,-6.8762,60.48,-6.4969,27.528,0.0,-1000000.0,-795.7,-15.0,0.0,18.271,10.098,6.8881,0.39124,0.0,-1602.99,0.135,20.0
319,2023-11-16,0.3726,0.09906,-2.825,6.8,1.0,0.09906,0.0,9.984e-32,0.0,0.0,-6.7771,60.48,-6.4969,27.528,0.0,-1000000.0,-795.7,-15.0,0.0,18.271,10.098,6.8881,0.39124,0.0,-1602.99,0.135,20.0
320,2023-11-17,0.0,0.27432,3.15,13.75,7.25208333333333,0.27432,0.0,9.984e-32,0.0,0.0,-6.5028,60.48,-6.4969,27.528,0.0,-1000000.0,-795.7,-15.0,0.0,18.271,10.098,6.8881,0.39124,0.0,-1602.99,0.135,20.0
321,2023-11-18,0.0,0.19304,-0.125,13.35,5.53958333333333,0.19304,0.0,9.984e-32,0.0,0.0,-6.3098,60.48,-6.4969,27.528,0.0,-1000000.0,-795.7,-15.0,0.0,18.271,10.098,6.8881,0.39124,0.0,-1602.99,0.135,20.0
322,2023-11-19,0.0,0.18796,1.95,12.4,5.996875,0.18796,0.0,9.984e-32,0.0,0.0,-6.1218,60.48,-6.4969,27.528,0.0,-1000000.0,-795.7,-15.0,0.0,18.271,10.098,6.8881,0.39124,0.0,-1602.99,0.135,20.0
323,2023-11-20,0.0,0.1651,-1.325,8.125,2.86666666666667,0.1651,0.0,9.984e-32,0.0,0.0,-5.9567,60.48,-6.4969,27.528,0.0,-1000000.0,-795.7,-15.0,0.0,18.271,10.098,6.8881,0.39124,0.0,-1602.99,0.135,20.0
324,2023-11-21,0.0,0.33274,3.65,11.25,7.96145833333333,0.33274,0.0,9.984e-32,0.0,0.0,-5.624,60.48,-6.4969,27.528,0.0,-1000000.0,-795.7,-15.0,0.0,18.271,10.098,6.8881,0.39124,0.0,-1602.99,0.135,20.0
325,2023-11-22,0.0,0.1524,-1.925,10.625,5.92395833333333,0.1524,0.0,9.984e-32,0.0,0.0,-5.4716,60.48,-6.4969,27.528,0.0,-1000000.0,-795.7,-15.0,0.0,18.271,10.098,6.8881,0.39124,0.0,-1602.99,0.135,20.0
326,2023-11-23,0.0,0.01016,-5.6,-2.2,-4.47291666666667,0.01016,0.0,9.984e-32,0.0,0.0,-5.4614,60.48,-6.4969,27.528,0.0,-1000000.0,-795.7,-15.0,0.0,18.271,10.098,6.8881,0.39124,0.0,-1602.99,0.135,20.0
327,2023-11-24,0.0,0.01778,-12.725,-5.175,-6.821875,0.01778,0.0,9.984e-32,0.0,0.0,-5.4436,60.48,-6.4969,27.528,0.0,-1000000.0,-795.7,-15.0,0.0,18.271,10.098,6.8881,0.39124,0.0,-1602.99,0.135,20.0
328,2023-11-25,0.0527,0.06096,-10.375,3.575,-2.86458333333333,0.06096,0.0,9.984e-32,0.0,0.0,-5.3827,60.48,-6.4969,27.528,0.0,-1000000.0,-795.7,-15.0,0.0,18.271,10.098,6.8881,0.39124,0.0,-1602.99,0.135,20.0
329,2023-11-26,0.0,0.05842,-8.025,3.925,-2.55833333333333,0.05842,0.0,9.984e-32,0.0,0.0,-5.3243,60.48,-6.4969,27.528,0.0,-1000000.0,-795.7,-15.0,0.0,18.271,10.098,6.8881,0.39124,0.0,-1602.99,0.135,20.0
330,2023-11-27,0.0,0.18288,-6.825,7.8,1.12083333333333,0.18288,0.0,9.984e-32,0.0,0.0,-5.1414,60.48,-6.4969,27.528,0.0,-1000000.0,-795.7,-15.0,0.0,18.271,10.098,6.8881,0.39124,0.0,-1602.99,0.135,20.0
331,2023-11-28,0.0,0.28194,0.125,10.625,4.359375,0.28194,0.0,9.984e-32,0.0,0.0,-4.8594,60.48,-6.4969,27.528,0.0,-1000000.0,-795.7,-15.0,0.0,18.271,10.098,6.8881,0.39124,0.0,-1602.99,0.135,20.0
332,2023-11-29,0.0,0.10668,-10.025,7.975,0.0031249999999998,0.10668,0.0,9.984e-32,0.0,0.0,-4.7528,60.48,-6.4969,27.528,0.0,-1000000.0,-795.7,-15.0,0.0,18.271,10.098,6.8881,0.39124,0.0,-1602.99,0.135,20.0
333,2023-11-30,0.0,0.0254,-12.5,0.75,-7.184375,0.0254,0.0,9.984e-32,0.0,0.0,-4.7274,60.48,-6.4969,27.528,0.0,-1000000.0,-795.7,-15.0,0.0,18.271,10.098,6.8881,0.39124,0.0,-1602.99,0.135,20.0
334,2023-12-01,0.0,0.1143,-11.55,2.85,-2.70833333333333,0.1143,0.0,9.984e-32,0.0,0.0,-4.6131,60.48,-6.4969,27.528,0.0,-1000000.0,-795.7,-15.0,0.0,18.271,10.098,6.8881,0.39124,0.0,-1602.99,0.135,20.0
335,2023-12-02,0.0,0.1651,-2.725,4.55,0.510416666666667,0.1651,0.0,9.984e-32,0.0,0.0,-4.448,60.48,-6.4969,27.528,0.0,-1000000.0,-795.7,-15.0,0.0,18.271,10.098,6.8881,0.39124,0.0,-1602.99,0.135,20.0
336,2023-12-03,0.0,0.17018,-3.95,6.5,1.57916666666667,0.17018,0.0,9.984e-32,0.0,0.0,-4.2778,60.48,-6.4969,27.528,0.0,-1000000.0,-795.7,-15.0,0.0,18.271,10.098,6.8881,0.39124,0.0,-1602.99,0.135,20.0
337,2023-12-04,0.0,0.16256,-2.625,9.575,5.40729166666667,0.16256,0.0,9.984e-32,0.0,0.0,-4.1152,60.48,-6.4969,27.528,0.0,-1000000.0,-795.7,-15.0,0.0,18.271,10.098,6.8881,0.39124,0.0,-1602.99,0.135,20.0
338,2023-12-05,0.0,0.33782,9.525,15.325,12.5104166666667,0.33782,0.0,9.984e-32,0.0,0.0,-3.7774,60.48,-6.4969,27.528,0.0,-1000000.0,-795.7,-15.0,0.0,18.271,10.098,6.8881,0.39124,0.0,-1602.99,0.135,20.0
339,2023-12-06,0.0,0.25146,6.05,15.675,11.015625,0.25146,0.0,9.984e-32,0.0,0.0,-3.5259,60.48,-6.4969,27.528,0.0,-1000000.0,-795.7,-15.0,0.0,18.271,10.098,6.8881,0.39124,0.0,-1602.99,0.135,20.0
340,2023-12-07,0.0,0.09144,-3.225,8.15,3.30625,0.09144,0.0,9.984e-32,0.0,0.0,-3.4345,60.48,-6.4969,27.528,0.0,-1000000.0,-795.7,-15.0,0.0,18.271,10.098,6.8881,0.39124,0.0,-1602.99,0.135,20.0
341,2023-12-08,0.0068,0.03302,-10.3,5.75,-2.80833333333333,0.03302,0.0,9.984e-32,0.0,0.0,-3.4015,60.48,-6.4969,27.528,0.0,-1000000.0,-795.7,-15.0,0.0,18.271,10.098,6.8881,0.39124,0.0,-1602.99,0.135,20.0
342,2023-12-09,0.0,0.1397,-6.625,3.35,-1.165625,0.1397,0.0,9.984e-32,0.0,0.0,-3.2618,60.48,-6.4969,27.528,0.0,-1000000.0,-795.7,-15.0,0.0,18.271,10.098,6.8881,0.39124,0.0,-1602.99,0.135,20.0
343,2023-12-10,0.0,0.21082,0.875,6.65,3.815625,0.21082,0.0,9.984e-32,0.0,0.0,-3.051,60.48,-6.4969,27.528,0.0,-1000000.0,-795.7,-15.0,0.0,18.271,10.098,6.8881,0.39124,0.0,-1602.99,0.135,20.0
344,2023-12-11,0.148,0.04572,-3.725,3.875,0.255208333333333,0.04572,0.0,9.984e-32,0.0,0.0,-3.0052,60.48,-6.4969,27.528,0.0,-1000000.0,-795.7,-15.0,0.0,18.271,10.098,6.8881,0.39124,0.0,-1602.99,0.135,20.0
345,2023-12-12,0.0034,0.04064,-5.475,5.225,-1.43854166666667,0.04064,0.0,9.984e-32,0.0,0.0,-2.9646,60.48,-6.4969,27.528,0.0,-1000000.0,-795.7,-15.0,0.0,18.271,10.098,6.8881,0.39124,0.0,-1602.99,0.135,20.0
346,2023-12-13,0.0,0.13716,-4.75,9.0,0.878125,0.13716,0.0,9.984e-32,0.0,0.0,-2.8274,60.48,-6.4969,27.528,0.0,-1000000.0,-795.7,-15.0,0.0,18.271,10.098,6.8881,0.39124,0.0,-1602.99,0.135,20.0
347,2023-12-14,0.0,0.11684,-2.925,9.275,1.02604166666667,0.11684,0.0,9.984e-32,0.0,0.0,-2.7106,60.48,-6.4969,27.528,0.0,-1000000.0,-795.7,-15.0,0.0,18.271,10.098,6.8881,0.39124,0.0,-1602.99,0.135,20.0
348,2023-12-15,0.0,0.10668,-6.45,8.35,0.763541666666667,0.10668,0.0,9.984e-32,0.0,0.0,-2.6039,60.48,-6.4969,27.528,0.0,-1000000.0,-795.7,-15.0,0.0,18.271,10.098,6.8881,0.39124,0.0,-1602.99,0.135,20.0
349,2023-12-16,0.0,0.3302,4.125,11.3,7.08645833333333,0.3302,0.0,9.984e-32,0.0,0.0,-2.2737,60.48,-6.4969,27.528,0.0,-1000000.0,-795.7,-15.0,0.0,18.271,10.098,6.8881,0.39124,0.0,-1602.99,0.135,20.0
350,2023-12-17,0.0,0.06604,-7.75,5.325,-0.157291666666667,0.06604,0.0,9.984e-32,0.0,0.0,-2.2077,60.48,-6.4969,27.528,0.0,-1000000.0,-795.7,-15.0,0.0,18.271,10.098,6.8881,0.39124,0.0,-1602.99,0.135,20.0
351,2023-12-18,0.0,0.2286,-3.35,12.575,6.90833333333333,0.2286,0.0,9.984e-32,0.0,0.0,-1.9791,60.48,-6.4969,27.528,0.0,-1000000.0,-795.7,-15.0,0.0,18.271,10.098,6.8881,0.39124,0.0,-1602.99,0.135,20.0
352,2023-12-19,0.0085,0.19304,1.925,13.15,7.56458333333333,0.19304,0.0,9.984e-32,0.0,0.0,-1.786,60.48,-6.4969,27.528,0.0,-1000000.0,-795.7,-15.0,0.0,18.271,10.098,6.8881,0.39124,0.0,-1602.99,0.135,20.0
353,2023-12-20,0.0,0.20574,4.35,12.8,7.19166666666667,0.20574,0.0,9.984e-32,0.0,0.0,-1.5803,60.48,-6.4969,27.528,0.0,-1000000.0,-795.7,-15.0,0.0,18.271,10.098,6.8881,0.39124,0.0,-1602.99,0.135,20.0
354,2023-12-21,0.0,0.1651,-1.125,12.4,6.38125,0.1651,0.0,9.984e-32,0.0,0.0,-1.4152,60.48,-6.4969,27.528,0.0,-1000000.0,-795.7,-15.0,0.0,18.271,10.098,6.8881,0.39124,0.0,-1602.99,0.135,20.0
355,2023-12-22,0.0,0.2032,2.825,11.925,6.90625,0.2032,0.0,9.984e-32,0.0,0.0,-1.212,60.48,-6.4969,27.528,0.0,-1000000.0,-795.7,-15.0,0.0,18.271,10.098,6.8881,0.39124,0.0,-1602.99,0.135,20.0
356,2023-12-23,0.0,0.07366,-4.55,3.975,0.003125,0.07366,0.0,9.984e-32,0.0,0.0,-1.1383,60.48,-6.4969,27.528,0.0,-1000000.0,-795.7,-15.0,0.0,18.271,10.098,6.8881,0.39124,0.0,-1602.99,0.135,20.0
357,2023-12-24,0.0,0.0762,-9.675,3.125,-4.54375,0.0762,0.0,9.984e-32,0.0,0.0,-1.0621,60.48,-6.4969,27.528,0.0,-1000000.0,-795.7,-15.0,0.0,18.271,10.098,6.8881,0.39124,0.0,-1602.99,0.135,20.0
358,2023-12-25,0.0,0.12954,-10.325,5.575,-3.33541666666667,0.12954,0.0,9.984e-32,0.0,0.0,-0.93259,60.48,-6.4969,27.528,0.0,-1000000.0,-795.7,-15.0,0.0,18.271,10.098,6.8881,0.39124,0.0,-1602.99,0.135,20.0
359,2023-12-26,0.0,0.1651,-6.25,6.95,0.0583333333333333,0.1651,0.0,9.984e-32,0.0,0.0,-0.76749,60.48,-6.4969,27.528,0.0,-1000000.0,-795.7,-15.0,0.0,18.271,10.098,6.8881,0.39124,0.0,-1602.99,0.135,20.0
360,2023-12-27,0.0,0.09144,-6.775,7.3,-0.14375,0.09144,0.0,9.984e-32,0.0,0.0,-0.67605,60.48,-6.4969,27.528,0.0,-1000000.0,-795.7,-15.0,0.0,18.271,10.098,6.8881,0.39124,0.0,-1602.99,0.135,20.0
361,2023-12-28,0.0,0.1905,-2.8,11.65,4.85729166666667,0.1905,0.0,9.984e-32,0.0,0.0,-0.48555,60.48,-6.4969,27.528,0.0,-1000000.0,-795.7,-15.0,0.0,18.271,10.098,6.8881,0.39124,0.0,-1602.99,0.135,20.0
362,2023-12-29,0.0,0.07874,-5.25,10.55,1.37708333333333,0.07874,0.0,9.984e-32,0.0,0.0,-0.40681,60.48,-6.4969,27.528,0.0,-1000000.0,-795.7,-15.0,0.0,18.271,10.098,6.8881,0.39124,0.0,-1602.99,0.135,20.0
363,2023-12-30,0.0,0.03302,-8.125,7.625,-1.759375,0.03302,0.0,9.984e-32,0.0,0.0,-0.37379,60.48,-6.4969,27.528,0.0,-1000000.0,-795.7,-15.0,0.0,18.271,10.098,6.8881,0.39124,0.0,-1602.99,0.135,20.0
364,2023-12-31,0.0,0.10668,-7.525,10.125,0.734375,0.10668,0.0,9.984e-32,0.0,0.0,-0.26711,60.48,-6.4969,27.528,0.0,-1000000.0,-795.7,-15.0,0.0,18.271,10.098,6.8881,0.39124,0.0,-1602.99,0.135,20.0
365,2024-01-01,0.0,0.127,-4.5,7.55,0.603125,0.127,0.0,9.984e-32,0.0,0.0,-0.14011,60.48,-6.4969,27.528,0.0,-1000000.0,-795.7,-15.0,0.0,18.271,10.098,6.8881,0.39124,0.0,-1602.99,0.135,20.0
366,2024-01-02,0.0,0.11684,-4.275,6.675,-0.121875,0.11684,0.0,9.984e-32,0.0,0.0,-0.02327,60.48,-6.4969,27.528,0.0,-1000000.0,-795.7,-15.0,0.0,18.271,10.098,6.8881,0.39124,0.0,-1602.99,0.135,20.0
367,2024-01-03,0.0,0.04064,-11.325,4.075,-4.49895833333333,0.04064,0.0,9.984e-32,0.0,0.0,0.01737,60.48,-6.4969,27.528,0.0,-1000000.0,-795.7,-15.0,0.0,18.271,10.098,6.8881,0.39124,0.0,-1602.99,0.135,20.0
368,2024-01-04,0.0,0.11176,-4.1,7.425,0.45,0.11176,0.0,9.984e-32,0.0,0.0,0.12913,60.48,-6.4969,27.528,0.0,-1000000.0,-795.7,-15.0,0.0,18.271,10.098,6.8881,0.39124,0.0,-1602.99,0.135,20.0
369,2024-01-05,0.0,0.09144,-3.425,5.325,-0.651041666666667,0.09144,0.0,9.984e-32,0.0,0.0,0.22057,60.48,-6.4969,27.528,0.0,-1000000.0,-795.7,-15.0,0.0,18.271,10.098,6.8881,0.39124,0.0,-1602.99,0.135,20.0
370,2024-01-06,0.0,0.1524,-5.325,2.2,-0.451041666666667,0.1524,0.0,9.984e-32,0.0,0.0,0.37297,60.48,-6.4969,27.528,0.0,-1000000.0,-795.7,-15.0,0.0,18.271,10.098,6.8881,0.39124,0.0,-1602.99,0.135,20.0
371,2024-01-07,0.0,0.02794,-13.95,-5.325,-10.1489583333333,0.02794,0.0,9.984e-32,0.0,0.0,0.40091,60.48,-6.4969,27.528,0.0,-1000000.0,-795.7,-15.0,0.0,18.271,10.098,6.8881,0.39124,0.0,-1602.99,0.135,20.0
372,2024-01-08,0.0,0.08382,-18.125,-0.875,-8.43541666666667,0.08382,0.0,9.984e-32,0.0,0.0,0.48473,60.48,-6.4969,27.528,0.0,-1000000.0,-795.7,-15.0,0.0,18.271,10.098,6.8881,0.39124,0.0,-1602.99,0.135,20.0
373,2024-01-09,0.0,0.1905,-2.55,5.875,1.115625,0.1905,0.0,9.984e-32,0.0,0.0,0.67523,60.48,-6.4969,27.528,0.0,-1000000.0,-795.7,-15.0,0.0,18.271,10.098,6.8881,0.39124,0.0,-1602.99,0.135,20.0
374,2024-01-10,0.0,0.0381,-19.575,-6.725,-14.7020833333333,0.0381,0.0,9.984e-32,0.0,0.0,0.71333,60.48,-6.4969,27.528,0.0,-1000000.0,-795.7,-15.0,0.0,18.271,10.098,6.8881,0.39124,0.0,-1602.99,0.135,20.0
375,2024-01-11,0.0,0.01524,-30.025,-20.075,-24.8489583333333,0.01524,0.0,9.984e-32,0.0,0.0,0.72857,60.48,-6.4969,27.528,0.0,-1000000.0,-795.7,-15.0,0.0,18.271,10.098,6.8881,0.39124,0.0,-1602.99,0.135,20.0
376,2024-01-12,0.0,0.00508,-36.925,-30.275,-32.846875,0.00508,0.0,9.984e-32,0.0,0.0,0.73365,60.48,-6.4969,27.528,0.0,-1000000.0,-795.7,-15.0,0.0,18.271,10.098,6.8881,0.39124,0.0,-1602.99,0.135,20.0
377,2024-01-13,0.0,0.00762,-38.025,-21.85,-31.2628333333333,0.00762,0.0,9.984e-32,0.0,0.0,0.74127,60.48,-6.4969,27.528,0.0,-1000000.0,-795.7,-15.0,0.0,18.271,10.098,6.8881,0.39124,0.0,-1602.99,0.135,20.0
378,2024-01-14,0.0,0.00508,-34.025,-25.925,-29.0159565217391,0.00508,0.0,9.984e-32,0.0,0.0,0.74635,60.48,-6.4969,27.528,0.0,-1000000.0,-795.7,-15.0,0.0,18.271,10.098,6.8881,0.39124,0.0,-1602.99,0.135,20.0
379,2024-01-15,0.0,0.02032,-34.675,-15.075,-24.7677083333333,0.02032,0.0,9.984e-32,0.0,0.0,0.76667,60.48,-6.4969,27.528,0.0,-1000000.0,-795.7,-15.0,0.0,18.271,10.098,6.8881,0.39124,0.0,-1602.99,0.135,20.0
380,2024-01-16,0.0,0.07874,-14.65,-3.85,-8.19375,0.07874,0.0,9.984e-32,0.0,0.0,0.84541,60.48,-6.4969,27.528,0.0,-1000000.0,-795.7,-15.0,0.0,18.271,10.098,6.8881,0.39124,0.0,-1602.99,0.135,20.0
381,2024-01-17,0.0,0.01778,-18.825,-7.325,-13.5770833333333,0.01778,0.0,9.984e-32,0.0,0.0,0.86319,60.48,-6.4969,27.528,0.0,-1000000.0,-795.7,-15.0,0.0,18.271,10.098,6.8881,0.39124,0.0,-1602.99,0.135,20.0
382,2024-01-18,0.0,0.01651,-27.575,-12.375,-19.2677083333333,0.01651,0.0,9.984e-32,0.0,0.0,0.8797,60.48,-6.4969,27.528,0.0,-1000000.0,-795.7,-15.0,0.0,18.271,10.098,6.8881,0.39124,0.0,-1602.99,0.135,20.0
383,2024-01-19,0.0,0.01524,-28.575,-12.7,-19.715625,0.01524,0.0,9.984e-32,0.0,0.0,0.89494,60.48,-6.4969,27.528,0.0,-1000000.0,-795.7,-15.0,0.0,18.271,10.098,6.8881,0.39124,0.0,-1602.99,0.135,20.0
384,2024-01-20,0.4186,0.1143,-16.0,6.175,1.03854166666667,0.1143,0.0,9.984e-32,0.0,0.0,1.0092,60.48,-6.4969,27.528,0.0,-1000000.0,-795.7,-15.0,0.0,18.271,10.098,6.8881,0.39124,0.0,-1602.99,0.135,20.0
385,2024-01-21,0.0,0.12954,0.775,8.775,5.02708333333333,0.12954,0.0,9.984e-32,0.0,0.0,1.1388,60.48,-6.4969,27.528,0.0,-1000000.0,-795.7,-15.0,0.0,18.271,10.098,6.8881,0.39124,0.0,-1602.99,0.135,20.0
386,2024-01-22,0.0,0.0381,-10.225,-2.65,-6.46979166666667,0.0381,0.0,9.984e-32,0.0,0.0,1.1769,60.48,-6.4969,27.528,0.0,-1000000.0,-795.7,-15.0,0.0,18.271,10.098,6.8881,0.39124,0.0,-1602.99,0.135,20.0
387,2024-01-23,0.0,0.15494,0.925,9.4,4.725,0.15494,0.0,9.984e-32,0.0,0.0,1.3318,60.48,-6.4969,27.528,0.0,-1000000.0,-795.7,-15.0,0.0,18.271,10.098,6.8881,0.39124,0.0,-1602.99,0.135,20.0
388,2024-01-24,0.0,0.14732,-1.15,8.75,3.42916666666667,0.14732,0.0,9.984e-32,0.0,0.0,1.4791,60.48,-6.4969,27.528,0.0,-1000000.0,-795.7,-15.0,0.0,18.271,10.098,6.8881,0.39124,0.0,-1602.99,0.135,20.0
389,2024-01-25,0.0,0.1651,0.275,10.45,4.19270833333333,0.1651,0.0,9.984e-32,0.0,0.0,1.6442,60.48,-6.4969,27.528,0.0,-1000000.0,-795.7,-15.0,0.0,18.271,10.098,6.8881,0.39124,0.0,-1602.99,0.135,20.0
390,2024-01-26,0.0,0.19304,-0.3,8.1,2.88125,0.19304,0.0,9.984e-32,0.0,0.0,1.8373,60.48,-6.4969,27.528,0.0,-1000000.0,-795.7,-15.0,0.0,18.271,10.098,6.8881,0.39124,0.0,-1602.99,0.135,20.0
391,2024-01-27,0.0,0.20574,0.125,8.925,5.6375,0.20574,0.0,9.984e-32,0.0,0.0,2.043,60.48,-6.4969,27.528,0.0,-1000000.0,-795.7,-15.0,0.0,18.271,10.098,6.8881,0.39124,0.0,-1602.99,0.135,20.0
392,2024-01-28,0.0,0.26162,5.35,14.75,9.24791666666667,0.26162,0.0,9.984e-32,0.0,0.0,2.3046,60.48,-6.4969,27.528,0.0,-1000000.0,-795.7,-15.0,0.0,18.271,10.098,6.8881,0.39124,0.0,-1602.99,0.135,20.0
393,2024-01-29,0.0,0.22352,4.125,16.85,8.81145833333333,0.22352,0.0,9.984e-32,0.0,0.0,2.5282,60.48,-6.4969,27.528,0.0,-1000000.0,-795.7,-15.0,0.0,18.271,10.098,6.8881,0.39124,0.0,-1602.99,0.135,20.0
394,2024-01-30,0.0,0.24892,3.65,17.025,9.86875,0.24892,0.0,9.984e-32,0.0,0.0,2.7771,60.48,-6.4969,27.528,0.0,-1000000.0,-795.7,-15.0,0.0,18.271,10.098,6.8881,0.39124,0.0,-1602.99,0.135,20.0
395,2024-01-31,0.0,0.2413,1.325,16.275,8.66041666666667,0.2413,0.0,9.984e-32,0.0,0.0,3.0184,60.48,-6.4969,27.528,0.0,-1000000.0,-795.7,-15.0,0.0,18.271,10.098,6.8881,0.39124,0.0,-1602.99,0.135,20.0
396,2024-02-01,0.0,0.19558,4.5,16.625,8.975,0.19558,0.0,9.984e-32,0.0,0.0,3.214,60.48,-6.4969,27.528,0.0,-1000000.0,-795.7,-15.0,0.0,18.271,10.098,6.8881,0.39124,0.0,-1602.99,0.135,20.0
397,2024-02-02,0.0,0.08128,3.0,13.65,6.56770833333333,0.08128,0.0,9.984e-32,0.0,0.0,3.2952,60.48,-6.4969,27.528,0.0,-1000000.0,-795.7,-15.0,0.0,18.271,10.098,6.8881,0.39124,0.0,-1602.99,0.135,20.0
398,2024-02-03,0.6331,0.03048,-0.875,5.0,2.81458333333333,0.03048,0.0,9.984e-32,0.0,0.0,3.3257,60.48,-6.4969,27.528,0.0,-1000000.0,-795.7,-15.0,0.0,18.271,10.098,6.8881,0.39124,0.0,-1602.99,0.135,20.0
399,2024-02-04,0.0,0.0381,-10.075,-0.85,-4.96666666666667,0.0381,0.0,9.984e-32,0.0,0.0,3.3638,60.48,-6.4969,27.528,0.0,-1000000.0,-795.7,-15.0,0.0,18.271,10.098,6.8881,0.39124,0.0,-1602.99,0.135,20.0
400,2024-02-05,0.3507,0.04572,-14.275,4.2,-6.19791666666667,0.04572,0.0,9.984e-32,0.0,0.0,3.4095,60.48,-6.4969,27.528,0.0,-1000000.0,-795.7,-15.0,0.0,18.271,10.098,6.8881,0.39124,0.0,-1602.99,0.135,20.0
401,2024-02-06,0.0034,0.02794,-13.925,-2.275,-8.09895833333333,0.02794,0.0,9.984e-32,0.0,0.0,3.4375,60.48,-6.4969,27.528,0.0,-1000000.0,-795.7,-15.0,0.0,18.271,10.098,6.8881,0.39124,0.0,-1602.99,0.135,20.0
402,2024-02-07,0.0,0.03302,-6.575,-2.35,-5.09375,0.03302,0.0,9.984e-32,0.0,0.0,3.4705,60.48,-6.4969,27.528,0.0,-1000000.0,-795.7,-15.0,0.0,18.271,10.098,6.8881,0.39124,0.0,-1602.99,0.135,20.0
403,2024-02-08,0.1496,0.0381,-5.5,-0.85,-3.32916666666667,0.0381,0.0,9.984e-32,0.0,0.0,3.5086,60.48,-6.4969,27.528,0.0,-1000000.0,-795.7,-15.0,0.0,18.271,10.098,6.8881,0.39124,0.0,-1602.99,0.135,20.0
404,2024-02-09,0.0,0.0381,-11.6,-1.95,-6.17708333333333,0.0381,0.0,9.984e-32,0.0,0.0,3.5467,60.48,-6.4969,27.528,0.0,-1000000.0,-795.7,-15.0,0.0,18.271,10.098,6.8881,0.39124,0.0,-1602.99,0.135,20.0
405,2024-02-10,0.0068,0.06858,-16.5,-0.425,-6.90208333333333,0.06858,0.0,9.984e-32,0.0,0.0,3.6153,60.48,-6.4969,27.528,0.0,-1000000.0,-795.7,-15.0,0.0,18.271,10.098,6.8881,0.39124,0.0,-1602.99,0.135,20.0
406,2024-02-11,0.2856,0.0762,-2.65,2.9,-0.260416666666667,0.0762,0.0,9.984e-32,0.0,0.0,3.6915,60.48,-6.4969,27.528,0.0,-1000000.0,-795.7,-15.0,0.0,18.271,10.098,6.8881,0.39124,0.0,-1602.99,0.135,20.0
407,2024-02-12,0.0,0.07112,-2.375,3.275,0.904166666666667,0.07112,0.0,9.984e-32,0.0,0.0,3.7626,60.48,-6.4969,27.528,0.0,-1000000.0,-795.7,-15.0,0.0,18.271,10.098,6.8881,0.39124,0.0,-1602.99,0.135,20.0
408,2024-02-13,0.0,0.03556,-8.525,-2.425,-4.91979166666667,0.03556,0.0,9.984e-32,0.0,0.0,3.7982,60.48,-6.4969,27.528,0.0,-1000000.0,-795.7,-15.0,0.0,18.271,10.098,6.8881,0.39124,0.0,-1602.99,0.135,20.0
409,2024-02-14,0.0527,0.03175,-15.45,-6.025,-10.5802083333333,0.03175,0.0,9.984e-32,0.0,0.0,3.8299,60.48,-6.4969,27.528,0.0,-1000000.0,-795.7,-15.0,0.0,18.271,10.098,6.8881,0.39124,0.0,-1602.99,0.135,20.0
410,2024-02-15,0.0,0.02794,-20.3,-6.575,-12.5083333333333,0.02794,0.0,9.984e-32,0.0,0.0,3.8578,60.48,-6.4969,27.528,0.0,-1000000.0,-795.7,-15.0,0.0,18.271,10.098,6.8881,0.39124,0.0,-1602.99,0.135,20.0
411,2024-02-16,0.0,0.03302,-26.225,-9.9,-17.0583333333333,0.03302,0.0,9.984e-32,0.0,0.0,3.8909,60.48,-6.4969,27.528,0.0,-1000000.0,-795.7,-15.0,0.0,18.271,10.098,6.8881,0.39124,0.0,-1602.99,0.135,20.0
412,2024-02-17,0.0476,0.0889,-19.975,0.725,-9.134375,0.0889,0.0,9.984e-32,0.0,0.0,3.9798,60.48,-6.4969,27.528,0.0,-1000000.0,-795.7,-15.0,0.0,18.271,10.098,6.8881,0.39124,0.0,-1602.99,0.135,20.0
413,2024-02-18,0.0017,0.1524,-5.3,3.525,-0.666666666666667,0.1524,0.0,9.984e-32,0.0,0.0,4.1322,60.48,-6.4969,27.528,0.0,-1000000.0,-795.7,-15.0,0.0,18.271,10.098,6.8881,0.39124,0.0,-1602.99,0.135,20.0
414,2024-02-19,0.0,0.1016,-2.725,5.0,0.8375,0.1016,0.0,9.984e-32,0.0,0.0,4.2338,60.48,-6.4969,27.528,0.0,-1000000.0,-795.7,-15.0,0.0,18.271,10.098,6.8881,0.39124,0.0,-1602.99,0.135,20.0
415,2024-02-20,0.0,0.17526,1.275,6.45,3.92604166666667,0.17526,0.0,9.984e-32,0.0,0.0,4.409,60.48,-6.4969,27.528,0.0,-1000000.0,-795.7,-15.0,0.0,18.271,10.098,6.8881,0.39124,0.0,-1602.99,0.135,20.0
416,2024-02-21,0.0,0.13462,-2.675,7.325,2.640625,0.13462,0.0,9.984e-32,0.0,0.0,4.5436,60.48,-6.4969,27.528,0.0,-1000000.0,-795.7,-15.0,0.0,18.271,10.098,6.8881,0.39124,0.0,-1602.99,0.135,20.0
417,2024-02-22,0.0,0.127,-1.6,8.0,2.21666666666667,0.127,0.0,9.984e-32,0.0,0.0,4.6706,60.48,-6.4969,27.528,0.0,-1000000.0,-795.7,-15.0,0.0,18.271,10.098,6.8881,0.39124,0.0,-1602.99,0.135,20.0
418,2024-02-23,0.0,0.20066,0.775,7.175,3.728125,0.20066,0.0,9.984e-32,0.0,0.0,4.8713,60.48,-6.4969,27.528,0.0,-1000000.0,-795.7,-15.0,0.0,18.271,10.098,6.8881,0.39124,0.0,-1602.99,0.135,20.0
419,2024-02-24,0.0,0.17018,3.225,6.725,4.67395833333333,0.17018,0.0,9.984e-32,0.0,0.0,5.0415,60.48,-6.4969,27.528,0.0,-1000000.0,-795.7,-15.0,0.0,18.271,10.098,6.8881,0.39124,0.0,-1602.99,0.135,20.0
420,2024-02-25,0.0,0.26162,3.05,9.575,5.99791666666667,0.26162,0.0,9.984e-32,0.0,0.0,5.3031,60.48,-6.4969,27.528,0.0,-1000000.0,-795.7,-15.0,0.0,18.271,10.098,6.8881,0.39124,0.0,-1602.99,0.135,20.0
421,2024-02-26,0.0,0.09398,-15.95,4.475,-6.221875,0.09398,0.0,9.984e-32,0.0,0.0,5.3971,60.48,-6.4969,27.528,0.0,-1000000.0,-795.7,-15.0,0.0,18.271,10.098,6.8881,0.39124,0.0,-1602.99,0.135,20.0
422,2024-02-27,0.0,0.0508,-18.425,-8.475,-13.90625,0.0508,0.0,9.984e-32,0.0,0.0,5.4479,60.48,-6.4969,27.528,0.0,-1000000.0,-795.7,-15.0,0.0,18.271,10.098,6.8881,0.39124,0.0,-1602.99,0.135,20.0
423,2024-02-28,0.0,0.22352,-9.975,7.75,1.85104166666667,0.22352,0.0,9.984e-32,0.0,0.0,5.6714,60.48,-6.4969,27.528,0.0,-1000000.0,-795.7,-15.0,0.0,18.271,10.098,6.8881,0.39124,0.0,-1602.99,0.135,20.0
424,2024-02-29,0.0646,0.3302,1.35,12.825,7.26354166666667,0.3302,0.0,9.984e-32,0.0,0.0,6.0016,60.48,-6.4969,27.528,0.0,-1000000.0,-795.7,-15.0,0.0,18.271,10.098,6.8881,0.39124,0.0,-1602.99,0.135,20.0
425,2024-03-01,0.0,0.19558,-2.85,6.6,0.96875,0.19558,0.0,9.984e-32,0.0,0.0,6.1972,60.48,-6.4969,27.528,0.0,-1000000.0,-795.7,-15.0,0.0,18.271,10.098,6.8881,0.39124,0.0,-1602.99,0.135,20.0
426,2024-03-02,0.0,0.04064,-14.575,-2.4,-8.82083333333333,0.04064,0.0,9.984e-32,0.0,0.0,6.2378,60.48,-6.4969,27.528,0.0,-1000000.0,-795.7,-15.0,0.0,18.271,10.098,6.8881,0.39124,0.0,-1602.99,0.135,20.0
427,2024-03-03,0.0,0.04318,-19.4,-7.625,-14.0395833333333,0.04318,0.0,9.984e-32,0.0,0.0,6.281,60.48,-6.4969,27.528,0.0,-1000000.0,-795.7,-15.0,0.0,18.271,10.098,6.8881,0.39124,0.0,-1602.99,0.135,20.0
428,2024-03-04,0.0,0.05334,-19.35,-8.55,-14.5427083333333,0.05334,0.0,9.984e-32,0.0,0.0,6.3343,60.48,-6.4969,27.528,0.0,-1000000.0,-795.7,-15.0,0.0,18.271,10.098,6.8881,0.39124,0.0,-1602.99,0.135,20.0
429,2024-03-05,0.0068,0.09144,-20.725,2.425,-10.4072916666667,0.09144,0.0,9.984e-32,0.0,0.0,6.4258,60.48,-6.4969,27.528,0.0,-1000000.0,-795.7,-15.0,0.0,18.271,10.098,6.8881,0.39124,0.0,-1602.99,0.135,20.0
430,2024-03-06,0.0,0.0762,-12.35,-2.275,-8.83020833333333,0.0762,0.0,9.984e-32,0.0,0.0,6.502,60.48,-6.4969,27.528,0.0,-1000000.0,-795.7,-15.0,0.0,18.271,10.098,6.8881,0.39124,0.0,-1602.99,0.135,20.0
431,2024-03-07,0.0068,0.11684,-12.275,4.875,-4.01666666666667,0.11684,0.0,9.984e-32,0.0,0.0,6.6188,60.48,-6.4969,27.528,0.0,-1000000.0,-795.7,-15.0,0.0,18.271,10.098,6.8881,0.39124,0.0,-1602.99,0.135,20.0
432,2024-03-08,0.0,0.3175,-8.075,11.85,1.52083333333333,0.3175,0.0,9.984e-32,0.0,0.0,6.9363,60.48,-6.4969,27.528,0.0,-1000000.0,-795.7,-15.0,0.0,18.271,10.098,6.8881,0.39124,0.0,-1602.99,0.135,20.0
433,2024-03-09,0.0,0.41656,1.225,14.1,6.75,0.41656,0.0,9.984e-32,0.0,0.0,7.3529,60.48,-6.4969,27.528,0.0,-1000000.0,-795.7,-15.0,0.0,18.271,10.098,6.8881,0.39124,0.0,-1602.99,0.135,20.0
434,2024-03-10,0.0,0.31242,1.325,12.9,6.64926086956522,0.31242,0.0,9.984e-32,0.0,0.0,7.6653,60.48,-6.4969,27.528,0.0,-1000000.0,-795.7,-15.0,0.0,18.271,10.098,6.8881,0.39124,0.0,-1602.99,0.135,20.0
435,2024-03-11,0.0,0.2159,1.025,10.2,5.228125,0.2159,0.0,9.984e-32,0.0,0.0,7.8812,60.48,-6.4969,27.528,0.0,-1000000.0,-795.7,-15.0,0.0,18.271,10.098,6.8881,0.39124,0.0,-1602.99,0.135,20.0
436,2024-03-12,0.0,0.23876,-1.85,12.2,5.45416666666667,0.23876,0.0,9.984e-32,0.0,0.0,8.12,60.48,-6.4969,27.528,0.0,-1000000.0,-795.7,-15.0,0.0,18.271,10.098,6.8881,0.39124,0.0,-1602.99,0.135,20.0
437,2024-03-13,0.0,0.13716,-2.375,8.375,2.35729166666667,0.13716,0.0,9.984e-32,0.0,0.0,8.2571,60.48,-6.4969,27.528,0.0,-1000000.0,-795.7,-15.0,0.0,18.271,10.098,6.8881,0.39124,0.0,-1602.99,0.135,20.0
438,2024-03-14,0.0,0.13716,-4.35,8.9,1.35104166666667,0.13716,0.0,9.984e-32,0.0,0.0,8.3943,60.48,-6.4969,27.528,0.0,-1000000.0,-795.7,-15.0,0.0,18.271,10.098,6.8881,0.39124,0.0,-1602.99,0.135,20.0
439,2024-03-15,0.0,0.22098,-4.525,16.125,5.12604166666667,0.22098,0.0,9.984e-32,0.0,0.0,8.6153,60.48,-6.4969,27.528,0.0,-1000000.0,-795.7,-15.0,0.0,18.271,10.098,6.8881,0.39124,0.0,-1602.99,0.135,20.0
440,2024-03-16,0.0,0.1651,-3.65,16.375,4.690625,0.1651,0.0,9.984e-32,0.0,0.0,8.7804,60.48,-6.4969,27.528,0.0,-1000000.0,-795.7,-15.0,0.0,18.271,10.098,6.8881,0.39124,0.0,-1602.99,0.135,20.0
441,2024-03-17,0.0034,0.18288,-4.35,14.925,4.671875,0.18288,0.0,9.984e-32,0.0,0.0,8.9632,60.48,-6.4969,27.528,0.0,-1000000.0,-795.7,-15.0,0.0,18.271,10.098,6.8881,0.39124,0.0,-1602.99,0.135,20.0
442,2024-03-18,0.0,0.2921,2.6,20.15,10.6947916666667,0.2921,0.0,9.984e-32,0.0,0.0,9.2553,60.48,-6.4969,27.528,0.0,-1000000.0,-795.7,-15.0,0.0,18.271,10.098,6.8881,0.39124,0.0,-1602.99,0.135,20.0
443,2024-03-19,0.0,0.22098,-1.125,14.625,6.62916666666667,0.22098,0.0,9.984e-32,0.0,0.0,9.4763,60.48,-6.4969,27.528,0.0,-1000000.0,-795.7,-15.0,0.0,18.271,10.098,6.8881,0.39124,0.0,-1602.99,0.135,20.0
444,2024-03-20,0.0,0.06604,-4.0,1.15,-1.53645833333333,0.06604,0.0,9.984e-32,0.0,0.0,9.5424,60.48,-6.4969,27.528,0.0,-1000000.0,-795.7,-15.0,0.0,18.271,10.098,6.8881,0.39124,0.0,-1602.99,0.135,20.0
445,2024-03-21,0.0,0.1143,-6.2,4.125,-2.79270833333333,0.1143,0.0,9.984e-32,0.0,0.0,9.6567,60.48,-6.4969,27.528,0.0,-1000000.0,-795.7,-15.0,0.0,18.271,10.098,6.8881,0.39124,0.0,-1602.99,0.135,20.0
446,2024-03-22,0.0068,0.06858,-7.225,-2.675,-5.24166666666667,0.06858,0.0,9.984e-32,0.0,0.0,9.7252,60.48,-6.4969,27.528,0.0,-1000000.0,-795.7,-15.0,0.0,18.271,10.098,6.8881,0.39124,0.0,-1602.99,0.135,20.0
447,2024-03-23,0.0,0.0381,-7.325,-4.725,-5.84375,0.0381,0.0,9.984e-32,0.0,0.0,9.7633,60.48,-6.4969,27.528,0.0,-1000000.0,-795.7,-15.0,0.0,18.271,10.098,6.8881,0.39124,0.0,-1602.99,0.135,20.0
448,2024-03-24,0.1939,0.07874,-9.675,-1.6,-6.70833333333333,0.07874,0.0,9.984e-32,0.0,0.0,9.8421,60.48,-6.4969,27.528,0.0,-1000000.0,-795.7,-15.0,0.0,18.271,10.098,6.8881,0.39124,0.0,-1602.99,0.135,20.0
449,2024-03-25,0.1241,0.11938,-10.475,0.65,-5.609375,0.11938,0.0,9.984e-32,0.0,0.0,9.9615,60.48,-6.4969,27.528,0.0,-1000000.0,-795.7,-15.0,0.0,18.271,10.098,6.8881,0.39124,0.0,-1602.99,0.135,20.0
450,2024-03-26,0.0238,0.1397,-8.45,7.1,-2.5,0.1397,0.0,9.984e-32,0.0,0.0,10.101,60.48,-6.4969,27.528,0.0,-1000000.0,-795.7,-15.0,0.0,18.271,10.098,6.8881,0.39124,0.0,-1602.99,0.135,20.0
451,2024-03-27,0.0,0.24638,-0.9,9.25,4.10833333333333,0.24638,0.0,9.984e-32,0.0,0.0,10.348,60.48,-6.4969,27.528,0.0,-1000000.0,-795.7,-15.0,0.0,18.271,10.098,6.8881,0.39124,0.0,-1602.99,0.135,20.0
452,2024-03-28,0.0,0.13208,-0.825,7.6,4.4,0.13208,0.0,9.984e-32,0.0,0.0,10.48,60.48,-6.4969,27.528,0.0,-1000000.0,-795.7,-15.0,0.0,18.271,10.098,6.8881,0.39124,0.0,-1602.99,0.135,20.0
453,2024-03-29,0.0,0.09398,-2.175,3.4,-0.265625,0.09398,0.0,9.984e-32,0.0,0.0,10.574,60.48,-6.4969,27.528,0.0,-1000000.0,-795.7,-15.0,0.0,18.271,10.098,6.8881,0.39124,0.0,-1602.99,0.135,20.0
454,2024-03-30,0.0,0.1143,-4.425,4.025,-1.42604166666667,0.1143,0.0,9.984e-32,0.0,0.0,10.688,60.48,-6.4969,27.528,0.0,-1000000.0,-795.7,-15.0,0.0,18.271,10.098,6.8881,0.39124,0.0,-1602.99,0.135,20.0
455,2024-03-31,0.0595,0.04064,-6.175,1.55,-2.26875,0.04064,0.0,9.984e-32,0.0,0.0,10.729,60.48,-6.4969,27.528,0.0,-1000000.0,-795.7,-15.0,0.0,18.271,10.098,6.8881,0.39124,0.0,-1602.99,0.135,20.0
456,2024-04-01,0.0,0.24892,-4.7,16.05,5.675,0.0,0.24892,9.984e-32,0.0,0.0,10.729,60.729,-6.4969,27.528,0.0,-1000000.0,-1600.0,-15.0,0.0,18.271,10.098,6.8881,0.39124,0.0,-1602.99,0.135,20.0
457,2024-04-02,0.0,0.38354,2.475,23.775,12.5416666666667,0.0,0.38354,9.984e-32,0.0,0.0,10.729,61.113,-6.4969,27.528,0.0,-1000000.0,-1600.0,-15.0,0.0,18.271,10.098,6.8881,0.39124,0.0,-1602.99,0.135,20.0
458,2024-04-03,0.2415,0.33274,5.975,18.15,12.9125,0.0,0.33274,9.984e-32,0.0,0.0,10.729,61.446,-6.4969,27.528,0.0,-1000000.0,-1600.0,-15.0,0.0,18.271,10.098,6.8881,0.39124,0.0,-1602.99,0.135,20.0
459,2024-04-04,1.6113,0.05334,0.0,6.225,3.659375,0.0,0.05334,9.984e-32,0.0,0.0,10.729,61.499,-6.4969,27.528,0.0,-1000000.0,-1600.0,-15.0,0.0,18.271,10.098,6.8881,0.39124,0.0,-1602.99,0.135,20.0
460,2024-04-05,0.2193,0.04064,-0.2,2.925,0.844791666666667,0.0,0.04064,9.984e-32,0.0,0.0,10.729,61.54,-6.4969,27.528,0.0,-1000000.0,-1600.0,-15.0,0.0,18.271,10.098,6.8881,0.39124,0.0,-1602.99,0.135,20.0
461,2024-04-06,0.5678,0.05334,-1.45,1.45,0.084375,0.0,0.05334,9.984e-32,0.0,0.0,10.729,61.593,-6.4969,27.528,0.0,-1000000.0,-1600.0,-15.0,0.0,18.271,10.098,6.8881,0.39124,0.0,-1602.99,0.135,20.0
462,2024-04-07,0.7909,0.09906,-0.375,6.275,2.84166666666667,0.0,0.09906,9.984e-32,0.0,0.0,10.729,61.692,-6.4969,27.528,0.0,-1000000.0,-1600.0,-15.0,0.0,18.271,10.098,6.8881,0.39124,0.0,-1602.99,0.135,20.0
463,2024-04-08,0.0,0.25654,-1.0,11.95,5.259375,0.0,0.25654,9.984e-32,0.0,0.0,10.729,61.949,-6.4969,27.528,0.0,-1000000.0,-1600.0,-15.0,0.0,18.271,10.098,6.8881,0.39124,0.0,-1602.99,0.135,20.0
464,2024-04-09,0.0051,0.36322,4.225,15.375,8.84270833333333,0.0,0.36322,9.984e-32,0.0,0.0,10.729,62.312,-6.4969,27.528,0.0,-1000000.0,-1600.0,-15.0,0.0,18.271,10.098,6.8881,0.39124,0.0,-1602.99,0.135,20.0
465,2024-04-10,0.0085,0.2286,-0.65,12.075,5.19375,0.0,0.2286,9.984e-32,0.0,0.0,10.729,62.54,-6.4969,27.528,0.0,-1000000.0,-1600.0,-15.0,0.0,18.271,10.098,6.8881,0.39124,0.0,-1602.99,0.135,20.0
466,2024-04-11,0.0,0.30734,-2.4,16.925,7.57708333333333,0.0,0.30734,9.984e-32,0.0,0.0,10.729,62.848,-6.4969,27.528,0.0,-1000000.0,-1600.0,-15.0,0.0,18.271,10.098,6.8881,0.39124,0.0,-1602.99,0.135,20.0
467,2024-04-12,0.0,0.3048,1.7,22.475,11.86875,0.0,0.3048,9.984e-32,0.0,0.0,10.729,63.153,-6.4969,27.528,0.0,-1000000.0,-1600.0,-15.0,0.0,18.271,10.098,6.8881,0.39124,0.0,-1602.99,0.135,20.0
468,2024-04-13,0.0,0.381,7.675,22.875,14.7541666666667,0.0,0.381,9.984e-32,0.0,0.0,10.729,63.534,-6.4969,27.528,0.0,-1000000.0,-1600.0,-15.0,0.0,18.271,10.098,6.8881,0.39124,0.0,-1602.99,0.135,20.0
469,2024-04-14,0.0901,0.30988,3.5,23.4,13.3427083333333,0.0,0.30988,9.984e-32,0.0,0.0,10.729,63.843,-6.4969,27.528,0.0,-1000000.0,-1600.0,-15.0,0.0,18.271,10.098,6.8881,0.39124,0.0,-1602.99,0.135,20.0
470,2024-04-15,0.0,0.2921,5.65,21.35,12.6125,0.0,0.2921,9.984e-32,0.0,0.0,10.729,64.136,-6.4969,27.528,0.0,-1000000.0,-1600.0,-15.0,0.0,18.271,10.098,6.8881,0.39124,0.0,-1602.99,0.135,20.0
471,2024-04-16,0.0,0.26162,-3.375,13.25,5.696875,0.0,0.26162,9.984e-32,0.0,0.0,10.729,64.397,-6.4969,27.528,0.0,-1000000.0,-1600.0,-15.0,0.0,18.271,10.098,6.8881,0.39124,0.0,-1602.99,0.135,20.0
472,2024-04-17,0.0102,0.11938,-6.675,1.025,-1.67708333333333,0.0,0.11938,9.984e-32,0.0,0.0,10.729,64.517,-6.4969,27.528,0.0,-1000000.0,-1600.0,-15.0,0.0,18.271,10.098,6.8881,0.39124,0.0,-1602.99,0.135,20.0
473,2024-04-18,0.0,0.1397,-8.675,3.975,-1.83020833333333,0.0,0.1397,9.984e-32,0.0,0.0,10.729,64.656,-6.4969,27.528,0.0,-1000000.0,-1600.0,-15.0,0.0,18.271,10.098,6.8881,0.39124,0.0,-1602.99,0.135,20.0
474,2024-04-19,0.0,0.10414,-11.625,1.4,-3.765625,0.0,0.10414,9.984e-32,0.0,0.0,10.729,64.76,-6.4969,27.528,0.0,-1000000.0,-1600.0,-15.0,0.0,18.271,10.098,6.8881,0.39124,0.0,-1602.99,0.135,20.0
475,2024-04-20,0.0,0.23622,-11.75,9.7,-0.378125,0.0,0.23622,9.984e-32,0.0,0.0,10.729,64.997,-6.4969,27.528,0.0,-1000000.0,-1600.0,-15.0,0.0,18.271,10.098,6.8881,0.39124,0.0,-1602.99,0.135,20.0
476,2024-04-21,0.0,0.43434,-0.725,17.125,8.09166666666667,0.0,0.43434,9.984e-32,0.0,0.0,10.729,65.431,-6.4969,27.528,0.0,-1000000.0,-1600.0,-15.0,0.0,18.271,10.098,6.8881,0.39124,0.0,-1602.99,0.135,20.0
477,2024-04-22,0.0,0.35052,0.575,15.9,7.528125,0.0,0.35052,9.984e-32,0.0,0.0,10.729,65.781,-6.4969,27.528,0.0,-1000000.0,-1600.0,-15.0,0.0,18.271,10.098,6.8881,0.39124,0.0,-1602.99,0.135,20.0
478,2024-04-23,0.0,0.32512,-3.2,16.0,7.665625,0.0,0.32512,9.984e-32,0.0,0.0,10.729,66.107,-6.4969,27.528,0.0,-1000000.0,-1600.0,-15.0,0.0,18.271,10.098,6.8881,0.39124,0.0,-1602.99,0.135,20.0
479,2024-04-24,0.0,0.44704,0.75,22.975,13.1,0.0,0.44704,9.984e-32,0.0,0.0,10.729,66.554,-6.4969,27.528,0.0,-1000000.0,-1600.0,-15.0,0.0,18.271,10.098,6.8881,0.39124,0.0,-1602.99,0.135,20.0
480,2024-04-25,0.0,0.27432,1.325,18.175,12.0291666666667,0.0,0.27432,9.984e-32,0.0,0.0,10.729,66.828,-6.4969,27.528,0.0,-1000000.0,-1600.0,-15.0,0.0,18.271,10.098,6.8881,0.39124,0.0,-1602.99,0.135,20.0
481,2024-04-26,0.0,0.254,-1.7,14.925,7.89166666666667,0.0,0.254,9.984e-32,0.0,0.0,10.729,67.082,-6.4969,27.528,0.0,-1000000.0,-1600.0,-15.0,0.0,18.271,10.098,6.8881,0.39124,0.0,-1602.99,0.135,20.0
482,2024-04-27,0.5938,0.12954,3.95,8.65,5.98020833333333,0.0,0.12954,9.984e-32,0.0,0.0,10.729,67.211,-6.4969,27.528,0.0,-1000000.0,-1600.0,-15.0,0.0,18.271,10.098,6.8881,0.39124,0.0,-1602.99,0.135,20.0
483,2024-04-28,0.0034,0.35306,4.075,15.6,9.42604166666667,0.0,0.35306,9.984e-32,0.0,0.0,10.729,67.565,-6.4969,27.528,0.0,-1000000.0,-1600.0,-15.0,0.0,18.271,10.098,6.8881,0.39124,0.0,-1602.99,0.135,20.0
484,2024-04-29,0.0,0.32004,2.575,13.0,7.91770833333333,0.0,0.32004,9.984e-32,0.0,0.0,10.729,67.885,-6.4969,27.528,0.0,-1000000.0,-1600.0,-15.0,0.0,18.271,10.098,6.8881,0.39124,0.0,-1602.99,0.135,20.0
485,2024-04-30,0.0,0.29464,-2.9,12.2,4.46041666666667,0.0,0.29464,9.984e-32,0.0,0.0,10.729,68.179,-6.4969,27.528,0.0,-1000000.0,-1600.0,-15.0,0.0,18.271,10.098,6.8881,0.39124,0.0,-1602.99,0.135,20.0
486,2024-05-01,0.1156,0.19558,-5.575,8.2,2.05,0.0,0.19558,9.984e-32,0.0,0.0,10.729,68.375,-6.4969,27.528,0.0,-1000000.0,-1600.0,-15.0,0.0,18.271,10.098,6.8881,0.39124,0.0,-1602.99,0.135,20.0
487,2024-05-02,0.4098,0.13208,-0.425,5.45,1.63333333333333,0.0,0.13208,9.984e-32,0.0,0.0,10.729,68.507,-6.4969,27.528,0.0,-1000000.0,-1600.0,-15.0,0.0,18.271,10.098,6.8881,0.39124,0.0,-1602.99,0.135,20.0
488,2024-05-03,0.0119,0.19558,-1.4,9.775,3.46041666666667,0.0,0.19558,9.984e-32,0.0,0.0,10.729,68.702,-6.4969,27.528,0.0,-1000000.0,-1600.0,-15.0,0.0,18.271,10.098,6.8881,0.39124,0.0,-1602.99,0.135,20.0
489,2024-05-04,0.0,0.32766,-3.95,15.875,7.5375,0.0,0.32766,9.984e-32,0.0,0.0,10.729,69.03,-6.4969,27.528,0.0,-1000000.0,-1600.0,-15.0,0.0,18.271,10.098,6.8881,0.39124,0.0,-1602.99,0.135,20.0
490,2024-05-05,0.0,0.22606,4.325,15.525,9.046875,0.0,0.22606,9.984e-32,0.0,0.0,10.729,69.256,-6.4969,27.528,0.0,-1000000.0,-1600.0,-15.0,0.0,18.271,10.098,6.8881,0.39124,0.0,-1602.99,0.135,20.0
491,2024-05-06,0.0,0.30226,4.3,16.0,9.90520833333333,0.0,0.30226,9.984e-32,0.0,0.0,10.729,69.558,-6.4969,27.528,0.0,-1000000.0,-1600.0,-15.0,0.0,18.271,10.098,6.8881,0.39124,0.0,-1602.99,0.135,20.0
492,2024-05-07,1.4485,0.12954,0.85,8.225,5.53229166666667,0.0,0.12954,9.984e-32,0.0,0.0,10.729,69.688,-6.4969,27.528,0.0,-1000000.0,-1600.0,-15.0,0.0,18.271,10.098,6.8881,0.39124,0.0,-1602.99,0.135,20.0
493,2024-05-08,1.0762,0.04572,0.1,4.125,1.85866666666667,0.0,0.04572,9.984e-32,0.0,0.0,10.729,69.734,-6.4969,27.528,0.0,-1000000.0,-1600.0,-15.0,0.0,18.271,10.098,6.8881,0.39124,0.0,-1602.99,0.135,20.0
494,2024-05-09,0.1497,0.2667,3.95,17.55,9.71458333333333,0.0,0.2667,9.984e-32,0.0,0.0,10.729,70.0,-6.4969,27.528,0.0,-1000000.0,-1600.0,-15.0,0.0,18.271,10.098,6.8881,0.39124,0.0,-1602.99,0.135,20.0
495,2024-05-10,0.0034,0.39878,1.6,21.575,12.615625,0.0,0.39878,9.984e-32,0.0,0.0,10.729,70.399,-6.4969,27.528,0.0,-1000000.0,-1600.0,-15.0,0.0,18.271,10.098,6.8881,0.39124,0.0,-1602.99,0.135,20.0
496,2024-05-11,0.0,0.42926,6.8,26.0,17.175,0.0,0.42926,9.984e-32,0.0,0.0,10.729,70.828,-6.4969,27.528,0.0,-1000000.0,-1600.0,-15.0,0.0,18.271,10.098,6.8881,0.39124,0.0,-1602.99,0.135,20.0
497,2024-05-12,0.0,0.42418,5.625,25.6,15.7104166666667,0.0,0.42418,9.984e-32,0.0,0.0,10.729,71.253,-6.4969,27.528,0.0,-1000000.0,-1600.0,-15.0,0.0,18.271,10.098,6.8881,0.39124,0.0,-1602.99,0.135,20.0
498,2024-05-13,0.0391,0.381,7.9,24.775,15.6208333333333,0.0,0.381,9.984e-32,0.0,0.0,10.729,71.634,-6.4969,27.528,0.0,-1000000.0,-1600.0,-15.0,0.0,18.271,10.098,6.8881,0.39124,0.0,-1602.99,0.135,20.0
499,2024-05-14,0.1395,0.21844,7.225,16.45,11.0875,0.0,0.21844,9.984e-32,0.0,0.0,10.729,71.852,-6.4969,27.528,0.0,-1000000.0,-1600.0,-15.0,0.0,18.271,10.098,6.8881,0.39124,0.0,-1602.99,0.135,20.0
500,2024-05-15,0.0,0.35814,7.6,21.575,14.1708333333333,0.0,0.35814,9.984e-32,0.0,0.0,10.729,72.21,-6.4969,27.528,0.0,-1000000.0,-1600.0,-15.0,0.0,18.271,10.098,6.8881,0.39124,0.0,-1602.99,0.135,20.0
501,2024-05-16,0.0,0.48006,9.725,23.3,16.353125,0.0,0.48006,9.984e-32,0.0,0.0,10.729,72.69,-6.4969,27.528,0.0,-1000000.0,-1600.0,-15.0,0.0,18.271,10.098,6.8881,0.39124,0.0,-1602.99,0.135,20.0
502,2024-05-17,0.1243,0.36068,1.95,15.95,10.1802083333333,0.0,0.36068,9.984e-32,0.0,0.0,10.729,73.051,-6.4969,27.528,0.0,-1000000.0,-1600.0,-15.0,0.0,18.271,10.098,6.8881,0.39124,0.0,-1602.99,0.135,20.0
503,2024-05-18,0.0,0.35306,0.0,15.525,8.0875,0.0,0.35306,9.984e-32,0.0,0.0,10.729,73.404,-6.4969,27.528,0.0,-1000000.0,-1600.0,-15.0,0.0,18.271,10.098,6.8881,0.39124,0.0,-1602.99,0.135,20.0
504,2024-05-19,0.1803,0.24892,2.325,13.25,7.271875,0.0,0.24892,9.984e-32,0.0,0.0,10.729,73.653,-6.4969,27.528,0.0,-1000000.0,-1600.0,-15.0,0.0,18.271,10.098,6.8881,0.39124,0.0,-1602.99,0.135,20.0
505,2024-05-20,0.0051,0.29718,-1.125,15.275,6.74583333333333,0.0,0.29718,9.984e-32,0.0,0.0,10.729,73.95,-6.4969,27.528,0.0,-1000000.0,-1600.0,-15.0,0.0,18.271,10.098,6.8881,0.39124,0.0,-1602.99,0.135,20.0
506,2024-05-21,0.0085,0.28956,-1.2,16.0,8.71770833333333,0.0,0.28956,9.984e-32,0.0,0.0,10.729,74.24,-6.4969,27.528,0.0,-1000000.0,-1600.0,-15.0,0.0,18.271,10.098,6.8881,0.39124,0.0,-1602.99,0.135,20.0
507,2024-05-22,0.7844,0.23368,6.175,14.175,9.075,0.0,0.23368,9.984e-32,0.0,0.0,10.729,74.473,-6.4969,27.528,0.0,-1000000.0,-1600.0,-15.0,0.0,18.271,10.098,6.8881,0.39124,0.0,-1602.99,0.135,20.0
508,2024-05-23,0.3556,0.25654,3.85,12.85,8.15520833333333,0.0,0.25654,9.984e-32,0.0,0.0,10.729,74.73,-6.4969,27.528,0.0,-1000000.0,-1600.0,-15.0,0.0,18.271,10.098,6.8881,0.39124,0.0,-1602.99,0.135,20.0
509,2024-05-24,0.0,0.39878,4.65,17.3,10.7052083333333,0.0,0.39878,9.984e-32,0.0,0.0,10.729,75.129,-6.4969,27.528,0.0,-1000000.0,-1600.0,-15.0,0.0,18.271,10.098,6.8881,0.39124,0.0,-1602.99,0.135,20.0
510,2024-05-25,0.0,0.31496,1.35,18.525,9.8625,0.0,0.31496,9.984e-32,0.0,0.0,10.729,75.444,-6.4969,27.528,0.0,-1000000.0,-1600.0,-15.0,0.0,18.271,10.098,6.8881,0.39124,0.0,-1602.99,0.135,20.0
511,2024-05-26,0.0,0.42164,4.45,18.125,10.9333333333333,0.0,0.42164,9.984e-32,0.0,0.0,10.729,75.865,-6.4969,27.528,0.0,-1000000.0,-1600.0,-15.0,0.0,18.271,10.098,6.8881,0.39124,0.0,-1602.99,0.135,20.0
512,2024-05-27,0.0,0.41148,3.15,22.95,13.8697916666667,0.0,0.41148,9.984e-32,0.0,0.0,10.729,76.277,-6.4969,27.528,0.0,-1000000.0,-1600.0,-15.0,0.0,18.271,10.098,6.8881,0.39124,0.0,-1602.99,0.135,20.0
513,2024-05-28,0.0885,0.4699,2.975,27.05,15.3177083333333,0.0,0.4699,9.984e-32,0.0,0.0,10.729,76.747,-6.4969,27.528,0.0,-1000000.0,-1600.0,-15.0,0.0,18.271,10.098,6.8881,0.39124,0.0,-1602.99,0.135,20.0
514,2024-05-29,0.2349,0.41148,7.775,18.825,13.6041666666667,0.0,0.41148,9.984e-32,0.0,0.0,10.729,77.158,-6.4969,27.528,0.0,-1000000.0,-1600.0,-15.0,0.0,18.271,10.098,6.8881,0.39124,0.0,-1602.99,0.135,20.0
515,2024-05-30,0.0,0.36576,2.35,16.8,10.0135416666667,0.0,0.36576,9.984e-32,0.0,0.0,10.729,77.524,-6.4969,27.528,0.0,-1000000.0,-1600.0,-15.0,0.0,18.271,10.098,6.8881,0.39124,0.0,-1602.99,0.135,20.0
516,2024-05-31,0.0,0.40132,0.8,19.7,10.6260416666667,0.0,0.40132,9.984e-32,0.0,0.0,10.729,77.925,-6.4969,27.528,0.0,-1000000.0,-1600.0,-15.0,0.0,18.271,10.098,6.8881,0.39124,0.0,-1602.99,0.135,20.0
517,2024-06-01,0.0,0.3683,0.05,22.075,12.871875,0.0,0.3683,9.984e-32,0.0,0.0,10.729,78.294,-6.4969,27.528,0.0,-1000000.0,-1600.3,-15.0,0.0,18.271,10.098,6.8881,0.39124,0.0,-1602.99,0.135,20.0
518,2024-06-02,0.0,0.41148,7.875,21.3,15.5416666666667,0.0,0.41148,9.984e-32,0.0,0.0,10.729,78.705,-6.4969,27.528,0.0,-1000000.0,-1600.3,-15.0,0.0,18.271,10.098,6.8881,0.39124,0.0,-1602.99,0.135,20.0
519,2024-06-03,0.0,0.46482,8.275,19.75,14.65,0.0,0.46482,9.984e-32,0.0,0.0,10.729,79.17,-6.4969,27.528,0.0,-1000000.0,-1600.3,-15.0,0.0,18.271,10.098,6.8881,0.39124,0.0,-1602.99,0.135,20.0
520,2024-06-04,0.0,0.47752,7.375,19.7,12.3802083333333,0.0,0.47752,9.984e-32,0.0,0.0,10.729,79.647,-6.4969,27.528,0.0,-1000000.0,-1600.3,-15.0,0.0,18.271,10.098,6.8881,0.39124,0.0,-1602.99,0.135,20.0
521,2024-06-05,0.0,0.4445,7.375,22.775,14.9489583333333,0.0,0.4445,9.984e-32,0.0,0.0,10.729,80.092,-6.4969,27.528,0.0,-1000000.0,-1600.3,-15.0,0.0,18.271,10.098,6.8881,0.39124,0.0,-1602.99,0.135,20.0
522,2024-06-06,0.0,0.44196,3.6,25.925,15.89375,0.0,0.44196,9.984e-32,0.0,0.0,10.729,80.534,-6.4969,27.528,0.0,-1000000.0,-1600.3,-15.0,0.0,18.271,10.098,6.8881,0.39124,0.0,-1602.99,0.135,20.0
523,2024-06-07,0.0,0.42672,6.225,21.75,15.04375,0.0,0.42672,9.984e-32,0.0,0.0,10.729,80.961,-6.4969,27.528,0.0,-1000000.0,-1600.3,-15.0,0.0,18.271,10.098,6.8881,0.39124,0.0,-1602.99,0.135,20.0
524,2024-06-08,0.0,0.41656,3.55,23.05,14.2875,0.0,0.41656,9.984e-32,0.0,0.0,10.729,81.377,-6.4969,27.528,0.0,-1000000.0,-1600.3,-15.0,0.0,18.271,10.098,6.8881,0.39124,0.0,-1602.99,0.135,20.0
525,2024-06-09,0.0,0.39878,2.7,21.2,13.6229166666667,0.0,0.39878,9.984e-32,0.0,0.0,10.729,81.776,-6.4969,27.528,0.0,-1000000.0,-1600.3,-15.0,0.0,18.271,10.098,6.8881,0.39124,0.0,-1602.99,0.135,20.0
526,2024-06-10,0.1173,0.45974,12.875,25.2,18.5552083333333,0.0,0.45974,9.984e-32,0.0,0.0,10.729,82.236,-6.4969,27.528,0.0,-1000000.0,-1600.3,-15.0,0.0,18.271,10.098,6.8881,0.39124,0.0,-1602.99,0.135,20.0
527,2024-06-11,0.0,0.55118,10.25,28.1,19.2333333333333,0.0,0.55118,9.984e-32,0.0,0.0,10.729,82.787,-6.4969,27.528,0.0,-1000000.0,-1600.3,-15.0,0.0,18.271,10.098,6.8881,0.39124,0.0,-1602.99,0.135,20.0
528,2024-06-12,0.0,0.5207,6.5,25.4,17.9635416666667,-1.524,0.5207,-0.50946,0.059509,0.0,9.2045,83.308,-7.4521,27.569,0.0,0.0,-1446.9,-15.0,1.0145,18.84,11.012,7.8433,0.39124,0.0,-1602.99,0.135,20.0
529,2024-06-13,0.0,0.45466,2.55,25.225,15.58125,-1.524,0.45466,-0.4906,0.051961,0.0,7.6805,83.762,-7.9293,27.619,0.0,0.0,-1382.6,-15.0,1.0334,19.887,11.44,8.3205,0.39124,0.0,-1602.99,0.135,20.0
530,2024-06-14,0.0,0.41656,5.4,28.675,17.7677083333333,-1.524,0.41656,-0.43213,0.047607,0.0,6.1565,84.179,-8.3933,27.664,0.0,0.0,-1325.4,-15.0,1.0919,20.947,11.859,8.7845,0.39124,0.0,-1602.99,0.135,20.0
531,2024-06-15,0.1258,0.32766,6.075,20.8,12.496875,-1.6498,0.32766,-0.48002,0.036667,0.0,4.5067,84.506,-8.8525,27.697,0.0,0.0,-1233.7,-15.0,1.1698,22.138,12.284,9.2437,0.39124,0.0,-1602.99,0.135,20.0
532,2024-06-16,0.0612,0.4318,5.1,17.55,11.1666666666667,-1.5852,0.4318,-0.42978,0.046264,0.0,2.9215,84.938,-9.3124,27.743,0.0,0.0,-1163.7,-15.0,1.1554,23.263,12.699,9.7037,0.39124,0.0,-1602.99,0.135,20.0
533,2024-06-17,2.0693,0.09652,4.25,6.625,5.37916666666667,-3.5933,0.09652,-0.44281,0.0098818,0.0,-0.67177,85.035,-9.7765,27.752,0.0,0.0,-1104.7,-15.0,3.1505,26.392,13.153,10.168,0.39124,0.0,-1602.99,0.135,20.0
534,2024-06-18,0.4488,0.23368,2.85,12.575,7.25729166666667,0.0,0.23368,-8.9058e-09,0.11684,0.0,-0.67177,85.269,-9.7765,27.866,0.0,-3.3278,-1106.5,-15.0,0.0,26.392,13.041,10.168,0.39124,0.0,-1602.99,0.135,20.0
535,2024-06-19,0.2366,0.37592,0.625,19.575,10.209375,0.0,0.37592,1.0477e-09,0.18796,0.0,-0.67177,85.644,-9.7765,28.054,0.0,-3.7986,-1108.6,-15.0,0.0,26.392,12.871,10.168,0.39124,0.0,-1602.99,0.135,20.0
536,2024-06-20,0.017,0.4191,1.275,23.0,13.3677083333333,0.0,0.4191,-3.7835e-10,0.20955,0.0,-0.67177,86.064,-9.7765,28.263,0.0,-4.154,-1111.2,-15.0,0.0,26.392,12.672,10.168,0.39124,0.0,-1602.99,0.135,20.0
537,2024-06-21,0.423,0.33528,5.225,22.075,13.5125,0.0,0.33528,-4.2492e-09,0.16764,0.0,-0.67177,86.399,-9.7765,28.431,0.0,-4.4334,-1114.0,-15.0,0.0,26.392,12.483,10.168,0.39124,0.0,-1602.99,0.135,20.0
538,2024-06-22,0.0051,0.42672,6.725,27.45,17.715625,0.0,0.42672,1.7317e-09,0.21336,0.0,-0.67177,86.826,-9.7765,28.644,0.0,-4.5998,-1117.4,-15.0,0.0,26.392,12.293,10.168,0.39124,0.0,-1602.99,0.135,20.0
539,2024-06-23,0.0,0.55626,9.6,30.625,20.9,0.0,0.55626,6.9194e-09,0.27813,0.0,-0.67177,87.382,-9.7765,28.922,0.0,-4.6873,-1123.0,-15.0,0.0,26.392,12.047,10.168,0.39124,0.0,-1602.99,0.135,20.0
540,2024-06-24,0.0119,0.49022,10.15,27.5,19.7397727272727,0.0,0.49022,-5.6752e-09,0.24511,0.0,-0.67177,87.872,-9.7765,29.168,0.0,-4.8069,-1131.3,-15.0,0.0,26.392,11.785,10.168,0.39124,0.0,-1602.99,0.135,20.0
541,2024-06-25,0.0,0.41148,6.525,24.95,16.6666666666667,0.0,0.41148,5.7189e-09,0.20574,0.0,-0.67177,88.283,-9.7765,29.373,0.0,-4.9525,-1141.3,-15.0,0.0,26.392,11.56,10.168,0.39124,0.0,-1602.99,0.135,20.0
542,2024-06-26,0.1191,0.44196,5.55,28.55,18.09375,0.0,0.44196,6.5338e-09,0.22098,0.0,-0.67177,88.725,-9.7765,29.594,0.0,-5.1199,-1155.6,-15.0,0.0,26.392,11.347,10.168,0.39124,0.0,-1602.99,0.135,20.0
543,2024-06-27,1.0032,0.32258,10.975,19.175,14.7322916666667,0.0,0.32258,-1.1525e-08,0.16129,0.0,-0.67177,89.048,-9.7765,29.756,0.0,-5.2999,-1173.8,-15.0,0.0,26.392,11.155,10.168,0.39124,0.0,-1602.99,0.135,20.0
544,2024-06-28,0.0953,0.21844,7.875,15.275,11.94375,0.0,0.21844,-8.6584e-09,0.10922,0.0,-0.67177,89.266,-9.7765,29.865,0.0,-5.4692,-1192.4,-15.0,0.0,26.392,11.02,10.168,0.39124,0.0,-1602.99,0.135,20.0
545,2024-06-29,0.0102,0.37592,3.0,21.975,13.6864583333333,0.0,0.37592,4.8458e-09,0.18796,0.0,-0.67177,89.642,-9.7765,30.053,0.0,-5.6127,-1220.7,-15.0,0.0,26.392,10.872,10.168,0.39124,0.0,-1602.99,0.135,20.0
546,2024-06-30,0.1293,0.26924,10.1,21.3,15.3645833333333,0.0,0.26924,-2.5902e-09,0.13448,0.0,-0.67177,89.912,-9.7765,30.187,0.0,-5.7323,-1268.4,-15.0,0.0,26.392,10.71,10.168,0.39124,0.0,-1602.99,0.135,20.0
547,2024-07-01,0.0613,0.37084,10.775,24.25,16.6302083333333,0.0,0.37084,3.5652e-09,0.15544,0.0,-0.67177,90.282,-9.7765,30.355,0.0,-5.815,-1342.6,-15.0,0.0,26.392,10.553,10.168,0.39124,0.0,-1602.99,0.135,20.0
548,2024-07-02,0.0,0.42672,10.675,25.875,17.69375,-1.397,0.42672,-0.48075,0.11919,0.0,-2.0688,90.709,-10.56,30.504,0.0,0.0,-1331.5,-15.0,0.91625,27.006,11.188,10.952,0.39124,0.0,-1602.99,0.135,20.0
549,2024-07-03,0.6927,0.24638,9.875,19.625,12.69375,0.0,0.24638,2.3516e-08,0.072029,0.0,-2.0688,90.955,-10.56,30.584,0.0,-3.3512,-1374.4,-15.0,0.0,27.006,11.106,10.952,0.39124,0.0,-1602.99,0.135,20.0
550,2024-07-04,0.0119,0.35814,9.35,21.825,15.8885416666667,-2.8059,0.35814,-0.5119,0.057,0.0,-4.8747,91.314,-11.051,30.649,0.0,0.0,-1353.4,-15.0,2.294,29.321,11.531,11.447,0.39632,0.0,-1602.99,0.135,20.0
551,2024-07-05,0.0374,0.37592,9.35,23.55,16.3864583333333,0.0,0.37592,-6.9849e-10,0.09252,0.0,-4.8747,91.69,-11.052,30.745,0.0,-3.4809,-1371.1,-15.0,0.0,29.321,11.435,11.448,0.39632,0.0,-1602.99,0.135,20.0
552,2024-07-06,0.1683,0.34798,11.75,24.425,16.828125,-2.9623,0.34798,-0.431,0.042065,0.0,-7.837,92.038,-11.535,30.788,0.0,0.0,-1321.1,-15.0,2.5313,31.8,11.875,11.932,0.39632,0.0,-1602.99,0.135,20.0
553,2024-07-07,0.0153,0.4445,9.35,28.35,19.5072916666667,0.0,0.4445,3.1781e-08,0.12775,0.0,-7.837,92.482,-11.535,30.915,0.0,-3.5292,-1325.8,-15.0,0.0,31.8,11.748,11.932,0.39632,0.0,-1602.99,0.135,20.0
554,2024-07-08,0.0,0.46228,9.675,32.35,22.5375,-2.794,0.46228,-0.45385,0.053027,0.0,-10.631,92.944,-12.023,30.972,0.0,0.0,-1270.0,-15.0,2.3402,34.106,12.178,12.419,0.39632,0.0,-1602.99,0.135,20.0
555,2024-07-09,0.0,0.4572,10.55,32.675,23.1989583333333,0.0,0.4572,8.0327e-09,0.1568,0.0,-10.631,93.401,-12.023,31.127,0.0,-3.5658,-1272.3,-15.0,0.0,34.106,12.025,12.419,0.39632,0.0,-1602.99,0.135,20.0
556,2024-07-10,0.0,0.47752,11.25,36.75,24.376619047619,-2.794,0.47752,-0.43914,0.053447,0.0,-13.425,93.879,-12.511,31.19,0.0,0.0,-1216.1,-15.0,2.3549,36.413,12.448,12.907,0.39632,0.0,-1602.99,0.135,20.0
557,2024-07-11,0.0443,0.4318,15.075,35.075,24.3770833333333,-1.4413,0.4318,-0.43224,0.022619,0.0,-14.866,94.311,-12.975,31.234,0.0,0.0,-1159.3,-15.0,1.0091,37.39,12.868,13.371,0.39632,0.0,-1602.99,0.135,20.0
558,2024-07-12,0.0,0.43688,10.225,30.2,21.3583333333333,0.0,0.43688,2.9104e-09,0.1966,0.0,-14.866,94.748,-12.975,31.426,0.0,-3.5226,-1162.1,-15.0,0.0,37.39,12.678,13.371,0.39632,0.0,-1602.99,0.135,20.0
559,2024-07-13,0.0,0.44958,10.175,33.55,22.7614583333333,0.0,0.44958,3.4925e-09,0.20231,0.0,-14.866,95.197,-12.975,31.628,0.0,-3.9752,-1164.5,-15.0,0.0,37.39,12.477,13.371,0.39632,0.0,-1602.99,0.135,20.0
560,2024-07-14,0.0,0.42672,10.775,34.075,23.2291666666667,0.0,0.42672,5.8499e-09,0.19202,0.0,-14.866,95.624,-12.975,31.82,0.0,-4.3336,-1167.3,-15.0,0.0,37.39,12.28,13.371,0.39632,0.0,-1602.99,0.135,20.0
561,2024-07-15,0.0,0.4826,10.55,34.225,22.7958333333333,0.0,0.4826,-1.298e-08,0.21717,0.0,-14.866,96.107,-12.975,32.037,0.0,-4.5666,-1170.9,-15.0,0.0,37.39,12.075,13.371,0.39632,0.0,-1602.99,0.135,20.0
562,2024-07-16,0.0,0.46228,9.7,35.1,23.2583333333333,0.0,0.46228,-5.7626e-09,0.20803,0.0,-14.866,96.569,-12.975,32.245,0.0,-4.6813,-1175.6,-15.0,0.0,37.39,11.863,13.371,0.39632,0.0,-1602.99,0.135,20.0
563,2024-07-17,0.0,0.45212,11.35,36.625,24.59375,0.0,0.45212,1.1481e-08,0.20345,0.0,-14.866,97.021,-12.975,32.449,0.0,-4.7984,-1181.8,-15.0,0.0,37.39,11.657,13.371,0.39632,0.0,-1602.99,0.135,20.0
564,2024-07-18,0.0408,0.37592,12.175,34.1,23.31875,0.0,0.37592,7.8435e-09,0.16916,0.0,-14.866,97.397,-12.975,32.618,0.0,-4.9374,-1189.5,-15.0,0.0,37.39,11.471,13.371,0.39632,0.0,-1602.99,0.135,20.0
565,2024-07-19,0.0,0.40894,10.5,34.6,23.121875,0.0,0.40894,1.528e-09,0.18402,0.0,-14.866,97.806,-12.975,32.802,0.0,-5.0943,-1199.6,-15.0,0.0,37.39,11.294,13.371,0.39632,0.0,-1602.99,0.135,20.0
566,2024-07-20,0.0,0.41402,12.25,34.6,24.3864583333333,0.0,0.41402,-5.2241e-09,0.18631,0.0,-14.866,98.22,-12.975,32.988,0.0,-5.2668,-1215.3,-15.0,0.0,37.39,11.109,13.371,0.39632,0.0,-1602.99,0.135,20.0
567,2024-07-21,0.0,0.37084,11.225,32.9,22.7166666666667,0.0,0.37084,-6.0099e-09,0.16688,0.0,-14.866,98.591,-12.975,33.155,0.0,-5.4442,-1237.8,-15.0,0.0,37.39,10.932,13.371,0.39632,0.0,-1602.99,0.135,20.0
568,2024-07-22,0.0,0.38608,10.85,34.65,22.9427083333333,0.0,0.38608,-1.1525e-08,0.17374,0.0,-14.866,98.977,-12.975,33.329,0.0,-5.6094,-1272.8,-15.0,0.0,37.39,10.762,13.371,0.39632,0.0,-1602.99,0.135,20.0
569,2024-07-23,0.0,0.4826,15.625,38.325,26.4958333333333,0.0,0.4826,7.5233e-09,0.18579,0.0,-14.866,99.459,-12.975,33.529,0.0,-5.7469,-1344.4,-15.0,0.0,37.39,10.568,13.371,0.39632,0.0,-1602.99,0.135,20.0
570,2024-07-24,0.0,0.55626,12.65,37.5,26.8208333333333,0.0,0.55626,-1.608e-09,0.098564,0.0,-14.866,100.02,-12.975,33.661,0.0,-5.8429,-1471.6,-15.0,0.0,37.39,10.393,13.371,0.39632,0.0,-1602.99,0.135,20.0
571,2024-07-25,0.0,0.58928,15.75,33.25,25.471875,0.0,0.58928,-8.1272e-09,0.025836,0.0,-14.866,100.6,-12.975,33.699,0.0,-5.8937,-1560.7,-15.0,0.0,37.39,10.318,13.371,0.39632,0.0,-1602.99,0.135,20.0
572,2024-07-26,0.0,0.47244,8.225,29.3,18.2708333333333,0.0,0.47244,3.4197e-10,0.0065099,0.0,-14.866,101.08,-12.975,33.709,0.0,-5.9438,-1589.6,-15.0,0.0,37.39,10.299,13.371,0.39632,0.0,-1602.99,0.135,20.0
573,2024-07-27,0.0,0.4064,5.95,31.25,18.9802083333333,0.0,0.4064,-8.8694e-09,0.0011391,0.0,-14.866,101.48,-12.975,33.711,0.0,-5.9936,-1598.6,-15.0,0.0,37.39,10.294,13.371,0.39632,0.0,-1602.99,0.135,20.0
574,2024-07-28,0.0,0.3429,5.6,28.55,17.6729166666667,0.0,0.3429,1.13e-08,0.0001676,0.0,-14.866,101.83,-12.975,33.711,0.0,-6.042,-1600.1,-15.0,0.0,37.39,10.293,13.371,0.39632,0.0,-1602.99,0.135,20.0
575,2024-07-29,0.0,0.44196,8.7,31.675,20.7510416666667,0.0,0.44196,1.1984e-08,7.3247e-05,0.0,-14.866,102.27,-12.975,33.711,0.0,-6.0888,-1600.2,-15.0,0.0,37.39,10.293,13.371,0.39632,0.0,-1602.99,0.135,20.0
576,2024-07-30,0.0085,0.381,13.925,25.75,19.8791666666667,0.0,0.381,-2.4665e-09,5.9699e-05,0.0,-14.866,102.65,-12.975,33.711,0.0,-6.134,-1600.3,-15.0,0.0,37.39,10.293,13.371,0.39632,0.0,-1602.99,0.135,20.0
577,2024-07-31,0.0,0.4699,12.75,29.9,21.2708333333333,0.0,0.4699,-1.0095e-08,6.0782e-05,0.0,-14.866,103.12,-12.975,33.712,0.0,-6.1776,-1600.3,-15.0,0.0,37.39,10.293,13.371,0.39632,0.0,-1602.99,0.135,20.0
578,2024-08-01,0.0,0.41402,8.9,33.775,22.7385416666667,0.0,0.41402,8.0945e-09,5.5771e-05,0.0,-14.866,103.53,-12.975,33.712,0.0,-6.2197,-1600.3,-15.0,0.0,37.39,10.293,13.371,0.39632,0.0,-1602.99,0.135,20.0
579,2024-08-02,0.0,0.42926,13.0,38.75,25.8052083333333,0.0,0.42926,-1.4337e-08,5.5169e-05,0.0,-14.866,103.96,-12.975,33.712,0.0,-6.2604,-1600.3,-15.0,0.0,37.39,10.293,13.371,0.39632,0.0,-1602.99,0.135,20.0
580,2024-08-03,0.0,0.36322,11.075,37.725,23.6145833333333,0.0,0.36322,-9.7607e-09,5.1298e-05,0.0,-14.866,104.33,-12.975,33.712,0.0,-6.2997,-1600.3,-15.0,0.0,37.39,10.293,13.371,0.39632,0.0,-1602.99,0.135,20.0
581,2024-08-04,0.1207,0.13208,14.5,23.95,17.85625,0.0,0.13208,1.1252e-08,3.2496e-05,0.0,-14.866,104.46,-12.975,33.712,0.0,-6.3376,-1600.2,-15.0,0.0,37.39,10.293,13.371,0.39632,0.0,-1602.99,0.135,20.0
582,2024-08-05,0.0238,0.33274,13.4,28.775,20.4125,0.0,0.33274,-5.537e-09,5.8477e-05,0.0,-14.866,104.79,-12.975,33.712,0.0,-6.3742,-1600.2,-15.0,0.0,37.39,10.292,13.371,0.39632,0.0,-1602.99,0.135,20.0
583,2024-08-06,0.1327,0.34544,13.1,29.075,19.9083333333333,0.0,0.34544,2.532e-09,5.0247e-05,0.0,-14.866,105.14,-12.975,33.712,0.0,-6.4095,-1600.3,-15.0,0.0,37.39,10.292,13.371,0.39632,0.0,-1602.99,0.135,20.0
584,2024-08-07,0.558,0.11938,10.0,16.025,13.6145833333333,0.0,0.11938,1.3271e-08,2.851e-05,0.0,-14.866,105.26,-12.975,33.712,0.0,-6.4437,-1600.2,-15.0,0.0,37.39,10.292,13.371,0.39632,0.0,-1602.99,0.135,20.0
585,2024-08-08,0.0119,0.25146,7.15,20.45,14.13125,0.0,0.25146,9.4515e-09,5.0696e-05,0.0,-14.866,105.51,-12.975,33.712,0.0,-6.4766,-1600.2,-15.0,0.0,37.39,10.292,13.371,0.39632,0.0,-1602.99,0.135,20.0
586,2024-08-09,0.0,0.31242,5.075,25.425,16.2645833333333,0.0,0.31242,-3.9254e-09,4.8151e-05,0.0,-14.866,105.82,-12.975,33.712,0.0,-6.5084,-1600.3,-15.0,0.0,37.39,10.292,13.371,0.39632,0.0,-1602.99,0.135,20.0
587,2024-08-10,0.0323,0.31496,8.125,26.625,17.634375,0.0,0.31496,-1.8263e-09,4.2878e-05,0.0,-14.866,106.13,-12.975,33.712,0.0,-6.5391,-1600.3,-15.0,0.0,37.39,10.292,13.371,0.39632,0.0,-1602.99,0.135,20.0
588,2024-08-11,0.0629,0.36576,11.275,28.025,18.3125,0.0,0.36576,1.0317e-08,4.1917e-05,0.0,-14.866,106.5,-12.975,33.712,0.0,-6.5688,-1600.3,-15.0,0.0,37.39,10.292,13.371,0.39632,0.0,-1602.99,0.135,20.0
589,2024-08-12,0.0,0.37846,11.35,29.775,20.309375,0.0,0.37846,6.0136e-09,3.9346e-05,0.0,-14.866,106.88,-12.975,33.712,0.0,-6.5974,-1600.3,-15.0,0.0,37.39,10.292,13.371,0.39632,0.0,-1602.99,0.135,20.0
590,2024-08-13,0.2484,0.32512,11.9,30.4,19.5364583333333,0.0,0.32512,-1.1085e-08,3.6144e-05,0.0,-14.866,107.2,-12.975,33.712,0.0,-6.6251,-1600.3,-15.0,0.0,37.39,10.292,13.371,0.39632,0.0,-1602.99,0.135,20.0
591,2024-08-14,0.0068,0.32258,11.0,28.525,18.9739583333333,0.0,0.32258,-1.4858e-08,3.5894e-05,0.0,-14.866,107.53,-12.975,33.712,0.0,-6.6518,-1600.3,-15.0,0.0,37.39,10.292,13.371,0.39632,0.0,-1602.99,0.135,20.0
592,2024-08-15,0.2366,0.40386,8.625,30.825,20.303125,0.0,0.40386,-7.7016e-09,3.6605e-05,0.0,-14.866,107.93,-12.975,33.712,0.0,-6.6776,-1600.3,-15.0,0.0,37.39,10.292,13.371,0.39632,0.0,-1602.99,0.135,20.0
593,2024-08-16,0.0,0.381,11.025,28.85,19.0875,0.0,0.381,-1.0325e-08,3.3487e-05,0.0,-14.866,108.31,-12.975,33.712,0.0,-6.7025,-1600.3,-15.0,0.0,37.39,10.292,13.371,0.39632,0.0,-1602.99,0.135,20.0
594,2024-08-17,0.0,0.35814,7.375,30.15,19.3520833333333,0.0,0.35814,7.1996e-09,3.2049e-05,0.0,-14.866,108.67,-12.975,33.712,0.0,-6.7265,-1600.3,-15.0,0.0,37.39,10.292,13.371,0.39632,0.0,-1602.99,0.135,20.0
595,2024-08-18,1.8799,0.37592,9.0,35.5,20.3833333333333,0.0,0.37592,1.3984e-08,3.1714e-05,0.0,-14.866,109.05,-12.975,33.712,0.0,-6.7497,-1600.3,-15.0,0.0,37.39,10.292,13.371,0.39632,0.0,-1602.99,0.135,20.0
596,2024-08-19,0.1412,0.43434,13.275,34.175,20.3927083333333,0.0,0.43434,1.0934e-08,3.116e-05,0.0,-14.866,109.48,-12.975,33.712,0.0,-6.7721,-1600.3,-15.0,0.0,37.39,10.292,13.371,0.39632,0.0,-1602.99,0.135,20.0
597,2024-08-20,0.0595,0.3429,10.975,30.875,20.0,0.0,0.3429,3.8726e-09,2.7846e-05,0.0,-14.866,109.82,-12.975,33.712,0.0,-6.7938,-1600.3,-15.0,0.0,37.39,10.292,13.371,0.39632,0.0,-1602.99,0.135,20.0
598,2024-08-21,0.034,0.28956,9.575,26.85,17.5864583333333,0.0,0.28956,-8.1909e-09,2.6722e-05,0.0,-14.866,110.11,-12.975,33.712,0.0,-6.8146,-1600.3,-15.0,0.0,37.39,10.292,13.371,0.39632,0.0,-1602.99,0.135,20.0
599,2024-08-22,0.0,0.31496,5.375,25.875,16.5552083333333,0.0,0.31496,2.6503e-09,2.7703e-05,0.0,-14.866,110.43,-12.975,33.712,0.0,-6.8348,-1600.3,-15.0,0.0,37.39,10.292,13.371,0.39632,0.0,-1602.99,0.135,20.0
600,2024-08-23,0.1107,0.37846,8.1,30.825,18.040625,0.0,0.37846,8.0854e-09,2.7655e-05,0.0,-14.866,110.81,-12.975,33.712,0.0,-6.8543,-1600.3,-15.0,0.0,37.39,10.292,13.371,0.39632,0.0,-1602.99,0.135,20.0
601,2024-08-24,0.0,0.3429,9.6,25.2,16.484375,0.0,0.3429,1.3069e-08,2.5081e-05,0.0,-14.866,111.15,-12.975,33.712,0.0,-6.8731,-1600.3,-15.0,0.0,37.39,10.292,13.371,0.39632,0.0,-1602.99,0.135,20.0
602,2024-08-25,0.0,0.37084,8.325,25.425,16.015625,0.0,0.37084,-1.2873e-08,2.4969e-05,0.0,-14.866,111.52,-12.975,33.713,0.0,-6.8913,-1600.3,-15.0,0.0,37.39,10.292,13.371,0.39632,0.0,-1602.99,0.135,20.0
603,2024-08-26,0.0,0.34798,4.275,26.775,15.271875,0.0,0.34798,-9.3551e-09,2.3454e-05,0.0,-14.866,111.87,-12.975,33.713,0.0,-6.9088,-1600.3,-15.0,0.0,37.39,10.292,13.371,0.39632,0.0,-1602.99,0.135,20.0
604,2024-08-27,0.051,0.46228,8.55,30.075,19.6364583333333,0.0,0.46228,-6.3392e-09,2.4005e-05,0.0,-14.866,112.33,-12.975,33.713,0.0,-6.9257,-1600.3,-15.0,0.0,37.39,10.292,13.371,0.39632,0.0,-1602.99,0.135,20.0
605,2024-08-28,0.6089,0.26416,5.1,15.325,10.1364583333333,0.0,0.26416,2.6503e-09,1.9065e-05,0.0,-14.866,112.59,-12.975,33.713,0.0,-6.942,-1600.3,-15.0,0.0,37.39,10.292,13.371,0.39632,0.0,-1602.99,0.135,20.0
606,2024-08-29,0.0,0.39624,10.725,25.9,17.8052083333333,0.0,0.39624,1.0963e-08,2.2805e-05,0.0,-14.866,112.99,-12.975,33.713,0.0,-6.9578,-1600.3,-15.0,0.0,37.39,10.292,13.371,0.39632,0.0,-1602.99,0.135,20.0
607,2024-08-30,0.0,0.36576,6.0,32.925,18.628125,0.0,0.36576,-5.577e-09,2.0487e-05,0.0,-14.866,113.36,-12.975,33.713,0.0,-6.973,-1600.3,-15.0,0.0,37.39,10.292,13.371,0.39632,0.0,-1602.99,0.135,20.0
608,2024-08-31,0.0,0.3048,7.325,29.525,18.9416666666667,0.0,0.3048,1.256e-08,1.8958e-05,0.0,-14.866,113.66,-12.975,33.713,0.0,-6.9877,-1600.3,-15.0,0.0,37.39,10.292,13.371,0.39632,0.0,-1602.99,0.135,20.0
609,2024-09-01,0.0,0.28956,6.725,31.1,18.19375,0.0,0.28956,3.7835e-10,9.5844e-07,0.0,-14.866,113.95,-12.975,33.713,0.0,-7.0019,-795.7,-15.0,0.0,37.39,10.292,13.371,0.39632,0.0,-1602.99,0.135,20.0
610,2024-09-02,0.0,0.30226,10.9,34.225,21.6229166666667,0.0,0.30226,-4.7967e-09,0.0,0.0,-14.866,114.25,-12.975,33.713,0.0,-7.0157,-795.72,-15.0,0.0,37.39,10.292,13.371,0.39632,0.0,-1602.99,0.135,20.0
611,2024-09-03,0.194,0.29718,13.225,30.075,20.4197916666667,0.0,0.29718,-1.1354e-08,0.0,0.0,-14.866,114.55,-12.975,33.713,0.0,-7.0289,-795.71,-15.0,0.0,37.39,10.292,13.371,0.39632,0.0,-1602.99,0.135,20.0
612,2024-09-04,0.0,0.29464,10.35,26.075,17.84375,0.0,0.29464,-1.3337e-08,0.0,0.0,-14.866,114.84,-12.975,33.713,0.0,-7.0417,-795.71,-15.0,0.0,37.39,10.292,13.371,0.39632,0.0,-1602.99,0.135,20.0
613,2024-09-05,0.0,0.28956,5.525,30.875,17.359375,0.0,0.28956,-9.2805e-09,0.0001317,0.0,-14.866,115.13,-12.975,33.713,0.0,-7.054,-795.7,-15.0,0.0,37.39,10.292,13.371,0.39632,0.0,-1602.99,0.135,20.0
614,2024-09-06,0.0,0.30226,6.95,32.7,19.6354166666667,0.0,0.30226,6.9122e-10,0.0,0.0,-14.866,115.44,-12.975,33.713,0.0,-7.066,-795.72,-15.0,0.0,37.39,10.291,13.371,0.39632,0.0,-1602.99,0.135,20.0
615,2024-09-07,0.0,0.2921,6.925,33.175,20.640625,0.0,0.2921,-7.2541e-09,0.0,0.0,-14.866,115.73,-12.975,33.713,0.0,-7.0775,-795.71,-15.0,0.0,37.39,10.291,13.371,0.39632,0.0,-1602.99,0.135,20.0
616,2024-09-08,0.0,0.28448,7.55,33.125,20.7697916666667,0.0,0.28448,-3.8617e-09,0.0,0.0,-14.866,116.01,-12.975,33.713,0.0,-7.0886,-795.71,-15.0,0.0,37.39,10.291,13.371,0.39632,0.0,-1602.99,0.135,20.0
617,2024-09-09,0.0,0.39624,14.725,31.3,23.3583333333333,0.0,0.39624,1.024e-08,6.6225e-05,0.0,-14.866,116.41,-12.975,33.713,0.0,-7.0993,-795.7,-15.0,0.0,37.39,10.291,13.371,0.39632,0.0,-1602.99,0.135,20.0
618,2024-09-10,0.0,0.18288,4.85,19.9,13.4197916666667,0.0,0.18288,-8.3237e-09,0.0,0.0,-14.866,116.59,-12.975,33.713,0.0,-7.1097,-795.71,-15.0,0.0,37.39,10.291,13.371,0.39632,0.0,-1602.99,0.135,20.0
619,2024-09-11,2.0309,0.1524,5.55,21.075,13.0770833333333,0.0,0.1524,-1.0668e-09,0.0,0.0,-14.866,116.74,-12.975,33.713,0.0,-7.1197,-795.7,-15.0,0.0,37.39,10.291,13.371,0.39632,0.0,-1602.99,0.135,20.0
620,2024-09-12,0.2568,0.0635,9.4,13.65,10.9677083333333,0.0,0.0635,1.4729e-08,6.6441e-08,0.0,-14.866,116.81,-12.975,33.713,0.0,-7.1293,-795.7,-15.0,0.0,37.39,10.291,13.371,0.39632,0.0,-1602.99,0.135,20.0
621,2024-09-13,0.997,0.23876,8.175,19.775,12.7354166666667,0.0,0.23876,-7.4106e-09,0.0,0.0,-14.866,117.05,-12.975,33.713,0.0,-7.1386,-795.72,-15.0,0.0,37.39,10.291,13.371,0.39632,0.0,-1602.99,0.135,20.0
622,2024-09-14,0.0,0.35814,8.675,22.475,14.6447916666667,0.0,0.35814,1.3773e-08,0.0,0.0,-14.866,117.4,-12.975,33.713,0.0,-7.1477,-795.72,-15.0,0.0,37.39,10.291,13.371,0.39632,0.0,-1602.99,0.135,20.0
623,2024-09-15,0.0,0.17272,5.75,21.275,13.36875,0.0,0.17272,-1.141e-08,0.0,0.0,-14.866,117.58,-12.975,33.713,0.0,-7.1564,-795.71,-15.0,0.0,37.39,10.291,13.371,0.39632,0.0,-1602.99,0.135,20.0
624,2024-09-16,0.0017,0.19812,6.225,24.45,14.034375,0.0,0.19812,7.1932e-09,0.0,0.0,-14.866,117.78,-12.975,33.713,0.0,-7.1647,-795.71,-15.0,0.0,37.39,10.291,13.371,0.39632,0.0,-1602.99,0.135,20.0
625,2024-09-17,0.0476,0.16764,7.4,23.85,14.7885416666667,0.0,0.16764,1.1535e-08,0.0,0.0,-14.866,117.94,-12.975,33.713,0.0,-7.1728,-795.7,-15.0,0.0,37.39,10.291,13.371,0.39632,0.0,-1602.99,0.135,20.0
626,2024-09-18,0.0646,0.0889,11.975,17.0,13.821875,0.0,0.0889,-4.3619e-09,0.0,0.0,-14.866,118.03,-12.975,33.713,0.0,-7.1807,-795.71,-15.0,0.0,37.39,10.291,13.371,0.39632,0.0,-1602.99,0.135,20.0
627,2024-09-19,0.0221,0.24384,9.125,23.15,15.7333333333333,0.0,0.24384,2.6948e-09,3.5838e-05,0.0,-14.866,118.28,-12.975,33.713,0.0,-7.1882,-795.7,-15.0,0.0,37.39,10.291,13.371,0.39632,0.0,-1602.99,0.135,20.0
628,2024-09-20,0.0,0.34544,5.775,22.925,13.603125,0.0,0.34544,-8.3428e-09,0.0,0.0,-14.866,118.62,-12.975,33.713,0.0,-7.1955,-795.7,-15.0,0.0,37.39,10.291,13.371,0.39632,0.0,-1602.99,0.135,20.0
629,2024-09-21,0.0,0.19558,-0.575,17.675,9.16666666666667,0.0,0.19558,3.4133e-09,5.4256e-05,0.0,-14.866,118.82,-12.975,33.713,0.0,-7.2025,-795.7,-15.0,0.0,37.39,10.291,13.371,0.39632,0.0,-1602.99,0.135,20.0
630,2024-09-22,0.0,0.32258,3.6,24.525,13.996875,0.0,0.32258,-3.9536e-09,0.0,0.0,-14.866,119.14,-12.975,33.713,0.0,-7.2093,-795.71,-15.0,0.0,37.39,10.291,13.371,0.39632,0.0,-1602.99,0.135,20.0
631,2024-09-23,0.0,0.2667,11.325,25.3,17.1145833333333,0.0,0.2667,1.4466e-08,0.0,0.0,-14.866,119.41,-12.975,33.713,0.0,-7.2159,-795.7,-15.0,0.0,37.39,10.291,13.371,0.39632,0.0,-1602.99,0.135,20.0
632,2024-09-24,0.0,0.44196,13.525,28.825,19.7354166666667,0.0,0.44196,-7.979e-09,7.9013e-05,0.0,-14.866,119.85,-12.975,33.713,0.0,-7.2222,-795.7,-15.0,0.0,37.39,10.291,13.371,0.39632,0.0,-1602.99,0.135,20.0
633,2024-09-25,0.0,0.39624,11.85,31.525,21.0614583333333,0.0,0.39624,8.5329e-09,0.0,0.0,-14.866,120.24,-12.975,33.713,0.0,-7.2283,-795.71,-15.0,0.0,37.39,10.291,13.371,0.39632,0.0,-1602.99,0.135,20.0
634,2024-09-26,0.0,0.3175,10.275,22.3,16.628125,0.0,0.3175,-5.2141e-09,0.0,0.0,-14.866,120.56,-12.975,33.713,0.0,-7.2342,-795.71,-15.0,0.0,37.39,10.291,13.371,0.39632,0.0,-1602.99,0.135,20.0
635,2024-09-27,0.0,0.40894,10.7,27.65,18.9416666666667,0.0,0.40894,1.6489e-09,0.0,0.0,-14.866,120.97,-12.975,33.713,0.0,-7.2399,-795.71,-15.0,0.0,37.39,10.291,13.371,0.39632,0.0,-1602.99,0.135,20.0
636,2024-09-28,0.0,0.23368,2.175,27.9,15.0822916666667,0.0,0.23368,-1.3761e-09,0.0,0.0,-14.866,121.2,-12.975,33.713,0.0,-7.2454,-795.7,-15.0,0.0,37.39,10.291,13.371,0.39632,0.0,-1602.99,0.135,20.0
637,2024-09-29,0.0,0.3175,6.775,25.275,15.2927083333333,0.0,0.3175,-1.3833e-08,4.503e-05,0.0,-14.866,121.52,-12.975,33.713,0.0,-7.2507,-795.7,-15.0,0.0,37.39,10.291,13.371,0.39632,0.0,-1602.99,0.135,20.0
638,2024-09-30,0.0,0.20828,-2.1,16.375,7.54375,0.0,0.20828,-1.0519e-08,0.0,0.0,-14.866,121.73,-12.975,33.713,0.0,-7.2559,-795.71,-15.0,0.0,37.39,10.291,13.371,0.39632,0.0,-1602.99,0.135,20.0
639,2024-10-01,0.0,0.54102,5.775,23.475,15.7708333333333,0.54102,0.0,0.00025728,0.0,0.0,-14.325,121.73,-12.782,33.713,0.0,-1000000.0,-795.71,-15.0,0.0,37.39,10.098,13.371,0.58927,0.0,-1602.99,0.135,20.0
640,2024-10-02,0.0,0.19304,6.15,18.175,13.4833333333333,0.19304,0.0,9.984e-32,0.0,0.0,-14.132,121.73,-12.782,33.713,0.0,-1000000.0,-795.71,-15.0,0.0,37.39,10.098,13.371,0.58927,0.0,-1602.99,0.135,20.0
641,2024-10-03,0.0,0.17526,-2.05,16.775,8.00729166666667,0.17526,0.0,9.984e-32,0.0,0.0,-13.957,121.73,-12.782,33.713,0.0,-1000000.0,-795.71,-15.0,0.0,37.39,10.098,13.371,0.58927,0.0,-1602.99,0.135,20.0
642,2024-10-04,0.0,0.46228,-2.625,28.075,13.103125,0.46228,0.0,9.984e-32,0.0,0.0,-13.495,121.73,-12.782,33.713,0.0,-1000000.0,-795.71,-15.0,0.0,37.39,10.098,13.371,0.58927,0.0,-1602.99,0.135,20.0
643,2024-10-05,0.0,0.254,4.625,18.825,10.7375,0.254,0.0,9.984e-32,0.0,0.0,-13.241,121.73,-12.782,33.713,0.0,-1000000.0,-795.71,-15.0,0.0,37.39,10.098,13.371,0.58927,0.0,-1602.99,0.135,20.0
644,2024-10-06,0.0,0.22352,1.475,25.425,11.9041666666667,0.22352,0.0,9.984e-32,0.0,0.0,-13.017,121.73,-12.782,33.713,0.0,-1000000.0,-795.71,-15.0,0.0,37.39,10.098,13.371,0.58927,0.0,-1602.99,0.135,20.0
645,2024-10-07,0.0,0.33528,7.975,26.675,15.8854166666667,0.33528,0.0,9.984e-32,0.0,0.0,-12.682,121.73,-12.782,33.713,0.0,-1000000.0,-795.71,-15.0,0.0,37.39,10.098,13.371,0.58927,0.0,-1602.99,0.135,20.0
646,2024-10-08,0.0,0.35306,5.6,28.1,16.5020833333333,0.35306,0.0,9.984e-32,0.0,0.0,-12.329,121.73,-12.782,33.713,0.0,-1000000.0,-795.71,-15.0,0.0,37.39,10.098,13.371,0.58927,0.0,-1602.99,0.135,20.0
647,2024-10-09,0.0,0.2794,8.575,27.2,16.3239583333333,0.2794,0.0,9.984e-32,0.0,0.0,-12.049,121.73,-12.782,33.713,0.0,-1000000.0,-795.71,-15.0,0.0,37.39,10.098,13.371,0.58927,0.0,-1602.99,0.135,20.0
648,2024-10-10,0.0,0.17526,8.0,18.325,13.0291666666667,0.17526,0.0,9.984e-32,0.0,0.0,-11.874,121.73,-12.782,33.713,0.0,-1000000.0,-795.71,-15.0,0.0,37.39,10.098,13.371,0.58927,0.0,-1602.99,0.135,20.0
649,2024-10-11,0.0,0.12954,-1.275,19.0,8.52083333333333,0.12954,0.0,9.984e-32,0.0,0.0,-11.745,121.73,-12.782,33.713,0.0,-1000000.0,-795.71,-15.0,0.0,37.39,10.098,13.371,0.58927,0.0,-1602.99,0.135,20.0
650,2024-10-12,0.0,0.14732,-1.5,19.0,8.23958333333333,0.14732,0.0,9.984e-32,0.0,0.0,-11.597,121.73,-12.782,33.713,0.0,-1000000.0,-795.71,-15.0,0.0,37.39,10.098,13.371,0.58927,0.0,-1602.99,0.135,20.0
651,2024-10-13,0.0,0.15494,-2.575,20.775,7.70520833333333,0.15494,0.0,9.984e-32,0.0,0.0,-11.442,121.73,-12.782,33.713,0.0,-1000000.0,-795.71,-15.0,0.0,37.39,10.098,13.371,0.58927,0.0,-1602.99,0.135,20.0
652,2024-10-14,0.0,0.3048,3.325,28.675,15.5416666666667,0.3048,0.0,9.984e-32,0.0,0.0,-11.138,121.73,-12.782,33.713,0.0,-1000000.0,-795.71,-15.0,0.0,37.39,10.098,13.371,0.58927,0.0,-1602.99,0.135,20.0
653,2024-10-15,0.0,0.23368,9.2,25.3,16.5291666666667,0.23368,0.0,9.984e-32,0.0,0.0,-10.904,121.73,-12.782,33.713,0.0,-1000000.0,-795.71,-15.0,0.0,37.39,10.098,13.371,0.58927,0.0,-1602.99,0.135,20.0
654,2024-10-16,0.0017,0.25908,3.275,23.65,13.340625,0.25908,0.0,9.984e-32,0.0,0.0,-10.645,121.73,-12.782,33.713,0.0,-1000000.0,-795.71,-15.0,0.0,37.39,10.098,13.371,0.58927,0.0,-1602.99,0.135,20.0
655,2024-10-17,0.0,0.13716,0.35,11.075,6.71666666666667,0.13716,0.0,9.984e-32,0.0,0.0,-10.508,121.73,-12.782,33.713,0.0,-1000000.0,-795.71,-15.0,0.0,37.39,10.098,13.371,0.58927,0.0,-1602.99,0.135,20.0
656,2024-10-18,0.0,0.25654,-2.55,12.1,4.97708333333333,0.25654,0.0,9.984e-32,0.0,0.0,-10.251,121.73,-12.782,33.713,0.0,-1000000.0,-795.71,-15.0,0.0,37.39,10.098,13.371,0.58927,0.0,-1602.99,0.135,20.0
657,2024-10-19,0.0,0.48768,9.4,21.075,13.7479166666667,0.48768,0.0,9.984e-32,0.0,0.0,-9.7634,121.73,-12.782,33.713,0.0,-1000000.0,-795.71,-15.0,0.0,37.39,10.098,13.371,0.58927,0.0,-1602.99,0.135,20.0
658,2024-10-20,0.0,0.4064,12.475,22.075,16.8104166666667,0.4064,0.0,9.984e-32,0.0,0.0,-9.357,121.73,-12.782,33.713,0.0,-1000000.0,-795.71,-15.0,0.0,37.39,10.098,13.371,0.58927,0.0,-1602.99,0.135,20.0
659,2024-10-21,0.0204,0.20066,0.875,17.675,11.209375,0.20066,0.0,9.984e-32,0.0,0.0,-9.1563,121.73,-12.782,33.713,0.0,-1000000.0,-795.71,-15.0,0.0,37.39,10.098,13.371,0.58927,0.0,-1602.99,0.135,20.0
660,2024-10-22,0.0017,0.17272,-1.375,13.4,4.90729166666667,0.17272,0.0,9.984e-32,0.0,0.0,-8.9836,121.73,-12.782,33.713,0.0,-1000000.0,-795.71,-15.0,0.0,37.39,10.098,13.371,0.58927,0.0,-1602.99,0.135,20.0
661,2024-10-23,0.0,0.254,-1.7,14.275,6.2875,0.254,0.0,9.984e-32,0.0,0.0,-8.7296,121.73,-12.782,33.713,0.0,-1000000.0,-795.71,-15.0,0.0,37.39,10.098,13.371,0.58927,0.0,-1602.99,0.135,20.0
662,2024-10-24,0.0,0.1651,-1.725,11.375,4.2625,0.1651,0.0,9.984e-32,0.0,0.0,-8.5645,121.73,-12.782,33.713,0.0,-1000000.0,-795.71,-15.0,0.0,37.39,10.098,13.371,0.58927,0.0,-1602.99,0.135,20.0
663,2024-10-25,0.0,0.10668,-5.4,9.95,2.27291666666667,0.10668,0.0,9.984e-32,0.0,0.0,-8.4578,121.73,-12.782,33.713,0.0,-1000000.0,-795.71,-15.0,0.0,37.39,10.098,13.371,0.58927,0.0,-1602.99,0.135,20.0
664,2024-10-26,0.0,0.27686,-2.675,19.975,9.38229166666667,0.27686,0.0,9.984e-32,0.0,0.0,-8.181,121.73,-12.782,33.713,0.0,-1000000.0,-795.71,-15.0,0.0,37.39,10.098,13.371,0.58927,0.0,-1602.99,0.135,20.0
665,2024-10-27,0.0,0.32766,3.925,21.775,11.284375,0.32766,0.0,9.984e-32,0.0,0.0,-7.8533,121.73,-12.782,33.713,0.0,-1000000.0,-795.71,-15.0,0.0,37.39,10.098,13.371,0.58927,0.0,-1602.99,0.135,20.0
666,2024-10-28,0.0,0.21336,-3.725,12.75,5.74479166666667,0.21336,0.0,9.984e-32,0.0,0.0,-7.64,121.73,-12.782,33.713,0.0,-1000000.0,-795.71,-15.0,0.0,37.39,10.098,13.371,0.58927,0.0,-1602.99,0.135,20.0
667,2024-10-29,0.0,0.08128,-7.775,9.6,0.632291666666667,0.08128,0.0,9.984e-32,0.0,0.0,-7.5587,121.73,-12.782,33.713,0.0,-1000000.0,-795.71,-15.0,0.0,37.39,10.098,13.371,0.58927,0.0,-1602.99,0.135,20.0
668,2024-10-30,0.0,0.17526,-5.625,9.95,1.42916666666667,0.17526,0.0,9.984e-32,0.0,0.0,-7.3834,121.73,-12.782,33.713,0.0,-1000000.0,-795.71,-15.0,0.0,37.39,10.098,13.371,0.58927,0.0,-1602.99,0.135,20.0
669,2024-10-31,0.0,0.14732,-3.35,8.6,1.44270833333333,0.14732,0.0,9.984e-32,0.0,0.0,-7.2361,121.73,-12.782,33.713,0.0,-1000000.0,-795.71,-15.0,0.0,37.39,10.098,13.371,0.58927,0.0,-1602.99,0.135,20.0
670,2024-11-01,0.0,0.17018,-3.825,9.1,2.42291666666667,0.17018,0.0,9.984e-32,0.0,0.0,-7.0659,121.73,-12.782,33.713,0.0,-1000000.0,-795.71,-15.0,0.0,37.39,10.098,13.371,0.58927,0.0,-1602.99,0.135,20.0
671,2024-11-02,0.0,0.21082,1.775,11.425,6.10416666666667,0.21082,0.0,9.984e-32,0.0,0.0,-6.8551,121.73,-12.782,33.713,0.0,-1000000.0,-795.71,-15.0,0.0,37.39,10.098,13.371,0.58927,0.0,-1602.99,0.135,20.0
672,2024-11-03,0.0,0.1016,-2.075,8.975,2.288,0.1016,0.0,9.984e-32,0.0,0.0,-6.7535,121.73,-12.782,33.713,0.0,-1000000.0,-795.71,-15.0,0.0,37.39,10.098,13.371,0.58927,0.0,-1602.99,0.135,20.0
673,2024-11-04,0.0,0.21844,-3.15,7.625,2.86875,0.21844,0.0,9.984e-32,0.0,0.0,-6.5351,121.73,-12.782,33.713,0.0,-1000000.0,-795.71,-15.0,0.0,37.39,10.098,13.371,0.58927,0.0,-1602.99,0.135,20.0
674,2024-11-05,0.1666,0.07874,-2.95,3.575,0.690625,0.07874,0.0,9.984e-32,0.0,0.0,-6.4563,121.73,-12.782,33.713,0.0,-1000000.0,-795.71,-15.0,0.0,37.39,10.098,13.371,0.58927,0.0,-1602.99,0.135,20.0
675,2024-11-06,0.0357,0.1524,-8.175,8.25,-0.05625,0.1524,0.0,9.984e-32,0.0,0.0,-6.3039,121.73,-12.782,33.713,0.0,-1000000.0,-795.71,-15.0,0.0,37.39,10.098,13.371,0.58927,0.0,-1602.99,0.135,20.0
676,2024-11-07,0.0,0.28702,1.9,13.625,6.85,0.28702,0.0,9.984e-32,0.0,0.0,-6.0169,121.73,-12.782,33.713,0.0,-1000000.0,-795.71,-15.0,0.0,37.39,10.098,13.371,0.58927,0.0,-1602.99,0.135,20.0
677,2024-11-08,0.0,0.25146,2.375,17.8,9.1375,0.25146,0.0,9.984e-32,0.0,0.0,-5.7654,121.73,-12.782,33.713,0.0,-1000000.0,-795.71,-15.0,0.0,37.39,10.098,13.371,0.58927,0.0,-1602.99,0.135,20.0
678,2024-11-09,0.0,0.11176,2.375,16.425,7.759375,0.11176,0.0,9.984e-32,0.0,0.0,-5.6537,121.73,-12.782,33.713,0.0,-1000000.0,-795.71,-15.0,0.0,37.39,10.098,13.371,0.58927,0.0,-1602.99,0.135,20.0
679,2024-11-10,0.0,0.10414,1.475,11.075,6.82291666666667,0.10414,0.0,9.984e-32,0.0,0.0,-5.5495,121.73,-12.782,33.713,0.0,-1000000.0,-795.71,-15.0,0.0,37.39,10.098,13.371,0.58927,0.0,-1602.99,0.135,20.0
680,2024-11-11,0.0,0.18542,-0.1,15.325,7.02083333333333,0.18542,0.0,9.984e-32,0.0,0.0,-5.3641,121.73,-12.782,33.713,0.0,-1000000.0,-795.71,-15.0,0.0,37.39,10.098,13.371,0.58927,0.0,-1602.99,0.135,20.0
681,2024-11-12,0.0,0.18288,1.1,10.675,5.13958333333333,0.18288,0.0,9.984e-32,0.0,0.0,-5.1812,121.73,-12.782,33.713,0.0,-1000000.0,-795.71,-15.0,0.0,37.39,10.098,13.371,0.58927,0.0,-1602.99,0.135,20.0
682,2024-11-13,0.0,0.2794,0.1,11.425,5.85625,0.2794,0.0,9.984e-32,0.0,0.0,-4.9018,121.73,-12.782,33.713,0.0,-1000000.0,-795.71,-15.0,0.0,37.39,10.098,13.371,0.58927,0.0,-1602.99,0.135,20.0
683,2024-11-14,0.0,0.2413,-1.7,11.575,5.62083333333333,0.2413,0.0,9.984e-32,0.0,0.0,-4.6605,121.73,-12.782,33.713,0.0,-1000000.0,-795.71,-15.0,0.0,37.39,10.098,13.371,0.58927,0.0,-1602.99,0.135,20.0
684,2024-11-15,0.0,0.06858,-6.025,8.2,0.633333333333333,0.06858,0.0,9.984e-32,0.0,0.0,-4.592,121.73,-12.782,33.713,0.0,-1000000.0,-795.71,-15.0,0.0,37.39,10.098,13.371,0.58927,0.0,-1602.99,0.135,20.0
685,2024-11-16,0.0,0.14986,-12.75,7.6,-1.82604166666667,0.14986,0.0,9.984e-32,0.0,0.0,-4.4421,121.73,-12.782,33.713,0.0,-1000000.0,-795.71,-15.0,0.0,37.39,10.098,13.371,0.58927,0.0,-1602.99,0.135,20.0
686,2024-11-17,0.0,0.3175,2.725,9.775,5.85416666666667,0.3175,0.0,9.984e-32,0.0,0.0,-4.1246,121.73,-12.782,33.713,0.0,-1000000.0,-795.71,-15.0,0.0,37.39,10.098,13.371,0.58927,0.0,-1602.99,0.135,20.0
687,2024-11-18,0.0,0.13462,-10.125,4.45,0.1625,0.13462,0.0,9.984e-32,0.0,0.0,-3.99,121.73,-12.782,33.713,0.0,-1000000.0,-795.71,-15.0,0.0,37.39,10.098,13.371,0.58927,0.0,-1602.99,0.135,20.0
688,2024-11-19,0.0,0.04064,-13.8,3.675,-5.725,0.04064,0.0,9.984e-32,0.0,0.0,-3.9493,121.73,-12.782,33.713,0.0,-1000000.0,-795.71,-15.0,0.0,37.39,10.098,13.371,0.58927,0.0,-1602.99,0.135,20.0
689,2024-11-20,0.0,0.03048,-14.175,-3.125,-9.021875,0.03048,0.0,9.984e-32,0.0,0.0,-3.9189,121.73,-12.782,33.713,0.0,-1000000.0,-795.71,-15.0,0.0,37.39,10.098,13.371,0.58927,0.0,-1602.99,0.135,20.0
690,2024-11-21,0.0,0.04064,-10.3,0.7,-5.24479166666667,0.04064,0.0,9.984e-32,0.0,0.0,-3.8782,121.73,-12.782,33.713,0.0,-1000000.0,-795.71,-15.0,0.0,37.39,10.098,13.371,0.58927,0.0,-1602.99,0.135,20.0
691,2024-11-22,0.0,0.0127,-11.55,-6.6,-8.44895833333333,0.0127,0.0,9.984e-32,0.0,0.0,-3.8655,121.73,-12.782,33.713,0.0,-1000000.0,-795.71,-15.0,0.0,37.39,10.098,13.371,0.58927,0.0,-1602.99,0.135,20.0
692,2024-11-23,0.0,0.02032,-12.325,-5.45,-8.29583333333333,0.02032,0.0,9.984e-32,0.0,0.0,-3.8452,121.73,-12.782,33.713,0.0,-1000000.0,-795.71,-15.0,0.0,37.39,10.098,13.371,0.58927,0.0,-1602.99,0.135,20.0
693,2024-11-24,0.0,0.01778,-17.625,-8.025,-11.8416666666667,0.01778,0.0,9.984e-32,0.0,0.0,-3.8274,121.73,-12.782,33.713,0.0,-1000000.0,-795.71,-15.0,0.0,37.39,10.098,13.371,0.58927,0.0,-1602.99,0.135,20.0
694,2024-11-25,0.0,0.01778,-16.125,-6.975,-12.503125,0.01778,0.0,9.984e-32,0.0,0.0,-3.8096,121.73,-12.782,33.713,0.0,-1000000.0,-795.71,-15.0,0.0,37.39,10.098,13.371,0.58927,0.0,-1602.99,0.135,20.0
695,2024-11-26,0.2805,0.0762,-15.125,6.225,-2.65625,0.0762,0.0,9.984e-32,0.0,0.0,-3.7334,121.73,-12.782,33.713,0.0,-1000000.0,-795.71,-15.0,0.0,37.39,10.098,13.371,0.58927,0.0,-1602.99,0.135,20.0
696,2024-11-27,0.0,0.02286,-13.4,-3.525,-6.928125,0.02286,0.0,9.984e-32,0.0,0.0,-3.7106,121.73,-12.782,33.713,0.0,-1000000.0,-795.71,-15.0,0.0,37.39,10.098,13.371,0.58927,0.0,-1602.99,0.135,20.0
697,2024-11-28,0.0119,0.04064,-13.2,3.8,-6.37708333333333,0.04064,0.0,9.984e-32,0.0,0.0,-3.6699,121.73,-12.782,33.713,0.0,-1000000.0,-795.71,-15.0,0.0,37.39,10.098,13.371,0.58927,0.0,-1602.99,0.135,20.0
698,2024-11-29,0.0,0.01778,-15.55,-7.675,-11.6479166666667,0.01778,0.0,9.984e-32,0.0,0.0,-3.6522,121.73,-12.782,33.713,0.0,-1000000.0,-795.71,-15.0,0.0,37.39,10.098,13.371,0.58927,0.0,-1602.99,0.135,20.0
699,2024-11-30,0.0,0.11938,-14.65,4.725,0.494791666666667,0.11938,0.0,9.984e-32,0.0,0.0,-3.5328,121.73,-12.782,33.713,0.0,-1000000.0,-795.71,-15.0,0.0,37.39,10.098,13.371,0.58927,0.0,-1602.99,0.135,20.0
700,2024-12-01,0.0,0.03302,-18.475,0.575,-11.190625,0.03302,0.0,9.984e-32,0.0,0.0,-3.4998,121.73,-12.782,33.713,0.0,-1000000.0,-795.71,-15.0,0.0,37.39,10.098,13.371,0.58927,0.0,-1602.99,0.135,20.0
701,2024-12-02,0.0,0.08128,-17.525,9.175,-4.25416666666667,0.08128,0.0,9.984e-32,0.0,0.0,-3.4185,121.73,-12.782,33.713,0.0,-1000000.0,-795.71,-15.0,0.0,37.39,10.098,13.371,0.58927,0.0,-1602.99,0.135,20.0
702,2024-12-03,0.0,0.15748,-4.2,12.9,3.23958333333333,0.15748,0.0,9.984e-32,0.0,0.0,-3.261,121.73,-12.782,33.713,0.0,-1000000.0,-795.71,-15.0,0.0,37.39,10.098,13.371,0.58927,0.0,-1602.99,0.135,20.0
703,2024-12-04,0.0,0.04826,-7.125,9.45,0.595833333333333,0.04826,0.0,9.984e-32,0.0,0.0,-3.2127,121.73,-12.782,33.713,0.0,-1000000.0,-795.71,-15.0,0.0,37.39,10.098,13.371,0.58927,0.0,-1602.99,0.135,20.0
704,2024-12-05,0.0,0.18034,-7.7,13.975,4.06354166666667,0.18034,0.0,9.984e-32,0.0,0.0,-3.0324,121.73,-12.782,33.713,0.0,-1000000.0,-795.71,-15.0,0.0,37.39,10.098,13.371,0.58927,0.0,-1602.99,0.135,20.0
705,2024-12-06,0.0,0.28956,4.025,13.8,8.015625,0.28956,0.0,9.984e-32,0.0,0.0,-2.7428,121.73,-12.782,33.713,0.0,-1000000.0,-795.71,-15.0,0.0,37.39,10.098,13.371,0.58927,0.0,-1602.99,0.135,20.0
706,2024-12-07,0.0,0.36576,7.625,14.2,10.95,0.36576,0.0,9.984e-32,0.0,0.0,-2.3771,121.73,-12.782,33.713,0.0,-1000000.0,-795.71,-15.0,0.0,37.39,10.098,13.371,0.58927,0.0,-1602.99,0.135,20.0
707,2024-12-08,0.0,0.12954,-2.8,7.3,2.18020833333333,0.12954,0.0,9.984e-32,0.0,0.0,-2.2475,121.73,-12.782,33.713,0.0,-1000000.0,-795.71,-15.0,0.0,37.39,10.098,13.371,0.58927,0.0,-1602.99,0.135,20.0
708,2024-12-09,0.0,0.05842,-6.425,4.475,-1.75104166666667,0.05842,0.0,9.984e-32,0.0,0.0,-2.1891,121.73,-12.782,33.713,0.0,-1000000.0,-795.71,-15.0,0.0,37.39,10.098,13.371,0.58927,0.0,-1602.99,0.135,20.0
709,2024-12-10,0.0,0.06858,-6.675,2.775,-1.2125,0.06858,0.0,9.984e-32,0.0,0.0,-2.1205,121.73,-12.782,33.713,0.0,-1000000.0,-795.71,-15.0,0.0,37.39,10.098,13.371,0.58927,0.0,-1602.99,0.135,20.0
710,2024-12-11,0.0,0.10668,-0.55,8.075,3.07916666666667,0.10668,0.0,9.984e-32,0.0,0.0,-2.0139,121.73,-12.782,33.713,0.0,-1000000.0,-795.71,-15.0,0.0,37.39,10.098,13.371,0.58927,0.0,-1602.99,0.135,20.0
711,2024-12-12,0.0,0.05588,-8.525,7.4,-1.64479166666667,0.05588,0.0,9.984e-32,0.0,0.0,-1.958,121.73,-12.782,33.713,0.0,-1000000.0,-795.71,-15.0,0.0,37.39,10.098,13.371,0.58927,0.0,-1602.99,0.135,20.0
712,2024-12-13,0.0,0.13462,-5.975,8.875,1.35416666666667,0.13462,0.0,9.984e-32,0.0,0.0,-1.8234,121.73,-12.782,33.713,0.0,-1000000.0,-795.71,-15.0,0.0,37.39,10.098,13.371,0.58927,0.0,-1602.99,0.135,20.0
713,2024-12-14,0.0,0.18542,-2.075,10.15,4.35833333333333,0.18542,0.0,9.984e-32,0.0,0.0,-1.6379,121.73,-12.782,33.713,0.0,-1000000.0,-795.71,-15.0,0.0,37.39,10.098,13.371,0.58927,0.0,-1602.99,0.135,20.0
714,2024-12-15,0.0,0.10922,-2.55,4.65,1.23958333333333,0.10922,0.0,9.984e-32,0.0,0.0,-1.5287,121.73,-12.782,33.713,0.0,-1000000.0,-795.71,-15.0,0.0,37.39,10.098,13.371,0.58927,0.0,-1602.99,0.135,20.0
715,2024-12-16,0.0,0.05842,-7.225,-0.025,-3.25416666666667,0.05842,0.0,9.984e-32,0.0,0.0,-1.4703,121.73,-12.782,33.713,0.0,-1000000.0,-795.71,-15.0,0.0,37.39,10.098,13.371,0.58927,0.0,-1602.99,0.135,20.0
716,2024-12-17,0.0,0.02032,-9.3,-4.675,-6.98541666666667,0.02032,0.0,9.984e-32,0.0,0.0,-1.45,121.73,-12.782,33.713,0.0,-1000000.0,-795.71,-15.0,0.0,37.39,10.098,13.371,0.58927,0.0,-1602.99,0.135,20.0
717,2024-12-18,0.0,0.17272,-11.025,10.75,1.13854166666667,0.17272,0.0,9.984e-32,0.0,0.0,-1.2773,121.73,-12.782,33.713,0.0,-1000000.0,-795.71,-15.0,0.0,37.39,10.098,13.371,0.58927,0.0,-1602.99,0.135,20.0
718,2024-12-19,0.0,0.12192,-12.825,9.125,-1.403125,0.12192,0.0,9.984e-32,0.0,0.0,-1.1553,121.73,-12.782,33.713,0.0,-1000000.0,-795.71,-15.0,0.0,37.39,10.098,13.371,0.58927,0.0,-1602.99,0.135,20.0
719,2024-12-20,0.0,0.21844,3.675,16.325,8.503125,0.21844,0.0,9.984e-32,0.0,0.0,-0.93689,121.73,-12.782,33.713,0.0,-1000000.0,-795.71,-15.0,0.0,37.39,10.098,13.371,0.58927,0.0,-1602.99,0.135,20.0
720,2024-12-21,0.0,0.25146,6.375,11.775,8.81875,0.25146,0.0,9.984e-32,0.0,0.0,-0.68543,121.73,-12.782,33.713,0.0,-1000000.0,-795.71,-15.0,0.0,37.39,10.098,13.371,0.58927,0.0,-1602.99,0.135,20.0
721,2024-12-22,0.0,0.17272,0.075,9.475,4.3375,0.17272,0.0,9.984e-32,0.0,0.0,-0.51271,121.73,-12.782,33.713,0.0,-1000000.0,-795.71,-15.0,0.0,37.39,10.098,13.371,0.58927,0.0,-1602.99,0.135,20.0
722,2024-12-23,0.0,0.19812,0.425,10.325,4.85520833333333,0.19812,0.0,9.984e-32,0.0,0.0,-0.31459,121.73,-12.782,33.713,0.0,-1000000.0,-795.71,-15.0,0.0,37.39,10.098,13.371,0.58927,0.0,-1602.99,0.135,20.0
723,2024-12-24,0.0,0.18796,-2.8,10.975,4.34375,0.18796,0.0,9.984e-32,0.0,0.0,-0.12663,121.73,-12.782,33.713,0.0,-1000000.0,-795.71,-15.0,0.0,37.39,10.098,13.371,0.58927,0.0,-1602.99,0.135,20.0
724,2024-12-25,0.0,0.2032,-0.1,7.125,3.17916666666667,0.2032,0.0,9.984e-32,0.0,0.0,0.076566,121.73,-12.782,33.713,0.0,-1000000.0,-795.71,-15.0,0.0,37.39,10.098,13.371,0.58927,0.0,-1602.99,0.135,20.0
725,2024-12-26,0.0,0.21844,1.55,6.75,3.684375,0.21844,0.0,9.984e-32,0.0,0.0,0.29501,121.73,-12.782,33.713,0.0,-1000000.0,-795.71,-15.0,0.0,37.39,10.098,13.371,0.58927,0.0,-1602.99,0.135,20.0
726,2024-12-27,0.0,0.17526,-1.475,6.175,2.21770833333333,0.17526,0.0,9.984e-32,0.0,0.0,0.47027,121.73,-12.782,33.713,0.0,-1000000.0,-795.71,-15.0,0.0,37.39,10.098,13.371,0.58927,0.0,-1602.99,0.135,20.0
727,2024-12-28,0.0,0.20574,1.4,9.45,4.14791666666667,0.20574,0.0,9.984e-32,0.0,0.0,0.67601,121.73,-12.782,33.713,0.0,-1000000.0,-795.71,-15.0,0.0,37.39,10.098,13.371,0.58927,0.0,-1602.99,0.135,20.0
728,2024-12-29,0.1003,0.07874,-4.1,4.5,1.5125,0.07874,0.0,9.984e-32,0.0,0.0,0.75475,121.73,-12.782,33.713,0.0,-1000000.0,-795.71,-15.0,0.0,37.39,10.098,13.371,0.58927,0.0,-1602.99,0.135,20.0
729,2024-12-30,0.0,0.01524,-7.6,-1.525,-4.54270833333333,0.01524,0.0,9.984e-32,0.0,0.0,0.76999,121.73,-12.782,33.713,0.0,-1000000.0,-795.71,-15.0,0.0,37.39,10.098,13.371,0.58927,0.0,-1602.99,0.135,20.0
730,2024-12-31,0.0,0.0,-9.275,-2.3,-6.24583333333333,0.0,0.0,9.984e-32,0.0,0.0,0.76999,121.73,-12.782,33.713,0.0,-1000000.0,-795.71,-15.0,0.0,37.39,10.098,13.371,0.58927,0.0,-1602.99,0.135,20.0
731,2025-01-01,0.0,0.0127,-13.4,-7.125,-10.69375,0.0127,0.0,9.984e-32,0.0,0.0,0.78269,121.73,-12.782,33.713,0.0,-1000000.0,-795.71,-15.0,0.0,37.39,10.098,13.371,0.58927,0.0,-1602.99,0.135,20.0
732,2025-01-02,0.0,0.0127,-13.5,-9.725,-12.5635416666667,0.0127,0.0,9.984e-32,0.0,0.0,0.79539,121.73,-12.782,33.713,0.0,-1000000.0,-795.71,-15.0,0.0,37.39,10.098,13.371,0.58927,0.0,-1602.99,0.135,20.0
733,2025-01-03,0.0,0.0127,-15.0,-11.325,-12.9666666666667,0.0127,0.0,9.984e-32,0.0,0.0,0.80809,121.73,-12.782,33.713,0.0,-1000000.0,-795.71,-15.0,0.0,37.39,10.098,13.371,0.58927,0.0,-1602.99,0.135,20.0
734,2025-01-04,0.0,0.01016,-21.325,-11.175,-14.390625,0.01016,0.0,9.984e-32,0.0,0.0,0.81825,121.73,-12.782,33.713,0.0,-1000000.0,-795.71,-15.0,0.0,37.39,10.098,13.371,0.58927,0.0,-1602.99,0.135,20.0
735,2025-01-05,0.0,0.00508,-22.6,-9.125,-14.8458333333333,0.00508,0.0,9.984e-32,0.0,0.0,0.82333,121.73,-12.782,33.713,0.0,-1000000.0,-795.71,-15.0,0.0,37.39,10.098,13.371,0.58927,0.0,-1602.99,0.135,20.0
736,2025-01-06,0.0,0.01524,-11.125,-4.6,-8.06354166666667,0.01524,0.0,9.984e-32,0.0,0.0,0.83857,121.73,-12.782,33.713,0.0,-1000000.0,-795.71,-15.0,0.0,37.39,10.098,13.371,0.58927,0.0,-1602.99,0.135,20.0
737,2025-01-07,0.0,0.07112,-11.65,-0.85,-4.471875,0.07112,0.0,9.984e-32,0.0,0.0,0.90969,121.73,-12.782,33.713,0.0,-1000000.0,-795.71,-15.0,0.0,37.39,10.098,13.371,0.58927,0.0,-1602.99,0.135,20.0
738,2025-01-08,0.0374,0.10668,-0.35,3.4,1.278125,0.10668,0.0,9.984e-32,0.0,0.0,1.0164,121.73,-12.782,33.713,0.0,-1000000.0,-795.71,-15.0,0.0,37.39,10.098,13.371,0.58927,0.0,-1602.99,0.135,20.0
739,2025-01-09,0.0,0.06604,-3.7,1.125,-1.515625,0.06604,0.0,9.984e-32,0.0,0.0,1.0824,121.73,-12.782,33.713,0.0,-1000000.0,-795.71,-15.0,0.0,37.39,10.098,13.371,0.58927,0.0,-1602.99,0.135,20.0
740,2025-01-10,0.0,0.1905,-1.075,6.375,2.36354166666667,0.1905,0.0,9.984e-32,0.0,0.0,1.2729,121.73,-12.782,33.713,0.0,-1000000.0,-795.71,-15.0,0.0,37.39,10.098,13.371,0.58927,0.0,-1602.99,0.135,20.0
741,2025-01-11,0.0085,0.04572,-1.725,2.475,-0.375,0.04572,0.0,9.984e-32,0.0,0.0,1.3186,121.73,-12.782,33.713,0.0,-1000000.0,-795.71,-15.0,0.0,37.39,10.098,13.371,0.58927,0.0,-1602.99,0.135,20.0
742,2025-01-12,0.1139,0.02286,-6.675,0.3,-2.18229166666667,0.02286,0.0,9.984e-32,0.0,0.0,1.3415,121.73,-12.782,33.713,0.0,-1000000.0,-795.71,-15.0,0.0,37.39,10.098,13.371,0.58927,0.0,-1602.99,0.135,20.0
743,2025-01-13,0.0,0.05588,-5.925,0.575,-2.31666666666667,0.05588,0.0,9.984e-32,0.0,0.0,1.3974,121.73,-12.782,33.713,0.0,-1000000.0,-795.71,-15.0,0.0,37.39,10.098,13.371,0.58927,0.0,-1602.99,0.135,20.0
744,2025-01-14,0.0,0.10668,-4.7,2.175,-0.8375,0.10668,0.0,9.984e-32,0.0,0.0,1.504,121.73,-12.782,33.713,0.0,-1000000.0,-795.71,-15.0,0.0,37.39,10.098,13.371,0.58927,0.0,-1602.99,0.135,20.0
745,2025-01-15,0.0,0.127,1.125,5.75,3.30729166666667,0.127,0.0,9.984e-32,0.0,0.0,1.631,121.73,-12.782,33.713,0.0,-1000000.0,-795.71,-15.0,0.0,37.39,10.098,13.371,0.58927,0.0,-1602.99,0.135,20.0
746,2025-01-16,0.0,0.20574,-0.475,9.85,5.20208333333333,0.20574,0.0,9.984e-32,0.0,0.0,1.8368,121.73,-12.782,33.713,0.0,-1000000.0,-795.71,-15.0,0.0,37.39,10.098,13.371,0.58927,0.0,-1602.99,0.135,20.0
747,2025-01-17,0.0102,0.04064,-13.675,-1.05,-8.821875,0.04064,0.0,9.984e-32,0.0,0.0,1.8774,121.73,-12.782,33.713,0.0,-1000000.0,-795.71,-15.0,0.0,37.39,10.098,13.371,0.58927,0.0,-1602.99,0.135,20.0
748,2025-01-18,0.0,0.02032,-23.275,-11.45,-15.8322916666667,0.02032,0.0,9.984e-32,0.0,0.0,1.8977,121.73,-12.782,33.713,0.0,-1000000.0,-795.71,-15.0,0.0,37.39,10.098,13.371,0.58927,0.0,-1602.99,0.135,20.0
749,2025-01-19,0.0,0.01778,-25.5,-12.125,-19.7854166666667,0.01778,0.0,9.984e-32,0.0,0.0,1.9155,121.73,-12.782,33.713,0.0,-1000000.0,-795.71,-15.0,0.0,37.39,10.098,13.371,0.58927,0.0,-1602.99,0.135,20.0
750,2025-01-20,0.0,0.05588,-25.125,-7.125,-15.5979166666667,0.05588,0.0,9.984e-32,0.0,0.0,1.9714,121.73,-12.782,33.713,0.0,-1000000.0,-795.71,-15.0,0.0,37.39,10.098,13.371,0.58927,0.0,-1602.99,0.135,20.0
751,2025-01-21,0.0,0.14986,-6.725,0.8,-3.21979166666667,0.14986,0.0,9.984e-32,0.0,0.0,2.1213,121.73,-12.782,33.713,0.0,-1000000.0,-795.71,-15.0,0.0,37.39,10.098,13.371,0.58927,0.0,-1602.99,0.135,20.0
752,2025-01-22,0.0,0.04572,-12.475,-1.4,-5.309375,0.04572,0.0,9.984e-32,0.0,0.0,2.167,121.73,-12.782,33.713,0.0,-1000000.0,-795.71,-15.0,0.0,37.39,10.098,13.371,0.58927,0.0,-1602.99,0.135,20.0
753,2025-01-23,0.0,0.15494,-9.2,1.875,-2.871875,0.15494,0.0,9.984e-32,0.0,0.0,2.3219,121.73,-12.782,33.713,0.0,-1000000.0,-795.71,-15.0,0.0,37.39,10.098,13.371,0.58927,0.0,-1602.99,0.135,20.0
754,2025-01-24,0.0663,0.02794,-8.5,-0.275,-4.25208333333333,0.02794,0.0,9.984e-32,0.0,0.0,2.3499,121.73,-12.782,33.713,0.0,-1000000.0,-795.71,-15.0,0.0,37.39,10.098,13.371,0.58927,0.0,-1602.99,0.135,20.0
755,2025-01-25,0.0,0.03302,-14.9,-4.35,-9.99583333333333,0.03302,0.0,9.984e-32,0.0,0.0,2.3829,121.73,-12.782,33.713,0.0,-1000000.0,-795.71,-15.0,0.0,37.39,10.098,13.371,0.58927,0.0,-1602.99,0.135,20.0
