 ******* Program HYDRUS
 ******* 
 None                                                                    
 Date:  16. 1.    Time:  15:20:56
 Units: L = mm   , T = days , M = mmol 

       Time          rTop        rRoot        vTop         vRoot        vBot       sum(rTop)   sum(rRoot)    sum(vTop)   sum(vRoot)    sum(vBot)      hTop         hRoot        hBot        RunOff    sum(RunOff)     Volume     sum(Infil)    sum(Evap) TLevel Cum(WTrans)  SnowLayer
        [T]         [L/T]        [L/T]        [L/T]        [L/T]        [L/T]         [L]          [L]          [L]         [L]           [L]         [L]           [L]         [L]          [L/T]         [L]          [L]          [L]          [L]

       1.0000  0.00000E+00  0.00000E+00 -0.13386E-07  0.00000E+00 -0.79970E-05  0.00000E+00  0.00000E+00 -0.62591E-08  0.00000E+00 -0.80019E-05 -0.15016E+02 -0.75503E+01 -0.15008E+02  0.00000E+00  0.00000E+00  0.32933E+02  0.00000E+00  0.00000E+00      3  0.00000E+00      0.000
       2.0000  0.35560E-01  0.00000E+00  0.35560E-01  0.00000E+00 -0.79572E-05  0.35560E-01  0.00000E+00  0.35560E-01  0.00000E+00 -0.15974E-04 -0.51388E+02 -0.75510E+01 -0.15016E+02  0.00000E+00  0.00000E+00  0.32898E+02  0.00000E+00  0.35560E-01      5  0.00000E+00      0.000
       3.0000  0.10668E+00  0.00000E+00  0.10668E+00  0.00000E+00 -0.79572E-05  0.14224E+00  0.00000E+00  0.14224E+00  0.00000E+00 -0.23931E-04 -0.54931E+03 -0.75577E+01 -0.15024E+02  0.00000E+00  0.00000E+00  0.32791E+02  0.00000E+00  0.14224E+00      7  0.00000E+00      0.000
       4.0000  0.76200E-01  0.00000E+00  0.91823E-02  0.00000E+00 -0.80109E-05  0.21844E+00  0.00000E+00  0.21145E+00  0.00000E+00 -0.31874E-04 -0.10000E+07 -0.76061E+01 -0.15032E+02  0.00000E+00  0.00000E+00  0.32722E+02  0.00000E+00  0.21145E+00     15  0.00000E+00      0.000
       5.0000  0.33020E-01  0.00000E+00  0.12602E-02  0.00000E+00 -0.78876E-05  0.25146E+00  0.00000E+00  0.21323E+00  0.00000E+00 -0.39801E-04 -0.10000E+07 -0.76117E+01 -0.15040E+02  0.00000E+00  0.00000E+00  0.32720E+02  0.00000E+00  0.21323E+00     22  0.00000E+00      0.000
       6.0000  0.48260E-01  0.00000E+00  0.11412E-02  0.00000E+00 -0.79125E-05  0.29972E+00  0.00000E+00  0.21441E+00  0.00000E+00 -0.47714E-04 -0.10000E+07 -0.76156E+01 -0.15049E+02  0.00000E+00  0.00000E+00  0.32719E+02  0.00000E+00  0.21441E+00     25  0.00000E+00      0.000
       7.0000  0.12700E+00  0.00000E+00  0.10351E-02  0.00000E+00 -0.78678E-05  0.42672E+00  0.00000E+00  0.21547E+00  0.00000E+00 -0.55596E-04 -0.10000E+07 -0.76191E+01 -0.15057E+02  0.00000E+00  0.00000E+00  0.32718E+02  0.00000E+00  0.21547E+00     27  0.00000E+00      0.000
       8.0000  0.18542E+00  0.00000E+00  0.93979E-03  0.00000E+00 -0.78678E-05  0.61214E+00  0.00000E+00  0.21643E+00  0.00000E+00 -0.63464E-04 -0.10000E+07 -0.76222E+01 -0.15065E+02  0.00000E+00  0.00000E+00  0.32717E+02  0.00000E+00  0.21643E+00     29  0.00000E+00      0.000
       9.0000  0.17780E+00  0.00000E+00  0.85408E-03  0.00000E+00 -0.78380E-05  0.78994E+00  0.00000E+00  0.21731E+00  0.00000E+00 -0.71317E-04 -0.10000E+07 -0.76251E+01 -0.15073E+02  0.00000E+00  0.00000E+00  0.32716E+02  0.00000E+00  0.21731E+00     31  0.00000E+00      0.000
      10.0000  0.96520E-01  0.00000E+00  0.77700E-03  0.00000E+00 -0.78380E-05  0.88646E+00  0.00000E+00  0.21810E+00  0.00000E+00 -0.79155E-04 -0.10000E+07 -0.76277E+01 -0.15081E+02  0.00000E+00  0.00000E+00  0.32715E+02  0.00000E+00  0.21810E+00     33  0.00000E+00      0.000
      11.0000  0.45720E-01  0.00000E+00  0.70764E-03  0.00000E+00 -0.78082E-05  0.93218E+00  0.00000E+00  0.21883E+00  0.00000E+00 -0.86963E-04 -0.10000E+07 -0.76300E+01 -0.15088E+02  0.00000E+00  0.00000E+00  0.32715E+02  0.00000E+00  0.21883E+00     35  0.00000E+00      0.000
      12.0000  0.19304E+00  0.00000E+00  0.64523E-03  0.00000E+00 -0.78082E-05  0.11252E+01  0.00000E+00  0.21949E+00  0.00000E+00 -0.94771E-04 -0.10000E+07 -0.76322E+01 -0.15096E+02  0.00000E+00  0.00000E+00  0.32714E+02  0.00000E+00  0.21949E+00     37  0.00000E+00      0.000
      13.0000  0.23114E+00  0.00000E+00  0.58905E-03  0.00000E+00 -0.77784E-05  0.13564E+01  0.00000E+00  0.22009E+00  0.00000E+00 -0.10255E-03 -0.10000E+07 -0.76342E+01 -0.15104E+02  0.00000E+00  0.00000E+00  0.32713E+02  0.00000E+00  0.22009E+00     39  0.00000E+00      0.000
      14.0000  0.17272E+00  0.00000E+00  0.53845E-03  0.00000E+00 -0.77784E-05  0.15291E+01  0.00000E+00  0.22064E+00  0.00000E+00 -0.11033E-03 -0.10000E+07 -0.76360E+01 -0.15112E+02  0.00000E+00  0.00000E+00  0.32713E+02  0.00000E+00  0.22064E+00     41  0.00000E+00      0.000
      15.0000  0.33020E-01  0.00000E+00  0.49287E-03  0.00000E+00 -0.77486E-05  0.15621E+01  0.00000E+00  0.22114E+00  0.00000E+00 -0.11808E-03 -0.10000E+07 -0.76377E+01 -0.15120E+02  0.00000E+00  0.00000E+00  0.32712E+02  0.00000E+00  0.22114E+00     43  0.00000E+00      0.000
      16.0000  0.20320E-01  0.00000E+00  0.45181E-03  0.00000E+00 -0.77188E-05  0.15824E+01  0.00000E+00  0.22161E+00  0.00000E+00 -0.12581E-03 -0.10000E+07 -0.76392E+01 -0.15128E+02  0.00000E+00  0.00000E+00  0.32712E+02  0.00000E+00  0.22161E+00     45  0.00000E+00      0.000
      17.0000  0.43180E-01  0.00000E+00  0.41479E-03  0.00000E+00 -0.77188E-05  0.16256E+01  0.00000E+00  0.22203E+00  0.00000E+00 -0.13353E-03 -0.10000E+07 -0.76406E+01 -0.15136E+02  0.00000E+00  0.00000E+00  0.32711E+02  0.00000E+00  0.22203E+00     47  0.00000E+00      0.000
      18.0000  0.16002E+00  0.00000E+00  0.38140E-03  0.00000E+00 -0.76890E-05  0.17856E+01  0.00000E+00  0.22242E+00  0.00000E+00 -0.14123E-03 -0.10000E+07 -0.76419E+01 -0.15144E+02  0.00000E+00  0.00000E+00  0.32711E+02  0.00000E+00  0.22242E+00     49  0.00000E+00      0.000
      19.0000  0.10668E+00  0.00000E+00  0.35128E-03  0.00000E+00 -0.76890E-05  0.18923E+01  0.00000E+00  0.22278E+00  0.00000E+00 -0.14892E-03 -0.10000E+07 -0.76430E+01 -0.15151E+02  0.00000E+00  0.00000E+00  0.32711E+02  0.00000E+00  0.22278E+00     51  0.00000E+00      0.000
      20.0000  0.12700E+00  0.00000E+00  0.32409E-03  0.00000E+00 -0.76592E-05  0.20193E+01  0.00000E+00  0.22311E+00  0.00000E+00 -0.15660E-03 -0.10000E+07 -0.76441E+01 -0.15159E+02  0.00000E+00  0.00000E+00  0.32710E+02  0.00000E+00  0.22311E+00     53  0.00000E+00      0.000
      21.0000  0.18288E+00  0.00000E+00  0.29954E-03  0.00000E+00 -0.76592E-05  0.22022E+01  0.00000E+00  0.22341E+00  0.00000E+00 -0.16426E-03 -0.10000E+07 -0.76451E+01 -0.15167E+02  0.00000E+00  0.00000E+00  0.32710E+02  0.00000E+00  0.22341E+00     55  0.00000E+00      0.000
      22.0000  0.78740E-01  0.00000E+00  0.27736E-03  0.00000E+00 -0.76294E-05  0.22809E+01  0.00000E+00  0.22370E+00  0.00000E+00 -0.17188E-03 -0.10000E+07 -0.76461E+01 -0.15175E+02  0.00000E+00  0.00000E+00  0.32710E+02  0.00000E+00  0.22370E+00     57  0.00000E+00      0.000
      23.0000  0.88900E-01  0.00000E+00  0.25730E-03  0.00000E+00 -0.76294E-05  0.23698E+01  0.00000E+00  0.22396E+00  0.00000E+00 -0.17951E-03 -0.10000E+07 -0.76469E+01 -0.15183E+02  0.00000E+00  0.00000E+00  0.32709E+02  0.00000E+00  0.22396E+00     59  0.00000E+00      0.000
      24.0000  0.83820E-01  0.00000E+00  0.23916E-03  0.00000E+00 -0.75996E-05  0.24536E+01  0.00000E+00  0.22420E+00  0.00000E+00 -0.18711E-03 -0.10000E+07 -0.76477E+01 -0.15190E+02  0.00000E+00  0.00000E+00  0.32709E+02  0.00000E+00  0.22420E+00     61  0.00000E+00      0.000
      25.0000  0.60960E-01  0.00000E+00  0.22274E-03  0.00000E+00 -0.75996E-05  0.25146E+01  0.00000E+00  0.22443E+00  0.00000E+00 -0.19471E-03 -0.10000E+07 -0.76485E+01 -0.15198E+02  0.00000E+00  0.00000E+00  0.32709E+02  0.00000E+00  0.22443E+00     63  0.00000E+00      0.000
      26.0000  0.15240E+00  0.00000E+00  0.20787E-03  0.00000E+00 -0.75698E-05  0.26670E+01  0.00000E+00  0.22464E+00  0.00000E+00 -0.20228E-03 -0.10000E+07 -0.76492E+01 -0.15206E+02  0.00000E+00  0.00000E+00  0.32709E+02  0.00000E+00  0.22464E+00     65  0.00000E+00      0.000
      27.0000  0.45720E-01  0.00000E+00  0.19440E-03  0.00000E+00 -0.75400E-05  0.27127E+01  0.00000E+00  0.22484E+00  0.00000E+00 -0.20984E-03 -0.10000E+07 -0.76498E+01 -0.15213E+02  0.00000E+00  0.00000E+00  0.32708E+02  0.00000E+00  0.22484E+00     67  0.00000E+00      0.000
      28.0000  0.34290E-01  0.00000E+00  0.18217E-03  0.00000E+00 -0.75400E-05  0.27470E+01  0.00000E+00  0.22502E+00  0.00000E+00 -0.21738E-03 -0.10000E+07 -0.76504E+01 -0.15221E+02  0.00000E+00  0.00000E+00  0.32708E+02  0.00000E+00  0.22502E+00     69  0.00000E+00      0.000
      29.0000  0.22860E-01  0.00000E+00  0.17108E-03  0.00000E+00 -0.75102E-05  0.27699E+01  0.00000E+00  0.22520E+00  0.00000E+00 -0.22490E-03 -0.10000E+07 -0.76510E+01 -0.15229E+02  0.00000E+00  0.00000E+00  0.32708E+02  0.00000E+00  0.22520E+00     71  0.00000E+00      0.000
      30.0000  0.55880E-01  0.00000E+00  0.16099E-03  0.00000E+00 -0.75102E-05  0.28257E+01  0.00000E+00  0.22536E+00  0.00000E+00 -0.23241E-03 -0.10000E+07 -0.76515E+01 -0.15236E+02  0.00000E+00  0.00000E+00  0.32708E+02  0.00000E+00  0.22536E+00     73  0.00000E+00      0.000
      31.0000  0.10414E+00  0.00000E+00  0.15183E-03  0.00000E+00 -0.74804E-05  0.29299E+01  0.00000E+00  0.22552E+00  0.00000E+00 -0.23991E-03 -0.10000E+07 -0.76520E+01 -0.15244E+02  0.00000E+00  0.00000E+00  0.32708E+02  0.00000E+00  0.22552E+00     75  0.00000E+00      0.000
      32.0000  0.11176E+00  0.00000E+00  0.14348E-03  0.00000E+00 -0.74804E-05  0.30416E+01  0.00000E+00  0.22566E+00  0.00000E+00 -0.24739E-03 -0.10000E+07 -0.76525E+01 -0.15252E+02  0.00000E+00  0.00000E+00  0.32708E+02  0.00000E+00  0.22566E+00     77  0.00000E+00      0.000
      33.0000  0.14478E+00  0.00000E+00  0.13588E-03  0.00000E+00 -0.74506E-05  0.31864E+01  0.00000E+00  0.22580E+00  0.00000E+00 -0.25485E-03 -0.10000E+07 -0.76530E+01 -0.15259E+02  0.00000E+00  0.00000E+00  0.32707E+02  0.00000E+00  0.22580E+00     79  0.00000E+00      0.000
      34.0000  0.26162E+00  0.00000E+00  0.12895E-03  0.00000E+00 -0.74506E-05  0.34480E+01  0.00000E+00  0.22593E+00  0.00000E+00 -0.26231E-03 -0.10000E+07 -0.76534E+01 -0.15267E+02  0.00000E+00  0.00000E+00  0.32707E+02  0.00000E+00  0.22593E+00     81  0.00000E+00      0.000
      35.0000  0.19304E+00  0.00000E+00  0.12262E-03  0.00000E+00 -0.74208E-05  0.36411E+01  0.00000E+00  0.22605E+00  0.00000E+00 -0.26973E-03 -0.10000E+07 -0.76538E+01 -0.15274E+02  0.00000E+00  0.00000E+00  0.32707E+02  0.00000E+00  0.22605E+00     83  0.00000E+00      0.000
      36.0000  0.20066E+00  0.00000E+00  0.11683E-03  0.00000E+00 -0.74208E-05  0.38417E+01  0.00000E+00  0.22617E+00  0.00000E+00 -0.27715E-03 -0.10000E+07 -0.76542E+01 -0.15282E+02  0.00000E+00  0.00000E+00  0.32707E+02  0.00000E+00  0.22617E+00     85  0.00000E+00      0.000
      37.0000  0.15240E+00  0.00000E+00  0.11154E-03  0.00000E+00 -0.73910E-05  0.39941E+01  0.00000E+00  0.22628E+00  0.00000E+00 -0.28454E-03 -0.10000E+07 -0.76545E+01 -0.15289E+02  0.00000E+00  0.00000E+00  0.32707E+02  0.00000E+00  0.22628E+00     87  0.00000E+00      0.000
      38.0000  0.21336E+00  0.00000E+00  0.10668E-03  0.00000E+00 -0.73910E-05  0.42075E+01  0.00000E+00  0.22639E+00  0.00000E+00 -0.29193E-03 -0.10000E+07 -0.76549E+01 -0.15297E+02  0.00000E+00  0.00000E+00  0.32707E+02  0.00000E+00  0.22639E+00     89  0.00000E+00      0.000
      39.0000  0.10414E+00  0.00000E+00  0.10223E-03  0.00000E+00 -0.73612E-05  0.43116E+01  0.00000E+00  0.22650E+00  0.00000E+00 -0.29929E-03 -0.10000E+07 -0.76552E+01 -0.15304E+02  0.00000E+00  0.00000E+00  0.32707E+02  0.00000E+00  0.22650E+00     91  0.00000E+00      0.000
      40.0000  0.23622E+00  0.00000E+00  0.98141E-04  0.00000E+00 -0.73612E-05  0.45479E+01  0.00000E+00  0.22659E+00  0.00000E+00 -0.30665E-03 -0.10000E+07 -0.76556E+01 -0.15312E+02  0.00000E+00  0.00000E+00  0.32707E+02  0.00000E+00  0.22659E+00     93  0.00000E+00      0.000
      41.0000  0.27178E+00  0.00000E+00  0.94379E-04  0.00000E+00 -0.73314E-05  0.48197E+01  0.00000E+00  0.22669E+00  0.00000E+00 -0.31398E-03 -0.10000E+07 -0.76559E+01 -0.15319E+02  0.00000E+00  0.00000E+00  0.32706E+02  0.00000E+00  0.22669E+00     95  0.00000E+00      0.000
      42.0000  0.17780E+00  0.00000E+00  0.90909E-04  0.00000E+00 -0.73314E-05  0.49975E+01  0.00000E+00  0.22678E+00  0.00000E+00 -0.32131E-03 -0.10000E+07 -0.76562E+01 -0.15327E+02  0.00000E+00  0.00000E+00  0.32706E+02  0.00000E+00  0.22678E+00     97  0.00000E+00      0.000
      43.0000  0.31750E+00  0.00000E+00  0.87705E-04  0.00000E+00 -0.73016E-05  0.53150E+01  0.00000E+00  0.22687E+00  0.00000E+00 -0.32862E-03 -0.10000E+07 -0.76564E+01 -0.15334E+02  0.00000E+00  0.00000E+00  0.32706E+02  0.00000E+00  0.22687E+00     99  0.00000E+00      0.000
      44.0000  0.23622E+00  0.00000E+00  0.84745E-04  0.00000E+00 -0.72718E-05  0.55512E+01  0.00000E+00  0.22696E+00  0.00000E+00 -0.33590E-03 -0.10000E+07 -0.76567E+01 -0.15342E+02  0.00000E+00  0.00000E+00  0.32706E+02  0.00000E+00  0.22696E+00    101  0.00000E+00      0.000
      45.0000  0.66040E-01  0.00000E+00  0.82000E-04  0.00000E+00 -0.72718E-05  0.56172E+01  0.00000E+00  0.22704E+00  0.00000E+00 -0.34317E-03 -0.10000E+07 -0.76570E+01 -0.15349E+02  0.00000E+00  0.00000E+00  0.32706E+02  0.00000E+00  0.22704E+00    103  0.00000E+00      0.000
      46.0000  0.13208E+00  0.00000E+00  0.79457E-04  0.00000E+00 -0.72420E-05  0.57493E+01  0.00000E+00  0.22712E+00  0.00000E+00 -0.35043E-03 -0.10000E+07 -0.76572E+01 -0.15356E+02  0.00000E+00  0.00000E+00  0.32706E+02  0.00000E+00  0.22712E+00    105  0.00000E+00      0.000
      47.0000  0.28702E+00  0.00000E+00  0.77095E-04  0.00000E+00 -0.72420E-05  0.60363E+01  0.00000E+00  0.22720E+00  0.00000E+00 -0.35767E-03 -0.10000E+07 -0.76575E+01 -0.15364E+02  0.00000E+00  0.00000E+00  0.32706E+02  0.00000E+00  0.22720E+00    107  0.00000E+00      0.000
      48.0000  0.24130E+00  0.00000E+00  0.74895E-04  0.00000E+00 -0.72122E-05  0.62776E+01  0.00000E+00  0.22727E+00  0.00000E+00 -0.36490E-03 -0.10000E+07 -0.76577E+01 -0.15371E+02  0.00000E+00  0.00000E+00  0.32706E+02  0.00000E+00  0.22727E+00    109  0.00000E+00      0.000
      49.0000  0.14478E+00  0.00000E+00  0.72844E-04  0.00000E+00 -0.72122E-05  0.64224E+01  0.00000E+00  0.22734E+00  0.00000E+00 -0.37211E-03 -0.10000E+07 -0.76580E+01 -0.15378E+02  0.00000E+00  0.00000E+00  0.32706E+02  0.00000E+00  0.22734E+00    111  0.00000E+00      0.000
      50.0000  0.16510E+00  0.00000E+00  0.70927E-04  0.00000E+00 -0.71824E-05  0.65875E+01  0.00000E+00  0.22742E+00  0.00000E+00 -0.37931E-03 -0.10000E+07 -0.76582E+01 -0.15386E+02  0.00000E+00  0.00000E+00  0.32706E+02  0.00000E+00  0.22742E+00    113  0.00000E+00      0.000
      51.0000  0.76200E-01  0.00000E+00  0.69132E-04  0.00000E+00 -0.71824E-05  0.66637E+01  0.00000E+00  0.22749E+00  0.00000E+00 -0.38649E-03 -0.10000E+07 -0.76584E+01 -0.15393E+02  0.00000E+00  0.00000E+00  0.32706E+02  0.00000E+00  0.22749E+00    115  0.00000E+00      0.000
      52.0000  0.66040E-01  0.00000E+00  0.67452E-04  0.00000E+00 -0.71526E-05  0.67297E+01  0.00000E+00  0.22755E+00  0.00000E+00 -0.39366E-03 -0.10000E+07 -0.76586E+01 -0.15400E+02  0.00000E+00  0.00000E+00  0.32706E+02  0.00000E+00  0.22755E+00    117  0.00000E+00      0.000
      53.0000  0.22860E-01  0.00000E+00  0.65871E-04  0.00000E+00 -0.71526E-05  0.67526E+01  0.00000E+00  0.22762E+00  0.00000E+00 -0.40081E-03 -0.10000E+07 -0.76588E+01 -0.15408E+02  0.00000E+00  0.00000E+00  0.32705E+02  0.00000E+00  0.22762E+00    119  0.00000E+00      0.000
      54.0000  0.17780E-01  0.00000E+00  0.64387E-04  0.00000E+00 -0.71228E-05  0.67704E+01  0.00000E+00  0.22768E+00  0.00000E+00 -0.40795E-03 -0.10000E+07 -0.76590E+01 -0.15415E+02  0.00000E+00  0.00000E+00  0.32705E+02  0.00000E+00  0.22768E+00    121  0.00000E+00      0.000
      55.0000  0.55880E-01  0.00000E+00  0.62985E-04  0.00000E+00 -0.71228E-05  0.68262E+01  0.00000E+00  0.22775E+00  0.00000E+00 -0.41507E-03 -0.10000E+07 -0.76592E+01 -0.15422E+02  0.00000E+00  0.00000E+00  0.32705E+02  0.00000E+00  0.22775E+00    123  0.00000E+00      0.000
      56.0000  0.18542E+00  0.00000E+00  0.61661E-04  0.00000E+00 -0.70930E-05  0.70117E+01  0.00000E+00  0.22781E+00  0.00000E+00 -0.42218E-03 -0.10000E+07 -0.76594E+01 -0.15429E+02  0.00000E+00  0.00000E+00  0.32705E+02  0.00000E+00  0.22781E+00    125  0.00000E+00      0.000
      57.0000  0.20066E+00  0.00000E+00  0.60406E-04  0.00000E+00 -0.70930E-05  0.72123E+01  0.00000E+00  0.22787E+00  0.00000E+00 -0.42927E-03 -0.10000E+07 -0.76596E+01 -0.15437E+02  0.00000E+00  0.00000E+00  0.32705E+02  0.00000E+00  0.22787E+00    127  0.00000E+00      0.000
      58.0000  0.14732E+00  0.00000E+00  0.59216E-04  0.00000E+00 -0.70631E-05  0.73596E+01  0.00000E+00  0.22793E+00  0.00000E+00 -0.43635E-03 -0.10000E+07 -0.76598E+01 -0.15444E+02  0.00000E+00  0.00000E+00  0.32705E+02  0.00000E+00  0.22793E+00    129  0.00000E+00      0.000
      59.0000  0.55880E-01  0.00000E+00  0.58087E-04  0.00000E+00 -0.70632E-05  0.74155E+01  0.00000E+00  0.22799E+00  0.00000E+00 -0.44341E-03 -0.10000E+07 -0.76600E+01 -0.15451E+02  0.00000E+00  0.00000E+00  0.32705E+02  0.00000E+00  0.22799E+00    131  0.00000E+00      0.000
      60.0000  0.12446E+00  0.00000E+00  0.57012E-04  0.00000E+00 -0.70333E-05  0.75400E+01  0.00000E+00  0.22805E+00  0.00000E+00 -0.45046E-03 -0.10000E+07 -0.76602E+01 -0.15458E+02  0.00000E+00  0.00000E+00  0.32705E+02  0.00000E+00  0.22805E+00    133  0.00000E+00      0.000
      61.0000  0.21844E+00  0.00000E+00  0.55988E-04  0.00000E+00 -0.70333E-05  0.77584E+01  0.00000E+00  0.22810E+00  0.00000E+00 -0.45750E-03 -0.10000E+07 -0.76604E+01 -0.15465E+02  0.00000E+00  0.00000E+00  0.32705E+02  0.00000E+00  0.22810E+00    135  0.00000E+00      0.000
      62.0000  0.15494E+00  0.00000E+00  0.55010E-04  0.00000E+00 -0.70035E-05  0.79134E+01  0.00000E+00  0.22816E+00  0.00000E+00 -0.46451E-03 -0.10000E+07 -0.76605E+01 -0.15472E+02  0.00000E+00  0.00000E+00  0.32705E+02  0.00000E+00  0.22816E+00    137  0.00000E+00      0.000
      63.0000  0.17526E+00  0.00000E+00  0.54073E-04  0.00000E+00 -0.70035E-05  0.80886E+01  0.00000E+00  0.22821E+00  0.00000E+00 -0.47152E-03 -0.10000E+07 -0.76607E+01 -0.15480E+02  0.00000E+00  0.00000E+00  0.32705E+02  0.00000E+00  0.22821E+00    139  0.00000E+00      0.000
      64.0000  0.35560E-01  0.00000E+00  0.53177E-04  0.00000E+00 -0.69738E-05  0.81242E+01  0.00000E+00  0.22827E+00  0.00000E+00 -0.47851E-03 -0.10000E+07 -0.76609E+01 -0.15487E+02  0.00000E+00  0.00000E+00  0.32705E+02  0.00000E+00  0.22827E+00    141  0.00000E+00      0.000
      65.0000  0.50800E-01  0.00000E+00  0.52317E-04  0.00000E+00 -0.69738E-05  0.81750E+01  0.00000E+00  0.22832E+00  0.00000E+00 -0.48548E-03 -0.10000E+07 -0.76611E+01 -0.15494E+02  0.00000E+00  0.00000E+00  0.32705E+02  0.00000E+00  0.22832E+00    143  0.00000E+00      0.000
      66.0000  0.60960E-01  0.00000E+00  0.51491E-04  0.00000E+00 -0.69439E-05  0.82360E+01  0.00000E+00  0.22837E+00  0.00000E+00 -0.49244E-03 -0.10000E+07 -0.76612E+01 -0.15501E+02  0.00000E+00  0.00000E+00  0.32705E+02  0.00000E+00  0.22837E+00    145  0.00000E+00      0.000
      67.0000  0.43180E-01  0.00000E+00  0.50694E-04  0.00000E+00 -0.69439E-05  0.82791E+01  0.00000E+00  0.22842E+00  0.00000E+00 -0.49938E-03 -0.10000E+07 -0.76614E+01 -0.15508E+02  0.00000E+00  0.00000E+00  0.32705E+02  0.00000E+00  0.22842E+00    147  0.00000E+00      0.000
      68.0000  0.63500E-01  0.00000E+00  0.49926E-04  0.00000E+00 -0.69141E-05  0.83426E+01  0.00000E+00  0.22847E+00  0.00000E+00 -0.50631E-03 -0.10000E+07 -0.76615E+01 -0.15515E+02  0.00000E+00  0.00000E+00  0.32705E+02  0.00000E+00  0.22847E+00    149  0.00000E+00      0.000
      69.0000  0.27940E-01  0.00000E+00  0.49189E-04  0.00000E+00 -0.69141E-05  0.83706E+01  0.00000E+00  0.22852E+00  0.00000E+00 -0.51323E-03 -0.10000E+07 -0.76617E+01 -0.15522E+02  0.00000E+00  0.00000E+00  0.32704E+02  0.00000E+00  0.22852E+00    151  0.00000E+00      0.000
      70.0000  0.50800E-01  0.00000E+00  0.48477E-04  0.00000E+00 -0.68843E-05  0.84214E+01  0.00000E+00  0.22857E+00  0.00000E+00 -0.52013E-03 -0.10000E+07 -0.76618E+01 -0.15529E+02  0.00000E+00  0.00000E+00  0.32704E+02  0.00000E+00  0.22857E+00    153  0.00000E+00      0.000
      71.0000  0.66040E-01  0.00000E+00  0.47786E-04  0.00000E+00 -0.68843E-05  0.84874E+01  0.00000E+00  0.22862E+00  0.00000E+00 -0.52701E-03 -0.10000E+07 -0.76620E+01 -0.15536E+02  0.00000E+00  0.00000E+00  0.32704E+02  0.00000E+00  0.22862E+00    155  0.00000E+00      0.000
      72.0000  0.17272E+00  0.00000E+00  0.47119E-04  0.00000E+00 -0.68545E-05  0.86601E+01  0.00000E+00  0.22866E+00  0.00000E+00 -0.53388E-03 -0.10000E+07 -0.76622E+01 -0.15543E+02  0.00000E+00  0.00000E+00  0.32704E+02  0.00000E+00  0.22866E+00    157  0.00000E+00      0.000
      73.0000  0.22098E+00  0.00000E+00  0.46470E-04  0.00000E+00 -0.68545E-05  0.88811E+01  0.00000E+00  0.22871E+00  0.00000E+00 -0.54073E-03 -0.10000E+07 -0.76623E+01 -0.15550E+02  0.00000E+00  0.00000E+00  0.32704E+02  0.00000E+00  0.22871E+00    159  0.00000E+00      0.000
      74.0000  0.93980E-01  0.00000E+00  0.45842E-04  0.00000E+00 -0.68247E-05  0.89751E+01  0.00000E+00  0.22876E+00  0.00000E+00 -0.54757E-03 -0.10000E+07 -0.76625E+01 -0.15557E+02  0.00000E+00  0.00000E+00  0.32704E+02  0.00000E+00  0.22876E+00    161  0.00000E+00      0.000
      75.0000  0.10922E+00  0.00000E+00  0.45232E-04  0.00000E+00 -0.68247E-05  0.90843E+01  0.00000E+00  0.22880E+00  0.00000E+00 -0.55440E-03 -0.10000E+07 -0.76626E+01 -0.15564E+02  0.00000E+00  0.00000E+00  0.32704E+02  0.00000E+00  0.22880E+00    163  0.00000E+00      0.000
      76.0000  0.13208E+00  0.00000E+00  0.44638E-04  0.00000E+00 -0.67949E-05  0.92164E+01  0.00000E+00  0.22885E+00  0.00000E+00 -0.56121E-03 -0.10000E+07 -0.76627E+01 -0.15571E+02  0.00000E+00  0.00000E+00  0.32704E+02  0.00000E+00  0.22885E+00    165  0.00000E+00      0.000
      77.0000  0.19304E+00  0.00000E+00  0.44062E-04  0.00000E+00 -0.67949E-05  0.94094E+01  0.00000E+00  0.22889E+00  0.00000E+00 -0.56800E-03 -0.10000E+07 -0.76629E+01 -0.15578E+02  0.00000E+00  0.00000E+00  0.32704E+02  0.00000E+00  0.22889E+00    167  0.00000E+00      0.000
      78.0000  0.15494E+00  0.00000E+00  0.43502E-04  0.00000E+00 -0.67651E-05  0.95644E+01  0.00000E+00  0.22893E+00  0.00000E+00 -0.57478E-03 -0.10000E+07 -0.76630E+01 -0.15585E+02  0.00000E+00  0.00000E+00  0.32704E+02  0.00000E+00  0.22893E+00    169  0.00000E+00      0.000
      79.0000  0.86360E-01  0.00000E+00  0.42953E-04  0.00000E+00 -0.67651E-05  0.96507E+01  0.00000E+00  0.22898E+00  0.00000E+00 -0.58155E-03 -0.10000E+07 -0.76632E+01 -0.15591E+02  0.00000E+00  0.00000E+00  0.32704E+02  0.00000E+00  0.22898E+00    171  0.00000E+00      0.000
      80.0000  0.12954E+00  0.00000E+00  0.42422E-04  0.00000E+00 -0.67353E-05  0.97803E+01  0.00000E+00  0.22902E+00  0.00000E+00 -0.58830E-03 -0.10000E+07 -0.76633E+01 -0.15598E+02  0.00000E+00  0.00000E+00  0.32704E+02  0.00000E+00  0.22902E+00    173  0.00000E+00      0.000
      81.0000  0.13970E+00  0.00000E+00  0.41902E-04  0.00000E+00 -0.67353E-05  0.99200E+01  0.00000E+00  0.22906E+00  0.00000E+00 -0.59503E-03 -0.10000E+07 -0.76634E+01 -0.15605E+02  0.00000E+00  0.00000E+00  0.32704E+02  0.00000E+00  0.22906E+00    175  0.00000E+00      0.000
      82.0000  0.20320E+00  0.00000E+00  0.41398E-04  0.00000E+00 -0.67353E-05  0.10123E+02  0.00000E+00  0.22910E+00  0.00000E+00 -0.60177E-03 -0.10000E+07 -0.76636E+01 -0.15612E+02  0.00000E+00  0.00000E+00  0.32704E+02  0.00000E+00  0.22910E+00    177  0.00000E+00      0.000
      83.0000  0.15494E+00  0.00000E+00  0.40903E-04  0.00000E+00 -0.67055E-05  0.10278E+02  0.00000E+00  0.22914E+00  0.00000E+00 -0.60847E-03 -0.10000E+07 -0.76637E+01 -0.15619E+02  0.00000E+00  0.00000E+00  0.32704E+02  0.00000E+00  0.22914E+00    179  0.00000E+00      0.000
      84.0000  0.11176E+00  0.00000E+00  0.40416E-04  0.00000E+00 -0.67055E-05  0.10390E+02  0.00000E+00  0.22919E+00  0.00000E+00 -0.61518E-03 -0.10000E+07 -0.76638E+01 -0.15626E+02  0.00000E+00  0.00000E+00  0.32704E+02  0.00000E+00  0.22919E+00    181  0.00000E+00      0.000
      85.0000  0.10922E+00  0.00000E+00  0.39939E-04  0.00000E+00 -0.66757E-05  0.10499E+02  0.00000E+00  0.22923E+00  0.00000E+00 -0.62186E-03 -0.10000E+07 -0.76640E+01 -0.15632E+02  0.00000E+00  0.00000E+00  0.32704E+02  0.00000E+00  0.22923E+00    183  0.00000E+00      0.000
      86.0000  0.17018E+00  0.00000E+00  0.39477E-04  0.00000E+00 -0.66757E-05  0.10669E+02  0.00000E+00  0.22926E+00  0.00000E+00 -0.62853E-03 -0.10000E+07 -0.76641E+01 -0.15639E+02  0.00000E+00  0.00000E+00  0.32704E+02  0.00000E+00  0.22926E+00    185  0.00000E+00      0.000
      87.0000  0.12192E+00  0.00000E+00  0.39024E-04  0.00000E+00 -0.66459E-05  0.10791E+02  0.00000E+00  0.22930E+00  0.00000E+00 -0.63518E-03 -0.10000E+07 -0.76642E+01 -0.15646E+02  0.00000E+00  0.00000E+00  0.32704E+02  0.00000E+00  0.22930E+00    187  0.00000E+00      0.000
      88.0000  0.12192E+00  0.00000E+00  0.38577E-04  0.00000E+00 -0.66459E-05  0.10913E+02  0.00000E+00  0.22934E+00  0.00000E+00 -0.64182E-03 -0.10000E+07 -0.76644E+01 -0.15653E+02  0.00000E+00  0.00000E+00  0.32704E+02  0.00000E+00  0.22934E+00    189  0.00000E+00      0.000
      89.0000  0.81280E-01  0.00000E+00  0.38144E-04  0.00000E+00 -0.66161E-05  0.10994E+02  0.00000E+00  0.22938E+00  0.00000E+00 -0.64844E-03 -0.10000E+07 -0.76645E+01 -0.15659E+02  0.00000E+00  0.00000E+00  0.32703E+02  0.00000E+00  0.22938E+00    191  0.00000E+00      0.000
      90.0000  0.19558E+00  0.00000E+00  0.37719E-04  0.00000E+00 -0.66161E-05  0.11190E+02  0.00000E+00  0.22942E+00  0.00000E+00 -0.65506E-03 -0.10000E+07 -0.76646E+01 -0.15666E+02  0.00000E+00  0.00000E+00  0.32703E+02  0.00000E+00  0.22942E+00    193  0.00000E+00      0.000
      91.0000  0.00000E+00  0.25400E+00  0.44138E-14  0.25400E+00 -0.65863E-05  0.11190E+02  0.25400E+00  0.22942E+00  0.25400E+00 -0.66166E-03 -0.96626E+06 -0.24198E+02 -0.15673E+02  0.00000E+00  0.00000E+00  0.32576E+02  0.00000E+00  0.22942E+00    195  0.00000E+00      0.000
      92.0000  0.00000E+00  0.23114E+00  0.15582E-25  0.23114E+00 -0.65863E-05  0.11190E+02  0.48514E+00  0.22942E+00  0.48514E+00 -0.66824E-03 -0.96569E+06 -0.39110E+02 -0.15680E+02  0.00000E+00  0.00000E+00  0.32334E+02  0.00000E+00  0.22942E+00    197  0.00000E+00      0.000
      93.0000  0.00000E+00  0.10922E+00  0.96551E-31  0.10922E+00 -0.65565E-05  0.11190E+02  0.59436E+00  0.22942E+00  0.59436E+00 -0.67481E-03 -0.96563E+06 -0.51525E+02 -0.15686E+02  0.00000E+00  0.00000E+00  0.32164E+02  0.00000E+00  0.22942E+00    199  0.00000E+00      0.000
      94.0000  0.00000E+00  0.66040E-01  0.96549E-31  0.66040E-01 -0.65565E-05  0.11190E+02  0.66040E+00  0.22942E+00  0.66040E+00 -0.68137E-03 -0.96563E+06 -0.58931E+02 -0.15693E+02  0.00000E+00  0.00000E+00  0.32076E+02  0.00000E+00  0.22942E+00    201  0.00000E+00      0.000
      95.0000  0.00000E+00  0.16256E+00  0.96546E-31  0.16256E+00 -0.65267E-05  0.11190E+02  0.82296E+00  0.22942E+00  0.82296E+00 -0.68791E-03 -0.96563E+06 -0.70113E+02 -0.15700E+02  0.00000E+00  0.00000E+00  0.31962E+02  0.00000E+00  0.22942E+00    203  0.00000E+00      0.000
      96.0000  0.00000E+00  0.33274E+00  0.96534E-31  0.33274E+00 -0.65267E-05  0.11190E+02  0.11557E+01  0.22942E+00  0.11557E+01 -0.69444E-03 -0.96564E+06 -0.10380E+03 -0.15706E+02  0.00000E+00  0.00000E+00  0.31714E+02  0.00000E+00  0.22942E+00    205  0.00000E+00      0.000
      97.0000  0.00000E+00  0.37338E+00  0.96487E-31  0.33367E+00 -0.65267E-05  0.11190E+02  0.15291E+01  0.22942E+00  0.15060E+01 -0.70097E-03 -0.96563E+06 -0.20909E+03 -0.15713E+02  0.00000E+00  0.00000E+00  0.31364E+02  0.00000E+00  0.22942E+00    207  0.00000E+00      0.000
      98.0000  0.00000E+00  0.37846E+00  0.96433E-31  0.25402E+00 -0.64969E-05  0.11190E+02  0.19075E+01  0.22942E+00  0.17775E+01 -0.70746E-03 -0.96563E+06 -0.39872E+03 -0.15720E+02  0.00000E+00  0.00000E+00  0.31053E+02  0.00000E+00  0.22942E+00    209  0.00000E+00      0.000
      99.0000  0.00000E+00  0.45720E+00  0.96411E-31  0.21641E+00 -0.64969E-05  0.11190E+02  0.23647E+01  0.22942E+00  0.20131E+01 -0.71396E-03 -0.96563E+06 -0.59413E+03 -0.15726E+02  0.00000E+00  0.00000E+00  0.30798E+02  0.00000E+00  0.22942E+00    211  0.00000E+00      0.000
     100.0000  0.00000E+00  0.54864E+00  0.96405E-31  0.18342E+00 -0.64671E-05  0.11190E+02  0.29134E+01  0.22942E+00  0.22135E+01 -0.72043E-03 -0.96564E+06 -0.77134E+03 -0.15733E+02  0.00000E+00  0.00000E+00  0.30582E+02  0.00000E+00  0.22942E+00    213  0.00000E+00      0.000
     101.0000  0.00000E+00  0.47244E+00  0.96403E-31  0.12193E+00 -0.64671E-05  0.11190E+02  0.33858E+01  0.22942E+00  0.23428E+01 -0.72689E-03 -0.96563E+06 -0.92241E+03 -0.15739E+02  0.00000E+00  0.00000E+00  0.30421E+02  0.00000E+00  0.22942E+00    215  0.00000E+00      0.000
     102.0000  0.00000E+00  0.18288E+00  0.96403E-31  0.44101E-01 -0.64373E-05  0.11190E+02  0.35687E+01  0.22942E+00  0.23892E+01 -0.73333E-03 -0.96563E+06 -0.10157E+04 -0.15746E+02  0.00000E+00  0.00000E+00  0.30336E+02  0.00000E+00  0.22942E+00    217  0.00000E+00      0.000
     103.0000  0.00000E+00  0.96520E-01  0.96403E-31  0.19931E-01 -0.64373E-05  0.11190E+02  0.36652E+01  0.22942E+00  0.24099E+01 -0.73977E-03 -0.96563E+06 -0.10611E+04 -0.15752E+02  0.00000E+00  0.00000E+00  0.30303E+02  0.00000E+00  0.22942E+00    219  0.00000E+00      0.000
     104.0000  0.00000E+00  0.18034E+00  0.96403E-31  0.29865E-01 -0.64075E-05  0.11190E+02  0.38456E+01  0.22942E+00  0.24415E+01 -0.74619E-03 -0.96564E+06 -0.10977E+04 -0.15759E+02  0.00000E+00  0.00000E+00  0.30277E+02  0.00000E+00  0.22942E+00    221  0.00000E+00      0.000
     105.0000  0.00000E+00  0.29210E+00  0.96403E-31  0.41646E-01 -0.64075E-05  0.11190E+02  0.41377E+01  0.22942E+00  0.24841E+01 -0.75260E-03 -0.96563E+06 -0.11285E+04 -0.15765E+02  0.00000E+00  0.00000E+00  0.30240E+02  0.00000E+00  0.22942E+00    223  0.00000E+00      0.000
     106.0000  0.00000E+00  0.40640E+00  0.96403E-31  0.55172E-01 -0.63777E-05  0.11190E+02  0.45441E+01  0.22942E+00  0.25398E+01 -0.75899E-03 -0.96563E+06 -0.11605E+04 -0.15772E+02  0.00000E+00  0.00000E+00  0.30191E+02  0.00000E+00  0.22942E+00    225  0.00000E+00      0.000
     107.0000  0.00000E+00  0.35052E+00  0.96403E-31  0.39085E-01 -0.63777E-05  0.11190E+02  0.48946E+01  0.22942E+00  0.25814E+01 -0.76537E-03 -0.96563E+06 -0.12089E+04 -0.15778E+02  0.00000E+00  0.00000E+00  0.30141E+02  0.00000E+00  0.22942E+00    227  0.00000E+00      0.000
     108.0000  0.00000E+00  0.12446E+00  0.96403E-31  0.12448E-01 -0.63479E-05  0.11190E+02  0.50190E+01  0.22942E+00  0.25942E+01 -0.77173E-03 -0.96564E+06 -0.12416E+04 -0.15785E+02  0.00000E+00  0.00000E+00  0.30115E+02  0.00000E+00  0.22942E+00    229  0.00000E+00      0.000
     109.0000  0.00000E+00  0.12446E+00  0.96403E-31  0.10825E-01 -0.63479E-05  0.11190E+02  0.51435E+01  0.22942E+00  0.26053E+01 -0.77808E-03 -0.96563E+06 -0.12593E+04 -0.15791E+02  0.00000E+00  0.00000E+00  0.30103E+02  0.00000E+00  0.22942E+00    231  0.00000E+00      0.000
     110.0000  0.00000E+00  0.13716E+00  0.96403E-31  0.10827E-01 -0.63479E-05  0.11190E+02  0.52807E+01  0.22942E+00  0.26164E+01 -0.78443E-03 -0.96563E+06 -0.12710E+04 -0.15798E+02  0.00000E+00  0.00000E+00  0.30092E+02  0.00000E+00  0.22942E+00    233  0.00000E+00      0.000
     111.0000  0.00000E+00  0.11430E+00  0.96403E-31  0.85554E-02 -0.63181E-05  0.11190E+02  0.53950E+01  0.22942E+00  0.26250E+01 -0.79075E-03 -0.96563E+06 -0.12785E+04 -0.15804E+02  0.00000E+00  0.00000E+00  0.30083E+02  0.00000E+00  0.22942E+00    235  0.00000E+00      0.000
     112.0000  0.00000E+00  0.21590E+00  0.96403E-31  0.15292E-01 -0.63181E-05  0.11190E+02  0.56109E+01  0.22942E+00  0.26405E+01 -0.79706E-03 -0.96564E+06 -0.12864E+04 -0.15811E+02  0.00000E+00  0.00000E+00  0.30070E+02  0.00000E+00  0.22942E+00    237  0.00000E+00      0.000
     113.0000  0.00000E+00  0.25908E+00  0.96403E-31  0.17814E-01 -0.62883E-05  0.11190E+02  0.58699E+01  0.22942E+00  0.26584E+01 -0.80335E-03 -0.96563E+06 -0.12953E+04 -0.15817E+02  0.00000E+00  0.00000E+00  0.30054E+02  0.00000E+00  0.22942E+00    239  0.00000E+00      0.000
     114.0000  0.00000E+00  0.28194E+00  0.96403E-31  0.19248E-01 -0.62883E-05  0.11190E+02  0.61519E+01  0.22942E+00  0.26777E+01 -0.80964E-03 -0.96563E+06 -0.13049E+04 -0.15823E+02  0.00000E+00  0.00000E+00  0.30035E+02  0.00000E+00  0.22942E+00    241  0.00000E+00      0.000
     115.0000  0.00000E+00  0.36068E+00  0.96403E-31  0.24593E-01 -0.62585E-05  0.11190E+02  0.65126E+01  0.22942E+00  0.27023E+01 -0.81591E-03 -0.96563E+06 -0.13190E+04 -0.15830E+02  0.00000E+00  0.00000E+00  0.30013E+02  0.00000E+00  0.22942E+00    243  0.00000E+00      0.000
     116.0000  0.00000E+00  0.36830E+00  0.96403E-31  0.22803E-01 -0.62585E-05  0.11190E+02  0.68809E+01  0.22942E+00  0.27260E+01 -0.82217E-03 -0.96564E+06 -0.13419E+04 -0.15836E+02  0.00000E+00  0.00000E+00  0.29989E+02  0.00000E+00  0.22942E+00    245  0.00000E+00      0.000
     117.0000  0.00000E+00  0.23622E+00  0.96403E-31  0.13383E-01 -0.62287E-05  0.11190E+02  0.71171E+01  0.22942E+00  0.27399E+01 -0.82842E-03 -0.96563E+06 -0.13661E+04 -0.15843E+02  0.00000E+00  0.00000E+00  0.29970E+02  0.00000E+00  0.22942E+00    247  0.00000E+00      0.000
     118.0000  0.00000E+00  0.37846E+00  0.96403E-31  0.15530E-01 -0.62287E-05  0.11190E+02  0.74955E+01  0.22942E+00  0.27565E+01 -0.83464E-03 -0.96563E+06 -0.13925E+04 -0.15849E+02  0.00000E+00  0.00000E+00  0.29954E+02  0.00000E+00  0.22942E+00    249  0.00000E+00      0.000
     119.0000  0.00000E+00  0.36322E+00  0.96403E-31  0.11485E-01 -0.62287E-05  0.11190E+02  0.78588E+01  0.22942E+00  0.27687E+01 -0.84087E-03 -0.96563E+06 -0.14166E+04 -0.15855E+02  0.00000E+00  0.00000E+00  0.29940E+02  0.00000E+00  0.22942E+00    251  0.00000E+00      0.000
     120.0000  0.00000E+00  0.41148E+00  0.96403E-31  0.10853E-01 -0.61989E-05  0.11190E+02  0.82702E+01  0.22942E+00  0.27800E+01 -0.84707E-03 -0.96564E+06 -0.14298E+04 -0.15862E+02  0.00000E+00  0.00000E+00  0.29929E+02  0.00000E+00  0.22942E+00    253  0.00000E+00      0.000
     121.0000  0.00000E+00  0.39624E+00  0.96403E-31  0.14269E+00 -0.61989E-05  0.11190E+02  0.86665E+01  0.22942E+00  0.28927E+01 -0.85327E-03 -0.96563E+06 -0.69057E+03 -0.15868E+02  0.00000E+00  0.00000E+00  0.29882E+02  0.00000E+00  0.22942E+00    255  0.00000E+00      0.000
     122.0000  0.00000E+00  0.35306E+00  0.96403E-31  0.12672E+00 -0.61691E-05  0.11190E+02  0.90195E+01  0.22942E+00  0.30195E+01 -0.85944E-03 -0.96563E+06 -0.69707E+03 -0.15874E+02  0.00000E+00  0.00000E+00  0.29747E+02  0.00000E+00  0.22942E+00    257  0.00000E+00      0.000
     123.0000  0.00000E+00  0.36322E+00  0.96403E-31  0.13029E+00 -0.61691E-05  0.11190E+02  0.93828E+01  0.22942E+00  0.31498E+01 -0.86561E-03 -0.96563E+06 -0.70343E+03 -0.15880E+02  0.00000E+00  0.00000E+00  0.29619E+02  0.00000E+00  0.22942E+00    259  0.00000E+00      0.000
     124.0000  0.00000E+00  0.39878E+00  0.96403E-31  0.14304E+00 -0.61393E-05  0.11190E+02  0.97815E+01  0.22942E+00  0.32928E+01 -0.87176E-03 -0.96564E+06 -0.71175E+03 -0.15887E+02  0.00000E+00  0.00000E+00  0.29482E+02  0.00000E+00  0.22942E+00    261  0.00000E+00      0.000
     125.0000  0.00000E+00  0.23876E+00  0.96403E-31  0.85642E-01 -0.61393E-05  0.11190E+02  0.10020E+02  0.22942E+00  0.33785E+01 -0.87790E-03 -0.96563E+06 -0.72123E+03 -0.15893E+02  0.00000E+00  0.00000E+00  0.29368E+02  0.00000E+00  0.22942E+00    263  0.00000E+00      0.000
     126.0000  0.00000E+00  0.93980E-01  0.96403E-31  0.33710E-01 -0.61095E-05  0.11190E+02  0.10114E+02  0.22942E+00  0.34122E+01 -0.88403E-03 -0.96563E+06 -0.72778E+03 -0.15899E+02  0.00000E+00  0.00000E+00  0.29308E+02  0.00000E+00  0.22942E+00    265  0.00000E+00      0.000
     127.0000  0.00000E+00  0.28956E+00  0.96403E-31  0.10299E+00 -0.61095E-05  0.11190E+02  0.10404E+02  0.22942E+00  0.35156E+01 -0.89014E-03 -0.96563E+06 -0.73731E+03 -0.15905E+02  0.00000E+00  0.00000E+00  0.29239E+02  0.00000E+00  0.22942E+00    267  0.00000E+00      0.000
     128.0000  0.00000E+00  0.37084E+00  0.96403E-31  0.12263E+00 -0.61095E-05  0.11190E+02  0.10775E+02  0.22942E+00  0.36403E+01 -0.89625E-03 -0.96564E+06 -0.75799E+03 -0.15912E+02  0.00000E+00  0.00000E+00  0.29124E+02  0.00000E+00  0.22942E+00    269  0.00000E+00      0.000
     129.0000  0.00000E+00  0.27432E+00  0.96403E-31  0.86367E-01 -0.60797E-05  0.11190E+02  0.11049E+02  0.22942E+00  0.37278E+01 -0.90232E-03 -0.96563E+06 -0.77647E+03 -0.15918E+02  0.00000E+00  0.00000E+00  0.29019E+02  0.00000E+00  0.22942E+00    271  0.00000E+00      0.000
     130.0000  0.00000E+00  0.32512E+00  0.96403E-31  0.98997E-01 -0.60797E-05  0.11190E+02  0.11374E+02  0.22942E+00  0.38275E+01 -0.90840E-03 -0.96563E+06 -0.78803E+03 -0.15924E+02  0.00000E+00  0.00000E+00  0.28925E+02  0.00000E+00  0.22942E+00    273  0.00000E+00      0.000
     131.0000  0.00000E+00  0.22860E+00  0.96403E-31  0.68837E-01 -0.60499E-05  0.11190E+02  0.11603E+02  0.22942E+00  0.38966E+01 -0.91445E-03 -0.96563E+06 -0.79476E+03 -0.15930E+02  0.00000E+00  0.00000E+00  0.28841E+02  0.00000E+00  0.22942E+00    275  0.00000E+00      0.000
     132.0000  0.00000E+00  0.29972E+00  0.96403E-31  0.89740E-01 -0.60499E-05  0.11190E+02  0.11902E+02  0.22942E+00  0.39864E+01 -0.92050E-03 -0.96564E+06 -0.80040E+03 -0.15936E+02  0.00000E+00  0.00000E+00  0.28762E+02  0.00000E+00  0.22942E+00    277  0.00000E+00      0.000
     133.0000  0.00000E+00  0.18288E+00  0.96403E-31  0.54694E-01 -0.60201E-05  0.11190E+02  0.12085E+02  0.22942E+00  0.40411E+01 -0.92654E-03 -0.96563E+06 -0.80494E+03 -0.15942E+02  0.00000E+00  0.00000E+00  0.28689E+02  0.00000E+00  0.22942E+00    279  0.00000E+00      0.000
     134.0000  0.00000E+00  0.21336E+00  0.96403E-31  0.63786E-01 -0.60201E-05  0.11190E+02  0.12299E+02  0.22942E+00  0.41049E+01 -0.93256E-03 -0.96563E+06 -0.80921E+03 -0.15948E+02  0.00000E+00  0.00000E+00  0.28630E+02  0.00000E+00  0.22942E+00    281  0.00000E+00      0.000
     135.0000  0.00000E+00  0.42926E+00  0.96403E-31  0.12831E+00 -0.60201E-05  0.11190E+02  0.12728E+02  0.22942E+00  0.42332E+01 -0.93858E-03 -0.96563E+06 -0.81682E+03 -0.15955E+02  0.00000E+00  0.00000E+00  0.28534E+02  0.00000E+00  0.22942E+00    283  0.00000E+00      0.000
     136.0000  0.00000E+00  0.51816E+00  0.96403E-31  0.15488E+00 -0.59903E-05  0.11190E+02  0.13246E+02  0.22942E+00  0.43881E+01 -0.94457E-03 -0.96564E+06 -0.83200E+03 -0.15961E+02  0.00000E+00  0.00000E+00  0.28392E+02  0.00000E+00  0.22942E+00    285  0.00000E+00      0.000
     137.0000  0.00000E+00  0.18542E+00  0.96403E-31  0.55424E-01 -0.59903E-05  0.11190E+02  0.13432E+02  0.22942E+00  0.44435E+01 -0.95056E-03 -0.96563E+06 -0.84795E+03 -0.15967E+02  0.00000E+00  0.00000E+00  0.28287E+02  0.00000E+00  0.22942E+00    287  0.00000E+00      0.000
     138.0000  0.00000E+00  0.33528E+00  0.96403E-31  0.99287E-01 -0.59605E-05  0.11190E+02  0.13767E+02  0.22942E+00  0.45433E+01 -0.95652E-03 -0.96563E+06 -0.86388E+03 -0.15973E+02  0.00000E+00  0.00000E+00  0.28209E+02  0.00000E+00  0.22942E+00    289  0.00000E+00      0.000
     139.0000  0.00000E+00  0.42672E+00  0.96403E-31  0.11751E+00 -0.59605E-05  0.11190E+02  0.14194E+02  0.22942E+00  0.46627E+01 -0.96248E-03 -0.96564E+06 -0.89435E+03 -0.15979E+02  0.00000E+00  0.00000E+00  0.28099E+02  0.00000E+00  0.22942E+00    291  0.00000E+00      0.000
     140.0000  0.00000E+00  0.40640E+00  0.96403E-31  0.10178E+00 -0.59307E-05  0.11190E+02  0.14600E+02  0.22942E+00  0.47674E+01 -0.96843E-03 -0.96564E+06 -0.93379E+03 -0.15985E+02  0.00000E+00  0.00000E+00  0.27987E+02  0.00000E+00  0.22942E+00    293  0.00000E+00      0.000
     141.0000  0.00000E+00  0.44450E+00  0.96403E-31  0.99718E-01 -0.59307E-05  0.11190E+02  0.15044E+02  0.22942E+00  0.48697E+01 -0.97436E-03 -0.96563E+06 -0.97340E+03 -0.15991E+02  0.00000E+00  0.00000E+00  0.27883E+02  0.00000E+00  0.22942E+00    295  0.00000E+00      0.000
     142.0000  0.00000E+00  0.35052E+00  0.96403E-31  0.71809E-01 -0.59307E-05  0.11190E+02  0.15395E+02  0.22942E+00  0.49437E+01 -0.98029E-03 -0.96563E+06 -0.10089E+04 -0.15997E+02  0.00000E+00  0.00000E+00  0.27795E+02  0.00000E+00  0.22942E+00    297  0.00000E+00      0.000
     143.0000  0.00000E+00  0.40894E+00  0.96403E-31  0.74569E-01 -0.59009E-05  0.11190E+02  0.15804E+02  0.22942E+00  0.50201E+01 -0.98619E-03 -0.96564E+06 -0.10408E+04 -0.16003E+02  0.00000E+00  0.00000E+00  0.27720E+02  0.00000E+00  0.22942E+00    299  0.00000E+00      0.000
     144.0000  0.00000E+00  0.27940E+00  0.96403E-31  0.48198E-01 -0.59009E-05  0.11190E+02  0.16083E+02  0.22942E+00  0.50690E+01 -0.99209E-03 -0.96563E+06 -0.10662E+04 -0.16009E+02  0.00000E+00  0.00000E+00  0.27658E+02  0.00000E+00  0.22942E+00    301  0.00000E+00      0.000
     145.0000  0.00000E+00  0.14732E+00  0.96403E-31  0.24538E-01 -0.58711E-05  0.11190E+02  0.16231E+02  0.22942E+00  0.50938E+01 -0.99796E-03 -0.96563E+06 -0.10831E+04 -0.16015E+02  0.00000E+00  0.00000E+00  0.27622E+02  0.00000E+00  0.22942E+00    303  0.00000E+00      0.000
     146.0000  0.00000E+00  0.11938E+00  0.96403E-31  0.19407E-01 -0.58711E-05  0.11190E+02  0.16350E+02  0.22942E+00  0.51133E+01 -0.10038E-02 -0.96563E+06 -0.10934E+04 -0.16021E+02  0.00000E+00  0.00000E+00  0.27600E+02  0.00000E+00  0.22942E+00    305  0.00000E+00      0.000
     147.0000  0.00000E+00  0.10922E+00  0.96403E-31  0.17434E-01 -0.58413E-05  0.11190E+02  0.16459E+02  0.22942E+00  0.51308E+01 -0.10097E-02 -0.96564E+06 -0.11019E+04 -0.16027E+02  0.00000E+00  0.00000E+00  0.27581E+02  0.00000E+00  0.22942E+00    307  0.00000E+00      0.000
     148.0000  0.00000E+00  0.37846E+00  0.96403E-31  0.52520E-01 -0.58413E-05  0.11190E+02  0.16838E+02  0.22942E+00  0.51844E+01 -0.10155E-02 -0.96563E+06 -0.11171E+04 -0.16033E+02  0.00000E+00  0.00000E+00  0.27545E+02  0.00000E+00  0.22942E+00    309  0.00000E+00      0.000
     149.0000  0.00000E+00  0.44196E+00  0.96403E-31  0.56231E-01 -0.58413E-05  0.11190E+02  0.17280E+02  0.22942E+00  0.52418E+01 -0.10214E-02 -0.96563E+06 -0.11400E+04 -0.16039E+02  0.00000E+00  0.00000E+00  0.27489E+02  0.00000E+00  0.22942E+00    311  0.00000E+00      0.000
     150.0000  0.00000E+00  0.44958E+00  0.96403E-31  0.51601E-01 -0.58115E-05  0.11190E+02  0.17729E+02  0.22942E+00  0.52947E+01 -0.10272E-02 -0.96563E+06 -0.11628E+04 -0.16045E+02  0.00000E+00  0.00000E+00  0.27434E+02  0.00000E+00  0.22942E+00    313  0.00000E+00      0.000
     151.0000  0.00000E+00  0.33528E+00  0.96403E-31  0.36593E-01 -0.58115E-05  0.11190E+02  0.18064E+02  0.22942E+00  0.53320E+01 -0.10330E-02 -0.96564E+06 -0.11806E+04 -0.16051E+02  0.00000E+00  0.00000E+00  0.27389E+02  0.00000E+00  0.22942E+00    315  0.00000E+00      0.000
     152.0000  0.00000E+00  0.26162E+00  0.96403E-31  0.81304E-01 -0.57817E-05  0.11190E+02  0.18326E+02  0.22942E+00  0.54013E+01 -0.10388E-02 -0.96563E+06 -0.78934E+03 -0.16057E+02  0.00000E+00  0.00000E+00  0.27342E+02  0.00000E+00  0.22942E+00    317  0.00000E+00      0.000
     153.0000  0.00000E+00  0.10414E+00  0.96403E-31  0.32222E-01 -0.57817E-05  0.11190E+02  0.18430E+02  0.22942E+00  0.54337E+01 -0.10446E-02 -0.96563E+06 -0.79647E+03 -0.16062E+02  0.00000E+00  0.00000E+00  0.27285E+02  0.00000E+00  0.22942E+00    319  0.00000E+00      0.000
     154.0000  0.00000E+00  0.19050E+00  0.96403E-31  0.57437E-01 -0.57817E-05  0.11190E+02  0.18621E+02  0.22942E+00  0.54914E+01 -0.10504E-02 -0.96563E+06 -0.80321E+03 -0.16068E+02  0.00000E+00  0.00000E+00  0.27240E+02  0.00000E+00  0.22942E+00    321  0.00000E+00      0.000
     155.0000  0.00000E+00  0.41656E+00  0.96403E-31  0.12132E+00 -0.57518E-05  0.11190E+02  0.19037E+02  0.22942E+00  0.56137E+01 -0.10561E-02 -0.96564E+06 -0.81428E+03 -0.16074E+02  0.00000E+00  0.00000E+00  0.27150E+02  0.00000E+00  0.22942E+00    323  0.00000E+00      0.000
     156.0000  0.00000E+00  0.37592E+00  0.96403E-31  0.10626E+00 -0.57518E-05  0.11190E+02  0.19413E+02  0.22942E+00  0.57208E+01 -0.10619E-02 -0.96563E+06 -0.82778E+03 -0.16080E+02  0.00000E+00  0.00000E+00  0.27035E+02  0.00000E+00  0.22942E+00    325  0.00000E+00      0.000
     157.0000  0.00000E+00  0.32258E+00  0.96403E-31  0.88859E-01 -0.57220E-05  0.11190E+02  0.19736E+02  0.22942E+00  0.58103E+01 -0.10676E-02 -0.96563E+06 -0.83970E+03 -0.16086E+02  0.00000E+00  0.00000E+00  0.26937E+02  0.00000E+00  0.22942E+00    327  0.00000E+00      0.000
     158.0000  0.00000E+00  0.41910E+00  0.96403E-31  0.11103E+00 -0.57220E-05  0.11190E+02  0.20155E+02  0.22942E+00  0.59222E+01 -0.10733E-02 -0.96563E+06 -0.85293E+03 -0.16092E+02  0.00000E+00  0.00000E+00  0.26836E+02  0.00000E+00  0.22942E+00    329  0.00000E+00      0.000
     159.0000  0.00000E+00  0.28448E+00  0.96403E-31  0.74003E-01 -0.57220E-05  0.11190E+02  0.20439E+02  0.22942E+00  0.59966E+01 -0.10791E-02 -0.96564E+06 -0.86481E+03 -0.16097E+02  0.00000E+00  0.00000E+00  0.26743E+02  0.00000E+00  0.22942E+00    331  0.00000E+00      0.000
     160.0000  0.00000E+00  0.19304E+00  0.96403E-31  0.49672E-01 -0.56922E-05  0.11190E+02  0.20632E+02  0.22942E+00  0.60464E+01 -0.10847E-02 -0.96563E+06 -0.87282E+03 -0.16103E+02  0.00000E+00  0.00000E+00  0.26681E+02  0.00000E+00  0.22942E+00    333  0.00000E+00      0.000
     161.0000  0.00000E+00  0.24638E+00  0.96403E-31  0.62645E-01 -0.56922E-05  0.11190E+02  0.20879E+02  0.22942E+00  0.61092E+01 -0.10904E-02 -0.96563E+06 -0.87996E+03 -0.16109E+02  0.00000E+00  0.00000E+00  0.26625E+02  0.00000E+00  0.22942E+00    335  0.00000E+00      0.000
     162.0000  0.00000E+00  0.41148E+00  0.96403E-31  0.99190E-01 -0.56624E-05  0.11190E+02  0.21290E+02  0.22942E+00  0.62092E+01 -0.10961E-02 -0.96563E+06 -0.89042E+03 -0.16115E+02  0.00000E+00  0.00000E+00  0.26543E+02  0.00000E+00  0.22942E+00    337  0.00000E+00      0.000
     163.0000  0.00000E+00  0.41402E+00  0.96403E-31  0.96486E-01 -0.56624E-05  0.11190E+02  0.21704E+02  0.22942E+00  0.63065E+01 -0.11018E-02 -0.96564E+06 -0.90314E+03 -0.16121E+02  0.00000E+00  0.00000E+00  0.26445E+02  0.00000E+00  0.22942E+00    339  0.00000E+00      0.000
     164.0000  0.00000E+00  0.46482E+00  0.96403E-31  0.10499E+00 -0.56326E-05  0.11190E+02  0.22169E+02  0.22942E+00  0.64123E+01 -0.11074E-02 -0.96563E+06 -0.91605E+03 -0.16126E+02  0.00000E+00  0.00000E+00  0.26343E+02  0.00000E+00  0.22942E+00    341  0.00000E+00      0.000
     165.0000  0.00000E+00  0.44958E+00  0.96403E-31  0.98289E-01 -0.56326E-05  0.11190E+02  0.22619E+02  0.22942E+00  0.65115E+01 -0.11130E-02 -0.96563E+06 -0.92866E+03 -0.16132E+02  0.00000E+00  0.00000E+00  0.26241E+02  0.00000E+00  0.22942E+00    343  0.00000E+00      0.000
     166.0000  0.00000E+00  0.26924E+00  0.96403E-31  0.58681E-01 -0.56326E-05  0.11190E+02  0.22888E+02  0.22942E+00  0.65706E+01 -0.11187E-02 -0.96563E+06 -0.93830E+03 -0.16138E+02  0.00000E+00  0.00000E+00  0.26162E+02  0.00000E+00  0.22942E+00    345  0.00000E+00      0.000
     167.0000  0.00000E+00  0.43180E+00  0.96403E-31  0.89272E-01 -0.56028E-05  0.11190E+02  0.23320E+02  0.22942E+00  0.66606E+01 -0.11243E-02 -0.96564E+06 -0.94826E+03 -0.16143E+02  0.00000E+00  0.00000E+00  0.26087E+02  0.00000E+00  0.22942E+00    347  0.00000E+00      0.000
     168.0000  0.00000E+00  0.39370E+00  0.96403E-31  0.79012E-01 -0.56028E-05  0.11190E+02  0.23713E+02  0.22942E+00  0.67402E+01 -0.11299E-02 -0.96563E+06 -0.95968E+03 -0.16149E+02  0.00000E+00  0.00000E+00  0.26002E+02  0.00000E+00  0.22942E+00    349  0.00000E+00      0.000
     169.0000  0.00000E+00  0.34036E+00  0.96403E-31  0.66737E-01 -0.56028E-05  0.11190E+02  0.24054E+02  0.22942E+00  0.68074E+01 -0.11355E-02 -0.96563E+06 -0.96952E+03 -0.16155E+02  0.00000E+00  0.00000E+00  0.25929E+02  0.00000E+00  0.22942E+00    351  0.00000E+00      0.000
     170.0000  0.00000E+00  0.46990E+00  0.96403E-31  0.89294E-01 -0.55730E-05  0.11190E+02  0.24524E+02  0.22942E+00  0.68974E+01 -0.11411E-02 -0.96563E+06 -0.97991E+03 -0.16161E+02  0.00000E+00  0.00000E+00  0.25850E+02  0.00000E+00  0.22942E+00    353  0.00000E+00      0.000
     171.0000  0.00000E+00  0.44450E+00  0.96403E-31  0.82040E-01 -0.55730E-05  0.11190E+02  0.24968E+02  0.22942E+00  0.69801E+01 -0.11466E-02 -0.96564E+06 -0.99030E+03 -0.16166E+02  0.00000E+00  0.00000E+00  0.25764E+02  0.00000E+00  0.22942E+00    355  0.00000E+00      0.000
     172.0000  0.00000E+00  0.34798E+00  0.96403E-31  0.63123E-01 -0.55432E-05  0.11190E+02  0.25316E+02  0.22942E+00  0.70438E+01 -0.11522E-02 -0.96563E+06 -0.99973E+03 -0.16172E+02  0.00000E+00  0.00000E+00  0.25691E+02  0.00000E+00  0.22942E+00    357  0.00000E+00      0.000
     173.0000  0.00000E+00  0.40640E+00  0.96403E-31  0.70989E-01 -0.55432E-05  0.11190E+02  0.25723E+02  0.22942E+00  0.71153E+01 -0.11577E-02 -0.96563E+06 -0.10090E+04 -0.16177E+02  0.00000E+00  0.00000E+00  0.25623E+02  0.00000E+00  0.22942E+00    359  0.00000E+00      0.000
     174.0000  0.00000E+00  0.32004E+00  0.96403E-31  0.54750E-01 -0.55432E-05  0.11190E+02  0.26043E+02  0.22942E+00  0.71704E+01 -0.11633E-02 -0.96563E+06 -0.10180E+04 -0.16183E+02  0.00000E+00  0.00000E+00  0.25560E+02  0.00000E+00  0.22942E+00    361  0.00000E+00      0.000
     175.0000  0.00000E+00  0.40132E+00  0.96403E-31  0.66503E-01 -0.55134E-05  0.11190E+02  0.26444E+02  0.22942E+00  0.72374E+01 -0.11688E-02 -0.96564E+06 -0.10268E+04 -0.16189E+02  0.00000E+00  0.00000E+00  0.25499E+02  0.00000E+00  0.22942E+00    363  0.00000E+00      0.000
     176.0000 -0.21611E+01  0.34036E+00 -0.74570E+00  0.11393E+00 -0.60282E-05  0.90289E+01  0.26784E+02 -0.11525E+01  0.73344E+01 -0.11733E-02  0.00000E+00 -0.82303E+03 -0.16193E+02  0.14154E+01  0.78014E+00  0.26784E+02  0.13819E+01  0.22942E+00    950  0.00000E+00      0.000
     177.0000 -0.16612E+01  0.43942E+00 -0.59660E+00  0.14566E+00 -0.55457E-05  0.73677E+01  0.27224E+02 -0.18115E+01  0.74912E+01 -0.11788E-02  0.00000E+00 -0.76779E+03 -0.16199E+02  0.10646E+01  0.17823E+01  0.27286E+02  0.20409E+01  0.22942E+00   1061  0.00000E+00      0.000
     178.0000 -0.19705E+01  0.34036E+00 -0.54592E+00  0.13108E+00 -0.51528E-05  0.53972E+01  0.27564E+02 -0.23778E+01  0.76210E+01 -0.11842E-02  0.00000E+00 -0.67179E+03 -0.16204E+02  0.14246E+01  0.31865E+01  0.27722E+02  0.26072E+01  0.22942E+00   1165  0.00000E+00      0.000
     179.0000  0.00000E+00  0.35052E+00 -0.37253E-08  0.19352E+00 -0.54443E-05  0.53972E+01  0.27915E+02 -0.23778E+01  0.78152E+01 -0.11896E-02 -0.10936E+02 -0.68236E+03 -0.16210E+02  0.00000E+00  0.31865E+01  0.27527E+02  0.26072E+01  0.22942E+00   1183  0.00000E+00      0.000
     180.0000 -0.33071E+01  0.46990E+00 -0.52343E+00  0.17334E+00 -0.48174E-05  0.20901E+01  0.28384E+02 -0.29587E+01  0.80051E+01 -0.11951E-02  0.00000E+00 -0.63684E+03 -0.16215E+02  0.27837E+01  0.59127E+01  0.27921E+02  0.31881E+01  0.22942E+00   1257  0.00000E+00      0.000
     181.0000  0.00000E+00  0.46482E+00  0.30501E-07  0.27566E+00 -0.54365E-05  0.20901E+01  0.28849E+02 -0.29587E+01  0.82814E+01 -0.12005E-02 -0.11295E+02 -0.65223E+03 -0.16221E+02  0.00000E+00  0.59127E+01  0.27645E+02  0.31881E+01  0.22942E+00   1275  0.00000E+00      0.000
     182.0000 -0.33020E+01  0.58928E+00 -0.51576E+00  0.21213E+00 -0.55380E-05 -0.12119E+01  0.29439E+02 -0.35449E+01  0.85289E+01 -0.12060E-02  0.00000E+00 -0.65035E+03 -0.16227E+02  0.27862E+01  0.86285E+01  0.27987E+02  0.37744E+01  0.22942E+00   1354  0.00000E+00      0.000
     183.0000  0.00000E+00  0.44958E+00 -0.19092E-07  0.26348E+00 -0.54386E-05 -0.12119E+01  0.29888E+02 -0.35449E+01  0.87929E+01 -0.12115E-02 -0.11196E+02 -0.66483E+03 -0.16232E+02  0.00000E+00  0.86285E+01  0.27725E+02  0.37744E+01  0.22942E+00   1366  0.00000E+00      0.000
     184.0000 -0.24773E+01  0.37592E+00 -0.50836E+00  0.13118E+00 -0.53882E-05 -0.36892E+01  0.30264E+02 -0.41175E+01  0.89440E+01 -0.12169E-02  0.00000E+00 -0.61542E+03 -0.16238E+02  0.19689E+01  0.10533E+02  0.28141E+02  0.43469E+01  0.22942E+00   1457  0.00000E+00      0.000
     185.0000  0.00000E+00  0.29972E+00 -0.30035E-07  0.18989E+00 -0.53743E-05 -0.36892E+01  0.30564E+02 -0.41175E+01  0.91341E+01 -0.12224E-02 -0.10731E+02 -0.62631E+03 -0.16243E+02  0.00000E+00  0.10533E+02  0.27952E+02  0.43469E+01  0.22942E+00   1472  0.00000E+00      0.000
     186.0000  0.00000E+00  0.39370E+00  0.11642E-09  0.24698E+00 -0.53942E-05 -0.36892E+01  0.30958E+02 -0.41175E+01  0.93816E+01 -0.12278E-02 -0.12430E+02 -0.63860E+03 -0.16249E+02  0.00000E+00  0.10533E+02  0.27718E+02  0.43469E+01  0.22942E+00   1475  0.00000E+00      0.000
     187.0000  0.00000E+00  0.39370E+00 -0.44238E-08  0.24551E+00 -0.53942E-05 -0.36892E+01  0.31351E+02 -0.41175E+01  0.96275E+01 -0.12332E-02 -0.13757E+02 -0.65242E+03 -0.16254E+02  0.00000E+00  0.10533E+02  0.27471E+02  0.43469E+01  0.22942E+00   1477  0.00000E+00      0.000
     188.0000  0.00000E+00  0.41148E+00  0.46566E-08  0.25455E+00 -0.53644E-05 -0.36892E+01  0.31763E+02 -0.41175E+01  0.98826E+01 -0.12385E-02 -0.14618E+02 -0.66764E+03 -0.16260E+02  0.00000E+00  0.10533E+02  0.27221E+02  0.43469E+01  0.22942E+00   1479  0.00000E+00      0.000
     189.0000  0.00000E+00  0.42672E+00 -0.11030E-07  0.26149E+00 -0.53644E-05 -0.36892E+01  0.32189E+02 -0.41175E+01  0.10145E+02 -0.12439E-02 -0.15023E+02 -0.68412E+03 -0.16265E+02  0.00000E+00  0.10533E+02  0.26962E+02  0.43469E+01  0.22942E+00   1481  0.00000E+00      0.000
     190.0000  0.00000E+00  0.46482E+00  0.21246E-08  0.28181E+00 -0.53346E-05 -0.36892E+01  0.32654E+02 -0.41175E+01  0.10427E+02 -0.12492E-02 -0.15456E+02 -0.70318E+03 -0.16271E+02  0.00000E+00  0.10533E+02  0.26690E+02  0.43469E+01  0.22942E+00   1483  0.00000E+00      0.000
     191.0000  0.00000E+00  0.41910E+00 -0.51223E-08  0.25255E+00 -0.53346E-05 -0.36892E+01  0.33073E+02 -0.41175E+01  0.10680E+02 -0.12546E-02 -0.15954E+02 -0.72280E+03 -0.16276E+02  0.00000E+00  0.10533E+02  0.26422E+02  0.43469E+01  0.22942E+00   1485  0.00000E+00      0.000
     192.0000  0.00000E+00  0.33020E+00 -0.10768E-07  0.19809E+00 -0.53346E-05 -0.36892E+01  0.33404E+02 -0.41175E+01  0.10878E+02 -0.12599E-02 -0.16479E+02 -0.74182E+03 -0.16281E+02  0.00000E+00  0.10533E+02  0.26197E+02  0.43469E+01  0.22942E+00   1487  0.00000E+00      0.000
     193.0000  0.00000E+00  0.43434E+00 -0.98953E-09  0.25751E+00 -0.53048E-05 -0.36892E+01  0.33838E+02 -0.41175E+01  0.11136E+02 -0.12652E-02 -0.16999E+02 -0.76323E+03 -0.16287E+02  0.00000E+00  0.10533E+02  0.25968E+02  0.43469E+01  0.22942E+00   1489  0.00000E+00      0.000
     194.0000 -0.13602E+01  0.39370E+00 -0.69693E+00  0.20952E+00 -0.46771E-05 -0.50494E+01  0.34232E+02 -0.49445E+01  0.11363E+02 -0.12704E-02  0.00000E+00 -0.76452E+03 -0.16292E+02  0.66327E+00  0.11067E+02  0.26560E+02  0.51739E+01  0.22942E+00   1677  0.00000E+00      0.000
     195.0000 -0.12700E+01  0.35306E+00 -0.55675E+00  0.14473E+00 -0.54860E-05 -0.63194E+01  0.34585E+02 -0.55443E+01  0.11535E+02 -0.12757E-02  0.00000E+00 -0.76814E+03 -0.16297E+02  0.71325E+00  0.11737E+02  0.26988E+02  0.57737E+01  0.22942E+00   1768  0.00000E+00      0.000
     196.0000 -0.12700E+01  0.41402E+00 -0.52152E+00  0.13739E+00 -0.54509E-05 -0.75894E+01  0.34999E+02 -0.60762E+01  0.11689E+02 -0.12810E-02  0.00000E+00 -0.77205E+03 -0.16303E+02  0.74848E+00  0.12475E+02  0.27365E+02  0.63056E+01  0.22942E+00   1842  0.00000E+00      0.000
     197.0000 -0.12700E+01  0.43180E+00 -0.50816E+00  0.13959E+00 -0.52967E-05 -0.88594E+01  0.35431E+02 -0.65884E+01  0.11827E+02 -0.12863E-02  0.00000E+00 -0.72229E+03 -0.16308E+02  0.76184E+00  0.13233E+02  0.27739E+02  0.68178E+01  0.22942E+00   1924  0.00000E+00      0.000
     198.0000 -0.12802E+01  0.46736E+00 -0.49943E+00  0.15098E+00 -0.54520E-05 -0.10140E+02  0.35898E+02 -0.70936E+01  0.11974E+02 -0.12916E-02  0.00000E+00 -0.65954E+03 -0.16314E+02  0.78077E+00  0.14008E+02  0.28098E+02  0.73230E+01  0.22942E+00   2002  0.00000E+00      0.000
     199.0000 -0.25400E+01  0.44450E+00 -0.49947E+00  0.13693E+00 -0.63572E-05 -0.12680E+02  0.36342E+02 -0.75937E+01  0.12107E+02 -0.12968E-02  0.00000E+00 -0.60622E+03 -0.16319E+02  0.20405E+01  0.16048E+02  0.28465E+02  0.78231E+01  0.22942E+00   2101  0.00000E+00      0.000
     200.0000  0.00000E+00  0.41910E+00  0.29337E-07  0.29454E+00 -0.52185E-05 -0.12680E+02  0.36761E+02 -0.75937E+01  0.12401E+02 -0.13021E-02 -0.11147E+02 -0.62010E+03 -0.16324E+02  0.00000E+00  0.16048E+02  0.28171E+02  0.78231E+01  0.22942E+00   2118  0.00000E+00      0.000
     201.0000 -0.12700E+01  0.43942E+00 -0.49521E+00  0.10970E+00 -0.48769E-05 -0.13950E+02  0.37201E+02 -0.81547E+01  0.12584E+02 -0.13072E-02  0.00000E+00 -0.61661E+03 -0.16330E+02  0.77479E+00  0.16757E+02  0.28547E+02  0.83842E+01  0.22942E+00   2188  0.00000E+00      0.000
     202.0000  0.00000E+00  0.47244E+00 -0.37020E-07  0.32911E+00 -0.52488E-05 -0.13950E+02  0.37673E+02 -0.81547E+01  0.12912E+02 -0.13125E-02 -0.11298E+02 -0.63140E+03 -0.16335E+02  0.00000E+00  0.16757E+02  0.28220E+02  0.83842E+01  0.22942E+00   2204  0.00000E+00      0.000
     203.0000  0.00000E+00  0.46736E+00  0.13621E-07  0.32432E+00 -0.52055E-05 -0.13950E+02  0.38141E+02 -0.81547E+01  0.13237E+02 -0.13177E-02 -0.13014E+02 -0.64455E+03 -0.16340E+02  0.00000E+00  0.16757E+02  0.27894E+02  0.83842E+01  0.22942E+00   2207  0.00000E+00      0.000
     204.0000  0.00000E+00  0.45974E+00  0.31432E-08  0.31788E+00 -0.51856E-05 -0.13950E+02  0.38600E+02 -0.81547E+01  0.13555E+02 -0.13229E-02 -0.14283E+02 -0.65702E+03 -0.16345E+02  0.00000E+00  0.16757E+02  0.27572E+02  0.83842E+01  0.22942E+00   2209  0.00000E+00      0.000
     205.0000  0.00000E+00  0.46990E+00 -0.74797E-08  0.32347E+00 -0.51856E-05 -0.13950E+02  0.39070E+02 -0.81547E+01  0.13879E+02 -0.13281E-02 -0.14906E+02 -0.67108E+03 -0.16351E+02  0.00000E+00  0.16757E+02  0.27251E+02  0.83842E+01  0.22942E+00   2211  0.00000E+00      0.000
     206.0000  0.00000E+00  0.46482E+00 -0.21246E-08  0.31888E+00 -0.51558E-05 -0.13950E+02  0.39535E+02 -0.81547E+01  0.14198E+02 -0.13332E-02 -0.15363E+02 -0.68534E+03 -0.16356E+02  0.00000E+00  0.16757E+02  0.26930E+02  0.83842E+01  0.22942E+00   2213  0.00000E+00      0.000
     207.0000  0.00000E+00  0.44958E+00  0.13621E-07  0.30751E+00 -0.51558E-05 -0.13950E+02  0.39985E+02 -0.81547E+01  0.14506E+02 -0.13384E-02 -0.15874E+02 -0.70086E+03 -0.16361E+02  0.00000E+00  0.16757E+02  0.26616E+02  0.83842E+01  0.22942E+00   2215  0.00000E+00      0.000
     208.0000  0.00000E+00  0.34036E+00  0.12864E-07  0.23266E+00 -0.51558E-05 -0.13950E+02  0.40325E+02 -0.81547E+01  0.14739E+02 -0.13435E-02 -0.16420E+02 -0.71581E+03 -0.16366E+02  0.00000E+00  0.16757E+02  0.26346E+02  0.83842E+01  0.22942E+00   2217  0.00000E+00      0.000
     209.0000  0.00000E+00  0.36068E+00 -0.12864E-07  0.24585E+00 -0.51260E-05 -0.13950E+02  0.40686E+02 -0.81547E+01  0.14985E+02 -0.13487E-02 -0.16953E+02 -0.73144E+03 -0.16372E+02  0.00000E+00  0.16757E+02  0.26107E+02  0.83842E+01  0.22942E+00   2219  0.00000E+00      0.000
     210.0000  0.00000E+00  0.39370E+00 -0.14552E-09  0.26762E+00 -0.51260E-05 -0.13950E+02  0.41079E+02 -0.81547E+01  0.15253E+02 -0.13538E-02 -0.17456E+02 -0.75090E+03 -0.16377E+02  0.00000E+00  0.16757E+02  0.25850E+02  0.83842E+01  0.22942E+00   2221  0.00000E+00      0.000
     211.0000  0.00000E+00  0.39116E+00  0.61118E-08  0.26538E+00 -0.51260E-05 -0.13950E+02  0.41471E+02 -0.81547E+01  0.15518E+02 -0.13589E-02 -0.17904E+02 -0.77594E+03 -0.16382E+02  0.00000E+00  0.16757E+02  0.25583E+02  0.83842E+01  0.22942E+00   2223  0.00000E+00      0.000
     212.0000  0.00000E+00  0.41402E+00 -0.10885E-07  0.28034E+00 -0.50962E-05 -0.13950E+02  0.41885E+02 -0.81547E+01  0.15799E+02 -0.13640E-02 -0.18278E+02 -0.81015E+03 -0.16387E+02  0.00000E+00  0.16757E+02  0.25310E+02  0.83842E+01  0.22942E+00   2225  0.00000E+00      0.000
     213.0000  0.00000E+00  0.43942E+00 -0.91386E-08  0.29677E+00 -0.50962E-05 -0.13950E+02  0.42324E+02 -0.81547E+01  0.16096E+02 -0.13691E-02 -0.18556E+02 -0.86320E+03 -0.16392E+02  0.00000E+00  0.16757E+02  0.25021E+02  0.83842E+01  0.22942E+00   2227  0.00000E+00      0.000
     214.0000  0.00000E+00  0.43688E+00 -0.93132E-08  0.26253E+00 -0.50664E-05 -0.13950E+02  0.42761E+02 -0.81547E+01  0.16370E+02 -0.13742E-02 -0.18728E+02 -0.95009E+03 -0.16398E+02  0.00000E+00  0.16757E+02  0.24730E+02  0.83842E+01  0.22942E+00   2229  0.00000E+00      0.000
     215.0000  0.00000E+00  0.39624E+00 -0.15425E-07  0.18083E+00 -0.50664E-05 -0.13950E+02  0.43157E+02 -0.81547E+01  0.16568E+02 -0.13793E-02 -0.18899E+02 -0.10693E+04 -0.16403E+02  0.00000E+00  0.16757E+02  0.24492E+02  0.83842E+01  0.22942E+00   2231  0.00000E+00      0.000
     216.0000  0.00000E+00  0.35814E+00  0.12733E-07  0.11223E+00 -0.50664E-05 -0.13950E+02  0.43515E+02 -0.81547E+01  0.16692E+02 -0.13843E-02 -0.19121E+02 -0.11778E+04 -0.16408E+02  0.00000E+00  0.16757E+02  0.24333E+02  0.83842E+01  0.22942E+00   2233  0.00000E+00      0.000
     217.0000  0.00000E+00  0.19558E+00 -0.80327E-08  0.48929E-01 -0.50664E-05 -0.13950E+02  0.43711E+02 -0.81547E+01  0.16744E+02 -0.13894E-02 -0.19365E+02 -0.12433E+04 -0.16413E+02  0.00000E+00  0.16757E+02  0.24249E+02  0.83842E+01  0.22942E+00   2235  0.00000E+00      0.000
     218.0000  0.00000E+00  0.14986E+00 -0.12777E-07  0.31165E-01 -0.50366E-05 -0.13950E+02  0.43861E+02 -0.81547E+01  0.16777E+02 -0.13945E-02 -0.19606E+02 -0.12763E+04 -0.16418E+02  0.00000E+00  0.16757E+02  0.24207E+02  0.83842E+01  0.22942E+00   2237  0.00000E+00      0.000
     219.0000  0.00000E+00  0.34036E+00  0.75088E-08  0.42100E-01 -0.50366E-05 -0.13950E+02  0.44201E+02 -0.81547E+01  0.16825E+02 -0.13995E-02 -0.19839E+02 -0.13127E+04 -0.16423E+02  0.00000E+00  0.16757E+02  0.24165E+02  0.83842E+01  0.22942E+00   2239  0.00000E+00      0.000
     220.0000  0.00000E+00  0.35560E+00 -0.62282E-08  0.27709E-01 -0.50068E-05 -0.13950E+02  0.44557E+02 -0.81547E+01  0.16857E+02 -0.14045E-02 -0.20063E+02 -0.13453E+04 -0.16428E+02  0.00000E+00  0.16757E+02  0.24126E+02  0.83842E+01  0.22942E+00   2241  0.00000E+00      0.000
     221.0000  0.00000E+00  0.40640E+00  0.13504E-07  0.20201E-01 -0.50068E-05 -0.13950E+02  0.44963E+02 -0.81547E+01  0.16879E+02 -0.14095E-02 -0.20276E+02 -0.13669E+04 -0.16434E+02  0.00000E+00  0.16757E+02  0.24100E+02  0.83842E+01  0.22942E+00   2243  0.00000E+00      0.000
     222.0000  0.00000E+00  0.46228E+00 -0.72323E-08  0.16823E-01 -0.50068E-05 -0.13950E+02  0.45425E+02 -0.81547E+01  0.16897E+02 -0.14145E-02 -0.20476E+02 -0.13794E+04 -0.16439E+02  0.00000E+00  0.16757E+02  0.24080E+02  0.83842E+01  0.22942E+00   2245  0.00000E+00      0.000
     223.0000  0.00000E+00  0.39878E+00 -0.36525E-08  0.12706E-01 -0.49770E-05 -0.13950E+02  0.45824E+02 -0.81547E+01  0.16910E+02 -0.14195E-02 -0.20665E+02 -0.13864E+04 -0.16444E+02  0.00000E+00  0.16757E+02  0.24065E+02  0.83842E+01  0.22942E+00   2247  0.00000E+00      0.000
     224.0000  0.00000E+00  0.26924E+00 -0.52969E-08  0.83026E-02 -0.49770E-05 -0.13950E+02  0.46093E+02 -0.81547E+01  0.16919E+02 -0.14245E-02 -0.20842E+02 -0.13902E+04 -0.16449E+02  0.00000E+00  0.16757E+02  0.24054E+02  0.83842E+01  0.22942E+00   2249  0.00000E+00      0.000
     225.0000  0.00000E+00  0.35560E+00 -0.13446E-07  0.10330E-01 -0.49770E-05 -0.13950E+02  0.46449E+02 -0.81547E+01  0.16929E+02 -0.14295E-02 -0.21009E+02 -0.13934E+04 -0.16454E+02  0.00000E+00  0.16757E+02  0.24045E+02  0.83842E+01  0.22942E+00   2251  0.00000E+00      0.000
     226.0000  0.00000E+00  0.41148E+00 -0.40454E-08  0.11445E-01 -0.49472E-05 -0.13950E+02  0.46860E+02 -0.81547E+01  0.16941E+02 -0.14344E-02 -0.21166E+02 -0.13968E+04 -0.16459E+02  0.00000E+00  0.16757E+02  0.24034E+02  0.83842E+01  0.22942E+00   2253  0.00000E+00      0.000
     227.0000  0.00000E+00  0.43688E+00  0.14858E-07  0.11795E-01 -0.49472E-05 -0.13950E+02  0.47297E+02 -0.81547E+01  0.16953E+02 -0.14394E-02 -0.21315E+02 -0.14002E+04 -0.16464E+02  0.00000E+00  0.16757E+02  0.24022E+02  0.83842E+01  0.22942E+00   2255  0.00000E+00      0.000
     228.0000  0.00000E+00  0.32258E+00  0.74360E-08  0.86644E-02 -0.49174E-05 -0.13950E+02  0.47620E+02 -0.81547E+01  0.16961E+02 -0.14443E-02 -0.21454E+02 -0.14030E+04 -0.16469E+02  0.00000E+00  0.16757E+02  0.24012E+02  0.83842E+01  0.22942E+00   2257  0.00000E+00      0.000
     229.0000  0.00000E+00  0.44958E+00  0.10201E-07  0.11621E-01 -0.49174E-05 -0.13950E+02  0.48070E+02 -0.81547E+01  0.16973E+02 -0.14492E-02 -0.21585E+02 -0.14058E+04 -0.16474E+02  0.00000E+00  0.16757E+02  0.24001E+02  0.83842E+01  0.22942E+00   2259  0.00000E+00      0.000
     230.0000  0.00000E+00  0.55372E+00  0.11147E-07  0.13576E-01 -0.49174E-05 -0.13950E+02  0.48623E+02 -0.81547E+01  0.16987E+02 -0.14541E-02 -0.21709E+02 -0.14089E+04 -0.16479E+02  0.00000E+00  0.16757E+02  0.23989E+02  0.83842E+01  0.22942E+00   2261  0.00000E+00      0.000
     231.0000  0.00000E+00  0.29972E+00 -0.14712E-07  0.76731E-02 -0.48876E-05 -0.13950E+02  0.48923E+02 -0.81547E+01  0.16994E+02 -0.14590E-02 -0.21825E+02 -0.14116E+04 -0.16484E+02  0.00000E+00  0.16757E+02  0.23978E+02  0.83842E+01  0.22942E+00   2263  0.00000E+00      0.000
     232.0000  0.00000E+00  0.25146E+00 -0.13184E-07  0.64207E-02 -0.48876E-05 -0.13950E+02  0.49174E+02 -0.81547E+01  0.17001E+02 -0.14639E-02 -0.21934E+02 -0.14136E+04 -0.16489E+02  0.00000E+00  0.16757E+02  0.23971E+02  0.83842E+01  0.22942E+00   2265  0.00000E+00      0.000
     233.0000  0.00000E+00  0.11938E+00  0.31068E-08  0.30803E-02 -0.48876E-05 -0.13950E+02  0.49294E+02 -0.81547E+01  0.17004E+02 -0.14688E-02 -0.22037E+02 -0.14148E+04 -0.16494E+02  0.00000E+00  0.16757E+02  0.23966E+02  0.83842E+01  0.22942E+00   2267  0.00000E+00      0.000
     234.0000  0.00000E+00  0.36068E+00  0.85711E-08  0.86536E-02 -0.48578E-05 -0.13950E+02  0.49654E+02 -0.81547E+01  0.17013E+02 -0.14737E-02 -0.22134E+02 -0.14165E+04 -0.16499E+02  0.00000E+00  0.16757E+02  0.23960E+02  0.83842E+01  0.22942E+00   2269  0.00000E+00      0.000
     235.0000  0.00000E+00  0.40386E+00  0.14479E-08  0.92496E-02 -0.48578E-05 -0.13950E+02  0.50058E+02 -0.81547E+01  0.17022E+02 -0.14785E-02 -0.22225E+02 -0.14190E+04 -0.16504E+02  0.00000E+00  0.16757E+02  0.23951E+02  0.83842E+01  0.22942E+00   2271  0.00000E+00      0.000
     236.0000  0.00000E+00  0.36322E+00  0.78580E-09  0.82019E-02 -0.48578E-05 -0.13950E+02  0.50422E+02 -0.81547E+01  0.17030E+02 -0.14834E-02 -0.22310E+02 -0.14216E+04 -0.16509E+02  0.00000E+00  0.16757E+02  0.23942E+02  0.83842E+01  0.22942E+00   2273  0.00000E+00      0.000
     237.0000  0.00000E+00  0.28194E+00  0.75961E-08  0.64141E-02 -0.48280E-05 -0.13950E+02  0.50703E+02 -0.81547E+01  0.17037E+02 -0.14882E-02 -0.22391E+02 -0.14238E+04 -0.16514E+02  0.00000E+00  0.16757E+02  0.23935E+02  0.83842E+01  0.22942E+00   2275  0.00000E+00      0.000
     238.0000  0.00000E+00  0.36830E+00  0.11125E-07  0.78910E-02 -0.48280E-05 -0.13950E+02  0.51072E+02 -0.81547E+01  0.17045E+02 -0.14931E-02 -0.22467E+02 -0.14260E+04 -0.16519E+02  0.00000E+00  0.16757E+02  0.23928E+02  0.83842E+01  0.22942E+00   2277  0.00000E+00      0.000
     239.0000  0.00000E+00  0.32004E+00 -0.16415E-07  0.67988E-02 -0.48280E-05 -0.13950E+02  0.51392E+02 -0.81547E+01  0.17052E+02 -0.14979E-02 -0.22539E+02 -0.14281E+04 -0.16523E+02  0.00000E+00  0.16757E+02  0.23920E+02  0.83842E+01  0.22942E+00   2279  0.00000E+00      0.000
     240.0000  0.00000E+00  0.29972E+00 -0.61555E-08  0.62266E-02 -0.47982E-05 -0.13950E+02  0.51692E+02 -0.81547E+01  0.17058E+02 -0.15027E-02 -0.22606E+02 -0.14305E+04 -0.16528E+02  0.00000E+00  0.16757E+02  0.23914E+02  0.83842E+01  0.22942E+00   2281  0.00000E+00      0.000
     241.0000  0.00000E+00  0.37846E+00  0.65193E-08  0.74464E-02 -0.47982E-05 -0.13950E+02  0.52070E+02 -0.81547E+01  0.17065E+02 -0.15075E-02 -0.22669E+02 -0.14328E+04 -0.16533E+02  0.00000E+00  0.16757E+02  0.23907E+02  0.83842E+01  0.22942E+00   2283  0.00000E+00      0.000
     242.0000  0.00000E+00  0.46482E+00 -0.84692E-08  0.86897E-02 -0.47982E-05 -0.13950E+02  0.52535E+02 -0.81547E+01  0.17074E+02 -0.15123E-02 -0.22729E+02 -0.14353E+04 -0.16538E+02  0.00000E+00  0.16757E+02  0.23899E+02  0.83842E+01  0.22942E+00   2285  0.00000E+00      0.000
     243.0000  0.00000E+00  0.37592E+00  0.12984E-07  0.69940E-02 -0.47684E-05 -0.13950E+02  0.52911E+02 -0.81547E+01  0.17081E+02 -0.15171E-02 -0.22785E+02 -0.14376E+04 -0.16543E+02  0.00000E+00  0.16757E+02  0.23891E+02  0.83842E+01  0.22942E+00   2287  0.00000E+00      0.000
     244.0000  0.00000E+00  0.28194E+00 -0.16080E-08  0.12914E+02 -0.47684E-05 -0.13950E+02  0.53193E+02 -0.81547E+01  0.23538E+02 -0.15219E-02 -0.22838E+02 -0.28463E+03 -0.16548E+02  0.00000E+00  0.16757E+02  0.23887E+02  0.83842E+01  0.22942E+00   2289  0.00000E+00      0.000
     245.0000  0.00000E+00  0.42926E+00 -0.14243E-07  0.42648E+01 -0.47684E-05 -0.13950E+02  0.53622E+02 -0.81547E+01  0.29935E+02 -0.15266E-02 -0.22888E+02 -0.37845E+03 -0.16553E+02  0.00000E+00  0.16757E+02  0.13166E+02  0.83842E+01  0.22942E+00   2291  0.00000E+00      0.000
     246.0000  0.00000E+00  0.37084E+00 -0.11314E-08  0.10662E+01 -0.47386E-05 -0.13950E+02  0.53993E+02 -0.81547E+01  0.31535E+02 -0.15314E-02 -0.22934E+02 -0.57482E+03 -0.16557E+02  0.00000E+00  0.16757E+02  0.99670E+01  0.83842E+01  0.22942E+00   2293  0.00000E+00      0.000
     247.0000  0.00000E+00  0.17272E+00 -0.30559E-09  0.26663E+00 -0.47386E-05 -0.13950E+02  0.54166E+02 -0.81547E+01  0.31934E+02 -0.15361E-02 -0.22978E+02 -0.72063E+03 -0.16562E+02  0.00000E+00  0.16757E+02  0.91673E+01  0.83842E+01  0.22942E+00   2295  0.00000E+00      0.000
     248.0000  0.00000E+00  0.27432E+00  0.34961E-08  0.66747E-01 -0.47386E-05 -0.13950E+02  0.54440E+02 -0.81547E+01  0.32034E+02 -0.15408E-02 -0.23020E+02 -0.77335E+03 -0.16567E+02  0.00000E+00  0.16757E+02  0.89674E+01  0.83842E+01  0.22942E+00   2297  0.00000E+00      0.000
     249.0000  0.00000E+00  0.34290E+00  0.10332E-07  0.16570E-01 -0.47088E-05 -0.13950E+02  0.54783E+02 -0.81547E+01  0.32059E+02 -0.15456E-02 -0.23059E+02 -0.79078E+03 -0.16572E+02  0.00000E+00  0.16757E+02  0.89174E+01  0.83842E+01  0.22942E+00   2299  0.00000E+00      0.000
     250.0000  0.00000E+00  0.26924E+00 -0.13613E-07  0.15253E-03 -0.47088E-05 -0.13950E+02  0.55052E+02 -0.81547E+01  0.32064E+02 -0.15503E-02 -0.23095E+02 -0.79553E+03 -0.16577E+02  0.00000E+00  0.16757E+02  0.89051E+01  0.83842E+01  0.22942E+00   2301  0.00000E+00      0.000
     251.0000  0.00000E+00  0.25400E+00  0.79672E-08  0.00000E+00 -0.47088E-05 -0.13950E+02  0.55306E+02 -0.81547E+01  0.32064E+02 -0.15550E-02 -0.23130E+02 -0.79563E+03 -0.16581E+02  0.00000E+00  0.16757E+02  0.89050E+01  0.83842E+01  0.22942E+00   2303  0.00000E+00      0.000
     252.0000  0.00000E+00  0.21336E+00  0.58608E-08  0.68430E-04 -0.46790E-05 -0.13950E+02  0.55519E+02 -0.81547E+01  0.32064E+02 -0.15597E-02 -0.23162E+02 -0.79562E+03 -0.16586E+02  0.00000E+00  0.16757E+02  0.89050E+01  0.83842E+01  0.22942E+00   2305  0.00000E+00      0.000
     253.0000  0.00000E+00  0.23622E+00 -0.24993E-08  0.54897E-04 -0.46790E-05 -0.13950E+02  0.55756E+02 -0.81547E+01  0.32064E+02 -0.15643E-02 -0.23193E+02 -0.79562E+03 -0.16591E+02  0.00000E+00  0.16757E+02  0.89049E+01  0.83842E+01  0.22942E+00   2307  0.00000E+00      0.000
     254.0000  0.00000E+00  0.25146E+00 -0.29941E-08  0.83061E-04 -0.46790E-05 -0.13950E+02  0.56007E+02 -0.81547E+01  0.32064E+02 -0.15690E-02 -0.23222E+02 -0.79562E+03 -0.16596E+02  0.00000E+00  0.16757E+02  0.89049E+01  0.83842E+01  0.22942E+00   2309  0.00000E+00      0.000
     255.0000  0.00000E+00  0.29210E+00 -0.52660E-08  0.00000E+00 -0.46492E-05 -0.13950E+02  0.56299E+02 -0.81547E+01  0.32064E+02 -0.15737E-02 -0.23249E+02 -0.79562E+03 -0.16601E+02  0.00000E+00  0.16757E+02  0.89049E+01  0.83842E+01  0.22942E+00   2311  0.00000E+00      0.000
     256.0000  0.00000E+00  0.24638E+00 -0.41346E-08  0.00000E+00 -0.46492E-05 -0.13950E+02  0.56546E+02 -0.81547E+01  0.32064E+02 -0.15783E-02 -0.23274E+02 -0.79562E+03 -0.16605E+02  0.00000E+00  0.16757E+02  0.89048E+01  0.83842E+01  0.22942E+00   2313  0.00000E+00      0.000
     257.0000  0.00000E+00  0.21844E+00  0.27358E-08  0.00000E+00 -0.46492E-05 -0.13950E+02  0.56764E+02 -0.81547E+01  0.32064E+02 -0.15830E-02 -0.23298E+02 -0.79564E+03 -0.16610E+02  0.00000E+00  0.16757E+02  0.89048E+01  0.83842E+01  0.22942E+00   2315  0.00000E+00      0.000
     258.0000  0.00000E+00  0.29210E+00 -0.93223E-08  0.00000E+00 -0.46194E-05 -0.13950E+02  0.57056E+02 -0.81547E+01  0.32064E+02 -0.15876E-02 -0.23321E+02 -0.79563E+03 -0.16615E+02  0.00000E+00  0.16757E+02  0.89047E+01  0.83842E+01  0.22942E+00   2317  0.00000E+00      0.000
     259.0000  0.00000E+00  0.32258E+00  0.55243E-08  0.00000E+00 -0.46194E-05 -0.13950E+02  0.57379E+02 -0.81547E+01  0.32064E+02 -0.15922E-02 -0.23342E+02 -0.79562E+03 -0.16619E+02  0.00000E+00  0.16757E+02  0.89047E+01  0.83842E+01  0.22942E+00   2319  0.00000E+00      0.000
     260.0000  0.00000E+00  0.46228E+00  0.60973E-08  0.00000E+00 -0.46194E-05 -0.13950E+02  0.57841E+02 -0.81547E+01  0.32064E+02 -0.15968E-02 -0.23362E+02 -0.79563E+03 -0.16624E+02  0.00000E+00  0.16757E+02  0.89047E+01  0.83842E+01  0.22942E+00   2321  0.00000E+00      0.000
     261.0000  0.00000E+00  0.37592E+00  0.12640E-07  0.38980E-04 -0.45896E-05 -0.13950E+02  0.58217E+02 -0.81547E+01  0.32064E+02 -0.16014E-02 -0.23381E+02 -0.79562E+03 -0.16629E+02  0.00000E+00  0.16757E+02  0.89047E+01  0.83842E+01  0.22942E+00   2323  0.00000E+00      0.000
     262.0000  0.00000E+00  0.20066E+00 -0.52969E-08  0.25453E-04 -0.45896E-05 -0.13950E+02  0.58417E+02 -0.81547E+01  0.32064E+02 -0.16060E-02 -0.23398E+02 -0.79562E+03 -0.16633E+02  0.00000E+00  0.16757E+02  0.89047E+01  0.83842E+01  0.22942E+00   2325  0.00000E+00      0.000
     263.0000  0.00000E+00  0.18288E+00  0.16516E-08  0.73513E-04 -0.45896E-05 -0.13950E+02  0.58600E+02 -0.81547E+01  0.32064E+02 -0.16106E-02 -0.23415E+02 -0.79562E+03 -0.16638E+02  0.00000E+00  0.16757E+02  0.89047E+01  0.83842E+01  0.22942E+00   2327  0.00000E+00      0.000
     264.0000  0.00000E+00  0.48260E-01 -0.48840E-08  0.00000E+00 -0.45598E-05 -0.13950E+02  0.58649E+02 -0.81547E+01  0.32064E+02 -0.16152E-02 -0.23430E+02 -0.79562E+03 -0.16643E+02  0.00000E+00  0.16757E+02  0.89046E+01  0.83842E+01  0.22942E+00   2329  0.00000E+00      0.000
     265.0000  0.00000E+00  0.45720E-01  0.63228E-08  0.00000E+00 -0.45598E-05 -0.13950E+02  0.58694E+02 -0.81547E+01  0.32064E+02 -0.16197E-02 -0.23445E+02 -0.79562E+03 -0.16647E+02  0.00000E+00  0.16757E+02  0.89046E+01  0.83842E+01  0.22942E+00   2331  0.00000E+00      0.000
     266.0000  0.00000E+00  0.23622E+00 -0.18417E-08  0.00000E+00 -0.45598E-05 -0.13950E+02  0.58931E+02 -0.81547E+01  0.32064E+02 -0.16243E-02 -0.23459E+02 -0.79563E+03 -0.16652E+02  0.00000E+00  0.16757E+02  0.89046E+01  0.83842E+01  0.22942E+00   2333  0.00000E+00      0.000
     267.0000  0.00000E+00  0.22860E+00 -0.57353E-08  0.00000E+00 -0.45300E-05 -0.13950E+02  0.59159E+02 -0.81547E+01  0.32064E+02 -0.16288E-02 -0.23472E+02 -0.79563E+03 -0.16657E+02  0.00000E+00  0.16757E+02  0.89046E+01  0.83842E+01  0.22942E+00   2335  0.00000E+00      0.000
     268.0000  0.00000E+00  0.22606E+00 -0.13943E-08  0.00000E+00 -0.45300E-05 -0.13950E+02  0.59385E+02 -0.81547E+01  0.32064E+02 -0.16334E-02 -0.23484E+02 -0.79562E+03 -0.16661E+02  0.00000E+00  0.16757E+02  0.89046E+01  0.83842E+01  0.22942E+00   2337  0.00000E+00      0.000
     269.0000  0.00000E+00  0.28956E+00 -0.13482E-07  0.49708E-04 -0.45300E-05 -0.13950E+02  0.59675E+02 -0.81547E+01  0.32064E+02 -0.16379E-02 -0.23496E+02 -0.79562E+03 -0.16666E+02  0.00000E+00  0.16757E+02  0.89046E+01  0.83842E+01  0.22942E+00   2339  0.00000E+00      0.000
     270.0000  0.00000E+00  0.22098E+00  0.99135E-08  0.00000E+00 -0.45300E-05 -0.13950E+02  0.59896E+02 -0.81547E+01  0.32064E+02 -0.16424E-02 -0.23507E+02 -0.79562E+03 -0.16670E+02  0.00000E+00  0.16757E+02  0.89045E+01  0.83842E+01  0.22942E+00   2341  0.00000E+00      0.000
     271.0000  0.00000E+00  0.28702E+00  0.24083E-08  0.00000E+00 -0.45002E-05 -0.13950E+02  0.60183E+02 -0.81547E+01  0.32064E+02 -0.16469E-02 -0.23517E+02 -0.79562E+03 -0.16675E+02  0.00000E+00  0.16757E+02  0.89045E+01  0.83842E+01  0.22942E+00   2343  0.00000E+00      0.000
     272.0000  0.00000E+00  0.23114E+00  0.39572E-08  0.00000E+00 -0.45002E-05 -0.13950E+02  0.60414E+02 -0.81547E+01  0.32064E+02 -0.16514E-02 -0.23526E+02 -0.79563E+03 -0.16680E+02  0.00000E+00  0.16757E+02  0.89045E+01  0.83842E+01  0.22942E+00   2345  0.00000E+00      0.000
     273.0000  0.00000E+00  0.66040E-01  0.12205E-07  0.00000E+00 -0.45002E-05 -0.13950E+02  0.60480E+02 -0.81547E+01  0.32064E+02 -0.16559E-02 -0.23535E+02 -0.79562E+03 -0.16684E+02  0.00000E+00  0.16757E+02  0.89045E+01  0.83842E+01  0.22942E+00   2347  0.00000E+00      0.000
     274.0000  0.22860E-01  0.00000E+00  0.22860E-01  0.00000E+00 -0.44703E-05 -0.13927E+02  0.60480E+02 -0.81319E+01  0.32064E+02 -0.16604E-02 -0.46779E+02 -0.79562E+03 -0.16689E+02  0.00000E+00  0.16757E+02  0.88816E+01  0.83842E+01  0.25228E+00   2349  0.00000E+00      0.000
     275.0000  0.21844E+00  0.00000E+00  0.10823E+00  0.00000E+00 -0.44703E-05 -0.13708E+02  0.60480E+02 -0.79685E+01  0.32064E+02 -0.16649E-02 -0.10000E+07 -0.79562E+03 -0.16693E+02  0.00000E+00  0.16757E+02  0.87183E+01  0.83842E+01  0.41561E+00   2351  0.00000E+00      0.000
     276.0000  0.13462E+00  0.00000E+00 -0.95040E-04  0.00000E+00 -0.44703E-05 -0.13574E+02  0.60480E+02 -0.79685E+01  0.32064E+02 -0.16693E-02 -0.10000E+07 -0.79562E+03 -0.16698E+02  0.00000E+00  0.16757E+02  0.87182E+01  0.83842E+01  0.41571E+00   2353  0.00000E+00      0.000
     277.0000  0.19050E+00  0.00000E+00  0.99840E-31  0.00000E+00 -0.44405E-05 -0.13383E+02  0.60480E+02 -0.79685E+01  0.32064E+02 -0.16738E-02 -0.10000E+07 -0.79562E+03 -0.16702E+02  0.00000E+00  0.16757E+02  0.87182E+01  0.83842E+01  0.41571E+00   2355  0.00000E+00      0.000
     278.0000  0.11938E+00  0.00000E+00  0.99840E-31  0.00000E+00 -0.44405E-05 -0.13264E+02  0.60480E+02 -0.79685E+01  0.32064E+02 -0.16782E-02 -0.10000E+07 -0.79562E+03 -0.16707E+02  0.00000E+00  0.16757E+02  0.87182E+01  0.83842E+01  0.41571E+00   2357  0.00000E+00      0.000
     279.0000  0.19558E+00  0.00000E+00  0.99840E-31  0.00000E+00 -0.44405E-05 -0.13068E+02  0.60480E+02 -0.79685E+01  0.32064E+02 -0.16827E-02 -0.10000E+07 -0.79562E+03 -0.16711E+02  0.00000E+00  0.16757E+02  0.87182E+01  0.83842E+01  0.41571E+00   2359  0.00000E+00      0.000
     280.0000  0.18796E+00  0.00000E+00  0.99840E-31  0.00000E+00 -0.44107E-05 -0.12880E+02  0.60480E+02 -0.79685E+01  0.32064E+02 -0.16871E-02 -0.10000E+07 -0.79562E+03 -0.16716E+02  0.00000E+00  0.16757E+02  0.87182E+01  0.83842E+01  0.41571E+00   2361  0.00000E+00      0.000
     281.0000  0.23368E+00  0.00000E+00  0.99840E-31  0.00000E+00 -0.44107E-05 -0.12647E+02  0.60480E+02 -0.79685E+01  0.32064E+02 -0.16915E-02 -0.10000E+07 -0.79562E+03 -0.16720E+02  0.00000E+00  0.16757E+02  0.87182E+01  0.83842E+01  0.41571E+00   2363  0.00000E+00      0.000
     282.0000  0.24130E+00  0.00000E+00  0.99840E-31  0.00000E+00 -0.44107E-05 -0.12405E+02  0.60480E+02 -0.79685E+01  0.32064E+02 -0.16959E-02 -0.10000E+07 -0.79562E+03 -0.16725E+02  0.00000E+00  0.16757E+02  0.87182E+01  0.83842E+01  0.41571E+00   2365  0.00000E+00      0.000
     283.0000  0.21082E+00  0.00000E+00  0.99840E-31  0.00000E+00 -0.43809E-05 -0.12194E+02  0.60480E+02 -0.79685E+01  0.32064E+02 -0.17003E-02 -0.10000E+07 -0.79562E+03 -0.16729E+02  0.00000E+00  0.16757E+02  0.87182E+01  0.83842E+01  0.41571E+00   2367  0.00000E+00      0.000
     284.0000  0.15494E+00  0.00000E+00  0.99840E-31  0.00000E+00 -0.43809E-05 -0.12040E+02  0.60480E+02 -0.79685E+01  0.32064E+02 -0.17047E-02 -0.10000E+07 -0.79562E+03 -0.16734E+02  0.00000E+00  0.16757E+02  0.87182E+01  0.83842E+01  0.41571E+00   2369  0.00000E+00      0.000
     285.0000  0.20320E-01  0.00000E+00  0.99840E-31  0.00000E+00 -0.43809E-05 -0.12019E+02  0.60480E+02 -0.79685E+01  0.32064E+02 -0.17090E-02 -0.10000E+07 -0.79562E+03 -0.16738E+02  0.00000E+00  0.16757E+02  0.87182E+01  0.83842E+01  0.41571E+00   2371  0.00000E+00      0.000
     286.0000  0.73660E-01  0.00000E+00  0.99840E-31  0.00000E+00 -0.43511E-05 -0.11946E+02  0.60480E+02 -0.79685E+01  0.32064E+02 -0.17134E-02 -0.10000E+07 -0.79562E+03 -0.16743E+02  0.00000E+00  0.16757E+02  0.87182E+01  0.83842E+01  0.41571E+00   2373  0.00000E+00      0.000
     287.0000  0.13716E+00  0.00000E+00  0.99840E-31  0.00000E+00 -0.43511E-05 -0.11808E+02  0.60480E+02 -0.79685E+01  0.32064E+02 -0.17178E-02 -0.10000E+07 -0.79562E+03 -0.16747E+02  0.00000E+00  0.16757E+02  0.87182E+01  0.83842E+01  0.41571E+00   2375  0.00000E+00      0.000
     288.0000  0.17780E+00  0.00000E+00  0.99840E-31  0.00000E+00 -0.43511E-05 -0.11631E+02  0.60480E+02 -0.79685E+01  0.32064E+02 -0.17221E-02 -0.10000E+07 -0.79562E+03 -0.16751E+02  0.00000E+00  0.16757E+02  0.87182E+01  0.83842E+01  0.41571E+00   2377  0.00000E+00      0.000
     289.0000  0.18288E+00  0.00000E+00  0.99840E-31  0.00000E+00 -0.43511E-05 -0.11448E+02  0.60480E+02 -0.79685E+01  0.32064E+02 -0.17265E-02 -0.10000E+07 -0.79562E+03 -0.16756E+02  0.00000E+00  0.16757E+02  0.87182E+01  0.83842E+01  0.41571E+00   2379  0.00000E+00      0.000
     290.0000  0.24892E+00  0.00000E+00  0.99840E-31  0.00000E+00 -0.43213E-05 -0.11199E+02  0.60480E+02 -0.79685E+01  0.32064E+02 -0.17308E-02 -0.10000E+07 -0.79562E+03 -0.16760E+02  0.00000E+00  0.16757E+02  0.87182E+01  0.83842E+01  0.41571E+00   2381  0.00000E+00      0.000
     291.0000  0.36322E+00  0.00000E+00  0.99840E-31  0.00000E+00 -0.43213E-05 -0.10836E+02  0.60480E+02 -0.79685E+01  0.32064E+02 -0.17351E-02 -0.10000E+07 -0.79562E+03 -0.16765E+02  0.00000E+00  0.16757E+02  0.87182E+01  0.83842E+01  0.41571E+00   2383  0.00000E+00      0.000
     292.0000  0.42164E+00  0.00000E+00  0.99840E-31  0.00000E+00 -0.43213E-05 -0.10414E+02  0.60480E+02 -0.79685E+01  0.32064E+02 -0.17394E-02 -0.10000E+07 -0.79562E+03 -0.16769E+02  0.00000E+00  0.16757E+02  0.87182E+01  0.83842E+01  0.41571E+00   2385  0.00000E+00      0.000
     293.0000  0.26924E+00  0.00000E+00  0.99840E-31  0.00000E+00 -0.42915E-05 -0.10145E+02  0.60480E+02 -0.79685E+01  0.32064E+02 -0.17437E-02 -0.10000E+07 -0.79562E+03 -0.16773E+02  0.00000E+00  0.16757E+02  0.87181E+01  0.83842E+01  0.41571E+00   2387  0.00000E+00      0.000
     294.0000  0.10922E+00  0.00000E+00  0.99840E-31  0.00000E+00 -0.42915E-05 -0.10035E+02  0.60480E+02 -0.79685E+01  0.32064E+02 -0.17480E-02 -0.10000E+07 -0.79563E+03 -0.16778E+02  0.00000E+00  0.16757E+02  0.87181E+01  0.83842E+01  0.41571E+00   2389  0.00000E+00      0.000
     295.0000  0.68580E-01  0.00000E+00  0.99840E-31  0.00000E+00 -0.42915E-05 -0.99669E+01  0.60480E+02 -0.79685E+01  0.32064E+02 -0.17523E-02 -0.10000E+07 -0.79563E+03 -0.16782E+02  0.00000E+00  0.16757E+02  0.87181E+01  0.83842E+01  0.41571E+00   2391  0.00000E+00      0.000
     296.0000  0.33020E-01  0.00000E+00  0.99840E-31  0.00000E+00 -0.42617E-05 -0.99339E+01  0.60480E+02 -0.79685E+01  0.32064E+02 -0.17566E-02 -0.10000E+07 -0.79563E+03 -0.16787E+02  0.00000E+00  0.16757E+02  0.87181E+01  0.83842E+01  0.41571E+00   2393  0.00000E+00      0.000
     297.0000  0.22860E-01  0.00000E+00  0.99840E-31  0.00000E+00 -0.42617E-05 -0.99110E+01  0.60480E+02 -0.79685E+01  0.32064E+02 -0.17608E-02 -0.10000E+07 -0.79563E+03 -0.16791E+02  0.00000E+00  0.16757E+02  0.87181E+01  0.83842E+01  0.41571E+00   2395  0.00000E+00      0.000
     298.0000  0.27940E-01  0.00000E+00  0.99840E-31  0.00000E+00 -0.42617E-05 -0.98831E+01  0.60480E+02 -0.79685E+01  0.32064E+02 -0.17651E-02 -0.10000E+07 -0.79563E+03 -0.16795E+02  0.00000E+00  0.16757E+02  0.87181E+01  0.83842E+01  0.41571E+00   2397  0.00000E+00      0.000
     299.0000  0.25400E-01  0.00000E+00  0.99840E-31  0.00000E+00 -0.42319E-05 -0.98577E+01  0.60480E+02 -0.79685E+01  0.32064E+02 -0.17693E-02 -0.10000E+07 -0.79563E+03 -0.16800E+02  0.00000E+00  0.16757E+02  0.87181E+01  0.83842E+01  0.41571E+00   2399  0.00000E+00      0.000
     300.0000  0.22860E-01  0.00000E+00  0.99840E-31  0.00000E+00 -0.42319E-05 -0.98348E+01  0.60480E+02 -0.79685E+01  0.32064E+02 -0.17736E-02 -0.10000E+07 -0.79563E+03 -0.16804E+02  0.00000E+00  0.16757E+02  0.87181E+01  0.83842E+01  0.41571E+00   2401  0.00000E+00      0.000
     301.0000  0.40640E-01  0.00000E+00  0.99840E-31  0.00000E+00 -0.42319E-05 -0.97942E+01  0.60480E+02 -0.79685E+01  0.32064E+02 -0.17778E-02 -0.10000E+07 -0.79563E+03 -0.16808E+02  0.00000E+00  0.16757E+02  0.87181E+01  0.83842E+01  0.41571E+00   2403  0.00000E+00      0.000
     302.0000  0.66040E-01  0.00000E+00  0.99840E-31  0.00000E+00 -0.42021E-05 -0.97281E+01  0.60480E+02 -0.79685E+01  0.32064E+02 -0.17820E-02 -0.10000E+07 -0.79563E+03 -0.16812E+02  0.00000E+00  0.16757E+02  0.87181E+01  0.83842E+01  0.41571E+00   2405  0.00000E+00      0.000
     303.0000  0.10160E+00  0.00000E+00  0.99840E-31  0.00000E+00 -0.42021E-05 -0.96265E+01  0.60480E+02 -0.79685E+01  0.32064E+02 -0.17862E-02 -0.10000E+07 -0.79563E+03 -0.16817E+02  0.00000E+00  0.16757E+02  0.87181E+01  0.83842E+01  0.41571E+00   2407  0.00000E+00      0.000
     304.0000  0.13462E+00  0.00000E+00  0.99840E-31  0.00000E+00 -0.42021E-05 -0.94919E+01  0.60480E+02 -0.79685E+01  0.32064E+02 -0.17904E-02 -0.10000E+07 -0.79563E+03 -0.16821E+02  0.00000E+00  0.16757E+02  0.87181E+01  0.83842E+01  0.41571E+00   2409  0.00000E+00      0.000
     305.0000  0.15748E+00  0.00000E+00  0.99840E-31  0.00000E+00 -0.42021E-05 -0.93344E+01  0.60480E+02 -0.79685E+01  0.32064E+02 -0.17946E-02 -0.10000E+07 -0.79563E+03 -0.16825E+02  0.00000E+00  0.16757E+02  0.87181E+01  0.83842E+01  0.41571E+00   2411  0.00000E+00      0.000
     306.0000  0.11176E+00  0.00000E+00  0.99840E-31  0.00000E+00 -0.41723E-05 -0.92227E+01  0.60480E+02 -0.79685E+01  0.32064E+02 -0.17988E-02 -0.10000E+07 -0.79563E+03 -0.16829E+02  0.00000E+00  0.16757E+02  0.87181E+01  0.83842E+01  0.41571E+00   2413  0.00000E+00      0.000
     307.0000  0.14478E+00  0.00000E+00  0.99840E-31  0.00000E+00 -0.41723E-05 -0.90779E+01  0.60480E+02 -0.79685E+01  0.32064E+02 -0.18030E-02 -0.10000E+07 -0.79563E+03 -0.16834E+02  0.00000E+00  0.16757E+02  0.87181E+01  0.83842E+01  0.41571E+00   2415  0.00000E+00      0.000
     308.0000  0.19050E+00  0.00000E+00  0.99840E-31  0.00000E+00 -0.41723E-05 -0.88874E+01  0.60480E+02 -0.79685E+01  0.32064E+02 -0.18072E-02 -0.10000E+07 -0.79563E+03 -0.16838E+02  0.00000E+00  0.16757E+02  0.87181E+01  0.83842E+01  0.41571E+00   2417  0.00000E+00      0.000
     309.0000  0.23876E+00  0.00000E+00  0.99840E-31  0.00000E+00 -0.41425E-05 -0.86486E+01  0.60480E+02 -0.79685E+01  0.32064E+02 -0.18113E-02 -0.10000E+07 -0.79563E+03 -0.16842E+02  0.00000E+00  0.16757E+02  0.87181E+01  0.83842E+01  0.41571E+00   2419  0.00000E+00      0.000
     310.0000  0.11430E+00  0.00000E+00  0.99840E-31  0.00000E+00 -0.41425E-05 -0.85343E+01  0.60480E+02 -0.79685E+01  0.32064E+02 -0.18155E-02 -0.10000E+07 -0.79563E+03 -0.16846E+02  0.00000E+00  0.16757E+02  0.87181E+01  0.83842E+01  0.41571E+00   2421  0.00000E+00      0.000
     311.0000  0.20320E+00  0.00000E+00  0.99840E-31  0.00000E+00 -0.41425E-05 -0.83311E+01  0.60480E+02 -0.79685E+01  0.32064E+02 -0.18196E-02 -0.10000E+07 -0.79563E+03 -0.16851E+02  0.00000E+00  0.16757E+02  0.87181E+01  0.83842E+01  0.41571E+00   2423  0.00000E+00      0.000
     312.0000  0.12954E+00  0.00000E+00  0.99840E-31  0.00000E+00 -0.41425E-05 -0.82016E+01  0.60480E+02 -0.79685E+01  0.32064E+02 -0.18237E-02 -0.10000E+07 -0.79563E+03 -0.16855E+02  0.00000E+00  0.16757E+02  0.87181E+01  0.83842E+01  0.41571E+00   2425  0.00000E+00      0.000
     313.0000  0.12446E+00  0.00000E+00  0.99840E-31  0.00000E+00 -0.41127E-05 -0.80771E+01  0.60480E+02 -0.79685E+01  0.32064E+02 -0.18279E-02 -0.10000E+07 -0.79563E+03 -0.16859E+02  0.00000E+00  0.16757E+02  0.87181E+01  0.83842E+01  0.41571E+00   2427  0.00000E+00      0.000
     314.0000  0.15494E+00  0.00000E+00  0.99840E-31  0.00000E+00 -0.41127E-05 -0.79222E+01  0.60480E+02 -0.79685E+01  0.32064E+02 -0.18320E-02 -0.10000E+07 -0.79563E+03 -0.16863E+02  0.00000E+00  0.16757E+02  0.87181E+01  0.83842E+01  0.41571E+00   2429  0.00000E+00      0.000
     315.0000  0.28956E+00  0.00000E+00  0.99840E-31  0.00000E+00 -0.41127E-05 -0.76326E+01  0.60480E+02 -0.79685E+01  0.32064E+02 -0.18361E-02 -0.10000E+07 -0.79563E+03 -0.16867E+02  0.00000E+00  0.16757E+02  0.87181E+01  0.83842E+01  0.41571E+00   2431  0.00000E+00      0.000
     316.0000  0.13462E+00  0.00000E+00  0.99840E-31  0.00000E+00 -0.40829E-05 -0.74980E+01  0.60480E+02 -0.79685E+01  0.32064E+02 -0.18402E-02 -0.10000E+07 -0.79563E+03 -0.16872E+02  0.00000E+00  0.16757E+02  0.87180E+01  0.83842E+01  0.41571E+00   2433  0.00000E+00      0.000
     317.0000  0.24892E+00  0.00000E+00  0.99840E-31  0.00000E+00 -0.40829E-05 -0.72491E+01  0.60480E+02 -0.79685E+01  0.32064E+02 -0.18442E-02 -0.10000E+07 -0.79563E+03 -0.16876E+02  0.00000E+00  0.16757E+02  0.87180E+01  0.83842E+01  0.41571E+00   2435  0.00000E+00      0.000
     318.0000  0.18542E+00  0.00000E+00  0.99840E-31  0.00000E+00 -0.40829E-05 -0.70637E+01  0.60480E+02 -0.79685E+01  0.32064E+02 -0.18483E-02 -0.10000E+07 -0.79563E+03 -0.16880E+02  0.00000E+00  0.16757E+02  0.87180E+01  0.83842E+01  0.41571E+00   2437  0.00000E+00      0.000
     319.0000  0.18796E+00  0.00000E+00  0.99840E-31  0.00000E+00 -0.40829E-05 -0.68757E+01  0.60480E+02 -0.79685E+01  0.32064E+02 -0.18524E-02 -0.10000E+07 -0.79563E+03 -0.16884E+02  0.00000E+00  0.16757E+02  0.87180E+01  0.83842E+01  0.41571E+00   2439  0.00000E+00      0.000
     320.0000  0.99060E-01  0.00000E+00  0.99840E-31  0.00000E+00 -0.40531E-05 -0.67767E+01  0.60480E+02 -0.79685E+01  0.32064E+02 -0.18565E-02 -0.10000E+07 -0.79563E+03 -0.16888E+02  0.00000E+00  0.16757E+02  0.87180E+01  0.83842E+01  0.41571E+00   2441  0.00000E+00      0.000
     321.0000  0.27432E+00  0.00000E+00  0.99840E-31  0.00000E+00 -0.40531E-05 -0.65023E+01  0.60480E+02 -0.79685E+01  0.32064E+02 -0.18605E-02 -0.10000E+07 -0.79563E+03 -0.16892E+02  0.00000E+00  0.16757E+02  0.87180E+01  0.83842E+01  0.41571E+00   2443  0.00000E+00      0.000
     322.0000  0.19304E+00  0.00000E+00  0.99840E-31  0.00000E+00 -0.40531E-05 -0.63093E+01  0.60480E+02 -0.79685E+01  0.32064E+02 -0.18646E-02 -0.10000E+07 -0.79563E+03 -0.16896E+02  0.00000E+00  0.16757E+02  0.87180E+01  0.83842E+01  0.41571E+00   2445  0.00000E+00      0.000
     323.0000  0.18796E+00  0.00000E+00  0.99840E-31  0.00000E+00 -0.40233E-05 -0.61213E+01  0.60480E+02 -0.79685E+01  0.32064E+02 -0.18686E-02 -0.10000E+07 -0.79563E+03 -0.16900E+02  0.00000E+00  0.16757E+02  0.87180E+01  0.83842E+01  0.41571E+00   2447  0.00000E+00      0.000
     324.0000  0.16510E+00  0.00000E+00  0.99840E-31  0.00000E+00 -0.40233E-05 -0.59562E+01  0.60480E+02 -0.79685E+01  0.32064E+02 -0.18726E-02 -0.10000E+07 -0.79563E+03 -0.16905E+02  0.00000E+00  0.16757E+02  0.87180E+01  0.83842E+01  0.41571E+00   2449  0.00000E+00      0.000
     325.0000  0.33274E+00  0.00000E+00  0.99840E-31  0.00000E+00 -0.40233E-05 -0.56235E+01  0.60480E+02 -0.79685E+01  0.32064E+02 -0.18766E-02 -0.10000E+07 -0.79563E+03 -0.16909E+02  0.00000E+00  0.16757E+02  0.87180E+01  0.83842E+01  0.41571E+00   2451  0.00000E+00      0.000
     326.0000  0.15240E+00  0.00000E+00  0.99840E-31  0.00000E+00 -0.40233E-05 -0.54711E+01  0.60480E+02 -0.79685E+01  0.32064E+02 -0.18807E-02 -0.10000E+07 -0.79563E+03 -0.16913E+02  0.00000E+00  0.16757E+02  0.87180E+01  0.83842E+01  0.41571E+00   2453  0.00000E+00      0.000
     327.0000  0.10160E-01  0.00000E+00  0.99840E-31  0.00000E+00 -0.39935E-05 -0.54609E+01  0.60480E+02 -0.79685E+01  0.32064E+02 -0.18847E-02 -0.10000E+07 -0.79563E+03 -0.16917E+02  0.00000E+00  0.16757E+02  0.87180E+01  0.83842E+01  0.41571E+00   2455  0.00000E+00      0.000
     328.0000  0.17780E-01  0.00000E+00  0.99840E-31  0.00000E+00 -0.39935E-05 -0.54432E+01  0.60480E+02 -0.79685E+01  0.32064E+02 -0.18886E-02 -0.10000E+07 -0.79563E+03 -0.16921E+02  0.00000E+00  0.16757E+02  0.87180E+01  0.83842E+01  0.41571E+00   2457  0.00000E+00      0.000
     329.0000  0.60960E-01  0.00000E+00  0.99840E-31  0.00000E+00 -0.39935E-05 -0.53822E+01  0.60480E+02 -0.79685E+01  0.32064E+02 -0.18926E-02 -0.10000E+07 -0.79563E+03 -0.16925E+02  0.00000E+00  0.16757E+02  0.87180E+01  0.83842E+01  0.41571E+00   2459  0.00000E+00      0.000
     330.0000  0.58420E-01  0.00000E+00  0.99840E-31  0.00000E+00 -0.39637E-05 -0.53238E+01  0.60480E+02 -0.79685E+01  0.32064E+02 -0.18966E-02 -0.10000E+07 -0.79563E+03 -0.16929E+02  0.00000E+00  0.16757E+02  0.87180E+01  0.83842E+01  0.41571E+00   2461  0.00000E+00      0.000
     331.0000  0.18288E+00  0.00000E+00  0.99840E-31  0.00000E+00 -0.39637E-05 -0.51409E+01  0.60480E+02 -0.79685E+01  0.32064E+02 -0.19006E-02 -0.10000E+07 -0.79563E+03 -0.16933E+02  0.00000E+00  0.16757E+02  0.87180E+01  0.83842E+01  0.41571E+00   2463  0.00000E+00      0.000
     332.0000  0.28194E+00  0.00000E+00  0.99840E-31  0.00000E+00 -0.39637E-05 -0.48590E+01  0.60480E+02 -0.79685E+01  0.32064E+02 -0.19045E-02 -0.10000E+07 -0.79563E+03 -0.16937E+02  0.00000E+00  0.16757E+02  0.87180E+01  0.83842E+01  0.41571E+00   2465  0.00000E+00      0.000
     333.0000  0.10668E+00  0.00000E+00  0.99840E-31  0.00000E+00 -0.39637E-05 -0.47523E+01  0.60480E+02 -0.79685E+01  0.32064E+02 -0.19085E-02 -0.10000E+07 -0.79563E+03 -0.16941E+02  0.00000E+00  0.16757E+02  0.87180E+01  0.83842E+01  0.41571E+00   2467  0.00000E+00      0.000
     334.0000  0.25400E-01  0.00000E+00  0.99840E-31  0.00000E+00 -0.39339E-05 -0.47269E+01  0.60480E+02 -0.79685E+01  0.32064E+02 -0.19124E-02 -0.10000E+07 -0.79563E+03 -0.16945E+02  0.00000E+00  0.16757E+02  0.87180E+01  0.83842E+01  0.41571E+00   2469  0.00000E+00      0.000
     335.0000  0.11430E+00  0.00000E+00  0.99840E-31  0.00000E+00 -0.39339E-05 -0.46126E+01  0.60480E+02 -0.79685E+01  0.32064E+02 -0.19164E-02 -0.10000E+07 -0.79563E+03 -0.16949E+02  0.00000E+00  0.16757E+02  0.87180E+01  0.83842E+01  0.41571E+00   2471  0.00000E+00      0.000
     336.0000  0.16510E+00  0.00000E+00  0.99840E-31  0.00000E+00 -0.39339E-05 -0.44475E+01  0.60480E+02 -0.79685E+01  0.32064E+02 -0.19203E-02 -0.10000E+07 -0.79563E+03 -0.16953E+02  0.00000E+00  0.16757E+02  0.87180E+01  0.83842E+01  0.41571E+00   2473  0.00000E+00      0.000
     337.0000  0.17018E+00  0.00000E+00  0.99840E-31  0.00000E+00 -0.39041E-05 -0.42773E+01  0.60480E+02 -0.79685E+01  0.32064E+02 -0.19242E-02 -0.10000E+07 -0.79563E+03 -0.16957E+02  0.00000E+00  0.16757E+02  0.87180E+01  0.83842E+01  0.41571E+00   2475  0.00000E+00      0.000
     338.0000  0.16256E+00  0.00000E+00  0.99840E-31  0.00000E+00 -0.39041E-05 -0.41147E+01  0.60480E+02 -0.79685E+01  0.32064E+02 -0.19281E-02 -0.10000E+07 -0.79563E+03 -0.16961E+02  0.00000E+00  0.16757E+02  0.87180E+01  0.83842E+01  0.41571E+00   2477  0.00000E+00      0.000
     339.0000  0.33782E+00  0.00000E+00  0.99840E-31  0.00000E+00 -0.39041E-05 -0.37769E+01  0.60480E+02 -0.79685E+01  0.32064E+02 -0.19320E-02 -0.10000E+07 -0.79563E+03 -0.16965E+02  0.00000E+00  0.16757E+02  0.87180E+01  0.83842E+01  0.41571E+00   2479  0.00000E+00      0.000
     340.0000  0.25146E+00  0.00000E+00  0.99840E-31  0.00000E+00 -0.38743E-05 -0.35255E+01  0.60480E+02 -0.79685E+01  0.32064E+02 -0.19359E-02 -0.10000E+07 -0.79563E+03 -0.16969E+02  0.00000E+00  0.16757E+02  0.87180E+01  0.83842E+01  0.41571E+00   2481  0.00000E+00      0.000
     341.0000  0.91440E-01  0.00000E+00  0.99840E-31  0.00000E+00 -0.38743E-05 -0.34340E+01  0.60480E+02 -0.79685E+01  0.32064E+02 -0.19398E-02 -0.10000E+07 -0.79563E+03 -0.16973E+02  0.00000E+00  0.16757E+02  0.87179E+01  0.83842E+01  0.41571E+00   2483  0.00000E+00      0.000
     342.0000  0.33020E-01  0.00000E+00  0.99840E-31  0.00000E+00 -0.38743E-05 -0.34010E+01  0.60480E+02 -0.79685E+01  0.32064E+02 -0.19436E-02 -0.10000E+07 -0.79563E+03 -0.16977E+02  0.00000E+00  0.16757E+02  0.87179E+01  0.83842E+01  0.41571E+00   2485  0.00000E+00      0.000
     343.0000  0.13970E+00  0.00000E+00  0.99840E-31  0.00000E+00 -0.38743E-05 -0.32613E+01  0.60480E+02 -0.79685E+01  0.32064E+02 -0.19475E-02 -0.10000E+07 -0.79563E+03 -0.16981E+02  0.00000E+00  0.16757E+02  0.87179E+01  0.83842E+01  0.41571E+00   2487  0.00000E+00      0.000
     344.0000  0.21082E+00  0.00000E+00  0.99840E-31  0.00000E+00 -0.38445E-05 -0.30505E+01  0.60480E+02 -0.79685E+01  0.32064E+02 -0.19514E-02 -0.10000E+07 -0.79563E+03 -0.16985E+02  0.00000E+00  0.16757E+02  0.87179E+01  0.83842E+01  0.41571E+00   2489  0.00000E+00      0.000
     345.0000  0.45720E-01  0.00000E+00  0.99840E-31  0.00000E+00 -0.38445E-05 -0.30048E+01  0.60480E+02 -0.79685E+01  0.32064E+02 -0.19552E-02 -0.10000E+07 -0.79563E+03 -0.16989E+02  0.00000E+00  0.16757E+02  0.87179E+01  0.83842E+01  0.41571E+00   2491  0.00000E+00      0.000
     346.0000  0.40640E-01  0.00000E+00  0.99840E-31  0.00000E+00 -0.38445E-05 -0.29641E+01  0.60480E+02 -0.79685E+01  0.32064E+02 -0.19591E-02 -0.10000E+07 -0.79563E+03 -0.16992E+02  0.00000E+00  0.16757E+02  0.87179E+01  0.83842E+01  0.41571E+00   2493  0.00000E+00      0.000
     347.0000  0.13716E+00  0.00000E+00  0.99840E-31  0.00000E+00 -0.38445E-05 -0.28270E+01  0.60480E+02 -0.79685E+01  0.32064E+02 -0.19629E-02 -0.10000E+07 -0.79563E+03 -0.16996E+02  0.00000E+00  0.16757E+02  0.87179E+01  0.83842E+01  0.41571E+00   2495  0.00000E+00      0.000
     348.0000  0.11684E+00  0.00000E+00  0.99840E-31  0.00000E+00 -0.38147E-05 -0.27101E+01  0.60480E+02 -0.79685E+01  0.32064E+02 -0.19667E-02 -0.10000E+07 -0.79563E+03 -0.17000E+02  0.00000E+00  0.16757E+02  0.87179E+01  0.83842E+01  0.41571E+00   2497  0.00000E+00      0.000
     349.0000  0.10668E+00  0.00000E+00  0.99840E-31  0.00000E+00 -0.38147E-05 -0.26034E+01  0.60480E+02 -0.79685E+01  0.32064E+02 -0.19705E-02 -0.10000E+07 -0.79563E+03 -0.17004E+02  0.00000E+00  0.16757E+02  0.87179E+01  0.83842E+01  0.41571E+00   2499  0.00000E+00      0.000
     350.0000  0.33020E+00  0.00000E+00  0.99840E-31  0.00000E+00 -0.38147E-05 -0.22732E+01  0.60480E+02 -0.79685E+01  0.32064E+02 -0.19744E-02 -0.10000E+07 -0.79563E+03 -0.17008E+02  0.00000E+00  0.16757E+02  0.87179E+01  0.83842E+01  0.41571E+00   2501  0.00000E+00      0.000
     351.0000  0.66040E-01  0.00000E+00  0.99840E-31  0.00000E+00 -0.37849E-05 -0.22072E+01  0.60480E+02 -0.79685E+01  0.32064E+02 -0.19782E-02 -0.10000E+07 -0.79563E+03 -0.17012E+02  0.00000E+00  0.16757E+02  0.87179E+01  0.83842E+01  0.41571E+00   2503  0.00000E+00      0.000
     352.0000  0.22860E+00  0.00000E+00  0.99840E-31  0.00000E+00 -0.37849E-05 -0.19786E+01  0.60480E+02 -0.79685E+01  0.32064E+02 -0.19819E-02 -0.10000E+07 -0.79563E+03 -0.17016E+02  0.00000E+00  0.16757E+02  0.87179E+01  0.83842E+01  0.41571E+00   2505  0.00000E+00      0.000
     353.0000  0.19304E+00  0.00000E+00  0.99840E-31  0.00000E+00 -0.37849E-05 -0.17856E+01  0.60480E+02 -0.79685E+01  0.32064E+02 -0.19857E-02 -0.10000E+07 -0.79563E+03 -0.17020E+02  0.00000E+00  0.16757E+02  0.87179E+01  0.83842E+01  0.41571E+00   2507  0.00000E+00      0.000
     354.0000  0.20574E+00  0.00000E+00  0.99840E-31  0.00000E+00 -0.37849E-05 -0.15798E+01  0.60480E+02 -0.79685E+01  0.32064E+02 -0.19895E-02 -0.10000E+07 -0.79563E+03 -0.17023E+02  0.00000E+00  0.16757E+02  0.87179E+01  0.83842E+01  0.41571E+00   2509  0.00000E+00      0.000
     355.0000  0.16510E+00  0.00000E+00  0.99840E-31  0.00000E+00 -0.37551E-05 -0.14147E+01  0.60480E+02 -0.79685E+01  0.32064E+02 -0.19933E-02 -0.10000E+07 -0.79563E+03 -0.17027E+02  0.00000E+00  0.16757E+02  0.87179E+01  0.83842E+01  0.41571E+00   2511  0.00000E+00      0.000
     356.0000  0.20320E+00  0.00000E+00  0.99840E-31  0.00000E+00 -0.37551E-05 -0.12115E+01  0.60480E+02 -0.79685E+01  0.32064E+02 -0.19970E-02 -0.10000E+07 -0.79563E+03 -0.17031E+02  0.00000E+00  0.16757E+02  0.87179E+01  0.83842E+01  0.41571E+00   2513  0.00000E+00      0.000
     357.0000  0.73660E-01  0.00000E+00  0.99840E-31  0.00000E+00 -0.37551E-05 -0.11379E+01  0.60480E+02 -0.79685E+01  0.32064E+02 -0.20008E-02 -0.10000E+07 -0.79563E+03 -0.17035E+02  0.00000E+00  0.16757E+02  0.87179E+01  0.83842E+01  0.41571E+00   2515  0.00000E+00      0.000
     358.0000  0.76200E-01  0.00000E+00  0.99840E-31  0.00000E+00 -0.37551E-05 -0.10617E+01  0.60480E+02 -0.79685E+01  0.32064E+02 -0.20045E-02 -0.10000E+07 -0.79563E+03 -0.17039E+02  0.00000E+00  0.16757E+02  0.87179E+01  0.83842E+01  0.41571E+00   2517  0.00000E+00      0.000
     359.0000  0.12954E+00  0.00000E+00  0.99840E-31  0.00000E+00 -0.37253E-05 -0.93212E+00  0.60480E+02 -0.79685E+01  0.32064E+02 -0.20083E-02 -0.10000E+07 -0.79563E+03 -0.17043E+02  0.00000E+00  0.16757E+02  0.87179E+01  0.83842E+01  0.41571E+00   2519  0.00000E+00      0.000
     360.0000  0.16510E+00  0.00000E+00  0.99840E-31  0.00000E+00 -0.37253E-05 -0.76702E+00  0.60480E+02 -0.79685E+01  0.32064E+02 -0.20120E-02 -0.10000E+07 -0.79563E+03 -0.17046E+02  0.00000E+00  0.16757E+02  0.87179E+01  0.83842E+01  0.41571E+00   2521  0.00000E+00      0.000
     361.0000  0.91440E-01  0.00000E+00  0.99840E-31  0.00000E+00 -0.37253E-05 -0.67558E+00  0.60480E+02 -0.79685E+01  0.32064E+02 -0.20157E-02 -0.10000E+07 -0.79563E+03 -0.17050E+02  0.00000E+00  0.16757E+02  0.87179E+01  0.83842E+01  0.41571E+00   2523  0.00000E+00      0.000
     362.0000  0.19050E+00  0.00000E+00  0.99840E-31  0.00000E+00 -0.37253E-05 -0.48508E+00  0.60480E+02 -0.79685E+01  0.32064E+02 -0.20195E-02 -0.10000E+07 -0.79563E+03 -0.17054E+02  0.00000E+00  0.16757E+02  0.87179E+01  0.83842E+01  0.41571E+00   2525  0.00000E+00      0.000
     363.0000  0.78740E-01  0.00000E+00  0.99840E-31  0.00000E+00 -0.36955E-05 -0.40634E+00  0.60480E+02 -0.79685E+01  0.32064E+02 -0.20232E-02 -0.10000E+07 -0.79563E+03 -0.17058E+02  0.00000E+00  0.16757E+02  0.87179E+01  0.83842E+01  0.41571E+00   2527  0.00000E+00      0.000
     364.0000  0.33020E-01  0.00000E+00  0.99840E-31  0.00000E+00 -0.36955E-05 -0.37332E+00  0.60480E+02 -0.79685E+01  0.32064E+02 -0.20269E-02 -0.10000E+07 -0.79563E+03 -0.17061E+02  0.00000E+00  0.16757E+02  0.87179E+01  0.83842E+01  0.41571E+00   2529  0.00000E+00      0.000
     365.0000  0.10668E+00  0.00000E+00  0.99840E-31  0.00000E+00 -0.36955E-05 -0.26664E+00  0.60480E+02 -0.79685E+01  0.32064E+02 -0.20306E-02 -0.10000E+07 -0.79563E+03 -0.17065E+02  0.00000E+00  0.16757E+02  0.87179E+01  0.83842E+01  0.41571E+00   2531  0.00000E+00      0.000
     366.0000  0.12700E+00  0.00000E+00  0.99840E-31  0.00000E+00 -0.36955E-05 -0.13964E+00  0.60480E+02 -0.79685E+01  0.32064E+02 -0.20343E-02 -0.10000E+07 -0.79563E+03 -0.17069E+02  0.00000E+00  0.16757E+02  0.87179E+01  0.83842E+01  0.41571E+00   2533  0.00000E+00      0.000
     367.0000  0.11684E+00  0.00000E+00  0.99840E-31  0.00000E+00 -0.36657E-05 -0.22799E-01  0.60480E+02 -0.79685E+01  0.32064E+02 -0.20379E-02 -0.10000E+07 -0.79563E+03 -0.17073E+02  0.00000E+00  0.16757E+02  0.87179E+01  0.83842E+01  0.41571E+00   2535  0.00000E+00      0.000
     368.0000  0.40640E-01  0.00000E+00  0.99840E-31  0.00000E+00 -0.36657E-05  0.17841E-01  0.60480E+02 -0.79685E+01  0.32064E+02 -0.20416E-02 -0.10000E+07 -0.79563E+03 -0.17076E+02  0.00000E+00  0.16757E+02  0.87178E+01  0.83842E+01  0.41571E+00   2537  0.00000E+00      0.000
     369.0000  0.11176E+00  0.00000E+00  0.99840E-31  0.00000E+00 -0.36657E-05  0.12960E+00  0.60480E+02 -0.79685E+01  0.32064E+02 -0.20453E-02 -0.10000E+07 -0.79563E+03 -0.17080E+02  0.00000E+00  0.16757E+02  0.87178E+01  0.83842E+01  0.41571E+00   2539  0.00000E+00      0.000
     370.0000  0.91440E-01  0.00000E+00  0.99840E-31  0.00000E+00 -0.36657E-05  0.22104E+00  0.60480E+02 -0.79685E+01  0.32064E+02 -0.20489E-02 -0.10000E+07 -0.79563E+03 -0.17084E+02  0.00000E+00  0.16757E+02  0.87178E+01  0.83842E+01  0.41571E+00   2541  0.00000E+00      0.000
     371.0000  0.15240E+00  0.00000E+00  0.99840E-31  0.00000E+00 -0.36359E-05  0.37344E+00  0.60480E+02 -0.79685E+01  0.32064E+02 -0.20526E-02 -0.10000E+07 -0.79563E+03 -0.17088E+02  0.00000E+00  0.16757E+02  0.87178E+01  0.83842E+01  0.41571E+00   2543  0.00000E+00      0.000
     372.0000  0.27940E-01  0.00000E+00  0.99840E-31  0.00000E+00 -0.36359E-05  0.40138E+00  0.60480E+02 -0.79685E+01  0.32064E+02 -0.20562E-02 -0.10000E+07 -0.79563E+03 -0.17091E+02  0.00000E+00  0.16757E+02  0.87178E+01  0.83842E+01  0.41571E+00   2545  0.00000E+00      0.000
     373.0000  0.83820E-01  0.00000E+00  0.99840E-31  0.00000E+00 -0.36359E-05  0.48520E+00  0.60480E+02 -0.79685E+01  0.32064E+02 -0.20598E-02 -0.10000E+07 -0.79563E+03 -0.17095E+02  0.00000E+00  0.16757E+02  0.87178E+01  0.83842E+01  0.41571E+00   2547  0.00000E+00      0.000
     374.0000  0.19050E+00  0.00000E+00  0.99840E-31  0.00000E+00 -0.36061E-05  0.67570E+00  0.60480E+02 -0.79685E+01  0.32064E+02 -0.20635E-02 -0.10000E+07 -0.79563E+03 -0.17099E+02  0.00000E+00  0.16757E+02  0.87178E+01  0.83842E+01  0.41571E+00   2549  0.00000E+00      0.000
     375.0000  0.38100E-01  0.00000E+00  0.99840E-31  0.00000E+00 -0.36061E-05  0.71380E+00  0.60480E+02 -0.79685E+01  0.32064E+02 -0.20671E-02 -0.10000E+07 -0.79563E+03 -0.17102E+02  0.00000E+00  0.16757E+02  0.87178E+01  0.83842E+01  0.41571E+00   2551  0.00000E+00      0.000
     376.0000  0.15240E-01  0.00000E+00  0.99840E-31  0.00000E+00 -0.36061E-05  0.72904E+00  0.60480E+02 -0.79685E+01  0.32064E+02 -0.20707E-02 -0.10000E+07 -0.79563E+03 -0.17106E+02  0.00000E+00  0.16757E+02  0.87178E+01  0.83842E+01  0.41571E+00   2553  0.00000E+00      0.000
     377.0000  0.50800E-02  0.00000E+00  0.99840E-31  0.00000E+00 -0.36061E-05  0.73412E+00  0.60480E+02 -0.79685E+01  0.32064E+02 -0.20743E-02 -0.10000E+07 -0.79563E+03 -0.17110E+02  0.00000E+00  0.16757E+02  0.87178E+01  0.83842E+01  0.41571E+00   2555  0.00000E+00      0.000
     378.0000  0.76200E-02  0.00000E+00  0.99840E-31  0.00000E+00 -0.35763E-05  0.74174E+00  0.60480E+02 -0.79685E+01  0.32064E+02 -0.20779E-02 -0.10000E+07 -0.79563E+03 -0.17113E+02  0.00000E+00  0.16757E+02  0.87178E+01  0.83842E+01  0.41571E+00   2557  0.00000E+00      0.000
     379.0000  0.50800E-02  0.00000E+00  0.99840E-31  0.00000E+00 -0.35763E-05  0.74682E+00  0.60480E+02 -0.79685E+01  0.32064E+02 -0.20814E-02 -0.10000E+07 -0.79563E+03 -0.17117E+02  0.00000E+00  0.16757E+02  0.87178E+01  0.83842E+01  0.41571E+00   2559  0.00000E+00      0.000
     380.0000  0.20320E-01  0.00000E+00  0.99840E-31  0.00000E+00 -0.35763E-05  0.76714E+00  0.60480E+02 -0.79685E+01  0.32064E+02 -0.20850E-02 -0.10000E+07 -0.79563E+03 -0.17121E+02  0.00000E+00  0.16757E+02  0.87178E+01  0.83842E+01  0.41571E+00   2561  0.00000E+00      0.000
     381.0000  0.78740E-01  0.00000E+00  0.99840E-31  0.00000E+00 -0.35763E-05  0.84588E+00  0.60480E+02 -0.79685E+01  0.32064E+02 -0.20886E-02 -0.10000E+07 -0.79563E+03 -0.17124E+02  0.00000E+00  0.16757E+02  0.87178E+01  0.83842E+01  0.41571E+00   2563  0.00000E+00      0.000
     382.0000  0.17780E-01  0.00000E+00  0.99840E-31  0.00000E+00 -0.35465E-05  0.86366E+00  0.60480E+02 -0.79685E+01  0.32064E+02 -0.20921E-02 -0.10000E+07 -0.79563E+03 -0.17128E+02  0.00000E+00  0.16757E+02  0.87178E+01  0.83842E+01  0.41571E+00   2565  0.00000E+00      0.000
     383.0000  0.16510E-01  0.00000E+00  0.99840E-31  0.00000E+00 -0.35465E-05  0.88017E+00  0.60480E+02 -0.79685E+01  0.32064E+02 -0.20957E-02 -0.10000E+07 -0.79563E+03 -0.17131E+02  0.00000E+00  0.16757E+02  0.87178E+01  0.83842E+01  0.41571E+00   2567  0.00000E+00      0.000
     384.0000  0.15240E-01  0.00000E+00  0.99840E-31  0.00000E+00 -0.35465E-05  0.89541E+00  0.60480E+02 -0.79685E+01  0.32064E+02 -0.20992E-02 -0.10000E+07 -0.79563E+03 -0.17135E+02  0.00000E+00  0.16757E+02  0.87178E+01  0.83842E+01  0.41571E+00   2569  0.00000E+00      0.000
     385.0000  0.11430E+00  0.00000E+00  0.99840E-31  0.00000E+00 -0.35465E-05  0.10097E+01  0.60480E+02 -0.79685E+01  0.32064E+02 -0.21028E-02 -0.10000E+07 -0.79563E+03 -0.17139E+02  0.00000E+00  0.16757E+02  0.87178E+01  0.83842E+01  0.41571E+00   2571  0.00000E+00      0.000
     386.0000  0.12954E+00  0.00000E+00  0.99840E-31  0.00000E+00 -0.35167E-05  0.11393E+01  0.60480E+02 -0.79685E+01  0.32064E+02 -0.21063E-02 -0.10000E+07 -0.79563E+03 -0.17142E+02  0.00000E+00  0.16757E+02  0.87178E+01  0.83842E+01  0.41571E+00   2573  0.00000E+00      0.000
     387.0000  0.38100E-01  0.00000E+00  0.99840E-31  0.00000E+00 -0.35167E-05  0.11774E+01  0.60480E+02 -0.79685E+01  0.32064E+02 -0.21098E-02 -0.10000E+07 -0.79563E+03 -0.17146E+02  0.00000E+00  0.16757E+02  0.87178E+01  0.83842E+01  0.41571E+00   2575  0.00000E+00      0.000
     388.0000  0.15494E+00  0.00000E+00  0.99840E-31  0.00000E+00 -0.35167E-05  0.13323E+01  0.60480E+02 -0.79685E+01  0.32064E+02 -0.21133E-02 -0.10000E+07 -0.79563E+03 -0.17149E+02  0.00000E+00  0.16757E+02  0.87178E+01  0.83842E+01  0.41571E+00   2577  0.00000E+00      0.000
     389.0000  0.14732E+00  0.00000E+00  0.99840E-31  0.00000E+00 -0.35167E-05  0.14796E+01  0.60480E+02 -0.79685E+01  0.32064E+02 -0.21169E-02 -0.10000E+07 -0.79563E+03 -0.17153E+02  0.00000E+00  0.16757E+02  0.87178E+01  0.83842E+01  0.41571E+00   2579  0.00000E+00      0.000
     390.0000  0.16510E+00  0.00000E+00  0.99840E-31  0.00000E+00 -0.34869E-05  0.16447E+01  0.60480E+02 -0.79685E+01  0.32064E+02 -0.21203E-02 -0.10000E+07 -0.79563E+03 -0.17156E+02  0.00000E+00  0.16757E+02  0.87178E+01  0.83842E+01  0.41571E+00   2581  0.00000E+00      0.000
     391.0000  0.19304E+00  0.00000E+00  0.99840E-31  0.00000E+00 -0.34869E-05  0.18378E+01  0.60480E+02 -0.79685E+01  0.32064E+02 -0.21238E-02 -0.10000E+07 -0.79563E+03 -0.17160E+02  0.00000E+00  0.16757E+02  0.87178E+01  0.83842E+01  0.41571E+00   2583  0.00000E+00      0.000
     392.0000  0.20574E+00  0.00000E+00  0.99840E-31  0.00000E+00 -0.34869E-05  0.20435E+01  0.60480E+02 -0.79685E+01  0.32064E+02 -0.21273E-02 -0.10000E+07 -0.79563E+03 -0.17164E+02  0.00000E+00  0.16757E+02  0.87178E+01  0.83842E+01  0.41571E+00   2585  0.00000E+00      0.000
     393.0000  0.26162E+00  0.00000E+00  0.99840E-31  0.00000E+00 -0.34869E-05  0.23051E+01  0.60480E+02 -0.79685E+01  0.32064E+02 -0.21308E-02 -0.10000E+07 -0.79563E+03 -0.17167E+02  0.00000E+00  0.16757E+02  0.87178E+01  0.83842E+01  0.41571E+00   2587  0.00000E+00      0.000
     394.0000  0.22352E+00  0.00000E+00  0.99840E-31  0.00000E+00 -0.34571E-05  0.25286E+01  0.60480E+02 -0.79685E+01  0.32064E+02 -0.21343E-02 -0.10000E+07 -0.79563E+03 -0.17171E+02  0.00000E+00  0.16757E+02  0.87178E+01  0.83842E+01  0.41571E+00   2589  0.00000E+00      0.000
     395.0000  0.24892E+00  0.00000E+00  0.99840E-31  0.00000E+00 -0.34571E-05  0.27776E+01  0.60480E+02 -0.79685E+01  0.32064E+02 -0.21377E-02 -0.10000E+07 -0.79563E+03 -0.17174E+02  0.00000E+00  0.16757E+02  0.87178E+01  0.83842E+01  0.41571E+00   2591  0.00000E+00      0.000
     396.0000  0.24130E+00  0.00000E+00  0.99840E-31  0.00000E+00 -0.34571E-05  0.30189E+01  0.60480E+02 -0.79685E+01  0.32064E+02 -0.21412E-02 -0.10000E+07 -0.79563E+03 -0.17178E+02  0.00000E+00  0.16757E+02  0.87177E+01  0.83842E+01  0.41571E+00   2593  0.00000E+00      0.000
     397.0000  0.19558E+00  0.00000E+00  0.99840E-31  0.00000E+00 -0.34571E-05  0.32144E+01  0.60480E+02 -0.79685E+01  0.32064E+02 -0.21446E-02 -0.10000E+07 -0.79563E+03 -0.17181E+02  0.00000E+00  0.16757E+02  0.87177E+01  0.83842E+01  0.41571E+00   2595  0.00000E+00      0.000
     398.0000  0.81280E-01  0.00000E+00  0.99840E-31  0.00000E+00 -0.34273E-05  0.32957E+01  0.60480E+02 -0.79685E+01  0.32064E+02 -0.21481E-02 -0.10000E+07 -0.79563E+03 -0.17185E+02  0.00000E+00  0.16757E+02  0.87177E+01  0.83842E+01  0.41571E+00   2597  0.00000E+00      0.000
     399.0000  0.30480E-01  0.00000E+00  0.99840E-31  0.00000E+00 -0.34273E-05  0.33262E+01  0.60480E+02 -0.79685E+01  0.32064E+02 -0.21515E-02 -0.10000E+07 -0.79563E+03 -0.17188E+02  0.00000E+00  0.16757E+02  0.87177E+01  0.83842E+01  0.41571E+00   2599  0.00000E+00      0.000
     400.0000  0.38100E-01  0.00000E+00  0.99840E-31  0.00000E+00 -0.34273E-05  0.33643E+01  0.60480E+02 -0.79685E+01  0.32064E+02 -0.21549E-02 -0.10000E+07 -0.79563E+03 -0.17192E+02  0.00000E+00  0.16757E+02  0.87177E+01  0.83842E+01  0.41571E+00   2601  0.00000E+00      0.000
     401.0000  0.45720E-01  0.00000E+00  0.99840E-31  0.00000E+00 -0.34273E-05  0.34100E+01  0.60480E+02 -0.79685E+01  0.32064E+02 -0.21584E-02 -0.10000E+07 -0.79563E+03 -0.17195E+02  0.00000E+00  0.16757E+02  0.87177E+01  0.83842E+01  0.41571E+00   2603  0.00000E+00      0.000
     402.0000  0.27940E-01  0.00000E+00  0.99840E-31  0.00000E+00 -0.33975E-05  0.34380E+01  0.60480E+02 -0.79685E+01  0.32064E+02 -0.21618E-02 -0.10000E+07 -0.79563E+03 -0.17199E+02  0.00000E+00  0.16757E+02  0.87177E+01  0.83842E+01  0.41571E+00   2605  0.00000E+00      0.000
     403.0000  0.33020E-01  0.00000E+00  0.99840E-31  0.00000E+00 -0.33975E-05  0.34710E+01  0.60480E+02 -0.79685E+01  0.32064E+02 -0.21652E-02 -0.10000E+07 -0.79563E+03 -0.17202E+02  0.00000E+00  0.16757E+02  0.87177E+01  0.83842E+01  0.41571E+00   2607  0.00000E+00      0.000
     404.0000  0.38100E-01  0.00000E+00  0.99840E-31  0.00000E+00 -0.33975E-05  0.35091E+01  0.60480E+02 -0.79685E+01  0.32064E+02 -0.21686E-02 -0.10000E+07 -0.79563E+03 -0.17206E+02  0.00000E+00  0.16757E+02  0.87177E+01  0.83842E+01  0.41571E+00   2609  0.00000E+00      0.000
     405.0000  0.38100E-01  0.00000E+00  0.99840E-31  0.00000E+00 -0.33975E-05  0.35472E+01  0.60480E+02 -0.79685E+01  0.32064E+02 -0.21720E-02 -0.10000E+07 -0.79563E+03 -0.17209E+02  0.00000E+00  0.16757E+02  0.87177E+01  0.83842E+01  0.41571E+00   2611  0.00000E+00      0.000
     406.0000  0.68580E-01  0.00000E+00  0.99840E-31  0.00000E+00 -0.33975E-05  0.36158E+01  0.60480E+02 -0.79685E+01  0.32064E+02 -0.21754E-02 -0.10000E+07 -0.79563E+03 -0.17212E+02  0.00000E+00  0.16757E+02  0.87177E+01  0.83842E+01  0.41571E+00   2613  0.00000E+00      0.000
     407.0000  0.76200E-01  0.00000E+00  0.99840E-31  0.00000E+00 -0.33677E-05  0.36920E+01  0.60480E+02 -0.79685E+01  0.32064E+02 -0.21787E-02 -0.10000E+07 -0.79563E+03 -0.17216E+02  0.00000E+00  0.16757E+02  0.87177E+01  0.83842E+01  0.41571E+00   2615  0.00000E+00      0.000
     408.0000  0.71120E-01  0.00000E+00  0.99840E-31  0.00000E+00 -0.33677E-05  0.37631E+01  0.60480E+02 -0.79685E+01  0.32064E+02 -0.21821E-02 -0.10000E+07 -0.79563E+03 -0.17219E+02  0.00000E+00  0.16757E+02  0.87177E+01  0.83842E+01  0.41571E+00   2617  0.00000E+00      0.000
     409.0000  0.35560E-01  0.00000E+00  0.99840E-31  0.00000E+00 -0.33677E-05  0.37986E+01  0.60480E+02 -0.79685E+01  0.32064E+02 -0.21855E-02 -0.10000E+07 -0.79563E+03 -0.17223E+02  0.00000E+00  0.16757E+02  0.87177E+01  0.83842E+01  0.41571E+00   2619  0.00000E+00      0.000
     410.0000  0.31750E-01  0.00000E+00  0.99840E-31  0.00000E+00 -0.33379E-05  0.38304E+01  0.60480E+02 -0.79685E+01  0.32064E+02 -0.21888E-02 -0.10000E+07 -0.79563E+03 -0.17226E+02  0.00000E+00  0.16757E+02  0.87177E+01  0.83842E+01  0.41571E+00   2621  0.00000E+00      0.000
     411.0000  0.27940E-01  0.00000E+00  0.99840E-31  0.00000E+00 -0.33379E-05  0.38583E+01  0.60480E+02 -0.79685E+01  0.32064E+02 -0.21922E-02 -0.10000E+07 -0.79563E+03 -0.17230E+02  0.00000E+00  0.16757E+02  0.87177E+01  0.83842E+01  0.41571E+00   2623  0.00000E+00      0.000
     412.0000  0.33020E-01  0.00000E+00  0.99840E-31  0.00000E+00 -0.33379E-05  0.38913E+01  0.60480E+02 -0.79685E+01  0.32064E+02 -0.21955E-02 -0.10000E+07 -0.79563E+03 -0.17233E+02  0.00000E+00  0.16757E+02  0.87177E+01  0.83842E+01  0.41571E+00   2625  0.00000E+00      0.000
     413.0000  0.88900E-01  0.00000E+00  0.99840E-31  0.00000E+00 -0.33379E-05  0.39802E+01  0.60480E+02 -0.79685E+01  0.32064E+02 -0.21988E-02 -0.10000E+07 -0.79563E+03 -0.17236E+02  0.00000E+00  0.16757E+02  0.87177E+01  0.83842E+01  0.41571E+00   2627  0.00000E+00      0.000
     414.0000  0.15240E+00  0.00000E+00  0.99840E-31  0.00000E+00 -0.33379E-05  0.41326E+01  0.60480E+02 -0.79685E+01  0.32064E+02 -0.22022E-02 -0.10000E+07 -0.79563E+03 -0.17240E+02  0.00000E+00  0.16757E+02  0.87177E+01  0.83842E+01  0.41571E+00   2629  0.00000E+00      0.000
     415.0000  0.10160E+00  0.00000E+00  0.99840E-31  0.00000E+00 -0.33081E-05  0.42342E+01  0.60480E+02 -0.79685E+01  0.32064E+02 -0.22055E-02 -0.10000E+07 -0.79563E+03 -0.17243E+02  0.00000E+00  0.16757E+02  0.87177E+01  0.83842E+01  0.41571E+00   2631  0.00000E+00      0.000
     416.0000  0.17526E+00  0.00000E+00  0.99840E-31  0.00000E+00 -0.33081E-05  0.44095E+01  0.60480E+02 -0.79685E+01  0.32064E+02 -0.22088E-02 -0.10000E+07 -0.79563E+03 -0.17246E+02  0.00000E+00  0.16757E+02  0.87177E+01  0.83842E+01  0.41571E+00   2633  0.00000E+00      0.000
     417.0000  0.13462E+00  0.00000E+00  0.99840E-31  0.00000E+00 -0.33081E-05  0.45441E+01  0.60480E+02 -0.79685E+01  0.32064E+02 -0.22121E-02 -0.10000E+07 -0.79563E+03 -0.17250E+02  0.00000E+00  0.16757E+02  0.87177E+01  0.83842E+01  0.41571E+00   2635  0.00000E+00      0.000
     418.0000  0.12700E+00  0.00000E+00  0.99840E-31  0.00000E+00 -0.33081E-05  0.46711E+01  0.60480E+02 -0.79685E+01  0.32064E+02 -0.22154E-02 -0.10000E+07 -0.79563E+03 -0.17253E+02  0.00000E+00  0.16757E+02  0.87177E+01  0.83842E+01  0.41571E+00   2637  0.00000E+00      0.000
     419.0000  0.20066E+00  0.00000E+00  0.99840E-31  0.00000E+00 -0.32783E-05  0.48718E+01  0.60480E+02 -0.79685E+01  0.32064E+02 -0.22187E-02 -0.10000E+07 -0.79563E+03 -0.17257E+02  0.00000E+00  0.16757E+02  0.87177E+01  0.83842E+01  0.41571E+00   2639  0.00000E+00      0.000
     420.0000  0.17018E+00  0.00000E+00  0.99840E-31  0.00000E+00 -0.32783E-05  0.50420E+01  0.60480E+02 -0.79685E+01  0.32064E+02 -0.22220E-02 -0.10000E+07 -0.79563E+03 -0.17260E+02  0.00000E+00  0.16757E+02  0.87177E+01  0.83842E+01  0.41571E+00   2641  0.00000E+00      0.000
     421.0000  0.26162E+00  0.00000E+00  0.99840E-31  0.00000E+00 -0.32783E-05  0.53036E+01  0.60480E+02 -0.79685E+01  0.32064E+02 -0.22253E-02 -0.10000E+07 -0.79563E+03 -0.17263E+02  0.00000E+00  0.16757E+02  0.87177E+01  0.83842E+01  0.41571E+00   2643  0.00000E+00      0.000
     422.0000  0.93980E-01  0.00000E+00  0.99840E-31  0.00000E+00 -0.32783E-05  0.53976E+01  0.60480E+02 -0.79685E+01  0.32064E+02 -0.22285E-02 -0.10000E+07 -0.79563E+03 -0.17267E+02  0.00000E+00  0.16757E+02  0.87177E+01  0.83842E+01  0.41571E+00   2645  0.00000E+00      0.000
     423.0000  0.50800E-01  0.00000E+00  0.99840E-31  0.00000E+00 -0.32783E-05  0.54484E+01  0.60480E+02 -0.79685E+01  0.32064E+02 -0.22318E-02 -0.10000E+07 -0.79563E+03 -0.17270E+02  0.00000E+00  0.16757E+02  0.87177E+01  0.83842E+01  0.41571E+00   2647  0.00000E+00      0.000
     424.0000  0.22352E+00  0.00000E+00  0.99840E-31  0.00000E+00 -0.32485E-05  0.56719E+01  0.60480E+02 -0.79685E+01  0.32064E+02 -0.22351E-02 -0.10000E+07 -0.79563E+03 -0.17273E+02  0.00000E+00  0.16757E+02  0.87177E+01  0.83842E+01  0.41571E+00   2649  0.00000E+00      0.000
     425.0000  0.33020E+00  0.00000E+00  0.99840E-31  0.00000E+00 -0.32485E-05  0.60021E+01  0.60480E+02 -0.79685E+01  0.32064E+02 -0.22383E-02 -0.10000E+07 -0.79563E+03 -0.17276E+02  0.00000E+00  0.16757E+02  0.87177E+01  0.83842E+01  0.41571E+00   2651  0.00000E+00      0.000
     426.0000  0.19558E+00  0.00000E+00  0.99840E-31  0.00000E+00 -0.32485E-05  0.61977E+01  0.60480E+02 -0.79685E+01  0.32064E+02 -0.22416E-02 -0.10000E+07 -0.79563E+03 -0.17280E+02  0.00000E+00  0.16757E+02  0.87176E+01  0.83842E+01  0.41571E+00   2653  0.00000E+00      0.000
     427.0000  0.40640E-01  0.00000E+00  0.99840E-31  0.00000E+00 -0.32485E-05  0.62383E+01  0.60480E+02 -0.79685E+01  0.32064E+02 -0.22448E-02 -0.10000E+07 -0.79563E+03 -0.17283E+02  0.00000E+00  0.16757E+02  0.87176E+01  0.83842E+01  0.41571E+00   2655  0.00000E+00      0.000
     428.0000  0.43180E-01  0.00000E+00  0.99840E-31  0.00000E+00 -0.32187E-05  0.62815E+01  0.60480E+02 -0.79685E+01  0.32064E+02 -0.22480E-02 -0.10000E+07 -0.79563E+03 -0.17286E+02  0.00000E+00  0.16757E+02  0.87176E+01  0.83842E+01  0.41571E+00   2657  0.00000E+00      0.000
     429.0000  0.53340E-01  0.00000E+00  0.99840E-31  0.00000E+00 -0.32187E-05  0.63348E+01  0.60480E+02 -0.79685E+01  0.32064E+02 -0.22513E-02 -0.10000E+07 -0.79563E+03 -0.17290E+02  0.00000E+00  0.16757E+02  0.87176E+01  0.83842E+01  0.41571E+00   2659  0.00000E+00      0.000
     430.0000  0.91440E-01  0.00000E+00  0.99840E-31  0.00000E+00 -0.32187E-05  0.64263E+01  0.60480E+02 -0.79685E+01  0.32064E+02 -0.22545E-02 -0.10000E+07 -0.79563E+03 -0.17293E+02  0.00000E+00  0.16757E+02  0.87176E+01  0.83842E+01  0.41571E+00   2661  0.00000E+00      0.000
     431.0000  0.76200E-01  0.00000E+00  0.99840E-31  0.00000E+00 -0.32187E-05  0.65025E+01  0.60480E+02 -0.79685E+01  0.32064E+02 -0.22577E-02 -0.10000E+07 -0.79563E+03 -0.17296E+02  0.00000E+00  0.16757E+02  0.87176E+01  0.83842E+01  0.41571E+00   2663  0.00000E+00      0.000
     432.0000  0.11684E+00  0.00000E+00  0.99840E-31  0.00000E+00 -0.31888E-05  0.66193E+01  0.60480E+02 -0.79685E+01  0.32064E+02 -0.22609E-02 -0.10000E+07 -0.79563E+03 -0.17299E+02  0.00000E+00  0.16757E+02  0.87176E+01  0.83842E+01  0.41571E+00   2665  0.00000E+00      0.000
     433.0000  0.31750E+00  0.00000E+00  0.99840E-31  0.00000E+00 -0.31888E-05  0.69368E+01  0.60480E+02 -0.79685E+01  0.32064E+02 -0.22641E-02 -0.10000E+07 -0.79563E+03 -0.17303E+02  0.00000E+00  0.16757E+02  0.87176E+01  0.83842E+01  0.41571E+00   2667  0.00000E+00      0.000
     434.0000  0.41656E+00  0.00000E+00  0.99840E-31  0.00000E+00 -0.31888E-05  0.73534E+01  0.60480E+02 -0.79685E+01  0.32064E+02 -0.22673E-02 -0.10000E+07 -0.79563E+03 -0.17306E+02  0.00000E+00  0.16757E+02  0.87176E+01  0.83842E+01  0.41571E+00   2669  0.00000E+00      0.000
     435.0000  0.31242E+00  0.00000E+00  0.99840E-31  0.00000E+00 -0.31888E-05  0.76658E+01  0.60480E+02 -0.79685E+01  0.32064E+02 -0.22705E-02 -0.10000E+07 -0.79563E+03 -0.17309E+02  0.00000E+00  0.16757E+02  0.87176E+01  0.83842E+01  0.41571E+00   2671  0.00000E+00      0.000
     436.0000  0.21590E+00  0.00000E+00  0.99840E-31  0.00000E+00 -0.31590E-05  0.78817E+01  0.60480E+02 -0.79685E+01  0.32064E+02 -0.22736E-02 -0.10000E+07 -0.79563E+03 -0.17312E+02  0.00000E+00  0.16757E+02  0.87176E+01  0.83842E+01  0.41571E+00   2673  0.00000E+00      0.000
     437.0000  0.23876E+00  0.00000E+00  0.99840E-31  0.00000E+00 -0.31590E-05  0.81204E+01  0.60480E+02 -0.79685E+01  0.32064E+02 -0.22768E-02 -0.10000E+07 -0.79563E+03 -0.17316E+02  0.00000E+00  0.16757E+02  0.87176E+01  0.83842E+01  0.41571E+00   2675  0.00000E+00      0.000
     438.0000  0.13716E+00  0.00000E+00  0.99840E-31  0.00000E+00 -0.31590E-05  0.82576E+01  0.60480E+02 -0.79685E+01  0.32064E+02 -0.22800E-02 -0.10000E+07 -0.79563E+03 -0.17319E+02  0.00000E+00  0.16757E+02  0.87176E+01  0.83842E+01  0.41571E+00   2677  0.00000E+00      0.000
     439.0000  0.13716E+00  0.00000E+00  0.99840E-31  0.00000E+00 -0.31590E-05  0.83948E+01  0.60480E+02 -0.79685E+01  0.32064E+02 -0.22831E-02 -0.10000E+07 -0.79563E+03 -0.17322E+02  0.00000E+00  0.16757E+02  0.87176E+01  0.83842E+01  0.41571E+00   2679  0.00000E+00      0.000
     440.0000  0.22098E+00  0.00000E+00  0.99840E-31  0.00000E+00 -0.31590E-05  0.86157E+01  0.60480E+02 -0.79685E+01  0.32064E+02 -0.22863E-02 -0.10000E+07 -0.79563E+03 -0.17325E+02  0.00000E+00  0.16757E+02  0.87176E+01  0.83842E+01  0.41571E+00   2681  0.00000E+00      0.000
     441.0000  0.16510E+00  0.00000E+00  0.99840E-31  0.00000E+00 -0.31292E-05  0.87808E+01  0.60480E+02 -0.79685E+01  0.32064E+02 -0.22894E-02 -0.10000E+07 -0.79563E+03 -0.17328E+02  0.00000E+00  0.16757E+02  0.87176E+01  0.83842E+01  0.41571E+00   2683  0.00000E+00      0.000
     442.0000  0.18288E+00  0.00000E+00  0.99840E-31  0.00000E+00 -0.31292E-05  0.89637E+01  0.60480E+02 -0.79685E+01  0.32064E+02 -0.22925E-02 -0.10000E+07 -0.79563E+03 -0.17332E+02  0.00000E+00  0.16757E+02  0.87176E+01  0.83842E+01  0.41571E+00   2685  0.00000E+00      0.000
     443.0000  0.29210E+00  0.00000E+00  0.99840E-31  0.00000E+00 -0.31292E-05  0.92558E+01  0.60480E+02 -0.79685E+01  0.32064E+02 -0.22957E-02 -0.10000E+07 -0.79563E+03 -0.17335E+02  0.00000E+00  0.16757E+02  0.87176E+01  0.83842E+01  0.41571E+00   2687  0.00000E+00      0.000
     444.0000  0.22098E+00  0.00000E+00  0.99840E-31  0.00000E+00 -0.31292E-05  0.94768E+01  0.60480E+02 -0.79685E+01  0.32064E+02 -0.22988E-02 -0.10000E+07 -0.79563E+03 -0.17338E+02  0.00000E+00  0.16757E+02  0.87176E+01  0.83842E+01  0.41571E+00   2689  0.00000E+00      0.000
     445.0000  0.66040E-01  0.00000E+00  0.99840E-31  0.00000E+00 -0.30994E-05  0.95428E+01  0.60480E+02 -0.79685E+01  0.32064E+02 -0.23019E-02 -0.10000E+07 -0.79563E+03 -0.17341E+02  0.00000E+00  0.16757E+02  0.87176E+01  0.83842E+01  0.41571E+00   2691  0.00000E+00      0.000
     446.0000  0.11430E+00  0.00000E+00  0.99840E-31  0.00000E+00 -0.30994E-05  0.96571E+01  0.60480E+02 -0.79685E+01  0.32064E+02 -0.23050E-02 -0.10000E+07 -0.79563E+03 -0.17344E+02  0.00000E+00  0.16757E+02  0.87176E+01  0.83842E+01  0.41571E+00   2693  0.00000E+00      0.000
     447.0000  0.68580E-01  0.00000E+00  0.99840E-31  0.00000E+00 -0.30994E-05  0.97257E+01  0.60480E+02 -0.79685E+01  0.32064E+02 -0.23081E-02 -0.10000E+07 -0.79563E+03 -0.17347E+02  0.00000E+00  0.16757E+02  0.87176E+01  0.83842E+01  0.41571E+00   2695  0.00000E+00      0.000
     448.0000  0.38100E-01  0.00000E+00  0.99840E-31  0.00000E+00 -0.30994E-05  0.97638E+01  0.60480E+02 -0.79685E+01  0.32064E+02 -0.23112E-02 -0.10000E+07 -0.79563E+03 -0.17351E+02  0.00000E+00  0.16757E+02  0.87176E+01  0.83842E+01  0.41571E+00   2697  0.00000E+00      0.000
     449.0000  0.78740E-01  0.00000E+00  0.99840E-31  0.00000E+00 -0.30994E-05  0.98426E+01  0.60480E+02 -0.79685E+01  0.32064E+02 -0.23143E-02 -0.10000E+07 -0.79563E+03 -0.17354E+02  0.00000E+00  0.16757E+02  0.87176E+01  0.83842E+01  0.41571E+00   2699  0.00000E+00      0.000
     450.0000  0.11938E+00  0.00000E+00  0.99840E-31  0.00000E+00 -0.30696E-05  0.99619E+01  0.60480E+02 -0.79685E+01  0.32064E+02 -0.23174E-02 -0.10000E+07 -0.79563E+03 -0.17357E+02  0.00000E+00  0.16757E+02  0.87176E+01  0.83842E+01  0.41571E+00   2701  0.00000E+00      0.000
     451.0000  0.13970E+00  0.00000E+00  0.99840E-31  0.00000E+00 -0.30696E-05  0.10102E+02  0.60480E+02 -0.79685E+01  0.32064E+02 -0.23204E-02 -0.10000E+07 -0.79563E+03 -0.17360E+02  0.00000E+00  0.16757E+02  0.87176E+01  0.83842E+01  0.41571E+00   2703  0.00000E+00      0.000
     452.0000  0.24638E+00  0.00000E+00  0.99840E-31  0.00000E+00 -0.30696E-05  0.10348E+02  0.60480E+02 -0.79685E+01  0.32064E+02 -0.23235E-02 -0.10000E+07 -0.79563E+03 -0.17363E+02  0.00000E+00  0.16757E+02  0.87176E+01  0.83842E+01  0.41571E+00   2705  0.00000E+00      0.000
     453.0000  0.13208E+00  0.00000E+00  0.99840E-31  0.00000E+00 -0.30696E-05  0.10480E+02  0.60480E+02 -0.79685E+01  0.32064E+02 -0.23266E-02 -0.10000E+07 -0.79563E+03 -0.17366E+02  0.00000E+00  0.16757E+02  0.87176E+01  0.83842E+01  0.41571E+00   2707  0.00000E+00      0.000
     454.0000  0.93980E-01  0.00000E+00  0.99840E-31  0.00000E+00 -0.30398E-05  0.10574E+02  0.60480E+02 -0.79685E+01  0.32064E+02 -0.23296E-02 -0.10000E+07 -0.79563E+03 -0.17369E+02  0.00000E+00  0.16757E+02  0.87176E+01  0.83842E+01  0.41571E+00   2709  0.00000E+00      0.000
     455.0000  0.11430E+00  0.00000E+00  0.99840E-31  0.00000E+00 -0.30398E-05  0.10688E+02  0.60480E+02 -0.79685E+01  0.32064E+02 -0.23327E-02 -0.10000E+07 -0.79563E+03 -0.17372E+02  0.00000E+00  0.16757E+02  0.87176E+01  0.83842E+01  0.41571E+00   2711  0.00000E+00      0.000
     456.0000  0.40640E-01  0.00000E+00  0.99840E-31  0.00000E+00 -0.30398E-05  0.10729E+02  0.60480E+02 -0.79685E+01  0.32064E+02 -0.23357E-02 -0.10000E+07 -0.79563E+03 -0.17376E+02  0.00000E+00  0.16757E+02  0.87176E+01  0.83842E+01  0.41571E+00   2713  0.00000E+00      0.000
     457.0000  0.00000E+00  0.24892E+00  0.99840E-31  0.00000E+00 -0.30398E-05  0.10729E+02  0.60729E+02 -0.79685E+01  0.32064E+02 -0.23388E-02 -0.10000E+07 -0.16001E+04 -0.17379E+02  0.00000E+00  0.16757E+02  0.87176E+01  0.83842E+01  0.41571E+00   2715  0.00000E+00      0.000
     458.0000  0.00000E+00  0.38354E+00  0.99840E-31  0.00000E+00 -0.30398E-05  0.10729E+02  0.61112E+02 -0.79685E+01  0.32064E+02 -0.23418E-02 -0.10000E+07 -0.16001E+04 -0.17382E+02  0.00000E+00  0.16757E+02  0.87175E+01  0.83842E+01  0.41571E+00   2717  0.00000E+00      0.000
     459.0000  0.00000E+00  0.33274E+00  0.99840E-31  0.00000E+00 -0.30100E-05  0.10729E+02  0.61445E+02 -0.79685E+01  0.32064E+02 -0.23448E-02 -0.10000E+07 -0.16001E+04 -0.17385E+02  0.00000E+00  0.16757E+02  0.87175E+01  0.83842E+01  0.41571E+00   2719  0.00000E+00      0.000
     460.0000  0.00000E+00  0.53340E-01  0.99840E-31  0.00000E+00 -0.30100E-05  0.10729E+02  0.61499E+02 -0.79685E+01  0.32064E+02 -0.23478E-02 -0.10000E+07 -0.16001E+04 -0.17388E+02  0.00000E+00  0.16757E+02  0.87175E+01  0.83842E+01  0.41571E+00   2721  0.00000E+00      0.000
     461.0000  0.00000E+00  0.40640E-01  0.99840E-31  0.00000E+00 -0.30100E-05  0.10729E+02  0.61539E+02 -0.79685E+01  0.32064E+02 -0.23508E-02 -0.10000E+07 -0.16001E+04 -0.17391E+02  0.00000E+00  0.16757E+02  0.87175E+01  0.83842E+01  0.41571E+00   2723  0.00000E+00      0.000
     462.0000  0.00000E+00  0.53340E-01  0.99840E-31  0.00000E+00 -0.30100E-05  0.10729E+02  0.61592E+02 -0.79685E+01  0.32064E+02 -0.23538E-02 -0.10000E+07 -0.16001E+04 -0.17394E+02  0.00000E+00  0.16757E+02  0.87175E+01  0.83842E+01  0.41571E+00   2725  0.00000E+00      0.000
     463.0000  0.00000E+00  0.99060E-01  0.99840E-31  0.00000E+00 -0.30100E-05  0.10729E+02  0.61692E+02 -0.79685E+01  0.32064E+02 -0.23569E-02 -0.10000E+07 -0.16001E+04 -0.17397E+02  0.00000E+00  0.16757E+02  0.87175E+01  0.83842E+01  0.41571E+00   2727  0.00000E+00      0.000
     464.0000  0.00000E+00  0.25654E+00  0.99840E-31  0.00000E+00 -0.29802E-05  0.10729E+02  0.61948E+02 -0.79685E+01  0.32064E+02 -0.23598E-02 -0.10000E+07 -0.16001E+04 -0.17400E+02  0.00000E+00  0.16757E+02  0.87175E+01  0.83842E+01  0.41571E+00   2729  0.00000E+00      0.000
     465.0000  0.00000E+00  0.36322E+00  0.99840E-31  0.00000E+00 -0.29802E-05  0.10729E+02  0.62311E+02 -0.79685E+01  0.32064E+02 -0.23628E-02 -0.10000E+07 -0.16001E+04 -0.17403E+02  0.00000E+00  0.16757E+02  0.87175E+01  0.83842E+01  0.41571E+00   2731  0.00000E+00      0.000
     466.0000  0.00000E+00  0.22860E+00  0.99840E-31  0.00000E+00 -0.29802E-05  0.10729E+02  0.62540E+02 -0.79685E+01  0.32064E+02 -0.23658E-02 -0.10000E+07 -0.16001E+04 -0.17406E+02  0.00000E+00  0.16757E+02  0.87175E+01  0.83842E+01  0.41571E+00   2733  0.00000E+00      0.000
     467.0000  0.00000E+00  0.30734E+00  0.99840E-31  0.00000E+00 -0.29802E-05  0.10729E+02  0.62847E+02 -0.79685E+01  0.32064E+02 -0.23688E-02 -0.10000E+07 -0.16001E+04 -0.17409E+02  0.00000E+00  0.16757E+02  0.87175E+01  0.83842E+01  0.41571E+00   2735  0.00000E+00      0.000
     468.0000  0.00000E+00  0.30480E+00  0.99840E-31  0.00000E+00 -0.29802E-05  0.10729E+02  0.63152E+02 -0.79685E+01  0.32064E+02 -0.23718E-02 -0.10000E+07 -0.16001E+04 -0.17412E+02  0.00000E+00  0.16757E+02  0.87175E+01  0.83842E+01  0.41571E+00   2737  0.00000E+00      0.000
     469.0000  0.00000E+00  0.38100E+00  0.99840E-31  0.00000E+00 -0.29504E-05  0.10729E+02  0.63533E+02 -0.79685E+01  0.32064E+02 -0.23747E-02 -0.10000E+07 -0.16001E+04 -0.17415E+02  0.00000E+00  0.16757E+02  0.87175E+01  0.83842E+01  0.41571E+00   2739  0.00000E+00      0.000
     470.0000  0.00000E+00  0.30988E+00  0.99840E-31  0.00000E+00 -0.29504E-05  0.10729E+02  0.63843E+02 -0.79685E+01  0.32064E+02 -0.23777E-02 -0.10000E+07 -0.16001E+04 -0.17418E+02  0.00000E+00  0.16757E+02  0.87175E+01  0.83842E+01  0.41571E+00   2741  0.00000E+00      0.000
     471.0000  0.00000E+00  0.29210E+00  0.99840E-31  0.00000E+00 -0.29504E-05  0.10729E+02  0.64135E+02 -0.79685E+01  0.32064E+02 -0.23806E-02 -0.10000E+07 -0.16001E+04 -0.17421E+02  0.00000E+00  0.16757E+02  0.87175E+01  0.83842E+01  0.41571E+00   2743  0.00000E+00      0.000
     472.0000  0.00000E+00  0.26162E+00  0.99840E-31  0.00000E+00 -0.29504E-05  0.10729E+02  0.64397E+02 -0.79685E+01  0.32064E+02 -0.23836E-02 -0.10000E+07 -0.16001E+04 -0.17424E+02  0.00000E+00  0.16757E+02  0.87175E+01  0.83842E+01  0.41571E+00   2745  0.00000E+00      0.000
     473.0000  0.00000E+00  0.11938E+00  0.99840E-31  0.00000E+00 -0.29504E-05  0.10729E+02  0.64516E+02 -0.79685E+01  0.32064E+02 -0.23865E-02 -0.10000E+07 -0.16001E+04 -0.17427E+02  0.00000E+00  0.16757E+02  0.87175E+01  0.83842E+01  0.41571E+00   2747  0.00000E+00      0.000
     474.0000  0.00000E+00  0.13970E+00  0.99840E-31  0.00000E+00 -0.29206E-05  0.10729E+02  0.64656E+02 -0.79685E+01  0.32064E+02 -0.23894E-02 -0.10000E+07 -0.16001E+04 -0.17430E+02  0.00000E+00  0.16757E+02  0.87175E+01  0.83842E+01  0.41571E+00   2749  0.00000E+00      0.000
     475.0000  0.00000E+00  0.10414E+00  0.99840E-31  0.00000E+00 -0.29206E-05  0.10729E+02  0.64760E+02 -0.79685E+01  0.32064E+02 -0.23924E-02 -0.10000E+07 -0.16001E+04 -0.17433E+02  0.00000E+00  0.16757E+02  0.87175E+01  0.83842E+01  0.41571E+00   2751  0.00000E+00      0.000
     476.0000  0.00000E+00  0.23622E+00  0.99840E-31  0.00000E+00 -0.29206E-05  0.10729E+02  0.64996E+02 -0.79685E+01  0.32064E+02 -0.23953E-02 -0.10000E+07 -0.16001E+04 -0.17436E+02  0.00000E+00  0.16757E+02  0.87175E+01  0.83842E+01  0.41571E+00   2753  0.00000E+00      0.000
     477.0000  0.00000E+00  0.43434E+00  0.99840E-31  0.00000E+00 -0.29206E-05  0.10729E+02  0.65430E+02 -0.79685E+01  0.32064E+02 -0.23982E-02 -0.10000E+07 -0.16001E+04 -0.17439E+02  0.00000E+00  0.16757E+02  0.87175E+01  0.83842E+01  0.41571E+00   2755  0.00000E+00      0.000
     478.0000  0.00000E+00  0.35052E+00  0.99840E-31  0.00000E+00 -0.28908E-05  0.10729E+02  0.65781E+02 -0.79685E+01  0.32064E+02 -0.24011E-02 -0.10000E+07 -0.16001E+04 -0.17442E+02  0.00000E+00  0.16757E+02  0.87175E+01  0.83842E+01  0.41571E+00   2757  0.00000E+00      0.000
     479.0000  0.00000E+00  0.32512E+00  0.99840E-31  0.00000E+00 -0.28908E-05  0.10729E+02  0.66106E+02 -0.79685E+01  0.32064E+02 -0.24040E-02 -0.10000E+07 -0.16001E+04 -0.17445E+02  0.00000E+00  0.16757E+02  0.87175E+01  0.83842E+01  0.41571E+00   2759  0.00000E+00      0.000
     480.0000  0.00000E+00  0.44704E+00  0.99840E-31  0.00000E+00 -0.28908E-05  0.10729E+02  0.66553E+02 -0.79685E+01  0.32064E+02 -0.24069E-02 -0.10000E+07 -0.16001E+04 -0.17448E+02  0.00000E+00  0.16757E+02  0.87175E+01  0.83842E+01  0.41571E+00   2761  0.00000E+00      0.000
     481.0000  0.00000E+00  0.27432E+00  0.99840E-31  0.00000E+00 -0.28908E-05  0.10729E+02  0.66827E+02 -0.79685E+01  0.32064E+02 -0.24098E-02 -0.10000E+07 -0.16001E+04 -0.17451E+02  0.00000E+00  0.16757E+02  0.87175E+01  0.83842E+01  0.41571E+00   2763  0.00000E+00      0.000
     482.0000  0.00000E+00  0.25400E+00  0.99840E-31  0.00000E+00 -0.28908E-05  0.10729E+02  0.67081E+02 -0.79685E+01  0.32064E+02 -0.24126E-02 -0.10000E+07 -0.16001E+04 -0.17454E+02  0.00000E+00  0.16757E+02  0.87175E+01  0.83842E+01  0.41571E+00   2765  0.00000E+00      0.000
     483.0000  0.00000E+00  0.12954E+00  0.99840E-31  0.00000E+00 -0.28610E-05  0.10729E+02  0.67211E+02 -0.79685E+01  0.32064E+02 -0.24155E-02 -0.10000E+07 -0.16001E+04 -0.17457E+02  0.00000E+00  0.16757E+02  0.87175E+01  0.83842E+01  0.41571E+00   2767  0.00000E+00      0.000
     484.0000  0.00000E+00  0.35306E+00  0.99840E-31  0.00000E+00 -0.28610E-05  0.10729E+02  0.67564E+02 -0.79685E+01  0.32064E+02 -0.24184E-02 -0.10000E+07 -0.16001E+04 -0.17460E+02  0.00000E+00  0.16757E+02  0.87175E+01  0.83842E+01  0.41571E+00   2769  0.00000E+00      0.000
     485.0000  0.00000E+00  0.32004E+00  0.99840E-31  0.00000E+00 -0.28610E-05  0.10729E+02  0.67884E+02 -0.79685E+01  0.32064E+02 -0.24212E-02 -0.10000E+07 -0.16001E+04 -0.17463E+02  0.00000E+00  0.16757E+02  0.87175E+01  0.83842E+01  0.41571E+00   2771  0.00000E+00      0.000
     486.0000  0.00000E+00  0.29464E+00  0.99840E-31  0.00000E+00 -0.28610E-05  0.10729E+02  0.68179E+02 -0.79685E+01  0.32064E+02 -0.24241E-02 -0.10000E+07 -0.16001E+04 -0.17465E+02  0.00000E+00  0.16757E+02  0.87175E+01  0.83842E+01  0.41571E+00   2773  0.00000E+00      0.000
     487.0000  0.00000E+00  0.19558E+00  0.99840E-31  0.00000E+00 -0.28610E-05  0.10729E+02  0.68374E+02 -0.79685E+01  0.32064E+02 -0.24270E-02 -0.10000E+07 -0.16000E+04 -0.17468E+02  0.00000E+00  0.16757E+02  0.87175E+01  0.83842E+01  0.41571E+00   2775  0.00000E+00      0.000
     488.0000  0.00000E+00  0.13208E+00  0.99840E-31  0.00000E+00 -0.28312E-05  0.10729E+02  0.68506E+02 -0.79685E+01  0.32064E+02 -0.24298E-02 -0.10000E+07 -0.16000E+04 -0.17471E+02  0.00000E+00  0.16757E+02  0.87175E+01  0.83842E+01  0.41571E+00   2777  0.00000E+00      0.000
     489.0000  0.00000E+00  0.19558E+00  0.99840E-31  0.00000E+00 -0.28312E-05  0.10729E+02  0.68702E+02 -0.79685E+01  0.32064E+02 -0.24326E-02 -0.10000E+07 -0.16000E+04 -0.17474E+02  0.00000E+00  0.16757E+02  0.87175E+01  0.83842E+01  0.41571E+00   2779  0.00000E+00      0.000
     490.0000  0.00000E+00  0.32766E+00  0.99840E-31  0.00000E+00 -0.28312E-05  0.10729E+02  0.69030E+02 -0.79685E+01  0.32064E+02 -0.24355E-02 -0.10000E+07 -0.16000E+04 -0.17477E+02  0.00000E+00  0.16757E+02  0.87175E+01  0.83842E+01  0.41571E+00   2781  0.00000E+00      0.000
     491.0000  0.00000E+00  0.22606E+00  0.99840E-31  0.00000E+00 -0.28312E-05  0.10729E+02  0.69256E+02 -0.79685E+01  0.32064E+02 -0.24383E-02 -0.10000E+07 -0.16000E+04 -0.17480E+02  0.00000E+00  0.16757E+02  0.87175E+01  0.83842E+01  0.41571E+00   2783  0.00000E+00      0.000
     492.0000  0.00000E+00  0.30226E+00  0.99840E-31  0.00000E+00 -0.28312E-05  0.10729E+02  0.69558E+02 -0.79685E+01  0.32064E+02 -0.24411E-02 -0.10000E+07 -0.16000E+04 -0.17483E+02  0.00000E+00  0.16757E+02  0.87174E+01  0.83842E+01  0.41571E+00   2785  0.00000E+00      0.000
     493.0000  0.00000E+00  0.12954E+00  0.99840E-31  0.00000E+00 -0.28014E-05  0.10729E+02  0.69688E+02 -0.79685E+01  0.32064E+02 -0.24440E-02 -0.10000E+07 -0.16000E+04 -0.17486E+02  0.00000E+00  0.16757E+02  0.87174E+01  0.83842E+01  0.41571E+00   2787  0.00000E+00      0.000
     494.0000  0.00000E+00  0.45720E-01  0.99840E-31  0.00000E+00 -0.28014E-05  0.10729E+02  0.69733E+02 -0.79685E+01  0.32064E+02 -0.24468E-02 -0.10000E+07 -0.16000E+04 -0.17488E+02  0.00000E+00  0.16757E+02  0.87174E+01  0.83842E+01  0.41571E+00   2789  0.00000E+00      0.000
     495.0000  0.00000E+00  0.26670E+00  0.99840E-31  0.00000E+00 -0.28014E-05  0.10729E+02  0.70000E+02 -0.79685E+01  0.32064E+02 -0.24496E-02 -0.10000E+07 -0.16000E+04 -0.17491E+02  0.00000E+00  0.16757E+02  0.87174E+01  0.83842E+01  0.41571E+00   2791  0.00000E+00      0.000
     496.0000  0.00000E+00  0.39878E+00  0.99840E-31  0.00000E+00 -0.28014E-05  0.10729E+02  0.70399E+02 -0.79685E+01  0.32064E+02 -0.24524E-02 -0.10000E+07 -0.16000E+04 -0.17494E+02  0.00000E+00  0.16757E+02  0.87174E+01  0.83842E+01  0.41571E+00   2793  0.00000E+00      0.000
     497.0000  0.00000E+00  0.42926E+00  0.99840E-31  0.00000E+00 -0.28014E-05  0.10729E+02  0.70828E+02 -0.79685E+01  0.32064E+02 -0.24552E-02 -0.10000E+07 -0.16000E+04 -0.17497E+02  0.00000E+00  0.16757E+02  0.87174E+01  0.83842E+01  0.41571E+00   2795  0.00000E+00      0.000
     498.0000  0.00000E+00  0.42418E+00  0.99840E-31  0.00000E+00 -0.27716E-05  0.10729E+02  0.71252E+02 -0.79685E+01  0.32064E+02 -0.24579E-02 -0.10000E+07 -0.16000E+04 -0.17500E+02  0.00000E+00  0.16757E+02  0.87174E+01  0.83842E+01  0.41571E+00   2797  0.00000E+00      0.000
     499.0000  0.00000E+00  0.38100E+00  0.99840E-31  0.00000E+00 -0.27716E-05  0.10729E+02  0.71633E+02 -0.79685E+01  0.32064E+02 -0.24607E-02 -0.10000E+07 -0.16000E+04 -0.17503E+02  0.00000E+00  0.16757E+02  0.87174E+01  0.83842E+01  0.41571E+00   2799  0.00000E+00      0.000
     500.0000  0.00000E+00  0.21844E+00  0.99840E-31  0.00000E+00 -0.27716E-05  0.10729E+02  0.71852E+02 -0.79685E+01  0.32064E+02 -0.24635E-02 -0.10000E+07 -0.16000E+04 -0.17505E+02  0.00000E+00  0.16757E+02  0.87174E+01  0.83842E+01  0.41571E+00   2801  0.00000E+00      0.000
     501.0000  0.00000E+00  0.35814E+00  0.99840E-31  0.00000E+00 -0.27716E-05  0.10729E+02  0.72210E+02 -0.79685E+01  0.32064E+02 -0.24663E-02 -0.10000E+07 -0.16000E+04 -0.17508E+02  0.00000E+00  0.16757E+02  0.87174E+01  0.83842E+01  0.41571E+00   2803  0.00000E+00      0.000
     502.0000  0.00000E+00  0.48006E+00  0.99840E-31  0.00000E+00 -0.27716E-05  0.10729E+02  0.72690E+02 -0.79685E+01  0.32064E+02 -0.24690E-02 -0.10000E+07 -0.16000E+04 -0.17511E+02  0.00000E+00  0.16757E+02  0.87174E+01  0.83842E+01  0.41571E+00   2805  0.00000E+00      0.000
     503.0000  0.00000E+00  0.36068E+00  0.99840E-31  0.00000E+00 -0.27418E-05  0.10729E+02  0.73050E+02 -0.79685E+01  0.32064E+02 -0.24718E-02 -0.10000E+07 -0.16000E+04 -0.17514E+02  0.00000E+00  0.16757E+02  0.87174E+01  0.83842E+01  0.41571E+00   2807  0.00000E+00      0.000
     504.0000  0.00000E+00  0.35306E+00  0.99840E-31  0.00000E+00 -0.27418E-05  0.10729E+02  0.73404E+02 -0.79685E+01  0.32064E+02 -0.24745E-02 -0.10000E+07 -0.16000E+04 -0.17517E+02  0.00000E+00  0.16757E+02  0.87174E+01  0.83842E+01  0.41571E+00   2809  0.00000E+00      0.000
     505.0000  0.00000E+00  0.24892E+00  0.99840E-31  0.00000E+00 -0.27418E-05  0.10729E+02  0.73652E+02 -0.79685E+01  0.32064E+02 -0.24773E-02 -0.10000E+07 -0.16000E+04 -0.17519E+02  0.00000E+00  0.16757E+02  0.87174E+01  0.83842E+01  0.41571E+00   2811  0.00000E+00      0.000
     506.0000  0.00000E+00  0.29718E+00  0.99840E-31  0.00000E+00 -0.27418E-05  0.10729E+02  0.73950E+02 -0.79685E+01  0.32064E+02 -0.24800E-02 -0.10000E+07 -0.16000E+04 -0.17522E+02  0.00000E+00  0.16757E+02  0.87174E+01  0.83842E+01  0.41571E+00   2813  0.00000E+00      0.000
     507.0000  0.00000E+00  0.28956E+00  0.99840E-31  0.00000E+00 -0.27418E-05  0.10729E+02  0.74239E+02 -0.79685E+01  0.32064E+02 -0.24827E-02 -0.10000E+07 -0.16000E+04 -0.17525E+02  0.00000E+00  0.16757E+02  0.87174E+01  0.83842E+01  0.41571E+00   2815  0.00000E+00      0.000
     508.0000  0.00000E+00  0.23368E+00  0.99840E-31  0.00000E+00 -0.27120E-05  0.10729E+02  0.74473E+02 -0.79685E+01  0.32064E+02 -0.24855E-02 -0.10000E+07 -0.16000E+04 -0.17528E+02  0.00000E+00  0.16757E+02  0.87174E+01  0.83842E+01  0.41571E+00   2817  0.00000E+00      0.000
     509.0000  0.00000E+00  0.25654E+00  0.99840E-31  0.00000E+00 -0.27120E-05  0.10729E+02  0.74729E+02 -0.79685E+01  0.32064E+02 -0.24882E-02 -0.10000E+07 -0.16000E+04 -0.17531E+02  0.00000E+00  0.16757E+02  0.87174E+01  0.83842E+01  0.41571E+00   2819  0.00000E+00      0.000
     510.0000  0.00000E+00  0.39878E+00  0.99840E-31  0.00000E+00 -0.27120E-05  0.10729E+02  0.75128E+02 -0.79685E+01  0.32064E+02 -0.24909E-02 -0.10000E+07 -0.16000E+04 -0.17533E+02  0.00000E+00  0.16757E+02  0.87174E+01  0.83842E+01  0.41571E+00   2821  0.00000E+00      0.000
     511.0000  0.00000E+00  0.31496E+00  0.99840E-31  0.00000E+00 -0.27120E-05  0.10729E+02  0.75443E+02 -0.79685E+01  0.32064E+02 -0.24936E-02 -0.10000E+07 -0.16000E+04 -0.17536E+02  0.00000E+00  0.16757E+02  0.87174E+01  0.83842E+01  0.41571E+00   2823  0.00000E+00      0.000
     512.0000  0.00000E+00  0.42164E+00  0.99840E-31  0.00000E+00 -0.27120E-05  0.10729E+02  0.75865E+02 -0.79685E+01  0.32064E+02 -0.24963E-02 -0.10000E+07 -0.16000E+04 -0.17539E+02  0.00000E+00  0.16757E+02  0.87174E+01  0.83842E+01  0.41571E+00   2825  0.00000E+00      0.000
     513.0000  0.00000E+00  0.41148E+00  0.99840E-31  0.00000E+00 -0.26822E-05  0.10729E+02  0.76276E+02 -0.79685E+01  0.32064E+02 -0.24990E-02 -0.10000E+07 -0.16000E+04 -0.17542E+02  0.00000E+00  0.16757E+02  0.87174E+01  0.83842E+01  0.41571E+00   2827  0.00000E+00      0.000
     514.0000  0.00000E+00  0.46990E+00  0.99840E-31  0.00000E+00 -0.26822E-05  0.10729E+02  0.76746E+02 -0.79685E+01  0.32064E+02 -0.25017E-02 -0.10000E+07 -0.16000E+04 -0.17544E+02  0.00000E+00  0.16757E+02  0.87174E+01  0.83842E+01  0.41571E+00   2829  0.00000E+00      0.000
     515.0000  0.00000E+00  0.41148E+00  0.99840E-31  0.00000E+00 -0.26822E-05  0.10729E+02  0.77158E+02 -0.79685E+01  0.32064E+02 -0.25044E-02 -0.10000E+07 -0.16000E+04 -0.17547E+02  0.00000E+00  0.16757E+02  0.87174E+01  0.83842E+01  0.41571E+00   2831  0.00000E+00      0.000
     516.0000  0.00000E+00  0.36576E+00  0.99840E-31  0.00000E+00 -0.26822E-05  0.10729E+02  0.77523E+02 -0.79685E+01  0.32064E+02 -0.25070E-02 -0.10000E+07 -0.16000E+04 -0.17550E+02  0.00000E+00  0.16757E+02  0.87174E+01  0.83842E+01  0.41571E+00   2833  0.00000E+00      0.000
     517.0000  0.00000E+00  0.40132E+00  0.99840E-31  0.00000E+00 -0.26822E-05  0.10729E+02  0.77925E+02 -0.79685E+01  0.32064E+02 -0.25097E-02 -0.10000E+07 -0.16000E+04 -0.17552E+02  0.00000E+00  0.16757E+02  0.87174E+01  0.83842E+01  0.41571E+00   2835  0.00000E+00      0.000
     518.0000  0.00000E+00  0.36830E+00  0.99840E-31  0.00000E+00 -0.26524E-05  0.10729E+02  0.78293E+02 -0.79685E+01  0.32064E+02 -0.25124E-02 -0.10000E+07 -0.16005E+04 -0.17555E+02  0.00000E+00  0.16757E+02  0.87174E+01  0.83842E+01  0.41571E+00   2837  0.00000E+00      0.000
     519.0000  0.00000E+00  0.41148E+00  0.99840E-31  0.00000E+00 -0.26524E-05  0.10729E+02  0.78704E+02 -0.79685E+01  0.32064E+02 -0.25150E-02 -0.10000E+07 -0.16005E+04 -0.17558E+02  0.00000E+00  0.16757E+02  0.87174E+01  0.83842E+01  0.41571E+00   2839  0.00000E+00      0.000
     520.0000  0.00000E+00  0.46482E+00  0.99840E-31  0.00000E+00 -0.26524E-05  0.10729E+02  0.79169E+02 -0.79685E+01  0.32064E+02 -0.25177E-02 -0.10000E+07 -0.16005E+04 -0.17561E+02  0.00000E+00  0.16757E+02  0.87174E+01  0.83842E+01  0.41571E+00   2841  0.00000E+00      0.000
     521.0000  0.00000E+00  0.47752E+00  0.99840E-31  0.00000E+00 -0.26524E-05  0.10729E+02  0.79647E+02 -0.79685E+01  0.32064E+02 -0.25204E-02 -0.10000E+07 -0.16005E+04 -0.17563E+02  0.00000E+00  0.16757E+02  0.87174E+01  0.83842E+01  0.41571E+00   2843  0.00000E+00      0.000
     522.0000  0.00000E+00  0.44450E+00  0.99840E-31  0.00000E+00 -0.26524E-05  0.10729E+02  0.80091E+02 -0.79685E+01  0.32064E+02 -0.25230E-02 -0.10000E+07 -0.16005E+04 -0.17566E+02  0.00000E+00  0.16757E+02  0.87174E+01  0.83842E+01  0.41571E+00   2845  0.00000E+00      0.000
     523.0000  0.00000E+00  0.44196E+00  0.99840E-31  0.00000E+00 -0.26524E-05  0.10729E+02  0.80533E+02 -0.79685E+01  0.32064E+02 -0.25257E-02 -0.10000E+07 -0.16005E+04 -0.17569E+02  0.00000E+00  0.16757E+02  0.87174E+01  0.83842E+01  0.41571E+00   2847  0.00000E+00      0.000
     524.0000  0.00000E+00  0.42672E+00  0.99840E-31  0.00000E+00 -0.26226E-05  0.10729E+02  0.80960E+02 -0.79685E+01  0.32064E+02 -0.25283E-02 -0.10000E+07 -0.16005E+04 -0.17571E+02  0.00000E+00  0.16757E+02  0.87174E+01  0.83842E+01  0.41571E+00   2849  0.00000E+00      0.000
     525.0000  0.00000E+00  0.41656E+00  0.99840E-31  0.00000E+00 -0.26226E-05  0.10729E+02  0.81377E+02 -0.79685E+01  0.32064E+02 -0.25309E-02 -0.10000E+07 -0.16005E+04 -0.17574E+02  0.00000E+00  0.16757E+02  0.87174E+01  0.83842E+01  0.41571E+00   2851  0.00000E+00      0.000
     526.0000  0.00000E+00  0.39878E+00  0.99840E-31  0.00000E+00 -0.26226E-05  0.10729E+02  0.81775E+02 -0.79685E+01  0.32064E+02 -0.25335E-02 -0.10000E+07 -0.16005E+04 -0.17577E+02  0.00000E+00  0.16757E+02  0.87174E+01  0.83842E+01  0.41571E+00   2853  0.00000E+00      0.000
     527.0000  0.00000E+00  0.45974E+00  0.99840E-31  0.00000E+00 -0.26226E-05  0.10729E+02  0.82235E+02 -0.79685E+01  0.32064E+02 -0.25361E-02 -0.10000E+07 -0.16005E+04 -0.17579E+02  0.00000E+00  0.16757E+02  0.87174E+01  0.83842E+01  0.41571E+00   2855  0.00000E+00      0.000
     528.0000  0.00000E+00  0.55118E+00  0.99840E-31  0.00000E+00 -0.26226E-05  0.10729E+02  0.82786E+02 -0.79685E+01  0.32064E+02 -0.25388E-02 -0.10000E+07 -0.16005E+04 -0.17582E+02  0.00000E+00  0.16757E+02  0.87174E+01  0.83842E+01  0.41571E+00   2857  0.00000E+00      0.000
     529.0000 -0.15240E+01  0.52070E+00 -0.81919E+00  0.60692E-01 -0.25308E-05  0.92050E+01  0.83307E+02 -0.92565E+01  0.32118E+02 -0.25402E-02  0.00000E+00 -0.14340E+04 -0.17584E+02  0.70481E+00  0.16996E+02  0.99502E+01  0.96722E+01  0.41571E+00   3433  0.00000E+00      0.000
     530.0000 -0.15240E+01  0.45466E+00 -0.62480E+00  0.10392E+00 -0.23519E-05  0.76810E+01  0.83761E+02 -0.99392E+01  0.32207E+02 -0.25429E-02  0.00000E+00 -0.13272E+04 -0.17586E+02  0.89920E+00  0.17838E+02  0.10545E+02  0.10355E+02  0.41571E+00   3569  0.00000E+00      0.000
     531.0000 -0.15240E+01  0.41656E+00 -0.54770E+00  0.90201E-01 -0.30295E-05  0.61570E+01  0.84178E+02 -0.10518E+02  0.32295E+02 -0.25455E-02  0.00000E+00 -0.12411E+04 -0.17589E+02  0.97630E+00  0.18783E+02  0.11035E+02  0.10934E+02  0.41571E+00   3667  0.00000E+00      0.000
     532.0000 -0.16498E+01  0.32766E+00 -0.52568E+00  0.72553E-01 -0.22621E-05  0.45072E+01  0.84506E+02 -0.11053E+02  0.32369E+02 -0.25482E-02  0.00000E+00 -0.11655E+04 -0.17592E+02  0.11241E+01  0.19898E+02  0.11496E+02  0.11469E+02  0.41571E+00   3775  0.00000E+00      0.000
     533.0000 -0.15852E+01  0.43180E+00 -0.50856E+00  0.92529E-01 -0.23407E-05  0.29220E+01  0.84938E+02 -0.11570E+02  0.32471E+02 -0.25508E-02  0.00000E+00 -0.11075E+04 -0.17594E+02  0.10766E+01  0.20966E+02  0.11911E+02  0.11985E+02  0.41571E+00   3850  0.00000E+00      0.000
     534.0000 -0.35933E+01  0.96520E-01 -0.50527E+00  0.19996E-01 -0.20772E-05 -0.67128E+00  0.85034E+02 -0.12074E+02  0.32491E+02 -0.25535E-02  0.00000E+00 -0.10482E+04 -0.17597E+02  0.30880E+01  0.24055E+02  0.12395E+02  0.12490E+02  0.41571E+00   3944  0.00000E+00      0.000
     535.0000  0.00000E+00  0.23368E+00  0.23749E-07  0.13650E+00 -0.25941E-05 -0.67128E+00  0.85268E+02 -0.12074E+02  0.32628E+02 -0.25561E-02 -0.10463E+02 -0.10301E+04 -0.17600E+02  0.00000E+00  0.24055E+02  0.12260E+02  0.12490E+02  0.41571E+00   3960  0.00000E+00      0.000
     536.0000  0.00000E+00  0.37592E+00  0.11292E-07  0.21352E+00 -0.25829E-05 -0.67128E+00  0.85644E+02 -0.12074E+02  0.32843E+02 -0.25586E-02 -0.12211E+02 -0.10413E+04 -0.17602E+02  0.00000E+00  0.24055E+02  0.12064E+02  0.12490E+02  0.41571E+00   3963  0.00000E+00      0.000
     537.0000  0.00000E+00  0.41910E+00 -0.71013E-08  0.23357E+00 -0.25481E-05 -0.67128E+00  0.86063E+02 -0.12074E+02  0.33078E+02 -0.25612E-02 -0.13572E+02 -0.10527E+04 -0.17605E+02  0.00000E+00  0.24055E+02  0.11836E+02  0.12490E+02  0.41571E+00   3966  0.00000E+00      0.000
     538.0000  0.00000E+00  0.33528E+00  0.55297E-08  0.18522E+00 -0.25630E-05 -0.67128E+00  0.86398E+02 -0.12074E+02  0.33263E+02 -0.25638E-02 -0.14499E+02 -0.10604E+04 -0.17607E+02  0.00000E+00  0.24055E+02  0.11626E+02  0.12490E+02  0.41571E+00   3968  0.00000E+00      0.000
     539.0000  0.00000E+00  0.42672E+00 -0.68976E-08  0.23445E+00 -0.25630E-05 -0.67128E+00  0.86825E+02 -0.12074E+02  0.33498E+02 -0.25663E-02 -0.14954E+02 -0.10667E+04 -0.17610E+02  0.00000E+00  0.24055E+02  0.11416E+02  0.12490E+02  0.41571E+00   3970  0.00000E+00      0.000
     540.0000  0.00000E+00  0.55626E+00 -0.94005E-08  0.30479E+00 -0.25332E-05 -0.67128E+00  0.87381E+02 -0.12074E+02  0.33803E+02 -0.25689E-02 -0.15368E+02 -0.10739E+04 -0.17613E+02  0.00000E+00  0.24055E+02  0.11146E+02  0.12490E+02  0.41571E+00   3972  0.00000E+00      0.000
     541.0000  0.00000E+00  0.49022E+00 -0.11874E-07  0.26848E+00 -0.25332E-05 -0.67128E+00  0.87871E+02 -0.12074E+02  0.34071E+02 -0.25714E-02 -0.15874E+02 -0.10825E+04 -0.17615E+02  0.00000E+00  0.24055E+02  0.10860E+02  0.12490E+02  0.41571E+00   3974  0.00000E+00      0.000
     542.0000  0.00000E+00  0.41148E+00 -0.94296E-08  0.22534E+00 -0.25332E-05 -0.67128E+00  0.88283E+02 -0.12074E+02  0.34297E+02 -0.25739E-02 -0.16431E+02 -0.10918E+04 -0.17618E+02  0.00000E+00  0.24055E+02  0.10613E+02  0.12490E+02  0.41571E+00   3976  0.00000E+00      0.000
     543.0000  0.00000E+00  0.44196E+00  0.80909E-08  0.24203E+00 -0.25332E-05 -0.67128E+00  0.88725E+02 -0.12074E+02  0.34539E+02 -0.25765E-02 -0.16994E+02 -0.11033E+04 -0.17620E+02  0.00000E+00  0.24055E+02  0.10379E+02  0.12490E+02  0.41571E+00   3978  0.00000E+00      0.000
     544.0000  0.00000E+00  0.32258E+00  0.98371E-08  0.17665E+00 -0.25332E-05 -0.67128E+00  0.89047E+02 -0.12074E+02  0.34715E+02 -0.25790E-02 -0.17524E+02 -0.11170E+04 -0.17623E+02  0.00000E+00  0.24055E+02  0.10170E+02  0.12490E+02  0.41571E+00   3980  0.00000E+00      0.000
     545.0000  0.00000E+00  0.21844E+00 -0.25029E-08  0.11962E+00 -0.25332E-05 -0.67128E+00  0.89266E+02 -0.12074E+02  0.34835E+02 -0.25815E-02 -0.17959E+02 -0.11294E+04 -0.17626E+02  0.00000E+00  0.24055E+02  0.10022E+02  0.12490E+02  0.41571E+00   3982  0.00000E+00      0.000
     546.0000  0.00000E+00  0.37592E+00  0.15047E-07  0.20586E+00 -0.25034E-05 -0.67128E+00  0.89642E+02 -0.12074E+02  0.35041E+02 -0.25841E-02 -0.18295E+02 -0.11473E+04 -0.17628E+02  0.00000E+00  0.24055E+02  0.98588E+01  0.12490E+02  0.41571E+00   3984  0.00000E+00      0.000
     547.0000  0.00000E+00  0.26924E+00  0.52532E-08  0.14744E+00 -0.25034E-05 -0.67128E+00  0.89911E+02 -0.12074E+02  0.35188E+02 -0.25866E-02 -0.18540E+02 -0.11738E+04 -0.17631E+02  0.00000E+00  0.24055E+02  0.96822E+01  0.12490E+02  0.41571E+00   3986  0.00000E+00      0.000
     548.0000  0.00000E+00  0.37084E+00 -0.72614E-08  0.20308E+00 -0.25034E-05 -0.67128E+00  0.90282E+02 -0.12074E+02  0.35391E+02 -0.25891E-02 -0.18698E+02 -0.12124E+04 -0.17633E+02  0.00000E+00  0.24055E+02  0.95069E+01  0.12490E+02  0.41571E+00   3988  0.00000E+00      0.000
     549.0000 -0.13970E+01  0.42672E+00 -0.72468E+00  0.19489E+00  0.00000E+00 -0.20683E+01  0.90708E+02 -0.13173E+02  0.35611E+02 -0.25906E-02  0.00000E+00 -0.11831E+04 -0.17635E+02  0.67232E+00  0.24355E+02  0.10385E+02  0.13588E+02  0.41571E+00   4473  0.00000E+00      0.000
     550.0000  0.00000E+00  0.24638E+00  0.31199E-07  0.12265E+00 -0.25146E-05 -0.20683E+01  0.90955E+02 -0.13173E+02  0.35739E+02 -0.25931E-02 -0.10754E+02 -0.12184E+04 -0.17637E+02  0.00000E+00  0.24355E+02  0.10256E+02  0.13588E+02  0.41571E+00   4492  0.00000E+00      0.000
     551.0000 -0.28059E+01  0.35814E+00 -0.58358E+00  0.13250E+00 -0.19941E-05 -0.48742E+01  0.91313E+02 -0.13844E+02  0.35882E+02 -0.25956E-02  0.00000E+00 -0.11988E+04 -0.17640E+02  0.22223E+01  0.26490E+02  0.10784E+02  0.14259E+02  0.41571E+00   4601  0.00000E+00      0.000
     552.0000  0.00000E+00  0.37592E+00  0.74506E-08  0.16034E+00 -0.24885E-05 -0.48742E+01  0.91689E+02 -0.13844E+02  0.36054E+02 -0.25981E-02 -0.11073E+02 -0.12370E+04 -0.17642E+02  0.00000E+00  0.26490E+02  0.10609E+02  0.14259E+02  0.41571E+00   4619  0.00000E+00      0.000
     553.0000 -0.29623E+01  0.34798E+00 -0.54587E+00  0.96536E-01 -0.26957E-05 -0.78365E+01  0.92037E+02 -0.14454E+02  0.36161E+02 -0.26005E-02  0.00000E+00 -0.11928E+04 -0.17645E+02  0.24164E+01  0.28842E+02  0.11111E+02  0.14869E+02  0.41571E+00   4726  0.00000E+00      0.000
     554.0000  0.00000E+00  0.44450E+00  0.33528E-07  0.18593E+00 -0.24665E-05 -0.78365E+01  0.92481E+02 -0.14454E+02  0.36351E+02 -0.26030E-02 -0.11253E+02 -0.12159E+04 -0.17647E+02  0.00000E+00  0.28842E+02  0.10920E+02  0.14869E+02  0.41571E+00   4745  0.00000E+00      0.000
     555.0000 -0.27940E+01  0.46228E+00 -0.53401E+00  0.12770E+00 -0.21364E-05 -0.10630E+02  0.92944E+02 -0.15048E+02  0.36475E+02 -0.26054E-02  0.00000E+00 -0.11795E+04 -0.17650E+02  0.22600E+01  0.31042E+02  0.11389E+02  0.15464E+02  0.41571E+00   4820  0.00000E+00      0.000
     556.0000  0.00000E+00  0.45720E+00 -0.17229E-07  0.20205E+00 -0.24179E-05 -0.10630E+02  0.93401E+02 -0.15048E+02  0.36680E+02 -0.26079E-02 -0.11276E+02 -0.11880E+04 -0.17652E+02  0.00000E+00  0.31042E+02  0.11184E+02  0.15464E+02  0.41571E+00   4838  0.00000E+00      0.000
     557.0000 -0.27940E+01  0.47752E+00 -0.52442E+00  0.10614E+00 -0.25211E-05 -0.13424E+02  0.93878E+02 -0.15632E+02  0.36808E+02 -0.26103E-02  0.00000E+00 -0.11602E+04 -0.17655E+02  0.22696E+01  0.33252E+02  0.11638E+02  0.16047E+02  0.41571E+00   4922  0.00000E+00      0.000
     558.0000 -0.14413E+01  0.43180E+00 -0.50552E+00  0.94461E-01 -0.25828E-05 -0.14866E+02  0.94310E+02 -0.16145E+02  0.36910E+02 -0.26127E-02  0.00000E+00 -0.11013E+04 -0.17657E+02  0.93578E+00  0.34181E+02  0.12048E+02  0.16560E+02  0.41571E+00   5006  0.00000E+00      0.000
     559.0000  0.00000E+00  0.43688E+00  0.25611E-08  0.22636E+00 -0.24336E-05 -0.14866E+02  0.94747E+02 -0.16145E+02  0.37138E+02 -0.26152E-02 -0.11113E+02 -0.10961E+04 -0.17660E+02  0.00000E+00  0.34181E+02  0.11822E+02  0.16560E+02  0.41571E+00   5018  0.00000E+00      0.000
     560.0000  0.00000E+00  0.44958E+00  0.15483E-07  0.22825E+00 -0.24637E-05 -0.14866E+02  0.95197E+02 -0.16145E+02  0.37368E+02 -0.26176E-02 -0.12912E+02 -0.11075E+04 -0.17662E+02  0.00000E+00  0.34181E+02  0.11593E+02  0.16560E+02  0.41571E+00   5021  0.00000E+00      0.000
     561.0000  0.00000E+00  0.42672E+00 -0.12806E-07  0.21465E+00 -0.24438E-05 -0.14866E+02  0.95623E+02 -0.16145E+02  0.37583E+02 -0.26201E-02 -0.14182E+02 -0.11150E+04 -0.17665E+02  0.00000E+00  0.34181E+02  0.11371E+02  0.16560E+02  0.41571E+00   5023  0.00000E+00      0.000
     562.0000  0.00000E+00  0.48260E+00 -0.35216E-08  0.24162E+00 -0.24438E-05 -0.14866E+02  0.96106E+02 -0.16145E+02  0.37825E+02 -0.26225E-02 -0.14818E+02 -0.11212E+04 -0.17667E+02  0.00000E+00  0.34181E+02  0.11142E+02  0.16560E+02  0.41571E+00   5025  0.00000E+00      0.000
     563.0000  0.00000E+00  0.46228E+00  0.15716E-08  0.23119E+00 -0.24140E-05 -0.14866E+02  0.96568E+02 -0.16145E+02  0.38056E+02 -0.26249E-02 -0.15263E+02 -0.11271E+04 -0.17670E+02  0.00000E+00  0.34181E+02  0.10906E+02  0.16560E+02  0.41571E+00   5027  0.00000E+00      0.000
     564.0000  0.00000E+00  0.45212E+00  0.62864E-08  0.22607E+00 -0.24140E-05 -0.14866E+02  0.97020E+02 -0.16145E+02  0.38282E+02 -0.26273E-02 -0.15763E+02 -0.11338E+04 -0.17672E+02  0.00000E+00  0.34181E+02  0.10677E+02  0.16560E+02  0.41571E+00   5029  0.00000E+00      0.000
     565.0000  0.00000E+00  0.37592E+00 -0.78580E-08  0.18796E+00 -0.24140E-05 -0.14866E+02  0.97396E+02 -0.16145E+02  0.38470E+02 -0.26298E-02 -0.16307E+02 -0.11413E+04 -0.17675E+02  0.00000E+00  0.34181E+02  0.10470E+02  0.16560E+02  0.41571E+00   5031  0.00000E+00      0.000
     566.0000  0.00000E+00  0.40894E+00  0.11001E-07  0.20447E+00 -0.24140E-05 -0.14866E+02  0.97805E+02 -0.16145E+02  0.38674E+02 -0.26322E-02 -0.16856E+02 -0.11505E+04 -0.17677E+02  0.00000E+00  0.34181E+02  0.10274E+02  0.16560E+02  0.41571E+00   5033  0.00000E+00      0.000
     567.0000  0.00000E+00  0.41402E+00  0.76834E-08  0.20701E+00 -0.24140E-05 -0.14866E+02  0.98219E+02 -0.16145E+02  0.38881E+02 -0.26346E-02 -0.17386E+02 -0.11632E+04 -0.17679E+02  0.00000E+00  0.34181E+02  0.10068E+02  0.16560E+02  0.41571E+00   5035  0.00000E+00      0.000
     568.0000  0.00000E+00  0.37084E+00 -0.11758E-07  0.18542E+00 -0.24140E-05 -0.14866E+02  0.98590E+02 -0.16145E+02  0.39067E+02 -0.26370E-02 -0.17859E+02 -0.11800E+04 -0.17682E+02  0.00000E+00  0.34181E+02  0.98721E+01  0.16560E+02  0.41571E+00   5037  0.00000E+00      0.000
     569.0000  0.00000E+00  0.38608E+00 -0.14174E-07  0.19304E+00 -0.23842E-05 -0.14866E+02  0.98976E+02 -0.16145E+02  0.39260E+02 -0.26394E-02 -0.18249E+02 -0.12029E+04 -0.17684E+02  0.00000E+00  0.34181E+02  0.96829E+01  0.16560E+02  0.41571E+00   5039  0.00000E+00      0.000
     570.0000  0.00000E+00  0.48260E+00  0.27067E-08  0.24130E+00 -0.23842E-05 -0.14866E+02  0.99459E+02 -0.16145E+02  0.39501E+02 -0.26418E-02 -0.18537E+02 -0.12434E+04 -0.17687E+02  0.00000E+00  0.34181E+02  0.94657E+01  0.16560E+02  0.41571E+00   5041  0.00000E+00      0.000
     571.0000  0.00000E+00  0.55626E+00  0.97643E-08  0.21775E+00 -0.23842E-05 -0.14866E+02  0.10001E+03 -0.16145E+02  0.39739E+02 -0.26442E-02 -0.18725E+02 -0.13316E+04 -0.17689E+02  0.00000E+00  0.34181E+02  0.92161E+01  0.16560E+02  0.41571E+00   5043  0.00000E+00      0.000
     572.0000  0.00000E+00  0.58928E+00 -0.29249E-08  0.10520E+00 -0.23842E-05 -0.14866E+02  0.10060E+03 -0.16145E+02  0.39878E+02 -0.26465E-02 -0.18918E+02 -0.14655E+04 -0.17692E+02  0.00000E+00  0.34181E+02  0.90213E+01  0.16560E+02  0.41571E+00   5045  0.00000E+00      0.000
     573.0000  0.00000E+00  0.47244E+00  0.71595E-08  0.32473E-01 -0.23842E-05 -0.14866E+02  0.10108E+03 -0.16145E+02  0.39921E+02 -0.26489E-02 -0.19168E+02 -0.15507E+04 -0.17694E+02  0.00000E+00  0.34181E+02  0.89412E+01  0.16560E+02  0.41571E+00   5047  0.00000E+00      0.000
     574.0000  0.00000E+00  0.40640E+00 -0.26776E-08  0.94867E-02 -0.23842E-05 -0.14866E+02  0.10148E+03 -0.16145E+02  0.39934E+02 -0.26513E-02 -0.19425E+02 -0.15850E+04 -0.17696E+02  0.00000E+00  0.34181E+02  0.89167E+01  0.16560E+02  0.41571E+00   5049  0.00000E+00      0.000
     575.0000  0.00000E+00  0.34290E+00  0.90222E-08  0.25384E-02 -0.23544E-05 -0.14866E+02  0.10183E+03 -0.16145E+02  0.39938E+02 -0.26537E-02 -0.19674E+02 -0.15959E+04 -0.17699E+02  0.00000E+00  0.34181E+02  0.89098E+01  0.16560E+02  0.41571E+00   5051  0.00000E+00      0.000
     576.0000  0.00000E+00  0.44196E+00 -0.30414E-08  0.73648E-03 -0.23544E-05 -0.14866E+02  0.10227E+03 -0.16145E+02  0.39939E+02 -0.26560E-02 -0.19909E+02 -0.15993E+04 -0.17701E+02  0.00000E+00  0.34181E+02  0.89078E+01  0.16560E+02  0.41571E+00   5053  0.00000E+00      0.000
     577.0000  0.00000E+00  0.38100E+00 -0.14392E-07  0.28608E-03 -0.23544E-05 -0.14866E+02  0.10265E+03 -0.16145E+02  0.39939E+02 -0.26584E-02 -0.20131E+02 -0.16000E+04 -0.17704E+02  0.00000E+00  0.34181E+02  0.89072E+01  0.16560E+02  0.41571E+00   5055  0.00000E+00      0.000
     578.0000  0.00000E+00  0.46990E+00 -0.82073E-08  0.22991E-03 -0.23544E-05 -0.14866E+02  0.10312E+03 -0.16145E+02  0.39939E+02 -0.26607E-02 -0.20340E+02 -0.16001E+04 -0.17706E+02  0.00000E+00  0.34181E+02  0.89069E+01  0.16560E+02  0.41571E+00   5057  0.00000E+00      0.000
     579.0000  0.00000E+00  0.41402E+00  0.12587E-07  0.19780E-03 -0.23544E-05 -0.14866E+02  0.10353E+03 -0.16145E+02  0.39940E+02 -0.26631E-02 -0.20537E+02 -0.16001E+04 -0.17708E+02  0.00000E+00  0.34181E+02  0.89067E+01  0.16560E+02  0.41571E+00   5059  0.00000E+00      0.000
     580.0000  0.00000E+00  0.42926E+00  0.81636E-08  0.19020E-03 -0.23544E-05 -0.14866E+02  0.10396E+03 -0.16145E+02  0.39940E+02 -0.26654E-02 -0.20722E+02 -0.16002E+04 -0.17711E+02  0.00000E+00  0.34181E+02  0.89065E+01  0.16560E+02  0.41571E+00   5061  0.00000E+00      0.000
     581.0000  0.00000E+00  0.36322E+00 -0.53842E-09  0.17211E-03 -0.23246E-05 -0.14866E+02  0.10433E+03 -0.16145E+02  0.39940E+02 -0.26678E-02 -0.20896E+02 -0.16002E+04 -0.17713E+02  0.00000E+00  0.34181E+02  0.89063E+01  0.16560E+02  0.41571E+00   5063  0.00000E+00      0.000
     582.0000  0.00000E+00  0.13208E+00 -0.97643E-08  0.10611E-03 -0.23246E-05 -0.14866E+02  0.10446E+03 -0.16145E+02  0.39940E+02 -0.26701E-02 -0.21060E+02 -0.16001E+04 -0.17716E+02  0.00000E+00  0.34181E+02  0.89062E+01  0.16560E+02  0.41571E+00   5065  0.00000E+00      0.000
     583.0000  0.00000E+00  0.33274E+00  0.11249E-07  0.18854E-03 -0.23246E-05 -0.14866E+02  0.10479E+03 -0.16145E+02  0.39940E+02 -0.26724E-02 -0.21214E+02 -0.16001E+04 -0.17718E+02  0.00000E+00  0.34181E+02  0.89060E+01  0.16560E+02  0.41571E+00   5067  0.00000E+00      0.000
     584.0000  0.00000E+00  0.34544E+00 -0.28376E-08  0.15761E-03 -0.23246E-05 -0.14866E+02  0.10514E+03 -0.16145E+02  0.39940E+02 -0.26747E-02 -0.21359E+02 -0.16002E+04 -0.17720E+02  0.00000E+00  0.34181E+02  0.89058E+01  0.16560E+02  0.41571E+00   5069  0.00000E+00      0.000
     585.0000  0.00000E+00  0.11938E+00 -0.14072E-07  0.86603E-04 -0.23246E-05 -0.14866E+02  0.10525E+03 -0.16145E+02  0.39941E+02 -0.26771E-02 -0.21495E+02 -0.16001E+04 -0.17723E+02  0.00000E+00  0.34181E+02  0.89057E+01  0.16560E+02  0.41571E+00   5071  0.00000E+00      0.000
     586.0000  0.00000E+00  0.25146E+00  0.94151E-08  0.15149E-03 -0.23246E-05 -0.14866E+02  0.10551E+03 -0.16145E+02  0.39941E+02 -0.26794E-02 -0.21624E+02 -0.16001E+04 -0.17725E+02  0.00000E+00  0.34181E+02  0.89056E+01  0.16560E+02  0.41571E+00   5073  0.00000E+00      0.000
     587.0000  0.00000E+00  0.31242E+00  0.80181E-08  0.14055E-03 -0.22948E-05 -0.14866E+02  0.10582E+03 -0.16145E+02  0.39941E+02 -0.26817E-02 -0.21745E+02 -0.16002E+04 -0.17727E+02  0.00000E+00  0.34181E+02  0.89054E+01  0.16560E+02  0.41571E+00   5075  0.00000E+00      0.000
     588.0000  0.00000E+00  0.31496E+00 -0.54642E-08  0.12149E-03 -0.22948E-05 -0.14866E+02  0.10613E+03 -0.16145E+02  0.39941E+02 -0.26840E-02 -0.21859E+02 -0.16002E+04 -0.17730E+02  0.00000E+00  0.34181E+02  0.89053E+01  0.16560E+02  0.41571E+00   5077  0.00000E+00      0.000
     589.0000  0.00000E+00  0.36576E+00 -0.40091E-08  0.11557E-03 -0.22948E-05 -0.14866E+02  0.10650E+03 -0.16145E+02  0.39941E+02 -0.26863E-02 -0.21966E+02 -0.16002E+04 -0.17732E+02  0.00000E+00  0.34181E+02  0.89052E+01  0.16560E+02  0.41571E+00   5079  0.00000E+00      0.000
     590.0000  0.00000E+00  0.37846E+00  0.11220E-07  0.10544E-03 -0.22948E-05 -0.14866E+02  0.10688E+03 -0.16145E+02  0.39941E+02 -0.26886E-02 -0.22067E+02 -0.16003E+04 -0.17734E+02  0.00000E+00  0.34181E+02  0.89050E+01  0.16560E+02  0.41571E+00   5081  0.00000E+00      0.000
     591.0000  0.00000E+00  0.32512E+00  0.13759E-07  0.94228E-04 -0.22948E-05 -0.14866E+02  0.10720E+03 -0.16145E+02  0.39941E+02 -0.26909E-02 -0.22162E+02 -0.16003E+04 -0.17737E+02  0.00000E+00  0.34181E+02  0.89049E+01  0.16560E+02  0.41571E+00   5083  0.00000E+00      0.000
     592.0000  0.00000E+00  0.32258E+00 -0.11845E-07  0.91288E-04 -0.22948E-05 -0.14866E+02  0.10753E+03 -0.16145E+02  0.39941E+02 -0.26932E-02 -0.22252E+02 -0.16003E+04 -0.17739E+02  0.00000E+00  0.34181E+02  0.89048E+01  0.16560E+02  0.41571E+00   5085  0.00000E+00      0.000
     593.0000  0.00000E+00  0.40386E+00 -0.10499E-07  0.90961E-04 -0.22650E-05 -0.14866E+02  0.10793E+03 -0.16145E+02  0.39941E+02 -0.26955E-02 -0.22336E+02 -0.16003E+04 -0.17741E+02  0.00000E+00  0.34181E+02  0.89047E+01  0.16560E+02  0.41571E+00   5087  0.00000E+00      0.000
     594.0000  0.00000E+00  0.38100E+00 -0.31287E-08  0.80895E-04 -0.22650E-05 -0.14866E+02  0.10831E+03 -0.16145E+02  0.39942E+02 -0.26977E-02 -0.22415E+02 -0.16003E+04 -0.17744E+02  0.00000E+00  0.34181E+02  0.89047E+01  0.16560E+02  0.41571E+00   5089  0.00000E+00      0.000
     595.0000  0.00000E+00  0.35814E+00 -0.11692E-07  0.75379E-04 -0.22650E-05 -0.14866E+02  0.10867E+03 -0.16145E+02  0.39942E+02 -0.27000E-02 -0.22490E+02 -0.16003E+04 -0.17746E+02  0.00000E+00  0.34181E+02  0.89046E+01  0.16560E+02  0.41571E+00   5091  0.00000E+00      0.000
     596.0000  0.00000E+00  0.37592E+00 -0.44674E-08  0.72741E-04 -0.22650E-05 -0.14866E+02  0.10904E+03 -0.16145E+02  0.39942E+02 -0.27023E-02 -0.22560E+02 -0.16003E+04 -0.17748E+02  0.00000E+00  0.34181E+02  0.89045E+01  0.16560E+02  0.41571E+00   5093  0.00000E+00      0.000
     597.0000  0.00000E+00  0.43434E+00  0.34706E-08  0.69721E-04 -0.22650E-05 -0.14866E+02  0.10948E+03 -0.16145E+02  0.39942E+02 -0.27045E-02 -0.22626E+02 -0.16003E+04 -0.17751E+02  0.00000E+00  0.34181E+02  0.89044E+01  0.16560E+02  0.41571E+00   5095  0.00000E+00      0.000
     598.0000  0.00000E+00  0.34290E+00 -0.67521E-08  0.60556E-04 -0.22650E-05 -0.14866E+02  0.10982E+03 -0.16145E+02  0.39942E+02 -0.27068E-02 -0.22688E+02 -0.16003E+04 -0.17753E+02  0.00000E+00  0.34181E+02  0.89044E+01  0.16560E+02  0.41571E+00   5097  0.00000E+00      0.000
     599.0000  0.00000E+00  0.28956E+00 -0.70031E-08  0.56662E-04 -0.22352E-05 -0.14866E+02  0.11011E+03 -0.16145E+02  0.39942E+02 -0.27090E-02 -0.22747E+02 -0.16003E+04 -0.17755E+02  0.00000E+00  0.34181E+02  0.89043E+01  0.16560E+02  0.41571E+00   5099  0.00000E+00      0.000
     600.0000  0.00000E+00  0.31496E+00  0.34997E-08  0.57460E-04 -0.22352E-05 -0.14866E+02  0.11043E+03 -0.16145E+02  0.39942E+02 -0.27113E-02 -0.22802E+02 -0.16003E+04 -0.17757E+02  0.00000E+00  0.34181E+02  0.89042E+01  0.16560E+02  0.41571E+00   5101  0.00000E+00      0.000
     601.0000  0.00000E+00  0.37846E+00  0.98080E-08  0.55975E-04 -0.22352E-05 -0.14866E+02  0.11080E+03 -0.16145E+02  0.39942E+02 -0.27135E-02 -0.22853E+02 -0.16003E+04 -0.17760E+02  0.00000E+00  0.34181E+02  0.89042E+01  0.16560E+02  0.41571E+00   5103  0.00000E+00      0.000
     602.0000  0.00000E+00  0.34290E+00  0.11220E-07  0.49364E-04 -0.22352E-05 -0.14866E+02  0.11115E+03 -0.16145E+02  0.39942E+02 -0.27157E-02 -0.22902E+02 -0.16003E+04 -0.17762E+02  0.00000E+00  0.34181E+02  0.89041E+01  0.16560E+02  0.41571E+00   5105  0.00000E+00      0.000
     603.0000  0.00000E+00  0.37084E+00  0.10306E-07  0.47906E-04 -0.22352E-05 -0.14866E+02  0.11152E+03 -0.16145E+02  0.39942E+02 -0.27180E-02 -0.22948E+02 -0.16004E+04 -0.17764E+02  0.00000E+00  0.34181E+02  0.89041E+01  0.16560E+02  0.41571E+00   5107  0.00000E+00      0.000
     604.0000  0.00000E+00  0.34798E+00 -0.10830E-07  0.43835E-04 -0.22352E-05 -0.14866E+02  0.11187E+03 -0.16145E+02  0.39942E+02 -0.27202E-02 -0.22991E+02 -0.16004E+04 -0.17767E+02  0.00000E+00  0.34181E+02  0.89040E+01  0.16560E+02  0.41571E+00   5109  0.00000E+00      0.000
     605.0000  0.00000E+00  0.46228E+00  0.11114E-07  0.43792E-04 -0.22352E-05 -0.14866E+02  0.11233E+03 -0.16145E+02  0.39942E+02 -0.27224E-02 -0.23032E+02 -0.16004E+04 -0.17769E+02  0.00000E+00  0.34181E+02  0.89040E+01  0.16560E+02  0.41571E+00   5111  0.00000E+00      0.000
     606.0000  0.00000E+00  0.26416E+00 -0.14385E-07  0.33717E-04 -0.22054E-05 -0.14866E+02  0.11259E+03 -0.16145E+02  0.39942E+02 -0.27246E-02 -0.23070E+02 -0.16004E+04 -0.17771E+02  0.00000E+00  0.34181E+02  0.89039E+01  0.16560E+02  0.41571E+00   5113  0.00000E+00      0.000
     607.0000  0.00000E+00  0.39624E+00 -0.14552E-07  0.39555E-04 -0.22054E-05 -0.14866E+02  0.11299E+03 -0.16145E+02  0.39942E+02 -0.27269E-02 -0.23106E+02 -0.16004E+04 -0.17773E+02  0.00000E+00  0.34181E+02  0.89039E+01  0.16560E+02  0.41571E+00   5115  0.00000E+00      0.000
     608.0000  0.00000E+00  0.36576E+00  0.19318E-08  0.34551E-04 -0.22054E-05 -0.14866E+02  0.11335E+03 -0.16145E+02  0.39942E+02 -0.27291E-02 -0.23140E+02 -0.16004E+04 -0.17776E+02  0.00000E+00  0.34181E+02  0.89039E+01  0.16560E+02  0.41571E+00   5117  0.00000E+00      0.000
     609.0000  0.00000E+00  0.30480E+00 -0.13802E-07  0.31104E-04 -0.22054E-05 -0.14866E+02  0.11366E+03 -0.16145E+02  0.39942E+02 -0.27313E-02 -0.23172E+02 -0.16004E+04 -0.17778E+02  0.00000E+00  0.34181E+02  0.89038E+01  0.16560E+02  0.41571E+00   5119  0.00000E+00      0.000
     610.0000  0.00000E+00  0.28956E+00  0.12746E-07  0.15561E-05 -0.22054E-05 -0.14866E+02  0.11395E+03 -0.16145E+02  0.39942E+02 -0.27335E-02 -0.23202E+02 -0.79562E+03 -0.17780E+02  0.00000E+00  0.34181E+02  0.89038E+01  0.16560E+02  0.41571E+00   5121  0.00000E+00      0.000
     611.0000  0.00000E+00  0.30226E+00  0.81727E-08  0.40894E-07 -0.22054E-05 -0.14866E+02  0.11425E+03 -0.16145E+02  0.39942E+02 -0.27357E-02 -0.23230E+02 -0.79564E+03 -0.17782E+02  0.00000E+00  0.34181E+02  0.89037E+01  0.16560E+02  0.41571E+00   5123  0.00000E+00      0.000
     612.0000  0.00000E+00  0.29718E+00 -0.93805E-08  0.00000E+00 -0.21756E-05 -0.14866E+02  0.11455E+03 -0.16145E+02  0.39942E+02 -0.27378E-02 -0.23256E+02 -0.79563E+03 -0.17785E+02  0.00000E+00  0.34181E+02  0.89037E+01  0.16560E+02  0.41571E+00   5125  0.00000E+00      0.000
     613.0000  0.00000E+00  0.29464E+00  0.11856E-07  0.15085E-03 -0.21756E-05 -0.14866E+02  0.11484E+03 -0.16145E+02  0.39943E+02 -0.27400E-02 -0.23281E+02 -0.79562E+03 -0.17787E+02  0.00000E+00  0.34181E+02  0.89037E+01  0.16560E+02  0.41571E+00   5127  0.00000E+00      0.000
     614.0000  0.00000E+00  0.28956E+00  0.14588E-08  0.00000E+00 -0.21756E-05 -0.14866E+02  0.11513E+03 -0.16145E+02  0.39943E+02 -0.27422E-02 -0.23305E+02 -0.79564E+03 -0.17789E+02  0.00000E+00  0.34181E+02  0.89036E+01  0.16560E+02  0.41571E+00   5129  0.00000E+00      0.000
     615.0000  0.00000E+00  0.30226E+00 -0.15087E-07  0.00000E+00 -0.21756E-05 -0.14866E+02  0.11544E+03 -0.16145E+02  0.39943E+02 -0.27444E-02 -0.23327E+02 -0.79563E+03 -0.17791E+02  0.00000E+00  0.34181E+02  0.89036E+01  0.16560E+02  0.41571E+00   5131  0.00000E+00      0.000
     616.0000  0.00000E+00  0.29210E+00  0.32833E-08  0.55478E-04 -0.21756E-05 -0.14866E+02  0.11573E+03 -0.16145E+02  0.39943E+02 -0.27466E-02 -0.23348E+02 -0.79563E+03 -0.17793E+02  0.00000E+00  0.34181E+02  0.89036E+01  0.16560E+02  0.41571E+00   5133  0.00000E+00      0.000
     617.0000  0.00000E+00  0.28448E+00  0.13906E-07  0.00000E+00 -0.21756E-05 -0.14866E+02  0.11601E+03 -0.16145E+02  0.39943E+02 -0.27487E-02 -0.23367E+02 -0.79563E+03 -0.17796E+02  0.00000E+00  0.34181E+02  0.89036E+01  0.16560E+02  0.41571E+00   5135  0.00000E+00      0.000
     618.0000  0.00000E+00  0.39624E+00 -0.64083E-08  0.00000E+00 -0.21458E-05 -0.14866E+02  0.11641E+03 -0.16145E+02  0.39943E+02 -0.27509E-02 -0.23386E+02 -0.79564E+03 -0.17798E+02  0.00000E+00  0.34181E+02  0.89035E+01  0.16560E+02  0.41571E+00   5137  0.00000E+00      0.000
     619.0000  0.00000E+00  0.18288E+00 -0.16371E-09  0.00000E+00 -0.21458E-05 -0.14866E+02  0.11659E+03 -0.16145E+02  0.39943E+02 -0.27530E-02 -0.23403E+02 -0.79563E+03 -0.17800E+02  0.00000E+00  0.34181E+02  0.89035E+01  0.16560E+02  0.41571E+00   5139  0.00000E+00      0.000
     620.0000  0.00000E+00  0.15240E+00 -0.29286E-08  0.00000E+00 -0.21458E-05 -0.14866E+02  0.11674E+03 -0.16145E+02  0.39943E+02 -0.27552E-02 -0.23419E+02 -0.79563E+03 -0.17802E+02  0.00000E+00  0.34181E+02  0.89035E+01  0.16560E+02  0.41571E+00   5141  0.00000E+00      0.000
     621.0000  0.00000E+00  0.63500E-01  0.10636E-07  0.00000E+00 -0.21458E-05 -0.14866E+02  0.11681E+03 -0.16145E+02  0.39943E+02 -0.27573E-02 -0.23435E+02 -0.79563E+03 -0.17804E+02  0.00000E+00  0.34181E+02  0.89035E+01  0.16560E+02  0.41571E+00   5143  0.00000E+00      0.000
     622.0000  0.00000E+00  0.23876E+00  0.10639E-07  0.00000E+00 -0.21458E-05 -0.14866E+02  0.11705E+03 -0.16145E+02  0.39943E+02 -0.27595E-02 -0.23449E+02 -0.79564E+03 -0.17806E+02  0.00000E+00  0.34181E+02  0.89034E+01  0.16560E+02  0.41571E+00   5145  0.00000E+00      0.000
     623.0000  0.00000E+00  0.35814E+00  0.14300E-07  0.00000E+00 -0.21458E-05 -0.14866E+02  0.11740E+03 -0.16145E+02  0.39943E+02 -0.27616E-02 -0.23463E+02 -0.79564E+03 -0.17809E+02  0.00000E+00  0.34181E+02  0.89034E+01  0.16560E+02  0.41571E+00   5147  0.00000E+00      0.000
     624.0000  0.00000E+00  0.17272E+00 -0.59363E-08  0.00000E+00 -0.21458E-05 -0.14866E+02  0.11758E+03 -0.16145E+02  0.39943E+02 -0.27638E-02 -0.23476E+02 -0.79563E+03 -0.17811E+02  0.00000E+00  0.34181E+02  0.89034E+01  0.16560E+02  0.41571E+00   5149  0.00000E+00      0.000
     625.0000  0.00000E+00  0.19812E+00  0.13681E-07  0.26181E-04 -0.21160E-05 -0.14866E+02  0.11777E+03 -0.16145E+02  0.39943E+02 -0.27659E-02 -0.23488E+02 -0.79563E+03 -0.17813E+02  0.00000E+00  0.34181E+02  0.89034E+01  0.16560E+02  0.41571E+00   5151  0.00000E+00      0.000
     626.0000  0.00000E+00  0.16764E+00  0.12878E-07  0.14475E-04 -0.21160E-05 -0.14866E+02  0.11794E+03 -0.16145E+02  0.39943E+02 -0.27680E-02 -0.23499E+02 -0.79563E+03 -0.17815E+02  0.00000E+00  0.34181E+02  0.89034E+01  0.16560E+02  0.41571E+00   5153  0.00000E+00      0.000
     627.0000  0.00000E+00  0.88900E-01  0.61664E-09  0.31347E-04 -0.21160E-05 -0.14866E+02  0.11803E+03 -0.16145E+02  0.39943E+02 -0.27701E-02 -0.23510E+02 -0.79563E+03 -0.17817E+02  0.00000E+00  0.34181E+02  0.89034E+01  0.16560E+02  0.41571E+00   5155  0.00000E+00      0.000
     628.0000  0.00000E+00  0.24384E+00  0.54388E-08  0.00000E+00 -0.21160E-05 -0.14866E+02  0.11827E+03 -0.16145E+02  0.39943E+02 -0.27722E-02 -0.23520E+02 -0.79563E+03 -0.17819E+02  0.00000E+00  0.34181E+02  0.89034E+01  0.16560E+02  0.41571E+00   5157  0.00000E+00      0.000
     629.0000  0.00000E+00  0.34544E+00 -0.40609E-08  0.00000E+00 -0.21160E-05 -0.14866E+02  0.11862E+03 -0.16145E+02  0.39943E+02 -0.27744E-02 -0.23529E+02 -0.79564E+03 -0.17822E+02  0.00000E+00  0.34181E+02  0.89034E+01  0.16560E+02  0.41571E+00   5159  0.00000E+00      0.000
     630.0000  0.00000E+00  0.19558E+00 -0.65256E-08  0.00000E+00 -0.21160E-05 -0.14866E+02  0.11882E+03 -0.16145E+02  0.39943E+02 -0.27765E-02 -0.23538E+02 -0.79563E+03 -0.17824E+02  0.00000E+00  0.34181E+02  0.89034E+01  0.16560E+02  0.41571E+00   5161  0.00000E+00      0.000
     631.0000  0.00000E+00  0.32258E+00 -0.13963E-07  0.00000E+00 -0.20862E-05 -0.14866E+02  0.11914E+03 -0.16145E+02  0.39943E+02 -0.27786E-02 -0.23546E+02 -0.79563E+03 -0.17826E+02  0.00000E+00  0.34181E+02  0.89033E+01  0.16560E+02  0.41571E+00   5163  0.00000E+00      0.000
     632.0000  0.00000E+00  0.26670E+00  0.64665E-08  0.17166E-04 -0.20862E-05 -0.14866E+02  0.11941E+03 -0.16145E+02  0.39943E+02 -0.27807E-02 -0.23554E+02 -0.79563E+03 -0.17828E+02  0.00000E+00  0.34181E+02  0.89033E+01  0.16560E+02  0.41571E+00   5165  0.00000E+00      0.000
     633.0000  0.00000E+00  0.44196E+00 -0.37403E-08  0.12012E-04 -0.20862E-05 -0.14866E+02  0.11985E+03 -0.16145E+02  0.39943E+02 -0.27828E-02 -0.23561E+02 -0.79563E+03 -0.17830E+02  0.00000E+00  0.34181E+02  0.89033E+01  0.16560E+02  0.41571E+00   5167  0.00000E+00      0.000
     634.0000  0.00000E+00  0.39624E+00 -0.11018E-07  0.32093E-04 -0.20862E-05 -0.14866E+02  0.12024E+03 -0.16145E+02  0.39943E+02 -0.27848E-02 -0.23568E+02 -0.79563E+03 -0.17832E+02  0.00000E+00  0.34181E+02  0.89033E+01  0.16560E+02  0.41571E+00   5169  0.00000E+00      0.000
     635.0000  0.00000E+00  0.31750E+00  0.11732E-07  0.00000E+00 -0.20862E-05 -0.14866E+02  0.12056E+03 -0.16145E+02  0.39943E+02 -0.27869E-02 -0.23575E+02 -0.79563E+03 -0.17834E+02  0.00000E+00  0.34181E+02  0.89033E+01  0.16560E+02  0.41571E+00   5171  0.00000E+00      0.000
     636.0000  0.00000E+00  0.40894E+00  0.13721E-07  0.00000E+00 -0.20862E-05 -0.14866E+02  0.12097E+03 -0.16145E+02  0.39943E+02 -0.27890E-02 -0.23581E+02 -0.79563E+03 -0.17837E+02  0.00000E+00  0.34181E+02  0.89033E+01  0.16560E+02  0.41571E+00   5173  0.00000E+00      0.000
     637.0000  0.00000E+00  0.23368E+00 -0.82814E-08  0.00000E+00 -0.20862E-05 -0.14866E+02  0.12120E+03 -0.16145E+02  0.39943E+02 -0.27911E-02 -0.23587E+02 -0.79563E+03 -0.17839E+02  0.00000E+00  0.34181E+02  0.89033E+01  0.16560E+02  0.41571E+00   5175  0.00000E+00      0.000
     638.0000  0.00000E+00  0.31750E+00  0.86898E-08  0.37976E-04 -0.20862E-05 -0.14866E+02  0.12152E+03 -0.16145E+02  0.39943E+02 -0.27932E-02 -0.23592E+02 -0.79563E+03 -0.17841E+02  0.00000E+00  0.34181E+02  0.89033E+01  0.16560E+02  0.41571E+00   5177  0.00000E+00      0.000
     639.0000  0.00000E+00  0.20828E+00  0.23538E-08  0.00000E+00 -0.20564E-05 -0.14866E+02  0.12173E+03 -0.16145E+02  0.39943E+02 -0.27952E-02 -0.23597E+02 -0.79563E+03 -0.17843E+02  0.00000E+00  0.34181E+02  0.89033E+01  0.16560E+02  0.41571E+00   5179  0.00000E+00      0.000
     640.0000  0.54102E+00  0.00000E+00  0.97316E-04  0.00000E+00 -0.20564E-05 -0.14325E+02  0.12173E+03 -0.15958E+02  0.39943E+02 -0.27973E-02 -0.10000E+07 -0.79563E+03 -0.17845E+02  0.00000E+00  0.34181E+02  0.87171E+01  0.16560E+02  0.60189E+00   5181  0.00000E+00      0.000
     641.0000  0.19304E+00  0.00000E+00  0.99840E-31  0.00000E+00 -0.20564E-05 -0.14132E+02  0.12173E+03 -0.15958E+02  0.39943E+02 -0.27994E-02 -0.10000E+07 -0.79563E+03 -0.17847E+02  0.00000E+00  0.34181E+02  0.87171E+01  0.16560E+02  0.60189E+00   5183  0.00000E+00      0.000
     642.0000  0.17526E+00  0.00000E+00  0.99840E-31  0.00000E+00 -0.20564E-05 -0.13956E+02  0.12173E+03 -0.15958E+02  0.39943E+02 -0.28014E-02 -0.10000E+07 -0.79563E+03 -0.17849E+02  0.00000E+00  0.34181E+02  0.87171E+01  0.16560E+02  0.60189E+00   5185  0.00000E+00      0.000
     643.0000  0.46228E+00  0.00000E+00  0.99840E-31  0.00000E+00 -0.20564E-05 -0.13494E+02  0.12173E+03 -0.15958E+02  0.39943E+02 -0.28035E-02 -0.10000E+07 -0.79563E+03 -0.17851E+02  0.00000E+00  0.34181E+02  0.87171E+01  0.16560E+02  0.60189E+00   5187  0.00000E+00      0.000
     644.0000  0.25400E+00  0.00000E+00  0.99840E-31  0.00000E+00 -0.20564E-05 -0.13240E+02  0.12173E+03 -0.15958E+02  0.39943E+02 -0.28055E-02 -0.10000E+07 -0.79563E+03 -0.17853E+02  0.00000E+00  0.34181E+02  0.87171E+01  0.16560E+02  0.60189E+00   5189  0.00000E+00      0.000
     645.0000  0.22352E+00  0.00000E+00  0.99840E-31  0.00000E+00 -0.20266E-05 -0.13017E+02  0.12173E+03 -0.15958E+02  0.39943E+02 -0.28076E-02 -0.10000E+07 -0.79563E+03 -0.17855E+02  0.00000E+00  0.34181E+02  0.87171E+01  0.16560E+02  0.60189E+00   5191  0.00000E+00      0.000
     646.0000  0.33528E+00  0.00000E+00  0.99840E-31  0.00000E+00 -0.20266E-05 -0.12681E+02  0.12173E+03 -0.15958E+02  0.39943E+02 -0.28096E-02 -0.10000E+07 -0.79563E+03 -0.17857E+02  0.00000E+00  0.34181E+02  0.87171E+01  0.16560E+02  0.60189E+00   5193  0.00000E+00      0.000
     647.0000  0.35306E+00  0.00000E+00  0.99840E-31  0.00000E+00 -0.20266E-05 -0.12328E+02  0.12173E+03 -0.15958E+02  0.39943E+02 -0.28116E-02 -0.10000E+07 -0.79563E+03 -0.17860E+02  0.00000E+00  0.34181E+02  0.87171E+01  0.16560E+02  0.60189E+00   5195  0.00000E+00      0.000
     648.0000  0.27940E+00  0.00000E+00  0.99840E-31  0.00000E+00 -0.20266E-05 -0.12049E+02  0.12173E+03 -0.15958E+02  0.39943E+02 -0.28136E-02 -0.10000E+07 -0.79563E+03 -0.17862E+02  0.00000E+00  0.34181E+02  0.87171E+01  0.16560E+02  0.60189E+00   5197  0.00000E+00      0.000
     649.0000  0.17526E+00  0.00000E+00  0.99840E-31  0.00000E+00 -0.20266E-05 -0.11874E+02  0.12173E+03 -0.15958E+02  0.39943E+02 -0.28157E-02 -0.10000E+07 -0.79563E+03 -0.17864E+02  0.00000E+00  0.34181E+02  0.87171E+01  0.16560E+02  0.60189E+00   5199  0.00000E+00      0.000
     650.0000  0.12954E+00  0.00000E+00  0.99840E-31  0.00000E+00 -0.20266E-05 -0.11744E+02  0.12173E+03 -0.15958E+02  0.39943E+02 -0.28177E-02 -0.10000E+07 -0.79563E+03 -0.17866E+02  0.00000E+00  0.34181E+02  0.87171E+01  0.16560E+02  0.60189E+00   5201  0.00000E+00      0.000
     651.0000  0.14732E+00  0.00000E+00  0.99840E-31  0.00000E+00 -0.20266E-05 -0.11597E+02  0.12173E+03 -0.15958E+02  0.39943E+02 -0.28197E-02 -0.10000E+07 -0.79563E+03 -0.17868E+02  0.00000E+00  0.34181E+02  0.87171E+01  0.16560E+02  0.60189E+00   5203  0.00000E+00      0.000
     652.0000  0.15494E+00  0.00000E+00  0.99840E-31  0.00000E+00 -0.19968E-05 -0.11442E+02  0.12173E+03 -0.15958E+02  0.39943E+02 -0.28217E-02 -0.10000E+07 -0.79563E+03 -0.17870E+02  0.00000E+00  0.34181E+02  0.87171E+01  0.16560E+02  0.60189E+00   5205  0.00000E+00      0.000
     653.0000  0.30480E+00  0.00000E+00  0.99840E-31  0.00000E+00 -0.19968E-05 -0.11137E+02  0.12173E+03 -0.15958E+02  0.39943E+02 -0.28237E-02 -0.10000E+07 -0.79563E+03 -0.17872E+02  0.00000E+00  0.34181E+02  0.87171E+01  0.16560E+02  0.60189E+00   5207  0.00000E+00      0.000
     654.0000  0.23368E+00  0.00000E+00  0.99840E-31  0.00000E+00 -0.19968E-05 -0.10903E+02  0.12173E+03 -0.15958E+02  0.39943E+02 -0.28257E-02 -0.10000E+07 -0.79563E+03 -0.17874E+02  0.00000E+00  0.34181E+02  0.87171E+01  0.16560E+02  0.60189E+00   5209  0.00000E+00      0.000
     655.0000  0.25908E+00  0.00000E+00  0.99840E-31  0.00000E+00 -0.19968E-05 -0.10644E+02  0.12173E+03 -0.15958E+02  0.39943E+02 -0.28277E-02 -0.10000E+07 -0.79563E+03 -0.17876E+02  0.00000E+00  0.34181E+02  0.87171E+01  0.16560E+02  0.60189E+00   5211  0.00000E+00      0.000
     656.0000  0.13716E+00  0.00000E+00  0.99840E-31  0.00000E+00 -0.19968E-05 -0.10507E+02  0.12173E+03 -0.15958E+02  0.39943E+02 -0.28297E-02 -0.10000E+07 -0.79563E+03 -0.17878E+02  0.00000E+00  0.34181E+02  0.87171E+01  0.16560E+02  0.60189E+00   5213  0.00000E+00      0.000
     657.0000  0.25654E+00  0.00000E+00  0.99840E-31  0.00000E+00 -0.19968E-05 -0.10251E+02  0.12173E+03 -0.15958E+02  0.39943E+02 -0.28317E-02 -0.10000E+07 -0.79563E+03 -0.17880E+02  0.00000E+00  0.34181E+02  0.87171E+01  0.16560E+02  0.60189E+00   5215  0.00000E+00      0.000
     658.0000  0.48768E+00  0.00000E+00  0.99840E-31  0.00000E+00 -0.19968E-05 -0.97629E+01  0.12173E+03 -0.15958E+02  0.39943E+02 -0.28337E-02 -0.10000E+07 -0.79563E+03 -0.17882E+02  0.00000E+00  0.34181E+02  0.87171E+01  0.16560E+02  0.60189E+00   5217  0.00000E+00      0.000
     659.0000  0.40640E+00  0.00000E+00  0.99840E-31  0.00000E+00 -0.19670E-05 -0.93565E+01  0.12173E+03 -0.15958E+02  0.39943E+02 -0.28357E-02 -0.10000E+07 -0.79563E+03 -0.17884E+02  0.00000E+00  0.34181E+02  0.87171E+01  0.16560E+02  0.60189E+00   5219  0.00000E+00      0.000
     660.0000  0.20066E+00  0.00000E+00  0.99840E-31  0.00000E+00 -0.19670E-05 -0.91559E+01  0.12173E+03 -0.15958E+02  0.39943E+02 -0.28376E-02 -0.10000E+07 -0.79563E+03 -0.17886E+02  0.00000E+00  0.34181E+02  0.87171E+01  0.16560E+02  0.60189E+00   5221  0.00000E+00      0.000
     661.0000  0.17272E+00  0.00000E+00  0.99840E-31  0.00000E+00 -0.19670E-05 -0.89831E+01  0.12173E+03 -0.15958E+02  0.39943E+02 -0.28396E-02 -0.10000E+07 -0.79563E+03 -0.17888E+02  0.00000E+00  0.34181E+02  0.87171E+01  0.16560E+02  0.60189E+00   5223  0.00000E+00      0.000
     662.0000  0.25400E+00  0.00000E+00  0.99840E-31  0.00000E+00 -0.19670E-05 -0.87291E+01  0.12173E+03 -0.15958E+02  0.39943E+02 -0.28416E-02 -0.10000E+07 -0.79563E+03 -0.17890E+02  0.00000E+00  0.34181E+02  0.87171E+01  0.16560E+02  0.60189E+00   5225  0.00000E+00      0.000
     663.0000  0.16510E+00  0.00000E+00  0.99840E-31  0.00000E+00 -0.19670E-05 -0.85640E+01  0.12173E+03 -0.15958E+02  0.39943E+02 -0.28435E-02 -0.10000E+07 -0.79563E+03 -0.17892E+02  0.00000E+00  0.34181E+02  0.87170E+01  0.16560E+02  0.60189E+00   5227  0.00000E+00      0.000
     664.0000  0.10668E+00  0.00000E+00  0.99840E-31  0.00000E+00 -0.19670E-05 -0.84574E+01  0.12173E+03 -0.15958E+02  0.39943E+02 -0.28455E-02 -0.10000E+07 -0.79563E+03 -0.17894E+02  0.00000E+00  0.34181E+02  0.87170E+01  0.16560E+02  0.60189E+00   5229  0.00000E+00      0.000
     665.0000  0.27686E+00  0.00000E+00  0.99840E-31  0.00000E+00 -0.19670E-05 -0.81805E+01  0.12173E+03 -0.15958E+02  0.39943E+02 -0.28475E-02 -0.10000E+07 -0.79563E+03 -0.17896E+02  0.00000E+00  0.34181E+02  0.87170E+01  0.16560E+02  0.60189E+00   5231  0.00000E+00      0.000
     666.0000  0.32766E+00  0.00000E+00  0.99840E-31  0.00000E+00 -0.19670E-05 -0.78528E+01  0.12173E+03 -0.15958E+02  0.39943E+02 -0.28494E-02 -0.10000E+07 -0.79563E+03 -0.17898E+02  0.00000E+00  0.34181E+02  0.87170E+01  0.16560E+02  0.60189E+00   5233  0.00000E+00      0.000
     667.0000  0.21336E+00  0.00000E+00  0.99840E-31  0.00000E+00 -0.19372E-05 -0.76395E+01  0.12173E+03 -0.15958E+02  0.39943E+02 -0.28514E-02 -0.10000E+07 -0.79563E+03 -0.17900E+02  0.00000E+00  0.34181E+02  0.87170E+01  0.16560E+02  0.60189E+00   5235  0.00000E+00      0.000
     668.0000  0.81280E-01  0.00000E+00  0.99840E-31  0.00000E+00 -0.19372E-05 -0.75582E+01  0.12173E+03 -0.15958E+02  0.39943E+02 -0.28533E-02 -0.10000E+07 -0.79563E+03 -0.17902E+02  0.00000E+00  0.34181E+02  0.87170E+01  0.16560E+02  0.60189E+00   5237  0.00000E+00      0.000
     669.0000  0.17526E+00  0.00000E+00  0.99840E-31  0.00000E+00 -0.19372E-05 -0.73829E+01  0.12173E+03 -0.15958E+02  0.39943E+02 -0.28552E-02 -0.10000E+07 -0.79563E+03 -0.17904E+02  0.00000E+00  0.34181E+02  0.87170E+01  0.16560E+02  0.60189E+00   5239  0.00000E+00      0.000
     670.0000  0.14732E+00  0.00000E+00  0.99840E-31  0.00000E+00 -0.19372E-05 -0.72356E+01  0.12173E+03 -0.15958E+02  0.39943E+02 -0.28572E-02 -0.10000E+07 -0.79563E+03 -0.17906E+02  0.00000E+00  0.34181E+02  0.87170E+01  0.16560E+02  0.60189E+00   5241  0.00000E+00      0.000
     671.0000  0.17018E+00  0.00000E+00  0.99840E-31  0.00000E+00 -0.19372E-05 -0.70654E+01  0.12173E+03 -0.15958E+02  0.39943E+02 -0.28591E-02 -0.10000E+07 -0.79563E+03 -0.17908E+02  0.00000E+00  0.34181E+02  0.87170E+01  0.16560E+02  0.60189E+00   5243  0.00000E+00      0.000
     672.0000  0.21082E+00  0.00000E+00  0.99840E-31  0.00000E+00 -0.19372E-05 -0.68546E+01  0.12173E+03 -0.15958E+02  0.39943E+02 -0.28611E-02 -0.10000E+07 -0.79563E+03 -0.17910E+02  0.00000E+00  0.34181E+02  0.87170E+01  0.16560E+02  0.60189E+00   5245  0.00000E+00      0.000
     673.0000  0.10160E+00  0.00000E+00  0.99840E-31  0.00000E+00 -0.19073E-05 -0.67530E+01  0.12173E+03 -0.15958E+02  0.39943E+02 -0.28630E-02 -0.10000E+07 -0.79563E+03 -0.17912E+02  0.00000E+00  0.34181E+02  0.87170E+01  0.16560E+02  0.60189E+00   5247  0.00000E+00      0.000
     674.0000  0.21844E+00  0.00000E+00  0.99840E-31  0.00000E+00 -0.19073E-05 -0.65346E+01  0.12173E+03 -0.15958E+02  0.39943E+02 -0.28649E-02 -0.10000E+07 -0.79563E+03 -0.17914E+02  0.00000E+00  0.34181E+02  0.87170E+01  0.16560E+02  0.60189E+00   5249  0.00000E+00      0.000
     675.0000  0.78740E-01  0.00000E+00  0.99840E-31  0.00000E+00 -0.19073E-05 -0.64558E+01  0.12173E+03 -0.15958E+02  0.39943E+02 -0.28668E-02 -0.10000E+07 -0.79563E+03 -0.17916E+02  0.00000E+00  0.34181E+02  0.87170E+01  0.16560E+02  0.60189E+00   5251  0.00000E+00      0.000
     676.0000  0.15240E+00  0.00000E+00  0.99840E-31  0.00000E+00 -0.19073E-05 -0.63034E+01  0.12173E+03 -0.15958E+02  0.39943E+02 -0.28687E-02 -0.10000E+07 -0.79563E+03 -0.17918E+02  0.00000E+00  0.34181E+02  0.87170E+01  0.16560E+02  0.60189E+00   5253  0.00000E+00      0.000
     677.0000  0.28702E+00  0.00000E+00  0.99840E-31  0.00000E+00 -0.19073E-05 -0.60164E+01  0.12173E+03 -0.15958E+02  0.39943E+02 -0.28706E-02 -0.10000E+07 -0.79563E+03 -0.17920E+02  0.00000E+00  0.34181E+02  0.87170E+01  0.16560E+02  0.60189E+00   5255  0.00000E+00      0.000
     678.0000  0.25146E+00  0.00000E+00  0.99840E-31  0.00000E+00 -0.19073E-05 -0.57650E+01  0.12173E+03 -0.15958E+02  0.39943E+02 -0.28725E-02 -0.10000E+07 -0.79563E+03 -0.17921E+02  0.00000E+00  0.34181E+02  0.87170E+01  0.16560E+02  0.60189E+00   5257  0.00000E+00      0.000
     679.0000  0.11176E+00  0.00000E+00  0.99840E-31  0.00000E+00 -0.19073E-05 -0.56532E+01  0.12173E+03 -0.15958E+02  0.39943E+02 -0.28744E-02 -0.10000E+07 -0.79563E+03 -0.17923E+02  0.00000E+00  0.34181E+02  0.87170E+01  0.16560E+02  0.60189E+00   5259  0.00000E+00      0.000
     680.0000  0.10414E+00  0.00000E+00  0.99840E-31  0.00000E+00 -0.19073E-05 -0.55491E+01  0.12173E+03 -0.15958E+02  0.39943E+02 -0.28763E-02 -0.10000E+07 -0.79563E+03 -0.17925E+02  0.00000E+00  0.34181E+02  0.87170E+01  0.16560E+02  0.60189E+00   5261  0.00000E+00      0.000
     681.0000  0.18542E+00  0.00000E+00  0.99840E-31  0.00000E+00 -0.18775E-05 -0.53636E+01  0.12173E+03 -0.15958E+02  0.39943E+02 -0.28782E-02 -0.10000E+07 -0.79563E+03 -0.17927E+02  0.00000E+00  0.34181E+02  0.87170E+01  0.16560E+02  0.60189E+00   5263  0.00000E+00      0.000
     682.0000  0.18288E+00  0.00000E+00  0.99840E-31  0.00000E+00 -0.18775E-05 -0.51808E+01  0.12173E+03 -0.15958E+02  0.39943E+02 -0.28801E-02 -0.10000E+07 -0.79563E+03 -0.17929E+02  0.00000E+00  0.34181E+02  0.87170E+01  0.16560E+02  0.60189E+00   5265  0.00000E+00      0.000
     683.0000  0.27940E+00  0.00000E+00  0.99840E-31  0.00000E+00 -0.18775E-05 -0.49014E+01  0.12173E+03 -0.15958E+02  0.39943E+02 -0.28820E-02 -0.10000E+07 -0.79563E+03 -0.17931E+02  0.00000E+00  0.34181E+02  0.87170E+01  0.16560E+02  0.60189E+00   5267  0.00000E+00      0.000
     684.0000  0.24130E+00  0.00000E+00  0.99840E-31  0.00000E+00 -0.18775E-05 -0.46601E+01  0.12173E+03 -0.15958E+02  0.39943E+02 -0.28838E-02 -0.10000E+07 -0.79563E+03 -0.17933E+02  0.00000E+00  0.34181E+02  0.87170E+01  0.16560E+02  0.60189E+00   5269  0.00000E+00      0.000
     685.0000  0.68580E-01  0.00000E+00  0.99840E-31  0.00000E+00 -0.18775E-05 -0.45915E+01  0.12173E+03 -0.15958E+02  0.39943E+02 -0.28857E-02 -0.10000E+07 -0.79563E+03 -0.17935E+02  0.00000E+00  0.34181E+02  0.87170E+01  0.16560E+02  0.60189E+00   5271  0.00000E+00      0.000
     686.0000  0.14986E+00  0.00000E+00  0.99840E-31  0.00000E+00 -0.18775E-05 -0.44416E+01  0.12173E+03 -0.15958E+02  0.39943E+02 -0.28876E-02 -0.10000E+07 -0.79563E+03 -0.17937E+02  0.00000E+00  0.34181E+02  0.87170E+01  0.16560E+02  0.60189E+00   5273  0.00000E+00      0.000
     687.0000  0.31750E+00  0.00000E+00  0.99840E-31  0.00000E+00 -0.18775E-05 -0.41241E+01  0.12173E+03 -0.15958E+02  0.39943E+02 -0.28895E-02 -0.10000E+07 -0.79563E+03 -0.17939E+02  0.00000E+00  0.34181E+02  0.87170E+01  0.16560E+02  0.60189E+00   5275  0.00000E+00      0.000
     688.0000  0.13462E+00  0.00000E+00  0.99840E-31  0.00000E+00 -0.18477E-05 -0.39895E+01  0.12173E+03 -0.15958E+02  0.39943E+02 -0.28913E-02 -0.10000E+07 -0.79563E+03 -0.17941E+02  0.00000E+00  0.34181E+02  0.87170E+01  0.16560E+02  0.60189E+00   5277  0.00000E+00      0.000
     689.0000  0.40640E-01  0.00000E+00  0.99840E-31  0.00000E+00 -0.18477E-05 -0.39489E+01  0.12173E+03 -0.15958E+02  0.39943E+02 -0.28932E-02 -0.10000E+07 -0.79563E+03 -0.17942E+02  0.00000E+00  0.34181E+02  0.87170E+01  0.16560E+02  0.60189E+00   5279  0.00000E+00      0.000
     690.0000  0.30480E-01  0.00000E+00  0.99840E-31  0.00000E+00 -0.18477E-05 -0.39184E+01  0.12173E+03 -0.15958E+02  0.39943E+02 -0.28950E-02 -0.10000E+07 -0.79563E+03 -0.17944E+02  0.00000E+00  0.34181E+02  0.87170E+01  0.16560E+02  0.60189E+00   5281  0.00000E+00      0.000
     691.0000  0.40640E-01  0.00000E+00  0.99840E-31  0.00000E+00 -0.18477E-05 -0.38777E+01  0.12173E+03 -0.15958E+02  0.39943E+02 -0.28969E-02 -0.10000E+07 -0.79563E+03 -0.17946E+02  0.00000E+00  0.34181E+02  0.87170E+01  0.16560E+02  0.60189E+00   5283  0.00000E+00      0.000
     692.0000  0.12700E-01  0.00000E+00  0.99840E-31  0.00000E+00 -0.18477E-05 -0.38650E+01  0.12173E+03 -0.15958E+02  0.39943E+02 -0.28987E-02 -0.10000E+07 -0.79563E+03 -0.17948E+02  0.00000E+00  0.34181E+02  0.87170E+01  0.16560E+02  0.60189E+00   5285  0.00000E+00      0.000
     693.0000  0.20320E-01  0.00000E+00  0.99840E-31  0.00000E+00 -0.18477E-05 -0.38447E+01  0.12173E+03 -0.15958E+02  0.39943E+02 -0.29006E-02 -0.10000E+07 -0.79563E+03 -0.17950E+02  0.00000E+00  0.34181E+02  0.87170E+01  0.16560E+02  0.60189E+00   5287  0.00000E+00      0.000
     694.0000  0.17780E-01  0.00000E+00  0.99840E-31  0.00000E+00 -0.18477E-05 -0.38269E+01  0.12173E+03 -0.15958E+02  0.39943E+02 -0.29024E-02 -0.10000E+07 -0.79563E+03 -0.17952E+02  0.00000E+00  0.34181E+02  0.87170E+01  0.16560E+02  0.60189E+00   5289  0.00000E+00      0.000
     695.0000  0.17780E-01  0.00000E+00  0.99840E-31  0.00000E+00 -0.18477E-05 -0.38092E+01  0.12173E+03 -0.15958E+02  0.39943E+02 -0.29043E-02 -0.10000E+07 -0.79563E+03 -0.17954E+02  0.00000E+00  0.34181E+02  0.87170E+01  0.16560E+02  0.60189E+00   5291  0.00000E+00      0.000
     696.0000  0.76200E-01  0.00000E+00  0.99840E-31  0.00000E+00 -0.18179E-05 -0.37330E+01  0.12173E+03 -0.15958E+02  0.39943E+02 -0.29061E-02 -0.10000E+07 -0.79563E+03 -0.17956E+02  0.00000E+00  0.34181E+02  0.87170E+01  0.16560E+02  0.60189E+00   5293  0.00000E+00      0.000
     697.0000  0.22860E-01  0.00000E+00  0.99840E-31  0.00000E+00 -0.18179E-05 -0.37101E+01  0.12173E+03 -0.15958E+02  0.39943E+02 -0.29079E-02 -0.10000E+07 -0.79563E+03 -0.17957E+02  0.00000E+00  0.34181E+02  0.87170E+01  0.16560E+02  0.60189E+00   5295  0.00000E+00      0.000
     698.0000  0.40640E-01  0.00000E+00  0.99840E-31  0.00000E+00 -0.18179E-05 -0.36695E+01  0.12173E+03 -0.15958E+02  0.39943E+02 -0.29097E-02 -0.10000E+07 -0.79563E+03 -0.17959E+02  0.00000E+00  0.34181E+02  0.87170E+01  0.16560E+02  0.60189E+00   5297  0.00000E+00      0.000
     699.0000  0.17780E-01  0.00000E+00  0.99840E-31  0.00000E+00 -0.18179E-05 -0.36517E+01  0.12173E+03 -0.15958E+02  0.39943E+02 -0.29115E-02 -0.10000E+07 -0.79563E+03 -0.17961E+02  0.00000E+00  0.34181E+02  0.87170E+01  0.16560E+02  0.60189E+00   5299  0.00000E+00      0.000
     700.0000  0.11938E+00  0.00000E+00  0.99840E-31  0.00000E+00 -0.18179E-05 -0.35323E+01  0.12173E+03 -0.15958E+02  0.39943E+02 -0.29134E-02 -0.10000E+07 -0.79563E+03 -0.17963E+02  0.00000E+00  0.34181E+02  0.87170E+01  0.16560E+02  0.60189E+00   5301  0.00000E+00      0.000
     701.0000  0.33020E-01  0.00000E+00  0.99840E-31  0.00000E+00 -0.18179E-05 -0.34993E+01  0.12173E+03 -0.15958E+02  0.39943E+02 -0.29152E-02 -0.10000E+07 -0.79563E+03 -0.17965E+02  0.00000E+00  0.34181E+02  0.87170E+01  0.16560E+02  0.60189E+00   5303  0.00000E+00      0.000
     702.0000  0.81280E-01  0.00000E+00  0.99840E-31  0.00000E+00 -0.18179E-05 -0.34180E+01  0.12173E+03 -0.15958E+02  0.39943E+02 -0.29170E-02 -0.10000E+07 -0.79563E+03 -0.17967E+02  0.00000E+00  0.34181E+02  0.87170E+01  0.16560E+02  0.60189E+00   5305  0.00000E+00      0.000
     703.0000  0.15748E+00  0.00000E+00  0.99840E-31  0.00000E+00 -0.17881E-05 -0.32605E+01  0.12173E+03 -0.15958E+02  0.39943E+02 -0.29188E-02 -0.10000E+07 -0.79563E+03 -0.17969E+02  0.00000E+00  0.34181E+02  0.87170E+01  0.16560E+02  0.60189E+00   5307  0.00000E+00      0.000
     704.0000  0.48260E-01  0.00000E+00  0.99840E-31  0.00000E+00 -0.17881E-05 -0.32123E+01  0.12173E+03 -0.15958E+02  0.39943E+02 -0.29206E-02 -0.10000E+07 -0.79563E+03 -0.17970E+02  0.00000E+00  0.34181E+02  0.87170E+01  0.16560E+02  0.60189E+00   5309  0.00000E+00      0.000
     705.0000  0.18034E+00  0.00000E+00  0.99840E-31  0.00000E+00 -0.17881E-05 -0.30319E+01  0.12173E+03 -0.15958E+02  0.39943E+02 -0.29224E-02 -0.10000E+07 -0.79563E+03 -0.17972E+02  0.00000E+00  0.34181E+02  0.87170E+01  0.16560E+02  0.60189E+00   5311  0.00000E+00      0.000
     706.0000  0.28956E+00  0.00000E+00  0.99840E-31  0.00000E+00 -0.17881E-05 -0.27424E+01  0.12173E+03 -0.15958E+02  0.39943E+02 -0.29242E-02 -0.10000E+07 -0.79563E+03 -0.17974E+02  0.00000E+00  0.34181E+02  0.87170E+01  0.16560E+02  0.60189E+00   5313  0.00000E+00      0.000
     707.0000  0.36576E+00  0.00000E+00  0.99840E-31  0.00000E+00 -0.17881E-05 -0.23766E+01  0.12173E+03 -0.15958E+02  0.39943E+02 -0.29259E-02 -0.10000E+07 -0.79563E+03 -0.17976E+02  0.00000E+00  0.34181E+02  0.87170E+01  0.16560E+02  0.60189E+00   5315  0.00000E+00      0.000
     708.0000  0.12954E+00  0.00000E+00  0.99840E-31  0.00000E+00 -0.17881E-05 -0.22471E+01  0.12173E+03 -0.15958E+02  0.39943E+02 -0.29277E-02 -0.10000E+07 -0.79563E+03 -0.17978E+02  0.00000E+00  0.34181E+02  0.87170E+01  0.16560E+02  0.60189E+00   5317  0.00000E+00      0.000
     709.0000  0.58420E-01  0.00000E+00  0.99840E-31  0.00000E+00 -0.17881E-05 -0.21886E+01  0.12173E+03 -0.15958E+02  0.39943E+02 -0.29295E-02 -0.10000E+07 -0.79563E+03 -0.17979E+02  0.00000E+00  0.34181E+02  0.87170E+01  0.16560E+02  0.60189E+00   5319  0.00000E+00      0.000
     710.0000  0.68580E-01  0.00000E+00  0.99840E-31  0.00000E+00 -0.17881E-05 -0.21201E+01  0.12173E+03 -0.15958E+02  0.39943E+02 -0.29313E-02 -0.10000E+07 -0.79563E+03 -0.17981E+02  0.00000E+00  0.34181E+02  0.87170E+01  0.16560E+02  0.60189E+00   5321  0.00000E+00      0.000
     711.0000  0.10668E+00  0.00000E+00  0.99840E-31  0.00000E+00 -0.17881E-05 -0.20134E+01  0.12173E+03 -0.15958E+02  0.39943E+02 -0.29331E-02 -0.10000E+07 -0.79563E+03 -0.17983E+02  0.00000E+00  0.34181E+02  0.87170E+01  0.16560E+02  0.60189E+00   5323  0.00000E+00      0.000
     712.0000  0.55880E-01  0.00000E+00  0.99840E-31  0.00000E+00 -0.17583E-05 -0.19575E+01  0.12173E+03 -0.15958E+02  0.39943E+02 -0.29349E-02 -0.10000E+07 -0.79563E+03 -0.17985E+02  0.00000E+00  0.34181E+02  0.87170E+01  0.16560E+02  0.60189E+00   5325  0.00000E+00      0.000
     713.0000  0.13462E+00  0.00000E+00  0.99840E-31  0.00000E+00 -0.17583E-05 -0.18229E+01  0.12173E+03 -0.15958E+02  0.39943E+02 -0.29366E-02 -0.10000E+07 -0.79563E+03 -0.17987E+02  0.00000E+00  0.34181E+02  0.87170E+01  0.16560E+02  0.60189E+00   5327  0.00000E+00      0.000
     714.0000  0.18542E+00  0.00000E+00  0.99840E-31  0.00000E+00 -0.17583E-05 -0.16375E+01  0.12173E+03 -0.15958E+02  0.39943E+02 -0.29384E-02 -0.10000E+07 -0.79563E+03 -0.17988E+02  0.00000E+00  0.34181E+02  0.87170E+01  0.16560E+02  0.60189E+00   5329  0.00000E+00      0.000
     715.0000  0.10922E+00  0.00000E+00  0.99840E-31  0.00000E+00 -0.17583E-05 -0.15282E+01  0.12173E+03 -0.15958E+02  0.39943E+02 -0.29401E-02 -0.10000E+07 -0.79563E+03 -0.17990E+02  0.00000E+00  0.34181E+02  0.87170E+01  0.16560E+02  0.60189E+00   5331  0.00000E+00      0.000
     716.0000  0.58420E-01  0.00000E+00  0.99840E-31  0.00000E+00 -0.17583E-05 -0.14698E+01  0.12173E+03 -0.15958E+02  0.39943E+02 -0.29419E-02 -0.10000E+07 -0.79563E+03 -0.17992E+02  0.00000E+00  0.34181E+02  0.87170E+01  0.16560E+02  0.60189E+00   5333  0.00000E+00      0.000
     717.0000  0.20320E-01  0.00000E+00  0.99840E-31  0.00000E+00 -0.17583E-05 -0.14495E+01  0.12173E+03 -0.15958E+02  0.39943E+02 -0.29437E-02 -0.10000E+07 -0.79563E+03 -0.17994E+02  0.00000E+00  0.34181E+02  0.87169E+01  0.16560E+02  0.60189E+00   5335  0.00000E+00      0.000
     718.0000  0.17272E+00  0.00000E+00  0.99840E-31  0.00000E+00 -0.17583E-05 -0.12768E+01  0.12173E+03 -0.15958E+02  0.39943E+02 -0.29454E-02 -0.10000E+07 -0.79563E+03 -0.17996E+02  0.00000E+00  0.34181E+02  0.87169E+01  0.16560E+02  0.60189E+00   5337  0.00000E+00      0.000
     719.0000  0.12192E+00  0.00000E+00  0.99840E-31  0.00000E+00 -0.17583E-05 -0.11549E+01  0.12173E+03 -0.15958E+02  0.39943E+02 -0.29472E-02 -0.10000E+07 -0.79563E+03 -0.17997E+02  0.00000E+00  0.34181E+02  0.87169E+01  0.16560E+02  0.60189E+00   5339  0.00000E+00      0.000
     720.0000  0.21844E+00  0.00000E+00  0.99840E-31  0.00000E+00 -0.17285E-05 -0.93642E+00  0.12173E+03 -0.15958E+02  0.39943E+02 -0.29489E-02 -0.10000E+07 -0.79563E+03 -0.17999E+02  0.00000E+00  0.34181E+02  0.87169E+01  0.16560E+02  0.60189E+00   5341  0.00000E+00      0.000
     721.0000  0.25146E+00  0.00000E+00  0.99840E-31  0.00000E+00 -0.17285E-05 -0.68496E+00  0.12173E+03 -0.15958E+02  0.39943E+02 -0.29506E-02 -0.10000E+07 -0.79563E+03 -0.18001E+02  0.00000E+00  0.34181E+02  0.87169E+01  0.16560E+02  0.60189E+00   5343  0.00000E+00      0.000
     722.0000  0.17272E+00  0.00000E+00  0.99840E-31  0.00000E+00 -0.17285E-05 -0.51224E+00  0.12173E+03 -0.15958E+02  0.39943E+02 -0.29524E-02 -0.10000E+07 -0.79563E+03 -0.18003E+02  0.00000E+00  0.34181E+02  0.87169E+01  0.16560E+02  0.60189E+00   5345  0.00000E+00      0.000
     723.0000  0.19812E+00  0.00000E+00  0.99840E-31  0.00000E+00 -0.17285E-05 -0.31412E+00  0.12173E+03 -0.15958E+02  0.39943E+02 -0.29541E-02 -0.10000E+07 -0.79563E+03 -0.18004E+02  0.00000E+00  0.34181E+02  0.87169E+01  0.16560E+02  0.60189E+00   5347  0.00000E+00      0.000
     724.0000  0.18796E+00  0.00000E+00  0.99840E-31  0.00000E+00 -0.17285E-05 -0.12616E+00  0.12173E+03 -0.15958E+02  0.39943E+02 -0.29558E-02 -0.10000E+07 -0.79563E+03 -0.18006E+02  0.00000E+00  0.34181E+02  0.87169E+01  0.16560E+02  0.60189E+00   5349  0.00000E+00      0.000
     725.0000  0.20320E+00  0.00000E+00  0.99840E-31  0.00000E+00 -0.17285E-05  0.77038E-01  0.12173E+03 -0.15958E+02  0.39943E+02 -0.29576E-02 -0.10000E+07 -0.79563E+03 -0.18008E+02  0.00000E+00  0.34181E+02  0.87169E+01  0.16560E+02  0.60189E+00   5351  0.00000E+00      0.000
     726.0000  0.21844E+00  0.00000E+00  0.99840E-31  0.00000E+00 -0.17285E-05  0.29548E+00  0.12173E+03 -0.15958E+02  0.39943E+02 -0.29593E-02 -0.10000E+07 -0.79563E+03 -0.18010E+02  0.00000E+00  0.34181E+02  0.87169E+01  0.16560E+02  0.60189E+00   5353  0.00000E+00      0.000
     727.0000  0.17526E+00  0.00000E+00  0.99840E-31  0.00000E+00 -0.17285E-05  0.47074E+00  0.12173E+03 -0.15958E+02  0.39943E+02 -0.29610E-02 -0.10000E+07 -0.79563E+03 -0.18011E+02  0.00000E+00  0.34181E+02  0.87169E+01  0.16560E+02  0.60189E+00   5355  0.00000E+00      0.000
     728.0000  0.20574E+00  0.00000E+00  0.99840E-31  0.00000E+00 -0.16987E-05  0.67648E+00  0.12173E+03 -0.15958E+02  0.39943E+02 -0.29627E-02 -0.10000E+07 -0.79563E+03 -0.18013E+02  0.00000E+00  0.34181E+02  0.87169E+01  0.16560E+02  0.60189E+00   5357  0.00000E+00      0.000
     729.0000  0.78740E-01  0.00000E+00  0.99840E-31  0.00000E+00 -0.16987E-05  0.75522E+00  0.12173E+03 -0.15958E+02  0.39943E+02 -0.29644E-02 -0.10000E+07 -0.79563E+03 -0.18015E+02  0.00000E+00  0.34181E+02  0.87169E+01  0.16560E+02  0.60189E+00   5359  0.00000E+00      0.000
     730.0000  0.15240E-01  0.00000E+00  0.99840E-31  0.00000E+00 -0.16987E-05  0.77046E+00  0.12173E+03 -0.15958E+02  0.39943E+02 -0.29661E-02 -0.10000E+07 -0.79563E+03 -0.18017E+02  0.00000E+00  0.34181E+02  0.87169E+01  0.16560E+02  0.60189E+00   5361  0.00000E+00      0.000
     731.0000  0.00000E+00  0.00000E+00  0.99840E-31  0.00000E+00 -0.16987E-05  0.77046E+00  0.12173E+03 -0.15958E+02  0.39943E+02 -0.29678E-02 -0.10000E+07 -0.79563E+03 -0.18018E+02  0.00000E+00  0.34181E+02  0.87169E+01  0.16560E+02  0.60189E+00   5363  0.00000E+00      0.000
     732.0000  0.12700E-01  0.00000E+00  0.99840E-31  0.00000E+00 -0.16987E-05  0.78316E+00  0.12173E+03 -0.15958E+02  0.39943E+02 -0.29695E-02 -0.10000E+07 -0.79563E+03 -0.18020E+02  0.00000E+00  0.34181E+02  0.87169E+01  0.16560E+02  0.60189E+00   5365  0.00000E+00      0.000
     733.0000  0.12700E-01  0.00000E+00  0.99840E-31  0.00000E+00 -0.16987E-05  0.79586E+00  0.12173E+03 -0.15958E+02  0.39943E+02 -0.29712E-02 -0.10000E+07 -0.79563E+03 -0.18022E+02  0.00000E+00  0.34181E+02  0.87169E+01  0.16560E+02  0.60189E+00   5367  0.00000E+00      0.000
     734.0000  0.12700E-01  0.00000E+00  0.99840E-31  0.00000E+00 -0.16987E-05  0.80856E+00  0.12173E+03 -0.15958E+02  0.39943E+02 -0.29729E-02 -0.10000E+07 -0.79563E+03 -0.18024E+02  0.00000E+00  0.34181E+02  0.87169E+01  0.16560E+02  0.60189E+00   5369  0.00000E+00      0.000
     735.0000  0.10160E-01  0.00000E+00  0.99840E-31  0.00000E+00 -0.16987E-05  0.81872E+00  0.12173E+03 -0.15958E+02  0.39943E+02 -0.29746E-02 -0.10000E+07 -0.79563E+03 -0.18025E+02  0.00000E+00  0.34181E+02  0.87169E+01  0.16560E+02  0.60189E+00   5371  0.00000E+00      0.000
     736.0000  0.50800E-02  0.00000E+00  0.99840E-31  0.00000E+00 -0.16689E-05  0.82380E+00  0.12173E+03 -0.15958E+02  0.39943E+02 -0.29763E-02 -0.10000E+07 -0.79563E+03 -0.18027E+02  0.00000E+00  0.34181E+02  0.87169E+01  0.16560E+02  0.60189E+00   5373  0.00000E+00      0.000
     737.0000  0.15240E-01  0.00000E+00  0.99840E-31  0.00000E+00 -0.16689E-05  0.83904E+00  0.12173E+03 -0.15958E+02  0.39943E+02 -0.29780E-02 -0.10000E+07 -0.79563E+03 -0.18029E+02  0.00000E+00  0.34181E+02  0.87169E+01  0.16560E+02  0.60189E+00   5375  0.00000E+00      0.000
     738.0000  0.71120E-01  0.00000E+00  0.99840E-31  0.00000E+00 -0.16689E-05  0.91016E+00  0.12173E+03 -0.15958E+02  0.39943E+02 -0.29796E-02 -0.10000E+07 -0.79563E+03 -0.18030E+02  0.00000E+00  0.34181E+02  0.87169E+01  0.16560E+02  0.60189E+00   5377  0.00000E+00      0.000
     739.0000  0.10668E+00  0.00000E+00  0.99840E-31  0.00000E+00 -0.16689E-05  0.10168E+01  0.12173E+03 -0.15958E+02  0.39943E+02 -0.29813E-02 -0.10000E+07 -0.79563E+03 -0.18032E+02  0.00000E+00  0.34181E+02  0.87169E+01  0.16560E+02  0.60189E+00   5379  0.00000E+00      0.000
     740.0000  0.66040E-01  0.00000E+00  0.99840E-31  0.00000E+00 -0.16689E-05  0.10829E+01  0.12173E+03 -0.15958E+02  0.39943E+02 -0.29830E-02 -0.10000E+07 -0.79563E+03 -0.18034E+02  0.00000E+00  0.34181E+02  0.87169E+01  0.16560E+02  0.60189E+00   5381  0.00000E+00      0.000
     741.0000  0.19050E+00  0.00000E+00  0.99840E-31  0.00000E+00 -0.16689E-05  0.12734E+01  0.12173E+03 -0.15958E+02  0.39943E+02 -0.29846E-02 -0.10000E+07 -0.79563E+03 -0.18035E+02  0.00000E+00  0.34181E+02  0.87169E+01  0.16560E+02  0.60189E+00   5383  0.00000E+00      0.000
     742.0000  0.45720E-01  0.00000E+00  0.99840E-31  0.00000E+00 -0.16689E-05  0.13191E+01  0.12173E+03 -0.15958E+02  0.39943E+02 -0.29863E-02 -0.10000E+07 -0.79563E+03 -0.18037E+02  0.00000E+00  0.34181E+02  0.87169E+01  0.16560E+02  0.60189E+00   5385  0.00000E+00      0.000
     743.0000  0.22860E-01  0.00000E+00  0.99840E-31  0.00000E+00 -0.16689E-05  0.13420E+01  0.12173E+03 -0.15958E+02  0.39943E+02 -0.29880E-02 -0.10000E+07 -0.79563E+03 -0.18039E+02  0.00000E+00  0.34181E+02  0.87169E+01  0.16560E+02  0.60189E+00   5387  0.00000E+00      0.000
     744.0000  0.55880E-01  0.00000E+00  0.99840E-31  0.00000E+00 -0.16391E-05  0.13978E+01  0.12173E+03 -0.15958E+02  0.39943E+02 -0.29896E-02 -0.10000E+07 -0.79563E+03 -0.18041E+02  0.00000E+00  0.34181E+02  0.87169E+01  0.16560E+02  0.60189E+00   5389  0.00000E+00      0.000
     745.0000  0.10668E+00  0.00000E+00  0.99840E-31  0.00000E+00 -0.16391E-05  0.15045E+01  0.12173E+03 -0.15958E+02  0.39943E+02 -0.29912E-02 -0.10000E+07 -0.79563E+03 -0.18042E+02  0.00000E+00  0.34181E+02  0.87169E+01  0.16560E+02  0.60189E+00   5391  0.00000E+00      0.000
     746.0000  0.12700E+00  0.00000E+00  0.99840E-31  0.00000E+00 -0.16391E-05  0.16315E+01  0.12173E+03 -0.15958E+02  0.39943E+02 -0.29929E-02 -0.10000E+07 -0.79563E+03 -0.18044E+02  0.00000E+00  0.34181E+02  0.87169E+01  0.16560E+02  0.60189E+00   5393  0.00000E+00      0.000
     747.0000  0.20574E+00  0.00000E+00  0.99840E-31  0.00000E+00 -0.16391E-05  0.18373E+01  0.12173E+03 -0.15958E+02  0.39943E+02 -0.29945E-02 -0.10000E+07 -0.79563E+03 -0.18046E+02  0.00000E+00  0.34181E+02  0.87169E+01  0.16560E+02  0.60189E+00   5395  0.00000E+00      0.000
     748.0000  0.40640E-01  0.00000E+00  0.99840E-31  0.00000E+00 -0.16391E-05  0.18779E+01  0.12173E+03 -0.15958E+02  0.39943E+02 -0.29962E-02 -0.10000E+07 -0.79563E+03 -0.18047E+02  0.00000E+00  0.34181E+02  0.87169E+01  0.16560E+02  0.60189E+00   5397  0.00000E+00      0.000
     749.0000  0.20320E-01  0.00000E+00  0.99840E-31  0.00000E+00 -0.16391E-05  0.18982E+01  0.12173E+03 -0.15958E+02  0.39943E+02 -0.29978E-02 -0.10000E+07 -0.79563E+03 -0.18049E+02  0.00000E+00  0.34181E+02  0.87169E+01  0.16560E+02  0.60189E+00   5399  0.00000E+00      0.000
     750.0000  0.17780E-01  0.00000E+00  0.99840E-31  0.00000E+00 -0.16391E-05  0.19160E+01  0.12173E+03 -0.15958E+02  0.39943E+02 -0.29994E-02 -0.10000E+07 -0.79563E+03 -0.18051E+02  0.00000E+00  0.34181E+02  0.87169E+01  0.16560E+02  0.60189E+00   5401  0.00000E+00      0.000
     751.0000  0.55880E-01  0.00000E+00  0.99840E-31  0.00000E+00 -0.16391E-05  0.19719E+01  0.12173E+03 -0.15958E+02  0.39943E+02 -0.30011E-02 -0.10000E+07 -0.79563E+03 -0.18052E+02  0.00000E+00  0.34181E+02  0.87169E+01  0.16560E+02  0.60189E+00   5403  0.00000E+00      0.000
     752.0000  0.14986E+00  0.00000E+00  0.99840E-31  0.00000E+00 -0.16391E-05  0.21217E+01  0.12173E+03 -0.15958E+02  0.39943E+02 -0.30027E-02 -0.10000E+07 -0.79563E+03 -0.18054E+02  0.00000E+00  0.34181E+02  0.87169E+01  0.16560E+02  0.60189E+00   5405  0.00000E+00      0.000
     753.0000  0.45720E-01  0.00000E+00  0.99840E-31  0.00000E+00 -0.16093E-05  0.21675E+01  0.12173E+03 -0.15958E+02  0.39943E+02 -0.30043E-02 -0.10000E+07 -0.79563E+03 -0.18056E+02  0.00000E+00  0.34181E+02  0.87169E+01  0.16560E+02  0.60189E+00   5407  0.00000E+00      0.000
     754.0000  0.15494E+00  0.00000E+00  0.99840E-31  0.00000E+00 -0.16093E-05  0.23224E+01  0.12173E+03 -0.15958E+02  0.39943E+02 -0.30059E-02 -0.10000E+07 -0.79563E+03 -0.18057E+02  0.00000E+00  0.34181E+02  0.87169E+01  0.16560E+02  0.60189E+00   5409  0.00000E+00      0.000
     755.0000  0.27940E-01  0.00000E+00  0.99840E-31  0.00000E+00 -0.16093E-05  0.23503E+01  0.12173E+03 -0.15958E+02  0.39943E+02 -0.30075E-02 -0.10000E+07 -0.79563E+03 -0.18059E+02  0.00000E+00  0.34181E+02  0.87169E+01  0.16560E+02  0.60189E+00   5411  0.00000E+00      0.000
     756.0000  0.33020E-01  0.00000E+00  0.99840E-31  0.00000E+00 -0.16093E-05  0.23834E+01  0.12173E+03 -0.15958E+02  0.39943E+02 -0.30092E-02 -0.10000E+07 -0.79563E+03 -0.18060E+02  0.00000E+00  0.34181E+02  0.87169E+01  0.16560E+02  0.60189E+00   5413  0.00000E+00      0.000
end
