Pcp_File_Version=4
*** BLOCK I: ATMOSPHERIC INFORMATION  **********************************
MaxAL (MaxAL = number of atmospheric data-records)
1462
lDailyVar lSinusVar lLai lBCCycles lInterc 
f f f f f
hCritS (max. allowed pressure head at the soil surface)
1e+30
 tAtm  Prec    rSoil    rRoot    hCritA  rB  hB  ht  tTop  tBot  Ampl  cTop  cBot
    1     0 0.000000 0.000000 1000000.0   0   0   0     0     0     0   0.0   0.0
    2     0 0.071120 0.000000 1000000.0   0   0   0     0     0     0   0.0   0.0
    3     0 0.146198 0.000000 1000000.0   0   0   0     0     0     0   0.0   0.0
    4     0 0.030048 0.000000 1000000.0   0   0   0     0     0     0   0.0   0.0
    5     0 0.020459 0.000000 1000000.0   0   0   0     0     0     0   0.0   0.0
    6     0 0.015731 0.000000 1000000.0   0   0   0     0     0     0   0.0   0.0
    7     0 0.094604 0.000000 1000000.0   0   0   0     0     0     0   0.0   0.0
    8     0 0.086005 0.000000 1000000.0   0   0   0     0     0     0   0.0   0.0
    9     0 0.022074 0.000000 1000000.0   0   0   0     0     0     0   0.0   0.0
   10     0 0.011292 0.000000 1000000.0   0   0   0     0     0     0   0.0   0.0
   11     0 0.078296 0.000000 1000000.0   0   0   0     0     0     0   0.0   0.0
   12     0 0.067209 0.000000 1000000.0   0   0   0     0     0     0   0.0   0.0
   13     0 0.072740 0.000000 1000000.0   0   0   0     0     0     0   0.0   0.0
   14     0 0.023081 0.000000 1000000.0   0   0   0     0     0     0   0.0   0.0
   15     0 0.026189 0.000000 1000000.0   0   0   0     0     0     0   0.0   0.0
   16     0 0.028239 0.000000 1000000.0   0   0   0     0     0     0   0.0   0.0
   17     0 0.048532 0.000000 1000000.0   0   0   0     0     0     0   0.0   0.0
   18     0 0.030226 0.000000 1000000.0   0   0   0     0     0     0   0.0   0.0
   19     0 0.018462 0.000000 1000000.0   0   0   0     0     0     0   0.0   0.0
   20     0 0.032131 0.000000 1000000.0   0   0   0     0     0     0   0.0   0.0
   21     0 0.040404 0.000000 1000000.0   0   0   0     0     0     0   0.0   0.0
   22     0 0.025725 0.000000 1000000.0   0   0   0     0     0     0   0.0   0.0
   23     0 0.025387 0.000000 1000000.0   0   0   0     0     0     0   0.0   0.0
   24     0 0.030956 0.000000 1000000.0   0   0   0     0     0     0   0.0   0.0
   25     0 0.015880 0.000000 1000000.0   0   0   0     0     0     0   0.0   0.0
   26     0 0.015171 0.000000 1000000.0   0   0   0     0     0     0   0.0   0.0
   27     0 0.017987 0.000000 1000000.0   0   0   0     0     0     0   0.0   0.0
   28     0 0.019436 0.000000 1000000.0   0   0   0     0     0     0   0.0   0.0
   29     0 0.031574 0.000000 1000000.0   0   0   0     0     0     0   0.0   0.0
   30     0 0.089494 0.000000 1000000.0   0   0   0     0     0     0   0.0   0.0
   31     0 0.120346 0.000000 1000000.0   0   0   0     0     0     0   0.0   0.0
   32     0 0.033776 0.000000 1000000.0   0   0   0     0     0     0   0.0   0.0
   33     0 0.025173 0.000000 1000000.0   0   0   0     0     0     0   0.0   0.0
   34     0 0.030945 0.000000 1000000.0   0   0   0     0     0     0   0.0   0.0
   35     0 0.101045 0.000000 1000000.0   0   0   0     0     0     0   0.0   0.0
   36     0 0.141796 0.000000 1000000.0   0   0   0     0     0     0   0.0   0.0
   37     0 0.053404 0.000000 1000000.0   0   0   0     0     0     0   0.0   0.0
   38     0 0.199985 0.000000 1000000.0   0   0   0     0     0     0   0.0   0.0
   39     0 0.062883 0.000000 1000000.0   0   0   0     0     0     0   0.0   0.0
   40     0 0.065408 0.000000 1000000.0   0   0   0     0     0     0   0.0   0.0
   41     0 0.109959 0.000000 1000000.0   0   0   0     0     0     0   0.0   0.0
   42     0 0.097785 0.000000 1000000.0   0   0   0     0     0     0   0.0   0.0
   43     0 0.060127 0.000000 1000000.0   0   0   0     0     0     0   0.0   0.0
   44     0 0.071314 0.000000 1000000.0   0   0   0     0     0     0   0.0   0.0
   45     0 0.123319 0.000000 1000000.0   0   0   0     0     0     0   0.0   0.0
   46     0 0.059328 0.000000 1000000.0   0   0   0     0     0     0   0.0   0.0
   47     0 0.064075 0.000000 1000000.0   0   0   0     0     0     0   0.0   0.0
   48     0 0.074903 0.000000 1000000.0   0   0   0     0     0     0   0.0   0.0
   49     0 0.106606 0.000000 1000000.0   0   0   0     0     0     0   0.0   0.0
   50     0 0.230641 0.000000 1000000.0   0   0   0     0     0     0   0.0   0.0
   51     0 0.102372 0.000000 1000000.0   0   0   0     0     0     0   0.0   0.0
   52     0 0.046406 0.000000 1000000.0   0   0   0     0     0     0   0.0   0.0
   53     0 0.041454 0.000000 1000000.0   0   0   0     0     0     0   0.0   0.0
   54     0 0.034315 0.000000 1000000.0   0   0   0     0     0     0   0.0   0.0
   55     0 0.039921 0.000000 1000000.0   0   0   0     0     0     0   0.0   0.0
   56     0 0.051430 0.000000 1000000.0   0   0   0     0     0     0   0.0   0.0
   57     0 0.066884 0.000000 1000000.0   0   0   0     0     0     0   0.0   0.0
   58     0 0.129598 0.000000 1000000.0   0   0   0     0     0     0   0.0   0.0
   59     0 0.172450 0.000000 1000000.0   0   0   0     0     0     0   0.0   0.0
   60     0 0.169475 0.000000 1000000.0   0   0   0     0     0     0   0.0   0.0
   61     0 0.085283 0.000000 1000000.0   0   0   0     0     0     0   0.0   0.0
   62     0 0.076323 0.000000 1000000.0   0   0   0     0     0     0   0.0   0.0
   63     0 0.112317 0.000000 1000000.0   0   0   0     0     0     0   0.0   0.0
   64     0 0.135146 0.000000 1000000.0   0   0   0     0     0     0   0.0   0.0
   65     0 0.089739 0.000000 1000000.0   0   0   0     0     0     0   0.0   0.0
   66     0 0.069841 0.000000 1000000.0   0   0   0     0     0     0   0.0   0.0
   67     0 0.081158 0.000000 1000000.0   0   0   0     0     0     0   0.0   0.0
   68     0 0.062744 0.000000 1000000.0   0   0   0     0     0     0   0.0   0.0
   69     0 0.065977 0.000000 1000000.0   0   0   0     0     0     0   0.0   0.0
   70     0 0.107902 0.000000 1000000.0   0   0   0     0     0     0   0.0   0.0
   71     0 0.293942 0.000000 1000000.0   0   0   0     0     0     0   0.0   0.0
   72     0 0.147656 0.000000 1000000.0   0   0   0     0     0     0   0.0   0.0
   73     0 0.210398 0.000000 1000000.0   0   0   0     0     0     0   0.0   0.0
   74     0 0.215651 0.000000 1000000.0   0   0   0     0     0     0   0.0   0.0
   75     0 0.141073 0.000000 1000000.0   0   0   0     0     0     0   0.0   0.0
   76     0 0.208654 0.000000 1000000.0   0   0   0     0     0     0   0.0   0.0
   77     0 0.205853 0.000000 1000000.0   0   0   0     0     0     0   0.0   0.0
   78     0 0.254037 0.000000 1000000.0   0   0   0     0     0     0   0.0   0.0
   79     0 0.174727 0.000000 1000000.0   0   0   0     0     0     0   0.0   0.0
   80     0 0.200736 0.000000 1000000.0   0   0   0     0     0     0   0.0   0.0
   81     0 0.234454 0.000000 1000000.0   0   0   0     0     0     0   0.0   0.0
   82     0 0.264700 0.000000 1000000.0   0   0   0     0     0     0   0.0   0.0
   83     0 0.326058 0.000000 1000000.0   0   0   0     0     0     0   0.0   0.0
   84     0 0.228158 0.000000 1000000.0   0   0   0     0     0     0   0.0   0.0
   85     0 0.247427 0.000000 1000000.0   0   0   0     0     0     0   0.0   0.0
   86     0 0.294919 0.000000 1000000.0   0   0   0     0     0     0   0.0   0.0
   87     0 0.245435 0.000000 1000000.0   0   0   0     0     0     0   0.0   0.0
   88     0 0.129514 0.000000 1000000.0   0   0   0     0     0     0   0.0   0.0
   89     0 0.219858 0.000000 1000000.0   0   0   0     0     0     0   0.0   0.0
   90     0 0.198228 0.000000 1000000.0   0   0   0     0     0     0   0.0   0.0
   91     0 0.000000 0.226049 1000000.0   0   0   0     0     0     0   0.0   0.0
   92     0 0.000000 0.139528 1000000.0   0   0   0     0     0     0   0.0   0.0
   93     0 0.000000 0.267220 1000000.0   0   0   0     0     0     0   0.0   0.0
   94     0 0.000000 0.238709 1000000.0   0   0   0     0     0     0   0.0   0.0
   95     0 0.000000 0.221895 1000000.0   0   0   0     0     0     0   0.0   0.0
   96     0 0.000000 0.264951 1000000.0   0   0   0     0     0     0   0.0   0.0
   97     0 0.000000 0.263864 1000000.0   0   0   0     0     0     0   0.0   0.0
   98     0 0.000000 0.478049 1000000.0   0   0   0     0     0     0   0.0   0.0
   99     0 0.000000 0.192293 1000000.0   0   0   0     0     0     0   0.0   0.0
  100     0 0.000000 0.122884 1000000.0   0   0   0     0     0     0   0.0   0.0
  101     0 0.000000 0.090034 1000000.0   0   0   0     0     0     0   0.0   0.0
  102     0 0.000000 0.100459 1000000.0   0   0   0     0     0     0   0.0   0.0
  103     0 0.000000 0.147512 1000000.0   0   0   0     0     0     0   0.0   0.0
  104     0 0.000000 0.128996 1000000.0   0   0   0     0     0     0   0.0   0.0
  105     0 0.000000 0.144225 1000000.0   0   0   0     0     0     0   0.0   0.0
  106     0 0.000000 0.089514 1000000.0   0   0   0     0     0     0   0.0   0.0
  107     0 0.000000 0.236988 1000000.0   0   0   0     0     0     0   0.0   0.0
  108     0 0.000000 0.301652 1000000.0   0   0   0     0     0     0   0.0   0.0
  109     0 0.000000 0.303104 1000000.0   0   0   0     0     0     0   0.0   0.0
  110     0 0.000000 0.251787 1000000.0   0   0   0     0     0     0   0.0   0.0
  111     0 0.000000 0.180849 1000000.0   0   0   0     0     0     0   0.0   0.0
  112     0 0.000000 0.213414 1000000.0   0   0   0     0     0     0   0.0   0.0
  113     0 0.000000 0.244136 1000000.0   0   0   0     0     0     0   0.0   0.0
  114     0 0.000000 0.255601 1000000.0   0   0   0     0     0     0   0.0   0.0
  115     0 0.000000 0.395189 1000000.0   0   0   0     0     0     0   0.0   0.0
  116     0 0.000000 0.303953 1000000.0   0   0   0     0     0     0   0.0   0.0
  117     0 0.000000 0.188501 1000000.0   0   0   0     0     0     0   0.0   0.0
  118     0 0.000000 0.211906 1000000.0   0   0   0     0     0     0   0.0   0.0
  119     0 0.000000 0.207160 1000000.0   0   0   0     0     0     0   0.0   0.0
  120     0 0.000000 0.194761 1000000.0   0   0   0     0     0     0   0.0   0.0
  121     0 0.000000 0.242765 1000000.0   0   0   0     0     0     0   0.0   0.0
  122     0 0.000000 0.317028 1000000.0   0   0   0     0     0     0   0.0   0.0
  123     0 0.000000 0.305687 1000000.0   0   0   0     0     0     0   0.0   0.0
  124     0 0.000000 0.348629 1000000.0   0   0   0     0     0     0   0.0   0.0
  125     0 0.000000 0.396207 1000000.0   0   0   0     0     0     0   0.0   0.0
  126     0 0.000000 0.412229 1000000.0   0   0   0     0     0     0   0.0   0.0
  127     0 0.000000 0.220074 1000000.0   0   0   0     0     0     0   0.0   0.0
  128     0 0.000000 0.153471 1000000.0   0   0   0     0     0     0   0.0   0.0
  129     0 0.000000 0.244830 1000000.0   0   0   0     0     0     0   0.0   0.0
  130     0 0.000000 0.265468 1000000.0   0   0   0     0     0     0   0.0   0.0
  131     0 0.000000 0.302664 1000000.0   0   0   0     0     0     0   0.0   0.0
  132     0 0.000000 0.249499 1000000.0   0   0   0     0     0     0   0.0   0.0
  133     0 0.000000 0.374149 1000000.0   0   0   0     0     0     0   0.0   0.0
  134     0 0.000000 0.235222 1000000.0   0   0   0     0     0     0   0.0   0.0
  135     0 0.000000 0.389863 1000000.0   0   0   0     0     0     0   0.0   0.0
  136     0 0.000000 0.396787 1000000.0   0   0   0     0     0     0   0.0   0.0
  137     0 0.000000 0.466252 1000000.0   0   0   0     0     0     0   0.0   0.0
  138     0 0.000000 0.352125 1000000.0   0   0   0     0     0     0   0.0   0.0
  139     0 0.000000 0.362315 1000000.0   0   0   0     0     0     0   0.0   0.0
  140     0 0.000000 0.203433 1000000.0   0   0   0     0     0     0   0.0   0.0
  141     0 0.000000 0.276561 1000000.0   0   0   0     0     0     0   0.0   0.0
  142     0 0.000000 0.336053 1000000.0   0   0   0     0     0     0   0.0   0.0
  143     0 0.000000 0.269859 1000000.0   0   0   0     0     0     0   0.0   0.0
  144     0 0.000000 0.354826 1000000.0   0   0   0     0     0     0   0.0   0.0
  145     0 0.000000 0.516546 1000000.0   0   0   0     0     0     0   0.0   0.0
  146     0 0.000000 0.488714 1000000.0   0   0   0     0     0     0   0.0   0.0
  147     0 0.000000 0.469555 1000000.0   0   0   0     0     0     0   0.0   0.0
  148     0 0.000000 0.256648 1000000.0   0   0   0     0     0     0   0.0   0.0
  149     0 0.000000 0.100235 1000000.0   0   0   0     0     0     0   0.0   0.0
  150     0 0.000000 0.142814 1000000.0   0   0   0     0     0     0   0.0   0.0
  151     0 0.000000 0.348463 1000000.0   0   0   0     0     0     0   0.0   0.0
  152     0 0.000000 0.262149 1000000.0   0   0   0     0     0     0   0.0   0.0
  153     0 0.000000 0.299541 1000000.0   0   0   0     0     0     0   0.0   0.0
  154     0 0.000000 0.284777 1000000.0   0   0   0     0     0     0   0.0   0.0
  155     0 0.000000 0.182990 1000000.0   0   0   0     0     0     0   0.0   0.0
  156     0 0.000000 0.213672 1000000.0   0   0   0     0     0     0   0.0   0.0
  157     0 0.000000 0.311750 1000000.0   0   0   0     0     0     0   0.0   0.0
  158     0 0.000000 0.332231 1000000.0   0   0   0     0     0     0   0.0   0.0
  159     0 0.000000 0.232081 1000000.0   0   0   0     0     0     0   0.0   0.0
  160     0 0.000000 0.495532 1000000.0   0   0   0     0     0     0   0.0   0.0
  161     0 0.000000 0.334529 1000000.0   0   0   0     0     0     0   0.0   0.0
  162     0 0.000000 0.153670 1000000.0   0   0   0     0     0     0   0.0   0.0
  163     0 0.000000 0.175460 1000000.0   0   0   0     0     0     0   0.0   0.0
  164     0 0.000000 0.349017 1000000.0   0   0   0     0     0     0   0.0   0.0
  165     0 0.000000 0.335805 1000000.0   0   0   0     0     0     0   0.0   0.0
  166     0 0.000000 0.475697 1000000.0   0   0   0     0     0     0   0.0   0.0
  167     0 0.000000 0.544448 1000000.0   0   0   0     0     0     0   0.0   0.0
  168     0 0.000000 0.740162 1000000.0   0   0   0     0     0     0   0.0   0.0
  169     0 0.000000 0.485473 1000000.0   0   0   0     0     0     0   0.0   0.0
  170     0 0.000000 0.249662 1000000.0   0   0   0     0     0     0   0.0   0.0
  171     0 0.000000 0.170056 1000000.0   0   0   0     0     0     0   0.0   0.0
  172     0 0.000000 0.423677 1000000.0   0   0   0     0     0     0   0.0   0.0
  173     0 0.000000 0.572611 1000000.0   0   0   0     0     0     0   0.0   0.0
  174     0 0.000000 0.572780 1000000.0   0   0   0     0     0     0   0.0   0.0
  175     0 0.000000 0.504791 1000000.0   0   0   0     0     0     0   0.0   0.0
  176     0 0.000000 0.463907 1000000.0   0   0   0     0     0     0   0.0   0.0
  177     0 0.000000 0.558737 1000000.0   0   0   0     0     0     0   0.0   0.0
  178     0 0.000000 0.586891 1000000.0   0   0   0     0     0     0   0.0   0.0
  179     0 0.000000 0.669488 1000000.0   0   0   0     0     0     0   0.0   0.0
  180     0 0.000000 0.717334 1000000.0   0   0   0     0     0     0   0.0   0.0
  181     0 0.000000 0.545164 1000000.0   0   0   0     0     0     0   0.0   0.0
  182     0 0.000000 0.500346 1000000.0   0   0   0     0     0     0   0.0   0.0
  183     0 0.000000 0.524106 1000000.0   0   0   0     0     0     0   0.0   0.0
  184     0 0.000000 0.263185 1000000.0   0   0   0     0     0     0   0.0   0.0
  185     0 0.000000 0.366400 1000000.0   0   0   0     0     0     0   0.0   0.0
  186     0 0.000000 0.395319 1000000.0   0   0   0     0     0     0   0.0   0.0
  187     0 0.000000 0.331649 1000000.0   0   0   0     0     0     0   0.0   0.0
  188     0 0.000000 0.450956 1000000.0   0   0   0     0     0     0   0.0   0.0
  189     0 0.000000 0.408658 1000000.0   0   0   0     0     0     0   0.0   0.0
  190     0 0.000000 0.369392 1000000.0   0   0   0     0     0     0   0.0   0.0
  191     0 0.000000 0.427473 1000000.0   0   0   0     0     0     0   0.0   0.0
  192     0 0.000000 0.511646 1000000.0   0   0   0     0     0     0   0.0   0.0
  193     0 0.000000 0.606683 1000000.0   0   0   0     0     0     0   0.0   0.0
  194     0 0.000000 0.408330 1000000.0   0   0   0     0     0     0   0.0   0.0
  195     0 0.000000 0.591665 1000000.0   0   0   0     0     0     0   0.0   0.0
  196     0 0.000000 0.454071 1000000.0   0   0   0     0     0     0   0.0   0.0
  197     0 0.000000 0.539333 1000000.0   0   0   0     0     0     0   0.0   0.0
  198     0 0.000000 0.496260 1000000.0   0   0   0     0     0     0   0.0   0.0
  199     0 0.000000 0.754945 1000000.0   0   0   0     0     0     0   0.0   0.0
  200     0 0.000000 0.565559 1000000.0   0   0   0     0     0     0   0.0   0.0
  201     0 0.000000 0.688271 1000000.0   0   0   0     0     0     0   0.0   0.0
  202     0 0.000000 0.669448 1000000.0   0   0   0     0     0     0   0.0   0.0
  203     0 0.000000 0.638000 1000000.0   0   0   0     0     0     0   0.0   0.0
  204     0 0.000000 0.599239 1000000.0   0   0   0     0     0     0   0.0   0.0
  205     0 0.000000 0.484590 1000000.0   0   0   0     0     0     0   0.0   0.0
  206     0 0.000000 0.489136 1000000.0   0   0   0     0     0     0   0.0   0.0
  207     0 0.000000 0.618202 1000000.0   0   0   0     0     0     0   0.0   0.0
  208     0 0.000000 0.635693 1000000.0   0   0   0     0     0     0   0.0   0.0
  209     0 0.000000 0.616944 1000000.0   0   0   0     0     0     0   0.0   0.0
  210     0 0.000000 0.633185 1000000.0   0   0   0     0     0     0   0.0   0.0
  211     0 0.000000 0.654416 1000000.0   0   0   0     0     0     0   0.0   0.0
  212     0 0.000000 0.738910 1000000.0   0   0   0     0     0     0   0.0   0.0
  213     0 0.000000 0.679860 1000000.0   0   0   0     0     0     0   0.0   0.0
  214     0 0.000000 0.722790 1000000.0   0   0   0     0     0     0   0.0   0.0
  215     0 0.000000 0.688854 1000000.0   0   0   0     0     0     0   0.0   0.0
  216     0 0.000000 0.775618 1000000.0   0   0   0     0     0     0   0.0   0.0
  217     0 0.000000 0.616318 1000000.0   0   0   0     0     0     0   0.0   0.0
  218     0 0.000000 0.520284 1000000.0   0   0   0     0     0     0   0.0   0.0
  219     0 0.000000 0.487159 1000000.0   0   0   0     0     0     0   0.0   0.0
  220     0 0.000000 0.597397 1000000.0   0   0   0     0     0     0   0.0   0.0
  221     0 0.000000 0.587347 1000000.0   0   0   0     0     0     0   0.0   0.0
  222     0 0.000000 0.361672 1000000.0   0   0   0     0     0     0   0.0   0.0
  223     0 0.000000 0.547066 1000000.0   0   0   0     0     0     0   0.0   0.0
  224     0 0.000000 0.567736 1000000.0   0   0   0     0     0     0   0.0   0.0
  225     0 0.000000 0.610551 1000000.0   0   0   0     0     0     0   0.0   0.0
  226     0 0.000000 0.582586 1000000.0   0   0   0     0     0     0   0.0   0.0
  227     0 0.000000 0.551460 1000000.0   0   0   0     0     0     0   0.0   0.0
  228     0 0.000000 0.592445 1000000.0   0   0   0     0     0     0   0.0   0.0
  229     0 0.000000 0.601232 1000000.0   0   0   0     0     0     0   0.0   0.0
  230     0 0.000000 0.615379 1000000.0   0   0   0     0     0     0   0.0   0.0
  231     0 0.000000 0.569760 1000000.0   0   0   0     0     0     0   0.0   0.0
  232     0 0.000000 0.482443 1000000.0   0   0   0     0     0     0   0.0   0.0
  233     0 0.000000 0.344556 1000000.0   0   0   0     0     0     0   0.0   0.0
  234     0 0.000000 0.459449 1000000.0   0   0   0     0     0     0   0.0   0.0
  235     0 0.000000 0.439840 1000000.0   0   0   0     0     0     0   0.0   0.0
  236     0 0.000000 0.407560 1000000.0   0   0   0     0     0     0   0.0   0.0
  237     0 0.000000 0.351955 1000000.0   0   0   0     0     0     0   0.0   0.0
  238     0 0.000000 0.314304 1000000.0   0   0   0     0     0     0   0.0   0.0
  239     0 0.000000 0.490590 1000000.0   0   0   0     0     0     0   0.0   0.0
  240     0 0.000000 0.441428 1000000.0   0   0   0     0     0     0   0.0   0.0
  241     0 0.000000 0.402216 1000000.0   0   0   0     0     0     0   0.0   0.0
  242     0 0.000000 0.459612 1000000.0   0   0   0     0     0     0   0.0   0.0
  243     0 0.000000 0.471159 1000000.0   0   0   0     0     0     0   0.0   0.0
  244     0 0.000000 0.574482 1000000.0   0   0   0     0     0     0   0.0   0.0
  245     0 0.000000 0.465906 1000000.0   0   0   0     0     0     0   0.0   0.0
  246     0 0.000000 0.640016 1000000.0   0   0   0     0     0     0   0.0   0.0
  247     0 0.000000 0.501122 1000000.0   0   0   0     0     0     0   0.0   0.0
  248     0 0.000000 0.464823 1000000.0   0   0   0     0     0     0   0.0   0.0
  249     0 0.000000 0.467620 1000000.0   0   0   0     0     0     0   0.0   0.0
  250     0 0.000000 0.578628 1000000.0   0   0   0     0     0     0   0.0   0.0
  251     0 0.000000 0.488966 1000000.0   0   0   0     0     0     0   0.0   0.0
  252     0 0.000000 0.239072 1000000.0   0   0   0     0     0     0   0.0   0.0
  253     0 0.000000 0.318439 1000000.0   0   0   0     0     0     0   0.0   0.0
  254     0 0.000000 0.363631 1000000.0   0   0   0     0     0     0   0.0   0.0
  255     0 0.000000 0.385795 1000000.0   0   0   0     0     0     0   0.0   0.0
  256     0 0.000000 0.178268 1000000.0   0   0   0     0     0     0   0.0   0.0
  257     0 0.000000 0.231201 1000000.0   0   0   0     0     0     0   0.0   0.0
  258     0 0.000000 0.213173 1000000.0   0   0   0     0     0     0   0.0   0.0
  259     0 0.000000 0.149814 1000000.0   0   0   0     0     0     0   0.0   0.0
  260     0 0.000000 0.238397 1000000.0   0   0   0     0     0     0   0.0   0.0
  261     0 0.000000 0.258858 1000000.0   0   0   0     0     0     0   0.0   0.0
  262     0 0.000000 0.213344 1000000.0   0   0   0     0     0     0   0.0   0.0
  263     0 0.000000 0.170651 1000000.0   0   0   0     0     0     0   0.0   0.0
  264     0 0.000000 0.259626 1000000.0   0   0   0     0     0     0   0.0   0.0
  265     0 0.000000 0.101864 1000000.0   0   0   0     0     0     0   0.0   0.0
  266     0 0.000000 0.226576 1000000.0   0   0   0     0     0     0   0.0   0.0
  267     0 0.000000 0.239636 1000000.0   0   0   0     0     0     0   0.0   0.0
  268     0 0.000000 0.241054 1000000.0   0   0   0     0     0     0   0.0   0.0
  269     0 0.000000 0.275616 1000000.0   0   0   0     0     0     0   0.0   0.0
  270     0 0.000000 0.278633 1000000.0   0   0   0     0     0     0   0.0   0.0
  271     0 0.000000 0.388972 1000000.0   0   0   0     0     0     0   0.0   0.0
  272     0 0.000000 0.221374 1000000.0   0   0   0     0     0     0   0.0   0.0
  273     0 0.000000 0.103161 1000000.0   0   0   0     0     0     0   0.0   0.0
  274     0 0.061033 0.000000 1000000.0   0   0   0     0     0     0   0.0   0.0
  275     0 0.122554 0.000000 1000000.0   0   0   0     0     0     0   0.0   0.0
  276     0 0.177878 0.000000 1000000.0   0   0   0     0     0     0   0.0   0.0
  277     0 0.183950 0.000000 1000000.0   0   0   0     0     0     0   0.0   0.0
  278     0 0.191745 0.000000 1000000.0   0   0   0     0     0     0   0.0   0.0
  279     0 0.179170 0.000000 1000000.0   0   0   0     0     0     0   0.0   0.0
  280     0 0.168582 0.000000 1000000.0   0   0   0     0     0     0   0.0   0.0
  281     0 0.162602 0.000000 1000000.0   0   0   0     0     0     0   0.0   0.0
  282     0 0.157546 0.000000 1000000.0   0   0   0     0     0     0   0.0   0.0
  283     0 0.206268 0.000000 1000000.0   0   0   0     0     0     0   0.0   0.0
  284     0 0.320279 0.000000 1000000.0   0   0   0     0     0     0   0.0   0.0
  285     0 0.226128 0.000000 1000000.0   0   0   0     0     0     0   0.0   0.0
  286     0 0.159461 0.000000 1000000.0   0   0   0     0     0     0   0.0   0.0
  287     0 0.154890 0.000000 1000000.0   0   0   0     0     0     0   0.0   0.0
  288     0 0.165692 0.000000 1000000.0   0   0   0     0     0     0   0.0   0.0
  289     0 0.149573 0.000000 1000000.0   0   0   0     0     0     0   0.0   0.0
  290     0 0.163719 0.000000 1000000.0   0   0   0     0     0     0   0.0   0.0
  291     0 0.169582 0.000000 1000000.0   0   0   0     0     0     0   0.0   0.0
  292     0 0.160247 0.000000 1000000.0   0   0   0     0     0     0   0.0   0.0
  293     0 0.145432 0.000000 1000000.0   0   0   0     0     0     0   0.0   0.0
  294     0 0.191545 0.000000 1000000.0   0   0   0     0     0     0   0.0   0.0
  295     0 0.039244 0.000000 1000000.0   0   0   0     0     0     0   0.0   0.0
  296     0 0.092786 0.000000 1000000.0   0   0   0     0     0     0   0.0   0.0
  297     0 0.108976 0.000000 1000000.0   0   0   0     0     0     0   0.0   0.0
  298     0 0.097100 0.000000 1000000.0   0   0   0     0     0     0   0.0   0.0
  299     0 0.089971 0.000000 1000000.0   0   0   0     0     0     0   0.0   0.0
  300     0 0.175769 0.000000 1000000.0   0   0   0     0     0     0   0.0   0.0
  301     0 0.182323 0.000000 1000000.0   0   0   0     0     0     0   0.0   0.0
  302     0 0.138182 0.000000 1000000.0   0   0   0     0     0     0   0.0   0.0
  303     0 0.181463 0.000000 1000000.0   0   0   0     0     0     0   0.0   0.0
  304     0 0.291648 0.000000 1000000.0   0   0   0     0     0     0   0.0   0.0
  305     0 0.306658 0.000000 1000000.0   0   0   0     0     0     0   0.0   0.0
  306     0 0.105673 0.000000 1000000.0   0   0   0     0     0     0   0.0   0.0
  307     0 0.040298 0.000000 1000000.0   0   0   0     0     0     0   0.0   0.0
  308     0 0.150689 0.000000 1000000.0   0   0   0     0     0     0   0.0   0.0
  309     0 0.179090 0.000000 1000000.0   0   0   0     0     0     0   0.0   0.0
  310     0 0.068334 0.000000 1000000.0   0   0   0     0     0     0   0.0   0.0
  311     0 0.038490 0.000000 1000000.0   0   0   0     0     0     0   0.0   0.0
  312     0 0.024064 0.000000 1000000.0   0   0   0     0     0     0   0.0   0.0
  313     0 0.022713 0.000000 1000000.0   0   0   0     0     0     0   0.0   0.0
  314     0 0.021342 0.000000 1000000.0   0   0   0     0     0     0   0.0   0.0
  315     0 0.016864 0.000000 1000000.0   0   0   0     0     0     0   0.0   0.0
  316     0 0.018874 0.000000 1000000.0   0   0   0     0     0     0   0.0   0.0
  317     0 0.020647 0.000000 1000000.0   0   0   0     0     0     0   0.0   0.0
  318     0 0.023671 0.000000 1000000.0   0   0   0     0     0     0   0.0   0.0
  319     0 0.019809 0.000000 1000000.0   0   0   0     0     0     0   0.0   0.0
  320     0 0.016102 0.000000 1000000.0   0   0   0     0     0     0   0.0   0.0
  321     0 0.041898 0.000000 1000000.0   0   0   0     0     0     0   0.0   0.0
  322     0 0.015623 0.000000 1000000.0   0   0   0     0     0     0   0.0   0.0
  323     0 0.014529 0.000000 1000000.0   0   0   0     0     0     0   0.0   0.0
  324     0 0.014957 0.000000 1000000.0   0   0   0     0     0     0   0.0   0.0
  325     0 0.020082 0.000000 1000000.0   0   0   0     0     0     0   0.0   0.0
  326     0 0.065962 0.000000 1000000.0   0   0   0     0     0     0   0.0   0.0
  327     0 0.051231 0.000000 1000000.0   0   0   0     0     0     0   0.0   0.0
  328     0 0.017729 0.000000 1000000.0   0   0   0     0     0     0   0.0   0.0
  329     0 0.034499 0.000000 1000000.0   0   0   0     0     0     0   0.0   0.0
  330     0 0.028497 0.000000 1000000.0   0   0   0     0     0     0   0.0   0.0
  331     0 0.090205 0.000000 1000000.0   0   0   0     0     0     0   0.0   0.0
  332     0 0.022987 0.000000 1000000.0   0   0   0     0     0     0   0.0   0.0
  333     0 0.015148 0.000000 1000000.0   0   0   0     0     0     0   0.0   0.0
  334     0 0.067623 0.000000 1000000.0   0   0   0     0     0     0   0.0   0.0
  335     0 0.055734 0.000000 1000000.0   0   0   0     0     0     0   0.0   0.0
  336     0 0.050781 0.000000 1000000.0   0   0   0     0     0     0   0.0   0.0
  337     0 0.020629 0.000000 1000000.0   0   0   0     0     0     0   0.0   0.0
  338     0 0.014534 0.000000 1000000.0   0   0   0     0     0     0   0.0   0.0
  339     0 0.022258 0.000000 1000000.0   0   0   0     0     0     0   0.0   0.0
  340     0 0.078428 0.000000 1000000.0   0   0   0     0     0     0   0.0   0.0
  341     0 0.033396 0.000000 1000000.0   0   0   0     0     0     0   0.0   0.0
  342     0 0.044201 0.000000 1000000.0   0   0   0     0     0     0   0.0   0.0
  343     0 0.045542 0.000000 1000000.0   0   0   0     0     0     0   0.0   0.0
  344     0 0.093994 0.000000 1000000.0   0   0   0     0     0     0   0.0   0.0
  345     0 0.047656 0.000000 1000000.0   0   0   0     0     0     0   0.0   0.0
  346     0 0.058410 0.000000 1000000.0   0   0   0     0     0     0   0.0   0.0
  347     0 0.014833 0.000000 1000000.0   0   0   0     0     0     0   0.0   0.0
  348     0 0.012684 0.000000 1000000.0   0   0   0     0     0     0   0.0   0.0
  349     0 0.022390 0.000000 1000000.0   0   0   0     0     0     0   0.0   0.0
  350     0 0.008419 0.000000 1000000.0   0   0   0     0     0     0   0.0   0.0
  351     0 0.035662 0.000000 1000000.0   0   0   0     0     0     0   0.0   0.0
  352     0 0.008375 0.000000 1000000.0   0   0   0     0     0     0   0.0   0.0
  353     0 0.046073 0.000000 1000000.0   0   0   0     0     0     0   0.0   0.0
  354     0 0.043534 0.000000 1000000.0   0   0   0     0     0     0   0.0   0.0
  355     0 0.063914 0.000000 1000000.0   0   0   0     0     0     0   0.0   0.0
  356     0 0.007960 0.000000 1000000.0   0   0   0     0     0     0   0.0   0.0
  357     0 0.016458 0.000000 1000000.0   0   0   0     0     0     0   0.0   0.0
  358     0 0.044175 0.000000 1000000.0   0   0   0     0     0     0   0.0   0.0
  359     0 0.053022 0.000000 1000000.0   0   0   0     0     0     0   0.0   0.0
  360     0 0.060857 0.000000 1000000.0   0   0   0     0     0     0   0.0   0.0
  361     0 0.119725 0.000000 1000000.0   0   0   0     0     0     0   0.0   0.0
  362     0 0.070512 0.000000 1000000.0   0   0   0     0     0     0   0.0   0.0
  363     0 0.048649 0.000000 1000000.0   0   0   0     0     0     0   0.0   0.0
  364     0 0.141011 0.000000 1000000.0   0   0   0     0     0     0   0.0   0.0
  365     0 0.025408 0.000000 1000000.0   0   0   0     0     0     0   0.0   0.0
  366     0 0.026283 0.000000 1000000.0   0   0   0     0     0     0   0.0   0.0
  367     0 0.022597 0.000000 1000000.0   0   0   0     0     0     0   0.0   0.0
  368     0 0.014974 0.000000 1000000.0   0   0   0     0     0     0   0.0   0.0
  369     0 0.045965 0.000000 1000000.0   0   0   0     0     0     0   0.0   0.0
  370     0 0.088392 0.000000 1000000.0   0   0   0     0     0     0   0.0   0.0
  371     0 0.026219 0.000000 1000000.0   0   0   0     0     0     0   0.0   0.0
  372     0 0.066979 0.000000 1000000.0   0   0   0     0     0     0   0.0   0.0
  373     0 0.132254 0.000000 1000000.0   0   0   0     0     0     0   0.0   0.0
  374     0 0.111671 0.000000 1000000.0   0   0   0     0     0     0   0.0   0.0
  375     0 0.022770 0.000000 1000000.0   0   0   0     0     0     0   0.0   0.0
  376     0 0.017742 0.000000 1000000.0   0   0   0     0     0     0   0.0   0.0
  377     0 0.074451 0.000000 1000000.0   0   0   0     0     0     0   0.0   0.0
  378     0 0.118289 0.000000 1000000.0   0   0   0     0     0     0   0.0   0.0
  379     0 0.070715 0.000000 1000000.0   0   0   0     0     0     0   0.0   0.0
  380     0 0.036489 0.000000 1000000.0   0   0   0     0     0     0   0.0   0.0
  381     0 0.018968 0.000000 1000000.0   0   0   0     0     0     0   0.0   0.0
  382     0 0.027154 0.000000 1000000.0   0   0   0     0     0     0   0.0   0.0
  383     0 0.027227 0.000000 1000000.0   0   0   0     0     0     0   0.0   0.0
  384     0 0.035422 0.000000 1000000.0   0   0   0     0     0     0   0.0   0.0
  385     0 0.029203 0.000000 1000000.0   0   0   0     0     0     0   0.0   0.0
  386     0 0.031496 0.000000 1000000.0   0   0   0     0     0     0   0.0   0.0
  387     0 0.035845 0.000000 1000000.0   0   0   0     0     0     0   0.0   0.0
  388     0 0.026793 0.000000 1000000.0   0   0   0     0     0     0   0.0   0.0
  389     0 0.030370 0.000000 1000000.0   0   0   0     0     0     0   0.0   0.0
  390     0 0.029458 0.000000 1000000.0   0   0   0     0     0     0   0.0   0.0
  391     0 0.041294 0.000000 1000000.0   0   0   0     0     0     0   0.0   0.0
  392     0 0.025250 0.000000 1000000.0   0   0   0     0     0     0   0.0   0.0
  393     0 0.065131 0.000000 1000000.0   0   0   0     0     0     0   0.0   0.0
  394     0 0.018664 0.000000 1000000.0   0   0   0     0     0     0   0.0   0.0
  395     0 0.018567 0.000000 1000000.0   0   0   0     0     0     0   0.0   0.0
  396     0 0.023307 0.000000 1000000.0   0   0   0     0     0     0   0.0   0.0
  397     0 0.055832 0.000000 1000000.0   0   0   0     0     0     0   0.0   0.0
  398     0 0.100689 0.000000 1000000.0   0   0   0     0     0     0   0.0   0.0
  399     0 0.142443 0.000000 1000000.0   0   0   0     0     0     0   0.0   0.0
  400     0 0.102418 0.000000 1000000.0   0   0   0     0     0     0   0.0   0.0
  401     0 0.081841 0.000000 1000000.0   0   0   0     0     0     0   0.0   0.0
  402     0 0.112535 0.000000 1000000.0   0   0   0     0     0     0   0.0   0.0
  403     0 0.079848 0.000000 1000000.0   0   0   0     0     0     0   0.0   0.0
  404     0 0.104341 0.000000 1000000.0   0   0   0     0     0     0   0.0   0.0
  405     0 0.075459 0.000000 1000000.0   0   0   0     0     0     0   0.0   0.0
  406     0 0.087844 0.000000 1000000.0   0   0   0     0     0     0   0.0   0.0
  407     0 0.060762 0.000000 1000000.0   0   0   0     0     0     0   0.0   0.0
  408     0 0.065770 0.000000 1000000.0   0   0   0     0     0     0   0.0   0.0
  409     0 0.186011 0.000000 1000000.0   0   0   0     0     0     0   0.0   0.0
  410     0 0.056471 0.000000 1000000.0   0   0   0     0     0     0   0.0   0.0
  411     0 0.045570 0.000000 1000000.0   0   0   0     0     0     0   0.0   0.0
  412     0 0.060887 0.000000 1000000.0   0   0   0     0     0     0   0.0   0.0
  413     0 0.147681 0.000000 1000000.0   0   0   0     0     0     0   0.0   0.0
  414     0 0.094907 0.000000 1000000.0   0   0   0     0     0     0   0.0   0.0
  415     0 0.093558 0.000000 1000000.0   0   0   0     0     0     0   0.0   0.0
  416     0 0.102917 0.000000 1000000.0   0   0   0     0     0     0   0.0   0.0
  417     0 0.130391 0.000000 1000000.0   0   0   0     0     0     0   0.0   0.0
  418     0 0.041928 0.000000 1000000.0   0   0   0     0     0     0   0.0   0.0
  419     0 0.041226 0.000000 1000000.0   0   0   0     0     0     0   0.0   0.0
  420     0 0.047306 0.000000 1000000.0   0   0   0     0     0     0   0.0   0.0
  421     0 0.162574 0.000000 1000000.0   0   0   0     0     0     0   0.0   0.0
  422     0 0.137872 0.000000 1000000.0   0   0   0     0     0     0   0.0   0.0
  423     0 0.144446 0.000000 1000000.0   0   0   0     0     0     0   0.0   0.0
  424     0 0.118287 0.000000 1000000.0   0   0   0     0     0     0   0.0   0.0
  425     0 0.069320 0.000000 1000000.0   0   0   0     0     0     0   0.0   0.0
  426     0 0.171533 0.000000 1000000.0   0   0   0     0     0     0   0.0   0.0
  427     0 0.090462 0.000000 1000000.0   0   0   0     0     0     0   0.0   0.0
  428     0 0.123597 0.000000 1000000.0   0   0   0     0     0     0   0.0   0.0
  429     0 0.071134 0.000000 1000000.0   0   0   0     0     0     0   0.0   0.0
  430     0 0.055108 0.000000 1000000.0   0   0   0     0     0     0   0.0   0.0
  431     0 0.083736 0.000000 1000000.0   0   0   0     0     0     0   0.0   0.0
  432     0 0.104670 0.000000 1000000.0   0   0   0     0     0     0   0.0   0.0
  433     0 0.112399 0.000000 1000000.0   0   0   0     0     0     0   0.0   0.0
  434     0 0.109977 0.000000 1000000.0   0   0   0     0     0     0   0.0   0.0
  435     0 0.109430 0.000000 1000000.0   0   0   0     0     0     0   0.0   0.0
  436     0 0.154188 0.000000 1000000.0   0   0   0     0     0     0   0.0   0.0
  437     0 0.224332 0.000000 1000000.0   0   0   0     0     0     0   0.0   0.0
  438     0 0.150517 0.000000 1000000.0   0   0   0     0     0     0   0.0   0.0
  439     0 0.079150 0.000000 1000000.0   0   0   0     0     0     0   0.0   0.0
  440     0 0.107872 0.000000 1000000.0   0   0   0     0     0     0   0.0   0.0
  441     0 0.145143 0.000000 1000000.0   0   0   0     0     0     0   0.0   0.0
  442     0 0.206559 0.000000 1000000.0   0   0   0     0     0     0   0.0   0.0
  443     0 0.204482 0.000000 1000000.0   0   0   0     0     0     0   0.0   0.0
  444     0 0.132368 0.000000 1000000.0   0   0   0     0     0     0   0.0   0.0
  445     0 0.164114 0.000000 1000000.0   0   0   0     0     0     0   0.0   0.0
  446     0 0.165147 0.000000 1000000.0   0   0   0     0     0     0   0.0   0.0
  447     0 0.165663 0.000000 1000000.0   0   0   0     0     0     0   0.0   0.0
  448     0 0.131608 0.000000 1000000.0   0   0   0     0     0     0   0.0   0.0
  449     0 0.122847 0.000000 1000000.0   0   0   0     0     0     0   0.0   0.0
  450     0 0.094161 0.000000 1000000.0   0   0   0     0     0     0   0.0   0.0
  451     0 0.116176 0.000000 1000000.0   0   0   0     0     0     0   0.0   0.0
  452     0 0.156971 0.000000 1000000.0   0   0   0     0     0     0   0.0   0.0
  453     0 0.075190 0.000000 1000000.0   0   0   0     0     0     0   0.0   0.0
  454     0 0.066076 0.000000 1000000.0   0   0   0     0     0     0   0.0   0.0
  455     0 0.141687 0.000000 1000000.0   0   0   0     0     0     0   0.0   0.0
  456     0 0.000000 0.177063 1000000.0   0   0   0     0     0     0   0.0   0.0
  457     0 0.000000 0.187328 1000000.0   0   0   0     0     0     0   0.0   0.0
  458     0 0.000000 0.138626 1000000.0   0   0   0     0     0     0   0.0   0.0
  459     0 0.000000 0.160926 1000000.0   0   0   0     0     0     0   0.0   0.0
  460     0 0.000000 0.134447 1000000.0   0   0   0     0     0     0   0.0   0.0
  461     0 0.000000 0.289740 1000000.0   0   0   0     0     0     0   0.0   0.0
  462     0 0.000000 0.401116 1000000.0   0   0   0     0     0     0   0.0   0.0
  463     0 0.000000 0.287872 1000000.0   0   0   0     0     0     0   0.0   0.0
  464     0 0.000000 0.375911 1000000.0   0   0   0     0     0     0   0.0   0.0
  465     0 0.000000 0.614211 1000000.0   0   0   0     0     0     0   0.0   0.0
  466     0 0.000000 0.335408 1000000.0   0   0   0     0     0     0   0.0   0.0
  467     0 0.000000 0.111191 1000000.0   0   0   0     0     0     0   0.0   0.0
  468     0 0.000000 0.129791 1000000.0   0   0   0     0     0     0   0.0   0.0
  469     0 0.000000 0.169516 1000000.0   0   0   0     0     0     0   0.0   0.0
  470     0 0.000000 0.266194 1000000.0   0   0   0     0     0     0   0.0   0.0
  471     0 0.000000 0.463720 1000000.0   0   0   0     0     0     0   0.0   0.0
  472     0 0.000000 0.275851 1000000.0   0   0   0     0     0     0   0.0   0.0
  473     0 0.000000 0.099749 1000000.0   0   0   0     0     0     0   0.0   0.0
  474     0 0.000000 0.240968 1000000.0   0   0   0     0     0     0   0.0   0.0
  475     0 0.000000 0.216089 1000000.0   0   0   0     0     0     0   0.0   0.0
  476     0 0.000000 0.145116 1000000.0   0   0   0     0     0     0   0.0   0.0
  477     0 0.000000 0.206205 1000000.0   0   0   0     0     0     0   0.0   0.0
  478     0 0.000000 0.286134 1000000.0   0   0   0     0     0     0   0.0   0.0
  479     0 0.000000 0.166407 1000000.0   0   0   0     0     0     0   0.0   0.0
  480     0 0.000000 0.190991 1000000.0   0   0   0     0     0     0   0.0   0.0
  481     0 0.000000 0.311710 1000000.0   0   0   0     0     0     0   0.0   0.0
  482     0 0.000000 0.328535 1000000.0   0   0   0     0     0     0   0.0   0.0
  483     0 0.000000 0.363652 1000000.0   0   0   0     0     0     0   0.0   0.0
  484     0 0.000000 0.427230 1000000.0   0   0   0     0     0     0   0.0   0.0
  485     0 0.000000 0.468642 1000000.0   0   0   0     0     0     0   0.0   0.0
  486     0 0.000000 0.542405 1000000.0   0   0   0     0     0     0   0.0   0.0
  487     0 0.000000 0.489273 1000000.0   0   0   0     0     0     0   0.0   0.0
  488     0 0.000000 0.492844 1000000.0   0   0   0     0     0     0   0.0   0.0
  489     0 0.000000 0.414198 1000000.0   0   0   0     0     0     0   0.0   0.0
  490     0 0.000000 0.423142 1000000.0   0   0   0     0     0     0   0.0   0.0
  491     0 0.000000 0.159935 1000000.0   0   0   0     0     0     0   0.0   0.0
  492     0 0.000000 0.227262 1000000.0   0   0   0     0     0     0   0.0   0.0
  493     0 0.000000 0.299115 1000000.0   0   0   0     0     0     0   0.0   0.0
  494     0 0.000000 0.183289 1000000.0   0   0   0     0     0     0   0.0   0.0
  495     0 0.000000 0.315541 1000000.0   0   0   0     0     0     0   0.0   0.0
  496     0 0.000000 0.317908 1000000.0   0   0   0     0     0     0   0.0   0.0
  497     0 0.000000 0.326513 1000000.0   0   0   0     0     0     0   0.0   0.0
  498     0 0.000000 0.263876 1000000.0   0   0   0     0     0     0   0.0   0.0
  499     0 0.000000 0.343556 1000000.0   0   0   0     0     0     0   0.0   0.0
  500     0 0.000000 0.439987 1000000.0   0   0   0     0     0     0   0.0   0.0
  501     0 0.000000 0.406192 1000000.0   0   0   0     0     0     0   0.0   0.0
  502     0 0.000000 0.384564 1000000.0   0   0   0     0     0     0   0.0   0.0
  503     0 0.000000 0.392022 1000000.0   0   0   0     0     0     0   0.0   0.0
  504     0 0.000000 0.470585 1000000.0   0   0   0     0     0     0   0.0   0.0
  505     0 0.000000 0.472814 1000000.0   0   0   0     0     0     0   0.0   0.0
  506     0 0.000000 0.451803 1000000.0   0   0   0     0     0     0   0.0   0.0
  507     0 0.000000 0.383646 1000000.0   0   0   0     0     0     0   0.0   0.0
  508     0 0.000000 0.424736 1000000.0   0   0   0     0     0     0   0.0   0.0
  509     0 0.000000 0.283438 1000000.0   0   0   0     0     0     0   0.0   0.0
  510     0 0.000000 0.192497 1000000.0   0   0   0     0     0     0   0.0   0.0
  511     0 0.000000 0.284090 1000000.0   0   0   0     0     0     0   0.0   0.0
  512     0 0.000000 0.224543 1000000.0   0   0   0     0     0     0   0.0   0.0
  513     0 0.000000 0.310175 1000000.0   0   0   0     0     0     0   0.0   0.0
  514     0 0.000000 0.386826 1000000.0   0   0   0     0     0     0   0.0   0.0
  515     0 0.000000 0.488534 1000000.0   0   0   0     0     0     0   0.0   0.0
  516     0 0.000000 0.313092 1000000.0   0   0   0     0     0     0   0.0   0.0
  517     0 0.000000 0.333553 1000000.0   0   0   0     0     0     0   0.0   0.0
  518     0 0.000000 0.178758 1000000.0   0   0   0     0     0     0   0.0   0.0
  519     0 0.000000 0.138776 1000000.0   0   0   0     0     0     0   0.0   0.0
  520     0 0.000000 0.461571 1000000.0   0   0   0     0     0     0   0.0   0.0
  521     0 0.000000 0.379851 1000000.0   0   0   0     0     0     0   0.0   0.0
  522     0 0.000000 0.428009 1000000.0   0   0   0     0     0     0   0.0   0.0
  523     0 0.000000 0.496365 1000000.0   0   0   0     0     0     0   0.0   0.0
  524     0 0.000000 0.204215 1000000.0   0   0   0     0     0     0   0.0   0.0
  525     0 0.000000 0.441322 1000000.0   0   0   0     0     0     0   0.0   0.0
  526     0 0.000000 0.361246 1000000.0   0   0   0     0     0     0   0.0   0.0
  527     0 0.000000 0.315984 1000000.0   0   0   0     0     0     0   0.0   0.0
  528     0 0.000000 0.306751 1000000.0   0   0   0     0     0     0   0.0   0.0
  529     0 0.000000 0.279583 1000000.0   0   0   0     0     0     0   0.0   0.0
  530     0 0.000000 0.536652 1000000.0   0   0   0     0     0     0   0.0   0.0
  531     0 0.000000 0.265671 1000000.0   0   0   0     0     0     0   0.0   0.0
  532     0 0.000000 0.445378 1000000.0   0   0   0     0     0     0   0.0   0.0
  533     0 0.000000 0.298325 1000000.0   0   0   0     0     0     0   0.0   0.0
  534     0 0.000000 0.335454 1000000.0   0   0   0     0     0     0   0.0   0.0
  535     0 0.000000 0.228498 1000000.0   0   0   0     0     0     0   0.0   0.0
  536     0 0.000000 0.299289 1000000.0   0   0   0     0     0     0   0.0   0.0
  537     0 0.000000 0.344393 1000000.0   0   0   0     0     0     0   0.0   0.0
  538     0 0.000000 0.476902 1000000.0   0   0   0     0     0     0   0.0   0.0
  539     0 0.000000 0.286953 1000000.0   0   0   0     0     0     0   0.0   0.0
  540     0 0.000000 0.434297 1000000.0   0   0   0     0     0     0   0.0   0.0
  541     0 0.000000 0.375283 1000000.0   0   0   0     0     0     0   0.0   0.0
  542     0 0.000000 0.390987 1000000.0   0   0   0     0     0     0   0.0   0.0
  543     0 0.000000 0.384070 1000000.0   0   0   0     0     0     0   0.0   0.0
  544     0 0.000000 0.332129 1000000.0   0   0   0     0     0     0   0.0   0.0
  545     0 0.000000 0.533499 1000000.0   0   0   0     0     0     0   0.0   0.0
  546     0 0.000000 0.546644 1000000.0   0   0   0     0     0     0   0.0   0.0
  547     0 0.000000 0.441974 1000000.0   0   0   0     0     0     0   0.0   0.0
  548     0 0.000000 0.675189 1000000.0   0   0   0     0     0     0   0.0   0.0
  549     0 0.000000 0.602495 1000000.0   0   0   0     0     0     0   0.0   0.0
  550     0 0.000000 0.504017 1000000.0   0   0   0     0     0     0   0.0   0.0
  551     0 0.000000 0.458508 1000000.0   0   0   0     0     0     0   0.0   0.0
  552     0 0.000000 0.363540 1000000.0   0   0   0     0     0     0   0.0   0.0
  553     0 0.000000 0.426487 1000000.0   0   0   0     0     0     0   0.0   0.0
  554     0 0.000000 0.469688 1000000.0   0   0   0     0     0     0   0.0   0.0
  555     0 0.000000 0.444404 1000000.0   0   0   0     0     0     0   0.0   0.0
  556     0 0.000000 0.335286 1000000.0   0   0   0     0     0     0   0.0   0.0
  557     0 0.000000 0.571115 1000000.0   0   0   0     0     0     0   0.0   0.0
  558     0 0.000000 0.542061 1000000.0   0   0   0     0     0     0   0.0   0.0
  559     0 0.000000 0.496337 1000000.0   0   0   0     0     0     0   0.0   0.0
  560     0 0.000000 0.527979 1000000.0   0   0   0     0     0     0   0.0   0.0
  561     0 0.000000 0.542579 1000000.0   0   0   0     0     0     0   0.0   0.0
  562     0 0.000000 0.594869 1000000.0   0   0   0     0     0     0   0.0   0.0
  563     0 0.000000 0.650065 1000000.0   0   0   0     0     0     0   0.0   0.0
  564     0 0.000000 0.627040 1000000.0   0   0   0     0     0     0   0.0   0.0
  565     0 0.000000 0.590479 1000000.0   0   0   0     0     0     0   0.0   0.0
  566     0 0.000000 0.634829 1000000.0   0   0   0     0     0     0   0.0   0.0
  567     0 0.000000 0.569069 1000000.0   0   0   0     0     0     0   0.0   0.0
  568     0 0.000000 0.702968 1000000.0   0   0   0     0     0     0   0.0   0.0
  569     0 0.000000 0.604968 1000000.0   0   0   0     0     0     0   0.0   0.0
  570     0 0.000000 0.519625 1000000.0   0   0   0     0     0     0   0.0   0.0
  571     0 0.000000 0.627370 1000000.0   0   0   0     0     0     0   0.0   0.0
  572     0 0.000000 0.566456 1000000.0   0   0   0     0     0     0   0.0   0.0
  573     0 0.000000 0.426642 1000000.0   0   0   0     0     0     0   0.0   0.0
  574     0 0.000000 0.401292 1000000.0   0   0   0     0     0     0   0.0   0.0
  575     0 0.000000 0.564779 1000000.0   0   0   0     0     0     0   0.0   0.0
  576     0 0.000000 0.551808 1000000.0   0   0   0     0     0     0   0.0   0.0
  577     0 0.000000 0.554529 1000000.0   0   0   0     0     0     0   0.0   0.0
  578     0 0.000000 0.609780 1000000.0   0   0   0     0     0     0   0.0   0.0
  579     0 0.000000 0.489955 1000000.0   0   0   0     0     0     0   0.0   0.0
  580     0 0.000000 0.399638 1000000.0   0   0   0     0     0     0   0.0   0.0
  581     0 0.000000 0.283439 1000000.0   0   0   0     0     0     0   0.0   0.0
  582     0 0.000000 0.131823 1000000.0   0   0   0     0     0     0   0.0   0.0
  583     0 0.000000 0.362617 1000000.0   0   0   0     0     0     0   0.0   0.0
  584     0 0.000000 0.421772 1000000.0   0   0   0     0     0     0   0.0   0.0
  585     0 0.000000 0.435867 1000000.0   0   0   0     0     0     0   0.0   0.0
  586     0 0.000000 0.458741 1000000.0   0   0   0     0     0     0   0.0   0.0
  587     0 0.000000 0.510147 1000000.0   0   0   0     0     0     0   0.0   0.0
  588     0 0.000000 0.484949 1000000.0   0   0   0     0     0     0   0.0   0.0
  589     0 0.000000 0.492086 1000000.0   0   0   0     0     0     0   0.0   0.0
  590     0 0.000000 0.518201 1000000.0   0   0   0     0     0     0   0.0   0.0
  591     0 0.000000 0.530120 1000000.0   0   0   0     0     0     0   0.0   0.0
  592     0 0.000000 0.565342 1000000.0   0   0   0     0     0     0   0.0   0.0
  593     0 0.000000 0.510100 1000000.0   0   0   0     0     0     0   0.0   0.0
  594     0 0.000000 0.523315 1000000.0   0   0   0     0     0     0   0.0   0.0
  595     0 0.000000 0.503992 1000000.0   0   0   0     0     0     0   0.0   0.0
  596     0 0.000000 0.373343 1000000.0   0   0   0     0     0     0   0.0   0.0
  597     0 0.000000 0.195233 1000000.0   0   0   0     0     0     0   0.0   0.0
  598     0 0.000000 0.252076 1000000.0   0   0   0     0     0     0   0.0   0.0
  599     0 0.000000 0.473570 1000000.0   0   0   0     0     0     0   0.0   0.0
  600     0 0.000000 0.355581 1000000.0   0   0   0     0     0     0   0.0   0.0
  601     0 0.000000 0.418774 1000000.0   0   0   0     0     0     0   0.0   0.0
  602     0 0.000000 0.427307 1000000.0   0   0   0     0     0     0   0.0   0.0
  603     0 0.000000 0.447456 1000000.0   0   0   0     0     0     0   0.0   0.0
  604     0 0.000000 0.411022 1000000.0   0   0   0     0     0     0   0.0   0.0
  605     0 0.000000 0.422232 1000000.0   0   0   0     0     0     0   0.0   0.0
  606     0 0.000000 0.541965 1000000.0   0   0   0     0     0     0   0.0   0.0
  607     0 0.000000 0.333802 1000000.0   0   0   0     0     0     0   0.0   0.0
  608     0 0.000000 0.437482 1000000.0   0   0   0     0     0     0   0.0   0.0
  609     0 0.000000 0.417164 1000000.0   0   0   0     0     0     0   0.0   0.0
  610     0 0.000000 0.345196 1000000.0   0   0   0     0     0     0   0.0   0.0
  611     0 0.000000 0.212509 1000000.0   0   0   0     0     0     0   0.0   0.0
  612     0 0.000000 0.179294 1000000.0   0   0   0     0     0     0   0.0   0.0
  613     0 0.000000 0.265323 1000000.0   0   0   0     0     0     0   0.0   0.0
  614     0 0.000000 0.351487 1000000.0   0   0   0     0     0     0   0.0   0.0
  615     0 0.000000 0.240058 1000000.0   0   0   0     0     0     0   0.0   0.0
  616     0 0.000000 0.283591 1000000.0   0   0   0     0     0     0   0.0   0.0
  617     0 0.000000 0.291872 1000000.0   0   0   0     0     0     0   0.0   0.0
  618     0 0.000000 0.318200 1000000.0   0   0   0     0     0     0   0.0   0.0
  619     0 0.000000 0.312308 1000000.0   0   0   0     0     0     0   0.0   0.0
  620     0 0.000000 0.308269 1000000.0   0   0   0     0     0     0   0.0   0.0
  621     0 0.000000 0.279227 1000000.0   0   0   0     0     0     0   0.0   0.0
  622     0 0.000000 0.284469 1000000.0   0   0   0     0     0     0   0.0   0.0
  623     0 0.000000 0.312785 1000000.0   0   0   0     0     0     0   0.0   0.0
  624     0 0.000000 0.348790 1000000.0   0   0   0     0     0     0   0.0   0.0
  625     0 0.000000 0.502426 1000000.0   0   0   0     0     0     0   0.0   0.0
  626     0 0.000000 0.416349 1000000.0   0   0   0     0     0     0   0.0   0.0
  627     0 0.000000 0.308166 1000000.0   0   0   0     0     0     0   0.0   0.0
  628     0 0.000000 0.265244 1000000.0   0   0   0     0     0     0   0.0   0.0
  629     0 0.000000 0.152052 1000000.0   0   0   0     0     0     0   0.0   0.0
  630     0 0.000000 0.084087 1000000.0   0   0   0     0     0     0   0.0   0.0
  631     0 0.000000 0.240357 1000000.0   0   0   0     0     0     0   0.0   0.0
  632     0 0.000000 0.300850 1000000.0   0   0   0     0     0     0   0.0   0.0
  633     0 0.000000 0.392292 1000000.0   0   0   0     0     0     0   0.0   0.0
  634     0 0.000000 0.440723 1000000.0   0   0   0     0     0     0   0.0   0.0
  635     0 0.000000 0.176433 1000000.0   0   0   0     0     0     0   0.0   0.0
  636     0 0.000000 0.221443 1000000.0   0   0   0     0     0     0   0.0   0.0
  637     0 0.000000 0.216709 1000000.0   0   0   0     0     0     0   0.0   0.0
  638     0 0.000000 0.179455 1000000.0   0   0   0     0     0     0   0.0   0.0
  639     0 0.106080 0.000000 1000000.0   0   0   0     0     0     0   0.0   0.0
  640     0 0.108403 0.000000 1000000.0   0   0   0     0     0     0   0.0   0.0
  641     0 0.096750 0.000000 1000000.0   0   0   0     0     0     0   0.0   0.0
  642     0 0.159130 0.000000 1000000.0   0   0   0     0     0     0   0.0   0.0
  643     0 0.124269 0.000000 1000000.0   0   0   0     0     0     0   0.0   0.0
  644     0 0.171633 0.000000 1000000.0   0   0   0     0     0     0   0.0   0.0
  645     0 0.194758 0.000000 1000000.0   0   0   0     0     0     0   0.0   0.0
  646     0 0.219256 0.000000 1000000.0   0   0   0     0     0     0   0.0   0.0
  647     0 0.345633 0.000000 1000000.0   0   0   0     0     0     0   0.0   0.0
  648     0 0.266118 0.000000 1000000.0   0   0   0     0     0     0   0.0   0.0
  649     0 0.135778 0.000000 1000000.0   0   0   0     0     0     0   0.0   0.0
  650     0 0.149519 0.000000 1000000.0   0   0   0     0     0     0   0.0   0.0
  651     0 0.145612 0.000000 1000000.0   0   0   0     0     0     0   0.0   0.0
  652     0 0.126455 0.000000 1000000.0   0   0   0     0     0     0   0.0   0.0
  653     0 0.152392 0.000000 1000000.0   0   0   0     0     0     0   0.0   0.0
  654     0 0.210820 0.000000 1000000.0   0   0   0     0     0     0   0.0   0.0
  655     0 0.267671 0.000000 1000000.0   0   0   0     0     0     0   0.0   0.0
  656     0 0.171350 0.000000 1000000.0   0   0   0     0     0     0   0.0   0.0
  657     0 0.232782 0.000000 1000000.0   0   0   0     0     0     0   0.0   0.0
  658     0 0.230923 0.000000 1000000.0   0   0   0     0     0     0   0.0   0.0
  659     0 0.163746 0.000000 1000000.0   0   0   0     0     0     0   0.0   0.0
  660     0 0.152126 0.000000 1000000.0   0   0   0     0     0     0   0.0   0.0
  661     0 0.106239 0.000000 1000000.0   0   0   0     0     0     0   0.0   0.0
  662     0 0.099894 0.000000 1000000.0   0   0   0     0     0     0   0.0   0.0
  663     0 0.059358 0.000000 1000000.0   0   0   0     0     0     0   0.0   0.0
  664     0 0.044827 0.000000 1000000.0   0   0   0     0     0     0   0.0   0.0
  665     0 0.034400 0.000000 1000000.0   0   0   0     0     0     0   0.0   0.0
  666     0 0.039953 0.000000 1000000.0   0   0   0     0     0     0   0.0   0.0
  667     0 0.035751 0.000000 1000000.0   0   0   0     0     0     0   0.0   0.0
  668     0 0.038637 0.000000 1000000.0   0   0   0     0     0     0   0.0   0.0
  669     0 0.043528 0.000000 1000000.0   0   0   0     0     0     0   0.0   0.0
  670     0 0.037302 0.000000 1000000.0   0   0   0     0     0     0   0.0   0.0
  671     0 0.082090 0.000000 1000000.0   0   0   0     0     0     0   0.0   0.0
  672     0 0.064876 0.000000 1000000.0   0   0   0     0     0     0   0.0   0.0
  673     0 0.084088 0.000000 1000000.0   0   0   0     0     0     0   0.0   0.0
  674     0 0.085800 0.000000 1000000.0   0   0   0     0     0     0   0.0   0.0
  675     0 0.093268 0.000000 1000000.0   0   0   0     0     0     0   0.0   0.0
  676     0 0.138717 0.000000 1000000.0   0   0   0     0     0     0   0.0   0.0
  677     0 0.078360 0.000000 1000000.0   0   0   0     0     0     0   0.0   0.0
  678     0 0.055423 0.000000 1000000.0   0   0   0     0     0     0   0.0   0.0
  679     0 0.054632 0.000000 1000000.0   0   0   0     0     0     0   0.0   0.0
  680     0 0.186098 0.000000 1000000.0   0   0   0     0     0     0   0.0   0.0
  681     0 0.137901 0.000000 1000000.0   0   0   0     0     0     0   0.0   0.0
  682     0 0.251391 0.000000 1000000.0   0   0   0     0     0     0   0.0   0.0
  683     0 0.060739 0.000000 1000000.0   0   0   0     0     0     0   0.0   0.0
  684     0 0.204322 0.000000 1000000.0   0   0   0     0     0     0   0.0   0.0
  685     0 0.073615 0.000000 1000000.0   0   0   0     0     0     0   0.0   0.0
  686     0 0.047693 0.000000 1000000.0   0   0   0     0     0     0   0.0   0.0
  687     0 0.046327 0.000000 1000000.0   0   0   0     0     0     0   0.0   0.0
  688     0 0.075153 0.000000 1000000.0   0   0   0     0     0     0   0.0   0.0
  689     0 0.062155 0.000000 1000000.0   0   0   0     0     0     0   0.0   0.0
  690     0 0.036924 0.000000 1000000.0   0   0   0     0     0     0   0.0   0.0
  691     0 0.047406 0.000000 1000000.0   0   0   0     0     0     0   0.0   0.0
  692     0 0.072635 0.000000 1000000.0   0   0   0     0     0     0   0.0   0.0
  693     0 0.039528 0.000000 1000000.0   0   0   0     0     0     0   0.0   0.0
  694     0 0.019656 0.000000 1000000.0   0   0   0     0     0     0   0.0   0.0
  695     0 0.030251 0.000000 1000000.0   0   0   0     0     0     0   0.0   0.0
  696     0 0.027025 0.000000 1000000.0   0   0   0     0     0     0   0.0   0.0
  697     0 0.029785 0.000000 1000000.0   0   0   0     0     0     0   0.0   0.0
  698     0 0.036087 0.000000 1000000.0   0   0   0     0     0     0   0.0   0.0
  699     0 0.030666 0.000000 1000000.0   0   0   0     0     0     0   0.0   0.0
  700     0 0.051639 0.000000 1000000.0   0   0   0     0     0     0   0.0   0.0
  701     0 0.071072 0.000000 1000000.0   0   0   0     0     0     0   0.0   0.0
  702     0 0.075421 0.000000 1000000.0   0   0   0     0     0     0   0.0   0.0
  703     0 0.110168 0.000000 1000000.0   0   0   0     0     0     0   0.0   0.0
  704     0 0.231902 0.000000 1000000.0   0   0   0     0     0     0   0.0   0.0
  705     0 0.231902 0.000000 1000000.0   0   0   0     0     0     0   0.0   0.0
  706     0 0.093142 0.000000 1000000.0   0   0   0     0     0     0   0.0   0.0
  707     0 0.033499 0.000000 1000000.0   0   0   0     0     0     0   0.0   0.0
  708     0 0.078151 0.000000 1000000.0   0   0   0     0     0     0   0.0   0.0
  709     0 0.046401 0.000000 1000000.0   0   0   0     0     0     0   0.0   0.0
  710     0 0.027924 0.000000 1000000.0   0   0   0     0     0     0   0.0   0.0
  711     0 0.029762 0.000000 1000000.0   0   0   0     0     0     0   0.0   0.0
  712     0 0.015641 0.000000 1000000.0   0   0   0     0     0     0   0.0   0.0
  713     0 0.012912 0.000000 1000000.0   0   0   0     0     0     0   0.0   0.0
  714     0 0.019900 0.000000 1000000.0   0   0   0     0     0     0   0.0   0.0
  715     0 0.023678 0.000000 1000000.0   0   0   0     0     0     0   0.0   0.0
  716     0 0.028960 0.000000 1000000.0   0   0   0     0     0     0   0.0   0.0
  717     0 0.036649 0.000000 1000000.0   0   0   0     0     0     0   0.0   0.0
  718     0 0.118244 0.000000 1000000.0   0   0   0     0     0     0   0.0   0.0
  719     0 0.033049 0.000000 1000000.0   0   0   0     0     0     0   0.0   0.0
  720     0 0.086305 0.000000 1000000.0   0   0   0     0     0     0   0.0   0.0
  721     0 0.094695 0.000000 1000000.0   0   0   0     0     0     0   0.0   0.0
  722     0 0.071250 0.000000 1000000.0   0   0   0     0     0     0   0.0   0.0
  723     0 0.021138 0.000000 1000000.0   0   0   0     0     0     0   0.0   0.0
  724     0 0.016636 0.000000 1000000.0   0   0   0     0     0     0   0.0   0.0
  725     0 0.024952 0.000000 1000000.0   0   0   0     0     0     0   0.0   0.0
  726     0 0.038185 0.000000 1000000.0   0   0   0     0     0     0   0.0   0.0
  727     0 0.027968 0.000000 1000000.0   0   0   0     0     0     0   0.0   0.0
  728     0 0.021095 0.000000 1000000.0   0   0   0     0     0     0   0.0   0.0
  729     0 0.023146 0.000000 1000000.0   0   0   0     0     0     0   0.0   0.0
  730     0 0.022357 0.000000 1000000.0   0   0   0     0     0     0   0.0   0.0
  731     0 0.021081 0.000000 1000000.0   0   0   0     0     0     0   0.0   0.0
  732     0 0.017129 0.000000 1000000.0   0   0   0     0     0     0   0.0   0.0
  733     0 0.024630 0.000000 1000000.0   0   0   0     0     0     0   0.0   0.0
  734     0 0.035475 0.000000 1000000.0   0   0   0     0     0     0   0.0   0.0
  735     0 0.042278 0.000000 1000000.0   0   0   0     0     0     0   0.0   0.0
  736     0 0.113737 0.000000 1000000.0   0   0   0     0     0     0   0.0   0.0
  737     0 0.035433 0.000000 1000000.0   0   0   0     0     0     0   0.0   0.0
  738     0 0.048917 0.000000 1000000.0   0   0   0     0     0     0   0.0   0.0
  739     0 0.143025 0.000000 1000000.0   0   0   0     0     0     0   0.0   0.0
  740     0 0.065530 0.000000 1000000.0   0   0   0     0     0     0   0.0   0.0
  741     0 0.067935 0.000000 1000000.0   0   0   0     0     0     0   0.0   0.0
  742     0 0.011490 0.000000 1000000.0   0   0   0     0     0     0   0.0   0.0
  743     0 0.006433 0.000000 1000000.0   0   0   0     0     0     0   0.0   0.0
  744     0 0.011423 0.000000 1000000.0   0   0   0     0     0     0   0.0   0.0
  745     0 0.011347 0.000000 1000000.0   0   0   0     0     0     0   0.0   0.0
  746     0 0.015356 0.000000 1000000.0   0   0   0     0     0     0   0.0   0.0
  747     0 0.060583 0.000000 1000000.0   0   0   0     0     0     0   0.0   0.0
  748     0 0.055868 0.000000 1000000.0   0   0   0     0     0     0   0.0   0.0
  749     0 0.021066 0.000000 1000000.0   0   0   0     0     0     0   0.0   0.0
  750     0 0.035452 0.000000 1000000.0   0   0   0     0     0     0   0.0   0.0
  751     0 0.065932 0.000000 1000000.0   0   0   0     0     0     0   0.0   0.0
  752     0 0.100304 0.000000 1000000.0   0   0   0     0     0     0   0.0   0.0
  753     0 0.043039 0.000000 1000000.0   0   0   0     0     0     0   0.0   0.0
  754     0 0.074400 0.000000 1000000.0   0   0   0     0     0     0   0.0   0.0
  755     0 0.064889 0.000000 1000000.0   0   0   0     0     0     0   0.0   0.0
  756     0 0.076112 0.000000 1000000.0   0   0   0     0     0     0   0.0   0.0
  757     0 0.101816 0.000000 1000000.0   0   0   0     0     0     0   0.0   0.0
  758     0 0.144551 0.000000 1000000.0   0   0   0     0     0     0   0.0   0.0
  759     0 0.076179 0.000000 1000000.0   0   0   0     0     0     0   0.0   0.0
  760     0 0.101350 0.000000 1000000.0   0   0   0     0     0     0   0.0   0.0
  761     0 0.214839 0.000000 1000000.0   0   0   0     0     0     0   0.0   0.0
  762     0 0.197053 0.000000 1000000.0   0   0   0     0     0     0   0.0   0.0
  763     0 0.102678 0.000000 1000000.0   0   0   0     0     0     0   0.0   0.0
  764     0 0.031636 0.000000 1000000.0   0   0   0     0     0     0   0.0   0.0
  765     0 0.036477 0.000000 1000000.0   0   0   0     0     0     0   0.0   0.0
  766     0 0.088558 0.000000 1000000.0   0   0   0     0     0     0   0.0   0.0
  767     0 0.052378 0.000000 1000000.0   0   0   0     0     0     0   0.0   0.0
  768     0 0.039207 0.000000 1000000.0   0   0   0     0     0     0   0.0   0.0
  769     0 0.040350 0.000000 1000000.0   0   0   0     0     0     0   0.0   0.0
  770     0 0.040407 0.000000 1000000.0   0   0   0     0     0     0   0.0   0.0
  771     0 0.048374 0.000000 1000000.0   0   0   0     0     0     0   0.0   0.0
  772     0 0.047297 0.000000 1000000.0   0   0   0     0     0     0   0.0   0.0
  773     0 0.076412 0.000000 1000000.0   0   0   0     0     0     0   0.0   0.0
  774     0 0.079230 0.000000 1000000.0   0   0   0     0     0     0   0.0   0.0
  775     0 0.052496 0.000000 1000000.0   0   0   0     0     0     0   0.0   0.0
  776     0 0.057319 0.000000 1000000.0   0   0   0     0     0     0   0.0   0.0
  777     0 0.047691 0.000000 1000000.0   0   0   0     0     0     0   0.0   0.0
  778     0 0.042689 0.000000 1000000.0   0   0   0     0     0     0   0.0   0.0
  779     0 0.048316 0.000000 1000000.0   0   0   0     0     0     0   0.0   0.0
  780     0 0.079272 0.000000 1000000.0   0   0   0     0     0     0   0.0   0.0
  781     0 0.128033 0.000000 1000000.0   0   0   0     0     0     0   0.0   0.0
  782     0 0.091604 0.000000 1000000.0   0   0   0     0     0     0   0.0   0.0
  783     0 0.076963 0.000000 1000000.0   0   0   0     0     0     0   0.0   0.0
  784     0 0.115096 0.000000 1000000.0   0   0   0     0     0     0   0.0   0.0
  785     0 0.253685 0.000000 1000000.0   0   0   0     0     0     0   0.0   0.0
  786     0 0.228874 0.000000 1000000.0   0   0   0     0     0     0   0.0   0.0
  787     0 0.086324 0.000000 1000000.0   0   0   0     0     0     0   0.0   0.0
  788     0 0.093146 0.000000 1000000.0   0   0   0     0     0     0   0.0   0.0
  789     0 0.238586 0.000000 1000000.0   0   0   0     0     0     0   0.0   0.0
  790     0 0.247748 0.000000 1000000.0   0   0   0     0     0     0   0.0   0.0
  791     0 0.082091 0.000000 1000000.0   0   0   0     0     0     0   0.0   0.0
  792     0 0.088124 0.000000 1000000.0   0   0   0     0     0     0   0.0   0.0
  793     0 0.085953 0.000000 1000000.0   0   0   0     0     0     0   0.0   0.0
  794     0 0.121527 0.000000 1000000.0   0   0   0     0     0     0   0.0   0.0
  795     0 0.081859 0.000000 1000000.0   0   0   0     0     0     0   0.0   0.0
  796     0 0.115595 0.000000 1000000.0   0   0   0     0     0     0   0.0   0.0
  797     0 0.107235 0.000000 1000000.0   0   0   0     0     0     0   0.0   0.0
  798     0 0.121286 0.000000 1000000.0   0   0   0     0     0     0   0.0   0.0
  799     0 0.234271 0.000000 1000000.0   0   0   0     0     0     0   0.0   0.0
  800     0 0.300891 0.000000 1000000.0   0   0   0     0     0     0   0.0   0.0
  801     0 0.136731 0.000000 1000000.0   0   0   0     0     0     0   0.0   0.0
  802     0 0.129047 0.000000 1000000.0   0   0   0     0     0     0   0.0   0.0
  803     0 0.155432 0.000000 1000000.0   0   0   0     0     0     0   0.0   0.0
  804     0 0.150837 0.000000 1000000.0   0   0   0     0     0     0   0.0   0.0
  805     0 0.162544 0.000000 1000000.0   0   0   0     0     0     0   0.0   0.0
  806     0 0.209346 0.000000 1000000.0   0   0   0     0     0     0   0.0   0.0
  807     0 0.204952 0.000000 1000000.0   0   0   0     0     0     0   0.0   0.0
  808     0 0.228016 0.000000 1000000.0   0   0   0     0     0     0   0.0   0.0
  809     0 0.225908 0.000000 1000000.0   0   0   0     0     0     0   0.0   0.0
  810     0 0.282950 0.000000 1000000.0   0   0   0     0     0     0   0.0   0.0
  811     0 0.181984 0.000000 1000000.0   0   0   0     0     0     0   0.0   0.0
  812     0 0.172669 0.000000 1000000.0   0   0   0     0     0     0   0.0   0.0
  813     0 0.105565 0.000000 1000000.0   0   0   0     0     0     0   0.0   0.0
  814     0 0.118662 0.000000 1000000.0   0   0   0     0     0     0   0.0   0.0
  815     0 0.127393 0.000000 1000000.0   0   0   0     0     0     0   0.0   0.0
  816     0 0.123832 0.000000 1000000.0   0   0   0     0     0     0   0.0   0.0
  817     0 0.235431 0.000000 1000000.0   0   0   0     0     0     0   0.0   0.0
  818     0 0.108006 0.000000 1000000.0   0   0   0     0     0     0   0.0   0.0
  819     0 0.152539 0.000000 1000000.0   0   0   0     0     0     0   0.0   0.0
  820     0 0.134229 0.000000 1000000.0   0   0   0     0     0     0   0.0   0.0
  821     0 0.186392 0.000000 1000000.0   0   0   0     0     0     0   0.0   0.0
  822     0 0.000000 0.231608 1000000.0   0   0   0     0     0     0   0.0   0.0
  823     0 0.000000 0.289307 1000000.0   0   0   0     0     0     0   0.0   0.0
  824     0 0.000000 0.255738 1000000.0   0   0   0     0     0     0   0.0   0.0
  825     0 0.000000 0.154473 1000000.0   0   0   0     0     0     0   0.0   0.0
  826     0 0.000000 0.205872 1000000.0   0   0   0     0     0     0   0.0   0.0
  827     0 0.000000 0.092562 1000000.0   0   0   0     0     0     0   0.0   0.0
  828     0 0.000000 0.149634 1000000.0   0   0   0     0     0     0   0.0   0.0
  829     0 0.000000 0.158672 1000000.0   0   0   0     0     0     0   0.0   0.0
  830     0 0.000000 0.238756 1000000.0   0   0   0     0     0     0   0.0   0.0
  831     0 0.000000 0.285886 1000000.0   0   0   0     0     0     0   0.0   0.0
  832     0 0.000000 0.300969 1000000.0   0   0   0     0     0     0   0.0   0.0
  833     0 0.000000 0.448587 1000000.0   0   0   0     0     0     0   0.0   0.0
  834     0 0.000000 0.380135 1000000.0   0   0   0     0     0     0   0.0   0.0
  835     0 0.000000 0.347828 1000000.0   0   0   0     0     0     0   0.0   0.0
  836     0 0.000000 0.333917 1000000.0   0   0   0     0     0     0   0.0   0.0
  837     0 0.000000 0.279480 1000000.0   0   0   0     0     0     0   0.0   0.0
  838     0 0.000000 0.184120 1000000.0   0   0   0     0     0     0   0.0   0.0
  839     0 0.000000 0.213457 1000000.0   0   0   0     0     0     0   0.0   0.0
  840     0 0.000000 0.285912 1000000.0   0   0   0     0     0     0   0.0   0.0
  841     0 0.000000 0.281906 1000000.0   0   0   0     0     0     0   0.0   0.0
  842     0 0.000000 0.344668 1000000.0   0   0   0     0     0     0   0.0   0.0
  843     0 0.000000 0.357929 1000000.0   0   0   0     0     0     0   0.0   0.0
  844     0 0.000000 0.350631 1000000.0   0   0   0     0     0     0   0.0   0.0
  845     0 0.000000 0.343111 1000000.0   0   0   0     0     0     0   0.0   0.0
  846     0 0.000000 0.353374 1000000.0   0   0   0     0     0     0   0.0   0.0
  847     0 0.000000 0.294549 1000000.0   0   0   0     0     0     0   0.0   0.0
  848     0 0.000000 0.165686 1000000.0   0   0   0     0     0     0   0.0   0.0
  849     0 0.000000 0.288905 1000000.0   0   0   0     0     0     0   0.0   0.0
  850     0 0.000000 0.132819 1000000.0   0   0   0     0     0     0   0.0   0.0
  851     0 0.000000 0.185933 1000000.0   0   0   0     0     0     0   0.0   0.0
  852     0 0.000000 0.146764 1000000.0   0   0   0     0     0     0   0.0   0.0
  853     0 0.000000 0.223402 1000000.0   0   0   0     0     0     0   0.0   0.0
  854     0 0.000000 0.270686 1000000.0   0   0   0     0     0     0   0.0   0.0
  855     0 0.000000 0.363756 1000000.0   0   0   0     0     0     0   0.0   0.0
  856     0 0.000000 0.275183 1000000.0   0   0   0     0     0     0   0.0   0.0
  857     0 0.000000 0.252241 1000000.0   0   0   0     0     0     0   0.0   0.0
  858     0 0.000000 0.245926 1000000.0   0   0   0     0     0     0   0.0   0.0
  859     0 0.000000 0.244885 1000000.0   0   0   0     0     0     0   0.0   0.0
  860     0 0.000000 0.282630 1000000.0   0   0   0     0     0     0   0.0   0.0
  861     0 0.000000 0.407745 1000000.0   0   0   0     0     0     0   0.0   0.0
  862     0 0.000000 0.474637 1000000.0   0   0   0     0     0     0   0.0   0.0
  863     0 0.000000 0.486457 1000000.0   0   0   0     0     0     0   0.0   0.0
  864     0 0.000000 0.511999 1000000.0   0   0   0     0     0     0   0.0   0.0
  865     0 0.000000 0.370601 1000000.0   0   0   0     0     0     0   0.0   0.0
  866     0 0.000000 0.356338 1000000.0   0   0   0     0     0     0   0.0   0.0
  867     0 0.000000 0.613784 1000000.0   0   0   0     0     0     0   0.0   0.0
  868     0 0.000000 0.512388 1000000.0   0   0   0     0     0     0   0.0   0.0
  869     0 0.000000 0.475692 1000000.0   0   0   0     0     0     0   0.0   0.0
  870     0 0.000000 0.213390 1000000.0   0   0   0     0     0     0   0.0   0.0
  871     0 0.000000 0.235334 1000000.0   0   0   0     0     0     0   0.0   0.0
  872     0 0.000000 0.262687 1000000.0   0   0   0     0     0     0   0.0   0.0
  873     0 0.000000 0.178930 1000000.0   0   0   0     0     0     0   0.0   0.0
  874     0 0.000000 0.199141 1000000.0   0   0   0     0     0     0   0.0   0.0
  875     0 0.000000 0.338353 1000000.0   0   0   0     0     0     0   0.0   0.0
  876     0 0.000000 0.273168 1000000.0   0   0   0     0     0     0   0.0   0.0
  877     0 0.000000 0.375090 1000000.0   0   0   0     0     0     0   0.0   0.0
  878     0 0.000000 0.436360 1000000.0   0   0   0     0     0     0   0.0   0.0
  879     0 0.000000 0.518795 1000000.0   0   0   0     0     0     0   0.0   0.0
  880     0 0.000000 0.317685 1000000.0   0   0   0     0     0     0   0.0   0.0
  881     0 0.000000 0.333000 1000000.0   0   0   0     0     0     0   0.0   0.0
  882     0 0.000000 0.418565 1000000.0   0   0   0     0     0     0   0.0   0.0
  883     0 0.000000 0.410749 1000000.0   0   0   0     0     0     0   0.0   0.0
  884     0 0.000000 0.346010 1000000.0   0   0   0     0     0     0   0.0   0.0
  885     0 0.000000 0.308899 1000000.0   0   0   0     0     0     0   0.0   0.0
  886     0 0.000000 0.398532 1000000.0   0   0   0     0     0     0   0.0   0.0
  887     0 0.000000 0.553136 1000000.0   0   0   0     0     0     0   0.0   0.0
  888     0 0.000000 0.590500 1000000.0   0   0   0     0     0     0   0.0   0.0
  889     0 0.000000 0.615302 1000000.0   0   0   0     0     0     0   0.0   0.0
  890     0 0.000000 0.596202 1000000.0   0   0   0     0     0     0   0.0   0.0
  891     0 0.000000 0.483571 1000000.0   0   0   0     0     0     0   0.0   0.0
  892     0 0.000000 0.446831 1000000.0   0   0   0     0     0     0   0.0   0.0
  893     0 0.000000 0.589321 1000000.0   0   0   0     0     0     0   0.0   0.0
  894     0 0.000000 0.688076 1000000.0   0   0   0     0     0     0   0.0   0.0
  895     0 0.000000 0.598162 1000000.0   0   0   0     0     0     0   0.0   0.0
  896     0 0.000000 0.677914 1000000.0   0   0   0     0     0     0   0.0   0.0
  897     0 0.000000 0.375980 1000000.0   0   0   0     0     0     0   0.0   0.0
  898     0 0.000000 0.423012 1000000.0   0   0   0     0     0     0   0.0   0.0
  899     0 0.000000 0.160948 1000000.0   0   0   0     0     0     0   0.0   0.0
  900     0 0.000000 0.267577 1000000.0   0   0   0     0     0     0   0.0   0.0
  901     0 0.000000 0.362689 1000000.0   0   0   0     0     0     0   0.0   0.0
  902     0 0.000000 0.445465 1000000.0   0   0   0     0     0     0   0.0   0.0
  903     0 0.000000 0.571688 1000000.0   0   0   0     0     0     0   0.0   0.0
  904     0 0.000000 0.595917 1000000.0   0   0   0     0     0     0   0.0   0.0
  905     0 0.000000 0.760217 1000000.0   0   0   0     0     0     0   0.0   0.0
  906     0 0.000000 0.786251 1000000.0   0   0   0     0     0     0   0.0   0.0
  907     0 0.000000 0.666255 1000000.0   0   0   0     0     0     0   0.0   0.0
  908     0 0.000000 0.559016 1000000.0   0   0   0     0     0     0   0.0   0.0
  909     0 0.000000 0.405318 1000000.0   0   0   0     0     0     0   0.0   0.0
  910     0 0.000000 0.363790 1000000.0   0   0   0     0     0     0   0.0   0.0
  911     0 0.000000 0.558996 1000000.0   0   0   0     0     0     0   0.0   0.0
  912     0 0.000000 0.311521 1000000.0   0   0   0     0     0     0   0.0   0.0
  913     0 0.000000 0.303625 1000000.0   0   0   0     0     0     0   0.0   0.0
  914     0 0.000000 0.432325 1000000.0   0   0   0     0     0     0   0.0   0.0
  915     0 0.000000 0.306812 1000000.0   0   0   0     0     0     0   0.0   0.0
  916     0 0.000000 0.413370 1000000.0   0   0   0     0     0     0   0.0   0.0
  917     0 0.000000 0.525355 1000000.0   0   0   0     0     0     0   0.0   0.0
  918     0 0.000000 0.582725 1000000.0   0   0   0     0     0     0   0.0   0.0
  919     0 0.000000 0.546465 1000000.0   0   0   0     0     0     0   0.0   0.0
  920     0 0.000000 0.628300 1000000.0   0   0   0     0     0     0   0.0   0.0
  921     0 0.000000 0.611775 1000000.0   0   0   0     0     0     0   0.0   0.0
  922     0 0.000000 0.711526 1000000.0   0   0   0     0     0     0   0.0   0.0
  923     0 0.000000 0.683162 1000000.0   0   0   0     0     0     0   0.0   0.0
  924     0 0.000000 0.687573 1000000.0   0   0   0     0     0     0   0.0   0.0
  925     0 0.000000 0.725879 1000000.0   0   0   0     0     0     0   0.0   0.0
  926     0 0.000000 0.504401 1000000.0   0   0   0     0     0     0   0.0   0.0
  927     0 0.000000 0.725361 1000000.0   0   0   0     0     0     0   0.0   0.0
  928     0 0.000000 0.611377 1000000.0   0   0   0     0     0     0   0.0   0.0
  929     0 0.000000 0.614087 1000000.0   0   0   0     0     0     0   0.0   0.0
  930     0 0.000000 0.647425 1000000.0   0   0   0     0     0     0   0.0   0.0
  931     0 0.000000 0.692064 1000000.0   0   0   0     0     0     0   0.0   0.0
  932     0 0.000000 0.700204 1000000.0   0   0   0     0     0     0   0.0   0.0
  933     0 0.000000 0.602561 1000000.0   0   0   0     0     0     0   0.0   0.0
  934     0 0.000000 0.547074 1000000.0   0   0   0     0     0     0   0.0   0.0
  935     0 0.000000 0.746051 1000000.0   0   0   0     0     0     0   0.0   0.0
  936     0 0.000000 0.668640 1000000.0   0   0   0     0     0     0   0.0   0.0
  937     0 0.000000 0.805559 1000000.0   0   0   0     0     0     0   0.0   0.0
  938     0 0.000000 0.618899 1000000.0   0   0   0     0     0     0   0.0   0.0
  939     0 0.000000 0.433627 1000000.0   0   0   0     0     0     0   0.0   0.0
  940     0 0.000000 0.468711 1000000.0   0   0   0     0     0     0   0.0   0.0
  941     0 0.000000 0.566324 1000000.0   0   0   0     0     0     0   0.0   0.0
  942     0 0.000000 0.232484 1000000.0   0   0   0     0     0     0   0.0   0.0
  943     0 0.000000 0.494659 1000000.0   0   0   0     0     0     0   0.0   0.0
  944     0 0.000000 0.601739 1000000.0   0   0   0     0     0     0   0.0   0.0
  945     0 0.000000 0.648656 1000000.0   0   0   0     0     0     0   0.0   0.0
  946     0 0.000000 0.605296 1000000.0   0   0   0     0     0     0   0.0   0.0
  947     0 0.000000 0.411522 1000000.0   0   0   0     0     0     0   0.0   0.0
  948     0 0.000000 0.522019 1000000.0   0   0   0     0     0     0   0.0   0.0
  949     0 0.000000 0.805831 1000000.0   0   0   0     0     0     0   0.0   0.0
  950     0 0.000000 0.394016 1000000.0   0   0   0     0     0     0   0.0   0.0
  951     0 0.000000 0.385120 1000000.0   0   0   0     0     0     0   0.0   0.0
  952     0 0.000000 0.526510 1000000.0   0   0   0     0     0     0   0.0   0.0
  953     0 0.000000 0.512118 1000000.0   0   0   0     0     0     0   0.0   0.0
  954     0 0.000000 0.411443 1000000.0   0   0   0     0     0     0   0.0   0.0
  955     0 0.000000 0.291664 1000000.0   0   0   0     0     0     0   0.0   0.0
  956     0 0.000000 0.263703 1000000.0   0   0   0     0     0     0   0.0   0.0
  957     0 0.000000 0.372807 1000000.0   0   0   0     0     0     0   0.0   0.0
  958     0 0.000000 0.345031 1000000.0   0   0   0     0     0     0   0.0   0.0
  959     0 0.000000 0.322516 1000000.0   0   0   0     0     0     0   0.0   0.0
  960     0 0.000000 0.462856 1000000.0   0   0   0     0     0     0   0.0   0.0
  961     0 0.000000 0.415284 1000000.0   0   0   0     0     0     0   0.0   0.0
  962     0 0.000000 0.331728 1000000.0   0   0   0     0     0     0   0.0   0.0
  963     0 0.000000 0.374566 1000000.0   0   0   0     0     0     0   0.0   0.0
  964     0 0.000000 0.330533 1000000.0   0   0   0     0     0     0   0.0   0.0
  965     0 0.000000 0.415669 1000000.0   0   0   0     0     0     0   0.0   0.0
  966     0 0.000000 0.419096 1000000.0   0   0   0     0     0     0   0.0   0.0
  967     0 0.000000 0.331108 1000000.0   0   0   0     0     0     0   0.0   0.0
  968     0 0.000000 0.334695 1000000.0   0   0   0     0     0     0   0.0   0.0
  969     0 0.000000 0.369108 1000000.0   0   0   0     0     0     0   0.0   0.0
  970     0 0.000000 0.254622 1000000.0   0   0   0     0     0     0   0.0   0.0
  971     0 0.000000 0.380603 1000000.0   0   0   0     0     0     0   0.0   0.0
  972     0 0.000000 0.350452 1000000.0   0   0   0     0     0     0   0.0   0.0
  973     0 0.000000 0.414361 1000000.0   0   0   0     0     0     0   0.0   0.0
  974     0 0.000000 0.456149 1000000.0   0   0   0     0     0     0   0.0   0.0
  975     0 0.000000 0.504230 1000000.0   0   0   0     0     0     0   0.0   0.0
  976     0 0.000000 0.418664 1000000.0   0   0   0     0     0     0   0.0   0.0
  977     0 0.000000 0.324191 1000000.0   0   0   0     0     0     0   0.0   0.0
  978     0 0.000000 0.372830 1000000.0   0   0   0     0     0     0   0.0   0.0
  979     0 0.000000 0.385188 1000000.0   0   0   0     0     0     0   0.0   0.0
  980     0 0.000000 0.386947 1000000.0   0   0   0     0     0     0   0.0   0.0
  981     0 0.000000 0.373703 1000000.0   0   0   0     0     0     0   0.0   0.0
  982     0 0.000000 0.370836 1000000.0   0   0   0     0     0     0   0.0   0.0
  983     0 0.000000 0.525339 1000000.0   0   0   0     0     0     0   0.0   0.0
  984     0 0.000000 0.304728 1000000.0   0   0   0     0     0     0   0.0   0.0
  985     0 0.000000 0.221469 1000000.0   0   0   0     0     0     0   0.0   0.0
  986     0 0.000000 0.124422 1000000.0   0   0   0     0     0     0   0.0   0.0
  987     0 0.000000 0.199059 1000000.0   0   0   0     0     0     0   0.0   0.0
  988     0 0.000000 0.287776 1000000.0   0   0   0     0     0     0   0.0   0.0
  989     0 0.000000 0.300241 1000000.0   0   0   0     0     0     0   0.0   0.0
  990     0 0.000000 0.306273 1000000.0   0   0   0     0     0     0   0.0   0.0
  991     0 0.000000 0.129893 1000000.0   0   0   0     0     0     0   0.0   0.0
  992     0 0.000000 0.153091 1000000.0   0   0   0     0     0     0   0.0   0.0
  993     0 0.000000 0.274001 1000000.0   0   0   0     0     0     0   0.0   0.0
  994     0 0.000000 0.243554 1000000.0   0   0   0     0     0     0   0.0   0.0
  995     0 0.000000 0.254537 1000000.0   0   0   0     0     0     0   0.0   0.0
  996     0 0.000000 0.205851 1000000.0   0   0   0     0     0     0   0.0   0.0
  997     0 0.000000 0.217290 1000000.0   0   0   0     0     0     0   0.0   0.0
  998     0 0.000000 0.307322 1000000.0   0   0   0     0     0     0   0.0   0.0
  999     0 0.000000 0.279537 1000000.0   0   0   0     0     0     0   0.0   0.0
 1000     0 0.000000 0.250806 1000000.0   0   0   0     0     0     0   0.0   0.0
 1001     0 0.000000 0.313248 1000000.0   0   0   0     0     0     0   0.0   0.0
 1002     0 0.000000 0.309925 1000000.0   0   0   0     0     0     0   0.0   0.0
 1003     0 0.000000 0.197286 1000000.0   0   0   0     0     0     0   0.0   0.0
 1004     0 0.000000 0.260857 1000000.0   0   0   0     0     0     0   0.0   0.0
 1005     0 0.267625 0.000000 1000000.0   0   0   0     0     0     0   0.0   0.0
 1006     0 0.221315 0.000000 1000000.0   0   0   0     0     0     0   0.0   0.0
 1007     0 0.217569 0.000000 1000000.0   0   0   0     0     0     0   0.0   0.0
 1008     0 0.211938 0.000000 1000000.0   0   0   0     0     0     0   0.0   0.0
 1009     0 0.250923 0.000000 1000000.0   0   0   0     0     0     0   0.0   0.0
 1010     0 0.256211 0.000000 1000000.0   0   0   0     0     0     0   0.0   0.0
 1011     0 0.196450 0.000000 1000000.0   0   0   0     0     0     0   0.0   0.0
 1012     0 0.201863 0.000000 1000000.0   0   0   0     0     0     0   0.0   0.0
 1013     0 0.177897 0.000000 1000000.0   0   0   0     0     0     0   0.0   0.0
 1014     0 0.154464 0.000000 1000000.0   0   0   0     0     0     0   0.0   0.0
 1015     0 0.143022 0.000000 1000000.0   0   0   0     0     0     0   0.0   0.0
 1016     0 0.159674 0.000000 1000000.0   0   0   0     0     0     0   0.0   0.0
 1017     0 0.168783 0.000000 1000000.0   0   0   0     0     0     0   0.0   0.0
 1018     0 0.145659 0.000000 1000000.0   0   0   0     0     0     0   0.0   0.0
 1019     0 0.149580 0.000000 1000000.0   0   0   0     0     0     0   0.0   0.0
 1020     0 0.106901 0.000000 1000000.0   0   0   0     0     0     0   0.0   0.0
 1021     0 0.084202 0.000000 1000000.0   0   0   0     0     0     0   0.0   0.0
 1022     0 0.112850 0.000000 1000000.0   0   0   0     0     0     0   0.0   0.0
 1023     0 0.124209 0.000000 1000000.0   0   0   0     0     0     0   0.0   0.0
 1024     0 0.154562 0.000000 1000000.0   0   0   0     0     0     0   0.0   0.0
 1025     0 0.075882 0.000000 1000000.0   0   0   0     0     0     0   0.0   0.0
 1026     0 0.087781 0.000000 1000000.0   0   0   0     0     0     0   0.0   0.0
 1027     0 0.072034 0.000000 1000000.0   0   0   0     0     0     0   0.0   0.0
 1028     0 0.072226 0.000000 1000000.0   0   0   0     0     0     0   0.0   0.0
 1029     0 0.104736 0.000000 1000000.0   0   0   0     0     0     0   0.0   0.0
 1030     0 0.108645 0.000000 1000000.0   0   0   0     0     0     0   0.0   0.0
 1031     0 0.123200 0.000000 1000000.0   0   0   0     0     0     0   0.0   0.0
 1032     0 0.077944 0.000000 1000000.0   0   0   0     0     0     0   0.0   0.0
 1033     0 0.065219 0.000000 1000000.0   0   0   0     0     0     0   0.0   0.0
 1034     0 0.074088 0.000000 1000000.0   0   0   0     0     0     0   0.0   0.0
 1035     0 0.047458 0.000000 1000000.0   0   0   0     0     0     0   0.0   0.0
 1036     0 0.064870 0.000000 1000000.0   0   0   0     0     0     0   0.0   0.0
 1037     0 0.069552 0.000000 1000000.0   0   0   0     0     0     0   0.0   0.0
 1038     0 0.051395 0.000000 1000000.0   0   0   0     0     0     0   0.0   0.0
 1039     0 0.100399 0.000000 1000000.0   0   0   0     0     0     0   0.0   0.0
 1040     0 0.087323 0.000000 1000000.0   0   0   0     0     0     0   0.0   0.0
 1041     0 0.094740 0.000000 1000000.0   0   0   0     0     0     0   0.0   0.0
 1042     0 0.079640 0.000000 1000000.0   0   0   0     0     0     0   0.0   0.0
 1043     0 0.049875 0.000000 1000000.0   0   0   0     0     0     0   0.0   0.0
 1044     0 0.042757 0.000000 1000000.0   0   0   0     0     0     0   0.0   0.0
 1045     0 0.049236 0.000000 1000000.0   0   0   0     0     0     0   0.0   0.0
 1046     0 0.066420 0.000000 1000000.0   0   0   0     0     0     0   0.0   0.0
 1047     0 0.087849 0.000000 1000000.0   0   0   0     0     0     0   0.0   0.0
 1048     0 0.127428 0.000000 1000000.0   0   0   0     0     0     0   0.0   0.0
 1049     0 0.086079 0.000000 1000000.0   0   0   0     0     0     0   0.0   0.0
 1050     0 0.037323 0.000000 1000000.0   0   0   0     0     0     0   0.0   0.0
 1051     0 0.046360 0.000000 1000000.0   0   0   0     0     0     0   0.0   0.0
 1052     0 0.066731 0.000000 1000000.0   0   0   0     0     0     0   0.0   0.0
 1053     0 0.036299 0.000000 1000000.0   0   0   0     0     0     0   0.0   0.0
 1054     0 0.028687 0.000000 1000000.0   0   0   0     0     0     0   0.0   0.0
 1055     0 0.037170 0.000000 1000000.0   0   0   0     0     0     0   0.0   0.0
 1056     0 0.034546 0.000000 1000000.0   0   0   0     0     0     0   0.0   0.0
 1057     0 0.040228 0.000000 1000000.0   0   0   0     0     0     0   0.0   0.0
 1058     0 0.050073 0.000000 1000000.0   0   0   0     0     0     0   0.0   0.0
 1059     0 0.036097 0.000000 1000000.0   0   0   0     0     0     0   0.0   0.0
 1060     0 0.032168 0.000000 1000000.0   0   0   0     0     0     0   0.0   0.0
 1061     0 0.032874 0.000000 1000000.0   0   0   0     0     0     0   0.0   0.0
 1062     0 0.078078 0.000000 1000000.0   0   0   0     0     0     0   0.0   0.0
 1063     0 0.065913 0.000000 1000000.0   0   0   0     0     0     0   0.0   0.0
 1064     0 0.028095 0.000000 1000000.0   0   0   0     0     0     0   0.0   0.0
 1065     0 0.027955 0.000000 1000000.0   0   0   0     0     0     0   0.0   0.0
 1066     0 0.029295 0.000000 1000000.0   0   0   0     0     0     0   0.0   0.0
 1067     0 0.008699 0.000000 1000000.0   0   0   0     0     0     0   0.0   0.0
 1068     0 0.013000 0.000000 1000000.0   0   0   0     0     0     0   0.0   0.0
 1069     0 0.006071 0.000000 1000000.0   0   0   0     0     0     0   0.0   0.0
 1070     0 0.006070 0.000000 1000000.0   0   0   0     0     0     0   0.0   0.0
 1071     0 0.008923 0.000000 1000000.0   0   0   0     0     0     0   0.0   0.0
 1072     0 0.030855 0.000000 1000000.0   0   0   0     0     0     0   0.0   0.0
 1073     0 0.051364 0.000000 1000000.0   0   0   0     0     0     0   0.0   0.0
 1074     0 0.056321 0.000000 1000000.0   0   0   0     0     0     0   0.0   0.0
 1075     0 0.049733 0.000000 1000000.0   0   0   0     0     0     0   0.0   0.0
 1076     0 0.066241 0.000000 1000000.0   0   0   0     0     0     0   0.0   0.0
 1077     0 0.018964 0.000000 1000000.0   0   0   0     0     0     0   0.0   0.0
 1078     0 0.027749 0.000000 1000000.0   0   0   0     0     0     0   0.0   0.0
 1079     0 0.034724 0.000000 1000000.0   0   0   0     0     0     0   0.0   0.0
 1080     0 0.017593 0.000000 1000000.0   0   0   0     0     0     0   0.0   0.0
 1081     0 0.020910 0.000000 1000000.0   0   0   0     0     0     0   0.0   0.0
 1082     0 0.013116 0.000000 1000000.0   0   0   0     0     0     0   0.0   0.0
 1083     0 0.011982 0.000000 1000000.0   0   0   0     0     0     0   0.0   0.0
 1084     0 0.069400 0.000000 1000000.0   0   0   0     0     0     0   0.0   0.0
 1085     0 0.022167 0.000000 1000000.0   0   0   0     0     0     0   0.0   0.0
 1086     0 0.026628 0.000000 1000000.0   0   0   0     0     0     0   0.0   0.0
 1087     0 0.011573 0.000000 1000000.0   0   0   0     0     0     0   0.0   0.0
 1088     0 0.019778 0.000000 1000000.0   0   0   0     0     0     0   0.0   0.0
 1089     0 0.028562 0.000000 1000000.0   0   0   0     0     0     0   0.0   0.0
 1090     0 0.020026 0.000000 1000000.0   0   0   0     0     0     0   0.0   0.0
 1091     0 0.054393 0.000000 1000000.0   0   0   0     0     0     0   0.0   0.0
 1092     0 0.045102 0.000000 1000000.0   0   0   0     0     0     0   0.0   0.0
 1093     0 0.028554 0.000000 1000000.0   0   0   0     0     0     0   0.0   0.0
 1094     0 0.032290 0.000000 1000000.0   0   0   0     0     0     0   0.0   0.0
 1095     0 0.033211 0.000000 1000000.0   0   0   0     0     0     0   0.0   0.0
 1096     0 0.037991 0.000000 1000000.0   0   0   0     0     0     0   0.0   0.0
 1097     0 0.019470 0.000000 1000000.0   0   0   0     0     0     0   0.0   0.0
 1098     0 0.019003 0.000000 1000000.0   0   0   0     0     0     0   0.0   0.0
 1099     0 0.032552 0.000000 1000000.0   0   0   0     0     0     0   0.0   0.0
 1100     0 0.036757 0.000000 1000000.0   0   0   0     0     0     0   0.0   0.0
 1101     0 0.021706 0.000000 1000000.0   0   0   0     0     0     0   0.0   0.0
 1102     0 0.014415 0.000000 1000000.0   0   0   0     0     0     0   0.0   0.0
 1103     0 0.012667 0.000000 1000000.0   0   0   0     0     0     0   0.0   0.0
 1104     0 0.025652 0.000000 1000000.0   0   0   0     0     0     0   0.0   0.0
 1105     0 0.017692 0.000000 1000000.0   0   0   0     0     0     0   0.0   0.0
 1106     0 0.019732 0.000000 1000000.0   0   0   0     0     0     0   0.0   0.0
 1107     0 0.037551 0.000000 1000000.0   0   0   0     0     0     0   0.0   0.0
 1108     0 0.041891 0.000000 1000000.0   0   0   0     0     0     0   0.0   0.0
 1109     0 0.039502 0.000000 1000000.0   0   0   0     0     0     0   0.0   0.0
 1110     0 0.043750 0.000000 1000000.0   0   0   0     0     0     0   0.0   0.0
 1111     0 0.018898 0.000000 1000000.0   0   0   0     0     0     0   0.0   0.0
 1112     0 0.022269 0.000000 1000000.0   0   0   0     0     0     0   0.0   0.0
 1113     0 0.048639 0.000000 1000000.0   0   0   0     0     0     0   0.0   0.0
 1114     0 0.030881 0.000000 1000000.0   0   0   0     0     0     0   0.0   0.0
 1115     0 0.024109 0.000000 1000000.0   0   0   0     0     0     0   0.0   0.0
 1116     0 0.013024 0.000000 1000000.0   0   0   0     0     0     0   0.0   0.0
 1117     0 0.023140 0.000000 1000000.0   0   0   0     0     0     0   0.0   0.0
 1118     0 0.039327 0.000000 1000000.0   0   0   0     0     0     0   0.0   0.0
 1119     0 0.022362 0.000000 1000000.0   0   0   0     0     0     0   0.0   0.0
 1120     0 0.028946 0.000000 1000000.0   0   0   0     0     0     0   0.0   0.0
 1121     0 0.019449 0.000000 1000000.0   0   0   0     0     0     0   0.0   0.0
 1122     0 0.016890 0.000000 1000000.0   0   0   0     0     0     0   0.0   0.0
 1123     0 0.022478 0.000000 1000000.0   0   0   0     0     0     0   0.0   0.0
 1124     0 0.021937 0.000000 1000000.0   0   0   0     0     0     0   0.0   0.0
 1125     0 0.027990 0.000000 1000000.0   0   0   0     0     0     0   0.0   0.0
 1126     0 0.023142 0.000000 1000000.0   0   0   0     0     0     0   0.0   0.0
 1127     0 0.044819 0.000000 1000000.0   0   0   0     0     0     0   0.0   0.0
 1128     0 0.055786 0.000000 1000000.0   0   0   0     0     0     0   0.0   0.0
 1129     0 0.043836 0.000000 1000000.0   0   0   0     0     0     0   0.0   0.0
 1130     0 0.033874 0.000000 1000000.0   0   0   0     0     0     0   0.0   0.0
 1131     0 0.034547 0.000000 1000000.0   0   0   0     0     0     0   0.0   0.0
 1132     0 0.031430 0.000000 1000000.0   0   0   0     0     0     0   0.0   0.0
 1133     0 0.028656 0.000000 1000000.0   0   0   0     0     0     0   0.0   0.0
 1134     0 0.027771 0.000000 1000000.0   0   0   0     0     0     0   0.0   0.0
 1135     0 0.035806 0.000000 1000000.0   0   0   0     0     0     0   0.0   0.0
 1136     0 0.030609 0.000000 1000000.0   0   0   0     0     0     0   0.0   0.0
 1137     0 0.025774 0.000000 1000000.0   0   0   0     0     0     0   0.0   0.0
 1138     0 0.019082 0.000000 1000000.0   0   0   0     0     0     0   0.0   0.0
 1139     0 0.017206 0.000000 1000000.0   0   0   0     0     0     0   0.0   0.0
 1140     0 0.018679 0.000000 1000000.0   0   0   0     0     0     0   0.0   0.0
 1141     0 0.032661 0.000000 1000000.0   0   0   0     0     0     0   0.0   0.0
 1142     0 0.048771 0.000000 1000000.0   0   0   0     0     0     0   0.0   0.0
 1143     0 0.041223 0.000000 1000000.0   0   0   0     0     0     0   0.0   0.0
 1144     0 0.045040 0.000000 1000000.0   0   0   0     0     0     0   0.0   0.0
 1145     0 0.052474 0.000000 1000000.0   0   0   0     0     0     0   0.0   0.0
 1146     0 0.049002 0.000000 1000000.0   0   0   0     0     0     0   0.0   0.0
 1147     0 0.063701 0.000000 1000000.0   0   0   0     0     0     0   0.0   0.0
 1148     0 0.094805 0.000000 1000000.0   0   0   0     0     0     0   0.0   0.0
 1149     0 0.047502 0.000000 1000000.0   0   0   0     0     0     0   0.0   0.0
 1150     0 0.094023 0.000000 1000000.0   0   0   0     0     0     0   0.0   0.0
 1151     0 0.130076 0.000000 1000000.0   0   0   0     0     0     0   0.0   0.0
 1152     0 0.122612 0.000000 1000000.0   0   0   0     0     0     0   0.0   0.0
 1153     0 0.125973 0.000000 1000000.0   0   0   0     0     0     0   0.0   0.0
 1154     0 0.116313 0.000000 1000000.0   0   0   0     0     0     0   0.0   0.0
 1155     0 0.094837 0.000000 1000000.0   0   0   0     0     0     0   0.0   0.0
 1156     0 0.118616 0.000000 1000000.0   0   0   0     0     0     0   0.0   0.0
 1157     0 0.113266 0.000000 1000000.0   0   0   0     0     0     0   0.0   0.0
 1158     0 0.054866 0.000000 1000000.0   0   0   0     0     0     0   0.0   0.0
 1159     0 0.085262 0.000000 1000000.0   0   0   0     0     0     0   0.0   0.0
 1160     0 0.118912 0.000000 1000000.0   0   0   0     0     0     0   0.0   0.0
 1161     0 0.102428 0.000000 1000000.0   0   0   0     0     0     0   0.0   0.0
 1162     0 0.134340 0.000000 1000000.0   0   0   0     0     0     0   0.0   0.0
 1163     0 0.146529 0.000000 1000000.0   0   0   0     0     0     0   0.0   0.0
 1164     0 0.156204 0.000000 1000000.0   0   0   0     0     0     0   0.0   0.0
 1165     0 0.128986 0.000000 1000000.0   0   0   0     0     0     0   0.0   0.0
 1166     0 0.139209 0.000000 1000000.0   0   0   0     0     0     0   0.0   0.0
 1167     0 0.139431 0.000000 1000000.0   0   0   0     0     0     0   0.0   0.0
 1168     0 0.107917 0.000000 1000000.0   0   0   0     0     0     0   0.0   0.0
 1169     0 0.128282 0.000000 1000000.0   0   0   0     0     0     0   0.0   0.0
 1170     0 0.118832 0.000000 1000000.0   0   0   0     0     0     0   0.0   0.0
 1171     0 0.126777 0.000000 1000000.0   0   0   0     0     0     0   0.0   0.0
 1172     0 0.111255 0.000000 1000000.0   0   0   0     0     0     0   0.0   0.0
 1173     0 0.111219 0.000000 1000000.0   0   0   0     0     0     0   0.0   0.0
 1174     0 0.207741 0.000000 1000000.0   0   0   0     0     0     0   0.0   0.0
 1175     0 0.142857 0.000000 1000000.0   0   0   0     0     0     0   0.0   0.0
 1176     0 0.185023 0.000000 1000000.0   0   0   0     0     0     0   0.0   0.0
 1177     0 0.168168 0.000000 1000000.0   0   0   0     0     0     0   0.0   0.0
 1178     0 0.173443 0.000000 1000000.0   0   0   0     0     0     0   0.0   0.0
 1179     0 0.211576 0.000000 1000000.0   0   0   0     0     0     0   0.0   0.0
 1180     0 0.293820 0.000000 1000000.0   0   0   0     0     0     0   0.0   0.0
 1181     0 0.289109 0.000000 1000000.0   0   0   0     0     0     0   0.0   0.0
 1182     0 0.233236 0.000000 1000000.0   0   0   0     0     0     0   0.0   0.0
 1183     0 0.195563 0.000000 1000000.0   0   0   0     0     0     0   0.0   0.0
 1184     0 0.161618 0.000000 1000000.0   0   0   0     0     0     0   0.0   0.0
 1185     0 0.168027 0.000000 1000000.0   0   0   0     0     0     0   0.0   0.0
 1186     0 0.133706 0.000000 1000000.0   0   0   0     0     0     0   0.0   0.0
 1187     0 0.000000 0.086936 1000000.0   0   0   0     0     0     0   0.0   0.0
 1188     0 0.000000 0.166552 1000000.0   0   0   0     0     0     0   0.0   0.0
 1189     0 0.000000 0.120932 1000000.0   0   0   0     0     0     0   0.0   0.0
 1190     0 0.000000 0.154587 1000000.0   0   0   0     0     0     0   0.0   0.0
 1191     0 0.000000 0.243092 1000000.0   0   0   0     0     0     0   0.0   0.0
 1192     0 0.000000 0.295975 1000000.0   0   0   0     0     0     0   0.0   0.0
 1193     0 0.000000 0.188071 1000000.0   0   0   0     0     0     0   0.0   0.0
 1194     0 0.000000 0.251824 1000000.0   0   0   0     0     0     0   0.0   0.0
 1195     0 0.000000 0.228632 1000000.0   0   0   0     0     0     0   0.0   0.0
 1196     0 0.000000 0.327223 1000000.0   0   0   0     0     0     0   0.0   0.0
 1197     0 0.000000 0.234191 1000000.0   0   0   0     0     0     0   0.0   0.0
 1198     0 0.000000 0.159636 1000000.0   0   0   0     0     0     0   0.0   0.0
 1199     0 0.000000 0.257533 1000000.0   0   0   0     0     0     0   0.0   0.0
 1200     0 0.000000 0.302817 1000000.0   0   0   0     0     0     0   0.0   0.0
 1201     0 0.000000 0.319548 1000000.0   0   0   0     0     0     0   0.0   0.0
 1202     0 0.000000 0.201365 1000000.0   0   0   0     0     0     0   0.0   0.0
 1203     0 0.000000 0.196652 1000000.0   0   0   0     0     0     0   0.0   0.0
 1204     0 0.000000 0.276843 1000000.0   0   0   0     0     0     0   0.0   0.0
 1205     0 0.000000 0.235171 1000000.0   0   0   0     0     0     0   0.0   0.0
 1206     0 0.000000 0.240054 1000000.0   0   0   0     0     0     0   0.0   0.0
 1207     0 0.000000 0.212589 1000000.0   0   0   0     0     0     0   0.0   0.0
 1208     0 0.000000 0.255031 1000000.0   0   0   0     0     0     0   0.0   0.0
 1209     0 0.000000 0.308628 1000000.0   0   0   0     0     0     0   0.0   0.0
 1210     0 0.000000 0.316713 1000000.0   0   0   0     0     0     0   0.0   0.0
 1211     0 0.000000 0.403107 1000000.0   0   0   0     0     0     0   0.0   0.0
 1212     0 0.000000 0.289755 1000000.0   0   0   0     0     0     0   0.0   0.0
 1213     0 0.000000 0.263856 1000000.0   0   0   0     0     0     0   0.0   0.0
 1214     0 0.000000 0.389894 1000000.0   0   0   0     0     0     0   0.0   0.0
 1215     0 0.000000 0.218913 1000000.0   0   0   0     0     0     0   0.0   0.0
 1216     0 0.000000 0.304197 1000000.0   0   0   0     0     0     0   0.0   0.0
 1217     0 0.000000 0.388618 1000000.0   0   0   0     0     0     0   0.0   0.0
 1218     0 0.000000 0.413980 1000000.0   0   0   0     0     0     0   0.0   0.0
 1219     0 0.000000 0.469684 1000000.0   0   0   0     0     0     0   0.0   0.0
 1220     0 0.000000 0.175843 1000000.0   0   0   0     0     0     0   0.0   0.0
 1221     0 0.000000 0.151362 1000000.0   0   0   0     0     0     0   0.0   0.0
 1222     0 0.000000 0.281635 1000000.0   0   0   0     0     0     0   0.0   0.0
 1223     0 0.000000 0.435903 1000000.0   0   0   0     0     0     0   0.0   0.0
 1224     0 0.000000 0.420472 1000000.0   0   0   0     0     0     0   0.0   0.0
 1225     0 0.000000 0.465734 1000000.0   0   0   0     0     0     0   0.0   0.0
 1226     0 0.000000 0.365902 1000000.0   0   0   0     0     0     0   0.0   0.0
 1227     0 0.000000 0.313207 1000000.0   0   0   0     0     0     0   0.0   0.0
 1228     0 0.000000 0.234240 1000000.0   0   0   0     0     0     0   0.0   0.0
 1229     0 0.000000 0.140246 1000000.0   0   0   0     0     0     0   0.0   0.0
 1230     0 0.000000 0.222503 1000000.0   0   0   0     0     0     0   0.0   0.0
 1231     0 0.000000 0.303280 1000000.0   0   0   0     0     0     0   0.0   0.0
 1232     0 0.000000 0.281466 1000000.0   0   0   0     0     0     0   0.0   0.0
 1233     0 0.000000 0.317798 1000000.0   0   0   0     0     0     0   0.0   0.0
 1234     0 0.000000 0.247564 1000000.0   0   0   0     0     0     0   0.0   0.0
 1235     0 0.000000 0.343652 1000000.0   0   0   0     0     0     0   0.0   0.0
 1236     0 0.000000 0.289328 1000000.0   0   0   0     0     0     0   0.0   0.0
 1237     0 0.000000 0.326052 1000000.0   0   0   0     0     0     0   0.0   0.0
 1238     0 0.000000 0.139505 1000000.0   0   0   0     0     0     0   0.0   0.0
 1239     0 0.000000 0.327243 1000000.0   0   0   0     0     0     0   0.0   0.0
 1240     0 0.000000 0.440749 1000000.0   0   0   0     0     0     0   0.0   0.0
 1241     0 0.000000 0.486034 1000000.0   0   0   0     0     0     0   0.0   0.0
 1242     0 0.000000 0.521230 1000000.0   0   0   0     0     0     0   0.0   0.0
 1243     0 0.000000 0.447268 1000000.0   0   0   0     0     0     0   0.0   0.0
 1244     0 0.000000 0.536353 1000000.0   0   0   0     0     0     0   0.0   0.0
 1245     0 0.000000 0.564299 1000000.0   0   0   0     0     0     0   0.0   0.0
 1246     0 0.000000 0.561356 1000000.0   0   0   0     0     0     0   0.0   0.0
 1247     0 0.000000 0.595047 1000000.0   0   0   0     0     0     0   0.0   0.0
 1248     0 0.000000 0.470949 1000000.0   0   0   0     0     0     0   0.0   0.0
 1249     0 0.000000 0.493285 1000000.0   0   0   0     0     0     0   0.0   0.0
 1250     0 0.000000 0.335048 1000000.0   0   0   0     0     0     0   0.0   0.0
 1251     0 0.000000 0.376915 1000000.0   0   0   0     0     0     0   0.0   0.0
 1252     0 0.000000 0.450457 1000000.0   0   0   0     0     0     0   0.0   0.0
 1253     0 0.000000 0.391139 1000000.0   0   0   0     0     0     0   0.0   0.0
 1254     0 0.000000 0.466489 1000000.0   0   0   0     0     0     0   0.0   0.0
 1255     0 0.000000 0.625733 1000000.0   0   0   0     0     0     0   0.0   0.0
 1256     0 0.000000 0.612713 1000000.0   0   0   0     0     0     0   0.0   0.0
 1257     0 0.000000 0.634154 1000000.0   0   0   0     0     0     0   0.0   0.0
 1258     0 0.000000 0.308985 1000000.0   0   0   0     0     0     0   0.0   0.0
 1259     0 0.000000 0.363410 1000000.0   0   0   0     0     0     0   0.0   0.0
 1260     0 0.000000 0.351025 1000000.0   0   0   0     0     0     0   0.0   0.0
 1261     0 0.000000 0.486802 1000000.0   0   0   0     0     0     0   0.0   0.0
 1262     0 0.000000 0.487136 1000000.0   0   0   0     0     0     0   0.0   0.0
 1263     0 0.000000 0.231768 1000000.0   0   0   0     0     0     0   0.0   0.0
 1264     0 0.000000 0.503614 1000000.0   0   0   0     0     0     0   0.0   0.0
 1265     0 0.000000 0.556840 1000000.0   0   0   0     0     0     0   0.0   0.0
 1266     0 0.000000 0.590879 1000000.0   0   0   0     0     0     0   0.0   0.0
 1267     0 0.000000 0.244680 1000000.0   0   0   0     0     0     0   0.0   0.0
 1268     0 0.000000 0.301357 1000000.0   0   0   0     0     0     0   0.0   0.0
 1269     0 0.000000 0.153097 1000000.0   0   0   0     0     0     0   0.0   0.0
 1270     0 0.000000 0.331016 1000000.0   0   0   0     0     0     0   0.0   0.0
 1271     0 0.000000 0.464004 1000000.0   0   0   0     0     0     0   0.0   0.0
 1272     0 0.000000 0.420175 1000000.0   0   0   0     0     0     0   0.0   0.0
 1273     0 0.000000 0.331149 1000000.0   0   0   0     0     0     0   0.0   0.0
 1274     0 0.000000 0.423717 1000000.0   0   0   0     0     0     0   0.0   0.0
 1275     0 0.000000 0.451783 1000000.0   0   0   0     0     0     0   0.0   0.0
 1276     0 0.000000 0.530930 1000000.0   0   0   0     0     0     0   0.0   0.0
 1277     0 0.000000 0.586657 1000000.0   0   0   0     0     0     0   0.0   0.0
 1278     0 0.000000 0.617619 1000000.0   0   0   0     0     0     0   0.0   0.0
 1279     0 0.000000 0.368257 1000000.0   0   0   0     0     0     0   0.0   0.0
 1280     0 0.000000 0.582278 1000000.0   0   0   0     0     0     0   0.0   0.0
 1281     0 0.000000 0.284458 1000000.0   0   0   0     0     0     0   0.0   0.0
 1282     0 0.000000 0.365506 1000000.0   0   0   0     0     0     0   0.0   0.0
 1283     0 0.000000 0.521106 1000000.0   0   0   0     0     0     0   0.0   0.0
 1284     0 0.000000 0.576171 1000000.0   0   0   0     0     0     0   0.0   0.0
 1285     0 0.000000 0.595187 1000000.0   0   0   0     0     0     0   0.0   0.0
 1286     0 0.000000 0.601312 1000000.0   0   0   0     0     0     0   0.0   0.0
 1287     0 0.000000 0.561793 1000000.0   0   0   0     0     0     0   0.0   0.0
 1288     0 0.000000 0.596970 1000000.0   0   0   0     0     0     0   0.0   0.0
 1289     0 0.000000 0.550082 1000000.0   0   0   0     0     0     0   0.0   0.0
 1290     0 0.000000 0.632479 1000000.0   0   0   0     0     0     0   0.0   0.0
 1291     0 0.000000 0.593035 1000000.0   0   0   0     0     0     0   0.0   0.0
 1292     0 0.000000 0.213654 1000000.0   0   0   0     0     0     0   0.0   0.0
 1293     0 0.000000 0.521434 1000000.0   0   0   0     0     0     0   0.0   0.0
 1294     0 0.000000 0.548555 1000000.0   0   0   0     0     0     0   0.0   0.0
 1295     0 0.000000 0.615020 1000000.0   0   0   0     0     0     0   0.0   0.0
 1296     0 0.000000 0.468636 1000000.0   0   0   0     0     0     0   0.0   0.0
 1297     0 0.000000 0.473819 1000000.0   0   0   0     0     0     0   0.0   0.0
 1298     0 0.000000 0.344283 1000000.0   0   0   0     0     0     0   0.0   0.0
 1299     0 0.000000 0.454226 1000000.0   0   0   0     0     0     0   0.0   0.0
 1300     0 0.000000 0.509563 1000000.0   0   0   0     0     0     0   0.0   0.0
 1301     0 0.000000 0.554598 1000000.0   0   0   0     0     0     0   0.0   0.0
 1302     0 0.000000 0.553093 1000000.0   0   0   0     0     0     0   0.0   0.0
 1303     0 0.000000 0.502654 1000000.0   0   0   0     0     0     0   0.0   0.0
 1304     0 0.000000 0.407382 1000000.0   0   0   0     0     0     0   0.0   0.0
 1305     0 0.000000 0.450564 1000000.0   0   0   0     0     0     0   0.0   0.0
 1306     0 0.000000 0.561345 1000000.0   0   0   0     0     0     0   0.0   0.0
 1307     0 0.000000 0.592579 1000000.0   0   0   0     0     0     0   0.0   0.0
 1308     0 0.000000 0.488128 1000000.0   0   0   0     0     0     0   0.0   0.0
 1309     0 0.000000 0.465317 1000000.0   0   0   0     0     0     0   0.0   0.0
 1310     0 0.000000 0.424561 1000000.0   0   0   0     0     0     0   0.0   0.0
 1311     0 0.000000 0.504226 1000000.0   0   0   0     0     0     0   0.0   0.0
 1312     0 0.000000 0.332659 1000000.0   0   0   0     0     0     0   0.0   0.0
 1313     0 0.000000 0.452522 1000000.0   0   0   0     0     0     0   0.0   0.0
 1314     0 0.000000 0.398447 1000000.0   0   0   0     0     0     0   0.0   0.0
 1315     0 0.000000 0.154507 1000000.0   0   0   0     0     0     0   0.0   0.0
 1316     0 0.000000 0.212148 1000000.0   0   0   0     0     0     0   0.0   0.0
 1317     0 0.000000 0.409016 1000000.0   0   0   0     0     0     0   0.0   0.0
 1318     0 0.000000 0.450324 1000000.0   0   0   0     0     0     0   0.0   0.0
 1319     0 0.000000 0.392332 1000000.0   0   0   0     0     0     0   0.0   0.0
 1320     0 0.000000 0.496941 1000000.0   0   0   0     0     0     0   0.0   0.0
 1321     0 0.000000 0.539976 1000000.0   0   0   0     0     0     0   0.0   0.0
 1322     0 0.000000 0.528916 1000000.0   0   0   0     0     0     0   0.0   0.0
 1323     0 0.000000 0.482922 1000000.0   0   0   0     0     0     0   0.0   0.0
 1324     0 0.000000 0.401393 1000000.0   0   0   0     0     0     0   0.0   0.0
 1325     0 0.000000 0.292370 1000000.0   0   0   0     0     0     0   0.0   0.0
 1326     0 0.000000 0.355012 1000000.0   0   0   0     0     0     0   0.0   0.0
 1327     0 0.000000 0.484893 1000000.0   0   0   0     0     0     0   0.0   0.0
 1328     0 0.000000 0.472656 1000000.0   0   0   0     0     0     0   0.0   0.0
 1329     0 0.000000 0.453073 1000000.0   0   0   0     0     0     0   0.0   0.0
 1330     0 0.000000 0.417074 1000000.0   0   0   0     0     0     0   0.0   0.0
 1331     0 0.000000 0.512315 1000000.0   0   0   0     0     0     0   0.0   0.0
 1332     0 0.000000 0.445174 1000000.0   0   0   0     0     0     0   0.0   0.0
 1333     0 0.000000 0.431707 1000000.0   0   0   0     0     0     0   0.0   0.0
 1334     0 0.000000 0.340389 1000000.0   0   0   0     0     0     0   0.0   0.0
 1335     0 0.000000 0.192990 1000000.0   0   0   0     0     0     0   0.0   0.0
 1336     0 0.000000 0.124771 1000000.0   0   0   0     0     0     0   0.0   0.0
 1337     0 0.000000 0.345921 1000000.0   0   0   0     0     0     0   0.0   0.0
 1338     0 0.000000 0.391976 1000000.0   0   0   0     0     0     0   0.0   0.0
 1339     0 0.000000 0.427160 1000000.0   0   0   0     0     0     0   0.0   0.0
 1340     0 0.000000 0.389328 1000000.0   0   0   0     0     0     0   0.0   0.0
 1341     0 0.000000 0.431273 1000000.0   0   0   0     0     0     0   0.0   0.0
 1342     0 0.000000 0.390583 1000000.0   0   0   0     0     0     0   0.0   0.0
 1343     0 0.000000 0.312926 1000000.0   0   0   0     0     0     0   0.0   0.0
 1344     0 0.000000 0.380350 1000000.0   0   0   0     0     0     0   0.0   0.0
 1345     0 0.000000 0.331810 1000000.0   0   0   0     0     0     0   0.0   0.0
 1346     0 0.000000 0.313325 1000000.0   0   0   0     0     0     0   0.0   0.0
 1347     0 0.000000 0.339623 1000000.0   0   0   0     0     0     0   0.0   0.0
 1348     0 0.000000 0.228600 1000000.0   0   0   0     0     0     0   0.0   0.0
 1349     0 0.000000 0.263383 1000000.0   0   0   0     0     0     0   0.0   0.0
 1350     0 0.000000 0.178304 1000000.0   0   0   0     0     0     0   0.0   0.0
 1351     0 0.000000 0.272682 1000000.0   0   0   0     0     0     0   0.0   0.0
 1352     0 0.000000 0.272224 1000000.0   0   0   0     0     0     0   0.0   0.0
 1353     0 0.000000 0.257450 1000000.0   0   0   0     0     0     0   0.0   0.0
 1354     0 0.000000 0.216214 1000000.0   0   0   0     0     0     0   0.0   0.0
 1355     0 0.000000 0.193356 1000000.0   0   0   0     0     0     0   0.0   0.0
 1356     0 0.000000 0.276031 1000000.0   0   0   0     0     0     0   0.0   0.0
 1357     0 0.000000 0.286950 1000000.0   0   0   0     0     0     0   0.0   0.0
 1358     0 0.000000 0.276446 1000000.0   0   0   0     0     0     0   0.0   0.0
 1359     0 0.000000 0.290572 1000000.0   0   0   0     0     0     0   0.0   0.0
 1360     0 0.000000 0.204083 1000000.0   0   0   0     0     0     0   0.0   0.0
 1361     0 0.000000 0.220057 1000000.0   0   0   0     0     0     0   0.0   0.0
 1362     0 0.000000 0.263045 1000000.0   0   0   0     0     0     0   0.0   0.0
 1363     0 0.000000 0.279359 1000000.0   0   0   0     0     0     0   0.0   0.0
 1364     0 0.000000 0.280725 1000000.0   0   0   0     0     0     0   0.0   0.0
 1365     0 0.000000 0.223611 1000000.0   0   0   0     0     0     0   0.0   0.0
 1366     0 0.000000 0.311843 1000000.0   0   0   0     0     0     0   0.0   0.0
 1367     0 0.000000 0.273912 1000000.0   0   0   0     0     0     0   0.0   0.0
 1368     0 0.000000 0.222832 1000000.0   0   0   0     0     0     0   0.0   0.0
 1369     0 0.000000 0.174877 1000000.0   0   0   0     0     0     0   0.0   0.0
 1370     0 0.200192 0.000000 1000000.0   0   0   0     0     0     0   0.0   0.0
 1371     0 0.184314 0.000000 1000000.0   0   0   0     0     0     0   0.0   0.0
 1372     0 0.093614 0.000000 1000000.0   0   0   0     0     0     0   0.0   0.0
 1373     0 0.131206 0.000000 1000000.0   0   0   0     0     0     0   0.0   0.0
 1374     0 0.087028 0.000000 1000000.0   0   0   0     0     0     0   0.0   0.0
 1375     0 0.146032 0.000000 1000000.0   0   0   0     0     0     0   0.0   0.0
 1376     0 0.166954 0.000000 1000000.0   0   0   0     0     0     0   0.0   0.0
 1377     0 0.172492 0.000000 1000000.0   0   0   0     0     0     0   0.0   0.0
 1378     0 0.187579 0.000000 1000000.0   0   0   0     0     0     0   0.0   0.0
 1379     0 0.211295 0.000000 1000000.0   0   0   0     0     0     0   0.0   0.0
 1380     0 0.154665 0.000000 1000000.0   0   0   0     0     0     0   0.0   0.0
 1381     0 0.075856 0.000000 1000000.0   0   0   0     0     0     0   0.0   0.0
 1382     0 0.079126 0.000000 1000000.0   0   0   0     0     0     0   0.0   0.0
 1383     0 0.071982 0.000000 1000000.0   0   0   0     0     0     0   0.0   0.0
 1384     0 0.059905 0.000000 1000000.0   0   0   0     0     0     0   0.0   0.0
 1385     0 0.081217 0.000000 1000000.0   0   0   0     0     0     0   0.0   0.0
 1386     0 0.097358 0.000000 1000000.0   0   0   0     0     0     0   0.0   0.0
 1387     0 0.105938 0.000000 1000000.0   0   0   0     0     0     0   0.0   0.0
 1388     0 0.069080 0.000000 1000000.0   0   0   0     0     0     0   0.0   0.0
 1389     0 0.104546 0.000000 1000000.0   0   0   0     0     0     0   0.0   0.0
 1390     0 0.152739 0.000000 1000000.0   0   0   0     0     0     0   0.0   0.0
 1391     0 0.107432 0.000000 1000000.0   0   0   0     0     0     0   0.0   0.0
 1392     0 0.097113 0.000000 1000000.0   0   0   0     0     0     0   0.0   0.0
 1393     0 0.095807 0.000000 1000000.0   0   0   0     0     0     0   0.0   0.0
 1394     0 0.085681 0.000000 1000000.0   0   0   0     0     0     0   0.0   0.0
 1395     0 0.084680 0.000000 1000000.0   0   0   0     0     0     0   0.0   0.0
 1396     0 0.088079 0.000000 1000000.0   0   0   0     0     0     0   0.0   0.0
 1397     0 0.108716 0.000000 1000000.0   0   0   0     0     0     0   0.0   0.0
 1398     0 0.066575 0.000000 1000000.0   0   0   0     0     0     0   0.0   0.0
 1399     0 0.094824 0.000000 1000000.0   0   0   0     0     0     0   0.0   0.0
 1400     0 0.060864 0.000000 1000000.0   0   0   0     0     0     0   0.0   0.0
 1401     0 0.105999 0.000000 1000000.0   0   0   0     0     0     0   0.0   0.0
 1402     0 0.102491 0.000000 1000000.0   0   0   0     0     0     0   0.0   0.0
 1403     0 0.072340 0.000000 1000000.0   0   0   0     0     0     0   0.0   0.0
 1404     0 0.049828 0.000000 1000000.0   0   0   0     0     0     0   0.0   0.0
 1405     0 0.047366 0.000000 1000000.0   0   0   0     0     0     0   0.0   0.0
 1406     0 0.062547 0.000000 1000000.0   0   0   0     0     0     0   0.0   0.0
 1407     0 0.080945 0.000000 1000000.0   0   0   0     0     0     0   0.0   0.0
 1408     0 0.104812 0.000000 1000000.0   0   0   0     0     0     0   0.0   0.0
 1409     0 0.056867 0.000000 1000000.0   0   0   0     0     0     0   0.0   0.0
 1410     0 0.055108 0.000000 1000000.0   0   0   0     0     0     0   0.0   0.0
 1411     0 0.070439 0.000000 1000000.0   0   0   0     0     0     0   0.0   0.0
 1412     0 0.081518 0.000000 1000000.0   0   0   0     0     0     0   0.0   0.0
 1413     0 0.071007 0.000000 1000000.0   0   0   0     0     0     0   0.0   0.0
 1414     0 0.078600 0.000000 1000000.0   0   0   0     0     0     0   0.0   0.0
 1415     0 0.086453 0.000000 1000000.0   0   0   0     0     0     0   0.0   0.0
 1416     0 0.035838 0.000000 1000000.0   0   0   0     0     0     0   0.0   0.0
 1417     0 0.034780 0.000000 1000000.0   0   0   0     0     0     0   0.0   0.0
 1418     0 0.035244 0.000000 1000000.0   0   0   0     0     0     0   0.0   0.0
 1419     0 0.034397 0.000000 1000000.0   0   0   0     0     0     0   0.0   0.0
 1420     0 0.034349 0.000000 1000000.0   0   0   0     0     0     0   0.0   0.0
 1421     0 0.039649 0.000000 1000000.0   0   0   0     0     0     0   0.0   0.0
 1422     0 0.035361 0.000000 1000000.0   0   0   0     0     0     0   0.0   0.0
 1423     0 0.024811 0.000000 1000000.0   0   0   0     0     0     0   0.0   0.0
 1424     0 0.031142 0.000000 1000000.0   0   0   0     0     0     0   0.0   0.0
 1425     0 0.057212 0.000000 1000000.0   0   0   0     0     0     0   0.0   0.0
 1426     0 0.029977 0.000000 1000000.0   0   0   0     0     0     0   0.0   0.0
 1427     0 0.024458 0.000000 1000000.0   0   0   0     0     0     0   0.0   0.0
 1428     0 0.026337 0.000000 1000000.0   0   0   0     0     0     0   0.0   0.0
 1429     0 0.020433 0.000000 1000000.0   0   0   0     0     0     0   0.0   0.0
 1430     0 0.007549 0.000000 1000000.0   0   0   0     0     0     0   0.0   0.0
 1431     0 0.016575 0.000000 1000000.0   0   0   0     0     0     0   0.0   0.0
 1432     0 0.021980 0.000000 1000000.0   0   0   0     0     0     0   0.0   0.0
 1433     0 0.028977 0.000000 1000000.0   0   0   0     0     0     0   0.0   0.0
 1434     0 0.040968 0.000000 1000000.0   0   0   0     0     0     0   0.0   0.0
 1435     0 0.024417 0.000000 1000000.0   0   0   0     0     0     0   0.0   0.0
 1436     0 0.027269 0.000000 1000000.0   0   0   0     0     0     0   0.0   0.0
 1437     0 0.037682 0.000000 1000000.0   0   0   0     0     0     0   0.0   0.0
 1438     0 0.059149 0.000000 1000000.0   0   0   0     0     0     0   0.0   0.0
 1439     0 0.089271 0.000000 1000000.0   0   0   0     0     0     0   0.0   0.0
 1440     0 0.089600 0.000000 1000000.0   0   0   0     0     0     0   0.0   0.0
 1441     0 0.107437 0.000000 1000000.0   0   0   0     0     0     0   0.0   0.0
 1442     0 0.069285 0.000000 1000000.0   0   0   0     0     0     0   0.0   0.0
 1443     0 0.101143 0.000000 1000000.0   0   0   0     0     0     0   0.0   0.0
 1444     0 0.030680 0.000000 1000000.0   0   0   0     0     0     0   0.0   0.0
 1445     0 0.049556 0.000000 1000000.0   0   0   0     0     0     0   0.0   0.0
 1446     0 0.077293 0.000000 1000000.0   0   0   0     0     0     0   0.0   0.0
 1447     0 0.076404 0.000000 1000000.0   0   0   0     0     0     0   0.0   0.0
 1448     0 0.113190 0.000000 1000000.0   0   0   0     0     0     0   0.0   0.0
 1449     0 0.061336 0.000000 1000000.0   0   0   0     0     0     0   0.0   0.0
 1450     0 0.060167 0.000000 1000000.0   0   0   0     0     0     0   0.0   0.0
 1451     0 0.034682 0.000000 1000000.0   0   0   0     0     0     0   0.0   0.0
 1452     0 0.011197 0.000000 1000000.0   0   0   0     0     0     0   0.0   0.0
 1453     0 0.021080 0.000000 1000000.0   0   0   0     0     0     0   0.0   0.0
 1454     0 0.016141 0.000000 1000000.0   0   0   0     0     0     0   0.0   0.0
 1455     0 0.023184 0.000000 1000000.0   0   0   0     0     0     0   0.0   0.0
 1456     0 0.025752 0.000000 1000000.0   0   0   0     0     0     0   0.0   0.0
 1457     0 0.044140 0.000000 1000000.0   0   0   0     0     0     0   0.0   0.0
 1458     0 0.036143 0.000000 1000000.0   0   0   0     0     0     0   0.0   0.0
 1459     0 0.021340 0.000000 1000000.0   0   0   0     0     0     0   0.0   0.0
 1460     0 0.006405 0.000000 1000000.0   0   0   0     0     0     0   0.0   0.0
 1461     0 0.004581 0.000000 1000000.0   0   0   0     0     0     0   0.0   0.0
 1462     0 0.011342 0.000000 1000000.0   0   0   0     0     0     0   0.0   0.0
end*** END OF INPUT FILE ATMOSPH.IN **********************************
