,Date,Precip,ET_cm,MinTemp,MaxTemp,AvgTemp,rTop,rRoot,vTop,vRoot,vBot,sum(rTop),sum(rRoot),sum(vTop),sum(vRoot),sum(vBot),hTop,hRoot,hBot,RunOff,sum(RunOff),Volume,sum(Infil),sum(Evap),Cum(WTrans),h37,theta37,temp37
0,2023-01-01,0.0,0.07112,-6.275,4.775,-1.26458333333333,0.0,0.0,-1.3386e-08,0.0,-7.997e-06,0.0,0.0,-6.2591e-09,0.0,-8.0019e-06,-15.016,-7.5503,-15.008,0.0,0.0,32.933,0.0,0.0,0.0,-15.0,0.445,20.0
1,2023-01-02,0.0,0.03556,-9.8,2.45,-4.71354166666667,0.03556,0.0,0.03556,0.0,-7.9572e-06,0.03556,0.0,0.03556,0.0,-1.5974e-05,-51.388,-7.551,-15.016,0.0,0.0,32.898,0.0,0.03556,0.0,-15.0,0.445,20.0
2,2023-01-03,0.0,0.10668,-8.45,2.175,-3.865625,0.10668,0.0,0.10668,0.0,-7.9572e-06,0.14224,0.0,0.14224,0.0,-2.3931e-05,-549.31,-7.5577,-15.024,0.0,0.0,32.791,0.0,0.14224,0.0,-15.0,0.445,20.0
3,2023-01-04,0.0,0.0762,-7.55,4.15,-2.59895833333333,0.0762,0.0,0.0091823,0.0,-8.0109e-06,0.21844,0.0,0.21145,0.0,-3.1874e-05,-1000000.0,-7.6061,-15.032,0.0,0.0,32.722,0.0,0.21145,0.0,-15.0,0.445,20.0
4,2023-01-05,0.0,0.03302,-11.3,1.75,-4.66666666666667,0.03302,0.0,0.0012602,0.0,-7.8876e-06,0.25146,0.0,0.21323,0.0,-3.9801e-05,-1000000.0,-7.6117,-15.04,0.0,0.0,32.72,0.0,0.21323,0.0,-15.0,0.445,20.0
5,2023-01-06,0.4267,0.04826,-2.2,4.325,1.20104166666667,0.04826,0.0,0.0011412,0.0,-7.9125e-06,0.29972,0.0,0.21441,0.0,-4.7714e-05,-1000000.0,-7.6156,-15.049,0.0,0.0,32.719,0.0,0.21441,0.0,-15.0,0.445,20.0
6,2023-01-07,0.0,0.127,-1.55,6.8,2.52291666666667,0.127,0.0,0.0010351,0.0,-7.8678e-06,0.42672,0.0,0.21547,0.0,-5.5596e-05,-1000000.0,-7.6191,-15.057,0.0,0.0,32.718,0.0,0.21547,0.0,-15.0,0.445,20.0
7,2023-01-08,0.0,0.18542,0.45,7.175,3.51770833333333,0.18542,0.0,0.00093979,0.0,-7.8678e-06,0.61214,0.0,0.21643,0.0,-6.3464e-05,-1000000.0,-7.6222,-15.065,0.0,0.0,32.717,0.0,0.21643,0.0,-15.0,0.445,20.0
8,2023-01-09,0.0,0.1778,-0.6,5.775,2.91770833333333,0.1778,0.0,0.00085408,0.0,-7.838e-06,0.78994,0.0,0.21731,0.0,-7.1317e-05,-1000000.0,-7.6251,-15.073,0.0,0.0,32.716,0.0,0.21731,0.0,-15.0,0.445,20.0
9,2023-01-10,0.0,0.09652,-7.15,7.1,0.789583333333333,0.09652,0.0,0.000777,0.0,-7.838e-06,0.88646,0.0,0.2181,0.0,-7.9155e-05,-1000000.0,-7.6277,-15.081,0.0,0.0,32.715,0.0,0.2181,0.0,-15.0,0.445,20.0
10,2023-01-11,0.0017,0.04572,-7.9,3.25,-3.36770833333333,0.04572,0.0,0.00070764,0.0,-7.8082e-06,0.93218,0.0,0.21883,0.0,-8.6963e-05,-1000000.0,-7.63,-15.088,0.0,0.0,32.715,0.0,0.21883,0.0,-15.0,0.445,20.0
11,2023-01-12,0.0,0.19304,-2.55,7.25,3.34895833333333,0.19304,0.0,0.00064523,0.0,-7.8082e-06,1.1252,0.0,0.21949,0.0,-9.4771e-05,-1000000.0,-7.6322,-15.096,0.0,0.0,32.714,0.0,0.21949,0.0,-15.0,0.445,20.0
12,2023-01-13,0.0,0.23114,5.425,10.05,7.59479166666667,0.23114,0.0,0.00058905,0.0,-7.7784e-06,1.3564,0.0,0.22009,0.0,-0.00010255,-1000000.0,-7.6342,-15.104,0.0,0.0,32.713,0.0,0.22009,0.0,-15.0,0.445,20.0
13,2023-01-14,0.0,0.17272,0.625,9.625,5.56979166666667,0.17272,0.0,0.00053845,0.0,-7.7784e-06,1.5291,0.0,0.22064,0.0,-0.00011033,-1000000.0,-7.636,-15.112,0.0,0.0,32.713,0.0,0.22064,0.0,-15.0,0.445,20.0
14,2023-01-15,0.0,0.03302,-0.75,4.825,1.30833333333333,0.03302,0.0,0.00049287,0.0,-7.7486e-06,1.5621,0.0,0.22114,0.0,-0.00011808,-1000000.0,-7.6377,-15.12,0.0,0.0,32.712,0.0,0.22114,0.0,-15.0,0.445,20.0
15,2023-01-16,0.068,0.02032,-1.675,3.35,0.201041666666667,0.02032,0.0,0.00045181,0.0,-7.7188e-06,1.5824,0.0,0.22161,0.0,-0.00012581,-1000000.0,-7.6392,-15.128,0.0,0.0,32.712,0.0,0.22161,0.0,-15.0,0.445,20.0
16,2023-01-17,0.0323,0.04318,-2.025,4.625,0.527083333333333,0.04318,0.0,0.00041479,0.0,-7.7188e-06,1.6256,0.0,0.22203,0.0,-0.00013353,-1000000.0,-7.6406,-15.136,0.0,0.0,32.711,0.0,0.22203,0.0,-15.0,0.445,20.0
17,2023-01-18,0.0,0.16002,-3.125,5.925,0.075,0.16002,0.0,0.0003814,0.0,-7.689e-06,1.7856,0.0,0.22242,0.0,-0.00014123,-1000000.0,-7.6419,-15.144,0.0,0.0,32.711,0.0,0.22242,0.0,-15.0,0.445,20.0
18,2023-01-19,0.0,0.10668,-1.75,4.525,0.377083333333333,0.10668,0.0,0.00035128,0.0,-7.689e-06,1.8923,0.0,0.22278,0.0,-0.00014892,-1000000.0,-7.643,-15.151,0.0,0.0,32.711,0.0,0.22278,0.0,-15.0,0.445,20.0
19,2023-01-20,0.0,0.127,-3.55,4.375,-1.03020833333333,0.127,0.0,0.00032409,0.0,-7.6592e-06,2.0193,0.0,0.22311,0.0,-0.0001566,-1000000.0,-7.6441,-15.159,0.0,0.0,32.71,0.0,0.22311,0.0,-15.0,0.445,20.0
20,2023-01-21,0.0,0.18288,-3.325,5.875,0.444791666666667,0.18288,0.0,0.00029954,0.0,-7.6592e-06,2.2022,0.0,0.22341,0.0,-0.00016426,-1000000.0,-7.6451,-15.167,0.0,0.0,32.71,0.0,0.22341,0.0,-15.0,0.445,20.0
21,2023-01-22,0.0,0.07874,-3.65,2.35,-0.75,0.07874,0.0,0.00027736,0.0,-7.6294e-06,2.2809,0.0,0.2237,0.0,-0.00017188,-1000000.0,-7.6461,-15.175,0.0,0.0,32.71,0.0,0.2237,0.0,-15.0,0.445,20.0
22,2023-01-23,0.0,0.0889,-6.85,0.225,-3.28854166666667,0.0889,0.0,0.0002573,0.0,-7.6294e-06,2.3698,0.0,0.22396,0.0,-0.00017951,-1000000.0,-7.6469,-15.183,0.0,0.0,32.709,0.0,0.22396,0.0,-15.0,0.445,20.0
23,2023-01-24,0.0,0.08382,-4.75,1.95,-1.86666666666667,0.08382,0.0,0.00023916,0.0,-7.5996e-06,2.4536,0.0,0.2242,0.0,-0.00018711,-1000000.0,-7.6477,-15.19,0.0,0.0,32.709,0.0,0.2242,0.0,-15.0,0.445,20.0
24,2023-01-25,0.0,0.06096,-5.5,2.5,-1.25833333333333,0.06096,0.0,0.00022274,0.0,-7.5996e-06,2.5146,0.0,0.22443,0.0,-0.00019471,-1000000.0,-7.6485,-15.198,0.0,0.0,32.709,0.0,0.22443,0.0,-15.0,0.445,20.0
25,2023-01-26,0.0,0.1524,0.9,9.6,4.30729166666667,0.1524,0.0,0.00020787,0.0,-7.5698e-06,2.667,0.0,0.22464,0.0,-0.00020228,-1000000.0,-7.6492,-15.206,0.0,0.0,32.709,0.0,0.22464,0.0,-15.0,0.445,20.0
26,2023-01-27,0.0612,0.04572,-7.375,2.725,-0.671875,0.04572,0.0,0.0001944,0.0,-7.54e-06,2.7127,0.0,0.22484,0.0,-0.00020984,-1000000.0,-7.6498,-15.213,0.0,0.0,32.708,0.0,0.22484,0.0,-15.0,0.445,20.0
27,2023-01-28,0.0,0.03429,-26.525,-10.1,-16.7625,0.03429,0.0,0.00018217,0.0,-7.54e-06,2.747,0.0,0.22502,0.0,-0.00021738,-1000000.0,-7.6504,-15.221,0.0,0.0,32.708,0.0,0.22502,0.0,-15.0,0.445,20.0
28,2023-01-29,0.0,0.02286,-26.575,-13.4,-20.9833333333333,0.02286,0.0,0.00017108,0.0,-7.5102e-06,2.7699,0.0,0.2252,0.0,-0.0002249,-1000000.0,-7.651,-15.229,0.0,0.0,32.708,0.0,0.2252,0.0,-15.0,0.445,20.0
29,2023-01-30,0.0,0.05588,-17.725,-10.475,-13.7489583333333,0.05588,0.0,0.00016099,0.0,-7.5102e-06,2.8257,0.0,0.22536,0.0,-0.00023241,-1000000.0,-7.6515,-15.236,0.0,0.0,32.708,0.0,0.22536,0.0,-15.0,0.445,20.0
30,2023-01-31,0.0,0.10414,-11.325,-2.0,-5.24375,0.10414,0.0,0.00015183,0.0,-7.4804e-06,2.9299,0.0,0.22552,0.0,-0.00023991,-1000000.0,-7.652,-15.244,0.0,0.0,32.708,0.0,0.22552,0.0,-15.0,0.445,20.0
31,2023-02-01,0.0,0.11176,-10.6,2.05,-2.04270833333333,0.11176,0.0,0.00014348,0.0,-7.4804e-06,3.0416,0.0,0.22566,0.0,-0.00024739,-1000000.0,-7.6525,-15.252,0.0,0.0,32.708,0.0,0.22566,0.0,-15.0,0.445,20.0
32,2023-02-02,0.0,0.14478,-11.025,5.375,-3.49479166666667,0.14478,0.0,0.00013588,0.0,-7.4506e-06,3.1864,0.0,0.2258,0.0,-0.00025485,-1000000.0,-7.653,-15.259,0.0,0.0,32.707,0.0,0.2258,0.0,-15.0,0.445,20.0
33,2023-02-03,0.0,0.26162,1.3,9.05,4.34583333333333,0.26162,0.0,0.00012895,0.0,-7.4506e-06,3.448,0.0,0.22593,0.0,-0.00026231,-1000000.0,-7.6534,-15.267,0.0,0.0,32.707,0.0,0.22593,0.0,-15.0,0.445,20.0
34,2023-02-04,0.0,0.19304,0.95,8.0,3.925,0.19304,0.0,0.00012262,0.0,-7.4208e-06,3.6411,0.0,0.22605,0.0,-0.00026973,-1000000.0,-7.6538,-15.274,0.0,0.0,32.707,0.0,0.22605,0.0,-15.0,0.445,20.0
35,2023-02-05,0.0,0.20066,-0.15,7.975,3.771875,0.20066,0.0,0.00011683,0.0,-7.4208e-06,3.8417,0.0,0.22617,0.0,-0.00027715,-1000000.0,-7.6542,-15.282,0.0,0.0,32.707,0.0,0.22617,0.0,-15.0,0.445,20.0
36,2023-02-06,0.0,0.1524,1.15,9.25,4.25833333333333,0.1524,0.0,0.00011154,0.0,-7.391e-06,3.9941,0.0,0.22628,0.0,-0.00028454,-1000000.0,-7.6545,-15.289,0.0,0.0,32.707,0.0,0.22628,0.0,-15.0,0.445,20.0
37,2023-02-07,0.0,0.21336,2.65,5.475,3.925,0.21336,0.0,0.00010668,0.0,-7.391e-06,4.2075,0.0,0.22639,0.0,-0.00029193,-1000000.0,-7.6549,-15.297,0.0,0.0,32.707,0.0,0.22639,0.0,-15.0,0.445,20.0
38,2023-02-08,0.0,0.10414,-5.125,2.65,-0.553125,0.10414,0.0,0.00010223,0.0,-7.3612e-06,4.3116,0.0,0.2265,0.0,-0.00029929,-1000000.0,-7.6552,-15.304,0.0,0.0,32.707,0.0,0.2265,0.0,-15.0,0.445,20.0
39,2023-02-09,0.0,0.23622,-5.925,7.525,-0.103125,0.23622,0.0,9.8141e-05,0.0,-7.3612e-06,4.5479,0.0,0.22659,0.0,-0.00030665,-1000000.0,-7.6556,-15.312,0.0,0.0,32.707,0.0,0.22659,0.0,-15.0,0.445,20.0
40,2023-02-10,0.0,0.27178,-0.15,9.575,3.875,0.27178,0.0,9.4379e-05,0.0,-7.3314e-06,4.8197,0.0,0.22669,0.0,-0.00031398,-1000000.0,-7.6559,-15.319,0.0,0.0,32.706,0.0,0.22669,0.0,-15.0,0.445,20.0
41,2023-02-11,0.0,0.1778,-3.175,9.05,2.13854166666667,0.1778,0.0,9.0909e-05,0.0,-7.3314e-06,4.9975,0.0,0.22678,0.0,-0.00032131,-1000000.0,-7.6562,-15.327,0.0,0.0,32.706,0.0,0.22678,0.0,-15.0,0.445,20.0
42,2023-02-12,0.0,0.3175,0.0,10.275,4.60729166666667,0.3175,0.0,8.7705e-05,0.0,-7.3016e-06,5.315,0.0,0.22687,0.0,-0.00032862,-1000000.0,-7.6564,-15.334,0.0,0.0,32.706,0.0,0.22687,0.0,-15.0,0.445,20.0
43,2023-02-13,0.0,0.23622,-3.6,11.0,5.3125,0.23622,0.0,8.4745e-05,0.0,-7.2718e-06,5.5512,0.0,0.22696,0.0,-0.0003359,-1000000.0,-7.6567,-15.342,0.0,0.0,32.706,0.0,0.22696,0.0,-15.0,0.445,20.0
44,2023-02-14,0.0,0.06604,-12.475,-2.3,-6.496875,0.06604,0.0,8.2e-05,0.0,-7.2718e-06,5.6172,0.0,0.22704,0.0,-0.00034317,-1000000.0,-7.657,-15.349,0.0,0.0,32.706,0.0,0.22704,0.0,-15.0,0.445,20.0
45,2023-02-15,0.0,0.13208,-14.3,2.1,-5.7875,0.13208,0.0,7.9457e-05,0.0,-7.242e-06,5.7493,0.0,0.22712,0.0,-0.00035043,-1000000.0,-7.6572,-15.356,0.0,0.0,32.706,0.0,0.22712,0.0,-15.0,0.445,20.0
46,2023-02-16,0.0,0.28702,-5.2,6.725,0.197916666666667,0.28702,0.0,7.7095e-05,0.0,-7.242e-06,6.0363,0.0,0.2272,0.0,-0.00035767,-1000000.0,-7.6575,-15.364,0.0,0.0,32.706,0.0,0.2272,0.0,-15.0,0.445,20.0
47,2023-02-17,0.0,0.2413,-0.925,5.3,2.2,0.2413,0.0,7.4895e-05,0.0,-7.2122e-06,6.2776,0.0,0.22727,0.0,-0.0003649,-1000000.0,-7.6577,-15.371,0.0,0.0,32.706,0.0,0.22727,0.0,-15.0,0.445,20.0
48,2023-02-18,0.0,0.14478,-3.05,4.35,1.14583333333333,0.14478,0.0,7.2844e-05,0.0,-7.2122e-06,6.4224,0.0,0.22734,0.0,-0.00037211,-1000000.0,-7.658,-15.378,0.0,0.0,32.706,0.0,0.22734,0.0,-15.0,0.445,20.0
49,2023-02-19,0.0,0.1651,-3.45,5.3,1.653125,0.1651,0.0,7.0927e-05,0.0,-7.1824e-06,6.5875,0.0,0.22742,0.0,-0.00037931,-1000000.0,-7.6582,-15.386,0.0,0.0,32.706,0.0,0.22742,0.0,-15.0,0.445,20.0
50,2023-02-20,0.2329,0.0762,-5.65,2.625,-1.78541666666667,0.0762,0.0,6.9132e-05,0.0,-7.1824e-06,6.6637,0.0,0.22749,0.0,-0.00038649,-1000000.0,-7.6584,-15.393,0.0,0.0,32.706,0.0,0.22749,0.0,-15.0,0.445,20.0
51,2023-02-21,0.1766,0.06604,-20.5,3.6,-12.6583333333333,0.06604,0.0,6.7452e-05,0.0,-7.1526e-06,6.7297,0.0,0.22755,0.0,-0.00039366,-1000000.0,-7.6586,-15.4,0.0,0.0,32.706,0.0,0.22755,0.0,-15.0,0.445,20.0
52,2023-02-22,0.0,0.02286,-24.1,-20.225,-22.0552083333333,0.02286,0.0,6.5871e-05,0.0,-7.1526e-06,6.7526,0.0,0.22762,0.0,-0.00040081,-1000000.0,-7.6588,-15.408,0.0,0.0,32.705,0.0,0.22762,0.0,-15.0,0.445,20.0
53,2023-02-23,0.0,0.01778,-30.2,-21.85,-25.696875,0.01778,0.0,6.4387e-05,0.0,-7.1228e-06,6.7704,0.0,0.22768,0.0,-0.00040795,-1000000.0,-7.659,-15.415,0.0,0.0,32.705,0.0,0.22768,0.0,-15.0,0.445,20.0
54,2023-02-24,0.0,0.05588,-31.7,-6.875,-19.3125,0.05588,0.0,6.2985e-05,0.0,-7.1228e-06,6.8262,0.0,0.22775,0.0,-0.00041507,-1000000.0,-7.6592,-15.422,0.0,0.0,32.705,0.0,0.22775,0.0,-15.0,0.445,20.0
55,2023-02-25,0.0,0.18542,-6.2,2.425,-1.37083333333333,0.18542,0.0,6.1661e-05,0.0,-7.093e-06,7.0117,0.0,0.22781,0.0,-0.00042218,-1000000.0,-7.6594,-15.429,0.0,0.0,32.705,0.0,0.22781,0.0,-15.0,0.445,20.0
56,2023-02-26,0.0017,0.20066,-2.4,8.75,2.865625,0.20066,0.0,6.0406e-05,0.0,-7.093e-06,7.2123,0.0,0.22787,0.0,-0.00042927,-1000000.0,-7.6596,-15.437,0.0,0.0,32.705,0.0,0.22787,0.0,-15.0,0.445,20.0
57,2023-02-27,0.0,0.14732,-5.2,2.4,-1.959375,0.14732,0.0,5.9216e-05,0.0,-7.0631e-06,7.3596,0.0,0.22793,0.0,-0.00043635,-1000000.0,-7.6598,-15.444,0.0,0.0,32.705,0.0,0.22793,0.0,-15.0,0.445,20.0
58,2023-02-28,0.0,0.05588,-10.8,-1.925,-6.0875,0.05588,0.0,5.8087e-05,0.0,-7.0632e-06,7.4155,0.0,0.22799,0.0,-0.00044341,-1000000.0,-7.66,-15.451,0.0,0.0,32.705,0.0,0.22799,0.0,-15.0,0.445,20.0
59,2023-03-01,0.0,0.12446,-7.5,3.1,-4.06354166666667,0.12446,0.0,5.7012e-05,0.0,-7.0333e-06,7.54,0.0,0.22805,0.0,-0.00045046,-1000000.0,-7.6602,-15.458,0.0,0.0,32.705,0.0,0.22805,0.0,-15.0,0.445,20.0
60,2023-03-02,0.0,0.21844,-4.325,5.875,-0.128125,0.21844,0.0,5.5988e-05,0.0,-7.0333e-06,7.7584,0.0,0.2281,0.0,-0.0004575,-1000000.0,-7.6604,-15.465,0.0,0.0,32.705,0.0,0.2281,0.0,-15.0,0.445,20.0
61,2023-03-03,0.0,0.15494,-7.55,2.625,-2.89895833333333,0.15494,0.0,5.501e-05,0.0,-7.0035e-06,7.9134,0.0,0.22816,0.0,-0.00046451,-1000000.0,-7.6605,-15.472,0.0,0.0,32.705,0.0,0.22816,0.0,-15.0,0.445,20.0
62,2023-03-04,0.0,0.17526,-6.95,4.125,-2.67395833333333,0.17526,0.0,5.4073e-05,0.0,-7.0035e-06,8.0886,0.0,0.22821,0.0,-0.00047152,-1000000.0,-7.6607,-15.48,0.0,0.0,32.705,0.0,0.22821,0.0,-15.0,0.445,20.0
63,2023-03-05,0.0,0.03556,-12.225,-8.175,-10.2854166666667,0.03556,0.0,5.3177e-05,0.0,-6.9738e-06,8.1242,0.0,0.22827,0.0,-0.00047851,-1000000.0,-7.6609,-15.487,0.0,0.0,32.705,0.0,0.22827,0.0,-15.0,0.445,20.0
64,2023-03-06,0.2465,0.0508,-14.925,-5.4,-11.0927083333333,0.0508,0.0,5.2317e-05,0.0,-6.9738e-06,8.175,0.0,0.22832,0.0,-0.00048548,-1000000.0,-7.6611,-15.494,0.0,0.0,32.705,0.0,0.22832,0.0,-15.0,0.445,20.0
65,2023-03-07,0.0,0.06096,-19.125,-4.15,-11.20625,0.06096,0.0,5.1491e-05,0.0,-6.9439e-06,8.236,0.0,0.22837,0.0,-0.00049244,-1000000.0,-7.6612,-15.501,0.0,0.0,32.705,0.0,0.22837,0.0,-15.0,0.445,20.0
66,2023-03-08,0.0,0.04318,-15.45,-9.15,-11.471875,0.04318,0.0,5.0694e-05,0.0,-6.9439e-06,8.2791,0.0,0.22842,0.0,-0.00049938,-1000000.0,-7.6614,-15.508,0.0,0.0,32.705,0.0,0.22842,0.0,-15.0,0.445,20.0
67,2023-03-09,0.0,0.0635,-16.5,-6.2,-11.7177083333333,0.0635,0.0,4.9926e-05,0.0,-6.9141e-06,8.3426,0.0,0.22847,0.0,-0.00050631,-1000000.0,-7.6615,-15.515,0.0,0.0,32.705,0.0,0.22847,0.0,-15.0,0.445,20.0
68,2023-03-10,0.1277,0.02794,-14.65,-9.0,-12.1697916666667,0.02794,0.0,4.9189e-05,0.0,-6.9141e-06,8.3706,0.0,0.22852,0.0,-0.00051323,-1000000.0,-7.6617,-15.522,0.0,0.0,32.704,0.0,0.22852,0.0,-15.0,0.445,20.0
69,2023-03-11,0.0,0.0508,-18.95,-5.075,-11.6197916666667,0.0508,0.0,4.8477e-05,0.0,-6.8843e-06,8.4214,0.0,0.22857,0.0,-0.00052013,-1000000.0,-7.6618,-15.529,0.0,0.0,32.704,0.0,0.22857,0.0,-15.0,0.445,20.0
70,2023-03-12,0.0,0.06604,-17.675,-5.65,-12.5358695652174,0.06604,0.0,4.7786e-05,0.0,-6.8843e-06,8.4874,0.0,0.22862,0.0,-0.00052701,-1000000.0,-7.662,-15.536,0.0,0.0,32.704,0.0,0.22862,0.0,-15.0,0.445,20.0
71,2023-03-13,0.1887,0.17272,-9.3,1.025,-4.59762228260869,0.17272,0.0,4.7119e-05,0.0,-6.8545e-06,8.6601,0.0,0.22866,0.0,-0.00053388,-1000000.0,-7.6622,-15.543,0.0,0.0,32.704,0.0,0.22866,0.0,-15.0,0.445,20.0
72,2023-03-14,0.0,0.22098,-0.925,7.7,3.340625,0.22098,0.0,4.647e-05,0.0,-6.8545e-06,8.8811,0.0,0.22871,0.0,-0.00054073,-1000000.0,-7.6623,-15.55,0.0,0.0,32.704,0.0,0.22871,0.0,-15.0,0.445,20.0
73,2023-03-15,0.3961,0.09398,-7.65,2.825,-1.94895833333333,0.09398,0.0,4.5842e-05,0.0,-6.8247e-06,8.9751,0.0,0.22876,0.0,-0.00054757,-1000000.0,-7.6625,-15.557,0.0,0.0,32.704,0.0,0.22876,0.0,-15.0,0.445,20.0
74,2023-03-16,0.0493,0.10922,-9.775,1.775,-4.103125,0.10922,0.0,4.5232e-05,0.0,-6.8247e-06,9.0843,0.0,0.2288,0.0,-0.0005544,-1000000.0,-7.6626,-15.564,0.0,0.0,32.704,0.0,0.2288,0.0,-15.0,0.445,20.0
75,2023-03-17,0.0,0.13208,-10.075,3.925,-3.190625,0.13208,0.0,4.4638e-05,0.0,-6.7949e-06,9.2164,0.0,0.22885,0.0,-0.00056121,-1000000.0,-7.6627,-15.571,0.0,0.0,32.704,0.0,0.22885,0.0,-15.0,0.445,20.0
76,2023-03-18,0.0,0.19304,-6.0,8.35,0.263541666666667,0.19304,0.0,4.4062e-05,0.0,-6.7949e-06,9.4094,0.0,0.22889,0.0,-0.000568,-1000000.0,-7.6629,-15.578,0.0,0.0,32.704,0.0,0.22889,0.0,-15.0,0.445,20.0
77,2023-03-19,0.0,0.15494,-4.25,8.775,1.92395833333333,0.15494,0.0,4.3502e-05,0.0,-6.7651e-06,9.5644,0.0,0.22893,0.0,-0.00057478,-1000000.0,-7.663,-15.585,0.0,0.0,32.704,0.0,0.22893,0.0,-15.0,0.445,20.0
78,2023-03-20,0.0,0.08636,-7.425,0.5,-4.15833333333333,0.08636,0.0,4.2953e-05,0.0,-6.7651e-06,9.6507,0.0,0.22898,0.0,-0.00058155,-1000000.0,-7.6632,-15.591,0.0,0.0,32.704,0.0,0.22898,0.0,-15.0,0.445,20.0
79,2023-03-21,0.0,0.12954,-7.9,5.85,-1.69479166666667,0.12954,0.0,4.2422e-05,0.0,-6.7353e-06,9.7803,0.0,0.22902,0.0,-0.0005883,-1000000.0,-7.6633,-15.598,0.0,0.0,32.704,0.0,0.22902,0.0,-15.0,0.445,20.0
80,2023-03-22,0.0,0.1397,-7.275,5.925,-2.675,0.1397,0.0,4.1902e-05,0.0,-6.7353e-06,9.92,0.0,0.22906,0.0,-0.00059503,-1000000.0,-7.6634,-15.605,0.0,0.0,32.704,0.0,0.22906,0.0,-15.0,0.445,20.0
81,2023-03-23,0.0,0.2032,-7.175,8.925,0.954166666666667,0.2032,0.0,4.1398e-05,0.0,-6.7353e-06,10.123,0.0,0.2291,0.0,-0.00060177,-1000000.0,-7.6636,-15.612,0.0,0.0,32.704,0.0,0.2291,0.0,-15.0,0.445,20.0
82,2023-03-24,0.0,0.15494,-2.375,7.65,1.85729166666667,0.15494,0.0,4.0903e-05,0.0,-6.7055e-06,10.278,0.0,0.22914,0.0,-0.00060847,-1000000.0,-7.6637,-15.619,0.0,0.0,32.704,0.0,0.22914,0.0,-15.0,0.445,20.0
83,2023-03-25,0.0782,0.11176,-2.875,4.425,-0.13125,0.11176,0.0,4.0416e-05,0.0,-6.7055e-06,10.39,0.0,0.22919,0.0,-0.00061518,-1000000.0,-7.6638,-15.626,0.0,0.0,32.704,0.0,0.22919,0.0,-15.0,0.445,20.0
84,2023-03-26,0.0,0.10922,-5.325,3.125,-2.16979166666667,0.10922,0.0,3.9939e-05,0.0,-6.6757e-06,10.499,0.0,0.22923,0.0,-0.00062186,-1000000.0,-7.664,-15.632,0.0,0.0,32.704,0.0,0.22923,0.0,-15.0,0.445,20.0
85,2023-03-27,0.0,0.17018,-6.6,6.05,-1.82604166666667,0.17018,0.0,3.9477e-05,0.0,-6.6757e-06,10.669,0.0,0.22926,0.0,-0.00062853,-1000000.0,-7.6641,-15.639,0.0,0.0,32.704,0.0,0.22926,0.0,-15.0,0.445,20.0
86,2023-03-28,0.0,0.12192,-5.625,3.025,-2.63645833333333,0.12192,0.0,3.9024e-05,0.0,-6.6459e-06,10.791,0.0,0.2293,0.0,-0.00063518,-1000000.0,-7.6642,-15.646,0.0,0.0,32.704,0.0,0.2293,0.0,-15.0,0.445,20.0
87,2023-03-29,0.0,0.12192,-6.6,3.55,-2.10833333333333,0.12192,0.0,3.8577e-05,0.0,-6.6459e-06,10.913,0.0,0.22934,0.0,-0.00064182,-1000000.0,-7.6644,-15.653,0.0,0.0,32.704,0.0,0.22934,0.0,-15.0,0.445,20.0
88,2023-03-30,0.1462,0.08128,-4.875,0.2,-2.99479166666667,0.08128,0.0,3.8144e-05,0.0,-6.6161e-06,10.994,0.0,0.22938,0.0,-0.00064844,-1000000.0,-7.6645,-15.659,0.0,0.0,32.703,0.0,0.22938,0.0,-15.0,0.445,20.0
89,2023-03-31,0.2009,0.19558,-7.075,8.675,0.467708333333333,0.19558,0.0,3.7719e-05,0.0,-6.6161e-06,11.19,0.0,0.22942,0.0,-0.00065506,-1000000.0,-7.6646,-15.666,0.0,0.0,32.703,0.0,0.22942,0.0,-15.0,0.445,20.0
90,2023-04-01,0.0,0.254,-1.325,8.525,3.46354166666667,0.0,0.254,4.4138e-15,0.254,-6.5863e-06,11.19,0.254,0.22942,0.254,-0.00066166,-966260.0,-24.198,-15.673,0.0,0.0,32.576,0.0,0.22942,0.0,-15.0,0.445,20.0
91,2023-04-02,0.0,0.23114,-4.925,7.675,1.009375,0.0,0.23114,1.5582e-26,0.23114,-6.5863e-06,11.19,0.48514,0.22942,0.48514,-0.00066824,-965690.0,-39.11,-15.68,0.0,0.0,32.334,0.0,0.22942,0.0,-15.0,0.445,20.0
92,2023-04-03,0.0,0.10922,-9.75,3.275,-3.43125,0.0,0.10922,9.6551e-32,0.10922,-6.5565e-06,11.19,0.59436,0.22942,0.59436,-0.00067481,-965630.0,-51.525,-15.686,0.0,0.0,32.164,0.0,0.22942,0.0,-15.0,0.445,20.0
93,2023-04-04,0.0,0.06604,-9.225,-2.05,-4.23958333333333,0.0,0.06604,9.6549e-32,0.06604,-6.5565e-06,11.19,0.6604,0.22942,0.6604,-0.00068137,-965630.0,-58.931,-15.693,0.0,0.0,32.076,0.0,0.22942,0.0,-15.0,0.445,20.0
94,2023-04-05,0.0,0.16256,-11.275,5.25,-2.44895833333333,0.0,0.16256,9.654599999999999e-32,0.16256,-6.5267e-06,11.19,0.82296,0.22942,0.82296,-0.00068791,-965630.0,-70.113,-15.7,0.0,0.0,31.962,0.0,0.22942,0.0,-15.0,0.445,20.0
95,2023-04-06,0.0,0.33274,-2.55,11.35,4.16354166666667,0.0,0.33274,9.6534e-32,0.33274,-6.5267e-06,11.19,1.1557,0.22942,1.1557,-0.00069444,-965640.0,-103.8,-15.706,0.0,0.0,31.714,0.0,0.22942,0.0,-15.0,0.445,20.0
96,2023-04-07,0.0,0.37338,0.175,14.225,7.284375,0.0,0.37338,9.648699999999999e-32,0.33367,-6.5267e-06,11.19,1.5291,0.22942,1.506,-0.00070097,-965630.0,-209.09,-15.713,0.0,0.0,31.364,0.0,0.22942,0.0,-15.0,0.445,20.0
97,2023-04-08,0.0,0.37846,3.15,14.225,8.72395833333333,0.0,0.37846,9.6433e-32,0.25402,-6.4969e-06,11.19,1.9075,0.22942,1.7775,-0.00070746,-965630.0,-398.72,-15.72,0.0,0.0,31.053,0.0,0.22942,0.0,-15.0,0.445,20.0
98,2023-04-09,0.0,0.4572,4.4,17.075,11.2802083333333,0.0,0.4572,9.6411e-32,0.21641,-6.4969e-06,11.19,2.3647,0.22942,2.0131,-0.00071396,-965630.0,-594.13,-15.726,0.0,0.0,30.798,0.0,0.22942,0.0,-15.0,0.445,20.0
99,2023-04-10,0.0,0.54864,10.95,23.475,16.6416666666667,0.0,0.54864,9.6405e-32,0.18342,-6.4671e-06,11.19,2.9134,0.22942,2.2135,-0.00072043,-965640.0,-771.34,-15.733,0.0,0.0,30.582,0.0,0.22942,0.0,-15.0,0.445,20.0
100,2023-04-11,0.0,0.47244,4.3,20.225,13.74375,0.0,0.47244,9.640299999999999e-32,0.12193,-6.4671e-06,11.19,3.3858,0.22942,2.3428,-0.00072689,-965630.0,-922.41,-15.739,0.0,0.0,30.421,0.0,0.22942,0.0,-15.0,0.445,20.0
101,2023-04-12,0.0,0.18288,-1.9,7.9,3.08541666666667,0.0,0.18288,9.640299999999999e-32,0.044101,-6.4373e-06,11.19,3.5687,0.22942,2.3892,-0.00073333,-965630.0,-1015.7,-15.746,0.0,0.0,30.336,0.0,0.22942,0.0,-15.0,0.445,20.0
102,2023-04-13,0.9633,0.09652,-2.75,2.2,0.173958333333333,0.0,0.09652,9.640299999999999e-32,0.019931,-6.4373e-06,11.19,3.6652,0.22942,2.4099,-0.00073977,-965630.0,-1061.1,-15.752,0.0,0.0,30.303,0.0,0.22942,0.0,-15.0,0.445,20.0
103,2023-04-14,0.0952,0.18034,-5.825,5.825,-0.0322916666666666,0.0,0.18034,9.640299999999999e-32,0.029865,-6.4075e-06,11.19,3.8456,0.22942,2.4415,-0.00074619,-965640.0,-1097.7,-15.759,0.0,0.0,30.277,0.0,0.22942,0.0,-15.0,0.445,20.0
104,2023-04-15,0.0017,0.2921,-3.25,11.1,3.559375,0.0,0.2921,9.640299999999999e-32,0.041646,-6.4075e-06,11.19,4.1377,0.22942,2.4841,-0.0007526,-965630.0,-1128.5,-15.765,0.0,0.0,30.24,0.0,0.22942,0.0,-15.0,0.445,20.0
105,2023-04-16,0.0,0.4064,0.45,17.45,9.81354166666667,0.0,0.4064,9.640299999999999e-32,0.055172,-6.3777e-06,11.19,4.5441,0.22942,2.5398,-0.00075899,-965630.0,-1160.5,-15.772,0.0,0.0,30.191,0.0,0.22942,0.0,-15.0,0.445,20.0
106,2023-04-17,0.0119,0.35052,3.05,14.925,8.2125,0.0,0.35052,9.640299999999999e-32,0.039085,-6.3777e-06,11.19,4.8946,0.22942,2.5814,-0.00076537,-965630.0,-1208.9,-15.778,0.0,0.0,30.141,0.0,0.22942,0.0,-15.0,0.445,20.0
107,2023-04-18,0.2992,0.12446,-0.4,9.275,2.89166666666667,0.0,0.12446,9.640299999999999e-32,0.012448,-6.3479e-06,11.19,5.019,0.22942,2.5942,-0.00077173,-965640.0,-1241.6,-15.785,0.0,0.0,30.115,0.0,0.22942,0.0,-15.0,0.445,20.0
108,2023-04-19,1.1389,0.12446,-1.35,1.3,-0.153125,0.0,0.12446,9.640299999999999e-32,0.010825,-6.3479e-06,11.19,5.1435,0.22942,2.6053,-0.00077808,-965630.0,-1259.3,-15.791,0.0,0.0,30.103,0.0,0.22942,0.0,-15.0,0.445,20.0
109,2023-04-20,0.1821,0.13716,-3.2,0.975,-1.317,0.0,0.13716,9.640299999999999e-32,0.010827,-6.3479e-06,11.19,5.2807,0.22942,2.6164,-0.00078443,-965630.0,-1271.0,-15.798,0.0,0.0,30.092,0.0,0.22942,0.0,-15.0,0.445,20.0
110,2023-04-21,0.1004,0.1143,-5.425,0.5,-2.28229166666667,0.0,0.1143,9.640299999999999e-32,0.0085554,-6.3181e-06,11.19,5.395,0.22942,2.625,-0.00079075,-965630.0,-1278.5,-15.804,0.0,0.0,30.083,0.0,0.22942,0.0,-15.0,0.445,20.0
111,2023-04-22,0.0068,0.2159,-6.8,7.7,0.428125,0.0,0.2159,9.640299999999999e-32,0.015292,-6.3181e-06,11.19,5.6109,0.22942,2.6405,-0.00079706,-965640.0,-1286.4,-15.811,0.0,0.0,30.07,0.0,0.22942,0.0,-15.0,0.445,20.0
112,2023-04-23,0.0,0.25908,-2.65,12.225,4.72395833333333,0.0,0.25908,9.640299999999999e-32,0.017814,-6.2883e-06,11.19,5.8699,0.22942,2.6584,-0.00080335,-965630.0,-1295.3,-15.817,0.0,0.0,30.054,0.0,0.22942,0.0,-15.0,0.445,20.0
113,2023-04-24,0.0306,0.28194,2.175,16.6,9.33020833333333,0.0,0.28194,9.640299999999999e-32,0.019248,-6.2883e-06,11.19,6.1519,0.22942,2.6777,-0.00080964,-965630.0,-1304.9,-15.823,0.0,0.0,30.035,0.0,0.22942,0.0,-15.0,0.445,20.0
114,2023-04-25,0.0,0.36068,3.225,17.025,9.746875,0.0,0.36068,9.640299999999999e-32,0.024593,-6.2585e-06,11.19,6.5126,0.22942,2.7023,-0.00081591,-965630.0,-1319.0,-15.83,0.0,0.0,30.013,0.0,0.22942,0.0,-15.0,0.445,20.0
115,2023-04-26,0.0,0.3683,0.725,18.975,10.3364583333333,0.0,0.3683,9.640299999999999e-32,0.022803,-6.2585e-06,11.19,6.8809,0.22942,2.726,-0.00082217,-965640.0,-1341.9,-15.836,0.0,0.0,29.989,0.0,0.22942,0.0,-15.0,0.445,20.0
116,2023-04-27,0.1821,0.23622,0.35,11.7,6.65416666666667,0.0,0.23622,9.640299999999999e-32,0.013383,-6.2287e-06,11.19,7.1171,0.22942,2.7399,-0.00082842,-965630.0,-1366.1,-15.843,0.0,0.0,29.97,0.0,0.22942,0.0,-15.0,0.445,20.0
117,2023-04-28,0.0,0.37846,0.625,22.25,11.8770833333333,0.0,0.37846,9.640299999999999e-32,0.01553,-6.2287e-06,11.19,7.4955,0.22942,2.7565,-0.00083464,-965630.0,-1392.5,-15.849,0.0,0.0,29.954,0.0,0.22942,0.0,-15.0,0.445,20.0
118,2023-04-29,0.0,0.36322,0.55,20.9,11.8916666666667,0.0,0.36322,9.640299999999999e-32,0.011485,-6.2287e-06,11.19,7.8588,0.22942,2.7687,-0.00084087,-965630.0,-1416.6,-15.855,0.0,0.0,29.94,0.0,0.22942,0.0,-15.0,0.445,20.0
119,2023-04-30,0.0,0.41148,-0.025,23.3,12.9302083333333,0.0,0.41148,9.640299999999999e-32,0.010853,-6.1989e-06,11.19,8.2702,0.22942,2.78,-0.00084707,-965640.0,-1429.8,-15.862,0.0,0.0,29.929,0.0,0.22942,0.0,-15.0,0.445,20.0
120,2023-05-01,0.0,0.39624,0.975,24.125,13.765625,0.0,0.39624,9.640299999999999e-32,0.14269,-6.1989e-06,11.19,8.6665,0.22942,2.8927,-0.00085327,-965630.0,-690.57,-15.868,0.0,0.0,29.882,0.0,0.22942,0.0,-15.0,0.445,20.0
121,2023-05-02,0.0,0.35306,1.1,24.225,13.3125,0.0,0.35306,9.640299999999999e-32,0.12672,-6.1691e-06,11.19,9.0195,0.22942,3.0195,-0.00085944,-965630.0,-697.07,-15.874,0.0,0.0,29.747,0.0,0.22942,0.0,-15.0,0.445,20.0
122,2023-05-03,0.0,0.36322,6.025,24.4,15.3395833333333,0.0,0.36322,9.640299999999999e-32,0.13029,-6.1691e-06,11.19,9.3828,0.22942,3.1498,-0.00086561,-965630.0,-703.43,-15.88,0.0,0.0,29.619,0.0,0.22942,0.0,-15.0,0.445,20.0
123,2023-05-04,0.0,0.39878,5.85,24.775,16.06875,0.0,0.39878,9.640299999999999e-32,0.14304,-6.1393e-06,11.19,9.7815,0.22942,3.2928,-0.00087176,-965640.0,-711.75,-15.887,0.0,0.0,29.482,0.0,0.22942,0.0,-15.0,0.445,20.0
124,2023-05-05,0.9785,0.23876,8.75,17.075,12.3020833333333,0.0,0.23876,9.640299999999999e-32,0.085642,-6.1393e-06,11.19,10.02,0.22942,3.3785,-0.0008779,-965630.0,-721.23,-15.893,0.0,0.0,29.368,0.0,0.22942,0.0,-15.0,0.445,20.0
125,2023-05-06,0.772,0.09398,5.6,9.25,7.990625,0.0,0.09398,9.640299999999999e-32,0.03371,-6.1095e-06,11.19,10.114,0.22942,3.4122,-0.00088403,-965630.0,-727.78,-15.899,0.0,0.0,29.308,0.0,0.22942,0.0,-15.0,0.445,20.0
126,2023-05-07,0.1904,0.28956,5.125,15.725,10.1114583333333,0.0,0.28956,9.640299999999999e-32,0.10299,-6.1095e-06,11.19,10.404,0.22942,3.5156,-0.00089014,-965630.0,-737.31,-15.905,0.0,0.0,29.239,0.0,0.22942,0.0,-15.0,0.445,20.0
127,2023-05-08,0.0,0.37084,4.8,17.75,10.8416666666667,0.0,0.37084,9.640299999999999e-32,0.12263,-6.1095e-06,11.19,10.775,0.22942,3.6403,-0.00089625,-965640.0,-757.99,-15.912,0.0,0.0,29.124,0.0,0.22942,0.0,-15.0,0.445,20.0
128,2023-05-09,0.0,0.27432,1.025,15.4,8.18645833333333,0.0,0.27432,9.640299999999999e-32,0.086367,-6.0797e-06,11.19,11.049,0.22942,3.7278,-0.00090232,-965630.0,-776.47,-15.918,0.0,0.0,29.019,0.0,0.22942,0.0,-15.0,0.445,20.0
129,2023-05-10,0.0,0.32512,3.225,17.25,10.9427083333333,0.0,0.32512,9.640299999999999e-32,0.098997,-6.0797e-06,11.19,11.374,0.22942,3.8275,-0.0009084,-965630.0,-788.03,-15.924,0.0,0.0,28.925,0.0,0.22942,0.0,-15.0,0.445,20.0
130,2023-05-11,0.1105,0.2286,5.325,15.625,10.3104166666667,0.0,0.2286,9.640299999999999e-32,0.068837,-6.0499e-06,11.19,11.603,0.22942,3.8966,-0.00091445,-965630.0,-794.76,-15.93,0.0,0.0,28.841,0.0,0.22942,0.0,-15.0,0.445,20.0
131,2023-05-12,0.0068,0.29972,2.25,20.025,11.2541666666667,0.0,0.29972,9.640299999999999e-32,0.08974,-6.0499e-06,11.19,11.902,0.22942,3.9864,-0.0009205,-965640.0,-800.4,-15.936,0.0,0.0,28.762,0.0,0.22942,0.0,-15.0,0.445,20.0
132,2023-05-13,0.0,0.18288,4.425,15.375,11.121875,0.0,0.18288,9.640299999999999e-32,0.054694,-6.0201e-06,11.19,12.085,0.22942,4.0411,-0.00092654,-965630.0,-804.94,-15.942,0.0,0.0,28.689,0.0,0.22942,0.0,-15.0,0.445,20.0
133,2023-05-14,0.0,0.21336,6.3,18.9,12.278125,0.0,0.21336,9.640299999999999e-32,0.063786,-6.0201e-06,11.19,12.299,0.22942,4.1049,-0.00093256,-965630.0,-809.21,-15.948,0.0,0.0,28.63,0.0,0.22942,0.0,-15.0,0.445,20.0
134,2023-05-15,0.0,0.42926,6.0,24.85,15.95,0.0,0.42926,9.640299999999999e-32,0.12831,-6.0201e-06,11.19,12.728,0.22942,4.2332,-0.00093858,-965630.0,-816.82,-15.955,0.0,0.0,28.534,0.0,0.22942,0.0,-15.0,0.445,20.0
135,2023-05-16,0.0017,0.51816,13.125,26.95,18.9208333333333,0.0,0.51816,9.640299999999999e-32,0.15488,-5.9903e-06,11.19,13.246,0.22942,4.3881,-0.00094457,-965640.0,-832.0,-15.961,0.0,0.0,28.392,0.0,0.22942,0.0,-15.0,0.445,20.0
136,2023-05-17,0.1327,0.18542,6.85,15.725,11.4177083333333,0.0,0.18542,9.640299999999999e-32,0.055424,-5.9903e-06,11.19,13.432,0.22942,4.4435,-0.00095056,-965630.0,-847.95,-15.967,0.0,0.0,28.287,0.0,0.22942,0.0,-15.0,0.445,20.0
137,2023-05-18,0.0051,0.33528,2.475,20.725,11.7791666666667,0.0,0.33528,9.640299999999999e-32,0.099287,-5.9605e-06,11.19,13.767,0.22942,4.5433,-0.00095652,-965630.0,-863.88,-15.973,0.0,0.0,28.209,0.0,0.22942,0.0,-15.0,0.445,20.0
138,2023-05-19,0.0,0.42672,2.825,26.675,15.3260416666667,0.0,0.42672,9.640299999999999e-32,0.11751,-5.9605e-06,11.19,14.194,0.22942,4.6627,-0.00096248,-965640.0,-894.35,-15.979,0.0,0.0,28.099,0.0,0.22942,0.0,-15.0,0.445,20.0
139,2023-05-20,0.0,0.4064,8.9,26.5,18.53125,0.0,0.4064,9.640299999999999e-32,0.10178,-5.9307e-06,11.19,14.6,0.22942,4.7674,-0.00096843,-965640.0,-933.79,-15.985,0.0,0.0,27.987,0.0,0.22942,0.0,-15.0,0.445,20.0
140,2023-05-21,0.0,0.4445,9.325,29.55,19.6916666666667,0.0,0.4445,9.640299999999999e-32,0.099718,-5.9307e-06,11.19,15.044,0.22942,4.8697,-0.00097436,-965630.0,-973.4,-15.991,0.0,0.0,27.883,0.0,0.22942,0.0,-15.0,0.445,20.0
141,2023-05-22,0.6886,0.35052,10.125,22.5,16.721875,0.0,0.35052,9.640299999999999e-32,0.071809,-5.9307e-06,11.19,15.395,0.22942,4.9437,-0.00098029,-965630.0,-1008.9,-15.997,0.0,0.0,27.795,0.0,0.22942,0.0,-15.0,0.445,20.0
142,2023-05-23,0.0,0.40894,6.175,21.575,14.3166666666667,0.0,0.40894,9.640299999999999e-32,0.074569,-5.9009e-06,11.19,15.804,0.22942,5.0201,-0.00098619,-965640.0,-1040.8,-16.003,0.0,0.0,27.72,0.0,0.22942,0.0,-15.0,0.445,20.0
143,2023-05-24,0.0578,0.2794,9.5,20.725,14.33125,0.0,0.2794,9.640299999999999e-32,0.048198,-5.9009e-06,11.19,16.083,0.22942,5.069,-0.00099209,-965630.0,-1066.2,-16.009,0.0,0.0,27.658,0.0,0.22942,0.0,-15.0,0.445,20.0
144,2023-05-25,0.1445,0.14732,10.4,15.825,12.5489583333333,0.0,0.14732,9.640299999999999e-32,0.024538,-5.8711e-06,11.19,16.231,0.22942,5.0938,-0.00099796,-965630.0,-1083.1,-16.015,0.0,0.0,27.622,0.0,0.22942,0.0,-15.0,0.445,20.0
145,2023-05-26,0.1394,0.11938,10.425,14.8,12.3583333333333,0.0,0.11938,9.640299999999999e-32,0.019407,-5.8711e-06,11.19,16.35,0.22942,5.1133,-0.0010038,-965630.0,-1093.4,-16.021,0.0,0.0,27.6,0.0,0.22942,0.0,-15.0,0.445,20.0
146,2023-05-27,1.7901,0.10922,9.75,12.975,11.4697916666667,0.0,0.10922,9.640299999999999e-32,0.017434,-5.8413e-06,11.19,16.459,0.22942,5.1308,-0.0010097,-965640.0,-1101.9,-16.027,0.0,0.0,27.581,0.0,0.22942,0.0,-15.0,0.445,20.0
147,2023-05-28,0.1819,0.37846,8.75,23.6,15.5322916666667,0.0,0.37846,9.640299999999999e-32,0.05252,-5.8413e-06,11.19,16.838,0.22942,5.1844,-0.0010155,-965630.0,-1117.1,-16.033,0.0,0.0,27.545,0.0,0.22942,0.0,-15.0,0.445,20.0
148,2023-05-29,0.0374,0.44196,10.375,22.775,16.4135416666667,0.0,0.44196,9.640299999999999e-32,0.056231,-5.8413e-06,11.19,17.28,0.22942,5.2418,-0.0010214,-965630.0,-1140.0,-16.039,0.0,0.0,27.489,0.0,0.22942,0.0,-15.0,0.445,20.0
149,2023-05-30,0.0,0.44958,9.5,25.775,17.7614583333333,0.0,0.44958,9.640299999999999e-32,0.051601,-5.8115e-06,11.19,17.729,0.22942,5.2947,-0.0010272,-965630.0,-1162.8,-16.045,0.0,0.0,27.434,0.0,0.22942,0.0,-15.0,0.445,20.0
150,2023-05-31,0.017,0.33528,6.725,26.0,15.9875,0.0,0.33528,9.640299999999999e-32,0.036593,-5.8115e-06,11.19,18.064,0.22942,5.332,-0.001033,-965640.0,-1180.6,-16.051,0.0,0.0,27.389,0.0,0.22942,0.0,-15.0,0.445,20.0
151,2023-06-01,0.0085,0.26162,8.35,20.425,14.171875,0.0,0.26162,9.640299999999999e-32,0.081304,-5.7817e-06,11.19,18.326,0.22942,5.4013,-0.0010388,-965630.0,-789.34,-16.057,0.0,0.0,27.342,0.0,0.22942,0.0,-15.0,0.445,20.0
152,2023-06-02,0.7684,0.10414,11.1,13.225,12.0458333333333,0.0,0.10414,9.640299999999999e-32,0.032222,-5.7817e-06,11.19,18.43,0.22942,5.4337,-0.0010446,-965630.0,-796.47,-16.062,0.0,0.0,27.285,0.0,0.22942,0.0,-15.0,0.445,20.0
153,2023-06-03,0.6732,0.1905,8.7,14.75,12.2625,0.0,0.1905,9.640299999999999e-32,0.057437,-5.7817e-06,11.19,18.621,0.22942,5.4914,-0.0010504,-965630.0,-803.21,-16.068,0.0,0.0,27.24,0.0,0.22942,0.0,-15.0,0.445,20.0
154,2023-06-04,0.0153,0.41656,5.925,23.65,15.775,0.0,0.41656,9.640299999999999e-32,0.12132,-5.7518e-06,11.19,19.037,0.22942,5.6137,-0.0010561,-965640.0,-814.28,-16.074,0.0,0.0,27.15,0.0,0.22942,0.0,-15.0,0.445,20.0
155,2023-06-05,0.017,0.37592,10.2,25.875,17.9572916666667,0.0,0.37592,9.640299999999999e-32,0.10626,-5.7518e-06,11.19,19.413,0.22942,5.7208,-0.0010619,-965630.0,-827.78,-16.08,0.0,0.0,27.035,0.0,0.22942,0.0,-15.0,0.445,20.0
156,2023-06-06,0.0017,0.32258,9.85,21.75,15.0395833333333,0.0,0.32258,9.640299999999999e-32,0.088859,-5.722e-06,11.19,19.736,0.22942,5.8103,-0.0010676,-965630.0,-839.7,-16.086,0.0,0.0,26.937,0.0,0.22942,0.0,-15.0,0.445,20.0
157,2023-06-07,0.0034,0.4191,7.425,26.35,17.7479166666667,0.0,0.4191,9.640299999999999e-32,0.11103,-5.722e-06,11.19,20.155,0.22942,5.9222,-0.0010733,-965630.0,-852.93,-16.092,0.0,0.0,26.836,0.0,0.22942,0.0,-15.0,0.445,20.0
158,2023-06-08,1.123,0.28448,10.95,23.25,17.1291666666667,0.0,0.28448,9.640299999999999e-32,0.074003,-5.722e-06,11.19,20.439,0.22942,5.9966,-0.0010791,-965640.0,-864.81,-16.097,0.0,0.0,26.743,0.0,0.22942,0.0,-15.0,0.445,20.0
159,2023-06-09,0.5614,0.19304,13.25,19.575,15.8625,0.0,0.19304,9.640299999999999e-32,0.049672,-5.6922e-06,11.19,20.632,0.22942,6.0464,-0.0010847,-965630.0,-872.82,-16.103,0.0,0.0,26.681,0.0,0.22942,0.0,-15.0,0.445,20.0
160,2023-06-10,0.0238,0.24638,11.4,20.7,15.959375,0.0,0.24638,9.640299999999999e-32,0.062645,-5.6922e-06,11.19,20.879,0.22942,6.1092,-0.0010904,-965630.0,-879.96,-16.109,0.0,0.0,26.625,0.0,0.22942,0.0,-15.0,0.445,20.0
161,2023-06-11,0.0136,0.41148,8.85,23.425,16.7239583333333,0.0,0.41148,9.640299999999999e-32,0.09919,-5.6624e-06,11.19,21.29,0.22942,6.2092,-0.0010961,-965630.0,-890.42,-16.115,0.0,0.0,26.543,0.0,0.22942,0.0,-15.0,0.445,20.0
162,2023-06-12,0.0102,0.41402,9.95,24.225,17.5041666666667,0.0,0.41402,9.640299999999999e-32,0.096486,-5.6624e-06,11.19,21.704,0.22942,6.3065,-0.0011018,-965640.0,-903.14,-16.121,0.0,0.0,26.445,0.0,0.22942,0.0,-15.0,0.445,20.0
163,2023-06-13,0.0051,0.46482,7.65,26.175,17.7364583333333,0.0,0.46482,9.640299999999999e-32,0.10499,-5.6326e-06,11.19,22.169,0.22942,6.4123,-0.0011074,-965630.0,-916.05,-16.126,0.0,0.0,26.343,0.0,0.22942,0.0,-15.0,0.445,20.0
164,2023-06-14,0.0,0.44958,8.75,19.225,16.26875,0.0,0.44958,9.640299999999999e-32,0.098289,-5.6326e-06,11.19,22.619,0.22942,6.5115,-0.001113,-965630.0,-928.66,-16.132,0.0,0.0,26.241,0.0,0.22942,0.0,-15.0,0.445,20.0
165,2023-06-15,0.0,0.26924,5.1,17.1,11.3458333333333,0.0,0.26924,9.640299999999999e-32,0.058681,-5.6326e-06,11.19,22.888,0.22942,6.5706,-0.0011187,-965630.0,-938.3,-16.138,0.0,0.0,26.162,0.0,0.22942,0.0,-15.0,0.445,20.0
166,2023-06-16,0.0119,0.4318,3.15,23.3,13.9916666666667,0.0,0.4318,9.640299999999999e-32,0.089272,-5.6028e-06,11.19,23.32,0.22942,6.6606,-0.0011243,-965640.0,-948.26,-16.143,0.0,0.0,26.087,0.0,0.22942,0.0,-15.0,0.445,20.0
167,2023-06-17,0.068,0.3937,10.05,22.15,15.9583333333333,0.0,0.3937,9.640299999999999e-32,0.079012,-5.6028e-06,11.19,23.713,0.22942,6.7402,-0.0011299,-965630.0,-959.68,-16.149,0.0,0.0,26.002,0.0,0.22942,0.0,-15.0,0.445,20.0
168,2023-06-18,0.2451,0.34036,5.15,18.225,12.6614583333333,0.0,0.34036,9.640299999999999e-32,0.066737,-5.6028e-06,11.19,24.054,0.22942,6.8074,-0.0011355,-965630.0,-969.52,-16.155,0.0,0.0,25.929,0.0,0.22942,0.0,-15.0,0.445,20.0
169,2023-06-19,0.0,0.4699,5.55,17.625,11.7541666666667,0.0,0.4699,9.640299999999999e-32,0.089294,-5.573e-06,11.19,24.524,0.22942,6.8974,-0.0011411,-965630.0,-979.91,-16.161,0.0,0.0,25.85,0.0,0.22942,0.0,-15.0,0.445,20.0
170,2023-06-20,0.0,0.4445,4.825,18.9,11.8979166666667,0.0,0.4445,9.640299999999999e-32,0.08204,-5.573e-06,11.19,24.968,0.22942,6.9801,-0.0011466,-965640.0,-990.3,-16.166,0.0,0.0,25.764,0.0,0.22942,0.0,-15.0,0.445,20.0
171,2023-06-21,0.0289,0.34798,0.75,18.575,10.0989583333333,0.0,0.34798,9.640299999999999e-32,0.063123,-5.5432e-06,11.19,25.316,0.22942,7.0438,-0.0011522,-965630.0,-999.73,-16.172,0.0,0.0,25.691,0.0,0.22942,0.0,-15.0,0.445,20.0
172,2023-06-22,0.0051,0.4064,1.225,21.425,12.753125,0.0,0.4064,9.640299999999999e-32,0.070989,-5.5432e-06,11.19,25.723,0.22942,7.1153,-0.0011577,-965630.0,-1009.0,-16.177,0.0,0.0,25.623,0.0,0.22942,0.0,-15.0,0.445,20.0
173,2023-06-23,0.4835,0.32004,4.275,23.925,13.8770833333333,0.0,0.32004,9.640299999999999e-32,0.05475,-5.5432e-06,11.19,26.043,0.22942,7.1704,-0.0011633,-965630.0,-1018.0,-16.183,0.0,0.0,25.56,0.0,0.22942,0.0,-15.0,0.445,20.0
174,2023-06-24,0.0204,0.40132,9.65,24.3,16.6302083333333,0.0,0.40132,9.640299999999999e-32,0.066503,-5.5134e-06,11.19,26.444,0.22942,7.2374,-0.0011688,-965640.0,-1026.8,-16.189,0.0,0.0,25.499,0.0,0.22942,0.0,-15.0,0.445,20.0
175,2023-06-25,0.5101,0.34036,6.85,25.475,15.0083333333333,-2.1611,0.34036,-0.7457,0.11393,-6.0282e-06,9.0289,26.784,-1.1525,7.3344,-0.0011733,0.0,-823.03,-16.193,1.4154,0.78014,26.784,1.3819,0.22942,0.0,-15.0,0.445,20.0
176,2023-06-26,0.0102,0.43942,7.55,25.375,16.71875,-1.6612,0.43942,-0.5966,0.14566,-5.5457e-06,7.3677,27.224,-1.8115,7.4912,-0.0011788,0.0,-767.79,-16.199,1.0646,1.7823,27.286,2.0409,0.22942,0.0,-15.0,0.445,20.0
177,2023-06-27,0.3195,0.34036,7.675,24.625,16.1354166666667,-1.9705,0.34036,-0.54592,0.13108,-5.1528e-06,5.3972,27.564,-2.3778,7.621,-0.0011842,0.0,-671.79,-16.204,1.4246,3.1865,27.722,2.6072,0.22942,0.0,-15.0,0.445,20.0
178,2023-06-28,0.6885,0.35052,10.85,22.875,16.246875,0.0,0.35052,-3.7253e-09,0.19352,-5.4443e-06,5.3972,27.915,-2.3778,7.8152,-0.0011896,-10.936,-682.36,-16.21,0.0,3.1865,27.527,2.6072,0.22942,0.0,-15.0,0.445,20.0
179,2023-06-29,0.0051,0.4699,9.825,28.45,19.3947916666667,-3.3071,0.4699,-0.52343,0.17334,-4.8174e-06,2.0901,28.384,-2.9587,8.0051,-0.0011951,0.0,-636.84,-16.215,2.7837,5.9127,27.921,3.1881,0.22942,0.0,-15.0,0.445,20.0
180,2023-06-30,0.0,0.46482,12.425,30.125,22.1291666666667,0.0,0.46482,3.0501e-08,0.27566,-5.4365e-06,2.0901,28.849,-2.9587,8.2814,-0.0012005,-11.295,-652.23,-16.221,0.0,5.9127,27.645,3.1881,0.22942,0.0,-15.0,0.445,20.0
181,2023-07-01,0.0,0.58928,14.4,31.125,22.9822916666667,-3.302,0.58928,-0.51576,0.21213,-5.538e-06,-1.2119,29.439,-3.5449,8.5289,-0.001206,0.0,-650.35,-16.227,2.7862,8.6285,27.987,3.7744,0.22942,0.0,-15.0,0.445,20.0
182,2023-07-02,0.0,0.44958,8.7,27.4,19.7010416666667,0.0,0.44958,-1.9092e-08,0.26348,-5.4386e-06,-1.2119,29.888,-3.5449,8.7929,-0.0012115,-11.196,-664.83,-16.232,0.0,8.6285,27.725,3.7744,0.22942,0.0,-15.0,0.445,20.0
183,2023-07-03,0.8263,0.37592,8.675,23.075,14.9052083333333,-2.4773,0.37592,-0.50836,0.13118,-5.3882e-06,-3.6892,30.264,-4.1175,8.944,-0.0012169,0.0,-615.42,-16.238,1.9689,10.533,28.141,4.3469,0.22942,0.0,-15.0,0.445,20.0
184,2023-07-04,0.0102,0.29972,7.075,18.65,12.45,0.0,0.29972,-3.0035e-08,0.18989,-5.3743e-06,-3.6892,30.564,-4.1175,9.1341,-0.0012224,-10.731,-626.31,-16.243,0.0,10.533,27.952,4.3469,0.22942,0.0,-15.0,0.445,20.0
185,2023-07-05,0.0,0.3937,4.425,25.325,14.9354166666667,0.0,0.3937,1.1642e-10,0.24698,-5.3942e-06,-3.6892,30.958,-4.1175,9.3816,-0.0012278,-12.43,-638.6,-16.249,0.0,10.533,27.718,4.3469,0.22942,0.0,-15.0,0.445,20.0
186,2023-07-06,0.0,0.3937,7.475,26.875,17.6114583333333,0.0,0.3937,-4.4238e-09,0.24551,-5.3942e-06,-3.6892,31.351,-4.1175,9.6275,-0.0012332,-13.757,-652.42,-16.254,0.0,10.533,27.471,4.3469,0.22942,0.0,-15.0,0.445,20.0
187,2023-07-07,0.0,0.41148,7.825,25.75,17.7020833333333,0.0,0.41148,4.6566e-09,0.25455,-5.3644e-06,-3.6892,31.763,-4.1175,9.8826,-0.0012385,-14.618,-667.64,-16.26,0.0,10.533,27.221,4.3469,0.22942,0.0,-15.0,0.445,20.0
188,2023-07-08,0.0,0.42672,7.15,28.65,18.55625,0.0,0.42672,-1.103e-08,0.26149,-5.3644e-06,-3.6892,32.189,-4.1175,10.145,-0.0012439,-15.023,-684.12,-16.265,0.0,10.533,26.962,4.3469,0.22942,0.0,-15.0,0.445,20.0
189,2023-07-09,0.0,0.46482,9.525,32.1,20.8197916666667,0.0,0.46482,2.1246e-09,0.28181,-5.3346e-06,-3.6892,32.654,-4.1175,10.427,-0.0012492,-15.456,-703.18,-16.271,0.0,10.533,26.69,4.3469,0.22942,0.0,-15.0,0.445,20.0
190,2023-07-10,0.0,0.4191,11.95,31.35,21.0125,0.0,0.4191,-5.1223e-09,0.25255,-5.3346e-06,-3.6892,33.073,-4.1175,10.68,-0.0012546,-15.954,-722.8,-16.276,0.0,10.533,26.422,4.3469,0.22942,0.0,-15.0,0.445,20.0
191,2023-07-11,0.0,0.3302,10.675,25.05,17.6322916666667,0.0,0.3302,-1.0768e-08,0.19809,-5.3346e-06,-3.6892,33.404,-4.1175,10.878,-0.0012599,-16.479,-741.82,-16.281,0.0,10.533,26.197,4.3469,0.22942,0.0,-15.0,0.445,20.0
192,2023-07-12,0.0,0.43434,9.325,29.675,19.7041666666667,0.0,0.43434,-9.8953e-10,0.25751,-5.3048e-06,-3.6892,33.838,-4.1175,11.136,-0.0012652,-16.999,-763.23,-16.287,0.0,10.533,25.968,4.3469,0.22942,0.0,-15.0,0.445,20.0
193,2023-07-13,0.0902,0.3937,10.875,28.325,18.1260416666667,-1.3602,0.3937,-0.69693,0.20952,-4.6771e-06,-5.0494,34.232,-4.9445,11.363,-0.0012704,0.0,-764.52,-16.292,0.66327,11.067,26.56,5.1739,0.22942,0.0,-15.0,0.445,20.0
194,2023-07-14,0.0,0.35306,8.625,26.925,17.66875,-1.27,0.35306,-0.55675,0.14473,-5.486e-06,-6.3194,34.585,-5.5443,11.535,-0.0012757,0.0,-768.14,-16.297,0.71325,11.737,26.988,5.7737,0.22942,0.0,-15.0,0.445,20.0
195,2023-07-15,0.0,0.41402,9.325,30.425,20.0177083333333,-1.27,0.41402,-0.52152,0.13739,-5.4509e-06,-7.5894,34.999,-6.0762,11.689,-0.001281,0.0,-772.05,-16.303,0.74848,12.475,27.365,6.3056,0.22942,0.0,-15.0,0.445,20.0
196,2023-07-16,0.0,0.4318,10.125,31.8,21.578125,-1.27,0.4318,-0.50816,0.13959,-5.2967e-06,-8.8594,35.431,-6.5884,11.827,-0.0012863,0.0,-722.29,-16.308,0.76184,13.233,27.739,6.8178,0.22942,0.0,-15.0,0.445,20.0
197,2023-07-17,0.0102,0.46736,11.6,31.9,21.653125,-1.2802,0.46736,-0.49943,0.15098,-5.452e-06,-10.14,35.898,-7.0936,11.974,-0.0012916,0.0,-659.54,-16.314,0.78077,14.008,28.098,7.323,0.22942,0.0,-15.0,0.445,20.0
198,2023-07-18,0.0,0.4445,5.8,28.55,18.1614583333333,-2.54,0.4445,-0.49947,0.13693,-6.3572e-06,-12.68,36.342,-7.5937,12.107,-0.0012968,0.0,-606.22,-16.319,2.0405,16.048,28.465,7.8231,0.22942,0.0,-15.0,0.445,20.0
199,2023-07-19,0.0,0.4191,5.7,27.475,18.4979166666667,0.0,0.4191,2.9337e-08,0.29454,-5.2185e-06,-12.68,36.761,-7.5937,12.401,-0.0013021,-11.147,-620.1,-16.324,0.0,16.048,28.171,7.8231,0.22942,0.0,-15.0,0.445,20.0
200,2023-07-20,0.0,0.43942,6.725,31.125,21.0604166666667,-1.27,0.43942,-0.49521,0.1097,-4.8769e-06,-13.95,37.201,-8.1547,12.584,-0.0013072,0.0,-616.61,-16.33,0.77479,16.757,28.547,8.3842,0.22942,0.0,-15.0,0.445,20.0
201,2023-07-21,0.0,0.47244,9.5,35.65,23.0864583333333,0.0,0.47244,-3.702e-08,0.32911,-5.2488e-06,-13.95,37.673,-8.1547,12.912,-0.0013125,-11.298,-631.4,-16.335,0.0,16.757,28.22,8.3842,0.22942,0.0,-15.0,0.445,20.0
202,2023-07-22,0.0,0.46736,11.45,36.55,24.0,0.0,0.46736,1.3621e-08,0.32432,-5.2055e-06,-13.95,38.141,-8.1547,13.237,-0.0013177,-13.014,-644.55,-16.34,0.0,16.757,27.894,8.3842,0.22942,0.0,-15.0,0.445,20.0
203,2023-07-23,0.0,0.45974,9.95,36.05,24.60625,0.0,0.45974,3.1432e-09,0.31788,-5.1856e-06,-13.95,38.6,-8.1547,13.555,-0.0013229,-14.283,-657.02,-16.345,0.0,16.757,27.572,8.3842,0.22942,0.0,-15.0,0.445,20.0
204,2023-07-24,0.0,0.4699,12.925,36.925,24.6635416666667,0.0,0.4699,-7.4797e-09,0.32347,-5.1856e-06,-13.95,39.07,-8.1547,13.879,-0.0013281,-14.906,-671.08,-16.351,0.0,16.757,27.251,8.3842,0.22942,0.0,-15.0,0.445,20.0
205,2023-07-25,0.0,0.46482,15.375,29.8,23.028125,0.0,0.46482,-2.1246e-09,0.31888,-5.1558e-06,-13.95,39.535,-8.1547,14.198,-0.0013332,-15.363,-685.34,-16.356,0.0,16.757,26.93,8.3842,0.22942,0.0,-15.0,0.445,20.0
206,2023-07-26,0.0,0.44958,10.725,30.1,20.25,0.0,0.44958,1.3621e-08,0.30751,-5.1558e-06,-13.95,39.985,-8.1547,14.506,-0.0013384,-15.874,-700.86,-16.361,0.0,16.757,26.616,8.3842,0.22942,0.0,-15.0,0.445,20.0
207,2023-07-27,0.0,0.34036,6.375,25.225,17.2885416666667,0.0,0.34036,1.2864e-08,0.23266,-5.1558e-06,-13.95,40.325,-8.1547,14.739,-0.0013435,-16.42,-715.81,-16.366,0.0,16.757,26.346,8.3842,0.22942,0.0,-15.0,0.445,20.0
208,2023-07-28,0.0,0.36068,6.85,28.8,18.3135416666667,0.0,0.36068,-1.2864e-08,0.24585,-5.126e-06,-13.95,40.686,-8.1547,14.985,-0.0013487,-16.953,-731.44,-16.372,0.0,16.757,26.107,8.3842,0.22942,0.0,-15.0,0.445,20.0
209,2023-07-29,0.0,0.3937,7.725,31.125,20.24375,0.0,0.3937,-1.4552e-10,0.26762,-5.126e-06,-13.95,41.079,-8.1547,15.253,-0.0013538,-17.456,-750.9,-16.377,0.0,16.757,25.85,8.3842,0.22942,0.0,-15.0,0.445,20.0
210,2023-07-30,0.0,0.39116,9.075,32.525,21.4,0.0,0.39116,6.1118e-09,0.26538,-5.126e-06,-13.95,41.471,-8.1547,15.518,-0.0013589,-17.904,-775.94,-16.382,0.0,16.757,25.583,8.3842,0.22942,0.0,-15.0,0.445,20.0
211,2023-07-31,0.0,0.41402,8.5,34.65,22.3989583333333,0.0,0.41402,-1.0885e-08,0.28034,-5.0962e-06,-13.95,41.885,-8.1547,15.799,-0.001364,-18.278,-810.15,-16.387,0.0,16.757,25.31,8.3842,0.22942,0.0,-15.0,0.445,20.0
212,2023-08-01,0.0,0.43942,14.525,35.1,24.5697916666667,0.0,0.43942,-9.1386e-09,0.29677,-5.0962e-06,-13.95,42.324,-8.1547,16.096,-0.0013691,-18.556,-863.2,-16.392,0.0,16.757,25.021,8.3842,0.22942,0.0,-15.0,0.445,20.0
213,2023-08-02,0.0,0.43688,10.225,34.525,23.2104166666667,0.0,0.43688,-9.3132e-09,0.26253,-5.0664e-06,-13.95,42.761,-8.1547,16.37,-0.0013742,-18.728,-950.09,-16.398,0.0,16.757,24.73,8.3842,0.22942,0.0,-15.0,0.445,20.0
214,2023-08-03,0.0,0.39624,15.1,34.45,25.1635416666667,0.0,0.39624,-1.5425e-08,0.18083,-5.0664e-06,-13.95,43.157,-8.1547,16.568,-0.0013793,-18.899,-1069.3,-16.403,0.0,16.757,24.492,8.3842,0.22942,0.0,-15.0,0.445,20.0
215,2023-08-04,0.0,0.35814,14.8,32.1,22.8239583333333,0.0,0.35814,1.2733e-08,0.11223,-5.0664e-06,-13.95,43.515,-8.1547,16.692,-0.0013843,-19.121,-1177.8,-16.408,0.0,16.757,24.333,8.3842,0.22942,0.0,-15.0,0.445,20.0
216,2023-08-05,0.0051,0.19558,14.25,22.35,17.4322916666667,0.0,0.19558,-8.0327e-09,0.048929,-5.0664e-06,-13.95,43.711,-8.1547,16.744,-0.0013894,-19.365,-1243.3,-16.413,0.0,16.757,24.249,8.3842,0.22942,0.0,-15.0,0.445,20.0
217,2023-08-06,0.0153,0.14986,10.4,18.3,15.1177083333333,0.0,0.14986,-1.2777e-08,0.031165,-5.0366e-06,-13.95,43.861,-8.1547,16.777,-0.0013945,-19.606,-1276.3,-16.418,0.0,16.757,24.207,8.3842,0.22942,0.0,-15.0,0.445,20.0
218,2023-08-07,0.0017,0.34036,7.9,28.625,17.475,0.0,0.34036,7.5088e-09,0.0421,-5.0366e-06,-13.95,44.201,-8.1547,16.825,-0.0013995,-19.839,-1312.7,-16.423,0.0,16.757,24.165,8.3842,0.22942,0.0,-15.0,0.445,20.0
219,2023-08-08,0.0017,0.3556,8.675,30.1,19.2875,0.0,0.3556,-6.2282e-09,0.027709,-5.0068e-06,-13.95,44.557,-8.1547,16.857,-0.0014045,-20.063,-1345.3,-16.428,0.0,16.757,24.126,8.3842,0.22942,0.0,-15.0,0.445,20.0
220,2023-08-09,0.0034,0.4064,13.025,28.9,20.1895833333333,0.0,0.4064,1.3504e-08,0.020201,-5.0068e-06,-13.95,44.963,-8.1547,16.879,-0.0014095,-20.276,-1366.9,-16.434,0.0,16.757,24.1,8.3842,0.22942,0.0,-15.0,0.445,20.0
221,2023-08-10,0.0,0.46228,12.7,27.5,19.2614583333333,0.0,0.46228,-7.2323e-09,0.016823,-5.0068e-06,-13.95,45.425,-8.1547,16.897,-0.0014145,-20.476,-1379.4,-16.439,0.0,16.757,24.08,8.3842,0.22942,0.0,-15.0,0.445,20.0
222,2023-08-11,0.0,0.39878,9.2,29.525,19.2677083333333,0.0,0.39878,-3.6525e-09,0.012706,-4.977e-06,-13.95,45.824,-8.1547,16.91,-0.0014195,-20.665,-1386.4,-16.444,0.0,16.757,24.065,8.3842,0.22942,0.0,-15.0,0.445,20.0
223,2023-08-12,0.0017,0.26924,9.75,31.875,18.0302083333333,0.0,0.26924,-5.2969e-09,0.0083026,-4.977e-06,-13.95,46.093,-8.1547,16.919,-0.0014245,-20.842,-1390.2,-16.449,0.0,16.757,24.054,8.3842,0.22942,0.0,-15.0,0.445,20.0
224,2023-08-13,0.0,0.3556,8.125,28.05,18.1322916666667,0.0,0.3556,-1.3446e-08,0.01033,-4.977e-06,-13.95,46.449,-8.1547,16.929,-0.0014295,-21.009,-1393.4,-16.454,0.0,16.757,24.045,8.3842,0.22942,0.0,-15.0,0.445,20.0
225,2023-08-14,0.0,0.41148,8.45,33.725,21.628125,0.0,0.41148,-4.0454e-09,0.011445,-4.9472e-06,-13.95,46.86,-8.1547,16.941,-0.0014344,-21.166,-1396.8,-16.459,0.0,16.757,24.034,8.3842,0.22942,0.0,-15.0,0.445,20.0
226,2023-08-15,0.0,0.43688,15.275,38.175,26.3229166666667,0.0,0.43688,1.4858e-08,0.011795,-4.9472e-06,-13.95,47.297,-8.1547,16.953,-0.0014394,-21.315,-1400.2,-16.464,0.0,16.757,24.022,8.3842,0.22942,0.0,-15.0,0.445,20.0
227,2023-08-16,0.0,0.32258,15.85,29.2,22.63125,0.0,0.32258,7.436e-09,0.0086644,-4.9174e-06,-13.95,47.62,-8.1547,16.961,-0.0014443,-21.454,-1403.0,-16.469,0.0,16.757,24.012,8.3842,0.22942,0.0,-15.0,0.445,20.0
228,2023-08-17,0.0,0.44958,11.65,36.825,24.23125,0.0,0.44958,1.0201e-08,0.011621,-4.9174e-06,-13.95,48.07,-8.1547,16.973,-0.0014492,-21.585,-1405.8,-16.474,0.0,16.757,24.001,8.3842,0.22942,0.0,-15.0,0.445,20.0
229,2023-08-18,0.0,0.55372,13.125,31.375,25.1322916666667,0.0,0.55372,1.1147e-08,0.013576,-4.9174e-06,-13.95,48.623,-8.1547,16.987,-0.0014541,-21.709,-1408.9,-16.479,0.0,16.757,23.989,8.3842,0.22942,0.0,-15.0,0.445,20.0
230,2023-08-19,0.0,0.29972,6.5,20.4,14.4458333333333,0.0,0.29972,-1.4712e-08,0.0076731,-4.8876e-06,-13.95,48.923,-8.1547,16.994,-0.001459,-21.825,-1411.6,-16.484,0.0,16.757,23.978,8.3842,0.22942,0.0,-15.0,0.445,20.0
231,2023-08-20,0.0,0.25146,11.95,22.0,17.2677083333333,0.0,0.25146,-1.3184e-08,0.0064207,-4.8876e-06,-13.95,49.174,-8.1547,17.001,-0.0014639,-21.934,-1413.6,-16.489,0.0,16.757,23.971,8.3842,0.22942,0.0,-15.0,0.445,20.0
232,2023-08-21,0.0936,0.11938,14.325,17.525,16.1645833333333,0.0,0.11938,3.1068e-09,0.0030803,-4.8876e-06,-13.95,49.294,-8.1547,17.004,-0.0014688,-22.037,-1414.8,-16.494,0.0,16.757,23.966,8.3842,0.22942,0.0,-15.0,0.445,20.0
233,2023-08-22,0.277,0.36068,14.6,29.775,20.0697916666667,0.0,0.36068,8.5711e-09,0.0086536,-4.8578e-06,-13.95,49.654,-8.1547,17.013,-0.0014737,-22.134,-1416.5,-16.499,0.0,16.757,23.96,8.3842,0.22942,0.0,-15.0,0.445,20.0
234,2023-08-23,0.034,0.40386,14.275,25.6,19.2552083333333,0.0,0.40386,1.4479e-09,0.0092496,-4.8578e-06,-13.95,50.058,-8.1547,17.022,-0.0014785,-22.225,-1419.0,-16.504,0.0,16.757,23.951,8.3842,0.22942,0.0,-15.0,0.445,20.0
235,2023-08-24,0.0,0.36322,8.625,27.575,17.959375,0.0,0.36322,7.858e-10,0.0082019,-4.8578e-06,-13.95,50.422,-8.1547,17.03,-0.0014834,-22.31,-1421.6,-16.509,0.0,16.757,23.942,8.3842,0.22942,0.0,-15.0,0.445,20.0
236,2023-08-25,0.0,0.28194,6.05,24.85,15.20625,0.0,0.28194,7.5961e-09,0.0064141,-4.828e-06,-13.95,50.703,-8.1547,17.037,-0.0014882,-22.391,-1423.8,-16.514,0.0,16.757,23.935,8.3842,0.22942,0.0,-15.0,0.445,20.0
237,2023-08-26,0.0,0.3683,11.175,31.35,20.5875,0.0,0.3683,1.1125e-08,0.007891,-4.828e-06,-13.95,51.072,-8.1547,17.045,-0.0014931,-22.467,-1426.0,-16.519,0.0,16.757,23.928,8.3842,0.22942,0.0,-15.0,0.445,20.0
238,2023-08-27,0.0,0.32004,9.425,30.85,19.9802083333333,0.0,0.32004,-1.6415e-08,0.0067988,-4.828e-06,-13.95,51.392,-8.1547,17.052,-0.0014979,-22.539,-1428.1,-16.523,0.0,16.757,23.92,8.3842,0.22942,0.0,-15.0,0.445,20.0
239,2023-08-28,0.0,0.29972,9.975,29.175,19.6802083333333,0.0,0.29972,-6.1555e-09,0.0062266,-4.7982e-06,-13.95,51.692,-8.1547,17.058,-0.0015027,-22.606,-1430.5,-16.528,0.0,16.757,23.914,8.3842,0.22942,0.0,-15.0,0.445,20.0
240,2023-08-29,0.0119,0.37846,8.175,32.85,19.8739583333333,0.0,0.37846,6.5193e-09,0.0074464,-4.7982e-06,-13.95,52.07,-8.1547,17.065,-0.0015075,-22.669,-1432.8,-16.533,0.0,16.757,23.907,8.3842,0.22942,0.0,-15.0,0.445,20.0
241,2023-08-30,0.0017,0.46482,14.65,21.325,17.2072916666667,0.0,0.46482,-8.4692e-09,0.0086897,-4.7982e-06,-13.95,52.535,-8.1547,17.074,-0.0015123,-22.729,-1435.3,-16.538,0.0,16.757,23.899,8.3842,0.22942,0.0,-15.0,0.445,20.0
242,2023-08-31,0.0051,0.37592,10.225,25.125,17.7479166666667,0.0,0.37592,1.2984e-08,0.006994,-4.7684e-06,-13.95,52.911,-8.1547,17.081,-0.0015171,-22.785,-1437.6,-16.543,0.0,16.757,23.891,8.3842,0.22942,0.0,-15.0,0.445,20.0
243,2023-09-01,0.0,0.28194,5.775,27.55,16.5385416666667,0.0,0.28194,-1.608e-09,12.914,-4.7684e-06,-13.95,53.193,-8.1547,23.538,-0.0015219,-22.838,-284.63,-16.548,0.0,16.757,23.887,8.3842,0.22942,0.0,-15.0,0.445,20.0
244,2023-09-02,0.0,0.42926,11.8,32.7,21.6041666666667,0.0,0.42926,-1.4243e-08,4.2648,-4.7684e-06,-13.95,53.622,-8.1547,29.935,-0.0015266,-22.888,-378.45,-16.553,0.0,16.757,13.166,8.3842,0.22942,0.0,-285.69,0.21,20.0
245,2023-09-03,0.0,0.37084,16.15,29.1,21.7604166666667,0.0,0.37084,-1.1314e-09,1.0662,-4.7386e-06,-13.95,53.993,-8.1547,31.535,-0.0015314,-22.934,-574.82,-16.557,0.0,16.757,9.967,8.3842,0.22942,0.0,-897.68,0.1394,20.0
246,2023-09-04,0.3673,0.17272,10.95,18.825,14.1947916666667,0.0,0.17272,-3.0559e-10,0.26663,-4.7386e-06,-13.95,54.166,-8.1547,31.934,-0.0015361,-22.978,-720.63,-16.562,0.0,16.757,9.1673,8.3842,0.22942,0.0,-1362.17,0.1218,20.0
247,2023-09-05,0.0,0.27432,6.35,23.8,14.7916666666667,0.0,0.27432,3.4961e-09,0.066747,-4.7386e-06,-13.95,54.44,-8.1547,32.034,-0.0015408,-23.02,-773.35,-16.567,0.0,16.757,8.9674,8.3842,0.22942,0.0,-1531.0,0.1174,20.0
248,2023-09-06,0.1821,0.3429,7.675,26.8,17.1239583333333,0.0,0.3429,1.0332e-08,0.01657,-4.7088e-06,-13.95,54.783,-8.1547,32.059,-0.0015456,-23.059,-790.78,-16.572,0.0,16.757,8.9174,8.3842,0.22942,0.0,-1586.86,0.1163,20.0
249,2023-09-07,0.0034,0.26924,7.6,25.825,16.9135416666667,0.0,0.26924,-1.3613e-08,0.00015253,-4.7088e-06,-13.95,55.052,-8.1547,32.064,-0.0015503,-23.095,-795.53,-16.577,0.0,16.757,8.9051,8.3842,0.22942,0.0,-1602.36,0.116,20.0
250,2023-09-08,0.7957,0.254,8.275,23.925,14.6697916666667,0.0,0.254,7.9672e-09,0.0,-4.7088e-06,-13.95,55.306,-8.1547,32.064,-0.001555,-23.13,-795.63,-16.581,0.0,16.757,8.905,8.3842,0.22942,0.0,-1602.64,0.116,20.0
251,2023-09-09,0.0068,0.21336,5.15,21.875,13.6958333333333,0.0,0.21336,5.8608e-09,6.843e-05,-4.679e-06,-13.95,55.519,-8.1547,32.064,-0.0015597,-23.162,-795.62,-16.586,0.0,16.757,8.905,8.3842,0.22942,0.0,-1602.63,0.116,20.0
252,2023-09-10,0.0,0.23622,3.875,23.075,13.9447916666667,0.0,0.23622,-2.4993e-09,5.4897e-05,-4.679e-06,-13.95,55.756,-8.1547,32.064,-0.0015643,-23.193,-795.62,-16.591,0.0,16.757,8.9049,8.3842,0.22942,0.0,-1602.63,0.116,20.0
253,2023-09-11,0.0,0.25146,4.475,27.375,15.6145833333333,0.0,0.25146,-2.9941e-09,8.3061e-05,-4.679e-06,-13.95,56.007,-8.1547,32.064,-0.001569,-23.222,-795.62,-16.596,0.0,16.757,8.9049,8.3842,0.22942,0.0,-1602.63,0.116,20.0
254,2023-09-12,0.0,0.2921,9.05,28.675,18.4947916666667,0.0,0.2921,-5.266e-09,0.0,-4.6492e-06,-13.95,56.299,-8.1547,32.064,-0.0015737,-23.249,-795.62,-16.601,0.0,16.757,8.9049,8.3842,0.22942,0.0,-1602.63,0.116,20.0
255,2023-09-13,0.0,0.24638,9.5,23.875,17.503125,0.0,0.24638,-4.1346e-09,0.0,-4.6492e-06,-13.95,56.546,-8.1547,32.064,-0.0015783,-23.274,-795.62,-16.605,0.0,16.757,8.9048,8.3842,0.22942,0.0,-1602.62,0.116,20.0
256,2023-09-14,0.0,0.21844,6.8,24.85,15.1583333333333,0.0,0.21844,2.7358e-09,0.0,-4.6492e-06,-13.95,56.764,-8.1547,32.064,-0.001583,-23.298,-795.64,-16.61,0.0,16.757,8.9048,8.3842,0.22942,0.0,-1602.62,0.116,20.0
257,2023-09-15,0.0,0.2921,3.9,27.15,15.390625,0.0,0.2921,-9.3223e-09,0.0,-4.6194e-06,-13.95,57.056,-8.1547,32.064,-0.0015876,-23.321,-795.63,-16.615,0.0,16.757,8.9047,8.3842,0.22942,0.0,-1602.63,0.116,20.0
258,2023-09-16,0.0,0.32258,8.5,30.25,18.5375,0.0,0.32258,5.5243e-09,0.0,-4.6194e-06,-13.95,57.379,-8.1547,32.064,-0.0015922,-23.342,-795.62,-16.619,0.0,16.757,8.9047,8.3842,0.22942,0.0,-1602.62,0.116,20.0
259,2023-09-17,0.0,0.46228,10.55,29.5,20.7541666666667,0.0,0.46228,6.0973e-09,0.0,-4.6194e-06,-13.95,57.841,-8.1547,32.064,-0.0015968,-23.362,-795.63,-16.624,0.0,16.757,8.9047,8.3842,0.22942,0.0,-1602.62,0.116,20.0
260,2023-09-18,0.0,0.37592,13.05,26.9,19.0833333333333,0.0,0.37592,1.264e-08,3.898e-05,-4.5896e-06,-13.95,58.217,-8.1547,32.064,-0.0016014,-23.381,-795.62,-16.629,0.0,16.757,8.9047,8.3842,0.22942,0.0,-1602.63,0.116,20.0
261,2023-09-19,0.0,0.20066,3.0,18.75,12.0010416666667,0.0,0.20066,-5.2969e-09,2.5453e-05,-4.5896e-06,-13.95,58.417,-8.1547,32.064,-0.001606,-23.398,-795.62,-16.633,0.0,16.757,8.9047,8.3842,0.22942,0.0,-1602.62,0.116,20.0
262,2023-09-20,0.0,0.18288,2.7,17.475,10.528125,0.0,0.18288,1.6516e-09,7.3513e-05,-4.5896e-06,-13.95,58.6,-8.1547,32.064,-0.0016106,-23.415,-795.62,-16.638,0.0,16.757,8.9047,8.3842,0.22942,0.0,-1602.62,0.116,20.0
263,2023-09-21,1.5719,0.04826,5.05,8.775,6.94375,0.0,0.04826,-4.884e-09,0.0,-4.5598e-06,-13.95,58.649,-8.1547,32.064,-0.0016152,-23.43,-795.62,-16.643,0.0,16.757,8.9046,8.3842,0.22942,0.0,-1602.63,0.116,20.0
264,2023-09-22,2.6917,0.04572,8.4,12.425,10.015625,0.0,0.04572,6.3228e-09,0.0,-4.5598e-06,-13.95,58.694,-8.1547,32.064,-0.0016197,-23.445,-795.62,-16.647,0.0,16.757,8.9046,8.3842,0.22942,0.0,-1602.62,0.116,20.0
265,2023-09-23,1.0551,0.23622,8.3,20.55,13.1375,0.0,0.23622,-1.8417e-09,0.0,-4.5598e-06,-13.95,58.931,-8.1547,32.064,-0.0016243,-23.459,-795.63,-16.652,0.0,16.757,8.9046,8.3842,0.22942,0.0,-1602.62,0.116,20.0
266,2023-09-24,0.0,0.2286,3.65,21.35,12.571875,0.0,0.2286,-5.7353e-09,0.0,-4.53e-06,-13.95,59.159,-8.1547,32.064,-0.0016288,-23.472,-795.63,-16.657,0.0,16.757,8.9046,8.3842,0.22942,0.0,-1602.63,0.116,20.0
267,2023-09-25,0.0,0.22606,6.575,24.675,15.2,0.0,0.22606,-1.3943e-09,0.0,-4.53e-06,-13.95,59.385,-8.1547,32.064,-0.0016334,-23.484,-795.62,-16.661,0.0,16.757,8.9046,8.3842,0.22942,0.0,-1602.62,0.116,20.0
268,2023-09-26,0.0,0.28956,11.85,26.8,18.5614583333333,0.0,0.28956,-1.3482e-08,4.9708e-05,-4.53e-06,-13.95,59.675,-8.1547,32.064,-0.0016379,-23.496,-795.62,-16.666,0.0,16.757,8.9046,8.3842,0.22942,0.0,-1602.62,0.116,20.0
269,2023-09-27,0.0,0.22098,5.15,20.725,11.69375,0.0,0.22098,9.9135e-09,0.0,-4.53e-06,-13.95,59.896,-8.1547,32.064,-0.0016424,-23.507,-795.62,-16.67,0.0,16.757,8.9045,8.3842,0.22942,0.0,-1602.63,0.116,20.0
270,2023-09-28,0.0,0.28702,5.575,17.625,10.6572916666667,0.0,0.28702,2.4083e-09,0.0,-4.5002e-06,-13.95,60.183,-8.1547,32.064,-0.0016469,-23.517,-795.62,-16.675,0.0,16.757,8.9045,8.3842,0.22942,0.0,-1602.62,0.116,20.0
271,2023-09-29,0.0,0.23114,2.725,17.25,10.365625,0.0,0.23114,3.9572e-09,0.0,-4.5002e-06,-13.95,60.414,-8.1547,32.064,-0.0016514,-23.526,-795.63,-16.68,0.0,16.757,8.9045,8.3842,0.22942,0.0,-1602.62,0.116,20.0
272,2023-09-30,0.4336,0.06604,5.2,7.9,6.55416666666667,0.0,0.06604,1.2205e-08,0.0,-4.5002e-06,-13.95,60.48,-8.1547,32.064,-0.0016559,-23.535,-795.62,-16.684,0.0,16.757,8.9045,8.3842,0.22942,0.0,-1602.63,0.116,20.0
273,2023-10-01,1.8254,0.02286,4.6,6.725,5.85833333333333,0.02286,0.0,0.02286,0.0,-4.4703e-06,-13.927,60.48,-8.1319,32.064,-0.0016604,-46.779,-795.62,-16.689,0.0,16.757,8.8816,8.3842,0.25228,0.0,-1602.62,0.116,20.0
274,2023-10-02,0.5516,0.21844,5.475,17.625,10.428125,0.21844,0.0,0.10823,0.0,-4.4703e-06,-13.708,60.48,-7.9685,32.064,-0.0016649,-1000000.0,-795.62,-16.693,0.0,16.757,8.7183,8.3842,0.41561,0.0,-1602.63,0.116,20.0
275,2023-10-03,0.034,0.13462,6.075,16.75,9.98958333333333,0.13462,0.0,-9.504e-05,0.0,-4.4703e-06,-13.574,60.48,-7.9685,32.064,-0.0016693,-1000000.0,-795.62,-16.698,0.0,16.757,8.7182,8.3842,0.41571,0.0,-1602.63,0.116,20.0
276,2023-10-04,0.0714,0.1905,3.925,19.875,10.321875,0.1905,0.0,9.984e-32,0.0,-4.4405e-06,-13.383,60.48,-7.9685,32.064,-0.0016738,-1000000.0,-795.62,-16.702,0.0,16.757,8.7182,8.3842,0.41571,0.0,-1602.62,0.116,20.0
277,2023-10-05,0.0238,0.11938,-0.075,16.0,7.48645833333333,0.11938,0.0,9.984e-32,0.0,-4.4405e-06,-13.264,60.48,-7.9685,32.064,-0.0016782,-1000000.0,-795.62,-16.707,0.0,16.757,8.7182,8.3842,0.41571,0.0,-1602.62,0.116,20.0
278,2023-10-06,0.0,0.19558,-0.65,19.325,8.75729166666667,0.19558,0.0,9.984e-32,0.0,-4.4405e-06,-13.068,60.48,-7.9685,32.064,-0.0016827,-1000000.0,-795.62,-16.711,0.0,16.757,8.7182,8.3842,0.41571,0.0,-1602.63,0.116,20.0
279,2023-10-07,0.0,0.18796,5.85,23.825,12.925,0.18796,0.0,9.984e-32,0.0,-4.4107e-06,-12.88,60.48,-7.9685,32.064,-0.0016871,-1000000.0,-795.62,-16.716,0.0,16.757,8.7182,8.3842,0.41571,0.0,-1602.62,0.116,20.0
280,2023-10-08,0.0,0.23368,1.95,25.2,13.0333333333333,0.23368,0.0,9.984e-32,0.0,-4.4107e-06,-12.647,60.48,-7.9685,32.064,-0.0016915,-1000000.0,-795.62,-16.72,0.0,16.757,8.7182,8.3842,0.41571,0.0,-1602.62,0.116,20.0
281,2023-10-09,0.0,0.2413,4.225,26.0,14.55,0.2413,0.0,9.984e-32,0.0,-4.4107e-06,-12.405,60.48,-7.9685,32.064,-0.0016959,-1000000.0,-795.62,-16.725,0.0,16.757,8.7182,8.3842,0.41571,0.0,-1602.63,0.116,20.0
282,2023-10-10,0.0766,0.21082,10.075,21.725,14.00625,0.21082,0.0,9.984e-32,0.0,-4.3809e-06,-12.194,60.48,-7.9685,32.064,-0.0017003,-1000000.0,-795.62,-16.729,0.0,16.757,8.7182,8.3842,0.41571,0.0,-1602.62,0.116,20.0
283,2023-10-11,0.9952,0.15494,5.925,17.625,10.40625,0.15494,0.0,9.984e-32,0.0,-4.3809e-06,-12.04,60.48,-7.9685,32.064,-0.0017047,-1000000.0,-795.62,-16.734,0.0,16.757,8.7182,8.3842,0.41571,0.0,-1602.62,0.116,20.0
284,2023-10-12,0.1887,0.02032,3.725,8.575,6.5375,0.02032,0.0,9.984e-32,0.0,-4.3809e-06,-12.019,60.48,-7.9685,32.064,-0.001709,-1000000.0,-795.62,-16.738,0.0,16.757,8.7182,8.3842,0.41571,0.0,-1602.63,0.116,20.0
285,2023-10-13,0.0306,0.07366,3.775,10.5,7.06875,0.07366,0.0,9.984e-32,0.0,-4.3511e-06,-11.946,60.48,-7.9685,32.064,-0.0017134,-1000000.0,-795.62,-16.743,0.0,16.757,8.7182,8.3842,0.41571,0.0,-1602.62,0.116,20.0
286,2023-10-14,0.0085,0.13716,0.0,15.8,6.95833333333333,0.13716,0.0,9.984e-32,0.0,-4.3511e-06,-11.808,60.48,-7.9685,32.064,-0.0017178,-1000000.0,-795.62,-16.747,0.0,16.757,8.7182,8.3842,0.41571,0.0,-1602.62,0.116,20.0
287,2023-10-15,0.0,0.1778,3.375,19.0,10.3677083333333,0.1778,0.0,9.984e-32,0.0,-4.3511e-06,-11.631,60.48,-7.9685,32.064,-0.0017221,-1000000.0,-795.62,-16.751,0.0,16.757,8.7182,8.3842,0.41571,0.0,-1602.63,0.116,20.0
288,2023-10-16,0.0,0.18288,4.3,20.05,12.4822916666667,0.18288,0.0,9.984e-32,0.0,-4.3511e-06,-11.448,60.48,-7.9685,32.064,-0.0017265,-1000000.0,-795.62,-16.756,0.0,16.757,8.7182,8.3842,0.41571,0.0,-1602.62,0.116,20.0
289,2023-10-17,0.0,0.24892,6.6,16.175,12.215625,0.24892,0.0,9.984e-32,0.0,-4.3213e-06,-11.199,60.48,-7.9685,32.064,-0.0017308,-1000000.0,-795.62,-16.76,0.0,16.757,8.7182,8.3842,0.41571,0.0,-1602.62,0.116,20.0
290,2023-10-18,0.0,0.36322,6.2,19.9,12.8614583333333,0.36322,0.0,9.984e-32,0.0,-4.3213e-06,-10.836,60.48,-7.9685,32.064,-0.0017351,-1000000.0,-795.62,-16.765,0.0,16.757,8.7182,8.3842,0.41571,0.0,-1602.63,0.116,20.0
291,2023-10-19,0.0,0.42164,11.4,27.0,18.1760416666667,0.42164,0.0,9.984e-32,0.0,-4.3213e-06,-10.414,60.48,-7.9685,32.064,-0.0017394,-1000000.0,-795.62,-16.769,0.0,16.757,8.7182,8.3842,0.41571,0.0,-1602.62,0.116,20.0
292,2023-10-20,0.0,0.26924,3.375,25.65,15.0583333333333,0.26924,0.0,9.984e-32,0.0,-4.2915e-06,-10.145,60.48,-7.9685,32.064,-0.0017437,-1000000.0,-795.62,-16.773,0.0,16.757,8.7181,8.3842,0.41571,0.0,-1602.62,0.116,20.0
293,2023-10-21,0.0,0.10922,-1.9,17.025,6.440625,0.10922,0.0,9.984e-32,0.0,-4.2915e-06,-10.035,60.48,-7.9685,32.064,-0.001748,-1000000.0,-795.63,-16.778,0.0,16.757,8.7181,8.3842,0.41571,0.0,-1602.63,0.116,20.0
294,2023-10-22,0.0765,0.06858,2.6,9.125,5.3875,0.06858,0.0,9.984e-32,0.0,-4.2915e-06,-9.9669,60.48,-7.9685,32.064,-0.0017523,-1000000.0,-795.63,-16.782,0.0,16.757,8.7181,8.3842,0.41571,0.0,-1602.62,0.116,20.0
295,2023-10-23,0.4765,0.03302,0.825,5.0,3.42708333333333,0.03302,0.0,9.984e-32,0.0,-4.2617e-06,-9.9339,60.48,-7.9685,32.064,-0.0017566,-1000000.0,-795.63,-16.787,0.0,16.757,8.7181,8.3842,0.41571,0.0,-1602.62,0.116,20.0
296,2023-10-24,0.0,0.02286,-8.1,0.8,-4.26875,0.02286,0.0,9.984e-32,0.0,-4.2617e-06,-9.911,60.48,-7.9685,32.064,-0.0017608,-1000000.0,-795.63,-16.791,0.0,16.757,8.7181,8.3842,0.41571,0.0,-1602.63,0.116,20.0
297,2023-10-25,0.0017,0.02794,-10.85,-4.875,-8.91458333333333,0.02794,0.0,9.984e-32,0.0,-4.2617e-06,-9.8831,60.48,-7.9685,32.064,-0.0017651,-1000000.0,-795.63,-16.795,0.0,16.757,8.7181,8.3842,0.41571,0.0,-1602.62,0.116,20.0
298,2023-10-26,0.0,0.0254,-12.175,-4.675,-9.690625,0.0254,0.0,9.984e-32,0.0,-4.2319e-06,-9.8577,60.48,-7.9685,32.064,-0.0017693,-1000000.0,-795.63,-16.8,0.0,16.757,8.7181,8.3842,0.41571,0.0,-1602.62,0.116,20.0
299,2023-10-27,0.0,0.02286,-18.325,-3.4,-11.734375,0.02286,0.0,9.984e-32,0.0,-4.2319e-06,-9.8348,60.48,-7.9685,32.064,-0.0017736,-1000000.0,-795.63,-16.804,0.0,16.757,8.7181,8.3842,0.41571,0.0,-1602.63,0.116,20.0
300,2023-10-28,0.0,0.04064,-15.475,-2.525,-8.61458333333333,0.04064,0.0,9.984e-32,0.0,-4.2319e-06,-9.7942,60.48,-7.9685,32.064,-0.0017778,-1000000.0,-795.63,-16.808,0.0,16.757,8.7181,8.3842,0.41571,0.0,-1602.62,0.116,20.0
301,2023-10-29,0.0034,0.06604,-8.975,0.4,-4.11875,0.06604,0.0,9.984e-32,0.0,-4.2021e-06,-9.7281,60.48,-7.9685,32.064,-0.001782,-1000000.0,-795.63,-16.812,0.0,16.757,8.7181,8.3842,0.41571,0.0,-1602.62,0.116,20.0
302,2023-10-30,0.0952,0.1016,-5.525,4.0,-0.882291666666667,0.1016,0.0,9.984e-32,0.0,-4.2021e-06,-9.6265,60.48,-7.9685,32.064,-0.0017862,-1000000.0,-795.63,-16.817,0.0,16.757,8.7181,8.3842,0.41571,0.0,-1602.63,0.116,20.0
303,2023-10-31,0.0,0.13462,-1.1,7.375,2.45104166666667,0.13462,0.0,9.984e-32,0.0,-4.2021e-06,-9.4919,60.48,-7.9685,32.064,-0.0017904,-1000000.0,-795.63,-16.821,0.0,16.757,8.7181,8.3842,0.41571,0.0,-1602.62,0.116,20.0
304,2023-11-01,0.0,0.15748,-0.625,12.375,4.26770833333333,0.15748,0.0,9.984e-32,0.0,-4.2021e-06,-9.3344,60.48,-7.9685,32.064,-0.0017946,-1000000.0,-795.63,-16.825,0.0,16.757,8.7181,8.3842,0.41571,0.0,-1602.62,0.116,20.0
305,2023-11-02,0.0068,0.11176,4.0,10.375,6.99583333333333,0.11176,0.0,9.984e-32,0.0,-4.1723e-06,-9.2227,60.48,-7.9685,32.064,-0.0017988,-1000000.0,-795.63,-16.829,0.0,16.757,8.7181,8.3842,0.41571,0.0,-1602.63,0.116,20.0
306,2023-11-03,0.0017,0.14478,1.325,12.975,6.86979166666667,0.14478,0.0,9.984e-32,0.0,-4.1723e-06,-9.0779,60.48,-7.9685,32.064,-0.001803,-1000000.0,-795.63,-16.834,0.0,16.757,8.7181,8.3842,0.41571,0.0,-1602.62,0.116,20.0
307,2023-11-04,0.0136,0.1905,1.0,12.2,7.7375,0.1905,0.0,9.984e-32,0.0,-4.1723e-06,-8.8874,60.48,-7.9685,32.064,-0.0018072,-1000000.0,-795.63,-16.838,0.0,16.757,8.7181,8.3842,0.41571,0.0,-1602.62,0.116,20.0
308,2023-11-05,0.0,0.23876,5.5,14.4,9.73368,0.23876,0.0,9.984e-32,0.0,-4.1425e-06,-8.6486,60.48,-7.9685,32.064,-0.0018113,-1000000.0,-795.63,-16.842,0.0,16.757,8.7181,8.3842,0.41571,0.0,-1602.63,0.116,20.0
309,2023-11-06,0.0357,0.1143,0.475,10.45,6.26875,0.1143,0.0,9.984e-32,0.0,-4.1425e-06,-8.5343,60.48,-7.9685,32.064,-0.0018155,-1000000.0,-795.63,-16.846,0.0,16.757,8.7181,8.3842,0.41571,0.0,-1602.62,0.116,20.0
310,2023-11-07,0.0,0.2032,2.85,9.9,5.97395833333333,0.2032,0.0,9.984e-32,0.0,-4.1425e-06,-8.3311,60.48,-7.9685,32.064,-0.0018196,-1000000.0,-795.63,-16.851,0.0,16.757,8.7181,8.3842,0.41571,0.0,-1602.62,0.116,20.0
311,2023-11-08,0.0,0.12954,-3.3,9.425,2.68229166666667,0.12954,0.0,9.984e-32,0.0,-4.1425e-06,-8.2016,60.48,-7.9685,32.064,-0.0018237,-1000000.0,-795.63,-16.855,0.0,16.757,8.7181,8.3842,0.41571,0.0,-1602.63,0.116,20.0
312,2023-11-09,0.0,0.12446,-4.575,10.3,1.196875,0.12446,0.0,9.984e-32,0.0,-4.1127e-06,-8.0771,60.48,-7.9685,32.064,-0.0018279,-1000000.0,-795.63,-16.859,0.0,16.757,8.7181,8.3842,0.41571,0.0,-1602.62,0.116,20.0
313,2023-11-10,0.0,0.15494,-4.9,9.25,2.09583333333333,0.15494,0.0,9.984e-32,0.0,-4.1127e-06,-7.9222,60.48,-7.9685,32.064,-0.001832,-1000000.0,-795.63,-16.863,0.0,16.757,8.7181,8.3842,0.41571,0.0,-1602.62,0.116,20.0
314,2023-11-11,0.0,0.28956,0.45,13.25,6.24270833333333,0.28956,0.0,9.984e-32,0.0,-4.1127e-06,-7.6326,60.48,-7.9685,32.064,-0.0018361,-1000000.0,-795.63,-16.867,0.0,16.757,8.7181,8.3842,0.41571,0.0,-1602.63,0.116,20.0
315,2023-11-12,0.0,0.13462,-0.625,11.25,4.853125,0.13462,0.0,9.984e-32,0.0,-4.0829e-06,-7.498,60.48,-7.9685,32.064,-0.0018402,-1000000.0,-795.63,-16.872,0.0,16.757,8.718,8.3842,0.41571,0.0,-1602.62,0.116,20.0
316,2023-11-13,0.0,0.24892,-0.375,16.475,8.39895833333333,0.24892,0.0,9.984e-32,0.0,-4.0829e-06,-7.2491,60.48,-7.9685,32.064,-0.0018442,-1000000.0,-795.63,-16.876,0.0,16.757,8.718,8.3842,0.41571,0.0,-1602.62,0.116,20.0
317,2023-11-14,0.0,0.18542,-2.55,12.375,4.825,0.18542,0.0,9.984e-32,0.0,-4.0829e-06,-7.0637,60.48,-7.9685,32.064,-0.0018483,-1000000.0,-795.63,-16.88,0.0,16.757,8.718,8.3842,0.41571,0.0,-1602.63,0.116,20.0
318,2023-11-15,0.0,0.18796,0.05,14.775,7.56041666666667,0.18796,0.0,9.984e-32,0.0,-4.0829e-06,-6.8757,60.48,-7.9685,32.064,-0.0018524,-1000000.0,-795.63,-16.884,0.0,16.757,8.718,8.3842,0.41571,0.0,-1602.62,0.116,20.0
319,2023-11-16,0.3726,0.09906,-2.825,6.8,1.0,0.09906,0.0,9.984e-32,0.0,-4.0531e-06,-6.7767,60.48,-7.9685,32.064,-0.0018565,-1000000.0,-795.63,-16.888,0.0,16.757,8.718,8.3842,0.41571,0.0,-1602.62,0.116,20.0
320,2023-11-17,0.0,0.27432,3.15,13.75,7.25208333333333,0.27432,0.0,9.984e-32,0.0,-4.0531e-06,-6.5023,60.48,-7.9685,32.064,-0.0018605,-1000000.0,-795.63,-16.892,0.0,16.757,8.718,8.3842,0.41571,0.0,-1602.63,0.116,20.0
321,2023-11-18,0.0,0.19304,-0.125,13.35,5.53958333333333,0.19304,0.0,9.984e-32,0.0,-4.0531e-06,-6.3093,60.48,-7.9685,32.064,-0.0018646,-1000000.0,-795.63,-16.896,0.0,16.757,8.718,8.3842,0.41571,0.0,-1602.62,0.116,20.0
322,2023-11-19,0.0,0.18796,1.95,12.4,5.996875,0.18796,0.0,9.984e-32,0.0,-4.0233e-06,-6.1213,60.48,-7.9685,32.064,-0.0018686,-1000000.0,-795.63,-16.9,0.0,16.757,8.718,8.3842,0.41571,0.0,-1602.62,0.116,20.0
323,2023-11-20,0.0,0.1651,-1.325,8.125,2.86666666666667,0.1651,0.0,9.984e-32,0.0,-4.0233e-06,-5.9562,60.48,-7.9685,32.064,-0.0018726,-1000000.0,-795.63,-16.905,0.0,16.757,8.718,8.3842,0.41571,0.0,-1602.63,0.116,20.0
324,2023-11-21,0.0,0.33274,3.65,11.25,7.96145833333333,0.33274,0.0,9.984e-32,0.0,-4.0233e-06,-5.6235,60.48,-7.9685,32.064,-0.0018766,-1000000.0,-795.63,-16.909,0.0,16.757,8.718,8.3842,0.41571,0.0,-1602.62,0.116,20.0
325,2023-11-22,0.0,0.1524,-1.925,10.625,5.92395833333333,0.1524,0.0,9.984e-32,0.0,-4.0233e-06,-5.4711,60.48,-7.9685,32.064,-0.0018807,-1000000.0,-795.63,-16.913,0.0,16.757,8.718,8.3842,0.41571,0.0,-1602.62,0.116,20.0
326,2023-11-23,0.0,0.01016,-5.6,-2.2,-4.47291666666667,0.01016,0.0,9.984e-32,0.0,-3.9935e-06,-5.4609,60.48,-7.9685,32.064,-0.0018847,-1000000.0,-795.63,-16.917,0.0,16.757,8.718,8.3842,0.41571,0.0,-1602.63,0.116,20.0
327,2023-11-24,0.0,0.01778,-12.725,-5.175,-6.821875,0.01778,0.0,9.984e-32,0.0,-3.9935e-06,-5.4432,60.48,-7.9685,32.064,-0.0018886,-1000000.0,-795.63,-16.921,0.0,16.757,8.718,8.3842,0.41571,0.0,-1602.62,0.116,20.0
328,2023-11-25,0.0527,0.06096,-10.375,3.575,-2.86458333333333,0.06096,0.0,9.984e-32,0.0,-3.9935e-06,-5.3822,60.48,-7.9685,32.064,-0.0018926,-1000000.0,-795.63,-16.925,0.0,16.757,8.718,8.3842,0.41571,0.0,-1602.62,0.116,20.0
329,2023-11-26,0.0,0.05842,-8.025,3.925,-2.55833333333333,0.05842,0.0,9.984e-32,0.0,-3.9637e-06,-5.3238,60.48,-7.9685,32.064,-0.0018966,-1000000.0,-795.63,-16.929,0.0,16.757,8.718,8.3842,0.41571,0.0,-1602.63,0.116,20.0
330,2023-11-27,0.0,0.18288,-6.825,7.8,1.12083333333333,0.18288,0.0,9.984e-32,0.0,-3.9637e-06,-5.1409,60.48,-7.9685,32.064,-0.0019006,-1000000.0,-795.63,-16.933,0.0,16.757,8.718,8.3842,0.41571,0.0,-1602.62,0.116,20.0
331,2023-11-28,0.0,0.28194,0.125,10.625,4.359375,0.28194,0.0,9.984e-32,0.0,-3.9637e-06,-4.859,60.48,-7.9685,32.064,-0.0019045,-1000000.0,-795.63,-16.937,0.0,16.757,8.718,8.3842,0.41571,0.0,-1602.62,0.116,20.0
332,2023-11-29,0.0,0.10668,-10.025,7.975,0.0031249999999998,0.10668,0.0,9.984e-32,0.0,-3.9637e-06,-4.7523,60.48,-7.9685,32.064,-0.0019085,-1000000.0,-795.63,-16.941,0.0,16.757,8.718,8.3842,0.41571,0.0,-1602.63,0.116,20.0
333,2023-11-30,0.0,0.0254,-12.5,0.75,-7.184375,0.0254,0.0,9.984e-32,0.0,-3.9339e-06,-4.7269,60.48,-7.9685,32.064,-0.0019124,-1000000.0,-795.63,-16.945,0.0,16.757,8.718,8.3842,0.41571,0.0,-1602.62,0.116,20.0
334,2023-12-01,0.0,0.1143,-11.55,2.85,-2.70833333333333,0.1143,0.0,9.984e-32,0.0,-3.9339e-06,-4.6126,60.48,-7.9685,32.064,-0.0019164,-1000000.0,-795.63,-16.949,0.0,16.757,8.718,8.3842,0.41571,0.0,-1602.62,0.116,20.0
335,2023-12-02,0.0,0.1651,-2.725,4.55,0.510416666666667,0.1651,0.0,9.984e-32,0.0,-3.9339e-06,-4.4475,60.48,-7.9685,32.064,-0.0019203,-1000000.0,-795.63,-16.953,0.0,16.757,8.718,8.3842,0.41571,0.0,-1602.63,0.116,20.0
336,2023-12-03,0.0,0.17018,-3.95,6.5,1.57916666666667,0.17018,0.0,9.984e-32,0.0,-3.9041e-06,-4.2773,60.48,-7.9685,32.064,-0.0019242,-1000000.0,-795.63,-16.957,0.0,16.757,8.718,8.3842,0.41571,0.0,-1602.62,0.116,20.0
337,2023-12-04,0.0,0.16256,-2.625,9.575,5.40729166666667,0.16256,0.0,9.984e-32,0.0,-3.9041e-06,-4.1147,60.48,-7.9685,32.064,-0.0019281,-1000000.0,-795.63,-16.961,0.0,16.757,8.718,8.3842,0.41571,0.0,-1602.62,0.116,20.0
338,2023-12-05,0.0,0.33782,9.525,15.325,12.5104166666667,0.33782,0.0,9.984e-32,0.0,-3.9041e-06,-3.7769,60.48,-7.9685,32.064,-0.001932,-1000000.0,-795.63,-16.965,0.0,16.757,8.718,8.3842,0.41571,0.0,-1602.63,0.116,20.0
339,2023-12-06,0.0,0.25146,6.05,15.675,11.015625,0.25146,0.0,9.984e-32,0.0,-3.8743e-06,-3.5255,60.48,-7.9685,32.064,-0.0019359,-1000000.0,-795.63,-16.969,0.0,16.757,8.718,8.3842,0.41571,0.0,-1602.62,0.116,20.0
340,2023-12-07,0.0,0.09144,-3.225,8.15,3.30625,0.09144,0.0,9.984e-32,0.0,-3.8743e-06,-3.434,60.48,-7.9685,32.064,-0.0019398,-1000000.0,-795.63,-16.973,0.0,16.757,8.7179,8.3842,0.41571,0.0,-1602.62,0.116,20.0
341,2023-12-08,0.0068,0.03302,-10.3,5.75,-2.80833333333333,0.03302,0.0,9.984e-32,0.0,-3.8743e-06,-3.401,60.48,-7.9685,32.064,-0.0019436,-1000000.0,-795.63,-16.977,0.0,16.757,8.7179,8.3842,0.41571,0.0,-1602.63,0.116,20.0
342,2023-12-09,0.0,0.1397,-6.625,3.35,-1.165625,0.1397,0.0,9.984e-32,0.0,-3.8743e-06,-3.2613,60.48,-7.9685,32.064,-0.0019475,-1000000.0,-795.63,-16.981,0.0,16.757,8.7179,8.3842,0.41571,0.0,-1602.62,0.116,20.0
343,2023-12-10,0.0,0.21082,0.875,6.65,3.815625,0.21082,0.0,9.984e-32,0.0,-3.8445e-06,-3.0505,60.48,-7.9685,32.064,-0.0019514,-1000000.0,-795.63,-16.985,0.0,16.757,8.7179,8.3842,0.41571,0.0,-1602.62,0.116,20.0
344,2023-12-11,0.148,0.04572,-3.725,3.875,0.255208333333333,0.04572,0.0,9.984e-32,0.0,-3.8445e-06,-3.0048,60.48,-7.9685,32.064,-0.0019552,-1000000.0,-795.63,-16.989,0.0,16.757,8.7179,8.3842,0.41571,0.0,-1602.63,0.116,20.0
345,2023-12-12,0.0034,0.04064,-5.475,5.225,-1.43854166666667,0.04064,0.0,9.984e-32,0.0,-3.8445e-06,-2.9641,60.48,-7.9685,32.064,-0.0019591,-1000000.0,-795.63,-16.992,0.0,16.757,8.7179,8.3842,0.41571,0.0,-1602.62,0.116,20.0
346,2023-12-13,0.0,0.13716,-4.75,9.0,0.878125,0.13716,0.0,9.984e-32,0.0,-3.8445e-06,-2.827,60.48,-7.9685,32.064,-0.0019629,-1000000.0,-795.63,-16.996,0.0,16.757,8.7179,8.3842,0.41571,0.0,-1602.62,0.116,20.0
347,2023-12-14,0.0,0.11684,-2.925,9.275,1.02604166666667,0.11684,0.0,9.984e-32,0.0,-3.8147e-06,-2.7101,60.48,-7.9685,32.064,-0.0019667,-1000000.0,-795.63,-17.0,0.0,16.757,8.7179,8.3842,0.41571,0.0,-1602.63,0.116,20.0
348,2023-12-15,0.0,0.10668,-6.45,8.35,0.763541666666667,0.10668,0.0,9.984e-32,0.0,-3.8147e-06,-2.6034,60.48,-7.9685,32.064,-0.0019705,-1000000.0,-795.63,-17.004,0.0,16.757,8.7179,8.3842,0.41571,0.0,-1602.62,0.116,20.0
349,2023-12-16,0.0,0.3302,4.125,11.3,7.08645833333333,0.3302,0.0,9.984e-32,0.0,-3.8147e-06,-2.2732,60.48,-7.9685,32.064,-0.0019744,-1000000.0,-795.63,-17.008,0.0,16.757,8.7179,8.3842,0.41571,0.0,-1602.62,0.116,20.0
350,2023-12-17,0.0,0.06604,-7.75,5.325,-0.157291666666667,0.06604,0.0,9.984e-32,0.0,-3.7849e-06,-2.2072,60.48,-7.9685,32.064,-0.0019782,-1000000.0,-795.63,-17.012,0.0,16.757,8.7179,8.3842,0.41571,0.0,-1602.63,0.116,20.0
351,2023-12-18,0.0,0.2286,-3.35,12.575,6.90833333333333,0.2286,0.0,9.984e-32,0.0,-3.7849e-06,-1.9786,60.48,-7.9685,32.064,-0.0019819,-1000000.0,-795.63,-17.016,0.0,16.757,8.7179,8.3842,0.41571,0.0,-1602.62,0.116,20.0
352,2023-12-19,0.0085,0.19304,1.925,13.15,7.56458333333333,0.19304,0.0,9.984e-32,0.0,-3.7849e-06,-1.7856,60.48,-7.9685,32.064,-0.0019857,-1000000.0,-795.63,-17.02,0.0,16.757,8.7179,8.3842,0.41571,0.0,-1602.62,0.116,20.0
353,2023-12-20,0.0,0.20574,4.35,12.8,7.19166666666667,0.20574,0.0,9.984e-32,0.0,-3.7849e-06,-1.5798,60.48,-7.9685,32.064,-0.0019895,-1000000.0,-795.63,-17.023,0.0,16.757,8.7179,8.3842,0.41571,0.0,-1602.63,0.116,20.0
354,2023-12-21,0.0,0.1651,-1.125,12.4,6.38125,0.1651,0.0,9.984e-32,0.0,-3.7551e-06,-1.4147,60.48,-7.9685,32.064,-0.0019933,-1000000.0,-795.63,-17.027,0.0,16.757,8.7179,8.3842,0.41571,0.0,-1602.62,0.116,20.0
355,2023-12-22,0.0,0.2032,2.825,11.925,6.90625,0.2032,0.0,9.984e-32,0.0,-3.7551e-06,-1.2115,60.48,-7.9685,32.064,-0.001997,-1000000.0,-795.63,-17.031,0.0,16.757,8.7179,8.3842,0.41571,0.0,-1602.62,0.116,20.0
356,2023-12-23,0.0,0.07366,-4.55,3.975,0.003125,0.07366,0.0,9.984e-32,0.0,-3.7551e-06,-1.1379,60.48,-7.9685,32.064,-0.0020008,-1000000.0,-795.63,-17.035,0.0,16.757,8.7179,8.3842,0.41571,0.0,-1602.63,0.116,20.0
357,2023-12-24,0.0,0.0762,-9.675,3.125,-4.54375,0.0762,0.0,9.984e-32,0.0,-3.7551e-06,-1.0617,60.48,-7.9685,32.064,-0.0020045,-1000000.0,-795.63,-17.039,0.0,16.757,8.7179,8.3842,0.41571,0.0,-1602.62,0.116,20.0
358,2023-12-25,0.0,0.12954,-10.325,5.575,-3.33541666666667,0.12954,0.0,9.984e-32,0.0,-3.7253e-06,-0.93212,60.48,-7.9685,32.064,-0.0020083,-1000000.0,-795.63,-17.043,0.0,16.757,8.7179,8.3842,0.41571,0.0,-1602.62,0.116,20.0
359,2023-12-26,0.0,0.1651,-6.25,6.95,0.0583333333333333,0.1651,0.0,9.984e-32,0.0,-3.7253e-06,-0.76702,60.48,-7.9685,32.064,-0.002012,-1000000.0,-795.63,-17.046,0.0,16.757,8.7179,8.3842,0.41571,0.0,-1602.63,0.116,20.0
360,2023-12-27,0.0,0.09144,-6.775,7.3,-0.14375,0.09144,0.0,9.984e-32,0.0,-3.7253e-06,-0.67558,60.48,-7.9685,32.064,-0.0020157,-1000000.0,-795.63,-17.05,0.0,16.757,8.7179,8.3842,0.41571,0.0,-1602.62,0.116,20.0
361,2023-12-28,0.0,0.1905,-2.8,11.65,4.85729166666667,0.1905,0.0,9.984e-32,0.0,-3.7253e-06,-0.48508,60.48,-7.9685,32.064,-0.0020195,-1000000.0,-795.63,-17.054,0.0,16.757,8.7179,8.3842,0.41571,0.0,-1602.62,0.116,20.0
362,2023-12-29,0.0,0.07874,-5.25,10.55,1.37708333333333,0.07874,0.0,9.984e-32,0.0,-3.6955e-06,-0.40634,60.48,-7.9685,32.064,-0.0020232,-1000000.0,-795.63,-17.058,0.0,16.757,8.7179,8.3842,0.41571,0.0,-1602.63,0.116,20.0
363,2023-12-30,0.0,0.03302,-8.125,7.625,-1.759375,0.03302,0.0,9.984e-32,0.0,-3.6955e-06,-0.37332,60.48,-7.9685,32.064,-0.0020269,-1000000.0,-795.63,-17.061,0.0,16.757,8.7179,8.3842,0.41571,0.0,-1602.62,0.116,20.0
364,2023-12-31,0.0,0.10668,-7.525,10.125,0.734375,0.10668,0.0,9.984e-32,0.0,-3.6955e-06,-0.26664,60.48,-7.9685,32.064,-0.0020306,-1000000.0,-795.63,-17.065,0.0,16.757,8.7179,8.3842,0.41571,0.0,-1602.62,0.116,20.0
365,2024-01-01,0.0,0.127,-4.5,7.55,0.603125,0.127,0.0,9.984e-32,0.0,-3.6955e-06,-0.13964,60.48,-7.9685,32.064,-0.0020343,-1000000.0,-795.63,-17.069,0.0,16.757,8.7179,8.3842,0.41571,0.0,-1602.63,0.116,20.0
366,2024-01-02,0.0,0.11684,-4.275,6.675,-0.121875,0.11684,0.0,9.984e-32,0.0,-3.6657e-06,-0.022799,60.48,-7.9685,32.064,-0.0020379,-1000000.0,-795.63,-17.073,0.0,16.757,8.7179,8.3842,0.41571,0.0,-1602.62,0.116,20.0
367,2024-01-03,0.0,0.04064,-11.325,4.075,-4.49895833333333,0.04064,0.0,9.984e-32,0.0,-3.6657e-06,0.017841,60.48,-7.9685,32.064,-0.0020416,-1000000.0,-795.63,-17.076,0.0,16.757,8.7178,8.3842,0.41571,0.0,-1602.62,0.116,20.0
368,2024-01-04,0.0,0.11176,-4.1,7.425,0.45,0.11176,0.0,9.984e-32,0.0,-3.6657e-06,0.1296,60.48,-7.9685,32.064,-0.0020453,-1000000.0,-795.63,-17.08,0.0,16.757,8.7178,8.3842,0.41571,0.0,-1602.63,0.116,20.0
369,2024-01-05,0.0,0.09144,-3.425,5.325,-0.651041666666667,0.09144,0.0,9.984e-32,0.0,-3.6657e-06,0.22104,60.48,-7.9685,32.064,-0.0020489,-1000000.0,-795.63,-17.084,0.0,16.757,8.7178,8.3842,0.41571,0.0,-1602.62,0.116,20.0
370,2024-01-06,0.0,0.1524,-5.325,2.2,-0.451041666666667,0.1524,0.0,9.984e-32,0.0,-3.6359e-06,0.37344,60.48,-7.9685,32.064,-0.0020526,-1000000.0,-795.63,-17.088,0.0,16.757,8.7178,8.3842,0.41571,0.0,-1602.62,0.116,20.0
371,2024-01-07,0.0,0.02794,-13.95,-5.325,-10.1489583333333,0.02794,0.0,9.984e-32,0.0,-3.6359e-06,0.40138,60.48,-7.9685,32.064,-0.0020562,-1000000.0,-795.63,-17.091,0.0,16.757,8.7178,8.3842,0.41571,0.0,-1602.63,0.116,20.0
372,2024-01-08,0.0,0.08382,-18.125,-0.875,-8.43541666666667,0.08382,0.0,9.984e-32,0.0,-3.6359e-06,0.4852,60.48,-7.9685,32.064,-0.0020598,-1000000.0,-795.63,-17.095,0.0,16.757,8.7178,8.3842,0.41571,0.0,-1602.62,0.116,20.0
373,2024-01-09,0.0,0.1905,-2.55,5.875,1.115625,0.1905,0.0,9.984e-32,0.0,-3.6061e-06,0.6757,60.48,-7.9685,32.064,-0.0020635,-1000000.0,-795.63,-17.099,0.0,16.757,8.7178,8.3842,0.41571,0.0,-1602.62,0.116,20.0
374,2024-01-10,0.0,0.0381,-19.575,-6.725,-14.7020833333333,0.0381,0.0,9.984e-32,0.0,-3.6061e-06,0.7138,60.48,-7.9685,32.064,-0.0020671,-1000000.0,-795.63,-17.102,0.0,16.757,8.7178,8.3842,0.41571,0.0,-1602.63,0.116,20.0
375,2024-01-11,0.0,0.01524,-30.025,-20.075,-24.8489583333333,0.01524,0.0,9.984e-32,0.0,-3.6061e-06,0.72904,60.48,-7.9685,32.064,-0.0020707,-1000000.0,-795.63,-17.106,0.0,16.757,8.7178,8.3842,0.41571,0.0,-1602.62,0.116,20.0
376,2024-01-12,0.0,0.00508,-36.925,-30.275,-32.846875,0.00508,0.0,9.984e-32,0.0,-3.6061e-06,0.73412,60.48,-7.9685,32.064,-0.0020743,-1000000.0,-795.63,-17.11,0.0,16.757,8.7178,8.3842,0.41571,0.0,-1602.62,0.116,20.0
377,2024-01-13,0.0,0.00762,-38.025,-21.85,-31.2628333333333,0.00762,0.0,9.984e-32,0.0,-3.5763e-06,0.74174,60.48,-7.9685,32.064,-0.0020779,-1000000.0,-795.63,-17.113,0.0,16.757,8.7178,8.3842,0.41571,0.0,-1602.63,0.116,20.0
378,2024-01-14,0.0,0.00508,-34.025,-25.925,-29.0159565217391,0.00508,0.0,9.984e-32,0.0,-3.5763e-06,0.74682,60.48,-7.9685,32.064,-0.0020814,-1000000.0,-795.63,-17.117,0.0,16.757,8.7178,8.3842,0.41571,0.0,-1602.62,0.116,20.0
379,2024-01-15,0.0,0.02032,-34.675,-15.075,-24.7677083333333,0.02032,0.0,9.984e-32,0.0,-3.5763e-06,0.76714,60.48,-7.9685,32.064,-0.002085,-1000000.0,-795.63,-17.121,0.0,16.757,8.7178,8.3842,0.41571,0.0,-1602.62,0.116,20.0
380,2024-01-16,0.0,0.07874,-14.65,-3.85,-8.19375,0.07874,0.0,9.984e-32,0.0,-3.5763e-06,0.84588,60.48,-7.9685,32.064,-0.0020886,-1000000.0,-795.63,-17.124,0.0,16.757,8.7178,8.3842,0.41571,0.0,-1602.63,0.116,20.0
381,2024-01-17,0.0,0.01778,-18.825,-7.325,-13.5770833333333,0.01778,0.0,9.984e-32,0.0,-3.5465e-06,0.86366,60.48,-7.9685,32.064,-0.0020921,-1000000.0,-795.63,-17.128,0.0,16.757,8.7178,8.3842,0.41571,0.0,-1602.62,0.116,20.0
382,2024-01-18,0.0,0.01651,-27.575,-12.375,-19.2677083333333,0.01651,0.0,9.984e-32,0.0,-3.5465e-06,0.88017,60.48,-7.9685,32.064,-0.0020957,-1000000.0,-795.63,-17.131,0.0,16.757,8.7178,8.3842,0.41571,0.0,-1602.62,0.116,20.0
383,2024-01-19,0.0,0.01524,-28.575,-12.7,-19.715625,0.01524,0.0,9.984e-32,0.0,-3.5465e-06,0.89541,60.48,-7.9685,32.064,-0.0020992,-1000000.0,-795.63,-17.135,0.0,16.757,8.7178,8.3842,0.41571,0.0,-1602.63,0.116,20.0
384,2024-01-20,0.4186,0.1143,-16.0,6.175,1.03854166666667,0.1143,0.0,9.984e-32,0.0,-3.5465e-06,1.0097,60.48,-7.9685,32.064,-0.0021028,-1000000.0,-795.63,-17.139,0.0,16.757,8.7178,8.3842,0.41571,0.0,-1602.62,0.116,20.0
385,2024-01-21,0.0,0.12954,0.775,8.775,5.02708333333333,0.12954,0.0,9.984e-32,0.0,-3.5167e-06,1.1393,60.48,-7.9685,32.064,-0.0021063,-1000000.0,-795.63,-17.142,0.0,16.757,8.7178,8.3842,0.41571,0.0,-1602.62,0.116,20.0
386,2024-01-22,0.0,0.0381,-10.225,-2.65,-6.46979166666667,0.0381,0.0,9.984e-32,0.0,-3.5167e-06,1.1774,60.48,-7.9685,32.064,-0.0021098,-1000000.0,-795.63,-17.146,0.0,16.757,8.7178,8.3842,0.41571,0.0,-1602.63,0.116,20.0
387,2024-01-23,0.0,0.15494,0.925,9.4,4.725,0.15494,0.0,9.984e-32,0.0,-3.5167e-06,1.3323,60.48,-7.9685,32.064,-0.0021133,-1000000.0,-795.63,-17.149,0.0,16.757,8.7178,8.3842,0.41571,0.0,-1602.62,0.116,20.0
388,2024-01-24,0.0,0.14732,-1.15,8.75,3.42916666666667,0.14732,0.0,9.984e-32,0.0,-3.5167e-06,1.4796,60.48,-7.9685,32.064,-0.0021169,-1000000.0,-795.63,-17.153,0.0,16.757,8.7178,8.3842,0.41571,0.0,-1602.62,0.116,20.0
389,2024-01-25,0.0,0.1651,0.275,10.45,4.19270833333333,0.1651,0.0,9.984e-32,0.0,-3.4869e-06,1.6447,60.48,-7.9685,32.064,-0.0021203,-1000000.0,-795.63,-17.156,0.0,16.757,8.7178,8.3842,0.41571,0.0,-1602.63,0.116,20.0
390,2024-01-26,0.0,0.19304,-0.3,8.1,2.88125,0.19304,0.0,9.984e-32,0.0,-3.4869e-06,1.8378,60.48,-7.9685,32.064,-0.0021238,-1000000.0,-795.63,-17.16,0.0,16.757,8.7178,8.3842,0.41571,0.0,-1602.62,0.116,20.0
391,2024-01-27,0.0,0.20574,0.125,8.925,5.6375,0.20574,0.0,9.984e-32,0.0,-3.4869e-06,2.0435,60.48,-7.9685,32.064,-0.0021273,-1000000.0,-795.63,-17.164,0.0,16.757,8.7178,8.3842,0.41571,0.0,-1602.62,0.116,20.0
392,2024-01-28,0.0,0.26162,5.35,14.75,9.24791666666667,0.26162,0.0,9.984e-32,0.0,-3.4869e-06,2.3051,60.48,-7.9685,32.064,-0.0021308,-1000000.0,-795.63,-17.167,0.0,16.757,8.7178,8.3842,0.41571,0.0,-1602.63,0.116,20.0
393,2024-01-29,0.0,0.22352,4.125,16.85,8.81145833333333,0.22352,0.0,9.984e-32,0.0,-3.4571e-06,2.5286,60.48,-7.9685,32.064,-0.0021343,-1000000.0,-795.63,-17.171,0.0,16.757,8.7178,8.3842,0.41571,0.0,-1602.62,0.116,20.0
394,2024-01-30,0.0,0.24892,3.65,17.025,9.86875,0.24892,0.0,9.984e-32,0.0,-3.4571e-06,2.7776,60.48,-7.9685,32.064,-0.0021377,-1000000.0,-795.63,-17.174,0.0,16.757,8.7178,8.3842,0.41571,0.0,-1602.62,0.116,20.0
395,2024-01-31,0.0,0.2413,1.325,16.275,8.66041666666667,0.2413,0.0,9.984e-32,0.0,-3.4571e-06,3.0189,60.48,-7.9685,32.064,-0.0021412,-1000000.0,-795.63,-17.178,0.0,16.757,8.7177,8.3842,0.41571,0.0,-1602.63,0.116,20.0
396,2024-02-01,0.0,0.19558,4.5,16.625,8.975,0.19558,0.0,9.984e-32,0.0,-3.4571e-06,3.2144,60.48,-7.9685,32.064,-0.0021446,-1000000.0,-795.63,-17.181,0.0,16.757,8.7177,8.3842,0.41571,0.0,-1602.62,0.116,20.0
397,2024-02-02,0.0,0.08128,3.0,13.65,6.56770833333333,0.08128,0.0,9.984e-32,0.0,-3.4273e-06,3.2957,60.48,-7.9685,32.064,-0.0021481,-1000000.0,-795.63,-17.185,0.0,16.757,8.7177,8.3842,0.41571,0.0,-1602.62,0.116,20.0
398,2024-02-03,0.6331,0.03048,-0.875,5.0,2.81458333333333,0.03048,0.0,9.984e-32,0.0,-3.4273e-06,3.3262,60.48,-7.9685,32.064,-0.0021515,-1000000.0,-795.63,-17.188,0.0,16.757,8.7177,8.3842,0.41571,0.0,-1602.63,0.116,20.0
399,2024-02-04,0.0,0.0381,-10.075,-0.85,-4.96666666666667,0.0381,0.0,9.984e-32,0.0,-3.4273e-06,3.3643,60.48,-7.9685,32.064,-0.0021549,-1000000.0,-795.63,-17.192,0.0,16.757,8.7177,8.3842,0.41571,0.0,-1602.62,0.116,20.0
400,2024-02-05,0.3507,0.04572,-14.275,4.2,-6.19791666666667,0.04572,0.0,9.984e-32,0.0,-3.4273e-06,3.41,60.48,-7.9685,32.064,-0.0021584,-1000000.0,-795.63,-17.195,0.0,16.757,8.7177,8.3842,0.41571,0.0,-1602.62,0.116,20.0
401,2024-02-06,0.0034,0.02794,-13.925,-2.275,-8.09895833333333,0.02794,0.0,9.984e-32,0.0,-3.3975e-06,3.438,60.48,-7.9685,32.064,-0.0021618,-1000000.0,-795.63,-17.199,0.0,16.757,8.7177,8.3842,0.41571,0.0,-1602.63,0.116,20.0
402,2024-02-07,0.0,0.03302,-6.575,-2.35,-5.09375,0.03302,0.0,9.984e-32,0.0,-3.3975e-06,3.471,60.48,-7.9685,32.064,-0.0021652,-1000000.0,-795.63,-17.202,0.0,16.757,8.7177,8.3842,0.41571,0.0,-1602.62,0.116,20.0
403,2024-02-08,0.1496,0.0381,-5.5,-0.85,-3.32916666666667,0.0381,0.0,9.984e-32,0.0,-3.3975e-06,3.5091,60.48,-7.9685,32.064,-0.0021686,-1000000.0,-795.63,-17.206,0.0,16.757,8.7177,8.3842,0.41571,0.0,-1602.62,0.116,20.0
404,2024-02-09,0.0,0.0381,-11.6,-1.95,-6.17708333333333,0.0381,0.0,9.984e-32,0.0,-3.3975e-06,3.5472,60.48,-7.9685,32.064,-0.002172,-1000000.0,-795.63,-17.209,0.0,16.757,8.7177,8.3842,0.41571,0.0,-1602.63,0.116,20.0
405,2024-02-10,0.0068,0.06858,-16.5,-0.425,-6.90208333333333,0.06858,0.0,9.984e-32,0.0,-3.3975e-06,3.6158,60.48,-7.9685,32.064,-0.0021754,-1000000.0,-795.63,-17.212,0.0,16.757,8.7177,8.3842,0.41571,0.0,-1602.62,0.116,20.0
406,2024-02-11,0.2856,0.0762,-2.65,2.9,-0.260416666666667,0.0762,0.0,9.984e-32,0.0,-3.3677e-06,3.692,60.48,-7.9685,32.064,-0.0021787,-1000000.0,-795.63,-17.216,0.0,16.757,8.7177,8.3842,0.41571,0.0,-1602.62,0.116,20.0
407,2024-02-12,0.0,0.07112,-2.375,3.275,0.904166666666667,0.07112,0.0,9.984e-32,0.0,-3.3677e-06,3.7631,60.48,-7.9685,32.064,-0.0021821,-1000000.0,-795.63,-17.219,0.0,16.757,8.7177,8.3842,0.41571,0.0,-1602.63,0.116,20.0
408,2024-02-13,0.0,0.03556,-8.525,-2.425,-4.91979166666667,0.03556,0.0,9.984e-32,0.0,-3.3677e-06,3.7986,60.48,-7.9685,32.064,-0.0021855,-1000000.0,-795.63,-17.223,0.0,16.757,8.7177,8.3842,0.41571,0.0,-1602.62,0.116,20.0
409,2024-02-14,0.0527,0.03175,-15.45,-6.025,-10.5802083333333,0.03175,0.0,9.984e-32,0.0,-3.3379e-06,3.8304,60.48,-7.9685,32.064,-0.0021888,-1000000.0,-795.63,-17.226,0.0,16.757,8.7177,8.3842,0.41571,0.0,-1602.62,0.116,20.0
410,2024-02-15,0.0,0.02794,-20.3,-6.575,-12.5083333333333,0.02794,0.0,9.984e-32,0.0,-3.3379e-06,3.8583,60.48,-7.9685,32.064,-0.0021922,-1000000.0,-795.63,-17.23,0.0,16.757,8.7177,8.3842,0.41571,0.0,-1602.63,0.116,20.0
411,2024-02-16,0.0,0.03302,-26.225,-9.9,-17.0583333333333,0.03302,0.0,9.984e-32,0.0,-3.3379e-06,3.8913,60.48,-7.9685,32.064,-0.0021955,-1000000.0,-795.63,-17.233,0.0,16.757,8.7177,8.3842,0.41571,0.0,-1602.62,0.116,20.0
412,2024-02-17,0.0476,0.0889,-19.975,0.725,-9.134375,0.0889,0.0,9.984e-32,0.0,-3.3379e-06,3.9802,60.48,-7.9685,32.064,-0.0021988,-1000000.0,-795.63,-17.236,0.0,16.757,8.7177,8.3842,0.41571,0.0,-1602.62,0.116,20.0
413,2024-02-18,0.0017,0.1524,-5.3,3.525,-0.666666666666667,0.1524,0.0,9.984e-32,0.0,-3.3379e-06,4.1326,60.48,-7.9685,32.064,-0.0022022,-1000000.0,-795.63,-17.24,0.0,16.757,8.7177,8.3842,0.41571,0.0,-1602.63,0.116,20.0
414,2024-02-19,0.0,0.1016,-2.725,5.0,0.8375,0.1016,0.0,9.984e-32,0.0,-3.3081e-06,4.2342,60.48,-7.9685,32.064,-0.0022055,-1000000.0,-795.63,-17.243,0.0,16.757,8.7177,8.3842,0.41571,0.0,-1602.62,0.116,20.0
415,2024-02-20,0.0,0.17526,1.275,6.45,3.92604166666667,0.17526,0.0,9.984e-32,0.0,-3.3081e-06,4.4095,60.48,-7.9685,32.064,-0.0022088,-1000000.0,-795.63,-17.246,0.0,16.757,8.7177,8.3842,0.41571,0.0,-1602.62,0.116,20.0
416,2024-02-21,0.0,0.13462,-2.675,7.325,2.640625,0.13462,0.0,9.984e-32,0.0,-3.3081e-06,4.5441,60.48,-7.9685,32.064,-0.0022121,-1000000.0,-795.63,-17.25,0.0,16.757,8.7177,8.3842,0.41571,0.0,-1602.63,0.116,20.0
417,2024-02-22,0.0,0.127,-1.6,8.0,2.21666666666667,0.127,0.0,9.984e-32,0.0,-3.3081e-06,4.6711,60.48,-7.9685,32.064,-0.0022154,-1000000.0,-795.63,-17.253,0.0,16.757,8.7177,8.3842,0.41571,0.0,-1602.62,0.116,20.0
418,2024-02-23,0.0,0.20066,0.775,7.175,3.728125,0.20066,0.0,9.984e-32,0.0,-3.2783e-06,4.8718,60.48,-7.9685,32.064,-0.0022187,-1000000.0,-795.63,-17.257,0.0,16.757,8.7177,8.3842,0.41571,0.0,-1602.62,0.116,20.0
419,2024-02-24,0.0,0.17018,3.225,6.725,4.67395833333333,0.17018,0.0,9.984e-32,0.0,-3.2783e-06,5.042,60.48,-7.9685,32.064,-0.002222,-1000000.0,-795.63,-17.26,0.0,16.757,8.7177,8.3842,0.41571,0.0,-1602.63,0.116,20.0
420,2024-02-25,0.0,0.26162,3.05,9.575,5.99791666666667,0.26162,0.0,9.984e-32,0.0,-3.2783e-06,5.3036,60.48,-7.9685,32.064,-0.0022253,-1000000.0,-795.63,-17.263,0.0,16.757,8.7177,8.3842,0.41571,0.0,-1602.62,0.116,20.0
421,2024-02-26,0.0,0.09398,-15.95,4.475,-6.221875,0.09398,0.0,9.984e-32,0.0,-3.2783e-06,5.3976,60.48,-7.9685,32.064,-0.0022285,-1000000.0,-795.63,-17.267,0.0,16.757,8.7177,8.3842,0.41571,0.0,-1602.62,0.116,20.0
422,2024-02-27,0.0,0.0508,-18.425,-8.475,-13.90625,0.0508,0.0,9.984e-32,0.0,-3.2783e-06,5.4484,60.48,-7.9685,32.064,-0.0022318,-1000000.0,-795.63,-17.27,0.0,16.757,8.7177,8.3842,0.41571,0.0,-1602.63,0.116,20.0
423,2024-02-28,0.0,0.22352,-9.975,7.75,1.85104166666667,0.22352,0.0,9.984e-32,0.0,-3.2485e-06,5.6719,60.48,-7.9685,32.064,-0.0022351,-1000000.0,-795.63,-17.273,0.0,16.757,8.7177,8.3842,0.41571,0.0,-1602.62,0.116,20.0
424,2024-02-29,0.0646,0.3302,1.35,12.825,7.26354166666667,0.3302,0.0,9.984e-32,0.0,-3.2485e-06,6.0021,60.48,-7.9685,32.064,-0.0022383,-1000000.0,-795.63,-17.276,0.0,16.757,8.7177,8.3842,0.41571,0.0,-1602.62,0.116,20.0
425,2024-03-01,0.0,0.19558,-2.85,6.6,0.96875,0.19558,0.0,9.984e-32,0.0,-3.2485e-06,6.1977,60.48,-7.9685,32.064,-0.0022416,-1000000.0,-795.63,-17.28,0.0,16.757,8.7176,8.3842,0.41571,0.0,-1602.63,0.116,20.0
426,2024-03-02,0.0,0.04064,-14.575,-2.4,-8.82083333333333,0.04064,0.0,9.984e-32,0.0,-3.2485e-06,6.2383,60.48,-7.9685,32.064,-0.0022448,-1000000.0,-795.63,-17.283,0.0,16.757,8.7176,8.3842,0.41571,0.0,-1602.62,0.116,20.0
427,2024-03-03,0.0,0.04318,-19.4,-7.625,-14.0395833333333,0.04318,0.0,9.984e-32,0.0,-3.2187e-06,6.2815,60.48,-7.9685,32.064,-0.002248,-1000000.0,-795.63,-17.286,0.0,16.757,8.7176,8.3842,0.41571,0.0,-1602.62,0.116,20.0
428,2024-03-04,0.0,0.05334,-19.35,-8.55,-14.5427083333333,0.05334,0.0,9.984e-32,0.0,-3.2187e-06,6.3348,60.48,-7.9685,32.064,-0.0022513,-1000000.0,-795.63,-17.29,0.0,16.757,8.7176,8.3842,0.41571,0.0,-1602.63,0.116,20.0
429,2024-03-05,0.0068,0.09144,-20.725,2.425,-10.4072916666667,0.09144,0.0,9.984e-32,0.0,-3.2187e-06,6.4263,60.48,-7.9685,32.064,-0.0022545,-1000000.0,-795.63,-17.293,0.0,16.757,8.7176,8.3842,0.41571,0.0,-1602.62,0.116,20.0
430,2024-03-06,0.0,0.0762,-12.35,-2.275,-8.83020833333333,0.0762,0.0,9.984e-32,0.0,-3.2187e-06,6.5025,60.48,-7.9685,32.064,-0.0022577,-1000000.0,-795.63,-17.296,0.0,16.757,8.7176,8.3842,0.41571,0.0,-1602.62,0.116,20.0
431,2024-03-07,0.0068,0.11684,-12.275,4.875,-4.01666666666667,0.11684,0.0,9.984e-32,0.0,-3.1888e-06,6.6193,60.48,-7.9685,32.064,-0.0022609,-1000000.0,-795.63,-17.299,0.0,16.757,8.7176,8.3842,0.41571,0.0,-1602.63,0.116,20.0
432,2024-03-08,0.0,0.3175,-8.075,11.85,1.52083333333333,0.3175,0.0,9.984e-32,0.0,-3.1888e-06,6.9368,60.48,-7.9685,32.064,-0.0022641,-1000000.0,-795.63,-17.303,0.0,16.757,8.7176,8.3842,0.41571,0.0,-1602.62,0.116,20.0
433,2024-03-09,0.0,0.41656,1.225,14.1,6.75,0.41656,0.0,9.984e-32,0.0,-3.1888e-06,7.3534,60.48,-7.9685,32.064,-0.0022673,-1000000.0,-795.63,-17.306,0.0,16.757,8.7176,8.3842,0.41571,0.0,-1602.62,0.116,20.0
434,2024-03-10,0.0,0.31242,1.325,12.9,6.64926086956522,0.31242,0.0,9.984e-32,0.0,-3.1888e-06,7.6658,60.48,-7.9685,32.064,-0.0022705,-1000000.0,-795.63,-17.309,0.0,16.757,8.7176,8.3842,0.41571,0.0,-1602.63,0.116,20.0
435,2024-03-11,0.0,0.2159,1.025,10.2,5.228125,0.2159,0.0,9.984e-32,0.0,-3.159e-06,7.8817,60.48,-7.9685,32.064,-0.0022736,-1000000.0,-795.63,-17.312,0.0,16.757,8.7176,8.3842,0.41571,0.0,-1602.62,0.116,20.0
436,2024-03-12,0.0,0.23876,-1.85,12.2,5.45416666666667,0.23876,0.0,9.984e-32,0.0,-3.159e-06,8.1204,60.48,-7.9685,32.064,-0.0022768,-1000000.0,-795.63,-17.316,0.0,16.757,8.7176,8.3842,0.41571,0.0,-1602.62,0.116,20.0
437,2024-03-13,0.0,0.13716,-2.375,8.375,2.35729166666667,0.13716,0.0,9.984e-32,0.0,-3.159e-06,8.2576,60.48,-7.9685,32.064,-0.00228,-1000000.0,-795.63,-17.319,0.0,16.757,8.7176,8.3842,0.41571,0.0,-1602.63,0.116,20.0
438,2024-03-14,0.0,0.13716,-4.35,8.9,1.35104166666667,0.13716,0.0,9.984e-32,0.0,-3.159e-06,8.3948,60.48,-7.9685,32.064,-0.0022831,-1000000.0,-795.63,-17.322,0.0,16.757,8.7176,8.3842,0.41571,0.0,-1602.62,0.116,20.0
439,2024-03-15,0.0,0.22098,-4.525,16.125,5.12604166666667,0.22098,0.0,9.984e-32,0.0,-3.159e-06,8.6157,60.48,-7.9685,32.064,-0.0022863,-1000000.0,-795.63,-17.325,0.0,16.757,8.7176,8.3842,0.41571,0.0,-1602.62,0.116,20.0
440,2024-03-16,0.0,0.1651,-3.65,16.375,4.690625,0.1651,0.0,9.984e-32,0.0,-3.1292e-06,8.7808,60.48,-7.9685,32.064,-0.0022894,-1000000.0,-795.63,-17.328,0.0,16.757,8.7176,8.3842,0.41571,0.0,-1602.63,0.116,20.0
441,2024-03-17,0.0034,0.18288,-4.35,14.925,4.671875,0.18288,0.0,9.984e-32,0.0,-3.1292e-06,8.9637,60.48,-7.9685,32.064,-0.0022925,-1000000.0,-795.63,-17.332,0.0,16.757,8.7176,8.3842,0.41571,0.0,-1602.62,0.116,20.0
442,2024-03-18,0.0,0.2921,2.6,20.15,10.6947916666667,0.2921,0.0,9.984e-32,0.0,-3.1292e-06,9.2558,60.48,-7.9685,32.064,-0.0022957,-1000000.0,-795.63,-17.335,0.0,16.757,8.7176,8.3842,0.41571,0.0,-1602.62,0.116,20.0
443,2024-03-19,0.0,0.22098,-1.125,14.625,6.62916666666667,0.22098,0.0,9.984e-32,0.0,-3.1292e-06,9.4768,60.48,-7.9685,32.064,-0.0022988,-1000000.0,-795.63,-17.338,0.0,16.757,8.7176,8.3842,0.41571,0.0,-1602.63,0.116,20.0
444,2024-03-20,0.0,0.06604,-4.0,1.15,-1.53645833333333,0.06604,0.0,9.984e-32,0.0,-3.0994e-06,9.5428,60.48,-7.9685,32.064,-0.0023019,-1000000.0,-795.63,-17.341,0.0,16.757,8.7176,8.3842,0.41571,0.0,-1602.62,0.116,20.0
445,2024-03-21,0.0,0.1143,-6.2,4.125,-2.79270833333333,0.1143,0.0,9.984e-32,0.0,-3.0994e-06,9.6571,60.48,-7.9685,32.064,-0.002305,-1000000.0,-795.63,-17.344,0.0,16.757,8.7176,8.3842,0.41571,0.0,-1602.62,0.116,20.0
446,2024-03-22,0.0068,0.06858,-7.225,-2.675,-5.24166666666667,0.06858,0.0,9.984e-32,0.0,-3.0994e-06,9.7257,60.48,-7.9685,32.064,-0.0023081,-1000000.0,-795.63,-17.347,0.0,16.757,8.7176,8.3842,0.41571,0.0,-1602.63,0.116,20.0
447,2024-03-23,0.0,0.0381,-7.325,-4.725,-5.84375,0.0381,0.0,9.984e-32,0.0,-3.0994e-06,9.7638,60.48,-7.9685,32.064,-0.0023112,-1000000.0,-795.63,-17.351,0.0,16.757,8.7176,8.3842,0.41571,0.0,-1602.62,0.116,20.0
448,2024-03-24,0.1939,0.07874,-9.675,-1.6,-6.70833333333333,0.07874,0.0,9.984e-32,0.0,-3.0994e-06,9.8426,60.48,-7.9685,32.064,-0.0023143,-1000000.0,-795.63,-17.354,0.0,16.757,8.7176,8.3842,0.41571,0.0,-1602.62,0.116,20.0
449,2024-03-25,0.1241,0.11938,-10.475,0.65,-5.609375,0.11938,0.0,9.984e-32,0.0,-3.0696e-06,9.9619,60.48,-7.9685,32.064,-0.0023174,-1000000.0,-795.63,-17.357,0.0,16.757,8.7176,8.3842,0.41571,0.0,-1602.63,0.116,20.0
450,2024-03-26,0.0238,0.1397,-8.45,7.1,-2.5,0.1397,0.0,9.984e-32,0.0,-3.0696e-06,10.102,60.48,-7.9685,32.064,-0.0023204,-1000000.0,-795.63,-17.36,0.0,16.757,8.7176,8.3842,0.41571,0.0,-1602.62,0.116,20.0
451,2024-03-27,0.0,0.24638,-0.9,9.25,4.10833333333333,0.24638,0.0,9.984e-32,0.0,-3.0696e-06,10.348,60.48,-7.9685,32.064,-0.0023235,-1000000.0,-795.63,-17.363,0.0,16.757,8.7176,8.3842,0.41571,0.0,-1602.62,0.116,20.0
452,2024-03-28,0.0,0.13208,-0.825,7.6,4.4,0.13208,0.0,9.984e-32,0.0,-3.0696e-06,10.48,60.48,-7.9685,32.064,-0.0023266,-1000000.0,-795.63,-17.366,0.0,16.757,8.7176,8.3842,0.41571,0.0,-1602.63,0.116,20.0
453,2024-03-29,0.0,0.09398,-2.175,3.4,-0.265625,0.09398,0.0,9.984e-32,0.0,-3.0398e-06,10.574,60.48,-7.9685,32.064,-0.0023296,-1000000.0,-795.63,-17.369,0.0,16.757,8.7176,8.3842,0.41571,0.0,-1602.62,0.116,20.0
454,2024-03-30,0.0,0.1143,-4.425,4.025,-1.42604166666667,0.1143,0.0,9.984e-32,0.0,-3.0398e-06,10.688,60.48,-7.9685,32.064,-0.0023327,-1000000.0,-795.63,-17.372,0.0,16.757,8.7176,8.3842,0.41571,0.0,-1602.62,0.116,20.0
455,2024-03-31,0.0595,0.04064,-6.175,1.55,-2.26875,0.04064,0.0,9.984e-32,0.0,-3.0398e-06,10.729,60.48,-7.9685,32.064,-0.0023357,-1000000.0,-795.63,-17.376,0.0,16.757,8.7176,8.3842,0.41571,0.0,-1602.63,0.116,20.0
456,2024-04-01,0.0,0.24892,-4.7,16.05,5.675,0.0,0.24892,9.984e-32,0.0,-3.0398e-06,10.729,60.729,-7.9685,32.064,-0.0023388,-1000000.0,-1600.1,-17.379,0.0,16.757,8.7176,8.3842,0.41571,0.0,-1602.62,0.116,20.0
457,2024-04-02,0.0,0.38354,2.475,23.775,12.5416666666667,0.0,0.38354,9.984e-32,0.0,-3.0398e-06,10.729,61.112,-7.9685,32.064,-0.0023418,-1000000.0,-1600.1,-17.382,0.0,16.757,8.7175,8.3842,0.41571,0.0,-1602.62,0.116,20.0
458,2024-04-03,0.2415,0.33274,5.975,18.15,12.9125,0.0,0.33274,9.984e-32,0.0,-3.01e-06,10.729,61.445,-7.9685,32.064,-0.0023448,-1000000.0,-1600.1,-17.385,0.0,16.757,8.7175,8.3842,0.41571,0.0,-1602.63,0.116,20.0
459,2024-04-04,1.6113,0.05334,0.0,6.225,3.659375,0.0,0.05334,9.984e-32,0.0,-3.01e-06,10.729,61.499,-7.9685,32.064,-0.0023478,-1000000.0,-1600.1,-17.388,0.0,16.757,8.7175,8.3842,0.41571,0.0,-1602.62,0.116,20.0
460,2024-04-05,0.2193,0.04064,-0.2,2.925,0.844791666666667,0.0,0.04064,9.984e-32,0.0,-3.01e-06,10.729,61.539,-7.9685,32.064,-0.0023508,-1000000.0,-1600.1,-17.391,0.0,16.757,8.7175,8.3842,0.41571,0.0,-1602.62,0.116,20.0
461,2024-04-06,0.5678,0.05334,-1.45,1.45,0.084375,0.0,0.05334,9.984e-32,0.0,-3.01e-06,10.729,61.592,-7.9685,32.064,-0.0023538,-1000000.0,-1600.1,-17.394,0.0,16.757,8.7175,8.3842,0.41571,0.0,-1602.63,0.116,20.0
462,2024-04-07,0.7909,0.09906,-0.375,6.275,2.84166666666667,0.0,0.09906,9.984e-32,0.0,-3.01e-06,10.729,61.692,-7.9685,32.064,-0.0023569,-1000000.0,-1600.1,-17.397,0.0,16.757,8.7175,8.3842,0.41571,0.0,-1602.62,0.116,20.0
463,2024-04-08,0.0,0.25654,-1.0,11.95,5.259375,0.0,0.25654,9.984e-32,0.0,-2.9802e-06,10.729,61.948,-7.9685,32.064,-0.0023598,-1000000.0,-1600.1,-17.4,0.0,16.757,8.7175,8.3842,0.41571,0.0,-1602.62,0.116,20.0
464,2024-04-09,0.0051,0.36322,4.225,15.375,8.84270833333333,0.0,0.36322,9.984e-32,0.0,-2.9802e-06,10.729,62.311,-7.9685,32.064,-0.0023628,-1000000.0,-1600.1,-17.403,0.0,16.757,8.7175,8.3842,0.41571,0.0,-1602.63,0.116,20.0
465,2024-04-10,0.0085,0.2286,-0.65,12.075,5.19375,0.0,0.2286,9.984e-32,0.0,-2.9802e-06,10.729,62.54,-7.9685,32.064,-0.0023658,-1000000.0,-1600.1,-17.406,0.0,16.757,8.7175,8.3842,0.41571,0.0,-1602.62,0.116,20.0
466,2024-04-11,0.0,0.30734,-2.4,16.925,7.57708333333333,0.0,0.30734,9.984e-32,0.0,-2.9802e-06,10.729,62.847,-7.9685,32.064,-0.0023688,-1000000.0,-1600.1,-17.409,0.0,16.757,8.7175,8.3842,0.41571,0.0,-1602.62,0.116,20.0
467,2024-04-12,0.0,0.3048,1.7,22.475,11.86875,0.0,0.3048,9.984e-32,0.0,-2.9802e-06,10.729,63.152,-7.9685,32.064,-0.0023718,-1000000.0,-1600.1,-17.412,0.0,16.757,8.7175,8.3842,0.41571,0.0,-1602.63,0.116,20.0
468,2024-04-13,0.0,0.381,7.675,22.875,14.7541666666667,0.0,0.381,9.984e-32,0.0,-2.9504e-06,10.729,63.533,-7.9685,32.064,-0.0023747,-1000000.0,-1600.1,-17.415,0.0,16.757,8.7175,8.3842,0.41571,0.0,-1602.62,0.116,20.0
469,2024-04-14,0.0901,0.30988,3.5,23.4,13.3427083333333,0.0,0.30988,9.984e-32,0.0,-2.9504e-06,10.729,63.843,-7.9685,32.064,-0.0023777,-1000000.0,-1600.1,-17.418,0.0,16.757,8.7175,8.3842,0.41571,0.0,-1602.62,0.116,20.0
470,2024-04-15,0.0,0.2921,5.65,21.35,12.6125,0.0,0.2921,9.984e-32,0.0,-2.9504e-06,10.729,64.135,-7.9685,32.064,-0.0023806,-1000000.0,-1600.1,-17.421,0.0,16.757,8.7175,8.3842,0.41571,0.0,-1602.63,0.116,20.0
471,2024-04-16,0.0,0.26162,-3.375,13.25,5.696875,0.0,0.26162,9.984e-32,0.0,-2.9504e-06,10.729,64.397,-7.9685,32.064,-0.0023836,-1000000.0,-1600.1,-17.424,0.0,16.757,8.7175,8.3842,0.41571,0.0,-1602.62,0.116,20.0
472,2024-04-17,0.0102,0.11938,-6.675,1.025,-1.67708333333333,0.0,0.11938,9.984e-32,0.0,-2.9504e-06,10.729,64.516,-7.9685,32.064,-0.0023865,-1000000.0,-1600.1,-17.427,0.0,16.757,8.7175,8.3842,0.41571,0.0,-1602.62,0.116,20.0
473,2024-04-18,0.0,0.1397,-8.675,3.975,-1.83020833333333,0.0,0.1397,9.984e-32,0.0,-2.9206e-06,10.729,64.656,-7.9685,32.064,-0.0023894,-1000000.0,-1600.1,-17.43,0.0,16.757,8.7175,8.3842,0.41571,0.0,-1602.63,0.116,20.0
474,2024-04-19,0.0,0.10414,-11.625,1.4,-3.765625,0.0,0.10414,9.984e-32,0.0,-2.9206e-06,10.729,64.76,-7.9685,32.064,-0.0023924,-1000000.0,-1600.1,-17.433,0.0,16.757,8.7175,8.3842,0.41571,0.0,-1602.62,0.116,20.0
475,2024-04-20,0.0,0.23622,-11.75,9.7,-0.378125,0.0,0.23622,9.984e-32,0.0,-2.9206e-06,10.729,64.996,-7.9685,32.064,-0.0023953,-1000000.0,-1600.1,-17.436,0.0,16.757,8.7175,8.3842,0.41571,0.0,-1602.62,0.116,20.0
476,2024-04-21,0.0,0.43434,-0.725,17.125,8.09166666666667,0.0,0.43434,9.984e-32,0.0,-2.9206e-06,10.729,65.43,-7.9685,32.064,-0.0023982,-1000000.0,-1600.1,-17.439,0.0,16.757,8.7175,8.3842,0.41571,0.0,-1602.63,0.116,20.0
477,2024-04-22,0.0,0.35052,0.575,15.9,7.528125,0.0,0.35052,9.984e-32,0.0,-2.8908e-06,10.729,65.781,-7.9685,32.064,-0.0024011,-1000000.0,-1600.1,-17.442,0.0,16.757,8.7175,8.3842,0.41571,0.0,-1602.62,0.116,20.0
478,2024-04-23,0.0,0.32512,-3.2,16.0,7.665625,0.0,0.32512,9.984e-32,0.0,-2.8908e-06,10.729,66.106,-7.9685,32.064,-0.002404,-1000000.0,-1600.1,-17.445,0.0,16.757,8.7175,8.3842,0.41571,0.0,-1602.62,0.116,20.0
479,2024-04-24,0.0,0.44704,0.75,22.975,13.1,0.0,0.44704,9.984e-32,0.0,-2.8908e-06,10.729,66.553,-7.9685,32.064,-0.0024069,-1000000.0,-1600.1,-17.448,0.0,16.757,8.7175,8.3842,0.41571,0.0,-1602.63,0.116,20.0
480,2024-04-25,0.0,0.27432,1.325,18.175,12.0291666666667,0.0,0.27432,9.984e-32,0.0,-2.8908e-06,10.729,66.827,-7.9685,32.064,-0.0024098,-1000000.0,-1600.1,-17.451,0.0,16.757,8.7175,8.3842,0.41571,0.0,-1602.62,0.116,20.0
481,2024-04-26,0.0,0.254,-1.7,14.925,7.89166666666667,0.0,0.254,9.984e-32,0.0,-2.8908e-06,10.729,67.081,-7.9685,32.064,-0.0024126,-1000000.0,-1600.1,-17.454,0.0,16.757,8.7175,8.3842,0.41571,0.0,-1602.62,0.116,20.0
482,2024-04-27,0.5938,0.12954,3.95,8.65,5.98020833333333,0.0,0.12954,9.984e-32,0.0,-2.861e-06,10.729,67.211,-7.9685,32.064,-0.0024155,-1000000.0,-1600.1,-17.457,0.0,16.757,8.7175,8.3842,0.41571,0.0,-1602.63,0.116,20.0
483,2024-04-28,0.0034,0.35306,4.075,15.6,9.42604166666667,0.0,0.35306,9.984e-32,0.0,-2.861e-06,10.729,67.564,-7.9685,32.064,-0.0024184,-1000000.0,-1600.1,-17.46,0.0,16.757,8.7175,8.3842,0.41571,0.0,-1602.62,0.116,20.0
484,2024-04-29,0.0,0.32004,2.575,13.0,7.91770833333333,0.0,0.32004,9.984e-32,0.0,-2.861e-06,10.729,67.884,-7.9685,32.064,-0.0024212,-1000000.0,-1600.1,-17.463,0.0,16.757,8.7175,8.3842,0.41571,0.0,-1602.62,0.116,20.0
485,2024-04-30,0.0,0.29464,-2.9,12.2,4.46041666666667,0.0,0.29464,9.984e-32,0.0,-2.861e-06,10.729,68.179,-7.9685,32.064,-0.0024241,-1000000.0,-1600.1,-17.465,0.0,16.757,8.7175,8.3842,0.41571,0.0,-1602.63,0.116,20.0
486,2024-05-01,0.1156,0.19558,-5.575,8.2,2.05,0.0,0.19558,9.984e-32,0.0,-2.861e-06,10.729,68.374,-7.9685,32.064,-0.002427,-1000000.0,-1600.0,-17.468,0.0,16.757,8.7175,8.3842,0.41571,0.0,-1602.62,0.116,20.0
487,2024-05-02,0.4098,0.13208,-0.425,5.45,1.63333333333333,0.0,0.13208,9.984e-32,0.0,-2.8312e-06,10.729,68.506,-7.9685,32.064,-0.0024298,-1000000.0,-1600.0,-17.471,0.0,16.757,8.7175,8.3842,0.41571,0.0,-1602.62,0.116,20.0
488,2024-05-03,0.0119,0.19558,-1.4,9.775,3.46041666666667,0.0,0.19558,9.984e-32,0.0,-2.8312e-06,10.729,68.702,-7.9685,32.064,-0.0024326,-1000000.0,-1600.0,-17.474,0.0,16.757,8.7175,8.3842,0.41571,0.0,-1602.63,0.116,20.0
489,2024-05-04,0.0,0.32766,-3.95,15.875,7.5375,0.0,0.32766,9.984e-32,0.0,-2.8312e-06,10.729,69.03,-7.9685,32.064,-0.0024355,-1000000.0,-1600.0,-17.477,0.0,16.757,8.7175,8.3842,0.41571,0.0,-1602.62,0.116,20.0
490,2024-05-05,0.0,0.22606,4.325,15.525,9.046875,0.0,0.22606,9.984e-32,0.0,-2.8312e-06,10.729,69.256,-7.9685,32.064,-0.0024383,-1000000.0,-1600.0,-17.48,0.0,16.757,8.7175,8.3842,0.41571,0.0,-1602.62,0.116,20.0
491,2024-05-06,0.0,0.30226,4.3,16.0,9.90520833333333,0.0,0.30226,9.984e-32,0.0,-2.8312e-06,10.729,69.558,-7.9685,32.064,-0.0024411,-1000000.0,-1600.0,-17.483,0.0,16.757,8.7174,8.3842,0.41571,0.0,-1602.63,0.116,20.0
492,2024-05-07,1.4485,0.12954,0.85,8.225,5.53229166666667,0.0,0.12954,9.984e-32,0.0,-2.8014e-06,10.729,69.688,-7.9685,32.064,-0.002444,-1000000.0,-1600.0,-17.486,0.0,16.757,8.7174,8.3842,0.41571,0.0,-1602.62,0.116,20.0
493,2024-05-08,1.0762,0.04572,0.1,4.125,1.85866666666667,0.0,0.04572,9.984e-32,0.0,-2.8014e-06,10.729,69.733,-7.9685,32.064,-0.0024468,-1000000.0,-1600.0,-17.488,0.0,16.757,8.7174,8.3842,0.41571,0.0,-1602.62,0.116,20.0
494,2024-05-09,0.1497,0.2667,3.95,17.55,9.71458333333333,0.0,0.2667,9.984e-32,0.0,-2.8014e-06,10.729,70.0,-7.9685,32.064,-0.0024496,-1000000.0,-1600.0,-17.491,0.0,16.757,8.7174,8.3842,0.41571,0.0,-1602.63,0.116,20.0
495,2024-05-10,0.0034,0.39878,1.6,21.575,12.615625,0.0,0.39878,9.984e-32,0.0,-2.8014e-06,10.729,70.399,-7.9685,32.064,-0.0024524,-1000000.0,-1600.0,-17.494,0.0,16.757,8.7174,8.3842,0.41571,0.0,-1602.62,0.116,20.0
496,2024-05-11,0.0,0.42926,6.8,26.0,17.175,0.0,0.42926,9.984e-32,0.0,-2.8014e-06,10.729,70.828,-7.9685,32.064,-0.0024552,-1000000.0,-1600.0,-17.497,0.0,16.757,8.7174,8.3842,0.41571,0.0,-1602.62,0.116,20.0
497,2024-05-12,0.0,0.42418,5.625,25.6,15.7104166666667,0.0,0.42418,9.984e-32,0.0,-2.7716e-06,10.729,71.252,-7.9685,32.064,-0.0024579,-1000000.0,-1600.0,-17.5,0.0,16.757,8.7174,8.3842,0.41571,0.0,-1602.63,0.116,20.0
498,2024-05-13,0.0391,0.381,7.9,24.775,15.6208333333333,0.0,0.381,9.984e-32,0.0,-2.7716e-06,10.729,71.633,-7.9685,32.064,-0.0024607,-1000000.0,-1600.0,-17.503,0.0,16.757,8.7174,8.3842,0.41571,0.0,-1602.62,0.116,20.0
499,2024-05-14,0.1395,0.21844,7.225,16.45,11.0875,0.0,0.21844,9.984e-32,0.0,-2.7716e-06,10.729,71.852,-7.9685,32.064,-0.0024635,-1000000.0,-1600.0,-17.505,0.0,16.757,8.7174,8.3842,0.41571,0.0,-1602.62,0.116,20.0
500,2024-05-15,0.0,0.35814,7.6,21.575,14.1708333333333,0.0,0.35814,9.984e-32,0.0,-2.7716e-06,10.729,72.21,-7.9685,32.064,-0.0024663,-1000000.0,-1600.0,-17.508,0.0,16.757,8.7174,8.3842,0.41571,0.0,-1602.63,0.116,20.0
501,2024-05-16,0.0,0.48006,9.725,23.3,16.353125,0.0,0.48006,9.984e-32,0.0,-2.7716e-06,10.729,72.69,-7.9685,32.064,-0.002469,-1000000.0,-1600.0,-17.511,0.0,16.757,8.7174,8.3842,0.41571,0.0,-1602.62,0.116,20.0
502,2024-05-17,0.1243,0.36068,1.95,15.95,10.1802083333333,0.0,0.36068,9.984e-32,0.0,-2.7418e-06,10.729,73.05,-7.9685,32.064,-0.0024718,-1000000.0,-1600.0,-17.514,0.0,16.757,8.7174,8.3842,0.41571,0.0,-1602.62,0.116,20.0
503,2024-05-18,0.0,0.35306,0.0,15.525,8.0875,0.0,0.35306,9.984e-32,0.0,-2.7418e-06,10.729,73.404,-7.9685,32.064,-0.0024745,-1000000.0,-1600.0,-17.517,0.0,16.757,8.7174,8.3842,0.41571,0.0,-1602.63,0.116,20.0
504,2024-05-19,0.1803,0.24892,2.325,13.25,7.271875,0.0,0.24892,9.984e-32,0.0,-2.7418e-06,10.729,73.652,-7.9685,32.064,-0.0024773,-1000000.0,-1600.0,-17.519,0.0,16.757,8.7174,8.3842,0.41571,0.0,-1602.62,0.116,20.0
505,2024-05-20,0.0051,0.29718,-1.125,15.275,6.74583333333333,0.0,0.29718,9.984e-32,0.0,-2.7418e-06,10.729,73.95,-7.9685,32.064,-0.00248,-1000000.0,-1600.0,-17.522,0.0,16.757,8.7174,8.3842,0.41571,0.0,-1602.62,0.116,20.0
506,2024-05-21,0.0085,0.28956,-1.2,16.0,8.71770833333333,0.0,0.28956,9.984e-32,0.0,-2.7418e-06,10.729,74.239,-7.9685,32.064,-0.0024827,-1000000.0,-1600.0,-17.525,0.0,16.757,8.7174,8.3842,0.41571,0.0,-1602.63,0.116,20.0
507,2024-05-22,0.7844,0.23368,6.175,14.175,9.075,0.0,0.23368,9.984e-32,0.0,-2.712e-06,10.729,74.473,-7.9685,32.064,-0.0024855,-1000000.0,-1600.0,-17.528,0.0,16.757,8.7174,8.3842,0.41571,0.0,-1602.62,0.116,20.0
508,2024-05-23,0.3556,0.25654,3.85,12.85,8.15520833333333,0.0,0.25654,9.984e-32,0.0,-2.712e-06,10.729,74.729,-7.9685,32.064,-0.0024882,-1000000.0,-1600.0,-17.531,0.0,16.757,8.7174,8.3842,0.41571,0.0,-1602.62,0.116,20.0
509,2024-05-24,0.0,0.39878,4.65,17.3,10.7052083333333,0.0,0.39878,9.984e-32,0.0,-2.712e-06,10.729,75.128,-7.9685,32.064,-0.0024909,-1000000.0,-1600.0,-17.533,0.0,16.757,8.7174,8.3842,0.41571,0.0,-1602.63,0.116,20.0
510,2024-05-25,0.0,0.31496,1.35,18.525,9.8625,0.0,0.31496,9.984e-32,0.0,-2.712e-06,10.729,75.443,-7.9685,32.064,-0.0024936,-1000000.0,-1600.0,-17.536,0.0,16.757,8.7174,8.3842,0.41571,0.0,-1602.62,0.116,20.0
511,2024-05-26,0.0,0.42164,4.45,18.125,10.9333333333333,0.0,0.42164,9.984e-32,0.0,-2.712e-06,10.729,75.865,-7.9685,32.064,-0.0024963,-1000000.0,-1600.0,-17.539,0.0,16.757,8.7174,8.3842,0.41571,0.0,-1602.62,0.116,20.0
512,2024-05-27,0.0,0.41148,3.15,22.95,13.8697916666667,0.0,0.41148,9.984e-32,0.0,-2.6822e-06,10.729,76.276,-7.9685,32.064,-0.002499,-1000000.0,-1600.0,-17.542,0.0,16.757,8.7174,8.3842,0.41571,0.0,-1602.63,0.116,20.0
513,2024-05-28,0.0885,0.4699,2.975,27.05,15.3177083333333,0.0,0.4699,9.984e-32,0.0,-2.6822e-06,10.729,76.746,-7.9685,32.064,-0.0025017,-1000000.0,-1600.0,-17.544,0.0,16.757,8.7174,8.3842,0.41571,0.0,-1602.62,0.116,20.0
514,2024-05-29,0.2349,0.41148,7.775,18.825,13.6041666666667,0.0,0.41148,9.984e-32,0.0,-2.6822e-06,10.729,77.158,-7.9685,32.064,-0.0025044,-1000000.0,-1600.0,-17.547,0.0,16.757,8.7174,8.3842,0.41571,0.0,-1602.62,0.116,20.0
515,2024-05-30,0.0,0.36576,2.35,16.8,10.0135416666667,0.0,0.36576,9.984e-32,0.0,-2.6822e-06,10.729,77.523,-7.9685,32.064,-0.002507,-1000000.0,-1600.0,-17.55,0.0,16.757,8.7174,8.3842,0.41571,0.0,-1602.63,0.116,20.0
516,2024-05-31,0.0,0.40132,0.8,19.7,10.6260416666667,0.0,0.40132,9.984e-32,0.0,-2.6822e-06,10.729,77.925,-7.9685,32.064,-0.0025097,-1000000.0,-1600.0,-17.552,0.0,16.757,8.7174,8.3842,0.41571,0.0,-1602.62,0.116,20.0
517,2024-06-01,0.0,0.3683,0.05,22.075,12.871875,0.0,0.3683,9.984e-32,0.0,-2.6524e-06,10.729,78.293,-7.9685,32.064,-0.0025124,-1000000.0,-1600.5,-17.555,0.0,16.757,8.7174,8.3842,0.41571,0.0,-1602.62,0.116,20.0
518,2024-06-02,0.0,0.41148,7.875,21.3,15.5416666666667,0.0,0.41148,9.984e-32,0.0,-2.6524e-06,10.729,78.704,-7.9685,32.064,-0.002515,-1000000.0,-1600.5,-17.558,0.0,16.757,8.7174,8.3842,0.41571,0.0,-1602.63,0.116,20.0
519,2024-06-03,0.0,0.46482,8.275,19.75,14.65,0.0,0.46482,9.984e-32,0.0,-2.6524e-06,10.729,79.169,-7.9685,32.064,-0.0025177,-1000000.0,-1600.5,-17.561,0.0,16.757,8.7174,8.3842,0.41571,0.0,-1602.62,0.116,20.0
520,2024-06-04,0.0,0.47752,7.375,19.7,12.3802083333333,0.0,0.47752,9.984e-32,0.0,-2.6524e-06,10.729,79.647,-7.9685,32.064,-0.0025204,-1000000.0,-1600.5,-17.563,0.0,16.757,8.7174,8.3842,0.41571,0.0,-1602.62,0.116,20.0
521,2024-06-05,0.0,0.4445,7.375,22.775,14.9489583333333,0.0,0.4445,9.984e-32,0.0,-2.6524e-06,10.729,80.091,-7.9685,32.064,-0.002523,-1000000.0,-1600.5,-17.566,0.0,16.757,8.7174,8.3842,0.41571,0.0,-1602.63,0.116,20.0
522,2024-06-06,0.0,0.44196,3.6,25.925,15.89375,0.0,0.44196,9.984e-32,0.0,-2.6524e-06,10.729,80.533,-7.9685,32.064,-0.0025257,-1000000.0,-1600.5,-17.569,0.0,16.757,8.7174,8.3842,0.41571,0.0,-1602.62,0.116,20.0
523,2024-06-07,0.0,0.42672,6.225,21.75,15.04375,0.0,0.42672,9.984e-32,0.0,-2.6226e-06,10.729,80.96,-7.9685,32.064,-0.0025283,-1000000.0,-1600.5,-17.571,0.0,16.757,8.7174,8.3842,0.41571,0.0,-1602.62,0.116,20.0
524,2024-06-08,0.0,0.41656,3.55,23.05,14.2875,0.0,0.41656,9.984e-32,0.0,-2.6226e-06,10.729,81.377,-7.9685,32.064,-0.0025309,-1000000.0,-1600.5,-17.574,0.0,16.757,8.7174,8.3842,0.41571,0.0,-1602.63,0.116,20.0
525,2024-06-09,0.0,0.39878,2.7,21.2,13.6229166666667,0.0,0.39878,9.984e-32,0.0,-2.6226e-06,10.729,81.775,-7.9685,32.064,-0.0025335,-1000000.0,-1600.5,-17.577,0.0,16.757,8.7174,8.3842,0.41571,0.0,-1602.62,0.116,20.0
526,2024-06-10,0.1173,0.45974,12.875,25.2,18.5552083333333,0.0,0.45974,9.984e-32,0.0,-2.6226e-06,10.729,82.235,-7.9685,32.064,-0.0025361,-1000000.0,-1600.5,-17.579,0.0,16.757,8.7174,8.3842,0.41571,0.0,-1602.62,0.116,20.0
527,2024-06-11,0.0,0.55118,10.25,28.1,19.2333333333333,0.0,0.55118,9.984e-32,0.0,-2.6226e-06,10.729,82.786,-7.9685,32.064,-0.0025388,-1000000.0,-1600.5,-17.582,0.0,16.757,8.7174,8.3842,0.41571,0.0,-1602.63,0.116,20.0
528,2024-06-12,0.0,0.5207,6.5,25.4,17.9635416666667,-1.524,0.5207,-0.81919,0.060692,-2.5308e-06,9.205,83.307,-9.2565,32.118,-0.0025402,0.0,-1434.0,-17.584,0.70481,16.996,9.9502,9.6722,0.41571,0.0,-1602.63,0.116,20.0
529,2024-06-13,0.0,0.45466,2.55,25.225,15.58125,-1.524,0.45466,-0.6248,0.10392,-2.3519e-06,7.681,83.761,-9.9392,32.207,-0.0025429,0.0,-1327.2,-17.586,0.8992,17.838,10.545,10.355,0.41571,0.0,-1602.63,0.116,20.0
530,2024-06-14,0.0,0.41656,5.4,28.675,17.7677083333333,-1.524,0.41656,-0.5477,0.090201,-3.0295e-06,6.157,84.178,-10.518,32.295,-0.0025455,0.0,-1241.1,-17.589,0.9763,18.783,11.035,10.934,0.41571,0.0,-1602.63,0.116,20.0
531,2024-06-15,0.1258,0.32766,6.075,20.8,12.496875,-1.6498,0.32766,-0.52568,0.072553,-2.2621e-06,4.5072,84.506,-11.053,32.369,-0.0025482,0.0,-1165.5,-17.592,1.1241,19.898,11.496,11.469,0.41571,0.0,-1602.63,0.116,20.0
532,2024-06-16,0.0612,0.4318,5.1,17.55,11.1666666666667,-1.5852,0.4318,-0.50856,0.092529,-2.3407e-06,2.922,84.938,-11.57,32.471,-0.0025508,0.0,-1107.5,-17.594,1.0766,20.966,11.911,11.985,0.41571,0.0,-1602.63,0.116,20.0
533,2024-06-17,2.0693,0.09652,4.25,6.625,5.37916666666667,-3.5933,0.09652,-0.50527,0.019996,-2.0772e-06,-0.67128,85.034,-12.074,32.491,-0.0025535,0.0,-1048.2,-17.597,3.088,24.055,12.395,12.49,0.41571,0.0,-1602.63,0.116,20.0
534,2024-06-18,0.4488,0.23368,2.85,12.575,7.25729166666667,0.0,0.23368,2.3749e-08,0.1365,-2.5941e-06,-0.67128,85.268,-12.074,32.628,-0.0025561,-10.463,-1030.1,-17.6,0.0,24.055,12.26,12.49,0.41571,0.0,-1602.63,0.116,20.0
535,2024-06-19,0.2366,0.37592,0.625,19.575,10.209375,0.0,0.37592,1.1292e-08,0.21352,-2.5829e-06,-0.67128,85.644,-12.074,32.843,-0.0025586,-12.211,-1041.3,-17.602,0.0,24.055,12.064,12.49,0.41571,0.0,-1602.63,0.116,20.0
536,2024-06-20,0.017,0.4191,1.275,23.0,13.3677083333333,0.0,0.4191,-7.1013e-09,0.23357,-2.5481e-06,-0.67128,86.063,-12.074,33.078,-0.0025612,-13.572,-1052.7,-17.605,0.0,24.055,11.836,12.49,0.41571,0.0,-1602.63,0.116,20.0
537,2024-06-21,0.423,0.33528,5.225,22.075,13.5125,0.0,0.33528,5.5297e-09,0.18522,-2.563e-06,-0.67128,86.398,-12.074,33.263,-0.0025638,-14.499,-1060.4,-17.607,0.0,24.055,11.626,12.49,0.41571,0.0,-1602.63,0.116,20.0
538,2024-06-22,0.0051,0.42672,6.725,27.45,17.715625,0.0,0.42672,-6.8976e-09,0.23445,-2.563e-06,-0.67128,86.825,-12.074,33.498,-0.0025663,-14.954,-1066.7,-17.61,0.0,24.055,11.416,12.49,0.41571,0.0,-1602.63,0.116,20.0
539,2024-06-23,0.0,0.55626,9.6,30.625,20.9,0.0,0.55626,-9.4005e-09,0.30479,-2.5332e-06,-0.67128,87.381,-12.074,33.803,-0.0025689,-15.368,-1073.9,-17.613,0.0,24.055,11.146,12.49,0.41571,0.0,-1602.63,0.116,20.0
540,2024-06-24,0.0119,0.49022,10.15,27.5,19.7397727272727,0.0,0.49022,-1.1874e-08,0.26848,-2.5332e-06,-0.67128,87.871,-12.074,34.071,-0.0025714,-15.874,-1082.5,-17.615,0.0,24.055,10.86,12.49,0.41571,0.0,-1602.63,0.116,20.0
541,2024-06-25,0.0,0.41148,6.525,24.95,16.6666666666667,0.0,0.41148,-9.4296e-09,0.22534,-2.5332e-06,-0.67128,88.283,-12.074,34.297,-0.0025739,-16.431,-1091.8,-17.618,0.0,24.055,10.613,12.49,0.41571,0.0,-1602.63,0.116,20.0
542,2024-06-26,0.1191,0.44196,5.55,28.55,18.09375,0.0,0.44196,8.0909e-09,0.24203,-2.5332e-06,-0.67128,88.725,-12.074,34.539,-0.0025765,-16.994,-1103.3,-17.62,0.0,24.055,10.379,12.49,0.41571,0.0,-1602.63,0.116,20.0
543,2024-06-27,1.0032,0.32258,10.975,19.175,14.7322916666667,0.0,0.32258,9.8371e-09,0.17665,-2.5332e-06,-0.67128,89.047,-12.074,34.715,-0.002579,-17.524,-1117.0,-17.623,0.0,24.055,10.17,12.49,0.41571,0.0,-1602.63,0.116,20.0
544,2024-06-28,0.0953,0.21844,7.875,15.275,11.94375,0.0,0.21844,-2.5029e-09,0.11962,-2.5332e-06,-0.67128,89.266,-12.074,34.835,-0.0025815,-17.959,-1129.4,-17.626,0.0,24.055,10.022,12.49,0.41571,0.0,-1602.63,0.116,20.0
545,2024-06-29,0.0102,0.37592,3.0,21.975,13.6864583333333,0.0,0.37592,1.5047e-08,0.20586,-2.5034e-06,-0.67128,89.642,-12.074,35.041,-0.0025841,-18.295,-1147.3,-17.628,0.0,24.055,9.8588,12.49,0.41571,0.0,-1602.63,0.116,20.0
546,2024-06-30,0.1293,0.26924,10.1,21.3,15.3645833333333,0.0,0.26924,5.2532e-09,0.14744,-2.5034e-06,-0.67128,89.911,-12.074,35.188,-0.0025866,-18.54,-1173.8,-17.631,0.0,24.055,9.6822,12.49,0.41571,0.0,-1602.63,0.116,20.0
547,2024-07-01,0.0613,0.37084,10.775,24.25,16.6302083333333,0.0,0.37084,-7.2614e-09,0.20308,-2.5034e-06,-0.67128,90.282,-12.074,35.391,-0.0025891,-18.698,-1212.4,-17.633,0.0,24.055,9.5069,12.49,0.41571,0.0,-1602.63,0.116,20.0
548,2024-07-02,0.0,0.42672,10.675,25.875,17.69375,-1.397,0.42672,-0.72468,0.19489,0.0,-2.0683,90.708,-13.173,35.611,-0.0025906,0.0,-1183.1,-17.635,0.67232,24.355,10.385,13.588,0.41571,0.0,-1602.63,0.116,20.0
549,2024-07-03,0.6927,0.24638,9.875,19.625,12.69375,0.0,0.24638,3.1199e-08,0.12265,-2.5146e-06,-2.0683,90.955,-13.173,35.739,-0.0025931,-10.754,-1218.4,-17.637,0.0,24.355,10.256,13.588,0.41571,0.0,-1602.63,0.116,20.0
550,2024-07-04,0.0119,0.35814,9.35,21.825,15.8885416666667,-2.8059,0.35814,-0.58358,0.1325,-1.9941e-06,-4.8742,91.313,-13.844,35.882,-0.0025956,0.0,-1198.8,-17.64,2.2223,26.49,10.784,14.259,0.41571,0.0,-1602.63,0.116,20.0
551,2024-07-05,0.0374,0.37592,9.35,23.55,16.3864583333333,0.0,0.37592,7.4506e-09,0.16034,-2.4885e-06,-4.8742,91.689,-13.844,36.054,-0.0025981,-11.073,-1237.0,-17.642,0.0,26.49,10.609,14.259,0.41571,0.0,-1602.63,0.116,20.0
552,2024-07-06,0.1683,0.34798,11.75,24.425,16.828125,-2.9623,0.34798,-0.54587,0.096536,-2.6957e-06,-7.8365,92.037,-14.454,36.161,-0.0026005,0.0,-1192.8,-17.645,2.4164,28.842,11.111,14.869,0.41571,0.0,-1602.63,0.116,20.0
553,2024-07-07,0.0153,0.4445,9.35,28.35,19.5072916666667,0.0,0.4445,3.3528e-08,0.18593,-2.4665e-06,-7.8365,92.481,-14.454,36.351,-0.002603,-11.253,-1215.9,-17.647,0.0,28.842,10.92,14.869,0.41571,0.0,-1602.63,0.116,20.0
554,2024-07-08,0.0,0.46228,9.675,32.35,22.5375,-2.794,0.46228,-0.53401,0.1277,-2.1364e-06,-10.63,92.944,-15.048,36.475,-0.0026054,0.0,-1179.5,-17.65,2.26,31.042,11.389,15.464,0.41571,0.0,-1602.63,0.116,20.0
555,2024-07-09,0.0,0.4572,10.55,32.675,23.1989583333333,0.0,0.4572,-1.7229e-08,0.20205,-2.4179e-06,-10.63,93.401,-15.048,36.68,-0.0026079,-11.276,-1188.0,-17.652,0.0,31.042,11.184,15.464,0.41571,0.0,-1602.63,0.116,20.0
556,2024-07-10,0.0,0.47752,11.25,36.75,24.376619047619,-2.794,0.47752,-0.52442,0.10614,-2.5211e-06,-13.424,93.878,-15.632,36.808,-0.0026103,0.0,-1160.2,-17.655,2.2696,33.252,11.638,16.047,0.41571,0.0,-1602.63,0.116,20.0
557,2024-07-11,0.0443,0.4318,15.075,35.075,24.3770833333333,-1.4413,0.4318,-0.50552,0.094461,-2.5828e-06,-14.866,94.31,-16.145,36.91,-0.0026127,0.0,-1101.3,-17.657,0.93578,34.181,12.048,16.56,0.41571,0.0,-1602.63,0.116,20.0
558,2024-07-12,0.0,0.43688,10.225,30.2,21.3583333333333,0.0,0.43688,2.5611e-09,0.22636,-2.4336e-06,-14.866,94.747,-16.145,37.138,-0.0026152,-11.113,-1096.1,-17.66,0.0,34.181,11.822,16.56,0.41571,0.0,-1602.63,0.116,20.0
559,2024-07-13,0.0,0.44958,10.175,33.55,22.7614583333333,0.0,0.44958,1.5483e-08,0.22825,-2.4637e-06,-14.866,95.197,-16.145,37.368,-0.0026176,-12.912,-1107.5,-17.662,0.0,34.181,11.593,16.56,0.41571,0.0,-1602.63,0.116,20.0
560,2024-07-14,0.0,0.42672,10.775,34.075,23.2291666666667,0.0,0.42672,-1.2806e-08,0.21465,-2.4438e-06,-14.866,95.623,-16.145,37.583,-0.0026201,-14.182,-1115.0,-17.665,0.0,34.181,11.371,16.56,0.41571,0.0,-1602.63,0.116,20.0
561,2024-07-15,0.0,0.4826,10.55,34.225,22.7958333333333,0.0,0.4826,-3.5216e-09,0.24162,-2.4438e-06,-14.866,96.106,-16.145,37.825,-0.0026225,-14.818,-1121.2,-17.667,0.0,34.181,11.142,16.56,0.41571,0.0,-1602.63,0.116,20.0
562,2024-07-16,0.0,0.46228,9.7,35.1,23.2583333333333,0.0,0.46228,1.5716e-09,0.23119,-2.414e-06,-14.866,96.568,-16.145,38.056,-0.0026249,-15.263,-1127.1,-17.67,0.0,34.181,10.906,16.56,0.41571,0.0,-1602.63,0.116,20.0
563,2024-07-17,0.0,0.45212,11.35,36.625,24.59375,0.0,0.45212,6.2864e-09,0.22607,-2.414e-06,-14.866,97.02,-16.145,38.282,-0.0026273,-15.763,-1133.8,-17.672,0.0,34.181,10.677,16.56,0.41571,0.0,-1602.63,0.116,20.0
564,2024-07-18,0.0408,0.37592,12.175,34.1,23.31875,0.0,0.37592,-7.858e-09,0.18796,-2.414e-06,-14.866,97.396,-16.145,38.47,-0.0026298,-16.307,-1141.3,-17.675,0.0,34.181,10.47,16.56,0.41571,0.0,-1602.63,0.116,20.0
565,2024-07-19,0.0,0.40894,10.5,34.6,23.121875,0.0,0.40894,1.1001e-08,0.20447,-2.414e-06,-14.866,97.805,-16.145,38.674,-0.0026322,-16.856,-1150.5,-17.677,0.0,34.181,10.274,16.56,0.41571,0.0,-1602.63,0.116,20.0
566,2024-07-20,0.0,0.41402,12.25,34.6,24.3864583333333,0.0,0.41402,7.6834e-09,0.20701,-2.414e-06,-14.866,98.219,-16.145,38.881,-0.0026346,-17.386,-1163.2,-17.679,0.0,34.181,10.068,16.56,0.41571,0.0,-1602.63,0.116,20.0
567,2024-07-21,0.0,0.37084,11.225,32.9,22.7166666666667,0.0,0.37084,-1.1758e-08,0.18542,-2.414e-06,-14.866,98.59,-16.145,39.067,-0.002637,-17.859,-1180.0,-17.682,0.0,34.181,9.8721,16.56,0.41571,0.0,-1602.63,0.116,20.0
568,2024-07-22,0.0,0.38608,10.85,34.65,22.9427083333333,0.0,0.38608,-1.4174e-08,0.19304,-2.3842e-06,-14.866,98.976,-16.145,39.26,-0.0026394,-18.249,-1202.9,-17.684,0.0,34.181,9.6829,16.56,0.41571,0.0,-1602.63,0.116,20.0
569,2024-07-23,0.0,0.4826,15.625,38.325,26.4958333333333,0.0,0.4826,2.7067e-09,0.2413,-2.3842e-06,-14.866,99.459,-16.145,39.501,-0.0026418,-18.537,-1243.4,-17.687,0.0,34.181,9.4657,16.56,0.41571,0.0,-1602.63,0.116,20.0
570,2024-07-24,0.0,0.55626,12.65,37.5,26.8208333333333,0.0,0.55626,9.7643e-09,0.21775,-2.3842e-06,-14.866,100.01,-16.145,39.739,-0.0026442,-18.725,-1331.6,-17.689,0.0,34.181,9.2161,16.56,0.41571,0.0,-1602.63,0.116,20.0
571,2024-07-25,0.0,0.58928,15.75,33.25,25.471875,0.0,0.58928,-2.9249e-09,0.1052,-2.3842e-06,-14.866,100.6,-16.145,39.878,-0.0026465,-18.918,-1465.5,-17.692,0.0,34.181,9.0213,16.56,0.41571,0.0,-1602.63,0.116,20.0
572,2024-07-26,0.0,0.47244,8.225,29.3,18.2708333333333,0.0,0.47244,7.1595e-09,0.032473,-2.3842e-06,-14.866,101.08,-16.145,39.921,-0.0026489,-19.168,-1550.7,-17.694,0.0,34.181,8.9412,16.56,0.41571,0.0,-1602.63,0.116,20.0
573,2024-07-27,0.0,0.4064,5.95,31.25,18.9802083333333,0.0,0.4064,-2.6776e-09,0.0094867,-2.3842e-06,-14.866,101.48,-16.145,39.934,-0.0026513,-19.425,-1585.0,-17.696,0.0,34.181,8.9167,16.56,0.41571,0.0,-1602.63,0.116,20.0
574,2024-07-28,0.0,0.3429,5.6,28.55,17.6729166666667,0.0,0.3429,9.0222e-09,0.0025384,-2.3544e-06,-14.866,101.83,-16.145,39.938,-0.0026537,-19.674,-1595.9,-17.699,0.0,34.181,8.9098,16.56,0.41571,0.0,-1602.63,0.116,20.0
575,2024-07-29,0.0,0.44196,8.7,31.675,20.7510416666667,0.0,0.44196,-3.0414e-09,0.00073648,-2.3544e-06,-14.866,102.27,-16.145,39.939,-0.002656,-19.909,-1599.3,-17.701,0.0,34.181,8.9078,16.56,0.41571,0.0,-1602.63,0.116,20.0
576,2024-07-30,0.0085,0.381,13.925,25.75,19.8791666666667,0.0,0.381,-1.4392e-08,0.00028608,-2.3544e-06,-14.866,102.65,-16.145,39.939,-0.0026584,-20.131,-1600.0,-17.704,0.0,34.181,8.9072,16.56,0.41571,0.0,-1602.63,0.116,20.0
577,2024-07-31,0.0,0.4699,12.75,29.9,21.2708333333333,0.0,0.4699,-8.2073e-09,0.00022991,-2.3544e-06,-14.866,103.12,-16.145,39.939,-0.0026607,-20.34,-1600.1,-17.706,0.0,34.181,8.9069,16.56,0.41571,0.0,-1602.63,0.116,20.0
578,2024-08-01,0.0,0.41402,8.9,33.775,22.7385416666667,0.0,0.41402,1.2587e-08,0.0001978,-2.3544e-06,-14.866,103.53,-16.145,39.94,-0.0026631,-20.537,-1600.1,-17.708,0.0,34.181,8.9067,16.56,0.41571,0.0,-1602.63,0.116,20.0
579,2024-08-02,0.0,0.42926,13.0,38.75,25.8052083333333,0.0,0.42926,8.1636e-09,0.0001902,-2.3544e-06,-14.866,103.96,-16.145,39.94,-0.0026654,-20.722,-1600.2,-17.711,0.0,34.181,8.9065,16.56,0.41571,0.0,-1602.63,0.116,20.0
580,2024-08-03,0.0,0.36322,11.075,37.725,23.6145833333333,0.0,0.36322,-5.3842e-10,0.00017211,-2.3246e-06,-14.866,104.33,-16.145,39.94,-0.0026678,-20.896,-1600.2,-17.713,0.0,34.181,8.9063,16.56,0.41571,0.0,-1602.63,0.116,20.0
581,2024-08-04,0.1207,0.13208,14.5,23.95,17.85625,0.0,0.13208,-9.7643e-09,0.00010611,-2.3246e-06,-14.866,104.46,-16.145,39.94,-0.0026701,-21.06,-1600.1,-17.716,0.0,34.181,8.9062,16.56,0.41571,0.0,-1602.63,0.116,20.0
582,2024-08-05,0.0238,0.33274,13.4,28.775,20.4125,0.0,0.33274,1.1249e-08,0.00018854,-2.3246e-06,-14.866,104.79,-16.145,39.94,-0.0026724,-21.214,-1600.1,-17.718,0.0,34.181,8.906,16.56,0.41571,0.0,-1602.63,0.116,20.0
583,2024-08-06,0.1327,0.34544,13.1,29.075,19.9083333333333,0.0,0.34544,-2.8376e-09,0.00015761,-2.3246e-06,-14.866,105.14,-16.145,39.94,-0.0026747,-21.359,-1600.2,-17.72,0.0,34.181,8.9058,16.56,0.41571,0.0,-1602.63,0.116,20.0
584,2024-08-07,0.558,0.11938,10.0,16.025,13.6145833333333,0.0,0.11938,-1.4072e-08,8.6603e-05,-2.3246e-06,-14.866,105.25,-16.145,39.941,-0.0026771,-21.495,-1600.1,-17.723,0.0,34.181,8.9057,16.56,0.41571,0.0,-1602.63,0.116,20.0
585,2024-08-08,0.0119,0.25146,7.15,20.45,14.13125,0.0,0.25146,9.4151e-09,0.00015149,-2.3246e-06,-14.866,105.51,-16.145,39.941,-0.0026794,-21.624,-1600.1,-17.725,0.0,34.181,8.9056,16.56,0.41571,0.0,-1602.63,0.116,20.0
586,2024-08-09,0.0,0.31242,5.075,25.425,16.2645833333333,0.0,0.31242,8.0181e-09,0.00014055,-2.2948e-06,-14.866,105.82,-16.145,39.941,-0.0026817,-21.745,-1600.2,-17.727,0.0,34.181,8.9054,16.56,0.41571,0.0,-1602.63,0.116,20.0
587,2024-08-10,0.0323,0.31496,8.125,26.625,17.634375,0.0,0.31496,-5.4642e-09,0.00012149,-2.2948e-06,-14.866,106.13,-16.145,39.941,-0.002684,-21.859,-1600.2,-17.73,0.0,34.181,8.9053,16.56,0.41571,0.0,-1602.63,0.116,20.0
588,2024-08-11,0.0629,0.36576,11.275,28.025,18.3125,0.0,0.36576,-4.0091e-09,0.00011557,-2.2948e-06,-14.866,106.5,-16.145,39.941,-0.0026863,-21.966,-1600.2,-17.732,0.0,34.181,8.9052,16.56,0.41571,0.0,-1602.63,0.116,20.0
589,2024-08-12,0.0,0.37846,11.35,29.775,20.309375,0.0,0.37846,1.122e-08,0.00010544,-2.2948e-06,-14.866,106.88,-16.145,39.941,-0.0026886,-22.067,-1600.3,-17.734,0.0,34.181,8.905,16.56,0.41571,0.0,-1602.63,0.116,20.0
590,2024-08-13,0.2484,0.32512,11.9,30.4,19.5364583333333,0.0,0.32512,1.3759e-08,9.4228e-05,-2.2948e-06,-14.866,107.2,-16.145,39.941,-0.0026909,-22.162,-1600.3,-17.737,0.0,34.181,8.9049,16.56,0.41571,0.0,-1602.63,0.116,20.0
591,2024-08-14,0.0068,0.32258,11.0,28.525,18.9739583333333,0.0,0.32258,-1.1845e-08,9.1288e-05,-2.2948e-06,-14.866,107.53,-16.145,39.941,-0.0026932,-22.252,-1600.3,-17.739,0.0,34.181,8.9048,16.56,0.41571,0.0,-1602.63,0.116,20.0
592,2024-08-15,0.2366,0.40386,8.625,30.825,20.303125,0.0,0.40386,-1.0499e-08,9.0961e-05,-2.265e-06,-14.866,107.93,-16.145,39.941,-0.0026955,-22.336,-1600.3,-17.741,0.0,34.181,8.9047,16.56,0.41571,0.0,-1602.63,0.116,20.0
593,2024-08-16,0.0,0.381,11.025,28.85,19.0875,0.0,0.381,-3.1287e-09,8.0895e-05,-2.265e-06,-14.866,108.31,-16.145,39.942,-0.0026977,-22.415,-1600.3,-17.744,0.0,34.181,8.9047,16.56,0.41571,0.0,-1602.63,0.116,20.0
594,2024-08-17,0.0,0.35814,7.375,30.15,19.3520833333333,0.0,0.35814,-1.1692e-08,7.5379e-05,-2.265e-06,-14.866,108.67,-16.145,39.942,-0.0027,-22.49,-1600.3,-17.746,0.0,34.181,8.9046,16.56,0.41571,0.0,-1602.63,0.116,20.0
595,2024-08-18,1.8799,0.37592,9.0,35.5,20.3833333333333,0.0,0.37592,-4.4674e-09,7.2741e-05,-2.265e-06,-14.866,109.04,-16.145,39.942,-0.0027023,-22.56,-1600.3,-17.748,0.0,34.181,8.9045,16.56,0.41571,0.0,-1602.63,0.116,20.0
596,2024-08-19,0.1412,0.43434,13.275,34.175,20.3927083333333,0.0,0.43434,3.4706e-09,6.9721e-05,-2.265e-06,-14.866,109.48,-16.145,39.942,-0.0027045,-22.626,-1600.3,-17.751,0.0,34.181,8.9044,16.56,0.41571,0.0,-1602.63,0.116,20.0
597,2024-08-20,0.0595,0.3429,10.975,30.875,20.0,0.0,0.3429,-6.7521e-09,6.0556e-05,-2.265e-06,-14.866,109.82,-16.145,39.942,-0.0027068,-22.688,-1600.3,-17.753,0.0,34.181,8.9044,16.56,0.41571,0.0,-1602.63,0.116,20.0
598,2024-08-21,0.034,0.28956,9.575,26.85,17.5864583333333,0.0,0.28956,-7.0031e-09,5.6662e-05,-2.2352e-06,-14.866,110.11,-16.145,39.942,-0.002709,-22.747,-1600.3,-17.755,0.0,34.181,8.9043,16.56,0.41571,0.0,-1602.63,0.116,20.0
599,2024-08-22,0.0,0.31496,5.375,25.875,16.5552083333333,0.0,0.31496,3.4997e-09,5.746e-05,-2.2352e-06,-14.866,110.43,-16.145,39.942,-0.0027113,-22.802,-1600.3,-17.757,0.0,34.181,8.9042,16.56,0.41571,0.0,-1602.63,0.116,20.0
600,2024-08-23,0.1107,0.37846,8.1,30.825,18.040625,0.0,0.37846,9.808e-09,5.5975e-05,-2.2352e-06,-14.866,110.8,-16.145,39.942,-0.0027135,-22.853,-1600.3,-17.76,0.0,34.181,8.9042,16.56,0.41571,0.0,-1602.63,0.116,20.0
601,2024-08-24,0.0,0.3429,9.6,25.2,16.484375,0.0,0.3429,1.122e-08,4.9364e-05,-2.2352e-06,-14.866,111.15,-16.145,39.942,-0.0027157,-22.902,-1600.3,-17.762,0.0,34.181,8.9041,16.56,0.41571,0.0,-1602.63,0.116,20.0
602,2024-08-25,0.0,0.37084,8.325,25.425,16.015625,0.0,0.37084,1.0306e-08,4.7906e-05,-2.2352e-06,-14.866,111.52,-16.145,39.942,-0.002718,-22.948,-1600.4,-17.764,0.0,34.181,8.9041,16.56,0.41571,0.0,-1602.63,0.116,20.0
603,2024-08-26,0.0,0.34798,4.275,26.775,15.271875,0.0,0.34798,-1.083e-08,4.3835e-05,-2.2352e-06,-14.866,111.87,-16.145,39.942,-0.0027202,-22.991,-1600.4,-17.767,0.0,34.181,8.904,16.56,0.41571,0.0,-1602.63,0.116,20.0
604,2024-08-27,0.051,0.46228,8.55,30.075,19.6364583333333,0.0,0.46228,1.1114e-08,4.3792e-05,-2.2352e-06,-14.866,112.33,-16.145,39.942,-0.0027224,-23.032,-1600.4,-17.769,0.0,34.181,8.904,16.56,0.41571,0.0,-1602.63,0.116,20.0
605,2024-08-28,0.6089,0.26416,5.1,15.325,10.1364583333333,0.0,0.26416,-1.4385e-08,3.3717e-05,-2.2054e-06,-14.866,112.59,-16.145,39.942,-0.0027246,-23.07,-1600.4,-17.771,0.0,34.181,8.9039,16.56,0.41571,0.0,-1602.63,0.116,20.0
606,2024-08-29,0.0,0.39624,10.725,25.9,17.8052083333333,0.0,0.39624,-1.4552e-08,3.9555e-05,-2.2054e-06,-14.866,112.99,-16.145,39.942,-0.0027269,-23.106,-1600.4,-17.773,0.0,34.181,8.9039,16.56,0.41571,0.0,-1602.63,0.116,20.0
607,2024-08-30,0.0,0.36576,6.0,32.925,18.628125,0.0,0.36576,1.9318e-09,3.4551e-05,-2.2054e-06,-14.866,113.35,-16.145,39.942,-0.0027291,-23.14,-1600.4,-17.776,0.0,34.181,8.9039,16.56,0.41571,0.0,-1602.63,0.116,20.0
608,2024-08-31,0.0,0.3048,7.325,29.525,18.9416666666667,0.0,0.3048,-1.3802e-08,3.1104e-05,-2.2054e-06,-14.866,113.66,-16.145,39.942,-0.0027313,-23.172,-1600.4,-17.778,0.0,34.181,8.9038,16.56,0.41571,0.0,-1602.63,0.116,20.0
609,2024-09-01,0.0,0.28956,6.725,31.1,18.19375,0.0,0.28956,1.2746e-08,1.5561e-06,-2.2054e-06,-14.866,113.95,-16.145,39.942,-0.0027335,-23.202,-795.62,-17.78,0.0,34.181,8.9038,16.56,0.41571,0.0,-1602.63,0.116,20.0
610,2024-09-02,0.0,0.30226,10.9,34.225,21.6229166666667,0.0,0.30226,8.1727e-09,4.0894e-08,-2.2054e-06,-14.866,114.25,-16.145,39.942,-0.0027357,-23.23,-795.64,-17.782,0.0,34.181,8.9037,16.56,0.41571,0.0,-1602.63,0.116,20.0
611,2024-09-03,0.194,0.29718,13.225,30.075,20.4197916666667,0.0,0.29718,-9.3805e-09,0.0,-2.1756e-06,-14.866,114.55,-16.145,39.942,-0.0027378,-23.256,-795.63,-17.785,0.0,34.181,8.9037,16.56,0.41571,0.0,-1602.63,0.116,20.0
612,2024-09-04,0.0,0.29464,10.35,26.075,17.84375,0.0,0.29464,1.1856e-08,0.00015085,-2.1756e-06,-14.866,114.84,-16.145,39.943,-0.00274,-23.281,-795.62,-17.787,0.0,34.181,8.9037,16.56,0.41571,0.0,-1602.63,0.116,20.0
613,2024-09-05,0.0,0.28956,5.525,30.875,17.359375,0.0,0.28956,1.4588e-09,0.0,-2.1756e-06,-14.866,115.13,-16.145,39.943,-0.0027422,-23.305,-795.64,-17.789,0.0,34.181,8.9036,16.56,0.41571,0.0,-1602.63,0.116,20.0
614,2024-09-06,0.0,0.30226,6.95,32.7,19.6354166666667,0.0,0.30226,-1.5087e-08,0.0,-2.1756e-06,-14.866,115.44,-16.145,39.943,-0.0027444,-23.327,-795.63,-17.791,0.0,34.181,8.9036,16.56,0.41571,0.0,-1602.63,0.116,20.0
615,2024-09-07,0.0,0.2921,6.925,33.175,20.640625,0.0,0.2921,3.2833e-09,5.5478e-05,-2.1756e-06,-14.866,115.73,-16.145,39.943,-0.0027466,-23.348,-795.63,-17.793,0.0,34.181,8.9036,16.56,0.41571,0.0,-1602.63,0.116,20.0
616,2024-09-08,0.0,0.28448,7.55,33.125,20.7697916666667,0.0,0.28448,1.3906e-08,0.0,-2.1756e-06,-14.866,116.01,-16.145,39.943,-0.0027487,-23.367,-795.63,-17.796,0.0,34.181,8.9036,16.56,0.41571,0.0,-1602.63,0.116,20.0
617,2024-09-09,0.0,0.39624,14.725,31.3,23.3583333333333,0.0,0.39624,-6.4083e-09,0.0,-2.1458e-06,-14.866,116.41,-16.145,39.943,-0.0027509,-23.386,-795.64,-17.798,0.0,34.181,8.9035,16.56,0.41571,0.0,-1602.63,0.116,20.0
618,2024-09-10,0.0,0.18288,4.85,19.9,13.4197916666667,0.0,0.18288,-1.6371e-10,0.0,-2.1458e-06,-14.866,116.59,-16.145,39.943,-0.002753,-23.403,-795.63,-17.8,0.0,34.181,8.9035,16.56,0.41571,0.0,-1602.63,0.116,20.0
619,2024-09-11,2.0309,0.1524,5.55,21.075,13.0770833333333,0.0,0.1524,-2.9286e-09,0.0,-2.1458e-06,-14.866,116.74,-16.145,39.943,-0.0027552,-23.419,-795.63,-17.802,0.0,34.181,8.9035,16.56,0.41571,0.0,-1602.63,0.116,20.0
620,2024-09-12,0.2568,0.0635,9.4,13.65,10.9677083333333,0.0,0.0635,1.0636e-08,0.0,-2.1458e-06,-14.866,116.81,-16.145,39.943,-0.0027573,-23.435,-795.63,-17.804,0.0,34.181,8.9035,16.56,0.41571,0.0,-1602.63,0.116,20.0
621,2024-09-13,0.997,0.23876,8.175,19.775,12.7354166666667,0.0,0.23876,1.0639e-08,0.0,-2.1458e-06,-14.866,117.05,-16.145,39.943,-0.0027595,-23.449,-795.64,-17.806,0.0,34.181,8.9034,16.56,0.41571,0.0,-1602.63,0.116,20.0
622,2024-09-14,0.0,0.35814,8.675,22.475,14.6447916666667,0.0,0.35814,1.43e-08,0.0,-2.1458e-06,-14.866,117.4,-16.145,39.943,-0.0027616,-23.463,-795.64,-17.809,0.0,34.181,8.9034,16.56,0.41571,0.0,-1602.63,0.116,20.0
623,2024-09-15,0.0,0.17272,5.75,21.275,13.36875,0.0,0.17272,-5.9363e-09,0.0,-2.1458e-06,-14.866,117.58,-16.145,39.943,-0.0027638,-23.476,-795.63,-17.811,0.0,34.181,8.9034,16.56,0.41571,0.0,-1602.63,0.116,20.0
624,2024-09-16,0.0017,0.19812,6.225,24.45,14.034375,0.0,0.19812,1.3681e-08,2.6181e-05,-2.116e-06,-14.866,117.77,-16.145,39.943,-0.0027659,-23.488,-795.63,-17.813,0.0,34.181,8.9034,16.56,0.41571,0.0,-1602.63,0.116,20.0
625,2024-09-17,0.0476,0.16764,7.4,23.85,14.7885416666667,0.0,0.16764,1.2878e-08,1.4475e-05,-2.116e-06,-14.866,117.94,-16.145,39.943,-0.002768,-23.499,-795.63,-17.815,0.0,34.181,8.9034,16.56,0.41571,0.0,-1602.63,0.116,20.0
626,2024-09-18,0.0646,0.0889,11.975,17.0,13.821875,0.0,0.0889,6.1664e-10,3.1347e-05,-2.116e-06,-14.866,118.03,-16.145,39.943,-0.0027701,-23.51,-795.63,-17.817,0.0,34.181,8.9034,16.56,0.41571,0.0,-1602.63,0.116,20.0
627,2024-09-19,0.0221,0.24384,9.125,23.15,15.7333333333333,0.0,0.24384,5.4388e-09,0.0,-2.116e-06,-14.866,118.27,-16.145,39.943,-0.0027722,-23.52,-795.63,-17.819,0.0,34.181,8.9034,16.56,0.41571,0.0,-1602.63,0.116,20.0
628,2024-09-20,0.0,0.34544,5.775,22.925,13.603125,0.0,0.34544,-4.0609e-09,0.0,-2.116e-06,-14.866,118.62,-16.145,39.943,-0.0027744,-23.529,-795.64,-17.822,0.0,34.181,8.9034,16.56,0.41571,0.0,-1602.63,0.116,20.0
629,2024-09-21,0.0,0.19558,-0.575,17.675,9.16666666666667,0.0,0.19558,-6.5256e-09,0.0,-2.116e-06,-14.866,118.82,-16.145,39.943,-0.0027765,-23.538,-795.63,-17.824,0.0,34.181,8.9034,16.56,0.41571,0.0,-1602.63,0.116,20.0
630,2024-09-22,0.0,0.32258,3.6,24.525,13.996875,0.0,0.32258,-1.3963e-08,0.0,-2.0862e-06,-14.866,119.14,-16.145,39.943,-0.0027786,-23.546,-795.63,-17.826,0.0,34.181,8.9033,16.56,0.41571,0.0,-1602.63,0.116,20.0
631,2024-09-23,0.0,0.2667,11.325,25.3,17.1145833333333,0.0,0.2667,6.4665e-09,1.7166e-05,-2.0862e-06,-14.866,119.41,-16.145,39.943,-0.0027807,-23.554,-795.63,-17.828,0.0,34.181,8.9033,16.56,0.41571,0.0,-1602.63,0.116,20.0
632,2024-09-24,0.0,0.44196,13.525,28.825,19.7354166666667,0.0,0.44196,-3.7403e-09,1.2012e-05,-2.0862e-06,-14.866,119.85,-16.145,39.943,-0.0027828,-23.561,-795.63,-17.83,0.0,34.181,8.9033,16.56,0.41571,0.0,-1602.63,0.116,20.0
633,2024-09-25,0.0,0.39624,11.85,31.525,21.0614583333333,0.0,0.39624,-1.1018e-08,3.2093e-05,-2.0862e-06,-14.866,120.24,-16.145,39.943,-0.0027848,-23.568,-795.63,-17.832,0.0,34.181,8.9033,16.56,0.41571,0.0,-1602.63,0.116,20.0
634,2024-09-26,0.0,0.3175,10.275,22.3,16.628125,0.0,0.3175,1.1732e-08,0.0,-2.0862e-06,-14.866,120.56,-16.145,39.943,-0.0027869,-23.575,-795.63,-17.834,0.0,34.181,8.9033,16.56,0.41571,0.0,-1602.63,0.116,20.0
635,2024-09-27,0.0,0.40894,10.7,27.65,18.9416666666667,0.0,0.40894,1.3721e-08,0.0,-2.0862e-06,-14.866,120.97,-16.145,39.943,-0.002789,-23.581,-795.63,-17.837,0.0,34.181,8.9033,16.56,0.41571,0.0,-1602.63,0.116,20.0
636,2024-09-28,0.0,0.23368,2.175,27.9,15.0822916666667,0.0,0.23368,-8.2814e-09,0.0,-2.0862e-06,-14.866,121.2,-16.145,39.943,-0.0027911,-23.587,-795.63,-17.839,0.0,34.181,8.9033,16.56,0.41571,0.0,-1602.63,0.116,20.0
637,2024-09-29,0.0,0.3175,6.775,25.275,15.2927083333333,0.0,0.3175,8.6898e-09,3.7976e-05,-2.0862e-06,-14.866,121.52,-16.145,39.943,-0.0027932,-23.592,-795.63,-17.841,0.0,34.181,8.9033,16.56,0.41571,0.0,-1602.63,0.116,20.0
638,2024-09-30,0.0,0.20828,-2.1,16.375,7.54375,0.0,0.20828,2.3538e-09,0.0,-2.0564e-06,-14.866,121.73,-16.145,39.943,-0.0027952,-23.597,-795.63,-17.843,0.0,34.181,8.9033,16.56,0.41571,0.0,-1602.63,0.116,20.0
639,2024-10-01,0.0,0.54102,5.775,23.475,15.7708333333333,0.54102,0.0,9.7316e-05,0.0,-2.0564e-06,-14.325,121.73,-15.958,39.943,-0.0027973,-1000000.0,-795.63,-17.845,0.0,34.181,8.7171,16.56,0.60189,0.0,-1602.63,0.116,20.0
640,2024-10-02,0.0,0.19304,6.15,18.175,13.4833333333333,0.19304,0.0,9.984e-32,0.0,-2.0564e-06,-14.132,121.73,-15.958,39.943,-0.0027994,-1000000.0,-795.63,-17.847,0.0,34.181,8.7171,16.56,0.60189,0.0,-1602.63,0.116,20.0
641,2024-10-03,0.0,0.17526,-2.05,16.775,8.00729166666667,0.17526,0.0,9.984e-32,0.0,-2.0564e-06,-13.956,121.73,-15.958,39.943,-0.0028014,-1000000.0,-795.63,-17.849,0.0,34.181,8.7171,16.56,0.60189,0.0,-1602.63,0.116,20.0
642,2024-10-04,0.0,0.46228,-2.625,28.075,13.103125,0.46228,0.0,9.984e-32,0.0,-2.0564e-06,-13.494,121.73,-15.958,39.943,-0.0028035,-1000000.0,-795.63,-17.851,0.0,34.181,8.7171,16.56,0.60189,0.0,-1602.63,0.116,20.0
643,2024-10-05,0.0,0.254,4.625,18.825,10.7375,0.254,0.0,9.984e-32,0.0,-2.0564e-06,-13.24,121.73,-15.958,39.943,-0.0028055,-1000000.0,-795.63,-17.853,0.0,34.181,8.7171,16.56,0.60189,0.0,-1602.63,0.116,20.0
644,2024-10-06,0.0,0.22352,1.475,25.425,11.9041666666667,0.22352,0.0,9.984e-32,0.0,-2.0266e-06,-13.017,121.73,-15.958,39.943,-0.0028076,-1000000.0,-795.63,-17.855,0.0,34.181,8.7171,16.56,0.60189,0.0,-1602.63,0.116,20.0
645,2024-10-07,0.0,0.33528,7.975,26.675,15.8854166666667,0.33528,0.0,9.984e-32,0.0,-2.0266e-06,-12.681,121.73,-15.958,39.943,-0.0028096,-1000000.0,-795.63,-17.857,0.0,34.181,8.7171,16.56,0.60189,0.0,-1602.63,0.116,20.0
646,2024-10-08,0.0,0.35306,5.6,28.1,16.5020833333333,0.35306,0.0,9.984e-32,0.0,-2.0266e-06,-12.328,121.73,-15.958,39.943,-0.0028116,-1000000.0,-795.63,-17.86,0.0,34.181,8.7171,16.56,0.60189,0.0,-1602.63,0.116,20.0
647,2024-10-09,0.0,0.2794,8.575,27.2,16.3239583333333,0.2794,0.0,9.984e-32,0.0,-2.0266e-06,-12.049,121.73,-15.958,39.943,-0.0028136,-1000000.0,-795.63,-17.862,0.0,34.181,8.7171,16.56,0.60189,0.0,-1602.63,0.116,20.0
648,2024-10-10,0.0,0.17526,8.0,18.325,13.0291666666667,0.17526,0.0,9.984e-32,0.0,-2.0266e-06,-11.874,121.73,-15.958,39.943,-0.0028157,-1000000.0,-795.63,-17.864,0.0,34.181,8.7171,16.56,0.60189,0.0,-1602.63,0.116,20.0
649,2024-10-11,0.0,0.12954,-1.275,19.0,8.52083333333333,0.12954,0.0,9.984e-32,0.0,-2.0266e-06,-11.744,121.73,-15.958,39.943,-0.0028177,-1000000.0,-795.63,-17.866,0.0,34.181,8.7171,16.56,0.60189,0.0,-1602.63,0.116,20.0
650,2024-10-12,0.0,0.14732,-1.5,19.0,8.23958333333333,0.14732,0.0,9.984e-32,0.0,-2.0266e-06,-11.597,121.73,-15.958,39.943,-0.0028197,-1000000.0,-795.63,-17.868,0.0,34.181,8.7171,16.56,0.60189,0.0,-1602.63,0.116,20.0
651,2024-10-13,0.0,0.15494,-2.575,20.775,7.70520833333333,0.15494,0.0,9.984e-32,0.0,-1.9968e-06,-11.442,121.73,-15.958,39.943,-0.0028217,-1000000.0,-795.63,-17.87,0.0,34.181,8.7171,16.56,0.60189,0.0,-1602.63,0.116,20.0
652,2024-10-14,0.0,0.3048,3.325,28.675,15.5416666666667,0.3048,0.0,9.984e-32,0.0,-1.9968e-06,-11.137,121.73,-15.958,39.943,-0.0028237,-1000000.0,-795.63,-17.872,0.0,34.181,8.7171,16.56,0.60189,0.0,-1602.63,0.116,20.0
653,2024-10-15,0.0,0.23368,9.2,25.3,16.5291666666667,0.23368,0.0,9.984e-32,0.0,-1.9968e-06,-10.903,121.73,-15.958,39.943,-0.0028257,-1000000.0,-795.63,-17.874,0.0,34.181,8.7171,16.56,0.60189,0.0,-1602.63,0.116,20.0
654,2024-10-16,0.0017,0.25908,3.275,23.65,13.340625,0.25908,0.0,9.984e-32,0.0,-1.9968e-06,-10.644,121.73,-15.958,39.943,-0.0028277,-1000000.0,-795.63,-17.876,0.0,34.181,8.7171,16.56,0.60189,0.0,-1602.63,0.116,20.0
655,2024-10-17,0.0,0.13716,0.35,11.075,6.71666666666667,0.13716,0.0,9.984e-32,0.0,-1.9968e-06,-10.507,121.73,-15.958,39.943,-0.0028297,-1000000.0,-795.63,-17.878,0.0,34.181,8.7171,16.56,0.60189,0.0,-1602.63,0.116,20.0
656,2024-10-18,0.0,0.25654,-2.55,12.1,4.97708333333333,0.25654,0.0,9.984e-32,0.0,-1.9968e-06,-10.251,121.73,-15.958,39.943,-0.0028317,-1000000.0,-795.63,-17.88,0.0,34.181,8.7171,16.56,0.60189,0.0,-1602.63,0.116,20.0
657,2024-10-19,0.0,0.48768,9.4,21.075,13.7479166666667,0.48768,0.0,9.984e-32,0.0,-1.9968e-06,-9.7629,121.73,-15.958,39.943,-0.0028337,-1000000.0,-795.63,-17.882,0.0,34.181,8.7171,16.56,0.60189,0.0,-1602.63,0.116,20.0
658,2024-10-20,0.0,0.4064,12.475,22.075,16.8104166666667,0.4064,0.0,9.984e-32,0.0,-1.967e-06,-9.3565,121.73,-15.958,39.943,-0.0028357,-1000000.0,-795.63,-17.884,0.0,34.181,8.7171,16.56,0.60189,0.0,-1602.63,0.116,20.0
659,2024-10-21,0.0204,0.20066,0.875,17.675,11.209375,0.20066,0.0,9.984e-32,0.0,-1.967e-06,-9.1559,121.73,-15.958,39.943,-0.0028376,-1000000.0,-795.63,-17.886,0.0,34.181,8.7171,16.56,0.60189,0.0,-1602.63,0.116,20.0
660,2024-10-22,0.0017,0.17272,-1.375,13.4,4.90729166666667,0.17272,0.0,9.984e-32,0.0,-1.967e-06,-8.9831,121.73,-15.958,39.943,-0.0028396,-1000000.0,-795.63,-17.888,0.0,34.181,8.7171,16.56,0.60189,0.0,-1602.63,0.116,20.0
661,2024-10-23,0.0,0.254,-1.7,14.275,6.2875,0.254,0.0,9.984e-32,0.0,-1.967e-06,-8.7291,121.73,-15.958,39.943,-0.0028416,-1000000.0,-795.63,-17.89,0.0,34.181,8.7171,16.56,0.60189,0.0,-1602.63,0.116,20.0
662,2024-10-24,0.0,0.1651,-1.725,11.375,4.2625,0.1651,0.0,9.984e-32,0.0,-1.967e-06,-8.564,121.73,-15.958,39.943,-0.0028435,-1000000.0,-795.63,-17.892,0.0,34.181,8.717,16.56,0.60189,0.0,-1602.63,0.116,20.0
663,2024-10-25,0.0,0.10668,-5.4,9.95,2.27291666666667,0.10668,0.0,9.984e-32,0.0,-1.967e-06,-8.4574,121.73,-15.958,39.943,-0.0028455,-1000000.0,-795.63,-17.894,0.0,34.181,8.717,16.56,0.60189,0.0,-1602.63,0.116,20.0
664,2024-10-26,0.0,0.27686,-2.675,19.975,9.38229166666667,0.27686,0.0,9.984e-32,0.0,-1.967e-06,-8.1805,121.73,-15.958,39.943,-0.0028475,-1000000.0,-795.63,-17.896,0.0,34.181,8.717,16.56,0.60189,0.0,-1602.63,0.116,20.0
665,2024-10-27,0.0,0.32766,3.925,21.775,11.284375,0.32766,0.0,9.984e-32,0.0,-1.967e-06,-7.8528,121.73,-15.958,39.943,-0.0028494,-1000000.0,-795.63,-17.898,0.0,34.181,8.717,16.56,0.60189,0.0,-1602.63,0.116,20.0
666,2024-10-28,0.0,0.21336,-3.725,12.75,5.74479166666667,0.21336,0.0,9.984e-32,0.0,-1.9372e-06,-7.6395,121.73,-15.958,39.943,-0.0028514,-1000000.0,-795.63,-17.9,0.0,34.181,8.717,16.56,0.60189,0.0,-1602.63,0.116,20.0
667,2024-10-29,0.0,0.08128,-7.775,9.6,0.632291666666667,0.08128,0.0,9.984e-32,0.0,-1.9372e-06,-7.5582,121.73,-15.958,39.943,-0.0028533,-1000000.0,-795.63,-17.902,0.0,34.181,8.717,16.56,0.60189,0.0,-1602.63,0.116,20.0
668,2024-10-30,0.0,0.17526,-5.625,9.95,1.42916666666667,0.17526,0.0,9.984e-32,0.0,-1.9372e-06,-7.3829,121.73,-15.958,39.943,-0.0028552,-1000000.0,-795.63,-17.904,0.0,34.181,8.717,16.56,0.60189,0.0,-1602.63,0.116,20.0
669,2024-10-31,0.0,0.14732,-3.35,8.6,1.44270833333333,0.14732,0.0,9.984e-32,0.0,-1.9372e-06,-7.2356,121.73,-15.958,39.943,-0.0028572,-1000000.0,-795.63,-17.906,0.0,34.181,8.717,16.56,0.60189,0.0,-1602.63,0.116,20.0
670,2024-11-01,0.0,0.17018,-3.825,9.1,2.42291666666667,0.17018,0.0,9.984e-32,0.0,-1.9372e-06,-7.0654,121.73,-15.958,39.943,-0.0028591,-1000000.0,-795.63,-17.908,0.0,34.181,8.717,16.56,0.60189,0.0,-1602.63,0.116,20.0
671,2024-11-02,0.0,0.21082,1.775,11.425,6.10416666666667,0.21082,0.0,9.984e-32,0.0,-1.9372e-06,-6.8546,121.73,-15.958,39.943,-0.0028611,-1000000.0,-795.63,-17.91,0.0,34.181,8.717,16.56,0.60189,0.0,-1602.63,0.116,20.0
672,2024-11-03,0.0,0.1016,-2.075,8.975,2.288,0.1016,0.0,9.984e-32,0.0,-1.9073e-06,-6.753,121.73,-15.958,39.943,-0.002863,-1000000.0,-795.63,-17.912,0.0,34.181,8.717,16.56,0.60189,0.0,-1602.63,0.116,20.0
673,2024-11-04,0.0,0.21844,-3.15,7.625,2.86875,0.21844,0.0,9.984e-32,0.0,-1.9073e-06,-6.5346,121.73,-15.958,39.943,-0.0028649,-1000000.0,-795.63,-17.914,0.0,34.181,8.717,16.56,0.60189,0.0,-1602.63,0.116,20.0
674,2024-11-05,0.1666,0.07874,-2.95,3.575,0.690625,0.07874,0.0,9.984e-32,0.0,-1.9073e-06,-6.4558,121.73,-15.958,39.943,-0.0028668,-1000000.0,-795.63,-17.916,0.0,34.181,8.717,16.56,0.60189,0.0,-1602.63,0.116,20.0
675,2024-11-06,0.0357,0.1524,-8.175,8.25,-0.05625,0.1524,0.0,9.984e-32,0.0,-1.9073e-06,-6.3034,121.73,-15.958,39.943,-0.0028687,-1000000.0,-795.63,-17.918,0.0,34.181,8.717,16.56,0.60189,0.0,-1602.63,0.116,20.0
676,2024-11-07,0.0,0.28702,1.9,13.625,6.85,0.28702,0.0,9.984e-32,0.0,-1.9073e-06,-6.0164,121.73,-15.958,39.943,-0.0028706,-1000000.0,-795.63,-17.92,0.0,34.181,8.717,16.56,0.60189,0.0,-1602.63,0.116,20.0
677,2024-11-08,0.0,0.25146,2.375,17.8,9.1375,0.25146,0.0,9.984e-32,0.0,-1.9073e-06,-5.765,121.73,-15.958,39.943,-0.0028725,-1000000.0,-795.63,-17.921,0.0,34.181,8.717,16.56,0.60189,0.0,-1602.63,0.116,20.0
678,2024-11-09,0.0,0.11176,2.375,16.425,7.759375,0.11176,0.0,9.984e-32,0.0,-1.9073e-06,-5.6532,121.73,-15.958,39.943,-0.0028744,-1000000.0,-795.63,-17.923,0.0,34.181,8.717,16.56,0.60189,0.0,-1602.63,0.116,20.0
679,2024-11-10,0.0,0.10414,1.475,11.075,6.82291666666667,0.10414,0.0,9.984e-32,0.0,-1.9073e-06,-5.5491,121.73,-15.958,39.943,-0.0028763,-1000000.0,-795.63,-17.925,0.0,34.181,8.717,16.56,0.60189,0.0,-1602.63,0.116,20.0
680,2024-11-11,0.0,0.18542,-0.1,15.325,7.02083333333333,0.18542,0.0,9.984e-32,0.0,-1.8775e-06,-5.3636,121.73,-15.958,39.943,-0.0028782,-1000000.0,-795.63,-17.927,0.0,34.181,8.717,16.56,0.60189,0.0,-1602.63,0.116,20.0
681,2024-11-12,0.0,0.18288,1.1,10.675,5.13958333333333,0.18288,0.0,9.984e-32,0.0,-1.8775e-06,-5.1808,121.73,-15.958,39.943,-0.0028801,-1000000.0,-795.63,-17.929,0.0,34.181,8.717,16.56,0.60189,0.0,-1602.63,0.116,20.0
682,2024-11-13,0.0,0.2794,0.1,11.425,5.85625,0.2794,0.0,9.984e-32,0.0,-1.8775e-06,-4.9014,121.73,-15.958,39.943,-0.002882,-1000000.0,-795.63,-17.931,0.0,34.181,8.717,16.56,0.60189,0.0,-1602.63,0.116,20.0
683,2024-11-14,0.0,0.2413,-1.7,11.575,5.62083333333333,0.2413,0.0,9.984e-32,0.0,-1.8775e-06,-4.6601,121.73,-15.958,39.943,-0.0028838,-1000000.0,-795.63,-17.933,0.0,34.181,8.717,16.56,0.60189,0.0,-1602.63,0.116,20.0
684,2024-11-15,0.0,0.06858,-6.025,8.2,0.633333333333333,0.06858,0.0,9.984e-32,0.0,-1.8775e-06,-4.5915,121.73,-15.958,39.943,-0.0028857,-1000000.0,-795.63,-17.935,0.0,34.181,8.717,16.56,0.60189,0.0,-1602.63,0.116,20.0
685,2024-11-16,0.0,0.14986,-12.75,7.6,-1.82604166666667,0.14986,0.0,9.984e-32,0.0,-1.8775e-06,-4.4416,121.73,-15.958,39.943,-0.0028876,-1000000.0,-795.63,-17.937,0.0,34.181,8.717,16.56,0.60189,0.0,-1602.63,0.116,20.0
686,2024-11-17,0.0,0.3175,2.725,9.775,5.85416666666667,0.3175,0.0,9.984e-32,0.0,-1.8775e-06,-4.1241,121.73,-15.958,39.943,-0.0028895,-1000000.0,-795.63,-17.939,0.0,34.181,8.717,16.56,0.60189,0.0,-1602.63,0.116,20.0
687,2024-11-18,0.0,0.13462,-10.125,4.45,0.1625,0.13462,0.0,9.984e-32,0.0,-1.8477e-06,-3.9895,121.73,-15.958,39.943,-0.0028913,-1000000.0,-795.63,-17.941,0.0,34.181,8.717,16.56,0.60189,0.0,-1602.63,0.116,20.0
688,2024-11-19,0.0,0.04064,-13.8,3.675,-5.725,0.04064,0.0,9.984e-32,0.0,-1.8477e-06,-3.9489,121.73,-15.958,39.943,-0.0028932,-1000000.0,-795.63,-17.942,0.0,34.181,8.717,16.56,0.60189,0.0,-1602.63,0.116,20.0
689,2024-11-20,0.0,0.03048,-14.175,-3.125,-9.021875,0.03048,0.0,9.984e-32,0.0,-1.8477e-06,-3.9184,121.73,-15.958,39.943,-0.002895,-1000000.0,-795.63,-17.944,0.0,34.181,8.717,16.56,0.60189,0.0,-1602.63,0.116,20.0
690,2024-11-21,0.0,0.04064,-10.3,0.7,-5.24479166666667,0.04064,0.0,9.984e-32,0.0,-1.8477e-06,-3.8777,121.73,-15.958,39.943,-0.0028969,-1000000.0,-795.63,-17.946,0.0,34.181,8.717,16.56,0.60189,0.0,-1602.63,0.116,20.0
691,2024-11-22,0.0,0.0127,-11.55,-6.6,-8.44895833333333,0.0127,0.0,9.984e-32,0.0,-1.8477e-06,-3.865,121.73,-15.958,39.943,-0.0028987,-1000000.0,-795.63,-17.948,0.0,34.181,8.717,16.56,0.60189,0.0,-1602.63,0.116,20.0
692,2024-11-23,0.0,0.02032,-12.325,-5.45,-8.29583333333333,0.02032,0.0,9.984e-32,0.0,-1.8477e-06,-3.8447,121.73,-15.958,39.943,-0.0029006,-1000000.0,-795.63,-17.95,0.0,34.181,8.717,16.56,0.60189,0.0,-1602.63,0.116,20.0
693,2024-11-24,0.0,0.01778,-17.625,-8.025,-11.8416666666667,0.01778,0.0,9.984e-32,0.0,-1.8477e-06,-3.8269,121.73,-15.958,39.943,-0.0029024,-1000000.0,-795.63,-17.952,0.0,34.181,8.717,16.56,0.60189,0.0,-1602.63,0.116,20.0
694,2024-11-25,0.0,0.01778,-16.125,-6.975,-12.503125,0.01778,0.0,9.984e-32,0.0,-1.8477e-06,-3.8092,121.73,-15.958,39.943,-0.0029043,-1000000.0,-795.63,-17.954,0.0,34.181,8.717,16.56,0.60189,0.0,-1602.63,0.116,20.0
695,2024-11-26,0.2805,0.0762,-15.125,6.225,-2.65625,0.0762,0.0,9.984e-32,0.0,-1.8179e-06,-3.733,121.73,-15.958,39.943,-0.0029061,-1000000.0,-795.63,-17.956,0.0,34.181,8.717,16.56,0.60189,0.0,-1602.63,0.116,20.0
696,2024-11-27,0.0,0.02286,-13.4,-3.525,-6.928125,0.02286,0.0,9.984e-32,0.0,-1.8179e-06,-3.7101,121.73,-15.958,39.943,-0.0029079,-1000000.0,-795.63,-17.957,0.0,34.181,8.717,16.56,0.60189,0.0,-1602.63,0.116,20.0
697,2024-11-28,0.0119,0.04064,-13.2,3.8,-6.37708333333333,0.04064,0.0,9.984e-32,0.0,-1.8179e-06,-3.6695,121.73,-15.958,39.943,-0.0029097,-1000000.0,-795.63,-17.959,0.0,34.181,8.717,16.56,0.60189,0.0,-1602.63,0.116,20.0
698,2024-11-29,0.0,0.01778,-15.55,-7.675,-11.6479166666667,0.01778,0.0,9.984e-32,0.0,-1.8179e-06,-3.6517,121.73,-15.958,39.943,-0.0029115,-1000000.0,-795.63,-17.961,0.0,34.181,8.717,16.56,0.60189,0.0,-1602.63,0.116,20.0
699,2024-11-30,0.0,0.11938,-14.65,4.725,0.494791666666667,0.11938,0.0,9.984e-32,0.0,-1.8179e-06,-3.5323,121.73,-15.958,39.943,-0.0029134,-1000000.0,-795.63,-17.963,0.0,34.181,8.717,16.56,0.60189,0.0,-1602.63,0.116,20.0
700,2024-12-01,0.0,0.03302,-18.475,0.575,-11.190625,0.03302,0.0,9.984e-32,0.0,-1.8179e-06,-3.4993,121.73,-15.958,39.943,-0.0029152,-1000000.0,-795.63,-17.965,0.0,34.181,8.717,16.56,0.60189,0.0,-1602.63,0.116,20.0
701,2024-12-02,0.0,0.08128,-17.525,9.175,-4.25416666666667,0.08128,0.0,9.984e-32,0.0,-1.8179e-06,-3.418,121.73,-15.958,39.943,-0.002917,-1000000.0,-795.63,-17.967,0.0,34.181,8.717,16.56,0.60189,0.0,-1602.63,0.116,20.0
702,2024-12-03,0.0,0.15748,-4.2,12.9,3.23958333333333,0.15748,0.0,9.984e-32,0.0,-1.7881e-06,-3.2605,121.73,-15.958,39.943,-0.0029188,-1000000.0,-795.63,-17.969,0.0,34.181,8.717,16.56,0.60189,0.0,-1602.63,0.116,20.0
703,2024-12-04,0.0,0.04826,-7.125,9.45,0.595833333333333,0.04826,0.0,9.984e-32,0.0,-1.7881e-06,-3.2123,121.73,-15.958,39.943,-0.0029206,-1000000.0,-795.63,-17.97,0.0,34.181,8.717,16.56,0.60189,0.0,-1602.63,0.116,20.0
704,2024-12-05,0.0,0.18034,-7.7,13.975,4.06354166666667,0.18034,0.0,9.984e-32,0.0,-1.7881e-06,-3.0319,121.73,-15.958,39.943,-0.0029224,-1000000.0,-795.63,-17.972,0.0,34.181,8.717,16.56,0.60189,0.0,-1602.63,0.116,20.0
705,2024-12-06,0.0,0.28956,4.025,13.8,8.015625,0.28956,0.0,9.984e-32,0.0,-1.7881e-06,-2.7424,121.73,-15.958,39.943,-0.0029242,-1000000.0,-795.63,-17.974,0.0,34.181,8.717,16.56,0.60189,0.0,-1602.63,0.116,20.0
706,2024-12-07,0.0,0.36576,7.625,14.2,10.95,0.36576,0.0,9.984e-32,0.0,-1.7881e-06,-2.3766,121.73,-15.958,39.943,-0.0029259,-1000000.0,-795.63,-17.976,0.0,34.181,8.717,16.56,0.60189,0.0,-1602.63,0.116,20.0
707,2024-12-08,0.0,0.12954,-2.8,7.3,2.18020833333333,0.12954,0.0,9.984e-32,0.0,-1.7881e-06,-2.2471,121.73,-15.958,39.943,-0.0029277,-1000000.0,-795.63,-17.978,0.0,34.181,8.717,16.56,0.60189,0.0,-1602.63,0.116,20.0
708,2024-12-09,0.0,0.05842,-6.425,4.475,-1.75104166666667,0.05842,0.0,9.984e-32,0.0,-1.7881e-06,-2.1886,121.73,-15.958,39.943,-0.0029295,-1000000.0,-795.63,-17.979,0.0,34.181,8.717,16.56,0.60189,0.0,-1602.63,0.116,20.0
709,2024-12-10,0.0,0.06858,-6.675,2.775,-1.2125,0.06858,0.0,9.984e-32,0.0,-1.7881e-06,-2.1201,121.73,-15.958,39.943,-0.0029313,-1000000.0,-795.63,-17.981,0.0,34.181,8.717,16.56,0.60189,0.0,-1602.63,0.116,20.0
710,2024-12-11,0.0,0.10668,-0.55,8.075,3.07916666666667,0.10668,0.0,9.984e-32,0.0,-1.7881e-06,-2.0134,121.73,-15.958,39.943,-0.0029331,-1000000.0,-795.63,-17.983,0.0,34.181,8.717,16.56,0.60189,0.0,-1602.63,0.116,20.0
711,2024-12-12,0.0,0.05588,-8.525,7.4,-1.64479166666667,0.05588,0.0,9.984e-32,0.0,-1.7583e-06,-1.9575,121.73,-15.958,39.943,-0.0029349,-1000000.0,-795.63,-17.985,0.0,34.181,8.717,16.56,0.60189,0.0,-1602.63,0.116,20.0
712,2024-12-13,0.0,0.13462,-5.975,8.875,1.35416666666667,0.13462,0.0,9.984e-32,0.0,-1.7583e-06,-1.8229,121.73,-15.958,39.943,-0.0029366,-1000000.0,-795.63,-17.987,0.0,34.181,8.717,16.56,0.60189,0.0,-1602.63,0.116,20.0
713,2024-12-14,0.0,0.18542,-2.075,10.15,4.35833333333333,0.18542,0.0,9.984e-32,0.0,-1.7583e-06,-1.6375,121.73,-15.958,39.943,-0.0029384,-1000000.0,-795.63,-17.988,0.0,34.181,8.717,16.56,0.60189,0.0,-1602.63,0.116,20.0
714,2024-12-15,0.0,0.10922,-2.55,4.65,1.23958333333333,0.10922,0.0,9.984e-32,0.0,-1.7583e-06,-1.5282,121.73,-15.958,39.943,-0.0029401,-1000000.0,-795.63,-17.99,0.0,34.181,8.717,16.56,0.60189,0.0,-1602.63,0.116,20.0
715,2024-12-16,0.0,0.05842,-7.225,-0.025,-3.25416666666667,0.05842,0.0,9.984e-32,0.0,-1.7583e-06,-1.4698,121.73,-15.958,39.943,-0.0029419,-1000000.0,-795.63,-17.992,0.0,34.181,8.717,16.56,0.60189,0.0,-1602.63,0.116,20.0
716,2024-12-17,0.0,0.02032,-9.3,-4.675,-6.98541666666667,0.02032,0.0,9.984e-32,0.0,-1.7583e-06,-1.4495,121.73,-15.958,39.943,-0.0029437,-1000000.0,-795.63,-17.994,0.0,34.181,8.7169,16.56,0.60189,0.0,-1602.63,0.116,20.0
717,2024-12-18,0.0,0.17272,-11.025,10.75,1.13854166666667,0.17272,0.0,9.984e-32,0.0,-1.7583e-06,-1.2768,121.73,-15.958,39.943,-0.0029454,-1000000.0,-795.63,-17.996,0.0,34.181,8.7169,16.56,0.60189,0.0,-1602.63,0.116,20.0
718,2024-12-19,0.0,0.12192,-12.825,9.125,-1.403125,0.12192,0.0,9.984e-32,0.0,-1.7583e-06,-1.1549,121.73,-15.958,39.943,-0.0029472,-1000000.0,-795.63,-17.997,0.0,34.181,8.7169,16.56,0.60189,0.0,-1602.63,0.116,20.0
719,2024-12-20,0.0,0.21844,3.675,16.325,8.503125,0.21844,0.0,9.984e-32,0.0,-1.7285e-06,-0.93642,121.73,-15.958,39.943,-0.0029489,-1000000.0,-795.63,-17.999,0.0,34.181,8.7169,16.56,0.60189,0.0,-1602.63,0.116,20.0
720,2024-12-21,0.0,0.25146,6.375,11.775,8.81875,0.25146,0.0,9.984e-32,0.0,-1.7285e-06,-0.68496,121.73,-15.958,39.943,-0.0029506,-1000000.0,-795.63,-18.001,0.0,34.181,8.7169,16.56,0.60189,0.0,-1602.63,0.116,20.0
721,2024-12-22,0.0,0.17272,0.075,9.475,4.3375,0.17272,0.0,9.984e-32,0.0,-1.7285e-06,-0.51224,121.73,-15.958,39.943,-0.0029524,-1000000.0,-795.63,-18.003,0.0,34.181,8.7169,16.56,0.60189,0.0,-1602.63,0.116,20.0
722,2024-12-23,0.0,0.19812,0.425,10.325,4.85520833333333,0.19812,0.0,9.984e-32,0.0,-1.7285e-06,-0.31412,121.73,-15.958,39.943,-0.0029541,-1000000.0,-795.63,-18.004,0.0,34.181,8.7169,16.56,0.60189,0.0,-1602.63,0.116,20.0
723,2024-12-24,0.0,0.18796,-2.8,10.975,4.34375,0.18796,0.0,9.984e-32,0.0,-1.7285e-06,-0.12616,121.73,-15.958,39.943,-0.0029558,-1000000.0,-795.63,-18.006,0.0,34.181,8.7169,16.56,0.60189,0.0,-1602.63,0.116,20.0
724,2024-12-25,0.0,0.2032,-0.1,7.125,3.17916666666667,0.2032,0.0,9.984e-32,0.0,-1.7285e-06,0.077038,121.73,-15.958,39.943,-0.0029576,-1000000.0,-795.63,-18.008,0.0,34.181,8.7169,16.56,0.60189,0.0,-1602.63,0.116,20.0
725,2024-12-26,0.0,0.21844,1.55,6.75,3.684375,0.21844,0.0,9.984e-32,0.0,-1.7285e-06,0.29548,121.73,-15.958,39.943,-0.0029593,-1000000.0,-795.63,-18.01,0.0,34.181,8.7169,16.56,0.60189,0.0,-1602.63,0.116,20.0
726,2024-12-27,0.0,0.17526,-1.475,6.175,2.21770833333333,0.17526,0.0,9.984e-32,0.0,-1.7285e-06,0.47074,121.73,-15.958,39.943,-0.002961,-1000000.0,-795.63,-18.011,0.0,34.181,8.7169,16.56,0.60189,0.0,-1602.63,0.116,20.0
727,2024-12-28,0.0,0.20574,1.4,9.45,4.14791666666667,0.20574,0.0,9.984e-32,0.0,-1.6987e-06,0.67648,121.73,-15.958,39.943,-0.0029627,-1000000.0,-795.63,-18.013,0.0,34.181,8.7169,16.56,0.60189,0.0,-1602.63,0.116,20.0
728,2024-12-29,0.1003,0.07874,-4.1,4.5,1.5125,0.07874,0.0,9.984e-32,0.0,-1.6987e-06,0.75522,121.73,-15.958,39.943,-0.0029644,-1000000.0,-795.63,-18.015,0.0,34.181,8.7169,16.56,0.60189,0.0,-1602.63,0.116,20.0
729,2024-12-30,0.0,0.01524,-7.6,-1.525,-4.54270833333333,0.01524,0.0,9.984e-32,0.0,-1.6987e-06,0.77046,121.73,-15.958,39.943,-0.0029661,-1000000.0,-795.63,-18.017,0.0,34.181,8.7169,16.56,0.60189,0.0,-1602.63,0.116,20.0
730,2024-12-31,0.0,0.0,-9.275,-2.3,-6.24583333333333,0.0,0.0,9.984e-32,0.0,-1.6987e-06,0.77046,121.73,-15.958,39.943,-0.0029678,-1000000.0,-795.63,-18.018,0.0,34.181,8.7169,16.56,0.60189,0.0,-1602.63,0.116,20.0
731,2025-01-01,0.0,0.0127,-13.4,-7.125,-10.69375,0.0127,0.0,9.984e-32,0.0,-1.6987e-06,0.78316,121.73,-15.958,39.943,-0.0029695,-1000000.0,-795.63,-18.02,0.0,34.181,8.7169,16.56,0.60189,0.0,-1602.63,0.116,20.0
732,2025-01-02,0.0,0.0127,-13.5,-9.725,-12.5635416666667,0.0127,0.0,9.984e-32,0.0,-1.6987e-06,0.79586,121.73,-15.958,39.943,-0.0029712,-1000000.0,-795.63,-18.022,0.0,34.181,8.7169,16.56,0.60189,0.0,-1602.63,0.116,20.0
733,2025-01-03,0.0,0.0127,-15.0,-11.325,-12.9666666666667,0.0127,0.0,9.984e-32,0.0,-1.6987e-06,0.80856,121.73,-15.958,39.943,-0.0029729,-1000000.0,-795.63,-18.024,0.0,34.181,8.7169,16.56,0.60189,0.0,-1602.63,0.116,20.0
734,2025-01-04,0.0,0.01016,-21.325,-11.175,-14.390625,0.01016,0.0,9.984e-32,0.0,-1.6987e-06,0.81872,121.73,-15.958,39.943,-0.0029746,-1000000.0,-795.63,-18.025,0.0,34.181,8.7169,16.56,0.60189,0.0,-1602.63,0.116,20.0
735,2025-01-05,0.0,0.00508,-22.6,-9.125,-14.8458333333333,0.00508,0.0,9.984e-32,0.0,-1.6689e-06,0.8238,121.73,-15.958,39.943,-0.0029763,-1000000.0,-795.63,-18.027,0.0,34.181,8.7169,16.56,0.60189,0.0,-1602.63,0.116,20.0
736,2025-01-06,0.0,0.01524,-11.125,-4.6,-8.06354166666667,0.01524,0.0,9.984e-32,0.0,-1.6689e-06,0.83904,121.73,-15.958,39.943,-0.002978,-1000000.0,-795.63,-18.029,0.0,34.181,8.7169,16.56,0.60189,0.0,-1602.63,0.116,20.0
737,2025-01-07,0.0,0.07112,-11.65,-0.85,-4.471875,0.07112,0.0,9.984e-32,0.0,-1.6689e-06,0.91016,121.73,-15.958,39.943,-0.0029796,-1000000.0,-795.63,-18.03,0.0,34.181,8.7169,16.56,0.60189,0.0,-1602.63,0.116,20.0
738,2025-01-08,0.0374,0.10668,-0.35,3.4,1.278125,0.10668,0.0,9.984e-32,0.0,-1.6689e-06,1.0168,121.73,-15.958,39.943,-0.0029813,-1000000.0,-795.63,-18.032,0.0,34.181,8.7169,16.56,0.60189,0.0,-1602.63,0.116,20.0
739,2025-01-09,0.0,0.06604,-3.7,1.125,-1.515625,0.06604,0.0,9.984e-32,0.0,-1.6689e-06,1.0829,121.73,-15.958,39.943,-0.002983,-1000000.0,-795.63,-18.034,0.0,34.181,8.7169,16.56,0.60189,0.0,-1602.63,0.116,20.0
740,2025-01-10,0.0,0.1905,-1.075,6.375,2.36354166666667,0.1905,0.0,9.984e-32,0.0,-1.6689e-06,1.2734,121.73,-15.958,39.943,-0.0029846,-1000000.0,-795.63,-18.035,0.0,34.181,8.7169,16.56,0.60189,0.0,-1602.63,0.116,20.0
741,2025-01-11,0.0085,0.04572,-1.725,2.475,-0.375,0.04572,0.0,9.984e-32,0.0,-1.6689e-06,1.3191,121.73,-15.958,39.943,-0.0029863,-1000000.0,-795.63,-18.037,0.0,34.181,8.7169,16.56,0.60189,0.0,-1602.63,0.116,20.0
742,2025-01-12,0.1139,0.02286,-6.675,0.3,-2.18229166666667,0.02286,0.0,9.984e-32,0.0,-1.6689e-06,1.342,121.73,-15.958,39.943,-0.002988,-1000000.0,-795.63,-18.039,0.0,34.181,8.7169,16.56,0.60189,0.0,-1602.63,0.116,20.0
743,2025-01-13,0.0,0.05588,-5.925,0.575,-2.31666666666667,0.05588,0.0,9.984e-32,0.0,-1.6391e-06,1.3978,121.73,-15.958,39.943,-0.0029896,-1000000.0,-795.63,-18.041,0.0,34.181,8.7169,16.56,0.60189,0.0,-1602.63,0.116,20.0
744,2025-01-14,0.0,0.10668,-4.7,2.175,-0.8375,0.10668,0.0,9.984e-32,0.0,-1.6391e-06,1.5045,121.73,-15.958,39.943,-0.0029912,-1000000.0,-795.63,-18.042,0.0,34.181,8.7169,16.56,0.60189,0.0,-1602.63,0.116,20.0
745,2025-01-15,0.0,0.127,1.125,5.75,3.30729166666667,0.127,0.0,9.984e-32,0.0,-1.6391e-06,1.6315,121.73,-15.958,39.943,-0.0029929,-1000000.0,-795.63,-18.044,0.0,34.181,8.7169,16.56,0.60189,0.0,-1602.63,0.116,20.0
746,2025-01-16,0.0,0.20574,-0.475,9.85,5.20208333333333,0.20574,0.0,9.984e-32,0.0,-1.6391e-06,1.8373,121.73,-15.958,39.943,-0.0029945,-1000000.0,-795.63,-18.046,0.0,34.181,8.7169,16.56,0.60189,0.0,-1602.63,0.116,20.0
747,2025-01-17,0.0102,0.04064,-13.675,-1.05,-8.821875,0.04064,0.0,9.984e-32,0.0,-1.6391e-06,1.8779,121.73,-15.958,39.943,-0.0029962,-1000000.0,-795.63,-18.047,0.0,34.181,8.7169,16.56,0.60189,0.0,-1602.63,0.116,20.0
748,2025-01-18,0.0,0.02032,-23.275,-11.45,-15.8322916666667,0.02032,0.0,9.984e-32,0.0,-1.6391e-06,1.8982,121.73,-15.958,39.943,-0.0029978,-1000000.0,-795.63,-18.049,0.0,34.181,8.7169,16.56,0.60189,0.0,-1602.63,0.116,20.0
749,2025-01-19,0.0,0.01778,-25.5,-12.125,-19.7854166666667,0.01778,0.0,9.984e-32,0.0,-1.6391e-06,1.916,121.73,-15.958,39.943,-0.0029994,-1000000.0,-795.63,-18.051,0.0,34.181,8.7169,16.56,0.60189,0.0,-1602.63,0.116,20.0
750,2025-01-20,0.0,0.05588,-25.125,-7.125,-15.5979166666667,0.05588,0.0,9.984e-32,0.0,-1.6391e-06,1.9719,121.73,-15.958,39.943,-0.0030011,-1000000.0,-795.63,-18.052,0.0,34.181,8.7169,16.56,0.60189,0.0,-1602.63,0.116,20.0
751,2025-01-21,0.0,0.14986,-6.725,0.8,-3.21979166666667,0.14986,0.0,9.984e-32,0.0,-1.6391e-06,2.1217,121.73,-15.958,39.943,-0.0030027,-1000000.0,-795.63,-18.054,0.0,34.181,8.7169,16.56,0.60189,0.0,-1602.63,0.116,20.0
752,2025-01-22,0.0,0.04572,-12.475,-1.4,-5.309375,0.04572,0.0,9.984e-32,0.0,-1.6093e-06,2.1675,121.73,-15.958,39.943,-0.0030043,-1000000.0,-795.63,-18.056,0.0,34.181,8.7169,16.56,0.60189,0.0,-1602.63,0.116,20.0
753,2025-01-23,0.0,0.15494,-9.2,1.875,-2.871875,0.15494,0.0,9.984e-32,0.0,-1.6093e-06,2.3224,121.73,-15.958,39.943,-0.0030059,-1000000.0,-795.63,-18.057,0.0,34.181,8.7169,16.56,0.60189,0.0,-1602.63,0.116,20.0
754,2025-01-24,0.0663,0.02794,-8.5,-0.275,-4.25208333333333,0.02794,0.0,9.984e-32,0.0,-1.6093e-06,2.3503,121.73,-15.958,39.943,-0.0030075,-1000000.0,-795.63,-18.059,0.0,34.181,8.7169,16.56,0.60189,0.0,-1602.63,0.116,20.0
755,2025-01-25,0.0,0.03302,-14.9,-4.35,-9.99583333333333,0.03302,0.0,9.984e-32,0.0,-1.6093e-06,2.3834,121.73,-15.958,39.943,-0.0030092,-1000000.0,-795.63,-18.06,0.0,34.181,8.7169,16.56,0.60189,0.0,-1602.63,0.116,20.0
