 ******* Program HYDRUS
 ******* 
 None                                                                    
 Date:   5. 1.    Time:  12:37:50
 Units: L = mm   , T = days , M = mmol 

----------------------------------------------------------
 Time       [T]        0.0000
----------------------------------------------------------
 Sub-region num.                     1
----------------------------------------------------------
 Length   [L]        0.15000E+03  0.15000E+03
 W-volume [L]        0.64582E+02  0.64582E+02
 In-flow  [L/T]      0.00000E+00  0.00000E+00
 h Mean   [L]       -0.15000E+02 -0.15000E+02
 Top Flux [L/T]     -0.17681E+01
 Bot Flux [L/T]     -0.17681E+01
----------------------------------------------------------

----------------------------------------------------------
 Time       [T]        1.0000
----------------------------------------------------------
 Sub-region num.                     1
----------------------------------------------------------
 Length   [L]        0.15000E+03  0.15000E+03
 W-volume [L]        0.62967E+02  0.62967E+02
 In-flow  [L/T]     -0.14929E+01 -0.14929E+01
 h Mean   [L]       -0.24721E+02 -0.24721E+02
 Top Flux [L/T]     -0.10186E-01
 Bot Flux [L/T]     -0.14903E+01
 WatBalT  [L]       -0.12398E-04
 WatBalR  [%]              0.001
----------------------------------------------------------

----------------------------------------------------------
 Time       [T]        2.0000
----------------------------------------------------------
 Sub-region num.                     1
----------------------------------------------------------
 Length   [L]        0.15000E+03  0.15000E+03
 W-volume [L]        0.61705E+02  0.61705E+02
 In-flow  [L/T]     -0.11769E+01 -0.11769E+01
 h Mean   [L]       -0.32660E+02 -0.32660E+02
 Top Flux [L/T]      0.29433E-01
 Bot Flux [L/T]     -0.11384E+01
 WatBalT  [L]       -0.15259E-04
 WatBalR  [%]              0.001
----------------------------------------------------------

----------------------------------------------------------
 Time       [T]        3.0000
----------------------------------------------------------
 Sub-region num.                     1
----------------------------------------------------------
 Length   [L]        0.15000E+03  0.15000E+03
 W-volume [L]        0.60631E+02  0.60631E+02
 In-flow  [L/T]     -0.10154E+01 -0.10154E+01
 h Mean   [L]       -0.39722E+02 -0.39722E+02
 Top Flux [L/T]      0.10061E+00
 Bot Flux [L/T]     -0.90577E+00
 WatBalT  [L]       -0.28849E-04
 WatBalR  [%]              0.001
----------------------------------------------------------

----------------------------------------------------------
 Time       [T]        4.0000
----------------------------------------------------------
 Sub-region num.                     1
----------------------------------------------------------
 Length   [L]        0.15000E+03  0.15000E+03
 W-volume [L]        0.59767E+02  0.59767E+02
 In-flow  [L/T]     -0.82807E+00 -0.82807E+00
 h Mean   [L]       -0.45646E+02 -0.45646E+02
 Top Flux [L/T]      0.72835E-01
 Bot Flux [L/T]     -0.74919E+00
 WatBalT  [L]       -0.20504E-04
 WatBalR  [%]              0.000
----------------------------------------------------------

----------------------------------------------------------
 Time       [T]        5.0000
----------------------------------------------------------
 Sub-region num.                     1
----------------------------------------------------------
 Length   [L]        0.15000E+03  0.15000E+03
 W-volume [L]        0.59076E+02  0.59076E+02
 In-flow  [L/T]     -0.66126E+00 -0.66126E+00
 h Mean   [L]       -0.50515E+02 -0.50515E+02
 Top Flux [L/T]      0.31194E-01
 Bot Flux [L/T]     -0.62593E+00
 WatBalT  [L]       -0.42915E-05
 WatBalR  [%]              0.000
----------------------------------------------------------

----------------------------------------------------------
 Time       [T]        6.0000
----------------------------------------------------------
 Sub-region num.                     1
----------------------------------------------------------
 Length   [L]        0.15000E+03  0.15000E+03
 W-volume [L]        0.58461E+02  0.58461E+02
 In-flow  [L/T]     -0.59666E+00 -0.59666E+00
 h Mean   [L]       -0.55029E+02 -0.55029E+02
 Top Flux [L/T]      0.45677E-01
 Bot Flux [L/T]     -0.54628E+00
 WatBalT  [L]        0.47684E-05
 WatBalR  [%]              0.000
----------------------------------------------------------

----------------------------------------------------------
 Time       [T]        7.0000
----------------------------------------------------------
 Sub-region num.                     1
----------------------------------------------------------
 Length   [L]        0.15000E+03  0.15000E+03
 W-volume [L]        0.57838E+02  0.57838E+02
 In-flow  [L/T]     -0.60617E+00 -0.60617E+00
 h Mean   [L]       -0.59822E+02 -0.59822E+02
 Top Flux [L/T]      0.12236E+00
 Bot Flux [L/T]     -0.47720E+00
 WatBalT  [L]       -0.76294E-05
 WatBalR  [%]              0.000
----------------------------------------------------------

----------------------------------------------------------
 Time       [T]        8.0000
----------------------------------------------------------
 Sub-region num.                     1
----------------------------------------------------------
 Length   [L]        0.15000E+03  0.15000E+03
 W-volume [L]        0.57218E+02  0.57218E+02
 In-flow  [L/T]     -0.60566E+00 -0.60566E+00
 h Mean   [L]       -0.64859E+02 -0.64859E+02
 Top Flux [L/T]      0.17981E+00
 Bot Flux [L/T]     -0.41860E+00
 WatBalT  [L]       -0.30041E-04
 WatBalR  [%]              0.000
----------------------------------------------------------

----------------------------------------------------------
 Time       [T]        9.0000
----------------------------------------------------------
 Sub-region num.                     1
----------------------------------------------------------
 Length   [L]        0.15000E+03  0.15000E+03
 W-volume [L]        0.56647E+02  0.56647E+02
 In-flow  [L/T]     -0.56258E+00 -0.56258E+00
 h Mean   [L]       -0.69717E+02 -0.69717E+02
 Top Flux [L/T]      0.17308E+00
 Bot Flux [L/T]     -0.38319E+00
 WatBalT  [L]       -0.20027E-04
 WatBalR  [%]              0.000
----------------------------------------------------------

----------------------------------------------------------
 Time       [T]       10.0000
----------------------------------------------------------
 Sub-region num.                     1
----------------------------------------------------------
 Length   [L]        0.15000E+03  0.15000E+03
 W-volume [L]        0.56192E+02  0.56192E+02
 In-flow  [L/T]     -0.44651E+00 -0.44651E+00
 h Mean   [L]       -0.73528E+02 -0.73528E+02
 Top Flux [L/T]      0.96214E-01
 Bot Flux [L/T]     -0.34844E+00
 WatBalT  [L]       -0.66757E-05
 WatBalR  [%]              0.000
----------------------------------------------------------

----------------------------------------------------------
 Time       [T]       11.0000
----------------------------------------------------------
 Sub-region num.                     1
----------------------------------------------------------
 Length   [L]        0.15000E+03  0.15000E+03
 W-volume [L]        0.55821E+02  0.55821E+02
 In-flow  [L/T]     -0.36248E+00 -0.36248E+00
 h Mean   [L]       -0.76628E+02 -0.76628E+02
 Top Flux [L/T]      0.46610E-01
 Bot Flux [L/T]     -0.31529E+00
 WatBalT  [L]       -0.22888E-04
 WatBalR  [%]              0.000
----------------------------------------------------------

----------------------------------------------------------
 Time       [T]       12.0000
----------------------------------------------------------
 Sub-region num.                     1
----------------------------------------------------------
 Length   [L]        0.15000E+03  0.15000E+03
 W-volume [L]        0.55334E+02  0.55334E+02
 In-flow  [L/T]     -0.47959E+00 -0.47959E+00
 h Mean   [L]       -0.81363E+02 -0.81363E+02
 Top Flux [L/T]      0.18550E+00
 Bot Flux [L/T]     -0.28522E+00
 WatBalT  [L]       -0.76294E-05
 WatBalR  [%]              0.000
----------------------------------------------------------

----------------------------------------------------------
 Time       [T]       13.0000
----------------------------------------------------------
 Sub-region num.                     1
----------------------------------------------------------
 Length   [L]        0.15000E+03  0.15000E+03
 W-volume [L]        0.54833E+02  0.54833E+02
 In-flow  [L/T]     -0.49708E+00 -0.49708E+00
 h Mean   [L]       -0.86712E+02 -0.86712E+02
 Top Flux [L/T]      0.22223E+00
 Bot Flux [L/T]     -0.26473E+00
 WatBalT  [L]       -0.15259E-04
 WatBalR  [%]              0.000
----------------------------------------------------------

----------------------------------------------------------
 Time       [T]       14.0000
----------------------------------------------------------
 Sub-region num.                     1
----------------------------------------------------------
 Length   [L]        0.15000E+03  0.15000E+03
 W-volume [L]        0.54407E+02  0.54407E+02
 In-flow  [L/T]     -0.42194E+00 -0.42194E+00
 h Mean   [L]       -0.91170E+02 -0.91170E+02
 Top Flux [L/T]      0.16964E+00
 Bot Flux [L/T]     -0.24803E+00
 WatBalT  [L]       -0.11444E-04
 WatBalR  [%]              0.000
----------------------------------------------------------

----------------------------------------------------------
 Time       [T]       15.0000
----------------------------------------------------------
 Sub-region num.                     1
----------------------------------------------------------
 Length   [L]        0.15000E+03  0.15000E+03
 W-volume [L]        0.54137E+02  0.54137E+02
 In-flow  [L/T]     -0.26578E+00 -0.26578E+00
 h Mean   [L]       -0.93287E+02 -0.93287E+02
 Top Flux [L/T]      0.37252E-01
 Bot Flux [L/T]     -0.23160E+00
 WatBalT  [L]       -0.38147E-05
 WatBalR  [%]              0.000
----------------------------------------------------------

----------------------------------------------------------
 Time       [T]       16.0000
----------------------------------------------------------
 Sub-region num.                     1
----------------------------------------------------------
 Length   [L]        0.15000E+03  0.15000E+03
 W-volume [L]        0.53896E+02  0.53896E+02
 In-flow  [L/T]     -0.23700E+00 -0.23700E+00
 h Mean   [L]       -0.95394E+02 -0.95394E+02
 Top Flux [L/T]      0.22602E-01
 Bot Flux [L/T]     -0.21554E+00
 WatBalT  [L]       -0.28610E-05
 WatBalR  [%]              0.000
----------------------------------------------------------

----------------------------------------------------------
 Time       [T]       17.0000
----------------------------------------------------------
 Sub-region num.                     1
----------------------------------------------------------
 Length   [L]        0.15000E+03  0.15000E+03
 W-volume [L]        0.53647E+02  0.53647E+02
 In-flow  [L/T]     -0.24438E+00 -0.24438E+00
 h Mean   [L]       -0.97807E+02 -0.97807E+02
 Top Flux [L/T]      0.42857E-01
 Bot Flux [L/T]     -0.20011E+00
 WatBalT  [L]       -0.47684E-05
 WatBalR  [%]              0.000
----------------------------------------------------------

----------------------------------------------------------
 Time       [T]       18.0000
----------------------------------------------------------
 Sub-region num.                     1
----------------------------------------------------------
 Length   [L]        0.15000E+03  0.15000E+03
 W-volume [L]        0.53297E+02  0.53297E+02
 In-flow  [L/T]     -0.34662E+00 -0.34662E+00
 h Mean   [L]       -0.10203E+03 -0.10203E+03
 Top Flux [L/T]      0.15232E+00
 Bot Flux [L/T]     -0.18558E+00
 WatBalT  [L]       -0.16212E-04
 WatBalR  [%]              0.000
----------------------------------------------------------

----------------------------------------------------------
 Time       [T]       19.0000
----------------------------------------------------------
 Sub-region num.                     1
----------------------------------------------------------
 Length   [L]        0.15000E+03  0.15000E+03
 W-volume [L]        0.53014E+02  0.53014E+02
 In-flow  [L/T]     -0.28024E+00 -0.28024E+00
 h Mean   [L]       -0.10527E+03 -0.10527E+03
 Top Flux [L/T]      0.10533E+00
 Bot Flux [L/T]     -0.17263E+00
 WatBalT  [L]        0.00000E+00
 WatBalR  [%]              0.000
----------------------------------------------------------

----------------------------------------------------------
 Time       [T]       20.0000
----------------------------------------------------------
 Sub-region num.                     1
----------------------------------------------------------
 Length   [L]        0.15000E+03  0.15000E+03
 W-volume [L]        0.52719E+02  0.52719E+02
 In-flow  [L/T]     -0.29295E+00 -0.29295E+00
 h Mean   [L]       -0.10895E+03 -0.10895E+03
 Top Flux [L/T]      0.12354E+00
 Bot Flux [L/T]     -0.16507E+00
 WatBalT  [L]        0.19073E-05
 WatBalR  [%]              0.000
----------------------------------------------------------

----------------------------------------------------------
 Time       [T]       21.0000
----------------------------------------------------------
 Sub-region num.                     1
----------------------------------------------------------
 Length   [L]        0.15000E+03  0.15000E+03
 W-volume [L]        0.52376E+02  0.52376E+02
 In-flow  [L/T]     -0.34137E+00 -0.34137E+00
 h Mean   [L]       -0.11398E+03 -0.11398E+03
 Top Flux [L/T]      0.17408E+00
 Bot Flux [L/T]     -0.15763E+00
 WatBalT  [L]       -0.66757E-05
 WatBalR  [%]              0.000
----------------------------------------------------------

----------------------------------------------------------
 Time       [T]       22.0000
----------------------------------------------------------
 Sub-region num.                     1
----------------------------------------------------------
 Length   [L]        0.15000E+03  0.15000E+03
 W-volume [L]        0.52144E+02  0.52144E+02
 In-flow  [L/T]     -0.22991E+00 -0.22991E+00
 h Mean   [L]       -0.11642E+03 -0.11642E+03
 Top Flux [L/T]      0.81213E-01
 Bot Flux [L/T]     -0.15033E+00
 WatBalT  [L]       -0.76294E-05
 WatBalR  [%]              0.000
----------------------------------------------------------

----------------------------------------------------------
 Time       [T]       23.0000
----------------------------------------------------------
 Sub-region num.                     1
----------------------------------------------------------
 Length   [L]        0.15000E+03  0.15000E+03
 W-volume [L]        0.51909E+02  0.51909E+02
 In-flow  [L/T]     -0.23288E+00 -0.23288E+00
 h Mean   [L]       -0.11928E+03 -0.11928E+03
 Top Flux [L/T]      0.88216E-01
 Bot Flux [L/T]     -0.14315E+00
 WatBalT  [L]       -0.13351E-04
 WatBalR  [%]              0.000
----------------------------------------------------------

----------------------------------------------------------
 Time       [T]       24.0000
----------------------------------------------------------
 Sub-region num.                     1
----------------------------------------------------------
 Length   [L]        0.15000E+03  0.15000E+03
 W-volume [L]        0.51687E+02  0.51687E+02
 In-flow  [L/T]     -0.22078E+00 -0.22078E+00
 h Mean   [L]       -0.12205E+03 -0.12205E+03
 Top Flux [L/T]      0.83316E-01
 Bot Flux [L/T]     -0.13615E+00
 WatBalT  [L]       -0.76294E-05
 WatBalR  [%]              0.000
----------------------------------------------------------

----------------------------------------------------------
 Time       [T]       25.0000
----------------------------------------------------------
 Sub-region num.                     1
----------------------------------------------------------
 Length   [L]        0.15000E+03  0.15000E+03
 W-volume [L]        0.51494E+02  0.51494E+02
 In-flow  [L/T]     -0.19107E+00 -0.19107E+00
 h Mean   [L]       -0.12427E+03 -0.12427E+03
 Top Flux [L/T]      0.62112E-01
 Bot Flux [L/T]     -0.12933E+00
 WatBalT  [L]        0.19073E-05
 WatBalR  [%]              0.000
----------------------------------------------------------

----------------------------------------------------------
 Time       [T]       26.0000
----------------------------------------------------------
 Sub-region num.                     1
----------------------------------------------------------
 Length   [L]        0.15000E+03  0.15000E+03
 W-volume [L]        0.51217E+02  0.51217E+02
 In-flow  [L/T]     -0.27587E+00 -0.27587E+00
 h Mean   [L]       -0.12902E+03 -0.12902E+03
 Top Flux [L/T]      0.14343E+00
 Bot Flux [L/T]     -0.12271E+00
 WatBalT  [L]        0.28610E-05
 WatBalR  [%]              0.000
----------------------------------------------------------

----------------------------------------------------------
 Time       [T]       27.0000
----------------------------------------------------------
 Sub-region num.                     1
----------------------------------------------------------
 Length   [L]        0.15000E+03  0.15000E+03
 W-volume [L]        0.51052E+02  0.51052E+02
 In-flow  [L/T]     -0.16277E+00 -0.16277E+00
 h Mean   [L]       -0.13053E+03 -0.13053E+03
 Top Flux [L/T]      0.49700E-01
 Bot Flux [L/T]     -0.11631E+00
 WatBalT  [L]       -0.10490E-04
 WatBalR  [%]              0.000
----------------------------------------------------------

----------------------------------------------------------
 Time       [T]       28.0000
----------------------------------------------------------
 Sub-region num.                     1
----------------------------------------------------------
 Length   [L]        0.15000E+03  0.15000E+03
 W-volume [L]        0.50906E+02  0.50906E+02
 In-flow  [L/T]     -0.14518E+00 -0.14518E+00
 h Mean   [L]       -0.13203E+03 -0.13203E+03
 Top Flux [L/T]      0.36631E-01
 Bot Flux [L/T]     -0.11018E+00
 WatBalT  [L]       -0.66757E-05
 WatBalR  [%]              0.000
----------------------------------------------------------

----------------------------------------------------------
 Time       [T]       29.0000
----------------------------------------------------------
 Sub-region num.                     1
----------------------------------------------------------
 Length   [L]        0.15000E+03  0.15000E+03
 W-volume [L]        0.50776E+02  0.50776E+02
 In-flow  [L/T]     -0.12791E+00 -0.12791E+00
 h Mean   [L]       -0.13333E+03 -0.13333E+03
 Top Flux [L/T]      0.24996E-01
 Bot Flux [L/T]     -0.10438E+00
 WatBalT  [L]        0.66757E-05
 WatBalR  [%]              0.000
----------------------------------------------------------

----------------------------------------------------------
 Time       [T]       30.0000
----------------------------------------------------------
 Sub-region num.                     1
----------------------------------------------------------
 Length   [L]        0.15000E+03  0.15000E+03
 W-volume [L]        0.50618E+02  0.50618E+02
 In-flow  [L/T]     -0.15762E+00 -0.15762E+00
 h Mean   [L]       -0.13551E+03 -0.13551E+03
 Top Flux [L/T]      0.54343E-01
 Bot Flux [L/T]     -0.10113E+00
 WatBalT  [L]       -0.11444E-04
 WatBalR  [%]              0.000
----------------------------------------------------------

----------------------------------------------------------
 Time       [T]       31.0000
----------------------------------------------------------
 Sub-region num.                     1
----------------------------------------------------------
 Length   [L]        0.15000E+03  0.15000E+03
 W-volume [L]        0.50414E+02  0.50414E+02
 In-flow  [L/T]     -0.20277E+00 -0.20277E+00
 h Mean   [L]       -0.13898E+03 -0.13898E+03
 Top Flux [L/T]      0.98936E-01
 Bot Flux [L/T]     -0.98030E-01
 WatBalT  [L]       -0.19073E-04
 WatBalR  [%]              0.000
----------------------------------------------------------

----------------------------------------------------------
 Time       [T]       32.0000
----------------------------------------------------------
 Sub-region num.                     1
----------------------------------------------------------
 Length   [L]        0.15000E+03  0.15000E+03
 W-volume [L]        0.50206E+02  0.50206E+02
 In-flow  [L/T]     -0.20732E+00 -0.20732E+00
 h Mean   [L]       -0.14273E+03 -0.14273E+03
 Top Flux [L/T]      0.10715E+00
 Bot Flux [L/T]     -0.94968E-01
 WatBalT  [L]        0.66757E-05
 WatBalR  [%]              0.000
----------------------------------------------------------

----------------------------------------------------------
 Time       [T]       33.0000
----------------------------------------------------------
 Sub-region num.                     1
----------------------------------------------------------
 Length   [L]        0.15000E+03  0.15000E+03
 W-volume [L]        0.49968E+02  0.49968E+02
 In-flow  [L/T]     -0.23731E+00 -0.23731E+00
 h Mean   [L]       -0.14802E+03 -0.14802E+03
 Top Flux [L/T]      0.13441E+00
 Bot Flux [L/T]     -0.91950E-01
 WatBalT  [L]        0.00000E+00
 WatBalR  [%]              0.000
----------------------------------------------------------

----------------------------------------------------------
 Time       [T]       34.0000
----------------------------------------------------------
 Sub-region num.                     1
----------------------------------------------------------
 Length   [L]        0.15000E+03  0.15000E+03
 W-volume [L]        0.49616E+02  0.49616E+02
 In-flow  [L/T]     -0.35117E+00 -0.35117E+00
 h Mean   [L]       -0.17677E+03 -0.17677E+03
 Top Flux [L/T]      0.22426E+00
 Bot Flux [L/T]     -0.88976E-01
 WatBalT  [L]       -0.25749E-04
 WatBalR  [%]              0.000
----------------------------------------------------------

----------------------------------------------------------
 Time       [T]       35.0000
----------------------------------------------------------
 Sub-region num.                     1
----------------------------------------------------------
 Length   [L]        0.15000E+03  0.15000E+03
 W-volume [L]        0.49335E+02  0.49335E+02
 In-flow  [L/T]     -0.27965E+00 -0.27965E+00
 h Mean   [L]       -0.26318E+03 -0.26318E+03
 Top Flux [L/T]      0.17859E+00
 Bot Flux [L/T]     -0.86040E-01
 WatBalT  [L]       -0.28610E-04
 WatBalR  [%]              0.000
----------------------------------------------------------

----------------------------------------------------------
 Time       [T]       36.0000
----------------------------------------------------------
 Sub-region num.                     1
----------------------------------------------------------
 Length   [L]        0.15000E+03  0.15000E+03
 W-volume [L]        0.49051E+02  0.49051E+02
 In-flow  [L/T]     -0.25554E+00 -0.25554E+00
 h Mean   [L]       -0.35496E+04 -0.35496E+04
 Top Flux [L/T]      0.17065E+00
 Bot Flux [L/T]     -0.83152E-01
 WatBalT  [L]       -0.95367E-05
 WatBalR  [%]              0.000
----------------------------------------------------------

----------------------------------------------------------
 Time       [T]       37.0000
----------------------------------------------------------
 Sub-region num.                     1
----------------------------------------------------------
 Length   [L]        0.15000E+03  0.15000E+03
 W-volume [L]        0.48842E+02  0.48842E+02
 In-flow  [L/T]     -0.19667E+00 -0.19667E+00
 h Mean   [L]       -0.35644E+04 -0.35644E+04
 Top Flux [L/T]      0.11581E+00
 Bot Flux [L/T]     -0.80309E-01
 WatBalT  [L]       -0.76485E-03
 WatBalR  [%]              0.005
----------------------------------------------------------

----------------------------------------------------------
 Time       [T]       38.0000
----------------------------------------------------------
 Sub-region num.                     1
----------------------------------------------------------
 Length   [L]        0.15000E+03  0.15000E+03
 W-volume [L]        0.48659E+02  0.48659E+02
 In-flow  [L/T]     -0.17795E+00 -0.17795E+00
 h Mean   [L]       -0.35720E+04 -0.35720E+04
 Top Flux [L/T]      0.99897E-01
 Bot Flux [L/T]     -0.77522E-01
 WatBalT  [L]       -0.77629E-03
 WatBalR  [%]              0.005
----------------------------------------------------------

----------------------------------------------------------
 Time       [T]       39.0000
----------------------------------------------------------
 Sub-region num.                     1
----------------------------------------------------------
 Length   [L]        0.15000E+03  0.15000E+03
 W-volume [L]        0.48489E+02  0.48489E+02
 In-flow  [L/T]     -0.16797E+00 -0.16797E+00
 h Mean   [L]       -0.35776E+04 -0.35776E+04
 Top Flux [L/T]      0.92662E-01
 Bot Flux [L/T]     -0.74787E-01
 WatBalT  [L]       -0.76103E-03
 WatBalR  [%]              0.005
----------------------------------------------------------

----------------------------------------------------------
 Time       [T]       40.0000
----------------------------------------------------------
 Sub-region num.                     1
----------------------------------------------------------
 Length   [L]        0.15000E+03  0.15000E+03
 W-volume [L]        0.48329E+02  0.48329E+02
 In-flow  [L/T]     -0.15693E+00 -0.15693E+00
 h Mean   [L]       -0.35820E+04 -0.35820E+04
 Top Flux [L/T]      0.84328E-01
 Bot Flux [L/T]     -0.72094E-01
 WatBalT  [L]       -0.76294E-03
 WatBalR  [%]              0.005
----------------------------------------------------------

----------------------------------------------------------
 Time       [T]       41.0000
----------------------------------------------------------
 Sub-region num.                     1
----------------------------------------------------------
 Length   [L]        0.15000E+03  0.15000E+03
 W-volume [L]        0.48176E+02  0.48176E+02
 In-flow  [L/T]     -0.15130E+00 -0.15130E+00
 h Mean   [L]       -0.35869E+04 -0.35869E+04
 Top Flux [L/T]      0.81346E-01
 Bot Flux [L/T]     -0.69454E-01
 WatBalT  [L]       -0.75722E-03
 WatBalR  [%]              0.005
----------------------------------------------------------

----------------------------------------------------------
 Time       [T]       42.0000
----------------------------------------------------------
 Sub-region num.                     1
----------------------------------------------------------
 Length   [L]        0.15000E+03  0.15000E+03
 W-volume [L]        0.48031E+02  0.48031E+02
 In-flow  [L/T]     -0.14286E+00 -0.14286E+00
 h Mean   [L]       -0.35903E+04 -0.35903E+04
 Top Flux [L/T]      0.75494E-01
 Bot Flux [L/T]     -0.66869E-01
 WatBalT  [L]       -0.75340E-03
 WatBalR  [%]              0.005
----------------------------------------------------------

----------------------------------------------------------
 Time       [T]       43.0000
----------------------------------------------------------
 Sub-region num.                     1
----------------------------------------------------------
 Length   [L]        0.15000E+03  0.15000E+03
 W-volume [L]        0.47891E+02  0.47891E+02
 In-flow  [L/T]     -0.13808E+00 -0.13808E+00
 h Mean   [L]       -0.35949E+04 -0.35949E+04
 Top Flux [L/T]      0.73254E-01
 Bot Flux [L/T]     -0.64344E-01
 WatBalT  [L]       -0.76103E-03
 WatBalR  [%]              0.005
----------------------------------------------------------

----------------------------------------------------------
 Time       [T]       44.0000
----------------------------------------------------------
 Sub-region num.                     1
----------------------------------------------------------
 Length   [L]        0.15000E+03  0.15000E+03
 W-volume [L]        0.47758E+02  0.47758E+02
 In-flow  [L/T]     -0.13057E+00 -0.13057E+00
 h Mean   [L]       -0.35976E+04 -0.35976E+04
 Top Flux [L/T]      0.68209E-01
 Bot Flux [L/T]     -0.61890E-01
 WatBalT  [L]       -0.76675E-03
 WatBalR  [%]              0.005
----------------------------------------------------------

----------------------------------------------------------
 Time       [T]       45.0000
----------------------------------------------------------
 Sub-region num.                     1
----------------------------------------------------------
 Length   [L]        0.15000E+03  0.15000E+03
 W-volume [L]        0.47631E+02  0.47631E+02
 In-flow  [L/T]     -0.12630E+00 -0.12630E+00
 h Mean   [L]       -0.28339E+04 -0.28339E+04
 Top Flux [L/T]      0.66356E-01
 Bot Flux [L/T]     -0.59811E-01
 WatBalT  [L]       -0.75722E-03
 WatBalR  [%]              0.004
----------------------------------------------------------

----------------------------------------------------------
 Time       [T]       46.0000
----------------------------------------------------------
 Sub-region num.                     1
----------------------------------------------------------
 Length   [L]        0.15000E+03  0.15000E+03
 W-volume [L]        0.47503E+02  0.47503E+02
 In-flow  [L/T]     -0.12454E+00 -0.12454E+00
 h Mean   [L]       -0.36053E+04 -0.36053E+04
 Top Flux [L/T]      0.65581E-01
 Bot Flux [L/T]     -0.58551E-01
 WatBalT  [L]       -0.76294E-03
 WatBalR  [%]              0.004
----------------------------------------------------------

----------------------------------------------------------
 Time       [T]       47.0000
----------------------------------------------------------
 Sub-region num.                     1
----------------------------------------------------------
 Length   [L]        0.15000E+03  0.15000E+03
 W-volume [L]        0.47381E+02  0.47381E+02
 In-flow  [L/T]     -0.12097E+00 -0.12097E+00
 h Mean   [L]       -0.36090E+04 -0.36090E+04
 Top Flux [L/T]      0.63253E-01
 Bot Flux [L/T]     -0.57311E-01
 WatBalT  [L]       -0.74959E-03
 WatBalR  [%]              0.004
----------------------------------------------------------

----------------------------------------------------------
 Time       [T]       48.0000
----------------------------------------------------------
 Sub-region num.                     1
----------------------------------------------------------
 Length   [L]        0.15000E+03  0.15000E+03
 W-volume [L]        0.47263E+02  0.47263E+02
 In-flow  [L/T]     -0.11757E+00 -0.11757E+00
 h Mean   [L]       -0.36126E+04 -0.36126E+04
 Top Flux [L/T]      0.61088E-01
 Bot Flux [L/T]     -0.56085E-01
 WatBalT  [L]       -0.75912E-03
 WatBalR  [%]              0.004
----------------------------------------------------------

----------------------------------------------------------
 Time       [T]       49.0000
----------------------------------------------------------
 Sub-region num.                     1
----------------------------------------------------------
 Length   [L]        0.15000E+03  0.15000E+03
 W-volume [L]        0.47148E+02  0.47148E+02
 In-flow  [L/T]     -0.11417E+00 -0.11417E+00
 h Mean   [L]       -0.36161E+04 -0.36161E+04
 Top Flux [L/T]      0.58903E-01
 Bot Flux [L/T]     -0.54871E-01
 WatBalT  [L]       -0.75150E-03
 WatBalR  [%]              0.004
----------------------------------------------------------

----------------------------------------------------------
 Time       [T]       50.0000
----------------------------------------------------------
 Sub-region num.                     1
----------------------------------------------------------
 Length   [L]        0.15000E+03  0.15000E+03
 W-volume [L]        0.47036E+02  0.47036E+02
 In-flow  [L/T]     -0.11100E+00 -0.11100E+00
 h Mean   [L]       -0.36193E+04 -0.36193E+04
 Top Flux [L/T]      0.56943E-01
 Bot Flux [L/T]     -0.53667E-01
 WatBalT  [L]       -0.74196E-03
 WatBalR  [%]              0.004
----------------------------------------------------------

----------------------------------------------------------
 Time       [T]       51.0000
----------------------------------------------------------
 Sub-region num.                     1
----------------------------------------------------------
 Length   [L]        0.15000E+03  0.15000E+03
 W-volume [L]        0.46926E+02  0.46926E+02
 In-flow  [L/T]     -0.10874E+00 -0.10874E+00
 h Mean   [L]       -0.36224E+04 -0.36224E+04
 Top Flux [L/T]      0.55880E-01
 Bot Flux [L/T]     -0.52474E-01
 WatBalT  [L]       -0.74387E-03
 WatBalR  [%]              0.004
----------------------------------------------------------

----------------------------------------------------------
 Time       [T]       52.0000
----------------------------------------------------------
 Sub-region num.                     1
----------------------------------------------------------
 Length   [L]        0.15000E+03  0.15000E+03
 W-volume [L]        0.46819E+02  0.46819E+02
 In-flow  [L/T]     -0.10668E+00 -0.10668E+00
 h Mean   [L]       -0.36267E+04 -0.36267E+04
 Top Flux [L/T]      0.55000E-01
 Bot Flux [L/T]     -0.51291E-01
 WatBalT  [L]       -0.75340E-03
 WatBalR  [%]              0.004
----------------------------------------------------------

----------------------------------------------------------
 Time       [T]       53.0000
----------------------------------------------------------
 Sub-region num.                     1
----------------------------------------------------------
 Length   [L]        0.15000E+03  0.15000E+03
 W-volume [L]        0.46746E+02  0.46746E+02
 In-flow  [L/T]     -0.73360E-01 -0.73360E-01
 h Mean   [L]       -0.51478E+03 -0.51478E+03
 Top Flux [L/T]      0.28586E-01
 Bot Flux [L/T]     -0.50118E-01
 WatBalT  [L]       -0.75722E-03
 WatBalR  [%]              0.004
----------------------------------------------------------

----------------------------------------------------------
 Time       [T]       54.0000
----------------------------------------------------------
 Sub-region num.                     1
----------------------------------------------------------
 Length   [L]        0.15000E+03  0.15000E+03
 W-volume [L]        0.46678E+02  0.46678E+02
 In-flow  [L/T]     -0.67115E-01 -0.67115E-01
 h Mean   [L]       -0.30203E+03 -0.30203E+03
 Top Flux [L/T]      0.25474E-01
 Bot Flux [L/T]     -0.48956E-01
 WatBalT  [L]       -0.75912E-03
 WatBalR  [%]              0.004
----------------------------------------------------------

----------------------------------------------------------
 Time       [T]       55.0000
----------------------------------------------------------
 Sub-region num.                     1
----------------------------------------------------------
 Length   [L]        0.15000E+03  0.15000E+03
 W-volume [L]        0.46574E+02  0.46574E+02
 In-flow  [L/T]     -0.10406E+00 -0.10406E+00
 h Mean   [L]       -0.42949E+03 -0.42949E+03
 Top Flux [L/T]      0.53169E-01
 Bot Flux [L/T]     -0.47805E-01
 WatBalT  [L]       -0.76485E-03
 WatBalR  [%]              0.004
----------------------------------------------------------

----------------------------------------------------------
 Time       [T]       56.0000
----------------------------------------------------------
 Sub-region num.                     1
----------------------------------------------------------
 Length   [L]        0.15000E+03  0.15000E+03
 W-volume [L]        0.46432E+02  0.46432E+02
 In-flow  [L/T]     -0.10603E+00 -0.10603E+00
 h Mean   [L]       -0.36303E+04 -0.36303E+04
 Top Flux [L/T]      0.58998E-01
 Bot Flux [L/T]     -0.46664E-01
 WatBalT  [L]       -0.73051E-03
 WatBalR  [%]              0.004
----------------------------------------------------------

----------------------------------------------------------
 Time       [T]       57.0000
----------------------------------------------------------
 Sub-region num.                     1
----------------------------------------------------------
 Length   [L]        0.15000E+03  0.15000E+03
 W-volume [L]        0.46332E+02  0.46332E+02
 In-flow  [L/T]     -0.97056E-01 -0.97056E-01
 h Mean   [L]       -0.36366E+04 -0.36366E+04
 Top Flux [L/T]      0.51157E-01
 Bot Flux [L/T]     -0.45535E-01
 WatBalT  [L]       -0.76294E-03
 WatBalR  [%]              0.004
----------------------------------------------------------

----------------------------------------------------------
 Time       [T]       58.0000
----------------------------------------------------------
 Sub-region num.                     1
----------------------------------------------------------
 Length   [L]        0.15000E+03  0.15000E+03
 W-volume [L]        0.46237E+02  0.46237E+02
 In-flow  [L/T]     -0.93071E-01 -0.93071E-01
 h Mean   [L]       -0.36401E+04 -0.36401E+04
 Top Flux [L/T]      0.48289E-01
 Bot Flux [L/T]     -0.44418E-01
 WatBalT  [L]       -0.75150E-03
 WatBalR  [%]              0.004
----------------------------------------------------------

----------------------------------------------------------
 Time       [T]       59.0000
----------------------------------------------------------
 Sub-region num.                     1
----------------------------------------------------------
 Length   [L]        0.15000E+03  0.15000E+03
 W-volume [L]        0.46145E+02  0.46145E+02
 In-flow  [L/T]     -0.90228E-01 -0.90228E-01
 h Mean   [L]       -0.36445E+04 -0.36445E+04
 Top Flux [L/T]      0.46556E-01
 Bot Flux [L/T]     -0.43312E-01
 WatBalT  [L]       -0.74959E-03
 WatBalR  [%]              0.004
----------------------------------------------------------

----------------------------------------------------------
 Time       [T]       60.0000
----------------------------------------------------------
 Sub-region num.                     1
----------------------------------------------------------
 Length   [L]        0.15000E+03  0.15000E+03
 W-volume [L]        0.46056E+02  0.46056E+02
 In-flow  [L/T]     -0.88511E-01 -0.88511E-01
 h Mean   [L]       -0.36469E+04 -0.36469E+04
 Top Flux [L/T]      0.45936E-01
 Bot Flux [L/T]     -0.42218E-01
 WatBalT  [L]       -0.75531E-03
 WatBalR  [%]              0.004
----------------------------------------------------------

----------------------------------------------------------
 Time       [T]       61.0000
----------------------------------------------------------
 Sub-region num.                     1
----------------------------------------------------------
 Length   [L]        0.15000E+03  0.15000E+03
 W-volume [L]        0.45969E+02  0.45969E+02
 In-flow  [L/T]     -0.86546E-01 -0.86546E-01
 h Mean   [L]       -0.36497E+04 -0.36497E+04
 Top Flux [L/T]      0.45058E-01
 Bot Flux [L/T]     -0.41136E-01
 WatBalT  [L]       -0.76103E-03
 WatBalR  [%]              0.004
----------------------------------------------------------

----------------------------------------------------------
 Time       [T]       62.0000
----------------------------------------------------------
 Sub-region num.                     1
----------------------------------------------------------
 Length   [L]        0.15000E+03  0.15000E+03
 W-volume [L]        0.45884E+02  0.45884E+02
 In-flow  [L/T]     -0.84889E-01 -0.84889E-01
 h Mean   [L]       -0.36525E+04 -0.36525E+04
 Top Flux [L/T]      0.44474E-01
 Bot Flux [L/T]     -0.40065E-01
 WatBalT  [L]       -0.75340E-03
 WatBalR  [%]              0.004
----------------------------------------------------------

----------------------------------------------------------
 Time       [T]       63.0000
----------------------------------------------------------
 Sub-region num.                     1
----------------------------------------------------------
 Length   [L]        0.15000E+03  0.15000E+03
 W-volume [L]        0.45800E+02  0.45800E+02
 In-flow  [L/T]     -0.83258E-01 -0.83258E-01
 h Mean   [L]       -0.36553E+04 -0.36553E+04
 Top Flux [L/T]      0.43905E-01
 Bot Flux [L/T]     -0.39009E-01
 WatBalT  [L]       -0.77057E-03
 WatBalR  [%]              0.004
----------------------------------------------------------

----------------------------------------------------------
 Time       [T]       64.0000
----------------------------------------------------------
 Sub-region num.                     1
----------------------------------------------------------
 Length   [L]        0.15000E+03  0.15000E+03
 W-volume [L]        0.45726E+02  0.45726E+02
 In-flow  [L/T]     -0.73867E-01 -0.73867E-01
 h Mean   [L]       -0.19143E+04 -0.19143E+04
 Top Flux [L/T]      0.36488E-01
 Bot Flux [L/T]     -0.37966E-01
 WatBalT  [L]       -0.77820E-03
 WatBalR  [%]              0.004
----------------------------------------------------------

----------------------------------------------------------
 Time       [T]       65.0000
----------------------------------------------------------
 Sub-region num.                     1
----------------------------------------------------------
 Length   [L]        0.15000E+03  0.15000E+03
 W-volume [L]        0.45640E+02  0.45640E+02
 In-flow  [L/T]     -0.80697E-01 -0.80697E-01
 h Mean   [L]       -0.36587E+04 -0.36587E+04
 Top Flux [L/T]      0.43425E-01
 Bot Flux [L/T]     -0.36934E-01
 WatBalT  [L]       -0.14820E-02
 WatBalR  [%]              0.008
----------------------------------------------------------

----------------------------------------------------------
 Time       [T]       66.0000
----------------------------------------------------------
 Sub-region num.                     1
----------------------------------------------------------
 Length   [L]        0.15000E+03  0.15000E+03
 W-volume [L]        0.45561E+02  0.45561E+02
 In-flow  [L/T]     -0.78553E-01 -0.78553E-01
 h Mean   [L]       -0.36621E+04 -0.36621E+04
 Top Flux [L/T]      0.42307E-01
 Bot Flux [L/T]     -0.35914E-01
 WatBalT  [L]       -0.14877E-02
 WatBalR  [%]              0.008
----------------------------------------------------------

----------------------------------------------------------
 Time       [T]       67.0000
----------------------------------------------------------
 Sub-region num.                     1
----------------------------------------------------------
 Length   [L]        0.15000E+03  0.15000E+03
 W-volume [L]        0.45484E+02  0.45484E+02
 In-flow  [L/T]     -0.76986E-01 -0.76986E-01
 h Mean   [L]       -0.36654E+04 -0.36654E+04
 Top Flux [L/T]      0.41753E-01
 Bot Flux [L/T]     -0.34905E-01
 WatBalT  [L]       -0.14744E-02
 WatBalR  [%]              0.008
----------------------------------------------------------

----------------------------------------------------------
 Time       [T]       68.0000
----------------------------------------------------------
 Sub-region num.                     1
----------------------------------------------------------
 Length   [L]        0.15000E+03  0.15000E+03
 W-volume [L]        0.45408E+02  0.45408E+02
 In-flow  [L/T]     -0.75005E-01 -0.75005E-01
 h Mean   [L]       -0.36684E+04 -0.36684E+04
 Top Flux [L/T]      0.40780E-01
 Bot Flux [L/T]     -0.33896E-01
 WatBalT  [L]       -0.14820E-02
 WatBalR  [%]              0.008
----------------------------------------------------------

----------------------------------------------------------
 Time       [T]       69.0000
----------------------------------------------------------
 Sub-region num.                     1
----------------------------------------------------------
 Length   [L]        0.15000E+03  0.15000E+03
 W-volume [L]        0.45347E+02  0.45347E+02
 In-flow  [L/T]     -0.61469E-01 -0.61469E-01
 h Mean   [L]       -0.13342E+04 -0.13342E+04
 Top Flux [L/T]      0.29628E-01
 Bot Flux [L/T]     -0.33227E-01
 WatBalT  [L]       -0.14820E-02
 WatBalR  [%]              0.008
----------------------------------------------------------

----------------------------------------------------------
 Time       [T]       70.0000
----------------------------------------------------------
 Sub-region num.                     1
----------------------------------------------------------
 Length   [L]        0.15000E+03  0.15000E+03
 W-volume [L]        0.45266E+02  0.45266E+02
 In-flow  [L/T]     -0.75931E-01 -0.75931E-01
 h Mean   [L]       -0.36700E+04 -0.36700E+04
 Top Flux [L/T]      0.42918E-01
 Bot Flux [L/T]     -0.32728E-01
 WatBalT  [L]       -0.14858E-02
 WatBalR  [%]              0.008
----------------------------------------------------------

----------------------------------------------------------
 Time       [T]       71.0000
----------------------------------------------------------
 Sub-region num.                     1
----------------------------------------------------------
 Length   [L]        0.15000E+03  0.15000E+03
 W-volume [L]        0.45193E+02  0.45193E+02
 In-flow  [L/T]     -0.71815E-01 -0.71815E-01
 h Mean   [L]       -0.36748E+04 -0.36748E+04
 Top Flux [L/T]      0.39304E-01
 Bot Flux [L/T]     -0.32233E-01
 WatBalT  [L]       -0.14801E-02
 WatBalR  [%]              0.008
----------------------------------------------------------

----------------------------------------------------------
 Time       [T]       72.0000
----------------------------------------------------------
 Sub-region num.                     1
----------------------------------------------------------
 Length   [L]        0.15000E+03  0.15000E+03
 W-volume [L]        0.45123E+02  0.45123E+02
 In-flow  [L/T]     -0.70029E-01 -0.70029E-01
 h Mean   [L]       -0.36774E+04 -0.36774E+04
 Top Flux [L/T]      0.38008E-01
 Bot Flux [L/T]     -0.31746E-01
 WatBalT  [L]       -0.14763E-02
 WatBalR  [%]              0.008
----------------------------------------------------------

----------------------------------------------------------
 Time       [T]       73.0000
----------------------------------------------------------
 Sub-region num.                     1
----------------------------------------------------------
 Length   [L]        0.15000E+03  0.15000E+03
 W-volume [L]        0.45053E+02  0.45053E+02
 In-flow  [L/T]     -0.68950E-01 -0.68950E-01
 h Mean   [L]       -0.36801E+04 -0.36801E+04
 Top Flux [L/T]      0.37413E-01
 Bot Flux [L/T]     -0.31266E-01
 WatBalT  [L]       -0.14782E-02
 WatBalR  [%]              0.008
----------------------------------------------------------

----------------------------------------------------------
 Time       [T]       74.0000
----------------------------------------------------------
 Sub-region num.                     1
----------------------------------------------------------
 Length   [L]        0.15000E+03  0.15000E+03
 W-volume [L]        0.44985E+02  0.44985E+02
 In-flow  [L/T]     -0.67818E-01 -0.67818E-01
 h Mean   [L]       -0.36828E+04 -0.36828E+04
 Top Flux [L/T]      0.36759E-01
 Bot Flux [L/T]     -0.30791E-01
 WatBalT  [L]       -0.14915E-02
 WatBalR  [%]              0.008
----------------------------------------------------------

----------------------------------------------------------
 Time       [T]       75.0000
----------------------------------------------------------
 Sub-region num.                     1
----------------------------------------------------------
 Length   [L]        0.15000E+03  0.15000E+03
 W-volume [L]        0.44918E+02  0.44918E+02
 In-flow  [L/T]     -0.66642E-01 -0.66642E-01
 h Mean   [L]       -0.36852E+04 -0.36852E+04
 Top Flux [L/T]      0.36057E-01
 Bot Flux [L/T]     -0.30321E-01
 WatBalT  [L]       -0.14877E-02
 WatBalR  [%]              0.008
----------------------------------------------------------

----------------------------------------------------------
 Time       [T]       76.0000
----------------------------------------------------------
 Sub-region num.                     1
----------------------------------------------------------
 Length   [L]        0.15000E+03  0.15000E+03
 W-volume [L]        0.44852E+02  0.44852E+02
 In-flow  [L/T]     -0.65570E-01 -0.65570E-01
 h Mean   [L]       -0.36876E+04 -0.36876E+04
 Top Flux [L/T]      0.35451E-01
 Bot Flux [L/T]     -0.29856E-01
 WatBalT  [L]       -0.14858E-02
 WatBalR  [%]              0.008
----------------------------------------------------------

----------------------------------------------------------
 Time       [T]       77.0000
----------------------------------------------------------
 Sub-region num.                     1
----------------------------------------------------------
 Length   [L]        0.15000E+03  0.15000E+03
 W-volume [L]        0.44788E+02  0.44788E+02
 In-flow  [L/T]     -0.64571E-01 -0.64571E-01
 h Mean   [L]       -0.36899E+04 -0.36899E+04
 Top Flux [L/T]      0.34915E-01
 Bot Flux [L/T]     -0.29396E-01
 WatBalT  [L]       -0.14725E-02
 WatBalR  [%]              0.007
----------------------------------------------------------

----------------------------------------------------------
 Time       [T]       78.0000
----------------------------------------------------------
 Sub-region num.                     1
----------------------------------------------------------
 Length   [L]        0.15000E+03  0.15000E+03
 W-volume [L]        0.44724E+02  0.44724E+02
 In-flow  [L/T]     -0.63593E-01 -0.63593E-01
 h Mean   [L]       -0.36921E+04 -0.36921E+04
 Top Flux [L/T]      0.34394E-01
 Bot Flux [L/T]     -0.28941E-01
 WatBalT  [L]       -0.14858E-02
 WatBalR  [%]              0.007
----------------------------------------------------------

----------------------------------------------------------
 Time       [T]       79.0000
----------------------------------------------------------
 Sub-region num.                     1
----------------------------------------------------------
 Length   [L]        0.15000E+03  0.15000E+03
 W-volume [L]        0.44661E+02  0.44661E+02
 In-flow  [L/T]     -0.62629E-01 -0.62629E-01
 h Mean   [L]       -0.36943E+04 -0.36943E+04
 Top Flux [L/T]      0.33884E-01
 Bot Flux [L/T]     -0.28490E-01
 WatBalT  [L]       -0.14935E-02
 WatBalR  [%]              0.007
----------------------------------------------------------

----------------------------------------------------------
 Time       [T]       80.0000
----------------------------------------------------------
 Sub-region num.                     1
----------------------------------------------------------
 Length   [L]        0.15000E+03  0.15000E+03
 W-volume [L]        0.44599E+02  0.44599E+02
 In-flow  [L/T]     -0.61690E-01 -0.61690E-01
 h Mean   [L]       -0.36965E+04 -0.36965E+04
 Top Flux [L/T]      0.33396E-01
 Bot Flux [L/T]     -0.28043E-01
 WatBalT  [L]       -0.14744E-02
 WatBalR  [%]              0.007
----------------------------------------------------------

----------------------------------------------------------
 Time       [T]       81.0000
----------------------------------------------------------
 Sub-region num.                     1
----------------------------------------------------------
 Length   [L]        0.15000E+03  0.15000E+03
 W-volume [L]        0.44538E+02  0.44538E+02
 In-flow  [L/T]     -0.60742E-01 -0.60742E-01
 h Mean   [L]       -0.36985E+04 -0.36985E+04
 Top Flux [L/T]      0.32892E-01
 Bot Flux [L/T]     -0.27600E-01
 WatBalT  [L]       -0.14782E-02
 WatBalR  [%]              0.007
----------------------------------------------------------

----------------------------------------------------------
 Time       [T]       82.0000
----------------------------------------------------------
 Sub-region num.                     1
----------------------------------------------------------
 Length   [L]        0.15000E+03  0.15000E+03
 W-volume [L]        0.44478E+02  0.44478E+02
 In-flow  [L/T]     -0.60222E-01 -0.60222E-01
 h Mean   [L]       -0.37008E+04 -0.37008E+04
 Top Flux [L/T]      0.32813E-01
 Bot Flux [L/T]     -0.27162E-01
 WatBalT  [L]       -0.14935E-02
 WatBalR  [%]              0.007
----------------------------------------------------------

----------------------------------------------------------
 Time       [T]       83.0000
----------------------------------------------------------
 Sub-region num.                     1
----------------------------------------------------------
 Length   [L]        0.15000E+03  0.15000E+03
 W-volume [L]        0.44418E+02  0.44418E+02
 In-flow  [L/T]     -0.58926E-01 -0.58926E-01
 h Mean   [L]       -0.37026E+04 -0.37026E+04
 Top Flux [L/T]      0.31953E-01
 Bot Flux [L/T]     -0.26728E-01
 WatBalT  [L]       -0.14782E-02
 WatBalR  [%]              0.007
----------------------------------------------------------

----------------------------------------------------------
 Time       [T]       84.0000
----------------------------------------------------------
 Sub-region num.                     1
----------------------------------------------------------
 Length   [L]        0.15000E+03  0.15000E+03
 W-volume [L]        0.44360E+02  0.44360E+02
 In-flow  [L/T]     -0.58795E-01 -0.58795E-01
 h Mean   [L]       -0.37051E+04 -0.37051E+04
 Top Flux [L/T]      0.32254E-01
 Bot Flux [L/T]     -0.26298E-01
 WatBalT  [L]       -0.14858E-02
 WatBalR  [%]              0.007
----------------------------------------------------------

----------------------------------------------------------
 Time       [T]       85.0000
----------------------------------------------------------
 Sub-region num.                     1
----------------------------------------------------------
 Length   [L]        0.15000E+03  0.15000E+03
 W-volume [L]        0.44302E+02  0.44302E+02
 In-flow  [L/T]     -0.57055E-01 -0.57055E-01
 h Mean   [L]       -0.37067E+04 -0.37067E+04
 Top Flux [L/T]      0.30943E-01
 Bot Flux [L/T]     -0.25872E-01
 WatBalT  [L]       -0.14915E-02
 WatBalR  [%]              0.007
----------------------------------------------------------

----------------------------------------------------------
 Time       [T]       86.0000
----------------------------------------------------------
 Sub-region num.                     1
----------------------------------------------------------
 Length   [L]        0.15000E+03  0.15000E+03
 W-volume [L]        0.44245E+02  0.44245E+02
 In-flow  [L/T]     -0.57110E-01 -0.57110E-01
 h Mean   [L]       -0.37090E+04 -0.37090E+04
 Top Flux [L/T]      0.31423E-01
 Bot Flux [L/T]     -0.25449E-01
 WatBalT  [L]       -0.14839E-02
 WatBalR  [%]              0.007
----------------------------------------------------------

----------------------------------------------------------
 Time       [T]       87.0000
----------------------------------------------------------
 Sub-region num.                     1
----------------------------------------------------------
 Length   [L]        0.15000E+03  0.15000E+03
 W-volume [L]        0.44189E+02  0.44189E+02
 In-flow  [L/T]     -0.54957E-01 -0.54957E-01
 h Mean   [L]       -0.37114E+04 -0.37114E+04
 Top Flux [L/T]      0.29690E-01
 Bot Flux [L/T]     -0.25031E-01
 WatBalT  [L]       -0.14820E-02
 WatBalR  [%]              0.007
----------------------------------------------------------

----------------------------------------------------------
 Time       [T]       88.0000
----------------------------------------------------------
 Sub-region num.                     1
----------------------------------------------------------
 Length   [L]        0.15000E+03  0.15000E+03
 W-volume [L]        0.44134E+02  0.44134E+02
 In-flow  [L/T]     -0.55140E-01 -0.55140E-01
 h Mean   [L]       -0.37130E+04 -0.37130E+04
 Top Flux [L/T]      0.30290E-01
 Bot Flux [L/T]     -0.24616E-01
 WatBalT  [L]       -0.14763E-02
 WatBalR  [%]              0.007
----------------------------------------------------------

----------------------------------------------------------
 Time       [T]       89.0000
----------------------------------------------------------
 Sub-region num.                     1
----------------------------------------------------------
 Length   [L]        0.15000E+03  0.15000E+03
 W-volume [L]        0.44079E+02  0.44079E+02
 In-flow  [L/T]     -0.55154E-01 -0.55154E-01
 h Mean   [L]       -0.37153E+04 -0.37153E+04
 Top Flux [L/T]      0.30717E-01
 Bot Flux [L/T]     -0.24205E-01
 WatBalT  [L]       -0.14763E-02
 WatBalR  [%]              0.007
----------------------------------------------------------

----------------------------------------------------------
 Time       [T]       90.0000
----------------------------------------------------------
 Sub-region num.                     1
----------------------------------------------------------
 Length   [L]        0.15000E+03  0.15000E+03
 W-volume [L]        0.44025E+02  0.44025E+02
 In-flow  [L/T]     -0.54339E-01 -0.54339E-01
 h Mean   [L]       -0.37168E+04 -0.37168E+04
 Top Flux [L/T]      0.30312E-01
 Bot Flux [L/T]     -0.23797E-01
 WatBalT  [L]       -0.14782E-02
 WatBalR  [%]              0.007
----------------------------------------------------------

----------------------------------------------------------
 Time       [T]       91.0000
----------------------------------------------------------
 Sub-region num.                     1
----------------------------------------------------------
 Length   [L]        0.15000E+03  0.15000E+03
 W-volume [L]        0.37461E+02  0.37461E+02
 In-flow  [L/T]     -0.13105E+02 -0.13105E+02
 h Mean   [L]       -0.77120E+03 -0.77120E+03
 Top Flux [L/T]      0.78545E-02
 Bot Flux [L/T]      0.48284E-01
 WatBalT  [L]        0.32824E+01
 WatBalR  [%]             10.796
----------------------------------------------------------

----------------------------------------------------------
 Time       [T]       92.0000
----------------------------------------------------------
 Sub-region num.                     1
----------------------------------------------------------
 Length   [L]        0.15000E+03  0.15000E+03
 W-volume [L]        0.31611E+02  0.31611E+02
 In-flow  [L/T]     -0.33053E+01 -0.33053E+01
 h Mean   [L]       -0.14768E+04 -0.14768E+04
 Top Flux [L/T]      0.57443E-02
 Bot Flux [L/T]      0.20313E-01
 WatBalT  [L]        0.21931E+01
 WatBalR  [%]              6.237
----------------------------------------------------------

----------------------------------------------------------
 Time       [T]       93.0000
----------------------------------------------------------
 Sub-region num.                     1
----------------------------------------------------------
 Length   [L]        0.15000E+03  0.15000E+03
 W-volume [L]        0.30915E+02  0.30915E+02
 In-flow  [L/T]     -0.14422E+00 -0.14422E+00
 h Mean   [L]       -0.16445E+04 -0.16445E+04
 Top Flux [L/T]      0.46520E-02
 Bot Flux [L/T]      0.39309E-02
 WatBalT  [L]        0.16639E+01
 WatBalR  [%]              4.710
----------------------------------------------------------

----------------------------------------------------------
 Time       [T]       94.0000
----------------------------------------------------------
 Sub-region num.                     1
----------------------------------------------------------
 Length   [L]        0.15000E+03  0.15000E+03
 W-volume [L]        0.30877E+02  0.30877E+02
 In-flow  [L/T]     -0.27895E-02 -0.27895E-02
 h Mean   [L]       -0.16477E+04 -0.16477E+04
 Top Flux [L/T]      0.35376E-02
 Bot Flux [L/T]      0.11502E-02
 WatBalT  [L]        0.16281E+01
 WatBalR  [%]              4.608
----------------------------------------------------------

----------------------------------------------------------
 Time       [T]       95.0000
----------------------------------------------------------
 Sub-region num.                     1
----------------------------------------------------------
 Length   [L]        0.15000E+03  0.15000E+03
 W-volume [L]        0.30875E+02  0.30875E+02
 In-flow  [L/T]     -0.12186E-02 -0.12186E-02
 h Mean   [L]       -0.16440E+04 -0.16440E+04
 Top Flux [L/T]      0.28343E-02
 Bot Flux [L/T]      0.39246E-03
 WatBalT  [L]        0.16276E+01
 WatBalR  [%]              4.606
----------------------------------------------------------

----------------------------------------------------------
 Time       [T]       96.0000
----------------------------------------------------------
 Sub-region num.                     1
----------------------------------------------------------
 Length   [L]        0.15000E+03  0.15000E+03
 W-volume [L]        0.30875E+02  0.30875E+02
 In-flow  [L/T]     -0.46691E-03 -0.46691E-03
 h Mean   [L]       -0.16412E+04 -0.16412E+04
 Top Flux [L/T]      0.20846E-02
 Bot Flux [L/T]      0.12011E-03
 WatBalT  [L]        0.16273E+01
 WatBalR  [%]              4.605
----------------------------------------------------------

----------------------------------------------------------
 Time       [T]       97.0000
----------------------------------------------------------
 Sub-region num.                     1
----------------------------------------------------------
 Length   [L]        0.15000E+03  0.15000E+03
 W-volume [L]        0.30875E+02  0.30875E+02
 In-flow  [L/T]     -0.90331E-04 -0.90331E-04
 h Mean   [L]       -0.16393E+04 -0.16393E+04
 Top Flux [L/T]      0.16789E-02
 Bot Flux [L/T]      0.40166E-06
 WatBalT  [L]        0.16272E+01
 WatBalR  [%]              4.605
----------------------------------------------------------

----------------------------------------------------------
 Time       [T]       98.0000
----------------------------------------------------------
 Sub-region num.                     1
----------------------------------------------------------
 Length   [L]        0.15000E+03  0.15000E+03
 W-volume [L]        0.30875E+02  0.30875E+02
 In-flow  [L/T]     -0.39279E-04 -0.39279E-04
 h Mean   [L]       -0.16380E+04 -0.16380E+04
 Top Flux [L/T]      0.11946E-02
 Bot Flux [L/T]     -0.34758E-04
 WatBalT  [L]        0.16272E+01
 WatBalR  [%]              4.605
----------------------------------------------------------

----------------------------------------------------------
 Time       [T]       99.0000
----------------------------------------------------------
 Sub-region num.                     1
----------------------------------------------------------
 Length   [L]        0.15000E+03  0.15000E+03
 W-volume [L]        0.30875E+02  0.30875E+02
 In-flow  [L/T]     -0.39041E-04 -0.39041E-04
 h Mean   [L]       -0.16371E+04 -0.16371E+04
 Top Flux [L/T]      0.10015E-02
 Bot Flux [L/T]     -0.37893E-04
 WatBalT  [L]        0.16272E+01
 WatBalR  [%]              4.605
----------------------------------------------------------

----------------------------------------------------------
 Time       [T]      100.0000
----------------------------------------------------------
 Sub-region num.                     1
----------------------------------------------------------
 Length   [L]        0.15000E+03  0.15000E+03
 W-volume [L]        0.30875E+02  0.30875E+02
 In-flow  [L/T]     -0.39458E-04 -0.39458E-04
 h Mean   [L]       -0.16363E+04 -0.16363E+04
 Top Flux [L/T]      0.83039E-03
 Bot Flux [L/T]     -0.38344E-04
 WatBalT  [L]        0.16272E+01
 WatBalR  [%]              4.605
----------------------------------------------------------

----------------------------------------------------------
 Time       [T]      101.0000
----------------------------------------------------------
 Sub-region num.                     1
----------------------------------------------------------
 Length   [L]        0.15000E+03  0.15000E+03
 W-volume [L]        0.30875E+02  0.30875E+02
 In-flow  [L/T]     -0.38952E-04 -0.38952E-04
 h Mean   [L]       -0.16357E+04 -0.16357E+04
 Top Flux [L/T]      0.66682E-03
 Bot Flux [L/T]     -0.38556E-04
 WatBalT  [L]        0.16272E+01
 WatBalR  [%]              4.605
----------------------------------------------------------

----------------------------------------------------------
 Time       [T]      102.0000
----------------------------------------------------------
 Sub-region num.                     1
----------------------------------------------------------
 Length   [L]        0.15000E+03  0.15000E+03
 W-volume [L]        0.30874E+02  0.30874E+02
 In-flow  [L/T]     -0.38475E-04 -0.38475E-04
 h Mean   [L]       -0.16352E+04 -0.16352E+04
 Top Flux [L/T]      0.53578E-03
 Bot Flux [L/T]     -0.38678E-04
 WatBalT  [L]        0.16272E+01
 WatBalR  [%]              4.605
----------------------------------------------------------

----------------------------------------------------------
 Time       [T]      103.0000
----------------------------------------------------------
 Sub-region num.                     1
----------------------------------------------------------
 Length   [L]        0.15000E+03  0.15000E+03
 W-volume [L]        0.30874E+02  0.30874E+02
 In-flow  [L/T]     -0.38892E-04 -0.38892E-04
 h Mean   [L]       -0.16348E+04 -0.16348E+04
 Top Flux [L/T]      0.43829E-03
 Bot Flux [L/T]     -0.38733E-04
 WatBalT  [L]        0.16272E+01
 WatBalR  [%]              4.605
----------------------------------------------------------

----------------------------------------------------------
 Time       [T]      104.0000
----------------------------------------------------------
 Sub-region num.                     1
----------------------------------------------------------
 Length   [L]        0.15000E+03  0.15000E+03
 W-volume [L]        0.30874E+02  0.30874E+02
 In-flow  [L/T]     -0.38713E-04 -0.38713E-04
 h Mean   [L]       -0.16345E+04 -0.16345E+04
 Top Flux [L/T]      0.35841E-03
 Bot Flux [L/T]     -0.38789E-04
 WatBalT  [L]        0.16272E+01
 WatBalR  [%]              4.605
----------------------------------------------------------

----------------------------------------------------------
 Time       [T]      105.0000
----------------------------------------------------------
 Sub-region num.                     1
----------------------------------------------------------
 Length   [L]        0.15000E+03  0.15000E+03
 W-volume [L]        0.30874E+02  0.30874E+02
 In-flow  [L/T]     -0.39101E-04 -0.39101E-04
 h Mean   [L]       -0.16343E+04 -0.16343E+04
 Top Flux [L/T]      0.35162E-03
 Bot Flux [L/T]     -0.38840E-04
 WatBalT  [L]        0.16272E+01
 WatBalR  [%]              4.605
----------------------------------------------------------

----------------------------------------------------------
 Time       [T]      106.0000
----------------------------------------------------------
 Sub-region num.                     1
----------------------------------------------------------
 Length   [L]        0.15000E+03  0.15000E+03
 W-volume [L]        0.30874E+02  0.30874E+02
 In-flow  [L/T]     -0.39279E-04 -0.39279E-04
 h Mean   [L]       -0.16341E+04 -0.16341E+04
 Top Flux [L/T]      0.32495E-03
 Bot Flux [L/T]     -0.38857E-04
 WatBalT  [L]        0.16272E+01
 WatBalR  [%]              4.605
----------------------------------------------------------

----------------------------------------------------------
 Time       [T]      107.0000
----------------------------------------------------------
 Sub-region num.                     1
----------------------------------------------------------
 Length   [L]        0.15000E+03  0.15000E+03
 W-volume [L]        0.30874E+02  0.30874E+02
 In-flow  [L/T]     -0.39250E-04 -0.39250E-04
 h Mean   [L]       -0.16340E+04 -0.16340E+04
 Top Flux [L/T]      0.29296E-03
 Bot Flux [L/T]     -0.38890E-04
 WatBalT  [L]        0.16272E+01
 WatBalR  [%]              4.605
----------------------------------------------------------

----------------------------------------------------------
 Time       [T]      108.0000
----------------------------------------------------------
 Sub-region num.                     1
----------------------------------------------------------
 Length   [L]        0.15000E+03  0.15000E+03
 W-volume [L]        0.30874E+02  0.30874E+02
 In-flow  [L/T]     -0.39577E-04 -0.39577E-04
 h Mean   [L]       -0.16338E+04 -0.16338E+04
 Top Flux [L/T]      0.26270E-03
 Bot Flux [L/T]     -0.38908E-04
 WatBalT  [L]        0.16272E+01
 WatBalR  [%]              4.605
----------------------------------------------------------

----------------------------------------------------------
 Time       [T]      109.0000
----------------------------------------------------------
 Sub-region num.                     1
----------------------------------------------------------
 Length   [L]        0.15000E+03  0.15000E+03
 W-volume [L]        0.30874E+02  0.30874E+02
 In-flow  [L/T]     -0.39071E-04 -0.39071E-04
 h Mean   [L]       -0.16336E+04 -0.16336E+04
 Top Flux [L/T]      0.23589E-03
 Bot Flux [L/T]     -0.38926E-04
 WatBalT  [L]        0.16272E+01
 WatBalR  [%]              4.605
----------------------------------------------------------

----------------------------------------------------------
 Time       [T]      110.0000
----------------------------------------------------------
 Sub-region num.                     1
----------------------------------------------------------
 Length   [L]        0.15000E+03  0.15000E+03
 W-volume [L]        0.30874E+02  0.30874E+02
 In-flow  [L/T]     -0.39428E-04 -0.39428E-04
 h Mean   [L]       -0.16335E+04 -0.16335E+04
 Top Flux [L/T]      0.21262E-03
 Bot Flux [L/T]     -0.38973E-04
 WatBalT  [L]        0.16272E+01
 WatBalR  [%]              4.605
----------------------------------------------------------

----------------------------------------------------------
 Time       [T]      111.0000
----------------------------------------------------------
 Sub-region num.                     1
----------------------------------------------------------
 Length   [L]        0.15000E+03  0.15000E+03
 W-volume [L]        0.30874E+02  0.30874E+02
 In-flow  [L/T]     -0.39071E-04 -0.39071E-04
 h Mean   [L]       -0.16333E+04 -0.16333E+04
 Top Flux [L/T]      0.19248E-03
 Bot Flux [L/T]     -0.38953E-04
 WatBalT  [L]        0.16272E+01
 WatBalR  [%]              4.605
----------------------------------------------------------

----------------------------------------------------------
 Time       [T]      112.0000
----------------------------------------------------------
 Sub-region num.                     1
----------------------------------------------------------
 Length   [L]        0.15000E+03  0.15000E+03
 W-volume [L]        0.30874E+02  0.30874E+02
 In-flow  [L/T]     -0.38832E-04 -0.38832E-04
 h Mean   [L]       -0.16332E+04 -0.16332E+04
 Top Flux [L/T]      0.17502E-03
 Bot Flux [L/T]     -0.38971E-04
 WatBalT  [L]        0.16272E+01
 WatBalR  [%]              4.605
----------------------------------------------------------

----------------------------------------------------------
 Time       [T]      113.0000
----------------------------------------------------------
 Sub-region num.                     1
----------------------------------------------------------
 Length   [L]        0.15000E+03  0.15000E+03
 W-volume [L]        0.30874E+02  0.30874E+02
 In-flow  [L/T]     -0.39160E-04 -0.39160E-04
 h Mean   [L]       -0.16331E+04 -0.16331E+04
 Top Flux [L/T]      0.15984E-03
 Bot Flux [L/T]     -0.38975E-04
 WatBalT  [L]        0.16272E+01
 WatBalR  [%]              4.605
----------------------------------------------------------

----------------------------------------------------------
 Time       [T]      114.0000
----------------------------------------------------------
 Sub-region num.                     1
----------------------------------------------------------
 Length   [L]        0.15000E+03  0.15000E+03
 W-volume [L]        0.30874E+02  0.30874E+02
 In-flow  [L/T]     -0.38803E-04 -0.38803E-04
 h Mean   [L]       -0.16330E+04 -0.16330E+04
 Top Flux [L/T]      0.14656E-03
 Bot Flux [L/T]     -0.38984E-04
 WatBalT  [L]        0.16272E+01
 WatBalR  [%]              4.605
----------------------------------------------------------

----------------------------------------------------------
 Time       [T]      115.0000
----------------------------------------------------------
 Sub-region num.                     1
----------------------------------------------------------
 Length   [L]        0.15000E+03  0.15000E+03
 W-volume [L]        0.30874E+02  0.30874E+02
 In-flow  [L/T]     -0.39101E-04 -0.39101E-04
 h Mean   [L]       -0.16329E+04 -0.16329E+04
 Top Flux [L/T]      0.13488E-03
 Bot Flux [L/T]     -0.39007E-04
 WatBalT  [L]        0.16272E+01
 WatBalR  [%]              4.605
----------------------------------------------------------

----------------------------------------------------------
 Time       [T]      116.0000
----------------------------------------------------------
 Sub-region num.                     1
----------------------------------------------------------
 Length   [L]        0.15000E+03  0.15000E+03
 W-volume [L]        0.30874E+02  0.30874E+02
 In-flow  [L/T]     -0.39011E-04 -0.39011E-04
 h Mean   [L]       -0.16328E+04 -0.16328E+04
 Top Flux [L/T]      0.12458E-03
 Bot Flux [L/T]     -0.39001E-04
 WatBalT  [L]        0.16272E+01
 WatBalR  [%]              4.605
----------------------------------------------------------

----------------------------------------------------------
 Time       [T]      117.0000
----------------------------------------------------------
 Sub-region num.                     1
----------------------------------------------------------
 Length   [L]        0.15000E+03  0.15000E+03
 W-volume [L]        0.30874E+02  0.30874E+02
 In-flow  [L/T]     -0.39160E-04 -0.39160E-04
 h Mean   [L]       -0.16327E+04 -0.16327E+04
 Top Flux [L/T]      0.11542E-03
 Bot Flux [L/T]     -0.39015E-04
 WatBalT  [L]        0.16272E+01
 WatBalR  [%]              4.605
----------------------------------------------------------

----------------------------------------------------------
 Time       [T]      118.0000
----------------------------------------------------------
 Sub-region num.                     1
----------------------------------------------------------
 Length   [L]        0.15000E+03  0.15000E+03
 W-volume [L]        0.30874E+02  0.30874E+02
 In-flow  [L/T]     -0.38803E-04 -0.38803E-04
 h Mean   [L]       -0.16326E+04 -0.16326E+04
 Top Flux [L/T]      0.10727E-03
 Bot Flux [L/T]     -0.39010E-04
 WatBalT  [L]        0.16272E+01
 WatBalR  [%]              4.605
----------------------------------------------------------

----------------------------------------------------------
 Time       [T]      119.0000
----------------------------------------------------------
 Sub-region num.                     1
----------------------------------------------------------
 Length   [L]        0.15000E+03  0.15000E+03
 W-volume [L]        0.30874E+02  0.30874E+02
 In-flow  [L/T]     -0.38981E-04 -0.38981E-04
 h Mean   [L]       -0.16325E+04 -0.16325E+04
 Top Flux [L/T]      0.99894E-04
 Bot Flux [L/T]     -0.39019E-04
 WatBalT  [L]        0.16272E+01
 WatBalR  [%]              4.605
----------------------------------------------------------

----------------------------------------------------------
 Time       [T]      120.0000
----------------------------------------------------------
 Sub-region num.                     1
----------------------------------------------------------
 Length   [L]        0.15000E+03  0.15000E+03
 W-volume [L]        0.30874E+02  0.30874E+02
 In-flow  [L/T]     -0.38803E-04 -0.38803E-04
 h Mean   [L]       -0.16324E+04 -0.16324E+04
 Top Flux [L/T]      0.93157E-04
 Bot Flux [L/T]     -0.39028E-04
 WatBalT  [L]        0.16272E+01
 WatBalR  [%]              4.605
----------------------------------------------------------

----------------------------------------------------------
 Time       [T]      121.0000
----------------------------------------------------------
 Sub-region num.                     1
----------------------------------------------------------
 Length   [L]        0.15000E+03  0.15000E+03
 W-volume [L]        0.30874E+02  0.30874E+02
 In-flow  [L/T]     -0.39130E-04 -0.39130E-04
 h Mean   [L]       -0.16324E+04 -0.16324E+04
 Top Flux [L/T]      0.87008E-04
 Bot Flux [L/T]     -0.39037E-04
 WatBalT  [L]        0.16272E+01
 WatBalR  [%]              4.605
----------------------------------------------------------

----------------------------------------------------------
 Time       [T]      122.0000
----------------------------------------------------------
 Sub-region num.                     1
----------------------------------------------------------
 Length   [L]        0.15000E+03  0.15000E+03
 W-volume [L]        0.30874E+02  0.30874E+02
 In-flow  [L/T]     -0.39071E-04 -0.39071E-04
 h Mean   [L]       -0.16323E+04 -0.16323E+04
 Top Flux [L/T]      0.81458E-04
 Bot Flux [L/T]     -0.39046E-04
 WatBalT  [L]        0.16272E+01
 WatBalR  [%]              4.605
----------------------------------------------------------

----------------------------------------------------------
 Time       [T]      123.0000
----------------------------------------------------------
 Sub-region num.                     1
----------------------------------------------------------
 Length   [L]        0.15000E+03  0.15000E+03
 W-volume [L]        0.30874E+02  0.30874E+02
 In-flow  [L/T]     -0.39458E-04 -0.39458E-04
 h Mean   [L]       -0.16323E+04 -0.16323E+04
 Top Flux [L/T]      0.76442E-04
 Bot Flux [L/T]     -0.39036E-04
 WatBalT  [L]        0.16272E+01
 WatBalR  [%]              4.605
----------------------------------------------------------

----------------------------------------------------------
 Time       [T]      124.0000
----------------------------------------------------------
 Sub-region num.                     1
----------------------------------------------------------
 Length   [L]        0.15000E+03  0.15000E+03
 W-volume [L]        0.30874E+02  0.30874E+02
 In-flow  [L/T]     -0.39309E-04 -0.39309E-04
 h Mean   [L]       -0.16322E+04 -0.16322E+04
 Top Flux [L/T]      0.71931E-04
 Bot Flux [L/T]     -0.39040E-04
 WatBalT  [L]        0.16272E+01
 WatBalR  [%]              4.605
----------------------------------------------------------

----------------------------------------------------------
 Time       [T]      125.0000
----------------------------------------------------------
 Sub-region num.                     1
----------------------------------------------------------
 Length   [L]        0.15000E+03  0.15000E+03
 W-volume [L]        0.30874E+02  0.30874E+02
 In-flow  [L/T]     -0.39399E-04 -0.39399E-04
 h Mean   [L]       -0.16322E+04 -0.16322E+04
 Top Flux [L/T]      0.67651E-04
 Bot Flux [L/T]     -0.39035E-04
 WatBalT  [L]        0.16272E+01
 WatBalR  [%]              4.605
----------------------------------------------------------

----------------------------------------------------------
 Time       [T]      126.0000
----------------------------------------------------------
 Sub-region num.                     1
----------------------------------------------------------
 Length   [L]        0.15000E+03  0.15000E+03
 W-volume [L]        0.30874E+02  0.30874E+02
 In-flow  [L/T]     -0.39220E-04 -0.39220E-04
 h Mean   [L]       -0.16321E+04 -0.16321E+04
 Top Flux [L/T]      0.63465E-04
 Bot Flux [L/T]     -0.39049E-04
 WatBalT  [L]        0.16272E+01
 WatBalR  [%]              4.605
----------------------------------------------------------

----------------------------------------------------------
 Time       [T]      127.0000
----------------------------------------------------------
 Sub-region num.                     1
----------------------------------------------------------
 Length   [L]        0.15000E+03  0.15000E+03
 W-volume [L]        0.30874E+02  0.30874E+02
 In-flow  [L/T]     -0.38832E-04 -0.38832E-04
 h Mean   [L]       -0.16321E+04 -0.16321E+04
 Top Flux [L/T]      0.59650E-04
 Bot Flux [L/T]     -0.39048E-04
 WatBalT  [L]        0.16272E+01
 WatBalR  [%]              4.605
----------------------------------------------------------

----------------------------------------------------------
 Time       [T]      128.0000
----------------------------------------------------------
 Sub-region num.                     1
----------------------------------------------------------
 Length   [L]        0.15000E+03  0.15000E+03
 W-volume [L]        0.30873E+02  0.30873E+02
 In-flow  [L/T]     -0.38981E-04 -0.38981E-04
 h Mean   [L]       -0.16321E+04 -0.16321E+04
 Top Flux [L/T]      0.56291E-04
 Bot Flux [L/T]     -0.39048E-04
 WatBalT  [L]        0.16272E+01
 WatBalR  [%]              4.605
----------------------------------------------------------

----------------------------------------------------------
 Time       [T]      129.0000
----------------------------------------------------------
 Sub-region num.                     1
----------------------------------------------------------
 Length   [L]        0.15000E+03  0.15000E+03
 W-volume [L]        0.30873E+02  0.30873E+02
 In-flow  [L/T]     -0.38892E-04 -0.38892E-04
 h Mean   [L]       -0.16320E+04 -0.16320E+04
 Top Flux [L/T]      0.52493E-04
 Bot Flux [L/T]     -0.39062E-04
 WatBalT  [L]        0.16272E+01
 WatBalR  [%]              4.605
----------------------------------------------------------

----------------------------------------------------------
 Time       [T]      130.0000
----------------------------------------------------------
 Sub-region num.                     1
----------------------------------------------------------
 Length   [L]        0.15000E+03  0.15000E+03
 W-volume [L]        0.30873E+02  0.30873E+02
 In-flow  [L/T]     -0.39399E-04 -0.39399E-04
 h Mean   [L]       -0.16320E+04 -0.16320E+04
 Top Flux [L/T]      0.49056E-04
 Bot Flux [L/T]     -0.39042E-04
 WatBalT  [L]        0.16272E+01
 WatBalR  [%]              4.605
----------------------------------------------------------

----------------------------------------------------------
 Time       [T]      131.0000
----------------------------------------------------------
 Sub-region num.                     1
----------------------------------------------------------
 Length   [L]        0.15000E+03  0.15000E+03
 W-volume [L]        0.30873E+02  0.30873E+02
 In-flow  [L/T]     -0.39071E-04 -0.39071E-04
 h Mean   [L]       -0.16320E+04 -0.16320E+04
 Top Flux [L/T]      0.44972E-04
 Bot Flux [L/T]     -0.39052E-04
 WatBalT  [L]        0.16272E+01
 WatBalR  [%]              4.605
----------------------------------------------------------

----------------------------------------------------------
 Time       [T]      132.0000
----------------------------------------------------------
 Sub-region num.                     1
----------------------------------------------------------
 Length   [L]        0.15000E+03  0.15000E+03
 W-volume [L]        0.30873E+02  0.30873E+02
 In-flow  [L/T]     -0.39101E-04 -0.39101E-04
 h Mean   [L]       -0.16320E+04 -0.16320E+04
 Top Flux [L/T]      0.41403E-04
 Bot Flux [L/T]     -0.39047E-04
 WatBalT  [L]        0.16271E+01
 WatBalR  [%]              4.605
----------------------------------------------------------

----------------------------------------------------------
 Time       [T]      133.0000
----------------------------------------------------------
 Sub-region num.                     1
----------------------------------------------------------
 Length   [L]        0.15000E+03  0.15000E+03
 W-volume [L]        0.30873E+02  0.30873E+02
 In-flow  [L/T]     -0.38594E-04 -0.38594E-04
 h Mean   [L]       -0.16320E+04 -0.16320E+04
 Top Flux [L/T]      0.38928E-04
 Bot Flux [L/T]     -0.39051E-04
 WatBalT  [L]        0.16271E+01
 WatBalR  [%]              4.605
----------------------------------------------------------

----------------------------------------------------------
 Time       [T]      134.0000
----------------------------------------------------------
 Sub-region num.                     1
----------------------------------------------------------
 Length   [L]        0.15000E+03  0.15000E+03
 W-volume [L]        0.30873E+02  0.30873E+02
 In-flow  [L/T]     -0.38803E-04 -0.38803E-04
 h Mean   [L]       -0.16320E+04 -0.16320E+04
 Top Flux [L/T]      0.42607E-04
 Bot Flux [L/T]     -0.39056E-04
 WatBalT  [L]        0.16271E+01
 WatBalR  [%]              4.605
----------------------------------------------------------

----------------------------------------------------------
 Time       [T]      135.0000
----------------------------------------------------------
 Sub-region num.                     1
----------------------------------------------------------
 Length   [L]        0.15000E+03  0.15000E+03
 W-volume [L]        0.30873E+02  0.30873E+02
 In-flow  [L/T]     -0.39101E-04 -0.39101E-04
 h Mean   [L]       -0.16321E+04 -0.16321E+04
 Top Flux [L/T]      0.43464E-04
 Bot Flux [L/T]     -0.39050E-04
 WatBalT  [L]        0.16271E+01
 WatBalR  [%]              4.605
----------------------------------------------------------

----------------------------------------------------------
 Time       [T]      136.0000
----------------------------------------------------------
 Sub-region num.                     1
----------------------------------------------------------
 Length   [L]        0.15000E+03  0.15000E+03
 W-volume [L]        0.30873E+02  0.30873E+02
 In-flow  [L/T]     -0.39041E-04 -0.39041E-04
 h Mean   [L]       -0.16321E+04 -0.16321E+04
 Top Flux [L/T]      0.43215E-04
 Bot Flux [L/T]     -0.39064E-04
 WatBalT  [L]        0.16271E+01
 WatBalR  [%]              4.605
----------------------------------------------------------

----------------------------------------------------------
 Time       [T]      137.0000
----------------------------------------------------------
 Sub-region num.                     1
----------------------------------------------------------
 Length   [L]        0.15000E+03  0.15000E+03
 W-volume [L]        0.30873E+02  0.30873E+02
 In-flow  [L/T]     -0.39190E-04 -0.39190E-04
 h Mean   [L]       -0.16321E+04 -0.16321E+04
 Top Flux [L/T]      0.42526E-04
 Bot Flux [L/T]     -0.39064E-04
 WatBalT  [L]        0.16271E+01
 WatBalR  [%]              4.605
----------------------------------------------------------

----------------------------------------------------------
 Time       [T]      138.0000
----------------------------------------------------------
 Sub-region num.                     1
----------------------------------------------------------
 Length   [L]        0.15000E+03  0.15000E+03
 W-volume [L]        0.30873E+02  0.30873E+02
 In-flow  [L/T]     -0.39250E-04 -0.39250E-04
 h Mean   [L]       -0.16321E+04 -0.16321E+04
 Top Flux [L/T]      0.41658E-04
 Bot Flux [L/T]     -0.39064E-04
 WatBalT  [L]        0.16271E+01
 WatBalR  [%]              4.605
----------------------------------------------------------

----------------------------------------------------------
 Time       [T]      139.0000
----------------------------------------------------------
 Sub-region num.                     1
----------------------------------------------------------
 Length   [L]        0.15000E+03  0.15000E+03
 W-volume [L]        0.30873E+02  0.30873E+02
 In-flow  [L/T]     -0.39071E-04 -0.39071E-04
 h Mean   [L]       -0.16321E+04 -0.16321E+04
 Top Flux [L/T]      0.40672E-04
 Bot Flux [L/T]     -0.39068E-04
 WatBalT  [L]        0.16271E+01
 WatBalR  [%]              4.605
----------------------------------------------------------

----------------------------------------------------------
 Time       [T]      140.0000
----------------------------------------------------------
 Sub-region num.                     1
----------------------------------------------------------
 Length   [L]        0.15000E+03  0.15000E+03
 W-volume [L]        0.30873E+02  0.30873E+02
 In-flow  [L/T]     -0.39041E-04 -0.39041E-04
 h Mean   [L]       -0.16321E+04 -0.16321E+04
 Top Flux [L/T]      0.39650E-04
 Bot Flux [L/T]     -0.39063E-04
 WatBalT  [L]        0.16271E+01
 WatBalR  [%]              4.605
----------------------------------------------------------

----------------------------------------------------------
 Time       [T]      141.0000
----------------------------------------------------------
 Sub-region num.                     1
----------------------------------------------------------
 Length   [L]        0.15000E+03  0.15000E+03
 W-volume [L]        0.30873E+02  0.30873E+02
 In-flow  [L/T]     -0.38981E-04 -0.38981E-04
 h Mean   [L]       -0.16321E+04 -0.16321E+04
 Top Flux [L/T]      0.38616E-04
 Bot Flux [L/T]     -0.39082E-04
 WatBalT  [L]        0.16271E+01
 WatBalR  [%]              4.605
----------------------------------------------------------

----------------------------------------------------------
 Time       [T]      142.0000
----------------------------------------------------------
 Sub-region num.                     1
----------------------------------------------------------
 Length   [L]        0.15000E+03  0.15000E+03
 W-volume [L]        0.30873E+02  0.30873E+02
 In-flow  [L/T]     -0.39130E-04 -0.39130E-04
 h Mean   [L]       -0.16321E+04 -0.16321E+04
 Top Flux [L/T]      0.37578E-04
 Bot Flux [L/T]     -0.39091E-04
 WatBalT  [L]        0.16271E+01
 WatBalR  [%]              4.605
----------------------------------------------------------

----------------------------------------------------------
 Time       [T]      143.0000
----------------------------------------------------------
 Sub-region num.                     1
----------------------------------------------------------
 Length   [L]        0.15000E+03  0.15000E+03
 W-volume [L]        0.30873E+02  0.30873E+02
 In-flow  [L/T]     -0.39101E-04 -0.39101E-04
 h Mean   [L]       -0.16322E+04 -0.16322E+04
 Top Flux [L/T]      0.36557E-04
 Bot Flux [L/T]     -0.39072E-04
 WatBalT  [L]        0.16271E+01
 WatBalR  [%]              4.605
----------------------------------------------------------

----------------------------------------------------------
 Time       [T]      144.0000
----------------------------------------------------------
 Sub-region num.                     1
----------------------------------------------------------
 Length   [L]        0.15000E+03  0.15000E+03
 W-volume [L]        0.30873E+02  0.30873E+02
 In-flow  [L/T]     -0.39101E-04 -0.39101E-04
 h Mean   [L]       -0.16322E+04 -0.16322E+04
 Top Flux [L/T]      0.35551E-04
 Bot Flux [L/T]     -0.39081E-04
 WatBalT  [L]        0.16271E+01
 WatBalR  [%]              4.605
----------------------------------------------------------

----------------------------------------------------------
 Time       [T]      145.0000
----------------------------------------------------------
 Sub-region num.                     1
----------------------------------------------------------
 Length   [L]        0.15000E+03  0.15000E+03
 W-volume [L]        0.30873E+02  0.30873E+02
 In-flow  [L/T]     -0.39339E-04 -0.39339E-04
 h Mean   [L]       -0.16322E+04 -0.16322E+04
 Top Flux [L/T]      0.34575E-04
 Bot Flux [L/T]     -0.39086E-04
 WatBalT  [L]        0.16271E+01
 WatBalR  [%]              4.605
----------------------------------------------------------

----------------------------------------------------------
 Time       [T]      146.0000
----------------------------------------------------------
 Sub-region num.                     1
----------------------------------------------------------
 Length   [L]        0.15000E+03  0.15000E+03
 W-volume [L]        0.30873E+02  0.30873E+02
 In-flow  [L/T]     -0.38594E-04 -0.38594E-04
 h Mean   [L]       -0.16322E+04 -0.16322E+04
 Top Flux [L/T]      0.33619E-04
 Bot Flux [L/T]     -0.39086E-04
 WatBalT  [L]        0.16271E+01
 WatBalR  [%]              4.605
----------------------------------------------------------

----------------------------------------------------------
 Time       [T]      147.0000
----------------------------------------------------------
 Sub-region num.                     1
----------------------------------------------------------
 Length   [L]        0.15000E+03  0.15000E+03
 W-volume [L]        0.30873E+02  0.30873E+02
 In-flow  [L/T]     -0.38922E-04 -0.38922E-04
 h Mean   [L]       -0.16322E+04 -0.16322E+04
 Top Flux [L/T]      0.32698E-04
 Bot Flux [L/T]     -0.39086E-04
 WatBalT  [L]        0.16271E+01
 WatBalR  [%]              4.605
----------------------------------------------------------

----------------------------------------------------------
 Time       [T]      148.0000
----------------------------------------------------------
 Sub-region num.                     1
----------------------------------------------------------
 Length   [L]        0.15000E+03  0.15000E+03
 W-volume [L]        0.30873E+02  0.30873E+02
 In-flow  [L/T]     -0.39101E-04 -0.39101E-04
 h Mean   [L]       -0.16322E+04 -0.16322E+04
 Top Flux [L/T]      0.31806E-04
 Bot Flux [L/T]     -0.39081E-04
 WatBalT  [L]        0.16271E+01
 WatBalR  [%]              4.605
----------------------------------------------------------

----------------------------------------------------------
 Time       [T]      149.0000
----------------------------------------------------------
 Sub-region num.                     1
----------------------------------------------------------
 Length   [L]        0.15000E+03  0.15000E+03
 W-volume [L]        0.30873E+02  0.30873E+02
 In-flow  [L/T]     -0.39369E-04 -0.39369E-04
 h Mean   [L]       -0.16322E+04 -0.16322E+04
 Top Flux [L/T]      0.30939E-04
 Bot Flux [L/T]     -0.39080E-04
 WatBalT  [L]        0.16271E+01
 WatBalR  [%]              4.605
----------------------------------------------------------

----------------------------------------------------------
 Time       [T]      150.0000
----------------------------------------------------------
 Sub-region num.                     1
----------------------------------------------------------
 Length   [L]        0.15000E+03  0.15000E+03
 W-volume [L]        0.30873E+02  0.30873E+02
 In-flow  [L/T]     -0.38624E-04 -0.38624E-04
 h Mean   [L]       -0.16322E+04 -0.16322E+04
 Top Flux [L/T]      0.30110E-04
 Bot Flux [L/T]     -0.39080E-04
 WatBalT  [L]        0.16271E+01
 WatBalR  [%]              4.605
----------------------------------------------------------

----------------------------------------------------------
 Time       [T]      151.0000
----------------------------------------------------------
 Sub-region num.                     1
----------------------------------------------------------
 Length   [L]        0.15000E+03  0.15000E+03
 W-volume [L]        0.30873E+02  0.30873E+02
 In-flow  [L/T]     -0.38773E-04 -0.38773E-04
 h Mean   [L]       -0.16322E+04 -0.16322E+04
 Top Flux [L/T]      0.29303E-04
 Bot Flux [L/T]     -0.39085E-04
 WatBalT  [L]        0.16271E+01
 WatBalR  [%]              4.605
----------------------------------------------------------

----------------------------------------------------------
 Time       [T]      152.0000
----------------------------------------------------------
 Sub-region num.                     1
----------------------------------------------------------
 Length   [L]        0.15000E+03  0.15000E+03
 W-volume [L]        0.30873E+02  0.30873E+02
 In-flow  [L/T]     -0.38952E-04 -0.38952E-04
 h Mean   [L]       -0.16323E+04 -0.16323E+04
 Top Flux [L/T]      0.28524E-04
 Bot Flux [L/T]     -0.39084E-04
 WatBalT  [L]        0.16271E+01
 WatBalR  [%]              4.605
----------------------------------------------------------

----------------------------------------------------------
 Time       [T]      153.0000
----------------------------------------------------------
 Sub-region num.                     1
----------------------------------------------------------
 Length   [L]        0.15000E+03  0.15000E+03
 W-volume [L]        0.30872E+02  0.30872E+02
 In-flow  [L/T]     -0.39548E-04 -0.39548E-04
 h Mean   [L]       -0.16323E+04 -0.16323E+04
 Top Flux [L/T]      0.27783E-04
 Bot Flux [L/T]     -0.39084E-04
 WatBalT  [L]        0.16271E+01
 WatBalR  [%]              4.605
----------------------------------------------------------

----------------------------------------------------------
 Time       [T]      154.0000
----------------------------------------------------------
 Sub-region num.                     1
----------------------------------------------------------
 Length   [L]        0.15000E+03  0.15000E+03
 W-volume [L]        0.30872E+02  0.30872E+02
 In-flow  [L/T]     -0.38952E-04 -0.38952E-04
 h Mean   [L]       -0.16323E+04 -0.16323E+04
 Top Flux [L/T]      0.27057E-04
 Bot Flux [L/T]     -0.39084E-04
 WatBalT  [L]        0.16271E+01
 WatBalR  [%]              4.605
----------------------------------------------------------

----------------------------------------------------------
 Time       [T]      155.0000
----------------------------------------------------------
 Sub-region num.                     1
----------------------------------------------------------
 Length   [L]        0.15000E+03  0.15000E+03
 W-volume [L]        0.30872E+02  0.30872E+02
 In-flow  [L/T]     -0.39011E-04 -0.39011E-04
 h Mean   [L]       -0.16323E+04 -0.16323E+04
 Top Flux [L/T]      0.26367E-04
 Bot Flux [L/T]     -0.39093E-04
 WatBalT  [L]        0.16271E+01
 WatBalR  [%]              4.605
----------------------------------------------------------

----------------------------------------------------------
 Time       [T]      156.0000
----------------------------------------------------------
 Sub-region num.                     1
----------------------------------------------------------
 Length   [L]        0.15000E+03  0.15000E+03
 W-volume [L]        0.30872E+02  0.30872E+02
 In-flow  [L/T]     -0.38952E-04 -0.38952E-04
 h Mean   [L]       -0.16323E+04 -0.16323E+04
 Top Flux [L/T]      0.25695E-04
 Bot Flux [L/T]     -0.39088E-04
 WatBalT  [L]        0.16271E+01
 WatBalR  [%]              4.605
----------------------------------------------------------

----------------------------------------------------------
 Time       [T]      157.0000
----------------------------------------------------------
 Sub-region num.                     1
----------------------------------------------------------
 Length   [L]        0.15000E+03  0.15000E+03
 W-volume [L]        0.30872E+02  0.30872E+02
 In-flow  [L/T]     -0.38981E-04 -0.38981E-04
 h Mean   [L]       -0.16323E+04 -0.16323E+04
 Top Flux [L/T]      0.25059E-04
 Bot Flux [L/T]     -0.39088E-04
 WatBalT  [L]        0.16271E+01
 WatBalR  [%]              4.605
----------------------------------------------------------

----------------------------------------------------------
 Time       [T]      158.0000
----------------------------------------------------------
 Sub-region num.                     1
----------------------------------------------------------
 Length   [L]        0.15000E+03  0.15000E+03
 W-volume [L]        0.30872E+02  0.30872E+02
 In-flow  [L/T]     -0.39041E-04 -0.39041E-04
 h Mean   [L]       -0.16323E+04 -0.16323E+04
 Top Flux [L/T]      0.24437E-04
 Bot Flux [L/T]     -0.39088E-04
 WatBalT  [L]        0.16271E+01
 WatBalR  [%]              4.605
----------------------------------------------------------

----------------------------------------------------------
 Time       [T]      159.0000
----------------------------------------------------------
 Sub-region num.                     1
----------------------------------------------------------
 Length   [L]        0.15000E+03  0.15000E+03
 W-volume [L]        0.30872E+02  0.30872E+02
 In-flow  [L/T]     -0.39220E-04 -0.39220E-04
 h Mean   [L]       -0.16323E+04 -0.16323E+04
 Top Flux [L/T]      0.23833E-04
 Bot Flux [L/T]     -0.39088E-04
 WatBalT  [L]        0.16271E+01
 WatBalR  [%]              4.605
----------------------------------------------------------

----------------------------------------------------------
 Time       [T]      160.0000
----------------------------------------------------------
 Sub-region num.                     1
----------------------------------------------------------
 Length   [L]        0.15000E+03  0.15000E+03
 W-volume [L]        0.30872E+02  0.30872E+02
 In-flow  [L/T]     -0.39279E-04 -0.39279E-04
 h Mean   [L]       -0.16324E+04 -0.16324E+04
 Top Flux [L/T]      0.23254E-04
 Bot Flux [L/T]     -0.39088E-04
 WatBalT  [L]        0.16271E+01
 WatBalR  [%]              4.605
----------------------------------------------------------

----------------------------------------------------------
 Time       [T]      161.0000
----------------------------------------------------------
 Sub-region num.                     1
----------------------------------------------------------
 Length   [L]        0.15000E+03  0.15000E+03
 W-volume [L]        0.30872E+02  0.30872E+02
 In-flow  [L/T]     -0.39041E-04 -0.39041E-04
 h Mean   [L]       -0.16324E+04 -0.16324E+04
 Top Flux [L/T]      0.22708E-04
 Bot Flux [L/T]     -0.39073E-04
 WatBalT  [L]        0.16271E+01
 WatBalR  [%]              4.605
----------------------------------------------------------

----------------------------------------------------------
 Time       [T]      162.0000
----------------------------------------------------------
 Sub-region num.                     1
----------------------------------------------------------
 Length   [L]        0.15000E+03  0.15000E+03
 W-volume [L]        0.30872E+02  0.30872E+02
 In-flow  [L/T]     -0.38952E-04 -0.38952E-04
 h Mean   [L]       -0.16324E+04 -0.16324E+04
 Top Flux [L/T]      0.22168E-04
 Bot Flux [L/T]     -0.39111E-04
 WatBalT  [L]        0.16271E+01
 WatBalR  [%]              4.605
----------------------------------------------------------

----------------------------------------------------------
 Time       [T]      163.0000
----------------------------------------------------------
 Sub-region num.                     1
----------------------------------------------------------
 Length   [L]        0.15000E+03  0.15000E+03
 W-volume [L]        0.30872E+02  0.30872E+02
 In-flow  [L/T]     -0.39041E-04 -0.39041E-04
 h Mean   [L]       -0.16324E+04 -0.16324E+04
 Top Flux [L/T]      0.21650E-04
 Bot Flux [L/T]     -0.39101E-04
 WatBalT  [L]        0.16271E+01
 WatBalR  [%]              4.605
----------------------------------------------------------

----------------------------------------------------------
 Time       [T]      164.0000
----------------------------------------------------------
 Sub-region num.                     1
----------------------------------------------------------
 Length   [L]        0.15000E+03  0.15000E+03
 W-volume [L]        0.30872E+02  0.30872E+02
 In-flow  [L/T]     -0.39071E-04 -0.39071E-04
 h Mean   [L]       -0.16324E+04 -0.16324E+04
 Top Flux [L/T]      0.21151E-04
 Bot Flux [L/T]     -0.39101E-04
 WatBalT  [L]        0.16271E+01
 WatBalR  [%]              4.605
----------------------------------------------------------

----------------------------------------------------------
 Time       [T]      165.0000
----------------------------------------------------------
 Sub-region num.                     1
----------------------------------------------------------
 Length   [L]        0.15000E+03  0.15000E+03
 W-volume [L]        0.30872E+02  0.30872E+02
 In-flow  [L/T]     -0.39369E-04 -0.39369E-04
 h Mean   [L]       -0.16324E+04 -0.16324E+04
 Top Flux [L/T]      0.20666E-04
 Bot Flux [L/T]     -0.39101E-04
 WatBalT  [L]        0.16271E+01
 WatBalR  [%]              4.605
----------------------------------------------------------

----------------------------------------------------------
 Time       [T]      166.0000
----------------------------------------------------------
 Sub-region num.                     1
----------------------------------------------------------
 Length   [L]        0.15000E+03  0.15000E+03
 W-volume [L]        0.30872E+02  0.30872E+02
 In-flow  [L/T]     -0.38683E-04 -0.38683E-04
 h Mean   [L]       -0.16324E+04 -0.16324E+04
 Top Flux [L/T]      0.20201E-04
 Bot Flux [L/T]     -0.39110E-04
 WatBalT  [L]        0.16271E+01
 WatBalR  [%]              4.605
----------------------------------------------------------

----------------------------------------------------------
 Time       [T]      167.0000
----------------------------------------------------------
 Sub-region num.                     1
----------------------------------------------------------
 Length   [L]        0.15000E+03  0.15000E+03
 W-volume [L]        0.30872E+02  0.30872E+02
 In-flow  [L/T]     -0.39399E-04 -0.39399E-04
 h Mean   [L]       -0.16324E+04 -0.16324E+04
 Top Flux [L/T]      0.19755E-04
 Bot Flux [L/T]     -0.39082E-04
 WatBalT  [L]        0.16271E+01
 WatBalR  [%]              4.605
----------------------------------------------------------

----------------------------------------------------------
 Time       [T]      168.0000
----------------------------------------------------------
 Sub-region num.                     1
----------------------------------------------------------
 Length   [L]        0.15000E+03  0.15000E+03
 W-volume [L]        0.30872E+02  0.30872E+02
 In-flow  [L/T]     -0.38892E-04 -0.38892E-04
 h Mean   [L]       -0.16325E+04 -0.16325E+04
 Top Flux [L/T]      0.19329E-04
 Bot Flux [L/T]     -0.39101E-04
 WatBalT  [L]        0.16271E+01
 WatBalR  [%]              4.605
----------------------------------------------------------

----------------------------------------------------------
 Time       [T]      169.0000
----------------------------------------------------------
 Sub-region num.                     1
----------------------------------------------------------
 Length   [L]        0.15000E+03  0.15000E+03
 W-volume [L]        0.30872E+02  0.30872E+02
 In-flow  [L/T]     -0.38743E-04 -0.38743E-04
 h Mean   [L]       -0.16325E+04 -0.16325E+04
 Top Flux [L/T]      0.18904E-04
 Bot Flux [L/T]     -0.39096E-04
 WatBalT  [L]        0.16271E+01
 WatBalR  [%]              4.605
----------------------------------------------------------

----------------------------------------------------------
 Time       [T]      170.0000
----------------------------------------------------------
 Sub-region num.                     1
----------------------------------------------------------
 Length   [L]        0.15000E+03  0.15000E+03
 W-volume [L]        0.30872E+02  0.30872E+02
 In-flow  [L/T]     -0.39071E-04 -0.39071E-04
 h Mean   [L]       -0.16325E+04 -0.16325E+04
 Top Flux [L/T]      0.18499E-04
 Bot Flux [L/T]     -0.39100E-04
 WatBalT  [L]        0.16271E+01
 WatBalR  [%]              4.605
----------------------------------------------------------

----------------------------------------------------------
 Time       [T]      171.0000
----------------------------------------------------------
 Sub-region num.                     1
----------------------------------------------------------
 Length   [L]        0.15000E+03  0.15000E+03
 W-volume [L]        0.30872E+02  0.30872E+02
 In-flow  [L/T]     -0.39220E-04 -0.39220E-04
 h Mean   [L]       -0.16325E+04 -0.16325E+04
 Top Flux [L/T]      0.18109E-04
 Bot Flux [L/T]     -0.39105E-04
 WatBalT  [L]        0.16271E+01
 WatBalR  [%]              4.605
----------------------------------------------------------

----------------------------------------------------------
 Time       [T]      172.0000
----------------------------------------------------------
 Sub-region num.                     1
----------------------------------------------------------
 Length   [L]        0.15000E+03  0.15000E+03
 W-volume [L]        0.30872E+02  0.30872E+02
 In-flow  [L/T]     -0.39488E-04 -0.39488E-04
 h Mean   [L]       -0.16325E+04 -0.16325E+04
 Top Flux [L/T]      0.17725E-04
 Bot Flux [L/T]     -0.39100E-04
 WatBalT  [L]        0.16271E+01
 WatBalR  [%]              4.605
----------------------------------------------------------

----------------------------------------------------------
 Time       [T]      173.0000
----------------------------------------------------------
 Sub-region num.                     1
----------------------------------------------------------
 Length   [L]        0.15000E+03  0.15000E+03
 W-volume [L]        0.30872E+02  0.30872E+02
 In-flow  [L/T]     -0.39756E-04 -0.39756E-04
 h Mean   [L]       -0.16325E+04 -0.16325E+04
 Top Flux [L/T]      0.17362E-04
 Bot Flux [L/T]     -0.39100E-04
 WatBalT  [L]        0.16271E+01
 WatBalR  [%]              4.605
----------------------------------------------------------

----------------------------------------------------------
 Time       [T]      174.0000
----------------------------------------------------------
 Sub-region num.                     1
----------------------------------------------------------
 Length   [L]        0.15000E+03  0.15000E+03
 W-volume [L]        0.30872E+02  0.30872E+02
 In-flow  [L/T]     -0.39488E-04 -0.39488E-04
 h Mean   [L]       -0.16325E+04 -0.16325E+04
 Top Flux [L/T]      0.17004E-04
 Bot Flux [L/T]     -0.39104E-04
 WatBalT  [L]        0.16271E+01
 WatBalR  [%]              4.605
----------------------------------------------------------

----------------------------------------------------------
 Time       [T]      175.0000
----------------------------------------------------------
 Sub-region num.                     1
----------------------------------------------------------
 Length   [L]        0.15000E+03  0.15000E+03
 W-volume [L]        0.30872E+02  0.30872E+02
 In-flow  [L/T]     -0.38832E-04 -0.38832E-04
 h Mean   [L]       -0.16325E+04 -0.16325E+04
 Top Flux [L/T]      0.16653E-04
 Bot Flux [L/T]     -0.39080E-04
 WatBalT  [L]        0.16271E+01
 WatBalR  [%]              4.605
----------------------------------------------------------

----------------------------------------------------------
 Time       [T]      176.0000
----------------------------------------------------------
 Sub-region num.                     1
----------------------------------------------------------
 Length   [L]        0.15000E+03  0.15000E+03
 W-volume [L]        0.32852E+02  0.32852E+02
 In-flow  [L/T]      0.18746E+01  0.18746E+01
 h Mean   [L]       -0.14932E+04 -0.14932E+04
 Top Flux [L/T]     -0.21454E+01
 Bot Flux [L/T]     -0.39095E-04
 WatBalT  [L]        0.16329E+01
 WatBalR  [%]              4.333
----------------------------------------------------------

----------------------------------------------------------
 Time       [T]      177.0000
----------------------------------------------------------
 Sub-region num.                     1
----------------------------------------------------------
 Length   [L]        0.15000E+03  0.15000E+03
 W-volume [L]        0.34098E+02  0.34098E+02
 In-flow  [L/T]      0.12225E+01  0.12225E+01
 h Mean   [L]       -0.14158E+04 -0.14158E+04
 Top Flux [L/T]     -0.16561E+01
 Bot Flux [L/T]     -0.39100E-04
 WatBalT  [L]        0.16381E+01
 WatBalR  [%]              4.119
----------------------------------------------------------

----------------------------------------------------------
 Time       [T]      178.0000
----------------------------------------------------------
 Sub-region num.                     1
----------------------------------------------------------
 Length   [L]        0.15000E+03  0.15000E+03
 W-volume [L]        0.35722E+02  0.35722E+02
 In-flow  [L/T]      0.16301E+01  0.16301E+01
 h Mean   [L]       -0.13423E+04 -0.13423E+04
 Top Flux [L/T]     -0.19664E+01
 Bot Flux [L/T]     -0.39100E-04
 WatBalT  [L]        0.16318E+01
 WatBalR  [%]              3.878
----------------------------------------------------------

----------------------------------------------------------
 Time       [T]      179.0000
----------------------------------------------------------
 Sub-region num.                     1
----------------------------------------------------------
 Length   [L]        0.15000E+03  0.15000E+03
 W-volume [L]        0.35372E+02  0.35372E+02
 In-flow  [L/T]     -0.35056E+00 -0.35056E+00
 h Mean   [L]       -0.12984E+04 -0.12984E+04
 Top Flux [L/T]     -0.19111E-01
 Bot Flux [L/T]     -0.39133E-04
 WatBalT  [L]        0.16324E+01
 WatBalR  [%]              3.848
----------------------------------------------------------

----------------------------------------------------------
 Time       [T]      180.0000
----------------------------------------------------------
 Sub-region num.                     1
----------------------------------------------------------
 Length   [L]        0.15000E+03  0.15000E+03
 W-volume [L]        0.38219E+02  0.38219E+02
 In-flow  [L/T]      0.28372E+01  0.28372E+01
 h Mean   [L]       -0.12393E+04 -0.12393E+04
 Top Flux [L/T]     -0.33029E+01
 Bot Flux [L/T]     -0.39109E-04
 WatBalT  [L]        0.16424E+01
 WatBalR  [%]              3.555
----------------------------------------------------------

----------------------------------------------------------
 Time       [T]      181.0000
----------------------------------------------------------
 Sub-region num.                     1
----------------------------------------------------------
 Length   [L]        0.15000E+03  0.15000E+03
 W-volume [L]        0.37754E+02  0.37754E+02
 In-flow  [L/T]     -0.46486E+00 -0.46486E+00
 h Mean   [L]       -0.11881E+04 -0.11881E+04
 Top Flux [L/T]     -0.20394E-01
 Bot Flux [L/T]     -0.39138E-04
 WatBalT  [L]        0.16420E+01
 WatBalR  [%]              3.518
----------------------------------------------------------

----------------------------------------------------------
 Time       [T]      182.0000
----------------------------------------------------------
 Sub-region num.                     1
----------------------------------------------------------
 Length   [L]        0.15000E+03  0.15000E+03
 W-volume [L]        0.40475E+02  0.40475E+02
 In-flow  [L/T]      0.27127E+01  0.27127E+01
 h Mean   [L]       -0.11320E+04 -0.11320E+04
 Top Flux [L/T]     -0.32983E+01
 Bot Flux [L/T]     -0.39104E-04
 WatBalT  [L]        0.16506E+01
 WatBalR  [%]              3.265
----------------------------------------------------------

----------------------------------------------------------
 Time       [T]      183.0000
----------------------------------------------------------
 Sub-region num.                     1
----------------------------------------------------------
 Length   [L]        0.15000E+03  0.15000E+03
 W-volume [L]        0.40006E+02  0.40006E+02
 In-flow  [L/T]     -0.44962E+00 -0.44962E+00
 h Mean   [L]       -0.10858E+04 -0.10858E+04
 Top Flux [L/T]     -0.17402E-01
 Bot Flux [L/T]     -0.39100E-04
 WatBalT  [L]        0.16307E+01
 WatBalR  [%]              3.197
----------------------------------------------------------

----------------------------------------------------------
 Time       [T]      184.0000
----------------------------------------------------------
 Sub-region num.                     1
----------------------------------------------------------
 Length   [L]        0.15000E+03  0.15000E+03
 W-volume [L]        0.42100E+02  0.42100E+02
 In-flow  [L/T]      0.21013E+01  0.21013E+01
 h Mean   [L]       -0.10352E+04 -0.10352E+04
 Top Flux [L/T]     -0.24736E+01
 Bot Flux [L/T]     -0.39090E-04
 WatBalT  [L]        0.16236E+01
 WatBalR  [%]              3.014
----------------------------------------------------------

----------------------------------------------------------
 Time       [T]      185.0000
----------------------------------------------------------
 Sub-region num.                     1
----------------------------------------------------------
 Length   [L]        0.15000E+03  0.15000E+03
 W-volume [L]        0.41791E+02  0.41791E+02
 In-flow  [L/T]     -0.29976E+00 -0.29976E+00
 h Mean   [L]       -0.99840E+03 -0.99840E+03
 Top Flux [L/T]     -0.13856E-01
 Bot Flux [L/T]     -0.39099E-04
 WatBalT  [L]        0.16140E+01
 WatBalR  [%]              2.980
----------------------------------------------------------

----------------------------------------------------------
 Time       [T]      186.0000
----------------------------------------------------------
 Sub-region num.                     1
----------------------------------------------------------
 Length   [L]        0.15000E+03  0.15000E+03
 W-volume [L]        0.41409E+02  0.41409E+02
 In-flow  [L/T]     -0.39374E+00 -0.39374E+00
 h Mean   [L]       -0.96862E+03 -0.96862E+03
 Top Flux [L/T]     -0.10009E-01
 Bot Flux [L/T]     -0.39095E-04
 WatBalT  [L]        0.16258E+01
 WatBalR  [%]              2.980
----------------------------------------------------------

----------------------------------------------------------
 Time       [T]      187.0000
----------------------------------------------------------
 Sub-region num.                     1
----------------------------------------------------------
 Length   [L]        0.15000E+03  0.15000E+03
 W-volume [L]        0.41015E+02  0.41015E+02
 In-flow  [L/T]     -0.39374E+00 -0.39374E+00
 h Mean   [L]       -0.94691E+03 -0.94691E+03
 Top Flux [L/T]     -0.87494E-02
 Bot Flux [L/T]     -0.39104E-04
 WatBalT  [L]        0.16258E+01
 WatBalR  [%]              2.959
----------------------------------------------------------

----------------------------------------------------------
 Time       [T]      188.0000
----------------------------------------------------------
 Sub-region num.                     1
----------------------------------------------------------
 Length   [L]        0.15000E+03  0.15000E+03
 W-volume [L]        0.40607E+02  0.40607E+02
 In-flow  [L/T]     -0.41152E+00 -0.41152E+00
 h Mean   [L]       -0.93092E+03 -0.93092E+03
 Top Flux [L/T]     -0.82171E-02
 Bot Flux [L/T]     -0.39080E-04
 WatBalT  [L]        0.16293E+01
 WatBalR  [%]              2.943
----------------------------------------------------------

----------------------------------------------------------
 Time       [T]      189.0000
----------------------------------------------------------
 Sub-region num.                     1
----------------------------------------------------------
 Length   [L]        0.15000E+03  0.15000E+03
 W-volume [L]        0.40184E+02  0.40184E+02
 In-flow  [L/T]     -0.42676E+00 -0.42676E+00
 h Mean   [L]       -0.91999E+03 -0.91999E+03
 Top Flux [L/T]     -0.84067E-02
 Bot Flux [L/T]     -0.39094E-04
 WatBalT  [L]        0.16331E+01
 WatBalR  [%]              2.927
----------------------------------------------------------

----------------------------------------------------------
 Time       [T]      190.0000
----------------------------------------------------------
 Sub-region num.                     1
----------------------------------------------------------
 Length   [L]        0.15000E+03  0.15000E+03
 W-volume [L]        0.39732E+02  0.39732E+02
 In-flow  [L/T]     -0.46486E+00 -0.46486E+00
 h Mean   [L]       -0.91336E+03 -0.91336E+03
 Top Flux [L/T]     -0.93532E-02
 Bot Flux [L/T]     -0.39094E-04
 WatBalT  [L]        0.16458E+01
 WatBalR  [%]              2.926
----------------------------------------------------------

----------------------------------------------------------
 Time       [T]      191.0000
----------------------------------------------------------
 Sub-region num.                     1
----------------------------------------------------------
 Length   [L]        0.15000E+03  0.15000E+03
 W-volume [L]        0.39290E+02  0.39290E+02
 In-flow  [L/T]     -0.41914E+00 -0.41914E+00
 h Mean   [L]       -0.91043E+03 -0.91043E+03
 Top Flux [L/T]     -0.84838E-02
 Bot Flux [L/T]     -0.39104E-04
 WatBalT  [L]        0.16230E+01
 WatBalR  [%]              2.864
----------------------------------------------------------

----------------------------------------------------------
 Time       [T]      192.0000
----------------------------------------------------------
 Sub-region num.                     1
----------------------------------------------------------
 Length   [L]        0.15000E+03  0.15000E+03
 W-volume [L]        0.38915E+02  0.38915E+02
 In-flow  [L/T]     -0.33024E+00 -0.33024E+00
 h Mean   [L]       -0.90958E+03 -0.90958E+03
 Top Flux [L/T]     -0.65748E-02
 Bot Flux [L/T]     -0.39094E-04
 WatBalT  [L]        0.15785E+01
 WatBalR  [%]              2.769
----------------------------------------------------------

----------------------------------------------------------
 Time       [T]      193.0000
----------------------------------------------------------
 Sub-region num.                     1
----------------------------------------------------------
 Length   [L]        0.15000E+03  0.15000E+03
 W-volume [L]        0.38533E+02  0.38533E+02
 In-flow  [L/T]     -0.43438E+00 -0.43438E+00
 h Mean   [L]       -0.91327E+03 -0.91327E+03
 Top Flux [L/T]     -0.89245E-02
 Bot Flux [L/T]     -0.39099E-04
 WatBalT  [L]        0.16303E+01
 WatBalR  [%]              2.838
----------------------------------------------------------

----------------------------------------------------------
 Time       [T]      194.0000
----------------------------------------------------------
 Sub-region num.                     1
----------------------------------------------------------
 Length   [L]        0.15000E+03  0.15000E+03
 W-volume [L]        0.39495E+02  0.39495E+02
 In-flow  [L/T]      0.96646E+00  0.96646E+00
 h Mean   [L]       -0.87878E+03 -0.87878E+03
 Top Flux [L/T]     -0.13443E+01
 Bot Flux [L/T]     -0.39103E-04
 WatBalT  [L]        0.16258E+01
 WatBalR  [%]              2.747
----------------------------------------------------------

----------------------------------------------------------
 Time       [T]      195.0000
----------------------------------------------------------
 Sub-region num.                     1
----------------------------------------------------------
 Length   [L]        0.15000E+03  0.15000E+03
 W-volume [L]        0.40408E+02  0.40408E+02
 In-flow  [L/T]      0.91690E+00  0.91690E+00
 h Mean   [L]       -0.85577E+03 -0.85577E+03
 Top Flux [L/T]     -0.12634E+01
 Bot Flux [L/T]     -0.39094E-04
 WatBalT  [L]        0.16221E+01
 WatBalR  [%]              2.667
----------------------------------------------------------

----------------------------------------------------------
 Time       [T]      196.0000
----------------------------------------------------------
 Sub-region num.                     1
----------------------------------------------------------
 Length   [L]        0.15000E+03  0.15000E+03
 W-volume [L]        0.41276E+02  0.41276E+02
 In-flow  [L/T]      0.85594E+00  0.85594E+00
 h Mean   [L]       -0.83706E+03 -0.83706E+03
 Top Flux [L/T]     -0.12663E+01
 Bot Flux [L/T]     -0.39108E-04
 WatBalT  [L]        0.16343E+01
 WatBalR  [%]              2.615
----------------------------------------------------------

----------------------------------------------------------
 Time       [T]      197.0000
----------------------------------------------------------
 Sub-region num.                     1
----------------------------------------------------------
 Length   [L]        0.15000E+03  0.15000E+03
 W-volume [L]        0.42120E+02  0.42120E+02
 In-flow  [L/T]      0.83816E+00  0.83816E+00
 h Mean   [L]       -0.81995E+03 -0.81995E+03
 Top Flux [L/T]     -0.12677E+01
 Bot Flux [L/T]     -0.39098E-04
 WatBalT  [L]        0.16402E+01
 WatBalR  [%]              2.555
----------------------------------------------------------

----------------------------------------------------------
 Time       [T]      198.0000
----------------------------------------------------------
 Sub-region num.                     1
----------------------------------------------------------
 Length   [L]        0.15000E+03  0.15000E+03
 W-volume [L]        0.42945E+02  0.42945E+02
 In-flow  [L/T]      0.81280E+00  0.81280E+00
 h Mean   [L]       -0.80369E+03 -0.80369E+03
 Top Flux [L/T]     -0.12787E+01
 Bot Flux [L/T]     -0.39098E-04
 WatBalT  [L]        0.16520E+01
 WatBalR  [%]              2.505
----------------------------------------------------------

----------------------------------------------------------
 Time       [T]      199.0000
----------------------------------------------------------
 Sub-region num.                     1
----------------------------------------------------------
 Length   [L]        0.15000E+03  0.15000E+03
 W-volume [L]        0.45033E+02  0.45033E+02
 In-flow  [L/T]      0.20955E+01  0.20955E+01
 h Mean   [L]       -0.77809E+03 -0.77809E+03
 Top Flux [L/T]     -0.25363E+01
 Bot Flux [L/T]     -0.39079E-04
 WatBalT  [L]        0.16444E+01
 WatBalR  [%]              2.386
----------------------------------------------------------

----------------------------------------------------------
 Time       [T]      200.0000
----------------------------------------------------------
 Sub-region num.                     1
----------------------------------------------------------
 Length   [L]        0.15000E+03  0.15000E+03
 W-volume [L]        0.44609E+02  0.44609E+02
 In-flow  [L/T]     -0.41914E+00 -0.41914E+00
 h Mean   [L]       -0.76766E+03 -0.76766E+03
 Top Flux [L/T]     -0.15772E-01
 Bot Flux [L/T]     -0.39103E-04
 WatBalT  [L]        0.16394E+01
 WatBalR  [%]              2.364
----------------------------------------------------------

----------------------------------------------------------
 Time       [T]      201.0000
----------------------------------------------------------
 Sub-region num.                     1
----------------------------------------------------------
 Length   [L]        0.15000E+03  0.15000E+03
 W-volume [L]        0.45444E+02  0.45444E+02
 In-flow  [L/T]      0.83054E+00  0.83054E+00
 h Mean   [L]       -0.74957E+03 -0.74957E+03
 Top Flux [L/T]     -0.12659E+01
 Bot Flux [L/T]     -0.39112E-04
 WatBalT  [L]        0.16444E+01
 WatBalR  [%]              2.314
----------------------------------------------------------

----------------------------------------------------------
 Time       [T]      202.0000
----------------------------------------------------------
 Sub-region num.                     1
----------------------------------------------------------
 Length   [L]        0.15000E+03  0.15000E+03
 W-volume [L]        0.44983E+02  0.44983E+02
 In-flow  [L/T]     -0.47248E+00 -0.47248E+00
 h Mean   [L]       -0.73920E+03 -0.73920E+03
 Top Flux [L/T]     -0.14101E-01
 Bot Flux [L/T]     -0.39098E-04
 WatBalT  [L]        0.16554E+01
 WatBalR  [%]              2.314
----------------------------------------------------------

----------------------------------------------------------
 Time       [T]      203.0000
----------------------------------------------------------
 Sub-region num.                     1
----------------------------------------------------------
 Length   [L]        0.15000E+03  0.15000E+03
 W-volume [L]        0.44513E+02  0.44513E+02
 In-flow  [L/T]     -0.46740E+00 -0.46740E+00
 h Mean   [L]       -0.72917E+03 -0.72917E+03
 Top Flux [L/T]     -0.10877E-01
 Bot Flux [L/T]     -0.39093E-04
 WatBalT  [L]        0.16529E+01
 WatBalR  [%]              2.296
----------------------------------------------------------

----------------------------------------------------------
 Time       [T]      204.0000
----------------------------------------------------------
 Sub-region num.                     1
----------------------------------------------------------
 Length   [L]        0.15000E+03  0.15000E+03
 W-volume [L]        0.44049E+02  0.44049E+02
 In-flow  [L/T]     -0.45978E+00 -0.45978E+00
 h Mean   [L]       -0.72005E+03 -0.72005E+03
 Top Flux [L/T]     -0.94806E-02
 Bot Flux [L/T]     -0.39093E-04
 WatBalT  [L]        0.16491E+01
 WatBalR  [%]              2.276
----------------------------------------------------------

----------------------------------------------------------
 Time       [T]      205.0000
----------------------------------------------------------
 Sub-region num.                     1
----------------------------------------------------------
 Length   [L]        0.15000E+03  0.15000E+03
 W-volume [L]        0.43584E+02  0.43584E+02
 In-flow  [L/T]     -0.46994E+00 -0.46994E+00
 h Mean   [L]       -0.71234E+03 -0.71234E+03
 Top Flux [L/T]     -0.92013E-02
 Bot Flux [L/T]     -0.39093E-04
 WatBalT  [L]        0.16542E+01
 WatBalR  [%]              2.268
----------------------------------------------------------

----------------------------------------------------------
 Time       [T]      206.0000
----------------------------------------------------------
 Sub-region num.                     1
----------------------------------------------------------
 Length   [L]        0.15000E+03  0.15000E+03
 W-volume [L]        0.43117E+02  0.43117E+02
 In-flow  [L/T]     -0.46486E+00 -0.46486E+00
 h Mean   [L]       -0.70653E+03 -0.70653E+03
 Top Flux [L/T]     -0.89314E-02
 Bot Flux [L/T]     -0.39102E-04
 WatBalT  [L]        0.16516E+01
 WatBalR  [%]              2.250
----------------------------------------------------------

----------------------------------------------------------
 Time       [T]      207.0000
----------------------------------------------------------
 Sub-region num.                     1
----------------------------------------------------------
 Length   [L]        0.15000E+03  0.15000E+03
 W-volume [L]        0.42660E+02  0.42660E+02
 In-flow  [L/T]     -0.44962E+00 -0.44962E+00
 h Mean   [L]       -0.70284E+03 -0.70284E+03
 Top Flux [L/T]     -0.86766E-02
 Bot Flux [L/T]     -0.39097E-04
 WatBalT  [L]        0.16440E+01
 WatBalR  [%]              2.226
----------------------------------------------------------

----------------------------------------------------------
 Time       [T]      208.0000
----------------------------------------------------------
 Sub-region num.                     1
----------------------------------------------------------
 Length   [L]        0.15000E+03  0.15000E+03
 W-volume [L]        0.42265E+02  0.42265E+02
 In-flow  [L/T]     -0.34040E+00 -0.34040E+00
 h Mean   [L]       -0.69995E+03 -0.69995E+03
 Top Flux [L/T]     -0.63852E-02
 Bot Flux [L/T]     -0.39097E-04
 WatBalT  [L]        0.15894E+01
 WatBalR  [%]              2.142
----------------------------------------------------------

----------------------------------------------------------
 Time       [T]      209.0000
----------------------------------------------------------
 Sub-region num.                     1
----------------------------------------------------------
 Length   [L]        0.15000E+03  0.15000E+03
 W-volume [L]        0.41914E+02  0.41914E+02
 In-flow  [L/T]     -0.36072E+00 -0.36072E+00
 h Mean   [L]       -0.69801E+03 -0.69801E+03
 Top Flux [L/T]     -0.69225E-02
 Bot Flux [L/T]     -0.39088E-04
 WatBalT  [L]        0.15996E+01
 WatBalR  [%]              2.146
----------------------------------------------------------

----------------------------------------------------------
 Time       [T]      210.0000
----------------------------------------------------------
 Sub-region num.                     1
----------------------------------------------------------
 Length   [L]        0.15000E+03  0.15000E+03
 W-volume [L]        0.41537E+02  0.41537E+02
 In-flow  [L/T]     -0.39374E+00 -0.39374E+00
 h Mean   [L]       -0.70044E+03 -0.70044E+03
 Top Flux [L/T]     -0.79222E-02
 Bot Flux [L/T]     -0.39092E-04
 WatBalT  [L]        0.16141E+01
 WatBalR  [%]              2.154
----------------------------------------------------------

----------------------------------------------------------
 Time       [T]      211.0000
----------------------------------------------------------
 Sub-region num.                     1
----------------------------------------------------------
 Length   [L]        0.15000E+03  0.15000E+03
 W-volume [L]        0.41155E+02  0.41155E+02
 In-flow  [L/T]     -0.37341E+00 -0.37341E+00
 h Mean   [L]       -0.70858E+03 -0.70858E+03
 Top Flux [L/T]     -0.71183E-02
 Bot Flux [L/T]     -0.39102E-04
 WatBalT  [L]        0.15963E+01
 WatBalR  [%]              2.120
----------------------------------------------------------

----------------------------------------------------------
 Time       [T]      212.0000
----------------------------------------------------------
 Sub-region num.                     1
----------------------------------------------------------
 Length   [L]        0.15000E+03  0.15000E+03
 W-volume [L]        0.40804E+02  0.40804E+02
 In-flow  [L/T]     -0.34771E+00 -0.34771E+00
 h Mean   [L]       -0.72047E+03 -0.72047E+03
 Top Flux [L/T]     -0.53449E-02
 Bot Flux [L/T]     -0.39102E-04
 WatBalT  [L]        0.15789E+01
 WatBalR  [%]              2.088
----------------------------------------------------------

----------------------------------------------------------
 Time       [T]      213.0000
----------------------------------------------------------
 Sub-region num.                     1
----------------------------------------------------------
 Length   [L]        0.15000E+03  0.15000E+03
 W-volume [L]        0.40491E+02  0.40491E+02
 In-flow  [L/T]     -0.30692E+00 -0.30692E+00
 h Mean   [L]       -0.73360E+03 -0.73360E+03
 Top Flux [L/T]     -0.36687E-02
 Bot Flux [L/T]     -0.39087E-04
 WatBalT  [L]        0.15574E+01
 WatBalR  [%]              2.051
----------------------------------------------------------

----------------------------------------------------------
 Time       [T]      214.0000
----------------------------------------------------------
 Sub-region num.                     1
----------------------------------------------------------
 Length   [L]        0.15000E+03  0.15000E+03
 W-volume [L]        0.40228E+02  0.40228E+02
 In-flow  [L/T]     -0.24983E+00 -0.24983E+00
 h Mean   [L]       -0.74384E+03 -0.74384E+03
 Top Flux [L/T]     -0.18630E-02
 Bot Flux [L/T]     -0.39097E-04
 WatBalT  [L]        0.15330E+01
 WatBalR  [%]              2.013
----------------------------------------------------------

----------------------------------------------------------
 Time       [T]      215.0000
----------------------------------------------------------
 Sub-region num.                     1
----------------------------------------------------------
 Length   [L]        0.15000E+03  0.15000E+03
 W-volume [L]        0.40017E+02  0.40017E+02
 In-flow  [L/T]     -0.19384E+00 -0.19384E+00
 h Mean   [L]       -0.74954E+03 -0.74954E+03
 Top Flux [L/T]     -0.91038E-03
 Bot Flux [L/T]     -0.39097E-04
 WatBalT  [L]        0.15096E+01
 WatBalR  [%]              1.977
----------------------------------------------------------

----------------------------------------------------------
 Time       [T]      216.0000
----------------------------------------------------------
 Sub-region num.                     1
----------------------------------------------------------
 Length   [L]        0.15000E+03  0.15000E+03
 W-volume [L]        0.39849E+02  0.39849E+02
 In-flow  [L/T]     -0.15572E+00 -0.15572E+00
 h Mean   [L]       -0.75196E+03 -0.75196E+03
 Top Flux [L/T]     -0.45676E-03
 Bot Flux [L/T]     -0.39101E-04
 WatBalT  [L]        0.14932E+01
 WatBalR  [%]              1.952
----------------------------------------------------------

----------------------------------------------------------
 Time       [T]      217.0000
----------------------------------------------------------
 Sub-region num.                     1
----------------------------------------------------------
 Length   [L]        0.15000E+03  0.15000E+03
 W-volume [L]        0.39733E+02  0.39733E+02
 In-flow  [L/T]     -0.83477E-01 -0.83477E-01
 h Mean   [L]       -0.74979E+03 -0.74979E+03
 Top Flux [L/T]     -0.14766E-03
 Bot Flux [L/T]     -0.39096E-04
 WatBalT  [L]        0.14607E+01
 WatBalR  [%]              1.907
----------------------------------------------------------

----------------------------------------------------------
 Time       [T]      218.0000
----------------------------------------------------------
 Sub-region num.                     1
----------------------------------------------------------
 Length   [L]        0.15000E+03  0.15000E+03
 W-volume [L]        0.39660E+02  0.39660E+02
 In-flow  [L/T]     -0.64545E-01 -0.64545E-01
 h Mean   [L]       -0.74377E+03 -0.74377E+03
 Top Flux [L/T]     -0.52245E-04
 Bot Flux [L/T]     -0.39091E-04
 WatBalT  [L]        0.14517E+01
 WatBalR  [%]              1.894
----------------------------------------------------------

----------------------------------------------------------
 Time       [T]      219.0000
----------------------------------------------------------
 Sub-region num.                     1
----------------------------------------------------------
 Length   [L]        0.15000E+03  0.15000E+03
 W-volume [L]        0.39560E+02  0.39560E+02
 In-flow  [L/T]     -0.13389E+00 -0.13389E+00
 h Mean   [L]       -0.74118E+03 -0.74118E+03
 Top Flux [L/T]     -0.39657E-04
 Bot Flux [L/T]     -0.39087E-04
 WatBalT  [L]        0.14833E+01
 WatBalR  [%]              1.932
----------------------------------------------------------

----------------------------------------------------------
 Time       [T]      220.0000
----------------------------------------------------------
 Sub-region num.                     1
----------------------------------------------------------
 Length   [L]        0.15000E+03  0.15000E+03
 W-volume [L]        0.39433E+02  0.39433E+02
 In-flow  [L/T]     -0.12724E+00 -0.12724E+00
 h Mean   [L]       -0.74208E+03 -0.74208E+03
 Top Flux [L/T]     -0.24105E-04
 Bot Flux [L/T]     -0.39091E-04
 WatBalT  [L]        0.14800E+01
 WatBalR  [%]              1.924
----------------------------------------------------------

----------------------------------------------------------
 Time       [T]      221.0000
----------------------------------------------------------
 Sub-region num.                     1
----------------------------------------------------------
 Length   [L]        0.15000E+03  0.15000E+03
 W-volume [L]        0.39307E+02  0.39307E+02
 In-flow  [L/T]     -0.12876E+00 -0.12876E+00
 h Mean   [L]       -0.74353E+03 -0.74353E+03
 Top Flux [L/T]     -0.12777E-04
 Bot Flux [L/T]     -0.39086E-04
 WatBalT  [L]        0.14801E+01
 WatBalR  [%]              1.921
----------------------------------------------------------

----------------------------------------------------------
 Time       [T]      222.0000
----------------------------------------------------------
 Sub-region num.                     1
----------------------------------------------------------
 Length   [L]        0.15000E+03  0.15000E+03
 W-volume [L]        0.39183E+02  0.39183E+02
 In-flow  [L/T]     -0.12677E+00 -0.12677E+00
 h Mean   [L]       -0.74553E+03 -0.74553E+03
 Top Flux [L/T]     -0.68444E-05
 Bot Flux [L/T]     -0.39110E-04
 WatBalT  [L]        0.14787E+01
 WatBalR  [%]              1.917
----------------------------------------------------------

----------------------------------------------------------
 Time       [T]      223.0000
----------------------------------------------------------
 Sub-region num.                     1
----------------------------------------------------------
 Length   [L]        0.15000E+03  0.15000E+03
 W-volume [L]        0.39073E+02  0.39073E+02
 In-flow  [L/T]     -0.10151E+00 -0.10151E+00
 h Mean   [L]       -0.74654E+03 -0.74654E+03
 Top Flux [L/T]     -0.50250E-05
 Bot Flux [L/T]     -0.39120E-04
 WatBalT  [L]        0.14678E+01
 WatBalR  [%]              1.900
----------------------------------------------------------

----------------------------------------------------------
 Time       [T]      224.0000
----------------------------------------------------------
 Sub-region num.                     1
----------------------------------------------------------
 Length   [L]        0.15000E+03  0.15000E+03
 W-volume [L]        0.38990E+02  0.38990E+02
 In-flow  [L/T]     -0.68556E-01 -0.68556E-01
 h Mean   [L]       -0.74503E+03 -0.74503E+03
 Top Flux [L/T]     -0.40294E-05
 Bot Flux [L/T]     -0.39148E-04
 WatBalT  [L]        0.14531E+01
 WatBalR  [%]              1.879
----------------------------------------------------------

----------------------------------------------------------
 Time       [T]      225.0000
----------------------------------------------------------
 Sub-region num.                     1
----------------------------------------------------------
 Length   [L]        0.15000E+03  0.15000E+03
 W-volume [L]        0.38915E+02  0.38915E+02
 In-flow  [L/T]     -0.82964E-01 -0.82964E-01
 h Mean   [L]       -0.74344E+03 -0.74344E+03
 Top Flux [L/T]     -0.32690E-05
 Bot Flux [L/T]     -0.39168E-04
 WatBalT  [L]        0.14594E+01
 WatBalR  [%]              1.885
----------------------------------------------------------

----------------------------------------------------------
 Time       [T]      226.0000
----------------------------------------------------------
 Sub-region num.                     1
----------------------------------------------------------
 Length   [L]        0.15000E+03  0.15000E+03
 W-volume [L]        0.38831E+02  0.38831E+02
 In-flow  [L/T]     -0.86672E-01 -0.86672E-01
 h Mean   [L]       -0.74312E+03 -0.74312E+03
 Top Flux [L/T]     -0.29196E-05
 Bot Flux [L/T]     -0.39230E-04
 WatBalT  [L]        0.14607E+01
 WatBalR  [%]              1.885
----------------------------------------------------------

----------------------------------------------------------
 Time       [T]      227.0000
----------------------------------------------------------
 Sub-region num.                     1
----------------------------------------------------------
 Length   [L]        0.15000E+03  0.15000E+03
 W-volume [L]        0.38748E+02  0.38748E+02
 In-flow  [L/T]     -0.83304E-01 -0.83304E-01
 h Mean   [L]       -0.74318E+03 -0.74318E+03
 Top Flux [L/T]     -0.27803E-05
 Bot Flux [L/T]     -0.39322E-04
 WatBalT  [L]        0.14591E+01
 WatBalR  [%]              1.881
----------------------------------------------------------

----------------------------------------------------------
 Time       [T]      228.0000
----------------------------------------------------------
 Sub-region num.                     1
----------------------------------------------------------
 Length   [L]        0.15000E+03  0.15000E+03
 W-volume [L]        0.38677E+02  0.38677E+02
 In-flow  [L/T]     -0.61969E-01 -0.61969E-01
 h Mean   [L]       -0.74212E+03 -0.74212E+03
 Top Flux [L/T]     -0.26602E-05
 Bot Flux [L/T]     -0.39486E-04
 WatBalT  [L]        0.14496E+01
 WatBalR  [%]              1.867
----------------------------------------------------------

----------------------------------------------------------
 Time       [T]      229.0000
----------------------------------------------------------
 Sub-region num.                     1
----------------------------------------------------------
 Length   [L]        0.15000E+03  0.15000E+03
 W-volume [L]        0.38609E+02  0.38609E+02
 In-flow  [L/T]     -0.75175E-01 -0.75175E-01
 h Mean   [L]       -0.74134E+03 -0.74134E+03
 Top Flux [L/T]     -0.25116E-05
 Bot Flux [L/T]     -0.39728E-04
 WatBalT  [L]        0.14553E+01
 WatBalR  [%]              1.873
----------------------------------------------------------

----------------------------------------------------------
 Time       [T]      230.0000
----------------------------------------------------------
 Sub-region num.                     1
----------------------------------------------------------
 Length   [L]        0.15000E+03  0.15000E+03
 W-volume [L]        0.38532E+02  0.38532E+02
 In-flow  [L/T]     -0.82089E-01 -0.82089E-01
 h Mean   [L]       -0.74193E+03 -0.74193E+03
 Top Flux [L/T]     -0.23870E-05
 Bot Flux [L/T]     -0.40085E-04
 WatBalT  [L]        0.14579E+01
 WatBalR  [%]              1.874
----------------------------------------------------------

----------------------------------------------------------
 Time       [T]      231.0000
----------------------------------------------------------
 Sub-region num.                     1
----------------------------------------------------------
 Length   [L]        0.15000E+03  0.15000E+03
 W-volume [L]        0.38470E+02  0.38470E+02
 In-flow  [L/T]     -0.47144E-01 -0.47144E-01
 h Mean   [L]       -0.74073E+03 -0.74073E+03
 Top Flux [L/T]     -0.23292E-05
 Bot Flux [L/T]     -0.40599E-04
 WatBalT  [L]        0.14427E+01
 WatBalR  [%]              1.854
----------------------------------------------------------

----------------------------------------------------------
 Time       [T]      232.0000
----------------------------------------------------------
 Sub-region num.                     1
----------------------------------------------------------
 Length   [L]        0.15000E+03  0.15000E+03
 W-volume [L]        0.38426E+02  0.38426E+02
 In-flow  [L/T]     -0.40614E-01 -0.40614E-01
 h Mean   [L]       -0.73773E+03 -0.73773E+03
 Top Flux [L/T]     -0.22333E-05
 Bot Flux [L/T]     -0.41379E-04
 WatBalT  [L]        0.14396E+01
 WatBalR  [%]              1.849
----------------------------------------------------------

----------------------------------------------------------
 Time       [T]      233.0000
----------------------------------------------------------
 Sub-region num.                     1
----------------------------------------------------------
 Length   [L]        0.15000E+03  0.15000E+03
 W-volume [L]        0.38395E+02  0.38395E+02
 In-flow  [L/T]     -0.21567E-01 -0.21567E-01
 h Mean   [L]       -0.73322E+03 -0.73322E+03
 Top Flux [L/T]     -0.20756E-05
 Bot Flux [L/T]     -0.42422E-04
 WatBalT  [L]        0.14304E+01
 WatBalR  [%]              1.836
----------------------------------------------------------

----------------------------------------------------------
 Time       [T]      234.0000
----------------------------------------------------------
 Sub-region num.                     1
----------------------------------------------------------
 Length   [L]        0.15000E+03  0.15000E+03
 W-volume [L]        0.38355E+02  0.38355E+02
 In-flow  [L/T]     -0.56956E-01 -0.56956E-01
 h Mean   [L]       -0.73054E+03 -0.73054E+03
 Top Flux [L/T]     -0.18419E-05
 Bot Flux [L/T]     -0.43852E-04
 WatBalT  [L]        0.14468E+01
 WatBalR  [%]              1.856
----------------------------------------------------------

----------------------------------------------------------
 Time       [T]      235.0000
----------------------------------------------------------
 Sub-region num.                     1
----------------------------------------------------------
 Length   [L]        0.15000E+03  0.15000E+03
 W-volume [L]        0.38298E+02  0.38298E+02
 In-flow  [L/T]     -0.58088E-01 -0.58088E-01
 h Mean   [L]       -0.73000E+03 -0.73000E+03
 Top Flux [L/T]     -0.16369E-05
 Bot Flux [L/T]     -0.45771E-04
 WatBalT  [L]        0.14472E+01
 WatBalR  [%]              1.855
----------------------------------------------------------

----------------------------------------------------------
 Time       [T]      236.0000
----------------------------------------------------------
 Sub-region num.                     1
----------------------------------------------------------
 Length   [L]        0.15000E+03  0.15000E+03
 W-volume [L]        0.38245E+02  0.38245E+02
 In-flow  [L/T]     -0.50576E-01 -0.50576E-01
 h Mean   [L]       -0.72935E+03 -0.72935E+03
 Top Flux [L/T]     -0.15224E-05
 Bot Flux [L/T]     -0.48234E-04
 WatBalT  [L]        0.14439E+01
 WatBalR  [%]              1.850
----------------------------------------------------------

----------------------------------------------------------
 Time       [T]      237.0000
----------------------------------------------------------
 Sub-region num.                     1
----------------------------------------------------------
 Length   [L]        0.15000E+03  0.15000E+03
 W-volume [L]        0.38200E+02  0.38200E+02
 In-flow  [L/T]     -0.40166E-01 -0.40166E-01
 h Mean   [L]       -0.72783E+03 -0.72783E+03
 Top Flux [L/T]     -0.14698E-05
 Bot Flux [L/T]     -0.51417E-04
 WatBalT  [L]        0.14391E+01
 WatBalR  [%]              1.843
----------------------------------------------------------

----------------------------------------------------------
 Time       [T]      238.0000
----------------------------------------------------------
 Sub-region num.                     1
----------------------------------------------------------
 Length   [L]        0.15000E+03  0.15000E+03
 W-volume [L]        0.38157E+02  0.38157E+02
 In-flow  [L/T]     -0.47632E-01 -0.47632E-01
 h Mean   [L]       -0.72654E+03 -0.72654E+03
 Top Flux [L/T]     -0.14315E-05
 Bot Flux [L/T]     -0.55384E-04
 WatBalT  [L]        0.14424E+01
 WatBalR  [%]              1.846
----------------------------------------------------------

----------------------------------------------------------
 Time       [T]      239.0000
----------------------------------------------------------
 Sub-region num.                     1
----------------------------------------------------------
 Length   [L]        0.15000E+03  0.15000E+03
 W-volume [L]        0.38113E+02  0.38113E+02
 In-flow  [L/T]     -0.41214E-01 -0.41214E-01
 h Mean   [L]       -0.72534E+03 -0.72534E+03
 Top Flux [L/T]     -0.13932E-05
 Bot Flux [L/T]     -0.60287E-04
 WatBalT  [L]        0.14395E+01
 WatBalR  [%]              1.841
----------------------------------------------------------

----------------------------------------------------------
 Time       [T]      240.0000
----------------------------------------------------------
 Sub-region num.                     1
----------------------------------------------------------
 Length   [L]        0.15000E+03  0.15000E+03
 W-volume [L]        0.38074E+02  0.38074E+02
 In-flow  [L/T]     -0.38140E-01 -0.38140E-01
 h Mean   [L]       -0.72380E+03 -0.72380E+03
 Top Flux [L/T]     -0.13597E-05
 Bot Flux [L/T]     -0.66209E-04
 WatBalT  [L]        0.14381E+01
 WatBalR  [%]              1.838
----------------------------------------------------------

----------------------------------------------------------
 Time       [T]      241.0000
----------------------------------------------------------
 Sub-region num.                     1
----------------------------------------------------------
 Length   [L]        0.15000E+03  0.15000E+03
 W-volume [L]        0.38033E+02  0.38033E+02
 In-flow  [L/T]     -0.43700E-01 -0.43700E-01
 h Mean   [L]       -0.72272E+03 -0.72272E+03
 Top Flux [L/T]     -0.13215E-05
 Bot Flux [L/T]     -0.73284E-04
 WatBalT  [L]        0.14405E+01
 WatBalR  [%]              1.840
----------------------------------------------------------

----------------------------------------------------------
 Time       [T]      242.0000
----------------------------------------------------------
 Sub-region num.                     1
----------------------------------------------------------
 Length   [L]        0.15000E+03  0.15000E+03
 W-volume [L]        0.37988E+02  0.37988E+02
 In-flow  [L/T]     -0.47004E-01 -0.47004E-01
 h Mean   [L]       -0.72242E+03 -0.72242E+03
 Top Flux [L/T]     -0.12880E-05
 Bot Flux [L/T]     -0.81514E-04
 WatBalT  [L]        0.14418E+01
 WatBalR  [%]              1.841
----------------------------------------------------------

----------------------------------------------------------
 Time       [T]      243.0000
----------------------------------------------------------
 Sub-region num.                     1
----------------------------------------------------------
 Length   [L]        0.15000E+03  0.15000E+03
 W-volume [L]        0.37946E+02  0.37946E+02
 In-flow  [L/T]     -0.38574E-01 -0.38574E-01
 h Mean   [L]       -0.72186E+03 -0.72186E+03
 Top Flux [L/T]     -0.12640E-05
 Bot Flux [L/T]     -0.91010E-04
 WatBalT  [L]        0.14381E+01
 WatBalR  [%]              1.835
----------------------------------------------------------

----------------------------------------------------------
 Time       [T]      244.0000
----------------------------------------------------------
 Sub-region num.                     1
----------------------------------------------------------
 Length   [L]        0.15000E+03  0.15000E+03
 W-volume [L]        0.37927E+02  0.37927E+02
 In-flow  [L/T]     -0.32771E-03 -0.32771E-03
 h Mean   [L]       -0.71789E+03 -0.71789E+03
 Top Flux [L/T]     -0.12543E-05
 Bot Flux [L/T]     -0.10162E-03
 WatBalT  [L]        0.15276E+01
 WatBalR  [%]              1.947
----------------------------------------------------------

----------------------------------------------------------
 Time       [T]      245.0000
----------------------------------------------------------
 Sub-region num.                     1
----------------------------------------------------------
 Length   [L]        0.15000E+03  0.15000E+03
 W-volume [L]        0.34388E+02  0.34388E+02
 In-flow  [L/T]     -0.68615E+01 -0.68615E+01
 h Mean   [L]       -0.97947E+03 -0.97947E+03
 Top Flux [L/T]     -0.12827E-05
 Bot Flux [L/T]      0.10923E-03
 WatBalT  [L]        0.31345E+01
 WatBalR  [%]              3.749
----------------------------------------------------------

----------------------------------------------------------
 Time       [T]      246.0000
----------------------------------------------------------
 Sub-region num.                     1
----------------------------------------------------------
 Length   [L]        0.15000E+03  0.15000E+03
 W-volume [L]        0.31815E+02  0.31815E+02
 In-flow  [L/T]     -0.17152E+01 -0.17152E+01
 h Mean   [L]       -0.13809E+04 -0.13809E+04
 Top Flux [L/T]     -0.14392E-05
 Bot Flux [L/T]      0.86221E-04
 WatBalT  [L]        0.18479E+01
 WatBalR  [%]              2.177
----------------------------------------------------------

----------------------------------------------------------
 Time       [T]      247.0000
----------------------------------------------------------
 Sub-region num.                     1
----------------------------------------------------------
 Length   [L]        0.15000E+03  0.15000E+03
 W-volume [L]        0.31172E+02  0.31172E+02
 In-flow  [L/T]     -0.42822E+00 -0.42822E+00
 h Mean   [L]       -0.15380E+04 -0.15380E+04
 Top Flux [L/T]     -0.16953E-05
 Bot Flux [L/T]     -0.88764E-05
 WatBalT  [L]        0.15260E+01
 WatBalR  [%]              1.791
----------------------------------------------------------

----------------------------------------------------------
 Time       [T]      248.0000
----------------------------------------------------------
 Sub-region num.                     1
----------------------------------------------------------
 Length   [L]        0.15000E+03  0.15000E+03
 W-volume [L]        0.31012E+02  0.31012E+02
 In-flow  [L/T]     -0.10636E+00 -0.10636E+00
 h Mean   [L]       -0.15870E+04 -0.15870E+04
 Top Flux [L/T]     -0.18943E-05
 Bot Flux [L/T]     -0.33241E-04
 WatBalT  [L]        0.14454E+01
 WatBalR  [%]              1.695
----------------------------------------------------------

----------------------------------------------------------
 Time       [T]      249.0000
----------------------------------------------------------
 Sub-region num.                     1
----------------------------------------------------------
 Length   [L]        0.15000E+03  0.15000E+03
 W-volume [L]        0.30973E+02  0.30973E+02
 In-flow  [L/T]     -0.25077E-01 -0.25077E-01
 h Mean   [L]       -0.16006E+04 -0.16006E+04
 Top Flux [L/T]     -0.20125E-05
 Bot Flux [L/T]     -0.37575E-04
 WatBalT  [L]        0.14235E+01
 WatBalR  [%]              1.669
----------------------------------------------------------

----------------------------------------------------------
 Time       [T]      250.0000
----------------------------------------------------------
 Sub-region num.                     1
----------------------------------------------------------
 Length   [L]        0.15000E+03  0.15000E+03
 W-volume [L]        0.30969E+02  0.30969E+02
 In-flow  [L/T]     -0.38981E-04 -0.38981E-04
 h Mean   [L]       -0.16022E+04 -0.16022E+04
 Top Flux [L/T]     -0.20547E-05
 Bot Flux [L/T]     -0.38202E-04
 WatBalT  [L]        0.14192E+01
 WatBalR  [%]              1.664
----------------------------------------------------------

----------------------------------------------------------
 Time       [T]      251.0000
----------------------------------------------------------
 Sub-region num.                     1
----------------------------------------------------------
 Length   [L]        0.15000E+03  0.15000E+03
 W-volume [L]        0.30969E+02  0.30969E+02
 In-flow  [L/T]     -0.38922E-04 -0.38922E-04
 h Mean   [L]       -0.16023E+04 -0.16023E+04
 Top Flux [L/T]     -0.20494E-05
 Bot Flux [L/T]     -0.38433E-04
 WatBalT  [L]        0.14192E+01
 WatBalR  [%]              1.664
----------------------------------------------------------

----------------------------------------------------------
 Time       [T]      252.0000
----------------------------------------------------------
 Sub-region num.                     1
----------------------------------------------------------
 Length   [L]        0.15000E+03  0.15000E+03
 W-volume [L]        0.30969E+02  0.30969E+02
 In-flow  [L/T]     -0.39220E-04 -0.39220E-04
 h Mean   [L]       -0.16023E+04 -0.16023E+04
 Top Flux [L/T]     -0.20205E-05
 Bot Flux [L/T]     -0.38550E-04
 WatBalT  [L]        0.14192E+01
 WatBalR  [%]              1.664
----------------------------------------------------------

----------------------------------------------------------
 Time       [T]      253.0000
----------------------------------------------------------
 Sub-region num.                     1
----------------------------------------------------------
 Length   [L]        0.15000E+03  0.15000E+03
 W-volume [L]        0.30969E+02  0.30969E+02
 In-flow  [L/T]     -0.39190E-04 -0.39190E-04
 h Mean   [L]       -0.16023E+04 -0.16023E+04
 Top Flux [L/T]     -0.19773E-05
 Bot Flux [L/T]     -0.38609E-04
 WatBalT  [L]        0.14192E+01
 WatBalR  [%]              1.664
----------------------------------------------------------

----------------------------------------------------------
 Time       [T]      254.0000
----------------------------------------------------------
 Sub-region num.                     1
----------------------------------------------------------
 Length   [L]        0.15000E+03  0.15000E+03
 W-volume [L]        0.30969E+02  0.30969E+02
 In-flow  [L/T]     -0.39756E-04 -0.39756E-04
 h Mean   [L]       -0.16023E+04 -0.16023E+04
 Top Flux [L/T]     -0.19294E-05
 Bot Flux [L/T]     -0.38674E-04
 WatBalT  [L]        0.14192E+01
 WatBalR  [%]              1.664
----------------------------------------------------------

----------------------------------------------------------
 Time       [T]      255.0000
----------------------------------------------------------
 Sub-region num.                     1
----------------------------------------------------------
 Length   [L]        0.15000E+03  0.15000E+03
 W-volume [L]        0.30969E+02  0.30969E+02
 In-flow  [L/T]     -0.38981E-04 -0.38981E-04
 h Mean   [L]       -0.16023E+04 -0.16023E+04
 Top Flux [L/T]     -0.18863E-05
 Bot Flux [L/T]     -0.38729E-04
 WatBalT  [L]        0.14192E+01
 WatBalR  [%]              1.664
----------------------------------------------------------

----------------------------------------------------------
 Time       [T]      256.0000
----------------------------------------------------------
 Sub-region num.                     1
----------------------------------------------------------
 Length   [L]        0.15000E+03  0.15000E+03
 W-volume [L]        0.30969E+02  0.30969E+02
 In-flow  [L/T]     -0.38892E-04 -0.38892E-04
 h Mean   [L]       -0.16023E+04 -0.16023E+04
 Top Flux [L/T]     -0.18385E-05
 Bot Flux [L/T]     -0.38756E-04
 WatBalT  [L]        0.14192E+01
 WatBalR  [%]              1.664
----------------------------------------------------------

----------------------------------------------------------
 Time       [T]      257.0000
----------------------------------------------------------
 Sub-region num.                     1
----------------------------------------------------------
 Length   [L]        0.15000E+03  0.15000E+03
 W-volume [L]        0.30969E+02  0.30969E+02
 In-flow  [L/T]     -0.39160E-04 -0.39160E-04
 h Mean   [L]       -0.16023E+04 -0.16023E+04
 Top Flux [L/T]     -0.18002E-05
 Bot Flux [L/T]     -0.38821E-04
 WatBalT  [L]        0.14192E+01
 WatBalR  [%]              1.664
----------------------------------------------------------

----------------------------------------------------------
 Time       [T]      258.0000
----------------------------------------------------------
 Sub-region num.                     1
----------------------------------------------------------
 Length   [L]        0.15000E+03  0.15000E+03
 W-volume [L]        0.30969E+02  0.30969E+02
 In-flow  [L/T]     -0.39399E-04 -0.39399E-04
 h Mean   [L]       -0.16024E+04 -0.16024E+04
 Top Flux [L/T]     -0.17524E-05
 Bot Flux [L/T]     -0.38844E-04
 WatBalT  [L]        0.14192E+01
 WatBalR  [%]              1.664
----------------------------------------------------------

----------------------------------------------------------
 Time       [T]      259.0000
----------------------------------------------------------
 Sub-region num.                     1
----------------------------------------------------------
 Length   [L]        0.15000E+03  0.15000E+03
 W-volume [L]        0.30969E+02  0.30969E+02
 In-flow  [L/T]     -0.39339E-04 -0.39339E-04
 h Mean   [L]       -0.16024E+04 -0.16024E+04
 Top Flux [L/T]     -0.17142E-05
 Bot Flux [L/T]     -0.38857E-04
 WatBalT  [L]        0.14192E+01
 WatBalR  [%]              1.664
----------------------------------------------------------

----------------------------------------------------------
 Time       [T]      260.0000
----------------------------------------------------------
 Sub-region num.                     1
----------------------------------------------------------
 Length   [L]        0.15000E+03  0.15000E+03
 W-volume [L]        0.30969E+02  0.30969E+02
 In-flow  [L/T]     -0.39011E-04 -0.39011E-04
 h Mean   [L]       -0.16024E+04 -0.16024E+04
 Top Flux [L/T]     -0.16902E-05
 Bot Flux [L/T]     -0.38865E-04
 WatBalT  [L]        0.14192E+01
 WatBalR  [%]              1.664
----------------------------------------------------------

----------------------------------------------------------
 Time       [T]      261.0000
----------------------------------------------------------
 Sub-region num.                     1
----------------------------------------------------------
 Length   [L]        0.15000E+03  0.15000E+03
 W-volume [L]        0.30969E+02  0.30969E+02
 In-flow  [L/T]     -0.38862E-04 -0.38862E-04
 h Mean   [L]       -0.16024E+04 -0.16024E+04
 Top Flux [L/T]     -0.16519E-05
 Bot Flux [L/T]     -0.38888E-04
 WatBalT  [L]        0.14192E+01
 WatBalR  [%]              1.664
----------------------------------------------------------

----------------------------------------------------------
 Time       [T]      262.0000
----------------------------------------------------------
 Sub-region num.                     1
----------------------------------------------------------
 Length   [L]        0.15000E+03  0.15000E+03
 W-volume [L]        0.30969E+02  0.30969E+02
 In-flow  [L/T]     -0.39518E-04 -0.39518E-04
 h Mean   [L]       -0.16024E+04 -0.16024E+04
 Top Flux [L/T]     -0.16280E-05
 Bot Flux [L/T]     -0.38920E-04
 WatBalT  [L]        0.14192E+01
 WatBalR  [%]              1.664
----------------------------------------------------------

----------------------------------------------------------
 Time       [T]      263.0000
----------------------------------------------------------
 Sub-region num.                     1
----------------------------------------------------------
 Length   [L]        0.15000E+03  0.15000E+03
 W-volume [L]        0.30969E+02  0.30969E+02
 In-flow  [L/T]     -0.39309E-04 -0.39309E-04
 h Mean   [L]       -0.16024E+04 -0.16024E+04
 Top Flux [L/T]     -0.16040E-05
 Bot Flux [L/T]     -0.38943E-04
 WatBalT  [L]        0.14192E+01
 WatBalR  [%]              1.664
----------------------------------------------------------

----------------------------------------------------------
 Time       [T]      264.0000
----------------------------------------------------------
 Sub-region num.                     1
----------------------------------------------------------
 Length   [L]        0.15000E+03  0.15000E+03
 W-volume [L]        0.30969E+02  0.30969E+02
 In-flow  [L/T]     -0.38892E-04 -0.38892E-04
 h Mean   [L]       -0.16024E+04 -0.16024E+04
 Top Flux [L/T]     -0.15753E-05
 Bot Flux [L/T]     -0.38947E-04
 WatBalT  [L]        0.14192E+01
 WatBalR  [%]              1.664
----------------------------------------------------------

----------------------------------------------------------
 Time       [T]      265.0000
----------------------------------------------------------
 Sub-region num.                     1
----------------------------------------------------------
 Length   [L]        0.15000E+03  0.15000E+03
 W-volume [L]        0.30968E+02  0.30968E+02
 In-flow  [L/T]     -0.39101E-04 -0.39101E-04
 h Mean   [L]       -0.16025E+04 -0.16025E+04
 Top Flux [L/T]     -0.15466E-05
 Bot Flux [L/T]     -0.38956E-04
 WatBalT  [L]        0.14192E+01
 WatBalR  [%]              1.664
----------------------------------------------------------

----------------------------------------------------------
 Time       [T]      266.0000
----------------------------------------------------------
 Sub-region num.                     1
----------------------------------------------------------
 Length   [L]        0.15000E+03  0.15000E+03
 W-volume [L]        0.30968E+02  0.30968E+02
 In-flow  [L/T]     -0.39369E-04 -0.39369E-04
 h Mean   [L]       -0.16025E+04 -0.16025E+04
 Top Flux [L/T]     -0.15179E-05
 Bot Flux [L/T]     -0.38960E-04
 WatBalT  [L]        0.14192E+01
 WatBalR  [%]              1.664
----------------------------------------------------------

----------------------------------------------------------
 Time       [T]      267.0000
----------------------------------------------------------
 Sub-region num.                     1
----------------------------------------------------------
 Length   [L]        0.15000E+03  0.15000E+03
 W-volume [L]        0.30968E+02  0.30968E+02
 In-flow  [L/T]     -0.39250E-04 -0.39250E-04
 h Mean   [L]       -0.16025E+04 -0.16025E+04
 Top Flux [L/T]     -0.14940E-05
 Bot Flux [L/T]     -0.38959E-04
 WatBalT  [L]        0.14192E+01
 WatBalR  [%]              1.664
----------------------------------------------------------

----------------------------------------------------------
 Time       [T]      268.0000
----------------------------------------------------------
 Sub-region num.                     1
----------------------------------------------------------
 Length   [L]        0.15000E+03  0.15000E+03
 W-volume [L]        0.30968E+02  0.30968E+02
 In-flow  [L/T]     -0.39697E-04 -0.39697E-04
 h Mean   [L]       -0.16025E+04 -0.16025E+04
 Top Flux [L/T]     -0.14843E-05
 Bot Flux [L/T]     -0.38982E-04
 WatBalT  [L]        0.14192E+01
 WatBalR  [%]              1.664
----------------------------------------------------------

----------------------------------------------------------
 Time       [T]      269.0000
----------------------------------------------------------
 Sub-region num.                     1
----------------------------------------------------------
 Length   [L]        0.15000E+03  0.15000E+03
 W-volume [L]        0.30968E+02  0.30968E+02
 In-flow  [L/T]     -0.38892E-04 -0.38892E-04
 h Mean   [L]       -0.16025E+04 -0.16025E+04
 Top Flux [L/T]     -0.14557E-05
 Bot Flux [L/T]     -0.38977E-04
 WatBalT  [L]        0.14192E+01
 WatBalR  [%]              1.664
----------------------------------------------------------

----------------------------------------------------------
 Time       [T]      270.0000
----------------------------------------------------------
 Sub-region num.                     1
----------------------------------------------------------
 Length   [L]        0.15000E+03  0.15000E+03
 W-volume [L]        0.30968E+02  0.30968E+02
 In-flow  [L/T]     -0.39190E-04 -0.39190E-04
 h Mean   [L]       -0.16025E+04 -0.16025E+04
 Top Flux [L/T]     -0.14412E-05
 Bot Flux [L/T]     -0.38991E-04
 WatBalT  [L]        0.14192E+01
 WatBalR  [%]              1.664
----------------------------------------------------------

----------------------------------------------------------
 Time       [T]      271.0000
----------------------------------------------------------
 Sub-region num.                     1
----------------------------------------------------------
 Length   [L]        0.15000E+03  0.15000E+03
 W-volume [L]        0.30968E+02  0.30968E+02
 In-flow  [L/T]     -0.39160E-04 -0.39160E-04
 h Mean   [L]       -0.16025E+04 -0.16025E+04
 Top Flux [L/T]     -0.14126E-05
 Bot Flux [L/T]     -0.38990E-04
 WatBalT  [L]        0.14192E+01
 WatBalR  [%]              1.664
----------------------------------------------------------

----------------------------------------------------------
 Time       [T]      272.0000
----------------------------------------------------------
 Sub-region num.                     1
----------------------------------------------------------
 Length   [L]        0.15000E+03  0.15000E+03
 W-volume [L]        0.30968E+02  0.30968E+02
 In-flow  [L/T]     -0.39220E-04 -0.39220E-04
 h Mean   [L]       -0.16025E+04 -0.16025E+04
 Top Flux [L/T]     -0.14029E-05
 Bot Flux [L/T]     -0.39009E-04
 WatBalT  [L]        0.14192E+01
 WatBalR  [%]              1.664
----------------------------------------------------------

----------------------------------------------------------
 Time       [T]      273.0000
----------------------------------------------------------
 Sub-region num.                     1
----------------------------------------------------------
 Length   [L]        0.15000E+03  0.15000E+03
 W-volume [L]        0.30968E+02  0.30968E+02
 In-flow  [L/T]     -0.39518E-04 -0.39518E-04
 h Mean   [L]       -0.16026E+04 -0.16026E+04
 Top Flux [L/T]     -0.13838E-05
 Bot Flux [L/T]     -0.39032E-04
 WatBalT  [L]        0.14192E+01
 WatBalR  [%]              1.664
----------------------------------------------------------

----------------------------------------------------------
 Time       [T]      274.0000
----------------------------------------------------------
 Sub-region num.                     1
----------------------------------------------------------
 Length   [L]        0.15000E+03  0.15000E+03
 W-volume [L]        0.30945E+02  0.30945E+02
 In-flow  [L/T]     -0.22899E-01 -0.22899E-01
 h Mean   [L]       -0.16110E+04 -0.16110E+04
 Top Flux [L/T]      0.13817E-01
 Bot Flux [L/T]     -0.39017E-04
 WatBalT  [L]        0.14192E+01
 WatBalR  [%]              1.663
----------------------------------------------------------

----------------------------------------------------------
 Time       [T]      275.0000
----------------------------------------------------------
 Sub-region num.                     1
----------------------------------------------------------
 Length   [L]        0.15000E+03  0.15000E+03
 W-volume [L]        0.30832E+02  0.30832E+02
 In-flow  [L/T]     -0.30760E-01 -0.30760E-01
 h Mean   [L]       -0.50232E+04 -0.50232E+04
 Top Flux [L/T]      0.30717E-01
 Bot Flux [L/T]     -0.39026E-04
 WatBalT  [L]        0.14192E+01
 WatBalR  [%]              1.661
----------------------------------------------------------

----------------------------------------------------------
 Time       [T]      276.0000
----------------------------------------------------------
 Sub-region num.                     1
----------------------------------------------------------
 Length   [L]        0.15000E+03  0.15000E+03
 W-volume [L]        0.30811E+02  0.30811E+02
 In-flow  [L/T]     -0.17782E-01 -0.17782E-01
 h Mean   [L]       -0.50488E+04 -0.50488E+04
 Top Flux [L/T]      0.17743E-01
 Bot Flux [L/T]     -0.39016E-04
 WatBalT  [L]        0.14192E+01
 WatBalR  [%]              1.660
----------------------------------------------------------

----------------------------------------------------------
 Time       [T]      277.0000
----------------------------------------------------------
 Sub-region num.                     1
----------------------------------------------------------
 Length   [L]        0.15000E+03  0.15000E+03
 W-volume [L]        0.30796E+02  0.30796E+02
 In-flow  [L/T]     -0.14092E-01 -0.14092E-01
 h Mean   [L]       -0.50669E+04 -0.50669E+04
 Top Flux [L/T]      0.14053E-01
 Bot Flux [L/T]     -0.39030E-04
 WatBalT  [L]        0.14192E+01
 WatBalR  [%]              1.660
----------------------------------------------------------

----------------------------------------------------------
 Time       [T]      278.0000
----------------------------------------------------------
 Sub-region num.                     1
----------------------------------------------------------
 Length   [L]        0.15000E+03  0.15000E+03
 W-volume [L]        0.30784E+02  0.30784E+02
 In-flow  [L/T]     -0.11349E-01 -0.11349E-01
 h Mean   [L]       -0.50791E+04 -0.50791E+04
 Top Flux [L/T]      0.11310E-01
 Bot Flux [L/T]     -0.39035E-04
 WatBalT  [L]        0.14192E+01
 WatBalR  [%]              1.660
----------------------------------------------------------

----------------------------------------------------------
 Time       [T]      279.0000
----------------------------------------------------------
 Sub-region num.                     1
----------------------------------------------------------
 Length   [L]        0.15000E+03  0.15000E+03
 W-volume [L]        0.30774E+02  0.30774E+02
 In-flow  [L/T]     -0.99244E-02 -0.99244E-02
 h Mean   [L]       -0.50901E+04 -0.50901E+04
 Top Flux [L/T]      0.98852E-02
 Bot Flux [L/T]     -0.39034E-04
 WatBalT  [L]        0.14192E+01
 WatBalR  [%]              1.660
----------------------------------------------------------

----------------------------------------------------------
 Time       [T]      280.0000
----------------------------------------------------------
 Sub-region num.                     1
----------------------------------------------------------
 Length   [L]        0.15000E+03  0.15000E+03
 W-volume [L]        0.30764E+02  0.30764E+02
 In-flow  [L/T]     -0.89916E-02 -0.89916E-02
 h Mean   [L]       -0.51002E+04 -0.51002E+04
 Top Flux [L/T]      0.89527E-02
 Bot Flux [L/T]     -0.39034E-04
 WatBalT  [L]        0.14192E+01
 WatBalR  [%]              1.660
----------------------------------------------------------

----------------------------------------------------------
 Time       [T]      281.0000
----------------------------------------------------------
 Sub-region num.                     1
----------------------------------------------------------
 Length   [L]        0.15000E+03  0.15000E+03
 W-volume [L]        0.30756E+02  0.30756E+02
 In-flow  [L/T]     -0.81231E-02 -0.81231E-02
 h Mean   [L]       -0.51085E+04 -0.51085E+04
 Top Flux [L/T]      0.80842E-02
 Bot Flux [L/T]     -0.39038E-04
 WatBalT  [L]        0.14192E+01
 WatBalR  [%]              1.659
----------------------------------------------------------

----------------------------------------------------------
 Time       [T]      282.0000
----------------------------------------------------------
 Sub-region num.                     1
----------------------------------------------------------
 Length   [L]        0.15000E+03  0.15000E+03
 W-volume [L]        0.30748E+02  0.30748E+02
 In-flow  [L/T]     -0.75274E-02 -0.75274E-02
 h Mean   [L]       -0.51160E+04 -0.51160E+04
 Top Flux [L/T]      0.74882E-02
 Bot Flux [L/T]     -0.39019E-04
 WatBalT  [L]        0.14192E+01
 WatBalR  [%]              1.659
----------------------------------------------------------

----------------------------------------------------------
 Time       [T]      283.0000
----------------------------------------------------------
 Sub-region num.                     1
----------------------------------------------------------
 Length   [L]        0.15000E+03  0.15000E+03
 W-volume [L]        0.30741E+02  0.30741E+02
 In-flow  [L/T]     -0.70436E-02 -0.70436E-02
 h Mean   [L]       -0.51230E+04 -0.51230E+04
 Top Flux [L/T]      0.70044E-02
 Bot Flux [L/T]     -0.39037E-04
 WatBalT  [L]        0.14192E+01
 WatBalR  [%]              1.659
----------------------------------------------------------

----------------------------------------------------------
 Time       [T]      284.0000
----------------------------------------------------------
 Sub-region num.                     1
----------------------------------------------------------
 Length   [L]        0.15000E+03  0.15000E+03
 W-volume [L]        0.30734E+02  0.30734E+02
 In-flow  [L/T]     -0.66258E-02 -0.66258E-02
 h Mean   [L]       -0.51295E+04 -0.51295E+04
 Top Flux [L/T]      0.65865E-02
 Bot Flux [L/T]     -0.39037E-04
 WatBalT  [L]        0.14192E+01
 WatBalR  [%]              1.659
----------------------------------------------------------

----------------------------------------------------------
 Time       [T]      285.0000
----------------------------------------------------------
 Sub-region num.                     1
----------------------------------------------------------
 Length   [L]        0.15000E+03  0.15000E+03
 W-volume [L]        0.30728E+02  0.30728E+02
 In-flow  [L/T]     -0.62620E-02 -0.62620E-02
 h Mean   [L]       -0.51354E+04 -0.51354E+04
 Top Flux [L/T]      0.62226E-02
 Bot Flux [L/T]     -0.39037E-04
 WatBalT  [L]        0.14192E+01
 WatBalR  [%]              1.659
----------------------------------------------------------

----------------------------------------------------------
 Time       [T]      286.0000
----------------------------------------------------------
 Sub-region num.                     1
----------------------------------------------------------
 Length   [L]        0.15000E+03  0.15000E+03
 W-volume [L]        0.30722E+02  0.30722E+02
 In-flow  [L/T]     -0.59390E-02 -0.59390E-02
 h Mean   [L]       -0.51410E+04 -0.51410E+04
 Top Flux [L/T]      0.58995E-02
 Bot Flux [L/T]     -0.39041E-04
 WatBalT  [L]        0.14192E+01
 WatBalR  [%]              1.659
----------------------------------------------------------

----------------------------------------------------------
 Time       [T]      287.0000
----------------------------------------------------------
 Sub-region num.                     1
----------------------------------------------------------
 Length   [L]        0.15000E+03  0.15000E+03
 W-volume [L]        0.30716E+02  0.30716E+02
 In-flow  [L/T]     -0.56467E-02 -0.56467E-02
 h Mean   [L]       -0.51464E+04 -0.51464E+04
 Top Flux [L/T]      0.56080E-02
 Bot Flux [L/T]     -0.39046E-04
 WatBalT  [L]        0.14192E+01
 WatBalR  [%]              1.659
----------------------------------------------------------

----------------------------------------------------------
 Time       [T]      288.0000
----------------------------------------------------------
 Sub-region num.                     1
----------------------------------------------------------
 Length   [L]        0.15000E+03  0.15000E+03
 W-volume [L]        0.30711E+02  0.30711E+02
 In-flow  [L/T]     -0.54270E-02 -0.54270E-02
 h Mean   [L]       -0.51515E+04 -0.51515E+04
 Top Flux [L/T]      0.53878E-02
 Bot Flux [L/T]     -0.39055E-04
 WatBalT  [L]        0.14192E+01
 WatBalR  [%]              1.659
----------------------------------------------------------

----------------------------------------------------------
 Time       [T]      289.0000
----------------------------------------------------------
 Sub-region num.                     1
----------------------------------------------------------
 Length   [L]        0.15000E+03  0.15000E+03
 W-volume [L]        0.30706E+02  0.30706E+02
 In-flow  [L/T]     -0.52263E-02 -0.52263E-02
 h Mean   [L]       -0.51561E+04 -0.51561E+04
 Top Flux [L/T]      0.51867E-02
 Bot Flux [L/T]     -0.39064E-04
 WatBalT  [L]        0.14192E+01
 WatBalR  [%]              1.658
----------------------------------------------------------

----------------------------------------------------------
 Time       [T]      290.0000
----------------------------------------------------------
 Sub-region num.                     1
----------------------------------------------------------
 Length   [L]        0.15000E+03  0.15000E+03
 W-volume [L]        0.30701E+02  0.30701E+02
 In-flow  [L/T]     -0.50576E-02 -0.50576E-02
 h Mean   [L]       -0.51606E+04 -0.51606E+04
 Top Flux [L/T]      0.50184E-02
 Bot Flux [L/T]     -0.39059E-04
 WatBalT  [L]        0.14192E+01
 WatBalR  [%]              1.658
----------------------------------------------------------

----------------------------------------------------------
 Time       [T]      291.0000
----------------------------------------------------------
 Sub-region num.                     1
----------------------------------------------------------
 Length   [L]        0.15000E+03  0.15000E+03
 W-volume [L]        0.30696E+02  0.30696E+02
 In-flow  [L/T]     -0.48962E-02 -0.48962E-02
 h Mean   [L]       -0.51651E+04 -0.51651E+04
 Top Flux [L/T]      0.48573E-02
 Bot Flux [L/T]     -0.39064E-04
 WatBalT  [L]        0.14192E+01
 WatBalR  [%]              1.658
----------------------------------------------------------

----------------------------------------------------------
 Time       [T]      292.0000
----------------------------------------------------------
 Sub-region num.                     1
----------------------------------------------------------
 Length   [L]        0.15000E+03  0.15000E+03
 W-volume [L]        0.30691E+02  0.30691E+02
 In-flow  [L/T]     -0.47397E-02 -0.47397E-02
 h Mean   [L]       -0.51695E+04 -0.51695E+04
 Top Flux [L/T]      0.47005E-02
 Bot Flux [L/T]     -0.39068E-04
 WatBalT  [L]        0.14192E+01
 WatBalR  [%]              1.658
----------------------------------------------------------

----------------------------------------------------------
 Time       [T]      293.0000
----------------------------------------------------------
 Sub-region num.                     1
----------------------------------------------------------
 Length   [L]        0.15000E+03  0.15000E+03
 W-volume [L]        0.30686E+02  0.30686E+02
 In-flow  [L/T]     -0.46004E-02 -0.46004E-02
 h Mean   [L]       -0.51737E+04 -0.51737E+04
 Top Flux [L/T]      0.45612E-02
 Bot Flux [L/T]     -0.39058E-04
 WatBalT  [L]        0.14192E+01
 WatBalR  [%]              1.658
----------------------------------------------------------

----------------------------------------------------------
 Time       [T]      294.0000
----------------------------------------------------------
 Sub-region num.                     1
----------------------------------------------------------
 Length   [L]        0.15000E+03  0.15000E+03
 W-volume [L]        0.30682E+02  0.30682E+02
 In-flow  [L/T]     -0.44747E-02 -0.44747E-02
 h Mean   [L]       -0.51777E+04 -0.51777E+04
 Top Flux [L/T]      0.44351E-02
 Bot Flux [L/T]     -0.39072E-04
 WatBalT  [L]        0.14192E+01
 WatBalR  [%]              1.658
----------------------------------------------------------

----------------------------------------------------------
 Time       [T]      295.0000
----------------------------------------------------------
 Sub-region num.                     1
----------------------------------------------------------
 Length   [L]        0.15000E+03  0.15000E+03
 W-volume [L]        0.30677E+02  0.30677E+02
 In-flow  [L/T]     -0.43583E-02 -0.43583E-02
 h Mean   [L]       -0.51816E+04 -0.51816E+04
 Top Flux [L/T]      0.43193E-02
 Bot Flux [L/T]     -0.39082E-04
 WatBalT  [L]        0.14192E+01
 WatBalR  [%]              1.658
----------------------------------------------------------

----------------------------------------------------------
 Time       [T]      296.0000
----------------------------------------------------------
 Sub-region num.                     1
----------------------------------------------------------
 Length   [L]        0.15000E+03  0.15000E+03
 W-volume [L]        0.30673E+02  0.30673E+02
 In-flow  [L/T]     -0.42512E-02 -0.42512E-02
 h Mean   [L]       -0.51853E+04 -0.51853E+04
 Top Flux [L/T]      0.42122E-02
 Bot Flux [L/T]     -0.39072E-04
 WatBalT  [L]        0.14192E+01
 WatBalR  [%]              1.658
----------------------------------------------------------

----------------------------------------------------------
 Time       [T]      297.0000
----------------------------------------------------------
 Sub-region num.                     1
----------------------------------------------------------
 Length   [L]        0.15000E+03  0.15000E+03
 W-volume [L]        0.30669E+02  0.30669E+02
 In-flow  [L/T]     -0.41522E-02 -0.41522E-02
 h Mean   [L]       -0.51889E+04 -0.51889E+04
 Top Flux [L/T]      0.41132E-02
 Bot Flux [L/T]     -0.39067E-04
 WatBalT  [L]        0.14192E+01
 WatBalR  [%]              1.658
----------------------------------------------------------

----------------------------------------------------------
 Time       [T]      298.0000
----------------------------------------------------------
 Sub-region num.                     1
----------------------------------------------------------
 Length   [L]        0.15000E+03  0.15000E+03
 W-volume [L]        0.30665E+02  0.30665E+02
 In-flow  [L/T]     -0.40599E-02 -0.40599E-02
 h Mean   [L]       -0.51924E+04 -0.51924E+04
 Top Flux [L/T]      0.40213E-02
 Bot Flux [L/T]     -0.39076E-04
 WatBalT  [L]        0.14192E+01
 WatBalR  [%]              1.658
----------------------------------------------------------

----------------------------------------------------------
 Time       [T]      299.0000
----------------------------------------------------------
 Sub-region num.                     1
----------------------------------------------------------
 Length   [L]        0.15000E+03  0.15000E+03
 W-volume [L]        0.30661E+02  0.30661E+02
 In-flow  [L/T]     -0.39743E-02 -0.39743E-02
 h Mean   [L]       -0.51957E+04 -0.51957E+04
 Top Flux [L/T]      0.39354E-02
 Bot Flux [L/T]     -0.39071E-04
 WatBalT  [L]        0.14192E+01
 WatBalR  [%]              1.658
----------------------------------------------------------

----------------------------------------------------------
 Time       [T]      300.0000
----------------------------------------------------------
 Sub-region num.                     1
----------------------------------------------------------
 Length   [L]        0.15000E+03  0.15000E+03
 W-volume [L]        0.30657E+02  0.30657E+02
 In-flow  [L/T]     -0.38931E-02 -0.38931E-02
 h Mean   [L]       -0.51990E+04 -0.51990E+04
 Top Flux [L/T]      0.38545E-02
 Bot Flux [L/T]     -0.39076E-04
 WatBalT  [L]        0.14192E+01
 WatBalR  [%]              1.657
----------------------------------------------------------

----------------------------------------------------------
 Time       [T]      301.0000
----------------------------------------------------------
 Sub-region num.                     1
----------------------------------------------------------
 Length   [L]        0.15000E+03  0.15000E+03
 W-volume [L]        0.30653E+02  0.30653E+02
 In-flow  [L/T]     -0.38173E-02 -0.38173E-02
 h Mean   [L]       -0.52022E+04 -0.52022E+04
 Top Flux [L/T]      0.37777E-02
 Bot Flux [L/T]     -0.39071E-04
 WatBalT  [L]        0.14192E+01
 WatBalR  [%]              1.657
----------------------------------------------------------

----------------------------------------------------------
 Time       [T]      302.0000
----------------------------------------------------------
 Sub-region num.                     1
----------------------------------------------------------
 Length   [L]        0.15000E+03  0.15000E+03
 W-volume [L]        0.30649E+02  0.30649E+02
 In-flow  [L/T]     -0.37434E-02 -0.37434E-02
 h Mean   [L]       -0.52053E+04 -0.52053E+04
 Top Flux [L/T]      0.37042E-02
 Bot Flux [L/T]     -0.39076E-04
 WatBalT  [L]        0.14192E+01
 WatBalR  [%]              1.657
----------------------------------------------------------

----------------------------------------------------------
 Time       [T]      303.0000
----------------------------------------------------------
 Sub-region num.                     1
----------------------------------------------------------
 Length   [L]        0.15000E+03  0.15000E+03
 W-volume [L]        0.30646E+02  0.30646E+02
 In-flow  [L/T]     -0.36725E-02 -0.36725E-02
 h Mean   [L]       -0.52083E+04 -0.52083E+04
 Top Flux [L/T]      0.36337E-02
 Bot Flux [L/T]     -0.39071E-04
 WatBalT  [L]        0.14192E+01
 WatBalR  [%]              1.657
----------------------------------------------------------

----------------------------------------------------------
 Time       [T]      304.0000
----------------------------------------------------------
 Sub-region num.                     1
----------------------------------------------------------
 Length   [L]        0.15000E+03  0.15000E+03
 W-volume [L]        0.30642E+02  0.30642E+02
 In-flow  [L/T]     -0.36047E-02 -0.36047E-02
 h Mean   [L]       -0.52113E+04 -0.52113E+04
 Top Flux [L/T]      0.35658E-02
 Bot Flux [L/T]     -0.39066E-04
 WatBalT  [L]        0.14192E+01
 WatBalR  [%]              1.657
----------------------------------------------------------

----------------------------------------------------------
 Time       [T]      305.0000
----------------------------------------------------------
 Sub-region num.                     1
----------------------------------------------------------
 Length   [L]        0.15000E+03  0.15000E+03
 W-volume [L]        0.30638E+02  0.30638E+02
 In-flow  [L/T]     -0.35398E-02 -0.35398E-02
 h Mean   [L]       -0.52143E+04 -0.52143E+04
 Top Flux [L/T]      0.35003E-02
 Bot Flux [L/T]     -0.39070E-04
 WatBalT  [L]        0.14192E+01
 WatBalR  [%]              1.657
----------------------------------------------------------

----------------------------------------------------------
 Time       [T]      306.0000
----------------------------------------------------------
 Sub-region num.                     1
----------------------------------------------------------
 Length   [L]        0.15000E+03  0.15000E+03
 W-volume [L]        0.30635E+02  0.30635E+02
 In-flow  [L/T]     -0.34762E-02 -0.34762E-02
 h Mean   [L]       -0.52171E+04 -0.52171E+04
 Top Flux [L/T]      0.34371E-02
 Bot Flux [L/T]     -0.39075E-04
 WatBalT  [L]        0.14192E+01
 WatBalR  [%]              1.657
----------------------------------------------------------

----------------------------------------------------------
 Time       [T]      307.0000
----------------------------------------------------------
 Sub-region num.                     1
----------------------------------------------------------
 Length   [L]        0.15000E+03  0.15000E+03
 W-volume [L]        0.30631E+02  0.30631E+02
 In-flow  [L/T]     -0.34154E-02 -0.34154E-02
 h Mean   [L]       -0.52199E+04 -0.52199E+04
 Top Flux [L/T]      0.33760E-02
 Bot Flux [L/T]     -0.39079E-04
 WatBalT  [L]        0.14192E+01
 WatBalR  [%]              1.657
----------------------------------------------------------

----------------------------------------------------------
 Time       [T]      308.0000
----------------------------------------------------------
 Sub-region num.                     1
----------------------------------------------------------
 Length   [L]        0.15000E+03  0.15000E+03
 W-volume [L]        0.30628E+02  0.30628E+02
 In-flow  [L/T]     -0.33561E-02 -0.33561E-02
 h Mean   [L]       -0.52227E+04 -0.52227E+04
 Top Flux [L/T]      0.33169E-02
 Bot Flux [L/T]     -0.39079E-04
 WatBalT  [L]        0.14192E+01
 WatBalR  [%]              1.657
----------------------------------------------------------

----------------------------------------------------------
 Time       [T]      309.0000
----------------------------------------------------------
 Sub-region num.                     1
----------------------------------------------------------
 Length   [L]        0.15000E+03  0.15000E+03
 W-volume [L]        0.30625E+02  0.30625E+02
 In-flow  [L/T]     -0.32992E-02 -0.32992E-02
 h Mean   [L]       -0.52254E+04 -0.52254E+04
 Top Flux [L/T]      0.32597E-02
 Bot Flux [L/T]     -0.39089E-04
 WatBalT  [L]        0.14192E+01
 WatBalR  [%]              1.657
----------------------------------------------------------

----------------------------------------------------------
 Time       [T]      310.0000
----------------------------------------------------------
 Sub-region num.                     1
----------------------------------------------------------
 Length   [L]        0.15000E+03  0.15000E+03
 W-volume [L]        0.30621E+02  0.30621E+02
 In-flow  [L/T]     -0.32435E-02 -0.32435E-02
 h Mean   [L]       -0.52281E+04 -0.52281E+04
 Top Flux [L/T]      0.32042E-02
 Bot Flux [L/T]     -0.39084E-04
 WatBalT  [L]        0.14192E+01
 WatBalR  [%]              1.657
----------------------------------------------------------

----------------------------------------------------------
 Time       [T]      311.0000
----------------------------------------------------------
 Sub-region num.                     1
----------------------------------------------------------
 Length   [L]        0.15000E+03  0.15000E+03
 W-volume [L]        0.30618E+02  0.30618E+02
 In-flow  [L/T]     -0.31893E-02 -0.31893E-02
 h Mean   [L]       -0.52307E+04 -0.52307E+04
 Top Flux [L/T]      0.31504E-02
 Bot Flux [L/T]     -0.39074E-04
 WatBalT  [L]        0.14192E+01
 WatBalR  [%]              1.657
----------------------------------------------------------

----------------------------------------------------------
 Time       [T]      312.0000
----------------------------------------------------------
 Sub-region num.                     1
----------------------------------------------------------
 Length   [L]        0.15000E+03  0.15000E+03
 W-volume [L]        0.30615E+02  0.30615E+02
 In-flow  [L/T]     -0.31456E-02 -0.31456E-02
 h Mean   [L]       -0.52333E+04 -0.52333E+04
 Top Flux [L/T]      0.31065E-02
 Bot Flux [L/T]     -0.39088E-04
 WatBalT  [L]        0.14192E+01
 WatBalR  [%]              1.657
----------------------------------------------------------

----------------------------------------------------------
 Time       [T]      313.0000
----------------------------------------------------------
 Sub-region num.                     1
----------------------------------------------------------
 Length   [L]        0.15000E+03  0.15000E+03
 W-volume [L]        0.30612E+02  0.30612E+02
 In-flow  [L/T]     -0.31080E-02 -0.31080E-02
 h Mean   [L]       -0.52357E+04 -0.52357E+04
 Top Flux [L/T]      0.30685E-02
 Bot Flux [L/T]     -0.39102E-04
 WatBalT  [L]        0.14192E+01
 WatBalR  [%]              1.657
----------------------------------------------------------

----------------------------------------------------------
 Time       [T]      314.0000
----------------------------------------------------------
 Sub-region num.                     1
----------------------------------------------------------
 Length   [L]        0.15000E+03  0.15000E+03
 W-volume [L]        0.30609E+02  0.30609E+02
 In-flow  [L/T]     -0.30723E-02 -0.30723E-02
 h Mean   [L]       -0.52381E+04 -0.52381E+04
 Top Flux [L/T]      0.30331E-02
 Bot Flux [L/T]     -0.39102E-04
 WatBalT  [L]        0.14192E+01
 WatBalR  [%]              1.657
----------------------------------------------------------

----------------------------------------------------------
 Time       [T]      315.0000
----------------------------------------------------------
 Sub-region num.                     1
----------------------------------------------------------
 Length   [L]        0.15000E+03  0.15000E+03
 W-volume [L]        0.30606E+02  0.30606E+02
 In-flow  [L/T]     -0.30376E-02 -0.30376E-02
 h Mean   [L]       -0.52406E+04 -0.52406E+04
 Top Flux [L/T]      0.29982E-02
 Bot Flux [L/T]     -0.39093E-04
 WatBalT  [L]        0.14192E+01
 WatBalR  [%]              1.656
----------------------------------------------------------

----------------------------------------------------------
 Time       [T]      316.0000
----------------------------------------------------------
 Sub-region num.                     1
----------------------------------------------------------
 Length   [L]        0.15000E+03  0.15000E+03
 W-volume [L]        0.30603E+02  0.30603E+02
 In-flow  [L/T]     -0.30023E-02 -0.30023E-02
 h Mean   [L]       -0.52430E+04 -0.52430E+04
 Top Flux [L/T]      0.29634E-02
 Bot Flux [L/T]     -0.39078E-04
 WatBalT  [L]        0.14192E+01
 WatBalR  [%]              1.656
----------------------------------------------------------

----------------------------------------------------------
 Time       [T]      317.0000
----------------------------------------------------------
 Sub-region num.                     1
----------------------------------------------------------
 Length   [L]        0.15000E+03  0.15000E+03
 W-volume [L]        0.30600E+02  0.30600E+02
 In-flow  [L/T]     -0.29673E-02 -0.29673E-02
 h Mean   [L]       -0.52454E+04 -0.52454E+04
 Top Flux [L/T]      0.29283E-02
 Bot Flux [L/T]     -0.39097E-04
 WatBalT  [L]        0.14192E+01
 WatBalR  [%]              1.656
----------------------------------------------------------

----------------------------------------------------------
 Time       [T]      318.0000
----------------------------------------------------------
 Sub-region num.                     1
----------------------------------------------------------
 Length   [L]        0.15000E+03  0.15000E+03
 W-volume [L]        0.30597E+02  0.30597E+02
 In-flow  [L/T]     -0.29319E-02 -0.29319E-02
 h Mean   [L]       -0.52478E+04 -0.52478E+04
 Top Flux [L/T]      0.28930E-02
 Bot Flux [L/T]     -0.39102E-04
 WatBalT  [L]        0.14192E+01
 WatBalR  [%]              1.656
----------------------------------------------------------

----------------------------------------------------------
 Time       [T]      319.0000
----------------------------------------------------------
 Sub-region num.                     1
----------------------------------------------------------
 Length   [L]        0.15000E+03  0.15000E+03
 W-volume [L]        0.30594E+02  0.30594E+02
 In-flow  [L/T]     -0.28968E-02 -0.28968E-02
 h Mean   [L]       -0.52502E+04 -0.52502E+04
 Top Flux [L/T]      0.28575E-02
 Bot Flux [L/T]     -0.39078E-04
 WatBalT  [L]        0.14192E+01
 WatBalR  [%]              1.656
----------------------------------------------------------

----------------------------------------------------------
 Time       [T]      320.0000
----------------------------------------------------------
 Sub-region num.                     1
----------------------------------------------------------
 Length   [L]        0.15000E+03  0.15000E+03
 W-volume [L]        0.30591E+02  0.30591E+02
 In-flow  [L/T]     -0.28608E-02 -0.28608E-02
 h Mean   [L]       -0.52526E+04 -0.52526E+04
 Top Flux [L/T]      0.28221E-02
 Bot Flux [L/T]     -0.39092E-04
 WatBalT  [L]        0.14192E+01
 WatBalR  [%]              1.656
----------------------------------------------------------

----------------------------------------------------------
 Time       [T]      321.0000
----------------------------------------------------------
 Sub-region num.                     1
----------------------------------------------------------
 Length   [L]        0.15000E+03  0.15000E+03
 W-volume [L]        0.30588E+02  0.30588E+02
 In-flow  [L/T]     -0.28264E-02 -0.28264E-02
 h Mean   [L]       -0.52550E+04 -0.52550E+04
 Top Flux [L/T]      0.27869E-02
 Bot Flux [L/T]     -0.39087E-04
 WatBalT  [L]        0.14192E+01
 WatBalR  [%]              1.656
----------------------------------------------------------

----------------------------------------------------------
 Time       [T]      322.0000
----------------------------------------------------------
 Sub-region num.                     1
----------------------------------------------------------
 Length   [L]        0.15000E+03  0.15000E+03
 W-volume [L]        0.30586E+02  0.30586E+02
 In-flow  [L/T]     -0.27921E-02 -0.27921E-02
 h Mean   [L]       -0.52574E+04 -0.52574E+04
 Top Flux [L/T]      0.27530E-02
 Bot Flux [L/T]     -0.39087E-04
 WatBalT  [L]        0.14192E+01
 WatBalR  [%]              1.656
----------------------------------------------------------

----------------------------------------------------------
 Time       [T]      323.0000
----------------------------------------------------------
 Sub-region num.                     1
----------------------------------------------------------
 Length   [L]        0.15000E+03  0.15000E+03
 W-volume [L]        0.30583E+02  0.30583E+02
 In-flow  [L/T]     -0.27606E-02 -0.27606E-02
 h Mean   [L]       -0.52597E+04 -0.52597E+04
 Top Flux [L/T]      0.27216E-02
 Bot Flux [L/T]     -0.39077E-04
 WatBalT  [L]        0.14192E+01
 WatBalR  [%]              1.656
----------------------------------------------------------

----------------------------------------------------------
 Time       [T]      324.0000
----------------------------------------------------------
 Sub-region num.                     1
----------------------------------------------------------
 Length   [L]        0.15000E+03  0.15000E+03
 W-volume [L]        0.30580E+02  0.30580E+02
 In-flow  [L/T]     -0.27312E-02 -0.27312E-02
 h Mean   [L]       -0.52620E+04 -0.52620E+04
 Top Flux [L/T]      0.26923E-02
 Bot Flux [L/T]     -0.39082E-04
 WatBalT  [L]        0.14192E+01
 WatBalR  [%]              1.656
----------------------------------------------------------

----------------------------------------------------------
 Time       [T]      325.0000
----------------------------------------------------------
 Sub-region num.                     1
----------------------------------------------------------
 Length   [L]        0.15000E+03  0.15000E+03
 W-volume [L]        0.30577E+02  0.30577E+02
 In-flow  [L/T]     -0.27038E-02 -0.27038E-02
 h Mean   [L]       -0.52641E+04 -0.52641E+04
 Top Flux [L/T]      0.26650E-02
 Bot Flux [L/T]     -0.39082E-04
 WatBalT  [L]        0.14192E+01
 WatBalR  [%]              1.656
----------------------------------------------------------

----------------------------------------------------------
 Time       [T]      326.0000
----------------------------------------------------------
 Sub-region num.                     1
----------------------------------------------------------
 Length   [L]        0.15000E+03  0.15000E+03
 W-volume [L]        0.30575E+02  0.30575E+02
 In-flow  [L/T]     -0.26780E-02 -0.26780E-02
 h Mean   [L]       -0.52663E+04 -0.52663E+04
 Top Flux [L/T]      0.26390E-02
 Bot Flux [L/T]     -0.39091E-04
 WatBalT  [L]        0.14192E+01
 WatBalR  [%]              1.656
----------------------------------------------------------

----------------------------------------------------------
 Time       [T]      327.0000
----------------------------------------------------------
 Sub-region num.                     1
----------------------------------------------------------
 Length   [L]        0.15000E+03  0.15000E+03
 W-volume [L]        0.30572E+02  0.30572E+02
 In-flow  [L/T]     -0.26537E-02 -0.26537E-02
 h Mean   [L]       -0.52683E+04 -0.52683E+04
 Top Flux [L/T]      0.26142E-02
 Bot Flux [L/T]     -0.39101E-04
 WatBalT  [L]        0.14192E+01
 WatBalR  [%]              1.656
----------------------------------------------------------

----------------------------------------------------------
 Time       [T]      328.0000
----------------------------------------------------------
 Sub-region num.                     1
----------------------------------------------------------
 Length   [L]        0.15000E+03  0.15000E+03
 W-volume [L]        0.30569E+02  0.30569E+02
 In-flow  [L/T]     -0.26297E-02 -0.26297E-02
 h Mean   [L]       -0.52704E+04 -0.52704E+04
 Top Flux [L/T]      0.25902E-02
 Bot Flux [L/T]     -0.39101E-04
 WatBalT  [L]        0.14192E+01
 WatBalR  [%]              1.656
----------------------------------------------------------

----------------------------------------------------------
 Time       [T]      329.0000
----------------------------------------------------------
 Sub-region num.                     1
----------------------------------------------------------
 Length   [L]        0.15000E+03  0.15000E+03
 W-volume [L]        0.30567E+02  0.30567E+02
 In-flow  [L/T]     -0.26062E-02 -0.26062E-02
 h Mean   [L]       -0.52724E+04 -0.52724E+04
 Top Flux [L/T]      0.25668E-02
 Bot Flux [L/T]     -0.39110E-04
 WatBalT  [L]        0.14192E+01
 WatBalR  [%]              1.656
----------------------------------------------------------

----------------------------------------------------------
 Time       [T]      330.0000
----------------------------------------------------------
 Sub-region num.                     1
----------------------------------------------------------
 Length   [L]        0.15000E+03  0.15000E+03
 W-volume [L]        0.30564E+02  0.30564E+02
 In-flow  [L/T]     -0.25831E-02 -0.25831E-02
 h Mean   [L]       -0.52744E+04 -0.52744E+04
 Top Flux [L/T]      0.25439E-02
 Bot Flux [L/T]     -0.39101E-04
 WatBalT  [L]        0.14192E+01
 WatBalR  [%]              1.656
----------------------------------------------------------

----------------------------------------------------------
 Time       [T]      331.0000
----------------------------------------------------------
 Sub-region num.                     1
----------------------------------------------------------
 Length   [L]        0.15000E+03  0.15000E+03
 W-volume [L]        0.30562E+02  0.30562E+02
 In-flow  [L/T]     -0.25605E-02 -0.25605E-02
 h Mean   [L]       -0.52765E+04 -0.52765E+04
 Top Flux [L/T]      0.25214E-02
 Bot Flux [L/T]     -0.39100E-04
 WatBalT  [L]        0.14192E+01
 WatBalR  [%]              1.656
----------------------------------------------------------

----------------------------------------------------------
 Time       [T]      332.0000
----------------------------------------------------------
 Sub-region num.                     1
----------------------------------------------------------
 Length   [L]        0.15000E+03  0.15000E+03
 W-volume [L]        0.30559E+02  0.30559E+02
 In-flow  [L/T]     -0.25386E-02 -0.25386E-02
 h Mean   [L]       -0.52785E+04 -0.52785E+04
 Top Flux [L/T]      0.24995E-02
 Bot Flux [L/T]     -0.39096E-04
 WatBalT  [L]        0.14192E+01
 WatBalR  [%]              1.656
----------------------------------------------------------

----------------------------------------------------------
 Time       [T]      333.0000
----------------------------------------------------------
 Sub-region num.                     1
----------------------------------------------------------
 Length   [L]        0.15000E+03  0.15000E+03
 W-volume [L]        0.30557E+02  0.30557E+02
 In-flow  [L/T]     -0.25169E-02 -0.25169E-02
 h Mean   [L]       -0.52804E+04 -0.52804E+04
 Top Flux [L/T]      0.24782E-02
 Bot Flux [L/T]     -0.39100E-04
 WatBalT  [L]        0.14192E+01
 WatBalR  [%]              1.656
----------------------------------------------------------

----------------------------------------------------------
 Time       [T]      334.0000
----------------------------------------------------------
 Sub-region num.                     1
----------------------------------------------------------
 Length   [L]        0.15000E+03  0.15000E+03
 W-volume [L]        0.30554E+02  0.30554E+02
 In-flow  [L/T]     -0.24964E-02 -0.24964E-02
 h Mean   [L]       -0.52824E+04 -0.52824E+04
 Top Flux [L/T]      0.24576E-02
 Bot Flux [L/T]     -0.39086E-04
 WatBalT  [L]        0.14192E+01
 WatBalR  [%]              1.655
----------------------------------------------------------

----------------------------------------------------------
 Time       [T]      335.0000
----------------------------------------------------------
 Sub-region num.                     1
----------------------------------------------------------
 Length   [L]        0.15000E+03  0.15000E+03
 W-volume [L]        0.30552E+02  0.30552E+02
 In-flow  [L/T]     -0.24763E-02 -0.24763E-02
 h Mean   [L]       -0.52843E+04 -0.52843E+04
 Top Flux [L/T]      0.24378E-02
 Bot Flux [L/T]     -0.39086E-04
 WatBalT  [L]        0.14192E+01
 WatBalR  [%]              1.655
----------------------------------------------------------

----------------------------------------------------------
 Time       [T]      336.0000
----------------------------------------------------------
 Sub-region num.                     1
----------------------------------------------------------
 Length   [L]        0.15000E+03  0.15000E+03
 W-volume [L]        0.30549E+02  0.30549E+02
 In-flow  [L/T]     -0.24573E-02 -0.24573E-02
 h Mean   [L]       -0.52861E+04 -0.52861E+04
 Top Flux [L/T]      0.24185E-02
 Bot Flux [L/T]     -0.39095E-04
 WatBalT  [L]        0.14192E+01
 WatBalR  [%]              1.655
----------------------------------------------------------

----------------------------------------------------------
 Time       [T]      337.0000
----------------------------------------------------------
 Sub-region num.                     1
----------------------------------------------------------
 Length   [L]        0.15000E+03  0.15000E+03
 W-volume [L]        0.30547E+02  0.30547E+02
 In-flow  [L/T]     -0.24392E-02 -0.24392E-02
 h Mean   [L]       -0.52880E+04 -0.52880E+04
 Top Flux [L/T]      0.23999E-02
 Bot Flux [L/T]     -0.39086E-04
 WatBalT  [L]        0.14192E+01
 WatBalR  [%]              1.655
----------------------------------------------------------

----------------------------------------------------------
 Time       [T]      338.0000
----------------------------------------------------------
 Sub-region num.                     1
----------------------------------------------------------
 Length   [L]        0.15000E+03  0.15000E+03
 W-volume [L]        0.30544E+02  0.30544E+02
 In-flow  [L/T]     -0.24207E-02 -0.24207E-02
 h Mean   [L]       -0.52898E+04 -0.52898E+04
 Top Flux [L/T]      0.23817E-02
 Bot Flux [L/T]     -0.39085E-04
 WatBalT  [L]        0.14192E+01
 WatBalR  [%]              1.655
----------------------------------------------------------

----------------------------------------------------------
 Time       [T]      339.0000
----------------------------------------------------------
 Sub-region num.                     1
----------------------------------------------------------
 Length   [L]        0.15000E+03  0.15000E+03
 W-volume [L]        0.30542E+02  0.30542E+02
 In-flow  [L/T]     -0.24028E-02 -0.24028E-02
 h Mean   [L]       -0.52916E+04 -0.52916E+04
 Top Flux [L/T]      0.23640E-02
 Bot Flux [L/T]     -0.39104E-04
 WatBalT  [L]        0.14192E+01
 WatBalR  [%]              1.655
----------------------------------------------------------

----------------------------------------------------------
 Time       [T]      340.0000
----------------------------------------------------------
 Sub-region num.                     1
----------------------------------------------------------
 Length   [L]        0.15000E+03  0.15000E+03
 W-volume [L]        0.30539E+02  0.30539E+02
 In-flow  [L/T]     -0.23856E-02 -0.23856E-02
 h Mean   [L]       -0.52934E+04 -0.52934E+04
 Top Flux [L/T]      0.23467E-02
 Bot Flux [L/T]     -0.39085E-04
 WatBalT  [L]        0.14192E+01
 WatBalR  [%]              1.655
----------------------------------------------------------

----------------------------------------------------------
 Time       [T]      341.0000
----------------------------------------------------------
 Sub-region num.                     1
----------------------------------------------------------
 Length   [L]        0.15000E+03  0.15000E+03
 W-volume [L]        0.30537E+02  0.30537E+02
 In-flow  [L/T]     -0.23694E-02 -0.23694E-02
 h Mean   [L]       -0.52952E+04 -0.52952E+04
 Top Flux [L/T]      0.23298E-02
 Bot Flux [L/T]     -0.39085E-04
 WatBalT  [L]        0.14192E+01
 WatBalR  [%]              1.655
----------------------------------------------------------

----------------------------------------------------------
 Time       [T]      342.0000
----------------------------------------------------------
 Sub-region num.                     1
----------------------------------------------------------
 Length   [L]        0.15000E+03  0.15000E+03
 W-volume [L]        0.30535E+02  0.30535E+02
 In-flow  [L/T]     -0.23518E-02 -0.23518E-02
 h Mean   [L]       -0.52969E+04 -0.52969E+04
 Top Flux [L/T]      0.23131E-02
 Bot Flux [L/T]     -0.39095E-04
 WatBalT  [L]        0.14192E+01
 WatBalR  [%]              1.655
----------------------------------------------------------

----------------------------------------------------------
 Time       [T]      343.0000
----------------------------------------------------------
 Sub-region num.                     1
----------------------------------------------------------
 Length   [L]        0.15000E+03  0.15000E+03
 W-volume [L]        0.30532E+02  0.30532E+02
 In-flow  [L/T]     -0.23361E-02 -0.23361E-02
 h Mean   [L]       -0.52987E+04 -0.52987E+04
 Top Flux [L/T]      0.22968E-02
 Bot Flux [L/T]     -0.39095E-04
 WatBalT  [L]        0.14192E+01
 WatBalR  [%]              1.655
----------------------------------------------------------

----------------------------------------------------------
 Time       [T]      344.0000
----------------------------------------------------------
 Sub-region num.                     1
----------------------------------------------------------
 Length   [L]        0.15000E+03  0.15000E+03
 W-volume [L]        0.30530E+02  0.30530E+02
 In-flow  [L/T]     -0.23197E-02 -0.23197E-02
 h Mean   [L]       -0.53004E+04 -0.53004E+04
 Top Flux [L/T]      0.22806E-02
 Bot Flux [L/T]     -0.39085E-04
 WatBalT  [L]        0.14192E+01
 WatBalR  [%]              1.655
----------------------------------------------------------

----------------------------------------------------------
 Time       [T]      345.0000
----------------------------------------------------------
 Sub-region num.                     1
----------------------------------------------------------
 Length   [L]        0.15000E+03  0.15000E+03
 W-volume [L]        0.30528E+02  0.30528E+02
 In-flow  [L/T]     -0.23038E-02 -0.23038E-02
 h Mean   [L]       -0.53021E+04 -0.53021E+04
 Top Flux [L/T]      0.22647E-02
 Bot Flux [L/T]     -0.39104E-04
 WatBalT  [L]        0.14192E+01
 WatBalR  [%]              1.655
----------------------------------------------------------

----------------------------------------------------------
 Time       [T]      346.0000
----------------------------------------------------------
 Sub-region num.                     1
----------------------------------------------------------
 Length   [L]        0.15000E+03  0.15000E+03
 W-volume [L]        0.30525E+02  0.30525E+02
 In-flow  [L/T]     -0.22882E-02 -0.22882E-02
 h Mean   [L]       -0.53038E+04 -0.53038E+04
 Top Flux [L/T]      0.22490E-02
 Bot Flux [L/T]     -0.39094E-04
 WatBalT  [L]        0.14192E+01
 WatBalR  [%]              1.655
----------------------------------------------------------

----------------------------------------------------------
 Time       [T]      347.0000
----------------------------------------------------------
 Sub-region num.                     1
----------------------------------------------------------
 Length   [L]        0.15000E+03  0.15000E+03
 W-volume [L]        0.30523E+02  0.30523E+02
 In-flow  [L/T]     -0.22720E-02 -0.22720E-02
 h Mean   [L]       -0.53055E+04 -0.53055E+04
 Top Flux [L/T]      0.22335E-02
 Bot Flux [L/T]     -0.39113E-04
 WatBalT  [L]        0.14192E+01
 WatBalR  [%]              1.655
----------------------------------------------------------

----------------------------------------------------------
 Time       [T]      348.0000
----------------------------------------------------------
 Sub-region num.                     1
----------------------------------------------------------
 Length   [L]        0.15000E+03  0.15000E+03
 W-volume [L]        0.30521E+02  0.30521E+02
 In-flow  [L/T]     -0.22571E-02 -0.22571E-02
 h Mean   [L]       -0.53071E+04 -0.53071E+04
 Top Flux [L/T]      0.22181E-02
 Bot Flux [L/T]     -0.39094E-04
 WatBalT  [L]        0.14192E+01
 WatBalR  [%]              1.655
----------------------------------------------------------

----------------------------------------------------------
 Time       [T]      349.0000
----------------------------------------------------------
 Sub-region num.                     1
----------------------------------------------------------
 Length   [L]        0.15000E+03  0.15000E+03
 W-volume [L]        0.30519E+02  0.30519E+02
 In-flow  [L/T]     -0.22422E-02 -0.22422E-02
 h Mean   [L]       -0.53088E+04 -0.53088E+04
 Top Flux [L/T]      0.22028E-02
 Bot Flux [L/T]     -0.39094E-04
 WatBalT  [L]        0.14192E+01
 WatBalR  [%]              1.655
----------------------------------------------------------

----------------------------------------------------------
 Time       [T]      350.0000
----------------------------------------------------------
 Sub-region num.                     1
----------------------------------------------------------
 Length   [L]        0.15000E+03  0.15000E+03
 W-volume [L]        0.30516E+02  0.30516E+02
 In-flow  [L/T]     -0.22271E-02 -0.22271E-02
 h Mean   [L]       -0.53105E+04 -0.53105E+04
 Top Flux [L/T]      0.21877E-02
 Bot Flux [L/T]     -0.39094E-04
 WatBalT  [L]        0.14192E+01
 WatBalR  [%]              1.655
----------------------------------------------------------

----------------------------------------------------------
 Time       [T]      351.0000
----------------------------------------------------------
 Sub-region num.                     1
----------------------------------------------------------
 Length   [L]        0.15000E+03  0.15000E+03
 W-volume [L]        0.30514E+02  0.30514E+02
 In-flow  [L/T]     -0.22117E-02 -0.22117E-02
 h Mean   [L]       -0.53122E+04 -0.53122E+04
 Top Flux [L/T]      0.21728E-02
 Bot Flux [L/T]     -0.39103E-04
 WatBalT  [L]        0.14192E+01
 WatBalR  [%]              1.655
----------------------------------------------------------

----------------------------------------------------------
 Time       [T]      352.0000
----------------------------------------------------------
 Sub-region num.                     1
----------------------------------------------------------
 Length   [L]        0.15000E+03  0.15000E+03
 W-volume [L]        0.30512E+02  0.30512E+02
 In-flow  [L/T]     -0.21970E-02 -0.21970E-02
 h Mean   [L]       -0.53139E+04 -0.53139E+04
 Top Flux [L/T]      0.21579E-02
 Bot Flux [L/T]     -0.39094E-04
 WatBalT  [L]        0.14192E+01
 WatBalR  [%]              1.655
----------------------------------------------------------

----------------------------------------------------------
 Time       [T]      353.0000
----------------------------------------------------------
 Sub-region num.                     1
----------------------------------------------------------
 Length   [L]        0.15000E+03  0.15000E+03
 W-volume [L]        0.30510E+02  0.30510E+02
 In-flow  [L/T]     -0.21826E-02 -0.21826E-02
 h Mean   [L]       -0.53155E+04 -0.53155E+04
 Top Flux [L/T]      0.21432E-02
 Bot Flux [L/T]     -0.39084E-04
 WatBalT  [L]        0.14192E+01
 WatBalR  [%]              1.655
----------------------------------------------------------

----------------------------------------------------------
 Time       [T]      354.0000
----------------------------------------------------------
 Sub-region num.                     1
----------------------------------------------------------
 Length   [L]        0.15000E+03  0.15000E+03
 W-volume [L]        0.30508E+02  0.30508E+02
 In-flow  [L/T]     -0.21674E-02 -0.21674E-02
 h Mean   [L]       -0.53172E+04 -0.53172E+04
 Top Flux [L/T]      0.21287E-02
 Bot Flux [L/T]     -0.39084E-04
 WatBalT  [L]        0.14192E+01
 WatBalR  [%]              1.655
----------------------------------------------------------

----------------------------------------------------------
 Time       [T]      355.0000
----------------------------------------------------------
 Sub-region num.                     1
----------------------------------------------------------
 Length   [L]        0.15000E+03  0.15000E+03
 W-volume [L]        0.30505E+02  0.30505E+02
 In-flow  [L/T]     -0.21529E-02 -0.21529E-02
 h Mean   [L]       -0.53188E+04 -0.53188E+04
 Top Flux [L/T]      0.21143E-02
 Bot Flux [L/T]     -0.39089E-04
 WatBalT  [L]        0.14192E+01
 WatBalR  [%]              1.655
----------------------------------------------------------

----------------------------------------------------------
 Time       [T]      356.0000
----------------------------------------------------------
 Sub-region num.                     1
----------------------------------------------------------
 Length   [L]        0.15000E+03  0.15000E+03
 W-volume [L]        0.30503E+02  0.30503E+02
 In-flow  [L/T]     -0.21387E-02 -0.21387E-02
 h Mean   [L]       -0.53204E+04 -0.53204E+04
 Top Flux [L/T]      0.21001E-02
 Bot Flux [L/T]     -0.39094E-04
 WatBalT  [L]        0.14192E+01
 WatBalR  [%]              1.655
----------------------------------------------------------

----------------------------------------------------------
 Time       [T]      357.0000
----------------------------------------------------------
 Sub-region num.                     1
----------------------------------------------------------
 Length   [L]        0.15000E+03  0.15000E+03
 W-volume [L]        0.30501E+02  0.30501E+02
 In-flow  [L/T]     -0.21248E-02 -0.21248E-02
 h Mean   [L]       -0.53220E+04 -0.53220E+04
 Top Flux [L/T]      0.20860E-02
 Bot Flux [L/T]     -0.39089E-04
 WatBalT  [L]        0.14192E+01
 WatBalR  [%]              1.654
----------------------------------------------------------

----------------------------------------------------------
 Time       [T]      358.0000
----------------------------------------------------------
 Sub-region num.                     1
----------------------------------------------------------
 Length   [L]        0.15000E+03  0.15000E+03
 W-volume [L]        0.30499E+02  0.30499E+02
 In-flow  [L/T]     -0.21109E-02 -0.21109E-02
 h Mean   [L]       -0.53236E+04 -0.53236E+04
 Top Flux [L/T]      0.20721E-02
 Bot Flux [L/T]     -0.39089E-04
 WatBalT  [L]        0.14192E+01
 WatBalR  [%]              1.654
----------------------------------------------------------

----------------------------------------------------------
 Time       [T]      359.0000
----------------------------------------------------------
 Sub-region num.                     1
----------------------------------------------------------
 Length   [L]        0.15000E+03  0.15000E+03
 W-volume [L]        0.30497E+02  0.30497E+02
 In-flow  [L/T]     -0.20970E-02 -0.20970E-02
 h Mean   [L]       -0.53252E+04 -0.53252E+04
 Top Flux [L/T]      0.20584E-02
 Bot Flux [L/T]     -0.39074E-04
 WatBalT  [L]        0.14192E+01
 WatBalR  [%]              1.654
----------------------------------------------------------

----------------------------------------------------------
 Time       [T]      360.0000
----------------------------------------------------------
 Sub-region num.                     1
----------------------------------------------------------
 Length   [L]        0.15000E+03  0.15000E+03
 W-volume [L]        0.30495E+02  0.30495E+02
 In-flow  [L/T]     -0.20837E-02 -0.20837E-02
 h Mean   [L]       -0.53267E+04 -0.53267E+04
 Top Flux [L/T]      0.20449E-02
 Bot Flux [L/T]     -0.39074E-04
 WatBalT  [L]        0.14192E+01
 WatBalR  [%]              1.654
----------------------------------------------------------

----------------------------------------------------------
 Time       [T]      361.0000
----------------------------------------------------------
 Sub-region num.                     1
----------------------------------------------------------
 Length   [L]        0.15000E+03  0.15000E+03
 W-volume [L]        0.30493E+02  0.30493E+02
 In-flow  [L/T]     -0.20706E-02 -0.20706E-02
 h Mean   [L]       -0.53283E+04 -0.53283E+04
 Top Flux [L/T]      0.20316E-02
 Bot Flux [L/T]     -0.39093E-04
 WatBalT  [L]        0.14192E+01
 WatBalR  [%]              1.654
----------------------------------------------------------

----------------------------------------------------------
 Time       [T]      362.0000
----------------------------------------------------------
 Sub-region num.                     1
----------------------------------------------------------
 Length   [L]        0.15000E+03  0.15000E+03
 W-volume [L]        0.30491E+02  0.30491E+02
 In-flow  [L/T]     -0.20574E-02 -0.20574E-02
 h Mean   [L]       -0.53299E+04 -0.53299E+04
 Top Flux [L/T]      0.20185E-02
 Bot Flux [L/T]     -0.39093E-04
 WatBalT  [L]        0.14192E+01
 WatBalR  [%]              1.654
----------------------------------------------------------

----------------------------------------------------------
 Time       [T]      363.0000
----------------------------------------------------------
 Sub-region num.                     1
----------------------------------------------------------
 Length   [L]        0.15000E+03  0.15000E+03
 W-volume [L]        0.30489E+02  0.30489E+02
 In-flow  [L/T]     -0.20443E-02 -0.20443E-02
 h Mean   [L]       -0.53314E+04 -0.53314E+04
 Top Flux [L/T]      0.20055E-02
 Bot Flux [L/T]     -0.39083E-04
 WatBalT  [L]        0.14192E+01
 WatBalR  [%]              1.654
----------------------------------------------------------

----------------------------------------------------------
 Time       [T]      364.0000
----------------------------------------------------------
 Sub-region num.                     1
----------------------------------------------------------
 Length   [L]        0.15000E+03  0.15000E+03
 W-volume [L]        0.30487E+02  0.30487E+02
 In-flow  [L/T]     -0.20316E-02 -0.20316E-02
 h Mean   [L]       -0.53329E+04 -0.53329E+04
 Top Flux [L/T]      0.19927E-02
 Bot Flux [L/T]     -0.39083E-04
 WatBalT  [L]        0.14192E+01
 WatBalR  [%]              1.654
----------------------------------------------------------

----------------------------------------------------------
 Time       [T]      365.0000
----------------------------------------------------------
 Sub-region num.                     1
----------------------------------------------------------
 Length   [L]        0.15000E+03  0.15000E+03
 W-volume [L]        0.30485E+02  0.30485E+02
 In-flow  [L/T]     -0.20187E-02 -0.20187E-02
 h Mean   [L]       -0.53344E+04 -0.53344E+04
 Top Flux [L/T]      0.19801E-02
 Bot Flux [L/T]     -0.39083E-04
 WatBalT  [L]        0.14192E+01
 WatBalR  [%]              1.654
----------------------------------------------------------

----------------------------------------------------------
 Time       [T]      366.0000
----------------------------------------------------------
 Sub-region num.                     1
----------------------------------------------------------
 Length   [L]        0.15000E+03  0.15000E+03
 W-volume [L]        0.30483E+02  0.30483E+02
 In-flow  [L/T]     -0.20058E-02 -0.20058E-02
 h Mean   [L]       -0.53359E+04 -0.53359E+04
 Top Flux [L/T]      0.19676E-02
 Bot Flux [L/T]     -0.39078E-04
 WatBalT  [L]        0.14192E+01
 WatBalR  [%]              1.654
----------------------------------------------------------

----------------------------------------------------------
 Time       [T]      367.0000
----------------------------------------------------------
 Sub-region num.                     1
----------------------------------------------------------
 Length   [L]        0.15000E+03  0.15000E+03
 W-volume [L]        0.30481E+02  0.30481E+02
 In-flow  [L/T]     -0.19938E-02 -0.19938E-02
 h Mean   [L]       -0.53374E+04 -0.53374E+04
 Top Flux [L/T]      0.19553E-02
 Bot Flux [L/T]     -0.39073E-04
 WatBalT  [L]        0.14192E+01
 WatBalR  [%]              1.654
----------------------------------------------------------

----------------------------------------------------------
 Time       [T]      368.0000
----------------------------------------------------------
 Sub-region num.                     1
----------------------------------------------------------
 Length   [L]        0.15000E+03  0.15000E+03
 W-volume [L]        0.30479E+02  0.30479E+02
 In-flow  [L/T]     -0.19819E-02 -0.19819E-02
 h Mean   [L]       -0.53389E+04 -0.53389E+04
 Top Flux [L/T]      0.19431E-02
 Bot Flux [L/T]     -0.39102E-04
 WatBalT  [L]        0.14192E+01
 WatBalR  [%]              1.654
----------------------------------------------------------

----------------------------------------------------------
 Time       [T]      369.0000
----------------------------------------------------------
 Sub-region num.                     1
----------------------------------------------------------
 Length   [L]        0.15000E+03  0.15000E+03
 W-volume [L]        0.30477E+02  0.30477E+02
 In-flow  [L/T]     -0.19699E-02 -0.19699E-02
 h Mean   [L]       -0.53403E+04 -0.53403E+04
 Top Flux [L/T]      0.19311E-02
 Bot Flux [L/T]     -0.39083E-04
 WatBalT  [L]        0.14192E+01
 WatBalR  [%]              1.654
----------------------------------------------------------

----------------------------------------------------------
 Time       [T]      370.0000
----------------------------------------------------------
 Sub-region num.                     1
----------------------------------------------------------
 Length   [L]        0.15000E+03  0.15000E+03
 W-volume [L]        0.30475E+02  0.30475E+02
 In-flow  [L/T]     -0.19583E-02 -0.19583E-02
 h Mean   [L]       -0.53418E+04 -0.53418E+04
 Top Flux [L/T]      0.19192E-02
 Bot Flux [L/T]     -0.39092E-04
 WatBalT  [L]        0.14192E+01
 WatBalR  [%]              1.654
----------------------------------------------------------

----------------------------------------------------------
 Time       [T]      371.0000
----------------------------------------------------------
 Sub-region num.                     1
----------------------------------------------------------
 Length   [L]        0.15000E+03  0.15000E+03
 W-volume [L]        0.30473E+02  0.30473E+02
 In-flow  [L/T]     -0.19460E-02 -0.19460E-02
 h Mean   [L]       -0.53432E+04 -0.53432E+04
 Top Flux [L/T]      0.19075E-02
 Bot Flux [L/T]     -0.39073E-04
 WatBalT  [L]        0.14192E+01
 WatBalR  [%]              1.654
----------------------------------------------------------

----------------------------------------------------------
 Time       [T]      372.0000
----------------------------------------------------------
 Sub-region num.                     1
----------------------------------------------------------
 Length   [L]        0.15000E+03  0.15000E+03
 W-volume [L]        0.30471E+02  0.30471E+02
 In-flow  [L/T]     -0.19347E-02 -0.19347E-02
 h Mean   [L]       -0.53447E+04 -0.53447E+04
 Top Flux [L/T]      0.18959E-02
 Bot Flux [L/T]     -0.39102E-04
 WatBalT  [L]        0.14192E+01
 WatBalR  [%]              1.654
----------------------------------------------------------

----------------------------------------------------------
 Time       [T]      373.0000
----------------------------------------------------------
 Sub-region num.                     1
----------------------------------------------------------
 Length   [L]        0.15000E+03  0.15000E+03
 W-volume [L]        0.30469E+02  0.30469E+02
 In-flow  [L/T]     -0.19230E-02 -0.19230E-02
 h Mean   [L]       -0.53461E+04 -0.53461E+04
 Top Flux [L/T]      0.18844E-02
 Bot Flux [L/T]     -0.39092E-04
 WatBalT  [L]        0.14192E+01
 WatBalR  [%]              1.654
----------------------------------------------------------

----------------------------------------------------------
 Time       [T]      374.0000
----------------------------------------------------------
 Sub-region num.                     1
----------------------------------------------------------
 Length   [L]        0.15000E+03  0.15000E+03
 W-volume [L]        0.30467E+02  0.30467E+02
 In-flow  [L/T]     -0.19118E-02 -0.19118E-02
 h Mean   [L]       -0.53476E+04 -0.53476E+04
 Top Flux [L/T]      0.18731E-02
 Bot Flux [L/T]     -0.39097E-04
 WatBalT  [L]        0.14192E+01
 WatBalR  [%]              1.654
----------------------------------------------------------

----------------------------------------------------------
 Time       [T]      375.0000
----------------------------------------------------------
 Sub-region num.                     1
----------------------------------------------------------
 Length   [L]        0.15000E+03  0.15000E+03
 W-volume [L]        0.30465E+02  0.30465E+02
 In-flow  [L/T]     -0.19010E-02 -0.19010E-02
 h Mean   [L]       -0.53490E+04 -0.53490E+04
 Top Flux [L/T]      0.18618E-02
 Bot Flux [L/T]     -0.39087E-04
 WatBalT  [L]        0.14192E+01
 WatBalR  [%]              1.654
----------------------------------------------------------

----------------------------------------------------------
 Time       [T]      376.0000
----------------------------------------------------------
 Sub-region num.                     1
----------------------------------------------------------
 Length   [L]        0.15000E+03  0.15000E+03
 W-volume [L]        0.30463E+02  0.30463E+02
 In-flow  [L/T]     -0.18897E-02 -0.18897E-02
 h Mean   [L]       -0.53504E+04 -0.53504E+04
 Top Flux [L/T]      0.18507E-02
 Bot Flux [L/T]     -0.39101E-04
 WatBalT  [L]        0.14192E+01
 WatBalR  [%]              1.654
----------------------------------------------------------

----------------------------------------------------------
 Time       [T]      377.0000
----------------------------------------------------------
 Sub-region num.                     1
----------------------------------------------------------
 Length   [L]        0.15000E+03  0.15000E+03
 W-volume [L]        0.30461E+02  0.30461E+02
 In-flow  [L/T]     -0.18786E-02 -0.18786E-02
 h Mean   [L]       -0.53518E+04 -0.53518E+04
 Top Flux [L/T]      0.18398E-02
 Bot Flux [L/T]     -0.39092E-04
 WatBalT  [L]        0.14192E+01
 WatBalR  [%]              1.654
----------------------------------------------------------

----------------------------------------------------------
 Time       [T]      378.0000
----------------------------------------------------------
 Sub-region num.                     1
----------------------------------------------------------
 Length   [L]        0.15000E+03  0.15000E+03
 W-volume [L]        0.30459E+02  0.30459E+02
 In-flow  [L/T]     -0.18678E-02 -0.18678E-02
 h Mean   [L]       -0.53532E+04 -0.53532E+04
 Top Flux [L/T]      0.18289E-02
 Bot Flux [L/T]     -0.39087E-04
 WatBalT  [L]        0.14192E+01
 WatBalR  [%]              1.654
----------------------------------------------------------

----------------------------------------------------------
 Time       [T]      379.0000
----------------------------------------------------------
 Sub-region num.                     1
----------------------------------------------------------
 Length   [L]        0.15000E+03  0.15000E+03
 W-volume [L]        0.30458E+02  0.30458E+02
 In-flow  [L/T]     -0.18576E-02 -0.18576E-02
 h Mean   [L]       -0.53546E+04 -0.53546E+04
 Top Flux [L/T]      0.18181E-02
 Bot Flux [L/T]     -0.39101E-04
 WatBalT  [L]        0.14192E+01
 WatBalR  [%]              1.654
----------------------------------------------------------

----------------------------------------------------------
 Time       [T]      380.0000
----------------------------------------------------------
 Sub-region num.                     1
----------------------------------------------------------
 Length   [L]        0.15000E+03  0.15000E+03
 W-volume [L]        0.30456E+02  0.30456E+02
 In-flow  [L/T]     -0.18469E-02 -0.18469E-02
 h Mean   [L]       -0.53559E+04 -0.53559E+04
 Top Flux [L/T]      0.18078E-02
 Bot Flux [L/T]     -0.39096E-04
 WatBalT  [L]        0.14192E+01
 WatBalR  [%]              1.654
----------------------------------------------------------

----------------------------------------------------------
 Time       [T]      381.0000
----------------------------------------------------------
 Sub-region num.                     1
----------------------------------------------------------
 Length   [L]        0.15000E+03  0.15000E+03
 W-volume [L]        0.30454E+02  0.30454E+02
 In-flow  [L/T]     -0.18373E-02 -0.18373E-02
 h Mean   [L]       -0.53573E+04 -0.53573E+04
 Top Flux [L/T]      0.17982E-02
 Bot Flux [L/T]     -0.39096E-04
 WatBalT  [L]        0.14192E+01
 WatBalR  [%]              1.654
----------------------------------------------------------

----------------------------------------------------------
 Time       [T]      382.0000
----------------------------------------------------------
 Sub-region num.                     1
----------------------------------------------------------
 Length   [L]        0.15000E+03  0.15000E+03
 W-volume [L]        0.30452E+02  0.30452E+02
 In-flow  [L/T]     -0.18281E-02 -0.18281E-02
 h Mean   [L]       -0.53586E+04 -0.53586E+04
 Top Flux [L/T]      0.17892E-02
 Bot Flux [L/T]     -0.39096E-04
 WatBalT  [L]        0.14192E+01
 WatBalR  [%]              1.654
----------------------------------------------------------

----------------------------------------------------------
 Time       [T]      383.0000
----------------------------------------------------------
 Sub-region num.                     1
----------------------------------------------------------
 Length   [L]        0.15000E+03  0.15000E+03
 W-volume [L]        0.30450E+02  0.30450E+02
 In-flow  [L/T]     -0.18196E-02 -0.18196E-02
 h Mean   [L]       -0.53599E+04 -0.53599E+04
 Top Flux [L/T]      0.17805E-02
 Bot Flux [L/T]     -0.39106E-04
 WatBalT  [L]        0.14192E+01
 WatBalR  [%]              1.653
----------------------------------------------------------

----------------------------------------------------------
 Time       [T]      384.0000
----------------------------------------------------------
 Sub-region num.                     1
----------------------------------------------------------
 Length   [L]        0.15000E+03  0.15000E+03
 W-volume [L]        0.30448E+02  0.30448E+02
 In-flow  [L/T]     -0.18111E-02 -0.18111E-02
 h Mean   [L]       -0.53613E+04 -0.53613E+04
 Top Flux [L/T]      0.17720E-02
 Bot Flux [L/T]     -0.39091E-04
 WatBalT  [L]        0.14192E+01
 WatBalR  [%]              1.653
----------------------------------------------------------

----------------------------------------------------------
 Time       [T]      385.0000
----------------------------------------------------------
 Sub-region num.                     1
----------------------------------------------------------
 Length   [L]        0.15000E+03  0.15000E+03
 W-volume [L]        0.30447E+02  0.30447E+02
 In-flow  [L/T]     -0.18029E-02 -0.18029E-02
 h Mean   [L]       -0.53626E+04 -0.53626E+04
 Top Flux [L/T]      0.17636E-02
 Bot Flux [L/T]     -0.39096E-04
 WatBalT  [L]        0.14192E+01
 WatBalR  [%]              1.653
----------------------------------------------------------

----------------------------------------------------------
 Time       [T]      386.0000
----------------------------------------------------------
 Sub-region num.                     1
----------------------------------------------------------
 Length   [L]        0.15000E+03  0.15000E+03
 W-volume [L]        0.30445E+02  0.30445E+02
 In-flow  [L/T]     -0.17937E-02 -0.17937E-02
 h Mean   [L]       -0.53639E+04 -0.53639E+04
 Top Flux [L/T]      0.17551E-02
 Bot Flux [L/T]     -0.39082E-04
 WatBalT  [L]        0.14192E+01
 WatBalR  [%]              1.653
----------------------------------------------------------

----------------------------------------------------------
 Time       [T]      387.0000
----------------------------------------------------------
 Sub-region num.                     1
----------------------------------------------------------
 Length   [L]        0.15000E+03  0.15000E+03
 W-volume [L]        0.30443E+02  0.30443E+02
 In-flow  [L/T]     -0.17853E-02 -0.17853E-02
 h Mean   [L]       -0.53652E+04 -0.53652E+04
 Top Flux [L/T]      0.17467E-02
 Bot Flux [L/T]     -0.39086E-04
 WatBalT  [L]        0.14192E+01
 WatBalR  [%]              1.653
----------------------------------------------------------

----------------------------------------------------------
 Time       [T]      388.0000
----------------------------------------------------------
 Sub-region num.                     1
----------------------------------------------------------
 Length   [L]        0.15000E+03  0.15000E+03
 W-volume [L]        0.30441E+02  0.30441E+02
 In-flow  [L/T]     -0.17775E-02 -0.17775E-02
 h Mean   [L]       -0.53665E+04 -0.53665E+04
 Top Flux [L/T]      0.17383E-02
 Bot Flux [L/T]     -0.39077E-04
 WatBalT  [L]        0.14192E+01
 WatBalR  [%]              1.653
----------------------------------------------------------

----------------------------------------------------------
 Time       [T]      389.0000
----------------------------------------------------------
 Sub-region num.                     1
----------------------------------------------------------
 Length   [L]        0.15000E+03  0.15000E+03
 W-volume [L]        0.30439E+02  0.30439E+02
 In-flow  [L/T]     -0.17691E-02 -0.17691E-02
 h Mean   [L]       -0.53678E+04 -0.53678E+04
 Top Flux [L/T]      0.17299E-02
 Bot Flux [L/T]     -0.39100E-04
 WatBalT  [L]        0.14192E+01
 WatBalR  [%]              1.653
----------------------------------------------------------

----------------------------------------------------------
 Time       [T]      390.0000
----------------------------------------------------------
 Sub-region num.                     1
----------------------------------------------------------
 Length   [L]        0.15000E+03  0.15000E+03
 W-volume [L]        0.30438E+02  0.30438E+02
 In-flow  [L/T]     -0.17605E-02 -0.17605E-02
 h Mean   [L]       -0.53691E+04 -0.53691E+04
 Top Flux [L/T]      0.17214E-02
 Bot Flux [L/T]     -0.39091E-04
 WatBalT  [L]        0.14192E+01
 WatBalR  [%]              1.653
----------------------------------------------------------

----------------------------------------------------------
 Time       [T]      391.0000
----------------------------------------------------------
 Sub-region num.                     1
----------------------------------------------------------
 Length   [L]        0.15000E+03  0.15000E+03
 W-volume [L]        0.30436E+02  0.30436E+02
 In-flow  [L/T]     -0.17516E-02 -0.17516E-02
 h Mean   [L]       -0.53704E+04 -0.53704E+04
 Top Flux [L/T]      0.17131E-02
 Bot Flux [L/T]     -0.39091E-04
 WatBalT  [L]        0.14192E+01
 WatBalR  [%]              1.653
----------------------------------------------------------

----------------------------------------------------------
 Time       [T]      392.0000
----------------------------------------------------------
 Sub-region num.                     1
----------------------------------------------------------
 Length   [L]        0.15000E+03  0.15000E+03
 W-volume [L]        0.30434E+02  0.30434E+02
 In-flow  [L/T]     -0.17436E-02 -0.17436E-02
 h Mean   [L]       -0.53717E+04 -0.53717E+04
 Top Flux [L/T]      0.17047E-02
 Bot Flux [L/T]     -0.39086E-04
 WatBalT  [L]        0.14192E+01
 WatBalR  [%]              1.653
----------------------------------------------------------

----------------------------------------------------------
 Time       [T]      393.0000
----------------------------------------------------------
 Sub-region num.                     1
----------------------------------------------------------
 Length   [L]        0.15000E+03  0.15000E+03
 W-volume [L]        0.30433E+02  0.30433E+02
 In-flow  [L/T]     -0.17355E-02 -0.17355E-02
 h Mean   [L]       -0.53730E+04 -0.53730E+04
 Top Flux [L/T]      0.16963E-02
 Bot Flux [L/T]     -0.39095E-04
 WatBalT  [L]        0.14192E+01
 WatBalR  [%]              1.653
----------------------------------------------------------

----------------------------------------------------------
 Time       [T]      394.0000
----------------------------------------------------------
 Sub-region num.                     1
----------------------------------------------------------
 Length   [L]        0.15000E+03  0.15000E+03
 W-volume [L]        0.30431E+02  0.30431E+02
 In-flow  [L/T]     -0.17268E-02 -0.17268E-02
 h Mean   [L]       -0.53744E+04 -0.53744E+04
 Top Flux [L/T]      0.16880E-02
 Bot Flux [L/T]     -0.39100E-04
 WatBalT  [L]        0.14192E+01
 WatBalR  [%]              1.653
----------------------------------------------------------

----------------------------------------------------------
 Time       [T]      395.0000
----------------------------------------------------------
 Sub-region num.                     1
----------------------------------------------------------
 Length   [L]        0.15000E+03  0.15000E+03
 W-volume [L]        0.30429E+02  0.30429E+02
 In-flow  [L/T]     -0.17185E-02 -0.17185E-02
 h Mean   [L]       -0.53757E+04 -0.53757E+04
 Top Flux [L/T]      0.16797E-02
 Bot Flux [L/T]     -0.39090E-04
 WatBalT  [L]        0.14192E+01
 WatBalR  [%]              1.653
----------------------------------------------------------

----------------------------------------------------------
 Time       [T]      396.0000
----------------------------------------------------------
 Sub-region num.                     1
----------------------------------------------------------
 Length   [L]        0.15000E+03  0.15000E+03
 W-volume [L]        0.30427E+02  0.30427E+02
 In-flow  [L/T]     -0.17106E-02 -0.17106E-02
 h Mean   [L]       -0.53770E+04 -0.53770E+04
 Top Flux [L/T]      0.16715E-02
 Bot Flux [L/T]     -0.39090E-04
 WatBalT  [L]        0.14192E+01
 WatBalR  [%]              1.653
----------------------------------------------------------

----------------------------------------------------------
 Time       [T]      397.0000
----------------------------------------------------------
 Sub-region num.                     1
----------------------------------------------------------
 Length   [L]        0.15000E+03  0.15000E+03
 W-volume [L]        0.30426E+02  0.30426E+02
 In-flow  [L/T]     -0.17022E-02 -0.17022E-02
 h Mean   [L]       -0.53782E+04 -0.53782E+04
 Top Flux [L/T]      0.16634E-02
 Bot Flux [L/T]     -0.39090E-04
 WatBalT  [L]        0.14192E+01
 WatBalR  [%]              1.653
----------------------------------------------------------

----------------------------------------------------------
 Time       [T]      398.0000
----------------------------------------------------------
 Sub-region num.                     1
----------------------------------------------------------
 Length   [L]        0.15000E+03  0.15000E+03
 W-volume [L]        0.30424E+02  0.30424E+02
 In-flow  [L/T]     -0.16939E-02 -0.16939E-02
 h Mean   [L]       -0.53795E+04 -0.53795E+04
 Top Flux [L/T]      0.16553E-02
 Bot Flux [L/T]     -0.39090E-04
 WatBalT  [L]        0.14192E+01
 WatBalR  [%]              1.653
----------------------------------------------------------

----------------------------------------------------------
 Time       [T]      399.0000
----------------------------------------------------------
 Sub-region num.                     1
----------------------------------------------------------
 Length   [L]        0.15000E+03  0.15000E+03
 W-volume [L]        0.30422E+02  0.30422E+02
 In-flow  [L/T]     -0.16862E-02 -0.16862E-02
 h Mean   [L]       -0.53808E+04 -0.53808E+04
 Top Flux [L/T]      0.16473E-02
 Bot Flux [L/T]     -0.39095E-04
 WatBalT  [L]        0.14192E+01
 WatBalR  [%]              1.653
----------------------------------------------------------

----------------------------------------------------------
 Time       [T]      400.0000
----------------------------------------------------------
 Sub-region num.                     1
----------------------------------------------------------
 Length   [L]        0.15000E+03  0.15000E+03
 W-volume [L]        0.30421E+02  0.30421E+02
 In-flow  [L/T]     -0.16781E-02 -0.16781E-02
 h Mean   [L]       -0.53821E+04 -0.53821E+04
 Top Flux [L/T]      0.16395E-02
 Bot Flux [L/T]     -0.39085E-04
 WatBalT  [L]        0.14192E+01
 WatBalR  [%]              1.653
----------------------------------------------------------

----------------------------------------------------------
 Time       [T]      401.0000
----------------------------------------------------------
 Sub-region num.                     1
----------------------------------------------------------
 Length   [L]        0.15000E+03  0.15000E+03
 W-volume [L]        0.30419E+02  0.30419E+02
 In-flow  [L/T]     -0.16706E-02 -0.16706E-02
 h Mean   [L]       -0.53834E+04 -0.53834E+04
 Top Flux [L/T]      0.16318E-02
 Bot Flux [L/T]     -0.39085E-04
 WatBalT  [L]        0.14192E+01
 WatBalR  [%]              1.653
----------------------------------------------------------

----------------------------------------------------------
 Time       [T]      402.0000
----------------------------------------------------------
 Sub-region num.                     1
----------------------------------------------------------
 Length   [L]        0.15000E+03  0.15000E+03
 W-volume [L]        0.30417E+02  0.30417E+02
 In-flow  [L/T]     -0.16631E-02 -0.16631E-02
 h Mean   [L]       -0.53846E+04 -0.53846E+04
 Top Flux [L/T]      0.16242E-02
 Bot Flux [L/T]     -0.39080E-04
 WatBalT  [L]        0.14192E+01
 WatBalR  [%]              1.653
----------------------------------------------------------

----------------------------------------------------------
 Time       [T]      403.0000
----------------------------------------------------------
 Sub-region num.                     1
----------------------------------------------------------
 Length   [L]        0.15000E+03  0.15000E+03
 W-volume [L]        0.30416E+02  0.30416E+02
 In-flow  [L/T]     -0.16560E-02 -0.16560E-02
 h Mean   [L]       -0.53859E+04 -0.53859E+04
 Top Flux [L/T]      0.16167E-02
 Bot Flux [L/T]     -0.39100E-04
 WatBalT  [L]        0.14192E+01
 WatBalR  [%]              1.653
----------------------------------------------------------

----------------------------------------------------------
 Time       [T]      404.0000
----------------------------------------------------------
 Sub-region num.                     1
----------------------------------------------------------
 Length   [L]        0.15000E+03  0.15000E+03
 W-volume [L]        0.30414E+02  0.30414E+02
 In-flow  [L/T]     -0.16489E-02 -0.16489E-02
 h Mean   [L]       -0.53871E+04 -0.53871E+04
 Top Flux [L/T]      0.16094E-02
 Bot Flux [L/T]     -0.39085E-04
 WatBalT  [L]        0.14192E+01
 WatBalR  [%]              1.653
----------------------------------------------------------

----------------------------------------------------------
 Time       [T]      405.0000
----------------------------------------------------------
 Sub-region num.                     1
----------------------------------------------------------
 Length   [L]        0.15000E+03  0.15000E+03
 W-volume [L]        0.30412E+02  0.30412E+02
 In-flow  [L/T]     -0.16414E-02 -0.16414E-02
 h Mean   [L]       -0.53883E+04 -0.53883E+04
 Top Flux [L/T]      0.16022E-02
 Bot Flux [L/T]     -0.39080E-04
 WatBalT  [L]        0.14192E+01
 WatBalR  [%]              1.653
----------------------------------------------------------

----------------------------------------------------------
 Time       [T]      406.0000
----------------------------------------------------------
 Sub-region num.                     1
----------------------------------------------------------
 Length   [L]        0.15000E+03  0.15000E+03
 W-volume [L]        0.30411E+02  0.30411E+02
 In-flow  [L/T]     -0.16341E-02 -0.16341E-02
 h Mean   [L]       -0.53895E+04 -0.53895E+04
 Top Flux [L/T]      0.15954E-02
 Bot Flux [L/T]     -0.39090E-04
 WatBalT  [L]        0.14192E+01
 WatBalR  [%]              1.653
----------------------------------------------------------

----------------------------------------------------------
 Time       [T]      407.0000
----------------------------------------------------------
 Sub-region num.                     1
----------------------------------------------------------
 Length   [L]        0.15000E+03  0.15000E+03
 W-volume [L]        0.30409E+02  0.30409E+02
 In-flow  [L/T]     -0.16277E-02 -0.16277E-02
 h Mean   [L]       -0.53907E+04 -0.53907E+04
 Top Flux [L/T]      0.15889E-02
 Bot Flux [L/T]     -0.39080E-04
 WatBalT  [L]        0.14192E+01
 WatBalR  [%]              1.653
----------------------------------------------------------

----------------------------------------------------------
 Time       [T]      408.0000
----------------------------------------------------------
 Sub-region num.                     1
----------------------------------------------------------
 Length   [L]        0.15000E+03  0.15000E+03
 W-volume [L]        0.30407E+02  0.30407E+02
 In-flow  [L/T]     -0.16214E-02 -0.16214E-02
 h Mean   [L]       -0.53919E+04 -0.53919E+04
 Top Flux [L/T]      0.15827E-02
 Bot Flux [L/T]     -0.39080E-04
 WatBalT  [L]        0.14192E+01
 WatBalR  [%]              1.653
----------------------------------------------------------

----------------------------------------------------------
 Time       [T]      409.0000
----------------------------------------------------------
 Sub-region num.                     1
----------------------------------------------------------
 Length   [L]        0.15000E+03  0.15000E+03
 W-volume [L]        0.30406E+02  0.30406E+02
 In-flow  [L/T]     -0.16157E-02 -0.16157E-02
 h Mean   [L]       -0.53931E+04 -0.53931E+04
 Top Flux [L/T]      0.15768E-02
 Bot Flux [L/T]     -0.39099E-04
 WatBalT  [L]        0.14192E+01
 WatBalR  [%]              1.653
----------------------------------------------------------

----------------------------------------------------------
 Time       [T]      410.0000
----------------------------------------------------------
 Sub-region num.                     1
----------------------------------------------------------
 Length   [L]        0.15000E+03  0.15000E+03
 W-volume [L]        0.30404E+02  0.30404E+02
 In-flow  [L/T]     -0.16105E-02 -0.16105E-02
 h Mean   [L]       -0.53942E+04 -0.53942E+04
 Top Flux [L/T]      0.15713E-02
 Bot Flux [L/T]     -0.39080E-04
 WatBalT  [L]        0.14192E+01
 WatBalR  [%]              1.653
----------------------------------------------------------

----------------------------------------------------------
 Time       [T]      411.0000
----------------------------------------------------------
 Sub-region num.                     1
----------------------------------------------------------
 Length   [L]        0.15000E+03  0.15000E+03
 W-volume [L]        0.30403E+02  0.30403E+02
 In-flow  [L/T]     -0.16047E-02 -0.16047E-02
 h Mean   [L]       -0.53953E+04 -0.53953E+04
 Top Flux [L/T]      0.15659E-02
 Bot Flux [L/T]     -0.39099E-04
 WatBalT  [L]        0.14192E+01
 WatBalR  [%]              1.653
----------------------------------------------------------

----------------------------------------------------------
 Time       [T]      412.0000
----------------------------------------------------------
 Sub-region num.                     1
----------------------------------------------------------
 Length   [L]        0.15000E+03  0.15000E+03
 W-volume [L]        0.30401E+02  0.30401E+02
 In-flow  [L/T]     -0.15996E-02 -0.15996E-02
 h Mean   [L]       -0.53964E+04 -0.53964E+04
 Top Flux [L/T]      0.15607E-02
 Bot Flux [L/T]     -0.39089E-04
 WatBalT  [L]        0.14192E+01
 WatBalR  [%]              1.653
----------------------------------------------------------

----------------------------------------------------------
 Time       [T]      413.0000
----------------------------------------------------------
 Sub-region num.                     1
----------------------------------------------------------
 Length   [L]        0.15000E+03  0.15000E+03
 W-volume [L]        0.30399E+02  0.30399E+02
 In-flow  [L/T]     -0.15944E-02 -0.15944E-02
 h Mean   [L]       -0.53975E+04 -0.53975E+04
 Top Flux [L/T]      0.15556E-02
 Bot Flux [L/T]     -0.39084E-04
 WatBalT  [L]        0.14192E+01
 WatBalR  [%]              1.653
----------------------------------------------------------

----------------------------------------------------------
 Time       [T]      414.0000
----------------------------------------------------------
 Sub-region num.                     1
----------------------------------------------------------
 Length   [L]        0.15000E+03  0.15000E+03
 W-volume [L]        0.30398E+02  0.30398E+02
 In-flow  [L/T]     -0.15891E-02 -0.15891E-02
 h Mean   [L]       -0.53986E+04 -0.53986E+04
 Top Flux [L/T]      0.15506E-02
 Bot Flux [L/T]     -0.39089E-04
 WatBalT  [L]        0.14192E+01
 WatBalR  [%]              1.653
----------------------------------------------------------

----------------------------------------------------------
 Time       [T]      415.0000
----------------------------------------------------------
 Sub-region num.                     1
----------------------------------------------------------
 Length   [L]        0.15000E+03  0.15000E+03
 W-volume [L]        0.30396E+02  0.30396E+02
 In-flow  [L/T]     -0.15846E-02 -0.15846E-02
 h Mean   [L]       -0.53997E+04 -0.53997E+04
 Top Flux [L/T]      0.15458E-02
 Bot Flux [L/T]     -0.39094E-04
 WatBalT  [L]        0.14192E+01
 WatBalR  [%]              1.652
----------------------------------------------------------

----------------------------------------------------------
 Time       [T]      416.0000
----------------------------------------------------------
 Sub-region num.                     1
----------------------------------------------------------
 Length   [L]        0.15000E+03  0.15000E+03
 W-volume [L]        0.30395E+02  0.30395E+02
 In-flow  [L/T]     -0.15803E-02 -0.15803E-02
 h Mean   [L]       -0.54008E+04 -0.54008E+04
 Top Flux [L/T]      0.15410E-02
 Bot Flux [L/T]     -0.39084E-04
 WatBalT  [L]        0.14192E+01
 WatBalR  [%]              1.652
----------------------------------------------------------

----------------------------------------------------------
 Time       [T]      417.0000
----------------------------------------------------------
 Sub-region num.                     1
----------------------------------------------------------
 Length   [L]        0.15000E+03  0.15000E+03
 W-volume [L]        0.30393E+02  0.30393E+02
 In-flow  [L/T]     -0.15748E-02 -0.15748E-02
 h Mean   [L]       -0.54019E+04 -0.54019E+04
 Top Flux [L/T]      0.15362E-02
 Bot Flux [L/T]     -0.39070E-04
 WatBalT  [L]        0.14192E+01
 WatBalR  [%]              1.652
----------------------------------------------------------

----------------------------------------------------------
 Time       [T]      418.0000
----------------------------------------------------------
 Sub-region num.                     1
----------------------------------------------------------
 Length   [L]        0.15000E+03  0.15000E+03
 W-volume [L]        0.30391E+02  0.30391E+02
 In-flow  [L/T]     -0.15702E-02 -0.15702E-02
 h Mean   [L]       -0.54030E+04 -0.54030E+04
 Top Flux [L/T]      0.15315E-02
 Bot Flux [L/T]     -0.39070E-04
 WatBalT  [L]        0.14192E+01
 WatBalR  [%]              1.652
----------------------------------------------------------

----------------------------------------------------------
 Time       [T]      419.0000
----------------------------------------------------------
 Sub-region num.                     1
----------------------------------------------------------
 Length   [L]        0.15000E+03  0.15000E+03
 W-volume [L]        0.30390E+02  0.30390E+02
 In-flow  [L/T]     -0.15655E-02 -0.15655E-02
 h Mean   [L]       -0.54040E+04 -0.54040E+04
 Top Flux [L/T]      0.15269E-02
 Bot Flux [L/T]     -0.39079E-04
 WatBalT  [L]        0.14192E+01
 WatBalR  [%]              1.652
----------------------------------------------------------

----------------------------------------------------------
 Time       [T]      420.0000
----------------------------------------------------------
 Sub-region num.                     1
----------------------------------------------------------
 Length   [L]        0.15000E+03  0.15000E+03
 W-volume [L]        0.30388E+02  0.30388E+02
 In-flow  [L/T]     -0.15611E-02 -0.15611E-02
 h Mean   [L]       -0.54051E+04 -0.54051E+04
 Top Flux [L/T]      0.15222E-02
 Bot Flux [L/T]     -0.39070E-04
 WatBalT  [L]        0.14192E+01
 WatBalR  [%]              1.652
----------------------------------------------------------

----------------------------------------------------------
 Time       [T]      421.0000
----------------------------------------------------------
 Sub-region num.                     1
----------------------------------------------------------
 Length   [L]        0.15000E+03  0.15000E+03
 W-volume [L]        0.30387E+02  0.30387E+02
 In-flow  [L/T]     -0.15564E-02 -0.15564E-02
 h Mean   [L]       -0.54062E+04 -0.54062E+04
 Top Flux [L/T]      0.15176E-02
 Bot Flux [L/T]     -0.39093E-04
 WatBalT  [L]        0.14192E+01
 WatBalR  [%]              1.652
----------------------------------------------------------

----------------------------------------------------------
 Time       [T]      422.0000
----------------------------------------------------------
 Sub-region num.                     1
----------------------------------------------------------
 Length   [L]        0.15000E+03  0.15000E+03
 W-volume [L]        0.30385E+02  0.30385E+02
 In-flow  [L/T]     -0.15519E-02 -0.15519E-02
 h Mean   [L]       -0.54072E+04 -0.54072E+04
 Top Flux [L/T]      0.15131E-02
 Bot Flux [L/T]     -0.39098E-04
 WatBalT  [L]        0.14192E+01
 WatBalR  [%]              1.652
----------------------------------------------------------

----------------------------------------------------------
 Time       [T]      423.0000
----------------------------------------------------------
 Sub-region num.                     1
----------------------------------------------------------
 Length   [L]        0.15000E+03  0.15000E+03
 W-volume [L]        0.30384E+02  0.30384E+02
 In-flow  [L/T]     -0.15471E-02 -0.15471E-02
 h Mean   [L]       -0.54083E+04 -0.54083E+04
 Top Flux [L/T]      0.15085E-02
 Bot Flux [L/T]     -0.39079E-04
 WatBalT  [L]        0.14192E+01
 WatBalR  [%]              1.652
----------------------------------------------------------

----------------------------------------------------------
 Time       [T]      424.0000
----------------------------------------------------------
 Sub-region num.                     1
----------------------------------------------------------
 Length   [L]        0.15000E+03  0.15000E+03
 W-volume [L]        0.30382E+02  0.30382E+02
 In-flow  [L/T]     -0.15429E-02 -0.15429E-02
 h Mean   [L]       -0.54094E+04 -0.54094E+04
 Top Flux [L/T]      0.15040E-02
 Bot Flux [L/T]     -0.39093E-04
 WatBalT  [L]        0.14192E+01
 WatBalR  [%]              1.652
----------------------------------------------------------

----------------------------------------------------------
 Time       [T]      425.0000
----------------------------------------------------------
 Sub-region num.                     1
----------------------------------------------------------
 Length   [L]        0.15000E+03  0.15000E+03
 W-volume [L]        0.30381E+02  0.30381E+02
 In-flow  [L/T]     -0.15382E-02 -0.15382E-02
 h Mean   [L]       -0.54104E+04 -0.54104E+04
 Top Flux [L/T]      0.14995E-02
 Bot Flux [L/T]     -0.39088E-04
 WatBalT  [L]        0.14192E+01
 WatBalR  [%]              1.652
----------------------------------------------------------

----------------------------------------------------------
 Time       [T]      426.0000
----------------------------------------------------------
 Sub-region num.                     1
----------------------------------------------------------
 Length   [L]        0.15000E+03  0.15000E+03
 W-volume [L]        0.30379E+02  0.30379E+02
 In-flow  [L/T]     -0.15337E-02 -0.15337E-02
 h Mean   [L]       -0.54115E+04 -0.54115E+04
 Top Flux [L/T]      0.14950E-02
 Bot Flux [L/T]     -0.39107E-04
 WatBalT  [L]        0.14192E+01
 WatBalR  [%]              1.652
----------------------------------------------------------

----------------------------------------------------------
 Time       [T]      427.0000
----------------------------------------------------------
 Sub-region num.                     1
----------------------------------------------------------
 Length   [L]        0.15000E+03  0.15000E+03
 W-volume [L]        0.30378E+02  0.30378E+02
 In-flow  [L/T]     -0.15296E-02 -0.15296E-02
 h Mean   [L]       -0.54125E+04 -0.54125E+04
 Top Flux [L/T]      0.14905E-02
 Bot Flux [L/T]     -0.39088E-04
 WatBalT  [L]        0.14192E+01
 WatBalR  [%]              1.652
----------------------------------------------------------

----------------------------------------------------------
 Time       [T]      428.0000
----------------------------------------------------------
 Sub-region num.                     1
----------------------------------------------------------
 Length   [L]        0.15000E+03  0.15000E+03
 W-volume [L]        0.30376E+02  0.30376E+02
 In-flow  [L/T]     -0.15248E-02 -0.15248E-02
 h Mean   [L]       -0.54136E+04 -0.54136E+04
 Top Flux [L/T]      0.14860E-02
 Bot Flux [L/T]     -0.39088E-04
 WatBalT  [L]        0.14192E+01
 WatBalR  [%]              1.652
----------------------------------------------------------

----------------------------------------------------------
 Time       [T]      429.0000
----------------------------------------------------------
 Sub-region num.                     1
----------------------------------------------------------
 Length   [L]        0.15000E+03  0.15000E+03
 W-volume [L]        0.30374E+02  0.30374E+02
 In-flow  [L/T]     -0.15207E-02 -0.15207E-02
 h Mean   [L]       -0.54146E+04 -0.54146E+04
 Top Flux [L/T]      0.14816E-02
 Bot Flux [L/T]     -0.39093E-04
 WatBalT  [L]        0.14192E+01
 WatBalR  [%]              1.652
----------------------------------------------------------

----------------------------------------------------------
 Time       [T]      430.0000
----------------------------------------------------------
 Sub-region num.                     1
----------------------------------------------------------
 Length   [L]        0.15000E+03  0.15000E+03
 W-volume [L]        0.30373E+02  0.30373E+02
 In-flow  [L/T]     -0.15161E-02 -0.15161E-02
 h Mean   [L]       -0.54157E+04 -0.54157E+04
 Top Flux [L/T]      0.14771E-02
 Bot Flux [L/T]     -0.39088E-04
 WatBalT  [L]        0.14192E+01
 WatBalR  [%]              1.652
----------------------------------------------------------

----------------------------------------------------------
 Time       [T]      431.0000
----------------------------------------------------------
 Sub-region num.                     1
----------------------------------------------------------
 Length   [L]        0.15000E+03  0.15000E+03
 W-volume [L]        0.30371E+02  0.30371E+02
 In-flow  [L/T]     -0.15117E-02 -0.15117E-02
 h Mean   [L]       -0.54168E+04 -0.54168E+04
 Top Flux [L/T]      0.14727E-02
 Bot Flux [L/T]     -0.39074E-04
 WatBalT  [L]        0.14192E+01
 WatBalR  [%]              1.652
----------------------------------------------------------

----------------------------------------------------------
 Time       [T]      432.0000
----------------------------------------------------------
 Sub-region num.                     1
----------------------------------------------------------
 Length   [L]        0.15000E+03  0.15000E+03
 W-volume [L]        0.30370E+02  0.30370E+02
 In-flow  [L/T]     -0.15076E-02 -0.15076E-02
 h Mean   [L]       -0.54178E+04 -0.54178E+04
 Top Flux [L/T]      0.14683E-02
 Bot Flux [L/T]     -0.39093E-04
 WatBalT  [L]        0.14192E+01
 WatBalR  [%]              1.652
----------------------------------------------------------

----------------------------------------------------------
 Time       [T]      433.0000
----------------------------------------------------------
 Sub-region num.                     1
----------------------------------------------------------
 Length   [L]        0.15000E+03  0.15000E+03
 W-volume [L]        0.30368E+02  0.30368E+02
 In-flow  [L/T]     -0.15032E-02 -0.15032E-02
 h Mean   [L]       -0.54189E+04 -0.54189E+04
 Top Flux [L/T]      0.14640E-02
 Bot Flux [L/T]     -0.39102E-04
 WatBalT  [L]        0.14192E+01
 WatBalR  [%]              1.652
----------------------------------------------------------

----------------------------------------------------------
 Time       [T]      434.0000
----------------------------------------------------------
 Sub-region num.                     1
----------------------------------------------------------
 Length   [L]        0.15000E+03  0.15000E+03
 W-volume [L]        0.30367E+02  0.30367E+02
 In-flow  [L/T]     -0.14987E-02 -0.14987E-02
 h Mean   [L]       -0.54199E+04 -0.54199E+04
 Top Flux [L/T]      0.14597E-02
 Bot Flux [L/T]     -0.39073E-04
 WatBalT  [L]        0.14192E+01
 WatBalR  [%]              1.652
----------------------------------------------------------

----------------------------------------------------------
 Time       [T]      435.0000
----------------------------------------------------------
 Sub-region num.                     1
----------------------------------------------------------
 Length   [L]        0.15000E+03  0.15000E+03
 W-volume [L]        0.30365E+02  0.30365E+02
 In-flow  [L/T]     -0.14950E-02 -0.14950E-02
 h Mean   [L]       -0.54210E+04 -0.54210E+04
 Top Flux [L/T]      0.14556E-02
 Bot Flux [L/T]     -0.39092E-04
 WatBalT  [L]        0.14192E+01
 WatBalR  [%]              1.652
----------------------------------------------------------

----------------------------------------------------------
 Time       [T]      436.0000
----------------------------------------------------------
 Sub-region num.                     1
----------------------------------------------------------
 Length   [L]        0.15000E+03  0.15000E+03
 W-volume [L]        0.30364E+02  0.30364E+02
 In-flow  [L/T]     -0.14907E-02 -0.14907E-02
 h Mean   [L]       -0.54220E+04 -0.54220E+04
 Top Flux [L/T]      0.14515E-02
 Bot Flux [L/T]     -0.39088E-04
 WatBalT  [L]        0.14192E+01
 WatBalR  [%]              1.652
----------------------------------------------------------

----------------------------------------------------------
 Time       [T]      437.0000
----------------------------------------------------------
 Sub-region num.                     1
----------------------------------------------------------
 Length   [L]        0.15000E+03  0.15000E+03
 W-volume [L]        0.30362E+02  0.30362E+02
 In-flow  [L/T]     -0.14867E-02 -0.14867E-02
 h Mean   [L]       -0.54230E+04 -0.54230E+04
 Top Flux [L/T]      0.14475E-02
 Bot Flux [L/T]     -0.39088E-04
 WatBalT  [L]        0.14192E+01
 WatBalR  [%]              1.652
----------------------------------------------------------

----------------------------------------------------------
 Time       [T]      438.0000
----------------------------------------------------------
 Sub-region num.                     1
----------------------------------------------------------
 Length   [L]        0.15000E+03  0.15000E+03
 W-volume [L]        0.30361E+02  0.30361E+02
 In-flow  [L/T]     -0.14824E-02 -0.14824E-02
 h Mean   [L]       -0.54240E+04 -0.54240E+04
 Top Flux [L/T]      0.14435E-02
 Bot Flux [L/T]     -0.39097E-04
 WatBalT  [L]        0.14192E+01
 WatBalR  [%]              1.652
----------------------------------------------------------

----------------------------------------------------------
 Time       [T]      439.0000
----------------------------------------------------------
 Sub-region num.                     1
----------------------------------------------------------
 Length   [L]        0.15000E+03  0.15000E+03
 W-volume [L]        0.30360E+02  0.30360E+02
 In-flow  [L/T]     -0.14786E-02 -0.14786E-02
 h Mean   [L]       -0.54250E+04 -0.54250E+04
 Top Flux [L/T]      0.14397E-02
 Bot Flux [L/T]     -0.39078E-04
 WatBalT  [L]        0.14192E+01
 WatBalR  [%]              1.652
----------------------------------------------------------

----------------------------------------------------------
 Time       [T]      440.0000
----------------------------------------------------------
 Sub-region num.                     1
----------------------------------------------------------
 Length   [L]        0.15000E+03  0.15000E+03
 W-volume [L]        0.30358E+02  0.30358E+02
 In-flow  [L/T]     -0.14750E-02 -0.14750E-02
 h Mean   [L]       -0.54261E+04 -0.54261E+04
 Top Flux [L/T]      0.14359E-02
 Bot Flux [L/T]     -0.39083E-04
 WatBalT  [L]        0.14192E+01
 WatBalR  [%]              1.652
----------------------------------------------------------

----------------------------------------------------------
 Time       [T]      441.0000
----------------------------------------------------------
 Sub-region num.                     1
----------------------------------------------------------
 Length   [L]        0.15000E+03  0.15000E+03
 W-volume [L]        0.30357E+02  0.30357E+02
 In-flow  [L/T]     -0.14709E-02 -0.14709E-02
 h Mean   [L]       -0.54271E+04 -0.54271E+04
 Top Flux [L/T]      0.14321E-02
 Bot Flux [L/T]     -0.39083E-04
 WatBalT  [L]        0.14192E+01
 WatBalR  [%]              1.652
----------------------------------------------------------

----------------------------------------------------------
 Time       [T]      442.0000
----------------------------------------------------------
 Sub-region num.                     1
----------------------------------------------------------
 Length   [L]        0.15000E+03  0.15000E+03
 W-volume [L]        0.30355E+02  0.30355E+02
 In-flow  [L/T]     -0.14672E-02 -0.14672E-02
 h Mean   [L]       -0.54281E+04 -0.54281E+04
 Top Flux [L/T]      0.14284E-02
 Bot Flux [L/T]     -0.39102E-04
 WatBalT  [L]        0.14192E+01
 WatBalR  [%]              1.652
----------------------------------------------------------

----------------------------------------------------------
 Time       [T]      443.0000
----------------------------------------------------------
 Sub-region num.                     1
----------------------------------------------------------
 Length   [L]        0.15000E+03  0.15000E+03
 W-volume [L]        0.30354E+02  0.30354E+02
 In-flow  [L/T]     -0.14636E-02 -0.14636E-02
 h Mean   [L]       -0.54291E+04 -0.54291E+04
 Top Flux [L/T]      0.14247E-02
 Bot Flux [L/T]     -0.39082E-04
 WatBalT  [L]        0.14192E+01
 WatBalR  [%]              1.652
----------------------------------------------------------

----------------------------------------------------------
 Time       [T]      444.0000
----------------------------------------------------------
 Sub-region num.                     1
----------------------------------------------------------
 Length   [L]        0.15000E+03  0.15000E+03
 W-volume [L]        0.30352E+02  0.30352E+02
 In-flow  [L/T]     -0.14600E-02 -0.14600E-02
 h Mean   [L]       -0.54301E+04 -0.54301E+04
 Top Flux [L/T]      0.14211E-02
 Bot Flux [L/T]     -0.39082E-04
 WatBalT  [L]        0.14192E+01
 WatBalR  [%]              1.652
----------------------------------------------------------

----------------------------------------------------------
 Time       [T]      445.0000
----------------------------------------------------------
 Sub-region num.                     1
----------------------------------------------------------
 Length   [L]        0.15000E+03  0.15000E+03
 W-volume [L]        0.30351E+02  0.30351E+02
 In-flow  [L/T]     -0.14562E-02 -0.14562E-02
 h Mean   [L]       -0.54311E+04 -0.54311E+04
 Top Flux [L/T]      0.14175E-02
 Bot Flux [L/T]     -0.39097E-04
 WatBalT  [L]        0.14192E+01
 WatBalR  [%]              1.652
----------------------------------------------------------

----------------------------------------------------------
 Time       [T]      446.0000
----------------------------------------------------------
 Sub-region num.                     1
----------------------------------------------------------
 Length   [L]        0.15000E+03  0.15000E+03
 W-volume [L]        0.30349E+02  0.30349E+02
 In-flow  [L/T]     -0.14529E-02 -0.14529E-02
 h Mean   [L]       -0.54320E+04 -0.54320E+04
 Top Flux [L/T]      0.14140E-02
 Bot Flux [L/T]     -0.39077E-04
 WatBalT  [L]        0.14192E+01
 WatBalR  [%]              1.652
----------------------------------------------------------

----------------------------------------------------------
 Time       [T]      447.0000
----------------------------------------------------------
 Sub-region num.                     1
----------------------------------------------------------
 Length   [L]        0.15000E+03  0.15000E+03
 W-volume [L]        0.30348E+02  0.30348E+02
 In-flow  [L/T]     -0.14492E-02 -0.14492E-02
 h Mean   [L]       -0.54330E+04 -0.54330E+04
 Top Flux [L/T]      0.14105E-02
 Bot Flux [L/T]     -0.39077E-04
 WatBalT  [L]        0.14192E+01
 WatBalR  [%]              1.652
----------------------------------------------------------

----------------------------------------------------------
 Time       [T]      448.0000
----------------------------------------------------------
 Sub-region num.                     1
----------------------------------------------------------
 Length   [L]        0.15000E+03  0.15000E+03
 W-volume [L]        0.30346E+02  0.30346E+02
 In-flow  [L/T]     -0.14462E-02 -0.14462E-02
 h Mean   [L]       -0.54340E+04 -0.54340E+04
 Top Flux [L/T]      0.14070E-02
 Bot Flux [L/T]     -0.39096E-04
 WatBalT  [L]        0.14192E+01
 WatBalR  [%]              1.652
----------------------------------------------------------

----------------------------------------------------------
 Time       [T]      449.0000
----------------------------------------------------------
 Sub-region num.                     1
----------------------------------------------------------
 Length   [L]        0.15000E+03  0.15000E+03
 W-volume [L]        0.30345E+02  0.30345E+02
 In-flow  [L/T]     -0.14424E-02 -0.14424E-02
 h Mean   [L]       -0.54350E+04 -0.54350E+04
 Top Flux [L/T]      0.14035E-02
 Bot Flux [L/T]     -0.39082E-04
 WatBalT  [L]        0.14192E+01
 WatBalR  [%]              1.651
----------------------------------------------------------

----------------------------------------------------------
 Time       [T]      450.0000
----------------------------------------------------------
 Sub-region num.                     1
----------------------------------------------------------
 Length   [L]        0.15000E+03  0.15000E+03
 W-volume [L]        0.30343E+02  0.30343E+02
 In-flow  [L/T]     -0.14391E-02 -0.14391E-02
 h Mean   [L]       -0.54360E+04 -0.54360E+04
 Top Flux [L/T]      0.14000E-02
 Bot Flux [L/T]     -0.39101E-04
 WatBalT  [L]        0.14192E+01
 WatBalR  [%]              1.651
----------------------------------------------------------

----------------------------------------------------------
 Time       [T]      451.0000
----------------------------------------------------------
 Sub-region num.                     1
----------------------------------------------------------
 Length   [L]        0.15000E+03  0.15000E+03
 W-volume [L]        0.30342E+02  0.30342E+02
 In-flow  [L/T]     -0.14356E-02 -0.14356E-02
 h Mean   [L]       -0.54370E+04 -0.54370E+04
 Top Flux [L/T]      0.13966E-02
 Bot Flux [L/T]     -0.39096E-04
 WatBalT  [L]        0.14192E+01
 WatBalR  [%]              1.651
----------------------------------------------------------

----------------------------------------------------------
 Time       [T]      452.0000
----------------------------------------------------------
 Sub-region num.                     1
----------------------------------------------------------
 Length   [L]        0.15000E+03  0.15000E+03
 W-volume [L]        0.30341E+02  0.30341E+02
 In-flow  [L/T]     -0.14319E-02 -0.14319E-02
 h Mean   [L]       -0.54379E+04 -0.54379E+04
 Top Flux [L/T]      0.13931E-02
 Bot Flux [L/T]     -0.39091E-04
 WatBalT  [L]        0.14192E+01
 WatBalR  [%]              1.651
----------------------------------------------------------

----------------------------------------------------------
 Time       [T]      453.0000
----------------------------------------------------------
 Sub-region num.                     1
----------------------------------------------------------
 Length   [L]        0.15000E+03  0.15000E+03
 W-volume [L]        0.30339E+02  0.30339E+02
 In-flow  [L/T]     -0.14288E-02 -0.14288E-02
 h Mean   [L]       -0.54389E+04 -0.54389E+04
 Top Flux [L/T]      0.13897E-02
 Bot Flux [L/T]     -0.39091E-04
 WatBalT  [L]        0.14192E+01
 WatBalR  [%]              1.651
----------------------------------------------------------

----------------------------------------------------------
 Time       [T]      454.0000
----------------------------------------------------------
 Sub-region num.                     1
----------------------------------------------------------
 Length   [L]        0.15000E+03  0.15000E+03
 W-volume [L]        0.30338E+02  0.30338E+02
 In-flow  [L/T]     -0.14250E-02 -0.14250E-02
 h Mean   [L]       -0.54399E+04 -0.54399E+04
 Top Flux [L/T]      0.13863E-02
 Bot Flux [L/T]     -0.39077E-04
 WatBalT  [L]        0.14192E+01
 WatBalR  [%]              1.651
----------------------------------------------------------

----------------------------------------------------------
 Time       [T]      455.0000
----------------------------------------------------------
 Sub-region num.                     1
----------------------------------------------------------
 Length   [L]        0.15000E+03  0.15000E+03
 W-volume [L]        0.30336E+02  0.30336E+02
 In-flow  [L/T]     -0.14223E-02 -0.14223E-02
 h Mean   [L]       -0.54408E+04 -0.54408E+04
 Top Flux [L/T]      0.13830E-02
 Bot Flux [L/T]     -0.39077E-04
 WatBalT  [L]        0.14192E+01
 WatBalR  [%]              1.651
----------------------------------------------------------

----------------------------------------------------------
 Time       [T]      456.0000
----------------------------------------------------------
 Sub-region num.                     1
----------------------------------------------------------
 Length   [L]        0.15000E+03  0.15000E+03
 W-volume [L]        0.30335E+02  0.30335E+02
 In-flow  [L/T]     -0.14189E-02 -0.14189E-02
 h Mean   [L]       -0.54418E+04 -0.54418E+04
 Top Flux [L/T]      0.13796E-02
 Bot Flux [L/T]     -0.39077E-04
 WatBalT  [L]        0.14192E+01
 WatBalR  [%]              1.651
----------------------------------------------------------

----------------------------------------------------------
 Time       [T]      457.0000
----------------------------------------------------------
 Sub-region num.                     1
----------------------------------------------------------
 Length   [L]        0.15000E+03  0.15000E+03
 W-volume [L]        0.30335E+02  0.30335E+02
 In-flow  [L/T]     -0.39265E-04 -0.39265E-04
 h Mean   [L]       -0.39094E+04 -0.39094E+04
 Top Flux [L/T]      0.81925E-03
 Bot Flux [L/T]     -0.39086E-04
 WatBalT  [L]        0.14192E+01
 WatBalR  [%]              1.651
----------------------------------------------------------

----------------------------------------------------------
 Time       [T]      458.0000
----------------------------------------------------------
 Sub-region num.                     1
----------------------------------------------------------
 Length   [L]        0.15000E+03  0.15000E+03
 W-volume [L]        0.30335E+02  0.30335E+02
 In-flow  [L/T]     -0.39026E-04 -0.39026E-04
 h Mean   [L]       -0.33742E+04 -0.33742E+04
 Top Flux [L/T]      0.66124E-03
 Bot Flux [L/T]     -0.39091E-04
 WatBalT  [L]        0.14192E+01
 WatBalR  [%]              1.651
----------------------------------------------------------

----------------------------------------------------------
 Time       [T]      459.0000
----------------------------------------------------------
 Sub-region num.                     1
----------------------------------------------------------
 Length   [L]        0.15000E+03  0.15000E+03
 W-volume [L]        0.30335E+02  0.30335E+02
 In-flow  [L/T]     -0.39458E-04 -0.39458E-04
 h Mean   [L]       -0.30531E+04 -0.30531E+04
 Top Flux [L/T]      0.57579E-03
 Bot Flux [L/T]     -0.39096E-04
 WatBalT  [L]        0.14192E+01
 WatBalR  [%]              1.651
----------------------------------------------------------

----------------------------------------------------------
 Time       [T]      460.0000
----------------------------------------------------------
 Sub-region num.                     1
----------------------------------------------------------
 Length   [L]        0.15000E+03  0.15000E+03
 W-volume [L]        0.30335E+02  0.30335E+02
 In-flow  [L/T]     -0.39265E-04 -0.39265E-04
 h Mean   [L]       -0.28449E+04 -0.28449E+04
 Top Flux [L/T]      0.52611E-03
 Bot Flux [L/T]     -0.39086E-04
 WatBalT  [L]        0.14192E+01
 WatBalR  [%]              1.651
----------------------------------------------------------

----------------------------------------------------------
 Time       [T]      461.0000
----------------------------------------------------------
 Sub-region num.                     1
----------------------------------------------------------
 Length   [L]        0.15000E+03  0.15000E+03
 W-volume [L]        0.30335E+02  0.30335E+02
 In-flow  [L/T]     -0.39220E-04 -0.39220E-04
 h Mean   [L]       -0.26980E+04 -0.26980E+04
 Top Flux [L/T]      0.49422E-03
 Bot Flux [L/T]     -0.39105E-04
 WatBalT  [L]        0.14192E+01
 WatBalR  [%]              1.651
----------------------------------------------------------

----------------------------------------------------------
 Time       [T]      462.0000
----------------------------------------------------------
 Sub-region num.                     1
----------------------------------------------------------
 Length   [L]        0.15000E+03  0.15000E+03
 W-volume [L]        0.30335E+02  0.30335E+02
 In-flow  [L/T]     -0.39101E-04 -0.39101E-04
 h Mean   [L]       -0.25881E+04 -0.25881E+04
 Top Flux [L/T]      0.47216E-03
 Bot Flux [L/T]     -0.39086E-04
 WatBalT  [L]        0.14192E+01
 WatBalR  [%]              1.651
----------------------------------------------------------

----------------------------------------------------------
 Time       [T]      463.0000
----------------------------------------------------------
 Sub-region num.                     1
----------------------------------------------------------
 Length   [L]        0.15000E+03  0.15000E+03
 W-volume [L]        0.30335E+02  0.30335E+02
 In-flow  [L/T]     -0.38862E-04 -0.38862E-04
 h Mean   [L]       -0.25025E+04 -0.25025E+04
 Top Flux [L/T]      0.45603E-03
 Bot Flux [L/T]     -0.39095E-04
 WatBalT  [L]        0.14192E+01
 WatBalR  [%]              1.651
----------------------------------------------------------

----------------------------------------------------------
 Time       [T]      464.0000
----------------------------------------------------------
 Sub-region num.                     1
----------------------------------------------------------
 Length   [L]        0.15000E+03  0.15000E+03
 W-volume [L]        0.30335E+02  0.30335E+02
 In-flow  [L/T]     -0.39160E-04 -0.39160E-04
 h Mean   [L]       -0.24338E+04 -0.24338E+04
 Top Flux [L/T]      0.44372E-03
 Bot Flux [L/T]     -0.39086E-04
 WatBalT  [L]        0.14192E+01
 WatBalR  [%]              1.651
----------------------------------------------------------

----------------------------------------------------------
 Time       [T]      465.0000
----------------------------------------------------------
 Sub-region num.                     1
----------------------------------------------------------
 Length   [L]        0.15000E+03  0.15000E+03
 W-volume [L]        0.30335E+02  0.30335E+02
 In-flow  [L/T]     -0.39071E-04 -0.39071E-04
 h Mean   [L]       -0.23775E+04 -0.23775E+04
 Top Flux [L/T]      0.43400E-03
 Bot Flux [L/T]     -0.39076E-04
 WatBalT  [L]        0.14192E+01
 WatBalR  [%]              1.651
----------------------------------------------------------

----------------------------------------------------------
 Time       [T]      466.0000
----------------------------------------------------------
 Sub-region num.                     1
----------------------------------------------------------
 Length   [L]        0.15000E+03  0.15000E+03
 W-volume [L]        0.30334E+02  0.30334E+02
 In-flow  [L/T]     -0.39414E-04 -0.39414E-04
 h Mean   [L]       -0.23304E+04 -0.23304E+04
 Top Flux [L/T]      0.42610E-03
 Bot Flux [L/T]     -0.39090E-04
 WatBalT  [L]        0.14192E+01
 WatBalR  [%]              1.651
----------------------------------------------------------

----------------------------------------------------------
 Time       [T]      467.0000
----------------------------------------------------------
 Sub-region num.                     1
----------------------------------------------------------
 Length   [L]        0.15000E+03  0.15000E+03
 W-volume [L]        0.30334E+02  0.30334E+02
 In-flow  [L/T]     -0.38862E-04 -0.38862E-04
 h Mean   [L]       -0.22905E+04 -0.22905E+04
 Top Flux [L/T]      0.41952E-03
 Bot Flux [L/T]     -0.39090E-04
 WatBalT  [L]        0.14192E+01
 WatBalR  [%]              1.651
----------------------------------------------------------

----------------------------------------------------------
 Time       [T]      468.0000
----------------------------------------------------------
 Sub-region num.                     1
----------------------------------------------------------
 Length   [L]        0.15000E+03  0.15000E+03
 W-volume [L]        0.30334E+02  0.30334E+02
 In-flow  [L/T]     -0.39324E-04 -0.39324E-04
 h Mean   [L]       -0.22562E+04 -0.22562E+04
 Top Flux [L/T]      0.41392E-03
 Bot Flux [L/T]     -0.39095E-04
 WatBalT  [L]        0.14192E+01
 WatBalR  [%]              1.651
----------------------------------------------------------

----------------------------------------------------------
 Time       [T]      469.0000
----------------------------------------------------------
 Sub-region num.                     1
----------------------------------------------------------
 Length   [L]        0.15000E+03  0.15000E+03
 W-volume [L]        0.30334E+02  0.30334E+02
 In-flow  [L/T]     -0.38952E-04 -0.38952E-04
 h Mean   [L]       -0.22265E+04 -0.22265E+04
 Top Flux [L/T]      0.40950E-03
 Bot Flux [L/T]     -0.39085E-04
 WatBalT  [L]        0.14192E+01
 WatBalR  [%]              1.651
----------------------------------------------------------

----------------------------------------------------------
 Time       [T]      470.0000
----------------------------------------------------------
 Sub-region num.                     1
----------------------------------------------------------
 Length   [L]        0.15000E+03  0.15000E+03
 W-volume [L]        0.30334E+02  0.30334E+02
 In-flow  [L/T]     -0.38698E-04 -0.38698E-04
 h Mean   [L]       -0.22005E+04 -0.22005E+04
 Top Flux [L/T]      0.40610E-03
 Bot Flux [L/T]     -0.39076E-04
 WatBalT  [L]        0.14192E+01
 WatBalR  [%]              1.651
----------------------------------------------------------

----------------------------------------------------------
 Time       [T]      471.0000
----------------------------------------------------------
 Sub-region num.                     1
----------------------------------------------------------
 Length   [L]        0.15000E+03  0.15000E+03
 W-volume [L]        0.30334E+02  0.30334E+02
 In-flow  [L/T]     -0.38669E-04 -0.38669E-04
 h Mean   [L]       -0.21775E+04 -0.21775E+04
 Top Flux [L/T]      0.40329E-03
 Bot Flux [L/T]     -0.39085E-04
 WatBalT  [L]        0.14192E+01
 WatBalR  [%]              1.651
----------------------------------------------------------

----------------------------------------------------------
 Time       [T]      472.0000
----------------------------------------------------------
 Sub-region num.                     1
----------------------------------------------------------
 Length   [L]        0.15000E+03  0.15000E+03
 W-volume [L]        0.30334E+02  0.30334E+02
 In-flow  [L/T]     -0.38743E-04 -0.38743E-04
 h Mean   [L]       -0.21570E+04 -0.21570E+04
 Top Flux [L/T]      0.40080E-03
 Bot Flux [L/T]     -0.39085E-04
 WatBalT  [L]        0.14192E+01
 WatBalR  [%]              1.651
----------------------------------------------------------

----------------------------------------------------------
 Time       [T]      473.0000
----------------------------------------------------------
 Sub-region num.                     1
----------------------------------------------------------
 Length   [L]        0.15000E+03  0.15000E+03
 W-volume [L]        0.30334E+02  0.30334E+02
 In-flow  [L/T]     -0.39160E-04 -0.39160E-04
 h Mean   [L]       -0.21387E+04 -0.21387E+04
 Top Flux [L/T]      0.39844E-03
 Bot Flux [L/T]     -0.39090E-04
 WatBalT  [L]        0.14192E+01
 WatBalR  [%]              1.651
----------------------------------------------------------

----------------------------------------------------------
 Time       [T]      474.0000
----------------------------------------------------------
 Sub-region num.                     1
----------------------------------------------------------
 Length   [L]        0.15000E+03  0.15000E+03
 W-volume [L]        0.30334E+02  0.30334E+02
 In-flow  [L/T]     -0.38490E-04 -0.38490E-04
 h Mean   [L]       -0.21222E+04 -0.21222E+04
 Top Flux [L/T]      0.39611E-03
 Bot Flux [L/T]     -0.39090E-04
 WatBalT  [L]        0.14192E+01
 WatBalR  [%]              1.651
----------------------------------------------------------

----------------------------------------------------------
 Time       [T]      475.0000
----------------------------------------------------------
 Sub-region num.                     1
----------------------------------------------------------
 Length   [L]        0.15000E+03  0.15000E+03
 W-volume [L]        0.30334E+02  0.30334E+02
 In-flow  [L/T]     -0.39190E-04 -0.39190E-04
 h Mean   [L]       -0.21073E+04 -0.21073E+04
 Top Flux [L/T]      0.39371E-03
 Bot Flux [L/T]     -0.39095E-04
 WatBalT  [L]        0.14192E+01
 WatBalR  [%]              1.651
----------------------------------------------------------

----------------------------------------------------------
 Time       [T]      476.0000
----------------------------------------------------------
 Sub-region num.                     1
----------------------------------------------------------
 Length   [L]        0.15000E+03  0.15000E+03
 W-volume [L]        0.30334E+02  0.30334E+02
 In-flow  [L/T]     -0.39116E-04 -0.39116E-04
 h Mean   [L]       -0.20938E+04 -0.20938E+04
 Top Flux [L/T]      0.39122E-03
 Bot Flux [L/T]     -0.39076E-04
 WatBalT  [L]        0.14192E+01
 WatBalR  [%]              1.651
----------------------------------------------------------

----------------------------------------------------------
 Time       [T]      477.0000
----------------------------------------------------------
 Sub-region num.                     1
----------------------------------------------------------
 Length   [L]        0.15000E+03  0.15000E+03
 W-volume [L]        0.30334E+02  0.30334E+02
 In-flow  [L/T]     -0.39250E-04 -0.39250E-04
 h Mean   [L]       -0.20815E+04 -0.20815E+04
 Top Flux [L/T]      0.38858E-03
 Bot Flux [L/T]     -0.39085E-04
 WatBalT  [L]        0.14192E+01
 WatBalR  [%]              1.651
----------------------------------------------------------

----------------------------------------------------------
 Time       [T]      478.0000
----------------------------------------------------------
 Sub-region num.                     1
----------------------------------------------------------
 Length   [L]        0.15000E+03  0.15000E+03
 W-volume [L]        0.30334E+02  0.30334E+02
 In-flow  [L/T]     -0.38579E-04 -0.38579E-04
 h Mean   [L]       -0.20703E+04 -0.20703E+04
 Top Flux [L/T]      0.38578E-03
 Bot Flux [L/T]     -0.39080E-04
 WatBalT  [L]        0.14192E+01
 WatBalR  [%]              1.651
----------------------------------------------------------

----------------------------------------------------------
 Time       [T]      479.0000
----------------------------------------------------------
 Sub-region num.                     1
----------------------------------------------------------
 Length   [L]        0.15000E+03  0.15000E+03
 W-volume [L]        0.30334E+02  0.30334E+02
 In-flow  [L/T]     -0.38758E-04 -0.38758E-04
 h Mean   [L]       -0.20600E+04 -0.20600E+04
 Top Flux [L/T]      0.38279E-03
 Bot Flux [L/T]     -0.39094E-04
 WatBalT  [L]        0.14192E+01
 WatBalR  [%]              1.651
----------------------------------------------------------

----------------------------------------------------------
 Time       [T]      480.0000
----------------------------------------------------------
 Sub-region num.                     1
----------------------------------------------------------
 Length   [L]        0.15000E+03  0.15000E+03
 W-volume [L]        0.30334E+02  0.30334E+02
 In-flow  [L/T]     -0.38564E-04 -0.38564E-04
 h Mean   [L]       -0.20506E+04 -0.20506E+04
 Top Flux [L/T]      0.37962E-03
 Bot Flux [L/T]     -0.39085E-04
 WatBalT  [L]        0.14192E+01
 WatBalR  [%]              1.651
----------------------------------------------------------

----------------------------------------------------------
 Time       [T]      481.0000
----------------------------------------------------------
 Sub-region num.                     1
----------------------------------------------------------
 Length   [L]        0.15000E+03  0.15000E+03
 W-volume [L]        0.30334E+02  0.30334E+02
 In-flow  [L/T]     -0.38862E-04 -0.38862E-04
 h Mean   [L]       -0.20419E+04 -0.20419E+04
 Top Flux [L/T]      0.37624E-03
 Bot Flux [L/T]     -0.39075E-04
 WatBalT  [L]        0.14192E+01
 WatBalR  [%]              1.651
----------------------------------------------------------

----------------------------------------------------------
 Time       [T]      482.0000
----------------------------------------------------------
 Sub-region num.                     1
----------------------------------------------------------
 Length   [L]        0.15000E+03  0.15000E+03
 W-volume [L]        0.30334E+02  0.30334E+02
 In-flow  [L/T]     -0.38221E-04 -0.38221E-04
 h Mean   [L]       -0.20338E+04 -0.20338E+04
 Top Flux [L/T]      0.37264E-03
 Bot Flux [L/T]     -0.39085E-04
 WatBalT  [L]        0.14192E+01
 WatBalR  [%]              1.651
----------------------------------------------------------

----------------------------------------------------------
 Time       [T]      483.0000
----------------------------------------------------------
 Sub-region num.                     1
----------------------------------------------------------
 Length   [L]        0.15000E+03  0.15000E+03
 W-volume [L]        0.30334E+02  0.30334E+02
 In-flow  [L/T]     -0.38758E-04 -0.38758E-04
 h Mean   [L]       -0.20263E+04 -0.20263E+04
 Top Flux [L/T]      0.36883E-03
 Bot Flux [L/T]     -0.39070E-04
 WatBalT  [L]        0.14192E+01
 WatBalR  [%]              1.651
----------------------------------------------------------

----------------------------------------------------------
 Time       [T]      484.0000
----------------------------------------------------------
 Sub-region num.                     1
----------------------------------------------------------
 Length   [L]        0.15000E+03  0.15000E+03
 W-volume [L]        0.30334E+02  0.30334E+02
 In-flow  [L/T]     -0.38654E-04 -0.38654E-04
 h Mean   [L]       -0.20194E+04 -0.20194E+04
 Top Flux [L/T]      0.36480E-03
 Bot Flux [L/T]     -0.39065E-04
 WatBalT  [L]        0.14192E+01
 WatBalR  [%]              1.651
----------------------------------------------------------

----------------------------------------------------------
 Time       [T]      485.0000
----------------------------------------------------------
 Sub-region num.                     1
----------------------------------------------------------
 Length   [L]        0.15000E+03  0.15000E+03
 W-volume [L]        0.30334E+02  0.30334E+02
 In-flow  [L/T]     -0.39250E-04 -0.39250E-04
 h Mean   [L]       -0.20130E+04 -0.20130E+04
 Top Flux [L/T]      0.36055E-03
 Bot Flux [L/T]     -0.39094E-04
 WatBalT  [L]        0.14192E+01
 WatBalR  [%]              1.651
----------------------------------------------------------

----------------------------------------------------------
 Time       [T]      486.0000
----------------------------------------------------------
 Sub-region num.                     1
----------------------------------------------------------
 Length   [L]        0.15000E+03  0.15000E+03
 W-volume [L]        0.30334E+02  0.30334E+02
 In-flow  [L/T]     -0.39130E-04 -0.39130E-04
 h Mean   [L]       -0.20070E+04 -0.20070E+04
 Top Flux [L/T]      0.35609E-03
 Bot Flux [L/T]     -0.39084E-04
 WatBalT  [L]        0.14192E+01
 WatBalR  [%]              1.651
----------------------------------------------------------

----------------------------------------------------------
 Time       [T]      487.0000
----------------------------------------------------------
 Sub-region num.                     1
----------------------------------------------------------
 Length   [L]        0.15000E+03  0.15000E+03
 W-volume [L]        0.30334E+02  0.30334E+02
 In-flow  [L/T]     -0.38698E-04 -0.38698E-04
 h Mean   [L]       -0.20013E+04 -0.20013E+04
 Top Flux [L/T]      0.35142E-03
 Bot Flux [L/T]     -0.39089E-04
 WatBalT  [L]        0.14192E+01
 WatBalR  [%]              1.651
----------------------------------------------------------

----------------------------------------------------------
 Time       [T]      488.0000
----------------------------------------------------------
 Sub-region num.                     1
----------------------------------------------------------
 Length   [L]        0.15000E+03  0.15000E+03
 W-volume [L]        0.30334E+02  0.30334E+02
 In-flow  [L/T]     -0.38862E-04 -0.38862E-04
 h Mean   [L]       -0.19961E+04 -0.19961E+04
 Top Flux [L/T]      0.34657E-03
 Bot Flux [L/T]     -0.39080E-04
 WatBalT  [L]        0.14192E+01
 WatBalR  [%]              1.651
----------------------------------------------------------

----------------------------------------------------------
 Time       [T]      489.0000
----------------------------------------------------------
 Sub-region num.                     1
----------------------------------------------------------
 Length   [L]        0.15000E+03  0.15000E+03
 W-volume [L]        0.30334E+02  0.30334E+02
 In-flow  [L/T]     -0.39205E-04 -0.39205E-04
 h Mean   [L]       -0.19911E+04 -0.19911E+04
 Top Flux [L/T]      0.34151E-03
 Bot Flux [L/T]     -0.39094E-04
 WatBalT  [L]        0.14192E+01
 WatBalR  [%]              1.651
----------------------------------------------------------

----------------------------------------------------------
 Time       [T]      490.0000
----------------------------------------------------------
 Sub-region num.                     1
----------------------------------------------------------
 Length   [L]        0.15000E+03  0.15000E+03
 W-volume [L]        0.30334E+02  0.30334E+02
 In-flow  [L/T]     -0.38385E-04 -0.38385E-04
 h Mean   [L]       -0.19864E+04 -0.19864E+04
 Top Flux [L/T]      0.33626E-03
 Bot Flux [L/T]     -0.39084E-04
 WatBalT  [L]        0.14192E+01
 WatBalR  [%]              1.651
----------------------------------------------------------

----------------------------------------------------------
 Time       [T]      491.0000
----------------------------------------------------------
 Sub-region num.                     1
----------------------------------------------------------
 Length   [L]        0.15000E+03  0.15000E+03
 W-volume [L]        0.30334E+02  0.30334E+02
 In-flow  [L/T]     -0.38400E-04 -0.38400E-04
 h Mean   [L]       -0.19821E+04 -0.19821E+04
 Top Flux [L/T]      0.33101E-03
 Bot Flux [L/T]     -0.39084E-04
 WatBalT  [L]        0.14192E+01
 WatBalR  [%]              1.651
----------------------------------------------------------

----------------------------------------------------------
 Time       [T]      492.0000
----------------------------------------------------------
 Sub-region num.                     1
----------------------------------------------------------
 Length   [L]        0.15000E+03  0.15000E+03
 W-volume [L]        0.30333E+02  0.30333E+02
 In-flow  [L/T]     -0.38847E-04 -0.38847E-04
 h Mean   [L]       -0.19780E+04 -0.19780E+04
 Top Flux [L/T]      0.32586E-03
 Bot Flux [L/T]     -0.39094E-04
 WatBalT  [L]        0.14192E+01
 WatBalR  [%]              1.651
----------------------------------------------------------

----------------------------------------------------------
 Time       [T]      493.0000
----------------------------------------------------------
 Sub-region num.                     1
----------------------------------------------------------
 Length   [L]        0.15000E+03  0.15000E+03
 W-volume [L]        0.30333E+02  0.30333E+02
 In-flow  [L/T]     -0.39041E-04 -0.39041E-04
 h Mean   [L]       -0.19742E+04 -0.19742E+04
 Top Flux [L/T]      0.32076E-03
 Bot Flux [L/T]     -0.39084E-04
 WatBalT  [L]        0.14192E+01
 WatBalR  [%]              1.651
----------------------------------------------------------

----------------------------------------------------------
 Time       [T]      494.0000
----------------------------------------------------------
 Sub-region num.                     1
----------------------------------------------------------
 Length   [L]        0.15000E+03  0.15000E+03
 W-volume [L]        0.30333E+02  0.30333E+02
 In-flow  [L/T]     -0.39086E-04 -0.39086E-04
 h Mean   [L]       -0.19705E+04 -0.19705E+04
 Top Flux [L/T]      0.31562E-03
 Bot Flux [L/T]     -0.39084E-04
 WatBalT  [L]        0.14192E+01
 WatBalR  [%]              1.651
----------------------------------------------------------

----------------------------------------------------------
 Time       [T]      495.0000
----------------------------------------------------------
 Sub-region num.                     1
----------------------------------------------------------
 Length   [L]        0.15000E+03  0.15000E+03
 W-volume [L]        0.30333E+02  0.30333E+02
 In-flow  [L/T]     -0.38981E-04 -0.38981E-04
 h Mean   [L]       -0.19670E+04 -0.19670E+04
 Top Flux [L/T]      0.31037E-03
 Bot Flux [L/T]     -0.39084E-04
 WatBalT  [L]        0.14192E+01
 WatBalR  [%]              1.651
----------------------------------------------------------

----------------------------------------------------------
 Time       [T]      496.0000
----------------------------------------------------------
 Sub-region num.                     1
----------------------------------------------------------
 Length   [L]        0.15000E+03  0.15000E+03
 W-volume [L]        0.30333E+02  0.30333E+02
 In-flow  [L/T]     -0.39354E-04 -0.39354E-04
 h Mean   [L]       -0.19637E+04 -0.19637E+04
 Top Flux [L/T]      0.30498E-03
 Bot Flux [L/T]     -0.39079E-04
 WatBalT  [L]        0.14192E+01
 WatBalR  [%]              1.651
----------------------------------------------------------

----------------------------------------------------------
 Time       [T]      497.0000
----------------------------------------------------------
 Sub-region num.                     1
----------------------------------------------------------
 Length   [L]        0.15000E+03  0.15000E+03
 W-volume [L]        0.30333E+02  0.30333E+02
 In-flow  [L/T]     -0.39682E-04 -0.39682E-04
 h Mean   [L]       -0.19606E+04 -0.19606E+04
 Top Flux [L/T]      0.29963E-03
 Bot Flux [L/T]     -0.39079E-04
 WatBalT  [L]        0.14192E+01
 WatBalR  [%]              1.651
----------------------------------------------------------

----------------------------------------------------------
 Time       [T]      498.0000
----------------------------------------------------------
 Sub-region num.                     1
----------------------------------------------------------
 Length   [L]        0.15000E+03  0.15000E+03
 W-volume [L]        0.30333E+02  0.30333E+02
 In-flow  [L/T]     -0.39637E-04 -0.39637E-04
 h Mean   [L]       -0.19577E+04 -0.19577E+04
 Top Flux [L/T]      0.29511E-03
 Bot Flux [L/T]     -0.39079E-04
 WatBalT  [L]        0.14192E+01
 WatBalR  [%]              1.651
----------------------------------------------------------

----------------------------------------------------------
 Time       [T]      499.0000
----------------------------------------------------------
 Sub-region num.                     1
----------------------------------------------------------
 Length   [L]        0.15000E+03  0.15000E+03
 W-volume [L]        0.30333E+02  0.30333E+02
 In-flow  [L/T]     -0.38922E-04 -0.38922E-04
 h Mean   [L]       -0.19549E+04 -0.19549E+04
 Top Flux [L/T]      0.28967E-03
 Bot Flux [L/T]     -0.39084E-04
 WatBalT  [L]        0.14192E+01
 WatBalR  [%]              1.651
----------------------------------------------------------

----------------------------------------------------------
 Time       [T]      500.0000
----------------------------------------------------------
 Sub-region num.                     1
----------------------------------------------------------
 Length   [L]        0.15000E+03  0.15000E+03
 W-volume [L]        0.30333E+02  0.30333E+02
 In-flow  [L/T]     -0.39354E-04 -0.39354E-04
 h Mean   [L]       -0.19523E+04 -0.19523E+04
 Top Flux [L/T]      0.28368E-03
 Bot Flux [L/T]     -0.39098E-04
 WatBalT  [L]        0.14192E+01
 WatBalR  [%]              1.651
----------------------------------------------------------

----------------------------------------------------------
 Time       [T]      501.0000
----------------------------------------------------------
 Sub-region num.                     1
----------------------------------------------------------
 Length   [L]        0.15000E+03  0.15000E+03
 W-volume [L]        0.30333E+02  0.30333E+02
 In-flow  [L/T]     -0.39533E-04 -0.39533E-04
 h Mean   [L]       -0.19497E+04 -0.19497E+04
 Top Flux [L/T]      0.27735E-03
 Bot Flux [L/T]     -0.39084E-04
 WatBalT  [L]        0.14192E+01
 WatBalR  [%]              1.651
----------------------------------------------------------

----------------------------------------------------------
 Time       [T]      502.0000
----------------------------------------------------------
 Sub-region num.                     1
----------------------------------------------------------
 Length   [L]        0.15000E+03  0.15000E+03
 W-volume [L]        0.30333E+02  0.30333E+02
 In-flow  [L/T]     -0.38505E-04 -0.38505E-04
 h Mean   [L]       -0.19471E+04 -0.19471E+04
 Top Flux [L/T]      0.27084E-03
 Bot Flux [L/T]     -0.39079E-04
 WatBalT  [L]        0.14192E+01
 WatBalR  [%]              1.651
----------------------------------------------------------

----------------------------------------------------------
 Time       [T]      503.0000
----------------------------------------------------------
 Sub-region num.                     1
----------------------------------------------------------
 Length   [L]        0.15000E+03  0.15000E+03
 W-volume [L]        0.30333E+02  0.30333E+02
 In-flow  [L/T]     -0.39324E-04 -0.39324E-04
 h Mean   [L]       -0.19447E+04 -0.19447E+04
 Top Flux [L/T]      0.26431E-03
 Bot Flux [L/T]     -0.39093E-04
 WatBalT  [L]        0.14192E+01
 WatBalR  [%]              1.651
----------------------------------------------------------

----------------------------------------------------------
 Time       [T]      504.0000
----------------------------------------------------------
 Sub-region num.                     1
----------------------------------------------------------
 Length   [L]        0.15000E+03  0.15000E+03
 W-volume [L]        0.30333E+02  0.30333E+02
 In-flow  [L/T]     -0.39190E-04 -0.39190E-04
 h Mean   [L]       -0.19423E+04 -0.19423E+04
 Top Flux [L/T]      0.25786E-03
 Bot Flux [L/T]     -0.39102E-04
 WatBalT  [L]        0.14192E+01
 WatBalR  [%]              1.651
----------------------------------------------------------

----------------------------------------------------------
 Time       [T]      505.0000
----------------------------------------------------------
 Sub-region num.                     1
----------------------------------------------------------
 Length   [L]        0.15000E+03  0.15000E+03
 W-volume [L]        0.30333E+02  0.30333E+02
 In-flow  [L/T]     -0.38952E-04 -0.38952E-04
 h Mean   [L]       -0.19401E+04 -0.19401E+04
 Top Flux [L/T]      0.25678E-03
 Bot Flux [L/T]     -0.39083E-04
 WatBalT  [L]        0.14192E+01
 WatBalR  [%]              1.651
----------------------------------------------------------

----------------------------------------------------------
 Time       [T]      506.0000
----------------------------------------------------------
 Sub-region num.                     1
----------------------------------------------------------
 Length   [L]        0.15000E+03  0.15000E+03
 W-volume [L]        0.30333E+02  0.30333E+02
 In-flow  [L/T]     -0.38862E-04 -0.38862E-04
 h Mean   [L]       -0.19379E+04 -0.19379E+04
 Top Flux [L/T]      0.25652E-03
 Bot Flux [L/T]     -0.39078E-04
 WatBalT  [L]        0.14192E+01
 WatBalR  [%]              1.651
----------------------------------------------------------

----------------------------------------------------------
 Time       [T]      507.0000
----------------------------------------------------------
 Sub-region num.                     1
----------------------------------------------------------
 Length   [L]        0.15000E+03  0.15000E+03
 W-volume [L]        0.30333E+02  0.30333E+02
 In-flow  [L/T]     -0.38952E-04 -0.38952E-04
 h Mean   [L]       -0.19358E+04 -0.19358E+04
 Top Flux [L/T]      0.25324E-03
 Bot Flux [L/T]     -0.39078E-04
 WatBalT  [L]        0.14192E+01
 WatBalR  [%]              1.651
----------------------------------------------------------

----------------------------------------------------------
 Time       [T]      508.0000
----------------------------------------------------------
 Sub-region num.                     1
----------------------------------------------------------
 Length   [L]        0.15000E+03  0.15000E+03
 W-volume [L]        0.30333E+02  0.30333E+02
 In-flow  [L/T]     -0.38922E-04 -0.38922E-04
 h Mean   [L]       -0.19337E+04 -0.19337E+04
 Top Flux [L/T]      0.24748E-03
 Bot Flux [L/T]     -0.39097E-04
 WatBalT  [L]        0.14192E+01
 WatBalR  [%]              1.651
----------------------------------------------------------

----------------------------------------------------------
 Time       [T]      509.0000
----------------------------------------------------------
 Sub-region num.                     1
----------------------------------------------------------
 Length   [L]        0.15000E+03  0.15000E+03
 W-volume [L]        0.30333E+02  0.30333E+02
 In-flow  [L/T]     -0.39369E-04 -0.39369E-04
 h Mean   [L]       -0.19317E+04 -0.19317E+04
 Top Flux [L/T]      0.23993E-03
 Bot Flux [L/T]     -0.39083E-04
 WatBalT  [L]        0.14192E+01
 WatBalR  [%]              1.651
----------------------------------------------------------

----------------------------------------------------------
 Time       [T]      510.0000
----------------------------------------------------------
 Sub-region num.                     1
----------------------------------------------------------
 Length   [L]        0.15000E+03  0.15000E+03
 W-volume [L]        0.30333E+02  0.30333E+02
 In-flow  [L/T]     -0.39667E-04 -0.39667E-04
 h Mean   [L]       -0.19297E+04 -0.19297E+04
 Top Flux [L/T]      0.22942E-03
 Bot Flux [L/T]     -0.39074E-04
 WatBalT  [L]        0.14192E+01
 WatBalR  [%]              1.651
----------------------------------------------------------

----------------------------------------------------------
 Time       [T]      511.0000
----------------------------------------------------------
 Sub-region num.                     1
----------------------------------------------------------
 Length   [L]        0.15000E+03  0.15000E+03
 W-volume [L]        0.30333E+02  0.30333E+02
 In-flow  [L/T]     -0.39101E-04 -0.39101E-04
 h Mean   [L]       -0.19280E+04 -0.19280E+04
 Top Flux [L/T]      0.21630E-03
 Bot Flux [L/T]     -0.39083E-04
 WatBalT  [L]        0.14192E+01
 WatBalR  [%]              1.651
----------------------------------------------------------

----------------------------------------------------------
 Time       [T]      512.0000
----------------------------------------------------------
 Sub-region num.                     1
----------------------------------------------------------
 Length   [L]        0.15000E+03  0.15000E+03
 W-volume [L]        0.30333E+02  0.30333E+02
 In-flow  [L/T]     -0.38862E-04 -0.38862E-04
 h Mean   [L]       -0.19262E+04 -0.19262E+04
 Top Flux [L/T]      0.20403E-03
 Bot Flux [L/T]     -0.39069E-04
 WatBalT  [L]        0.14192E+01
 WatBalR  [%]              1.651
----------------------------------------------------------

----------------------------------------------------------
 Time       [T]      513.0000
----------------------------------------------------------
 Sub-region num.                     1
----------------------------------------------------------
 Length   [L]        0.15000E+03  0.15000E+03
 W-volume [L]        0.30333E+02  0.30333E+02
 In-flow  [L/T]     -0.39041E-04 -0.39041E-04
 h Mean   [L]       -0.19245E+04 -0.19245E+04
 Top Flux [L/T]      0.19291E-03
 Bot Flux [L/T]     -0.39083E-04
 WatBalT  [L]        0.14192E+01
 WatBalR  [%]              1.651
----------------------------------------------------------

----------------------------------------------------------
 Time       [T]      514.0000
----------------------------------------------------------
 Sub-region num.                     1
----------------------------------------------------------
 Length   [L]        0.15000E+03  0.15000E+03
 W-volume [L]        0.30333E+02  0.30333E+02
 In-flow  [L/T]     -0.38832E-04 -0.38832E-04
 h Mean   [L]       -0.19229E+04 -0.19229E+04
 Top Flux [L/T]      0.18285E-03
 Bot Flux [L/T]     -0.39073E-04
 WatBalT  [L]        0.14192E+01
 WatBalR  [%]              1.651
----------------------------------------------------------

----------------------------------------------------------
 Time       [T]      515.0000
----------------------------------------------------------
 Sub-region num.                     1
----------------------------------------------------------
 Length   [L]        0.15000E+03  0.15000E+03
 W-volume [L]        0.30333E+02  0.30333E+02
 In-flow  [L/T]     -0.38415E-04 -0.38415E-04
 h Mean   [L]       -0.19213E+04 -0.19213E+04
 Top Flux [L/T]      0.18366E-03
 Bot Flux [L/T]     -0.39078E-04
 WatBalT  [L]        0.14192E+01
 WatBalR  [%]              1.651
----------------------------------------------------------

----------------------------------------------------------
 Time       [T]      516.0000
----------------------------------------------------------
 Sub-region num.                     1
----------------------------------------------------------
 Length   [L]        0.15000E+03  0.15000E+03
 W-volume [L]        0.30333E+02  0.30333E+02
 In-flow  [L/T]     -0.38683E-04 -0.38683E-04
 h Mean   [L]       -0.19198E+04 -0.19198E+04
 Top Flux [L/T]      0.18716E-03
 Bot Flux [L/T]     -0.39083E-04
 WatBalT  [L]        0.14192E+01
 WatBalR  [%]              1.651
----------------------------------------------------------

----------------------------------------------------------
 Time       [T]      517.0000
----------------------------------------------------------
 Sub-region num.                     1
----------------------------------------------------------
 Length   [L]        0.15000E+03  0.15000E+03
 W-volume [L]        0.30333E+02  0.30333E+02
 In-flow  [L/T]     -0.39130E-04 -0.39130E-04
 h Mean   [L]       -0.19185E+04 -0.19185E+04
 Top Flux [L/T]      0.18806E-03
 Bot Flux [L/T]     -0.39063E-04
 WatBalT  [L]        0.14192E+01
 WatBalR  [%]              1.651
----------------------------------------------------------

----------------------------------------------------------
 Time       [T]      518.0000
----------------------------------------------------------
 Sub-region num.                     1
----------------------------------------------------------
 Length   [L]        0.15000E+03  0.15000E+03
 W-volume [L]        0.30332E+02  0.30332E+02
 In-flow  [L/T]     -0.38892E-04 -0.38892E-04
 h Mean   [L]       -0.19171E+04 -0.19171E+04
 Top Flux [L/T]      0.18674E-03
 Bot Flux [L/T]     -0.39082E-04
 WatBalT  [L]        0.14192E+01
 WatBalR  [%]              1.651
----------------------------------------------------------

----------------------------------------------------------
 Time       [T]      519.0000
----------------------------------------------------------
 Sub-region num.                     1
----------------------------------------------------------
 Length   [L]        0.15000E+03  0.15000E+03
 W-volume [L]        0.30332E+02  0.30332E+02
 In-flow  [L/T]     -0.38892E-04 -0.38892E-04
 h Mean   [L]       -0.19157E+04 -0.19157E+04
 Top Flux [L/T]      0.18383E-03
 Bot Flux [L/T]     -0.39087E-04
 WatBalT  [L]        0.14192E+01
 WatBalR  [%]              1.651
----------------------------------------------------------

----------------------------------------------------------
 Time       [T]      520.0000
----------------------------------------------------------
 Sub-region num.                     1
----------------------------------------------------------
 Length   [L]        0.15000E+03  0.15000E+03
 W-volume [L]        0.30332E+02  0.30332E+02
 In-flow  [L/T]     -0.38624E-04 -0.38624E-04
 h Mean   [L]       -0.19144E+04 -0.19144E+04
 Top Flux [L/T]      0.17985E-03
 Bot Flux [L/T]     -0.39082E-04
 WatBalT  [L]        0.14192E+01
 WatBalR  [%]              1.651
----------------------------------------------------------

----------------------------------------------------------
 Time       [T]      521.0000
----------------------------------------------------------
 Sub-region num.                     1
----------------------------------------------------------
 Length   [L]        0.15000E+03  0.15000E+03
 W-volume [L]        0.30332E+02  0.30332E+02
 In-flow  [L/T]     -0.38564E-04 -0.38564E-04
 h Mean   [L]       -0.19131E+04 -0.19131E+04
 Top Flux [L/T]      0.17518E-03
 Bot Flux [L/T]     -0.39063E-04
 WatBalT  [L]        0.14192E+01
 WatBalR  [%]              1.651
----------------------------------------------------------

----------------------------------------------------------
 Time       [T]      522.0000
----------------------------------------------------------
 Sub-region num.                     1
----------------------------------------------------------
 Length   [L]        0.15000E+03  0.15000E+03
 W-volume [L]        0.30332E+02  0.30332E+02
 In-flow  [L/T]     -0.39041E-04 -0.39041E-04
 h Mean   [L]       -0.19118E+04 -0.19118E+04
 Top Flux [L/T]      0.17013E-03
 Bot Flux [L/T]     -0.39082E-04
 WatBalT  [L]        0.14192E+01
 WatBalR  [%]              1.651
----------------------------------------------------------

----------------------------------------------------------
 Time       [T]      523.0000
----------------------------------------------------------
 Sub-region num.                     1
----------------------------------------------------------
 Length   [L]        0.15000E+03  0.15000E+03
 W-volume [L]        0.30332E+02  0.30332E+02
 In-flow  [L/T]     -0.38713E-04 -0.38713E-04
 h Mean   [L]       -0.19105E+04 -0.19105E+04
 Top Flux [L/T]      0.16487E-03
 Bot Flux [L/T]     -0.39077E-04
 WatBalT  [L]        0.14192E+01
 WatBalR  [%]              1.651
----------------------------------------------------------

----------------------------------------------------------
 Time       [T]      524.0000
----------------------------------------------------------
 Sub-region num.                     1
----------------------------------------------------------
 Length   [L]        0.15000E+03  0.15000E+03
 W-volume [L]        0.30332E+02  0.30332E+02
 In-flow  [L/T]     -0.39250E-04 -0.39250E-04
 h Mean   [L]       -0.19092E+04 -0.19092E+04
 Top Flux [L/T]      0.15955E-03
 Bot Flux [L/T]     -0.39073E-04
 WatBalT  [L]        0.14192E+01
 WatBalR  [%]              1.651
----------------------------------------------------------

----------------------------------------------------------
 Time       [T]      525.0000
----------------------------------------------------------
 Sub-region num.                     1
----------------------------------------------------------
 Length   [L]        0.15000E+03  0.15000E+03
 W-volume [L]        0.30332E+02  0.30332E+02
 In-flow  [L/T]     -0.39220E-04 -0.39220E-04
 h Mean   [L]       -0.19080E+04 -0.19080E+04
 Top Flux [L/T]      0.15426E-03
 Bot Flux [L/T]     -0.39082E-04
 WatBalT  [L]        0.14192E+01
 WatBalR  [%]              1.651
----------------------------------------------------------

----------------------------------------------------------
 Time       [T]      526.0000
----------------------------------------------------------
 Sub-region num.                     1
----------------------------------------------------------
 Length   [L]        0.15000E+03  0.15000E+03
 W-volume [L]        0.30332E+02  0.30332E+02
 In-flow  [L/T]     -0.39279E-04 -0.39279E-04
 h Mean   [L]       -0.19067E+04 -0.19067E+04
 Top Flux [L/T]      0.14906E-03
 Bot Flux [L/T]     -0.39087E-04
 WatBalT  [L]        0.14192E+01
 WatBalR  [%]              1.651
----------------------------------------------------------

----------------------------------------------------------
 Time       [T]      527.0000
----------------------------------------------------------
 Sub-region num.                     1
----------------------------------------------------------
 Length   [L]        0.15000E+03  0.15000E+03
 W-volume [L]        0.30332E+02  0.30332E+02
 In-flow  [L/T]     -0.38654E-04 -0.38654E-04
 h Mean   [L]       -0.19055E+04 -0.19055E+04
 Top Flux [L/T]      0.13951E-03
 Bot Flux [L/T]     -0.39091E-04
 WatBalT  [L]        0.14192E+01
 WatBalR  [%]              1.651
----------------------------------------------------------

----------------------------------------------------------
 Time       [T]      528.0000
----------------------------------------------------------
 Sub-region num.                     1
----------------------------------------------------------
 Length   [L]        0.15000E+03  0.15000E+03
 W-volume [L]        0.30332E+02  0.30332E+02
 In-flow  [L/T]     -0.39190E-04 -0.39190E-04
 h Mean   [L]       -0.19045E+04 -0.19045E+04
 Top Flux [L/T]      0.13002E-03
 Bot Flux [L/T]     -0.39077E-04
 WatBalT  [L]        0.14192E+01
 WatBalR  [%]              1.651
----------------------------------------------------------

----------------------------------------------------------
 Time       [T]      529.0000
----------------------------------------------------------
 Sub-region num.                     1
----------------------------------------------------------
 Length   [L]        0.15000E+03  0.15000E+03
 W-volume [L]        0.31678E+02  0.31678E+02
 In-flow  [L/T]      0.12043E+01  0.12043E+01
 h Mean   [L]       -0.16441E+04 -0.16441E+04
 Top Flux [L/T]     -0.15057E+01
 Bot Flux [L/T]     -0.39058E-04
 WatBalT  [L]        0.14273E+01
 WatBalR  [%]              1.628
----------------------------------------------------------

----------------------------------------------------------
 Time       [T]      530.0000
----------------------------------------------------------
 Sub-region num.                     1
----------------------------------------------------------
 Length   [L]        0.15000E+03  0.15000E+03
 W-volume [L]        0.32842E+02  0.32842E+02
 In-flow  [L/T]      0.11125E+01  0.11125E+01
 h Mean   [L]       -0.15391E+04 -0.15391E+04
 Top Flux [L/T]     -0.15164E+01
 Bot Flux [L/T]     -0.39063E-04
 WatBalT  [L]        0.14315E+01
 WatBalR  [%]              1.599
----------------------------------------------------------

----------------------------------------------------------
 Time       [T]      531.0000
----------------------------------------------------------
 Sub-region num.                     1
----------------------------------------------------------
 Length   [L]        0.15000E+03  0.15000E+03
 W-volume [L]        0.33961E+02  0.33961E+02
 In-flow  [L/T]      0.11078E+01  0.11078E+01
 h Mean   [L]       -0.14581E+04 -0.14581E+04
 Top Flux [L/T]     -0.15197E+01
 Bot Flux [L/T]     -0.39067E-04
 WatBalT  [L]        0.14316E+01
 WatBalR  [%]              1.565
----------------------------------------------------------

----------------------------------------------------------
 Time       [T]      532.0000
----------------------------------------------------------
 Sub-region num.                     1
----------------------------------------------------------
 Length   [L]        0.15000E+03  0.15000E+03
 W-volume [L]        0.35276E+02  0.35276E+02
 In-flow  [L/T]      0.13221E+01  0.13221E+01
 h Mean   [L]       -0.13831E+04 -0.13831E+04
 Top Flux [L/T]     -0.16460E+01
 Bot Flux [L/T]     -0.39063E-04
 WatBalT  [L]        0.14251E+01
 WatBalR  [%]              1.525
----------------------------------------------------------

----------------------------------------------------------
 Time       [T]      533.0000
----------------------------------------------------------
 Sub-region num.                     1
----------------------------------------------------------
 Length   [L]        0.15000E+03  0.15000E+03
 W-volume [L]        0.36437E+02  0.36437E+02
 In-flow  [L/T]      0.11534E+01  0.11534E+01
 h Mean   [L]       -0.13146E+04 -0.13146E+04
 Top Flux [L/T]     -0.15833E+01
 Bot Flux [L/T]     -0.39087E-04
 WatBalT  [L]        0.14327E+01
 WatBalR  [%]              1.501
----------------------------------------------------------

----------------------------------------------------------
 Time       [T]      534.0000
----------------------------------------------------------
 Sub-region num.                     1
----------------------------------------------------------
 Length   [L]        0.15000E+03  0.15000E+03
 W-volume [L]        0.39909E+02  0.39909E+02
 In-flow  [L/T]      0.34967E+01  0.34967E+01
 h Mean   [L]       -0.12042E+04 -0.12042E+04
 Top Flux [L/T]     -0.35918E+01
 Bot Flux [L/T]     -0.39058E-04
 WatBalT  [L]        0.14080E+01
 WatBalR  [%]              1.420
----------------------------------------------------------

----------------------------------------------------------
 Time       [T]      535.0000
----------------------------------------------------------
 Sub-region num.                     1
----------------------------------------------------------
 Length   [L]        0.15000E+03  0.15000E+03
 W-volume [L]        0.39680E+02  0.39680E+02
 In-flow  [L/T]     -0.23371E+00 -0.23371E+00
 h Mean   [L]       -0.11222E+04 -0.11222E+04
 Top Flux [L/T]     -0.15165E-01
 Bot Flux [L/T]     -0.39058E-04
 WatBalT  [L]        0.14129E+01
 WatBalR  [%]              1.422
----------------------------------------------------------

----------------------------------------------------------
 Time       [T]      536.0000
----------------------------------------------------------
 Sub-region num.                     1
----------------------------------------------------------
 Length   [L]        0.15000E+03  0.15000E+03
 W-volume [L]        0.39313E+02  0.39313E+02
 In-flow  [L/T]     -0.37596E+00 -0.37596E+00
 h Mean   [L]       -0.10843E+04 -0.10843E+04
 Top Flux [L/T]     -0.12666E-01
 Bot Flux [L/T]     -0.39077E-04
 WatBalT  [L]        0.14216E+01
 WatBalR  [%]              1.425
----------------------------------------------------------

----------------------------------------------------------
 Time       [T]      537.0000
----------------------------------------------------------
 Sub-region num.                     1
----------------------------------------------------------
 Length   [L]        0.15000E+03  0.15000E+03
 W-volume [L]        0.38898E+02  0.38898E+02
 In-flow  [L/T]     -0.41914E+00 -0.41914E+00
 h Mean   [L]       -0.10616E+04 -0.10616E+04
 Top Flux [L/T]     -0.12149E-01
 Bot Flux [L/T]     -0.39115E-04
 WatBalT  [L]        0.14260E+01
 WatBalR  [%]              1.423
----------------------------------------------------------

----------------------------------------------------------
 Time       [T]      538.0000
----------------------------------------------------------
 Sub-region num.                     1
----------------------------------------------------------
 Length   [L]        0.15000E+03  0.15000E+03
 W-volume [L]        0.38549E+02  0.38549E+02
 In-flow  [L/T]     -0.33532E+00 -0.33532E+00
 h Mean   [L]       -0.10460E+04 -0.10460E+04
 Top Flux [L/T]     -0.87341E-02
 Bot Flux [L/T]     -0.39110E-04
 WatBalT  [L]        0.14120E+01
 WatBalR  [%]              1.405
----------------------------------------------------------

----------------------------------------------------------
 Time       [T]      539.0000
----------------------------------------------------------
 Sub-region num.                     1
----------------------------------------------------------
 Length   [L]        0.15000E+03  0.15000E+03
 W-volume [L]        0.38153E+02  0.38153E+02
 In-flow  [L/T]     -0.42676E+00 -0.42676E+00
 h Mean   [L]       -0.10364E+04 -0.10364E+04
 Top Flux [L/T]     -0.11621E-01
 Bot Flux [L/T]     -0.39077E-04
 WatBalT  [L]        0.14425E+01
 WatBalR  [%]              1.429
----------------------------------------------------------

----------------------------------------------------------
 Time       [T]      540.0000
----------------------------------------------------------
 Sub-region num.                     1
----------------------------------------------------------
 Length   [L]        0.15000E+03  0.15000E+03
 W-volume [L]        0.37640E+02  0.37640E+02
 In-flow  [L/T]     -0.55630E+00 -0.55630E+00
 h Mean   [L]       -0.10354E+04 -0.10354E+04
 Top Flux [L/T]     -0.16740E-01
 Bot Flux [L/T]     -0.39072E-04
 WatBalT  [L]        0.14857E+01
 WatBalR  [%]              1.464
----------------------------------------------------------

----------------------------------------------------------
 Time       [T]      541.0000
----------------------------------------------------------
 Sub-region num.                     1
----------------------------------------------------------
 Length   [L]        0.15000E+03  0.15000E+03
 W-volume [L]        0.37118E+02  0.37118E+02
 In-flow  [L/T]     -0.48737E+00 -0.48737E+00
 h Mean   [L]       -0.10443E+04 -0.10443E+04
 Top Flux [L/T]     -0.14674E-01
 Bot Flux [L/T]     -0.39067E-04
 WatBalT  [L]        0.14355E+01
 WatBalR  [%]              1.408
----------------------------------------------------------

----------------------------------------------------------
 Time       [T]      542.0000
----------------------------------------------------------
 Sub-region num.                     1
----------------------------------------------------------
 Length   [L]        0.15000E+03  0.15000E+03
 W-volume [L]        0.36712E+02  0.36712E+02
 In-flow  [L/T]     -0.35632E+00 -0.35632E+00
 h Mean   [L]       -0.10597E+04 -0.10597E+04
 Top Flux [L/T]     -0.91353E-02
 Bot Flux [L/T]     -0.39067E-04
 WatBalT  [L]        0.13622E+01
 WatBalR  [%]              1.331
----------------------------------------------------------

----------------------------------------------------------
 Time       [T]      543.0000
----------------------------------------------------------
 Sub-region num.                     1
----------------------------------------------------------
 Length   [L]        0.15000E+03  0.15000E+03
 W-volume [L]        0.36416E+02  0.36416E+02
 In-flow  [L/T]     -0.28178E+00 -0.28178E+00
 h Mean   [L]       -0.10730E+04 -0.10730E+04
 Top Flux [L/T]     -0.42308E-02
 Bot Flux [L/T]     -0.39076E-04
 WatBalT  [L]        0.13307E+01
 WatBalR  [%]              1.297
----------------------------------------------------------

----------------------------------------------------------
 Time       [T]      544.0000
----------------------------------------------------------
 Sub-region num.                     1
----------------------------------------------------------
 Length   [L]        0.15000E+03  0.15000E+03
 W-volume [L]        0.36205E+02  0.36205E+02
 In-flow  [L/T]     -0.17483E+00 -0.17483E+00
 h Mean   [L]       -0.10808E+04 -0.10808E+04
 Top Flux [L/T]     -0.18141E-02
 Bot Flux [L/T]     -0.39091E-04
 WatBalT  [L]        0.12877E+01
 WatBalR  [%]              1.253
----------------------------------------------------------

----------------------------------------------------------
 Time       [T]      545.0000
----------------------------------------------------------
 Sub-region num.                     1
----------------------------------------------------------
 Length   [L]        0.15000E+03  0.15000E+03
 W-volume [L]        0.36071E+02  0.36071E+02
 In-flow  [L/T]     -0.10810E+00 -0.10810E+00
 h Mean   [L]       -0.10818E+04 -0.10818E+04
 Top Flux [L/T]     -0.76378E-03
 Bot Flux [L/T]     -0.39072E-04
 WatBalT  [L]        0.12600E+01
 WatBalR  [%]              1.225
----------------------------------------------------------

----------------------------------------------------------
 Time       [T]      546.0000
----------------------------------------------------------
 Sub-region num.                     1
----------------------------------------------------------
 Length   [L]        0.15000E+03  0.15000E+03
 W-volume [L]        0.35939E+02  0.35939E+02
 In-flow  [L/T]     -0.15859E+00 -0.15859E+00
 h Mean   [L]       -0.10842E+04 -0.10842E+04
 Top Flux [L/T]     -0.36957E-03
 Bot Flux [L/T]     -0.39091E-04
 WatBalT  [L]        0.12801E+01
 WatBalR  [%]              1.243
----------------------------------------------------------

----------------------------------------------------------
 Time       [T]      547.0000
----------------------------------------------------------
 Sub-region num.                     1
----------------------------------------------------------
 Length   [L]        0.15000E+03  0.15000E+03
 W-volume [L]        0.35815E+02  0.35815E+02
 In-flow  [L/T]     -0.10388E+00 -0.10388E+00
 h Mean   [L]       -0.10867E+04 -0.10867E+04
 Top Flux [L/T]     -0.15186E-03
 Bot Flux [L/T]     -0.39071E-04
 WatBalT  [L]        0.12572E+01
 WatBalR  [%]              1.219
----------------------------------------------------------

----------------------------------------------------------
 Time       [T]      548.0000
----------------------------------------------------------
 Sub-region num.                     1
----------------------------------------------------------
 Length   [L]        0.15000E+03  0.15000E+03
 W-volume [L]        0.35684E+02  0.35684E+02
 In-flow  [L/T]     -0.16253E+00 -0.16253E+00
 h Mean   [L]       -0.10898E+04 -0.10898E+04
 Top Flux [L/T]     -0.57535E-04
 Bot Flux [L/T]     -0.39076E-04
 WatBalT  [L]        0.13000E+01
 WatBalR  [%]              1.259
----------------------------------------------------------

----------------------------------------------------------
 Time       [T]      549.0000
----------------------------------------------------------
 Sub-region num.                     1
----------------------------------------------------------
 Length   [L]        0.15000E+03  0.15000E+03
 W-volume [L]        0.36757E+02  0.36757E+02
 In-flow  [L/T]      0.10030E+01  0.10030E+01
 h Mean   [L]       -0.10094E+04 -0.10094E+04
 Top Flux [L/T]     -0.13806E+01
 Bot Flux [L/T]     -0.39043E-04
 WatBalT  [L]        0.13068E+01
 WatBalR  [%]              1.244
----------------------------------------------------------

----------------------------------------------------------
 Time       [T]      550.0000
----------------------------------------------------------
 Sub-region num.                     1
----------------------------------------------------------
 Length   [L]        0.15000E+03  0.15000E+03
 W-volume [L]        0.36503E+02  0.36503E+02
 In-flow  [L/T]     -0.24642E+00 -0.24642E+00
 h Mean   [L]       -0.99946E+03 -0.99946E+03
 Top Flux [L/T]     -0.16129E-01
 Bot Flux [L/T]     -0.39086E-04
 WatBalT  [L]        0.12990E+01
 WatBalR  [%]              1.234
----------------------------------------------------------

----------------------------------------------------------
 Time       [T]      551.0000
----------------------------------------------------------
 Sub-region num.                     1
----------------------------------------------------------
 Length   [L]        0.15000E+03  0.15000E+03
 W-volume [L]        0.38958E+02  0.38958E+02
 In-flow  [L/T]      0.24477E+01  0.24477E+01
 h Mean   [L]       -0.95087E+03 -0.95087E+03
 Top Flux [L/T]     -0.27965E+01
 Bot Flux [L/T]     -0.39043E-04
 WatBalT  [L]        0.13061E+01
 WatBalR  [%]              1.205
----------------------------------------------------------

----------------------------------------------------------
 Time       [T]      552.0000
----------------------------------------------------------
 Sub-region num.                     1
----------------------------------------------------------
 Length   [L]        0.15000E+03  0.15000E+03
 W-volume [L]        0.38583E+02  0.38583E+02
 In-flow  [L/T]     -0.37596E+00 -0.37596E+00
 h Mean   [L]       -0.94039E+03 -0.94039E+03
 Top Flux [L/T]     -0.18512E-01
 Bot Flux [L/T]     -0.39071E-04
 WatBalT  [L]        0.13069E+01
 WatBalR  [%]              1.201
----------------------------------------------------------

----------------------------------------------------------
 Time       [T]      553.0000
----------------------------------------------------------
 Sub-region num.                     1
----------------------------------------------------------
 Length   [L]        0.15000E+03  0.15000E+03
 W-volume [L]        0.41192E+02  0.41192E+02
 In-flow  [L/T]      0.26143E+01  0.26143E+01
 h Mean   [L]       -0.90941E+03 -0.90941E+03
 Top Flux [L/T]     -0.29568E+01
 Bot Flux [L/T]     -0.39086E-04
 WatBalT  [L]        0.13013E+01
 WatBalR  [%]              1.161
----------------------------------------------------------

----------------------------------------------------------
 Time       [T]      554.0000
----------------------------------------------------------
 Sub-region num.                     1
----------------------------------------------------------
 Length   [L]        0.15000E+03  0.15000E+03
 W-volume [L]        0.40757E+02  0.40757E+02
 In-flow  [L/T]     -0.44454E+00 -0.44454E+00
 h Mean   [L]       -0.89965E+03 -0.89965E+03
 Top Flux [L/T]     -0.17553E-01
 Bot Flux [L/T]     -0.39090E-04
 WatBalT  [L]        0.13110E+01
 WatBalR  [%]              1.165
----------------------------------------------------------

----------------------------------------------------------
 Time       [T]      555.0000
----------------------------------------------------------
 Sub-region num.                     1
----------------------------------------------------------
 Length   [L]        0.15000E+03  0.15000E+03
 W-volume [L]        0.43091E+02  0.43091E+02
 In-flow  [L/T]      0.23317E+01  0.23317E+01
 h Mean   [L]       -0.87341E+03 -0.87341E+03
 Top Flux [L/T]     -0.27900E+01
 Bot Flux [L/T]     -0.39076E-04
 WatBalT  [L]        0.13139E+01
 WatBalR  [%]              1.135
----------------------------------------------------------

----------------------------------------------------------
 Time       [T]      556.0000
----------------------------------------------------------
 Sub-region num.                     1
----------------------------------------------------------
 Length   [L]        0.15000E+03  0.15000E+03
 W-volume [L]        0.42633E+02  0.42633E+02
 In-flow  [L/T]     -0.45724E+00 -0.45724E+00
 h Mean   [L]       -0.86278E+03 -0.86278E+03
 Top Flux [L/T]     -0.16984E-01
 Bot Flux [L/T]     -0.39086E-04
 WatBalT  [L]        0.13132E+01
 WatBalR  [%]              1.130
----------------------------------------------------------

----------------------------------------------------------
 Time       [T]      557.0000
----------------------------------------------------------
 Sub-region num.                     1
----------------------------------------------------------
 Length   [L]        0.15000E+03  0.15000E+03
 W-volume [L]        0.44953E+02  0.44953E+02
 In-flow  [L/T]      0.23164E+01  0.23164E+01
 h Mean   [L]       -0.83482E+03 -0.83482E+03
 Top Flux [L/T]     -0.27906E+01
 Bot Flux [L/T]     -0.39066E-04
 WatBalT  [L]        0.13166E+01
 WatBalR  [%]              1.101
----------------------------------------------------------

----------------------------------------------------------
 Time       [T]      558.0000
----------------------------------------------------------
 Sub-region num.                     1
----------------------------------------------------------
 Length   [L]        0.15000E+03  0.15000E+03
 W-volume [L]        0.45955E+02  0.45955E+02
 In-flow  [L/T]      0.10095E+01  0.10095E+01
 h Mean   [L]       -0.81002E+03 -0.81002E+03
 Top Flux [L/T]     -0.14422E+01
 Bot Flux [L/T]     -0.39090E-04
 WatBalT  [L]        0.13093E+01
 WatBalR  [%]              1.078
----------------------------------------------------------

----------------------------------------------------------
 Time       [T]      559.0000
----------------------------------------------------------
 Sub-region num.                     1
----------------------------------------------------------
 Length   [L]        0.15000E+03  0.15000E+03
 W-volume [L]        0.45519E+02  0.45519E+02
 In-flow  [L/T]     -0.43692E+00 -0.43692E+00
 h Mean   [L]       -0.79017E+03 -0.79017E+03
 Top Flux [L/T]     -0.14355E-01
 Bot Flux [L/T]     -0.39071E-04
 WatBalT  [L]        0.13103E+01
 WatBalR  [%]              1.075
----------------------------------------------------------

----------------------------------------------------------
 Time       [T]      560.0000
----------------------------------------------------------
 Sub-region num.                     1
----------------------------------------------------------
 Length   [L]        0.15000E+03  0.15000E+03
 W-volume [L]        0.45072E+02  0.45072E+02
 In-flow  [L/T]     -0.44962E+00 -0.44962E+00
 h Mean   [L]       -0.76979E+03 -0.76979E+03
 Top Flux [L/T]     -0.98868E-02
 Bot Flux [L/T]     -0.39095E-04
 WatBalT  [L]        0.13128E+01
 WatBalR  [%]              1.074
----------------------------------------------------------

----------------------------------------------------------
 Time       [T]      561.0000
----------------------------------------------------------
 Sub-region num.                     1
----------------------------------------------------------
 Length   [L]        0.15000E+03  0.15000E+03
 W-volume [L]        0.44641E+02  0.44641E+02
 In-flow  [L/T]     -0.42676E+00 -0.42676E+00
 h Mean   [L]       -0.75045E+03 -0.75045E+03
 Top Flux [L/T]     -0.81349E-02
 Bot Flux [L/T]     -0.39080E-04
 WatBalT  [L]        0.13082E+01
 WatBalR  [%]              1.066
----------------------------------------------------------

----------------------------------------------------------
 Time       [T]      562.0000
----------------------------------------------------------
 Sub-region num.                     1
----------------------------------------------------------
 Length   [L]        0.15000E+03  0.15000E+03
 W-volume [L]        0.44172E+02  0.44172E+02
 In-flow  [L/T]     -0.48264E+00 -0.48264E+00
 h Mean   [L]       -0.73459E+03 -0.73459E+03
 Top Flux [L/T]     -0.89013E-02
 Bot Flux [L/T]     -0.39066E-04
 WatBalT  [L]        0.13222E+01
 WatBalR  [%]              1.073
----------------------------------------------------------

----------------------------------------------------------
 Time       [T]      563.0000
----------------------------------------------------------
 Sub-region num.                     1
----------------------------------------------------------
 Length   [L]        0.15000E+03  0.15000E+03
 W-volume [L]        0.43703E+02  0.43703E+02
 In-flow  [L/T]     -0.46232E+00 -0.46232E+00
 h Mean   [L]       -0.72198E+03 -0.72198E+03
 Top Flux [L/T]     -0.83031E-02
 Bot Flux [L/T]     -0.39085E-04
 WatBalT  [L]        0.13154E+01
 WatBalR  [%]              1.064
----------------------------------------------------------

----------------------------------------------------------
 Time       [T]      564.0000
----------------------------------------------------------
 Sub-region num.                     1
----------------------------------------------------------
 Length   [L]        0.15000E+03  0.15000E+03
 W-volume [L]        0.43248E+02  0.43248E+02
 In-flow  [L/T]     -0.45216E+00 -0.45216E+00
 h Mean   [L]       -0.71249E+03 -0.71249E+03
 Top Flux [L/T]     -0.82264E-02
 Bot Flux [L/T]     -0.39071E-04
 WatBalT  [L]        0.13121E+01
 WatBalR  [%]              1.057
----------------------------------------------------------

----------------------------------------------------------
 Time       [T]      565.0000
----------------------------------------------------------
 Sub-region num.                     1
----------------------------------------------------------
 Length   [L]        0.15000E+03  0.15000E+03
 W-volume [L]        0.42834E+02  0.42834E+02
 In-flow  [L/T]     -0.37596E+00 -0.37596E+00
 h Mean   [L]       -0.70531E+03 -0.70531E+03
 Top Flux [L/T]     -0.67398E-02
 Bot Flux [L/T]     -0.39071E-04
 WatBalT  [L]        0.12739E+01
 WatBalR  [%]              1.023
----------------------------------------------------------

----------------------------------------------------------
 Time       [T]      566.0000
----------------------------------------------------------
 Sub-region num.                     1
----------------------------------------------------------
 Length   [L]        0.15000E+03  0.15000E+03
 W-volume [L]        0.42441E+02  0.42441E+02
 In-flow  [L/T]     -0.40898E+00 -0.40898E+00
 h Mean   [L]       -0.70045E+03 -0.70045E+03
 Top Flux [L/T]     -0.77403E-02
 Bot Flux [L/T]     -0.39080E-04
 WatBalT  [L]        0.12905E+01
 WatBalR  [%]              1.033
----------------------------------------------------------

----------------------------------------------------------
 Time       [T]      567.0000
----------------------------------------------------------
 Sub-region num.                     1
----------------------------------------------------------
 Length   [L]        0.15000E+03  0.15000E+03
 W-volume [L]        0.42030E+02  0.42030E+02
 In-flow  [L/T]     -0.41406E+00 -0.41406E+00
 h Mean   [L]       -0.69939E+03 -0.69939E+03
 Top Flux [L/T]     -0.82731E-02
 Bot Flux [L/T]     -0.39070E-04
 WatBalT  [L]        0.12930E+01
 WatBalR  [%]              1.032
----------------------------------------------------------

----------------------------------------------------------
 Time       [T]      568.0000
----------------------------------------------------------
 Sub-region num.                     1
----------------------------------------------------------
 Length   [L]        0.15000E+03  0.15000E+03
 W-volume [L]        0.41637E+02  0.41637E+02
 In-flow  [L/T]     -0.37088E+00 -0.37088E+00
 h Mean   [L]       -0.70212E+03 -0.70212E+03
 Top Flux [L/T]     -0.76637E-02
 Bot Flux [L/T]     -0.39089E-04
 WatBalT  [L]        0.12673E+01
 WatBalR  [%]              1.008
----------------------------------------------------------

----------------------------------------------------------
 Time       [T]      569.0000
----------------------------------------------------------
 Sub-region num.                     1
----------------------------------------------------------
 Length   [L]        0.15000E+03  0.15000E+03
 W-volume [L]        0.41276E+02  0.41276E+02
 In-flow  [L/T]     -0.36041E+00 -0.36041E+00
 h Mean   [L]       -0.70888E+03 -0.70888E+03
 Top Flux [L/T]     -0.62527E-02
 Bot Flux [L/T]     -0.39085E-04
 WatBalT  [L]        0.12561E+01
 WatBalR  [%]              0.997
----------------------------------------------------------

----------------------------------------------------------
 Time       [T]      570.0000
----------------------------------------------------------
 Sub-region num.                     1
----------------------------------------------------------
 Length   [L]        0.15000E+03  0.15000E+03
 W-volume [L]        0.40916E+02  0.40916E+02
 In-flow  [L/T]     -0.37881E+00 -0.37881E+00
 h Mean   [L]       -0.72114E+03 -0.72114E+03
 Top Flux [L/T]     -0.49305E-02
 Bot Flux [L/T]     -0.39089E-04
 WatBalT  [L]        0.12578E+01
 WatBalR  [%]              0.995
----------------------------------------------------------

----------------------------------------------------------
 Time       [T]      571.0000
----------------------------------------------------------
 Sub-region num.                     1
----------------------------------------------------------
 Length   [L]        0.15000E+03  0.15000E+03
 W-volume [L]        0.40568E+02  0.40568E+02
 In-flow  [L/T]     -0.35249E+00 -0.35249E+00
 h Mean   [L]       -0.73724E+03 -0.73724E+03
 Top Flux [L/T]     -0.32433E-02
 Bot Flux [L/T]     -0.39070E-04
 WatBalT  [L]        0.12400E+01
 WatBalR  [%]              0.979
----------------------------------------------------------

----------------------------------------------------------
 Time       [T]      572.0000
----------------------------------------------------------
 Sub-region num.                     1
----------------------------------------------------------
 Length   [L]        0.15000E+03  0.15000E+03
 W-volume [L]        0.40270E+02  0.40270E+02
 In-flow  [L/T]     -0.28807E+00 -0.28807E+00
 h Mean   [L]       -0.74967E+03 -0.74967E+03
 Top Flux [L/T]     -0.14850E-02
 Bot Flux [L/T]     -0.39070E-04
 WatBalT  [L]        0.12139E+01
 WatBalR  [%]              0.956
----------------------------------------------------------

----------------------------------------------------------
 Time       [T]      573.0000
----------------------------------------------------------
 Sub-region num.                     1
----------------------------------------------------------
 Length   [L]        0.15000E+03  0.15000E+03
 W-volume [L]        0.40048E+02  0.40048E+02
 In-flow  [L/T]     -0.18896E+00 -0.18896E+00
 h Mean   [L]       -0.75548E+03 -0.75548E+03
 Top Flux [L/T]     -0.72779E-03
 Bot Flux [L/T]     -0.39075E-04
 WatBalT  [L]        0.11738E+01
 WatBalR  [%]              0.923
----------------------------------------------------------

----------------------------------------------------------
 Time       [T]      574.0000
----------------------------------------------------------
 Sub-region num.                     1
----------------------------------------------------------
 Length   [L]        0.15000E+03  0.15000E+03
 W-volume [L]        0.39886E+02  0.39886E+02
 In-flow  [L/T]     -0.14669E+00 -0.14669E+00
 h Mean   [L]       -0.75623E+03 -0.75623E+03
 Top Flux [L/T]     -0.24451E-03
 Bot Flux [L/T]     -0.39079E-04
 WatBalT  [L]        0.11560E+01
 WatBalR  [%]              0.908
----------------------------------------------------------

----------------------------------------------------------
 Time       [T]      575.0000
----------------------------------------------------------
 Sub-region num.                     1
----------------------------------------------------------
 Length   [L]        0.15000E+03  0.15000E+03
 W-volume [L]        0.39758E+02  0.39758E+02
 In-flow  [L/T]     -0.11707E+00 -0.11707E+00
 h Mean   [L]       -0.75436E+03 -0.75436E+03
 Top Flux [L/T]     -0.79291E-04
 Bot Flux [L/T]     -0.39079E-04
 WatBalT  [L]        0.11429E+01
 WatBalR  [%]              0.897
----------------------------------------------------------

----------------------------------------------------------
 Time       [T]      576.0000
----------------------------------------------------------
 Sub-region num.                     1
----------------------------------------------------------
 Length   [L]        0.15000E+03  0.15000E+03
 W-volume [L]        0.39634E+02  0.39634E+02
 In-flow  [L/T]     -0.13457E+00 -0.13457E+00
 h Mean   [L]       -0.75305E+03 -0.75305E+03
 Top Flux [L/T]     -0.30260E-04
 Bot Flux [L/T]     -0.39079E-04
 WatBalT  [L]        0.11503E+01
 WatBalR  [%]              0.902
----------------------------------------------------------

----------------------------------------------------------
 Time       [T]      577.0000
----------------------------------------------------------
 Sub-region num.                     1
----------------------------------------------------------
 Length   [L]        0.15000E+03  0.15000E+03
 W-volume [L]        0.39514E+02  0.39514E+02
 In-flow  [L/T]     -0.11049E+00 -0.11049E+00
 h Mean   [L]       -0.75172E+03 -0.75172E+03
 Top Flux [L/T]     -0.11081E-04
 Bot Flux [L/T]     -0.39079E-04
 WatBalT  [L]        0.11394E+01
 WatBalR  [%]              0.892
----------------------------------------------------------

----------------------------------------------------------
 Time       [T]      578.0000
----------------------------------------------------------
 Sub-region num.                     1
----------------------------------------------------------
 Length   [L]        0.15000E+03  0.15000E+03
 W-volume [L]        0.39400E+02  0.39400E+02
 In-flow  [L/T]     -0.12060E+00 -0.12060E+00
 h Mean   [L]       -0.75081E+03 -0.75081E+03
 Top Flux [L/T]     -0.59619E-05
 Bot Flux [L/T]     -0.39084E-04
 WatBalT  [L]        0.11435E+01
 WatBalR  [%]              0.895
----------------------------------------------------------

----------------------------------------------------------
 Time       [T]      579.0000
----------------------------------------------------------
 Sub-region num.                     1
----------------------------------------------------------
 Length   [L]        0.15000E+03  0.15000E+03
 W-volume [L]        0.39292E+02  0.39292E+02
 In-flow  [L/T]     -0.10095E+00 -0.10095E+00
 h Mean   [L]       -0.74986E+03 -0.74986E+03
 Top Flux [L/T]     -0.45692E-05
 Bot Flux [L/T]     -0.39069E-04
 WatBalT  [L]        0.11347E+01
 WatBalR  [%]              0.887
----------------------------------------------------------

----------------------------------------------------------
 Time       [T]      580.0000
----------------------------------------------------------
 Sub-region num.                     1
----------------------------------------------------------
 Length   [L]        0.15000E+03  0.15000E+03
 W-volume [L]        0.39195E+02  0.39195E+02
 In-flow  [L/T]     -0.96665E-01 -0.96665E-01
 h Mean   [L]       -0.74848E+03 -0.74848E+03
 Top Flux [L/T]     -0.37891E-05
 Bot Flux [L/T]     -0.39079E-04
 WatBalT  [L]        0.11327E+01
 WatBalR  [%]              0.885
----------------------------------------------------------

----------------------------------------------------------
 Time       [T]      581.0000
----------------------------------------------------------
 Sub-region num.                     1
----------------------------------------------------------
 Length   [L]        0.15000E+03  0.15000E+03
 W-volume [L]        0.39108E+02  0.39108E+02
 In-flow  [L/T]     -0.79995E-01 -0.79995E-01
 h Mean   [L]       -0.74654E+03 -0.74654E+03
 Top Flux [L/T]     -0.33058E-05
 Bot Flux [L/T]     -0.39093E-04
 WatBalT  [L]        0.11251E+01
 WatBalR  [%]              0.879
----------------------------------------------------------

----------------------------------------------------------
 Time       [T]      582.0000
----------------------------------------------------------
 Sub-region num.                     1
----------------------------------------------------------
 Length   [L]        0.15000E+03  0.15000E+03
 W-volume [L]        0.39053E+02  0.39053E+02
 In-flow  [L/T]     -0.32412E-01 -0.32412E-01
 h Mean   [L]       -0.74150E+03 -0.74150E+03
 Top Flux [L/T]     -0.28421E-05
 Bot Flux [L/T]     -0.39098E-04
 WatBalT  [L]        0.11026E+01
 WatBalR  [%]              0.861
----------------------------------------------------------

----------------------------------------------------------
 Time       [T]      583.0000
----------------------------------------------------------
 Sub-region num.                     1
----------------------------------------------------------
 Length   [L]        0.15000E+03  0.15000E+03
 W-volume [L]        0.38999E+02  0.38999E+02
 In-flow  [L/T]     -0.75506E-01 -0.75506E-01
 h Mean   [L]       -0.73705E+03 -0.73705E+03
 Top Flux [L/T]     -0.22501E-05
 Bot Flux [L/T]     -0.39155E-04
 WatBalT  [L]        0.11228E+01
 WatBalR  [%]              0.876
----------------------------------------------------------

----------------------------------------------------------
 Time       [T]      584.0000
----------------------------------------------------------
 Sub-region num.                     1
----------------------------------------------------------
 Length   [L]        0.15000E+03  0.15000E+03
 W-volume [L]        0.38925E+02  0.38925E+02
 In-flow  [L/T]     -0.74163E-01 -0.74163E-01
 h Mean   [L]       -0.73538E+03 -0.73538E+03
 Top Flux [L/T]     -0.19112E-05
 Bot Flux [L/T]     -0.39218E-04
 WatBalT  [L]        0.11221E+01
 WatBalR  [%]              0.875
----------------------------------------------------------

----------------------------------------------------------
 Time       [T]      585.0000
----------------------------------------------------------
 Sub-region num.                     1
----------------------------------------------------------
 Length   [L]        0.15000E+03  0.15000E+03
 W-volume [L]        0.38874E+02  0.38874E+02
 In-flow  [L/T]     -0.28558E-01 -0.28558E-01
 h Mean   [L]       -0.73113E+03 -0.73113E+03
 Top Flux [L/T]     -0.17202E-05
 Bot Flux [L/T]     -0.39319E-04
 WatBalT  [L]        0.11006E+01
 WatBalR  [%]              0.858
----------------------------------------------------------

----------------------------------------------------------
 Time       [T]      586.0000
----------------------------------------------------------
 Sub-region num.                     1
----------------------------------------------------------
 Length   [L]        0.15000E+03  0.15000E+03
 W-volume [L]        0.38831E+02  0.38831E+02
 In-flow  [L/T]     -0.57585E-01 -0.57585E-01
 h Mean   [L]       -0.72708E+03 -0.72708E+03
 Top Flux [L/T]     -0.13673E-05
 Bot Flux [L/T]     -0.39526E-04
 WatBalT  [L]        0.11144E+01
 WatBalR  [%]              0.868
----------------------------------------------------------

----------------------------------------------------------
 Time       [T]      587.0000
----------------------------------------------------------
 Sub-region num.                     1
----------------------------------------------------------
 Length   [L]        0.15000E+03  0.15000E+03
 W-volume [L]        0.38769E+02  0.38769E+02
 In-flow  [L/T]     -0.66902E-01 -0.66902E-01
 h Mean   [L]       -0.72532E+03 -0.72532E+03
 Top Flux [L/T]     -0.11147E-05
 Bot Flux [L/T]     -0.39830E-04
 WatBalT  [L]        0.11185E+01
 WatBalR  [%]              0.871
----------------------------------------------------------

----------------------------------------------------------
 Time       [T]      588.0000
----------------------------------------------------------
 Sub-region num.                     1
----------------------------------------------------------
 Length   [L]        0.15000E+03  0.15000E+03
 W-volume [L]        0.38705E+02  0.38705E+02
 In-flow  [L/T]     -0.63871E-01 -0.63871E-01
 h Mean   [L]       -0.72422E+03 -0.72422E+03
 Top Flux [L/T]     -0.10764E-05
 Bot Flux [L/T]     -0.40270E-04
 WatBalT  [L]        0.11171E+01
 WatBalR  [%]              0.870
----------------------------------------------------------

----------------------------------------------------------
 Time       [T]      589.0000
----------------------------------------------------------
 Sub-region num.                     1
----------------------------------------------------------
 Length   [L]        0.15000E+03  0.15000E+03
 W-volume [L]        0.38640E+02  0.38640E+02
 In-flow  [L/T]     -0.67595E-01 -0.67595E-01
 h Mean   [L]       -0.72362E+03 -0.72362E+03
 Top Flux [L/T]     -0.11620E-05
 Bot Flux [L/T]     -0.40961E-04
 WatBalT  [L]        0.11185E+01
 WatBalR  [%]              0.870
----------------------------------------------------------

----------------------------------------------------------
 Time       [T]      590.0000
----------------------------------------------------------
 Sub-region num.                     1
----------------------------------------------------------
 Length   [L]        0.15000E+03  0.15000E+03
 W-volume [L]        0.38575E+02  0.38575E+02
 In-flow  [L/T]     -0.64523E-01 -0.64523E-01
 h Mean   [L]       -0.72330E+03 -0.72330E+03
 Top Flux [L/T]     -0.12761E-05
 Bot Flux [L/T]     -0.41920E-04
 WatBalT  [L]        0.11171E+01
 WatBalR  [%]              0.869
----------------------------------------------------------

----------------------------------------------------------
 Time       [T]      591.0000
----------------------------------------------------------
 Sub-region num.                     1
----------------------------------------------------------
 Length   [L]        0.15000E+03  0.15000E+03
 W-volume [L]        0.38517E+02  0.38517E+02
 In-flow  [L/T]     -0.54117E-01 -0.54117E-01
 h Mean   [L]       -0.72236E+03 -0.72236E+03
 Top Flux [L/T]     -0.13711E-05
 Bot Flux [L/T]     -0.43255E-04
 WatBalT  [L]        0.11124E+01
 WatBalR  [%]              0.865
----------------------------------------------------------

----------------------------------------------------------
 Time       [T]      592.0000
----------------------------------------------------------
 Sub-region num.                     1
----------------------------------------------------------
 Length   [L]        0.15000E+03  0.15000E+03
 W-volume [L]        0.38464E+02  0.38464E+02
 In-flow  [L/T]     -0.51478E-01 -0.51478E-01
 h Mean   [L]       -0.72102E+03 -0.72102E+03
 Top Flux [L/T]     -0.14327E-05
 Bot Flux [L/T]     -0.45111E-04
 WatBalT  [L]        0.11112E+01
 WatBalR  [%]              0.863
----------------------------------------------------------

----------------------------------------------------------
 Time       [T]      593.0000
----------------------------------------------------------
 Sub-region num.                     1
----------------------------------------------------------
 Length   [L]        0.15000E+03  0.15000E+03
 W-volume [L]        0.38410E+02  0.38410E+02
 In-flow  [L/T]     -0.57649E-01 -0.57649E-01
 h Mean   [L]       -0.72020E+03 -0.72020E+03
 Top Flux [L/T]     -0.14706E-05
 Bot Flux [L/T]     -0.47553E-04
 WatBalT  [L]        0.11138E+01
 WatBalR  [%]              0.865
----------------------------------------------------------

----------------------------------------------------------
 Time       [T]      594.0000
----------------------------------------------------------
 Sub-region num.                     1
----------------------------------------------------------
 Length   [L]        0.15000E+03  0.15000E+03
 W-volume [L]        0.38357E+02  0.38357E+02
 In-flow  [L/T]     -0.51959E-01 -0.51959E-01
 h Mean   [L]       -0.71949E+03 -0.71949E+03
 Top Flux [L/T]     -0.14750E-05
 Bot Flux [L/T]     -0.50766E-04
 WatBalT  [L]        0.11113E+01
 WatBalR  [%]              0.863
----------------------------------------------------------

----------------------------------------------------------
 Time       [T]      595.0000
----------------------------------------------------------
 Sub-region num.                     1
----------------------------------------------------------
 Length   [L]        0.15000E+03  0.15000E+03
 W-volume [L]        0.38308E+02  0.38308E+02
 In-flow  [L/T]     -0.47286E-01 -0.47286E-01
 h Mean   [L]       -0.71845E+03 -0.71845E+03
 Top Flux [L/T]     -0.14938E-05
 Bot Flux [L/T]     -0.54839E-04
 WatBalT  [L]        0.11091E+01
 WatBalR  [%]              0.861
----------------------------------------------------------

----------------------------------------------------------
 Time       [T]      596.0000
----------------------------------------------------------
 Sub-region num.                     1
----------------------------------------------------------
 Length   [L]        0.15000E+03  0.15000E+03
 W-volume [L]        0.38261E+02  0.38261E+02
 In-flow  [L/T]     -0.46799E-01 -0.46799E-01
 h Mean   [L]       -0.71730E+03 -0.71730E+03
 Top Flux [L/T]     -0.14983E-05
 Bot Flux [L/T]     -0.59953E-04
 WatBalT  [L]        0.11088E+01
 WatBalR  [%]              0.860
----------------------------------------------------------

----------------------------------------------------------
 Time       [T]      597.0000
----------------------------------------------------------
 Sub-region num.                     1
----------------------------------------------------------
 Length   [L]        0.15000E+03  0.15000E+03
 W-volume [L]        0.38214E+02  0.38214E+02
 In-flow  [L/T]     -0.48906E-01 -0.48906E-01
 h Mean   [L]       -0.71656E+03 -0.71656E+03
 Top Flux [L/T]     -0.14885E-05
 Bot Flux [L/T]     -0.66235E-04
 WatBalT  [L]        0.11096E+01
 WatBalR  [%]              0.861
----------------------------------------------------------

----------------------------------------------------------
 Time       [T]      598.0000
----------------------------------------------------------
 Sub-region num.                     1
----------------------------------------------------------
 Length   [L]        0.15000E+03  0.15000E+03
 W-volume [L]        0.38170E+02  0.38170E+02
 In-flow  [L/T]     -0.39702E-01 -0.39702E-01
 h Mean   [L]       -0.71536E+03 -0.71536E+03
 Top Flux [L/T]     -0.14787E-05
 Bot Flux [L/T]     -0.73810E-04
 WatBalT  [L]        0.11056E+01
 WatBalR  [%]              0.857
----------------------------------------------------------

----------------------------------------------------------
 Time       [T]      599.0000
----------------------------------------------------------
 Sub-region num.                     1
----------------------------------------------------------
 Length   [L]        0.15000E+03  0.15000E+03
 W-volume [L]        0.38133E+02  0.38133E+02
 In-flow  [L/T]     -0.34373E-01 -0.34373E-01
 h Mean   [L]       -0.71348E+03 -0.71348E+03
 Top Flux [L/T]     -0.14689E-05
 Bot Flux [L/T]     -0.82756E-04
 WatBalT  [L]        0.11031E+01
 WatBalR  [%]              0.855
----------------------------------------------------------

----------------------------------------------------------
 Time       [T]      600.0000
----------------------------------------------------------
 Sub-region num.                     1
----------------------------------------------------------
 Length   [L]        0.15000E+03  0.15000E+03
 W-volume [L]        0.38098E+02  0.38098E+02
 In-flow  [L/T]     -0.36189E-01 -0.36189E-01
 h Mean   [L]       -0.71167E+03 -0.71167E+03
 Top Flux [L/T]     -0.14307E-05
 Bot Flux [L/T]     -0.93146E-04
 WatBalT  [L]        0.11039E+01
 WatBalR  [%]              0.855
----------------------------------------------------------

----------------------------------------------------------
 Time       [T]      601.0000
----------------------------------------------------------
 Sub-region num.                     1
----------------------------------------------------------
 Length   [L]        0.15000E+03  0.15000E+03
 W-volume [L]        0.38060E+02  0.38060E+02
 In-flow  [L/T]     -0.40069E-01 -0.40069E-01
 h Mean   [L]       -0.71047E+03 -0.71047E+03
 Top Flux [L/T]     -0.13829E-05
 Bot Flux [L/T]     -0.10493E-03
 WatBalT  [L]        0.11055E+01
 WatBalR  [%]              0.856
----------------------------------------------------------

----------------------------------------------------------
 Time       [T]      602.0000
----------------------------------------------------------
 Sub-region num.                     1
----------------------------------------------------------
 Length   [L]        0.15000E+03  0.15000E+03
 W-volume [L]        0.38023E+02  0.38023E+02
 In-flow  [L/T]     -0.36037E-01 -0.36037E-01
 h Mean   [L]       -0.70939E+03 -0.70939E+03
 Top Flux [L/T]     -0.13352E-05
 Bot Flux [L/T]     -0.11763E-03
 WatBalT  [L]        0.11037E+01
 WatBalR  [%]              0.855
----------------------------------------------------------

----------------------------------------------------------
 Time       [T]      603.0000
----------------------------------------------------------
 Sub-region num.                     1
----------------------------------------------------------
 Length   [L]        0.15000E+03  0.15000E+03
 W-volume [L]        0.37986E+02  0.37986E+02
 In-flow  [L/T]     -0.36824E-01 -0.36824E-01
 h Mean   [L]       -0.70838E+03 -0.70838E+03
 Top Flux [L/T]     -0.12969E-05
 Bot Flux [L/T]     -0.12902E-03
 WatBalT  [L]        0.11040E+01
 WatBalR  [%]              0.855
----------------------------------------------------------

----------------------------------------------------------
 Time       [T]      604.0000
----------------------------------------------------------
 Sub-region num.                     1
----------------------------------------------------------
 Length   [L]        0.15000E+03  0.15000E+03
 W-volume [L]        0.37951E+02  0.37951E+02
 In-flow  [L/T]     -0.34097E-01 -0.34097E-01
 h Mean   [L]       -0.70736E+03 -0.70736E+03
 Top Flux [L/T]     -0.12635E-05
 Bot Flux [L/T]     -0.14429E-03
 WatBalT  [L]        0.11028E+01
 WatBalR  [%]              0.854
----------------------------------------------------------

----------------------------------------------------------
 Time       [T]      605.0000
----------------------------------------------------------
 Sub-region num.                     1
----------------------------------------------------------
 Length   [L]        0.15000E+03  0.15000E+03
 W-volume [L]        0.37915E+02  0.37915E+02
 In-flow  [L/T]     -0.39351E-01 -0.39351E-01
 h Mean   [L]       -0.70678E+03 -0.70678E+03
 Top Flux [L/T]     -0.12300E-05
 Bot Flux [L/T]     -0.18300E-03
 WatBalT  [L]        0.11050E+01
 WatBalR  [%]              0.855
----------------------------------------------------------

----------------------------------------------------------
 Time       [T]      606.0000
----------------------------------------------------------
 Sub-region num.                     1
----------------------------------------------------------
 Length   [L]        0.15000E+03  0.15000E+03
 W-volume [L]        0.37883E+02  0.37883E+02
 In-flow  [L/T]     -0.25900E-01 -0.25900E-01
 h Mean   [L]       -0.70552E+03 -0.70552E+03
 Top Flux [L/T]     -0.12061E-05
 Bot Flux [L/T]     -0.22026E-03
 WatBalT  [L]        0.10990E+01
 WatBalR  [%]              0.850
----------------------------------------------------------

----------------------------------------------------------
 Time       [T]      607.0000
----------------------------------------------------------
 Sub-region num.                     1
----------------------------------------------------------
 Length   [L]        0.15000E+03  0.15000E+03
 W-volume [L]        0.37853E+02  0.37853E+02
 In-flow  [L/T]     -0.34160E-01 -0.34160E-01
 h Mean   [L]       -0.70433E+03 -0.70433E+03
 Top Flux [L/T]     -0.11727E-05
 Bot Flux [L/T]     -0.25851E-03
 WatBalT  [L]        0.11027E+01
 WatBalR  [%]              0.853
----------------------------------------------------------

----------------------------------------------------------
 Time       [T]      608.0000
----------------------------------------------------------
 Sub-region num.                     1
----------------------------------------------------------
 Length   [L]        0.15000E+03  0.15000E+03
 W-volume [L]        0.37820E+02  0.37820E+02
 In-flow  [L/T]     -0.31270E-01 -0.31270E-01
 h Mean   [L]       -0.70346E+03 -0.70346E+03
 Top Flux [L/T]     -0.11488E-05
 Bot Flux [L/T]     -0.29791E-03
 WatBalT  [L]        0.11014E+01
 WatBalR  [%]              0.852
----------------------------------------------------------

----------------------------------------------------------
 Time       [T]      609.0000
----------------------------------------------------------
 Sub-region num.                     1
----------------------------------------------------------
 Length   [L]        0.15000E+03  0.15000E+03
 W-volume [L]        0.37791E+02  0.37791E+02
 In-flow  [L/T]     -0.26990E-01 -0.26990E-01
 h Mean   [L]       -0.70224E+03 -0.70224E+03
 Top Flux [L/T]     -0.11249E-05
 Bot Flux [L/T]     -0.33768E-03
 WatBalT  [L]        0.10994E+01
 WatBalR  [%]              0.850
----------------------------------------------------------

----------------------------------------------------------
 Time       [T]      610.0000
----------------------------------------------------------
 Sub-region num.                     1
----------------------------------------------------------
 Length   [L]        0.15000E+03  0.15000E+03
 W-volume [L]        0.37778E+02  0.37778E+02
 In-flow  [L/T]     -0.23609E-03 -0.23609E-03
 h Mean   [L]       -0.69852E+03 -0.69852E+03
 Top Flux [L/T]     -0.11010E-05
 Bot Flux [L/T]     -0.37681E-03
 WatBalT  [L]        0.44955E+01
 WatBalR  [%]              3.386
----------------------------------------------------------

----------------------------------------------------------
 Time       [T]      611.0000
----------------------------------------------------------
 Sub-region num.                     1
----------------------------------------------------------
 Length   [L]        0.15000E+03  0.15000E+03
 W-volume [L]        0.32663E+02  0.32663E+02
 In-flow  [L/T]     -0.34097E+01 -0.34097E+01
 h Mean   [L]       -0.12043E+04 -0.12043E+04
 Top Flux [L/T]     -0.11151E-05
 Bot Flux [L/T]      0.73515E-03
 WatBalT  [L]        0.19385E+01
 WatBalR  [%]              1.432
----------------------------------------------------------

----------------------------------------------------------
 Time       [T]      612.0000
----------------------------------------------------------
 Sub-region num.                     1
----------------------------------------------------------
 Length   [L]        0.15000E+03  0.15000E+03
 W-volume [L]        0.31385E+02  0.31385E+02
 In-flow  [L/T]     -0.85271E+00 -0.85271E+00
 h Mean   [L]       -0.14797E+04 -0.14797E+04
 Top Flux [L/T]     -0.12098E-05
 Bot Flux [L/T]      0.50452E-03
 WatBalT  [L]        0.12992E+01
 WatBalR  [%]              0.956
----------------------------------------------------------

----------------------------------------------------------
 Time       [T]      613.0000
----------------------------------------------------------
 Sub-region num.                     1
----------------------------------------------------------
 Length   [L]        0.15000E+03  0.15000E+03
 W-volume [L]        0.31065E+02  0.31065E+02
 In-flow  [L/T]     -0.21321E+00 -0.21321E+00
 h Mean   [L]       -0.15677E+04 -0.15677E+04
 Top Flux [L/T]     -0.13662E-05
 Bot Flux [L/T]      0.19865E-03
 WatBalT  [L]        0.11392E+01
 WatBalR  [%]              0.837
----------------------------------------------------------

----------------------------------------------------------
 Time       [T]      614.0000
----------------------------------------------------------
 Sub-region num.                     1
----------------------------------------------------------
 Length   [L]        0.15000E+03  0.15000E+03
 W-volume [L]        0.30985E+02  0.30985E+02
 In-flow  [L/T]     -0.52281E-01 -0.52281E-01
 h Mean   [L]       -0.15961E+04 -0.15961E+04
 Top Flux [L/T]     -0.14940E-05
 Bot Flux [L/T]      0.47060E-04
 WatBalT  [L]        0.10984E+01
 WatBalR  [%]              0.807
----------------------------------------------------------

----------------------------------------------------------
 Time       [T]      615.0000
----------------------------------------------------------
 Sub-region num.                     1
----------------------------------------------------------
 Length   [L]        0.15000E+03  0.15000E+03
 W-volume [L]        0.30969E+02  0.30969E+02
 In-flow  [L/T]     -0.77070E-02 -0.77070E-02
 h Mean   [L]       -0.16021E+04 -0.16021E+04
 Top Flux [L/T]     -0.15885E-05
 Bot Flux [L/T]     -0.25519E-04
 WatBalT  [L]        0.10860E+01
 WatBalR  [%]              0.798
----------------------------------------------------------

----------------------------------------------------------
 Time       [T]      616.0000
----------------------------------------------------------
 Sub-region num.                     1
----------------------------------------------------------
 Length   [L]        0.15000E+03  0.15000E+03
 W-volume [L]        0.30969E+02  0.30969E+02
 In-flow  [L/T]     -0.39220E-04 -0.39220E-04
 h Mean   [L]       -0.16023E+04 -0.16023E+04
 Top Flux [L/T]     -0.16451E-05
 Bot Flux [L/T]     -0.35740E-04
 WatBalT  [L]        0.10860E+01
 WatBalR  [%]              0.798
----------------------------------------------------------

----------------------------------------------------------
 Time       [T]      617.0000
----------------------------------------------------------
 Sub-region num.                     1
----------------------------------------------------------
 Length   [L]        0.15000E+03  0.15000E+03
 W-volume [L]        0.30969E+02  0.30969E+02
 In-flow  [L/T]     -0.39101E-04 -0.39101E-04
 h Mean   [L]       -0.16023E+04 -0.16023E+04
 Top Flux [L/T]     -0.16685E-05
 Bot Flux [L/T]     -0.37218E-04
 WatBalT  [L]        0.10860E+01
 WatBalR  [%]              0.798
----------------------------------------------------------

----------------------------------------------------------
 Time       [T]      618.0000
----------------------------------------------------------
 Sub-region num.                     1
----------------------------------------------------------
 Length   [L]        0.15000E+03  0.15000E+03
 W-volume [L]        0.30969E+02  0.30969E+02
 In-flow  [L/T]     -0.39279E-04 -0.39279E-04
 h Mean   [L]       -0.16023E+04 -0.16023E+04
 Top Flux [L/T]     -0.16776E-05
 Bot Flux [L/T]     -0.37871E-04
 WatBalT  [L]        0.10860E+01
 WatBalR  [%]              0.798
----------------------------------------------------------

----------------------------------------------------------
 Time       [T]      619.0000
----------------------------------------------------------
 Sub-region num.                     1
----------------------------------------------------------
 Length   [L]        0.15000E+03  0.15000E+03
 W-volume [L]        0.30969E+02  0.30969E+02
 In-flow  [L/T]     -0.39279E-04 -0.39279E-04
 h Mean   [L]       -0.16023E+04 -0.16023E+04
 Top Flux [L/T]     -0.16678E-05
 Bot Flux [L/T]     -0.38240E-04
 WatBalT  [L]        0.10860E+01
 WatBalR  [%]              0.798
----------------------------------------------------------

----------------------------------------------------------
 Time       [T]      620.0000
----------------------------------------------------------
 Sub-region num.                     1
----------------------------------------------------------
 Length   [L]        0.15000E+03  0.15000E+03
 W-volume [L]        0.30969E+02  0.30969E+02
 In-flow  [L/T]     -0.39697E-04 -0.39697E-04
 h Mean   [L]       -0.16023E+04 -0.16023E+04
 Top Flux [L/T]     -0.16438E-05
 Bot Flux [L/T]     -0.38442E-04
 WatBalT  [L]        0.10860E+01
 WatBalR  [%]              0.798
----------------------------------------------------------

----------------------------------------------------------
 Time       [T]      621.0000
----------------------------------------------------------
 Sub-region num.                     1
----------------------------------------------------------
 Length   [L]        0.15000E+03  0.15000E+03
 W-volume [L]        0.30969E+02  0.30969E+02
 In-flow  [L/T]     -0.39130E-04 -0.39130E-04
 h Mean   [L]       -0.16023E+04 -0.16023E+04
 Top Flux [L/T]     -0.16387E-05
 Bot Flux [L/T]     -0.38587E-04
 WatBalT  [L]        0.10860E+01
 WatBalR  [%]              0.798
----------------------------------------------------------

----------------------------------------------------------
 Time       [T]      622.0000
----------------------------------------------------------
 Sub-region num.                     1
----------------------------------------------------------
 Length   [L]        0.15000E+03  0.15000E+03
 W-volume [L]        0.30969E+02  0.30969E+02
 In-flow  [L/T]     -0.39846E-04 -0.39846E-04
 h Mean   [L]       -0.16024E+04 -0.16024E+04
 Top Flux [L/T]     -0.16194E-05
 Bot Flux [L/T]     -0.38705E-04
 WatBalT  [L]        0.10860E+01
 WatBalR  [%]              0.798
----------------------------------------------------------

----------------------------------------------------------
 Time       [T]      623.0000
----------------------------------------------------------
 Sub-region num.                     1
----------------------------------------------------------
 Length   [L]        0.15000E+03  0.15000E+03
 W-volume [L]        0.30969E+02  0.30969E+02
 In-flow  [L/T]     -0.39428E-04 -0.39428E-04
 h Mean   [L]       -0.16024E+04 -0.16024E+04
 Top Flux [L/T]     -0.15907E-05
 Bot Flux [L/T]     -0.38765E-04
 WatBalT  [L]        0.10860E+01
 WatBalR  [%]              0.798
----------------------------------------------------------

----------------------------------------------------------
 Time       [T]      624.0000
----------------------------------------------------------
 Sub-region num.                     1
----------------------------------------------------------
 Length   [L]        0.15000E+03  0.15000E+03
 W-volume [L]        0.30969E+02  0.30969E+02
 In-flow  [L/T]     -0.39548E-04 -0.39548E-04
 h Mean   [L]       -0.16024E+04 -0.16024E+04
 Top Flux [L/T]     -0.15809E-05
 Bot Flux [L/T]     -0.38816E-04
 WatBalT  [L]        0.10860E+01
 WatBalR  [%]              0.798
----------------------------------------------------------

----------------------------------------------------------
 Time       [T]      625.0000
----------------------------------------------------------
 Sub-region num.                     1
----------------------------------------------------------
 Length   [L]        0.15000E+03  0.15000E+03
 W-volume [L]        0.30969E+02  0.30969E+02
 In-flow  [L/T]     -0.38952E-04 -0.38952E-04
 h Mean   [L]       -0.16024E+04 -0.16024E+04
 Top Flux [L/T]     -0.15475E-05
 Bot Flux [L/T]     -0.38858E-04
 WatBalT  [L]        0.10860E+01
 WatBalR  [%]              0.798
----------------------------------------------------------

----------------------------------------------------------
 Time       [T]      626.0000
----------------------------------------------------------
 Sub-region num.                     1
----------------------------------------------------------
 Length   [L]        0.15000E+03  0.15000E+03
 W-volume [L]        0.30969E+02  0.30969E+02
 In-flow  [L/T]     -0.39101E-04 -0.39101E-04
 h Mean   [L]       -0.16024E+04 -0.16024E+04
 Top Flux [L/T]     -0.15377E-05
 Bot Flux [L/T]     -0.38900E-04
 WatBalT  [L]        0.10860E+01
 WatBalR  [%]              0.798
----------------------------------------------------------

----------------------------------------------------------
 Time       [T]      627.0000
----------------------------------------------------------
 Sub-region num.                     1
----------------------------------------------------------
 Length   [L]        0.15000E+03  0.15000E+03
 W-volume [L]        0.30969E+02  0.30969E+02
 In-flow  [L/T]     -0.39339E-04 -0.39339E-04
 h Mean   [L]       -0.16024E+04 -0.16024E+04
 Top Flux [L/T]     -0.15185E-05
 Bot Flux [L/T]     -0.38908E-04
 WatBalT  [L]        0.10860E+01
 WatBalR  [%]              0.798
----------------------------------------------------------

----------------------------------------------------------
 Time       [T]      628.0000
----------------------------------------------------------
 Sub-region num.                     1
----------------------------------------------------------
 Length   [L]        0.15000E+03  0.15000E+03
 W-volume [L]        0.30969E+02  0.30969E+02
 In-flow  [L/T]     -0.39309E-04 -0.39309E-04
 h Mean   [L]       -0.16024E+04 -0.16024E+04
 Top Flux [L/T]     -0.15040E-05
 Bot Flux [L/T]     -0.38936E-04
 WatBalT  [L]        0.10860E+01
 WatBalR  [%]              0.798
----------------------------------------------------------

----------------------------------------------------------
 Time       [T]      629.0000
----------------------------------------------------------
 Sub-region num.                     1
----------------------------------------------------------
 Length   [L]        0.15000E+03  0.15000E+03
 W-volume [L]        0.30969E+02  0.30969E+02
 In-flow  [L/T]     -0.39250E-04 -0.39250E-04
 h Mean   [L]       -0.16024E+04 -0.16024E+04
 Top Flux [L/T]     -0.14754E-05
 Bot Flux [L/T]     -0.38955E-04
 WatBalT  [L]        0.10860E+01
 WatBalR  [%]              0.798
----------------------------------------------------------

----------------------------------------------------------
 Time       [T]      630.0000
----------------------------------------------------------
 Sub-region num.                     1
----------------------------------------------------------
 Length   [L]        0.15000E+03  0.15000E+03
 W-volume [L]        0.30968E+02  0.30968E+02
 In-flow  [L/T]     -0.39339E-04 -0.39339E-04
 h Mean   [L]       -0.16025E+04 -0.16025E+04
 Top Flux [L/T]     -0.14609E-05
 Bot Flux [L/T]     -0.38959E-04
 WatBalT  [L]        0.10860E+01
 WatBalR  [%]              0.798
----------------------------------------------------------

----------------------------------------------------------
 Time       [T]      631.0000
----------------------------------------------------------
 Sub-region num.                     1
----------------------------------------------------------
 Length   [L]        0.15000E+03  0.15000E+03
 W-volume [L]        0.30968E+02  0.30968E+02
 In-flow  [L/T]     -0.39220E-04 -0.39220E-04
 h Mean   [L]       -0.16025E+04 -0.16025E+04
 Top Flux [L/T]     -0.14418E-05
 Bot Flux [L/T]     -0.38972E-04
 WatBalT  [L]        0.10860E+01
 WatBalR  [%]              0.798
----------------------------------------------------------

----------------------------------------------------------
 Time       [T]      632.0000
----------------------------------------------------------
 Sub-region num.                     1
----------------------------------------------------------
 Length   [L]        0.15000E+03  0.15000E+03
 W-volume [L]        0.30968E+02  0.30968E+02
 In-flow  [L/T]     -0.38981E-04 -0.38981E-04
 h Mean   [L]       -0.16025E+04 -0.16025E+04
 Top Flux [L/T]     -0.14273E-05
 Bot Flux [L/T]     -0.38991E-04
 WatBalT  [L]        0.10860E+01
 WatBalR  [%]              0.798
----------------------------------------------------------

----------------------------------------------------------
 Time       [T]      633.0000
----------------------------------------------------------
 Sub-region num.                     1
----------------------------------------------------------
 Length   [L]        0.15000E+03  0.15000E+03
 W-volume [L]        0.30968E+02  0.30968E+02
 In-flow  [L/T]     -0.39160E-04 -0.39160E-04
 h Mean   [L]       -0.16025E+04 -0.16025E+04
 Top Flux [L/T]     -0.14224E-05
 Bot Flux [L/T]     -0.38995E-04
 WatBalT  [L]        0.10860E+01
 WatBalR  [%]              0.798
----------------------------------------------------------

----------------------------------------------------------
 Time       [T]      634.0000
----------------------------------------------------------
 Sub-region num.                     1
----------------------------------------------------------
 Length   [L]        0.15000E+03  0.15000E+03
 W-volume [L]        0.30968E+02  0.30968E+02
 In-flow  [L/T]     -0.39428E-04 -0.39428E-04
 h Mean   [L]       -0.16025E+04 -0.16025E+04
 Top Flux [L/T]     -0.13985E-05
 Bot Flux [L/T]     -0.39014E-04
 WatBalT  [L]        0.10860E+01
 WatBalR  [%]              0.798
----------------------------------------------------------

----------------------------------------------------------
 Time       [T]      635.0000
----------------------------------------------------------
 Sub-region num.                     1
----------------------------------------------------------
 Length   [L]        0.15000E+03  0.15000E+03
 W-volume [L]        0.30968E+02  0.30968E+02
 In-flow  [L/T]     -0.39816E-04 -0.39816E-04
 h Mean   [L]       -0.16025E+04 -0.16025E+04
 Top Flux [L/T]     -0.13794E-05
 Bot Flux [L/T]     -0.39004E-04
 WatBalT  [L]        0.10860E+01
 WatBalR  [%]              0.798
----------------------------------------------------------

----------------------------------------------------------
 Time       [T]      636.0000
----------------------------------------------------------
 Sub-region num.                     1
----------------------------------------------------------
 Length   [L]        0.15000E+03  0.15000E+03
 W-volume [L]        0.30968E+02  0.30968E+02
 In-flow  [L/T]     -0.38981E-04 -0.38981E-04
 h Mean   [L]       -0.16025E+04 -0.16025E+04
 Top Flux [L/T]     -0.13697E-05
 Bot Flux [L/T]     -0.39013E-04
 WatBalT  [L]        0.10860E+01
 WatBalR  [%]              0.798
----------------------------------------------------------

----------------------------------------------------------
 Time       [T]      637.0000
----------------------------------------------------------
 Sub-region num.                     1
----------------------------------------------------------
 Length   [L]        0.15000E+03  0.15000E+03
 W-volume [L]        0.30968E+02  0.30968E+02
 In-flow  [L/T]     -0.39101E-04 -0.39101E-04
 h Mean   [L]       -0.16025E+04 -0.16025E+04
 Top Flux [L/T]     -0.13506E-05
 Bot Flux [L/T]     -0.39022E-04
 WatBalT  [L]        0.10860E+01
 WatBalR  [%]              0.798
----------------------------------------------------------

----------------------------------------------------------
 Time       [T]      638.0000
----------------------------------------------------------
 Sub-region num.                     1
----------------------------------------------------------
 Length   [L]        0.15000E+03  0.15000E+03
 W-volume [L]        0.30968E+02  0.30968E+02
 In-flow  [L/T]     -0.39309E-04 -0.39309E-04
 h Mean   [L]       -0.16026E+04 -0.16026E+04
 Top Flux [L/T]     -0.13362E-05
 Bot Flux [L/T]     -0.39026E-04
 WatBalT  [L]        0.10860E+01
 WatBalR  [%]              0.798
----------------------------------------------------------

----------------------------------------------------------
 Time       [T]      639.0000
----------------------------------------------------------
 Sub-region num.                     1
----------------------------------------------------------
 Length   [L]        0.15000E+03  0.15000E+03
 W-volume [L]        0.30968E+02  0.30968E+02
 In-flow  [L/T]     -0.38743E-04 -0.38743E-04
 h Mean   [L]       -0.16026E+04 -0.16026E+04
 Top Flux [L/T]     -0.13171E-05
 Bot Flux [L/T]     -0.39026E-04
 WatBalT  [L]        0.10860E+01
 WatBalR  [%]              0.798
----------------------------------------------------------

----------------------------------------------------------
 Time       [T]      640.0000
----------------------------------------------------------
 Sub-region num.                     1
----------------------------------------------------------
 Length   [L]        0.15000E+03  0.15000E+03
 W-volume [L]        0.30831E+02  0.30831E+02
 In-flow  [L/T]     -0.29370E-01 -0.29370E-01
 h Mean   [L]       -0.50256E+04 -0.50256E+04
 Top Flux [L/T]      0.29333E-01
 Bot Flux [L/T]     -0.39035E-04
 WatBalT  [L]        0.10860E+01
 WatBalR  [%]              0.797
----------------------------------------------------------

----------------------------------------------------------
 Time       [T]      641.0000
----------------------------------------------------------
 Sub-region num.                     1
----------------------------------------------------------
 Length   [L]        0.15000E+03  0.15000E+03
 W-volume [L]        0.30811E+02  0.30811E+02
 In-flow  [L/T]     -0.17484E-01 -0.17484E-01
 h Mean   [L]       -0.50497E+04 -0.50497E+04
 Top Flux [L/T]      0.17444E-01
 Bot Flux [L/T]     -0.39030E-04
 WatBalT  [L]        0.10860E+01
 WatBalR  [%]              0.797
----------------------------------------------------------

----------------------------------------------------------
 Time       [T]      642.0000
----------------------------------------------------------
 Sub-region num.                     1
----------------------------------------------------------
 Length   [L]        0.15000E+03  0.15000E+03
 W-volume [L]        0.30796E+02  0.30796E+02
 In-flow  [L/T]     -0.13812E-01 -0.13812E-01
 h Mean   [L]       -0.50658E+04 -0.50658E+04
 Top Flux [L/T]      0.13773E-01
 Bot Flux [L/T]     -0.39049E-04
 WatBalT  [L]        0.10860E+01
 WatBalR  [%]              0.796
----------------------------------------------------------

----------------------------------------------------------
 Time       [T]      643.0000
----------------------------------------------------------
 Sub-region num.                     1
----------------------------------------------------------
 Length   [L]        0.15000E+03  0.15000E+03
 W-volume [L]        0.30784E+02  0.30784E+02
 In-flow  [L/T]     -0.11515E-01 -0.11515E-01
 h Mean   [L]       -0.50787E+04 -0.50787E+04
 Top Flux [L/T]      0.11476E-01
 Bot Flux [L/T]     -0.39053E-04
 WatBalT  [L]        0.10859E+01
 WatBalR  [%]              0.796
----------------------------------------------------------

----------------------------------------------------------
 Time       [T]      644.0000
----------------------------------------------------------
 Sub-region num.                     1
----------------------------------------------------------
 Length   [L]        0.15000E+03  0.15000E+03
 W-volume [L]        0.30774E+02  0.30774E+02
 In-flow  [L/T]     -0.99518E-02 -0.99518E-02
 h Mean   [L]       -0.50898E+04 -0.50898E+04
 Top Flux [L/T]      0.99121E-02
 Bot Flux [L/T]     -0.39048E-04
 WatBalT  [L]        0.10859E+01
 WatBalR  [%]              0.796
----------------------------------------------------------

----------------------------------------------------------
 Time       [T]      645.0000
----------------------------------------------------------
 Sub-region num.                     1
----------------------------------------------------------
 Length   [L]        0.15000E+03  0.15000E+03
 W-volume [L]        0.30765E+02  0.30765E+02
 In-flow  [L/T]     -0.90127E-02 -0.90127E-02
 h Mean   [L]       -0.51000E+04 -0.51000E+04
 Top Flux [L/T]      0.89733E-02
 Bot Flux [L/T]     -0.39053E-04
 WatBalT  [L]        0.10859E+01
 WatBalR  [%]              0.796
----------------------------------------------------------

----------------------------------------------------------
 Time       [T]      646.0000
----------------------------------------------------------
 Sub-region num.                     1
----------------------------------------------------------
 Length   [L]        0.15000E+03  0.15000E+03
 W-volume [L]        0.30756E+02  0.30756E+02
 In-flow  [L/T]     -0.81341E-02 -0.81341E-02
 h Mean   [L]       -0.51083E+04 -0.51083E+04
 Top Flux [L/T]      0.80952E-02
 Bot Flux [L/T]     -0.39067E-04
 WatBalT  [L]        0.10859E+01
 WatBalR  [%]              0.796
----------------------------------------------------------

----------------------------------------------------------
 Time       [T]      647.0000
----------------------------------------------------------
 Sub-region num.                     1
----------------------------------------------------------
 Length   [L]        0.15000E+03  0.15000E+03
 W-volume [L]        0.30749E+02  0.30749E+02
 In-flow  [L/T]     -0.75349E-02 -0.75349E-02
 h Mean   [L]       -0.51159E+04 -0.51159E+04
 Top Flux [L/T]      0.74958E-02
 Bot Flux [L/T]     -0.39062E-04
 WatBalT  [L]        0.10859E+01
 WatBalR  [%]              0.796
----------------------------------------------------------

----------------------------------------------------------
 Time       [T]      648.0000
----------------------------------------------------------
 Sub-region num.                     1
----------------------------------------------------------
 Length   [L]        0.15000E+03  0.15000E+03
 W-volume [L]        0.30741E+02  0.30741E+02
 In-flow  [L/T]     -0.70505E-02 -0.70505E-02
 h Mean   [L]       -0.51229E+04 -0.51229E+04
 Top Flux [L/T]      0.70115E-02
 Bot Flux [L/T]     -0.39047E-04
 WatBalT  [L]        0.10859E+01
 WatBalR  [%]              0.796
----------------------------------------------------------

----------------------------------------------------------
 Time       [T]      649.0000
----------------------------------------------------------
 Sub-region num.                     1
----------------------------------------------------------
 Length   [L]        0.15000E+03  0.15000E+03
 W-volume [L]        0.30735E+02  0.30735E+02
 In-flow  [L/T]     -0.66318E-02 -0.66318E-02
 h Mean   [L]       -0.51293E+04 -0.51293E+04
 Top Flux [L/T]      0.65931E-02
 Bot Flux [L/T]     -0.39061E-04
 WatBalT  [L]        0.10859E+01
 WatBalR  [%]              0.796
----------------------------------------------------------

----------------------------------------------------------
 Time       [T]      650.0000
----------------------------------------------------------
 Sub-region num.                     1
----------------------------------------------------------
 Length   [L]        0.15000E+03  0.15000E+03
 W-volume [L]        0.30728E+02  0.30728E+02
 In-flow  [L/T]     -0.62677E-02 -0.62677E-02
 h Mean   [L]       -0.51353E+04 -0.51353E+04
 Top Flux [L/T]      0.62287E-02
 Bot Flux [L/T]     -0.39051E-04
 WatBalT  [L]        0.10859E+01
 WatBalR  [%]              0.796
----------------------------------------------------------

----------------------------------------------------------
 Time       [T]      651.0000
----------------------------------------------------------
 Sub-region num.                     1
----------------------------------------------------------
 Length   [L]        0.15000E+03  0.15000E+03
 W-volume [L]        0.30722E+02  0.30722E+02
 In-flow  [L/T]     -0.59443E-02 -0.59443E-02
 h Mean   [L]       -0.51409E+04 -0.51409E+04
 Top Flux [L/T]      0.59053E-02
 Bot Flux [L/T]     -0.39065E-04
 WatBalT  [L]        0.10859E+01
 WatBalR  [%]              0.796
----------------------------------------------------------

----------------------------------------------------------
 Time       [T]      652.0000
----------------------------------------------------------
 Sub-region num.                     1
----------------------------------------------------------
 Length   [L]        0.15000E+03  0.15000E+03
 W-volume [L]        0.30717E+02  0.30717E+02
 In-flow  [L/T]     -0.56525E-02 -0.56525E-02
 h Mean   [L]       -0.51463E+04 -0.51463E+04
 Top Flux [L/T]      0.56135E-02
 Bot Flux [L/T]     -0.39061E-04
 WatBalT  [L]        0.10859E+01
 WatBalR  [%]              0.796
----------------------------------------------------------

----------------------------------------------------------
 Time       [T]      653.0000
----------------------------------------------------------
 Sub-region num.                     1
----------------------------------------------------------
 Length   [L]        0.15000E+03  0.15000E+03
 W-volume [L]        0.30711E+02  0.30711E+02
 In-flow  [L/T]     -0.54318E-02 -0.54318E-02
 h Mean   [L]       -0.51514E+04 -0.51514E+04
 Top Flux [L/T]      0.53927E-02
 Bot Flux [L/T]     -0.39070E-04
 WatBalT  [L]        0.10859E+01
 WatBalR  [%]              0.796
----------------------------------------------------------

----------------------------------------------------------
 Time       [T]      654.0000
----------------------------------------------------------
 Sub-region num.                     1
----------------------------------------------------------
 Length   [L]        0.15000E+03  0.15000E+03
 W-volume [L]        0.30706E+02  0.30706E+02
 In-flow  [L/T]     -0.52297E-02 -0.52297E-02
 h Mean   [L]       -0.51560E+04 -0.51560E+04
 Top Flux [L/T]      0.51905E-02
 Bot Flux [L/T]     -0.39055E-04
 WatBalT  [L]        0.10859E+01
 WatBalR  [%]              0.796
----------------------------------------------------------

----------------------------------------------------------
 Time       [T]      655.0000
----------------------------------------------------------
 Sub-region num.                     1
----------------------------------------------------------
 Length   [L]        0.15000E+03  0.15000E+03
 W-volume [L]        0.30701E+02  0.30701E+02
 In-flow  [L/T]     -0.50614E-02 -0.50614E-02
 h Mean   [L]       -0.51605E+04 -0.51605E+04
 Top Flux [L/T]      0.50220E-02
 Bot Flux [L/T]     -0.39060E-04
 WatBalT  [L]        0.10859E+01
 WatBalR  [%]              0.796
----------------------------------------------------------

----------------------------------------------------------
 Time       [T]      656.0000
----------------------------------------------------------
 Sub-region num.                     1
----------------------------------------------------------
 Length   [L]        0.15000E+03  0.15000E+03
 W-volume [L]        0.30696E+02  0.30696E+02
 In-flow  [L/T]     -0.48998E-02 -0.48998E-02
 h Mean   [L]       -0.51650E+04 -0.51650E+04
 Top Flux [L/T]      0.48610E-02
 Bot Flux [L/T]     -0.39079E-04
 WatBalT  [L]        0.10859E+01
 WatBalR  [%]              0.796
----------------------------------------------------------

----------------------------------------------------------
 Time       [T]      657.0000
----------------------------------------------------------
 Sub-region num.                     1
----------------------------------------------------------
 Length   [L]        0.15000E+03  0.15000E+03
 W-volume [L]        0.30691E+02  0.30691E+02
 In-flow  [L/T]     -0.47434E-02 -0.47434E-02
 h Mean   [L]       -0.51694E+04 -0.51694E+04
 Top Flux [L/T]      0.47041E-02
 Bot Flux [L/T]     -0.39069E-04
 WatBalT  [L]        0.10859E+01
 WatBalR  [%]              0.796
----------------------------------------------------------

----------------------------------------------------------
 Time       [T]      658.0000
----------------------------------------------------------
 Sub-region num.                     1
----------------------------------------------------------
 Length   [L]        0.15000E+03  0.15000E+03
 W-volume [L]        0.30686E+02  0.30686E+02
 In-flow  [L/T]     -0.46029E-02 -0.46029E-02
 h Mean   [L]       -0.51736E+04 -0.51736E+04
 Top Flux [L/T]      0.45644E-02
 Bot Flux [L/T]     -0.39088E-04
 WatBalT  [L]        0.10859E+01
 WatBalR  [%]              0.796
----------------------------------------------------------

----------------------------------------------------------
 Time       [T]      659.0000
----------------------------------------------------------
 Sub-region num.                     1
----------------------------------------------------------
 Length   [L]        0.15000E+03  0.15000E+03
 W-volume [L]        0.30682E+02  0.30682E+02
 In-flow  [L/T]     -0.44772E-02 -0.44772E-02
 h Mean   [L]       -0.51776E+04 -0.51776E+04
 Top Flux [L/T]      0.44381E-02
 Bot Flux [L/T]     -0.39079E-04
 WatBalT  [L]        0.10859E+01
 WatBalR  [%]              0.796
----------------------------------------------------------

----------------------------------------------------------
 Time       [T]      660.0000
----------------------------------------------------------
 Sub-region num.                     1
----------------------------------------------------------
 Length   [L]        0.15000E+03  0.15000E+03
 W-volume [L]        0.30677E+02  0.30677E+02
 In-flow  [L/T]     -0.43610E-02 -0.43610E-02
 h Mean   [L]       -0.51815E+04 -0.51815E+04
 Top Flux [L/T]      0.43221E-02
 Bot Flux [L/T]     -0.39083E-04
 WatBalT  [L]        0.10859E+01
 WatBalR  [%]              0.796
----------------------------------------------------------

----------------------------------------------------------
 Time       [T]      661.0000
----------------------------------------------------------
 Sub-region num.                     1
----------------------------------------------------------
 Length   [L]        0.15000E+03  0.15000E+03
 W-volume [L]        0.30673E+02  0.30673E+02
 In-flow  [L/T]     -0.42539E-02 -0.42539E-02
 h Mean   [L]       -0.51852E+04 -0.51852E+04
 Top Flux [L/T]      0.42148E-02
 Bot Flux [L/T]     -0.39064E-04
 WatBalT  [L]        0.10859E+01
 WatBalR  [%]              0.796
----------------------------------------------------------

----------------------------------------------------------
 Time       [T]      662.0000
----------------------------------------------------------
 Sub-region num.                     1
----------------------------------------------------------
 Length   [L]        0.15000E+03  0.15000E+03
 W-volume [L]        0.30669E+02  0.30669E+02
 In-flow  [L/T]     -0.41547E-02 -0.41547E-02
 h Mean   [L]       -0.51888E+04 -0.51888E+04
 Top Flux [L/T]      0.41156E-02
 Bot Flux [L/T]     -0.39064E-04
 WatBalT  [L]        0.10859E+01
 WatBalR  [%]              0.796
----------------------------------------------------------

----------------------------------------------------------
 Time       [T]      663.0000
----------------------------------------------------------
 Sub-region num.                     1
----------------------------------------------------------
 Length   [L]        0.15000E+03  0.15000E+03
 W-volume [L]        0.30665E+02  0.30665E+02
 In-flow  [L/T]     -0.40628E-02 -0.40628E-02
 h Mean   [L]       -0.51923E+04 -0.51923E+04
 Top Flux [L/T]      0.40236E-02
 Bot Flux [L/T]     -0.39088E-04
 WatBalT  [L]        0.10859E+01
 WatBalR  [%]              0.796
----------------------------------------------------------

----------------------------------------------------------
 Time       [T]      664.0000
----------------------------------------------------------
 Sub-region num.                     1
----------------------------------------------------------
 Length   [L]        0.15000E+03  0.15000E+03
 W-volume [L]        0.30661E+02  0.30661E+02
 In-flow  [L/T]     -0.39764E-02 -0.39764E-02
 h Mean   [L]       -0.51956E+04 -0.51956E+04
 Top Flux [L/T]      0.39376E-02
 Bot Flux [L/T]     -0.39078E-04
 WatBalT  [L]        0.10859E+01
 WatBalR  [%]              0.796
----------------------------------------------------------

----------------------------------------------------------
 Time       [T]      665.0000
----------------------------------------------------------
 Sub-region num.                     1
----------------------------------------------------------
 Length   [L]        0.15000E+03  0.15000E+03
 W-volume [L]        0.30657E+02  0.30657E+02
 In-flow  [L/T]     -0.38958E-02 -0.38958E-02
 h Mean   [L]       -0.51989E+04 -0.51989E+04
 Top Flux [L/T]      0.38565E-02
 Bot Flux [L/T]     -0.39092E-04
 WatBalT  [L]        0.10860E+01
 WatBalR  [%]              0.796
----------------------------------------------------------

----------------------------------------------------------
 Time       [T]      666.0000
----------------------------------------------------------
 Sub-region num.                     1
----------------------------------------------------------
 Length   [L]        0.15000E+03  0.15000E+03
 W-volume [L]        0.30653E+02  0.30653E+02
 In-flow  [L/T]     -0.38187E-02 -0.38187E-02
 h Mean   [L]       -0.52021E+04 -0.52021E+04
 Top Flux [L/T]      0.37797E-02
 Bot Flux [L/T]     -0.39092E-04
 WatBalT  [L]        0.10860E+01
 WatBalR  [%]              0.796
----------------------------------------------------------

----------------------------------------------------------
 Time       [T]      667.0000
----------------------------------------------------------
 Sub-region num.                     1
----------------------------------------------------------
 Length   [L]        0.15000E+03  0.15000E+03
 W-volume [L]        0.30649E+02  0.30649E+02
 In-flow  [L/T]     -0.37448E-02 -0.37448E-02
 h Mean   [L]       -0.52052E+04 -0.52052E+04
 Top Flux [L/T]      0.37061E-02
 Bot Flux [L/T]     -0.39083E-04
 WatBalT  [L]        0.10860E+01
 WatBalR  [%]              0.796
----------------------------------------------------------

----------------------------------------------------------
 Time       [T]      668.0000
----------------------------------------------------------
 Sub-region num.                     1
----------------------------------------------------------
 Length   [L]        0.15000E+03  0.15000E+03
 W-volume [L]        0.30646E+02  0.30646E+02
 In-flow  [L/T]     -0.36745E-02 -0.36745E-02
 h Mean   [L]       -0.52082E+04 -0.52082E+04
 Top Flux [L/T]      0.36355E-02
 Bot Flux [L/T]     -0.39102E-04
 WatBalT  [L]        0.10860E+01
 WatBalR  [%]              0.796
----------------------------------------------------------

----------------------------------------------------------
 Time       [T]      669.0000
----------------------------------------------------------
 Sub-region num.                     1
----------------------------------------------------------
 Length   [L]        0.15000E+03  0.15000E+03
 W-volume [L]        0.30642E+02  0.30642E+02
 In-flow  [L/T]     -0.36066E-02 -0.36066E-02
 h Mean   [L]       -0.52112E+04 -0.52112E+04
 Top Flux [L/T]      0.35676E-02
 Bot Flux [L/T]     -0.39087E-04
 WatBalT  [L]        0.10860E+01
 WatBalR  [%]              0.796
----------------------------------------------------------

----------------------------------------------------------
 Time       [T]      670.0000
----------------------------------------------------------
 Sub-region num.                     1
----------------------------------------------------------
 Length   [L]        0.15000E+03  0.15000E+03
 W-volume [L]        0.30639E+02  0.30639E+02
 In-flow  [L/T]     -0.35410E-02 -0.35410E-02
 h Mean   [L]       -0.52142E+04 -0.52142E+04
 Top Flux [L/T]      0.35021E-02
 Bot Flux [L/T]     -0.39082E-04
 WatBalT  [L]        0.10860E+01
 WatBalR  [%]              0.796
----------------------------------------------------------

----------------------------------------------------------
 Time       [T]      671.0000
----------------------------------------------------------
 Sub-region num.                     1
----------------------------------------------------------
 Length   [L]        0.15000E+03  0.15000E+03
 W-volume [L]        0.30635E+02  0.30635E+02
 In-flow  [L/T]     -0.34783E-02 -0.34783E-02
 h Mean   [L]       -0.52170E+04 -0.52170E+04
 Top Flux [L/T]      0.34388E-02
 Bot Flux [L/T]     -0.39082E-04
 WatBalT  [L]        0.10860E+01
 WatBalR  [%]              0.796
----------------------------------------------------------

----------------------------------------------------------
 Time       [T]      672.0000
----------------------------------------------------------
 Sub-region num.                     1
----------------------------------------------------------
 Length   [L]        0.15000E+03  0.15000E+03
 W-volume [L]        0.30632E+02  0.30632E+02
 In-flow  [L/T]     -0.34169E-02 -0.34169E-02
 h Mean   [L]       -0.52199E+04 -0.52199E+04
 Top Flux [L/T]      0.33777E-02
 Bot Flux [L/T]     -0.39092E-04
 WatBalT  [L]        0.10860E+01
 WatBalR  [%]              0.796
----------------------------------------------------------

----------------------------------------------------------
 Time       [T]      673.0000
----------------------------------------------------------
 Sub-region num.                     1
----------------------------------------------------------
 Length   [L]        0.15000E+03  0.15000E+03
 W-volume [L]        0.30628E+02  0.30628E+02
 In-flow  [L/T]     -0.33577E-02 -0.33577E-02
 h Mean   [L]       -0.52226E+04 -0.52226E+04
 Top Flux [L/T]      0.33186E-02
 Bot Flux [L/T]     -0.39097E-04
 WatBalT  [L]        0.10860E+01
 WatBalR  [%]              0.796
----------------------------------------------------------

----------------------------------------------------------
 Time       [T]      674.0000
----------------------------------------------------------
 Sub-region num.                     1
----------------------------------------------------------
 Length   [L]        0.15000E+03  0.15000E+03
 W-volume [L]        0.30625E+02  0.30625E+02
 In-flow  [L/T]     -0.33000E-02 -0.33000E-02
 h Mean   [L]       -0.52253E+04 -0.52253E+04
 Top Flux [L/T]      0.32613E-02
 Bot Flux [L/T]     -0.39092E-04
 WatBalT  [L]        0.10860E+01
 WatBalR  [%]              0.796
----------------------------------------------------------

----------------------------------------------------------
 Time       [T]      675.0000
----------------------------------------------------------
 Sub-region num.                     1
----------------------------------------------------------
 Length   [L]        0.15000E+03  0.15000E+03
 W-volume [L]        0.30622E+02  0.30622E+02
 In-flow  [L/T]     -0.32447E-02 -0.32447E-02
 h Mean   [L]       -0.52280E+04 -0.52280E+04
 Top Flux [L/T]      0.32058E-02
 Bot Flux [L/T]     -0.39078E-04
 WatBalT  [L]        0.10860E+01
 WatBalR  [%]              0.795
----------------------------------------------------------

----------------------------------------------------------
 Time       [T]      676.0000
----------------------------------------------------------
 Sub-region num.                     1
----------------------------------------------------------
 Length   [L]        0.15000E+03  0.15000E+03
 W-volume [L]        0.30618E+02  0.30618E+02
 In-flow  [L/T]     -0.31911E-02 -0.31911E-02
 h Mean   [L]       -0.52306E+04 -0.52306E+04
 Top Flux [L/T]      0.31519E-02
 Bot Flux [L/T]     -0.39073E-04
 WatBalT  [L]        0.10860E+01
 WatBalR  [%]              0.795
----------------------------------------------------------

----------------------------------------------------------
 Time       [T]      677.0000
----------------------------------------------------------
 Sub-region num.                     1
----------------------------------------------------------
 Length   [L]        0.15000E+03  0.15000E+03
 W-volume [L]        0.30615E+02  0.30615E+02
 In-flow  [L/T]     -0.31471E-02 -0.31471E-02
 h Mean   [L]       -0.52332E+04 -0.52332E+04
 Top Flux [L/T]      0.31078E-02
 Bot Flux [L/T]     -0.39097E-04
 WatBalT  [L]        0.10860E+01
 WatBalR  [%]              0.795
----------------------------------------------------------

----------------------------------------------------------
 Time       [T]      678.0000
----------------------------------------------------------
 Sub-region num.                     1
----------------------------------------------------------
 Length   [L]        0.15000E+03  0.15000E+03
 W-volume [L]        0.30612E+02  0.30612E+02
 In-flow  [L/T]     -0.31088E-02 -0.31088E-02
 h Mean   [L]       -0.52357E+04 -0.52357E+04
 Top Flux [L/T]      0.30696E-02
 Bot Flux [L/T]     -0.39092E-04
 WatBalT  [L]        0.10860E+01
 WatBalR  [%]              0.795
----------------------------------------------------------

----------------------------------------------------------
 Time       [T]      679.0000
----------------------------------------------------------
 Sub-region num.                     1
----------------------------------------------------------
 Length   [L]        0.15000E+03  0.15000E+03
 W-volume [L]        0.30609E+02  0.30609E+02
 In-flow  [L/T]     -0.30734E-02 -0.30734E-02
 h Mean   [L]       -0.52381E+04 -0.52381E+04
 Top Flux [L/T]      0.30341E-02
 Bot Flux [L/T]     -0.39106E-04
 WatBalT  [L]        0.10860E+01
 WatBalR  [%]              0.795
----------------------------------------------------------

----------------------------------------------------------
 Time       [T]      680.0000
----------------------------------------------------------
 Sub-region num.                     1
----------------------------------------------------------
 Length   [L]        0.15000E+03  0.15000E+03
 W-volume [L]        0.30606E+02  0.30606E+02
 In-flow  [L/T]     -0.30386E-02 -0.30386E-02
 h Mean   [L]       -0.52405E+04 -0.52405E+04
 Top Flux [L/T]      0.29992E-02
 Bot Flux [L/T]     -0.39087E-04
 WatBalT  [L]        0.10860E+01
 WatBalR  [%]              0.795
----------------------------------------------------------

----------------------------------------------------------
 Time       [T]      681.0000
----------------------------------------------------------
 Sub-region num.                     1
----------------------------------------------------------
 Length   [L]        0.15000E+03  0.15000E+03
 W-volume [L]        0.30603E+02  0.30603E+02
 In-flow  [L/T]     -0.30035E-02 -0.30035E-02
 h Mean   [L]       -0.52429E+04 -0.52429E+04
 Top Flux [L/T]      0.29644E-02
 Bot Flux [L/T]     -0.39106E-04
 WatBalT  [L]        0.10860E+01
 WatBalR  [%]              0.795
----------------------------------------------------------

----------------------------------------------------------
 Time       [T]      682.0000
----------------------------------------------------------
 Sub-region num.                     1
----------------------------------------------------------
 Length   [L]        0.15000E+03  0.15000E+03
 W-volume [L]        0.30600E+02  0.30600E+02
 In-flow  [L/T]     -0.29682E-02 -0.29682E-02
 h Mean   [L]       -0.52453E+04 -0.52453E+04
 Top Flux [L/T]      0.29293E-02
 Bot Flux [L/T]     -0.39087E-04
 WatBalT  [L]        0.10860E+01
 WatBalR  [%]              0.795
----------------------------------------------------------

----------------------------------------------------------
 Time       [T]      683.0000
----------------------------------------------------------
 Sub-region num.                     1
----------------------------------------------------------
 Length   [L]        0.15000E+03  0.15000E+03
 W-volume [L]        0.30597E+02  0.30597E+02
 In-flow  [L/T]     -0.29335E-02 -0.29335E-02
 h Mean   [L]       -0.52477E+04 -0.52477E+04
 Top Flux [L/T]      0.28940E-02
 Bot Flux [L/T]     -0.39096E-04
 WatBalT  [L]        0.10860E+01
 WatBalR  [%]              0.795
----------------------------------------------------------

----------------------------------------------------------
 Time       [T]      684.0000
----------------------------------------------------------
 Sub-region num.                     1
----------------------------------------------------------
 Length   [L]        0.15000E+03  0.15000E+03
 W-volume [L]        0.30594E+02  0.30594E+02
 In-flow  [L/T]     -0.28971E-02 -0.28971E-02
 h Mean   [L]       -0.52501E+04 -0.52501E+04
 Top Flux [L/T]      0.28586E-02
 Bot Flux [L/T]     -0.39091E-04
 WatBalT  [L]        0.10860E+01
 WatBalR  [%]              0.795
----------------------------------------------------------

----------------------------------------------------------
 Time       [T]      685.0000
----------------------------------------------------------
 Sub-region num.                     1
----------------------------------------------------------
 Length   [L]        0.15000E+03  0.15000E+03
 W-volume [L]        0.30591E+02  0.30591E+02
 In-flow  [L/T]     -0.28620E-02 -0.28620E-02
 h Mean   [L]       -0.52526E+04 -0.52526E+04
 Top Flux [L/T]      0.28231E-02
 Bot Flux [L/T]     -0.39096E-04
 WatBalT  [L]        0.10860E+01
 WatBalR  [%]              0.795
----------------------------------------------------------

----------------------------------------------------------
 Time       [T]      686.0000
----------------------------------------------------------
 Sub-region num.                     1
----------------------------------------------------------
 Length   [L]        0.15000E+03  0.15000E+03
 W-volume [L]        0.30588E+02  0.30588E+02
 In-flow  [L/T]     -0.28271E-02 -0.28271E-02
 h Mean   [L]       -0.52550E+04 -0.52550E+04
 Top Flux [L/T]      0.27880E-02
 Bot Flux [L/T]     -0.39091E-04
 WatBalT  [L]        0.10860E+01
 WatBalR  [%]              0.795
----------------------------------------------------------

----------------------------------------------------------
 Time       [T]      687.0000
----------------------------------------------------------
 Sub-region num.                     1
----------------------------------------------------------
 Length   [L]        0.15000E+03  0.15000E+03
 W-volume [L]        0.30586E+02  0.30586E+02
 In-flow  [L/T]     -0.27933E-02 -0.27933E-02
 h Mean   [L]       -0.52574E+04 -0.52574E+04
 Top Flux [L/T]      0.27540E-02
 Bot Flux [L/T]     -0.39115E-04
 WatBalT  [L]        0.10860E+01
 WatBalR  [%]              0.795
----------------------------------------------------------

----------------------------------------------------------
 Time       [T]      688.0000
----------------------------------------------------------
 Sub-region num.                     1
----------------------------------------------------------
 Length   [L]        0.15000E+03  0.15000E+03
 W-volume [L]        0.30583E+02  0.30583E+02
 In-flow  [L/T]     -0.27610E-02 -0.27610E-02
 h Mean   [L]       -0.52597E+04 -0.52597E+04
 Top Flux [L/T]      0.27225E-02
 Bot Flux [L/T]     -0.39096E-04
 WatBalT  [L]        0.10860E+01
 WatBalR  [%]              0.795
----------------------------------------------------------

----------------------------------------------------------
 Time       [T]      689.0000
----------------------------------------------------------
 Sub-region num.                     1
----------------------------------------------------------
 Length   [L]        0.15000E+03  0.15000E+03
 W-volume [L]        0.30580E+02  0.30580E+02
 In-flow  [L/T]     -0.27316E-02 -0.27316E-02
 h Mean   [L]       -0.52619E+04 -0.52619E+04
 Top Flux [L/T]      0.26932E-02
 Bot Flux [L/T]     -0.39101E-04
 WatBalT  [L]        0.10860E+01
 WatBalR  [%]              0.795
----------------------------------------------------------

----------------------------------------------------------
 Time       [T]      690.0000
----------------------------------------------------------
 Sub-region num.                     1
----------------------------------------------------------
 Length   [L]        0.15000E+03  0.15000E+03
 W-volume [L]        0.30577E+02  0.30577E+02
 In-flow  [L/T]     -0.27045E-02 -0.27045E-02
 h Mean   [L]       -0.52641E+04 -0.52641E+04
 Top Flux [L/T]      0.26658E-02
 Bot Flux [L/T]     -0.39096E-04
 WatBalT  [L]        0.10860E+01
 WatBalR  [%]              0.795
----------------------------------------------------------

----------------------------------------------------------
 Time       [T]      691.0000
----------------------------------------------------------
 Sub-region num.                     1
----------------------------------------------------------
 Length   [L]        0.15000E+03  0.15000E+03
 W-volume [L]        0.30575E+02  0.30575E+02
 In-flow  [L/T]     -0.26787E-02 -0.26787E-02
 h Mean   [L]       -0.52662E+04 -0.52662E+04
 Top Flux [L/T]      0.26398E-02
 Bot Flux [L/T]     -0.39077E-04
 WatBalT  [L]        0.10860E+01
 WatBalR  [%]              0.795
----------------------------------------------------------

----------------------------------------------------------
 Time       [T]      692.0000
----------------------------------------------------------
 Sub-region num.                     1
----------------------------------------------------------
 Length   [L]        0.15000E+03  0.15000E+03
 W-volume [L]        0.30572E+02  0.30572E+02
 In-flow  [L/T]     -0.26542E-02 -0.26542E-02
 h Mean   [L]       -0.52683E+04 -0.52683E+04
 Top Flux [L/T]      0.26150E-02
 Bot Flux [L/T]     -0.39096E-04
 WatBalT  [L]        0.10860E+01
 WatBalR  [%]              0.795
----------------------------------------------------------

----------------------------------------------------------
 Time       [T]      693.0000
----------------------------------------------------------
 Sub-region num.                     1
----------------------------------------------------------
 Length   [L]        0.15000E+03  0.15000E+03
 W-volume [L]        0.30569E+02  0.30569E+02
 In-flow  [L/T]     -0.26297E-02 -0.26297E-02
 h Mean   [L]       -0.52703E+04 -0.52703E+04
 Top Flux [L/T]      0.25909E-02
 Bot Flux [L/T]     -0.39086E-04
 WatBalT  [L]        0.10860E+01
 WatBalR  [%]              0.795
----------------------------------------------------------

----------------------------------------------------------
 Time       [T]      694.0000
----------------------------------------------------------
 Sub-region num.                     1
----------------------------------------------------------
 Length   [L]        0.15000E+03  0.15000E+03
 W-volume [L]        0.30567E+02  0.30567E+02
 In-flow  [L/T]     -0.26068E-02 -0.26068E-02
 h Mean   [L]       -0.52723E+04 -0.52723E+04
 Top Flux [L/T]      0.25675E-02
 Bot Flux [L/T]     -0.39110E-04
 WatBalT  [L]        0.10860E+01
 WatBalR  [%]              0.795
----------------------------------------------------------

----------------------------------------------------------
 Time       [T]      695.0000
----------------------------------------------------------
 Sub-region num.                     1
----------------------------------------------------------
 Length   [L]        0.15000E+03  0.15000E+03
 W-volume [L]        0.30564E+02  0.30564E+02
 In-flow  [L/T]     -0.25837E-02 -0.25837E-02
 h Mean   [L]       -0.52744E+04 -0.52744E+04
 Top Flux [L/T]      0.25446E-02
 Bot Flux [L/T]     -0.39086E-04
 WatBalT  [L]        0.10860E+01
 WatBalR  [%]              0.795
----------------------------------------------------------

----------------------------------------------------------
 Time       [T]      696.0000
----------------------------------------------------------
 Sub-region num.                     1
----------------------------------------------------------
 Length   [L]        0.15000E+03  0.15000E+03
 W-volume [L]        0.30562E+02  0.30562E+02
 In-flow  [L/T]     -0.25611E-02 -0.25611E-02
 h Mean   [L]       -0.52764E+04 -0.52764E+04
 Top Flux [L/T]      0.25221E-02
 Bot Flux [L/T]     -0.39096E-04
 WatBalT  [L]        0.10860E+01
 WatBalR  [%]              0.795
----------------------------------------------------------

----------------------------------------------------------
 Time       [T]      697.0000
----------------------------------------------------------
 Sub-region num.                     1
----------------------------------------------------------
 Length   [L]        0.15000E+03  0.15000E+03
 W-volume [L]        0.30559E+02  0.30559E+02
 In-flow  [L/T]     -0.25387E-02 -0.25387E-02
 h Mean   [L]       -0.52784E+04 -0.52784E+04
 Top Flux [L/T]      0.25002E-02
 Bot Flux [L/T]     -0.39091E-04
 WatBalT  [L]        0.10860E+01
 WatBalR  [%]              0.795
----------------------------------------------------------

----------------------------------------------------------
 Time       [T]      698.0000
----------------------------------------------------------
 Sub-region num.                     1
----------------------------------------------------------
 Length   [L]        0.15000E+03  0.15000E+03
 W-volume [L]        0.30557E+02  0.30557E+02
 In-flow  [L/T]     -0.25181E-02 -0.25181E-02
 h Mean   [L]       -0.52804E+04 -0.52804E+04
 Top Flux [L/T]      0.24789E-02
 Bot Flux [L/T]     -0.39086E-04
 WatBalT  [L]        0.10860E+01
 WatBalR  [%]              0.795
----------------------------------------------------------

----------------------------------------------------------
 Time       [T]      699.0000
----------------------------------------------------------
 Sub-region num.                     1
----------------------------------------------------------
 Length   [L]        0.15000E+03  0.15000E+03
 W-volume [L]        0.30554E+02  0.30554E+02
 In-flow  [L/T]     -0.24978E-02 -0.24978E-02
 h Mean   [L]       -0.52823E+04 -0.52823E+04
 Top Flux [L/T]      0.24583E-02
 Bot Flux [L/T]     -0.39091E-04
 WatBalT  [L]        0.10860E+01
 WatBalR  [%]              0.795
----------------------------------------------------------

----------------------------------------------------------
 Time       [T]      700.0000
----------------------------------------------------------
 Sub-region num.                     1
----------------------------------------------------------
 Length   [L]        0.15000E+03  0.15000E+03
 W-volume [L]        0.30552E+02  0.30552E+02
 In-flow  [L/T]     -0.24774E-02 -0.24774E-02
 h Mean   [L]       -0.52842E+04 -0.52842E+04
 Top Flux [L/T]      0.24384E-02
 Bot Flux [L/T]     -0.39086E-04
 WatBalT  [L]        0.10860E+01
 WatBalR  [%]              0.795
----------------------------------------------------------

----------------------------------------------------------
 Time       [T]      701.0000
----------------------------------------------------------
 Sub-region num.                     1
----------------------------------------------------------
 Length   [L]        0.15000E+03  0.15000E+03
 W-volume [L]        0.30549E+02  0.30549E+02
 In-flow  [L/T]     -0.24581E-02 -0.24581E-02
 h Mean   [L]       -0.52861E+04 -0.52861E+04
 Top Flux [L/T]      0.24191E-02
 Bot Flux [L/T]     -0.39105E-04
 WatBalT  [L]        0.10860E+01
 WatBalR  [%]              0.795
----------------------------------------------------------

----------------------------------------------------------
 Time       [T]      702.0000
----------------------------------------------------------
 Sub-region num.                     1
----------------------------------------------------------
 Length   [L]        0.15000E+03  0.15000E+03
 W-volume [L]        0.30547E+02  0.30547E+02
 In-flow  [L/T]     -0.24396E-02 -0.24396E-02
 h Mean   [L]       -0.52879E+04 -0.52879E+04
 Top Flux [L/T]      0.24004E-02
 Bot Flux [L/T]     -0.39091E-04
 WatBalT  [L]        0.10860E+01
 WatBalR  [%]              0.795
----------------------------------------------------------

----------------------------------------------------------
 Time       [T]      703.0000
----------------------------------------------------------
 Sub-region num.                     1
----------------------------------------------------------
 Length   [L]        0.15000E+03  0.15000E+03
 W-volume [L]        0.30544E+02  0.30544E+02
 In-flow  [L/T]     -0.24211E-02 -0.24211E-02
 h Mean   [L]       -0.52898E+04 -0.52898E+04
 Top Flux [L/T]      0.23823E-02
 Bot Flux [L/T]     -0.39091E-04
 WatBalT  [L]        0.10860E+01
 WatBalR  [%]              0.795
----------------------------------------------------------

----------------------------------------------------------
 Time       [T]      704.0000
----------------------------------------------------------
 Sub-region num.                     1
----------------------------------------------------------
 Length   [L]        0.15000E+03  0.15000E+03
 W-volume [L]        0.30542E+02  0.30542E+02
 In-flow  [L/T]     -0.24040E-02 -0.24040E-02
 h Mean   [L]       -0.52916E+04 -0.52916E+04
 Top Flux [L/T]      0.23646E-02
 Bot Flux [L/T]     -0.39100E-04
 WatBalT  [L]        0.10859E+01
 WatBalR  [%]              0.795
----------------------------------------------------------

----------------------------------------------------------
 Time       [T]      705.0000
----------------------------------------------------------
 Sub-region num.                     1
----------------------------------------------------------
 Length   [L]        0.15000E+03  0.15000E+03
 W-volume [L]        0.30540E+02  0.30540E+02
 In-flow  [L/T]     -0.23864E-02 -0.23864E-02
 h Mean   [L]       -0.52934E+04 -0.52934E+04
 Top Flux [L/T]      0.23473E-02
 Bot Flux [L/T]     -0.39105E-04
 WatBalT  [L]        0.10860E+01
 WatBalR  [%]              0.795
----------------------------------------------------------

----------------------------------------------------------
 Time       [T]      706.0000
----------------------------------------------------------
 Sub-region num.                     1
----------------------------------------------------------
 Length   [L]        0.15000E+03  0.15000E+03
 W-volume [L]        0.30537E+02  0.30537E+02
 In-flow  [L/T]     -0.23693E-02 -0.23693E-02
 h Mean   [L]       -0.52951E+04 -0.52951E+04
 Top Flux [L/T]      0.23303E-02
 Bot Flux [L/T]     -0.39096E-04
 WatBalT  [L]        0.10860E+01
 WatBalR  [%]              0.795
----------------------------------------------------------

----------------------------------------------------------
 Time       [T]      707.0000
----------------------------------------------------------
 Sub-region num.                     1
----------------------------------------------------------
 Length   [L]        0.15000E+03  0.15000E+03
 W-volume [L]        0.30535E+02  0.30535E+02
 In-flow  [L/T]     -0.23525E-02 -0.23525E-02
 h Mean   [L]       -0.52969E+04 -0.52969E+04
 Top Flux [L/T]      0.23137E-02
 Bot Flux [L/T]     -0.39086E-04
 WatBalT  [L]        0.10860E+01
 WatBalR  [%]              0.795
----------------------------------------------------------

----------------------------------------------------------
 Time       [T]      708.0000
----------------------------------------------------------
 Sub-region num.                     1
----------------------------------------------------------
 Length   [L]        0.15000E+03  0.15000E+03
 W-volume [L]        0.30532E+02  0.30532E+02
 In-flow  [L/T]     -0.23364E-02 -0.23364E-02
 h Mean   [L]       -0.52986E+04 -0.52986E+04
 Top Flux [L/T]      0.22973E-02
 Bot Flux [L/T]     -0.39100E-04
 WatBalT  [L]        0.10860E+01
 WatBalR  [%]              0.795
----------------------------------------------------------

----------------------------------------------------------
 Time       [T]      709.0000
----------------------------------------------------------
 Sub-region num.                     1
----------------------------------------------------------
 Length   [L]        0.15000E+03  0.15000E+03
 W-volume [L]        0.30530E+02  0.30530E+02
 In-flow  [L/T]     -0.23203E-02 -0.23203E-02
 h Mean   [L]       -0.53003E+04 -0.53003E+04
 Top Flux [L/T]      0.22811E-02
 Bot Flux [L/T]     -0.39105E-04
 WatBalT  [L]        0.10860E+01
 WatBalR  [%]              0.795
----------------------------------------------------------

----------------------------------------------------------
 Time       [T]      710.0000
----------------------------------------------------------
 Sub-region num.                     1
----------------------------------------------------------
 Length   [L]        0.15000E+03  0.15000E+03
 W-volume [L]        0.30528E+02  0.30528E+02
 In-flow  [L/T]     -0.23042E-02 -0.23042E-02
 h Mean   [L]       -0.53020E+04 -0.53020E+04
 Top Flux [L/T]      0.22652E-02
 Bot Flux [L/T]     -0.39095E-04
 WatBalT  [L]        0.10859E+01
 WatBalR  [%]              0.795
----------------------------------------------------------

----------------------------------------------------------
 Time       [T]      711.0000
----------------------------------------------------------
 Sub-region num.                     1
----------------------------------------------------------
 Length   [L]        0.15000E+03  0.15000E+03
 W-volume [L]        0.30526E+02  0.30526E+02
 In-flow  [L/T]     -0.22882E-02 -0.22882E-02
 h Mean   [L]       -0.53037E+04 -0.53037E+04
 Top Flux [L/T]      0.22495E-02
 Bot Flux [L/T]     -0.39086E-04
 WatBalT  [L]        0.10860E+01
 WatBalR  [%]              0.795
----------------------------------------------------------

----------------------------------------------------------
 Time       [T]      712.0000
----------------------------------------------------------
 Sub-region num.                     1
----------------------------------------------------------
 Length   [L]        0.15000E+03  0.15000E+03
 W-volume [L]        0.30523E+02  0.30523E+02
 In-flow  [L/T]     -0.22729E-02 -0.22729E-02
 h Mean   [L]       -0.53054E+04 -0.53054E+04
 Top Flux [L/T]      0.22340E-02
 Bot Flux [L/T]     -0.39091E-04
 WatBalT  [L]        0.10859E+01
 WatBalR  [%]              0.795
----------------------------------------------------------

----------------------------------------------------------
 Time       [T]      713.0000
----------------------------------------------------------
 Sub-region num.                     1
----------------------------------------------------------
 Length   [L]        0.15000E+03  0.15000E+03
 W-volume [L]        0.30521E+02  0.30521E+02
 In-flow  [L/T]     -0.22576E-02 -0.22576E-02
 h Mean   [L]       -0.53071E+04 -0.53071E+04
 Top Flux [L/T]      0.22186E-02
 Bot Flux [L/T]     -0.39091E-04
 WatBalT  [L]        0.10859E+01
 WatBalR  [%]              0.795
----------------------------------------------------------

----------------------------------------------------------
 Time       [T]      714.0000
----------------------------------------------------------
 Sub-region num.                     1
----------------------------------------------------------
 Length   [L]        0.15000E+03  0.15000E+03
 W-volume [L]        0.30519E+02  0.30519E+02
 In-flow  [L/T]     -0.22422E-02 -0.22422E-02
 h Mean   [L]       -0.53088E+04 -0.53088E+04
 Top Flux [L/T]      0.22033E-02
 Bot Flux [L/T]     -0.39091E-04
 WatBalT  [L]        0.10859E+01
 WatBalR  [%]              0.795
----------------------------------------------------------

----------------------------------------------------------
 Time       [T]      715.0000
----------------------------------------------------------
 Sub-region num.                     1
----------------------------------------------------------
 Length   [L]        0.15000E+03  0.15000E+03
 W-volume [L]        0.30517E+02  0.30517E+02
 In-flow  [L/T]     -0.22272E-02 -0.22272E-02
 h Mean   [L]       -0.53104E+04 -0.53104E+04
 Top Flux [L/T]      0.21882E-02
 Bot Flux [L/T]     -0.39086E-04
 WatBalT  [L]        0.10860E+01
 WatBalR  [%]              0.795
----------------------------------------------------------

----------------------------------------------------------
 Time       [T]      716.0000
----------------------------------------------------------
 Sub-region num.                     1
----------------------------------------------------------
 Length   [L]        0.15000E+03  0.15000E+03
 W-volume [L]        0.30514E+02  0.30514E+02
 In-flow  [L/T]     -0.22122E-02 -0.22122E-02
 h Mean   [L]       -0.53121E+04 -0.53121E+04
 Top Flux [L/T]      0.21732E-02
 Bot Flux [L/T]     -0.39100E-04
 WatBalT  [L]        0.10860E+01
 WatBalR  [%]              0.795
----------------------------------------------------------

----------------------------------------------------------
 Time       [T]      717.0000
----------------------------------------------------------
 Sub-region num.                     1
----------------------------------------------------------
 Length   [L]        0.15000E+03  0.15000E+03
 W-volume [L]        0.30512E+02  0.30512E+02
 In-flow  [L/T]     -0.21974E-02 -0.21974E-02
 h Mean   [L]       -0.53138E+04 -0.53138E+04
 Top Flux [L/T]      0.21584E-02
 Bot Flux [L/T]     -0.39100E-04
 WatBalT  [L]        0.10860E+01
 WatBalR  [%]              0.795
----------------------------------------------------------

----------------------------------------------------------
 Time       [T]      718.0000
----------------------------------------------------------
 Sub-region num.                     1
----------------------------------------------------------
 Length   [L]        0.15000E+03  0.15000E+03
 W-volume [L]        0.30510E+02  0.30510E+02
 In-flow  [L/T]     -0.21830E-02 -0.21830E-02
 h Mean   [L]       -0.53155E+04 -0.53155E+04
 Top Flux [L/T]      0.21437E-02
 Bot Flux [L/T]     -0.39081E-04
 WatBalT  [L]        0.10859E+01
 WatBalR  [%]              0.795
----------------------------------------------------------

----------------------------------------------------------
 Time       [T]      719.0000
----------------------------------------------------------
 Sub-region num.                     1
----------------------------------------------------------
 Length   [L]        0.15000E+03  0.15000E+03
 W-volume [L]        0.30508E+02  0.30508E+02
 In-flow  [L/T]     -0.21681E-02 -0.21681E-02
 h Mean   [L]       -0.53171E+04 -0.53171E+04
 Top Flux [L/T]      0.21291E-02
 Bot Flux [L/T]     -0.39086E-04
 WatBalT  [L]        0.10859E+01
 WatBalR  [%]              0.795
----------------------------------------------------------

----------------------------------------------------------
 Time       [T]      720.0000
----------------------------------------------------------
 Sub-region num.                     1
----------------------------------------------------------
 Length   [L]        0.15000E+03  0.15000E+03
 W-volume [L]        0.30506E+02  0.30506E+02
 In-flow  [L/T]     -0.21534E-02 -0.21534E-02
 h Mean   [L]       -0.53187E+04 -0.53187E+04
 Top Flux [L/T]      0.21147E-02
 Bot Flux [L/T]     -0.39090E-04
 WatBalT  [L]        0.10859E+01
 WatBalR  [%]              0.795
----------------------------------------------------------

----------------------------------------------------------
 Time       [T]      721.0000
----------------------------------------------------------
 Sub-region num.                     1
----------------------------------------------------------
 Length   [L]        0.15000E+03  0.15000E+03
 W-volume [L]        0.30503E+02  0.30503E+02
 In-flow  [L/T]     -0.21398E-02 -0.21398E-02
 h Mean   [L]       -0.53204E+04 -0.53204E+04
 Top Flux [L/T]      0.21005E-02
 Bot Flux [L/T]     -0.39095E-04
 WatBalT  [L]        0.10859E+01
 WatBalR  [%]              0.795
----------------------------------------------------------

----------------------------------------------------------
 Time       [T]      722.0000
----------------------------------------------------------
 Sub-region num.                     1
----------------------------------------------------------
 Length   [L]        0.15000E+03  0.15000E+03
 W-volume [L]        0.30501E+02  0.30501E+02
 In-flow  [L/T]     -0.21251E-02 -0.21251E-02
 h Mean   [L]       -0.53220E+04 -0.53220E+04
 Top Flux [L/T]      0.20865E-02
 Bot Flux [L/T]     -0.39086E-04
 WatBalT  [L]        0.10859E+01
 WatBalR  [%]              0.795
----------------------------------------------------------

----------------------------------------------------------
 Time       [T]      723.0000
----------------------------------------------------------
 Sub-region num.                     1
----------------------------------------------------------
 Length   [L]        0.15000E+03  0.15000E+03
 W-volume [L]        0.30499E+02  0.30499E+02
 In-flow  [L/T]     -0.21110E-02 -0.21110E-02
 h Mean   [L]       -0.53236E+04 -0.53236E+04
 Top Flux [L/T]      0.20726E-02
 Bot Flux [L/T]     -0.39086E-04
 WatBalT  [L]        0.10859E+01
 WatBalR  [%]              0.795
----------------------------------------------------------

----------------------------------------------------------
 Time       [T]      724.0000
----------------------------------------------------------
 Sub-region num.                     1
----------------------------------------------------------
 Length   [L]        0.15000E+03  0.15000E+03
 W-volume [L]        0.30497E+02  0.30497E+02
 In-flow  [L/T]     -0.20978E-02 -0.20978E-02
 h Mean   [L]       -0.53251E+04 -0.53251E+04
 Top Flux [L/T]      0.20589E-02
 Bot Flux [L/T]     -0.39090E-04
 WatBalT  [L]        0.10859E+01
 WatBalR  [%]              0.795
----------------------------------------------------------

----------------------------------------------------------
 Time       [T]      725.0000
----------------------------------------------------------
 Sub-region num.                     1
----------------------------------------------------------
 Length   [L]        0.15000E+03  0.15000E+03
 W-volume [L]        0.30495E+02  0.30495E+02
 In-flow  [L/T]     -0.20838E-02 -0.20838E-02
 h Mean   [L]       -0.53267E+04 -0.53267E+04
 Top Flux [L/T]      0.20454E-02
 Bot Flux [L/T]     -0.39081E-04
 WatBalT  [L]        0.10859E+01
 WatBalR  [%]              0.795
----------------------------------------------------------

----------------------------------------------------------
 Time       [T]      726.0000
----------------------------------------------------------
 Sub-region num.                     1
----------------------------------------------------------
 Length   [L]        0.15000E+03  0.15000E+03
 W-volume [L]        0.30493E+02  0.30493E+02
 In-flow  [L/T]     -0.20707E-02 -0.20707E-02
 h Mean   [L]       -0.53283E+04 -0.53283E+04
 Top Flux [L/T]      0.20321E-02
 Bot Flux [L/T]     -0.39085E-04
 WatBalT  [L]        0.10859E+01
 WatBalR  [%]              0.795
----------------------------------------------------------

----------------------------------------------------------
 Time       [T]      727.0000
----------------------------------------------------------
 Sub-region num.                     1
----------------------------------------------------------
 Length   [L]        0.15000E+03  0.15000E+03
 W-volume [L]        0.30491E+02  0.30491E+02
 In-flow  [L/T]     -0.20582E-02 -0.20582E-02
 h Mean   [L]       -0.53298E+04 -0.53298E+04
 Top Flux [L/T]      0.20189E-02
 Bot Flux [L/T]     -0.39100E-04
 WatBalT  [L]        0.10859E+01
 WatBalR  [%]              0.795
----------------------------------------------------------

----------------------------------------------------------
 Time       [T]      728.0000
----------------------------------------------------------
 Sub-region num.                     1
----------------------------------------------------------
 Length   [L]        0.15000E+03  0.15000E+03
 W-volume [L]        0.30489E+02  0.30489E+02
 In-flow  [L/T]     -0.20451E-02 -0.20451E-02
 h Mean   [L]       -0.53313E+04 -0.53313E+04
 Top Flux [L/T]      0.20059E-02
 Bot Flux [L/T]     -0.39081E-04
 WatBalT  [L]        0.10859E+01
 WatBalR  [%]              0.795
----------------------------------------------------------

----------------------------------------------------------
 Time       [T]      729.0000
----------------------------------------------------------
 Sub-region num.                     1
----------------------------------------------------------
 Length   [L]        0.15000E+03  0.15000E+03
 W-volume [L]        0.30487E+02  0.30487E+02
 In-flow  [L/T]     -0.20318E-02 -0.20318E-02
 h Mean   [L]       -0.53329E+04 -0.53329E+04
 Top Flux [L/T]      0.19931E-02
 Bot Flux [L/T]     -0.39095E-04
 WatBalT  [L]        0.10859E+01
 WatBalR  [%]              0.795
----------------------------------------------------------

----------------------------------------------------------
 Time       [T]      730.0000
----------------------------------------------------------
 Sub-region num.                     1
----------------------------------------------------------
 Length   [L]        0.15000E+03  0.15000E+03
 W-volume [L]        0.30485E+02  0.30485E+02
 In-flow  [L/T]     -0.20195E-02 -0.20195E-02
 h Mean   [L]       -0.53344E+04 -0.53344E+04
 Top Flux [L/T]      0.19805E-02
 Bot Flux [L/T]     -0.39100E-04
 WatBalT  [L]        0.10859E+01
 WatBalR  [%]              0.795
----------------------------------------------------------

----------------------------------------------------------
 Time       [T]      731.0000
----------------------------------------------------------
 Sub-region num.                     1
----------------------------------------------------------
 Length   [L]        0.15000E+03  0.15000E+03
 W-volume [L]        0.30485E+02  0.30485E+02
 In-flow  [L/T]     -0.39533E-04 -0.39533E-04
 h Mean   [L]       -0.35641E+04 -0.35641E+04
 Top Flux [L/T]      0.10796E-02
 Bot Flux [L/T]     -0.39100E-04
 WatBalT  [L]        0.10859E+01
 WatBalR  [%]              0.795
----------------------------------------------------------

----------------------------------------------------------
 Time       [T]      732.0000
----------------------------------------------------------
 Sub-region num.                     1
----------------------------------------------------------
 Length   [L]        0.15000E+03  0.15000E+03
 W-volume [L]        0.30481E+02  0.30481E+02
 In-flow  [L/T]     -0.24399E-02 -0.24399E-02
 h Mean   [L]       -0.53285E+04 -0.53285E+04
 Top Flux [L/T]      0.22106E-02
 Bot Flux [L/T]     -0.39100E-04
 WatBalT  [L]        0.10859E+01
 WatBalR  [%]              0.795
----------------------------------------------------------

----------------------------------------------------------
 Time       [T]      733.0000
----------------------------------------------------------
 Sub-region num.                     1
----------------------------------------------------------
 Length   [L]        0.15000E+03  0.15000E+03
 W-volume [L]        0.30479E+02  0.30479E+02
 In-flow  [L/T]     -0.21276E-02 -0.21276E-02
 h Mean   [L]       -0.53333E+04 -0.53333E+04
 Top Flux [L/T]      0.20888E-02
 Bot Flux [L/T]     -0.39100E-04
 WatBalT  [L]        0.10859E+01
 WatBalR  [%]              0.795
----------------------------------------------------------

----------------------------------------------------------
 Time       [T]      734.0000
----------------------------------------------------------
 Sub-region num.                     1
----------------------------------------------------------
 Length   [L]        0.15000E+03  0.15000E+03
 W-volume [L]        0.30477E+02  0.30477E+02
 In-flow  [L/T]     -0.20603E-02 -0.20603E-02
 h Mean   [L]       -0.53367E+04 -0.53367E+04
 Top Flux [L/T]      0.20215E-02
 Bot Flux [L/T]     -0.39104E-04
 WatBalT  [L]        0.10859E+01
 WatBalR  [%]              0.795
----------------------------------------------------------

----------------------------------------------------------
 Time       [T]      735.0000
----------------------------------------------------------
 Sub-region num.                     1
----------------------------------------------------------
 Length   [L]        0.15000E+03  0.15000E+03
 W-volume [L]        0.30475E+02  0.30475E+02
 In-flow  [L/T]     -0.20187E-02 -0.20187E-02
 h Mean   [L]       -0.53392E+04 -0.53392E+04
 Top Flux [L/T]      0.19799E-02
 Bot Flux [L/T]     -0.39085E-04
 WatBalT  [L]        0.10859E+01
 WatBalR  [%]              0.795
----------------------------------------------------------

----------------------------------------------------------
 Time       [T]      736.0000
----------------------------------------------------------
 Sub-region num.                     1
----------------------------------------------------------
 Length   [L]        0.15000E+03  0.15000E+03
 W-volume [L]        0.30473E+02  0.30473E+02
 In-flow  [L/T]     -0.19895E-02 -0.19895E-02
 h Mean   [L]       -0.53413E+04 -0.53413E+04
 Top Flux [L/T]      0.19508E-02
 Bot Flux [L/T]     -0.39100E-04
 WatBalT  [L]        0.10859E+01
 WatBalR  [%]              0.795
----------------------------------------------------------

----------------------------------------------------------
 Time       [T]      737.0000
----------------------------------------------------------
 Sub-region num.                     1
----------------------------------------------------------
 Length   [L]        0.15000E+03  0.15000E+03
 W-volume [L]        0.30471E+02  0.30471E+02
 In-flow  [L/T]     -0.19672E-02 -0.19672E-02
 h Mean   [L]       -0.53432E+04 -0.53432E+04
 Top Flux [L/T]      0.19283E-02
 Bot Flux [L/T]     -0.39076E-04
 WatBalT  [L]        0.10860E+01
 WatBalR  [%]              0.795
----------------------------------------------------------

----------------------------------------------------------
 Time       [T]      738.0000
----------------------------------------------------------
 Sub-region num.                     1
----------------------------------------------------------
 Length   [L]        0.15000E+03  0.15000E+03
 W-volume [L]        0.30469E+02  0.30469E+02
 In-flow  [L/T]     -0.19483E-02 -0.19483E-02
 h Mean   [L]       -0.53449E+04 -0.53449E+04
 Top Flux [L/T]      0.19094E-02
 Bot Flux [L/T]     -0.39090E-04
 WatBalT  [L]        0.10860E+01
 WatBalR  [%]              0.795
----------------------------------------------------------

----------------------------------------------------------
 Time       [T]      739.0000
----------------------------------------------------------
 Sub-region num.                     1
----------------------------------------------------------
 Length   [L]        0.15000E+03  0.15000E+03
 W-volume [L]        0.30467E+02  0.30467E+02
 In-flow  [L/T]     -0.19316E-02 -0.19316E-02
 h Mean   [L]       -0.53466E+04 -0.53466E+04
 Top Flux [L/T]      0.18929E-02
 Bot Flux [L/T]     -0.39095E-04
 WatBalT  [L]        0.10859E+01
 WatBalR  [%]              0.795
----------------------------------------------------------

----------------------------------------------------------
 Time       [T]      740.0000
----------------------------------------------------------
 Sub-region num.                     1
----------------------------------------------------------
 Length   [L]        0.15000E+03  0.15000E+03
 W-volume [L]        0.30465E+02  0.30465E+02
 In-flow  [L/T]     -0.19166E-02 -0.19166E-02
 h Mean   [L]       -0.53481E+04 -0.53481E+04
 Top Flux [L/T]      0.18778E-02
 Bot Flux [L/T]     -0.39095E-04
 WatBalT  [L]        0.10859E+01
 WatBalR  [%]              0.795
----------------------------------------------------------

----------------------------------------------------------
 Time       [T]      741.0000
----------------------------------------------------------
 Sub-region num.                     1
----------------------------------------------------------
 Length   [L]        0.15000E+03  0.15000E+03
 W-volume [L]        0.30463E+02  0.30463E+02
 In-flow  [L/T]     -0.19027E-02 -0.19027E-02
 h Mean   [L]       -0.53497E+04 -0.53497E+04
 Top Flux [L/T]      0.18639E-02
 Bot Flux [L/T]     -0.39090E-04
 WatBalT  [L]        0.10859E+01
 WatBalR  [%]              0.795
----------------------------------------------------------

----------------------------------------------------------
 Time       [T]      742.0000
----------------------------------------------------------
 Sub-region num.                     1
----------------------------------------------------------
 Length   [L]        0.15000E+03  0.15000E+03
 W-volume [L]        0.30462E+02  0.30462E+02
 In-flow  [L/T]     -0.18900E-02 -0.18900E-02
 h Mean   [L]       -0.53512E+04 -0.53512E+04
 Top Flux [L/T]      0.18507E-02
 Bot Flux [L/T]     -0.39080E-04
 WatBalT  [L]        0.10859E+01
 WatBalR  [%]              0.795
----------------------------------------------------------

----------------------------------------------------------
 Time       [T]      743.0000
----------------------------------------------------------
 Sub-region num.                     1
----------------------------------------------------------
 Length   [L]        0.15000E+03  0.15000E+03
 W-volume [L]        0.30460E+02  0.30460E+02
 In-flow  [L/T]     -0.18772E-02 -0.18772E-02
 h Mean   [L]       -0.53527E+04 -0.53527E+04
 Top Flux [L/T]      0.18381E-02
 Bot Flux [L/T]     -0.39099E-04
 WatBalT  [L]        0.10859E+01
 WatBalR  [%]              0.795
----------------------------------------------------------

----------------------------------------------------------
 Time       [T]      744.0000
----------------------------------------------------------
 Sub-region num.                     1
----------------------------------------------------------
 Length   [L]        0.15000E+03  0.15000E+03
 W-volume [L]        0.30458E+02  0.30458E+02
 In-flow  [L/T]     -0.18649E-02 -0.18649E-02
 h Mean   [L]       -0.53541E+04 -0.53541E+04
 Top Flux [L/T]      0.18260E-02
 Bot Flux [L/T]     -0.39085E-04
 WatBalT  [L]        0.10859E+01
 WatBalR  [%]              0.795
----------------------------------------------------------

----------------------------------------------------------
 Time       [T]      745.0000
----------------------------------------------------------
 Sub-region num.                     1
----------------------------------------------------------
 Length   [L]        0.15000E+03  0.15000E+03
 W-volume [L]        0.30456E+02  0.30456E+02
 In-flow  [L/T]     -0.18527E-02 -0.18527E-02
 h Mean   [L]       -0.53555E+04 -0.53555E+04
 Top Flux [L/T]      0.18142E-02
 Bot Flux [L/T]     -0.39080E-04
 WatBalT  [L]        0.10860E+01
 WatBalR  [%]              0.795
----------------------------------------------------------

----------------------------------------------------------
 Time       [T]      746.0000
----------------------------------------------------------
 Sub-region num.                     1
----------------------------------------------------------
 Length   [L]        0.15000E+03  0.15000E+03
 W-volume [L]        0.30454E+02  0.30454E+02
 In-flow  [L/T]     -0.18425E-02 -0.18425E-02
 h Mean   [L]       -0.53569E+04 -0.53569E+04
 Top Flux [L/T]      0.18035E-02
 Bot Flux [L/T]     -0.39109E-04
 WatBalT  [L]        0.10859E+01
 WatBalR  [%]              0.795
----------------------------------------------------------

----------------------------------------------------------
 Time       [T]      747.0000
----------------------------------------------------------
 Sub-region num.                     1
----------------------------------------------------------
 Length   [L]        0.15000E+03  0.15000E+03
 W-volume [L]        0.30452E+02  0.30452E+02
 In-flow  [L/T]     -0.18326E-02 -0.18326E-02
 h Mean   [L]       -0.53583E+04 -0.53583E+04
 Top Flux [L/T]      0.17936E-02
 Bot Flux [L/T]     -0.39090E-04
 WatBalT  [L]        0.10859E+01
 WatBalR  [%]              0.794
----------------------------------------------------------

----------------------------------------------------------
 Time       [T]      748.0000
----------------------------------------------------------
 Sub-region num.                     1
----------------------------------------------------------
 Length   [L]        0.15000E+03  0.15000E+03
 W-volume [L]        0.30450E+02  0.30450E+02
 In-flow  [L/T]     -0.18229E-02 -0.18229E-02
 h Mean   [L]       -0.53597E+04 -0.53597E+04
 Top Flux [L/T]      0.17844E-02
 Bot Flux [L/T]     -0.39080E-04
 WatBalT  [L]        0.10860E+01
 WatBalR  [%]              0.794
----------------------------------------------------------

----------------------------------------------------------
 Time       [T]      749.0000
----------------------------------------------------------
 Sub-region num.                     1
----------------------------------------------------------
 Length   [L]        0.15000E+03  0.15000E+03
 W-volume [L]        0.30449E+02  0.30449E+02
 In-flow  [L/T]     -0.18137E-02 -0.18137E-02
 h Mean   [L]       -0.53610E+04 -0.53610E+04
 Top Flux [L/T]      0.17754E-02
 Bot Flux [L/T]     -0.39094E-04
 WatBalT  [L]        0.10859E+01
 WatBalR  [%]              0.794
----------------------------------------------------------

----------------------------------------------------------
 Time       [T]      750.0000
----------------------------------------------------------
 Sub-region num.                     1
----------------------------------------------------------
 Length   [L]        0.15000E+03  0.15000E+03
 W-volume [L]        0.30447E+02  0.30447E+02
 In-flow  [L/T]     -0.18052E-02 -0.18052E-02
 h Mean   [L]       -0.53623E+04 -0.53623E+04
 Top Flux [L/T]      0.17666E-02
 Bot Flux [L/T]     -0.39085E-04
 WatBalT  [L]        0.10860E+01
 WatBalR  [%]              0.794
----------------------------------------------------------

----------------------------------------------------------
 Time       [T]      751.0000
----------------------------------------------------------
 Sub-region num.                     1
----------------------------------------------------------
 Length   [L]        0.15000E+03  0.15000E+03
 W-volume [L]        0.30445E+02  0.30445E+02
 In-flow  [L/T]     -0.17965E-02 -0.17965E-02
 h Mean   [L]       -0.53636E+04 -0.53636E+04
 Top Flux [L/T]      0.17579E-02
 Bot Flux [L/T]     -0.39080E-04
 WatBalT  [L]        0.10860E+01
 WatBalR  [%]              0.794
----------------------------------------------------------

----------------------------------------------------------
 Time       [T]      752.0000
----------------------------------------------------------
 Sub-region num.                     1
----------------------------------------------------------
 Length   [L]        0.15000E+03  0.15000E+03
 W-volume [L]        0.30443E+02  0.30443E+02
 In-flow  [L/T]     -0.17882E-02 -0.17882E-02
 h Mean   [L]       -0.53650E+04 -0.53650E+04
 Top Flux [L/T]      0.17492E-02
 Bot Flux [L/T]     -0.39075E-04
 WatBalT  [L]        0.10860E+01
 WatBalR  [%]              0.794
----------------------------------------------------------

----------------------------------------------------------
 Time       [T]      753.0000
----------------------------------------------------------
 Sub-region num.                     1
----------------------------------------------------------
 Length   [L]        0.15000E+03  0.15000E+03
 W-volume [L]        0.30441E+02  0.30441E+02
 In-flow  [L/T]     -0.17796E-02 -0.17796E-02
 h Mean   [L]       -0.53663E+04 -0.53663E+04
 Top Flux [L/T]      0.17406E-02
 Bot Flux [L/T]     -0.39075E-04
 WatBalT  [L]        0.10860E+01
 WatBalR  [%]              0.794
----------------------------------------------------------

----------------------------------------------------------
 Time       [T]      754.0000
----------------------------------------------------------
 Sub-region num.                     1
----------------------------------------------------------
 Length   [L]        0.15000E+03  0.15000E+03
 W-volume [L]        0.30440E+02  0.30440E+02
 In-flow  [L/T]     -0.17709E-02 -0.17709E-02
 h Mean   [L]       -0.53676E+04 -0.53676E+04
 Top Flux [L/T]      0.17320E-02
 Bot Flux [L/T]     -0.39084E-04
 WatBalT  [L]        0.10860E+01
 WatBalR  [%]              0.794
----------------------------------------------------------

----------------------------------------------------------
 Time       [T]      755.0000
----------------------------------------------------------
 Sub-region num.                     1
----------------------------------------------------------
 Length   [L]        0.15000E+03  0.15000E+03
 W-volume [L]        0.30438E+02  0.30438E+02
 In-flow  [L/T]     -0.17623E-02 -0.17623E-02
 h Mean   [L]       -0.53689E+04 -0.53689E+04
 Top Flux [L/T]      0.17234E-02
 Bot Flux [L/T]     -0.39084E-04
 WatBalT  [L]        0.10860E+01
 WatBalR  [%]              0.794
----------------------------------------------------------

----------------------------------------------------------
 Time       [T]      756.0000
----------------------------------------------------------
 Sub-region num.                     1
----------------------------------------------------------
 Length   [L]        0.15000E+03  0.15000E+03
 W-volume [L]        0.30436E+02  0.30436E+02
 In-flow  [L/T]     -0.17541E-02 -0.17541E-02
 h Mean   [L]       -0.53703E+04 -0.53703E+04
 Top Flux [L/T]      0.17149E-02
 Bot Flux [L/T]     -0.39089E-04
 WatBalT  [L]        0.10860E+01
 WatBalR  [%]              0.794
----------------------------------------------------------
 
 Calculation time [sec]   1.06000000238419     
