,Date,Precip,ET_cm,MinTemp,MaxTemp,AvgTemp,rTop,rRoot,vTop,vRoot,vBot,sum(rTop),sum(rRoot),sum(vTop),sum(vRoot),sum(vBot),hTop,hRoot,hBot,RunOff,sum(RunOff),Volume,sum(Infil),sum(Evap),Cum(WTrans),h3,theta3,temp3,h7,theta7,temp7,h12,theta12,temp12,h22,theta22,temp22,h32,theta32,temp32,h47,theta47,temp47,h72,theta72,temp72,h92,theta92,temp92,h112,theta112,temp112
0,2023-01-01,0.0,0.07112,-6.275,4.775,-1.26458333333333,0.0,0.0,4.9267e-07,0.0,-1.4929,0.0,0.0,3.2717e-07,0.0,-1.6149,-47.592,-24.666,-18.123,0.0,0.0,62.967,0.0,3.2717e-07,0.0,-45.68,0.3932,20.0,-42.35,0.397,20.0,-38.9,0.4009,20.0,-33.72,0.407,20.0,-30.01,0.4114,20.0,-26.14,0.416,20.0,-22.21,0.4207,20.0,-20.29,0.424,20.0,-19.13,0.4301,20.0
1,2023-01-02,0.0,0.03556,-9.8,2.45,-4.71354166666667,0.03556,0.0,0.03556,0.0,-1.1414,0.03556,0.0,0.035561,0.0,-2.8412,-61.347,-32.596,-23.27,0.0,0.0,61.705,0.0,0.035561,0.0,-59.18,0.3791,20.0,-55.35,0.3831,20.0,-51.31,0.3873,20.0,-45.02,0.3941,20.0,-40.31,0.3994,20.0,-35.19,0.4053,20.0,-29.6,0.4119,20.0,-26.8,0.4167,20.0,-24.97,0.4255,20.0
2,2023-01-03,0.0,0.10668,-8.45,2.175,-3.865625,0.10668,0.0,0.10668,0.0,-0.90869,0.14224,0.0,0.14224,0.0,-3.8085,-75.9,-39.639,-28.344,0.0,0.0,60.631,0.0,0.14224,0.0,-72.85,0.3662,20.0,-67.69,0.3711,20.0,-62.43,0.376,20.0,-54.57,0.384,20.0,-48.85,0.39,20.0,-42.69,0.3968,20.0,-36.01,0.4044,20.0,-32.57,0.4103,20.0,-30.35,0.4212,20.0
3,2023-01-04,0.0,0.0762,-7.55,4.15,-2.59895833333333,0.0762,0.0,0.0762,0.0,-0.75187,0.21844,0.0,0.21844,0.0,-4.5964,-84.266,-45.559,-32.931,0.0,0.0,59.767,0.0,0.21844,0.0,-81.33,0.3591,20.0,-76.13,0.3633,20.0,-70.68,0.3684,20.0,-62.24,0.3763,20.0,-55.99,0.3825,20.0,-49.07,0.3897,20.0,-41.55,0.3981,20.0,-37.71,0.4046,20.0,-35.33,0.4174,20.0
4,2023-01-05,0.0,0.03302,-11.3,1.75,-4.66666666666667,0.03302,0.0,0.03302,0.0,-0.62824,0.25146,0.0,0.25146,0.0,-5.254,-88.173,-50.434,-37.055,0.0,0.0,59.076,0.0,0.25146,0.0,-85.74,0.3556,20.0,-81.25,0.3592,20.0,-76.28,0.3632,20.0,-68.13,0.3708,20.0,-61.76,0.3767,20.0,-54.56,0.384,20.0,-46.49,0.3925,20.0,-42.33,0.3998,20.0,-39.58,0.4141,20.0
5,2023-01-06,0.4267,0.04826,-2.2,4.325,1.20104166666667,0.04826,0.0,0.04826,0.0,-0.5484,0.29972,0.0,0.29972,0.0,-5.821,-94.798,-54.943,-40.864,0.0,0.0,58.461,0.0,0.29972,0.0,-92.02,0.3504,20.0,-87.11,0.3544,20.0,-81.85,0.3587,20.0,-73.36,0.3659,20.0,-66.8,0.372,20.0,-59.33,0.3791,20.0,-50.81,0.388,20.0,-46.49,0.3954,20.0,-43.64,0.4111,20.0
6,2023-01-07,0.0,0.127,-1.55,6.8,2.52291666666667,0.127,0.0,0.127,0.0,-0.47917,0.42672,0.0,0.42672,0.0,-6.3172,-110.76,-59.703,-44.459,0.0,0.0,57.838,0.0,0.42672,0.0,-105.86,0.3405,20.0,-97.86,0.346,20.0,-90.21,0.352,20.0,-79.48,0.3607,20.0,-71.94,0.3672,20.0,-63.77,0.3749,20.0,-54.84,0.3837,20.0,-50.17,0.3917,20.0,-47.24,0.4084,20.0
7,2023-01-08,0.0,0.18542,0.45,7.175,3.51770833333333,0.18542,0.0,0.18542,0.0,-0.42024,0.61214,0.0,0.61214,0.0,-6.7515,-133.11,-64.688,-47.552,0.0,0.0,57.218,0.0,0.61214,0.0,-124.55,0.3284,20.0,-111.77,0.3366,20.0,-100.84,0.344,20.0,-86.63,0.3549,20.0,-77.54,0.3622,20.0,-68.29,0.3706,20.0,-58.63,0.3798,20.0,-53.73,0.3882,20.0,-50.52,0.4061,20.0
8,2023-01-09,0.0,0.1778,-0.6,5.775,2.91770833333333,0.1778,0.0,0.1778,0.0,-0.38478,0.78994,0.0,0.78994,0.0,-7.1451,-150.13,-69.511,-50.633,0.0,0.0,56.647,0.0,0.78994,0.0,-139.67,0.3201,20.0,-124.25,0.3286,20.0,-110.82,0.3372,20.0,-93.9,0.3489,20.0,-83.32,0.3575,20.0,-72.86,0.3664,20.0,-62.23,0.3763,20.0,-57.13,0.3848,20.0,-53.77,0.4038,20.0
9,2023-01-10,0.0,0.09652,-7.15,7.1,0.789583333333333,0.09652,0.0,0.09652,0.0,-0.34999,0.88646,0.0,0.88646,0.0,-7.5037,-146.47,-73.35,-53.641,0.0,0.0,56.192,0.0,0.88646,0.0,-139.91,0.3201,20.0,-128.45,0.3263,20.0,-116.64,0.3333,20.0,-99.96,0.3446,20.0,-88.63,0.3532,20.0,-77.28,0.3624,20.0,-65.82,0.3729,20.0,-60.31,0.3817,20.0,-56.9,0.4017,20.0
10,2023-01-11,0.0017,0.04572,-7.9,3.25,-3.36770833333333,0.04572,0.0,0.04572,0.0,-0.31676,0.93218,0.0,0.93218,0.0,-7.8287,-140.32,-76.482,-56.511,0.0,0.0,55.821,0.0,0.93218,0.0,-136.27,0.3221,20.0,-128.34,0.3264,20.0,-119.11,0.3316,20.0,-104.2,0.3417,20.0,-93.08,0.3496,20.0,-81.37,0.3591,20.0,-69.29,0.3697,20.0,-63.4,0.379,20.0,-59.79,0.3996,20.0
11,2023-01-12,0.0,0.19304,-2.55,7.25,3.34895833333333,0.19304,0.0,0.19304,0.0,-0.28655,1.1252,0.0,1.1252,0.0,-8.1226,-182.01,-81.1,-59.144,0.0,0.0,55.334,0.0,1.1252,0.0,-165.9,0.3072,20.0,-144.66,0.3173,20.0,-128.73,0.3261,20.0,-109.48,0.3382,20.0,-97.44,0.3463,20.0,-85.17,0.356,20.0,-72.59,0.3666,20.0,-66.42,0.3764,20.0,-62.53,0.3979,20.0
12,2023-01-13,0.0,0.23114,5.425,10.05,7.59479166666667,0.23114,0.0,0.23114,0.0,-0.26593,1.3564,0.0,1.3564,0.0,-8.3927,-235.6,-86.297,-61.662,0.0,0.0,54.833,0.0,1.3564,0.0,-202.21,0.2923,20.0,-165.89,0.3072,20.0,-141.66,0.319,20.0,-116.47,0.3334,20.0,-102.41,0.343,20.0,-88.98,0.3529,20.0,-75.71,0.3637,20.0,-69.35,0.3738,20.0,-65.27,0.3962,20.0
13,2023-01-14,0.0,0.17272,0.625,9.625,5.56979166666667,0.17272,0.0,0.17272,0.0,-0.24922,1.5291,0.0,1.5291,0.0,-8.6461,-248.18,-90.734,-64.203,0.0,0.0,54.407,0.0,1.5291,0.0,-217.3,0.2872,20.0,-179.61,0.3012,20.0,-152.76,0.3129,20.0,-123.79,0.3289,20.0,-107.65,0.3394,20.0,-92.89,0.3498,20.0,-78.78,0.3612,20.0,-72.19,0.3713,20.0,-67.98,0.3945,20.0
14,2023-01-15,0.0,0.03302,-0.75,4.825,1.30833333333333,0.03302,0.0,0.03302,0.0,-0.23276,1.5621,0.0,1.5621,0.0,-8.883,-195.21,-93.034,-66.715,0.0,0.0,54.137,0.0,1.5621,0.0,-188.75,0.2972,20.0,-173.75,0.3037,20.0,-155.72,0.3116,20.0,-129.33,0.3258,20.0,-112.51,0.3361,20.0,-96.79,0.3468,20.0,-81.81,0.3588,20.0,-74.91,0.3689,20.0,-70.62,0.3929,20.0
15,2023-01-16,0.068,0.02032,-1.675,3.35,0.201041666666667,0.02032,0.0,0.02032,0.0,-0.21668,1.5824,0.0,1.5824,0.0,-9.1036,-180.97,-95.195,-69.164,0.0,0.0,53.896,0.0,1.5824,0.0,-176.87,0.3025,20.0,-167.33,0.3066,20.0,-154.58,0.3121,20.0,-132.54,0.324,20.0,-116.46,0.3334,20.0,-100.44,0.3443,20.0,-84.79,0.3563,20.0,-77.53,0.3668,20.0,-73.16,0.3913,20.0
16,2023-01-17,0.0323,0.04318,-2.025,4.625,0.527083333333333,0.04318,0.0,0.04318,0.0,-0.2012,1.6256,0.0,1.6256,0.0,-9.3087,-182.69,-97.61,-71.524,0.0,0.0,53.647,0.0,1.6256,0.0,-176.99,0.3023,20.0,-166.56,0.3069,20.0,-154.67,0.3121,20.0,-134.8,0.3228,20.0,-119.66,0.3312,20.0,-103.73,0.3421,20.0,-87.67,0.354,20.0,-80.12,0.3648,20.0,-75.54,0.3898,20.0
17,2023-01-18,0.0,0.16002,-3.125,5.925,0.075,0.16002,0.0,0.16002,0.0,-0.1866,1.7856,0.0,1.7856,0.0,-9.4989,-237.9,-101.67,-73.759,0.0,0.0,53.297,0.0,1.7856,0.0,-212.8,0.2887,20.0,-183.07,0.2997,20.0,-162.5,0.3087,20.0,-138.19,0.3209,20.0,-122.75,0.3294,20.0,-106.74,0.34,20.0,-90.43,0.3518,20.0,-82.65,0.3629,20.0,-77.84,0.3886,20.0
18,2023-01-19,0.0,0.10668,-1.75,4.525,0.377083333333333,0.10668,0.0,0.10668,0.0,-0.17356,1.8923,0.0,1.8923,0.0,-9.6755,-240.27,-104.92,-75.828,0.0,0.0,53.014,0.0,1.8923,0.0,-220.77,0.2861,20.0,-192.77,0.2955,20.0,-170.05,0.3053,20.0,-142.69,0.3184,20.0,-126.19,0.3275,20.0,-109.64,0.338,20.0,-93.05,0.3496,20.0,-85.1,0.361,20.0,-80.13,0.3873,20.0
19,2023-01-20,0.0,0.127,-3.55,4.375,-1.03020833333333,0.127,0.0,0.127,0.0,-0.16595,2.0193,0.0,2.0193,0.0,-9.8433,-268.99,-108.51,-78.003,0.0,0.0,52.719,0.0,2.0193,0.0,-239.88,0.2795,20.0,-204.5,0.2915,20.0,-177.7,0.302,20.0,-147.48,0.3158,20.0,-129.8,0.3255,20.0,-112.55,0.3361,20.0,-95.57,0.3476,20.0,-87.49,0.3592,20.0,-82.39,0.3861,20.0
20,2023-01-21,0.0,0.18288,-3.325,5.875,0.444791666666667,0.18288,0.0,0.18288,0.0,-0.15849,2.2022,0.0,2.2022,0.0,-10.004,-363.64,-113.26,-80.132,0.0,0.0,52.376,0.0,2.2022,0.0,-288.66,0.2667,20.0,-225.22,0.2845,20.0,-188.65,0.2973,20.0,-153.03,0.3128,20.0,-133.62,0.3234,20.0,-115.5,0.3341,20.0,-98.03,0.3459,20.0,-89.8,0.3574,20.0,-84.62,0.3849,20.0
21,2023-01-22,0.0,0.07874,-3.65,2.35,-0.75,0.07874,0.0,0.07874,0.0,-0.15117,2.2809,0.0,2.2809,0.0,-10.157,-302.06,-115.91,-82.225,0.0,0.0,52.144,0.0,2.2809,0.0,-273.85,0.2706,20.0,-230.73,0.2826,20.0,-196.63,0.2942,20.0,-158.63,0.3104,20.0,-137.57,0.3212,20.0,-118.51,0.332,20.0,-100.45,0.3443,20.0,-92.06,0.3557,20.0,-86.8,0.3837,20.0
22,2023-01-23,0.0,0.0889,-6.85,0.225,-3.28854166666667,0.0889,0.0,0.0889,0.0,-0.14398,2.3698,0.0,2.3698,0.0,-10.302,-307.98,-118.77,-84.275,0.0,0.0,51.909,0.0,2.3698,0.0,-277.2,0.2698,20.0,-235.04,0.2812,20.0,-201.99,0.2924,20.0,-163.46,0.3082,20.0,-141.42,0.3191,20.0,-121.55,0.3301,20.0,-102.84,0.3427,20.0,-94.24,0.354,20.0,-88.93,0.3826,20.0
23,2023-01-24,0.0,0.08382,-4.75,1.95,-1.86666666666667,0.08382,0.0,0.08382,0.0,-0.13696,2.4536,0.0,2.4536,0.0,-10.441,-311.38,-121.54,-86.28,0.0,0.0,51.687,0.0,2.4536,0.0,-281.14,0.2687,20.0,-239.66,0.2796,20.0,-206.73,0.2908,20.0,-167.76,0.3064,20.0,-145.09,0.3171,20.0,-124.54,0.3284,20.0,-105.2,0.3411,20.0,-96.36,0.3525,20.0,-91.01,0.3814,20.0
24,2023-01-25,0.0,0.06096,-5.5,2.5,-1.25833333333333,0.06096,0.0,0.06096,0.0,-0.13011,2.5146,0.0,2.5146,0.0,-10.573,-296.16,-123.82,-88.234,0.0,0.0,51.494,0.0,2.5146,0.0,-275.13,0.2703,20.0,-240.66,0.2793,20.0,-210.07,0.2896,20.0,-171.56,0.3047,20.0,-148.57,0.3152,20.0,-127.45,0.3268,20.0,-107.54,0.3395,20.0,-98.47,0.3512,20.0,-93.02,0.3804,20.0
25,2023-01-26,0.0,0.1524,0.9,9.6,4.30729166666667,0.1524,0.0,0.1524,0.0,-0.12347,2.667,0.0,2.667,0.0,-10.698,-421.17,-128.17,-90.135,0.0,0.0,51.217,0.0,2.667,0.0,-331.42,0.2574,20.0,-258.65,0.2745,20.0,-217.28,0.2872,20.0,-175.47,0.303,20.0,-151.95,0.3133,20.0,-130.25,0.3253,20.0,-109.83,0.3379,20.0,-100.55,0.3498,20.0,-94.96,0.3793,20.0
26,2023-01-27,0.0612,0.04572,-7.375,2.725,-0.671875,0.04572,0.0,0.04572,0.0,-0.11705,2.7127,0.0,2.7127,0.0,-10.817,-327.5,-130.0,-91.969,0.0,0.0,51.052,0.0,2.7127,0.0,-303.39,0.263,20.0,-260.81,0.274,20.0,-222.87,0.2853,20.0,-179.63,0.3012,20.0,-155.37,0.3118,20.0,-132.98,0.3238,20.0,-112.09,0.3364,20.0,-102.6,0.3485,20.0,-96.83,0.3784,20.0
27,2023-01-28,0.0,0.03429,-26.525,-10.1,-16.7625,0.03429,0.0,0.03429,0.0,-0.11089,2.747,0.0,2.747,0.0,-10.929,-300.04,-131.59,-93.725,0.0,0.0,50.906,0.0,2.747,0.0,-285.32,0.2677,20.0,-255.82,0.2753,20.0,-224.36,0.2848,20.0,-183.13,0.2996,20.0,-158.61,0.3104,20.0,-135.65,0.3223,20.0,-114.3,0.3349,20.0,-104.61,0.3472,20.0,-98.68,0.3776,20.0
28,2023-01-29,0.0,0.02286,-26.575,-13.4,-20.9833333333333,0.02286,0.0,0.02286,0.0,-0.10505,2.7699,0.0,2.7699,0.0,-11.036,-279.26,-132.96,-95.395,0.0,0.0,50.776,0.0,2.7699,0.0,-270.0,0.2717,20.0,-248.94,0.277,20.0,-223.63,0.285,20.0,-185.78,0.2985,20.0,-161.54,0.3091,20.0,-138.23,0.3209,20.0,-116.48,0.3334,20.0,-106.59,0.346,20.0,-100.53,0.3767,20.0
29,2023-01-30,0.0,0.05588,-17.725,-10.475,-13.7489583333333,0.05588,0.0,0.05588,0.0,-0.10174,2.8257,0.0,2.8258,0.0,-11.138,-296.57,-135.09,-97.207,0.0,0.0,50.618,0.0,2.8258,0.0,-277.94,0.2695,20.0,-250.25,0.2767,20.0,-224.21,0.2849,20.0,-187.94,0.2975,20.0,-164.15,0.3079,20.0,-140.7,0.3195,20.0,-118.61,0.332,20.0,-108.54,0.3447,20.0,-102.37,0.3759,20.0
30,2023-01-31,0.0,0.10414,-11.325,-2.0,-5.24375,0.10414,0.0,0.10414,0.0,-0.098626,2.9299,0.0,2.9299,0.0,-11.238,-361.71,-138.36,-98.97,0.0,0.0,50.414,0.0,2.9299,0.0,-313.42,0.2609,20.0,-263.21,0.2734,20.0,-228.95,0.2832,20.0,-190.44,0.2964,20.0,-166.58,0.3069,20.0,-143.07,0.3182,20.0,-120.7,0.3306,20.0,-110.46,0.3435,20.0,-104.2,0.3751,20.0
31,2023-02-01,0.0,0.11176,-10.6,2.05,-2.04270833333333,0.11176,0.0,0.11176,0.0,-0.095556,3.0416,0.0,3.0417,0.0,-11.334,-426.13,-141.92,-100.7,0.0,0.0,50.206,0.0,3.0417,0.0,-349.4,0.2539,20.0,-279.17,0.2692,20.0,-236.78,0.2806,20.0,-193.85,0.2952,20.0,-169.1,0.3058,20.0,-145.36,0.3169,20.0,-122.75,0.3294,20.0,-112.36,0.3423,20.0,-106.0,0.3743,20.0
32,2023-02-02,0.0,0.14478,-11.025,5.375,-3.49479166666667,0.14478,0.0,0.14478,0.0,-0.09253,3.1864,0.0,3.1864,0.0,-11.427,-617.26,-146.6,-102.42,0.0,0.0,49.968,0.0,3.1864,0.0,-415.93,0.2426,20.0,-301.81,0.2634,20.0,-247.32,0.2775,20.0,-198.04,0.2937,20.0,-171.83,0.3046,20.0,-147.64,0.3157,20.0,-124.75,0.3283,20.0,-114.21,0.3411,20.0,-107.79,0.3735,20.0
33,2023-02-03,0.0,0.26162,1.3,9.05,4.34583333333333,0.26162,0.0,0.26162,0.0,-0.089547,3.448,0.0,3.4481,0.0,-11.517,-5818.4,-158.08,-104.1,0.0,0.0,49.616,0.0,3.4481,0.0,-663.27,0.2152,20.0,-342.22,0.2553,20.0,-261.86,0.2737,20.0,-203.09,0.292,20.0,-174.84,0.3033,20.0,-149.95,0.3144,20.0,-126.7,0.3272,20.0,-116.04,0.3399,20.0,-109.55,0.3727,20.0
34,2023-02-04,0.0,0.19304,0.95,8.0,3.925,0.19304,0.0,0.19304,0.0,-0.086603,3.6411,0.0,3.6411,0.0,-11.605,-27556.0,-172.12,-105.77,0.0,0.0,49.335,0.0,3.6411,0.0,-924.18,0.1981,20.0,-381.53,0.2477,20.0,-277.78,0.2696,20.0,-208.9,0.29,20.0,-178.15,0.3018,20.0,-152.34,0.3131,20.0,-128.63,0.3262,20.0,-117.83,0.3388,20.0,-111.28,0.3719,20.0
35,2023-02-05,0.0,0.20066,-0.15,7.975,3.771875,0.20066,0.0,0.17183,0.0,-0.083705,3.8417,0.0,3.8407,0.0,-11.69,-1000000.0,-217.4,-107.41,0.0,0.0,49.051,0.0,3.8407,0.0,-1490.76,0.177,20.0,-421.26,0.2418,20.0,-293.37,0.2656,20.0,-215.08,0.288,20.0,-181.78,0.3002,20.0,-154.82,0.312,20.0,-130.54,0.3251,20.0,-119.6,0.3376,20.0,-112.98,0.3711,20.0
36,2023-02-06,0.0,0.1524,1.15,9.25,4.25833333333333,0.1524,0.0,0.11581,0.0,-0.080853,3.9941,0.0,3.9672,0.0,-11.772,-1000000.0,-232.28,-109.02,0.0,0.0,48.842,0.0,3.9672,0.0,-1742.45,0.171,20.0,-455.86,0.2368,20.0,-308.54,0.2619,20.0,-221.35,0.2858,20.0,-185.62,0.2986,20.0,-157.36,0.3109,20.0,-132.43,0.3241,20.0,-121.34,0.3366,20.0,-114.66,0.3703,20.0
37,2023-02-07,0.0,0.21336,2.65,5.475,3.925,0.21336,0.0,0.099897,0.0,-0.078057,4.2075,0.0,4.0714,0.0,-11.851,-1000000.0,-239.91,-110.6,0.0,0.0,48.659,0.0,4.0714,0.0,-1848.12,0.1688,20.0,-480.11,0.2334,20.0,-321.63,0.2593,20.0,-227.47,0.2838,20.0,-189.6,0.2968,20.0,-159.96,0.3098,20.0,-134.32,0.323,20.0,-123.06,0.3357,20.0,-116.3,0.3696,20.0
38,2023-02-08,0.0,0.10414,-5.125,2.65,-0.553125,0.10414,0.0,0.092662,0.0,-0.075311,4.3116,0.0,4.1649,0.0,-11.927,-1000000.0,-245.53,-112.16,0.0,0.0,48.489,0.0,4.1649,0.0,-1911.58,0.1674,20.0,-498.63,0.2312,20.0,-332.81,0.2572,20.0,-233.38,0.2817,20.0,-193.65,0.2952,20.0,-162.59,0.3086,20.0,-136.21,0.322,20.0,-124.77,0.3348,20.0,-117.92,0.3689,20.0
39,2023-02-09,0.0,0.23622,-5.925,7.525,-0.103125,0.23622,0.0,0.084328,0.0,-0.072608,4.5479,0.0,4.251,0.0,-12.001,-1000000.0,-249.93,-113.69,0.0,0.0,48.329,0.0,4.251,0.0,-1944.09,0.1667,20.0,-513.92,0.2295,20.0,-342.41,0.2553,20.0,-239.08,0.2798,20.0,-197.61,0.2939,20.0,-165.22,0.3075,20.0,-138.11,0.3209,20.0,-126.46,0.3339,20.0,-119.51,0.3681,20.0
40,2023-02-10,0.0,0.27178,-0.15,9.575,3.875,0.27178,0.0,0.081346,0.0,-0.069958,4.8196,0.0,4.3327,0.0,-12.072,-1000000.0,-254.9,-115.18,0.0,0.0,48.176,0.0,4.3327,0.0,-1991.74,0.1659,20.0,-526.83,0.2282,20.0,-351.06,0.2536,20.0,-244.55,0.2782,20.0,-201.44,0.2926,20.0,-167.84,0.3063,20.0,-140.0,0.3199,20.0,-128.14,0.3331,20.0,-121.06,0.3675,20.0
41,2023-02-11,0.0,0.1778,-3.175,9.05,2.13854166666667,0.1778,0.0,0.075494,0.0,-0.067363,4.9974,0.0,4.4097,0.0,-12.141,-1000000.0,-258.33,-116.65,0.0,0.0,48.031,0.0,4.4097,0.0,-2040.76,0.1651,20.0,-539.34,0.2269,20.0,-358.74,0.2521,20.0,-249.72,0.2768,20.0,-205.11,0.2913,20.0,-170.44,0.3052,20.0,-141.89,0.3189,20.0,-129.81,0.3322,20.0,-122.6,0.3669,20.0
42,2023-02-12,0.0,0.3175,0.0,10.275,4.60729166666667,0.3175,0.0,0.073254,0.0,-0.064827,5.3149,0.0,4.4839,0.0,-12.206,-1000000.0,-262.94,-118.08,0.0,0.0,47.891,0.0,4.4839,0.0,-2095.41,0.1643,20.0,-552.18,0.2255,20.0,-365.99,0.2507,20.0,-254.51,0.2756,20.0,-208.65,0.2901,20.0,-173.0,0.3041,20.0,-143.79,0.3178,20.0,-131.47,0.3313,20.0,-124.12,0.3664,20.0
43,2023-02-13,0.0,0.23622,-3.6,11.0,5.3125,0.23622,0.0,0.068209,0.0,-0.06236,5.5512,0.0,4.5535,0.0,-12.27,-1000000.0,-265.66,-119.48,0.0,0.0,47.758,0.0,4.5535,0.0,-2119.25,0.164,20.0,-563.8,0.2243,20.0,-373.36,0.2493,20.0,-259.05,0.2744,20.0,-212.03,0.289,20.0,-175.52,0.303,20.0,-145.68,0.3168,20.0,-133.12,0.3305,20.0,-125.64,0.3658,20.0
44,2023-02-14,0.0,0.06604,-12.475,-2.3,-6.496875,0.06604,0.0,0.06604,0.0,-0.060261,5.6172,0.0,4.6196,0.0,-12.33,-770710.0,-266.2,-120.92,0.0,0.0,47.631,0.0,4.6196,0.0,-2126.99,0.1638,20.0,-574.57,0.2231,20.0,-380.27,0.248,20.0,-263.36,0.2733,20.0,-215.3,0.2879,20.0,-178.0,0.3019,20.0,-147.55,0.3157,20.0,-134.76,0.3296,20.0,-127.16,0.3652,20.0
45,2023-02-15,0.0,0.13208,-14.3,2.1,-5.7875,0.13208,0.0,0.065581,0.0,-0.058963,5.7493,0.0,4.6881,0.0,-12.39,-1000000.0,-273.42,-122.44,0.0,0.0,47.503,0.0,4.6881,0.0,-2193.52,0.1628,20.0,-585.32,0.222,20.0,-386.98,0.2467,20.0,-267.56,0.2722,20.0,-218.5,0.2868,20.0,-180.46,0.3008,20.0,-149.43,0.3147,20.0,-136.39,0.3288,20.0,-128.68,0.3647,20.0
46,2023-02-16,0.0,0.28702,-5.2,6.725,0.197916666666667,0.28702,0.0,0.063253,0.0,-0.057716,6.0363,0.0,4.752,0.0,-12.448,-1000000.0,-277.1,-123.91,0.0,0.0,47.381,0.0,4.752,0.0,-2230.04,0.1622,20.0,-595.34,0.2209,20.0,-393.33,0.2458,20.0,-271.56,0.2712,20.0,-221.6,0.2857,20.0,-182.88,0.2998,20.0,-151.3,0.3137,20.0,-138.01,0.3279,20.0,-130.2,0.3641,20.0
47,2023-02-17,0.0,0.2413,-0.925,5.3,2.2,0.2413,0.0,0.061088,0.0,-0.056485,6.2776,0.0,4.8136,0.0,-12.505,-1000000.0,-280.75,-125.36,0.0,0.0,47.263,0.0,4.8136,0.0,-2264.76,0.1617,20.0,-604.36,0.22,20.0,-399.37,0.245,20.0,-275.44,0.2702,20.0,-224.63,0.2847,20.0,-185.27,0.2987,20.0,-153.17,0.3128,20.0,-139.62,0.3271,20.0,-131.71,0.3636,20.0
48,2023-02-18,0.0,0.14478,-3.05,4.35,1.14583333333333,0.14478,0.0,0.058903,0.0,-0.055267,6.4224,0.0,4.8731,0.0,-12.56,-1000000.0,-284.22,-126.8,0.0,0.0,47.148,0.0,4.8731,0.0,-2295.74,0.1612,20.0,-612.4,0.2191,20.0,-405.24,0.2441,20.0,-279.17,0.2692,20.0,-227.59,0.2837,20.0,-187.63,0.2977,20.0,-155.01,0.312,20.0,-141.23,0.3263,20.0,-133.22,0.363,20.0
49,2023-02-19,0.0,0.1651,-3.45,5.3,1.653125,0.1651,0.0,0.056943,0.0,-0.054059,6.5875,0.0,4.9307,0.0,-12.615,-1000000.0,-287.46,-128.22,0.0,0.0,47.036,0.0,4.9307,0.0,-2322.21,0.1608,20.0,-620.48,0.2185,20.0,-410.88,0.2433,20.0,-282.82,0.2683,20.0,-230.5,0.2827,20.0,-189.98,0.2966,20.0,-156.83,0.3112,20.0,-142.82,0.3254,20.0,-134.71,0.3625,20.0
50,2023-02-20,0.2329,0.0762,-5.65,2.625,-1.78541666666667,0.0762,0.0,0.05588,0.0,-0.052863,6.6637,0.0,4.9868,0.0,-12.668,-1000000.0,-290.61,-129.63,0.0,0.0,46.926,0.0,4.9868,0.0,-2349.79,0.1603,20.0,-628.17,0.2179,20.0,-416.22,0.2425,20.0,-286.39,0.2674,20.0,-233.36,0.2817,20.0,-192.32,0.2957,20.0,-158.62,0.3104,20.0,-144.4,0.3246,20.0,-136.2,0.3619,20.0
51,2023-02-21,0.1766,0.06604,-20.5,3.6,-12.6583333333333,0.06604,0.0,0.055,0.0,-0.051677,6.7297,0.0,5.0418,0.0,-12.72,-1000000.0,-294.9,-131.03,0.0,0.0,46.819,0.0,5.0418,0.0,-2381.0,0.1599,20.0,-635.67,0.2173,20.0,-421.37,0.2418,20.0,-289.88,0.2665,20.0,-236.21,0.2808,20.0,-194.63,0.2949,20.0,-160.39,0.3096,20.0,-145.98,0.3238,20.0,-137.67,0.3614,20.0
52,2023-02-22,0.0,0.02286,-24.1,-20.225,-22.0552083333333,0.02286,0.0,0.02286,0.0,-0.050501,6.7526,0.0,5.0646,0.0,-12.771,-77340.0,-258.26,-132.42,0.0,0.0,46.746,0.0,5.0646,0.0,-1989.6,0.166,20.0,-639.94,0.2169,20.0,-426.12,0.2411,20.0,-293.33,0.2656,20.0,-239.03,0.2798,20.0,-196.89,0.2941,20.0,-162.14,0.3088,20.0,-147.54,0.323,20.0,-139.13,0.3608,20.0
53,2023-02-23,0.0,0.01778,-30.2,-21.85,-25.696875,0.01778,0.0,0.01778,0.0,-0.049335,6.7704,0.0,5.0824,0.0,-12.82,-18247.0,-242.38,-133.79,0.0,0.0,46.678,0.0,5.0824,0.0,-1684.15,0.1723,20.0,-641.03,0.2169,20.0,-430.37,0.2405,20.0,-296.66,0.2647,20.0,-241.81,0.2789,20.0,-199.1,0.2934,20.0,-163.87,0.3081,20.0,-149.09,0.3222,20.0,-140.58,0.3603,20.0
54,2023-02-24,0.0,0.05588,-31.7,-6.875,-19.3125,0.05588,0.0,0.05588,0.0,-0.04818,6.8262,0.0,5.1383,0.0,-12.869,-54655.0,-248.51,-135.15,0.0,0.0,46.574,0.0,5.1383,0.0,-1686.16,0.1723,20.0,-641.04,0.2169,20.0,-434.1,0.24,20.0,-300.0,0.2638,20.0,-244.58,0.2782,20.0,-201.27,0.2926,20.0,-165.58,0.3073,20.0,-150.64,0.3214,20.0,-142.02,0.3598,20.0
55,2023-02-25,0.0,0.18542,-6.2,2.425,-1.37083333333333,0.18542,0.0,0.058998,0.0,-0.047035,7.0117,0.0,5.2322,0.0,-12.916,-1000000.0,-298.49,-136.5,0.0,0.0,46.432,0.0,5.2322,0.0,-2300.12,0.1611,20.0,-649.17,0.2162,20.0,-437.88,0.2394,20.0,-303.23,0.263,20.0,-247.28,0.2775,20.0,-203.4,0.2919,20.0,-167.27,0.3066,20.0,-152.19,0.3206,20.0,-143.45,0.3592,20.0
56,2023-02-26,0.0017,0.20066,-2.4,8.75,2.865625,0.20066,0.0,0.051157,0.0,-0.045903,7.2123,0.0,5.2862,0.0,-12.963,-1000000.0,-304.86,-137.84,0.0,0.0,46.332,0.0,5.2862,0.0,-2406.2,0.1594,20.0,-659.79,0.2154,20.0,-442.36,0.2388,20.0,-306.41,0.2623,20.0,-249.88,0.2768,20.0,-205.49,0.2912,20.0,-168.94,0.3059,20.0,-153.72,0.3199,20.0,-144.87,0.3587,20.0
57,2023-02-27,0.0,0.14732,-5.2,2.4,-1.959375,0.14732,0.0,0.048289,0.0,-0.044782,7.3596,0.0,5.336,0.0,-13.008,-1000000.0,-308.39,-139.16,0.0,0.0,46.237,0.0,5.336,0.0,-2442.15,0.1589,20.0,-668.54,0.2147,20.0,-446.98,0.2381,20.0,-309.55,0.2617,20.0,-252.44,0.2761,20.0,-207.54,0.2905,20.0,-170.58,0.3051,20.0,-155.23,0.3193,20.0,-146.27,0.3582,20.0
58,2023-02-28,0.0,0.05588,-10.8,-1.925,-6.0875,0.05588,0.0,0.046556,0.0,-0.043672,7.4155,0.0,5.3841,0.0,-13.052,-1000000.0,-312.74,-140.47,0.0,0.0,46.145,0.0,5.3841,0.0,-2467.59,0.1585,20.0,-676.63,0.2141,20.0,-451.42,0.2375,20.0,-312.68,0.261,20.0,-254.93,0.2755,20.0,-209.55,0.2898,20.0,-172.21,0.3044,20.0,-156.74,0.3187,20.0,-147.67,0.3577,20.0
59,2023-03-01,0.0,0.12446,-7.5,3.1,-4.06354166666667,0.12446,0.0,0.045936,0.0,-0.042574,7.54,0.0,5.4299,0.0,-13.095,-1000000.0,-315.21,-141.76,0.0,0.0,46.056,0.0,5.4299,0.0,-2489.61,0.1583,20.0,-683.99,0.2135,20.0,-455.61,0.2369,20.0,-315.76,0.2605,20.0,-257.37,0.2749,20.0,-211.52,0.2892,20.0,-173.83,0.3037,20.0,-158.22,0.3181,20.0,-149.05,0.3572,20.0
60,2023-03-02,0.0,0.21844,-4.325,5.875,-0.128125,0.21844,0.0,0.045058,0.0,-0.041489,7.7584,0.0,5.4752,0.0,-13.136,-1000000.0,-317.97,-143.04,0.0,0.0,45.969,0.0,5.4752,0.0,-2519.64,0.1579,20.0,-691.18,0.213,20.0,-459.86,0.2363,20.0,-318.74,0.2599,20.0,-259.77,0.2742,20.0,-213.47,0.2885,20.0,-175.42,0.303,20.0,-159.68,0.3175,20.0,-150.41,0.3567,20.0
61,2023-03-03,0.0,0.15494,-7.55,2.625,-2.89895833333333,0.15494,0.0,0.044474,0.0,-0.040414,7.9134,0.0,5.5198,0.0,-13.177,-1000000.0,-320.79,-144.31,0.0,0.0,45.884,0.0,5.5198,0.0,-2547.52,0.1576,20.0,-698.49,0.2124,20.0,-464.4,0.2356,20.0,-321.68,0.2593,20.0,-262.12,0.2736,20.0,-215.39,0.2878,20.0,-177.0,0.3023,20.0,-161.12,0.3169,20.0,-151.76,0.3562,20.0
62,2023-03-04,0.0,0.17526,-6.95,4.125,-2.67395833333333,0.17526,0.0,0.043905,0.0,-0.039353,8.0886,0.0,5.5639,0.0,-13.217,-1000000.0,-323.64,-145.56,0.0,0.0,45.8,0.0,5.5639,0.0,-2575.2,0.1573,20.0,-705.82,0.2119,20.0,-468.92,0.235,20.0,-324.61,0.2587,20.0,-264.45,0.273,20.0,-217.28,0.2872,20.0,-178.56,0.3016,20.0,-162.55,0.3163,20.0,-153.09,0.3558,20.0
63,2023-03-05,0.0,0.03556,-12.225,-8.175,-10.2854166666667,0.03556,0.0,0.03556,0.0,-0.038306,8.1242,0.0,5.5994,0.0,-13.255,-481410.0,-311.15,-146.79,0.0,0.0,45.726,0.0,5.5994,0.0,-2451.61,0.1587,20.0,-711.9,0.2114,20.0,-473.34,0.2343,20.0,-327.48,0.2582,20.0,-266.74,0.2724,20.0,-219.16,0.2866,20.0,-180.11,0.301,20.0,-163.96,0.3157,20.0,-154.42,0.3554,20.0
64,2023-03-06,0.2465,0.0508,-14.925,-5.4,-11.0927083333333,0.0508,0.0,0.043425,0.0,-0.03727,8.175,0.0,5.6469,0.0,-13.293,-1000000.0,-327.1,-148.02,0.0,0.0,45.64,0.0,5.6469,0.0,-2578.43,0.1572,20.0,-718.09,0.2109,20.0,-477.59,0.2337,20.0,-330.33,0.2576,20.0,-269.0,0.2719,20.0,-221.01,0.2859,20.0,-181.65,0.3003,20.0,-165.36,0.3151,20.0,-155.74,0.355,20.0
65,2023-03-07,0.0,0.06096,-19.125,-4.15,-11.20625,0.06096,0.0,0.042307,0.0,-0.036246,8.2359,0.0,5.6894,0.0,-13.33,-1000000.0,-330.44,-149.22,0.0,0.0,45.561,0.0,5.6894,0.0,-2622.61,0.1568,20.0,-725.21,0.2104,20.0,-481.78,0.2331,20.0,-333.09,0.2571,20.0,-271.24,0.2713,20.0,-222.84,0.2853,20.0,-183.18,0.2996,20.0,-166.75,0.3146,20.0,-157.05,0.3546,20.0
66,2023-03-08,0.0,0.04318,-15.45,-9.15,-11.471875,0.04318,0.0,0.041753,0.0,-0.035234,8.2791,0.0,5.7313,0.0,-13.365,-1000000.0,-333.81,-150.42,0.0,0.0,45.484,0.0,5.7313,0.0,-2661.57,0.1563,20.0,-732.54,0.2098,20.0,-485.95,0.2325,20.0,-335.83,0.2566,20.0,-273.44,0.2707,20.0,-224.66,0.2847,20.0,-184.69,0.299,20.0,-168.12,0.314,20.0,-158.35,0.3542,20.0
67,2023-03-09,0.0,0.0635,-16.5,-6.2,-11.7177083333333,0.0635,0.0,0.04078,0.0,-0.034225,8.3426,0.0,5.7723,0.0,-13.4,-1000000.0,-336.77,-151.61,0.0,0.0,45.408,0.0,5.7723,0.0,-2694.6,0.1559,20.0,-739.77,0.2092,20.0,-490.27,0.232,20.0,-338.55,0.256,20.0,-275.62,0.2701,20.0,-226.46,0.2841,20.0,-186.2,0.2983,20.0,-169.47,0.3134,20.0,-159.63,0.3539,20.0
68,2023-03-10,0.1277,0.02794,-14.65,-9.0,-12.1697916666667,0.02794,0.0,0.02794,0.0,-0.033529,8.3706,0.0,5.8003,0.0,-13.433,-305700.0,-316.82,-152.94,0.0,0.0,45.347,0.0,5.8003,0.0,-2483.66,0.1583,20.0,-745.09,0.2088,20.0,-494.37,0.2316,20.0,-341.2,0.2555,20.0,-277.77,0.2696,20.0,-228.25,0.2835,20.0,-187.7,0.2976,20.0,-170.82,0.3129,20.0,-160.92,0.3535,20.0
69,2023-03-11,0.0,0.0508,-18.95,-5.075,-11.6197916666667,0.0508,0.0,0.042918,0.0,-0.033014,8.4214,0.0,5.8477,0.0,-13.466,-1000000.0,-338.42,-154.27,0.0,0.0,45.266,0.0,5.8477,0.0,-2649.29,0.1564,20.0,-749.73,0.2085,20.0,-498.21,0.2312,20.0,-343.83,0.255,20.0,-279.91,0.269,20.0,-230.03,0.2829,20.0,-189.2,0.297,20.0,-172.16,0.3123,20.0,-162.2,0.3531,20.0
70,2023-03-12,0.0,0.06604,-17.675,-5.65,-12.5358695652174,0.06604,0.0,0.039304,0.0,-0.032512,8.4874,0.0,5.8882,0.0,-13.499,-1000000.0,-343.21,-155.56,0.0,0.0,45.193,0.0,5.8882,0.0,-2734.23,0.1555,20.0,-756.39,0.2079,20.0,-502.01,0.2308,20.0,-346.45,0.2545,20.0,-282.03,0.2685,20.0,-231.79,0.2823,20.0,-190.68,0.2963,20.0,-173.48,0.3118,20.0,-163.47,0.3527,20.0
71,2023-03-13,0.1887,0.17272,-9.3,1.025,-4.59762228260869,0.17272,0.0,0.038008,0.0,-0.032021,8.6601,0.0,5.9264,0.0,-13.531,-1000000.0,-345.85,-156.82,0.0,0.0,45.123,0.0,5.9264,0.0,-2765.73,0.1552,20.0,-762.57,0.2075,20.0,-505.95,0.2304,20.0,-349.01,0.254,20.0,-284.12,0.2679,20.0,-233.55,0.2817,20.0,-192.17,0.2957,20.0,-174.8,0.3112,20.0,-164.74,0.3524,20.0
72,2023-03-14,0.0,0.22098,-0.925,7.7,3.340625,0.22098,0.0,0.037413,0.0,-0.031537,8.8811,0.0,5.964,0.0,-13.563,-1000000.0,-348.58,-158.06,0.0,0.0,45.053,0.0,5.964,0.0,-2793.5,0.1548,20.0,-768.28,0.207,20.0,-509.87,0.23,20.0,-351.53,0.2535,20.0,-286.2,0.2674,20.0,-235.3,0.2811,20.0,-193.65,0.2952,20.0,-176.11,0.3107,20.0,-166.01,0.352,20.0
73,2023-03-15,0.3961,0.09398,-7.65,2.825,-1.94895833333333,0.09398,0.0,0.036759,0.0,-0.031059,8.9751,0.0,6.001,0.0,-13.594,-1000000.0,-351.24,-159.29,0.0,0.0,44.985,0.0,6.001,0.0,-2819.75,0.1545,20.0,-773.72,0.2066,20.0,-513.72,0.2296,20.0,-354.0,0.253,20.0,-288.26,0.2669,20.0,-237.03,0.2805,20.0,-195.1,0.2947,20.0,-177.41,0.3102,20.0,-167.26,0.3516,20.0
74,2023-03-16,0.0493,0.10922,-9.775,1.775,-4.103125,0.10922,0.0,0.036057,0.0,-0.030587,9.0843,0.0,6.0372,0.0,-13.625,-1000000.0,-353.72,-160.51,0.0,0.0,44.918,0.0,6.0372,0.0,-2842.38,0.1543,20.0,-779.43,0.2063,20.0,-517.5,0.2292,20.0,-356.5,0.2526,20.0,-290.31,0.2664,20.0,-238.77,0.2799,20.0,-196.55,0.2942,20.0,-178.7,0.3096,20.0,-168.5,0.3513,20.0
75,2023-03-17,0.0,0.13208,-10.075,3.925,-3.190625,0.13208,0.0,0.035451,0.0,-0.030119,9.2164,0.0,6.0728,0.0,-13.655,-1000000.0,-356.07,-161.71,0.0,0.0,44.852,0.0,6.0728,0.0,-2861.87,0.1541,20.0,-784.76,0.206,20.0,-521.18,0.2288,20.0,-358.99,0.2521,20.0,-292.35,0.2658,20.0,-240.52,0.2793,20.0,-197.97,0.2938,20.0,-179.98,0.3091,20.0,-169.73,0.3509,20.0
76,2023-03-18,0.0,0.19304,-6.0,8.35,0.263541666666667,0.19304,0.0,0.034915,0.0,-0.029656,9.4094,0.0,6.1078,0.0,-13.685,-1000000.0,-358.36,-162.9,0.0,0.0,44.788,0.0,6.1078,0.0,-2879.8,0.1539,20.0,-789.86,0.2057,20.0,-524.77,0.2284,20.0,-361.44,0.2516,20.0,-294.37,0.2653,20.0,-242.24,0.2788,20.0,-199.38,0.2933,20.0,-181.26,0.3086,20.0,-170.96,0.3506,20.0
77,2023-03-19,0.0,0.15494,-4.25,8.775,1.92395833333333,0.15494,0.0,0.034394,0.0,-0.029198,9.5644,0.0,6.1423,0.0,-13.714,-1000000.0,-360.62,-164.08,0.0,0.0,44.724,0.0,6.1423,0.0,-2896.82,0.1537,20.0,-794.8,0.2054,20.0,-528.28,0.228,20.0,-363.85,0.2511,20.0,-296.4,0.2648,20.0,-243.97,0.2783,20.0,-200.78,0.2928,20.0,-182.53,0.308,20.0,-172.17,0.3502,20.0
78,2023-03-20,0.0,0.08636,-7.425,0.5,-4.15833333333333,0.08636,0.0,0.033884,0.0,-0.028744,9.6507,0.0,6.1764,0.0,-13.743,-1000000.0,-362.84,-165.24,0.0,0.0,44.661,0.0,6.1764,0.0,-2913.15,0.1535,20.0,-799.61,0.2051,20.0,-531.73,0.2277,20.0,-366.29,0.2507,20.0,-298.42,0.2643,20.0,-245.68,0.2779,20.0,-202.16,0.2923,20.0,-183.79,0.3075,20.0,-173.37,0.3499,20.0
79,2023-03-21,0.0,0.12954,-7.9,5.85,-1.69479166666667,0.12954,0.0,0.033396,0.0,-0.028295,9.7803,0.0,6.2099,0.0,-13.771,-1000000.0,-365.02,-166.4,0.0,0.0,44.599,0.0,6.2099,0.0,-2929.09,0.1533,20.0,-804.32,0.2049,20.0,-535.1,0.2273,20.0,-368.7,0.2502,20.0,-300.42,0.2637,20.0,-247.35,0.2774,20.0,-203.53,0.2919,20.0,-185.05,0.307,20.0,-174.56,0.3495,20.0
80,2023-03-22,0.0,0.1397,-7.275,5.925,-2.675,0.1397,0.0,0.032892,0.0,-0.02785,9.92,0.0,6.2429,0.0,-13.799,-1000000.0,-367.02,-167.54,0.0,0.0,44.538,0.0,6.2429,0.0,-2941.0,0.1532,20.0,-809.05,0.2046,20.0,-538.4,0.227,20.0,-371.08,0.2497,20.0,-302.45,0.2632,20.0,-249.02,0.277,20.0,-204.89,0.2914,20.0,-186.3,0.3065,20.0,-175.75,0.3492,20.0
81,2023-03-23,0.0,0.2032,-7.175,8.925,0.954166666666667,0.2032,0.0,0.032813,0.0,-0.027409,10.123,0.0,6.2757,0.0,-13.827,-1000000.0,-369.35,-168.67,0.0,0.0,44.478,0.0,6.2757,0.0,-2956.04,0.153,20.0,-813.87,0.2043,20.0,-541.63,0.2266,20.0,-373.42,0.2493,20.0,-304.45,0.2627,20.0,-250.66,0.2766,20.0,-206.23,0.291,20.0,-187.54,0.306,20.0,-176.92,0.3488,20.0
82,2023-03-24,0.0,0.15494,-2.375,7.65,1.85729166666667,0.15494,0.0,0.031953,0.0,-0.026973,10.278,0.0,6.3079,0.0,-13.854,-1000000.0,-371.17,-169.79,0.0,0.0,44.418,0.0,6.3079,0.0,-2964.35,0.1529,20.0,-818.61,0.2041,20.0,-544.94,0.2263,20.0,-375.78,0.2488,20.0,-306.46,0.2623,20.0,-252.28,0.2762,20.0,-207.57,0.2905,20.0,-188.78,0.3055,20.0,-178.09,0.3485,20.0
83,2023-03-25,0.0782,0.11176,-2.875,4.425,-0.13125,0.11176,0.0,0.032254,0.0,-0.02654,10.39,0.0,6.3401,0.0,-13.881,-1000000.0,-373.69,-170.9,0.0,0.0,44.36,0.0,6.3401,0.0,-2985.29,0.1527,20.0,-823.31,0.2038,20.0,-548.23,0.2259,20.0,-378.19,0.2484,20.0,-308.44,0.2619,20.0,-253.89,0.2758,20.0,-208.89,0.2901,20.0,-190.02,0.305,20.0,-179.24,0.3481,20.0
84,2023-03-26,0.0,0.10922,-5.325,3.125,-2.16979166666667,0.10922,0.0,0.030943,0.0,-0.026112,10.499,0.0,6.3712,0.0,-13.907,-1000000.0,-375.3,-172.0,0.0,0.0,44.302,0.0,6.3712,0.0,-2984.13,0.1527,20.0,-827.61,0.2035,20.0,-551.45,0.2256,20.0,-380.56,0.2479,20.0,-310.4,0.2615,20.0,-255.48,0.2753,20.0,-210.2,0.2896,20.0,-191.26,0.3044,20.0,-180.39,0.3478,20.0
85,2023-03-27,0.0,0.17018,-6.6,6.05,-1.82604166666667,0.17018,0.0,0.031423,0.0,-0.025687,10.669,0.0,6.403,0.0,-13.933,-1000000.0,-377.59,-173.1,0.0,0.0,44.245,0.0,6.403,0.0,-3016.1,0.1523,20.0,-832.37,0.2033,20.0,-554.64,0.2252,20.0,-382.9,0.2474,20.0,-312.35,0.2611,20.0,-257.05,0.2749,20.0,-211.49,0.2892,20.0,-192.49,0.304,20.0,-181.53,0.3475,20.0
86,2023-03-28,0.0,0.12192,-5.625,3.025,-2.63645833333333,0.12192,0.0,0.02969,0.0,-0.025267,10.791,0.0,6.4332,0.0,-13.958,-1000000.0,-379.97,-174.18,0.0,0.0,44.189,0.0,6.4332,0.0,-3009.49,0.1524,20.0,-836.26,0.2031,20.0,-557.75,0.2249,20.0,-385.21,0.247,20.0,-314.26,0.2607,20.0,-258.6,0.2745,20.0,-212.78,0.2887,20.0,-193.72,0.3036,20.0,-182.67,0.3471,20.0
87,2023-03-29,0.0,0.12192,-6.6,3.55,-2.10833333333333,0.12192,0.0,0.03029,0.0,-0.02485,10.913,0.0,6.4631,0.0,-13.983,-1000000.0,-381.59,-175.25,0.0,0.0,44.134,0.0,6.4631,0.0,-3013.85,0.1524,20.0,-839.96,0.2029,20.0,-560.76,0.2246,20.0,-387.57,0.2467,20.0,-316.15,0.2604,20.0,-260.14,0.2741,20.0,-214.06,0.2883,20.0,-194.93,0.3032,20.0,-183.8,0.3468,20.0
88,2023-03-30,0.1462,0.08128,-4.875,0.2,-2.99479166666667,0.08128,0.0,0.030717,0.0,-0.024437,10.994,0.0,6.4934,0.0,-14.007,-1000000.0,-383.93,-176.31,0.0,0.0,44.079,0.0,6.4934,0.0,-3038.09,0.1521,20.0,-844.02,0.2026,20.0,-563.73,0.2243,20.0,-389.88,0.2463,20.0,-318.03,0.26,20.0,-261.67,0.2737,20.0,-215.33,0.2879,20.0,-196.14,0.3028,20.0,-184.92,0.3465,20.0
89,2023-03-31,0.2009,0.19558,-7.075,8.675,0.467708333333333,0.19558,0.0,0.030312,0.0,-0.024027,11.19,0.0,6.5235,0.0,-14.032,-1000000.0,-385.42,-177.36,0.0,0.0,44.025,0.0,6.5235,0.0,-3060.92,0.1518,20.0,-848.87,0.2023,20.0,-566.68,0.224,20.0,-392.16,0.246,20.0,-319.88,0.2597,20.0,-263.18,0.2734,20.0,-216.59,0.2874,20.0,-197.34,0.3024,20.0,-186.04,0.3462,20.0
90,2023-04-01,0.0,0.254,-1.325,8.525,3.46354166666667,0.0,0.254,-9.3132e-10,6.5679,-0.0029417,11.19,0.254,6.5235,9.8348,-14.045,-43415.0,-629.46,-366.05,0.0,0.0,37.461,0.0,6.5235,0.0,-2793.73,0.1549,20.0,-1162.27,0.1875,20.0,-912.74,0.1987,20.0,-730.58,0.2099,20.0,-643.43,0.2167,20.0,-570.7,0.2235,20.0,-504.25,0.2306,20.0,-476.68,0.2458,20.0,-461.55,0.3046,20.0
91,2023-04-02,0.0,0.23114,-4.925,7.675,1.009375,0.0,0.23114,1.397e-09,1.661,-0.00014819,11.19,0.48514,6.5235,14.595,-14.046,-15546.0,-1431.3,-976.21,0.0,0.0,31.611,0.0,6.5235,0.0,-2761.37,0.1552,20.0,-1553.84,0.1751,20.0,-1501.87,0.1767,20.0,-1458.97,0.178,20.0,-1433.03,0.1787,20.0,-1406.94,0.1795,20.0,-1380.06,0.1803,20.0,-1367.56,0.1956,20.0,-1359.28,0.2678,20.0
92,2023-04-03,0.0,0.10922,-9.75,3.275,-3.43125,0.0,0.10922,-8.3819e-09,0.073454,-5.6244e-05,11.19,0.59436,6.5235,14.761,-14.046,-8933.0,-1620.8,-1403.1,0.0,0.0,30.915,0.0,6.5235,0.0,-2766.51,0.1551,20.0,-1640.67,0.1732,20.0,-1598.82,0.1741,20.0,-1594.58,0.1742,20.0,-1592.37,0.1743,20.0,-1590.2,0.1743,20.0,-1587.94,0.1744,20.0,-1586.88,0.1897,20.0,-1586.18,0.2635,20.0
93,2023-04-04,0.0,0.06604,-9.225,-2.05,-4.23958333333333,0.0,0.06604,3.4925e-09,0.0018454,-4.3002e-05,11.19,0.6604,6.5235,14.764,-14.046,-6191.9,-1632.9,-1524.2,0.0,0.0,30.877,0.0,6.5235,0.0,-2750.64,0.1553,20.0,-1689.58,0.1722,20.0,-1604.9,0.174,20.0,-1603.47,0.174,20.0,-1602.82,0.174,20.0,-1602.17,0.1741,20.0,-1601.5,0.1741,20.0,-1601.19,0.1894,20.0,-1600.99,0.2633,20.0
94,2023-04-05,0.0,0.16256,-11.275,5.25,-2.44895833333333,0.0,0.16256,-3.7253e-09,0.00082663,-4.0195e-05,11.19,0.82296,6.5235,14.765,-14.046,-4793.3,-1633.7,-1573.3,0.0,0.0,30.875,0.0,6.5235,0.0,-2730.72,0.1555,20.0,-1731.17,0.1713,20.0,-1609.55,0.1739,20.0,-1603.98,0.174,20.0,-1603.41,0.174,20.0,-1602.85,0.1741,20.0,-1602.27,0.1741,20.0,-1602.0,0.1894,20.0,-1601.82,0.2633,20.0
95,2023-04-06,0.0,0.33274,-2.55,11.35,4.16354166666667,0.0,0.33274,-6.5193e-09,0.00016144,-3.9375e-05,11.19,1.1557,6.5235,14.765,-14.046,-3986.8,-1633.5,-1593.4,0.0,0.0,30.875,0.0,6.5235,0.0,-2696.76,0.1559,20.0,-1767.18,0.1705,20.0,-1616.1,0.1738,20.0,-1604.02,0.174,20.0,-1603.45,0.174,20.0,-1602.9,0.1741,20.0,-1602.32,0.1741,20.0,-1602.05,0.1894,20.0,-1601.87,0.2633,20.0
96,2023-04-07,0.0,0.37338,0.175,14.225,7.284375,0.0,0.37338,-8.2655e-09,0.0,-3.9176e-05,11.19,1.5291,6.5235,14.765,-14.046,-3525.2,-1633.1,-1599.5,0.0,0.0,30.875,0.0,6.5235,0.0,-2647.86,0.1565,20.0,-1798.0,0.1699,20.0,-1624.03,0.1736,20.0,-1604.06,0.174,20.0,-1603.46,0.174,20.0,-1602.9,0.1741,20.0,-1602.33,0.1741,20.0,-1602.06,0.1894,20.0,-1601.88,0.2633,20.0
97,2023-04-08,0.0,0.37846,3.15,14.225,8.72395833333333,0.0,0.37846,1.5134e-09,0.0,-3.9168e-05,11.19,1.9075,6.5235,14.765,-14.046,-3199.5,-1632.9,-1600.4,0.0,0.0,30.875,0.0,6.5235,0.0,-2600.09,0.157,20.0,-1824.02,0.1693,20.0,-1632.8,0.1734,20.0,-1604.13,0.174,20.0,-1603.46,0.174,20.0,-1602.9,0.1741,20.0,-1602.33,0.1741,20.0,-1602.06,0.1894,20.0,-1601.88,0.2633,20.0
98,2023-04-09,0.0,0.4572,4.4,17.075,11.2802083333333,0.0,0.4572,-1.8626e-09,0.0,-3.916e-05,11.19,2.3647,6.5235,14.765,-14.046,-2994.9,-1632.7,-1600.6,0.0,0.0,30.875,0.0,6.5235,0.0,-2551.32,0.1575,20.0,-1845.86,0.1688,20.0,-1641.98,0.1732,20.0,-1604.25,0.174,20.0,-1603.47,0.174,20.0,-1602.91,0.1741,20.0,-1602.33,0.1741,20.0,-1602.06,0.1894,20.0,-1601.88,0.2633,20.0
99,2023-04-10,0.0,0.54864,10.95,23.475,16.6416666666667,0.0,0.54864,-2.5029e-09,0.0,-3.9163e-05,11.19,2.9134,6.5235,14.765,-14.046,-2837.2,-1632.4,-1600.7,0.0,0.0,30.875,0.0,6.5235,0.0,-2501.75,0.1581,20.0,-1864.36,0.1684,20.0,-1651.25,0.173,20.0,-1604.47,0.174,20.0,-1603.47,0.174,20.0,-1602.91,0.1741,20.0,-1602.33,0.1741,20.0,-1602.06,0.1894,20.0,-1601.88,0.2633,20.0
100,2023-04-11,0.0,0.47244,4.3,20.225,13.74375,0.0,0.47244,7.0431e-09,0.0,-3.9152e-05,11.19,3.3858,6.5235,14.765,-14.046,-2710.4,-1632.2,-1600.7,0.0,0.0,30.875,0.0,6.5235,0.0,-2457.62,0.1587,20.0,-1880.6,0.1681,20.0,-1660.42,0.1728,20.0,-1604.78,0.174,20.0,-1603.48,0.174,20.0,-1602.91,0.1741,20.0,-1602.33,0.1741,20.0,-1602.06,0.1894,20.0,-1601.88,0.2633,20.0
101,2023-04-12,0.0,0.18288,-1.9,7.9,3.08541666666667,0.0,0.18288,-3.3178e-09,0.0,-3.9154e-05,11.19,3.5687,6.5235,14.765,-14.046,-2608.8,-1632.1,-1600.8,0.0,0.0,30.874,0.0,6.5235,0.0,-2415.62,0.1593,20.0,-1894.12,0.1678,20.0,-1669.36,0.1726,20.0,-1605.21,0.174,20.0,-1603.48,0.174,20.0,-1602.91,0.1741,20.0,-1602.33,0.1741,20.0,-1602.06,0.1894,20.0,-1601.88,0.2633,20.0
102,2023-04-13,0.9633,0.09652,-2.75,2.2,0.173958333333333,0.0,0.09652,-9.8953e-10,0.0,-3.915e-05,11.19,3.6652,6.5235,14.765,-14.046,-2526.1,-1631.9,-1600.8,0.0,0.0,30.874,0.0,6.5235,0.0,-2374.61,0.16,20.0,-1905.11,0.1676,20.0,-1678.0,0.1724,20.0,-1605.77,0.174,20.0,-1603.49,0.174,20.0,-1602.91,0.1741,20.0,-1602.33,0.1741,20.0,-1602.06,0.1894,20.0,-1601.88,0.2633,20.0
103,2023-04-14,0.0952,0.18034,-5.825,5.825,-0.0322916666666666,0.0,0.18034,5.8499e-09,0.0,-3.9146e-05,11.19,3.8456,6.5235,14.765,-14.046,-2465.7,-1631.9,-1600.8,0.0,0.0,30.874,0.0,6.5235,0.0,-2339.37,0.1605,20.0,-1913.89,0.1674,20.0,-1686.26,0.1723,20.0,-1606.46,0.174,20.0,-1603.5,0.174,20.0,-1602.91,0.1741,20.0,-1602.33,0.1741,20.0,-1602.06,0.1894,20.0,-1601.88,0.2633,20.0
104,2023-04-15,0.0017,0.2921,-3.25,11.1,3.559375,0.0,0.2921,8.0327e-09,0.0,-3.9153e-05,11.19,4.1377,6.5235,14.765,-14.046,-2419.2,-1631.8,-1600.9,0.0,0.0,30.874,0.0,6.5235,0.0,-2308.56,0.161,20.0,-1920.76,0.1672,20.0,-1694.12,0.1721,20.0,-1607.28,0.174,20.0,-1603.52,0.174,20.0,-1602.91,0.1741,20.0,-1602.33,0.1741,20.0,-1602.06,0.1894,20.0,-1601.88,0.2633,20.0
105,2023-04-16,0.0,0.4064,0.45,17.45,9.81354166666667,0.0,0.4064,1.0186e-09,0.0,-3.9156e-05,11.19,4.5441,6.5235,14.765,-14.046,-2376.3,-1631.8,-1600.9,0.0,0.0,30.874,0.0,6.5235,0.0,-2280.65,0.1614,20.0,-1926.04,0.1671,20.0,-1701.55,0.1719,20.0,-1608.23,0.1739,20.0,-1603.54,0.174,20.0,-1602.92,0.1741,20.0,-1602.33,0.1741,20.0,-1602.06,0.1894,20.0,-1601.88,0.2633,20.0
106,2023-04-17,0.0119,0.35052,3.05,14.925,8.2125,0.0,0.35052,1.95e-09,0.0,-3.9143e-05,11.19,4.8946,6.5235,14.765,-14.046,-2337.4,-1631.7,-1600.9,0.0,0.0,30.874,0.0,6.5235,0.0,-2254.9,0.1618,20.0,-1929.98,0.167,20.0,-1708.54,0.1718,20.0,-1609.29,0.1739,20.0,-1603.58,0.174,20.0,-1602.92,0.1741,20.0,-1602.33,0.1741,20.0,-1602.06,0.1894,20.0,-1601.88,0.2633,20.0
107,2023-04-18,0.2992,0.12446,-0.4,9.275,2.89166666666667,0.0,0.12446,3.0268e-09,0.0,-3.9146e-05,11.19,5.019,6.5235,14.765,-14.046,-2302.5,-1631.7,-1600.9,0.0,0.0,30.874,0.0,6.5235,0.0,-2230.99,0.1622,20.0,-1932.76,0.167,20.0,-1715.11,0.1716,20.0,-1610.46,0.1739,20.0,-1603.62,0.174,20.0,-1602.92,0.1741,20.0,-1602.34,0.1741,20.0,-1602.06,0.1894,20.0,-1601.88,0.2633,20.0
108,2023-04-19,1.1389,0.12446,-1.35,1.3,-0.153125,0.0,0.12446,6.8248e-09,0.0,-3.9149e-05,11.19,5.1435,6.5235,14.765,-14.046,-2271.2,-1631.6,-1601.0,0.0,0.0,30.874,0.0,6.5235,0.0,-2208.73,0.1625,20.0,-1934.57,0.1669,20.0,-1721.24,0.1715,20.0,-1611.73,0.1739,20.0,-1603.68,0.174,20.0,-1602.92,0.1741,20.0,-1602.34,0.1741,20.0,-1602.06,0.1894,20.0,-1601.88,0.2633,20.0
109,2023-04-20,0.1821,0.13716,-3.2,0.975,-1.317,0.0,0.13716,6.7375e-09,0.0,-3.9151e-05,11.19,5.2807,6.5235,14.765,-14.046,-2243.0,-1631.6,-1601.0,0.0,0.0,30.874,0.0,6.5235,0.0,-2188.0,0.1629,20.0,-1935.54,0.1669,20.0,-1726.97,0.1714,20.0,-1613.09,0.1738,20.0,-1603.75,0.174,20.0,-1602.92,0.1741,20.0,-1602.34,0.1741,20.0,-1602.06,0.1894,20.0,-1601.88,0.2633,20.0
110,2023-04-21,0.1004,0.1143,-5.425,0.5,-2.28229166666667,0.0,0.1143,-6.8394e-10,0.0,-3.9146e-05,11.19,5.395,6.5235,14.765,-14.046,-2217.5,-1631.5,-1601.0,0.0,0.0,30.874,0.0,6.5235,0.0,-2168.71,0.1631,20.0,-1935.79,0.1669,20.0,-1732.3,0.1713,20.0,-1614.53,0.1738,20.0,-1603.83,0.174,20.0,-1602.92,0.1741,20.0,-1602.34,0.1741,20.0,-1602.06,0.1894,20.0,-1601.88,0.2633,20.0
111,2023-04-22,0.0068,0.2159,-6.8,7.7,0.428125,0.0,0.2159,5.0932e-09,0.0,-3.915e-05,11.19,5.6109,6.5235,14.765,-14.046,-2194.3,-1631.4,-1601.0,0.0,0.0,30.874,0.0,6.5235,0.0,-2150.74,0.1634,20.0,-1935.42,0.1669,20.0,-1737.24,0.1712,20.0,-1616.04,0.1738,20.0,-1603.94,0.174,20.0,-1602.93,0.1741,20.0,-1602.34,0.1741,20.0,-1602.06,0.1894,20.0,-1601.88,0.2633,20.0
112,2023-04-23,0.0,0.25908,-2.65,12.225,4.72395833333333,0.0,0.25908,8.4838e-09,0.0,-3.9139e-05,11.19,5.8699,6.5235,14.765,-14.046,-2173.2,-1631.4,-1601.0,0.0,0.0,30.874,0.0,6.5235,0.0,-2133.99,0.1637,20.0,-1934.55,0.1669,20.0,-1741.83,0.1711,20.0,-1617.61,0.1737,20.0,-1604.06,0.174,20.0,-1602.93,0.1741,20.0,-1602.34,0.1741,20.0,-1602.06,0.1894,20.0,-1601.88,0.2633,20.0
113,2023-04-24,0.0306,0.28194,2.175,16.6,9.33020833333333,0.0,0.28194,4.0309e-09,0.0,-3.9148e-05,11.19,6.1519,6.5235,14.765,-14.046,-2153.8,-1631.3,-1601.1,0.0,0.0,30.874,0.0,6.5235,0.0,-2118.35,0.1639,20.0,-1933.23,0.167,20.0,-1746.08,0.171,20.0,-1619.22,0.1737,20.0,-1604.21,0.174,20.0,-1602.93,0.1741,20.0,-1602.34,0.1741,20.0,-1602.06,0.1894,20.0,-1601.88,0.2633,20.0
114,2023-04-25,0.0,0.36068,3.225,17.025,9.746875,0.0,0.36068,-3.2014e-10,0.0,-3.9141e-05,11.19,6.5126,6.5235,14.765,-14.046,-2136.0,-1631.3,-1601.1,0.0,0.0,30.874,0.0,6.5235,0.0,-2103.74,0.1642,20.0,-1931.56,0.167,20.0,-1750.0,0.1709,20.0,-1620.88,0.1737,20.0,-1604.37,0.174,20.0,-1602.93,0.1741,20.0,-1602.34,0.1741,20.0,-1602.06,0.1894,20.0,-1601.88,0.2633,20.0
115,2023-04-26,0.0,0.3683,0.725,18.975,10.3364583333333,0.0,0.3683,2.3429e-09,0.0,-3.9136e-05,11.19,6.8809,6.5235,14.765,-14.047,-2119.6,-1631.2,-1601.1,0.0,0.0,30.874,0.0,6.5235,0.0,-2090.07,0.1644,20.0,-1929.6,0.167,20.0,-1753.61,0.1708,20.0,-1622.56,0.1736,20.0,-1604.56,0.174,20.0,-1602.93,0.1741,20.0,-1602.34,0.1741,20.0,-1602.07,0.1894,20.0,-1601.88,0.2633,20.0
116,2023-04-27,0.1821,0.23622,0.35,11.7,6.65416666666667,0.0,0.23622,-7.4942e-10,0.0,-3.9134e-05,11.19,7.1171,6.5235,14.765,-14.047,-2104.4,-1631.2,-1601.1,0.0,0.0,30.874,0.0,6.5235,0.0,-2077.25,0.1646,20.0,-1927.4,0.1671,20.0,-1756.93,0.1708,20.0,-1624.27,0.1736,20.0,-1604.77,0.174,20.0,-1602.94,0.1741,20.0,-1602.34,0.1741,20.0,-1602.07,0.1894,20.0,-1601.88,0.2633,20.0
117,2023-04-28,0.0,0.37846,0.625,22.25,11.8770833333333,0.0,0.37846,6.4756e-09,0.0,-3.9144e-05,11.19,7.4955,6.5235,14.765,-14.047,-2090.3,-1631.2,-1601.1,0.0,0.0,30.874,0.0,6.5235,0.0,-2065.22,0.1648,20.0,-1925.01,0.1671,20.0,-1759.97,0.1707,20.0,-1626.0,0.1736,20.0,-1605.0,0.174,20.0,-1602.94,0.1741,20.0,-1602.34,0.1741,20.0,-1602.07,0.1894,20.0,-1601.88,0.2633,20.0
118,2023-04-29,0.0,0.36322,0.55,20.9,11.8916666666667,0.0,0.36322,-3.296e-09,0.0,-3.9138e-05,11.19,7.8588,6.5235,14.765,-14.047,-2077.1,-1631.1,-1601.1,0.0,0.0,30.874,0.0,6.5235,0.0,-2053.93,0.1649,20.0,-1922.63,0.1672,20.0,-1762.76,0.1706,20.0,-1627.74,0.1735,20.0,-1605.26,0.174,20.0,-1602.95,0.1741,20.0,-1602.35,0.1741,20.0,-1602.07,0.1894,20.0,-1601.88,0.2633,20.0
119,2023-04-30,0.0,0.41148,-0.025,23.3,12.9302083333333,0.0,0.41148,-4.9549e-09,0.0,-3.9132e-05,11.19,8.2702,6.5235,14.765,-14.047,-2064.9,-1631.1,-1601.1,0.0,0.0,30.874,0.0,6.5235,0.0,-2043.34,0.1651,20.0,-1920.26,0.1672,20.0,-1765.31,0.1706,20.0,-1629.48,0.1735,20.0,-1605.54,0.174,20.0,-1602.95,0.1741,20.0,-1602.35,0.1741,20.0,-1602.07,0.1894,20.0,-1601.88,0.2633,20.0
120,2023-05-01,0.0,0.39624,0.975,24.125,13.765625,0.0,0.39624,-3.2742e-10,0.0,-3.9141e-05,11.19,8.6665,6.5235,14.765,-14.047,-2053.5,-1944.7,-1601.1,0.0,0.0,30.874,0.0,6.5235,0.0,-2033.39,0.1652,20.0,-1917.8,0.1673,20.0,-1767.64,0.1705,20.0,-1631.22,0.1734,20.0,-1605.84,0.174,20.0,-1602.96,0.1741,20.0,-1602.35,0.1741,20.0,-1602.07,0.1894,20.0,-1601.88,0.2633,20.0
121,2023-05-02,0.0,0.35306,1.1,24.225,13.3125,0.0,0.35306,-6.6429e-09,0.0,-3.9135e-05,11.19,9.0195,6.5235,14.765,-14.047,-2042.8,-1940.2,-1601.1,0.0,0.0,30.874,0.0,6.5235,0.0,-2024.01,0.1654,20.0,-1915.25,0.1674,20.0,-1769.77,0.1705,20.0,-1632.96,0.1734,20.0,-1606.16,0.174,20.0,-1602.96,0.1741,20.0,-1602.35,0.1741,20.0,-1602.07,0.1894,20.0,-1601.88,0.2633,20.0
122,2023-05-03,0.0,0.36322,6.025,24.4,15.3395833333333,0.0,0.36322,-6.5484e-10,0.0,-3.914e-05,11.19,9.3828,6.5235,14.765,-14.047,-2032.7,-1935.8,-1601.2,0.0,0.0,30.874,0.0,6.5235,0.0,-2015.14,0.1655,20.0,-1912.62,0.1674,20.0,-1771.71,0.1704,20.0,-1634.69,0.1734,20.0,-1606.51,0.174,20.0,-1602.97,0.1741,20.0,-1602.35,0.1741,20.0,-1602.07,0.1894,20.0,-1601.88,0.2633,20.0
123,2023-05-04,0.0,0.39878,5.85,24.775,16.06875,0.0,0.39878,3.1432e-09,0.0,-3.913e-05,11.19,9.7815,6.5235,14.765,-14.047,-2023.3,-1931.5,-1601.2,0.0,0.0,30.874,0.0,6.5235,0.0,-2006.75,0.1657,20.0,-1909.95,0.1675,20.0,-1773.48,0.1704,20.0,-1636.41,0.1733,20.0,-1606.88,0.174,20.0,-1602.98,0.1741,20.0,-1602.35,0.1741,20.0,-1602.07,0.1894,20.0,-1601.88,0.2633,20.0
124,2023-05-05,0.9785,0.23876,8.75,17.075,12.3020833333333,0.0,0.23876,-6.9849e-10,0.0,-3.9139e-05,11.19,10.02,6.5235,14.765,-14.047,-2014.4,-1927.5,-1601.2,0.0,0.0,30.874,0.0,6.5235,0.0,-1998.86,0.1658,20.0,-1907.3,0.1675,20.0,-1775.08,0.1704,20.0,-1638.1,0.1733,20.0,-1607.26,0.174,20.0,-1602.99,0.1741,20.0,-1602.35,0.1741,20.0,-1602.07,0.1894,20.0,-1601.88,0.2633,20.0
125,2023-05-06,0.772,0.09398,5.6,9.25,7.990625,0.0,0.09398,6.4028e-10,0.0,-3.9138e-05,11.19,10.114,6.5235,14.765,-14.047,-2006.1,-1923.6,-1601.2,0.0,0.0,30.874,0.0,6.5235,0.0,-1991.46,0.1659,20.0,-1904.73,0.1676,20.0,-1776.52,0.1703,20.0,-1639.79,0.1733,20.0,-1607.67,0.174,20.0,-1603.0,0.1741,20.0,-1602.35,0.1741,20.0,-1602.07,0.1894,20.0,-1601.88,0.2633,20.0
126,2023-05-07,0.1904,0.28956,5.125,15.725,10.1114583333333,0.0,0.28956,3.9654e-10,0.0,-3.9138e-05,11.19,10.404,6.5235,14.765,-14.047,-1998.2,-1919.9,-1601.2,0.0,0.0,30.874,0.0,6.5235,0.0,-1984.47,0.166,20.0,-1902.19,0.1676,20.0,-1777.83,0.1703,20.0,-1641.45,0.1732,20.0,-1608.09,0.1739,20.0,-1603.01,0.1741,20.0,-1602.35,0.1741,20.0,-1602.07,0.1894,20.0,-1601.88,0.2633,20.0
127,2023-05-08,0.0,0.37084,4.8,17.75,10.8416666666667,0.0,0.37084,-6.0791e-09,0.0,-3.9137e-05,11.19,10.775,6.5235,14.765,-14.047,-1990.9,-1916.2,-1601.2,0.0,0.0,30.873,0.0,6.5235,0.0,-1977.83,0.1661,20.0,-1899.66,0.1677,20.0,-1779.0,0.1703,20.0,-1643.08,0.1732,20.0,-1608.53,0.1739,20.0,-1603.03,0.1741,20.0,-1602.35,0.1741,20.0,-1602.07,0.1894,20.0,-1601.88,0.2633,20.0
128,2023-05-09,0.0,0.27432,1.025,15.4,8.18645833333333,0.0,0.27432,-3.3833e-09,0.0,-3.9136e-05,11.19,11.049,6.5235,14.765,-14.047,-1984.0,-1912.9,-1601.2,0.0,0.0,30.873,0.0,6.5235,0.0,-1971.76,0.1662,20.0,-1897.17,0.1677,20.0,-1780.05,0.1703,20.0,-1644.7,0.1732,20.0,-1608.99,0.1739,20.0,-1603.04,0.1741,20.0,-1602.35,0.1741,20.0,-1602.07,0.1894,20.0,-1601.87,0.2633,20.0
129,2023-05-10,0.0,0.32512,3.225,17.25,10.9427083333333,0.0,0.32512,1.0186e-09,0.0,-3.9132e-05,11.19,11.374,6.5235,14.765,-14.047,-1977.5,-1909.6,-1601.2,0.0,0.0,30.873,0.0,6.5235,0.0,-1966.03,0.1663,20.0,-1894.73,0.1678,20.0,-1780.99,0.1702,20.0,-1646.28,0.1731,20.0,-1609.47,0.1739,20.0,-1603.06,0.1741,20.0,-1602.36,0.1741,20.0,-1602.07,0.1894,20.0,-1601.87,0.2633,20.0
130,2023-05-11,0.1105,0.2286,5.325,15.625,10.3104166666667,0.0,0.2286,-5.457e-11,0.0,-3.9141e-05,11.19,11.603,6.5235,14.765,-14.047,-1971.5,-1906.5,-1601.2,0.0,0.0,30.873,0.0,6.5235,0.0,-1960.97,0.1664,20.0,-1892.34,0.1678,20.0,-1781.83,0.1702,20.0,-1647.84,0.1731,20.0,-1609.96,0.1739,20.0,-1603.08,0.1741,20.0,-1602.36,0.1741,20.0,-1602.07,0.1894,20.0,-1601.87,0.2633,20.0
131,2023-05-12,0.0068,0.29972,2.25,20.025,11.2541666666667,0.0,0.29972,-7.3233e-09,0.0,-3.9136e-05,11.19,11.902,6.5235,14.765,-14.047,-1966.1,-1903.6,-1601.2,0.0,0.0,30.873,0.0,6.5235,0.0,-1956.2,0.1665,20.0,-1890.0,0.1679,20.0,-1782.58,0.1702,20.0,-1649.38,0.1731,20.0,-1610.46,0.1739,20.0,-1603.11,0.174,20.0,-1602.36,0.1741,20.0,-1602.07,0.1894,20.0,-1601.87,0.2633,20.0
132,2023-05-13,0.0,0.18288,4.425,15.375,11.121875,0.0,0.18288,5.8899e-09,0.0,-3.914e-05,11.19,12.085,6.5235,14.765,-14.047,-1961.8,-1900.9,-1601.2,0.0,0.0,30.873,0.0,6.5235,0.0,-1951.78,0.1666,20.0,-1887.72,0.1679,20.0,-1783.24,0.1702,20.0,-1650.88,0.173,20.0,-1610.98,0.1739,20.0,-1603.13,0.174,20.0,-1602.36,0.1741,20.0,-1602.07,0.1894,20.0,-1601.87,0.2633,20.0
133,2023-05-14,0.0,0.21336,6.3,18.9,12.278125,0.0,0.21336,4.3001e-09,0.0,-3.913e-05,11.19,12.299,6.5235,14.765,-14.047,-1957.8,-1898.2,-1601.2,0.0,0.0,30.873,0.0,6.5235,0.0,-1947.62,0.1667,20.0,-1885.51,0.168,20.0,-1783.81,0.1702,20.0,-1652.35,0.173,20.0,-1611.51,0.1739,20.0,-1603.16,0.174,20.0,-1602.36,0.1741,20.0,-1602.07,0.1894,20.0,-1601.87,0.2633,20.0
134,2023-05-15,0.0,0.42926,6.0,24.85,15.95,0.0,0.42926,-2.9613e-09,0.0,-3.9125e-05,11.19,12.728,6.5235,14.765,-14.047,-1953.8,-1895.7,-1601.2,0.0,0.0,30.873,0.0,6.5235,0.0,-1943.62,0.1667,20.0,-1883.35,0.168,20.0,-1784.32,0.1702,20.0,-1653.8,0.173,20.0,-1612.05,0.1739,20.0,-1603.19,0.174,20.0,-1602.36,0.1741,20.0,-1602.07,0.1894,20.0,-1601.87,0.2633,20.0
135,2023-05-16,0.0017,0.51816,13.125,26.95,18.9208333333333,0.0,0.51816,1.648e-09,0.0,-3.9139e-05,11.19,13.246,6.5235,14.765,-14.047,-1949.7,-1893.2,-1601.2,0.0,0.0,30.873,0.0,6.5235,0.0,-1939.75,0.1668,20.0,-1881.26,0.1681,20.0,-1784.76,0.1702,20.0,-1655.21,0.1729,20.0,-1612.6,0.1738,20.0,-1603.23,0.174,20.0,-1602.36,0.1741,20.0,-1602.07,0.1894,20.0,-1601.87,0.2633,20.0
136,2023-05-17,0.1327,0.18542,6.85,15.725,11.4177083333333,0.0,0.18542,-1.5098e-09,0.0,-3.9124e-05,11.19,13.432,6.5235,14.765,-14.047,-1945.8,-1890.8,-1601.3,0.0,0.0,30.873,0.0,6.5235,0.0,-1935.97,0.1669,20.0,-1879.22,0.1681,20.0,-1785.14,0.1701,20.0,-1656.59,0.1729,20.0,-1613.16,0.1738,20.0,-1603.27,0.174,20.0,-1602.36,0.1741,20.0,-1602.07,0.1894,20.0,-1601.87,0.2633,20.0
137,2023-05-18,0.0051,0.33528,2.475,20.725,11.7791666666667,0.0,0.33528,-5.7771e-09,0.0,-3.9138e-05,11.19,13.767,6.5235,14.765,-14.047,-1941.9,-1888.4,-1601.3,0.0,0.0,30.873,0.0,6.5235,0.0,-1932.3,0.167,20.0,-1877.23,0.1682,20.0,-1785.46,0.1701,20.0,-1657.94,0.1729,20.0,-1613.73,0.1738,20.0,-1603.31,0.174,20.0,-1602.36,0.1741,20.0,-1602.07,0.1894,20.0,-1601.87,0.2633,20.0
138,2023-05-19,0.0,0.42672,2.825,26.675,15.3260416666667,0.0,0.42672,-8.2073e-09,0.0,-3.9128e-05,11.19,14.194,6.5235,14.765,-14.047,-1938.0,-1886.1,-1601.3,0.0,0.0,30.873,0.0,6.5235,0.0,-1928.73,0.1671,20.0,-1875.29,0.1682,20.0,-1785.73,0.1701,20.0,-1659.27,0.1728,20.0,-1614.31,0.1738,20.0,-1603.35,0.174,20.0,-1602.36,0.1741,20.0,-1602.07,0.1894,20.0,-1601.87,0.2633,20.0
139,2023-05-20,0.0,0.4064,8.9,26.5,18.53125,0.0,0.4064,-1.517e-09,0.0,-3.9138e-05,11.19,14.6,6.5235,14.765,-14.047,-1934.3,-1883.9,-1601.3,0.0,0.0,30.873,0.0,6.5235,0.0,-1925.25,0.1671,20.0,-1873.4,0.1683,20.0,-1785.96,0.1701,20.0,-1660.56,0.1728,20.0,-1614.89,0.1738,20.0,-1603.4,0.174,20.0,-1602.36,0.1741,20.0,-1602.07,0.1894,20.0,-1601.87,0.2633,20.0
140,2023-05-21,0.0,0.4445,9.325,29.55,19.6916666666667,0.0,0.4445,7.065e-09,0.0,-3.9127e-05,11.19,15.044,6.5235,14.765,-14.048,-1930.7,-1881.7,-1601.3,0.0,0.0,30.873,0.0,6.5235,0.0,-1921.86,0.1672,20.0,-1871.54,0.1683,20.0,-1786.14,0.1701,20.0,-1661.82,0.1728,20.0,-1615.48,0.1738,20.0,-1603.45,0.174,20.0,-1602.36,0.1741,20.0,-1602.08,0.1894,20.0,-1601.87,0.2633,20.0
141,2023-05-22,0.6886,0.35052,10.125,22.5,16.721875,0.0,0.35052,-2.7831e-09,0.0,-3.9136e-05,11.19,15.395,6.5235,14.765,-14.048,-1927.2,-1879.5,-1601.3,0.0,0.0,30.873,0.0,6.5235,0.0,-1918.57,0.1673,20.0,-1869.71,0.1683,20.0,-1786.28,0.1701,20.0,-1663.05,0.1728,20.0,-1616.07,0.1738,20.0,-1603.5,0.174,20.0,-1602.37,0.1741,20.0,-1602.08,0.1894,20.0,-1601.86,0.2633,20.0
142,2023-05-23,0.0,0.40894,6.175,21.575,14.3166666666667,0.0,0.40894,4.944e-09,0.0,-3.9132e-05,11.19,15.804,6.5235,14.765,-14.048,-1923.7,-1877.4,-1601.3,0.0,0.0,30.873,0.0,6.5235,0.0,-1915.36,0.1674,20.0,-1867.92,0.1684,20.0,-1786.39,0.1701,20.0,-1664.25,0.1727,20.0,-1616.67,0.1738,20.0,-1603.56,0.174,20.0,-1602.37,0.1741,20.0,-1602.08,0.1894,20.0,-1601.86,0.2633,20.0
143,2023-05-24,0.0578,0.2794,9.5,20.725,14.33125,0.0,0.2794,-3.0886e-09,0.0,-3.9126e-05,11.19,16.083,6.5235,14.765,-14.048,-1920.4,-1875.3,-1601.3,0.0,0.0,30.873,0.0,6.5235,0.0,-1912.24,0.1674,20.0,-1866.17,0.1684,20.0,-1786.46,0.1701,20.0,-1665.43,0.1727,20.0,-1617.28,0.1737,20.0,-1603.62,0.174,20.0,-1602.37,0.1741,20.0,-1602.08,0.1894,20.0,-1601.86,0.2633,20.0
144,2023-05-25,0.1445,0.14732,10.4,15.825,12.5489583333333,0.0,0.14732,3.9545e-09,0.0,-3.9131e-05,11.19,16.231,6.5235,14.765,-14.048,-1917.1,-1873.3,-1601.3,0.0,0.0,30.873,0.0,6.5235,0.0,-1909.21,0.1675,20.0,-1864.44,0.1684,20.0,-1786.5,0.1701,20.0,-1666.57,0.1727,20.0,-1617.88,0.1737,20.0,-1603.69,0.174,20.0,-1602.37,0.1741,20.0,-1602.08,0.1894,20.0,-1601.86,0.2633,20.0
145,2023-05-26,0.1394,0.11938,10.425,14.8,12.3583333333333,0.0,0.11938,2.0373e-09,0.0,-3.913e-05,11.19,16.35,6.5235,14.765,-14.048,-1914.0,-1871.3,-1601.3,0.0,0.0,30.873,0.0,6.5235,0.0,-1906.25,0.1676,20.0,-1862.73,0.1685,20.0,-1786.51,0.1701,20.0,-1667.69,0.1727,20.0,-1618.49,0.1737,20.0,-1603.76,0.174,20.0,-1602.37,0.1741,20.0,-1602.08,0.1894,20.0,-1601.86,0.2633,20.0
146,2023-05-27,1.7901,0.10922,9.75,12.975,11.4697916666667,0.0,0.10922,4.3656e-09,0.0,-3.913e-05,11.19,16.459,6.5235,14.765,-14.048,-1910.9,-1869.4,-1601.3,0.0,0.0,30.873,0.0,6.5235,0.0,-1903.37,0.1676,20.0,-1861.06,0.1685,20.0,-1786.49,0.1701,20.0,-1668.78,0.1726,20.0,-1619.1,0.1737,20.0,-1603.83,0.174,20.0,-1602.37,0.1741,20.0,-1602.08,0.1894,20.0,-1601.86,0.2633,20.0
147,2023-05-28,0.1819,0.37846,8.75,23.6,15.5322916666667,0.0,0.37846,7.2614e-09,0.0,-3.9125e-05,11.19,16.838,6.5235,14.765,-14.048,-1907.9,-1867.5,-1601.3,0.0,0.0,30.873,0.0,6.5235,0.0,-1900.57,0.1677,20.0,-1859.41,0.1686,20.0,-1786.44,0.1701,20.0,-1669.84,0.1726,20.0,-1619.71,0.1737,20.0,-1603.91,0.174,20.0,-1602.37,0.1741,20.0,-1602.08,0.1894,20.0,-1601.86,0.2633,20.0
148,2023-05-29,0.0374,0.44196,10.375,22.775,16.4135416666667,0.0,0.44196,3.8162e-09,0.0,-3.9125e-05,11.19,17.28,6.5235,14.765,-14.048,-1905.0,-1865.6,-1601.3,0.0,0.0,30.873,0.0,6.5235,0.0,-1897.84,0.1677,20.0,-1857.79,0.1686,20.0,-1786.37,0.1701,20.0,-1670.88,0.1726,20.0,-1620.33,0.1737,20.0,-1603.99,0.174,20.0,-1602.37,0.1741,20.0,-1602.08,0.1894,20.0,-1601.86,0.2633,20.0
149,2023-05-30,0.0,0.44958,9.5,25.775,17.7614583333333,0.0,0.44958,-4.8003e-09,0.0,-3.9125e-05,11.19,17.729,6.5235,14.765,-14.048,-1902.2,-1863.8,-1601.3,0.0,0.0,30.873,0.0,6.5235,0.0,-1895.18,0.1678,20.0,-1856.2,0.1686,20.0,-1786.28,0.1701,20.0,-1671.89,0.1726,20.0,-1620.94,0.1737,20.0,-1604.07,0.174,20.0,-1602.37,0.1741,20.0,-1602.08,0.1894,20.0,-1601.86,0.2633,20.0
150,2023-05-31,0.017,0.33528,6.725,26.0,15.9875,0.0,0.33528,-7.4615e-09,0.0,-3.9129e-05,11.19,18.064,6.5235,14.765,-14.048,-1899.4,-1862.0,-1601.3,0.0,0.0,30.873,0.0,6.5235,0.0,-1892.59,0.1678,20.0,-1854.62,0.1687,20.0,-1786.16,0.1701,20.0,-1672.88,0.1726,20.0,-1621.56,0.1737,20.0,-1604.16,0.174,20.0,-1602.38,0.1741,20.0,-1602.08,0.1894,20.0,-1601.86,0.2633,20.0
151,2023-06-01,0.0085,0.26162,8.35,20.425,14.171875,0.0,0.26162,2.9577e-09,0.0,-3.9129e-05,11.19,18.326,6.5235,14.765,-14.048,-1896.8,-1798.2,-1601.3,0.0,0.0,30.873,0.0,6.5235,0.0,-1890.06,0.1679,20.0,-1853.08,0.1687,20.0,-1786.02,0.1701,20.0,-1673.84,0.1725,20.0,-1622.17,0.1736,20.0,-1604.25,0.174,20.0,-1602.38,0.1741,20.0,-1602.08,0.1894,20.0,-1601.86,0.2633,20.0
152,2023-06-02,0.7684,0.10414,11.1,13.225,12.0458333333333,0.0,0.10414,6.8849e-09,0.0,-3.9129e-05,11.19,18.43,6.5235,14.765,-14.048,-1894.1,-1797.6,-1601.3,0.0,0.0,30.872,0.0,6.5235,0.0,-1887.6,0.168,20.0,-1851.55,0.1687,20.0,-1785.87,0.1701,20.0,-1674.77,0.1725,20.0,-1622.78,0.1736,20.0,-1604.35,0.174,20.0,-1602.38,0.1741,20.0,-1602.08,0.1894,20.0,-1601.86,0.2633,20.0
153,2023-06-03,0.6732,0.1905,8.7,14.75,12.2625,0.0,0.1905,-3.0977e-09,0.0,-3.9129e-05,11.19,18.621,6.5235,14.765,-14.048,-1891.6,-1797.0,-1601.3,0.0,0.0,30.872,0.0,6.5235,0.0,-1885.2,0.168,20.0,-1850.05,0.1688,20.0,-1785.69,0.1701,20.0,-1675.68,0.1725,20.0,-1623.4,0.1736,20.0,-1604.45,0.174,20.0,-1602.38,0.1741,20.0,-1602.08,0.1894,20.0,-1601.86,0.2633,20.0
154,2023-06-04,0.0153,0.41656,5.925,23.65,15.775,0.0,0.41656,-8.0672e-09,0.0,-3.9123e-05,11.19,19.037,6.5235,14.765,-14.048,-1889.1,-1796.4,-1601.3,0.0,0.0,30.872,0.0,6.5235,0.0,-1882.86,0.1681,20.0,-1848.58,0.1688,20.0,-1785.5,0.1701,20.0,-1676.57,0.1725,20.0,-1624.01,0.1736,20.0,-1604.55,0.174,20.0,-1602.38,0.1741,20.0,-1602.08,0.1894,20.0,-1601.86,0.2633,20.0
155,2023-06-05,0.017,0.37592,10.2,25.875,17.9572916666667,0.0,0.37592,-9.9553e-09,0.0,-3.9133e-05,11.19,19.413,6.5235,14.765,-14.048,-1886.7,-1795.8,-1601.3,0.0,0.0,30.872,0.0,6.5235,0.0,-1880.57,0.1681,20.0,-1847.12,0.1688,20.0,-1785.3,0.1701,20.0,-1677.44,0.1725,20.0,-1624.61,0.1736,20.0,-1604.66,0.174,20.0,-1602.38,0.1741,20.0,-1602.08,0.1894,20.0,-1601.86,0.2633,20.0
156,2023-06-06,0.0017,0.32258,9.85,21.75,15.0395833333333,0.0,0.32258,-4.7348e-09,0.0,-3.9133e-05,11.19,19.736,6.5235,14.765,-14.048,-1884.4,-1795.1,-1601.3,0.0,0.0,30.872,0.0,6.5235,0.0,-1878.35,0.1681,20.0,-1845.69,0.1688,20.0,-1785.07,0.1701,20.0,-1678.28,0.1724,20.0,-1625.22,0.1736,20.0,-1604.77,0.174,20.0,-1602.38,0.1741,20.0,-1602.08,0.1894,20.0,-1601.86,0.2633,20.0
157,2023-06-07,0.0034,0.4191,7.425,26.35,17.7479166666667,0.0,0.4191,-5.457e-10,0.0,-3.9133e-05,11.19,20.155,6.5235,14.765,-14.048,-1882.1,-1794.5,-1601.3,0.0,0.0,30.872,0.0,6.5235,0.0,-1876.17,0.1682,20.0,-1844.28,0.1689,20.0,-1784.84,0.1702,20.0,-1679.11,0.1724,20.0,-1625.83,0.1736,20.0,-1604.88,0.174,20.0,-1602.38,0.1741,20.0,-1602.08,0.1894,20.0,-1601.86,0.2633,20.0
158,2023-06-08,1.123,0.28448,10.95,23.25,17.1291666666667,0.0,0.28448,6.3537e-09,0.0,-3.9132e-05,11.19,20.439,6.5235,14.765,-14.048,-1879.8,-1793.9,-1601.4,0.0,0.0,30.872,0.0,6.5235,0.0,-1874.04,0.1682,20.0,-1842.89,0.1689,20.0,-1784.59,0.1702,20.0,-1679.91,0.1724,20.0,-1626.43,0.1735,20.0,-1605.0,0.174,20.0,-1602.39,0.1741,20.0,-1602.08,0.1894,20.0,-1601.86,0.2633,20.0
159,2023-06-09,0.5614,0.19304,13.25,19.575,15.8625,0.0,0.19304,-7.0431e-09,0.0,-3.9132e-05,11.19,20.632,6.5235,14.765,-14.048,-1877.7,-1793.4,-1601.4,0.0,0.0,30.872,0.0,6.5235,0.0,-1871.97,0.1683,20.0,-1841.52,0.1689,20.0,-1784.33,0.1702,20.0,-1680.69,0.1724,20.0,-1627.03,0.1735,20.0,-1605.12,0.174,20.0,-1602.39,0.1741,20.0,-1602.08,0.1894,20.0,-1601.85,0.2633,20.0
160,2023-06-10,0.0238,0.24638,11.4,20.7,15.959375,0.0,0.24638,-9.4587e-10,0.0,-3.9133e-05,11.19,20.879,6.5235,14.765,-14.048,-1875.5,-1792.8,-1601.4,0.0,0.0,30.872,0.0,6.5235,0.0,-1869.94,0.1683,20.0,-1840.17,0.169,20.0,-1784.05,0.1702,20.0,-1681.45,0.1724,20.0,-1627.62,0.1735,20.0,-1605.24,0.174,20.0,-1602.39,0.1741,20.0,-1602.08,0.1894,20.0,-1601.85,0.2633,20.0
161,2023-06-11,0.0136,0.41148,8.85,23.425,16.7239583333333,0.0,0.41148,-5.306e-09,0.0,-3.9126e-05,11.19,21.29,6.5235,14.765,-14.048,-1873.4,-1792.2,-1601.4,0.0,0.0,30.872,0.0,6.5235,0.0,-1867.96,0.1684,20.0,-1838.85,0.169,20.0,-1783.77,0.1702,20.0,-1682.19,0.1724,20.0,-1628.21,0.1735,20.0,-1605.37,0.174,20.0,-1602.39,0.1741,20.0,-1602.08,0.1894,20.0,-1601.85,0.2633,20.0
162,2023-06-12,0.0102,0.41402,9.95,24.225,17.5041666666667,0.0,0.41402,-1.1405e-09,0.0,-3.9131e-05,11.19,21.704,6.5235,14.765,-14.048,-1871.4,-1791.6,-1601.4,0.0,0.0,30.872,0.0,6.5235,0.0,-1866.02,0.1684,20.0,-1837.54,0.169,20.0,-1783.47,0.1702,20.0,-1682.91,0.1723,20.0,-1628.8,0.1735,20.0,-1605.5,0.174,20.0,-1602.39,0.1741,20.0,-1602.08,0.1894,20.0,-1601.85,0.2633,20.0
163,2023-06-13,0.0051,0.46482,7.65,26.175,17.7364583333333,0.0,0.46482,5.9335e-09,0.0,-3.9131e-05,11.19,22.169,6.5235,14.765,-14.048,-1869.4,-1791.0,-1601.4,0.0,0.0,30.872,0.0,6.5235,0.0,-1864.12,0.1685,20.0,-1836.25,0.1691,20.0,-1783.17,0.1702,20.0,-1683.61,0.1723,20.0,-1629.39,0.1735,20.0,-1605.64,0.174,20.0,-1602.4,0.1741,20.0,-1602.08,0.1894,20.0,-1601.85,0.2633,20.0
164,2023-06-14,0.0,0.44958,8.75,19.225,16.26875,0.0,0.44958,-1.5316e-09,0.0,-3.9116e-05,11.19,22.619,6.5235,14.765,-14.049,-1867.5,-1790.4,-1601.4,0.0,0.0,30.872,0.0,6.5235,0.0,-1862.27,0.1685,20.0,-1834.99,0.1691,20.0,-1782.86,0.1702,20.0,-1684.29,0.1723,20.0,-1629.97,0.1735,20.0,-1605.78,0.174,20.0,-1602.4,0.1741,20.0,-1602.08,0.1894,20.0,-1601.85,0.2633,20.0
165,2023-06-15,0.0,0.26924,5.1,17.1,11.3458333333333,0.0,0.26924,-5.0277e-09,0.0,-3.9125e-05,11.19,22.888,6.5235,14.765,-14.049,-1865.6,-1789.8,-1601.4,0.0,0.0,30.872,0.0,6.5235,0.0,-1860.46,0.1685,20.0,-1833.74,0.1691,20.0,-1782.54,0.1702,20.0,-1684.96,0.1723,20.0,-1630.54,0.1735,20.0,-1605.92,0.174,20.0,-1602.4,0.1741,20.0,-1602.08,0.1894,20.0,-1601.85,0.2633,20.0
166,2023-06-16,0.0119,0.4318,3.15,23.3,13.9916666666667,0.0,0.4318,-4.1036e-09,0.0,-3.9126e-05,11.19,23.32,6.5235,14.765,-14.049,-1863.7,-1789.3,-1601.4,0.0,0.0,30.872,0.0,6.5235,0.0,-1858.69,0.1686,20.0,-1832.51,0.1691,20.0,-1782.21,0.1702,20.0,-1685.6,0.1723,20.0,-1631.12,0.1734,20.0,-1606.06,0.174,20.0,-1602.4,0.1741,20.0,-1602.09,0.1894,20.0,-1601.85,0.2633,20.0
167,2023-06-17,0.068,0.3937,10.05,22.15,15.9583333333333,0.0,0.3937,1.728e-09,0.0,-3.913e-05,11.19,23.713,6.5235,14.765,-14.049,-1861.9,-1788.7,-1601.4,0.0,0.0,30.872,0.0,6.5235,0.0,-1856.95,0.1686,20.0,-1831.29,0.1692,20.0,-1781.88,0.1702,20.0,-1686.23,0.1723,20.0,-1631.68,0.1734,20.0,-1606.21,0.174,20.0,-1602.41,0.1741,20.0,-1602.09,0.1894,20.0,-1601.85,0.2633,20.0
168,2023-06-18,0.2451,0.34036,5.15,18.225,12.6614583333333,0.0,0.34036,-6.0554e-09,0.0,-3.9125e-05,11.19,24.054,6.5235,14.765,-14.049,-1860.1,-1788.1,-1601.4,0.0,0.0,30.872,0.0,6.5235,0.0,-1855.25,0.1686,20.0,-1830.1,0.1692,20.0,-1781.54,0.1702,20.0,-1686.85,0.1723,20.0,-1632.25,0.1734,20.0,-1606.36,0.174,20.0,-1602.41,0.1741,20.0,-1602.09,0.1894,20.0,-1601.85,0.2633,20.0
169,2023-06-19,0.0,0.4699,5.55,17.625,11.7541666666667,0.0,0.4699,-8.2109e-09,0.0,-3.9115e-05,11.19,24.524,6.5235,14.765,-14.049,-1858.4,-1787.6,-1601.4,0.0,0.0,30.872,0.0,6.5235,0.0,-1853.59,0.1687,20.0,-1828.93,0.1692,20.0,-1781.19,0.1702,20.0,-1687.45,0.1722,20.0,-1632.81,0.1734,20.0,-1606.51,0.174,20.0,-1602.41,0.1741,20.0,-1602.09,0.1894,20.0,-1601.85,0.2633,20.0
170,2023-06-20,0.0,0.4445,4.825,18.9,11.8979166666667,0.0,0.4445,4.2237e-09,0.0,-3.912e-05,11.19,24.968,6.5235,14.765,-14.049,-1856.7,-1787.0,-1601.4,0.0,0.0,30.872,0.0,6.5235,0.0,-1851.96,0.1687,20.0,-1827.77,0.1692,20.0,-1780.84,0.1702,20.0,-1688.03,0.1722,20.0,-1633.36,0.1734,20.0,-1606.67,0.174,20.0,-1602.41,0.1741,20.0,-1602.09,0.1894,20.0,-1601.85,0.2633,20.0
171,2023-06-21,0.0289,0.34798,0.75,18.575,10.0989583333333,0.0,0.34798,7.0631e-09,0.0,-3.9115e-05,11.19,25.316,6.5235,14.765,-14.049,-1855.1,-1786.5,-1601.4,0.0,0.0,30.872,0.0,6.5235,0.0,-1850.36,0.1687,20.0,-1826.63,0.1693,20.0,-1780.49,0.1702,20.0,-1688.59,0.1722,20.0,-1633.91,0.1734,20.0,-1606.82,0.174,20.0,-1602.42,0.1741,20.0,-1602.09,0.1894,20.0,-1601.85,0.2633,20.0
172,2023-06-22,0.0051,0.4064,1.225,21.425,12.753125,0.0,0.4064,1.6698e-09,0.0,-3.9115e-05,11.19,25.723,6.5235,14.765,-14.049,-1853.4,-1785.9,-1601.4,0.0,0.0,30.872,0.0,6.5235,0.0,-1848.8,0.1688,20.0,-1825.5,0.1693,20.0,-1780.13,0.1703,20.0,-1689.14,0.1722,20.0,-1634.46,0.1734,20.0,-1606.98,0.174,20.0,-1602.42,0.1741,20.0,-1602.09,0.1894,20.0,-1601.85,0.2633,20.0
173,2023-06-23,0.4835,0.32004,4.275,23.925,13.8770833333333,0.0,0.32004,2.1573e-09,0.0,-3.9119e-05,11.19,26.043,6.5235,14.765,-14.049,-1851.8,-1785.4,-1601.4,0.0,0.0,30.872,0.0,6.5235,0.0,-1847.27,0.1688,20.0,-1824.39,0.1693,20.0,-1779.76,0.1703,20.0,-1689.68,0.1722,20.0,-1635.0,0.1734,20.0,-1607.15,0.174,20.0,-1602.42,0.1741,20.0,-1602.09,0.1894,20.0,-1601.85,0.2633,20.0
174,2023-06-24,0.0204,0.40132,9.65,24.3,16.6302083333333,0.0,0.40132,-6.1773e-09,0.0,-3.9125e-05,11.19,26.444,6.5235,14.765,-14.049,-1850.3,-1784.8,-1601.4,0.0,0.0,30.872,0.0,6.5235,0.0,-1845.76,0.1688,20.0,-1823.3,0.1693,20.0,-1779.4,0.1703,20.0,-1690.2,0.1722,20.0,-1635.53,0.1734,20.0,-1607.31,0.174,20.0,-1602.43,0.1741,20.0,-1602.09,0.1894,20.0,-1601.85,0.2633,20.0
175,2023-06-25,0.5101,0.34036,6.85,25.475,15.0083333333333,-2.1611,0.34036,-2.1611,0.29097,-3.9095e-05,9.0289,26.784,4.3624,14.951,-14.049,-49.135,-731.8,-1601.4,0.0,0.0,32.852,2.1611,6.5235,0.0,-59.42,0.379,20.0,-97.65,0.3462,20.0,-386.0,0.2469,20.0,-1690.71,0.1722,20.0,-1636.06,0.1733,20.0,-1607.48,0.174,20.0,-1602.43,0.1741,20.0,-1602.09,0.1894,20.0,-1601.85,0.2633,20.0
176,2023-06-26,0.0102,0.43942,7.55,25.375,16.71875,-1.6612,0.43942,-1.6612,0.43914,-3.91e-05,7.3677,27.224,2.7012,15.372,-14.049,-45.429,-159.06,-1601.4,0.0,0.0,34.098,3.8223,6.5235,0.0,-51.29,0.3875,20.0,-67.33,0.3715,20.0,-105.2,0.3411,20.0,-1541.75,0.1755,20.0,-1636.59,0.1733,20.0,-1607.65,0.174,20.0,-1602.43,0.1741,20.0,-1602.09,0.1894,20.0,-1601.85,0.2633,20.0
177,2023-06-27,0.3195,0.34036,7.675,24.625,16.1354166666667,-1.9705,0.34036,-1.9705,0.34036,-3.91e-05,5.3972,27.564,0.73068,15.712,-14.049,-30.63,-59.185,-1601.4,0.0,0.0,35.722,5.7928,6.5235,0.0,-33.64,0.4072,20.0,-41.27,0.3984,20.0,-55.69,0.3829,20.0,-154.27,0.3123,20.0,-1636.91,0.1733,20.0,-1607.82,0.1739,20.0,-1602.43,0.1741,20.0,-1602.09,0.1894,20.0,-1601.85,0.2633,20.0
178,2023-06-28,0.6885,0.35052,10.85,22.875,16.246875,0.0,0.35052,-5.2154e-08,0.35052,-3.9133e-05,5.3972,27.915,0.73068,16.062,-14.049,-115.39,-117.49,-1601.4,0.0,0.0,35.372,5.7928,6.5235,0.0,-114.04,0.3351,20.0,-112.59,0.3361,20.0,-114.15,0.335,20.0,-147.87,0.3155,20.0,-682.85,0.2137,20.0,-1608.0,0.1739,20.0,-1602.44,0.1741,20.0,-1602.09,0.1894,20.0,-1601.85,0.2633,20.0
179,2023-06-29,0.0051,0.4699,9.825,28.45,19.3947916666667,-3.3071,0.4699,-3.3071,0.4699,-3.9109e-05,2.0901,28.385,-2.5764,16.532,-14.049,-13.074,-24.585,-1601.4,0.0,0.0,38.219,9.0999,6.5235,0.0,-14.51,0.4295,20.0,-18.01,0.4256,20.0,-24.13,0.4184,20.0,-50.18,0.3886,20.0,-188.86,0.2972,20.0,-1608.18,0.1739,20.0,-1602.45,0.1741,20.0,-1602.09,0.1894,20.0,-1601.85,0.2633,20.0
180,2023-06-30,0.0,0.46482,12.425,30.125,22.1291666666667,0.0,0.46482,-4.3958e-07,0.46482,-3.9138e-05,2.0901,28.849,-2.5764,16.997,-14.049,-91.098,-84.531,-1601.4,0.0,0.0,37.754,9.0999,6.5235,0.0,-89.43,0.3526,20.0,-86.12,0.3553,20.0,-82.77,0.358,20.0,-84.91,0.3562,20.0,-119.41,0.3314,20.0,-1606.34,0.174,20.0,-1602.45,0.1741,20.0,-1602.09,0.1894,20.0,-1601.85,0.2633,20.0
181,2023-07-01,0.0,0.58928,14.4,31.125,22.9822916666667,-3.302,0.58928,-3.302,0.58928,-3.9104e-05,-1.2119,29.439,-5.8784,17.586,-14.049,-10.933,-25.961,-1601.4,0.0,0.0,40.475,12.402,6.5235,0.0,-11.93,0.4323,20.0,-14.3,0.4297,20.0,-18.21,0.4253,20.0,-31.64,0.4095,20.0,-64.65,0.3741,20.0,-846.98,0.2025,20.0,-1602.46,0.1741,20.0,-1602.09,0.1894,20.0,-1601.85,0.2633,20.0
182,2023-07-02,0.0,0.44958,8.7,27.4,19.7010416666667,0.0,0.44958,-4.7684e-07,0.44958,-3.91e-05,-1.2119,29.888,-5.8784,18.036,-14.049,-75.373,-68.79,-1601.4,0.0,0.0,40.006,12.402,6.5235,0.0,-73.61,0.3657,20.0,-70.61,0.3685,20.0,-67.77,0.3711,20.0,-66.42,0.3724,20.0,-75.3,0.3641,20.0,-191.01,0.2961,20.0,-1602.46,0.1741,20.0,-1602.09,0.1894,20.0,-1601.85,0.2633,20.0
183,2023-07-03,0.8263,0.37592,8.675,23.075,14.9052083333333,-2.4773,0.37592,-2.4773,0.37592,-3.9146e-05,-3.6892,30.264,-8.3557,18.412,-14.049,-15.995,-28.493,-1601.4,0.0,0.0,42.1,14.879,6.5235,0.0,-16.98,0.4267,20.0,-19.28,0.4241,20.0,-22.84,0.4199,20.0,-33.63,0.4072,20.0,-53.19,0.3855,20.0,-137.99,0.321,20.0,-1602.47,0.1741,20.0,-1602.09,0.1894,20.0,-1601.85,0.2633,20.0
184,2023-07-04,0.0102,0.29972,7.075,18.65,12.45,0.0,0.29972,8.2981e-07,0.29972,-3.9099e-05,-3.6892,30.564,-8.3557,18.712,-14.049,-69.675,-61.805,-1601.4,0.0,0.0,41.791,14.879,6.5235,0.0,-67.85,0.371,20.0,-64.71,0.374,20.0,-61.64,0.3768,20.0,-59.06,0.3794,20.0,-63.16,0.3754,20.0,-100.21,0.3444,20.0,-1602.48,0.1741,20.0,-1602.09,0.1894,20.0,-1601.85,0.2633,20.0
185,2023-07-05,0.0,0.3937,4.425,25.325,14.9354166666667,0.0,0.3937,2.17e-07,0.3937,-3.9095e-05,-3.6892,30.958,-8.3557,19.105,-14.049,-99.487,-87.462,-1601.4,0.0,0.0,41.409,14.879,6.5235,0.0,-97.67,0.3462,20.0,-93.93,0.3489,20.0,-89.36,0.3526,20.0,-82.47,0.3582,20.0,-81.81,0.3587,20.0,-106.19,0.3404,20.0,-1602.3,0.1741,20.0,-1602.09,0.1894,20.0,-1601.85,0.2633,20.0
186,2023-07-06,0.0,0.3937,7.475,26.875,17.6114583333333,0.0,0.3937,4.0326e-07,0.3937,-3.9104e-05,-3.6892,31.351,-8.3557,19.499,-14.049,-129.04,-111.81,-1601.4,0.0,0.0,41.015,14.879,6.5235,0.0,-127.27,0.3269,20.0,-122.68,0.3295,20.0,-115.89,0.3338,20.0,-103.96,0.3419,20.0,-99.06,0.3452,20.0,-116.93,0.3331,20.0,-1579.09,0.1746,20.0,-1602.09,0.1894,20.0,-1601.85,0.2633,20.0
187,2023-07-07,0.0,0.41148,7.825,25.75,17.7020833333333,0.0,0.41148,-9.3132e-10,0.41148,-3.913e-05,-3.6892,31.763,-8.3557,19.911,-14.049,-162.91,-137.99,-1601.4,0.0,0.0,40.607,14.879,6.5235,0.0,-161.24,0.3092,20.0,-155.43,0.3118,20.0,-145.28,0.317,20.0,-125.73,0.3278,20.0,-115.39,0.3341,20.0,-128.7,0.3261,20.0,-1208.2,0.1857,20.0,-1602.09,0.1894,20.0,-1601.85,0.2633,20.0
188,2023-07-08,0.0,0.42672,7.15,28.65,18.55625,0.0,0.42672,8.9407e-08,0.42672,-3.9134e-05,-3.6892,32.189,-8.3557,20.337,-14.049,-205.21,-168.26,-1601.4,0.0,0.0,40.184,14.879,6.5235,0.0,-203.8,0.2918,20.0,-195.94,0.2944,20.0,-180.12,0.301,20.0,-148.81,0.315,20.0,-132.28,0.3242,20.0,-140.07,0.3199,20.0,-740.5,0.2092,20.0,-1602.09,0.1894,20.0,-1601.85,0.2633,20.0
189,2023-07-09,0.0,0.46482,9.525,32.1,20.8197916666667,0.0,0.46482,-9.127e-08,0.46482,-3.9117e-05,-3.6892,32.654,-8.3557,20.802,-14.049,-265.02,-206.67,-1601.4,0.0,0.0,39.732,14.879,6.5235,0.0,-264.38,0.2731,20.0,-252.45,0.2761,20.0,-225.46,0.2844,20.0,-175.16,0.3031,20.0,-148.65,0.3151,20.0,-151.34,0.3136,20.0,-539.11,0.2269,20.0,-1602.09,0.1894,20.0,-1601.85,0.2633,20.0
190,2023-07-10,0.0,0.4191,11.95,31.35,21.0125,0.0,0.4191,2.794e-08,0.4191,-3.9119e-05,-3.6892,33.073,-8.3557,21.221,-14.05,-345.02,-252.91,-1601.4,0.0,0.0,39.29,14.879,6.5235,0.0,-345.63,0.2547,20.0,-326.4,0.2584,20.0,-280.34,0.2689,20.0,-203.01,0.292,20.0,-165.98,0.3071,20.0,-163.21,0.3084,20.0,-452.94,0.2372,20.0,-1602.08,0.1894,20.0,-1601.85,0.2633,20.0
191,2023-07-11,0.0,0.3302,10.675,25.05,17.6322916666667,0.0,0.3302,2.2352e-08,0.3302,-3.9124e-05,-3.6892,33.404,-8.3557,21.551,-14.05,-436.62,-301.12,-1601.4,0.0,0.0,38.915,14.879,6.5235,0.0,-438.43,0.2393,20.0,-407.53,0.2438,20.0,-336.4,0.2564,20.0,-228.9,0.2833,20.0,-182.17,0.3001,20.0,-174.3,0.3035,20.0,-408.79,0.2436,20.0,-1601.99,0.1894,20.0,-1601.85,0.2633,20.0
192,2023-07-12,0.0,0.43434,9.325,29.675,19.7041666666667,0.0,0.43434,1.8626e-08,0.43369,-3.9128e-05,-3.6892,33.838,-8.3557,21.985,-14.05,-565.66,-365.61,-1601.4,0.0,0.0,38.533,14.879,6.5235,0.0,-576.94,0.2229,20.0,-527.39,0.2282,20.0,-410.3,0.2434,20.0,-258.25,0.2746,20.0,-198.17,0.2937,20.0,-184.53,0.299,20.0,-383.03,0.2474,20.0,-1601.62,0.1894,20.0,-1601.85,0.2633,20.0
193,2023-07-13,0.0902,0.3937,10.875,28.325,18.1260416666667,-1.3602,0.3937,-1.3602,0.3937,-3.9103e-05,-5.0494,34.232,-9.7159,22.379,-14.05,-69.678,-236.26,-1601.4,0.0,0.0,39.495,16.239,6.5235,0.0,-82.66,0.358,20.0,-126.35,0.3275,20.0,-264.25,0.2731,20.0,-289.35,0.2666,20.0,-214.72,0.2881,20.0,-195.53,0.2946,20.0,-366.8,0.2506,20.0,-1600.77,0.1895,20.0,-1601.85,0.2633,20.0
194,2023-07-14,0.0,0.35306,8.625,26.925,17.66875,-1.27,0.35306,-1.27,0.35306,-3.9145e-05,-6.3194,34.585,-10.986,22.732,-14.05,-53.061,-154.13,-1601.4,0.0,0.0,40.408,17.509,6.5235,0.0,-58.8,0.3796,20.0,-74.16,0.3651,20.0,-105.33,0.341,20.0,-228.99,0.2833,20.0,-227.28,0.2838,20.0,-206.76,0.2908,20.0,-357.57,0.2524,20.0,-1598.54,0.1895,20.0,-1601.85,0.2633,20.0
195,2023-07-15,0.0,0.41402,9.325,30.425,20.0177083333333,-1.27,0.41402,-1.27,0.41402,-3.9108e-05,-7.5894,34.999,-12.256,23.146,-14.05,-44.688,-100.73,-1601.4,0.0,0.0,41.276,18.779,6.5235,0.0,-48.37,0.3905,20.0,-57.22,0.3813,20.0,-72.36,0.3668,20.0,-126.62,0.3273,20.0,-197.44,0.2939,20.0,-214.97,0.288,20.0,-352.56,0.2533,20.0,-1592.98,0.1896,20.0,-1601.85,0.2633,20.0
196,2023-07-16,0.0,0.4318,10.125,31.8,21.578125,-1.27,0.4318,-1.27,0.4318,-3.9121e-05,-8.8594,35.43,-13.526,23.578,-14.05,-40.025,-73.181,-1601.4,0.0,0.0,42.12,20.049,6.5235,0.0,-42.64,0.3969,20.0,-48.72,0.3901,20.0,-58.12,0.3803,20.0,-86.94,0.3546,20.0,-136.12,0.3221,20.0,-208.61,0.2902,20.0,-349.93,0.2538,20.0,-1579.94,0.1899,20.0,-1601.85,0.2633,20.0
197,2023-07-17,0.0102,0.46736,11.6,31.9,21.653125,-1.2802,0.46736,-1.2802,0.46736,-3.9121e-05,-10.14,35.898,-14.806,24.045,-14.05,-36.633,-59.307,-1601.4,0.0,0.0,42.945,21.33,6.5235,0.0,-38.77,0.4012,20.0,-43.42,0.396,20.0,-50.28,0.3885,20.0,-68.57,0.3704,20.0,-98.11,0.3459,20.0,-176.15,0.3027,20.0,-347.83,0.2542,20.0,-1554.96,0.1904,20.0,-1601.84,0.2633,20.0
198,2023-07-18,0.0,0.4445,5.8,28.55,18.1614583333333,-2.54,0.4445,-2.54,0.4445,-3.9124e-05,-12.68,36.342,-17.346,24.49,-14.05,-15.38,-27.272,-1601.4,0.0,0.0,45.033,23.87,6.5235,0.0,-16.38,0.4274,20.0,-18.66,0.4248,20.0,-22.14,0.4208,20.0,-32.17,0.4089,20.0,-49.53,0.3893,20.0,-110.57,0.3374,20.0,-341.29,0.2555,20.0,-1514.41,0.1915,20.0,-1601.84,0.2633,20.0
199,2023-07-19,0.0,0.4191,5.7,27.475,18.4979166666667,0.0,0.4191,7.0967e-07,0.4191,-3.9103e-05,-12.68,36.761,-17.346,24.909,-14.05,-70.959,-61.862,-1601.4,0.0,0.0,44.609,23.87,6.5235,0.0,-69.14,0.3698,20.0,-65.88,0.3729,20.0,-62.43,0.3761,20.0,-58.54,0.3799,20.0,-60.13,0.3782,20.0,-81.77,0.3588,20.0,-308.97,0.2618,20.0,-1453.03,0.1932,20.0,-1601.84,0.2633,20.0
200,2023-07-20,0.0,0.43942,6.725,31.125,21.0604166666667,-1.27,0.43942,-1.27,0.43942,-3.9112e-05,-13.95,37.201,-18.616,25.348,-14.05,-35.018,-48.807,-1601.4,0.0,0.0,45.444,25.14,6.5235,0.0,-36.83,0.4034,20.0,-40.64,0.3991,20.0,-45.39,0.3938,20.0,-54.36,0.3843,20.0,-62.59,0.376,20.0,-81.49,0.359,20.0,-241.16,0.2791,20.0,-1373.28,0.1955,20.0,-1601.84,0.2633,20.0
201,2023-07-21,0.0,0.47244,9.5,35.65,23.0864583333333,0.0,0.47244,3.092e-07,0.47244,-3.912e-05,-13.95,37.673,-18.616,25.821,-14.05,-85.755,-75.572,-1601.4,0.0,0.0,44.983,25.14,6.5235,0.0,-83.97,0.3569,20.0,-80.58,0.3596,20.0,-76.79,0.3628,20.0,-71.74,0.3674,20.0,-70.95,0.3682,20.0,-82.26,0.3585,20.0,-194.31,0.295,20.0,-1275.47,0.1982,20.0,-1601.83,0.2633,20.0
202,2023-07-22,0.0,0.46736,11.45,36.55,24.0,0.0,0.46736,-2.0489e-08,0.46736,-3.9123e-05,-13.95,38.141,-18.616,26.288,-14.05,-117.79,-100.45,-1601.4,0.0,0.0,44.513,25.14,6.5235,0.0,-116.04,0.3337,20.0,-111.69,0.3367,20.0,-105.02,0.3412,20.0,-92.48,0.3501,20.0,-85.56,0.3557,20.0,-89.49,0.3525,20.0,-171.55,0.3047,20.0,-1134.08,0.2032,20.0,-1601.79,0.2633,20.0
203,2023-07-23,0.0,0.45974,9.95,36.05,24.60625,0.0,0.45974,-2.5984e-07,0.45974,-3.9123e-05,-13.95,38.6,-18.616,26.748,-14.05,-151.76,-125.92,-1601.4,0.0,0.0,44.049,25.14,6.5235,0.0,-150.1,0.3143,20.0,-144.43,0.3175,20.0,-134.12,0.3232,20.0,-113.05,0.3357,20.0,-100.09,0.3445,20.0,-98.88,0.3454,20.0,-161.98,0.3089,20.0,-925.58,0.212,20.0,-1601.73,0.2633,20.0
204,2023-07-24,0.0,0.4699,12.925,36.925,24.6635416666667,0.0,0.4699,4.0978e-08,0.4699,-3.9123e-05,-13.95,39.07,-18.616,27.218,-14.05,-192.9,-154.55,-1601.4,0.0,0.0,43.584,25.14,6.5235,0.0,-191.45,0.296,20.0,-183.64,0.2994,20.0,-167.43,0.3065,20.0,-134.6,0.3229,20.0,-114.68,0.3346,20.0,-108.58,0.3388,20.0,-159.21,0.3101,20.0,-715.0,0.2244,20.0,-1601.61,0.2633,20.0
205,2023-07-25,0.0,0.46482,15.375,29.8,23.028125,0.0,0.46482,5.5879e-09,0.46482,-3.9117e-05,-13.95,39.535,-18.616,27.683,-14.05,-246.5,-188.36,-1601.4,0.0,0.0,43.117,25.14,6.5235,0.0,-245.49,0.2779,20.0,-233.69,0.2816,20.0,-207.44,0.2906,20.0,-157.37,0.3109,20.0,-129.24,0.3258,20.0,-117.8,0.3325,20.0,-160.03,0.3098,20.0,-563.43,0.2368,20.0,-1601.38,0.2633,20.0
206,2023-07-26,0.0,0.44958,10.725,30.1,20.25,0.0,0.44958,2.6077e-08,0.44958,-3.9112e-05,-13.95,39.985,-18.616,28.132,-14.05,-317.89,-228.9,-1601.4,0.0,0.0,42.66,25.14,6.5235,0.0,-317.85,0.2601,20.0,-298.64,0.2642,20.0,-255.39,0.2754,20.0,-181.15,0.3005,20.0,-143.61,0.3179,20.0,-127.9,0.3266,20.0,-162.79,0.3085,20.0,-468.39,0.2469,20.0,-1600.9,0.2633,20.0
207,2023-07-27,0.0,0.34036,6.375,25.225,17.2885416666667,0.0,0.34036,-3.1665e-08,0.34036,-3.9127e-05,-13.95,40.325,-18.616,28.473,-14.05,-400.14,-271.1,-1601.4,0.0,0.0,42.265,25.14,6.5235,0.0,-400.58,0.2447,20.0,-370.1,0.2499,20.0,-303.55,0.2629,20.0,-204.05,0.2917,20.0,-157.75,0.3108,20.0,-137.23,0.3214,20.0,-166.58,0.3069,20.0,-410.82,0.2547,20.0,-1599.84,0.2633,20.0
208,2023-07-28,0.0,0.36068,6.85,28.8,18.3135416666667,0.0,0.36068,3.2596e-09,0.36068,-3.9117e-05,-13.95,40.686,-18.616,28.833,-14.05,-494.59,-316.87,-1601.4,0.0,0.0,41.914,25.14,6.5235,0.0,-498.33,0.2312,20.0,-453.03,0.2373,20.0,-355.18,0.2528,20.0,-225.48,0.2844,20.0,-170.75,0.3051,20.0,-145.77,0.3167,20.0,-170.89,0.305,20.0,-373.82,0.2603,20.0,-1597.3,0.2633,20.0
209,2023-07-29,0.0,0.3937,7.725,31.125,20.24375,0.0,0.3937,-5.5879e-09,0.38971,-3.9122e-05,-13.95,41.079,-18.616,29.225,-14.05,-643.56,-382.54,-1601.4,0.0,0.0,41.537,25.14,6.5235,0.0,-657.98,0.2156,20.0,-582.05,0.2224,20.0,-426.76,0.241,20.0,-250.45,0.2766,20.0,-183.54,0.2995,20.0,-154.3,0.3123,20.0,-175.46,0.303,20.0,-350.09,0.2646,20.0,-1591.12,0.2634,20.0
210,2023-07-30,0.0,0.39116,9.075,32.525,21.4,0.0,0.39116,-2.3283e-09,0.35417,-3.9117e-05,-13.95,41.471,-18.616,29.589,-14.05,-856.51,-473.36,-1601.5,0.0,0.0,41.155,25.14,6.5235,0.0,-892.36,0.2,20.0,-776.15,0.2065,20.0,-522.96,0.2286,20.0,-277.46,0.2697,20.0,-197.04,0.2941,20.0,-163.29,0.3083,20.0,-180.25,0.3009,20.0,-334.3,0.2675,20.0,-1576.83,0.2636,20.0
211,2023-07-31,0.0,0.41402,8.5,34.65,22.3989583333333,0.0,0.41402,1.2573e-08,0.31946,-3.9117e-05,-13.95,41.885,-18.616,29.922,-14.05,-1091.4,-580.92,-1601.5,0.0,0.0,40.804,25.14,6.5235,0.0,-1151.43,0.188,20.0,-1012.85,0.1937,20.0,-647.77,0.2164,20.0,-307.14,0.2622,20.0,-210.53,0.2895,20.0,-171.62,0.3047,20.0,-185.13,0.2988,20.0,-322.95,0.2696,20.0,-1546.94,0.2641,20.0
212,2023-08-01,0.0,0.43942,14.525,35.1,24.5697916666667,0.0,0.43942,-5.5879e-09,0.2763,-3.9117e-05,-13.95,42.324,-18.616,30.214,-14.05,-1302.3,-692.44,-1601.5,0.0,0.0,40.491,25.14,6.5235,0.0,-1375.54,0.1804,20.0,-1247.46,0.1842,20.0,-800.18,0.2051,20.0,-340.86,0.2556,20.0,-223.86,0.285,20.0,-179.5,0.3012,20.0,-190.12,0.2966,20.0,-314.77,0.271,20.0,-1488.88,0.2652,20.0
213,2023-08-02,0.0,0.43688,10.225,34.525,23.2104166666667,0.0,0.43688,1.397e-09,0.22756,-3.9126e-05,-13.95,42.761,-18.616,30.453,-14.05,-1448.1,-787.28,-1601.5,0.0,0.0,40.228,25.14,6.5235,0.0,-1498.83,0.1767,20.0,-1423.35,0.1789,20.0,-966.4,0.1957,20.0,-376.41,0.2487,20.0,-237.46,0.2804,20.0,-187.21,0.2979,20.0,-195.24,0.2947,20.0,-308.84,0.2721,20.0,-1392.26,0.2671,20.0
214,2023-08-03,0.0,0.39624,15.1,34.45,25.1635416666667,0.0,0.39624,3.9581e-09,0.18069,-3.9111e-05,-13.95,43.157,-18.616,30.64,-14.05,-1523.4,-857.1,-1601.5,0.0,0.0,40.017,25.14,6.5235,0.0,-1552.85,0.1751,20.0,-1508.58,0.1764,20.0,-1116.92,0.1893,20.0,-411.54,0.2432,20.0,-251.22,0.2764,20.0,-195.11,0.2947,20.0,-200.23,0.293,20.0,-304.64,0.2729,20.0,-1264.78,0.2697,20.0
215,2023-08-04,0.0,0.35814,14.8,32.1,22.8239583333333,0.0,0.35814,5.7335e-09,0.14788,-3.9116e-05,-13.95,43.515,-18.616,30.792,-14.051,-1566.0,-907.88,-1601.5,0.0,0.0,39.849,25.14,6.5235,0.0,-1581.18,0.1745,20.0,-1549.3,0.1752,20.0,-1229.27,0.1847,20.0,-442.71,0.2387,20.0,-264.09,0.2731,20.0,-202.98,0.2921,20.0,-205.12,0.2913,20.0,-301.76,0.2736,20.0,-1132.0,0.2731,20.0
216,2023-08-05,0.0051,0.19558,14.25,22.35,17.4322916666667,0.0,0.19558,-3.7253e-09,0.082833,-3.9126e-05,-13.95,43.711,-18.616,30.875,-14.051,-1586.2,-932.77,-1601.5,0.0,0.0,39.733,25.14,6.5235,0.0,-1590.21,0.1743,20.0,-1564.84,0.1749,20.0,-1285.0,0.1831,20.0,-462.02,0.236,20.0,-275.68,0.2701,20.0,-210.61,0.2895,20.0,-209.98,0.2897,20.0,-299.84,0.2741,20.0,-1011.53,0.2764,20.0
217,2023-08-06,0.0153,0.14986,10.4,18.3,15.1177083333333,0.0,0.14986,-1.8226e-09,0.064841,-3.9121e-05,-13.95,43.861,-18.616,30.939,-14.051,-1592.9,-936.72,-1601.5,0.0,0.0,39.66,25.14,6.5235,0.0,-1592.9,0.1743,20.0,-1565.77,0.1748,20.0,-1285.34,0.1831,20.0,-469.44,0.2348,20.0,-285.21,0.2677,20.0,-217.8,0.287,20.0,-214.67,0.2881,20.0,-298.75,0.2744,20.0,-910.15,0.2798,20.0
218,2023-08-07,0.0017,0.34036,7.9,28.625,17.475,0.0,0.34036,9.6879e-09,0.12809,-3.9116e-05,-13.95,44.201,-18.616,31.07,-14.051,-1596.5,-956.89,-1601.5,0.0,0.0,39.56,25.14,6.5235,0.0,-1595.83,0.1742,20.0,-1572.98,0.1747,20.0,-1319.9,0.1821,20.0,-491.97,0.2319,20.0,-294.76,0.2652,20.0,-224.56,0.2847,20.0,-219.18,0.2866,20.0,-298.28,0.2745,20.0,-828.42,0.2829,20.0
219,2023-08-08,0.0017,0.3556,8.675,30.1,19.2875,0.0,0.3556,5.004e-09,0.12146,-3.9121e-05,-13.95,44.557,-18.616,31.195,-14.051,-1599.1,-993.34,-1601.5,0.0,0.0,39.433,25.14,6.5235,0.0,-1598.05,0.1742,20.0,-1583.0,0.1745,20.0,-1385.65,0.1801,20.0,-529.95,0.2279,20.0,-306.02,0.2623,20.0,-231.06,0.2825,20.0,-223.49,0.2851,20.0,-298.32,0.2745,20.0,-762.71,0.2855,20.0
220,2023-08-09,0.0034,0.4064,13.025,28.9,20.1895833333333,0.0,0.4064,-6.8767e-09,0.12168,-3.9116e-05,-13.95,44.963,-18.616,31.32,-14.051,-1600.4,-1031.0,-1601.5,0.0,0.0,39.307,25.14,6.5235,0.0,-1599.21,0.1741,20.0,-1589.87,0.1743,20.0,-1444.02,0.1784,20.0,-571.72,0.2235,20.0,-318.03,0.26,20.0,-237.52,0.2803,20.0,-227.65,0.2837,20.0,-298.76,0.2744,20.0,-711.01,0.2882,20.0
221,2023-08-10,0.0,0.46228,12.7,27.5,19.2614583333333,0.0,0.46228,-4.7858e-09,0.11902,-3.9125e-05,-13.95,45.425,-18.616,31.443,-14.051,-1601.2,-1069.8,-1601.5,0.0,0.0,39.183,25.14,6.5235,0.0,-1599.83,0.1741,20.0,-1594.45,0.1742,20.0,-1493.45,0.1769,20.0,-620.67,0.2185,20.0,-330.37,0.2576,20.0,-244.1,0.2783,20.0,-231.71,0.2823,20.0,-299.5,0.2742,20.0,-670.01,0.2903,20.0
222,2023-08-11,0.0,0.39878,9.2,29.525,19.2677083333333,0.0,0.39878,-3.2933e-09,0.097149,-3.912e-05,-13.95,45.824,-18.616,31.542,-14.051,-1601.7,-1101.9,-1601.5,0.0,0.0,39.073,25.14,6.5235,0.0,-1600.19,0.1741,20.0,-1596.62,0.1742,20.0,-1525.51,0.1759,20.0,-667.03,0.2148,20.0,-342.54,0.2553,20.0,-250.66,0.2766,20.0,-235.7,0.281,20.0,-300.48,0.2739,20.0,-636.49,0.292,20.0
223,2023-08-12,0.0017,0.26924,9.75,31.875,18.0302083333333,0.0,0.26924,-6.1059e-09,0.067686,-3.9119e-05,-13.95,46.093,-18.616,31.61,-14.051,-1602.1,-1119.8,-1601.5,0.0,0.0,38.99,25.14,6.5235,0.0,-1600.5,0.1741,20.0,-1597.25,0.1742,20.0,-1539.96,0.1755,20.0,-692.5,0.2128,20.0,-353.4,0.2531,20.0,-257.02,0.2749,20.0,-239.73,0.2796,20.0,-301.66,0.2737,20.0,-608.56,0.2936,20.0
224,2023-08-13,0.0,0.3556,8.125,28.05,18.1322916666667,0.0,0.3556,-5.6602e-09,0.080313,-3.9123e-05,-13.95,46.449,-18.616,31.692,-14.051,-1602.4,-1136.1,-1601.5,0.0,0.0,38.915,25.14,6.5235,0.0,-1600.74,0.1741,20.0,-1597.79,0.1742,20.0,-1550.44,0.1752,20.0,-720.36,0.2108,20.0,-363.78,0.2512,20.0,-263.15,0.2734,20.0,-243.98,0.2783,20.0,-303.0,0.2733,20.0,-585.7,0.2952,20.0
225,2023-08-14,0.0,0.41148,8.45,33.725,21.628125,0.0,0.41148,1.0346e-09,0.083028,-3.9126e-05,-13.95,46.861,-18.616,31.777,-14.051,-1602.7,-1157.4,-1601.5,0.0,0.0,38.831,25.14,6.5235,0.0,-1600.99,0.1741,20.0,-1598.51,0.1741,20.0,-1562.93,0.1749,20.0,-759.36,0.2077,20.0,-374.6,0.2491,20.0,-269.12,0.2718,20.0,-248.41,0.2772,20.0,-304.48,0.273,20.0,-567.13,0.2965,20.0
226,2023-08-15,0.0,0.43688,15.275,38.175,26.3229166666667,0.0,0.43688,6.2246e-09,0.079789,-3.9113e-05,-13.95,47.297,-18.616,31.858,-14.051,-1603.0,-1179.6,-1601.4,0.0,0.0,38.748,25.14,6.5235,0.0,-1601.24,0.1741,20.0,-1599.05,0.1741,20.0,-1572.95,0.1747,20.0,-803.46,0.2049,20.0,-386.01,0.2469,20.0,-275.0,0.2703,20.0,-252.77,0.276,20.0,-306.13,0.2726,20.0,-551.39,0.2976,20.0
227,2023-08-16,0.0,0.32258,15.85,29.2,22.63125,0.0,0.32258,-7.7871e-09,0.060854,-3.9128e-05,-13.95,47.62,-18.616,31.92,-14.051,-1603.2,-1195.1,-1601.4,0.0,0.0,38.677,25.14,6.5235,0.0,-1601.48,0.1741,20.0,-1599.27,0.1741,20.0,-1577.95,0.1746,20.0,-835.98,0.203,20.0,-397.24,0.2453,20.0,-280.8,0.2688,20.0,-256.94,0.275,20.0,-307.91,0.2723,20.0,-538.23,0.2985,20.0
228,2023-08-17,0.0,0.44958,11.65,36.825,24.23125,0.0,0.44958,6.6666e-09,0.072114,-3.9132e-05,-13.95,48.07,-18.616,31.993,-14.051,-1603.4,-1211.2,-1601.4,0.0,0.0,38.609,25.14,6.5235,0.0,-1601.7,0.1741,20.0,-1599.5,0.1741,20.0,-1582.78,0.1745,20.0,-870.68,0.2012,20.0,-408.1,0.2437,20.0,-286.52,0.2673,20.0,-260.92,0.2739,20.0,-309.78,0.2719,20.0,-526.86,0.2993,20.0
229,2023-08-18,0.0,0.55372,13.125,31.375,25.1322916666667,0.0,0.55372,-2.8272e-09,0.077285,-3.9132e-05,-13.95,48.623,-18.616,32.073,-14.051,-1603.7,-1233.6,-1601.3,0.0,0.0,38.532,25.14,6.5235,0.0,-1601.92,0.1741,20.0,-1599.8,0.1741,20.0,-1588.63,0.1744,20.0,-922.97,0.1982,20.0,-419.48,0.2421,20.0,-292.17,0.2659,20.0,-264.73,0.273,20.0,-311.73,0.2716,20.0,-517.03,0.3,20.0
230,2023-08-19,0.0,0.29972,6.5,20.4,14.4458333333333,0.0,0.29972,-4.5895e-09,0.047026,-3.9138e-05,-13.95,48.923,-18.616,32.12,-14.051,-1603.9,-1246.0,-1601.2,0.0,0.0,38.47,25.14,6.5235,0.0,-1602.13,0.1741,20.0,-1599.92,0.1741,20.0,-1590.34,0.1743,20.0,-952.91,0.1963,20.0,-430.19,0.2405,20.0,-297.84,0.2644,20.0,-268.4,0.272,20.0,-313.71,0.2712,20.0,-508.5,0.3006,20.0
231,2023-08-20,0.0,0.25146,11.95,22.0,17.2677083333333,0.0,0.25146,1.8833e-09,0.040804,-3.9143e-05,-13.95,49.174,-18.616,32.161,-14.051,-1604.1,-1248.9,-1601.0,0.0,0.0,38.426,25.14,6.5235,0.0,-1602.33,0.1741,20.0,-1599.94,0.1741,20.0,-1589.74,0.1743,20.0,-958.83,0.1961,20.0,-438.98,0.2393,20.0,-303.55,0.2629,20.0,-271.95,0.2711,20.0,-315.73,0.2709,20.0,-501.08,0.3012,20.0
232,2023-08-21,0.0936,0.11938,14.325,17.525,16.1645833333333,0.0,0.11938,-4.3531e-09,0.022277,-3.9159e-05,-13.95,49.294,-18.616,32.183,-14.051,-1604.3,-1243.4,-1600.7,0.0,0.0,38.395,25.14,6.5235,0.0,-1602.51,0.1741,20.0,-1599.87,0.1741,20.0,-1587.05,0.1744,20.0,-943.72,0.1969,20.0,-446.34,0.2382,20.0,-309.25,0.2617,20.0,-275.39,0.2702,20.0,-317.77,0.2705,20.0,-494.55,0.3016,20.0
233,2023-08-22,0.277,0.36068,14.6,29.775,20.0697916666667,0.0,0.36068,5.8201e-09,0.055082,-3.9187e-05,-13.95,49.654,-18.616,32.239,-14.051,-1604.5,-1246.8,-1600.3,0.0,0.0,38.355,25.14,6.5235,0.0,-1602.66,0.1741,20.0,-1599.84,0.1741,20.0,-1587.0,0.1744,20.0,-951.6,0.1967,20.0,-453.5,0.2372,20.0,-314.74,0.2606,20.0,-278.73,0.2693,20.0,-319.83,0.2701,20.0,-488.83,0.302,20.0
234,2023-08-23,0.034,0.40386,14.275,25.6,19.2552083333333,0.0,0.40386,2.196e-09,0.055905,-3.9215e-05,-13.95,50.058,-18.616,32.295,-14.051,-1604.6,-1260.7,-1599.7,0.0,0.0,38.298,25.14,6.5235,0.0,-1602.8,0.1741,20.0,-1599.98,0.1741,20.0,-1589.57,0.1743,20.0,-987.06,0.1947,20.0,-461.95,0.236,20.0,-319.99,0.2596,20.0,-281.98,0.2685,20.0,-321.89,0.2697,20.0,-483.97,0.3024,20.0
235,2023-08-24,0.0,0.36322,8.625,27.575,17.959375,0.0,0.36322,-2.522e-09,0.049277,-3.9249e-05,-13.95,50.422,-18.616,32.345,-14.051,-1604.8,-1273.3,-1598.9,0.0,0.0,38.245,25.14,6.5235,0.0,-1602.94,0.1741,20.0,-1600.11,0.1741,20.0,-1591.31,0.1743,20.0,-1021.11,0.1933,20.0,-471.34,0.2346,20.0,-325.06,0.2586,20.0,-285.16,0.2677,20.0,-323.95,0.2694,20.0,-479.73,0.3028,20.0
236,2023-08-25,0.0,0.28194,6.05,24.85,15.20625,0.0,0.28194,5.3749e-09,0.039843,-3.9318e-05,-13.95,50.704,-18.616,32.385,-14.051,-1604.9,-1280.8,-1597.9,0.0,0.0,38.2,25.14,6.5235,0.0,-1603.07,0.1741,20.0,-1600.22,0.1741,20.0,-1591.81,0.1743,20.0,-1040.57,0.1925,20.0,-480.07,0.2334,20.0,-330.0,0.2577,20.0,-288.27,0.2669,20.0,-326.01,0.269,20.0,-475.97,0.3032,20.0
237,2023-08-26,0.0,0.3683,11.175,31.35,20.5875,0.0,0.3683,-1.022e-09,0.046343,-3.9381e-05,-13.95,51.072,-18.616,32.432,-14.051,-1605.1,-1289.1,-1596.5,0.0,0.0,38.157,25.14,6.5235,0.0,-1603.2,0.174,20.0,-1600.31,0.1741,20.0,-1592.68,0.1743,20.0,-1062.24,0.1917,20.0,-488.62,0.2322,20.0,-334.8,0.2568,20.0,-291.32,0.2661,20.0,-328.06,0.2686,20.0,-472.7,0.3035,20.0
238,2023-08-27,0.0,0.32004,9.425,30.85,19.9802083333333,0.0,0.32004,7.4623e-09,0.040561,-3.9485e-05,-13.95,51.392,-18.616,32.473,-14.051,-1605.2,-1297.3,-1594.7,0.0,0.0,38.113,25.14,6.5235,0.0,-1603.33,0.174,20.0,-1600.42,0.1741,20.0,-1593.48,0.1743,20.0,-1083.84,0.1907,20.0,-497.5,0.2313,20.0,-339.5,0.2559,20.0,-294.34,0.2653,20.0,-330.11,0.2682,20.0,-469.98,0.3038,20.0
239,2023-08-28,0.0,0.29972,9.975,29.175,19.6802083333333,0.0,0.29972,-3.727e-09,0.037717,-3.9596e-05,-13.95,51.692,-18.616,32.511,-14.051,-1605.3,-1303.2,-1592.3,0.0,0.0,38.074,25.14,6.5235,0.0,-1603.45,0.174,20.0,-1600.51,0.1741,20.0,-1593.83,0.1742,20.0,-1098.49,0.1901,20.0,-505.79,0.2304,20.0,-344.11,0.255,20.0,-297.34,0.2645,20.0,-332.15,0.2679,20.0,-467.61,0.304,20.0
240,2023-08-29,0.0119,0.37846,8.175,32.85,19.8739583333333,0.0,0.37846,4.7205e-09,0.042513,-3.9757e-05,-13.95,52.07,-18.616,32.554,-14.052,-1605.4,-1311.0,-1589.4,0.0,0.0,38.033,25.14,6.5235,0.0,-1603.57,0.174,20.0,-1600.6,0.1741,20.0,-1594.58,0.1742,20.0,-1118.33,0.1894,20.0,-513.96,0.2295,20.0,-348.62,0.2541,20.0,-300.36,0.2638,20.0,-334.19,0.2675,20.0,-465.54,0.3042,20.0
241,2023-08-30,0.0017,0.46482,14.65,21.325,17.2072916666667,0.0,0.46482,-6.5041e-09,0.045164,-3.9954e-05,-13.95,52.535,-18.616,32.6,-14.052,-1605.6,-1322.3,-1585.7,0.0,0.0,37.988,25.14,6.5235,0.0,-1603.69,0.174,20.0,-1600.71,0.1741,20.0,-1595.77,0.1742,20.0,-1149.07,0.1881,20.0,-522.61,0.2286,20.0,-353.06,0.2532,20.0,-303.46,0.263,20.0,-336.22,0.2671,20.0,-463.72,0.3044,20.0
242,2023-08-31,0.0051,0.37592,10.225,25.125,17.7479166666667,0.0,0.37592,2.5558e-09,0.037821,-4.0197e-05,-13.95,52.911,-18.616,32.638,-14.052,-1605.7,-1331.4,-1581.2,0.0,0.0,37.946,25.14,6.5235,0.0,-1603.81,0.174,20.0,-1600.84,0.1741,20.0,-1596.46,0.1742,20.0,-1175.13,0.187,20.0,-531.35,0.2277,20.0,-357.46,0.2524,20.0,-307.13,0.2621,20.0,-338.26,0.2667,20.0,-462.16,0.3045,20.0
243,2023-09-01,0.0,0.28194,5.775,27.55,16.5385416666667,0.0,0.28194,-2.6467e-09,0.21682,-4.0479e-05,-13.95,53.193,-18.616,32.747,-14.052,-1605.8,-712.03,-1575.7,0.0,0.0,37.927,25.14,6.5235,0.0,-1603.92,0.174,20.0,-1600.95,0.1741,20.0,-1595.87,0.1742,20.0,-1144.77,0.1881,20.0,-537.73,0.227,20.0,-361.83,0.2515,20.0,-310.87,0.2614,20.0,-340.32,0.2664,20.0,-460.88,0.3046,20.0
244,2023-09-02,0.0,0.42926,11.8,32.7,21.6041666666667,0.0,0.42926,-1.1527e-09,3.4305,-4.008e-05,-13.95,53.622,-18.616,37.893,-14.052,-1605.9,-975.35,-1580.7,0.0,0.0,34.388,25.14,6.5235,0.0,-1604.04,0.174,20.0,-1601.32,0.1741,20.0,-1599.14,0.1741,20.0,-1329.7,0.1818,20.0,-892.22,0.1998,20.0,-703.18,0.212,20.0,-639.09,0.217,20.0,-674.93,0.2272,20.0,-813.35,0.2834,20.0
245,2023-09-03,0.0,0.37084,16.15,29.1,21.7604166666667,0.0,0.37084,-8.6568e-09,0.85742,-3.9455e-05,-13.95,53.993,-18.616,39.179,-14.052,-1606.0,-1379.4,-1593.5,0.0,0.0,31.815,25.14,6.5235,0.0,-1604.19,0.174,20.0,-1601.81,0.1741,20.0,-1601.52,0.1741,20.0,-1524.56,0.176,20.0,-1375.81,0.1804,20.0,-1271.36,0.1834,20.0,-1230.59,0.1847,20.0,-1252.52,0.1988,20.0,-1336.14,0.2682,20.0
246,2023-09-04,0.3673,0.17272,10.95,18.825,14.1947916666667,0.0,0.17272,3.4239e-09,0.21364,-3.9185e-05,-13.95,54.166,-18.616,39.5,-14.052,-1606.2,-1537.5,-1599.1,0.0,0.0,31.172,25.14,6.5235,0.0,-1604.37,0.174,20.0,-1602.1,0.1741,20.0,-1601.39,0.1741,20.0,-1582.25,0.1745,20.0,-1535.11,0.1756,20.0,-1505.82,0.1763,20.0,-1494.02,0.1767,20.0,-1500.5,0.1917,20.0,-1523.87,0.2645,20.0
247,2023-09-05,0.0,0.27432,6.35,23.8,14.7916666666667,0.0,0.27432,-1.8686e-09,0.052418,-3.9156e-05,-13.95,54.44,-18.616,39.58,-14.052,-1606.4,-1586.9,-1600.4,0.0,0.0,31.012,25.14,6.5235,0.0,-1604.57,0.174,20.0,-1602.31,0.1741,20.0,-1601.36,0.1741,20.0,-1600.23,0.1741,20.0,-1587.69,0.1744,20.0,-1578.52,0.1746,20.0,-1574.69,0.1746,20.0,-1576.85,0.1899,20.0,-1584.11,0.2635,20.0
248,2023-09-06,0.1821,0.3429,7.675,26.8,17.1239583333333,0.0,0.3429,-8.522e-10,0.008504,-3.9155e-05,-13.95,54.783,-18.616,39.596,-14.052,-1606.6,-1600.6,-1600.7,0.0,0.0,30.973,25.14,6.5235,0.0,-1604.76,0.174,20.0,-1602.48,0.1741,20.0,-1601.39,0.1741,20.0,-1601.57,0.1741,20.0,-1602.05,0.1741,20.0,-1599.66,0.1741,20.0,-1598.66,0.1741,20.0,-1599.22,0.1895,20.0,-1601.11,0.2633,20.0
249,2023-09-07,0.0034,0.26924,7.6,25.825,16.9135416666667,0.0,0.26924,1.6535e-09,0.0,-3.9156e-05,-13.95,55.052,-18.616,39.596,-14.052,-1606.7,-1602.2,-1600.8,0.0,0.0,30.969,25.14,6.5235,0.0,-1604.96,0.174,20.0,-1602.64,0.1741,20.0,-1601.44,0.1741,20.0,-1601.65,0.1741,20.0,-1602.29,0.1741,20.0,-1602.46,0.1741,20.0,-1602.76,0.1741,20.0,-1603.03,0.1894,20.0,-1601.45,0.2633,20.0
250,2023-09-08,0.7957,0.254,8.275,23.925,14.6697916666667,0.0,0.254,6.9181e-09,0.0,-3.9148e-05,-13.95,55.306,-18.616,39.596,-14.052,-1606.9,-1602.3,-1600.9,0.0,0.0,30.969,25.14,6.5235,0.0,-1605.15,0.174,20.0,-1602.78,0.1741,20.0,-1601.5,0.1741,20.0,-1601.63,0.1741,20.0,-1602.2,0.1741,20.0,-1602.46,0.1741,20.0,-1602.98,0.1741,20.0,-1603.23,0.1894,20.0,-1601.45,0.2633,20.0
251,2023-09-09,0.0068,0.21336,5.15,21.875,13.6958333333333,0.0,0.21336,-8.8169e-09,0.0,-3.9146e-05,-13.95,55.519,-18.616,39.596,-14.052,-1607.1,-1602.3,-1600.9,0.0,0.0,30.969,25.14,6.5235,0.0,-1605.33,0.174,20.0,-1602.93,0.1741,20.0,-1601.58,0.1741,20.0,-1601.62,0.1741,20.0,-1602.12,0.1741,20.0,-1602.39,0.1741,20.0,-1603.0,0.1741,20.0,-1603.22,0.1894,20.0,-1601.46,0.2633,20.0
252,2023-09-10,0.0,0.23622,3.875,23.075,13.9447916666667,0.0,0.23622,4.5491e-09,0.0,-3.9146e-05,-13.95,55.756,-18.616,39.596,-14.052,-1607.3,-1602.3,-1601.0,0.0,0.0,30.969,25.14,6.5235,0.0,-1605.51,0.174,20.0,-1603.07,0.1741,20.0,-1601.65,0.1741,20.0,-1601.62,0.1741,20.0,-1602.06,0.1741,20.0,-1602.34,0.1741,20.0,-1603.0,0.1741,20.0,-1603.19,0.1894,20.0,-1601.48,0.2633,20.0
253,2023-09-11,0.0,0.25146,4.475,27.375,15.6145833333333,0.0,0.25146,-7.1773e-09,0.0,-3.9136e-05,-13.95,56.007,-18.616,39.596,-14.052,-1607.5,-1602.3,-1601.0,0.0,0.0,30.969,25.14,6.5235,0.0,-1605.69,0.174,20.0,-1603.2,0.174,20.0,-1601.73,0.1741,20.0,-1601.63,0.1741,20.0,-1602.01,0.1741,20.0,-1602.3,0.1741,20.0,-1603.01,0.1741,20.0,-1603.15,0.1894,20.0,-1601.51,0.2633,20.0
254,2023-09-12,0.0,0.2921,9.05,28.675,18.4947916666667,0.0,0.2921,6.1252e-09,0.0,-3.9147e-05,-13.95,56.299,-18.616,39.596,-14.052,-1607.7,-1602.3,-1601.1,0.0,0.0,30.969,25.14,6.5235,0.0,-1605.86,0.174,20.0,-1603.34,0.174,20.0,-1601.81,0.1741,20.0,-1601.64,0.1741,20.0,-1601.96,0.1741,20.0,-1602.28,0.1741,20.0,-1603.01,0.1741,20.0,-1603.12,0.1894,20.0,-1601.53,0.2633,20.0
255,2023-09-13,0.0,0.24638,9.5,23.875,17.503125,0.0,0.24638,-5.6671e-09,0.0,-3.9144e-05,-13.95,56.546,-18.616,39.596,-14.052,-1607.8,-1602.3,-1601.1,0.0,0.0,30.969,25.14,6.5235,0.0,-1606.03,0.174,20.0,-1603.48,0.174,20.0,-1601.89,0.1741,20.0,-1601.65,0.1741,20.0,-1601.92,0.1741,20.0,-1602.27,0.1741,20.0,-1603.01,0.1741,20.0,-1603.09,0.1894,20.0,-1601.56,0.2633,20.0
256,2023-09-14,0.0,0.21844,6.8,24.85,15.1583333333333,0.0,0.21844,2.8375e-09,0.0,-3.9134e-05,-13.95,56.764,-18.616,39.596,-14.052,-1608.0,-1602.3,-1601.1,0.0,0.0,30.969,25.14,6.5235,0.0,-1606.19,0.174,20.0,-1603.61,0.174,20.0,-1601.98,0.1741,20.0,-1601.66,0.1741,20.0,-1601.89,0.1741,20.0,-1602.26,0.1741,20.0,-1603.01,0.1741,20.0,-1603.05,0.1894,20.0,-1601.58,0.2633,20.0
257,2023-09-15,0.0,0.2921,3.9,27.15,15.390625,0.0,0.2921,5.8895e-09,0.0,-3.9127e-05,-13.95,57.056,-18.616,39.596,-14.052,-1608.2,-1602.3,-1601.2,0.0,0.0,30.969,25.14,6.5235,0.0,-1606.35,0.174,20.0,-1603.74,0.174,20.0,-1602.06,0.1741,20.0,-1601.67,0.1741,20.0,-1601.87,0.1741,20.0,-1602.25,0.1741,20.0,-1603.02,0.1741,20.0,-1603.02,0.1894,20.0,-1601.61,0.2633,20.0
258,2023-09-16,0.0,0.32258,8.5,30.25,18.5375,0.0,0.32258,-5.5763e-10,0.0,-3.9125e-05,-13.95,57.379,-18.616,39.596,-14.052,-1608.3,-1602.4,-1601.2,0.0,0.0,30.969,25.14,6.5235,0.0,-1606.51,0.174,20.0,-1603.88,0.174,20.0,-1602.15,0.1741,20.0,-1601.68,0.1741,20.0,-1601.85,0.1741,20.0,-1602.25,0.1741,20.0,-1603.02,0.1741,20.0,-1603.0,0.1894,20.0,-1601.63,0.2633,20.0
259,2023-09-17,0.0,0.46228,10.55,29.5,20.7541666666667,0.0,0.46228,8.5702e-09,0.0,-3.9133e-05,-13.95,57.841,-18.616,39.596,-14.052,-1608.5,-1602.4,-1601.2,0.0,0.0,30.969,25.14,6.5235,0.0,-1606.67,0.174,20.0,-1604.01,0.174,20.0,-1602.23,0.1741,20.0,-1601.69,0.1741,20.0,-1601.83,0.1741,20.0,-1602.25,0.1741,20.0,-1603.02,0.1741,20.0,-1602.97,0.1894,20.0,-1601.66,0.2633,20.0
260,2023-09-18,0.0,0.37592,13.05,26.9,19.0833333333333,0.0,0.37592,2.0796e-09,0.0,-3.9141e-05,-13.95,58.217,-18.616,39.596,-14.052,-1608.6,-1602.4,-1601.2,0.0,0.0,30.969,25.14,6.5235,0.0,-1606.82,0.174,20.0,-1604.13,0.174,20.0,-1602.32,0.1741,20.0,-1601.7,0.1741,20.0,-1601.82,0.1741,20.0,-1602.25,0.1741,20.0,-1603.02,0.1741,20.0,-1602.95,0.1894,20.0,-1601.68,0.2633,20.0
261,2023-09-19,0.0,0.20066,3.0,18.75,12.0010416666667,0.0,0.20066,-3.7286e-09,0.0,-3.9129e-05,-13.95,58.418,-18.616,39.596,-14.052,-1608.8,-1602.4,-1601.3,0.0,0.0,30.969,25.14,6.5235,0.0,-1606.97,0.174,20.0,-1604.26,0.174,20.0,-1602.41,0.1741,20.0,-1601.71,0.1741,20.0,-1601.8,0.1741,20.0,-1602.25,0.1741,20.0,-1603.03,0.1741,20.0,-1602.92,0.1894,20.0,-1601.7,0.2633,20.0
262,2023-09-20,0.0,0.18288,2.7,17.475,10.528125,0.0,0.18288,-9.5512e-09,0.0,-3.9137e-05,-13.95,58.6,-18.616,39.596,-14.052,-1609.0,-1602.4,-1601.3,0.0,0.0,30.969,25.14,6.5235,0.0,-1607.12,0.174,20.0,-1604.39,0.174,20.0,-1602.49,0.1741,20.0,-1601.72,0.1741,20.0,-1601.79,0.1741,20.0,-1602.25,0.1741,20.0,-1603.03,0.1741,20.0,-1602.9,0.1894,20.0,-1601.72,0.2633,20.0
263,2023-09-21,1.5719,0.04826,5.05,8.775,6.94375,0.0,0.04826,4.2428e-09,0.0,-3.9126e-05,-13.95,58.649,-18.616,39.596,-14.052,-1609.1,-1602.4,-1601.3,0.0,0.0,30.969,25.14,6.5235,0.0,-1607.26,0.174,20.0,-1604.51,0.174,20.0,-1602.58,0.1741,20.0,-1601.73,0.1741,20.0,-1601.79,0.1741,20.0,-1602.26,0.1741,20.0,-1603.03,0.1741,20.0,-1602.89,0.1894,20.0,-1601.74,0.2633,20.0
264,2023-09-22,2.6917,0.04572,8.4,12.425,10.015625,0.0,0.04572,3.1196e-09,0.0,-3.9135e-05,-13.95,58.694,-18.616,39.596,-14.052,-1609.2,-1602.4,-1601.3,0.0,0.0,30.968,25.14,6.5235,0.0,-1607.4,0.174,20.0,-1604.64,0.174,20.0,-1602.67,0.1741,20.0,-1601.74,0.1741,20.0,-1601.78,0.1741,20.0,-1602.26,0.1741,20.0,-1603.03,0.1741,20.0,-1602.87,0.1894,20.0,-1601.75,0.2633,20.0
265,2023-09-23,1.0551,0.23622,8.3,20.55,13.1375,0.0,0.23622,1.9818e-09,0.0,-3.9124e-05,-13.95,58.931,-18.616,39.596,-14.053,-1609.4,-1602.4,-1601.3,0.0,0.0,30.968,25.14,6.5235,0.0,-1607.54,0.174,20.0,-1604.76,0.174,20.0,-1602.75,0.1741,20.0,-1601.76,0.1741,20.0,-1601.78,0.1741,20.0,-1602.26,0.1741,20.0,-1603.03,0.1741,20.0,-1602.85,0.1894,20.0,-1601.77,0.2633,20.0
266,2023-09-24,0.0,0.2286,3.65,21.35,12.571875,0.0,0.2286,1.1002e-08,0.0,-3.9123e-05,-13.95,59.159,-18.616,39.596,-14.053,-1609.5,-1602.5,-1601.3,0.0,0.0,30.968,25.14,6.5235,0.0,-1607.68,0.174,20.0,-1604.88,0.174,20.0,-1602.84,0.1741,20.0,-1601.77,0.1741,20.0,-1601.77,0.1741,20.0,-1602.26,0.1741,20.0,-1603.04,0.1741,20.0,-1602.84,0.1894,20.0,-1601.79,0.2633,20.0
267,2023-09-25,0.0,0.22606,6.575,24.675,15.2,0.0,0.22606,5.8286e-09,0.0,-3.9131e-05,-13.95,59.385,-18.616,39.596,-14.053,-1609.7,-1602.5,-1601.4,0.0,0.0,30.968,25.14,6.5235,0.0,-1607.82,0.1739,20.0,-1605.0,0.174,20.0,-1602.93,0.1741,20.0,-1601.79,0.1741,20.0,-1601.77,0.1741,20.0,-1602.27,0.1741,20.0,-1603.04,0.1741,20.0,-1602.83,0.1894,20.0,-1601.8,0.2633,20.0
268,2023-09-26,0.0,0.28956,11.85,26.8,18.5614583333333,0.0,0.28956,4.6518e-09,0.0,-3.9126e-05,-13.95,59.675,-18.616,39.596,-14.053,-1609.8,-1602.5,-1601.4,0.0,0.0,30.968,25.14,6.5235,0.0,-1607.95,0.1739,20.0,-1605.12,0.174,20.0,-1603.01,0.1741,20.0,-1601.81,0.1741,20.0,-1601.77,0.1741,20.0,-1602.27,0.1741,20.0,-1603.04,0.1741,20.0,-1602.81,0.1894,20.0,-1601.82,0.2633,20.0
269,2023-09-27,0.0,0.22098,5.15,20.725,11.69375,0.0,0.22098,4.1869e-09,0.0,-3.9125e-05,-13.95,59.896,-18.616,39.596,-14.053,-1609.9,-1602.5,-1601.4,0.0,0.0,30.968,25.14,6.5235,0.0,-1608.08,0.1739,20.0,-1605.24,0.174,20.0,-1603.1,0.1741,20.0,-1601.82,0.1741,20.0,-1601.77,0.1741,20.0,-1602.27,0.1741,20.0,-1603.04,0.1741,20.0,-1602.8,0.1894,20.0,-1601.83,0.2633,20.0
270,2023-09-28,0.0,0.28702,5.575,17.625,10.6572916666667,0.0,0.28702,2.9852e-09,0.0,-3.9124e-05,-13.95,60.183,-18.616,39.596,-14.053,-1610.1,-1602.5,-1601.4,0.0,0.0,30.968,25.14,6.5235,0.0,-1608.21,0.1739,20.0,-1605.36,0.174,20.0,-1603.18,0.174,20.0,-1601.84,0.1741,20.0,-1601.77,0.1741,20.0,-1602.27,0.1741,20.0,-1603.04,0.1741,20.0,-1602.79,0.1894,20.0,-1601.84,0.2633,20.0
271,2023-09-29,0.0,0.23114,2.725,17.25,10.365625,0.0,0.23114,-2.2236e-09,0.0,-3.9128e-05,-13.95,60.414,-18.616,39.596,-14.053,-1610.2,-1602.5,-1601.4,0.0,0.0,30.968,25.14,6.5235,0.0,-1608.34,0.1739,20.0,-1605.47,0.174,20.0,-1603.27,0.174,20.0,-1601.86,0.1741,20.0,-1601.77,0.1741,20.0,-1602.28,0.1741,20.0,-1603.04,0.1741,20.0,-1602.78,0.1894,20.0,-1601.86,0.2633,20.0
272,2023-09-30,0.4336,0.06604,5.2,7.9,6.55416666666667,0.0,0.06604,2.0075e-09,0.0,-3.9121e-05,-13.95,60.48,-18.616,39.596,-14.053,-1610.3,-1602.5,-1601.4,0.0,0.0,30.968,25.14,6.5235,0.0,-1608.47,0.1739,20.0,-1605.59,0.174,20.0,-1603.35,0.174,20.0,-1601.88,0.1741,20.0,-1601.78,0.1741,20.0,-1602.28,0.1741,20.0,-1603.04,0.1741,20.0,-1602.77,0.1894,20.0,-1601.87,0.2633,20.0
273,2023-10-01,1.8254,0.02286,4.6,6.725,5.85833333333333,0.02286,0.0,0.02286,0.0,-3.9121e-05,-13.927,60.48,-18.593,39.596,-14.053,-2988.3,-1606.4,-1601.4,0.0,0.0,30.945,25.14,6.5463,0.0,-1740.66,0.1712,20.0,-1609.68,0.1739,20.0,-1603.48,0.174,20.0,-1601.9,0.1741,20.0,-1601.78,0.1741,20.0,-1602.28,0.1741,20.0,-1603.04,0.1741,20.0,-1602.76,0.1894,20.0,-1601.88,0.2633,20.0
274,2023-10-02,0.5516,0.21844,5.475,17.625,10.428125,0.21844,0.0,0.030717,0.0,-3.9092e-05,-13.708,60.48,-18.48,39.596,-14.053,-1000000.0,-1695.9,-1601.4,0.0,0.0,30.832,25.14,6.6594,0.0,-3182.16,0.1507,20.0,-1628.12,0.1735,20.0,-1603.76,0.174,20.0,-1601.93,0.1741,20.0,-1601.78,0.1741,20.0,-1602.28,0.1741,20.0,-1603.04,0.1741,20.0,-1602.76,0.1894,20.0,-1601.89,0.2633,20.0
275,2023-10-03,0.034,0.13462,6.075,16.75,9.98958333333333,0.13462,0.0,0.017743,0.0,-3.9128e-05,-13.574,60.48,-18.459,39.596,-14.053,-1000000.0,-1721.6,-1601.4,0.0,0.0,30.811,25.14,6.6808,0.0,-3896.75,0.1449,20.0,-1677.65,0.1725,20.0,-1605.06,0.174,20.0,-1601.95,0.1741,20.0,-1601.79,0.1741,20.0,-1602.29,0.1741,20.0,-1603.04,0.1741,20.0,-1602.75,0.1894,20.0,-1601.9,0.2633,20.0
276,2023-10-04,0.0714,0.1905,3.925,19.875,10.321875,0.1905,0.0,0.014053,0.0,-3.912e-05,-13.383,60.48,-18.444,39.596,-14.053,-1000000.0,-1739.9,-1601.4,0.0,0.0,30.796,25.14,6.6959,0.0,-4395.6,0.1419,20.0,-1733.53,0.1713,20.0,-1608.94,0.1739,20.0,-1601.98,0.1741,20.0,-1601.79,0.1741,20.0,-1602.29,0.1741,20.0,-1603.04,0.1741,20.0,-1602.74,0.1894,20.0,-1601.91,0.2633,20.0
277,2023-10-05,0.0238,0.11938,-0.075,16.0,7.48645833333333,0.11938,0.0,0.01131,0.0,-3.9124e-05,-13.264,60.48,-18.432,39.596,-14.053,-1000000.0,-1752.1,-1601.5,0.0,0.0,30.784,25.14,6.7077,0.0,-4714.28,0.1401,20.0,-1787.89,0.1701,20.0,-1615.39,0.1738,20.0,-1602.01,0.1741,20.0,-1601.8,0.1741,20.0,-1602.29,0.1741,20.0,-1603.04,0.1741,20.0,-1602.74,0.1894,20.0,-1601.92,0.2633,20.0
278,2023-10-06,0.0,0.19558,-0.65,19.325,8.75729166666667,0.19558,0.0,0.0098852,0.0,-3.9124e-05,-13.068,60.48,-18.422,39.596,-14.053,-1000000.0,-1763.2,-1601.5,0.0,0.0,30.774,25.14,6.7179,0.0,-4941.29,0.1387,20.0,-1839.28,0.169,20.0,-1624.02,0.1736,20.0,-1602.07,0.1741,20.0,-1601.8,0.1741,20.0,-1602.29,0.1741,20.0,-1603.04,0.1741,20.0,-1602.73,0.1894,20.0,-1601.93,0.2633,20.0
279,2023-10-07,0.0,0.18796,5.85,23.825,12.925,0.18796,0.0,0.0089527,0.0,-3.9123e-05,-12.88,60.48,-18.413,39.596,-14.053,-1000000.0,-1773.3,-1601.5,0.0,0.0,30.764,25.14,6.7271,0.0,-5204.53,0.1376,20.0,-1888.44,0.1679,20.0,-1634.26,0.1734,20.0,-1602.16,0.1741,20.0,-1601.81,0.1741,20.0,-1602.3,0.1741,20.0,-1603.04,0.1741,20.0,-1602.73,0.1894,20.0,-1601.93,0.2633,20.0
280,2023-10-08,0.0,0.23368,1.95,25.2,13.0333333333333,0.23368,0.0,0.0080842,0.0,-3.9113e-05,-12.647,60.48,-18.404,39.596,-14.053,-1000000.0,-1781.7,-1601.5,0.0,0.0,30.756,25.14,6.7353,0.0,-5447.69,0.1366,20.0,-1932.52,0.167,20.0,-1645.6,0.1731,20.0,-1602.33,0.1741,20.0,-1601.82,0.1741,20.0,-1602.3,0.1741,20.0,-1603.03,0.1741,20.0,-1602.72,0.1894,20.0,-1601.94,0.2633,20.0
281,2023-10-09,0.0,0.2413,4.225,26.0,14.55,0.2413,0.0,0.0074882,0.0,-3.9123e-05,-12.405,60.48,-18.397,39.596,-14.053,-1000000.0,-1789.3,-1601.5,0.0,0.0,30.748,25.14,6.743,0.0,-5640.56,0.1358,20.0,-1975.11,0.1661,20.0,-1657.56,0.1729,20.0,-1602.58,0.1741,20.0,-1601.83,0.1741,20.0,-1602.3,0.1741,20.0,-1603.03,0.1741,20.0,-1602.71,0.1894,20.0,-1601.95,0.2633,20.0
282,2023-10-10,0.0766,0.21082,10.075,21.725,14.00625,0.21082,0.0,0.0070044,0.0,-3.9127e-05,-12.194,60.48,-18.389,39.596,-14.053,-1000000.0,-1796.3,-1601.5,0.0,0.0,30.741,25.14,6.7501,0.0,-5798.78,0.1351,20.0,-2019.54,0.1655,20.0,-1669.88,0.1726,20.0,-1602.95,0.1741,20.0,-1601.84,0.1741,20.0,-1602.3,0.1741,20.0,-1603.03,0.1741,20.0,-1602.71,0.1894,20.0,-1601.96,0.2633,20.0
283,2023-10-11,0.9952,0.15494,5.925,17.625,10.40625,0.15494,0.0,0.0065865,0.0,-3.9126e-05,-12.04,60.48,-18.383,39.596,-14.053,-1000000.0,-1802.8,-1601.5,0.0,0.0,30.734,25.14,6.7568,0.0,-5932.83,0.1346,20.0,-2060.06,0.1648,20.0,-1682.41,0.1723,20.0,-1603.46,0.174,20.0,-1601.85,0.1741,20.0,-1602.3,0.1741,20.0,-1603.03,0.1741,20.0,-1602.71,0.1894,20.0,-1601.96,0.2633,20.0
284,2023-10-12,0.1887,0.02032,3.725,8.575,6.5375,0.02032,0.0,0.0062226,0.0,-3.9111e-05,-12.019,60.48,-18.377,39.596,-14.053,-1000000.0,-1808.8,-1601.5,0.0,0.0,30.728,25.14,6.7631,0.0,-6049.12,0.1341,20.0,-2097.57,0.1642,20.0,-1694.99,0.1721,20.0,-1604.12,0.174,20.0,-1601.86,0.1741,20.0,-1602.3,0.1741,20.0,-1603.03,0.1741,20.0,-1602.7,0.1894,20.0,-1601.97,0.2633,20.0
285,2023-10-13,0.0306,0.07366,3.775,10.5,7.06875,0.07366,0.0,0.0058995,0.0,-3.9116e-05,-11.946,60.48,-18.371,39.596,-14.053,-1000000.0,-1814.5,-1601.5,0.0,0.0,30.722,25.14,6.7691,0.0,-6151.92,0.1336,20.0,-2132.73,0.1637,20.0,-1707.5,0.1718,20.0,-1604.94,0.174,20.0,-1601.88,0.1741,20.0,-1602.31,0.1741,20.0,-1603.02,0.1741,20.0,-1602.7,0.1894,20.0,-1601.98,0.2633,20.0
286,2023-10-14,0.0085,0.13716,0.0,15.8,6.95833333333333,0.13716,0.0,0.005608,0.0,-3.912e-05,-11.808,60.48,-18.365,39.596,-14.053,-1000000.0,-1819.9,-1601.5,0.0,0.0,30.716,25.14,6.7747,0.0,-6244.12,0.1333,20.0,-2165.45,0.1632,20.0,-1719.96,0.1715,20.0,-1605.94,0.174,20.0,-1601.91,0.1741,20.0,-1602.31,0.1741,20.0,-1603.02,0.1741,20.0,-1602.69,0.1894,20.0,-1601.98,0.2633,20.0
287,2023-10-15,0.0,0.1778,3.375,19.0,10.3677083333333,0.1778,0.0,0.0053878,0.0,-3.9114e-05,-11.631,60.48,-18.359,39.596,-14.053,-1000000.0,-1825.0,-1601.5,0.0,0.0,30.711,25.14,6.7802,0.0,-6352.47,0.1329,20.0,-2195.17,0.1627,20.0,-1732.3,0.1713,20.0,-1607.09,0.174,20.0,-1601.94,0.1741,20.0,-1602.31,0.1741,20.0,-1603.02,0.1741,20.0,-1602.69,0.1894,20.0,-1601.99,0.2633,20.0
288,2023-10-16,0.0,0.18288,4.3,20.05,12.4822916666667,0.18288,0.0,0.0051867,0.0,-3.9109e-05,-11.448,60.48,-18.354,39.596,-14.053,-1000000.0,-1829.7,-1601.5,0.0,0.0,30.706,25.14,6.7854,0.0,-6473.54,0.1325,20.0,-2222.33,0.1623,20.0,-1744.45,0.171,20.0,-1608.42,0.1739,20.0,-1601.98,0.1741,20.0,-1602.31,0.1741,20.0,-1603.02,0.1741,20.0,-1602.69,0.1894,20.0,-1601.99,0.2633,20.0
289,2023-10-17,0.0,0.24892,6.6,16.175,12.215625,0.24892,0.0,0.0050184,0.0,-3.9119e-05,-11.199,60.48,-18.349,39.596,-14.053,-1000000.0,-1834.2,-1601.5,0.0,0.0,30.701,25.14,6.7905,0.0,-6594.75,0.1322,20.0,-2250.15,0.1619,20.0,-1756.32,0.1708,20.0,-1609.9,0.1739,20.0,-1602.04,0.1741,20.0,-1602.31,0.1741,20.0,-1603.01,0.1741,20.0,-1602.68,0.1894,20.0,-1602.0,0.2633,20.0
290,2023-10-18,0.0,0.36322,6.2,19.9,12.8614583333333,0.36322,0.0,0.0048573,0.0,-3.9123e-05,-10.836,60.48,-18.344,39.596,-14.054,-1000000.0,-1838.7,-1601.5,0.0,0.0,30.696,25.14,6.7954,0.0,-6714.5,0.1318,20.0,-2277.18,0.1615,20.0,-1767.94,0.1705,20.0,-1611.53,0.1739,20.0,-1602.11,0.1741,20.0,-1602.31,0.1741,20.0,-1603.01,0.1741,20.0,-1602.68,0.1894,20.0,-1602.0,0.2633,20.0
291,2023-10-19,0.0,0.42164,11.4,27.0,18.1760416666667,0.42164,0.0,0.0047005,0.0,-3.9113e-05,-10.414,60.48,-18.339,39.596,-14.054,-1000000.0,-1843.1,-1601.5,0.0,0.0,30.691,25.14,6.8001,0.0,-6828.18,0.1315,20.0,-2302.98,0.1611,20.0,-1779.48,0.1703,20.0,-1613.31,0.1738,20.0,-1602.2,0.1741,20.0,-1602.32,0.1741,20.0,-1603.01,0.1741,20.0,-1602.68,0.1894,20.0,-1602.01,0.2633,20.0
292,2023-10-20,0.0,0.26924,3.375,25.65,15.0583333333333,0.26924,0.0,0.0045612,0.0,-3.9118e-05,-10.145,60.48,-18.335,39.596,-14.054,-1000000.0,-1847.4,-1601.6,0.0,0.0,30.686,25.14,6.8047,0.0,-6927.23,0.1312,20.0,-2327.47,0.1607,20.0,-1790.87,0.17,20.0,-1615.21,0.1738,20.0,-1602.31,0.1741,20.0,-1602.32,0.1741,20.0,-1603.01,0.1741,20.0,-1602.68,0.1894,20.0,-1602.01,0.2633,20.0
293,2023-10-21,0.0,0.10922,-1.9,17.025,6.440625,0.10922,0.0,0.0044351,0.0,-3.9117e-05,-10.035,60.48,-18.33,39.596,-14.054,-1000000.0,-1851.4,-1601.6,0.0,0.0,30.682,25.14,6.8092,0.0,-7015.97,0.1309,20.0,-2350.79,0.1603,20.0,-1802.03,0.1698,20.0,-1617.24,0.1737,20.0,-1602.44,0.1741,20.0,-1602.32,0.1741,20.0,-1603.0,0.1741,20.0,-1602.67,0.1894,20.0,-1602.02,0.2633,20.0
294,2023-10-22,0.0765,0.06858,2.6,9.125,5.3875,0.06858,0.0,0.0043193,0.0,-3.9112e-05,-9.9669,60.48,-18.326,39.596,-14.054,-1000000.0,-1855.3,-1601.6,0.0,0.0,30.677,25.14,6.8135,0.0,-7097.87,0.1306,20.0,-2373.21,0.16,20.0,-1812.93,0.1696,20.0,-1619.38,0.1737,20.0,-1602.6,0.1741,20.0,-1602.32,0.1741,20.0,-1603.0,0.1741,20.0,-1602.67,0.1894,20.0,-1602.02,0.2633,20.0
295,2023-10-23,0.4765,0.03302,0.825,5.0,3.42708333333333,0.03302,0.0,0.0042122,0.0,-3.9117e-05,-9.9339,60.48,-18.322,39.596,-14.054,-1000000.0,-1859.0,-1601.6,0.0,0.0,30.673,25.14,6.8178,0.0,-7173.7,0.1304,20.0,-2395.42,0.1596,20.0,-1823.52,0.1693,20.0,-1621.62,0.1737,20.0,-1602.79,0.1741,20.0,-1602.32,0.1741,20.0,-1603.0,0.1741,20.0,-1602.67,0.1894,20.0,-1602.03,0.2633,20.0
296,2023-10-24,0.0,0.02286,-8.1,0.8,-4.26875,0.02286,0.0,0.0041132,0.0,-3.9112e-05,-9.911,60.48,-18.318,39.596,-14.054,-1000000.0,-1862.7,-1601.6,0.0,0.0,30.669,25.14,6.8219,0.0,-7243.69,0.1302,20.0,-2417.46,0.1593,20.0,-1834.11,0.1691,20.0,-1623.95,0.1736,20.0,-1603.0,0.1741,20.0,-1602.33,0.1741,20.0,-1602.99,0.1741,20.0,-1602.67,0.1894,20.0,-1602.03,0.2633,20.0
297,2023-10-25,0.0017,0.02794,-10.85,-4.875,-8.91458333333333,0.02794,0.0,0.0040213,0.0,-3.9106e-05,-9.8831,60.48,-18.314,39.596,-14.054,-1000000.0,-1866.2,-1601.6,0.0,0.0,30.665,25.14,6.8259,0.0,-7308.62,0.13,20.0,-2439.14,0.159,20.0,-1844.68,0.1689,20.0,-1626.37,0.1736,20.0,-1603.24,0.174,20.0,-1602.33,0.1741,20.0,-1602.99,0.1741,20.0,-1602.66,0.1894,20.0,-1602.03,0.2633,20.0
298,2023-10-26,0.0,0.0254,-12.175,-4.675,-9.690625,0.0254,0.0,0.0039354,0.0,-3.9116e-05,-9.8577,60.48,-18.31,39.596,-14.054,-1000000.0,-1869.5,-1601.6,0.0,0.0,30.661,25.14,6.8299,0.0,-7369.36,0.1298,20.0,-2460.27,0.1586,20.0,-1855.1,0.1686,20.0,-1628.86,0.1735,20.0,-1603.51,0.174,20.0,-1602.33,0.1741,20.0,-1602.99,0.1741,20.0,-1602.66,0.1894,20.0,-1602.04,0.2633,20.0
299,2023-10-27,0.0,0.02286,-18.325,-3.4,-11.734375,0.02286,0.0,0.0038545,0.0,-3.9121e-05,-9.8348,60.48,-18.306,39.596,-14.054,-1000000.0,-1872.8,-1601.6,0.0,0.0,30.657,25.14,6.8338,0.0,-7426.68,0.1297,20.0,-2481.65,0.1583,20.0,-1865.28,0.1684,20.0,-1631.42,0.1734,20.0,-1603.82,0.174,20.0,-1602.33,0.1741,20.0,-1602.98,0.1741,20.0,-1602.66,0.1894,20.0,-1602.04,0.2633,20.0
300,2023-10-28,0.0,0.04064,-15.475,-2.525,-8.61458333333333,0.04064,0.0,0.0037777,0.0,-3.9116e-05,-9.7942,60.48,-18.302,39.596,-14.054,-1000000.0,-1876.0,-1601.6,0.0,0.0,30.653,25.14,6.8376,0.0,-7481.22,0.1295,20.0,-2505.01,0.1581,20.0,-1875.24,0.1682,20.0,-1634.03,0.1734,20.0,-1604.15,0.174,20.0,-1602.34,0.1741,20.0,-1602.98,0.1741,20.0,-1602.66,0.1894,20.0,-1602.04,0.2633,20.0
301,2023-10-29,0.0034,0.06604,-8.975,0.4,-4.11875,0.06604,0.0,0.0037042,0.0,-3.912e-05,-9.7282,60.48,-18.298,39.596,-14.054,-1000000.0,-1879.1,-1601.6,0.0,0.0,30.649,25.14,6.8413,0.0,-7533.4,0.1293,20.0,-2526.49,0.1578,20.0,-1884.99,0.168,20.0,-1636.7,0.1733,20.0,-1604.52,0.174,20.0,-1602.34,0.1741,20.0,-1602.98,0.1741,20.0,-1602.66,0.1894,20.0,-1602.05,0.2633,20.0
302,2023-10-30,0.0952,0.1016,-5.525,4.0,-0.882291666666667,0.1016,0.0,0.0036337,0.0,-3.9115e-05,-9.6266,60.48,-18.295,39.596,-14.054,-1000000.0,-1882.2,-1601.6,0.0,0.0,30.646,25.14,6.8449,0.0,-7583.47,0.1292,20.0,-2546.85,0.1576,20.0,-1894.73,0.1678,20.0,-1639.41,0.1733,20.0,-1604.93,0.174,20.0,-1602.35,0.1741,20.0,-1602.97,0.1741,20.0,-1602.65,0.1894,20.0,-1602.05,0.2633,20.0
303,2023-10-31,0.0,0.13462,-1.1,7.375,2.45104166666667,0.13462,0.0,0.0035658,0.0,-3.911e-05,-9.4919,60.48,-18.291,39.596,-14.054,-1000000.0,-1885.2,-1601.6,0.0,0.0,30.642,25.14,6.8485,0.0,-7631.58,0.129,20.0,-2566.42,0.1574,20.0,-1904.95,0.1676,20.0,-1642.17,0.1732,20.0,-1605.36,0.174,20.0,-1602.36,0.1741,20.0,-1602.97,0.1741,20.0,-1602.65,0.1894,20.0,-1602.05,0.2633,20.0
304,2023-11-01,0.0,0.15748,-0.625,12.375,4.26770833333333,0.15748,0.0,0.0035003,0.0,-3.9115e-05,-9.3345,60.48,-18.288,39.596,-14.054,-1000000.0,-1888.2,-1601.6,0.0,0.0,30.638,25.14,6.852,0.0,-7677.84,0.1289,20.0,-2585.32,0.1572,20.0,-1915.06,0.1674,20.0,-1644.96,0.1732,20.0,-1605.83,0.174,20.0,-1602.36,0.1741,20.0,-1602.97,0.1741,20.0,-1602.65,0.1894,20.0,-1602.06,0.2633,20.0
305,2023-11-02,0.0068,0.11176,4.0,10.375,6.99583333333333,0.11176,0.0,0.0034371,0.0,-3.9105e-05,-9.2227,60.48,-18.284,39.596,-14.054,-1000000.0,-1891.1,-1601.6,0.0,0.0,30.635,25.14,6.8555,0.0,-7722.37,0.1288,20.0,-2603.58,0.157,20.0,-1924.95,0.1671,20.0,-1647.78,0.1731,20.0,-1606.33,0.174,20.0,-1602.37,0.1741,20.0,-1602.96,0.1741,20.0,-1602.65,0.1894,20.0,-1602.06,0.2633,20.0
306,2023-11-03,0.0017,0.14478,1.325,12.975,6.86979166666667,0.14478,0.0,0.003376,0.0,-3.9109e-05,-9.0779,60.48,-18.281,39.596,-14.054,-1000000.0,-1893.9,-1601.6,0.0,0.0,30.631,25.14,6.8589,0.0,-7765.27,0.1286,20.0,-2621.23,0.1568,20.0,-1934.63,0.1669,20.0,-1650.63,0.173,20.0,-1606.87,0.174,20.0,-1602.39,0.1741,20.0,-1602.96,0.1741,20.0,-1602.65,0.1894,20.0,-1602.06,0.2633,20.0
307,2023-11-04,0.0136,0.1905,1.0,12.2,7.7375,0.1905,0.0,0.0033169,0.0,-3.9109e-05,-8.8874,60.48,-18.277,39.596,-14.054,-1000000.0,-1896.7,-1601.6,0.0,0.0,30.628,25.14,6.8622,0.0,-7806.64,0.1285,20.0,-2638.29,0.1566,20.0,-1944.09,0.1667,20.0,-1653.51,0.173,20.0,-1607.44,0.174,20.0,-1602.4,0.1741,20.0,-1602.95,0.1741,20.0,-1602.65,0.1894,20.0,-1602.07,0.2633,20.0
308,2023-11-05,0.0,0.23876,5.5,14.4,9.73368,0.23876,0.0,0.0032597,0.0,-3.9119e-05,-8.6487,60.48,-18.274,39.596,-14.054,-1000000.0,-1899.4,-1601.6,0.0,0.0,30.625,25.14,6.8655,0.0,-7846.58,0.1284,20.0,-2654.79,0.1564,20.0,-1953.35,0.1665,20.0,-1656.4,0.1729,20.0,-1608.03,0.1739,20.0,-1602.42,0.1741,20.0,-1602.95,0.1741,20.0,-1602.64,0.1894,20.0,-1602.07,0.2633,20.0
309,2023-11-06,0.0357,0.1143,0.475,10.45,6.26875,0.1143,0.0,0.0032042,0.0,-3.9114e-05,-8.5344,60.48,-18.271,39.596,-14.054,-1000000.0,-1902.1,-1601.6,0.0,0.0,30.621,25.14,6.8687,0.0,-7885.2,0.1283,20.0,-2670.75,0.1562,20.0,-1962.41,0.1663,20.0,-1659.31,0.1728,20.0,-1608.66,0.1739,20.0,-1602.43,0.1741,20.0,-1602.95,0.1741,20.0,-1602.64,0.1894,20.0,-1602.07,0.2633,20.0
310,2023-11-07,0.0,0.2032,2.85,9.9,5.97395833333333,0.2032,0.0,0.0031504,0.0,-3.9119e-05,-8.3312,60.48,-18.268,39.596,-14.054,-1000000.0,-1904.8,-1601.6,0.0,0.0,30.618,25.14,6.8719,0.0,-7922.55,0.1282,20.0,-2686.21,0.156,20.0,-1972.62,0.1662,20.0,-1662.23,0.1728,20.0,-1609.32,0.1739,20.0,-1602.45,0.1741,20.0,-1602.94,0.1741,20.0,-1602.64,0.1894,20.0,-1602.07,0.2633,20.0
311,2023-11-08,0.0,0.12954,-3.3,9.425,2.68229166666667,0.12954,0.0,0.0031065,0.0,-3.9118e-05,-8.2016,60.48,-18.265,39.596,-14.054,-1000000.0,-1907.3,-1601.6,0.0,0.0,30.615,25.14,6.875,0.0,-7974.58,0.128,20.0,-2701.21,0.1559,20.0,-1982.07,0.166,20.0,-1665.17,0.1727,20.0,-1610.01,0.1739,20.0,-1602.48,0.1741,20.0,-1602.94,0.1741,20.0,-1602.64,0.1894,20.0,-1602.08,0.2633,20.0
312,2023-11-09,0.0,0.12446,-4.575,10.3,1.196875,0.12446,0.0,0.0030685,0.0,-3.9102e-05,-8.0772,60.48,-18.262,39.596,-14.054,-1000000.0,-1909.8,-1601.6,0.0,0.0,30.612,25.14,6.8781,0.0,-8028.79,0.1279,20.0,-2715.78,0.1557,20.0,-1991.11,0.1659,20.0,-1668.11,0.1727,20.0,-1610.73,0.1739,20.0,-1602.5,0.1741,20.0,-1602.94,0.1741,20.0,-1602.64,0.1894,20.0,-1602.08,0.2633,20.0
313,2023-11-10,0.0,0.15494,-4.9,9.25,2.09583333333333,0.15494,0.0,0.0030331,0.0,-3.9117e-05,-7.9222,60.48,-18.258,39.596,-14.054,-1000000.0,-1912.2,-1601.6,0.0,0.0,30.609,25.14,6.8811,0.0,-8083.98,0.1278,20.0,-2730.15,0.1555,20.0,-1999.88,0.1658,20.0,-1671.07,0.1726,20.0,-1611.48,0.1739,20.0,-1602.53,0.1741,20.0,-1602.93,0.1741,20.0,-1602.64,0.1894,20.0,-1602.08,0.2633,20.0
314,2023-11-11,0.0,0.28956,0.45,13.25,6.24270833333333,0.28956,0.0,0.0029982,0.0,-3.9108e-05,-7.6327,60.48,-18.255,39.596,-14.054,-1000000.0,-1914.6,-1601.6,0.0,0.0,30.606,25.14,6.8841,0.0,-8140.01,0.1277,20.0,-2744.0,0.1554,20.0,-2008.47,0.1656,20.0,-1674.02,0.1725,20.0,-1612.25,0.1739,20.0,-1602.57,0.1741,20.0,-1602.93,0.1741,20.0,-1602.64,0.1894,20.0,-1602.08,0.2633,20.0
315,2023-11-12,0.0,0.13462,-0.625,11.25,4.853125,0.13462,0.0,0.0029634,0.0,-3.9108e-05,-7.498,60.48,-18.253,39.596,-14.055,-1000000.0,-1917.1,-1601.6,0.0,0.0,30.603,25.14,6.8871,0.0,-8196.74,0.1276,20.0,-2757.2,0.1552,20.0,-2016.93,0.1655,20.0,-1676.98,0.1725,20.0,-1613.05,0.1738,20.0,-1602.6,0.1741,20.0,-1602.93,0.1741,20.0,-1602.63,0.1894,20.0,-1602.08,0.2633,20.0
316,2023-11-13,0.0,0.24892,-0.375,16.475,8.39895833333333,0.24892,0.0,0.0029283,0.0,-3.9112e-05,-7.2491,60.48,-18.25,39.596,-14.055,-1000000.0,-1919.5,-1601.6,0.0,0.0,30.6,25.14,6.89,0.0,-8254.03,0.1274,20.0,-2769.82,0.1551,20.0,-2025.25,0.1654,20.0,-1679.95,0.1724,20.0,-1613.87,0.1738,20.0,-1602.65,0.1741,20.0,-1602.92,0.1741,20.0,-1602.63,0.1894,20.0,-1602.09,0.2633,20.0
317,2023-11-14,0.0,0.18542,-2.55,12.375,4.825,0.18542,0.0,0.002893,0.0,-3.9102e-05,-7.0637,60.48,-18.247,39.596,-14.055,-1000000.0,-1921.9,-1601.6,0.0,0.0,30.597,25.14,6.8929,0.0,-8311.69,0.1273,20.0,-2783.13,0.155,20.0,-2033.44,0.1652,20.0,-1682.91,0.1723,20.0,-1614.72,0.1738,20.0,-1602.69,0.1741,20.0,-1602.92,0.1741,20.0,-1602.63,0.1894,20.0,-1602.09,0.2633,20.0
318,2023-11-15,0.0,0.18796,0.05,14.775,7.56041666666667,0.18796,0.0,0.0028575,0.0,-3.9108e-05,-6.8757,60.48,-18.244,39.596,-14.055,-1000000.0,-1924.4,-1601.6,0.0,0.0,30.594,25.14,6.8958,0.0,-8369.42,0.1272,20.0,-2796.51,0.1548,20.0,-2041.74,0.1651,20.0,-1685.87,0.1723,20.0,-1615.59,0.1738,20.0,-1602.74,0.1741,20.0,-1602.92,0.1741,20.0,-1602.63,0.1894,20.0,-1602.09,0.2633,20.0
319,2023-11-16,0.3726,0.09906,-2.825,6.8,1.0,0.09906,0.0,0.0028221,0.0,-3.9107e-05,-6.7767,60.48,-18.241,39.596,-14.055,-1000000.0,-1926.8,-1601.6,0.0,0.0,30.591,25.14,6.8986,0.0,-8426.82,0.1271,20.0,-2809.65,0.1547,20.0,-2049.96,0.165,20.0,-1688.83,0.1722,20.0,-1616.48,0.1738,20.0,-1602.8,0.1741,20.0,-1602.91,0.1741,20.0,-1602.63,0.1894,20.0,-1602.09,0.2633,20.0
320,2023-11-17,0.0,0.27432,3.15,13.75,7.25208333333333,0.27432,0.0,0.0027869,0.0,-3.9102e-05,-6.5024,60.48,-18.238,39.596,-14.055,-1000000.0,-1929.2,-1601.6,0.0,0.0,30.588,25.14,6.9014,0.0,-8483.6,0.1269,20.0,-2822.5,0.1545,20.0,-2057.94,0.1649,20.0,-1691.78,0.1721,20.0,-1617.4,0.1737,20.0,-1602.85,0.1741,20.0,-1602.91,0.1741,20.0,-1602.63,0.1894,20.0,-1602.09,0.2633,20.0
321,2023-11-18,0.0,0.19304,-0.125,13.35,5.53958333333333,0.19304,0.0,0.002753,0.0,-3.9117e-05,-6.3093,60.48,-18.235,39.596,-14.055,-1000000.0,-1931.6,-1601.6,0.0,0.0,30.586,25.14,6.9042,0.0,-8535.83,0.1268,20.0,-2835.09,0.1544,20.0,-2065.71,0.1647,20.0,-1694.72,0.1721,20.0,-1618.34,0.1737,20.0,-1602.92,0.1741,20.0,-1602.91,0.1741,20.0,-1602.63,0.1894,20.0,-1602.1,0.2633,20.0
322,2023-11-19,0.0,0.18796,1.95,12.4,5.996875,0.18796,0.0,0.0027216,0.0,-3.9107e-05,-6.1214,60.48,-18.233,39.596,-14.055,-1000000.0,-1934.0,-1601.6,0.0,0.0,30.583,25.14,6.9069,0.0,-8583.23,0.1267,20.0,-2847.49,0.1542,20.0,-2073.32,0.1646,20.0,-1697.67,0.172,20.0,-1619.29,0.1737,20.0,-1602.99,0.1741,20.0,-1602.9,0.1741,20.0,-1602.62,0.1894,20.0,-1602.1,0.2633,20.0
323,2023-11-20,0.0,0.1651,-1.325,8.125,2.86666666666667,0.1651,0.0,0.0026923,0.0,-3.9112e-05,-5.9563,60.48,-18.23,39.596,-14.055,-1000000.0,-1936.2,-1601.6,0.0,0.0,30.58,25.14,6.9096,0.0,-8627.22,0.1266,20.0,-2859.73,0.1541,20.0,-2080.77,0.1645,20.0,-1700.6,0.172,20.0,-1620.27,0.1737,20.0,-1603.06,0.1741,20.0,-1602.9,0.1741,20.0,-1602.62,0.1894,20.0,-1602.1,0.2633,20.0
324,2023-11-21,0.0,0.33274,3.65,11.25,7.96145833333333,0.33274,0.0,0.002665,0.0,-3.9112e-05,-5.6235,60.48,-18.227,39.596,-14.055,-1000000.0,-1938.4,-1601.7,0.0,0.0,30.577,25.14,6.9123,0.0,-8668.84,0.1265,20.0,-2871.83,0.154,20.0,-2088.07,0.1644,20.0,-1703.53,0.1719,20.0,-1621.26,0.1737,20.0,-1603.14,0.174,20.0,-1602.9,0.1741,20.0,-1602.62,0.1894,20.0,-1602.1,0.2633,20.0
325,2023-11-22,0.0,0.1524,-1.925,10.625,5.92395833333333,0.1524,0.0,0.002639,0.0,-3.9106e-05,-5.4711,60.48,-18.225,39.596,-14.055,-1000000.0,-1940.5,-1601.7,0.0,0.0,30.575,25.14,6.9149,0.0,-8708.72,0.1265,20.0,-2883.78,0.1538,20.0,-2095.25,0.1643,20.0,-1706.46,0.1718,20.0,-1622.27,0.1736,20.0,-1603.23,0.174,20.0,-1602.89,0.1741,20.0,-1602.62,0.1894,20.0,-1602.1,0.2633,20.0
326,2023-11-23,0.0,0.01016,-5.6,-2.2,-4.47291666666667,0.01016,0.0,0.0026142,0.0,-3.9101e-05,-5.461,60.48,-18.222,39.596,-14.055,-1000000.0,-1942.6,-1601.7,0.0,0.0,30.572,25.14,6.9175,0.0,-8747.35,0.1264,20.0,-2895.58,0.1537,20.0,-2102.3,0.1642,20.0,-1709.37,0.1718,20.0,-1623.3,0.1736,20.0,-1603.32,0.174,20.0,-1602.89,0.1741,20.0,-1602.62,0.1894,20.0,-1602.11,0.2633,20.0
327,2023-11-24,0.0,0.01778,-12.725,-5.175,-6.821875,0.01778,0.0,0.0025902,0.0,-3.9116e-05,-5.4432,60.48,-18.219,39.596,-14.055,-1000000.0,-1944.7,-1601.7,0.0,0.0,30.569,25.14,6.9201,0.0,-8785.01,0.1263,20.0,-2907.21,0.1536,20.0,-2109.29,0.1641,20.0,-1712.27,0.1717,20.0,-1624.34,0.1736,20.0,-1603.41,0.174,20.0,-1602.89,0.1741,20.0,-1602.62,0.1894,20.0,-1602.11,0.2633,20.0
328,2023-11-25,0.0527,0.06096,-10.375,3.575,-2.86458333333333,0.06096,0.0,0.0025668,0.0,-3.911e-05,-5.3822,60.48,-18.217,39.596,-14.055,-1000000.0,-1946.7,-1601.7,0.0,0.0,30.567,25.14,6.9227,0.0,-8821.91,0.1262,20.0,-2918.69,0.1534,20.0,-2116.26,0.164,20.0,-1715.16,0.1716,20.0,-1625.4,0.1736,20.0,-1603.52,0.174,20.0,-1602.88,0.1741,20.0,-1602.62,0.1894,20.0,-1602.11,0.2633,20.0
329,2023-11-26,0.0,0.05842,-8.025,3.925,-2.55833333333333,0.05842,0.0,0.0025439,0.0,-3.9115e-05,-5.3238,60.48,-18.214,39.596,-14.055,-1000000.0,-1948.7,-1601.7,0.0,0.0,30.564,25.14,6.9253,0.0,-8858.21,0.1261,20.0,-2930.0,0.1533,20.0,-2123.1,0.1639,20.0,-1718.04,0.1716,20.0,-1626.48,0.1735,20.0,-1603.63,0.174,20.0,-1602.88,0.1741,20.0,-1602.62,0.1894,20.0,-1602.11,0.2633,20.0
330,2023-11-27,0.0,0.18288,-6.825,7.8,1.12083333333333,0.18288,0.0,0.0025214,0.0,-3.9115e-05,-5.1409,60.48,-18.212,39.596,-14.055,-1000000.0,-1950.8,-1601.7,0.0,0.0,30.562,25.14,6.9278,0.0,-8893.78,0.1261,20.0,-2941.37,0.1532,20.0,-2129.84,0.1638,20.0,-1720.92,0.1715,20.0,-1627.56,0.1735,20.0,-1603.74,0.174,20.0,-1602.88,0.1741,20.0,-1602.62,0.1894,20.0,-1602.11,0.2633,20.0
331,2023-11-28,0.0,0.28194,0.125,10.625,4.359375,0.28194,0.0,0.0024995,0.0,-3.911e-05,-4.859,60.48,-18.209,39.596,-14.055,-1000000.0,-1952.8,-1601.7,0.0,0.0,30.559,25.14,6.9303,0.0,-8928.28,0.126,20.0,-2952.96,0.1531,20.0,-2136.52,0.1636,20.0,-1723.78,0.1715,20.0,-1628.66,0.1735,20.0,-1603.86,0.174,20.0,-1602.87,0.1741,20.0,-1602.61,0.1894,20.0,-1602.11,0.2633,20.0
332,2023-11-29,0.0,0.10668,-10.025,7.975,0.0031249999999998,0.10668,0.0,0.0024782,0.0,-3.9115e-05,-4.7523,60.48,-18.207,39.596,-14.055,-1000000.0,-1954.8,-1601.7,0.0,0.0,30.557,25.14,6.9328,0.0,-8961.53,0.1259,20.0,-2964.62,0.1529,20.0,-2143.16,0.1635,20.0,-1726.63,0.1714,20.0,-1629.78,0.1735,20.0,-1603.99,0.174,20.0,-1602.87,0.1741,20.0,-1602.61,0.1894,20.0,-1602.11,0.2633,20.0
333,2023-11-30,0.0,0.0254,-12.5,0.75,-7.184375,0.0254,0.0,0.0024576,0.0,-3.9116e-05,-4.7269,60.48,-18.204,39.596,-14.055,-1000000.0,-1956.7,-1601.7,0.0,0.0,30.554,25.14,6.9352,0.0,-8993.57,0.1258,20.0,-2976.23,0.1528,20.0,-2149.75,0.1634,20.0,-1729.48,0.1713,20.0,-1630.9,0.1735,20.0,-1604.12,0.174,20.0,-1602.87,0.1741,20.0,-1602.61,0.1894,20.0,-1602.12,0.2633,20.0
334,2023-12-01,0.0,0.1143,-11.55,2.85,-2.70833333333333,0.1143,0.0,0.0024378,0.0,-3.9116e-05,-4.6126,60.48,-18.202,39.596,-14.055,-1000000.0,-1958.7,-1601.7,0.0,0.0,30.552,25.14,6.9377,0.0,-9024.48,0.1258,20.0,-2987.75,0.1527,20.0,-2156.26,0.1633,20.0,-1732.31,0.1713,20.0,-1632.04,0.1734,20.0,-1604.26,0.174,20.0,-1602.86,0.1741,20.0,-1602.61,0.1894,20.0,-1602.12,0.2633,20.0
335,2023-12-02,0.0,0.1651,-2.725,4.55,0.510416666666667,0.1651,0.0,0.0024185,0.0,-3.911e-05,-4.4475,60.48,-18.199,39.596,-14.055,-1000000.0,-1960.5,-1601.7,0.0,0.0,30.549,25.14,6.9401,0.0,-9054.42,0.1257,20.0,-2999.14,0.1525,20.0,-2162.71,0.1632,20.0,-1735.13,0.1712,20.0,-1633.19,0.1734,20.0,-1604.41,0.174,20.0,-1602.86,0.1741,20.0,-1602.61,0.1894,20.0,-1602.12,0.2633,20.0
336,2023-12-03,0.0,0.17018,-3.95,6.5,1.57916666666667,0.17018,0.0,0.0023999,0.0,-3.91e-05,-4.2773,60.48,-18.197,39.596,-14.055,-1000000.0,-1962.4,-1601.7,0.0,0.0,30.547,25.14,6.9425,0.0,-9083.5,0.1256,20.0,-3010.38,0.1524,20.0,-2169.08,0.1631,20.0,-1737.93,0.1712,20.0,-1634.34,0.1734,20.0,-1604.56,0.174,20.0,-1602.86,0.1741,20.0,-1602.61,0.1894,20.0,-1602.12,0.2633,20.0
337,2023-12-04,0.0,0.16256,-2.625,9.575,5.40729166666667,0.16256,0.0,0.0023817,0.0,-3.9115e-05,-4.1148,60.48,-18.195,39.596,-14.055,-1000000.0,-1964.2,-1601.7,0.0,0.0,30.544,25.14,6.9449,0.0,-9111.83,0.1256,20.0,-3021.49,0.1523,20.0,-2175.39,0.163,20.0,-1740.73,0.1711,20.0,-1635.51,0.1734,20.0,-1604.72,0.174,20.0,-1602.86,0.1741,20.0,-1602.61,0.1894,20.0,-1602.12,0.2633,20.0
338,2023-12-05,0.0,0.33782,9.525,15.325,12.5104166666667,0.33782,0.0,0.002364,0.0,-3.9104e-05,-3.7769,60.48,-18.192,39.596,-14.055,-1000000.0,-1966.1,-1601.7,0.0,0.0,30.542,25.14,6.9473,0.0,-9139.52,0.1255,20.0,-3032.43,0.1522,20.0,-2181.66,0.1629,20.0,-1743.51,0.171,20.0,-1636.69,0.1733,20.0,-1604.89,0.174,20.0,-1602.85,0.1741,20.0,-1602.61,0.1894,20.0,-1602.12,0.2633,20.0
339,2023-12-06,0.0,0.25146,6.05,15.675,11.015625,0.25146,0.0,0.0023467,0.0,-3.91e-05,-3.5255,60.48,-18.19,39.596,-14.055,-1000000.0,-1967.9,-1601.7,0.0,0.0,30.539,25.14,6.9496,0.0,-9166.64,0.1255,20.0,-3043.24,0.1521,20.0,-2187.88,0.1629,20.0,-1746.27,0.171,20.0,-1637.87,0.1733,20.0,-1605.06,0.174,20.0,-1602.85,0.1741,20.0,-1602.6,0.1894,20.0,-1602.12,0.2633,20.0
340,2023-12-07,0.0,0.09144,-3.225,8.15,3.30625,0.09144,0.0,0.0023298,0.0,-3.9115e-05,-3.434,60.48,-18.188,39.596,-14.056,-1000000.0,-1969.6,-1601.7,0.0,0.0,30.537,25.14,6.952,0.0,-9193.25,0.1254,20.0,-3053.89,0.1519,20.0,-2194.03,0.1628,20.0,-1749.03,0.1709,20.0,-1639.06,0.1733,20.0,-1605.24,0.174,20.0,-1602.85,0.1741,20.0,-1602.6,0.1894,20.0,-1602.12,0.2633,20.0
341,2023-12-08,0.0068,0.03302,-10.3,5.75,-2.80833333333333,0.03302,0.0,0.0023131,0.0,-3.911e-05,-3.401,60.48,-18.185,39.596,-14.056,-1000000.0,-1971.4,-1601.7,0.0,0.0,30.535,25.14,6.9543,0.0,-9219.43,0.1254,20.0,-3064.4,0.1518,20.0,-2200.09,0.1627,20.0,-1751.78,0.1709,20.0,-1640.26,0.1733,20.0,-1605.42,0.174,20.0,-1602.85,0.1741,20.0,-1602.6,0.1894,20.0,-1602.12,0.2633,20.0
342,2023-12-09,0.0,0.1397,-6.625,3.35,-1.165625,0.1397,0.0,0.0022968,0.0,-3.9109e-05,-3.2613,60.48,-18.183,39.596,-14.056,-1000000.0,-1973.1,-1601.7,0.0,0.0,30.532,25.14,6.9566,0.0,-9245.22,0.1253,20.0,-3074.76,0.1517,20.0,-2206.06,0.1626,20.0,-1754.53,0.1708,20.0,-1641.47,0.1732,20.0,-1605.62,0.174,20.0,-1602.85,0.1741,20.0,-1602.6,0.1894,20.0,-1602.13,0.2633,20.0
343,2023-12-10,0.0,0.21082,0.875,6.65,3.815625,0.21082,0.0,0.0022806,0.0,-3.91e-05,-3.0505,60.48,-18.181,39.596,-14.056,-1000000.0,-1974.9,-1601.7,0.0,0.0,30.53,25.14,6.9589,0.0,-9270.64,0.1252,20.0,-3084.99,0.1516,20.0,-2211.94,0.1625,20.0,-1757.26,0.1707,20.0,-1642.68,0.1732,20.0,-1605.82,0.174,20.0,-1602.84,0.1741,20.0,-1602.6,0.1894,20.0,-1602.13,0.2633,20.0
344,2023-12-11,0.148,0.04572,-3.725,3.875,0.255208333333333,0.04572,0.0,0.0022647,0.0,-3.9104e-05,-3.0048,60.48,-18.178,39.596,-14.056,-1000000.0,-1976.6,-1601.7,0.0,0.0,30.528,25.14,6.9611,0.0,-9295.74,0.1252,20.0,-3095.07,0.1515,20.0,-2217.73,0.1624,20.0,-1759.98,0.1707,20.0,-1643.9,0.1732,20.0,-1606.02,0.174,20.0,-1602.84,0.1741,20.0,-1602.6,0.1894,20.0,-1602.13,0.2633,20.0
345,2023-12-12,0.0034,0.04064,-5.475,5.225,-1.43854166666667,0.04064,0.0,0.002249,0.0,-3.9109e-05,-2.9641,60.48,-18.176,39.596,-14.056,-1000000.0,-1978.3,-1601.7,0.0,0.0,30.525,25.14,6.9634,0.0,-9320.53,0.1251,20.0,-3105.02,0.1514,20.0,-2223.44,0.1623,20.0,-1762.69,0.1706,20.0,-1645.13,0.1731,20.0,-1606.23,0.174,20.0,-1602.84,0.1741,20.0,-1602.6,0.1894,20.0,-1602.13,0.2633,20.0
346,2023-12-13,0.0,0.13716,-4.75,9.0,0.878125,0.13716,0.0,0.0022335,0.0,-3.9113e-05,-2.827,60.48,-18.174,39.596,-14.056,-1000000.0,-1980.0,-1601.7,0.0,0.0,30.523,25.14,6.9656,0.0,-9345.05,0.1251,20.0,-3114.83,0.1513,20.0,-2229.07,0.1622,20.0,-1765.38,0.1706,20.0,-1646.36,0.1731,20.0,-1606.45,0.174,20.0,-1602.84,0.1741,20.0,-1602.6,0.1894,20.0,-1602.13,0.2633,20.0
347,2023-12-14,0.0,0.11684,-2.925,9.275,1.02604166666667,0.11684,0.0,0.0022181,0.0,-3.9109e-05,-2.7101,60.48,-18.172,39.596,-14.056,-1000000.0,-1981.7,-1601.7,0.0,0.0,30.521,25.14,6.9678,0.0,-9369.33,0.125,20.0,-3124.51,0.1511,20.0,-2234.61,0.1621,20.0,-1768.06,0.1705,20.0,-1647.6,0.1731,20.0,-1606.67,0.174,20.0,-1602.84,0.1741,20.0,-1602.6,0.1894,20.0,-1602.13,0.2633,20.0
348,2023-12-15,0.0,0.10668,-6.45,8.35,0.763541666666667,0.10668,0.0,0.0022028,0.0,-3.9109e-05,-2.6035,60.48,-18.17,39.596,-14.056,-1000000.0,-1983.4,-1601.7,0.0,0.0,30.519,25.14,6.97,0.0,-9393.36,0.125,20.0,-3136.01,0.151,20.0,-2240.09,0.162,20.0,-1770.73,0.1705,20.0,-1648.84,0.1731,20.0,-1606.91,0.174,20.0,-1602.84,0.1741,20.0,-1602.59,0.1894,20.0,-1602.13,0.2633,20.0
349,2023-12-16,0.0,0.3302,4.125,11.3,7.08645833333333,0.3302,0.0,0.0021877,0.0,-3.9109e-05,-2.2733,60.48,-18.167,39.596,-14.056,-1000000.0,-1985.1,-1601.7,0.0,0.0,30.516,25.14,6.9722,0.0,-9417.19,0.1249,20.0,-3146.91,0.151,20.0,-2245.52,0.162,20.0,-1773.39,0.1704,20.0,-1650.09,0.173,20.0,-1607.14,0.174,20.0,-1602.84,0.1741,20.0,-1602.59,0.1894,20.0,-1602.13,0.2633,20.0
350,2023-12-17,0.0,0.06604,-7.75,5.325,-0.157291666666667,0.06604,0.0,0.0021728,0.0,-3.9103e-05,-2.2072,60.48,-18.165,39.596,-14.056,-1000000.0,-1986.8,-1601.7,0.0,0.0,30.514,25.14,6.9744,0.0,-9440.79,0.1249,20.0,-3157.38,0.1509,20.0,-2251.04,0.1619,20.0,-1776.03,0.1703,20.0,-1651.34,0.173,20.0,-1607.39,0.174,20.0,-1602.84,0.1741,20.0,-1602.59,0.1894,20.0,-1602.13,0.2633,20.0
351,2023-12-18,0.0,0.2286,-3.35,12.575,6.90833333333333,0.2286,0.0,0.0021579,0.0,-3.9109e-05,-1.9786,60.48,-18.163,39.596,-14.056,-1000000.0,-1988.4,-1601.7,0.0,0.0,30.512,25.14,6.9766,0.0,-9464.15,0.1248,20.0,-3167.62,0.1508,20.0,-2256.64,0.1618,20.0,-1778.68,0.1703,20.0,-1652.59,0.173,20.0,-1607.64,0.174,20.0,-1602.84,0.1741,20.0,-1602.59,0.1894,20.0,-1602.13,0.2633,20.0
352,2023-12-19,0.0085,0.19304,1.925,13.15,7.56458333333333,0.19304,0.0,0.0021432,0.0,-3.9099e-05,-1.7856,60.48,-18.161,39.596,-14.056,-1000000.0,-1990.1,-1601.7,0.0,0.0,30.51,25.14,6.9787,0.0,-9487.25,0.1248,20.0,-3177.67,0.1507,20.0,-2262.27,0.1617,20.0,-1781.31,0.1702,20.0,-1653.85,0.173,20.0,-1607.89,0.1739,20.0,-1602.84,0.1741,20.0,-1602.59,0.1894,20.0,-1602.14,0.2633,20.0
353,2023-12-20,0.0,0.20574,4.35,12.8,7.19166666666667,0.20574,0.0,0.0021287,0.0,-3.9114e-05,-1.5798,60.48,-18.159,39.596,-14.056,-1000000.0,-1991.8,-1601.7,0.0,0.0,30.508,25.14,6.9809,0.0,-9510.07,0.1247,20.0,-3187.54,0.1506,20.0,-2267.88,0.1616,20.0,-1783.93,0.1702,20.0,-1655.11,0.1729,20.0,-1608.15,0.1739,20.0,-1602.84,0.1741,20.0,-1602.59,0.1894,20.0,-1602.14,0.2633,20.0
354,2023-12-21,0.0,0.1651,-1.125,12.4,6.38125,0.1651,0.0,0.0021143,0.0,-3.9104e-05,-1.4147,60.48,-18.157,39.596,-14.056,-1000000.0,-1993.4,-1601.7,0.0,0.0,30.505,25.14,6.983,0.0,-9532.59,0.1247,20.0,-3197.24,0.1506,20.0,-2273.44,0.1615,20.0,-1786.55,0.1701,20.0,-1656.38,0.1729,20.0,-1608.42,0.1739,20.0,-1602.84,0.1741,20.0,-1602.59,0.1894,20.0,-1602.14,0.2633,20.0
355,2023-12-22,0.0,0.2032,2.825,11.925,6.90625,0.2032,0.0,0.0021001,0.0,-3.9108e-05,-1.2115,60.48,-18.155,39.596,-14.056,-1000000.0,-1995.0,-1601.7,0.0,0.0,30.503,25.14,6.9851,0.0,-9554.81,0.1246,20.0,-3206.76,0.1505,20.0,-2278.97,0.1614,20.0,-1789.15,0.1701,20.0,-1657.65,0.1729,20.0,-1608.7,0.1739,20.0,-1602.84,0.1741,20.0,-1602.59,0.1894,20.0,-1602.14,0.2633,20.0
356,2023-12-23,0.0,0.07366,-4.55,3.975,0.003125,0.07366,0.0,0.002086,0.0,-3.9104e-05,-1.1379,60.48,-18.152,39.596,-14.056,-1000000.0,-1996.7,-1601.7,0.0,0.0,30.501,25.14,6.9872,0.0,-9576.71,0.1246,20.0,-3216.12,0.1504,20.0,-2284.44,0.1614,20.0,-1791.74,0.17,20.0,-1658.92,0.1729,20.0,-1608.98,0.1739,20.0,-1602.84,0.1741,20.0,-1602.59,0.1894,20.0,-1602.14,0.2633,20.0
357,2023-12-24,0.0,0.0762,-9.675,3.125,-4.54375,0.0762,0.0,0.0020721,0.0,-3.9103e-05,-1.0617,60.48,-18.15,39.596,-14.056,-1000000.0,-1998.3,-1601.7,0.0,0.0,30.499,25.14,6.9892,0.0,-9598.29,0.1245,20.0,-3225.33,0.1503,20.0,-2289.85,0.1613,20.0,-1794.31,0.17,20.0,-1660.19,0.1728,20.0,-1609.26,0.1739,20.0,-1602.85,0.1741,20.0,-1602.59,0.1894,20.0,-1602.14,0.2633,20.0
358,2023-12-25,0.0,0.12954,-10.325,5.575,-3.33541666666667,0.12954,0.0,0.0020584,0.0,-3.9104e-05,-0.93214,60.48,-18.148,39.596,-14.056,-1000000.0,-1999.8,-1601.7,0.0,0.0,30.497,25.14,6.9913,0.0,-9619.56,0.1245,20.0,-3234.39,0.1503,20.0,-2295.21,0.1612,20.0,-1796.88,0.1699,20.0,-1661.47,0.1728,20.0,-1609.55,0.1739,20.0,-1602.85,0.1741,20.0,-1602.58,0.1894,20.0,-1602.14,0.2633,20.0
359,2023-12-26,0.0,0.1651,-6.25,6.95,0.0583333333333333,0.1651,0.0,0.0020449,0.0,-3.9104e-05,-0.76704,60.48,-18.146,39.596,-14.056,-1000000.0,-2001.4,-1601.7,0.0,0.0,30.495,25.14,6.9933,0.0,-9640.51,0.1244,20.0,-3243.3,0.1502,20.0,-2300.52,0.1611,20.0,-1799.43,0.1698,20.0,-1662.75,0.1728,20.0,-1609.85,0.1739,20.0,-1602.85,0.1741,20.0,-1602.58,0.1894,20.0,-1602.14,0.2633,20.0
360,2023-12-27,0.0,0.09144,-6.775,7.3,-0.14375,0.09144,0.0,0.0020316,0.0,-3.9108e-05,-0.6756,60.48,-18.144,39.596,-14.056,-1000000.0,-2003.0,-1601.7,0.0,0.0,30.493,25.14,6.9954,0.0,-9661.16,0.1244,20.0,-3252.08,0.1501,20.0,-2305.77,0.161,20.0,-1801.97,0.1698,20.0,-1664.03,0.1727,20.0,-1610.16,0.1739,20.0,-1602.85,0.1741,20.0,-1602.58,0.1894,20.0,-1602.14,0.2633,20.0
361,2023-12-28,0.0,0.1905,-2.8,11.65,4.85729166666667,0.1905,0.0,0.0020185,0.0,-3.9108e-05,-0.4851,60.48,-18.142,39.596,-14.056,-1000000.0,-2004.5,-1601.7,0.0,0.0,30.491,25.14,6.9974,0.0,-9681.51,0.1244,20.0,-3260.74,0.15,20.0,-2310.98,0.1609,20.0,-1804.5,0.1697,20.0,-1665.31,0.1727,20.0,-1610.46,0.1739,20.0,-1602.86,0.1741,20.0,-1602.58,0.1894,20.0,-1602.15,0.2633,20.0
362,2023-12-29,0.0,0.07874,-5.25,10.55,1.37708333333333,0.07874,0.0,0.0020055,0.0,-3.9098e-05,-0.40636,60.48,-18.14,39.596,-14.056,-1000000.0,-2006.1,-1601.7,0.0,0.0,30.489,25.14,6.9994,0.0,-9701.58,0.1243,20.0,-3269.26,0.15,20.0,-2316.13,0.1609,20.0,-1807.03,0.1697,20.0,-1666.59,0.1727,20.0,-1610.78,0.1739,20.0,-1602.86,0.1741,20.0,-1602.58,0.1894,20.0,-1602.15,0.2633,20.0
363,2023-12-30,0.0,0.03302,-8.125,7.625,-1.759375,0.03302,0.0,0.0019927,0.0,-3.9098e-05,-0.37334,60.48,-18.138,39.596,-14.056,-1000000.0,-2007.6,-1601.7,0.0,0.0,30.487,25.14,7.0014,0.0,-9721.35,0.1243,20.0,-3277.67,0.1499,20.0,-2321.24,0.1608,20.0,-1809.56,0.1696,20.0,-1667.87,0.1727,20.0,-1611.1,0.1739,20.0,-1602.87,0.1741,20.0,-1602.58,0.1894,20.0,-1602.15,0.2633,20.0
364,2023-12-31,0.0,0.10668,-7.525,10.125,0.734375,0.10668,0.0,0.0019801,0.0,-3.9098e-05,-0.26666,60.48,-18.136,39.596,-14.056,-1000000.0,-2009.1,-1601.7,0.0,0.0,30.485,25.14,7.0034,0.0,-9740.84,0.1242,20.0,-3285.96,0.1498,20.0,-2326.3,0.1607,20.0,-1812.09,0.1696,20.0,-1669.16,0.1726,20.0,-1611.42,0.1739,20.0,-1602.87,0.1741,20.0,-1602.58,0.1894,20.0,-1602.15,0.2633,20.0
365,2024-01-01,0.0,0.127,-4.5,7.55,0.603125,0.127,0.0,0.0019676,0.0,-3.9108e-05,-0.13966,60.48,-18.134,39.596,-14.057,-1000000.0,-2010.7,-1601.7,0.0,0.0,30.483,25.14,7.0054,0.0,-9760.07,0.1242,20.0,-3294.14,0.1498,20.0,-2331.3,0.1606,20.0,-1814.6,0.1695,20.0,-1670.44,0.1726,20.0,-1611.75,0.1739,20.0,-1602.88,0.1741,20.0,-1602.58,0.1894,20.0,-1602.15,0.2633,20.0
366,2024-01-02,0.0,0.11684,-4.275,6.675,-0.121875,0.11684,0.0,0.0019553,0.0,-3.9103e-05,-0.022816,60.48,-18.132,39.596,-14.057,-1000000.0,-2012.1,-1601.7,0.0,0.0,30.481,25.14,7.0073,0.0,-9779.03,0.1241,20.0,-3302.21,0.1497,20.0,-2336.25,0.1606,20.0,-1817.11,0.1695,20.0,-1671.73,0.1726,20.0,-1612.09,0.1739,20.0,-1602.88,0.1741,20.0,-1602.58,0.1894,20.0,-1602.15,0.2633,20.0
367,2024-01-03,0.0,0.04064,-11.325,4.075,-4.49895833333333,0.04064,0.0,0.0019431,0.0,-3.9102e-05,0.017824,60.48,-18.13,39.596,-14.057,-1000000.0,-2013.6,-1601.7,0.0,0.0,30.479,25.14,7.0093,0.0,-9797.74,0.1241,20.0,-3310.18,0.1496,20.0,-2341.14,0.1605,20.0,-1819.61,0.1694,20.0,-1673.02,0.1726,20.0,-1612.43,0.1738,20.0,-1602.89,0.1741,20.0,-1602.58,0.1894,20.0,-1602.15,0.2633,20.0
368,2024-01-04,0.0,0.11176,-4.1,7.425,0.45,0.11176,0.0,0.0019311,0.0,-3.9098e-05,0.12958,60.48,-18.128,39.596,-14.057,-1000000.0,-2015.1,-1601.7,0.0,0.0,30.477,25.14,7.0112,0.0,-9816.2,0.1241,20.0,-3318.05,0.1496,20.0,-2345.97,0.1604,20.0,-1822.09,0.1694,20.0,-1674.3,0.1725,20.0,-1612.78,0.1738,20.0,-1602.9,0.1741,20.0,-1602.57,0.1894,20.0,-1602.15,0.2633,20.0
369,2024-01-05,0.0,0.09144,-3.425,5.325,-0.651041666666667,0.09144,0.0,0.0019192,0.0,-3.9107e-05,0.22102,60.48,-18.126,39.596,-14.057,-1000000.0,-2016.6,-1601.7,0.0,0.0,30.475,25.14,7.0131,0.0,-9834.42,0.124,20.0,-3325.82,0.1495,20.0,-2350.74,0.1603,20.0,-1824.56,0.1693,20.0,-1675.59,0.1725,20.0,-1613.13,0.1738,20.0,-1602.9,0.1741,20.0,-1602.57,0.1894,20.0,-1602.15,0.2633,20.0
370,2024-01-06,0.0,0.1524,-5.325,2.2,-0.451041666666667,0.1524,0.0,0.0019075,0.0,-3.9103e-05,0.37342,60.48,-18.125,39.596,-14.057,-1000000.0,-2018.0,-1601.7,0.0,0.0,30.473,25.14,7.015,0.0,-9852.41,0.124,20.0,-3333.5,0.1495,20.0,-2355.46,0.1603,20.0,-1827.02,0.1692,20.0,-1676.88,0.1725,20.0,-1613.48,0.1738,20.0,-1602.91,0.1741,20.0,-1602.57,0.1894,20.0,-1602.15,0.2633,20.0
371,2024-01-07,0.0,0.02794,-13.95,-5.325,-10.1489583333333,0.02794,0.0,0.0018959,0.0,-3.9102e-05,0.40136,60.48,-18.123,39.596,-14.057,-1000000.0,-2019.5,-1601.7,0.0,0.0,30.471,25.14,7.0169,0.0,-9870.18,0.1239,20.0,-3341.08,0.1494,20.0,-2360.12,0.1602,20.0,-1829.46,0.1692,20.0,-1678.17,0.1724,20.0,-1613.84,0.1738,20.0,-1602.92,0.1741,20.0,-1602.57,0.1894,20.0,-1602.15,0.2633,20.0
372,2024-01-08,0.0,0.08382,-18.125,-0.875,-8.43541666666667,0.08382,0.0,0.0018844,0.0,-3.9107e-05,0.48518,60.48,-18.121,39.596,-14.057,-1000000.0,-2020.9,-1601.7,0.0,0.0,30.469,25.14,7.0188,0.0,-9887.73,0.1239,20.0,-3348.58,0.1493,20.0,-2365.06,0.1601,20.0,-1831.89,0.1691,20.0,-1679.46,0.1724,20.0,-1614.21,0.1738,20.0,-1602.93,0.1741,20.0,-1602.57,0.1894,20.0,-1602.15,0.2633,20.0
373,2024-01-09,0.0,0.1905,-2.55,5.875,1.115625,0.1905,0.0,0.0018731,0.0,-3.9112e-05,0.67568,60.48,-18.119,39.596,-14.057,-1000000.0,-2022.4,-1601.7,0.0,0.0,30.467,25.14,7.0207,0.0,-9905.06,0.1239,20.0,-3356.0,0.1493,20.0,-2370.08,0.16,20.0,-1834.33,0.1691,20.0,-1680.75,0.1724,20.0,-1614.58,0.1738,20.0,-1602.94,0.1741,20.0,-1602.57,0.1894,20.0,-1602.15,0.2633,20.0
374,2024-01-10,0.0,0.0381,-19.575,-6.725,-14.7020833333333,0.0381,0.0,0.0018618,0.0,-3.9102e-05,0.71378,60.48,-18.117,39.596,-14.057,-1000000.0,-2023.8,-1601.7,0.0,0.0,30.465,25.14,7.0226,0.0,-9922.2,0.1238,20.0,-3363.35,0.1492,20.0,-2375.06,0.16,20.0,-1836.76,0.169,20.0,-1682.04,0.1724,20.0,-1614.95,0.1738,20.0,-1602.95,0.1741,20.0,-1602.57,0.1894,20.0,-1602.15,0.2633,20.0
375,2024-01-11,0.0,0.01524,-30.025,-20.075,-24.8489583333333,0.01524,0.0,0.0018507,0.0,-3.9101e-05,0.72902,60.48,-18.115,39.596,-14.057,-1000000.0,-2025.2,-1601.7,0.0,0.0,30.463,25.14,7.0244,0.0,-9939.13,0.1238,20.0,-3370.61,0.1492,20.0,-2379.99,0.1599,20.0,-1839.2,0.169,20.0,-1683.32,0.1723,20.0,-1615.33,0.1738,20.0,-1602.96,0.1741,20.0,-1602.57,0.1894,20.0,-1602.15,0.2633,20.0
376,2024-01-12,0.0,0.00508,-36.925,-30.275,-32.846875,0.00508,0.0,0.0018398,0.0,-3.9107e-05,0.7341,60.48,-18.113,39.596,-14.057,-1000000.0,-2026.6,-1601.7,0.0,0.0,30.461,25.14,7.0263,0.0,-9955.87,0.1238,20.0,-3377.79,0.1491,20.0,-2384.86,0.1598,20.0,-1841.63,0.1689,20.0,-1684.61,0.1723,20.0,-1615.72,0.1738,20.0,-1602.98,0.1741,20.0,-1602.57,0.1894,20.0,-1602.16,0.2633,20.0
377,2024-01-13,0.0,0.00762,-38.025,-21.85,-31.2628333333333,0.00762,0.0,0.0018289,0.0,-3.9102e-05,0.74172,60.48,-18.111,39.596,-14.057,-1000000.0,-2028.0,-1601.7,0.0,0.0,30.459,25.14,7.0281,0.0,-9972.44,0.1237,20.0,-3384.89,0.149,20.0,-2389.67,0.1597,20.0,-1844.06,0.1689,20.0,-1685.9,0.1723,20.0,-1616.11,0.1738,20.0,-1602.99,0.1741,20.0,-1602.57,0.1894,20.0,-1602.16,0.2633,20.0
378,2024-01-14,0.0,0.00508,-34.025,-25.925,-29.0159565217391,0.00508,0.0,0.0018181,0.0,-3.9101e-05,0.7468,60.48,-18.11,39.596,-14.057,-1000000.0,-2029.4,-1601.7,0.0,0.0,30.458,25.14,7.0299,0.0,-9988.82,0.1237,20.0,-3391.89,0.149,20.0,-2394.43,0.1597,20.0,-1846.47,0.1688,20.0,-1687.19,0.1722,20.0,-1616.5,0.1738,20.0,-1603.0,0.1741,20.0,-1602.57,0.1894,20.0,-1602.16,0.2633,20.0
379,2024-01-15,0.0,0.02032,-34.675,-15.075,-24.7677083333333,0.02032,0.0,0.0018078,0.0,-3.9111e-05,0.76712,60.48,-18.108,39.596,-14.057,-1000000.0,-2030.8,-1601.7,0.0,0.0,30.456,25.14,7.0317,0.0,-10006.13,0.1237,20.0,-3398.79,0.1489,20.0,-2399.14,0.1596,20.0,-1848.87,0.1688,20.0,-1688.47,0.1722,20.0,-1616.9,0.1738,20.0,-1603.02,0.1741,20.0,-1602.57,0.1894,20.0,-1602.16,0.2633,20.0
380,2024-01-16,0.0,0.07874,-14.65,-3.85,-8.19375,0.07874,0.0,0.0017982,0.0,-3.9096e-05,0.84586,60.48,-18.106,39.596,-14.057,-1000000.0,-2032.2,-1601.7,0.0,0.0,30.454,25.14,7.0335,0.0,-10025.65,0.1236,20.0,-3405.6,0.1489,20.0,-2403.79,0.1595,20.0,-1851.27,0.1687,20.0,-1689.76,0.1722,20.0,-1617.3,0.1737,20.0,-1603.03,0.1741,20.0,-1602.56,0.1894,20.0,-1602.16,0.2633,20.0
381,2024-01-17,0.0,0.01778,-18.825,-7.325,-13.5770833333333,0.01778,0.0,0.0017892,0.0,-3.9111e-05,0.86364,60.48,-18.104,39.596,-14.057,-1000000.0,-2033.5,-1601.7,0.0,0.0,30.452,25.14,7.0353,0.0,-10045.62,0.1236,20.0,-3412.33,0.1488,20.0,-2408.4,0.1594,20.0,-1853.64,0.1687,20.0,-1691.04,0.1722,20.0,-1617.7,0.1737,20.0,-1603.05,0.1741,20.0,-1602.56,0.1894,20.0,-1602.16,0.2633,20.0
382,2024-01-18,0.0,0.01651,-27.575,-12.375,-19.2677083333333,0.01651,0.0,0.0017805,0.0,-3.9106e-05,0.88015,60.48,-18.102,39.596,-14.057,-1000000.0,-2034.8,-1601.7,0.0,0.0,30.45,25.14,7.0371,0.0,-10065.88,0.1235,20.0,-3418.96,0.1488,20.0,-2412.95,0.1594,20.0,-1856.01,0.1686,20.0,-1692.33,0.1721,20.0,-1618.11,0.1737,20.0,-1603.06,0.1741,20.0,-1602.56,0.1894,20.0,-1602.16,0.2633,20.0
383,2024-01-19,0.0,0.01524,-28.575,-12.7,-19.715625,0.01524,0.0,0.001772,0.0,-3.9106e-05,0.89539,60.48,-18.101,39.596,-14.057,-1000000.0,-2036.2,-1601.7,0.0,0.0,30.448,25.14,7.0389,0.0,-10086.36,0.1235,20.0,-3425.52,0.1487,20.0,-2417.45,0.1593,20.0,-1858.36,0.1686,20.0,-1693.61,0.1721,20.0,-1618.52,0.1737,20.0,-1603.08,0.1741,20.0,-1602.56,0.1894,20.0,-1602.16,0.2633,20.0
384,2024-01-20,0.4186,0.1143,-16.0,6.175,1.03854166666667,0.1143,0.0,0.0017636,0.0,-3.9111e-05,1.0097,60.48,-18.099,39.596,-14.057,-1000000.0,-2037.5,-1601.7,0.0,0.0,30.447,25.14,7.0406,0.0,-10107.02,0.1235,20.0,-3431.99,0.1487,20.0,-2421.91,0.1592,20.0,-1860.7,0.1685,20.0,-1694.89,0.1721,20.0,-1618.94,0.1737,20.0,-1603.1,0.1741,20.0,-1602.56,0.1894,20.0,-1602.16,0.2633,20.0
385,2024-01-21,0.0,0.12954,0.775,8.775,5.02708333333333,0.12954,0.0,0.0017551,0.0,-3.9097e-05,1.1392,60.48,-18.097,39.596,-14.057,-1000000.0,-2038.8,-1601.7,0.0,0.0,30.445,25.14,7.0424,0.0,-10127.87,0.1234,20.0,-3438.38,0.1486,20.0,-2426.32,0.1592,20.0,-1863.04,0.1685,20.0,-1696.17,0.1721,20.0,-1619.36,0.1737,20.0,-1603.11,0.174,20.0,-1602.56,0.1894,20.0,-1602.16,0.2633,20.0
386,2024-01-22,0.0,0.0381,-10.225,-2.65,-6.46979166666667,0.0381,0.0,0.0017467,0.0,-3.9101e-05,1.1773,60.48,-18.095,39.596,-14.057,-1000000.0,-2040.1,-1601.8,0.0,0.0,30.443,25.14,7.0441,0.0,-10148.86,0.1234,20.0,-3444.69,0.1486,20.0,-2430.68,0.1591,20.0,-1865.38,0.1684,20.0,-1697.45,0.172,20.0,-1619.79,0.1737,20.0,-1603.13,0.174,20.0,-1602.56,0.1894,20.0,-1602.16,0.2633,20.0
387,2024-01-23,0.0,0.15494,0.925,9.4,4.725,0.15494,0.0,0.0017383,0.0,-3.9107e-05,1.3323,60.48,-18.094,39.596,-14.057,-1000000.0,-2041.4,-1601.8,0.0,0.0,30.441,25.14,7.0459,0.0,-10169.99,0.1234,20.0,-3450.93,0.1485,20.0,-2434.99,0.159,20.0,-1867.74,0.1684,20.0,-1698.73,0.172,20.0,-1620.21,0.1737,20.0,-1603.15,0.174,20.0,-1602.56,0.1894,20.0,-1602.16,0.2633,20.0
388,2024-01-24,0.0,0.14732,-1.15,8.75,3.42916666666667,0.14732,0.0,0.0017299,0.0,-3.91e-05,1.4796,60.48,-18.092,39.596,-14.057,-1000000.0,-2042.7,-1601.8,0.0,0.0,30.439,25.14,7.0476,0.0,-10191.25,0.1233,20.0,-3457.18,0.1485,20.0,-2439.27,0.159,20.0,-1870.1,0.1683,20.0,-1700.01,0.172,20.0,-1620.64,0.1737,20.0,-1603.18,0.174,20.0,-1602.56,0.1894,20.0,-1602.16,0.2633,20.0
389,2024-01-25,0.0,0.1651,0.275,10.45,4.19270833333333,0.1651,0.0,0.0017214,0.0,-3.9106e-05,1.6447,60.48,-18.09,39.596,-14.057,-1000000.0,-2044.1,-1601.8,0.0,0.0,30.438,25.14,7.0493,0.0,-10212.61,0.1233,20.0,-3463.35,0.1484,20.0,-2443.51,0.1589,20.0,-1872.46,0.1683,20.0,-1701.28,0.1719,20.0,-1621.08,0.1737,20.0,-1603.2,0.174,20.0,-1602.56,0.1894,20.0,-1602.16,0.2633,20.0
390,2024-01-26,0.0,0.19304,-0.3,8.1,2.88125,0.19304,0.0,0.0017131,0.0,-3.9106e-05,1.8377,60.48,-18.089,39.596,-14.058,-1000000.0,-2045.4,-1601.8,0.0,0.0,30.436,25.14,7.0511,0.0,-10234.09,0.1232,20.0,-3469.36,0.1484,20.0,-2447.74,0.1588,20.0,-1874.81,0.1682,20.0,-1702.56,0.1719,20.0,-1621.52,0.1737,20.0,-1603.22,0.174,20.0,-1602.56,0.1894,20.0,-1602.16,0.2633,20.0
391,2024-01-27,0.0,0.20574,0.125,8.925,5.6375,0.20574,0.0,0.0017047,0.0,-3.9101e-05,2.0435,60.48,-18.087,39.596,-14.058,-1000000.0,-2046.7,-1601.8,0.0,0.0,30.434,25.14,7.0528,0.0,-10255.65,0.1232,20.0,-3475.2,0.1483,20.0,-2451.95,0.1588,20.0,-1877.14,0.1682,20.0,-1703.83,0.1719,20.0,-1621.96,0.1736,20.0,-1603.24,0.174,20.0,-1602.56,0.1894,20.0,-1602.17,0.2633,20.0
392,2024-01-28,0.0,0.26162,5.35,14.75,9.24791666666667,0.26162,0.0,0.0016963,0.0,-3.911e-05,2.3051,60.48,-18.085,39.596,-14.058,-1000000.0,-2048.0,-1601.8,0.0,0.0,30.433,25.14,7.0545,0.0,-10277.29,0.1232,20.0,-3481.21,0.1483,20.0,-2456.14,0.1587,20.0,-1879.46,0.1681,20.0,-1705.1,0.1719,20.0,-1622.41,0.1736,20.0,-1603.27,0.174,20.0,-1602.56,0.1894,20.0,-1602.17,0.2633,20.0
393,2024-01-29,0.0,0.22352,4.125,16.85,8.81145833333333,0.22352,0.0,0.001688,0.0,-3.91e-05,2.5286,60.48,-18.083,39.596,-14.058,-1000000.0,-2049.3,-1601.8,0.0,0.0,30.431,25.14,7.0561,0.0,-10298.98,0.1231,20.0,-3487.44,0.1482,20.0,-2460.32,0.1586,20.0,-1881.77,0.1681,20.0,-1706.37,0.1718,20.0,-1622.85,0.1736,20.0,-1603.29,0.174,20.0,-1602.56,0.1894,20.0,-1602.17,0.2633,20.0
394,2024-01-30,0.0,0.24892,3.65,17.025,9.86875,0.24892,0.0,0.0016797,0.0,-3.9105e-05,2.7775,60.48,-18.082,39.596,-14.058,-1000000.0,-2050.7,-1601.8,0.0,0.0,30.429,25.14,7.0578,0.0,-10320.67,0.1231,20.0,-3493.7,0.1482,20.0,-2464.47,0.1586,20.0,-1884.06,0.168,20.0,-1707.64,0.1718,20.0,-1623.31,0.1736,20.0,-1603.32,0.174,20.0,-1602.56,0.1894,20.0,-1602.17,0.2633,20.0
395,2024-01-31,0.0,0.2413,1.325,16.275,8.66041666666667,0.2413,0.0,0.0016715,0.0,-3.9105e-05,3.0188,60.48,-18.08,39.596,-14.058,-1000000.0,-2052.0,-1601.8,0.0,0.0,30.427,25.14,7.0595,0.0,-10342.28,0.123,20.0,-3499.94,0.1481,20.0,-2468.6,0.1585,20.0,-1886.35,0.168,20.0,-1708.91,0.1718,20.0,-1623.76,0.1736,20.0,-1603.35,0.174,20.0,-1602.56,0.1894,20.0,-1602.17,0.2633,20.0
396,2024-02-01,0.0,0.19558,4.5,16.625,8.975,0.19558,0.0,0.0016634,0.0,-3.9105e-05,3.2144,60.48,-18.078,39.596,-14.058,-1000000.0,-2053.3,-1601.8,0.0,0.0,30.426,25.14,7.0612,0.0,-10363.78,0.123,20.0,-3506.11,0.1481,20.0,-2472.7,0.1584,20.0,-1888.61,0.1679,20.0,-1710.18,0.1718,20.0,-1624.22,0.1736,20.0,-1603.38,0.174,20.0,-1602.56,0.1894,20.0,-1602.17,0.2633,20.0
397,2024-02-02,0.0,0.08128,3.0,13.65,6.56770833333333,0.08128,0.0,0.0016553,0.0,-3.9105e-05,3.2957,60.48,-18.077,39.596,-14.058,-1000000.0,-2054.6,-1601.8,0.0,0.0,30.424,25.14,7.0628,0.0,-10385.1,0.123,20.0,-3512.22,0.148,20.0,-2476.79,0.1584,20.0,-1890.87,0.1679,20.0,-1711.44,0.1717,20.0,-1624.68,0.1736,20.0,-1603.4,0.174,20.0,-1602.56,0.1894,20.0,-1602.17,0.2633,20.0
398,2024-02-03,0.6331,0.03048,-0.875,5.0,2.81458333333333,0.03048,0.0,0.0016473,0.0,-3.911e-05,3.3262,60.48,-18.075,39.596,-14.058,-1000000.0,-2055.8,-1601.8,0.0,0.0,30.422,25.14,7.0645,0.0,-10406.23,0.1229,20.0,-3518.27,0.148,20.0,-2481.58,0.1583,20.0,-1893.11,0.1678,20.0,-1712.7,0.1717,20.0,-1625.14,0.1736,20.0,-1603.43,0.174,20.0,-1602.56,0.1894,20.0,-1602.17,0.2633,20.0
399,2024-02-04,0.0,0.0381,-10.075,-0.85,-4.96666666666667,0.0381,0.0,0.0016395,0.0,-3.91e-05,3.3643,60.48,-18.073,39.596,-14.058,-1000000.0,-2057.1,-1601.8,0.0,0.0,30.421,25.14,7.0661,0.0,-10427.15,0.1229,20.0,-3524.27,0.1479,20.0,-2486.06,0.1583,20.0,-1895.34,0.1678,20.0,-1713.96,0.1717,20.0,-1625.61,0.1736,20.0,-1603.47,0.174,20.0,-1602.57,0.1894,20.0,-1602.17,0.2633,20.0
400,2024-02-05,0.3507,0.04572,-14.275,4.2,-6.19791666666667,0.04572,0.0,0.0016318,0.0,-3.91e-05,3.41,60.48,-18.072,39.596,-14.058,-1000000.0,-2058.4,-1601.8,0.0,0.0,30.419,25.14,7.0677,0.0,-10447.83,0.1229,20.0,-3530.21,0.1479,20.0,-2490.4,0.1582,20.0,-1897.62,0.1677,20.0,-1715.22,0.1716,20.0,-1626.08,0.1736,20.0,-1603.5,0.174,20.0,-1602.57,0.1894,20.0,-1602.17,0.2633,20.0
401,2024-02-06,0.0034,0.02794,-13.925,-2.275,-8.09895833333333,0.02794,0.0,0.0016242,0.0,-3.9095e-05,3.4379,60.48,-18.07,39.596,-14.058,-1000000.0,-2059.7,-1601.8,0.0,0.0,30.417,25.14,7.0694,0.0,-10468.3,0.1228,20.0,-3536.11,0.1478,20.0,-2494.66,0.1582,20.0,-1899.92,0.1677,20.0,-1716.48,0.1716,20.0,-1626.55,0.1735,20.0,-1603.53,0.174,20.0,-1602.57,0.1894,20.0,-1602.17,0.2633,20.0
402,2024-02-07,0.0,0.03302,-6.575,-2.35,-5.09375,0.03302,0.0,0.0016167,0.0,-3.91e-05,3.471,60.48,-18.069,39.596,-14.058,-1000000.0,-2060.9,-1601.8,0.0,0.0,30.416,25.14,7.071,0.0,-10488.55,0.1228,20.0,-3541.95,0.1478,20.0,-2498.87,0.1581,20.0,-1902.21,0.1676,20.0,-1717.74,0.1716,20.0,-1627.03,0.1735,20.0,-1603.56,0.174,20.0,-1602.57,0.1894,20.0,-1602.17,0.2633,20.0
403,2024-02-08,0.1496,0.0381,-5.5,-0.85,-3.32916666666667,0.0381,0.0,0.0016094,0.0,-3.91e-05,3.5091,60.48,-18.067,39.596,-14.058,-1000000.0,-2062.2,-1601.8,0.0,0.0,30.414,25.14,7.0726,0.0,-10508.58,0.1228,20.0,-3547.75,0.1477,20.0,-2503.04,0.1581,20.0,-1904.5,0.1676,20.0,-1718.99,0.1716,20.0,-1627.5,0.1735,20.0,-1603.6,0.174,20.0,-1602.57,0.1894,20.0,-1602.17,0.2633,20.0
404,2024-02-09,0.0,0.0381,-11.6,-1.95,-6.17708333333333,0.0381,0.0,0.0016022,0.0,-3.9095e-05,3.5472,60.48,-18.065,39.596,-14.058,-1000000.0,-2063.4,-1601.8,0.0,0.0,30.412,25.14,7.0742,0.0,-10527.98,0.1227,20.0,-3553.49,0.1477,20.0,-2507.16,0.158,20.0,-1906.77,0.1675,20.0,-1720.24,0.1715,20.0,-1627.98,0.1735,20.0,-1603.64,0.174,20.0,-1602.57,0.1894,20.0,-1602.17,0.2633,20.0
405,2024-02-10,0.0068,0.06858,-16.5,-0.425,-6.90208333333333,0.06858,0.0,0.0015954,0.0,-3.9105e-05,3.6157,60.48,-18.064,39.596,-14.058,-1000000.0,-2064.6,-1601.8,0.0,0.0,30.411,25.14,7.0758,0.0,-10546.04,0.1227,20.0,-3559.2,0.1476,20.0,-2511.26,0.158,20.0,-1909.02,0.1675,20.0,-1721.49,0.1715,20.0,-1628.47,0.1735,20.0,-1603.67,0.174,20.0,-1602.57,0.1894,20.0,-1602.17,0.2633,20.0
406,2024-02-11,0.2856,0.0762,-2.65,2.9,-0.260416666666667,0.0762,0.0,0.0015889,0.0,-3.911e-05,3.6919,60.48,-18.062,39.596,-14.058,-1000000.0,-2065.8,-1601.8,0.0,0.0,30.409,25.14,7.0774,0.0,-10563.0,0.1227,20.0,-3564.88,0.1476,20.0,-2515.32,0.1579,20.0,-1911.27,0.1674,20.0,-1722.74,0.1715,20.0,-1628.95,0.1735,20.0,-1603.71,0.174,20.0,-1602.57,0.1894,20.0,-1602.17,0.2633,20.0
407,2024-02-12,0.0,0.07112,-2.375,3.275,0.904166666666667,0.07112,0.0,0.0015827,0.0,-3.9095e-05,3.7631,60.48,-18.061,39.596,-14.058,-1000000.0,-2067.0,-1601.8,0.0,0.0,30.407,25.14,7.079,0.0,-10579.13,0.1226,20.0,-3570.55,0.1476,20.0,-2519.36,0.1579,20.0,-1913.5,0.1674,20.0,-1723.98,0.1715,20.0,-1629.44,0.1735,20.0,-1603.75,0.174,20.0,-1602.57,0.1894,20.0,-1602.17,0.2633,20.0
408,2024-02-13,0.0,0.03556,-8.525,-2.425,-4.91979166666667,0.03556,0.0,0.0015768,0.0,-3.9099e-05,3.7986,60.48,-18.059,39.596,-14.058,-1000000.0,-2068.2,-1601.8,0.0,0.0,30.406,25.14,7.0806,0.0,-10594.66,0.1226,20.0,-3576.19,0.1475,20.0,-2523.36,0.1579,20.0,-1915.72,0.1673,20.0,-1725.22,0.1714,20.0,-1629.93,0.1735,20.0,-1603.79,0.174,20.0,-1602.57,0.1894,20.0,-1602.17,0.2633,20.0
409,2024-02-14,0.0527,0.03175,-15.45,-6.025,-10.5802083333333,0.03175,0.0,0.0015713,0.0,-3.911e-05,3.8304,60.48,-18.057,39.596,-14.058,-1000000.0,-2069.3,-1601.8,0.0,0.0,30.404,25.14,7.0821,0.0,-10609.74,0.1226,20.0,-3581.83,0.1475,20.0,-2527.34,0.1578,20.0,-1917.92,0.1673,20.0,-1726.47,0.1714,20.0,-1630.42,0.1735,20.0,-1603.83,0.174,20.0,-1602.58,0.1894,20.0,-1602.17,0.2633,20.0
410,2024-02-15,0.0,0.02794,-20.3,-6.575,-12.5083333333333,0.02794,0.0,0.0015659,0.0,-3.9099e-05,3.8583,60.48,-18.056,39.596,-14.058,-1000000.0,-2070.4,-1601.8,0.0,0.0,30.403,25.14,7.0837,0.0,-10624.46,0.1226,20.0,-3587.45,0.1474,20.0,-2531.29,0.1578,20.0,-1920.12,0.1673,20.0,-1727.71,0.1714,20.0,-1630.92,0.1735,20.0,-1603.87,0.174,20.0,-1602.58,0.1894,20.0,-1602.17,0.2633,20.0
411,2024-02-16,0.0,0.03302,-26.225,-9.9,-17.0583333333333,0.03302,0.0,0.0015607,0.0,-3.9104e-05,3.8913,60.48,-18.054,39.596,-14.058,-1000000.0,-2071.6,-1601.8,0.0,0.0,30.401,25.14,7.0853,0.0,-10638.94,0.1225,20.0,-3593.05,0.1474,20.0,-2535.21,0.1577,20.0,-1922.3,0.1672,20.0,-1728.94,0.1714,20.0,-1631.41,0.1734,20.0,-1603.92,0.174,20.0,-1602.58,0.1894,20.0,-1602.17,0.2633,20.0
412,2024-02-17,0.0476,0.0889,-19.975,0.725,-9.134375,0.0889,0.0,0.0015556,0.0,-3.9099e-05,3.9802,60.48,-18.053,39.596,-14.058,-1000000.0,-2072.7,-1601.8,0.0,0.0,30.399,25.14,7.0868,0.0,-10653.22,0.1225,20.0,-3598.64,0.1473,20.0,-2539.11,0.1577,20.0,-1924.47,0.1672,20.0,-1730.18,0.1713,20.0,-1631.91,0.1734,20.0,-1603.96,0.174,20.0,-1602.58,0.1894,20.0,-1602.18,0.2633,20.0
413,2024-02-18,0.0017,0.1524,-5.3,3.525,-0.666666666666667,0.1524,0.0,0.0015506,0.0,-3.9104e-05,4.1326,60.48,-18.051,39.596,-14.058,-1000000.0,-2073.8,-1601.8,0.0,0.0,30.398,25.14,7.0884,0.0,-10667.35,0.1225,20.0,-3604.2,0.1473,20.0,-2542.98,0.1576,20.0,-1926.64,0.1671,20.0,-1731.41,0.1713,20.0,-1632.41,0.1734,20.0,-1604.01,0.174,20.0,-1602.58,0.1894,20.0,-1602.18,0.2633,20.0
414,2024-02-19,0.0,0.1016,-2.725,5.0,0.8375,0.1016,0.0,0.0015458,0.0,-3.9109e-05,4.2342,60.48,-18.05,39.596,-14.058,-1000000.0,-2074.9,-1601.8,0.0,0.0,30.396,25.14,7.0899,0.0,-10681.38,0.1225,20.0,-3609.75,0.1472,20.0,-2546.82,0.1576,20.0,-1928.81,0.1671,20.0,-1732.64,0.1713,20.0,-1632.91,0.1734,20.0,-1604.05,0.174,20.0,-1602.59,0.1894,20.0,-1602.18,0.2633,20.0
415,2024-02-20,0.0,0.17526,1.275,6.45,3.92604166666667,0.17526,0.0,0.001541,0.0,-3.9099e-05,4.4095,60.48,-18.048,39.596,-14.059,-1000000.0,-2076.0,-1601.8,0.0,0.0,30.395,25.14,7.0915,0.0,-10695.34,0.1224,20.0,-3615.27,0.1472,20.0,-2550.64,0.1576,20.0,-1931.1,0.167,20.0,-1733.87,0.1712,20.0,-1633.42,0.1734,20.0,-1604.1,0.174,20.0,-1602.59,0.1894,20.0,-1602.18,0.2633,20.0
416,2024-02-21,0.0,0.13462,-2.675,7.325,2.640625,0.13462,0.0,0.0015362,0.0,-3.91e-05,4.5441,60.48,-18.047,39.596,-14.059,-1000000.0,-2077.1,-1601.8,0.0,0.0,30.393,25.14,7.093,0.0,-10709.24,0.1224,20.0,-3620.77,0.1471,20.0,-2554.44,0.1575,20.0,-1933.39,0.167,20.0,-1735.1,0.1712,20.0,-1633.93,0.1734,20.0,-1604.15,0.174,20.0,-1602.59,0.1894,20.0,-1602.18,0.2633,20.0
417,2024-02-22,0.0,0.127,-1.6,8.0,2.21666666666667,0.127,0.0,0.0015315,0.0,-3.91e-05,4.6711,60.48,-18.045,39.596,-14.059,-1000000.0,-2078.1,-1601.8,0.0,0.0,30.391,25.14,7.0945,0.0,-10723.1,0.1224,20.0,-3626.24,0.1471,20.0,-2558.21,0.1575,20.0,-1935.66,0.1669,20.0,-1736.32,0.1712,20.0,-1634.44,0.1734,20.0,-1604.2,0.174,20.0,-1602.59,0.1894,20.0,-1602.18,0.2633,20.0
418,2024-02-23,0.0,0.20066,0.775,7.175,3.728125,0.20066,0.0,0.0015269,0.0,-3.9094e-05,4.8718,60.48,-18.044,39.596,-14.059,-1000000.0,-2079.2,-1601.8,0.0,0.0,30.39,25.14,7.0961,0.0,-10736.93,0.1224,20.0,-3631.69,0.1471,20.0,-2561.96,0.1574,20.0,-1937.9,0.1669,20.0,-1737.54,0.1712,20.0,-1634.95,0.1734,20.0,-1604.25,0.174,20.0,-1602.6,0.1894,20.0,-1602.18,0.2633,20.0
419,2024-02-24,0.0,0.17018,3.225,6.725,4.67395833333333,0.17018,0.0,0.0015222,0.0,-3.9099e-05,5.0419,60.48,-18.042,39.596,-14.059,-1000000.0,-2080.3,-1601.8,0.0,0.0,30.388,25.14,7.0976,0.0,-10750.76,0.1223,20.0,-3637.11,0.147,20.0,-2565.69,0.1574,20.0,-1940.12,0.1668,20.0,-1738.76,0.1711,20.0,-1635.46,0.1734,20.0,-1604.3,0.174,20.0,-1602.6,0.1894,20.0,-1602.18,0.2633,20.0
420,2024-02-25,0.0,0.26162,3.05,9.575,5.99791666666667,0.26162,0.0,0.0015176,0.0,-3.9093e-05,5.3036,60.48,-18.04,39.596,-14.059,-1000000.0,-2081.4,-1601.8,0.0,0.0,30.387,25.14,7.0991,0.0,-10764.58,0.1223,20.0,-3642.51,0.147,20.0,-2569.4,0.1573,20.0,-1942.33,0.1668,20.0,-1739.98,0.1711,20.0,-1635.97,0.1733,20.0,-1604.36,0.174,20.0,-1602.6,0.1894,20.0,-1602.18,0.2633,20.0
421,2024-02-26,0.0,0.09398,-15.95,4.475,-6.221875,0.09398,0.0,0.0015131,0.0,-3.9098e-05,5.3975,60.48,-18.039,39.596,-14.059,-1000000.0,-2082.4,-1601.8,0.0,0.0,30.385,25.14,7.1006,0.0,-10778.41,0.1223,20.0,-3647.89,0.1469,20.0,-2573.08,0.1573,20.0,-1944.52,0.1667,20.0,-1741.2,0.1711,20.0,-1636.49,0.1733,20.0,-1604.41,0.174,20.0,-1602.61,0.1894,20.0,-1602.18,0.2633,20.0
422,2024-02-27,0.0,0.0508,-18.425,-8.475,-13.90625,0.0508,0.0,0.0015085,0.0,-3.9109e-05,5.4483,60.48,-18.037,39.596,-14.059,-1000000.0,-2083.5,-1601.8,0.0,0.0,30.384,25.14,7.1021,0.0,-10792.23,0.1223,20.0,-3653.23,0.1469,20.0,-2576.75,0.1573,20.0,-1946.7,0.1667,20.0,-1742.41,0.1711,20.0,-1637.01,0.1733,20.0,-1604.46,0.174,20.0,-1602.61,0.1894,20.0,-1602.18,0.2633,20.0
423,2024-02-28,0.0,0.22352,-9.975,7.75,1.85104166666667,0.22352,0.0,0.001504,0.0,-3.9093e-05,5.6719,60.48,-18.036,39.596,-14.059,-1000000.0,-2084.6,-1601.8,0.0,0.0,30.382,25.14,7.1036,0.0,-10806.07,0.1223,20.0,-3658.56,0.1468,20.0,-2580.39,0.1572,20.0,-1948.86,0.1666,20.0,-1743.62,0.171,20.0,-1637.53,0.1733,20.0,-1604.52,0.174,20.0,-1602.61,0.1894,20.0,-1602.18,0.2633,20.0
424,2024-02-29,0.0646,0.3302,1.35,12.825,7.26354166666667,0.3302,0.0,0.0014995,0.0,-3.9103e-05,6.0021,60.48,-18.034,39.596,-14.059,-1000000.0,-2085.6,-1601.8,0.0,0.0,30.381,25.14,7.1051,0.0,-10819.93,0.1222,20.0,-3663.86,0.1468,20.0,-2584.02,0.1572,20.0,-1951.02,0.1666,20.0,-1744.83,0.171,20.0,-1638.05,0.1733,20.0,-1604.58,0.174,20.0,-1602.62,0.1894,20.0,-1602.18,0.2633,20.0
425,2024-03-01,0.0,0.19558,-2.85,6.6,0.96875,0.19558,0.0,0.001495,0.0,-3.9107e-05,6.1976,60.48,-18.033,39.596,-14.059,-1000000.0,-2086.7,-1601.8,0.0,0.0,30.379,25.14,7.1066,0.0,-10833.81,0.1222,20.0,-3669.13,0.1468,20.0,-2587.62,0.1571,20.0,-1953.16,0.1665,20.0,-1746.04,0.171,20.0,-1638.57,0.1733,20.0,-1604.64,0.174,20.0,-1602.62,0.1894,20.0,-1602.18,0.2633,20.0
426,2024-03-02,0.0,0.04064,-14.575,-2.4,-8.82083333333333,0.04064,0.0,0.0014905,0.0,-3.9103e-05,6.2383,60.48,-18.031,39.596,-14.059,-1000000.0,-2087.8,-1601.8,0.0,0.0,30.378,25.14,7.1081,0.0,-10847.7,0.1222,20.0,-3674.37,0.1467,20.0,-2591.22,0.1571,20.0,-1955.28,0.1665,20.0,-1747.25,0.171,20.0,-1639.1,0.1733,20.0,-1604.7,0.174,20.0,-1602.63,0.1894,20.0,-1602.18,0.2633,20.0
427,2024-03-03,0.0,0.04318,-19.4,-7.625,-14.0395833333333,0.04318,0.0,0.001486,0.0,-3.9103e-05,6.2815,60.48,-18.03,39.596,-14.059,-1000000.0,-2088.8,-1601.8,0.0,0.0,30.376,25.14,7.1096,0.0,-10861.62,0.1222,20.0,-3679.59,0.1467,20.0,-2594.93,0.1571,20.0,-1957.4,0.1665,20.0,-1748.45,0.1709,20.0,-1639.62,0.1733,20.0,-1604.76,0.174,20.0,-1602.63,0.1894,20.0,-1602.18,0.2633,20.0
428,2024-03-04,0.0,0.05334,-19.35,-8.55,-14.5427083333333,0.05334,0.0,0.0014816,0.0,-3.9093e-05,6.3348,60.48,-18.028,39.596,-14.059,-1000000.0,-2089.9,-1601.8,0.0,0.0,30.374,25.14,7.1111,0.0,-10875.55,0.1221,20.0,-3684.79,0.1466,20.0,-2598.58,0.157,20.0,-1959.5,0.1664,20.0,-1749.65,0.1709,20.0,-1640.15,0.1733,20.0,-1604.82,0.174,20.0,-1602.63,0.1894,20.0,-1602.18,0.2633,20.0
429,2024-03-05,0.0068,0.09144,-20.725,2.425,-10.4072916666667,0.09144,0.0,0.0014771,0.0,-3.9103e-05,6.4262,60.48,-18.027,39.596,-14.059,-1000000.0,-2091.0,-1601.8,0.0,0.0,30.373,25.14,7.1126,0.0,-10889.49,0.1221,20.0,-3689.98,0.1466,20.0,-2602.17,0.157,20.0,-1961.6,0.1664,20.0,-1750.85,0.1709,20.0,-1640.68,0.1732,20.0,-1604.88,0.174,20.0,-1602.64,0.1894,20.0,-1602.19,0.2633,20.0
430,2024-03-06,0.0,0.0762,-12.35,-2.275,-8.83020833333333,0.0762,0.0,0.0014727,0.0,-3.9103e-05,6.5024,60.48,-18.026,39.596,-14.059,-1000000.0,-2092.0,-1601.8,0.0,0.0,30.371,25.14,7.114,0.0,-10903.36,0.1221,20.0,-3695.24,0.1465,20.0,-2605.7,0.1569,20.0,-1963.82,0.1663,20.0,-1752.05,0.1709,20.0,-1641.21,0.1732,20.0,-1604.95,0.174,20.0,-1602.64,0.1894,20.0,-1602.19,0.2633,20.0
431,2024-03-07,0.0068,0.11684,-12.275,4.875,-4.01666666666667,0.11684,0.0,0.0014683,0.0,-3.9108e-05,6.6193,60.48,-18.024,39.596,-14.059,-1000000.0,-2093.1,-1601.8,0.0,0.0,30.37,25.14,7.1155,0.0,-10917.06,0.1221,20.0,-3700.59,0.1465,20.0,-2609.18,0.1569,20.0,-1966.15,0.1663,20.0,-1753.24,0.1708,20.0,-1641.74,0.1732,20.0,-1605.01,0.174,20.0,-1602.65,0.1894,20.0,-1602.19,0.2633,20.0
432,2024-03-08,0.0,0.3175,-8.075,11.85,1.52083333333333,0.3175,0.0,0.001464,0.0,-3.9102e-05,6.9368,60.48,-18.023,39.596,-14.059,-1000000.0,-2094.2,-1601.8,0.0,0.0,30.368,25.14,7.117,0.0,-10930.53,0.1221,20.0,-3706.01,0.1465,20.0,-2612.62,0.1569,20.0,-1968.36,0.1663,20.0,-1754.43,0.1708,20.0,-1642.27,0.1732,20.0,-1605.08,0.174,20.0,-1602.66,0.1894,20.0,-1602.19,0.2633,20.0
433,2024-03-09,0.0,0.41656,1.225,14.1,6.75,0.41656,0.0,0.0014597,0.0,-3.9103e-05,7.3533,60.48,-18.021,39.596,-14.059,-1000000.0,-2095.2,-1601.8,0.0,0.0,30.367,25.14,7.1184,0.0,-10943.78,0.122,20.0,-3711.47,0.1464,20.0,-2616.03,0.1568,20.0,-1970.53,0.1662,20.0,-1755.62,0.1708,20.0,-1642.81,0.1732,20.0,-1605.15,0.174,20.0,-1602.66,0.1894,20.0,-1602.19,0.2633,20.0
434,2024-03-10,0.0,0.31242,1.325,12.9,6.64926086956522,0.31242,0.0,0.0014556,0.0,-3.9107e-05,7.6658,60.48,-18.02,39.596,-14.059,-1000000.0,-2096.3,-1601.8,0.0,0.0,30.365,25.14,7.1199,0.0,-10956.79,0.122,20.0,-3716.98,0.1464,20.0,-2619.41,0.1568,20.0,-1972.68,0.1662,20.0,-1756.81,0.1708,20.0,-1643.34,0.1732,20.0,-1605.22,0.174,20.0,-1602.67,0.1894,20.0,-1602.19,0.2633,20.0
435,2024-03-11,0.0,0.2159,1.025,10.2,5.228125,0.2159,0.0,0.0014515,0.0,-3.9102e-05,7.8817,60.48,-18.018,39.596,-14.059,-1000000.0,-2097.3,-1601.8,0.0,0.0,30.364,25.14,7.1213,0.0,-10969.58,0.122,20.0,-3722.5,0.1463,20.0,-2622.76,0.1567,20.0,-1974.8,0.1662,20.0,-1758.0,0.1707,20.0,-1643.88,0.1732,20.0,-1605.29,0.174,20.0,-1602.67,0.1894,20.0,-1602.19,0.2633,20.0
436,2024-03-12,0.0,0.23876,-1.85,12.2,5.45416666666667,0.23876,0.0,0.0014475,0.0,-3.9102e-05,8.1204,60.48,-18.017,39.596,-14.059,-1000000.0,-2098.3,-1601.8,0.0,0.0,30.362,25.14,7.1228,0.0,-10982.19,0.122,20.0,-3728.04,0.1463,20.0,-2626.08,0.1567,20.0,-1976.91,0.1661,20.0,-1759.18,0.1707,20.0,-1644.41,0.1732,20.0,-1605.36,0.174,20.0,-1602.68,0.1894,20.0,-1602.19,0.2633,20.0
437,2024-03-13,0.0,0.13716,-2.375,8.375,2.35729166666667,0.13716,0.0,0.0014435,0.0,-3.9097e-05,8.2576,60.48,-18.015,39.596,-14.059,-1000000.0,-2099.4,-1601.8,0.0,0.0,30.361,25.14,7.1242,0.0,-10994.62,0.1219,20.0,-3733.59,0.1462,20.0,-2629.38,0.1567,20.0,-1979.01,0.1661,20.0,-1760.36,0.1707,20.0,-1644.95,0.1732,20.0,-1605.43,0.174,20.0,-1602.69,0.1894,20.0,-1602.19,0.2633,20.0
438,2024-03-14,0.0,0.13716,-4.35,8.9,1.35104166666667,0.13716,0.0,0.0014397,0.0,-3.9108e-05,8.3947,60.48,-18.014,39.596,-14.059,-1000000.0,-2100.4,-1601.8,0.0,0.0,30.36,25.14,7.1257,0.0,-11006.91,0.1219,20.0,-3739.14,0.1462,20.0,-2632.66,0.1566,20.0,-1981.09,0.1661,20.0,-1761.54,0.1707,20.0,-1645.49,0.1731,20.0,-1605.5,0.174,20.0,-1602.69,0.1894,20.0,-1602.19,0.2633,20.0
439,2024-03-15,0.0,0.22098,-4.525,16.125,5.12604166666667,0.22098,0.0,0.0014359,0.0,-3.9097e-05,8.6157,60.48,-18.012,39.596,-14.059,-1000000.0,-2101.4,-1601.8,0.0,0.0,30.358,25.14,7.1271,0.0,-11019.07,0.1219,20.0,-3744.72,0.1461,20.0,-2635.93,0.1566,20.0,-1983.16,0.166,20.0,-1762.72,0.1706,20.0,-1646.03,0.1731,20.0,-1605.58,0.174,20.0,-1602.7,0.1894,20.0,-1602.19,0.2633,20.0
440,2024-03-16,0.0,0.1651,-3.65,16.375,4.690625,0.1651,0.0,0.0014321,0.0,-3.9097e-05,8.7808,60.48,-18.011,39.596,-14.059,-1000000.0,-2102.4,-1601.8,0.0,0.0,30.357,25.14,7.1285,0.0,-11031.12,0.1219,20.0,-3750.31,0.1461,20.0,-2639.22,0.1566,20.0,-1985.22,0.166,20.0,-1763.89,0.1706,20.0,-1646.58,0.1731,20.0,-1605.65,0.174,20.0,-1602.71,0.1894,20.0,-1602.19,0.2633,20.0
441,2024-03-17,0.0034,0.18288,-4.35,14.925,4.671875,0.18288,0.0,0.0014284,0.0,-3.9102e-05,8.9637,60.48,-18.01,39.596,-14.06,-1000000.0,-2103.4,-1601.8,0.0,0.0,30.355,25.14,7.13,0.0,-11043.08,0.1219,20.0,-3755.89,0.1461,20.0,-2642.52,0.1565,20.0,-1987.27,0.166,20.0,-1765.07,0.1706,20.0,-1647.12,0.1731,20.0,-1605.73,0.174,20.0,-1602.71,0.1894,20.0,-1602.2,0.2633,20.0
442,2024-03-18,0.0,0.2921,2.6,20.15,10.6947916666667,0.2921,0.0,0.0014247,0.0,-3.9097e-05,9.2558,60.48,-18.008,39.596,-14.06,-1000000.0,-2104.4,-1601.8,0.0,0.0,30.354,25.14,7.1314,0.0,-11054.98,0.1219,20.0,-3761.43,0.146,20.0,-2645.83,0.1565,20.0,-1989.31,0.1659,20.0,-1766.24,0.1706,20.0,-1647.66,0.1731,20.0,-1605.81,0.174,20.0,-1602.72,0.1894,20.0,-1602.2,0.2633,20.0
443,2024-03-19,0.0,0.22098,-1.125,14.625,6.62916666666667,0.22098,0.0,0.0014211,0.0,-3.9097e-05,9.4768,60.48,-18.007,39.596,-14.06,-1000000.0,-2105.4,-1601.8,0.0,0.0,30.352,25.14,7.1328,0.0,-11066.81,0.1218,20.0,-3766.93,0.146,20.0,-2649.15,0.1565,20.0,-1991.33,0.1659,20.0,-1767.4,0.1705,20.0,-1648.21,0.1731,20.0,-1605.89,0.174,20.0,-1602.73,0.1894,20.0,-1602.2,0.2633,20.0
444,2024-03-20,0.0,0.06604,-4.0,1.15,-1.53645833333333,0.06604,0.0,0.0014175,0.0,-3.9097e-05,9.5428,60.48,-18.005,39.596,-14.06,-1000000.0,-2106.4,-1601.8,0.0,0.0,30.351,25.14,7.1342,0.0,-11078.6,0.1218,20.0,-3772.39,0.1459,20.0,-2652.46,0.1564,20.0,-1993.35,0.1659,20.0,-1768.57,0.1705,20.0,-1648.75,0.1731,20.0,-1605.97,0.174,20.0,-1602.74,0.1894,20.0,-1602.2,0.2633,20.0
445,2024-03-21,0.0,0.1143,-6.2,4.125,-2.79270833333333,0.1143,0.0,0.001414,0.0,-3.9107e-05,9.6571,60.48,-18.004,39.596,-14.06,-1000000.0,-2107.4,-1601.8,0.0,0.0,30.349,25.14,7.1357,0.0,-11090.36,0.1218,20.0,-3777.81,0.1459,20.0,-2655.77,0.1564,20.0,-1995.36,0.1658,20.0,-1769.74,0.1705,20.0,-1649.3,0.1731,20.0,-1606.05,0.174,20.0,-1602.75,0.1894,20.0,-1602.2,0.2633,20.0
446,2024-03-22,0.0068,0.06858,-7.225,-2.675,-5.24166666666667,0.06858,0.0,0.0014105,0.0,-3.9107e-05,9.7257,60.48,-18.003,39.596,-14.06,-1000000.0,-2108.4,-1601.8,0.0,0.0,30.348,25.14,7.1371,0.0,-11102.09,0.1218,20.0,-3783.19,0.1458,20.0,-2659.07,0.1563,20.0,-1997.36,0.1658,20.0,-1770.9,0.1705,20.0,-1649.85,0.173,20.0,-1606.13,0.174,20.0,-1602.76,0.1894,20.0,-1602.2,0.2633,20.0
447,2024-03-23,0.0,0.0381,-7.325,-4.725,-5.84375,0.0381,0.0,0.001407,0.0,-3.9096e-05,9.7638,60.48,-18.001,39.596,-14.06,-1000000.0,-2109.4,-1601.8,0.0,0.0,30.346,25.14,7.1385,0.0,-11113.79,0.1218,20.0,-3788.52,0.1458,20.0,-2662.36,0.1563,20.0,-1999.42,0.1658,20.0,-1772.06,0.1704,20.0,-1650.4,0.173,20.0,-1606.22,0.174,20.0,-1602.77,0.1894,20.0,-1602.2,0.2633,20.0
448,2024-03-24,0.1939,0.07874,-9.675,-1.6,-6.70833333333333,0.07874,0.0,0.0014035,0.0,-3.9097e-05,9.8425,60.48,-18.0,39.596,-14.06,-1000000.0,-2110.4,-1601.8,0.0,0.0,30.345,25.14,7.1399,0.0,-11125.48,0.1217,20.0,-3793.83,0.1458,20.0,-2665.64,0.1563,20.0,-2001.5,0.1657,20.0,-1773.21,0.1704,20.0,-1650.95,0.173,20.0,-1606.3,0.174,20.0,-1602.77,0.1894,20.0,-1602.2,0.2633,20.0
449,2024-03-25,0.1241,0.11938,-10.475,0.65,-5.609375,0.11938,0.0,0.0014,0.0,-3.9101e-05,9.9619,60.48,-17.998,39.596,-14.06,-1000000.0,-2111.4,-1601.8,0.0,0.0,30.343,25.14,7.1413,0.0,-11137.14,0.1217,20.0,-3799.1,0.1457,20.0,-2668.91,0.1562,20.0,-2003.55,0.1657,20.0,-1774.37,0.1704,20.0,-1651.5,0.173,20.0,-1606.39,0.174,20.0,-1602.78,0.1894,20.0,-1602.21,0.2633,20.0
450,2024-03-26,0.0238,0.1397,-8.45,7.1,-2.5,0.1397,0.0,0.0013966,0.0,-3.9096e-05,10.102,60.48,-17.997,39.596,-14.06,-1000000.0,-2112.4,-1601.8,0.0,0.0,30.342,25.14,7.1427,0.0,-11148.79,0.1217,20.0,-3804.33,0.1457,20.0,-2672.17,0.1562,20.0,-2005.57,0.1657,20.0,-1775.52,0.1704,20.0,-1652.05,0.173,20.0,-1606.47,0.174,20.0,-1602.79,0.1894,20.0,-1602.21,0.2633,20.0
451,2024-03-27,0.0,0.24638,-0.9,9.25,4.10833333333333,0.24638,0.0,0.0013931,0.0,-3.9106e-05,10.348,60.48,-17.996,39.596,-14.06,-1000000.0,-2113.3,-1601.8,0.0,0.0,30.341,25.14,7.1441,0.0,-11160.43,0.1217,20.0,-3809.54,0.1456,20.0,-2675.41,0.1562,20.0,-2007.58,0.1656,20.0,-1776.67,0.1703,20.0,-1652.6,0.173,20.0,-1606.56,0.174,20.0,-1602.8,0.1894,20.0,-1602.21,0.2633,20.0
452,2024-03-28,0.0,0.13208,-0.825,7.6,4.4,0.13208,0.0,0.0013897,0.0,-3.9091e-05,10.48,60.48,-17.994,39.596,-14.06,-1000000.0,-2114.3,-1601.8,0.0,0.0,30.339,25.14,7.1455,0.0,-11172.05,0.1217,20.0,-3814.71,0.1456,20.0,-2678.64,0.1561,20.0,-2009.56,0.1656,20.0,-1777.82,0.1703,20.0,-1653.15,0.173,20.0,-1606.65,0.174,20.0,-1602.81,0.1894,20.0,-1602.21,0.2633,20.0
453,2024-03-29,0.0,0.09398,-2.175,3.4,-0.265625,0.09398,0.0,0.0013863,0.0,-3.9092e-05,10.574,60.48,-17.993,39.596,-14.06,-1000000.0,-2115.3,-1601.8,0.0,0.0,30.338,25.14,7.1469,0.0,-11183.66,0.1216,20.0,-3819.86,0.1455,20.0,-2681.86,0.1561,20.0,-2011.52,0.1656,20.0,-1778.97,0.1703,20.0,-1653.71,0.173,20.0,-1606.74,0.174,20.0,-1602.83,0.1894,20.0,-1602.21,0.2633,20.0
454,2024-03-30,0.0,0.1143,-4.425,4.025,-1.42604166666667,0.1143,0.0,0.001383,0.0,-3.9107e-05,10.688,60.48,-17.991,39.596,-14.06,-1000000.0,-2116.3,-1601.8,0.0,0.0,30.336,25.14,7.1482,0.0,-11195.26,0.1216,20.0,-3824.97,0.1455,20.0,-2685.07,0.1561,20.0,-2013.48,0.1656,20.0,-1780.11,0.1703,20.0,-1654.26,0.173,20.0,-1606.83,0.174,20.0,-1602.84,0.1894,20.0,-1602.21,0.2633,20.0
455,2024-03-31,0.0595,0.04064,-6.175,1.55,-2.26875,0.04064,0.0,0.0013796,0.0,-3.9092e-05,10.729,60.48,-17.99,39.596,-14.06,-1000000.0,-2117.2,-1601.8,0.0,0.0,30.335,25.14,7.1496,0.0,-11206.85,0.1216,20.0,-3830.06,0.1455,20.0,-2688.27,0.156,20.0,-2015.42,0.1655,20.0,-1781.26,0.1702,20.0,-1654.82,0.1729,20.0,-1606.93,0.174,20.0,-1602.85,0.1894,20.0,-1602.22,0.2633,20.0
456,2024-04-01,0.0,0.24892,-4.7,16.05,5.675,0.0,0.24892,1.688e-09,0.0,-3.9101e-05,10.729,60.729,-17.99,39.596,-14.06,-542930.0,-2108.4,-1601.8,0.0,0.0,30.335,25.14,7.1496,0.0,-11190.63,0.1216,20.0,-3835.12,0.1454,20.0,-2691.45,0.156,20.0,-2017.35,0.1655,20.0,-1782.4,0.1702,20.0,-1655.37,0.1729,20.0,-1607.02,0.174,20.0,-1602.86,0.1894,20.0,-1602.22,0.2633,20.0
457,2024-04-02,0.0,0.38354,2.475,23.775,12.5416666666667,0.0,0.38354,-3.6671e-09,0.0,-3.9106e-05,10.729,61.112,-17.99,39.596,-14.06,-385700.0,-2097.2,-1601.8,0.0,0.0,30.335,25.14,7.1496,0.0,-11140.77,0.1217,20.0,-3840.14,0.1454,20.0,-2694.62,0.1559,20.0,-2019.27,0.1655,20.0,-1783.54,0.1702,20.0,-1655.93,0.1729,20.0,-1607.11,0.174,20.0,-1602.87,0.1894,20.0,-1602.22,0.2633,20.0
458,2024-04-03,0.2415,0.33274,5.975,18.15,12.9125,0.0,0.33274,0.0,0.0,-3.9096e-05,10.729,61.445,-17.99,39.596,-14.06,-292790.0,-2085.7,-1601.8,0.0,0.0,30.335,25.14,7.1496,0.0,-11063.6,0.1218,20.0,-3845.12,0.1453,20.0,-2697.79,0.1559,20.0,-2021.18,0.1654,20.0,-1784.68,0.1702,20.0,-1656.48,0.1729,20.0,-1607.21,0.174,20.0,-1602.88,0.1894,20.0,-1602.22,0.2633,20.0
459,2024-04-04,1.6113,0.05334,0.0,6.225,3.659375,0.0,0.05334,2.0955e-09,0.0,-3.9101e-05,10.729,61.499,-17.99,39.596,-14.06,-233580.0,-2074.8,-1601.9,0.0,0.0,30.335,25.14,7.1496,0.0,-10967.22,0.122,20.0,-3850.02,0.1453,20.0,-2700.98,0.1559,20.0,-2023.08,0.1654,20.0,-1785.81,0.1701,20.0,-1657.04,0.1729,20.0,-1607.31,0.174,20.0,-1602.9,0.1894,20.0,-1602.22,0.2633,20.0
460,2024-04-05,0.2193,0.04064,-0.2,2.925,0.844791666666667,0.0,0.04064,-2.4447e-09,0.0,-3.9105e-05,10.729,61.539,-17.99,39.596,-14.06,-192510.0,-2064.7,-1601.9,0.0,0.0,30.335,25.14,7.1496,0.0,-10858.28,0.1222,20.0,-3854.83,0.1453,20.0,-2704.18,0.1558,20.0,-2024.97,0.1654,20.0,-1786.95,0.1701,20.0,-1657.6,0.1729,20.0,-1607.41,0.174,20.0,-1602.91,0.1894,20.0,-1602.22,0.2633,20.0
461,2024-04-06,0.5678,0.05334,-1.45,1.45,0.084375,0.0,0.05334,2.3865e-09,0.0,-3.9101e-05,10.729,61.592,-17.99,39.596,-14.06,-162330.0,-2055.3,-1601.9,0.0,0.0,30.335,25.14,7.1496,0.0,-10741.62,0.1224,20.0,-3859.53,0.1452,20.0,-2707.35,0.1558,20.0,-2026.85,0.1653,20.0,-1788.08,0.1701,20.0,-1658.16,0.1729,20.0,-1607.51,0.174,20.0,-1602.92,0.1894,20.0,-1602.23,0.2633,20.0
462,2024-04-07,0.7909,0.09906,-0.375,6.275,2.84166666666667,0.0,0.09906,-3.4925e-10,0.0,-3.9095e-05,10.729,61.692,-17.99,39.596,-14.06,-139220.0,-2046.7,-1601.9,0.0,0.0,30.335,25.14,7.1496,0.0,-10620.64,0.1226,20.0,-3864.07,0.1452,20.0,-2710.5,0.1558,20.0,-2028.72,0.1653,20.0,-1789.21,0.1701,20.0,-1658.72,0.1729,20.0,-1607.61,0.174,20.0,-1602.94,0.1894,20.0,-1602.23,0.2633,20.0
463,2024-04-08,0.0,0.25654,-1.0,11.95,5.259375,0.0,0.25654,-2.0664e-09,0.0,-3.9101e-05,10.729,61.948,-17.99,39.596,-14.06,-120990.0,-2038.8,-1601.9,0.0,0.0,30.335,25.14,7.1496,0.0,-10497.66,0.1228,20.0,-3868.45,0.1452,20.0,-2713.62,0.1557,20.0,-2030.59,0.1653,20.0,-1790.33,0.17,20.0,-1659.28,0.1728,20.0,-1607.71,0.174,20.0,-1602.95,0.1894,20.0,-1602.23,0.2633,20.0
464,2024-04-09,0.0051,0.36322,4.225,15.375,8.84270833333333,0.0,0.36322,1.95e-09,0.0,-3.9106e-05,10.729,62.311,-17.99,39.596,-14.06,-106290.0,-2031.4,-1601.9,0.0,0.0,30.335,25.14,7.1496,0.0,-10374.3,0.123,20.0,-3872.64,0.1451,20.0,-2716.7,0.1557,20.0,-2032.45,0.1653,20.0,-1791.46,0.17,20.0,-1659.84,0.1728,20.0,-1607.81,0.1739,20.0,-1602.96,0.1894,20.0,-1602.23,0.2633,20.0
465,2024-04-10,0.0085,0.2286,-0.65,12.075,5.19375,0.0,0.2286,2.4738e-09,0.0,-3.9105e-05,10.729,62.54,-17.99,39.596,-14.06,-94204.0,-2024.5,-1601.9,0.0,0.0,30.334,25.14,7.1496,0.0,-10251.64,0.1232,20.0,-3876.62,0.1451,20.0,-2719.77,0.1557,20.0,-2034.34,0.1652,20.0,-1792.58,0.17,20.0,-1660.4,0.1728,20.0,-1607.91,0.1739,20.0,-1602.98,0.1894,20.0,-1602.23,0.2633,20.0
466,2024-04-11,0.0,0.30734,-2.4,16.925,7.57708333333333,0.0,0.30734,3.0559e-09,0.0,-3.9105e-05,10.729,62.847,-17.99,39.596,-14.061,-84128.0,-2018.2,-1601.9,0.0,0.0,30.334,25.14,7.1496,0.0,-10130.42,0.1234,20.0,-3880.39,0.1451,20.0,-2722.8,0.1556,20.0,-2036.25,0.1652,20.0,-1793.7,0.17,20.0,-1660.96,0.1728,20.0,-1608.02,0.1739,20.0,-1602.99,0.1894,20.0,-1602.24,0.2633,20.0
467,2024-04-12,0.0,0.3048,1.7,22.475,11.86875,0.0,0.3048,-1.1059e-09,0.0,-3.9095e-05,10.729,63.152,-17.99,39.596,-14.061,-75623.0,-2012.2,-1601.9,0.0,0.0,30.334,25.14,7.1496,0.0,-10011.13,0.1236,20.0,-3883.93,0.145,20.0,-2725.81,0.1556,20.0,-2038.14,0.1652,20.0,-1794.81,0.1699,20.0,-1661.52,0.1728,20.0,-1608.12,0.1739,20.0,-1603.01,0.1894,20.0,-1602.24,0.2633,20.0
468,2024-04-13,0.0,0.381,7.675,22.875,14.7541666666667,0.0,0.381,8.1491e-10,0.0,-3.91e-05,10.729,63.533,-17.99,39.596,-14.061,-68362.0,-2006.7,-1601.9,0.0,0.0,30.334,25.14,7.1496,0.0,-9909.33,0.1239,20.0,-3887.25,0.145,20.0,-2728.79,0.1556,20.0,-2040.02,0.1651,20.0,-1795.93,0.1699,20.0,-1662.08,0.1728,20.0,-1608.23,0.1739,20.0,-1603.02,0.1894,20.0,-1602.24,0.2633,20.0
469,2024-04-14,0.0901,0.30988,3.5,23.4,13.3427083333333,0.0,0.30988,1.0768e-09,0.0,-3.9106e-05,10.729,63.843,-17.99,39.596,-14.061,-62103.0,-2001.5,-1601.9,0.0,0.0,30.334,25.14,7.1496,0.0,-9809.7,0.1241,20.0,-3890.35,0.145,20.0,-2731.74,0.1555,20.0,-2041.89,0.1651,20.0,-1797.05,0.1699,20.0,-1662.64,0.1728,20.0,-1608.34,0.1739,20.0,-1603.04,0.1894,20.0,-1602.24,0.2633,20.0
470,2024-04-15,0.0,0.2921,5.65,21.35,12.6125,0.0,0.2921,2.2119e-09,0.0,-3.91e-05,10.729,64.135,-17.99,39.596,-14.061,-56661.0,-1996.6,-1601.9,0.0,0.0,30.334,25.14,7.1496,0.0,-9710.5,0.1243,20.0,-3893.23,0.145,20.0,-2734.67,0.1555,20.0,-2043.75,0.1651,20.0,-1798.16,0.1699,20.0,-1663.2,0.1728,20.0,-1608.45,0.1739,20.0,-1603.06,0.1894,20.0,-1602.25,0.2633,20.0
471,2024-04-16,0.0,0.26162,-3.375,13.25,5.696875,0.0,0.26162,2.2992e-09,0.0,-3.91e-05,10.729,64.397,-17.99,39.596,-14.061,-51899.0,-1991.9,-1601.9,0.0,0.0,30.334,25.14,7.1496,0.0,-9611.65,0.1245,20.0,-3895.9,0.1449,20.0,-2737.56,0.1555,20.0,-2045.6,0.1651,20.0,-1799.27,0.1698,20.0,-1663.77,0.1727,20.0,-1608.56,0.1739,20.0,-1603.07,0.1894,20.0,-1602.25,0.2633,20.0
472,2024-04-17,0.0102,0.11938,-6.675,1.025,-1.67708333333333,0.0,0.11938,-7.858e-10,0.0,-3.9105e-05,10.729,64.516,-17.99,39.596,-14.061,-47708.0,-1987.6,-1601.9,0.0,0.0,30.334,25.14,7.1496,0.0,-9513.18,0.1247,20.0,-3898.38,0.1449,20.0,-2740.43,0.1554,20.0,-2047.43,0.165,20.0,-1800.38,0.1698,20.0,-1664.33,0.1727,20.0,-1608.67,0.1739,20.0,-1603.09,0.1894,20.0,-1602.25,0.2633,20.0
473,2024-04-18,0.0,0.1397,-8.675,3.975,-1.83020833333333,0.0,0.1397,2.7067e-09,0.0,-3.909e-05,10.729,64.656,-17.99,39.596,-14.061,-44000.0,-1983.4,-1601.9,0.0,0.0,30.334,25.14,7.1496,0.0,-9415.15,0.1249,20.0,-3900.67,0.1449,20.0,-2743.27,0.1554,20.0,-2049.26,0.165,20.0,-1801.49,0.1698,20.0,-1664.89,0.1727,20.0,-1608.78,0.1739,20.0,-1603.11,0.1894,20.0,-1602.25,0.2633,20.0
474,2024-04-19,0.0,0.10414,-11.625,1.4,-3.765625,0.0,0.10414,3.6962e-09,0.0,-3.9095e-05,10.729,64.76,-17.99,39.596,-14.061,-40706.0,-1979.5,-1601.9,0.0,0.0,30.334,25.14,7.1496,0.0,-9317.6,0.1251,20.0,-3902.78,0.1449,20.0,-2746.08,0.1554,20.0,-2051.08,0.165,20.0,-1802.6,0.1698,20.0,-1665.46,0.1727,20.0,-1608.89,0.1739,20.0,-1603.12,0.1894,20.0,-1602.26,0.2633,20.0
475,2024-04-20,0.0,0.23622,-11.75,9.7,-0.378125,0.0,0.23622,2.4156e-09,0.0,-3.909e-05,10.729,64.996,-17.99,39.596,-14.061,-37768.0,-1975.8,-1601.9,0.0,0.0,30.334,25.14,7.1496,0.0,-9220.63,0.1254,20.0,-3904.71,0.1449,20.0,-2748.86,0.1553,20.0,-2052.89,0.1649,20.0,-1803.7,0.1697,20.0,-1666.02,0.1727,20.0,-1609.01,0.1739,20.0,-1603.14,0.1894,20.0,-1602.26,0.2633,20.0
476,2024-04-21,0.0,0.43434,-0.725,17.125,8.09166666666667,0.0,0.43434,1.3388e-09,0.0,-3.91e-05,10.729,65.43,-17.99,39.596,-14.061,-35137.0,-1972.2,-1601.9,0.0,0.0,30.334,25.14,7.1496,0.0,-9124.29,0.1256,20.0,-3906.47,0.1448,20.0,-2751.61,0.1553,20.0,-2054.69,0.1649,20.0,-1804.81,0.1697,20.0,-1666.58,0.1727,20.0,-1609.12,0.1739,20.0,-1603.16,0.1894,20.0,-1602.26,0.2633,20.0
477,2024-04-22,0.0,0.35052,0.575,15.9,7.528125,0.0,0.35052,2.0373e-10,0.0,-3.9095e-05,10.729,65.781,-17.99,39.596,-14.061,-32775.0,-1968.8,-1601.9,0.0,0.0,30.334,25.14,7.1496,0.0,-9028.69,0.1258,20.0,-3908.05,0.1448,20.0,-2754.33,0.1553,20.0,-2056.48,0.1649,20.0,-1805.91,0.1697,20.0,-1667.15,0.1727,20.0,-1609.24,0.1739,20.0,-1603.18,0.1894,20.0,-1602.26,0.2633,20.0
478,2024-04-23,0.0,0.32512,-3.2,16.0,7.665625,0.0,0.32512,-3.4051e-09,0.0,-3.9094e-05,10.729,66.106,-17.99,39.596,-14.061,-30647.0,-1965.6,-1601.9,0.0,0.0,30.334,25.14,7.1496,0.0,-8933.88,0.126,20.0,-3909.45,0.1448,20.0,-2757.02,0.1552,20.0,-2058.26,0.1649,20.0,-1807.01,0.1697,20.0,-1667.71,0.1727,20.0,-1609.36,0.1739,20.0,-1603.2,0.1894,20.0,-1602.27,0.2633,20.0
479,2024-04-24,0.0,0.44704,0.75,22.975,13.1,0.0,0.44704,8.7311e-10,0.0,-3.91e-05,10.729,66.553,-17.99,39.596,-14.061,-28724.0,-1962.6,-1601.9,0.0,0.0,30.334,25.14,7.1496,0.0,-8839.93,0.1262,20.0,-3910.68,0.1448,20.0,-2759.68,0.1552,20.0,-2060.04,0.1648,20.0,-1808.11,0.1697,20.0,-1668.28,0.1727,20.0,-1609.47,0.1739,20.0,-1603.22,0.1894,20.0,-1602.27,0.2633,20.0
480,2024-04-25,0.0,0.27432,1.325,18.175,12.0291666666667,0.0,0.27432,-3.3178e-09,0.0,-3.909e-05,10.729,66.827,-17.99,39.596,-14.061,-26982.0,-1959.6,-1601.9,0.0,0.0,30.334,25.14,7.1496,0.0,-8746.93,0.1264,20.0,-3911.72,0.1448,20.0,-2762.3,0.1552,20.0,-2061.81,0.1648,20.0,-1809.2,0.1696,20.0,-1668.84,0.1726,20.0,-1609.59,0.1739,20.0,-1603.24,0.1894,20.0,-1602.27,0.2633,20.0
481,2024-04-26,0.0,0.254,-1.7,14.925,7.89166666666667,0.0,0.254,3.638e-09,0.0,-3.91e-05,10.729,67.081,-17.99,39.596,-14.061,-25400.0,-1956.8,-1601.9,0.0,0.0,30.334,25.14,7.1496,0.0,-8654.92,0.1266,20.0,-3912.58,0.1448,20.0,-2764.89,0.1552,20.0,-2063.57,0.1648,20.0,-1810.29,0.1696,20.0,-1669.41,0.1726,20.0,-1609.71,0.1739,20.0,-1603.26,0.1894,20.0,-1602.28,0.2633,20.0
482,2024-04-27,0.5938,0.12954,3.95,8.65,5.98020833333333,0.0,0.12954,1.2806e-09,0.0,-3.91e-05,10.729,67.211,-17.99,39.596,-14.061,-23960.0,-1954.1,-1601.9,0.0,0.0,30.334,25.14,7.1496,0.0,-8563.96,0.1268,20.0,-3913.26,0.1448,20.0,-2767.46,0.1551,20.0,-2065.32,0.1647,20.0,-1811.38,0.1696,20.0,-1669.97,0.1726,20.0,-1609.84,0.1739,20.0,-1603.28,0.1894,20.0,-1602.28,0.2633,20.0
483,2024-04-28,0.0034,0.35306,4.075,15.6,9.42604166666667,0.0,0.35306,-2.241e-09,0.0,-3.9095e-05,10.729,67.564,-17.99,39.596,-14.061,-22647.0,-1951.6,-1601.9,0.0,0.0,30.334,25.14,7.1496,0.0,-8474.04,0.127,20.0,-3913.75,0.1448,20.0,-2769.99,0.1551,20.0,-2067.07,0.1647,20.0,-1812.47,0.1696,20.0,-1670.54,0.1726,20.0,-1609.96,0.1739,20.0,-1603.3,0.1894,20.0,-1602.28,0.2633,20.0
484,2024-04-29,0.0,0.32004,2.575,13.0,7.91770833333333,0.0,0.32004,-1.9209e-09,0.0,-3.9094e-05,10.729,67.884,-17.99,39.596,-14.061,-21446.0,-1949.1,-1601.9,0.0,0.0,30.334,25.14,7.1496,0.0,-8384.57,0.1272,20.0,-3914.08,0.1448,20.0,-2772.48,0.1551,20.0,-2068.83,0.1647,20.0,-1813.56,0.1695,20.0,-1671.1,0.1726,20.0,-1610.08,0.1739,20.0,-1603.32,0.1894,20.0,-1602.29,0.2633,20.0
485,2024-04-30,0.0,0.29464,-2.9,12.2,4.46041666666667,0.0,0.29464,-5.2387e-10,0.0,-3.9099e-05,10.729,68.179,-17.99,39.596,-14.061,-20347.0,-1946.8,-1601.9,0.0,0.0,30.334,25.14,7.1496,0.0,-8295.32,0.1274,20.0,-3914.26,0.1448,20.0,-2774.95,0.155,20.0,-2070.59,0.1647,20.0,-1814.64,0.1695,20.0,-1671.67,0.1726,20.0,-1610.2,0.1739,20.0,-1603.34,0.1894,20.0,-1602.29,0.2633,20.0
486,2024-05-01,0.1156,0.19558,-5.575,8.2,2.05,0.0,0.19558,3.376e-09,0.0,-3.9089e-05,10.729,68.374,-17.99,39.596,-14.061,-19338.0,-5558.9,-1601.9,0.0,0.0,30.334,25.14,7.1496,0.0,-8206.47,0.1275,20.0,-3914.34,0.1448,20.0,-2777.38,0.155,20.0,-2072.35,0.1646,20.0,-1815.72,0.1695,20.0,-1672.23,0.1726,20.0,-1610.33,0.1739,20.0,-1603.37,0.1894,20.0,-1602.3,0.2633,20.0
487,2024-05-02,0.4098,0.13208,-0.425,5.45,1.63333333333333,0.0,0.13208,-3.3178e-09,0.0,-3.9094e-05,10.729,68.506,-17.99,39.596,-14.061,-18412.0,-5515.8,-1601.9,0.0,0.0,30.334,25.14,7.1496,0.0,-8118.18,0.1277,20.0,-3914.32,0.1448,20.0,-2779.78,0.155,20.0,-2074.09,0.1646,20.0,-1816.81,0.1695,20.0,-1672.8,0.1726,20.0,-1610.46,0.1739,20.0,-1603.39,0.1894,20.0,-1602.3,0.2633,20.0
488,2024-05-03,0.0119,0.19558,-1.4,9.775,3.46041666666667,0.0,0.19558,7.858e-10,0.0,-3.9094e-05,10.729,68.702,-17.99,39.596,-14.061,-17558.0,-5473.8,-1601.9,0.0,0.0,30.334,25.14,7.1496,0.0,-8030.61,0.1279,20.0,-3914.21,0.1448,20.0,-2782.14,0.155,20.0,-2075.83,0.1646,20.0,-1817.89,0.1694,20.0,-1673.37,0.1725,20.0,-1610.58,0.1739,20.0,-1603.41,0.1894,20.0,-1602.3,0.2633,20.0
489,2024-05-04,0.0,0.32766,-3.95,15.875,7.5375,0.0,0.32766,1.8044e-09,0.0,-3.9099e-05,10.729,69.03,-17.99,39.596,-14.061,-16772.0,-5432.8,-1601.9,0.0,0.0,30.334,25.14,7.1496,0.0,-7943.89,0.1281,20.0,-3914.0,0.1448,20.0,-2784.48,0.1549,20.0,-2077.55,0.1646,20.0,-1818.97,0.1694,20.0,-1673.93,0.1725,20.0,-1610.71,0.1739,20.0,-1603.43,0.1894,20.0,-1602.31,0.2633,20.0
490,2024-05-05,0.0,0.22606,4.325,15.525,9.046875,0.0,0.22606,5.8208e-10,0.0,-3.9099e-05,10.729,69.256,-17.99,39.596,-14.061,-16045.0,-5394.8,-1601.9,0.0,0.0,30.334,25.14,7.1496,0.0,-7875.45,0.1283,20.0,-3913.7,0.1448,20.0,-2786.78,0.1549,20.0,-2079.26,0.1645,20.0,-1820.05,0.1694,20.0,-1674.5,0.1725,20.0,-1610.84,0.1739,20.0,-1603.46,0.1894,20.0,-1602.31,0.2633,20.0
491,2024-05-06,0.0,0.30226,4.3,16.0,9.90520833333333,0.0,0.30226,-1.0477e-09,0.0,-3.9094e-05,10.729,69.558,-17.99,39.596,-14.061,-15372.0,-5358.0,-1601.9,0.0,0.0,30.333,25.14,7.1496,0.0,-7809.95,0.1285,20.0,-3913.3,0.1448,20.0,-2789.05,0.1549,20.0,-2080.97,0.1645,20.0,-1821.13,0.1694,20.0,-1675.07,0.1725,20.0,-1610.97,0.1739,20.0,-1603.48,0.1894,20.0,-1602.32,0.2633,20.0
492,2024-05-07,1.4485,0.12954,0.85,8.225,5.53229166666667,0.0,0.12954,1.7753e-09,0.0,-3.9099e-05,10.729,69.688,-17.99,39.596,-14.062,-14749.0,-5321.8,-1601.9,0.0,0.0,30.333,25.14,7.1496,0.0,-7743.66,0.1287,20.0,-3912.81,0.1448,20.0,-2791.28,0.1549,20.0,-2082.66,0.1645,20.0,-1822.21,0.1694,20.0,-1675.63,0.1725,20.0,-1611.1,0.1739,20.0,-1603.51,0.1894,20.0,-1602.32,0.2633,20.0
493,2024-05-08,1.0762,0.04572,0.1,4.125,1.85866666666667,0.0,0.04572,-1.4843e-09,0.0,-3.9099e-05,10.729,69.733,-17.99,39.596,-14.062,-14169.0,-5286.4,-1601.9,0.0,0.0,30.333,25.14,7.1496,0.0,-7676.73,0.1289,20.0,-3912.24,0.1448,20.0,-2793.49,0.1548,20.0,-2084.35,0.1645,20.0,-1823.28,0.1693,20.0,-1676.2,0.1725,20.0,-1611.23,0.1739,20.0,-1603.53,0.1894,20.0,-1602.32,0.2633,20.0
494,2024-05-09,0.1497,0.2667,3.95,17.55,9.71458333333333,0.0,0.2667,2.9977e-09,0.0,-3.9099e-05,10.729,70.0,-17.99,39.596,-14.062,-13630.0,-5251.7,-1601.9,0.0,0.0,30.333,25.14,7.1496,0.0,-7609.39,0.1291,20.0,-3911.58,0.1448,20.0,-2795.69,0.1548,20.0,-2086.02,0.1644,20.0,-1824.36,0.1693,20.0,-1676.77,0.1725,20.0,-1611.37,0.1739,20.0,-1603.56,0.1894,20.0,-1602.33,0.2633,20.0
495,2024-05-10,0.0034,0.39878,1.6,21.575,12.615625,0.0,0.39878,2.4447e-09,0.0,-3.9094e-05,10.729,70.399,-17.99,39.596,-14.062,-13128.0,-5217.6,-1601.9,0.0,0.0,30.333,25.14,7.1496,0.0,-7541.82,0.1293,20.0,-3910.85,0.1448,20.0,-2797.86,0.1548,20.0,-2087.69,0.1644,20.0,-1825.43,0.1693,20.0,-1677.33,0.1725,20.0,-1611.5,0.1739,20.0,-1603.58,0.1894,20.0,-1602.33,0.2633,20.0
496,2024-05-11,0.0,0.42926,6.8,26.0,17.175,0.0,0.42926,1.4843e-09,0.0,-3.9094e-05,10.729,70.828,-17.99,39.596,-14.062,-12660.0,-5184.9,-1601.9,0.0,0.0,30.333,25.14,7.1496,0.0,-7474.53,0.1295,20.0,-3910.05,0.1448,20.0,-2800.01,0.1548,20.0,-2089.34,0.1644,20.0,-1826.5,0.1693,20.0,-1677.9,0.1724,20.0,-1611.64,0.1739,20.0,-1603.61,0.1894,20.0,-1602.34,0.2633,20.0
497,2024-05-12,0.0,0.42418,5.625,25.6,15.7104166666667,0.0,0.42418,2.3574e-09,0.0,-3.9094e-05,10.729,71.252,-17.99,39.596,-14.062,-12222.0,-5154.9,-1601.9,0.0,0.0,30.333,25.14,7.1496,0.0,-7409.53,0.1297,20.0,-3909.18,0.1448,20.0,-2802.13,0.1547,20.0,-2091.0,0.1644,20.0,-1827.57,0.1692,20.0,-1678.47,0.1724,20.0,-1611.77,0.1739,20.0,-1603.63,0.1894,20.0,-1602.34,0.2633,20.0
498,2024-05-13,0.0391,0.381,7.9,24.775,15.6208333333333,0.0,0.381,9.0222e-10,0.0,-3.9099e-05,10.729,71.633,-17.99,39.596,-14.062,-11812.0,-5125.2,-1601.9,0.0,0.0,30.333,25.14,7.1496,0.0,-7346.16,0.1299,20.0,-3908.3,0.1448,20.0,-2804.21,0.1547,20.0,-2092.64,0.1643,20.0,-1828.63,0.1692,20.0,-1679.03,0.1724,20.0,-1611.91,0.1739,20.0,-1603.66,0.1894,20.0,-1602.35,0.2633,20.0
499,2024-05-14,0.1395,0.21844,7.225,16.45,11.0875,0.0,0.21844,1.9209e-09,0.0,-3.9098e-05,10.729,71.852,-17.99,39.596,-14.062,-11429.0,-5095.5,-1601.9,0.0,0.0,30.333,25.14,7.1496,0.0,-7283.5,0.1301,20.0,-3907.43,0.1448,20.0,-2806.26,0.1547,20.0,-2094.28,0.1643,20.0,-1829.69,0.1692,20.0,-1679.6,0.1724,20.0,-1612.05,0.1739,20.0,-1603.69,0.1894,20.0,-1602.35,0.2633,20.0
500,2024-05-15,0.0,0.35814,7.6,21.575,14.1708333333333,0.0,0.35814,8.4401e-10,0.0,-3.9098e-05,10.729,72.21,-17.99,39.596,-14.062,-11071.0,-5065.7,-1601.9,0.0,0.0,30.333,25.14,7.1496,0.0,-7220.82,0.1303,20.0,-3906.58,0.1448,20.0,-2808.28,0.1547,20.0,-2095.91,0.1643,20.0,-1830.75,0.1692,20.0,-1680.17,0.1724,20.0,-1612.18,0.1739,20.0,-1603.72,0.1894,20.0,-1602.36,0.2633,20.0
501,2024-05-16,0.0,0.48006,9.725,23.3,16.353125,0.0,0.48006,-2.3283e-10,0.0,-3.9094e-05,10.729,72.69,-17.99,39.596,-14.062,-10737.0,-5036.0,-1601.9,0.0,0.0,30.333,25.14,7.1496,0.0,-7157.63,0.1305,20.0,-3905.74,0.1449,20.0,-2810.27,0.1547,20.0,-2097.54,0.1643,20.0,-1831.81,0.1691,20.0,-1680.73,0.1724,20.0,-1612.32,0.1739,20.0,-1603.74,0.1894,20.0,-1602.36,0.2633,20.0
502,2024-05-17,0.1243,0.36068,1.95,15.95,10.1802083333333,0.0,0.36068,-2.3283e-10,0.0,-3.9093e-05,10.729,73.05,-17.99,39.596,-14.062,-10424.0,-5006.3,-1601.9,0.0,0.0,30.333,25.14,7.1496,0.0,-7093.64,0.1307,20.0,-3904.87,0.1449,20.0,-2812.22,0.1546,20.0,-2099.16,0.1642,20.0,-1832.87,0.1691,20.0,-1681.3,0.1724,20.0,-1612.46,0.1738,20.0,-1603.77,0.1894,20.0,-1602.37,0.2633,20.0
503,2024-05-18,0.0,0.35306,0.0,15.525,8.0875,0.0,0.35306,-1.6589e-09,0.0,-3.9102e-05,10.729,73.404,-17.99,39.596,-14.062,-10131.0,-4976.6,-1601.9,0.0,0.0,30.333,25.14,7.1496,0.0,-7028.66,0.1309,20.0,-3903.97,0.1449,20.0,-2814.14,0.1546,20.0,-2100.78,0.1642,20.0,-1833.92,0.1691,20.0,-1681.87,0.1724,20.0,-1612.6,0.1738,20.0,-1603.8,0.1894,20.0,-1602.37,0.2633,20.0
504,2024-05-19,0.1803,0.24892,2.325,13.25,7.271875,0.0,0.24892,2.8813e-09,0.0,-3.9098e-05,10.729,73.652,-17.99,39.596,-14.062,-9876.1,-4947.3,-1601.9,0.0,0.0,30.333,25.14,7.1496,0.0,-6962.72,0.1311,20.0,-3903.02,0.1449,20.0,-2816.03,0.1546,20.0,-2102.4,0.1642,20.0,-1834.97,0.1691,20.0,-1682.43,0.1723,20.0,-1612.75,0.1738,20.0,-1603.83,0.1894,20.0,-1602.38,0.2633,20.0
505,2024-05-20,0.0051,0.29718,-1.125,15.275,6.74583333333333,0.0,0.29718,-7.567e-10,0.0,-3.9093e-05,10.729,73.95,-17.99,39.596,-14.062,-9637.4,-4918.4,-1601.9,0.0,0.0,30.333,25.14,7.1496,0.0,-6896.06,0.1313,20.0,-3902.01,0.1449,20.0,-2817.89,0.1546,20.0,-2104.02,0.1642,20.0,-1836.02,0.1691,20.0,-1683.0,0.1723,20.0,-1612.89,0.1738,20.0,-1603.86,0.1894,20.0,-1602.38,0.2633,20.0
506,2024-05-21,0.0085,0.28956,-1.2,16.0,8.71770833333333,0.0,0.28956,-3.8999e-09,0.0,-3.9093e-05,10.729,74.239,-17.99,39.596,-14.062,-9402.5,-4889.8,-1601.9,0.0,0.0,30.333,25.14,7.1496,0.0,-6828.84,0.1315,20.0,-3900.91,0.1449,20.0,-2819.73,0.1545,20.0,-2105.63,0.1641,20.0,-1837.08,0.169,20.0,-1683.56,0.1723,20.0,-1613.03,0.1738,20.0,-1603.89,0.1894,20.0,-1602.39,0.2633,20.0
507,2024-05-22,0.7844,0.23368,6.175,14.175,9.075,0.0,0.23368,-1.8626e-09,0.0,-3.9097e-05,10.729,74.473,-17.99,39.596,-14.062,-9172.6,-4861.5,-1601.9,0.0,0.0,30.333,25.14,7.1496,0.0,-6761.17,0.1317,20.0,-3899.72,0.1449,20.0,-2821.57,0.1545,20.0,-2107.24,0.1641,20.0,-1838.13,0.169,20.0,-1684.13,0.1723,20.0,-1613.18,0.1738,20.0,-1603.92,0.1894,20.0,-1602.39,0.2633,20.0
508,2024-05-23,0.3556,0.25654,3.85,12.85,8.15520833333333,0.0,0.25654,-7.0868e-09,0.0,-3.9098e-05,10.729,74.729,-17.99,39.596,-14.062,-8949.2,-4833.2,-1601.9,0.0,0.0,30.333,25.14,7.1496,0.0,-6693.06,0.1319,20.0,-3898.42,0.1449,20.0,-2823.41,0.1545,20.0,-2108.84,0.1641,20.0,-1839.18,0.169,20.0,-1684.7,0.1723,20.0,-1613.32,0.1738,20.0,-1603.95,0.1894,20.0,-1602.4,0.2633,20.0
509,2024-05-24,0.0,0.39878,4.65,17.3,10.7052083333333,0.0,0.39878,-2.3283e-09,0.0,-3.9088e-05,10.729,75.128,-17.99,39.596,-14.062,-8734.6,-4806.5,-1601.9,0.0,0.0,30.333,25.14,7.1496,0.0,-6625.59,0.1321,20.0,-3897.01,0.1449,20.0,-2825.23,0.1545,20.0,-2110.43,0.1641,20.0,-1840.23,0.169,20.0,-1685.26,0.1723,20.0,-1613.47,0.1738,20.0,-1603.98,0.1894,20.0,-1602.4,0.2633,20.0
510,2024-05-25,0.0,0.31496,1.35,18.525,9.8625,0.0,0.31496,-2.9831e-09,0.0,-3.9098e-05,10.729,75.443,-17.99,39.596,-14.062,-8531.9,-4782.2,-1601.9,0.0,0.0,30.333,25.14,7.1496,0.0,-6561.9,0.1323,20.0,-3895.46,0.1449,20.0,-2827.04,0.1545,20.0,-2112.01,0.164,20.0,-1841.28,0.1689,20.0,-1685.83,0.1723,20.0,-1613.62,0.1738,20.0,-1604.02,0.1894,20.0,-1602.41,0.2633,20.0
511,2024-05-26,0.0,0.42164,4.45,18.125,10.9333333333333,0.0,0.42164,1.0768e-09,0.0,-3.9098e-05,10.729,75.865,-17.99,39.596,-14.062,-8340.8,-4757.9,-1601.9,0.0,0.0,30.333,25.14,7.1496,0.0,-6501.01,0.1324,20.0,-3893.77,0.1449,20.0,-2828.82,0.1544,20.0,-2113.58,0.164,20.0,-1842.32,0.1689,20.0,-1686.39,0.1723,20.0,-1613.77,0.1738,20.0,-1604.05,0.1894,20.0,-1602.42,0.2633,20.0
512,2024-05-27,0.0,0.41148,3.15,22.95,13.8697916666667,0.0,0.41148,2.0373e-10,0.0,-3.9098e-05,10.729,76.276,-17.99,39.596,-14.062,-8160.1,-4733.4,-1601.9,0.0,0.0,30.333,25.14,7.1496,0.0,-6441.65,0.1326,20.0,-3891.91,0.145,20.0,-2830.58,0.1544,20.0,-2115.15,0.164,20.0,-1843.37,0.1689,20.0,-1686.96,0.1723,20.0,-1613.92,0.1738,20.0,-1604.08,0.1894,20.0,-1602.42,0.2633,20.0
513,2024-05-28,0.0885,0.4699,2.975,27.05,15.3177083333333,0.0,0.4699,-4.773e-09,0.0,-3.9103e-05,10.729,76.746,-17.99,39.596,-14.062,-7989.0,-4708.8,-1601.9,0.0,0.0,30.333,25.14,7.1496,0.0,-6383.0,0.1328,20.0,-3889.89,0.145,20.0,-2832.31,0.1544,20.0,-2116.7,0.164,20.0,-1844.41,0.1689,20.0,-1687.53,0.1722,20.0,-1614.06,0.1738,20.0,-1604.11,0.1894,20.0,-1602.43,0.2633,20.0
514,2024-05-29,0.2349,0.41148,7.775,18.825,13.6041666666667,0.0,0.41148,7.567e-10,0.0,-3.9093e-05,10.729,77.158,-17.99,39.596,-14.062,-7851.8,-4684.3,-1601.9,0.0,0.0,30.333,25.14,7.1496,0.0,-6324.69,0.133,20.0,-3887.7,0.145,20.0,-2834.02,0.1544,20.0,-2118.25,0.1639,20.0,-1845.45,0.1689,20.0,-1688.09,0.1722,20.0,-1614.22,0.1738,20.0,-1604.15,0.1894,20.0,-1602.44,0.2633,20.0
515,2024-05-30,0.0,0.36576,2.35,16.8,10.0135416666667,0.0,0.36576,5.2823e-09,0.0,-3.9098e-05,10.729,77.523,-17.99,39.596,-14.062,-7726.4,-4660.7,-1601.9,0.0,0.0,30.333,25.14,7.1496,0.0,-6270.4,0.1331,20.0,-3885.33,0.145,20.0,-2835.7,0.1544,20.0,-2119.79,0.1639,20.0,-1846.49,0.1688,20.0,-1688.66,0.1722,20.0,-1614.37,0.1738,20.0,-1604.18,0.1894,20.0,-1602.44,0.2633,20.0
516,2024-05-31,0.0,0.40132,0.8,19.7,10.6260416666667,0.0,0.40132,4.0018e-09,0.0,-3.9093e-05,10.729,77.925,-17.99,39.596,-14.062,-7601.3,-4638.6,-1601.9,0.0,0.0,30.333,25.14,7.1496,0.0,-6225.04,0.1333,20.0,-3882.79,0.145,20.0,-2837.35,0.1544,20.0,-2121.32,0.1639,20.0,-1847.53,0.1688,20.0,-1689.22,0.1722,20.0,-1614.52,0.1738,20.0,-1604.22,0.1894,20.0,-1602.45,0.2633,20.0
517,2024-06-01,0.0,0.3683,0.05,22.075,12.871875,0.0,0.3683,-1.7462e-10,0.0,-3.9097e-05,10.729,78.293,-17.99,39.596,-14.062,-7476.9,-3517.8,-1601.9,0.0,0.0,30.332,25.14,7.1496,0.0,-6178.01,0.1335,20.0,-3880.08,0.1451,20.0,-2838.97,0.1543,20.0,-2122.84,0.1639,20.0,-1848.56,0.1688,20.0,-1689.79,0.1722,20.0,-1614.67,0.1738,20.0,-1604.25,0.1894,20.0,-1602.46,0.2633,20.0
518,2024-06-02,0.0,0.41148,7.875,21.3,15.5416666666667,0.0,0.41148,-1.5571e-09,0.0,-3.9087e-05,10.729,78.705,-17.99,39.596,-14.063,-7354.2,-3508.4,-1601.9,0.0,0.0,30.332,25.14,7.1496,0.0,-6129.5,0.1337,20.0,-3877.23,0.1451,20.0,-2840.56,0.1543,20.0,-2124.35,0.1638,20.0,-1849.6,0.1688,20.0,-1690.35,0.1722,20.0,-1614.83,0.1738,20.0,-1604.29,0.1894,20.0,-1602.46,0.2633,20.0
519,2024-06-03,0.0,0.46482,8.275,19.75,14.65,0.0,0.46482,-5.0059e-09,0.0,-3.9097e-05,10.729,79.169,-17.99,39.596,-14.063,-7234.0,-3499.1,-1601.9,0.0,0.0,30.332,25.14,7.1496,0.0,-6079.96,0.1339,20.0,-3874.23,0.1451,20.0,-2842.12,0.1543,20.0,-2125.85,0.1638,20.0,-1850.62,0.1687,20.0,-1690.92,0.1722,20.0,-1614.98,0.1738,20.0,-1604.32,0.1894,20.0,-1602.47,0.2633,20.0
520,2024-06-04,0.0,0.47752,7.375,19.7,12.3802083333333,0.0,0.47752,6.4902e-09,0.0,-3.9093e-05,10.729,79.647,-17.99,39.596,-14.063,-7116.7,-3489.8,-1601.9,0.0,0.0,30.332,25.14,7.1496,0.0,-6029.7,0.1342,20.0,-3871.1,0.1451,20.0,-2843.64,0.1543,20.0,-2127.35,0.1638,20.0,-1851.65,0.1687,20.0,-1691.48,0.1722,20.0,-1615.14,0.1738,20.0,-1604.36,0.1894,20.0,-1602.48,0.2633,20.0
521,2024-06-05,0.0,0.4445,7.375,22.775,14.9489583333333,0.0,0.4445,-1.1059e-09,0.0,-3.9097e-05,10.729,80.091,-17.99,39.596,-14.063,-7002.8,-3480.5,-1601.9,0.0,0.0,30.332,25.14,7.1496,0.0,-5978.94,0.1344,20.0,-3867.84,0.1452,20.0,-2845.14,0.1543,20.0,-2128.84,0.1638,20.0,-1852.67,0.1687,20.0,-1692.05,0.1721,20.0,-1615.29,0.1738,20.0,-1604.39,0.1894,20.0,-1602.49,0.2633,20.0
522,2024-06-06,0.0,0.44196,3.6,25.925,15.89375,0.0,0.44196,-1.0477e-09,0.0,-3.9092e-05,10.729,80.533,-17.99,39.596,-14.063,-6892.3,-3471.3,-1601.9,0.0,0.0,30.332,25.14,7.1496,0.0,-5927.81,0.1346,20.0,-3864.45,0.1452,20.0,-2846.6,0.1542,20.0,-2130.32,0.1637,20.0,-1853.69,0.1687,20.0,-1692.61,0.1721,20.0,-1615.45,0.1738,20.0,-1604.43,0.1894,20.0,-1602.49,0.2633,20.0
523,2024-06-07,0.0,0.42672,6.225,21.75,15.04375,0.0,0.42672,-1.2806e-09,0.0,-3.9102e-05,10.729,80.96,-17.99,39.596,-14.063,-6785.4,-3462.0,-1601.9,0.0,0.0,30.332,25.14,7.1496,0.0,-5876.46,0.1348,20.0,-3860.94,0.1452,20.0,-2848.03,0.1542,20.0,-2131.79,0.1637,20.0,-1854.71,0.1687,20.0,-1693.17,0.1721,20.0,-1615.61,0.1738,20.0,-1604.47,0.1894,20.0,-1602.5,0.2633,20.0
524,2024-06-08,0.0,0.41656,3.55,23.05,14.2875,0.0,0.41656,-2.6193e-10,0.0,-3.9097e-05,10.729,81.377,-17.99,39.596,-14.063,-6682.0,-3452.8,-1601.9,0.0,0.0,30.332,25.14,7.1496,0.0,-5825.0,0.135,20.0,-3857.29,0.1452,20.0,-2849.43,0.1542,20.0,-2133.27,0.1637,20.0,-1855.73,0.1686,20.0,-1693.74,0.1721,20.0,-1615.77,0.1738,20.0,-1604.51,0.1894,20.0,-1602.51,0.2633,20.0
525,2024-06-09,0.0,0.39878,2.7,21.2,13.6229166666667,0.0,0.39878,6.9704e-09,0.0,-3.9102e-05,10.729,81.775,-17.99,39.596,-14.063,-6582.0,-3443.6,-1601.9,0.0,0.0,30.332,25.14,7.1496,0.0,-5773.52,0.1352,20.0,-3853.49,0.1453,20.0,-2850.79,0.1542,20.0,-2134.73,0.1637,20.0,-1856.76,0.1686,20.0,-1694.3,0.1721,20.0,-1615.93,0.1738,20.0,-1604.55,0.1894,20.0,-1602.52,0.2633,20.0
526,2024-06-10,0.1173,0.45974,12.875,25.2,18.5552083333333,0.0,0.45974,-6.9849e-09,0.0,-3.9091e-05,10.729,82.235,-17.99,39.596,-14.063,-6487.0,-3435.0,-1601.9,0.0,0.0,30.332,25.14,7.1496,0.0,-5723.18,0.1354,20.0,-3849.55,0.1453,20.0,-2852.12,0.1542,20.0,-2136.19,0.1637,20.0,-1857.78,0.1686,20.0,-1694.86,0.1721,20.0,-1616.09,0.1738,20.0,-1604.58,0.1894,20.0,-1602.52,0.2633,20.0
527,2024-06-11,0.0,0.55118,10.25,28.1,19.2333333333333,0.0,0.55118,-6.5047e-09,0.0,-3.9092e-05,10.729,82.786,-17.99,39.596,-14.063,-6399.0,-3426.9,-1601.9,0.0,0.0,30.332,25.14,7.1496,0.0,-5675.55,0.1356,20.0,-3845.44,0.1453,20.0,-2853.41,0.1542,20.0,-2137.65,0.1636,20.0,-1858.8,0.1686,20.0,-1695.43,0.1721,20.0,-1616.25,0.1738,20.0,-1604.62,0.1894,20.0,-1602.53,0.2633,20.0
528,2024-06-12,0.0,0.5207,6.5,25.4,17.9635416666667,-1.524,0.5207,-1.524,0.32628,-3.9058e-05,9.205,83.307,-19.514,39.782,-14.063,-83.959,-1535.4,-1601.9,0.0,0.0,31.678,26.664,7.1496,0.0,-109.1,0.3384,20.0,-264.36,0.2731,20.0,-2849.54,0.1542,20.0,-2139.1,0.1636,20.0,-1859.82,0.1685,20.0,-1695.99,0.1721,20.0,-1616.41,0.1738,20.0,-1604.66,0.1894,20.0,-1602.53,0.2633,20.0
529,2024-06-13,0.0,0.45466,2.55,25.225,15.58125,-1.524,0.45466,-1.524,0.41543,-3.9063e-05,7.681,83.762,-21.038,40.146,-14.063,-59.26,-705.52,-1601.9,0.0,0.0,32.842,28.188,7.1496,0.0,-69.17,0.3698,20.0,-101.17,0.3438,20.0,-226.66,0.284,20.0,-2140.54,0.1636,20.0,-1860.84,0.1685,20.0,-1696.55,0.172,20.0,-1616.57,0.1738,20.0,-1604.7,0.1894,20.0,-1602.53,0.2633,20.0
530,2024-06-14,0.0,0.41656,5.4,28.675,17.7677083333333,-1.524,0.41656,-1.524,0.41655,-3.9067e-05,6.157,84.178,-22.562,40.552,-14.063,-48.223,-150.94,-1601.9,0.0,0.0,33.961,29.712,7.1496,0.0,-54.13,0.3845,20.0,-70.2,0.3688,20.0,-107.14,0.3398,20.0,-1729.22,0.1714,20.0,-1861.86,0.1685,20.0,-1697.11,0.172,20.0,-1616.73,0.1738,20.0,-1604.74,0.1894,20.0,-1602.53,0.2633,20.0
531,2024-06-15,0.1258,0.32766,6.075,20.8,12.496875,-1.6498,0.32766,-1.6498,0.32766,-3.9063e-05,4.5072,84.506,-24.212,40.88,-14.063,-37.299,-71.289,-1601.9,0.0,0.0,35.276,31.361,7.1496,0.0,-40.87,0.3989,20.0,-49.86,0.3889,20.0,-66.92,0.3719,20.0,-190.49,0.2964,20.0,-1862.86,0.1685,20.0,-1697.68,0.172,20.0,-1616.9,0.1738,20.0,-1604.78,0.1894,20.0,-1602.54,0.2633,20.0
532,2024-06-16,0.0612,0.4318,5.1,17.55,11.1666666666667,-1.5852,0.4318,-1.5852,0.4318,-3.9087e-05,2.922,84.938,-25.797,41.312,-14.063,-35.086,-55.996,-1601.9,0.0,0.0,36.437,32.947,7.1496,0.0,-37.92,0.4022,20.0,-44.51,0.3948,20.0,-55.38,0.3832,20.0,-101.97,0.3433,20.0,-862.9,0.2016,20.0,-1698.24,0.172,20.0,-1617.06,0.1738,20.0,-1604.82,0.1894,20.0,-1602.54,0.2633,20.0
533,2024-06-17,2.0693,0.09652,4.25,6.625,5.37916666666667,-3.5933,0.09652,-3.5933,0.09652,-3.9058e-05,-0.67129,85.034,-29.39,41.408,-14.063,-7.3461,-11.823,-1601.9,0.0,0.0,39.909,36.54,7.1496,0.0,-7.88,0.4364,20.0,-9.21,0.4351,20.0,-11.64,0.4326,20.0,-21.63,0.4213,20.0,-56.76,0.3818,20.0,-1698.8,0.172,20.0,-1617.23,0.1737,20.0,-1604.86,0.1894,20.0,-1602.55,0.2633,20.0
534,2024-06-18,0.4488,0.23368,2.85,12.575,7.25729166666667,0.0,0.23368,4.7963e-07,0.23368,-3.9058e-05,-0.67129,85.268,-29.39,41.642,-14.063,-69.622,-63.125,-1601.9,0.0,0.0,39.68,36.54,7.1496,0.0,-67.8,0.3711,20.0,-64.66,0.374,20.0,-61.76,0.3767,20.0,-61.38,0.3771,20.0,-73.89,0.3654,20.0,-317.86,0.2601,20.0,-1617.39,0.1737,20.0,-1604.91,0.1894,20.0,-1602.55,0.2633,20.0
535,2024-06-19,0.2366,0.37592,0.625,19.575,10.209375,0.0,0.37592,-6.0536e-08,0.37592,-3.9077e-05,-0.67129,85.644,-29.39,42.018,-14.063,-107.26,-96.445,-1601.9,0.0,0.0,39.313,36.54,7.1496,0.0,-105.47,0.3409,20.0,-100.93,0.344,20.0,-94.64,0.3483,20.0,-87.76,0.3539,20.0,-95.12,0.348,20.0,-191.88,0.2958,20.0,-1617.56,0.1737,20.0,-1604.95,0.1894,20.0,-1602.56,0.2633,20.0
536,2024-06-20,0.017,0.4191,1.275,23.0,13.3677083333333,0.0,0.4191,8.1956e-08,0.4191,-3.9115e-05,-0.67129,86.063,-29.39,42.437,-14.063,-149.73,-131.69,-1601.9,0.0,0.0,38.898,36.54,7.1496,0.0,-148.07,0.3154,20.0,-141.12,0.3193,20.0,-129.21,0.3259,20.0,-112.13,0.3364,20.0,-114.37,0.3348,20.0,-182.64,0.2999,20.0,-1617.73,0.1737,20.0,-1604.99,0.1894,20.0,-1602.57,0.2633,20.0
537,2024-06-21,0.423,0.33528,5.225,22.075,13.5125,0.0,0.33528,4.7497e-08,0.33528,-3.911e-05,-0.67129,86.398,-29.39,42.772,-14.063,-190.33,-164.47,-1601.9,0.0,0.0,38.549,36.54,7.1496,0.0,-188.64,0.2972,20.0,-178.8,0.3015,20.0,-160.85,0.3094,20.0,-134.73,0.3228,20.0,-132.71,0.3239,20.0,-186.63,0.2981,20.0,-1617.89,0.1737,20.0,-1605.03,0.1894,20.0,-1602.58,0.2633,20.0
538,2024-06-22,0.0051,0.42672,6.725,27.45,17.715625,0.0,0.42672,6.7987e-08,0.42672,-3.9099e-05,-0.67129,86.825,-29.39,43.199,-14.063,-255.03,-209.73,-1601.9,0.0,0.0,38.153,36.54,7.1496,0.0,-254.12,0.2757,20.0,-235.8,0.2809,20.0,-202.19,0.2923,20.0,-156.85,0.3111,20.0,-148.66,0.3151,20.0,-194.62,0.2949,20.0,-1617.9,0.1737,20.0,-1605.08,0.1894,20.0,-1602.59,0.2633,20.0
539,2024-06-23,0.0,0.55626,9.6,30.625,20.9,0.0,0.55626,2.794e-08,0.55626,-3.9094e-05,-0.67129,87.381,-29.39,43.755,-14.063,-394.64,-293.31,-1601.9,0.0,0.0,37.64,36.54,7.1496,0.0,-400.55,0.2448,20.0,-353.49,0.2532,20.0,-269.48,0.2717,20.0,-182.52,0.2999,20.0,-166.39,0.307,20.0,-203.96,0.2917,20.0,-1616.19,0.1738,20.0,-1605.12,0.1894,20.0,-1602.6,0.2633,20.0
540,2024-06-24,0.0119,0.49022,10.15,27.5,19.7397727272727,0.0,0.49022,0.0,0.45595,-3.9097e-05,-0.67129,87.871,-29.39,44.227,-14.063,-677.02,-433.59,-1601.9,0.0,0.0,37.118,36.54,7.1496,0.0,-711.78,0.2114,20.0,-559.15,0.2247,20.0,-355.93,0.2527,20.0,-210.3,0.2896,20.0,-182.84,0.2998,20.0,-213.84,0.2884,20.0,-1604.01,0.174,20.0,-1605.17,0.1894,20.0,-1602.61,0.2633,20.0
541,2024-06-25,0.0,0.41148,6.525,24.95,16.6666666666667,0.0,0.41148,-2.794e-09,0.30931,-3.9097e-05,-0.67129,88.283,-29.39,44.56,-14.063,-1040.8,-608.38,-1601.9,0.0,0.0,36.712,36.54,7.1496,0.0,-1129.01,0.1889,20.0,-830.32,0.2034,20.0,-447.21,0.2381,20.0,-236.41,0.2807,20.0,-200.1,0.293,20.0,-223.91,0.285,20.0,-1563.68,0.1749,20.0,-1605.21,0.1894,20.0,-1602.62,0.2633,20.0
542,2024-06-26,0.1191,0.44196,5.55,28.55,18.09375,0.0,0.44196,1.8626e-09,0.24637,-3.9091e-05,-0.67129,88.725,-29.39,44.824,-14.063,-1312.7,-760.02,-1601.9,0.0,0.0,36.416,36.54,7.1496,0.0,-1393.8,0.1798,20.0,-1103.91,0.1899,20.0,-551.79,0.2256,20.0,-262.44,0.2736,20.0,-216.58,0.2874,20.0,-234.28,0.2814,20.0,-1475.31,0.1774,20.0,-1605.26,0.1894,20.0,-1602.64,0.2633,20.0
543,2024-06-27,1.0032,0.32258,10.975,19.175,14.7322916666667,0.0,0.32258,3.8417e-09,0.16024,-3.9091e-05,-0.67129,89.047,-29.39,44.991,-14.063,-1468.3,-863.83,-1601.9,0.0,0.0,36.205,36.54,7.1496,0.0,-1514.14,0.1763,20.0,-1294.38,0.1828,20.0,-644.79,0.2165,20.0,-286.48,0.2674,20.0,-231.52,0.2824,20.0,-244.83,0.2781,20.0,-1334.4,0.1816,20.0,-1605.3,0.1894,20.0,-1602.65,0.2633,20.0
544,2024-06-28,0.0953,0.21844,7.875,15.275,11.94375,0.0,0.21844,-4.9477e-09,0.10502,-3.9101e-05,-0.67129,89.266,-29.39,45.098,-14.064,-1534.6,-910.53,-1601.9,0.0,0.0,36.071,36.54,7.1496,0.0,-1555.13,0.1751,20.0,-1361.78,0.1808,20.0,-697.74,0.2125,20.0,-307.81,0.262,20.0,-246.06,0.2778,20.0,-255.17,0.2754,20.0,-1177.98,0.1869,20.0,-1605.35,0.1894,20.0,-1602.66,0.2633,20.0
545,2024-06-29,0.0102,0.37592,3.0,21.975,13.6864583333333,0.0,0.37592,-4.5693e-09,0.14521,-3.9091e-05,-0.67129,89.642,-29.39,45.25,-14.064,-1569.5,-963.36,-1601.9,0.0,0.0,35.939,36.54,7.1496,0.0,-1577.01,0.1746,20.0,-1429.8,0.1788,20.0,-776.98,0.2065,20.0,-328.1,0.2581,20.0,-260.64,0.274,20.0,-265.22,0.2728,20.0,-1040.57,0.1925,20.0,-1605.39,0.1894,20.0,-1602.67,0.2633,20.0
546,2024-06-30,0.1293,0.26924,10.1,21.3,15.3645833333333,0.0,0.26924,-5.4715e-09,0.099355,-3.9101e-05,-0.67129,89.911,-29.39,45.351,-14.064,-1588.1,-1014.4,-1601.9,0.0,0.0,35.815,36.54,7.1496,0.0,-1589.44,0.1743,20.0,-1483.68,0.1772,20.0,-863.52,0.2015,20.0,-349.04,0.254,20.0,-274.03,0.2706,20.0,-274.7,0.2704,20.0,-934.95,0.1975,20.0,-1605.42,0.1894,20.0,-1602.68,0.2633,20.0
547,2024-07-01,0.0613,0.37084,10.775,24.25,16.6302083333333,0.0,0.37084,-1.608e-09,0.18486,-3.9091e-05,-0.67129,90.282,-29.39,45.525,-14.064,-1595.3,-813.48,-1602.0,0.0,0.0,35.684,36.54,7.1496,0.0,-1594.03,0.1742,20.0,-1514.52,0.1763,20.0,-957.04,0.1963,20.0,-378.28,0.2483,20.0,-286.77,0.2673,20.0,-283.57,0.2681,20.0,-854.55,0.202,20.0,-1605.44,0.1894,20.0,-1602.69,0.2633,20.0
548,2024-07-02,0.0,0.42672,10.675,25.875,17.69375,-1.397,0.42672,-1.397,0.39807,-3.9043e-05,-2.0683,90.709,-30.787,45.856,-14.064,-80.365,-445.49,-1602.0,0.0,0.0,36.757,37.937,7.1496,0.0,-99.73,0.3448,20.0,-188.88,0.2971,20.0,-952.38,0.1965,20.0,-441.07,0.239,20.0,-304.66,0.2626,20.0,-292.15,0.2659,20.0,-791.61,0.2056,20.0,-1605.42,0.1894,20.0,-1602.7,0.2633,20.0
549,2024-07-03,0.6927,0.24638,9.875,19.625,12.69375,0.0,0.24638,-1.3039e-08,0.24638,-3.9086e-05,-2.0683,90.955,-30.787,46.101,-14.064,-242.38,-410.22,-1602.0,0.0,0.0,36.503,37.937,7.1496,0.0,-245.62,0.2779,20.0,-278.11,0.2695,20.0,-418.91,0.2421,20.0,-473.67,0.2343,20.0,-323.23,0.259,20.0,-300.92,0.2636,20.0,-747.2,0.2086,20.0,-1605.34,0.1894,20.0,-1602.71,0.2633,20.0
550,2024-07-04,0.0119,0.35814,9.35,21.825,15.8885416666667,-2.8059,0.35814,-2.8059,0.35814,-3.9043e-05,-4.8742,91.313,-33.593,46.46,-14.064,-24.247,-179.79,-1602.0,0.0,0.0,38.958,40.743,7.1496,0.0,-27.67,0.4142,20.0,-37.27,0.4029,20.0,-59.29,0.3791,20.0,-349.14,0.254,20.0,-340.68,0.2556,20.0,-310.7,0.2614,20.0,-711.29,0.2114,20.0,-1605.17,0.1894,20.0,-1602.71,0.2633,20.0
551,2024-07-05,0.0374,0.37592,9.35,23.55,16.3864583333333,0.0,0.37592,-2.5705e-07,0.37592,-3.9098e-05,-4.8742,91.689,-33.593,46.835,-14.064,-114.39,-150.29,-1602.0,0.0,0.0,38.583,40.743,7.1496,0.0,-113.11,0.3357,20.0,-113.04,0.3358,20.0,-118.18,0.3323,20.0,-162.6,0.3086,20.0,-290.92,0.2662,20.0,-320.83,0.2595,20.0,-685.99,0.2134,20.0,-1604.8,0.1894,20.0,-1602.72,0.2633,20.0
552,2024-07-06,0.1683,0.34798,11.75,24.425,16.828125,-2.9623,0.34798,-2.9623,0.34798,-3.9086e-05,-7.8365,92.037,-36.555,47.183,-14.064,-15.369,-46.326,-1602.0,0.0,0.0,41.192,43.705,7.1496,0.0,-16.86,0.4269,20.0,-20.6,0.4225,20.0,-27.34,0.4146,20.0,-56.05,0.3825,20.0,-153.81,0.3125,20.0,-324.27,0.2588,20.0,-665.05,0.215,20.0,-1604.15,0.1894,20.0,-1602.73,0.2633,20.0
553,2024-07-07,0.0153,0.4445,9.35,28.35,19.5072916666667,0.0,0.4445,-2.4773e-07,0.4445,-3.909e-05,-7.8365,92.481,-36.555,47.628,-14.064,-84.812,-82.569,-1602.0,0.0,0.0,40.757,43.705,7.1496,0.0,-83.12,0.3577,20.0,-80.47,0.3598,20.0,-78.62,0.3613,20.0,-82.03,0.3586,20.0,-103.08,0.3425,20.0,-253.12,0.276,20.0,-649.11,0.2162,20.0,-1603.08,0.1894,20.0,-1602.75,0.2633,20.0
554,2024-07-08,0.0,0.46228,9.675,32.35,22.5375,-2.794,0.46228,-2.794,0.46228,-3.9076e-05,-10.63,92.944,-39.349,48.09,-14.064,-14.395,-29.521,-1602.0,0.0,0.0,43.091,46.499,7.1496,0.0,-15.49,0.4284,20.0,-18.03,0.4255,20.0,-22.17,0.4207,20.0,-35.59,0.4049,20.0,-62.72,0.3759,20.0,-172.73,0.3042,20.0,-635.4,0.2173,20.0,-1601.38,0.1894,20.0,-1602.76,0.2633,20.0
555,2024-07-09,0.0,0.4572,10.55,32.675,23.1989583333333,0.0,0.4572,4.191e-07,0.4572,-3.9086e-05,-10.63,93.401,-39.349,48.547,-14.064,-74.942,-67.026,-1602.0,0.0,0.0,42.633,46.499,7.1496,0.0,-73.17,0.3661,20.0,-70.05,0.369,20.0,-66.9,0.3719,20.0,-64.14,0.3745,20.0,-68.7,0.3702,20.0,-110.17,0.3377,20.0,-619.23,0.2186,20.0,-1598.82,0.1895,20.0,-1602.78,0.2633,20.0
556,2024-07-10,0.0,0.47752,11.25,36.75,24.376619047619,-2.794,0.47752,-2.794,0.47752,-3.9098e-05,-13.424,93.878,-42.143,49.025,-14.064,-13.115,-23.403,-1602.0,0.0,0.0,44.953,49.293,7.1496,0.0,-14.01,0.4301,20.0,-16.04,0.4278,20.0,-19.08,0.4244,20.0,-27.65,0.4142,20.0,-41.8,0.3978,20.0,-85.2,0.356,20.0,-568.54,0.2238,20.0,-1595.17,0.1896,20.0,-1602.79,0.2633,20.0
557,2024-07-11,0.0443,0.4318,15.075,35.075,24.3770833333333,-1.4413,0.4318,-1.4413,0.4318,-3.909e-05,-14.866,94.31,-43.585,49.457,-14.064,-24.616,-29.864,-1602.0,0.0,0.0,45.955,50.734,7.1496,0.0,-25.3,0.417,20.0,-26.64,0.4154,20.0,-28.26,0.4135,20.0,-31.86,0.4092,20.0,-37.08,0.4031,20.0,-56.1,0.3824,20.0,-389.91,0.2463,20.0,-1590.12,0.1897,20.0,-1602.8,0.2633,20.0
558,2024-07-12,0.0,0.43688,10.225,30.2,21.3583333333333,0.0,0.43688,1.2293e-07,0.43688,-3.9108e-05,-14.866,94.747,-43.585,49.894,-14.064,-71.401,-60.172,-1602.0,0.0,0.0,45.519,50.734,7.1496,0.0,-69.56,0.3694,20.0,-66.04,0.3727,20.0,-61.95,0.3766,20.0,-55.84,0.3827,20.0,-53.43,0.3852,20.0,-60.44,0.378,20.0,-204.43,0.2916,20.0,-1583.48,0.1898,20.0,-1602.81,0.2633,20.0
559,2024-07-13,0.0,0.44958,10.175,33.55,22.7614583333333,0.0,0.44958,3.0082e-07,0.44958,-3.9095e-05,-14.866,95.197,-43.585,50.343,-14.064,-99.659,-83.744,-1602.0,0.0,0.0,45.072,50.734,7.1496,0.0,-97.81,0.3461,20.0,-93.57,0.3492,20.0,-87.7,0.354,20.0,-76.77,0.3628,20.0,-70.21,0.3688,20.0,-71.93,0.3672,20.0,-153.53,0.3126,20.0,-1574.72,0.19,20.0,-1602.83,0.2633,20.0
560,2024-07-14,0.0,0.42672,10.775,34.075,23.2291666666667,0.0,0.42672,-1.7975e-07,0.42672,-3.908e-05,-14.866,95.623,-43.585,50.77,-14.064,-127.28,-105.86,-1602.0,0.0,0.0,44.641,50.734,7.1496,0.0,-125.43,0.328,20.0,-120.26,0.3308,20.0,-112.08,0.3364,20.0,-95.79,0.3475,20.0,-85.31,0.3559,20.0,-83.48,0.3574,20.0,-142.05,0.3187,20.0,-1550.35,0.1905,20.0,-1602.83,0.2633,20.0
561,2024-07-15,0.0,0.4826,10.55,34.225,22.7958333333333,0.0,0.4826,-1.8626e-07,0.4826,-3.9096e-05,-14.866,96.106,-43.585,51.253,-14.064,-162.5,-131.52,-1602.0,0.0,0.0,44.172,50.734,7.1496,0.0,-160.78,0.3094,20.0,-153.89,0.3124,20.0,-141.37,0.3191,20.0,-115.98,0.3337,20.0,-99.84,0.3447,20.0,-93.9,0.3489,20.0,-140.78,0.3195,20.0,-1343.99,0.1963,20.0,-1602.84,0.2633,20.0
562,2024-07-16,0.0,0.46228,9.7,35.1,23.2583333333333,0.0,0.46228,3.7253e-08,0.46228,-3.9107e-05,-14.866,96.568,-43.585,51.715,-14.064,-205.65,-160.56,-1602.0,0.0,0.0,43.703,50.734,7.1496,0.0,-204.09,0.2917,20.0,-194.44,0.295,20.0,-175.15,0.3031,20.0,-137.25,0.3214,20.0,-114.36,0.3348,20.0,-104.82,0.3413,20.0,-143.19,0.3181,20.0,-852.82,0.2159,20.0,-1602.84,0.2633,20.0
563,2024-07-17,0.0,0.45212,11.35,36.625,24.59375,0.0,0.45212,-9.3132e-10,0.45212,-3.9093e-05,-14.866,97.02,-43.585,52.167,-14.064,-259.81,-193.92,-1602.0,0.0,0.0,43.248,50.734,7.1496,0.0,-258.66,0.2745,20.0,-244.42,0.2782,20.0,-214.5,0.2882,20.0,-159.39,0.31,20.0,-128.77,0.3261,20.0,-114.57,0.3347,20.0,-147.2,0.3159,20.0,-573.42,0.2359,20.0,-1602.84,0.2633,20.0
564,2024-07-18,0.0408,0.37592,12.175,34.1,23.31875,0.0,0.37592,-1.5367e-08,0.37592,-3.91e-05,-14.866,97.396,-43.585,52.543,-14.064,-323.63,-229.89,-1602.0,0.0,0.0,42.834,50.734,7.1496,0.0,-322.84,0.2591,20.0,-301.61,0.2634,20.0,-256.56,0.2751,20.0,-180.68,0.3007,20.0,-142.37,0.3186,20.0,-124.39,0.3285,20.0,-152.15,0.3132,20.0,-449.24,0.2495,20.0,-1602.78,0.2633,20.0
565,2024-07-19,0.0,0.40894,10.5,34.6,23.121875,0.0,0.40894,2.0023e-08,0.40894,-3.9095e-05,-14.866,97.805,-43.585,52.952,-14.064,-403.63,-271.7,-1602.0,0.0,0.0,42.441,50.734,7.1496,0.0,-404.95,0.2442,20.0,-373.23,0.2493,20.0,-304.44,0.2627,20.0,-203.04,0.292,20.0,-155.81,0.3116,20.0,-134.0,0.3232,20.0,-157.62,0.3108,20.0,-386.06,0.258,20.0,-1602.51,0.2633,20.0
566,2024-07-20,0.0,0.41402,12.25,34.6,24.3864583333333,0.0,0.41402,-2.794e-09,0.41402,-3.91e-05,-14.866,98.219,-43.585,53.366,-14.064,-527.81,-329.4,-1602.0,0.0,0.0,42.03,50.734,7.1496,0.0,-534.7,0.2274,20.0,-481.6,0.2332,20.0,-369.35,0.2501,20.0,-227.28,0.2838,20.0,-169.27,0.3057,20.0,-142.73,0.3184,20.0,-163.03,0.3084,20.0,-351.66,0.2643,20.0,-1601.28,0.2633,20.0
567,2024-07-21,0.0,0.37084,11.225,32.9,22.7166666666667,0.0,0.37084,-1.8626e-08,0.36265,-3.9089e-05,-14.866,98.59,-43.585,53.733,-14.064,-703.83,-402.78,-1602.0,0.0,0.0,41.637,50.734,7.1496,0.0,-723.09,0.2105,20.0,-630.9,0.2177,20.0,-446.51,0.2382,20.0,-252.51,0.2761,20.0,-182.29,0.3,20.0,-151.16,0.3137,20.0,-168.35,0.3061,20.0,-330.24,0.2682,20.0,-1596.96,0.2633,20.0
568,2024-07-22,0.0,0.38608,10.85,34.65,22.9427083333333,0.0,0.38608,4.6566e-10,0.34026,-3.91e-05,-14.866,98.976,-43.585,54.083,-14.064,-914.26,-492.15,-1602.0,0.0,0.0,41.276,50.734,7.1496,0.0,-954.01,0.1964,20.0,-828.06,0.2035,20.0,-540.41,0.2268,20.0,-277.99,0.2695,20.0,-195.42,0.2946,20.0,-160.09,0.3097,20.0,-173.65,0.3038,20.0,-315.76,0.2709,20.0,-1584.41,0.2635,20.0
569,2024-07-23,0.0,0.4826,15.625,38.325,26.4958333333333,0.0,0.4826,1.8626e-09,0.34362,-3.9089e-05,-14.866,99.459,-43.585,54.444,-14.064,-1150.1,-605.95,-1602.0,0.0,0.0,40.916,50.734,7.1496,0.0,-1217.36,0.1853,20.0,-1079.83,0.1909,20.0,-678.52,0.214,20.0,-309.74,0.2616,20.0,-208.93,0.29,20.0,-168.61,0.306,20.0,-178.92,0.3015,20.0,-305.81,0.2727,20.0,-1553.6,0.264,20.0
570,2024-07-24,0.0,0.55626,12.65,37.5,26.8208333333333,0.0,0.55626,-6.5193e-09,0.30811,-3.91e-05,-14.866,100.02,-43.585,54.774,-14.065,-1371.4,-736.65,-1602.0,0.0,0.0,40.568,50.734,7.1496,0.0,-1446.44,0.1782,20.0,-1349.31,0.1812,20.0,-876.22,0.2009,20.0,-351.18,0.2537,20.0,-223.14,0.2852,20.0,-176.7,0.3025,20.0,-184.09,0.2992,20.0,-299.13,0.2743,20.0,-1488.86,0.2652,20.0
571,2024-07-25,0.0,0.58928,15.75,33.25,25.471875,0.0,0.58928,-7.4506e-09,0.25587,-3.91e-05,-14.866,100.6,-43.585,55.046,-14.065,-1494.8,-845.91,-1602.0,0.0,0.0,40.27,50.734,7.1496,0.0,-1540.06,0.1755,20.0,-1501.48,0.1766,20.0,-1107.64,0.1898,20.0,-399.32,0.245,20.0,-238.13,0.2801,20.0,-184.61,0.299,20.0,-189.24,0.297,20.0,-294.36,0.2754,20.0,-1376.06,0.2675,20.0
572,2024-07-26,0.0,0.47244,8.225,29.3,18.2708333333333,0.0,0.47244,-4.5984e-09,0.17572,-3.909e-05,-14.866,101.08,-43.585,55.229,-14.065,-1554.2,-919.13,-1602.0,0.0,0.0,40.048,50.734,7.1496,0.0,-1579.57,0.1745,20.0,-1560.41,0.175,20.0,-1278.08,0.1832,20.0,-442.02,0.2387,20.0,-253.3,0.2759,20.0,-192.66,0.2956,20.0,-194.54,0.2949,20.0,-291.23,0.2762,20.0,-1227.91,0.2704,20.0
573,2024-07-27,0.0,0.4064,5.95,31.25,18.9802083333333,0.0,0.4064,3.0268e-09,0.13996,-3.9094e-05,-14.866,101.48,-43.585,55.372,-14.065,-1585.1,-963.69,-1602.0,0.0,0.0,39.886,50.734,7.1496,0.0,-1593.08,0.1743,20.0,-1582.06,0.1745,20.0,-1372.92,0.1804,20.0,-476.73,0.2338,20.0,-266.96,0.2724,20.0,-200.79,0.2928,20.0,-199.72,0.2932,20.0,-289.19,0.2767,20.0,-1084.67,0.2744,20.0
574,2024-07-28,0.0,0.3429,5.6,28.55,17.6729166666667,0.0,0.3429,-1.6298e-09,0.11382,-3.9094e-05,-14.866,101.83,-43.585,55.487,-14.065,-1595.8,-992.16,-1602.0,0.0,0.0,39.758,50.734,7.1496,0.0,-1597.33,0.1742,20.0,-1588.82,0.1744,20.0,-1422.75,0.179,20.0,-504.44,0.2305,20.0,-279.26,0.2692,20.0,-208.61,0.2901,20.0,-204.85,0.2914,20.0,-287.99,0.277,20.0,-957.33,0.2781,20.0
575,2024-07-29,0.0,0.44196,8.7,31.675,20.7510416666667,0.0,0.44196,3.8508e-09,0.12853,-3.9094e-05,-14.866,102.27,-43.585,55.619,-14.065,-1599.5,-1021.5,-1602.0,0.0,0.0,39.634,50.734,7.1496,0.0,-1599.12,0.1741,20.0,-1592.99,0.1743,20.0,-1464.3,0.1778,20.0,-539.83,0.2269,20.0,-291.25,0.2661,20.0,-216.1,0.2876,20.0,-209.84,0.2897,20.0,-287.49,0.2771,20.0,-857.0,0.2818,20.0
576,2024-07-30,0.0085,0.381,13.925,25.75,19.8791666666667,0.0,0.381,5.3569e-09,0.10689,-3.9094e-05,-14.866,102.65,-43.585,55.728,-14.065,-1600.9,-1048.8,-1602.0,0.0,0.0,39.514,50.734,7.1496,0.0,-1599.81,0.1741,20.0,-1595.26,0.1742,20.0,-1495.66,0.1768,20.0,-574.36,0.2231,20.0,-303.5,0.2629,20.0,-223.27,0.2852,20.0,-214.61,0.2881,20.0,-287.58,0.2771,20.0,-776.63,0.2849,20.0
577,2024-07-31,0.0,0.4699,12.75,29.9,21.2708333333333,0.0,0.4699,-1.4306e-09,0.11509,-3.9084e-05,-14.866,103.12,-43.585,55.845,-14.065,-1601.6,-1076.5,-1602.0,0.0,0.0,39.4,50.734,7.1496,0.0,-1600.16,0.1741,20.0,-1596.91,0.1742,20.0,-1522.07,0.1761,20.0,-613.58,0.2191,20.0,-316.06,0.2604,20.0,-230.21,0.2828,20.0,-219.15,0.2866,20.0,-288.08,0.277,20.0,-715.67,0.288,20.0
578,2024-08-01,0.0,0.41402,8.9,33.775,22.7385416666667,0.0,0.41402,-9.396e-09,0.097462,-3.9084e-05,-14.866,103.53,-43.585,55.945,-14.065,-1602.1,-1102.4,-1602.0,0.0,0.0,39.292,50.734,7.1496,0.0,-1600.5,0.1741,20.0,-1597.89,0.1742,20.0,-1541.81,0.1755,20.0,-654.52,0.2158,20.0,-328.39,0.258,20.0,-237.06,0.2805,20.0,-223.51,0.2851,20.0,-288.9,0.2768,20.0,-668.62,0.2904,20.0
579,2024-08-02,0.0,0.42926,13.0,38.75,25.8052083333333,0.0,0.42926,-4.2469e-09,0.093369,-3.9094e-05,-14.866,103.96,-43.585,56.04,-14.065,-1602.4,-1124.4,-1602.0,0.0,0.0,39.195,50.734,7.1496,0.0,-1600.8,0.1741,20.0,-1598.47,0.1741,20.0,-1555.36,0.1751,20.0,-691.13,0.213,20.0,-340.12,0.2557,20.0,-243.97,0.2783,20.0,-227.7,0.2837,20.0,-289.97,0.2765,20.0,-630.42,0.2924,20.0
580,2024-08-03,0.0,0.36322,11.075,37.725,23.6145833333333,0.0,0.36322,2.2681e-09,0.078202,-3.9093e-05,-14.866,104.33,-43.585,56.119,-14.065,-1602.7,-1142.2,-1602.0,0.0,0.0,39.108,50.734,7.1496,0.0,-1601.07,0.1741,20.0,-1598.79,0.1741,20.0,-1564.41,0.1749,20.0,-723.25,0.2105,20.0,-351.15,0.2536,20.0,-250.76,0.2766,20.0,-231.8,0.2823,20.0,-291.25,0.2762,20.0,-599.94,0.2942,20.0
581,2024-08-04,0.1207,0.13208,14.5,23.95,17.85625,0.0,0.13208,4.0495e-09,0.033336,-3.9098e-05,-14.866,104.46,-43.585,56.152,-14.065,-1603.0,-1143.0,-1602.0,0.0,0.0,39.053,50.734,7.1496,0.0,-1601.3,0.1741,20.0,-1598.52,0.1741,20.0,-1561.9,0.1749,20.0,-724.19,0.2104,20.0,-361.01,0.2517,20.0,-257.23,0.2749,20.0,-235.83,0.2809,20.0,-292.68,0.2758,20.0,-574.71,0.296,20.0
582,2024-08-05,0.0238,0.33274,13.4,28.775,20.4125,0.0,0.33274,-5.8435e-11,0.073724,-3.9096e-05,-14.866,104.79,-43.585,56.226,-14.065,-1603.2,-1145.7,-1602.0,0.0,0.0,38.999,50.734,7.1496,0.0,-1601.46,0.1741,20.0,-1598.39,0.1742,20.0,-1560.67,0.175,20.0,-732.59,0.2098,20.0,-368.97,0.2501,20.0,-263.37,0.2733,20.0,-239.91,0.2795,20.0,-294.25,0.2755,20.0,-554.99,0.2974,20.0
583,2024-08-06,0.1327,0.34544,13.1,29.075,19.9083333333333,0.0,0.34544,-3.8576e-09,0.072191,-3.9099e-05,-14.866,105.14,-43.585,56.299,-14.065,-1603.4,-1161.4,-1602.0,0.0,0.0,38.925,50.734,7.1496,0.0,-1601.62,0.1741,20.0,-1598.73,0.1741,20.0,-1566.46,0.1748,20.0,-764.59,0.2073,20.0,-378.64,0.2483,20.0,-269.23,0.2718,20.0,-244.3,0.2782,20.0,-295.98,0.275,20.0,-538.62,0.2985,20.0
584,2024-08-07,0.558,0.11938,10.0,16.025,13.6145833333333,0.0,0.11938,-6.5559e-09,0.029326,-3.9096e-05,-14.866,105.26,-43.585,56.328,-14.065,-1603.6,-1162.4,-1602.0,0.0,0.0,38.874,50.734,7.1496,0.0,-1601.76,0.1741,20.0,-1598.51,0.1741,20.0,-1563.63,0.1749,20.0,-766.73,0.2069,20.0,-387.41,0.2467,20.0,-274.93,0.2703,20.0,-248.91,0.277,20.0,-297.81,0.2746,20.0,-524.66,0.2995,20.0
585,2024-08-08,0.0119,0.25146,7.15,20.45,14.13125,0.0,0.25146,3.5668e-09,0.056799,-3.9094e-05,-14.866,105.51,-43.585,56.385,-14.065,-1603.7,-1163.8,-1601.9,0.0,0.0,38.831,50.734,7.1496,0.0,-1601.86,0.1741,20.0,-1598.26,0.1742,20.0,-1561.32,0.175,20.0,-772.76,0.2068,20.0,-395.24,0.2456,20.0,-280.49,0.2689,20.0,-253.3,0.2759,20.0,-299.73,0.2741,20.0,-512.82,0.3003,20.0
586,2024-08-09,0.0,0.31242,5.075,25.425,16.2645833333333,0.0,0.31242,2.9057e-09,0.065002,-3.91e-05,-14.866,105.82,-43.585,56.451,-14.065,-1603.8,-1176.0,-1601.9,0.0,0.0,38.769,50.734,7.1496,0.0,-1601.95,0.1741,20.0,-1598.53,0.1741,20.0,-1565.45,0.1749,20.0,-799.6,0.2052,20.0,-403.65,0.2444,20.0,-285.91,0.2675,20.0,-257.45,0.2748,20.0,-301.79,0.2736,20.0,-502.66,0.3011,20.0
587,2024-08-10,0.0323,0.31496,8.125,26.625,17.634375,0.0,0.31496,-3.5478e-09,0.062148,-3.9108e-05,-14.866,106.13,-43.585,56.514,-14.065,-1603.9,-1190.9,-1601.8,0.0,0.0,38.705,50.734,7.1496,0.0,-1602.05,0.1741,20.0,-1598.85,0.1741,20.0,-1570.62,0.1747,20.0,-831.96,0.2033,20.0,-412.6,0.2431,20.0,-291.23,0.2661,20.0,-261.41,0.2738,20.0,-303.93,0.2731,20.0,-493.8,0.3017,20.0
588,2024-08-11,0.0629,0.36576,11.275,28.025,18.3125,0.0,0.36576,2.8774e-10,0.065089,-3.9114e-05,-14.866,106.5,-43.585,56.581,-14.065,-1604.0,-1207.5,-1601.6,0.0,0.0,38.64,50.734,7.1496,0.0,-1602.16,0.1741,20.0,-1599.18,0.1741,20.0,-1576.36,0.1746,20.0,-867.34,0.2013,20.0,-421.85,0.2417,20.0,-296.51,0.2648,20.0,-265.18,0.2728,20.0,-306.14,0.2726,20.0,-486.19,0.3022,20.0
589,2024-08-12,0.0,0.37846,11.35,29.775,20.309375,0.0,0.37846,5.3999e-09,0.06221,-3.9134e-05,-14.866,106.88,-43.585,56.644,-14.065,-1604.2,-1224.7,-1601.4,0.0,0.0,38.575,50.734,7.1496,0.0,-1602.29,0.1741,20.0,-1599.47,0.1741,20.0,-1581.76,0.1745,20.0,-904.83,0.1992,20.0,-431.47,0.2403,20.0,-301.82,0.2634,20.0,-268.81,0.2719,20.0,-308.38,0.2722,20.0,-479.86,0.3028,20.0
590,2024-08-13,0.2484,0.32512,11.9,30.4,19.5364583333333,0.0,0.32512,-1.9372e-10,0.052921,-3.9142e-05,-14.866,107.2,-43.585,56.697,-14.065,-1604.3,-1238.0,-1601.0,0.0,0.0,38.517,50.734,7.1496,0.0,-1602.43,0.1741,20.0,-1599.65,0.1741,20.0,-1584.87,0.1744,20.0,-935.54,0.1974,20.0,-440.76,0.239,20.0,-307.22,0.2621,20.0,-272.3,0.271,20.0,-310.64,0.2718,20.0,-474.32,0.3034,20.0
591,2024-08-14,0.0068,0.32258,11.0,28.525,18.9739583333333,0.0,0.32258,-2.2272e-09,0.050404,-3.9166e-05,-14.866,107.53,-43.585,56.748,-14.065,-1604.4,-1248.6,-1600.5,0.0,0.0,38.464,50.734,7.1496,0.0,-1602.56,0.1741,20.0,-1599.78,0.1741,20.0,-1586.91,0.1744,20.0,-960.07,0.1961,20.0,-449.83,0.2377,20.0,-312.55,0.2611,20.0,-275.67,0.2701,20.0,-312.88,0.2714,20.0,-469.53,0.3038,20.0
592,2024-08-15,0.2366,0.40386,8.625,30.825,20.303125,0.0,0.40386,4.6608e-09,0.05559,-3.9209e-05,-14.866,107.93,-43.585,56.805,-14.065,-1604.6,-1261.4,-1599.8,0.0,0.0,38.41,50.734,7.1496,0.0,-1602.7,0.1741,20.0,-1599.93,0.1741,20.0,-1589.47,0.1743,20.0,-991.29,0.1946,20.0,-458.86,0.2364,20.0,-317.73,0.2601,20.0,-278.94,0.2693,20.0,-315.12,0.271,20.0,-465.61,0.3042,20.0
593,2024-08-16,0.0,0.381,11.025,28.85,19.0875,0.0,0.381,1.7042e-10,0.050533,-3.9263e-05,-14.866,108.31,-43.585,56.856,-14.065,-1604.7,-1273.9,-1598.8,0.0,0.0,38.357,50.734,7.1496,0.0,-1602.84,0.1741,20.0,-1600.07,0.1741,20.0,-1591.51,0.1743,20.0,-1023.86,0.1932,20.0,-468.38,0.235,20.0,-322.78,0.2591,20.0,-282.12,0.2685,20.0,-317.34,0.2706,20.0,-462.17,0.3045,20.0
594,2024-08-17,0.0,0.35814,7.375,30.15,19.3520833333333,0.0,0.35814,-3.6877e-09,0.046253,-3.9327e-05,-14.866,108.67,-43.585,56.903,-14.065,-1604.8,-1284.1,-1597.5,0.0,0.0,38.308,50.734,7.1496,0.0,-1602.98,0.1741,20.0,-1600.21,0.1741,20.0,-1592.74,0.1743,20.0,-1050.44,0.1921,20.0,-477.69,0.2337,20.0,-327.71,0.2581,20.0,-285.23,0.2677,20.0,-319.54,0.2702,20.0,-459.15,0.3048,20.0
595,2024-08-18,1.8799,0.37592,9.0,35.5,20.3833333333333,0.0,0.37592,-8.1701e-09,0.045697,-3.9435e-05,-14.866,109.04,-43.585,56.949,-14.065,-1605.0,-1293.5,-1595.7,0.0,0.0,38.261,50.734,7.1496,0.0,-1603.12,0.174,20.0,-1600.34,0.1741,20.0,-1593.76,0.1743,20.0,-1075.29,0.1911,20.0,-486.69,0.2324,20.0,-332.52,0.2572,20.0,-288.27,0.2669,20.0,-321.72,0.2698,20.0,-456.64,0.305,20.0
596,2024-08-19,0.1412,0.43434,13.275,34.175,20.3927083333333,0.0,0.43434,1.6159e-09,0.047341,-3.9547e-05,-14.866,109.48,-43.585,56.997,-14.066,-1605.1,-1304.1,-1593.3,0.0,0.0,38.214,50.734,7.1496,0.0,-1603.26,0.174,20.0,-1600.47,0.1741,20.0,-1594.92,0.1742,20.0,-1103.59,0.1899,20.0,-496.31,0.2314,20.0,-337.24,0.2563,20.0,-291.27,0.2661,20.0,-323.88,0.2694,20.0,-454.48,0.3053,20.0
597,2024-08-20,0.0595,0.3429,10.975,30.875,20.0,0.0,0.3429,-3.5037e-09,0.039201,-3.9717e-05,-14.866,109.82,-43.585,57.037,-14.066,-1605.2,-1312.0,-1590.3,0.0,0.0,38.17,50.734,7.1496,0.0,-1603.4,0.174,20.0,-1600.59,0.1741,20.0,-1595.49,0.1742,20.0,-1123.7,0.1891,20.0,-505.35,0.2304,20.0,-341.87,0.2554,20.0,-294.23,0.2653,20.0,-326.03,0.269,20.0,-452.6,0.3054,20.0
598,2024-08-21,0.034,0.28956,9.575,26.85,17.5864583333333,0.0,0.28956,6.2707e-09,0.034259,-3.9915e-05,-14.866,110.11,-43.585,57.071,-14.066,-1605.4,-1316.0,-1586.5,0.0,0.0,38.133,50.734,7.1496,0.0,-1603.53,0.174,20.0,-1600.69,0.1741,20.0,-1595.49,0.1742,20.0,-1132.95,0.1887,20.0,-513.46,0.2296,20.0,-346.41,0.2545,20.0,-297.17,0.2646,20.0,-328.16,0.2686,20.0,-450.97,0.3056,20.0
599,2024-08-22,0.0,0.31496,5.375,25.875,16.5552083333333,0.0,0.31496,-1.4802e-10,0.035791,-4.0158e-05,-14.866,110.43,-43.585,57.107,-14.066,-1605.5,-1319.9,-1581.8,0.0,0.0,38.098,50.734,7.1496,0.0,-1603.66,0.174,20.0,-1600.77,0.1741,20.0,-1595.52,0.1742,20.0,-1142.0,0.1884,20.0,-520.99,0.2288,20.0,-350.88,0.2537,20.0,-300.12,0.2638,20.0,-330.27,0.2682,20.0,-449.61,0.3057,20.0
600,2024-08-23,0.1107,0.37846,8.1,30.825,18.040625,0.0,0.37846,2.9149e-09,0.039123,-4.0464e-05,-14.866,110.8,-43.585,57.147,-14.066,-1605.6,-1326.4,-1576.1,0.0,0.0,38.06,50.734,7.1496,0.0,-1603.79,0.174,20.0,-1600.85,0.1741,20.0,-1595.96,0.1742,20.0,-1159.44,0.1877,20.0,-528.74,0.228,20.0,-355.27,0.2528,20.0,-303.15,0.263,20.0,-332.38,0.2678,20.0,-448.49,0.3058,20.0
601,2024-08-24,0.0,0.3429,9.6,25.2,16.484375,0.0,0.3429,5.9541e-09,0.035491,-4.0817e-05,-14.866,111.15,-43.585,57.182,-14.066,-1605.8,-1332.8,-1569.2,0.0,0.0,38.023,50.734,7.1496,0.0,-1603.91,0.174,20.0,-1600.94,0.1741,20.0,-1596.35,0.1742,20.0,-1177.13,0.1869,20.0,-536.52,0.2271,20.0,-359.6,0.252,20.0,-306.67,0.2622,20.0,-334.48,0.2674,20.0,-447.55,0.3059,20.0
602,2024-08-25,0.0,0.37084,8.325,25.425,16.015625,0.0,0.37084,-5.3046e-10,0.036087,-4.1233e-05,-14.866,111.52,-43.585,57.219,-14.066,-1605.9,-1339.1,-1561.3,0.0,0.0,37.986,50.734,7.1496,0.0,-1604.03,0.174,20.0,-1601.04,0.1741,20.0,-1596.69,0.1742,20.0,-1193.84,0.1862,20.0,-543.97,0.2264,20.0,-363.91,0.2511,20.0,-310.39,0.2615,20.0,-336.6,0.2671,20.0,-446.77,0.306,20.0
603,2024-08-26,0.0,0.34798,4.275,26.775,15.271875,0.0,0.34798,3.1182e-09,0.033597,-4.1937e-05,-14.866,111.87,-43.585,57.253,-14.066,-1606.0,-1344.8,-1553.3,0.0,0.0,37.951,50.734,7.1496,0.0,-1604.14,0.174,20.0,-1601.13,0.1741,20.0,-1596.96,0.1742,20.0,-1208.76,0.1856,20.0,-551.26,0.2256,20.0,-368.18,0.2503,20.0,-313.88,0.2608,20.0,-338.73,0.2667,20.0,-446.14,0.3061,20.0
604,2024-08-27,0.051,0.46228,8.55,30.075,19.6364583333333,0.0,0.46228,6.7522e-09,0.038062,-4.315e-05,-14.866,112.33,-43.585,57.291,-14.066,-1606.1,-1352.5,-1544.4,0.0,0.0,37.915,50.734,7.1496,0.0,-1604.26,0.174,20.0,-1601.22,0.1741,20.0,-1597.46,0.1742,20.0,-1229.73,0.1848,20.0,-558.96,0.2248,20.0,-372.45,0.2495,20.0,-317.21,0.2602,20.0,-340.86,0.2663,20.0,-445.64,0.3061,20.0
605,2024-08-28,0.6089,0.26416,5.1,15.325,10.1364583333333,0.0,0.26416,8.7493e-10,0.026052,-4.4666e-05,-14.866,112.59,-43.585,57.317,-14.066,-1606.2,-1356.2,-1533.1,0.0,0.0,37.883,50.734,7.1496,0.0,-1604.37,0.174,20.0,-1601.32,0.1741,20.0,-1597.5,0.1742,20.0,-1239.65,0.1844,20.0,-566.25,0.224,20.0,-376.76,0.2486,20.0,-320.42,0.2595,20.0,-342.98,0.2659,20.0,-445.3,0.3061,20.0
606,2024-08-29,0.0,0.39624,10.725,25.9,17.8052083333333,0.0,0.39624,4.4821e-09,0.033369,-4.6486e-05,-14.866,112.99,-43.585,57.351,-14.066,-1606.4,-1360.2,-1519.4,0.0,0.0,37.853,50.734,7.1496,0.0,-1604.47,0.174,20.0,-1601.4,0.1741,20.0,-1597.6,0.1742,20.0,-1249.33,0.1842,20.0,-572.99,0.2233,20.0,-381.08,0.2478,20.0,-323.52,0.2589,20.0,-345.09,0.2655,20.0,-445.09,0.3062,20.0
607,2024-08-30,0.0,0.36576,6.0,32.925,18.628125,0.0,0.36576,-1.4173e-09,0.03077,-4.8624e-05,-14.866,113.36,-43.585,57.382,-14.066,-1606.5,-1365.5,-1503.3,0.0,0.0,37.82,50.734,7.1496,0.0,-1604.58,0.174,20.0,-1601.49,0.1741,20.0,-1597.84,0.1742,20.0,-1264.03,0.1837,20.0,-579.83,0.2226,20.0,-385.38,0.247,20.0,-326.54,0.2584,20.0,-347.17,0.2651,20.0,-444.98,0.3062,20.0
608,2024-08-31,0.0,0.3048,7.325,29.525,18.9416666666667,0.0,0.3048,7.574e-09,0.026874,-5.1083e-05,-14.866,113.66,-43.585,57.409,-14.066,-1606.6,-1368.7,-1484.6,0.0,0.0,37.791,50.734,7.1496,0.0,-1604.68,0.174,20.0,-1601.57,0.1741,20.0,-1597.86,0.1742,20.0,-1271.3,0.1835,20.0,-586.69,0.2218,20.0,-389.75,0.2463,20.0,-329.47,0.2578,20.0,-349.22,0.2647,20.0,-444.98,0.3062,20.0
609,2024-09-01,0.0,0.28956,6.725,31.1,18.19375,0.0,0.28956,1.6539e-09,6.8191,-5.3875e-05,-14.866,113.95,-43.585,60.818,-14.066,-1606.7,-692.91,-1463.4,0.0,0.0,37.778,50.734,7.1496,0.0,-1604.78,0.174,20.0,-1601.64,0.1741,20.0,-1597.37,0.1742,20.0,-1235.99,0.1845,20.0,-591.56,0.2213,20.0,-394.0,0.2457,20.0,-332.33,0.2572,20.0,-351.26,0.2644,20.0,-445.05,0.3062,20.0
610,2024-09-02,0.0,0.30226,10.9,34.225,21.6229166666667,0.0,0.30226,2.4691e-09,1.705,-4.5249e-05,-14.866,114.25,-43.585,63.376,-14.066,-1606.8,-1201.9,-1516.5,0.0,0.0,32.663,50.734,7.1496,0.0,-1604.89,0.174,20.0,-1601.94,0.1741,20.0,-1601.36,0.1741,20.0,-1484.68,0.1769,20.0,-1200.0,0.1857,20.0,-1055.0,0.1919,20.0,-986.13,0.1948,20.0,-1008.23,0.2081,20.0,-1100.02,0.2739,20.0
611,2024-09-03,0.194,0.29718,13.225,30.075,20.4197916666667,0.0,0.29718,-2.8494e-09,0.42647,-4.0891e-05,-14.866,114.55,-43.585,64.015,-14.066,-1606.9,-1479.1,-1558.7,0.0,0.0,31.385,50.734,7.1496,0.0,-1605.01,0.174,20.0,-1602.24,0.1741,20.0,-1601.38,0.1741,20.0,-1568.84,0.1748,20.0,-1484.06,0.1769,20.0,-1432.73,0.1784,20.0,-1409.1,0.1792,20.0,-1416.67,0.194,20.0,-1448.13,0.2659,20.0
612,2024-09-04,0.0,0.29464,10.35,26.075,17.84375,0.0,0.29464,4.7221e-09,0.10646,-3.968e-05,-14.866,114.84,-43.585,64.175,-14.066,-1607.0,-1567.5,-1586.2,0.0,0.0,31.065,50.734,7.1496,0.0,-1605.15,0.174,20.0,-1602.49,0.1741,20.0,-1601.3,0.1741,20.0,-1596.71,0.1742,20.0,-1571.9,0.1747,20.0,-1552.97,0.1751,20.0,-1544.56,0.1753,20.0,-1547.1,0.1905,20.0,-1558.58,0.2639,20.0
613,2024-09-05,0.0,0.28956,5.525,30.875,17.359375,0.0,0.28956,1.1027e-08,0.024823,-3.9218e-05,-14.866,115.13,-43.585,64.214,-14.066,-1607.1,-1596.1,-1597.6,0.0,0.0,30.985,50.734,7.1496,0.0,-1605.3,0.174,20.0,-1602.68,0.1741,20.0,-1601.33,0.1741,20.0,-1601.41,0.1741,20.0,-1598.05,0.1741,20.0,-1593.09,0.1742,20.0,-1590.85,0.1743,20.0,-1591.56,0.1896,20.0,-1594.55,0.2634,20.0
614,2024-09-06,0.0,0.30226,6.95,32.7,19.6354166666667,0.0,0.30226,5.8883e-09,0.0,-3.9154e-05,-14.866,115.44,-43.585,64.218,-14.066,-1607.3,-1602.1,-1600.3,0.0,0.0,30.969,50.734,7.1496,0.0,-1605.46,0.174,20.0,-1602.85,0.1741,20.0,-1601.4,0.1741,20.0,-1601.69,0.1741,20.0,-1602.3,0.1741,20.0,-1600.2,0.1741,20.0,-1602.88,0.174,20.0,-1603.06,0.1894,20.0,-1600.73,0.2633,20.0
615,2024-09-07,0.0,0.2921,6.925,33.175,20.640625,0.0,0.2921,-5.9772e-09,0.0,-3.9138e-05,-14.866,115.73,-43.585,64.218,-14.066,-1607.4,-1602.3,-1600.9,0.0,0.0,30.969,50.734,7.1496,0.0,-1605.61,0.174,20.0,-1603.01,0.1741,20.0,-1601.48,0.1741,20.0,-1601.7,0.1741,20.0,-1602.38,0.1741,20.0,-1600.81,0.1741,20.0,-1603.14,0.174,20.0,-1603.3,0.1894,20.0,-1601.08,0.2633,20.0
616,2024-09-08,0.0,0.28448,7.55,33.125,20.7697916666667,0.0,0.28448,4.6396e-10,0.0,-3.914e-05,-14.866,116.01,-43.585,64.218,-14.066,-1607.6,-1602.3,-1601.1,0.0,0.0,30.969,50.734,7.1496,0.0,-1605.77,0.174,20.0,-1603.15,0.174,20.0,-1601.57,0.1741,20.0,-1601.68,0.1741,20.0,-1602.27,0.1741,20.0,-1601.01,0.1741,20.0,-1603.13,0.174,20.0,-1603.27,0.1894,20.0,-1601.13,0.2633,20.0
617,2024-09-09,0.0,0.39624,14.725,31.3,23.3583333333333,0.0,0.39624,6.2323e-09,0.0,-3.9123e-05,-14.866,116.41,-43.585,64.218,-14.066,-1607.8,-1602.3,-1601.2,0.0,0.0,30.969,50.734,7.1496,0.0,-1605.93,0.174,20.0,-1603.29,0.174,20.0,-1601.66,0.1741,20.0,-1601.67,0.1741,20.0,-1602.19,0.1741,20.0,-1601.13,0.1741,20.0,-1603.13,0.174,20.0,-1603.25,0.1894,20.0,-1601.16,0.2633,20.0
618,2024-09-10,0.0,0.18288,4.85,19.9,13.4197916666667,0.0,0.18288,1.153e-09,0.0,-3.9134e-05,-14.866,116.59,-43.585,64.218,-14.066,-1607.9,-1602.3,-1601.3,0.0,0.0,30.969,50.734,7.1496,0.0,-1606.08,0.174,20.0,-1603.43,0.174,20.0,-1601.76,0.1741,20.0,-1601.66,0.1741,20.0,-1602.13,0.1741,20.0,-1601.23,0.1741,20.0,-1603.13,0.174,20.0,-1603.22,0.1894,20.0,-1601.2,0.2633,20.0
619,2024-09-11,2.0309,0.1524,5.55,21.075,13.0770833333333,0.0,0.1524,-4.624e-09,0.0,-3.9127e-05,-14.866,116.74,-43.585,64.218,-14.067,-1608.1,-1602.3,-1601.4,0.0,0.0,30.969,50.734,7.1496,0.0,-1606.24,0.174,20.0,-1603.57,0.174,20.0,-1601.85,0.1741,20.0,-1601.66,0.1741,20.0,-1602.08,0.1741,20.0,-1601.31,0.1741,20.0,-1603.14,0.174,20.0,-1603.19,0.1894,20.0,-1601.24,0.2633,20.0
620,2024-09-12,0.2568,0.0635,9.4,13.65,10.9677083333333,0.0,0.0635,4.4508e-10,0.0,-3.9124e-05,-14.866,116.81,-43.585,64.218,-14.067,-1608.2,-1602.3,-1601.4,0.0,0.0,30.969,50.734,7.1496,0.0,-1606.39,0.174,20.0,-1603.7,0.174,20.0,-1601.95,0.1741,20.0,-1601.66,0.1741,20.0,-1602.04,0.1741,20.0,-1601.38,0.1741,20.0,-1603.14,0.174,20.0,-1603.16,0.1894,20.0,-1601.28,0.2633,20.0
621,2024-09-13,0.997,0.23876,8.175,19.775,12.7354166666667,0.0,0.23876,4.8126e-09,0.0,-3.9122e-05,-14.866,117.05,-43.585,64.218,-14.067,-1608.4,-1602.3,-1601.5,0.0,0.0,30.969,50.734,7.1496,0.0,-1606.54,0.174,20.0,-1603.83,0.174,20.0,-1602.04,0.1741,20.0,-1601.67,0.1741,20.0,-1602.0,0.1741,20.0,-1601.44,0.1741,20.0,-1603.14,0.174,20.0,-1603.13,0.1894,20.0,-1601.32,0.2633,20.0
622,2024-09-14,0.0,0.35814,8.675,22.475,14.6447916666667,0.0,0.35814,3.735e-09,0.0,-3.9123e-05,-14.866,117.4,-43.585,64.218,-14.067,-1608.5,-1602.4,-1601.5,0.0,0.0,30.969,50.734,7.1496,0.0,-1606.68,0.174,20.0,-1603.96,0.174,20.0,-1602.13,0.1741,20.0,-1601.67,0.1741,20.0,-1601.97,0.1741,20.0,-1601.49,0.1741,20.0,-1603.14,0.174,20.0,-1603.1,0.1894,20.0,-1601.36,0.2633,20.0
623,2024-09-15,0.0,0.17272,5.75,21.275,13.36875,0.0,0.17272,-1.3902e-09,0.0,-3.9114e-05,-14.866,117.58,-43.585,64.218,-14.067,-1608.7,-1602.4,-1601.5,0.0,0.0,30.969,50.734,7.1496,0.0,-1606.83,0.174,20.0,-1604.09,0.174,20.0,-1602.23,0.1741,20.0,-1601.68,0.1741,20.0,-1601.94,0.1741,20.0,-1601.54,0.1741,20.0,-1603.14,0.174,20.0,-1603.07,0.1894,20.0,-1601.4,0.2633,20.0
624,2024-09-16,0.0017,0.19812,6.225,24.45,14.034375,0.0,0.19812,2.2384e-09,0.0,-3.9111e-05,-14.866,117.77,-43.585,64.218,-14.067,-1608.8,-1602.4,-1601.5,0.0,0.0,30.969,50.734,7.1496,0.0,-1606.97,0.174,20.0,-1604.22,0.174,20.0,-1602.32,0.1741,20.0,-1601.69,0.1741,20.0,-1601.92,0.1741,20.0,-1601.58,0.1741,20.0,-1603.14,0.174,20.0,-1603.05,0.1894,20.0,-1601.43,0.2633,20.0
625,2024-09-17,0.0476,0.16764,7.4,23.85,14.7885416666667,0.0,0.16764,-2.9062e-09,0.0,-3.9109e-05,-14.866,117.94,-43.585,64.218,-14.067,-1609.0,-1602.4,-1601.6,0.0,0.0,30.969,50.734,7.1496,0.0,-1607.11,0.174,20.0,-1604.35,0.174,20.0,-1602.41,0.1741,20.0,-1601.71,0.1741,20.0,-1601.9,0.1741,20.0,-1601.62,0.1741,20.0,-1603.15,0.174,20.0,-1603.02,0.1894,20.0,-1601.47,0.2633,20.0
626,2024-09-18,0.0646,0.0889,11.975,17.0,13.821875,0.0,0.0889,1.4036e-09,0.0,-3.9117e-05,-14.866,118.03,-43.585,64.218,-14.067,-1609.1,-1602.4,-1601.6,0.0,0.0,30.969,50.734,7.1496,0.0,-1607.25,0.174,20.0,-1604.47,0.174,20.0,-1602.5,0.1741,20.0,-1601.72,0.1741,20.0,-1601.88,0.1741,20.0,-1601.65,0.1741,20.0,-1603.15,0.174,20.0,-1603.0,0.1894,20.0,-1601.5,0.2633,20.0
627,2024-09-19,0.0221,0.24384,9.125,23.15,15.7333333333333,0.0,0.24384,9.735e-10,0.0,-3.9115e-05,-14.866,118.28,-43.585,64.218,-14.067,-1609.2,-1602.4,-1601.6,0.0,0.0,30.969,50.734,7.1496,0.0,-1607.39,0.174,20.0,-1604.6,0.174,20.0,-1602.59,0.1741,20.0,-1601.73,0.1741,20.0,-1601.86,0.1741,20.0,-1601.68,0.1741,20.0,-1603.15,0.174,20.0,-1602.98,0.1894,20.0,-1601.53,0.2633,20.0
628,2024-09-20,0.0,0.34544,5.775,22.925,13.603125,0.0,0.34544,-1.8019e-10,0.0,-3.9104e-05,-14.866,118.62,-43.585,64.218,-14.067,-1609.4,-1602.4,-1601.6,0.0,0.0,30.969,50.734,7.1496,0.0,-1607.53,0.174,20.0,-1604.72,0.174,20.0,-1602.68,0.1741,20.0,-1601.75,0.1741,20.0,-1601.84,0.1741,20.0,-1601.71,0.1741,20.0,-1603.15,0.174,20.0,-1602.96,0.1894,20.0,-1601.56,0.2633,20.0
629,2024-09-21,0.0,0.19558,-0.575,17.675,9.16666666666667,0.0,0.19558,-6.3073e-10,0.0,-3.9108e-05,-14.866,118.82,-43.585,64.218,-14.067,-1609.5,-1602.4,-1601.6,0.0,0.0,30.968,50.734,7.1496,0.0,-1607.66,0.174,20.0,-1604.84,0.174,20.0,-1602.77,0.1741,20.0,-1601.76,0.1741,20.0,-1601.83,0.1741,20.0,-1601.73,0.1741,20.0,-1603.15,0.174,20.0,-1602.94,0.1894,20.0,-1601.59,0.2633,20.0
630,2024-09-22,0.0,0.32258,3.6,24.525,13.996875,0.0,0.32258,3.6375e-09,0.0,-3.9106e-05,-14.866,119.14,-43.585,64.218,-14.067,-1609.6,-1602.5,-1601.6,0.0,0.0,30.968,50.734,7.1496,0.0,-1607.8,0.1739,20.0,-1604.96,0.174,20.0,-1602.86,0.1741,20.0,-1601.78,0.1741,20.0,-1601.82,0.1741,20.0,-1601.76,0.1741,20.0,-1603.15,0.174,20.0,-1602.92,0.1894,20.0,-1601.61,0.2633,20.0
631,2024-09-23,0.0,0.2667,11.325,25.3,17.1145833333333,0.0,0.2667,3.1704e-09,0.0,-3.911e-05,-14.866,119.41,-43.585,64.218,-14.067,-1609.8,-1602.5,-1601.7,0.0,0.0,30.968,50.734,7.1496,0.0,-1607.93,0.1739,20.0,-1605.08,0.174,20.0,-1602.95,0.1741,20.0,-1601.8,0.1741,20.0,-1601.8,0.1741,20.0,-1601.78,0.1741,20.0,-1603.15,0.174,20.0,-1602.91,0.1894,20.0,-1601.64,0.2633,20.0
632,2024-09-24,0.0,0.44196,13.525,28.825,19.7354166666667,0.0,0.44196,-6.755e-09,0.0,-3.9114e-05,-14.866,119.85,-43.585,64.218,-14.067,-1609.9,-1602.5,-1601.7,0.0,0.0,30.968,50.734,7.1496,0.0,-1608.06,0.1739,20.0,-1605.2,0.174,20.0,-1603.04,0.1741,20.0,-1601.82,0.1741,20.0,-1601.8,0.1741,20.0,-1601.8,0.1741,20.0,-1603.15,0.174,20.0,-1602.89,0.1894,20.0,-1601.66,0.2633,20.0
633,2024-09-25,0.0,0.39624,11.85,31.525,21.0614583333333,0.0,0.39624,2.213e-09,0.0,-3.9118e-05,-14.866,120.24,-43.585,64.218,-14.067,-1610.0,-1602.5,-1601.7,0.0,0.0,30.968,50.734,7.1496,0.0,-1608.19,0.1739,20.0,-1605.32,0.174,20.0,-1603.13,0.174,20.0,-1601.84,0.1741,20.0,-1601.79,0.1741,20.0,-1601.82,0.1741,20.0,-1603.15,0.174,20.0,-1602.88,0.1894,20.0,-1601.68,0.2633,20.0
634,2024-09-26,0.0,0.3175,10.275,22.3,16.628125,0.0,0.3175,6.4471e-09,0.0,-3.9108e-05,-14.866,120.56,-43.585,64.218,-14.067,-1610.2,-1602.5,-1601.7,0.0,0.0,30.968,50.734,7.1496,0.0,-1608.32,0.1739,20.0,-1605.43,0.174,20.0,-1603.21,0.174,20.0,-1601.85,0.1741,20.0,-1601.78,0.1741,20.0,-1601.84,0.1741,20.0,-1603.14,0.174,20.0,-1602.87,0.1894,20.0,-1601.7,0.2633,20.0
635,2024-09-27,0.0,0.40894,10.7,27.65,18.9416666666667,0.0,0.40894,1.2257e-09,0.0,-3.9117e-05,-14.866,120.97,-43.585,64.218,-14.067,-1610.3,-1602.5,-1601.7,0.0,0.0,30.968,50.734,7.1496,0.0,-1608.44,0.1739,20.0,-1605.55,0.174,20.0,-1603.3,0.174,20.0,-1601.88,0.1741,20.0,-1601.78,0.1741,20.0,-1601.85,0.1741,20.0,-1603.14,0.174,20.0,-1602.86,0.1894,20.0,-1601.72,0.2633,20.0
636,2024-09-28,0.0,0.23368,2.175,27.9,15.0822916666667,0.0,0.23368,5.4429e-09,0.0,-3.9111e-05,-14.866,121.2,-43.585,64.218,-14.067,-1610.4,-1602.5,-1601.7,0.0,0.0,30.968,50.734,7.1496,0.0,-1608.57,0.1739,20.0,-1605.66,0.174,20.0,-1603.39,0.174,20.0,-1601.9,0.1741,20.0,-1601.77,0.1741,20.0,-1601.87,0.1741,20.0,-1603.14,0.174,20.0,-1602.84,0.1894,20.0,-1601.74,0.2633,20.0
637,2024-09-29,0.0,0.3175,6.775,25.275,15.2927083333333,0.0,0.3175,4.9292e-09,0.0,-3.9101e-05,-14.866,121.52,-43.585,64.218,-14.067,-1610.6,-1602.5,-1601.7,0.0,0.0,30.968,50.734,7.1496,0.0,-1608.69,0.1739,20.0,-1605.77,0.174,20.0,-1603.47,0.174,20.0,-1601.92,0.1741,20.0,-1601.77,0.1741,20.0,-1601.88,0.1741,20.0,-1603.14,0.174,20.0,-1602.83,0.1894,20.0,-1601.76,0.2633,20.0
638,2024-09-30,0.0,0.20828,-2.1,16.375,7.54375,0.0,0.20828,-5.771e-09,0.0,-3.91e-05,-14.866,121.73,-43.585,64.218,-14.067,-1610.7,-1602.6,-1601.7,0.0,0.0,30.968,50.734,7.1496,0.0,-1608.81,0.1739,20.0,-1605.88,0.174,20.0,-1603.56,0.174,20.0,-1601.94,0.1741,20.0,-1601.77,0.1741,20.0,-1601.9,0.1741,20.0,-1603.13,0.174,20.0,-1602.82,0.1894,20.0,-1601.77,0.2633,20.0
639,2024-10-01,0.0,0.54102,5.775,23.475,15.7708333333333,0.54102,0.0,0.029333,0.0,-3.909e-05,-14.325,121.73,-43.448,64.218,-14.067,-1000000.0,-1698.3,-1601.7,0.0,0.0,30.831,50.734,7.2864,0.0,-3262.51,0.15,20.0,-1623.37,0.1736,20.0,-1603.68,0.174,20.0,-1601.97,0.1741,20.0,-1601.77,0.1741,20.0,-1601.91,0.1741,20.0,-1603.13,0.174,20.0,-1602.82,0.1894,20.0,-1601.79,0.2633,20.0
640,2024-10-02,0.0,0.19304,6.15,18.175,13.4833333333333,0.19304,0.0,0.017444,0.0,-3.9114e-05,-14.132,121.73,-43.427,64.218,-14.067,-1000000.0,-1722.5,-1601.7,0.0,0.0,30.811,50.734,7.3071,0.0,-3917.34,0.1447,20.0,-1675.16,0.1725,20.0,-1604.7,0.174,20.0,-1601.99,0.1741,20.0,-1601.77,0.1741,20.0,-1601.92,0.1741,20.0,-1603.13,0.174,20.0,-1602.81,0.1894,20.0,-1601.8,0.2633,20.0
641,2024-10-03,0.0,0.17526,-2.05,16.775,8.00729166666667,0.17526,0.0,0.013773,0.0,-3.9108e-05,-13.956,121.73,-43.413,64.218,-14.067,-1000000.0,-1738.7,-1601.7,0.0,0.0,30.796,50.734,7.3215,0.0,-4388.78,0.1419,20.0,-1731.94,0.1713,20.0,-1608.43,0.1739,20.0,-1602.02,0.1741,20.0,-1601.77,0.1741,20.0,-1601.93,0.1741,20.0,-1603.12,0.174,20.0,-1602.8,0.1894,20.0,-1601.81,0.2633,20.0
642,2024-10-04,0.0,0.46228,-2.625,28.075,13.103125,0.46228,0.0,0.011476,0.0,-3.9113e-05,-13.494,121.73,-43.401,64.218,-14.067,-1000000.0,-1751.7,-1601.7,0.0,0.0,30.784,50.734,7.3334,0.0,-4707.36,0.1401,20.0,-1786.62,0.1701,20.0,-1614.81,0.1738,20.0,-1602.05,0.1741,20.0,-1601.77,0.1741,20.0,-1601.94,0.1741,20.0,-1603.12,0.174,20.0,-1602.79,0.1894,20.0,-1601.83,0.2633,20.0
643,2024-10-05,0.0,0.254,4.625,18.825,10.7375,0.254,0.0,0.0099121,0.0,-3.9108e-05,-13.24,121.73,-43.391,64.218,-14.067,-1000000.0,-1762.9,-1601.8,0.0,0.0,30.774,50.734,7.3437,0.0,-4937.99,0.1388,20.0,-1838.1,0.169,20.0,-1623.43,0.1736,20.0,-1602.1,0.1741,20.0,-1601.77,0.1741,20.0,-1601.95,0.1741,20.0,-1603.12,0.174,20.0,-1602.78,0.1894,20.0,-1601.84,0.2633,20.0
644,2024-10-06,0.0,0.22352,1.475,25.425,11.9041666666667,0.22352,0.0,0.0089733,0.0,-3.9112e-05,-13.017,121.73,-43.381,64.218,-14.068,-1000000.0,-1773.2,-1601.8,0.0,0.0,30.765,50.734,7.3529,0.0,-5200.77,0.1376,20.0,-1887.35,0.168,20.0,-1633.69,0.1734,20.0,-1602.19,0.1741,20.0,-1601.77,0.1741,20.0,-1601.96,0.1741,20.0,-1603.11,0.174,20.0,-1602.78,0.1894,20.0,-1601.85,0.2633,20.0
645,2024-10-07,0.0,0.33528,7.975,26.675,15.8854166666667,0.33528,0.0,0.0080952,0.0,-3.9111e-05,-12.681,121.73,-43.373,64.218,-14.068,-1000000.0,-1781.5,-1601.8,0.0,0.0,30.756,50.734,7.3612,0.0,-5444.54,0.1366,20.0,-1931.52,0.167,20.0,-1645.04,0.1732,20.0,-1602.35,0.1741,20.0,-1601.78,0.1741,20.0,-1601.97,0.1741,20.0,-1603.11,0.174,20.0,-1602.77,0.1894,20.0,-1601.86,0.2633,20.0
646,2024-10-08,0.0,0.35306,5.6,28.1,16.5020833333333,0.35306,0.0,0.0074958,0.0,-3.9106e-05,-12.328,121.73,-43.366,64.218,-14.068,-1000000.0,-1789.1,-1601.8,0.0,0.0,30.749,50.734,7.3689,0.0,-5637.9,0.1358,20.0,-1973.93,0.1662,20.0,-1657.03,0.1729,20.0,-1602.59,0.1741,20.0,-1601.78,0.1741,20.0,-1601.98,0.1741,20.0,-1603.1,0.174,20.0,-1602.77,0.1894,20.0,-1601.87,0.2633,20.0
647,2024-10-09,0.0,0.2794,8.575,27.2,16.3239583333333,0.2794,0.0,0.0070115,0.0,-3.9107e-05,-12.049,121.73,-43.358,64.218,-14.068,-1000000.0,-1796.2,-1601.8,0.0,0.0,30.741,50.734,7.376,0.0,-5796.42,0.1351,20.0,-2018.51,0.1655,20.0,-1669.38,0.1726,20.0,-1602.95,0.1741,20.0,-1601.79,0.1741,20.0,-1601.99,0.1741,20.0,-1603.1,0.174,20.0,-1602.76,0.1894,20.0,-1601.88,0.2633,20.0
648,2024-10-10,0.0,0.17526,8.0,18.325,13.0291666666667,0.17526,0.0,0.0065931,0.0,-3.9106e-05,-11.874,121.73,-43.352,64.218,-14.068,-1000000.0,-1802.7,-1601.8,0.0,0.0,30.735,50.734,7.3827,0.0,-5930.67,0.1346,20.0,-2059.09,0.1648,20.0,-1681.92,0.1724,20.0,-1603.45,0.174,20.0,-1601.8,0.1741,20.0,-1602.0,0.1741,20.0,-1603.1,0.1741,20.0,-1602.76,0.1894,20.0,-1601.89,0.2633,20.0
649,2024-10-11,0.0,0.12954,-1.275,19.0,8.52083333333333,0.12954,0.0,0.0062287,0.0,-3.9096e-05,-11.744,121.73,-43.345,64.218,-14.068,-1000000.0,-1808.7,-1601.8,0.0,0.0,30.728,50.734,7.389,0.0,-6047.12,0.1341,20.0,-2096.67,0.1643,20.0,-1694.52,0.1721,20.0,-1604.1,0.174,20.0,-1601.81,0.1741,20.0,-1602.0,0.1741,20.0,-1603.09,0.1741,20.0,-1602.75,0.1894,20.0,-1601.9,0.2633,20.0
650,2024-10-12,0.0,0.14732,-1.5,19.0,8.23958333333333,0.14732,0.0,0.0059053,0.0,-3.911e-05,-11.597,121.73,-43.339,64.218,-14.068,-1000000.0,-1814.3,-1601.8,0.0,0.0,30.722,50.734,7.395,0.0,-6150.04,0.1336,20.0,-2131.85,0.1637,20.0,-1707.06,0.1718,20.0,-1604.92,0.174,20.0,-1601.82,0.1741,20.0,-1602.01,0.1741,20.0,-1603.09,0.1741,20.0,-1602.75,0.1894,20.0,-1601.91,0.2633,20.0
651,2024-10-13,0.0,0.15494,-2.575,20.775,7.70520833333333,0.15494,0.0,0.0056135,0.0,-3.9105e-05,-11.442,121.73,-43.334,64.218,-14.068,-1000000.0,-1819.7,-1601.8,0.0,0.0,30.717,50.734,7.4007,0.0,-6242.34,0.1333,20.0,-2164.64,0.1632,20.0,-1719.52,0.1716,20.0,-1605.9,0.174,20.0,-1601.85,0.1741,20.0,-1602.02,0.1741,20.0,-1603.08,0.1741,20.0,-1602.74,0.1894,20.0,-1601.92,0.2633,20.0
652,2024-10-14,0.0,0.3048,3.325,28.675,15.5416666666667,0.3048,0.0,0.0053927,0.0,-3.91e-05,-11.137,121.73,-43.328,64.218,-14.068,-1000000.0,-1824.9,-1601.8,0.0,0.0,30.711,50.734,7.4061,0.0,-6349.92,0.1329,20.0,-2194.42,0.1627,20.0,-1731.88,0.1713,20.0,-1607.05,0.174,20.0,-1601.88,0.1741,20.0,-1602.02,0.1741,20.0,-1603.08,0.1741,20.0,-1602.74,0.1894,20.0,-1601.93,0.2633,20.0
653,2024-10-15,0.0,0.23368,9.2,25.3,16.5291666666667,0.23368,0.0,0.0051905,0.0,-3.91e-05,-10.903,121.73,-43.323,64.218,-14.068,-1000000.0,-1829.5,-1601.8,0.0,0.0,30.706,50.734,7.4113,0.0,-6470.86,0.1325,20.0,-2221.61,0.1623,20.0,-1744.04,0.171,20.0,-1608.36,0.1739,20.0,-1601.92,0.1741,20.0,-1602.03,0.1741,20.0,-1603.07,0.1741,20.0,-1602.73,0.1894,20.0,-1601.94,0.2633,20.0
654,2024-10-16,0.0017,0.25908,3.275,23.65,13.340625,0.25908,0.0,0.005022,0.0,-3.9105e-05,-10.644,121.73,-43.318,64.218,-14.068,-1000000.0,-1834.1,-1601.8,0.0,0.0,30.701,50.734,7.4164,0.0,-6592.01,0.1322,20.0,-2249.42,0.1619,20.0,-1755.93,0.1708,20.0,-1609.84,0.1739,20.0,-1601.97,0.1741,20.0,-1602.04,0.1741,20.0,-1603.07,0.1741,20.0,-1602.73,0.1894,20.0,-1601.95,0.2633,20.0
655,2024-10-17,0.0,0.13716,0.35,11.075,6.71666666666667,0.13716,0.0,0.004861,0.0,-3.9109e-05,-10.507,121.73,-43.313,64.218,-14.068,-1000000.0,-1838.5,-1601.8,0.0,0.0,30.696,50.734,7.4213,0.0,-6711.73,0.1318,20.0,-2276.46,0.1615,20.0,-1767.56,0.1705,20.0,-1611.46,0.1739,20.0,-1602.04,0.1741,20.0,-1602.04,0.1741,20.0,-1603.06,0.1741,20.0,-1602.73,0.1894,20.0,-1601.95,0.2633,20.0
656,2024-10-18,0.0,0.25654,-2.55,12.1,4.97708333333333,0.25654,0.0,0.0047041,0.0,-3.9099e-05,-10.251,121.73,-43.308,64.218,-14.068,-1000000.0,-1843.0,-1601.8,0.0,0.0,30.691,50.734,7.4261,0.0,-6825.66,0.1315,20.0,-2302.29,0.1611,20.0,-1779.1,0.1703,20.0,-1613.23,0.1738,20.0,-1602.13,0.1741,20.0,-1602.05,0.1741,20.0,-1603.06,0.1741,20.0,-1602.72,0.1894,20.0,-1601.96,0.2633,20.0
657,2024-10-19,0.0,0.48768,9.4,21.075,13.7479166666667,0.48768,0.0,0.0045644,0.0,-3.9103e-05,-9.7629,121.73,-43.304,64.218,-14.068,-1000000.0,-1847.2,-1601.8,0.0,0.0,30.686,50.734,7.4306,0.0,-6924.99,0.1312,20.0,-2326.81,0.1607,20.0,-1790.5,0.17,20.0,-1615.13,0.1738,20.0,-1602.24,0.1741,20.0,-1602.06,0.1741,20.0,-1603.05,0.1741,20.0,-1602.72,0.1894,20.0,-1601.97,0.2633,20.0
658,2024-10-20,0.0,0.4064,12.475,22.075,16.8104166666667,0.4064,0.0,0.0044381,0.0,-3.9108e-05,-9.3565,121.73,-43.299,64.218,-14.068,-1000000.0,-1851.3,-1601.8,0.0,0.0,30.682,50.734,7.4351,0.0,-7013.88,0.1309,20.0,-2350.16,0.1603,20.0,-1801.68,0.1698,20.0,-1617.16,0.1737,20.0,-1602.37,0.1741,20.0,-1602.06,0.1741,20.0,-1603.04,0.1741,20.0,-1602.72,0.1894,20.0,-1601.98,0.2633,20.0
659,2024-10-21,0.0204,0.20066,0.875,17.675,11.209375,0.20066,0.0,0.0043221,0.0,-3.9098e-05,-9.1559,121.73,-43.295,64.218,-14.068,-1000000.0,-1855.2,-1601.8,0.0,0.0,30.677,50.734,7.4395,0.0,-7095.91,0.1307,20.0,-2372.59,0.16,20.0,-1812.58,0.1696,20.0,-1619.29,0.1737,20.0,-1602.52,0.1741,20.0,-1602.07,0.1741,20.0,-1603.04,0.1741,20.0,-1602.71,0.1894,20.0,-1601.98,0.2633,20.0
660,2024-10-22,0.0017,0.17272,-1.375,13.4,4.90729166666667,0.17272,0.0,0.0042148,0.0,-3.9109e-05,-8.9832,121.73,-43.291,64.218,-14.068,-1000000.0,-1858.9,-1601.8,0.0,0.0,30.673,50.734,7.4437,0.0,-7171.86,0.1304,20.0,-2394.8,0.1596,20.0,-1823.19,0.1693,20.0,-1621.53,0.1737,20.0,-1602.7,0.1741,20.0,-1602.07,0.1741,20.0,-1603.03,0.1741,20.0,-1602.71,0.1894,20.0,-1601.99,0.2633,20.0
661,2024-10-23,0.0,0.254,-1.7,14.275,6.2875,0.254,0.0,0.0041156,0.0,-3.9109e-05,-8.7292,121.73,-43.287,64.218,-14.068,-1000000.0,-1862.6,-1601.8,0.0,0.0,30.669,50.734,7.4479,0.0,-7241.97,0.1302,20.0,-2416.84,0.1593,20.0,-1833.77,0.1691,20.0,-1623.86,0.1736,20.0,-1602.91,0.1741,20.0,-1602.08,0.1741,20.0,-1603.03,0.1741,20.0,-1602.71,0.1894,20.0,-1601.99,0.2633,20.0
662,2024-10-24,0.0,0.1651,-1.725,11.375,4.2625,0.1651,0.0,0.0040236,0.0,-3.9103e-05,-8.5641,121.73,-43.283,64.218,-14.068,-1000000.0,-1866.1,-1601.8,0.0,0.0,30.665,50.734,7.4519,0.0,-7307.0,0.13,20.0,-2438.53,0.159,20.0,-1844.35,0.1689,20.0,-1626.27,0.1736,20.0,-1603.15,0.174,20.0,-1602.08,0.1741,20.0,-1603.02,0.1741,20.0,-1602.7,0.1894,20.0,-1602.0,0.2633,20.0
663,2024-10-25,0.0,0.10668,-5.4,9.95,2.27291666666667,0.10668,0.0,0.0039376,0.0,-3.9093e-05,-8.4574,121.73,-43.279,64.218,-14.068,-1000000.0,-1869.4,-1601.8,0.0,0.0,30.661,50.734,7.4559,0.0,-7367.82,0.1298,20.0,-2459.68,0.1586,20.0,-1854.77,0.1687,20.0,-1628.76,0.1735,20.0,-1603.42,0.174,20.0,-1602.09,0.1741,20.0,-1603.02,0.1741,20.0,-1602.7,0.1894,20.0,-1602.01,0.2633,20.0
664,2024-10-26,0.0,0.27686,-2.675,19.975,9.38229166666667,0.27686,0.0,0.0038565,0.0,-3.9092e-05,-8.1805,121.73,-43.275,64.218,-14.068,-1000000.0,-1872.7,-1601.8,0.0,0.0,30.657,50.734,7.4597,0.0,-7425.21,0.1297,20.0,-2480.93,0.1583,20.0,-1864.97,0.1684,20.0,-1631.31,0.1734,20.0,-1603.72,0.174,20.0,-1602.1,0.1741,20.0,-1603.01,0.1741,20.0,-1602.7,0.1894,20.0,-1602.01,0.2633,20.0
665,2024-10-27,0.0,0.32766,3.925,21.775,11.284375,0.32766,0.0,0.0037797,0.0,-3.9107e-05,-7.8529,121.73,-43.271,64.218,-14.068,-1000000.0,-1875.9,-1601.8,0.0,0.0,30.653,50.734,7.4635,0.0,-7479.79,0.1295,20.0,-2504.37,0.1581,20.0,-1874.93,0.1682,20.0,-1633.92,0.1734,20.0,-1604.06,0.174,20.0,-1602.1,0.1741,20.0,-1603.01,0.1741,20.0,-1602.7,0.1894,20.0,-1602.02,0.2633,20.0
666,2024-10-28,0.0,0.21336,-3.725,12.75,5.74479166666667,0.21336,0.0,0.0037061,0.0,-3.9098e-05,-7.6395,121.73,-43.267,64.218,-14.068,-1000000.0,-1879.0,-1601.8,0.0,0.0,30.649,50.734,7.4673,0.0,-7532.02,0.1293,20.0,-2525.88,0.1578,20.0,-1884.68,0.168,20.0,-1636.59,0.1733,20.0,-1604.42,0.174,20.0,-1602.11,0.1741,20.0,-1603.0,0.1741,20.0,-1602.69,0.1894,20.0,-1602.02,0.2633,20.0
667,2024-10-29,0.0,0.08128,-7.775,9.6,0.632291666666667,0.08128,0.0,0.0036355,0.0,-3.9102e-05,-7.5582,121.73,-43.263,64.218,-14.068,-1000000.0,-1882.1,-1601.8,0.0,0.0,30.646,50.734,7.4709,0.0,-7582.14,0.1292,20.0,-2546.27,0.1576,20.0,-1894.41,0.1678,20.0,-1639.3,0.1733,20.0,-1604.82,0.174,20.0,-1602.12,0.1741,20.0,-1603.0,0.1741,20.0,-1602.69,0.1894,20.0,-1602.03,0.2633,20.0
668,2024-10-30,0.0,0.17526,-5.625,9.95,1.42916666666667,0.17526,0.0,0.0035676,0.0,-3.9102e-05,-7.383,121.73,-43.26,64.218,-14.068,-1000000.0,-1885.1,-1601.8,0.0,0.0,30.642,50.734,7.4745,0.0,-7630.29,0.129,20.0,-2565.86,0.1574,20.0,-1904.62,0.1676,20.0,-1642.06,0.1732,20.0,-1605.26,0.174,20.0,-1602.13,0.1741,20.0,-1602.99,0.1741,20.0,-1602.69,0.1894,20.0,-1602.03,0.2633,20.0
669,2024-10-31,0.0,0.14732,-3.35,8.6,1.44270833333333,0.14732,0.0,0.0035021,0.0,-3.9097e-05,-7.2356,121.73,-43.256,64.218,-14.068,-1000000.0,-1888.1,-1601.8,0.0,0.0,30.639,50.734,7.478,0.0,-7676.59,0.1289,20.0,-2584.78,0.1572,20.0,-1914.74,0.1674,20.0,-1644.84,0.1732,20.0,-1605.73,0.174,20.0,-1602.14,0.1741,20.0,-1602.99,0.1741,20.0,-1602.69,0.1894,20.0,-1602.04,0.2633,20.0
670,2024-11-01,0.0,0.17018,-3.825,9.1,2.42291666666667,0.17018,0.0,0.0034388,0.0,-3.9097e-05,-7.0655,121.73,-43.253,64.218,-14.069,-1000000.0,-1891.0,-1601.8,0.0,0.0,30.635,50.734,7.4815,0.0,-7721.15,0.1288,20.0,-2603.05,0.157,20.0,-1924.64,0.1672,20.0,-1647.66,0.1731,20.0,-1606.23,0.174,20.0,-1602.16,0.1741,20.0,-1602.98,0.1741,20.0,-1602.69,0.1894,20.0,-1602.04,0.2633,20.0
671,2024-11-02,0.0,0.21082,1.775,11.425,6.10416666666667,0.21082,0.0,0.0033777,0.0,-3.9092e-05,-6.8546,121.73,-43.25,64.218,-14.069,-1000000.0,-1893.8,-1601.8,0.0,0.0,30.632,50.734,7.4849,0.0,-7764.08,0.1286,20.0,-2620.72,0.1568,20.0,-1934.32,0.1669,20.0,-1650.51,0.173,20.0,-1606.76,0.174,20.0,-1602.17,0.1741,20.0,-1602.98,0.1741,20.0,-1602.68,0.1894,20.0,-1602.05,0.2633,20.0
672,2024-11-03,0.0,0.1016,-2.075,8.975,2.288,0.1016,0.0,0.0033186,0.0,-3.9097e-05,-6.753,121.73,-43.246,64.218,-14.069,-1000000.0,-1896.6,-1601.8,0.0,0.0,30.628,50.734,7.4882,0.0,-7805.49,0.1285,20.0,-2637.79,0.1566,20.0,-1943.79,0.1667,20.0,-1653.38,0.173,20.0,-1607.32,0.174,20.0,-1602.19,0.1741,20.0,-1602.97,0.1741,20.0,-1602.68,0.1894,20.0,-1602.05,0.2633,20.0
673,2024-11-04,0.0,0.21844,-3.15,7.625,2.86875,0.21844,0.0,0.0032613,0.0,-3.9092e-05,-6.5346,121.73,-43.243,64.218,-14.069,-1000000.0,-1899.3,-1601.8,0.0,0.0,30.625,50.734,7.4915,0.0,-7845.47,0.1284,20.0,-2654.31,0.1564,20.0,-1953.06,0.1665,20.0,-1656.28,0.1729,20.0,-1607.92,0.1739,20.0,-1602.2,0.1741,20.0,-1602.97,0.1741,20.0,-1602.68,0.1894,20.0,-1602.05,0.2633,20.0
674,2024-11-05,0.1666,0.07874,-2.95,3.575,0.690625,0.07874,0.0,0.0032058,0.0,-3.9093e-05,-6.4559,121.73,-43.24,64.218,-14.069,-1000000.0,-1902.0,-1601.8,0.0,0.0,30.622,50.734,7.4947,0.0,-7884.11,0.1283,20.0,-2670.28,0.1562,20.0,-1962.12,0.1664,20.0,-1659.19,0.1728,20.0,-1608.55,0.1739,20.0,-1602.22,0.1741,20.0,-1602.96,0.1741,20.0,-1602.68,0.1894,20.0,-1602.06,0.2633,20.0
675,2024-11-06,0.0357,0.1524,-8.175,8.25,-0.05625,0.1524,0.0,0.0031519,0.0,-3.9103e-05,-6.3035,121.73,-43.237,64.218,-14.069,-1000000.0,-1904.7,-1601.8,0.0,0.0,30.618,50.734,7.4979,0.0,-7921.49,0.1282,20.0,-2685.76,0.156,20.0,-1972.31,0.1662,20.0,-1662.11,0.1728,20.0,-1609.21,0.1739,20.0,-1602.25,0.1741,20.0,-1602.96,0.1741,20.0,-1602.68,0.1894,20.0,-1602.06,0.2633,20.0
676,2024-11-07,0.0,0.28702,1.9,13.625,6.85,0.28702,0.0,0.0031078,0.0,-3.9097e-05,-6.0164,121.73,-43.233,64.218,-14.069,-1000000.0,-1907.3,-1601.8,0.0,0.0,30.615,50.734,7.501,0.0,-7973.08,0.1281,20.0,-2700.77,0.1559,20.0,-1981.78,0.166,20.0,-1665.04,0.1727,20.0,-1609.89,0.1739,20.0,-1602.27,0.1741,20.0,-1602.95,0.1741,20.0,-1602.67,0.1894,20.0,-1602.07,0.2633,20.0
677,2024-11-08,0.0,0.25146,2.375,17.8,9.1375,0.25146,0.0,0.0030696,0.0,-3.9107e-05,-5.765,121.73,-43.23,64.218,-14.069,-1000000.0,-1909.7,-1601.8,0.0,0.0,30.612,50.734,7.504,0.0,-8027.23,0.1279,20.0,-2715.35,0.1557,20.0,-1990.82,0.1659,20.0,-1667.99,0.1727,20.0,-1610.61,0.1739,20.0,-1602.3,0.1741,20.0,-1602.95,0.1741,20.0,-1602.67,0.1894,20.0,-1602.07,0.2633,20.0
678,2024-11-09,0.0,0.11176,2.375,16.425,7.759375,0.11176,0.0,0.0030341,0.0,-3.9106e-05,-5.6532,121.73,-43.227,64.218,-14.069,-1000000.0,-1912.1,-1601.8,0.0,0.0,30.609,50.734,7.5071,0.0,-8082.38,0.1278,20.0,-2729.72,0.1556,20.0,-1999.6,0.1658,20.0,-1670.94,0.1726,20.0,-1611.35,0.1739,20.0,-1602.33,0.1741,20.0,-1602.94,0.1741,20.0,-1602.67,0.1894,20.0,-1602.08,0.2633,20.0
679,2024-11-10,0.0,0.10414,1.475,11.075,6.82291666666667,0.10414,0.0,0.0029992,0.0,-3.9102e-05,-5.5491,121.73,-43.224,64.218,-14.069,-1000000.0,-1914.6,-1601.8,0.0,0.0,30.606,50.734,7.5101,0.0,-8138.37,0.1277,20.0,-2743.6,0.1554,20.0,-2008.2,0.1656,20.0,-1673.89,0.1725,20.0,-1612.12,0.1739,20.0,-1602.37,0.1741,20.0,-1602.94,0.1741,20.0,-1602.67,0.1894,20.0,-1602.08,0.2633,20.0
680,2024-11-11,0.0,0.18542,-0.1,15.325,7.02083333333333,0.18542,0.0,0.0029644,0.0,-3.9106e-05,-5.3637,121.73,-43.221,64.218,-14.069,-1000000.0,-1917.0,-1601.8,0.0,0.0,30.603,50.734,7.5131,0.0,-8195.08,0.1276,20.0,-2756.81,0.1553,20.0,-2016.66,0.1655,20.0,-1676.85,0.1725,20.0,-1612.92,0.1738,20.0,-1602.41,0.1741,20.0,-1602.93,0.1741,20.0,-1602.67,0.1894,20.0,-1602.08,0.2633,20.0
681,2024-11-12,0.0,0.18288,1.1,10.675,5.13958333333333,0.18288,0.0,0.0029293,0.0,-3.9102e-05,-5.1808,121.73,-43.218,64.218,-14.069,-1000000.0,-1919.4,-1601.8,0.0,0.0,30.6,50.734,7.516,0.0,-8252.35,0.1274,20.0,-2769.43,0.1551,20.0,-2024.98,0.1654,20.0,-1679.82,0.1724,20.0,-1613.74,0.1738,20.0,-1602.45,0.1741,20.0,-1602.93,0.1741,20.0,-1602.67,0.1894,20.0,-1602.09,0.2633,20.0
682,2024-11-13,0.0,0.2794,0.1,11.425,5.85625,0.2794,0.0,0.002894,0.0,-3.9096e-05,-4.9014,121.73,-43.215,64.218,-14.069,-1000000.0,-1921.9,-1601.8,0.0,0.0,30.597,50.734,7.5189,0.0,-8309.99,0.1273,20.0,-2782.72,0.155,20.0,-2033.18,0.1652,20.0,-1682.78,0.1723,20.0,-1614.59,0.1738,20.0,-1602.5,0.1741,20.0,-1602.92,0.1741,20.0,-1602.66,0.1894,20.0,-1602.09,0.2633,20.0
683,2024-11-14,0.0,0.2413,-1.7,11.575,5.62083333333333,0.2413,0.0,0.0028586,0.0,-3.9091e-05,-4.6601,121.73,-43.213,64.218,-14.069,-1000000.0,-1924.3,-1601.8,0.0,0.0,30.594,50.734,7.5218,0.0,-8367.71,0.1272,20.0,-2796.1,0.1548,20.0,-2041.47,0.1651,20.0,-1685.74,0.1723,20.0,-1615.46,0.1738,20.0,-1602.55,0.1741,20.0,-1602.92,0.1741,20.0,-1602.66,0.1894,20.0,-1602.09,0.2633,20.0
684,2024-11-15,0.0,0.06858,-6.025,8.2,0.633333333333333,0.06858,0.0,0.0028231,0.0,-3.9096e-05,-4.5915,121.73,-43.21,64.218,-14.069,-1000000.0,-1926.7,-1601.8,0.0,0.0,30.591,50.734,7.5246,0.0,-8425.13,0.1271,20.0,-2809.26,0.1547,20.0,-2049.7,0.165,20.0,-1688.69,0.1722,20.0,-1616.35,0.1738,20.0,-1602.61,0.1741,20.0,-1602.91,0.1741,20.0,-1602.66,0.1894,20.0,-1602.1,0.2633,20.0
685,2024-11-16,0.0,0.14986,-12.75,7.6,-1.82604166666667,0.14986,0.0,0.002788,0.0,-3.9091e-05,-4.4416,121.73,-43.207,64.218,-14.069,-1000000.0,-1929.2,-1601.8,0.0,0.0,30.588,50.734,7.5274,0.0,-8481.92,0.127,20.0,-2822.11,0.1545,20.0,-2057.68,0.1649,20.0,-1691.64,0.1722,20.0,-1617.27,0.1737,20.0,-1602.67,0.1741,20.0,-1602.91,0.1741,20.0,-1602.66,0.1894,20.0,-1602.1,0.2633,20.0
686,2024-11-17,0.0,0.3175,2.725,9.775,5.85416666666667,0.3175,0.0,0.002754,0.0,-3.91e-05,-4.1241,121.73,-43.204,64.218,-14.069,-1000000.0,-1931.6,-1601.8,0.0,0.0,30.586,50.734,7.5302,0.0,-8534.32,0.1268,20.0,-2834.71,0.1544,20.0,-2065.46,0.1647,20.0,-1694.59,0.1721,20.0,-1618.2,0.1737,20.0,-1602.73,0.1741,20.0,-1602.9,0.1741,20.0,-1602.66,0.1894,20.0,-1602.1,0.2633,20.0
687,2024-11-18,0.0,0.13462,-10.125,4.45,0.1625,0.13462,0.0,0.0027225,0.0,-3.9096e-05,-3.9895,121.73,-43.201,64.218,-14.069,-1000000.0,-1933.9,-1601.8,0.0,0.0,30.583,50.734,7.5329,0.0,-8581.85,0.1267,20.0,-2847.11,0.1542,20.0,-2073.07,0.1646,20.0,-1697.53,0.172,20.0,-1619.16,0.1737,20.0,-1602.8,0.1741,20.0,-1602.9,0.1741,20.0,-1602.66,0.1894,20.0,-1602.11,0.2633,20.0
688,2024-11-19,0.0,0.04064,-13.8,3.675,-5.725,0.04064,0.0,0.0026932,0.0,-3.9101e-05,-3.9489,121.73,-43.199,64.218,-14.069,-1000000.0,-1936.1,-1601.8,0.0,0.0,30.58,50.734,7.5356,0.0,-8625.94,0.1266,20.0,-2859.36,0.1541,20.0,-2080.52,0.1645,20.0,-1700.47,0.172,20.0,-1620.13,0.1737,20.0,-1602.88,0.1741,20.0,-1602.9,0.1741,20.0,-1602.65,0.1894,20.0,-1602.11,0.2633,20.0
689,2024-11-20,0.0,0.03048,-14.175,-3.125,-9.021875,0.03048,0.0,0.0026658,0.0,-3.9096e-05,-3.9184,121.73,-43.196,64.218,-14.069,-1000000.0,-1938.3,-1601.8,0.0,0.0,30.577,50.734,7.5383,0.0,-8667.61,0.1265,20.0,-2871.46,0.154,20.0,-2087.83,0.1644,20.0,-1703.4,0.1719,20.0,-1621.13,0.1737,20.0,-1602.96,0.1741,20.0,-1602.89,0.1741,20.0,-1602.65,0.1894,20.0,-1602.11,0.2633,20.0
690,2024-11-21,0.0,0.04064,-10.3,0.7,-5.24479166666667,0.04064,0.0,0.0026398,0.0,-3.9092e-05,-3.8778,121.73,-43.193,64.218,-14.069,-1000000.0,-1940.5,-1601.8,0.0,0.0,30.575,50.734,7.5409,0.0,-8707.55,0.1265,20.0,-2883.41,0.1538,20.0,-2095.01,0.1643,20.0,-1706.32,0.1718,20.0,-1622.14,0.1736,20.0,-1603.05,0.1741,20.0,-1602.89,0.1741,20.0,-1602.65,0.1894,20.0,-1602.11,0.2633,20.0
691,2024-11-22,0.0,0.0127,-11.55,-6.6,-8.44895833333333,0.0127,0.0,0.002615,0.0,-3.9096e-05,-3.8651,121.73,-43.191,64.218,-14.069,-1000000.0,-1942.5,-1601.8,0.0,0.0,30.572,50.734,7.5435,0.0,-8746.2,0.1264,20.0,-2895.21,0.1537,20.0,-2102.07,0.1642,20.0,-1709.23,0.1718,20.0,-1623.16,0.1736,20.0,-1603.14,0.174,20.0,-1602.88,0.1741,20.0,-1602.65,0.1894,20.0,-1602.12,0.2633,20.0
692,2024-11-23,0.0,0.02032,-12.325,-5.45,-8.29583333333333,0.02032,0.0,0.0025909,0.0,-3.9101e-05,-3.8447,121.73,-43.188,64.218,-14.069,-1000000.0,-1944.6,-1601.8,0.0,0.0,30.569,50.734,7.5461,0.0,-8783.88,0.1263,20.0,-2906.85,0.1536,20.0,-2109.06,0.1641,20.0,-1712.14,0.1717,20.0,-1624.21,0.1736,20.0,-1603.24,0.174,20.0,-1602.88,0.1741,20.0,-1602.65,0.1894,20.0,-1602.12,0.2633,20.0
693,2024-11-24,0.0,0.01778,-17.625,-8.025,-11.8416666666667,0.01778,0.0,0.0025675,0.0,-3.911e-05,-3.827,121.73,-43.186,64.218,-14.069,-1000000.0,-1946.7,-1601.8,0.0,0.0,30.567,50.734,7.5487,0.0,-8820.8,0.1262,20.0,-2918.33,0.1534,20.0,-2116.02,0.164,20.0,-1715.03,0.1717,20.0,-1625.27,0.1736,20.0,-1603.34,0.174,20.0,-1602.87,0.1741,20.0,-1602.65,0.1894,20.0,-1602.12,0.2633,20.0
694,2024-11-25,0.0,0.01778,-16.125,-6.975,-12.503125,0.01778,0.0,0.0025446,0.0,-3.9101e-05,-3.8092,121.73,-43.183,64.218,-14.069,-1000000.0,-1948.7,-1601.8,0.0,0.0,30.564,50.734,7.5513,0.0,-8857.12,0.1261,20.0,-2929.64,0.1533,20.0,-2122.87,0.1639,20.0,-1717.91,0.1716,20.0,-1626.34,0.1736,20.0,-1603.45,0.174,20.0,-1602.87,0.1741,20.0,-1602.65,0.1894,20.0,-1602.13,0.2633,20.0
695,2024-11-26,0.2805,0.0762,-15.125,6.225,-2.65625,0.0762,0.0,0.0025221,0.0,-3.9096e-05,-3.733,121.73,-43.181,64.218,-14.07,-1000000.0,-1950.7,-1601.8,0.0,0.0,30.562,50.734,7.5538,0.0,-8892.7,0.1261,20.0,-2941.01,0.1532,20.0,-2129.61,0.1638,20.0,-1720.78,0.1715,20.0,-1627.43,0.1735,20.0,-1603.57,0.174,20.0,-1602.87,0.1741,20.0,-1602.64,0.1894,20.0,-1602.13,0.2633,20.0
696,2024-11-27,0.0,0.02286,-13.4,-3.525,-6.928125,0.02286,0.0,0.0025002,0.0,-3.9106e-05,-3.7101,121.73,-43.178,64.218,-14.07,-1000000.0,-1952.7,-1601.8,0.0,0.0,30.559,50.734,7.5563,0.0,-8927.24,0.126,20.0,-2952.59,0.1531,20.0,-2136.29,0.1637,20.0,-1723.64,0.1715,20.0,-1628.53,0.1735,20.0,-1603.69,0.174,20.0,-1602.86,0.1741,20.0,-1602.64,0.1894,20.0,-1602.13,0.2633,20.0
697,2024-11-28,0.0119,0.04064,-13.2,3.8,-6.37708333333333,0.04064,0.0,0.0024789,0.0,-3.9101e-05,-3.6695,121.73,-43.176,64.218,-14.07,-1000000.0,-1954.7,-1601.8,0.0,0.0,30.557,50.734,7.5588,0.0,-8960.52,0.1259,20.0,-2964.25,0.1529,20.0,-2142.94,0.1635,20.0,-1726.5,0.1714,20.0,-1629.64,0.1735,20.0,-1603.82,0.174,20.0,-1602.86,0.1741,20.0,-1602.64,0.1894,20.0,-1602.13,0.2633,20.0
698,2024-11-29,0.0,0.01778,-15.55,-7.675,-11.6479166666667,0.01778,0.0,0.0024583,0.0,-3.9091e-05,-3.6517,121.73,-43.173,64.218,-14.07,-1000000.0,-1956.7,-1601.8,0.0,0.0,30.554,50.734,7.5612,0.0,-8992.59,0.1258,20.0,-2975.86,0.1528,20.0,-2149.52,0.1634,20.0,-1729.34,0.1713,20.0,-1630.76,0.1735,20.0,-1603.95,0.174,20.0,-1602.85,0.1741,20.0,-1602.64,0.1894,20.0,-1602.14,0.2633,20.0
699,2024-11-30,0.0,0.11938,-14.65,4.725,0.494791666666667,0.11938,0.0,0.0024384,0.0,-3.9101e-05,-3.5323,121.73,-43.171,64.218,-14.07,-1000000.0,-1958.6,-1601.8,0.0,0.0,30.552,50.734,7.5637,0.0,-9023.54,0.1258,20.0,-2987.38,0.1527,20.0,-2156.04,0.1633,20.0,-1732.17,0.1713,20.0,-1631.9,0.1734,20.0,-1604.09,0.174,20.0,-1602.85,0.1741,20.0,-1602.64,0.1894,20.0,-1602.14,0.2633,20.0
700,2024-12-01,0.0,0.03302,-18.475,0.575,-11.190625,0.03302,0.0,0.0024191,0.0,-3.9105e-05,-3.4993,121.73,-43.168,64.218,-14.07,-1000000.0,-1960.5,-1601.8,0.0,0.0,30.549,50.734,7.5661,0.0,-9053.5,0.1257,20.0,-2998.78,0.1525,20.0,-2162.49,0.1632,20.0,-1734.99,0.1712,20.0,-1633.05,0.1734,20.0,-1604.24,0.174,20.0,-1602.85,0.1741,20.0,-1602.64,0.1894,20.0,-1602.14,0.2633,20.0
701,2024-12-02,0.0,0.08128,-17.525,9.175,-4.25416666666667,0.08128,0.0,0.0024004,0.0,-3.9106e-05,-3.418,121.73,-43.166,64.218,-14.07,-1000000.0,-1962.3,-1601.8,0.0,0.0,30.547,50.734,7.5685,0.0,-9082.6,0.1256,20.0,-3010.03,0.1524,20.0,-2168.86,0.1631,20.0,-1737.8,0.1712,20.0,-1634.2,0.1734,20.0,-1604.4,0.174,20.0,-1602.84,0.1741,20.0,-1602.64,0.1894,20.0,-1602.14,0.2633,20.0
702,2024-12-03,0.0,0.15748,-4.2,12.9,3.23958333333333,0.15748,0.0,0.0023823,0.0,-3.9106e-05,-3.2605,121.73,-43.163,64.218,-14.07,-1000000.0,-1964.2,-1601.8,0.0,0.0,30.544,50.734,7.5709,0.0,-9110.95,0.1256,20.0,-3021.13,0.1523,20.0,-2175.17,0.163,20.0,-1740.59,0.1711,20.0,-1635.37,0.1734,20.0,-1604.56,0.174,20.0,-1602.84,0.1741,20.0,-1602.63,0.1894,20.0,-1602.15,0.2633,20.0
703,2024-12-04,0.0,0.04826,-7.125,9.45,0.595833333333333,0.04826,0.0,0.0023646,0.0,-3.91e-05,-3.2123,121.73,-43.161,64.218,-14.07,-1000000.0,-1966.0,-1601.8,0.0,0.0,30.542,50.734,7.5733,0.0,-9138.66,0.1255,20.0,-3032.08,0.1522,20.0,-2181.45,0.163,20.0,-1743.37,0.171,20.0,-1636.55,0.1733,20.0,-1604.72,0.174,20.0,-1602.84,0.1741,20.0,-1602.63,0.1894,20.0,-1602.15,0.2633,20.0
704,2024-12-05,0.0,0.18034,-7.7,13.975,4.06354166666667,0.18034,0.0,0.0023473,0.0,-3.9105e-05,-3.0319,121.73,-43.159,64.218,-14.07,-1000000.0,-1967.8,-1601.8,0.0,0.0,30.54,50.734,7.5756,0.0,-9165.79,0.1255,20.0,-3042.89,0.1521,20.0,-2187.67,0.1629,20.0,-1746.14,0.171,20.0,-1637.73,0.1733,20.0,-1604.9,0.174,20.0,-1602.83,0.1741,20.0,-1602.63,0.1894,20.0,-1602.15,0.2633,20.0
705,2024-12-06,0.0,0.28956,4.025,13.8,8.015625,0.28956,0.0,0.0023303,0.0,-3.9096e-05,-2.7424,121.73,-43.156,64.218,-14.07,-1000000.0,-1969.6,-1601.9,0.0,0.0,30.537,50.734,7.578,0.0,-9192.43,0.1254,20.0,-3053.54,0.1519,20.0,-2193.82,0.1628,20.0,-1748.9,0.1709,20.0,-1638.92,0.1733,20.0,-1605.08,0.174,20.0,-1602.83,0.1741,20.0,-1602.63,0.1894,20.0,-1602.15,0.2633,20.0
706,2024-12-07,0.0,0.36576,7.625,14.2,10.95,0.36576,0.0,0.0023137,0.0,-3.9101e-05,-2.3766,121.73,-43.154,64.218,-14.07,-1000000.0,-1971.3,-1601.9,0.0,0.0,30.535,50.734,7.5803,0.0,-9218.61,0.1254,20.0,-3064.06,0.1518,20.0,-2199.88,0.1627,20.0,-1751.65,0.1709,20.0,-1640.12,0.1733,20.0,-1605.26,0.174,20.0,-1602.83,0.1741,20.0,-1602.63,0.1894,20.0,-1602.15,0.2633,20.0
707,2024-12-08,0.0,0.12954,-2.8,7.3,2.18020833333333,0.12954,0.0,0.0022973,0.0,-3.91e-05,-2.2471,121.73,-43.152,64.218,-14.07,-1000000.0,-1973.1,-1601.9,0.0,0.0,30.532,50.734,7.5826,0.0,-9244.4,0.1253,20.0,-3074.43,0.1517,20.0,-2205.85,0.1626,20.0,-1754.39,0.1708,20.0,-1641.33,0.1732,20.0,-1605.46,0.174,20.0,-1602.83,0.1741,20.0,-1602.63,0.1894,20.0,-1602.16,0.2633,20.0
708,2024-12-09,0.0,0.05842,-6.425,4.475,-1.75104166666667,0.05842,0.0,0.0022811,0.0,-3.9105e-05,-2.1887,121.73,-43.15,64.218,-14.07,-1000000.0,-1974.8,-1601.9,0.0,0.0,30.53,50.734,7.5849,0.0,-9269.84,0.1252,20.0,-3084.65,0.1516,20.0,-2211.73,0.1625,20.0,-1757.12,0.1707,20.0,-1642.54,0.1732,20.0,-1605.66,0.174,20.0,-1602.82,0.1741,20.0,-1602.63,0.1894,20.0,-1602.16,0.2633,20.0
709,2024-12-10,0.0,0.06858,-6.675,2.775,-1.2125,0.06858,0.0,0.0022652,0.0,-3.9095e-05,-2.1201,121.73,-43.147,64.218,-14.07,-1000000.0,-1976.5,-1601.9,0.0,0.0,30.528,50.734,7.5871,0.0,-9294.94,0.1252,20.0,-3094.74,0.1515,20.0,-2217.53,0.1624,20.0,-1759.84,0.1707,20.0,-1643.76,0.1732,20.0,-1605.86,0.174,20.0,-1602.82,0.1741,20.0,-1602.63,0.1894,20.0,-1602.16,0.2633,20.0
710,2024-12-11,0.0,0.10668,-0.55,8.075,3.07916666666667,0.10668,0.0,0.0022495,0.0,-3.9101e-05,-2.0134,121.73,-43.145,64.218,-14.07,-1000000.0,-1978.2,-1601.9,0.0,0.0,30.526,50.734,7.5894,0.0,-9319.74,0.1251,20.0,-3104.69,0.1514,20.0,-2223.24,0.1623,20.0,-1762.55,0.1706,20.0,-1644.99,0.1732,20.0,-1606.07,0.174,20.0,-1602.82,0.1741,20.0,-1602.62,0.1894,20.0,-1602.16,0.2633,20.0
711,2024-12-12,0.0,0.05588,-8.525,7.4,-1.64479166666667,0.05588,0.0,0.002234,0.0,-3.9091e-05,-1.9575,121.73,-43.143,64.218,-14.07,-1000000.0,-1979.9,-1601.9,0.0,0.0,30.523,50.734,7.5916,0.0,-9344.27,0.1251,20.0,-3114.51,0.1513,20.0,-2228.87,0.1622,20.0,-1765.25,0.1706,20.0,-1646.22,0.1731,20.0,-1606.29,0.174,20.0,-1602.82,0.1741,20.0,-1602.62,0.1894,20.0,-1602.16,0.2633,20.0
712,2024-12-13,0.0,0.13462,-5.975,8.875,1.35416666666667,0.13462,0.0,0.0022186,0.0,-3.9106e-05,-1.8229,121.73,-43.141,64.218,-14.07,-1000000.0,-1981.6,-1601.9,0.0,0.0,30.521,50.734,7.5938,0.0,-9368.55,0.125,20.0,-3124.19,0.1511,20.0,-2234.42,0.1621,20.0,-1767.93,0.1705,20.0,-1647.46,0.1731,20.0,-1606.52,0.174,20.0,-1602.82,0.1741,20.0,-1602.62,0.1894,20.0,-1602.16,0.2633,20.0
713,2024-12-14,0.0,0.18542,-2.075,10.15,4.35833333333333,0.18542,0.0,0.0022033,0.0,-3.9091e-05,-1.6375,121.73,-43.138,64.218,-14.07,-1000000.0,-1983.3,-1601.9,0.0,0.0,30.519,50.734,7.5961,0.0,-9392.59,0.125,20.0,-3135.64,0.1511,20.0,-2239.89,0.162,20.0,-1770.59,0.1705,20.0,-1648.7,0.1731,20.0,-1606.75,0.174,20.0,-1602.82,0.1741,20.0,-1602.62,0.1894,20.0,-1602.17,0.2633,20.0
714,2024-12-15,0.0,0.10922,-2.55,4.65,1.23958333333333,0.10922,0.0,0.0021882,0.0,-3.9101e-05,-1.5283,121.73,-43.136,64.218,-14.07,-1000000.0,-1985.0,-1601.9,0.0,0.0,30.517,50.734,7.5982,0.0,-9416.42,0.1249,20.0,-3146.55,0.151,20.0,-2245.32,0.162,20.0,-1773.25,0.1704,20.0,-1649.95,0.173,20.0,-1606.99,0.174,20.0,-1602.82,0.1741,20.0,-1602.62,0.1894,20.0,-1602.17,0.2633,20.0
715,2024-12-16,0.0,0.05842,-7.225,-0.025,-3.25416666666667,0.05842,0.0,0.0021732,0.0,-3.91e-05,-1.4698,121.73,-43.134,64.218,-14.07,-1000000.0,-1986.7,-1601.9,0.0,0.0,30.514,50.734,7.6004,0.0,-9440.02,0.1249,20.0,-3157.03,0.1509,20.0,-2250.84,0.1619,20.0,-1775.9,0.1703,20.0,-1651.2,0.173,20.0,-1607.23,0.174,20.0,-1602.82,0.1741,20.0,-1602.62,0.1894,20.0,-1602.17,0.2633,20.0
716,2024-12-17,0.0,0.02032,-9.3,-4.675,-6.98541666666667,0.02032,0.0,0.0021584,0.0,-3.91e-05,-1.4495,121.73,-43.132,64.218,-14.07,-1000000.0,-1988.4,-1601.9,0.0,0.0,30.512,50.734,7.6026,0.0,-9463.39,0.1248,20.0,-3167.28,0.1508,20.0,-2256.44,0.1618,20.0,-1778.54,0.1703,20.0,-1652.45,0.173,20.0,-1607.48,0.174,20.0,-1602.81,0.1741,20.0,-1602.62,0.1894,20.0,-1602.17,0.2633,20.0
717,2024-12-18,0.0,0.17272,-11.025,10.75,1.13854166666667,0.17272,0.0,0.0021437,0.0,-3.9096e-05,-1.2768,121.73,-43.13,64.218,-14.07,-1000000.0,-1990.1,-1601.9,0.0,0.0,30.51,50.734,7.6047,0.0,-9486.5,0.1248,20.0,-3177.34,0.1507,20.0,-2262.06,0.1617,20.0,-1781.17,0.1702,20.0,-1653.71,0.173,20.0,-1607.74,0.174,20.0,-1602.81,0.1741,20.0,-1602.61,0.1894,20.0,-1602.17,0.2633,20.0
718,2024-12-19,0.0,0.12192,-12.825,9.125,-1.403125,0.12192,0.0,0.0021291,0.0,-3.9101e-05,-1.1549,121.73,-43.128,64.218,-14.07,-1000000.0,-1991.7,-1601.9,0.0,0.0,30.508,50.734,7.6069,0.0,-9509.33,0.1247,20.0,-3187.21,0.1506,20.0,-2267.67,0.1616,20.0,-1783.79,0.1702,20.0,-1654.97,0.1729,20.0,-1608.0,0.1739,20.0,-1602.82,0.1741,20.0,-1602.61,0.1894,20.0,-1602.18,0.2633,20.0
719,2024-12-20,0.0,0.21844,3.675,16.325,8.503125,0.21844,0.0,0.0021147,0.0,-3.909e-05,-0.93643,121.73,-43.125,64.218,-14.07,-1000000.0,-1993.4,-1601.9,0.0,0.0,30.506,50.734,7.609,0.0,-9531.86,0.1247,20.0,-3196.91,0.1506,20.0,-2273.24,0.1615,20.0,-1786.41,0.1701,20.0,-1656.24,0.1729,20.0,-1608.27,0.1739,20.0,-1602.82,0.1741,20.0,-1602.61,0.1894,20.0,-1602.18,0.2633,20.0
720,2024-12-21,0.0,0.25146,6.375,11.775,8.81875,0.25146,0.0,0.0021005,0.0,-3.9095e-05,-0.68497,121.73,-43.123,64.218,-14.07,-1000000.0,-1995.0,-1601.9,0.0,0.0,30.503,50.734,7.6111,0.0,-9554.08,0.1246,20.0,-3206.44,0.1505,20.0,-2278.76,0.1614,20.0,-1789.01,0.1701,20.0,-1657.51,0.1729,20.0,-1608.55,0.1739,20.0,-1602.82,0.1741,20.0,-1602.61,0.1894,20.0,-1602.18,0.2633,20.0
721,2024-12-22,0.0,0.17272,0.075,9.475,4.3375,0.17272,0.0,0.0020865,0.0,-3.9101e-05,-0.51225,121.73,-43.121,64.218,-14.071,-1000000.0,-1996.6,-1601.9,0.0,0.0,30.501,50.734,7.6132,0.0,-9575.98,0.1246,20.0,-3215.8,0.1504,20.0,-2284.23,0.1614,20.0,-1791.6,0.17,20.0,-1658.78,0.1729,20.0,-1608.83,0.1739,20.0,-1602.82,0.1741,20.0,-1602.61,0.1894,20.0,-1602.18,0.2633,20.0
722,2024-12-23,0.0,0.19812,0.425,10.325,4.85520833333333,0.19812,0.0,0.0020726,0.0,-3.91e-05,-0.31413,121.73,-43.119,64.218,-14.071,-1000000.0,-1998.2,-1601.9,0.0,0.0,30.499,50.734,7.6153,0.0,-9597.58,0.1245,20.0,-3225.01,0.1503,20.0,-2289.65,0.1613,20.0,-1794.18,0.17,20.0,-1660.05,0.1728,20.0,-1609.12,0.1739,20.0,-1602.82,0.1741,20.0,-1602.61,0.1894,20.0,-1602.18,0.2633,20.0
723,2024-12-24,0.0,0.18796,-2.8,10.975,4.34375,0.18796,0.0,0.0020589,0.0,-3.909e-05,-0.12617,121.73,-43.117,64.218,-14.071,-1000000.0,-1999.8,-1601.9,0.0,0.0,30.497,50.734,7.6173,0.0,-9618.85,0.1245,20.0,-3234.08,0.1503,20.0,-2295.01,0.1612,20.0,-1796.74,0.1699,20.0,-1661.33,0.1728,20.0,-1609.41,0.1739,20.0,-1602.82,0.1741,20.0,-1602.61,0.1894,20.0,-1602.18,0.2633,20.0
724,2024-12-25,0.0,0.2032,-0.1,7.125,3.17916666666667,0.2032,0.0,0.0020454,0.0,-3.9096e-05,0.077026,121.73,-43.115,64.218,-14.071,-1000000.0,-2001.4,-1601.9,0.0,0.0,30.495,50.734,7.6194,0.0,-9639.82,0.1244,20.0,-3243.0,0.1502,20.0,-2300.32,0.1611,20.0,-1799.29,0.1698,20.0,-1662.61,0.1728,20.0,-1609.71,0.1739,20.0,-1602.82,0.1741,20.0,-1602.61,0.1894,20.0,-1602.18,0.2633,20.0
725,2024-12-26,0.0,0.21844,1.55,6.75,3.684375,0.21844,0.0,0.0020321,0.0,-3.91e-05,0.29547,121.73,-43.113,64.218,-14.071,-1000000.0,-2002.9,-1601.9,0.0,0.0,30.493,50.734,7.6214,0.0,-9660.48,0.1244,20.0,-3251.78,0.1501,20.0,-2305.57,0.161,20.0,-1801.83,0.1698,20.0,-1663.89,0.1727,20.0,-1610.01,0.1739,20.0,-1602.83,0.1741,20.0,-1602.6,0.1894,20.0,-1602.18,0.2633,20.0
726,2024-12-27,0.0,0.17526,-1.475,6.175,2.21770833333333,0.17526,0.0,0.0020189,0.0,-3.91e-05,0.47073,121.73,-43.111,64.218,-14.071,-1000000.0,-2004.5,-1601.9,0.0,0.0,30.491,50.734,7.6234,0.0,-9680.84,0.1244,20.0,-3260.44,0.15,20.0,-2310.78,0.1609,20.0,-1804.36,0.1697,20.0,-1665.17,0.1727,20.0,-1610.32,0.1739,20.0,-1602.83,0.1741,20.0,-1602.6,0.1894,20.0,-1602.19,0.2633,20.0
727,2024-12-28,0.0,0.20574,1.4,9.45,4.14791666666667,0.20574,0.0,0.0020059,0.0,-3.9096e-05,0.67647,121.73,-43.109,64.218,-14.071,-1000000.0,-2006.0,-1601.9,0.0,0.0,30.489,50.734,7.6254,0.0,-9700.9,0.1243,20.0,-3268.97,0.15,20.0,-2315.94,0.1609,20.0,-1806.89,0.1697,20.0,-1666.45,0.1727,20.0,-1610.63,0.1739,20.0,-1602.83,0.1741,20.0,-1602.6,0.1894,20.0,-1602.19,0.2633,20.0
728,2024-12-29,0.1003,0.07874,-4.1,4.5,1.5125,0.07874,0.0,0.0019931,0.0,-3.9095e-05,0.75521,121.73,-43.107,64.218,-14.071,-1000000.0,-2007.6,-1601.9,0.0,0.0,30.487,50.734,7.6274,0.0,-9720.68,0.1243,20.0,-3277.38,0.1499,20.0,-2321.04,0.1608,20.0,-1809.42,0.1696,20.0,-1667.73,0.1727,20.0,-1610.96,0.1739,20.0,-1602.84,0.1741,20.0,-1602.6,0.1894,20.0,-1602.19,0.2633,20.0
729,2024-12-30,0.0,0.01524,-7.6,-1.525,-4.54270833333333,0.01524,0.0,0.0019805,0.0,-3.91e-05,0.77045,121.73,-43.105,64.218,-14.071,-1000000.0,-2009.1,-1601.9,0.0,0.0,30.485,50.734,7.6294,0.0,-9740.18,0.1242,20.0,-3285.67,0.1498,20.0,-2326.1,0.1607,20.0,-1811.95,0.1696,20.0,-1669.02,0.1726,20.0,-1611.28,0.1739,20.0,-1602.84,0.1741,20.0,-1602.6,0.1894,20.0,-1602.19,0.2633,20.0
730,2024-12-31,0.0,0.0,-9.275,-2.3,-6.24583333333333,0.0,0.0,-3.7253e-09,0.0,-3.91e-05,0.77045,121.73,-43.105,64.218,-14.071,-472390.0,-1997.4,-1601.9,0.0,0.0,30.485,50.734,7.6294,0.0,-9719.52,0.1243,20.0,-3293.85,0.1498,20.0,-2331.1,0.1606,20.0,-1814.46,0.1695,20.0,-1670.3,0.1726,20.0,-1611.61,0.1739,20.0,-1602.85,0.1741,20.0,-1602.6,0.1894,20.0,-1602.19,0.2633,20.0
731,2025-01-01,0.0,0.0127,-13.4,-7.125,-10.69375,0.0127,0.0,0.0024008,0.0,-3.91e-05,0.78315,121.73,-43.102,64.218,-14.071,-1000000.0,-2003.2,-1601.9,0.0,0.0,30.481,50.734,7.6328,0.0,-9717.35,0.1243,20.0,-3301.91,0.1497,20.0,-2336.05,0.1606,20.0,-1816.97,0.1695,20.0,-1671.59,0.1726,20.0,-1611.95,0.1739,20.0,-1602.85,0.1741,20.0,-1602.6,0.1894,20.0,-1602.19,0.2633,20.0
732,2025-01-02,0.0,0.0127,-13.5,-9.725,-12.5635416666667,0.0127,0.0,0.0020888,0.0,-3.91e-05,0.79585,121.73,-43.1,64.218,-14.071,-1000000.0,-2008.1,-1601.9,0.0,0.0,30.479,50.734,7.6349,0.0,-9736.15,0.1242,20.0,-3309.85,0.1496,20.0,-2340.94,0.1605,20.0,-1819.47,0.1694,20.0,-1672.88,0.1726,20.0,-1612.29,0.1739,20.0,-1602.86,0.1741,20.0,-1602.6,0.1894,20.0,-1602.19,0.2633,20.0
733,2025-01-03,0.0,0.0127,-15.0,-11.325,-12.9666666666667,0.0127,0.0,0.0020215,0.0,-3.9104e-05,0.80855,121.73,-43.097,64.218,-14.071,-1000000.0,-2011.4,-1601.9,0.0,0.0,30.477,50.734,7.6369,0.0,-9762.13,0.1242,20.0,-3317.68,0.1496,20.0,-2345.78,0.1604,20.0,-1821.95,0.1694,20.0,-1674.17,0.1725,20.0,-1612.64,0.1738,20.0,-1602.87,0.1741,20.0,-1602.6,0.1894,20.0,-1602.19,0.2633,20.0
734,2025-01-04,0.0,0.01016,-21.325,-11.175,-14.390625,0.01016,0.0,0.0019799,0.0,-3.91e-05,0.81871,121.73,-43.096,64.218,-14.071,-1000000.0,-2013.9,-1601.9,0.0,0.0,30.475,50.734,7.6389,0.0,-9789.19,0.1241,20.0,-3325.41,0.1495,20.0,-2350.55,0.1603,20.0,-1824.42,0.1693,20.0,-1675.46,0.1725,20.0,-1612.99,0.1738,20.0,-1602.87,0.1741,20.0,-1602.59,0.1894,20.0,-1602.19,0.2633,20.0
735,2025-01-05,0.0,0.00508,-22.6,-9.125,-14.8458333333333,0.00508,0.0,0.0019508,0.0,-3.91e-05,0.82379,121.73,-43.094,64.218,-14.071,-1000000.0,-2016.1,-1601.9,0.0,0.0,30.473,50.734,7.6408,0.0,-9815.2,0.1241,20.0,-3333.03,0.1495,20.0,-2355.27,0.1603,20.0,-1826.88,0.1693,20.0,-1676.74,0.1725,20.0,-1613.35,0.1738,20.0,-1602.88,0.1741,20.0,-1602.59,0.1894,20.0,-1602.2,0.2633,20.0
736,2025-01-06,0.0,0.01524,-11.125,-4.6,-8.06354166666667,0.01524,0.0,0.0019283,0.0,-3.9105e-05,0.83903,121.73,-43.092,64.218,-14.071,-1000000.0,-2017.9,-1601.9,0.0,0.0,30.471,50.734,7.6428,0.0,-9839.64,0.124,20.0,-3340.56,0.1494,20.0,-2359.94,0.1602,20.0,-1829.32,0.1692,20.0,-1678.03,0.1724,20.0,-1613.71,0.1738,20.0,-1602.89,0.1741,20.0,-1602.59,0.1894,20.0,-1602.2,0.2633,20.0
737,2025-01-07,0.0,0.07112,-11.65,-0.85,-4.471875,0.07112,0.0,0.0019094,0.0,-3.9105e-05,0.91015,121.73,-43.09,64.218,-14.071,-1000000.0,-2019.7,-1601.9,0.0,0.0,30.469,50.734,7.6447,0.0,-9862.56,0.124,20.0,-3348.01,0.1493,20.0,-2364.85,0.1601,20.0,-1831.75,0.1691,20.0,-1679.32,0.1724,20.0,-1614.07,0.1738,20.0,-1602.9,0.1741,20.0,-1602.59,0.1894,20.0,-1602.2,0.2633,20.0
738,2025-01-08,0.0374,0.10668,-0.35,3.4,1.278125,0.10668,0.0,0.0018929,0.0,-3.9095e-05,1.0168,121.73,-43.088,64.218,-14.071,-1000000.0,-2021.4,-1601.9,0.0,0.0,30.467,50.734,7.6466,0.0,-9884.19,0.1239,20.0,-3355.4,0.1493,20.0,-2369.87,0.16,20.0,-1834.19,0.1691,20.0,-1680.61,0.1724,20.0,-1614.44,0.1738,20.0,-1602.91,0.1741,20.0,-1602.59,0.1894,20.0,-1602.2,0.2633,20.0
739,2025-01-09,0.0,0.06604,-3.7,1.125,-1.515625,0.06604,0.0,0.0018778,0.0,-3.9095e-05,1.0829,121.73,-43.086,64.218,-14.071,-1000000.0,-2023.0,-1601.9,0.0,0.0,30.465,50.734,7.6485,0.0,-9904.73,0.1239,20.0,-3362.72,0.1492,20.0,-2374.85,0.16,20.0,-1836.62,0.169,20.0,-1681.9,0.1724,20.0,-1614.82,0.1738,20.0,-1602.92,0.1741,20.0,-1602.59,0.1894,20.0,-1602.2,0.2633,20.0
740,2025-01-10,0.0,0.1905,-1.075,6.375,2.36354166666667,0.1905,0.0,0.0018639,0.0,-3.909e-05,1.2734,121.73,-43.084,64.218,-14.071,-1000000.0,-2024.5,-1601.9,0.0,0.0,30.463,50.734,7.6503,0.0,-9924.38,0.1238,20.0,-3369.97,0.1492,20.0,-2379.78,0.1599,20.0,-1839.06,0.169,20.0,-1683.19,0.1723,20.0,-1615.2,0.1738,20.0,-1602.93,0.1741,20.0,-1602.59,0.1894,20.0,-1602.2,0.2633,20.0
741,2025-01-11,0.0085,0.04572,-1.725,2.475,-0.375,0.04572,0.0,0.0018507,0.0,-3.9095e-05,1.3191,121.73,-43.082,64.218,-14.071,-1000000.0,-2026.0,-1601.9,0.0,0.0,30.462,50.734,7.6522,0.0,-9943.32,0.1238,20.0,-3377.13,0.1491,20.0,-2384.64,0.1598,20.0,-1841.49,0.1689,20.0,-1684.48,0.1723,20.0,-1615.58,0.1738,20.0,-1602.94,0.1741,20.0,-1602.59,0.1894,20.0,-1602.2,0.2633,20.0
742,2025-01-12,0.1139,0.02286,-6.675,0.3,-2.18229166666667,0.02286,0.0,0.0018381,0.0,-3.9099e-05,1.3419,121.73,-43.08,64.218,-14.071,-1000000.0,-2027.5,-1601.9,0.0,0.0,30.46,50.734,7.654,0.0,-9961.65,0.1237,20.0,-3384.22,0.1491,20.0,-2389.46,0.1597,20.0,-1843.92,0.1689,20.0,-1685.76,0.1723,20.0,-1615.97,0.1738,20.0,-1602.95,0.1741,20.0,-1602.59,0.1894,20.0,-1602.2,0.2633,20.0
743,2025-01-13,0.0,0.05588,-5.925,0.575,-2.31666666666667,0.05588,0.0,0.001826,0.0,-3.91e-05,1.3978,121.73,-43.079,64.218,-14.071,-1000000.0,-2029.0,-1601.9,0.0,0.0,30.458,50.734,7.6559,0.0,-9979.47,0.1237,20.0,-3391.22,0.149,20.0,-2394.22,0.1597,20.0,-1846.33,0.1688,20.0,-1687.05,0.1723,20.0,-1616.36,0.1738,20.0,-1602.97,0.1741,20.0,-1602.59,0.1894,20.0,-1602.2,0.2633,20.0
744,2025-01-14,0.0,0.10668,-4.7,2.175,-0.8375,0.10668,0.0,0.0018142,0.0,-3.9095e-05,1.5045,121.73,-43.077,64.218,-14.071,-1000000.0,-2030.4,-1601.9,0.0,0.0,30.456,50.734,7.6577,0.0,-9996.87,0.1237,20.0,-3398.13,0.1489,20.0,-2398.92,0.1596,20.0,-1848.73,0.1688,20.0,-1688.34,0.1722,20.0,-1616.76,0.1738,20.0,-1602.98,0.1741,20.0,-1602.58,0.1894,20.0,-1602.2,0.2633,20.0
745,2025-01-15,0.0,0.127,1.125,5.75,3.30729166666667,0.127,0.0,0.0018035,0.0,-3.9109e-05,1.6315,121.73,-43.075,64.218,-14.071,-1000000.0,-2031.8,-1601.9,0.0,0.0,30.454,50.734,7.6595,0.0,-10016.84,0.1236,20.0,-3404.95,0.1489,20.0,-2403.57,0.1595,20.0,-1851.12,0.1687,20.0,-1689.62,0.1722,20.0,-1617.16,0.1737,20.0,-1602.99,0.1741,20.0,-1602.58,0.1894,20.0,-1602.21,0.2633,20.0
746,2025-01-16,0.0,0.20574,-0.475,9.85,5.20208333333333,0.20574,0.0,0.0017936,0.0,-3.9104e-05,1.8372,121.73,-43.073,64.218,-14.071,-1000000.0,-2033.2,-1601.9,0.0,0.0,30.452,50.734,7.6613,0.0,-10037.55,0.1236,20.0,-3411.68,0.1488,20.0,-2408.17,0.1594,20.0,-1853.5,0.1687,20.0,-1690.91,0.1722,20.0,-1617.57,0.1737,20.0,-1603.01,0.1741,20.0,-1602.58,0.1894,20.0,-1602.21,0.2633,20.0
747,2025-01-17,0.0102,0.04064,-13.675,-1.05,-8.821875,0.04064,0.0,0.0017844,0.0,-3.9095e-05,1.8779,121.73,-43.071,64.218,-14.072,-1000000.0,-2034.6,-1601.9,0.0,0.0,30.45,50.734,7.6631,0.0,-10058.47,0.1236,20.0,-3418.33,0.1488,20.0,-2412.73,0.1594,20.0,-1855.87,0.1686,20.0,-1692.19,0.1721,20.0,-1617.98,0.1737,20.0,-1603.03,0.1741,20.0,-1602.58,0.1894,20.0,-1602.21,0.2633,20.0
748,2025-01-18,0.0,0.02032,-23.275,-11.45,-15.8322916666667,0.02032,0.0,0.0017754,0.0,-3.9094e-05,1.8982,121.73,-43.07,64.218,-14.072,-1000000.0,-2035.9,-1601.9,0.0,0.0,30.449,50.734,7.6648,0.0,-10079.53,0.1235,20.0,-3424.89,0.1487,20.0,-2417.23,0.1593,20.0,-1858.22,0.1686,20.0,-1693.48,0.1721,20.0,-1618.39,0.1737,20.0,-1603.04,0.1741,20.0,-1602.58,0.1894,20.0,-1602.21,0.2633,20.0
749,2025-01-19,0.0,0.01778,-25.5,-12.125,-19.7854166666667,0.01778,0.0,0.0017666,0.0,-3.9099e-05,1.916,121.73,-43.068,64.218,-14.072,-1000000.0,-2037.2,-1601.9,0.0,0.0,30.447,50.734,7.6666,0.0,-10100.7,0.1235,20.0,-3431.37,0.1487,20.0,-2421.68,0.1592,20.0,-1860.56,0.1685,20.0,-1694.76,0.1721,20.0,-1618.81,0.1737,20.0,-1603.06,0.1741,20.0,-1602.58,0.1894,20.0,-1602.21,0.2633,20.0
750,2025-01-20,0.0,0.05588,-25.125,-7.125,-15.5979166666667,0.05588,0.0,0.0017579,0.0,-3.9095e-05,1.9719,121.73,-43.066,64.218,-14.072,-1000000.0,-2038.6,-1601.9,0.0,0.0,30.445,50.734,7.6684,0.0,-10121.99,0.1234,20.0,-3437.78,0.1486,20.0,-2426.09,0.1592,20.0,-1862.89,0.1685,20.0,-1696.04,0.1721,20.0,-1619.23,0.1737,20.0,-1603.08,0.1741,20.0,-1602.58,0.1894,20.0,-1602.21,0.2633,20.0
751,2025-01-21,0.0,0.14986,-6.725,0.8,-3.21979166666667,0.14986,0.0,0.0017492,0.0,-3.909e-05,2.1217,121.73,-43.064,64.218,-14.072,-1000000.0,-2039.9,-1601.9,0.0,0.0,30.443,50.734,7.6701,0.0,-10143.37,0.1234,20.0,-3444.1,0.1486,20.0,-2430.45,0.1591,20.0,-1865.24,0.1684,20.0,-1697.32,0.172,20.0,-1619.66,0.1737,20.0,-1603.1,0.1741,20.0,-1602.58,0.1894,20.0,-1602.21,0.2633,20.0
752,2025-01-22,0.0,0.04572,-12.475,-1.4,-5.309375,0.04572,0.0,0.0017406,0.0,-3.909e-05,2.1674,121.73,-43.063,64.218,-14.072,-1000000.0,-2041.2,-1601.9,0.0,0.0,30.441,50.734,7.6719,0.0,-10164.84,0.1234,20.0,-3450.36,0.1485,20.0,-2434.76,0.159,20.0,-1867.6,0.1684,20.0,-1698.6,0.172,20.0,-1620.08,0.1737,20.0,-1603.12,0.174,20.0,-1602.58,0.1894,20.0,-1602.21,0.2633,20.0
753,2025-01-23,0.0,0.15494,-9.2,1.875,-2.871875,0.15494,0.0,0.001732,0.0,-3.9099e-05,2.3224,121.73,-43.061,64.218,-14.072,-1000000.0,-2042.6,-1601.9,0.0,0.0,30.44,50.734,7.6736,0.0,-10186.39,0.1233,20.0,-3456.6,0.1485,20.0,-2439.04,0.159,20.0,-1869.96,0.1683,20.0,-1699.88,0.172,20.0,-1620.52,0.1737,20.0,-1603.14,0.174,20.0,-1602.58,0.1894,20.0,-1602.21,0.2633,20.0
754,2025-01-24,0.0663,0.02794,-8.5,-0.275,-4.25208333333333,0.02794,0.0,0.0017234,0.0,-3.9099e-05,2.3503,121.73,-43.059,64.218,-14.072,-1000000.0,-2043.9,-1601.9,0.0,0.0,30.438,50.734,7.6753,0.0,-10208.02,0.1233,20.0,-3462.8,0.1484,20.0,-2443.28,0.1589,20.0,-1872.31,0.1683,20.0,-1701.15,0.1719,20.0,-1620.95,0.1737,20.0,-1603.16,0.174,20.0,-1602.58,0.1894,20.0,-1602.21,0.2633,20.0
755,2025-01-25,0.0,0.03302,-14.9,-4.35,-9.99583333333333,0.03302,0.0,0.0017149,0.0,-3.9104e-05,2.3833,121.73,-43.057,64.218,-14.072,-1000000.0,-2045.2,-1601.9,0.0,0.0,30.436,50.734,7.677,0.0,-10229.73,0.1232,20.0,-3468.83,0.1484,20.0,-2447.51,0.1588,20.0,-1874.66,0.1682,20.0,-1702.43,0.1719,20.0,-1621.39,0.1737,20.0,-1603.18,0.174,20.0,-1602.58,0.1894,20.0,-1602.21,0.2633,20.0
