 ******* Program HYDRUS
 ******* 
 None                                                                    
 Date:   5. 1.    Time:  12:37:50
 Units: L = mm   , T = days , M = mmol 

       Time          rTop        rRoot        vTop         vRoot        vBot       sum(rTop)   sum(rRoot)    sum(vTop)   sum(vRoot)    sum(vBot)      hTop         hRoot        hBot        RunOff    sum(RunOff)     Volume     sum(Infil)    sum(Evap) TLevel Cum(WTrans)  SnowLayer
        [T]         [L/T]        [L/T]        [L/T]        [L/T]        [L/T]         [L]          [L]          [L]         [L]           [L]         [L]           [L]         [L]          [L/T]         [L]          [L]          [L]          [L]

       1.0000  0.00000E+00  0.00000E+00  0.49267E-06  0.00000E+00 -0.14929E+01  0.00000E+00  0.00000E+00  0.32717E-06  0.00000E+00 -0.16149E+01 -0.47592E+02 -0.24666E+02 -0.18123E+02  0.00000E+00  0.00000E+00  0.62967E+02  0.00000E+00  0.32717E-06      3  0.00000E+00      0.000
       2.0000  0.35560E-01  0.00000E+00  0.35560E-01  0.00000E+00 -0.11414E+01  0.35560E-01  0.00000E+00  0.35561E-01  0.00000E+00 -0.28412E+01 -0.61347E+02 -0.32596E+02 -0.23270E+02  0.00000E+00  0.00000E+00  0.61705E+02  0.00000E+00  0.35561E-01      5  0.00000E+00      0.000
       3.0000  0.10668E+00  0.00000E+00  0.10668E+00  0.00000E+00 -0.90869E+00  0.14224E+00  0.00000E+00  0.14224E+00  0.00000E+00 -0.38085E+01 -0.75900E+02 -0.39639E+02 -0.28344E+02  0.00000E+00  0.00000E+00  0.60631E+02  0.00000E+00  0.14224E+00      7  0.00000E+00      0.000
       4.0000  0.76200E-01  0.00000E+00  0.76200E-01  0.00000E+00 -0.75187E+00  0.21844E+00  0.00000E+00  0.21844E+00  0.00000E+00 -0.45964E+01 -0.84266E+02 -0.45559E+02 -0.32931E+02  0.00000E+00  0.00000E+00  0.59767E+02  0.00000E+00  0.21844E+00      9  0.00000E+00      0.000
       5.0000  0.33020E-01  0.00000E+00  0.33020E-01  0.00000E+00 -0.62824E+00  0.25146E+00  0.00000E+00  0.25146E+00  0.00000E+00 -0.52540E+01 -0.88173E+02 -0.50434E+02 -0.37055E+02  0.00000E+00  0.00000E+00  0.59076E+02  0.00000E+00  0.25146E+00     11  0.00000E+00      0.000
       6.0000  0.48260E-01  0.00000E+00  0.48260E-01  0.00000E+00 -0.54840E+00  0.29972E+00  0.00000E+00  0.29972E+00  0.00000E+00 -0.58210E+01 -0.94798E+02 -0.54943E+02 -0.40864E+02  0.00000E+00  0.00000E+00  0.58461E+02  0.00000E+00  0.29972E+00     13  0.00000E+00      0.000
       7.0000  0.12700E+00  0.00000E+00  0.12700E+00  0.00000E+00 -0.47917E+00  0.42672E+00  0.00000E+00  0.42672E+00  0.00000E+00 -0.63172E+01 -0.11076E+03 -0.59703E+02 -0.44459E+02  0.00000E+00  0.00000E+00  0.57838E+02  0.00000E+00  0.42672E+00     15  0.00000E+00      0.000
       8.0000  0.18542E+00  0.00000E+00  0.18542E+00  0.00000E+00 -0.42024E+00  0.61214E+00  0.00000E+00  0.61214E+00  0.00000E+00 -0.67515E+01 -0.13311E+03 -0.64688E+02 -0.47552E+02  0.00000E+00  0.00000E+00  0.57218E+02  0.00000E+00  0.61214E+00     17  0.00000E+00      0.000
       9.0000  0.17780E+00  0.00000E+00  0.17780E+00  0.00000E+00 -0.38478E+00  0.78994E+00  0.00000E+00  0.78994E+00  0.00000E+00 -0.71451E+01 -0.15013E+03 -0.69511E+02 -0.50633E+02  0.00000E+00  0.00000E+00  0.56647E+02  0.00000E+00  0.78994E+00     19  0.00000E+00      0.000
      10.0000  0.96520E-01  0.00000E+00  0.96520E-01  0.00000E+00 -0.34999E+00  0.88646E+00  0.00000E+00  0.88646E+00  0.00000E+00 -0.75037E+01 -0.14647E+03 -0.73350E+02 -0.53641E+02  0.00000E+00  0.00000E+00  0.56192E+02  0.00000E+00  0.88646E+00     21  0.00000E+00      0.000
      11.0000  0.45720E-01  0.00000E+00  0.45720E-01  0.00000E+00 -0.31676E+00  0.93218E+00  0.00000E+00  0.93218E+00  0.00000E+00 -0.78287E+01 -0.14032E+03 -0.76482E+02 -0.56511E+02  0.00000E+00  0.00000E+00  0.55821E+02  0.00000E+00  0.93218E+00     23  0.00000E+00      0.000
      12.0000  0.19304E+00  0.00000E+00  0.19304E+00  0.00000E+00 -0.28655E+00  0.11252E+01  0.00000E+00  0.11252E+01  0.00000E+00 -0.81226E+01 -0.18201E+03 -0.81100E+02 -0.59144E+02  0.00000E+00  0.00000E+00  0.55334E+02  0.00000E+00  0.11252E+01     25  0.00000E+00      0.000
      13.0000  0.23114E+00  0.00000E+00  0.23114E+00  0.00000E+00 -0.26593E+00  0.13564E+01  0.00000E+00  0.13564E+01  0.00000E+00 -0.83927E+01 -0.23560E+03 -0.86297E+02 -0.61662E+02  0.00000E+00  0.00000E+00  0.54833E+02  0.00000E+00  0.13564E+01     27  0.00000E+00      0.000
      14.0000  0.17272E+00  0.00000E+00  0.17272E+00  0.00000E+00 -0.24922E+00  0.15291E+01  0.00000E+00  0.15291E+01  0.00000E+00 -0.86461E+01 -0.24818E+03 -0.90734E+02 -0.64203E+02  0.00000E+00  0.00000E+00  0.54407E+02  0.00000E+00  0.15291E+01     29  0.00000E+00      0.000
      15.0000  0.33020E-01  0.00000E+00  0.33020E-01  0.00000E+00 -0.23276E+00  0.15621E+01  0.00000E+00  0.15621E+01  0.00000E+00 -0.88830E+01 -0.19521E+03 -0.93034E+02 -0.66715E+02  0.00000E+00  0.00000E+00  0.54137E+02  0.00000E+00  0.15621E+01     31  0.00000E+00      0.000
      16.0000  0.20320E-01  0.00000E+00  0.20320E-01  0.00000E+00 -0.21668E+00  0.15824E+01  0.00000E+00  0.15824E+01  0.00000E+00 -0.91036E+01 -0.18097E+03 -0.95195E+02 -0.69164E+02  0.00000E+00  0.00000E+00  0.53896E+02  0.00000E+00  0.15824E+01     33  0.00000E+00      0.000
      17.0000  0.43180E-01  0.00000E+00  0.43180E-01  0.00000E+00 -0.20120E+00  0.16256E+01  0.00000E+00  0.16256E+01  0.00000E+00 -0.93087E+01 -0.18269E+03 -0.97610E+02 -0.71524E+02  0.00000E+00  0.00000E+00  0.53647E+02  0.00000E+00  0.16256E+01     35  0.00000E+00      0.000
      18.0000  0.16002E+00  0.00000E+00  0.16002E+00  0.00000E+00 -0.18660E+00  0.17856E+01  0.00000E+00  0.17856E+01  0.00000E+00 -0.94989E+01 -0.23790E+03 -0.10167E+03 -0.73759E+02  0.00000E+00  0.00000E+00  0.53297E+02  0.00000E+00  0.17856E+01     37  0.00000E+00      0.000
      19.0000  0.10668E+00  0.00000E+00  0.10668E+00  0.00000E+00 -0.17356E+00  0.18923E+01  0.00000E+00  0.18923E+01  0.00000E+00 -0.96755E+01 -0.24027E+03 -0.10492E+03 -0.75828E+02  0.00000E+00  0.00000E+00  0.53014E+02  0.00000E+00  0.18923E+01     39  0.00000E+00      0.000
      20.0000  0.12700E+00  0.00000E+00  0.12700E+00  0.00000E+00 -0.16595E+00  0.20193E+01  0.00000E+00  0.20193E+01  0.00000E+00 -0.98433E+01 -0.26899E+03 -0.10851E+03 -0.78003E+02  0.00000E+00  0.00000E+00  0.52719E+02  0.00000E+00  0.20193E+01     41  0.00000E+00      0.000
      21.0000  0.18288E+00  0.00000E+00  0.18288E+00  0.00000E+00 -0.15849E+00  0.22022E+01  0.00000E+00  0.22022E+01  0.00000E+00 -0.10004E+02 -0.36364E+03 -0.11326E+03 -0.80132E+02  0.00000E+00  0.00000E+00  0.52376E+02  0.00000E+00  0.22022E+01     43  0.00000E+00      0.000
      22.0000  0.78740E-01  0.00000E+00  0.78740E-01  0.00000E+00 -0.15117E+00  0.22809E+01  0.00000E+00  0.22809E+01  0.00000E+00 -0.10157E+02 -0.30206E+03 -0.11591E+03 -0.82225E+02  0.00000E+00  0.00000E+00  0.52144E+02  0.00000E+00  0.22809E+01     45  0.00000E+00      0.000
      23.0000  0.88900E-01  0.00000E+00  0.88900E-01  0.00000E+00 -0.14398E+00  0.23698E+01  0.00000E+00  0.23698E+01  0.00000E+00 -0.10302E+02 -0.30798E+03 -0.11877E+03 -0.84275E+02  0.00000E+00  0.00000E+00  0.51909E+02  0.00000E+00  0.23698E+01     47  0.00000E+00      0.000
      24.0000  0.83820E-01  0.00000E+00  0.83820E-01  0.00000E+00 -0.13696E+00  0.24536E+01  0.00000E+00  0.24536E+01  0.00000E+00 -0.10441E+02 -0.31138E+03 -0.12154E+03 -0.86280E+02  0.00000E+00  0.00000E+00  0.51687E+02  0.00000E+00  0.24536E+01     49  0.00000E+00      0.000
      25.0000  0.60960E-01  0.00000E+00  0.60960E-01  0.00000E+00 -0.13011E+00  0.25146E+01  0.00000E+00  0.25146E+01  0.00000E+00 -0.10573E+02 -0.29616E+03 -0.12382E+03 -0.88234E+02  0.00000E+00  0.00000E+00  0.51494E+02  0.00000E+00  0.25146E+01     51  0.00000E+00      0.000
      26.0000  0.15240E+00  0.00000E+00  0.15240E+00  0.00000E+00 -0.12347E+00  0.26670E+01  0.00000E+00  0.26670E+01  0.00000E+00 -0.10698E+02 -0.42117E+03 -0.12817E+03 -0.90135E+02  0.00000E+00  0.00000E+00  0.51217E+02  0.00000E+00  0.26670E+01     53  0.00000E+00      0.000
      27.0000  0.45720E-01  0.00000E+00  0.45720E-01  0.00000E+00 -0.11705E+00  0.27127E+01  0.00000E+00  0.27127E+01  0.00000E+00 -0.10817E+02 -0.32750E+03 -0.13000E+03 -0.91969E+02  0.00000E+00  0.00000E+00  0.51052E+02  0.00000E+00  0.27127E+01     55  0.00000E+00      0.000
      28.0000  0.34290E-01  0.00000E+00  0.34290E-01  0.00000E+00 -0.11089E+00  0.27470E+01  0.00000E+00  0.27470E+01  0.00000E+00 -0.10929E+02 -0.30004E+03 -0.13159E+03 -0.93725E+02  0.00000E+00  0.00000E+00  0.50906E+02  0.00000E+00  0.27470E+01     57  0.00000E+00      0.000
      29.0000  0.22860E-01  0.00000E+00  0.22860E-01  0.00000E+00 -0.10505E+00  0.27699E+01  0.00000E+00  0.27699E+01  0.00000E+00 -0.11036E+02 -0.27926E+03 -0.13296E+03 -0.95395E+02  0.00000E+00  0.00000E+00  0.50776E+02  0.00000E+00  0.27699E+01     59  0.00000E+00      0.000
      30.0000  0.55880E-01  0.00000E+00  0.55880E-01  0.00000E+00 -0.10174E+00  0.28257E+01  0.00000E+00  0.28258E+01  0.00000E+00 -0.11138E+02 -0.29657E+03 -0.13509E+03 -0.97207E+02  0.00000E+00  0.00000E+00  0.50618E+02  0.00000E+00  0.28258E+01     61  0.00000E+00      0.000
      31.0000  0.10414E+00  0.00000E+00  0.10414E+00  0.00000E+00 -0.98626E-01  0.29299E+01  0.00000E+00  0.29299E+01  0.00000E+00 -0.11238E+02 -0.36171E+03 -0.13836E+03 -0.98970E+02  0.00000E+00  0.00000E+00  0.50414E+02  0.00000E+00  0.29299E+01     63  0.00000E+00      0.000
      32.0000  0.11176E+00  0.00000E+00  0.11176E+00  0.00000E+00 -0.95556E-01  0.30416E+01  0.00000E+00  0.30417E+01  0.00000E+00 -0.11334E+02 -0.42613E+03 -0.14192E+03 -0.10070E+03  0.00000E+00  0.00000E+00  0.50206E+02  0.00000E+00  0.30417E+01     65  0.00000E+00      0.000
      33.0000  0.14478E+00  0.00000E+00  0.14478E+00  0.00000E+00 -0.92530E-01  0.31864E+01  0.00000E+00  0.31864E+01  0.00000E+00 -0.11427E+02 -0.61726E+03 -0.14660E+03 -0.10242E+03  0.00000E+00  0.00000E+00  0.49968E+02  0.00000E+00  0.31864E+01     67  0.00000E+00      0.000
      34.0000  0.26162E+00  0.00000E+00  0.26162E+00  0.00000E+00 -0.89547E-01  0.34480E+01  0.00000E+00  0.34481E+01  0.00000E+00 -0.11517E+02 -0.58184E+04 -0.15808E+03 -0.10410E+03  0.00000E+00  0.00000E+00  0.49616E+02  0.00000E+00  0.34481E+01     69  0.00000E+00      0.000
      35.0000  0.19304E+00  0.00000E+00  0.19304E+00  0.00000E+00 -0.86603E-01  0.36411E+01  0.00000E+00  0.36411E+01  0.00000E+00 -0.11605E+02 -0.27556E+05 -0.17212E+03 -0.10577E+03  0.00000E+00  0.00000E+00  0.49335E+02  0.00000E+00  0.36411E+01     73  0.00000E+00      0.000
      36.0000  0.20066E+00  0.00000E+00  0.17183E+00  0.00000E+00 -0.83705E-01  0.38417E+01  0.00000E+00  0.38407E+01  0.00000E+00 -0.11690E+02 -0.10000E+07 -0.21740E+03 -0.10741E+03  0.00000E+00  0.00000E+00  0.49051E+02  0.00000E+00  0.38407E+01     80  0.00000E+00      0.000
      37.0000  0.15240E+00  0.00000E+00  0.11581E+00  0.00000E+00 -0.80853E-01  0.39941E+01  0.00000E+00  0.39672E+01  0.00000E+00 -0.11772E+02 -0.10000E+07 -0.23228E+03 -0.10902E+03  0.00000E+00  0.00000E+00  0.48842E+02  0.00000E+00  0.39672E+01     87  0.00000E+00      0.000
      38.0000  0.21336E+00  0.00000E+00  0.99897E-01  0.00000E+00 -0.78057E-01  0.42075E+01  0.00000E+00  0.40714E+01  0.00000E+00 -0.11851E+02 -0.10000E+07 -0.23991E+03 -0.11060E+03  0.00000E+00  0.00000E+00  0.48659E+02  0.00000E+00  0.40714E+01     90  0.00000E+00      0.000
      39.0000  0.10414E+00  0.00000E+00  0.92662E-01  0.00000E+00 -0.75311E-01  0.43116E+01  0.00000E+00  0.41649E+01  0.00000E+00 -0.11927E+02 -0.10000E+07 -0.24553E+03 -0.11216E+03  0.00000E+00  0.00000E+00  0.48489E+02  0.00000E+00  0.41649E+01     94  0.00000E+00      0.000
      40.0000  0.23622E+00  0.00000E+00  0.84328E-01  0.00000E+00 -0.72608E-01  0.45479E+01  0.00000E+00  0.42510E+01  0.00000E+00 -0.12001E+02 -0.10000E+07 -0.24993E+03 -0.11369E+03  0.00000E+00  0.00000E+00  0.48329E+02  0.00000E+00  0.42510E+01    102  0.00000E+00      0.000
      41.0000  0.27178E+00  0.00000E+00  0.81346E-01  0.00000E+00 -0.69958E-01  0.48196E+01  0.00000E+00  0.43327E+01  0.00000E+00 -0.12072E+02 -0.10000E+07 -0.25490E+03 -0.11518E+03  0.00000E+00  0.00000E+00  0.48176E+02  0.00000E+00  0.43327E+01    109  0.00000E+00      0.000
      42.0000  0.17780E+00  0.00000E+00  0.75494E-01  0.00000E+00 -0.67363E-01  0.49974E+01  0.00000E+00  0.44097E+01  0.00000E+00 -0.12141E+02 -0.10000E+07 -0.25833E+03 -0.11665E+03  0.00000E+00  0.00000E+00  0.48031E+02  0.00000E+00  0.44097E+01    120  0.00000E+00      0.000
      43.0000  0.31750E+00  0.00000E+00  0.73254E-01  0.00000E+00 -0.64827E-01  0.53149E+01  0.00000E+00  0.44839E+01  0.00000E+00 -0.12206E+02 -0.10000E+07 -0.26294E+03 -0.11808E+03  0.00000E+00  0.00000E+00  0.47891E+02  0.00000E+00  0.44839E+01    128  0.00000E+00      0.000
      44.0000  0.23622E+00  0.00000E+00  0.68209E-01  0.00000E+00 -0.62360E-01  0.55512E+01  0.00000E+00  0.45535E+01  0.00000E+00 -0.12270E+02 -0.10000E+07 -0.26566E+03 -0.11948E+03  0.00000E+00  0.00000E+00  0.47758E+02  0.00000E+00  0.45535E+01    131  0.00000E+00      0.000
      45.0000  0.66040E-01  0.00000E+00  0.66040E-01  0.00000E+00 -0.60261E-01  0.56172E+01  0.00000E+00  0.46196E+01  0.00000E+00 -0.12330E+02 -0.77071E+06 -0.26620E+03 -0.12092E+03  0.00000E+00  0.00000E+00  0.47631E+02  0.00000E+00  0.46196E+01    133  0.00000E+00      0.000
      46.0000  0.13208E+00  0.00000E+00  0.65581E-01  0.00000E+00 -0.58963E-01  0.57493E+01  0.00000E+00  0.46881E+01  0.00000E+00 -0.12390E+02 -0.10000E+07 -0.27342E+03 -0.12244E+03  0.00000E+00  0.00000E+00  0.47503E+02  0.00000E+00  0.46881E+01    141  0.00000E+00      0.000
      47.0000  0.28702E+00  0.00000E+00  0.63253E-01  0.00000E+00 -0.57716E-01  0.60363E+01  0.00000E+00  0.47520E+01  0.00000E+00 -0.12448E+02 -0.10000E+07 -0.27710E+03 -0.12391E+03  0.00000E+00  0.00000E+00  0.47381E+02  0.00000E+00  0.47520E+01    144  0.00000E+00      0.000
      48.0000  0.24130E+00  0.00000E+00  0.61088E-01  0.00000E+00 -0.56485E-01  0.62776E+01  0.00000E+00  0.48136E+01  0.00000E+00 -0.12505E+02 -0.10000E+07 -0.28075E+03 -0.12536E+03  0.00000E+00  0.00000E+00  0.47263E+02  0.00000E+00  0.48136E+01    146  0.00000E+00      0.000
      49.0000  0.14478E+00  0.00000E+00  0.58903E-01  0.00000E+00 -0.55267E-01  0.64224E+01  0.00000E+00  0.48731E+01  0.00000E+00 -0.12560E+02 -0.10000E+07 -0.28422E+03 -0.12680E+03  0.00000E+00  0.00000E+00  0.47148E+02  0.00000E+00  0.48731E+01    148  0.00000E+00      0.000
      50.0000  0.16510E+00  0.00000E+00  0.56943E-01  0.00000E+00 -0.54059E-01  0.65875E+01  0.00000E+00  0.49307E+01  0.00000E+00 -0.12615E+02 -0.10000E+07 -0.28746E+03 -0.12822E+03  0.00000E+00  0.00000E+00  0.47036E+02  0.00000E+00  0.49307E+01    150  0.00000E+00      0.000
      51.0000  0.76200E-01  0.00000E+00  0.55880E-01  0.00000E+00 -0.52863E-01  0.66637E+01  0.00000E+00  0.49868E+01  0.00000E+00 -0.12668E+02 -0.10000E+07 -0.29061E+03 -0.12963E+03  0.00000E+00  0.00000E+00  0.46926E+02  0.00000E+00  0.49868E+01    152  0.00000E+00      0.000
      52.0000  0.66040E-01  0.00000E+00  0.55000E-01  0.00000E+00 -0.51677E-01  0.67297E+01  0.00000E+00  0.50418E+01  0.00000E+00 -0.12720E+02 -0.10000E+07 -0.29490E+03 -0.13103E+03  0.00000E+00  0.00000E+00  0.46819E+02  0.00000E+00  0.50418E+01    154  0.00000E+00      0.000
      53.0000  0.22860E-01  0.00000E+00  0.22860E-01  0.00000E+00 -0.50501E-01  0.67526E+01  0.00000E+00  0.50646E+01  0.00000E+00 -0.12771E+02 -0.77340E+05 -0.25826E+03 -0.13242E+03  0.00000E+00  0.00000E+00  0.46746E+02  0.00000E+00  0.50646E+01    156  0.00000E+00      0.000
      54.0000  0.17780E-01  0.00000E+00  0.17780E-01  0.00000E+00 -0.49335E-01  0.67704E+01  0.00000E+00  0.50824E+01  0.00000E+00 -0.12820E+02 -0.18247E+05 -0.24238E+03 -0.13379E+03  0.00000E+00  0.00000E+00  0.46678E+02  0.00000E+00  0.50824E+01    159  0.00000E+00      0.000
      55.0000  0.55880E-01  0.00000E+00  0.55880E-01  0.00000E+00 -0.48180E-01  0.68262E+01  0.00000E+00  0.51383E+01  0.00000E+00 -0.12869E+02 -0.54655E+05 -0.24851E+03 -0.13515E+03  0.00000E+00  0.00000E+00  0.46574E+02  0.00000E+00  0.51383E+01    162  0.00000E+00      0.000
      56.0000  0.18542E+00  0.00000E+00  0.58998E-01  0.00000E+00 -0.47035E-01  0.70117E+01  0.00000E+00  0.52322E+01  0.00000E+00 -0.12916E+02 -0.10000E+07 -0.29849E+03 -0.13650E+03  0.00000E+00  0.00000E+00  0.46432E+02  0.00000E+00  0.52322E+01    171  0.00000E+00      0.000
      57.0000  0.20066E+00  0.00000E+00  0.51157E-01  0.00000E+00 -0.45903E-01  0.72123E+01  0.00000E+00  0.52862E+01  0.00000E+00 -0.12963E+02 -0.10000E+07 -0.30486E+03 -0.13784E+03  0.00000E+00  0.00000E+00  0.46332E+02  0.00000E+00  0.52862E+01    175  0.00000E+00      0.000
      58.0000  0.14732E+00  0.00000E+00  0.48289E-01  0.00000E+00 -0.44782E-01  0.73596E+01  0.00000E+00  0.53360E+01  0.00000E+00 -0.13008E+02 -0.10000E+07 -0.30839E+03 -0.13916E+03  0.00000E+00  0.00000E+00  0.46237E+02  0.00000E+00  0.53360E+01    178  0.00000E+00      0.000
      59.0000  0.55880E-01  0.00000E+00  0.46556E-01  0.00000E+00 -0.43672E-01  0.74155E+01  0.00000E+00  0.53841E+01  0.00000E+00 -0.13052E+02 -0.10000E+07 -0.31274E+03 -0.14047E+03  0.00000E+00  0.00000E+00  0.46145E+02  0.00000E+00  0.53841E+01    181  0.00000E+00      0.000
      60.0000  0.12446E+00  0.00000E+00  0.45936E-01  0.00000E+00 -0.42574E-01  0.75400E+01  0.00000E+00  0.54299E+01  0.00000E+00 -0.13095E+02 -0.10000E+07 -0.31521E+03 -0.14176E+03  0.00000E+00  0.00000E+00  0.46056E+02  0.00000E+00  0.54299E+01    183  0.00000E+00      0.000
      61.0000  0.21844E+00  0.00000E+00  0.45058E-01  0.00000E+00 -0.41489E-01  0.77584E+01  0.00000E+00  0.54752E+01  0.00000E+00 -0.13136E+02 -0.10000E+07 -0.31797E+03 -0.14304E+03  0.00000E+00  0.00000E+00  0.45969E+02  0.00000E+00  0.54752E+01    185  0.00000E+00      0.000
      62.0000  0.15494E+00  0.00000E+00  0.44474E-01  0.00000E+00 -0.40414E-01  0.79134E+01  0.00000E+00  0.55198E+01  0.00000E+00 -0.13177E+02 -0.10000E+07 -0.32079E+03 -0.14431E+03  0.00000E+00  0.00000E+00  0.45884E+02  0.00000E+00  0.55198E+01    187  0.00000E+00      0.000
      63.0000  0.17526E+00  0.00000E+00  0.43905E-01  0.00000E+00 -0.39353E-01  0.80886E+01  0.00000E+00  0.55639E+01  0.00000E+00 -0.13217E+02 -0.10000E+07 -0.32364E+03 -0.14556E+03  0.00000E+00  0.00000E+00  0.45800E+02  0.00000E+00  0.55639E+01    189  0.00000E+00      0.000
      64.0000  0.35560E-01  0.00000E+00  0.35560E-01  0.00000E+00 -0.38306E-01  0.81242E+01  0.00000E+00  0.55994E+01  0.00000E+00 -0.13255E+02 -0.48141E+06 -0.31115E+03 -0.14679E+03  0.00000E+00  0.00000E+00  0.45726E+02  0.00000E+00  0.55994E+01    191  0.00000E+00      0.000
      65.0000  0.50800E-01  0.00000E+00  0.43425E-01  0.00000E+00 -0.37270E-01  0.81750E+01  0.00000E+00  0.56469E+01  0.00000E+00 -0.13293E+02 -0.10000E+07 -0.32710E+03 -0.14802E+03  0.00000E+00  0.00000E+00  0.45640E+02  0.00000E+00  0.56469E+01    195  0.00000E+00      0.000
      66.0000  0.60960E-01  0.00000E+00  0.42307E-01  0.00000E+00 -0.36246E-01  0.82359E+01  0.00000E+00  0.56894E+01  0.00000E+00 -0.13330E+02 -0.10000E+07 -0.33044E+03 -0.14922E+03  0.00000E+00  0.00000E+00  0.45561E+02  0.00000E+00  0.56894E+01    198  0.00000E+00      0.000
      67.0000  0.43180E-01  0.00000E+00  0.41753E-01  0.00000E+00 -0.35234E-01  0.82791E+01  0.00000E+00  0.57313E+01  0.00000E+00 -0.13365E+02 -0.10000E+07 -0.33381E+03 -0.15042E+03  0.00000E+00  0.00000E+00  0.45484E+02  0.00000E+00  0.57313E+01    200  0.00000E+00      0.000
      68.0000  0.63500E-01  0.00000E+00  0.40780E-01  0.00000E+00 -0.34225E-01  0.83426E+01  0.00000E+00  0.57723E+01  0.00000E+00 -0.13400E+02 -0.10000E+07 -0.33677E+03 -0.15161E+03  0.00000E+00  0.00000E+00  0.45408E+02  0.00000E+00  0.57723E+01    202  0.00000E+00      0.000
      69.0000  0.27940E-01  0.00000E+00  0.27940E-01  0.00000E+00 -0.33529E-01  0.83706E+01  0.00000E+00  0.58003E+01  0.00000E+00 -0.13433E+02 -0.30570E+06 -0.31682E+03 -0.15294E+03  0.00000E+00  0.00000E+00  0.45347E+02  0.00000E+00  0.58003E+01    204  0.00000E+00      0.000
      70.0000  0.50800E-01  0.00000E+00  0.42918E-01  0.00000E+00 -0.33014E-01  0.84214E+01  0.00000E+00  0.58477E+01  0.00000E+00 -0.13466E+02 -0.10000E+07 -0.33842E+03 -0.15427E+03  0.00000E+00  0.00000E+00  0.45266E+02  0.00000E+00  0.58477E+01    209  0.00000E+00      0.000
      71.0000  0.66040E-01  0.00000E+00  0.39304E-01  0.00000E+00 -0.32512E-01  0.84874E+01  0.00000E+00  0.58882E+01  0.00000E+00 -0.13499E+02 -0.10000E+07 -0.34321E+03 -0.15556E+03  0.00000E+00  0.00000E+00  0.45193E+02  0.00000E+00  0.58882E+01    213  0.00000E+00      0.000
      72.0000  0.17272E+00  0.00000E+00  0.38008E-01  0.00000E+00 -0.32021E-01  0.86601E+01  0.00000E+00  0.59264E+01  0.00000E+00 -0.13531E+02 -0.10000E+07 -0.34585E+03 -0.15682E+03  0.00000E+00  0.00000E+00  0.45123E+02  0.00000E+00  0.59264E+01    215  0.00000E+00      0.000
      73.0000  0.22098E+00  0.00000E+00  0.37413E-01  0.00000E+00 -0.31537E-01  0.88811E+01  0.00000E+00  0.59640E+01  0.00000E+00 -0.13563E+02 -0.10000E+07 -0.34858E+03 -0.15806E+03  0.00000E+00  0.00000E+00  0.45053E+02  0.00000E+00  0.59640E+01    217  0.00000E+00      0.000
      74.0000  0.93980E-01  0.00000E+00  0.36759E-01  0.00000E+00 -0.31059E-01  0.89751E+01  0.00000E+00  0.60010E+01  0.00000E+00 -0.13594E+02 -0.10000E+07 -0.35124E+03 -0.15929E+03  0.00000E+00  0.00000E+00  0.44985E+02  0.00000E+00  0.60010E+01    219  0.00000E+00      0.000
      75.0000  0.10922E+00  0.00000E+00  0.36057E-01  0.00000E+00 -0.30587E-01  0.90843E+01  0.00000E+00  0.60372E+01  0.00000E+00 -0.13625E+02 -0.10000E+07 -0.35372E+03 -0.16051E+03  0.00000E+00  0.00000E+00  0.44918E+02  0.00000E+00  0.60372E+01    221  0.00000E+00      0.000
      76.0000  0.13208E+00  0.00000E+00  0.35451E-01  0.00000E+00 -0.30119E-01  0.92164E+01  0.00000E+00  0.60728E+01  0.00000E+00 -0.13655E+02 -0.10000E+07 -0.35607E+03 -0.16171E+03  0.00000E+00  0.00000E+00  0.44852E+02  0.00000E+00  0.60728E+01    223  0.00000E+00      0.000
      77.0000  0.19304E+00  0.00000E+00  0.34915E-01  0.00000E+00 -0.29656E-01  0.94094E+01  0.00000E+00  0.61078E+01  0.00000E+00 -0.13685E+02 -0.10000E+07 -0.35836E+03 -0.16290E+03  0.00000E+00  0.00000E+00  0.44788E+02  0.00000E+00  0.61078E+01    225  0.00000E+00      0.000
      78.0000  0.15494E+00  0.00000E+00  0.34394E-01  0.00000E+00 -0.29198E-01  0.95644E+01  0.00000E+00  0.61423E+01  0.00000E+00 -0.13714E+02 -0.10000E+07 -0.36062E+03 -0.16408E+03  0.00000E+00  0.00000E+00  0.44724E+02  0.00000E+00  0.61423E+01    227  0.00000E+00      0.000
      79.0000  0.86360E-01  0.00000E+00  0.33884E-01  0.00000E+00 -0.28744E-01  0.96507E+01  0.00000E+00  0.61764E+01  0.00000E+00 -0.13743E+02 -0.10000E+07 -0.36284E+03 -0.16524E+03  0.00000E+00  0.00000E+00  0.44661E+02  0.00000E+00  0.61764E+01    229  0.00000E+00      0.000
      80.0000  0.12954E+00  0.00000E+00  0.33396E-01  0.00000E+00 -0.28295E-01  0.97803E+01  0.00000E+00  0.62099E+01  0.00000E+00 -0.13771E+02 -0.10000E+07 -0.36502E+03 -0.16640E+03  0.00000E+00  0.00000E+00  0.44599E+02  0.00000E+00  0.62099E+01    231  0.00000E+00      0.000
      81.0000  0.13970E+00  0.00000E+00  0.32892E-01  0.00000E+00 -0.27850E-01  0.99200E+01  0.00000E+00  0.62429E+01  0.00000E+00 -0.13799E+02 -0.10000E+07 -0.36702E+03 -0.16754E+03  0.00000E+00  0.00000E+00  0.44538E+02  0.00000E+00  0.62429E+01    233  0.00000E+00      0.000
      82.0000  0.20320E+00  0.00000E+00  0.32813E-01  0.00000E+00 -0.27409E-01  0.10123E+02  0.00000E+00  0.62757E+01  0.00000E+00 -0.13827E+02 -0.10000E+07 -0.36935E+03 -0.16867E+03  0.00000E+00  0.00000E+00  0.44478E+02  0.00000E+00  0.62757E+01    235  0.00000E+00      0.000
      83.0000  0.15494E+00  0.00000E+00  0.31953E-01  0.00000E+00 -0.26973E-01  0.10278E+02  0.00000E+00  0.63079E+01  0.00000E+00 -0.13854E+02 -0.10000E+07 -0.37117E+03 -0.16979E+03  0.00000E+00  0.00000E+00  0.44418E+02  0.00000E+00  0.63079E+01    237  0.00000E+00      0.000
      84.0000  0.11176E+00  0.00000E+00  0.32254E-01  0.00000E+00 -0.26540E-01  0.10390E+02  0.00000E+00  0.63401E+01  0.00000E+00 -0.13881E+02 -0.10000E+07 -0.37369E+03 -0.17090E+03  0.00000E+00  0.00000E+00  0.44360E+02  0.00000E+00  0.63401E+01    239  0.00000E+00      0.000
      85.0000  0.10922E+00  0.00000E+00  0.30943E-01  0.00000E+00 -0.26112E-01  0.10499E+02  0.00000E+00  0.63712E+01  0.00000E+00 -0.13907E+02 -0.10000E+07 -0.37530E+03 -0.17200E+03  0.00000E+00  0.00000E+00  0.44302E+02  0.00000E+00  0.63712E+01    241  0.00000E+00      0.000
      86.0000  0.17018E+00  0.00000E+00  0.31423E-01  0.00000E+00 -0.25687E-01  0.10669E+02  0.00000E+00  0.64030E+01  0.00000E+00 -0.13933E+02 -0.10000E+07 -0.37759E+03 -0.17310E+03  0.00000E+00  0.00000E+00  0.44245E+02  0.00000E+00  0.64030E+01    243  0.00000E+00      0.000
      87.0000  0.12192E+00  0.00000E+00  0.29690E-01  0.00000E+00 -0.25267E-01  0.10791E+02  0.00000E+00  0.64332E+01  0.00000E+00 -0.13958E+02 -0.10000E+07 -0.37997E+03 -0.17418E+03  0.00000E+00  0.00000E+00  0.44189E+02  0.00000E+00  0.64332E+01    245  0.00000E+00      0.000
      88.0000  0.12192E+00  0.00000E+00  0.30290E-01  0.00000E+00 -0.24850E-01  0.10913E+02  0.00000E+00  0.64631E+01  0.00000E+00 -0.13983E+02 -0.10000E+07 -0.38159E+03 -0.17525E+03  0.00000E+00  0.00000E+00  0.44134E+02  0.00000E+00  0.64631E+01    247  0.00000E+00      0.000
      89.0000  0.81280E-01  0.00000E+00  0.30717E-01  0.00000E+00 -0.24437E-01  0.10994E+02  0.00000E+00  0.64934E+01  0.00000E+00 -0.14007E+02 -0.10000E+07 -0.38393E+03 -0.17631E+03  0.00000E+00  0.00000E+00  0.44079E+02  0.00000E+00  0.64934E+01    249  0.00000E+00      0.000
      90.0000  0.19558E+00  0.00000E+00  0.30312E-01  0.00000E+00 -0.24027E-01  0.11190E+02  0.00000E+00  0.65235E+01  0.00000E+00 -0.14032E+02 -0.10000E+07 -0.38542E+03 -0.17736E+03  0.00000E+00  0.00000E+00  0.44025E+02  0.00000E+00  0.65235E+01    251  0.00000E+00      0.000
      91.0000  0.00000E+00  0.25400E+00 -0.93132E-09  0.65679E+01 -0.29417E-02  0.11190E+02  0.25400E+00  0.65235E+01  0.98348E+01 -0.14045E+02 -0.43415E+05 -0.62946E+03 -0.36605E+03  0.00000E+00  0.00000E+00  0.37461E+02  0.00000E+00  0.65235E+01    253  0.00000E+00      0.000
      92.0000  0.00000E+00  0.23114E+00  0.13970E-08  0.16610E+01 -0.14819E-03  0.11190E+02  0.48514E+00  0.65235E+01  0.14595E+02 -0.14046E+02 -0.15546E+05 -0.14313E+04 -0.97621E+03  0.00000E+00  0.00000E+00  0.31611E+02  0.00000E+00  0.65235E+01    257  0.00000E+00      0.000
      93.0000  0.00000E+00  0.10922E+00 -0.83819E-08  0.73454E-01 -0.56244E-04  0.11190E+02  0.59436E+00  0.65235E+01  0.14761E+02 -0.14046E+02 -0.89330E+04 -0.16208E+04 -0.14031E+04  0.00000E+00  0.00000E+00  0.30915E+02  0.00000E+00  0.65235E+01    260  0.00000E+00      0.000
      94.0000  0.00000E+00  0.66040E-01  0.34925E-08  0.18454E-02 -0.43002E-04  0.11190E+02  0.66040E+00  0.65235E+01  0.14764E+02 -0.14046E+02 -0.61919E+04 -0.16329E+04 -0.15242E+04  0.00000E+00  0.00000E+00  0.30877E+02  0.00000E+00  0.65235E+01    262  0.00000E+00      0.000
      95.0000  0.00000E+00  0.16256E+00 -0.37253E-08  0.82663E-03 -0.40195E-04  0.11190E+02  0.82296E+00  0.65235E+01  0.14765E+02 -0.14046E+02 -0.47933E+04 -0.16337E+04 -0.15733E+04  0.00000E+00  0.00000E+00  0.30875E+02  0.00000E+00  0.65235E+01    264  0.00000E+00      0.000
      96.0000  0.00000E+00  0.33274E+00 -0.65193E-08  0.16144E-03 -0.39375E-04  0.11190E+02  0.11557E+01  0.65235E+01  0.14765E+02 -0.14046E+02 -0.39868E+04 -0.16335E+04 -0.15934E+04  0.00000E+00  0.00000E+00  0.30875E+02  0.00000E+00  0.65235E+01    266  0.00000E+00      0.000
      97.0000  0.00000E+00  0.37338E+00 -0.82655E-08  0.00000E+00 -0.39176E-04  0.11190E+02  0.15291E+01  0.65235E+01  0.14765E+02 -0.14046E+02 -0.35252E+04 -0.16331E+04 -0.15995E+04  0.00000E+00  0.00000E+00  0.30875E+02  0.00000E+00  0.65235E+01    268  0.00000E+00      0.000
      98.0000  0.00000E+00  0.37846E+00  0.15134E-08  0.00000E+00 -0.39168E-04  0.11190E+02  0.19075E+01  0.65235E+01  0.14765E+02 -0.14046E+02 -0.31995E+04 -0.16329E+04 -0.16004E+04  0.00000E+00  0.00000E+00  0.30875E+02  0.00000E+00  0.65235E+01    270  0.00000E+00      0.000
      99.0000  0.00000E+00  0.45720E+00 -0.18626E-08  0.00000E+00 -0.39160E-04  0.11190E+02  0.23647E+01  0.65235E+01  0.14765E+02 -0.14046E+02 -0.29949E+04 -0.16327E+04 -0.16006E+04  0.00000E+00  0.00000E+00  0.30875E+02  0.00000E+00  0.65235E+01    272  0.00000E+00      0.000
     100.0000  0.00000E+00  0.54864E+00 -0.25029E-08  0.00000E+00 -0.39163E-04  0.11190E+02  0.29134E+01  0.65235E+01  0.14765E+02 -0.14046E+02 -0.28372E+04 -0.16324E+04 -0.16007E+04  0.00000E+00  0.00000E+00  0.30875E+02  0.00000E+00  0.65235E+01    274  0.00000E+00      0.000
     101.0000  0.00000E+00  0.47244E+00  0.70431E-08  0.00000E+00 -0.39152E-04  0.11190E+02  0.33858E+01  0.65235E+01  0.14765E+02 -0.14046E+02 -0.27104E+04 -0.16322E+04 -0.16007E+04  0.00000E+00  0.00000E+00  0.30875E+02  0.00000E+00  0.65235E+01    276  0.00000E+00      0.000
     102.0000  0.00000E+00  0.18288E+00 -0.33178E-08  0.00000E+00 -0.39154E-04  0.11190E+02  0.35687E+01  0.65235E+01  0.14765E+02 -0.14046E+02 -0.26088E+04 -0.16321E+04 -0.16008E+04  0.00000E+00  0.00000E+00  0.30874E+02  0.00000E+00  0.65235E+01    278  0.00000E+00      0.000
     103.0000  0.00000E+00  0.96520E-01 -0.98953E-09  0.00000E+00 -0.39150E-04  0.11190E+02  0.36652E+01  0.65235E+01  0.14765E+02 -0.14046E+02 -0.25261E+04 -0.16319E+04 -0.16008E+04  0.00000E+00  0.00000E+00  0.30874E+02  0.00000E+00  0.65235E+01    280  0.00000E+00      0.000
     104.0000  0.00000E+00  0.18034E+00  0.58499E-08  0.00000E+00 -0.39146E-04  0.11190E+02  0.38456E+01  0.65235E+01  0.14765E+02 -0.14046E+02 -0.24657E+04 -0.16319E+04 -0.16008E+04  0.00000E+00  0.00000E+00  0.30874E+02  0.00000E+00  0.65235E+01    282  0.00000E+00      0.000
     105.0000  0.00000E+00  0.29210E+00  0.80327E-08  0.00000E+00 -0.39153E-04  0.11190E+02  0.41377E+01  0.65235E+01  0.14765E+02 -0.14046E+02 -0.24192E+04 -0.16318E+04 -0.16009E+04  0.00000E+00  0.00000E+00  0.30874E+02  0.00000E+00  0.65235E+01    284  0.00000E+00      0.000
     106.0000  0.00000E+00  0.40640E+00  0.10186E-08  0.00000E+00 -0.39156E-04  0.11190E+02  0.45441E+01  0.65235E+01  0.14765E+02 -0.14046E+02 -0.23763E+04 -0.16318E+04 -0.16009E+04  0.00000E+00  0.00000E+00  0.30874E+02  0.00000E+00  0.65235E+01    286  0.00000E+00      0.000
     107.0000  0.00000E+00  0.35052E+00  0.19500E-08  0.00000E+00 -0.39143E-04  0.11190E+02  0.48946E+01  0.65235E+01  0.14765E+02 -0.14046E+02 -0.23374E+04 -0.16317E+04 -0.16009E+04  0.00000E+00  0.00000E+00  0.30874E+02  0.00000E+00  0.65235E+01    288  0.00000E+00      0.000
     108.0000  0.00000E+00  0.12446E+00  0.30268E-08  0.00000E+00 -0.39146E-04  0.11190E+02  0.50190E+01  0.65235E+01  0.14765E+02 -0.14046E+02 -0.23025E+04 -0.16317E+04 -0.16009E+04  0.00000E+00  0.00000E+00  0.30874E+02  0.00000E+00  0.65235E+01    290  0.00000E+00      0.000
     109.0000  0.00000E+00  0.12446E+00  0.68248E-08  0.00000E+00 -0.39149E-04  0.11190E+02  0.51435E+01  0.65235E+01  0.14765E+02 -0.14046E+02 -0.22712E+04 -0.16316E+04 -0.16010E+04  0.00000E+00  0.00000E+00  0.30874E+02  0.00000E+00  0.65235E+01    292  0.00000E+00      0.000
     110.0000  0.00000E+00  0.13716E+00  0.67375E-08  0.00000E+00 -0.39151E-04  0.11190E+02  0.52807E+01  0.65235E+01  0.14765E+02 -0.14046E+02 -0.22430E+04 -0.16316E+04 -0.16010E+04  0.00000E+00  0.00000E+00  0.30874E+02  0.00000E+00  0.65235E+01    294  0.00000E+00      0.000
     111.0000  0.00000E+00  0.11430E+00 -0.68394E-09  0.00000E+00 -0.39146E-04  0.11190E+02  0.53950E+01  0.65235E+01  0.14765E+02 -0.14046E+02 -0.22175E+04 -0.16315E+04 -0.16010E+04  0.00000E+00  0.00000E+00  0.30874E+02  0.00000E+00  0.65235E+01    296  0.00000E+00      0.000
     112.0000  0.00000E+00  0.21590E+00  0.50932E-08  0.00000E+00 -0.39150E-04  0.11190E+02  0.56109E+01  0.65235E+01  0.14765E+02 -0.14046E+02 -0.21943E+04 -0.16314E+04 -0.16010E+04  0.00000E+00  0.00000E+00  0.30874E+02  0.00000E+00  0.65235E+01    298  0.00000E+00      0.000
     113.0000  0.00000E+00  0.25908E+00  0.84838E-08  0.00000E+00 -0.39139E-04  0.11190E+02  0.58699E+01  0.65235E+01  0.14765E+02 -0.14046E+02 -0.21732E+04 -0.16314E+04 -0.16010E+04  0.00000E+00  0.00000E+00  0.30874E+02  0.00000E+00  0.65235E+01    300  0.00000E+00      0.000
     114.0000  0.00000E+00  0.28194E+00  0.40309E-08  0.00000E+00 -0.39148E-04  0.11190E+02  0.61519E+01  0.65235E+01  0.14765E+02 -0.14046E+02 -0.21538E+04 -0.16313E+04 -0.16011E+04  0.00000E+00  0.00000E+00  0.30874E+02  0.00000E+00  0.65235E+01    302  0.00000E+00      0.000
     115.0000  0.00000E+00  0.36068E+00 -0.32014E-09  0.00000E+00 -0.39141E-04  0.11190E+02  0.65126E+01  0.65235E+01  0.14765E+02 -0.14046E+02 -0.21360E+04 -0.16313E+04 -0.16011E+04  0.00000E+00  0.00000E+00  0.30874E+02  0.00000E+00  0.65235E+01    304  0.00000E+00      0.000
     116.0000  0.00000E+00  0.36830E+00  0.23429E-08  0.00000E+00 -0.39136E-04  0.11190E+02  0.68809E+01  0.65235E+01  0.14765E+02 -0.14047E+02 -0.21196E+04 -0.16312E+04 -0.16011E+04  0.00000E+00  0.00000E+00  0.30874E+02  0.00000E+00  0.65235E+01    306  0.00000E+00      0.000
     117.0000  0.00000E+00  0.23622E+00 -0.74942E-09  0.00000E+00 -0.39134E-04  0.11190E+02  0.71171E+01  0.65235E+01  0.14765E+02 -0.14047E+02 -0.21044E+04 -0.16312E+04 -0.16011E+04  0.00000E+00  0.00000E+00  0.30874E+02  0.00000E+00  0.65235E+01    308  0.00000E+00      0.000
     118.0000  0.00000E+00  0.37846E+00  0.64756E-08  0.00000E+00 -0.39144E-04  0.11190E+02  0.74955E+01  0.65235E+01  0.14765E+02 -0.14047E+02 -0.20903E+04 -0.16312E+04 -0.16011E+04  0.00000E+00  0.00000E+00  0.30874E+02  0.00000E+00  0.65235E+01    310  0.00000E+00      0.000
     119.0000  0.00000E+00  0.36322E+00 -0.32960E-08  0.00000E+00 -0.39138E-04  0.11190E+02  0.78588E+01  0.65235E+01  0.14765E+02 -0.14047E+02 -0.20771E+04 -0.16311E+04 -0.16011E+04  0.00000E+00  0.00000E+00  0.30874E+02  0.00000E+00  0.65235E+01    312  0.00000E+00      0.000
     120.0000  0.00000E+00  0.41148E+00 -0.49549E-08  0.00000E+00 -0.39132E-04  0.11190E+02  0.82702E+01  0.65235E+01  0.14765E+02 -0.14047E+02 -0.20649E+04 -0.16311E+04 -0.16011E+04  0.00000E+00  0.00000E+00  0.30874E+02  0.00000E+00  0.65235E+01    314  0.00000E+00      0.000
     121.0000  0.00000E+00  0.39624E+00 -0.32742E-09  0.00000E+00 -0.39141E-04  0.11190E+02  0.86665E+01  0.65235E+01  0.14765E+02 -0.14047E+02 -0.20535E+04 -0.19447E+04 -0.16011E+04  0.00000E+00  0.00000E+00  0.30874E+02  0.00000E+00  0.65235E+01    316  0.00000E+00      0.000
     122.0000  0.00000E+00  0.35306E+00 -0.66429E-08  0.00000E+00 -0.39135E-04  0.11190E+02  0.90195E+01  0.65235E+01  0.14765E+02 -0.14047E+02 -0.20428E+04 -0.19402E+04 -0.16011E+04  0.00000E+00  0.00000E+00  0.30874E+02  0.00000E+00  0.65235E+01    318  0.00000E+00      0.000
     123.0000  0.00000E+00  0.36322E+00 -0.65484E-09  0.00000E+00 -0.39140E-04  0.11190E+02  0.93828E+01  0.65235E+01  0.14765E+02 -0.14047E+02 -0.20327E+04 -0.19358E+04 -0.16012E+04  0.00000E+00  0.00000E+00  0.30874E+02  0.00000E+00  0.65235E+01    320  0.00000E+00      0.000
     124.0000  0.00000E+00  0.39878E+00  0.31432E-08  0.00000E+00 -0.39130E-04  0.11190E+02  0.97815E+01  0.65235E+01  0.14765E+02 -0.14047E+02 -0.20233E+04 -0.19315E+04 -0.16012E+04  0.00000E+00  0.00000E+00  0.30874E+02  0.00000E+00  0.65235E+01    322  0.00000E+00      0.000
     125.0000  0.00000E+00  0.23876E+00 -0.69849E-09  0.00000E+00 -0.39139E-04  0.11190E+02  0.10020E+02  0.65235E+01  0.14765E+02 -0.14047E+02 -0.20144E+04 -0.19275E+04 -0.16012E+04  0.00000E+00  0.00000E+00  0.30874E+02  0.00000E+00  0.65235E+01    324  0.00000E+00      0.000
     126.0000  0.00000E+00  0.93980E-01  0.64028E-09  0.00000E+00 -0.39138E-04  0.11190E+02  0.10114E+02  0.65235E+01  0.14765E+02 -0.14047E+02 -0.20061E+04 -0.19236E+04 -0.16012E+04  0.00000E+00  0.00000E+00  0.30874E+02  0.00000E+00  0.65235E+01    326  0.00000E+00      0.000
     127.0000  0.00000E+00  0.28956E+00  0.39654E-09  0.00000E+00 -0.39138E-04  0.11190E+02  0.10404E+02  0.65235E+01  0.14765E+02 -0.14047E+02 -0.19982E+04 -0.19199E+04 -0.16012E+04  0.00000E+00  0.00000E+00  0.30874E+02  0.00000E+00  0.65235E+01    328  0.00000E+00      0.000
     128.0000  0.00000E+00  0.37084E+00 -0.60791E-08  0.00000E+00 -0.39137E-04  0.11190E+02  0.10775E+02  0.65235E+01  0.14765E+02 -0.14047E+02 -0.19909E+04 -0.19162E+04 -0.16012E+04  0.00000E+00  0.00000E+00  0.30873E+02  0.00000E+00  0.65235E+01    330  0.00000E+00      0.000
     129.0000  0.00000E+00  0.27432E+00 -0.33833E-08  0.00000E+00 -0.39136E-04  0.11190E+02  0.11049E+02  0.65235E+01  0.14765E+02 -0.14047E+02 -0.19840E+04 -0.19129E+04 -0.16012E+04  0.00000E+00  0.00000E+00  0.30873E+02  0.00000E+00  0.65235E+01    332  0.00000E+00      0.000
     130.0000  0.00000E+00  0.32512E+00  0.10186E-08  0.00000E+00 -0.39132E-04  0.11190E+02  0.11374E+02  0.65235E+01  0.14765E+02 -0.14047E+02 -0.19775E+04 -0.19096E+04 -0.16012E+04  0.00000E+00  0.00000E+00  0.30873E+02  0.00000E+00  0.65235E+01    334  0.00000E+00      0.000
     131.0000  0.00000E+00  0.22860E+00 -0.54570E-10  0.00000E+00 -0.39141E-04  0.11190E+02  0.11603E+02  0.65235E+01  0.14765E+02 -0.14047E+02 -0.19715E+04 -0.19065E+04 -0.16012E+04  0.00000E+00  0.00000E+00  0.30873E+02  0.00000E+00  0.65235E+01    336  0.00000E+00      0.000
     132.0000  0.00000E+00  0.29972E+00 -0.73233E-08  0.00000E+00 -0.39136E-04  0.11190E+02  0.11902E+02  0.65235E+01  0.14765E+02 -0.14047E+02 -0.19661E+04 -0.19036E+04 -0.16012E+04  0.00000E+00  0.00000E+00  0.30873E+02  0.00000E+00  0.65235E+01    338  0.00000E+00      0.000
     133.0000  0.00000E+00  0.18288E+00  0.58899E-08  0.00000E+00 -0.39140E-04  0.11190E+02  0.12085E+02  0.65235E+01  0.14765E+02 -0.14047E+02 -0.19618E+04 -0.19009E+04 -0.16012E+04  0.00000E+00  0.00000E+00  0.30873E+02  0.00000E+00  0.65235E+01    340  0.00000E+00      0.000
     134.0000  0.00000E+00  0.21336E+00  0.43001E-08  0.00000E+00 -0.39130E-04  0.11190E+02  0.12299E+02  0.65235E+01  0.14765E+02 -0.14047E+02 -0.19578E+04 -0.18982E+04 -0.16012E+04  0.00000E+00  0.00000E+00  0.30873E+02  0.00000E+00  0.65235E+01    342  0.00000E+00      0.000
     135.0000  0.00000E+00  0.42926E+00 -0.29613E-08  0.00000E+00 -0.39125E-04  0.11190E+02  0.12728E+02  0.65235E+01  0.14765E+02 -0.14047E+02 -0.19538E+04 -0.18957E+04 -0.16012E+04  0.00000E+00  0.00000E+00  0.30873E+02  0.00000E+00  0.65235E+01    344  0.00000E+00      0.000
     136.0000  0.00000E+00  0.51816E+00  0.16480E-08  0.00000E+00 -0.39139E-04  0.11190E+02  0.13246E+02  0.65235E+01  0.14765E+02 -0.14047E+02 -0.19497E+04 -0.18932E+04 -0.16012E+04  0.00000E+00  0.00000E+00  0.30873E+02  0.00000E+00  0.65235E+01    346  0.00000E+00      0.000
     137.0000  0.00000E+00  0.18542E+00 -0.15098E-08  0.00000E+00 -0.39124E-04  0.11190E+02  0.13432E+02  0.65235E+01  0.14765E+02 -0.14047E+02 -0.19458E+04 -0.18908E+04 -0.16013E+04  0.00000E+00  0.00000E+00  0.30873E+02  0.00000E+00  0.65235E+01    348  0.00000E+00      0.000
     138.0000  0.00000E+00  0.33528E+00 -0.57771E-08  0.00000E+00 -0.39138E-04  0.11190E+02  0.13767E+02  0.65235E+01  0.14765E+02 -0.14047E+02 -0.19419E+04 -0.18884E+04 -0.16013E+04  0.00000E+00  0.00000E+00  0.30873E+02  0.00000E+00  0.65235E+01    350  0.00000E+00      0.000
     139.0000  0.00000E+00  0.42672E+00 -0.82073E-08  0.00000E+00 -0.39128E-04  0.11190E+02  0.14194E+02  0.65235E+01  0.14765E+02 -0.14047E+02 -0.19380E+04 -0.18861E+04 -0.16013E+04  0.00000E+00  0.00000E+00  0.30873E+02  0.00000E+00  0.65235E+01    352  0.00000E+00      0.000
     140.0000  0.00000E+00  0.40640E+00 -0.15170E-08  0.00000E+00 -0.39138E-04  0.11190E+02  0.14600E+02  0.65235E+01  0.14765E+02 -0.14047E+02 -0.19343E+04 -0.18839E+04 -0.16013E+04  0.00000E+00  0.00000E+00  0.30873E+02  0.00000E+00  0.65235E+01    354  0.00000E+00      0.000
     141.0000  0.00000E+00  0.44450E+00  0.70650E-08  0.00000E+00 -0.39127E-04  0.11190E+02  0.15044E+02  0.65235E+01  0.14765E+02 -0.14048E+02 -0.19307E+04 -0.18817E+04 -0.16013E+04  0.00000E+00  0.00000E+00  0.30873E+02  0.00000E+00  0.65235E+01    356  0.00000E+00      0.000
     142.0000  0.00000E+00  0.35052E+00 -0.27831E-08  0.00000E+00 -0.39136E-04  0.11190E+02  0.15395E+02  0.65235E+01  0.14765E+02 -0.14048E+02 -0.19272E+04 -0.18795E+04 -0.16013E+04  0.00000E+00  0.00000E+00  0.30873E+02  0.00000E+00  0.65235E+01    358  0.00000E+00      0.000
     143.0000  0.00000E+00  0.40894E+00  0.49440E-08  0.00000E+00 -0.39132E-04  0.11190E+02  0.15804E+02  0.65235E+01  0.14765E+02 -0.14048E+02 -0.19237E+04 -0.18774E+04 -0.16013E+04  0.00000E+00  0.00000E+00  0.30873E+02  0.00000E+00  0.65235E+01    360  0.00000E+00      0.000
     144.0000  0.00000E+00  0.27940E+00 -0.30886E-08  0.00000E+00 -0.39126E-04  0.11190E+02  0.16083E+02  0.65235E+01  0.14765E+02 -0.14048E+02 -0.19204E+04 -0.18753E+04 -0.16013E+04  0.00000E+00  0.00000E+00  0.30873E+02  0.00000E+00  0.65235E+01    362  0.00000E+00      0.000
     145.0000  0.00000E+00  0.14732E+00  0.39545E-08  0.00000E+00 -0.39131E-04  0.11190E+02  0.16231E+02  0.65235E+01  0.14765E+02 -0.14048E+02 -0.19171E+04 -0.18733E+04 -0.16013E+04  0.00000E+00  0.00000E+00  0.30873E+02  0.00000E+00  0.65235E+01    364  0.00000E+00      0.000
     146.0000  0.00000E+00  0.11938E+00  0.20373E-08  0.00000E+00 -0.39130E-04  0.11190E+02  0.16350E+02  0.65235E+01  0.14765E+02 -0.14048E+02 -0.19140E+04 -0.18713E+04 -0.16013E+04  0.00000E+00  0.00000E+00  0.30873E+02  0.00000E+00  0.65235E+01    366  0.00000E+00      0.000
     147.0000  0.00000E+00  0.10922E+00  0.43656E-08  0.00000E+00 -0.39130E-04  0.11190E+02  0.16459E+02  0.65235E+01  0.14765E+02 -0.14048E+02 -0.19109E+04 -0.18694E+04 -0.16013E+04  0.00000E+00  0.00000E+00  0.30873E+02  0.00000E+00  0.65235E+01    368  0.00000E+00      0.000
     148.0000  0.00000E+00  0.37846E+00  0.72614E-08  0.00000E+00 -0.39125E-04  0.11190E+02  0.16838E+02  0.65235E+01  0.14765E+02 -0.14048E+02 -0.19079E+04 -0.18675E+04 -0.16013E+04  0.00000E+00  0.00000E+00  0.30873E+02  0.00000E+00  0.65235E+01    370  0.00000E+00      0.000
     149.0000  0.00000E+00  0.44196E+00  0.38162E-08  0.00000E+00 -0.39125E-04  0.11190E+02  0.17280E+02  0.65235E+01  0.14765E+02 -0.14048E+02 -0.19050E+04 -0.18656E+04 -0.16013E+04  0.00000E+00  0.00000E+00  0.30873E+02  0.00000E+00  0.65235E+01    372  0.00000E+00      0.000
     150.0000  0.00000E+00  0.44958E+00 -0.48003E-08  0.00000E+00 -0.39125E-04  0.11190E+02  0.17729E+02  0.65235E+01  0.14765E+02 -0.14048E+02 -0.19022E+04 -0.18638E+04 -0.16013E+04  0.00000E+00  0.00000E+00  0.30873E+02  0.00000E+00  0.65235E+01    374  0.00000E+00      0.000
     151.0000  0.00000E+00  0.33528E+00 -0.74615E-08  0.00000E+00 -0.39129E-04  0.11190E+02  0.18064E+02  0.65235E+01  0.14765E+02 -0.14048E+02 -0.18994E+04 -0.18620E+04 -0.16013E+04  0.00000E+00  0.00000E+00  0.30873E+02  0.00000E+00  0.65235E+01    376  0.00000E+00      0.000
     152.0000  0.00000E+00  0.26162E+00  0.29577E-08  0.00000E+00 -0.39129E-04  0.11190E+02  0.18326E+02  0.65235E+01  0.14765E+02 -0.14048E+02 -0.18968E+04 -0.17982E+04 -0.16013E+04  0.00000E+00  0.00000E+00  0.30873E+02  0.00000E+00  0.65235E+01    378  0.00000E+00      0.000
     153.0000  0.00000E+00  0.10414E+00  0.68849E-08  0.00000E+00 -0.39129E-04  0.11190E+02  0.18430E+02  0.65235E+01  0.14765E+02 -0.14048E+02 -0.18941E+04 -0.17976E+04 -0.16013E+04  0.00000E+00  0.00000E+00  0.30872E+02  0.00000E+00  0.65235E+01    380  0.00000E+00      0.000
     154.0000  0.00000E+00  0.19050E+00 -0.30977E-08  0.00000E+00 -0.39129E-04  0.11190E+02  0.18621E+02  0.65235E+01  0.14765E+02 -0.14048E+02 -0.18916E+04 -0.17970E+04 -0.16013E+04  0.00000E+00  0.00000E+00  0.30872E+02  0.00000E+00  0.65235E+01    382  0.00000E+00      0.000
     155.0000  0.00000E+00  0.41656E+00 -0.80672E-08  0.00000E+00 -0.39123E-04  0.11190E+02  0.19037E+02  0.65235E+01  0.14765E+02 -0.14048E+02 -0.18891E+04 -0.17964E+04 -0.16013E+04  0.00000E+00  0.00000E+00  0.30872E+02  0.00000E+00  0.65235E+01    384  0.00000E+00      0.000
     156.0000  0.00000E+00  0.37592E+00 -0.99553E-08  0.00000E+00 -0.39133E-04  0.11190E+02  0.19413E+02  0.65235E+01  0.14765E+02 -0.14048E+02 -0.18867E+04 -0.17958E+04 -0.16013E+04  0.00000E+00  0.00000E+00  0.30872E+02  0.00000E+00  0.65235E+01    386  0.00000E+00      0.000
     157.0000  0.00000E+00  0.32258E+00 -0.47348E-08  0.00000E+00 -0.39133E-04  0.11190E+02  0.19736E+02  0.65235E+01  0.14765E+02 -0.14048E+02 -0.18844E+04 -0.17951E+04 -0.16013E+04  0.00000E+00  0.00000E+00  0.30872E+02  0.00000E+00  0.65235E+01    388  0.00000E+00      0.000
     158.0000  0.00000E+00  0.41910E+00 -0.54570E-09  0.00000E+00 -0.39133E-04  0.11190E+02  0.20155E+02  0.65235E+01  0.14765E+02 -0.14048E+02 -0.18821E+04 -0.17945E+04 -0.16013E+04  0.00000E+00  0.00000E+00  0.30872E+02  0.00000E+00  0.65235E+01    390  0.00000E+00      0.000
     159.0000  0.00000E+00  0.28448E+00  0.63537E-08  0.00000E+00 -0.39132E-04  0.11190E+02  0.20439E+02  0.65235E+01  0.14765E+02 -0.14048E+02 -0.18798E+04 -0.17939E+04 -0.16014E+04  0.00000E+00  0.00000E+00  0.30872E+02  0.00000E+00  0.65235E+01    392  0.00000E+00      0.000
     160.0000  0.00000E+00  0.19304E+00 -0.70431E-08  0.00000E+00 -0.39132E-04  0.11190E+02  0.20632E+02  0.65235E+01  0.14765E+02 -0.14048E+02 -0.18777E+04 -0.17934E+04 -0.16014E+04  0.00000E+00  0.00000E+00  0.30872E+02  0.00000E+00  0.65235E+01    394  0.00000E+00      0.000
     161.0000  0.00000E+00  0.24638E+00 -0.94587E-09  0.00000E+00 -0.39133E-04  0.11190E+02  0.20879E+02  0.65235E+01  0.14765E+02 -0.14048E+02 -0.18755E+04 -0.17928E+04 -0.16014E+04  0.00000E+00  0.00000E+00  0.30872E+02  0.00000E+00  0.65235E+01    396  0.00000E+00      0.000
     162.0000  0.00000E+00  0.41148E+00 -0.53060E-08  0.00000E+00 -0.39126E-04  0.11190E+02  0.21290E+02  0.65235E+01  0.14765E+02 -0.14048E+02 -0.18734E+04 -0.17922E+04 -0.16014E+04  0.00000E+00  0.00000E+00  0.30872E+02  0.00000E+00  0.65235E+01    398  0.00000E+00      0.000
     163.0000  0.00000E+00  0.41402E+00 -0.11405E-08  0.00000E+00 -0.39131E-04  0.11190E+02  0.21704E+02  0.65235E+01  0.14765E+02 -0.14048E+02 -0.18714E+04 -0.17916E+04 -0.16014E+04  0.00000E+00  0.00000E+00  0.30872E+02  0.00000E+00  0.65235E+01    400  0.00000E+00      0.000
     164.0000  0.00000E+00  0.46482E+00  0.59335E-08  0.00000E+00 -0.39131E-04  0.11190E+02  0.22169E+02  0.65235E+01  0.14765E+02 -0.14048E+02 -0.18694E+04 -0.17910E+04 -0.16014E+04  0.00000E+00  0.00000E+00  0.30872E+02  0.00000E+00  0.65235E+01    402  0.00000E+00      0.000
     165.0000  0.00000E+00  0.44958E+00 -0.15316E-08  0.00000E+00 -0.39116E-04  0.11190E+02  0.22619E+02  0.65235E+01  0.14765E+02 -0.14049E+02 -0.18675E+04 -0.17904E+04 -0.16014E+04  0.00000E+00  0.00000E+00  0.30872E+02  0.00000E+00  0.65235E+01    404  0.00000E+00      0.000
     166.0000  0.00000E+00  0.26924E+00 -0.50277E-08  0.00000E+00 -0.39125E-04  0.11190E+02  0.22888E+02  0.65235E+01  0.14765E+02 -0.14049E+02 -0.18656E+04 -0.17898E+04 -0.16014E+04  0.00000E+00  0.00000E+00  0.30872E+02  0.00000E+00  0.65235E+01    406  0.00000E+00      0.000
     167.0000  0.00000E+00  0.43180E+00 -0.41036E-08  0.00000E+00 -0.39126E-04  0.11190E+02  0.23320E+02  0.65235E+01  0.14765E+02 -0.14049E+02 -0.18637E+04 -0.17893E+04 -0.16014E+04  0.00000E+00  0.00000E+00  0.30872E+02  0.00000E+00  0.65235E+01    408  0.00000E+00      0.000
     168.0000  0.00000E+00  0.39370E+00  0.17280E-08  0.00000E+00 -0.39130E-04  0.11190E+02  0.23713E+02  0.65235E+01  0.14765E+02 -0.14049E+02 -0.18619E+04 -0.17887E+04 -0.16014E+04  0.00000E+00  0.00000E+00  0.30872E+02  0.00000E+00  0.65235E+01    410  0.00000E+00      0.000
     169.0000  0.00000E+00  0.34036E+00 -0.60554E-08  0.00000E+00 -0.39125E-04  0.11190E+02  0.24054E+02  0.65235E+01  0.14765E+02 -0.14049E+02 -0.18601E+04 -0.17881E+04 -0.16014E+04  0.00000E+00  0.00000E+00  0.30872E+02  0.00000E+00  0.65235E+01    412  0.00000E+00      0.000
     170.0000  0.00000E+00  0.46990E+00 -0.82109E-08  0.00000E+00 -0.39115E-04  0.11190E+02  0.24524E+02  0.65235E+01  0.14765E+02 -0.14049E+02 -0.18584E+04 -0.17876E+04 -0.16014E+04  0.00000E+00  0.00000E+00  0.30872E+02  0.00000E+00  0.65235E+01    414  0.00000E+00      0.000
     171.0000  0.00000E+00  0.44450E+00  0.42237E-08  0.00000E+00 -0.39120E-04  0.11190E+02  0.24968E+02  0.65235E+01  0.14765E+02 -0.14049E+02 -0.18567E+04 -0.17870E+04 -0.16014E+04  0.00000E+00  0.00000E+00  0.30872E+02  0.00000E+00  0.65235E+01    416  0.00000E+00      0.000
     172.0000  0.00000E+00  0.34798E+00  0.70631E-08  0.00000E+00 -0.39115E-04  0.11190E+02  0.25316E+02  0.65235E+01  0.14765E+02 -0.14049E+02 -0.18551E+04 -0.17865E+04 -0.16014E+04  0.00000E+00  0.00000E+00  0.30872E+02  0.00000E+00  0.65235E+01    418  0.00000E+00      0.000
     173.0000  0.00000E+00  0.40640E+00  0.16698E-08  0.00000E+00 -0.39115E-04  0.11190E+02  0.25723E+02  0.65235E+01  0.14765E+02 -0.14049E+02 -0.18534E+04 -0.17859E+04 -0.16014E+04  0.00000E+00  0.00000E+00  0.30872E+02  0.00000E+00  0.65235E+01    420  0.00000E+00      0.000
     174.0000  0.00000E+00  0.32004E+00  0.21573E-08  0.00000E+00 -0.39119E-04  0.11190E+02  0.26043E+02  0.65235E+01  0.14765E+02 -0.14049E+02 -0.18518E+04 -0.17854E+04 -0.16014E+04  0.00000E+00  0.00000E+00  0.30872E+02  0.00000E+00  0.65235E+01    422  0.00000E+00      0.000
     175.0000  0.00000E+00  0.40132E+00 -0.61773E-08  0.00000E+00 -0.39125E-04  0.11190E+02  0.26444E+02  0.65235E+01  0.14765E+02 -0.14049E+02 -0.18503E+04 -0.17848E+04 -0.16014E+04  0.00000E+00  0.00000E+00  0.30872E+02  0.00000E+00  0.65235E+01    424  0.00000E+00      0.000
     176.0000 -0.21611E+01  0.34036E+00 -0.21611E+01  0.29097E+00 -0.39095E-04  0.90289E+01  0.26784E+02  0.43624E+01  0.14951E+02 -0.14049E+02 -0.49135E+02 -0.73180E+03 -0.16014E+04  0.00000E+00  0.00000E+00  0.32852E+02  0.21611E+01  0.65235E+01    475  0.00000E+00      0.000
     177.0000 -0.16612E+01  0.43942E+00 -0.16612E+01  0.43914E+00 -0.39100E-04  0.73677E+01  0.27224E+02  0.27012E+01  0.15372E+02 -0.14049E+02 -0.45429E+02 -0.15906E+03 -0.16014E+04  0.00000E+00  0.00000E+00  0.34098E+02  0.38223E+01  0.65235E+01    496  0.00000E+00      0.000
     178.0000 -0.19705E+01  0.34036E+00 -0.19705E+01  0.34036E+00 -0.39100E-04  0.53972E+01  0.27564E+02  0.73068E+00  0.15712E+02 -0.14049E+02 -0.30630E+02 -0.59185E+02 -0.16014E+04  0.00000E+00  0.00000E+00  0.35722E+02  0.57928E+01  0.65235E+01    512  0.00000E+00      0.000
     179.0000  0.00000E+00  0.35052E+00 -0.52154E-07  0.35052E+00 -0.39133E-04  0.53972E+01  0.27915E+02  0.73068E+00  0.16062E+02 -0.14049E+02 -0.11539E+03 -0.11749E+03 -0.16014E+04  0.00000E+00  0.00000E+00  0.35372E+02  0.57928E+01  0.65235E+01    526  0.00000E+00      0.000
     180.0000 -0.33071E+01  0.46990E+00 -0.33071E+01  0.46990E+00 -0.39109E-04  0.20901E+01  0.28385E+02 -0.25764E+01  0.16532E+02 -0.14049E+02 -0.13074E+02 -0.24585E+02 -0.16014E+04  0.00000E+00  0.00000E+00  0.38219E+02  0.90999E+01  0.65235E+01    540  0.00000E+00      0.000
     181.0000  0.00000E+00  0.46482E+00 -0.43958E-06  0.46482E+00 -0.39138E-04  0.20901E+01  0.28849E+02 -0.25764E+01  0.16997E+02 -0.14049E+02 -0.91098E+02 -0.84531E+02 -0.16014E+04  0.00000E+00  0.00000E+00  0.37754E+02  0.90999E+01  0.65235E+01    554  0.00000E+00      0.000
     182.0000 -0.33020E+01  0.58928E+00 -0.33020E+01  0.58928E+00 -0.39104E-04 -0.12119E+01  0.29439E+02 -0.58784E+01  0.17586E+02 -0.14049E+02 -0.10933E+02 -0.25961E+02 -0.16014E+04  0.00000E+00  0.00000E+00  0.40475E+02  0.12402E+02  0.65235E+01    568  0.00000E+00      0.000
     183.0000  0.00000E+00  0.44958E+00 -0.47684E-06  0.44958E+00 -0.39100E-04 -0.12119E+01  0.29888E+02 -0.58784E+01  0.18036E+02 -0.14049E+02 -0.75373E+02 -0.68790E+02 -0.16014E+04  0.00000E+00  0.00000E+00  0.40006E+02  0.12402E+02  0.65235E+01    578  0.00000E+00      0.000
     184.0000 -0.24773E+01  0.37592E+00 -0.24773E+01  0.37592E+00 -0.39146E-04 -0.36892E+01  0.30264E+02 -0.83557E+01  0.18412E+02 -0.14049E+02 -0.15995E+02 -0.28493E+02 -0.16014E+04  0.00000E+00  0.00000E+00  0.42100E+02  0.14879E+02  0.65235E+01    587  0.00000E+00      0.000
     185.0000  0.00000E+00  0.29972E+00  0.82981E-06  0.29972E+00 -0.39099E-04 -0.36892E+01  0.30564E+02 -0.83557E+01  0.18712E+02 -0.14049E+02 -0.69675E+02 -0.61805E+02 -0.16014E+04  0.00000E+00  0.00000E+00  0.41791E+02  0.14879E+02  0.65235E+01    595  0.00000E+00      0.000
     186.0000  0.00000E+00  0.39370E+00  0.21700E-06  0.39370E+00 -0.39095E-04 -0.36892E+01  0.30958E+02 -0.83557E+01  0.19105E+02 -0.14049E+02 -0.99487E+02 -0.87462E+02 -0.16014E+04  0.00000E+00  0.00000E+00  0.41409E+02  0.14879E+02  0.65235E+01    603  0.00000E+00      0.000
     187.0000  0.00000E+00  0.39370E+00  0.40326E-06  0.39370E+00 -0.39104E-04 -0.36892E+01  0.31351E+02 -0.83557E+01  0.19499E+02 -0.14049E+02 -0.12904E+03 -0.11181E+03 -0.16014E+04  0.00000E+00  0.00000E+00  0.41015E+02  0.14879E+02  0.65235E+01    609  0.00000E+00      0.000
     188.0000  0.00000E+00  0.41148E+00 -0.93132E-09  0.41148E+00 -0.39130E-04 -0.36892E+01  0.31763E+02 -0.83557E+01  0.19911E+02 -0.14049E+02 -0.16291E+03 -0.13799E+03 -0.16014E+04  0.00000E+00  0.00000E+00  0.40607E+02  0.14879E+02  0.65235E+01    613  0.00000E+00      0.000
     189.0000  0.00000E+00  0.42672E+00  0.89407E-07  0.42672E+00 -0.39134E-04 -0.36892E+01  0.32189E+02 -0.83557E+01  0.20337E+02 -0.14049E+02 -0.20521E+03 -0.16826E+03 -0.16014E+04  0.00000E+00  0.00000E+00  0.40184E+02  0.14879E+02  0.65235E+01    616  0.00000E+00      0.000
     190.0000  0.00000E+00  0.46482E+00 -0.91270E-07  0.46482E+00 -0.39117E-04 -0.36892E+01  0.32654E+02 -0.83557E+01  0.20802E+02 -0.14049E+02 -0.26502E+03 -0.20667E+03 -0.16014E+04  0.00000E+00  0.00000E+00  0.39732E+02  0.14879E+02  0.65235E+01    619  0.00000E+00      0.000
     191.0000  0.00000E+00  0.41910E+00  0.27940E-07  0.41910E+00 -0.39119E-04 -0.36892E+01  0.33073E+02 -0.83557E+01  0.21221E+02 -0.14050E+02 -0.34502E+03 -0.25291E+03 -0.16014E+04  0.00000E+00  0.00000E+00  0.39290E+02  0.14879E+02  0.65235E+01    621  0.00000E+00      0.000
     192.0000  0.00000E+00  0.33020E+00  0.22352E-07  0.33020E+00 -0.39124E-04 -0.36892E+01  0.33404E+02 -0.83557E+01  0.21551E+02 -0.14050E+02 -0.43662E+03 -0.30112E+03 -0.16014E+04  0.00000E+00  0.00000E+00  0.38915E+02  0.14879E+02  0.65235E+01    623  0.00000E+00      0.000
     193.0000  0.00000E+00  0.43434E+00  0.18626E-07  0.43369E+00 -0.39128E-04 -0.36892E+01  0.33838E+02 -0.83557E+01  0.21985E+02 -0.14050E+02 -0.56566E+03 -0.36561E+03 -0.16014E+04  0.00000E+00  0.00000E+00  0.38533E+02  0.14879E+02  0.65235E+01    625  0.00000E+00      0.000
     194.0000 -0.13602E+01  0.39370E+00 -0.13602E+01  0.39370E+00 -0.39103E-04 -0.50494E+01  0.34232E+02 -0.97159E+01  0.22379E+02 -0.14050E+02 -0.69678E+02 -0.23626E+03 -0.16014E+04  0.00000E+00  0.00000E+00  0.39495E+02  0.16239E+02  0.65235E+01    640  0.00000E+00      0.000
     195.0000 -0.12700E+01  0.35306E+00 -0.12700E+01  0.35306E+00 -0.39145E-04 -0.63194E+01  0.34585E+02 -0.10986E+02  0.22732E+02 -0.14050E+02 -0.53061E+02 -0.15413E+03 -0.16014E+04  0.00000E+00  0.00000E+00  0.40408E+02  0.17509E+02  0.65235E+01    648  0.00000E+00      0.000
     196.0000 -0.12700E+01  0.41402E+00 -0.12700E+01  0.41402E+00 -0.39108E-04 -0.75894E+01  0.34999E+02 -0.12256E+02  0.23146E+02 -0.14050E+02 -0.44688E+02 -0.10073E+03 -0.16014E+04  0.00000E+00  0.00000E+00  0.41276E+02  0.18779E+02  0.65235E+01    653  0.00000E+00      0.000
     197.0000 -0.12700E+01  0.43180E+00 -0.12700E+01  0.43180E+00 -0.39121E-04 -0.88594E+01  0.35430E+02 -0.13526E+02  0.23578E+02 -0.14050E+02 -0.40025E+02 -0.73181E+02 -0.16014E+04  0.00000E+00  0.00000E+00  0.42120E+02  0.20049E+02  0.65235E+01    656  0.00000E+00      0.000
     198.0000 -0.12802E+01  0.46736E+00 -0.12802E+01  0.46736E+00 -0.39121E-04 -0.10140E+02  0.35898E+02 -0.14806E+02  0.24045E+02 -0.14050E+02 -0.36633E+02 -0.59307E+02 -0.16014E+04  0.00000E+00  0.00000E+00  0.42945E+02  0.21330E+02  0.65235E+01    659  0.00000E+00      0.000
     199.0000 -0.25400E+01  0.44450E+00 -0.25400E+01  0.44450E+00 -0.39124E-04 -0.12680E+02  0.36342E+02 -0.17346E+02  0.24490E+02 -0.14050E+02 -0.15380E+02 -0.27272E+02 -0.16014E+04  0.00000E+00  0.00000E+00  0.45033E+02  0.23870E+02  0.65235E+01    662  0.00000E+00      0.000
     200.0000  0.00000E+00  0.41910E+00  0.70967E-06  0.41910E+00 -0.39103E-04 -0.12680E+02  0.36761E+02 -0.17346E+02  0.24909E+02 -0.14050E+02 -0.70959E+02 -0.61862E+02 -0.16014E+04  0.00000E+00  0.00000E+00  0.44609E+02  0.23870E+02  0.65235E+01    667  0.00000E+00      0.000
     201.0000 -0.12700E+01  0.43942E+00 -0.12700E+01  0.43942E+00 -0.39112E-04 -0.13950E+02  0.37201E+02 -0.18616E+02  0.25348E+02 -0.14050E+02 -0.35018E+02 -0.48807E+02 -0.16014E+04  0.00000E+00  0.00000E+00  0.45444E+02  0.25140E+02  0.65235E+01    671  0.00000E+00      0.000
     202.0000  0.00000E+00  0.47244E+00  0.30920E-06  0.47244E+00 -0.39120E-04 -0.13950E+02  0.37673E+02 -0.18616E+02  0.25821E+02 -0.14050E+02 -0.85755E+02 -0.75572E+02 -0.16014E+04  0.00000E+00  0.00000E+00  0.44983E+02  0.25140E+02  0.65235E+01    674  0.00000E+00      0.000
     203.0000  0.00000E+00  0.46736E+00 -0.20489E-07  0.46736E+00 -0.39123E-04 -0.13950E+02  0.38141E+02 -0.18616E+02  0.26288E+02 -0.14050E+02 -0.11779E+03 -0.10045E+03 -0.16014E+04  0.00000E+00  0.00000E+00  0.44513E+02  0.25140E+02  0.65235E+01    676  0.00000E+00      0.000
     204.0000  0.00000E+00  0.45974E+00 -0.25984E-06  0.45974E+00 -0.39123E-04 -0.13950E+02  0.38600E+02 -0.18616E+02  0.26748E+02 -0.14050E+02 -0.15176E+03 -0.12592E+03 -0.16014E+04  0.00000E+00  0.00000E+00  0.44049E+02  0.25140E+02  0.65235E+01    678  0.00000E+00      0.000
     205.0000  0.00000E+00  0.46990E+00  0.40978E-07  0.46990E+00 -0.39123E-04 -0.13950E+02  0.39070E+02 -0.18616E+02  0.27218E+02 -0.14050E+02 -0.19290E+03 -0.15455E+03 -0.16014E+04  0.00000E+00  0.00000E+00  0.43584E+02  0.25140E+02  0.65235E+01    680  0.00000E+00      0.000
     206.0000  0.00000E+00  0.46482E+00  0.55879E-08  0.46482E+00 -0.39117E-04 -0.13950E+02  0.39535E+02 -0.18616E+02  0.27683E+02 -0.14050E+02 -0.24650E+03 -0.18836E+03 -0.16014E+04  0.00000E+00  0.00000E+00  0.43117E+02  0.25140E+02  0.65235E+01    682  0.00000E+00      0.000
     207.0000  0.00000E+00  0.44958E+00  0.26077E-07  0.44958E+00 -0.39112E-04 -0.13950E+02  0.39985E+02 -0.18616E+02  0.28132E+02 -0.14050E+02 -0.31789E+03 -0.22890E+03 -0.16014E+04  0.00000E+00  0.00000E+00  0.42660E+02  0.25140E+02  0.65235E+01    684  0.00000E+00      0.000
     208.0000  0.00000E+00  0.34036E+00 -0.31665E-07  0.34036E+00 -0.39127E-04 -0.13950E+02  0.40325E+02 -0.18616E+02  0.28473E+02 -0.14050E+02 -0.40014E+03 -0.27110E+03 -0.16014E+04  0.00000E+00  0.00000E+00  0.42265E+02  0.25140E+02  0.65235E+01    686  0.00000E+00      0.000
     209.0000  0.00000E+00  0.36068E+00  0.32596E-08  0.36068E+00 -0.39117E-04 -0.13950E+02  0.40686E+02 -0.18616E+02  0.28833E+02 -0.14050E+02 -0.49459E+03 -0.31687E+03 -0.16014E+04  0.00000E+00  0.00000E+00  0.41914E+02  0.25140E+02  0.65235E+01    688  0.00000E+00      0.000
     210.0000  0.00000E+00  0.39370E+00 -0.55879E-08  0.38971E+00 -0.39122E-04 -0.13950E+02  0.41079E+02 -0.18616E+02  0.29225E+02 -0.14050E+02 -0.64356E+03 -0.38254E+03 -0.16014E+04  0.00000E+00  0.00000E+00  0.41537E+02  0.25140E+02  0.65235E+01    690  0.00000E+00      0.000
     211.0000  0.00000E+00  0.39116E+00 -0.23283E-08  0.35417E+00 -0.39117E-04 -0.13950E+02  0.41471E+02 -0.18616E+02  0.29589E+02 -0.14050E+02 -0.85651E+03 -0.47336E+03 -0.16015E+04  0.00000E+00  0.00000E+00  0.41155E+02  0.25140E+02  0.65235E+01    692  0.00000E+00      0.000
     212.0000  0.00000E+00  0.41402E+00  0.12573E-07  0.31946E+00 -0.39117E-04 -0.13950E+02  0.41885E+02 -0.18616E+02  0.29922E+02 -0.14050E+02 -0.10914E+04 -0.58092E+03 -0.16015E+04  0.00000E+00  0.00000E+00  0.40804E+02  0.25140E+02  0.65235E+01    694  0.00000E+00      0.000
     213.0000  0.00000E+00  0.43942E+00 -0.55879E-08  0.27630E+00 -0.39117E-04 -0.13950E+02  0.42324E+02 -0.18616E+02  0.30214E+02 -0.14050E+02 -0.13023E+04 -0.69244E+03 -0.16015E+04  0.00000E+00  0.00000E+00  0.40491E+02  0.25140E+02  0.65235E+01    696  0.00000E+00      0.000
     214.0000  0.00000E+00  0.43688E+00  0.13970E-08  0.22756E+00 -0.39126E-04 -0.13950E+02  0.42761E+02 -0.18616E+02  0.30453E+02 -0.14050E+02 -0.14481E+04 -0.78728E+03 -0.16015E+04  0.00000E+00  0.00000E+00  0.40228E+02  0.25140E+02  0.65235E+01    698  0.00000E+00      0.000
     215.0000  0.00000E+00  0.39624E+00  0.39581E-08  0.18069E+00 -0.39111E-04 -0.13950E+02  0.43157E+02 -0.18616E+02  0.30640E+02 -0.14050E+02 -0.15234E+04 -0.85710E+03 -0.16015E+04  0.00000E+00  0.00000E+00  0.40017E+02  0.25140E+02  0.65235E+01    700  0.00000E+00      0.000
     216.0000  0.00000E+00  0.35814E+00  0.57335E-08  0.14788E+00 -0.39116E-04 -0.13950E+02  0.43515E+02 -0.18616E+02  0.30792E+02 -0.14051E+02 -0.15660E+04 -0.90788E+03 -0.16015E+04  0.00000E+00  0.00000E+00  0.39849E+02  0.25140E+02  0.65235E+01    702  0.00000E+00      0.000
     217.0000  0.00000E+00  0.19558E+00 -0.37253E-08  0.82833E-01 -0.39126E-04 -0.13950E+02  0.43711E+02 -0.18616E+02  0.30875E+02 -0.14051E+02 -0.15862E+04 -0.93277E+03 -0.16015E+04  0.00000E+00  0.00000E+00  0.39733E+02  0.25140E+02  0.65235E+01    704  0.00000E+00      0.000
     218.0000  0.00000E+00  0.14986E+00 -0.18226E-08  0.64841E-01 -0.39121E-04 -0.13950E+02  0.43861E+02 -0.18616E+02  0.30939E+02 -0.14051E+02 -0.15929E+04 -0.93672E+03 -0.16015E+04  0.00000E+00  0.00000E+00  0.39660E+02  0.25140E+02  0.65235E+01    706  0.00000E+00      0.000
     219.0000  0.00000E+00  0.34036E+00  0.96879E-08  0.12809E+00 -0.39116E-04 -0.13950E+02  0.44201E+02 -0.18616E+02  0.31070E+02 -0.14051E+02 -0.15965E+04 -0.95689E+03 -0.16015E+04  0.00000E+00  0.00000E+00  0.39560E+02  0.25140E+02  0.65235E+01    708  0.00000E+00      0.000
     220.0000  0.00000E+00  0.35560E+00  0.50040E-08  0.12146E+00 -0.39121E-04 -0.13950E+02  0.44557E+02 -0.18616E+02  0.31195E+02 -0.14051E+02 -0.15991E+04 -0.99334E+03 -0.16015E+04  0.00000E+00  0.00000E+00  0.39433E+02  0.25140E+02  0.65235E+01    710  0.00000E+00      0.000
     221.0000  0.00000E+00  0.40640E+00 -0.68767E-08  0.12168E+00 -0.39116E-04 -0.13950E+02  0.44963E+02 -0.18616E+02  0.31320E+02 -0.14051E+02 -0.16004E+04 -0.10310E+04 -0.16015E+04  0.00000E+00  0.00000E+00  0.39307E+02  0.25140E+02  0.65235E+01    712  0.00000E+00      0.000
     222.0000  0.00000E+00  0.46228E+00 -0.47858E-08  0.11902E+00 -0.39125E-04 -0.13950E+02  0.45425E+02 -0.18616E+02  0.31443E+02 -0.14051E+02 -0.16012E+04 -0.10698E+04 -0.16015E+04  0.00000E+00  0.00000E+00  0.39183E+02  0.25140E+02  0.65235E+01    714  0.00000E+00      0.000
     223.0000  0.00000E+00  0.39878E+00 -0.32933E-08  0.97149E-01 -0.39120E-04 -0.13950E+02  0.45824E+02 -0.18616E+02  0.31542E+02 -0.14051E+02 -0.16017E+04 -0.11019E+04 -0.16015E+04  0.00000E+00  0.00000E+00  0.39073E+02  0.25140E+02  0.65235E+01    716  0.00000E+00      0.000
     224.0000  0.00000E+00  0.26924E+00 -0.61059E-08  0.67686E-01 -0.39119E-04 -0.13950E+02  0.46093E+02 -0.18616E+02  0.31610E+02 -0.14051E+02 -0.16021E+04 -0.11198E+04 -0.16015E+04  0.00000E+00  0.00000E+00  0.38990E+02  0.25140E+02  0.65235E+01    718  0.00000E+00      0.000
     225.0000  0.00000E+00  0.35560E+00 -0.56602E-08  0.80313E-01 -0.39123E-04 -0.13950E+02  0.46449E+02 -0.18616E+02  0.31692E+02 -0.14051E+02 -0.16024E+04 -0.11361E+04 -0.16015E+04  0.00000E+00  0.00000E+00  0.38915E+02  0.25140E+02  0.65235E+01    720  0.00000E+00      0.000
     226.0000  0.00000E+00  0.41148E+00  0.10346E-08  0.83028E-01 -0.39126E-04 -0.13950E+02  0.46861E+02 -0.18616E+02  0.31777E+02 -0.14051E+02 -0.16027E+04 -0.11574E+04 -0.16015E+04  0.00000E+00  0.00000E+00  0.38831E+02  0.25140E+02  0.65235E+01    722  0.00000E+00      0.000
     227.0000  0.00000E+00  0.43688E+00  0.62246E-08  0.79789E-01 -0.39113E-04 -0.13950E+02  0.47297E+02 -0.18616E+02  0.31858E+02 -0.14051E+02 -0.16030E+04 -0.11796E+04 -0.16014E+04  0.00000E+00  0.00000E+00  0.38748E+02  0.25140E+02  0.65235E+01    724  0.00000E+00      0.000
     228.0000  0.00000E+00  0.32258E+00 -0.77871E-08  0.60854E-01 -0.39128E-04 -0.13950E+02  0.47620E+02 -0.18616E+02  0.31920E+02 -0.14051E+02 -0.16032E+04 -0.11951E+04 -0.16014E+04  0.00000E+00  0.00000E+00  0.38677E+02  0.25140E+02  0.65235E+01    726  0.00000E+00      0.000
     229.0000  0.00000E+00  0.44958E+00  0.66666E-08  0.72114E-01 -0.39132E-04 -0.13950E+02  0.48070E+02 -0.18616E+02  0.31993E+02 -0.14051E+02 -0.16034E+04 -0.12112E+04 -0.16014E+04  0.00000E+00  0.00000E+00  0.38609E+02  0.25140E+02  0.65235E+01    728  0.00000E+00      0.000
     230.0000  0.00000E+00  0.55372E+00 -0.28272E-08  0.77285E-01 -0.39132E-04 -0.13950E+02  0.48623E+02 -0.18616E+02  0.32073E+02 -0.14051E+02 -0.16037E+04 -0.12336E+04 -0.16013E+04  0.00000E+00  0.00000E+00  0.38532E+02  0.25140E+02  0.65235E+01    730  0.00000E+00      0.000
     231.0000  0.00000E+00  0.29972E+00 -0.45895E-08  0.47026E-01 -0.39138E-04 -0.13950E+02  0.48923E+02 -0.18616E+02  0.32120E+02 -0.14051E+02 -0.16039E+04 -0.12460E+04 -0.16012E+04  0.00000E+00  0.00000E+00  0.38470E+02  0.25140E+02  0.65235E+01    732  0.00000E+00      0.000
     232.0000  0.00000E+00  0.25146E+00  0.18833E-08  0.40804E-01 -0.39143E-04 -0.13950E+02  0.49174E+02 -0.18616E+02  0.32161E+02 -0.14051E+02 -0.16041E+04 -0.12489E+04 -0.16010E+04  0.00000E+00  0.00000E+00  0.38426E+02  0.25140E+02  0.65235E+01    734  0.00000E+00      0.000
     233.0000  0.00000E+00  0.11938E+00 -0.43531E-08  0.22277E-01 -0.39159E-04 -0.13950E+02  0.49294E+02 -0.18616E+02  0.32183E+02 -0.14051E+02 -0.16043E+04 -0.12434E+04 -0.16007E+04  0.00000E+00  0.00000E+00  0.38395E+02  0.25140E+02  0.65235E+01    736  0.00000E+00      0.000
     234.0000  0.00000E+00  0.36068E+00  0.58201E-08  0.55082E-01 -0.39187E-04 -0.13950E+02  0.49654E+02 -0.18616E+02  0.32239E+02 -0.14051E+02 -0.16045E+04 -0.12468E+04 -0.16003E+04  0.00000E+00  0.00000E+00  0.38355E+02  0.25140E+02  0.65235E+01    738  0.00000E+00      0.000
     235.0000  0.00000E+00  0.40386E+00  0.21960E-08  0.55905E-01 -0.39215E-04 -0.13950E+02  0.50058E+02 -0.18616E+02  0.32295E+02 -0.14051E+02 -0.16046E+04 -0.12607E+04 -0.15997E+04  0.00000E+00  0.00000E+00  0.38298E+02  0.25140E+02  0.65235E+01    740  0.00000E+00      0.000
     236.0000  0.00000E+00  0.36322E+00 -0.25220E-08  0.49277E-01 -0.39249E-04 -0.13950E+02  0.50422E+02 -0.18616E+02  0.32345E+02 -0.14051E+02 -0.16048E+04 -0.12733E+04 -0.15989E+04  0.00000E+00  0.00000E+00  0.38245E+02  0.25140E+02  0.65235E+01    742  0.00000E+00      0.000
     237.0000  0.00000E+00  0.28194E+00  0.53749E-08  0.39843E-01 -0.39318E-04 -0.13950E+02  0.50704E+02 -0.18616E+02  0.32385E+02 -0.14051E+02 -0.16049E+04 -0.12808E+04 -0.15979E+04  0.00000E+00  0.00000E+00  0.38200E+02  0.25140E+02  0.65235E+01    744  0.00000E+00      0.000
     238.0000  0.00000E+00  0.36830E+00 -0.10220E-08  0.46343E-01 -0.39381E-04 -0.13950E+02  0.51072E+02 -0.18616E+02  0.32432E+02 -0.14051E+02 -0.16051E+04 -0.12891E+04 -0.15965E+04  0.00000E+00  0.00000E+00  0.38157E+02  0.25140E+02  0.65235E+01    746  0.00000E+00      0.000
     239.0000  0.00000E+00  0.32004E+00  0.74623E-08  0.40561E-01 -0.39485E-04 -0.13950E+02  0.51392E+02 -0.18616E+02  0.32473E+02 -0.14051E+02 -0.16052E+04 -0.12973E+04 -0.15947E+04  0.00000E+00  0.00000E+00  0.38113E+02  0.25140E+02  0.65235E+01    748  0.00000E+00      0.000
     240.0000  0.00000E+00  0.29972E+00 -0.37270E-08  0.37717E-01 -0.39596E-04 -0.13950E+02  0.51692E+02 -0.18616E+02  0.32511E+02 -0.14051E+02 -0.16053E+04 -0.13032E+04 -0.15923E+04  0.00000E+00  0.00000E+00  0.38074E+02  0.25140E+02  0.65235E+01    750  0.00000E+00      0.000
     241.0000  0.00000E+00  0.37846E+00  0.47205E-08  0.42513E-01 -0.39757E-04 -0.13950E+02  0.52070E+02 -0.18616E+02  0.32554E+02 -0.14052E+02 -0.16054E+04 -0.13110E+04 -0.15894E+04  0.00000E+00  0.00000E+00  0.38033E+02  0.25140E+02  0.65235E+01    752  0.00000E+00      0.000
     242.0000  0.00000E+00  0.46482E+00 -0.65041E-08  0.45164E-01 -0.39954E-04 -0.13950E+02  0.52535E+02 -0.18616E+02  0.32600E+02 -0.14052E+02 -0.16056E+04 -0.13223E+04 -0.15857E+04  0.00000E+00  0.00000E+00  0.37988E+02  0.25140E+02  0.65235E+01    754  0.00000E+00      0.000
     243.0000  0.00000E+00  0.37592E+00  0.25558E-08  0.37821E-01 -0.40197E-04 -0.13950E+02  0.52911E+02 -0.18616E+02  0.32638E+02 -0.14052E+02 -0.16057E+04 -0.13314E+04 -0.15812E+04  0.00000E+00  0.00000E+00  0.37946E+02  0.25140E+02  0.65235E+01    756  0.00000E+00      0.000
     244.0000  0.00000E+00  0.28194E+00 -0.26467E-08  0.21682E+00 -0.40479E-04 -0.13950E+02  0.53193E+02 -0.18616E+02  0.32747E+02 -0.14052E+02 -0.16058E+04 -0.71203E+03 -0.15757E+04  0.00000E+00  0.00000E+00  0.37927E+02  0.25140E+02  0.65235E+01    758  0.00000E+00      0.000
     245.0000  0.00000E+00  0.42926E+00 -0.11527E-08  0.34305E+01 -0.40080E-04 -0.13950E+02  0.53622E+02 -0.18616E+02  0.37893E+02 -0.14052E+02 -0.16059E+04 -0.97535E+03 -0.15807E+04  0.00000E+00  0.00000E+00  0.34388E+02  0.25140E+02  0.65235E+01    760  0.00000E+00      0.000
     246.0000  0.00000E+00  0.37084E+00 -0.86568E-08  0.85742E+00 -0.39455E-04 -0.13950E+02  0.53993E+02 -0.18616E+02  0.39179E+02 -0.14052E+02 -0.16060E+04 -0.13794E+04 -0.15935E+04  0.00000E+00  0.00000E+00  0.31815E+02  0.25140E+02  0.65235E+01    762  0.00000E+00      0.000
     247.0000  0.00000E+00  0.17272E+00  0.34239E-08  0.21364E+00 -0.39185E-04 -0.13950E+02  0.54166E+02 -0.18616E+02  0.39500E+02 -0.14052E+02 -0.16062E+04 -0.15375E+04 -0.15991E+04  0.00000E+00  0.00000E+00  0.31172E+02  0.25140E+02  0.65235E+01    764  0.00000E+00      0.000
     248.0000  0.00000E+00  0.27432E+00 -0.18686E-08  0.52418E-01 -0.39156E-04 -0.13950E+02  0.54440E+02 -0.18616E+02  0.39580E+02 -0.14052E+02 -0.16064E+04 -0.15869E+04 -0.16004E+04  0.00000E+00  0.00000E+00  0.31012E+02  0.25140E+02  0.65235E+01    766  0.00000E+00      0.000
     249.0000  0.00000E+00  0.34290E+00 -0.85220E-09  0.85040E-02 -0.39155E-04 -0.13950E+02  0.54783E+02 -0.18616E+02  0.39596E+02 -0.14052E+02 -0.16066E+04 -0.16006E+04 -0.16007E+04  0.00000E+00  0.00000E+00  0.30973E+02  0.25140E+02  0.65235E+01    768  0.00000E+00      0.000
     250.0000  0.00000E+00  0.26924E+00  0.16535E-08  0.00000E+00 -0.39156E-04 -0.13950E+02  0.55052E+02 -0.18616E+02  0.39596E+02 -0.14052E+02 -0.16067E+04 -0.16022E+04 -0.16008E+04  0.00000E+00  0.00000E+00  0.30969E+02  0.25140E+02  0.65235E+01    770  0.00000E+00      0.000
     251.0000  0.00000E+00  0.25400E+00  0.69181E-08  0.00000E+00 -0.39148E-04 -0.13950E+02  0.55306E+02 -0.18616E+02  0.39596E+02 -0.14052E+02 -0.16069E+04 -0.16023E+04 -0.16009E+04  0.00000E+00  0.00000E+00  0.30969E+02  0.25140E+02  0.65235E+01    772  0.00000E+00      0.000
     252.0000  0.00000E+00  0.21336E+00 -0.88169E-08  0.00000E+00 -0.39146E-04 -0.13950E+02  0.55519E+02 -0.18616E+02  0.39596E+02 -0.14052E+02 -0.16071E+04 -0.16023E+04 -0.16009E+04  0.00000E+00  0.00000E+00  0.30969E+02  0.25140E+02  0.65235E+01    774  0.00000E+00      0.000
     253.0000  0.00000E+00  0.23622E+00  0.45491E-08  0.00000E+00 -0.39146E-04 -0.13950E+02  0.55756E+02 -0.18616E+02  0.39596E+02 -0.14052E+02 -0.16073E+04 -0.16023E+04 -0.16010E+04  0.00000E+00  0.00000E+00  0.30969E+02  0.25140E+02  0.65235E+01    776  0.00000E+00      0.000
     254.0000  0.00000E+00  0.25146E+00 -0.71773E-08  0.00000E+00 -0.39136E-04 -0.13950E+02  0.56007E+02 -0.18616E+02  0.39596E+02 -0.14052E+02 -0.16075E+04 -0.16023E+04 -0.16010E+04  0.00000E+00  0.00000E+00  0.30969E+02  0.25140E+02  0.65235E+01    778  0.00000E+00      0.000
     255.0000  0.00000E+00  0.29210E+00  0.61252E-08  0.00000E+00 -0.39147E-04 -0.13950E+02  0.56299E+02 -0.18616E+02  0.39596E+02 -0.14052E+02 -0.16077E+04 -0.16023E+04 -0.16011E+04  0.00000E+00  0.00000E+00  0.30969E+02  0.25140E+02  0.65235E+01    780  0.00000E+00      0.000
     256.0000  0.00000E+00  0.24638E+00 -0.56671E-08  0.00000E+00 -0.39144E-04 -0.13950E+02  0.56546E+02 -0.18616E+02  0.39596E+02 -0.14052E+02 -0.16078E+04 -0.16023E+04 -0.16011E+04  0.00000E+00  0.00000E+00  0.30969E+02  0.25140E+02  0.65235E+01    782  0.00000E+00      0.000
     257.0000  0.00000E+00  0.21844E+00  0.28375E-08  0.00000E+00 -0.39134E-04 -0.13950E+02  0.56764E+02 -0.18616E+02  0.39596E+02 -0.14052E+02 -0.16080E+04 -0.16023E+04 -0.16011E+04  0.00000E+00  0.00000E+00  0.30969E+02  0.25140E+02  0.65235E+01    784  0.00000E+00      0.000
     258.0000  0.00000E+00  0.29210E+00  0.58895E-08  0.00000E+00 -0.39127E-04 -0.13950E+02  0.57056E+02 -0.18616E+02  0.39596E+02 -0.14052E+02 -0.16082E+04 -0.16023E+04 -0.16012E+04  0.00000E+00  0.00000E+00  0.30969E+02  0.25140E+02  0.65235E+01    786  0.00000E+00      0.000
     259.0000  0.00000E+00  0.32258E+00 -0.55763E-09  0.00000E+00 -0.39125E-04 -0.13950E+02  0.57379E+02 -0.18616E+02  0.39596E+02 -0.14052E+02 -0.16083E+04 -0.16024E+04 -0.16012E+04  0.00000E+00  0.00000E+00  0.30969E+02  0.25140E+02  0.65235E+01    788  0.00000E+00      0.000
     260.0000  0.00000E+00  0.46228E+00  0.85702E-08  0.00000E+00 -0.39133E-04 -0.13950E+02  0.57841E+02 -0.18616E+02  0.39596E+02 -0.14052E+02 -0.16085E+04 -0.16024E+04 -0.16012E+04  0.00000E+00  0.00000E+00  0.30969E+02  0.25140E+02  0.65235E+01    790  0.00000E+00      0.000
     261.0000  0.00000E+00  0.37592E+00  0.20796E-08  0.00000E+00 -0.39141E-04 -0.13950E+02  0.58217E+02 -0.18616E+02  0.39596E+02 -0.14052E+02 -0.16086E+04 -0.16024E+04 -0.16012E+04  0.00000E+00  0.00000E+00  0.30969E+02  0.25140E+02  0.65235E+01    792  0.00000E+00      0.000
     262.0000  0.00000E+00  0.20066E+00 -0.37286E-08  0.00000E+00 -0.39129E-04 -0.13950E+02  0.58418E+02 -0.18616E+02  0.39596E+02 -0.14052E+02 -0.16088E+04 -0.16024E+04 -0.16013E+04  0.00000E+00  0.00000E+00  0.30969E+02  0.25140E+02  0.65235E+01    794  0.00000E+00      0.000
     263.0000  0.00000E+00  0.18288E+00 -0.95512E-08  0.00000E+00 -0.39137E-04 -0.13950E+02  0.58600E+02 -0.18616E+02  0.39596E+02 -0.14052E+02 -0.16090E+04 -0.16024E+04 -0.16013E+04  0.00000E+00  0.00000E+00  0.30969E+02  0.25140E+02  0.65235E+01    796  0.00000E+00      0.000
     264.0000  0.00000E+00  0.48260E-01  0.42428E-08  0.00000E+00 -0.39126E-04 -0.13950E+02  0.58649E+02 -0.18616E+02  0.39596E+02 -0.14052E+02 -0.16091E+04 -0.16024E+04 -0.16013E+04  0.00000E+00  0.00000E+00  0.30969E+02  0.25140E+02  0.65235E+01    798  0.00000E+00      0.000
     265.0000  0.00000E+00  0.45720E-01  0.31196E-08  0.00000E+00 -0.39135E-04 -0.13950E+02  0.58694E+02 -0.18616E+02  0.39596E+02 -0.14052E+02 -0.16092E+04 -0.16024E+04 -0.16013E+04  0.00000E+00  0.00000E+00  0.30968E+02  0.25140E+02  0.65235E+01    800  0.00000E+00      0.000
     266.0000  0.00000E+00  0.23622E+00  0.19818E-08  0.00000E+00 -0.39124E-04 -0.13950E+02  0.58931E+02 -0.18616E+02  0.39596E+02 -0.14053E+02 -0.16094E+04 -0.16024E+04 -0.16013E+04  0.00000E+00  0.00000E+00  0.30968E+02  0.25140E+02  0.65235E+01    802  0.00000E+00      0.000
     267.0000  0.00000E+00  0.22860E+00  0.11002E-07  0.00000E+00 -0.39123E-04 -0.13950E+02  0.59159E+02 -0.18616E+02  0.39596E+02 -0.14053E+02 -0.16095E+04 -0.16025E+04 -0.16013E+04  0.00000E+00  0.00000E+00  0.30968E+02  0.25140E+02  0.65235E+01    804  0.00000E+00      0.000
     268.0000  0.00000E+00  0.22606E+00  0.58286E-08  0.00000E+00 -0.39131E-04 -0.13950E+02  0.59385E+02 -0.18616E+02  0.39596E+02 -0.14053E+02 -0.16097E+04 -0.16025E+04 -0.16014E+04  0.00000E+00  0.00000E+00  0.30968E+02  0.25140E+02  0.65235E+01    806  0.00000E+00      0.000
     269.0000  0.00000E+00  0.28956E+00  0.46518E-08  0.00000E+00 -0.39126E-04 -0.13950E+02  0.59675E+02 -0.18616E+02  0.39596E+02 -0.14053E+02 -0.16098E+04 -0.16025E+04 -0.16014E+04  0.00000E+00  0.00000E+00  0.30968E+02  0.25140E+02  0.65235E+01    808  0.00000E+00      0.000
     270.0000  0.00000E+00  0.22098E+00  0.41869E-08  0.00000E+00 -0.39125E-04 -0.13950E+02  0.59896E+02 -0.18616E+02  0.39596E+02 -0.14053E+02 -0.16099E+04 -0.16025E+04 -0.16014E+04  0.00000E+00  0.00000E+00  0.30968E+02  0.25140E+02  0.65235E+01    810  0.00000E+00      0.000
     271.0000  0.00000E+00  0.28702E+00  0.29852E-08  0.00000E+00 -0.39124E-04 -0.13950E+02  0.60183E+02 -0.18616E+02  0.39596E+02 -0.14053E+02 -0.16101E+04 -0.16025E+04 -0.16014E+04  0.00000E+00  0.00000E+00  0.30968E+02  0.25140E+02  0.65235E+01    812  0.00000E+00      0.000
     272.0000  0.00000E+00  0.23114E+00 -0.22236E-08  0.00000E+00 -0.39128E-04 -0.13950E+02  0.60414E+02 -0.18616E+02  0.39596E+02 -0.14053E+02 -0.16102E+04 -0.16025E+04 -0.16014E+04  0.00000E+00  0.00000E+00  0.30968E+02  0.25140E+02  0.65235E+01    814  0.00000E+00      0.000
     273.0000  0.00000E+00  0.66040E-01  0.20075E-08  0.00000E+00 -0.39121E-04 -0.13950E+02  0.60480E+02 -0.18616E+02  0.39596E+02 -0.14053E+02 -0.16103E+04 -0.16025E+04 -0.16014E+04  0.00000E+00  0.00000E+00  0.30968E+02  0.25140E+02  0.65235E+01    816  0.00000E+00      0.000
     274.0000  0.22860E-01  0.00000E+00  0.22860E-01  0.00000E+00 -0.39121E-04 -0.13927E+02  0.60480E+02 -0.18593E+02  0.39596E+02 -0.14053E+02 -0.29883E+04 -0.16064E+04 -0.16014E+04  0.00000E+00  0.00000E+00  0.30945E+02  0.25140E+02  0.65463E+01    818  0.00000E+00      0.000
     275.0000  0.21844E+00  0.00000E+00  0.30717E-01  0.00000E+00 -0.39092E-04 -0.13708E+02  0.60480E+02 -0.18480E+02  0.39596E+02 -0.14053E+02 -0.10000E+07 -0.16959E+04 -0.16014E+04  0.00000E+00  0.00000E+00  0.30832E+02  0.25140E+02  0.66594E+01    830  0.00000E+00      0.000
     276.0000  0.13462E+00  0.00000E+00  0.17743E-01  0.00000E+00 -0.39128E-04 -0.13574E+02  0.60480E+02 -0.18459E+02  0.39596E+02 -0.14053E+02 -0.10000E+07 -0.17216E+04 -0.16014E+04  0.00000E+00  0.00000E+00  0.30811E+02  0.25140E+02  0.66808E+01    834  0.00000E+00      0.000
     277.0000  0.19050E+00  0.00000E+00  0.14053E-01  0.00000E+00 -0.39120E-04 -0.13383E+02  0.60480E+02 -0.18444E+02  0.39596E+02 -0.14053E+02 -0.10000E+07 -0.17399E+04 -0.16014E+04  0.00000E+00  0.00000E+00  0.30796E+02  0.25140E+02  0.66959E+01    836  0.00000E+00      0.000
     278.0000  0.11938E+00  0.00000E+00  0.11310E-01  0.00000E+00 -0.39124E-04 -0.13264E+02  0.60480E+02 -0.18432E+02  0.39596E+02 -0.14053E+02 -0.10000E+07 -0.17521E+04 -0.16015E+04  0.00000E+00  0.00000E+00  0.30784E+02  0.25140E+02  0.67077E+01    838  0.00000E+00      0.000
     279.0000  0.19558E+00  0.00000E+00  0.98852E-02  0.00000E+00 -0.39124E-04 -0.13068E+02  0.60480E+02 -0.18422E+02  0.39596E+02 -0.14053E+02 -0.10000E+07 -0.17632E+04 -0.16015E+04  0.00000E+00  0.00000E+00  0.30774E+02  0.25140E+02  0.67179E+01    840  0.00000E+00      0.000
     280.0000  0.18796E+00  0.00000E+00  0.89527E-02  0.00000E+00 -0.39123E-04 -0.12880E+02  0.60480E+02 -0.18413E+02  0.39596E+02 -0.14053E+02 -0.10000E+07 -0.17733E+04 -0.16015E+04  0.00000E+00  0.00000E+00  0.30764E+02  0.25140E+02  0.67271E+01    842  0.00000E+00      0.000
     281.0000  0.23368E+00  0.00000E+00  0.80842E-02  0.00000E+00 -0.39113E-04 -0.12647E+02  0.60480E+02 -0.18404E+02  0.39596E+02 -0.14053E+02 -0.10000E+07 -0.17817E+04 -0.16015E+04  0.00000E+00  0.00000E+00  0.30756E+02  0.25140E+02  0.67353E+01    844  0.00000E+00      0.000
     282.0000  0.24130E+00  0.00000E+00  0.74882E-02  0.00000E+00 -0.39123E-04 -0.12405E+02  0.60480E+02 -0.18397E+02  0.39596E+02 -0.14053E+02 -0.10000E+07 -0.17893E+04 -0.16015E+04  0.00000E+00  0.00000E+00  0.30748E+02  0.25140E+02  0.67430E+01    846  0.00000E+00      0.000
     283.0000  0.21082E+00  0.00000E+00  0.70044E-02  0.00000E+00 -0.39127E-04 -0.12194E+02  0.60480E+02 -0.18389E+02  0.39596E+02 -0.14053E+02 -0.10000E+07 -0.17963E+04 -0.16015E+04  0.00000E+00  0.00000E+00  0.30741E+02  0.25140E+02  0.67501E+01    848  0.00000E+00      0.000
     284.0000  0.15494E+00  0.00000E+00  0.65865E-02  0.00000E+00 -0.39126E-04 -0.12040E+02  0.60480E+02 -0.18383E+02  0.39596E+02 -0.14053E+02 -0.10000E+07 -0.18028E+04 -0.16015E+04  0.00000E+00  0.00000E+00  0.30734E+02  0.25140E+02  0.67568E+01    850  0.00000E+00      0.000
     285.0000  0.20320E-01  0.00000E+00  0.62226E-02  0.00000E+00 -0.39111E-04 -0.12019E+02  0.60480E+02 -0.18377E+02  0.39596E+02 -0.14053E+02 -0.10000E+07 -0.18088E+04 -0.16015E+04  0.00000E+00  0.00000E+00  0.30728E+02  0.25140E+02  0.67631E+01    852  0.00000E+00      0.000
     286.0000  0.73660E-01  0.00000E+00  0.58995E-02  0.00000E+00 -0.39116E-04 -0.11946E+02  0.60480E+02 -0.18371E+02  0.39596E+02 -0.14053E+02 -0.10000E+07 -0.18145E+04 -0.16015E+04  0.00000E+00  0.00000E+00  0.30722E+02  0.25140E+02  0.67691E+01    854  0.00000E+00      0.000
     287.0000  0.13716E+00  0.00000E+00  0.56080E-02  0.00000E+00 -0.39120E-04 -0.11808E+02  0.60480E+02 -0.18365E+02  0.39596E+02 -0.14053E+02 -0.10000E+07 -0.18199E+04 -0.16015E+04  0.00000E+00  0.00000E+00  0.30716E+02  0.25140E+02  0.67747E+01    856  0.00000E+00      0.000
     288.0000  0.17780E+00  0.00000E+00  0.53878E-02  0.00000E+00 -0.39114E-04 -0.11631E+02  0.60480E+02 -0.18359E+02  0.39596E+02 -0.14053E+02 -0.10000E+07 -0.18250E+04 -0.16015E+04  0.00000E+00  0.00000E+00  0.30711E+02  0.25140E+02  0.67802E+01    858  0.00000E+00      0.000
     289.0000  0.18288E+00  0.00000E+00  0.51867E-02  0.00000E+00 -0.39109E-04 -0.11448E+02  0.60480E+02 -0.18354E+02  0.39596E+02 -0.14053E+02 -0.10000E+07 -0.18297E+04 -0.16015E+04  0.00000E+00  0.00000E+00  0.30706E+02  0.25140E+02  0.67854E+01    860  0.00000E+00      0.000
     290.0000  0.24892E+00  0.00000E+00  0.50184E-02  0.00000E+00 -0.39119E-04 -0.11199E+02  0.60480E+02 -0.18349E+02  0.39596E+02 -0.14053E+02 -0.10000E+07 -0.18342E+04 -0.16015E+04  0.00000E+00  0.00000E+00  0.30701E+02  0.25140E+02  0.67905E+01    862  0.00000E+00      0.000
     291.0000  0.36322E+00  0.00000E+00  0.48573E-02  0.00000E+00 -0.39123E-04 -0.10836E+02  0.60480E+02 -0.18344E+02  0.39596E+02 -0.14054E+02 -0.10000E+07 -0.18387E+04 -0.16015E+04  0.00000E+00  0.00000E+00  0.30696E+02  0.25140E+02  0.67954E+01    864  0.00000E+00      0.000
     292.0000  0.42164E+00  0.00000E+00  0.47005E-02  0.00000E+00 -0.39113E-04 -0.10414E+02  0.60480E+02 -0.18339E+02  0.39596E+02 -0.14054E+02 -0.10000E+07 -0.18431E+04 -0.16015E+04  0.00000E+00  0.00000E+00  0.30691E+02  0.25140E+02  0.68001E+01    866  0.00000E+00      0.000
     293.0000  0.26924E+00  0.00000E+00  0.45612E-02  0.00000E+00 -0.39118E-04 -0.10145E+02  0.60480E+02 -0.18335E+02  0.39596E+02 -0.14054E+02 -0.10000E+07 -0.18474E+04 -0.16016E+04  0.00000E+00  0.00000E+00  0.30686E+02  0.25140E+02  0.68047E+01    868  0.00000E+00      0.000
     294.0000  0.10922E+00  0.00000E+00  0.44351E-02  0.00000E+00 -0.39117E-04 -0.10035E+02  0.60480E+02 -0.18330E+02  0.39596E+02 -0.14054E+02 -0.10000E+07 -0.18514E+04 -0.16016E+04  0.00000E+00  0.00000E+00  0.30682E+02  0.25140E+02  0.68092E+01    870  0.00000E+00      0.000
     295.0000  0.68580E-01  0.00000E+00  0.43193E-02  0.00000E+00 -0.39112E-04 -0.99669E+01  0.60480E+02 -0.18326E+02  0.39596E+02 -0.14054E+02 -0.10000E+07 -0.18553E+04 -0.16016E+04  0.00000E+00  0.00000E+00  0.30677E+02  0.25140E+02  0.68135E+01    872  0.00000E+00      0.000
     296.0000  0.33020E-01  0.00000E+00  0.42122E-02  0.00000E+00 -0.39117E-04 -0.99339E+01  0.60480E+02 -0.18322E+02  0.39596E+02 -0.14054E+02 -0.10000E+07 -0.18590E+04 -0.16016E+04  0.00000E+00  0.00000E+00  0.30673E+02  0.25140E+02  0.68178E+01    874  0.00000E+00      0.000
     297.0000  0.22860E-01  0.00000E+00  0.41132E-02  0.00000E+00 -0.39112E-04 -0.99110E+01  0.60480E+02 -0.18318E+02  0.39596E+02 -0.14054E+02 -0.10000E+07 -0.18627E+04 -0.16016E+04  0.00000E+00  0.00000E+00  0.30669E+02  0.25140E+02  0.68219E+01    876  0.00000E+00      0.000
     298.0000  0.27940E-01  0.00000E+00  0.40213E-02  0.00000E+00 -0.39106E-04 -0.98831E+01  0.60480E+02 -0.18314E+02  0.39596E+02 -0.14054E+02 -0.10000E+07 -0.18662E+04 -0.16016E+04  0.00000E+00  0.00000E+00  0.30665E+02  0.25140E+02  0.68259E+01    878  0.00000E+00      0.000
     299.0000  0.25400E-01  0.00000E+00  0.39354E-02  0.00000E+00 -0.39116E-04 -0.98577E+01  0.60480E+02 -0.18310E+02  0.39596E+02 -0.14054E+02 -0.10000E+07 -0.18695E+04 -0.16016E+04  0.00000E+00  0.00000E+00  0.30661E+02  0.25140E+02  0.68299E+01    880  0.00000E+00      0.000
     300.0000  0.22860E-01  0.00000E+00  0.38545E-02  0.00000E+00 -0.39121E-04 -0.98348E+01  0.60480E+02 -0.18306E+02  0.39596E+02 -0.14054E+02 -0.10000E+07 -0.18728E+04 -0.16016E+04  0.00000E+00  0.00000E+00  0.30657E+02  0.25140E+02  0.68338E+01    882  0.00000E+00      0.000
     301.0000  0.40640E-01  0.00000E+00  0.37777E-02  0.00000E+00 -0.39116E-04 -0.97942E+01  0.60480E+02 -0.18302E+02  0.39596E+02 -0.14054E+02 -0.10000E+07 -0.18760E+04 -0.16016E+04  0.00000E+00  0.00000E+00  0.30653E+02  0.25140E+02  0.68376E+01    884  0.00000E+00      0.000
     302.0000  0.66040E-01  0.00000E+00  0.37042E-02  0.00000E+00 -0.39120E-04 -0.97282E+01  0.60480E+02 -0.18298E+02  0.39596E+02 -0.14054E+02 -0.10000E+07 -0.18791E+04 -0.16016E+04  0.00000E+00  0.00000E+00  0.30649E+02  0.25140E+02  0.68413E+01    886  0.00000E+00      0.000
     303.0000  0.10160E+00  0.00000E+00  0.36337E-02  0.00000E+00 -0.39115E-04 -0.96266E+01  0.60480E+02 -0.18295E+02  0.39596E+02 -0.14054E+02 -0.10000E+07 -0.18822E+04 -0.16016E+04  0.00000E+00  0.00000E+00  0.30646E+02  0.25140E+02  0.68449E+01    888  0.00000E+00      0.000
     304.0000  0.13462E+00  0.00000E+00  0.35658E-02  0.00000E+00 -0.39110E-04 -0.94919E+01  0.60480E+02 -0.18291E+02  0.39596E+02 -0.14054E+02 -0.10000E+07 -0.18852E+04 -0.16016E+04  0.00000E+00  0.00000E+00  0.30642E+02  0.25140E+02  0.68485E+01    890  0.00000E+00      0.000
     305.0000  0.15748E+00  0.00000E+00  0.35003E-02  0.00000E+00 -0.39115E-04 -0.93345E+01  0.60480E+02 -0.18288E+02  0.39596E+02 -0.14054E+02 -0.10000E+07 -0.18882E+04 -0.16016E+04  0.00000E+00  0.00000E+00  0.30638E+02  0.25140E+02  0.68520E+01    892  0.00000E+00      0.000
     306.0000  0.11176E+00  0.00000E+00  0.34371E-02  0.00000E+00 -0.39105E-04 -0.92227E+01  0.60480E+02 -0.18284E+02  0.39596E+02 -0.14054E+02 -0.10000E+07 -0.18911E+04 -0.16016E+04  0.00000E+00  0.00000E+00  0.30635E+02  0.25140E+02  0.68555E+01    894  0.00000E+00      0.000
     307.0000  0.14478E+00  0.00000E+00  0.33760E-02  0.00000E+00 -0.39109E-04 -0.90779E+01  0.60480E+02 -0.18281E+02  0.39596E+02 -0.14054E+02 -0.10000E+07 -0.18939E+04 -0.16016E+04  0.00000E+00  0.00000E+00  0.30631E+02  0.25140E+02  0.68589E+01    896  0.00000E+00      0.000
     308.0000  0.19050E+00  0.00000E+00  0.33169E-02  0.00000E+00 -0.39109E-04 -0.88874E+01  0.60480E+02 -0.18277E+02  0.39596E+02 -0.14054E+02 -0.10000E+07 -0.18967E+04 -0.16016E+04  0.00000E+00  0.00000E+00  0.30628E+02  0.25140E+02  0.68622E+01    898  0.00000E+00      0.000
     309.0000  0.23876E+00  0.00000E+00  0.32597E-02  0.00000E+00 -0.39119E-04 -0.86487E+01  0.60480E+02 -0.18274E+02  0.39596E+02 -0.14054E+02 -0.10000E+07 -0.18994E+04 -0.16016E+04  0.00000E+00  0.00000E+00  0.30625E+02  0.25140E+02  0.68655E+01    900  0.00000E+00      0.000
     310.0000  0.11430E+00  0.00000E+00  0.32042E-02  0.00000E+00 -0.39114E-04 -0.85344E+01  0.60480E+02 -0.18271E+02  0.39596E+02 -0.14054E+02 -0.10000E+07 -0.19021E+04 -0.16016E+04  0.00000E+00  0.00000E+00  0.30621E+02  0.25140E+02  0.68687E+01    902  0.00000E+00      0.000
     311.0000  0.20320E+00  0.00000E+00  0.31504E-02  0.00000E+00 -0.39119E-04 -0.83312E+01  0.60480E+02 -0.18268E+02  0.39596E+02 -0.14054E+02 -0.10000E+07 -0.19048E+04 -0.16016E+04  0.00000E+00  0.00000E+00  0.30618E+02  0.25140E+02  0.68719E+01    904  0.00000E+00      0.000
     312.0000  0.12954E+00  0.00000E+00  0.31065E-02  0.00000E+00 -0.39118E-04 -0.82016E+01  0.60480E+02 -0.18265E+02  0.39596E+02 -0.14054E+02 -0.10000E+07 -0.19073E+04 -0.16016E+04  0.00000E+00  0.00000E+00  0.30615E+02  0.25140E+02  0.68750E+01    906  0.00000E+00      0.000
     313.0000  0.12446E+00  0.00000E+00  0.30685E-02  0.00000E+00 -0.39102E-04 -0.80772E+01  0.60480E+02 -0.18262E+02  0.39596E+02 -0.14054E+02 -0.10000E+07 -0.19098E+04 -0.16016E+04  0.00000E+00  0.00000E+00  0.30612E+02  0.25140E+02  0.68781E+01    908  0.00000E+00      0.000
     314.0000  0.15494E+00  0.00000E+00  0.30331E-02  0.00000E+00 -0.39117E-04 -0.79222E+01  0.60480E+02 -0.18258E+02  0.39596E+02 -0.14054E+02 -0.10000E+07 -0.19122E+04 -0.16016E+04  0.00000E+00  0.00000E+00  0.30609E+02  0.25140E+02  0.68811E+01    910  0.00000E+00      0.000
     315.0000  0.28956E+00  0.00000E+00  0.29982E-02  0.00000E+00 -0.39108E-04 -0.76327E+01  0.60480E+02 -0.18255E+02  0.39596E+02 -0.14054E+02 -0.10000E+07 -0.19146E+04 -0.16016E+04  0.00000E+00  0.00000E+00  0.30606E+02  0.25140E+02  0.68841E+01    912  0.00000E+00      0.000
     316.0000  0.13462E+00  0.00000E+00  0.29634E-02  0.00000E+00 -0.39108E-04 -0.74980E+01  0.60480E+02 -0.18253E+02  0.39596E+02 -0.14055E+02 -0.10000E+07 -0.19171E+04 -0.16016E+04  0.00000E+00  0.00000E+00  0.30603E+02  0.25140E+02  0.68871E+01    914  0.00000E+00      0.000
     317.0000  0.24892E+00  0.00000E+00  0.29283E-02  0.00000E+00 -0.39112E-04 -0.72491E+01  0.60480E+02 -0.18250E+02  0.39596E+02 -0.14055E+02 -0.10000E+07 -0.19195E+04 -0.16016E+04  0.00000E+00  0.00000E+00  0.30600E+02  0.25140E+02  0.68900E+01    916  0.00000E+00      0.000
     318.0000  0.18542E+00  0.00000E+00  0.28930E-02  0.00000E+00 -0.39102E-04 -0.70637E+01  0.60480E+02 -0.18247E+02  0.39596E+02 -0.14055E+02 -0.10000E+07 -0.19219E+04 -0.16016E+04  0.00000E+00  0.00000E+00  0.30597E+02  0.25140E+02  0.68929E+01    918  0.00000E+00      0.000
     319.0000  0.18796E+00  0.00000E+00  0.28575E-02  0.00000E+00 -0.39108E-04 -0.68757E+01  0.60480E+02 -0.18244E+02  0.39596E+02 -0.14055E+02 -0.10000E+07 -0.19244E+04 -0.16016E+04  0.00000E+00  0.00000E+00  0.30594E+02  0.25140E+02  0.68958E+01    920  0.00000E+00      0.000
     320.0000  0.99060E-01  0.00000E+00  0.28221E-02  0.00000E+00 -0.39107E-04 -0.67767E+01  0.60480E+02 -0.18241E+02  0.39596E+02 -0.14055E+02 -0.10000E+07 -0.19268E+04 -0.16016E+04  0.00000E+00  0.00000E+00  0.30591E+02  0.25140E+02  0.68986E+01    922  0.00000E+00      0.000
     321.0000  0.27432E+00  0.00000E+00  0.27869E-02  0.00000E+00 -0.39102E-04 -0.65024E+01  0.60480E+02 -0.18238E+02  0.39596E+02 -0.14055E+02 -0.10000E+07 -0.19292E+04 -0.16016E+04  0.00000E+00  0.00000E+00  0.30588E+02  0.25140E+02  0.69014E+01    924  0.00000E+00      0.000
     322.0000  0.19304E+00  0.00000E+00  0.27530E-02  0.00000E+00 -0.39117E-04 -0.63093E+01  0.60480E+02 -0.18235E+02  0.39596E+02 -0.14055E+02 -0.10000E+07 -0.19316E+04 -0.16016E+04  0.00000E+00  0.00000E+00  0.30586E+02  0.25140E+02  0.69042E+01    926  0.00000E+00      0.000
     323.0000  0.18796E+00  0.00000E+00  0.27216E-02  0.00000E+00 -0.39107E-04 -0.61214E+01  0.60480E+02 -0.18233E+02  0.39596E+02 -0.14055E+02 -0.10000E+07 -0.19340E+04 -0.16016E+04  0.00000E+00  0.00000E+00  0.30583E+02  0.25140E+02  0.69069E+01    928  0.00000E+00      0.000
     324.0000  0.16510E+00  0.00000E+00  0.26923E-02  0.00000E+00 -0.39112E-04 -0.59563E+01  0.60480E+02 -0.18230E+02  0.39596E+02 -0.14055E+02 -0.10000E+07 -0.19362E+04 -0.16016E+04  0.00000E+00  0.00000E+00  0.30580E+02  0.25140E+02  0.69096E+01    930  0.00000E+00      0.000
     325.0000  0.33274E+00  0.00000E+00  0.26650E-02  0.00000E+00 -0.39112E-04 -0.56235E+01  0.60480E+02 -0.18227E+02  0.39596E+02 -0.14055E+02 -0.10000E+07 -0.19384E+04 -0.16017E+04  0.00000E+00  0.00000E+00  0.30577E+02  0.25140E+02  0.69123E+01    932  0.00000E+00      0.000
     326.0000  0.15240E+00  0.00000E+00  0.26390E-02  0.00000E+00 -0.39106E-04 -0.54711E+01  0.60480E+02 -0.18225E+02  0.39596E+02 -0.14055E+02 -0.10000E+07 -0.19405E+04 -0.16017E+04  0.00000E+00  0.00000E+00  0.30575E+02  0.25140E+02  0.69149E+01    934  0.00000E+00      0.000
     327.0000  0.10160E-01  0.00000E+00  0.26142E-02  0.00000E+00 -0.39101E-04 -0.54610E+01  0.60480E+02 -0.18222E+02  0.39596E+02 -0.14055E+02 -0.10000E+07 -0.19426E+04 -0.16017E+04  0.00000E+00  0.00000E+00  0.30572E+02  0.25140E+02  0.69175E+01    936  0.00000E+00      0.000
     328.0000  0.17780E-01  0.00000E+00  0.25902E-02  0.00000E+00 -0.39116E-04 -0.54432E+01  0.60480E+02 -0.18219E+02  0.39596E+02 -0.14055E+02 -0.10000E+07 -0.19447E+04 -0.16017E+04  0.00000E+00  0.00000E+00  0.30569E+02  0.25140E+02  0.69201E+01    938  0.00000E+00      0.000
     329.0000  0.60960E-01  0.00000E+00  0.25668E-02  0.00000E+00 -0.39110E-04 -0.53822E+01  0.60480E+02 -0.18217E+02  0.39596E+02 -0.14055E+02 -0.10000E+07 -0.19467E+04 -0.16017E+04  0.00000E+00  0.00000E+00  0.30567E+02  0.25140E+02  0.69227E+01    940  0.00000E+00      0.000
     330.0000  0.58420E-01  0.00000E+00  0.25439E-02  0.00000E+00 -0.39115E-04 -0.53238E+01  0.60480E+02 -0.18214E+02  0.39596E+02 -0.14055E+02 -0.10000E+07 -0.19487E+04 -0.16017E+04  0.00000E+00  0.00000E+00  0.30564E+02  0.25140E+02  0.69253E+01    942  0.00000E+00      0.000
     331.0000  0.18288E+00  0.00000E+00  0.25214E-02  0.00000E+00 -0.39115E-04 -0.51409E+01  0.60480E+02 -0.18212E+02  0.39596E+02 -0.14055E+02 -0.10000E+07 -0.19508E+04 -0.16017E+04  0.00000E+00  0.00000E+00  0.30562E+02  0.25140E+02  0.69278E+01    944  0.00000E+00      0.000
     332.0000  0.28194E+00  0.00000E+00  0.24995E-02  0.00000E+00 -0.39110E-04 -0.48590E+01  0.60480E+02 -0.18209E+02  0.39596E+02 -0.14055E+02 -0.10000E+07 -0.19528E+04 -0.16017E+04  0.00000E+00  0.00000E+00  0.30559E+02  0.25140E+02  0.69303E+01    946  0.00000E+00      0.000
     333.0000  0.10668E+00  0.00000E+00  0.24782E-02  0.00000E+00 -0.39115E-04 -0.47523E+01  0.60480E+02 -0.18207E+02  0.39596E+02 -0.14055E+02 -0.10000E+07 -0.19548E+04 -0.16017E+04  0.00000E+00  0.00000E+00  0.30557E+02  0.25140E+02  0.69328E+01    948  0.00000E+00      0.000
     334.0000  0.25400E-01  0.00000E+00  0.24576E-02  0.00000E+00 -0.39116E-04 -0.47269E+01  0.60480E+02 -0.18204E+02  0.39596E+02 -0.14055E+02 -0.10000E+07 -0.19567E+04 -0.16017E+04  0.00000E+00  0.00000E+00  0.30554E+02  0.25140E+02  0.69352E+01    950  0.00000E+00      0.000
     335.0000  0.11430E+00  0.00000E+00  0.24378E-02  0.00000E+00 -0.39116E-04 -0.46126E+01  0.60480E+02 -0.18202E+02  0.39596E+02 -0.14055E+02 -0.10000E+07 -0.19587E+04 -0.16017E+04  0.00000E+00  0.00000E+00  0.30552E+02  0.25140E+02  0.69377E+01    952  0.00000E+00      0.000
     336.0000  0.16510E+00  0.00000E+00  0.24185E-02  0.00000E+00 -0.39110E-04 -0.44475E+01  0.60480E+02 -0.18199E+02  0.39596E+02 -0.14055E+02 -0.10000E+07 -0.19605E+04 -0.16017E+04  0.00000E+00  0.00000E+00  0.30549E+02  0.25140E+02  0.69401E+01    954  0.00000E+00      0.000
     337.0000  0.17018E+00  0.00000E+00  0.23999E-02  0.00000E+00 -0.39100E-04 -0.42773E+01  0.60480E+02 -0.18197E+02  0.39596E+02 -0.14055E+02 -0.10000E+07 -0.19624E+04 -0.16017E+04  0.00000E+00  0.00000E+00  0.30547E+02  0.25140E+02  0.69425E+01    956  0.00000E+00      0.000
     338.0000  0.16256E+00  0.00000E+00  0.23817E-02  0.00000E+00 -0.39115E-04 -0.41148E+01  0.60480E+02 -0.18195E+02  0.39596E+02 -0.14055E+02 -0.10000E+07 -0.19642E+04 -0.16017E+04  0.00000E+00  0.00000E+00  0.30544E+02  0.25140E+02  0.69449E+01    958  0.00000E+00      0.000
     339.0000  0.33782E+00  0.00000E+00  0.23640E-02  0.00000E+00 -0.39104E-04 -0.37769E+01  0.60480E+02 -0.18192E+02  0.39596E+02 -0.14055E+02 -0.10000E+07 -0.19661E+04 -0.16017E+04  0.00000E+00  0.00000E+00  0.30542E+02  0.25140E+02  0.69473E+01    960  0.00000E+00      0.000
     340.0000  0.25146E+00  0.00000E+00  0.23467E-02  0.00000E+00 -0.39100E-04 -0.35255E+01  0.60480E+02 -0.18190E+02  0.39596E+02 -0.14055E+02 -0.10000E+07 -0.19679E+04 -0.16017E+04  0.00000E+00  0.00000E+00  0.30539E+02  0.25140E+02  0.69496E+01    962  0.00000E+00      0.000
     341.0000  0.91440E-01  0.00000E+00  0.23298E-02  0.00000E+00 -0.39115E-04 -0.34340E+01  0.60480E+02 -0.18188E+02  0.39596E+02 -0.14056E+02 -0.10000E+07 -0.19696E+04 -0.16017E+04  0.00000E+00  0.00000E+00  0.30537E+02  0.25140E+02  0.69520E+01    964  0.00000E+00      0.000
     342.0000  0.33020E-01  0.00000E+00  0.23131E-02  0.00000E+00 -0.39110E-04 -0.34010E+01  0.60480E+02 -0.18185E+02  0.39596E+02 -0.14056E+02 -0.10000E+07 -0.19714E+04 -0.16017E+04  0.00000E+00  0.00000E+00  0.30535E+02  0.25140E+02  0.69543E+01    966  0.00000E+00      0.000
     343.0000  0.13970E+00  0.00000E+00  0.22968E-02  0.00000E+00 -0.39109E-04 -0.32613E+01  0.60480E+02 -0.18183E+02  0.39596E+02 -0.14056E+02 -0.10000E+07 -0.19731E+04 -0.16017E+04  0.00000E+00  0.00000E+00  0.30532E+02  0.25140E+02  0.69566E+01    968  0.00000E+00      0.000
     344.0000  0.21082E+00  0.00000E+00  0.22806E-02  0.00000E+00 -0.39100E-04 -0.30505E+01  0.60480E+02 -0.18181E+02  0.39596E+02 -0.14056E+02 -0.10000E+07 -0.19749E+04 -0.16017E+04  0.00000E+00  0.00000E+00  0.30530E+02  0.25140E+02  0.69589E+01    970  0.00000E+00      0.000
     345.0000  0.45720E-01  0.00000E+00  0.22647E-02  0.00000E+00 -0.39104E-04 -0.30048E+01  0.60480E+02 -0.18178E+02  0.39596E+02 -0.14056E+02 -0.10000E+07 -0.19766E+04 -0.16017E+04  0.00000E+00  0.00000E+00  0.30528E+02  0.25140E+02  0.69611E+01    972  0.00000E+00      0.000
     346.0000  0.40640E-01  0.00000E+00  0.22490E-02  0.00000E+00 -0.39109E-04 -0.29641E+01  0.60480E+02 -0.18176E+02  0.39596E+02 -0.14056E+02 -0.10000E+07 -0.19783E+04 -0.16017E+04  0.00000E+00  0.00000E+00  0.30525E+02  0.25140E+02  0.69634E+01    974  0.00000E+00      0.000
     347.0000  0.13716E+00  0.00000E+00  0.22335E-02  0.00000E+00 -0.39113E-04 -0.28270E+01  0.60480E+02 -0.18174E+02  0.39596E+02 -0.14056E+02 -0.10000E+07 -0.19800E+04 -0.16017E+04  0.00000E+00  0.00000E+00  0.30523E+02  0.25140E+02  0.69656E+01    976  0.00000E+00      0.000
     348.0000  0.11684E+00  0.00000E+00  0.22181E-02  0.00000E+00 -0.39109E-04 -0.27101E+01  0.60480E+02 -0.18172E+02  0.39596E+02 -0.14056E+02 -0.10000E+07 -0.19817E+04 -0.16017E+04  0.00000E+00  0.00000E+00  0.30521E+02  0.25140E+02  0.69678E+01    978  0.00000E+00      0.000
     349.0000  0.10668E+00  0.00000E+00  0.22028E-02  0.00000E+00 -0.39109E-04 -0.26035E+01  0.60480E+02 -0.18170E+02  0.39596E+02 -0.14056E+02 -0.10000E+07 -0.19834E+04 -0.16017E+04  0.00000E+00  0.00000E+00  0.30519E+02  0.25140E+02  0.69700E+01    980  0.00000E+00      0.000
     350.0000  0.33020E+00  0.00000E+00  0.21877E-02  0.00000E+00 -0.39109E-04 -0.22733E+01  0.60480E+02 -0.18167E+02  0.39596E+02 -0.14056E+02 -0.10000E+07 -0.19851E+04 -0.16017E+04  0.00000E+00  0.00000E+00  0.30516E+02  0.25140E+02  0.69722E+01    982  0.00000E+00      0.000
     351.0000  0.66040E-01  0.00000E+00  0.21728E-02  0.00000E+00 -0.39103E-04 -0.22072E+01  0.60480E+02 -0.18165E+02  0.39596E+02 -0.14056E+02 -0.10000E+07 -0.19868E+04 -0.16017E+04  0.00000E+00  0.00000E+00  0.30514E+02  0.25140E+02  0.69744E+01    984  0.00000E+00      0.000
     352.0000  0.22860E+00  0.00000E+00  0.21579E-02  0.00000E+00 -0.39109E-04 -0.19786E+01  0.60480E+02 -0.18163E+02  0.39596E+02 -0.14056E+02 -0.10000E+07 -0.19884E+04 -0.16017E+04  0.00000E+00  0.00000E+00  0.30512E+02  0.25140E+02  0.69766E+01    986  0.00000E+00      0.000
     353.0000  0.19304E+00  0.00000E+00  0.21432E-02  0.00000E+00 -0.39099E-04 -0.17856E+01  0.60480E+02 -0.18161E+02  0.39596E+02 -0.14056E+02 -0.10000E+07 -0.19901E+04 -0.16017E+04  0.00000E+00  0.00000E+00  0.30510E+02  0.25140E+02  0.69787E+01    988  0.00000E+00      0.000
     354.0000  0.20574E+00  0.00000E+00  0.21287E-02  0.00000E+00 -0.39114E-04 -0.15798E+01  0.60480E+02 -0.18159E+02  0.39596E+02 -0.14056E+02 -0.10000E+07 -0.19918E+04 -0.16017E+04  0.00000E+00  0.00000E+00  0.30508E+02  0.25140E+02  0.69809E+01    990  0.00000E+00      0.000
     355.0000  0.16510E+00  0.00000E+00  0.21143E-02  0.00000E+00 -0.39104E-04 -0.14147E+01  0.60480E+02 -0.18157E+02  0.39596E+02 -0.14056E+02 -0.10000E+07 -0.19934E+04 -0.16017E+04  0.00000E+00  0.00000E+00  0.30505E+02  0.25140E+02  0.69830E+01    992  0.00000E+00      0.000
     356.0000  0.20320E+00  0.00000E+00  0.21001E-02  0.00000E+00 -0.39108E-04 -0.12115E+01  0.60480E+02 -0.18155E+02  0.39596E+02 -0.14056E+02 -0.10000E+07 -0.19950E+04 -0.16017E+04  0.00000E+00  0.00000E+00  0.30503E+02  0.25140E+02  0.69851E+01    994  0.00000E+00      0.000
     357.0000  0.73660E-01  0.00000E+00  0.20860E-02  0.00000E+00 -0.39104E-04 -0.11379E+01  0.60480E+02 -0.18152E+02  0.39596E+02 -0.14056E+02 -0.10000E+07 -0.19967E+04 -0.16017E+04  0.00000E+00  0.00000E+00  0.30501E+02  0.25140E+02  0.69872E+01    996  0.00000E+00      0.000
     358.0000  0.76200E-01  0.00000E+00  0.20721E-02  0.00000E+00 -0.39103E-04 -0.10617E+01  0.60480E+02 -0.18150E+02  0.39596E+02 -0.14056E+02 -0.10000E+07 -0.19983E+04 -0.16017E+04  0.00000E+00  0.00000E+00  0.30499E+02  0.25140E+02  0.69892E+01    998  0.00000E+00      0.000
     359.0000  0.12954E+00  0.00000E+00  0.20584E-02  0.00000E+00 -0.39104E-04 -0.93214E+00  0.60480E+02 -0.18148E+02  0.39596E+02 -0.14056E+02 -0.10000E+07 -0.19998E+04 -0.16017E+04  0.00000E+00  0.00000E+00  0.30497E+02  0.25140E+02  0.69913E+01   1000  0.00000E+00      0.000
     360.0000  0.16510E+00  0.00000E+00  0.20449E-02  0.00000E+00 -0.39104E-04 -0.76704E+00  0.60480E+02 -0.18146E+02  0.39596E+02 -0.14056E+02 -0.10000E+07 -0.20014E+04 -0.16017E+04  0.00000E+00  0.00000E+00  0.30495E+02  0.25140E+02  0.69933E+01   1002  0.00000E+00      0.000
     361.0000  0.91440E-01  0.00000E+00  0.20316E-02  0.00000E+00 -0.39108E-04 -0.67560E+00  0.60480E+02 -0.18144E+02  0.39596E+02 -0.14056E+02 -0.10000E+07 -0.20030E+04 -0.16017E+04  0.00000E+00  0.00000E+00  0.30493E+02  0.25140E+02  0.69954E+01   1004  0.00000E+00      0.000
     362.0000  0.19050E+00  0.00000E+00  0.20185E-02  0.00000E+00 -0.39108E-04 -0.48510E+00  0.60480E+02 -0.18142E+02  0.39596E+02 -0.14056E+02 -0.10000E+07 -0.20045E+04 -0.16017E+04  0.00000E+00  0.00000E+00  0.30491E+02  0.25140E+02  0.69974E+01   1006  0.00000E+00      0.000
     363.0000  0.78740E-01  0.00000E+00  0.20055E-02  0.00000E+00 -0.39098E-04 -0.40636E+00  0.60480E+02 -0.18140E+02  0.39596E+02 -0.14056E+02 -0.10000E+07 -0.20061E+04 -0.16017E+04  0.00000E+00  0.00000E+00  0.30489E+02  0.25140E+02  0.69994E+01   1008  0.00000E+00      0.000
     364.0000  0.33020E-01  0.00000E+00  0.19927E-02  0.00000E+00 -0.39098E-04 -0.37334E+00  0.60480E+02 -0.18138E+02  0.39596E+02 -0.14056E+02 -0.10000E+07 -0.20076E+04 -0.16017E+04  0.00000E+00  0.00000E+00  0.30487E+02  0.25140E+02  0.70014E+01   1010  0.00000E+00      0.000
     365.0000  0.10668E+00  0.00000E+00  0.19801E-02  0.00000E+00 -0.39098E-04 -0.26666E+00  0.60480E+02 -0.18136E+02  0.39596E+02 -0.14056E+02 -0.10000E+07 -0.20091E+04 -0.16017E+04  0.00000E+00  0.00000E+00  0.30485E+02  0.25140E+02  0.70034E+01   1012  0.00000E+00      0.000
     366.0000  0.12700E+00  0.00000E+00  0.19676E-02  0.00000E+00 -0.39108E-04 -0.13966E+00  0.60480E+02 -0.18134E+02  0.39596E+02 -0.14057E+02 -0.10000E+07 -0.20107E+04 -0.16017E+04  0.00000E+00  0.00000E+00  0.30483E+02  0.25140E+02  0.70054E+01   1014  0.00000E+00      0.000
     367.0000  0.11684E+00  0.00000E+00  0.19553E-02  0.00000E+00 -0.39103E-04 -0.22816E-01  0.60480E+02 -0.18132E+02  0.39596E+02 -0.14057E+02 -0.10000E+07 -0.20121E+04 -0.16017E+04  0.00000E+00  0.00000E+00  0.30481E+02  0.25140E+02  0.70073E+01   1016  0.00000E+00      0.000
     368.0000  0.40640E-01  0.00000E+00  0.19431E-02  0.00000E+00 -0.39102E-04  0.17824E-01  0.60480E+02 -0.18130E+02  0.39596E+02 -0.14057E+02 -0.10000E+07 -0.20136E+04 -0.16017E+04  0.00000E+00  0.00000E+00  0.30479E+02  0.25140E+02  0.70093E+01   1018  0.00000E+00      0.000
     369.0000  0.11176E+00  0.00000E+00  0.19311E-02  0.00000E+00 -0.39098E-04  0.12958E+00  0.60480E+02 -0.18128E+02  0.39596E+02 -0.14057E+02 -0.10000E+07 -0.20151E+04 -0.16017E+04  0.00000E+00  0.00000E+00  0.30477E+02  0.25140E+02  0.70112E+01   1020  0.00000E+00      0.000
     370.0000  0.91440E-01  0.00000E+00  0.19192E-02  0.00000E+00 -0.39107E-04  0.22102E+00  0.60480E+02 -0.18126E+02  0.39596E+02 -0.14057E+02 -0.10000E+07 -0.20166E+04 -0.16017E+04  0.00000E+00  0.00000E+00  0.30475E+02  0.25140E+02  0.70131E+01   1022  0.00000E+00      0.000
     371.0000  0.15240E+00  0.00000E+00  0.19075E-02  0.00000E+00 -0.39103E-04  0.37342E+00  0.60480E+02 -0.18125E+02  0.39596E+02 -0.14057E+02 -0.10000E+07 -0.20180E+04 -0.16017E+04  0.00000E+00  0.00000E+00  0.30473E+02  0.25140E+02  0.70150E+01   1024  0.00000E+00      0.000
     372.0000  0.27940E-01  0.00000E+00  0.18959E-02  0.00000E+00 -0.39102E-04  0.40136E+00  0.60480E+02 -0.18123E+02  0.39596E+02 -0.14057E+02 -0.10000E+07 -0.20195E+04 -0.16017E+04  0.00000E+00  0.00000E+00  0.30471E+02  0.25140E+02  0.70169E+01   1026  0.00000E+00      0.000
     373.0000  0.83820E-01  0.00000E+00  0.18844E-02  0.00000E+00 -0.39107E-04  0.48518E+00  0.60480E+02 -0.18121E+02  0.39596E+02 -0.14057E+02 -0.10000E+07 -0.20209E+04 -0.16017E+04  0.00000E+00  0.00000E+00  0.30469E+02  0.25140E+02  0.70188E+01   1028  0.00000E+00      0.000
     374.0000  0.19050E+00  0.00000E+00  0.18731E-02  0.00000E+00 -0.39112E-04  0.67568E+00  0.60480E+02 -0.18119E+02  0.39596E+02 -0.14057E+02 -0.10000E+07 -0.20224E+04 -0.16017E+04  0.00000E+00  0.00000E+00  0.30467E+02  0.25140E+02  0.70207E+01   1030  0.00000E+00      0.000
     375.0000  0.38100E-01  0.00000E+00  0.18618E-02  0.00000E+00 -0.39102E-04  0.71378E+00  0.60480E+02 -0.18117E+02  0.39596E+02 -0.14057E+02 -0.10000E+07 -0.20238E+04 -0.16017E+04  0.00000E+00  0.00000E+00  0.30465E+02  0.25140E+02  0.70226E+01   1032  0.00000E+00      0.000
     376.0000  0.15240E-01  0.00000E+00  0.18507E-02  0.00000E+00 -0.39101E-04  0.72902E+00  0.60480E+02 -0.18115E+02  0.39596E+02 -0.14057E+02 -0.10000E+07 -0.20252E+04 -0.16017E+04  0.00000E+00  0.00000E+00  0.30463E+02  0.25140E+02  0.70244E+01   1034  0.00000E+00      0.000
     377.0000  0.50800E-02  0.00000E+00  0.18398E-02  0.00000E+00 -0.39107E-04  0.73410E+00  0.60480E+02 -0.18113E+02  0.39596E+02 -0.14057E+02 -0.10000E+07 -0.20266E+04 -0.16017E+04  0.00000E+00  0.00000E+00  0.30461E+02  0.25140E+02  0.70263E+01   1036  0.00000E+00      0.000
     378.0000  0.76200E-02  0.00000E+00  0.18289E-02  0.00000E+00 -0.39102E-04  0.74172E+00  0.60480E+02 -0.18111E+02  0.39596E+02 -0.14057E+02 -0.10000E+07 -0.20280E+04 -0.16017E+04  0.00000E+00  0.00000E+00  0.30459E+02  0.25140E+02  0.70281E+01   1038  0.00000E+00      0.000
     379.0000  0.50800E-02  0.00000E+00  0.18181E-02  0.00000E+00 -0.39101E-04  0.74680E+00  0.60480E+02 -0.18110E+02  0.39596E+02 -0.14057E+02 -0.10000E+07 -0.20294E+04 -0.16017E+04  0.00000E+00  0.00000E+00  0.30458E+02  0.25140E+02  0.70299E+01   1040  0.00000E+00      0.000
     380.0000  0.20320E-01  0.00000E+00  0.18078E-02  0.00000E+00 -0.39111E-04  0.76712E+00  0.60480E+02 -0.18108E+02  0.39596E+02 -0.14057E+02 -0.10000E+07 -0.20308E+04 -0.16017E+04  0.00000E+00  0.00000E+00  0.30456E+02  0.25140E+02  0.70317E+01   1042  0.00000E+00      0.000
     381.0000  0.78740E-01  0.00000E+00  0.17982E-02  0.00000E+00 -0.39096E-04  0.84586E+00  0.60480E+02 -0.18106E+02  0.39596E+02 -0.14057E+02 -0.10000E+07 -0.20322E+04 -0.16017E+04  0.00000E+00  0.00000E+00  0.30454E+02  0.25140E+02  0.70335E+01   1044  0.00000E+00      0.000
     382.0000  0.17780E-01  0.00000E+00  0.17892E-02  0.00000E+00 -0.39111E-04  0.86364E+00  0.60480E+02 -0.18104E+02  0.39596E+02 -0.14057E+02 -0.10000E+07 -0.20335E+04 -0.16017E+04  0.00000E+00  0.00000E+00  0.30452E+02  0.25140E+02  0.70353E+01   1046  0.00000E+00      0.000
     383.0000  0.16510E-01  0.00000E+00  0.17805E-02  0.00000E+00 -0.39106E-04  0.88015E+00  0.60480E+02 -0.18102E+02  0.39596E+02 -0.14057E+02 -0.10000E+07 -0.20348E+04 -0.16017E+04  0.00000E+00  0.00000E+00  0.30450E+02  0.25140E+02  0.70371E+01   1048  0.00000E+00      0.000
     384.0000  0.15240E-01  0.00000E+00  0.17720E-02  0.00000E+00 -0.39106E-04  0.89539E+00  0.60480E+02 -0.18101E+02  0.39596E+02 -0.14057E+02 -0.10000E+07 -0.20362E+04 -0.16017E+04  0.00000E+00  0.00000E+00  0.30448E+02  0.25140E+02  0.70389E+01   1050  0.00000E+00      0.000
     385.0000  0.11430E+00  0.00000E+00  0.17636E-02  0.00000E+00 -0.39111E-04  0.10097E+01  0.60480E+02 -0.18099E+02  0.39596E+02 -0.14057E+02 -0.10000E+07 -0.20375E+04 -0.16017E+04  0.00000E+00  0.00000E+00  0.30447E+02  0.25140E+02  0.70406E+01   1052  0.00000E+00      0.000
     386.0000  0.12954E+00  0.00000E+00  0.17551E-02  0.00000E+00 -0.39097E-04  0.11392E+01  0.60480E+02 -0.18097E+02  0.39596E+02 -0.14057E+02 -0.10000E+07 -0.20388E+04 -0.16017E+04  0.00000E+00  0.00000E+00  0.30445E+02  0.25140E+02  0.70424E+01   1054  0.00000E+00      0.000
     387.0000  0.38100E-01  0.00000E+00  0.17467E-02  0.00000E+00 -0.39101E-04  0.11773E+01  0.60480E+02 -0.18095E+02  0.39596E+02 -0.14057E+02 -0.10000E+07 -0.20401E+04 -0.16018E+04  0.00000E+00  0.00000E+00  0.30443E+02  0.25140E+02  0.70441E+01   1056  0.00000E+00      0.000
     388.0000  0.15494E+00  0.00000E+00  0.17383E-02  0.00000E+00 -0.39107E-04  0.13323E+01  0.60480E+02 -0.18094E+02  0.39596E+02 -0.14057E+02 -0.10000E+07 -0.20414E+04 -0.16018E+04  0.00000E+00  0.00000E+00  0.30441E+02  0.25140E+02  0.70459E+01   1058  0.00000E+00      0.000
     389.0000  0.14732E+00  0.00000E+00  0.17299E-02  0.00000E+00 -0.39100E-04  0.14796E+01  0.60480E+02 -0.18092E+02  0.39596E+02 -0.14057E+02 -0.10000E+07 -0.20427E+04 -0.16018E+04  0.00000E+00  0.00000E+00  0.30439E+02  0.25140E+02  0.70476E+01   1060  0.00000E+00      0.000
     390.0000  0.16510E+00  0.00000E+00  0.17214E-02  0.00000E+00 -0.39106E-04  0.16447E+01  0.60480E+02 -0.18090E+02  0.39596E+02 -0.14057E+02 -0.10000E+07 -0.20441E+04 -0.16018E+04  0.00000E+00  0.00000E+00  0.30438E+02  0.25140E+02  0.70493E+01   1062  0.00000E+00      0.000
     391.0000  0.19304E+00  0.00000E+00  0.17131E-02  0.00000E+00 -0.39106E-04  0.18377E+01  0.60480E+02 -0.18089E+02  0.39596E+02 -0.14058E+02 -0.10000E+07 -0.20454E+04 -0.16018E+04  0.00000E+00  0.00000E+00  0.30436E+02  0.25140E+02  0.70511E+01   1064  0.00000E+00      0.000
     392.0000  0.20574E+00  0.00000E+00  0.17047E-02  0.00000E+00 -0.39101E-04  0.20435E+01  0.60480E+02 -0.18087E+02  0.39596E+02 -0.14058E+02 -0.10000E+07 -0.20467E+04 -0.16018E+04  0.00000E+00  0.00000E+00  0.30434E+02  0.25140E+02  0.70528E+01   1066  0.00000E+00      0.000
     393.0000  0.26162E+00  0.00000E+00  0.16963E-02  0.00000E+00 -0.39110E-04  0.23051E+01  0.60480E+02 -0.18085E+02  0.39596E+02 -0.14058E+02 -0.10000E+07 -0.20480E+04 -0.16018E+04  0.00000E+00  0.00000E+00  0.30433E+02  0.25140E+02  0.70545E+01   1068  0.00000E+00      0.000
     394.0000  0.22352E+00  0.00000E+00  0.16880E-02  0.00000E+00 -0.39100E-04  0.25286E+01  0.60480E+02 -0.18083E+02  0.39596E+02 -0.14058E+02 -0.10000E+07 -0.20493E+04 -0.16018E+04  0.00000E+00  0.00000E+00  0.30431E+02  0.25140E+02  0.70561E+01   1070  0.00000E+00      0.000
     395.0000  0.24892E+00  0.00000E+00  0.16797E-02  0.00000E+00 -0.39105E-04  0.27775E+01  0.60480E+02 -0.18082E+02  0.39596E+02 -0.14058E+02 -0.10000E+07 -0.20507E+04 -0.16018E+04  0.00000E+00  0.00000E+00  0.30429E+02  0.25140E+02  0.70578E+01   1072  0.00000E+00      0.000
     396.0000  0.24130E+00  0.00000E+00  0.16715E-02  0.00000E+00 -0.39105E-04  0.30188E+01  0.60480E+02 -0.18080E+02  0.39596E+02 -0.14058E+02 -0.10000E+07 -0.20520E+04 -0.16018E+04  0.00000E+00  0.00000E+00  0.30427E+02  0.25140E+02  0.70595E+01   1074  0.00000E+00      0.000
     397.0000  0.19558E+00  0.00000E+00  0.16634E-02  0.00000E+00 -0.39105E-04  0.32144E+01  0.60480E+02 -0.18078E+02  0.39596E+02 -0.14058E+02 -0.10000E+07 -0.20533E+04 -0.16018E+04  0.00000E+00  0.00000E+00  0.30426E+02  0.25140E+02  0.70612E+01   1076  0.00000E+00      0.000
     398.0000  0.81280E-01  0.00000E+00  0.16553E-02  0.00000E+00 -0.39105E-04  0.32957E+01  0.60480E+02 -0.18077E+02  0.39596E+02 -0.14058E+02 -0.10000E+07 -0.20546E+04 -0.16018E+04  0.00000E+00  0.00000E+00  0.30424E+02  0.25140E+02  0.70628E+01   1078  0.00000E+00      0.000
     399.0000  0.30480E-01  0.00000E+00  0.16473E-02  0.00000E+00 -0.39110E-04  0.33262E+01  0.60480E+02 -0.18075E+02  0.39596E+02 -0.14058E+02 -0.10000E+07 -0.20558E+04 -0.16018E+04  0.00000E+00  0.00000E+00  0.30422E+02  0.25140E+02  0.70645E+01   1080  0.00000E+00      0.000
     400.0000  0.38100E-01  0.00000E+00  0.16395E-02  0.00000E+00 -0.39100E-04  0.33643E+01  0.60480E+02 -0.18073E+02  0.39596E+02 -0.14058E+02 -0.10000E+07 -0.20571E+04 -0.16018E+04  0.00000E+00  0.00000E+00  0.30421E+02  0.25140E+02  0.70661E+01   1082  0.00000E+00      0.000
     401.0000  0.45720E-01  0.00000E+00  0.16318E-02  0.00000E+00 -0.39100E-04  0.34100E+01  0.60480E+02 -0.18072E+02  0.39596E+02 -0.14058E+02 -0.10000E+07 -0.20584E+04 -0.16018E+04  0.00000E+00  0.00000E+00  0.30419E+02  0.25140E+02  0.70677E+01   1084  0.00000E+00      0.000
     402.0000  0.27940E-01  0.00000E+00  0.16242E-02  0.00000E+00 -0.39095E-04  0.34379E+01  0.60480E+02 -0.18070E+02  0.39596E+02 -0.14058E+02 -0.10000E+07 -0.20597E+04 -0.16018E+04  0.00000E+00  0.00000E+00  0.30417E+02  0.25140E+02  0.70694E+01   1086  0.00000E+00      0.000
     403.0000  0.33020E-01  0.00000E+00  0.16167E-02  0.00000E+00 -0.39100E-04  0.34710E+01  0.60480E+02 -0.18069E+02  0.39596E+02 -0.14058E+02 -0.10000E+07 -0.20609E+04 -0.16018E+04  0.00000E+00  0.00000E+00  0.30416E+02  0.25140E+02  0.70710E+01   1088  0.00000E+00      0.000
     404.0000  0.38100E-01  0.00000E+00  0.16094E-02  0.00000E+00 -0.39100E-04  0.35091E+01  0.60480E+02 -0.18067E+02  0.39596E+02 -0.14058E+02 -0.10000E+07 -0.20622E+04 -0.16018E+04  0.00000E+00  0.00000E+00  0.30414E+02  0.25140E+02  0.70726E+01   1090  0.00000E+00      0.000
     405.0000  0.38100E-01  0.00000E+00  0.16022E-02  0.00000E+00 -0.39095E-04  0.35472E+01  0.60480E+02 -0.18065E+02  0.39596E+02 -0.14058E+02 -0.10000E+07 -0.20634E+04 -0.16018E+04  0.00000E+00  0.00000E+00  0.30412E+02  0.25140E+02  0.70742E+01   1092  0.00000E+00      0.000
     406.0000  0.68580E-01  0.00000E+00  0.15954E-02  0.00000E+00 -0.39105E-04  0.36157E+01  0.60480E+02 -0.18064E+02  0.39596E+02 -0.14058E+02 -0.10000E+07 -0.20646E+04 -0.16018E+04  0.00000E+00  0.00000E+00  0.30411E+02  0.25140E+02  0.70758E+01   1094  0.00000E+00      0.000
     407.0000  0.76200E-01  0.00000E+00  0.15889E-02  0.00000E+00 -0.39110E-04  0.36919E+01  0.60480E+02 -0.18062E+02  0.39596E+02 -0.14058E+02 -0.10000E+07 -0.20658E+04 -0.16018E+04  0.00000E+00  0.00000E+00  0.30409E+02  0.25140E+02  0.70774E+01   1096  0.00000E+00      0.000
     408.0000  0.71120E-01  0.00000E+00  0.15827E-02  0.00000E+00 -0.39095E-04  0.37631E+01  0.60480E+02 -0.18061E+02  0.39596E+02 -0.14058E+02 -0.10000E+07 -0.20670E+04 -0.16018E+04  0.00000E+00  0.00000E+00  0.30407E+02  0.25140E+02  0.70790E+01   1098  0.00000E+00      0.000
     409.0000  0.35560E-01  0.00000E+00  0.15768E-02  0.00000E+00 -0.39099E-04  0.37986E+01  0.60480E+02 -0.18059E+02  0.39596E+02 -0.14058E+02 -0.10000E+07 -0.20682E+04 -0.16018E+04  0.00000E+00  0.00000E+00  0.30406E+02  0.25140E+02  0.70806E+01   1100  0.00000E+00      0.000
     410.0000  0.31750E-01  0.00000E+00  0.15713E-02  0.00000E+00 -0.39110E-04  0.38304E+01  0.60480E+02 -0.18057E+02  0.39596E+02 -0.14058E+02 -0.10000E+07 -0.20693E+04 -0.16018E+04  0.00000E+00  0.00000E+00  0.30404E+02  0.25140E+02  0.70821E+01   1102  0.00000E+00      0.000
     411.0000  0.27940E-01  0.00000E+00  0.15659E-02  0.00000E+00 -0.39099E-04  0.38583E+01  0.60480E+02 -0.18056E+02  0.39596E+02 -0.14058E+02 -0.10000E+07 -0.20704E+04 -0.16018E+04  0.00000E+00  0.00000E+00  0.30403E+02  0.25140E+02  0.70837E+01   1104  0.00000E+00      0.000
     412.0000  0.33020E-01  0.00000E+00  0.15607E-02  0.00000E+00 -0.39104E-04  0.38913E+01  0.60480E+02 -0.18054E+02  0.39596E+02 -0.14058E+02 -0.10000E+07 -0.20716E+04 -0.16018E+04  0.00000E+00  0.00000E+00  0.30401E+02  0.25140E+02  0.70853E+01   1106  0.00000E+00      0.000
     413.0000  0.88900E-01  0.00000E+00  0.15556E-02  0.00000E+00 -0.39099E-04  0.39802E+01  0.60480E+02 -0.18053E+02  0.39596E+02 -0.14058E+02 -0.10000E+07 -0.20727E+04 -0.16018E+04  0.00000E+00  0.00000E+00  0.30399E+02  0.25140E+02  0.70868E+01   1108  0.00000E+00      0.000
     414.0000  0.15240E+00  0.00000E+00  0.15506E-02  0.00000E+00 -0.39104E-04  0.41326E+01  0.60480E+02 -0.18051E+02  0.39596E+02 -0.14058E+02 -0.10000E+07 -0.20738E+04 -0.16018E+04  0.00000E+00  0.00000E+00  0.30398E+02  0.25140E+02  0.70884E+01   1110  0.00000E+00      0.000
     415.0000  0.10160E+00  0.00000E+00  0.15458E-02  0.00000E+00 -0.39109E-04  0.42342E+01  0.60480E+02 -0.18050E+02  0.39596E+02 -0.14058E+02 -0.10000E+07 -0.20749E+04 -0.16018E+04  0.00000E+00  0.00000E+00  0.30396E+02  0.25140E+02  0.70899E+01   1112  0.00000E+00      0.000
     416.0000  0.17526E+00  0.00000E+00  0.15410E-02  0.00000E+00 -0.39099E-04  0.44095E+01  0.60480E+02 -0.18048E+02  0.39596E+02 -0.14059E+02 -0.10000E+07 -0.20760E+04 -0.16018E+04  0.00000E+00  0.00000E+00  0.30395E+02  0.25140E+02  0.70915E+01   1114  0.00000E+00      0.000
     417.0000  0.13462E+00  0.00000E+00  0.15362E-02  0.00000E+00 -0.39100E-04  0.45441E+01  0.60480E+02 -0.18047E+02  0.39596E+02 -0.14059E+02 -0.10000E+07 -0.20771E+04 -0.16018E+04  0.00000E+00  0.00000E+00  0.30393E+02  0.25140E+02  0.70930E+01   1116  0.00000E+00      0.000
     418.0000  0.12700E+00  0.00000E+00  0.15315E-02  0.00000E+00 -0.39100E-04  0.46711E+01  0.60480E+02 -0.18045E+02  0.39596E+02 -0.14059E+02 -0.10000E+07 -0.20781E+04 -0.16018E+04  0.00000E+00  0.00000E+00  0.30391E+02  0.25140E+02  0.70945E+01   1118  0.00000E+00      0.000
     419.0000  0.20066E+00  0.00000E+00  0.15269E-02  0.00000E+00 -0.39094E-04  0.48718E+01  0.60480E+02 -0.18044E+02  0.39596E+02 -0.14059E+02 -0.10000E+07 -0.20792E+04 -0.16018E+04  0.00000E+00  0.00000E+00  0.30390E+02  0.25140E+02  0.70961E+01   1120  0.00000E+00      0.000
     420.0000  0.17018E+00  0.00000E+00  0.15222E-02  0.00000E+00 -0.39099E-04  0.50419E+01  0.60480E+02 -0.18042E+02  0.39596E+02 -0.14059E+02 -0.10000E+07 -0.20803E+04 -0.16018E+04  0.00000E+00  0.00000E+00  0.30388E+02  0.25140E+02  0.70976E+01   1122  0.00000E+00      0.000
     421.0000  0.26162E+00  0.00000E+00  0.15176E-02  0.00000E+00 -0.39093E-04  0.53036E+01  0.60480E+02 -0.18040E+02  0.39596E+02 -0.14059E+02 -0.10000E+07 -0.20814E+04 -0.16018E+04  0.00000E+00  0.00000E+00  0.30387E+02  0.25140E+02  0.70991E+01   1124  0.00000E+00      0.000
     422.0000  0.93980E-01  0.00000E+00  0.15131E-02  0.00000E+00 -0.39098E-04  0.53975E+01  0.60480E+02 -0.18039E+02  0.39596E+02 -0.14059E+02 -0.10000E+07 -0.20824E+04 -0.16018E+04  0.00000E+00  0.00000E+00  0.30385E+02  0.25140E+02  0.71006E+01   1126  0.00000E+00      0.000
     423.0000  0.50800E-01  0.00000E+00  0.15085E-02  0.00000E+00 -0.39109E-04  0.54483E+01  0.60480E+02 -0.18037E+02  0.39596E+02 -0.14059E+02 -0.10000E+07 -0.20835E+04 -0.16018E+04  0.00000E+00  0.00000E+00  0.30384E+02  0.25140E+02  0.71021E+01   1128  0.00000E+00      0.000
     424.0000  0.22352E+00  0.00000E+00  0.15040E-02  0.00000E+00 -0.39093E-04  0.56719E+01  0.60480E+02 -0.18036E+02  0.39596E+02 -0.14059E+02 -0.10000E+07 -0.20846E+04 -0.16018E+04  0.00000E+00  0.00000E+00  0.30382E+02  0.25140E+02  0.71036E+01   1130  0.00000E+00      0.000
     425.0000  0.33020E+00  0.00000E+00  0.14995E-02  0.00000E+00 -0.39103E-04  0.60021E+01  0.60480E+02 -0.18034E+02  0.39596E+02 -0.14059E+02 -0.10000E+07 -0.20856E+04 -0.16018E+04  0.00000E+00  0.00000E+00  0.30381E+02  0.25140E+02  0.71051E+01   1132  0.00000E+00      0.000
     426.0000  0.19558E+00  0.00000E+00  0.14950E-02  0.00000E+00 -0.39107E-04  0.61976E+01  0.60480E+02 -0.18033E+02  0.39596E+02 -0.14059E+02 -0.10000E+07 -0.20867E+04 -0.16018E+04  0.00000E+00  0.00000E+00  0.30379E+02  0.25140E+02  0.71066E+01   1134  0.00000E+00      0.000
     427.0000  0.40640E-01  0.00000E+00  0.14905E-02  0.00000E+00 -0.39103E-04  0.62383E+01  0.60480E+02 -0.18031E+02  0.39596E+02 -0.14059E+02 -0.10000E+07 -0.20878E+04 -0.16018E+04  0.00000E+00  0.00000E+00  0.30378E+02  0.25140E+02  0.71081E+01   1136  0.00000E+00      0.000
     428.0000  0.43180E-01  0.00000E+00  0.14860E-02  0.00000E+00 -0.39103E-04  0.62815E+01  0.60480E+02 -0.18030E+02  0.39596E+02 -0.14059E+02 -0.10000E+07 -0.20888E+04 -0.16018E+04  0.00000E+00  0.00000E+00  0.30376E+02  0.25140E+02  0.71096E+01   1138  0.00000E+00      0.000
     429.0000  0.53340E-01  0.00000E+00  0.14816E-02  0.00000E+00 -0.39093E-04  0.63348E+01  0.60480E+02 -0.18028E+02  0.39596E+02 -0.14059E+02 -0.10000E+07 -0.20899E+04 -0.16018E+04  0.00000E+00  0.00000E+00  0.30374E+02  0.25140E+02  0.71111E+01   1140  0.00000E+00      0.000
     430.0000  0.91440E-01  0.00000E+00  0.14771E-02  0.00000E+00 -0.39103E-04  0.64262E+01  0.60480E+02 -0.18027E+02  0.39596E+02 -0.14059E+02 -0.10000E+07 -0.20910E+04 -0.16018E+04  0.00000E+00  0.00000E+00  0.30373E+02  0.25140E+02  0.71126E+01   1142  0.00000E+00      0.000
     431.0000  0.76200E-01  0.00000E+00  0.14727E-02  0.00000E+00 -0.39103E-04  0.65024E+01  0.60480E+02 -0.18026E+02  0.39596E+02 -0.14059E+02 -0.10000E+07 -0.20920E+04 -0.16018E+04  0.00000E+00  0.00000E+00  0.30371E+02  0.25140E+02  0.71140E+01   1144  0.00000E+00      0.000
     432.0000  0.11684E+00  0.00000E+00  0.14683E-02  0.00000E+00 -0.39108E-04  0.66193E+01  0.60480E+02 -0.18024E+02  0.39596E+02 -0.14059E+02 -0.10000E+07 -0.20931E+04 -0.16018E+04  0.00000E+00  0.00000E+00  0.30370E+02  0.25140E+02  0.71155E+01   1146  0.00000E+00      0.000
     433.0000  0.31750E+00  0.00000E+00  0.14640E-02  0.00000E+00 -0.39102E-04  0.69368E+01  0.60480E+02 -0.18023E+02  0.39596E+02 -0.14059E+02 -0.10000E+07 -0.20942E+04 -0.16018E+04  0.00000E+00  0.00000E+00  0.30368E+02  0.25140E+02  0.71170E+01   1148  0.00000E+00      0.000
     434.0000  0.41656E+00  0.00000E+00  0.14597E-02  0.00000E+00 -0.39103E-04  0.73533E+01  0.60480E+02 -0.18021E+02  0.39596E+02 -0.14059E+02 -0.10000E+07 -0.20952E+04 -0.16018E+04  0.00000E+00  0.00000E+00  0.30367E+02  0.25140E+02  0.71184E+01   1150  0.00000E+00      0.000
     435.0000  0.31242E+00  0.00000E+00  0.14556E-02  0.00000E+00 -0.39107E-04  0.76658E+01  0.60480E+02 -0.18020E+02  0.39596E+02 -0.14059E+02 -0.10000E+07 -0.20963E+04 -0.16018E+04  0.00000E+00  0.00000E+00  0.30365E+02  0.25140E+02  0.71199E+01   1152  0.00000E+00      0.000
     436.0000  0.21590E+00  0.00000E+00  0.14515E-02  0.00000E+00 -0.39102E-04  0.78817E+01  0.60480E+02 -0.18018E+02  0.39596E+02 -0.14059E+02 -0.10000E+07 -0.20973E+04 -0.16018E+04  0.00000E+00  0.00000E+00  0.30364E+02  0.25140E+02  0.71213E+01   1154  0.00000E+00      0.000
     437.0000  0.23876E+00  0.00000E+00  0.14475E-02  0.00000E+00 -0.39102E-04  0.81204E+01  0.60480E+02 -0.18017E+02  0.39596E+02 -0.14059E+02 -0.10000E+07 -0.20983E+04 -0.16018E+04  0.00000E+00  0.00000E+00  0.30362E+02  0.25140E+02  0.71228E+01   1156  0.00000E+00      0.000
     438.0000  0.13716E+00  0.00000E+00  0.14435E-02  0.00000E+00 -0.39097E-04  0.82576E+01  0.60480E+02 -0.18015E+02  0.39596E+02 -0.14059E+02 -0.10000E+07 -0.20994E+04 -0.16018E+04  0.00000E+00  0.00000E+00  0.30361E+02  0.25140E+02  0.71242E+01   1158  0.00000E+00      0.000
     439.0000  0.13716E+00  0.00000E+00  0.14397E-02  0.00000E+00 -0.39108E-04  0.83947E+01  0.60480E+02 -0.18014E+02  0.39596E+02 -0.14059E+02 -0.10000E+07 -0.21004E+04 -0.16018E+04  0.00000E+00  0.00000E+00  0.30360E+02  0.25140E+02  0.71257E+01   1160  0.00000E+00      0.000
     440.0000  0.22098E+00  0.00000E+00  0.14359E-02  0.00000E+00 -0.39097E-04  0.86157E+01  0.60480E+02 -0.18012E+02  0.39596E+02 -0.14059E+02 -0.10000E+07 -0.21014E+04 -0.16018E+04  0.00000E+00  0.00000E+00  0.30358E+02  0.25140E+02  0.71271E+01   1162  0.00000E+00      0.000
     441.0000  0.16510E+00  0.00000E+00  0.14321E-02  0.00000E+00 -0.39097E-04  0.87808E+01  0.60480E+02 -0.18011E+02  0.39596E+02 -0.14059E+02 -0.10000E+07 -0.21024E+04 -0.16018E+04  0.00000E+00  0.00000E+00  0.30357E+02  0.25140E+02  0.71285E+01   1164  0.00000E+00      0.000
     442.0000  0.18288E+00  0.00000E+00  0.14284E-02  0.00000E+00 -0.39102E-04  0.89637E+01  0.60480E+02 -0.18010E+02  0.39596E+02 -0.14060E+02 -0.10000E+07 -0.21034E+04 -0.16018E+04  0.00000E+00  0.00000E+00  0.30355E+02  0.25140E+02  0.71300E+01   1166  0.00000E+00      0.000
     443.0000  0.29210E+00  0.00000E+00  0.14247E-02  0.00000E+00 -0.39097E-04  0.92558E+01  0.60480E+02 -0.18008E+02  0.39596E+02 -0.14060E+02 -0.10000E+07 -0.21044E+04 -0.16018E+04  0.00000E+00  0.00000E+00  0.30354E+02  0.25140E+02  0.71314E+01   1168  0.00000E+00      0.000
     444.0000  0.22098E+00  0.00000E+00  0.14211E-02  0.00000E+00 -0.39097E-04  0.94768E+01  0.60480E+02 -0.18007E+02  0.39596E+02 -0.14060E+02 -0.10000E+07 -0.21054E+04 -0.16018E+04  0.00000E+00  0.00000E+00  0.30352E+02  0.25140E+02  0.71328E+01   1170  0.00000E+00      0.000
     445.0000  0.66040E-01  0.00000E+00  0.14175E-02  0.00000E+00 -0.39097E-04  0.95428E+01  0.60480E+02 -0.18005E+02  0.39596E+02 -0.14060E+02 -0.10000E+07 -0.21064E+04 -0.16018E+04  0.00000E+00  0.00000E+00  0.30351E+02  0.25140E+02  0.71342E+01   1172  0.00000E+00      0.000
     446.0000  0.11430E+00  0.00000E+00  0.14140E-02  0.00000E+00 -0.39107E-04  0.96571E+01  0.60480E+02 -0.18004E+02  0.39596E+02 -0.14060E+02 -0.10000E+07 -0.21074E+04 -0.16018E+04  0.00000E+00  0.00000E+00  0.30349E+02  0.25140E+02  0.71357E+01   1174  0.00000E+00      0.000
     447.0000  0.68580E-01  0.00000E+00  0.14105E-02  0.00000E+00 -0.39107E-04  0.97257E+01  0.60480E+02 -0.18003E+02  0.39596E+02 -0.14060E+02 -0.10000E+07 -0.21084E+04 -0.16018E+04  0.00000E+00  0.00000E+00  0.30348E+02  0.25140E+02  0.71371E+01   1176  0.00000E+00      0.000
     448.0000  0.38100E-01  0.00000E+00  0.14070E-02  0.00000E+00 -0.39096E-04  0.97638E+01  0.60480E+02 -0.18001E+02  0.39596E+02 -0.14060E+02 -0.10000E+07 -0.21094E+04 -0.16018E+04  0.00000E+00  0.00000E+00  0.30346E+02  0.25140E+02  0.71385E+01   1178  0.00000E+00      0.000
     449.0000  0.78740E-01  0.00000E+00  0.14035E-02  0.00000E+00 -0.39097E-04  0.98425E+01  0.60480E+02 -0.18000E+02  0.39596E+02 -0.14060E+02 -0.10000E+07 -0.21104E+04 -0.16018E+04  0.00000E+00  0.00000E+00  0.30345E+02  0.25140E+02  0.71399E+01   1180  0.00000E+00      0.000
     450.0000  0.11938E+00  0.00000E+00  0.14000E-02  0.00000E+00 -0.39101E-04  0.99619E+01  0.60480E+02 -0.17998E+02  0.39596E+02 -0.14060E+02 -0.10000E+07 -0.21114E+04 -0.16018E+04  0.00000E+00  0.00000E+00  0.30343E+02  0.25140E+02  0.71413E+01   1182  0.00000E+00      0.000
     451.0000  0.13970E+00  0.00000E+00  0.13966E-02  0.00000E+00 -0.39096E-04  0.10102E+02  0.60480E+02 -0.17997E+02  0.39596E+02 -0.14060E+02 -0.10000E+07 -0.21124E+04 -0.16018E+04  0.00000E+00  0.00000E+00  0.30342E+02  0.25140E+02  0.71427E+01   1184  0.00000E+00      0.000
     452.0000  0.24638E+00  0.00000E+00  0.13931E-02  0.00000E+00 -0.39106E-04  0.10348E+02  0.60480E+02 -0.17996E+02  0.39596E+02 -0.14060E+02 -0.10000E+07 -0.21133E+04 -0.16018E+04  0.00000E+00  0.00000E+00  0.30341E+02  0.25140E+02  0.71441E+01   1186  0.00000E+00      0.000
     453.0000  0.13208E+00  0.00000E+00  0.13897E-02  0.00000E+00 -0.39091E-04  0.10480E+02  0.60480E+02 -0.17994E+02  0.39596E+02 -0.14060E+02 -0.10000E+07 -0.21143E+04 -0.16018E+04  0.00000E+00  0.00000E+00  0.30339E+02  0.25140E+02  0.71455E+01   1188  0.00000E+00      0.000
     454.0000  0.93980E-01  0.00000E+00  0.13863E-02  0.00000E+00 -0.39092E-04  0.10574E+02  0.60480E+02 -0.17993E+02  0.39596E+02 -0.14060E+02 -0.10000E+07 -0.21153E+04 -0.16018E+04  0.00000E+00  0.00000E+00  0.30338E+02  0.25140E+02  0.71469E+01   1190  0.00000E+00      0.000
     455.0000  0.11430E+00  0.00000E+00  0.13830E-02  0.00000E+00 -0.39107E-04  0.10688E+02  0.60480E+02 -0.17991E+02  0.39596E+02 -0.14060E+02 -0.10000E+07 -0.21163E+04 -0.16018E+04  0.00000E+00  0.00000E+00  0.30336E+02  0.25140E+02  0.71482E+01   1192  0.00000E+00      0.000
     456.0000  0.40640E-01  0.00000E+00  0.13796E-02  0.00000E+00 -0.39092E-04  0.10729E+02  0.60480E+02 -0.17990E+02  0.39596E+02 -0.14060E+02 -0.10000E+07 -0.21172E+04 -0.16018E+04  0.00000E+00  0.00000E+00  0.30335E+02  0.25140E+02  0.71496E+01   1194  0.00000E+00      0.000
     457.0000  0.00000E+00  0.24892E+00  0.16880E-08  0.00000E+00 -0.39101E-04  0.10729E+02  0.60729E+02 -0.17990E+02  0.39596E+02 -0.14060E+02 -0.54293E+06 -0.21084E+04 -0.16018E+04  0.00000E+00  0.00000E+00  0.30335E+02  0.25140E+02  0.71496E+01   1196  0.00000E+00      0.000
     458.0000  0.00000E+00  0.38354E+00 -0.36671E-08  0.00000E+00 -0.39106E-04  0.10729E+02  0.61112E+02 -0.17990E+02  0.39596E+02 -0.14060E+02 -0.38570E+06 -0.20972E+04 -0.16018E+04  0.00000E+00  0.00000E+00  0.30335E+02  0.25140E+02  0.71496E+01   1198  0.00000E+00      0.000
     459.0000  0.00000E+00  0.33274E+00  0.00000E+00  0.00000E+00 -0.39096E-04  0.10729E+02  0.61445E+02 -0.17990E+02  0.39596E+02 -0.14060E+02 -0.29279E+06 -0.20857E+04 -0.16018E+04  0.00000E+00  0.00000E+00  0.30335E+02  0.25140E+02  0.71496E+01   1200  0.00000E+00      0.000
     460.0000  0.00000E+00  0.53340E-01  0.20955E-08  0.00000E+00 -0.39101E-04  0.10729E+02  0.61499E+02 -0.17990E+02  0.39596E+02 -0.14060E+02 -0.23358E+06 -0.20748E+04 -0.16019E+04  0.00000E+00  0.00000E+00  0.30335E+02  0.25140E+02  0.71496E+01   1202  0.00000E+00      0.000
     461.0000  0.00000E+00  0.40640E-01 -0.24447E-08  0.00000E+00 -0.39105E-04  0.10729E+02  0.61539E+02 -0.17990E+02  0.39596E+02 -0.14060E+02 -0.19251E+06 -0.20647E+04 -0.16019E+04  0.00000E+00  0.00000E+00  0.30335E+02  0.25140E+02  0.71496E+01   1204  0.00000E+00      0.000
     462.0000  0.00000E+00  0.53340E-01  0.23865E-08  0.00000E+00 -0.39101E-04  0.10729E+02  0.61592E+02 -0.17990E+02  0.39596E+02 -0.14060E+02 -0.16233E+06 -0.20553E+04 -0.16019E+04  0.00000E+00  0.00000E+00  0.30335E+02  0.25140E+02  0.71496E+01   1206  0.00000E+00      0.000
     463.0000  0.00000E+00  0.99060E-01 -0.34925E-09  0.00000E+00 -0.39095E-04  0.10729E+02  0.61692E+02 -0.17990E+02  0.39596E+02 -0.14060E+02 -0.13922E+06 -0.20467E+04 -0.16019E+04  0.00000E+00  0.00000E+00  0.30335E+02  0.25140E+02  0.71496E+01   1208  0.00000E+00      0.000
     464.0000  0.00000E+00  0.25654E+00 -0.20664E-08  0.00000E+00 -0.39101E-04  0.10729E+02  0.61948E+02 -0.17990E+02  0.39596E+02 -0.14060E+02 -0.12099E+06 -0.20388E+04 -0.16019E+04  0.00000E+00  0.00000E+00  0.30335E+02  0.25140E+02  0.71496E+01   1210  0.00000E+00      0.000
     465.0000  0.00000E+00  0.36322E+00  0.19500E-08  0.00000E+00 -0.39106E-04  0.10729E+02  0.62311E+02 -0.17990E+02  0.39596E+02 -0.14060E+02 -0.10629E+06 -0.20314E+04 -0.16019E+04  0.00000E+00  0.00000E+00  0.30335E+02  0.25140E+02  0.71496E+01   1212  0.00000E+00      0.000
     466.0000  0.00000E+00  0.22860E+00  0.24738E-08  0.00000E+00 -0.39105E-04  0.10729E+02  0.62540E+02 -0.17990E+02  0.39596E+02 -0.14060E+02 -0.94204E+05 -0.20245E+04 -0.16019E+04  0.00000E+00  0.00000E+00  0.30334E+02  0.25140E+02  0.71496E+01   1214  0.00000E+00      0.000
     467.0000  0.00000E+00  0.30734E+00  0.30559E-08  0.00000E+00 -0.39105E-04  0.10729E+02  0.62847E+02 -0.17990E+02  0.39596E+02 -0.14061E+02 -0.84128E+05 -0.20182E+04 -0.16019E+04  0.00000E+00  0.00000E+00  0.30334E+02  0.25140E+02  0.71496E+01   1216  0.00000E+00      0.000
     468.0000  0.00000E+00  0.30480E+00 -0.11059E-08  0.00000E+00 -0.39095E-04  0.10729E+02  0.63152E+02 -0.17990E+02  0.39596E+02 -0.14061E+02 -0.75623E+05 -0.20122E+04 -0.16019E+04  0.00000E+00  0.00000E+00  0.30334E+02  0.25140E+02  0.71496E+01   1218  0.00000E+00      0.000
     469.0000  0.00000E+00  0.38100E+00  0.81491E-09  0.00000E+00 -0.39100E-04  0.10729E+02  0.63533E+02 -0.17990E+02  0.39596E+02 -0.14061E+02 -0.68362E+05 -0.20067E+04 -0.16019E+04  0.00000E+00  0.00000E+00  0.30334E+02  0.25140E+02  0.71496E+01   1220  0.00000E+00      0.000
     470.0000  0.00000E+00  0.30988E+00  0.10768E-08  0.00000E+00 -0.39106E-04  0.10729E+02  0.63843E+02 -0.17990E+02  0.39596E+02 -0.14061E+02 -0.62103E+05 -0.20015E+04 -0.16019E+04  0.00000E+00  0.00000E+00  0.30334E+02  0.25140E+02  0.71496E+01   1222  0.00000E+00      0.000
     471.0000  0.00000E+00  0.29210E+00  0.22119E-08  0.00000E+00 -0.39100E-04  0.10729E+02  0.64135E+02 -0.17990E+02  0.39596E+02 -0.14061E+02 -0.56661E+05 -0.19966E+04 -0.16019E+04  0.00000E+00  0.00000E+00  0.30334E+02  0.25140E+02  0.71496E+01   1224  0.00000E+00      0.000
     472.0000  0.00000E+00  0.26162E+00  0.22992E-08  0.00000E+00 -0.39100E-04  0.10729E+02  0.64397E+02 -0.17990E+02  0.39596E+02 -0.14061E+02 -0.51899E+05 -0.19919E+04 -0.16019E+04  0.00000E+00  0.00000E+00  0.30334E+02  0.25140E+02  0.71496E+01   1226  0.00000E+00      0.000
     473.0000  0.00000E+00  0.11938E+00 -0.78580E-09  0.00000E+00 -0.39105E-04  0.10729E+02  0.64516E+02 -0.17990E+02  0.39596E+02 -0.14061E+02 -0.47708E+05 -0.19876E+04 -0.16019E+04  0.00000E+00  0.00000E+00  0.30334E+02  0.25140E+02  0.71496E+01   1228  0.00000E+00      0.000
     474.0000  0.00000E+00  0.13970E+00  0.27067E-08  0.00000E+00 -0.39090E-04  0.10729E+02  0.64656E+02 -0.17990E+02  0.39596E+02 -0.14061E+02 -0.44000E+05 -0.19834E+04 -0.16019E+04  0.00000E+00  0.00000E+00  0.30334E+02  0.25140E+02  0.71496E+01   1230  0.00000E+00      0.000
     475.0000  0.00000E+00  0.10414E+00  0.36962E-08  0.00000E+00 -0.39095E-04  0.10729E+02  0.64760E+02 -0.17990E+02  0.39596E+02 -0.14061E+02 -0.40706E+05 -0.19795E+04 -0.16019E+04  0.00000E+00  0.00000E+00  0.30334E+02  0.25140E+02  0.71496E+01   1232  0.00000E+00      0.000
     476.0000  0.00000E+00  0.23622E+00  0.24156E-08  0.00000E+00 -0.39090E-04  0.10729E+02  0.64996E+02 -0.17990E+02  0.39596E+02 -0.14061E+02 -0.37768E+05 -0.19758E+04 -0.16019E+04  0.00000E+00  0.00000E+00  0.30334E+02  0.25140E+02  0.71496E+01   1234  0.00000E+00      0.000
     477.0000  0.00000E+00  0.43434E+00  0.13388E-08  0.00000E+00 -0.39100E-04  0.10729E+02  0.65430E+02 -0.17990E+02  0.39596E+02 -0.14061E+02 -0.35137E+05 -0.19722E+04 -0.16019E+04  0.00000E+00  0.00000E+00  0.30334E+02  0.25140E+02  0.71496E+01   1236  0.00000E+00      0.000
     478.0000  0.00000E+00  0.35052E+00  0.20373E-09  0.00000E+00 -0.39095E-04  0.10729E+02  0.65781E+02 -0.17990E+02  0.39596E+02 -0.14061E+02 -0.32775E+05 -0.19688E+04 -0.16019E+04  0.00000E+00  0.00000E+00  0.30334E+02  0.25140E+02  0.71496E+01   1238  0.00000E+00      0.000
     479.0000  0.00000E+00  0.32512E+00 -0.34051E-08  0.00000E+00 -0.39094E-04  0.10729E+02  0.66106E+02 -0.17990E+02  0.39596E+02 -0.14061E+02 -0.30647E+05 -0.19656E+04 -0.16019E+04  0.00000E+00  0.00000E+00  0.30334E+02  0.25140E+02  0.71496E+01   1240  0.00000E+00      0.000
     480.0000  0.00000E+00  0.44704E+00  0.87311E-09  0.00000E+00 -0.39100E-04  0.10729E+02  0.66553E+02 -0.17990E+02  0.39596E+02 -0.14061E+02 -0.28724E+05 -0.19626E+04 -0.16019E+04  0.00000E+00  0.00000E+00  0.30334E+02  0.25140E+02  0.71496E+01   1242  0.00000E+00      0.000
     481.0000  0.00000E+00  0.27432E+00 -0.33178E-08  0.00000E+00 -0.39090E-04  0.10729E+02  0.66827E+02 -0.17990E+02  0.39596E+02 -0.14061E+02 -0.26982E+05 -0.19596E+04 -0.16019E+04  0.00000E+00  0.00000E+00  0.30334E+02  0.25140E+02  0.71496E+01   1244  0.00000E+00      0.000
     482.0000  0.00000E+00  0.25400E+00  0.36380E-08  0.00000E+00 -0.39100E-04  0.10729E+02  0.67081E+02 -0.17990E+02  0.39596E+02 -0.14061E+02 -0.25400E+05 -0.19568E+04 -0.16019E+04  0.00000E+00  0.00000E+00  0.30334E+02  0.25140E+02  0.71496E+01   1246  0.00000E+00      0.000
     483.0000  0.00000E+00  0.12954E+00  0.12806E-08  0.00000E+00 -0.39100E-04  0.10729E+02  0.67211E+02 -0.17990E+02  0.39596E+02 -0.14061E+02 -0.23960E+05 -0.19541E+04 -0.16019E+04  0.00000E+00  0.00000E+00  0.30334E+02  0.25140E+02  0.71496E+01   1248  0.00000E+00      0.000
     484.0000  0.00000E+00  0.35306E+00 -0.22410E-08  0.00000E+00 -0.39095E-04  0.10729E+02  0.67564E+02 -0.17990E+02  0.39596E+02 -0.14061E+02 -0.22647E+05 -0.19516E+04 -0.16019E+04  0.00000E+00  0.00000E+00  0.30334E+02  0.25140E+02  0.71496E+01   1250  0.00000E+00      0.000
     485.0000  0.00000E+00  0.32004E+00 -0.19209E-08  0.00000E+00 -0.39094E-04  0.10729E+02  0.67884E+02 -0.17990E+02  0.39596E+02 -0.14061E+02 -0.21446E+05 -0.19491E+04 -0.16019E+04  0.00000E+00  0.00000E+00  0.30334E+02  0.25140E+02  0.71496E+01   1252  0.00000E+00      0.000
     486.0000  0.00000E+00  0.29464E+00 -0.52387E-09  0.00000E+00 -0.39099E-04  0.10729E+02  0.68179E+02 -0.17990E+02  0.39596E+02 -0.14061E+02 -0.20347E+05 -0.19468E+04 -0.16019E+04  0.00000E+00  0.00000E+00  0.30334E+02  0.25140E+02  0.71496E+01   1254  0.00000E+00      0.000
     487.0000  0.00000E+00  0.19558E+00  0.33760E-08  0.00000E+00 -0.39089E-04  0.10729E+02  0.68374E+02 -0.17990E+02  0.39596E+02 -0.14061E+02 -0.19338E+05 -0.55589E+04 -0.16019E+04  0.00000E+00  0.00000E+00  0.30334E+02  0.25140E+02  0.71496E+01   1256  0.00000E+00      0.000
     488.0000  0.00000E+00  0.13208E+00 -0.33178E-08  0.00000E+00 -0.39094E-04  0.10729E+02  0.68506E+02 -0.17990E+02  0.39596E+02 -0.14061E+02 -0.18412E+05 -0.55158E+04 -0.16019E+04  0.00000E+00  0.00000E+00  0.30334E+02  0.25140E+02  0.71496E+01   1258  0.00000E+00      0.000
     489.0000  0.00000E+00  0.19558E+00  0.78580E-09  0.00000E+00 -0.39094E-04  0.10729E+02  0.68702E+02 -0.17990E+02  0.39596E+02 -0.14061E+02 -0.17558E+05 -0.54738E+04 -0.16019E+04  0.00000E+00  0.00000E+00  0.30334E+02  0.25140E+02  0.71496E+01   1260  0.00000E+00      0.000
     490.0000  0.00000E+00  0.32766E+00  0.18044E-08  0.00000E+00 -0.39099E-04  0.10729E+02  0.69030E+02 -0.17990E+02  0.39596E+02 -0.14061E+02 -0.16772E+05 -0.54328E+04 -0.16019E+04  0.00000E+00  0.00000E+00  0.30334E+02  0.25140E+02  0.71496E+01   1262  0.00000E+00      0.000
     491.0000  0.00000E+00  0.22606E+00  0.58208E-09  0.00000E+00 -0.39099E-04  0.10729E+02  0.69256E+02 -0.17990E+02  0.39596E+02 -0.14061E+02 -0.16045E+05 -0.53948E+04 -0.16019E+04  0.00000E+00  0.00000E+00  0.30334E+02  0.25140E+02  0.71496E+01   1264  0.00000E+00      0.000
     492.0000  0.00000E+00  0.30226E+00 -0.10477E-08  0.00000E+00 -0.39094E-04  0.10729E+02  0.69558E+02 -0.17990E+02  0.39596E+02 -0.14061E+02 -0.15372E+05 -0.53580E+04 -0.16019E+04  0.00000E+00  0.00000E+00  0.30333E+02  0.25140E+02  0.71496E+01   1266  0.00000E+00      0.000
     493.0000  0.00000E+00  0.12954E+00  0.17753E-08  0.00000E+00 -0.39099E-04  0.10729E+02  0.69688E+02 -0.17990E+02  0.39596E+02 -0.14062E+02 -0.14749E+05 -0.53218E+04 -0.16019E+04  0.00000E+00  0.00000E+00  0.30333E+02  0.25140E+02  0.71496E+01   1268  0.00000E+00      0.000
     494.0000  0.00000E+00  0.45720E-01 -0.14843E-08  0.00000E+00 -0.39099E-04  0.10729E+02  0.69733E+02 -0.17990E+02  0.39596E+02 -0.14062E+02 -0.14169E+05 -0.52864E+04 -0.16019E+04  0.00000E+00  0.00000E+00  0.30333E+02  0.25140E+02  0.71496E+01   1270  0.00000E+00      0.000
     495.0000  0.00000E+00  0.26670E+00  0.29977E-08  0.00000E+00 -0.39099E-04  0.10729E+02  0.70000E+02 -0.17990E+02  0.39596E+02 -0.14062E+02 -0.13630E+05 -0.52517E+04 -0.16019E+04  0.00000E+00  0.00000E+00  0.30333E+02  0.25140E+02  0.71496E+01   1272  0.00000E+00      0.000
     496.0000  0.00000E+00  0.39878E+00  0.24447E-08  0.00000E+00 -0.39094E-04  0.10729E+02  0.70399E+02 -0.17990E+02  0.39596E+02 -0.14062E+02 -0.13128E+05 -0.52176E+04 -0.16019E+04  0.00000E+00  0.00000E+00  0.30333E+02  0.25140E+02  0.71496E+01   1274  0.00000E+00      0.000
     497.0000  0.00000E+00  0.42926E+00  0.14843E-08  0.00000E+00 -0.39094E-04  0.10729E+02  0.70828E+02 -0.17990E+02  0.39596E+02 -0.14062E+02 -0.12660E+05 -0.51849E+04 -0.16019E+04  0.00000E+00  0.00000E+00  0.30333E+02  0.25140E+02  0.71496E+01   1276  0.00000E+00      0.000
     498.0000  0.00000E+00  0.42418E+00  0.23574E-08  0.00000E+00 -0.39094E-04  0.10729E+02  0.71252E+02 -0.17990E+02  0.39596E+02 -0.14062E+02 -0.12222E+05 -0.51549E+04 -0.16019E+04  0.00000E+00  0.00000E+00  0.30333E+02  0.25140E+02  0.71496E+01   1278  0.00000E+00      0.000
     499.0000  0.00000E+00  0.38100E+00  0.90222E-09  0.00000E+00 -0.39099E-04  0.10729E+02  0.71633E+02 -0.17990E+02  0.39596E+02 -0.14062E+02 -0.11812E+05 -0.51252E+04 -0.16019E+04  0.00000E+00  0.00000E+00  0.30333E+02  0.25140E+02  0.71496E+01   1280  0.00000E+00      0.000
     500.0000  0.00000E+00  0.21844E+00  0.19209E-08  0.00000E+00 -0.39098E-04  0.10729E+02  0.71852E+02 -0.17990E+02  0.39596E+02 -0.14062E+02 -0.11429E+05 -0.50955E+04 -0.16019E+04  0.00000E+00  0.00000E+00  0.30333E+02  0.25140E+02  0.71496E+01   1282  0.00000E+00      0.000
     501.0000  0.00000E+00  0.35814E+00  0.84401E-09  0.00000E+00 -0.39098E-04  0.10729E+02  0.72210E+02 -0.17990E+02  0.39596E+02 -0.14062E+02 -0.11071E+05 -0.50657E+04 -0.16019E+04  0.00000E+00  0.00000E+00  0.30333E+02  0.25140E+02  0.71496E+01   1284  0.00000E+00      0.000
     502.0000  0.00000E+00  0.48006E+00 -0.23283E-09  0.00000E+00 -0.39094E-04  0.10729E+02  0.72690E+02 -0.17990E+02  0.39596E+02 -0.14062E+02 -0.10737E+05 -0.50360E+04 -0.16019E+04  0.00000E+00  0.00000E+00  0.30333E+02  0.25140E+02  0.71496E+01   1286  0.00000E+00      0.000
     503.0000  0.00000E+00  0.36068E+00 -0.23283E-09  0.00000E+00 -0.39093E-04  0.10729E+02  0.73050E+02 -0.17990E+02  0.39596E+02 -0.14062E+02 -0.10424E+05 -0.50063E+04 -0.16019E+04  0.00000E+00  0.00000E+00  0.30333E+02  0.25140E+02  0.71496E+01   1288  0.00000E+00      0.000
     504.0000  0.00000E+00  0.35306E+00 -0.16589E-08  0.00000E+00 -0.39102E-04  0.10729E+02  0.73404E+02 -0.17990E+02  0.39596E+02 -0.14062E+02 -0.10131E+05 -0.49766E+04 -0.16019E+04  0.00000E+00  0.00000E+00  0.30333E+02  0.25140E+02  0.71496E+01   1290  0.00000E+00      0.000
     505.0000  0.00000E+00  0.24892E+00  0.28813E-08  0.00000E+00 -0.39098E-04  0.10729E+02  0.73652E+02 -0.17990E+02  0.39596E+02 -0.14062E+02 -0.98761E+04 -0.49473E+04 -0.16019E+04  0.00000E+00  0.00000E+00  0.30333E+02  0.25140E+02  0.71496E+01   1292  0.00000E+00      0.000
     506.0000  0.00000E+00  0.29718E+00 -0.75670E-09  0.00000E+00 -0.39093E-04  0.10729E+02  0.73950E+02 -0.17990E+02  0.39596E+02 -0.14062E+02 -0.96374E+04 -0.49184E+04 -0.16019E+04  0.00000E+00  0.00000E+00  0.30333E+02  0.25140E+02  0.71496E+01   1294  0.00000E+00      0.000
     507.0000  0.00000E+00  0.28956E+00 -0.38999E-08  0.00000E+00 -0.39093E-04  0.10729E+02  0.74239E+02 -0.17990E+02  0.39596E+02 -0.14062E+02 -0.94025E+04 -0.48898E+04 -0.16019E+04  0.00000E+00  0.00000E+00  0.30333E+02  0.25140E+02  0.71496E+01   1296  0.00000E+00      0.000
     508.0000  0.00000E+00  0.23368E+00 -0.18626E-08  0.00000E+00 -0.39097E-04  0.10729E+02  0.74473E+02 -0.17990E+02  0.39596E+02 -0.14062E+02 -0.91726E+04 -0.48615E+04 -0.16019E+04  0.00000E+00  0.00000E+00  0.30333E+02  0.25140E+02  0.71496E+01   1298  0.00000E+00      0.000
     509.0000  0.00000E+00  0.25654E+00 -0.70868E-08  0.00000E+00 -0.39098E-04  0.10729E+02  0.74729E+02 -0.17990E+02  0.39596E+02 -0.14062E+02 -0.89492E+04 -0.48332E+04 -0.16019E+04  0.00000E+00  0.00000E+00  0.30333E+02  0.25140E+02  0.71496E+01   1300  0.00000E+00      0.000
     510.0000  0.00000E+00  0.39878E+00 -0.23283E-08  0.00000E+00 -0.39088E-04  0.10729E+02  0.75128E+02 -0.17990E+02  0.39596E+02 -0.14062E+02 -0.87346E+04 -0.48065E+04 -0.16019E+04  0.00000E+00  0.00000E+00  0.30333E+02  0.25140E+02  0.71496E+01   1302  0.00000E+00      0.000
     511.0000  0.00000E+00  0.31496E+00 -0.29831E-08  0.00000E+00 -0.39098E-04  0.10729E+02  0.75443E+02 -0.17990E+02  0.39596E+02 -0.14062E+02 -0.85319E+04 -0.47822E+04 -0.16019E+04  0.00000E+00  0.00000E+00  0.30333E+02  0.25140E+02  0.71496E+01   1304  0.00000E+00      0.000
     512.0000  0.00000E+00  0.42164E+00  0.10768E-08  0.00000E+00 -0.39098E-04  0.10729E+02  0.75865E+02 -0.17990E+02  0.39596E+02 -0.14062E+02 -0.83408E+04 -0.47579E+04 -0.16019E+04  0.00000E+00  0.00000E+00  0.30333E+02  0.25140E+02  0.71496E+01   1306  0.00000E+00      0.000
     513.0000  0.00000E+00  0.41148E+00  0.20373E-09  0.00000E+00 -0.39098E-04  0.10729E+02  0.76276E+02 -0.17990E+02  0.39596E+02 -0.14062E+02 -0.81601E+04 -0.47334E+04 -0.16019E+04  0.00000E+00  0.00000E+00  0.30333E+02  0.25140E+02  0.71496E+01   1308  0.00000E+00      0.000
     514.0000  0.00000E+00  0.46990E+00 -0.47730E-08  0.00000E+00 -0.39103E-04  0.10729E+02  0.76746E+02 -0.17990E+02  0.39596E+02 -0.14062E+02 -0.79890E+04 -0.47088E+04 -0.16019E+04  0.00000E+00  0.00000E+00  0.30333E+02  0.25140E+02  0.71496E+01   1310  0.00000E+00      0.000
     515.0000  0.00000E+00  0.41148E+00  0.75670E-09  0.00000E+00 -0.39093E-04  0.10729E+02  0.77158E+02 -0.17990E+02  0.39596E+02 -0.14062E+02 -0.78518E+04 -0.46843E+04 -0.16019E+04  0.00000E+00  0.00000E+00  0.30333E+02  0.25140E+02  0.71496E+01   1312  0.00000E+00      0.000
     516.0000  0.00000E+00  0.36576E+00  0.52823E-08  0.00000E+00 -0.39098E-04  0.10729E+02  0.77523E+02 -0.17990E+02  0.39596E+02 -0.14062E+02 -0.77264E+04 -0.46607E+04 -0.16019E+04  0.00000E+00  0.00000E+00  0.30333E+02  0.25140E+02  0.71496E+01   1314  0.00000E+00      0.000
     517.0000  0.00000E+00  0.40132E+00  0.40018E-08  0.00000E+00 -0.39093E-04  0.10729E+02  0.77925E+02 -0.17990E+02  0.39596E+02 -0.14062E+02 -0.76013E+04 -0.46386E+04 -0.16019E+04  0.00000E+00  0.00000E+00  0.30333E+02  0.25140E+02  0.71496E+01   1316  0.00000E+00      0.000
     518.0000  0.00000E+00  0.36830E+00 -0.17462E-09  0.00000E+00 -0.39097E-04  0.10729E+02  0.78293E+02 -0.17990E+02  0.39596E+02 -0.14062E+02 -0.74769E+04 -0.35178E+04 -0.16019E+04  0.00000E+00  0.00000E+00  0.30332E+02  0.25140E+02  0.71496E+01   1318  0.00000E+00      0.000
     519.0000  0.00000E+00  0.41148E+00 -0.15571E-08  0.00000E+00 -0.39087E-04  0.10729E+02  0.78705E+02 -0.17990E+02  0.39596E+02 -0.14063E+02 -0.73542E+04 -0.35084E+04 -0.16019E+04  0.00000E+00  0.00000E+00  0.30332E+02  0.25140E+02  0.71496E+01   1320  0.00000E+00      0.000
     520.0000  0.00000E+00  0.46482E+00 -0.50059E-08  0.00000E+00 -0.39097E-04  0.10729E+02  0.79169E+02 -0.17990E+02  0.39596E+02 -0.14063E+02 -0.72340E+04 -0.34991E+04 -0.16019E+04  0.00000E+00  0.00000E+00  0.30332E+02  0.25140E+02  0.71496E+01   1322  0.00000E+00      0.000
     521.0000  0.00000E+00  0.47752E+00  0.64902E-08  0.00000E+00 -0.39093E-04  0.10729E+02  0.79647E+02 -0.17990E+02  0.39596E+02 -0.14063E+02 -0.71167E+04 -0.34898E+04 -0.16019E+04  0.00000E+00  0.00000E+00  0.30332E+02  0.25140E+02  0.71496E+01   1324  0.00000E+00      0.000
     522.0000  0.00000E+00  0.44450E+00 -0.11059E-08  0.00000E+00 -0.39097E-04  0.10729E+02  0.80091E+02 -0.17990E+02  0.39596E+02 -0.14063E+02 -0.70028E+04 -0.34805E+04 -0.16019E+04  0.00000E+00  0.00000E+00  0.30332E+02  0.25140E+02  0.71496E+01   1326  0.00000E+00      0.000
     523.0000  0.00000E+00  0.44196E+00 -0.10477E-08  0.00000E+00 -0.39092E-04  0.10729E+02  0.80533E+02 -0.17990E+02  0.39596E+02 -0.14063E+02 -0.68923E+04 -0.34713E+04 -0.16019E+04  0.00000E+00  0.00000E+00  0.30332E+02  0.25140E+02  0.71496E+01   1328  0.00000E+00      0.000
     524.0000  0.00000E+00  0.42672E+00 -0.12806E-08  0.00000E+00 -0.39102E-04  0.10729E+02  0.80960E+02 -0.17990E+02  0.39596E+02 -0.14063E+02 -0.67854E+04 -0.34620E+04 -0.16019E+04  0.00000E+00  0.00000E+00  0.30332E+02  0.25140E+02  0.71496E+01   1330  0.00000E+00      0.000
     525.0000  0.00000E+00  0.41656E+00 -0.26193E-09  0.00000E+00 -0.39097E-04  0.10729E+02  0.81377E+02 -0.17990E+02  0.39596E+02 -0.14063E+02 -0.66820E+04 -0.34528E+04 -0.16019E+04  0.00000E+00  0.00000E+00  0.30332E+02  0.25140E+02  0.71496E+01   1332  0.00000E+00      0.000
     526.0000  0.00000E+00  0.39878E+00  0.69704E-08  0.00000E+00 -0.39102E-04  0.10729E+02  0.81775E+02 -0.17990E+02  0.39596E+02 -0.14063E+02 -0.65820E+04 -0.34436E+04 -0.16019E+04  0.00000E+00  0.00000E+00  0.30332E+02  0.25140E+02  0.71496E+01   1334  0.00000E+00      0.000
     527.0000  0.00000E+00  0.45974E+00 -0.69849E-08  0.00000E+00 -0.39091E-04  0.10729E+02  0.82235E+02 -0.17990E+02  0.39596E+02 -0.14063E+02 -0.64870E+04 -0.34350E+04 -0.16019E+04  0.00000E+00  0.00000E+00  0.30332E+02  0.25140E+02  0.71496E+01   1336  0.00000E+00      0.000
     528.0000  0.00000E+00  0.55118E+00 -0.65047E-08  0.00000E+00 -0.39092E-04  0.10729E+02  0.82786E+02 -0.17990E+02  0.39596E+02 -0.14063E+02 -0.63990E+04 -0.34269E+04 -0.16019E+04  0.00000E+00  0.00000E+00  0.30332E+02  0.25140E+02  0.71496E+01   1338  0.00000E+00      0.000
     529.0000 -0.15240E+01  0.52070E+00 -0.15240E+01  0.32628E+00 -0.39058E-04  0.92050E+01  0.83307E+02 -0.19514E+02  0.39782E+02 -0.14063E+02 -0.83959E+02 -0.15354E+04 -0.16019E+04  0.00000E+00  0.00000E+00  0.31678E+02  0.26664E+02  0.71496E+01   1388  0.00000E+00      0.000
     530.0000 -0.15240E+01  0.45466E+00 -0.15240E+01  0.41543E+00 -0.39063E-04  0.76810E+01  0.83762E+02 -0.21038E+02  0.40146E+02 -0.14063E+02 -0.59260E+02 -0.70552E+03 -0.16019E+04  0.00000E+00  0.00000E+00  0.32842E+02  0.28188E+02  0.71496E+01   1410  0.00000E+00      0.000
     531.0000 -0.15240E+01  0.41656E+00 -0.15240E+01  0.41655E+00 -0.39067E-04  0.61570E+01  0.84178E+02 -0.22562E+02  0.40552E+02 -0.14063E+02 -0.48223E+02 -0.15094E+03 -0.16019E+04  0.00000E+00  0.00000E+00  0.33961E+02  0.29712E+02  0.71496E+01   1426  0.00000E+00      0.000
     532.0000 -0.16498E+01  0.32766E+00 -0.16498E+01  0.32766E+00 -0.39063E-04  0.45072E+01  0.84506E+02 -0.24212E+02  0.40880E+02 -0.14063E+02 -0.37299E+02 -0.71289E+02 -0.16019E+04  0.00000E+00  0.00000E+00  0.35276E+02  0.31361E+02  0.71496E+01   1440  0.00000E+00      0.000
     533.0000 -0.15852E+01  0.43180E+00 -0.15852E+01  0.43180E+00 -0.39087E-04  0.29220E+01  0.84938E+02 -0.25797E+02  0.41312E+02 -0.14063E+02 -0.35086E+02 -0.55996E+02 -0.16019E+04  0.00000E+00  0.00000E+00  0.36437E+02  0.32947E+02  0.71496E+01   1454  0.00000E+00      0.000
     534.0000 -0.35933E+01  0.96520E-01 -0.35933E+01  0.96520E-01 -0.39058E-04 -0.67129E+00  0.85034E+02 -0.29390E+02  0.41408E+02 -0.14063E+02 -0.73461E+01 -0.11823E+02 -0.16019E+04  0.00000E+00  0.00000E+00  0.39909E+02  0.36540E+02  0.71496E+01   1472  0.00000E+00      0.000
     535.0000  0.00000E+00  0.23368E+00  0.47963E-06  0.23368E+00 -0.39058E-04 -0.67129E+00  0.85268E+02 -0.29390E+02  0.41642E+02 -0.14063E+02 -0.69622E+02 -0.63125E+02 -0.16019E+04  0.00000E+00  0.00000E+00  0.39680E+02  0.36540E+02  0.71496E+01   1497  0.00000E+00      0.000
     536.0000  0.00000E+00  0.37592E+00 -0.60536E-07  0.37592E+00 -0.39077E-04 -0.67129E+00  0.85644E+02 -0.29390E+02  0.42018E+02 -0.14063E+02 -0.10726E+03 -0.96445E+02 -0.16019E+04  0.00000E+00  0.00000E+00  0.39313E+02  0.36540E+02  0.71496E+01   1509  0.00000E+00      0.000
     537.0000  0.00000E+00  0.41910E+00  0.81956E-07  0.41910E+00 -0.39115E-04 -0.67129E+00  0.86063E+02 -0.29390E+02  0.42437E+02 -0.14063E+02 -0.14973E+03 -0.13169E+03 -0.16019E+04  0.00000E+00  0.00000E+00  0.38898E+02  0.36540E+02  0.71496E+01   1516  0.00000E+00      0.000
     538.0000  0.00000E+00  0.33528E+00  0.47497E-07  0.33528E+00 -0.39110E-04 -0.67129E+00  0.86398E+02 -0.29390E+02  0.42772E+02 -0.14063E+02 -0.19033E+03 -0.16447E+03 -0.16019E+04  0.00000E+00  0.00000E+00  0.38549E+02  0.36540E+02  0.71496E+01   1521  0.00000E+00      0.000
     539.0000  0.00000E+00  0.42672E+00  0.67987E-07  0.42672E+00 -0.39099E-04 -0.67129E+00  0.86825E+02 -0.29390E+02  0.43199E+02 -0.14063E+02 -0.25503E+03 -0.20973E+03 -0.16019E+04  0.00000E+00  0.00000E+00  0.38153E+02  0.36540E+02  0.71496E+01   1524  0.00000E+00      0.000
     540.0000  0.00000E+00  0.55626E+00  0.27940E-07  0.55626E+00 -0.39094E-04 -0.67129E+00  0.87381E+02 -0.29390E+02  0.43755E+02 -0.14063E+02 -0.39464E+03 -0.29331E+03 -0.16019E+04  0.00000E+00  0.00000E+00  0.37640E+02  0.36540E+02  0.71496E+01   1527  0.00000E+00      0.000
     541.0000  0.00000E+00  0.49022E+00  0.00000E+00  0.45595E+00 -0.39097E-04 -0.67129E+00  0.87871E+02 -0.29390E+02  0.44227E+02 -0.14063E+02 -0.67702E+03 -0.43359E+03 -0.16019E+04  0.00000E+00  0.00000E+00  0.37118E+02  0.36540E+02  0.71496E+01   1529  0.00000E+00      0.000
     542.0000  0.00000E+00  0.41148E+00 -0.27940E-08  0.30931E+00 -0.39097E-04 -0.67129E+00  0.88283E+02 -0.29390E+02  0.44560E+02 -0.14063E+02 -0.10408E+04 -0.60838E+03 -0.16019E+04  0.00000E+00  0.00000E+00  0.36712E+02  0.36540E+02  0.71496E+01   1531  0.00000E+00      0.000
     543.0000  0.00000E+00  0.44196E+00  0.18626E-08  0.24637E+00 -0.39091E-04 -0.67129E+00  0.88725E+02 -0.29390E+02  0.44824E+02 -0.14063E+02 -0.13127E+04 -0.76002E+03 -0.16019E+04  0.00000E+00  0.00000E+00  0.36416E+02  0.36540E+02  0.71496E+01   1533  0.00000E+00      0.000
     544.0000  0.00000E+00  0.32258E+00  0.38417E-08  0.16024E+00 -0.39091E-04 -0.67129E+00  0.89047E+02 -0.29390E+02  0.44991E+02 -0.14063E+02 -0.14683E+04 -0.86383E+03 -0.16019E+04  0.00000E+00  0.00000E+00  0.36205E+02  0.36540E+02  0.71496E+01   1535  0.00000E+00      0.000
     545.0000  0.00000E+00  0.21844E+00 -0.49477E-08  0.10502E+00 -0.39101E-04 -0.67129E+00  0.89266E+02 -0.29390E+02  0.45098E+02 -0.14064E+02 -0.15346E+04 -0.91053E+03 -0.16019E+04  0.00000E+00  0.00000E+00  0.36071E+02  0.36540E+02  0.71496E+01   1537  0.00000E+00      0.000
     546.0000  0.00000E+00  0.37592E+00 -0.45693E-08  0.14521E+00 -0.39091E-04 -0.67129E+00  0.89642E+02 -0.29390E+02  0.45250E+02 -0.14064E+02 -0.15695E+04 -0.96336E+03 -0.16019E+04  0.00000E+00  0.00000E+00  0.35939E+02  0.36540E+02  0.71496E+01   1539  0.00000E+00      0.000
     547.0000  0.00000E+00  0.26924E+00 -0.54715E-08  0.99355E-01 -0.39101E-04 -0.67129E+00  0.89911E+02 -0.29390E+02  0.45351E+02 -0.14064E+02 -0.15881E+04 -0.10144E+04 -0.16019E+04  0.00000E+00  0.00000E+00  0.35815E+02  0.36540E+02  0.71496E+01   1541  0.00000E+00      0.000
     548.0000  0.00000E+00  0.37084E+00 -0.16080E-08  0.18486E+00 -0.39091E-04 -0.67129E+00  0.90282E+02 -0.29390E+02  0.45525E+02 -0.14064E+02 -0.15953E+04 -0.81348E+03 -0.16020E+04  0.00000E+00  0.00000E+00  0.35684E+02  0.36540E+02  0.71496E+01   1543  0.00000E+00      0.000
     549.0000 -0.13970E+01  0.42672E+00 -0.13970E+01  0.39807E+00 -0.39043E-04 -0.20683E+01  0.90709E+02 -0.30787E+02  0.45856E+02 -0.14064E+02 -0.80365E+02 -0.44549E+03 -0.16020E+04  0.00000E+00  0.00000E+00  0.36757E+02  0.37937E+02  0.71496E+01   1575  0.00000E+00      0.000
     550.0000  0.00000E+00  0.24638E+00 -0.13039E-07  0.24638E+00 -0.39086E-04 -0.20683E+01  0.90955E+02 -0.30787E+02  0.46101E+02 -0.14064E+02 -0.24238E+03 -0.41022E+03 -0.16020E+04  0.00000E+00  0.00000E+00  0.36503E+02  0.37937E+02  0.71496E+01   1585  0.00000E+00      0.000
     551.0000 -0.28059E+01  0.35814E+00 -0.28059E+01  0.35814E+00 -0.39043E-04 -0.48742E+01  0.91313E+02 -0.33593E+02  0.46460E+02 -0.14064E+02 -0.24247E+02 -0.17979E+03 -0.16020E+04  0.00000E+00  0.00000E+00  0.38958E+02  0.40743E+02  0.71496E+01   1610  0.00000E+00      0.000
     552.0000  0.00000E+00  0.37592E+00 -0.25705E-06  0.37592E+00 -0.39098E-04 -0.48742E+01  0.91689E+02 -0.33593E+02  0.46835E+02 -0.14064E+02 -0.11439E+03 -0.15029E+03 -0.16020E+04  0.00000E+00  0.00000E+00  0.38583E+02  0.40743E+02  0.71496E+01   1621  0.00000E+00      0.000
     553.0000 -0.29623E+01  0.34798E+00 -0.29623E+01  0.34798E+00 -0.39086E-04 -0.78365E+01  0.92037E+02 -0.36555E+02  0.47183E+02 -0.14064E+02 -0.15369E+02 -0.46326E+02 -0.16020E+04  0.00000E+00  0.00000E+00  0.41192E+02  0.43705E+02  0.71496E+01   1630  0.00000E+00      0.000
     554.0000  0.00000E+00  0.44450E+00 -0.24773E-06  0.44450E+00 -0.39090E-04 -0.78365E+01  0.92481E+02 -0.36555E+02  0.47628E+02 -0.14064E+02 -0.84812E+02 -0.82569E+02 -0.16020E+04  0.00000E+00  0.00000E+00  0.40757E+02  0.43705E+02  0.71496E+01   1638  0.00000E+00      0.000
     555.0000 -0.27940E+01  0.46228E+00 -0.27940E+01  0.46228E+00 -0.39076E-04 -0.10630E+02  0.92944E+02 -0.39349E+02  0.48090E+02 -0.14064E+02 -0.14395E+02 -0.29521E+02 -0.16020E+04  0.00000E+00  0.00000E+00  0.43091E+02  0.46499E+02  0.71496E+01   1647  0.00000E+00      0.000
     556.0000  0.00000E+00  0.45720E+00  0.41910E-06  0.45720E+00 -0.39086E-04 -0.10630E+02  0.93401E+02 -0.39349E+02  0.48547E+02 -0.14064E+02 -0.74942E+02 -0.67026E+02 -0.16020E+04  0.00000E+00  0.00000E+00  0.42633E+02  0.46499E+02  0.71496E+01   1653  0.00000E+00      0.000
     557.0000 -0.27940E+01  0.47752E+00 -0.27940E+01  0.47752E+00 -0.39098E-04 -0.13424E+02  0.93878E+02 -0.42143E+02  0.49025E+02 -0.14064E+02 -0.13115E+02 -0.23403E+02 -0.16020E+04  0.00000E+00  0.00000E+00  0.44953E+02  0.49293E+02  0.71496E+01   1660  0.00000E+00      0.000
     558.0000 -0.14413E+01  0.43180E+00 -0.14413E+01  0.43180E+00 -0.39090E-04 -0.14866E+02  0.94310E+02 -0.43585E+02  0.49457E+02 -0.14064E+02 -0.24616E+02 -0.29864E+02 -0.16020E+04  0.00000E+00  0.00000E+00  0.45955E+02  0.50734E+02  0.71496E+01   1665  0.00000E+00      0.000
     559.0000  0.00000E+00  0.43688E+00  0.12293E-06  0.43688E+00 -0.39108E-04 -0.14866E+02  0.94747E+02 -0.43585E+02  0.49894E+02 -0.14064E+02 -0.71401E+02 -0.60172E+02 -0.16020E+04  0.00000E+00  0.00000E+00  0.45519E+02  0.50734E+02  0.71496E+01   1670  0.00000E+00      0.000
     560.0000  0.00000E+00  0.44958E+00  0.30082E-06  0.44958E+00 -0.39095E-04 -0.14866E+02  0.95197E+02 -0.43585E+02  0.50343E+02 -0.14064E+02 -0.99659E+02 -0.83744E+02 -0.16020E+04  0.00000E+00  0.00000E+00  0.45072E+02  0.50734E+02  0.71496E+01   1675  0.00000E+00      0.000
     561.0000  0.00000E+00  0.42672E+00 -0.17975E-06  0.42672E+00 -0.39080E-04 -0.14866E+02  0.95623E+02 -0.43585E+02  0.50770E+02 -0.14064E+02 -0.12728E+03 -0.10586E+03 -0.16020E+04  0.00000E+00  0.00000E+00  0.44641E+02  0.50734E+02  0.71496E+01   1679  0.00000E+00      0.000
     562.0000  0.00000E+00  0.48260E+00 -0.18626E-06  0.48260E+00 -0.39096E-04 -0.14866E+02  0.96106E+02 -0.43585E+02  0.51253E+02 -0.14064E+02 -0.16250E+03 -0.13152E+03 -0.16020E+04  0.00000E+00  0.00000E+00  0.44172E+02  0.50734E+02  0.71496E+01   1683  0.00000E+00      0.000
     563.0000  0.00000E+00  0.46228E+00  0.37253E-07  0.46228E+00 -0.39107E-04 -0.14866E+02  0.96568E+02 -0.43585E+02  0.51715E+02 -0.14064E+02 -0.20565E+03 -0.16056E+03 -0.16020E+04  0.00000E+00  0.00000E+00  0.43703E+02  0.50734E+02  0.71496E+01   1686  0.00000E+00      0.000
     564.0000  0.00000E+00  0.45212E+00 -0.93132E-09  0.45212E+00 -0.39093E-04 -0.14866E+02  0.97020E+02 -0.43585E+02  0.52167E+02 -0.14064E+02 -0.25981E+03 -0.19392E+03 -0.16020E+04  0.00000E+00  0.00000E+00  0.43248E+02  0.50734E+02  0.71496E+01   1689  0.00000E+00      0.000
     565.0000  0.00000E+00  0.37592E+00 -0.15367E-07  0.37592E+00 -0.39100E-04 -0.14866E+02  0.97396E+02 -0.43585E+02  0.52543E+02 -0.14064E+02 -0.32363E+03 -0.22989E+03 -0.16020E+04  0.00000E+00  0.00000E+00  0.42834E+02  0.50734E+02  0.71496E+01   1691  0.00000E+00      0.000
     566.0000  0.00000E+00  0.40894E+00  0.20023E-07  0.40894E+00 -0.39095E-04 -0.14866E+02  0.97805E+02 -0.43585E+02  0.52952E+02 -0.14064E+02 -0.40363E+03 -0.27170E+03 -0.16020E+04  0.00000E+00  0.00000E+00  0.42441E+02  0.50734E+02  0.71496E+01   1693  0.00000E+00      0.000
     567.0000  0.00000E+00  0.41402E+00 -0.27940E-08  0.41402E+00 -0.39100E-04 -0.14866E+02  0.98219E+02 -0.43585E+02  0.53366E+02 -0.14064E+02 -0.52781E+03 -0.32940E+03 -0.16020E+04  0.00000E+00  0.00000E+00  0.42030E+02  0.50734E+02  0.71496E+01   1695  0.00000E+00      0.000
     568.0000  0.00000E+00  0.37084E+00 -0.18626E-07  0.36265E+00 -0.39089E-04 -0.14866E+02  0.98590E+02 -0.43585E+02  0.53733E+02 -0.14064E+02 -0.70383E+03 -0.40278E+03 -0.16020E+04  0.00000E+00  0.00000E+00  0.41637E+02  0.50734E+02  0.71496E+01   1697  0.00000E+00      0.000
     569.0000  0.00000E+00  0.38608E+00  0.46566E-09  0.34026E+00 -0.39100E-04 -0.14866E+02  0.98976E+02 -0.43585E+02  0.54083E+02 -0.14064E+02 -0.91426E+03 -0.49215E+03 -0.16020E+04  0.00000E+00  0.00000E+00  0.41276E+02  0.50734E+02  0.71496E+01   1699  0.00000E+00      0.000
     570.0000  0.00000E+00  0.48260E+00  0.18626E-08  0.34362E+00 -0.39089E-04 -0.14866E+02  0.99459E+02 -0.43585E+02  0.54444E+02 -0.14064E+02 -0.11501E+04 -0.60595E+03 -0.16020E+04  0.00000E+00  0.00000E+00  0.40916E+02  0.50734E+02  0.71496E+01   1701  0.00000E+00      0.000
     571.0000  0.00000E+00  0.55626E+00 -0.65193E-08  0.30811E+00 -0.39100E-04 -0.14866E+02  0.10002E+03 -0.43585E+02  0.54774E+02 -0.14065E+02 -0.13714E+04 -0.73665E+03 -0.16020E+04  0.00000E+00  0.00000E+00  0.40568E+02  0.50734E+02  0.71496E+01   1703  0.00000E+00      0.000
     572.0000  0.00000E+00  0.58928E+00 -0.74506E-08  0.25587E+00 -0.39100E-04 -0.14866E+02  0.10060E+03 -0.43585E+02  0.55046E+02 -0.14065E+02 -0.14948E+04 -0.84591E+03 -0.16020E+04  0.00000E+00  0.00000E+00  0.40270E+02  0.50734E+02  0.71496E+01   1705  0.00000E+00      0.000
     573.0000  0.00000E+00  0.47244E+00 -0.45984E-08  0.17572E+00 -0.39090E-04 -0.14866E+02  0.10108E+03 -0.43585E+02  0.55229E+02 -0.14065E+02 -0.15542E+04 -0.91913E+03 -0.16020E+04  0.00000E+00  0.00000E+00  0.40048E+02  0.50734E+02  0.71496E+01   1707  0.00000E+00      0.000
     574.0000  0.00000E+00  0.40640E+00  0.30268E-08  0.13996E+00 -0.39094E-04 -0.14866E+02  0.10148E+03 -0.43585E+02  0.55372E+02 -0.14065E+02 -0.15851E+04 -0.96369E+03 -0.16020E+04  0.00000E+00  0.00000E+00  0.39886E+02  0.50734E+02  0.71496E+01   1709  0.00000E+00      0.000
     575.0000  0.00000E+00  0.34290E+00 -0.16298E-08  0.11382E+00 -0.39094E-04 -0.14866E+02  0.10183E+03 -0.43585E+02  0.55487E+02 -0.14065E+02 -0.15958E+04 -0.99216E+03 -0.16020E+04  0.00000E+00  0.00000E+00  0.39758E+02  0.50734E+02  0.71496E+01   1711  0.00000E+00      0.000
     576.0000  0.00000E+00  0.44196E+00  0.38508E-08  0.12853E+00 -0.39094E-04 -0.14866E+02  0.10227E+03 -0.43585E+02  0.55619E+02 -0.14065E+02 -0.15995E+04 -0.10215E+04 -0.16020E+04  0.00000E+00  0.00000E+00  0.39634E+02  0.50734E+02  0.71496E+01   1713  0.00000E+00      0.000
     577.0000  0.00000E+00  0.38100E+00  0.53569E-08  0.10689E+00 -0.39094E-04 -0.14866E+02  0.10265E+03 -0.43585E+02  0.55728E+02 -0.14065E+02 -0.16009E+04 -0.10488E+04 -0.16020E+04  0.00000E+00  0.00000E+00  0.39514E+02  0.50734E+02  0.71496E+01   1715  0.00000E+00      0.000
     578.0000  0.00000E+00  0.46990E+00 -0.14306E-08  0.11509E+00 -0.39084E-04 -0.14866E+02  0.10312E+03 -0.43585E+02  0.55845E+02 -0.14065E+02 -0.16016E+04 -0.10765E+04 -0.16020E+04  0.00000E+00  0.00000E+00  0.39400E+02  0.50734E+02  0.71496E+01   1717  0.00000E+00      0.000
     579.0000  0.00000E+00  0.41402E+00 -0.93960E-08  0.97462E-01 -0.39084E-04 -0.14866E+02  0.10353E+03 -0.43585E+02  0.55945E+02 -0.14065E+02 -0.16021E+04 -0.11024E+04 -0.16020E+04  0.00000E+00  0.00000E+00  0.39292E+02  0.50734E+02  0.71496E+01   1719  0.00000E+00      0.000
     580.0000  0.00000E+00  0.42926E+00 -0.42469E-08  0.93369E-01 -0.39094E-04 -0.14866E+02  0.10396E+03 -0.43585E+02  0.56040E+02 -0.14065E+02 -0.16024E+04 -0.11244E+04 -0.16020E+04  0.00000E+00  0.00000E+00  0.39195E+02  0.50734E+02  0.71496E+01   1721  0.00000E+00      0.000
     581.0000  0.00000E+00  0.36322E+00  0.22681E-08  0.78202E-01 -0.39093E-04 -0.14866E+02  0.10433E+03 -0.43585E+02  0.56119E+02 -0.14065E+02 -0.16027E+04 -0.11422E+04 -0.16020E+04  0.00000E+00  0.00000E+00  0.39108E+02  0.50734E+02  0.71496E+01   1723  0.00000E+00      0.000
     582.0000  0.00000E+00  0.13208E+00  0.40495E-08  0.33336E-01 -0.39098E-04 -0.14866E+02  0.10446E+03 -0.43585E+02  0.56152E+02 -0.14065E+02 -0.16030E+04 -0.11430E+04 -0.16020E+04  0.00000E+00  0.00000E+00  0.39053E+02  0.50734E+02  0.71496E+01   1725  0.00000E+00      0.000
     583.0000  0.00000E+00  0.33274E+00 -0.58435E-10  0.73724E-01 -0.39096E-04 -0.14866E+02  0.10479E+03 -0.43585E+02  0.56226E+02 -0.14065E+02 -0.16032E+04 -0.11457E+04 -0.16020E+04  0.00000E+00  0.00000E+00  0.38999E+02  0.50734E+02  0.71496E+01   1727  0.00000E+00      0.000
     584.0000  0.00000E+00  0.34544E+00 -0.38576E-08  0.72191E-01 -0.39099E-04 -0.14866E+02  0.10514E+03 -0.43585E+02  0.56299E+02 -0.14065E+02 -0.16034E+04 -0.11614E+04 -0.16020E+04  0.00000E+00  0.00000E+00  0.38925E+02  0.50734E+02  0.71496E+01   1729  0.00000E+00      0.000
     585.0000  0.00000E+00  0.11938E+00 -0.65559E-08  0.29326E-01 -0.39096E-04 -0.14866E+02  0.10526E+03 -0.43585E+02  0.56328E+02 -0.14065E+02 -0.16036E+04 -0.11624E+04 -0.16020E+04  0.00000E+00  0.00000E+00  0.38874E+02  0.50734E+02  0.71496E+01   1731  0.00000E+00      0.000
     586.0000  0.00000E+00  0.25146E+00  0.35668E-08  0.56799E-01 -0.39094E-04 -0.14866E+02  0.10551E+03 -0.43585E+02  0.56385E+02 -0.14065E+02 -0.16037E+04 -0.11638E+04 -0.16019E+04  0.00000E+00  0.00000E+00  0.38831E+02  0.50734E+02  0.71496E+01   1733  0.00000E+00      0.000
     587.0000  0.00000E+00  0.31242E+00  0.29057E-08  0.65002E-01 -0.39100E-04 -0.14866E+02  0.10582E+03 -0.43585E+02  0.56451E+02 -0.14065E+02 -0.16038E+04 -0.11760E+04 -0.16019E+04  0.00000E+00  0.00000E+00  0.38769E+02  0.50734E+02  0.71496E+01   1735  0.00000E+00      0.000
     588.0000  0.00000E+00  0.31496E+00 -0.35478E-08  0.62148E-01 -0.39108E-04 -0.14866E+02  0.10613E+03 -0.43585E+02  0.56514E+02 -0.14065E+02 -0.16039E+04 -0.11909E+04 -0.16018E+04  0.00000E+00  0.00000E+00  0.38705E+02  0.50734E+02  0.71496E+01   1737  0.00000E+00      0.000
     589.0000  0.00000E+00  0.36576E+00  0.28774E-09  0.65089E-01 -0.39114E-04 -0.14866E+02  0.10650E+03 -0.43585E+02  0.56581E+02 -0.14065E+02 -0.16040E+04 -0.12075E+04 -0.16016E+04  0.00000E+00  0.00000E+00  0.38640E+02  0.50734E+02  0.71496E+01   1739  0.00000E+00      0.000
     590.0000  0.00000E+00  0.37846E+00  0.53999E-08  0.62210E-01 -0.39134E-04 -0.14866E+02  0.10688E+03 -0.43585E+02  0.56644E+02 -0.14065E+02 -0.16042E+04 -0.12247E+04 -0.16014E+04  0.00000E+00  0.00000E+00  0.38575E+02  0.50734E+02  0.71496E+01   1741  0.00000E+00      0.000
     591.0000  0.00000E+00  0.32512E+00 -0.19372E-09  0.52921E-01 -0.39142E-04 -0.14866E+02  0.10720E+03 -0.43585E+02  0.56697E+02 -0.14065E+02 -0.16043E+04 -0.12380E+04 -0.16010E+04  0.00000E+00  0.00000E+00  0.38517E+02  0.50734E+02  0.71496E+01   1743  0.00000E+00      0.000
     592.0000  0.00000E+00  0.32258E+00 -0.22272E-08  0.50404E-01 -0.39166E-04 -0.14866E+02  0.10753E+03 -0.43585E+02  0.56748E+02 -0.14065E+02 -0.16044E+04 -0.12486E+04 -0.16005E+04  0.00000E+00  0.00000E+00  0.38464E+02  0.50734E+02  0.71496E+01   1745  0.00000E+00      0.000
     593.0000  0.00000E+00  0.40386E+00  0.46608E-08  0.55590E-01 -0.39209E-04 -0.14866E+02  0.10793E+03 -0.43585E+02  0.56805E+02 -0.14065E+02 -0.16046E+04 -0.12614E+04 -0.15998E+04  0.00000E+00  0.00000E+00  0.38410E+02  0.50734E+02  0.71496E+01   1747  0.00000E+00      0.000
     594.0000  0.00000E+00  0.38100E+00  0.17042E-09  0.50533E-01 -0.39263E-04 -0.14866E+02  0.10831E+03 -0.43585E+02  0.56856E+02 -0.14065E+02 -0.16047E+04 -0.12739E+04 -0.15988E+04  0.00000E+00  0.00000E+00  0.38357E+02  0.50734E+02  0.71496E+01   1749  0.00000E+00      0.000
     595.0000  0.00000E+00  0.35814E+00 -0.36877E-08  0.46253E-01 -0.39327E-04 -0.14866E+02  0.10867E+03 -0.43585E+02  0.56903E+02 -0.14065E+02 -0.16048E+04 -0.12841E+04 -0.15975E+04  0.00000E+00  0.00000E+00  0.38308E+02  0.50734E+02  0.71496E+01   1751  0.00000E+00      0.000
     596.0000  0.00000E+00  0.37592E+00 -0.81701E-08  0.45697E-01 -0.39435E-04 -0.14866E+02  0.10904E+03 -0.43585E+02  0.56949E+02 -0.14065E+02 -0.16050E+04 -0.12935E+04 -0.15957E+04  0.00000E+00  0.00000E+00  0.38261E+02  0.50734E+02  0.71496E+01   1753  0.00000E+00      0.000
     597.0000  0.00000E+00  0.43434E+00  0.16159E-08  0.47341E-01 -0.39547E-04 -0.14866E+02  0.10948E+03 -0.43585E+02  0.56997E+02 -0.14066E+02 -0.16051E+04 -0.13041E+04 -0.15933E+04  0.00000E+00  0.00000E+00  0.38214E+02  0.50734E+02  0.71496E+01   1755  0.00000E+00      0.000
     598.0000  0.00000E+00  0.34290E+00 -0.35037E-08  0.39201E-01 -0.39717E-04 -0.14866E+02  0.10982E+03 -0.43585E+02  0.57037E+02 -0.14066E+02 -0.16052E+04 -0.13120E+04 -0.15903E+04  0.00000E+00  0.00000E+00  0.38170E+02  0.50734E+02  0.71496E+01   1757  0.00000E+00      0.000
     599.0000  0.00000E+00  0.28956E+00  0.62707E-08  0.34259E-01 -0.39915E-04 -0.14866E+02  0.11011E+03 -0.43585E+02  0.57071E+02 -0.14066E+02 -0.16054E+04 -0.13160E+04 -0.15865E+04  0.00000E+00  0.00000E+00  0.38133E+02  0.50734E+02  0.71496E+01   1759  0.00000E+00      0.000
     600.0000  0.00000E+00  0.31496E+00 -0.14802E-09  0.35791E-01 -0.40158E-04 -0.14866E+02  0.11043E+03 -0.43585E+02  0.57107E+02 -0.14066E+02 -0.16055E+04 -0.13199E+04 -0.15818E+04  0.00000E+00  0.00000E+00  0.38098E+02  0.50734E+02  0.71496E+01   1761  0.00000E+00      0.000
     601.0000  0.00000E+00  0.37846E+00  0.29149E-08  0.39123E-01 -0.40464E-04 -0.14866E+02  0.11080E+03 -0.43585E+02  0.57147E+02 -0.14066E+02 -0.16056E+04 -0.13264E+04 -0.15761E+04  0.00000E+00  0.00000E+00  0.38060E+02  0.50734E+02  0.71496E+01   1763  0.00000E+00      0.000
     602.0000  0.00000E+00  0.34290E+00  0.59541E-08  0.35491E-01 -0.40817E-04 -0.14866E+02  0.11115E+03 -0.43585E+02  0.57182E+02 -0.14066E+02 -0.16058E+04 -0.13328E+04 -0.15692E+04  0.00000E+00  0.00000E+00  0.38023E+02  0.50734E+02  0.71496E+01   1765  0.00000E+00      0.000
     603.0000  0.00000E+00  0.37084E+00 -0.53046E-09  0.36087E-01 -0.41233E-04 -0.14866E+02  0.11152E+03 -0.43585E+02  0.57219E+02 -0.14066E+02 -0.16059E+04 -0.13391E+04 -0.15613E+04  0.00000E+00  0.00000E+00  0.37986E+02  0.50734E+02  0.71496E+01   1767  0.00000E+00      0.000
     604.0000  0.00000E+00  0.34798E+00  0.31182E-08  0.33597E-01 -0.41937E-04 -0.14866E+02  0.11187E+03 -0.43585E+02  0.57253E+02 -0.14066E+02 -0.16060E+04 -0.13448E+04 -0.15533E+04  0.00000E+00  0.00000E+00  0.37951E+02  0.50734E+02  0.71496E+01   1769  0.00000E+00      0.000
     605.0000  0.00000E+00  0.46228E+00  0.67522E-08  0.38062E-01 -0.43150E-04 -0.14866E+02  0.11233E+03 -0.43585E+02  0.57291E+02 -0.14066E+02 -0.16061E+04 -0.13525E+04 -0.15444E+04  0.00000E+00  0.00000E+00  0.37915E+02  0.50734E+02  0.71496E+01   1771  0.00000E+00      0.000
     606.0000  0.00000E+00  0.26416E+00  0.87493E-09  0.26052E-01 -0.44666E-04 -0.14866E+02  0.11259E+03 -0.43585E+02  0.57317E+02 -0.14066E+02 -0.16062E+04 -0.13562E+04 -0.15331E+04  0.00000E+00  0.00000E+00  0.37883E+02  0.50734E+02  0.71496E+01   1773  0.00000E+00      0.000
     607.0000  0.00000E+00  0.39624E+00  0.44821E-08  0.33369E-01 -0.46486E-04 -0.14866E+02  0.11299E+03 -0.43585E+02  0.57351E+02 -0.14066E+02 -0.16064E+04 -0.13602E+04 -0.15194E+04  0.00000E+00  0.00000E+00  0.37853E+02  0.50734E+02  0.71496E+01   1775  0.00000E+00      0.000
     608.0000  0.00000E+00  0.36576E+00 -0.14173E-08  0.30770E-01 -0.48624E-04 -0.14866E+02  0.11336E+03 -0.43585E+02  0.57382E+02 -0.14066E+02 -0.16065E+04 -0.13655E+04 -0.15033E+04  0.00000E+00  0.00000E+00  0.37820E+02  0.50734E+02  0.71496E+01   1777  0.00000E+00      0.000
     609.0000  0.00000E+00  0.30480E+00  0.75740E-08  0.26874E-01 -0.51083E-04 -0.14866E+02  0.11366E+03 -0.43585E+02  0.57409E+02 -0.14066E+02 -0.16066E+04 -0.13687E+04 -0.14846E+04  0.00000E+00  0.00000E+00  0.37791E+02  0.50734E+02  0.71496E+01   1779  0.00000E+00      0.000
     610.0000  0.00000E+00  0.28956E+00  0.16539E-08  0.68191E+01 -0.53875E-04 -0.14866E+02  0.11395E+03 -0.43585E+02  0.60818E+02 -0.14066E+02 -0.16067E+04 -0.69291E+03 -0.14634E+04  0.00000E+00  0.00000E+00  0.37778E+02  0.50734E+02  0.71496E+01   1781  0.00000E+00      0.000
     611.0000  0.00000E+00  0.30226E+00  0.24691E-08  0.17050E+01 -0.45249E-04 -0.14866E+02  0.11425E+03 -0.43585E+02  0.63376E+02 -0.14066E+02 -0.16068E+04 -0.12019E+04 -0.15165E+04  0.00000E+00  0.00000E+00  0.32663E+02  0.50734E+02  0.71496E+01   1783  0.00000E+00      0.000
     612.0000  0.00000E+00  0.29718E+00 -0.28494E-08  0.42647E+00 -0.40891E-04 -0.14866E+02  0.11455E+03 -0.43585E+02  0.64015E+02 -0.14066E+02 -0.16069E+04 -0.14791E+04 -0.15587E+04  0.00000E+00  0.00000E+00  0.31385E+02  0.50734E+02  0.71496E+01   1785  0.00000E+00      0.000
     613.0000  0.00000E+00  0.29464E+00  0.47221E-08  0.10646E+00 -0.39680E-04 -0.14866E+02  0.11484E+03 -0.43585E+02  0.64175E+02 -0.14066E+02 -0.16070E+04 -0.15675E+04 -0.15862E+04  0.00000E+00  0.00000E+00  0.31065E+02  0.50734E+02  0.71496E+01   1787  0.00000E+00      0.000
     614.0000  0.00000E+00  0.28956E+00  0.11027E-07  0.24823E-01 -0.39218E-04 -0.14866E+02  0.11513E+03 -0.43585E+02  0.64214E+02 -0.14066E+02 -0.16071E+04 -0.15961E+04 -0.15976E+04  0.00000E+00  0.00000E+00  0.30985E+02  0.50734E+02  0.71496E+01   1789  0.00000E+00      0.000
     615.0000  0.00000E+00  0.30226E+00  0.58883E-08  0.00000E+00 -0.39154E-04 -0.14866E+02  0.11544E+03 -0.43585E+02  0.64218E+02 -0.14066E+02 -0.16073E+04 -0.16021E+04 -0.16003E+04  0.00000E+00  0.00000E+00  0.30969E+02  0.50734E+02  0.71496E+01   1791  0.00000E+00      0.000
     616.0000  0.00000E+00  0.29210E+00 -0.59772E-08  0.00000E+00 -0.39138E-04 -0.14866E+02  0.11573E+03 -0.43585E+02  0.64218E+02 -0.14066E+02 -0.16074E+04 -0.16023E+04 -0.16009E+04  0.00000E+00  0.00000E+00  0.30969E+02  0.50734E+02  0.71496E+01   1793  0.00000E+00      0.000
     617.0000  0.00000E+00  0.28448E+00  0.46396E-09  0.00000E+00 -0.39140E-04 -0.14866E+02  0.11601E+03 -0.43585E+02  0.64218E+02 -0.14066E+02 -0.16076E+04 -0.16023E+04 -0.16011E+04  0.00000E+00  0.00000E+00  0.30969E+02  0.50734E+02  0.71496E+01   1795  0.00000E+00      0.000
     618.0000  0.00000E+00  0.39624E+00  0.62323E-08  0.00000E+00 -0.39123E-04 -0.14866E+02  0.11641E+03 -0.43585E+02  0.64218E+02 -0.14066E+02 -0.16078E+04 -0.16023E+04 -0.16012E+04  0.00000E+00  0.00000E+00  0.30969E+02  0.50734E+02  0.71496E+01   1797  0.00000E+00      0.000
     619.0000  0.00000E+00  0.18288E+00  0.11530E-08  0.00000E+00 -0.39134E-04 -0.14866E+02  0.11659E+03 -0.43585E+02  0.64218E+02 -0.14066E+02 -0.16079E+04 -0.16023E+04 -0.16013E+04  0.00000E+00  0.00000E+00  0.30969E+02  0.50734E+02  0.71496E+01   1799  0.00000E+00      0.000
     620.0000  0.00000E+00  0.15240E+00 -0.46240E-08  0.00000E+00 -0.39127E-04 -0.14866E+02  0.11674E+03 -0.43585E+02  0.64218E+02 -0.14067E+02 -0.16081E+04 -0.16023E+04 -0.16014E+04  0.00000E+00  0.00000E+00  0.30969E+02  0.50734E+02  0.71496E+01   1801  0.00000E+00      0.000
     621.0000  0.00000E+00  0.63500E-01  0.44508E-09  0.00000E+00 -0.39124E-04 -0.14866E+02  0.11681E+03 -0.43585E+02  0.64218E+02 -0.14067E+02 -0.16082E+04 -0.16023E+04 -0.16014E+04  0.00000E+00  0.00000E+00  0.30969E+02  0.50734E+02  0.71496E+01   1803  0.00000E+00      0.000
     622.0000  0.00000E+00  0.23876E+00  0.48126E-08  0.00000E+00 -0.39122E-04 -0.14866E+02  0.11705E+03 -0.43585E+02  0.64218E+02 -0.14067E+02 -0.16084E+04 -0.16023E+04 -0.16015E+04  0.00000E+00  0.00000E+00  0.30969E+02  0.50734E+02  0.71496E+01   1805  0.00000E+00      0.000
     623.0000  0.00000E+00  0.35814E+00  0.37350E-08  0.00000E+00 -0.39123E-04 -0.14866E+02  0.11740E+03 -0.43585E+02  0.64218E+02 -0.14067E+02 -0.16085E+04 -0.16024E+04 -0.16015E+04  0.00000E+00  0.00000E+00  0.30969E+02  0.50734E+02  0.71496E+01   1807  0.00000E+00      0.000
     624.0000  0.00000E+00  0.17272E+00 -0.13902E-08  0.00000E+00 -0.39114E-04 -0.14866E+02  0.11758E+03 -0.43585E+02  0.64218E+02 -0.14067E+02 -0.16087E+04 -0.16024E+04 -0.16015E+04  0.00000E+00  0.00000E+00  0.30969E+02  0.50734E+02  0.71496E+01   1809  0.00000E+00      0.000
     625.0000  0.00000E+00  0.19812E+00  0.22384E-08  0.00000E+00 -0.39111E-04 -0.14866E+02  0.11777E+03 -0.43585E+02  0.64218E+02 -0.14067E+02 -0.16088E+04 -0.16024E+04 -0.16015E+04  0.00000E+00  0.00000E+00  0.30969E+02  0.50734E+02  0.71496E+01   1811  0.00000E+00      0.000
     626.0000  0.00000E+00  0.16764E+00 -0.29062E-08  0.00000E+00 -0.39109E-04 -0.14866E+02  0.11794E+03 -0.43585E+02  0.64218E+02 -0.14067E+02 -0.16090E+04 -0.16024E+04 -0.16016E+04  0.00000E+00  0.00000E+00  0.30969E+02  0.50734E+02  0.71496E+01   1813  0.00000E+00      0.000
     627.0000  0.00000E+00  0.88900E-01  0.14036E-08  0.00000E+00 -0.39117E-04 -0.14866E+02  0.11803E+03 -0.43585E+02  0.64218E+02 -0.14067E+02 -0.16091E+04 -0.16024E+04 -0.16016E+04  0.00000E+00  0.00000E+00  0.30969E+02  0.50734E+02  0.71496E+01   1815  0.00000E+00      0.000
     628.0000  0.00000E+00  0.24384E+00  0.97350E-09  0.00000E+00 -0.39115E-04 -0.14866E+02  0.11828E+03 -0.43585E+02  0.64218E+02 -0.14067E+02 -0.16092E+04 -0.16024E+04 -0.16016E+04  0.00000E+00  0.00000E+00  0.30969E+02  0.50734E+02  0.71496E+01   1817  0.00000E+00      0.000
     629.0000  0.00000E+00  0.34544E+00 -0.18019E-09  0.00000E+00 -0.39104E-04 -0.14866E+02  0.11862E+03 -0.43585E+02  0.64218E+02 -0.14067E+02 -0.16094E+04 -0.16024E+04 -0.16016E+04  0.00000E+00  0.00000E+00  0.30969E+02  0.50734E+02  0.71496E+01   1819  0.00000E+00      0.000
     630.0000  0.00000E+00  0.19558E+00 -0.63073E-09  0.00000E+00 -0.39108E-04 -0.14866E+02  0.11882E+03 -0.43585E+02  0.64218E+02 -0.14067E+02 -0.16095E+04 -0.16024E+04 -0.16016E+04  0.00000E+00  0.00000E+00  0.30968E+02  0.50734E+02  0.71496E+01   1821  0.00000E+00      0.000
     631.0000  0.00000E+00  0.32258E+00  0.36375E-08  0.00000E+00 -0.39106E-04 -0.14866E+02  0.11914E+03 -0.43585E+02  0.64218E+02 -0.14067E+02 -0.16096E+04 -0.16025E+04 -0.16016E+04  0.00000E+00  0.00000E+00  0.30968E+02  0.50734E+02  0.71496E+01   1823  0.00000E+00      0.000
     632.0000  0.00000E+00  0.26670E+00  0.31704E-08  0.00000E+00 -0.39110E-04 -0.14866E+02  0.11941E+03 -0.43585E+02  0.64218E+02 -0.14067E+02 -0.16098E+04 -0.16025E+04 -0.16017E+04  0.00000E+00  0.00000E+00  0.30968E+02  0.50734E+02  0.71496E+01   1825  0.00000E+00      0.000
     633.0000  0.00000E+00  0.44196E+00 -0.67550E-08  0.00000E+00 -0.39114E-04 -0.14866E+02  0.11985E+03 -0.43585E+02  0.64218E+02 -0.14067E+02 -0.16099E+04 -0.16025E+04 -0.16017E+04  0.00000E+00  0.00000E+00  0.30968E+02  0.50734E+02  0.71496E+01   1827  0.00000E+00      0.000
     634.0000  0.00000E+00  0.39624E+00  0.22130E-08  0.00000E+00 -0.39118E-04 -0.14866E+02  0.12024E+03 -0.43585E+02  0.64218E+02 -0.14067E+02 -0.16100E+04 -0.16025E+04 -0.16017E+04  0.00000E+00  0.00000E+00  0.30968E+02  0.50734E+02  0.71496E+01   1829  0.00000E+00      0.000
     635.0000  0.00000E+00  0.31750E+00  0.64471E-08  0.00000E+00 -0.39108E-04 -0.14866E+02  0.12056E+03 -0.43585E+02  0.64218E+02 -0.14067E+02 -0.16102E+04 -0.16025E+04 -0.16017E+04  0.00000E+00  0.00000E+00  0.30968E+02  0.50734E+02  0.71496E+01   1831  0.00000E+00      0.000
     636.0000  0.00000E+00  0.40894E+00  0.12257E-08  0.00000E+00 -0.39117E-04 -0.14866E+02  0.12097E+03 -0.43585E+02  0.64218E+02 -0.14067E+02 -0.16103E+04 -0.16025E+04 -0.16017E+04  0.00000E+00  0.00000E+00  0.30968E+02  0.50734E+02  0.71496E+01   1833  0.00000E+00      0.000
     637.0000  0.00000E+00  0.23368E+00  0.54429E-08  0.00000E+00 -0.39111E-04 -0.14866E+02  0.12120E+03 -0.43585E+02  0.64218E+02 -0.14067E+02 -0.16104E+04 -0.16025E+04 -0.16017E+04  0.00000E+00  0.00000E+00  0.30968E+02  0.50734E+02  0.71496E+01   1835  0.00000E+00      0.000
     638.0000  0.00000E+00  0.31750E+00  0.49292E-08  0.00000E+00 -0.39101E-04 -0.14866E+02  0.12152E+03 -0.43585E+02  0.64218E+02 -0.14067E+02 -0.16106E+04 -0.16025E+04 -0.16017E+04  0.00000E+00  0.00000E+00  0.30968E+02  0.50734E+02  0.71496E+01   1837  0.00000E+00      0.000
     639.0000  0.00000E+00  0.20828E+00 -0.57710E-08  0.00000E+00 -0.39100E-04 -0.14866E+02  0.12173E+03 -0.43585E+02  0.64218E+02 -0.14067E+02 -0.16107E+04 -0.16026E+04 -0.16017E+04  0.00000E+00  0.00000E+00  0.30968E+02  0.50734E+02  0.71496E+01   1839  0.00000E+00      0.000
     640.0000  0.54102E+00  0.00000E+00  0.29333E-01  0.00000E+00 -0.39090E-04 -0.14325E+02  0.12173E+03 -0.43448E+02  0.64218E+02 -0.14067E+02 -0.10000E+07 -0.16983E+04 -0.16017E+04  0.00000E+00  0.00000E+00  0.30831E+02  0.50734E+02  0.72864E+01   1848  0.00000E+00      0.000
     641.0000  0.19304E+00  0.00000E+00  0.17444E-01  0.00000E+00 -0.39114E-04 -0.14132E+02  0.12173E+03 -0.43427E+02  0.64218E+02 -0.14067E+02 -0.10000E+07 -0.17225E+04 -0.16017E+04  0.00000E+00  0.00000E+00  0.30811E+02  0.50734E+02  0.73071E+01   1852  0.00000E+00      0.000
     642.0000  0.17526E+00  0.00000E+00  0.13773E-01  0.00000E+00 -0.39108E-04 -0.13956E+02  0.12173E+03 -0.43413E+02  0.64218E+02 -0.14067E+02 -0.10000E+07 -0.17387E+04 -0.16017E+04  0.00000E+00  0.00000E+00  0.30796E+02  0.50734E+02  0.73215E+01   1854  0.00000E+00      0.000
     643.0000  0.46228E+00  0.00000E+00  0.11476E-01  0.00000E+00 -0.39113E-04 -0.13494E+02  0.12173E+03 -0.43401E+02  0.64218E+02 -0.14067E+02 -0.10000E+07 -0.17517E+04 -0.16017E+04  0.00000E+00  0.00000E+00  0.30784E+02  0.50734E+02  0.73334E+01   1856  0.00000E+00      0.000
     644.0000  0.25400E+00  0.00000E+00  0.99121E-02  0.00000E+00 -0.39108E-04 -0.13240E+02  0.12173E+03 -0.43391E+02  0.64218E+02 -0.14067E+02 -0.10000E+07 -0.17629E+04 -0.16018E+04  0.00000E+00  0.00000E+00  0.30774E+02  0.50734E+02  0.73437E+01   1858  0.00000E+00      0.000
     645.0000  0.22352E+00  0.00000E+00  0.89733E-02  0.00000E+00 -0.39112E-04 -0.13017E+02  0.12173E+03 -0.43381E+02  0.64218E+02 -0.14068E+02 -0.10000E+07 -0.17732E+04 -0.16018E+04  0.00000E+00  0.00000E+00  0.30765E+02  0.50734E+02  0.73529E+01   1860  0.00000E+00      0.000
     646.0000  0.33528E+00  0.00000E+00  0.80952E-02  0.00000E+00 -0.39111E-04 -0.12681E+02  0.12173E+03 -0.43373E+02  0.64218E+02 -0.14068E+02 -0.10000E+07 -0.17815E+04 -0.16018E+04  0.00000E+00  0.00000E+00  0.30756E+02  0.50734E+02  0.73612E+01   1862  0.00000E+00      0.000
     647.0000  0.35306E+00  0.00000E+00  0.74958E-02  0.00000E+00 -0.39106E-04 -0.12328E+02  0.12173E+03 -0.43366E+02  0.64218E+02 -0.14068E+02 -0.10000E+07 -0.17891E+04 -0.16018E+04  0.00000E+00  0.00000E+00  0.30749E+02  0.50734E+02  0.73689E+01   1864  0.00000E+00      0.000
     648.0000  0.27940E+00  0.00000E+00  0.70115E-02  0.00000E+00 -0.39107E-04 -0.12049E+02  0.12173E+03 -0.43358E+02  0.64218E+02 -0.14068E+02 -0.10000E+07 -0.17962E+04 -0.16018E+04  0.00000E+00  0.00000E+00  0.30741E+02  0.50734E+02  0.73760E+01   1866  0.00000E+00      0.000
     649.0000  0.17526E+00  0.00000E+00  0.65931E-02  0.00000E+00 -0.39106E-04 -0.11874E+02  0.12173E+03 -0.43352E+02  0.64218E+02 -0.14068E+02 -0.10000E+07 -0.18027E+04 -0.16018E+04  0.00000E+00  0.00000E+00  0.30735E+02  0.50734E+02  0.73827E+01   1868  0.00000E+00      0.000
     650.0000  0.12954E+00  0.00000E+00  0.62287E-02  0.00000E+00 -0.39096E-04 -0.11744E+02  0.12173E+03 -0.43345E+02  0.64218E+02 -0.14068E+02 -0.10000E+07 -0.18087E+04 -0.16018E+04  0.00000E+00  0.00000E+00  0.30728E+02  0.50734E+02  0.73890E+01   1870  0.00000E+00      0.000
     651.0000  0.14732E+00  0.00000E+00  0.59053E-02  0.00000E+00 -0.39110E-04 -0.11597E+02  0.12173E+03 -0.43339E+02  0.64218E+02 -0.14068E+02 -0.10000E+07 -0.18143E+04 -0.16018E+04  0.00000E+00  0.00000E+00  0.30722E+02  0.50734E+02  0.73950E+01   1872  0.00000E+00      0.000
     652.0000  0.15494E+00  0.00000E+00  0.56135E-02  0.00000E+00 -0.39105E-04 -0.11442E+02  0.12173E+03 -0.43334E+02  0.64218E+02 -0.14068E+02 -0.10000E+07 -0.18197E+04 -0.16018E+04  0.00000E+00  0.00000E+00  0.30717E+02  0.50734E+02  0.74007E+01   1874  0.00000E+00      0.000
     653.0000  0.30480E+00  0.00000E+00  0.53927E-02  0.00000E+00 -0.39100E-04 -0.11137E+02  0.12173E+03 -0.43328E+02  0.64218E+02 -0.14068E+02 -0.10000E+07 -0.18249E+04 -0.16018E+04  0.00000E+00  0.00000E+00  0.30711E+02  0.50734E+02  0.74061E+01   1876  0.00000E+00      0.000
     654.0000  0.23368E+00  0.00000E+00  0.51905E-02  0.00000E+00 -0.39100E-04 -0.10903E+02  0.12173E+03 -0.43323E+02  0.64218E+02 -0.14068E+02 -0.10000E+07 -0.18295E+04 -0.16018E+04  0.00000E+00  0.00000E+00  0.30706E+02  0.50734E+02  0.74113E+01   1878  0.00000E+00      0.000
     655.0000  0.25908E+00  0.00000E+00  0.50220E-02  0.00000E+00 -0.39105E-04 -0.10644E+02  0.12173E+03 -0.43318E+02  0.64218E+02 -0.14068E+02 -0.10000E+07 -0.18341E+04 -0.16018E+04  0.00000E+00  0.00000E+00  0.30701E+02  0.50734E+02  0.74164E+01   1880  0.00000E+00      0.000
     656.0000  0.13716E+00  0.00000E+00  0.48610E-02  0.00000E+00 -0.39109E-04 -0.10507E+02  0.12173E+03 -0.43313E+02  0.64218E+02 -0.14068E+02 -0.10000E+07 -0.18385E+04 -0.16018E+04  0.00000E+00  0.00000E+00  0.30696E+02  0.50734E+02  0.74213E+01   1882  0.00000E+00      0.000
     657.0000  0.25654E+00  0.00000E+00  0.47041E-02  0.00000E+00 -0.39099E-04 -0.10251E+02  0.12173E+03 -0.43308E+02  0.64218E+02 -0.14068E+02 -0.10000E+07 -0.18430E+04 -0.16018E+04  0.00000E+00  0.00000E+00  0.30691E+02  0.50734E+02  0.74261E+01   1884  0.00000E+00      0.000
     658.0000  0.48768E+00  0.00000E+00  0.45644E-02  0.00000E+00 -0.39103E-04 -0.97629E+01  0.12173E+03 -0.43304E+02  0.64218E+02 -0.14068E+02 -0.10000E+07 -0.18472E+04 -0.16018E+04  0.00000E+00  0.00000E+00  0.30686E+02  0.50734E+02  0.74306E+01   1886  0.00000E+00      0.000
     659.0000  0.40640E+00  0.00000E+00  0.44381E-02  0.00000E+00 -0.39108E-04 -0.93565E+01  0.12173E+03 -0.43299E+02  0.64218E+02 -0.14068E+02 -0.10000E+07 -0.18513E+04 -0.16018E+04  0.00000E+00  0.00000E+00  0.30682E+02  0.50734E+02  0.74351E+01   1888  0.00000E+00      0.000
     660.0000  0.20066E+00  0.00000E+00  0.43221E-02  0.00000E+00 -0.39098E-04 -0.91559E+01  0.12173E+03 -0.43295E+02  0.64218E+02 -0.14068E+02 -0.10000E+07 -0.18552E+04 -0.16018E+04  0.00000E+00  0.00000E+00  0.30677E+02  0.50734E+02  0.74395E+01   1890  0.00000E+00      0.000
     661.0000  0.17272E+00  0.00000E+00  0.42148E-02  0.00000E+00 -0.39109E-04 -0.89832E+01  0.12173E+03 -0.43291E+02  0.64218E+02 -0.14068E+02 -0.10000E+07 -0.18589E+04 -0.16018E+04  0.00000E+00  0.00000E+00  0.30673E+02  0.50734E+02  0.74437E+01   1892  0.00000E+00      0.000
     662.0000  0.25400E+00  0.00000E+00  0.41156E-02  0.00000E+00 -0.39109E-04 -0.87292E+01  0.12173E+03 -0.43287E+02  0.64218E+02 -0.14068E+02 -0.10000E+07 -0.18626E+04 -0.16018E+04  0.00000E+00  0.00000E+00  0.30669E+02  0.50734E+02  0.74479E+01   1894  0.00000E+00      0.000
     663.0000  0.16510E+00  0.00000E+00  0.40236E-02  0.00000E+00 -0.39103E-04 -0.85641E+01  0.12173E+03 -0.43283E+02  0.64218E+02 -0.14068E+02 -0.10000E+07 -0.18661E+04 -0.16018E+04  0.00000E+00  0.00000E+00  0.30665E+02  0.50734E+02  0.74519E+01   1896  0.00000E+00      0.000
     664.0000  0.10668E+00  0.00000E+00  0.39376E-02  0.00000E+00 -0.39093E-04 -0.84574E+01  0.12173E+03 -0.43279E+02  0.64218E+02 -0.14068E+02 -0.10000E+07 -0.18694E+04 -0.16018E+04  0.00000E+00  0.00000E+00  0.30661E+02  0.50734E+02  0.74559E+01   1898  0.00000E+00      0.000
     665.0000  0.27686E+00  0.00000E+00  0.38565E-02  0.00000E+00 -0.39092E-04 -0.81805E+01  0.12173E+03 -0.43275E+02  0.64218E+02 -0.14068E+02 -0.10000E+07 -0.18727E+04 -0.16018E+04  0.00000E+00  0.00000E+00  0.30657E+02  0.50734E+02  0.74597E+01   1900  0.00000E+00      0.000
     666.0000  0.32766E+00  0.00000E+00  0.37797E-02  0.00000E+00 -0.39107E-04 -0.78529E+01  0.12173E+03 -0.43271E+02  0.64218E+02 -0.14068E+02 -0.10000E+07 -0.18759E+04 -0.16018E+04  0.00000E+00  0.00000E+00  0.30653E+02  0.50734E+02  0.74635E+01   1902  0.00000E+00      0.000
     667.0000  0.21336E+00  0.00000E+00  0.37061E-02  0.00000E+00 -0.39098E-04 -0.76395E+01  0.12173E+03 -0.43267E+02  0.64218E+02 -0.14068E+02 -0.10000E+07 -0.18790E+04 -0.16018E+04  0.00000E+00  0.00000E+00  0.30649E+02  0.50734E+02  0.74673E+01   1904  0.00000E+00      0.000
     668.0000  0.81280E-01  0.00000E+00  0.36355E-02  0.00000E+00 -0.39102E-04 -0.75582E+01  0.12173E+03 -0.43263E+02  0.64218E+02 -0.14068E+02 -0.10000E+07 -0.18821E+04 -0.16018E+04  0.00000E+00  0.00000E+00  0.30646E+02  0.50734E+02  0.74709E+01   1906  0.00000E+00      0.000
     669.0000  0.17526E+00  0.00000E+00  0.35676E-02  0.00000E+00 -0.39102E-04 -0.73830E+01  0.12173E+03 -0.43260E+02  0.64218E+02 -0.14068E+02 -0.10000E+07 -0.18851E+04 -0.16018E+04  0.00000E+00  0.00000E+00  0.30642E+02  0.50734E+02  0.74745E+01   1908  0.00000E+00      0.000
     670.0000  0.14732E+00  0.00000E+00  0.35021E-02  0.00000E+00 -0.39097E-04 -0.72356E+01  0.12173E+03 -0.43256E+02  0.64218E+02 -0.14068E+02 -0.10000E+07 -0.18881E+04 -0.16018E+04  0.00000E+00  0.00000E+00  0.30639E+02  0.50734E+02  0.74780E+01   1910  0.00000E+00      0.000
     671.0000  0.17018E+00  0.00000E+00  0.34388E-02  0.00000E+00 -0.39097E-04 -0.70655E+01  0.12173E+03 -0.43253E+02  0.64218E+02 -0.14069E+02 -0.10000E+07 -0.18910E+04 -0.16018E+04  0.00000E+00  0.00000E+00  0.30635E+02  0.50734E+02  0.74815E+01   1912  0.00000E+00      0.000
     672.0000  0.21082E+00  0.00000E+00  0.33777E-02  0.00000E+00 -0.39092E-04 -0.68546E+01  0.12173E+03 -0.43250E+02  0.64218E+02 -0.14069E+02 -0.10000E+07 -0.18938E+04 -0.16018E+04  0.00000E+00  0.00000E+00  0.30632E+02  0.50734E+02  0.74849E+01   1914  0.00000E+00      0.000
     673.0000  0.10160E+00  0.00000E+00  0.33186E-02  0.00000E+00 -0.39097E-04 -0.67530E+01  0.12173E+03 -0.43246E+02  0.64218E+02 -0.14069E+02 -0.10000E+07 -0.18966E+04 -0.16018E+04  0.00000E+00  0.00000E+00  0.30628E+02  0.50734E+02  0.74882E+01   1916  0.00000E+00      0.000
     674.0000  0.21844E+00  0.00000E+00  0.32613E-02  0.00000E+00 -0.39092E-04 -0.65346E+01  0.12173E+03 -0.43243E+02  0.64218E+02 -0.14069E+02 -0.10000E+07 -0.18993E+04 -0.16018E+04  0.00000E+00  0.00000E+00  0.30625E+02  0.50734E+02  0.74915E+01   1918  0.00000E+00      0.000
     675.0000  0.78740E-01  0.00000E+00  0.32058E-02  0.00000E+00 -0.39093E-04 -0.64559E+01  0.12173E+03 -0.43240E+02  0.64218E+02 -0.14069E+02 -0.10000E+07 -0.19020E+04 -0.16018E+04  0.00000E+00  0.00000E+00  0.30622E+02  0.50734E+02  0.74947E+01   1920  0.00000E+00      0.000
     676.0000  0.15240E+00  0.00000E+00  0.31519E-02  0.00000E+00 -0.39103E-04 -0.63035E+01  0.12173E+03 -0.43237E+02  0.64218E+02 -0.14069E+02 -0.10000E+07 -0.19047E+04 -0.16018E+04  0.00000E+00  0.00000E+00  0.30618E+02  0.50734E+02  0.74979E+01   1922  0.00000E+00      0.000
     677.0000  0.28702E+00  0.00000E+00  0.31078E-02  0.00000E+00 -0.39097E-04 -0.60164E+01  0.12173E+03 -0.43233E+02  0.64218E+02 -0.14069E+02 -0.10000E+07 -0.19073E+04 -0.16018E+04  0.00000E+00  0.00000E+00  0.30615E+02  0.50734E+02  0.75010E+01   1924  0.00000E+00      0.000
     678.0000  0.25146E+00  0.00000E+00  0.30696E-02  0.00000E+00 -0.39107E-04 -0.57650E+01  0.12173E+03 -0.43230E+02  0.64218E+02 -0.14069E+02 -0.10000E+07 -0.19097E+04 -0.16018E+04  0.00000E+00  0.00000E+00  0.30612E+02  0.50734E+02  0.75040E+01   1926  0.00000E+00      0.000
     679.0000  0.11176E+00  0.00000E+00  0.30341E-02  0.00000E+00 -0.39106E-04 -0.56532E+01  0.12173E+03 -0.43227E+02  0.64218E+02 -0.14069E+02 -0.10000E+07 -0.19121E+04 -0.16018E+04  0.00000E+00  0.00000E+00  0.30609E+02  0.50734E+02  0.75071E+01   1928  0.00000E+00      0.000
     680.0000  0.10414E+00  0.00000E+00  0.29992E-02  0.00000E+00 -0.39102E-04 -0.55491E+01  0.12173E+03 -0.43224E+02  0.64218E+02 -0.14069E+02 -0.10000E+07 -0.19146E+04 -0.16018E+04  0.00000E+00  0.00000E+00  0.30606E+02  0.50734E+02  0.75101E+01   1930  0.00000E+00      0.000
     681.0000  0.18542E+00  0.00000E+00  0.29644E-02  0.00000E+00 -0.39106E-04 -0.53637E+01  0.12173E+03 -0.43221E+02  0.64218E+02 -0.14069E+02 -0.10000E+07 -0.19170E+04 -0.16018E+04  0.00000E+00  0.00000E+00  0.30603E+02  0.50734E+02  0.75131E+01   1932  0.00000E+00      0.000
     682.0000  0.18288E+00  0.00000E+00  0.29293E-02  0.00000E+00 -0.39102E-04 -0.51808E+01  0.12173E+03 -0.43218E+02  0.64218E+02 -0.14069E+02 -0.10000E+07 -0.19194E+04 -0.16018E+04  0.00000E+00  0.00000E+00  0.30600E+02  0.50734E+02  0.75160E+01   1934  0.00000E+00      0.000
     683.0000  0.27940E+00  0.00000E+00  0.28940E-02  0.00000E+00 -0.39096E-04 -0.49014E+01  0.12173E+03 -0.43215E+02  0.64218E+02 -0.14069E+02 -0.10000E+07 -0.19219E+04 -0.16018E+04  0.00000E+00  0.00000E+00  0.30597E+02  0.50734E+02  0.75189E+01   1936  0.00000E+00      0.000
     684.0000  0.24130E+00  0.00000E+00  0.28586E-02  0.00000E+00 -0.39091E-04 -0.46601E+01  0.12173E+03 -0.43213E+02  0.64218E+02 -0.14069E+02 -0.10000E+07 -0.19243E+04 -0.16018E+04  0.00000E+00  0.00000E+00  0.30594E+02  0.50734E+02  0.75218E+01   1938  0.00000E+00      0.000
     685.0000  0.68580E-01  0.00000E+00  0.28231E-02  0.00000E+00 -0.39096E-04 -0.45915E+01  0.12173E+03 -0.43210E+02  0.64218E+02 -0.14069E+02 -0.10000E+07 -0.19267E+04 -0.16018E+04  0.00000E+00  0.00000E+00  0.30591E+02  0.50734E+02  0.75246E+01   1940  0.00000E+00      0.000
     686.0000  0.14986E+00  0.00000E+00  0.27880E-02  0.00000E+00 -0.39091E-04 -0.44416E+01  0.12173E+03 -0.43207E+02  0.64218E+02 -0.14069E+02 -0.10000E+07 -0.19292E+04 -0.16018E+04  0.00000E+00  0.00000E+00  0.30588E+02  0.50734E+02  0.75274E+01   1942  0.00000E+00      0.000
     687.0000  0.31750E+00  0.00000E+00  0.27540E-02  0.00000E+00 -0.39100E-04 -0.41241E+01  0.12173E+03 -0.43204E+02  0.64218E+02 -0.14069E+02 -0.10000E+07 -0.19316E+04 -0.16018E+04  0.00000E+00  0.00000E+00  0.30586E+02  0.50734E+02  0.75302E+01   1944  0.00000E+00      0.000
     688.0000  0.13462E+00  0.00000E+00  0.27225E-02  0.00000E+00 -0.39096E-04 -0.39895E+01  0.12173E+03 -0.43201E+02  0.64218E+02 -0.14069E+02 -0.10000E+07 -0.19339E+04 -0.16018E+04  0.00000E+00  0.00000E+00  0.30583E+02  0.50734E+02  0.75329E+01   1946  0.00000E+00      0.000
     689.0000  0.40640E-01  0.00000E+00  0.26932E-02  0.00000E+00 -0.39101E-04 -0.39489E+01  0.12173E+03 -0.43199E+02  0.64218E+02 -0.14069E+02 -0.10000E+07 -0.19361E+04 -0.16018E+04  0.00000E+00  0.00000E+00  0.30580E+02  0.50734E+02  0.75356E+01   1948  0.00000E+00      0.000
     690.0000  0.30480E-01  0.00000E+00  0.26658E-02  0.00000E+00 -0.39096E-04 -0.39184E+01  0.12173E+03 -0.43196E+02  0.64218E+02 -0.14069E+02 -0.10000E+07 -0.19383E+04 -0.16018E+04  0.00000E+00  0.00000E+00  0.30577E+02  0.50734E+02  0.75383E+01   1950  0.00000E+00      0.000
     691.0000  0.40640E-01  0.00000E+00  0.26398E-02  0.00000E+00 -0.39092E-04 -0.38778E+01  0.12173E+03 -0.43193E+02  0.64218E+02 -0.14069E+02 -0.10000E+07 -0.19405E+04 -0.16018E+04  0.00000E+00  0.00000E+00  0.30575E+02  0.50734E+02  0.75409E+01   1952  0.00000E+00      0.000
     692.0000  0.12700E-01  0.00000E+00  0.26150E-02  0.00000E+00 -0.39096E-04 -0.38651E+01  0.12173E+03 -0.43191E+02  0.64218E+02 -0.14069E+02 -0.10000E+07 -0.19425E+04 -0.16018E+04  0.00000E+00  0.00000E+00  0.30572E+02  0.50734E+02  0.75435E+01   1954  0.00000E+00      0.000
     693.0000  0.20320E-01  0.00000E+00  0.25909E-02  0.00000E+00 -0.39101E-04 -0.38447E+01  0.12173E+03 -0.43188E+02  0.64218E+02 -0.14069E+02 -0.10000E+07 -0.19446E+04 -0.16018E+04  0.00000E+00  0.00000E+00  0.30569E+02  0.50734E+02  0.75461E+01   1956  0.00000E+00      0.000
     694.0000  0.17780E-01  0.00000E+00  0.25675E-02  0.00000E+00 -0.39110E-04 -0.38270E+01  0.12173E+03 -0.43186E+02  0.64218E+02 -0.14069E+02 -0.10000E+07 -0.19467E+04 -0.16018E+04  0.00000E+00  0.00000E+00  0.30567E+02  0.50734E+02  0.75487E+01   1958  0.00000E+00      0.000
     695.0000  0.17780E-01  0.00000E+00  0.25446E-02  0.00000E+00 -0.39101E-04 -0.38092E+01  0.12173E+03 -0.43183E+02  0.64218E+02 -0.14069E+02 -0.10000E+07 -0.19487E+04 -0.16018E+04  0.00000E+00  0.00000E+00  0.30564E+02  0.50734E+02  0.75513E+01   1960  0.00000E+00      0.000
     696.0000  0.76200E-01  0.00000E+00  0.25221E-02  0.00000E+00 -0.39096E-04 -0.37330E+01  0.12173E+03 -0.43181E+02  0.64218E+02 -0.14070E+02 -0.10000E+07 -0.19507E+04 -0.16018E+04  0.00000E+00  0.00000E+00  0.30562E+02  0.50734E+02  0.75538E+01   1962  0.00000E+00      0.000
     697.0000  0.22860E-01  0.00000E+00  0.25002E-02  0.00000E+00 -0.39106E-04 -0.37101E+01  0.12173E+03 -0.43178E+02  0.64218E+02 -0.14070E+02 -0.10000E+07 -0.19527E+04 -0.16018E+04  0.00000E+00  0.00000E+00  0.30559E+02  0.50734E+02  0.75563E+01   1964  0.00000E+00      0.000
     698.0000  0.40640E-01  0.00000E+00  0.24789E-02  0.00000E+00 -0.39101E-04 -0.36695E+01  0.12173E+03 -0.43176E+02  0.64218E+02 -0.14070E+02 -0.10000E+07 -0.19547E+04 -0.16018E+04  0.00000E+00  0.00000E+00  0.30557E+02  0.50734E+02  0.75588E+01   1966  0.00000E+00      0.000
     699.0000  0.17780E-01  0.00000E+00  0.24583E-02  0.00000E+00 -0.39091E-04 -0.36517E+01  0.12173E+03 -0.43173E+02  0.64218E+02 -0.14070E+02 -0.10000E+07 -0.19567E+04 -0.16018E+04  0.00000E+00  0.00000E+00  0.30554E+02  0.50734E+02  0.75612E+01   1968  0.00000E+00      0.000
     700.0000  0.11938E+00  0.00000E+00  0.24384E-02  0.00000E+00 -0.39101E-04 -0.35323E+01  0.12173E+03 -0.43171E+02  0.64218E+02 -0.14070E+02 -0.10000E+07 -0.19586E+04 -0.16018E+04  0.00000E+00  0.00000E+00  0.30552E+02  0.50734E+02  0.75637E+01   1970  0.00000E+00      0.000
     701.0000  0.33020E-01  0.00000E+00  0.24191E-02  0.00000E+00 -0.39105E-04 -0.34993E+01  0.12173E+03 -0.43168E+02  0.64218E+02 -0.14070E+02 -0.10000E+07 -0.19605E+04 -0.16018E+04  0.00000E+00  0.00000E+00  0.30549E+02  0.50734E+02  0.75661E+01   1972  0.00000E+00      0.000
     702.0000  0.81280E-01  0.00000E+00  0.24004E-02  0.00000E+00 -0.39106E-04 -0.34180E+01  0.12173E+03 -0.43166E+02  0.64218E+02 -0.14070E+02 -0.10000E+07 -0.19623E+04 -0.16018E+04  0.00000E+00  0.00000E+00  0.30547E+02  0.50734E+02  0.75685E+01   1974  0.00000E+00      0.000
     703.0000  0.15748E+00  0.00000E+00  0.23823E-02  0.00000E+00 -0.39106E-04 -0.32605E+01  0.12173E+03 -0.43163E+02  0.64218E+02 -0.14070E+02 -0.10000E+07 -0.19642E+04 -0.16018E+04  0.00000E+00  0.00000E+00  0.30544E+02  0.50734E+02  0.75709E+01   1976  0.00000E+00      0.000
     704.0000  0.48260E-01  0.00000E+00  0.23646E-02  0.00000E+00 -0.39100E-04 -0.32123E+01  0.12173E+03 -0.43161E+02  0.64218E+02 -0.14070E+02 -0.10000E+07 -0.19660E+04 -0.16018E+04  0.00000E+00  0.00000E+00  0.30542E+02  0.50734E+02  0.75733E+01   1978  0.00000E+00      0.000
     705.0000  0.18034E+00  0.00000E+00  0.23473E-02  0.00000E+00 -0.39105E-04 -0.30319E+01  0.12173E+03 -0.43159E+02  0.64218E+02 -0.14070E+02 -0.10000E+07 -0.19678E+04 -0.16018E+04  0.00000E+00  0.00000E+00  0.30540E+02  0.50734E+02  0.75756E+01   1980  0.00000E+00      0.000
     706.0000  0.28956E+00  0.00000E+00  0.23303E-02  0.00000E+00 -0.39096E-04 -0.27424E+01  0.12173E+03 -0.43156E+02  0.64218E+02 -0.14070E+02 -0.10000E+07 -0.19696E+04 -0.16019E+04  0.00000E+00  0.00000E+00  0.30537E+02  0.50734E+02  0.75780E+01   1982  0.00000E+00      0.000
     707.0000  0.36576E+00  0.00000E+00  0.23137E-02  0.00000E+00 -0.39101E-04 -0.23766E+01  0.12173E+03 -0.43154E+02  0.64218E+02 -0.14070E+02 -0.10000E+07 -0.19713E+04 -0.16019E+04  0.00000E+00  0.00000E+00  0.30535E+02  0.50734E+02  0.75803E+01   1984  0.00000E+00      0.000
     708.0000  0.12954E+00  0.00000E+00  0.22973E-02  0.00000E+00 -0.39100E-04 -0.22471E+01  0.12173E+03 -0.43152E+02  0.64218E+02 -0.14070E+02 -0.10000E+07 -0.19731E+04 -0.16019E+04  0.00000E+00  0.00000E+00  0.30532E+02  0.50734E+02  0.75826E+01   1986  0.00000E+00      0.000
     709.0000  0.58420E-01  0.00000E+00  0.22811E-02  0.00000E+00 -0.39105E-04 -0.21887E+01  0.12173E+03 -0.43150E+02  0.64218E+02 -0.14070E+02 -0.10000E+07 -0.19748E+04 -0.16019E+04  0.00000E+00  0.00000E+00  0.30530E+02  0.50734E+02  0.75849E+01   1988  0.00000E+00      0.000
     710.0000  0.68580E-01  0.00000E+00  0.22652E-02  0.00000E+00 -0.39095E-04 -0.21201E+01  0.12173E+03 -0.43147E+02  0.64218E+02 -0.14070E+02 -0.10000E+07 -0.19765E+04 -0.16019E+04  0.00000E+00  0.00000E+00  0.30528E+02  0.50734E+02  0.75871E+01   1990  0.00000E+00      0.000
     711.0000  0.10668E+00  0.00000E+00  0.22495E-02  0.00000E+00 -0.39101E-04 -0.20134E+01  0.12173E+03 -0.43145E+02  0.64218E+02 -0.14070E+02 -0.10000E+07 -0.19782E+04 -0.16019E+04  0.00000E+00  0.00000E+00  0.30526E+02  0.50734E+02  0.75894E+01   1992  0.00000E+00      0.000
     712.0000  0.55880E-01  0.00000E+00  0.22340E-02  0.00000E+00 -0.39091E-04 -0.19575E+01  0.12173E+03 -0.43143E+02  0.64218E+02 -0.14070E+02 -0.10000E+07 -0.19799E+04 -0.16019E+04  0.00000E+00  0.00000E+00  0.30523E+02  0.50734E+02  0.75916E+01   1994  0.00000E+00      0.000
     713.0000  0.13462E+00  0.00000E+00  0.22186E-02  0.00000E+00 -0.39106E-04 -0.18229E+01  0.12173E+03 -0.43141E+02  0.64218E+02 -0.14070E+02 -0.10000E+07 -0.19816E+04 -0.16019E+04  0.00000E+00  0.00000E+00  0.30521E+02  0.50734E+02  0.75938E+01   1996  0.00000E+00      0.000
     714.0000  0.18542E+00  0.00000E+00  0.22033E-02  0.00000E+00 -0.39091E-04 -0.16375E+01  0.12173E+03 -0.43138E+02  0.64218E+02 -0.14070E+02 -0.10000E+07 -0.19833E+04 -0.16019E+04  0.00000E+00  0.00000E+00  0.30519E+02  0.50734E+02  0.75961E+01   1998  0.00000E+00      0.000
     715.0000  0.10922E+00  0.00000E+00  0.21882E-02  0.00000E+00 -0.39101E-04 -0.15283E+01  0.12173E+03 -0.43136E+02  0.64218E+02 -0.14070E+02 -0.10000E+07 -0.19850E+04 -0.16019E+04  0.00000E+00  0.00000E+00  0.30517E+02  0.50734E+02  0.75982E+01   2000  0.00000E+00      0.000
     716.0000  0.58420E-01  0.00000E+00  0.21732E-02  0.00000E+00 -0.39100E-04 -0.14698E+01  0.12173E+03 -0.43134E+02  0.64218E+02 -0.14070E+02 -0.10000E+07 -0.19867E+04 -0.16019E+04  0.00000E+00  0.00000E+00  0.30514E+02  0.50734E+02  0.76004E+01   2002  0.00000E+00      0.000
     717.0000  0.20320E-01  0.00000E+00  0.21584E-02  0.00000E+00 -0.39100E-04 -0.14495E+01  0.12173E+03 -0.43132E+02  0.64218E+02 -0.14070E+02 -0.10000E+07 -0.19884E+04 -0.16019E+04  0.00000E+00  0.00000E+00  0.30512E+02  0.50734E+02  0.76026E+01   2004  0.00000E+00      0.000
     718.0000  0.17272E+00  0.00000E+00  0.21437E-02  0.00000E+00 -0.39096E-04 -0.12768E+01  0.12173E+03 -0.43130E+02  0.64218E+02 -0.14070E+02 -0.10000E+07 -0.19901E+04 -0.16019E+04  0.00000E+00  0.00000E+00  0.30510E+02  0.50734E+02  0.76047E+01   2006  0.00000E+00      0.000
     719.0000  0.12192E+00  0.00000E+00  0.21291E-02  0.00000E+00 -0.39101E-04 -0.11549E+01  0.12173E+03 -0.43128E+02  0.64218E+02 -0.14070E+02 -0.10000E+07 -0.19917E+04 -0.16019E+04  0.00000E+00  0.00000E+00  0.30508E+02  0.50734E+02  0.76069E+01   2008  0.00000E+00      0.000
     720.0000  0.21844E+00  0.00000E+00  0.21147E-02  0.00000E+00 -0.39090E-04 -0.93643E+00  0.12173E+03 -0.43125E+02  0.64218E+02 -0.14070E+02 -0.10000E+07 -0.19934E+04 -0.16019E+04  0.00000E+00  0.00000E+00  0.30506E+02  0.50734E+02  0.76090E+01   2010  0.00000E+00      0.000
     721.0000  0.25146E+00  0.00000E+00  0.21005E-02  0.00000E+00 -0.39095E-04 -0.68497E+00  0.12173E+03 -0.43123E+02  0.64218E+02 -0.14070E+02 -0.10000E+07 -0.19950E+04 -0.16019E+04  0.00000E+00  0.00000E+00  0.30503E+02  0.50734E+02  0.76111E+01   2012  0.00000E+00      0.000
     722.0000  0.17272E+00  0.00000E+00  0.20865E-02  0.00000E+00 -0.39101E-04 -0.51225E+00  0.12173E+03 -0.43121E+02  0.64218E+02 -0.14071E+02 -0.10000E+07 -0.19966E+04 -0.16019E+04  0.00000E+00  0.00000E+00  0.30501E+02  0.50734E+02  0.76132E+01   2014  0.00000E+00      0.000
     723.0000  0.19812E+00  0.00000E+00  0.20726E-02  0.00000E+00 -0.39100E-04 -0.31413E+00  0.12173E+03 -0.43119E+02  0.64218E+02 -0.14071E+02 -0.10000E+07 -0.19982E+04 -0.16019E+04  0.00000E+00  0.00000E+00  0.30499E+02  0.50734E+02  0.76153E+01   2016  0.00000E+00      0.000
     724.0000  0.18796E+00  0.00000E+00  0.20589E-02  0.00000E+00 -0.39090E-04 -0.12617E+00  0.12173E+03 -0.43117E+02  0.64218E+02 -0.14071E+02 -0.10000E+07 -0.19998E+04 -0.16019E+04  0.00000E+00  0.00000E+00  0.30497E+02  0.50734E+02  0.76173E+01   2018  0.00000E+00      0.000
     725.0000  0.20320E+00  0.00000E+00  0.20454E-02  0.00000E+00 -0.39096E-04  0.77026E-01  0.12173E+03 -0.43115E+02  0.64218E+02 -0.14071E+02 -0.10000E+07 -0.20014E+04 -0.16019E+04  0.00000E+00  0.00000E+00  0.30495E+02  0.50734E+02  0.76194E+01   2020  0.00000E+00      0.000
     726.0000  0.21844E+00  0.00000E+00  0.20321E-02  0.00000E+00 -0.39100E-04  0.29547E+00  0.12173E+03 -0.43113E+02  0.64218E+02 -0.14071E+02 -0.10000E+07 -0.20029E+04 -0.16019E+04  0.00000E+00  0.00000E+00  0.30493E+02  0.50734E+02  0.76214E+01   2022  0.00000E+00      0.000
     727.0000  0.17526E+00  0.00000E+00  0.20189E-02  0.00000E+00 -0.39100E-04  0.47073E+00  0.12173E+03 -0.43111E+02  0.64218E+02 -0.14071E+02 -0.10000E+07 -0.20045E+04 -0.16019E+04  0.00000E+00  0.00000E+00  0.30491E+02  0.50734E+02  0.76234E+01   2024  0.00000E+00      0.000
     728.0000  0.20574E+00  0.00000E+00  0.20059E-02  0.00000E+00 -0.39096E-04  0.67647E+00  0.12173E+03 -0.43109E+02  0.64218E+02 -0.14071E+02 -0.10000E+07 -0.20060E+04 -0.16019E+04  0.00000E+00  0.00000E+00  0.30489E+02  0.50734E+02  0.76254E+01   2026  0.00000E+00      0.000
     729.0000  0.78740E-01  0.00000E+00  0.19931E-02  0.00000E+00 -0.39095E-04  0.75521E+00  0.12173E+03 -0.43107E+02  0.64218E+02 -0.14071E+02 -0.10000E+07 -0.20076E+04 -0.16019E+04  0.00000E+00  0.00000E+00  0.30487E+02  0.50734E+02  0.76274E+01   2028  0.00000E+00      0.000
     730.0000  0.15240E-01  0.00000E+00  0.19805E-02  0.00000E+00 -0.39100E-04  0.77045E+00  0.12173E+03 -0.43105E+02  0.64218E+02 -0.14071E+02 -0.10000E+07 -0.20091E+04 -0.16019E+04  0.00000E+00  0.00000E+00  0.30485E+02  0.50734E+02  0.76294E+01   2030  0.00000E+00      0.000
     731.0000  0.00000E+00  0.00000E+00 -0.37253E-08  0.00000E+00 -0.39100E-04  0.77045E+00  0.12173E+03 -0.43105E+02  0.64218E+02 -0.14071E+02 -0.47239E+06 -0.19974E+04 -0.16019E+04  0.00000E+00  0.00000E+00  0.30485E+02  0.50734E+02  0.76294E+01   2032  0.00000E+00      0.000
     732.0000  0.12700E-01  0.00000E+00  0.24008E-02  0.00000E+00 -0.39100E-04  0.78315E+00  0.12173E+03 -0.43102E+02  0.64218E+02 -0.14071E+02 -0.10000E+07 -0.20032E+04 -0.16019E+04  0.00000E+00  0.00000E+00  0.30481E+02  0.50734E+02  0.76328E+01   2034  0.00000E+00      0.000
     733.0000  0.12700E-01  0.00000E+00  0.20888E-02  0.00000E+00 -0.39100E-04  0.79585E+00  0.12173E+03 -0.43100E+02  0.64218E+02 -0.14071E+02 -0.10000E+07 -0.20081E+04 -0.16019E+04  0.00000E+00  0.00000E+00  0.30479E+02  0.50734E+02  0.76349E+01   2036  0.00000E+00      0.000
     734.0000  0.12700E-01  0.00000E+00  0.20215E-02  0.00000E+00 -0.39104E-04  0.80855E+00  0.12173E+03 -0.43097E+02  0.64218E+02 -0.14071E+02 -0.10000E+07 -0.20114E+04 -0.16019E+04  0.00000E+00  0.00000E+00  0.30477E+02  0.50734E+02  0.76369E+01   2038  0.00000E+00      0.000
     735.0000  0.10160E-01  0.00000E+00  0.19799E-02  0.00000E+00 -0.39100E-04  0.81871E+00  0.12173E+03 -0.43096E+02  0.64218E+02 -0.14071E+02 -0.10000E+07 -0.20139E+04 -0.16019E+04  0.00000E+00  0.00000E+00  0.30475E+02  0.50734E+02  0.76389E+01   2040  0.00000E+00      0.000
     736.0000  0.50800E-02  0.00000E+00  0.19508E-02  0.00000E+00 -0.39100E-04  0.82379E+00  0.12173E+03 -0.43094E+02  0.64218E+02 -0.14071E+02 -0.10000E+07 -0.20161E+04 -0.16019E+04  0.00000E+00  0.00000E+00  0.30473E+02  0.50734E+02  0.76408E+01   2042  0.00000E+00      0.000
     737.0000  0.15240E-01  0.00000E+00  0.19283E-02  0.00000E+00 -0.39105E-04  0.83903E+00  0.12173E+03 -0.43092E+02  0.64218E+02 -0.14071E+02 -0.10000E+07 -0.20179E+04 -0.16019E+04  0.00000E+00  0.00000E+00  0.30471E+02  0.50734E+02  0.76428E+01   2044  0.00000E+00      0.000
     738.0000  0.71120E-01  0.00000E+00  0.19094E-02  0.00000E+00 -0.39105E-04  0.91015E+00  0.12173E+03 -0.43090E+02  0.64218E+02 -0.14071E+02 -0.10000E+07 -0.20197E+04 -0.16019E+04  0.00000E+00  0.00000E+00  0.30469E+02  0.50734E+02  0.76447E+01   2046  0.00000E+00      0.000
     739.0000  0.10668E+00  0.00000E+00  0.18929E-02  0.00000E+00 -0.39095E-04  0.10168E+01  0.12173E+03 -0.43088E+02  0.64218E+02 -0.14071E+02 -0.10000E+07 -0.20214E+04 -0.16019E+04  0.00000E+00  0.00000E+00  0.30467E+02  0.50734E+02  0.76466E+01   2048  0.00000E+00      0.000
     740.0000  0.66040E-01  0.00000E+00  0.18778E-02  0.00000E+00 -0.39095E-04  0.10829E+01  0.12173E+03 -0.43086E+02  0.64218E+02 -0.14071E+02 -0.10000E+07 -0.20230E+04 -0.16019E+04  0.00000E+00  0.00000E+00  0.30465E+02  0.50734E+02  0.76485E+01   2050  0.00000E+00      0.000
     741.0000  0.19050E+00  0.00000E+00  0.18639E-02  0.00000E+00 -0.39090E-04  0.12734E+01  0.12173E+03 -0.43084E+02  0.64218E+02 -0.14071E+02 -0.10000E+07 -0.20245E+04 -0.16019E+04  0.00000E+00  0.00000E+00  0.30463E+02  0.50734E+02  0.76503E+01   2052  0.00000E+00      0.000
     742.0000  0.45720E-01  0.00000E+00  0.18507E-02  0.00000E+00 -0.39095E-04  0.13191E+01  0.12173E+03 -0.43082E+02  0.64218E+02 -0.14071E+02 -0.10000E+07 -0.20260E+04 -0.16019E+04  0.00000E+00  0.00000E+00  0.30462E+02  0.50734E+02  0.76522E+01   2054  0.00000E+00      0.000
     743.0000  0.22860E-01  0.00000E+00  0.18381E-02  0.00000E+00 -0.39099E-04  0.13419E+01  0.12173E+03 -0.43080E+02  0.64218E+02 -0.14071E+02 -0.10000E+07 -0.20275E+04 -0.16019E+04  0.00000E+00  0.00000E+00  0.30460E+02  0.50734E+02  0.76540E+01   2056  0.00000E+00      0.000
     744.0000  0.55880E-01  0.00000E+00  0.18260E-02  0.00000E+00 -0.39100E-04  0.13978E+01  0.12173E+03 -0.43079E+02  0.64218E+02 -0.14071E+02 -0.10000E+07 -0.20290E+04 -0.16019E+04  0.00000E+00  0.00000E+00  0.30458E+02  0.50734E+02  0.76559E+01   2058  0.00000E+00      0.000
     745.0000  0.10668E+00  0.00000E+00  0.18142E-02  0.00000E+00 -0.39095E-04  0.15045E+01  0.12173E+03 -0.43077E+02  0.64218E+02 -0.14071E+02 -0.10000E+07 -0.20304E+04 -0.16019E+04  0.00000E+00  0.00000E+00  0.30456E+02  0.50734E+02  0.76577E+01   2060  0.00000E+00      0.000
     746.0000  0.12700E+00  0.00000E+00  0.18035E-02  0.00000E+00 -0.39109E-04  0.16315E+01  0.12173E+03 -0.43075E+02  0.64218E+02 -0.14071E+02 -0.10000E+07 -0.20318E+04 -0.16019E+04  0.00000E+00  0.00000E+00  0.30454E+02  0.50734E+02  0.76595E+01   2062  0.00000E+00      0.000
     747.0000  0.20574E+00  0.00000E+00  0.17936E-02  0.00000E+00 -0.39104E-04  0.18372E+01  0.12173E+03 -0.43073E+02  0.64218E+02 -0.14071E+02 -0.10000E+07 -0.20332E+04 -0.16019E+04  0.00000E+00  0.00000E+00  0.30452E+02  0.50734E+02  0.76613E+01   2064  0.00000E+00      0.000
     748.0000  0.40640E-01  0.00000E+00  0.17844E-02  0.00000E+00 -0.39095E-04  0.18779E+01  0.12173E+03 -0.43071E+02  0.64218E+02 -0.14072E+02 -0.10000E+07 -0.20346E+04 -0.16019E+04  0.00000E+00  0.00000E+00  0.30450E+02  0.50734E+02  0.76631E+01   2066  0.00000E+00      0.000
     749.0000  0.20320E-01  0.00000E+00  0.17754E-02  0.00000E+00 -0.39094E-04  0.18982E+01  0.12173E+03 -0.43070E+02  0.64218E+02 -0.14072E+02 -0.10000E+07 -0.20359E+04 -0.16019E+04  0.00000E+00  0.00000E+00  0.30449E+02  0.50734E+02  0.76648E+01   2068  0.00000E+00      0.000
     750.0000  0.17780E-01  0.00000E+00  0.17666E-02  0.00000E+00 -0.39099E-04  0.19160E+01  0.12173E+03 -0.43068E+02  0.64218E+02 -0.14072E+02 -0.10000E+07 -0.20372E+04 -0.16019E+04  0.00000E+00  0.00000E+00  0.30447E+02  0.50734E+02  0.76666E+01   2070  0.00000E+00      0.000
     751.0000  0.55880E-01  0.00000E+00  0.17579E-02  0.00000E+00 -0.39095E-04  0.19719E+01  0.12173E+03 -0.43066E+02  0.64218E+02 -0.14072E+02 -0.10000E+07 -0.20386E+04 -0.16019E+04  0.00000E+00  0.00000E+00  0.30445E+02  0.50734E+02  0.76684E+01   2072  0.00000E+00      0.000
     752.0000  0.14986E+00  0.00000E+00  0.17492E-02  0.00000E+00 -0.39090E-04  0.21217E+01  0.12173E+03 -0.43064E+02  0.64218E+02 -0.14072E+02 -0.10000E+07 -0.20399E+04 -0.16019E+04  0.00000E+00  0.00000E+00  0.30443E+02  0.50734E+02  0.76701E+01   2074  0.00000E+00      0.000
     753.0000  0.45720E-01  0.00000E+00  0.17406E-02  0.00000E+00 -0.39090E-04  0.21674E+01  0.12173E+03 -0.43063E+02  0.64218E+02 -0.14072E+02 -0.10000E+07 -0.20412E+04 -0.16019E+04  0.00000E+00  0.00000E+00  0.30441E+02  0.50734E+02  0.76719E+01   2076  0.00000E+00      0.000
     754.0000  0.15494E+00  0.00000E+00  0.17320E-02  0.00000E+00 -0.39099E-04  0.23224E+01  0.12173E+03 -0.43061E+02  0.64218E+02 -0.14072E+02 -0.10000E+07 -0.20426E+04 -0.16019E+04  0.00000E+00  0.00000E+00  0.30440E+02  0.50734E+02  0.76736E+01   2078  0.00000E+00      0.000
     755.0000  0.27940E-01  0.00000E+00  0.17234E-02  0.00000E+00 -0.39099E-04  0.23503E+01  0.12173E+03 -0.43059E+02  0.64218E+02 -0.14072E+02 -0.10000E+07 -0.20439E+04 -0.16019E+04  0.00000E+00  0.00000E+00  0.30438E+02  0.50734E+02  0.76753E+01   2080  0.00000E+00      0.000
     756.0000  0.33020E-01  0.00000E+00  0.17149E-02  0.00000E+00 -0.39104E-04  0.23833E+01  0.12173E+03 -0.43057E+02  0.64218E+02 -0.14072E+02 -0.10000E+07 -0.20452E+04 -0.16019E+04  0.00000E+00  0.00000E+00  0.30436E+02  0.50734E+02  0.76770E+01   2082  0.00000E+00      0.000
end
